"time (days)"	"Fluoresence intensity (a.u.) 1000 nM JB6"	"Fluoresence intensity (a.u.) 1000 nM JB6"	"Fluoresence intensity (a.u.) 1000 nM JB6"	"Fluoresence intensity (a.u.) 1000 nM JB6"	"Fluoresence intensity (a.u.) 1000 nM JB6"	"Fluoresence intensity (a.u.) 1000 nM JB6"	"Fluoresence intensity (a.u.) 1000 nM JB6"	"Fluoresence intensity (a.u.) 300 nM"	"Fluoresence intensity (a.u.) 300 nM"	"Fluoresence intensity (a.u.) 300 nM"	"Fluoresence intensity (a.u.) 300 nM"	"Fluoresence intensity (a.u.) 300 nM"	"Fluoresence intensity (a.u.) 300 nM"	"Fluoresence intensity (a.u.) 300 nM"	"Fluoresence intensity (a.u.) 150 nM"	"Fluoresence intensity (a.u.) 150 nM"	"Fluoresence intensity (a.u.) 150 nM"	"Fluoresence intensity (a.u.) 150 nM"	"Fluoresence intensity (a.u.) 150 nM"	"Fluoresence intensity (a.u.) 150 nM"	"Fluoresence intensity (a.u.) 150 nM"	"Fluoresence intensity (a.u.) 50 nM"	"Fluoresence intensity (a.u.) 50 nM"	"Fluoresence intensity (a.u.) 50 nM"	"Fluoresence intensity (a.u.) 50 nM"	"Fluoresence intensity (a.u.) 50 nM"	"Fluoresence intensity (a.u.) 50 nM"	"Fluoresence intensity (a.u.) 50 nM"	"Fluoresence intensity (a.u.) 0 nM"	"Fluoresence intensity (a.u.) 0 nM"	"Fluoresence intensity (a.u.) 0 nM"	"Fluoresence intensity (a.u.) 0 nM"	"Fluoresence intensity (a.u.) 0 nM"	"Fluoresence intensity (a.u.) 0 nM"	"Fluoresence intensity (a.u.) 0 nM"
0.000	0.376	0.388	0.391	0.392	0.399			0.362	0.375	0.375	0.377	0.376			0.403	0.410	0.416	0.423	0.425			0.439	0.459	0.463	0.462	0.467			0.591	0.626	0.619	0.626	0.636	0.653	0.661
0.009	0.360	0.374	0.375	0.375	0.381			0.347	0.357	0.354	0.359	0.357			0.386	0.393	0.397	0.405	0.404			0.440	0.460	0.464	0.462	0.465			0.620	0.662	0.656	0.671	0.682	0.706	0.713
0.018	0.359	0.368	0.371	0.370	0.377			0.343	0.352	0.353	0.351	0.354			0.386	0.391	0.397	0.404	0.403			0.461	0.465	0.466	0.469	0.462			0.669	0.717	0.710	0.728	0.740	0.765	0.779
0.028	0.359	0.369	0.372	0.373	0.377			0.340	0.351	0.351	0.353	0.354			0.392	0.395	0.400	0.409	0.410			0.469	0.477	0.491	0.480	0.488			0.718	0.778	0.769	0.784	0.801	0.832	0.846
0.037	0.361	0.371	0.377	0.376	0.380			0.345	0.354	0.351	0.354	0.357			0.398	0.395	0.411	0.414	0.416			0.489	0.504	0.510	0.505	0.510			0.765	0.827	0.821	0.844	0.855	0.887	0.905
0.046	0.360	0.374	0.378	0.377	0.380			0.348	0.351	0.355	0.354	0.357			0.402	0.400	0.417	0.422	0.424			0.506	0.520	0.536	0.524	0.538			0.804	0.873	0.869	0.891	0.901	0.938	0.960
0.055	0.364	0.375	0.380	0.376	0.384			0.351	0.356	0.355	0.355	0.360			0.407	0.405	0.419	0.434	0.431			0.521	0.542	0.558	0.546	0.561			0.845	0.913	0.911	0.929	0.949	0.986	1.012
0.065	0.363	0.377	0.377	0.377	0.382			0.347	0.355	0.358	0.363	0.362			0.412	0.410	0.418	0.442	0.433			0.539	0.563	0.584	0.557	0.580			0.883	0.950	0.953	0.975	0.995	1.030	1.060
0.074	0.366	0.378	0.379	0.379	0.383			0.347	0.359	0.360	0.362	0.360			0.413	0.409	0.423	0.449	0.427			0.555	0.577	0.610	0.583	0.604			0.917	0.986	0.991	1.011	1.022	1.071	1.096
0.083	0.368	0.378	0.382	0.379	0.385			0.346	0.357	0.360	0.364	0.368			0.422	0.411	0.432	0.451	0.425			0.571	0.596	0.626	0.599	0.624			0.944	1.024	1.024	1.054	1.068	1.111	1.139
0.092	0.370	0.382	0.383	0.383	0.386			0.346	0.361	0.358	0.365	0.369			0.424	0.417	0.436	0.453	0.431			0.588	0.613	0.644	0.620	0.644			0.980	1.058	1.069	1.095	1.104	1.148	1.181
0.102	0.369	0.382	0.382	0.380	0.390			0.347	0.362	0.361	0.366	0.369			0.425	0.422	0.436	0.456	0.443			0.598	0.635	0.669	0.638	0.661			1.007	1.081	1.094	1.121	1.139	1.193	1.227
0.111	0.368	0.385	0.381	0.386	0.389			0.351	0.364	0.365	0.366	0.371			0.430	0.426	0.440	0.461	0.450			0.621	0.647	0.688	0.653	0.677			1.044	1.122	1.123	1.163	1.176	1.226	1.281
0.120	0.372	0.386	0.387	0.386	0.390			0.354	0.365	0.367	0.368	0.374			0.435	0.423	0.438	0.465	0.459			0.633	0.665	0.708	0.666	0.701			1.071	1.160	1.166	1.191	1.217	1.274	1.326
0.129	0.374	0.384	0.389	0.391	0.392			0.352	0.369	0.367	0.370	0.377			0.440	0.428	0.447	0.473	0.467			0.654	0.683	0.729	0.685	0.714			1.090	1.182	1.196	1.239	1.266	1.323	1.381
0.139	0.374	0.386	0.388	0.390	0.396			0.356	0.367	0.370	0.376	0.379			0.443	0.433	0.450	0.479	0.474			0.666	0.699	0.753	0.703	0.732			1.125	1.237	1.246	1.288	1.315	1.373	1.441
0.148	0.375	0.388	0.390	0.392	0.394			0.356	0.371	0.373	0.373	0.382			0.449	0.434	0.454	0.481	0.485			0.684	0.719	0.779	0.725	0.752			1.161	1.267	1.280	1.330	1.359	1.422	1.483
0.157	0.374	0.388	0.392	0.392	0.393			0.361	0.373	0.372	0.377	0.383			0.454	0.440	0.459	0.488	0.499			0.699	0.731	0.800	0.742	0.769			1.190	1.309	1.329	1.386	1.425	1.466	1.553
0.166	0.379	0.390	0.393	0.397	0.395			0.362	0.373	0.372	0.381	0.387			0.463	0.442	0.467	0.500	0.509			0.713	0.755	0.821	0.761	0.789			1.226	1.351	1.381	1.437	1.490	1.520	1.610
0.175	0.378	0.392	0.396	0.397	0.398			0.366	0.374	0.377	0.382	0.386			0.465	0.450	0.471	0.503	0.522			0.730	0.770	0.844	0.785	0.807			1.274	1.408	1.415	1.494	1.538	1.580	1.673
0.185	0.379	0.396	0.397	0.399	0.398			0.365	0.376	0.376	0.384	0.388			0.469	0.452	0.477	0.508	0.534			0.748	0.780	0.874	0.786	0.822			1.316	1.452	1.452	1.540	1.592	1.624	1.713
0.194	0.381	0.396	0.398	0.398	0.402			0.369	0.377	0.376	0.385	0.390			0.478	0.458	0.487	0.521	0.548			0.771	0.807	0.916	0.816	0.850			1.375	1.507	1.505	1.592	1.649	1.667	1.793
0.203	0.381	0.399	0.402	0.396	0.405			0.368	0.382	0.382	0.385	0.391			0.484	0.468	0.494	0.535	0.566			0.787	0.825	0.955	0.834	0.863			1.411	1.552	1.564	1.651	1.709	1.729	1.853
0.212	0.382	0.397	0.400	0.400	0.401			0.371	0.381	0.383	0.386	0.392			0.489	0.475	0.496	0.543	0.583			0.806	0.846	0.992	0.857	0.887			1.473	1.611	1.622	1.704	1.780	1.778	1.920
0.222	0.382	0.398	0.401	0.402	0.406			0.371	0.382	0.381	0.387	0.394			0.505	0.485	0.503	0.557	0.602			0.827	0.874	1.034	0.879	0.909			1.526	1.661	1.668	1.761	1.833	1.844	1.975
0.231	0.386	0.400	0.401	0.401	0.406			0.372	0.384	0.386	0.386	0.395			0.515	0.497	0.515	0.572	0.632			0.855	0.892	1.081	0.903	0.932			1.574	1.709	1.720	1.823	1.902	1.888	2.036
0.240	0.387	0.404	0.405	0.400	0.407			0.372	0.384	0.386	0.388	0.396			0.524	0.508	0.525	0.584	0.661			0.873	0.924	1.133	0.930	0.960			1.637	1.760	1.771	1.890	1.956	1.953	2.102
0.249	0.385	0.400	0.405	0.408	0.411			0.373	0.387	0.389	0.389	0.396			0.534	0.518	0.533	0.597	0.692			0.909	0.958	1.196	0.962	0.990			1.688	1.831	1.822	1.932	2.024	1.991	2.151
0.259	0.389	0.403	0.405	0.406	0.411			0.375	0.387	0.387	0.393	0.402			0.549	0.529	0.549	0.615	0.728			0.937	0.985	1.246	0.996	1.024			1.746	1.879	1.879	1.997	2.064	2.067	2.211
0.268	0.387	0.403	0.407	0.405	0.411			0.377	0.389	0.391	0.393	0.399			0.557	0.540	0.556	0.637	0.768			0.975	1.022	1.298	1.034	1.048			1.811	1.936	1.937	2.045	2.122	2.114	2.269
0.277	0.389	0.408	0.409	0.405	0.412			0.380	0.390	0.390	0.396	0.402			0.575	0.564	0.571	0.671	0.821			1.012	1.072	1.376	1.069	1.091			1.874	1.994	2.002	2.111	2.168	2.169	2.312
0.286	0.392	0.411	0.409	0.409	0.413			0.380	0.389	0.393	0.396	0.404			0.597	0.579	0.588	0.697	0.861			1.057	1.118	1.426	1.119	1.129			1.918	2.053	2.049	2.159	2.220	2.230	2.366
0.296	0.389	0.409	0.411	0.408	0.418			0.382	0.391	0.393	0.397	0.405			0.617	0.599	0.601	0.737	0.922			1.098	1.165	1.497	1.165	1.169			1.979	2.125	2.111	2.222	2.263	2.299	2.403
0.305	0.393	0.414	0.410	0.409	0.418			0.382	0.393	0.390	0.401	0.406			0.642	0.629	0.623	0.777	0.971			1.139	1.217	1.569	1.215	1.211			2.037	2.164	2.156	2.273	2.307	2.341	2.459
0.314	0.393	0.412	0.414	0.410	0.417			0.382	0.392	0.394	0.400	0.411			0.674	0.653	0.647	0.815	1.032			1.202	1.263	1.629	1.267	1.265			2.080	2.237	2.203	2.336	2.363	2.377	2.480
0.323	0.394	0.413	0.413	0.412	0.419			0.385	0.395	0.394	0.399	0.409			0.703	0.686	0.674	0.854	1.096			1.250	1.324	1.701	1.314	1.304			2.129	2.269	2.257	2.369	2.399	2.424	2.523
0.333	0.393	0.414	0.411	0.415	0.418			0.385	0.399	0.397	0.400	0.410			0.741	0.722	0.701	0.903	1.164			1.295	1.384	1.776	1.369	1.359			2.190	2.321	2.306	2.408	2.429	2.453	2.564
0.342	0.397	0.414	0.415	0.414	0.423			0.387	0.396	0.397	0.401	0.414			0.784	0.759	0.741	0.950	1.243			1.363	1.451	1.829	1.426	1.418			2.237	2.373	2.345	2.475	2.461	2.499	2.590
0.351	0.398	0.413	0.419	0.418	0.422			0.386	0.395	0.398	0.403	0.418			0.826	0.800	0.776	1.005	1.312			1.411	1.512	1.893	1.486	1.466			2.291	2.410	2.377	2.503	2.513	2.533	2.612
0.360	0.396	0.416	0.415	0.418	0.422			0.388	0.399	0.401	0.403	0.421			0.874	0.843	0.818	1.060	1.394			1.470	1.573	1.948	1.561	1.531			2.326	2.442	2.415	2.516	2.546	2.558	2.656
0.369	0.397	0.416	0.418	0.418	0.425			0.390	0.399	0.399	0.404	0.421			0.924	0.878	0.864	1.135	1.465			1.539	1.647	2.001	1.604	1.583			2.381	2.461	2.466	2.562	2.568	2.605	2.676
0.379	0.397	0.419	0.421	0.417	0.421			0.388	0.402	0.401	0.404	0.428			0.980	0.927	0.912	1.186	1.538			1.596	1.705	2.063	1.682	1.650			2.415	2.511	2.489	2.586	2.607	2.615	2.709
0.388	0.399	0.416	0.421	0.420	0.423			0.392	0.403	0.401	0.406	0.432			1.041	0.975	0.969	1.264	1.605			1.667	1.764	2.120	1.734	1.710			2.481	2.540	2.540	2.653	2.637	2.671	2.740
0.397	0.400	0.419	0.418	0.420	0.424			0.393	0.402	0.401	0.409	0.439			1.107	1.041	1.024	1.334	1.698			1.741	1.823	2.160	1.815	1.771			2.523	2.584	2.567	2.678	2.666	2.701	2.765
0.406	0.402	0.421	0.424	0.422	0.427			0.397	0.402	0.403	0.407	0.444			1.171	1.087	1.085	1.397	1.781			1.796	1.885	2.204	1.866	1.829			2.544	2.627	2.589	2.696	2.671	2.726	2.801
0.416	0.400	0.420	0.423	0.419	0.428			0.395	0.402	0.404	0.411	0.450			1.238	1.151	1.148	1.461	1.870			1.850	1.948	2.253	1.926	1.885			2.598	2.647	2.611	2.729	2.718	2.758	2.813
0.425	0.402	0.423	0.423	0.422	0.427			0.398	0.403	0.409	0.410	0.462			1.299	1.212	1.216	1.531	1.912			1.914	2.014	2.287	1.984	1.944			2.639	2.664	2.666	2.773	2.736	2.790	2.848
0.434	0.401	0.423	0.423	0.426	0.426			0.397	0.405	0.408	0.414	0.470			1.373	1.270	1.272	1.592	1.986			1.976	2.054	2.323	2.051	2.004			2.668	2.693	2.696	2.802	2.759	2.790	2.860
0.443	0.403	0.425	0.424	0.423	0.428			0.399	0.405	0.404	0.414	0.483			1.445	1.336	1.338	1.663	2.062			2.031	2.128	2.384	2.106	2.037			2.715	2.711	2.719	2.836	2.785	2.841	2.886
0.453	0.403	0.426	0.427	0.425	0.431			0.401	0.407	0.411	0.414	0.502			1.499	1.392	1.411	1.709	2.128			2.088	2.175	2.408	2.169	2.082			2.754	2.749	2.753	2.853	2.811	2.867	2.912
0.462	0.407	0.427	0.427	0.426	0.432			0.402	0.406	0.410	0.419	0.519			1.573	1.454	1.467	1.758	2.205			2.151	2.228	2.442	2.225	2.135			2.776	2.787	2.777	2.859	2.835	2.895	2.945
0.471	0.410	0.430	0.430	0.429	0.433			0.404	0.403	0.413	0.419	0.536			1.644	1.512	1.528	1.825	2.266			2.209	2.271	2.475	2.288	2.168			2.806	2.806	2.807	2.903	2.850	2.896	2.947
0.480	0.404	0.428	0.429	0.427	0.434			0.404	0.408	0.411	0.421	0.567			1.699	1.579	1.601	1.871	2.320			2.265	2.324	2.489	2.344	2.232			2.836	2.831	2.827	2.925	2.871	2.919	2.986
0.490	0.405	0.429	0.427	0.428	0.435			0.408	0.410	0.412	0.421	0.597			1.757	1.635	1.666	1.912	2.371			2.301	2.370	2.527	2.390	2.285			2.862	2.847	2.851	2.937	2.907	2.931	3.003
0.499	0.406	0.428	0.431	0.430	0.438			0.410	0.409	0.411	0.422	0.634			1.824	1.705	1.717	1.962	2.412			2.345	2.406	2.571	2.429	2.333			2.898	2.889	2.870	2.967	2.920	2.961	3.001
0.508	0.410	0.432	0.429	0.430	0.435			0.413	0.410	0.417	0.426	0.676			1.876	1.741	1.774	2.014	2.467			2.392	2.445	2.581	2.477	2.370			2.923	2.900	2.909	2.978	2.916	2.988	3.039
0.517	0.405	0.432	0.433	0.427	0.436			0.415	0.409	0.416	0.427	0.719			1.929	1.799	1.816	2.059	2.508			2.438	2.473	2.632	2.542	2.405			2.945	2.899	2.899	3.001	2.954	3.006	3.053
0.526	0.410	0.434	0.432	0.431	0.434			0.415	0.411	0.420	0.431	0.762			1.987	1.849	1.854	2.101	2.550			2.474	2.521	2.657	2.591	2.442			2.979	2.926	2.959	3.028	2.976	3.025	3.073
0.536	0.408	0.432	0.434	0.432	0.439			0.418	0.413	0.421	0.438	0.807			2.029	1.933	1.907	2.127	2.613			2.519	2.555	2.695	2.609	2.491			3.024	2.940	2.993	3.050	3.005	3.050	3.099
0.545	0.411	0.435	0.433	0.432	0.437			0.423	0.412	0.424	0.445	0.870			2.070	1.967	1.948	2.174	2.635			2.565	2.579	2.716	2.650	2.531			3.033	2.962	2.993	3.046	2.999	3.047	3.110
0.554	0.407	0.434	0.433	0.437	0.439			0.423	0.413	0.427	0.449	0.936			2.108	2.030	2.002	2.214	2.676			2.612	2.600	2.723	2.688	2.565			3.060	2.983	3.000	3.065	3.012	3.062	3.123
0.563	0.410	0.436	0.438	0.433	0.438			0.427	0.412	0.432	0.460	1.000			2.157	2.067	2.045	2.262	2.728			2.638	2.652	2.759	2.751	2.606			3.057	3.012	3.018	3.124	3.036	3.090	3.133
0.573	0.410	0.436	0.435	0.436	0.440			0.434	0.415	0.441	0.470	1.072			2.199	2.113	2.075	2.320	2.736			2.678	2.680	2.802	2.777	2.635			3.092	3.027	3.047	3.131	3.056	3.123	3.164
0.582	0.410	0.437	0.437	0.437	0.439			0.439	0.414	0.445	0.487	1.146			2.237	2.139	2.097	2.343	2.781			2.708	2.711	2.820	2.812	2.672			3.090	3.071	3.082	3.138	3.069	3.144	3.158
0.591	0.416	0.436	0.438	0.437	0.444			0.442	0.416	0.448	0.507	1.223			2.263	2.169	2.112	2.372	2.793			2.735	2.727	2.847	2.829	2.707			3.147	3.080	3.093	3.154	3.091	3.154	3.188
0.600	0.412	0.436	0.438	0.437	0.441			0.447	0.417	0.460	0.537	1.300			2.310	2.213	2.145	2.407	2.820			2.774	2.765	2.853	2.871	2.729			3.136	3.083	3.102	3.167	3.102	3.171	3.201
0.610	0.412	0.438	0.442	0.437	0.442			0.461	0.417	0.475	0.564	1.384			2.353	2.249	2.191	2.430	2.836			2.787	2.779	2.867	2.893	2.743			3.157	3.081	3.107	3.193	3.128	3.182	3.217
0.619	0.411	0.435	0.438	0.437	0.441			0.470	0.416	0.490	0.600	1.452			2.378	2.276	2.211	2.468	2.872			2.820	2.806	2.903	2.930	2.772			3.177	3.099	3.118	3.196	3.117	3.219	3.221
0.628	0.418	0.439	0.441	0.441	0.445			0.482	0.422	0.510	0.643	1.541			2.420	2.302	2.262	2.505	2.919			2.859	2.851	2.954	2.964	2.803			3.200	3.142	3.167	3.218	3.147	3.206	3.244
0.637	0.414	0.440	0.441	0.443	0.446			0.503	0.423	0.549	0.702	1.617			2.461	2.345	2.280	2.529	2.957			2.885	2.877	2.957	2.996	2.836			3.227	3.140	3.178	3.236	3.157	3.209	3.262
0.647	0.413	0.438	0.442	0.440	0.443			0.524	0.421	0.581	0.743	1.674			2.473	2.375	2.306	2.549	2.970			2.907	2.871	2.971	3.010	2.866			3.232	3.159	3.163	3.257	3.155	3.225	3.277
0.656	0.416	0.439	0.440	0.442	0.443			0.551	0.422	0.621	0.809	1.761			2.513	2.405	2.347	2.589	3.003			2.918	2.903	2.999	3.031	2.891			3.247	3.188	3.191	3.255	3.166	3.259	3.274
0.665	0.415	0.440	0.440	0.443	0.448			0.585	0.425	0.672	0.889	1.818			2.524	2.422	2.377	2.602	3.020			2.963	2.936	3.023	3.055	2.910			3.250	3.179	3.201	3.282	3.192	3.290	3.284
0.674	0.416	0.442	0.443	0.441	0.445			0.619	0.428	0.713	0.964	1.876			2.572	2.461	2.400	2.645	3.054			2.984	2.957	3.030	3.096	2.934			3.282	3.203	3.215	3.289	3.195	3.299	3.310
0.683	0.417	0.441	0.441	0.443	0.446			0.662	0.431	0.768	1.051	1.937			2.591	2.476	2.422	2.690	3.072			3.006	2.972	3.044	3.092	2.955			3.291	3.227	3.225	3.309	3.231	3.293	3.324
0.693	0.415	0.441	0.441	0.441	0.446			0.684	0.437	0.835	1.133	1.978			2.585	2.500	2.442	2.678	3.086			3.029	3.002	3.058	3.124	2.974			3.302	3.240	3.247	3.316	3.213	3.302	3.308
0.702	0.417	0.444	0.446	0.447	0.447			0.734	0.445	0.899	1.222	2.018			2.622	2.529	2.478	2.726	3.122			3.054	3.004	3.100	3.166	2.990			3.328	3.229	3.262	3.352	3.240	3.316	3.327
0.711	0.421	0.444	0.444	0.446	0.451			0.788	0.454	0.973	1.300	2.078			2.658	2.557	2.500	2.750	3.150			3.095	3.042	3.109	3.188	3.035			3.334	3.260	3.303	3.357	3.259	3.322	3.360
0.720	0.418	0.444	0.445	0.446	0.449			0.848	0.463	1.055	1.390	2.112			2.681	2.594	2.538	2.779	3.164			3.096	3.085	3.121	3.213	3.058			3.364	3.264	3.303	3.362	3.266	3.340	3.360
0.730	0.419	0.445	0.447	0.445	0.450			0.908	0.483	1.135	1.468	2.159			2.700	2.618	2.553	2.793	3.178			3.133	3.084	3.156	3.228	3.083			3.375	3.279	3.317	3.385	3.291	3.360	3.381
0.739	0.419	0.445	0.445	0.447	0.450			0.968	0.503	1.221	1.548	2.214			2.723	2.650	2.582	2.826	3.210			3.153	3.125	3.166	3.251	3.097			3.382	3.294	3.333	3.398	3.295	3.374	3.404
0.748	0.421	0.447	0.448	0.448	0.452			1.043	0.526	1.291	1.623	2.262			2.746	2.686	2.588	2.836	3.239			3.171	3.135	3.180	3.257	3.142			3.402	3.320	3.353	3.433	3.311	3.396	3.429
0.757	0.425	0.447	0.450	0.446	0.450			1.115	0.556	1.378	1.699	2.304			2.771	2.680	2.600	2.874	3.265			3.194	3.150	3.206	3.287	3.132			3.428	3.334	3.352	3.442	3.327	3.429	3.414
0.767	0.424	0.446	0.449	0.447	0.453			1.189	0.591	1.446	1.760	2.356			2.797	2.721	2.651	2.878	3.257			3.201	3.188	3.210	3.298	3.167			3.427	3.348	3.354	3.455	3.350	3.411	3.406
0.776	0.423	0.446	0.451	0.447	0.453			1.250	0.623	1.530	1.837	2.381			2.813	2.725	2.658	2.910	3.298			3.214	3.202	3.244	3.317	3.198			3.447	3.342	3.381	3.448	3.352	3.416	3.431
0.785	0.423	0.449	0.452	0.448	0.453			1.317	0.657	1.589	1.893	2.414			2.830	2.753	2.704	2.926	3.327			3.241	3.193	3.266	3.380	3.208			3.461	3.388	3.406	3.481	3.368	3.445	3.454
0.794	0.427	0.448	0.450	0.449	0.455			1.386	0.702	1.651	1.932	2.449			2.875	2.796	2.712	2.943	3.337			3.275	3.255	3.270	3.376	3.202			3.464	3.416	3.408	3.482	3.393	3.453	3.447
0.804	0.425	0.450	0.450	0.451	0.456			1.458	0.742	1.711	1.987	2.491			2.863	2.823	2.725	2.978	3.351			3.294	3.275	3.287	3.394	3.236			3.480	3.393	3.420	3.507	3.370	3.454	3.479
0.813	0.425	0.454	0.453	0.452	0.457			1.528	0.791	1.768	2.034	2.520			2.899	2.836	2.737	2.988	3.360			3.305	3.259	3.302	3.401	3.255			3.508	3.404	3.428	3.525	3.422	3.480	3.478
0.822	0.425	0.450	0.451	0.450	0.456			1.596	0.850	1.820	2.059	2.542			2.912	2.845	2.759	3.018	3.396			3.333	3.311	3.313	3.423	3.262			3.507	3.426	3.435	3.518	3.402	3.465	3.477
0.831	0.425	0.451	0.453	0.453	0.455			1.655	0.912	1.863	2.103	2.566			2.918	2.873	2.777	3.029	3.380			3.332	3.327	3.347	3.436	3.279			3.538	3.431	3.452	3.560	3.425	3.509	3.493
0.840	0.427	0.452	0.454	0.450	0.457			1.704	0.979	1.903	2.127	2.602			2.948	2.883	2.787	3.044	3.417			3.361	3.314	3.339	3.457	3.292			3.520	3.444	3.451	3.544	3.436	3.502	3.496
0.850	0.426	0.453	0.455	0.453	0.459			1.746	1.042	1.938	2.169	2.624			2.971	2.884	2.814	3.058	3.418			3.384	3.352	3.370	3.470	3.298			3.562	3.440	3.452	3.558	3.436	3.513	3.518
0.859	0.426	0.455	0.453	0.453	0.457			1.791	1.109	1.969	2.200	2.639			2.986	2.907	2.813	3.095	3.459			3.400	3.347	3.401	3.487	3.333			3.537	3.450	3.472	3.538	3.469	3.518	3.537
0.868	0.428	0.458	0.458	0.453	0.460			1.832	1.177	1.997	2.222	2.664			2.986	2.914	2.834	3.095	3.451			3.398	3.365	3.385	3.493	3.345			3.543	3.477	3.506	3.575	3.474	3.543	3.529
0.877	0.426	0.451	0.455	0.455	0.460			1.871	1.252	2.011	2.239	2.694			3.009	2.932	2.858	3.107	3.469			3.405	3.379	3.410	3.512	3.369			3.557	3.472	3.514	3.600	3.481	3.531	3.549
0.887	0.428	0.454	0.455	0.453	0.461			1.895	1.311	2.052	2.282	2.731			3.017	2.967	2.875	3.131	3.494			3.431	3.420	3.403	3.534	3.380			3.558	3.497	3.512	3.614	3.468	3.540	3.532
0.896	0.429	0.451	0.455	0.457	0.461			1.938	1.391	2.081	2.307	2.741			3.056	2.988	2.885	3.147	3.498			3.435	3.402	3.429	3.556	3.384			3.582	3.508	3.521	3.590	3.478	3.571	3.584
0.905	0.428	0.457	0.455	0.457	0.460			1.959	1.456	2.102	2.341	2.767			3.063	2.967	2.911	3.153	3.513			3.459	3.433	3.447	3.567	3.394			3.597	3.529	3.513	3.586	3.504	3.557	3.579
0.914	0.429	0.459	0.455	0.455	0.461			1.990	1.521	2.129	2.348	2.814			3.071	3.023	2.939	3.170	3.523			3.483	3.456	3.454	3.587	3.436			3.604	3.535	3.539	3.650	3.519	3.578	3.589
0.924	0.430	0.460	0.458	0.458	0.459			2.029	1.565	2.133	2.364	2.809			3.106	3.026	2.946	3.224	3.537			3.482	3.490	3.464	3.598	3.430			3.639	3.558	3.520	3.632	3.525	3.595	3.586
0.933	0.430	0.462	0.460	0.458	0.459			2.035	1.614	2.170	2.418	2.822			3.133	3.043	2.959	3.229	3.576			3.513	3.477	3.472	3.614	3.430			3.612	3.545	3.550	3.623	3.535	3.594	3.588
0.942	0.434	0.461	0.460	0.460	0.460			2.054	1.656	2.181	2.418	2.848			3.136	3.066	2.954	3.253	3.573			3.521	3.478	3.498	3.625	3.451			3.643	3.553	3.563	3.667	3.548	3.620	3.587
0.951	0.432	0.458	0.455	0.456	0.462			2.089	1.687	2.204	2.444	2.857			3.119	3.063	2.980	3.253	3.623			3.542	3.510	3.517	3.612	3.476			3.651	3.560	3.582	3.664	3.551	3.648	3.618
0.961	0.432	0.461	0.461	0.459	0.466			2.108	1.715	2.225	2.482	2.893			3.150	3.084	2.990	3.264	3.615			3.551	3.528	3.526	3.644	3.459			3.659	3.574	3.585	3.679	3.569	3.620	3.601
0.970	0.435	0.457	0.462	0.461	0.467			2.128	1.745	2.235	2.484	2.894			3.162	3.096	3.007	3.255	3.606			3.550	3.528	3.506	3.644	3.479			3.667	3.582	3.596	3.674	3.550	3.626	3.640
0.979	0.433	0.459	0.461	0.462	0.463			2.148	1.779	2.269	2.504	2.921			3.187	3.118	3.034	3.284	3.635			3.563	3.547	3.547	3.661	3.528			3.646	3.586	3.579	3.697	3.556	3.616	3.651
0.988	0.432	0.462	0.459	0.464	0.467			2.170	1.810	2.278	2.528	2.938			3.203	3.113	3.041	3.298	3.643			3.579	3.553	3.546	3.676	3.511			3.655	3.610	3.583	3.712	3.587	3.651	3.671
0.998	0.432	0.463	0.462	0.464	0.464			2.181	1.835	2.305	2.564	2.945			3.210	3.102	3.035	3.312	3.642			3.605	3.548	3.573	3.684	3.518			3.673	3.620	3.608	3.689	3.578	3.662	3.630
1.007	0.436	0.461	0.461	0.460	0.465			2.196	1.847	2.315	2.572	2.960			3.218	3.143	3.059	3.322	3.662			3.595	3.590	3.580	3.696	3.561			3.686	3.621	3.616	3.710	3.591	3.652	3.661
1.016	0.436	0.458	0.465	0.462	0.464			2.227	1.873	2.339	2.569	2.978			3.226	3.175	3.063	3.335	3.667			3.631	3.593	3.592	3.719	3.556			3.703	3.618	3.626	3.725	3.618	3.675	3.677
1.025	0.435	0.462	0.462	0.461	0.468			2.249	1.899	2.363	2.608	3.009			3.242	3.152	3.085	3.359	3.704			3.628	3.591	3.585	3.706	3.582			3.702	3.626	3.629	3.734	3.621	3.675	3.674
1.034	0.435	0.462	0.465	0.463	0.469			2.259	1.911	2.373	2.623	3.022			3.265	3.160	3.090	3.363	3.688			3.621	3.599	3.598	3.717	3.576			3.712	3.636	3.647	3.767	3.619	3.679	3.679
1.044	0.438	0.462	0.467	0.462	0.470			2.278	1.940	2.404	2.636	3.058			3.288	3.198	3.118	3.373	3.711			3.636	3.629	3.626	3.729	3.593			3.732	3.656	3.660	3.745	3.591	3.686	3.704
1.053	0.435	0.461	0.466	0.462	0.470			2.285	1.955	2.404	2.665	3.078			3.302	3.232	3.128	3.392	3.728			3.658	3.641	3.626	3.769	3.619			3.714	3.659	3.654	3.791	3.659	3.692	3.697
1.062	0.436	0.460	0.468	0.467	0.473			2.314	1.981	2.410	2.689	3.088			3.301	3.237	3.138	3.430	3.752			3.673	3.642	3.656	3.786	3.602			3.736	3.674	3.668	3.770	3.664	3.722	3.718
1.071	0.439	0.463	0.466	0.464	0.470			2.342	2.004	2.443	2.687	3.090			3.312	3.247	3.122	3.426	3.756			3.692	3.674	3.668	3.791	3.647			3.746	3.677	3.696	3.787	3.662	3.710	3.743
1.081	0.437	0.465	0.467	0.468	0.468			2.349	2.033	2.441	2.730	3.130			3.331	3.251	3.180	3.429	3.783			3.691	3.672	3.677	3.777	3.635			3.777	3.709	3.680	3.776	3.696	3.759	3.739
1.090	0.439	0.467	0.469	0.469	0.473			2.361	2.029	2.473	2.757	3.131			3.347	3.268	3.187	3.448	3.763			3.733	3.702	3.660	3.816	3.659			3.777	3.700	3.705	3.805	3.695	3.740	3.742
1.099	0.442	0.468	0.471	0.467	0.468			2.366	2.053	2.497	2.758	3.137			3.354	3.278	3.185	3.445	3.805			3.720	3.730	3.674	3.812	3.653			3.782	3.686	3.700	3.839	3.680	3.744	3.765
1.108	0.440	0.468	0.470	0.469	0.470			2.383	2.070	2.507	2.766	3.168			3.367	3.287	3.201	3.466	3.823			3.728	3.696	3.689	3.841	3.655			3.758	3.704	3.728	3.801	3.697	3.772	3.767
1.118	0.440	0.465	0.468	0.466	0.473			2.408	2.079	2.515	2.791	3.187			3.370	3.308	3.221	3.488	3.814			3.753	3.743	3.713	3.843	3.671			3.801	3.720	3.724	3.853	3.684	3.773	3.763
1.127	0.439	0.471	0.470	0.466	0.475			2.412	2.098	2.522	2.800	3.193			3.408	3.306	3.218	3.497	3.837			3.767	3.756	3.735	3.849	3.702			3.778	3.730	3.715	3.829	3.720	3.764	3.774
1.136	0.441	0.468	0.469	0.468	0.474			2.426	2.118	2.538	2.820	3.207			3.410	3.330	3.241	3.509	3.842			3.768	3.742	3.709	3.838	3.685			3.797	3.749	3.724	3.834	3.724	3.783	3.788
1.145	0.442	0.467	0.473	0.473	0.477			2.455	2.126	2.524	2.839	3.237			3.402	3.339	3.259	3.500	3.858			3.798	3.783	3.737	3.876	3.710			3.812	3.753	3.727	3.860	3.754	3.798	3.789
1.155	0.442	0.473	0.472	0.471	0.475			2.464	2.152	2.564	2.850	3.236			3.440	3.333	3.255	3.514	3.853			3.770	3.756	3.760	3.891	3.712			3.803	3.754	3.752	3.867	3.750	3.810	3.804
1.164	0.442	0.472	0.473	0.471	0.478			2.483	2.159	2.560	2.853	3.244			3.454	3.353	3.276	3.544	3.860			3.790	3.763	3.758	3.884	3.732			3.833	3.771	3.761	3.862	3.736	3.812	3.783
1.173	0.443	0.472	0.471	0.471	0.477			2.497	2.174	2.589	2.868	3.267			3.464	3.357	3.294	3.543	3.854			3.807	3.768	3.779	3.905	3.760			3.850	3.777	3.751	3.857	3.753	3.786	3.819
1.182	0.442	0.473	0.473	0.474	0.478			2.502	2.189	2.597	2.885	3.282			3.470	3.363	3.307	3.564	3.916			3.795	3.812	3.797	3.923	3.751			3.848	3.786	3.783	3.879	3.753	3.809	3.806
1.191	0.442	0.469	0.472	0.472	0.480			2.505	2.202	2.608	2.885	3.281			3.472	3.385	3.309	3.563	3.873			3.829	3.797	3.791	3.887	3.753			3.832	3.765	3.771	3.871	3.752	3.820	3.809
1.201	0.441	0.469	0.473	0.472	0.477			2.534	2.230	2.609	2.910	3.300			3.458	3.399	3.317	3.574	3.901			3.839	3.816	3.794	3.921	3.747			3.868	3.771	3.772	3.888	3.765	3.832	3.824
1.210	0.441	0.468	0.475	0.473	0.481			2.544	2.238	2.638	2.924	3.313			3.496	3.416	3.318	3.589	3.920			3.836	3.813	3.817	3.918	3.768			3.848	3.779	3.797	3.899	3.791	3.825	3.799
1.219	0.443	0.471	0.475	0.476	0.480			2.548	2.236	2.650	2.945	3.349			3.511	3.404	3.334	3.598	3.901			3.833	3.843	3.831	3.945	3.778			3.834	3.803	3.781	3.894	3.796	3.833	3.837
1.228	0.445	0.471	0.473	0.473	0.480			2.542	2.254	2.658	2.965	3.327			3.520	3.424	3.350	3.615	3.937			3.856	3.828	3.825	3.942	3.786			3.862	3.788	3.798	3.899	3.791	3.816	3.833
1.238	0.442	0.473	0.473	0.474	0.477			2.556	2.266	2.657	2.958	3.353			3.532	3.420	3.356	3.613	3.956			3.875	3.832	3.831	3.949	3.782			3.859	3.787	3.803	3.916	3.781	3.824	3.842
1.247	0.443	0.471	0.472	0.475	0.479			2.584	2.267	2.669	2.950	3.365			3.523	3.419	3.354	3.628	3.934			3.850	3.836	3.823	3.939	3.801			3.862	3.767	3.782	3.889	3.771	3.828	3.851
1.256	0.441	0.472	0.474	0.474	0.477			2.597	2.277	2.674	2.975	3.386			3.533	3.446	3.353	3.626	3.973			3.862	3.849	3.832	3.933	3.794			3.870	3.791	3.830	3.904	3.773	3.854	3.847
1.265	0.443	0.471	0.473	0.475	0.480			2.594	2.296	2.691	2.984	3.374			3.554	3.423	3.385	3.636	3.955			3.861	3.856	3.844	3.958	3.851			3.871	3.824	3.815	3.886	3.795	3.851	3.843
1.275	0.443	0.472	0.474	0.476	0.481			2.602	2.295	2.695	2.986	3.389			3.535	3.460	3.370	3.650	3.962			3.864	3.860	3.854	3.957	3.808			3.882	3.791	3.810	3.889	3.799	3.828	3.861
1.284	0.444	0.472	0.476	0.474	0.482			2.610	2.299	2.701	3.019	3.390			3.550	3.459	3.401	3.656	3.969			3.911	3.859	3.844	3.963	3.803			3.890	3.790	3.774	3.938	3.795	3.854	3.860
1.293	0.443	0.475	0.473	0.478	0.478			2.606	2.304	2.705	3.016	3.402			3.569	3.451	3.399	3.673	3.964			3.865	3.879	3.845	3.986	3.806			3.882	3.808	3.816	3.937	3.813	3.843	3.854
1.302	0.447	0.472	0.475	0.476	0.480			2.630	2.320	2.728	3.048	3.409			3.585	3.475	3.388	3.662	3.972			3.883	3.871	3.858	3.960	3.816			3.865	3.830	3.813	3.948	3.806	3.840	3.842
1.312	0.445	0.475	0.476	0.478	0.477			2.649	2.340	2.747	3.046	3.445			3.588	3.506	3.422	3.658	3.960			3.877	3.889	3.875	3.998	3.845			3.886	3.824	3.784	3.937	3.813	3.871	3.861
1.321	0.445	0.474	0.480	0.472	0.479			2.651	2.359	2.758	3.046	3.457			3.582	3.479	3.403	3.694	3.989			3.904	3.906	3.874	3.984	3.874			3.884	3.823	3.803	3.945	3.839	3.860	3.863
1.330	0.442	0.475	0.478	0.479	0.480			2.669	2.347	2.739	3.055	3.448			3.585	3.509	3.424	3.682	3.973			3.903	3.911	3.876	3.988	3.835			3.900	3.832	3.816	3.924	3.820	3.867	3.871
1.339	0.446	0.479	0.478	0.477	0.482			2.669	2.361	2.760	3.090	3.458			3.602	3.519	3.446	3.691	3.991			3.928	3.906	3.881	4.003	3.869			3.907	3.835	3.814	3.932	3.814	3.870	3.859
1.348	0.447	0.477	0.480	0.479	0.481			2.672	2.392	2.774	3.086	3.481			3.607	3.523	3.444	3.711	3.999			3.934	3.927	3.890	4.037	3.865			3.919	3.844	3.822	3.945	3.808	3.871	3.888
1.358	0.447	0.477	0.476	0.479	0.481			2.684	2.388	2.785	3.101	3.469			3.611	3.531	3.437	3.722	4.040			3.922	3.924	3.911	4.031	3.882			3.927	3.850	3.836	3.950	3.835	3.861	3.875
1.367	0.445	0.474	0.478	0.479	0.480			2.702	2.410	2.784	3.102	3.486			3.615	3.544	3.454	3.693	4.046			3.955	3.922	3.887	4.031	3.887			3.906	3.842	3.850	3.959	3.851	3.887	3.905
1.376	0.447	0.476	0.481	0.480	0.482			2.714	2.410	2.802	3.118	3.509			3.618	3.527	3.452	3.730	4.045			3.969	3.945	3.921	4.043	3.887			3.916	3.862	3.862	3.954	3.854	3.861	3.890
1.385	0.449	0.478	0.477	0.483	0.487			2.720	2.407	2.798	3.136	3.527			3.649	3.556	3.472	3.735	4.030			3.953	3.967	3.913	4.053	3.888			3.919	3.842	3.871	3.955	3.859	3.901	3.897
1.395	0.448	0.479	0.476	0.477	0.485			2.727	2.438	2.814	3.132	3.526			3.647	3.576	3.497	3.737	4.052			3.954	3.952	3.936	4.061	3.903			3.936	3.868	3.868	3.991	3.876	3.909	3.916
1.404	0.446	0.477	0.481	0.482	0.482			2.739	2.445	2.827	3.127	3.533			3.650	3.573	3.478	3.745	4.059			3.978	3.968	3.914	4.069	3.907			3.919	3.862	3.858	3.995	3.875	3.907	3.928
1.413	0.446	0.480	0.478	0.477	0.488			2.725	2.446	2.821	3.147	3.540			3.675	3.561	3.487	3.775	4.074			3.998	3.985	3.926	4.096	3.921			3.939	3.882	3.882	3.978	3.875	3.925	3.941
1.422	0.447	0.478	0.480	0.482	0.483			2.736	2.452	2.852	3.161	3.548			3.679	3.576	3.498	3.761	4.084			4.007	3.958	3.957	4.071	3.919			3.951	3.875	3.865	3.983	3.862	3.901	3.912
1.432	0.448	0.478	0.483	0.482	0.485			2.752	2.456	2.850	3.182	3.570			3.677	3.588	3.521	3.765	4.081			3.995	3.973	3.954	4.107	3.910			3.954	3.887	3.868	3.979	3.888	3.912	3.902
1.441	0.447	0.479	0.476	0.478	0.486			2.765	2.478	2.863	3.186	3.587			3.689	3.597	3.520	3.771	4.077			3.973	3.993	3.975	4.108	3.941			3.935	3.894	3.869	3.987	3.894	3.907	3.919
1.450	0.449	0.480	0.480	0.483	0.485			2.781	2.486	2.865	3.210	3.587			3.703	3.598	3.530	3.796	4.086			4.003	4.007	3.988	4.116	3.950			3.981	3.908	3.887	4.008	3.880	3.940	3.940
1.459	0.452	0.480	0.481	0.483	0.485			2.777	2.502	2.866	3.213	3.602			3.721	3.627	3.542	3.824	4.082			4.010	3.996	3.981	4.103	3.954			3.960	3.889	3.891	3.985	3.876	3.929	3.928
1.469	0.449	0.475	0.483	0.483	0.488			2.798	2.507	2.879	3.217	3.611			3.706	3.596	3.555	3.811	4.089			4.013	3.985	3.971	4.137	3.942			3.949	3.900	3.882	3.997	3.883	3.939	3.936
1.478	0.451	0.482	0.486	0.481	0.487			2.803	2.521	2.875	3.231	3.624			3.712	3.628	3.535	3.798	4.096			3.997	4.011	3.969	4.127	3.950			3.965	3.920	3.891	4.009	3.893	3.950	3.950
1.487	0.451	0.483	0.484	0.486	0.487			2.802	2.529	2.890	3.248	3.608			3.754	3.635	3.572	3.854	4.128			4.045	4.047	4.009	4.122	4.000			3.997	3.932	3.875	4.029	3.901	3.966	3.969
1.496	0.454	0.483	0.482	0.484	0.491			2.804	2.531	2.918	3.270	3.642			3.730	3.641	3.601	3.824	4.162			4.050	4.044	3.997	4.149	3.984			3.977	3.898	3.918	4.038	3.920	3.943	3.961
1.505	0.453	0.479	0.485	0.486	0.490			2.812	2.537	2.923	3.250	3.622			3.759	3.652	3.582	3.845	4.156			4.039	4.060	3.994	4.148	3.985			4.022	3.906	3.920	4.032	3.930	3.976	3.959
1.515	0.451	0.481	0.484	0.483	0.489			2.824	2.539	2.912	3.280	3.656			3.769	3.671	3.591	3.832	4.146			4.053	4.035	4.050	4.162	3.986			3.999	3.928	3.904	4.019	3.907	3.949	3.966
1.524	0.451	0.480	0.485	0.487	0.489			2.840	2.541	2.936	3.257	3.637			3.770	3.646	3.597	3.841	4.153			4.044	4.049	4.033	4.141	3.979			3.992	3.917	3.899	4.045	3.929	3.940	3.977
1.533	0.451	0.483	0.487	0.485	0.489			2.839	2.554	2.932	3.284	3.667			3.744	3.670	3.591	3.846	4.168			4.039	4.049	4.034	4.148	3.995			3.988	3.924	3.918	4.051	3.939	3.979	4.004
1.542	0.452	0.483	0.482	0.488	0.488			2.866	2.574	2.931	3.287	3.672			3.754	3.690	3.616	3.836	4.148			4.077	4.075	4.036	4.165	3.996			3.996	3.926	3.918	4.022	3.944	3.970	3.981
1.552	0.451	0.484	0.488	0.489	0.489			2.873	2.563	2.951	3.301	3.674			3.788	3.681	3.617	3.860	4.175			4.070	4.076	4.047	4.192	3.991			3.991	3.943	3.927	4.009	3.934	3.971	3.992
1.561	0.453	0.485	0.487	0.486	0.495			2.873	2.577	2.952	3.299	3.683			3.783	3.705	3.620	3.905	4.205			4.089	4.081	4.071	4.196	3.996			4.030	3.952	3.944	4.064	3.954	3.997	4.008
1.570	0.452	0.487	0.488	0.489	0.488			2.872	2.589	2.975	3.308	3.689			3.805	3.705	3.633	3.894	4.204			4.100	4.109	4.076	4.200	4.044			4.052	3.955	3.966	4.074	3.955	4.020	3.996
1.579	0.452	0.483	0.485	0.486	0.493			2.886	2.605	2.962	3.333	3.730			3.804	3.700	3.640	3.895	4.204			4.083	4.089	4.045	4.179	4.061			4.020	3.947	3.923	4.055	3.939	3.989	3.986
1.589	0.451	0.486	0.488	0.487	0.491			2.909	2.605	2.972	3.323	3.727			3.815	3.696	3.634	3.912	4.190			4.081	4.071	4.059	4.177	4.061			4.025	3.928	3.928	4.053	3.960	3.988	4.008
1.598	0.452	0.481	0.487	0.490	0.496			2.901	2.605	2.975	3.347	3.719			3.830	3.697	3.637	3.913	4.199			4.079	4.072	4.053	4.187	4.042			4.023	3.947	3.921	4.036	3.965	3.970	3.998
1.607	0.452	0.483	0.485	0.489	0.491			2.901	2.613	2.984	3.343	3.722			3.841	3.721	3.650	3.922	4.210			4.085	4.106	4.077	4.207	4.041			4.040	3.920	3.932	4.067	3.961	3.965	4.004
1.616	0.457	0.482	0.483	0.487	0.491			2.892	2.615	2.991	3.341	3.737			3.810	3.713	3.627	3.900	4.187			4.086	4.084	4.061	4.202	4.034			4.004	3.948	3.900	4.038	3.941	3.963	3.999
1.626	0.455	0.484	0.488	0.487	0.490			2.936	2.630	3.000	3.356	3.728			3.822	3.728	3.670	3.900	4.234			4.112	4.094	4.073	4.218	4.054			4.037	3.969	3.946	4.079	3.990	3.995	3.999
1.635	0.453	0.487	0.490	0.492	0.494			2.932	2.645	3.025	3.382	3.766			3.867	3.730	3.684	3.909	4.218			4.111	4.121	4.078	4.227	4.013			4.065	3.974	3.964	4.093	3.994	3.997	4.028
1.644	0.453	0.486	0.485	0.487	0.495			2.922	2.627	3.018	3.392	3.763			3.839	3.727	3.651	3.922	4.214			4.106	4.130	4.070	4.189	4.047			4.029	3.947	3.914	4.046	3.973	3.981	4.020
1.653	0.453	0.486	0.487	0.488	0.496			2.926	2.628	3.007	3.380	3.761			3.841	3.723	3.640	3.914	4.216			4.099	4.108	4.072	4.202	4.038			4.025	3.958	3.931	4.040	3.949	3.996	4.003
1.663	0.451	0.481	0.487	0.490	0.492			2.937	2.639	3.023	3.396	3.766			3.861	3.759	3.678	3.918	4.203			4.122	4.110	4.085	4.193	4.063			4.033	3.944	3.938	4.063	3.971	4.002	4.013
1.672	0.452	0.484	0.486	0.488	0.492			2.946	2.650	3.032	3.389	3.798			3.843	3.743	3.676	3.936	4.232			4.120	4.103	4.085	4.220	4.040			4.028	3.974	3.945	4.096	3.973	3.984	4.011
1.681	0.451	0.484	0.490	0.491	0.493			2.956	2.655	3.031	3.400	3.805			3.874	3.759	3.683	3.938	4.251			4.170	4.143	4.127	4.258	4.078			4.046	3.954	3.969	4.077	4.008	4.010	4.034
1.690	0.456	0.488	0.491	0.491	0.492			2.961	2.662	3.037	3.389	3.810			3.879	3.742	3.675	3.954	4.240			4.141	4.132	4.100	4.234	4.071			4.048	3.958	3.946	4.065	3.982	3.996	4.039
1.699	0.450	0.491	0.491	0.487	0.496			2.976	2.662	3.056	3.418	3.795			3.898	3.785	3.713	3.976	4.265			4.143	4.153	4.135	4.271	4.085			4.072	4.000	3.950	4.091	3.996	4.044	4.021
1.709	0.459	0.490	0.492	0.490	0.495			2.973	2.685	3.046	3.440	3.823			3.899	3.780	3.726	3.974	4.292			4.162	4.190	4.138	4.270	4.101			4.060	3.975	3.955	4.090	3.986	4.040	4.045
1.718	0.456	0.490	0.490	0.490	0.496			2.993	2.688	3.062	3.430	3.813			3.916	3.788	3.719	3.978	4.281			4.130	4.151	4.139	4.272	4.074			4.068	4.004	3.998	4.110	4.018	4.035	4.045
1.727	0.453	0.492	0.496	0.494	0.501			3.018	2.688	3.073	3.466	3.865			3.901	3.787	3.724	3.988	4.264			4.181	4.181	4.131	4.286	4.104			4.054	4.000	3.984	4.100	4.024	4.046	4.040
1.736	0.456	0.487	0.493	0.494	0.497			2.980	2.693	3.068	3.440	3.841			3.910	3.786	3.741	4.005	4.294			4.174	4.176	4.133	4.278	4.116			4.065	4.012	3.973	4.121	3.992	4.020	4.043
1.746	0.455	0.489	0.497	0.493	0.495			3.017	2.716	3.103	3.465	3.854			3.917	3.810	3.745	4.005	4.292			4.190	4.184	4.140	4.286	4.126			4.079	4.014	3.986	4.100	4.019	4.069	4.064
1.755	0.455	0.493	0.496	0.493	0.499			3.012	2.705	3.108	3.468	3.893			3.927	3.822	3.721	3.994	4.311			4.183	4.189	4.169	4.255	4.104			4.088	4.011	3.984	4.140	4.017	4.042	4.083
1.764	0.455	0.491	0.496	0.493	0.499			3.019	2.705	3.101	3.475	3.865			3.916	3.823	3.748	4.012	4.322			4.170	4.192	4.146	4.277	4.146			4.061	4.003	3.976	4.112	4.004	4.055	4.052
1.773	0.454	0.488	0.491	0.493	0.497			3.005	2.704	3.110	3.455	3.877			3.905	3.803	3.728	3.996	4.289			4.170	4.172	4.152	4.267	4.122			4.051	4.013	3.963	4.109	4.015	4.021	4.066
1.783	0.457	0.489	0.491	0.495	0.501			3.041	2.734	3.127	3.513	3.898			3.947	3.831	3.759	4.015	4.326			4.181	4.209	4.173	4.316	4.108			4.094	4.003	3.990	4.116	4.032	4.072	4.063
1.792	0.456	0.491	0.491	0.496	0.501			3.052	2.754	3.119	3.500	3.893			3.947	3.845	3.744	4.017	4.308			4.195	4.176	4.180	4.299	4.145			4.115	4.031	4.003	4.143	4.067	4.033	4.092
1.801	0.457	0.492	0.493	0.498	0.500			3.040	2.739	3.134	3.498	3.903			3.986	3.843	3.766	4.030	4.343			4.207	4.215	4.187	4.306	4.145			4.106	4.020	4.003	4.127	4.017	4.048	4.082
1.810	0.455	0.491	0.493	0.494	0.499			3.046	2.754	3.125	3.492	3.917			3.950	3.850	3.756	4.014	4.315			4.196	4.221	4.182	4.310	4.133			4.076	4.028	3.975	4.126	4.023	4.072	4.092
1.820	0.460	0.494	0.494	0.497	0.501			3.053	2.757	3.106	3.522	3.932			3.958	3.864	3.777	4.054	4.363			4.216	4.245	4.190	4.322	4.153			4.106	4.011	4.018	4.128	4.030	4.053	4.104
1.829	0.460	0.492	0.500	0.498	0.504			3.054	2.761	3.131	3.518	3.922			3.967	3.821	3.786	4.059	4.349			4.200	4.210	4.213	4.297	4.153			4.106	4.058	4.023	4.149	4.049	4.063	4.086
1.838	0.459	0.491	0.494	0.495	0.500			3.060	2.764	3.151	3.533	3.922			3.972	3.848	3.772	4.053	4.366			4.207	4.224	4.183	4.311	4.144			4.112	4.026	4.004	4.138	4.017	4.064	4.067
1.847	0.457	0.493	0.496	0.495	0.500			3.049	2.770	3.139	3.536	3.924			3.993	3.837	3.792	4.044	4.335			4.196	4.220	4.187	4.324	4.157			4.103	4.025	3.989	4.131	4.049	4.046	4.077
1.856	0.461	0.494	0.500	0.496	0.503			3.087	2.778	3.180	3.543	3.924			3.976	3.896	3.792	4.073	4.387			4.223	4.254	4.204	4.334	4.193			4.107	4.009	4.022	4.150	4.077	4.086	4.083
1.866	0.458	0.494	0.496	0.499	0.504			3.060	2.787	3.166	3.537	3.961			3.991	3.869	3.846	4.084	4.380			4.255	4.246	4.214	4.334	4.180			4.094	4.040	4.020	4.132	4.051	4.075	4.109
1.875	0.456	0.495	0.501	0.503	0.508			3.096	2.775	3.183	3.569	3.953			3.998	3.881	3.825	4.088	4.388			4.260	4.257	4.230	4.350	4.185			4.117	4.057	4.031	4.147	4.092	4.080	4.115
1.884	0.460	0.495	0.499	0.501	0.504			3.089	2.793	3.189	3.549	3.983			4.009	3.899	3.820	4.075	4.359			4.240	4.244	4.219	4.383	4.193			4.114	4.078	4.013	4.176	4.079	4.101	4.080
1.893	0.459	0.497	0.502	0.501	0.501			3.102	2.824	3.189	3.587	3.980			4.013	3.916	3.839	4.107	4.386			4.278	4.265	4.234	4.358	4.199			4.110	4.075	4.058	4.165	4.078	4.125	4.100
1.903	0.462	0.496	0.501	0.499	0.505			3.112	2.804	3.176	3.579	3.981			4.015	3.869	3.829	4.106	4.412			4.281	4.269	4.245	4.358	4.212			4.123	4.059	4.052	4.158	4.064	4.105	4.117
1.912	0.458	0.497	0.501	0.501	0.509			3.108	2.809	3.183	3.610	3.994			4.052	3.919	3.853	4.124	4.415			4.265	4.286	4.221	4.394	4.197			4.122	4.097	4.042	4.179	4.059	4.107	4.125
1.921	0.460	0.494	0.501	0.501	0.507			3.120	2.823	3.203	3.621	4.003			4.058	3.919	3.841	4.087	4.422			4.265	4.301	4.224	4.371	4.204			4.106	4.077	4.036	4.166	4.066	4.076	4.127
1.930	0.462	0.499	0.505	0.503	0.507			3.130	2.841	3.209	3.622	4.001			4.054	3.906	3.855	4.125	4.431			4.287	4.277	4.244	4.384	4.233			4.161	4.079	4.056	4.176	4.090	4.131	4.138
1.940	0.462	0.496	0.504	0.500	0.508			3.138	2.839	3.225	3.640	3.997			4.058	3.925	3.859	4.132	4.434			4.267	4.288	4.281	4.409	4.233			4.150	4.068	4.053	4.198	4.126	4.128	4.115
1.949	0.463	0.499	0.501	0.502	0.507			3.133	2.847	3.212	3.627	4.009			4.068	3.957	3.881	4.140	4.425			4.267	4.320	4.262	4.405	4.225			4.179	4.080	4.049	4.222	4.093	4.121	4.130
1.958	0.463	0.501	0.504	0.501	0.512			3.129	2.861	3.213	3.635	4.032			4.045	3.945	3.883	4.127	4.428			4.281	4.280	4.269	4.412	4.211			4.148	4.076	4.039	4.203	4.103	4.124	4.145
1.967	0.462	0.500	0.500	0.505	0.508			3.152	2.850	3.242	3.640	4.058			4.063	3.932	3.900	4.129	4.441			4.307	4.296	4.286	4.393	4.231			4.154	4.099	4.038	4.209	4.112	4.119	4.131
1.977	0.461	0.500	0.501	0.505	0.507			3.152	2.870	3.244	3.640	4.067			4.065	3.942	3.893	4.156	4.433			4.311	4.331	4.267	4.415	4.227			4.164	4.080	4.052	4.218	4.102	4.122	4.168
1.986	0.463	0.497	0.504	0.502	0.505			3.169	2.866	3.229	3.647	4.068			4.074	3.929	3.898	4.134	4.421			4.275	4.316	4.256	4.392	4.210			4.127	4.070	4.043	4.175	4.095	4.108	4.139
1.995	0.459	0.503	0.507	0.504	0.508			3.156	2.886	3.245	3.668	4.078			4.081	3.957	3.911	4.156	4.470			4.307	4.323	4.310	4.433	4.252			4.181	4.100	4.090	4.228	4.082	4.142	4.162
2.004	0.465	0.499	0.505	0.503	0.510			3.175	2.875	3.238	3.641	4.064			4.083	3.978	3.895	4.134	4.465			4.299	4.334	4.254	4.415	4.239			4.145	4.103	4.066	4.202	4.094	4.137	4.176
2.013	0.462	0.501	0.505	0.505	0.512			3.191	2.866	3.268	3.648	4.110			4.077	3.957	3.917	4.147	4.469			4.335	4.313	4.315	4.444	4.252			4.181	4.096	4.074	4.216	4.117	4.140	4.174
2.023	0.459	0.497	0.507	0.506	0.510			3.191	2.885	3.281	3.668	4.091			4.085	3.982	3.938	4.199	4.462			4.321	4.342	4.314	4.442	4.261			4.169	4.122	4.082	4.230	4.133	4.138	4.176
2.032	0.465	0.501	0.506	0.505	0.510			3.176	2.889	3.276	3.659	4.078			4.133	4.008	3.941	4.156	4.487			4.325	4.309	4.301	4.429	4.274			4.177	4.122	4.069	4.223	4.135	4.155	4.171
2.041	0.466	0.504	0.504	0.508	0.511			3.191	2.880	3.269	3.685	4.103			4.096	3.980	3.937	4.186	4.472			4.338	4.353	4.315	4.437	4.290			4.169	4.120	4.084	4.223	4.139	4.157	4.194
2.050	0.463	0.501	0.503	0.502	0.509			3.184	2.885	3.258	3.667	4.086			4.102	3.994	3.932	4.169	4.452			4.329	4.331	4.296	4.425	4.272			4.152	4.090	4.070	4.224	4.099	4.125	4.143
2.060	0.462	0.498	0.504	0.505	0.508			3.186	2.879	3.270	3.668	4.112			4.115	3.993	3.928	4.180	4.456			4.328	4.356	4.305	4.451	4.265			4.200	4.099	4.070	4.218	4.113	4.157	4.177
2.069	0.465	0.499	0.507	0.506	0.513			3.206	2.904	3.301	3.690	4.110			4.133	3.998	3.941	4.205	4.488			4.318	4.351	4.294	4.449	4.287			4.182	4.111	4.067	4.241	4.122	4.156	4.196
2.078	0.467	0.501	0.507	0.508	0.512			3.224	2.904	3.283	3.727	4.162			4.130	4.026	3.952	4.212	4.481			4.365	4.362	4.347	4.453	4.269			4.198	4.101	4.096	4.219	4.142	4.152	4.178
2.087	0.465	0.498	0.506	0.511	0.512			3.214	2.924	3.312	3.707	4.127			4.151	4.019	3.953	4.239	4.482			4.344	4.358	4.323	4.473	4.274			4.175	4.135	4.092	4.224	4.140	4.154	4.198
2.097	0.466	0.501	0.507	0.505	0.511			3.240	2.926	3.299	3.713	4.132			4.142	4.003	3.966	4.208	4.509			4.363	4.373	4.336	4.438	4.289			4.177	4.139	4.097	4.245	4.137	4.175	4.168
2.106	0.465	0.503	0.511	0.506	0.510			3.231	2.944	3.311	3.716	4.137			4.142	4.026	3.985	4.235	4.523			4.352	4.383	4.342	4.465	4.306			4.213	4.125	4.102	4.244	4.164	4.149	4.188
2.115	0.466	0.502	0.510	0.510	0.514			3.228	2.925	3.297	3.698	4.123			4.134	4.022	3.973	4.201	4.519			4.344	4.367	4.363	4.472	4.319			4.215	4.106	4.091	4.238	4.139	4.166	4.201
2.124	0.466	0.503	0.508	0.509	0.511			3.230	2.934	3.313	3.737	4.159			4.149	4.024	3.976	4.213	4.506			4.352	4.374	4.334	4.468	4.317			4.203	4.157	4.108	4.222	4.154	4.156	4.190
2.134	0.465	0.504	0.507	0.509	0.514			3.233	2.941	3.304	3.744	4.165			4.152	4.022	3.961	4.231	4.525			4.365	4.374	4.342	4.452	4.301			4.184	4.138	4.111	4.274	4.136	4.155	4.205
2.143	0.467	0.501	0.509	0.509	0.514			3.241	2.944	3.343	3.749	4.197			4.158	4.024	3.984	4.262	4.522			4.374	4.391	4.329	4.484	4.305			4.189	4.115	4.112	4.258	4.163	4.161	4.215
2.152	0.469	0.505	0.509	0.508	0.513			3.250	2.943	3.344	3.764	4.196			4.147	4.015	3.979	4.218	4.528			4.380	4.387	4.360	4.496	4.296			4.178	4.154	4.098	4.243	4.159	4.167	4.199
2.161	0.465	0.504	0.509	0.509	0.517			3.246	2.956	3.311	3.747	4.164			4.174	4.028	3.998	4.243	4.528			4.397	4.405	4.369	4.497	4.294			4.214	4.146	4.084	4.266	4.173	4.143	4.202
2.170	0.467	0.503	0.509	0.510	0.517			3.256	2.958	3.352	3.736	4.175			4.183	4.062	4.016	4.279	4.548			4.383	4.409	4.378	4.515	4.340			4.212	4.176	4.087	4.278	4.182	4.181	4.204
2.180	0.466	0.506	0.510	0.512	0.515			3.285	2.971	3.354	3.759	4.205			4.178	4.051	4.004	4.235	4.542			4.370	4.411	4.363	4.508	4.329			4.212	4.143	4.108	4.248	4.185	4.164	4.209
2.189	0.466	0.508	0.513	0.512	0.516			3.286	2.972	3.375	3.786	4.199			4.199	4.071	4.027	4.252	4.566			4.407	4.403	4.349	4.504	4.342			4.221	4.160	4.127	4.267	4.179	4.183	4.214
2.198	0.471	0.508	0.509	0.510	0.515			3.299	2.969	3.335	3.777	4.203			4.176	4.045	4.006	4.255	4.546			4.378	4.417	4.379	4.503	4.338			4.206	4.157	4.145	4.257	4.171	4.198	4.223
2.207	0.469	0.506	0.511	0.511	0.515			3.295	2.976	3.325	3.797	4.235			4.201	4.063	4.017	4.289	4.569			4.411	4.418	4.389	4.509	4.357			4.243	4.175	4.127	4.263	4.188	4.177	4.226
2.217	0.470	0.507	0.515	0.515	0.515			3.304	2.985	3.363	3.798	4.211			4.218	4.099	4.018	4.256	4.571			4.423	4.443	4.368	4.549	4.335			4.219	4.172	4.140	4.279	4.208	4.179	4.213
2.226	0.469	0.506	0.512	0.511	0.517			3.308	2.997	3.364	3.776	4.232			4.189	4.083	4.044	4.275	4.588			4.415	4.444	4.396	4.545	4.381			4.253	4.183	4.147	4.263	4.180	4.219	4.219
2.235	0.470	0.509	0.511	0.516	0.515			3.313	2.994	3.353	3.820	4.255			4.193	4.074	4.038	4.293	4.566			4.423	4.446	4.421	4.520	4.373			4.239	4.173	4.143	4.276	4.203	4.172	4.251
2.244	0.469	0.507	0.514	0.513	0.520			3.303	3.004	3.371	3.813	4.217			4.196	4.104	4.022	4.292	4.564			4.403	4.455	4.386	4.521	4.356			4.258	4.177	4.132	4.272	4.179	4.179	4.235
2.254	0.467	0.509	0.516	0.515	0.516			3.298	2.989	3.377	3.820	4.253			4.205	4.099	4.047	4.273	4.594			4.415	4.452	4.406	4.561	4.362			4.232	4.191	4.126	4.300	4.187	4.194	4.249
2.263	0.469	0.510	0.516	0.512	0.517			3.316	3.004	3.397	3.807	4.234			4.202	4.100	4.029	4.294	4.578			4.422	4.426	4.388	4.523	4.381			4.237	4.177	4.130	4.268	4.167	4.204	4.228
2.272	0.469	0.507	0.512	0.513	0.518			3.325	3.006	3.389	3.821	4.259			4.223	4.093	4.033	4.273	4.608			4.393	4.447	4.404	4.524	4.351			4.246	4.167	4.131	4.255	4.195	4.215	4.234
2.281	0.472	0.508	0.514	0.516	0.515			3.332	3.018	3.386	3.827	4.231			4.202	4.083	4.056	4.279	4.592			4.428	4.411	4.420	4.555	4.363			4.217	4.159	4.133	4.276	4.183	4.205	4.237
2.291	0.468	0.509	0.516	0.512	0.519			3.328	3.016	3.394	3.828	4.250			4.220	4.094	4.052	4.282	4.571			4.410	4.430	4.385	4.540	4.362			4.253	4.140	4.131	4.271	4.201	4.213	4.214
2.300	0.467	0.510	0.512	0.515	0.520			3.320	3.034	3.379	3.850	4.237			4.219	4.107	4.060	4.308	4.566			4.381	4.468	4.396	4.521	4.349			4.237	4.156	4.116	4.280	4.188	4.202	4.259
2.309	0.467	0.507	0.514	0.514	0.520			3.340	3.030	3.400	3.838	4.234			4.206	4.094	4.035	4.272	4.591			4.415	4.457	4.378	4.512	4.359			4.233	4.169	4.128	4.262	4.182	4.177	4.209
2.318	0.467	0.504	0.512	0.513	0.517			3.318	3.019	3.380	3.813	4.268			4.222	4.083	4.042	4.301	4.561			4.410	4.458	4.386	4.513	4.353			4.223	4.147	4.115	4.253	4.153	4.189	4.251
2.328	0.469	0.509	0.511	0.515	0.516			3.334	3.012	3.403	3.826	4.252			4.208	4.096	4.073	4.286	4.608			4.416	4.441	4.394	4.513	4.369			4.194	4.165	4.119	4.261	4.175	4.192	4.227
2.337	0.468	0.510	0.515	0.518	0.516			3.349	3.018	3.401	3.844	4.270			4.218	4.094	4.057	4.302	4.623			4.414	4.425	4.373	4.517	4.365			4.218	4.172	4.123	4.258	4.181	4.218	4.207
2.346	0.470	0.508	0.513	0.515	0.521			3.334	3.030	3.387	3.861	4.247			4.247	4.094	4.053	4.310	4.591			4.437	4.447	4.419	4.537	4.353			4.204	4.159	4.104	4.277	4.176	4.191	4.220
2.355	0.470	0.505	0.509	0.514	0.519			3.342	3.039	3.385	3.837	4.274			4.248	4.101	4.070	4.314	4.590			4.416	4.435	4.394	4.525	4.377			4.190	4.173	4.125	4.259	4.188	4.212	4.233
2.364	0.468	0.512	0.513	0.512	0.516			3.349	3.024	3.410	3.868	4.271			4.223	4.101	4.050	4.281	4.594			4.407	4.460	4.408	4.525	4.376			4.229	4.166	4.104	4.269	4.190	4.176	4.200
2.374	0.466	0.508	0.517	0.513	0.521			3.339	3.022	3.406	3.841	4.261			4.230	4.109	4.074	4.310	4.612			4.415	4.453	4.393	4.566	4.371			4.232	4.160	4.095	4.244	4.167	4.180	4.226
2.383	0.471	0.506	0.517	0.514	0.516			3.335	3.037	3.395	3.851	4.260			4.236	4.091	4.083	4.295	4.601			4.440	4.476	4.389	4.537	4.358			4.218	4.170	4.126	4.259	4.188	4.216	4.237
2.392	0.468	0.509	0.513	0.513	0.521			3.351	3.051	3.427	3.886	4.260			4.240	4.105	4.059	4.310	4.612			4.414	4.442	4.403	4.552	4.362			4.249	4.153	4.131	4.281	4.189	4.206	4.202
2.401	0.470	0.511	0.511	0.514	0.519			3.368	3.037	3.425	3.858	4.284			4.211	4.136	4.056	4.309	4.624			4.436	4.471	4.408	4.561	4.356			4.230	4.168	4.125	4.302	4.168	4.170	4.225
2.411	0.471	0.511	0.513	0.512	0.518			3.341	3.061	3.425	3.863	4.284			4.239	4.115	4.074	4.345	4.590			4.458	4.468	4.407	4.543	4.383			4.249	4.177	4.147	4.264	4.194	4.190	4.240
2.420	0.471	0.513	0.514	0.518	0.517			3.365	3.057	3.437	3.867	4.285			4.257	4.120	4.076	4.307	4.599			4.416	4.459	4.452	4.552	4.382			4.227	4.155	4.158	4.293	4.192	4.193	4.235
2.429	0.468	0.512	0.516	0.517	0.518			3.370	3.060	3.420	3.885	4.295			4.278	4.146	4.085	4.297	4.618			4.470	4.470	4.436	4.589	4.408			4.263	4.183	4.145	4.288	4.183	4.207	4.209
2.438	0.472	0.512	0.514	0.516	0.520			3.386	3.061	3.451	3.888	4.305			4.280	4.134	4.108	4.325	4.626			4.463	4.486	4.427	4.563	4.413			4.238	4.196	4.135	4.287	4.216	4.202	4.248
2.448	0.471	0.510	0.518	0.518	0.521			3.385	3.081	3.439	3.901	4.333			4.275	4.151	4.111	4.338	4.628			4.449	4.462	4.436	4.569	4.394			4.251	4.192	4.122	4.299	4.199	4.201	4.235
2.457	0.472	0.512	0.514	0.517	0.520			3.388	3.077	3.455	3.910	4.304			4.263	4.155	4.100	4.361	4.639			4.472	4.466	4.434	4.573	4.399			4.239	4.175	4.155	4.287	4.194	4.205	4.243
2.466	0.470	0.511	0.517	0.518	0.524			3.372	3.087	3.443	3.904	4.319			4.288	4.169	4.096	4.372	4.638			4.454	4.510	4.445	4.556	4.399			4.245	4.196	4.151	4.267	4.226	4.206	4.242
2.475	0.473	0.510	0.515	0.523	0.523			3.393	3.072	3.464	3.911	4.320			4.272	4.105	4.119	4.341	4.630			4.451	4.517	4.457	4.615	4.412			4.258	4.206	4.158	4.302	4.239	4.237	4.256
2.485	0.478	0.511	0.517	0.520	0.522			3.412	3.089	3.483	3.925	4.316			4.329	4.187	4.114	4.341	4.632			4.469	4.475	4.465	4.609	4.423			4.270	4.176	4.159	4.291	4.227	4.227	4.247
2.494	0.472	0.512	0.514	0.519	0.524			3.401	3.089	3.462	3.923	4.319			4.306	4.187	4.116	4.360	4.653			4.470	4.505	4.455	4.603	4.430			4.269	4.178	4.157	4.300	4.235	4.224	4.253
2.503	0.472	0.512	0.516	0.515	0.524			3.393	3.078	3.464	3.923	4.334			4.297	4.161	4.125	4.359	4.679			4.468	4.502	4.460	4.602	4.442			4.247	4.213	4.142	4.304	4.214	4.236	4.241
2.512	0.473	0.516	0.521	0.520	0.520			3.412	3.095	3.479	3.947	4.366			4.315	4.182	4.112	4.350	4.657			4.467	4.497	4.477	4.596	4.428			4.252	4.172	4.166	4.312	4.239	4.230	4.270
2.521	0.473	0.517	0.519	0.520	0.523			3.413	3.100	3.476	3.937	4.329			4.295	4.172	4.129	4.370	4.671			4.509	4.497	4.460	4.604	4.440			4.251	4.194	4.150	4.330	4.223	4.231	4.282
2.531	0.475	0.513	0.519	0.519	0.525			3.398	3.098	3.484	3.944	4.370			4.304	4.174	4.121	4.384	4.678			4.469	4.516	4.470	4.605	4.427			4.264	4.186	4.151	4.313	4.246	4.227	4.262
2.540	0.474	0.513	0.517	0.522	0.525			3.437	3.107	3.489	3.927	4.355			4.310	4.189	4.137	4.386	4.659			4.505	4.508	4.473	4.625	4.421			4.258	4.189	4.147	4.299	4.222	4.217	4.271
2.549	0.473	0.513	0.521	0.521	0.522			3.446	3.116	3.482	3.972	4.370			4.321	4.162	4.156	4.383	4.702			4.493	4.525	4.486	4.602	4.429			4.281	4.203	4.148	4.313	4.240	4.230	4.286
2.558	0.476	0.515	0.520	0.522	0.525			3.428	3.127	3.488	3.952	4.391			4.319	4.186	4.142	4.380	4.686			4.476	4.500	4.482	4.623	4.420			4.265	4.193	4.190	4.320	4.230	4.207	4.262
2.568	0.473	0.511	0.521	0.521	0.526			3.412	3.115	3.504	3.952	4.369			4.320	4.171	4.146	4.391	4.694			4.505	4.522	4.493	4.600	4.436			4.281	4.212	4.188	4.335	4.250	4.242	4.270
2.577	0.470	0.507	0.509	0.514	0.521			3.373	3.061	3.468	3.896	4.314			4.273	4.111	4.085	4.312	4.635			4.435	4.475	4.414	4.543	4.393			4.200	4.130	4.096	4.261	4.186	4.164	4.226
2.586	0.467	0.507	0.515	0.516	0.519			3.397	3.091	3.457	3.931	4.359			4.278	4.147	4.119	4.329	4.631			4.463	4.450	4.424	4.598	4.390			4.225	4.175	4.140	4.283	4.179	4.190	4.232
2.595	0.469	0.511	0.518	0.520	0.518			3.420	3.102	3.490	3.948	4.382			4.323	4.146	4.164	4.366	4.677			4.472	4.516	4.458	4.592	4.409			4.252	4.167	4.143	4.287	4.222	4.215	4.232
2.605	0.475	0.512	0.517	0.520	0.526			3.424	3.119	3.482	3.966	4.387			4.309	4.193	4.196	4.387	4.676			4.484	4.524	4.476	4.611	4.443			4.288	4.226	4.144	4.307	4.206	4.247	4.273
2.614	0.472	0.510	0.523	0.520	0.526			3.421	3.105	3.494	3.955	4.369			4.327	4.209	4.179	4.369	4.694			4.482	4.531	4.483	4.596	4.415			4.252	4.206	4.139	4.308	4.251	4.235	4.290
2.623	0.474	0.515	0.521	0.527	0.523			3.453	3.129	3.494	3.954	4.390			4.335	4.203	4.192	4.397	4.686			4.487	4.507	4.485	4.611	4.440			4.263	4.195	4.150	4.320	4.238	4.243	4.278
2.632	0.474	0.515	0.521	0.524	0.528			3.445	3.151	3.508	3.983	4.397			4.345	4.206	4.156	4.376	4.680			4.494	4.522	4.503	4.621	4.426			4.243	4.204	4.174	4.306	4.260	4.243	4.294
2.642	0.475	0.517	0.526	0.518	0.528			3.456	3.126	3.530	4.009	4.397			4.332	4.214	4.182	4.399	4.702			4.521	4.511	4.494	4.652	4.446			4.257	4.204	4.163	4.308	4.248	4.245	4.248
2.651	0.475	0.520	0.522	0.523	0.526			3.442	3.140	3.511	4.002	4.411			4.310	4.197	4.180	4.398	4.705			4.505	4.557	4.487	4.658	4.412			4.258	4.214	4.182	4.320	4.248	4.227	4.296
2.660	0.477	0.518	0.520	0.525	0.526			3.453	3.152	3.515	4.031	4.390			4.342	4.197	4.208	4.427	4.731			4.505	4.543	4.514	4.663	4.432			4.273	4.202	4.168	4.309	4.244	4.245	4.297
2.669	0.473	0.516	0.520	0.525	0.527			3.454	3.160	3.526	4.009	4.413			4.350	4.219	4.196	4.398	4.726			4.525	4.581	4.518	4.654	4.447			4.296	4.213	4.184	4.323	4.241	4.249	4.296
2.678	0.478	0.517	0.522	0.523	0.526			3.472	3.171	3.547	4.028	4.420			4.350	4.225	4.223	4.399	4.725			4.518	4.559	4.524	4.626	4.437			4.273	4.219	4.176	4.340	4.261	4.253	4.271
2.688	0.475	0.518	0.520	0.524	0.529			3.468	3.175	3.536	4.016	4.436			4.351	4.238	4.201	4.417	4.710			4.497	4.558	4.500	4.661	4.471			4.306	4.238	4.178	4.333	4.254	4.241	4.289
2.697	0.474	0.519	0.526	0.520	0.526			3.449	3.166	3.517	4.013	4.434			4.363	4.208	4.226	4.442	4.724			4.537	4.545	4.488	4.639	4.464			4.286	4.224	4.177	4.335	4.238	4.249	4.277
2.706	0.480	0.523	0.524	0.521	0.526			3.472	3.157	3.544	4.009	4.438			4.362	4.218	4.224	4.429	4.725			4.538	4.551	4.504	4.634	4.483			4.282	4.241	4.170	4.363	4.253	4.261	4.302
2.715	0.473	0.516	0.522	0.522	0.529			3.472	3.173	3.547	4.004	4.459			4.378	4.234	4.212	4.436	4.722			4.536	4.567	4.549	4.618	4.468			4.302	4.217	4.202	4.367	4.275	4.236	4.276
2.725	0.479	0.520	0.527	0.526	0.527			3.488	3.174	3.553	4.025	4.452			4.398	4.236	4.245	4.460	4.754			4.533	4.553	4.535	4.669	4.460			4.297	4.211	4.194	4.332	4.267	4.268	4.309
2.734	0.478	0.520	0.527	0.525	0.530			3.482	3.193	3.555	4.065	4.483			4.395	4.273	4.270	4.434	4.748			4.561	4.590	4.560	4.699	4.477			4.311	4.236	4.218	4.350	4.272	4.276	4.323
2.743	0.479	0.522	0.524	0.527	0.527			3.498	3.192	3.560	4.024	4.469			4.361	4.242	4.225	4.457	4.761			4.534	4.555	4.524	4.667	4.480			4.283	4.225	4.199	4.337	4.275	4.284	4.312
2.752	0.479	0.520	0.524	0.526	0.531			3.490	3.197	3.566	4.035	4.479			4.371	4.215	4.224	4.434	4.757			4.533	4.562	4.561	4.645	4.484			4.301	4.240	4.170	4.353	4.271	4.283	4.291
2.762	0.478	0.524	0.524	0.524	0.533			3.506	3.195	3.561	4.050	4.479			4.417	4.260	4.248	4.455	4.756			4.572	4.614	4.509	4.674	4.491			4.310	4.261	4.177	4.333	4.268	4.282	4.309
2.771	0.477	0.517	0.524	0.525	0.530			3.497	3.200	3.559	4.061	4.479			4.397	4.267	4.255	4.469	4.751			4.526	4.595	4.523	4.699	4.467			4.300	4.234	4.199	4.332	4.300	4.278	4.327
2.780	0.479	0.523	0.526	0.529	0.533			3.485	3.191	3.571	4.054	4.488			4.395	4.285	4.258	4.473	4.745			4.567	4.573	4.558	4.680	4.498			4.315	4.212	4.199	4.342	4.269	4.253	4.327
2.789	0.481	0.521	0.525	0.525	0.531			3.507	3.195	3.587	4.061	4.491			4.393	4.275	4.239	4.451	4.769			4.544	4.578	4.555	4.699	4.488			4.295	4.247	4.205	4.350	4.286	4.272	4.305
2.799	0.479	0.521	0.525	0.528	0.534			3.521	3.197	3.585	4.038	4.453			4.385	4.262	4.259	4.465	4.788			4.543	4.592	4.578	4.671	4.485			4.311	4.240	4.197	4.317	4.268	4.254	4.308
2.808	0.481	0.522	0.525	0.526	0.531			3.506	3.204	3.584	4.083	4.492			4.399	4.245	4.244	4.462	4.776			4.546	4.579	4.559	4.691	4.505			4.303	4.233	4.218	4.354	4.248	4.293	4.310
2.817	0.479	0.518	0.527	0.530	0.533			3.516	3.195	3.595	4.058	4.506			4.398	4.276	4.246	4.480	4.765			4.545	4.593	4.560	4.708	4.508			4.311	4.245	4.206	4.355	4.252	4.280	4.306
2.826	0.480	0.522	0.527	0.528	0.532			3.504	3.198	3.583	4.078	4.499			4.434	4.273	4.250	4.479	4.753			4.555	4.574	4.569	4.719	4.494			4.305	4.243	4.235	4.359	4.294	4.272	4.307
2.835	0.477	0.523	0.526	0.527	0.531			3.517	3.216	3.590	4.079	4.473			4.430	4.280	4.254	4.441	4.791			4.576	4.570	4.553	4.696	4.482			4.308	4.233	4.192	4.346	4.278	4.279	4.347
2.845	0.478	0.517	0.526	0.527	0.528			3.517	3.216	3.590	4.094	4.485			4.420	4.290	4.256	4.494	4.813			4.540	4.590	4.537	4.706	4.524			4.299	4.240	4.206	4.380	4.283	4.274	4.325
2.854	0.479	0.523	0.526	0.527	0.531			3.525	3.213	3.582	4.124	4.508			4.434	4.287	4.248	4.490	4.789			4.567	4.607	4.562	4.694	4.517			4.326	4.237	4.208	4.363	4.265	4.270	4.317
2.863	0.481	0.524	0.526	0.529	0.532			3.529	3.219	3.582	4.102	4.491			4.464	4.293	4.258	4.478	4.772			4.539	4.599	4.600	4.688	4.483			4.302	4.231	4.201	4.373	4.274	4.261	4.348
2.872	0.478	0.522	0.528	0.527	0.532			3.525	3.230	3.614	4.088	4.493			4.444	4.300	4.271	4.491	4.790			4.563	4.596	4.576	4.701	4.502			4.308	4.260	4.222	4.368	4.318	4.287	4.329
2.882	0.482	0.523	0.528	0.530	0.530			3.559	3.227	3.616	4.103	4.499			4.423	4.307	4.272	4.509	4.786			4.561	4.629	4.555	4.706	4.500			4.315	4.252	4.220	4.352	4.267	4.263	4.337
2.891	0.480	0.521	0.529	0.529	0.530			3.533	3.216	3.629	4.124	4.517			4.429	4.271	4.314	4.517	4.803			4.565	4.610	4.577	4.729	4.535			4.334	4.257	4.214	4.370	4.291	4.271	4.340
2.900	0.482	0.524	0.532	0.529	0.533			3.543	3.231	3.623	4.097	4.523			4.457	4.318	4.303	4.526	4.803			4.586	4.625	4.582	4.706	4.517			4.314	4.267	4.239	4.403	4.298	4.312	4.314
2.909	0.479	0.527	0.531	0.533	0.535			3.548	3.235	3.618	4.153	4.536			4.451	4.285	4.280	4.492	4.765			4.599	4.630	4.587	4.716	4.516			4.333	4.270	4.235	4.403	4.308	4.313	4.319
2.919	0.479	0.523	0.529	0.529	0.534			3.558	3.251	3.620	4.108	4.544			4.467	4.348	4.286	4.524	4.823			4.603	4.663	4.575	4.719	4.511			4.329	4.259	4.235	4.372	4.306	4.310	4.344
2.928	0.480	0.525	0.527	0.529	0.534			3.556	3.247	3.617	4.126	4.552			4.467	4.321	4.294	4.520	4.820			4.616	4.625	4.602	4.715	4.545			4.336	4.272	4.249	4.390	4.317	4.308	4.345
2.937	0.480	0.523	0.528	0.531	0.540			3.537	3.256	3.625	4.128	4.546			4.478	4.309	4.294	4.512	4.802			4.618	4.644	4.602	4.711	4.522			4.324	4.244	4.223	4.381	4.292	4.295	4.318
2.946	0.483	0.524	0.533	0.532	0.532			3.582	3.273	3.640	4.162	4.545			4.448	4.274	4.313	4.509	4.795			4.608	4.626	4.580	4.720	4.546			4.336	4.239	4.227	4.377	4.313	4.325	4.349
2.956	0.480	0.527	0.527	0.532	0.537			3.556	3.247	3.642	4.141	4.563			4.457	4.343	4.309	4.525	4.838			4.589	4.624	4.608	4.723	4.527			4.344	4.267	4.220	4.392	4.311	4.299	4.347
2.965	0.479	0.524	0.531	0.528	0.534			3.562	3.259	3.663	4.149	4.573			4.468	4.332	4.285	4.529	4.827			4.602	4.660	4.598	4.748	4.552			4.349	4.270	4.204	4.408	4.333	4.285	4.348
2.974	0.478	0.527	0.530	0.531	0.536			3.547	3.239	3.652	4.152	4.553			4.480	4.335	4.302	4.517	4.827			4.599	4.634	4.609	4.754	4.521			4.359	4.263	4.239	4.380	4.308	4.329	4.351
2.983	0.485	0.530	0.531	0.528	0.533			3.553	3.248	3.660	4.138	4.559			4.478	4.324	4.309	4.537	4.831			4.602	4.666	4.580	4.730	4.542			4.328	4.277	4.235	4.396	4.297	4.302	4.351
2.993	0.482	0.528	0.532	0.530	0.538			3.570	3.252	3.660	4.163	4.533			4.447	4.337	4.317	4.503	4.836			4.610	4.637	4.583	4.757	4.539			4.343	4.282	4.219	4.391	4.302	4.298	4.362
3.002	0.486	0.526	0.533	0.529	0.538			3.560	3.260	3.660	4.185	4.592			4.487	4.349	4.327	4.559	4.864			4.632	4.638	4.628	4.767	4.572			4.355	4.306	4.240	4.392	4.330	4.325	4.356
3.011	0.485	0.528	0.534	0.535	0.539			3.583	3.268	3.669	4.163	4.577			4.485	4.362	4.334	4.549	4.849			4.602	4.682	4.593	4.748	4.553			4.336	4.285	4.223	4.397	4.303	4.337	4.345
3.020	0.483	0.532	0.533	0.532	0.539			3.610	3.285	3.671	4.200	4.585			4.523	4.382	4.353	4.572	4.877			4.624	4.677	4.629	4.798	4.531			4.369	4.292	4.245	4.407	4.333	4.330	4.365
3.029	0.484	0.526	0.532	0.535	0.539			3.598	3.291	3.698	4.200	4.606			4.514	4.381	4.331	4.557	4.874			4.640	4.676	4.604	4.753	4.580			4.374	4.292	4.251	4.423	4.347	4.350	4.354
3.039	0.481	0.527	0.534	0.533	0.539			3.593	3.285	3.678	4.196	4.596			4.517	4.372	4.344	4.571	4.840			4.667	4.701	4.661	4.770	4.573			4.344	4.286	4.281	4.419	4.334	4.322	4.396
3.048	0.482	0.527	0.533	0.534	0.539			3.621	3.313	3.709	4.181	4.604			4.544	4.373	4.332	4.536	4.852			4.645	4.690	4.653	4.783	4.590			4.364	4.297	4.259	4.396	4.342	4.332	4.376
3.057	0.486	0.533	0.540	0.533	0.542			3.600	3.277	3.700	4.205	4.630			4.496	4.377	4.355	4.596	4.859			4.642	4.700	4.641	4.783	4.602			4.373	4.294	4.282	4.403	4.327	4.325	4.397
3.066	0.484	0.530	0.533	0.536	0.540			3.596	3.310	3.711	4.205	4.631			4.533	4.407	4.360	4.583	4.883			4.645	4.709	4.679	4.785	4.593			4.379	4.291	4.250	4.440	4.344	4.333	4.371
3.076	0.484	0.526	0.533	0.535	0.539			3.610	3.290	3.697	4.201	4.640			4.528	4.396	4.354	4.564	4.899			4.660	4.680	4.654	4.795	4.615			4.390	4.302	4.275	4.432	4.323	4.312	4.387
3.085	0.487	0.533	0.536	0.537	0.543			3.601	3.311	3.722	4.224	4.614			4.549	4.387	4.363	4.605	4.888			4.646	4.693	4.614	4.779	4.588			4.362	4.333	4.271	4.444	4.359	4.320	4.405
3.094	0.485	0.528	0.533	0.534	0.541			3.620	3.311	3.725	4.218	4.645			4.530	4.378	4.360	4.596	4.885			4.685	4.711	4.641	4.799	4.572			4.370	4.299	4.267	4.443	4.357	4.339	4.398
3.103	0.485	0.530	0.537	0.540	0.542			3.621	3.311	3.709	4.205	4.632			4.556	4.402	4.355	4.599	4.873			4.652	4.731	4.658	4.771	4.582			4.393	4.293	4.265	4.415	4.355	4.356	4.418
3.113	0.485	0.532	0.533	0.537	0.540			3.608	3.307	3.722	4.221	4.656			4.557	4.405	4.367	4.616	4.916			4.670	4.713	4.672	4.803	4.593			4.361	4.330	4.275	4.415	4.343	4.343	4.394
3.122	0.487	0.530	0.536	0.539	0.543			3.648	3.312	3.718	4.213	4.618			4.548	4.403	4.376	4.581	4.888			4.682	4.694	4.667	4.834	4.615			4.351	4.311	4.260	4.458	4.361	4.317	4.385
3.131	0.485	0.533	0.536	0.536	0.542			3.633	3.314	3.717	4.240	4.668			4.556	4.400	4.357	4.614	4.927			4.671	4.718	4.699	4.786	4.585			4.366	4.320	4.274	4.435	4.365	4.351	4.397
3.140	0.487	0.530	0.534	0.538	0.542			3.644	3.330	3.729	4.259	4.654			4.578	4.406	4.372	4.627	4.886			4.678	4.682	4.671	4.788	4.587			4.385	4.299	4.285	4.418	4.375	4.354	4.385
3.150	0.485	0.531	0.537	0.538	0.543			3.647	3.334	3.751	4.233	4.664			4.563	4.427	4.378	4.621	4.937			4.653	4.712	4.698	4.799	4.602			4.392	4.333	4.280	4.457	4.394	4.354	4.412
3.159	0.484	0.529	0.536	0.536	0.543			3.639	3.332	3.743	4.232	4.687			4.546	4.407	4.371	4.624	4.941			4.678	4.704	4.684	4.812	4.617			4.404	4.335	4.288	4.442	4.373	4.336	4.430
3.168	0.488	0.535	0.541	0.540	0.539			3.643	3.338	3.728	4.228	4.669			4.600	4.397	4.393	4.601	4.929			4.668	4.725	4.668	4.826	4.602			4.408	4.352	4.267	4.431	4.352	4.366	4.413
3.177	0.486	0.533	0.535	0.540	0.543			3.674	3.318	3.755	4.245	4.706			4.570	4.426	4.387	4.622	4.918			4.665	4.727	4.698	4.852	4.634			4.419	4.345	4.267	4.442	4.354	4.366	4.394
3.186	0.492	0.535	0.539	0.540	0.542			3.670	3.317	3.743	4.255	4.657			4.563	4.431	4.409	4.630	4.926			4.686	4.716	4.680	4.854	4.642			4.404	4.331	4.305	4.436	4.353	4.343	4.397
3.196	0.484	0.532	0.536	0.537	0.542			3.666	3.337	3.747	4.247	4.670			4.531	4.440	4.398	4.626	4.929			4.697	4.718	4.681	4.824	4.633			4.400	4.343	4.285	4.443	4.391	4.366	4.403
3.205	0.488	0.534	0.539	0.539	0.542			3.682	3.340	3.766	4.251	4.703			4.575	4.411	4.413	4.626	4.931			4.715	4.725	4.699	4.842	4.618			4.391	4.331	4.289	4.434	4.366	4.349	4.432
3.214	0.487	0.534	0.539	0.539	0.546			3.670	3.367	3.761	4.270	4.693			4.597	4.437	4.406	4.619	4.933			4.711	4.724	4.693	4.833	4.637			4.395	4.333	4.318	4.467	4.396	4.354	4.408
3.223	0.488	0.536	0.543	0.543	0.547			3.673	3.338	3.763	4.260	4.696			4.589	4.441	4.424	4.623	4.928			4.711	4.741	4.724	4.829	4.626			4.405	4.327	4.316	4.484	4.391	4.345	4.414
3.233	0.488	0.536	0.543	0.541	0.544			3.681	3.354	3.756	4.276	4.701			4.596	4.439	4.380	4.630	4.961			4.717	4.720	4.708	4.831	4.637			4.421	4.348	4.290	4.466	4.370	4.361	4.417
3.242	0.485	0.537	0.540	0.538	0.547			3.683	3.367	3.778	4.257	4.746			4.620	4.445	4.428	4.663	4.955			4.715	4.761	4.729	4.852	4.670			4.405	4.363	4.311	4.480	4.394	4.396	4.457
3.251	0.491	0.536	0.538	0.541	0.543			3.687	3.360	3.774	4.305	4.719			4.619	4.449	4.420	4.665	4.944			4.716	4.749	4.732	4.873	4.664			4.423	4.385	4.314	4.474	4.406	4.387	4.453
3.260	0.490	0.537	0.536	0.541	0.548			3.724	3.376	3.772	4.313	4.724			4.620	4.455	4.436	4.646	4.964			4.734	4.765	4.746	4.874	4.653			4.440	4.385	4.327	4.478	4.394	4.393	4.443
3.270	0.489	0.538	0.541	0.542	0.550			3.722	3.364	3.782	4.272	4.739			4.647	4.476	4.434	4.658	4.967			4.731	4.770	4.726	4.881	4.656			4.430	4.368	4.326	4.463	4.386	4.385	4.437
3.279	0.494	0.534	0.542	0.543	0.548			3.721	3.379	3.807	4.304	4.748			4.635	4.492	4.434	4.664	4.964			4.740	4.765	4.755	4.868	4.667			4.447	4.360	4.308	4.466	4.397	4.388	4.449
3.288	0.490	0.537	0.545	0.545	0.547			3.706	3.382	3.789	4.320	4.740			4.605	4.479	4.462	4.681	4.986			4.744	4.778	4.726	4.855	4.648			4.423	4.368	4.325	4.482	4.393	4.395	4.460
3.297	0.491	0.535	0.542	0.542	0.547			3.726	3.393	3.799	4.314	4.747			4.649	4.470	4.460	4.683	4.973			4.717	4.791	4.737	4.873	4.669			4.453	4.359	4.315	4.495	4.422	4.405	4.428
3.307	0.493	0.537	0.540	0.541	0.547			3.739	3.394	3.790	4.318	4.737			4.612	4.471	4.436	4.653	4.970			4.727	4.768	4.746	4.881	4.670			4.410	4.359	4.311	4.466	4.393	4.399	4.463
3.316	0.489	0.533	0.540	0.544	0.548			3.719	3.400	3.784	4.323	4.765			4.634	4.478	4.437	4.671	4.982			4.733	4.807	4.742	4.892	4.690			4.424	4.356	4.326	4.478	4.396	4.403	4.430
3.325	0.489	0.535	0.544	0.547	0.548			3.714	3.410	3.816	4.335	4.760			4.632	4.499	4.444	4.683	4.989			4.734	4.802	4.720	4.892	4.673			4.443	4.377	4.319	4.473	4.381	4.397	4.449
3.334	0.490	0.534	0.542	0.543	0.547			3.742	3.414	3.811	4.341	4.772			4.626	4.516	4.446	4.697	4.995			4.760	4.784	4.766	4.892	4.681			4.448	4.387	4.330	4.497	4.420	4.411	4.471
3.343	0.494	0.539	0.539	0.546	0.552			3.746	3.422	3.819	4.364	4.774			4.643	4.526	4.489	4.705	5.017			4.728	4.811	4.765	4.898	4.686			4.444	4.405	4.332	4.525	4.421	4.436	4.492
3.353	0.494	0.536	0.541	0.545	0.551			3.742	3.401	3.812	4.357	4.759			4.643	4.497	4.507	4.671	5.009			4.755	4.806	4.758	4.917	4.677			4.452	4.390	4.339	4.499	4.424	4.438	4.458
3.362	0.494	0.536	0.544	0.545	0.548			3.739	3.409	3.824	4.382	4.764			4.655	4.501	4.489	4.690	4.974			4.768	4.840	4.768	4.884	4.684			4.430	4.366	4.352	4.522	4.440	4.397	4.459
3.371	0.494	0.538	0.548	0.547	0.552			3.732	3.427	3.828	4.368	4.773			4.649	4.519	4.478	4.715	5.036			4.752	4.801	4.766	4.893	4.688			4.472	4.411	4.342	4.510	4.426	4.424	4.461
3.380	0.490	0.541	0.542	0.544	0.550			3.733	3.427	3.824	4.376	4.807			4.670	4.514	4.486	4.702	5.049			4.760	4.822	4.773	4.912	4.681			4.468	4.404	4.342	4.525	4.439	4.409	4.484
3.390	0.495	0.539	0.543	0.547	0.548			3.750	3.419	3.828	4.362	4.809			4.681	4.501	4.474	4.685	5.012			4.747	4.810	4.767	4.898	4.684			4.468	4.401	4.347	4.523	4.414	4.417	4.493
3.399	0.493	0.538	0.541	0.545	0.546			3.736	3.439	3.849	4.351	4.760			4.696	4.487	4.477	4.718	5.029			4.762	4.807	4.782	4.906	4.676			4.456	4.382	4.323	4.502	4.409	4.420	4.444
3.408	0.489	0.535	0.543	0.544	0.552			3.741	3.414	3.830	4.351	4.763			4.661	4.497	4.492	4.709	5.021			4.752	4.836	4.786	4.890	4.671			4.446	4.372	4.324	4.486	4.414	4.391	4.491
3.417	0.493	0.534	0.545	0.542	0.550			3.737	3.419	3.817	4.375	4.806			4.668	4.521	4.483	4.706	5.007			4.745	4.817	4.760	4.898	4.684			4.413	4.368	4.334	4.480	4.399	4.444	4.475
3.427	0.491	0.535	0.544	0.543	0.551			3.732	3.419	3.821	4.351	4.753			4.640	4.487	4.509	4.693	4.995			4.764	4.819	4.775	4.899	4.671			4.442	4.352	4.343	4.497	4.430	4.418	4.476
3.436	0.492	0.536	0.543	0.544	0.548			3.716	3.411	3.821	4.356	4.760			4.656	4.531	4.472	4.698	5.043			4.746	4.776	4.747	4.872	4.656			4.406	4.375	4.306	4.478	4.407	4.378	4.460
3.445	0.488	0.537	0.544	0.543	0.550			3.723	3.402	3.828	4.371	4.782			4.658	4.522	4.490	4.712	5.007			4.738	4.782	4.741	4.881	4.655			4.416	4.387	4.316	4.482	4.423	4.400	4.448
3.454	0.492	0.538	0.542	0.544	0.549			3.699	3.413	3.826	4.387	4.786			4.663	4.516	4.485	4.686	4.982			4.756	4.785	4.757	4.895	4.678			4.424	4.343	4.330	4.502	4.402	4.356	4.451
3.464	0.490	0.535	0.543	0.544	0.545			3.725	3.414	3.819	4.375	4.786			4.668	4.504	4.491	4.701	5.000			4.742	4.789	4.747	4.866	4.650			4.419	4.386	4.298	4.480	4.398	4.397	4.448
3.473	0.490	0.538	0.541	0.542	0.548			3.732	3.408	3.838	4.411	4.782			4.669	4.501	4.467	4.711	5.017			4.743	4.772	4.769	4.908	4.688			4.425	4.358	4.318	4.478	4.401	4.397	4.447
3.482	0.490	0.534	0.539	0.541	0.547			3.714	3.415	3.837	4.370	4.770			4.627	4.486	4.486	4.664	4.989			4.730	4.763	4.741	4.886	4.647			4.424	4.356	4.313	4.473	4.385	4.386	4.419
3.491	0.490	0.538	0.543	0.544	0.552			3.722	3.429	3.824	4.362	4.804			4.661	4.510	4.497	4.717	4.998			4.745	4.792	4.760	4.888	4.662			4.416	4.350	4.330	4.495	4.397	4.391	4.420
3.500	0.492	0.538	0.542	0.541	0.549			3.736	3.430	3.824	4.388	4.784			4.650	4.511	4.493	4.670	5.034			4.715	4.798	4.753	4.885	4.687			4.440	4.375	4.292	4.490	4.418	4.402	4.463
3.510	0.494	0.534	0.543	0.542	0.546			3.720	3.431	3.848	4.387	4.774			4.678	4.529	4.488	4.703	5.013			4.746	4.800	4.731	4.908	4.690			4.408	4.354	4.342	4.504	4.415	4.416	4.448
3.519	0.490	0.535	0.544	0.541	0.548			3.728	3.424	3.868	4.382	4.803			4.627	4.515	4.498	4.704	5.004			4.733	4.768	4.752	4.902	4.656			4.422	4.341	4.302	4.489	4.399	4.379	4.451
3.528	0.491	0.536	0.544	0.546	0.550			3.719	3.425	3.855	4.397	4.811			4.653	4.492	4.499	4.688	5.000			4.732	4.797	4.725	4.903	4.674			4.420	4.338	4.322	4.464	4.406	4.370	4.466
3.537	0.490	0.537	0.542	0.545	0.548			3.723	3.416	3.866	4.389	4.804			4.638	4.514	4.474	4.685	4.995			4.719	4.772	4.748	4.898	4.666			4.405	4.357	4.292	4.483	4.403	4.368	4.461
3.547	0.493	0.540	0.549	0.545	0.550			3.716	3.422	3.859	4.388	4.811			4.664	4.514	4.469	4.707	5.014			4.746	4.807	4.766	4.895	4.676			4.423	4.373	4.310	4.485	4.389	4.387	4.423
3.556	0.488	0.540	0.544	0.545	0.546			3.725	3.427	3.861	4.374	4.833			4.677	4.532	4.488	4.696	5.015			4.721	4.796	4.754	4.899	4.668			4.404	4.353	4.317	4.475	4.380	4.392	4.451
3.565	0.492	0.538	0.543	0.545	0.551			3.735	3.442	3.861	4.410	4.788			4.656	4.563	4.507	4.719	4.994			4.781	4.812	4.748	4.912	4.678			4.434	4.364	4.324	4.490	4.386	4.386	4.444
3.574	0.491	0.534	0.540	0.543	0.549			3.720	3.419	3.841	4.394	4.780			4.645	4.507	4.506	4.682	4.974			4.732	4.783	4.735	4.903	4.677			4.434	4.354	4.320	4.466	4.405	4.403	4.454
3.584	0.494	0.540	0.542	0.548	0.549			3.740	3.445	3.857	4.375	4.811			4.680	4.516	4.523	4.722	5.025			4.704	4.817	4.756	4.903	4.684			4.438	4.344	4.299	4.489	4.383	4.409	4.447
3.593	0.492	0.538	0.544	0.544	0.550			3.758	3.449	3.882	4.388	4.826			4.667	4.514	4.529	4.708	5.043			4.766	4.789	4.785	4.897	4.673			4.409	4.373	4.328	4.506	4.399	4.387	4.442
3.602	0.492	0.540	0.546	0.546	0.550			3.738	3.435	3.873	4.417	4.795			4.653	4.527	4.498	4.717	5.046			4.755	4.820	4.765	4.911	4.694			4.409	4.329	4.347	4.490	4.428	4.408	4.477
3.611	0.491	0.539	0.544	0.546	0.551			3.760	3.422	3.857	4.422	4.802			4.677	4.531	4.512	4.697	5.032			4.743	4.802	4.760	4.925	4.682			4.393	4.351	4.323	4.464	4.426	4.390	4.470
3.621	0.493	0.539	0.543	0.545	0.553			3.753	3.454	3.868	4.424	4.839			4.683	4.519	4.523	4.728	5.065			4.744	4.830	4.765	4.904	4.666			4.417	4.379	4.305	4.499	4.420	4.394	4.458
3.630	0.495	0.538	0.546	0.545	0.548			3.756	3.436	3.846	4.416	4.799			4.673	4.535	4.505	4.736	5.039			4.764	4.817	4.758	4.929	4.671			4.458	4.367	4.312	4.473	4.395	4.401	4.469
3.639	0.493	0.537	0.544	0.544	0.551			3.751	3.445	3.887	4.412	4.838			4.680	4.528	4.531	4.702	5.021			4.742	4.848	4.785	4.890	4.692			4.454	4.363	4.306	4.536	4.402	4.380	4.464
3.648	0.491	0.542	0.547	0.546	0.551			3.768	3.441	3.884	4.416	4.847			4.693	4.556	4.514	4.729	5.033			4.770	4.817	4.772	4.921	4.674			4.442	4.357	4.311	4.490	4.397	4.384	4.453
3.658	0.494	0.539	0.544	0.549	0.552			3.744	3.451	3.901	4.399	4.837			4.676	4.537	4.526	4.735	5.063			4.773	4.821	4.803	4.913	4.681			4.434	4.375	4.305	4.483	4.385	4.420	4.471
3.667	0.493	0.541	0.544	0.549	0.549			3.783	3.454	3.882	4.432	4.843			4.670	4.527	4.520	4.744	5.056			4.764	4.822	4.776	4.943	4.683			4.437	4.349	4.299	4.476	4.446	4.384	4.472
3.676	0.494	0.538	0.546	0.546	0.552			3.764	3.496	3.877	4.425	4.828			4.686	4.513	4.497	4.718	5.044			4.774	4.845	4.763	4.917	4.667			4.430	4.368	4.318	4.508	4.414	4.398	4.459
3.685	0.495	0.540	0.546	0.546	0.548			3.753	3.450	3.897	4.413	4.843			4.711	4.533	4.557	4.716	5.048			4.745	4.820	4.784	4.949	4.709			4.443	4.388	4.315	4.500	4.387	4.394	4.452
3.694	0.490	0.540	0.546	0.550	0.551			3.767	3.456	3.902	4.408	4.844			4.689	4.530	4.511	4.720	5.063			4.742	4.820	4.802	4.908	4.701			4.413	4.386	4.320	4.493	4.407	4.402	4.470
3.704	0.493	0.540	0.545	0.547	0.554			3.758	3.456	3.873	4.450	4.872			4.678	4.575	4.524	4.702	5.041			4.755	4.812	4.747	4.968	4.688			4.455	4.384	4.331	4.508	4.415	4.413	4.452
3.713	0.495	0.540	0.541	0.548	0.554			3.765	3.463	3.881	4.440	4.846			4.722	4.574	4.522	4.740	5.064			4.779	4.822	4.790	4.915	4.688			4.429	4.358	4.332	4.452	4.435	4.422	4.447
3.722	0.495	0.540	0.543	0.548	0.553			3.783	3.493	3.879	4.434	4.854			4.720	4.532	4.563	4.748	5.076			4.770	4.856	4.777	4.922	4.712			4.431	4.360	4.370	4.522	4.440	4.403	4.478
3.731	0.496	0.544	0.546	0.548	0.554			3.781	3.473	3.888	4.432	4.870			4.714	4.563	4.538	4.754	5.077			4.766	4.850	4.822	4.958	4.724			4.464	4.391	4.362	4.486	4.439	4.426	4.483
3.741	0.499	0.545	0.549	0.551	0.557			3.769	3.491	3.905	4.475	4.891			4.715	4.606	4.549	4.748	5.067			4.792	4.850	4.804	4.948	4.725			4.436	4.378	4.339	4.486	4.435	4.413	4.492
3.750	0.495	0.546	0.552	0.550	0.557			3.793	3.461	3.884	4.445	4.872			4.732	4.598	4.553	4.767	5.056			4.786	4.852	4.814	4.944	4.696			4.429	4.396	4.330	4.512	4.427	4.425	4.477
3.759	0.496	0.544	0.548	0.548	0.555			3.801	3.491	3.907	4.453	4.891			4.727	4.568	4.546	4.733	5.069			4.782	4.860	4.786	4.931	4.725			4.428	4.389	4.338	4.500	4.444	4.390	4.504
3.768	0.492	0.547	0.550	0.550	0.554			3.798	3.497	3.923	4.477	4.890			4.696	4.556	4.517	4.761	5.070			4.778	4.830	4.772	4.920	4.707			4.463	4.383	4.316	4.519	4.437	4.410	4.474
3.778	0.494	0.540	0.547	0.549	0.554			3.791	3.461	3.890	4.425	4.859			4.703	4.573	4.543	4.745	5.075			4.794	4.854	4.776	4.945	4.704			4.439	4.383	4.310	4.473	4.418	4.398	4.439
3.787	0.495	0.542	0.550	0.548	0.554			3.801	3.500	3.908	4.460	4.886			4.719	4.569	4.516	4.772	5.084			4.793	4.820	4.764	4.963	4.726			4.447	4.359	4.333	4.515	4.447	4.407	4.464
3.796	0.496	0.544	0.544	0.551	0.555			3.782	3.476	3.884	4.437	4.891			4.734	4.565	4.539	4.755	5.083			4.758	4.829	4.798	4.927	4.705			4.449	4.384	4.319	4.519	4.401	4.404	4.466
3.805	0.496	0.543	0.548	0.551	0.555			3.785	3.504	3.930	4.459	4.896			4.737	4.583	4.535	4.780	5.069			4.805	4.856	4.821	4.964	4.727			4.433	4.391	4.351	4.488	4.438	4.388	4.481
3.815	0.494	0.541	0.549	0.553	0.553			3.803	3.481	3.907	4.460	4.901			4.730	4.574	4.557	4.785	5.076			4.790	4.850	4.838	4.960	4.729			4.426	4.372	4.345	4.503	4.441	4.410	4.514
3.824	0.496	0.543	0.549	0.543	0.556			3.801	3.495	3.937	4.465	4.890			4.740	4.612	4.540	4.785	5.088			4.785	4.859	4.812	4.973	4.722			4.451	4.396	4.348	4.506	4.414	4.421	4.484
3.833	0.493	0.542	0.550	0.551	0.558			3.795	3.489	3.909	4.468	4.909			4.703	4.567	4.561	4.790	5.102			4.800	4.867	4.804	4.952	4.722			4.445	4.391	4.347	4.514	4.441	4.409	4.494
3.842	0.498	0.543	0.551	0.549	0.558			3.799	3.519	3.915	4.496	4.906			4.750	4.598	4.560	4.808	5.104			4.813	4.860	4.790	4.999	4.715			4.447	4.387	4.353	4.491	4.437	4.424	4.485
3.851	0.497	0.543	0.551	0.548	0.553			3.795	3.492	3.922	4.478	4.894			4.716	4.602	4.566	4.768	5.091			4.779	4.855	4.838	4.946	4.726			4.440	4.391	4.370	4.507	4.441	4.408	4.483
3.861	0.495	0.542	0.550	0.550	0.554			3.815	3.513	3.948	4.482	4.940			4.769	4.564	4.573	4.774	5.099			4.807	4.853	4.828	4.956	4.734			4.469	4.386	4.344	4.519	4.430	4.406	4.500
3.870	0.494	0.545	0.551	0.552	0.553			3.782	3.510	3.944	4.498	4.923			4.737	4.587	4.542	4.777	5.102			4.801	4.866	4.810	4.930	4.700			4.423	4.367	4.312	4.516	4.449	4.429	4.486
3.879	0.498	0.541	0.548	0.549	0.555			3.809	3.495	3.962	4.475	4.917			4.736	4.596	4.551	4.780	5.105			4.811	4.873	4.806	4.963	4.748			4.422	4.392	4.351	4.504	4.423	4.405	4.506
3.888	0.494	0.545	0.550	0.551	0.557			3.827	3.508	3.948	4.507	4.912			4.749	4.585	4.558	4.780	5.113			4.777	4.871	4.801	4.974	4.723			4.442	4.372	4.339	4.495	4.427	4.415	4.462
3.898	0.497	0.544	0.550	0.551	0.559			3.833	3.499	3.961	4.475	4.906			4.738	4.621	4.560	4.811	5.113			4.785	4.867	4.828	4.942	4.710			4.452	4.386	4.324	4.498	4.429	4.422	4.469
3.907	0.496	0.545	0.552	0.552	0.553			3.845	3.496	3.941	4.489	4.893			4.777	4.587	4.560	4.764	5.095			4.790	4.840	4.816	4.962	4.719			4.427	4.390	4.344	4.521	4.434	4.405	4.471
3.916	0.496	0.544	0.550	0.554	0.559			3.864	3.551	3.974	4.506	4.950			4.742	4.628	4.582	4.792	5.107			4.821	4.890	4.842	4.969	4.739			4.468	4.417	4.344	4.553	4.466	4.422	4.497
3.925	0.498	0.549	0.551	0.555	0.563			3.852	3.518	3.972	4.524	4.919			4.759	4.610	4.600	4.801	5.104			4.838	4.902	4.856	4.994	4.747			4.449	4.384	4.377	4.516	4.452	4.444	4.486
3.935	0.496	0.545	0.553	0.551	0.556			3.855	3.520	3.950	4.502	4.920			4.755	4.608	4.604	4.795	5.118			4.807	4.895	4.816	4.949	4.721			4.467	4.401	4.344	4.516	4.452	4.427	4.498
3.944	0.494	0.543	0.550	0.551	0.559			3.831	3.507	3.950	4.515	4.928			4.749	4.619	4.564	4.820	5.129			4.801	4.878	4.823	4.964	4.729			4.439	4.396	4.324	4.508	4.416	4.431	4.489
3.953	0.496	0.543	0.550	0.553	0.558			3.833	3.509	3.953	4.508	4.918			4.743	4.582	4.596	4.811	5.115			4.813	4.880	4.810	4.971	4.724			4.446	4.361	4.342	4.520	4.439	4.418	4.480
3.962	0.496	0.547	0.550	0.549	0.555			3.836	3.507	3.971	4.516	4.921			4.751	4.605	4.594	4.790	5.107			4.767	4.850	4.814	4.969	4.748			4.473	4.399	4.335	4.502	4.439	4.419	4.463
3.972	0.495	0.546	0.550	0.553	0.555			3.829	3.520	3.962	4.487	4.916			4.779	4.597	4.577	4.795	5.075			4.806	4.870	4.813	4.966	4.756			4.459	4.382	4.337	4.517	4.441	4.415	4.484
3.981	0.496	0.549	0.549	0.553	0.557			3.859	3.512	3.960	4.515	4.933			4.768	4.587	4.550	4.808	5.094			4.804	4.876	4.825	4.950	4.727			4.444	4.406	4.350	4.517	4.426	4.394	4.499
3.990	0.495	0.543	0.550	0.555	0.559			3.827	3.529	3.955	4.500	4.916			4.769	4.605	4.567	4.787	5.117			4.764	4.866	4.842	4.959	4.746			4.435	4.388	4.356	4.521	4.435	4.446	4.486
3.999	0.496	0.543	0.551	0.549	0.557			3.858	3.523	3.984	4.493	4.943			4.733	4.626	4.585	4.806	5.110			4.772	4.868	4.813	4.969	4.733			4.431	4.412	4.338	4.493	4.429	4.404	4.483
4.008	0.497	0.545	0.548	0.554	0.556			3.866	3.522	3.980	4.526	4.920			4.771	4.641	4.571	4.815	5.105			4.794	4.860	4.829	4.967	4.725			4.428	4.369	4.335	4.506	4.422	4.438	4.462
4.018	0.498	0.542	0.549	0.551	0.559			3.856	3.506	3.942	4.517	4.950			4.757	4.612	4.577	4.791	5.119			4.828	4.858	4.844	4.966	4.766			4.452	4.382	4.353	4.492	4.436	4.442	4.489
4.027	0.492	0.547	0.551	0.551	0.559			3.870	3.532	3.959	4.554	4.932			4.733	4.595	4.601	4.770	5.142			4.779	4.871	4.836	4.968	4.735			4.458	4.385	4.341	4.488	4.409	4.399	4.478
4.036	0.494	0.543	0.549	0.551	0.559			3.861	3.534	3.968	4.525	4.914			4.776	4.611	4.579	4.781	5.139			4.806	4.856	4.832	4.977	4.732			4.438	4.383	4.341	4.489	4.443	4.409	4.480
4.045	0.495	0.542	0.552	0.552	0.562			3.867	3.515	3.969	4.515	4.966			4.750	4.622	4.563	4.751	5.174			4.799	4.864	4.832	4.959	4.743			4.432	4.373	4.330	4.503	4.411	4.403	4.482
4.055	0.500	0.547	0.550	0.550	0.559			3.864	3.554	3.977	4.526	4.962			4.789	4.630	4.588	4.817	5.107			4.816	4.871	4.836	4.945	4.721			4.442	4.358	4.337	4.507	4.427	4.392	4.474
4.064	0.492	0.546	0.550	0.548	0.554			3.855	3.527	3.970	4.528	4.964			4.781	4.625	4.603	4.808	5.115			4.813	4.877	4.839	4.962	4.734			4.444	4.381	4.332	4.517	4.420	4.399	4.458
4.073	0.496	0.548	0.551	0.552	0.558			3.867	3.534	3.980	4.514	4.975			4.750	4.641	4.582	4.792	5.119			4.779	4.861	4.828	4.966	4.711			4.433	4.393	4.329	4.519	4.425	4.423	4.496
4.082	0.499	0.547	0.551	0.553	0.555			3.866	3.546	3.975	4.537	4.954			4.762	4.610	4.567	4.782	5.107			4.790	4.877	4.819	4.954	4.733			4.418	4.359	4.351	4.509	4.425	4.387	4.470
4.092	0.500	0.546	0.553	0.557	0.555			3.860	3.527	3.980	4.541	4.938			4.759	4.608	4.602	4.823	5.130			4.825	4.895	4.821	4.948	4.738			4.446	4.390	4.346	4.477	4.427	4.409	4.463
4.101	0.497	0.545	0.552	0.557	0.561			3.876	3.539	3.968	4.542	4.962			4.780	4.657	4.604	4.817	5.152			4.803	4.881	4.861	4.986	4.746			4.435	4.396	4.345	4.505	4.454	4.383	4.482
4.110	0.496	0.544	0.553	0.557	0.560			3.878	3.540	3.963	4.556	4.975			4.784	4.627	4.613	4.809	5.136			4.804	4.866	4.824	4.966	4.726			4.436	4.402	4.313	4.525	4.429	4.404	4.489
4.119	0.498	0.552	0.553	0.554	0.559			3.883	3.542	3.978	4.563	4.965			4.807	4.614	4.615	4.819	5.157			4.798	4.882	4.824	4.983	4.728			4.451	4.383	4.322	4.529	4.430	4.416	4.485
4.129	0.498	0.550	0.550	0.555	0.561			3.873	3.549	3.996	4.579	4.985			4.764	4.655	4.598	4.788	5.116			4.828	4.903	4.833	4.982	4.731			4.446	4.407	4.348	4.525	4.453	4.396	4.481
4.138	0.499	0.546	0.551	0.553	0.557			3.884	3.539	3.989	4.538	4.962			4.780	4.637	4.609	4.818	5.171			4.810	4.855	4.849	4.974	4.714			4.417	4.370	4.322	4.505	4.447	4.427	4.498
4.147	0.497	0.549	0.553	0.555	0.562			3.873	3.544	3.988	4.577	4.970			4.775	4.641	4.591	4.829	5.158			4.824	4.903	4.851	4.997	4.753			4.441	4.373	4.347	4.509	4.431	4.448	4.488
4.156	0.497	0.547	0.554	0.553	0.557			3.910	3.564	4.009	4.533	4.973			4.799	4.639	4.617	4.815	5.128			4.846	4.921	4.864	4.964	4.736			4.447	4.392	4.359	4.550	4.452	4.416	4.505
4.165	0.500	0.549	0.554	0.557	0.557			3.884	3.553	3.999	4.554	4.980			4.780	4.648	4.606	4.819	5.128			4.794	4.913	4.835	5.013	4.776			4.472	4.397	4.343	4.543	4.467	4.430	4.491
4.175	0.494	0.544	0.553	0.556	0.565			3.895	3.540	4.020	4.565	4.979			4.817	4.634	4.639	4.816	5.149			4.847	4.896	4.865	5.013	4.767			4.475	4.394	4.362	4.559	4.425	4.414	4.480
4.184	0.498	0.548	0.554	0.558	0.559			3.888	3.550	4.023	4.541	5.024			4.784	4.632	4.592	4.818	5.148			4.831	4.918	4.860	4.978	4.759			4.491	4.417	4.356	4.530	4.450	4.430	4.477
4.193	0.504	0.552	0.556	0.556	0.557			3.911	3.565	4.014	4.587	4.971			4.793	4.655	4.618	4.836	5.130			4.815	4.928	4.858	5.014	4.738			4.470	4.405	4.351	4.521	4.428	4.421	4.488
4.202	0.497	0.548	0.555	0.557	0.561			3.903	3.563	4.011	4.595	5.022			4.834	4.660	4.637	4.844	5.170			4.839	4.925	4.860	5.002	4.771			4.488	4.403	4.343	4.524	4.449	4.401	4.493
4.212	0.498	0.554	0.557	0.557	0.563			3.903	3.590	4.017	4.582	4.989			4.802	4.676	4.640	4.829	5.133			4.860	4.907	4.839	5.008	4.768			4.472	4.392	4.363	4.520	4.449	4.456	4.505
4.221	0.501	0.551	0.558	0.558	0.561			3.897	3.592	4.025	4.562	4.991			4.826	4.654	4.665	4.826	5.172			4.846	4.873	4.856	4.999	4.765			4.468	4.416	4.347	4.555	4.469	4.453	4.512
4.230	0.502	0.550	0.556	0.558	0.563			3.883	3.587	4.031	4.586	5.016			4.824	4.687	4.650	4.844	5.166			4.845	4.904	4.907	5.020	4.759			4.482	4.411	4.371	4.539	4.447	4.430	4.537
4.239	0.499	0.554	0.555	0.559	0.567			3.914	3.568	4.024	4.587	5.033			4.800	4.686	4.650	4.871	5.155			4.830	4.897	4.857	4.990	4.779			4.460	4.387	4.336	4.526	4.439	4.425	4.519
4.249	0.502	0.552	0.556	0.559	0.564			3.939	3.570	4.035	4.558	5.019			4.847	4.688	4.676	4.831	5.174			4.854	4.939	4.893	5.009	4.774			4.479	4.425	4.343	4.535	4.455	4.447	4.500
4.258	0.501	0.550	0.558	0.560	0.563			3.912	3.594	4.050	4.555	5.044			4.835	4.680	4.675	4.841	5.140			4.881	4.932	4.896	5.021	4.769			4.505	4.425	4.372	4.542	4.476	4.459	4.496
4.267	0.502	0.552	0.559	0.558	0.565			3.932	3.597	4.020	4.607	5.000			4.821	4.675	4.668	4.856	5.198			4.889	4.910	4.893	5.030	4.794			4.466	4.417	4.370	4.557	4.466	4.440	4.506
4.276	0.502	0.549	0.558	0.560	0.565			3.957	3.584	4.053	4.601	5.000			4.837	4.679	4.637	4.835	5.174			4.860	4.919	4.903	4.995	4.800			4.521	4.446	4.390	4.544	4.490	4.436	4.543
4.286	0.504	0.550	0.557	0.561	0.570			3.937	3.584	4.019	4.580	5.018			4.850	4.684	4.671	4.851	5.178			4.871	4.943	4.902	5.052	4.815			4.483	4.440	4.402	4.547	4.480	4.443	4.520
4.295	0.504	0.555	0.559	0.560	0.564			3.923	3.580	4.066	4.593	5.033			4.882	4.676	4.690	4.852	5.203			4.855	4.932	4.912	5.027	4.763			4.476	4.429	4.386	4.573	4.483	4.441	4.543
4.304	0.500	0.557	0.560	0.562	0.564			3.938	3.607	4.058	4.626	5.074			4.856	4.716	4.681	4.860	5.198			4.864	4.940	4.922	5.053	4.784			4.464	4.428	4.387	4.559	4.460	4.442	4.531
4.313	0.505	0.557	0.559	0.561	0.569			3.947	3.613	4.073	4.609	5.038			4.857	4.713	4.713	4.868	5.191			4.899	4.936	4.902	5.056	4.798			4.509	4.449	4.388	4.565	4.464	4.469	4.520
4.323	0.506	0.553	0.563	0.566	0.567			3.965	3.615	4.083	4.630	5.067			4.871	4.703	4.712	4.892	5.213			4.920	4.982	4.915	5.073	4.814			4.512	4.413	4.423	4.558	4.496	4.459	4.530
4.332	0.505	0.554	0.562	0.566	0.563			3.974	3.612	4.072	4.636	5.079			4.881	4.713	4.704	4.909	5.206			4.890	4.958	4.926	5.029	4.807			4.505	4.452	4.402	4.582	4.506	4.474	4.526
4.341	0.508	0.554	0.565	0.566	0.569			3.973	3.618	4.117	4.614	5.068			4.872	4.727	4.704	4.905	5.205			4.909	4.966	4.920	5.047	4.804			4.508	4.466	4.404	4.572	4.503	4.482	4.534
4.350	0.508	0.555	0.559	0.564	0.569			3.977	3.632	4.084	4.648	5.057			4.891	4.730	4.718	4.903	5.263			4.902	4.955	4.915	5.071	4.802			4.513	4.452	4.418	4.582	4.501	4.493	4.557
4.359	0.502	0.555	0.563	0.562	0.571			3.982	3.626	4.107	4.652	5.086			4.892	4.747	4.715	4.924	5.211			4.887	4.986	4.949	5.054	4.846			4.514	4.454	4.383	4.586	4.505	4.447	4.555
4.369	0.505	0.553	0.562	0.562	0.569			3.978	3.654	4.098	4.641	5.103			4.892	4.720	4.719	4.901	5.229			4.921	4.977	4.911	5.074	4.846			4.505	4.472	4.394	4.587	4.478	4.462	4.563
4.378	0.506	0.557	0.557	0.565	0.567			3.972	3.654	4.111	4.642	5.061			4.872	4.733	4.699	4.900	5.218			4.943	4.974	4.950	5.076	4.821			4.510	4.467	4.386	4.592	4.480	4.479	4.552
4.387	0.505	0.556	0.561	0.564	0.569			3.984	3.643	4.089	4.683	5.071			4.878	4.750	4.723	4.909	5.245			4.919	4.984	4.923	5.100	4.834			4.500	4.459	4.399	4.606	4.500	4.472	4.525
4.396	0.508	0.563	0.561	0.563	0.573			3.991	3.651	4.102	4.631	5.079			4.883	4.717	4.737	4.944	5.225			4.929	4.994	4.967	5.113	4.807			4.541	4.484	4.406	4.605	4.532	4.479	4.541
4.406	0.507	0.555	0.564	0.564	0.571			4.004	3.667	4.104	4.655	5.081			4.888	4.778	4.739	4.904	5.197			4.927	5.003	4.963	5.095	4.841			4.532	4.470	4.437	4.609	4.526	4.506	4.572
4.415	0.509	0.556	0.564	0.564	0.570			3.995	3.657	4.135	4.678	5.090			4.895	4.756	4.714	4.918	5.238			4.913	4.999	4.932	5.078	4.829			4.539	4.473	4.436	4.625	4.496	4.489	4.568
4.424	0.507	0.558	0.564	0.564	0.571			3.988	3.660	4.100	4.670	5.111			4.899	4.741	4.721	4.917	5.219			4.881	4.968	4.945	5.110	4.845			4.523	4.475	4.437	4.580	4.522	4.483	4.570
4.433	0.504	0.558	0.567	0.565	0.572			3.989	3.657	4.140	4.661	5.112			4.922	4.752	4.699	4.920	5.244			4.922	5.009	4.954	5.097	4.863			4.534	4.467	4.427	4.609	4.514	4.514	4.561
4.443	0.505	0.559	0.561	0.566	0.572			3.982	3.660	4.127	4.656	5.111			4.888	4.741	4.739	4.912	5.246			4.950	4.997	4.980	5.126	4.871			4.546	4.491	4.425	4.589	4.531	4.485	4.560
4.452	0.509	0.560	0.563	0.568	0.570			3.997	3.670	4.131	4.657	5.123			4.888	4.728	4.728	4.931	5.247			4.914	5.010	4.929	5.079	4.833			4.536	4.477	4.424	4.614	4.533	4.485	4.567
4.461	0.508	0.555	0.565	0.567	0.571			4.008	3.655	4.105	4.658	5.119			4.913	4.757	4.735	4.925	5.289			4.940	5.024	4.972	5.110	4.862			4.528	4.470	4.442	4.600	4.545	4.487	4.566
4.470	0.507	0.559	0.565	0.564	0.570			4.008	3.664	4.109	4.668	5.145			4.912	4.765	4.745	4.927	5.276			4.915	4.996	4.956	5.105	4.867			4.525	4.477	4.439	4.601	4.500	4.483	4.551
4.480	0.511	0.560	0.561	0.566	0.570			4.001	3.656	4.121	4.680	5.143			4.919	4.747	4.736	4.931	5.273			4.918	4.984	4.974	5.091	4.843			4.556	4.485	4.425	4.622	4.500	4.512	4.576
4.489	0.524	0.570	0.581	0.583	0.588			4.072	3.722	4.185	4.755	5.190			4.982	4.840	4.809	4.998	5.340			5.015	5.081	5.042	5.151	4.939			4.607	4.556	4.486	4.659	4.606	4.575	4.661
4.498	0.534	0.587	0.594	0.594	0.598			4.136	3.766	4.237	4.844	5.264			5.074	4.897	4.901	5.080	5.417			5.096	5.158	5.109	5.251	4.998			4.675	4.607	4.564	4.745	4.650	4.615	4.719
4.507	0.535	0.592	0.599	0.599	0.608			4.158	3.838	4.262	4.853	5.281			5.097	4.931	4.900	5.096	5.439			5.117	5.196	5.139	5.292	5.035			4.716	4.658	4.595	4.811	4.694	4.647	4.744
4.516	0.540	0.591	0.599	0.599	0.606			4.176	3.863	4.298	4.904	5.342			5.147	4.954	4.925	5.147	5.472			5.137	5.205	5.145	5.282	5.083			4.737	4.666	4.623	4.834	4.707	4.681	4.798
4.526	0.546	0.598	0.607	0.604	0.615			4.226	3.855	4.317	4.905	5.365			5.159	4.972	4.983	5.165	5.505			5.189	5.257	5.184	5.333	5.057			4.749	4.700	4.636	4.804	4.751	4.698	4.800
4.535	0.545	0.596	0.604	0.606	0.612			4.199	3.863	4.323	4.910	5.393			5.174	4.981	4.987	5.174	5.502			5.180	5.247	5.205	5.344	5.076			4.738	4.684	4.640	4.844	4.761	4.712	4.781
4.544	0.543	0.598	0.603	0.606	0.617			4.208	3.862	4.341	4.916	5.376			5.156	4.976	4.963	5.189	5.532			5.179	5.261	5.202	5.354	5.076			4.744	4.656	4.625	4.828	4.771	4.726	4.809
4.553	0.544	0.599	0.605	0.608	0.611			4.225	3.899	4.321	4.920	5.393			5.165	4.994	4.975	5.188	5.522			5.173	5.249	5.203	5.342	5.105			4.794	4.707	4.655	4.826	4.736	4.703	4.830
4.563	0.543	0.599	0.601	0.605	0.612			4.218	3.853	4.332	4.919	5.371			5.182	5.002	4.984	5.191	5.500			5.190	5.296	5.228	5.373	5.108			4.794	4.697	4.640	4.823	4.760	4.709	4.807
4.572	0.546	0.601	0.606	0.609	0.613			4.245	3.898	4.362	4.931	5.380			5.181	5.028	5.004	5.226	5.513			5.196	5.269	5.236	5.339	5.097			4.743	4.702	4.655	4.831	4.732	4.731	4.823
4.581	0.548	0.600	0.606	0.613	0.613			4.233	3.897	4.354	4.944	5.376			5.200	5.031	5.017	5.186	5.566			5.215	5.288	5.248	5.365	5.110			4.788	4.701	4.652	4.828	4.760	4.736	4.835
4.590	0.546	0.600	0.609	0.611	0.613			4.258	3.929	4.372	4.969	5.426			5.194	5.056	5.024	5.235	5.541			5.200	5.309	5.262	5.381	5.128			4.772	4.719	4.665	4.884	4.751	4.755	4.845
4.600	0.548	0.601	0.605	0.607	0.613			4.245	3.921	4.371	4.952	5.403			5.200	5.028	5.017	5.231	5.544			5.242	5.301	5.236	5.370	5.112			4.775	4.728	4.655	4.847	4.770	4.733	4.855
4.609	0.551	0.603	0.610	0.610	0.617			4.266	3.932	4.417	4.979	5.429			5.186	5.040	5.019	5.218	5.548			5.190	5.313	5.251	5.365	5.152			4.811	4.721	4.653	4.871	4.771	4.779	4.864
4.618	0.549	0.604	0.607	0.609	0.615			4.268	3.924	4.406	4.952	5.434			5.199	5.046	5.054	5.250	5.593			5.217	5.308	5.281	5.395	5.151			4.779	4.730	4.680	4.873	4.792	4.735	4.813
4.627	0.549	0.602	0.612	0.612	0.617			4.276	3.937	4.400	4.991	5.433			5.215	5.060	5.050	5.229	5.561			5.246	5.313	5.261	5.361	5.130			4.774	4.737	4.664	4.873	4.790	4.743	4.876
4.637	0.551	0.609	0.609	0.614	0.621			4.295	3.936	4.404	4.992	5.466			5.229	5.066	5.063	5.257	5.573			5.243	5.327	5.271	5.392	5.169			4.804	4.736	4.693	4.898	4.803	4.749	4.882
4.646	0.551	0.606	0.609	0.611	0.620			4.307	3.940	4.426	5.012	5.480			5.227	5.054	5.056	5.223	5.584			5.259	5.326	5.303	5.398	5.142			4.798	4.766	4.673	4.892	4.794	4.750	4.876
4.655	0.552	0.602	0.611	0.614	0.621			4.297	3.947	4.438	5.029	5.447			5.244	5.053	5.066	5.254	5.586			5.227	5.354	5.305	5.426	5.128			4.797	4.725	4.678	4.899	4.800	4.766	4.863
4.664	0.549	0.604	0.613	0.615	0.619			4.294	3.973	4.441	5.005	5.473			5.237	5.072	5.071	5.277	5.566			5.235	5.365	5.306	5.405	5.183			4.810	4.752	4.660	4.919	4.796	4.769	4.877
4.673	0.552	0.606	0.606	0.612	0.619			4.308	3.958	4.426	5.022	5.477			5.284	5.089	5.063	5.267	5.582			5.256	5.355	5.289	5.417	5.167			4.807	4.721	4.680	4.851	4.780	4.740	4.901
4.683	0.554	0.605	0.615	0.611	0.621			4.316	3.999	4.436	5.036	5.490			5.265	5.094	5.092	5.296	5.594			5.252	5.370	5.333	5.419	5.152			4.794	4.754	4.680	4.883	4.790	4.755	4.851
4.692	0.554	0.611	0.612	0.618	0.622			4.327	3.987	4.430	5.082	5.488			5.261	5.120	5.078	5.328	5.606			5.273	5.383	5.303	5.471	5.204			4.800	4.748	4.695	4.909	4.810	4.783	4.866
4.701	0.557	0.609	0.611	0.613	0.622			4.316	3.974	4.450	5.041	5.511			5.279	5.110	5.119	5.295	5.633			5.294	5.392	5.316	5.428	5.172			4.815	4.748	4.730	4.883	4.805	4.750	4.890
4.710	0.552	0.606	0.612	0.615	0.621			4.327	3.973	4.461	5.048	5.480			5.294	5.087	5.116	5.339	5.624			5.268	5.375	5.321	5.424	5.166			4.796	4.740	4.674	4.876	4.806	4.764	4.891
4.720	0.554	0.608	0.613	0.616	0.624			4.335	3.989	4.472	5.059	5.507			5.301	5.108	5.114	5.320	5.609			5.307	5.410	5.344	5.459	5.151			4.828	4.768	4.681	4.889	4.829	4.750	4.862
4.729	0.552	0.600	0.616	0.617	0.625			4.359	4.004	4.482	5.066	5.500			5.312	5.116	5.134	5.323	5.631			5.281	5.424	5.348	5.490	5.197			4.830	4.784	4.713	4.943	4.836	4.795	4.929
4.738	0.555	0.612	0.612	0.616	0.624			4.349	4.024	4.489	5.037	5.540			5.316	5.147	5.161	5.331	5.701			5.272	5.407	5.331	5.452	5.228			4.780	4.748	4.716	4.904	4.826	4.789	4.856
4.747	0.555	0.610	0.613	0.615	0.619			4.358	3.992	4.490	5.072	5.519			5.313	5.125	5.132	5.325	5.623			5.309	5.402	5.364	5.451	5.168			4.827	4.774	4.692	4.892	4.794	4.765	4.902
4.757	0.555	0.607	0.612	0.616	0.623			4.342	3.996	4.472	5.051	5.523			5.322	5.131	5.126	5.336	5.646			5.267	5.389	5.319	5.455	5.207			4.837	4.756	4.686	4.882	4.822	4.783	4.874
4.766	0.554	0.604	0.610	0.611	0.618			4.321	4.001	4.452	5.072	5.535			5.305	5.143	5.114	5.293	5.646			5.284	5.376	5.346	5.452	5.166			4.795	4.759	4.693	4.889	4.803	4.767	4.869
4.775	0.558	0.605	0.614	0.616	0.621			4.344	3.981	4.458	5.078	5.494			5.305	5.131	5.127	5.302	5.618			5.287	5.377	5.347	5.429	5.193			4.800	4.732	4.660	4.844	4.808	4.748	4.865
4.784	0.551	0.605	0.614	0.613	0.622			4.330	3.978	4.438	5.059	5.482			5.309	5.113	5.079	5.289	5.616			5.260	5.366	5.346	5.415	5.178			4.780	4.746	4.685	4.870	4.793	4.740	4.866
4.794	0.548	0.607	0.609	0.613	0.620			4.316	3.999	4.471	5.051	5.512			5.312	5.135	5.122	5.327	5.645			5.290	5.355	5.332	5.433	5.156			4.789	4.721	4.676	4.883	4.772	4.744	4.890
4.803	0.553	0.604	0.609	0.613	0.618			4.352	3.997	4.466	5.063	5.499			5.321	5.096	5.088	5.312	5.619			5.256	5.371	5.330	5.419	5.173			4.807	4.742	4.661	4.858	4.761	4.735	4.844
4.812	0.546	0.607	0.606	0.612	0.620			4.326	4.022	4.468	5.061	5.514			5.292	5.147	5.103	5.316	5.650			5.280	5.380	5.347	5.427	5.195			4.774	4.751	4.692	4.865	4.794	4.726	4.868
4.821	0.550	0.601	0.608	0.611	0.617			4.324	4.001	4.469	5.095	5.514			5.307	5.165	5.122	5.334	5.656			5.282	5.374	5.350	5.403	5.183			4.791	4.734	4.683	4.870	4.803	4.745	4.863
4.830	0.549	0.601	0.610	0.611	0.615			4.320	4.015	4.451	5.056	5.528			5.304	5.107	5.116	5.308	5.628			5.284	5.371	5.305	5.429	5.169			4.775	4.697	4.650	4.867	4.783	4.736	4.878
4.840	0.551	0.601	0.607	0.608	0.616			4.354	3.995	4.454	5.045	5.484			5.271	5.103	5.109	5.308	5.607			5.255	5.336	5.298	5.418	5.143			4.746	4.714	4.653	4.851	4.784	4.722	4.843
4.849	0.550	0.601	0.608	0.610	0.618			4.318	4.000	4.467	5.055	5.505			5.281	5.108	5.120	5.301	5.617			5.284	5.356	5.332	5.440	5.158			4.778	4.689	4.637	4.876	4.779	4.723	4.834
4.858	0.548	0.605	0.606	0.611	0.616			4.325	3.972	4.430	5.039	5.497			5.304	5.099	5.115	5.316	5.624			5.253	5.372	5.344	5.423	5.165			4.761	4.732	4.680	4.858	4.763	4.712	4.839
4.867	0.553	0.604	0.609	0.608	0.618			4.323	4.000	4.438	5.079	5.512			5.255	5.072	5.109	5.326	5.638			5.286	5.397	5.305	5.425	5.150			4.766	4.700	4.653	4.880	4.772	4.733	4.850
4.877	0.547	0.600	0.606	0.609	0.616			4.334	3.986	4.458	5.026	5.518			5.299	5.105	5.109	5.285	5.621			5.265	5.373	5.301	5.411	5.169			4.783	4.734	4.651	4.836	4.776	4.728	4.827
4.886	0.549	0.605	0.607	0.607	0.616			4.356	4.012	4.429	5.060	5.517			5.300	5.128	5.110	5.323	5.636			5.281	5.385	5.338	5.436	5.193			4.776	4.718	4.638	4.878	4.793	4.720	4.834
4.895	0.549	0.601	0.607	0.609	0.616			4.326	4.005	4.448	5.085	5.542			5.321	5.118	5.148	5.318	5.662			5.286	5.402	5.377	5.448	5.164			4.790	4.708	4.660	4.879	4.783	4.744	4.851
4.904	0.549	0.601	0.609	0.606	0.617			4.315	4.020	4.476	5.080	5.487			5.291	5.119	5.111	5.306	5.633			5.264	5.388	5.359	5.410	5.119			4.784	4.714	4.662	4.843	4.800	4.721	4.837
4.914	0.547	0.597	0.604	0.603	0.608			4.327	3.993	4.426	5.045	5.499			5.283	5.092	5.092	5.290	5.609			5.249	5.341	5.281	5.390	5.135			4.735	4.682	4.626	4.834	4.740	4.698	4.829
4.923	0.549	0.595	0.603	0.609	0.621			4.338	4.004	4.457	5.080	5.533			5.305	5.128	5.146	5.317	5.632			5.279	5.390	5.330	5.434	5.169			4.786	4.715	4.652	4.858	4.778	4.732	4.862
4.932	0.552	0.601	0.603	0.612	0.613			4.347	4.002	4.467	5.060	5.540			5.289	5.112	5.118	5.333	5.634			5.255	5.395	5.332	5.426	5.176			4.772	4.733	4.680	4.865	4.762	4.718	4.817
4.941	0.547	0.599	0.607	0.607	0.611			4.349	4.027	4.457	5.086	5.539			5.288	5.123	5.114	5.344	5.673			5.286	5.389	5.307	5.423	5.170			4.774	4.726	4.670	4.892	4.788	4.717	4.826
4.951	0.597	0.634	0.645	0.644				4.754	4.507	4.888	5.495				5.749	5.580	5.547	5.773				5.804	5.886	5.779	5.917	5.642			5.192	5.194	4.998	5.273	5.104		
4.960	0.555	0.604	0.619	0.620				4.540	4.328	4.674	5.282				5.554	5.377	5.388	5.558				5.587	5.702	5.596	5.690	5.418			4.968	5.009	4.853	5.127	4.976		
4.969	0.550	0.603	0.612	0.612				4.502	4.276	4.628	5.215				5.506	5.309	5.311	5.512				5.483	5.668	5.589	5.622	5.385			4.910	4.926	4.808	5.043	4.915		
4.978	0.548	0.598	0.610	0.609				4.476	4.271	4.635	5.216				5.474	5.292	5.270	5.518				5.509	5.630	5.542	5.616	5.358			4.958	4.969	4.787	5.073	4.942		
4.988	0.549	0.599	0.609	0.609				4.469	4.251	4.627	5.224				5.454	5.282	5.265	5.482				5.489	5.608	5.509	5.624	5.314			4.891	4.916	4.739	5.018	4.889		
4.997	0.553	0.601	0.611	0.610				4.500	4.254	4.611	5.208				5.514	5.283	5.301	5.476				5.457	5.616	5.523	5.592	5.314			4.893	4.908	4.771	5.018	4.912		
5.006	0.551	0.597	0.615	0.616				4.481	4.273	4.612	5.212				5.447	5.279	5.292	5.495				5.478	5.611	5.537	5.600	5.336			4.883	4.928	4.758	5.051	4.899		
5.015	0.550	0.598	0.610	0.615				4.495	4.262	4.626	5.203				5.490	5.304	5.269	5.465				5.488	5.595	5.541	5.571	5.312			4.889	4.937	4.772	5.030	4.924		
5.024	0.555	0.600	0.608	0.611				4.490	4.276	4.625	5.212				5.502	5.281	5.304	5.482				5.460	5.648	5.570	5.587	5.320			4.898	4.947	4.772	5.046	4.890		
5.034	0.553	0.603	0.613	0.615				4.493	4.279	4.641	5.234				5.496	5.326	5.314	5.483				5.511	5.638	5.535	5.637	5.321			4.926	4.933	4.769	5.012	4.906		
5.043	0.555	0.602	0.609	0.613				4.508	4.278	4.625	5.215				5.489	5.334	5.297	5.485				5.488	5.661	5.523	5.621	5.345			4.906	4.939	4.756	5.049	4.882		
5.052	0.555	0.603	0.614	0.614				4.524	4.284	4.650	5.250				5.512	5.345	5.290	5.516				5.509	5.672	5.544	5.612	5.325			4.929	4.929	4.778	5.025	4.939		
5.061	0.555	0.605	0.619	0.613				4.516	4.291	4.665	5.225				5.509	5.304	5.320	5.498				5.515	5.604	5.589	5.596	5.336			4.900	4.954	4.801	5.058	4.947		
5.071	0.556	0.605	0.611	0.615				4.499	4.286	4.661	5.267				5.518	5.324	5.278	5.507				5.521	5.637	5.551	5.644	5.340			4.876	4.947	4.810	5.030	4.907		
5.080	0.556	0.603	0.613	0.618				4.505	4.287	4.651	5.258				5.524	5.313	5.300	5.511				5.513	5.659	5.554	5.595	5.378			4.941	4.956	4.796	5.031	4.924		
5.089	0.559	0.608	0.616	0.616				4.527	4.305	4.683	5.236				5.543	5.364	5.300	5.515				5.555	5.683	5.578	5.646	5.358			4.906	4.975	4.799	5.006	4.929		
5.098	0.556	0.606	0.612	0.613				4.549	4.285	4.674	5.260				5.539	5.350	5.314	5.539				5.542	5.690	5.581	5.666	5.373			4.925	4.950	4.811	5.053	4.941		
5.108	0.556	0.602	0.611	0.611				4.529	4.303	4.670	5.247				5.544	5.346	5.351	5.524				5.536	5.685	5.564	5.613	5.333			4.913	4.962	4.801	5.050	4.913		
5.117	0.554	0.604	0.611	0.620				4.522	4.299	4.662	5.275				5.536	5.345	5.334	5.564				5.535	5.681	5.608	5.650	5.360			4.927	4.974	4.764	5.050	4.958		
5.126	0.556	0.607	0.617	0.616				4.563	4.316	4.666	5.296				5.545	5.382	5.333	5.542				5.503	5.677	5.599	5.677	5.356			4.898	4.943	4.803	5.043	4.931		
5.135	0.557	0.609	0.616	0.614				4.525	4.329	4.675	5.294				5.558	5.361	5.336	5.531				5.552	5.688	5.601	5.675	5.393			4.918	4.970	4.796	5.077	4.921		
5.145	0.554	0.610	0.620	0.618				4.530	4.336	4.671	5.288				5.578	5.365	5.367	5.530				5.550	5.672	5.588	5.696	5.379			4.935	4.972	4.777	5.067	4.925		
5.154	0.559	0.609	0.620	0.616				4.550	4.329	4.712	5.335				5.569	5.380	5.358	5.579				5.561	5.668	5.611	5.651	5.399			4.947	4.970	4.816	5.082	4.945		
5.163	0.562	0.606	0.618	0.615				4.545	4.342	4.695	5.291				5.577	5.401	5.361	5.552				5.559	5.692	5.598	5.657	5.389			4.949	4.986	4.784	5.082	4.963		
5.172	0.563	0.607	0.625	0.620				4.565	4.309	4.710	5.313				5.570	5.393	5.363	5.563				5.534	5.688	5.618	5.678	5.387			4.939	4.971	4.807	5.064	4.975		
5.181	0.562	0.611	0.620	0.621				4.580	4.370	4.729	5.311				5.576	5.379	5.348	5.545				5.566	5.710	5.641	5.689	5.400			4.941	4.982	4.797	5.119	4.944		
5.191	0.560	0.609	0.621	0.618				4.582	4.343	4.726	5.299				5.568	5.384	5.386	5.610				5.607	5.745	5.620	5.689	5.413			4.918	4.988	4.803	5.088	4.944		
5.200	0.563	0.612	0.621	0.625				4.599	4.331	4.694	5.346				5.601	5.409	5.388	5.559				5.592	5.738	5.613	5.678	5.388			4.941	4.983	4.823	5.080	4.953		
5.209	0.560	0.611	0.626	0.617				4.610	4.371	4.710	5.343				5.588	5.398	5.399	5.585				5.602	5.730	5.623	5.676	5.407			4.936	4.999	4.828	5.112	4.922		
5.218	0.566	0.610	0.626	0.625				4.610	4.358	4.748	5.346				5.607	5.433	5.376	5.605				5.579	5.745	5.638	5.683	5.431			4.948	5.002	4.806	5.080	4.971		
5.228	0.561	0.613	0.624	0.618				4.587	4.365	4.724	5.322				5.624	5.416	5.376	5.620				5.614	5.738	5.643	5.732	5.435			4.966	5.002	4.834	5.074	4.956		
5.237	0.567	0.616	0.626	0.621				4.603	4.351	4.752	5.334				5.623	5.420	5.393	5.609				5.605	5.734	5.652	5.705	5.430			4.973	4.998	4.855	5.129	4.955		
5.246	0.565	0.614	0.628	0.623				4.599	4.379	4.747	5.369				5.620	5.436	5.404	5.608				5.637	5.757	5.674	5.743	5.466			5.004	5.017	4.830	5.117	4.978		
5.255	0.568	0.612	0.627	0.623				4.609	4.359	4.749	5.381				5.642	5.423	5.383	5.573				5.652	5.718	5.685	5.731	5.447			4.955	5.026	4.833	5.086	4.953		
5.265	0.565	0.614	0.623	0.623				4.613	4.360	4.755	5.366				5.637	5.420	5.389	5.623				5.600	5.750	5.670	5.698	5.398			4.956	5.038	4.832	5.108	4.994		
5.274	0.566	0.611	0.622	0.621				4.632	4.383	4.781	5.367				5.607	5.437	5.406	5.622				5.587	5.756	5.674	5.707	5.425			4.944	5.011	4.805	5.122	4.961		
5.283	0.562	0.614	0.625	0.621				4.621	4.395	4.744	5.358				5.645	5.421	5.413	5.618				5.600	5.751	5.663	5.694	5.415			4.948	5.003	4.813	5.097	4.973		
5.292	0.567	0.614	0.623	0.621				4.610	4.363	4.768	5.361				5.659	5.442	5.419	5.598				5.589	5.701	5.668	5.704	5.433			4.955	5.010	4.823	5.088	4.950		
5.302	0.565	0.612	0.621	0.621				4.616	4.353	4.760	5.382				5.630	5.407	5.410	5.610				5.579	5.752	5.656	5.698	5.412			4.936	4.984	4.814	5.101	4.926		
5.311	0.563	0.610	0.624	0.616				4.607	4.369	4.739	5.364				5.617	5.429	5.372	5.603				5.564	5.724	5.651	5.670	5.411			4.931	4.970	4.827	5.081	4.949		
5.320	0.565	0.613	0.625	0.618				4.624	4.356	4.758	5.354				5.616	5.448	5.378	5.626				5.600	5.735	5.653	5.694	5.397			4.948	4.983	4.814	5.067	4.930		
5.329	0.563	0.608	0.618	0.616				4.621	4.371	4.758	5.340				5.594	5.425	5.388	5.591				5.550	5.705	5.616	5.676	5.414			4.909	4.964	4.793	5.048	4.935		
5.338	0.563	0.610	0.621	0.615				4.641	4.347	4.740	5.329				5.604	5.426	5.401	5.624				5.573	5.690	5.678	5.723	5.381			4.949	4.958	4.797	5.053	4.934		
5.348	0.559	0.609	0.619	0.613				4.662	4.357	4.753	5.328				5.608	5.386	5.402	5.580				5.548	5.715	5.630	5.642	5.380			4.900	4.967	4.799	5.050	4.925		
5.357	0.563	0.605	0.616	0.616				4.631	4.320	4.739	5.343				5.595	5.401	5.354	5.592				5.569	5.716	5.645	5.701	5.355			4.922	4.957	4.794	5.037	4.924		
5.366	0.562	0.608	0.619	0.615				4.642	4.321	4.758	5.351				5.626	5.413	5.338	5.613				5.575	5.699	5.623	5.663	5.398			4.928	4.968	4.739	5.054	4.899		
5.375	0.563	0.608	0.620	0.613				4.651	4.352	4.742	5.353				5.594	5.395	5.393	5.580				5.564	5.741	5.644	5.665	5.393			4.889	4.959	4.762	5.058	4.913		
5.385	0.560	0.612	0.619	0.617				4.639	4.351	4.773	5.341				5.595	5.383	5.407	5.600				5.563	5.701	5.642	5.690	5.380			4.898	4.989	4.784	5.041	4.907		
5.394	0.565	0.610	0.617	0.613				4.660	4.359	4.739	5.360				5.588	5.413	5.350	5.619				5.555	5.716	5.661	5.643	5.388			4.898	4.954	4.801	5.066	4.931		
5.403	0.565	0.607	0.618	0.612				4.656	4.371	4.737	5.344				5.617	5.419	5.385	5.630				5.583	5.727	5.664	5.700	5.381			4.904	4.959	4.784	5.057	4.918		
5.412	0.566	0.608	0.617	0.616				4.639	4.351	4.712	5.342				5.601	5.423	5.390	5.632				5.578	5.729	5.644	5.695	5.409			4.913	4.945	4.741	5.053	4.927		
5.422	0.560	0.604	0.619	0.616				4.637	4.346	4.741	5.331				5.625	5.490	5.386	5.583				5.565	5.704	5.617	5.687	5.409			4.890	4.925	4.761	5.027	4.897		
5.431	0.563	0.606	0.618	0.616				4.683	4.351	4.723	5.329				5.636	5.425	5.358	5.582				5.569	5.737	5.638	5.678	5.387			4.900	4.936	4.772	5.058	4.907		
5.440	0.562	0.609	0.615	0.614				4.671	4.362	4.747	5.343				5.607	5.435	5.356	5.589				5.540	5.721	5.632	5.686	5.384			4.896	4.963	4.770	5.048	4.930		
5.449	0.563	0.603	0.614	0.619				4.696	4.372	4.743	5.349				5.608	5.426	5.381	5.587				5.569	5.701	5.624	5.684	5.405			4.922	4.929	4.759	5.058	4.931		
5.459	0.565	0.610	0.616	0.616				4.696	4.339	4.763	5.364				5.616	5.419	5.367	5.614				5.564	5.719	5.678	5.693	5.370			4.908	4.937	4.760	5.061	4.924		
5.468	0.565	0.610	0.616	0.621				4.691	4.334	4.774	5.343				5.602	5.428	5.361	5.586				5.558	5.715	5.672	5.687	5.387			4.904	4.948	4.769	5.045	4.919		
5.477	0.565	0.609	0.622	0.621				4.712	4.394	4.768	5.370				5.631	5.440	5.372	5.609				5.569	5.717	5.666	5.681	5.382			4.923	4.926	4.773	5.062	4.913		
5.486	0.562	0.609	0.619	0.617				4.695	4.347	4.799	5.343				5.643	5.422	5.391	5.604				5.603	5.721	5.647	5.712	5.386			4.917	4.963	4.763	5.053	4.919		
5.495	0.562	0.605	0.617	0.617				4.697	4.357	4.790	5.388				5.643	5.449	5.392	5.594				5.568	5.731	5.632	5.677	5.422			4.923	4.953	4.795	5.039	4.924		
5.505	0.567	0.608	0.620	0.620				4.698	4.394	4.786	5.362				5.610	5.456	5.403	5.643				5.598	5.737	5.687	5.672	5.420			4.942	4.979	4.785	5.091	4.923		
5.514	0.568	0.607	0.621	0.618				4.753	4.380	4.802	5.375				5.646	5.439	5.406	5.615				5.549	5.725	5.660	5.707	5.376			4.928	4.970	4.790	5.038	4.905		
5.523	0.563	0.611	0.618	0.616				4.717	4.379	4.757	5.372				5.644	5.427	5.389	5.617				5.597	5.758	5.650	5.721	5.416			4.934	4.948	4.777	5.068	4.920		
5.532	0.566	0.608	0.616	0.619				4.767	4.385	4.817	5.346				5.627	5.463	5.423	5.644				5.573	5.756	5.652	5.697	5.405			4.920	4.969	4.806	5.068	4.911		
5.542	0.567	0.611	0.621	0.616				4.740	4.395	4.805	5.415				5.645	5.466	5.377	5.638				5.622	5.769	5.658	5.739	5.441			4.919	4.967	4.788	5.067	4.917		
5.551	0.565	0.610	0.619	0.620				4.780	4.389	4.809	5.392				5.692	5.461	5.446	5.637				5.617	5.750	5.699	5.730	5.405			4.957	4.987	4.817	5.083	4.950		
5.560	0.567	0.609	0.619	0.620				4.754	4.391	4.815	5.418				5.686	5.428	5.391	5.632				5.619	5.785	5.672	5.687	5.412			4.943	4.975	4.800	5.078	4.940		
5.569	0.565	0.607	0.625	0.621				4.773	4.406	4.836	5.402				5.659	5.476	5.415	5.660				5.618	5.811	5.703	5.693	5.430			4.923	4.994	4.810	5.091	4.958		
5.579	0.566	0.611	0.627	0.620				4.842	4.414	4.816	5.395				5.654	5.471	5.428	5.668				5.630	5.742	5.696	5.728	5.443			4.958	4.969	4.800	5.093	4.961		
5.588	0.568	0.614	0.622	0.620				4.797	4.394	4.843	5.386				5.640	5.465	5.392	5.643				5.656	5.738	5.710	5.703	5.420			4.955	4.958	4.777	5.108	4.930		
5.597	0.569	0.615	0.620	0.618				4.807	4.410	4.807	5.388				5.697	5.464	5.433	5.710				5.654	5.769	5.679	5.768	5.428			4.963	5.007	4.783	5.106	4.958		
5.606	0.572	0.611	0.627	0.623				4.832	4.410	4.824	5.409				5.674	5.509	5.428	5.665				5.636	5.776	5.709	5.737	5.428			4.983	4.993	4.816	5.103	4.964		
5.616	0.571	0.613	0.626	0.624				4.801	4.410	4.841	5.421				5.714	5.492	5.439	5.642				5.618	5.782	5.720	5.732	5.431			4.971	4.975	4.824	5.082	4.967		
5.625	0.570	0.615	0.623	0.622				4.821	4.413	4.834	5.405				5.668	5.512	5.456	5.656				5.650	5.795	5.743	5.732	5.433			4.960	5.005	4.804	5.090	4.947		
5.634	0.570	0.611	0.624	0.620				4.858	4.435	4.864	5.426				5.684	5.486	5.457	5.674				5.649	5.780	5.705	5.762	5.441			4.954	5.014	4.817	5.113	4.951		
5.643	0.572	0.615	0.616	0.626				4.857	4.402	4.877	5.402				5.712	5.498	5.467	5.676				5.651	5.792	5.714	5.741	5.449			4.969	5.014	4.789	5.090	4.964		
5.653	0.573	0.614	0.623	0.621				4.847	4.435	4.864	5.434				5.706	5.483	5.423	5.699				5.652	5.794	5.708	5.733	5.485			4.965	5.025	4.831	5.117	4.989		
5.662	0.572	0.611	0.621	0.623				4.851	4.441	4.845	5.428				5.732	5.477	5.444	5.678				5.680	5.801	5.721	5.743	5.484			4.982	4.999	4.823	5.124	4.962		
5.671	0.571	0.614	0.618	0.622				4.829	4.439	4.840	5.440				5.691	5.518	5.448	5.686				5.671	5.789	5.697	5.767	5.472			4.953	5.009	4.813	5.119	4.995		
5.680	0.577	0.618	0.625	0.623				4.836	4.424	4.853	5.432				5.726	5.523	5.456	5.693				5.658	5.813	5.722	5.775	5.447			4.967	5.003	4.831	5.125	4.975		
5.689	0.576	0.616	0.623	0.624				4.868	4.413	4.870	5.438				5.704	5.496	5.447	5.695				5.683	5.786	5.743	5.749	5.467			4.960	4.972	4.849	5.086	4.935		
5.699	0.576	0.615	0.623	0.625				4.885	4.432	4.885	5.434				5.723	5.495	5.471	5.678				5.703	5.806	5.738	5.773	5.476			4.950	4.995	4.817	5.118	4.975		
5.708	0.575	0.616	0.623	0.624				4.874	4.445	4.863	5.445				5.710	5.539	5.448	5.701				5.662	5.763	5.727	5.790	5.467			4.957	5.003	4.819	5.117	4.964		
5.717	0.576	0.615	0.624	0.627				4.849	4.428	4.875	5.451				5.717	5.541	5.478	5.710				5.691	5.816	5.723	5.786	5.457			4.968	5.024	4.824	5.130	4.980		
5.726	0.575	0.615	0.623	0.621				4.866	4.405	4.866	5.452				5.716	5.533	5.478	5.698				5.677	5.828	5.744	5.774	5.438			4.974	4.986	4.814	5.122	4.986		
5.736	0.574	0.616	0.621	0.624				4.876	4.423	4.883	5.483				5.727	5.541	5.459	5.699				5.679	5.807	5.737	5.787	5.474			4.973	5.038	4.833	5.140	4.965		
5.745	0.576	0.613	0.625	0.621				4.871	4.445	4.870	5.451				5.697	5.527	5.460	5.695				5.702	5.805	5.703	5.769	5.465			4.974	4.997	4.814	5.132	4.949		
5.754	0.577	0.615	0.623	0.621				4.895	4.425	4.859	5.445				5.722	5.535	5.435	5.706				5.656	5.797	5.686	5.776	5.435			4.948	5.024	4.817	5.100	4.966		
5.763	0.573	0.616	0.627	0.623				4.870	4.425	4.877	5.450				5.701	5.527	5.444	5.710				5.688	5.803	5.725	5.753	5.431			4.982	5.022	4.808	5.125	4.954		
5.773	0.578	0.615	0.624	0.621				4.886	4.415	4.883	5.438				5.748	5.528	5.455	5.720				5.664	5.788	5.721	5.759	5.479			4.949	4.979	4.793	5.119	4.959		
5.782	0.574	0.618	0.624	0.624				4.860	4.438	4.864	5.466				5.756	5.532	5.434	5.688				5.651	5.841	5.732	5.762	5.472			4.978	4.946	4.802	5.122	4.975		
5.791	0.576	0.617	0.623	0.625				4.905	4.422	4.898	5.442				5.741	5.544	5.465	5.710				5.665	5.819	5.722	5.751	5.480			4.973	4.993	4.833	5.150	4.985		
5.800	0.576	0.619	0.625	0.624				4.886	4.445	4.873	5.480				5.729	5.508	5.444	5.735				5.693	5.788	5.728	5.783	5.486			4.967	5.009	4.823	5.103	4.943		
5.810	0.580	0.613	0.624	0.627				4.914	4.420	4.916	5.447				5.711	5.536	5.458	5.687				5.679	5.775	5.762	5.752	5.466			4.955	4.981	4.793	5.138	4.959		
5.819	0.577	0.617	0.627	0.629				4.911	4.458	4.887	5.441				5.742	5.546	5.465	5.732				5.681	5.821	5.734	5.772	5.463			4.973	4.998	4.822	5.149	4.983		
5.828	0.580	0.620	0.626	0.626				4.935	4.440	4.882	5.455				5.737	5.551	5.468	5.707				5.751	5.815	5.723	5.770	5.444			5.003	4.991	4.792	5.138	4.969		
5.837	0.576	0.615	0.627	0.627				4.943	4.436	4.872	5.481				5.737	5.566	5.486	5.733				5.668	5.864	5.756	5.790	5.461			4.979	5.025	4.840	5.114	4.987		
5.846	0.580	0.620	0.630	0.625				4.933	4.442	4.895	5.461				5.751	5.571	5.482	5.705				5.690	5.844	5.773	5.751	5.496			4.975	5.006	4.806	5.132	4.986		
5.856	0.579	0.620	0.626	0.627				4.936	4.429	4.904	5.492				5.752	5.603	5.505	5.695				5.679	5.824	5.782	5.817	5.501			4.999	5.021	4.808	5.120	4.969		
5.865	0.580	0.617	0.627	0.628				4.947	4.458	4.883	5.479				5.764	5.550	5.450	5.739				5.684	5.853	5.735	5.821	5.487			4.977	4.988	4.824	5.173	4.967		
5.874	0.582	0.620	0.628	0.628				4.895	4.450	4.902	5.474				5.744	5.593	5.459	5.719				5.710	5.839	5.776	5.800	5.473			4.987	4.995	4.839	5.159	4.970		
5.883	0.579	0.616	0.626	0.628				4.920	4.448	4.917	5.472				5.748	5.562	5.501	5.720				5.684	5.824	5.774	5.797	5.492			5.012	4.994	4.822	5.148	4.958		
5.893	0.580	0.616	0.633	0.622				4.923	4.431	4.895	5.440				5.788	5.563	5.487	5.730				5.700	5.850	5.770	5.808	5.469			4.964	4.975	4.839	5.141	4.976		
5.902																																			
5.911	0.593	0.639	0.648	0.647				5.251	4.925	5.085					6.023	5.842	5.716	5.966				5.946	6.104	6.007	6.052	5.708			5.250	5.310					
5.920	0.578	0.618	0.626	0.629				5.140	4.760	4.958					5.869	5.714	5.589	5.833				5.849	5.958	5.903	5.885	5.607			5.114	5.236					
5.930	0.576	0.614	0.626	0.627				5.091	4.726	4.920					5.845	5.642	5.554	5.803				5.782	5.937	5.824	5.869	5.593			5.102	5.218					
5.939	0.580	0.607	0.627	0.627				5.075	4.724	4.907					5.840	5.640	5.513	5.808				5.777	5.908	5.813	5.827	5.524			5.052	5.187					
5.948	0.582	0.617	0.623	0.623				5.075	4.709	4.904					5.835	5.658	5.526	5.800				5.790	5.927	5.815	5.864	5.540			5.091	5.181					
5.957	0.583	0.617	0.626	0.623				5.079	4.700	4.904					5.838	5.634	5.526	5.794				5.837	5.951	5.837	5.854	5.556			5.082	5.154					
5.967	0.587	0.615	0.625	0.628				5.089	4.695	4.896					5.824	5.649	5.535	5.820				5.800	5.950	5.805	5.842	5.509			5.089	5.210					
5.976	0.583	0.615	0.627	0.623				5.106	4.725	4.916					5.872	5.663	5.534	5.776				5.779	5.946	5.823	5.835	5.475			5.072	5.208					
5.985	0.585	0.616	0.624	0.618				5.077	4.743	4.895					5.852	5.639	5.540	5.827				5.794	5.914	5.835	5.860	5.536			5.067	5.181					
5.994	0.580	0.613	0.627	0.622				5.066	4.726	4.909					5.824	5.628	5.567	5.816				5.800	5.923	5.848	5.871	5.507			5.054	5.145					
6.003	0.585	0.619	0.627	0.625				5.082	4.719	4.889					5.875	5.682	5.497	5.833				5.754	5.934	5.814	5.863	5.521			5.067	5.160					
6.013	0.585	0.619	0.626	0.630				5.076	4.735	4.886					5.861	5.690	5.503	5.828				5.766	5.920	5.819	5.854	5.510			5.075	5.168					
6.022	0.586	0.616	0.629	0.631				5.096	4.720	4.869					5.862	5.642	5.527	5.850				5.808	5.932	5.845	5.889	5.495			5.096	5.196					
6.031	0.593	0.619	0.628	0.631				5.092	4.719	4.886					5.842	5.638	5.538	5.794				5.819	5.932	5.853	5.872	5.560			5.085	5.177					
6.040	0.599	0.623	0.623	0.628				5.107	4.722	4.909					5.877	5.682	5.554	5.843				5.791	5.943	5.833	5.858	5.534			5.089	5.158					
6.050	0.590	0.624	0.626	0.631				5.090	4.731	4.889					5.839	5.688	5.563	5.831				5.822	5.931	5.875	5.843	5.561			5.076	5.163					
6.059	0.593	0.623	0.631	0.633				5.108	4.737	4.921					5.843	5.709	5.536	5.833				5.826	5.968	5.862	5.875	5.552			5.084	5.165					
6.068	0.594	0.618	0.634	0.634				5.107	4.753	4.906					5.893	5.704	5.564	5.857				5.826	5.975	5.871	5.902	5.557			5.114	5.210					
6.077	0.593	0.622	0.637	0.639				5.111	4.786	4.944					5.895	5.707	5.610	5.838				5.848	5.984	5.850	5.892	5.550			5.102	5.183					
6.087	0.597	0.621	0.630	0.637				5.112	4.753	4.974					5.896	5.692	5.534	5.864				5.844	6.001	5.904	5.913	5.582			5.112	5.188					
6.096	0.600	0.622	0.638	0.638				5.150	4.785	4.927					5.902	5.726	5.599	5.865				5.848	5.983	5.911	5.886	5.591			5.118	5.206					
6.105	0.596	0.625	0.633	0.637				5.167	4.769	4.953					5.884	5.689	5.579	5.890				5.842	5.960	5.924	5.908	5.557			5.089	5.187					
6.114	0.599	0.623	0.634	0.641				5.135	4.784	4.964					5.874	5.711	5.593	5.866				5.866	5.978	5.887	5.922	5.566			5.138	5.248					
6.124	0.599	0.620	0.632	0.643				5.165	4.768	4.960					5.878	5.712	5.575	5.889				5.865	5.989	5.878	5.907	5.550			5.116	5.169					
6.133	0.600	0.626	0.633	0.642				5.131	4.796	4.971					5.939	5.690	5.583	5.840				5.838	5.977	5.896	5.921	5.611			5.137	5.212					
6.142	0.604	0.625	0.634	0.644				5.182	4.793	4.943					5.930	5.689	5.598	5.909				5.878	6.008	5.898	5.903	5.557			5.138	5.236					
6.151	0.606	0.627	0.640	0.644				5.161	4.809	4.985					5.905	5.727	5.592	5.874				5.890	5.946	5.906	5.909	5.583			5.140	5.221					
6.160	0.604	0.626	0.635	0.643				5.176	4.785	4.958					5.918	5.722	5.619	5.875				5.865	6.020	5.931	5.933	5.583			5.119	5.243					
6.170	0.609	0.627	0.639	0.642				5.181	4.778	4.968					5.937	5.759	5.572	5.881				5.863	5.988	5.941	5.966	5.593			5.134	5.238					
6.179	0.610	0.627	0.637	0.643				5.189	4.815	4.966					5.930	5.769	5.652	5.917				5.883	6.024	5.953	5.932	5.602			5.122	5.232					
6.188	0.611	0.623	0.638	0.647				5.209	4.815	4.958					5.932	5.721	5.603	5.902				5.917	6.000	5.920	5.959	5.603			5.148	5.251					
6.197	0.609	0.629	0.636	0.645				5.211	4.814	4.984					5.945	5.741	5.628	5.900				5.875	6.023	5.945	5.975	5.611			5.160	5.236					
6.207	0.611	0.631	0.638	0.649				5.188	4.858	4.970					5.978	5.783	5.614	5.934				5.870	6.065	5.964	5.963	5.610			5.166	5.264					
6.216	0.607	0.626	0.638	0.643				5.184	4.837	4.987					5.952	5.756	5.626	5.941				5.910	6.027	5.960	5.945	5.623			5.133	5.244					
6.225	0.607	0.630	0.638	0.646				5.209	4.848	4.992					5.932	5.750	5.633	5.921				5.901	6.030	5.939	5.974	5.642			5.161	5.255					
6.234	0.607	0.632	0.638	0.645				5.235	4.834	4.994					5.942	5.766	5.654	5.937				5.891	6.014	5.960	5.978	5.609			5.160	5.272					
6.244	0.607	0.628	0.641	0.644				5.221	4.845	4.978					6.002	5.793	5.644	5.916				5.894	6.070	5.984	5.969	5.676			5.157	5.262					
6.253	0.605	0.628	0.640	0.644				5.188	4.841	5.000					5.954	5.763	5.639	5.936				5.881	6.034	5.992	5.980	5.615			5.148	5.240					
6.262	0.602	0.629	0.641	0.649				5.226	4.876	5.007					5.971	5.779	5.636	5.984				5.936	6.033	5.984	6.010	5.612			5.184	5.265					
6.271	0.609	0.632	0.639	0.648				5.243	4.838	5.014					5.962	5.772	5.667	5.968				5.892	6.040	5.977	5.967	5.601			5.172	5.268					
6.281	0.608	0.635	0.647	0.649				5.218	4.863	5.034					5.990	5.789	5.661	5.975				5.909	6.042	6.005	5.982	5.609			5.200	5.296					
6.290	0.607	0.631	0.643	0.652				5.244	4.862	5.017					5.969	5.779	5.660	5.976				5.917	6.080	5.972	6.000	5.651			5.161	5.272					
6.299	0.604	0.634	0.642	0.648				5.231	4.851	5.010					5.973	5.783	5.644	5.963				5.903	6.052	5.956	5.957	5.616			5.127	5.256					
6.308	0.606	0.630	0.642	0.643				5.241	4.831	5.017					5.975	5.771	5.648	5.919				5.929	6.047	5.963	6.005	5.646			5.203	5.266					
6.318	0.602	0.630	0.641	0.643				5.223	4.832	5.011					6.005	5.808	5.648	5.944				5.920	6.029	5.982	5.973	5.600			5.157	5.249					
6.327	0.601	0.630	0.638	0.641				5.207	4.843	5.000					6.013	5.757	5.654	5.968				5.882	6.023	5.982	5.954	5.608			5.167	5.240					
6.336	0.605	0.631	0.643	0.649				5.219	4.849	5.017					5.977	5.796	5.657	5.927				5.886	6.053	5.984	5.974	5.655			5.150	5.238					
6.345	0.605	0.631	0.642	0.645				5.222	4.858	5.008					5.938	5.801	5.645	5.966				5.910	6.047	5.994	5.968	5.650			5.160	5.231					
6.354	0.598	0.628	0.636	0.647				5.227	4.824	5.026					5.966	5.799	5.653	5.938				5.903	6.058	5.983	5.997	5.627			5.179	5.245					
6.364	0.601	0.632	0.638	0.638				5.215	4.837	4.988					5.986	5.768	5.670	5.953				5.884	6.030	5.945	5.966	5.589			5.160	5.251					
6.373	0.597	0.625	0.638	0.641				5.198	4.854	4.983					5.947	5.766	5.624	5.955				5.878	6.038	5.946	5.955	5.606			5.139	5.263					
6.382	0.600	0.628	0.635	0.643				5.212	4.819	4.997					5.931	5.767	5.628	5.947				5.874	6.006	5.958	5.928	5.593			5.126	5.249					
6.391	0.600	0.623	0.636	0.640				5.209	4.814	4.959					5.954	5.775	5.619	5.919				5.868	6.043	5.931	5.956	5.588			5.134	5.207					
6.401	0.596	0.625	0.631	0.642				5.204	4.815	4.979					5.980	5.747	5.623	5.922				5.869	6.018	5.961	5.959	5.610			5.139	5.238					
6.410	0.598	0.625	0.635	0.641				5.215	4.797	4.995					5.941	5.743	5.665	5.915				5.867	6.044	5.963	5.944	5.610			5.099	5.208					
6.419	0.597	0.623	0.632	0.638				5.178	4.806	4.993					5.981	5.750	5.647	5.917				5.877	6.033	5.959	5.944	5.577			5.128	5.218					
6.428	0.600	0.626	0.638	0.642				5.229	4.813	4.977					5.974	5.762	5.640	5.942				5.898	6.020	5.952	5.952	5.600			5.127	5.229					
6.438	0.598	0.623	0.633	0.640				5.197	4.803	4.978					5.947	5.753	5.607	5.895				5.865	6.006	5.948	5.933	5.598			5.122	5.188					
6.447	0.600	0.625	0.638	0.643				5.251	4.843	4.986					5.992	5.736	5.665	5.942				5.929	5.995	5.970	5.983	5.619			5.134	5.248					
6.456	0.595	0.632	0.640	0.643				5.181	4.827	4.993					5.949	5.798	5.645	5.979				5.909	6.042	5.977	5.984	5.624			5.167	5.226					
6.465	0.599	0.629	0.641	0.643				5.245	4.852	4.984					5.960	5.766	5.637	5.941				5.874	6.044	5.940	5.963	5.586			5.130	5.216					
6.475	0.601	0.629	0.640	0.639				5.216	4.839	5.009					6.011	5.786	5.632	6.012				5.893	6.016	5.959	5.952	5.630			5.155	5.229					
6.484	0.598	0.625	0.639	0.642				5.224	4.858	5.003					5.989	5.798	5.646	5.968				5.923	6.049	5.949	5.985	5.590			5.132	5.251					
6.493	0.596	0.625	0.637	0.642				5.216	4.812	4.971					5.990	5.753	5.637	5.915				5.875	6.024	5.945	5.964	5.597			5.106	5.208					
6.502	0.602	0.632	0.639	0.642				5.221	4.835	5.004					5.982	5.800	5.669	5.945				5.935	6.059	5.961	5.976	5.639			5.159	5.244					
6.511	0.599	0.628	0.641	0.642				5.250	4.858	5.034					5.976	5.792	5.668	5.918				5.912	6.067	5.960	5.998	5.627			5.154	5.220					
6.521	0.602	0.630	0.641	0.647				5.215	4.837	5.017					6.004	5.832	5.632	5.931				5.926	6.044	5.976	6.045	5.669			5.180	5.236					
6.530	0.602	0.625	0.642	0.647				5.255	4.849	5.002					5.988	5.821	5.657	5.961				5.919	6.046	5.985	5.965	5.611			5.148	5.243					
6.539	0.603	0.632	0.646	0.643				5.279	4.854	5.057					6.008	5.789	5.681	5.933				5.969	6.104	6.025	6.000	5.671			5.145	5.257					
6.548	0.601	0.628	0.640	0.643				5.257	4.881	5.030					6.042	5.807	5.693	5.981				5.926	6.088	6.029	6.001	5.632			5.137	5.265					
6.558	0.602	0.629	0.645	0.645				5.281	4.886	5.011					5.992	5.827	5.685	5.978				5.940	6.053	6.016	6.021	5.647			5.179	5.277					
6.567	0.604	0.633	0.641	0.646				5.260	4.871	5.024					6.011	5.850	5.689	5.994				5.944	6.081	5.978	6.004	5.642			5.177	5.265					
6.576	0.603	0.631	0.641	0.646				5.284	4.875	5.020					6.016	5.807	5.746	5.989				5.927	6.057	6.000	6.008	5.654			5.173	5.273					
6.585	0.600	0.631	0.641	0.646				5.267	4.857	5.025					6.030	5.804	5.686	5.970				5.925	6.092	6.031	6.017	5.632			5.149	5.247					
6.595	0.598	0.631	0.641	0.643				5.257	4.867	5.015					6.020	5.810	5.683	5.940				5.900	6.072	5.974	5.988	5.628			5.141	5.238					
6.604	0.603	0.626	0.638	0.640				5.252	4.851	5.004					5.982	5.799	5.686	5.974				5.918	6.064	5.941	5.960	5.627			5.172	5.257					
6.613	0.600	0.629	0.640	0.639				5.249	4.858	5.014					6.019	5.828	5.681	5.958				5.904	6.061	5.980	5.981	5.631			5.111	5.238					
6.622	0.603	0.634	0.643	0.641				5.281	4.864	5.050					6.011	5.819	5.691	5.988				5.923	6.065	6.003	6.005	5.648			5.181	5.286					
6.632	0.604	0.631	0.645	0.642				5.272	4.871	5.031					6.052	5.808	5.687	5.978				5.926	6.102	6.020	6.027	5.619			5.188	5.270					
6.641	0.603	0.630	0.646	0.643				5.264	4.903	5.012					6.039	5.842	5.693	5.958				5.908	6.024	6.004	5.994	5.620			5.179	5.228					
6.650	0.602	0.631	0.644	0.644				5.294	4.848	5.033					6.002	5.798	5.685	5.944				5.921	6.056	5.982	5.989	5.622			5.146	5.230					
6.659	0.601	0.629	0.639	0.640				5.276	4.859	4.979					6.014	5.793	5.680	5.968				5.919	6.033	5.990	5.985	5.622			5.159	5.235					
6.668	0.603	0.627	0.642	0.644				5.266	4.853	5.006					6.008	5.783	5.669	5.969				5.919	6.035	5.971	5.971	5.627			5.110	5.214					
6.678	0.603	0.626	0.641	0.645				5.274	4.847	5.030					6.006	5.798	5.671	5.965				5.905	6.043	5.987	5.971	5.617			5.143	5.208					
6.687																																			
6.696	0.612	0.647	0.664	0.659				5.425	5.300						6.250	6.030	5.871	6.211				6.145	6.363	6.236	6.178	5.882			5.387	5.438					
6.705	0.597	0.628	0.644	0.642				5.289	5.211						6.112	5.905	5.748	6.071				6.002	6.190	6.081	6.052	5.735			5.272	5.312					
6.715	0.597	0.631	0.641	0.640				5.269	5.179						6.082	5.833	5.712	6.060				6.012	6.173	6.080	5.996	5.702			5.229	5.270					
6.724	0.598	0.634	0.643	0.638				5.231	5.166						6.074	5.876	5.713	6.015				5.993	6.162	6.066	6.021	5.699			5.234	5.265					
6.733	0.598	0.634	0.645	0.644				5.252	5.173						6.108	5.851	5.729	6.068				6.001	6.185	6.086	6.039	5.718			5.241	5.305					
6.742	0.603	0.629	0.645	0.646				5.258	5.148						6.112	5.912	5.741	6.042				6.015	6.172	6.065	6.037	5.681			5.215	5.286					
6.752	0.599	0.634	0.648	0.642				5.293	5.153						6.098	5.868	5.762	6.070				5.984	6.164	6.072	6.026	5.691			5.243	5.296					
6.761	0.597	0.630	0.648	0.648				5.258	5.123						6.116	5.880	5.738	6.028				5.967	6.148	6.055	5.994	5.694			5.263	5.295					
6.770	0.601	0.631	0.643	0.648				5.292	5.128						6.111	5.893	5.737	6.068				6.002	6.180	6.066	6.027	5.724			5.238	5.295					
6.779	0.599	0.635	0.643	0.645				5.299	5.082						6.108	5.906	5.753	6.083				5.998	6.159	6.101	5.999	5.700			5.257	5.288					
6.789	0.602	0.638	0.650	0.643				5.276	5.092						6.085	5.893	5.739	6.034				6.002	6.214	6.068	6.015	5.730			5.249	5.286					
6.798	0.598	0.636	0.649	0.645				5.277	5.072						6.136	5.867	5.718	6.068				6.031	6.160	6.082	6.035	5.723			5.250	5.297					
6.807	0.598	0.634	0.647	0.644				5.274	5.046						6.126	5.874	5.691	6.053				6.009	6.144	6.084	5.992	5.682			5.211	5.278					
6.816	0.602	0.636	0.646	0.649				5.277	5.034						6.112	5.866	5.715	6.057				5.967	6.142	6.101	6.013	5.694			5.252	5.270					
6.825	0.598	0.633	0.649	0.644				5.280	5.034						6.145	5.845	5.724	6.039				6.013	6.173	6.082	6.023	5.715			5.190	5.265					
6.835	0.603	0.635	0.646	0.651				5.288	4.984						6.110	5.890	5.724	6.069				6.045	6.184	6.063	6.024	5.717			5.240	5.289					
6.844	0.601	0.637	0.649	0.642				5.266	4.973						6.070	5.888	5.707	6.071				6.000	6.156	6.088	6.000	5.725			5.230	5.260					
6.853	0.602	0.637	0.650	0.643				5.240	4.976						6.091	5.847	5.753	6.080				6.006	6.192	6.063	6.010	5.717			5.252	5.261					
6.862	0.607	0.634	0.647	0.646				5.286	4.936						6.125	5.890	5.715	6.041				6.004	6.161	6.088	6.012	5.713			5.220	5.233					
6.872	0.606	0.634	0.650	0.647				5.264	4.911						6.118	5.856	5.725	6.035				6.005	6.157	6.073	6.018	5.683			5.242	5.253					
6.881	0.609	0.635	0.644	0.644				5.248	4.894						6.137	5.866	5.712	6.065				5.992	6.095	6.095	6.002	5.693			5.223	5.270					
6.890																																			
6.899	0.608	0.641						5.401	5.049						6.256	6.094	5.871	6.211				6.186	6.338	6.264	6.151	5.853			5.349	5.369					
6.909	0.601	0.631						5.301	4.964						6.153	6.014	5.787	6.170				6.064	6.221	6.176	6.062	5.771			5.288	5.296					
6.918	0.595	0.630						5.299	4.932						6.118	5.978	5.775	6.148				6.043	6.206	6.136	6.063	5.724			5.251	5.257					
6.927	0.597	0.631						5.260	4.902						6.119	5.931	5.750	6.104				6.067	6.192	6.091	6.042	5.704			5.231	5.217					
6.936	0.596	0.625						5.248	4.877						6.102	5.933	5.695	6.062				6.037	6.154	6.078	6.011	5.700			5.203	5.219					
6.946	0.593	0.630						5.260	4.898						6.097	5.922	5.731	6.106				6.032	6.154	6.089	6.027	5.697			5.201	5.221					
6.955	0.599	0.628						5.260	4.884						6.101	5.907	5.718	6.091				6.035	6.186	6.104	6.062	5.715			5.222	5.209					
6.964	0.598	0.630						5.263	4.898						6.095	5.918	5.726	6.139				6.039	6.144	6.087	6.012	5.708			5.216	5.198					
6.973	0.600	0.629						5.310	4.907						6.117	5.911	5.733	6.087				6.004	6.165	6.116	6.068	5.719			5.245	5.236					
6.983	0.603	0.627						5.269	4.914						6.174	5.939	5.753	6.127				6.068	6.183	6.098	6.013	5.729			5.225	5.236					
6.992	0.603	0.631						5.271	4.949						6.137	5.936	5.744	6.100				6.054	6.220	6.119	6.055	5.730			5.217	5.243					
7.001	0.601	0.632						5.232	4.914						6.135	5.958	5.746	6.126				6.069	6.211	6.136	6.066	5.733			5.228	5.233					
7.010	0.599	0.633						5.271	4.908						6.096	5.917	5.738	6.125				6.045	6.120	6.119	6.026	5.688			5.178	5.192					
7.019	0.606	0.640						5.315	4.959						6.142	6.004	5.821	6.171				6.091	6.238	6.162	6.098	5.783			5.271	5.259					
7.029	0.609	0.636						5.298	4.924						6.195	5.982	5.760	6.167				6.074	6.227	6.163	6.061	5.773			5.252	5.228					
7.038	0.608	0.635						5.313	4.958						6.202	6.005	5.809	6.184				6.074	6.249	6.140	6.047	5.772			5.247	5.258					
7.047	0.611	0.634						5.288	4.965						6.182	5.986	5.772	6.145				6.044	6.207	6.151	6.066	5.749			5.264	5.224					
7.056	0.607	0.633						5.283	4.939						6.150	6.036	5.787	6.147				6.054	6.215	6.100	6.074	5.738			5.231	5.231					
7.066	0.604	0.634						5.271	4.933						6.166	5.972	5.806	6.148				6.041	6.204	6.123	6.049	5.720			5.194	5.216					
7.075	0.603	0.632						5.295	4.927						6.158	5.963	5.758	6.127				6.036	6.217	6.139	6.031	5.741			5.220	5.235					
7.084	0.604	0.632						5.269	4.915						6.132	5.958	5.743	6.138				6.038	6.198	6.165	6.016	5.754			5.224	5.214					
7.093	0.607	0.634						5.245	4.893						6.148	5.964	5.782	6.163				6.077	6.200	6.102	6.043	5.723			5.255	5.215					
7.103	0.605	0.630						5.326	4.952						6.183	5.927	5.754	6.135				6.018	6.183	6.120	6.039	5.747			5.215	5.213					
7.112	0.608	0.630						5.334	4.939						6.156	5.948	5.750	6.153				6.101	6.198	6.091	6.037	5.745			5.223	5.187					
7.121	0.608	0.636						5.310	4.946						6.179	5.963	5.749	6.140				6.056	6.206	6.137	6.043	5.718			5.230	5.237					
7.130	0.607	0.635						5.321	4.950						6.144	5.959	5.776	6.118				6.042	6.226	6.140	6.035	5.760			5.233	5.238					
7.140	0.609	0.633						5.344	4.967						6.158	5.984	5.769	6.164				6.059	6.205	6.147	6.031	5.760			5.211	5.233					
7.149	0.606	0.633						5.329	4.963						6.153	5.980	5.775	6.188				6.084	6.204	6.166	6.051	5.748			5.232	5.214					
7.158	0.613	0.640						5.337	4.948						6.173	5.946	5.767	6.174				6.097	6.213	6.141	6.050	5.779			5.226	5.234					
7.167	0.607	0.633						5.322	4.960						6.193	5.963	5.808	6.166				6.083	6.194	6.178	6.081	5.757			5.251	5.242					
7.176	0.609	0.637						5.340	4.943						6.176	5.986	5.787	6.173				6.050	6.226	6.146	6.074	5.749			5.244	5.254					
7.186	0.606	0.642						5.321	5.007						6.162	5.983	5.780	6.174				6.053	6.201	6.167	6.089	5.743			5.290	5.252					
7.195	0.606	0.635						5.321	4.971						6.184	5.961	5.796	6.171				6.052	6.164	6.140	6.046	5.740			5.209	5.200					
7.204	0.606	0.638						5.347	4.956						6.173	5.970	5.794	6.151				6.076	6.213	6.119	6.025	5.766			5.224	5.222					
7.213	0.613	0.639						5.361	4.988						6.167	5.974	5.788	6.205				6.098	6.194	6.160	6.078	5.740			5.249	5.250					
7.223	0.609	0.638						5.346	4.980						6.172	6.007	5.839	6.193				6.120	6.256	6.179	6.118	5.781			5.252	5.250					
7.232	0.610	0.639						5.372	4.992						6.221	6.008	5.818	6.169				6.076	6.197	6.196	6.065	5.760			5.233	5.239					
7.241	0.611	0.639						5.399	4.989						6.194	6.016	5.823	6.205				6.122	6.259	6.179	6.086	5.779			5.305	5.244					
7.250	0.611	0.637						5.353	5.020						6.234	6.013	5.862	6.227				6.111	6.280	6.200	6.131	5.815			5.309	5.217					
7.260	0.613	0.641						5.367	5.014						6.233	6.021	5.836	6.213				6.102	6.232	6.183	6.098	5.791			5.276	5.259					
7.269	0.614	0.641						5.375	5.043						6.228	6.036	5.823	6.236				6.130	6.246	6.186	6.106	5.820			5.293	5.280					
7.278	0.610	0.641						5.391	5.011						6.243	6.029	5.858	6.224				6.124	6.289	6.184	6.124	5.840			5.282	5.244					
7.287	0.612	0.642						5.382	5.050						6.243	6.095	5.841	6.232				6.170	6.299	6.256	6.126	5.828			5.286	5.298					
7.297	0.617	0.645						5.412	5.071						6.249	6.065	5.853	6.230				6.125	6.315	6.244	6.078	5.840			5.301	5.292					
7.306	0.615	0.641						5.391	5.063						6.248	6.070	5.909	6.262				6.175	6.275	6.246	6.144	5.819			5.327	5.255					
7.315	0.613	0.645						5.426	5.082						6.265	6.087	5.895	6.248				6.152	6.296	6.222	6.138	5.841			5.334	5.304					
7.324	0.617	0.643						5.422	5.061						6.278	6.085	5.928	6.292				6.156	6.299	6.214	6.148	5.802			5.308	5.298					
7.333	0.617	0.641						5.396	5.065						6.264	6.066	5.910	6.275				6.149	6.308	6.206	6.150	5.821			5.297	5.264					
7.343	0.614	0.644						5.398	5.048						6.279	6.052	5.885	6.248				6.136	6.272	6.220	6.139	5.843			5.319	5.257					
7.352	0.614	0.645						5.396	5.047						6.271	6.086	5.909	6.253				6.171	6.250	6.231	6.161	5.817			5.306	5.245					
7.361	0.615	0.646						5.431	5.107						6.313	6.081	5.922	6.286				6.188	6.290	6.256	6.165	5.854			5.370	5.324					
7.370	0.619	0.646						5.451	5.071						6.300	6.090	5.892	6.277				6.197	6.310	6.258	6.164	5.857			5.332	5.276					
7.380	0.615	0.651						5.449	5.069						6.278	6.114	5.927	6.302				6.196	6.308	6.296	6.199	5.839			5.340	5.279					
7.389	0.613	0.647						5.459	5.074						6.280	6.071	5.936	6.298				6.162	6.329	6.262	6.166	5.860			5.320	5.294					
7.398	0.618	0.645						5.471	5.063						6.296	6.078	5.905	6.302				6.200	6.291	6.259	6.186	5.881			5.327	5.291					
7.407	0.615	0.643						5.458	5.070						6.312	6.115	5.932	6.276				6.183	6.282	6.246	6.174	5.862			5.326	5.261					
7.417	0.614	0.648						5.409	5.056						6.290	6.096	5.915	6.272				6.179	6.267	6.261	6.149	5.842			5.287	5.240					
7.426	0.613	0.645						5.422	5.057						6.271	6.087	5.891	6.308				6.179	6.260	6.247	6.131	5.845			5.320	5.277					
7.435	0.616	0.641						5.430	5.044						6.281	6.078	5.904	6.314				6.136	6.246	6.243	6.154	5.864			5.313	5.260					
7.444	0.612	0.644						5.441	5.054						6.286	6.102	5.926	6.292				6.143	6.262	6.239	6.142	5.823			5.301	5.258					
7.454	0.617	0.643						5.444	5.062						6.287	6.068	5.914	6.294				6.160	6.318	6.250	6.121	5.782			5.320	5.263					
7.463	0.615	0.648						5.453	5.046						6.285	6.093	5.911	6.279				6.162	6.307	6.259	6.122	5.848			5.290	5.260					
7.472	0.617	0.644						5.427	5.054						6.254	6.074	5.906	6.260				6.154	6.282	6.250	6.120	5.833			5.308	5.242					
7.481	0.615	0.643						5.445	5.013						6.260	6.073	5.904	6.265				6.129	6.278	6.208	6.118	5.835			5.298	5.220					
7.490	0.613	0.644						5.439	5.057						6.280	6.042	5.875	6.238				6.138	6.250	6.184	6.100	5.791			5.279	5.241					
7.500	0.611	0.642						5.403	5.014						6.259	6.092	5.858	6.269				6.142	6.258	6.201	6.132	5.815			5.289	5.235					
7.509	0.610	0.641						5.426	5.032						6.258	6.071	5.890	6.247				6.129	6.268	6.228	6.091	5.801			5.288	5.250					
7.518	0.609	0.642						5.403	4.974						6.222	6.051	5.877	6.259				6.155	6.246	6.192	6.103	5.794			5.262	5.192					
7.527	0.610	0.639						5.420	4.994						6.258	6.093	5.862	6.271				6.182	6.230	6.209	6.088	5.791			5.269	5.226					
7.537	0.611	0.640						5.424	5.003						6.255	6.085	5.873	6.267				6.111	6.222	6.177	6.109	5.787			5.237	5.201					
7.546	0.608	0.637						5.392	4.993						6.217	6.035	5.861	6.241				6.097	6.237	6.202	6.096	5.755			5.276	5.166					
7.555	0.608	0.638						5.401	4.968						6.241	6.055	5.896	6.269				6.148	6.242	6.195	6.112	5.827			5.253	5.209					
7.564	0.608	0.639						5.425	5.005						6.256	6.064	5.917	6.269				6.147	6.242	6.206	6.102	5.776			5.261	5.202					
7.574	0.605	0.642						5.383	4.982						6.259	6.068	5.891	6.235				6.121	6.252	6.191	6.076	5.798			5.261	5.219					
7.583	0.611	0.639						5.411	4.997						6.241	6.008	5.850	6.260				6.104	6.246	6.207	6.122	5.767			5.251	5.200					
7.592	0.612	0.640						5.404	5.006						6.248	6.064	5.877	6.237				6.154	6.234	6.175	6.101	5.778			5.260	5.217					