"Time (h)"	"Time (h)"	"ThT intensity"	"ThT intensity"	"ThT intensity"	"ThT intensity"	"ThT intensity"	"Oligomer Fit"	"Oligomer Fit"	"Oligomer Fit"	"Oligomer Fit"	"Oligomer Fit"	"MDS (normalized)"	"MDS (normalized)"	"MDS (normalized)"	"MDS (normalized)"	"MDS (normalized)"
0.36000000	0.12767145	0.00000000000000														
1.43750000	0.51538820	0.00672182006205	0.08060438929105		0.17068965517241	0.15391084945332										
3.68750000	0.47324236	0.33402275077560	0.37257267608871	0.16062047569804	0.35693860386880											
6.16666667	1.04083300		0.29886246122027	0.25828335056877	0.58389402859546											
24.50000000		0.61231759163507	0.98858324715615													
49.75000000		0.79581753418362	0.92468114443295													
120.33333300	0.57735027	1.00000000000000	0.99487073422958	0.86892346509672												
216.33333300	63.88531390	0.68505113179363	1.00000000000000	1.00000000000000												
																
0.25000000												0.00878234				
0.33300000												0.09874199				
0.50000000												0.17327320				
0.75000000												0.58390695				
1.50000000												0.87847140				
1.50000000												0.81865654				
2.00000000												0.71303109				
3.00000000												0.65471952				
3.75000000												0.79143919				
4.00000000												0.67861381				
4.00000000												1.00000000				
5.00000000												0.55217976				
6.50000000												0.90220745				
7.00000000												0.83361025				
24.00000000												0.57963446				
25.00000000												0.17351056				
48.00000000												0.06028958				
51.50000000												0.18537859				
120.00000000												0.12319013				
120.00000000												0.29575125				
121.00000000												0.22193211				
169.00000000												0.14740090				
191.00000000												0.00000000				
289.00000000												0.04652267				
																
																
																
0.25000000							0.00000000000000									
0.35000000							0.14547595952404									
0.45000000							0.26748063404192									
0.55000000							0.36925757198453									
0.65000000							0.45369473762075									
0.75000000							0.52334859938254									
0.85000000							0.58046882630031									
0.95000000							0.62702319917120									
1.05000000							0.66472237506305									
1.15000000							0.69504418079121									
1.25000000							0.71925715181560									
1.35000000							0.73844307627264									
1.45000000							0.75351834827199									
1.55000000							0.76525397889177									
1.65000000							0.77429415633634									
1.75000000							0.78117328744517									
1.85000000							0.78633149028528									
1.95000000							0.79012854123090									
2.05000000							0.79285630922769									
2.15000000							0.79474973454820									
2.25000000							0.79599642914716									
2.35000000							0.79674499077500									
2.45000000							0.79711213351198									
2.55000000							0.79718874368137									
2.65000000							0.79704497262627									
2.75000000							0.79673447709882									
2.85000000							0.79629791456457									
2.95000000							0.79576579513017									
3.05000000							0.79516078461096									
3.15000000							0.79449954498463									
3.25000000							0.79379418959408									
3.35000000							0.79305342137403									
3.45000000							0.79228341341776									
3.55000000							0.79148848263996									
3.65000000							0.79067159932385									
3.75000000							0.78983476809946									
3.85000000							0.78897930945807									
3.95000000							0.78810606529206									
4.05000000							0.78721554714622									
4.15000000							0.78630804183248									
4.25000000							0.78538368573196									
4.35000000							0.78444251640960									
4.45000000							0.78348450801489									
4.55000000							0.78250959525640									
4.65000000							0.78151768943765									
4.75000000							0.78050868905679									
4.85000000							0.77948248673809									
4.95000000							0.77843897372492									
5.05000000							0.77737804277597									
5.15000000							0.77629959003165									
5.25000000							0.77520351622605									
5.35000000							0.77408972748917									
5.45000000							0.77295813589572									
5.55000000							0.77180865985888									
5.65000000							0.77064122442975									
5.75000000							0.76945576153884									
5.85000000							0.76825221020159									
5.95000000							0.76703051670004									
6.05000000							0.76579063474789									
6.15000000							0.76453252564241									
6.25000000							0.76325615840518									
6.35000000							0.76196150991253									
6.45000000							0.76064856501563									
6.55000000							0.75931731665052									
6.65000000							0.75796776593756									
6.75000000							0.75659992227023									
6.85000000							0.75521380339287									
6.95000000							0.75380943546713									
7.05000000							0.75238685312678									
7.15000000							0.75094609952078									
7.25000000							0.74948722634421									
7.35000000							0.74801029385708									
7.45000000							0.74651537089071									
7.55000000							0.74500253484160									
7.65000000							0.74347187165287									
7.75000000							0.74192347578296									
7.85000000							0.74035745016189									
7.95000000							0.73877390613484									
8.05000000							0.73717296339339									
8.15000000							0.73555474989431									
8.25000000							0.73391940176618									
8.35000000							0.73226706320405									
8.45000000							0.73059788635225									
8.55000000							0.72891203117571									
8.65000000							0.72720966532005									
8.75000000							0.72549096396082									
8.85000000							0.72375610964213									
8.95000000							0.72200529210517									
9.05000000							0.72023870810707									
9.15000000							0.71845656123035									
9.25000000							0.71665906168368									
9.35000000							0.71484642609428									
9.45000000							0.71301887729249									
9.55000000							0.71117664408910									
9.65000000							0.70931996104593									
9.75000000							0.70744906824027									
9.85000000							0.70556421102364									
9.95000000							0.70366563977564									
10.05000000							0.70175360965327									
10.15000000							0.69982838033640									
10.25000000							0.69789021577004									
10.35000000							0.69593938390387									
10.45000000							0.69397615642973									
10.55000000							0.69200080851751									
10.65000000							0.69001361855021									
10.75000000							0.68801486785855									
10.85000000							0.68600484045577									
10.95000000							0.68398382277311									
11.05000000							0.68195210339660									
11.15000000							0.67990997280551									
11.25000000							0.67785772311306									
11.35000000							0.67579564780981									
11.45000000							0.67372404151025									
11.55000000							0.67164319970288									
11.65000000							0.66955341850434									
11.75000000							0.66745499441788									
11.85000000							0.66534822409655									
11.95000000							0.66323340411145									
12.05000000							0.66111083072535									
12.15000000							0.65898079967198									
12.25000000							0.65684360594122									
12.35000000							0.65469954357049									
12.45000000							0.65254890544241									
12.55000000							0.65039198308916									
12.65000000							0.64822906650346									
12.75000000							0.64606044395643									
12.85000000							0.64388640182247									
12.95000000							0.64170722441119									
13.05000000							0.63952319380652									
13.15000000							0.63733458971296									
13.25000000							0.63514168930916									
13.35000000							0.63294476710869									
13.45000000							0.63074409482807									
13.55000000							0.62853994126203									
13.65000000							0.62633257216591									
13.75000000							0.62412225014529									
13.85000000							0.62190923455253									
13.95000000							0.61969378139042									
14.05000000							0.61747614322257									
14.15000000							0.61525656909068									
14.25000000							0.61303530443838									
14.35000000							0.61081259104157									
14.45000000							0.60858866694518									
14.55000000							0.60636376640611									
14.65000000							0.60413811984223									
14.75000000							0.60191195378730									
14.85000000							0.59968549085161									
14.95000000							0.59745894968818									
15.05000000							0.59523254496434									
15.15000000							0.59300648733847									
15.25000000							0.59078098344184									
15.35000000							0.58855623586519									
15.45000000							0.58633244315004									
15.55000000							0.58410979978436									
15.65000000							0.58188849620255									
15.75000000							0.57966871878958									
15.85000000							0.57745064988886									
15.95000000							0.57523446781399									
16.05000000							0.57302034686391									
16.15000000							0.57080845734145									
16.25000000							0.56859896557509									
16.35000000							0.56639203394361									
16.45000000							0.56418782090365									
16.55000000							0.56198648101988									
16.65000000							0.55978816499768									
16.75000000							0.55759301971814									
16.85000000							0.55540118827522									
16.95000000							0.55321281001492									
17.05000000							0.55102802057637									
17.15000000							0.54884695193458									
17.25000000							0.54666973244483									
17.35000000							0.54449648688846									
17.45000000							0.54232733652005									
17.55000000							0.54016239911573									
17.65000000							0.53800178902261									
17.75000000							0.53584561720916									
17.85000000							0.53369399131642									
17.95000000							0.53154701570999									
18.05000000							0.52940479153265									
18.15000000							0.52726741675749									
18.25000000							0.52513498624156									
18.35000000							0.52300759177979									
18.45000000							0.52088532215932									
18.55000000							0.51876826321389									
18.65000000							0.51665649787846									
18.75000000							0.51455010624383									
18.85000000							0.51244916561125									
18.95000000							0.51035375054698									
19.05000000							0.50826393293672									
19.15000000							0.50617978203975									
19.25000000							0.50410136454296									
19.35000000							0.50202874461451									
19.45000000							0.49996198395712									
19.55000000							0.49790114186106									
19.65000000							0.49584627525665									
19.75000000							0.49379743876630									
19.85000000							0.49175468475610									
19.95000000							0.48971806338684									
20.05000000							0.48768762266450									
20.15000000							0.48566340849012									
20.25000000							0.48364546470912									
20.35000000							0.48163383315996									
20.45000000							0.47962855372214									
20.55000000							0.47762966436358									
20.65000000							0.47563720118725									
20.75000000							0.47365119847719									
20.85000000							0.47167168874375									
20.95000000							0.46969870276818									
21.05000000							0.46773226964644									
21.15000000							0.46577241683228									
21.25000000							0.46381917017967									
21.35000000							0.46187255398435									
21.45000000							0.45993259102474									
21.55000000							0.45799930260208									
21.65000000							0.45607270857979									
21.75000000							0.45415282742212									
21.85000000							0.45223967623203									
21.95000000							0.45033327078833									
22.05000000							0.44843362558211									
22.15000000							0.44654075385235									
22.25000000							0.44465466762093									
22.35000000							0.44277537772675									
22.45000000							0.44090289385926									
22.55000000							0.43903722459122									
22.65000000							0.43717837741073									
22.75000000							0.43532635875259									
22.85000000							0.43348117402898									
22.95000000							0.43164282765938									
23.05000000							0.42981132309992									
23.15000000							0.42798666287192									
23.25000000							0.42616884858995									
23.35000000							0.42435788098903									
23.45000000							0.42255375995139									
23.55000000							0.42075648453243									
23.65000000							0.41896605298617									
23.75000000							0.41718246279005									
23.85000000							0.41540571066909									
23.95000000							0.41363579261954									
24.05000000							0.41187270393185									
24.15000000							0.41011643921316									
24.25000000							0.40836699240918									
24.35000000							0.40662435682551									
24.45000000							0.40488852514844									
24.55000000							0.40315948946524									
24.65000000							0.40143724128387									
24.75000000							0.39972177155227									
24.85000000							0.39801307067705									
24.95000000							0.39631112854175									
25.05000000							0.39461593452463									
25.15000000							0.39292747751596									
25.25000000							0.39124574593488									
25.35000000							0.38957072774576									
25.45000000							0.38790241047421									
25.55000000							0.38624078122256									
25.65000000							0.38458582668500									
25.75000000							0.38293753316226									
25.85000000							0.38129588657593									
25.95000000							0.37966087248235									
26.05000000							0.37803247608613									
26.15000000							0.37641068225333									
26.25000000							0.37479547552420									
26.35000000							0.37318684012568									
26.45000000							0.37158475998341									
26.55000000							0.36998921873351									
26.65000000							0.36840019973401									
26.75000000							0.36681768607592									
26.85000000							0.36524166059399									
26.95000000							0.36367210587723									
27.05000000							0.36210900427903									
27.15000000							0.36055233792707									
27.25000000							0.35900208873290									
27.35000000							0.35745823840129									
27.45000000							0.35592076843921									
27.55000000							0.35438966016469									
27.65000000							0.35286489471530									
27.75000000							0.35134645305644									
27.85000000							0.34983431598939									
27.95000000							0.34832846415910									
28.05000000							0.34682887806175									
28.15000000							0.34533553805210									
28.25000000							0.34384842435061									
28.35000000							0.34236751705037									
28.45000000							0.34089279612380									
28.55000000							0.33942424142911									
28.65000000							0.33796183271668									
28.75000000							0.33650554963515									
28.85000000							0.33505537173729									
28.95000000							0.33361127848587									
29.05000000							0.33217324925910									
29.15000000							0.33074126335617									
29.25000000							0.32931530000237									
29.35000000							0.32789533835423									
29.45000000							0.32648135750444									
29.55000000							0.32507333648658									
29.65000000							0.32367125427977									
29.75000000							0.32227508981313									
29.85000000							0.32088482197012									
29.95000000							0.31950042959271									
30.05000000							0.31812189148549									
30.15000000							0.31674918641956									
30.25000000							0.31538229313637									
30.35000000							0.31402119035139									
30.45000000							0.31266585675769									
30.55000000							0.31131627102937									
30.65000000							0.30997241182495									
30.75000000							0.30863425779055									
30.85000000							0.30730178756304									
30.95000000							0.30597497977310									
31.05000000							0.30465381304809									
31.15000000							0.30333826601492									
31.25000000							0.30202831730276									
31.35000000							0.30072394554570									
31.45000000							0.29942512938531									
31.55000000							0.29813184747311									
31.65000000							0.29684407847292									
31.75000000							0.29556180106323									
31.85000000							0.29428499393938									
31.95000000							0.29301363581574									
32.05000000							0.29174770542774									
32.15000000							0.29048718153396									
32.25000000							0.28923204291795									
32.35000000							0.28798226839022									
32.45000000							0.28673783678993									
32.55000000							0.28549872698673									
32.65000000							0.28426491788232									
32.75000000							0.28303638841221									
32.85000000							0.28181311754713									
32.95000000							0.28059508429462									
33.05000000							0.27938226770048									
33.15000000							0.27817464685007									
33.25000000							0.27697220086979									
33.35000000							0.27577490892827									
33.45000000							0.27458275023760									
33.55000000							0.27339570405462									
33.65000000							0.27221374968195									
33.75000000							0.27103686646923									
33.85000000							0.26986503381402									
33.95000000							0.26869823116298									
34.05000000							0.26753643801271									
34.15000000							0.26637963391081									
34.25000000							0.26522779845666									
34.35000000							0.26408091130242									
34.45000000							0.26293895215373									
34.55000000							0.26180190077056									
34.65000000							0.26066973696802									
34.75000000							0.25954244061697									
34.85000000							0.25841999164486									
34.95000000							0.25730237003622									
35.05000000							0.25618955583348									
35.15000000							0.25508152913743									
35.25000000							0.25397827010791									
35.35000000							0.25287975896425									
35.45000000							0.25178597598589									
35.55000000							0.25069690151284									
35.65000000							0.24961251594613									
35.75000000							0.24853279974834									
35.85000000							0.24745773344392									
35.95000000							0.24638729761967									
36.05000000							0.24532147292515									
36.15000000							0.24426024007291									
36.25000000							0.24320357983905									
36.35000000							0.24215147306324									
36.45000000							0.24110390064936									
36.55000000							0.24006084356554									
36.65000000							0.23902228284450									
36.75000000							0.23798819958387									
36.85000000							0.23695857494631									
36.95000000							0.23593339015977									
37.05000000							0.23491262651777									
37.15000000							0.23389626537944									
37.25000000							0.23288428816981									
37.35000000							0.23187667637989									
37.45000000							0.23087341156691									
37.55000000							0.22987447535430									
37.65000000							0.22887984943193									
37.75000000							0.22788951555625									
37.85000000							0.22690345555015									
37.95000000							0.22592165130339									
38.05000000							0.22494408477227									
38.15000000							0.22397073798014									
38.25000000							0.22300159301695									
38.35000000							0.22203663203974									
38.45000000							0.22107583727236									
38.55000000							0.22011919100564									
38.65000000							0.21916667559736									
38.75000000							0.21821827347222									
38.85000000							0.21727396712189									
38.95000000							0.21633373910487									
39.05000000							0.21539757204675									
39.15000000							0.21446544863971									
39.25000000							0.21353735164304									
39.35000000							0.21261326388253									
39.45000000							0.21169316825097									
39.55000000							0.21077704770750									
39.65000000							0.20986488527811									
39.75000000							0.20895666405519									
39.85000000							0.20805236719754									
39.95000000							0.20715197793038									
40.05000000							0.20625547954520									
40.15000000							0.20536285539945									
40.25000000							0.20447408891702									
40.35000000							0.20358916358730									
40.45000000							0.20270806296596									
40.55000000							0.20183077067395									
40.65000000							0.20095727039821									
40.75000000							0.20008754589093									
40.85000000							0.19922158096966									
40.95000000							0.19835935951732									
41.05000000							0.19750086548163									
41.15000000							0.19664608287554									
41.25000000							0.19579499577655									
41.35000000							0.19494758832691									
41.45000000							0.19410384473334									
41.55000000							0.19326374926686									
41.65000000							0.19242728626267									
41.75000000							0.19159444012013									
41.85000000							0.19076519530212									
41.95000000							0.18993953633554									
42.05000000							0.18911744781062									
42.15000000							0.18829891438091									
42.25000000							0.18748392076323									
42.35000000							0.18667245173743									
42.45000000							0.18586449214591									
42.55000000							0.18506002689409									
42.65000000							0.18425904094948									
42.75000000							0.18346151934203									
42.85000000							0.18266744716383									
42.95000000							0.18187680956871									
43.05000000							0.18108959177227									
43.15000000							0.18030577905177									
43.25000000							0.17952535674550									
43.35000000							0.17874831025304									
43.45000000							0.17797462503510									
43.55000000							0.17720428661254									
43.65000000							0.17643728056758									
43.75000000							0.17567359254209									
43.85000000							0.17491320823835									
43.95000000							0.17415611341865									
44.05000000							0.17340229390488									
44.15000000							0.17265173557858									
44.25000000							0.17190442438045									
44.35000000							0.17116034631083									
44.45000000							0.17041948742798									
44.55000000							0.16968183385017									
44.65000000							0.16894737175298									
44.75000000							0.16821608737123									
44.85000000							0.16748796699726									
44.95000000							0.16676299698151									
45.05000000							0.16604116373231									
45.15000000							0.16532245371511									
45.25000000							0.16460685345265									
45.35000000							0.16389434952512									
45.45000000							0.16318492856941									
45.55000000							0.16247857727863									
45.65000000							0.16177528240286									
45.75000000							0.16107503074808									
45.85000000							0.16037780917692									
45.95000000							0.15968360460637									
46.05000000							0.15899240401098									
46.15000000							0.15830419441915									
46.25000000							0.15761896291484									
46.35000000							0.15693669663772									
46.45000000							0.15625738278090									
46.55000000							0.15558100859321									
46.65000000							0.15490756137723									
46.75000000							0.15423702848994									
46.85000000							0.15356939734204									
46.95000000							0.15290465539792									
47.05000000							0.15224279017560									
47.15000000							0.15158378924637									
47.25000000							0.15092764023481									
47.35000000							0.15027433081778									
47.45000000							0.14962384872529									
47.55000000							0.14897618174018									
47.65000000							0.14833131769619									
47.75000000							0.14768924448077									
47.85000000							0.14704995003177									
47.95000000							0.14641342234016									
48.05000000							0.14577964944647									
48.15000000							0.14514861944463									
48.25000000							0.14452032047723									
48.35000000							0.14389474074000									
48.45000000							0.14327186847719									
48.55000000							0.14265169198495									
48.65000000							0.14203419960919									
48.75000000							0.14141937974533									
48.85000000							0.14080722083897									
48.95000000							0.14019771138595									
49.05000000							0.13959083992995									
49.15000000							0.13898659506513									
49.25000000							0.13838496543458									
49.35000000							0.13778593972872									
49.45000000							0.13718950668915									
49.55000000							0.13659565510332									
49.65000000							0.13600437380791									
49.75000000							0.13541565168865									
49.85000000							0.13482947767633									
49.95000000							0.13424584075265									
50.05000000							0.13366472994341									
50.15000000							0.13308613432493									
50.25000000							0.13251004301781									
50.35000000							0.13193644519056									
50.45000000							0.13136533005888									
50.55000000							0.13079668688342									
50.65000000							0.13023050497225									
50.75000000							0.12966677368010									
50.85000000							0.12910548240458									
50.95000000							0.12854662059310									
51.05000000							0.12799017773449									
51.15000000							0.12743614336609									
51.25000000							0.12688450706842									
51.35000000							0.12633525846732									
51.45000000							0.12578838723416									
51.55000000							0.12524388308297									
51.65000000							0.12470173577460									
51.75000000							0.12416193511265									
51.85000000							0.12362447094275									
51.95000000							0.12308933315955									
52.05000000							0.12255651169438									
52.15000000							0.12202599652957									
52.25000000							0.12149777768281									
52.35000000							0.12097184522281									
52.45000000							0.12044818925299									
52.55000000							0.11992679992706									
52.65000000							0.11940766743598									
52.75000000							0.11889078201457									
52.85000000							0.11837613394121									
52.95000000							0.11786371353364									
53.05000000							0.11735351115407									
53.15000000							0.11684551720420									
53.25000000							0.11633972212833									
53.35000000							0.11583611641160									
53.45000000							0.11533469057974									
53.55000000							0.11483543520169									
53.65000000							0.11433834088272									
53.75000000							0.11384339827340									
53.85000000							0.11335059806263									
53.95000000							0.11285993097694									
54.05000000							0.11237138778846									
54.15000000							0.11188495930482									
54.25000000							0.11140063637528									
54.35000000							0.11091840988733									
54.45000000							0.11043827076758									
54.55000000							0.10996020998621									
54.65000000							0.10948421854531									
54.75000000							0.10901028749097									
54.85000000							0.10853840790734									
54.95000000							0.10806857091646									
55.05000000							0.10760076767521									
55.15000000							0.10713498938680									
55.25000000							0.10667122728524									
55.35000000							0.10620947264413									
55.45000000							0.10574971677692									
55.55000000							0.10529195103274									
55.65000000							0.10483616679974									
55.75000000							0.10438235550000									
55.85000000							0.10393050859561									
55.95000000							0.10348061758566									
56.05000000							0.10303267400469									
56.15000000							0.10258666942282									
56.25000000							0.10214259545122									
56.35000000							0.10170044373129									
56.45000000							0.10126020594423									
56.55000000							0.10082187380857									
56.65000000							0.10038543907237									
56.75000000							0.09995089352596									
56.85000000							0.09951822899472									
56.95000000							0.09908743733200									
57.05000000							0.09865851043612									
57.15000000							0.09823144023552									
57.25000000							0.09780621869342									
57.35000000							0.09738283780663									
57.45000000							0.09696128961263									
57.55000000							0.09654156617346									
57.65000000							0.09612365959637									
57.75000000							0.09570756201643									
57.85000000							0.09529326560151									
57.95000000							0.09488076255627									
58.05000000							0.09447004512072									
58.15000000							0.09406110556611									
58.25000000							0.09365393619339									
58.35000000							0.09324852934189									
58.45000000							0.09284487738578									
58.55000000							0.09244297272792									
58.65000000							0.09204280780351									
58.75000000							0.09164437508585									
58.85000000							0.09124766707449									
58.95000000							0.09085267630370									
59.05000000							0.09045939534152									
59.15000000							0.09006781678664									
59.25000000							0.08967793327495									
59.35000000							0.08928973746014									
59.45000000							0.08890322205057									
59.55000000							0.08851837975420									
59.65000000							0.08813520334920									
59.75000000							0.08775368561180									
59.85000000							0.08737381936279									
59.95000000							0.08699559745925									
60.05000000							0.08661901278471									
60.15000000							0.08624405824193									
60.25000000							0.08587072678633									
60.35000000							0.08549901138837									
60.45000000							0.08512890505104									
60.55000000							0.08476040081091									
60.65000000							0.08439349173387									
60.75000000							0.08402817091642									
60.85000000							0.08366443147476									
60.95000000							0.08330226657568									
61.05000000							0.08294166939910									
61.15000000							0.08258263316124									
61.25000000							0.08222515109685									
61.35000000							0.08186921649365									
61.45000000							0.08151482263213									
61.55000000							0.08116196286512									
61.65000000							0.08081063054146									
61.75000000							0.08046081904487									
61.85000000							0.08011252180231									
61.95000000							0.07976573225654									
62.05000000							0.07942044386996									
62.15000000							0.07907665016356									
62.25000000							0.07873434465766									
62.35000000							0.07839352090604									
62.45000000							0.07805417250494									
62.55000000							0.07771629305339									
62.65000000							0.07737987621674									
62.75000000							0.07704491563117									
62.85000000							0.07671140502631									
62.95000000							0.07637933810400									
63.05000000							0.07604870861812									
63.15000000							0.07571951036163									
63.25000000							0.07539173711348									
63.35000000							0.07506538273247									
63.45000000							0.07474044104782									
63.55000000							0.07441690597757									
63.65000000							0.07409477140248									
63.75000000							0.07377403127495									
63.85000000							0.07345467957045									
63.95000000							0.07313671024559									
64.05000000							0.07282011735343									
64.15000000							0.07250489490673									
64.25000000							0.07219103700134									
64.35000000							0.07187853769760									
64.45000000							0.07156739114743									
64.55000000							0.07125759146505									
64.65000000							0.07094913284099									
64.75000000							0.07064200947269									
64.85000000							0.07033621555931									
64.95000000							0.07003174536053									
65.05000000							0.06972859315401									
65.15000000							0.06942675320607									
65.25000000							0.06912621987849									
65.35000000							0.06882698747078									
65.45000000							0.06852905038027									
65.55000000							0.06823240299203									
65.65000000							0.06793703972656									
65.75000000							0.06764295502166									
65.85000000							0.06735014334443									
65.95000000							0.06705859916902									
66.05000000							0.06676831705733									
66.15000000							0.06647929146562									
66.25000000							0.06619151705031									
66.35000000							0.06590498829386									
66.45000000							0.06561969990326									
66.55000000							0.06533564643813									
66.65000000							0.06505282257496									
66.75000000							0.06477122300035									
66.85000000							0.06449084241268									
66.95000000							0.06421167550976									
67.05000000							0.06393371708401									
67.15000000							0.06365696186565									
67.25000000							0.06338140465946									
67.35000000							0.06310704028469									
67.45000000							0.06283386357029									
67.55000000							0.06256186937482									
67.65000000							0.06229105257172									
67.75000000							0.06202140808530									
67.85000000							0.06175293084951									
67.95000000							0.06148561575927									
68.05000000							0.06121945782565									
68.15000000							0.06095445204777									
68.25000000							0.06069059340152									
68.35000000							0.06042787695785									
68.45000000							0.06016629773118									
68.55000000							0.05990585086941									
68.65000000							0.05964653135917									
68.75000000							0.05938833445516									
68.85000000							0.05913125517588									
68.95000000							0.05887528877125									
69.05000000							0.05862043036936									
69.15000000							0.05836667519308									
69.25000000							0.05811401847469									
69.35000000							0.05786245544789									
69.45000000							0.05761198138356									
69.55000000							0.05736259157364									
69.65000000							0.05711428130897									
69.75000000							0.05686704592524									
69.85000000							0.05662088076745									
69.95000000							0.05637578120656									
70.05000000							0.05613174263918									
70.15000000							0.05588876044436									
70.25000000							0.05564683008406									
70.35000000							0.05540594698225									
70.45000000							0.05516610661005									
70.55000000							0.05492730442526									
70.65000000							0.05468953600764									
70.75000000							0.05445279682500									
70.85000000							0.05421708239251									
70.95000000							0.05398238837796									
71.05000000							0.05374871028690									
71.15000000							0.05351604370981									
71.25000000							0.05328438431989									
71.35000000							0.05305372774408									
71.45000000							0.05282406958533									
71.55000000							0.05259540559428									
71.65000000							0.05236773147058									
71.75000000							0.05214104281775									
71.85000000							0.05191533552752									
71.95000000							0.05169060524476									
72.05000000							0.05146684777861									
72.15000000							0.05124405890299									
72.25000000							0.05102223442697									
72.35000000							0.05080137019121									
72.45000000							0.05058146205073									
72.55000000							0.05036250580378									
72.65000000							0.05014449735564									
72.75000000							0.04992743268629									
72.85000000							0.04971130757788									
72.95000000							0.04949611807526									
73.05000000							0.04928186005499									
73.15000000							0.04906852954400									
73.25000000							0.04885612242978									
73.35000000							0.04864463485794									
73.45000000							0.04843406267038									
73.55000000							0.04822440210545									
73.65000000							0.04801564905739									
73.75000000							0.04780779970961									
73.85000000							0.04760085004050									
73.95000000							0.04739479622935									
74.05000000							0.04718963441481									
74.15000000							0.04698536067288									
74.25000000							0.04678197112852									
74.35000000							0.04657946208658									
74.45000000							0.04637782968362									
74.55000000							0.04617707000139									
74.65000000							0.04597717947823									
74.75000000							0.04577815417644									
74.85000000							0.04557999042660									
74.95000000							0.04538268450262									
75.05000000							0.04518623262091									
75.15000000							0.04499063121650									
75.25000000							0.04479587647476									
75.35000000							0.04460196475505									
75.45000000							0.04440889241139									
75.55000000							0.04421665603742									
75.65000000							0.04402525154939									
75.75000000							0.04383467583103									
75.85000000							0.04364492485457									
75.95000000							0.04345599555813									
76.05000000							0.04326788377429									
76.15000000							0.04308058645758									
76.25000000							0.04289409998018									
76.35000000							0.04270842067583									
76.45000000							0.04252354502655									
76.55000000							0.04233946984219									
76.65000000							0.04215619142377									
76.75000000							0.04197370630255									
76.85000000							0.04179201125300									
76.95000000							0.04161110261666									
77.05000000							0.04143097711540									
77.15000000							0.04125163142324									
77.25000000							0.04107306194084									
77.35000000							0.04089526547039									
77.45000000							0.04071823878272									
77.55000000							0.04054197819529									
77.65000000							0.04036648085106									
77.75000000							0.04019174290046									
77.85000000							0.04001776155062									
77.95000000							0.03984453329698									
78.05000000							0.03967205505536									
78.15000000							0.03950032314766									
78.25000000							0.03932933485201									
78.35000000							0.03915908663927									
78.45000000							0.03898957529175									
78.55000000							0.03882079801826									
78.65000000							0.03865275095893									
78.75000000							0.03848543166184									
78.85000000							0.03831883650748									
78.95000000							0.03815296257618									
79.05000000							0.03798780657004									
79.15000000							0.03782336550218									
79.25000000							0.03765963623348									
79.35000000							0.03749661583777									
79.45000000							0.03733430105938									
79.55000000							0.03717268894004									
79.65000000							0.03701177636718									
79.75000000							0.03685156043012									
79.85000000							0.03669203783549									
79.95000000							0.03653320610813									
80.05000000							0.03637506149213									
80.15000000							0.03621760218603									
80.25000000							0.03606082373400									
80.35000000							0.03590472432628									
80.45000000							0.03574930045398									
80.55000000							0.03559454943736									
80.65000000							0.03544046819428									
80.75000000							0.03528705432721									
80.85000000							0.03513430407866									
80.95000000							0.03498221541479									
81.05000000							0.03483078457221									
81.15000000							0.03468000999363									
81.25000000							0.03452988729468									
81.35000000							0.03438041512419									
81.45000000							0.03423158974384									
81.55000000							0.03408340867281									
81.65000000							0.03393586886938									
81.75000000							0.03378896781161									
81.85000000							0.03364270265214									
81.95000000							0.03349707076520									
82.05000000							0.03335206872129									
82.15000000							0.03320769502373									
82.25000000							0.03306394628081									
82.35000000							0.03292081923387									
82.45000000							0.03277831246647									
82.55000000							0.03263642204147									
82.65000000							0.03249514614854									
82.75000000							0.03235448136111									
82.85000000							0.03221442617384									
82.95000000							0.03207497677870									
83.05000000							0.03193613083298									
83.15000000							0.03179788667390									
83.25000000							0.03166024014919									
83.35000000							0.03152319008414									
83.45000000							0.03138673280987									
83.55000000							0.03125086622376									
83.65000000							0.03111558837000									
83.75000000							0.03098089533417									
83.85000000							0.03084678599814									
83.95000000							0.03071325662534									
84.05000000							0.03058030565187									
84.15000000							0.03044793000398									
84.25000000							0.03031612778214									
84.35000000							0.03018489558516									
84.45000000							0.03005423134731									
84.55000000							0.02992413372410									
84.65000000							0.02979459820377									
84.75000000							0.02966562426805									
84.85000000							0.02953720729996									
84.95000000							0.02940934749711									
85.05000000							0.02928204068041									
85.15000000							0.02915528552494									
85.25000000							0.02902907819656									
85.35000000							0.02890341776616									
85.45000000							0.02877830096181									
85.55000000							0.02865372584617									
85.65000000							0.02852968997460									
85.75000000							0.02840619148092									
85.85000000							0.02828322669683									
85.95000000							0.02816079527825									
86.05000000							0.02803889281126									
86.15000000							0.02791751866877									
86.25000000							0.02779667002568									
86.35000000							0.02767634401067									
86.45000000							0.02755653872027									
86.55000000							0.02743725287754									
86.65000000							0.02731848278101									
86.75000000							0.02720022728697									
86.85000000							0.02708248300960									
86.95000000							0.02696524929387									
87.05000000							0.02684852209010									
87.15000000							0.02673230089487									
87.25000000							0.02661658144305									
87.35000000							0.02650136478640									
87.45000000							0.02638664612545									
87.55000000							0.02627242463654									
87.65000000							0.02615869561162									
87.75000000							0.02604546178232									
87.85000000							0.02593271462160									
87.95000000							0.02582045869790									
88.05000000							0.02570868725188									
88.15000000							0.02559739945316									
88.25000000							0.02548659460458									
88.35000000							0.02537626901603									
88.45000000							0.02526641910185									
88.55000000							0.02515704832532									
88.65000000							0.02504814669885									
88.75000000							0.02493972050517									
88.85000000							0.02483176106026									
88.95000000							0.02472427002894									
89.05000000							0.02461724446970									
89.15000000							0.02451068096672									
89.25000000							0.02440457924601									
89.35000000							0.02429893654781									
89.45000000							0.02419375268746									
89.55000000							0.02408902329275									
89.65000000							0.02398474753417									
89.75000000							0.02388092202139									
89.85000000							0.02377754632533									
89.95000000							0.02367461796908									
90.05000000							0.02357213749058									
90.15000000							0.02347009625443									
90.25000000							0.02336850215118									
90.35000000							0.02326734181483									
90.45000000							0.02316662540318									
90.55000000							0.02306634033851									
90.65000000							0.02296649105174									
90.75000000							0.02286707582542									
90.85000000							0.02276808801302									
90.95000000							0.02266952911755									
91.05000000							0.02257139960348									
91.15000000							0.02247369201188									
91.25000000							0.02237640926454									
91.35000000							0.02227954305366									
91.45000000							0.02218310417283									
91.55000000							0.02208707484588									
91.65000000							0.02199146582348									
91.75000000							0.02189627046872									
91.85000000							0.02180148528308									
91.95000000							0.02170711292329									
92.05000000							0.02161314676603									
92.15000000							0.02151958601270									
92.25000000							0.02142643560633									
92.35000000							0.02133368364913									
92.45000000							0.02124133604577									
92.55000000							0.02114938278866									
92.65000000							0.02105783616978									
92.75000000							0.02096667777743									
92.85000000							0.02087591962747									
92.95000000							0.02078555105606									
93.05000000							0.02069557529142									
93.15000000							0.02060599040507									
93.25000000							0.02051679009677									
93.35000000							0.02042797725201									
93.45000000							0.02033954760426									
93.55000000							0.02025150328872									
93.65000000							0.02016384080245									
93.75000000							0.02007655183155									
93.85000000							0.01998964931896									
93.95000000							0.01990311678467									
94.05000000							0.01981696163556									
94.15000000							0.01973117634592									
94.25000000							0.01964576473369									
94.35000000							0.01956072243320									
94.45000000							0.01947604702799									
94.55000000							0.01939173884856									
94.65000000							0.01930780103663									
94.75000000							0.01922421349519									
94.85000000							0.01914100532406									
94.95000000							0.01905814450527									
95.05000000							0.01897564188434									
95.15000000							0.01889350472808									
95.25000000							0.01881171908073									
95.35000000							0.01873028676399									
95.45000000							0.01864920641609									
95.55000000							0.01856847626365									
95.65000000							0.01848810053846									
95.75000000							0.01840807030112									
95.85000000							0.01832838093295									
95.95000000							0.01824904849090									
96.05000000							0.01817004212483									
96.15000000							0.01809139670113									
96.25000000							0.01801307527698									
96.35000000							0.01793510336570									
96.45000000							0.01785747202216									
96.55000000							0.01778016933245									
96.65000000							0.01770320152241									
96.75000000							0.01762656327754									
96.85000000							0.01755026371780									
96.95000000							0.01747429226581									
97.05000000							0.01739865721768									
97.15000000							0.01732333288204									
97.25000000							0.01724835333448									
97.35000000							0.01717367437300									
97.45000000							0.01709934847758									
97.55000000							0.01702531688264									
97.65000000							0.01695162470472									
97.75000000							0.01687824883008									
97.85000000							0.01680517442125									
97.95000000							0.01673244435530									
98.05000000							0.01666000447114									
98.15000000							0.01658788880566									
98.25000000							0.01651608343966									
98.35000000							0.01644458386518									
98.45000000							0.01637340729910									
98.55000000							0.01630252875584									
98.65000000							0.01623195776790									
98.75000000							0.01616168350951									
98.85000000							0.01609173588010									
98.95000000							0.01602207417635									
99.05000000							0.01595270784364									
99.15000000							0.01588366863131									
99.25000000							0.01581489007843									
99.35000000							0.01574645927879									
99.45000000							0.01567827485863									
99.55000000							0.01561042221695									
99.65000000							0.01554283162528									
99.75000000							0.01547557023263									
99.85000000							0.01540855371096									
99.95000000							0.01534187407338									
100.05000000							0.01527544900905									
100.15000000							0.01520932638161									
100.25000000							0.01514350580725									
100.35000000							0.01507792365433									
100.45000000							0.01501267921692									
100.55000000							0.01494767334913									
100.65000000							0.01488297740842									
100.75000000							0.01481854834708									
100.85000000							0.01475440146391									
100.95000000							0.01469054433559									
101.05000000							0.01462693643543									
101.15000000							0.01456363741692									
101.25000000							0.01450057441726									
101.35000000							0.01443782247459									
101.45000000							0.01437532346713									
101.55000000							0.01431308639554									
101.65000000							0.01425114043553									
101.75000000							0.01418944510166									
101.85000000							0.01412802379461									
101.95000000							0.01406686477291									
102.05000000							0.01400597337247									
102.15000000							0.01394534427304									
102.25000000							0.01388497601899									
102.35000000							0.01382486319794									
102.45000000							0.01376503559101									
102.55000000							0.01370543334809									
102.65000000							0.01364611200341									
102.75000000							0.01358702921019									
102.85000000							0.01352823005283									
102.95000000							0.01346967471457									
103.05000000							0.01341136530902									
103.15000000							0.01335327862987									
103.25000000							0.01329552695117									
103.35000000							0.01323794461602									
103.45000000							0.01318063292764									
103.55000000							0.01312359656176									
103.65000000							0.01306675814492									
103.75000000							0.01301021537787									
103.85000000							0.01295388179522									
103.95000000							0.01289781239450									
104.05000000							0.01284198681033									
104.15000000							0.01278637301886									
104.25000000							0.01273104384018									
104.35000000							0.01267591408892									
104.45000000							0.01262108500141									
104.55000000							0.01256639656423									
104.65000000							0.01251204258248									
104.75000000							0.01245786455941									
104.85000000							0.01240394293996									
104.95000000							0.01235023022535									
105.05000000							0.01229680653615									
105.15000000							0.01224356178594									
105.25000000							0.01219054351433									
105.35000000							0.01213777964079									
105.45000000							0.01208524448848									
105.55000000							0.01203293834693									
105.65000000							0.01198084524396									
105.75000000							0.01192895508432									
105.85000000							0.01187732521311									
105.95000000							0.01182590558699									
106.05000000							0.01177477652478									
106.15000000							0.01172371767006									
106.25000000							0.01167305106311									
106.35000000							0.01162250165512									
106.45000000							0.01157218292143									
106.55000000							0.01152208441193									
106.65000000							0.01147217700933									
106.75000000							0.01142252639967									
106.85000000							0.01137315136672									
106.95000000							0.01132381916989									
107.05000000							0.01127488531911									
107.15000000							0.01122602451413									
107.25000000							0.01117745672158									
107.35000000							0.01112901512043									
107.45000000							0.01108093942097									
107.55000000							0.01103294813288									
107.65000000							0.01098512864199									
107.75000000							0.01093758859640									
107.85000000							0.01089032420433									
107.95000000							0.01084304656126									
108.05000000							0.01079618198548									
108.15000000							0.01074943935867									
108.25000000							0.01070289955609									
108.35000000							0.01065656540726									
108.45000000							0.01061048392890									
108.55000000							0.01056455000421									
108.65000000							0.01051873057298									
108.75000000							0.01047335865016									
108.85000000							0.01042789711350									
108.95000000							0.01038281046949									
109.05000000							0.01033775507078									
109.15000000							0.01029310489293									
109.25000000							0.01024856364924									
109.35000000							0.01020417920837									
109.45000000							0.01015996700825									
109.55000000							0.01011596230643									
109.65000000							0.01007219267922									
109.75000000							0.01002869267279									
109.85000000							0.00998514675339									
109.95000000							0.00994211115475									
110.05000000							0.00989880262687									
110.15000000							0.00985622009651									
110.25000000							0.00981332826887									
110.35000000							0.00977109422520									
110.45000000							0.00972866707217									
110.55000000							0.00968653205495									
110.65000000							0.00964467834230									
110.75000000							0.00960274105423									
110.85000000							0.00956137637238									
110.95000000							0.00951985399406									
111.05000000							0.00947882085599									
111.15000000							0.00943752347325									
111.25000000							0.00939685756953									
111.35000000							0.00935616508520									
111.45000000							0.00931559141289									
111.55000000							0.00927534338860									
111.65000000							0.00923510360938									
111.75000000							0.00919533953408									
111.85000000							0.00915532088937									
111.95000000							0.00911573258917									
112.05000000							0.00907625608778									
112.15000000							0.00903710594696									
112.25000000							0.00899792392034									
112.35000000							0.00895893201259									
112.45000000							0.00892004772961									
112.55000000							0.00888166542497									
112.65000000							0.00884299595278									
112.75000000							0.00880480539018									
112.85000000							0.00876673353017									
112.95000000							0.00872867626939									
113.05000000							0.00869106591657									
113.15000000							0.00865336964546									
113.25000000							0.00861590149204									
113.35000000							0.00857853003011									
113.45000000							0.00854136156615									
113.55000000							0.00850437911711									
113.65000000							0.00846763333584									
113.75000000							0.00843114168538									
113.85000000							0.00839452630488									
113.95000000							0.00835800933493									
114.05000000							0.00832193146125									
114.15000000							0.00828616703199									
114.25000000							0.00824993366878									
114.35000000							0.00821457236531									
114.45000000							0.00817896393214									
114.55000000							0.00814325163220									
114.65000000							0.00810835385558									
114.75000000							0.00807284678008									
114.85000000							0.00803800822775									
114.95000000							0.00800320694579									
115.05000000							0.00796882339018									
115.15000000							0.00793415527988									
115.25000000							0.00790015284285									
115.35000000							0.00786521823889									
115.45000000							0.00783194129737									
115.55000000							0.00779724919840									
115.65000000							0.00776397815309									
115.75000000							0.00773006692879									
115.85000000							0.00769727342437									
115.95000000							0.00766343003843									
116.05000000							0.00763034096550									
116.15000000							0.00759708590160									
116.25000000							0.00756488572625									
116.35000000							0.00753175029577									
116.45000000							0.00749945550766									
116.55000000							0.00746635933568									
116.65000000							0.00743484994239									
116.75000000							0.00740220395454									
116.85000000							0.00736986001505									
116.95000000							0.00733868409205									
117.05000000							0.00730583229025									
117.15000000							0.00727530470049									
117.25000000							0.00724336557697									
117.35000000							0.00721199583415									
117.45000000							0.00718106181519									
117.55000000							0.00714977560537									
117.65000000							0.00711856399619									
117.75000000							0.00708818001702									
117.85000000							0.00705731331948									
117.95000000							0.00702667164846									
118.05000000							0.00699589722999									
118.15000000							0.00696625177457									
118.25000000							0.00693607876825									
118.35000000							0.00690517449551									
118.45000000							0.00687584914589									
118.55000000							0.00684582894712									
118.65000000							0.00681634275129									
118.75000000							0.00678676977726									
118.85000000							0.00675746877458									
118.95000000							0.00672828266675									
119.05000000							0.00669932903784									
119.15000000							0.00667058236883									
119.25000000							0.00664075649783									
119.35000000							0.00661322026468									
119.45000000							0.00658352868860									
119.55000000							0.00655541387638									
119.65000000							0.00652694973745									
119.75000000							0.00649920347350									
119.85000000							0.00647013851455									
119.95000000							0.00644234366487									
120.05000000							0.00641450622057									
120.15000000							0.00638737844560									
120.25000000							0.00635896191609									
120.35000000							0.00633196750204									
120.45000000							0.00630502806100									
120.55000000							0.00627716187747									
120.65000000							0.00625065674443									
120.75000000							0.00622252533597									
120.85000000							0.00619619567658									
120.95000000							0.00616993489951									
121.05000000							0.00614276572385									
121.15000000							0.00611516196224									
121.25000000							0.00608889366594									
121.35000000							0.00606311616916									
121.45000000							0.00603621444112									
121.55000000							0.00601120366138									
121.65000000							0.00598434000444									
121.75000000							0.00595986129096									
121.85000000							0.00593328537986									
121.95000000							0.00590694055624									
122.05000000							0.00588200865625									
122.15000000							0.00585547411887									
122.25000000							0.00583145368660									
122.35000000							0.00580527699479									
122.45000000							0.00578204933437									
122.55000000							0.00575373597841									
122.65000000							0.00573275151398									
122.75000000							0.00570428696440									
122.85000000							0.00568178314182									
122.95000000							0.00565530119226									
123.05000000							0.00563310408761									
123.15000000							0.00560786714253									
123.25000000							0.00558342455009									
123.35000000							0.00555770928977									
123.45000000							0.00553510005030									
123.55000000							0.00551005978529									
123.65000000							0.00548894977887									
123.75000000							0.00546149978243									
123.85000000							0.00544012145276									
123.95000000							0.00541474441886									
124.05000000							0.00539444145893									
124.15000000							0.00536688557406									
124.25000000							0.00534621382137									
124.35000000							0.00532516959897									
124.45000000							0.00529956104324									
124.55000000							0.00527551554656									
124.65000000							0.00525407051754									
124.75000000							0.00523051093227									
124.85000000							0.00520729282684									
124.95000000							0.00518768575758									
125.05000000							0.00516551773564									
125.15000000							0.00513921859047									
125.25000000							0.00511908599729									
125.35000000							0.00509493934888									
125.45000000							0.00507725504940									
125.55000000							0.00505031037069									
125.65000000							0.00503275375721									
125.75000000							0.00500956544344									
125.85000000							0.00498865273738									
125.95000000							0.00496580180340									
126.05000000							0.00494320312513									
126.15000000							0.00492563211477									
126.25000000							0.00489872110476									
126.35000000							0.00488209948296									
126.45000000							0.00485938979784									
126.55000000							0.00483921795337									
126.65000000							0.00481699130488									
126.75000000							0.00479510167042									
126.85000000							0.00477919633297									
126.95000000							0.00475251760903									
127.05000000							0.00473792982115									
127.15000000							0.00470896229578									
127.25000000							0.00469424584668									
127.35000000							0.00467135640713									
127.45000000							0.00465211602295									
127.55000000							0.00463024264515									
127.65000000							0.00461728832502									
127.75000000							0.00459077212392									
127.85000000							0.00457061470088									
127.95000000							0.00455508145435									
128.05000000							0.00453660330982									
128.15000000							0.00450996927717									
128.25000000							0.00449610416907									
128.35000000							0.00447491122134									
128.45000000							0.00445698611847									
128.55000000							0.00443669919182									
128.65000000							0.00441699492839									
128.75000000							0.00439628326409									
128.85000000							0.00437536829130									
128.95000000							0.00436475358837									
129.05000000							0.00433718607686									
129.15000000							0.00432917041445									
129.25000000							0.00429878785069									
129.35000000							0.00429125279274									
129.45000000							0.00425902958404									
129.55000000							0.00425135562711									
129.65000000							0.00423022765911									
129.75000000							0.00421571254941									
129.85000000							0.00419718114092									
129.95000000							0.00416664152019									
130.05000000							0.00415517003087									
130.15000000							0.00413300732496									
130.25000000							0.00413036982139									
130.35000000							0.00410256104522									
130.45000000							0.00408736365047									
130.55000000							0.00406476924669									
130.65000000							0.00404531331803									
130.75000000							0.00403959496780									
130.85000000							0.00400997769638									
130.95000000							0.00400898262455									
131.05000000							0.00397551438305									
131.15000000							0.00395823671489									
131.25000000							0.00394950030160									
131.35000000							0.00393598131332									
131.45000000							0.00390601339465									
131.55000000							0.00390285742617									
131.65000000							0.00386560126562									
131.75000000							0.00386534318567									
131.85000000							0.00384518657786									
131.95000000							0.00383519255086									
132.05000000							0.00379805560690									
132.15000000							0.00379588352199									
132.25000000							0.00377481297800									
132.35000000							0.00376329699097									
132.45000000							0.00374627675600									
132.55000000							0.00373169151826									
132.65000000							0.00371532279298									
132.75000000							0.00369937678920									
132.85000000							0.00368266198591									
132.95000000							0.00366578086216									
133.05000000							0.00364838545132									
133.15000000							0.00363062775314									
133.25000000							0.00361239280188									
133.35000000							0.00359370373244									
133.45000000							0.00360358236219									
133.55000000							0.00356928567996									
133.65000000							0.00355754688776									
133.75000000							0.00353304318315									
133.85000000							0.00351439144660									
133.95000000							0.00352425034300									
134.05000000							0.00348648049090									
134.15000000							0.00347286547517									
134.25000000							0.00348006207208									
134.35000000							0.00344158494985									
134.45000000							0.00342607451280									
134.55000000							0.00343427298760									
134.65000000							0.00339282401424									
134.75000000							0.00341473302703									
134.85000000							0.00336466723409									
134.95000000							0.00335115960205									
135.05000000							0.00335829943831									
135.15000000							0.00331293560285									
135.25000000							0.00333691392537									
135.35000000							0.00328087945381									
135.45000000							0.00331049803914									
135.55000000							0.00324953731392									
135.65000000							0.00328175980824									
135.75000000							0.00321727483903									
135.85000000							0.00325136017096									
135.95000000							0.00318350501762									
136.05000000							0.00321937175452									
136.15000000							0.00320041338876									
136.25000000							0.00315792951241									
136.35000000							0.00318038555209									
136.45000000							0.00311300889863									
136.55000000							0.00314862271105									
136.65000000							0.00312979803559									
136.75000000							0.00308083371316									
136.85000000							0.00310671517365									
136.95000000							0.00309303480468									
137.05000000							0.00303744632350									
137.15000000							0.00306682916815									
137.25000000							0.00305129804477									
137.35000000							0.00299216366828									
137.45000000							0.00302342079496									
137.55000000							0.00300689896745									
137.65000000							0.00301563204093									
137.75000000							0.00293836256875									
137.85000000							0.00297920550688									
137.95000000							0.00295761683094									
138.05000000							0.00296902812871									
138.15000000							0.00288401499293									
138.25000000							0.00292895106078									
138.35000000							0.00290519884678									
138.45000000							0.00291775374303									
138.55000000							0.00282445203573									
138.65000000							0.00287376925961									
138.75000000							0.00284770126320									
138.85000000							0.00286148023094									
138.95000000							0.00285419697261									
139.05000000							0.00276183165912									
139.15000000							0.00281065392589									
139.25000000							0.00278484755289									
139.35000000							0.00279848823227									
139.45000000							0.00279127807011									
139.55000000							0.00268665032712									
139.65000000							0.00274195424357									
139.75000000							0.00271272181355									
139.85000000							0.00272817343108									
139.95000000							0.00272000604698									
140.05000000							0.00272432314601									
140.15000000							0.00272204122271									
140.25000000							0.00259854023415									
140.35000000							0.00266382013178									
140.45000000							0.00262931461822									
140.55000000							0.00264755347136									
140.65000000							0.00263791281602									
140.75000000							0.00264300865372									
140.85000000							0.00264031510634									
140.95000000							0.00249418336665									
141.05000000							0.00257142538001									
141.15000000							0.00253059695601									
141.25000000							0.00255217796010									
141.35000000							0.00254077071750									
141.45000000							0.00254680033425									
141.55000000							0.00254361321187									
141.65000000							0.00254529785444									
141.75000000							0.00254440738955									
141.85000000							0.00254487806965									
141.95000000							0.00236232688910									
142.05000000							0.00245881941534									
142.15000000							0.00240781559497									
142.25000000							0.00243477508907									
142.35000000							0.00242052489532									
142.45000000							0.00242805723332									
142.55000000							0.00242407580565									
142.65000000							0.00242618030047									
142.75000000							0.00242506791094									
142.85000000							0.00242565589550									
142.95000000							0.00242534509984									
143.05000000							0.00242550937957									
143.15000000							0.00242542254493									
143.25000000							0.00218294133921									
143.35000000							0.00231111155446									
143.45000000							0.00224336360662									
143.55000000							0.00227917367706									
143.65000000							0.00226024526394									
143.75000000							0.00227025040548									
143.85000000							0.00226496190841									
143.95000000							0.00226775729128									
144.05000000							0.00226627971357									
144.15000000							0.00226706072855									
144.25000000							0.00226664790126									
144.35000000							0.00226686611266									
144.45000000							0.00226675077093									
144.55000000							0.00226681173802									
144.65000000							0.00226677951216									
144.75000000							0.00226679654604									
144.85000000							0.00226678754231									
144.95000000							0.00226679230148									
145.05000000							0.00226678978589									
145.15000000							0.00226679111558									
145.25000000							0.00188835926814									
145.35000000							0.00208838999299									
145.45000000							0.00198265816530									
145.55000000							0.00203854567656									
145.65000000							0.00200900477121									
145.75000000							0.00202461944199									
145.85000000							0.00201636587153									
145.95000000							0.00202072852677									
146.05000000							0.00201842252347									
146.15000000							0.00201964142593									
146.25000000							0.00201899714098									
146.35000000							0.00201933769579									
146.45000000							0.00201915768603									
146.55000000							0.00201925283522									
146.65000000							0.00201920254146									
146.75000000							0.00201922912563									
146.85000000							0.00201921507383									
146.95000000							0.00201922250130									
147.05000000							0.00201921857530									
147.15000000							0.00201922065050									
147.25000000							0.00201921955359									
147.35000000							0.00201922013339									
147.45000000							0.00201921982692									
147.55000000							0.00201921998892									
147.65000000							0.00201921990329									
147.75000000							0.00201921994855									
147.85000000							0.00201921992463									
147.95000000							0.00201921993727									
148.05000000							0.00201921993059									
148.15000000							0.00201921993412									
148.25000000							0.00201921993225									
148.35000000							0.00201921993324									
148.45000000							0.00201921993272									
148.55000000							0.00201921993300									
148.65000000							0.00201921993285									
148.75000000							0.00201921993293									
148.85000000							0.00201921993289									
148.95000000							0.00201921993291									
149.05000000							0.00201921993290									
149.15000000							0.00201921993290									
149.25000000							0.00201921993290									
149.35000000							0.00201921993290									
149.45000000							-0.00106731510457									
149.55000000							0.00056415921509									
149.65000000							-0.00029820211352									
149.75000000							0.00015762305769									
149.85000000							-0.00008331607051									
149.95000000							0.00004403903659									
150.05000000							-0.00002327806307									
150.15000000							0.00001230427053									
150.25000000							-0.00000650376592									
150.35000000							0.00000343774717									
150.45000000							-0.00000181711730									
150.55000000							9.60488113292649e-007									
150.65000000							-5.07692824526810e-007									
150.75000000							2.68355225336846e-007									
150.85000000							-1.41846651137348e-007									
150.95000000							7.49770100940826e-008									
151.05000000							-3.96311932468881e-008									
151.15000000							2.09481743297223e-008									
151.25000000							-1.10727427512643e-008									
151.35000000							5.85280750989923e-009									
151.45000000							-3.09366491369280e-009									
151.55000000							1.63524301491656e-009									
151.65000000							-8.64353377768220e-010									
151.75000000							4.56878124440392e-010									
151.85000000							-2.41495696044060e-010									
151.95000000							1.27649296580436e-010									
152.05000000							-6.74726017249902e-011									
152.15000000							3.56645285598611e-011									
152.25000000							-1.88514828964428e-011									
152.35000000							9.96447792092333e-012									
152.45000000							-5.26700317327844e-012									
152.55000000							2.78402166651141e-012									
152.65000000							-1.47157242640895e-012									
152.75000000							7.77840715902433e-013									
152.85000000							-4.11149440189001e-013									
152.95000000							2.17324522504081e-013									
153.05000000							-1.14872947558717e-013									
153.15000000							6.07193055288084e-014									
153.25000000							-3.20948851949348e-014									
153.35000000							1.69646481741680e-014									
153.45000000							-8.96713871775184e-015									
153.55000000							4.73983167572220e-015									
153.65000000							-2.50537044438764e-015									
153.75000000							1.32428353854037e-015									
153.85000000							-6.99987059549448e-016									
153.95000000							3.69997715199830e-016									
154.05000000							-1.95572628644322e-016									
154.15000000							1.03375376397101e-016									
154.25000000							-5.46419430945891e-017									
154.35000000							2.88825255028146e-017									
154.45000000							-1.52666657182501e-017									
154.55000000							8.06962265575006e-018									
154.65000000							-4.26542448809569e-018									
154.75000000							2.25460927230373e-018									
154.85000000							-1.19173671575825e-018									
154.95000000							6.29925733533011e-019									
155.05000000							-3.32964844096989e-019									
155.15000000							1.75997870070698e-019									
155.25000000							-9.30285909115362e-020									
155.35000000							4.91728605778556e-020									
155.45000000							-2.59916891540209e-020									
155.55000000							1.37386334075403e-020									
155.65000000							-7.26193849073417e-021									
155.75000000							3.83850045916961e-021									
155.85000000							-2.02894665024294e-021									
155.95000000							1.07245643274525e-021									
156.05000000							-5.66876807726288e-022									
156.15000000							2.99638573023768e-022									
156.25000000							-1.58382338490502e-022									
156.35000000							8.37174095864157e-023									
156.45000000							-4.42511755708164e-023									
156.55000000							2.33901950511015e-023									
156.65000000							-1.23635410239675e-023									
156.75000000							6.53509499674426e-024									
156.85000000							-3.45430702528353e-024									
156.95000000							1.82587047791466e-024									
157.05000000							-9.65114848714605e-025									
157.15000000							5.10138414786807e-025									
157.25000000							-2.69647910388904e-025									
157.35000000							1.42529935934130e-025									
157.45000000							-7.53381793617016e-026									
157.55000000							3.98220993529316e-026									
157.65000000							-2.10490830852345e-026									
157.75000000							1.11260808929826e-026									
157.85000000							-5.88100087476151e-027									
157.95000000							3.10856730430207e-027									
158.05000000							-1.64312008978705e-027									
158.15000000							8.68517025745392e-028									
158.25000000							-4.59078936894614e-028									
158.35000000							2.42658996948750e-028									
158.45000000							-1.28264191771645e-028									
158.55000000							6.77976217560476e-029									
158.65000000							-3.58363269770530e-029									
158.75000000							1.89422917492191e-029									
158.85000000							-1.00124774768991e-029									
158.95000000							5.29237467950752e-030									
159.05000000							-2.79743248490852e-030									
159.15000000							1.47866108911806e-030									
159.25000000							-7.81587626606584e-031									
159.35000000							4.13129974515573e-031									
159.45000000							-2.18371389250701e-031									
159.55000000							1.15426298222967e-031									
159.65000000							-6.10117944808306e-032									
159.75000000							3.22494884015128e-032									
159.85000000							-1.70463680180080e-032									
159.95000000							9.01033402414329e-033									
160.05000000							-4.76266376162173e-033									
160.15000000							2.51743898122818e-033									
160.25000000							-1.33066270083471e-033									
160.35000000							7.03358943988732e-034									
160.45000000							-3.71780018917353e-034									
160.55000000							1.96514715064748e-034									
160.65000000							-1.03873342492792e-034									
160.75000000							5.49051569856736e-035									
160.85000000							-2.90216545581043e-035									
160.95000000							1.53402062671400e-035									
161.05000000							-8.10849456729844e-036									
161.15000000							4.28597132287233e-036									
161.25000000							-2.26546987582237e-036									
161.35000000							1.19747739115041e-036									
161.45000000							-6.32960127883345e-037									
161.55000000							3.34568757999856e-037									
161.65000000							-1.76845663571081e-037									
161.75000000							9.34767158501671e-038									
161.85000000							-4.94097295330106e-038									
161.95000000							2.61168928574515e-038									
162.05000000							-1.38048133226857e-038									
162.15000000							7.29691973368986e-039									
162.25000000							-3.85699077237167e-039									
162.35000000							2.03872022183224e-039									
162.45000000							-1.07762252704378e-039									
162.55000000							5.69607491188055e-040									
162.65000000							-3.01081952052001e-040									
162.75000000							1.59145276798186e-040									
162.85000000							-8.41206819424264e-041									
162.95000000							4.44643364404235e-041									
163.05000000							-2.35028671836055e-041									
163.15000000							1.24230970272170e-041									
163.25000000							-6.56657498602142e-042									
163.35000000							3.47094665304259e-042									
163.45000000							-1.83466581801222e-042									
163.55000000							9.69763871430250e-043									
163.65000000							-5.12595785618502e-043									
163.75000000							2.70946822391236e-043									
163.85000000							-1.43216512159436e-043									
163.95000000							7.57010884058161e-044									
164.05000000							-4.00139250664444e-044									
164.15000000							2.11504779249648e-044									
164.25000000							-1.11796759680935e-044									
164.35000000							5.90933004894622e-045									
164.45000000							-3.12354148072269e-045									
164.55000000							1.65103510905354e-045									
164.65000000							-8.72700730293085e-046									
164.75000000							4.61290350809485e-046									
164.85000000							-2.43827901551630e-046									
164.95000000							1.28882048954077e-046									
165.05000000							-6.81242074303124e-047									
165.15000000							3.60089529587001e-047									
165.25000000							-1.90335380343071e-047									
165.35000000							1.00607082499433e-047									
165.45000000							-5.31786840197744e-048									
165.55000000							2.81090790411395e-048									
165.65000000							-1.48578389838910e-048									
165.75000000							7.85352586429966e-049									
165.85000000							-4.15120049208335e-049									
165.95000000							2.19423298824391e-049									
166.05000000							-1.15982314414341e-049									
166.15000000							6.13056923716788e-050									
166.25000000							-3.24048363420674e-050									
166.35000000							1.71284815117963e-050									
166.45000000							-9.05373740521193e-051									
166.55000000							4.78560583120468e-051									
166.65000000							-2.52956565301709e-051									
166.75000000							1.33707259198007e-051									
166.85000000							-7.06747071020668e-052									
166.95000000							3.73570908110977e-052									
167.05000000							-1.97461339578411e-052									
167.15000000							1.04373707324441e-052									
167.25000000							-5.51696387956595e-053									
167.35000000							2.91614538073499e-053									
167.45000000							-1.54141010657679e-053									
167.55000000							8.14755372744216e-054									
167.65000000							-4.30661713312503e-054									
167.75000000							2.27638279559387e-054									
167.85000000							-1.20324571975953e-054									
167.95000000							6.36009139114024e-055									
168.05000000							-3.36180398063168e-055									
168.15000000							1.77697540949405e-055									
168.25000000							-9.39269994365711e-056									
168.35000000							4.96477395017501e-056									
168.45000000							-2.62426996754877e-056									
168.55000000							1.38713120309046e-056									
168.65000000							-7.33206948363031e-057									
168.75000000							3.87557015464794e-057									
168.85000000							-2.04854087336895e-057									
168.95000000							1.08281350676374e-057									
169.05000000							-5.72351328534522e-058									
169.15000000							3.02532283933459e-058									
169.25000000							-1.59911890230678e-058									
169.35000000							8.45258968883226e-059									
169.45000000							-4.46785241201827e-059									
169.55000000							2.36160820653004e-059									
169.65000000							-1.24829399157137e-059									
169.75000000							6.59820661651039e-060									
169.85000000							-3.48766643500042e-060									
169.95000000							1.84350352585073e-060									
170.05000000							-9.74435288798960e-061									
170.15000000							5.15064993769693e-061									
170.25000000							-2.72251991339475e-061									
170.35000000							1.43906395668296e-061									
170.45000000							-7.60657456070456e-062									
170.55000000							4.02066748172368e-062									
170.65000000							-2.12523611904132e-062									
170.75000000							1.12335292142625e-062									
170.85000000							-5.93779568665592e-063									
170.95000000							3.13858778875169e-063									
171.05000000							-1.65898825549671e-063									
171.15000000							8.76904588025137e-064									
171.25000000							-4.63512417252950e-064									
171.35000000							2.45002436846087e-064									
171.45000000							-1.29502882395841e-064									
171.55000000							6.84523662895925e-065									
171.65000000							-3.61824104912356e-065									
171.75000000							1.91252238588474e-065									
171.85000000							-1.01091713538441e-065									
171.95000000							5.34348492941198e-066									
172.05000000							-2.82444823531412e-066									
172.15000000							1.49294101870835e-066									
172.25000000							-7.89135682316389e-067									
172.35000000							4.17119710223868e-067									
172.45000000							-2.20480275516785e-067									
172.55000000							1.16541008972862e-067									
172.65000000							-6.16010059883054e-068									
172.75000000							3.25609326040319e-068									
172.85000000							-1.72109905517709e-068									
172.95000000							9.09734986326739e-069									
173.05000000							-4.80865841426979e-069									
173.15000000							2.54175073979432e-069									
173.25000000							-1.34351335999940e-069									
173.35000000							7.10151518886912e-070									
173.45000000							-3.75370424137513e-070									
173.55000000							1.98412524045610e-070									
173.65000000							-1.04876482446918e-070									
173.75000000							5.54353946321967e-071									
173.85000000							-2.93019264789206e-071									
173.95000000							1.54883518205784e-071									
174.05000000							-8.18680103817022e-072									
174.15000000							4.32736239562526e-072									
174.25000000							-2.28734828362910e-072									
174.35000000							1.20904183479300e-072									
174.45000000							-6.39072837635535e-073									
174.55000000							3.37799801504354e-073									
174.65000000							-1.78553521877983e-073									
174.75000000							9.43794520690988e-074									
174.85000000							-4.98868959804130e-074									
174.95000000							2.63691125133728e-074									
175.05000000							-1.39381310678444e-074									
175.15000000							7.36738855226493e-075									
175.25000000							-3.89423903505012e-075									
175.35000000							2.05840883164034e-075									
175.45000000							-1.08802949177988e-075									
175.55000000							5.75108383128830e-076									
175.65000000							-3.03989602160501e-076									
175.75000000							1.60682196491299e-076									
175.85000000							-8.49330637816897e-077									
175.95000000							4.48937435563075e-077									
176.05000000							-2.37298423106456e-077									
176.15000000							1.25430710714030e-077									
176.25000000							-6.62999061867708e-078									
176.35000000							3.50446675726516e-078									
176.45000000							-1.85238380551844e-078									
176.55000000							9.79129208697282e-079									
176.65000000							-5.17546096261542e-079									
176.75000000							2.73563447373751e-079									
176.85000000							-1.44599602392116e-079									
176.95000000							7.64321593863800e-080									
177.05000000							-4.04003530564584e-080									
177.15000000							2.13547352343592e-080									
177.25000000							-1.12876418751168e-080									
177.35000000							5.96639844524456e-081									
177.45000000							-3.15370657585187e-081									
177.55000000							1.66697971277774e-081									
177.65000000							-8.81128696020789e-082									
177.75000000							4.65745187538953e-082									
177.85000000							-2.46182629955541e-082									
177.95000000							1.30126706433779e-082									
178.05000000							-6.87821059120254e-083									
178.15000000							3.63567035802958e-083									
178.25000000							-1.92173513401310e-083									
178.35000000							1.01578679077546e-083									
178.45000000							-5.36922485337087e-084									
178.55000000							2.83805379119445e-084									
178.65000000							-1.50013261535442e-084									
178.75000000							7.92937001628488e-085									
178.85000000							-4.19129003740132e-085									
178.95000000							2.21542343736535e-085									
179.05000000							-1.17102394800404e-085									
179.15000000							6.18977421503564e-086									
179.25000000							-3.27177807921209e-086									
179.35000000							1.72938970433045e-086									
179.45000000							-9.14117240544752e-087									
179.55000000							4.83182204316792e-087									
179.65000000							-2.55399452294877e-087									
179.75000000							1.34998515362865e-087									
179.85000000							-7.13572366206016e-088									
179.95000000							3.77178608552994e-088									
180.05000000							-1.99368290431947e-088									
180.15000000							1.05381679470756e-088									
180.25000000							-5.57024306323567e-089									
180.35000000							2.94430758167367e-089									
180.45000000							-1.55629602462364e-089									
180.55000000							8.22623740581661e-090									
180.65000000							-4.34820758944118e-090									
180.75000000							2.29836659315293e-090									
180.85000000							-1.21486587009989e-090									
180.95000000							6.42151294197544e-091									
181.05000000							-3.39427005720127e-091									
181.15000000							1.79413626123891e-091									
181.25000000							-9.48340841961908e-092									
181.35000000							5.01272044918142e-092									
181.45000000							-2.64961342903450e-092									
181.55000000							1.40052719765500e-092									
181.65000000							-7.40287775521323e-093									
181.75000000							3.91299784469666e-093									
181.85000000							-2.06832432452610e-093									
181.95000000							1.09327060254437e-093									
182.05000000							-5.77878718639348e-094									
182.15000000							3.05453940386823e-094									
182.25000000							-1.61456213368650e-094									
182.35000000							8.53421920251896e-095									
182.45000000							-4.51099997188373e-095									
182.55000000							2.38441505466941e-095									
182.65000000							-1.26034918828873e-095									
182.75000000							6.66192772650604e-096									
182.85000000							-3.52134800780486e-096									
182.95000000							1.86130686208669e-096									
183.05000000							-9.83845739521406e-097									
183.15000000							5.20039150389883e-097									
183.25000000							-2.74881220779375e-097									
183.35000000							1.45296148339046e-097									
183.45000000							-7.68003382053735e-098									
183.55000000							4.05949642567001e-098									
183.65000000							-2.14576024209156e-098									
183.75000000							1.13420152002742e-098									
183.85000000							-5.99513898523257e-099									
183.95000000							3.16889819115975e-099									
184.05000000							-1.67500966544248e-099									
184.15000000							8.85373151826914e-100									
184.25000000							-4.67988713228619e-100									
184.35000000							2.47368508134064e-100									
184.45000000							-1.30753535473793e-100									
184.55000000							6.91134339122532e-101									
184.65000000							-3.65318362508125e-101									
184.75000000							1.93099226056480e-101									
184.85000000							-1.02067990362193e-101									
184.95000000							5.39508876826344e-102									
185.05000000							-2.85172488594659e-102									
185.15000000							1.50735885440208e-102									
185.25000000							-7.96756632149719e-103									
185.35000000							4.21147976157526e-103									
185.45000000							-2.22609528009867e-103									
185.55000000							1.17666484860989e-103									
185.65000000							-6.21959077103280e-104									
185.75000000							3.28753845284125e-104									
185.85000000							-1.73772029009476e-104									
185.95000000							9.18520604374159e-105									
186.05000000							-4.85509725281426e-105									
186.15000000							2.56629728522482e-105									
186.25000000							-1.35648812232026e-105									
186.35000000							7.17009691975239e-106									
186.45000000							-3.78995503113629e-106									
186.55000000							2.00328660808832e-106									
186.65000000							-1.05889310062415e-106									
186.75000000							5.59707529627728e-107									
186.85000000							-2.95849050803448e-107									
186.95000000							1.56379280656661e-107									
187.05000000							-8.26586374108110e-108									
187.15000000							4.36915319594859e-108									
187.25000000							-2.30943797860997e-108									
187.35000000							1.22071796017401e-108									
187.45000000							-6.45244579890515e-109									
187.55000000							3.41062048287337e-109									
187.65000000							-1.80277873549425e-109									
187.75000000							9.52909063166176e-110									
187.85000000							-5.03686705853724e-110									
187.95000000							2.66237679397046e-110									
188.05000000							-1.40727363074993e-110									
188.15000000							7.43853791202352e-111									
188.25000000							-3.93184701678274e-111									
188.35000000							2.07828758100365e-111									
188.45000000							-1.09853696008964e-111									
188.55000000							5.80662399041135e-112									
188.65000000							-3.06925332428228e-112									
188.75000000							1.62233958737019e-112									
188.85000000							-8.57532910667763e-113									
188.95000000							4.53272976017522e-113									
189.05000000							-2.39590094131538e-113									
189.15000000							1.26642037454578e-113									
189.25000000							-6.69401867751745e-114									
189.35000000							3.53831057645643e-114									
189.45000000							-1.87027290161468e-114									
189.55000000							9.88584990189671e-115									
189.65000000							-5.22544213726548e-115									
189.75000000							2.76205341987550e-115									
189.85000000							-1.45996049594345e-115									
189.95000000							7.71702905663401e-116									
190.05000000							-4.07905129120974e-116									
190.15000000							2.15609651255832e-116									
190.25000000							-1.13966504453722e-116									
190.35000000							6.02401797032218e-117									
190.45000000							-3.18416298549370e-117									
190.55000000							1.68307829892577e-117									
190.65000000							-8.89638053460276e-118									
190.75000000							4.70243046131446e-118									
190.85000000							-2.48560098767015e-118									
190.95000000							1.31383383991177e-118									
191.05000000							-6.94463579415975e-119									
191.15000000							3.67078125471055e-119									
191.25000000							-1.94029397931366e-119									
191.35000000							1.02559658691994e-119									
191.45000000							-5.42107727136229e-120									
191.55000000							2.86546183527567e-120									
191.65000000							-1.51461990272609e-120									
191.75000000							8.00594662086401e-121									
191.85000000							-4.23176674099964e-121									
191.95000000							2.23681852981154e-121									
192.05000000							-1.18233292181089e-121									
192.15000000							6.24955095537257e-122									
192.25000000							-3.30337474524330e-122									
192.35000000							1.74609100484736e-122									
192.45000000							-9.22945179501365e-123									
192.55000000							4.87848458070072e-123									
192.65000000							-2.57865931072882e-123									
192.75000000							1.36302241624659e-123									
192.85000000							-7.20463575572376e-124									
192.95000000							3.80821149776767e-124									
193.05000000							-2.01293657353994e-124									
193.15000000							1.06399385944554e-124									
193.25000000							-5.62403678197839e-125									
193.35000000							2.97274175449927e-125									
193.45000000							-1.57132570100914e-125									
193.55000000							8.30568095905041e-126									
193.65000000							-4.39019969884215e-126									
193.75000000							2.32056269567056e-126									
193.85000000							-1.22659824015706e-126									
193.95000000							6.48352766147364e-127									
194.05000000							-3.42704966963848e-127									
194.15000000							1.81146284112556e-127									
194.25000000							-9.57499289797235e-128									
194.35000000							5.06112998372380e-128									
194.45000000							-2.67520164088816e-128									
194.55000000							1.41405256186387e-128									
194.65000000							-7.47436984619200e-129									
194.75000000							3.95078698659027e-129									
194.85000000							-2.08829883115341e-129									
194.95000000							1.10382868603109e-129									
195.05000000							-5.83459488617424e-130									
195.15000000							3.08403812263416e-130									
195.25000000							-1.63015450556798e-130									
195.35000000							8.61663703999164e-131									
195.45000000							-4.55456422230891e-131									
195.55000000							2.40744215624481e-131									
195.65000000							-1.27252080611272e-131									
195.75000000							6.72626421278423e-132									
195.85000000							-3.55535485493463e-132									
195.95000000							1.87928213115419e-132									
196.05000000							-9.93347070145084e-133									
196.15000000							5.25061344120695e-133									
196.25000000							-2.77535841576062e-133									
196.35000000							1.46699322320759e-133									
196.45000000							-7.75420250125497e-134									
196.55000000							4.09870035384344e-134									
196.65000000							-2.16648257353060e-134									
196.75000000							1.14515488720966e-134									
196.85000000							-6.05303606741266e-135									
196.95000000							3.19950131136195e-135									
197.05000000							-1.69118579955571e-135									
197.15000000							8.93923499409786e-136									
197.25000000							-4.72508238306502e-136									
197.35000000							2.49757429371668e-136									
197.45000000							-1.32016266530956e-136									
197.55000000							6.97808856882374e-137									
197.65000000							-3.68846365329765e-137									
197.75000000							1.94964050506329e-137									
197.85000000							-1.03053695420994e-137									
197.95000000							5.44719096281714e-138									
198.05000000							-2.87926495640757e-138									
198.15000000							1.52191592800507e-138									
198.25000000							-8.04451180069747e-139									
198.35000000							4.25215144415948e-139									
198.45000000							-2.24759343413480e-139									
198.55000000							1.18802829849924e-139									
198.65000000							-6.27965545992225e-140									
198.75000000							3.31928732212405e-140									
198.85000000							-1.75450204189225e-140									
198.95000000							9.27391068102613e-141									
199.05000000							-4.90198456690838e-141									
199.15000000							2.59108088493571e-141									
199.25000000							-1.36958818630338e-141									
199.35000000							7.23934096757590e-142									
199.45000000							-3.82655590701873e-142									
199.55000000							2.02263302351996e-142									
199.65000000							-1.06911918896301e-142									
199.75000000							5.65112814295770e-143									
199.85000000							-2.98706165017056e-143									
199.95000000							1.57889488190755e-143									
200.05000000							-8.34568997921928e-144									
200.15000000							4.41134758414648e-144									
200.25000000							-2.33174100123659e-144									
200.35000000							1.23250684584171e-144									
200.45000000							-6.51475924745103e-145									
200.55000000							3.44355799689404e-145									
200.65000000							-1.82018877867398e-145									
200.75000000							9.62111627856696e-146									
200.85000000							-5.08550978504225e-146									
200.95000000							2.68808826595043e-146									
201.05000000							-1.42086414754196e-146									
201.15000000							7.51037438518166e-147									
201.25000000							-3.96981819149793e-147									
201.35000000							2.09835830616408e-147									
201.45000000							-1.10914590257001e-147									
201.55000000							5.86270051961105e-148									
201.65000000							-3.09889414034762e-148									
201.75000000							1.63800706874891e-148									
201.85000000							-8.65814395638061e-149									
201.95000000							4.57650386250568e-149									
202.05000000							-2.41903896597775e-149									
202.15000000							1.27865062386614e-149									
202.25000000							-6.75866507694903e-150									
202.35000000							3.57248123684117e-150									
202.45000000							-1.88833475875438e-150									
202.55000000							9.98132089357844e-151									
202.65000000							-5.27590599700146e-151									
202.75000000							2.78872750269996e-151									
202.85000000							-1.47405982758889e-151									
202.95000000							7.79155501284261e-152									
203.05000000							-4.11844406732479e-152									
203.15000000							2.17691866485258e-152									
203.25000000							-1.15067117482108e-152									
203.35000000							6.08219394661582e-153									
203.45000000							-3.21491352297080e-153									
203.55000000							1.69933235455792e-153									
203.65000000							-8.98229588638790e-154									
203.75000000							4.74784342063624e-154									
203.85000000							-2.50960527597848e-154									
203.95000000							1.32652197708218e-154									
204.05000000							-7.01170248773859e-155									
204.15000000							3.70623122918029e-155									
204.25000000							-1.95903205365198e-155									
204.35000000							1.03550111957928e-155									
204.45000000							-5.47343044566863e-156									
204.55000000							2.89313456809629e-156									
204.65000000							-1.52924709872534e-156									
204.75000000							8.08326275157912e-157									
204.85000000							-4.27263434179656e-157									
204.95000000							2.25842024189218e-157									
205.05000000							-1.19375111019767e-157									
205.15000000							6.30990497988193e-158									
205.25000000							-3.33527655095090e-158									
205.35000000							1.76295359546462e-158									
205.45000000							-9.31858372846327e-159									
205.55000000							4.92559775411986e-159									
205.65000000							-2.60356229469557e-159									
205.75000000							1.37618558411327e-159									
205.85000000							-7.27421335675255e-160									
205.95000000							3.84498868251493e-160									
206.05000000							-2.03237618194745e-160									
206.15000000							1.07426920753524e-160									
206.25000000							-5.67835000483311e-161									
206.35000000							3.00145052573616e-161									
206.45000000							-1.58650052405613e-161									
206.55000000							8.38589172551173e-162									
206.65000000							-4.43259734022743e-162									
206.75000000							2.34297315344747e-162									
206.85000000							-1.23844391367476e-162									
206.95000000							6.54614127806498e-163									
207.05000000							-3.46014584586509e-163									
207.15000000							1.82895674964664e-163									
207.25000000							-9.66746183856790e-164									
207.35000000							5.11000702549272e-164									
207.45000000							-2.70103696674671e-164									
207.55000000							1.42770854508342e-164									
207.65000000							-7.54655236044149e-165									
207.75000000							3.98894107099132e-165									
207.85000000							-2.10846623833807e-165									
207.95000000							1.11448873249629e-165									
208.05000000							-5.89094153976216e-166									
208.15000000							3.11382172049110e-166									
208.25000000							-1.64589745825140e-166									
208.35000000							8.69985081435935e-167									
208.45000000							-4.59854918741531e-167									
208.55000000							2.43069163831807e-167									
208.65000000							-1.28480996936128e-167									
208.75000000							6.79122201824156e-168									
208.85000000							-3.58969011767375e-168									
208.95000000							1.89743099346663e-168									
209.05000000							-1.00294015832789e-168									
209.15000000							5.30132038872730e-169									
209.25000000							-2.80216098942443e-169									
209.35000000							1.48116047227569e-169									
209.45000000							-7.82908745397449e-170									
209.55000000							4.13828288759328e-170									
209.65000000							-2.18740502752381e-170									
209.75000000							1.15621403475854e-170									
209.85000000							-6.11149228127146e-171									
209.95000000							3.23039997623285e-171									
210.05000000							-1.70751815205993e-171									
210.15000000							9.02556420587346e-172									
210.25000000							-4.77071409964636e-172									
210.35000000							2.52169421228576e-172									
210.45000000							-1.33291192208455e-172									
210.55000000							7.04547832714698e-173									
210.65000000							-3.72408439266320e-173									
210.75000000							1.96846884195778e-173									
210.85000000							-1.04048919766492e-173									
210.95000000							5.49979632586237e-174									
211.05000000							-2.90707099063129e-174									
211.15000000							1.53661358418484e-174									
211.25000000							-8.12220036838052e-175									
211.35000000							4.29321590692024e-175									
211.45000000							-2.26929920310597e-175									
211.55000000							1.19950148906244e-175									
211.65000000							-6.34030021380056e-176									
211.75000000							3.35134280096143e-176									
211.85000000							-1.77144586073528e-176									
211.95000000							9.36347196895500e-177									
212.05000000							-4.94932468763199e-177									
212.15000000							2.61610382824025e-177									
212.25000000							-1.38281476202925e-177									
212.35000000							7.30925372855805e-178									
212.45000000							-3.86351024992238e-178									
212.55000000							2.04216627382013e-178									
212.65000000							-1.07944403409107e-178									
212.75000000							5.70570299623615e-179									
212.85000000							-3.01590871347683e-179									
212.95000000							1.59414280309115e-179									
213.05000000							-8.42628712630237e-180									
213.15000000							4.45394945780335e-180									
213.25000000							-2.35425941168609e-180									
213.35000000							1.24440958076028e-180									
213.45000000							-6.57767447801737e-181									
213.55000000							3.47681359961304e-181									
213.65000000							-1.83776695652135e-181									
213.75000000							9.71403064822819e-182									
213.85000000							-5.13462227078736e-182									
213.95000000							2.71404804229996e-182									
214.05000000							-1.43458591254518e-182									
214.15000000							7.58290460742557e-183									
214.25000000							-4.00815606667302e-183									
214.35000000							2.11862286109675e-183									
214.45000000							-1.11985729919133e-183									
214.55000000							5.91931859879440e-184									
214.65000000							-3.12882120778559e-184									
214.75000000							1.65382585628737e-184									
214.85000000							-8.74175857705985e-185									
214.95000000							4.62070070612810e-185									
215.05000000							-2.44240044235970e-185									
215.15000000							1.29099898483524e-185									
215.25000000							-6.82393578849577e-186									
215.35000000							3.60698189483520e-186									
215.45000000							-1.90657104534931e-186									
215.55000000							1.00777138808744e-186									
215.65000000							-5.32685720327628e-187									
215.75000000							2.81565918615207e-187									
215.85000000							-1.48829532124242e-187									
215.95000000							7.86680069138323e-188									
216.05000000							-4.15821727278463e-188									
216.15000000							2.19794190370472e-188									
216.25000000							-1.16178359502268e-188									
216.35000000							6.14093174796284e-189									
216.45000000							-3.24596102877505e-189									
216.55000000							1.71574338109549e-189									
216.65000000							-9.06904095174518e-190									
216.75000000							4.79369494824550e-190									
216.85000000							-2.53384138180701e-190									
216.95000000							1.33933264787897e-190									
217.05000000							-7.07941686703068e-191									
217.15000000							3.74202355602755e-191									
217.25000000							-1.97795108790341e-191									
217.35000000							1.04550130365600e-191									
217.45000000							-5.52628921226276e-192									
217.55000000							2.92107454584487e-192									
217.65000000							-1.54401555449703e-192									
217.75000000							8.16132555028388e-193									
217.85000000							-4.31389661481838e-193									
217.95000000							2.28023056900287e-193									
218.05000000							-1.20527956788646e-193									
218.15000000							6.37084186359198e-194									
218.25000000							-3.36748644317180e-194									
218.35000000							1.77997903381520e-194									
218.45000000							-9.40857643910063e-195									
218.55000000							4.97316591536829e-195									
218.65000000							-2.62870577519006e-195									
218.75000000							1.38947587313821e-195									
218.85000000							-7.34446289217596e-196									
218.95000000							3.88212103695765e-196									
219.05000000							-2.05200352521954e-196									
219.15000000							1.08464378813219e-196									
219.25000000							-5.73318774882652e-197									
219.35000000							3.03043654727395e-197									
219.45000000							-1.60182189549493e-197									
219.55000000							8.46687711443786e-198									
219.65000000							-4.47540442995638e-198									
219.75000000							2.36560003658480e-198									
219.85000000							-1.25040398486278e-198									
219.95000000							6.60935957550098e-199									
220.05000000							-3.49356164304453e-199									
220.15000000							1.84661960275129e-199									
220.25000000							-9.76082378295635e-200									
220.35000000							5.15935608936338e-200									
220.45000000							-2.72712179307357e-200									
220.55000000							1.44149640874555e-200									
220.65000000							-7.61943196561245e-201									
220.75000000							4.02746362227287e-201									
220.85000000							-2.12882840898594e-201									
220.95000000							1.12525172663088e-201									
221.05000000							-5.94783235201618e-202									
221.15000000							3.14389294861266e-202									
221.25000000							-1.66179244594645e-202									
221.35000000							8.78386821225357e-203									
221.45000000							-4.64295893018670e-203									
221.55000000							2.45416564849278e-203									
221.65000000							-1.29721781321030e-203									
221.75000000							6.85680714316725e-204									
221.85000000							-3.62435696764269e-204									
221.95000000							1.91575512547264e-204									
222.05000000							-1.01262589020357e-204									
222.15000000							5.35251703036732e-205									
222.25000000							-2.82922240459531e-205									
222.35000000							1.49546453925337e-205									
222.45000000							-7.90469559597659e-206									
222.55000000							4.17824768324149e-206									
222.65000000							-2.20852953672228e-206									
222.75000000							1.16737998423078e-206									
222.85000000							-6.17051302653246e-207									
222.95000000							3.26159703994716e-207									
223.05000000							-1.72400823160893e-207									
223.15000000							9.11272712800692e-208									
223.25000000							-4.81678649712794e-208									
223.35000000							2.54604706505554e-208									
223.45000000							-1.34578430273858e-208									
223.55000000							7.11351889112883e-209									
223.65000000							-3.76004913354055e-209									
223.75000000							1.98747901046138e-209									
223.85000000							-1.05053755329656e-209									
223.95000000							5.55290971666724e-210									
224.05000000							-2.93514555711966e-210									
224.15000000							1.55145318059482e-210									
224.25000000							-8.20063920080286e-211									
224.35000000							4.33467694306837e-211									
224.45000000							-2.29121459201973e-211									
224.55000000							1.21108548010226e-211									
224.65000000							-6.40153063455128e-212									
224.75000000							3.38370785038545e-212									
224.85000000							-1.78855331176005e-212									
224.95000000							9.45389818049287e-213									
225.05000000							-4.99712198789169e-213									
225.15000000							2.64136842656039e-213									
225.25000000							-1.39616907126449e-213									
225.35000000							7.37984166068771e-214									
225.45000000							-3.90082147339766e-214									
225.55000000							2.06188816331627e-214									
225.65000000							-1.08986858973598e-214									
225.75000000							5.76080489730666e-215									
225.85000000							-3.04503436261722e-215									
225.95000000							1.60953797859995e-215									
226.05000000							-8.50766262725843e-216									
226.15000000							4.49696275214390e-216									
226.25000000							-2.37699529003142e-216									
226.35000000							1.25642726441039e-216									
226.45000000							-6.64119730221638e-217									
226.55000000							3.51039036292035e-217									
226.65000000							-1.85551489276965e-217									
226.75000000							9.80784232334125e-218									
226.85000000							-5.18420905239622e-218									
226.95000000							2.74025852097824e-218									
227.05000000							-1.44844019326788e-218									
227.15000000							7.65613527852448e-219									
227.25000000							-4.04686418365819e-219									
227.35000000							2.13908311768124e-219									
227.45000000							-1.13067213938786e-219									
227.55000000							5.97648345789253e-220									
227.65000000							-3.15903729102239e-220									
227.75000000							1.66979741120025e-220									
227.85000000							-8.82618069237381e-221									
227.95000000							4.66532437359790e-221									
228.05000000							-2.46598752840996e-221									
228.15000000							1.30346659809717e-221									
228.25000000							-6.88983684135065e-222									
228.35000000							3.64181573733689e-222									
228.45000000							-1.92498344592362e-222									
228.55000000							1.01750377678078e-222									
228.65000000							-5.37830046256006e-223									
228.75000000							2.84285095796809e-223									
228.85000000							-1.50266829186653e-223									
228.95000000							7.94277304285752e-224									
229.05000000							-4.19837458152394e-224									
229.15000000							2.21916817107555e-224									
229.25000000							-1.17300333161964e-224									
229.35000000							6.20023680009756e-225									
229.45000000							-3.27730837082989e-225									
229.55000000							1.73231289445955e-225									
229.65000000							-9.15662374349882e-226									
229.75000000							4.83998927954432e-226									
229.85000000							-2.55831154389586e-226									
229.95000000							1.35226703565075e-226									
230.05000000							-7.14778518695574e-227									
230.15000000							3.77816154146489e-227									
230.25000000							-1.99705282965895e-227									
230.35000000							1.05559806288815e-227									
230.45000000							-5.57965845382020e-228									
230.55000000							2.94928434939597e-228									
230.65000000							-1.55892663423450e-228									
230.75000000							8.24014222780330e-229									
230.85000000							-4.35555737154808e-229									
230.95000000							2.30225152580942e-229									
231.05000000							-1.21691935978516e-229									
231.15000000							6.43236723537089e-230									
231.25000000							-3.40000739720154e-230									
231.35000000							1.79716889257469e-230									
231.45000000							-9.49943823974177e-231									
231.55000000							5.02119345841716e-231									
231.65000000							-2.65409207476848e-231									
231.75000000							1.40289451097338e-231									
231.85000000							-7.41539085109138e-232									
231.95000000							3.91961199108955e-232									
232.05000000							-2.07182041637520e-232									
232.15000000							1.09511855955822e-232									
232.25000000							-5.78855507943641e-233									
232.35000000							3.05970249661244e-233									
232.45000000							-1.61729123059288e-233									
232.55000000							8.54864460661956e-234									
232.65000000							-4.51862492220994e-234									
232.75000000							2.38844543517534e-234									
232.85000000							-1.26247955849806e-234									
232.95000000							6.67318839338878e-235									
233.05000000							-3.52730014786431e-235									
233.15000000							1.86445303199441e-235									
233.25000000							-9.85508735517697e-236									
233.35000000							5.20918173381266e-236									
233.45000000							-2.75345852937903e-236									
233.55000000							1.45541742646424e-236									
233.65000000							-7.69301539374735e-237									
233.75000000							4.06635819884406e-237									
233.85000000							-2.14938722399355e-237									
233.95000000							1.13611866263528e-237									
234.05000000							-6.00527257806036e-238									
234.15000000							3.17425458474146e-238									
234.25000000							-1.67784093690658e-238									
234.35000000							8.86869699453811e-239									
234.45000000							-4.68779755284447e-239									
234.55000000							2.47786635511265e-239									
234.65000000							-1.30974548379840e-239									
234.75000000							6.92302564579726e-240									
234.85000000							-3.65935860709132e-240									
234.95000000							1.93425621981084e-240									
235.05000000							-1.02240516046356e-240									
235.15000000							5.40420809526854e-241									
235.25000000							-2.85654516099313e-241									
235.35000000							1.50990674543738e-241									
235.45000000							-7.98103391134444e-242									
235.55000000							4.21859843242032e-242									
235.65000000							-2.22985805244138e-242									
235.75000000							1.17865376704864e-242									
235.85000000							-6.23010375506609e-243									
235.95000000							3.29309538424331e-243									
236.05000000							-1.74065756142605e-243									
236.15000000							9.20073181192073e-244									
236.25000000							-4.86330383131402e-244									
236.35000000							2.57063510155027e-244									
236.45000000							-1.35878099632054e-244									
236.55000000							7.18221654581935e-245									
236.65000000							-3.79636119806848e-245									
236.75000000							2.00667276658334e-245									
236.85000000							-1.06068294929259e-245									
236.95000000							5.60653604142740e-246									
237.05000000							-2.96349124917944e-246									
237.15000000							1.56643608799975e-246									
237.25000000							-8.27983554352444e-247									
237.35000000							4.37653838244702e-247									
237.45000000							-2.31334162524667e-247									
237.55000000							1.22278134165631e-247									
237.65000000							-6.46335237815719e-248									
237.75000000							3.41638546002380e-248									
237.85000000							-1.80582597521781e-248									
237.95000000							9.54519766849911e-249									
238.05000000							-5.04538088282464e-249									
238.15000000							2.66687701364020e-249									
238.25000000							-1.40965234757474e-249									
238.35000000							7.45111128432065e-250									
238.45000000							-3.93849302396077e-250									
238.55000000							2.08180051376080e-250									
238.65000000							-1.10039381883590e-250									
238.75000000							5.81643893604776e-251									
238.85000000							-3.07444128798924e-251									
238.95000000							1.62508183051873e-251									
239.05000000							-8.58982399891370e-252									
239.15000000							4.54039144039666e-252									
239.25000000							-2.39995073643352e-252									
239.35000000							1.26856100689076e-252									
239.45000000							-6.70533358778501e-253									
239.55000000							3.54429138837227e-253									
239.65000000							-1.87343422683307e-253									
239.75000000							9.90255996948797e-254									
239.85000000							-5.23427471030417e-254									
239.95000000							2.76672212310231e-254									
240.05000000							-1.46242826945912e-254									
240.15000000							7.73007316294958e-255									
240.25000000							-4.08594611800367e-255									
240.35000000							2.15974096587450e-255									
240.45000000							-1.14159142214912e-255									
240.55000000							6.03420037734373e-256									
240.65000000							-3.18954518118119e-256									
240.75000000							1.68592320881370e-256									
240.85000000							-8.91141810057089e-257									
240.95000000							4.71037898689715e-257									
241.05000000							-2.48980240291731e-257									
241.15000000							1.31605461531161e-257									
241.25000000							-6.95637432293257e-258									
241.35000000							3.67698598202157e-258									
241.45000000							-1.94357366126949e-258									
241.55000000							1.02733015443906e-258									
241.65000000							-5.43024052677492e-259									
241.75000000							2.87030532990919e-259									
241.85000000							-1.51718006712276e-259									
241.95000000							8.01947908499145e-260									
242.05000000							-4.23891970295782e-260									
242.15000000							2.24059942768005e-260									
242.25000000							-1.18433142100265e-260									
242.35000000							6.26011458115241e-261									
242.45000000							-3.30895844475524e-261									
242.55000000							1.74904242521091e-261									
242.65000000							-9.24505235185555e-262									
242.75000000							4.88673069083748e-262									
242.85000000							-2.58301802260536e-262									
242.95000000							1.36532633517414e-262									
243.05000000							-7.21681376283932e-263									
243.15000000							3.81464852363404e-263									
243.25000000							-2.01633904338670e-263									
243.35000000							1.06579232993462e-263									
243.45000000							-5.63354310017007e-264									
243.55000000							2.97776658454848e-264									
243.65000000							-1.57398171530557e-264									
243.75000000							8.31972006459971e-265									
243.85000000							-4.39762046027742e-265									
243.95000000							2.32448514643395e-265									
244.05000000							-1.22867156108584e-265									
244.15000000							6.49448677844671e-266									
244.25000000							-3.43284241706906e-266									
244.35000000							1.81452475960649e-266									
244.45000000							-9.59117752348242e-267									
244.55000000							5.06968481967170e-267									
244.65000000							-2.67972353841676e-267									
244.75000000							1.41644273712658e-267									
244.85000000							-7.48700378526364e-268									
244.95000000							3.95746500802897e-268									
245.05000000							-2.09182868594238e-268									
245.15000000							1.10569448939002e-268									
245.25000000							-5.84445711105962e-269									
245.35000000							3.08925107710895e-269									
245.45000000							-1.63290995828500e-269									
245.55000000							8.63120175509216e-270									
245.65000000							-4.56226280935593e-270									
245.75000000							2.41151145949665e-270									
245.85000000							-1.27467175002674e-270									
245.95000000							6.73763362773061e-271									
246.05000000							-3.56136447682111e-271									
246.15000000							1.88245868468739e-271									
246.25000000							-9.95026126255426e-272									
246.35000000							5.25948856134016e-272									
246.45000000							-2.78004960844284e-272									
246.55000000							1.46947288415319e-272									
246.65000000							-7.76730944190227e-273									
246.75000000							4.10562839347874e-273									
246.85000000							-2.17014458242192e-273									
246.95000000							1.14709054431124e-273									
247.05000000							-6.06326752376922e-274									
247.15000000							3.20490943344570e-274									
247.25000000							-1.69404441356466e-274									
247.35000000							8.95434499702607e-275									
247.45000000							-4.73306919722655e-275									
247.55000000							2.50179594746181e-275									
247.65000000							-1.32239413833289e-275									
247.75000000							6.98988364287402e-276									
247.85000000							-3.69469826919473e-276									
247.95000000							1.95293598546624e-276									
248.05000000							-1.03227887243963e-276									
248.15000000							5.45639835824337e-277									
248.25000000							-2.88413178247838e-277									
248.35000000							1.52448842488471e-277									
248.45000000							-8.05810945160885e-278									
248.55000000							4.25933886241338e-278									
248.65000000							-2.25139254484099e-278									
248.75000000							1.19003642459515e-278									
248.85000000							-6.29026997139333e-279									
248.95000000							3.32489791868963e-279									
249.05000000							-1.75746767944491e-279									
249.15000000							9.28958638679277e-280									
249.25000000							-4.91027039910867e-280									
249.35000000							2.59546059301861e-280									
249.45000000							-1.37190320336236e-280									
249.55000000							7.25157763696547e-281									
249.65000000							-3.83302394046882e-281									
249.75000000							2.02605188329132e-281									
249.85000000							-1.07092632280461e-281									
249.95000000							5.66068025371933e-282									
250.05000000							-2.99211068516188e-282									
250.15000000							1.58156369040232e-282									
250.25000000							-8.35979671207812e-283									
250.35000000							4.41880409188544e-283									
250.45000000							-2.33568234670741e-283									
250.55000000							1.23459015409594e-283									
250.65000000							-6.52577115522286e-284									
250.75000000							3.44937864837607e-284									
250.85000000							-1.82326544662083e-284									
250.95000000							9.63737886649960e-285									
251.05000000							-5.09410583020655e-285									
251.15000000							2.69263194576158e-285									
251.25000000							-1.42326583643863e-285									
251.35000000							7.52306918278203e-286									
251.45000000							-3.97652838141214e-286									
251.55000000							2.10190516449945e-286									
251.65000000							-1.11102069362838e-286									
251.75000000							5.87261025149271e-287									
251.85000000							-3.10413220597246e-287									
251.95000000							1.64077579466580e-287									
252.05000000							-8.67277883068702e-288									
252.15000000							4.58423953416095e-288									
252.25000000							-2.42312787133526e-288									
252.35000000							1.28081192902073e-288									
252.45000000							-6.77008925912694e-289									
252.55000000							3.57851980747785e-289									
252.65000000							-1.89152661395823e-289									
252.75000000							9.99819233593669e-290									
252.85000000							-5.28482386918141e-290									
252.95000000							2.79344129317082e-290									
253.05000000							-1.47655143322696e-290									
253.15000000							7.80472509049885e-291									
253.25000000							-4.12540547978997e-291									
253.35000000							2.18059831388543e-291									
253.45000000							-1.15261615611227e-291									
253.55000000							6.09247468858134e-292									
253.65000000							-3.22034769634003e-292									
253.75000000							1.70220473870157e-292									
253.85000000							-8.99747867520990e-293									
253.95000000							4.75586870781529e-293									
254.05000000							-2.51384726571181e-293									
254.15000000							1.32876419926018e-293									
254.25000000							-7.02355437944875e-294									
254.35000000							3.71249587763875e-294									
254.45000000							-1.96234340860425e-294									
254.55000000							1.03725142874549e-294									
254.65000000							-5.48268219373389e-295									
254.75000000							2.89802483799349e-295									
254.85000000							-1.53183198749434e-295									
254.95000000							8.09692590328356e-296									
255.05000000							-4.27985638232446e-296									
255.15000000							2.26223765316850e-296									
255.25000000							-1.19576890957117e-296									
255.35000000							6.32057062216406e-297									
255.45000000							-3.34091417413506e-297									
255.55000000							1.76593351869154e-297									
255.65000000							-9.33433494515207e-298									
255.75000000							4.93392349972753e-298									
255.85000000							-2.60796310012497e-298									
255.95000000							1.37851175276411e-298									
256.05000000							-7.28650897099624e-299									
256.15000000							3.85148787291435e-299									
256.25000000							-2.03581151059479e-299									
256.35000000							1.07608504646131e-299									
256.45000000							-5.68794812875056e-300									
256.55000000							3.00652388226642e-300									
256.65000000							-1.58918218837975e-300									
256.75000000							8.40006641144538e-301									
256.85000000							-4.44008976646242e-301									
256.95000000							2.34693348464279e-301									
257.05000000							-1.24053725736406e-301									
257.15000000							6.55720623093237e-302									
257.25000000							-3.46599453581425e-302									
257.35000000							1.83204823810857e-302									
257.45000000							-9.68380276447328e-303									
257.55000000							5.11864447838097e-303									
257.65000000							-2.70560253376713e-303									
257.75000000							1.43012180307598e-303									
257.85000000							-7.55930830973018e-304									
257.95000000							3.99568358433872e-304									
258.05000000							-2.11203018212704e-304									
258.15000000							1.11637255454847e-304									
258.25000000							-5.90089900748446e-305									
258.35000000							3.11908501822806e-305									
258.45000000							-1.64867952130604e-305									
258.55000000							8.71455618583320e-306									
258.65000000							-4.60632212231783e-306									
258.75000000							2.43480024020592e-306									
258.85000000							-1.28698168566722e-306									
258.95000000							6.80270123146839e-307									
259.05000000							-3.59575777650869e-307									
259.15000000							1.90063822405027e-307									
259.25000000							-1.00463542965024e-307									
259.35000000							5.31028121889343e-308									
259.45000000							-2.80689748653895e-308									
259.55000000							1.48366408014461e-308									
259.65000000							-7.84232097277482e-309									
259.75000000							4.14527783364747e-309									
259.85000000							-2.19110240167192e-309									
259.95000000							1.15816838515456e-309									
260.05000000							-6.12182254625797e-310									
260.15000000							3.23586032637831e-310									
260.25000000							-1.71040437266993e-310									
260.35000000							9.04082013120358e-311									
260.45000000							-4.77877804516994e-311									
260.55000000							2.52595663596712e-311									
260.65000000							-1.33516494519648e-311									
260.75000000							7.05738731021038e-312									
260.85000000							-3.73037921835097e-312									
260.95000000							1.97179614792651e-312									
261.05000000							-1.04224793818726e-312									
261.15000000							5.50909264022371e-313									
261.25000000							-2.91198481730891e-313									
261.35000000							1.53921092452950e-313									
261.45000000							-8.13592933622010e-314									
261.55000000							4.30047273623194e-314									
261.65000000							-2.27313500310415e-314									
261.75000000							1.20152900832955e-314									
261.85000000							-6.35101723422152e-315									
261.95000000							3.35700758216538e-315									
262.05000000							-1.77444014150720e-315									
262.15000000							9.37929908871934e-316									
262.25000000							-4.95769055731039e-316									
262.35000000							2.62052586536517e-316									
262.45000000							-1.38515216811509e-316									
262.55000000							7.32160870635166e-317									
262.65000000							-3.87004090715678e-317									
262.75000000							2.04561803653124e-317									
262.85000000							-1.08126859471132e-317									
262.95000000							5.71534645043508e-318									
263.05000000							-3.02100391674797e-318									
263.15000000							1.59683498932828e-318									
263.25000000							-8.44051868042269e-319									
263.35000000							4.46146218851104e-319									
263.45000000							-2.35822473416485e-319									
263.55000000							1.24652762445747e-319									
263.65000000							-6.58885945293886e-320									
263.75000000							3.48266873753495e-320									
263.85000000							-1.84088859640448e-320									
263.95000000							9.73309322307256e-321									
264.05000000							-5.14322337320738e-321									
264.15000000							2.71736105212686e-321									
264.25000000							-1.43773102939803e-321									
264.35000000							7.60861094595520e-322									
264.45000000							-4.00193173131410e-322									
264.55000000							2.12448227711736e-322									
264.65000000							-1.13635098543487e-322									
264.75000000							5.92878775009496e-323									
264.85000000							-2.96439387504748e-323									
264.95000000							1.48219693752374e-323									
265.05000000							-9.88131291682493e-324									
265.15000000							4.94065645841247e-324									
265.25000000							-4.94065645841247e-324									
265.35000000							4.94065645841247e-324									
265.45000000							-4.94065645841247e-324									
265.55000000							4.94065645841247e-324									
265.65000000							-4.94065645841247e-324									
265.75000000							4.94065645841247e-324									
265.85000000							-4.94065645841247e-324									
265.95000000							4.94065645841247e-324									
266.05000000							-4.94065645841247e-324									
266.15000000							4.94065645841247e-324									
266.25000000							-4.94065645841247e-324									
266.35000000							4.94065645841247e-324									
266.45000000							-4.94065645841247e-324									
266.55000000							4.94065645841247e-324									
266.65000000							-4.94065645841247e-324									
266.75000000							4.94065645841247e-324									
266.85000000							-4.94065645841247e-324									
266.95000000							4.94065645841247e-324									
267.05000000							-4.94065645841247e-324									
267.15000000							4.94065645841247e-324									
267.25000000							-4.94065645841247e-324									
267.35000000							4.94065645841247e-324									
267.45000000							-4.94065645841247e-324									
267.55000000							4.94065645841247e-324									
267.65000000							-4.94065645841247e-324									
267.75000000							4.94065645841247e-324									
267.85000000							-4.94065645841247e-324									
267.95000000							4.94065645841247e-324									
268.05000000							-4.94065645841247e-324									
268.15000000							4.94065645841247e-324									
268.25000000							-4.94065645841247e-324									
268.35000000							4.94065645841247e-324									
268.45000000							-4.94065645841247e-324									
268.55000000							4.94065645841247e-324									
268.65000000							-4.94065645841247e-324									
268.75000000							4.94065645841247e-324									
268.85000000							-4.94065645841247e-324									
268.95000000							4.94065645841247e-324									
269.05000000							-4.94065645841247e-324									
269.15000000							4.94065645841247e-324									
269.25000000							-4.94065645841247e-324									
269.35000000							4.94065645841247e-324									
269.45000000							-4.94065645841247e-324									
269.55000000							4.94065645841247e-324									
269.65000000							-4.94065645841247e-324									
269.75000000							4.94065645841247e-324									
269.85000000							-4.94065645841247e-324									
269.95000000							4.94065645841247e-324									
270.05000000							-4.94065645841247e-324									
270.15000000							4.94065645841247e-324									
270.25000000							-4.94065645841247e-324									
270.35000000							4.94065645841247e-324									
270.45000000							-4.94065645841247e-324									
270.55000000							4.94065645841247e-324									
270.65000000							-4.94065645841247e-324									
270.75000000							4.94065645841247e-324									
270.85000000							-4.94065645841247e-324									
270.95000000							4.94065645841247e-324									
271.05000000							-4.94065645841247e-324									
271.15000000							4.94065645841247e-324									
271.25000000							-4.94065645841247e-324									
271.35000000							4.94065645841247e-324									
271.45000000							-4.94065645841247e-324									
271.55000000							4.94065645841247e-324									
271.65000000							-4.94065645841247e-324									
271.75000000							4.94065645841247e-324									
271.85000000							-4.94065645841247e-324									
271.95000000							4.94065645841247e-324									
272.05000000							-4.94065645841247e-324									
272.15000000							4.94065645841247e-324									
272.25000000							-4.94065645841247e-324									
272.35000000							4.94065645841247e-324									
272.45000000							-4.94065645841247e-324									
272.55000000							4.94065645841247e-324									
272.65000000							-4.94065645841247e-324									
272.75000000							4.94065645841247e-324									
272.85000000							-4.94065645841247e-324									
272.95000000							4.94065645841247e-324									
273.05000000							-4.94065645841247e-324									
273.15000000							4.94065645841247e-324									
273.25000000							-4.94065645841247e-324									
273.35000000							4.94065645841247e-324									
273.45000000							-4.94065645841247e-324									
273.55000000							4.94065645841247e-324									
273.65000000							-4.94065645841247e-324									
273.75000000							4.94065645841247e-324									
273.85000000							-4.94065645841247e-324									
273.95000000							4.94065645841247e-324									
274.05000000							-4.94065645841247e-324									
274.15000000							4.94065645841247e-324									
274.25000000							-4.94065645841247e-324									
274.35000000							4.94065645841247e-324									
274.45000000							-4.94065645841247e-324									
274.55000000							4.94065645841247e-324									
274.65000000							-4.94065645841247e-324									
274.75000000							4.94065645841247e-324									
274.85000000							-4.94065645841247e-324									
274.95000000							4.94065645841247e-324									
275.05000000							-4.94065645841247e-324									
275.15000000							4.94065645841247e-324									
275.25000000							-4.94065645841247e-324									
275.35000000							4.94065645841247e-324									
275.45000000							-4.94065645841247e-324									
275.55000000							4.94065645841247e-324									
275.65000000							-4.94065645841247e-324									
275.75000000							4.94065645841247e-324									
275.85000000							-4.94065645841247e-324									
275.95000000							4.94065645841247e-324									
276.05000000							-4.94065645841247e-324									
276.15000000							4.94065645841247e-324									
276.25000000							-4.94065645841247e-324									
276.35000000							4.94065645841247e-324									
276.45000000							-4.94065645841247e-324									
276.55000000							4.94065645841247e-324									
276.65000000							-4.94065645841247e-324									
276.75000000							4.94065645841247e-324									
276.85000000							-4.94065645841247e-324									
276.95000000							4.94065645841247e-324									
277.05000000							-4.94065645841247e-324									
277.15000000							4.94065645841247e-324									
277.25000000							-4.94065645841247e-324									
277.35000000							4.94065645841247e-324									
277.45000000							-4.94065645841247e-324									
277.55000000							4.94065645841247e-324									
277.65000000							-4.94065645841247e-324									
277.75000000							4.94065645841247e-324									
277.85000000							-4.94065645841247e-324									
277.95000000							4.94065645841247e-324									
278.05000000							-4.94065645841247e-324									
278.15000000							4.94065645841247e-324									
278.25000000							-4.94065645841247e-324									
278.35000000							4.94065645841247e-324									
278.45000000							-4.94065645841247e-324									
278.55000000							4.94065645841247e-324									
278.65000000							-4.94065645841247e-324									
278.75000000							4.94065645841247e-324									
278.85000000							-4.94065645841247e-324									
278.95000000							4.94065645841247e-324									
279.05000000							-4.94065645841247e-324									
279.15000000							4.94065645841247e-324									
279.25000000							-4.94065645841247e-324									
279.35000000							4.94065645841247e-324									
279.45000000							-4.94065645841247e-324									
279.55000000							4.94065645841247e-324									
279.65000000							-4.94065645841247e-324									
279.75000000							4.94065645841247e-324									
279.85000000							-4.94065645841247e-324									
279.95000000							4.94065645841247e-324									
280.05000000							-4.94065645841247e-324									
280.15000000							4.94065645841247e-324									
280.25000000							-4.94065645841247e-324									
280.35000000							4.94065645841247e-324									
280.45000000							-4.94065645841247e-324									
280.55000000							4.94065645841247e-324									
280.65000000							-4.94065645841247e-324									
280.75000000							4.94065645841247e-324									
280.85000000							-4.94065645841247e-324									
280.95000000							4.94065645841247e-324									
281.05000000							-4.94065645841247e-324									
281.15000000							4.94065645841247e-324									
281.25000000							-4.94065645841247e-324									
281.35000000							4.94065645841247e-324									
281.45000000							-4.94065645841247e-324									
281.55000000							4.94065645841247e-324									
281.65000000							-4.94065645841247e-324									
281.75000000							4.94065645841247e-324									
281.85000000							-4.94065645841247e-324									
281.95000000							4.94065645841247e-324									
282.05000000							-4.94065645841247e-324									
282.15000000							4.94065645841247e-324									
282.25000000							-4.94065645841247e-324									
282.35000000							4.94065645841247e-324									
282.45000000							-4.94065645841247e-324									
282.55000000							4.94065645841247e-324									
282.65000000							-4.94065645841247e-324									
282.75000000							4.94065645841247e-324									
282.85000000							-4.94065645841247e-324									
282.95000000							4.94065645841247e-324									
283.05000000							-4.94065645841247e-324									
283.15000000							4.94065645841247e-324									
283.25000000							-4.94065645841247e-324									
283.35000000							4.94065645841247e-324									
283.45000000							-4.94065645841247e-324									
283.55000000							4.94065645841247e-324									
283.65000000							-4.94065645841247e-324									
283.75000000							4.94065645841247e-324									
283.85000000							-4.94065645841247e-324									
283.95000000							4.94065645841247e-324									
284.05000000							-4.94065645841247e-324									
284.15000000							4.94065645841247e-324									
284.25000000							-4.94065645841247e-324									
284.35000000							4.94065645841247e-324									
284.45000000							-4.94065645841247e-324									
284.55000000							4.94065645841247e-324									
284.65000000							-4.94065645841247e-324									
284.75000000							4.94065645841247e-324									
284.85000000							-4.94065645841247e-324									
284.95000000							4.94065645841247e-324									
285.05000000							-4.94065645841247e-324									
285.15000000							4.94065645841247e-324									
285.25000000							-4.94065645841247e-324									
285.35000000							4.94065645841247e-324									
285.45000000							-4.94065645841247e-324									
285.55000000							4.94065645841247e-324									
285.65000000							-4.94065645841247e-324									
285.75000000							4.94065645841247e-324									
285.85000000							-4.94065645841247e-324									
285.95000000							4.94065645841247e-324									
286.05000000							-4.94065645841247e-324									
286.15000000							4.94065645841247e-324									
286.25000000							-4.94065645841247e-324									
286.35000000							4.94065645841247e-324									
286.45000000							-4.94065645841247e-324									
286.55000000							4.94065645841247e-324									
286.65000000							-4.94065645841247e-324									
286.75000000							4.94065645841247e-324									
286.85000000							-4.94065645841247e-324									
286.95000000							4.94065645841247e-324									
287.05000000							-4.94065645841247e-324									
287.15000000							4.94065645841247e-324									
287.25000000							-4.94065645841247e-324									
287.35000000							4.94065645841247e-324									
287.45000000							-4.94065645841247e-324									
287.55000000							4.94065645841247e-324									
287.65000000							-4.94065645841247e-324									
287.75000000							4.94065645841247e-324									
287.85000000							-4.94065645841247e-324									
287.95000000							4.94065645841247e-324									
288.05000000							-4.94065645841247e-324									
288.15000000							4.94065645841247e-324									
288.25000000							-4.94065645841247e-324									
288.35000000							4.94065645841247e-324									
288.45000000							-4.94065645841247e-324									
288.55000000							4.94065645841247e-324									
288.65000000							-4.94065645841247e-324									
288.75000000							4.94065645841247e-324									
288.85000000							-4.94065645841247e-324									
288.95000000							4.94065645841247e-324									