time/h	3 uM CTD	3 uM CTD	3 uM CTD	3 uM CTD	750 nM CTD	750 nM CTD	750 nM CTD	750 nM CTD	187 nM CTD	187 nM CTD	187 nM CTD	187 nM CTD	Ab42 alone	Ab42 alone	Ab42 alone	Ab42 alone
0.0000	16773	15973	16492	15875	16173	15982	16283	16743	15387	16042	16441	16346	15727	15512	15748	15973
0.036111	15545	15712	16080	15870	15592	15991	16227	15898	15550	15852	16139	15944	15409	15540	15481	14863
0.072222	15872	15262	15803	15410	15523	15418	15594	16013	14885	15904	15665	15882	14890	14989	15633	14759
0.10833	15150	14763	14986	15072	15388	15483	15634	15477	14889	15143	15393	15496	15031	15240	15066	14875
0.14444	15096	14834	15255	14954	15016	15318	15232	15393	15023	15589	15421	15366	14549	14690	15205	13941
0.18056	14642	14968	14884	14989	15096	15147	15353	15526	14993	14954	15596	15186	14361	14921	15132	14634
0.21667	15143	14336	14714	14651	15110	14767	15123	15294	14858	14861	15424	15349	14801	14906	14955	14373
0.25278	14924	14538	14621	14689	14835	14736	15024	15051	14206	15435	15322	15112	14674	14957	14890	14373
0.28889	14811	14418	14477	14747	14984	15125	14691	15124	14655	14863	14808	14969	14883	14682	14814	14574
0.32500	14619	14484	14759	14232	14835	14945	14888	15005	14561	15179	14750	14886	14385	14884	15194	14282
0.36111	14351	14184	14678	14272	14575	14732	14849	14826	14327	15318	14787	14909	14817	14848	15077	14491
0.39722	14901	14278	14485	14445	14732	14947	14739	15192	14234	15227	15227	14986	14281	14795	15253	14470
0.43333	14391	14151	14592	14536	14414	14795	14790	15193	14638	14762	14956	15046	14237	14891	14881	14489
0.46944	14523	14519	14748	14454	14517	14846	15115	15371	14492	14686	14575	14947	14482	15022	15068	14571
0.50556	14761	14375	14526	14118	14712	14710	14945	14880	14513	14906	14854	14936	14538	14876	14909	14584
0.54167	14801	14083	14962	14378	14483	14211	14700	15042	14057	15012	14890	14916	14700	15014	15273	14404
0.57778	14513	14470	14752	14526	14390	14800	14910	14691	14482	15169	14702	15208	14894	15062	15245	15075
0.61389	14643	14566	14263	13985	14569	14842	14278	15040	14779	14738	14677	14927	15239	15329	15250	15094
0.65000	14137	14564	14613	14272	14850	14710	14952	15189	14298	15158	14950	15222	15716	15562	15968	15692
0.68611	14739	14081	14665	14711	14834	14761	14760	14686	14730	15123	14692	14854	15963	15778	15941	15599
0.72222	14697	14495	14390	14358	14264	14617	14598	14753	14644	15192	14906	15072	16115	16540	17172	15784
0.75833	14912	14261	14612	14660	14597	14594	14655	15019	15163	15235	14868	14999	16765	16902	17465	17063
0.79444	14417	14137	14795	14899	14479	14873	14502	14804	15043	15301	15279	15123	17554	17574	18107	17490
0.83056	14802	14179	14323	14596	14930	14788	14739	15055	15263	15308	15477	15057	18691	18011	18646	18724
0.86667	14521	13953	14651	14714	14119	14739	15007	14889	15589	15187	15505	15552	19614	19580	19471	19912
0.90278	14508	14398	14946	14720	15062	14352	14669	15183	15644	15470	15757	15591	20360	20426	21185	20797
0.93889	14847	14162	14799	14827	14719	14302	14698	15146	16256	16097	15966	15909	21835	21445	22192	22376
0.97500	14741	14191	14791	14862	14659	14735	14826	15139	16214	16233	16436	16436	22849	23115	24403	23873
1.0111	14332	14421	14708	14717	14428	14691	14660	14975	17029	16309	16528	16597	24970	24724	25393	25623
1.0472	14537	14127	14679	14928	14768	14850	15156	15591	17147	17171	16617	17359	26768	26729	28402	28039
1.0833	14720	14371	14547	14685	14560	14634	14892	15194	18185	18155	16849	17542	29325	29005	30209	31033
1.1194	14596	14358	14638	14389	14798	14846	14803	15523	18316	17813	17661	18480	31994	30851	32686	33083
1.1556	14673	14149	14780	14285	14795	14770	15217	15580	18531	18227	17884	18774	34971	33822	36141	35976
1.1917	14534	14386	14270	14868	14433	14716	14709	15879	19138	18753	18902	19002	37115	36931	39130	38876
1.2278	14658	14366	14669	14479	15248	14913	15001	15974	20086	19230	19301	19436	40492	40426	42699	42349
1.2639	14571	13927	14534	14326	15487	15186	15157	16067	20675	19580	19393	20070	43895	43503	46424	44696
1.3000	14531	13755	14903	14626	15301	15422	15446	16705	20822	20221	20197	21039	47276	47094	49231	47367
1.3361	14624	14247	14935	14585	15521	15374	15618	16523	21954	21049	20439	21348	50098	50219	54228	52679
1.3722	14603	14474	14511	14591	15924	16113	15698	16669	21984	22105	21356	21923	52973	54043	57364	54728
1.4083	14910	14213	14967	14390	15898	15918	15787	16910	22904	22270	22169	22852	56347	57246	59380	56810
1.4444	14797	14466	15041	14519	15934	15901	16029	17615	23547	23544	22940	23710	59189	60978	66003	60909
1.4806	14488	14493	14842	14584	16046	16397	16613	17601	24606	23254	23760	23834	62195	64041	67906	63466
1.5167	14478	14671	14798	14156	16243	16217	16834	17249	24524	24344	23925	24501	64661	66362	69498	66368
1.5528	14882	14486	14801	14528	16959	16645	16902	17847	25521	25253	24594	25319	67195	69673	76274	68948
1.5889	14802	14047	14336	14793	16928	16763	16897	18018	25451	25502	25294	25912	70055	71972	77018	70126
1.6250	14698	14569	14505	14705	16908	17196	17425	18531	26912	26719	25701	26716	70902	72286	75352	72160
1.6611	14475	14311	14948	14370	17713	16984	17616	18332	27597	27464	27112	27520	73724	75397	81227	72633
1.6972	14480	14314	14496	14610	17499	17415	17643	18283	28459	27826	27368	28122	74466	77665	81339	76088
1.7333	14593	14263	14781	14233	17909	17606	18233	18828	29469	28412	28743	29101	77256	77804	80212	77003
1.7694	14777	14368	14729	14755	17901	17834	18125	19200	30308	29290	29299	29923	77571	78479	82470	77062
1.8056	14424	14324	14899	14677	18026	18235	18096	19619	31388	30637	30389	31388	80441	80831	87313	79750
1.8417	14729	14516	14334	14503	18279	18461	18220	19710	31685	31562	31329	31831	82447	81335	88758	80613
1.8778	14992	14510	14518	14799	18568	18910	18925	19711	32487	32098	32355	32988	81573	82381	85710	80559
1.9139	15175	14553	14718	14668	18576	18914	19297	20058	33643	33190	33516	33929	84978	83017	92343	83011
1.9500	14689	14184	15244	14780	19227	19018	19273	20070	34533	34139	33379	34925	82516	83781	89689	82713
1.9861	14686	14241	14853	14863	19441	19524	19144	20558	35673	35583	34880	36098	82827	84798	89198	83229
2.0222	15023	14278	14684	14579	19504	19380	19862	20529	36815	36506	35938	37467	87597	83986	90583	84534
2.0583	14789	14392	14695	14982	19645	19808	19783	20798	37069	37648	37303	38006	84652	84622	92268	82390
2.0944	14730	14279	14602	14820	19933	19982	19781	21098	38560	38725	38143	39664	85939	85086	89342	83263
2.1306	14543	14631	14790	14588	20531	20215	20113	21179	39431	38888	39113	39989	84834	84931	91764	83879
2.1667	14804	14230	14519	14580	20150	21230	21022	21768	40189	40941	40584	40768	85167	85952	95109	84122
2.2028	14901	14318	14558	14969	21232	20975	20811	21788	41890	41968	41793	42597	88659	87639	93986	83782
2.2389	14528	14261	14623	14910	21177	21293	21170	22113	42092	43037	42833	43549	85831	85145	92254	84500
2.2750	14859	14142	14551	15012	21415	21236	21140	21904	43425	43838	43351	44442	85081	84681	93323	83819
2.3111	15045	14525	14647	14675	21698	21940	21424	22649	44913	45200	45390	45181	88957	86339	94709	87702
2.3472	14762	14314	14908	14873	21479	21880	21862	22461	45299	45398	45613	46485	85827	85522	93567	85759
2.3833	14466	14356	15235	14984	21796	22453	22024	22634	45896	47001	47430	47429	88778	84405	92485	84425
2.4194	14958	14271	14731	15000	21943	21954	21985	23045	46457	47498	48120	48305	89336	86278	94863	84972
2.4556	15074	14394	14645	15325	22108	22683	22502	23199	47416	48999	48792	49428	86629	86089	93217	86104
2.4917	14977	14310	14978	15272	22362	23112	22576	23122	48032	49966	49648	50390	84766	85554	93723	85255
2.5278	15046	14741	14719	15075	22913	23069	23167	23452	48137	50504	50359	50965	87460	85481	93740	84505
2.5639	14954	14624	14575	15126	23298	23360	23364	23929	49619	52590	51920	52125	87260	84493	96009	84378
2.6000	15342	14484	14985	15470	23263	23629	23649	24083	50290	52521	51918	52007	86134	85130	94441	84443
2.6361	15117	14079	14293	15010	23653	23756	23690	24913	51044	52942	52674	53361	85671	84667	91874	84397
2.6722	15189	14594	14696	15265	23981	24373	24029	24582	51211	54388	53626	53505	88018	83894	94348	85593
2.7083	14861	14559	14758	15607	24596	24604	23593	24676	51556	54720	54175	54145	87722	85241	96303	85847
2.7444	15689	14264	14625	15223	24121	24493	24346	25016	52055	55151	54209	54058	87132	84427	92216	85897
2.7806	15432	14423	15378	15577	24843	24854	24237	25646	52492	55180	54863	55180	87343	85066	94122	86160
2.8167	15037	14546	15371	15223	24790	25281	24730	25817	52709	55952	56036	55619	87582	84539	95669	87927
2.8528	15224	14737	15202	15675	25052	25564	25196	26448	53200	56083	55514	55765	87532	84792	93103	87244
2.8889	15648	14633	14782	15644	25091	25681	25369	26393	52919	56700	56547	56234	87831	84313	93207	86833
2.9250	15109	14788	14938	15939	25829	25926	25867	26261	53887	56632	56567	56424	87194	84968	95753	87395
2.9611	15293	14928	14909	15859	26264	26012	26076	27048	54452	57494	56899	57003	87122	83916	93825	86291
2.9972	15267	14702	15252	16076	26273	26608	26040	26938	54167	57068	57063	56340	86004	83653	94725	85689
3.0333	15286	14639	15132	16040	26760	26537	26377	27389	54508	58263	56982	57493	88027	84420	96972	87193
3.0694	15514	14616	15206	16258	26841	27582	26473	27486	54817	58197	57161	57385	87445	83162	94556	87008
3.1056	15790	14911	14985	16387	27098	27552	26952	27832	54060	57799	56817	56325	86054	82958	94851	86536
3.1417	16068	14921	15221	15983	27247	28075	27143	28063	54280	57959	56502	56823	86908	82513	94640	85940
3.1778	15873	14891	15172	16241	27435	27768	27610	28021	54839	57542	57006	56893	86852	82902	96123	87003
3.2139	15583	14949	15108	16394	28176	28217	27771	28225	54490	58220	57184	57845	85490	82551	95374	87170
3.2500	15827	14928	15525	16790	28380	27804	27630	28790	54517	57767	56186	57803	85873	82937	93790	86220
3.2861	15968	14960	15197	16325	28705	28926	28358	28990	55502	58494	56957	57486	85064	83101	95021	86934
3.3222	16119	14820	15386	15973	28377	29023	28529	29322	55177	57567	57421	56862	86261	82828	94462	86895
3.3583	15913	15403	15995	16654	28872	29958	29119	30211	54920	58015	56954	57835	85742	83166	95700	87394
3.3944	15795	15531	15304	16803	29255	29936	28810	29495	54986	58644	56514	58161	85278	83730	93749	86172
3.4306	16136	15658	15539	16653	29437	29698	29041	30115	55381	59093	57449	57929	86230	82014	93932	85768
3.4667	16266	15547	15705	16842	29561	30107	29546	30058	54555	58861	56838	58284	85161	83562	95506	85816
3.5028	16586	15355	15864	16839	29731	30899	30012	31041	55246	58745	56844	57751	84049	84305	93230	86314
3.5389	15965	15349	15597	16738	30236	30991	30260	31249	54612	58785	56493	57118	85300	84331	93950	86235
3.5750	15856	15244	15530	17164	30351	31114	30901	31567	55684	58459	57788	58122	85300	83898	94534	85032
3.6111	16302	15218	15636	17142	30539	31319	31267	31209	55245	58450	57504	56965	84533	83541	94715	85161
3.6472	16027	15627	15840	16998	31076	31290	30634	31691	54744	57743	57004	57895	84516	84764	93827	85318
3.6833	16412	15745	15761	17228	31059	31592	30997	31633	55353	58891	57422	57837	84646	83831	93738	86610
3.7194	16405	15775	15986	17389	31766	32268	31094	32645	55543	59023	57358	57673	84199	83904	93664	87011
3.7556	16461	16041	15947	17364	31582	32475	31753	32899	54758	58460	56976	57768	84738	84326	93906	86354
3.7917	16494	15765	16075	17781	32438	32936	32236	32797	54615	59054	57266	58127	83742	84601	93793	86151
3.8278	16521	15808	16106	17360	32516	32704	31921	32939	54784	58559	57064	57849	84110	84106	94334	85313
3.8639	16851	15838	16137	17253	32401	33443	32563	33520	55242	58995	57448	57955	84675	84369	94723	86055
3.9000	16716	16109	16606	17701	33436	34030	32979	33674	54729	57843	57995	58188	84467	84516	94642	85675
3.9361	16682	16406	16365	17506	33123	33452	33053	33843	54958	57890	57112	56702	84436	84855	94343	85791
3.9722	16559	16146	16422	17327	33360	34236	33807	33755	55039	58548	55949	57115	84662	84224	93762	85079
4.0083	16643	16061	16539	17839	34253	34513	33248	34437	54310	57619	56885	57208	84688	84891	94204	85511
4.0444	16904	16140	16437	17940	34260	35034	33651	34601	54656	58240	57582	57938	84590	85348	94380	86236
4.0806	16911	16356	16234	17686	34515	34109	34165	35170	54442	57950	56948	58130	84245	84357	94600	85917
4.1167	17001	16317	16681	17795	34147	35668	34082	35640	54640	57743	57157	57851	84430	85537	94357	85116
4.1528	17213	16452	16402	17812	34433	35854	34862	35263	53967	58324	57216	57259	84886	84876	94354	85648
4.1889	16918	16602	16750	18142	34970	35624	34756	35646	54916	58345	56734	57832	84511	85816	94788	86103
4.2250	17072	16924	16750	17898	35851	36204	35396	35796	54907	59084	57635	57957	84966	85900	94786	85481
4.2611	16897	16735	16833	18618	35332	36611	35460	36797	54815	58341	57936	56686	85181	84550	94826	86213
4.2972	17184	17098	16632	17864	36060	36895	36294	37273	55117	57970	56993	58568	85273	84973	94578	85764
4.3333	17291	17023	16876	18400	36234	37158	35757	36705	55076	58335	57529	57893	86662	85230	94253	84940
4.3694	17376	16970	16732	18232	36123	37122	36930	37346	54282	58195	57325	57885	85867	85691	94685	84982
4.4056	17546	17003	16809	19045	36757	37192	36406	37952	55090	58492	57755	57273	85091	85395	95520	84819
4.4417	17318	17000	17167	18327	36613	37938	36864	37940	55040	57977	57392	57758	84577	84672	95833	85546
4.4778	17128	17291	17087	18896	37274	37576	37194	38642	54917	58701	57149	57607	84315	86316	94874	84686
4.5139	17608	17134	17164	18723	37971	38022	37138	38216	55474	57586	57255	57065	85598	85999	95019	86103
4.5500	17450	17110	17164	18536	37826	38923	37723	38904	55202	58713	56769	58042	85730	85922	95321	84646
4.5861	17564	17226	17053	18738	38029	39591	37827	39127	54371	58139	56992	57550	85396	85839	95012	85790
4.6222	17644	17154	17191	18643	38498	39544	38195	39274	54325	58294	57768	58314	85974	86071	95858	85182
4.6583	17450	17541	17145	18859	39200	39157	38704	39345	54458	57857	56748	58295	85105	85745	95889	85829
4.6944	18103	17705	17401	18407	38132	39849	38588	39063	55524	58409	56882	56825	85404	85836	95810	85486
4.7306	17722	17319	17259	18775	38858	40125	39492	39634	54323	57863	57732	58265	85262	86319	96194	86376
4.7667	18003	17832	17561	18907	38610	40922	39565	40510	54514	58327	57333	57575	85501	85690	95676	85753
4.8028	17747	17678	17596	18898	39483	40984	39714	40910	55172	58744	57495	57207	85661	86920	96060	86247
4.8389	17363	17680	17398	19050	39278	41185	40111	40658	54197	57845	57439	57389	86227	85876	96946	85543
4.8750	17983	17721	17775	18927	39756	40830	40966	41434	55388	58006	57265	57850	85514	86665	96218	85143
4.9111	17976	17552	17305	19325	40042	41354	40466	41110	54618	58705	57889	57235	86224	86976	95709	86387
4.9472	17714	17752	17408	19423	40157	41647	41128	41465	54337	58639	56564	58056	86494	86291	96991	85350
4.9833	18203	17493	17971	19385	40186	42084	41398	41204	54532	57611	57617	57808	85849	86414	96542	85352
5.0194	18143	17867	17889	19396	40804	42037	41508	42733	54722	58461	57159	57813	86023	85654	95506	86370
5.0556	18397	18057	17930	19578	41440	42218	41605	42606	54361	57762	57201	57876	86447	85984	96380	87339
5.0917	18357	18197	17772	19441	41273	43247	41912	42108	54966	58081	57133	57957	85896	85551	96860	86356
5.1278	17909	17867	18087	19196	41336	42560	42071	42676	54603	58705	56725	56709	86344	87346	96794	87088
5.1639	18204	18139	17809	19583	41233	42869	41971	42651	54391	57732	57547	57873	85707	85865	96895	85992
5.2000	18401	17728	18307	19611	42056	43618	41893	43327	55022	57731	57303	57071	86749	85538	95805	86659
5.2361	18616	18382	17902	19959	42544	43879	42816	43385	54265	58104	56944	56981	85814	86008	96437	87520
5.2722	18382	18530	17907	19823	42606	44107	43380	44212	54404	58263	57735	57576	87769	86301	97125	87211
5.3083	18311	18752	18007	20052	42953	43966	43175	43657	54650	58217	57317	57158	86191	86429	96554	86559
5.3444	18223	18330	18118	20163	42128	44785	43457	44126	54965	58287	56928	57922	86038	86067	95461	85788
5.3806	18585	18807	18408	19948	43532	44153	44280	44421	54745	58355	57904	57561	87264	86234	96239	86490
5.4167	18590	18971	18572	20193	42805	44315	43901	44449	54128	57480	57898	57817	86549	87223	96342	87264
5.4528	18649	18753	17935	19955	43095	44239	43888	44639	55733	58464	57744	57593	85570	87012	97340	86937
5.4889	18685	18539	18548	19920	43653	44672	44660	45061	53964	57883	57265	57492	86921	86648	97074	86992
5.5250	18638	18815	18524	20095	43871	45609	44477	44967	54910	57800	56960	58155	86812	87859	96649	86856
5.5611	19061	18900	18600	20050	44447	44625	44761	45670	53901	58361	57626	57391	87164	88029	96713	86542
5.5972	18838	19062	18583	20485	44181	45306	44398	45754	54671	57958	57215	57960	86472	86815	97544	87162
5.6333	18676	18668	18387	20406	45084	45688	45973	46325	54041	57715	57106	57455	87177	86728	97497	86603
5.6694	19040	19201	18866	20478	45309	45722	45274	45549	55337	58762	57205	58279	86591	87476	96892	87614
5.7056	19240	18863	18767	20164	45129	45445	45275	46402	54698	58068	57464	57629	87205	87731	97824	87146
5.7417	18784	19523	18653	20468	44906	45902	45185	46340	54734	58551	57166	57909	87388	87111	97752	87398
5.7778	19053	19393	19182	21152	44204	46438	45959	46143	54640	58988	56897	57424	87723	87975	98509	86649
5.8139	18878	19172	18968	20539	46112	46564	46174	46664	55078	58553	58051	57896	87195	87773	98191	87396
5.8500	19079	19175	18844	20575	45992	45944	47094	46813	54548	58337	57820	57958	88157	87930	97378	87481
5.8861	19243	19471	18968	20754	45833	46572	45707	46658	54534	57900	57394	58643	87297	87586	98319	87294
5.9222	19134	19534	18630	20794	46512	46086	46544	47736	55298	58603	57480	58285	87431	87303	97413	86890
5.9583	19146	19378	18897	20819	46149	46390	47023	47319	55220	58103	57565	57912	88196	88009	98696	87526
5.9944	19300	19558	18960	20851	46210	45928	46771	47037	54860	57535	57699	57637	87777	87623	98746	87424
6.0306	19211	19402	19151	20735	46376	46625	46874	47444	55199	58542	57544	57615	87515	87557	97404	87494
6.0667	19471	19948	19006	21072	46882	47077	46181	47084	55321	58079	58262	56977	87755	87288	97535	87971
6.1028	19632	19472	19263	21079	47187	46948	46967	46952	55248	58237	57945	57722	88675	87774	98752	87927
6.1389	19771	19606	19082	20447	46726	46071	46517	47442	54751	58377	58089	58072	88133	88534	98468	87145
6.1750	20021	19743	19197	20893	46442	46908	47084	47207	54638	58354	57671	57837	88415	87430	97073	87923
6.2111	19636	19820	18909	21021	46536	47022	47169	48148	54224	57419	56884	58254	87148	88063	98551	87799
6.2472	19497	19415	19131	21754	47372	46395	46798	48060	54653	58644	57239	58126	88119	88173	98106	87242
6.2833	19494	20112	19421	21511	46297	47078	47117	47684	55775	58437	57592	58368	88720	87272	98402	87911
6.3194	19696	20216	19271	21348	46576	47056	48031	47662	55001	58099	57638	58388	87590	88528	99201	87374
6.3556	19808	20400	19598	21394	46771	47375	47362	47515	55628	58469	57495	58475	87835	87977	98156	87403
6.3917	20040	19918	19513	21350	47470	46659	47112	48024	54812	58238	58110	57983	88697	88752	98406	88819
6.4278	20148	19916	19184	21295	47402	46920	47451	47862	55118	57633	56995	58010	87549	87442	98048	87898
6.4639	19740	20102	19433	21248	47355	47256	47680	47669	54121	59004	57696	58018	87664	89132	99114	87417
6.5000	20062	20553	19707	21651	47476	46587	47135	48453	54718	58381	58243	59008	88677	88905	99127	87007
6.5361	20432	20169	19875	22007	47650	46283	48298	47284	55270	57659	57613	58583	87926	88270	98979	87973
6.5722	20122	20174	19683	21811	47552	46700	47710	47379	55003	58272	57609	58317	88105	87714	98570	88451
6.6083	20024	20108	19273	21977	47886	46873	47645	47878	53903	58886	57338	58088	86822	88438	98536	89755
6.6444	20100	20311	19640	22078	47109	46883	47916	48022	54122	58424	58318	57518	88816	89051	98342	88726
6.6806	20236	20291	19567	21682	47364	47118	47405	48064	55052	59155	57496	58106	88057	88459	99631	88533
6.7167	20184	20596	20165	22042	47209	46769	47107	47792	54404	58873	56859	57685	88446	88056	99083	88260
6.7528	20457	20653	19658	21852	47088	47078	47298	47951	54534	58089	58468	58258	88703	87982	99286	87744
6.7889	20134	21034	20191	21975	47557	46160	47641	48124	54402	57303	57156	58404	89192	88876	98929	88590
6.8250	19929	21231	19992	21877	48038	46900	47144	48101	54887	58743	57549	58568	87760	89026	1.0061e+05	89403
6.8611	20412	20646	20113	22244	47376	46306	47364	48341	54565	57457	57972	57428	88957	88554	99121	87847
6.8972	20445	21043	20104	22180	47547	47462	47141	48303	54429	57706	58610	57509	87696	88686	98673	87857
6.9333	20500	20547	20215	21951	48020	46959	47201	47899	54703	58075	57696	58020	88918	89238	99237	88888
6.9694	20552	20872	19796	22156	47939	46859	47333	47909	55258	58532	57957	58579	88014	89910	98464	87442
7.0056	20328	20959	20067	22727	47992	46803	47074	48503	55602	58935	58188	58793	87944	88589	98994	88394
7.0417	20493	21081	20070	22491	47627	47047	48089	47998	55203	58126	57772	58415	88441	89476	1.0022e+05	88963
7.0778	20735	21447	20680	22771	47858	46959	48185	47761	54875	58187	57854	58907	88676	88043	98382	87930
7.1139	20751	21217	20063	22318	47462	46587	48108	48017	55140	58487	57921	58655	88336	89158	99761	88812
7.1500	20526	21547	20556	22806	47579	46773	47475	47933	55092	59167	58070	58026	88282	88458	99424	87941
7.1861	20582	21255	20398	22644	47323	47229	47202	47297	55117	58469	58104	57849	88686	88267	99206	87584
7.2222	20189	21428	19971	22948	47115	46414	47710	48100	53790	59272	57956	57868	88124	89084	99316	88714
7.2583	20590	20866	20314	22898	47527	45797	47301	48011	54888	58852	58202	57831	88210	89509	99311	88416
7.2944	20690	21186	20584	22918	47445	46852	47343	47901	55144	58828	58377	57421	87538	90356	1.0012e+05	88572
7.3306	20635	21276	20619	23018	47704	46788	48294	48163	55342	58379	58387	58597	88834	88736	99204	88634
7.3667	21215	21793	20455	23013	47718	46804	47755	47862	55138	58740	58076	58451	88917	89133	99744	87904
7.4028	21100	21895	20595	22849	47780	46752	47945	47804	55279	59152	58320	57841	87815	90125	99727	87890
7.4389	20876	21655	20608	23629	47635	46507	47242	48055	54899	58145	58017	58106	89949	89699	99475	89011
7.4750	21004	21920	20775	23308	48182	46980	47730	47248	54771	58247	57879	58224	89055	88981	1.0013e+05	88387
7.5111	20841	21578	20993	23227	47399	46812	47407	47331	55263	59011	57463	58064	89437	89896	1.0040e+05	88288
7.5472	21060	21903	20705	23052	46868	47000	47148	48416	55260	58630	58168	58580	88264	89485	99990	88385
7.5833	21218	21556	20377	22780	48233	46879	47020	47678	55575	57748	57879	58268	89043	89077	1.0029e+05	88192
7.6194	20999	21531	20808	23467	47239	46804	46875	47223	55209	58372	57991	58332	90175	89361	1.0057e+05	88532
7.6556	21281	22197	21201	23062	47788	46499	47492	48187	54470	59154	58506	58453	88912	90105	1.0137e+05	88697
7.6917	21313	21988	20668	23559	47655	46284	47094	48784	55430	57904	58426	59153	88713	89391	1.0023e+05	89134
7.7278	21275	22297	20876	24030	48068	46541	46868	47608	55824	58377	56967	57608	88821	89594	1.0009e+05	88071
7.7639	21445	22174	21306	23861	47403	46363	47529	48374	55292	58917	57842	58148	89495	89589	1.0028e+05	89693
7.8000	21436	22569	20997	23567	47419	47002	47299	48080	55629	58238	57945	58563	89111	89687	1.0075e+05	88948
7.8361	21339	21832	21312	23560	47576	46385	47488	48343	54003	58130	58218	58397	89374	90099	1.0009e+05	88466
7.8722	21532	22542	21067	23636	48121	46473	46630	47569	55227	58967	57706	58549	89269	88822	1.0047e+05	88745
7.9083	21568	22433	21016	23317	47431	46222	46862	47585	54899	58488	57864	58469	88531	89122	99218	88480
7.9444	21436	22135	21419	23906	47744	46878	47457	47094	55096	58697	57413	57909	89748	89578	1.0021e+05	88545
7.9806	21616	22415	21515	23703	47551	45292	46970	47839	55581	58501	57943	57997	88778	90159	99788	90630
8.0167	22137	22187	21628	24065	47500	46415	47797	47626	56109	58165	57977	57960	89435	90745	1.0020e+05	89707
8.0528	21609	22686	21506	23785	47239	46766	48005	47138	54843	58592	57887	58403	89846	90361	1.0018e+05	88641
8.0889	21388	22364	21374	24132	47819	46388	47127	47431	56133	58770	58665	58414	90114	90644	1.0053e+05	88769
8.1250	22190	22820	20947	23827	47509	46785	47145	47652	55420	58123	58679	57927	89519	90275	1.0029e+05	89148
8.1611	21534	22902	21194	24230	46787	46414	47733	47804	55506	58629	58100	58184	90295	90080	1.0050e+05	89413
8.1972	21577	22762	21869	23826	46948	46422	47391	47552	55581	59259	57760	58282	89833	88936	1.0039e+05	89013
8.2333	22068	22951	21346	24277	47837	46517	47295	47595	54915	58625	58125	58143	88775	90337	1.0090e+05	89483
8.2694	22069	22874	21410	24178	47880	46518	47450	47518	54886	58707	58323	58928	89703	89387	1.0056e+05	89947
8.3056	21784	22411	21424	24105	47514	45632	47308	47392	55235	59205	57239	58674	89526	90573	1.0094e+05	89890
8.3417	21887	23233	21677	24106	46506	47177	47657	47491	55031	58649	57385	58822	89619	90862	1.0076e+05	90014
8.3778	21855	23228	22110	24398	47286	46741	46573	47730	55032	58797	58125	59183	89606	90665	1.0132e+05	89500
8.4139	22080	22736	21379	24767	47152	46424	47045	48146	54657	58937	58688	58384	89518	89561	1.0092e+05	90581
8.4500	21869	23236	21542	24280	47856	46698	46978	47078	54933	58468	58417	57880	90130	89251	1.0156e+05	89839
8.4861	22170	23513	21700	24443	47820	46399	47168	48170	55058	59136	58506	59742	89178	90386	99851	89202
8.5222	22272	23241	21499	24431	46905	46604	47727	47564	55949	57924	58223	59227	90020	89195	1.0171e+05	89284
8.5583	22124	22987	21981	24549	47532	45896	47128	47160	54838	59044	58269	58705	89832	91003	1.0066e+05	89585
8.5944	22422	22836	21973	24348	47089	46644	47271	47561	54339	58702	58807	58289	89664	91483	1.0100e+05	89836
8.6306	22210	22899	21938	24634	47042	46284	47341	47519	54849	58324	58472	59319	89884	89776	1.0018e+05	90212
8.6667	22189	23553	21700	24825	46981	45555	46933	47182	55910	58095	58922	59078	91212	90865	1.0147e+05	89416
8.7028	22466	23121	22000	24249	47022	46952	47234	47499	55218	58786	58306	58451	90891	91690	1.0190e+05	89378
8.7389	22577	23366	21636	24787	47405	46016	47250	47153	56000	58792	58557	58080	90563	90264	1.0081e+05	89057
8.7750	22764	23384	22091	24496	47212	46617	46691	47274	55128	59065	58798	58438	89790	90954	1.0222e+05	90267
8.8111	22522	23265	22343	25162	48144	46764	47164	47358	54791	59436	58425	58865	90946	90433	1.0180e+05	89521
8.8472	22516	23515	22366	25047	47929	46269	46634	48146	55465	59234	58657	58147	89521	89688	1.0090e+05	89819
8.8833	22306	23555	21708	24822	46642	46031	47071	47443	55452	58671	58043	58745	90057	90543	1.0149e+05	89437
8.9194	22700	23553	22246	25366	47468	46507	46614	47013	55349	59160	58945	58614	89296	91397	1.0086e+05	89985
8.9556	23063	23721	22268	24418	46915	46478	46191	47080	55363	58974	57664	58826	89726	90657	1.0108e+05	89898
8.9917	22814	23365	22206	24939	46745	46166	47396	47923	54937	58429	59142	58707	89588	90252	1.0054e+05	89269
9.0278	22979	23910	22479	24984	47643	45718	46718	46891	56020	59300	57945	58771	89121	90154	1.0256e+05	90174
9.0639	23032	23563	22318	25660	47375	46071	47084	47564	55495	59177	57534	58324	91382	91469	1.0274e+05	90430
9.1000	22793	23885	22271	25355	47502	46565	47453	46732	55499	58251	57853	58425	90161	91450	1.0249e+05	89515
9.1361	23013	24015	22330	25355	46504	46529	47360	46887	55557	58653	58698	58366	90411	89332	1.0195e+05	89527
9.1722	22778	23764	22685	25499	47287	45991	47376	47104	55637	59232	59040	58264	90695	90995	1.0243e+05	89879
9.2083	22779	23926	22474	25446	47290	45898	47100	47643	55104	58943	58600	58277	90835	91573	1.0224e+05	89927
9.2444	22841	24362	23217	25609	46958	46461	46695	47339	55469	58987	58347	58141	91359	90942	1.0239e+05	90400
9.2806	23617	24067	23017	25959	46862	45769	46353	47665	54910	59250	59613	58779	90915	90962	1.0181e+05	90113
9.3167	23071	24203	22875	26056	47541	45856	47243	47672	55138	59217	58136	58625	90527	90934	1.0140e+05	88851
9.3528	23194	24485	22901	25785	46830	46354	46865	47038	55413	59169	58921	58312	91243	91126	1.0208e+05	90496
9.3889	23244	24518	22915	25708	47060	45806	46502	47409	55291	58849	58679	58569	91061	91407	1.0175e+05	90598
9.4250	23209	24090	22733	25735	47352	46068	47471	47280	55526	58999	58110	58238	90315	91583	1.0223e+05	89996
9.4611	23280	24146	23574	26155	47140	46635	46627	47695	55358	59347	58760	58681	90359	91526	1.0193e+05	90064
9.4972	23463	24423	22655	25783	47368	46375	47298	47928	54990	58065	59007	59168	90504	90807	1.0228e+05	90251
9.5333	23175	24545	23396	26023	46779	46524	46857	48090	55535	59447	58536	58986	90912	91486	1.0159e+05	90733
9.5694	23762	24567	22942	25627	46994	45921	46507	47307	55229	59115	58848	58942	91519	91768	1.0151e+05	89710
9.6056	23848	24689	23111	26164	46831	46284	46612	46296	55044	58691	58075	59129	91180	91113	1.0232e+05	90333
9.6417	23557	24734	23291	25839	47320	46078	46419	47561	55358	58644	58494	58544	90617	91699	1.0275e+05	89326
9.6778	23821	25297	23330	26370	46970	46024	47123	47405	55800	59023	58336	59046	91073	90066	1.0235e+05	89735
9.7139	23757	25007	23775	26510	47440	46021	47178	47410	55443	58021	58622	59213	90343	91762	1.0174e+05	89329
9.7500	23257	24836	23240	25916	47273	45858	46658	47188	55728	59002	58233	57909	90430	91319	1.0133e+05	89820
9.7861	23562	24759	22974	26306	46860	46637	47209	47057	56152	58215	58224	59354	91452	92045	1.0305e+05	90500
9.8222	24122	24821	23386	25953	46907	45870	46632	47518	55777	58421	58466	58765	91247	91511	1.0287e+05	89933
9.8583	23493	24867	23472	26505	46994	46617	47584	46834	55703	59104	58250	59105	90680	92267	1.0247e+05	89793
9.8944	23574	25425	23470	26438	47429	46121	47022	47373	55386	58611	58835	58951	90595	91232	1.0103e+05	90586
9.9306	23684	24996	23459	26551	47284	46403	47260	47900	55372	58824	58498	59184	91579	91435	1.0250e+05	89880
9.9667	24049	25084	23520	26686	47276	45488	46852	46965	55395	59364	59135	59492	90444	92686	1.0233e+05	91382
10.003	24066	25016	23516	26259	46449	45839	46948	47276	55940	59084	59232	58727	89840	92012	1.0163e+05	91081
10.039	23814	25088	23465	26485	46909	45881	46570	47311	55240	58539	58314	59363	91319	91668	1.0280e+05	90001
10.075	24151	25101	23826	26678	46763	45726	46886	46488	55484	58842	58809	59278	91163	91344	1.0162e+05	90411
10.111	24575	25374	23428	26606	47140	46896	46869	47378	55635	59277	58455	58912	91005	91808	1.0387e+05	90016
10.147	24552	25354	23562	26837	46907	46011	47188	47487	55549	58775	58972	58650	91957	92232	1.0251e+05	91949
10.183	24157	25498	23783	26701	47286	45710	46712	46493	55713	59142	58902	58868	90859	92047	1.0284e+05	90773
10.219	23961	25323	23471	26702	46802	45944	46266	47388	56070	58746	58897	59122	91392	92436	1.0348e+05	90590
10.256	23783	25600	23473	27194	46527	46816	46809	47571	55400	58690	57918	58975	90625	92410	1.0257e+05	90569
10.292	24364	25269	23914	27020	47480	45608	46957	47770	55894	58705	58731	58665	91804	91625	1.0247e+05	90717
10.328	23804	25566	23876	26701	47102	46086	46375	47204	55513	58995	58787	58708	91105	91728	1.0305e+05	90620
10.364	24796	25276	23806	27023	47030	46190	47273	47276	55332	58986	58972	58649	91602	92403	1.0353e+05	91363
10.400	24124	26039	24065	26601	46523	45803	46609	46818	55936	58796	58652	58984	91127	92079	1.0231e+05	90575
10.436	24435	25135	23841	26875	47133	46188	46406	47791	55612	58793	59404	58455	91964	93125	1.0272e+05	90648
10.472	24720	26419	24202	26923	46727	46535	46783	47350	55301	59753	58803	58847	91428	91699	1.0269e+05	91052
10.508	24643	26020	24208	27148	46976	46339	46221	46686	56024	58783	58974	58991	91518	92539	1.0239e+05	90753
10.544	24667	26382	24076	27042	46869	46465	46443	47380	56038	59309	58769	58946	90637	93567	1.0311e+05	90242
10.581	24533	25920	24297	27158	46960	46276	46131	47468	55199	58499	59420	58977	91118	92211	1.0202e+05	90564
10.617	24488	26100	24515	27240	46924	46513	46581	47827	54725	59349	58497	58526	91836	91440	1.0261e+05	90573
10.653	24624	26105	24040	27233	46721	46241	46545	46925	54977	58944	58448	58894	91013	91458	1.0225e+05	90451
10.689	24944	26410	23964	27657	46256	45962	46668	47102	55468	59232	59014	59131	91994	91501	1.0260e+05	89468
10.725	24354	26222	24438	27178	46425	45895	46601	47245	54656	58949	59144	59361	91793	91840	1.0396e+05	90281
10.761	24581	26074	24258	27671	46941	45913	46976	47540	55527	59152	59013	58908	91590	92637	1.0250e+05	90719
10.797	24646	26345	24157	27196	46840	46422	46571	47624	56440	59359	59638	59007	91672	92383	1.0222e+05	90046
10.833	24687	26282	24373	27301	47131	45816	46708	47123	55364	59960	59316	59328	92111	92064	1.0297e+05	89885
10.869	24901	26375	24282	27945	46704	45781	46475	47132	56059	58012	58635	58815	91043	91969	1.0310e+05	90613
10.906	24995	26761	24748	27729	46914	45795	46634	47387	55335	59237	59006	59045	91779	93148	1.0370e+05	90337
10.942	25148	26543	24311	27578	47271	46177	46263	47027	55920	59601	59038	58130	91949	92032	1.0198e+05	89411
10.978	24869	26848	24491	28024	46860	45797	45811	47602	56081	58619	59194	58455	91596	93437	1.0294e+05	90644
11.014	24861	26475	24664	27845	46923	46259	46683	47378	55895	59086	58865	58481	91733	92571	1.0295e+05	91232
11.050	24878	26575	24250	27892	46414	45840	46990	47064	55472	59903	58488	59122	91537	92496	1.0340e+05	90705
11.086	25095	26628	25093	27942	47639	45941	47242	47733	55121	58735	59336	59512	92333	92275	1.0357e+05	90347
11.122	25419	26804	24831	27752	46446	45742	46341	47162	55860	58940	59043	58837	92142	92295	1.0323e+05	91706
11.158	25512	27264	24549	28126	46874	45823	46567	46918	55465	58501	58971	58315	93051	92297	1.0390e+05	90878
11.194	25052	26655	24752	28230	46733	46247	46032	47287	55935	58482	59081	59162	92038	93142	1.0287e+05	90933
11.231	25031	27268	25236	28174	47341	45958	46482	47124	55800	59421	58929	59241	92218	93050	1.0397e+05	90988
11.267	25461	27298	24589	28226	46953	46167	46736	47344	55711	59089	59118	59218	92156	93513	1.0340e+05	89581
11.303	25212	26996	24901	28167	46853	45604	46715	47119	54568	59953	58322	58253	92435	93449	1.0364e+05	91540
11.339	25602	26962	24777	27948	46835	46073	46358	47012	55293	59008	59372	58119	92396	93603	1.0439e+05	91456
11.375	25453	26742	25451	27986	46229	45983	47004	47411	55486	58992	59233	58754	92702	92427	1.0477e+05	90163
11.411	25263	27060	25189	28363	47097	45456	46897	46886	55344	59481	58855	59839	91746	92625	1.0383e+05	91351
11.447	25542	26720	25130	27959	46825	46126	47233	47039	55212	59637	58739	59351	91507	93272	1.0362e+05	90164
11.483	25508	27405	24976	28392	47370	45873	46349	47314	55718	59508	59324	58731	92567	92406	1.0418e+05	91388
11.519	25450	27255	25488	28381	46106	46567	47372	46848	56382	59232	59551	58475	90724	94047	1.0422e+05	90516
11.556	25250	27045	24890	28362	46723	45797	46759	47526	55472	59787	58797	58201	91832	93871	1.0391e+05	90619
11.592	25840	27507	25036	28990	46939	45586	46957	47235	55595	58680	59092	59086	92308	92913	1.0399e+05	91147
11.628	26022	26904	25044	28756	47114	46240	47154	46954	55965	58697	59146	58812	92328	93133	1.0466e+05	91089
11.664	25917	27252	25497	28699	46997	45845	46684	46897	55703	59364	59401	58770	92325	93438	1.0465e+05	91453
11.700	25929	27350	25300	29189	46513	45521	46293	47218	54903	58449	59237	58773	92807	94213	1.0378e+05	90446
11.736	25932	27447	25791	28396	46910	46338	46836	47335	55480	58970	59239	58423	92488	93178	1.0400e+05	90710
11.772	26086	27526	25414	28366	46406	46118	46586	47391	55808	58795	59331	58614	92626	93072	1.0419e+05	91418
11.808	25867	27742	25666	28654	47024	45903	46117	47277	55816	58608	59500	58679	92046	93254	1.0432e+05	90428
11.844	25973	27601	25439	29110	47147	45645	45769	47167	56010	59382	59260	59446	92681	92790	1.0412e+05	90933
11.881	25805	27584	25207	29232	47270	45050	46155	46664	55647	59171	59595	58793	92306	92603	1.0379e+05	90608
11.917	26659	27983	25782	28968	47166	45930	46843	47095	55914	60100	59029	58779	92260	93408	1.0437e+05	90651
11.953	26094	28149	25795	28994	46853	45470	46390	46609	55484	59167	59245	58758	92289	93528	1.0406e+05	89404
11.989	25988	27917	26109	29098	47232	45672	46036	46688	55927	59186	59175	59579	92822	93070	1.0277e+05	90545
12.025	25991	28080	26084	29164	46716	45960	46629	47445	56522	59926	59716	58575	92250	93334	1.0459e+05	91432
12.061	26150	27535	25699	29328	46991	46373	46693	47106	55546	59193	59364	59202	93359	93170	1.0410e+05	91644
12.097	26858	27947	26206	29214	46381	45662	46374	46906	55359	59047	59384	59566	92644	93397	1.0430e+05	91416
12.133	26103	28307	25758	29843	47088	45600	46667	46781	55282	59511	58880	58124	93215	93954	1.0400e+05	90339
12.169	26286	27836	25773	29623	46847	46311	46798	46712	55453	59199	58925	59031	91724	92852	1.0420e+05	92042
12.206	26375	28153	25632	29329	47081	45641	46754	47319	55354	59266	58487	58818	92589	93156	1.0352e+05	90502
12.242	26370	28277	25855	29199	46663	45556	46554	47390	56098	59530	59344	59176	93782	93772	1.0460e+05	90824
12.278	26663	28411	26078	29220	47008	45935	46939	47267	55222	59085	58529	58970	92122	93115	1.0427e+05	91225
12.314	26055	27732	25937	29695	46781	45944	46718	48057	56066	59107	59106	59203	92694	93918	1.0454e+05	90852
12.350	27033	28367	26558	29372	46556	45885	46487	47345	56089	59056	59044	59686	92621	93499	1.0368e+05	90602
12.386	26559	28171	25817	29414	46738	45578	46253	47235	56013	59422	59112	59048	92555	94141	1.0395e+05	90037
12.422	26848	28119	26251	29539	46838	46226	46832	47158	55663	59185	59635	59106	92308	92834	1.0406e+05	91488
12.458	26333	28737	26011	29760	46809	45801	46508	46414	55679	59280	58792	58877	92573	93800	1.0349e+05	91958
12.494	26624	28725	25859	29740	46674	45896	46155	47841	55793	59021	58777	57996	92164	93238	1.0356e+05	90278
12.531	26585	28659	25948	30161	47350	46325	46409	46900	55852	59341	58971	59474	93123	93171	1.0438e+05	90484
12.567	26481	28430	26732	29561	46946	46394	46812	47224	54919	59213	59152	59264	92417	93366	1.0490e+05	91586
12.603	26445	28675	26581	29812	45971	45901	46830	47298	55536	59469	59723	59636	93006	93999	1.0452e+05	90482
12.639	26705	28682	25940	29869	46919	45245	47192	47124	56009	59530	59452	58996	92614	94287	1.0420e+05	90588
12.675	26857	28636	26287	29755	46554	46437	46262	46707	56147	59401	58626	58595	92931	93421	1.0378e+05	90471
12.711	26634	28874	26449	30110	46415	45853	46438	46795	57075	58810	59268	58796	92816	93510	1.0399e+05	91552
12.747	26679	28805	26264	30100	46847	45599	46731	47229	55464	59058	58106	59795	92513	94465	1.0381e+05	91622
12.783	27108	29360	26972	29709	46156	45436	46364	47514	55299	59534	59264	59358	93327	93562	1.0460e+05	90602
12.819	26789	29085	26444	30485	46657	45906	46162	47068	56044	59525	59660	59227	93342	95053	1.0517e+05	90893
12.856	27023	29228	26459	30267	46621	45572	46888	47110	55651	59626	59760	59319	92233	93839	1.0427e+05	90087
12.892	26860	29038	26451	29921	46345	45809	46627	47241	56130	59526	58263	59551	93304	94203	1.0479e+05	90410
12.928	27149	29335	26893	29898	47176	45767	46369	47225	55960	58850	59210	58506	93344	93846	1.0439e+05	90566
12.964	27014	28908	26578	30647	46589	45948	46487	47964	56180	59310	58686	59055	92772	94410	1.0459e+05	90697
13.000	27237	29305	26373	30048	46832	45862	47249	47553	55558	59213	59297	59386	93359	94804	1.0464e+05	91268
13.036	26890	29321	26659	30346	46728	46025	46390	47894	55798	59662	59323	59206	92845	93955	1.0464e+05	90469
13.072	26699	29056	26461	29804	47010	45389	46620	47594	55858	59161	59647	58632	93956	94275	1.0505e+05	90754
13.108	27555	29329	26516	30498	46465	46050	46735	47219	56061	59417	58749	59847	93048	93450	1.0351e+05	90822
13.144	27455	29508	26779	30698	46147	45684	46515	47041	55834	60180	59369	58239	93559	93978	1.0508e+05	90455
13.181	27310	29272	26653	30355	46237	45462	46521	47205	55582	58742	58727	59233	94103	93896	1.0527e+05	90857
13.217	27377	29243	26941	30714	46442	46082	46492	46864	55393	58758	59222	59116	93755	93686	1.0316e+05	91030
13.253	27343	29496	27035	30446	46116	45796	46977	47523	55437	59846	59668	58603	93183	93740	1.0476e+05	90908
13.289	27174	29717	27030	30768	46455	45778	46729	47617	55402	59692	59147	59113	93668	94739	1.0533e+05	91111
13.325	27514	29615	27199	30783	46406	45457	46671	47572	55939	59641	59527	60132	93680	95062	1.0494e+05	91639
13.361	27710	30137	26974	31191	46525	46464	47342	47707	56339	59851	59673	59248	94892	95468	1.0566e+05	92322
13.397	27782	29699	27641	30844	47052	46319	46814	47732	56643	60118	60387	60162	95473	94356	1.0548e+05	92605
13.433	28268	30175	27668	31223	47374	45969	46859	48363	56590	60301	59639	60460	94995	95509	1.0644e+05	92250
13.469	28668	30685	27860	32228	47767	46368	47610	49150	56992	61437	60786	59091	96106	96426	1.0629e+05	91959
13.506	28658	31123	28704	32454	47405	47441	49202	49234	58037	61436	61789	61223	95000	96651	1.0668e+05	93606
13.542	29102	31838	29457	33127	48675	48456	48060	49253	57644	62755	62299	61299	95951	97260	1.0826e+05	94141
13.578	29820	31622	29639	32865	49090	47889	49566	50018	58696	61831	61291	62105	97221	98019	1.0718e+05	93922
13.614	29922	32251	29280	32956	48887	48555	49523	50087	58895	62178	62415	62848	97822	98515	1.0721e+05	93373
13.650	29966	32329	30153	33573	49047	48570	49613	50772	58959	62143	62782	62801	98131	98110	1.0735e+05	94095
13.686	30515	33247	30415	33841	49204	49140	49997	50569	59245	62781	63890	63541	98603	97728	1.0729e+05	93769
13.722	31191	33123	30620	34077	50305	49024	50272	49890	59432	63420	63391	63573	98670	98051	1.0707e+05	94800
13.758	31033	33913	30839	34256	50604	49879	49519	50779	59532	63207	63643	64146	98822	98641	1.0819e+05	93518
13.794	30904	33501	30588	34117	50572	49501	50194	50934	59677	63875	63470	63315	98184	99046	1.0892e+05	94442
13.831	30719	33263	30622	34550	49415	49646	50299	50924	60272	63354	63129	63863	98319	1.0033e+05	1.0903e+05	93513
13.867	31021	34059	30626	34580	50154	49640	50338	51457	59936	64204	63462	63756	97174	99631	1.0758e+05	93158
13.903	31307	34212	30758	34618	50160	49600	50604	51111	59993	63865	63814	63119	96567	99827	1.0823e+05	94553
13.939	31499	33732	30550	34530	49946	49748	50691	51083	60067	64058	63311	63180	97029	98647	1.0720e+05	95353
13.975	31501	33635	30780	34951	50724	50277	50110	51553	59741	63929	63704	63023	96433	98965	1.0741e+05	94663
14.011	30858	33947	31034	34573	50407	48992	50427	51525	60016	64232	63987	62832	97255	97348	1.0596e+05	94689
14.047	30872	33337	31073	34638	50112	49994	50512	51387	60084	63703	62699	63656	96156	98129	1.0768e+05	94872
14.083	31351	32895	30981	34470	50287	49361	49956	51219	60116	63619	63050	63740	97426	98790	1.0747e+05	95212
14.119	31112	33560	30954	34289	50544	49348	50195	51332	60288	64293	63670	63820	96217	96759	1.0715e+05	95950
14.156	31387	33185	31033	34294	50278	49693	50588	50547	60530	64849	62263	63723	96081	97696	1.0734e+05	94916
14.192	31144	33445	31127	34508	50393	49302	49656	51023	59932	64037	64219	63687	95605	96852	1.0683e+05	95219
14.228	30889	33378	30820	34734	50258	49348	50508	50597	60097	63438	62893	63545	97115	98269	1.0815e+05	94938
14.264	31095	34047	31044	34890	50241	49220	50236	50914	60486	63410	63252	63578	96458	98094	1.0694e+05	94909
14.300	31361	33415	30773	34095	50045	49575	49748	50734	59851	63397	63613	64196	95950	97102	1.0695e+05	93576
14.336	30681	33566	30752	34830	49940	49127	49400	50641	60538	63866	63688	63429	96169	96562	1.0725e+05	94102
14.372	31027	33400	30872	34595	49672	49347	49477	50620	60075	63745	62975	63091	95438	97956	1.0701e+05	93897
14.408	31061	33110	30632	33699	48783	49817	50220	50125	59825	62558	62400	63620	95353	96892	1.0756e+05	94325
14.444	30928	33269	30722	34454	49274	49114	49968	50408	59902	63531	62977	63530	96510	97290	1.0768e+05	94285
14.481	31011	33060	30832	34768	49000	49659	50227	49801	59803	63182	63136	63237	95270	96559	1.0595e+05	94747
14.517	31057	33675	31059	34440	48033	48570	50482	50165	60276	63636	62877	63581	95408	96699	1.0705e+05	95180
14.553	31196	33609	30596	34637	48738	49005	50360	49988	60472	63650	62639	62911	95925	97223	1.0719e+05	93720
14.589	30867	33777	30804	34984	48155	49246	50504	49897	60592	63045	62283	62757	96870	96010	1.0754e+05	93002
14.625	30999	33485	30809	35099	48024	49200	50596	49552	59307	63574	62609	62612	94479	96439	1.0766e+05	94255
14.661	30628	33463	30527	34533	48318	48119	49798	49352	59762	63204	62118	63494	96303	96645	1.0716e+05	93937
14.697	30884	33204	30768	34627	48136	48808	49230	49493	59231	63384	62611	62790	95733	96039	1.0674e+05	93699
14.733	30982	33958	31084	34001	48102	49078	49588	49661	59988	63230	62777	63073	95859	97298	1.0696e+05	94315
14.769	30833	33765	30270	34675	48475	48510	49759	49790	60139	63278	63282	63015	95500	97415	1.0692e+05	93492
14.806	31322	33793	30996	34625	47458	49184	49712	49354	59474	62985	62428	62683	95841	97326	1.0582e+05	94288
14.842	30695	34133	31026	34243	47684	49051	49370	49342	59729	62901	62567	62902	95932	96848	1.0704e+05	93536
14.878	31107	34311	30729	34517	47889	48371	49056	49656	59894	63056	63044	63139	95796	96357	1.0760e+05	94711
14.914	31280	34005	30346	34204	47307	48851	49437	49383	60217	62446	62875	62934	94801	95812	1.0787e+05	93800
14.950	31207	33601	30153	34773	47835	48498	49698	49460	59281	62969	63167	62499	96323	96321	1.0649e+05	94407
14.986	30519	34005	30866	34643	47598	48835	49292	49667	59284	63281	62761	63530	95037	95897	1.0666e+05	94477
15.022	30844	34186	30718	34783	47995	48923	49007	49160	59773	62483	62110	62997	96134	96694	1.0640e+05	93588
15.058	31563	33717	30833	34752	47556	48243	49289	49543	59978	62982	62195	62716	95841	96290	1.0648e+05	93810
15.094	31197	34182	30711	34460	47430	48607	49596	49675	58999	62627	62388	62955	95838	96393	1.0691e+05	94452
15.131	30852	33975	30651	35126	47706	48074	49517	49030	59370	62124	62335	62083	96077	96151	1.0601e+05	93859
15.167	30993	33741	30549	34028	48402	48417	49535	49725	59350	62283	62240	61941	96425	96896	1.0694e+05	94277
15.203	31262	33586	30854	34355	47313	48873	49285	50459	59751	62485	62106	62388	96099	97647	1.0718e+05	93199
15.239	31524	34214	30675	35021	47616	48395	49274	49264	59438	62911	62777	62812	96290	96892	1.0778e+05	93827
15.275	31333	34086	30992	34859	47546	48672	49456	49255	59204	62763	62564	62185	94756	95229	1.0642e+05	92989
15.311	31018	33821	30834	34962	48289	48454	48771	48433	60212	62014	62478	61896	95282	96478	1.0728e+05	93373
15.347	30713	34436	30614	35036	47472	48671	49498	48467	60377	62945	62850	62043	95671	95378	1.0647e+05	95344
15.383	31091	34299	30845	34998	47321	47806	49679	49698	59493	62451	62101	62236	95025	96163	1.0603e+05	93976
15.419	31315	33295	30555	34977	47346	48734	48775	48227	59354	61829	62512	62300	95357	96069	1.0590e+05	93046
15.456	31099	34116	31429	34734	47609	48306	49314	49520	60209	62204	62166	62977	96772	96025	1.0707e+05	93600
15.492	31283	33670	30840	34882	47022	48169	49075	49744	59010	62693	62008	62460	96272	95465	1.0667e+05	93397
15.528	31278	34263	30632	34466	47378	48822	48722	48673	59868	62354	61904	62019	95552	95450	1.0608e+05	92519
15.564	31025	34093	30836	35367	47455	48038	48757	48538	58651	62562	62661	62531	96299	96350	1.0609e+05	93862
15.600	31644	34123	30496	35318	47572	48867	49205	48469	58880	62197	62436	62634	94928	96250	1.0572e+05	93517
15.636	31674	34518	30836	34775	46814	47996	49712	48994	59252	62553	62216	62938	95528	96522	1.0635e+05	93135
15.672	31376	34651	31160	34808	47681	48826	48965	49032	59326	62457	62285	62517	95729	96265	1.0599e+05	93730
15.708	31469	33883	31018	34806	47653	48472	49187	48943	59346	62920	61770	62048	95624	97128	1.0623e+05	93321
15.744	31094	33967	30550	35199	46948	48126	49080	49513	59389	62666	63104	62323	95150	97111	1.0706e+05	93846
15.781	31467	34786	31260	35639	47261	48357	49062	49331	59518	62934	61777	62243	94699	95742	1.0633e+05	94010
15.817	31628	33950	30950	35132	46717	48242	48508	49259	59342	62021	62193	62926	95945	96152	1.0650e+05	93534
15.853	30991	34653	31568	34852	47408	49130	48541	48567	58772	62509	62689	62371	95830	96232	1.0747e+05	92951
15.889	31376	34830	31091	35469	47955	47716	48502	48939	58566	62350	61090	62545	95872	96141	1.0616e+05	93789
15.925	31330	34171	31348	35013	47307	48307	47998	48968	59071	62373	61224	61413	96489	97271	1.0485e+05	94927
15.961	31058	34735	31074	35590	47093	48286	48165	48481	58433	62263	62233	62754	95218	95909	1.0719e+05	93486
15.997	31501	34727	30880	35338	47011	48065	48008	48520	59899	62067	62310	62318	94775	95475	1.0630e+05	93419
16.033	31448	34521	31104	35108	47067	48024	48502	49258	59636	61940	61627	62024	96434	96471	1.0583e+05	93359
16.069	31422	34452	30834	35222	47048	48255	48648	48601	59123	62657	62276	62003	95669	95763	1.0682e+05	93281
16.106	31396	34414	31043	35013	47211	47818	47958	48954	59098	62984	61790	62533	94848	96370	1.0627e+05	93356
16.142	31556	33962	31344	34917	47328	48474	47676	48341	58397	62004	62335	62070	94762	95746	1.0665e+05	93624
16.178	31640	34682	31046	35386	47357	48134	47820	48127	58844	61871	61932	61657	95581	96162	1.0617e+05	92793
16.214	32244	33932	31246	34915	47062	47543	47424	49247	59107	62568	62065	63061	95786	95913	1.0686e+05	93370
16.250	31457	34430	31241	34976	47221	48548	47681	48999	58563	62827	62415	61789	95407	96657	1.0554e+05	92402
16.286	32038	34804	31307	34948	47066	47468	47719	49138	59531	62262	62295	61699	95808	95139	1.0626e+05	93238
16.322	31853	33993	31251	35152	47435	47897	47572	48934	58825	61377	62099	62695	94783	95834	1.0618e+05	94197
16.358	31652	34672	31462	35112	46405	47626	47282	49148	59643	62672	62595	62750	94554	96143	1.0622e+05	92773
16.394	32574	34769	31486	35361	47329	47463	48362	48711	58541	62043	61743	61635	95672	95523	1.0564e+05	91488
16.431	31846	34248	31201	35153	47101	47897	47574	49397	58155	61737	61810	61658	95123	95548	1.0600e+05	92124
16.467	32112	34859	31204	35099	46762	47751	47784	48979	58897	61471	62099	61187	95023	95593	1.0551e+05	92531
16.503	31493	34700	31023	35678	47343	48379	47330	48998	58953	62346	61738	62413	94014	95779	1.0644e+05	93973
16.539	31771	34414	31336	35597	46912	48538	47414	49381	58676	62011	61814	61589	94316	95539	1.0553e+05	92846
16.575	31502	34950	32300	35743	46921	47744	47343	49244	58894	61233	62421	61806	95210	97040	1.0607e+05	93036
16.611	31892	35215	31432	35453	46866	48020	47709	48292	58798	61820	61413	61464	94754	95285	1.0524e+05	93622
16.647	31691	34496	31154	35732	47010	47933	48661	48418	59205	61863	61446	61882	94976	94974	1.0632e+05	92577
16.683	32140	35201	31403	35585	46966	47395	47896	48854	58763	62159	61184	62075	95493	96543	1.0576e+05	93214
16.719	32077	34612	30973	35606	46664	47650	46928	49306	58849	61586	62499	62243	94035	95997	1.0605e+05	92837
16.756	31709	34978	31696	35916	46536	47481	47682	48976	58023	62296	62115	61751	95484	96454	1.0672e+05	92488
16.792	32281	34860	31940	36328	47013	46713	47484	48291	59061	61795	62046	61708	95176	95876	1.0575e+05	92371
16.828	32019	35256	31519	35414	46941	47376	47633	48800	58766	61686	61989	62879	95137	95323	1.0498e+05	92881
16.864	31992	35194	31947	35355	46352	46876	47299	48623	58991	62692	61294	62606	94304	96657	1.0712e+05	93628
16.900	32447	35175	31648	35993	46815	47354	47488	48195	58431	62891	61875	61644	95858	95934	1.0623e+05	92832
16.936	32422	35387	32039	35706	46539	47421	47626	48411	58484	62137	61406	62570	95792	96981	1.0592e+05	93198
16.972	32254	34978	31630	35877	46973	46597	47830	48933	58568	62319	62184	62106	94782	95663	1.0640e+05	93591
17.008	32319	35763	31826	36135	46920	47139	48061	48822	58549	62239	61755	62482	95105	96123	1.0597e+05	93568
17.044	32726	35210	31997	35770	46732	47879	47651	48428	59461	61816	61881	62512	95399	96441	1.0654e+05	93559
17.081	33054	35488	31830	36096	47365	47104	47875	48480	58463	62652	62080	61807	93981	96330	1.0536e+05	93460
17.117	32387	35665	32352	35643	47480	46464	47782	49187	58795	62440	61825	62142	95782	96018	1.0602e+05	93086
17.153	32584	35616	31544	35626	46496	46744	48020	48750	58638	62674	61756	61368	94048	95642	1.0615e+05	93018
17.189	33065	35379	32003	36122	46495	46757	47452	48412	58521	62298	61996	62055	95646	96668	1.0553e+05	92423
17.225	33195	35192	31868	36281	47343	47206	47524	48433	59223	62549	61668	61943	95239	96150	1.0613e+05	92841
17.261	32798	35329	32162	36073	46606	46723	47088	48786	59158	62388	61022	62122	95232	95323	1.0588e+05	93607
17.297	32945	36186	31556	36027	47193	46996	48384	48460	59683	62308	61588	62003	95190	97373	1.0729e+05	93763
17.333	32992	36185	32631	35493	46817	47184	47140	48512	58486	62375	61986	62015	94785	96710	1.0561e+05	92942
17.369	32966	35443	32253	36672	47171	46975	47838	48606	59143	62226	62331	61755	96127	96709	1.0691e+05	92934
17.406	33134	35658	31609	35891	46739	47298	47733	47478	59050	62851	61937	61873	96410	96133	1.0617e+05	92862
17.442	32786	36135	32127	36914	47230	46782	47622	48391	59300	61671	61859	62259	94951	96324	1.0655e+05	92191
17.478	33163	35759	32715	36494	46249	46670	47570	48914	59033	63416	62356	62031	96143	96457	1.0630e+05	93693
17.514	32945	36034	32075	36111	47265	46165	47148	48864	58968	62275	61541	61080	95777	96726	1.0634e+05	93366
17.550	32772	35737	32663	36631	47111	47128	48073	48413	58911	61672	63135	62038	95429	98198	1.0482e+05	93852
17.586	32658	35500	32948	35780	46539	46180	47300	48980	59049	61975	62538	62370	95249	96129	1.0659e+05	92329
17.622	33020	35919	32470	36486	47195	46758	47404	48814	59424	62621	62163	62590	96102	96401	1.0551e+05	93092
17.658	33471	36119	32650	36392	47076	47104	47813	48308	59509	61840	61919	62198	96716	96825	1.0724e+05	92795
17.694	33356	36082	32354	36914	46572	46617	47611	48635	59585	62123	62397	62059	95696	96124	1.0559e+05	93262
17.731	32791	35898	32526	36858	47258	46885	47158	48619	59173	62306	62481	62327	96026	96463	1.0660e+05	93010
17.767	33212	35986	32490	37023	46774	47485	47792	49001	58792	62530	62046	61697	95794	95842	1.0697e+05	92531
17.803	33621	35907	33198	36470	46732	47134	47604	49056	59117	62931	62782	62740	95917	97025	1.0652e+05	93956
17.839	32956	35945	33057	37051	47154	46815	47960	48910	58534	63227	61961	62999	95271	97145	1.0539e+05	93047
17.875	33277	36226	32613	36934	46485	46604	47310	49005	58485	62951	62108	62446	96148	96442	1.0677e+05	93669
17.911	33356	36107	32662	36905	46960	46510	48088	48865	58775	62980	63221	62365	95145	97054	1.0565e+05	92827
17.947	33466	36634	32571	36724	46902	47336	47646	48529	58807	62430	61659	62968	95624	96391	1.0593e+05	93607
17.983	33449	36555	32524	37089	46841	46686	46701	48240	58955	62569	62572	62806	95198	96880	1.0633e+05	93779
18.019	33965	36426	33265	37386	46853	47723	47077	48905	59138	61749	62014	62248	95492	97130	1.0604e+05	92437
18.056	33489	36865	32381	37296	47240	46982	47456	49129	58929	62253	61906	63111	96056	97694	1.0642e+05	94038
18.092	32794	36905	32910	37025	46935	46742	47470	48395	59460	62236	62030	62848	96316	96860	1.0685e+05	93524
18.128	34253	36584	32722	36948	46336	47181	47156	48480	58795	62373	62547	63023	96211	96242	1.0707e+05	93344
18.164	33632	36673	33236	37270	46953	47272	47141	49037	58976	62511	61596	61658	96774	96772	1.0639e+05	93486
18.200	33900	36999	33072	37181	46828	47009	47614	48473	59427	62688	62331	62401	95396	97630	1.0661e+05	92987
18.236	33442	36715	33047	37449	47227	47377	47699	48754	58780	62482	62099	62472	95348	97038	1.0588e+05	94001
18.272	33767	36400	33501	36754	47298	46683	47696	48800	59169	62723	62590	62128	95476	96309	1.0716e+05	94833
18.308	33629	37113	33108	36906	46853	47057	47760	48684	58758	62811	62516	61992	96978	96678	1.0654e+05	94272
18.344	33811	36387	33513	37156	46941	46900	47596	49339	59102	62264	62336	62501	96701	96999	1.0726e+05	93840
18.381	33877	36652	33014	37271	47503	46338	47570	48903	58843	62553	61530	62372	95707	97322	1.0748e+05	93433
18.417	33607	36829	33210	37189	47071	47271	48025	48719	59245	62589	62211	62693	96042	97656	1.0638e+05	93234
18.453	33952	36696	33185	37189	46591	48002	47980	48222	58800	62443	62261	63123	95572	97908	1.0572e+05	93334
18.489	34316	37145	33371	37405	46688	47136	47453	48069	59062	62416	62039	62656	96318	96519	1.0712e+05	93837
18.525	34173	37185	33264	37197	47197	46580	47569	49041	59407	62621	61983	62261	95243	97336	1.0673e+05	93746
18.561	33644	36451	33269	37126	46921	46969	47861	48514	58729	61819	62222	62350	95908	97091	1.0667e+05	93287
18.597	34337	36841	33173	37027	46825	47349	47606	48396	59375	62566	62350	62003	96924	97511	1.0711e+05	94000
18.633	33834	37170	33114	37449	47267	46736	47187	49197	58838	62953	62124	63076	95528	96906	1.0678e+05	93639
18.669	33957	37462	33370	37610	47207	47480	47269	48790	59822	62434	61635	62434	95672	97178	1.0569e+05	94163
18.706	34600	36948	33739	38254	46677	46795	47789	48014	58310	62394	62831	62145	95043	97889	1.0632e+05	93693
18.742	33873	37140	33043	37435	47275	46424	47880	48639	59508	62701	61523	62539	95920	96295	1.0660e+05	92945
18.778	33911	37075	33359	37332	46772	47171	47578	49245	58886	62987	62005	62141	95862	96875	1.0577e+05	92766
18.814	33529	36805	33575	37646	47243	46712	47245	48154	59392	62317	62366	62467	96759	96813	1.0518e+05	93767
18.850	33914	37235	33799	37704	47209	47365	47475	49072	59345	62747	63436	62755	96531	96936	1.0603e+05	93682
18.886	34257	37449	34164	37610	47300	46954	47614	48952	59847	62885	62741	62580	96085	97441	1.0602e+05	93263
18.922	34407	37148	33766	37393	46423	46836	47357	48982	59062	62437	62284	61038	95576	97303	1.0672e+05	93701
18.958	34588	37168	33675	37393	46856	46056	48048	48880	59010	63295	62615	62196	95348	96114	1.0571e+05	93349
18.994	34167	37484	33823	38252	47094	46713	47373	48315	58869	62871	62653	62552	95349	97865	1.0623e+05	93708
19.031	34542	38127	33181	37873	47103	46742	48152	49571	59012	62215	61725	62985	96020	96576	1.0670e+05	93321
19.067	34510	37603	33823	37884	47087	47098	47429	49086	59230	62174	61965	62024	97528	96441	1.0589e+05	94450
19.103	34123	37203	34002	38179	46822	46770	48187	47800	59424	62522	62384	62247	96672	97498	1.0724e+05	94183
19.139	35067	37358	33922	38405	47107	46436	47550	49240	58909	62424	62485	63119	95817	96955	1.0691e+05	93326
19.175	34277	37022	33554	37505	46625	47142	47744	48340	59474	62434	62150	62045	95163	97137	1.0774e+05	92944
19.211	34622	37002	34089	37659	47565	46759	47993	49048	59450	62506	62346	62465	95636	96588	1.0535e+05	93730
19.247	34620	37604	34029	37395	47300	46396	48009	47984	59162	63105	62235	62524	96987	97239	1.0740e+05	93263
19.283	34541	37407	34073	38115	46923	47075	47442	49168	59243	63319	61991	62031	95621	97624	1.0629e+05	92585
19.319	34600	38414	34442	37761	47084	47224	47001	48876	60106	62373	61372	62510	96067	98537	1.0657e+05	93025
19.356	34458	37791	34170	38057	47419	47002	47645	48798	59284	62443	62112	62087	96533	97428	1.0677e+05	93116
19.392	35064	37495	34447	37773	47362	47371	47349	48697	58892	62591	62732	62690	95593	97632	1.0793e+05	93700
19.428	35136	37449	34227	38313	46798	46650	47598	48586	59154	62834	62407	62438	96810	96784	1.0613e+05	93395
19.464	34827	38108	34526	38627	46673	46781	47790	48778	59083	62299	62839	62463	96067	97179	1.0635e+05	92849
19.500	34333	38148	34222	38540	46792	46513	47889	48453	58052	62847	62697	62169	96522	97523	1.0737e+05	93719
19.536	35126	38214	34391	37900	46988	46634	47482	48455	59353	62502	61831	62995	95275	98513	1.0785e+05	93928
19.572	34455	37668	33848	37482	47048	46888	47717	49186	59755	62365	61120	62174	97129	97617	1.0630e+05	93325
19.608	34932	37872	34082	38501	46742	47168	47702	48754	59273	62520	62647	62612	95919	98078	1.0649e+05	93217
19.644	34715	38954	34910	38266	46989	47065	47299	49332	59847	62830	63248	62491	95053	96970	1.0727e+05	92808
19.681	35496	37749	34535	38446	46070	47058	47571	48482	59113	62790	62632	62393	95967	96830	1.0656e+05	92571
19.717	34904	37946	34902	38519	47154	46833	47573	48082	59246	62472	62163	62954	95620	97819	1.0632e+05	93277
19.753	35599	38108	34847	38589	46954	47364	47780	48749	58876	62399	62697	62188	96346	97480	1.0745e+05	93474
19.789	35256	38070	34260	38499	46840	46539	47738	48298	58694	62735	62937	62113	95800	97401	1.0679e+05	92934
19.825	35255	37794	34419	38222	47738	46850	47390	49126	58506	62263	62436	61952	96884	97595	1.0621e+05	94049
19.861	35177	38500	34699	38611	47036	47092	47852	48408	59051	63189	62326	62028	95524	97199	1.0685e+05	92726
19.897	35520	38412	34696	38691	47369	46835	47915	48193	59256	62742	62581	61972	97488	97570	1.0702e+05	93472
19.933	35027	38276	34649	38163	46849	46230	47376	48854	59368	62632	62570	62702	95821	98142	1.0759e+05	93626
19.969	35274	38488	35029	38145	47051	46763	47863	48337	58745	62459	62547	62422	96862	97922	1.0560e+05	93187
20.006	35605	38434	35132	38614	46787	46140	48098	48547	59620	62356	63186	62349	96356	97518	1.0656e+05	94337
20.042	35344	38853	34527	38448	46036	46318	47558	49121	59274	62329	62286	62748	95787	96317	1.0767e+05	93936
20.078	35139	37974	34781	38919	47123	46874	47583	49397	59380	61932	62151	62649	95782	97228	1.0605e+05	93846
20.114	35231	38195	34939	38949	46553	46808	48142	48711	59067	63098	61971	62249	96580	98615	1.0683e+05	94027
20.150	35174	38282	34978	38020	46765	46981	47449	48534	59411	62356	62249	62705	95849	98853	1.0717e+05	93250
20.186	35604	38029	35296	38383	46579	47352	47752	48421	58887	63613	62679	63103	95654	96426	1.0649e+05	94346
20.222	35403	38665	35008	38481	46955	46841	47352	48681	58585	62790	62364	62247	95785	97605	1.0633e+05	92530
20.258	36076	38575	35222	38749	47397	46827	47312	48779	59064	62665	62538	62821	95188	97944	1.0674e+05	94000
20.294	35550	38099	34962	38943	46661	46699	48047	48845	58600	62228	62959	62675	97615	97985	1.0616e+05	94165
20.331	35623	38586	35172	38297	46856	46567	48186	48185	58863	61737	62264	62595	97590	97670	1.0691e+05	93844
20.367	35996	38376	34683	39049	46861	46185	48160	48486	58470	62514	62798	62583	96971	97956	1.0733e+05	94008
20.403	35264	38337	35577	38215	47190	46355	47521	48647	59589	62512	61972	62430	96857	97887	1.0526e+05	94056
20.439	35525	38549	35790	38789	47103	46481	47682	48500	58662	62748	62145	62520	95931	97502	1.0746e+05	94337
20.475	35899	38706	35094	39311	47160	47319	46765	49028	58653	62756	62004	62901	95378	98783	1.0786e+05	93612
20.511	36055	38988	34969	39083	46291	47323	47853	48872	59329	62567	62128	63281	96573	98687	1.0607e+05	93005
20.547	36094	39241	35194	39011	46721	46565	47231	48723	58970	62437	62214	62574	97021	98244	1.0654e+05	93345
20.583	35976	39072	35320	38925	47021	46373	48026	48465	58733	63278	62793	63045	96659	98470	1.0672e+05	93959
20.619	36042	38815	34925	38599	46697	46470	47891	48591	59683	62717	63494	63097	96826	98427	1.0593e+05	93560
20.656	35759	39038	35465	39370	46895	46721	47386	49275	58629	63048	62105	62316	96749	97700	1.0726e+05	94333
20.692	35550	38906	36182	39087	46737	46022	47415	48680	58955	62763	62522	62349	96284	96740	1.0623e+05	94610
20.728	35998	39130	35279	38977	46983	47636	47274	48934	58083	61699	62665	62814	96458	98488	1.0650e+05	94298
20.764	36506	39020	35406	39074	47403	46534	48018	48784	59185	62608	61918	62809	96752	97813	1.0667e+05	93814
20.800	35947	38355	35381	39545	47260	46786	47373	48767	58883	63511	62060	62995	97084	98194	1.0622e+05	93204
20.836	36202	38963	35760	38851	47504	46649	47964	48639	60210	62547	62567	62567	96509	98078	1.0659e+05	92592
20.872	35980	39030	35497	38463	47332	46691	47892	48459	59615	62288	62151	62232	95523	97203	1.0641e+05	93757
20.908	36340	38402	35527	39394	46585	46650	47933	48363	58899	62602	62085	62512	95677	97072	1.0744e+05	94206
20.944	36313	39629	35313	38924	47317	46906	47671	48981	59372	62945	62573	62805	96371	98051	1.0658e+05	93610
20.981	36557	38748	35958	39161	46729	46991	47668	48506	59109	62434	62786	62396	96784	98107	1.0708e+05	94652
21.017	36054	38555	35585	39036	46629	47183	46163	48879	58805	62516	61800	62472	97041	98579	1.0707e+05	93045
21.053	35660	39052	35398	38974	47296	46726	47146	48530	59211	62815	62437	62757	96325	97507	1.0636e+05	93933
21.089	36358	39048	35087	39603	46996	47266	47925	48544	59033	62247	61878	63189	95988	98249	1.0664e+05	93952
21.125	36376	39608	35799	39409	47310	46800	47062	48155	59892	61768	62468	63081	96789	97962	1.0707e+05	94260
21.161	36107	39468	36110	39577	47242	47249	47568	48747	59465	63153	62364	63182	97009	97629	1.0694e+05	94455
21.197	36487	38843	36184	39218	47035	46846	47502	48704	59297	62393	62008	62483	96985	98091	1.0666e+05	93524
21.233	36641	39392	35966	39839	46398	46779	47573	48591	58464	63589	61921	62856	96394	98573	1.0733e+05	94467
21.269	36726	39635	36057	39008	46905	47100	47034	48307	59792	62292	62032	63351	96909	97842	1.0621e+05	93165
21.306	36703	39350	35490	39155	46696	47318	47748	48859	59778	62825	61577	63379	96721	98713	1.0744e+05	94002
21.342	36521	39665	35814	38881	47141	46280	47812	48289	58780	62294	62421	62322	97364	98295	1.0562e+05	93702
21.378	36470	39281	36219	38957	46964	46924	46954	48336	59457	62927	62700	62208	96712	97914	1.0804e+05	93433
21.414	37170	39176	35518	39313	46650	47203	47399	48927	59216	62841	62000	63274	96228	97279	1.0709e+05	92910
21.450	36463	39099	35374	39443	47112	46695	47033	48542	58279	62835	62066	62423	97026	97582	1.0704e+05	94474
21.486	36392	39268	35800	40092	47032	46428	47373	48503	59328	63805	62395	63047	96444	98007	1.0763e+05	93949
21.522	36857	39928	36481	39490	47306	46843	47749	48239	59292	63462	62848	62947	96780	98639	1.0753e+05	93784
21.558	36835	38980	35842	39814	47013	46609	47217	48680	59760	63331	61798	63318	96995	97797	1.0657e+05	92761
21.594	37535	38844	36017	39374	46837	46297	47538	48800	59226	63183	62378	61947	96601	99715	1.0696e+05	93659
21.631	36654	40003	35793	39243	46503	46856	47890	48921	58705	62438	62868	63700	96386	98116	1.0724e+05	94790
21.667	36458	39111	36132	39580	46862	46991	47922	48372	59417	62664	62487	63062	96164	98301	1.0721e+05	93964
21.703	37199	38932	36593	39373	47441	46344	47333	48739	59350	63113	62732	63130	97530	98020	1.0647e+05	93742
21.739	36830	39461	36406	39629	46961	46606	47572	48002	58544	62422	61874	62989	96040	98846	1.0726e+05	92818
21.775	37464	38876	36238	39734	46465	46386	47279	48517	59322	62628	62506	63285	97621	99374	1.0742e+05	93474
21.811	37054	39292	35702	39628	46993	47141	47524	48002	59301	63339	62756	61951	95999	97865	1.0732e+05	93035
21.847	36790	39859	36681	39916	47518	46979	48028	49141	59518	63012	62200	62903	95871	98509	1.0591e+05	93239
21.883	37189	39366	36553	40410	46852	46818	47688	48610	59646	62509	62618	62622	96343	97429	1.0693e+05	93540
21.919	36917	40204	37003	39803	46932	47024	47726	48606	60158	62402	62759	62569	95975	97737	1.0782e+05	93563
21.956	37377	39629	36621	39784	47200	47230	47406	48535	59710	62991	62414	63043	96725	98105	1.0637e+05	93571
21.992	37100	39473	37119	39559	46676	46076	47383	48651	58247	62729	62618	62834	97421	98176	1.0725e+05	93293
22.028	37060	39623	36857	40264	46193	46551	47211	48708	59362	62339	62844	63049	96724	98738	1.0703e+05	94692
22.064	38072	39591	36338	39722	47027	47548	47905	48747	59175	63650	62272	62718	96398	98611	1.0752e+05	93333
22.100	36955	39880	37350	39720	46362	46793	47589	48319	59292	63146	62882	63018	96621	97548	1.0622e+05	94184
22.136	37410	39594	36671	40046	46457	46902	47027	48074	59581	63597	62131	63448	97784	98117	1.0741e+05	94636
22.172	37388	39815	36289	39927	46584	46757	48217	48565	59036	62655	62651	62899	97215	97185	1.0707e+05	93673
22.208	37268	39599	36615	40227	46871	47131	47417	48304	59775	63042	62752	62967	97091	97896	1.0732e+05	93961
22.244	37687	40109	36840	40078	46726	46124	47825	49318	59416	62030	63316	62519	97017	97597	1.0675e+05	94414
22.281	37665	39462	37039	39488	46336	46582	47420	48177	58841	62341	62856	62583	96838	98030	1.0748e+05	93123
22.317	37462	39942	36627	40268	47033	47215	47385	48428	58762	63052	63231	62303	96716	98441	1.0648e+05	93535
22.353	37560	40104	36492	40408	46972	46468	47849	48312	59116	63165	62957	63023	95931	97994	1.0701e+05	93594
22.389	37888	40463	37108	40199	46571	46340	47762	48292	60015	63176	63195	63913	96850	98219	1.0789e+05	93252
22.425	37238	40494	36920	39786	46888	46611	47572	48430	59501	63174	62806	62689	96424	97746	1.0720e+05	93634
22.461	38103	39847	37254	40761	46596	46984	47183	48246	58874	62826	62579	63314	96027	97685	1.0688e+05	93494
22.497	37353	40111	36931	40436	46405	46879	47839	48620	58725	62623	62874	62508	98327	98758	1.0787e+05	93598
22.533	37816	39748	37009	40075	47092	46831	46992	48715	59384	62348	61873	63237	96775	99745	1.0678e+05	93629
22.569	37441	40748	37315	40150	47072	46121	47674	48461	58804	62970	62860	62804	96451	98673	1.0695e+05	93651
22.606	38496	39387	36960	40831	46745	46579	46839	48323	59602	62613	62544	62995	96855	98069	1.0701e+05	93350
22.642	37795	40563	37776	39924	46950	47187	47199	48998	58831	62514	62172	63094	96037	98433	1.0667e+05	93938
22.678	37901	40099	36774	40136	46201	46495	47835	48729	58829	62937	62236	61917	95467	98930	1.0743e+05	94400
22.714	38224	39784	36777	40452	46297	46780	47380	48616	59462	62777	62510	62588	97904	97702	1.0783e+05	93849
22.750	37736	40229	37240	40676	46926	46323	47389	48692	58989	62324	62336	62420	96335	98468	1.0761e+05	94582
22.786	38145	40138	36944	40602	47058	47462	47512	48358	59354	63418	62280	62556	96588	98698	1.0685e+05	93748
22.822	37728	40871	37491	40909	46335	46722	47399	48986	59378	63811	63142	63336	96872	97758	1.0806e+05	93271
22.858	37791	40666	37438	40659	46995	46496	47164	48605	59316	63293	62399	62562	96694	98272	1.0788e+05	93434
22.894	38110	40559	37450	40745	46568	46828	47460	48810	58737	63904	62291	62228	96530	98599	1.0772e+05	93675
22.931	38014	40289	37869	40898	47111	46256	46965	48961	59724	62558	62276	62923	96499	99021	1.0737e+05	94491
22.967	38240	40345	37418	40108	46538	46575	47141	47977	59496	62864	62071	62746	96872	98454	1.0745e+05	92660
23.003	37852	39709	36781	40230	46485	46789	47467	48475	58400	63281	62810	63686	96455	98822	1.0740e+05	94123
23.039	37490	40485	37947	41174	47043	46747	47454	48585	60159	63425	62066	63372	96530	98302	1.0664e+05	93748
23.075	38435	40449	37332	40142	46619	46544	47810	49051	59367	62928	61767	62497	97914	99357	1.0677e+05	93983
23.111	37757	40197	37651	41075	46424	46668	47374	48877	60149	62855	62508	62698	97613	97852	1.0626e+05	95076
23.147	37912	40211	36953	40507	46725	46239	47304	48374	59252	63289	62520	63049	95665	98743	1.0742e+05	93993
23.183	37674	40377	38059	41141	47194	46148	47409	47956	59638	61834	62209	62783	97463	98185	1.0687e+05	94130
23.219	37816	40772	38417	40316	47097	46759	46913	47809	59735	62520	62242	62688	96924	98858	1.0793e+05	94054
23.256	38597	41006	37275	40629	46610	46994	47594	47619	59167	63255	61913	62617	96887	98106	1.0716e+05	93214
23.292	38402	40776	37708	40594	46640	46285	47341	47961	59544	62582	62791	62636	96538	97896	1.0674e+05	94149
23.328	38052	39794	37345	41312	46903	46346	46959	47919	59458	63465	62562	62745	96766	99236	1.0768e+05	92972
23.364	38567	40441	37512	40632	46544	46529	47129	48843	58664	63331	63052	61790	97393	99529	1.0774e+05	94048
23.400	38284	40711	38278	40035	47055	46704	47642	48655	60175	62968	61800	62794	96666	98973	1.0767e+05	93348
23.436	38281	40515	37934	40254	46624	46688	48267	49294	59426	64102	61948	62896	97463	98664	1.0788e+05	94144
23.472	38665	40021	38257	40813	47523	46014	47290	48419	58648	62831	62302	62312	97342	98333	1.0760e+05	93628
23.508	38032	40638	37839	40700	47079	45273	46524	47635	59672	62656	62604	62370	97011	99292	1.0741e+05	93886
23.544	38270	41395	37750	41341	47204	46194	47399	48153	59274	63225	62631	62910	97680	98556	1.0738e+05	94183
23.581	38308	40617	37854	41241	47063	46632	47644	48715	59142	63362	62787	63622	96369	97887	1.0700e+05	93816
23.617	38198	41269	38248	41040	46878	46458	47111	48983	60152	62553	62991	62107	97797	98168	1.0817e+05	93732
23.653	38397	40989	38251	41022	47540	46416	47954	48112	59698	62401	62436	62630	97016	98231	1.0716e+05	94048
23.689	38842	40954	38267	41506	46971	46572	47738	48118	59038	61907	62516	62648	96811	99197	1.0694e+05	92900
23.725	38266	40281	37993	40771	46452	46690	47482	47552	59396	62320	61942	62359	97373	98011	1.0782e+05	93536
23.761	38984	41234	37651	40914	47142	46722	47593	48436	59368	62734	62190	62452	97175	99295	1.0618e+05	93796
23.797	39023	40983	37776	41137	46577	46724	47369	48189	59883	63392	62456	63360	97359	99009	1.0596e+05	93804
23.833	39348	41218	37590	41372	46685	46993	47601	48553	59651	62844	62486	62555	96381	98602	1.0695e+05	93761
23.869	39046	41055	38079	41569	46798	46410	47235	48606	58301	63152	62559	61939	96593	99072	1.0674e+05	93201
23.906	38896	41204	38750	40972	46788	46134	47685	47822	59056	62587	62292	62796	97627	99066	1.0685e+05	93956
23.942	38439	41009	37793	41103	47247	46372	46633	48498	59415	62139	62762	62344	97570	98793	1.0807e+05	93852
23.978	38485	41040	38151	41201	47236	46244	47672	48878	59635	62792	62463	62144	97521	99287	1.0798e+05	93248
24.014	38970	41224	38413	41350	46319	46636	47549	48222	59664	63103	62443	62761	97151	97776	1.0796e+05	93199
24.050	39115	40850	38283	41382	46759	47323	47587	48745	59112	62909	62458	63111	97379	99408	1.0700e+05	93240
24.086	39018	41392	37985	41627	46610	46447	47576	48264	59413	62800	62632	63429	96458	98751	1.0611e+05	93615
24.122	39225	40645	37981	41433	46872	46461	47313	48170	59923	63497	62588	62506	97027	99165	1.0757e+05	93842
24.158	39168	41544	38101	41406	47114	46426	47537	48012	58703	63411	63439	62414	97706	98852	1.0714e+05	94020
24.194	38970	41306	37659	41631	46360	45877	47468	47890	58771	62917	63176	62202	97846	99029	1.0741e+05	94250
24.231	39109	41193	37987	40980	46983	46227	47299	48896	58305	62355	62284	62006	97965	97610	1.0705e+05	93386
24.267	39039	41847	38305	40830	47357	46394	47613	48219	59171	62921	62463	63685	96989	98600	1.0805e+05	94597
24.303	38756	41617	38937	41497	46936	46767	47177	48014	59123	63389	62799	63644	97662	98735	1.0665e+05	93944
24.339	39464	41975	37891	41146	46668	46529	47546	47980	59838	62898	63108	62618	97480	99197	1.0764e+05	94812
24.375	39315	41310	38612	41626	47124	46492	47082	48514	59237	62729	62206	62978	97251	98236	1.0728e+05	94113
24.411	38991	41786	38364	41462	47234	46261	46839	48456	59224	63026	61889	62858	96624	99535	1.0775e+05	93769
24.447	39326	41494	38529	41374	47274	47001	47052	48346	59431	63109	63649	62552	97713	99087	1.0770e+05	94357
24.483	39754	40869	38266	42216	46129	46358	47435	48215	59326	63084	63122	62679	97032	99026	1.0730e+05	93613
24.519	39019	41434	38650	41840	47841	47351	47177	47960	59647	62999	63078	62601	97443	99893	1.0792e+05	93921
24.556	39015	41953	38468	41859	47571	47361	47074	48621	59083	62957	62257	62839	97535	99280	1.0920e+05	94573
24.592	39115	41427	38293	41359	47147	47081	47553	48265	59365	62507	62369	62873	97650	99439	1.0713e+05	93295
24.628	39592	41000	38548	41454	47156	46975	46397	47592	59185	62976	62022	62035	97257	99214	1.0851e+05	94981
24.664	39354	41701	38218	41791	47040	46297	48169	48541	59395	62635	62881	63464	97475	98247	1.0713e+05	94356
24.700	40084	41668	38825	41091	47144	46003	47251	47950	60187	63222	62647	62652	98014	99349	1.0673e+05	93496
24.736	39928	41908	38596	40811	46513	46226	47003	48080	58926	63410	62934	62705	97843	99105	1.0765e+05	94068
24.772	39466	41321	38912	42116	46968	46861	47313	48292	59245	63509	63146	62715	97922	99434	1.0808e+05	95024
24.808	39666	41384	38285	42315	46394	46979	47607	47721	59412	63428	62940	63484	98232	1.0011e+05	1.0712e+05	93011
24.844	40587	41575	38494	41942	46659	46776	47255	48813	60102	63127	62496	63125	97749	1.0043e+05	1.0811e+05	94120
24.881	39796	41663	38827	41949	46921	47113	47153	47976	60195	62909	62144	62656	98008	98451	1.0766e+05	94352
24.917	40045	41566	38913	41226	46980	46123	47891	48624	58648	62882	62954	62375	98063	98677	1.0825e+05	93969
24.953	39277	41718	39227	42445	46446	46382	47226	48052	59581	62809	61990	62413	98045	99280	1.0835e+05	94282
24.989	39929	42377	38613	41151	46899	46498	47434	47842	59062	62765	62439	61370	98361	99068	1.0626e+05	93774
25.025	39886	41918	38634	42011	46655	46611	46793	48539	60045	62486	62483	62823	98061	98574	1.0712e+05	94655
25.061	39204	41784	38694	42098	46652	46152	46675	48359	59800	63314	62274	62969	98664	99064	1.0762e+05	94271
25.097	39711	41606	38613	41509	47298	46641	47154	48116	59301	62700	62973	62677	96711	99025	1.0749e+05	94297
25.133	40260	41364	39341	41357	47225	46472	47473	48233	58930	63120	62648	62630	97749	99372	1.0714e+05	94585
25.169	40220	42047	38830	41455	46678	46700	47119	48466	59433	62887	61906	63431	98108	98490	1.0831e+05	93273
25.206	39592	41446	38848	41186	46682	45861	47054	48541	59081	63420	62487	63460	97352	99902	1.0750e+05	93819
25.242	39877	42097	39026	42223	47466	46806	47190	48318	59986	63489	62566	63799	96800	99696	1.0651e+05	94088
25.278	40285	42019	39274	42213	46594	46694	48154	48184	60263	61941	62892	62853	98089	99865	1.0764e+05	94258
25.314	39971	42080	38911	42252	46741	46467	47145	48471	59115	63046	62704	62610	97183	98946	1.0772e+05	94619
25.350	39796	42438	38929	42261	46685	46296	47063	48851	58654	62292	62940	62361	98227	99362	1.0852e+05	94521
25.386	39982	42413	39527	42491	47031	46228	47462	48200	59977	63821	62397	62440	97442	99165	1.0701e+05	94540
25.422	39991	42134	38772	41943	46661	46523	47015	48249	59961	62916	62354	62698	98041	99142	1.0820e+05	93837
25.458	40360	41755	39361	41844	47426	46297	47715	48378	59660	62537	63261	63090	97326	98641	1.0838e+05	93246
25.494	40223	41679	39156	41744	47061	46308	46618	48296	58991	63632	63239	62454	96596	99163	1.0801e+05	94570
25.531	39962	42220	39111	41759	46804	47192	47733	49052	60097	62897	62544	62666	98527	1.0021e+05	1.0748e+05	94074
25.567	40270	41563	39369	41999	47008	46971	47527	48499	59426	63232	62432	63288	97793	99124	1.0816e+05	93732
25.603	40499	41955	39009	42322	46742	46822	47526	48543	60040	63173	62886	62798	98031	98887	1.0810e+05	92918
25.639	40477	43120	39247	41552	46618	46359	47258	48085	60051	63164	63237	62269	98597	99903	1.0750e+05	93831
25.675	40141	41758	39540	42378	46816	46469	47108	48287	59764	64107	62591	63054	96522	98462	1.0724e+05	93814
25.711	40489	42136	39533	42345	46884	46549	47635	48621	60454	62405	62487	63120	98326	99833	1.0841e+05	94434
25.747	40314	42391	39497	42389	46740	47052	47477	48263	59778	63109	62258	63289	98512	99500	1.0778e+05	94374
25.783	40650	42378	39379	42497	46865	46375	47424	48222	59627	63207	62933	62772	99076	99460	1.0657e+05	93641
25.819	40412	42222	39987	42799	46685	46697	47863	48098	59526	63702	62333	62614	97127	1.0017e+05	1.0781e+05	94268
25.856	40429	42214	39502	42946	46166	46184	47694	48228	59213	62743	63695	63072	97655	98600	1.0808e+05	94455
25.892	40726	42120	39172	41829	46890	47231	46968	47935	59533	63479	63138	63027	98124	99700	1.0763e+05	94378
25.928	41127	41936	39522	41632	47026	46905	47502	48209	59121	63712	63243	63142	98349	99639	1.0784e+05	94525
25.964	41292	42333	39057	42169	46784	46713	47276	47694	58183	63533	62226	63538	98154	98716	1.0765e+05	94562
26.000	40605	42309	39085	42854	46475	46166	46661	48057	59504	63053	63106	62443	97926	99455	1.0707e+05	93541
26.036	40310	42152	38937	42207	46562	46609	47469	47557	59905	63643	63070	62360	98424	98659	1.0696e+05	94771
26.072	40792	42551	39805	42291	46880	46894	48228	48460	59485	63595	63153	62715	98950	99634	1.0664e+05	94544
26.108	40993	42437	39168	42156	46882	46334	47117	48066	59722	62604	61972	63205	97994	99274	1.0692e+05	94550
26.144	40872	42082	39469	43155	46838	45756	47244	48177	60505	63678	63301	62737	97639	1.0021e+05	1.0688e+05	94506
26.181	40675	42176	39070	42614	46442	46271	48001	48366	59533	62690	63108	62755	97929	99155	1.0838e+05	93689
26.217	40544	42519	40210	42276	46895	45953	47056	48586	60383	63315	62861	62981	98149	99437	1.0811e+05	93869
26.253	40950	42670	39834	42418	47053	46438	47662	49185	59788	63100	61842	62254	97695	99366	1.0715e+05	94357
26.289	41151	42425	39456	42399	46782	46794	47494	49003	60078	62731	63485	62455	98279	1.0040e+05	1.0818e+05	93405
26.325	41004	42470	39539	42411	46465	45842	47505	48302	60330	63421	62593	63120	97389	1.0022e+05	1.0841e+05	93644
26.361	41123	42340	39490	42074	46747	46341	46730	48900	59078	63627	63188	64044	98569	99196	1.0716e+05	94221
26.397	40817	42786	39349	42194	47033	46601	47623	48000	59041	62727	61814	63142	97808	99556	1.0695e+05	92574
26.433	40868	42861	40312	42829	47150	46153	46998	47762	59450	63163	63118	63169	97918	99421	1.0733e+05	93698
26.469	40993	42662	40265	41953	46642	46318	47972	48068	59205	63213	62885	63071	97442	98845	1.0760e+05	94366
26.506	41076	42457	39662	43223	46413	46561	47555	48281	59142	63567	62564	62891	97313	99070	1.0836e+05	94433
26.542	41170	42448	39609	42070	47100	46877	47431	48132	59042	63538	62858	62806	97064	98967	1.0735e+05	94315
26.578	40806	42515	40197	42585	46057	46760	46781	48670	59326	63242	62704	63444	98720	98844	1.0748e+05	93737
26.614	41421	42616	39891	42692	46332	46519	47168	48339	59536	62469	62197	62799	98186	99358	1.0763e+05	94488
26.650	41020	42500	39814	42558	46240	46452	46416	48393	59680	63655	62903	62643	99445	1.0004e+05	1.0740e+05	93993
26.686	41480	42003	40174	42746	47121	46826	47230	48979	59239	63766	62734	62951	98351	98955	1.0814e+05	93976
26.722	41181	42290	39693	42767	46677	46652	47106	48335	59992	62352	62565	63358	98800	99394	1.0719e+05	94122
26.758	41364	42996	39879	42842	46517	46808	47341	48149	59421	63345	63459	62726	97481	98902	1.0701e+05	94552
26.794	41417	42420	40123	41877	46608	46644	47237	48201	59348	62995	62677	62633	97644	98930	1.0711e+05	94338
26.831	41677	42539	40175	42511	46751	47557	47250	48437	59625	63005	62659	63457	98190	99518	1.0785e+05	94266
26.867	41381	42959	40382	42873	46947	46334	47603	48545	59406	62916	62195	63425	98697	99910	1.0833e+05	94420
26.903	41399	42190	40030	42765	46170	46848	47779	48451	59479	62544	63730	63112	98477	1.0020e+05	1.0792e+05	95480
26.939	41298	43006	40355	42456	46789	46252	47739	48444	59053	63533	63257	63691	98438	99663	1.0709e+05	94119
26.975	41491	42526	40183	43234	47223	46850	47088	48505	59726	62874	63161	62900	97578	1.0027e+05	1.0782e+05	94349
27.011	41157	42358	39778	42563	46614	46952	47232	48294	59812	63638	62796	62822	97503	99362	1.0695e+05	94530
27.047	41257	42714	39725	42646	46542	46472	47577	48473	59795	63721	63662	63364	97746	99248	1.0716e+05	93986
27.083	41480	42252	40516	42634	46876	46602	47506	48637	59322	63011	63060	63654	97758	1.0039e+05	1.0741e+05	93304
27.119	41758	43399	40249	42950	47241	46429	47419	49349	59914	63517	62763	62872	97850	99485	1.0770e+05	94427
27.156	41347	43184	40225	41915	45622	46508	47892	47771	59348	63084	62871	62996	97875	99416	1.0671e+05	94263
27.192	41473	43039	40294	42691	46377	46158	47831	48627	60188	63146	62715	63418	97134	99805	1.0867e+05	94410
27.228	41579	43073	40053	42100	47037	45595	47029	48008	59864	63459	63076	63709	98296	99099	1.0794e+05	94301
27.264	41408	43030	40266	42560	47221	46109	47082	48408	59190	63610	63329	63023	98229	99392	1.0803e+05	93449
27.300	42059	42673	40075	43098	46722	46300	46514	48567	59807	63572	62535	63151	98462	99176	1.0723e+05	93821
27.336	41810	42801	40217	42198	46335	46847	47444	48617	59619	63560	62399	62876	98629	99476	1.0718e+05	93765
27.372	41433	42756	40507	42630	46991	46473	47211	47594	60325	62439	62857	63351	98983	99475	1.0790e+05	94744
27.408	41002	42928	40494	42973	46994	46391	47830	48255	59924	63287	62845	63017	97872	98559	1.0840e+05	93869
27.444	41862	43449	39853	42386	46965	46456	46893	48107	60151	62427	63699	63220	99265	1.0008e+05	1.0758e+05	94132
27.481	41857	42862	40786	42902	46246	46756	46839	48250	60487	63612	62446	63237	98669	99221	1.0749e+05	93707
27.517	41935	42861	40653	43120	46057	46046	47606	48520	59933	62929	62878	63247	98942	98568	1.0711e+05	93826
27.553	41751	43569	40815	43042	47307	46684	47202	47639	60368	63566	62446	62997	98466	98195	1.0712e+05	93488
27.589	42023	43186	40820	42885	46031	46339	47051	48208	60259	62697	63009	63625	98639	99541	1.0720e+05	94380
27.625	42183	43042	40746	42433	46395	46945	46845	48566	59892	62742	63160	62824	98416	1.0009e+05	1.0850e+05	93932
27.661	42303	43010	40936	43022	46551	46160	46822	48357	60617	63418	62844	63131	97819	99678	1.0767e+05	94232
27.697	41404	42799	40851	42735	46757	46664	48009	48711	60056	63526	62879	63225	97793	99280	1.0766e+05	93471
27.733	41300	42575	40865	43131	46671	46985	47244	48601	59631	63776	62899	63410	98759	99827	1.0795e+05	93184
27.769	41444	43068	40552	43602	46495	46045	46740	49295	59910	62786	62985	63069	97800	99280	1.0818e+05	95342
27.806	41211	43574	40199	43065	46096	46480	47106	47970	59454	62889	63529	63353	98689	99677	1.0787e+05	94323
27.842	41498	42754	40474	43138	46660	46174	47269	48505	59705	63997	62730	62899	98737	1.0006e+05	1.0815e+05	94318
27.878	41664	43129	41124	43652	46047	46929	47081	48123	59495	63588	62932	62887	97966	1.0005e+05	1.0811e+05	94296
27.914	42159	43251	40468	42496	46767	45671	46942	47997	59535	62386	62921	63354	98508	1.0037e+05	1.0832e+05	93807
27.950	41421	43155	40464	42710	45997	47559	47129	48296	59712	63405	63140	63045	98777	1.0011e+05	1.0710e+05	94502
27.986	41844	43077	41017	43184	46470	47152	47310	48657	59670	63131	63342	63362	97180	99214	1.0697e+05	94030
28.022	42666	42729	40890	42945	46013	46894	46777	48637	60261	63516	63065	64223	98283	99297	1.0759e+05	93748
28.058	42172	43282	40662	43231	46695	46683	46724	48070	59847	64195	63370	63236	98619	1.0009e+05	1.0828e+05	94269
28.094	41593	43204	40670	43815	46178	46912	47200	48506	59022	63333	63051	63092	99288	1.0028e+05	1.0862e+05	94097
28.131	41874	42865	40793	43056	46895	46773	47367	48247	60384	63048	62139	63055	98579	1.0062e+05	1.0775e+05	94569
28.167	41778	42632	40614	43880	46689	46794	47099	48447	59618	63104	62793	62872	99354	99191	1.0809e+05	95039
28.203	42022	43280	41219	43015	47244	46199	47359	48271	59866	63313	62346	62776	98650	1.0058e+05	1.0868e+05	94621
28.239	41709	42819	40268	43567	46738	46350	47135	48406	59613	63019	62336	62966	98787	1.0013e+05	1.0813e+05	93781
28.275	41977	42865	41451	43110	46344	46794	47429	48348	59453	63524	63226	63063	99180	1.0009e+05	1.0805e+05	93732
28.311	42175	43428	40978	43132	47059	46618	47350	48469	59900	63491	63241	63591	98416	99679	1.0757e+05	94448
28.347	42357	42932	41216	43072	47043	47302	46940	48379	59437	63171	62819	62776	98865	1.0225e+05	1.0745e+05	93812
28.383	42270	43118	40768	43448	46558	46740	46914	48475	59418	63050	63109	63256	98130	1.0065e+05	1.0863e+05	94022
28.419	42484	42992	41452	43040	47029	46488	47340	48178	60166	62690	62673	63670	98647	1.0010e+05	1.0884e+05	94275
28.456	42580	43017	41445	42944	46603	46584	47296	47800	59715	63518	63306	62922	98465	99785	1.0810e+05	94643
28.492	42273	43375	40774	43886	46762	46399	47702	48648	60340	63297	63227	63703	98290	1.0004e+05	1.0877e+05	93739
28.528	42797	42833	40864	42640	46324	46820	46822	48363	59796	63142	63045	63906	98592	1.0033e+05	1.0832e+05	94947
28.564	42265	42834	41163	43926	46387	46740	47542	48846	59434	63730	62865	62246	97785	99075	1.0887e+05	94324
28.600	42465	43681	40808	43083	46709	46816	47042	48759	59612	63011	62838	62783	98681	99439	1.0713e+05	94019
28.636	41963	43976	41564	43691	46423	46373	47556	48525	60267	63338	62586	63579	99393	1.0010e+05	1.0829e+05	94783
28.672	43430	43464	41094	43408	46922	46892	47094	47992	59868	63486	62716	63637	98905	1.0001e+05	1.0797e+05	94393
28.708	42310	43386	41721	43323	47124	47144	47364	47723	60615	63540	63094	63165	98216	99978	1.0784e+05	94554
28.744	42528	43268	41194	43561	46846	46362	46755	48458	59485	62974	63059	63754	99027	1.0104e+05	1.0761e+05	95133
28.781	42884	43630	41120	43150	47013	46824	46703	47937	58724	62624	63481	62882	99174	1.0008e+05	1.0835e+05	94244
28.817	42086	42924	41240	43605	46785	47332	47059	48855	60070	63111	63137	63049	98865	1.0029e+05	1.0843e+05	93870
28.853	42715	43272	41906	43035	46423	46144	46521	48142	60265	63282	61837	62883	99478	1.0103e+05	1.0787e+05	94557
28.889	42151	43132	40777	43525	46807	46533	47484	47752	60192	63953	63402	63430	99214	1.0049e+05	1.0836e+05	94212
28.925	42597	43578	41739	43149	46586	47009	47291	48156	60689	63632	62690	63516	98601	99606	1.0848e+05	94342
28.961	42014	43830	40927	43703	46668	46482	47302	48686	59252	63364	62840	63106	98974	1.0013e+05	1.0751e+05	94023
28.997	42760	43221	41587	43949	46851	46527	47694	47750	60155	63850	62426	63854	98566	1.0040e+05	1.0878e+05	95564
29.033	42339	44219	41414	43391	46288	47210	46542	48236	59375	64036	63062	63256	98119	99562	1.0730e+05	94323
29.069	43008	43815	40950	43771	46626	46553	46759	48379	59697	63617	63737	63234	98311	1.0027e+05	1.0795e+05	93629
29.106	42790	42925	41822	44283	45999	46488	46933	48160	59770	63979	62763	63320	97882	1.0068e+05	1.0690e+05	95059
29.142	42630	43761	41865	43289	46346	47574	47034	48820	59400	63283	62482	64063	98689	1.0030e+05	1.0693e+05	94484
29.178	42346	43156	41005	43832	47034	46142	47088	48289	60055	63775	62513	63081	98098	1.0069e+05	1.0764e+05	94812
29.214	42496	43319	41112	43572	46697	46360	47169	49071	60431	63001	62924	63113	98160	1.0093e+05	1.0761e+05	95249
29.250	42957	43189	42022	43764	46532	45735	46524	48244	59866	62572	62908	62460	98544	99789	1.0816e+05	94238
29.286	42597	43622	41800	43661	46554	46594	46718	48649	59504	62839	62617	63164	98063	1.0029e+05	1.0805e+05	95298
29.322	41965	43007	41775	43293	46407	46689	47274	48283	59677	63823	62922	63269	98812	1.0008e+05	1.0798e+05	94430
29.358	42089	43954	41869	43436	46720	46255	46581	48377	60358	64029	63001	63267	98771	1.0070e+05	1.0827e+05	94124
29.394	43179	43693	41943	43881	46336	46784	47214	48484	60618	64028	62427	63228	99337	98484	1.0787e+05	93704
29.431	43032	43680	41895	44228	46199	46062	47557	48462	60294	63986	62579	63716	98412	1.0040e+05	1.0739e+05	93696
29.467	42342	43556	41620	43853	46547	46338	47037	47758	59791	62913	62940	62964	99255	99984	1.0791e+05	96003
29.503	42309	43269	42348	43179	46705	46170	46344	47761	60719	62649	63091	63082	98998	99754	1.0758e+05	93812
29.539	42266	43425	41627	43637	46663	46782	47488	47784	60518	63277	62967	63997	98828	1.0050e+05	1.0811e+05	93792
29.575	42962	44041	42050	43048	46815	46802	46924	49037	59363	63015	63004	64182	98779	1.0017e+05	1.0817e+05	94562
29.611	42424	43994	41938	44062	46138	46321	47436	48682	60714	63655	62802	63568	99381	1.0106e+05	1.0724e+05	93556
29.647	42284	43515	41870	44416	46659	46425	47220	48427	60331	63125	62581	62982	98646	99397	1.0769e+05	94774
29.683	42278	43795	42105	43726	46533	46926	47324	48022	60422	63340	62406	64286	98603	1.0037e+05	1.0732e+05	94401
29.719	43496	43281	41857	43975	47055	46875	46907	48083	59909	63126	63411	63194	99453	99981	1.0811e+05	94601
29.756	42783	43432	42351	43493	47207	46059	47048	48537	59762	62411	62566	63626	99118	1.0033e+05	1.0665e+05	93221
29.792	43607	44478	41998	44053	46794	46762	47321	48132	60313	62725	63165	62808	99449	1.0051e+05	1.0727e+05	94299
29.828	43077	43572	41995	44337	46725	46882	47319	47553	59274	63250	63020	63366	99474	1.0017e+05	1.0702e+05	94987
29.864	42420	43986	42319	43407	46177	46042	47468	48845	60309	62876	62878	63174	98514	1.0025e+05	1.0770e+05	94452
29.900	43452	43567	41796	43564	46411	46189	47008	48762	59955	63040	63045	63463	99426	1.0094e+05	1.0804e+05	94353
29.936	42641	44215	42447	43775	47105	46763	47711	48403	59569	62922	62745	63081	99882	1.0152e+05	1.0914e+05	94207
29.972	43134	43865	42290	44033	46711	46588	47073	48342	59693	63013	63642	63425	98151	1.0061e+05	1.0788e+05	95127
30.008	42937	43651	41702	43882	46684	46059	47636	48269	60137	63197	62802	63315	99774	99931	1.0859e+05	94306
30.044	43906	43768	41830	43809	47266	46322	46771	48030	60241	62916	63156	63544	98836	1.0081e+05	1.0725e+05	94622
30.081	42469	43690	42271	43813	47217	46729	47468	48251	59711	63543	63673	62487	99194	1.0065e+05	1.0814e+05	94277
30.117	43290	43477	42047	44175	47162	46493	47088	47959	60026	63028	62786	63939	99680	1.0049e+05	1.0898e+05	93963
30.153	42829	43889	41903	44279	46516	46372	46812	48351	60354	63281	63302	64460	99286	1.0058e+05	1.0817e+05	94197
30.189	42696	43636	42411	43935	46415	45946	47387	48157	60136	62752	62577	63738	99986	1.0019e+05	1.0841e+05	94300
30.225	43623	43733	42395	43996	46842	46411	47483	48744	59753	63150	63427	63494	98987	1.0132e+05	1.0795e+05	93930
30.261	43236	44098	42140	44075	46383	46709	46870	48175	59704	62667	62878	64140	98803	99905	1.0865e+05	93742
30.297	43286	44053	41615	44037	46627	46456	47615	48161	60108	63093	63437	63660	98904	1.0075e+05	1.0781e+05	94161
30.333	43247	43838	42401	44010	46404	46334	47894	47833	59983	63731	63525	63511	1.0023e+05	1.0078e+05	1.0769e+05	94028
30.369	43618	43975	42407	44338	46347	46317	47387	47816	59917	62940	63320	63357	99282	1.0097e+05	1.0783e+05	93400
30.406	43247	44090	41764	44435	46493	46077	47639	48008	61063	63191	63063	64607	99274	99774	1.0871e+05	93436
30.442	43012	43956	42462	43936	47632	46597	47228	48588	60065	62519	62914	63597	99441	1.0073e+05	1.0849e+05	94676
30.478	42943	43809	42299	44094	46304	46159	47683	48773	60112	63198	63008	63784	98753	1.0076e+05	1.0792e+05	94918
30.514	43056	43660	42687	44192	47137	46478	47329	48438	59593	62897	63193	63106	99580	1.0074e+05	1.0787e+05	94547
30.550	43272	43584	41880	43682	46923	46780	47082	48186	60836	63322	62438	64000	99620	1.0107e+05	1.0827e+05	93832
30.586	42936	43923	42443	43908	46311	46770	47194	47578	59456	63589	62475	64022	99850	1.0049e+05	1.0792e+05	94414
30.622	43121	44531	42104	44193	46143	46595	48175	48018	60025	62946	62670	64089	99294	1.0013e+05	1.0793e+05	94818
30.658	43474	43882	42186	44056	46707	47006	46743	48422	60101	63952	62097	63285	99202	1.0047e+05	1.0748e+05	93848
30.694	43750	43632	42754	43707	46427	45949	46543	48498	60300	62557	63230	63406	99768	1.0023e+05	1.0857e+05	94129
30.731	43321	44419	42572	44752	46705	46383	46602	48334	60049	63079	63456	63680	99115	99714	1.0757e+05	93790
30.767	43322	44322	42248	44422	47026	46311	47735	48371	59827	62507	63538	63920	99536	1.0046e+05	1.0785e+05	94121
30.803	43053	43460	42305	44243	46382	46648	46687	48413	60085	63598	62523	62669	98274	1.0024e+05	1.0806e+05	94133
30.839	43299	44699	42642	43890	46566	46285	47142	48843	60297	63803	62977	63506	99474	1.0065e+05	1.0813e+05	94093
30.875	43570	44206	43635	43967	46669	46636	46959	48092	60390	63228	63371	64167	99294	1.0125e+05	1.0815e+05	93827
30.911	43131	44159	42986	44196	46007	45858	47810	48320	60901	63320	63003	63285	99192	1.0051e+05	1.0863e+05	93627
30.947	43190	44547	42589	44611	46760	46323	46928	48222	59890	63195	63282	63218	99136	1.0047e+05	1.0852e+05	94030
30.983	43424	44693	42344	44473	46524	46102	47426	48295	59523	63081	63564	63284	99670	99289	1.0890e+05	94285
31.019	42889	43954	42374	43761	46329	46771	47933	48946	59661	62953	63534	63449	99247	1.0044e+05	1.0803e+05	93971
31.056	43066	44256	42829	44349	46617	45927	47234	48457	60515	62651	62897	64274	99184	1.0088e+05	1.0787e+05	94424
31.092	43170	44500	42391	43713	46968	45798	47151	47889	60034	62843	62424	63372	99166	1.0108e+05	1.0766e+05	94154
31.128	43634	44234	42811	44017	46598	46855	47135	49021	59762	62535	63523	63732	99961	1.0137e+05	1.0707e+05	94167
31.164	43874	44105	43009	43889	46558	46522	46925	48224	59594	63488	62743	63646	98516	1.0075e+05	1.0852e+05	94345
31.200	44017	44330	42795	44584	46101	47106	47445	48585	60650	63557	62247	63351	99742	1.0041e+05	1.0729e+05	95062
31.236	43250	43797	43017	43907	46933	46362	47516	48317	59072	63178	63436	63436	98390	1.0045e+05	1.0810e+05	94273
31.272	43299	44266	42683	43969	46507	46180	46977	48437	59599	63919	63399	63369	98891	1.0082e+05	1.0775e+05	95235
31.308	43851	45081	42557	44508	45931	46846	46774	48401	60259	63850	63027	63603	99268	99664	1.0895e+05	94235
31.344	44267	44609	43120	43937	46124	46360	47261	48408	60196	62597	63119	63791	99201	1.0080e+05	1.0785e+05	94344
31.381	43898	44643	42727	44099	46952	47420	46881	48006	60552	63793	63211	63201	98905	1.0096e+05	1.0765e+05	93991
31.417	43422	43920	43053	44339	46161	46548	46990	48322	60220	63793	63801	62967	99497	1.0085e+05	1.0745e+05	94517
31.453	43347	43821	42902	44058	46322	47152	47068	48308	59798	63984	63267	62835	98836	1.0099e+05	1.0845e+05	94214
31.489	43474	44195	43053	44084	46166	46072	47374	48884	61177	62638	63322	63753	98579	99644	1.0738e+05	94300
31.525	43588	44114	43075	44516	46543	46093	47445	48284	59845	63724	63697	62868	99824	1.0109e+05	1.0845e+05	94397
31.561	44005	43528	43490	45211	46953	47098	46956	48285	60791	63161	63284	63218	1.0078e+05	1.0097e+05	1.0823e+05	94383
31.597	44281	44437	43297	44103	46097	46871	46813	48458	59954	63874	62870	63033	99071	1.0080e+05	1.0818e+05	93957
31.633	44098	44554	42769	44369	46375	47158	47238	48683	60228	63152	63374	64033	99654	1.0055e+05	1.0682e+05	94287
31.669	44282	44768	42746	44560	46808	46961	47950	48226	60663	62233	63353	63851	98807	1.0152e+05	1.0715e+05	93777
31.706	44089	44110	42850	44143	46551	46481	46824	48514	60484	63695	63474	63192	99525	99978	1.0921e+05	94226
31.742	44125	44319	42610	44392	46980	46705	46900	48505	60362	62619	63214	63908	99945	1.0008e+05	1.0808e+05	94673
31.778	43852	44665	43630	44761	46472	46503	47558	48766	59548	62589	63206	62877	99913	1.0086e+05	1.0842e+05	94085
31.814	44119	44260	42729	44782	46767	46337	47036	48414	60655	63300	63952	64392	99724	1.0050e+05	1.0896e+05	95411
31.850	44045	44278	42522	44568	46548	47163	47622	48111	60609	63734	62264	63491	98890	1.0166e+05	1.0810e+05	93585
31.886	43969	44422	43618	44637	46107	46190	47175	48747	60523	63776	63200	63424	99041	1.0013e+05	1.0825e+05	94454
31.922	44146	44532	43540	44537	46570	46684	47370	48443	59583	64100	62625	63791	99771	1.0034e+05	1.0792e+05	93653
31.958	44528	44488	42932	43784	46501	46695	46857	48557	60601	63583	63010	63806	1.0009e+05	99777	1.0884e+05	94790
31.994	43954	43873	43377	44541	46408	46277	47705	48762	59872	63179	63055	63086	1.0043e+05	1.0052e+05	1.0832e+05	95287
32.031	43935	44782	43436	44485	46444	46377	46993	48533	60744	62985	63977	63331	99206	1.0071e+05	1.0852e+05	94024
32.067	43993	45476	43989	44931	46703	47095	47235	48669	60270	63346	62593	63036	1.0066e+05	1.0019e+05	1.0906e+05	94644
32.103	44153	45325	43623	45067	46865	47067	47423	48605	60827	63099	62844	63869	99640	1.0080e+05	1.0808e+05	94607
32.139	44136	43889	43306	43520	46334	47389	46894	48406	60498	62086	63338	64243	99484	1.0107e+05	1.0838e+05	95000
32.175	44467	44485	43844	45004	46649	46736	47639	47983	59590	63000	62707	64166	99688	1.0095e+05	1.0770e+05	94021
32.211	43947	44545	43258	44273	46089	46641	47131	47695	59541	63517	63296	64278	98583	1.0171e+05	1.0867e+05	94369
32.247	44250	44606	43592	44564	46746	46908	46797	48352	60331	63856	62768	63437	99099	1.0091e+05	1.0797e+05	94383
32.283	43853	44314	43004	44555	46752	46991	47864	48587	60941	63194	63002	63703	99148	1.0146e+05	1.0827e+05	95377
32.319	43966	45129	43181	45269	46109	46765	47645	47764	60365	63792	63648	64078	99891	1.0071e+05	1.0787e+05	94361
32.356	44517	44740	43510	45038	46782	47085	47523	47755	60441	63706	63157	62827	99107	1.0133e+05	1.0862e+05	94050
32.392	44215	44150	43169	45311	46347	47126	47601	48394	60438	63441	63664	63742	1.0039e+05	1.0110e+05	1.0793e+05	94603
32.428	43788	44205	43312	45156	46618	46266	47312	48088	59778	63821	62800	63849	99733	99643	1.0819e+05	94187
32.464	44028	44447	43644	44466	46745	46774	47332	47982	60118	62828	62748	62964	99721	1.0119e+05	1.0903e+05	93889
32.500	44641	44278	43394	45168	46521	46519	46970	48243	60153	63703	63399	63451	99493	1.0073e+05	1.0839e+05	94280
32.536	44670	44899	43340	44351	47114	46611	47762	48414	60397	63477	62524	64016	99918	1.0056e+05	1.0756e+05	93782
32.572	44361	44406	43560	44535	46901	46878	47305	48421	60856	63482	62803	63795	1.0012e+05	1.0040e+05	1.0933e+05	94266
32.608	44508	45478	42848	44892	46528	46602	46994	48570	60078	63555	63346	64054	99766	1.0167e+05	1.0802e+05	95486
32.644	44528	44101	43852	44768	46252	46220	46962	48248	60627	63077	62627	63399	99674	1.0147e+05	1.0792e+05	95258
32.681	44163	45082	42745	44293	45791	46275	47497	47977	60439	63228	63632	64258	99936	1.0158e+05	1.0886e+05	94326
32.717	44748	44355	43511	44146	46559	46990	47345	48144	60287	63472	62490	64121	99630	1.0072e+05	1.0887e+05	94192
32.753	44668	44566	43660	44309	46097	46928	47080	48665	60908	64075	63492	64177	99587	1.0100e+05	1.0877e+05	94555
32.789	44025	44921	43504	44389	46506	46525	46841	47943	60641	62983	63958	63582	1.0003e+05	1.0080e+05	1.0926e+05	94030
32.825	44383	44624	43585	44077	46506	46450	47375	48671	60535	63218	63619	64163	1.0028e+05	1.0188e+05	1.0839e+05	94476
32.861	43836	44582	43552	44364	46404	46487	47024	47889	60714	62763	62535	64616	1.0005e+05	1.0194e+05	1.0804e+05	94797
32.897	44652	45166	43391	44706	46486	47029	47704	48435	60927	63689	63532	63729	99553	1.0150e+05	1.0757e+05	94295
32.933	44364	44797	43153	44706	46182	46606	47371	47883	60333	64150	63687	63411	99786	1.0130e+05	1.0631e+05	93268
32.969	44582	45205	44425	44159	46602	46700	47370	48325	59939	63627	63693	63681	99354	1.0128e+05	1.0737e+05	94488
33.006	44492	44199	43370	44268	47299	46688	46794	47722	60253	63784	63575	63809	99728	1.0138e+05	1.0841e+05	94224
33.042	44061	44952	43116	43774	46500	46198	46572	48524	60073	63650	63849	63340	99692	1.0025e+05	1.0789e+05	94395
33.078	44883	45142	43911	45212	47833	46765	47154	48474	60265	63256	63201	64227	99513	1.0097e+05	1.0795e+05	93493
33.114	44229	44568	43367	44446	46959	46538	47220	47589	60571	63356	63515	64443	1.0013e+05	1.0148e+05	1.0795e+05	93648
33.150	44302	44073	44483	44966	46199	46260	46937	48325	60726	62680	63215	63524	99221	1.0094e+05	1.0835e+05	94388
33.186	44701	44926	43863	45175	46977	46585	47183	48591	60727	63279	64374	63445	99091	1.0154e+05	1.0701e+05	93304
33.222	43977	44825	43967	45145	45624	46245	46337	48148	59694	64268	63311	63494	99755	1.0162e+05	1.0839e+05	93457
33.258	44465	44733	44004	44725	46533	46413	47620	48961	60266	63481	63153	64372	99806	1.0168e+05	1.0743e+05	94360
33.294	44626	45986	43982	44329	46649	46746	47349	48074	60436	63236	62428	63748	1.0015e+05	99942	1.0812e+05	94344
33.331	44474	45358	43719	44789	46712	46488	47502	47849	59584	62904	63352	63689	1.0055e+05	1.0136e+05	1.0893e+05	93773
33.367	44514	44347	43798	44654	46131	46199	47760	48558	59552	63685	63586	63131	99903	1.0186e+05	1.0753e+05	94711
33.403	44684	45105	43702	44853	46651	47652	47322	48451	60732	62691	62961	63415	99215	99778	1.0834e+05	94576
33.439	44321	44528	43931	43790	46328	46682	47197	48942	60233	63881	63087	63559	99626	1.0166e+05	1.0667e+05	94500
33.475	44302	44870	44137	44846	46314	47032	47455	48543	60201	63329	63256	64199	1.0004e+05	1.0100e+05	1.0797e+05	94293
33.511	44895	44885	44213	43930	47044	46266	47361	48639	60764	63266	62879	65231	1.0037e+05	1.0173e+05	1.0819e+05	93837
33.547	45746	44896	43601	44323	46618	46443	47637	48126	60535	64057	63395	63180	1.0060e+05	1.0054e+05	1.0898e+05	94872
33.583	44253	45132	43664	45403	46949	47367	47927	48651	60702	63624	63636	64345	1.0170e+05	1.0176e+05	1.0837e+05	93988
33.619	44674	44727	44393	44881	46475	46417	46960	47827	60485	64183	63253	64261	99596	1.0185e+05	1.0866e+05	95122
33.656	45086	45273	43689	45138	46747	46704	47136	48555	60773	63673	63744	63306	1.0010e+05	1.0208e+05	1.0735e+05	93949
33.692	45035	45213	44254	44643	46901	47651	47448	47926	60626	63650	63681	63807	99448	1.0245e+05	1.0850e+05	94600
33.728	45104	45514	44027	44436	46427	47374	47620	47862	59833	63995	62835	63356	1.0011e+05	1.0154e+05	1.0734e+05	95474
33.764	44808	44996	43408	45303	46405	46675	46886	47950	60116	63417	62856	63307	99554	1.0055e+05	1.0832e+05	93706
33.800	44797	45050	43823	44755	46522	47012	47496	48937	60296	63708	63193	64045	1.0022e+05	1.0163e+05	1.0863e+05	94678
33.836	45002	45542	44501	44241	46784	45971	46910	48490	60553	63551	62558	63443	1.0002e+05	1.0108e+05	1.0787e+05	94141
33.872	45429	44640	43698	44634	46451	46901	47720	48071	59795	62666	62026	63904	99694	1.0033e+05	1.0773e+05	93923
33.908	44720	45178	43526	44899	46035	46644	47384	48471	60928	64164	63555	63438	99656	1.0188e+05	1.0776e+05	94338
33.944	45198	45066	43817	44227	46743	46877	47470	48169	60515	63356	63648	64875	99819	1.0153e+05	1.0837e+05	94652
33.981	44833	44930	44416	44450	46158	47289	47247	47942	60030	63848	62912	63923	99722	1.0137e+05	1.0904e+05	95092
34.017	44582	45374	43970	44899	46322	46721	47070	48382	60375	62997	63433	63790	1.0000e+05	1.0260e+05	1.0762e+05	94140
34.053	44825	44769	44209	44693	46887	45989	47391	48557	60963	63149	63140	64058	99089	1.0073e+05	1.0809e+05	93769
34.089	45165	45410	43302	45081	46868	47142	46969	48063	60362	63822	62974	65029	99713	1.0070e+05	1.0844e+05	95137
34.125	45164	44913	43986	44726	46684	47062	47350	48339	60741	63747	63159	63613	99995	1.0133e+05	1.0845e+05	93212
34.161	44830	45010	43969	44170	47039	46923	47915	48680	59551	63062	63188	64302	1.0029e+05	1.0220e+05	1.0853e+05	95427
34.197	45766	44724	44458	44724	46153	46543	47444	49006	59949	63694	63215	63438	99985	1.0208e+05	1.0840e+05	94102
34.233	44535	45129	43977	44805	46950	47103	47462	48981	60351	63609	63456	63892	99682	1.0142e+05	1.0793e+05	95033
34.269	46025	45683	44026	44849	46261	47160	47360	48309	60851	63444	63041	63818	99661	1.0069e+05	1.0756e+05	94382
34.306	46159	45085	43815	44371	46447	46308	47036	48698	60186	64313	62540	64095	99518	1.0132e+05	1.0786e+05	94510
34.342	44873	44924	44340	44973	46484	46589	47567	47844	60317	63504	63710	64399	1.0004e+05	1.0188e+05	1.0818e+05	95372
34.378	45461	45012	44419	44777	46552	46439	47521	48252	60757	64175	62565	63555	1.0020e+05	1.0129e+05	1.0850e+05	94389
34.414	45287	44617	44048	45098	46918	46989	47128	47723	60142	64348	63877	64747	1.0016e+05	1.0168e+05	1.0716e+05	94852
34.450	45548	45068	44068	45019	46363	46824	47193	47688	60787	63481	63523	64547	99502	1.0091e+05	1.0857e+05	95183
34.486	45338	45080	44726	44984	46319	46288	47157	48238	60117	64051	63289	64687	1.0057e+05	1.0133e+05	1.0827e+05	94499
34.522	44888	44514	44469	44874	46198	46184	47080	48155	60656	63484	64020	63737	99987	1.0152e+05	1.0903e+05	94619
34.558	45028	44996	43970	45495	46686	46527	47964	48966	60665	63682	62950	64414	99738	1.0019e+05	1.0786e+05	94274
34.594	45607	44707	44009	44672	46181	47324	47597	48135	60286	64525	63213	64230	99676	1.0120e+05	1.0866e+05	94437
34.631	44419	45021	44205	45237	46145	46688	47051	48307	60699	63927	64037	63688	99494	1.0087e+05	1.0790e+05	93711
34.667	45292	44798	43780	44986	46252	47251	47440	48336	60779	63230	63558	64324	1.0086e+05	1.0178e+05	1.0807e+05	94809
34.703	45428	44721	44128	44627	46374	46678	46908	48276	60875	63001	63180	64005	99352	1.0137e+05	1.0864e+05	94374
34.739	45879	45308	44253	44853	46562	46418	47006	48304	60772	62923	62954	64218	99826	1.0196e+05	1.0765e+05	93474
34.775	45727	45208	43849	45126	46593	46463	47445	47871	60398	63051	63634	63625	99398	1.0193e+05	1.0792e+05	93965
34.811	44801	45199	44338	44383	46357	46454	46905	48796	60222	63782	62732	64252	1.0004e+05	1.0076e+05	1.0820e+05	94591
34.847	45551	45285	44727	44685	46400	46395	47080	47982	60534	62682	63127	63777	99639	1.0080e+05	1.0901e+05	94585
34.883	46362	45004	44638	45015	46748	46756	47576	47648	61109	63646	62825	64102	1.0041e+05	1.0264e+05	1.0761e+05	94932
34.919	45915	45450	44879	45437	46344	46621	47552	48434	59994	63394	63010	63574	99848	1.0131e+05	1.0838e+05	94164
34.956	46185	45275	44291	45038	46344	46710	46878	47808	60426	63424	63189	64670	99692	1.0151e+05	1.0787e+05	94800
34.992	45149	45352	44553	45022	46462	46178	47382	48239	59823	63715	62957	64586	1.0005e+05	1.0146e+05	1.0781e+05	95044
35.028	45552	45059	45021	45131	46395	47109	47751	48268	60474	63912	63845	63623	99773	1.0238e+05	1.0876e+05	94461
35.064	44878	45061	43977	44723	46499	46390	47364	48257	60206	63458	63148	63601	1.0047e+05	1.0222e+05	1.0815e+05	93671
35.100	45011	45090	44615	45370	46646	46475	47034	48243	61237	64305	63437	64168	1.0010e+05	1.0195e+05	1.0910e+05	94446
35.136	46069	45152	44664	44245	46269	46769	48284	48241	60352	63950	63101	64020	1.0044e+05	1.0222e+05	1.0756e+05	93982
35.172	45199	44971	44390	45358	46503	46880	47281	48461	60552	63600	63460	64199	1.0109e+05	1.0207e+05	1.0896e+05	94840
35.208	45780	45167	44277	45264	46901	46670	47329	48044	60077	63871	63626	64557	99795	1.0165e+05	1.0959e+05	94178
35.244	45743	44970	44024	44557	46250	46282	47800	48558	60582	64005	62835	64495	1.0043e+05	1.0138e+05	1.0923e+05	94115
35.281	45831	45007	43988	44735	46445	46980	47315	48300	61072	63344	63085	63992	99861	1.0157e+05	1.0990e+05	94049
35.317	45965	45460	44596	44661	46032	46323	47424	47855	60763	63927	63556	63604	1.0176e+05	1.0161e+05	1.0997e+05	94135
35.353	45844	44679	44408	44498	46564	46437	47005	48394	60124	63785	63013	63988	1.0000e+05	1.0193e+05	1.0983e+05	94703
35.389	45889	45154	44113	44180	46238	47070	47039	48924	60281	63596	63003	63729	1.0056e+05	1.0065e+05	1.1035e+05	93650
35.425	45728	45767	44237	44752	46705	46840	47275	48380	59863	62875	63658	63859	1.0047e+05	1.0121e+05	1.0997e+05	94760
35.461	45638	44749	44013	45467	46885	46708	46868	48326	60311	63044	63770	64151	1.0014e+05	1.0210e+05	1.0908e+05	93888
35.497	46261	45140	43866	44773	46486	46426	46912	48230	60835	63142	63488	64411	99764	1.0114e+05	1.1069e+05	94383
35.533	45825	45563	44507	44906	46830	46849	47470	48112	59931	63076	63542	64385	1.0035e+05	1.0272e+05	1.0954e+05	94628
35.569	45099	44680	44796	45189	46782	47190	47715	48277	60131	63879	63676	64107	99475	1.0151e+05	1.0948e+05	95103
35.606	45146	45853	44630	44748	46566	46733	47653	48117	60174	63435	63201	64190	1.0026e+05	1.0114e+05	1.1086e+05	94410
35.642	45976	45210	44266	45058	46259	47662	47703	47445	61435	63013	63751	63675	1.0021e+05	1.0225e+05	1.1052e+05	94116
35.678	46127	45344	44719	44763	46004	46749	47255	48411	60715	63611	63038	64062	1.0048e+05	1.0185e+05	1.0998e+05	95350
35.714	46375	45372	44283	45140	46692	47260	47004	48192	60402	63537	63886	63727	99759	1.0205e+05	1.0982e+05	94317
35.750	45533	44849	44522	44460	46697	46623	47454	47698	60802	64147	63154	63770	99519	1.0299e+05	1.1006e+05	94391
35.786	45295	45109	44661	45075	46707	46081	47291	48403	60252	63917	64184	64950	1.0070e+05	1.0173e+05	1.1117e+05	94904
35.822	46275	45474	44612	44374	45861	47176	47128	48050	60945	63745	63276	63515	1.0053e+05	1.0169e+05	1.0955e+05	94644
35.858	45659	45796	44881	45090	46688	46772	47110	48119	59986	63253	63273	64610	99841	1.0218e+05	1.0962e+05	93859
35.894	46309	45868	44467	44934	46396	46571	47266	48484	59657	63453	62836	64182	99589	1.0258e+05	1.1008e+05	94326
35.931	45940	46178	44831	45311	47086	46373	47102	48581	60346	63556	62549	64169	1.0143e+05	1.0125e+05	1.0955e+05	93874
35.967	46227	45800	44704	45116	46324	46365	47802	48602	60312	63498	63761	64412	1.0058e+05	1.0159e+05	1.0981e+05	93829
36.003	46117	44795	44661	44600	46915	46360	47207	47579	60658	63849	62961	64182	99553	1.0201e+05	1.1044e+05	94977
36.039	45738	45580	43895	45183	46369	46757	47062	48494	60423	63765	62942	64012	1.0155e+05	1.0220e+05	1.1073e+05	94266
36.075	46943	46047	45338	45435	46451	46701	47827	48603	61439	64748	65613	64931	1.0188e+05	1.0253e+05	1.1099e+05	96022
36.111	46232	46543	45138	46110	46463	47243	47766	48716	60731	64491	63631	65596	1.0128e+05	1.0327e+05	1.1119e+05	95938
36.147	46620	45073	45216	46064	47054	47415	47457	48337	60464	63887	63650	64795	1.0009e+05	1.0267e+05	1.1062e+05	95173
36.183	46757	46361	45006	46312	46856	47230	47688	48929	60967	64637	64337	65146	1.0080e+05	1.0290e+05	1.1147e+05	95997
36.219	46361	46846	44886	46215	46439	46992	47633	48519	59687	64177	64593	65786	1.0019e+05	1.0297e+05	1.1172e+05	95170
36.256	47060	45711	45132	46026	47041	46877	47495	48818	60757	63549	65078	65030	1.0091e+05	1.0165e+05	1.1093e+05	95552
36.292	46873	46178	45559	46016	46859	46968	47615	49269	61069	63744	64571	65031	1.0065e+05	1.0242e+05	1.1093e+05	96067
36.328	46407	46372	44981	46233	47019	47895	47673	49047	60946	64688	65176	65139	1.0188e+05	1.0162e+05	1.1096e+05	96451
36.364	47586	45798	45007	45764	47028	47073	48298	48203	61302	65395	65018	64683	1.0156e+05	1.0243e+05	1.1167e+05	96361
36.400	47011	45813	44533	46041	46837	47244	48207	48607	60965	64977	64602	64214	1.0097e+05	1.0173e+05	1.1164e+05	95660
36.436	46841	45729	44927	45735	47166	46728	47706	48976	60855	64397	65083	65051	1.0077e+05	1.0229e+05	1.1108e+05	95038
36.472	46824	45968	45040	45543	46365	47321	47869	49264	60959	64370	64348	64817	1.0137e+05	1.0272e+05	1.1146e+05	96035
36.508	46624	45642	44960	45506	47267	47647	48045	48522	60478	64043	64271	65178	1.0125e+05	1.0222e+05	1.1082e+05	94766
36.544	45918	45808	44778	46635	47122	47087	47609	49039	60625	64741	64499	65224	1.0130e+05	1.0238e+05	1.1127e+05	95255
36.581	46385	45370	45265	46390	46975	47184	47908	49265	60777	64621	64343	65233	1.0062e+05	1.0280e+05	1.1161e+05	95591
36.617	46859	46034	44664	45885	47386	46536	47467	48570	61319	63565	64310	64964	1.0014e+05	1.0225e+05	1.1189e+05	94808
36.653	47256	46301	45370	45533	47235	46848	47908	48321	60722	63831	64590	64697	1.0078e+05	1.0171e+05	1.1135e+05	95583
36.689	46500	45812	45129	46308	46872	47525	47499	48411	61708	63962	64711	64743	1.0067e+05	1.0328e+05	1.1121e+05	96589
36.725	46337	45446	45075	46166	47189	47952	47899	48902	60597	64163	64679	64980	1.0114e+05	1.0303e+05	1.1213e+05	96595
36.761	47122	46383	45732	46322	47458	46673	47528	47891	60841	64106	64441	65202	1.0127e+05	1.0168e+05	1.1170e+05	93890
36.797	46534	46137	45394	45837	46485	47729	47579	49160	60844	64706	63920	64823	1.0122e+05	1.0226e+05	1.1213e+05	94823
36.833	47291	46487	44620	45840	46794	47101	47467	48366	61127	64496	65014	64867	1.0183e+05	1.0257e+05	1.1196e+05	96043
36.869	46864	46069	45415	45730	46525	46382	46990	48318	60820	64412	64673	65106	1.0252e+05	1.0168e+05	1.1134e+05	94955
36.906	47089	46167	45208	45878	47138	47183	48094	47931	60490	64262	64291	64912	1.0147e+05	1.0277e+05	1.1046e+05	94677
36.942	46719	46164	45194	46148	46729	46774	47747	49164	60697	64094	65277	65023	1.0109e+05	1.0255e+05	1.1096e+05	95588
36.978	46745	46607	45527	46180	46816	47165	47833	47805	61061	64711	65203	65177	1.0153e+05	1.0321e+05	1.1102e+05	95435
37.014	46779	46569	45512	45544	47402	47518	46973	48793	61270	64295	64129	64639	1.0032e+05	1.0307e+05	1.1147e+05	95745
37.050	46523	45771	45255	45915	47451	46697	47405	48422	60967	64281	64802	64610	1.0145e+05	1.0323e+05	1.1109e+05	96155
37.086	46253	46444	45468	45965	46635	46244	47393	48727	60912	64380	65210	64603	1.0098e+05	1.0233e+05	1.1098e+05	95568
37.122	47192	46702	46096	45705	46795	46898	48066	48168	61351	63808	64769	65259	1.0176e+05	1.0246e+05	1.1170e+05	96059
37.158	47120	46413	45389	46070	47358	46691	47631	48528	61436	64628	64523	64676	1.0138e+05	1.0325e+05	1.1090e+05	95361
37.194	46780	46071	45454	46151	46936	47023	46977	49075	61327	65036	65046	64397	1.0049e+05	1.0203e+05	1.1192e+05	96826
37.231	47023	46134	45722	45910	47532	46983	48072	48985	60061	64534	64361	64974	1.0179e+05	1.0197e+05	1.1155e+05	95025
37.267	46574	45742	45525	45949	46816	47143	47684	48327	60991	65184	63986	64742	1.0065e+05	1.0228e+05	1.1168e+05	96072
37.303	46494	45879	45354	45260	46305	46420	47830	48160	61345	63976	64108	64622	1.0123e+05	1.0281e+05	1.1149e+05	95088
37.339	46429	45716	45140	46164	47268	46391	48201	48968	60298	65770	64416	65209	1.0099e+05	1.0258e+05	1.1122e+05	95970
37.375	46473	46518	45501	45417	46063	47274	48018	48855	60804	63893	64511	65164	1.0185e+05	1.0282e+05	1.1147e+05	95370
37.411	46572	45793	45323	45769	46519	46762	47574	48621	61089	64683	64970	64609	1.0058e+05	1.0224e+05	1.1059e+05	95420
37.447	46678	45979	45668	46127	47421	47336	48079	48222	61215	64187	64073	65287	1.0014e+05	1.0200e+05	1.1235e+05	93883
37.483	46855	45597	45638	46076	47264	46992	46849	48378	61353	64938	64480	64812	1.0203e+05	1.0277e+05	1.0986e+05	96254
37.519	46921	45780	45427	45809	46315	46323	47185	48932	60739	64491	64077	64441	1.0088e+05	1.0279e+05	1.1106e+05	95717
37.556	47156	46144	45923	45930	47175	47278	47789	48094	60002	64142	63704	65178	1.0090e+05	1.0248e+05	1.1172e+05	95222
37.592	46953	46681	45419	45854	46978	46592	47962	48553	61297	64873	63840	64658	1.0034e+05	1.0105e+05	1.1192e+05	95668
37.628	46852	46168	46082	45936	47491	47076	47489	48363	59593	64326	64832	65004	1.0123e+05	1.0293e+05	1.1140e+05	95240
37.664	46504	46426	45889	45546	46785	47002	47998	48787	61322	64565	62938	64427	99875	1.0238e+05	1.0998e+05	94748
37.700	46510	46088	45085	45409	46861	46564	47983	49273	61854	64689	65182	65273	1.0043e+05	1.0276e+05	1.1136e+05	94683
37.736	47259	46242	45402	45602	46505	46687	47906	48824	61323	65368	64693	65464	1.0235e+05	1.0213e+05	1.1085e+05	96460
37.772	46599	46364	45648	45998	47188	46850	47368	48765	60409	64362	64328	65127	1.0162e+05	1.0250e+05	1.1101e+05	94936
37.808	46572	45602	45637	45786	46787	46730	47246	48737	61262	64056	64716	65068	1.0114e+05	1.0219e+05	1.1039e+05	95420
37.844	46846	46846	45445	46546	47100	47015	47957	48347	61108	64683	63826	65914	1.0156e+05	1.0343e+05	1.1167e+05	94602
37.881	46866	45904	45452	46673	46946	46481	48291	48571	60738	63884	64248	64833	1.0139e+05	1.0268e+05	1.1197e+05	96362
37.917	46677	45363	45211	46253	47183	46655	48323	48091	61105	64861	64834	64459	1.0165e+05	1.0290e+05	1.1143e+05	95712
37.953	47116	45816	45960	46215	46720	47135	47743	48973	60528	63756	64871	65113	1.0002e+05	1.0196e+05	1.1135e+05	95607
37.989	46447	46193	45446	45785	47318	47526	48001	48182	60605	64583	64641	65040	1.0090e+05	1.0267e+05	1.1148e+05	95236
38.025	47066	45598	45889	46101	47572	46969	47918	48471	60941	64379	64744	64996	1.0207e+05	1.0248e+05	1.1209e+05	95411
38.061	47291	46205	45647	46176	46846	46757	47656	48743	61850	64375	64710	64481	1.0140e+05	1.0265e+05	1.1088e+05	94525
38.097	47476	46111	45750	45842	47126	46542	48145	48451	61070	64277	64128	64995	1.0122e+05	1.0281e+05	1.1081e+05	95083
38.133	46836	45532	45543	46236	46625	47013	48229	48684	61455	64412	65032	65696	1.0074e+05	1.0236e+05	1.1174e+05	96212
38.169	46985	45960	45515	46776	46889	46871	47126	49127	60836	64673	64349	64793	1.0119e+05	1.0378e+05	1.1213e+05	95140
38.206	47400	46097	45795	46487	46657	46947	47173	49134	60615	64930	64379	64845	1.0212e+05	1.0216e+05	1.1236e+05	96288
38.242	47103	46180	46491	45862	46959	47267	47966	48358	60959	65279	64129	64926	1.0177e+05	1.0291e+05	1.1139e+05	95789
38.278	46474	45788	45485	46198	46427	47168	47501	48459	61011	64854	64722	64780	1.0105e+05	1.0205e+05	1.1188e+05	95473
38.314	46824	45331	45868	46147	46869	47192	47527	48738	61030	64460	64744	64368	1.0218e+05	1.0275e+05	1.1255e+05	95997
38.350	47658	45671	45875	45246	47197	46816	47511	48455	61385	64409	65742	64297	1.0209e+05	1.0206e+05	1.1076e+05	95395
38.386	46839	46147	45857	46348	46888	46830	47746	48901	61495	65438	64519	64387	1.0261e+05	1.0355e+05	1.1147e+05	95015
38.422	46898	46115	45866	45874	46842	46788	47904	48793	60983	64534	64006	65681	1.0158e+05	1.0324e+05	1.1143e+05	95310
38.458	47328	46054	45507	46085	46801	46773	47570	48519	60649	64415	65269	64002	1.0130e+05	1.0249e+05	1.1214e+05	95582
38.494	46906	46307	46371	45975	46692	47083	47855	48306	61522	64761	63912	64893	1.0064e+05	1.0363e+05	1.1116e+05	95208
38.531	47722	46781	45592	46060	46957	46888	47957	48605	60392	64710	64356	65111	1.0115e+05	1.0292e+05	1.1194e+05	96011
38.567	47273	46624	46043	46047	46830	46844	47988	48992	60787	63698	64987	64631	1.0156e+05	1.0258e+05	1.1239e+05	95840
38.603	47846	46545	46104	45782	46671	46882	47846	48548	60726	65271	64903	64616	1.0157e+05	1.0339e+05	1.1146e+05	95212
38.639	46926	45825	45489	45997	46568	46947	47989	49107	61350	63973	63914	64833	1.0092e+05	1.0253e+05	1.1090e+05	95132
38.675	47081	46230	46291	46799	46902	46814	47390	48719	61214	65582	64371	64633	1.0173e+05	1.0350e+05	1.1084e+05	95633
38.711	47168	46347	45818	46076	47097	47213	47139	49099	60938	64984	64588	64767	1.0175e+05	1.0339e+05	1.1132e+05	95625
38.747	46422	46045	45984	46091	46626	46985	48370	48658	61736	65634	64372	65215	1.0158e+05	1.0307e+05	1.1062e+05	95758
38.783	46812	46394	46373	46081	47777	47285	47731	48671	61454	65089	64321	65140	1.0119e+05	1.0286e+05	1.1206e+05	95803
38.819	47403	45383	45468	45762	46923	47702	48170	48185	61375	64304	64678	65742	1.0215e+05	1.0222e+05	1.1121e+05	95863
38.856	47284	46081	46199	46050	47040	46421	47569	48602	61020	64792	64335	64942	1.0213e+05	1.0305e+05	1.1164e+05	94928
38.892	47263	46209	45228	45624	46743	47437	47326	48956	61862	64848	64363	64457	1.0142e+05	1.0265e+05	1.1162e+05	96322
38.928	47245	46077	46266	46142	47251	46652	47765	48299	60911	65451	64136	64921	1.0133e+05	1.0239e+05	1.1098e+05	95170
38.964	47671	45879	46130	46602	47399	46506	47602	48348	60797	64414	64088	65847	1.0100e+05	1.0265e+05	1.1083e+05	95252
39.000	47737	45822	45782	45573	46029	46709	47761	48694	61153	64640	64643	65714	1.0217e+05	1.0333e+05	1.1081e+05	96317
39.036	47391	45665	45271	45805	46880	47006	48055	48363	61423	64107	63996	63589	1.0150e+05	1.0336e+05	1.1029e+05	95814
39.072	47896	46080	46230	46424	46544	47006	47939	48555	61536	64758	64384	65190	1.0233e+05	1.0274e+05	1.1108e+05	95488
39.108	47510	45760	45844	45940	46706	46783	48552	48507	60853	64539	64183	64922	1.0199e+05	1.0290e+05	1.1227e+05	96583
39.144	47226	46205	45242	46074	47088	46828	47156	49302	60526	64460	64337	65315	1.0132e+05	1.0255e+05	1.1200e+05	95428
39.181	47455	45888	45852	46110	47522	47156	47951	48690	61781	64691	64409	64301	1.0138e+05	1.0263e+05	1.1168e+05	96226
39.217	47452	46433	46178	46238	46535	46891	47412	48831	60951	65001	65080	65020	1.0118e+05	1.0336e+05	1.1104e+05	95523
39.253	47442	46126	45936	46073	46147	46888	47409	48514	60872	64051	64704	64505	1.0289e+05	1.0233e+05	1.0998e+05	96290
39.289	47050	45780	45847	46280	46592	47015	47854	49131	61087	64716	64677	64781	1.0204e+05	1.0344e+05	1.1138e+05	96440
39.325	47152	46315	45154	45832	46998	47157	47630	48929	61165	65051	64689	65058	1.0202e+05	1.0283e+05	1.1130e+05	95417
39.361	47219	46406	45853	46032	46233	47317	48104	48695	61031	65024	64831	64570	1.0130e+05	1.0311e+05	1.1060e+05	96069
39.397	47849	46248	46291	46358	46726	46513	47703	48586	61358	63964	64717	65139	1.0223e+05	1.0186e+05	1.1019e+05	95436
39.433	47123	46362	46328	45605	46585	46953	48346	48693	61189	65228	64805	64359	1.0104e+05	1.0378e+05	1.1251e+05	95363
39.469	46915	46292	46012	45519	46585	47067	47676	48360	61843	65279	64422	64812	1.0105e+05	1.0301e+05	1.1115e+05	95776
39.506	47488	46192	45849	45311	46392	46964	47279	48031	61558	65587	65209	64753	1.0113e+05	1.0323e+05	1.1258e+05	95769
39.542	47338	47086	45520	46059	46209	46388	47626	48555	61102	64579	64615	64769	1.0098e+05	1.0155e+05	1.1095e+05	95534
39.578	47343	46586	46079	45626	46720	46499	47611	48418	61655	65159	64478	64322	1.0152e+05	1.0279e+05	1.1116e+05	95557
39.614	47526	46393	45878	46566	46790	47382	47288	48764	61233	64625	64672	65884	1.0141e+05	1.0209e+05	1.1234e+05	96290
39.650	47048	45999	45290	45877	46581	47109	47197	48880	61527	64777	64831	64912	1.0143e+05	1.0308e+05	1.1165e+05	96195
39.686	47217	45940	46077	46013	46267	46900	47106	48589	61370	64513	64133	63543	1.0263e+05	1.0340e+05	1.1184e+05	95877
39.722	47946	46136	45916	45655	47003	47197	47952	48780	61595	64506	65692	64431	1.0227e+05	1.0198e+05	1.1113e+05	95687
39.758	47239	45829	46207	45776	47006	47454	47879	48374	61514	64471	64228	64204	1.0221e+05	1.0212e+05	1.1066e+05	96683
39.794	47623	46042	46198	45698	46740	46909	48249	48890	61645	64306	65192	64702	1.0244e+05	1.0375e+05	1.1050e+05	94759
39.831	48072	46286	46215	45780	47029	46881	47811	48846	61029	64406	64235	65189	1.0134e+05	1.0289e+05	1.1163e+05	95256
39.867	46857	46483	45858	46158	46684	46885	48178	48742	61344	64702	65279	64698	1.0109e+05	1.0375e+05	1.1047e+05	97086
39.903	47737	45343	46294	45918	47553	46861	47809	48247	61144	65235	64765	64881	1.0172e+05	1.0363e+05	1.1101e+05	95669
39.939	47155	46285	46687	46001	47082	46661	48335	48415	60673	63904	64801	64567	1.0150e+05	1.0358e+05	1.1099e+05	96190
39.975	47146	45383	45896	46114	46557	46860	47294	48247	60882	64213	64414	63771	1.0159e+05	1.0346e+05	1.1112e+05	95444
40.011	47583	45820	46355	45573	46428	46991	47439	49333	61500	64491	65447	64876	1.0265e+05	1.0333e+05	1.1153e+05	95222
40.047	47114	46131	45865	46311	46686	47265	48050	48888	61831	64839	65134	65245	1.0222e+05	1.0325e+05	1.1019e+05	94286
40.083	47668	46648	46372	46496	46740	47378	47617	49461	60745	65488	65724	64118	1.0251e+05	1.0352e+05	1.1070e+05	95254
40.119	47939	45853	45858	46200	46991	47180	47862	49486	61914	64498	65071	64767	1.0170e+05	1.0292e+05	1.1121e+05	95519
40.156	46930	46383	45459	45657	46323	47219	47565	48173	61421	64342	65792	64563	1.0250e+05	1.0332e+05	1.1157e+05	95700
40.192	47847	45305	45918	46218	46524	46751	47165	48776	61903	64724	65045	64633	1.0127e+05	1.0337e+05	1.1022e+05	95789
40.228	47802	45898	46381	45856	46428	46409	47634	48906	61720	65054	64946	65017	1.0200e+05	1.0385e+05	1.1114e+05	95704
40.264	47334	46360	46030	45957	46799	46476	48217	48580	61376	65421	64619	64942	1.0222e+05	1.0272e+05	1.1106e+05	95014
40.300	47444	45972	45738	46167	46250	45894	47659	48557	61588	64194	65412	64853	1.0204e+05	1.0270e+05	1.1140e+05	94823
40.336	46913	45505	45815	45815	47010	47010	47528	49319	61778	64426	64661	64197	1.0229e+05	1.0410e+05	1.1212e+05	95060
40.372	47396	46541	46315	45330	46807	46842	47567	48463	61785	64743	64883	64842	1.0197e+05	1.0151e+05	1.1059e+05	95841
40.408	47989	46394	45528	45517	46392	47057	47094	49085	61488	65868	64872	65230	1.0129e+05	1.0285e+05	1.1085e+05	94602
40.444	47345	46006	46662	45659	46843	47061	47548	48515	61305	64445	64602	64795	1.0260e+05	1.0361e+05	1.1004e+05	95335
40.481	47566	46455	46371	45632	47047	47304	47379	48162	60973	63977	64496	64015	1.0191e+05	1.0278e+05	1.1257e+05	95444
40.517	47747	46514	46149	45840	46899	47010	48158	48512	61312	64906	65231	64570	1.0114e+05	1.0213e+05	1.1240e+05	95300
40.553	47705	46313	45836	46000	46899	46270	47799	48888	61393	64364	64379	64553	1.0264e+05	1.0303e+05	1.1198e+05	95173
40.589	47393	45943	46379	45922	46459	46914	47896	48591	60781	64735	64636	65000	1.0248e+05	1.0336e+05	1.1196e+05	95915
40.625	48151	45999	46494	46214	46922	47053	47404	48328	61239	64248	64674	64017	1.0235e+05	1.0378e+05	1.1231e+05	95435
40.661	48136	46400	46052	46143	47444	46348	46990	48811	61337	65036	65081	64806	1.0261e+05	1.0372e+05	1.1119e+05	94232
40.697	48030	46210	46023	46353	46616	47679	47544	48693	61301	65020	65126	65047	1.0139e+05	1.0338e+05	1.1085e+05	94679
40.733	47725	46127	46088	45643	47080	46946	47842	48682	62199	64717	64464	64555	1.0174e+05	1.0224e+05	1.1060e+05	94942
40.769	47352	45837	47051	46169	47217	46676	47588	48934	61442	64705	65341	64541	1.0235e+05	1.0327e+05	1.1070e+05	96277
40.806	47733	46155	46033	45563	46341	46927	47908	48742	61452	64507	64807	65068	1.0208e+05	1.0220e+05	1.1037e+05	94018
40.842	47211	46758	46260	46202	46843	46619	47354	48290	61672	64792	64338	65886	1.0182e+05	1.0330e+05	1.1130e+05	94896
40.878	47897	46719	46080	46116	46835	47371	47634	48491	60941	64837	64309	64473	1.0202e+05	1.0314e+05	1.1120e+05	94860
40.914	47821	46336	46113	46071	46587	46673	48080	48390	60994	64574	65001	65570	1.0198e+05	1.0359e+05	1.1169e+05	95180
40.950	46882	45454	46440	45852	46177	46578	47397	49107	61251	64368	64203	65157	1.0239e+05	1.0460e+05	1.1065e+05	95070
40.986	47217	45722	46134	45557	46755	46273	47691	48985	61488	64573	64952	63996	1.0107e+05	1.0339e+05	1.1103e+05	94519
41.022	47641	45740	46672	46279	46952	46893	47465	48680	61293	64695	64267	65159	1.0221e+05	1.0356e+05	1.1008e+05	94443
41.058	47100	46269	46401	46000	46272	46977	47835	48724	61708	64508	65019	64880	1.0211e+05	1.0402e+05	1.1006e+05	95152
41.094	48040	45998	46534	46775	46870	46687	47619	48733	60989	63960	65485	64849	1.0157e+05	1.0273e+05	1.1088e+05	95804
41.131	47654	46204	46017	45900	47295	47154	47682	49484	62572	64828	64768	64957	1.0229e+05	1.0330e+05	1.1160e+05	95116
41.167	47468	46328	46140	45145	46733	47179	47067	48679	61626	64263	65193	65245	1.0192e+05	1.0404e+05	1.1145e+05	95655
41.203	47767	46805	45936	45678	46547	46935	47938	48823	61194	65156	64146	65072	1.0249e+05	1.0394e+05	1.1148e+05	95044
41.239	48079	46087	46232	46323	46698	47231	47669	48156	61546	64618	64789	64876	1.0142e+05	1.0260e+05	1.1205e+05	94589
41.275	47994	45761	46641	45963	46984	46760	47805	49142	61704	64514	64689	64705	1.0232e+05	1.0264e+05	1.1153e+05	95377
41.311	47694	45943	46903	45524	46808	47284	47489	48198	61523	65200	65099	63946	1.0265e+05	1.0260e+05	1.1145e+05	94749
41.347	47513	46083	46267	45755	46827	47103	48243	48933	61464	64735	65306	64281	1.0198e+05	1.0306e+05	1.1142e+05	94507
41.383	47496	46457	46603	45946	47409	46854	47424	48557	62399	64541	64557	64660	1.0213e+05	1.0446e+05	1.1032e+05	95543
41.419	47660	45954	46281	46252	46277	46468	47740	48476	61569	64989	65401	64262	1.0221e+05	1.0244e+05	1.1165e+05	94958
41.456	47814	46388	46884	46240	46971	47225	47645	49158	61530	65029	65481	64786	1.0158e+05	1.0327e+05	1.1078e+05	95112
41.492	47812	46201	46488	45952	47093	46692	47705	48043	61929	64066	64932	64320	1.0067e+05	1.0421e+05	1.1145e+05	94699
41.528	47814	45942	46515	45430	47326	46526	47322	48249	61575	64874	64598	65364	1.0229e+05	1.0439e+05	1.1168e+05	95245
41.564	47845	45608	46176	46022	46869	47372	47556	49191	61395	64781	64720	64600	1.0223e+05	1.0380e+05	1.1055e+05	95045
41.600	47310	46162	45957	46150	46048	47024	47553	48124	61623	64172	64314	65389	1.0114e+05	1.0343e+05	1.1114e+05	95638
41.636	47342	47005	46114	46248	46650	47173	48186	48449	61807	65461	64488	65059	1.0189e+05	1.0268e+05	1.0999e+05	94835
41.672	47953	46463	46183	46251	46462	46433	47171	48657	61924	64505	64839	65346	1.0165e+05	1.0289e+05	1.1122e+05	94499
41.708	47528	47006	46556	46121	46520	46864	47718	49617	61322	64501	65278	65362	1.0172e+05	1.0334e+05	1.1003e+05	94210
41.744	47800	46024	46574	46270	45972	47157	47897	49175	61342	64800	64916	64635	1.0218e+05	1.0342e+05	1.1017e+05	95444
41.781	47401	45954	46960	46086	46753	47382	47499	47954	61671	64262	64519	64064	1.0171e+05	1.0300e+05	1.1110e+05	94760
41.817	47963	45997	45797	46649	46639	46342	48734	48284	61709	64467	64978	64122	1.0295e+05	1.0357e+05	1.1040e+05	95201
41.853	47588	46622	46532	46070	46771	46658	47073	47937	61569	64667	65374	65362	1.0180e+05	1.0324e+05	1.1066e+05	94925
41.889	47775	46602	46531	45352	47099	47054	47546	49050	60935	64660	65325	64526	1.0221e+05	1.0330e+05	1.1100e+05	93888
41.925	47592	46723	46462	45895	47206	46826	47478	48417	61648	64529	65771	65414	1.0294e+05	1.0302e+05	1.1034e+05	93760
41.961	48393	45845	46234	46585	46246	45821	48029	48649	61725	64538	64667	65127	1.0219e+05	1.0316e+05	1.1138e+05	95019
41.997	47841	46441	46031	46446	47146	46562	47709	48434	62044	64190	64592	64588	1.0221e+05	1.0354e+05	1.1092e+05	94898
42.033	47161	46570	46186	45487	46509	46219	47835	48859	61826	65365	65132	63993	1.0222e+05	1.0299e+05	1.1177e+05	94288
42.069	47654	46820	46158	46420	45870	47062	47212	47810	62013	64560	65539	65194	1.0201e+05	1.0293e+05	1.0993e+05	95438
42.106	47708	46257	46589	46057	46656	46664	47682	48376	61132	64635	64969	65695	1.0278e+05	1.0302e+05	1.1084e+05	94707
42.142	47897	45855	46150	46074	46422	47132	48221	49350	60846	64589	65014	64652	1.0210e+05	1.0380e+05	1.1045e+05	94371
42.178	48217	45998	46990	46029	46832	47172	47803	48950	61205	64952	64703	65124	1.0322e+05	1.0332e+05	1.1035e+05	94431
42.214	47212	46212	45928	46218	46905	46561	47209	48452	61503	64901	65638	64775	1.0192e+05	1.0473e+05	1.1141e+05	94784
42.250	47431	45878	46919	46442	47124	47410	47828	48929	61782	65384	64884	64898	1.0223e+05	1.0347e+05	1.1092e+05	94619
42.286	47875	46434	46510	46558	46826	47156	47820	48880	61804	64333	64142	65187	1.0247e+05	1.0424e+05	1.1227e+05	94734
42.322	47723	46454	46101	46198	46785	46748	47361	48845	61902	64377	65216	64959	1.0137e+05	1.0383e+05	1.1145e+05	94168
42.358	47968	46648	46543	46411	46967	46685	47335	48730	61483	64887	65427	65077	1.0155e+05	1.0421e+05	1.1074e+05	95478
42.394	47610	46424	46685	45705	46305	46613	48338	48915	61537	65103	64317	64861	1.0240e+05	1.0362e+05	1.1102e+05	95502
42.431	47841	46366	46496	45951	46576	46267	47716	48405	62129	65035	64862	65106	1.0211e+05	1.0402e+05	1.1072e+05	94683
42.467	47701	46408	46051	45988	46481	46865	47329	48714	62144	65883	64720	64402	1.0168e+05	1.0346e+05	1.1072e+05	94872
42.503	47977	46346	47239	46008	47149	46266	47847	49119	61928	65191	65324	65397	1.0098e+05	1.0328e+05	1.1077e+05	94611
42.539	47708	46157	46316	46606	46565	46990	47630	48543	61562	64654	65155	65380	1.0202e+05	1.0339e+05	1.1078e+05	95110
42.575	48250	46550	46703	45946	46858	46856	47554	48607	61425	64268	64059	64712	1.0184e+05	1.0281e+05	1.1065e+05	96076
42.611	47751	46360	46483	45788	46653	46942	47412	48645	61834	65742	65102	64661	1.0255e+05	1.0305e+05	1.1097e+05	96120
42.647	47069	46237	46732	45523	46130	46807	47832	48345	61157	64609	65194	65096	1.0140e+05	1.0375e+05	1.1144e+05	94391
42.683	47427	46263	45702	45954	46554	46762	47843	49251	61382	65371	64736	64584	1.0221e+05	1.0438e+05	1.1106e+05	94074
42.719	47595	46414	46045	46164	46621	46428	47468	48701	62092	65612	65491	65301	1.0186e+05	1.0410e+05	1.1228e+05	95222
42.756	48025	46792	46089	45965	46836	47495	47546	48561	62067	64845	65352	65125	1.0238e+05	1.0259e+05	1.1155e+05	95174
42.792	48174	46422	46131	45555	46111	46962	48120	48029	61662	65021	65184	64340	1.0122e+05	1.0219e+05	1.1092e+05	95293
42.828	47767	46831	46397	45871	46874	47027	47820	48263	61939	65233	64398	65798	1.0220e+05	1.0361e+05	1.1053e+05	94336
42.864	48216	46447	46426	46039	46771	46876	47685	48459	61577	65159	65212	65155	1.0214e+05	1.0329e+05	1.1082e+05	95205
42.900	48176	46803	46776	46444	46268	47041	47797	48517	62272	64706	65710	64494	1.0215e+05	1.0325e+05	1.1079e+05	95638
42.936	47584	45610	46464	46420	46892	46750	47577	48002	62321	65829	65205	65079	1.0160e+05	1.0365e+05	1.1110e+05	94576
42.972	47359	46469	46255	46661	46418	46502	47492	48380	62249	65346	64978	64173	1.0219e+05	1.0424e+05	1.1058e+05	95008
43.008	47304	46251	46582	45453	46468	47036	47851	49068	61499	64836	64905	64807	1.0178e+05	1.0314e+05	1.1072e+05	94284
43.044	47823	46875	46722	46236	46306	47185	47848	48706	61619	65767	66111	65322	1.0215e+05	1.0326e+05	1.1087e+05	94465
43.081	46985	46048	46733	46049	46373	46568	47815	47883	61523	64988	65034	64742	1.0191e+05	1.0311e+05	1.1195e+05	94867
43.117	47355	46745	46133	45487	46888	46283	47815	47818	61480	64796	63982	65565	1.0185e+05	1.0404e+05	1.1095e+05	94473
43.153	47549	46083	46805	46028	46751	46863	48081	48516	61083	64170	64417	64473	1.0156e+05	1.0397e+05	1.0988e+05	94165
43.189	48164	46254	46843	45972	46299	46524	47624	48556	61614	65352	64516	65733	1.0207e+05	1.0431e+05	1.1016e+05	94134
43.225	47354	45636	46429	46295	46576	46979	47827	48224	61443	65390	64974	65071	1.0183e+05	1.0371e+05	1.1115e+05	94783
43.261	47927	46338	46911	46011	46478	47262	46905	49204	61722	65097	65468	64540	1.0216e+05	1.0357e+05	1.1125e+05	95146
43.297	47219	46769	46356	46406	45764	46996	47171	48328	61841	64509	64520	65501	1.0229e+05	1.0407e+05	1.1159e+05	93875
43.333	48320	46796	46432	46092	46655	46724	47656	48957	61631	65274	65143	65094	1.0143e+05	1.0429e+05	1.1177e+05	94556
43.369	47717	46430	46408	46672	47323	46578	46796	48493	61993	65010	64460	65579	1.0196e+05	1.0234e+05	1.1131e+05	94143
43.406	47687	46798	47073	46013	46827	47210	47339	48471	61798	66069	64356	64797	1.0206e+05	1.0333e+05	1.1219e+05	94771
43.442	47682	46591	46215	46279	46312	46561	47084	48893	61174	64773	64652	65626	1.0184e+05	1.0317e+05	1.1173e+05	94215
43.478	47941	46620	46958	46408	46545	47311	46624	48418	61456	65251	65074	65244	1.0117e+05	1.0434e+05	1.1070e+05	94943
43.514	47957	46777	46554	45818	47192	47355	47220	48877	61609	65539	64451	64830	1.0320e+05	1.0458e+05	1.1137e+05	95298
43.550	48426	47349	46115	45751	46728	46813	46923	48593	62158	65097	64867	65368	1.0142e+05	1.0340e+05	1.1088e+05	94849
43.586	47891	46031	46940	45793	47074	46096	47657	48730	62043	65598	64737	64922	1.0249e+05	1.0351e+05	1.1022e+05	94557
43.622	48398	46562	46786	46047	46487	46574	47457	48748	61736	65352	65276	64431	1.0208e+05	1.0334e+05	1.1117e+05	95410
43.658	48220	46482	45755	46576	46145	46482	48103	48773	61788	64862	64355	64836	1.0160e+05	1.0336e+05	1.1202e+05	94883
43.694	48196	46036	46830	45951	47298	47196	47324	48373	61764	65061	64496	64629	1.0261e+05	1.0344e+05	1.0946e+05	94641
43.731	47423	45979	47241	46593	46364	46540	47294	49044	61170	65437	65118	65040	1.0222e+05	1.0360e+05	1.1066e+05	94758
43.767	48119	46228	46788	45701	46278	45999	47461	48657	61202	64708	65176	64507	1.0194e+05	1.0482e+05	1.1099e+05	94750
43.803	48063	46791	46647	46323	47303	47014	47081	48793	61833	64910	65085	65074	1.0225e+05	1.0354e+05	1.1078e+05	94095
43.839	48613	46425	46923	45809	46871	46987	47440	49083	61151	64732	65008	64362	1.0346e+05	1.0216e+05	1.1155e+05	94486
43.875	47600	46270	46439	46178	46920	46827	47431	49167	62060	65110	65335	64682	1.0271e+05	1.0411e+05	1.1123e+05	94947
43.911	47889	46423	47098	46556	46947	46487	47889	47990	61406	65040	65014	64510	1.0188e+05	1.0258e+05	1.1061e+05	94728
43.947	47345	46605	46637	46194	46520	46940	47286	48587	61366	65477	65619	65021	1.0216e+05	1.0353e+05	1.1098e+05	95168
43.983	47648	45987	46796	45902	46141	46415	47894	49043	60947	64959	65462	64628	1.0251e+05	1.0324e+05	1.1162e+05	94044
44.019	47923	45714	46637	46955	46579	47165	47355	49097	61451	64977	65924	64642	1.0301e+05	1.0346e+05	1.1169e+05	94388
44.056	48000	46430	46155	46561	46184	47199	47193	48328	61427	65247	65318	65301	1.0153e+05	1.0333e+05	1.1205e+05	95215
44.092	47885	46152	46549	46069	46244	46936	46904	48305	61440	65404	65206	64224	1.0230e+05	1.0246e+05	1.1117e+05	94640
44.128	48113	46416	46665	46159	46899	47347	46816	48549	61438	65385	65359	64995	1.0177e+05	1.0367e+05	1.1191e+05	94488
44.164	48021	46667	46498	46624	46517	47396	47802	48701	61337	65447	65193	64817	1.0255e+05	1.0262e+05	1.1067e+05	94976
44.200	47513	46662	46033	46229	46787	47002	47604	48867	61288	65590	65028	64473	1.0187e+05	1.0415e+05	1.1077e+05	94700
44.236	48049	46473	47211	46349	46971	46739	47761	48853	61313	65257	65124	65910	1.0245e+05	1.0376e+05	1.1108e+05	94664
44.272	48093	46667	47123	46140	47145	47121	47502	49105	61635	64465	64738	65218	1.0292e+05	1.0407e+05	1.0981e+05	94974
44.308	48493	45941	46716	46013	45965	46761	47059	48064	61162	65450	64736	64571	1.0241e+05	1.0308e+05	1.1222e+05	96616
44.344	47413	46093	46546	46260	46839	47221	47809	48896	61350	65051	65444	64809	1.0218e+05	1.0422e+05	1.1165e+05	95220
44.381	47924	45818	46711	46597	46458	46430	47880	48790	61305	65627	64352	65554	1.0118e+05	1.0378e+05	1.0967e+05	94308
44.417	47585	45323	46552	46592	46710	46938	47833	48947	61833	65284	64994	64949	1.0248e+05	1.0358e+05	1.1082e+05	95605
44.453	47792	46318	46831	46702	46858	46542	47155	48205	62473	65830	65092	64962	1.0322e+05	1.0357e+05	1.1150e+05	94811
44.489	47732	46230	46605	45744	46864	46599	47877	48716	61094	65614	65647	63708	1.0194e+05	1.0362e+05	1.1122e+05	95333
44.525	47966	46565	46868	46278	46443	47532	47955	49027	61770	65610	65744	65359	1.0242e+05	1.0375e+05	1.1132e+05	94747
44.561	47377	46544	46684	46667	46343	47293	47830	48697	60609	65043	66180	64843	1.0210e+05	1.0366e+05	1.1123e+05	94630
44.597	48401	45960	45812	46255	46824	47350	47153	48461	61255	65037	65432	64981	1.0223e+05	1.0384e+05	1.1167e+05	95316
44.633	48408	46490	46871	46123	46888	47187	47408	48546	61479	65394	65866	64847	1.0178e+05	1.0365e+05	1.1045e+05	94953
44.669	48516	46730	46737	46065	46547	46869	47301	49083	61427	65872	64672	65197	1.0284e+05	1.0336e+05	1.1120e+05	93892
44.706	48223	46661	47097	46358	46697	46626	47852	48141	61317	65195	64900	64589	1.0143e+05	1.0279e+05	1.1131e+05	96080
44.742	47737	45693	47080	45836	47771	46987	47085	48688	61846	65732	65216	65308	1.0248e+05	1.0237e+05	1.1100e+05	95726
44.778	48272	46092	47079	46366	47149	47588	47541	48926	61391	65355	65035	64992	1.0239e+05	1.0386e+05	1.1229e+05	94691
44.814	48082	46960	47021	45951	46286	47091	47724	49124	61177	65818	65210	65406	1.0223e+05	1.0192e+05	1.1132e+05	94435
44.850	47792	46031	46813	46022	46174	47363	47543	48359	61350	65228	65627	64610	1.0266e+05	1.0405e+05	1.1089e+05	95367
44.886	47367	46985	45980	46194	46807	47273	47614	49229	62037	65192	65228	64973	1.0204e+05	1.0417e+05	1.1034e+05	94691
44.922	48388	46309	46768	46649	47029	47039	47295	49096	61518	65583	64970	65519	1.0250e+05	1.0322e+05	1.1233e+05	95309
44.958	47146	46649	46516	46388	47165	46959	47442	49257	61398	65655	65082	64950	1.0276e+05	1.0339e+05	1.1144e+05	95428
44.994	47250	46736	46408	46586	46599	46142	47536	48550	61119	66211	65110	64650	1.0261e+05	1.0385e+05	1.1120e+05	94709
45.031	48361	46008	46568	46116	46363	46514	47645	48788	61367	64651	65287	65066	1.0266e+05	1.0452e+05	1.1055e+05	94932
45.067	48043	46599	47168	46834	46907	46938	47369	48214	62679	65747	66006	65073	1.0272e+05	1.0381e+05	1.1185e+05	96401
45.103	48089	46789	46665	46186	46807	47314	46846	48741	61513	65133	64529	65279	1.0215e+05	1.0395e+05	1.1181e+05	94532
45.139	48006	47065	46245	46689	47118	46737	47758	48222	61635	64754	65064	66286	1.0234e+05	1.0400e+05	1.1207e+05	95361
45.175	48095	46799	46353	46243	46224	46887	46940	48854	61534	65406	65553	65852	1.0214e+05	1.0380e+05	1.0996e+05	95263
45.211	47555	46214	46848	46042	46895	45969	47281	48659	60978	65090	65194	64540	1.0274e+05	1.0408e+05	1.1097e+05	94761
45.247	48338	46742	46887	46010	47149	46180	47755	49221	61933	64758	65293	65548	1.0357e+05	1.0353e+05	1.0990e+05	95716
45.283	47940	46268	46894	46949	46366	47242	47262	49054	61520	64877	64453	65053	1.0271e+05	1.0404e+05	1.1073e+05	94898
45.319	48332	46617	46854	46666	46577	46627	47084	48945	61873	65112	65654	65258	1.0303e+05	1.0379e+05	1.1174e+05	94397
45.356	48235	46102	46787	46774	46661	46419	47399	48879	60682	64681	65399	65103	1.0218e+05	1.0372e+05	1.1162e+05	94976
45.392	48004	46669	47289	46748	46476	46953	47875	48704	61623	65079	65549	64699	1.0270e+05	1.0314e+05	1.1130e+05	94852
45.428	47985	46538	47296	46072	46380	46589	47446	49229	61960	65958	64741	65916	1.0262e+05	1.0403e+05	1.1035e+05	94461
45.464	47508	47000	46075	46524	46080	47035	46932	48798	61210	64430	64970	65705	1.0230e+05	1.0388e+05	1.1261e+05	94724
45.500	47358	46240	46651	46355	46905	46915	46571	48534	61631	65567	65296	66497	1.0347e+05	1.0399e+05	1.1196e+05	94821
45.536	47447	46341	47368	46109	46125	46919	47375	49112	61500	65258	65339	65221	1.0231e+05	1.0444e+05	1.1026e+05	93921
45.572	47857	46300	46154	47077	46706	46590	46879	49370	61112	64926	65646	66045	1.0230e+05	1.0436e+05	1.1106e+05	95307
45.608	48420	46302	46714	46432	46454	46713	47563	48597	61484	65991	65319	65200	1.0166e+05	1.0342e+05	1.1184e+05	94522
45.644	48095	46458	46637	46574	45911	46882	47747	49267	61764	65901	64973	64598	1.0285e+05	1.0324e+05	1.1127e+05	94767
45.681	48008	46433	46118	47006	46847	47177	46827	48604	60622	65417	65784	64926	1.0191e+05	1.0437e+05	1.1160e+05	94001
45.717	47604	46160	47137	46049	46391	46169	47323	48564	61783	65349	65219	65143	1.0290e+05	1.0373e+05	1.1099e+05	93313
45.753	47560	46428	46459	46355	46655	46691	47013	48807	61688	65460	65076	66222	1.0335e+05	1.0327e+05	1.1045e+05	94725
45.789	48240	46630	46629	46604	46464	46604	47415	48847	61107	65186	65409	65237	1.0204e+05	1.0345e+05	1.1043e+05	95137
45.825	47491	46449	47038	46216	46391	47118	47036	48088	62253	65434	65635	65373	1.0178e+05	1.0402e+05	1.1133e+05	94290
45.861	48031	47381	47095	46096	46050	46341	47038	48635	61652	65566	65092	65891	1.0271e+05	1.0384e+05	1.1155e+05	94794
45.897	48548	46234	46801	46492	46630	46762	46988	48724	61048	65078	64809	65900	1.0287e+05	1.0399e+05	1.1168e+05	94925
45.933	48457	46034	46413	46886	46812	47072	47331	48170	61402	65919	64704	65470	1.0221e+05	1.0377e+05	1.1017e+05	95003
45.969	47985	46696	46479	46454	45893	46540	47372	48898	61057	64944	65482	65540	1.0231e+05	1.0474e+05	1.1076e+05	93610
46.006	47683	47302	46567	46419	47126	46847	47151	48588	61554	65224	64975	64994	1.0258e+05	1.0427e+05	1.1127e+05	94359
46.042	48351	46675	46775	46503	46223	46687	47673	48789	61584	65231	65226	66522	1.0252e+05	1.0523e+05	1.1147e+05	94570
46.078	48942	46387	47342	46067	46203	46686	47713	48975	61124	65542	65474	64897	1.0271e+05	1.0354e+05	1.1205e+05	95343
46.114	47556	46509	47204	46629	46500	46758	47308	48592	62088	65985	65102	65827	1.0213e+05	1.0353e+05	1.1141e+05	93747
46.150	48058	46156	47117	46294	46687	46555	47762	49059	61899	65978	64789	65561	1.0129e+05	1.0358e+05	1.1078e+05	94630
46.186	47890	46629	46307	46431	46132	46661	47320	49235	61456	65178	64563	66329	1.0275e+05	1.0295e+05	1.1167e+05	93937
46.222	47830	46778	46677	46099	46623	46817	47560	48708	61777	65678	65568	65277	1.0234e+05	1.0357e+05	1.1124e+05	94242
46.258	48343	46543	46825	46342	46255	47036	47335	48283	61912	65186	65664	66013	1.0218e+05	1.0376e+05	1.1048e+05	96002
46.294	47976	46081	46965	45753	47239	46468	46846	49131	61900	64999	65198	65563	1.0243e+05	1.0327e+05	1.1102e+05	94427
46.331	47954	47031	47850	46747	46348	47133	47488	48971	61801	65363	65119	65199	1.0219e+05	1.0356e+05	1.1081e+05	95884
46.367	48233	45788	46752	46231	46356	46298	47481	48877	60610	65628	64407	66337	1.0223e+05	1.0386e+05	1.1124e+05	94837
46.403	47805	46300	46923	46062	46764	46530	47576	48880	61540	65036	64864	64996	1.0295e+05	1.0337e+05	1.1067e+05	93950
46.439	47946	46144	46287	45500	46796	46748	47333	48821	62274	65201	65008	65891	1.0274e+05	1.0403e+05	1.1032e+05	93927
46.475	48007	46580	47328	46367	46301	46737	48048	48648	61573	65055	66447	66005	1.0310e+05	1.0414e+05	1.1118e+05	94087
46.511	48672	46871	46863	45803	46766	46621	47294	49307	61021	65495	65547	65401	1.0130e+05	1.0439e+05	1.1205e+05	94805
46.547	47973	46336	47258	46554	46110	47459	47552	48811	61506	64748	66288	65446	1.0301e+05	1.0351e+05	1.1106e+05	94584
46.583	48079	46950	46842	46613	46491	46414	48186	48449	61187	65339	64905	66117	1.0286e+05	1.0377e+05	1.1089e+05	94101
46.619	47693	46205	47009	46530	45606	46322	47377	48814	60970	64759	65103	65533	1.0238e+05	1.0423e+05	1.1216e+05	93818
46.656	47963	46761	47336	46536	45935	46439	47748	49186	62025	65064	64695	66303	1.0352e+05	1.0415e+05	1.1245e+05	93812
46.692	48253	46649	46673	46650	46265	47076	47696	48750	61770	65025	65372	66205	1.0350e+05	1.0475e+05	1.1117e+05	93766
46.728	48459	46314	46645	46958	46762	46256	47542	48732	61828	65344	65682	66014	1.0350e+05	1.0444e+05	1.1092e+05	94749
46.764	48528	46677	46569	46634	46359	46437	47076	48943	62314	64828	65602	65775	1.0343e+05	1.0453e+05	1.1074e+05	93659
46.800	47424	46664	46918	46376	46599	46964	47512	48572	61063	65405	65502	65488	1.0246e+05	1.0451e+05	1.0952e+05	94482
46.836	48506	46315	46609	46145	46733	46736	47769	48616	61690	64423	65780	65736	1.0295e+05	1.0491e+05	1.1088e+05	93799
46.872	48515	47178	46894	46198	46593	47094	47786	49623	61142	64717	64950	65695	1.0298e+05	1.0363e+05	1.1142e+05	95474
46.908	48486	46611	46819	46163	46350	46973	47837	48250	62142	64921	64860	66425	1.0338e+05	1.0480e+05	1.1115e+05	94179
46.944	49297	46303	47151	45710	46593	46803	47318	48543	61487	64551	65455	66055	1.0284e+05	1.0374e+05	1.1151e+05	93806
46.981	47833	46327	46782	46519	46727	46671	47404	48996	61645	65776	65385	66825	1.0253e+05	1.0301e+05	1.1092e+05	94673
47.017	48935	47208	46946	46292	46562	46346	47588	49188	61676	65359	65108	65244	1.0320e+05	1.0374e+05	1.1021e+05	94654
47.053	48111	46321	46952	46277	46201	46768	47481	48274	61947	65136	65633	65649	1.0301e+05	1.0328e+05	1.1155e+05	93951
47.089	47766	46247	47021	45984	46311	46670	47446	49705	61759	64488	64995	65141	1.0330e+05	1.0384e+05	1.0985e+05	94310
47.125	48191	45929	46758	46782	46009	46557	47733	49106	60874	65256	65820	65598	1.0343e+05	1.0406e+05	1.1101e+05	93764
47.161	47651	46074	47689	46071	46567	46535	47272	49211	61284	65224	65369	65531	1.0390e+05	1.0377e+05	1.1130e+05	93953
47.197	48261	46464	46703	46304	46857	46546	47133	48990	61892	66385	65199	65833	1.0262e+05	1.0451e+05	1.1118e+05	93829
47.233	48638	46919	47066	46758	46094	46838	47051	48675	61752	65336	64195	65680	1.0316e+05	1.0384e+05	1.1144e+05	94243
47.269	48424	46414	46774	46260	46537	46732	47658	49269	61563	65355	64877	65645	1.0302e+05	1.0464e+05	1.1201e+05	94768
47.306	48347	46872	46864	46829	46356	46673	48311	48975	61709	64549	64847	65169	1.0311e+05	1.0412e+05	1.1146e+05	94718
47.342	47597	46684	46906	46356	46036	46053	47994	48303	61495	65340	64066	65396	1.0247e+05	1.0428e+05	1.1130e+05	94393
47.378	47972	47111	46772	47132	46588	46792	47579	48296	62046	64873	63831	65685	1.0407e+05	1.0319e+05	1.1181e+05	93625
47.414	48626	46262	46691	45718	45996	47115	47202	48687	62304	64976	65135	65847	1.0319e+05	1.0488e+05	1.1233e+05	93841
47.450	48206	45830	46694	46938	46462	46246	47508	48595	61114	65243	65539	65921	1.0359e+05	1.0333e+05	1.1098e+05	93859
47.486	48054	47087	46273	46439	46748	46288	47083	48401	61813	64102	64744	66251	1.0430e+05	1.0473e+05	1.1098e+05	95077
47.522	48205	46435	47094	46580	46828	46836	47469	48889	60867	65434	65279	65637	1.0263e+05	1.0347e+05	1.1177e+05	94971
47.558	48526	46961	46776	46387	46320	46238	47743	49103	61499	64916	65108	65919	1.0385e+05	1.0474e+05	1.1312e+05	93573
47.594	48410	46496	46933	46289	46344	46654	47210	49028	62035	65278	65432	65306	1.0363e+05	1.0381e+05	1.1144e+05	94171
47.631	48983	46343	46716	45973	46875	46641	48096	49056	62013	64464	65036	66404	1.0349e+05	1.0462e+05	1.1092e+05	94798
47.667	48281	46201	47303	46637	46317	46752	47930	48390	61610	64683	65342	65575	1.0312e+05	1.0353e+05	1.1136e+05	94457
47.703	48094	46385	46714	46075	46828	46742	47206	48780	60887	65565	65159	66555	1.0300e+05	1.0413e+05	1.1108e+05	93508
47.739	47717	46847	47365	46155	46285	46616	47653	49092	60871	65114	65256	66017	1.0312e+05	1.0409e+05	1.1175e+05	93733
47.775	48707	46692	47119	46549	46422	47013	47245	48611	62200	64827	65952	66330	1.0285e+05	1.0330e+05	1.1195e+05	93622
47.811	47879	46916	47147	46500	45825	46758	47167	49158	61514	65623	65476	65529	1.0310e+05	1.0386e+05	1.1234e+05	94276
47.847	47975	46423	46920	46454	46759	46701	47868	49109	61208	65103	65226	66631	1.0250e+05	1.0423e+05	1.1152e+05	94449
47.883	48132	47021	47429	46299	46747	46738	47837	49062	61975	64776	64767	66774	1.0389e+05	1.0433e+05	1.1154e+05	93791
47.919	48250	46658	47425	47210	46336	46859	47689	48426	61604	65236	65403	65533	1.0300e+05	1.0432e+05	1.1221e+05	93734
47.956	48481	46308	47076	46164	46886	46509	47353	48804	62295	65183	64895	65721	1.0269e+05	1.0436e+05	1.1248e+05	94095
47.992	47373	46423	47336	46381	46592	46291	48004	48456	61239	65081	64721	66118	1.0388e+05	1.0423e+05	1.1207e+05	94492
48.028	48197	47024	46802	46437	46178	46377	47389	47948	61650	65143	64756	65652	1.0425e+05	1.0413e+05	1.1067e+05	94374
48.064	48649	46943	47233	46480	46721	47047	47238	48573	62040	65716	64051	65247	1.0308e+05	1.0364e+05	1.1212e+05	94162
48.100	48287	46350	47500	46377	46428	46156	47879	49311	61182	65385	64682	65436	1.0264e+05	1.0474e+05	1.1196e+05	94229
48.136	48107	46263	46614	46377	46794	46595	47691	48941	61743	64762	64630	65284	1.0326e+05	1.0404e+05	1.1056e+05	94671
48.172	48350	46703	46322	46941	46216	45958	47250	49287	61847	64739	64463	65726	1.0414e+05	1.0448e+05	1.1050e+05	94403
48.208	47594	46467	46274	45855	46335	46353	47653	48505	62110	65213	65249	65533	1.0242e+05	1.0448e+05	1.1172e+05	93218
48.244	48058	47186	47168	46511	46588	46019	47264	48994	61904	65082	64818	66062	1.0298e+05	1.0363e+05	1.1170e+05	94023
48.281	47774	46394	47156	46186	46674	46339	47085	48483	61874	65717	65845	65793	1.0338e+05	1.0404e+05	1.0996e+05	94142
48.317	48270	46574	46702	46936	47154	46582	47713	48910	61716	65957	65011	66122	1.0311e+05	1.0362e+05	1.1111e+05	94791
48.353	47851	46398	46531	46964	46318	45944	48216	48784	61657	64992	64314	65594	1.0392e+05	1.0408e+05	1.1096e+05	94619
48.389	47684	46819	47323	45968	46450	46393	47731	48446	61354	65028	64510	65846	1.0304e+05	1.0544e+05	1.1164e+05	93958
48.425	48403	46565	46824	46261	46791	46756	47963	49070	62081	64656	63999	66573	1.0388e+05	1.0395e+05	1.1223e+05	94038
48.461	48275	46370	46632	46189	46749	46160	47349	48624	62031	65108	64528	66400	1.0210e+05	1.0553e+05	1.1135e+05	93796
48.497	48930	46517	47252	46208	47072	46733	47468	48732	61409	65165	64675	66067	1.0286e+05	1.0377e+05	1.1145e+05	93743
48.533	47955	46797	47276	46309	47197	46052	47651	49345	60985	65666	64943	65854	1.0308e+05	1.0342e+05	1.1179e+05	93747
48.569	48594	46802	47213	46838	47354	46607	47220	48585	61049	65575	64721	65833	1.0310e+05	1.0392e+05	1.1165e+05	94220
48.606	48339	46176	46874	46334	47436	46405	47357	48490	60507	64899	63753	65793	1.0320e+05	1.0394e+05	1.1126e+05	94503
48.642	47504	46871	46793	46437	46860	46100	47893	48735	61630	65757	64299	65110	1.0332e+05	1.0409e+05	1.1252e+05	93607
48.678	48042	47257	46853	46327	46970	46275	47331	49009	61752	65656	64662	65745	1.0343e+05	1.0413e+05	1.1138e+05	94194
48.714	47968	47232	47371	46276	47069	46496	47425	49322	61991	65471	64392	66051	1.0317e+05	1.0393e+05	1.1096e+05	94552
48.750	47712	47050	47029	46922	47090	46252	47825	48624	62073	65453	63764	66084	1.0366e+05	1.0479e+05	1.1095e+05	94552
48.786	47471	46833	46906	46009	47361	47320	47024	49460	61660	65203	64963	65523	1.0251e+05	1.0443e+05	1.1166e+05	94125
48.822	47512	47239	46478	46128	46918	46511	47351	48413	61716	64229	64370	66105	1.0340e+05	1.0430e+05	1.1034e+05	94384
48.858	47129	47878	47646	47225	46446	46837	47685	48207	61343	65316	64791	65627	1.0443e+05	1.0348e+05	1.1161e+05	95430
48.894	46919	46804	47697	47079	46777	46124	46455	48934	61652	64872	63896	65455	1.0373e+05	1.0450e+05	1.1160e+05	94657
48.931	47356	46781	47226	46025	47077	46335	47839	48207	61465	64648	63853	66255	1.0333e+05	1.0254e+05	1.1145e+05	93345
48.967	47316	46137	46957	46294	46565	46593	47085	48281	61729	65083	64930	65516	1.0303e+05	1.0367e+05	1.1102e+05	93174
49.003	47387	46983	46982	46973	46229	46692	47458	48488	62089	65069	64458	65989	1.0286e+05	1.0338e+05	1.1185e+05	93984
49.039	47524	46283	46641	46564	46857	46417	47653	48217	61457	65442	64451	65705	1.0212e+05	1.0252e+05	1.1064e+05	94866
49.075	47510	46849	46672	47275	45996	46750	47400	48658	61568	65038	63760	65350	1.0331e+05	1.0266e+05	1.1115e+05	94297
49.111	47432	46504	46722	47116	46801	45962	47584	49280	61568	65426	64350	65504	1.0460e+05	1.0407e+05	1.1137e+05	94888
49.147	47479	46318	47083	46502	46211	47223	46869	48664	61687	65213	64054	65273	1.0252e+05	1.0371e+05	1.1155e+05	93520
49.183	47667	46619	46682	45829	46831	46914	47124	48189	61779	65306	64444	66348	1.0484e+05	1.0383e+05	1.1045e+05	93672
49.219	47481	46453	47006	46915	46937	46663	47039	48493	61489	65144	64216	66333	1.0391e+05	1.0378e+05	1.1077e+05	93551
49.256	47514	46619	46983	46702	47263	46813	47224	48935	62239	65346	64404	65225	1.0271e+05	1.0388e+05	1.1028e+05	93450
49.292	47711	46916	46748	46266	46716	46371	47394	48980	62179	65749	64132	66444	1.0352e+05	1.0485e+05	1.1169e+05	93754
49.328	48209	47511	47059	46669	46632	46404	46857	48755	61321	65278	64358	66385	1.0361e+05	1.0343e+05	1.1230e+05	94080
49.364	47656	46938	46745	46154	46979	46910	47118	49273	62032	65064	64219	65440	1.0348e+05	1.0431e+05	1.1127e+05	94221
49.400	47984	46627	47740	45934	47446	46543	47001	49134	62061	65151	63610	65467	1.0405e+05	1.0399e+05	1.1138e+05	94491
49.436	47288	47000	46789	46695	46818	46755	47238	49069	61507	65619	64373	65264	1.0425e+05	1.0329e+05	1.1103e+05	93988
49.472	47395	47058	47482	46476	47559	46729	47300	48985	61986	64809	63737	66150	1.0285e+05	1.0338e+05	1.1195e+05	93680
49.508	47672	46550	47629	46855	46195	47393	47456	48952	61590	64821	64205	66066	1.0379e+05	1.0294e+05	1.1146e+05	94148
49.544	47285	47162	47146	46317	46982	47176	47181	49001	61330	65362	65103	66105	1.0327e+05	1.0442e+05	1.1179e+05	94151
49.581	47417	46753	46956	46502	46219	46719	47445	48413	62011	64834	63892	65391	1.0379e+05	1.0423e+05	1.1229e+05	94037
49.617	47545	46112	46961	46831	46290	46911	47239	48676	61451	65502	64478	66005	1.0338e+05	1.0397e+05	1.1077e+05	93516
49.653	47215	46741	47187	46534	46782	46615	46811	48788	61596	64912	63764	66402	1.0379e+05	1.0406e+05	1.1258e+05	94757
49.689	47384	46641	46486	46836	47065	46766	47187	48754	61815	65139	64584	66968	1.0313e+05	1.0320e+05	1.1140e+05	94306
49.725	46830	46955	47344	46757	46555	46589	46885	49204	61571	64963	63799	64412	1.0427e+05	1.0374e+05	1.1098e+05	94174
49.761	47534	46704	46659	46622	46901	46376	47694	48674	61268	65325	64127	64375	1.0393e+05	1.0382e+05	1.1160e+05	94791
49.797	47241	46877	46899	46397	46271	45985	47332	48410	61827	65903	64043	65014	1.0406e+05	1.0322e+05	1.1120e+05	93817
49.833	47447	45803	47032	46300	46664	46472	46951	48656	61992	65505	63552	65672	1.0256e+05	1.0387e+05	1.1088e+05	94044
49.869	46843	47065	47042	46302	47105	47007	46888	49613	61342	65800	64823	65237	1.0264e+05	1.0378e+05	1.1175e+05	94021
49.906	46932	46729	47152	45980	46912	46607	46997	48338	61600	65971	65183	64710	1.0299e+05	1.0273e+05	1.1159e+05	94723
49.942	46840	46387	46871	46699	46936	46708	47238	49300	61812	65471	64841	65920	1.0261e+05	1.0321e+05	1.1231e+05	94015
49.978	47649	46755	46845	46965	46482	46715	47328	48287	61677	64701	64324	64936	1.0354e+05	1.0335e+05	1.1115e+05	93619
50.014	47096	46385	46968	46161	46690	46756	46638	48542	61407	65734	63739	65664	1.0358e+05	1.0309e+05	1.1179e+05	93676
50.050	47091	46555	46962	46023	46647	46811	47363	48766	61215	65095	64779	65575	1.0285e+05	1.0314e+05	1.1137e+05	93314
50.086	46536	47188	47001	46655	47115	46690	46819	48222	61245	66487	64009	64474	1.0289e+05	1.0370e+05	1.1116e+05	93388
50.122	46501	46415	47215	46788	46813	46118	47049	48819	62863	65940	64921	65865	1.0392e+05	1.0418e+05	1.1116e+05	93898
50.158	47212	46572	47167	46594	47345	46077	47468	48927	61251	65145	63869	65322	1.0324e+05	1.0375e+05	1.1028e+05	94398
50.194	46842	46880	47038	47008	46840	46920	46978	49068	61339	64902	63465	65343	1.0266e+05	1.0334e+05	1.1145e+05	93453
50.231	46775	47389	46661	46260	46323	46862	47425	48358	61250	65305	64220	65523	1.0307e+05	1.0420e+05	1.1173e+05	94396
50.267	47191	46224	47423	46636	46242	46907	46288	48236	62209	66020	63925	65645	1.0336e+05	1.0350e+05	1.1134e+05	92826
50.303	46823	46591	46691	46581	45931	46636	47189	48224	61527	65744	64198	64621	1.0349e+05	1.0345e+05	1.1204e+05	93735
50.339	46184	46980	47446	46901	46561	47223	47230	48497	62102	65988	64361	65717	1.0372e+05	1.0482e+05	1.1176e+05	93886
50.375	46358	47451	47434	46922	46736	47231	46801	48437	62427	65290	64668	64950	1.0204e+05	1.0367e+05	1.1219e+05	94204
50.411	46651	46940	47002	46496	46288	46791	47701	49047	62385	65346	64076	64875	1.0302e+05	1.0403e+05	1.1182e+05	94466
50.447	46645	46486	47053	46510	46401	46622	46238	48808	61885	65400	64038	65565	1.0294e+05	1.0349e+05	1.1140e+05	93014
50.483	46856	47007	46948	46643	46587	46533	47147	48731	61379	65706	63929	64886	1.0338e+05	1.0397e+05	1.1165e+05	93917
50.519	46769	47018	47164	46423	46392	47061	47515	48135	61397	65233	64594	64792	1.0362e+05	1.0427e+05	1.1140e+05	93348
50.556	46625	47024	46886	46487	46529	46267	47032	48702	62429	65982	64766	65239	1.0327e+05	1.0243e+05	1.1185e+05	93078
50.592	47145	46944	47043	46118	46866	46219	47409	48300	62070	65530	64275	65236	1.0283e+05	1.0372e+05	1.1156e+05	93238
50.628	46224	46629	47045	46490	47048	47201	47814	49066	61864	65471	64624	65225	1.0342e+05	1.0377e+05	1.1114e+05	94371
50.664	46519	47063	46874	46593	46972	46409	47332	48877	61510	65306	63719	65429	1.0329e+05	1.0441e+05	1.1149e+05	94082
50.700	47086	46808	47677	46488	46710	46665	47223	48134	61569	65628	64279	65685	1.0428e+05	1.0390e+05	1.1137e+05	94005
50.736	46936	46448	47039	46235	47450	46554	46849	48208	62077	66050	64122	64627	1.0410e+05	1.0360e+05	1.1128e+05	94635
50.772	47206	46706	47006	46956	46639	46614	46509	48504	61575	66148	64653	64615	1.0215e+05	1.0354e+05	1.1087e+05	93009
50.808	46737	46702	46676	46473	46178	46194	47062	48330	60614	65020	64275	64465	1.0212e+05	1.0307e+05	1.1166e+05	93695
50.844	46366	46995	47112	46572	46624	46046	47247	48217	61798	64890	64200	64343	1.0331e+05	1.0472e+05	1.1068e+05	93696
50.881	47146	47079	47112	47075	46145	46369	46877	48548	61182	65210	64683	65346	1.0249e+05	1.0355e+05	1.1165e+05	93611
50.917	47077	47031	47167	46326	46571	47264	47083	48300	61833	65917	64742	65084	1.0324e+05	1.0408e+05	1.1121e+05	93210
50.953	46380	46729	47395	46684	46389	46721	46817	48862	61970	66267	64896	64940	1.0396e+05	1.0392e+05	1.1017e+05	94140
50.989	46944	46835	46555	46210	47469	47084	47096	48564	61763	64924	64197	64837	1.0292e+05	1.0452e+05	1.1058e+05	93859
51.025	46722	46909	46438	46378	47177	47022	47265	48311	61735	64754	64350	64767	1.0460e+05	1.0423e+05	1.1147e+05	93979
51.061	46002	47063	47372	46175	46270	47245	47034	48576	61909	65811	64197	65432	1.0349e+05	1.0353e+05	1.1120e+05	93254
51.097	46393	47157	47410	46009	46596	47089	46958	48615	62219	65525	64914	65281	1.0371e+05	1.0280e+05	1.1123e+05	94238
51.133	46148	46925	47233	46097	46527	46359	46528	49044	61350	65526	64816	64546	1.0314e+05	1.0377e+05	1.1165e+05	94143
51.169	46449	46520	47567	46630	46679	47077	46952	48777	62078	66006	64347	64409	1.0350e+05	1.0448e+05	1.1104e+05	93668
51.206	46121	46831	47603	46315	46938	46517	46874	48705	61710	65552	64166	64801	1.0297e+05	1.0362e+05	1.1107e+05	93353
51.242	46358	46483	46979	46600	46302	46521	47107	49335	61809	65767	63990	64865	1.0407e+05	1.0376e+05	1.1125e+05	93106
51.278	46532	46922	47226	46617	46470	47257	46823	48739	62230	65179	63590	65205	1.0337e+05	1.0339e+05	1.1057e+05	94503
51.314	46394	46407	47259	46065	45914	47004	47262	48652	62120	65314	63822	64551	1.0327e+05	1.0263e+05	1.1230e+05	93769
51.350	46621	47290	47279	46726	46847	46783	47017	48484	62554	65286	64383	64790	1.0325e+05	1.0276e+05	1.1140e+05	92782
51.386	46621	46705	46838	46883	46149	47126	46989	48548	61495	65211	63850	64560	1.0358e+05	1.0340e+05	1.1121e+05	94156
51.422	47173	47138	46943	46452	46702	46711	46760	48671	62037	65403	63516	64991	1.0378e+05	1.0394e+05	1.1122e+05	93185
51.458	46863	46778	47242	46529	46977	46837	47574	48022	62337	64834	64197	64100	1.0413e+05	1.0339e+05	1.1127e+05	93610
51.494	46946	46767	47226	46552	46640	46869	47052	48889	61460	65626	63510	65950	1.0339e+05	1.0273e+05	1.1129e+05	93560
51.531	47067	45950	47488	46008	46676	46830	47373	48885	60637	65478	64027	64693	1.0377e+05	1.0403e+05	1.0983e+05	93714
51.567	47250	47135	46625	46233	46607	46645	47628	48558	61071	66232	64304	64463	1.0287e+05	1.0406e+05	1.1161e+05	93234
51.603	45940	46636	47341	46803	46286	46607	46899	48487	62009	65889	64241	64919	1.0461e+05	1.0314e+05	1.1071e+05	93603
51.639	47285	46513	46272	46602	46217	46616	46926	48041	61866	65801	64776	64736	1.0330e+05	1.0404e+05	1.1115e+05	94490
51.675	47132	46812	47100	46820	47024	46597	46238	48136	61937	66159	64376	64639	1.0324e+05	1.0369e+05	1.1003e+05	93855
51.711	46174	46748	47771	46736	46667	46269	46694	48389	61361	64606	63824	64828	1.0347e+05	1.0293e+05	1.1080e+05	93658
51.747	46614	46581	46746	46442	46679	46486	46518	48894	63394	65467	64312	64465	1.0258e+05	1.0265e+05	1.1134e+05	94196
51.783	47159	47134	47055	46978	46762	46805	47265	49333	62297	65766	64594	64820	1.0419e+05	1.0382e+05	1.1133e+05	92721
51.819	46322	46879	46343	46228	46826	46693	47290	47942	61897	65463	64736	64633	1.0272e+05	1.0362e+05	1.1098e+05	93802
51.856	47241	46603	47516	47047	46758	46639	46749	48666	61987	64953	64423	64126	1.0280e+05	1.0366e+05	1.1066e+05	94067
51.892	46207	46505	47179	46658	46953	47336	46802	49056	61411	65771	64261	65057	1.0341e+05	1.0442e+05	1.1265e+05	92993
51.928	46494	47327	47350	46744	46783	47102	47649	48845	62544	66144	64017	64388	1.0228e+05	1.0417e+05	1.1038e+05	93404
51.964	46706	46640	46547	46908	46623	46666	46786	47761	61310	65365	64238	64358	1.0338e+05	1.0235e+05	1.1097e+05	93910
52.000	46564	46921	47251	46804	46205	46863	47205	47859	61902	66022	64008	64597	1.0397e+05	1.0330e+05	1.1170e+05	93335
52.036	46811	46822	47027	46873	46451	46816	47154	48580	61174	65630	63829	64773	1.0298e+05	1.0450e+05	1.1033e+05	92500
52.072	47065	46409	46926	47230	46756	47205	46738	48961	62290	65182	64810	64646	1.0370e+05	1.0297e+05	1.1169e+05	93873
52.108	47100	47020	46761	47074	46250	46724	46569	48608	62667	65067	64796	65064	1.0344e+05	1.0370e+05	1.1151e+05	93850
52.144	47193	46653	47122	46994	46227	47050	47356	48871	62420	65158	64752	63863	1.0334e+05	1.0442e+05	1.1141e+05	93864
52.181	46549	47219	47044	45798	46627	46678	47467	48848	61920	65683	64109	64919	1.0369e+05	1.0339e+05	1.1186e+05	93592
52.217	46382	47017	46705	46708	46661	46940	47389	48275	61634	65762	64569	65037	1.0398e+05	1.0399e+05	1.1139e+05	93527
52.253	47162	46990	47974	46539	46486	46713	47066	48134	61617	66309	63903	64143	1.0458e+05	1.0367e+05	1.1160e+05	92733
52.289	46290	46489	47074	46305	46672	46288	46610	48768	61917	65907	64572	64793	1.0349e+05	1.0347e+05	1.1138e+05	93767
52.325	46704	47049	47036	46409	47361	46252	47267	48959	60852	66122	64743	64833	1.0211e+05	1.0305e+05	1.1141e+05	93761
52.361	46632	46863	47077	46220	46111	46247	47162	48672	61188	65891	64425	63917	1.0277e+05	1.0467e+05	1.1163e+05	93737
52.397	46801	46601	47002	46203	46250	46894	46784	48184	62096	65831	65029	64589	1.0302e+05	1.0372e+05	1.1077e+05	93034
52.433	46620	46496	46249	46390	46858	47086	47298	48431	62073	66008	64400	64450	1.0274e+05	1.0390e+05	1.1124e+05	92894
52.469	46222	45944	47136	46385	47335	46589	46827	47915	62060	66800	64850	65665	1.0311e+05	1.0316e+05	1.1042e+05	92904
52.506	46992	46842	46649	46200	46828	46548	46904	48656	62083	66730	64864	64812	1.0364e+05	1.0274e+05	1.1066e+05	94407
52.542	46500	46898	47179	45907	46510	47075	47149	48776	61925	65432	64478	64590	1.0331e+05	1.0504e+05	1.1070e+05	93967
52.578	47096	46408	47083	46404	46464	46329	47000	48264	61203	65500	64129	65170	1.0447e+05	1.0282e+05	1.1165e+05	94145
52.614	46657	46661	46281	46873	47399	47133	46705	48327	61543	65851	64110	64075	1.0349e+05	1.0273e+05	1.1152e+05	93775
52.650	46965	46506	47136	46425	46611	47495	47447	48718	61849	65654	64061	65002	1.0264e+05	1.0412e+05	1.1052e+05	93716
52.686	46492	46779	46585	46678	46418	46645	46838	48398	62655	65412	64257	65016	1.0277e+05	1.0297e+05	1.1070e+05	93030
52.722	46174	46977	47612	47151	46376	46587	46897	47878	61675	65663	64556	65023	1.0244e+05	1.0400e+05	1.1038e+05	93517
52.758	46422	46990	46843	46373	46620	46366	47057	48515	62319	65738	64876	65317	1.0319e+05	1.0343e+05	1.0978e+05	93469
52.794	46765	46876	46834	46752	47293	46020	46638	48471	62207	65062	64359	64561	1.0287e+05	1.0374e+05	1.1075e+05	94132
52.831	46053	47035	46900	46278	46757	46334	46613	47806	62115	65260	64193	64143	1.0358e+05	1.0343e+05	1.1098e+05	92939
52.867	47371	47194	47279	46101	47048	46776	46947	47896	61825	66594	64420	64333	1.0326e+05	1.0340e+05	1.1077e+05	93140
52.903	46822	46470	47364	46633	47419	46762	46484	48545	61540	65785	64128	64222	1.0404e+05	1.0321e+05	1.0975e+05	93942
52.939	47268	46475	47393	46163	46578	46592	46728	49102	61494	65697	64542	64887	1.0359e+05	1.0359e+05	1.1105e+05	93621
52.975	46640	46403	47269	46486	46824	46461	46388	47857	61175	65350	64440	64899	1.0191e+05	1.0391e+05	1.1119e+05	93313
53.011	46389	47073	47259	46364	46869	46814	46294	48380	61506	65437	63564	64859	1.0334e+05	1.0426e+05	1.1100e+05	94267
53.047	46462	46214	47520	46265	46464	47698	46578	48991	61238	66138	63969	65378	1.0305e+05	1.0363e+05	1.1060e+05	94564
53.083	46648	47524	46524	46383	46802	46720	47041	48353	61889	65847	63518	64659	1.0321e+05	1.0370e+05	1.1065e+05	92347
53.119	46574	47136	46997	46742	46302	46218	46163	48200	61356	66282	64633	65209	1.0406e+05	1.0352e+05	1.1124e+05	93410
53.156	47061	47024	47371	46559	46603	46703	46865	48354	61334	65317	64250	63864	1.0389e+05	1.0366e+05	1.1163e+05	93121
53.192	46945	46554	46864	46601	46228	46957	46728	48417	62147	66293	64156	65529	1.0292e+05	1.0298e+05	1.1068e+05	94217
53.228	47046	46368	47004	46824	46754	46713	46327	47759	61927	65890	64472	64623	1.0347e+05	1.0459e+05	1.0946e+05	92649
53.264	46030	46411	47338	46181	46683	47336	47007	48502	61882	65589	63818	64226	1.0258e+05	1.0371e+05	1.1019e+05	93297
53.300	46558	45992	46745	46150	46607	47028	46189	48008	62058	66154	64207	64093	1.0406e+05	1.0451e+05	1.1022e+05	93863
53.336	47028	46788	47032	46686	46116	46947	46899	48374	61575	65575	64157	64544	1.0248e+05	1.0362e+05	1.1172e+05	93477
53.372	46687	46912	46749	46635	46203	46453	46486	47622	62737	65455	63852	64885	1.0205e+05	1.0318e+05	1.1056e+05	92880
53.408	46430	46616	46760	46885	46818	47075	46994	48138	62956	65269	63774	65567	1.0192e+05	1.0231e+05	1.1040e+05	92838
53.444	46856	46398	46698	46790	46433	46195	46730	47629	62646	65669	64308	64250	1.0276e+05	1.0263e+05	1.1030e+05	93344
53.481	46561	46993	47555	45858	46501	46808	46782	48410	61446	66355	64962	64303	1.0236e+05	1.0425e+05	1.0997e+05	93870
53.517	47073	46916	47548	46710	46279	46949	46724	47768	61575	65567	65122	64441	1.0281e+05	1.0371e+05	1.0951e+05	93424
53.553	47029	46230	46907	46604	46976	46345	47007	48580	62482	66289	64645	64804	1.0211e+05	1.0353e+05	1.0982e+05	93169
53.589	47110	46744	47514	46222	46734	47073	46342	48426	61267	65956	63987	63853	1.0242e+05	1.0468e+05	1.1062e+05	92889
53.625	47086	46993	47166	46835	46616	46111	46433	47983	62097	65707	64619	64314	1.0152e+05	1.0362e+05	1.1135e+05	93511
53.661	46790	47245	47162	46604	46270	46947	46610	48540	61770	65068	64033	63844	1.0278e+05	1.0381e+05	1.1131e+05	93543
53.697	47211	47128	47273	46756	46565	45915	46030	47703	61648	65373	64051	64388	1.0303e+05	1.0417e+05	1.1031e+05	93570
53.733	46654	47245	46464	46378	46607	46648	46368	48762	61648	65597	63716	64045	1.0200e+05	1.0399e+05	1.1009e+05	93887
53.769	46746	46688	47248	46811	46817	47285	46697	47775	61713	66255	64590	64466	1.0238e+05	1.0279e+05	1.0976e+05	93616
53.806	46481	46460	47486	46892	46839	46957	47032	48228	61773	65681	64691	64268	1.0327e+05	1.0390e+05	1.0990e+05	93030
53.842	46437	46797	46730	46988	46264	46548	46416	48525	61811	65256	64012	65206	1.0220e+05	1.0373e+05	1.1021e+05	93975
53.878	47288	46675	48002	46245	46813	47195	45732	48538	61716	66340	64099	64583	1.0253e+05	1.0393e+05	1.1008e+05	92970
53.914	46578	46998	46361	46578	46900	46408	46503	47902	61873	64880	63925	64361	1.0194e+05	1.0398e+05	1.1100e+05	92500
53.950	46760	47526	46983	46688	46447	46871	46665	47602	61876	65359	64656	65494	1.0096e+05	1.0427e+05	1.1092e+05	92850
53.986	46629	46775	47031	46887	46209	46937	46277	48133	61498	66283	64008	64925	1.0286e+05	1.0360e+05	1.1096e+05	93983
54.022	46551	47182	47721	47131	46224	46345	46448	48184	61137	65997	64129	64813	1.0372e+05	1.0263e+05	1.1040e+05	93823
54.058	46968	46603	47414	46865	47180	46674	46592	48711	60633	65940	63976	64909	1.0276e+05	1.0308e+05	1.1049e+05	92916
54.094	46463	46769	46991	47166	46696	46537	46847	48738	61822	66203	64564	64800	1.0339e+05	1.0528e+05	1.1007e+05	92483
54.131	46456	46429	46992	46389	46112	46635	46925	48409	61722	66364	64619	64598	1.0267e+05	1.0382e+05	1.0923e+05	93957
54.167	47053	47228	48017	46520	47380	46841	47027	48544	62387	66341	64015	65402	1.0341e+05	1.0349e+05	1.1138e+05	93132
54.203	46667	47139	47413	46772	46503	45975	46744	48877	61981	65653	64259	64259	1.0371e+05	1.0380e+05	1.1069e+05	93697
54.239	46583	46888	47228	46981	46780	46900	46362	48438	61560	66019	64731	64978	1.0309e+05	1.0436e+05	1.1090e+05	93323
54.275	46880	46406	47024	46927	47392	47118	46520	48703	61781	65462	64089	64351	1.0191e+05	1.0349e+05	1.1018e+05	93306
54.311	46679	46927	47005	46486	47423	46822	46360	48090	61797	65562	63542	64974	1.0334e+05	1.0445e+05	1.1092e+05	92860
54.347	46968	47385	47226	47522	47274	46662	46048	48065	62266	65619	63907	64330	1.0262e+05	1.0308e+05	1.1039e+05	93011
54.383	46182	46899	46811	46751	47208	46477	46437	49030	60599	65873	63813	64762	1.0165e+05	1.0238e+05	1.0991e+05	92882
54.419	46578	46836	47791	46458	45829	47295	46787	48677	61489	65619	63776	65216	1.0240e+05	1.0319e+05	1.0955e+05	92625
54.456	45931	46763	47412	47307	46931	46343	47049	48845	61130	64819	64964	64515	1.0231e+05	1.0333e+05	1.1007e+05	93574
54.492	47125	46675	46977	46858	46366	46969	46564	48433	61334	65076	64155	64460	1.0301e+05	1.0350e+05	1.0970e+05	92531
54.528	46561	46925	46562	46718	46832	46395	47521	48276	61928	66498	65076	64046	1.0177e+05	1.0383e+05	1.1097e+05	93353
54.564	46762	46704	47511	46770	47160	47485	46159	48200	62471	65166	64420	63720	1.0266e+05	1.0335e+05	1.1056e+05	93522
54.600	46708	46907	46987	46522	46718	46084	46163	47799	61951	66536	63930	64424	1.0266e+05	1.0426e+05	1.0992e+05	93972
54.636	46813	46640	46962	46480	46615	46353	46611	48538	61518	65743	63962	65175	1.0244e+05	1.0343e+05	1.1050e+05	93911
54.672	46920	47287	47005	47100	46685	46508	46220	48338	61376	66122	64644	64585	1.0291e+05	1.0369e+05	1.1062e+05	93606
54.708	47104	46534	47129	46550	46790	46966	46080	48026	62161	66084	64740	64791	1.0190e+05	1.0260e+05	1.1014e+05	93732
54.744	46919	46670	46991	46666	46803	46751	46703	48846	61328	65080	64437	64621	1.0105e+05	1.0367e+05	1.0944e+05	92654
54.781	47441	46981	47120	46784	46587	46201	46601	48193	62012	64898	64817	65236	1.0269e+05	1.0414e+05	1.0968e+05	92628
54.817	46319	47421	46553	46700	46873	46777	46423	48387	62021	66122	64939	64033	1.0218e+05	1.0343e+05	1.1046e+05	92872
54.853	46426	46963	47466	46489	47183	47296	46549	48164	61122	65897	64829	64489	1.0212e+05	1.0383e+05	1.0945e+05	92385
54.889	47405	46926	47669	46383	46609	47067	46848	48236	61327	65418	64833	64836	1.0189e+05	1.0402e+05	1.1054e+05	92723
54.925	46602	46598	46626	46847	46979	47221	46728	48376	61654	66429	64515	65178	1.0186e+05	1.0377e+05	1.1043e+05	93620
54.961	46885	47461	46903	46533	46841	46573	46025	48857	61182	65807	64505	64315	1.0215e+05	1.0397e+05	1.1062e+05	93817
54.997	46599	46620	47041	46218	45968	46611	46354	48498	62109	65701	64849	64828	1.0188e+05	1.0367e+05	1.0858e+05	93793
55.033	45911	46260	47223	46415	46337	47176	46752	48684	61178	65557	64460	64809	1.0179e+05	1.0432e+05	1.1072e+05	93832
55.069	46591	47219	47159	46904	46787	47348	46176	48313	61865	65907	63441	64354	1.0159e+05	1.0489e+05	1.1017e+05	93367
55.106	47224	46652	47201	46349	46070	47210	46553	48370	62414	65960	63833	64648	1.0152e+05	1.0349e+05	1.1007e+05	94080
55.142	47451	47111	47844	47190	46325	46741	46666	48084	61725	65275	63863	64428	1.0237e+05	1.0461e+05	1.1084e+05	93428
55.178	46459	46839	46784	46482	46066	46908	45886	47844	61207	64895	64244	64494	1.0231e+05	1.0359e+05	1.0954e+05	93553
55.214	47265	46564	47164	46636	47095	46150	46912	48576	61915	66118	64529	64956	1.0247e+05	1.0354e+05	1.1022e+05	93306
55.250	46855	47162	46191	46556	46882	46402	46506	47913	61843	65479	64376	64924	1.0235e+05	1.0452e+05	1.0964e+05	93123
55.286	47201	47103	47219	46488	47075	46482	46784	48251	62305	65445	64705	64748	1.0198e+05	1.0485e+05	1.1050e+05	93567
55.322	46769	47006	47445	46694	47022	46441	46385	48961	61783	65237	65113	64448	1.0213e+05	1.0396e+05	1.0986e+05	94521
55.358	47246	46932	46807	46267	46926	46061	46196	47787	62122	66021	64380	64832	1.0181e+05	1.0399e+05	1.1023e+05	93727
55.394	46914	47283	46617	47282	46658	46684	46111	48651	61319	66189	64403	64850	1.0222e+05	1.0363e+05	1.0960e+05	93737
55.431	46690	46703	46722	46528	46209	46666	45613	48506	61235	65618	63726	64933	1.0295e+05	1.0374e+05	1.0976e+05	93075
55.467	46862	47211	46795	46338	46793	46958	46426	48222	61541	65911	64049	65021	1.0197e+05	1.0475e+05	1.0999e+05	92874
55.503	46904	46730	47063	47555	46613	46253	46380	48906	61174	65799	63189	64386	1.0189e+05	1.0392e+05	1.0953e+05	93720
55.539	47050	46817	46760	46666	46973	46981	45936	48348	61660	65724	64016	64565	1.0256e+05	1.0370e+05	1.1041e+05	93286
55.575	46641	47495	47388	46692	46466	47364	46268	48249	62043	65945	64336	64189	1.0194e+05	1.0424e+05	1.1058e+05	94545
55.611	46675	46630	46828	46666	46516	46456	46561	48055	61597	65031	64917	64805	1.0176e+05	1.0419e+05	1.1030e+05	94945
55.647	47329	46526	46673	46720	46688	47057	47077	48552	62514	65598	64447	64449	1.0166e+05	1.0457e+05	1.1039e+05	93380
55.683	47239	46899	47170	46457	46619	46566	47132	48316	62117	65139	64074	64967	1.0332e+05	1.0453e+05	1.1050e+05	92988
55.719	47129	46826	47306	46335	46714	46854	46502	48427	61709	65731	63947	65020	1.0338e+05	1.0341e+05	1.1040e+05	91871
55.756	46789	46722	46808	46243	46694	46479	46808	48534	61047	65814	63465	64866	1.0217e+05	1.0467e+05	1.1174e+05	93576
55.792	46740	47125	46675	46584	46736	46164	45913	48227	62042	65477	64770	64491	1.0233e+05	1.0428e+05	1.0945e+05	92919
55.828	46857	46801	47237	47458	46282	46039	46685	48197	61706	65773	63525	64315	1.0214e+05	1.0333e+05	1.0944e+05	92889
55.864	47380	47075	47044	46704	47090	47482	46401	48512	61733	66233	64227	64783	1.0168e+05	1.0422e+05	1.1084e+05	94047
55.900	47029	46689	46988	47293	46804	46184	46513	48346	60832	65503	64885	64804	1.0160e+05	1.0419e+05	1.0988e+05	93336
55.936	47075	46902	47210	46444	46332	46786	46762	48600	61601	65685	65166	64944	1.0217e+05	1.0444e+05	1.1130e+05	93655
55.972	46327	46416	47057	47167	46697	46960	46768	48858	62143	66348	65161	64877	1.0286e+05	1.0446e+05	1.0983e+05	93562
56.008	46422	46923	46174	47168	46849	47136	46494	48359	61888	66167	63704	63934	1.0219e+05	1.0441e+05	1.1030e+05	92919
56.044	47309	46670	47944	47224	46446	46920	46726	47645	62463	66222	63780	64168	1.0112e+05	1.0267e+05	1.1047e+05	93112
56.081	46587	46676	47029	47096	46438	46817	46307	48481	62090	66316	64182	65331	1.0230e+05	1.0549e+05	1.0995e+05	93675
56.117	46867	47282	46816	47480	46369	46634	46131	48242	60667	65949	64483	64935	1.0133e+05	1.0432e+05	1.0968e+05	92990
56.153	46780	47208	46946	46173	46651	46436	47078	47395	61883	65119	63328	65028	1.0225e+05	1.0443e+05	1.1033e+05	93844
56.189	47140	46835	47687	46454	46334	46641	47306	48178	61091	65765	64792	64323	1.0148e+05	1.0422e+05	1.0982e+05	93694
56.225	47005	46813	47236	46556	46283	46957	47087	47550	61583	65929	64274	65057	1.0237e+05	1.0400e+05	1.1081e+05	93286
56.261	46986	46317	47185	47229	46683	46660	46952	48240	60760	66281	63977	65063	1.0154e+05	1.0519e+05	1.1034e+05	93752
56.297	47036	46785	46763	46408	45921	46572	45795	48964	61587	65286	64136	65340	1.0185e+05	1.0372e+05	1.0940e+05	92750
56.333	47469	46902	46815	46709	46944	47279	46255	49311	61746	66689	64774	64802	1.0166e+05	1.0360e+05	1.1008e+05	93645
56.369	46657	46715	47604	47025	46523	47495	46465	48226	62266	66234	64051	64918	1.0204e+05	1.0394e+05	1.1013e+05	92785
56.406	47033	47305	46821	46182	45654	46463	46369	48175	62192	66291	64509	64891	1.0244e+05	1.0407e+05	1.0918e+05	92519
56.442	47135	47223	47263	46676	45935	47095	47039	48490	61483	66209	64751	64994	1.0133e+05	1.0423e+05	1.0996e+05	93174
56.478	46569	46920	46474	46496	46604	47234	46544	48465	60961	65971	64181	64658	1.0200e+05	1.0406e+05	1.0957e+05	92251
56.514	47154	46674	47007	46827	45757	47066	45870	48538	61262	65612	64127	64747	1.0114e+05	1.0365e+05	1.0942e+05	93722
56.550	46401	46864	47712	46275	45685	45821	47081	48256	62132	66202	64145	64118	1.0238e+05	1.0386e+05	1.1030e+05	93128
56.586	46706	46959	46962	47003	45609	46002	46447	49015	61498	66454	64261	64094	1.0284e+05	1.0336e+05	1.0957e+05	92268
56.622	46790	46784	47281	46263	46276	47043	46229	48591	61717	66059	64011	64658	1.0149e+05	1.0458e+05	1.1014e+05	93453
56.658	46686	46876	46363	46866	46199	47444	45760	48297	61571	66597	63665	64280	1.0080e+05	1.0519e+05	1.0964e+05	93319
56.694	47385	46741	47089	46247	45956	46614	46476	48525	61450	66520	64041	64266	1.0305e+05	1.0317e+05	1.1035e+05	93488
56.731	47002	47228	47061	46785	46712	46132	46575	48158	62181	65995	64652	63718	1.0258e+05	1.0403e+05	1.0839e+05	93467
56.767	46933	47321	47580	46462	45866	46427	46574	48809	61637	66335	64372	65430	1.0231e+05	1.0390e+05	1.0991e+05	93543
56.803	47780	46158	46964	46354	46739	46705	46972	48088	61774	65719	63871	63708	1.0188e+05	1.0342e+05	1.0955e+05	91850
56.839	47023	47002	46963	47066	46500	46108	47323	48488	61135	65816	64145	64849	1.0285e+05	1.0361e+05	1.1018e+05	93089
56.875	46687	46659	46904	47410	46958	46043	45915	48051	61896	65789	64211	64201	1.0112e+05	1.0388e+05	1.0968e+05	92742
56.911	47604	46215	47176	46802	46310	46339	46682	47649	61403	64998	64294	64850	1.0162e+05	1.0376e+05	1.0969e+05	91950
56.947	46726	46620	46864	47251	46595	45997	46896	48356	61121	66392	63932	64869	1.0174e+05	1.0478e+05	1.0995e+05	92847
56.983	47302	46467	47609	47005	46785	46963	45764	48176	61826	66155	64711	64575	1.0259e+05	1.0440e+05	1.0964e+05	93074
57.019	47365	47042	47019	46598	46236	46695	46309	47957	62432	66884	64838	64652	1.0203e+05	1.0367e+05	1.0912e+05	93773
57.056	47625	47252	47340	46869	46195	46809	46256	48476	61786	65707	64040	64380	1.0241e+05	1.0390e+05	1.1020e+05	92916
57.092	47014	46653	47574	46213	45503	46843	46504	48541	61896	65603	64710	64255	1.0171e+05	1.0475e+05	1.1023e+05	93634
57.128	47190	46599	47471	47144	46507	46487	46386	48992	61205	66366	64357	64967	1.0247e+05	1.0448e+05	1.1043e+05	92003
57.164	46835	47172	47901	46518	46772	46813	45509	48245	62628	65499	64194	65043	1.0217e+05	1.0553e+05	1.0950e+05	92084
57.200	46953	46586	46843	46855	46095	46636	46055	47717	61506	66220	64678	63893	1.0154e+05	1.0544e+05	1.0930e+05	92831
57.236	47105	46775	47475	46622	45653	46187	46083	48580	61458	65817	64048	64118	1.0178e+05	1.0352e+05	1.0890e+05	92936
57.272	47550	46855	47980	46850	46314	46924	46324	48652	61521	65907	64319	64411	1.0309e+05	1.0475e+05	1.0980e+05	91884
57.308	47694	47753	46849	46545	46251	46453	46364	47932	61681	66333	63823	64581	1.0252e+05	1.0423e+05	1.1082e+05	92609
57.344	46649	46638	46691	46052	45954	46485	46539	48385	61542	64811	63972	65264	1.0217e+05	1.0447e+05	1.1036e+05	92458
57.381	46172	47306	47445	46416	46308	46649	46835	48156	61373	66554	64417	63883	1.0236e+05	1.0387e+05	1.0971e+05	91730
57.417	46722	47556	47516	46785	46076	46338	46392	48480	61786	65859	63393	64932	1.0191e+05	1.0315e+05	1.0995e+05	93228
57.453	47081	47049	47546	46341	45602	46390	46758	48453	61565	65654	63921	64745	1.0183e+05	1.0425e+05	1.0996e+05	91982
57.489	47665	47191	47309	46331	45881	46379	45822	48230	60669	66365	64368	64379	1.0206e+05	1.0345e+05	1.0952e+05	93118
57.525	47514	47527	46779	46852	45926	46793	46528	47997	61924	66148	63970	64167	1.0174e+05	1.0422e+05	1.0969e+05	92778
57.561	46903	46768	46943	46251	45678	46608	46138	48088	61349	65750	63607	64282	1.0155e+05	1.0389e+05	1.0977e+05	93315
57.597	47087	46787	46679	47067	46167	46782	46327	48260	61224	65750	63480	64849	1.0123e+05	1.0295e+05	1.1118e+05	92862
57.633	47972	46822	47020	46837	46018	46624	46589	48052	61748	65766	63529	64248	1.0255e+05	1.0351e+05	1.0996e+05	93908
57.669	47394	47154	47251	47010	46332	46582	46553	48475	61611	64994	64504	63758	1.0209e+05	1.0309e+05	1.0999e+05	92626
57.706	47471	46807	46651	46346	46341	47148	46666	48011	61674	65698	64794	64014	1.0163e+05	1.0418e+05	1.0933e+05	92415
57.742	47309	46733	47083	46801	45826	46548	46254	47921	61502	65153	64253	64691	1.0195e+05	1.0369e+05	1.0952e+05	91929
57.778	46646	47274	46528	46944	46249	46381	46415	48835	61901	65405	64965	64927	1.0132e+05	1.0417e+05	1.1033e+05	91723
57.814	47447	46688	47579	46450	46033	46294	46267	47953	62067	65407	63867	64759	1.0284e+05	1.0405e+05	1.1024e+05	92995
57.850	46597	46857	46924	46872	45377	46415	46472	48206	61553	65385	64049	65406	1.0161e+05	1.0319e+05	1.1019e+05	92907
57.886	47300	46570	46983	46643	46236	47480	46325	47938	61412	65612	64450	64015	1.0040e+05	1.0488e+05	1.0964e+05	92947
57.922	47258	46568	46770	46835	46300	46861	46169	48284	61604	65444	64709	64789	1.0238e+05	1.0481e+05	1.1063e+05	91593
57.958	47180	46755	47094	46824	45438	46185	47166	48220	61491	65946	64675	64225	1.0157e+05	1.0396e+05	1.0888e+05	92932
57.994	46985	46904	46546	47125	45470	46597	46420	48552	61292	64875	64006	64311	1.0280e+05	1.0496e+05	1.0984e+05	92441
58.031	47041	46887	47547	46937	46688	46833	46360	48545	62447	65227	64464	63546	1.0197e+05	1.0375e+05	1.0985e+05	92850
58.067	47153	46884	46791	46443	46461	46608	46198	48221	61785	65330	64710	64374	1.0241e+05	1.0480e+05	1.0969e+05	92553
58.103	46929	46674	46909	46468	46339	46924	46124	48587	62009	65165	63601	65003	1.0099e+05	1.0401e+05	1.0958e+05	92742
58.139	47419	46762	46827	46676	45811	46859	45713	48589	61884	65119	63847	64524	1.0264e+05	1.0374e+05	1.0987e+05	93192
58.175	47108	46887	46817	46660	45121	46318	46236	48411	62230	64633	64243	64977	1.0197e+05	1.0560e+05	1.1019e+05	93372
58.211	47106	46991	47163	46411	46390	46316	46522	47684	61422	64838	63986	65041	1.0250e+05	1.0331e+05	1.0930e+05	93375
58.247	47189	46438	46499	47016	45870	46099	45829	48344	61536	65771	64200	64990	1.0148e+05	1.0383e+05	1.0938e+05	93134
58.283	47201	47536	47069	46787	46209	45666	46758	47473	60987	65636	64811	65231	1.0260e+05	1.0357e+05	1.0943e+05	92989
58.319	47575	46892	47399	46242	46313	45939	46655	48197	60691	64149	64236	64342	1.0206e+05	1.0440e+05	1.0999e+05	92199
58.356	47429	47111	47246	46683	46388	46271	46108	47796	61670	65049	64340	64963	1.0099e+05	1.0425e+05	1.0917e+05	92815
58.392	47090	47370	46834	46936	45794	46055	46894	47994	62837	64821	64703	64847	1.0176e+05	1.0336e+05	1.0886e+05	92595
58.428	46365	46804	46711	46618	45962	46426	46435	48352	61634	64741	64450	64448	1.0204e+05	1.0437e+05	1.1008e+05	92457
58.464	48125	46582	46815	46883	45595	45596	46912	48193	62418	64646	64131	64285	1.0166e+05	1.0441e+05	1.0916e+05	93313
58.500	47609	46851	47843	46302	45816	45911	46437	48492	62184	65667	63605	65181	1.0111e+05	1.0379e+05	1.0969e+05	93183
58.536	47103	47161	46686	46507	46078	46882	46829	48142	62359	64915	64554	64889	1.0203e+05	1.0368e+05	1.0916e+05	92982
58.572	46891	46894	46464	46600	46157	46447	46280	48447	61218	64896	64410	64510	1.0189e+05	1.0321e+05	1.0945e+05	91758
58.608	47194	46820	46606	46618	45951	45975	47118	48187	62242	64316	63938	64633	1.0203e+05	1.0363e+05	1.0883e+05	92685
58.644	46688	46414	46505	46960	45423	46472	46430	48422	61023	65048	64278	64795	1.0194e+05	1.0444e+05	1.1098e+05	92380
58.681	47516	46541	47205	46530	45429	45758	45912	48106	61858	64537	63631	64976	1.0179e+05	1.0457e+05	1.0850e+05	92125
58.717	47201	46686	47272	46670	45832	45833	46331	47824	61359	64145	64846	65034	1.0181e+05	1.0364e+05	1.0985e+05	91769
58.753	47297	46514	46969	45784	45404	45201	46483	48583	61011	64890	64466	64711	1.0200e+05	1.0433e+05	1.0985e+05	92163
58.789	47201	47084	47344	46969	45923	45824	46207	48815	61151	64565	64645	64259	1.0196e+05	1.0425e+05	1.1077e+05	91811
58.825	46884	46575	47094	46325	45658	45487	46513	47507	60790	64484	64202	64104	1.0271e+05	1.0395e+05	1.0958e+05	92953
58.861	46529	46923	46804	46395	45693	45610	45774	48592	61318	65392	64147	65449	1.0120e+05	1.0407e+05	1.0965e+05	92495
58.897	47133	47287	47282	46699	46043	46255	45900	48340	61960	64860	64406	64472	1.0236e+05	1.0477e+05	1.1006e+05	92994
58.933	46617	46329	46777	46808	46301	45350	46376	47936	62041	64877	64244	65206	1.0194e+05	1.0400e+05	1.0981e+05	92296
58.969	47029	46657	46744	46988	46029	45925	46365	47913	61765	65390	64322	64857	1.0177e+05	1.0530e+05	1.0964e+05	92590
59.006	47163	47447	46967	46166	45643	45888	45822	48152	61665	64482	64297	64791	1.0196e+05	1.0352e+05	1.0965e+05	92765
59.042	46766	47247	47340	46423	45178	46179	46195	48233	61562	64598	64392	64349	1.0259e+05	1.0405e+05	1.1043e+05	91196
59.078	47851	45874	47799	46388	45401	45622	47254	48617	61329	64908	64018	64761	1.0241e+05	1.0426e+05	1.0893e+05	92127
59.114	47312	46978	46949	47115	45820	45701	46392	48303	62127	64274	64654	64940	1.0251e+05	1.0428e+05	1.0945e+05	92520
59.150	47369	47035	47053	46429	45394	45760	46925	48384	61712	64127	64300	65114	1.0251e+05	1.0526e+05	1.1041e+05	92107
59.186	47406	46250	47004	46818	45287	45975	46084	48529	61578	64814	64492	64547	1.0145e+05	1.0407e+05	1.0993e+05	92749
59.222	47119	47319	47257	46750	45623	45548	45923	48385	61638	64877	64060	63737	1.0253e+05	1.0468e+05	1.1081e+05	91486
59.258	47548	46625	47022	46237	45488	45472	45849	48331	61993	65017	64511	64951	1.0228e+05	1.0445e+05	1.1002e+05	92609
59.294	47273	46624	47145	47297	45091	45832	46233	48585	61641	64891	64238	64105	1.0215e+05	1.0454e+05	1.0819e+05	92472
59.331	46791	47045	47368	46292	45131	46159	46381	48115	62597	64126	64217	64695	1.0170e+05	1.0381e+05	1.1049e+05	92855
59.367	47086	46612	47265	47102	45706	45786	46775	47959	62000	64380	63822	65704	1.0213e+05	1.0482e+05	1.0914e+05	91880
59.403	47254	46688	47103	46613	45445	45717	46492	48621	61443	64452	64119	63484	1.0181e+05	1.0463e+05	1.0967e+05	92320
59.439	47595	46769	47167	47259	46402	45947	46120	48258	61795	65315	65189	64949	1.0235e+05	1.0477e+05	1.0907e+05	92464
59.475	47274	46868	47468	45840	45654	45684	46681	47835	61362	64702	63735	64808	1.0226e+05	1.0394e+05	1.0992e+05	91385
59.511	47366	46358	47212	47297	45379	45884	47032	47810	61789	63818	64135	65208	1.0164e+05	1.0355e+05	1.0952e+05	91992
59.547	47195	46147	46875	46512	45714	45982	46392	48442	62547	65053	64488	64519	1.0279e+05	1.0500e+05	1.0929e+05	92041
59.583	47177	46717	47099	46326	45261	45601	46671	48165	61972	64107	63344	65078	1.0177e+05	1.0419e+05	1.0970e+05	92068
59.619	47403	46110	46810	46832	45862	45758	46841	47909	61539	64458	64662	64896	1.0191e+05	1.0453e+05	1.1006e+05	92151
59.656	47476	46275	47453	45881	45774	45770	46421	48240	62299	64978	63945	64627	1.0199e+05	1.0430e+05	1.0982e+05	92524
59.692	47514	46586	46465	47443	45528	45777	46936	48555	61841	64098	64175	64839	1.0264e+05	1.0430e+05	1.0809e+05	92096
59.728	46786	46624	47188	46972	46089	45721	46098	48459	62152	64057	64212	64846	1.0099e+05	1.0481e+05	1.0977e+05	92445
59.764	46901	46964	46629	46855	45828	46004	45904	48873	61829	65077	64599	64884	1.0126e+05	1.0421e+05	1.1029e+05	91537
59.800	47222	47153	47718	46365	45318	45727	45886	48136	62075	64571	64075	64470	1.0100e+05	1.0489e+05	1.0949e+05	92753
59.836	47268	46387	47007	46469	45818	45991	46805	48395	62043	64170	63951	64222	1.0189e+05	1.0446e+05	1.0916e+05	93098
59.872	46933	46507	47454	46699	45850	45262	46393	48151	61858	64715	64755	65213	1.0250e+05	1.0447e+05	1.0823e+05	91938
59.908	46926	46470	47739	47021	45393	45452	46635	48234	61652	64479	63714	64722	1.0199e+05	1.0425e+05	1.0953e+05	90463
59.944	46784	46626	47226	47140	45840	45812	45900	47771	61653	65043	64772	64130	1.0210e+05	1.0461e+05	1.1032e+05	91731
59.981	47162	47630	47519	46479	45745	46129	46657	49184	60773	64560	63390	64827	1.0257e+05	1.0388e+05	1.0897e+05	91748
60.017	47525	46427	47117	47087	46168	45281	46612	48030	62078	64248	64467	64655	1.0257e+05	1.0431e+05	1.1008e+05	90840
60.053	47134	46245	47122	46793	45281	45756	46513	48221	62330	63816	63657	63954	1.0174e+05	1.0485e+05	1.0897e+05	92099
60.089	47069	46525	47685	46640	45753	45978	45841	48329	62034	65216	64537	64786	1.0120e+05	1.0448e+05	1.0888e+05	92731
60.125	48060	46850	47002	46748	45688	46391	46449	47870	62013	65514	64285	64797	1.0241e+05	1.0380e+05	1.0929e+05	92120
60.161	46781	46616	47485	46724	45197	45616	45997	48529	61195	64310	64633	65267	1.0153e+05	1.0557e+05	1.0903e+05	92041
60.197	47453	47208	47596	46684	45279	45391	46440	48242	61448	64557	63850	64303	1.0122e+05	1.0440e+05	1.0927e+05	92075
60.233	47132	46907	47232	45600	45798	45855	46169	48163	62002	64991	64195	65175	1.0155e+05	1.0408e+05	1.0946e+05	91811
60.269	46957	46791	46745	46765	45763	45109	46430	47864	61930	64585	63776	64790	1.0216e+05	1.0357e+05	1.0991e+05	92838
60.306	47046	46935	47274	46298	45290	44988	47074	47898	62413	65263	64347	64664	1.0164e+05	1.0501e+05	1.0887e+05	92012
60.342	47239	47224	47649	46215	45861	45477	47103	48317	62429	63679	63993	64512	1.0258e+05	1.0526e+05	1.1031e+05	92257
60.378	47722	46810	47127	47090	45173	45691	46071	48299	62049	65060	64105	63740	1.0154e+05	1.0481e+05	1.0960e+05	92221
60.414	47397	47057	46875	46166	45593	45211	46432	48681	62339	64715	64882	64431	1.0145e+05	1.0482e+05	1.0895e+05	93093
60.450	46925	46690	46812	46425	45073	45330	46489	47782	62151	64779	64518	63703	1.0163e+05	1.0521e+05	1.0881e+05	92949
60.486	47085	46598	47537	46287	45579	45650	46944	48251	61487	63759	64329	64472	1.0139e+05	1.0491e+05	1.0917e+05	92275
60.522	47311	46997	47362	46227	46483	45639	46968	48642	61780	64333	64412	63695	1.0238e+05	1.0476e+05	1.0834e+05	91563
60.558	47168	46814	47301	46308	46035	45672	46214	47840	62109	64945	64512	64805	1.0114e+05	1.0486e+05	1.0972e+05	92252
60.594	46880	46397	47061	46203	45941	44852	46404	48829	61340	64856	63381	64607	1.0230e+05	1.0575e+05	1.0931e+05	91776
60.631	46915	46438	46486	46764	46077	45807	46091	48507	61995	64321	64374	64968	1.0151e+05	1.0355e+05	1.0907e+05	92449
60.667	46878	46872	47185	47198	45436	45383	46980	47970	62446	64701	65097	65321	1.0194e+05	1.0497e+05	1.0912e+05	92999
60.703	47216	46661	47047	46589	45913	45457	46912	48106	62078	65265	64175	64807	1.0145e+05	1.0384e+05	1.0983e+05	91038
60.739	47263	46712	47246	46567	45292	45371	46549	48420	61098	65034	64689	64263	1.0062e+05	1.0421e+05	1.0842e+05	92592
60.775	47183	46950	46715	46418	46328	45680	45931	48098	61943	65574	65096	65020	1.0207e+05	1.0381e+05	1.0891e+05	92106
60.811	47058	46119	45878	46669	45750	45402	46520	48296	62146	65610	65267	64722	1.0200e+05	1.0568e+05	1.0864e+05	92296
60.847	46352	46380	46656	46781	45920	45244	46657	48164	61129	65131	64370	64519	1.0218e+05	1.0443e+05	1.0936e+05	92605
60.883	46771	46815	46181	46284	45253	45796	46328	48777	61794	64824	64595	65090	1.0240e+05	1.0509e+05	1.0989e+05	90265
60.919	47607	46251	46772	46576	45487	45922	46781	48165	61694	64391	64206	64739	1.0211e+05	1.0421e+05	1.0933e+05	92261
60.956	47166	46833	46955	46586	45384	45417	46670	48433	61900	65243	63933	64543	1.0260e+05	1.0412e+05	1.0960e+05	91541
60.992	47670	47089	46952	46892	45724	45448	46037	48402	62002	65296	64794	65233	1.0154e+05	1.0447e+05	1.0974e+05	90954
61.028	48081	46580	46970	46200	45124	46125	46095	48478	61625	65433	63384	64888	1.0242e+05	1.0486e+05	1.0830e+05	91319
61.064	47561	46641	47035	46607	45486	45842	46093	48281	61786	64142	64711	64990	1.0281e+05	1.0427e+05	1.0883e+05	92673
61.100	47994	46930	46959	46552	45573	46399	46813	48887	61506	64248	64784	64033	1.0225e+05	1.0462e+05	1.1040e+05	91949
61.136	47250	46820	47075	46799	45279	45578	46277	48121	61578	65476	63598	64694	1.0235e+05	1.0443e+05	1.0910e+05	92106
61.172	47325	47417	46605	46539	45672	45516	46745	47780	61066	65143	64568	64982	1.0151e+05	1.0539e+05	1.1001e+05	92033
61.208	47269	46380	47581	46940	45572	46131	46587	48336	61570	64565	64994	64927	1.0260e+05	1.0488e+05	1.0882e+05	91857
61.244	47482	46149	47594	46843	45385	45766	47073	47945	61832	64034	64023	65437	1.0132e+05	1.0433e+05	1.0875e+05	91835
61.281	47500	46948	47333	46521	45671	45900	46337	48507	62020	65193	64503	64852	1.0140e+05	1.0566e+05	1.0887e+05	91915
61.317	47866	46721	47820	46464	45847	46009	47158	48835	61693	63702	64158	65095	1.0240e+05	1.0461e+05	1.0998e+05	91506
61.353	47020	46076	47939	45949	45551	46051	46472	49053	61732	64703	64284	65700	1.0193e+05	1.0464e+05	1.0850e+05	91742
61.389	47719	46914	47140	47130	45116	45954	45988	48928	62177	64988	63765	63899	1.0132e+05	1.0419e+05	1.0930e+05	92486
61.425	47197	46494	47268	46748	45880	45706	47100	48585	61676	64354	64596	64823	1.0162e+05	1.0531e+05	1.0900e+05	92315
61.461	47659	46528	47959	46521	46015	45698	46695	47818	61887	64076	65030	64399	1.0230e+05	1.0442e+05	1.0990e+05	91906
61.497	47354	47458	47073	46843	46020	45659	46864	48198	61937	65094	63952	64572	1.0225e+05	1.0543e+05	1.0822e+05	91678
61.533	47589	46962	47453	46789	46003	45761	46713	47814	61217	65489	64368	64699	1.0261e+05	1.0446e+05	1.0926e+05	90559
61.569	47154	46745	46955	47243	45190	46169	46944	48511	61796	64874	64506	64700	1.0108e+05	1.0538e+05	1.0969e+05	91074
61.606	46675	46429	47062	46893	45524	45981	46361	48364	61958	64684	64071	64759	1.0211e+05	1.0489e+05	1.0883e+05	91365
61.642	46844	46465	46673	47149	46152	44893	46377	47422	61440	63956	64119	64775	1.0265e+05	1.0508e+05	1.0856e+05	91787
61.678	47499	46696	46094	46111	46126	45763	46562	48846	62297	64980	63857	64683	1.0142e+05	1.0410e+05	1.0853e+05	92057
61.714	47068	46634	46773	46261	45821	45701	47077	47749	62080	64301	64190	64548	1.0277e+05	1.0454e+05	1.0816e+05	91095
61.750	47097	46539	47516	47194	45949	45947	46431	48432	61413	64610	64462	65264	1.0189e+05	1.0414e+05	1.0970e+05	90892
61.786	47694	46964	46858	46976	45466	45423	46863	48295	61279	64453	64246	64523	1.0213e+05	1.0324e+05	1.0945e+05	91832
61.822	46543	46857	46558	46470	45861	46288	46897	48288	61887	65234	64714	64515	1.0123e+05	1.0345e+05	1.0834e+05	91105
61.858	46709	47418	46612	46773	45858	46071	46776	48361	61846	65202	64153	64425	1.0318e+05	1.0478e+05	1.1068e+05	91921
61.894	47766	46231	45854	46900	45833	46354	46880	48009	62222	64699	64410	63970	1.0156e+05	1.0492e+05	1.1037e+05	91211
61.931	46571	46646	46458	46893	45984	45926	46838	48093	61795	64870	63874	63779	1.0149e+05	1.0466e+05	1.0909e+05	92456
61.967	48077	46681	45911	47031	46253	45218	46784	49187	62700	64805	64819	65384	1.0199e+05	1.0398e+05	1.0978e+05	92032
62.003	47113	47294	47334	46942	44563	45262	46637	48446	61742	65012	64647	63870	1.0192e+05	1.0500e+05	1.0968e+05	92273
62.039	47325	46846	46636	46649	44970	45492	46717	48589	61291	65072	64509	65345	1.0170e+05	1.0461e+05	1.0956e+05	91466
62.075	48065	47235	46353	47040	45930	45452	46624	48277	61543	65174	63682	64495	1.0178e+05	1.0541e+05	1.0986e+05	91513
62.111	47538	46412	46699	46804	46372	46055	46493	48704	62380	64117	65155	65111	1.0166e+05	1.0519e+05	1.0939e+05	92040
62.147	47265	46651	46229	46829	45247	45106	46160	47512	61125	64948	64157	64719	1.0276e+05	1.0549e+05	1.0995e+05	91514
62.183	47050	46695	47024	47246	45733	45726	46348	47790	62702	65276	64154	64621	1.0197e+05	1.0472e+05	1.0917e+05	91250
62.219	46895	46763	47215	46894	46115	45480	46821	48219	62538	65032	64278	64912	1.0057e+05	1.0454e+05	1.1026e+05	91757
62.256	47584	46541	46192	46546	45882	45210	47360	48028	62301	65487	64550	64954	1.0299e+05	1.0519e+05	1.0939e+05	91048
62.292	47198	46890	46944	46991	45853	45553	46548	47958	62140	64978	64115	64801	1.0151e+05	1.0585e+05	1.0853e+05	91876
62.328	47138	46705	46486	47200	45426	45361	46501	47410	62366	64436	65284	64930	1.0199e+05	1.0428e+05	1.0931e+05	92221
62.364	47382	46665	45665	46617	45936	45630	46347	47430	62030	64701	63658	64425	1.0197e+05	1.0473e+05	1.0959e+05	91342
62.400	46860	47338	46892	46886	45227	45629	46522	47934	62184	64369	64472	64212	1.0107e+05	1.0426e+05	1.0782e+05	91259
62.436	46957	46187	46678	46034	46153	44878	47000	47493	60804	63771	64823	64500	1.0293e+05	1.0473e+05	1.0860e+05	91619
62.472	46724	46919	46777	46205	45741	45414	46876	47894	62433	65327	64180	64474	1.0155e+05	1.0479e+05	1.0995e+05	91245
62.508	47474	47130	46825	46284	46198	45151	47441	47936	61792	64321	63762	64876	1.0254e+05	1.0438e+05	1.0972e+05	92499
62.544	47227	46859	46349	46427	45673	44998	46607	47911	61652	65002	64130	65366	1.0215e+05	1.0505e+05	1.0923e+05	91160
62.581	47633	46459	46279	46333	45781	45903	46472	47369	62470	65180	63899	65437	1.0249e+05	1.0369e+05	1.0804e+05	92030
62.617	47760	47214	45996	46526	45424	45509	47014	47193	62063	64035	64507	64270	1.0221e+05	1.0531e+05	1.0925e+05	90449
62.653	46859	46981	46309	46729	45316	45569	45856	47536	61348	64123	64577	63970	1.0158e+05	1.0439e+05	1.0839e+05	92108
62.689	47429	46589	46602	46723	45802	45783	46956	48081	62112	64822	65149	64937	1.0176e+05	1.0411e+05	1.1025e+05	92072
62.725	47625	46103	46761	46829	45458	45752	46567	47723	61246	63998	64589	64475	1.0212e+05	1.0525e+05	1.0972e+05	91983
62.761	47050	46692	46441	46655	45494	45299	47308	47491	62409	65217	64508	65425	1.0205e+05	1.0544e+05	1.0859e+05	91462
62.797	47402	47214	46686	46938	45764	45779	46495	47410	62597	64654	64529	64867	1.0189e+05	1.0436e+05	1.0930e+05	91385
62.833	46894	46622	45821	46352	45652	45098	46618	47251	62087	64901	64843	64435	1.0127e+05	1.0357e+05	1.0891e+05	92131
62.869	47304	47108	46848	46681	45050	45727	47333	48017	62571	64600	64647	65164	1.0293e+05	1.0505e+05	1.0889e+05	90385
62.906	47882	46251	47267	46541	45587	45406	46215	48190	62039	64229	64413	64687	1.0181e+05	1.0498e+05	1.0744e+05	90536
62.942	47145	46413	46637	46131	45785	45524	46614	47630	62149	66121	64348	64208	1.0296e+05	1.0421e+05	1.0925e+05	91756
62.978	48163	46543	46434	46833	46178	46042	46032	48049	62529	64872	64640	64945	1.0108e+05	1.0479e+05	1.0894e+05	92050
63.014	47452	47083	46343	46195	45737	45301	46370	47851	61599	64524	64806	64676	1.0247e+05	1.0500e+05	1.0844e+05	90835
63.050	47665	46980	46083	46475	45557	45597	47014	48190	62073	64771	64174	64409	1.0232e+05	1.0542e+05	1.1056e+05	92218
63.086	47395	46639	46926	46308	46030	45468	46412	47614	61380	64761	64634	64425	1.0213e+05	1.0487e+05	1.0976e+05	91070
63.122	47576	47538	46377	46442	45220	45913	46403	47877	62113	65453	63703	64828	1.0291e+05	1.0501e+05	1.0854e+05	91513
63.158	47630	46759	46740	46977	45798	45067	47063	48123	62249	64364	64650	64871	1.0134e+05	1.0443e+05	1.0951e+05	91067
63.194	47003	46705	45930	46653	45657	45978	46558	47026	61880	64704	64399	64877	1.0289e+05	1.0446e+05	1.0919e+05	90596
63.231	47307	46734	46552	46224	45655	45648	46337	48028	61226	64539	63833	64492	1.0255e+05	1.0519e+05	1.0945e+05	92135
63.267	46160	46579	45950	47157	45446	45511	45983	47613	61998	65205	63467	64533	1.0216e+05	1.0481e+05	1.0868e+05	92247
63.303	47892	46749	46290	46535	45785	45812	46618	48487	61755	63962	64054	64695	1.0168e+05	1.0418e+05	1.0894e+05	90561
63.339	47337	46378	46185	46226	45561	45275	46882	48133	61888	64423	64636	65022	1.0346e+05	1.0528e+05	1.0850e+05	91245
63.375	47398	46953	45854	46985	46280	45551	46572	47377	61483	65449	64471	65817	1.0354e+05	1.0493e+05	1.0881e+05	91187
63.411	47334	47088	46559	47319	45650	46153	46106	48093	62000	64477	64347	64435	1.0288e+05	1.0500e+05	1.0960e+05	91646
63.447	47169	46851	46727	47227	45379	45214	46703	47348	62474	65317	64801	64467	1.0274e+05	1.0447e+05	1.0838e+05	91393
63.483	47843	47457	46434	46936	45400	45422	46575	47829	61865	64473	64819	64923	1.0177e+05	1.0560e+05	1.0929e+05	91424
63.519	47538	46785	46674	46811	45747	45472	46775	48259	62569	65100	64321	64248	1.0211e+05	1.0479e+05	1.0954e+05	90404
63.556	47258	47232	46574	46344	45469	45936	46498	47693	62582	64710	64476	64738	1.0126e+05	1.0551e+05	1.0861e+05	91907
63.592	47361	46495	46554	46899	45982	45303	46514	48087	61866	64780	64894	65423	1.0252e+05	1.0429e+05	1.0961e+05	93004
63.628	47027	46592	46737	46903	45779	45774	46973	47549	62070	64529	64711	64565	1.0223e+05	1.0416e+05	1.0862e+05	91035
63.664	47267	46815	46326	47277	45124	45101	47592	47700	62381	64822	63750	65104	1.0294e+05	1.0486e+05	1.0940e+05	91589
63.700	47848	47019	46512	46740	45764	46405	47266	47593	62019	64721	64235	64197	1.0274e+05	1.0420e+05	1.0905e+05	91725
63.736	47110	46327	46307	46467	45281	46044	46902	47821	62119	64625	63911	64845	1.0186e+05	1.0502e+05	1.0840e+05	91638
63.772	46729	46728	46009	46886	44973	45360	46469	47766	62776	64997	64139	64222	1.0240e+05	1.0486e+05	1.0930e+05	91549
63.808	47105	45817	46239	47119	45845	45952	46574	48106	61921	64243	65053	64847	1.0265e+05	1.0529e+05	1.0906e+05	91168
63.844	47385	46957	46085	47123	45568	45467	46962	47601	62091	65233	63979	65376	1.0215e+05	1.0449e+05	1.0894e+05	91644
63.881	46291	47023	46431	46961	46313	45587	46891	48467	62736	64520	64488	65597	1.0261e+05	1.0448e+05	1.0890e+05	90993
63.917	46852	46570	46217	46390	46001	45734	46629	47332	62096	64297	65008	64002	1.0182e+05	1.0476e+05	1.0894e+05	91180
63.953	47283	46274	46892	46792	46170	45295	47003	48307	63051	64647	64119	65080	1.0124e+05	1.0473e+05	1.0853e+05	91026
63.989	47864	46815	46732	46568	45894	45305	46585	47800	62420	64320	63892	65054	1.0277e+05	1.0446e+05	1.0919e+05	91203
64.025	46666	46367	46440	46637	46061	45030	46930	47577	62559	64464	63960	64852	1.0197e+05	1.0496e+05	1.0873e+05	91942
64.061	47319	46543	45733	46753	45287	45894	46330	48182	62299	64719	65018	64413	1.0259e+05	1.0422e+05	1.0874e+05	91510
64.097	48489	47089	46996	46813	45408	45341	46814	47785	62526	64543	65161	65106	1.0204e+05	1.0452e+05	1.0860e+05	91184
64.133	46946	47034	46772	46658	45797	45724	46715	47258	61663	65172	64613	64849	1.0132e+05	1.0397e+05	1.0961e+05	90565
64.169	47230	46629	46108	46902	45146	45881	47050	46953	62787	64436	65641	65071	1.0104e+05	1.0475e+05	1.1000e+05	91350
64.206	47097	46402	46056	46947	45746	45880	47272	47973	62286	64690	64559	65169	1.0333e+05	1.0349e+05	1.1009e+05	91230
64.242	47543	46086	45746	46912	45746	45388	46505	48005	61466	64762	64192	65004	1.0186e+05	1.0493e+05	1.0920e+05	90971
64.278	47768	46932	46249	46432	45916	45313	47036	47748	62606	65075	64997	64948	1.0173e+05	1.0460e+05	1.0930e+05	91355
64.314	47429	46396	46079	46557	45858	45889	46670	47560	62133	65584	64258	64453	1.0232e+05	1.0492e+05	1.0889e+05	91817
64.350	47773	46690	46482	46800	45542	45436	46687	47622	61887	64329	64964	65076	1.0225e+05	1.0476e+05	1.0857e+05	90626
64.386	47604	47424	46223	47479	45988	45639	46353	47874	61845	65311	64568	64618	1.0109e+05	1.0516e+05	1.0895e+05	91983
64.422	47470	46676	46004	46657	46465	45110	46889	47945	61620	66069	63936	64490	1.0148e+05	1.0474e+05	1.0945e+05	91538
64.458	47436	47153	46629	47075	45505	46091	46895	47641	62736	65015	64498	65022	1.0188e+05	1.0459e+05	1.0848e+05	91134
64.494	46779	47029	46978	47060	45718	45808	46646	47620	62091	64662	64183	64930	1.0215e+05	1.0430e+05	1.0879e+05	91740
64.531	47908	46084	46333	46607	46203	45701	46391	47261	62333	64972	64314	64313	1.0275e+05	1.0528e+05	1.0912e+05	91540
64.567	47440	47296	46283	46525	45128	45298	46763	47295	61626	64625	64561	65128	1.0303e+05	1.0447e+05	1.0851e+05	90652
64.603	47749	46090	45641	46338	45792	45817	47212	47460	61812	65288	65546	65222	1.0160e+05	1.0499e+05	1.0789e+05	91822
64.639	47396	46627	46411	47485	45468	45925	46879	47617	63061	65289	63998	65129	1.0126e+05	1.0452e+05	1.0893e+05	91579
64.675	47685	47348	46424	46612	45296	45395	46555	48005	61944	64694	64506	64045	1.0233e+05	1.0535e+05	1.0863e+05	91610
64.711	47240	46634	45544	47308	45682	45665	46583	47411	61893	64626	63870	64789	1.0250e+05	1.0466e+05	1.1008e+05	90387
64.747	47126	47088	46454	47245	45837	45514	46789	47479	61624	65066	64501	64323	1.0203e+05	1.0381e+05	1.0956e+05	90948
64.783	47483	46571	46229	47020	45521	45793	46356	47509	61959	65518	64603	65118	1.0125e+05	1.0518e+05	1.0868e+05	91615
64.819	47561	46511	46208	46438	45564	45723	47086	47272	61911	64642	63942	64456	1.0202e+05	1.0436e+05	1.0842e+05	90716
64.856	47145	46880	46118	45946	45607	45978	47020	48052	62469	65606	65023	64704	1.0116e+05	1.0433e+05	1.0904e+05	90695
64.892	47378	46767	46837	46590	45555	45354	47015	47729	62527	65325	64843	65334	1.0118e+05	1.0429e+05	1.0969e+05	92050
64.928	47664	46715	46824	46385	45978	45308	46653	46860	61693	64423	65305	64729	1.0160e+05	1.0524e+05	1.0901e+05	89907
64.964	47173	46984	46231	46638	45538	45475	46446	47954	62415	64443	65193	64475	1.0159e+05	1.0428e+05	1.0953e+05	90823
65.000	47092	46335	46393	46293	45165	45778	46058	47252	62763	64476	64496	64495	1.0169e+05	1.0493e+05	1.0989e+05	91264
65.036	47248	47320	47107	47177	46148	45659	47693	47750	62037	63729	64913	64559	1.0222e+05	1.0495e+05	1.0934e+05	91112
65.072	47299	46297	46485	47037	45767	45522	46678	48133	61666	65102	65013	65698	1.0252e+05	1.0612e+05	1.0924e+05	90849
65.108	47512	47119	46278	46853	46084	45374	46644	47441	62415	64648	64397	65199	1.0211e+05	1.0470e+05	1.0929e+05	90947
65.144	47551	47088	46408	46580	46018	45642	46672	48066	62199	64900	64257	65325	1.0213e+05	1.0446e+05	1.0990e+05	91370
65.181	47365	46064	45983	46842	45410	45351	47292	48120	62178	64471	65468	64298	1.0224e+05	1.0460e+05	1.0917e+05	90447
65.217	47275	46729	46055	46036	45219	46187	46999	47374	62330	64778	64973	64785	1.0198e+05	1.0364e+05	1.0813e+05	90803
65.253	47154	47023	46397	46840	45853	46176	46890	47445	61716	64874	64783	65522	1.0251e+05	1.0527e+05	1.0884e+05	90939
65.289	47325	47043	46364	46815	45554	46082	46850	47428	62731	65458	64517	64671	1.0072e+05	1.0482e+05	1.0835e+05	91076
65.325	47563	46922	45935	46554	45132	45930	45999	47691	61864	64825	65369	64724	1.0248e+05	1.0505e+05	1.0762e+05	90797
65.361	47434	46563	46682	46821	45305	45915	47080	47505	62277	65269	64709	64373	1.0177e+05	1.0485e+05	1.0803e+05	90389
65.397	47964	46530	46072	46506	45254	45289	47175	47756	62337	64742	64835	65285	1.0138e+05	1.0413e+05	1.0882e+05	90633
65.433	47765	46828	46058	47123	44772	46122	47169	47031	61881	65246	64728	65392	1.0194e+05	1.0504e+05	1.0890e+05	92159
65.469	47178	46344	46685	46439	46186	45746	46704	47726	62635	65246	64445	64826	1.0178e+05	1.0506e+05	1.0792e+05	91294
65.506	47487	47156	46241	46385	45311	45406	46154	48401	62576	65056	65034	64579	1.0249e+05	1.0480e+05	1.0910e+05	90714
65.542	47749	47085	46083	47265	45652	44978	46684	47693	62492	65693	64676	65326	1.0176e+05	1.0456e+05	1.0859e+05	91161
65.578	47603	46435	46023	47254	46085	45356	46471	47899	61943	65621	65282	64271	1.0265e+05	1.0530e+05	1.0806e+05	90844
65.614	47967	47044	46136	47251	45683	45036	46286	48266	62705	64774	64697	64982	1.0240e+05	1.0475e+05	1.0941e+05	92617
65.650	47074	46774	46520	46531	45240	45116	46667	47974	61944	64863	64182	65176	1.0128e+05	1.0452e+05	1.0935e+05	91553
65.686	47915	46914	46321	46762	45472	45798	46007	47186	61873	64899	64177	64695	1.0223e+05	1.0387e+05	1.0925e+05	92054
65.722	48080	46983	46124	46982	45334	45676	46744	48088	61973	65460	65179	64052	1.0195e+05	1.0470e+05	1.0822e+05	92108
65.758	47306	46653	46261	46175	45159	45305	46606	47599	63319	64636	64549	65320	1.0195e+05	1.0462e+05	1.0955e+05	91559
65.794	47226	47085	46831	46224	45935	45253	46124	48030	63192	65787	64459	64110	1.0133e+05	1.0408e+05	1.0890e+05	90840
65.831	47539	47165	46539	46097	45905	45604	46707	48127	62703	64941	64878	64708	1.0237e+05	1.0441e+05	1.0974e+05	91337
65.867	47926	47066	46413	46851	45387	45374	46501	47951	62305	64921	65338	64884	1.0151e+05	1.0528e+05	1.0834e+05	90416
65.903	47815	46889	46263	46985	45557	46102	46967	47879	62184	64924	63907	64893	1.0072e+05	1.0456e+05	1.0918e+05	92075
65.939	47269	47004	45933	46853	46017	45807	47204	48095	62909	64273	64811	65588	1.0123e+05	1.0484e+05	1.0906e+05	91804
65.975	47075	46886	46169	46835	46162	45804	46956	47368	61783	65152	64838	65632	1.0247e+05	1.0419e+05	1.0875e+05	92025
66.011	47444	46998	46628	46760	46059	45830	46678	48356	62719	64374	65282	64071	1.0255e+05	1.0473e+05	1.0774e+05	92205
66.047	47416	46379	46405	46916	45609	45614	46774	47720	61548	65157	64805	65050	1.0244e+05	1.0554e+05	1.0866e+05	91216
66.083	47745	46463	46417	46436	45955	46118	46687	47942	62466	65242	65020	65460	1.0250e+05	1.0479e+05	1.0892e+05	91910
66.119	46946	46254	46565	47069	46113	45495	46142	48335	62232	65097	64519	65321	1.0294e+05	1.0547e+05	1.0923e+05	91189
66.156	47725	47107	46106	46788	45668	45780	46619	47637	62816	66037	64280	65087	1.0248e+05	1.0477e+05	1.0916e+05	91014
66.192	47458	46903	46324	46472	45486	45661	47013	48031	62307	64448	63758	65153	1.0185e+05	1.0566e+05	1.0835e+05	91690
66.228	47149	46347	45801	46626	45889	46144	47279	47933	62838	65291	64960	65138	1.0248e+05	1.0527e+05	1.0882e+05	91638
66.264	48064	46910	46211	47642	45150	45483	46840	47454	61453	64959	64776	64592	1.0229e+05	1.0531e+05	1.0926e+05	92027
66.300	47491	46571	46025	46396	46377	45346	46792	48405	62473	64879	65549	64735	1.0132e+05	1.0394e+05	1.0943e+05	90086
66.336	47570	46785	46622	46209	45756	45441	46888	48316	62035	65473	64838	64584	1.0180e+05	1.0525e+05	1.0889e+05	90807
66.372	47530	46944	46581	46516	45031	45550	47377	48217	62037	65676	64412	64647	1.0237e+05	1.0481e+05	1.0814e+05	91316
66.408	47325	47407	46183	46263	45252	45558	47308	47517	62260	64584	64582	64783	1.0133e+05	1.0472e+05	1.0925e+05	90964
66.444	47692	46598	46147	46508	45534	45726	47127	47668	61823	64856	64971	65591	1.0165e+05	1.0470e+05	1.0832e+05	91915
66.481	47928	47401	46353	46915	45755	45506	46654	48495	61584	65217	64466	65064	1.0124e+05	1.0458e+05	1.0886e+05	91110
66.517	48085	46704	46095	47063	45077	45215	46376	47816	61920	65154	64782	65750	1.0228e+05	1.0547e+05	1.0838e+05	91221
66.553	48314	46392	46233	46696	45686	45309	46494	48631	62376	64201	64429	65105	1.0189e+05	1.0404e+05	1.0877e+05	91737
66.589	47498	46551	46145	46051	45930	46265	47234	48101	61989	65284	65389	65356	1.0220e+05	1.0450e+05	1.0854e+05	90939
66.625	47738	47032	46154	46677	45564	45588	47168	48113	62050	65606	65469	65640	1.0169e+05	1.0536e+05	1.0910e+05	90312
66.661	47602	46032	46639	46517	45226	45775	46486	48016	62072	64515	64850	65023	1.0079e+05	1.0523e+05	1.0809e+05	90678
66.697	47421	46670	46490	46519	45288	45337	46763	48183	62691	64311	65551	64697	1.0239e+05	1.0569e+05	1.0816e+05	90412
66.733	47608	47127	45912	46150	45675	46128	47501	47750	62233	65280	64768	65523	1.0228e+05	1.0468e+05	1.0879e+05	90517
66.769	47638	46634	45800	46672	46076	44762	46729	48382	62602	63961	64533	65373	1.0268e+05	1.0439e+05	1.0882e+05	91044
66.806	47939	46933	46023	46225	45535	45727	46545	47821	62759	64759	64196	65339	1.0225e+05	1.0523e+05	1.0871e+05	91534
66.842	48133	46624	46575	46581	46352	45624	47291	48354	61152	64538	64675	65440	1.0095e+05	1.0514e+05	1.0850e+05	91200
66.878	47360	46191	46188	46029	45758	45500	46528	47856	62639	64798	64305	65284	1.0231e+05	1.0446e+05	1.0923e+05	90534
66.914	47413	46695	46150	46315	45572	45971	47041	47685	62102	64788	64845	65347	1.0221e+05	1.0444e+05	1.0819e+05	91168
66.950	47619	46657	46331	45971	46443	45891	47133	48024	62085	64878	64651	65302	1.0268e+05	1.0496e+05	1.0802e+05	92222
66.986	47049	46749	46042	46729	45574	45983	46435	48025	63281	64908	65589	64724	1.0248e+05	1.0506e+05	1.0857e+05	90614
67.022	47304	46914	45941	46291	45757	45876	46811	47931	62959	64840	65552	64612	1.0311e+05	1.0545e+05	1.0866e+05	92202
67.058	47574	46782	46572	46143	45983	45616	47300	47750	62602	65399	64836	65538	1.0210e+05	1.0531e+05	1.0901e+05	91655
67.094	47763	46785	46265	45484	45813	45515	47226	48225	62592	65006	65184	65303	1.0211e+05	1.0486e+05	1.0840e+05	90712
67.131	47391	46610	46095	46598	45573	45804	47078	47828	62992	65228	64211	66072	1.0141e+05	1.0509e+05	1.0890e+05	91470
67.167	47647	47238	46061	46654	45752	45754	46274	47773	62077	64674	64571	64852	1.0196e+05	1.0509e+05	1.0907e+05	91738
67.203	47388	46154	46304	45935	46350	46181	47073	48046	61638	64962	65415	64844	1.0289e+05	1.0588e+05	1.0899e+05	91316
67.239	47857	46979	46292	46349	45284	45267	46561	47503	62025	65451	64952	65031	1.0213e+05	1.0523e+05	1.0903e+05	91021
67.275	47265	47045	46924	46376	45855	45762	47379	48391	62183	65515	64970	64739	1.0218e+05	1.0498e+05	1.0872e+05	90234
67.311	47061	46178	46432	45829	45899	45849	46433	47960	62343	65279	65626	65201	1.0184e+05	1.0450e+05	1.0901e+05	90091
67.347	47844	46796	46638	46005	45888	45875	47148	48145	62964	65032	65793	65259	1.0203e+05	1.0627e+05	1.0986e+05	90707
67.383	47753	46836	46176	46153	45249	45069	46633	47976	62255	65284	63978	64876	1.0177e+05	1.0506e+05	1.0942e+05	91045
67.419	47835	46248	46339	46362	45353	45388	46804	48431	62483	65120	65393	65836	1.0290e+05	1.0483e+05	1.0824e+05	91049
67.456	46572	47081	46828	45338	46581	45567	46725	47403	62335	64976	65135	64617	1.0302e+05	1.0586e+05	1.0900e+05	91336
67.492	47868	46635	46294	46283	45977	46030	46043	47702	62050	65011	64919	65764	1.0286e+05	1.0568e+05	1.0851e+05	90743
67.528	47841	46044	46508	45860	45690	45198	46443	47672	62439	65871	65489	64824	1.0200e+05	1.0462e+05	1.0867e+05	91019
67.564	47242	46993	46920	45894	46236	45511	47022	47833	62045	65588	65367	65587	1.0159e+05	1.0533e+05	1.0937e+05	90616
67.600	47753	46809	46605	46234	45465	46099	46507	47535	62119	65229	65119	64849	1.0194e+05	1.0489e+05	1.0905e+05	90975
67.636	47523	46756	46076	45807	46040	45482	47062	48269	62896	65218	65449	65102	1.0186e+05	1.0505e+05	1.0916e+05	91004
67.672	47289	46405	46798	45364	45410	45690	46453	48266	62341	65914	64589	64899	1.0180e+05	1.0465e+05	1.0867e+05	90975
67.708	47199	46737	45609	45548	45778	44863	46792	47968	62403	65415	65116	64699	1.0147e+05	1.0479e+05	1.0904e+05	90677
67.744	46797	46700	46026	46169	46029	45226	46922	48257	62288	65560	65165	64412	1.0203e+05	1.0504e+05	1.0881e+05	91377
67.781	47876	47126	46002	45891	46162	46461	46703	48171	62293	65736	64536	65102	1.0244e+05	1.0573e+05	1.0826e+05	91125
67.817	46928	47059	46614	45473	45299	46068	45927	47926	62320	65385	64944	65800	1.0194e+05	1.0494e+05	1.0747e+05	90813
67.853	47769	46721	46786	45822	46159	45804	46783	47586	62244	65311	65211	65176	1.0151e+05	1.0456e+05	1.0905e+05	91213
67.889	47655	46660	46341	46293	46097	45991	46411	48288	61906	64702	65245	65292	1.0187e+05	1.0481e+05	1.0885e+05	91113
67.925	47817	46567	45770	45416	45742	45810	46413	47746	61723	64845	65103	65000	1.0165e+05	1.0544e+05	1.0848e+05	91344
67.961	47112	46755	46306	45711	45670	45962	46619	47889	61897	65114	65311	64799	1.0355e+05	1.0524e+05	1.0862e+05	89904
67.997	47328	46617	45529	46084	45634	46166	46600	48121	62321	65737	65026	64902	1.0164e+05	1.0514e+05	1.0854e+05	90763
68.033	47757	46176	46567	45552	45731	45649	46954	47961	61785	65817	65028	64598	1.0222e+05	1.0688e+05	1.0827e+05	89783
68.069	47446	46247	46176	45766	45535	45131	47736	48163	62552	65047	64269	64849	1.0204e+05	1.0513e+05	1.0906e+05	90853
68.106	47568	46680	45856	45995	46081	45160	47110	48131	62214	65968	64315	64957	1.0070e+05	1.0489e+05	1.0847e+05	90693
68.142	47622	46729	46865	45847	46070	45921	46528	47504	62206	65079	64529	65321	1.0246e+05	1.0484e+05	1.0921e+05	90643
68.178	47297	46713	45864	45437	46049	46479	46971	47860	61843	65512	64706	65514	1.0195e+05	1.0519e+05	1.0796e+05	89850
68.214	47425	46812	46792	46095	45581	45918	46581	48029	61679	64493	64205	66326	1.0126e+05	1.0490e+05	1.0957e+05	90564
68.250	47858	47011	46147	45880	45434	45626	46617	47973	62332	65071	65352	64982	1.0192e+05	1.0538e+05	1.0891e+05	89930
68.286	47484	46537	46228	45646	45686	45401	46348	47507	62063	65116	65142	64626	1.0128e+05	1.0556e+05	1.0831e+05	91388
68.322	47602	46518	46247	45839	46283	45979	46829	47678	62813	65301	64681	66022	1.0225e+05	1.0467e+05	1.0881e+05	90810
68.358	47393	46660	45540	46301	46229	46204	46985	47786	62473	65429	64852	65453	1.0183e+05	1.0544e+05	1.0784e+05	90549
68.394	47070	47138	46083	45115	45255	46286	47084	47819	62042	66224	65078	65114	1.0209e+05	1.0403e+05	1.0826e+05	90291
68.431	47898	46143	46076	45464	45735	45641	46788	47780	62568	65469	65021	64894	1.0254e+05	1.0484e+05	1.0869e+05	91104
68.467	47299	46270	46333	46245	45966	46303	46593	48006	62957	65604	64757	64817	1.0169e+05	1.0513e+05	1.0918e+05	91002
68.503	48131	46499	46255	45936	45666	45448	46971	47951	61859	65303	65575	64915	1.0166e+05	1.0493e+05	1.0818e+05	90241
68.539	47528	46976	46474	45479	45465	46070	46273	48080	62557	65509	64522	64493	1.0232e+05	1.0647e+05	1.0927e+05	90732
68.575	47513	46558	45738	45517	45814	45101	45855	48392	63183	65347	64539	64710	1.0194e+05	1.0538e+05	1.0849e+05	90971
68.611	46837	46618	45986	46097	45851	45706	46570	47545	61954	66502	64978	63984	1.0173e+05	1.0492e+05	1.0926e+05	90692
68.647	47154	46565	46243	45718	46000	45707	46830	47866	62198	64893	64308	64244	1.0224e+05	1.0493e+05	1.0860e+05	90051
68.683	47771	46583	46269	45681	45427	45844	46529	48021	62792	64878	64707	64497	1.0325e+05	1.0622e+05	1.0822e+05	89759
68.719	47415	46956	46259	46154	45253	46242	46514	48222	62292	65214	65247	64615	1.0144e+05	1.0538e+05	1.0873e+05	91323
68.756	47847	46394	46136	45745	46289	46356	46692	47712	62476	65733	65544	65128	1.0142e+05	1.0521e+05	1.0878e+05	90292
68.792	47633	47013	46060	46250	45688	46248	47297	48093	62716	64896	64015	65445	1.0201e+05	1.0573e+05	1.0905e+05	90364
68.828	47996	46426	46314	46059	45877	45896	46513	47667	62521	64703	64999	64555	1.0153e+05	1.0604e+05	1.0901e+05	90412
68.864	46443	46628	46247	45624	45900	45257	46302	47637	62334	65549	64388	65011	1.0227e+05	1.0536e+05	1.0817e+05	91126
68.900	48135	46733	46250	45809	45570	46498	47431	48167	62275	64898	65560	65850	1.0212e+05	1.0577e+05	1.0890e+05	90428
68.936	47676	47173	45877	46427	46023	45367	46956	48032	62226	66144	65018	64452	1.0267e+05	1.0570e+05	1.0714e+05	90982
68.972	47134	46530	46250	46314	45407	45432	46964	47873	63078	65306	65585	64658	1.0248e+05	1.0388e+05	1.0826e+05	90717
69.008	47496	46351	46371	46529	45644	45398	46164	48166	62566	65314	64680	65069	1.0203e+05	1.0554e+05	1.0858e+05	89620
69.044	47567	46851	46257	45593	45498	45668	46708	47671	62172	65384	64344	65763	1.0308e+05	1.0538e+05	1.0962e+05	89837
69.081	47875	46793	45792	45669	45981	46005	47194	48294	62003	64121	65606	65488	1.0263e+05	1.0517e+05	1.0900e+05	91336
69.117	47355	46688	46158	45774	46141	45463	46639	47961	62519	65652	64754	64962	1.0229e+05	1.0465e+05	1.0926e+05	90880
69.153	47737	46699	46095	46207	46483	45903	46505	47954	62577	66277	64980	65214	1.0103e+05	1.0532e+05	1.0839e+05	90778
69.189	47587	47218	46374	45910	45810	45415	46306	47837	62795	65141	65174	64909	1.0224e+05	1.0549e+05	1.0888e+05	90615
69.225	47991	46758	46213	45850	45694	46545	46581	48804	62091	65712	65239	64942	1.0188e+05	1.0424e+05	1.0822e+05	90730
69.261	47702	46321	46237	46096	45617	45934	46599	48547	61997	66098	64615	65695	1.0184e+05	1.0510e+05	1.0927e+05	90941
69.297	47333	46503	46741	45900	45460	45770	46692	48398	63051	65584	65473	64960	1.0166e+05	1.0474e+05	1.0887e+05	90297
69.333	47930	47145	46602	46342	46268	46318	46450	48561	62391	64692	64938	65198	1.0047e+05	1.0459e+05	1.0844e+05	90966
69.369	47102	45994	46856	46050	45785	46126	46255	47726	62042	64668	64940	65434	1.0161e+05	1.0529e+05	1.0829e+05	91062
69.406	47110	46384	46446	45605	45842	45365	46951	48175	62641	65082	65415	64777	1.0265e+05	1.0524e+05	1.0948e+05	91736
69.442	47643	46248	46222	45161	45129	45516	46599	47610	62387	65375	65114	64953	1.0167e+05	1.0458e+05	1.0853e+05	89791
69.478	47322	45550	45674	45968	45470	45597	47106	48046	62772	65805	65388	65157	1.0191e+05	1.0501e+05	1.0846e+05	90069
69.514	47957	47031	46597	44981	45600	45584	46553	47857	62255	65220	64728	65056	1.0207e+05	1.0465e+05	1.0886e+05	90939
69.550	47629	46162	46458	44892	45642	46138	46599	48787	62439	65544	65294	64946	1.0141e+05	1.0511e+05	1.0916e+05	90138
69.586	47715	46660	46342	45961	46001	45719	46886	47433	62094	65147	64407	65024	1.0160e+05	1.0483e+05	1.0887e+05	89651
69.622	47318	46433	46799	46388	45796	45488	46543	48477	61772	65587	65201	64676	1.0232e+05	1.0530e+05	1.0879e+05	90278
69.658	47430	46677	47105	45786	45879	45373	46819	47883	62023	64908	64836	65769	1.0146e+05	1.0544e+05	1.0780e+05	90659
69.694	47362	45766	46148	46416	45312	45958	47154	47833	62590	64944	65331	65916	1.0098e+05	1.0512e+05	1.0825e+05	90476
69.731	47880	46867	45884	46128	45952	46092	46052	48764	62610	65076	65106	65005	1.0266e+05	1.0429e+05	1.0855e+05	90527
69.767	47424	46200	46869	45684	45147	45758	47239	47875	62705	64907	64978	64788	1.0197e+05	1.0633e+05	1.0830e+05	90727
69.803	47546	46925	46706	45970	45607	46080	46658	47967	63321	65490	64480	65486	1.0185e+05	1.0491e+05	1.0877e+05	90686
69.839	47479	46243	46187	45670	46234	45300	46706	48410	62732	64690	65088	65315	1.0252e+05	1.0562e+05	1.0848e+05	90169
69.875	47728	46924	45816	45633	45958	45375	47349	48038	62226	65211	65729	65106	1.0107e+05	1.0534e+05	1.0863e+05	91353
69.911	47747	46752	46766	45496	46127	45563	46755	47404	62234	66054	64341	65133	1.0176e+05	1.0498e+05	1.0827e+05	90008
69.947	47102	47100	45829	45798	46238	45602	47150	48182	62637	65538	64398	65013	1.0079e+05	1.0581e+05	1.0835e+05	90193
69.983	47522	46885	46622	45882	45867	46369	46811	47436	63153	65506	65008	65036	1.0177e+05	1.0553e+05	1.0819e+05	90419
70.019	47576	46575	46446	45931	46233	46059	46781	48511	62615	65854	65322	65452	1.0170e+05	1.0432e+05	1.0828e+05	90185
70.056	47498	46416	46556	45889	45697	45790	46607	47950	62792	65632	65403	64987	1.0126e+05	1.0551e+05	1.0861e+05	89788
70.092	46522	45980	46494	46223	46004	45971	46592	48437	62326	65468	65262	64955	1.0130e+05	1.0661e+05	1.0702e+05	89882
70.128	48108	46842	46904	46208	45474	46349	46886	48137	63157	65660	64788	65568	1.0221e+05	1.0537e+05	1.0931e+05	89620
70.164	47866	46007	46423	45607	45438	45344	46952	48280	62448	66456	65254	65556	1.0147e+05	1.0492e+05	1.0799e+05	90744
70.200	47655	46804	46265	45823	46397	45858	46837	47509	62289	65312	65173	64655	1.0149e+05	1.0534e+05	1.0952e+05	89867
70.236	48117	46865	46501	45798	45079	45844	46306	48177	62458	65105	65190	64902	1.0277e+05	1.0626e+05	1.0761e+05	91035
70.272	47401	46523	46668	45786	45728	45947	46070	47871	62525	65398	65883	65037	1.0176e+05	1.0503e+05	1.0805e+05	90124
70.308	47124	46811	46740	45375	45679	45892	46660	48390	62891	65500	64338	64842	1.0248e+05	1.0553e+05	1.0812e+05	90250
70.344	47681	47141	45924	45981	45918	45125	46597	47714	62346	65256	66086	65440	1.0206e+05	1.0566e+05	1.0847e+05	90406
70.381	47514	46915	46090	45793	45889	45945	47260	48303	62895	65531	65106	64903	1.0208e+05	1.0612e+05	1.0901e+05	89994
70.417	47599	46977	45991	45890	46273	45693	47506	47650	63282	65096	64873	64996	1.0201e+05	1.0579e+05	1.0871e+05	89842
70.453	47791	47076	46242	45930	46119	45750	46621	47751	62724	66229	64303	64843	1.0196e+05	1.0616e+05	1.0857e+05	90774
70.489	47477	47593	46248	45562	46185	45220	46784	48340	62525	65029	64554	65354	1.0210e+05	1.0579e+05	1.0815e+05	89365
70.525	48153	46342	46257	46216	44994	45864	47371	48218	62089	64806	65120	65205	1.0205e+05	1.0554e+05	1.0833e+05	89575
70.561	47137	46766	46432	46362	45960	45906	47267	48753	63491	65204	64926	64801	1.0159e+05	1.0519e+05	1.0836e+05	89993
70.597	46978	46046	46411	45458	46373	46295	46802	48333	62780	66068	64986	65928	1.0319e+05	1.0533e+05	1.0795e+05	90476
70.633	48015	46607	45902	45964	45467	45997	46994	47676	63016	64937	65105	65369	1.0139e+05	1.0645e+05	1.0755e+05	89636
70.669	47592	46995	46539	45980	46200	45634	46924	47483	62362	65390	64705	64992	1.0197e+05	1.0424e+05	1.0839e+05	90919
70.706	47327	46625	46174	45662	45791	45517	46923	47499	62857	65138	65587	65161	1.0142e+05	1.0455e+05	1.0850e+05	89311
70.742	47396	47107	46601	46012	45766	45720	47204	47183	62614	65176	65168	64999	1.0230e+05	1.0519e+05	1.0760e+05	89966
70.778	47700	46125	46504	46029	45752	45700	46562	47889	62373	65483	65390	65374	1.0251e+05	1.0541e+05	1.0795e+05	89579
70.814	47370	47025	46488	45369	45847	45706	46688	47626	61957	65932	64668	65429	1.0186e+05	1.0541e+05	1.0856e+05	90210
70.850	47799	46518	45965	45196	46391	45540	47213	47931	62611	64765	65259	65964	1.0270e+05	1.0625e+05	1.0884e+05	90655
70.886	47765	46549	46048	45884	45404	46017	46644	48151	62190	65335	65256	65239	1.0153e+05	1.0429e+05	1.0790e+05	90545
70.922	47179	46489	46572	45149	46227	45777	46865	48486	63157	65159	64946	65498	1.0196e+05	1.0488e+05	1.0854e+05	89614
70.958	47272	46591	47031	45773	45570	46167	46501	48277	62713	65200	65057	65295	1.0150e+05	1.0645e+05	1.0702e+05	90251
70.994	46494	46393	45945	45974	46124	46100	47011	47812	62902	65811	65506	65653	1.0195e+05	1.0682e+05	1.0825e+05	89611
71.031	47630	47041	46409	45208	45244	45340	46515	48082	63486	65119	65221	65184	1.0306e+05	1.0597e+05	1.0797e+05	90042
71.067	47728	46675	46307	46453	46513	45540	47604	48187	62564	66212	64771	64790	1.0196e+05	1.0482e+05	1.0821e+05	89594
71.103	47348	47034	46576	46639	46314	46315	46313	48133	62218	65887	64699	64846	1.0230e+05	1.0495e+05	1.0805e+05	90599
71.139	47518	46109	46935	45438	45651	46138	46590	47669	62358	65403	65051	65967	1.0216e+05	1.0544e+05	1.0818e+05	91537
71.175	46864	46864	46073	46073	45832	44997	46636	47901	63293	65184	64937	64788	1.0292e+05	1.0500e+05	1.0815e+05	89323
71.211	47540	46912	45880	46027	45566	46314	46691	48145	62939	65233	65162	65283	1.0143e+05	1.0638e+05	1.0822e+05	88880
71.247	48059	46750	46599	45953	46156	46286	46060	47374	62715	65176	65432	65456	1.0199e+05	1.0625e+05	1.0812e+05	89491
71.283	47445	46545	45941	45884	45562	45723	46970	47339	62505	64995	65679	65348	1.0265e+05	1.0498e+05	1.0802e+05	89503
71.319	47767	47190	46215	45268	45441	46319	46150	48026	63250	65177	64857	65703	1.0247e+05	1.0436e+05	1.0820e+05	90092
71.356	46910	47124	45852	45381	46207	46023	46021	47020	62806	65298	64563	64928	1.0140e+05	1.0584e+05	1.0813e+05	89539
71.392	47886	46782	45751	45323	46193	46311	46891	48454	62367	65517	65086	65204	1.0245e+05	1.0644e+05	1.0856e+05	90093
71.428	47806	46558	45795	45986	45834	45692	47279	47921	62763	65921	64752	65760	1.0200e+05	1.0589e+05	1.0872e+05	90016
71.464	47356	46709	45432	45768	45895	45310	47089	48030	62296	65102	64969	64936	1.0086e+05	1.0618e+05	1.0828e+05	89445
71.500	46892	47179	46211	45683	45651	45286	46547	48062	63017	66055	65065	65141	1.0186e+05	1.0545e+05	1.0826e+05	89189
71.536	47653	45986	46277	45742	45442	45883	47378	47967	62640	65690	64483	65682	1.0214e+05	1.0485e+05	1.0736e+05	89436
71.572	47585	46245	46501	46045	45725	45693	47170	47538	62543	65333	65591	65350	1.0123e+05	1.0580e+05	1.0901e+05	90201
71.608	48169	46493	46216	45400	45442	46290	47764	48766	62647	65806	65801	66010	1.0146e+05	1.0584e+05	1.0837e+05	89563
71.644	47761	46021	46406	45756	45138	45875	46991	47718	63026	65667	65406	65545	1.0203e+05	1.0579e+05	1.0831e+05	90452
71.681	47687	47275	46192	46114	46074	45958	47376	48341	62506	65039	65187	65078	1.0114e+05	1.0678e+05	1.0785e+05	90203
71.717	47799	46273	46503	45823	45500	45616	46379	47725	62172	65279	65359	64988	1.0151e+05	1.0586e+05	1.0804e+05	90214
71.753	47815	46729	45891	45360	45836	45592	46629	47482	62194	64912	64991	65510	1.0262e+05	1.0537e+05	1.0780e+05	89780
71.789	47813	46300	46979	46250	45812	45838	46811	47778	62567	66022	65087	65744	1.0222e+05	1.0588e+05	1.0836e+05	89103
71.825	47403	46583	46182	45605	45738	46342	47223	47280	62860	64850	65770	65226	1.0149e+05	1.0536e+05	1.0858e+05	89674
71.861	48336	46753	45961	45900	45213	45645	47144	47548	62734	65244	64839	64937	1.0144e+05	1.0607e+05	1.0906e+05	89053
71.897	47070	46680	46102	45401	45424	46120	46880	47423	62600	65453	64828	65236	1.0218e+05	1.0528e+05	1.0861e+05	89487
71.933	47000	47259	46347	46070	45621	45547	46733	47908	63040	65644	64999	65126	1.0298e+05	1.0549e+05	1.0927e+05	89628
71.969	47436	45914	46333	46405	46128	45624	46958	47844	62628	65800	65065	64590	1.0279e+05	1.0516e+05	1.0824e+05	90426
72.006	47553	47041	45981	45975	45632	45014	46814	48272	62528	66116	65138	65308	1.0174e+05	1.0589e+05	1.0812e+05	89917
72.042	47541	46339	46274	46174	45809	45860	47125	47658	62419	65204	64943	65350	1.0169e+05	1.0493e+05	1.0845e+05	89716
72.078	47781	47016	46609	45926	46367	45634	47196	48025	63284	65652	65406	65435	1.0225e+05	1.0554e+05	1.0934e+05	89219
72.114	48218	46136	46504	45714	45685	45501	46728	47781	63183	64989	64889	65880	1.0190e+05	1.0494e+05	1.0821e+05	89165
