time/h	150 nM B6	150 nM B6	150 nM B6	150 nM B6	75 nM B6	75 nM B6	75 nM B6	75 nM B6	38 nM B6	38 nM B6	38 nM B6	38 nM B6	19 nM B6	19 nM B6	19 nM B6	19 nM B6	9.4 nM B6	9.4 nM B6	9.4 nM B6	9.4 nM B6	4.7 nM B6	4.7 nM B6	4.7 nM B6	4.7 nM B6	2.3 nM B6	2.3 nM B6	2.3 nM B6	2.3 nM B6	Ab42 alone	Ab42 alone	Ab42 alone	Ab42 alone
0.0000	12813	10568	11845	10934	9978.0	10178	10243	10245	9695.0	9788.0	10167	10179	9528.0	9617.0	9957.0	10474	9338.0	9429.0	9156.0	9529.0	9579.0	9160.0	9190.0	9590.0	8995.0	8912.0	9255.0	9138.0	9295.0	9606.0	9311.0	9161.0
0.020834	11582	10456	11891	10558	10153	9981.0	10248	10394	9551.0	9510.0	9946.0	10276	9792.0	9858.0	10065	10375	9259.0	9249.0	9099.0	9517.0	9576.0	8851.0	9482.0	9892.0	9072.0	9323.0	9165.0	9644.0	8816.0	8958.0	8853.0	8767.0
0.041666	11812	10506	11666	10342	9512.0	10275	10360	10916	9535.0	9594.0	9693.0	9830.0	9078.0	9422.0	10059	9772.0	9269.0	9156.0	9134.0	9433.0	9065.0	9003.0	9571.0	9414.0	9317.0	8939.0	8858.0	9276.0	9013.0	8770.0	9223.0	8911.0
0.062500	11557	10289	11551	10437	9444.0	9803.0	10176	10379	9215.0	9500.0	9715.0	9967.0	9545.0	9456.0	9765.0	9569.0	9514.0	9537.0	8995.0	9407.0	9243.0	8856.0	9152.0	9467.0	8952.0	8843.0	8959.0	9159.0	8963.0	8956.0	8755.0	8951.0
0.083334	11816	10134	11492	10633	9725.0	9871.0	10007	10310	9642.0	9317.0	9654.0	9769.0	9176.0	9332.0	9849.0	9961.0	9105.0	9148.0	9224.0	9547.0	9086.0	8952.0	8814.0	9458.0	9060.0	8937.0	8914.0	9173.0	9020.0	8890.0	9204.0	9107.0
0.10417	11391	10352	11687	10218	9213.0	9710.0	10130	9999.0	9449.0	9621.0	9364.0	9944.0	9615.0	9245.0	9791.0	9804.0	9292.0	9082.0	9253.0	9357.0	9220.0	8697.0	9239.0	9611.0	8906.0	9137.0	9082.0	9768.0	9236.0	8991.0	8870.0	9092.0
0.12500	10888	9889.0	11273	10460	9387.0	9873.0	9940.0	10243	9512.0	9174.0	9642.0	9967.0	8948.0	9340.0	9678.0	10011	9374.0	9435.0	9105.0	9315.0	8986.0	9028.0	9123.0	9607.0	8953.0	9090.0	9234.0	9555.0	9148.0	8839.0	8950.0	8605.0
0.14584	10818	9859.0	11551	10471	9479.0	9513.0	9910.0	10037	9207.0	9469.0	9454.0	10002	9186.0	9411.0	9818.0	10121	9420.0	9294.0	9429.0	9282.0	8400.0	8874.0	9301.0	9170.0	9017.0	8997.0	9156.0	9482.0	9273.0	8948.0	9201.0	9085.0
0.16666	11049	9653.0	11194	10001	9649.0	9954.0	9630.0	10195	9454.0	9148.0	9483.0	9994.0	8980.0	9756.0	9776.0	10282	9237.0	8944.0	9229.0	9532.0	8788.0	8677.0	9315.0	9232.0	8874.0	8746.0	9088.0	9602.0	9052.0	9111.0	8786.0	9119.0
0.18750	10864	9928.0	11139	10514	9752.0	9505.0	9773.0	10210	9316.0	9428.0	9663.0	9860.0	9261.0	9334.0	9300.0	9816.0	9058.0	8989.0	9071.0	9356.0	9232.0	8941.0	9280.0	9184.0	8885.0	8697.0	9095.0	9623.0	9155.0	9105.0	8978.0	9158.0
0.20834	10912	9798.0	11297	10349	9413.0	9631.0	9716.0	9878.0	9624.0	9601.0	9767.0	9823.0	9300.0	9836.0	9840.0	9742.0	9266.0	8995.0	8988.0	9267.0	8918.0	8895.0	9328.0	9633.0	9043.0	8879.0	9070.0	10062	8893.0	9082.0	9031.0	9037.0
0.22916	10654	9983.0	11038	10366	9358.0	9934.0	9923.0	9963.0	9478.0	9191.0	9591.0	9741.0	9129.0	9374.0	9669.0	9618.0	9018.0	9394.0	8984.0	9170.0	8967.0	8705.0	9148.0	9243.0	8430.0	9019.0	8887.0	9450.0	9437.0	8846.0	9083.0	8948.0
0.25000	10455	9710.0	11246	10409	9530.0	9754.0	10039	9889.0	9379.0	9235.0	9704.0	9905.0	9117.0	9452.0	9633.0	10202	9405.0	9125.0	9357.0	9482.0	9016.0	8930.0	9223.0	9544.0	8608.0	9449.0	9117.0	9931.0	9345.0	9272.0	8857.0	8819.0
0.27084	10715	10029	11534	10407	9460.0	9736.0	10098	10006	9527.0	9500.0	9668.0	9954.0	9072.0	9503.0	9462.0	10009	9305.0	9026.0	9069.0	9333.0	9430.0	8919.0	8724.0	9326.0	9168.0	9075.0	9428.0	9864.0	9252.0	9124.0	8926.0	8908.0
0.29166	10718	9787.0	11011	10201	9249.0	9502.0	9841.0	10204	9026.0	9437.0	9446.0	9842.0	9300.0	9446.0	9532.0	10240	9198.0	9242.0	9343.0	9436.0	9084.0	8962.0	9266.0	9432.0	9001.0	9207.0	9266.0	9782.0	9495.0	9340.0	9125.0	8752.0
0.31250	10489	9690.0	11250	10164	9461.0	9598.0	9906.0	10056	9619.0	9170.0	9426.0	9759.0	9226.0	8879.0	9608.0	9900.0	8945.0	9346.0	9254.0	9188.0	9207.0	8764.0	9197.0	9300.0	8872.0	8830.0	9136.0	9681.0	9638.0	9146.0	8901.0	9196.0
0.33334	10044	9875.0	11264	9739.0	9243.0	9574.0	9774.0	9688.0	9483.0	9173.0	9628.0	9756.0	9308.0	9524.0	9511.0	10060	9125.0	9226.0	8984.0	9329.0	9173.0	8937.0	9046.0	9172.0	9267.0	9486.0	9067.0	9832.0	9469.0	9506.0	9030.0	9018.0
0.35416	10330	9916.0	11359	10083	9394.0	9683.0	10238	10253	9449.0	9585.0	9406.0	9877.0	9423.0	9580.0	9590.0	10132	9269.0	9291.0	9185.0	9456.0	9063.0	8903.0	9020.0	9652.0	9027.0	8941.0	9018.0	9924.0	9420.0	9193.0	8878.0	8692.0
0.37500	10066	10155	11040	10132	9335.0	9496.0	9715.0	9975.0	9094.0	9181.0	9674.0	9926.0	8915.0	9194.0	9910.0	9868.0	9060.0	9403.0	9232.0	9181.0	8858.0	9566.0	9087.0	9561.0	9049.0	8976.0	9395.0	10050	9339.0	9338.0	9313.0	8979.0
0.39584	10508	9985.0	11457	10420	9461.0	9654.0	9911.0	9978.0	9435.0	8874.0	9590.0	9767.0	9135.0	9312.0	9803.0	9969.0	9505.0	8947.0	9175.0	9054.0	9367.0	9329.0	9254.0	9582.0	8985.0	9219.0	9201.0	9831.0	9857.0	9478.0	9370.0	9286.0
0.41666	10140	9688.0	10902	9902.0	9604.0	9926.0	10037	10077	9473.0	9440.0	9617.0	9541.0	9548.0	9458.0	9839.0	10263	9352.0	9598.0	8937.0	9329.0	9137.0	9227.0	9408.0	9393.0	8797.0	8720.0	9489.0	9824.0	9719.0	9251.0	9242.0	8940.0
0.43750	9881.0	9641.0	11369	10267	9396.0	9778.0	9585.0	9993.0	9826.0	9229.0	9853.0	9931.0	9249.0	9545.0	9793.0	10009	9207.0	9358.0	9311.0	9544.0	9399.0	9273.0	9104.0	9322.0	9133.0	9247.0	9364.0	9651.0	9608.0	9401.0	9439.0	9142.0
0.45834	10245	10120	11129	9813.0	9267.0	10048	10014	10267	9483.0	9359.0	9484.0	9798.0	9277.0	9402.0	10010	10379	8999.0	9353.0	9048.0	9422.0	9217.0	8833.0	9244.0	9400.0	8945.0	9308.0	9308.0	9987.0	9415.0	9308.0	9516.0	9140.0
0.47916	10181	9625.0	11202	10235	9671.0	10010	10301	9997.0	9392.0	9407.0	9861.0	9674.0	9255.0	9402.0	9826.0	9996.0	9112.0	9443.0	9218.0	9312.0	9307.0	9370.0	9282.0	9591.0	8928.0	9086.0	9377.0	9667.0	9652.0	9494.0	9410.0	9213.0
0.50000	9974.0	9431.0	11196	10327	9348.0	9590.0	10105	9871.0	9644.0	9597.0	9622.0	9863.0	9259.0	9073.0	9792.0	9845.0	9023.0	9380.0	8818.0	9165.0	9436.0	9082.0	9125.0	9473.0	9004.0	9166.0	9079.0	9949.0	9826.0	9065.0	9466.0	9332.0
0.52084	10297	9794.0	11230	10147	9149.0	9732.0	9845.0	9997.0	9439.0	9658.0	9833.0	10101	9304.0	9008.0	9448.0	10233	9134.0	9033.0	9139.0	9308.0	9489.0	8849.0	9108.0	9524.0	8933.0	8856.0	9334.0	10036	9702.0	9407.0	9643.0	9177.0
0.54166	10195	9792.0	11284	10168	9388.0	9747.0	10139	9895.0	9501.0	9315.0	9324.0	9809.0	9197.0	9337.0	9253.0	9993.0	9196.0	9025.0	9167.0	9331.0	9441.0	9203.0	8823.0	9646.0	8997.0	9198.0	9096.0	9892.0	9479.0	9623.0	9941.0	9548.0
0.56250	10378	9672.0	11266	10169	9553.0	9379.0	9960.0	10145	9636.0	9478.0	9600.0	10012	8853.0	9376.0	9835.0	9963.0	9517.0	9092.0	9327.0	9299.0	9086.0	8930.0	9264.0	9453.0	8877.0	8972.0	9283.0	10296	9797.0	9819.0	9831.0	9427.0
0.58334	10267	9946.0	11076	10242	9445.0	9614.0	9928.0	9992.0	9747.0	9430.0	9790.0	9804.0	9565.0	9432.0	9495.0	10175	9418.0	9251.0	8893.0	9531.0	9060.0	9203.0	9111.0	9572.0	8837.0	9074.0	9213.0	10182	9816.0	9685.0	9808.0	9496.0
0.60416	10059	9852.0	11179	10237	9503.0	9677.0	9516.0	9882.0	9441.0	9489.0	9538.0	9685.0	9450.0	9265.0	9689.0	10157	9302.0	9159.0	9090.0	9288.0	9270.0	9135.0	9520.0	9532.0	9194.0	8965.0	9520.0	9911.0	10142	9692.0	9851.0	9612.0
0.62500	10213	9587.0	11229	9996.0	9938.0	9687.0	9590.0	10174	9068.0	9415.0	9719.0	10187	9366.0	9481.0	9313.0	9852.0	9456.0	9441.0	9058.0	9392.0	9340.0	8984.0	9261.0	9956.0	8541.0	9065.0	9388.0	9862.0	10241	9785.0	10106	9739.0
0.64584	10082	9738.0	11364	10356	9400.0	9649.0	10210	10270	9418.0	9868.0	9430.0	9938.0	9268.0	9525.0	9681.0	9907.0	9303.0	9385.0	9090.0	9125.0	9268.0	8793.0	9011.0	9395.0	8859.0	8957.0	9305.0	10095	10112	10536	10392	9575.0
0.66666	9972.0	9597.0	11245	10284	9380.0	9756.0	9832.0	9971.0	9453.0	9541.0	9558.0	9958.0	9409.0	9287.0	9597.0	9986.0	9453.0	9313.0	9315.0	9741.0	9202.0	8987.0	9291.0	9717.0	8768.0	9303.0	9448.0	10126	10193	9947.0	10603	9563.0
0.68750	9947.0	9873.0	11372	10103	9487.0	9664.0	10316	10190	9790.0	9921.0	9512.0	9930.0	9481.0	9419.0	9627.0	10180	9276.0	9257.0	8983.0	9555.0	9185.0	9203.0	9425.0	9208.0	8829.0	9173.0	9334.0	10248	10657	10166	10748	9790.0
0.70834	10047	9776.0	11416	10049	9480.0	9169.0	10471	9983.0	9416.0	9396.0	9567.0	9902.0	9454.0	9364.0	9601.0	10245	9414.0	9474.0	9015.0	9344.0	9560.0	9187.0	9100.0	9397.0	8837.0	9230.0	9361.0	10073	11074	10630	11299	9966.0
0.72916	9958.0	10004	11524	9925.0	9395.0	9692.0	9617.0	9978.0	9647.0	9176.0	9563.0	9768.0	9116.0	9493.0	9692.0	10069	9417.0	9513.0	9017.0	9063.0	9155.0	9048.0	9050.0	9321.0	8955.0	9240.0	9370.0	10064	10880	10804	11325	9901.0
0.75000	9909.0	10144	11205	10096	9378.0	9922.0	9853.0	9985.0	9567.0	9569.0	9503.0	9589.0	9104.0	9392.0	9641.0	10122	9081.0	8883.0	8691.0	9217.0	9342.0	9177.0	9283.0	9575.0	8843.0	9145.0	9224.0	10086	11061	11095	11841	9994.0
0.77084	10194	9953.0	11041	9812.0	9280.0	9627.0	9821.0	10139	9378.0	9253.0	9674.0	9959.0	9197.0	9480.0	9645.0	10434	9392.0	9076.0	9152.0	9413.0	9194.0	9006.0	9334.0	9580.0	8772.0	8783.0	9561.0	10162	11356	11503	12530	10436
0.79166	10019	9892.0	11239	10194	9551.0	9569.0	10029	10161	9285.0	9571.0	9264.0	9715.0	9751.0	9330.0	9611.0	9884.0	9351.0	9078.0	8844.0	9311.0	9201.0	9049.0	9427.0	9372.0	8606.0	9117.0	9282.0	10182	11615	11630	12384	10392
0.81250	9984.0	10074	11514	9688.0	9639.0	9633.0	10041	10058	9612.0	9110.0	9459.0	10113	9406.0	9655.0	9913.0	9981.0	9350.0	9460.0	9077.0	9365.0	9251.0	9059.0	9473.0	9653.0	8772.0	8945.0	9704.0	9877.0	11718	12128	13163	10636
0.83334	10026	9645.0	11116	10316	9359.0	9355.0	9937.0	10053	9188.0	9676.0	9524.0	9679.0	9442.0	9332.0	9655.0	9956.0	9473.0	9275.0	9196.0	9315.0	9168.0	9021.0	8947.0	9338.0	8752.0	9283.0	9245.0	10300	11946	12515	13010	10887
0.85416	10000	9727.0	11284	9894.0	9220.0	9676.0	9733.0	10080	9045.0	9253.0	9455.0	9804.0	9419.0	9306.0	9511.0	10557	9303.0	9442.0	9312.0	9322.0	9337.0	9045.0	9236.0	9514.0	8690.0	8991.0	9289.0	9816.0	12631	12810	13688	11426
0.87500	10204	9693.0	11296	9837.0	9482.0	9552.0	9625.0	10226	9638.0	9181.0	9673.0	9664.0	9345.0	9735.0	9934.0	10021	9364.0	9468.0	8987.0	9201.0	9271.0	8990.0	8948.0	9248.0	8784.0	8863.0	9595.0	9975.0	12898	13097	14097	11731
0.89584	10257	9730.0	11356	9991.0	9166.0	9396.0	9831.0	10007	9329.0	9112.0	9433.0	9849.0	9409.0	9490.0	9864.0	9819.0	9434.0	9215.0	8955.0	9341.0	9085.0	9009.0	9069.0	9516.0	8928.0	9411.0	10069	9962.0	13434	13884	14602	11220
0.91666	10086	9698.0	11360	9973.0	9340.0	9661.0	9692.0	10016	9501.0	9434.0	9528.0	10115	9505.0	9323.0	9596.0	10184	9503.0	9192.0	9127.0	9424.0	9328.0	8981.0	9337.0	9147.0	9020.0	8988.0	9797.0	10161	14014	14121	16284	12121
0.93750	9988.0	9608.0	11665	9699.0	9675.0	9682.0	9816.0	10095	9158.0	9398.0	9114.0	9403.0	9370.0	9270.0	9305.0	9941.0	9505.0	9397.0	8833.0	9330.0	9217.0	9107.0	9080.0	9463.0	8540.0	8814.0	9700.0	10417	14846	14730	16128	12571
0.95834	9984.0	9917.0	11235	9780.0	9397.0	9075.0	9700.0	9971.0	9676.0	9619.0	9628.0	9878.0	9306.0	9240.0	9712.0	10289	9500.0	8989.0	8715.0	9119.0	9303.0	9107.0	9317.0	9097.0	8943.0	9153.0	9713.0	10374	14848	15468	17547	13205
0.97916	10153	9947.0	11383	9636.0	9285.0	9837.0	10032	10343	9508.0	9538.0	9262.0	9931.0	9231.0	9472.0	9544.0	10265	9247.0	9070.0	9111.0	9251.0	9404.0	9381.0	8989.0	9547.0	8785.0	9096.0	9623.0	10161	16107	16435	17707	13471
1.0000	9915.0	9526.0	11185	9987.0	9583.0	9733.0	9810.0	9956.0	9363.0	9293.0	9872.0	9853.0	9400.0	9388.0	9891.0	10066	9405.0	9395.0	9135.0	9411.0	9022.0	9310.0	9232.0	9234.0	8687.0	9137.0	9945.0	10429	16137	16337	18822	13714
1.0208	10189	9658.0	11465	9826.0	9632.0	10065	9960.0	10182	9644.0	9629.0	9465.0	10011	9510.0	9399.0	9435.0	10256	9181.0	9544.0	8869.0	9029.0	8996.0	9178.0	9012.0	9561.0	9000.0	9026.0	10073	10364	16736	17578	19648	14298
1.0417	10054	9639.0	11266	9970.0	9372.0	9388.0	9912.0	10089	9549.0	9220.0	9703.0	9646.0	9463.0	9650.0	9433.0	10242	8862.0	9359.0	8809.0	9429.0	9135.0	9403.0	9348.0	9411.0	8688.0	9183.0	10235	10487	18040	18410	20120	15382
1.0625	9691.0	9528.0	11488	9768.0	9159.0	9672.0	9691.0	10026	9291.0	9337.0	9743.0	9784.0	9430.0	9309.0	9368.0	9840.0	9197.0	9140.0	8945.0	9066.0	9008.0	9415.0	9287.0	9345.0	8890.0	9197.0	10079	10025	18164	18910	20938	15795
1.0833	9996.0	9696.0	11141	10029	9349.0	9646.0	9780.0	10022	9196.0	9357.0	9856.0	9821.0	9462.0	9147.0	9793.0	10096	9210.0	8933.0	8947.0	8890.0	9160.0	9194.0	9121.0	9175.0	8993.0	9246.0	10250	10386	19144	19836	22445	16676
1.1042	9945.0	9905.0	10976	10079	9216.0	9819.0	9511.0	10022	9462.0	9721.0	9705.0	9670.0	8801.0	9559.0	9673.0	10059	9085.0	9067.0	8922.0	9007.0	8946.0	9232.0	8991.0	9442.0	8850.0	9091.0	10302	10696	20123	20314	23157	17618
1.1250	9886.0	9219.0	11303	10123	9517.0	9568.0	9735.0	10033	9644.0	9632.0	9544.0	9945.0	9090.0	9486.0	9277.0	9987.0	9561.0	9242.0	9178.0	9726.0	9078.0	9471.0	9191.0	9479.0	8757.0	9131.0	10183	10359	20467	21235	23527	18622
1.1458	10217	9761.0	11482	9954.0	9541.0	9893.0	9577.0	10147	9759.0	9586.0	9645.0	9488.0	9194.0	9389.0	9537.0	9985.0	8935.0	9018.0	9176.0	9308.0	9519.0	9461.0	8733.0	9138.0	9339.0	9003.0	10057	10557	21292	22297	24836	18955
1.1667	10069	9438.0	11303	9868.0	9366.0	9432.0	10094	10103	9469.0	9311.0	9607.0	9563.0	9204.0	9406.0	9816.0	9925.0	9083.0	9182.0	8940.0	9325.0	9163.0	9737.0	9037.0	9300.0	9039.0	8930.0	10642	10769	22284	22992	25348	20055
1.1875	10082	9819.0	11274	9742.0	9431.0	9849.0	9473.0	9820.0	9379.0	9362.0	9602.0	10157	9003.0	9533.0	9219.0	9853.0	9207.0	9114.0	9144.0	9152.0	9085.0	9301.0	9296.0	9386.0	8719.0	8796.0	10537	10826	22455	24015	26399	21003
1.2083	9970.0	9702.0	11041	9871.0	9084.0	9590.0	9897.0	10016	9501.0	9586.0	9596.0	10186	9119.0	9815.0	9484.0	9879.0	9311.0	9084.0	9184.0	9428.0	9201.0	9137.0	9199.0	8975.0	8972.0	8995.0	10405	10847	23063	24483	27472	21509
1.2292	9842.0	9485.0	10961	9967.0	9346.0	9578.0	9762.0	9784.0	9481.0	9431.0	9479.0	9380.0	9535.0	9325.0	9459.0	10132	9309.0	9042.0	8996.0	9348.0	9144.0	9334.0	8908.0	9359.0	9254.0	9246.0	10695	10897	23484	25196	27515	23067
1.2500	10215	9675.0	11715	10048	9651.0	9432.0	10103	10064	9895.0	9076.0	9608.0	9762.0	9215.0	9414.0	9579.0	10006	9402.0	9016.0	9174.0	9282.0	9254.0	9185.0	9268.0	9408.0	8934.0	9198.0	10500	11100	23982	26342	28706	23865
1.2709	9964.0	9656.0	11325	9817.0	9169.0	9459.0	9506.0	10364	9481.0	9520.0	9527.0	9762.0	9369.0	9260.0	9621.0	9798.0	8928.0	9334.0	9018.0	9268.0	9007.0	9266.0	9071.0	9366.0	9042.0	9072.0	10819	11206	23856	27031	28839	25114
1.2916	9896.0	9613.0	11209	9838.0	9017.0	9299.0	9947.0	9964.0	9370.0	9434.0	9718.0	9736.0	9122.0	9053.0	9656.0	10052	8918.0	8930.0	8992.0	8959.0	8906.0	9505.0	9016.0	9015.0	9168.0	8875.0	11059	10809	24683	27158	29857	26102
1.3125	9902.0	9632.0	11286	9942.0	9261.0	9227.0	9789.0	10047	9488.0	9238.0	9378.0	9777.0	9222.0	9438.0	9593.0	10277	9068.0	9332.0	8812.0	9315.0	9653.0	9017.0	8854.0	9303.0	9568.0	8964.0	10852	10922	24954	27928	30099	27380
1.3334	9970.0	9893.0	11130	10043	9030.0	9431.0	9999.0	10057	9347.0	9309.0	9348.0	9499.0	9375.0	9337.0	9524.0	10151	9089.0	9111.0	9125.0	9453.0	9221.0	9778.0	9248.0	9402.0	9301.0	9200.0	10987	11198	25519	28305	30090	28137
1.3541	9880.0	9497.0	11309	10038	9524.0	9292.0	9788.0	9756.0	9287.0	9449.0	9550.0	9699.0	9189.0	9314.0	9218.0	9998.0	9330.0	9097.0	9090.0	9183.0	9241.0	9174.0	9039.0	9179.0	9391.0	9012.0	11413	11364	25585	29074	30957	28915
1.3750	9959.0	9700.0	11238	9818.0	9580.0	9624.0	9827.0	10094	9416.0	9330.0	9261.0	9657.0	9171.0	9239.0	9672.0	10367	9412.0	9207.0	9074.0	9390.0	9296.0	9166.0	9399.0	9099.0	9376.0	9163.0	11402	11495	25784	28921	31167	29516
1.3959	9822.0	10007	11489	10037	9137.0	9552.0	9744.0	9652.0	9325.0	8840.0	9393.0	9686.0	8913.0	9165.0	9489.0	10120	9400.0	8996.0	9054.0	9043.0	9115.0	9071.0	9092.0	9385.0	9641.0	9175.0	11558	11390	26150	29294	31403	30565
1.4166	9739.0	9910.0	11013	9637.0	9305.0	9629.0	9927.0	9949.0	9210.0	9599.0	9701.0	9663.0	9169.0	9246.0	9736.0	10264	9185.0	9009.0	8837.0	9302.0	9004.0	9165.0	9306.0	9423.0	9628.0	9195.0	11286	11629	26639	30248	31474	31775
1.4375	9753.0	9830.0	11376	9857.0	9447.0	9459.0	9912.0	10193	9105.0	9278.0	9611.0	9404.0	9156.0	9331.0	9861.0	9989.0	9545.0	9195.0	9127.0	9003.0	9202.0	9361.0	9028.0	9210.0	9676.0	9636.0	11957	11825	26424	30387	31354	32910
1.4584	10133	9573.0	11335	9954.0	9621.0	9655.0	9676.0	9871.0	9264.0	9454.0	9186.0	9900.0	8989.0	9330.0	9220.0	9959.0	9026.0	9047.0	8999.0	9115.0	8780.0	9151.0	8952.0	9246.0	9594.0	9504.0	12456	12022	27268	30899	31907	32780
1.4791	9893.0	9798.0	10914	10028	9539.0	9935.0	9580.0	9972.0	9191.0	9145.0	9575.0	9944.0	9101.0	9386.0	9571.0	9756.0	8998.0	9195.0	9226.0	9128.0	9039.0	9398.0	8965.0	9322.0	10103	9592.0	12668	12243	27042	31002	31623	34210
1.5000	10162	9627.0	11227	9937.0	9614.0	9325.0	9703.0	9850.0	9533.0	9155.0	9713.0	9786.0	9135.0	8966.0	9639.0	9605.0	8975.0	9081.0	8732.0	8793.0	8830.0	9040.0	8751.0	9211.0	9975.0	9830.0	12775	12140	27514	31310	31893	34128
1.5209	9860.0	10018	11397	9970.0	9154.0	9198.0	9762.0	9720.0	9435.0	9119.0	9424.0	9681.0	9152.0	9329.0	9653.0	9707.0	9338.0	9488.0	9087.0	8774.0	8930.0	9334.0	8807.0	9142.0	10634	9827.0	12993	12673	27481	31033	32226	34953
1.5416	9831.0	9840.0	11295	9357.0	9328.0	9202.0	9928.0	10049	9384.0	9410.0	9466.0	9715.0	9082.0	9023.0	9476.0	9514.0	9316.0	8942.0	9023.0	8980.0	9025.0	9430.0	9331.0	9100.0	10720	9872.0	13934	12951	27683	31936	32644	35580
1.5625	9690.0	9495.0	11151	9862.0	9308.0	9358.0	10058	9684.0	9201.0	9375.0	9636.0	9541.0	9144.0	9533.0	9768.0	10343	9197.0	9126.0	8587.0	9027.0	9094.0	9379.0	9079.0	9577.0	11049	9622.0	13611	13351	27459	31959	32563	36136
1.5834	10136	9588.0	10864	9994.0	9562.0	9685.0	9617.0	9879.0	9399.0	8974.0	9438.0	9956.0	9109.0	9147.0	9482.0	10266	9320.0	8891.0	8822.0	9203.0	9179.0	9601.0	8940.0	9266.0	10975	10216	14589	13866	27836	32027	32991	37078
1.6041	10020	9519.0	11087	9991.0	9085.0	9205.0	9509.0	9996.0	9410.0	9004.0	9748.0	9726.0	9104.0	9227.0	9369.0	10000	9008.0	9056.0	9127.0	9255.0	9123.0	9393.0	9253.0	9365.0	11429	10342	14689	14160	28213	32288	32406	37247
1.6250	10199	9678.0	11182	9854.0	9119.0	9467.0	9757.0	9756.0	9576.0	9740.0	9628.0	9665.0	9000.0	9144.0	9548.0	9992.0	9035.0	9131.0	9253.0	9054.0	9214.0	9569.0	8983.0	9093.0	11553	10894	15691	15058	28635	31903	33344	37199
1.6459	10132	9717.0	11356	10058	9682.0	9403.0	9688.0	9749.0	8938.0	9222.0	9608.0	9517.0	9224.0	8938.0	9510.0	9855.0	9407.0	9257.0	8683.0	9159.0	8946.0	9258.0	9185.0	9478.0	12465	10953	16261	14788	28363	32162	33305	37911
1.6666	9773.0	9818.0	11241	9845.0	9079.0	9116.0	9745.0	9687.0	9344.0	9535.0	9435.0	9839.0	9263.0	9232.0	9374.0	10029	9204.0	9152.0	8970.0	9295.0	8611.0	9289.0	8958.0	9113.0	12792	11517	16146	15686	27868	32956	32874	37913
1.6875	10332	9636.0	11084	9944.0	9549.0	9288.0	9963.0	9558.0	9240.0	8959.0	9775.0	9946.0	9197.0	8973.0	9789.0	9697.0	9267.0	9173.0	8781.0	8759.0	9141.0	9283.0	9221.0	9279.0	12913	11928	16882	15822	28468	32898	33505	38608
1.7084	9733.0	9401.0	11006	9934.0	9230.0	9609.0	9951.0	10110	9193.0	9195.0	9682.0	9579.0	8995.0	9406.0	9318.0	9503.0	8913.0	9085.0	9275.0	9089.0	9150.0	9172.0	9175.0	9321.0	13411	11892	17323	16636	28181	33037	33597	38112
1.7291	9930.0	9638.0	11270	10054	9138.0	9432.0	9457.0	9841.0	9339.0	9577.0	9608.0	9734.0	9099.0	9337.0	9148.0	10256	9240.0	9484.0	8812.0	8756.0	8616.0	9136.0	8747.0	9113.0	13998	12169	17956	16095	28287	32929	33520	38987
1.7500	9885.0	9660.0	10903	9817.0	9541.0	9161.0	9919.0	9753.0	9285.0	9419.0	9598.0	9727.0	9267.0	9438.0	9425.0	9739.0	9331.0	8957.0	9057.0	9022.0	8827.0	9217.0	8876.0	9279.0	14493	12927	18305	17532	28483	33510	33227	38928
1.7709	9996.0	9596.0	10909	9968.0	9038.0	9460.0	10275	9726.0	9103.0	9324.0	9447.0	9680.0	9046.0	9233.0	9543.0	9863.0	9107.0	8799.0	9030.0	9134.0	9029.0	8982.0	8786.0	9658.0	14920	13470	18440	17588	28909	32678	33440	38838
1.7916	10129	9534.0	11382	10047	9217.0	9605.0	9820.0	9855.0	9439.0	9528.0	9284.0	9295.0	9188.0	9175.0	9533.0	9804.0	9174.0	8832.0	9327.0	9202.0	9547.0	9329.0	9065.0	9157.0	15293	13608	19177	17814	29446	33375	33022	39725
1.8125	9874.0	9855.0	11151	9695.0	9400.0	9351.0	9719.0	9852.0	9313.0	9095.0	9596.0	9623.0	9078.0	9097.0	9558.0	9800.0	9335.0	9186.0	9014.0	9243.0	8811.0	9401.0	9296.0	9448.0	16028	14562	19512	18940	28997	33807	33308	39395
1.8334	10024	9837.0	11154	9798.0	9655.0	9605.0	9478.0	9401.0	9038.0	9410.0	9787.0	9598.0	8821.0	9015.0	9422.0	9906.0	9222.0	9281.0	9096.0	9299.0	9143.0	9468.0	9155.0	9193.0	16523	15380	20256	19453	28172	33224	33564	39888
1.8541	9804.0	9898.0	11054	9845.0	9160.0	9629.0	10060	9579.0	9120.0	9185.0	9682.0	9791.0	9228.0	8907.0	9311.0	9864.0	9139.0	9095.0	8949.0	9162.0	9151.0	9381.0	8708.0	9191.0	17000	15696	20813	20014	28797	33293	33151	39636
1.8750	10046	9607.0	10868	9962.0	9425.0	9378.0	9327.0	9753.0	9034.0	9163.0	9415.0	9360.0	9236.0	9178.0	9626.0	9708.0	9038.0	8997.0	9024.0	8779.0	9228.0	9256.0	9183.0	9051.0	17770	16677	21027	19898	28552	34125	33125	40406
1.8959	9544.0	9399.0	11066	9847.0	9211.0	9471.0	9837.0	9888.0	8944.0	9291.0	9533.0	9562.0	8901.0	9317.0	9536.0	9775.0	9103.0	8933.0	9370.0	9111.0	9018.0	9114.0	9023.0	9072.0	17961	17483	20891	20266	28755	34048	34064	40821
1.9166	9773.0	9483.0	11199	9962.0	8990.0	9525.0	9745.0	9735.0	9211.0	9349.0	9359.0	9178.0	9099.0	8903.0	9142.0	9988.0	9275.0	8715.0	8723.0	8832.0	9113.0	9282.0	9181.0	9256.0	19359	18068	21922	20440	28943	33896	33660	39891
1.9375	9698.0	9601.0	10817	9842.0	9442.0	9290.0	9542.0	9504.0	9406.0	9194.0	9645.0	9620.0	8850.0	9068.0	9622.0	9998.0	9157.0	9052.0	9070.0	9184.0	9282.0	8909.0	9305.0	9352.0	19574	19411	22226	21100	29061	33650	33846	41092
1.9584	10117	9640.0	11501	10045	9547.0	9398.0	9632.0	9830.0	9505.0	8944.0	9105.0	9424.0	9257.0	9503.0	9757.0	9844.0	8942.0	9027.0	9125.0	8902.0	8789.0	9237.0	9114.0	9672.0	20269	19965	22444	21227	29052	34076	33832	40220
1.9791	9976.0	9667.0	10793	9869.0	9115.0	9445.0	9747.0	9816.0	9555.0	9323.0	9217.0	9425.0	9541.0	9160.0	9336.0	9597.0	9063.0	9000.0	8954.0	9251.0	9134.0	9219.0	9077.0	9408.0	21080	21139	22183	21665	28496	33334	33533	41166
2.0000	9949.0	9555.0	11019	10202	9078.0	9609.0	9784.0	9825.0	9299.0	9172.0	9755.0	9624.0	9270.0	9041.0	9493.0	10068	8930.0	9039.0	8654.0	9084.0	9044.0	8984.0	9092.0	9296.0	22123	21697	22600	22045	28387	33865	33807	41530
2.0209	9818.0	9476.0	11362	9686.0	9257.0	9341.0	9418.0	9933.0	9433.0	9141.0	9408.0	9776.0	8906.0	8789.0	9109.0	9750.0	9367.0	9144.0	8829.0	8835.0	9047.0	8995.0	8910.0	9375.0	22880	23077	22678	22281	28850	33991	33752	41272
2.0416	10238	9513.0	10924	9652.0	9109.0	9590.0	9691.0	9700.0	9420.0	8794.0	9420.0	9355.0	9025.0	9327.0	9404.0	9858.0	9098.0	8862.0	9150.0	9044.0	9011.0	9134.0	8940.0	9213.0	23666	23965	23469	22225	28540	35000	33463	40861
2.0625	9971.0	9634.0	11027	9824.0	9306.0	9293.0	9568.0	9654.0	9496.0	9150.0	9378.0	9590.0	9278.0	9466.0	9664.0	9860.0	9208.0	9079.0	9072.0	9116.0	8900.0	9772.0	9026.0	9011.0	23517	24406	23584	22654	29257	34603	33543	40933
2.0834	9852.0	9597.0	11088	9801.0	9442.0	9267.0	9781.0	9584.0	9205.0	9216.0	9207.0	10004	9361.0	8973.0	9451.0	10013	8832.0	9178.0	9201.0	9018.0	9068.0	9756.0	8940.0	9005.0	25750	25703	23286	23274	28994	33889	33782	41145
2.1041	10208	9662.0	11278	9902.0	9584.0	9339.0	9892.0	9786.0	9466.0	9324.0	9402.0	9520.0	9141.0	9068.0	9640.0	9880.0	9076.0	8849.0	9002.0	9057.0	8944.0	9481.0	9114.0	9137.0	26097	26463	23675	23151	29314	34310	34500	41038
2.1250	9861.0	9712.0	11170	9972.0	9362.0	9477.0	9359.0	9799.0	9084.0	9275.0	9455.0	9476.0	9372.0	8964.0	8995.0	10038	8950.0	9035.0	8770.0	8909.0	9152.0	9213.0	8876.0	9030.0	26093	27156	24865	22699	29148	34531	33797	40713
2.1459	10050	9694.0	10981	9884.0	9063.0	9242.0	10000	9736.0	9065.0	9155.0	9373.0	9301.0	9288.0	9209.0	9695.0	10051	9388.0	8896.0	8976.0	9134.0	9385.0	9165.0	9378.0	9419.0	28730	28599	24189	23303	27869	34633	34102	40996
2.1666	9739.0	9777.0	11050	9880.0	9173.0	9548.0	9658.0	9910.0	9268.0	8895.0	9298.0	9369.0	8732.0	9074.0	9287.0	9753.0	9217.0	9055.0	8999.0	9319.0	9035.0	9324.0	9130.0	9204.0	28762	29331	24102	23711	28116	34783	33777	41391
2.1875	9712.0	9579.0	11309	9366.0	9405.0	9110.0	9361.0	9717.0	9021.0	9331.0	9219.0	9770.0	9098.0	9246.0	9544.0	9967.0	9041.0	9039.0	9067.0	9138.0	9120.0	9504.0	9373.0	9026.0	28769	30566	24472	23442	28662	34560	34479	41765
2.2084	9618.0	9659.0	11031	9538.0	9320.0	9386.0	9875.0	9922.0	9363.0	9409.0	9276.0	9648.0	8946.0	9203.0	9380.0	9669.0	9353.0	8774.0	8854.0	9155.0	9223.0	9478.0	9203.0	9463.0	29750	32417	24835	23434	28648	34516	34220	41611
2.2291	9964.0	9289.0	11337	10125	9324.0	9362.0	9472.0	9782.0	9149.0	9087.0	9582.0	9417.0	9206.0	8919.0	9375.0	9817.0	9012.0	9324.0	8753.0	9142.0	9050.0	9835.0	9182.0	8940.0	30049	31847	24924	23730	28779	34812	33733	41943
2.2500	9744.0	9768.0	10916	9626.0	9221.0	9844.0	9586.0	9688.0	9118.0	9532.0	9259.0	9960.0	9012.0	9220.0	9742.0	9674.0	8741.0	9117.0	9162.0	8911.0	8870.0	9742.0	9410.0	9316.0	31732	32812	24650	23520	29301	34645	33469	41433
2.2709	9330.0	9483.0	11164	9948.0	9211.0	9460.0	9203.0	9874.0	9230.0	9357.0	9352.0	9671.0	9177.0	9279.0	9346.0	10000	8973.0	8858.0	8867.0	9127.0	9205.0	9958.0	9352.0	9382.0	32814	34254	24809	23381	29201	34935	34549	41431
2.2916	9754.0	9292.0	10933	9580.0	9267.0	9519.0	9889.0	9586.0	9249.0	9118.0	9188.0	9567.0	9169.0	9081.0	9513.0	9943.0	8738.0	8691.0	9114.0	9015.0	9152.0	10110	9566.0	9468.0	33196	33749	24655	23689	29260	34794	34084	41483
2.3125	9933.0	9474.0	11178	9660.0	9438.0	9216.0	9717.0	10046	9365.0	8973.0	9306.0	9375.0	9297.0	9229.0	9728.0	9893.0	9026.0	8723.0	8913.0	8983.0	9204.0	10326	9665.0	8859.0	33606	35520	25218	23297	28725	34930	33726	42583
2.3334	10085	9405.0	11124	9966.0	9235.0	9069.0	9533.0	9859.0	9128.0	9469.0	9437.0	9660.0	9118.0	9085.0	9416.0	9804.0	9121.0	9066.0	9030.0	8858.0	9187.0	10814	9776.0	9192.0	34543	35041	24959	23628	29511	35106	33623	41798
2.3541	9758.0	9542.0	10877	9798.0	9015.0	9391.0	9483.0	9441.0	9385.0	9246.0	9580.0	9478.0	9250.0	9390.0	9623.0	9602.0	9054.0	8914.0	8909.0	9321.0	9108.0	10562	9885.0	9102.0	33995	35615	25663	23186	28901	34950	34307	42146
2.3750	10150	9490.0	11058	10013	8856.0	9399.0	9941.0	9622.0	8775.0	9365.0	9093.0	9604.0	9095.0	9143.0	9328.0	10130	8866.0	8958.0	8698.0	8926.0	9041.0	10956	10217	9392.0	35164	37661	25511	24010	29182	34604	34138	41024
2.3959	9654.0	9433.0	11100	9752.0	9196.0	9186.0	9552.0	9970.0	9150.0	9341.0	9624.0	9620.0	9165.0	9169.0	9480.0	9488.0	8915.0	8976.0	8905.0	9220.0	9126.0	11125	10639	9256.0	34805	38171	25579	23935	29464	34363	33936	41842
2.4166	9979.0	9644.0	11028	9946.0	9300.0	9409.0	9300.0	10126	9223.0	9365.0	9393.0	9652.0	9162.0	9305.0	9453.0	9680.0	9037.0	8600.0	8731.0	8926.0	8818.0	11528	10720	9101.0	35654	39501	25186	23457	29729	35023	34202	42159
2.4375	9764.0	9640.0	10900	9584.0	9022.0	9106.0	9325.0	9907.0	8975.0	9118.0	9176.0	9536.0	9081.0	8909.0	9300.0	9989.0	9225.0	8987.0	8903.0	9101.0	8859.0	12050	10896	9658.0	34634	38876	25385	23941	29050	34600	34675	41388
2.4584	9802.0	9496.0	11211	9695.0	9174.0	9504.0	9774.0	9761.0	9187.0	9196.0	9309.0	9448.0	8855.0	9229.0	9370.0	9777.0	9032.0	9035.0	8795.0	9049.0	9073.0	12164	11210	9532.0	36709	39191	25612	23846				
2.4791	9630.0	9700.0	10886	9581.0	9145.0	9415.0	9898.0	9571.0	9357.0	9533.0	9489.0	9384.0	9006.0	9280.0	9104.0	9918.0	8953.0	8898.0	8884.0	9388.0	9347.0	12917	11393	9129.0	37320	39019	25543	24005				
2.5000	9383.0	9781.0	10958	9454.0	9459.0	9193.0	9534.0	9658.0	9432.0	9338.0	9744.0	9534.0	8718.0	9220.0	9485.0	9821.0	8891.0	8754.0	8947.0	9203.0	9170.0	13082	11641	9473.0	39355	38881	26236	24246				
2.5209	9860.0	9600.0	11176	9871.0	9119.0	9158.0	9681.0	9437.0	9466.0	9019.0	9612.0	9639.0	9233.0	9084.0	9598.0	9730.0	9277.0	8844.0	8729.0	9345.0	9553.0	14299	11850	9604.0	39402	39299	26104	23596				
2.5416	9809.0	9538.0	11069	9798.0	9010.0	9409.0	9288.0	9580.0	9279.0	9377.0	9534.0	9784.0	9193.0	9213.0	9387.0	9752.0	8743.0	9099.0	9056.0	8998.0	9315.0	14820	12455	9763.0	38377	41063	26362	23640				
2.5625	9779.0	9278.0	11219	9632.0	9254.0	9418.0	9794.0	9746.0	9425.0	9361.0	9348.0	9335.0	9239.0	9314.0	9310.0	9856.0	9206.0	8880.0	8853.0	9030.0	9427.0	14995	12584	9710.0	37856	40599	26489	23675				
2.5834	9788.0	9478.0	10954	9628.0	8944.0	9545.0	10071	9516.0	9336.0	9378.0	9397.0	9449.0	8924.0	9072.0	9474.0	10018	9432.0	8857.0	8813.0	9165.0	8916.0	15590	13369	9889.0	38976	42386	25661	24423				
2.6041	10030	9297.0	11000	9909.0	9454.0	9331.0	9764.0	9429.0	9324.0	8786.0	9673.0	9450.0	9088.0	9066.0	9295.0	9685.0	9029.0	8886.0	8890.0	8980.0	9572.0	16382	13684	10230	38631	40118	26393	23725				
2.6250	9802.0	9603.0	11135	9956.0	9136.0	9073.0	9412.0	9691.0	9532.0	9227.0	9488.0	9535.0	9079.0	8951.0	9454.0	10011	9279.0	8929.0	8922.0	9252.0	9354.0	17000	14293	10167	38012	41098	26139	24401				
2.6459	9502.0	9460.0	11139	10002	9170.0	9483.0	9483.0	9579.0	9516.0	9006.0	9262.0	9404.0	8779.0	9057.0	9408.0	9716.0	9171.0	8919.0	8825.0	8992.0	9981.0	17906	14880	10413	38158	41039	26153	24268				
2.6666	9967.0	9337.0	11354	9484.0	9093.0	9256.0	9495.0	9765.0	8909.0	8975.0	9354.0	9180.0	8868.0	9305.0	9365.0	9835.0	9015.0	8924.0	8959.0	9109.0	10040	18476	16122	10309	40739	41938	25968	24206				
2.6875	9815.0	9294.0	11283	9913.0	9147.0	9637.0	9740.0	9772.0	9203.0	8932.0	9479.0	9554.0	9282.0	8991.0	9645.0	9994.0	9136.0	8827.0	9112.0	9040.0	10344	19236	16181	10646	38527	40665	26058	23987				
2.7084	9653.0	9667.0	11206	9492.0	9183.0	9483.0	9743.0	9957.0	9719.0	8727.0	9447.0	9684.0	8736.0	9089.0	9575.0	9707.0	9210.0	8925.0	9353.0	8878.0	10202	19918	17079	10798	40135	40612	26273	24143				
2.7291	9800.0	9303.0	11387	9734.0	9206.0	9412.0	9612.0	9861.0	9037.0	9222.0	9520.0	9569.0	9324.0	8971.0	9368.0	9807.0	9026.0	9165.0	8860.0	8796.0	10692	21099	18124	11414	39906	40321	27175	24313				
2.7500	9703.0	9503.0	11140	10010	9329.0	9284.0	9457.0	9867.0	9454.0	9410.0	9605.0	9597.0	8756.0	8907.0	9497.0	9674.0	9319.0	8859.0	8802.0	9317.0	10598	22576	19106	11401	38998	39811	26442	24477				
2.7709	9825.0	9716.0	11013	9717.0	9404.0	9343.0	9357.0	9975.0	9375.0	9450.0	9247.0	9606.0	9017.0	9065.0	9316.0	9839.0	8875.0	9172.0	8978.0	8810.0	10986	23166	19901	12095	40024	39262	26451	24207				
2.7916	9861.0	9652.0	10929	9963.0	9330.0	9474.0	9795.0	9740.0	9232.0	9417.0	9106.0	9659.0	9187.0	9031.0	9181.0	9817.0	9285.0	8815.0	9097.0	9091.0	11266	23488	20951	11824	40027	38064	26483	24593				
2.8125	9949.0	9465.0	11412	9730.0	8830.0	9363.0	9529.0	10012	9344.0	8971.0	9648.0	9250.0	9076.0	9389.0	9102.0	9669.0	8914.0	8966.0	8830.0	9085.0	11746	24060	22189	12322	40871	38270	27111	24226				
2.8334	9615.0	9646.0	11139	10153	9007.0	9256.0	9557.0	9342.0	9158.0	9121.0	9225.0	9458.0	9303.0	9260.0	9568.0	9817.0	9041.0	8935.0	9073.0	9446.0	11914	25222	22568	13212	40038	37117	26653	24732				
2.8541	9944.0	9322.0	10831	9751.0	9310.0	9340.0	9274.0	9630.0	9218.0	9082.0	9410.0	9747.0	9188.0	9628.0	9379.0	9768.0	9187.0	8988.0	8719.0	9139.0	11857	25485	23862	13706	40857	37939	26233	24322				
2.8750	9593.0	9568.0	11182	9778.0	9011.0	9233.0	9419.0	9518.0	9329.0	9190.0	9329.0	9774.0	8987.0	9384.0	9309.0	9827.0	9172.0	8926.0	8700.0	8751.0	12381	27226	25171	14122	41162	37651	26868	24410				
2.8959	9640.0	9486.0	11058	9689.0	8984.0	9262.0	9450.0	9794.0	9002.0	8954.0	9355.0	9756.0	8969.0	9046.0	9440.0	9797.0	9061.0	9147.0	8867.0	9025.0	13059	27959	25700	14767	40263	37018	25862	24698				
2.9166	9563.0	9534.0	11072	9405.0	9452.0	9586.0	9693.0	9956.0	9142.0	9201.0	9286.0	9529.0	9169.0	9409.0	9292.0	9916.0	9170.0	9096.0	8997.0	9276.0	12991	28281	26231	15437	40733	37514	26707	24511				
2.9375	10152	9483.0	11265	9742.0	9239.0	9546.0	9561.0	9773.0	9315.0	9179.0	9487.0	9777.0	8791.0	8830.0	9418.0	9514.0	9114.0	8774.0	9026.0	9030.0	13920	28279	27951	15828	40047	37575	26590	24360				
2.9584	9594.0	9501.0	10946	9776.0	9050.0	9312.0	9984.0	9723.0	9544.0	9071.0	9198.0	9310.0	9369.0	8758.0	9600.0	9590.0	8805.0	9031.0	9168.0	8904.0	14304	29518	28647	16667	40633	37215	26851	24375				
2.9791	10160	9284.0	11050	9856.0	9558.0	9212.0	9562.0	9815.0	9116.0	9156.0	9679.0	9712.0	9057.0	8948.0	9189.0	9796.0	8615.0	8868.0	9194.0	8954.0	14788	30103	28718	18152	39667	37974	26558	25008				
3.0000	9836.0	9434.0	11182	9902.0	8998.0	9273.0	9936.0	9829.0	9135.0	9035.0	9807.0	9482.0	8884.0	9370.0	9645.0	9859.0	8967.0	8940.0	8760.0	9306.0	15567	30255	30102	18556	40842	37635	26530	24351				
3.0209	9949.0	9440.0	11281	9558.0	9073.0	8983.0	9479.0	9610.0	8999.0	9144.0	9260.0	9413.0	9388.0	9376.0	9168.0	9806.0	9230.0	9078.0	8711.0	8908.0	15664	31241	30206	19409								
3.0416	9759.0	9233.0	11201	9364.0	9021.0	9349.0	9590.0	9732.0	9129.0	9162.0	9446.0	9344.0	9223.0	8795.0	9416.0	9993.0	8879.0	9014.0	9155.0	8826.0	17198	31605	30506	19751								
3.0625	10119	9184.0	10896	9686.0	9123.0	9411.0	9260.0	9614.0	9261.0	9224.0	9465.0	9484.0	9225.0	8878.0	9422.0	9609.0	9235.0	9087.0	8877.0	8957.0	17086	31629	31047	20968								
3.0834	9519.0	9585.0	11287	9637.0	9127.0	9058.0	9247.0	9837.0	9198.0	9186.0	9434.0	9503.0	9024.0	9005.0	9486.0	9895.0	8885.0	9032.0	8761.0	9224.0	18315	31901	31772	21679								
3.1041	9652.0	9572.0	11047	9901.0	9069.0	9168.0	9683.0	9813.0	9245.0	9434.0	9433.0	9446.0	9014.0	9241.0	9456.0	9733.0	8891.0	8727.0	8742.0	9017.0	18731	32522	32048	23192								
3.1250	9634.0	9495.0	11215	10063	9189.0	9403.0	9787.0	9747.0	9382.0	8966.0	8791.0	9303.0	9008.0	8949.0	9346.0	9709.0	8717.0	8828.0	8541.0	9074.0	20220	32105	31821	24171								
3.1459	9735.0	9753.0	10918	9764.0	8816.0	9141.0	9637.0	9825.0	9209.0	9100.0	9349.0	9505.0	9058.0	8721.0	9187.0	9887.0	9094.0	9095.0	8740.0	9183.0	20019	32656	31590	25013								
3.1666	9953.0	9606.0	11238	9770.0	9286.0	9193.0	9592.0	9837.0	9130.0	8982.0	9613.0	9399.0	8876.0	9002.0	9385.0	9813.0	8856.0	9111.0	9158.0	9085.0	21170	32172	32253	26445								
3.1875	10016	9766.0	11213	9409.0	9106.0	8955.0	9442.0	9472.0	9211.0	9120.0	9182.0	9611.0	9125.0	9187.0	8956.0	9696.0	8958.0	9287.0	8841.0	9168.0	21726	32581	31988	26817								
3.2084	9609.0	9313.0	11303	9805.0	9082.0	9395.0	9673.0	9715.0	9077.0	9028.0	9591.0	9376.0	9266.0	9275.0	9238.0	9700.0	9235.0	9056.0	8808.0	9330.0	22780	33536	32596	28055								
3.2291	9784.0	9759.0	11237	9811.0	9375.0	9642.0	9754.0	9907.0	8817.0	9215.0	9398.0	9662.0	9303.0	9536.0	9293.0	9691.0	8939.0	8818.0	8895.0	9079.0	22540	32486	32879	29325								
3.2500	9861.0	9470.0	11280	9793.0	9244.0	9362.0	9538.0	9687.0	9222.0	9104.0	8984.0	9246.0	9309.0	9097.0	9338.0	9817.0	9016.0	8972.0	9126.0	8999.0	24348	33016	32927	29519								
3.2709	9835.0	9392.0	11038	9349.0	9478.0	9548.0	9742.0	9829.0	9043.0	9156.0	9150.0	9451.0	8900.0	9381.0	9408.0	10029	8990.0	8716.0	8998.0	8720.0	24635	33470	32492	30440								
3.2916	9849.0	9495.0	11182	9582.0	9077.0	9461.0	9924.0	9624.0	9589.0	8975.0	9311.0	9285.0	8542.0	8917.0	9345.0	9860.0	9115.0	9074.0	9301.0	8748.0	25139	32699	33125	30608								
3.3125	10001	9476.0	11141	9676.0	9058.0	9554.0	9315.0	9502.0	9253.0	8841.0	9137.0	9586.0	9070.0	9182.0	9250.0	9688.0	9042.0	9079.0	8584.0	9274.0	25860	33553	33139	31569								
3.3334	9795.0	9329.0	11094	9651.0	9159.0	9175.0	9226.0	9752.0	9667.0	8856.0	9352.0	9285.0	9052.0	9306.0	9253.0	9483.0	9093.0	9174.0	8703.0	9219.0	26261	33082	32672	31981								
3.3541	9259.0	9599.0	11286	9509.0	8995.0	9154.0	9540.0	9718.0	8949.0	9156.0	9357.0	9629.0	9331.0	9248.0	9369.0	9890.0	9511.0	9044.0	9029.0	8897.0	27627	33177	33360	32484								
3.3750	9799.0	9483.0	10959	9697.0	9241.0	9086.0	9416.0	9896.0	9237.0	9160.0	9401.0	9745.0	9266.0	9183.0	9182.0	9768.0	9092.0	8900.0	8870.0	9438.0	27103	32977	32617	33719								
3.3959	9785.0	9457.0	11141	9687.0	9144.0	9127.0	10041	9854.0	9050.0	8904.0	8998.0	9383.0	9171.0	9157.0	9373.0	9832.0	9362.0	9088.0	8887.0	8696.0	28267	33114	32935	33667								
3.4166	9702.0	9803.0	11218	9550.0	9314.0	9216.0	9456.0	9906.0	9167.0	9198.0	9033.0	9439.0	9027.0	9204.0	9123.0	10019	9203.0	9219.0	8903.0	9109.0	28346	33488	33335	33481								
3.4375	9910.0	9485.0	10987	10094	9254.0	9220.0	9347.0	9870.0	9324.0	8940.0	9509.0	9194.0	9189.0	8934.0	8951.0	9283.0	9340.0	9267.0	9040.0	9171.0	29402	33251	33060	33861								
3.4584	9805.0	9353.0	11441	9708.0	9266.0	9423.0	9626.0	9262.0	9178.0	9277.0	9334.0	9571.0	9018.0	8954.0	9284.0	9757.0	9259.0	9204.0	8748.0	9264.0	29476	32611	33468	33456								
3.4791	9783.0	9247.0	10908	9976.0	9191.0	9120.0	9491.0	9571.0	9116.0	9292.0	9695.0	9454.0	9149.0	8785.0	9025.0	9767.0	9277.0	9181.0	9199.0	9129.0	29492	33206	33302	34974								
3.5000	9642.0	9463.0	11265	9660.0	8943.0	9090.0	9538.0	9859.0	8752.0	9057.0	9376.0	9707.0	8767.0	8808.0	9088.0	9679.0	9293.0	9135.0	8885.0	8995.0	30397	33394	33011	34534								
3.5209	9845.0	9416.0	10763	9923.0	9079.0	9056.0	9503.0	9761.0	9011.0	9244.0	9375.0	9390.0	8843.0	8847.0	9577.0	9762.0	9073.0	9070.0	9054.0	8949.0	29950	33457	34102	34919								
3.5416	9782.0	9253.0	11271	9817.0	9408.0	9549.0	9617.0	9686.0	9235.0	9362.0	9440.0	9332.0	9113.0	8885.0	9326.0	9773.0	9110.0	9304.0	9362.0	8835.0	30852	32852	34161	35106								
3.5625	9749.0	9578.0	11064	9560.0	8950.0	9393.0	9298.0	9644.0	9209.0	8913.0	9280.0	9557.0	9140.0	9095.0	9577.0	9473.0	9183.0	9171.0	9203.0	8869.0	30774	33411	33665	34514								
3.5834	10061	9335.0	11391	9460.0	8902.0	9097.0	9418.0	9718.0	9312.0	9000.0	9209.0	9560.0	8754.0	9226.0	9204.0	9805.0	9125.0	9008.0	8977.0	8891.0	30613	32969	33608	34419								
3.6041	9568.0	9266.0	10988	9508.0	9200.0	9125.0	9593.0	9614.0	8985.0	8838.0	9234.0	9658.0	9119.0	8781.0	9457.0	9668.0	9148.0	9036.0	9206.0	8819.0	30785	32983	34026	34799								
3.6250	9739.0	9608.0	10748	10072	9111.0	9078.0	9509.0	9489.0	9082.0	9291.0	9101.0	9505.0	9017.0	9025.0	9641.0	9894.0	8669.0	8781.0	9172.0	8995.0	30653	32709	34016	35413								
3.6459	9730.0	9321.0	11209	9735.0	9369.0	9073.0	9652.0	9684.0	9001.0	9134.0	9191.0	9240.0	8910.0	9172.0	9538.0	9814.0	9166.0	8936.0	8809.0	8735.0	30760	33416	34514	33750								
3.6666	9488.0	9392.0	11308	9649.0	9009.0	9497.0	9411.0	9717.0	8975.0	9177.0	9516.0	9304.0	9038.0	9005.0	8980.0	9791.0	9194.0	9073.0	9313.0	9034.0	31581	32704	34527	34588								
3.6875	9700.0	9581.0	11057	9619.0	9269.0	9189.0	9630.0	9906.0	9296.0	9070.0	9182.0	9382.0	8798.0	9270.0	9368.0	9775.0	8914.0	9341.0	9388.0	8851.0	31758	32926	34172	34899								
3.7084	9508.0	9344.0	11175	9589.0	9221.0	9341.0	9694.0	9672.0	8962.0	9158.0	9498.0	9655.0	9062.0	9026.0	9207.0	9562.0	8921.0	9037.0	8787.0	9056.0	31502	33677	34227	34602								
3.7291	10127	9334.0	11278	9219.0	9168.0	9156.0	9437.0	9720.0	9093.0	9272.0	9808.0	9510.0	8971.0	9019.0	9129.0	9782.0	9090.0	9128.0	9200.0	9136.0	31907	33339	34087	33624								
3.7500	9809.0	9738.0	11184	9468.0	9187.0	9279.0	10001	9683.0	9239.0	9010.0	9540.0	9590.0	8792.0	9137.0	9083.0	9625.0	9206.0	9055.0	8950.0	9078.0	33192	33211	34604	34632								
3.7709	9963.0	9482.0	10995	9667.0	9077.0	9179.0	9645.0	9508.0	8983.0	9191.0	9161.0	9505.0	8979.0	9164.0	9192.0	9544.0	9217.0	8950.0	9087.0	8964.0	32848	34389	34490	33868								
3.7916	9975.0	9019.0	11140	9740.0	9304.0	9539.0	9567.0	9686.0	9084.0	9368.0	9299.0	9389.0	9117.0	8924.0	9441.0	9582.0	9091.0	9205.0	9129.0	8921.0	32710	32722	34991	34703								
3.8125	9595.0	9478.0	10978	9497.0	8860.0	9385.0	9617.0	9599.0	9121.0	9186.0	9162.0	9197.0	8962.0	8893.0	9474.0	9803.0	9313.0	8940.0	8962.0	9083.0	33479	32895	34289	35648								
3.8334	9664.0	9326.0	11005	9987.0	9066.0	9176.0	9676.0	9414.0	9163.0	8806.0	9151.0	9084.0	9217.0	9156.0	9562.0	9403.0	9106.0	9250.0	9115.0	9360.0	33046	33490	34349	34834								
3.8541	9799.0	9590.0	10980	9960.0	9379.0	9228.0	9496.0	9915.0	9097.0	9000.0	9407.0	9430.0	8706.0	9081.0	9421.0	9291.0	9194.0	9103.0	9178.0	9031.0	32848	33280	33866	35747								
3.8750	9895.0	9543.0	11365	9344.0	9157.0	9038.0	9607.0	9644.0	9300.0	9192.0	9468.0	9312.0	9259.0	9309.0	9458.0	9748.0	8931.0	9080.0	9201.0	9325.0	32884	32656	34088	34474								
3.8959	9714.0	9529.0	11241	9793.0	9396.0	9363.0	9597.0	9714.0	9123.0	8765.0	9221.0	9232.0	8961.0	9137.0	9659.0	9750.0	9221.0	9272.0	8998.0	9299.0	32738	33525	34852	35148								
3.9166	9459.0	9349.0	11339	9716.0	9263.0	9090.0	9224.0	9896.0	8900.0	8921.0	9008.0	9733.0	9213.0	8881.0	9175.0	9676.0	8894.0	8828.0	9004.0	9307.0	32165	32665	35500	35105								
3.9375	9685.0	9420.0	11134	9201.0	9048.0	9106.0	9664.0	9617.0	9008.0	9053.0	9437.0	9420.0	9400.0	9037.0	9141.0	9657.0	9228.0	9192.0	9026.0	9168.0	32269	32985	34497	36012								
3.9584	9658.0	9169.0	11063	9444.0	9188.0	9489.0	9425.0	9642.0	9522.0	9002.0	9344.0	9574.0	8899.0	9136.0	9489.0	9978.0	9184.0	9389.0	9003.0	9144.0	32767	33010	34946	35139								
3.9791	9811.0	9384.0	10997	9734.0	9343.0	9239.0	9869.0	9869.0	9043.0	9180.0	9551.0	9392.0	8951.0	8855.0	9504.0	9719.0	9002.0	9144.0	9039.0	8976.0	32391	33136	34856	36066								
4.0000	9934.0	9647.0	11308	9865.0	9429.0	9263.0	9576.0	9408.0	9325.0	9207.0	9495.0	9533.0	9105.0	9039.0	9218.0	9789.0	9149.0	9322.0	9287.0	8898.0	32190	32858	35127	35546								
4.0209	9875.0	9693.0	11251	9726.0	9166.0	9347.0	9606.0	9755.0	8960.0	9127.0	9150.0	9470.0	9286.0	8959.0	9309.0	9666.0	8859.0	9282.0	8849.0	9410.0	32213	32825	34705	35873								
4.0416	9872.0	9430.0	11159	9320.0	9029.0	9338.0	9628.0	9643.0	9164.0	9182.0	9219.0	9259.0	8860.0	9034.0	9310.0	9758.0	9050.0	9136.0	8985.0	9171.0	31709	33383	34830	36213								
4.0625	9672.0	9113.0	11051	9676.0	9101.0	9253.0	9781.0	9821.0	9201.0	9206.0	9136.0	9708.0	9053.0	9354.0	9500.0	9751.0	9339.0	9155.0	8796.0	9001.0	32402	34024	34988	36559								
4.0834	9981.0	9573.0	11195	9808.0	9247.0	9265.0	9387.0	9593.0	9033.0	9246.0	9545.0	9408.0	8768.0	9235.0	9468.0	9713.0	9216.0	9187.0	9151.0	9205.0	32919	33957	35352	35326								
4.1041	9555.0	9320.0	11027	9520.0	9396.0	9075.0	9667.0	9694.0	9328.0	9084.0	9411.0	9303.0	9269.0	9316.0	9625.0	9861.0	8957.0	9127.0	8864.0	9111.0	32407	33767	35071	35386								
4.1250	9674.0	9442.0	11290	9863.0	9384.0	9419.0	9436.0	9679.0	9483.0	9300.0	9393.0	9913.0	8991.0	9056.0	9720.0	9588.0	9206.0	9180.0	8662.0	9252.0	32438	32990	34768	35748								
4.1459	9894.0	9727.0	11087	9945.0	9297.0	9300.0	9782.0	9758.0	9021.0	9201.0	9113.0	9843.0	8843.0	9253.0	9187.0	9788.0	9155.0	8993.0	8893.0	9214.0	32024	33639	34681	36800								
4.1666	9941.0	9254.0	10938	9772.0	8975.0	9486.0	9623.0	9739.0	9329.0	8952.0	9680.0	9394.0	9343.0	9302.0	9391.0	9908.0	9273.0	9383.0	9223.0	9027.0	32649	33474	35841	36918								
4.1875	9879.0	9505.0	11250	9957.0	9150.0	9170.0	9281.0	9363.0	9502.0	9043.0	9233.0	9631.0	9096.0	8949.0	9345.0	9963.0	9053.0	9350.0	9148.0	9103.0	32539	33530	35357	36673								
4.2084	9599.0	9492.0	11047	9579.0	9295.0	9633.0	9297.0	9588.0	9159.0	9058.0	9500.0	9631.0	9007.0	9147.0	9360.0	9599.0	9360.0	9542.0	9170.0	9347.0	32239	33192	35034	36084								
4.2291	9782.0	9489.0	11186	9616.0	8888.0	9364.0	9737.0	9726.0	9083.0	9156.0	9575.0	9473.0	9150.0	9260.0	9272.0	9517.0	9218.0	9759.0	9176.0	9096.0	32571	33081	34834	36144								
4.2500	9548.0	9728.0	10735	9776.0	8945.0	9202.0	9477.0	9737.0	9193.0	8974.0	9107.0	9458.0	9499.0	8922.0	9395.0	9661.0	9235.0	9917.0	8768.0	9395.0	32512	33469	34866	37237								
4.2709	9740.0	9513.0	11244	9550.0	8972.0	9380.0	9721.0	9647.0	9464.0	8859.0	9692.0	9614.0	9098.0	9327.0	9354.0	9686.0	9218.0	9971.0	9058.0	9351.0	32612	33485	35958	36767								
4.2916	9663.0	9273.0	11089	9710.0	9395.0	9656.0	9886.0	9838.0	9253.0	8992.0	9194.0	9183.0	8961.0	9313.0	9254.0	10160	9295.0	10108	8970.0	9015.0	32665	34147	34352	36125								
4.3125	9691.0	9609.0	10913	9711.0	9643.0	8989.0	9400.0	9869.0	9159.0	9376.0	9029.0	9882.0	8818.0	8848.0	9090.0	9734.0	9296.0	10138	9142.0	9277.0	32433	33353	34791	37029								
4.3334	9839.0	9473.0	11172	9647.0	9024.0	9264.0	9177.0	9429.0	9350.0	9142.0	8967.0	9132.0	8989.0	8926.0	9316.0	9485.0	9390.0	10573	8946.0	9222.0	32407	34219	35164	37053								
4.3541	9712.0	9257.0	10643	9725.0	9255.0	9595.0	9685.0	9513.0	9281.0	9155.0	9218.0	9469.0	8792.0	9359.0	9350.0	9611.0	9349.0	10809	9113.0	9310.0	32484	33647	35292	36750								
4.3750	9880.0	9445.0	10959	9690.0	9443.0	9425.0	9895.0	9514.0	8990.0	8785.0	9453.0	9537.0	9075.0	8941.0	9313.0	9243.0	9244.0	10669	9035.0	9134.0	32028	33350	35263	36665								
4.3959	9715.0	9229.0	11350	9840.0	9582.0	9233.0	9553.0	9813.0	9137.0	9119.0	9309.0	9555.0	9287.0	8840.0	9191.0	9731.0	9337.0	10906	8944.0	9781.0	32077	33612	35429	36735								
4.4166	9786.0	9787.0	10804	9873.0	8885.0	9367.0	9615.0	9508.0	9216.0	9095.0	9586.0	9332.0	8889.0	9126.0	9423.0	9477.0	9358.0	11173	9542.0	9667.0	32541	33156	34663	36271								
4.4375	9997.0	9516.0	11369	9471.0	9190.0	9302.0	9475.0	9822.0	9222.0	8936.0	9448.0	9951.0	9424.0	9281.0	9289.0	9458.0	9180.0	11226	8935.0	9509.0	32505	33405	35646	37158								
4.4584	10021	9509.0	11284	9249.0	8804.0	9511.0	9824.0	9327.0	9188.0	9114.0	9236.0	9564.0	9123.0	9210.0	9510.0	10048	9028.0	11895	8939.0	9470.0	32332	32583	35385	36781								
4.4791	9876.0	9479.0	11019	9654.0	9087.0	9274.0	9615.0	9611.0	9181.0	9290.0	9426.0	9272.0	8712.0	9123.0	9208.0	9333.0	9322.0	12157	9061.0	9686.0	32303	34172	35416	37563								
4.5000	9693.0	9261.0	11378	9603.0	9422.0	9425.0	9596.0	9700.0	9331.0	9226.0	9204.0	9713.0	8691.0	9055.0	9672.0	9839.0	9492.0	12705	9154.0	9496.0	33013	34793	35262	36549								
4.5209	9851.0	9525.0	11140	9773.0	9379.0	9103.0	9401.0	9722.0	8954.0	9207.0	9276.0	9376.0	9227.0	9101.0	9419.0	9760.0	9401.0	12768	8970.0	9587.0	32581	32823	35195	36455								
4.5416	9762.0	9129.0	10728	9512.0	9214.0	9061.0	9707.0	9666.0	9094.0	8969.0	9438.0	9270.0	8786.0	9335.0	9545.0	9947.0	9530.0	13622	9103.0	9632.0	32479	32882	35376	37283								
4.5625	9494.0	9260.0	10883	9567.0	9534.0	9138.0	9590.0	9623.0	9068.0	9110.0	9479.0	9449.0	8900.0	9013.0	9247.0	9689.0	9704.0	14583	9447.0	10208	33078	33510	35036	36386								
4.5834	10026	9642.0	11035	9415.0	8959.0	9530.0	9362.0	9525.0	9077.0	8957.0	9606.0	9298.0	8724.0	9317.0	9240.0	9963.0	10258	14416	8918.0	9806.0	32813	33496	35271	37094								
4.6041	9837.0	9509.0	11110	9618.0	9167.0	9475.0	9594.0	9757.0	9083.0	8975.0	9444.0	9596.0	9443.0	9259.0	9594.0	9495.0	10190	14933	8851.0	10466	33028	33433	35130	37295								
4.6250	10227	9230.0	10859	9815.0	9411.0	9267.0	9531.0	9481.0	9471.0	9151.0	9431.0	9421.0	9132.0	9152.0	9301.0	9720.0	9987.0	15375	9357.0	10424	32795	32874	35490	37396								
4.6459	9662.0	9375.0	11338	9751.0	8979.0	9261.0	9790.0	9673.0	9094.0	9270.0	8779.0	9574.0	9150.0	9152.0	9097.0	9718.0	9961.0	16084	9307.0	10426	32789	33571	35434	37047								
4.6666	9797.0	9715.0	11059	9701.0	9430.0	9032.0	9626.0	9885.0	9299.0	9023.0	9385.0	9326.0	9166.0	9190.0	9418.0	9896.0	10223	16551	9563.0	10734	32789	33240	35519	36706								
4.6875	9464.0	9599.0	10972	9563.0	9708.0	9074.0	9320.0	9508.0	9089.0	9449.0	9266.0	9283.0	9079.0	9000.0	9351.0	9952.0	10391	17706	9583.0	11192	33137	33524	35427	37377								
4.7084	9583.0	9427.0	11123	9839.0	9268.0	9189.0	9719.0	9716.0	9183.0	9208.0	9211.0	9598.0	8799.0	9100.0	8868.0	9737.0	10538	18091	9353.0	11350	32500	33209	35085	37151								
4.7291	10018	9356.0	11027	9456.0	8743.0	9449.0	9687.0	9554.0	8925.0	8890.0	9375.0	9269.0	9185.0	9032.0	9429.0	9958.0	10231	18625	9180.0	11193	32259	33784	35677	36829								
4.7500	10153	9325.0	10927	9876.0	9149.0	9362.0	9701.0	9517.0	8919.0	8975.0	9266.0	9631.0	9121.0	9357.0	9394.0	9781.0	10758	19213	9620.0	11746	32851	33278	35527	36717								
4.7709	9936.0	9354.0	10863	9372.0	9060.0	9082.0	9507.0	9772.0	9144.0	9103.0	9621.0	9250.0	8985.0	9075.0	9178.0	9687.0	10922	20580	9920.0	11820	33053	33296	35618	37983								
4.7916	10074	9481.0	11205	9931.0	9170.0	9422.0	9420.0	10018	9613.0	8942.0	9206.0	9385.0	9053.0	8983.0	9307.0	9777.0	11172	21282	9538.0	12574	32048	33149	35930	37434								
4.8125	9733.0	9439.0	11071	9550.0	9272.0	9302.0	9494.0	9939.0	9253.0	9123.0	9634.0	9478.0	9208.0	8799.0	9492.0	9495.0	11655	21989	9797.0	12666	32817	34738	35732	38022								
4.8334	9586.0	9513.0	11184	9739.0	9260.0	9082.0	9561.0	9716.0	9112.0	9390.0	9655.0	9817.0	9331.0	8865.0	9235.0	9618.0	11877	23024	9892.0	13370	33042	34195	35993	37314								
4.8541	9917.0	9688.0	10730	9472.0	9267.0	9265.0	9472.0	9592.0	9284.0	8820.0	9567.0	9540.0	8941.0	9014.0	9602.0	9831.0	12250	23868	9876.0	13726	33016	33919	35230	37746								
4.8750	9895.0	9291.0	11065	9646.0	9176.0	9302.0	9648.0	9729.0	9388.0	9132.0	9379.0	9545.0	8912.0	9040.0	9155.0	10006	12651	24775	9937.0	14060	33343	33592	35572	37141								
4.8959	9783.0	9413.0	10974	9650.0	8894.0	9429.0	9561.0	9882.0	9146.0	8916.0	9446.0	9560.0	9115.0	9162.0	9457.0	9769.0	12659	25687	10374	14601	32451	34013	35811	37696								
4.9166	9744.0	9346.0	11180	9510.0	8955.0	9273.0	9553.0	9547.0	8863.0	9229.0	9218.0	9504.0	8997.0	9333.0	9398.0	10104	13543	26340	10365	15226	32800	33119	35199	37209								
4.9375	9807.0	9296.0	11298	9818.0	8852.0	9082.0	9650.0	9615.0	9333.0	8888.0	9322.0	9562.0	9092.0	9013.0	9478.0	9970.0	13762	26771	10139	16093	33299	33758	35329	37652								
4.9584	9523.0	9388.0	10825	9528.0	8937.0	9556.0	9531.0	9848.0	9394.0	9053.0	9201.0	9245.0	8759.0	9357.0	9428.0	10035	14729	27527	10388	16953	32867	33989	36068	37918								
4.9791	9730.0	9143.0	11182	9672.0	8922.0	9199.0	9232.0	9493.0	9257.0	9119.0	9263.0	9422.0	8913.0	8900.0	9327.0	9852.0	15184	28418	10628	17822	32934	33437	35474	37708								
5.0000	9820.0	9330.0	11038	9867.0	9275.0	9324.0	9517.0	9437.0	9333.0	8965.0	9549.0	9653.0	9079.0	9004.0	9570.0	9535.0	15829	29034	11059	18759	33276	34082	35948	38262								
5.0209	9370.0	9404.0	10805	9647.0	9081.0	9388.0	9693.0	9748.0	8936.0	9152.0	9244.0	9315.0	8876.0	8931.0	9363.0	9712.0	16504	30967	11188	19832	32743	34623	35944	37528								
5.0416	9761.0	9364.0	11019	9413.0	9436.0	9554.0	9577.0	9751.0	8963.0	8930.0	9244.0	9464.0	9032.0	9163.0	9351.0	9815.0	16913	30544	10996	20624	33020	33656	35937	37368								
5.0625	9832.0	9626.0	10728	9487.0	9355.0	9297.0	9559.0	9847.0	9261.0	9237.0	9167.0	9416.0	8878.0	9238.0	9333.0	9975.0	17465	31452	11127	21696	33494	33530	35885	38117								
5.0834	10103	9368.0	10792	9756.0	9217.0	9397.0	9649.0	9881.0	9303.0	9453.0	9300.0	9758.0	9275.0	9043.0	9684.0	9789.0	18227	31825	11736	22198												
5.1041	9969.0	9341.0	11021	9581.0	9247.0	9243.0	9568.0	9996.0	8854.0	9262.0	9393.0	9266.0	8933.0	9157.0	9258.0	9621.0	19091	32352	12200	23912												
5.1250	9490.0	9660.0	11264	9556.0	9283.0	9109.0	9598.0	9705.0	9131.0	9602.0	9348.0	9321.0	9062.0	9141.0	9146.0	9860.0	20393	32603	12038	24607												
5.1459	9815.0	9714.0	11083	9780.0	8970.0	9106.0	9270.0	9892.0	9343.0	8972.0	9180.0	9318.0	9109.0	9033.0	9627.0	9743.0	21391	32893	12729	25406												
5.1666	9653.0	9393.0	11203	10000	8967.0	9187.0	9513.0	9577.0	9268.0	9071.0	9532.0	9264.0	9035.0	9093.0	9369.0	9835.0	22194	34239	13065	26978												
5.1875	9637.0	9376.0	10888	9540.0	9260.0	8741.0	9268.0	9822.0	9257.0	9207.0	9287.0	9166.0	8963.0	9142.0	9286.0	9932.0	23180	33687	13711	27905												
5.2084	9842.0	9369.0	10879	9795.0	9450.0	9209.0	9429.0	9571.0	9326.0	9266.0	9228.0	9273.0	9312.0	9145.0	9872.0	9500.0	23555	34136	13596	27883												
5.2291	9738.0	9035.0	10975	9593.0	9257.0	9492.0	9778.0	9977.0	9083.0	9022.0	9322.0	9349.0	8819.0	9182.0	9409.0	9836.0	25211	34238	14160	29218												
5.2500	9564.0	9097.0	10937	9912.0	9251.0	9435.0	9593.0	9634.0	9313.0	9025.0	9470.0	9457.0	9075.0	9086.0	9519.0	9868.0	26447	34621	14804	29710												
5.2709	9843.0	9224.0	10848	9708.0	9154.0	9151.0	9574.0	9626.0	9217.0	9097.0	9318.0	9468.0	8716.0	8837.0	9515.0	9727.0	26717	33876	15670	31101												
5.2916	9618.0	9566.0	11042	9649.0	8966.0	9369.0	9385.0	9774.0	9499.0	9260.0	9288.0	9081.0	9206.0	9002.0	9409.0	9757.0	27930	35232	16355	31725												
5.3125	9557.0	9231.0	11000	9882.0	9190.0	9039.0	9701.0	9318.0	9199.0	9254.0	9474.0	9266.0	8943.0	9046.0	9287.0	9856.0	29445	35395	16834	32218												
5.3334	9618.0	9271.0	10859	9269.0	9465.0	9350.0	9379.0	9708.0	9081.0	8968.0	9370.0	9536.0	8978.0	9079.0	9678.0	9749.0	29150	35652	17530	32886												
5.3541	9585.0	9517.0	11052	9719.0	9240.0	9199.0	9747.0	9851.0	9282.0	9043.0	9479.0	9534.0	9093.0	9309.0	9399.0	9510.0	30432	35742	17986	33296												
5.3750	9925.0	9799.0	11110	9595.0	9300.0	9037.0	9872.0	9561.0	9201.0	9216.0	9400.0	9348.0	9169.0	9072.0	9435.0	9755.0	31893	36493	19206	33647												
5.3959	9755.0	9356.0	10799	9787.0	9135.0	9582.0	9256.0	9901.0	9237.0	9176.0	9012.0	9233.0	8941.0	9317.0	9307.0	9434.0	32340	36566	20439	33610												
5.4166	9753.0	9504.0	10948	9368.0	9284.0	8997.0	9502.0	9514.0	9229.0	9091.0	9245.0	9418.0	9042.0	9081.0	9505.0	9483.0	33661	35876	20954	34666												
5.4375	9803.0	9180.0	11064	9617.0	9390.0	9217.0	9453.0	9593.0	9196.0	8881.0	9368.0	9408.0	8962.0	9122.0	9394.0	9705.0	34759	36732	22617	35773												
5.4584	10063	9356.0	10833	9854.0	9187.0	9253.0	9749.0	9708.0	9221.0	8979.0	9492.0	9661.0	8990.0	9014.0	9493.0	9727.0	34479	35615	23294	35651												
5.4791	9736.0	9514.0	11129	9767.0	9197.0	9256.0	9641.0	9822.0	9412.0	9213.0	9047.0	9198.0	9015.0	8897.0	9246.0	9899.0	35151	35968	23776	35381												
5.5000	9510.0	9602.0	11293	9569.0	9519.0	9044.0	9352.0	9939.0	9403.0	9017.0	9557.0	9663.0	8823.0	8846.0	8847.0	10086	35258	36632	24748	35535												
5.5209	9508.0	9306.0	11101	9693.0	9120.0	9257.0	9738.0	9655.0	8888.0	9135.0	9460.0	9269.0	8863.0	9117.0	9359.0	9827.0	36251	36465	25666	35630												
5.5416	9984.0	9378.0	11269	9559.0	8922.0	9180.0	9405.0	9588.0	9258.0	9019.0	9393.0	9506.0	9052.0	9085.0	9337.0	9372.0	35981	36099	27344	35539												
5.5625	10075	9494.0	11081	9663.0	9067.0	9450.0	9459.0	9810.0	9355.0	9143.0	9843.0	9602.0	8832.0	9322.0	9200.0	10019	36742	36390	28287	35568												
5.5834	9454.0	9319.0	11100	9595.0	9173.0	9216.0	9541.0	9935.0	9293.0	9145.0	9099.0	9342.0	9094.0	9044.0	9216.0	9761.0	38114	36261	27986	35316												
5.6041	9753.0	9166.0	11027	9502.0	9126.0	9028.0	9495.0	9468.0	9285.0	9283.0	9609.0	9224.0	9024.0	9209.0	9658.0	9524.0	36736	36273	29583	35337												
5.6250	9427.0	9400.0	10814	9475.0	9448.0	9683.0	9400.0	9759.0	9243.0	9034.0	9623.0	9283.0	8560.0	9087.0	9198.0	9380.0	36694	36396	30741	35621												
5.6459	9717.0	9129.0	11194	9692.0	9263.0	9024.0	9522.0	9777.0	8867.0	9117.0	9159.0	9331.0	9261.0	9053.0	9194.0	9687.0	37918	36056	31126	34377												
5.6666	9612.0	9489.0	11275	9938.0	9360.0	8982.0	9420.0	9797.0	8828.0	9049.0	9203.0	9465.0	9086.0	9416.0	9412.0	9991.0	37716	36230	31586	34430												
5.6875	9909.0	9244.0	10672	9542.0	9179.0	9208.0	9770.0	9539.0	9303.0	9431.0	9554.0	9479.0	9167.0	9117.0	9655.0	9676.0	37634	36011	32851	34719												
5.7084	9291.0	9326.0	10788	9521.0	9046.0	9252.0	9440.0	9437.0	9081.0	9207.0	9227.0	9588.0	8602.0	9267.0	9555.0	9858.0	37649	35491	33034	34995												
5.7291	9661.0	9623.0	11539	9575.0	9309.0	9493.0	9530.0	9622.0	8879.0	9198.0	9468.0	9387.0	9296.0	8858.0	9234.0	9575.0	37734	36140	33267	35662												
5.7500	10016	9409.0	11109	9743.0	9158.0	9442.0	9467.0	9541.0	9176.0	9100.0	9344.0	9709.0	9030.0	8843.0	9583.0	9741.0	37974	36160	34376	35196												
5.7709	9425.0	9555.0	10927	9630.0	9211.0	9372.0	9640.0	10031	9450.0	8911.0	9300.0	9684.0	9011.0	9102.0	9418.0	9776.0	37268	36012	33589	35220												
5.7916	9575.0	9523.0	10968	9920.0	9081.0	9265.0	9330.0	9741.0	9014.0	9110.0	9609.0	9587.0	8920.0	9404.0	9258.0	9991.0	37564	36347	34472	35214												
5.8125	9417.0	9694.0	11062	9518.0	9297.0	9028.0	9472.0	9719.0	9114.0	9150.0	9354.0	9343.0	9206.0	8839.0	9474.0	10123	38128	36275	35280	34945												
5.8334	9742.0	9494.0	11117	9470.0	9131.0	9183.0	9977.0	9556.0	9240.0	9387.0	9506.0	9270.0	8884.0	9305.0	9236.0	9811.0	37192	36267	35046	34636												
5.8541	10081	9623.0	10692	9582.0	8930.0	9023.0	9050.0	9490.0	8774.0	9360.0	9511.0	9746.0	8990.0	8918.0	9316.0	9596.0	37302	36034	34686	34879												
5.8750	10011	9089.0	11248	9619.0	9072.0	9193.0	9340.0	9624.0	9169.0	9240.0	9326.0	9457.0	9018.0	9103.0	9076.0	9728.0	37669	36552	35046	35001												
5.8959	9351.0	9150.0	10829	9516.0	8929.0	9122.0	9536.0	9551.0	8942.0	9172.0	9095.0	9632.0	8962.0	9362.0	9261.0	9831.0	37416	36125	34851	35266												
5.9166	9829.0	9275.0	10934	9360.0	9088.0	9186.0	9779.0	9577.0	9157.0	9144.0	9194.0	9482.0	8886.0	8953.0	9557.0	9717.0	37575	35479	35549	34796												
5.9375	9795.0	9164.0	10952	9598.0	9018.0	9198.0	9387.0	10019	9218.0	9077.0	9269.0	9396.0	8948.0	9382.0	9272.0	9684.0	36808	35918	34304	35172												
5.9584	9799.0	9133.0	11194	9545.0	8794.0	9150.0	9349.0	9548.0	8906.0	9256.0	9336.0	9417.0	9143.0	9257.0	9194.0	10000	37071	35953	34860	35041												
5.9791	9629.0	9805.0	11151	9559.0	9294.0	9136.0	9530.0	9534.0	9200.0	9333.0	9366.0	9354.0	9172.0	9076.0	9329.0	9863.0	36723	35604	35163	35077												
6.0000	10048	9491.0	10933	9519.0	9263.0	9436.0	9513.0	9503.0	9361.0	9142.0	9238.0	9460.0	8738.0	9334.0	9427.0	9718.0	36758	36155	34336	34725												
6.0209	9645.0	9220.0	11017	9908.0	9092.0	9375.0	9650.0	9587.0	9272.0	8963.0	9099.0	9452.0	9186.0	8834.0	9456.0	9662.0	37088	35555	34783	35578												
6.0416	9749.0	9310.0	11246	9832.0	8760.0	9084.0	9428.0	9977.0	9379.0	9045.0	9224.0	9465.0	9041.0	9189.0	9586.0	9782.0	37504	36386	34428	35040												
6.0625	9713.0	9082.0	11339	9578.0	8938.0	9319.0	9698.0	9551.0	9140.0	9548.0	9214.0	9688.0	9297.0	8796.0	9129.0	9773.0	36380	36018	34088	35341												
6.0834	10168	9751.0	11371	9544.0	9644.0	8943.0	9522.0	9338.0	9033.0	9104.0	9603.0	9619.0	8905.0	9061.0	9371.0	10175	37030	35863	34696	35267												
6.1041	9701.0	9246.0	11092	9376.0	9437.0	9375.0	9434.0	9465.0	9352.0	9157.0	9157.0	9433.0	8975.0	8806.0	9250.0	9956.0	36668	36029	34658	35124												
6.1250	9401.0	9477.0	11035	9243.0	9227.0	9360.0	9557.0	9458.0	9225.0	9136.0	9264.0	9481.0	9050.0	9339.0	9350.0	9999.0	36795	35950	34464	35667												
6.1459	9680.0	9753.0	11335	9966.0	8927.0	9232.0	9554.0	9677.0	8973.0	9018.0	9358.0	9583.0	8958.0	9312.0	9123.0	9649.0	35764	35704	34681	35331												
6.1666	9747.0	9339.0	10784	9689.0	9455.0	9094.0	9459.0	9389.0	8935.0	9012.0	8909.0	9431.0	8972.0	9125.0	9290.0	9740.0	36404	35590	34318	35474												
6.1875	9812.0	9690.0	11406	9575.0	9357.0	8831.0	9262.0	9605.0	8958.0	9182.0	9227.0	9530.0	8799.0	9113.0	9472.0	9801.0	36620	35624	33923	35119												
6.2084	9552.0	9379.0	10958	9620.0	9453.0	8911.0	9302.0	9819.0	9090.0	9029.0	9512.0	10011	9072.0	8935.0	8957.0	9586.0	36226	35771	34677	35349												
6.2291	10168	9395.0	10941	9485.0	9071.0	9269.0	9917.0	9736.0	9003.0	8982.0	9218.0	9295.0	9211.0	8820.0	9041.0	9699.0	36204	36373	33427	34704												
6.2500	9967.0	9152.0	11274	9794.0	8848.0	9492.0	9702.0	9473.0	9074.0	8801.0	9360.0	9521.0	8731.0	9143.0	9213.0	9519.0	35511	35565	34398	34740												
6.2709	9456.0	9621.0	11355	9847.0	9255.0	8874.0	9428.0	9909.0	9128.0	9021.0	9630.0	9398.0	8774.0	9282.0	9352.0	9659.0	35621	35468	33631	35590												
6.2916	9467.0	9659.0	10762	9550.0	9336.0	8642.0	9608.0	9766.0	8930.0	9089.0	9238.0	9762.0	8422.0	9076.0	9284.0	9635.0	36224	35518	34595	35093												
6.3125	9641.0	9307.0	11101	9707.0	8976.0	9269.0	9362.0	9693.0	9045.0	9201.0	9354.0	9105.0	9207.0	8863.0	9267.0	9890.0	36091	35170	34113	35320												
6.3334	9732.0	9446.0	11152	9591.0	8808.0	9403.0	9125.0	9733.0	9051.0	8889.0	9144.0	9591.0	8860.0	9217.0	9124.0	9701.0	35769	34905	34480	35462												
6.3541	9853.0	9479.0	11313	9669.0	8953.0	9298.0	9586.0	9413.0	9354.0	8948.0	9132.0	8919.0	9190.0	9175.0	9262.0	9924.0	36373	35197	34202	35017												
6.3750	9742.0	9341.0	11061	9820.0	9189.0	8972.0	9154.0	9449.0	8710.0	9070.0	9629.0	9677.0	9239.0	8905.0	9235.0	9907.0	35778	35008	34809	35498												
6.3959	9765.0	9446.0	10883	9391.0	9369.0	9160.0	9675.0	9753.0	8988.0	8977.0	9142.0	9675.0	9120.0	9181.0	9475.0	9979.0	35774	35134	33902	35481												
6.4166	9733.0	9567.0	11048	9688.0	9072.0	8930.0	9477.0	9705.0	9169.0	8713.0	9231.0	9581.0	9020.0	9395.0	9148.0	9812.0	35693	35117	34472	35848												
6.4375	9465.0	9427.0	10598	9547.0	9256.0	8943.0	9450.0	9502.0	9081.0	9142.0	9109.0	9337.0	9210.0	8730.0	9084.0	9998.0	35590	35273	34249	35375												
6.4584	9335.0	9200.0	11073	9539.0	8746.0	9223.0	9497.0	9636.0	9062.0	9225.0	9368.0	9501.0	9186.0	8942.0	9390.0	9633.0	36262	34967	34638	35342												
6.4791	9480.0	9413.0	11071	9681.0	9364.0	9318.0	9372.0	9355.0	9142.0	9230.0	8958.0	9705.0	9194.0	9256.0	9390.0	9767.0	36215	35082	34222	35686												
6.5000	9742.0	9279.0	10978	9509.0	8774.0	9141.0	9293.0	9997.0	9484.0	9206.0	9280.0	9627.0	9076.0	9248.0	9408.0	9948.0	35608	34893	34354	35206												
6.5209	9742.0	9396.0	11059	9572.0	9186.0	9126.0	9421.0	9730.0	9000.0	8971.0	9139.0	9500.0	8914.0	9029.0	9578.0	9572.0	35835	35594	34813	35448												
6.5416	9660.0	9137.0	11083	9374.0	9112.0	9433.0	9642.0	9510.0	9045.0	9182.0	9152.0	9383.0	8957.0	9161.0	9351.0	9575.0	35630	34606	35241	35038												
6.5625	9639.0	9696.0	11195	10016	9054.0	9120.0	9686.0	9654.0	8920.0	9281.0	9659.0	9456.0	9050.0	9080.0	9216.0	10169	35400	34843	34999	35254												
6.5834	9588.0	9272.0	11212	9645.0	9093.0	9363.0	9734.0	9752.0	9379.0	9132.0	9300.0	9416.0	8938.0	9138.0	9303.0	9620.0	36200	34544	34277	34996												
6.6041	9762.0	9503.0	11453	9456.0	9284.0	9281.0	9611.0	9300.0	8710.0	9083.0	9197.0	9503.0	9105.0	9063.0	9266.0	9534.0	35946	34415	34330	35240												
6.6250	9826.0	9315.0	10730	9412.0	8774.0	9238.0	9515.0	9974.0	8873.0	9044.0	9122.0	9123.0	9222.0	9250.0	9400.0	9873.0	35634	34738	34489	35451												
6.6459	9800.0	9429.0	11228	9536.0	8874.0	8986.0	9731.0	9529.0	9031.0	8847.0	9362.0	9100.0	8965.0	9134.0	9332.0	9955.0	36562	35260	34921	35746												
6.6666	9573.0	9594.0	11012	9749.0	9104.0	9338.0	9755.0	9523.0	9126.0	9282.0	9319.0	9116.0	8969.0	9349.0	9248.0	9913.0	36009	34818	35179	35894												
6.6875	9596.0	9283.0	10986	9837.0	8926.0	9343.0	9495.0	9742.0	9044.0	9216.0	9109.0	9481.0	8981.0	8980.0	9469.0	9683.0	36550	34656	34736	35201												
6.7084	9951.0	9623.0	11459	9804.0	8873.0	9189.0	9588.0	9670.0	9029.0	8849.0	9277.0	9714.0	8987.0	9002.0	9186.0	10100	36223	34341	35102	34870												
6.7291	9729.0	9549.0	11197	9675.0	9227.0	8988.0	9644.0	9616.0	9159.0	9023.0	9174.0	9315.0	8963.0	9222.0	9219.0	10127	36098	34998	35746	35219												
6.7500	9711.0	9375.0	11035	9602.0	9134.0	9117.0	9832.0	9766.0	9160.0	9055.0	9185.0	9525.0	8648.0	8999.0	9486.0	9984.0	36814	34548	35137	34920												
6.7709	9851.0	9155.0	10981	9506.0	9451.0	9083.0	9574.0	9611.0	9090.0	9140.0	9485.0	9848.0	8926.0	9097.0	9162.0	9953.0	36241	34980	34875	35880												
6.7916	9674.0	9479.0	11224	9516.0	9189.0	9273.0	9666.0	9682.0	9190.0	9121.0	9113.0	9211.0	9223.0	8973.0	9406.0	9782.0	35927	34885	34891	35491												
6.8125	9231.0	9187.0	11501	9536.0	8950.0	9196.0	9483.0	9505.0	9481.0	9022.0	9374.0	9490.0	9126.0	8906.0	9408.0	9670.0	36493	34482	34882	35063												
6.8334	9548.0	9506.0	11113	9627.0	8935.0	8981.0	9695.0	9860.0	9468.0	9399.0	9225.0	9351.0	8920.0	9048.0	9476.0	9721.0	35975	35249	35258	35505												
6.8541	9769.0	9310.0	11397	9834.0	9019.0	9164.0	9408.0	9841.0	9123.0	9308.0	9215.0	9267.0	8782.0	9061.0	9355.0	9907.0	36543	34641	34683	35562												
6.8750	9577.0	9294.0	11150	9835.0	9236.0	8950.0	9528.0	9640.0	9206.0	8813.0	9226.0	9546.0	8969.0	9035.0	9527.0	9702.0	36058	34885	34264	36390												
6.8959	9727.0	9376.0	11031	9362.0	9115.0	9096.0	9483.0	9663.0	9356.0	9175.0	9525.0	9481.0	9063.0	9062.0	9314.0	9783.0	36169	35285	34999	35760												
6.9166	9495.0	9195.0	11172	9533.0	9142.0	9274.0	9305.0	9515.0	9119.0	9032.0	9267.0	9481.0	8921.0	9010.0	9109.0	10109	35857	34424	35344	36309												
6.9375	9626.0	9052.0	11081	9654.0	9181.0	9139.0	9751.0	9783.0	9061.0	9331.0	9498.0	9383.0	9136.0	9084.0	9480.0	9763.0	36199	35279	35692	35562												
6.9584	9373.0	9123.0	11040	9529.0	9349.0	8699.0	9444.0	9468.0	9102.0	9301.0	9539.0	9475.0	9056.0	9017.0	9136.0	9872.0	37026	34539	35482	35413												
6.9791	9655.0	9459.0	11018	9592.0	9071.0	9084.0	9598.0	9794.0	9077.0	8905.0	9338.0	9395.0	8844.0	8927.0	9286.0	10259																
7.0000	9591.0	9544.0	10707	9462.0	9117.0	9338.0	9347.0	9582.0	9032.0	9319.0	9058.0	9707.0	9078.0	9279.0	9540.0	9960.0																
7.0209	9698.0	9284.0	11105	9721.0	9013.0	9350.0	9767.0	9655.0	9169.0	9004.0	9296.0	9190.0	8950.0	9365.0	9570.0	9906.0																
7.0416	9618.0	9570.0	11049	9847.0	8797.0	8977.0	9561.0	9822.0	9127.0	9094.0	9181.0	9616.0	9098.0	9378.0	9412.0	10181																
7.0625	10054	9592.0	11015	9579.0	9318.0	9284.0	9226.0	9481.0	9244.0	9077.0	9300.0	9618.0	9336.0	9078.0	9318.0	10083																
7.0834	9724.0	9409.0	10728	9605.0	9177.0	9240.0	9501.0	10022	9094.0	8973.0	9345.0	9243.0	9061.0	8962.0	9440.0	10236																
7.1041	9677.0	9610.0	11043	9556.0	9088.0	9254.0	9725.0	9211.0	8937.0	8938.0	9382.0	9381.0	8863.0	9234.0	9402.0	9906.0																
7.1250	10011	9602.0	10898	9833.0	9198.0	9267.0	9775.0	9470.0	9151.0	9151.0	9274.0	9414.0	9074.0	9059.0	9780.0	9913.0																
7.1459	9792.0	9229.0	11389	9558.0	8957.0	9127.0	9180.0	9354.0	9021.0	9201.0	9351.0	9497.0	9101.0	9032.0	9625.0	9403.0																
7.1666	9803.0	9089.0	11058	9648.0	9478.0	9389.0	9558.0	9894.0	9149.0	8971.0	9113.0	9451.0	9264.0	9174.0	9576.0	9830.0																
7.1875	9574.0	9412.0	10835	9564.0	9296.0	9046.0	9566.0	9539.0	9202.0	9225.0	9393.0	9548.0	8830.0	9061.0	9538.0	9651.0																
7.2084	9635.0	9506.0	11316	9521.0	9098.0	9131.0	9098.0	9605.0	9096.0	9084.0	9021.0	9583.0	8842.0	9340.0	9715.0	9968.0																
7.2291	9692.0	9577.0	11157	9557.0	9262.0	9081.0	9794.0	9858.0	9106.0	9206.0	9390.0	9458.0	9161.0	9204.0	9452.0	9570.0																
7.2500	9940.0	9521.0	10758	9766.0	9143.0	9024.0	9507.0	9299.0	9383.0	9016.0	8961.0	9257.0	8805.0	8915.0	9523.0	9909.0																
7.2709	9817.0	9609.0	10787	9651.0	9263.0	9313.0	9321.0	9579.0	8839.0	9358.0	9248.0	9551.0	8998.0	9158.0	9463.0	9801.0																
7.2916	9292.0	9263.0	10957	9667.0	9441.0	9163.0	9595.0	9622.0	9340.0	9105.0	9385.0	9535.0	9370.0	9238.0	9578.0	9864.0																
7.3125	9700.0	9267.0	11006	9576.0	9144.0	9088.0	9540.0	9839.0	9136.0	9051.0	9113.0	9223.0	9226.0	9172.0	9728.0	9981.0																
7.3334	9634.0	9320.0	11478	9773.0	9148.0	9167.0	9470.0	9762.0	8884.0	9277.0	9464.0	9536.0	9412.0	9103.0	9707.0	9896.0																
7.3541	9652.0	9348.0	10736	9611.0	8846.0	9106.0	9507.0	9744.0	9344.0	9483.0	9225.0	9473.0	8903.0	9025.0	9431.0	10095																
7.3750	9642.0	9576.0	11011	9628.0	9311.0	9201.0	9537.0	9602.0	9060.0	9049.0	9198.0	9413.0	8995.0	9217.0	9968.0	9686.0																
7.3959	9780.0	9304.0	10966	9595.0	9350.0	9226.0	9357.0	9615.0	8906.0	9006.0	9191.0	9670.0	9028.0	9294.0	9595.0	10178																
7.4166	9708.0	9406.0	11033	9666.0	9341.0	9012.0	9436.0	9198.0	9273.0	8917.0	9352.0	9364.0	9069.0	9295.0	9431.0	10084																
7.4375	9813.0	9404.0	11132	9835.0	9170.0	9273.0	9587.0	9510.0	9235.0	9242.0	9127.0	9694.0	8862.0	9171.0	9635.0	9865.0																
7.4584	9891.0	9213.0	10842	9679.0	9133.0	9397.0	9691.0	9965.0	9247.0	9058.0	9273.0	9469.0	8956.0	9200.0	9485.0	9617.0																
7.4791	9966.0	9600.0	11111	9162.0	9117.0	9309.0	9642.0	9454.0	9091.0	8919.0	8969.0	9486.0	9220.0	9426.0	9743.0	9863.0																
7.5000	9478.0	9096.0	11023	9495.0	9277.0	9231.0	9631.0	9252.0	8874.0	8859.0	9238.0	9704.0	9159.0	9227.0	9919.0	9977.0																
7.5209	9704.0	9440.0	11110	9598.0	9127.0	8939.0	9624.0	10214	9450.0	9305.0	9129.0	9504.0	9017.0	9365.0	9542.0	10031																
7.5416	9509.0	9237.0	11151	9647.0	8850.0	9332.0	9595.0	9193.0	8720.0	9135.0	9223.0	9774.0	8733.0	9239.0	9617.0	10180																
7.5625	9823.0	9466.0	10978	9373.0	9210.0	9248.0	9372.0	9735.0	9076.0	8892.0	9250.0	9481.0	9411.0	9165.0	9369.0	10217																
7.5834	9620.0	9154.0	10974	9786.0	9175.0	9276.0	9133.0	9586.0	9327.0	9267.0	9287.0	9444.0	9108.0	9374.0	9685.0	9899.0																
7.6041	9684.0	9537.0	11284	9519.0	8883.0	8979.0	9360.0	9469.0	9101.0	9159.0	9389.0	9593.0	8910.0	9118.0	9689.0	10038																
7.6250	9342.0	9384.0	11078	9321.0	9010.0	9089.0	9755.0	9418.0	9232.0	9064.0	9587.0	9665.0	9384.0	9360.0	9773.0	10028																
7.6459	10024	9147.0	11204	9691.0	8977.0	9387.0	9342.0	9533.0	9227.0	9127.0	9348.0	9542.0	9074.0	9130.0	9741.0	10214																
7.6666	9942.0	9090.0	11129	9521.0	9082.0	9402.0	9614.0	9586.0	9336.0	8934.0	9369.0	9187.0	9213.0	9236.0	9430.0	10027																
7.6875	9419.0	9262.0	11181	9685.0	9182.0	9074.0	9459.0	9654.0	9378.0	9273.0	9364.0	9403.0	9136.0	9120.0	9665.0	9749.0																
7.7084	9577.0	9113.0	11199	9695.0	9225.0	9465.0	9421.0	9821.0	8969.0	9178.0	9504.0	9196.0	8989.0	9254.0	9610.0	9809.0																
7.7291	9671.0	8993.0	10773	9330.0	9276.0	9340.0	9617.0	9841.0	8964.0	9147.0	9126.0	9407.0	8954.0	9172.0	9828.0	10043																
7.7500	9536.0	9206.0	10877	9515.0	9260.0	9054.0	9470.0	9824.0	8820.0	8940.0	9022.0	9559.0	8949.0	9220.0	10032	9928.0																
7.7709	9816.0	9208.0	10736	9851.0	8960.0	9456.0	9450.0	9778.0	9130.0	9073.0	9485.0	9898.0	9138.0	9417.0	9927.0	9773.0																
7.7916	9599.0	9258.0	10827	9533.0	9110.0	9319.0	9668.0	9669.0	9095.0	9183.0	9375.0	9461.0	9049.0	9094.0	9747.0	10170																
7.8125	9922.0	9217.0	10737	9471.0	9098.0	9018.0	9457.0	9545.0	9092.0	9065.0	9267.0	9382.0	9247.0	8912.0	9598.0	10148																
7.8334	9604.0	9486.0	10892	9575.0	9088.0	9218.0	9538.0	9779.0	9249.0	9097.0	9052.0	9599.0	9599.0	9100.0	9719.0	10004																
7.8541	9910.0	9073.0	11194	9658.0	9125.0	9550.0	9482.0	9510.0	9107.0	8928.0	9430.0	9272.0	8862.0	9288.0	9814.0	10215																
7.8750	9407.0	9346.0	10936	9612.0	8949.0	9547.0	9468.0	9559.0	9094.0	9285.0	9122.0	9469.0	8899.0	9414.0	9639.0	9743.0																
7.8959	9528.0	9400.0	11212	9476.0	9452.0	9192.0	9466.0	9453.0	8973.0	8707.0	9591.0	9556.0	9097.0	9454.0	9626.0	9852.0																
7.9166	9945.0	9068.0	10923	9662.0	9461.0	9481.0	9290.0	9766.0	9174.0	9189.0	9230.0	9207.0	9336.0	9188.0	9754.0	10109																
7.9375	9901.0	9485.0	10928	9484.0	9183.0	9220.0	9646.0	9478.0	9209.0	8889.0	9494.0	9190.0	9061.0	9168.0	9968.0	10080																
7.9584	9749.0	9181.0	10963	9364.0	8970.0	9248.0	9102.0	9713.0	9566.0	8958.0	9507.0	9486.0	9151.0	9112.0	9652.0	10247																
7.9791	10031	9500.0	11174	9567.0	9282.0	9062.0	9289.0	9559.0	9095.0	8997.0	9191.0	9609.0	8768.0	9238.0	9957.0	9890.0																
8.0000	9777.0	9613.0	11332	9285.0	9417.0	9165.0	9328.0	9424.0	8947.0	8839.0	9399.0	9324.0	9388.0	9257.0	9687.0	10204																
8.0209	9815.0	9352.0	11346	9550.0	9334.0	9289.0	9522.0	9601.0	9262.0	9043.0	9332.0	9478.0	9016.0	9163.0	9710.0	9808.0																
8.0416	10013	9095.0	11076	9860.0	8986.0	9076.0	9562.0	9771.0	8882.0	9058.0	9173.0	9665.0	8735.0	8957.0	9462.0	10103																
8.0625	9707.0	9817.0	11334	9664.0	9212.0	9001.0	9443.0	9703.0	9017.0	9049.0	9151.0	9491.0	9200.0	9026.0	9556.0	10103																
8.0834	9820.0	9266.0	11133	9784.0	9181.0	9129.0	9843.0	9591.0	9308.0	8980.0	9232.0	9436.0	8768.0	9179.0	9756.0	10253																
8.1041	9741.0	9118.0	11136	9488.0	8937.0	9093.0	9770.0	9829.0	9274.0	9055.0	9232.0	9299.0	9172.0	9161.0	9986.0	10001																
8.1250	9733.0	9494.0	11249	9672.0	9076.0	9387.0	9646.0	9934.0	9060.0	8907.0	9009.0	9452.0	8937.0	9303.0	10011	10314																
8.1459	9436.0	9591.0	11210	9505.0	9294.0	9059.0	9524.0	9845.0	9153.0	8847.0	9234.0	9471.0	8903.0	9089.0	9971.0	9849.0																
8.1666	10073	9296.0	10677	9632.0	9230.0	9062.0	9535.0	9793.0	9165.0	8685.0	9514.0	9351.0	9324.0	9264.0	9755.0	9859.0																
8.1875	9513.0	9658.0	11244	9622.0	9046.0	9021.0	9513.0	9502.0	8828.0	8922.0	9329.0	9138.0	9116.0	9029.0	9890.0	10048																
8.2084	9689.0	9317.0	11414	9706.0	9090.0	9306.0	9323.0	9571.0	8977.0	9063.0	9353.0	9607.0	8792.0	9346.0	9773.0	10241																
8.2291	9852.0	9411.0	11035	9638.0	8972.0	9342.0	9373.0	9660.0	9156.0	8701.0	9546.0	9372.0	8911.0	8925.0	9736.0	10170																
8.2500	9584.0	9188.0	10991	9428.0	9224.0	9184.0	9667.0	9460.0	8951.0	8636.0	9190.0	10108	9201.0	8808.0	10040	9955.0																
8.2709	9926.0	9287.0	10895	9799.0	8988.0	9096.0	9704.0	9708.0	9351.0	8810.0	9534.0	9493.0	9099.0	9176.0	9987.0	10394																
8.2916	9600.0	9142.0	11264	9895.0	9207.0	8870.0	9611.0	9679.0	9280.0	9342.0	9237.0	9543.0	9026.0	9135.0	10124	10428																
8.3125	9849.0	9148.0	10953	9664.0	9154.0	9233.0	9345.0	9510.0	9191.0	9042.0	9303.0	9324.0	9184.0	8975.0	9981.0	9760.0																
8.3334	9706.0	9497.0	10761	9432.0	8859.0	9099.0	9671.0	9611.0	9327.0	8921.0	9152.0	9376.0	9146.0	9162.0	9884.0	10198																
8.3541	9450.0	9283.0	10791	9614.0	8832.0	9011.0	9362.0	9495.0	9196.0	9368.0	9484.0	9497.0	9068.0	9051.0	10001	9929.0																
8.3750	9385.0	9288.0	10640	9426.0	9292.0	9473.0	9489.0	10018	9037.0	9124.0	9429.0	9539.0	9167.0	9098.0	10016	10004																
8.3959	9517.0	9422.0	10723	9674.0	9211.0	9089.0	9347.0	9420.0	9151.0	9122.0	9357.0	9182.0	9087.0	8929.0	10182	9995.0																
8.4166	9615.0	9183.0	11139	9854.0	9196.0	9070.0	9593.0	9745.0	9129.0	9220.0	9659.0	9425.0	9095.0	9101.0	10342	10252																
8.4375	9593.0	9470.0	11226	9191.0	9089.0	9114.0	9658.0	9768.0	9154.0	8720.0	9171.0	9187.0	9272.0	9387.0	9769.0	10017																
8.4584	9580.0	9494.0	11179	9453.0	8987.0	8871.0	9351.0	9561.0	9031.0	9052.0	9118.0	9646.0	8860.0	9108.0	10464	10310																
8.4791	9628.0	9115.0	11115	9478.0	9157.0	9187.0	9464.0	9788.0	9065.0	9231.0	9374.0	9112.0	9268.0	9373.0	10156	10490																
8.5000	9856.0	9301.0	11052	9647.0	9261.0	9237.0	9501.0	9662.0	9146.0	9033.0	9447.0	9347.0	9132.0	9422.0	10225	10014																
8.5209	9741.0	9551.0	10918	9455.0	8801.0	9300.0	9333.0	9579.0	9088.0	9017.0	9249.0	9741.0	9156.0	9586.0	10615	10407																
8.5416	9834.0	9417.0	10998	9641.0	9170.0	9218.0	9514.0	9842.0	9208.0	8987.0	9373.0	9372.0	9090.0	9223.0	10104	10077																
8.5625	9634.0	9421.0	10869	9938.0	9405.0	9059.0	9114.0	9485.0	9015.0	8970.0	9314.0	9214.0	9061.0	8821.0	10350	10278																
8.5834	9556.0	9372.0	10945	9564.0	9144.0	9243.0	9576.0	9700.0	9115.0	8990.0	9295.0	9486.0	9340.0	9167.0	10268	9749.0																
8.6041	9869.0	9473.0	11271	9517.0	9002.0	9413.0	9687.0	9418.0	9138.0	8949.0	9449.0	9482.0	9230.0	9160.0	10230	10085																
8.6250	9823.0	9388.0	10937	9486.0	9053.0	9274.0	9388.0	9727.0	9128.0	9153.0	9457.0	9634.0	9317.0	9044.0	10221	10236																
8.6459	9840.0	9511.0	11033	9376.0	9001.0	9216.0	9594.0	9706.0	9168.0	9015.0	9207.0	9432.0	9145.0	9185.0	10179	10098																
8.6666	9844.0	9239.0	11139	9171.0	8795.0	9032.0	9443.0	9620.0	9079.0	8974.0	9000.0	9481.0	9315.0	8954.0	10250	10414																
8.6875	9495.0	9229.0	11190	9659.0	9034.0	9323.0	9833.0	9395.0	9244.0	9022.0	9255.0	9671.0	9021.0	9092.0	10391	10234																
8.7084	9769.0	9269.0	10947	9415.0	9154.0	9253.0	9138.0	9406.0	9153.0	9003.0	9299.0	9541.0	9377.0	9279.0	10476	10536																
8.7291	9835.0	9538.0	10830	9824.0	9277.0	9447.0	9241.0	9561.0	9403.0	9275.0	9273.0	9448.0	9377.0	9217.0	10825	10392																
8.7500	9579.0	9268.0	10857	9677.0	9148.0	9233.0	9604.0	9429.0	9045.0	9390.0	9230.0	9310.0	9130.0	9173.0	10409	10228																
8.7709	9417.0	9422.0	10964	9301.0	9010.0	9523.0	9455.0	9505.0	9261.0	9179.0	9063.0	9505.0	9114.0	9213.0	10885	10050																
8.7916	9739.0	9338.0	10826	9560.0	9423.0	9279.0	9206.0	9517.0	9006.0	9286.0	8943.0	9532.0	8976.0	9359.0	10511	10528																
8.8125	9535.0	9534.0	10810	9645.0	9143.0	8878.0	9429.0	9827.0	8983.0	8815.0	9122.0	9348.0	9181.0	9327.0	10597	10273																
8.8334	9459.0	9549.0	11109	9195.0	9205.0	9359.0	9515.0	9689.0	8980.0	9135.0	9286.0	9401.0	8879.0	9211.0	10778	10460																
8.8541	10072	9583.0	11105	9234.0	8988.0	9262.0	9668.0	9882.0	9100.0	9132.0	9558.0	9244.0	9265.0	9075.0	10779	10382																
8.8750	9238.0	9117.0	11060	9472.0	8927.0	9263.0	9658.0	9606.0	8919.0	8785.0	9224.0	9743.0	9015.0	9303.0	10762	10178																
8.8959	9655.0	9180.0	11045	9409.0	8972.0	9013.0	9493.0	9941.0	9292.0	9067.0	9611.0	9586.0	9243.0	9240.0	10734	10176																
8.9166	9638.0	9089.0	11106	9866.0	9030.0	8840.0	9341.0	9775.0	9053.0	8999.0	9263.0	9658.0	9180.0	8952.0	10631	10330																
8.9375	9579.0	9231.0	11006	9457.0	9144.0	9223.0	9224.0	9265.0	9090.0	8990.0	9544.0	9405.0	9190.0	9105.0	11183	10272																
8.9584	9682.0	9251.0	11248	9548.0	9002.0	8844.0	9303.0	9380.0	9196.0	9005.0	8930.0	9365.0	9305.0	9204.0	11241	10186																
8.9791	9542.0	9155.0	11161	9511.0	9106.0	9268.0	9346.0	9734.0	9008.0	9065.0	9286.0	9456.0	9379.0	9243.0	11003	10562																
9.0000	10012	9447.0	10923	9192.0	9392.0	9197.0	9220.0	9311.0	9384.0	8894.0	9461.0	9432.0	9003.0	9201.0	11118	10481																
9.0209	9638.0	9321.0	11026	9665.0	9250.0	9207.0	9585.0	9703.0	8720.0	8870.0	9227.0	9227.0	9176.0	9008.0	11065	10451																
9.0416	9812.0	9061.0	10819	9584.0	9158.0	8856.0	9396.0	9839.0	9207.0	9022.0	9115.0	9610.0	8946.0	8919.0	11526	10768																
9.0625	9621.0	9303.0	11263	9452.0	9323.0	8737.0	9572.0	9787.0	8793.0	9092.0	9491.0	9529.0	9380.0	9044.0	11455	10195																
9.0834	9608.0	9450.0	10995	9354.0	8933.0	9242.0	9592.0	9650.0	9229.0	9170.0	9456.0	9678.0	9092.0	9009.0	11632	10486																
9.1041	9853.0	9291.0	10904	9703.0	9037.0	9261.0	9389.0	9645.0	9063.0	8939.0	9408.0	9386.0	9379.0	9359.0	11436	10498																
9.1250	9730.0	9503.0	11110	9765.0	9110.0	9202.0	9498.0	9741.0	9414.0	9082.0	9297.0	9303.0	9225.0	9054.0	11943	10114																
9.1459	9592.0	9567.0	11108	9414.0	9077.0	9303.0	9683.0	9860.0	8949.0	8998.0	9234.0	9559.0	9569.0	9270.0	11871	10167																
9.1666	9877.0	9467.0	10838	9274.0	8853.0	9081.0	9699.0	9564.0	9364.0	9060.0	9350.0	9619.0	9111.0	9171.0	11745	10440																
9.1875	9684.0	9337.0	10904	9470.0	8781.0	9326.0	9751.0	9403.0	8935.0	9230.0	9138.0	9775.0	9346.0	9352.0	12070	10261																
9.2084	9559.0	9433.0	10678	9732.0	9100.0	9289.0	9329.0	9690.0	8902.0	8937.0	9155.0	9475.0	9103.0	9179.0	12314	10709																
9.2291	9390.0	9166.0	10825	9976.0	8953.0	8732.0	9585.0	9717.0	9103.0	8860.0	9282.0	9278.0	9046.0	9084.0	12289	10193																
9.2500	9561.0	9037.0	11176	9469.0	8981.0	9246.0	9449.0	9469.0	9226.0	9001.0	9163.0	9216.0	9183.0	9075.0	12374	10264																
9.2709	10037	9368.0	11121	9311.0	9365.0	9259.0	9544.0	9628.0	9034.0	9256.0	9277.0	9445.0	9137.0	9265.0	12579	10639																
9.2916	9456.0	9467.0	10934	9436.0	9093.0	9119.0	9539.0	9586.0	9106.0	8962.0	9577.0	9343.0	9106.0	9389.0	12721	10442																
9.3125	9559.0	9618.0	11359	9592.0	9144.0	9269.0	9693.0	9721.0	9088.0	8760.0	9223.0	9296.0	9360.0	9222.0	12448	10514																
9.3334	9649.0	9309.0	11033	9637.0	9072.0	9102.0	9613.0	9668.0	9000.0	9228.0	9418.0	9275.0	8976.0	9557.0	13050	10360																
9.3541	10028	9385.0	10943	9811.0	9160.0	9186.0	9945.0	9627.0	9346.0	8957.0	9260.0	9391.0	9373.0	9643.0	13268	10185																
9.3750	9538.0	9271.0	11466	9710.0	9210.0	9255.0	9301.0	9855.0	9307.0	9004.0	9282.0	9618.0	9547.0	9218.0	13223	10263																
9.3959	9790.0	9366.0	10959	9855.0	8972.0	9363.0	9262.0	9680.0	8827.0	9206.0	9097.0	9660.0	9508.0	9177.0	13804	10590																
9.4166	9673.0	9249.0	11400	9713.0	9138.0	9307.0	9331.0	9754.0	9255.0	9147.0	9378.0	9471.0	9287.0	9082.0	13910	10481																
9.4375	9848.0	9476.0	11007	9759.0	8918.0	9193.0	9263.0	9534.0	9143.0	9122.0	9115.0	9768.0	9071.0	9114.0	13664	10668																
9.4584	9612.0	9036.0	11129	9650.0	9284.0	9258.0	9401.0	9474.0	9251.0	9302.0	9136.0	9528.0	9165.0	9057.0	14225	10586																
9.4791	9598.0	9734.0	10894	9446.0	9132.0	9239.0	9414.0	9466.0	9012.0	9141.0	9495.0	9883.0	9243.0	9109.0	14101	10717																
9.5000	9718.0	9345.0	10948	9314.0	8806.0	9249.0	9638.0	9740.0	9081.0	9367.0	9363.0	9618.0	9413.0	9208.0	14380	10475																
9.5209	9682.0	9655.0	11038	9978.0	9162.0	9340.0	9768.0	9624.0	9195.0	8672.0	8847.0	9562.0	9225.0	9164.0	14667	10476																
9.5416	9396.0	9475.0	11079	9644.0	8968.0	8895.0	9316.0	9765.0	8803.0	8887.0	9379.0	9712.0	9154.0	9254.0	14888	10546																
9.5625	9746.0	8857.0	11011	9684.0	9087.0	9289.0	9792.0	9492.0	9100.0	8833.0	9488.0	9570.0	9389.0	9133.0	15448	10505																
9.5834	9576.0	9102.0	10833	9366.0	9193.0	9236.0	9785.0	9494.0	8965.0	9159.0	9197.0	9313.0	9259.0	9413.0	15052	10260																
9.6041	9843.0	9264.0	11110	9506.0	9248.0	9299.0	9345.0	9512.0	9015.0	9110.0	9118.0	9569.0	9709.0	9037.0	15512	10539																
9.6250	9756.0	9205.0	10936	9412.0	9206.0	9141.0	9538.0	9767.0	8860.0	9387.0	9057.0	9123.0	9033.0	9054.0	15300	10879																
9.6459	9717.0	9379.0	10923	9469.0	8980.0	9282.0	9399.0	9483.0	9236.0	9302.0	9117.0	9515.0	9482.0	9574.0	15371	10791																
9.6666	9554.0	9464.0	11330	9283.0	8631.0	9040.0	9391.0	9365.0	8875.0	8773.0	9325.0	9385.0	9724.0	9337.0	15817	10429																
9.6875	9351.0	9366.0	11038	9428.0	9231.0	9535.0	9222.0	9537.0	9291.0	8845.0	9361.0	9639.0	9002.0	9325.0	15794	10743																
9.7084	9932.0	9505.0	10894	9644.0	8714.0	9452.0	9489.0	9596.0	9148.0	8639.0	9437.0	9771.0	9358.0	9118.0	15694	10861																
9.7291	9751.0	9170.0	11053	9310.0	8882.0	8927.0	9448.0	9424.0	9224.0	9468.0	8906.0	9368.0	9238.0	9282.0	16269	10692																
9.7500	9622.0	9340.0	11073	9323.0	9307.0	9354.0	9480.0	9435.0	9066.0	8900.0	9143.0	9354.0	9315.0	9406.0	16581	10897																
9.7709	9748.0	9164.0	10939	9465.0	8951.0	9051.0	9431.0	9360.0	9188.0	9011.0	9031.0	9454.0	9193.0	9258.0	16436	10854																
9.7916	9538.0	9231.0	11131	9182.0	9493.0	9282.0	9163.0	9236.0	9057.0	9078.0	9189.0	9367.0	9587.0	9483.0	16779	10720																
9.8125	9629.0	9382.0	10589	9452.0	9220.0	9243.0	9260.0	9487.0	8991.0	8940.0	9103.0	9592.0	9367.0	9337.0	17249	10900																
9.8334	9857.0	9403.0	10912	9695.0	8988.0	8951.0	9436.0	9688.0	9327.0	9178.0	9074.0	8930.0	9424.0	9311.0	17546	11048																
9.8541	9903.0	9414.0	10829	9465.0	9580.0	9092.0	9631.0	9687.0	9207.0	9177.0	9004.0	10042	9184.0	9059.0	16993	11000																
9.8750	9703.0	9381.0	11097	9669.0	9069.0	9150.0	9634.0	9577.0	9009.0	8904.0	9096.0	9279.0	9264.0	9094.0	17240	11047																
9.8959	9455.0	8990.0	11011	9710.0	9376.0	9106.0	9703.0	9682.0	9019.0	9389.0	9256.0	9543.0	9402.0	9293.0	17805	11047																
9.9166	9811.0	9758.0	11466	9442.0	9116.0	8940.0	9415.0	9178.0	9122.0	9144.0	9007.0	9329.0	9073.0	9208.0	17615	10884																
9.9375	9738.0	9696.0	10954	9613.0	8723.0	8946.0	9402.0	9677.0	9423.0	9056.0	9334.0	9649.0	9401.0	9007.0	17721	10811																
9.9584	9475.0	9236.0	11474	9469.0	9087.0	9361.0	9188.0	9596.0	9223.0	9263.0	9122.0	9576.0	9576.0	9467.0	17782	10796																
9.9791	9920.0	9319.0	11047	9454.0	8828.0	9148.0	9457.0	9716.0	9295.0	9145.0	9528.0	9407.0	9554.0	9636.0	18289	10717																
10.000	9824.0	9382.0	11040	9457.0	9116.0	9199.0	9802.0	9547.0	8988.0	9365.0	9258.0	9675.0	9316.0	9323.0	18082	10839																
10.021	9861.0	9288.0	10754	9473.0	9188.0	9221.0	9570.0	9272.0	9002.0	8972.0	9461.0	9327.0	9452.0	9057.0	18070	11125																
10.042	9797.0	9560.0	11267	9765.0	9218.0	8744.0	9842.0	9427.0	9048.0	9266.0	9328.0	9245.0	9585.0	9058.0	18714	10994																
10.063	9788.0	9541.0	10870	9569.0	8791.0	8938.0	9535.0	9777.0	8831.0	9194.0	9123.0	9283.0	9484.0	8956.0	18593	11057																
10.083	9502.0	9086.0	11072	9558.0	8898.0	8784.0	9615.0	9560.0	9013.0	9435.0	9134.0	9264.0	9517.0	9195.0	18919	10889																
10.104	9588.0	9427.0	11284	9849.0	9089.0	8944.0	9399.0	9717.0	9217.0	9078.0	9377.0	9754.0	9893.0	9184.0	19094	11175																
10.125	9800.0	9153.0	11168	9617.0	9374.0	9399.0	9370.0	9550.0	9199.0	9020.0	9586.0	9466.0	9535.0	9085.0	19085	11394																
10.146	9854.0	9349.0	11373	9575.0	9119.0	9136.0	9309.0	9371.0	9083.0	8883.0	9423.0	9404.0	9245.0	9252.0	19663	11345																
10.167	9482.0	9532.0	11048	9432.0	9253.0	9325.0	9767.0	9949.0	9058.0	9103.0	9039.0	9622.0	9168.0	9358.0	19126	11189																
10.188	9444.0	9238.0	10969	9964.0	8985.0	9065.0	9167.0	9523.0	8848.0	8976.0	9202.0	9607.0	9023.0	9434.0	19353	11182																
10.208	9858.0	9495.0	10642	9603.0	9066.0	9099.0	9366.0	9549.0	9007.0	8869.0	9099.0	9455.0	9405.0	9369.0	19636	11803																
10.229	9712.0	9187.0	11157	9896.0	9208.0	9081.0	9209.0	9463.0	9079.0	8928.0	9115.0	9587.0	9785.0	8905.0	19320	11404																
10.250	9297.0	9279.0	11232	9924.0	9224.0	9288.0	9352.0	9591.0	8745.0	9057.0	9047.0	9448.0	9584.0	9512.0	20054	11635																
10.271	9899.0	9370.0	11159	9913.0	9109.0	9344.0	9614.0	9455.0	9195.0	9214.0	9443.0	9567.0	9599.0	9378.0	19831	11622																
10.292	9385.0	9366.0	10993	9721.0	9055.0	9638.0	9310.0	9124.0	8868.0	9122.0	9465.0	9259.0	9596.0	9178.0	20109	12047																
10.313	9264.0	9079.0	11138	9723.0	8986.0	9310.0	9625.0	9562.0	9107.0	9190.0	9056.0	9546.0	9539.0	9401.0	20265	12412																
10.333	9661.0	9062.0	11091	9657.0	9051.0	9383.0	9326.0	9525.0	8980.0	9195.0	9169.0	9652.0	9123.0	9078.0	20575	12068																
10.354	9729.0	9233.0	11262	9567.0	8957.0	9204.0	9552.0	9737.0	9031.0	8931.0	9047.0	9228.0	9541.0	9237.0	20994	12798																
10.375	9763.0	9335.0	11219	9694.0	9055.0	8937.0	9671.0	9532.0	9229.0	9013.0	9015.0	9455.0	9386.0	9414.0	20213	13230																
10.396	9704.0	9205.0	11021	9802.0	9018.0	9029.0	9375.0	9739.0	9085.0	9197.0	9393.0	9508.0	9357.0	9432.0	20787	13352																
10.417	9495.0	9030.0	11128	9815.0	8952.0	8736.0	9355.0	9759.0	9181.0	9150.0	9345.0	9539.0	9500.0	9462.0	20788	13462																
10.438	9655.0	9318.0	11180	9668.0	8930.0	8992.0	9178.0	9482.0	8909.0	9071.0	9339.0	9403.0	9784.0	9426.0	20610	14705																
10.458	9550.0	8978.0	10939	9459.0	9308.0	9192.0	9411.0	9501.0	8949.0	8745.0	9118.0	9562.0	9645.0	9368.0	20973	15254																
10.479	9319.0	9436.0	10933	9378.0	9039.0	8935.0	9804.0	9576.0	9196.0	9181.0	9202.0	9311.0	9765.0	9226.0	21597	15760																
10.500	9364.0	9302.0	11024	9570.0	9144.0	9113.0	9381.0	9625.0	9129.0	9109.0	9130.0	9335.0	9683.0	8846.0	21098	16345																
10.521	9802.0	9168.0	10674	9354.0	9283.0	8968.0	9551.0	9348.0	9097.0	8736.0	9300.0	9674.0	9628.0	9612.0	21297	17578																
10.542	9805.0	9140.0	11184	9686.0	9225.0	9094.0	9105.0	9441.0	9073.0	9258.0	9357.0	9673.0	9595.0	9339.0	21882	18255																
10.563	9519.0	9102.0	11034	9279.0	8917.0	9355.0	9399.0	9533.0	9069.0	9189.0	9179.0	9645.0	9890.0	9369.0	21451	18881																
10.583	9376.0	9029.0	10825	9502.0	9106.0	9148.0	9104.0	9380.0	9209.0	9373.0	9447.0	9708.0	10191	9522.0	21717	19818																
10.604	9526.0	9276.0	11032	9672.0	9094.0	9002.0	9204.0	9586.0	8727.0	9343.0	9080.0	9778.0	10066	9507.0	21542	20628																
10.625	9778.0	9325.0	11016	9613.0	9024.0	9122.0	9478.0	9321.0	9264.0	9375.0	9188.0	9363.0	9903.0	9493.0	21973	21368																
10.646	9725.0	9468.0	11110	9651.0	8800.0	9209.0	9541.0	9589.0	9367.0	9057.0	9152.0	9360.0	9968.0	9268.0	22002	22366																
10.667	9654.0	9363.0	11083	9464.0	9164.0	8938.0	9576.0	9835.0	9150.0	8856.0	9351.0	9483.0	9795.0	9390.0	21878	22693																
10.688	9665.0	9401.0	10937	9098.0	9610.0	9467.0	9512.0	9691.0	8953.0	9270.0	9086.0	9487.0	10013	9432.0	22862	23368																
10.708	9736.0	9095.0	10904	9357.0	9034.0	9166.0	9618.0	9456.0	8932.0	9067.0	9211.0	9363.0	9949.0	9246.0	22020	23453																
10.729	9837.0	9388.0	11265	9780.0	8951.0	9132.0	9205.0	9477.0	9189.0	9108.0	9200.0	9413.0	10227	9451.0	21922	24339																
10.750	9801.0	8999.0	11152	9462.0	9255.0	9402.0	9653.0	9406.0	9278.0	9006.0	9203.0	9620.0	10163	9273.0	22355	24812																
10.771	9718.0	9539.0	10754	9620.0	8795.0	8916.0	9466.0	9378.0	9093.0	8847.0	8961.0	9268.0	9948.0	9199.0	22612	25812																
10.792	9687.0	9652.0	11112	9801.0	9086.0	8835.0	9419.0	9470.0	9280.0	8779.0	9026.0	9432.0	10035	9484.0	22891	25832																
10.813	9684.0	9068.0	10804	9712.0	9024.0	9403.0	9251.0	9538.0	9051.0	9237.0	9635.0	9653.0	10586	9265.0	23048	25602																
10.833	9795.0	9281.0	11287	9574.0	9201.0	9177.0	9470.0	9689.0	9045.0	9164.0	9207.0	9507.0	10633	9453.0	23358	26831																
10.854	9748.0	9348.0	11031	9217.0	9096.0	9208.0	9469.0	9523.0	9092.0	8977.0	8872.0	9391.0	10595	9144.0	22776	26789																
10.875	9724.0	9238.0	11272	9802.0	9308.0	9416.0	9543.0	9677.0	9115.0	8943.0	9403.0	9331.0	10806	9084.0	23353	27330																
10.896	9640.0	9611.0	11240	9732.0	9191.0	9368.0	9268.0	9668.0	9040.0	9125.0	9343.0	9434.0	10923	9427.0	22639	27375																
10.917	9417.0	9585.0	10823	9655.0	8928.0	9094.0	9522.0	9223.0	9043.0	8968.0	8867.0	9378.0	10835	9502.0	23325	27444																
10.938	9550.0	9272.0	11138	9289.0	9082.0	9127.0	9429.0	9299.0	9183.0	8955.0	9271.0	9225.0	10865	9437.0	23344	27487																
10.958	9747.0	9242.0	10959	9350.0	8729.0	9244.0	9688.0	9393.0	9189.0	9071.0	9279.0	9501.0	11149	9721.0	23251	27661																
10.979	9758.0	9331.0	10642	9778.0	9166.0	9283.0	9411.0	9799.0	9079.0	9180.0	9202.0	9354.0	11263	9318.0	23033	28246																
11.000	9521.0	9232.0	10861	9374.0	9296.0	9002.0	9101.0	9371.0	9295.0	8770.0	9174.0	9453.0	11126	9504.0	23769	28497																
11.021	9704.0	9216.0	11106	9366.0	9111.0	9341.0	9631.0	9625.0	8938.0	9021.0	9541.0	9453.0	11762	9374.0	23387	28719																
11.042	9566.0	9115.0	11116	9323.0	9330.0	9398.0	9395.0	9911.0	9149.0	9439.0	9135.0	9095.0	12001	9092.0	24348	29144																
11.063	9356.0	9485.0	10833	9611.0	9317.0	9154.0	9499.0	9673.0	9232.0	9184.0	9369.0	9662.0	12027	9665.0	23516	28749																
11.083	9745.0	9252.0	11180	9191.0	9062.0	9215.0	9506.0	9481.0	9206.0	9075.0	9262.0	9446.0	12374	9494.0	23341	29370																
11.104	9429.0	9387.0	11043	9333.0	9302.0	9159.0	9463.0	9373.0	9228.0	8950.0	9131.0	9594.0	12926	9570.0	23949	29377																
11.125	9665.0	8923.0	11014	9426.0	9262.0	9268.0	9209.0	9559.0	8959.0	9410.0	9190.0	9649.0	13125	9428.0	23686	29012																
11.146	9588.0	9447.0	10876	9481.0	9100.0	9222.0	9527.0	9557.0	9064.0	9265.0	9240.0	9531.0	13161	9534.0	23210	30204																
11.167	9638.0	9365.0	11396	9614.0	9318.0	8901.0	9423.0	9324.0	9336.0	8822.0	9332.0	9505.0	13960	9339.0	23336	29757																
11.188	9713.0	9410.0	10851	9624.0	8904.0	8925.0	9768.0	9618.0	8883.0	9154.0	8983.0	9336.0	14155	9248.0	23981	30399																
11.208	9563.0	9510.0	10530	9431.0	9162.0	9164.0	9534.0	9588.0	9389.0	9107.0	9432.0	9627.0	14993	9881.0	23195	29962																
11.229	9713.0	9515.0	10785	9660.0	9099.0	8981.0	10013	9385.0	9076.0	9081.0	9478.0	9448.0	15447	9536.0	24123	30080																
11.250	9851.0	9193.0	10943	9540.0	8578.0	8787.0	9287.0	9692.0	8977.0	8812.0	9203.0	9773.0	15507	9534.0	23793	29622																
11.271	9370.0	9362.0	11250	9430.0	9274.0	9112.0	9218.0	9685.0	9469.0	9237.0	9308.0	9458.0	16757	9415.0	22947	30326																
11.292	9890.0	9292.0	11147	9707.0	9173.0	8985.0	9150.0	9719.0	9160.0	9103.0	9105.0	9689.0	17626	9921.0	23526	29938																
11.313	9407.0	9174.0	11087	9837.0	9162.0	9017.0	9361.0	9531.0	9093.0	9259.0	9471.0	9380.0	18036	9585.0	24071	30305																
11.333	9721.0	9382.0	10967	9297.0	9226.0	9195.0	9615.0	9568.0	9188.0	8978.0	9284.0	9398.0	18733	9250.0	24089	29774																
11.354	9543.0	9465.0	10993	9933.0	8717.0	9030.0	9429.0	9524.0	9034.0	8944.0	9487.0	9407.0	19913	9827.0	23884	31332																
11.375	9823.0	9247.0	11095	9627.0	9022.0	9104.0	9008.0	9815.0	8998.0	8989.0	9500.0	9761.0	21232	9319.0	23833	30635																
11.396	9558.0	9133.0	11189	9526.0	8901.0	9338.0	9214.0	9621.0	9245.0	8812.0	9361.0	9438.0	21673	9530.0	24330	30800																
11.417	9642.0	8881.0	10907	9758.0	9153.0	9060.0	9662.0	9606.0	8967.0	8794.0	9198.0	9109.0	21942	9305.0	24155	30309																
11.438	9578.0	9203.0	11107	9670.0	8946.0	9266.0	9407.0	9560.0	8962.0	9144.0	9097.0	9170.0	23643	9469.0	24579	30301																
11.458	9807.0	9268.0	10886	9472.0	9214.0	8709.0	9424.0	9318.0	9153.0	9318.0	9322.0	9431.0	24635	9390.0	24334	30727																
11.479	9672.0	9561.0	11026	9492.0	8920.0	9264.0	9742.0	9503.0	8977.0	8811.0	9321.0	9274.0	25378	9799.0	24407	30714																
11.500	9564.0	9292.0	11226	9390.0	9282.0	9445.0	9373.0	9623.0	9349.0	8927.0	9117.0	9660.0	26412	8981.0	24494	31474																
11.521	9492.0	9164.0	11050	9712.0	8849.0	9371.0	9420.0	9529.0	9330.0	9240.0	9060.0	9271.0	27509	9558.0	24631	30892																
11.542	9712.0	9397.0	11030	9545.0	9101.0	9267.0	9596.0	9519.0	9260.0	9088.0	9383.0	9500.0	28088	9724.0	25352	30488																
11.563	9623.0	9519.0	10839	9081.0	9074.0	9237.0	9350.0	9622.0	9172.0	9221.0	9321.0	9381.0	29281	9601.0	24483	30852																
11.583	9464.0	9268.0	10886	9583.0	9114.0	9045.0	9419.0	9234.0	8971.0	8652.0	9462.0	9441.0	30613	9597.0	24588	31537																
11.604	9758.0	9248.0	11017	9240.0	9222.0	9292.0	9080.0	9418.0	8875.0	8960.0	9057.0	9572.0	31291	9136.0	24923	30517																
11.625	9446.0	8881.0	11272	9553.0	8856.0	9063.0	9125.0	9475.0	8935.0	8991.0	9246.0	9575.0	31792	9888.0	24935	30437																
11.646	9565.0	9216.0	10986	9641.0	9243.0	9146.0	9065.0	9686.0	9057.0	8947.0	9357.0	9564.0	32158	9657.0	24448	30677																
11.667	9726.0	9466.0	10898	9329.0	9233.0	9289.0	9475.0	9678.0	9018.0	9100.0	9392.0	9468.0	32522	9607.0	25182	30780																
11.688	9515.0	9160.0	10600	9633.0	8891.0	9097.0	9709.0	9362.0	9173.0	9218.0	9509.0	9638.0	34479	9639.0	24964	31342																
11.708	9706.0	9145.0	11351	9429.0	9100.0	9051.0	9443.0	9459.0	9366.0	8918.0	9758.0	9913.0	35022	9706.0	25082	31795																
11.729	9542.0	9487.0	10725	9581.0	8949.0	8987.0	9353.0	9896.0	9091.0	8965.0	9229.0	9621.0	34672	9528.0	25750	30990																
11.750	9676.0	9147.0	10602	9321.0	8958.0	9407.0	9160.0	9694.0	8638.0	9005.0	9170.0	9292.0	35251	9821.0	24560	30943																
11.771	9609.0	9337.0	10817	9432.0	8888.0	9413.0	9871.0	9708.0	8789.0	8824.0	9222.0	9511.0	35256	9296.0	25496	30340																
11.792	9525.0	9651.0	10924	9468.0	8842.0	9133.0	9209.0	9279.0	8886.0	9467.0	9682.0	9739.0	35081	9728.0	24683	31892																
11.813	9750.0	9345.0	10883	9776.0	8906.0	9222.0	9562.0	9397.0	8875.0	9259.0	9530.0	9633.0	35468	9685.0	25554	30904																
11.833	9340.0	9163.0	10947	9327.0	9133.0	9187.0	9464.0	9396.0	9090.0	8944.0	9359.0	9640.0	34959	9721.0	25346	30674																
11.854	9561.0	9044.0	11041	9447.0	9155.0	9258.0	9513.0	9713.0	9119.0	9133.0	9349.0	9618.0	35548	9595.0	25633	31574																
11.875	9632.0	9111.0	10842	9391.0	8967.0	9155.0	9045.0	9502.0	9363.0	8997.0	9203.0	9118.0	36398	9379.0	25610	31536																
11.896	9597.0	9230.0	11057	9524.0	8895.0	9049.0	9470.0	9639.0	9116.0	9152.0	9146.0	9836.0	36091	9922.0	25596	30898																
11.917	9565.0	9339.0	11217	9471.0	9198.0	8937.0	9568.0	9509.0	9289.0	9160.0	9000.0	9492.0	35742	9324.0	25209	31194																
11.938	9461.0	9465.0	10845	9486.0	9029.0	8848.0	9432.0	9520.0	9307.0	9014.0	9075.0	9652.0	35392	9817.0	25645	31543																
11.958	9529.0	9325.0	10788	9687.0	9087.0	9248.0	9822.0	9823.0	8913.0	8795.0	9076.0	9703.0	35612	9442.0	25075	30721																
11.979	9517.0	9602.0	10945	9707.0	9113.0	9041.0	9557.0	9446.0	8971.0	8961.0	9181.0	9564.0	36709	10240	25976	31180																
12.000	9769.0	8788.0	11233	9292.0	9152.0	9162.0	9323.0	9582.0	9271.0	9187.0	9005.0	9801.0	35253	9847.0	25812	30606																
12.021	9410.0	9371.0	10845	9688.0	8916.0	9186.0	9282.0	9582.0	8905.0	9359.0	9543.0	9773.0	35602	9455.0	25814	31031																
12.042	9422.0	9678.0	10943	9585.0	9066.0	8878.0	9283.0	9578.0	9127.0	8828.0	9361.0	9630.0	35967	10042	25919	30287																
12.063	9594.0	9127.0	11277	9536.0	9369.0	8810.0	9302.0	9730.0	9127.0	9063.0	9102.0	9521.0	34882	9700.0	25648	30917																
12.083	9915.0	9483.0	11028	9477.0	8910.0	9054.0	9291.0	9755.0	9035.0	9222.0	9201.0	9245.0	35129	9635.0	26036	31084																
12.104	9359.0	9472.0	10810	9423.0	8940.0	9389.0	9456.0	9794.0	8934.0	9106.0	9548.0	9497.0	35493	9822.0	25887	30845																
12.125	9329.0	9617.0	11042	9696.0	8996.0	8915.0	9627.0	9246.0	9523.0	8962.0	9495.0	9164.0	35243	10011	26113	30403																
12.146	9710.0	9158.0	10868	9408.0	9338.0	9061.0	9186.0	9547.0	8922.0	9257.0	9212.0	9624.0	34881	9923.0	26151	30686																
12.167	9657.0	9319.0	10849	9514.0	9092.0	9413.0	9571.0	9540.0	9325.0	8960.0	9428.0	9475.0	34750	9766.0	25696	31008																
12.188	9483.0	9070.0	10734	9536.0	9045.0	9337.0	9491.0	9287.0	9210.0	9306.0	9298.0	9573.0	34400	10020	25842	30722																
12.208	9642.0	9135.0	11284	9605.0	9159.0	9027.0	9535.0	9730.0	9015.0	9117.0	9386.0	9274.0	34532	9881.0	26561	30324																
12.229	9528.0	9341.0	10971	9386.0	9365.0	9018.0	9105.0	9430.0	9092.0	8842.0	9481.0	9614.0	34930	9902.0	25404	31330																
12.250	9696.0	9133.0	11184	9494.0	8865.0	9102.0	9757.0	9865.0	9363.0	8838.0	9213.0	9228.0	34956	9612.0	25826	30787																
12.271	9344.0	9455.0	11027	9768.0	9003.0	9249.0	9582.0	9737.0	9395.0	9124.0	9297.0	9245.0	34832	9935.0	25755	30569																
12.292	9677.0	9322.0	11029	9510.0	8894.0	9387.0	9575.0	9547.0	9101.0	9032.0	9310.0	9453.0	35255	9672.0	25939	30682																
12.313	9636.0	9057.0	10938	9482.0	9201.0	9060.0	9869.0	9754.0	9044.0	9181.0	9185.0	9563.0	34444	9951.0	25897	30895																
12.333	9986.0	9074.0	10758	9407.0	8792.0	9048.0	9725.0	9423.0	9131.0	9076.0	9161.0	9695.0	35141	9760.0	26039	30333																
12.354	9807.0	9059.0	11117	9902.0	8892.0	9104.0	9623.0	9398.0	8981.0	8667.0	9266.0	9607.0	35161	9943.0	26747	31170																
12.375	9861.0	8982.0	10616	9568.0	9326.0	9047.0	9509.0	9614.0	9109.0	9082.0	9585.0	9705.0	35467	10070	26056	30702																
12.396	9287.0	9500.0	10826	9572.0	9071.0	9326.0	9235.0	9447.0	9231.0	8966.0	9287.0	9651.0	34699	10198	25357	30771																
12.417	9554.0	9529.0	10997	9472.0	8727.0	8717.0	9518.0	9394.0	9084.0	9174.0	9250.0	9532.0	35258	10056	25475	30435																
12.438	9849.0	9196.0	11114	9717.0	9179.0	8823.0	9683.0	9665.0	9210.0	9090.0	9065.0	9385.0	34376	10075	26820	31140																
12.458	9654.0	9191.0	11028	9196.0	8948.0	9358.0	9684.0	9700.0	9085.0	9048.0	9355.0	9384.0	36123	10256	26227	30754																
12.479	9497.0	9213.0	11022	9324.0	9054.0	9301.0	9828.0	9514.0	9205.0	8939.0	9462.0	9433.0	35119	10030	26555	30541																
12.500	9713.0	9269.0	11269	9374.0	9067.0	9239.0	9407.0	9437.0	9042.0	9014.0	9149.0	9436.0	35428	9978.0	27220	30524																
12.521	9431.0	9240.0	11200	9386.0	9160.0	9197.0	9345.0	9439.0	9414.0	8746.0	9250.0	9497.0	35170	10085	26733	30819																
12.541	9459.0	9236.0	11190	9508.0	8911.0	9388.0	9474.0	9214.0	9194.0	9178.0	9023.0	9680.0	35017	10358	27480	30477																
12.563	9595.0	9150.0	10927	9738.0	9187.0	9146.0	9030.0	9464.0	9348.0	9000.0	9522.0	9371.0	35496	9898.0	27560	30653																
12.584	9761.0	9097.0	10990	9407.0	9446.0	9191.0	9265.0	9564.0	9105.0	9012.0	9239.0	9728.0	35142	10038	27213	30665																
12.604	9642.0	9096.0	10667	9683.0	8990.0	9056.0	9803.0	9705.0	9152.0	9007.0	9264.0	9730.0	35700	10056	26900	30799																
12.625	9528.0	9133.0	10816	9968.0	8937.0	8926.0	9697.0	9472.0	9118.0	9210.0	9244.0	9452.0	35591	10374	27371	31012																
12.646	9726.0	9197.0	11038	9748.0	9362.0	9275.0	9590.0	9806.0	8806.0	9008.0	9378.0	9483.0	35253	10027	27079	30773																
12.666	9288.0	9317.0	10980	9504.0	9244.0	9369.0	9513.0	9555.0	8908.0	9152.0	8898.0	9767.0	35671	10330	27386	30691																
12.688	9836.0	9090.0	11226	9598.0	9042.0	9041.0	9425.0	9735.0	9104.0	8947.0	9325.0	9833.0	35437	9948.0	27477	30664																
12.709	9644.0	9310.0	11278	9356.0	9287.0	8835.0	9640.0	9410.0	9146.0	9100.0	9300.0	9594.0	35270	10476	27851	30651																
12.729	9592.0	9209.0	10978	9405.0	9467.0	9268.0	9399.0	9795.0	9216.0	9050.0	9435.0	9470.0	35945	10419	27546	30863																
12.750	9615.0	9330.0	10777	9474.0	9123.0	8772.0	9441.0	9568.0	9012.0	9008.0	9457.0	9437.0	34775	10308	27763	31122																
12.771	9930.0	9456.0	10930	9467.0	8927.0	9405.0	9268.0	9341.0	9250.0	9464.0	9000.0	9439.0	35046	10344	27836	30603																
12.791	9313.0	9486.0	10860	9474.0	8930.0	9225.0	9286.0	9501.0	9155.0	8908.0	9324.0	9514.0	35497	10746	28109	30979																
12.813	9412.0	9339.0	11185	9870.0	9215.0	9529.0	9295.0	9589.0	9188.0	8962.0	9318.0	9504.0	35706	10422	28165	30747																
12.834	9533.0	9523.0	10962	9574.0	8507.0	9185.0	9290.0	9429.0	9009.0	8865.0	9113.0	9111.0	35711	10655	28679	30963																
12.854	9447.0	9209.0	10911	9569.0	9328.0	8560.0	9246.0	9611.0	9235.0	8982.0	9488.0	9783.0	35231	10638	28145	30458																
12.875	9742.0	8979.0	11017	9449.0	9304.0	9036.0	9414.0	9349.0	9330.0	9052.0	9273.0	9546.0	35648	10835	28478	31242																
12.896	9425.0	9073.0	10906	9747.0	9012.0	9071.0	9548.0	9379.0	8985.0	9145.0	9243.0	9416.0	35700	10374	27783	31173																
12.916	9592.0	9599.0	11234	9382.0	8905.0	9077.0	9231.0	9647.0	8997.0	8929.0	9189.0	9714.0	35466	10750	28089	30670																
12.938	9774.0	8985.0	10946	9769.0	9145.0	9203.0	9413.0	9325.0	9125.0	8927.0	9481.0	9626.0	35232	10501	28239	30430																
12.959	9194.0	9471.0	11146	9594.0	9312.0	9260.0	9672.0	9410.0	9358.0	8917.0	9063.0	9775.0	35363	10828	28438	30780																
12.979	9507.0	9296.0	11191	9777.0	9161.0	9222.0	9534.0	9475.0	9516.0	8826.0	9385.0	9860.0	35490	10680	28144	30873																
13.000	9524.0	9426.0	10827	9764.0	9473.0	8979.0	9622.0	9534.0	9349.0	9113.0	9216.0	9659.0	35585	10693	28159	30837																
13.021	9690.0	9297.0	10847	9308.0	9013.0	9289.0	9344.0	9407.0	9285.0	9141.0	9315.0	9314.0	34937	10845	28299	30537																
13.041	9561.0	9234.0	10995	9457.0	9146.0	9144.0	9320.0	9557.0	8727.0	9200.0	8982.0	9404.0	35334	10877	28425	31192																
13.063	9356.0	9297.0	10969	9489.0	8946.0	9181.0	9275.0	9611.0	9056.0	9133.0	8957.0	9736.0	35331	10933	28796	31547																
13.084	9526.0	9121.0	10725	9587.0	8987.0	9301.0	9509.0	9334.0	9269.0	9009.0	9282.0	9497.0	35554	11423	28672	31064																
13.104	9703.0	9115.0	10733	9242.0	8957.0	9209.0	9581.0	9893.0	8957.0	9176.0	9329.0	9581.0	35897	11524	28700	31131																
13.125	9711.0	9155.0	10850	9374.0	9004.0	9051.0	9603.0	9646.0	9041.0	9027.0	9120.0	9947.0	35672	11412	28274	31214																
13.146	9772.0	9247.0	11082	9461.0	9145.0	9177.0	9245.0	9760.0	9207.0	9099.0	9478.0	9857.0	35476	11392	27850	31008																
13.166	9644.0	9321.0	11057	9541.0	9256.0	9081.0	9597.0	9456.0	9238.0	8641.0	8990.0	9506.0	35984	11694	28154	30652																
13.188	9406.0	9439.0	11388	9324.0	9237.0	9354.0	9799.0	9586.0	9050.0	9270.0	9378.0	9853.0	36291	11476	29291	30929																
13.209	9568.0	9205.0	11171	9375.0	9053.0	9215.0	9103.0	9598.0	9023.0	8903.0	9275.0	9665.0	36671	11545	28476	31636																
13.229	9662.0	9231.0	11014	9530.0	8822.0	9131.0	9415.0	9356.0	9122.0	9200.0	9293.0	9165.0	36048	11627	28532	31189																
13.250	9657.0	9315.0	10850	9424.0	9186.0	9177.0	9622.0	9538.0	9360.0	9043.0	9384.0	9503.0	36699	11902	28820	31055																
13.271	9430.0	9170.0	11087	9522.0	9342.0	9286.0	9846.0	9675.0	9438.0	9221.0	9200.0	9442.0	36607	12390	28776	31468																
13.291	9545.0	9137.0	11503	9546.0	9041.0	8895.0	9400.0	9526.0	9245.0	9165.0	9014.0	9751.0	35765	12410	28709	30765																
13.313	9593.0	8872.0	10951	9543.0	9061.0	9229.0	9839.0	9297.0	9111.0	9090.0	9297.0	9377.0	36512	12791	28638	31733																
13.334	9578.0	9264.0	10833	9645.0	8910.0	9338.0	9742.0	9640.0	9320.0	9074.0	9419.0	9580.0	35736	12807	28934	31008																
13.354	9610.0	9142.0	11194	9544.0	9252.0	9473.0	9047.0	9587.0	8933.0	9218.0	9249.0	9541.0	35878	13220	28784	30715																
13.375	9248.0	9286.0	11155	9783.0	8920.0	9144.0	9218.0	9469.0	9160.0	8855.0	9776.0	9537.0	36801	13384	29325	30988																
13.396	9592.0	9434.0	11056	9575.0	9092.0	9074.0	9365.0	9235.0	9126.0	8980.0	9248.0	9550.0	36007	14246	28930	31631																
13.416	9609.0	9547.0	10808	9378.0	9714.0	9187.0	9514.0	9581.0	9485.0	9079.0	9341.0	9712.0	36328	14282	28577	31470																
13.438	9312.0	9103.0	10765	9721.0	8888.0	9067.0	9390.0	9451.0	9049.0	8794.0	9370.0	9374.0	36745	15040	28320	30954																
13.459	9170.0	9195.0	10781	9745.0	9151.0	9080.0	9435.0	9561.0	9211.0	8992.0	9323.0	9653.0	36376	15930	28430	31393																
13.479	9537.0	8950.0	10971	9521.0	9114.0	9179.0	9445.0	9608.0	9139.0	9074.0	8956.0	9503.0	36140	16170	28639	31626																
13.500	9206.0	8952.0	10788	9838.0	9084.0	8812.0	9836.0	9593.0	9301.0	9020.0	9428.0	9435.0	36371	17069	28420	31454																
13.521	9696.0	9473.0	10903	9447.0	9140.0	8862.0	9418.0	9574.0	9320.0	8983.0	9001.0	9189.0	36379	17728	29041	31262																
13.541	9537.0	9487.0	10959	9590.0	9133.0	9379.0	9700.0	9538.0	9227.0	9117.0	9336.0	9872.0	35739	18866	28852	31546																
13.563	9412.0	9486.0	11073	9330.0	9209.0	8895.0	9507.0	9538.0	9030.0	8993.0	9353.0	9647.0	36743	19721	28509	31108																
13.584	9534.0	8992.0	10639	9432.0	8948.0	9193.0	9361.0	9248.0	9216.0	8897.0	9282.0	9794.0	36368	20396	28089	31240																
13.604	9781.0	9640.0	10707	9505.0	9140.0	9212.0	9166.0	9384.0	9340.0	9162.0	9395.0	9452.0	36426	21169	28505	31242																
13.625	9463.0	9386.0	10680	9628.0	8782.0	9129.0	9160.0	8922.0	9222.0	8921.0	9101.0	9465.0	36139	22151	29181	31388																
13.646	9538.0	9304.0	11087	9462.0	9319.0	9345.0	9298.0	9514.0	9184.0	9022.0	9278.0	9774.0	36430	22735	28238	31015																
13.666	9631.0	9317.0	10917	9420.0	9269.0	9007.0	9408.0	9186.0	9471.0	9081.0	9032.0	9500.0	36254	23539	29294	31275																
13.688	9567.0	9496.0	11071	9378.0	9206.0	8924.0	9641.0	9337.0	9097.0	9356.0	9156.0	9466.0	36892	24617	28922	31304																
13.709	9703.0	9477.0	10837	9440.0	9131.0	8817.0	9406.0	9765.0	9174.0	9271.0	9373.0	9322.0	36449	24882	29118	31218																
13.729	9603.0	9372.0	10784	9452.0	9219.0	9053.0	9481.0	9435.0	9335.0	8933.0	9341.0	9598.0	36275	26859	29800	31292																
13.750	9361.0	9509.0	10909	9629.0	8972.0	9289.0	8937.0	9420.0	9181.0	9046.0	9298.0	9764.0	36430	25673	29861	31227																
13.771	9640.0	9328.0	10908	9842.0	9155.0	9020.0	9596.0	9608.0	9419.0	8817.0	9298.0	9504.0	36406	26717	28107	31968																
13.791	9774.0	9095.0	10922	9284.0	9046.0	9029.0	9253.0	9550.0	8955.0	9044.0	9619.0	9662.0	36307	28303	28790	31323																
13.813	9477.0	9041.0	11202	9415.0	8946.0	9288.0	9659.0	9785.0	8899.0	8990.0	9374.0	9568.0	37176	28538	29369	31351																
13.834	9483.0	9491.0	11031	9440.0	9261.0	9056.0	9267.0	9938.0	8775.0	9010.0	9559.0	9792.0	36682	29655	28815	30771																
13.854	9722.0	9254.0	11244	9403.0	9130.0	9430.0	9323.0	9826.0	8994.0	8912.0	9242.0	9596.0	36494	29160	28644	31382																
13.875	9411.0	9140.0	11128	9488.0	8815.0	9196.0	9275.0	9113.0	8937.0	8982.0	9556.0	9882.0	37081	30311	29146	31665																
13.896	9721.0	9481.0	11166	9795.0	9065.0	9321.0	9535.0	9492.0	9259.0	9174.0	9068.0	9608.0	36500	30206	28575	31359																
13.916	9477.0	9297.0	10886	9425.0	9008.0	9003.0	9389.0	9542.0	8986.0	9014.0	9752.0	9742.0	36139	30504	28359	31155																
13.938	9452.0	9525.0	10921	9414.0	9508.0	9186.0	9589.0	9504.0	9211.0	9105.0	9333.0	9757.0	35873	30681	28947	31601																
13.959	9485.0	9180.0	10976	9414.0	9043.0	9142.0	9621.0	9526.0	9410.0	9156.0	9293.0	9400.0	36308	31636	29386	31876																
13.979	9580.0	9358.0	10580	9426.0	9167.0	9117.0	9176.0	9324.0	9210.0	8708.0	9674.0	9991.0	37345	31406	29931	31472																
14.000	9571.0	9553.0	11103	9474.0	8987.0	8974.0	9305.0	9452.0	9149.0	8903.0	9254.0	9651.0	36303	32390	28982	31540																
14.021	9230.0	9327.0	10621	9663.0	9269.0	8928.0	9456.0	9513.0	9427.0	8945.0	9484.0	9774.0	36625	32759	29474	31230																
14.041	9460.0	9193.0	10755	9127.0	9201.0	9336.0	9361.0	9449.0	9100.0	8999.0	9387.0	9484.0	36814	32882	29492	31704																
14.063	9620.0	9204.0	11158	9693.0	9207.0	9217.0	9426.0	9611.0	9557.0	8956.0	9184.0	9683.0	37260	33412	29940	31279																
14.084	9592.0	9245.0	11276	9502.0	8779.0	8794.0	9459.0	9816.0	9204.0	8886.0	9489.0	9413.0	37209	33586	29140	31121																
14.104	9860.0	9391.0	11101	9366.0	9000.0	9208.0	9578.0	9638.0	9390.0	8940.0	9532.0	9521.0	37097	33458	30256	31304																
14.125	9252.0	9321.0	10856	9362.0	8941.0	9549.0	9712.0	9549.0	9097.0	9008.0	9464.0	9781.0	36507	34471	30262	31539																
14.146	9404.0	9068.0	10721	9507.0	9085.0	9129.0	9357.0	9190.0	9536.0	8982.0	9282.0	9989.0	37422	34583	29550	31545																
14.166	9629.0	9210.0	11204	9679.0	9000.0	8998.0	9271.0	9462.0	9003.0	9088.0	9445.0	9757.0	36807	34191	29663	31214																
14.188	9439.0	9020.0	11071	9759.0	9131.0	9401.0	9390.0	9560.0	9385.0	9434.0	9135.0	9410.0	37235	34866	29287	31304																
14.209	9563.0	9231.0	10638	9393.0	9080.0	8854.0	9382.0	9492.0	9362.0	9129.0	9003.0	9632.0	37227	35618	29473	31454																
14.229	9808.0	9192.0	10861	9435.0	9097.0	9403.0	9381.0	9669.0	9200.0	9141.0	9422.0	9348.0	37419	34398	29543	31362																
14.250	9892.0	9284.0	10849	9513.0	8893.0	9213.0	9560.0	9508.0	9217.0	9354.0	9442.0	9560.0	37318	35571	29298	30942																
14.271	9728.0	9106.0	10922	9389.0	9017.0	9316.0	9631.0	9621.0	9272.0	9167.0	9618.0	9463.0	36531	35584	30136	31511																
14.291	9660.0	9386.0	11156	9312.0	8951.0	9054.0	9067.0	9253.0	9345.0	9105.0	9285.0	9832.0	36999	35803	30774	31761																
14.313	9300.0	9235.0	10758	9487.0	8906.0	8970.0	9764.0	9610.0	9247.0	8779.0	9239.0	9730.0	37501	35387	28973	31856																
14.334	9503.0	9120.0	11159	9573.0	9022.0	9089.0	9430.0	9642.0	9264.0	8839.0	9507.0	9730.0	36426	35148	29796	31561																
14.354	9637.0	8893.0	10752	9542.0	9057.0	8991.0	9310.0	9546.0	9189.0	8931.0	9423.0	9542.0	37255	35990	29797	31173																
14.375	9540.0	9076.0	10398	9156.0	9011.0	9187.0	9266.0	9091.0	9655.0	9170.0	9313.0	9729.0	36501	35680	29995	32151																
14.396	9503.0	9165.0	10832	9970.0	9045.0	8990.0	9110.0	9452.0	9090.0	9312.0	9439.0	9375.0	36854	35649	30211	31135																
14.416	9617.0	9123.0	10626	9523.0	9036.0	9032.0	9083.0	9516.0	9163.0	9008.0	9387.0	9396.0	37729	34846	30748	31530																
14.438	9800.0	9281.0	11036	9715.0	9254.0	9233.0	9139.0	9606.0	8823.0	9115.0	9188.0	9836.0	36860	34281	29911	32120																
14.459	9481.0	9053.0	11314	9555.0	9072.0	8950.0	9793.0	9468.0	9089.0	8622.0	9320.0	10020	37542	33304	29562	32252																
14.479	9419.0	9483.0	10888	9255.0	9020.0	9334.0	9354.0	9476.0	9255.0	9258.0	9639.0	9631.0	37223	35059	29977	31717																
14.500	9337.0	9280.0	10790	9483.0	9034.0	8957.0	9118.0	9755.0	9122.0	9076.0	8938.0	9683.0	37195	34207	29123	31510																
14.521	9682.0	9378.0	11053	9370.0	9073.0	9184.0	9493.0	9438.0	9329.0	9490.0	9235.0	9147.0	37894	34975	28995	31547																
14.541	9495.0	9317.0	11067	9507.0	9104.0	9396.0	9350.0	9402.0	9269.0	8962.0	9365.0	9646.0	37050	34964	29254	31249																
14.563	9808.0	9193.0	11287	9233.0	8891.0	9037.0	9352.0	9579.0	9483.0	9002.0	9340.0	10110	37236	33426	29718	31356																
14.584	9407.0	9419.0	11020	9418.0	9092.0	9192.0	9264.0	9595.0	9120.0	9005.0	9162.0	9197.0	36783	33621	29270	31413																
14.604	9432.0	9241.0	10659	9701.0	9034.0	9303.0	9327.0	9461.0	9381.0	9264.0	9595.0	9954.0	37351	32936	29953	31822																
14.625	9242.0	9155.0	10982	9464.0	9126.0	9156.0	9092.0	9411.0	9516.0	8963.0	8954.0	9838.0	37844	32769	29432	31581																
14.646	9446.0	8993.0	10790	9367.0	8796.0	9161.0	9530.0	9318.0	9638.0	9020.0	9441.0	9695.0	37809	32648	28842	31829																
14.666	9628.0	8993.0	11133	9573.0	9032.0	9232.0	9563.0	9296.0	9248.0	9424.0	8952.0	9637.0	37691	32150	30306	31905																
14.688	9623.0	9373.0	11003	9329.0	9250.0	9174.0	9516.0	9741.0	9061.0	9239.0	9251.0	9353.0	37795	32394	29978	31829																
14.709	9118.0	9155.0	10798	9406.0	9102.0	9072.0	9336.0	9429.0	9240.0	8840.0	9204.0	9572.0	37339	32530	29623	32266																
14.729	9392.0	9347.0	11197	9597.0	9282.0	9308.0	9296.0	9692.0	9434.0	9084.0	9308.0	9696.0	37455	32990	29429	31569																
14.750	9423.0	9064.0	11128	9509.0	9207.0	9155.0	9119.0	9438.0	9107.0	9219.0	9284.0	9794.0	37292	31956	30075	31456																
14.771	9731.0	9329.0	10951	9493.0	9204.0	9341.0	9322.0	9430.0	9223.0	9149.0	9220.0	9525.0	37216	31875	29310	31720																
14.791	9404.0	9454.0	11051	9566.0	9215.0	9304.0	9578.0	9921.0	9504.0	8789.0	9130.0	9648.0	37311	32276	29856	31933																
14.813	9556.0	9226.0	10820	9668.0	9256.0	9329.0	9572.0	9640.0	9258.0	8829.0	9311.0	9710.0	37385	32043	29887	31339																
14.834	9499.0	9252.0	10832	9314.0	8826.0	9222.0	9587.0	9443.0	9550.0	9011.0	9436.0	9709.0	37931	32141	29896	32142																
14.854	9624.0	9067.0	11310	9308.0	9293.0	9076.0	9449.0	9723.0	8836.0	9013.0	8814.0	9536.0	37669	32573	29082	31247																
14.875	9369.0	9273.0	10929	9368.0	8961.0	9076.0	9693.0	9326.0	9355.0	9057.0	9121.0	9609.0	37706	31907	29770	31758																
14.896	9756.0	9194.0	11080	9475.0	9290.0	8848.0	9297.0	9352.0	9295.0	9128.0	9127.0	9327.0	37545	31675	29903	31609																
14.916	9609.0	9379.0	11157	9403.0	9043.0	9307.0	9543.0	9493.0	9285.0	9024.0	9207.0	9318.0	37417	32022	30367	31767																
14.938	9783.0	9226.0	10961	9516.0	8948.0	8873.0	9264.0	9435.0	9162.0	9112.0	9463.0	9898.0	37913	32173	29525	31811																
14.959	9813.0	9235.0	11003	9320.0	8973.0	9271.0	9327.0	9382.0	9302.0	9210.0	9201.0	9936.0	37756	32101	30312	31585																
14.979	9510.0	9405.0	11132	9317.0	8938.0	8977.0	9740.0	9458.0	9225.0	9108.0	9621.0	9631.0	37250	31966	30908	31949																
15.000	9558.0	9148.0	10753	9349.0	9047.0	9236.0	9237.0	9295.0	9109.0	9321.0	9032.0	9888.0	38138	32233	30055	32267																
15.021	9392.0	9268.0	11023	9654.0	9050.0	9166.0	9507.0	9642.0	9556.0	9051.0	9286.0	9493.0	37729	32149	29950	31869																
15.041	9490.0	9366.0	10771	9544.0	9191.0	8980.0	9083.0	9718.0	9462.0	8909.0	9559.0	9730.0	37298	32112	30872	32348																
15.063	9431.0	9506.0	11099	9642.0	9238.0	9029.0	9491.0	9391.0	9136.0	8765.0	9449.0	9902.0	37199	32413	30589	32473																
15.084	9336.0	9289.0	11005	9667.0	9001.0	9074.0	9619.0	9462.0	9223.0	9194.0	9347.0	9779.0	38250	32866	30025	32052																
15.104	9751.0	9307.0	10854	9387.0	9018.0	8990.0	9286.0	9139.0	9400.0	9067.0	9209.0	9771.0	37092	32465	29584	31723																
15.125	9609.0	9133.0	11102	9713.0	8947.0	9192.0	9220.0	9569.0	9339.0	9171.0	9490.0	9558.0	37630	32898	29905	32198																
15.146	9362.0	9085.0	10903	9768.0	8891.0	9371.0	9146.0	9508.0	9633.0	8853.0	9316.0	9707.0	37709	32562	29239	31351																
15.166	9479.0	9315.0	11051	9499.0	9119.0	9248.0	9397.0	9545.0	9010.0	9235.0	9402.0	9850.0	37823	32895	30515	32411																
15.188	9919.0	9232.0	11008	9425.0	9379.0	9059.0	9407.0	9496.0	9348.0	9264.0	9091.0	9648.0	38436	32671	30404	32222																
15.209	9586.0	8914.0	10992	9728.0	8976.0	9284.0	9270.0	9425.0	9535.0	9381.0	9580.0	9918.0	37731	32479	29672	31938																
15.229	9408.0	9181.0	11025	9435.0	9026.0	9126.0	9044.0	9458.0	9327.0	9067.0	9410.0	9612.0	38160	33588	30663	32215																
15.250	9372.0	9285.0	10717	9746.0	8904.0	9206.0	9292.0	9462.0	9246.0	9075.0	9624.0	9474.0	37839	32702	29562	31909																
15.271	9471.0	9239.0	11088	9405.0	9269.0	9012.0	9616.0	9403.0	9294.0	9140.0	9394.0	9732.0	38205	32404	29426	31998																
15.291	9518.0	9241.0	11255	9657.0	8988.0	9200.0	9302.0	9522.0	9381.0	9057.0	9331.0	9910.0	38151	32669	29917	32064																
15.313	9525.0	9094.0	11077	9546.0	8883.0	9043.0	9346.0	9621.0	9469.0	8939.0	9811.0	9418.0	37021	32532	30319	32088																
15.334	9543.0	9351.0	11296	9458.0	9200.0	9343.0	9257.0	9624.0	9321.0	9202.0	9305.0	9804.0	37828	33060	29954	32318																
15.354	9623.0	9358.0	11018	9625.0	8962.0	9027.0	9349.0	9550.0	9774.0	9116.0	9712.0	10055	38100	33704	30208	32814																
15.375	9561.0	9076.0	11039	9346.0	8977.0	9016.0	9482.0	9689.0	9428.0	9166.0	9533.0	9913.0	38228	32493	30777	32641																
15.396	9471.0	9161.0	10886	9328.0	9388.0	9351.0	9442.0	9562.0	9591.0	9009.0	9594.0	9540.0	38784	32249	30760	32332																
15.416	9486.0	9131.0	10766	9320.0	8960.0	9150.0	9221.0	9599.0	9559.0	9362.0	9368.0	9755.0	38046	32736	30572	32037																
15.438	9920.0	9323.0	11062	9487.0	9650.0	9094.0	9498.0	9550.0	9240.0	8964.0	9365.0	9647.0	37115	33234	30520	32315																
15.459	9580.0	9518.0	11031	9816.0	8888.0	9191.0	9339.0	9390.0	9424.0	8966.0	9376.0	9853.0	38007	33006	30685	32515																
15.479	9230.0	9248.0	10831	9469.0	8752.0	9432.0	9323.0	9603.0	9408.0	9472.0	9466.0	9787.0	37802	33097	30405	32235																
15.500	9446.0	9180.0	11021	9611.0	9181.0	9125.0	9703.0	9242.0	8956.0	8953.0	9231.0	9733.0	37704	33139	30226	32165																
15.521	9501.0	8923.0	10952	9420.0	9230.0	9061.0	9263.0	9740.0	9474.0	9558.0	9128.0	9670.0	38020	32854	30299	32502																
15.541	9456.0	9192.0	11011	9381.0	9128.0	9240.0	9431.0	9768.0	9535.0	8855.0	9472.0	10135	37744	33328	30527	32047																
15.563	9547.0	9012.0	11013	9844.0	9133.0	9281.0	9531.0	9570.0	9355.0	8969.0	9360.0	9887.0	37945	33352	30575	32100																
15.584	9689.0	9289.0	11011	9646.0	8968.0	9169.0	9572.0	9646.0	9416.0	9135.0	9632.0	9589.0	38004	33562	31045	32683																
15.604	9589.0	9280.0	10772	9671.0	9111.0	9108.0	9467.0	9497.0	9602.0	9041.0	9474.0	9920.0	38223	33517	30961	32528																
15.625	9500.0	9331.0	10779	9320.0	9242.0	8987.0	9409.0	9412.0	9669.0	9093.0	9173.0	9592.0	38154	33631	30636	32123																
15.646	9552.0	9400.0	10988	9430.0	9233.0	9081.0	9315.0	9372.0	9616.0	8993.0	9447.0	9470.0	37982	33204	30480	32642																
15.666	9433.0	9313.0	10941	9549.0	8915.0	9253.0	9244.0	9455.0	9386.0	9233.0	9560.0	9500.0	38108	33435	30861	31995																
15.688	9652.0	9505.0	10982	9169.0	9148.0	8801.0	9756.0	9410.0	9341.0	8915.0	9711.0	10119	37914	33289	30071	32702																
15.709	9667.0	9222.0	10776	9623.0	9419.0	8986.0	9446.0	9613.0	9076.0	8759.0	9573.0	9678.0	38528	32594	30099	32046																
15.729	9497.0	9459.0	10633	9712.0	8761.0	9055.0	9733.0	9510.0	9335.0	9028.0	9526.0	9517.0	38344	33115	30224	32534																
15.750	9377.0	9224.0	10841	9412.0	9087.0	9242.0	9360.0	9410.0	9189.0	8824.0	9667.0	9716.0	38205	33195	31312	32003																
15.771	9553.0	9390.0	11107	9111.0	9173.0	9131.0	9187.0	9504.0	9709.0	8731.0	9747.0	10064	38632	33214	30445	32825																
15.791	9681.0	9534.0	10888	9241.0	9276.0	9365.0	9298.0	9450.0	9333.0	9249.0	9428.0	9458.0	38315	33766	29002	32291																
15.813	9681.0	9274.0	10711	9519.0	9291.0	8976.0	9190.0	9576.0	9234.0	8888.0	9137.0	10091	38297	33258	29757	32553																
15.834	9580.0	9517.0	10705	9339.0	9048.0	9039.0	9250.0	9360.0	9659.0	9103.0	9443.0	10066	38356	32868	29450	32427																
15.854	9727.0	9129.0	11232	9289.0	9501.0	9344.0	9252.0	9212.0	9398.0	8928.0	9416.0	9226.0	37723	33703	30068	32365																
15.875	9520.0	9157.0	10810	9170.0	8926.0	8817.0	9308.0	9369.0	9266.0	9163.0	9546.0	9947.0	38203	33126	30553	32952																
15.896	9215.0	9139.0	10973	9365.0	9041.0	9361.0	9601.0	9592.0	9458.0	9235.0	9330.0	9808.0	38364	33371	29169	32705																
15.916	9455.0	9231.0	11006	9419.0	9057.0	9145.0	9330.0	9594.0	9485.0	9147.0	9711.0	9587.0	38053	33268	30528	32571																
15.938	9409.0	9341.0	11016	9362.0	9132.0	9332.0	9187.0	9474.0	9795.0	9311.0	9442.0	9843.0	38391	33605	29930	32679																
15.959	9706.0	9234.0	10908	9709.0	9173.0	8958.0	9335.0	9350.0	9360.0	8899.0	9458.0	9880.0	38090	34026	29484	32531																
15.979	9832.0	9333.0	10951	9869.0	9192.0	8680.0	9693.0	9459.0	9285.0	9027.0	9356.0	9872.0	38407	33439	29284	32416																
16.000	9671.0	9321.0	10747	9387.0	9118.0	9226.0	9479.0	9339.0	9923.0	8931.0	9625.0	9969.0	38558	32829	30336	32220																
16.021	9357.0	9207.0	10798	9427.0	8951.0	9166.0	9311.0	9701.0	9702.0	8974.0	9206.0	9769.0	38065	33268	30543	33238																
16.041	9645.0	8979.0	10875	9196.0	8935.0	9386.0	9185.0	9184.0	9631.0	9302.0	9254.0	9684.0	37796	33215	30023	32990																
16.063	9416.0	9305.0	11079	9690.0	8957.0	9309.0	9188.0	9475.0	9591.0	8877.0	9139.0	9714.0	38182	33361	30078	32248																
16.084	9709.0	9452.0	10804	9665.0	8938.0	9155.0	9136.0	9528.0	9292.0	9297.0	9520.0	9753.0	38599	33474	30434	32985																
16.104	9369.0	9201.0	10897	9695.0	9083.0	8904.0	9283.0	9411.0	9171.0	9201.0	9315.0	9804.0	38475	33171	29494	32607																
16.125	9719.0	9254.0	10737	9428.0	9293.0	9318.0	9801.0	9250.0	9499.0	9209.0	9458.0	9940.0	38219	33707	30032	32617																
16.146	9453.0	9135.0	10754	9375.0	9104.0	8863.0	9066.0	9248.0	9545.0	9192.0	9255.0	9985.0	38382	33521	30105	31838																
16.166	9151.0	9387.0	10995	9274.0	9240.0	9061.0	9560.0	9669.0	9454.0	9035.0	9387.0	10098	38798	33824	29818	33241																
16.188	9771.0	9389.0	10900	9509.0	8873.0	9139.0	9738.0	9517.0	9568.0	9145.0	9570.0	9772.0	38005	33537	31060	32890																
16.209	9433.0	9321.0	10888	9519.0	9076.0	9050.0	9606.0	9427.0	9530.0	8962.0	9806.0	9988.0	38293	34095	31222	33024																
16.229	9493.0	9433.0	11086	9485.0	9209.0	9172.0	9644.0	9444.0	9491.0	9107.0	9404.0	9980.0	38724	34115	30284	32028																
16.250	9530.0	8842.0	11067	9493.0	8920.0	8877.0	9183.0	9439.0	9604.0	9109.0	9636.0	9986.0	38756	33888	30213	32685																
16.271	9244.0	9554.0	11000	9296.0	9051.0	9439.0	9040.0	9259.0	9328.0	9022.0	9600.0	9702.0	38422	34160	30967	33082																
16.291	9656.0	9245.0	10934	9432.0	9019.0	9133.0	9490.0	9421.0	9261.0	9165.0	9782.0	9784.0	38592	33729	30539	33052																
16.313	9326.0	9058.0	10989	9672.0	9073.0	8958.0	9351.0	9523.0	9267.0	9182.0	9394.0	9814.0	38764	33775	30107	32656																
16.334	9646.0	9411.0	10855	9513.0	8814.0	9230.0	9639.0	9299.0	9617.0	9318.0	9665.0	9830.0	38494	33915	30530	32382																
16.354	9785.0	9414.0	10858	9597.0	9285.0	8991.0	9313.0	9389.0	9031.0	8777.0	9450.0	9759.0	38814	32914	29558	32469																
16.375	9395.0	9359.0	10689	9316.0	8596.0	8966.0	9266.0	9379.0	9619.0	9080.0	9233.0	10210	38569	33629	30349	33338																
16.396	9375.0	9232.0	11050	9486.0	8937.0	9050.0	9406.0	9534.0	9220.0	9320.0	9621.0	10030	38042	33870	30272	33169																
16.416	9278.0	9238.0	10905	9496.0	8832.0	9040.0	9364.0	9322.0	9453.0	9319.0	9374.0	10122	38452	33817	30721	33136																
16.438	9703.0	9348.0	11087	9264.0	8970.0	9294.0	9445.0	9288.0	9606.0	9531.0	9503.0	9639.0	38727	33290	30298	32540																
16.459	9635.0	9140.0	10625	9360.0	9364.0	9316.0	9480.0	9640.0	9546.0	8914.0	9347.0	9529.0	38415	33843	31352	32835																
16.479	9704.0	9218.0	10909	9548.0	9037.0	9255.0	9448.0	9636.0	9579.0	9051.0	9439.0	9374.0	38710	34187	30991	33132																
16.500	9380.0	8993.0	10954	9681.0	9071.0	9172.0	9323.0	9493.0	9634.0	9295.0	9578.0	9752.0	38335	33807	30293	33173																
16.521	9501.0	9031.0	10871	9441.0	9414.0	9212.0	9476.0	9348.0	9312.0	9164.0	9560.0	9792.0	39069	33360	30792	32584																
16.541	9406.0	9241.0	10651	9681.0	8977.0	9268.0	9421.0	9471.0	9146.0	8788.0	9515.0	10069	38629	34013	31000	32863																
16.563	9452.0	9291.0	10917	9551.0	9012.0	9068.0	9698.0	9550.0	9349.0	9020.0	9572.0	9952.0	39706	33976	30723	32858																
16.584	9353.0	9349.0	11057	9802.0	8887.0	9030.0	9552.0	9478.0	9534.0	9367.0	9539.0	9903.0	38471	33711	30849	33437																
16.604	9675.0	9186.0	10929	9556.0	9262.0	9002.0	9248.0	9393.0	9432.0	9197.0	9568.0	9654.0	39172	34421	30770	32537																
16.625	9810.0	9169.0	10533	9731.0	9212.0	9112.0	9281.0	9243.0	9558.0	9055.0	9629.0	9581.0	39174	33784	30627	33456																
16.646	9602.0	9462.0	10805	9631.0	9014.0	9141.0	9097.0	9406.0	9300.0	9269.0	9445.0	9641.0	38506	34677	30420	32894																
16.666	9581.0	9229.0	10987	9529.0	8906.0	9148.0	9295.0	9378.0	9442.0	9029.0	9481.0	9851.0	39227	34206	30541	33190																
16.688	9483.0	9424.0	10713	9707.0	8970.0	9051.0	9133.0	9409.0	9132.0	9199.0	9317.0	10155	38824	33926	31094	33020																
16.709	9615.0	9201.0	11369	9400.0	9062.0	9120.0	9414.0	9368.0	9519.0	8990.0	9436.0	9957.0	39590	34356	31230	32889																
16.729	9366.0	9226.0	11174	9677.0	9226.0	9116.0	9595.0	9467.0	9489.0	9207.0	9711.0	9570.0	37952	34058	31275	33543																
16.750	9498.0	9242.0	10934	9663.0	9135.0	9079.0	9189.0	9488.0	9703.0	9325.0	9208.0	10028	38458	34292	31672	33121																
16.771	9606.0	9189.0	10732	9751.0	9023.0	8961.0	9589.0	9380.0	9531.0	9206.0	9291.0	9637.0	38526	34222	31439	33436																
16.791	9582.0	9220.0	10988	9431.0	9274.0	9235.0	9685.0	9588.0	9660.0	9388.0	9478.0	9810.0	38911	34190	31639	32868																
16.813	9459.0	9124.0	10941	9204.0	8992.0	9178.0	9266.0	9378.0	9702.0	9393.0	9409.0	9936.0	38878	33167	30655	32868																
16.834	9420.0	9717.0	10702	9620.0	9235.0	9295.0	9203.0	9622.0	9835.0	9168.0	9457.0	9841.0	38954	33931	31788	33494																
16.854	9483.0	9052.0	10967	9270.0	9254.0	9112.0	9264.0	9268.0	9997.0	9134.0	9346.0	9902.0	39183	34159	31475	33365																
16.875	9495.0	9073.0	11081	9756.0	8928.0	9096.0	9622.0	9726.0	9589.0	8979.0	9558.0	10224	38715	34235	31646	33538																
16.896	9535.0	8990.0	11131	9334.0	9040.0	9132.0	9454.0	9123.0	9540.0	9279.0	9447.0	10096	38483	34196	30975	33099																
16.916	9469.0	9587.0	10833	9517.0	8979.0	8971.0	9364.0	9493.0	9375.0	8999.0	9738.0	9786.0	38768	33804	31096	32943																
16.938	9392.0	8776.0	11065	9428.0	9314.0	9119.0	9529.0	9829.0	9559.0	9138.0	9487.0	9907.0	39033	34110	30896	33316																
16.959	9522.0	9118.0	11114	9230.0	8930.0	9304.0	9336.0	9324.0	9791.0	9143.0	9615.0	9645.0	38614	34421	30807	33195																
16.979	9458.0	9094.0	11070	9703.0	9140.0	9054.0	9263.0	9747.0	9771.0	9255.0	9569.0	9830.0	39109	34383	31706	33370																
17.000	9216.0	9226.0	10839	9293.0	9073.0	9222.0	9821.0	9611.0	9396.0	9039.0	9267.0	9778.0	39262	34503	31238	32699																
17.021	9680.0	9115.0	10653	9360.0	9036.0	9022.0	9021.0	9325.0	9541.0	8985.0	9455.0	9991.0	38644	34649	31391	33418																
17.041	9572.0	9397.0	10934	9485.0	9226.0	8782.0	9403.0	9589.0	9726.0	9050.0	9138.0	9844.0	38737	33904	30847	33595																
17.063	9776.0	9341.0	10846	9539.0	9396.0	9141.0	9262.0	9436.0	9613.0	9247.0	9245.0	9795.0	38698	35098	31136	33262																
17.084	9465.0	9159.0	11048	9705.0	9400.0	9267.0	9381.0	9227.0	9664.0	9006.0	9865.0	10189	38888	34832	30720	33146																
17.104	9370.0	9421.0	10948	9726.0	9166.0	9040.0	9615.0	9492.0	9608.0	9190.0	9358.0	10189	38620	34414	31435	33513																
17.125	9534.0	9592.0	11105	9416.0	9168.0	9234.0	9340.0	9403.0	9413.0	9085.0	9576.0	9738.0	38858	34030	30888	33659																
17.146	9628.0	9159.0	10739	9306.0	8981.0	9334.0	9176.0	9272.0	9780.0	8898.0	9706.0	9877.0	39290	34158	31080	33729																
17.166	9705.0	9290.0	10663	9621.0	9253.0	9320.0	9476.0	9409.0	9590.0	9345.0	9356.0	9821.0	38864	35238	31317	33849																
17.188	9581.0	9493.0	11022	9287.0	8999.0	9312.0	9182.0	9426.0	9726.0	8921.0	9401.0	10031	39489	34582	31677	33305																
17.209	9487.0	9232.0	10982	9546.0	9290.0	8793.0	9569.0	9514.0	9452.0	9101.0	9340.0	9781.0	38879	34851	30855	33622																
17.229	9317.0	9237.0	11081	9422.0	9138.0	9030.0	9216.0	9512.0	9714.0	8789.0	9371.0	9950.0	38813	35175	31561	33517																
17.250	9638.0	9161.0	10735	9471.0	9147.0	9281.0	9321.0	9415.0	9714.0	8758.0	9595.0	10062	39221	34257	31145	33702																
17.271	9429.0	9083.0	10840	9488.0	9119.0	9107.0	9443.0	9367.0	9516.0	9019.0	9643.0	9755.0	38889	34188	30690	33972																
17.291	9655.0	9250.0	11212	9166.0	9162.0	8948.0	9181.0	9339.0	9876.0	9063.0	9355.0	9766.0	38800	34968	31187	33296																
17.313	9401.0	9271.0	11035	9618.0	8899.0	9160.0	9437.0	9258.0	9428.0	9194.0	9901.0	9932.0	39254	34797	30903	34021																
17.334	9258.0	9533.0	10772	9398.0	9215.0	8994.0	9413.0	9471.0	9563.0	9138.0	9403.0	10276	38815	34620	31426	33710																
17.354	9631.0	9140.0	10887	9671.0	8880.0	9073.0	9377.0	9381.0	9531.0	8855.0	9542.0	10134	38882	34306	30963	33231																
17.375	9547.0	8990.0	10791	9438.0	8887.0	9227.0	9079.0	9475.0	9426.0	9329.0	9518.0	9903.0	38927	35113	30618	34161																
17.396	9358.0	9119.0	10828	9065.0	9075.0	9328.0	9229.0	9383.0	9559.0	9162.0	9633.0	9608.0	38226	34533	30596	33995																
17.416	9433.0	9171.0	10751	9573.0	8899.0	9035.0	9527.0	9450.0	9435.0	9097.0	9535.0	10184	39328	34226	30995	33859																
17.438	9320.0	9067.0	10705	9165.0	9030.0	9152.0	9615.0	9429.0	9707.0	9162.0	9599.0	9978.0	38795	34564	30835	34005																
17.459	9710.0	9099.0	10836	9145.0	9129.0	9024.0	9224.0	9259.0	9778.0	9263.0	9673.0	9992.0	39236	34713	30600	34351																
17.479	9294.0	8974.0	10845	9621.0	9241.0	9156.0	9378.0	9413.0	9719.0	9183.0	9278.0	10112	39915	34338	30129	34274																
17.500	9537.0	8921.0	10624	9424.0	8860.0	9087.0	9310.0	9438.0	9549.0	9037.0	9818.0	9886.0	39097	34509	30280	33539																
17.521	9674.0	9337.0	10811	9477.0	9004.0	8873.0	9521.0	9636.0	9892.0	8922.0	9541.0	9774.0	39620	34184	30406	34287																
17.541	9511.0	9407.0	11146	9726.0	9164.0	9072.0	9051.0	9218.0	9699.0	9170.0	9533.0	10115	39373	34331	30853	34101																
17.563	9293.0	9235.0	11050	9387.0	8722.0	8971.0	9356.0	9393.0	9736.0	8989.0	9642.0	9987.0	39099	34836	30384	33982																
17.584	9756.0	9106.0	11004	9393.0	9205.0	9189.0	9398.0	9386.0	9439.0	9036.0	9834.0	9865.0	38874	34551	30272	34711																
17.604	9477.0	9284.0	10861	9097.0	9489.0	9283.0	9087.0	9622.0	9858.0	8929.0	9499.0	9719.0	39234	34625	30195	33958																
17.625	9294.0	9006.0	10860	9438.0	9255.0	8837.0	9219.0	9538.0	10009	9125.0	9563.0	9837.0	39134	34884	30409	33750																
17.646	9301.0	9209.0	10982	9375.0	8870.0	9166.0	9715.0	9250.0	9684.0	9102.0	9664.0	9995.0	39601	34494	30755	34020																
17.666	9522.0	9194.0	11200	9230.0	9118.0	9192.0	9869.0	9393.0	9742.0	9129.0	9543.0	9774.0	39709	35374	30345	34193																
17.688	9516.0	9296.0	10745	9567.0	9103.0	8944.0	8972.0	9494.0	9766.0	9217.0	9312.0	10234	39036	34847	30157	33413																
17.709	9103.0	9191.0	11057	9371.0	8988.0	9075.0	9344.0	9237.0	9725.0	9164.0	9749.0	10169	39348	35444	30405	33180																
17.729	9618.0	9026.0	10830	9622.0	9066.0	9148.0	9253.0	9397.0	9758.0	9152.0	9348.0	10100	39391	35304	30149	33597																
17.750	9325.0	9056.0	10896	9413.0	8680.0	9223.0	9550.0	9501.0	10151	9051.0	9433.0	10155	39466	34809	29964	33991																
17.771	9884.0	9128.0	11173	9644.0	8981.0	9035.0	9155.0	9469.0	9789.0	9166.0	9293.0	10131	39201	35020	30963	34278																
17.791	9369.0	9110.0	10853	9445.0	8937.0	9102.0	9183.0	9496.0	9576.0	9051.0	9103.0	10093	38982	35426	30361	33939																
17.813	9675.0	9421.0	10618	9443.0	8971.0	9133.0	9534.0	9313.0	9604.0	9212.0	9566.0	10271	40526	34799	30294	33761																
17.834	9483.0	9301.0	10836	9330.0	9253.0	9146.0	9784.0	9185.0	9978.0	9090.0	9305.0	9932.0	39514	35328	29918	34289																
17.854	9454.0	9131.0	10699	9272.0	8819.0	9295.0	9369.0	9256.0	9842.0	9500.0	9859.0	10090	39141	34897	31225	33709																
17.875	9586.0	8995.0	11268	9480.0	9307.0	9306.0	9504.0	9100.0	10080	9304.0	9592.0	10203	39434	35498	30391	34227																
17.896	9427.0	9295.0	10819	9267.0	8733.0	9114.0	8997.0	9228.0	9673.0	9209.0	9488.0	10190	39216	34846	30522	34007																
17.916	9360.0	9357.0	10800	9326.0	9206.0	8988.0	9184.0	9508.0	9854.0	9411.0	9485.0	10099	39593	35576	30739	34317																
17.938	9512.0	9065.0	10651	9343.0	9013.0	9167.0	9347.0	9528.0	9765.0	9109.0	9891.0	9989.0	39564	35028	30774	34180																
17.959	9583.0	9093.0	11129	9376.0	8947.0	8962.0	9393.0	9503.0	9846.0	9293.0	9428.0	10152	39673	34778	30819	34036																
17.979	9633.0	9378.0	10970	9404.0	9022.0	9012.0	9593.0	9587.0	9531.0	9107.0	9300.0	10147	39798	34592	30053	33772																
18.000	9668.0	8761.0	11019	9217.0	8924.0	9100.0	9463.0	9608.0	9589.0	9189.0	9505.0	9998.0	39026	34089	30054	34215																
18.021	9620.0	9254.0	10675	9365.0	9213.0	9237.0	9639.0	9216.0	9716.0	9141.0	9516.0	9945.0																				
18.041	9688.0	9128.0	10838	9608.0	9030.0	9212.0	9351.0	9429.0	10434	9012.0	9635.0	10099																				
18.063	9739.0	9203.0	10964	9513.0	8991.0	8931.0	9392.0	9405.0	9723.0	9281.0	9553.0	10073																				
18.084	9905.0	9255.0	10888	9435.0	9152.0	8942.0	9264.0	9334.0	9637.0	9240.0	9497.0	10204																				
18.104	9378.0	9444.0	11185	9531.0	9061.0	9423.0	9160.0	9482.0	9845.0	9003.0	9748.0	9985.0																				
18.125	9700.0	9166.0	11027	9355.0	8759.0	9267.0	9363.0	9577.0	9990.0	9149.0	9714.0	9745.0																				
18.146	9673.0	9225.0	11232	9514.0	9133.0	9138.0	9464.0	9405.0	10019	8986.0	9641.0	10453																				
18.166	9364.0	9264.0	10893	9246.0	8875.0	9203.0	9566.0	9715.0	9969.0	9199.0	9541.0	9939.0																				
18.188	9305.0	9303.0	10900	9459.0	9102.0	8932.0	9371.0	9419.0	9298.0	9055.0	9569.0	9933.0																				
18.209	9549.0	9308.0	11187	9434.0	9380.0	9077.0	9464.0	9423.0	10122	8759.0	9742.0	9914.0																				
18.229	8909.0	9248.0	10587	9310.0	9014.0	9218.0	9284.0	9409.0	9622.0	9185.0	9733.0	9774.0																				
18.250	9322.0	9287.0	10918	9319.0	9162.0	9122.0	9430.0	9409.0	9958.0	8856.0	9705.0	10202																				
18.271	9231.0	9304.0	10877	9388.0	9120.0	9410.0	9031.0	9505.0	9628.0	8920.0	9504.0	10176																				
18.291	9615.0	9326.0	11115	9802.0	8962.0	9111.0	9457.0	9551.0	9677.0	9036.0	9404.0	10002																				
18.313	9445.0	9424.0	10887	9511.0	9229.0	8913.0	9259.0	9192.0	9817.0	9042.0	9685.0	10253																				
18.334	9045.0	9096.0	10604	9551.0	8933.0	9008.0	9687.0	9630.0	10107	9389.0	9502.0	10647																				
18.354	9357.0	9180.0	10729	9155.0	9033.0	9053.0	9426.0	9312.0	9887.0	9141.0	9500.0	10219																				
18.375	9388.0	9087.0	10899	9287.0	9586.0	9160.0	9497.0	9023.0	9744.0	9167.0	9741.0	10109																				
18.396	9672.0	9335.0	10549	9402.0	9052.0	9299.0	9502.0	9556.0	9971.0	8973.0	9856.0	10291																				
18.416	9372.0	9485.0	11060	9380.0	9241.0	9068.0	9232.0	9450.0	9605.0	9014.0	9593.0	10444																				
18.438	9426.0	9117.0	11075	9357.0	9486.0	9282.0	9524.0	9489.0	9892.0	9310.0	9447.0	10340																				
18.459	9669.0	8869.0	10992	9665.0	8978.0	9101.0	9509.0	9316.0	10155	9301.0	9458.0	10222																				
18.479	9548.0	9427.0	10632	9435.0	8931.0	9057.0	9075.0	9242.0	9941.0	9277.0	10033	10017																				
18.500	9448.0	9282.0	10886	9425.0	9004.0	9002.0	9102.0	9485.0	10144	9575.0	10033	9936.0																				
18.521	9525.0	9293.0	10913	9332.0	8996.0	9014.0	9491.0	9524.0	10237	9076.0	9596.0	10323																				
18.541	9817.0	9132.0	10760	9179.0	8994.0	8845.0	9091.0	9182.0	9875.0	9263.0	9880.0	10116																				
18.563	9489.0	9192.0	10922	9172.0	8757.0	9087.0	9078.0	9505.0	9900.0	8907.0	9810.0	10467																				
18.584	9275.0	9190.0	10930	9284.0	8937.0	9172.0	9482.0	9438.0	10069	9289.0	9677.0	9994.0																				
18.604	9731.0	9146.0	10946	9393.0	9008.0	9088.0	9474.0	9451.0	9918.0	9084.0	9613.0	10093																				
18.625	9310.0	9003.0	10939	9796.0	8866.0	8945.0	9407.0	9402.0	9783.0	8945.0	9658.0	10331																				
18.646	9688.0	9042.0	11152	9615.0	9336.0	9158.0	9487.0	9485.0	9717.0	9364.0	9968.0	10570																				
18.666	9354.0	9245.0	10625	9237.0	9017.0	9134.0	9356.0	9184.0	9850.0	9164.0	9698.0	10351																				
18.688	9514.0	9320.0	11112	9562.0	8825.0	9185.0	9295.0	9395.0	9922.0	9229.0	9579.0	10465																				
18.709	9582.0	9013.0	10809	9469.0	8972.0	9499.0	9411.0	9398.0	10136	9269.0	9485.0	10192																				
18.729	9491.0	9369.0	10729	9155.0	9161.0	8845.0	9085.0	9368.0	10245	9377.0	9714.0	10313																				
18.750	9641.0	9149.0	10892	9213.0	9098.0	8850.0	9285.0	9451.0	10137	9153.0	9298.0	10521																				
18.771	9527.0	9278.0	11037	9505.0	8973.0	8963.0	9396.0	9269.0	10159	9238.0	9798.0	10338																				
18.791	9688.0	9316.0	10817	9763.0	8948.0	9335.0	9268.0	9550.0	9748.0	9154.0	9675.0	10462																				
18.813	9264.0	9092.0	11027	9526.0	9148.0	8945.0	9408.0	9529.0	9919.0	9394.0	9947.0	10326																				
18.834	9130.0	9509.0	10688	9374.0	9054.0	8870.0	9491.0	9144.0	9783.0	8996.0	9707.0	10595																				
18.854	9609.0	9018.0	10831	9138.0	8806.0	9272.0	9427.0	9591.0	10114	9094.0	9503.0	10851																				
18.875	9403.0	9207.0	10950	9145.0	8972.0	9070.0	9403.0	9564.0	9948.0	9127.0	9646.0	10507																				
18.896	9554.0	9072.0	10802	9242.0	9120.0	8958.0	9315.0	9874.0	10230	9221.0	9354.0	10341																				
18.916	9642.0	8945.0	10892	9165.0	9232.0	9261.0	9288.0	9465.0	10156	9117.0	9770.0	10403																				
18.938	9454.0	9144.0	10774	9577.0	9172.0	8816.0	9378.0	9879.0	10067	9246.0	9565.0	10706																				
18.959	9287.0	9001.0	11062	9590.0	9285.0	9230.0	9331.0	9296.0	10146	9428.0	9833.0	10537																				
18.979	9415.0	8985.0	10838	9503.0	9036.0	8838.0	9239.0	9311.0	10152	8794.0	9804.0	10679																				
19.000	9393.0	9392.0	10955	9551.0	9025.0	8974.0	9559.0	9454.0	10115	9219.0	10014	10327																				
19.021	9246.0	9228.0	11244	9427.0	9311.0	9068.0	9492.0	9448.0	10075	8971.0	9694.0	10381																				
19.041	9658.0	8978.0	11165	9389.0	9051.0	8650.0	9122.0	9977.0	10055	9307.0	9686.0	10456																				
19.063	9222.0	9111.0	10967	9553.0	9408.0	8730.0	9380.0	9647.0	10372	9252.0	9569.0	10617																				
19.084	8787.0	8913.0	11044	9171.0	9445.0	9283.0	9234.0	9554.0	10333	9192.0	9776.0	10617																				
19.104	9480.0	8939.0	10841	9604.0	8938.0	9121.0	9261.0	9544.0	10254	9040.0	9583.0	10926																				
19.125	9425.0	8971.0	10966	9400.0	8857.0	8900.0	9280.0	9621.0	10385	9293.0	9774.0	10509																				
19.146	9459.0	9206.0	11005	9820.0	9143.0	9163.0	9340.0	9565.0	9857.0	8958.0	9948.0	10325																				
19.166	9602.0	9222.0	10878	9697.0	9156.0	9066.0	9345.0	9704.0	9766.0	9423.0	9655.0	10784																				
19.188	9458.0	9184.0	10825	9668.0	9306.0	9017.0	9255.0	9318.0	10145	9319.0	9799.0	10538																				
19.209	9161.0	8939.0	11096	9847.0	9084.0	9019.0	9768.0	9543.0	10130	9194.0	9706.0	10506																				
19.229	9433.0	9316.0	10811	9439.0	9312.0	9184.0	9303.0	9345.0	10081	9099.0	9669.0	10682																				
19.250	9134.0	9462.0	11081	9386.0	9008.0	8936.0	9377.0	9446.0	10206	9148.0	9692.0	11037																				
19.271	9485.0	9067.0	10941	9393.0	8754.0	9262.0	9272.0	9391.0	10218	9414.0	9806.0	10110																				
19.291	9349.0	9415.0	11141	9613.0	8948.0	8894.0	9022.0	9509.0	10549	9283.0	9784.0	10444																				
19.313	9417.0	9200.0	10900	9525.0	9190.0	9379.0	9312.0	9517.0	10327	9521.0	9661.0	10840																				
19.334	9602.0	8969.0	11166	9264.0	8971.0	9171.0	9209.0	9491.0	10436	9304.0	9511.0	10505																				
19.354	9510.0	9100.0	10794	9311.0	9047.0	9477.0	9245.0	9553.0	10209	9306.0	9601.0	10842																				
19.375	9595.0	9211.0	11127	9490.0	9216.0	9139.0	9377.0	8969.0	10200	9363.0	9838.0	11354																				
19.396	9541.0	8849.0	10701	9447.0	9195.0	8982.0	8958.0	9113.0	9958.0	9021.0	9862.0	11186																				
19.416	9655.0	9097.0	11053	9754.0	8967.0	9051.0	9116.0	9742.0	9896.0	9270.0	9524.0	10489																				
19.438	9746.0	9301.0	10921	9303.0	9116.0	9030.0	9418.0	9487.0	10018	9670.0	9840.0	11032																				
19.459	9541.0	9018.0	10940	9603.0	9159.0	9003.0	9185.0	9620.0	10494	9002.0	9796.0	11021																				
19.479	9588.0	8823.0	10871	9782.0	9021.0	9172.0	9202.0	9456.0	10253	9118.0	9601.0	10830																				
19.500	9667.0	9119.0	10919	9145.0	8906.0	9366.0	9072.0	9495.0	10002	9300.0	9837.0	11232																				
19.521	9442.0	9455.0	11033	9518.0	9172.0	9210.0	9284.0	9532.0	10368	9173.0	9918.0	11380																				
19.541	9211.0	9393.0	10911	9507.0	8989.0	9197.0	9174.0	9489.0	10006	9342.0	9628.0	10743																				
19.563	9395.0	8841.0	11058	9444.0	9070.0	9482.0	9210.0	9120.0	10267	9074.0	9715.0	11283																				
19.584	9456.0	9151.0	10965	9298.0	9232.0	9266.0	9267.0	9317.0	10147	9085.0	9877.0	11401																				
19.604	9190.0	9179.0	10736	9318.0	8799.0	8838.0	9185.0	9653.0	10097	9448.0	9628.0	11194																				
19.625	9601.0	8966.0	10968	9042.0	9265.0	8967.0	9448.0	9706.0	10463	9138.0	9811.0	10998																				
19.646	9459.0	9005.0	10946	9347.0	8797.0	9309.0	9044.0	8986.0	10520	8974.0	9812.0	11273																				
19.666	9320.0	9488.0	11284	9425.0	9051.0	8842.0	9396.0	9280.0	10594	9204.0	9769.0	11253																				
19.688	9258.0	9296.0	11285	9337.0	9083.0	9310.0	9437.0	9773.0	10358	9550.0	9938.0	11485																				
19.709	9535.0	9092.0	11364	9413.0	9163.0	9170.0	9248.0	9425.0	10252	9255.0	9794.0	11113																				
19.729	9463.0	9387.0	10983	9314.0	8727.0	9040.0	9404.0	9361.0	10253	9231.0	10033	11229																				
19.750	9266.0	9225.0	10948	9336.0	8890.0	9145.0	9375.0	9377.0	10306	9153.0	9800.0	10945																				
19.771	9445.0	9004.0	10689	9509.0	9128.0	8999.0	9381.0	9600.0	10453	9245.0	9542.0	11664																				
19.791	9446.0	9118.0	11030	9318.0	9061.0	8986.0	9363.0	9323.0	10646	9302.0	9942.0	11366																				
19.813	9304.0	9299.0	10946	9443.0	8743.0	9184.0	9146.0	9460.0	10139	9605.0	9958.0	11481																				
19.834	9404.0	9323.0	10777	9269.0	8880.0	8926.0	9288.0	8897.0	10504	9421.0	9808.0	11216																				
19.854	9365.0	9031.0	10950	9523.0	9138.0	9178.0	9165.0	9364.0	10370	9305.0	9952.0	11361																				
19.875	9221.0	9216.0	11120	9820.0	9072.0	9297.0	9300.0	9130.0	10102	9156.0	9901.0	11466																				
19.896	9397.0	9414.0	10749	9475.0	9276.0	8845.0	9123.0	9481.0	10432	9482.0	9900.0	11723																				
19.916	8977.0	8978.0	11061	9203.0	9204.0	8869.0	9309.0	9354.0	10402	8992.0	9697.0	11647																				
19.938	9077.0	9047.0	10756	9310.0	8895.0	9059.0	8979.0	9485.0	10453	9277.0	10084	11640																				
19.959	9459.0	9432.0	11110	9347.0	9090.0	9183.0	9342.0	9728.0	10568	9455.0	9709.0	11417																				
19.979	9489.0	9156.0	11051	9547.0	8709.0	9137.0	9613.0	9391.0	10443	9188.0	9709.0	11400																				
20.000	9788.0	9059.0	11062	9286.0	8932.0	9086.0	9453.0	9241.0	10590	9267.0	9674.0	11724																				
20.021	9589.0	9248.0	10767	9274.0	8925.0	9131.0	9353.0	9571.0	10302	9266.0	10279	11360																				
20.041	9247.0	8792.0	11100	9412.0	9124.0	8885.0	9112.0	9402.0	10342	9283.0	9552.0	11768																				
20.062	9535.0	9173.0	11239	9515.0	8999.0	9341.0	9578.0	9403.0	10373	9144.0	9738.0	11355																				
20.084	9349.0	9177.0	11147	9591.0	8877.0	8879.0	9080.0	9573.0	10628	9111.0	9812.0	11826																				
20.104	9198.0	9044.0	10951	9355.0	8980.0	8992.0	9407.0	9612.0	10348	9117.0	9666.0	11787																				
20.125	9252.0	8735.0	10815	9324.0	9099.0	9173.0	9130.0	9429.0	10482	9239.0	9774.0	11717																				
20.146	9482.0	9312.0	10962	9491.0	9038.0	9181.0	9368.0	9108.0	10020	9345.0	10040	11565																				
20.166	9653.0	9240.0	10885	9517.0	9313.0	9190.0	9699.0	9728.0	10118	9242.0	9893.0	11823																				
20.187	9726.0	9176.0	10865	9060.0	9034.0	9209.0	9165.0	9370.0	10376	9142.0	9838.0	12103																				
20.209	9657.0	9161.0	11160	9375.0	9299.0	9221.0	9138.0	9488.0	10445	9183.0	9525.0	12137																				
20.229	9372.0	9210.0	11052	9316.0	8883.0	8884.0	9234.0	9387.0	10147	9366.0	9849.0	11873																				
20.250	9126.0	9166.0	10679	9598.0	8988.0	8907.0	9262.0	9188.0	10239	9228.0	9795.0	11746																				
20.271	9407.0	9585.0	10863	9283.0	9110.0	9161.0	9233.0	9714.0	10364	9424.0	9980.0	11912																				
20.291	9565.0	9350.0	10718	9358.0	9327.0	9211.0	9547.0	9261.0	10570	9424.0	9812.0	12002																				
20.312	9706.0	9087.0	10761	9310.0	8769.0	9287.0	9368.0	9336.0	10178	9014.0	9620.0	12018																				
20.334	9581.0	9183.0	11197	9300.0	8981.0	9033.0	9224.0	9688.0	10668	9249.0	9841.0	12532																				
20.354	9431.0	8927.0	10893	9841.0	9338.0	9625.0	9736.0	9463.0	10599	9186.0	9832.0	12096																				
20.375	9398.0	9124.0	10891	9543.0	9298.0	9007.0	9326.0	9346.0	10385	9270.0	10014	12153																				
20.396	9324.0	9000.0	10761	9427.0	9268.0	9099.0	9473.0	9381.0	10538	9239.0	9938.0	12592																				
20.416	9391.0	8934.0	10643	9350.0	8700.0	9073.0	9483.0	9462.0	10637	9220.0	9687.0	12293																				
20.438	9194.0	9161.0	11391	9582.0	9147.0	9471.0	9091.0	9382.0	10336	9232.0	10272	13082																				
20.459	9516.0	8887.0	11098	9564.0	8907.0	9262.0	9412.0	9348.0	10398	9126.0	9880.0	12474																				
20.479	9574.0	9178.0	10961	9547.0	9101.0	9157.0	9210.0	9151.0	10621	9530.0	9916.0	12605																				
20.500	9539.0	9282.0	10931	9133.0	8742.0	9239.0	9175.0	9434.0	10444	9510.0	9919.0	12636																				
20.521	9453.0	9020.0	11199	9489.0	9150.0	9095.0	9361.0	9309.0	10879	9716.0	9892.0	12616																				
20.541	9494.0	9265.0	11007	9376.0	9048.0	9079.0	9565.0	9304.0	10673	9110.0	10048	12705																				
20.562	9428.0	9033.0	10887	9156.0	8969.0	9327.0	9505.0	9201.0	10398	9369.0	10152	12651																				
20.584	9747.0	9151.0	11155	9285.0	9039.0	8867.0	9767.0	9301.0	10623	9296.0	9900.0	13138																				
20.604	9387.0	9014.0	10556	9230.0	8892.0	8926.0	9564.0	9119.0	10674	9343.0	9727.0	13143																				
20.625	9846.0	8890.0	11072	9544.0	8838.0	9364.0	9562.0	9351.0	10892	9131.0	10297	12742																				
20.646	9550.0	9155.0	10564	9355.0	8853.0	9379.0	9486.0	9345.0	10599	9448.0	9673.0	13068																				
20.666	9297.0	9262.0	10623	9432.0	8889.0	9138.0	9355.0	9207.0	10434	9327.0	9720.0	13052																				
20.687	9553.0	9061.0	10780	9477.0	9031.0	9086.0	9211.0	9458.0	10666	9357.0	10003	13048																				
20.709	9418.0	9113.0	10898	9512.0	9071.0	9444.0	9453.0	9432.0	10153	9279.0	9443.0	13038																				
20.729	9518.0	9000.0	10996	9593.0	8782.0	9223.0	9211.0	9325.0	10392	9511.0	10161	13469																				
20.750	9935.0	9043.0	10825	9264.0	9098.0	9215.0	9346.0	9920.0	10608	9372.0	9724.0	13332																				
20.771	9369.0	9135.0	11072	9476.0	9305.0	9169.0	9342.0	9383.0	10200	9200.0	9945.0	13802																				
20.791	9523.0	9173.0	10897	9491.0	9191.0	9114.0	9216.0	9526.0	10618	9348.0	9751.0	14390																				
20.812	9483.0	9222.0	11114	9496.0	9159.0	9193.0	9389.0	9779.0	10773	9560.0	9928.0	14885																				
20.834	9848.0	8961.0	11231	9218.0	9274.0	9216.0	9296.0	9254.0	10658	9495.0	10291	15456																				
20.854	9340.0	9012.0	10947	9437.0	8823.0	9433.0	9609.0	9432.0	10918	9780.0	9988.0	15687																				
20.875	9348.0	9091.0	11071	9293.0	9131.0	8992.0	9250.0	9258.0	10395	9466.0	10180	15656																				
20.896	9366.0	9218.0	11146	9221.0	8795.0	9184.0	9503.0	9656.0	10643	9260.0	9848.0	16396																				
20.916	9208.0	9123.0	10787	9486.0	9147.0	9104.0	9604.0	9791.0	10596	9272.0	10157	16339																				
20.937	9415.0	9227.0	10717	9553.0	8924.0	9575.0	9468.0	9503.0	10790	9449.0	10082	17521																				
20.959	9501.0	8933.0	10675	9460.0	9402.0	9142.0	9205.0	9593.0	10579	9367.0	10197	17999																				
20.979	9497.0	9331.0	10867	9637.0	9119.0	9216.0	9530.0	9807.0	10387	9345.0	9629.0	18461																				
21.000	9645.0	8993.0	11380	9496.0	8709.0	9146.0	9325.0	9843.0	10503	9451.0	9866.0	19467																				
21.021	9488.0	8963.0	10770	9730.0	9073.0	9497.0	9218.0	9192.0	10869	9174.0	10417	19308																				
21.041	9545.0	9228.0	10722	9279.0	8801.0	9433.0	9272.0	9335.0	10738	9209.0	10326	20770																				
21.063	9369.0	9277.0	10543	9556.0	9168.0	9095.0	9289.0	9682.0	10732	9448.0	10093	20998																				
21.084	9364.0	9224.0	10751	9655.0	9087.0	9259.0	9350.0	9413.0	10979	9283.0	9942.0	22248																				
21.104	9389.0	9160.0	11188	9209.0	9079.0	9174.0	9421.0	9139.0	10230	9298.0	10409	22338																				
21.125	9642.0	9168.0	11011	9213.0	9122.0	8971.0	9385.0	9423.0	10615	9459.0	10041	23591																				
21.146	9285.0	9277.0	10967	9086.0	9311.0	9303.0	9503.0	9616.0	10789	9386.0	9959.0	23926																				
21.166	9504.0	9548.0	10991	9427.0	9067.0	9038.0	10021	9554.0	11094	9228.0	10133	24824																				
21.187	9589.0	9264.0	10949	9468.0	9193.0	8952.0	9675.0	9579.0	11323	9136.0	10185	25148																				
21.209	9728.0	9190.0	11264	9522.0	9153.0	9258.0	9503.0	9377.0	10483	9756.0	10093	25962																				
21.229	9193.0	9342.0	10955	9497.0	8992.0	9126.0	9644.0	9409.0	10756	9256.0	10431	26415																				
21.250	9658.0	8989.0	11006	9344.0	9077.0	9115.0	9158.0	9444.0	10937	9496.0	10530	27809																				
21.271	9409.0	9188.0	11237	9441.0	8930.0	9353.0	9633.0	9780.0	10848	9409.0	10335	27601																				
21.291	9551.0	9498.0	11101	9320.0	9117.0	9075.0	9150.0	9413.0	10655	9246.0	10231	27825																				
21.312	9431.0	8854.0	11263	9616.0	8781.0	8844.0	9784.0	9649.0	10976	9238.0	10012	27927																				
21.334	9331.0	9412.0	11083	9466.0	9014.0	9190.0	9187.0	9475.0	10672	9601.0	10168	29319																				
21.354	9532.0	9444.0	11235	9582.0	9162.0	9227.0	9522.0	9381.0	10850	9399.0	9862.0	28694																				
21.375	9360.0	9108.0	10908	9520.0	9349.0	9259.0	9022.0	9359.0	10779	9500.0	10145	29607																				
21.396	9585.0	9337.0	11032	9394.0	9257.0	8983.0	9464.0	9899.0	10829	9301.0	10206	29397																				
21.416	9383.0	9208.0	11189	9253.0	8870.0	9444.0	9787.0	9155.0	10756	9455.0	10080	29994																				
21.437	9422.0	9094.0	10832	9417.0	9167.0	9264.0	9243.0	9422.0	11198	9556.0	10045	29945																				
21.459	9864.0	8981.0	10751	9339.0	8918.0	9139.0	9302.0	9229.0	10814	9740.0	9896.0	29737																				
21.479	9063.0	9101.0	10988	9812.0	9169.0	8984.0	9366.0	9245.0	11209	9456.0	10019	29867																				
21.500	9617.0	9127.0	10774	9633.0	9226.0	9009.0	9455.0	9220.0	10852	9291.0	9756.0	30947																				
21.521	9504.0	9261.0	11286	10012	8889.0	8780.0	9570.0	9397.0	10706	9338.0	10368	30898																				
21.541	9571.0	9522.0	10785	9411.0	9254.0	9292.0	9601.0	9587.0	10961	9442.0	10471	31314																				
21.562	9383.0	9118.0	11068	9635.0	8991.0	8963.0	9693.0	9516.0	10784	9181.0	9755.0	31065																				
21.584	9629.0	9313.0	11030	9452.0	8945.0	9060.0	9304.0	9261.0	11030	9346.0	10053	30903																				
21.604	9408.0	9026.0	11006	9609.0	9391.0	9102.0	9494.0	9437.0	10799	9507.0	9955.0	31391																				
21.625	9231.0	9394.0	10971	9581.0	9106.0	9268.0	9291.0	9362.0	10618	9668.0	10281	30925																				
21.646	9579.0	9158.0	11234	9454.0	9070.0	8650.0	9681.0	9315.0	10800	9381.0	10109	31316																				
21.666	9903.0	9289.0	11239	9099.0	9090.0	9297.0	9808.0	9440.0	11332	9332.0	9862.0	31371																				
21.688	9368.0	9074.0	10985	9519.0	9014.0	8425.0	9344.0	9382.0	10598	9547.0	10065	31596																				
21.709	9325.0	9267.0	10762	9438.0	9633.0	9098.0	9611.0	9525.0	10970	9565.0	10227	31076																				
21.729	9700.0	9226.0	10818	9681.0	9004.0	9122.0	9375.0	9521.0	10758	9283.0	10097	30536																				
21.750	9156.0	9164.0	10988	9651.0	9146.0	9339.0	9439.0	9246.0	11232	9607.0	10545	31129																				
21.771	9680.0	9183.0	11029	9095.0	9028.0	9169.0	9379.0	9431.0	11247	9418.0	10278	31983																				
21.791	9221.0	9267.0	10926	9524.0	9343.0	9267.0	9243.0	9566.0	11006	9799.0	10394	31256																				
21.812	9591.0	9259.0	11068	9554.0	9115.0	9561.0	9199.0	9263.0	11092	9669.0	10140	30714																				
21.834	9310.0	9262.0	11109	9561.0	9046.0	9052.0	9378.0	9313.0	10854	9597.0	10033	30996																				
21.854	8959.0	8822.0	10725	9452.0	8814.0	9129.0	9381.0	9445.0	10887	9344.0	10268	31788																				
21.875	9639.0	9277.0	10792	9470.0	9064.0	9318.0	9412.0	9420.0	11159	9461.0	10795	31113																				
21.896	9241.0	9257.0	11048	9184.0	9109.0	9460.0	9673.0	9312.0	10750	9792.0	10469	31282																				
21.916	9573.0	8797.0	10874	9332.0	9497.0	9150.0	9187.0	9448.0	11257	9498.0	10210	31871																				
21.937	9411.0	9025.0	10763	9609.0	9015.0	8946.0	9323.0	9416.0	10958	9604.0	10567	30659																				
21.959	9398.0	9118.0	11124	9688.0	9120.0	9187.0	9466.0	9572.0	11128	9505.0	10218	30987																				
21.979	9391.0	9384.0	11089	9427.0	9052.0	9350.0	9193.0	9467.0	10956	9556.0	10591	30814																				
22.000	9481.0	9328.0	10829	9377.0	8856.0	9346.0	9790.0	9205.0	11555	9532.0	10444	31616																				
22.021	9361.0	9110.0	11113	9366.0	9180.0	9126.0	9471.0	9476.0	10997	9294.0	10351	31663																				
22.041	9596.0	9069.0	10895	9453.0	8955.0	9268.0	9532.0	9615.0	10913	9303.0	10432	30798																				
22.062	9643.0	9506.0	10852	9663.0	9025.0	9003.0	9581.0	9412.0	11133	9713.0	10331	31732																				
22.084	9583.0	9176.0	10752	9347.0	9119.0	9233.0	9204.0	9579.0	11120	9526.0	10407	31207																				
22.104	9695.0	8947.0	11070	9493.0	8927.0	9260.0	9449.0	9588.0	11104	9680.0	10359	31867																				
22.125	9551.0	9105.0	10848	9181.0	9288.0	9072.0	9613.0	9489.0	11198	9762.0	10448	32267																				
22.146	9731.0	9571.0	10912	9619.0	9007.0	9226.0	9429.0	9350.0	10837	9628.0	10654	31520																				
22.166	9259.0	9864.0	10916	9438.0	9036.0	9160.0	9197.0	9346.0	10975	9373.0	10425	31436																				
22.187	9559.0	9148.0	10850	9574.0	9069.0	9092.0	9507.0	9421.0	11313	9498.0	10491	31789																				
22.209	9321.0	9115.0	11062	9376.0	8907.0	9262.0	9450.0	9578.0	11371	9533.0	10848	32099																				
22.229	9367.0	9226.0	10967	9719.0	9125.0	9069.0	9777.0	9429.0	11105	9674.0	10912	30949																				
22.250	9406.0	9354.0	11136	9221.0	8987.0	9478.0	9396.0	9626.0	10963	9303.0	10916	31720																				
22.271	9456.0	8905.0	10762	9542.0	9003.0	9154.0	9311.0	9585.0	11175	9532.0	10876	31655																				
22.291	9644.0	9444.0	11150	9809.0	8911.0	9355.0	9343.0	9519.0	11118	9435.0	10651	31644																				
22.313	9552.0	9186.0	10772	9536.0	9039.0	9163.0	9236.0	9377.0	10966	9261.0	10684	31554																				
22.334	9260.0	9020.0	10875	9524.0	9123.0	8931.0	9380.0	9470.0	11479	9591.0	10772	31075																				
22.354	9753.0	8946.0	11098	9517.0	8926.0	8921.0	9351.0	9439.0	11149	9334.0	10916	31744																				
22.375	9421.0	9058.0	11330	9078.0	9195.0	9310.0	9177.0	9346.0	11010	9470.0	10838	31302																				
22.396	9475.0	9116.0	10759	9589.0	9023.0	9044.0	9453.0	9586.0	11217	9864.0	10866	32038																				
22.416	9265.0	9194.0	11057	9352.0	9004.0	9233.0	9014.0	9669.0	11321	9459.0	11095	31139																				
22.437	9418.0	9246.0	11053	9648.0	8996.0	9420.0	9365.0	9381.0	11323	9710.0	11223	31884																				
22.459	9535.0	9219.0	10860	9854.0	8944.0	9192.0	9385.0	9588.0	11375	9325.0	11670	31243																				
22.479	9351.0	9203.0	11321	9226.0	9058.0	9187.0	9730.0	9558.0	11490	9490.0	11529	31970																				
22.500	9480.0	8987.0	11161	9349.0	9239.0	9448.0	9368.0	9353.0	11306	9932.0	11384	30923																				
22.521	9599.0	8874.0	11112	9372.0	9269.0	9017.0	9420.0	9520.0	11209	9108.0	11422	31020																				
22.541	9700.0	9345.0	10813	9246.0	9353.0	9135.0	9582.0	9709.0	11595	9658.0	11517	31448																				
22.562	9624.0	9163.0	11197	9485.0	9069.0	8985.0	9212.0	9773.0	11473	9632.0	11646	31279																				
22.584	9655.0	9342.0	11014	9558.0	8970.0	9147.0	9628.0	9553.0	11554	9457.0	11589	31701																				
22.604	9727.0	9292.0	10806	9359.0	9118.0	9448.0	9220.0	9676.0	11706	9740.0	12029	31476																				
22.625	9279.0	9190.0	11112	9638.0	9063.0	9370.0	9557.0	9572.0	11209	9651.0	11866	31725																				
22.646	9909.0	9053.0	10863	9519.0	9154.0	8890.0	9482.0	9377.0	11350	9811.0	11920	30929																				
22.666	9526.0	8968.0	10727	9533.0	8834.0	9349.0	9072.0	9596.0	11533	9638.0	12424	31427																				
22.687	9551.0	9390.0	11180	9489.0	8862.0	9231.0	9390.0	9580.0	11188	9628.0	11936	30652																				
22.709	9489.0	8961.0	11108	9313.0	9070.0	9448.0	9623.0	9342.0	11542	9617.0	12462	31099																				
22.729	9486.0	9340.0	10962	9621.0	9062.0	9123.0	9132.0	9654.0	11488	9489.0	12853	31452																				
22.750	9893.0	9323.0	10826	9535.0	8910.0	9048.0	9364.0	9508.0	11604	10084	12724	31574																				
22.771	9304.0	9225.0	10997	9902.0	9397.0	9201.0	9257.0	9403.0	11452	9624.0	13164	31350																				
22.791	9563.0	8984.0	10944	9207.0	9141.0	9206.0	9774.0	9680.0	11002	9736.0	12930	31560																				
22.812	9370.0	9429.0	10874	9740.0	8867.0	9116.0	9291.0	9440.0	11627	9484.0	13955	31866																				
22.834	9709.0	9190.0	10993	9728.0	9185.0	9406.0	9760.0	9577.0	11930	9389.0	13966	31564																				
22.854	9606.0	9284.0	10875	9607.0	9118.0	9222.0	9847.0	9427.0	11445	9795.0	13973	31097																				
22.875	9573.0	9117.0	11210	9541.0	9004.0	9082.0	9335.0	9488.0	11418	9710.0	14310	31262																				
22.896	9441.0	9171.0	10956	9589.0	9050.0	9565.0	9406.0	9417.0	11894	9548.0	14529	32046																				
22.916	9176.0	8938.0	11313	9803.0	9362.0	9022.0	9617.0	9677.0	11354	9530.0	14931	31882																				
22.938	9318.0	9308.0	10958	9425.0	9159.0	9328.0	9412.0	9768.0	11353	9551.0	15650	31934																				
22.959	9546.0	9085.0	10908	9471.0	9069.0	9371.0	9365.0	9543.0	11634	9500.0	15455	31527																				
22.979	9751.0	9045.0	11070	9907.0	9179.0	9458.0	9304.0	9656.0	11681	9761.0	16029	31212																				
23.000	9507.0	9018.0	10804	9456.0	9275.0	8869.0	9453.0	9232.0	11767	9255.0	16576	31471																				
23.021	9495.0	8887.0	10625	9618.0	9166.0	9001.0	9245.0	9678.0	11833	10152	16818	31419																				
23.041	9504.0	9176.0	11075	9665.0	9556.0	9381.0	9409.0	9569.0	11571	9689.0	17564	32176																				
23.062	9754.0	9318.0	10915	9472.0	9197.0	9169.0	9346.0	9536.0	12081	9785.0	17902	31260																				
23.084	9321.0	9395.0	11192	9423.0	8995.0	8984.0	9668.0	9239.0	11715	9531.0	18586	31843																				
23.104	9309.0	9250.0	10826	9699.0	9407.0	9052.0	9375.0	9560.0	11702	9693.0	19084	31781																				
23.125	9237.0	9093.0	10884	9929.0	9113.0	9253.0	9536.0	9537.0	11665	9543.0	19350	32009																				
23.146	9393.0	9363.0	11088	9805.0	9126.0	9439.0	9372.0	9483.0	11658	9799.0	20084	31704																				
23.166	9512.0	9383.0	10877	9204.0	9058.0	9182.0	9459.0	9266.0	11647	9764.0	20997	31694																				
23.187	9525.0	9324.0	10986	9730.0	9042.0	9244.0	9126.0	9614.0	11547	9761.0	21299	31683																				
23.209	9507.0	9260.0	11015	9793.0	9031.0	9291.0	9477.0	9430.0	11687	9331.0	21627	31678																				
23.229	9416.0	8862.0	11043	9512.0	9035.0	9206.0	8999.0	9596.0	11729	9627.0	22473	31991																				
23.250	9428.0	9175.0	10939	9782.0	9207.0	9456.0	9743.0	9407.0	11830	9238.0	22813	31785																				
23.271	9580.0	9042.0	10977	9425.0	8964.0	9101.0	9390.0	9346.0	12093	9756.0	23308	32035																				
23.291	9586.0	9291.0	10777	9379.0	9111.0	9531.0	9354.0	9692.0	11855	9768.0	24166	31713																				
23.312	9845.0	9441.0	11193	9595.0	9332.0	9018.0	9151.0	9357.0	11692	9828.0	25194	32359																				
23.334	9618.0	9229.0	10816	9491.0	9069.0	9239.0	9297.0	9442.0	12125	9737.0	25652	31893																				
23.354	9296.0	9119.0	10908	9505.0	9142.0	9329.0	9463.0	9266.0	12319	9782.0	26018	31043																				
23.375	9241.0	9301.0	10838	9572.0	9229.0	9061.0	9302.0	9183.0	12162	9534.0	26915	32244																				
23.396	9045.0	9264.0	11106	9409.0	9292.0	8879.0	9404.0	9304.0	11931	9570.0	26671	31801																				
23.416	9694.0	9323.0	11429	9446.0	8813.0	9299.0	9194.0	9705.0	12438	9428.0	27285	31997																				
23.437	9661.0	9335.0	11228	9741.0	9010.0	9394.0	9476.0	9329.0	11940	9746.0	27574	31787																				
23.459	9284.0	9172.0	11000	9567.0	9209.0	9234.0	9455.0	9358.0	12262	9872.0	27854	32091																				
23.479	9578.0	9423.0	10795	9465.0	9109.0	9286.0	9299.0	9801.0	12275	9362.0	27599	32469																				
23.500	9738.0	9181.0	11133	9220.0	9190.0	9037.0	9485.0	9131.0	12440	10033	28129	32026																				
23.521	9713.0	9218.0	10925	9387.0	9063.0	9453.0	9412.0	9389.0	12401	9593.0	29123	31655																				
23.541	9667.0	9354.0	11341	9546.0	9038.0	9176.0	9543.0	9490.0	12767	9960.0	28585	32230																				
23.563	9429.0	9227.0	10831	9338.0	9462.0	9213.0	9493.0	9585.0	12613	9946.0	28202	32265																				
23.584	9538.0	9193.0	11132	9439.0	9081.0	9192.0	9486.0	9427.0	12534	9531.0	28236	32298																				
23.604	9493.0	9217.0	10700	9274.0	9166.0	9334.0	9169.0	9729.0	12681	9736.0	28907	32419																				
23.625	9472.0	9306.0	10919	9477.0	9076.0	9284.0	9130.0	9475.0	12549	9736.0	28927	32517																				
23.646	9437.0	9431.0	10906	9374.0	8968.0	9184.0	9366.0	9374.0	12761	10100	29575	31577																				
23.666	9355.0	9106.0	10746	9591.0	9305.0	9076.0	9326.0	9527.0	12899	9784.0	28861	32033																				
23.687	9393.0	9387.0	10973	9364.0	8806.0	9305.0	9493.0	9388.0	12899	9968.0	29259	32352																				
23.709	9781.0	8985.0	11026	9725.0	9082.0	9469.0	9173.0	9494.0	12871	9911.0	29511	32155																				
23.729	9796.0	9122.0	11043	9708.0	9122.0	9321.0	9234.0	9345.0	12879	9623.0	29078	31953																				
23.750	9668.0	9283.0	10748	9539.0	8932.0	9090.0	9476.0	9372.0	13414	9671.0	29760	32756																				
23.771	9572.0	9165.0	11073	9745.0	8929.0	9337.0	9563.0	9335.0	13664	9807.0	29444	32020																				
23.791	9477.0	9149.0	10797	9417.0	9104.0	9300.0	9453.0	9654.0	13398	9952.0	29487	32526																				
23.812	9525.0	8972.0	10992	9406.0	9218.0	9311.0	9697.0	9410.0	13175	9656.0	29877	32053																				
23.834	9463.0	9213.0	11300	9429.0	9277.0	9467.0	8890.0	9584.0	13612	9891.0	29995	32136																				
23.854	9436.0	9213.0	10813	9242.0	9301.0	9372.0	9490.0	9382.0	13771	9731.0	30401	33049																				
23.875	9350.0	9375.0	11137	9528.0	8871.0	9208.0	9612.0	9511.0	14243	9727.0	29269	32194																				
23.896	9634.0	9335.0	10700	9397.0	9062.0	9465.0	9222.0	9213.0	14419	9814.0	30435	32265																				
23.916	9691.0	9278.0	11152	9812.0	9007.0	9097.0	9288.0	9782.0	14373	9894.0	29756	32358																				
23.937	9394.0	9284.0	10883	9506.0	9251.0	9310.0	9720.0	9394.0	14822	9877.0	30043	32487																				
23.959	9268.0	9584.0	11270	9100.0	8712.0	9319.0	9685.0	9636.0	14419	9648.0	29835	32647																				
23.979	9406.0	8929.0	10798	9592.0	9247.0	9158.0	9543.0	9850.0	15390	9401.0	29733	32300																				
24.000	9447.0	9187.0	10957	9367.0	9149.0	9469.0	9619.0	9688.0	15297	9479.0	29675	32577																				
24.021	9719.0	9408.0	11171	9734.0	8934.0	9395.0	9148.0	9255.0	15359	9856.0	29794	32286																				
24.041	9557.0	9503.0	11131	9702.0	9455.0	9283.0	9501.0	9332.0	16359	9784.0	30084	32201																				
24.062	9760.0	8785.0	10747	9747.0	9185.0	9219.0	9450.0	9472.0	16288	9741.0	29589	32860																				
24.084	9782.0	8854.0	11293	9695.0	9117.0	8929.0	9412.0	9512.0	16882	9837.0	29967	32405																				
24.104	9720.0	8975.0	11390	9446.0	9146.0	9358.0	9136.0	9523.0	17809	9828.0	30079	32553																				
24.125	9482.0	8867.0	10803	9834.0	9032.0	9378.0	9609.0	9729.0	18214	9845.0	29739	32220																				
24.146	9528.0	8997.0	10589	9416.0	8984.0	9324.0	9037.0	9402.0	18368	9854.0	30042	32181																				
24.166	9836.0	9330.0	10920	9860.0	8902.0	8792.0	9353.0	9571.0	18884	9992.0	29955	32615																				
24.188	9370.0	9202.0	11223	9629.0	8987.0	9537.0	9532.0	9540.0	19984	9896.0	29630	31855																				
24.209	9754.0	9144.0	10933	9721.0	9311.0	9329.0	9473.0	9322.0	20643	10014	29289	32906																				
24.229	9571.0	9451.0	10986	9424.0	8967.0	9648.0	9583.0	9283.0	21439	9866.0	28782	32765																				
24.250	9495.0	9376.0	10999	9470.0	9269.0	9457.0	9563.0	9480.0	21978	9741.0	29430	33075																				
24.271	9586.0	8927.0	10884	9440.0	8975.0	9138.0	9475.0	9346.0	23063	9984.0	29646	32663																				
24.291	9196.0	9274.0	10549	9481.0	8979.0	9537.0	8961.0	9322.0	23739	9573.0	29763	32469																				
24.312	9446.0	9432.0	10813	9735.0	9008.0	9095.0	9317.0	9387.0	24365	9771.0	29857	32159																				
24.334	9286.0	9240.0	11045	9271.0	9005.0	8647.0	9621.0	9443.0	25383	9748.0	29811	33026																				
24.354	9717.0	9360.0	10933	9381.0	9247.0	9220.0	9354.0	9446.0	25653	9705.0	29821	32139																				
24.375	9451.0	9257.0	11168	9740.0	9188.0	9476.0	9365.0	9622.0	26480	9872.0	29601	33136																				
24.396	9363.0	9214.0	10930	9433.0	9313.0	8954.0	9229.0	9301.0	26350	9917.0	30134	32702																				
24.416	9431.0	9439.0	11001	9255.0	9161.0	9519.0	9446.0	9306.0	26927	9991.0	29948	32584																				
24.437	9629.0	9244.0	11200	9313.0	9219.0	9190.0	9306.0	9519.0	28590	10060	29991	32641																				
24.459	9462.0	9234.0	11215	9328.0	9295.0	9280.0	9475.0	9653.0	28915	10074	29101	32639																				
24.479	9324.0	9028.0	11041	9277.0	8981.0	9242.0	9470.0	9232.0	30324	9794.0	29696	33016																				
24.500	9522.0	9297.0	10739	9581.0	8914.0	9118.0	9355.0	9555.0	29746	9982.0	30492	32566																				
24.521	9434.0	9160.0	10953	9462.0	9179.0	9488.0	9441.0	9387.0	30290	10058	29756	32234																				
24.541	9415.0	9022.0	10798	9418.0	8908.0	9259.0	9206.0	9318.0	30973	9909.0	30214	32501																				
24.562	9618.0	8932.0	10769	9571.0	8877.0	9239.0	9353.0	9240.0	31899	9876.0	30327	32835																				
24.584	9409.0	9052.0	11025	9559.0	8993.0	9108.0	9570.0	9287.0	32064	9907.0	30501	33215																				
24.604	9433.0	8918.0	10802	9452.0	8867.0	9443.0	9365.0	9818.0	32787	9999.0	30413	32098																				
24.625	9454.0	9131.0	10908	9217.0	9311.0	9566.0	9553.0	9574.0	32690	10113	30244	33057																				
24.646	9280.0	9034.0	11143	9725.0	9189.0	9284.0	9108.0	9546.0	32434	9884.0	29911	32749																				
24.666	9388.0	9427.0	10857	9757.0	9059.0	9230.0	9385.0	9444.0	33688	9864.0	29848	32966																				
24.687	9572.0	9268.0	10953	9507.0	9064.0	9469.0	9115.0	9148.0	34125	10266	30029	32448																				
24.709	9564.0	9032.0	11177	9903.0	8937.0	9257.0	9221.0	9236.0	34527	9711.0	29805	32281																				
24.729	9541.0	9220.0	11018	9711.0	8853.0	9002.0	9494.0	9799.0	34839	10222	29840	33523																				
24.750	9764.0	9217.0	11243	9680.0	8891.0	9162.0	9309.0	9614.0	34624	9736.0	30154	33289																				
24.771	9186.0	9350.0	10962	9434.0	8976.0	9593.0	9495.0	9710.0	35348	9971.0	30059	33398																				
24.791	9373.0	9271.0	10875	9330.0	9393.0	9425.0	9074.0	9797.0	35278	9951.0	30851	32694																				
24.813	9643.0	9470.0	10823	9926.0	9044.0	9241.0	9473.0	9490.0	35067	10357	29974	32628																				
24.834	9126.0	9151.0	11068	9650.0	8963.0	9540.0	9433.0	9583.0	35608	10130	30627	32790																				
24.854	9341.0	9085.0	11028	9574.0	8952.0	9378.0	9286.0	9579.0	35172	10176	29870	33089																				
24.875	9424.0	8975.0	10743	9494.0	8955.0	9444.0	9530.0	9744.0	35418	9974.0	30468	32831																				
24.896	9727.0	9325.0	10642	9343.0	9430.0	9617.0	9398.0	9459.0	36576	9958.0	30424	33281																				
24.916	9585.0	9159.0	10927	9711.0	8985.0	9577.0	9194.0	9592.0	36165	10020	29883	33032																				
24.937	9225.0	9151.0	10848	9644.0	9345.0	9316.0	9609.0	9545.0	35465	10131	29734	33203																				
24.959	9297.0	9278.0	10617	9408.0	9292.0	9037.0	9562.0	9610.0	35833	10137	30539	33120																				
24.979	9359.0	9262.0	11012	9750.0	9117.0	9660.0	9307.0	9607.0	36432	10120	30302	32871																				
25.000	9408.0	9033.0	11493	9533.0	9492.0	9408.0	9468.0	9327.0	36445	10096	30427	32921																				
25.021	9513.0	9201.0	12161	9310.0	9403.0	9362.0	9087.0	9546.0	36203	9936.0	29993	32647																				
25.041	9218.0	9197.0	12290	9571.0	9325.0	9477.0	9434.0	9225.0	36151	10049	29573	32887																				
25.062	9469.0	8948.0	11331	9608.0	9292.0	8867.0	9540.0	9061.0	36500	10077	30990	33393																				
25.084	9744.0	9280.0	11631	9423.0	9223.0	9096.0	9318.0	9682.0	36873	10342	30622	33721																				
25.104	9413.0	9276.0	10958	9511.0	9231.0	9514.0	9019.0	9694.0	37074	9925.0	30877	33401																				
25.125	9417.0	9178.0	11368	9549.0	8900.0	9379.0	9462.0	9416.0	35915	10366	30788	32810																				
25.146	9311.0	9274.0	11063	9445.0	9074.0	9261.0	9687.0	9620.0	36273	9909.0	30467	33309																				
25.166	9471.0	9135.0	11088	9649.0	9071.0	9334.0	9601.0	9343.0	36741	10196	30390	33667																				
25.187	9562.0	8975.0	10950	9350.0	9160.0	9335.0	9425.0	9318.0	36668	10071	30501	33427																				
25.209	9423.0	9361.0	11016	9444.0	9437.0	9438.0	9403.0	9433.0	36486	10263	30336	33087																				
25.229	9448.0	8720.0	11236	9791.0	9119.0	9361.0	9176.0	9443.0	36729	9969.0	30069	33501																				
25.250	9472.0	8948.0	11417	9502.0	8904.0	9572.0	9460.0	9532.0	36740	10216	30791	33102																				
25.271	9341.0	8942.0	11503	9203.0	9418.0	9062.0	9517.0	8918.0	35853	10229	30821	32965																				
25.291	9191.0	9268.0	11651	9464.0	9185.0	9252.0	9463.0	9253.0	36186	10356	30441	32754																				
25.312	9235.0	9078.0	11666	9573.0	9358.0	9524.0	9718.0	9375.0	36856	10440	30542	33434																				
25.334	9362.0	9141.0	11899	9711.0	8816.0	9063.0	9335.0	9470.0	37224	10189	30519	33471																				
25.354	9582.0	9348.0	11630	9690.0	8649.0	9323.0	9093.0	9645.0	37402	10333	30176	33392																				
25.375	9449.0	8869.0	11755	9559.0	9091.0	9398.0	9361.0	9553.0	36419	10048	30535	33268																				
25.396	9508.0	9319.0	12004	9552.0	8981.0	9076.0	9111.0	9322.0	36967	10478	30610	33517																				
25.416	9612.0	9123.0	11807	9430.0	9116.0	9150.0	9305.0	9351.0	36799	10495	29944	33314																				
25.438	9430.0	9269.0	11570	9451.0	9216.0	9541.0	9358.0	9603.0	36566	10062	30199	32507																				
25.459	9191.0	9140.0	11899	9554.0	9267.0	9764.0	9299.0	9529.0	36579	10115	30349	33397																				
25.479	9418.0	9111.0	11814	9546.0	9339.0	9432.0	9206.0	9202.0	37345	9984.0	31128	33329																				
25.500	9592.0	9453.0	11537	9562.0	9354.0	9117.0	9490.0	9429.0	36816	10327	30168	33230																				
25.521	9532.0	9009.0	11454	9690.0	9062.0	9637.0	9363.0	9437.0	36808	10207	30538	33235																				
25.541	9350.0	9337.0	11771	9583.0	9037.0	9082.0	9458.0	9686.0	37063	10016	30141	33525																				
25.562	9744.0	8914.0	11484	9128.0	9084.0	9317.0	9668.0	9523.0	36679	10035	30898	34091																				
25.584	9372.0	9248.0	11660	9456.0	9131.0	9277.0	9112.0	9491.0	36833	10440	30358	32868																				
25.604	9293.0	9245.0	11805	9893.0	9087.0	9204.0	9686.0	9560.0	36781	10198	30275	33542																				
25.625	10059	9332.0	11744	9845.0	9358.0	9451.0	9337.0	9372.0	37661	9959.0	30800	33687																				
25.646	9321.0	9176.0	11551	9553.0	9419.0	9450.0	9032.0	9511.0	36709	10156	30561	32915																				
25.666	9177.0	9117.0	11748	9674.0	9221.0	9304.0	9298.0	9540.0	37873	10203	30151	34023																				
25.687	9517.0	9044.0	11473	9436.0	9159.0	9290.0	9389.0	9714.0	37642	10003	30890	33483																				
25.709	9705.0	8950.0	11596	9643.0	8964.0	9548.0	9229.0	9697.0	37194	10348	30660	32987																				
25.729	9600.0	9052.0	11541	9564.0	9105.0	9147.0	9349.0	9776.0	36808	10527	30483	33551																				
25.750	9415.0	9148.0	11512	9479.0	8987.0	9432.0	9220.0	9453.0	36850	10702	30411	33092																				
25.771	9632.0	8954.0	11703	9458.0	8809.0	9406.0	9636.0	9503.0	37837	10206	30970	33439																				
25.791	9523.0	9243.0	11517	9497.0	9255.0	9540.0	9467.0	9441.0	37737	10500	30150	33794																				
25.812	9518.0	9168.0	11403	9825.0	9326.0	9296.0	9423.0	9504.0	37063	10282	30579	34002																				
25.834	9472.0	9266.0	11516	9380.0	9044.0	9482.0	9702.0	9569.0	36724	10174	30666	33320																				
25.854	9674.0	8925.0	11562	9644.0	8972.0	9587.0	9157.0	9690.0	36582	10053	31089	33953																				
25.875	9335.0	9301.0	11611	9981.0	9097.0	9506.0	9267.0	9403.0	35997	10327	30861	33558																				
25.896	9366.0	9278.0	11240	9703.0	8989.0	9617.0	9572.0	9674.0	36606	10244	30764	33780																				
25.916	9619.0	9133.0	11223	9854.0	9044.0	9569.0	9048.0	9305.0	37083	10723	31047	33903																				
25.937	8995.0	9188.0	11596	9729.0	9296.0	9461.0	9363.0	9709.0	37798	10393	30989	33871																				
25.959	9535.0	9025.0	11390	9289.0	8768.0	9498.0	9556.0	9683.0	37439	10533	30730	33455																				
25.979	9350.0	9056.0	11466	9640.0	8947.0	9245.0	9552.0	9509.0	37325	10287	31147	33676																				
26.000	9204.0	9300.0	11413	9608.0	8853.0	9580.0	9708.0	9304.0	37218	10357	31242	33640																				
26.021	9340.0	9228.0	11366	9371.0	9366.0	9472.0	9175.0	9468.0	37028	10356	30818	32970																				
26.041	9594.0	9166.0	11521	9509.0	9141.0	9656.0	9095.0	9467.0	37702	10811	30773	33195																				
26.063	9505.0	8923.0	11343	9468.0	9009.0	9307.0	9815.0	9897.0	37724	10129	30964	33582																				
26.084	9305.0	9196.0	11698	9236.0	8997.0	9457.0	9215.0	9660.0	37588	10429	30955	33216																				
26.104	9690.0	9287.0	11156	9793.0	9058.0	9332.0	9169.0	9686.0	37767	10363	31145	34253																				
26.125	9106.0	9248.0	11301	9567.0	9260.0	9308.0	9544.0	9638.0	36996	10269	30861	33866																				
26.146	9528.0	9085.0	11678	9321.0	8979.0	9190.0	9464.0	9363.0	36999	10439	30760	33354																				
26.166	9530.0	9162.0	11565	9347.0	9268.0	9074.0	9321.0	9552.0	37428	10467	30851	33409																				
26.187	9833.0	9076.0	11447	9374.0	9172.0	9778.0	9420.0	9623.0	37556	10384	30789	33856																				
26.209	9447.0	8709.0	11507	9671.0	9175.0	9324.0	9584.0	9530.0	37602	10737	31269	33360																				
26.229	9393.0	9105.0	11447	9558.0	9250.0	9465.0	9501.0	9279.0	37120	10217	31100	33511																				
26.250	9484.0	8945.0	11534	9493.0	9103.0	9688.0	9372.0	9751.0	36208	10308	31071	33701																				
26.271	9528.0	9116.0	11861	9482.0	9310.0	9609.0	9151.0	9673.0	36944	10482	31321	34416																				
26.291	9625.0	9174.0	11671	9818.0	8928.0	9565.0	9608.0	9661.0	37342	10850	30687	33490																				
26.312	9237.0	9128.0	11194	9322.0	9179.0	9735.0	9442.0	9484.0	36736	10832	30982	34032																				
26.334	9455.0	9156.0	11339	9587.0	9258.0	9282.0	9330.0	9457.0	36359	10453	30863	34217																				
26.354	9559.0	9550.0	11514	9693.0	9023.0	9327.0	9656.0	9695.0	37227	10519	30757	34196																				
26.375	9646.0	9175.0	11406	9779.0	8954.0	9496.0	9566.0	9644.0	36912	10507	31038	33609																				
26.396	9573.0	9610.0	11371	9242.0	9086.0	9589.0	9312.0	9736.0	37136	10473	31114	33850																				
26.416	9712.0	9313.0	11536	9681.0	8995.0	9532.0	9367.0	9964.0	36864	10737	31081	33375																				
26.437	9333.0	9114.0	11272	9637.0	9629.0	9576.0	9581.0	9620.0	37809	10753	30909	34300																				
26.459	9410.0	9020.0	11582	9136.0	8947.0	9755.0	9718.0	9728.0	36842	10738	31232	33561																				
26.479	9122.0	9503.0	11387	9498.0	9137.0	9241.0	9407.0	9266.0	36594	10555	31348	33577																				
26.500	9577.0	9220.0	11462	9594.0	9187.0	9254.0	9306.0	9686.0	37301	10510	30703	34509																				
26.521	9477.0	9246.0	11264	9569.0	9287.0	9788.0	9335.0	9852.0	37529	10783	31232	34871																				
26.541	9375.0	9076.0	11278	9736.0	9107.0	9730.0	9276.0	9401.0	36877	10433	31527	34027																				
26.562	9349.0	9323.0	11342	9564.0	9225.0	9633.0	9234.0	9528.0	37384	10570	31399	33862																				
26.584	9676.0	9312.0	11263	9482.0	9153.0	9690.0	9295.0	9568.0	37062	10812	31715	34611																				
26.604	9593.0	9050.0	11239	9756.0	9173.0	9429.0	9363.0	9707.0	36483	10569	30916	33977																				
26.625	9634.0	9164.0	11147	9190.0	9078.0	9371.0	9371.0	9757.0	36221	10551	31384	34399																				
26.646	9253.0	9262.0	11221	10214	9002.0	9766.0	9853.0	9665.0	36536	10786	31108	34059																				
26.666	9752.0	8902.0	11233	9465.0	9388.0	9618.0	9113.0	9708.0	36676	10715	30971	33669																				
26.688	9579.0	9399.0	10926	9500.0	9123.0	9480.0	9449.0	9576.0	37042	11150	31397	33997																				
26.709	9054.0	8991.0	11101	9688.0	9207.0	9966.0	9218.0	9629.0	37125	10824	31143	34395																				
26.729	9449.0	9236.0	11382	9358.0	9164.0	9389.0	9648.0	9610.0	37405	10687	31793	34452																				
26.750	9531.0	9255.0	11125	9320.0	8959.0	9314.0	9312.0	9982.0	36988	10666	30592	34176																				
26.771	9340.0	9047.0	11161	9649.0	9054.0	9626.0	9130.0	9917.0	37188	10887	30944	34197																				
26.791	9599.0	9245.0	11320	9419.0	9068.0	9597.0	9509.0	9450.0	37656	10648	31459	34327																				
26.812	9673.0	9237.0	11491	9689.0	9085.0	9525.0	9200.0	9847.0	38344	11074	31215	34162																				
26.834	9455.0	9020.0	11148	9733.0	9215.0	9472.0	9508.0	9739.0	36997	10797	30935	34288																				
26.854	9437.0	9189.0	11228	9323.0	9272.0	9701.0	9098.0	9531.0	37026	10896	31214	33827																				
26.875	9298.0	8857.0	11353	9882.0	9052.0	9680.0	9492.0	9668.0	37187	10798	30796	33887																				
26.896	9557.0	9090.0	11299	9690.0	8920.0	9719.0	9565.0	9723.0	36962	10841	30999	34256																				
26.916	9158.0	9391.0	11285	9794.0	9126.0	9365.0	9128.0	9689.0	37182	11144	30911	34296																				
26.937	9322.0	9345.0	11685	9325.0	8863.0	9550.0	9334.0	9364.0	37697	10541	31745	33992																				
26.959	9452.0	8917.0	11174	9600.0	9148.0	9606.0	9752.0	9915.0	37462	11079	31087	34524																				
26.979	9439.0	9069.0	10996	9602.0	8977.0	9382.0	9370.0	9485.0	37352	10817	31025	33548																				
27.000	9512.0	9001.0	11585	9782.0	9007.0	9537.0	9232.0	10033	37144	11213	30777	33904																				
27.021	9445.0	9155.0	11414	9756.0	8821.0	9408.0	9271.0	9813.0	37327	10852	32201	33918																				
27.041	9341.0	9291.0	11316	9753.0	9189.0	9656.0	9325.0	9674.0	37833	10820	31504	34243																				
27.062	9293.0	9141.0	11555	9625.0	9186.0	9325.0	9234.0	9636.0	38215	10887	31440	34020																				
27.084	9328.0	9250.0	11489	9359.0	9032.0	9517.0	9426.0	9488.0	37004	11016	31467	34228																				
27.104	9659.0	9217.0	11329	9436.0	9053.0	9829.0	9574.0	9470.0	37406	11308	31532	34930																				
27.125	9363.0	9347.0	11250	9549.0	8870.0	9655.0	9341.0	9338.0	37266	10779	31488	33966																				
27.146	9644.0	9175.0	11426	9568.0	9044.0	9551.0	9463.0	9621.0	37289	11152	30863	33905																				
27.166	9224.0	9107.0	11591	9587.0	8961.0	9463.0	9571.0	9707.0	37680	11111	31236	34356																				
27.187	9352.0	9054.0	11040	9555.0	9010.0	9728.0	9131.0	9699.0	37190	11011	31286	34222																				
27.209	9050.0	8967.0	11433	9448.0	9071.0	9192.0	9509.0	9457.0	37924	11018	31007	33831																				
27.229	9771.0	9537.0	11070	9816.0	9062.0	9422.0	9391.0	9460.0	37056	11178	31053	34198																				
27.250	9285.0	9296.0	11213	9617.0	9270.0	9673.0	9617.0	9514.0	37102	11396	32321	33814																				
27.271	9432.0	9070.0	11285	9601.0	8905.0	9651.0	9434.0	9865.0	37206	11158	31706	34130																				
27.291	9277.0	8984.0	10988	9657.0	9069.0	9476.0	9510.0	9677.0	36717	11046	31496	34178																				
27.313	9742.0	8938.0	11217	9215.0	9237.0	9512.0	9193.0	9926.0	37509	11351	31322	34792																				
27.334	9381.0	9335.0	11181	9454.0	9164.0	9312.0	9251.0	9560.0	36752	10872	31244	34062																				
27.354	9231.0	9279.0	11364	9684.0	8978.0	9697.0	9178.0	9554.0	37468	11367	31455	34169																				
27.375	9632.0	9328.0	11170	9551.0	9266.0	9491.0	9655.0	9904.0	37656	11421	31511	34005																				
27.396	9303.0	9283.0	11053	9750.0	8809.0	9753.0	9624.0	9572.0	37321	11375	31089	34413																				
27.416	9543.0	9190.0	10914	9697.0	9173.0	9704.0	9187.0	9516.0	37529	11501	31141	33929																				
27.437	9130.0	8979.0	10978	9354.0	9230.0	9645.0	9451.0	9559.0	37556	11231	31314	34614																				
27.459	9325.0	9078.0	11308	9420.0	9095.0	9667.0	9278.0	9495.0	37730	11180	31560	33793																				
27.479	9426.0	9300.0	11317	9761.0	8817.0	9560.0	9608.0	9794.0	37488	11384	31215	33691																				
27.500	9653.0	9212.0	11087	9604.0	9023.0	9511.0	9341.0	9463.0	38133	11608	31441	34495																				
27.521	9803.0	9360.0	11202	9522.0	9182.0	9221.0	9249.0	9518.0	37216	11357	31315	34123																				
27.541	9537.0	9108.0	11003	9786.0	9084.0	9268.0	9424.0	9589.0	37700	11477	31713	34444																				
27.562	9496.0	8926.0	11399	9497.0	9333.0	9459.0	9287.0	9761.0	37543	11557	31760	34153																				
27.584	9289.0	8773.0	10802	9880.0	9332.0	9511.0	9134.0	10069	36999	11230	31670	34531																				
27.604	9197.0	8986.0	11367	9553.0	9241.0	9216.0	9583.0	9610.0	37669	11357	31244	34021																				
27.625	9461.0	9286.0	11319	9510.0	9334.0	9907.0	9699.0	9716.0	37811	11318	31822	34810																				
27.646	9660.0	8807.0	11046	9738.0	9137.0	9699.0	9295.0	9954.0	37387	11674	31427	34472																				
27.666	9545.0	9169.0	11322	9262.0	9151.0	9412.0	9457.0	10013	38405	11320	31505	34449																				
27.687	9472.0	9426.0	11135	9423.0	9233.0	9341.0	9344.0	9634.0	37996	11613	30782	33864																				
27.709	9709.0	9370.0	11409	9795.0	9307.0	9346.0	9118.0	9693.0	38221	11185	31630	34329																				
27.729	9485.0	8924.0	10923	9294.0	9085.0	9668.0	9482.0	9922.0	37987	11580	31601	34730																				
27.750	9435.0	9193.0	11488	9580.0	9325.0	9664.0	9399.0	9948.0	37753	11560	31499	34982																				
27.771	9379.0	8897.0	11242	9828.0	9364.0	9282.0	9517.0	9618.0	38505	11670	31300	34207																				
27.791	9436.0	9240.0	11119	9449.0	9191.0	9569.0	9249.0	9530.0	38240	11510	31648	34793																				
27.812	9653.0	9312.0	10946	9618.0	9119.0	9527.0	9204.0	9635.0	38388	11754	31721	34589																				
27.834	9464.0	8938.0	11292	9398.0	9083.0	9141.0	9658.0	9584.0	38829	11566	31625	34432																				
27.854	9332.0	9277.0	11245	9497.0	9094.0	9687.0	9184.0	9941.0	37932	11640	31320	34620																				
27.875	9596.0	9302.0	11224	9557.0	9030.0	9861.0	9100.0	9945.0	37812	11954	31346	34594																				
27.896	9286.0	9216.0	10958	9196.0	8817.0	9534.0	9376.0	9782.0	37998	11814	31277	34982																				
27.916	9380.0	9250.0	11168	9511.0	9011.0	9270.0	9273.0	9653.0	38892	11560	31894	34584																				
27.938	9621.0	9253.0	11157	9876.0	9155.0	9605.0	9389.0	9704.0	38023	11984	31825	34848																				
27.959	9434.0	9118.0	11068	9534.0	8982.0	9443.0	9489.0	9580.0	37805	11787	31007	34440																				
27.979	9325.0	9142.0	11229	9752.0	9363.0	9720.0	9666.0	9782.0	38781	11913	31199	34780																				
28.000	9146.0	9321.0	10829	10004	9107.0	9314.0	9560.0	9223.0	38164	11909	31883	34927																				
28.021	9311.0	9186.0	11352	9515.0	9318.0	9408.0	9565.0	9498.0	38673	12078	31896	34253																				
28.041	9371.0	9481.0	11100	9608.0	9160.0	9606.0	9295.0	9543.0	38551	12097	31661	34554																				
28.062	9586.0	9187.0	11061	9432.0	8988.0	9586.0	9496.0	9780.0	38470	12193	30967	35105																				
28.084	9238.0	9132.0	11363	9789.0	9018.0	9423.0	9442.0	9659.0	38665	12219	31558	34499																				
28.104	9565.0	9180.0	11050	9448.0	9141.0	9410.0	9326.0	9503.0	38875	12469	32034	34494																				
28.125	9744.0	9144.0	11276	9613.0	9211.0	9249.0	9402.0	9628.0	38864	11871	32346	34236																				
28.146	9538.0	9105.0	11343	9842.0	9109.0	9984.0	9380.0	10071	37687	12145	31752	34867																				
28.166	9538.0	9245.0	11062	9662.0	9363.0	9637.0	9533.0	9836.0	38200	12019	31516	34913																				
28.187	9080.0	9167.0	11008	9605.0	9071.0	9420.0	9136.0	9747.0	38958	12092	31856	34256																				
28.209	9232.0	8962.0	11414	9672.0	8747.0	9844.0	9395.0	9748.0	38582	12277	31729	34771																				
28.229	9622.0	9122.0	10930	9402.0	8972.0	9738.0	9491.0	9663.0	39299	12113	32349	34746																				
28.250	9283.0	9285.0	11443	9617.0	9453.0	9565.0	9291.0	9628.0	38476	12070	31599	34676																				
28.271	9260.0	9471.0	11209	9438.0	9086.0	9712.0	9298.0	9684.0	38444	12633	31362	34530																				
28.291	9511.0	9202.0	10908	9389.0	9205.0	9867.0	9424.0	9585.0	39219	12576	31632	34837																				
28.312	9587.0	9051.0	11018	9825.0	9097.0	9602.0	9388.0	9685.0	38676	12468	31608	34584																				
28.334	9517.0	9261.0	11129	9564.0	9163.0	9204.0	9417.0	9676.0	38962	12407	31828	34386																				
28.354	9373.0	9206.0	11057	9829.0	9049.0	9598.0	9502.0	9477.0	38416	12415	31340	34532																				
28.375	9390.0	9178.0	11409	9814.0	9129.0	9532.0	9251.0	9652.0	38902	12244	31592	34490																				
28.396	9196.0	8819.0	11425	9645.0	9316.0	9552.0	9604.0	9898.0	38630	12636	31392	34597																				
28.416	9542.0	9122.0	10869	9652.0	8827.0	9349.0	9356.0	9864.0	38644	12574	31838	34650																				
28.437	9247.0	8987.0	11224	9666.0	9107.0	9473.0	9522.0	9679.0	38655	12907	31864	34978																				
28.459	9753.0	9205.0	11176	9422.0	9216.0	9306.0	9246.0	9739.0	38494	12762	31761	34756																				
28.479	9597.0	8886.0	11206	9479.0	9323.0	10134	9530.0	9529.0	38744	12457	31502	34648																				
28.500	9516.0	8998.0	10950	9611.0	8880.0	9698.0	9443.0	9740.0	38507	12817	31790	34817																				
28.521	9285.0	9087.0	11203	9565.0	8816.0	9650.0	9697.0	9875.0	38970	12656	31850	34714																				
28.541	9584.0	9299.0	11373	9689.0	9303.0	9561.0	9131.0	9615.0	38829	12729	31929	34537																				
28.563	9323.0	9419.0	11399	9799.0	9227.0	9134.0	9495.0	9549.0	39064	12948	32269	35108																				
28.584	9469.0	9443.0	11381	9359.0	9155.0	9763.0	9565.0	10011	38839	13088	31315	34758																				
28.604	9695.0	9393.0	10883	9374.0	9082.0	9575.0	9541.0	9436.0	38834	13217	32282	34527																				
28.625	9348.0	9418.0	11208	9741.0	8942.0	9726.0	9393.0	9902.0	39340	13371	31255	34955																				
28.646	9438.0	9204.0	11066	9731.0	9147.0	9675.0	9133.0	9561.0	38425	13555	31920	34947																				
28.666	9457.0	9141.0	10885	9554.0	9203.0	9652.0	9475.0	10006	37909	13424	32445	35613																				
28.687	9343.0	8876.0	10969	9410.0	9160.0	9415.0	9481.0	9590.0	38359	13863	32311	35110																				
28.709	9531.0	9132.0	11130	9466.0	8977.0	9409.0	8944.0	9702.0	38171	13918	31545	35025																				
28.729	9379.0	9036.0	10809	9530.0	9127.0	9784.0	9148.0	9839.0	38713	13532	31696	35054																				
28.750	9430.0	9231.0	11249	9686.0	9177.0	9667.0	9391.0	9746.0	38845	13788	31534	35193																				
28.771	9480.0	9267.0	11131	9595.0	9144.0	9642.0	9661.0	9838.0	38514	13674	31683	34565																				
28.791	9497.0	9447.0	10933	9597.0	9185.0	9373.0	9155.0	9612.0	39227	14458	31629	34575																				
28.812	9808.0	9401.0	11080	9704.0	9473.0	9715.0	9379.0	9734.0	38514	14923	31906	34958																				
28.834	9349.0	9072.0	10881	9551.0	8846.0	9614.0	9222.0	9609.0	38122	14502	31121	35231																				
28.854	9650.0	9433.0	10701	9763.0	9150.0	9565.0	9241.0	9819.0	38690	14460	32445	34530																				
28.875	9495.0	9250.0	11236	9508.0	9104.0	9689.0	9550.0	9724.0	39316	15575	31482	35423																				
28.896	9222.0	9011.0	11582	9563.0	9140.0	9408.0	9114.0	9557.0	38716	15316	32087	35491																				
28.916	9151.0	9389.0	11387	9641.0	9171.0	9572.0	9523.0	9680.0	38701	15465	32338	35420																				
28.937	9382.0	9265.0	11185	9476.0	9362.0	9338.0	9220.0	10021	37584	15624	31701	34943																				
28.959	9670.0	9702.0	11218	9504.0	9081.0	9763.0	9584.0	9744.0	38927	15648	31949	34849																				
28.979	9656.0	9305.0	11024	9499.0	9275.0	9641.0	9719.0	9737.0	38760	16588	31169	34799																				
29.000	9412.0	9294.0	10661	9271.0	8848.0	9315.0	9393.0	9782.0	38795	16929	31869	35090																				
29.021	9338.0	9575.0	11184	9612.0	9264.0	9533.0	9402.0	9906.0	39155	18062	32070	34804																				
29.041	9598.0	9322.0	10778	9368.0	9234.0	9529.0	9335.0	9777.0	39519	17716	31908	34761																				
29.062	9649.0	9430.0	11505	9475.0	9279.0	9709.0	9586.0	9759.0	39541	18812	32258	34707																				
29.084	9476.0	9357.0	11451	9562.0	9216.0	9647.0	9273.0	9985.0	38850	19281	31530	35300																				
29.104	9234.0	9538.0	11096	9268.0	9094.0	9672.0	9419.0	9754.0	38606	19837	31842	35277																				
29.125	9386.0	9767.0	11557	9498.0	9068.0	9469.0	9461.0	10047	39561	20650	31762	34734																				
29.146	9078.0	9218.0	11341	9745.0	9439.0	9362.0	9494.0	9917.0	39078	21052	32035	34652																				
29.166	9166.0	9377.0	11166	9413.0	9173.0	9390.0	9545.0	9752.0	39094	21307	32589	35103																				
29.188	9352.0	8983.0	10922	9618.0	9103.0	9570.0	9289.0	9942.0	38935	22587	31737	34688																				
29.209	9403.0	9538.0	10823	9677.0	9061.0	9587.0	9199.0	9868.0	39290	23150	32262	34700																				
29.229	9562.0	9754.0	10876	9425.0	9166.0	9614.0	9784.0	10012	39182	23829	31561	34972																				
29.250	9226.0	9731.0	11047	9534.0	9102.0	9556.0	9386.0	9632.0	38882	23557	32694	35179																				
29.271	9433.0	8977.0	10896	9703.0	8801.0	9622.0	9262.0	9913.0	39448	24535	31658	35239																				
29.291	9441.0	9607.0	11170	9776.0	9070.0	9651.0	9476.0	9810.0	39139	25250	32148	35699																				
29.312	9424.0	9278.0	11286	9480.0	8795.0	9423.0	9377.0	9649.0	39137	25511	32180	35226																				
29.334	9130.0	9110.0	10870	9040.0	9153.0	9589.0	9125.0	9972.0	38760	26147	32023	34712																				
29.354	9483.0	9464.0	11026	9501.0	9023.0	9688.0	9377.0	9539.0	38948	26288	31953	34521																				
29.375	9557.0	9635.0	11453	9553.0	9313.0	9955.0	9387.0	9680.0	38297	27081	32083	34977																				
29.396	9507.0	9252.0	11288	9673.0	8958.0	9457.0	9477.0	9845.0	39249	27193	32227	35168																				
29.416	9176.0	9395.0	11095	9670.0	8890.0	9715.0	9462.0	9550.0	39520	28062	32334	35175																				
29.437	9468.0	9583.0	11345	9575.0	9276.0	9585.0	9309.0	10042	39042	27359	31417	35068																				
29.459	9294.0	9418.0	11453	9672.0	9047.0	9622.0	9420.0	9679.0	39155	27956	31978	35117																				
29.479	9164.0	9615.0	10723	9461.0	9268.0	9435.0	9300.0	9922.0	38682	27939	32413	35169																				
29.500	9358.0	9909.0	11015	9760.0	9135.0	9690.0	9545.0	10039	39112	28349	31841	34989																				
29.521	9205.0	9691.0	11090	9875.0	9233.0	9762.0	9066.0	9795.0	39347	28754	32394	34892																				
29.541	9366.0	9704.0	11078	9603.0	8942.0	9796.0	9544.0	9763.0	39088	28861	32405	34899																				
29.562	9295.0	9834.0	11199	9750.0	8979.0	9275.0	9112.0	9890.0	38922	28618	32439	34880																				
29.584	9646.0	9824.0	11014	9566.0	9391.0	9655.0	9447.0	9783.0	39654	29080	32289	35407																				
29.604	9233.0	9463.0	11007	9833.0	9188.0	9280.0	9220.0	9915.0	38937	29286	32344	35125																				
29.625	9693.0	9573.0	11344	9468.0	9061.0	9435.0	9456.0	10045	38915	29933	32248	35458																				
29.646	9287.0	9398.0	11053	9616.0	9212.0	9443.0	8971.0	9932.0	38983	29875	31851	35595																				
29.666	9424.0	9623.0	11174	9587.0	8870.0	9772.0	9182.0	9863.0	39260	30038	31966	35038																				
29.687	9392.0	9910.0	10957	9591.0	8950.0	9560.0	9021.0	10100	39518	30507	32010	34205																				
29.709	9297.0	9572.0	11096	9617.0	9199.0	9899.0	9351.0	9863.0	38805	30539	32314	34866																				
29.729	9444.0	9556.0	10929	9742.0	9185.0	9706.0	9311.0	9925.0	38861	30542	31771	35211																				
29.750	9055.0	9658.0	11009	9209.0	9203.0	9730.0	9285.0	9673.0	38990	30591	32403	35094																				
29.771	9612.0	9770.0	11109	9635.0	8862.0	9464.0	9190.0	10124	38830	31199	32047	34582																				
29.791	9520.0	9632.0	11037	9591.0	9219.0	9641.0	9345.0	9797.0	39464	31167	31854	35182																				
29.813	9607.0	9776.0	11072	9209.0	8951.0	9323.0	9314.0	9575.0	39313	30719	32168	35043																				
29.834	9301.0	9605.0	10886	10005	8897.0	9446.0	9182.0	9902.0	38270	31005	31898	35474																				
29.854	9746.0	9594.0	10888	9601.0	8761.0	9510.0	9395.0	10371	38974	31444	32236	35796																				
29.875	9338.0	9509.0	11162	9387.0	9012.0	9510.0	9398.0	9777.0	38476	31299	32413	35518																				
29.896	9436.0	9869.0	10743	9606.0	9250.0	9554.0	9434.0	9992.0	39578	31750	31797	35378																				
29.916	9360.0	9621.0	11024	9813.0	9463.0	9446.0	9182.0	9705.0	38770	31763	32118	35336																				
29.937	9296.0	9423.0	10946	9797.0	9248.0	9731.0	9520.0	9693.0	39432	31173	31976	35202																				
29.959	9349.0	9572.0	10930	9612.0	9058.0	9942.0	9362.0	9837.0	39305	30927	31913	35368																				
29.979	9382.0	9620.0	11045	9717.0	9099.0	9530.0	9463.0	10108	39136	31629	32026	35764																				
30.000	9522.0	9690.0	11029	9362.0	9286.0	9849.0	9177.0	9774.0	38963	32221	31881	35074																				
30.021	9494.0	9791.0	11281	9562.0	9371.0	9631.0	9136.0	9936.0	39055	31834	31660	35375																				
30.041	9243.0	9963.0	10860	9563.0	8932.0	9837.0	9296.0	9849.0	38934	31862	32150	35024																				
30.062	9611.0	9750.0	11250	9145.0	9155.0	9893.0	9252.0	9819.0	38560	31575	32039	34968																				
30.084	9495.0	9899.0	10857	9365.0	9089.0	9672.0	9747.0	9799.0	39039	31939	31996	35138																				
30.104	9215.0	9679.0	11284	9686.0	8893.0	9809.0	9242.0	10093	39419	33005	32467	34986																				
30.125	9295.0	9623.0	11152	9576.0	9167.0	9698.0	9498.0	9649.0	39192	31647	32381	34850																				
30.146	9530.0	9491.0	11352	9781.0	8928.0	9545.0	9629.0	9968.0	39723	32189	32213	35534																				
30.166	9701.0	9630.0	10958	9717.0	9177.0	9269.0	9431.0	9759.0	39134	33238	32273	35273																				
30.187	9519.0	8991.0	11248	9834.0	8906.0	9490.0	9424.0	9936.0	38874	32520	32357	35492																				
30.209	9652.0	9565.0	11061	9724.0	9550.0	9698.0	9354.0	9975.0	39350	32963	32688	35162																				
30.229	9416.0	9225.0	10936	9557.0	9229.0	9920.0	9114.0	9985.0	39062	32526	32752	35624																				
30.250	9363.0	9571.0	10880	9676.0	8997.0	9665.0	9380.0	10061	39270	33115	32582	35174																				
30.271	9222.0	9568.0	11191	9637.0	8954.0	9827.0	9544.0	10274	39146	32868	32398	35829																				
30.291	9149.0	9673.0	11099	9696.0	9314.0	9326.0	9268.0	9968.0	38830	32822	32579	35712																				
30.312	9404.0	9499.0	10880	9434.0	9063.0	9852.0	9420.0	10069	39456	32993	32226	34914																				
30.334	9716.0	9817.0	10808	9415.0	9304.0	9655.0	9127.0	9747.0	38708	33186	32328	35659																				
30.354	9274.0	9383.0	11234	9427.0	9258.0	9660.0	9408.0	9856.0	38964	33378	32437	35337																				
30.375	9601.0	9598.0	11187	9652.0	9243.0	9496.0	9422.0	10091	39275	32872	31963	35347																				
30.396	9410.0	9479.0	10718	9290.0	8844.0	9611.0	9670.0	10045	38929	32996	32401	35816																				
30.416	9325.0	9525.0	11228	9684.0	9508.0	9518.0	9278.0	9612.0	39388	32635	31786	35856																				
30.438	9488.0	9424.0	11265	9266.0	9345.0	9560.0	8969.0	9976.0	39521	33003	32802	35348																				
30.459	9165.0	9803.0	11079	9818.0	9286.0	9763.0	9138.0	9733.0	38890	33164	32430	35829																				
30.479	9312.0	9242.0	10974	9745.0	9220.0	9549.0	9185.0	10014	39560	32602	31948	35795																				
30.500	9156.0	9395.0	11073	9709.0	9217.0	9866.0	9356.0	9981.0	39450	32403	31908	34802																				
30.521	9383.0	9510.0	11140	9351.0	9079.0	9727.0	9416.0	9988.0	39185	32957	32718	35426																				
30.541	9474.0	8979.0	10998	9568.0	9283.0	9478.0	9385.0	10045	39202	33384	32130	35792																				
30.562	9516.0	9890.0	11316	9650.0	9151.0	9564.0	9400.0	10184	38939	33368	31827	35943																				
30.584	9149.0	9649.0	11150	9729.0	9221.0	9529.0	9543.0	9932.0	39081	32877	31897	35013																				
30.604	9733.0	9749.0	10651	9540.0	9289.0	9509.0	9451.0	9852.0	39311	33089	32485	34717																				
30.625	9212.0	9581.0	11346	9416.0	8961.0	9818.0	9325.0	10087	39125	32551	32028	35727																				
30.646	9361.0	9475.0	11427	9507.0	9031.0	9465.0	9243.0	9946.0	39410	32804	32570	35575																				
30.666	9160.0	9293.0	10811	9711.0	8822.0	9824.0	9198.0	9956.0	39255	32575	32959	35245																				
30.687	8954.0	9578.0	10904	9488.0	9405.0	9840.0	9280.0	10253	39897	33359	32535	34923																				
30.709	9336.0	9420.0	10893	9500.0	9366.0	9571.0	9229.0	9887.0	39422	32598	32251	35674																				
30.729	9575.0	9584.0	10949	9389.0	9302.0	9849.0	9395.0	9986.0	38971	33681	32290	35574																				
30.750	9726.0	9448.0	10759	9319.0	9116.0	9715.0	9572.0	10051	39880	33335	32385	35106																				
30.771	9306.0	9274.0	11084	9755.0	9218.0	9549.0	9447.0	10224	39413	32701	32227	35614																				
30.791	9459.0	9296.0	11086	9681.0	9046.0	9769.0	9298.0	9980.0	38975	33267	32141	36048																				
30.812	9197.0	9779.0	11210	9790.0	8853.0	9818.0	9562.0	10142	40126	33494	32237	35967																				
30.834	9532.0	9766.0	11070	9573.0	8961.0	10066	9340.0	10242	39260	33558	32253	35512																				
30.854	9584.0	9583.0	10902	9903.0	9210.0	9777.0	9493.0	10176	39614	33357	33010	35272																				
30.875	9380.0	9465.0	11001	9657.0	9032.0	9757.0	9205.0	10045	39599	33235	32125	35603																				
30.896	9342.0	9620.0	11015	9955.0	9175.0	9888.0	9339.0	9840.0	39375	33444	32626	35695																				
30.916	9410.0	9453.0	11202	9616.0	8886.0	9770.0	9521.0	9870.0	39838	32981	32635	35452																				
30.937	9449.0	9330.0	11165	9485.0	9123.0	9650.0	9282.0	9829.0	39776	34073	32001	35128																				
30.959	9625.0	9271.0	11000	9454.0	9219.0	9784.0	9146.0	9787.0	38989	33346	32274	35651																				
30.979	9432.0	9562.0	10695	9504.0	8779.0	9534.0	9835.0	9950.0	39084	33750	32171	35572																				
31.000	9330.0	9670.0	11215	9689.0	9345.0	9376.0	9558.0	9742.0	39506	33012	31898	35383																				
31.021	9398.0	9320.0	11015	9597.0	9203.0	10009	9434.0	9842.0	39464	32800	32508	35548																				
31.041	9716.0	9376.0	11054	10018	9477.0	9717.0	9259.0	10005	39526	33671	32341	35383																				
31.063	9379.0	9334.0	10983	9672.0	9177.0	9331.0	9113.0	10231	39652	33460	32138	35225																				
31.084	9451.0	9771.0	10765	9585.0	9202.0	9877.0	9392.0	9931.0	38706	34043	32828	35488																				
31.104	9421.0	9467.0	11362	9604.0	9302.0	9794.0	9199.0	9897.0	39109	33376	32169	35205																				
31.125	9380.0	9706.0	10934	9613.0	9083.0	9593.0	9444.0	10200	39513	33368	32513	35188																				
31.146	9533.0	9592.0	11136	9801.0	9252.0	9645.0	9241.0	9842.0	39436	33471	33321	36058																				
31.166	9283.0	9158.0	10969	9436.0	9169.0	9519.0	9381.0	9991.0	39122	34104	32956	35273																				
31.187	9555.0	9496.0	10709	9724.0	9118.0	9577.0	8871.0	10374	39463	33125	32083	36078																				
31.209	9537.0	9614.0	11171	9684.0	8807.0	10144	9175.0	10118	39793	33529	32300	35986																				
31.229	9453.0	9359.0	11014	9768.0	8988.0	9822.0	9487.0	10121	39361	33237	32791	35230																				
31.250	9245.0	9339.0	11027	9493.0	9152.0	9534.0	9139.0	10166	39996	33853	32078	35997																				
31.271	9613.0	9245.0	10920	9693.0	8773.0	9582.0	9368.0	9601.0	39524	33465	32267	35818																				
31.291	9297.0	9534.0	11132	9758.0	9038.0	9690.0	9029.0	10087	39936	33524	32625	36179																				
31.312	9407.0	9415.0	10738	9590.0	8888.0	9583.0	9386.0	10118	39658	33717	32172	35474																				
31.334	9776.0	9624.0	11289	9568.0	8963.0	9973.0	9159.0	9945.0	39545	33758	32502	35737																				
31.354	9164.0	9455.0	11099	9554.0	9157.0	9761.0	9112.0	9826.0	39641	34000	32790	35410																				
31.375	9449.0	9223.0	11255	9795.0	9430.0	9277.0	9010.0	10044	39508	33241	31927	35570																				
31.396	9729.0	9446.0	10872	9364.0	9037.0	9778.0	9317.0	10141	38821	34251	32080	35459																				
31.416	9399.0	9550.0	10915	9590.0	8966.0	9738.0	9178.0	10517	39466	34219	32967	35988																				
31.437	9212.0	9547.0	11272	9852.0	8952.0	9737.0	9587.0	10018	39628	33982	32638	35656																				
31.459	9523.0	9496.0	10709	9760.0	8828.0	9951.0	9315.0	10051	39358	34023	32617	36144																				
31.479	9386.0	9381.0	11091	9832.0	8961.0	10090	9167.0	9940.0	39791	34420	32322	35575																				
31.500	9435.0	9712.0	11214	9669.0	9157.0	9875.0	9444.0	10212	39496	33225	32797	36144																				
31.521	9076.0	9885.0	11165	9764.0	8968.0	9549.0	9131.0	10110	39637	34343	32582	35911																				
31.541	9029.0	9161.0	11261	9820.0	8997.0	9456.0	9418.0	10200	39123	33974	32197	35432																				
31.562	9275.0	9269.0	11166	10049	9124.0	9669.0	9115.0	9711.0	39296	34676	32622	35546																				
31.584	9273.0	9282.0	11127	9445.0	9151.0	9808.0	9013.0	10330	38800	33580	32337	36006																				
31.604	9430.0	9316.0	10828	9728.0	9294.0	9416.0	9289.0	10121	39626	34530	32327	35534																				
31.625	9343.0	9456.0	11093	9727.0	8954.0	9826.0	9253.0	10182	39655	33900	32842	35927																				
31.646	9427.0	9379.0	11064	9201.0	9266.0	9713.0	9603.0	9982.0	39639	34021	32247	35542																				
31.666	9575.0	9681.0	11053	9565.0	9412.0	9870.0	9565.0	10180	39346	34061	32691	35760																				
31.688	9299.0	9293.0	11025	9482.0	9003.0	9586.0	9477.0	9925.0	40068	34366	32314	35929																				
31.709	9064.0	9141.0	11251	9608.0	8960.0	9705.0	9412.0	10133	39397	33798	31715	35947																				
31.729	9252.0	9602.0	11151	9559.0	9387.0	9824.0	9187.0	10135	39349	33480	32359	35804																				
31.750	9682.0	9632.0	11043	9622.0	9139.0	9775.0	9441.0	10231	39316	34099	32784	36198																				
31.771	9375.0	9336.0	10847	9853.0	9073.0	9715.0	9446.0	10233	38944	33677	32057	35739																				
31.791	9637.0	9436.0	11309	9612.0	9417.0	10044	8995.0	10105	39428	34217	32624	35696																				
31.812	9222.0	9335.0	10995	9664.0	8887.0	9566.0	9300.0	10213	39052	34618	32108	36110																				
31.834	9463.0	9465.0	11153	9871.0	9032.0	9794.0	9219.0	10148	39487	34263	32022	35261																				
31.854	9104.0	9292.0	11025	9591.0	9077.0	9866.0	9303.0	9961.0	40466	34425	32454	35907																				
31.875	9499.0	9385.0	11192	9586.0	9169.0	9494.0	9347.0	10010	40259	33253	32474	36342																				
31.896	9422.0	9235.0	11070	9498.0	9039.0	9648.0	9586.0	10206	39091	34570	32137	36308																				
31.916	9609.0	9488.0	10978	9918.0	9040.0	9901.0	9540.0	10184	39814	33526	32438	35951																				
31.937	9016.0	9446.0	10955	9517.0	9240.0	9547.0	9435.0	10384	40080	34546	32502	36130																				
31.959	9252.0	9124.0	10634	9942.0	9326.0	9732.0	9480.0	10258	39384	33806	32010	36548																				
31.979	9442.0	9125.0	11351	9589.0	9105.0	9555.0	9534.0	10094	38686	34884	32510	36112																				
32.000	9033.0	9372.0	11053	9668.0	8925.0	9636.0	9047.0	10094																								
32.021	9645.0	9685.0	11066	9643.0	8838.0	9940.0	9282.0	10089																								
32.041	9677.0	9696.0	10855	9857.0	9273.0	9787.0	9395.0	9980.0																								
32.062	9494.0	9359.0	11260	9581.0	9151.0	9871.0	9530.0	10219																								
32.084	9491.0	9402.0	11077	9528.0	9100.0	9713.0	9572.0	10103																								
32.104	9463.0	9331.0	11351	9778.0	8913.0	9532.0	9580.0	10070																								
32.125	9669.0	9543.0	11260	9754.0	9173.0	9778.0	9936.0	10045																								
32.146	9277.0	9551.0	11240	9836.0	9486.0	10023	9280.0	10011																								
32.166	9506.0	9104.0	11443	9481.0	8987.0	9597.0	9590.0	10166																								
32.187	9370.0	9486.0	10911	9531.0	9281.0	9544.0	9400.0	9989.0																								
32.209	9412.0	9460.0	11152	9591.0	9336.0	9609.0	9916.0	10199																								
32.229	9826.0	9400.0	10705	9451.0	9240.0	9668.0	9663.0	10194																								
32.250	9320.0	9412.0	10816	9592.0	8858.0	9940.0	9196.0	10098																								
32.271	9197.0	9401.0	11182	9463.0	9254.0	10085	9273.0	10013																								
32.291	9389.0	9406.0	11213	9509.0	9388.0	10076	9690.0	10100																								
32.313	9399.0	9510.0	11173	9542.0	9096.0	9318.0	9643.0	10071																								
32.334	9531.0	9504.0	11004	9577.0	9372.0	9823.0	9550.0	10040																								
32.354	9530.0	9446.0	11225	9661.0	9177.0	9728.0	9434.0	10223																								
32.375	9434.0	9595.0	10931	10011	9047.0	9740.0	9655.0	10088																								
32.396	9077.0	9484.0	11210	9758.0	9106.0	9879.0	9506.0	10550																								
32.416	9145.0	9440.0	10640	9730.0	9180.0	9555.0	9479.0	10083																								
32.437	9488.0	8960.0	10727	9808.0	9238.0	9629.0	9264.0	10310																								
32.459	9396.0	9294.0	11057	9763.0	9008.0	9897.0	9075.0	10074																								
32.479	8987.0	9353.0	11337	9639.0	9163.0	9986.0	9442.0	10229																								
32.500	9445.0	9131.0	10815	9637.0	9185.0	9729.0	9465.0	10421																								
32.521	9603.0	9159.0	10906	9965.0	8957.0	10079	9502.0	10245																								
32.541	9187.0	9568.0	10890	9382.0	8892.0	9868.0	9359.0	10313																								
32.562	9737.0	9582.0	10934	9171.0	8941.0	9623.0	9687.0	10157																								
32.584	9364.0	9159.0	10822	9758.0	8914.0	9858.0	9311.0	10067																								
32.604	9423.0	9461.0	11352	9693.0	9264.0	9610.0	9491.0	10430																								
32.625	9299.0	9610.0	11067	9446.0	9281.0	9818.0	9554.0	9964.0																								
32.646	9102.0	9373.0	11044	9762.0	8870.0	9732.0	9306.0	9937.0																								
32.666	9390.0	9411.0	11095	9425.0	9063.0	9937.0	9458.0	10092																								
32.687	9557.0	9756.0	10621	10049	8991.0	9792.0	9695.0	10444																								
32.709	9375.0	9301.0	10955	9400.0	9387.0	9661.0	9431.0	10023																								
32.729	9447.0	9459.0	11000	9810.0	9108.0	9899.0	9390.0	10241																								
32.750	9447.0	9251.0	11170	9529.0	8922.0	9931.0	9338.0	10225																								
32.771	9346.0	9226.0	10934	9661.0	9130.0	9766.0	9423.0	10220																								
32.791	9406.0	9393.0	10787	9678.0	9331.0	9851.0	9247.0	10348																								
32.812	9555.0	9552.0	11135	9376.0	9171.0	9723.0	9582.0	10209																								
32.834	9102.0	9300.0	11318	9333.0	8940.0	10025	9378.0	10017																								
32.854	9228.0	9327.0	11045	9783.0	9114.0	9588.0	9600.0	10273																								
32.875	9333.0	9532.0	10800	9435.0	9215.0	9952.0	9474.0	10278																								
32.896	9652.0	9390.0	11029	9392.0	9200.0	9728.0	9536.0	10262																								
32.916	9581.0	9600.0	11162	9768.0	9224.0	9944.0	9329.0	10179																								
32.938	9271.0	9045.0	11127	9654.0	8937.0	9836.0	9333.0	10100																								
32.959	9674.0	9260.0	10781	9520.0	9101.0	9566.0	9793.0	10359																								
32.979	9537.0	9324.0	11056	9295.0	9346.0	9943.0	9515.0	10174																								
33.000	9247.0	9567.0	10987	9485.0	9361.0	9789.0	9558.0	10609																								
33.021	9235.0	9389.0	11480	9616.0	9186.0	10015	9411.0	10078																								
33.041	9443.0	9476.0	10744	9678.0	8974.0	9723.0	9523.0	10210																								
33.062	9680.0	9169.0	10986	9542.0	8723.0	9945.0	9640.0	10141																								
33.084	9596.0	9650.0	10798	9690.0	8899.0	10145	9894.0	10212																								
33.104	9610.0	9351.0	11253	9400.0	9286.0	9585.0	9626.0	10227																								
33.125	9594.0	9213.0	10715	9671.0	9368.0	9826.0	9267.0	10489																								
33.146	9397.0	9138.0	11033	9591.0	9061.0	9720.0	9402.0	10231																								
33.166	9346.0	9220.0	10895	10003	8658.0	9556.0	9506.0	10138																								
33.187	9434.0	9439.0	11347	9153.0	8946.0	10004	9504.0	10419																								
33.209	9161.0	9110.0	10719	9300.0	9430.0	9622.0	9459.0	10165																								
33.229	9574.0	9210.0	10801	9465.0	9024.0	9536.0	9327.0	10425																								
33.250	9309.0	9526.0	11017	9479.0	8990.0	9875.0	8936.0	10454																								
33.271	9232.0	9253.0	11093	9502.0	9054.0	9757.0	9502.0	10217																								
33.291	9262.0	9317.0	11142	9565.0	9363.0	10134	9306.0	10174																								
33.312	9179.0	9570.0	10800	9717.0	9314.0	10001	9811.0	10684																								
33.334	9392.0	8947.0	11316	9517.0	9323.0	10112	9344.0	10282																								
33.354	9285.0	9364.0	10971	9883.0	9107.0	9687.0	9311.0	10404																								
33.375	9414.0	9184.0	11059	9620.0	9165.0	9623.0	9419.0	10072																								
33.396	9536.0	9366.0	11023	9679.0	9124.0	9640.0	9791.0	10376																								
33.416	9508.0	9428.0	11142	9643.0	9200.0	9791.0	9408.0	10020																								
33.437	9561.0	9387.0	10912	9879.0	9186.0	10152	9575.0	10043																								
33.459	9411.0	9247.0	11080	9649.0	8961.0	9999.0	9748.0	10386																								
33.479	9502.0	9208.0	10751	9622.0	8981.0	9519.0	9384.0	10712																								
33.500	9504.0	9065.0	10919	10017	9514.0	9882.0	9372.0	10634																								
33.521	9473.0	9214.0	10813	9791.0	9349.0	10019	9805.0	10421																								
33.541	9105.0	9419.0	10975	9676.0	9187.0	9680.0	9527.0	10104																								
33.563	9224.0	9294.0	11087	9575.0	9515.0	9848.0	9681.0	10373																								
33.584	9398.0	9391.0	10698	9706.0	8962.0	9695.0	9795.0	10420																								
33.604	9561.0	9442.0	11003	9306.0	9097.0	9685.0	9253.0	10568																								
33.625	9065.0	9534.0	10824	9313.0	8765.0	9849.0	9718.0	10185																								
33.646	9354.0	8986.0	11024	9342.0	9299.0	10105	9382.0	10408																								
33.666	9213.0	9546.0	10658	9435.0	9502.0	10236	9475.0	10121																								
33.687	9846.0	9323.0	11280	9781.0	9537.0	9759.0	9545.0	10425																								
33.709	9288.0	9467.0	11310	9780.0	9092.0	9954.0	9436.0	9970.0																								
33.729	9736.0	9403.0	11021	9135.0	9249.0	9856.0	9806.0	10229																								
33.750	9284.0	9541.0	11043	9731.0	9174.0	9673.0	9219.0	10333																								
33.771	9598.0	9455.0	10919	9841.0	9308.0	9593.0	9596.0	10492																								
33.791	9278.0	9402.0	11200	9304.0	9085.0	9684.0	9176.0	10382																								
33.812	9357.0	9619.0	11163	9779.0	9263.0	9838.0	9773.0	10443																								
33.834	9426.0	9444.0	10848	9459.0	9219.0	10125	9410.0	10584																								
33.854	9278.0	9558.0	11086	9571.0	9423.0	10055	9744.0	10747																								
33.875	9364.0	9478.0	11214	9778.0	9275.0	10118	9571.0	10471																								
33.896	9480.0	9281.0	11247	9571.0	9118.0	9664.0	9205.0	10365																								
33.916	9385.0	9386.0	10911	9655.0	9172.0	9913.0	9703.0	10164																								
33.937	9365.0	9568.0	10891	9584.0	9121.0	9854.0	9500.0	10543																								
33.959	9349.0	9083.0	10978	9506.0	9311.0	9777.0	9430.0	10559																								
33.979	9267.0	9557.0	10908	9841.0	9107.0	10140	9568.0	10678																								
34.000	9368.0	9225.0	10964	9612.0	9238.0	9852.0	9395.0	10750																								
34.021	9599.0	9397.0	10551	9748.0	9261.0	10007	9246.0	10377																								
34.041	9511.0	9119.0	10839	9527.0	9101.0	9951.0	9538.0	10360																								
34.062	9357.0	9287.0	11172	9931.0	9217.0	9950.0	9434.0	10699																								
34.084	9492.0	9560.0	11082	9544.0	9394.0	9800.0	9655.0	10379																								
34.104	9194.0	9405.0	11218	9738.0	9324.0	9809.0	9318.0	10326																								
34.125	9573.0	9563.0	11200	9766.0	9296.0	9769.0	9486.0	10397																								
34.146	9527.0	9592.0	10888	9571.0	9269.0	9770.0	9419.0	10644																								
34.166	9091.0	9453.0	10919	9497.0	9279.0	9969.0	9385.0	10263																								
34.188	9578.0	9263.0	10813	9699.0	9116.0	10107	9185.0	10481																								
34.209	9231.0	9626.0	11115	9779.0	9254.0	9926.0	9655.0	10496																								
34.229	9237.0	9432.0	10917	9494.0	9291.0	9885.0	9070.0	10309																								
34.250	9395.0	9144.0	11314	9375.0	8925.0	9883.0	9325.0	10423																								
34.271	9162.0	9475.0	10831	9701.0	9274.0	10056	9286.0	10533																								
34.291	9310.0	9110.0	10906	9707.0	9067.0	9881.0	9595.0	10370																								
34.312	9634.0	9543.0	10816	9634.0	9266.0	9715.0	9568.0	10689																								
34.334	9402.0	9207.0	11100	9491.0	9165.0	9846.0	9355.0	10564																								
34.354	9250.0	9158.0	10963	9485.0	9139.0	9825.0	9375.0	10473																								
34.375	9406.0	9362.0	10763	9501.0	9151.0	9960.0	9481.0	10396																								
34.396	9159.0	9375.0	10687	9849.0	9373.0	10017	9654.0	10427																								
34.416	9553.0	9106.0	10680	9810.0	9068.0	9936.0	9259.0	10425																								
34.437	9387.0	9467.0	11068	9461.0	9122.0	9961.0	9618.0	10298																								
34.459	9605.0	9612.0	11181	9408.0	9392.0	10198	9608.0	10508																								
34.479	9773.0	9586.0	10920	9818.0	9079.0	10035	9507.0	10296																								
34.500	9493.0	9255.0	11057	9695.0	9319.0	10055	9331.0	10876																								
34.521	9192.0	9289.0	10719	9283.0	9056.0	9974.0	9469.0	10612																								
34.541	9211.0	9275.0	11372	9789.0	9513.0	9906.0	9602.0	10591																								
34.562	9532.0	9075.0	10977	10168	8996.0	9980.0	9346.0	10301																								
34.584	9273.0	9562.0	11243	9656.0	8855.0	9972.0	9401.0	10637																								
34.604	9272.0	9311.0	11055	9793.0	9111.0	10233	9826.0	10468																								
34.625	9084.0	9708.0	10764	9652.0	9113.0	9961.0	9768.0	10491																								
34.646	9262.0	9444.0	10647	9577.0	9171.0	9650.0	9930.0	10286																								
34.666	9467.0	9136.0	10661	9374.0	9222.0	9781.0	9166.0	10399																								
34.687	9693.0	9297.0	10928	9869.0	9040.0	9957.0	9409.0	10963																								
34.709	9255.0	9479.0	10869	9608.0	9395.0	9701.0	9462.0	10406																								
34.729	9159.0	9145.0	11043	9938.0	9089.0	9951.0	9239.0	10924																								
34.750	9140.0	9256.0	11030	9949.0	9460.0	9894.0	9572.0	10630																								
34.771	9474.0	9093.0	10578	9804.0	9281.0	10058	9737.0	10625																								
34.791	9394.0	9375.0	10948	9655.0	9207.0	9758.0	9299.0	10749																								
34.813	9617.0	9264.0	11134	9839.0	8915.0	9700.0	9277.0	10302																								
34.834	9422.0	9298.0	10816	9660.0	9535.0	9798.0	9467.0	10471																								
34.854	9475.0	9358.0	11180	9286.0	9117.0	9855.0	9541.0	10838																								
34.875	9027.0	9300.0	10717	9813.0	9148.0	9943.0	9957.0	10505																								
34.896	9227.0	9261.0	11082	9223.0	9063.0	10168	9696.0	10424																								
34.916	9492.0	9271.0	11148	9737.0	9099.0	9687.0	9794.0	10639																								
34.937	9135.0	9465.0	10966	9710.0	9221.0	9886.0	9460.0	10407																								
34.959	9760.0	9192.0	10904	9711.0	9029.0	10030	9261.0	10538																								
34.979	9517.0	9529.0	11004	9539.0	9195.0	9998.0	9139.0	10592																								
35.000	9163.0	9364.0	10764	9910.0	8860.0	9774.0	9728.0	10753																								
35.021	9594.0	9517.0	10918	9602.0	9261.0	9789.0	9516.0	10756																								
35.041	9510.0	9285.0	11143	9675.0	9055.0	10152	9442.0	10267																								
35.062	9239.0	9371.0	10676	9448.0	9199.0	10300	9133.0	10508																								
35.084	9183.0	9512.0	11266	9568.0	9067.0	9843.0	9490.0	10543																								
35.104	9493.0	9189.0	10889	9556.0	9345.0	10377	9256.0	10626																								
35.125	9108.0	9507.0	10825	9770.0	9272.0	9829.0	9606.0	10303																								
35.146	9143.0	9318.0	11127	9682.0	9299.0	9918.0	9273.0	10721																								
35.166	9516.0	9381.0	11117	9692.0	9019.0	9846.0	9016.0	10461																								
35.187	9085.0	9186.0	10954	9524.0	9378.0	10185	9428.0	10519																								
35.209	9302.0	9481.0	11095	9691.0	9082.0	9641.0	9506.0	10704																								
35.229	9115.0	9155.0	10883	9740.0	9088.0	9879.0	9678.0	10732																								
35.250	9216.0	9332.0	10986	9912.0	9577.0	9776.0	9470.0	10854																								
35.271	9631.0	9486.0	10620	9416.0	8969.0	9737.0	9444.0	10380																								
35.291	9089.0	9574.0	10737	9636.0	9162.0	10010	9012.0	10855																								
35.312	9323.0	9230.0	10775	9714.0	8748.0	9882.0	9686.0	10607																								
35.334	9352.0	9281.0	11052	10050	9073.0	10097	9452.0	10298																								
35.354	9423.0	9374.0	10844	9708.0	9221.0	10092	9468.0	10838																								
35.375	9362.0	9530.0	10756	9917.0	9499.0	9753.0	9484.0	10624																								
35.396	9178.0	9615.0	10396	9345.0	9051.0	9545.0	9458.0	10777																								
35.416	9382.0	9272.0	10927	9484.0	8983.0	9809.0	9350.0	10707																								
35.438	8984.0	9382.0	10956	9566.0	9139.0	9721.0	9430.0	10708																								
35.459	9178.0	9027.0	10776	9522.0	9121.0	10073	9414.0	10716																								
35.479	9395.0	9545.0	10834	9526.0	9258.0	9840.0	9474.0	10214																								
35.500	9296.0	9073.0	10828	9775.0	9124.0	9840.0	9569.0	10518																								
35.521	8805.0	9299.0	10993	9465.0	9267.0	10137	9704.0	10651																								
35.541	9601.0	9742.0	11062	9607.0	8942.0	9663.0	9812.0	10894																								
35.562	9155.0	9283.0	11075	9495.0	9021.0	10005	9544.0	10614																								
35.584	9255.0	9526.0	10769	9766.0	8969.0	9892.0	9667.0	11035																								
35.604	9310.0	9325.0	10829	9648.0	9029.0	9996.0	9581.0	10758																								
35.625	9301.0	9544.0	10841	9511.0	8976.0	10009	9413.0	11103																								
35.646	9517.0	9672.0	10979	9664.0	8983.0	9805.0	9257.0	10822																								
35.666	9622.0	9948.0	10844	9401.0	8971.0	9793.0	9805.0	10753																								
35.687	9197.0	9555.0	10768	9484.0	9097.0	9987.0	9460.0	10971																								
35.709	8978.0	9561.0	10862	9510.0	8932.0	9984.0	9687.0	10801																								
35.729	9401.0	9236.0	11005	9612.0	9208.0	10185	9369.0	10909																								
35.750	9166.0	9234.0	10507	9434.0	9467.0	9656.0	9322.0	10539																								
35.771	9208.0	9363.0	11375	9734.0	9430.0	9476.0	9411.0	10444																								
35.791	9287.0	9351.0	10773	9807.0	9273.0	9893.0	9282.0	10457																								
35.812	8987.0	9240.0	10815	9746.0	9365.0	10014	9708.0	10634																								
35.834	9140.0	9233.0	10835	9728.0	9018.0	10294	9136.0	10810																								
35.854	9482.0	9441.0	10938	9621.0	9319.0	9931.0	9542.0	10658																								
35.875	9295.0	9691.0	11076	9719.0	8968.0	9745.0	9189.0	11048																								
35.896	9449.0	9252.0	10843	9505.0	9320.0	10091	9381.0	10918																								
35.916	9029.0	9131.0	10985	9790.0	9019.0	9669.0	9594.0	10612																								
35.937	9407.0	9180.0	10935	9646.0	9152.0	9882.0	9616.0	10891																								
35.959	9262.0	9096.0	11098	9725.0	9205.0	9926.0	9565.0	10682																								
35.979	9372.0	9228.0	10897	9438.0	9093.0	9730.0	9356.0	10878																								
36.000	9208.0	9459.0	10668	9720.0	9140.0	10115	9535.0	10730																								
36.021	9171.0	9153.0	11058	9486.0	9136.0	9880.0	9827.0	10948																								
36.041	9523.0	9481.0	10988	9899.0	9199.0	9875.0	9591.0	10561																								
36.063	9286.0	9481.0	10895	9755.0	9426.0	9988.0	9547.0	10780																								
36.084	9207.0	9379.0	11178	9621.0	9437.0	9977.0	9578.0	10554																								
36.104	9171.0	8940.0	10807	9787.0	9131.0	9905.0	9437.0	10750																								
36.125	9163.0	9448.0	10767	9638.0	9388.0	9896.0	9523.0	10562																								
36.146	9155.0	9050.0	11158	10059	9497.0	10053	9253.0	10736																								
36.166	9122.0	9057.0	10869	9621.0	8842.0	9946.0	9391.0	10629																								
36.187	9360.0	9193.0	11028	9769.0	9226.0	9917.0	9506.0	10768																								
36.209	9388.0	9250.0	11198	10021	9205.0	9976.0	9666.0	10862																								
36.229	9196.0	9370.0	10865	9887.0	9088.0	10093	9308.0	10841																								
36.250	9303.0	9369.0	10789	9882.0	9148.0	9610.0	9158.0	11052																								
36.271	9210.0	9088.0	11051	9953.0	8997.0	9587.0	9433.0	10878																								
36.291	9182.0	9571.0	10801	9785.0	9184.0	9981.0	9726.0	10881																								
36.312	9321.0	9014.0	10795	9632.0	9178.0	10003	9554.0	10619																								
36.334	9146.0	9132.0	11176	9681.0	8982.0	10141	9541.0	11222																								
36.354	9497.0	9383.0	11131	9679.0	9195.0	9888.0	9059.0	11186																								
36.375	9512.0	9500.0	10751	9762.0	9167.0	10044	9449.0	10873																								
36.396	9086.0	9432.0	10830	9751.0	9162.0	9935.0	9160.0	11046																								
36.416	9528.0	9489.0	10925	9510.0	9372.0	10199	9690.0	10851																								
36.437	9483.0	9469.0	10595	9776.0	8875.0	9787.0	9603.0	10870																								
36.459	9607.0	9504.0	11233	9588.0	9061.0	9886.0	9799.0	10545																								
36.479	9167.0	9287.0	10792	9673.0	9305.0	10048	9496.0	10975																								
36.500	9279.0	9147.0	10927	9585.0	9236.0	9888.0	9487.0	10639																								
36.521	9294.0	9459.0	11057	9700.0	9314.0	9888.0	9546.0	10648																								
36.541	9486.0	9414.0	11036	9617.0	9072.0	10354	9624.0	10838																								
36.562	9415.0	9652.0	10841	9704.0	9008.0	9926.0	9530.0	10648																								
36.584	9521.0	9587.0	11042	9258.0	9321.0	10302	9744.0	10977																								
36.604	9376.0	9321.0	10784	9702.0	9332.0	9999.0	9582.0	11028																								
36.625	9423.0	9397.0	10701	9983.0	9110.0	10037	9758.0	10927																								
36.646	9091.0	9486.0	11051	9681.0	9445.0	10163	9571.0	10964																								
36.666	9345.0	9198.0	10813	9482.0	9343.0	10237	9357.0	10903																								
36.688	9543.0	9358.0	10905	9638.0	9255.0	9962.0	9402.0	10649																								
36.709	9478.0	9185.0	11040	9553.0	9000.0	10278	9417.0	10942																								
36.729	9389.0	9303.0	10729	9725.0	8957.0	10094	9642.0	11182																								
36.750	9450.0	9411.0	10558	9195.0	9042.0	9950.0	9581.0	10808																								
36.771	9058.0	9205.0	10746	9474.0	9314.0	10227	9386.0	11018																								
36.791	9302.0	9421.0	10925	9564.0	8972.0	10062	9295.0	10636																								
36.812	9352.0	9231.0	11139	9362.0	9148.0	9968.0	9420.0	10992																								
36.834	9530.0	9464.0	11039	9398.0	9555.0	9810.0	9447.0	10764																								
36.854	9259.0	9012.0	11279	9488.0	9305.0	10137	9087.0	11013																								
36.875	9391.0	9261.0	10360	9815.0	9474.0	10080	9618.0	10732																								
36.896	9474.0	9536.0	11076	9690.0	8939.0	9946.0	9641.0	10812																								
36.916	9438.0	9436.0	10741	9678.0	8908.0	10140	9538.0	11023																								
36.937	9085.0	9024.0	10822	9538.0	9199.0	10180	9655.0	11381																								
36.959	9176.0	9110.0	10954	9927.0	9335.0	9904.0	9722.0	11180																								
36.979	9607.0	9141.0	10731	9613.0	8982.0	10168	9485.0	11008																								
37.000	9346.0	9483.0	10793	9720.0	9176.0	10122	9216.0	10913																								
37.021	9251.0	9194.0	10829	9848.0	9362.0	9903.0	9529.0	10749																								
37.041	9428.0	9258.0	10584	9435.0	9128.0	10081	9244.0	11108																								
37.062	9584.0	9401.0	11043	9617.0	9170.0	9960.0	9235.0	10873																								
37.084	9265.0	9480.0	10848	9431.0	9412.0	10322	9468.0	10841																								
37.104	9301.0	9055.0	10384	9787.0	9473.0	9902.0	9393.0	10792																								
37.125	9448.0	9571.0	10575	9750.0	9288.0	10164	9238.0	11135																								
37.146	9306.0	9032.0	10928	9573.0	9221.0	10094	9366.0	11005																								
37.166	9254.0	9178.0	11087	9521.0	9335.0	9843.0	9602.0	10676																								
37.187	9347.0	9320.0	10784	9712.0	9314.0	10044	9653.0	10739																								
37.209	9458.0	9378.0	10788	9257.0	9276.0	10327	9369.0	10842																								
37.229	9587.0	9643.0	11080	9406.0	9256.0	10133	9468.0	11158																								
37.250	9477.0	9187.0	11150	9595.0	9099.0	10185	9408.0	10802																								
37.271	9549.0	9381.0	10802	9903.0	9148.0	10318	9625.0	11299																								
37.291	9549.0	9300.0	11227	9781.0	8921.0	10280	9569.0	11250																								
37.313	9432.0	9222.0	10753	9644.0	9231.0	10297	9381.0	11097																								
37.334	9418.0	9149.0	10851	9557.0	9104.0	10201	9315.0	11153																								
37.354	9213.0	8998.0	10986	9406.0	8994.0	9912.0	9755.0	11121																								
37.375	9328.0	9034.0	10763	9332.0	9419.0	10277	9510.0	11177																								
37.396	9033.0	9199.0	10881	9702.0	9191.0	10083	9485.0	11175																								
37.416	9253.0	9403.0	10953	9861.0	9143.0	9834.0	9587.0	10671																								
37.437	9342.0	9443.0	10579	10010	9146.0	10002	9421.0	11078																								
37.459	9402.0	9323.0	10588	9743.0	9017.0	9972.0	9605.0	10935																								
37.479	9373.0	9428.0	11078	9910.0	9282.0	9915.0	9627.0	10853																								
37.500	9530.0	9292.0	10842	9533.0	9280.0	10083	9296.0	11089																								
37.521	9477.0	9359.0	11084	9919.0	9258.0	10086	9395.0	11593																								
37.541	9448.0	9070.0	11056	9564.0	9144.0	10170	9426.0	11384																								
37.562	9353.0	9161.0	10669	9550.0	8962.0	10229	9354.0	11348																								
37.584	9489.0	9325.0	10828	9597.0	9366.0	9639.0	9310.0	11546																								
37.604	9194.0	9518.0	11150	9734.0	9088.0	10259	9495.0	10891																								
37.625	9484.0	9431.0	11107	9359.0	9260.0	10088	9391.0	10873																								
37.646	9043.0	9297.0	11104	9531.0	9123.0	10169	9336.0	11014																								
37.666	9102.0	9142.0	10804	9457.0	8978.0	10359	9429.0	10662																								
37.687	9265.0	9218.0	10828	9558.0	9105.0	10056	9467.0	11161																								
37.709	9375.0	9168.0	10664	9870.0	9203.0	10070	9624.0	11306																								
37.729	9011.0	9687.0	10931	9386.0	8919.0	9582.0	9515.0	10800																								
37.750	9447.0	9306.0	10876	9578.0	9105.0	9980.0	9599.0	11296																								
37.771	9410.0	9259.0	11007	9800.0	9156.0	10090	9561.0	11032																								
37.791	9200.0	9416.0	10791	9760.0	9331.0	10394	9435.0	11272																								
37.812	9482.0	9313.0	10910	9330.0	9258.0	10193	9428.0	10845																								
37.834	9524.0	9465.0	10953	9557.0	9017.0	9881.0	9330.0	11151																								
37.854	9400.0	9244.0	11124	9919.0	9228.0	10024	9492.0	11146																								
37.875	9260.0	9161.0	10832	9674.0	9357.0	9974.0	9426.0	11199																								
37.896	9533.0	9476.0	10872	9678.0	9144.0	10255	9576.0	10828																								
37.916	9461.0	9541.0	10914	9398.0	9369.0	10137	9370.0	11271																								
37.938	9571.0	9304.0	10993	9574.0	9517.0	10234	9483.0	10816																								
37.959	9309.0	9472.0	11131	9866.0	9447.0	10104	9695.0	11368																								
37.979	9166.0	9469.0	11286	9660.0	8881.0	10293	9421.0	10792																								
38.000	9128.0	9775.0	11110	9769.0	9308.0	10018	9154.0	10925																								
38.021	9477.0	9159.0	10958	9718.0	9582.0	9814.0	9731.0	11235																								
38.041	9100.0	9156.0	10846	9485.0	9285.0	9825.0	9282.0	11326																								
38.062	9296.0	9183.0	10812	9719.0	9568.0	9922.0	9723.0	11178																								
38.084	9197.0	9041.0	11181	9794.0	9206.0	9939.0	9445.0	11274																								
38.104	9480.0	9168.0	11017	9511.0	9298.0	9993.0	9413.0	11045																								
38.125	9351.0	9370.0	10728	9562.0	9369.0	10087	9386.0	11068																								
38.146	9141.0	9149.0	10914	9427.0	9118.0	9860.0	9683.0	11340																								
38.166	9380.0	9140.0	10915	9570.0	9184.0	10204	9506.0	11101																								
38.187	9160.0	9358.0	10796	9791.0	9576.0	10092	9385.0	11217																								
38.209	9304.0	9215.0	11122	9695.0	9419.0	10048	9428.0	10796																								
38.229	9657.0	9162.0	11014	9454.0	9565.0	10119	9513.0	11350																								
38.250	9327.0	9156.0	10661	9745.0	9747.0	9862.0	9287.0	10980																								
38.271	9567.0	9570.0	10543	9591.0	9309.0	9972.0	9357.0	11124																								
38.291	9231.0	9234.0	11043	9710.0	9595.0	10451	9556.0	11434																								
38.312	9403.0	9799.0	10695	9488.0	9644.0	10111	9620.0	11071																								
38.334	9356.0	9257.0	10802	9677.0	9406.0	9864.0	9331.0	11141																								
38.354	9090.0	9242.0	10475	9720.0	9384.0	10267	9328.0	11213																								
38.375	9532.0	9480.0	10438	9777.0	9464.0	9905.0	9387.0	11186																								
38.396	9238.0	9212.0	11080	9365.0	9132.0	9951.0	9372.0	11207																								
38.416	9028.0	9324.0	11291	9576.0	9593.0	10104	9671.0	11080																								
38.437	9486.0	9126.0	10888	9427.0	9615.0	10094	9533.0	11233																								
38.459	9077.0	9312.0	10889	9601.0	9490.0	10245	9510.0	11221																								
38.479	9297.0	9219.0	10734	9487.0	9397.0	10083	9571.0	11192																								
38.500	9338.0	9040.0	10664	9684.0	9140.0	9840.0	9702.0	11173																								
38.521	9162.0	9271.0	10742	9433.0	9345.0	9931.0	9603.0	11296																								
38.541	9228.0	9306.0	10613	10068	9520.0	9867.0	9654.0	11381																								
38.563	9378.0	9384.0	10979	9654.0	9383.0	10121	9413.0	11420																								
38.584	9278.0	9274.0	10577	9623.0	9598.0	10206	9145.0	11567																								
38.604	9367.0	9490.0	11010	9271.0	9445.0	9947.0	9710.0	11243																								
38.625	9272.0	9487.0	10857	9528.0	9275.0	9872.0	9333.0	11335																								
38.646	9608.0	9415.0	10716	10060	9340.0	10187	9480.0	11121																								
38.666	9248.0	9386.0	10840	9919.0	9431.0	10041	9314.0	10964																								
38.687	9259.0	9284.0	11051	9824.0	9229.0	10111	9332.0	11282																								
38.709	9308.0	9471.0	10864	9799.0	9243.0	9946.0	9375.0	11220																								
38.729	9700.0	9402.0	10840	9559.0	9622.0	10208	9243.0	11106																								
38.750	9092.0	9087.0	10792	9767.0	9670.0	10175	9453.0	11145																								
38.771	9184.0	9531.0	11090	9678.0	9377.0	10273	9270.0	11178																								
38.791	9429.0	9419.0	10738	9961.0	9419.0	10167	9405.0	11147																								
38.812	9167.0	9092.0	11017	9913.0	9466.0	10339	9343.0	11156																								
38.834	9475.0	9203.0	11140	9719.0	9509.0	10532	9447.0	11183																								
38.854	9041.0	9046.0	10730	9578.0	9183.0	10537	9370.0	10937																								
38.875	9673.0	9733.0	10885	9537.0	9346.0	10027	9329.0	11574																								
38.896	9148.0	9640.0	10955	9322.0	9407.0	10053	9430.0	11430																								
38.916	9250.0	9347.0	10964	9673.0	9017.0	10014	9463.0	11217																								
38.937	9462.0	9068.0	10669	9610.0	9344.0	10118	9865.0	11294																								
38.959	9132.0	9105.0	10747	9816.0	9274.0	9976.0	9338.0	11854																								
38.979	9509.0	9232.0	10583	9750.0	9114.0	10064	9477.0	11436																								
39.000	9325.0	8888.0	10869	9821.0	9234.0	10068	9363.0	11132																								
39.021	9207.0	9241.0	10884	10147	9469.0	9977.0	9227.0	11421																								
39.041	9311.0	9388.0	10507	9885.0	9424.0	10036	9575.0	11500																								
39.062	8999.0	9403.0	10790	9284.0	9153.0	10059	9826.0	11298																								
39.084	9324.0	9306.0	10869	9518.0	9117.0	10308	9205.0	11439																								
39.104	9272.0	9052.0	10640	9440.0	9337.0	10241	9452.0	11689																								
39.125	9380.0	9431.0	10611	9851.0	9250.0	10084	9457.0	11482																								
39.146	9396.0	9009.0	10894	9601.0	9262.0	10133	9331.0	11653																								
39.166	9402.0	9528.0	10948	9942.0	9481.0	10203	9435.0	11528																								
39.188	9359.0	8989.0	11143	9533.0	9255.0	10382	9447.0	11515																								
39.209	9101.0	9500.0	11220	9576.0	9367.0	10138	9468.0	11665																								
39.229	9480.0	9214.0	11041	9539.0	9236.0	9968.0	9517.0	11583																								
39.250	9356.0	9251.0	10797	9632.0	9449.0	10211	9262.0	11543																								
39.271	9154.0	9086.0	11295	9696.0	9279.0	9769.0	9638.0	11106																								
39.291	9515.0	9634.0	10977	9932.0	9415.0	10144	9398.0	11386																								
39.312	9437.0	9256.0	10804	9640.0	9497.0	10253	9365.0	11214																								
39.334	9319.0	8835.0	10587	9865.0	9649.0	10426	9201.0	11533																								
39.354	9480.0	9345.0	10939	9804.0	9668.0	10171	9614.0	11358																								
39.375	9201.0	8900.0	11020	9552.0	9261.0	9949.0	9575.0	11589																								
39.396	9354.0	9138.0	11167	9739.0	9579.0	10144	9426.0	11317																								
39.416	9395.0	9396.0	10584	9470.0	9277.0	10030	9602.0	11073																								
39.437	9178.0	9023.0	10773	9595.0	9537.0	9789.0	9587.0	11069																								
39.459	9259.0	9062.0	10727	9763.0	9047.0	10319	9408.0	11550																								
39.479	9386.0	9495.0	10945	9642.0	9373.0	10208	9407.0	11600																								
39.500	9360.0	9343.0	11036	9558.0	9263.0	10313	9153.0	11532																								
39.521	9276.0	9363.0	10978	9540.0	9040.0	9864.0	9497.0	11739																								
39.541	9308.0	9479.0	10908	9809.0	9397.0	10247	9447.0	11465																								
39.562	9379.0	9286.0	10934	9646.0	9246.0	10454	9440.0	11666																								
39.584	9467.0	9384.0	10849	9804.0	9097.0	10268	9112.0	11657																								
39.604	9128.0	9515.0	10690	9867.0	9148.0	9828.0	9174.0	11242																								
39.625	9445.0	9166.0	10572	9968.0	9272.0	10118	9201.0	11694																								
39.646	9740.0	9545.0	11216	9845.0	9333.0	9962.0	9499.0	11342																								
39.666	9125.0	9691.0	10854	9711.0	9455.0	10066	9571.0	11346																								
39.687	9370.0	9278.0	11234	9857.0	9170.0	10350	9166.0	11882																								
39.709	9372.0	9285.0	10832	9666.0	9421.0	9858.0	9203.0	11824																								
39.729	9264.0	9056.0	10569	9877.0	9514.0	10066	9329.0	11131																								
39.750	9304.0	9086.0	10838	9916.0	9308.0	10145	9516.0	11317																								
39.771	9192.0	9610.0	10576	9726.0	9167.0	10221	9282.0	11367																								
39.791	9432.0	9184.0	11075	9921.0	9475.0	10101	9479.0	11315																								
39.813	9214.0	9315.0	11014	9804.0	9220.0	10427	9361.0	11992																								
39.834	9565.0	9810.0	10843	9791.0	9524.0	10284	9486.0	11810																								
39.854	9421.0	9413.0	10630	9420.0	8757.0	10039	9246.0	12101																								
39.875	9266.0	9174.0	10777	10021	9493.0	10111	9768.0	11548																								
39.896	9130.0	9223.0	10811	9439.0	9405.0	10161	9476.0	11393																								
39.916	9153.0	9626.0	10662	9616.0	9460.0	10263	9439.0	11557																								
39.937	9516.0	9457.0	10742	9457.0	9720.0	10204	9887.0	11809																								
39.959	9656.0	9172.0	10711	9624.0	9470.0	9976.0	9841.0	11325																								
39.979	9360.0	9158.0	10887	9346.0	9410.0	10197	9349.0	11498																								
40.000	9461.0	9364.0	11046	9756.0	9272.0	9905.0	9487.0	11778																								
40.021	9207.0	8810.0	11133	9849.0	9262.0	10525	9891.0	11587																								
40.041	9551.0	9306.0	11008	9834.0	9238.0	10232	9339.0	11458																								
40.062	9693.0	9272.0	10836	9594.0	9384.0	10510	9269.0	11766																								
40.084	9252.0	9463.0	10893	9746.0	9171.0	10341	8916.0	11670																								
40.104	9448.0	9093.0	11034	9840.0	9332.0	10434	9504.0	11167																								
40.125	9308.0	9274.0	10860	9737.0	9385.0	10263	9381.0	11398																								
40.146	9164.0	9349.0	11221	9921.0	9097.0	10471	9628.0	11683																								
40.166	9167.0	9536.0	10823	9841.0	9080.0	10287	9722.0	11797																								
40.187	9460.0	9077.0	10902	9722.0	9695.0	10062	9335.0	11502																								
40.209	9471.0	9193.0	10970	9502.0	9353.0	10310	9473.0	11381																								
40.229	9142.0	9297.0	10834	9803.0	9574.0	10178	9457.0	11593																								
40.250	9178.0	9406.0	10796	10022	9831.0	10399	9193.0	11794																								
40.271	9488.0	9562.0	10706	9864.0	9459.0	10199	9463.0	11727																								
40.291	9288.0	9482.0	11080	9886.0	9311.0	10282	9410.0	11605																								
40.312	9262.0	9158.0	10703	9761.0	9478.0	10064	9292.0	11286																								
40.334	9296.0	9212.0	10691	9636.0	9630.0	10020	9149.0	11935																								
40.354	9449.0	9356.0	10837	9508.0	9476.0	10149	9549.0	11452																								
40.375	9381.0	8869.0	10928	9882.0	9160.0	10226	9614.0	11223																								
40.396	9312.0	9067.0	10667	9569.0	9613.0	10022	9563.0	11744																								
40.416	9447.0	9467.0	10735	9407.0	9297.0	10213	9603.0	11647																								
40.438	9227.0	9422.0	10326	9777.0	9168.0	10284	9744.0	11661																								
40.459	9193.0	9460.0	10769	9966.0	9230.0	10076	9373.0	11523																								
40.479	9542.0	9185.0	10883	10011	9384.0	10146	9419.0	11611																								
40.500	9393.0	9093.0	10704	9671.0	9367.0	9887.0	9576.0	11637																								
40.521	9197.0	8949.0	10722	9652.0	9546.0	10031	9340.0	11758																								
40.541	9453.0	8913.0	10985	9953.0	9404.0	10249	9429.0	11892																								
40.563	9108.0	9245.0	11170	9903.0	9180.0	10207	9515.0	11931																								
40.584	9200.0	9172.0	10688	9574.0	9443.0	10245	9426.0	11469																								
40.604	9169.0	9191.0	10713	10224	9538.0	9862.0	9058.0	11763																								
40.625	9300.0	9216.0	11005	9818.0	9111.0	10193	9500.0	11521																								
40.646	9392.0	9267.0	10585	9627.0	9310.0	10039	9665.0	11724																								
40.666	9338.0	9189.0	11125	9763.0	9055.0	10234	9557.0	11626																								
40.687	9131.0	9128.0	10715	9846.0	9561.0	10343	9320.0	11799																								
40.709	8981.0	9280.0	10864	10056	9425.0	10312	9383.0	11924																								
40.729	9401.0	9333.0	10628	9804.0	9572.0	10328	9613.0	11895																								
40.750	9236.0	8976.0	11296	9757.0	9280.0	10455	9718.0	12023																								
40.771	9474.0	9082.0	10716	9769.0	9415.0	10231	9512.0	11906																								
40.791	9365.0	9155.0	10875	10305	9493.0	10080	9777.0	11767																								
40.812	9361.0	9503.0	10678	9821.0	9541.0	9909.0	9311.0	11887																								
40.834	9235.0	8874.0	10747	9603.0	9347.0	10282	9543.0	11684																								
40.854	9185.0	9433.0	10946	9695.0	9165.0	10227	9410.0	11668																								
40.875	9164.0	9383.0	10765	9840.0	9322.0	10349	9072.0	11692																								
40.896	9229.0	9301.0	10991	9589.0	9436.0	10217	9482.0	12095																								
40.916	9492.0	9090.0	10663	9841.0	9035.0	9886.0	9464.0	11834																								
40.937	9097.0	9510.0	11061	9705.0	9413.0	10195	9516.0	11687																								
40.959	9214.0	9228.0	10770	9851.0	9454.0	10047	9439.0	11943																								
40.979	9553.0	9098.0	11004	9552.0	9327.0	10091	9598.0	11913																								
41.000	9306.0	9035.0	11031	9556.0	9603.0	10028	9587.0	12035																								
41.021	9187.0	9181.0	11350	9912.0	9134.0	10124	9271.0	12154																								
41.041	9433.0	9317.0	10831	9739.0	9229.0	10578	9644.0	12028																								
41.063	9517.0	9317.0	10828	9824.0	9147.0	10078	9284.0	11743																								
41.084	9532.0	9604.0	11200	9694.0	9471.0	10158	9362.0	11720																								
41.104	9237.0	9138.0	10934	9636.0	9620.0	10054	9329.0	11960																								
41.125	9311.0	9317.0	11095	9965.0	9645.0	10317	9809.0	12040																								
41.146	9381.0	9073.0	11179	9412.0	9435.0	10145	9332.0	11538																								
41.166	9016.0	9515.0	10637	10036	9324.0	10500	9483.0	12002																								
41.188	9402.0	9027.0	10874	9883.0	9275.0	10202	9410.0	11336																								
41.209	9433.0	9214.0	10708	9532.0	9499.0	10339	9460.0	11728																								
41.229	9507.0	9261.0	10577	9832.0	9067.0	10449	9464.0	12097																								
41.250	9195.0	8949.0	10794	9789.0	9440.0	10527	9558.0	11909																								
41.271	9415.0	9444.0	10944	9893.0	9429.0	10088	9611.0	11934																								
41.291	9297.0	9568.0	10930	9667.0	9519.0	10064	9244.0	12096																								
41.312	9398.0	8982.0	10853	9853.0	9811.0	10207	9629.0	11889																								
41.334	9070.0	9132.0	10741	10193	9210.0	10202	9224.0	11948																								
41.354	9448.0	9254.0	11046	9964.0	9436.0	10238	9355.0	11983																								
41.375	8895.0	9293.0	11028	9822.0	9162.0	10103	9592.0	12009																								
41.396	9268.0	9292.0	10684	9618.0	9438.0	10588	9382.0	11931																								
41.416	9325.0	9412.0	11057	9606.0	9716.0	10010	9605.0	12551																								
41.437	9196.0	9467.0	10914	9960.0	9461.0	10498	9690.0	12123																								
41.459	9004.0	9070.0	10678	9678.0	9231.0	10564	9366.0	12236																								
41.479	9642.0	9328.0	10901	9632.0	9535.0	10132	9515.0	11810																								
41.500	8997.0	9310.0	10791	9649.0	9197.0	10081	9617.0	11835																								
41.521	9390.0	9250.0	11125	9600.0	9365.0	10335	9339.0	12006																								
41.541	9163.0	9238.0	10629	9827.0	9457.0	10480	9512.0	12114																								
41.562	9149.0	9247.0	10942	9703.0	9384.0	10590	9637.0	11734																								
41.584	9149.0	9395.0	10840	9892.0	9405.0	10106	9536.0	11885																								
41.604	9243.0	9121.0	10790	9763.0	9547.0	10205	9605.0	11883																								
41.625	9431.0	9277.0	10929	9774.0	9281.0	10022	9222.0	11882																								
41.646	9176.0	9159.0	10440	9647.0	9236.0	10326	9404.0	11967																								
41.666	9095.0	9059.0	10652	9437.0	9153.0	10206	9483.0	12281																								
41.688	9551.0	9676.0	10884	9979.0	9293.0	10526	9373.0	11857																								
41.709	9353.0	9220.0	10847	9768.0	8857.0	10141	9301.0	11968																								
41.729	9414.0	9254.0	10712	9931.0	9346.0	10261	9665.0	11823																								
41.750	9243.0	9509.0	10635	9647.0	9414.0	10477	9656.0	12467																								
41.771	9371.0	9184.0	10866	9880.0	9491.0	10164	9499.0	11989																								
41.791	9259.0	9166.0	10727	9677.0	8930.0	10535	9158.0	12255																								
41.813	9323.0	9143.0	10636	9353.0	9598.0	10175	9501.0	12068																								
41.834	9309.0	9498.0	10950	9593.0	9019.0	10259	9678.0	12195																								
41.854	9326.0	9233.0	10928	9803.0	9337.0	10256	9634.0	11939																								
41.875	9501.0	9289.0	10656	9856.0	9525.0	10402	9587.0	11712																								
41.896	9582.0	9345.0	10853	9642.0	9097.0	10114	9465.0	12154																								
41.916	9355.0	9239.0	10802	9900.0	9004.0	10269	9538.0	11944																								
41.937	9553.0	9482.0	10739	9749.0	9132.0	10690	9749.0	12167																								
41.959	9050.0	9344.0	10711	9634.0	9351.0	10428	9513.0	12227																								
41.979	9448.0	9119.0	10993	9745.0	9571.0	10696	9604.0	12178																								
42.000	9209.0	9509.0	10837	9576.0	9475.0	10312	9546.0	12322																								
42.021	9441.0	9429.0	10929	9651.0	9395.0	10185	9467.0	11948																								
42.041	9199.0	9354.0	11125	9688.0	9177.0	10465	9648.0	11636																								
42.062	9183.0	9246.0	11009	9710.0	9331.0	10338	9416.0	12051																								
42.084	9461.0	9301.0	10727	9574.0	9307.0	10360	9652.0	12205																								
42.104	9474.0	9409.0	10650	9702.0	9441.0	10177	9539.0	12354																								
42.125	9093.0	9257.0	10998	9651.0	9382.0	10127	9583.0	12350																								
42.146	9667.0	9450.0	10735	9502.0	9171.0	9952.0	9313.0	11694																								
42.166	9139.0	9303.0	10759	9974.0	9795.0	10249	9441.0	12164																								
42.187	9105.0	9219.0	11034	9742.0	9377.0	10284	9561.0	12052																								
42.209	9182.0	9253.0	10602	9553.0	8932.0	10196	9482.0	12123																								
42.229	9450.0	8897.0	11021	9597.0	9213.0	10338	9553.0	12343																								
42.250	9438.0	9111.0	10703	9797.0	9085.0	10421	9516.0	12100																								
42.271	9053.0	9376.0	11083	9622.0	9497.0	10325	9241.0	12010																								
42.291	9350.0	9237.0	10663	9822.0	9381.0	10201	9391.0	12504																								
42.313	9095.0	9355.0	11007	9510.0	8962.0	9999.0	9458.0	12046																								
42.334	9287.0	9214.0	10650	9561.0	9415.0	10513	9607.0	12292																								
42.354	9497.0	9145.0	10722	9976.0	9339.0	10481	9318.0	12409																								
42.375	9109.0	9152.0	10612	9670.0	9432.0	10515	9368.0	12185																								
42.396	9306.0	9446.0	10739	9585.0	9319.0	10391	9153.0	12291																								
42.416	9209.0	9515.0	10855	9598.0	9575.0	10320	9609.0	11988																								
42.438	9370.0	9101.0	10766	9749.0	9152.0	10293	9368.0	12309																								
42.459	9447.0	9292.0	11019	9847.0	9456.0	10375	8939.0	12196																								
42.479	9375.0	9671.0	10847	9914.0	9300.0	9873.0	9443.0	11893																								
42.500	9274.0	8932.0	10811	9567.0	9476.0	10592	9490.0	11827																								
42.521	9438.0	9108.0	10807	9654.0	9009.0	10303	9430.0	12502																								
42.541	9346.0	9104.0	10905	9808.0	9121.0	10177	9309.0	12606																								
42.562	9518.0	9086.0	10649	9924.0	9080.0	10304	9549.0	12367																								
42.584	9131.0	9229.0	11056	9749.0	9128.0	10299	9134.0	11703																								
42.604	9425.0	9319.0	10797	9569.0	9231.0	10536	9257.0	12625																								
42.625	9222.0	9163.0	10850	9646.0	9656.0	10208	9537.0	12276																								
42.646	9479.0	9000.0	10951	9887.0	9183.0	10165	9299.0	12211																								
42.666	9179.0	9053.0	10880	9771.0	9077.0	10750	9807.0	12143																								
42.687	9615.0	9437.0	10867	9586.0	9463.0	9944.0	9386.0	12411																								
42.709	9141.0	9226.0	10821	10074	9245.0	10495	9634.0	12192																								
42.729	9219.0	9485.0	10795	9917.0	9400.0	10625	9322.0	12352																								
42.750	9144.0	9062.0	10603	9647.0	9545.0	10171	9302.0	11900																								
42.771	9352.0	9374.0	10595	9550.0	9505.0	10539	9270.0	12141																								
42.791	9205.0	9419.0	11163	9451.0	9033.0	10404	9229.0	12132																								
42.812	9252.0	9224.0	10971	9703.0	8990.0	10434	9596.0	12381																								
42.834	9202.0	9179.0	10804	9570.0	9507.0	10416	9424.0	12356																								
42.854	8973.0	9155.0	10929	9577.0	9320.0	10300	9512.0	12154																								
42.875	9218.0	9420.0	10953	9628.0	9447.0	10394	9298.0	12499																								
42.896	9197.0	9281.0	10783	10059	9135.0	10392	9862.0	12233																								
42.916	9243.0	9255.0	10968	9649.0	9421.0	10325	9361.0	12431																								
42.938	9412.0	9147.0	10728	9570.0	9171.0	10568	9600.0	12370																								
42.959	8910.0	8938.0	10910	9687.0	9686.0	10509	9132.0	12190																								
42.979	9292.0	9501.0	10643	9411.0	9182.0	10191	9333.0	12463																								
43.000	9171.0	9387.0	10732	9679.0	9233.0	10277	9601.0	12143																								
43.021	9294.0	8952.0	10980	9473.0	9299.0	10143	9425.0	12390																								
43.041	9480.0	9162.0	10958	10004	9478.0	10563	9313.0	12224																								
43.063	9360.0	9088.0	11291	9388.0	9573.0	10481	9337.0	12187																								
43.084	9371.0	9132.0	10851	9901.0	9266.0	10534	9485.0	12028																								
43.104	9251.0	8964.0	10555	9935.0	9246.0	10066	9407.0	12360																								
43.125	9139.0	9279.0	10626	9882.0	9234.0	10595	9695.0	12646																								
43.146	9312.0	9348.0	10605	9689.0	9377.0	10267	9151.0	12445																								
43.166	9429.0	9292.0	10426	9878.0	9166.0	10319	9415.0	12200																								
43.187	9402.0	9411.0	10646	9716.0	9153.0	10108	9390.0	12260																								
43.209	9450.0	9126.0	10808	9546.0	9508.0	10887	9293.0	12433																								
43.229	9204.0	9292.0	10864	10074	9319.0	10598	9281.0	12949																								
43.250	9451.0	9027.0	10794	9678.0	9412.0	10172	9478.0	12314																								
43.271	9448.0	9199.0	10938	9839.0	9295.0	10160	9638.0	12507																								
43.291	9464.0	9197.0	10722	9850.0	9136.0	10462	9522.0	12482																								
43.312	9422.0	9225.0	10865	9399.0	9379.0	10213	9324.0	12415																								
43.334	9350.0	9478.0	11205	9667.0	9361.0	10518	9106.0	12818																								
43.354	9205.0	9510.0	10740	9481.0	9262.0	10100	9449.0	12475																								
43.375	8815.0	9237.0	10980	9673.0	9595.0	10562	9554.0	12436																								
43.396	9130.0	9392.0	10528	10114	9239.0	10361	9002.0	12485																								
43.416	9427.0	9172.0	11289	9679.0	9364.0	10401	9951.0	12937																								
43.437	9259.0	9407.0	10680	9742.0	9217.0	10337	9490.0	12442																								
43.459	9604.0	9168.0	10995	9852.0	9291.0	9979.0	9229.0	12653																								
43.479	9434.0	9039.0	10543	10011	9490.0	10202	9530.0	12598																								
43.500	9448.0	9289.0	10611	9921.0	9082.0	10680	9534.0	12578																								
43.521	9229.0	9025.0	10588	9738.0	9455.0	10123	9429.0	12557																								
43.541	9084.0	9278.0	10779	9821.0	9509.0	10301	9570.0	12710																								
43.563	9562.0	9111.0	10924	9741.0	9521.0	10456	9441.0	12426																								
43.584	9316.0	9490.0	10661	9293.0	9473.0	9907.0	9448.0	12684																								
43.604	8989.0	9314.0	10873	10032	9084.0	10306	9476.0	12598																								
43.625	9284.0	9557.0	10907	9847.0	9283.0	10302	9519.0	12879																								
43.646	9263.0	8941.0	11233	9536.0	9515.0	10211	9399.0	12454																								
43.666	9444.0	9071.0	10453	10108	9526.0	10578	9449.0	12660																								
43.688	9609.0	9165.0	10632	9496.0	9236.0	10372	9507.0	12876																								
43.709	9114.0	9360.0	10822	9812.0	9208.0	9973.0	9581.0	12324																								
43.729	9354.0	9143.0	10660	9698.0	9688.0	10380	9372.0	12483																								
43.750	9261.0	9230.0	11147	9610.0	9593.0	10491	9324.0	12252																								
43.771	9213.0	9223.0	10983	9948.0	9372.0	10425	9324.0	13052																								
43.791	8974.0	9192.0	10567	9626.0	9724.0	10303	9593.0	12367																								
43.812	9455.0	9063.0	10789	9956.0	9811.0	10284	9132.0	12898																								
43.834	9196.0	9246.0	10275	9708.0	9171.0	10470	9374.0	12449																								
43.854	9201.0	9254.0	11009	10095	9590.0	10198	9516.0	12709																								
43.875	9348.0	9439.0	10793	9760.0	9436.0	10326	9288.0	12445																								
43.896	9151.0	9078.0	10796	9634.0	9317.0	10280	9052.0	12496																								
43.916	9225.0	9335.0	11014	9709.0	9316.0	10200	9744.0	12933																								
43.937	9248.0	9239.0	10624	9797.0	9137.0	10074	9493.0	12891																								
43.959	9516.0	9282.0	10864	10162	9766.0	10282	9470.0	12767																								
43.979	8841.0	9068.0	10589	10073	9212.0	10342	9224.0	12770																								
44.000	9429.0	9078.0	10790	9596.0	9277.0	10237	8942.0	12638																								
44.021	9094.0	9218.0	11045	9610.0	9375.0	10556	9524.0	12740																								
44.041	9141.0	9238.0	10845	9894.0	9521.0	10497	9268.0	12864																								
44.062	9144.0	9142.0	10645	9941.0	9382.0	10510	9662.0	13213																								
44.084	9485.0	8962.0	10712	9666.0	9301.0	9957.0	9258.0	13020																								
44.104	8861.0	9455.0	10568	9713.0	9589.0	10098	9338.0	13065																								
44.125	9441.0	9251.0	10703	9786.0	9329.0	10354	9418.0	12769																								
44.146	9169.0	8878.0	10693	9707.0	9302.0	10628	9483.0	12766																								
44.166	9212.0	9153.0	10583	9874.0	9298.0	10687	9295.0	12596																								
44.188	9233.0	9324.0	10618	9685.0	9224.0	10142	9459.0	13010																								
44.209	9090.0	9218.0	10691	9902.0	9585.0	10692	9578.0	12843																								
44.229	9420.0	9254.0	10702	9966.0	9433.0	10349	9262.0	12846																								
44.250	9443.0	9275.0	10840	9851.0	9379.0	10679	9511.0	12733																								
44.271	9213.0	9406.0	10579	9595.0	9425.0	10556	9073.0	12665																								
44.291	9131.0	9503.0	10772	9587.0	9281.0	10350	9343.0	13039																								
44.313	9068.0	9278.0	10556	9853.0	9661.0	10215	9545.0	12971																								
44.334	9174.0	9272.0	10817	10155	9707.0	10736	9274.0	12752																								
44.354	9057.0	9068.0	10822	9438.0	9703.0	10534	9550.0	12371																								
44.375	8983.0	9115.0	10381	9609.0	9456.0	10355	9511.0	12923																								
44.396	9273.0	9331.0	10727	9920.0	9363.0	10726	9225.0	12820																								
44.416	9628.0	9078.0	10955	9636.0	9373.0	10404	9322.0	12885																								
44.437	9004.0	9195.0	11217	9521.0	9478.0	10583	9660.0	13087																								
44.459	9266.0	9222.0	10812	9533.0	9476.0	10502	9524.0	12944																								
44.479	9198.0	9252.0	10787	10044	9150.0	10525	9026.0	12942																								
44.500	9153.0	9362.0	10570	9817.0	9604.0	10055	9601.0	12987																								
44.521	9324.0	9217.0	10547	9866.0	9569.0	10338	9209.0	13219																								
44.541	9209.0	9080.0	10743	10040	9456.0	10606	9293.0	12564																								
44.562	9574.0	9159.0	10697	9889.0	9513.0	10447	9780.0	12778																								
44.584	9287.0	9118.0	10716	9785.0	9497.0	10066	9559.0	13139																								
44.604	9516.0	9573.0	11047	9956.0	9504.0	10470	9650.0	12671																								
44.625	9361.0	9443.0	10531	9708.0	9626.0	10596	9217.0	12902																								
44.646	9065.0	9369.0	10928	9983.0	9656.0	10361	9065.0	13062																								
44.666	9191.0	9242.0	10948	9760.0	9641.0	10259	9463.0	13319																								
44.687	9217.0	9385.0	10662	9833.0	9182.0	10560	9444.0	12948																								
44.709	9478.0	9234.0	10587	9790.0	9495.0	10741	9016.0	13234																								
44.729	9112.0	9108.0	10886	9621.0	9555.0	9890.0	9577.0	13017																								
44.750	9154.0	9116.0	10517	9908.0	9208.0	10389	9293.0	13183																								
44.771	9525.0	9248.0	10804	9779.0	9527.0	10253	9469.0	13360																								
44.791	9328.0	9193.0	10682	9743.0	9305.0	10205	9732.0	12836																								
44.813	9438.0	9239.0	10611	9548.0	9641.0	10289	9352.0	13202																								
44.834	9308.0	9198.0	10612	9797.0	9813.0	10527	9577.0	12852																								
44.854	9305.0	9138.0	11033	9920.0	9540.0	10238	9527.0	12950																								
44.875	9077.0	8849.0	10715	9836.0	9430.0	10624	9640.0	13308																								
44.896	9422.0	9038.0	10585	9568.0	9548.0	10449	9174.0	13199																								
44.916	9443.0	9271.0	10892	9805.0	9499.0	10435	9595.0	13180																								
44.938	9443.0	9380.0	10549	9659.0	9719.0	10433	9493.0	13018																								
44.959	9132.0	9151.0	10574	10021	9612.0	10526	9532.0	12981																								
44.979	9423.0	8936.0	10625	10082	9772.0	10283	9321.0	13360																								
45.000	9115.0	9368.0	10756	9888.0	9376.0	10436	9274.0	13178																								
45.021	9504.0	9011.0	10727	9570.0	9386.0	10299	9236.0	13054																								
45.041	9097.0	9369.0	11068	9988.0	9447.0	10673	9355.0	13306																								
45.062	9116.0	8965.0	10984	10209	9426.0	10434	9393.0	12882																								
45.084	9309.0	9009.0	10802	9676.0	9566.0	10339	9447.0	13394																								
45.104	9252.0	9182.0	10907	9606.0	9181.0	10616	9654.0	13189																								
45.125	9212.0	9363.0	10559	9977.0	9824.0	10282	9506.0	13442																								
45.146	9545.0	9256.0	10790	9881.0	9558.0	10383	9400.0	13387																								
45.166	9138.0	9095.0	10973	9805.0	9485.0	10632	9459.0	13157																								
45.187	9270.0	9000.0	10655	9802.0	9489.0	10239	9657.0	13495																								
45.209	9200.0	9518.0	10935	9836.0	9582.0	10445	9344.0	13438																								
45.229	9282.0	9406.0	10768	9442.0	9526.0	10571	9785.0	13127																								
45.250	9420.0	9102.0	10930	9970.0	9506.0	10501	9289.0	13468																								
45.271	9275.0	9382.0	11059	9715.0	9439.0	10748	9505.0	12522																								
45.291	9465.0	9360.0	10811	9845.0	9337.0	10806	9448.0	13564																								
45.312	9092.0	9094.0	10445	9821.0	9171.0	10309	9120.0	13216																								
45.334	9230.0	9372.0	10314	9737.0	9314.0	10907	9405.0	13173																								
45.354	9333.0	9194.0	10571	9623.0	9352.0	10541	9609.0	13220																								
45.375	9541.0	9478.0	10938	9810.0	9463.0	10491	9541.0	13232																								
45.396	9246.0	9268.0	11036	9958.0	9403.0	10935	9117.0	12681																								
45.416	9170.0	8860.0	10603	10089	9358.0	10540	9583.0	13397																								
45.438	9484.0	9462.0	10664	9865.0	9484.0	10478	9356.0	13537																								
45.459	9028.0	9340.0	10584	9775.0	9761.0	10524	9146.0	13439																								
45.479	9286.0	9135.0	10604	9527.0	9452.0	10674	9490.0	13540																								
45.500	9314.0	9378.0	10860	9703.0	9545.0	10193	9659.0	13628																								
45.521	9181.0	9210.0	10849	9502.0	9309.0	10251	9359.0	13509																								
45.541	8973.0	9091.0	10747	9819.0	9502.0	10554	9645.0	13515																								
45.563	9318.0	9300.0	10860	9730.0	9350.0	10487	9636.0	13126																								
45.584	9237.0	9379.0	10928	9714.0	9189.0	10699	9010.0	13597																								
45.604	9039.0	8968.0	10693	9692.0	9203.0	10406	9358.0	13526																								
45.625	9370.0	9272.0	10831	9862.0	9420.0	10105	9486.0	13356																								
45.646	8980.0	9077.0	11000	9644.0	9673.0	10529	9504.0	13499																								
45.666	9456.0	9317.0	10920	9845.0	9191.0	10373	9400.0	13730																								
45.687	9327.0	9535.0	10531	9635.0	9474.0	10567	9177.0	13501																								
45.709	9085.0	9191.0	10866	9592.0	9453.0	10449	9534.0	13473																								
45.729	9144.0	9361.0	10922	9969.0	9721.0	10330	9307.0	13664																								
45.750	9375.0	9116.0	10735	9920.0	9301.0	10353	9456.0	13676																								
45.771	9344.0	9223.0	10513	9848.0	9684.0	10695	9420.0	13951																								
45.791	8847.0	9121.0	10513	9684.0	9439.0	10534	9414.0	13875																								
45.812	9168.0	9298.0	10846	9837.0	9580.0	10486	9429.0	13638																								
45.834	9665.0	9239.0	11077	9816.0	9539.0	10491	9836.0	13522																								
45.854	9302.0	9102.0	10934	9912.0	9903.0	10453	9387.0	13459																								
45.875	9446.0	9281.0	10845	9712.0	9813.0	10646	9203.0	13409																								
45.896	9246.0	9341.0	10757	9688.0	9488.0	10337	9412.0	13970																								
45.916	9321.0	9452.0	11154	10205	9876.0	10628	9201.0	13576																								
45.937	9145.0	9202.0	10620	9678.0	9588.0	10589	9402.0	14044																								
45.959	9211.0	9200.0	10898	9883.0	9557.0	10393	9335.0	13485																								
45.979	9445.0	9386.0	10519	9797.0	9316.0	10628	9728.0	13368																								
46.000	9168.0	9424.0	10600	9877.0	9668.0	10474	9470.0	13916																								
46.021	9617.0	9068.0	11011	9740.0	9588.0	10316	9397.0	13625																								
46.041	9307.0	9212.0	10587	9751.0	9573.0	10667	9458.0	14128																								
46.063	9485.0	9079.0	11198	9735.0	9803.0	10762	9774.0	13235																								
46.084	9201.0	9338.0	11148	9747.0	9439.0	10580	9772.0	13526																								
46.104	9797.0	9235.0	10740	9678.0	9502.0	10399	9505.0	13633																								
46.125	9330.0	9264.0	10943	10324	9480.0	10760	9683.0	14057																								
46.146	9460.0	9232.0	10853	10085	9762.0	10634	9384.0	13799																								
46.166	9062.0	9254.0	10782	10139	9181.0	10718	9626.0	14086																								
46.188	9102.0	9283.0	11021	9932.0	9741.0	10429	9750.0	14252																								
46.209	9137.0	9220.0	10680	9834.0	9724.0	10480	9278.0	13869																								
46.229	9123.0	9373.0	10978	10035	9613.0	10599	9395.0	13534																								
46.250	9221.0	9129.0	10959	9947.0	9881.0	10765	9502.0	13889																								
46.271	9305.0	9374.0	10974	10153	9558.0	10738	9586.0	14334																								
46.291	9179.0	9351.0	10956	9425.0	9393.0	10536	9611.0	14228																								
46.312	9349.0	9187.0	11142	10063	9585.0	10454	9385.0	13995																								
46.334	9150.0	8973.0	11069	9896.0	9770.0	10729	9719.0	13399																								
46.354	9499.0	9350.0	11004	9992.0	9518.0	9907.0	9682.0	13698																								
46.375	9540.0	9242.0	11085	9955.0	9387.0	10590	9445.0	13815																								
46.396	8935.0	9159.0	10423	9691.0	9598.0	10775	9630.0	13728																								
46.416	9162.0	9170.0	10761	9741.0	9402.0	10364	9297.0	14427																								
46.437	9364.0	9264.0	11091	10034	9466.0	10868	9254.0	13858																								
46.459	9133.0	9218.0	11188	10007	9395.0	10422	9488.0	13705																								
46.479	9368.0	9145.0	10842	9550.0	9859.0	10822	9524.0	14122																								
46.500	9070.0	8810.0	10845	9801.0	9587.0	10213	9418.0	14141																								
46.521	9252.0	9335.0	10823	9917.0	9696.0	10467	8981.0	13683																								
46.541	9341.0	9290.0	10777	9464.0	9591.0	10410	9726.0	14324																								
46.562	9132.0	9027.0	10931	10065	9791.0	10909	9424.0	14171																								
46.584	9051.0	9219.0	10645	10168	9570.0	10551	9335.0	14268																								
46.604	9009.0	8810.0	11071	9730.0	9606.0	10945	9285.0	14556																								
46.625	9271.0	9266.0	10664	9889.0	9859.0	11006	9543.0	14512																								
46.646	9250.0	9129.0	10981	9739.0	9693.0	10685	9450.0	14440																								
46.666	9249.0	9176.0	10873	9866.0	9715.0	10256	9570.0	14311																								
46.688	9080.0	9165.0	10906	9885.0	9790.0	10609	9525.0	14004																								
46.709	9497.0	9357.0	11042	10078	9691.0	10562	9419.0	14075																								
46.729	9431.0	9144.0	11617	9694.0	9837.0	10917	9613.0	14434																								
46.750	9203.0	9456.0	10888	9881.0	9570.0	10505	9228.0	13956																								
46.771	9425.0	9106.0	10479	9846.0	9661.0	10673	9213.0	14081																								
46.791	9422.0	9433.0	10545	9948.0	9809.0	10561	9631.0	14603																								
46.813	9323.0	9153.0	10764	9628.0	9741.0	10581	9452.0	14571																								
46.834	9172.0	9391.0	10692	9770.0	9638.0	10582	9655.0	14269																								
46.854	9152.0	9270.0	11099	9885.0	9600.0	10630	9521.0	14566																								
46.875	8871.0	9378.0	10945	10201	9649.0	10325	9331.0	14349																								
46.896	9557.0	9161.0	10794	10111	9626.0	11053	9312.0	14479																								
46.916	9626.0	9313.0	10735	9928.0	9596.0	10385	9369.0	14120																								
46.937	8968.0	9239.0	10872	9865.0	9714.0	10648	9768.0	14426																								
46.959	9614.0	9018.0	10611	10012	9864.0	10863	9714.0	14403																								
46.979	9367.0	9218.0	10800	10048	9449.0	10651	9433.0	15039																								
47.000	9231.0	9188.0	10758	10218	9550.0	10844	9400.0	14339																								
47.021	9331.0	9112.0	10881	9645.0	9392.0	10697	9264.0	14106																								
47.041	9284.0	9414.0	11015	9751.0	9443.0	10592	9686.0	14709																								
47.062	9053.0	9129.0	10902	9692.0	9545.0	10501	9866.0	14717																								
47.084	9361.0	9708.0	10705	9757.0	9607.0	10617	9571.0	14627																								
47.104	9444.0	8993.0	10862	10201	9656.0	10682	9272.0	14321																								
47.125	9314.0	9133.0	10973	9796.0	10030	11233	9343.0	14722																								
47.146	9201.0	8977.0	10710	9620.0	9838.0	10691	9847.0	14904																								
47.166	9433.0	9151.0	10882	10007	9923.0	10555	9485.0	14771																								
47.187	9353.0	9295.0	10574	9845.0	9770.0	10454	9793.0	14855																								
47.209	9421.0	9360.0	10983	9919.0	9919.0	10777	9307.0	15232																								
47.229	9079.0	9043.0	10664	10045	9906.0	10610	9566.0	14519																								
47.250	9209.0	9244.0	10660	9671.0	9765.0	10538	9506.0	15199																								
47.271	9412.0	9176.0	10975	10152	9808.0	10608	9580.0	14995																								
47.291	9122.0	9077.0	10849	9958.0	9618.0	10582	9788.0	14837																								
47.313	9370.0	8851.0	10728	10515	10022	10541	9593.0	15098																								
47.334	9213.0	9447.0	10542	9829.0	9573.0	10629	9699.0	15001																								
47.354	8881.0	8946.0	10887	9960.0	9639.0	10695	9470.0	15485																								
47.375	9363.0	9306.0	11179	10392	9669.0	10719	9712.0	15523																								
47.396	9181.0	9075.0	10809	9941.0	9732.0	10803	9295.0	15281																								
47.416	9185.0	9268.0	10908	9908.0	9591.0	10556	9501.0	15250																								
47.438	9270.0	9101.0	11150	10058	9698.0	10514	9648.0	15095																								
47.459	9129.0	8993.0	11075	9989.0	9798.0	10800	9246.0	15041																								
47.479	9252.0	9418.0	10404	9961.0	9635.0	11122	9716.0	14793																								
47.500	9056.0	9089.0	11116	9827.0	9934.0	10722	9678.0	15159																								
47.521	9579.0	8981.0	10528	10224	9647.0	10745	9469.0	15239																								
47.541	9206.0	9115.0	10837	9974.0	9784.0	10838	9598.0	15288																								
47.562	9138.0	9096.0	11023	9794.0	9460.0	10761	9336.0	15013																								
47.584	9062.0	9188.0	11011	9772.0	9667.0	10767	9339.0	15164																								
47.604	9164.0	9253.0	11082	9681.0	9888.0	10986	9540.0	15457																								
47.625	9367.0	8959.0	10883	9455.0	10054	10539	9623.0	15067																								
47.646	8884.0	9373.0	10613	9780.0	9678.0	10209	9513.0	15576																								
47.666	9042.0	9191.0	10781	9956.0	9388.0	10846	9379.0	15173																								
47.687	9272.0	9038.0	10697	9614.0	9765.0	10649	9549.0	15658																								
47.709	9443.0	9311.0	10639	10417	9885.0	10873	9806.0	15649																								
47.729	9146.0	9384.0	10866	9936.0	9754.0	10769	9401.0	15400																								
47.750	9396.0	9028.0	10878	10058	9806.0	10450	9389.0	15453																								
47.771	9214.0	8995.0	10969	10027	9644.0	10669	9592.0	15235																								
47.791	9195.0	9461.0	10945	9936.0	9692.0	10537	9390.0	15898																								
47.812	9332.0	9415.0	10362	9829.0	9979.0	10608	9750.0	15640																								
47.834	9370.0	8952.0	10744	10016	9717.0	10375	9135.0	15753																								
47.854	9120.0	9130.0	10849	10009	9627.0	10931	9600.0	15398																								
47.875	9536.0	9152.0	10501	10035	9744.0	10802	9723.0	15826																								
47.896	9066.0	9190.0	11109	10092	9879.0	10415	9827.0	15895																								
47.916	8898.0	8786.0	10951	9764.0	9850.0	10848	9360.0	15887																								
47.938	9302.0	9289.0	10678	10133	10098	10361	9434.0	15208																								
47.959	9571.0	9291.0	11100	9888.0	9875.0	10930	9814.0	15744																								
47.979	9764.0	9037.0	10976	9753.0	9917.0	10613	9447.0	15720																								
48.000	8849.0	9433.0	10814	9647.0	9712.0	10769	9575.0	15739																								
48.021	9339.0	9058.0	10705	10146	9874.0	10880	9507.0	15706																								
48.041	9392.0	9056.0	10755	9934.0	9539.0	10689	9375.0	15607																								
48.063	9575.0	9244.0	10762	10166	9732.0	10779	9938.0	16239																								
48.084	9262.0	9069.0	10700	9960.0	10239	10573	9699.0	15728																								
48.104	9292.0	9304.0	10883	9855.0	10107	10832	9315.0	16039																								
48.125	9414.0	8961.0	10836	9959.0	9919.0	10977	9610.0	15881																								
48.146	9147.0	9093.0	10931	9907.0	9662.0	10710	9498.0	16089																								
48.166	9395.0	9366.0	10852	9941.0	9918.0	10650	9973.0	15635																								
48.187	9086.0	9222.0	10756	9771.0	9643.0	10522	9831.0	16283																								
48.209	9471.0	9256.0	10801	9877.0	10016	10551	9498.0	15954																								
48.229	9283.0	9396.0	10569	9752.0	10329	11039	9483.0	15873																								
48.250	9314.0	9350.0	10408	9935.0	10245	10972	9650.0	16360																								
48.271	9130.0	8640.0	11109	10125	10108	10529	9545.0	15872																								
48.291	9217.0	8951.0	10718	9677.0	10038	10555	9541.0	16348																								
48.312	9411.0	9017.0	10990	10052	9903.0	10646	9511.0	16188																								
48.334	9271.0	9532.0	11007	10078	9749.0	10898	9585.0	16629																								
48.354	9199.0	9076.0	10737	9721.0	9756.0	10775	9235.0	16865																								
48.375	8929.0	9365.0	10804	10005	10117	10632	9248.0	16567																								
48.396	9236.0	9045.0	11151	9780.0	10406	10961	9316.0	16636																								
48.416	9242.0	9574.0	11152	10140	9957.0	11038	9824.0	16353																								
48.437	9453.0	9215.0	11002	10163	10147	10982	9235.0	16631																								
48.459	9058.0	9268.0	10878	10088	9928.0	11173	9514.0	16445																								
48.479	9527.0	9364.0	10566	9815.0	9955.0	10792	9214.0	16480																								
48.500	9178.0	9050.0	10925	10144	10068	10788	9493.0	16819																								
48.521	9225.0	8981.0	11104	9727.0	10387	10924	9678.0	16709																								
48.541	8931.0	9150.0	10941	9982.0	10232	10613	9697.0	16666																								
48.563	9058.0	9380.0	10800	10193	10052	11028	9356.0	16939																								
48.584	9441.0	9037.0	10710	9826.0	9741.0	11122	9775.0	17018																								
48.604	9138.0	9361.0	10867	9801.0	10178	10876	9437.0	16871																								
48.625	9324.0	9045.0	11249	9889.0	9869.0	10831	9713.0	17072																								
48.646	8979.0	9265.0	10896	9666.0	9827.0	10751	9722.0	17050																								
48.666	9122.0	9427.0	10713	10018	10416	10520	9510.0	17342																								
48.688	9285.0	9228.0	10828	10026	10287	10747	9428.0	16829																								
48.709	8998.0	9323.0	10800	10053	10042	10814	9693.0	17377																								
48.729	9443.0	9403.0	10806	9906.0	9930.0	10872	9662.0	17123																								
48.750	9487.0	9531.0	10712	9783.0	10287	10634	9514.0	17069																								
48.771	9122.0	9328.0	11006	9945.0	9963.0	10914	9559.0	17423																								
48.791	9258.0	9133.0	11028	10067	10029	10897	9358.0	17347																								
48.812	9620.0	9507.0	11166	9919.0	10494	10783	9557.0	17878																								
48.834	9133.0	9566.0	10692	10034	9801.0	10541	9664.0	17437																								
48.854	9093.0	9314.0	10770	9840.0	10374	10823	9770.0	17689																								
48.875	8931.0	9292.0	10612	10063	10365	10816	9430.0	17648																								
48.896	9081.0	8889.0	10752	10081	10353	11024	9615.0	17196																								
48.916	9259.0	9081.0	11064	9662.0	10174	10640	9656.0	17659																								
48.937	9253.0	9420.0	10903	10003	10044	10966	9949.0	17979																								
48.959	9261.0	9163.0	11012	10069	10192	10902	9322.0	17849																								
48.979	9333.0	9185.0	10964	10078	10290	10947	9438.0	17992																								
49.000	9389.0	8972.0	10727	9822.0	10372	10638	9322.0	18056																								
49.021	9022.0	8801.0	11079	10163	10284	10915	9832.0	17990																								
49.041	9272.0	8926.0	11198	9982.0	10200	10705	9360.0	17775																								
49.062	9067.0	9399.0	10811	9587.0	10357	10814	9825.0	18136																								
49.084	9270.0	9252.0	11159	9790.0	10216	10683	9514.0	18115																								
49.104	9413.0	8963.0	10809	9994.0	10137	10639	9442.0	18046																								
49.125	9254.0	9252.0	10883	10045	10404	11121	9509.0	18363																								
49.146	9309.0	9394.0	11224	9871.0	10232	10745	9575.0	18214																								
49.166	9399.0	9138.0	10857	9863.0	10319	10955	9945.0	17686																								
49.188	9309.0	9302.0	10956	10369	10724	10956	9618.0	18530																								
49.209	9211.0	9219.0	10706	10091	10392	10938	9824.0	18819																								
49.229	9291.0	9381.0	10866	9904.0	10391	11088	9676.0	18289																								
49.250	9371.0	9355.0	10721	10236	10349	10949	9784.0	18667																								
49.271	8865.0	9104.0	10981	9831.0	10283	10861	9693.0	18496																								
49.291	9363.0	9269.0	11316	9977.0	10539	10830	9701.0	18922																								
49.313	9195.0	9409.0	11021	9858.0	10271	10772	9301.0	18522																								
49.334	9195.0	9370.0	11118	10019	10417	10621	9417.0	19020																								
49.354	9093.0	9151.0	10981	10151	10577	10727	9218.0	19433																								
49.375	8985.0	9468.0	10632	10090	10357	10644	9701.0	19245																								
49.396	9223.0	9147.0	10831	10271	10822	10807	9805.0	19369																								
49.416	9461.0	9219.0	10764	10023	10555	10610	9397.0	19104																								
49.437	9097.0	9319.0	11002	9895.0	10551	10993	9479.0	19306																								
49.459	9408.0	9390.0	10738	9955.0	10544	10995	9538.0	19245																								
49.479	9165.0	9287.0	11027	9715.0	10696	10719	9597.0	19288																								
49.500	9014.0	9311.0	11170	10047	10762	10482	9387.0	19525																								
49.521	9303.0	9307.0	10752	9820.0	10681	10775	9820.0	19669																								
49.541	9123.0	9351.0	10957	10011	10346	10916	9349.0	19641																								
49.562	9310.0	9496.0	10733	9810.0	10439	11063	9700.0	19605																								
49.584	9130.0	9370.0	10882	9938.0	10709	11002	9299.0	20052																								
49.604	9202.0	9272.0	10785	9767.0	10866	10795	9985.0	20030																								
49.625	9334.0	9094.0	10544	10246	10523	11210	9803.0	20323																								
49.646	9270.0	8931.0	10718	10199	10665	10694	9675.0	20013																								
49.666	9368.0	9193.0	10626	10288	10716	10527	9665.0	20100																								
49.687	9179.0	9116.0	10689	9926.0	10796	11021	9630.0	19859																								
49.709	9238.0	9623.0	10998	10104	11210	10952	9854.0	20608																								
49.729	9559.0	9034.0	10747	10047	10839	11038	9891.0	20459																								
49.750	9174.0	9090.0	10776	10234	11011	11052	9085.0	20784																								
49.771	8877.0	9294.0	11068	9752.0	10617	10739	9705.0	21081																								
49.791	9133.0	9239.0	10991	10154	11063	11004	9367.0	20920																								
49.813	9545.0	9154.0	10921	9889.0	10804	10756	9631.0	20819																								
49.834	9118.0	9008.0	10699	10394	10747	11080	9268.0	21051																								
49.854	9041.0	9243.0	10695	10127	11008	10938	9740.0	21492																								
49.875	9401.0	8997.0	10903	9963.0	10893	11071	9814.0	21246																								
49.896	9112.0	9139.0	10818	10124	11075	11070	9538.0	21251																								
49.916	9318.0	9266.0	10904	9884.0	11012	10712	9587.0	21340																								
49.938	9334.0	9113.0	10825	10142	11493	10733	9654.0	21349																								
49.959	9107.0	8846.0	10616	10256	11409	11078	9634.0	22001																								
49.979	9224.0	9146.0	11001	10067	11157	11170	9826.0	21470																								
50.000	9370.0	9101.0	10733	9887.0	11273	10952	9642.0	21960																								
50.021	9314.0	9301.0	10822	10050	11552	10942	9677.0	21718																								
50.041	9395.0	9395.0	10712	10072	11827	10889	9291.0	22042																								
50.062	9062.0	9098.0	10889	9707.0	11503	11222	9605.0	22360																								
50.084	9068.0	9195.0	10974	9952.0	11201	11112	10014	22358																								
50.104	9102.0	9056.0	11009	10130	11390	11002	9564.0	22315																								
50.125	8948.0	8952.0	11209	9854.0	11615	10873	9702.0	22687																								
50.146	9033.0	9594.0	10837	9918.0	11548	10824	9668.0	22557																								
50.166	9191.0	9450.0	10836	10210	11847	11237	9781.0	23250																								
50.187	9479.0	9349.0	10619	10175	11975	10743	9664.0	22844																								
50.209	9294.0	9268.0	10872	10466	11848	11124	9334.0	23108																								
50.229	9165.0	9233.0	10737	9625.0	11670	10979	9723.0	23305																								
50.250	9259.0	8953.0	11000	10037	11572	10882	9512.0	23021																								
50.271	9426.0	9591.0	10756	9953.0	11492	10987	9536.0	23731																								
50.291	9341.0	9742.0	10977	9856.0	11891	10913	9477.0	24205																								
50.312	9401.0	9243.0	10810	9965.0	11715	10991	9736.0	23890																								
50.334	9240.0	8995.0	11006	9735.0	11848	10826	9553.0	24301																								
50.354	9275.0	9432.0	10984	9788.0	11915	11035	9397.0	24514																								
50.375	9202.0	9132.0	10903	10096	11815	10847	9482.0	24477																								
50.396	9510.0	8796.0	10866	9853.0	12309	10755	9685.0	24622																								
50.416	9326.0	9196.0	10582	9711.0	12188	10769	9501.0	24904																								
50.438	9299.0	9475.0	10697	9661.0	12329	11267	9629.0	25259																								
50.459	9023.0	9197.0	10389	10164	12179	11218	9965.0	25047																								
50.479	8969.0	9129.0	10606	9950.0	12413	11341	9374.0	25490																								
50.500	9308.0	9159.0	10816	10094	12058	11153	9713.0	25643																								
50.521	9481.0	9128.0	10560	10087	12084	11390	9684.0	25239																								
50.541	9310.0	8937.0	10612	10108	12729	11109	9652.0	25482																								
50.563	9549.0	9345.0	10990	9832.0	11846	10917	9352.0	25927																								
50.584	9148.0	9292.0	10925	10403	12455	11289	9956.0	26426																								
50.604	9369.0	9334.0	10991	9943.0	12273	11047	9608.0	26184																								
50.625	9023.0	9370.0	11293	9761.0	12026	10791	9756.0	26318																								
50.646	9483.0	9352.0	10965	9843.0	12936	10916	10123	26910																								
50.666	9202.0	9255.0	10811	10134	12438	11139	9914.0	26293																								
50.687	9020.0	9338.0	11211	10283	12466	11381	9836.0	27371																								
50.709	9052.0	9340.0	10985	10157	12819	11099	10012	27202																								
50.729	9327.0	9285.0	11132	9891.0	12719	11302	9537.0	27644																								
50.750	9058.0	9098.0	10530	10187	12996	11391	9407.0	27534																								
50.771	9390.0	9061.0	10921	10203	12282	11136	10052	27842																								
50.791	9263.0	9237.0	11100	10195	12651	11134	9446.0	28655																								
50.812	9435.0	9284.0	10533	10140	13066	11233	9822.0	28824																								
50.834	9140.0	9361.0	10987	10078	12713	10986	9901.0	28991																								
50.854	9412.0	9154.0	10791	10117	13141	11271	10211	29628																								
50.875	8956.0	8945.0	11043	10115	13042	11218	9716.0	29951																								
50.896	9472.0	9508.0	10797	10080	13350	10912	9845.0	31012																								
50.916	9428.0	9414.0	11246	9807.0	13223	11263	9753.0	30896																								
50.937	9488.0	9099.0	10947	10092	12837	11597	10256	32038																								
50.959	9325.0	9248.0	10812	10031	13611	10863	10079	31773																								
50.979	9211.0	9168.0	10935	10073	13455	11436	9648.0	31651																								
51.000	9326.0	9231.0	11080	10292	13239	11209	9774.0	33182																								
51.021	9362.0	9148.0	10948	9803.0	13298	11119	9820.0	33585																								
51.041	9727.0	9056.0	10794	10137	13456	11313	9859.0	34508																								
51.063	9035.0	9206.0	10738	9843.0	13491	11100	9818.0	34804																								
51.084	9171.0	9274.0	10791	10210	13209	11076	9525.0	35063																								
51.104	9216.0	9348.0	11128	9858.0	13479	11397	10079	35959																								
51.125	9164.0	9142.0	10808	9951.0	13144	11316	10069	37066																								
51.146	9334.0	8976.0	10803	9986.0	13179	11143	9375.0	37167																								
51.166	8636.0	9107.0	10659	10419	13933	11070	9992.0	38073																								
51.188	9347.0	9066.0	10910	10020	13936	10911	9815.0	39213																								
51.209	9203.0	9190.0	11130	10034	13698	11179	10005	40489																								
51.229	9352.0	9133.0	10559	10101	13919	11650	9487.0	40705																								
51.250	9178.0	8920.0	10659	10006	14500	11501	9673.0	41094																								
51.271	9426.0	9280.0	10510	9869.0	14272	10948	9877.0	42083																								
51.291	9160.0	9369.0	10474	9828.0	14232	11425	9736.0	42770																								
51.312	9558.0	9680.0	11034	9963.0	14370	10950	9582.0	43198																								
51.334	9177.0	9231.0	10816	10226	14632	11043	9288.0	43782																								
51.354	9164.0	9057.0	10684	9984.0	14565	11553	9506.0	44310																								
51.375	9236.0	9389.0	10766	10039	14373	11357	9458.0	44600																								
51.396	9179.0	9272.0	10744	9956.0	14570	11156	9642.0	45388																								
51.416	9621.0	9027.0	10908	10221	14772	11282	9898.0	46850																								
51.437	9237.0	9349.0	11016	10009	14737	11257	10131	46580																								
51.459	9285.0	9156.0	10730	9980.0	15171	10914	9764.0	47450																								
51.479	9165.0	8966.0	10652	10186	14747	11098	9645.0	47561																								
51.500	9141.0	9296.0	10559	10070	14749	11186	9713.0	47922																								
51.521	9300.0	9467.0	10727	10248	15048	10911	9725.0	48522																								
51.541	9133.0	9241.0	10675	9856.0	14980	11418	9880.0	48758																								
51.562	9475.0	9271.0	10597	9569.0	15407	10824	9791.0	48666																								
51.584	9296.0	9342.0	10944	9907.0	15462	11251	9565.0	49367																								
51.604	9135.0	9253.0	10783	10129	14990	11257	9555.0	49696																								
51.625	9132.0	9081.0	10999	10204	15420	11024	9707.0	50985																								
51.646	9187.0	8956.0	11288	10067	15167	11152	9315.0	50632																								
51.666	8906.0	8959.0	10947	10110	16119	11307	9680.0	50891																								
51.688	9024.0	9164.0	10875	9967.0	15739	10752	9133.0	51410																								
51.709	9332.0	8916.0	11077	10110	15280	11126	9632.0	50893																								
51.729	9255.0	9094.0	11126	10006	15574	10689	9785.0	51935																								
51.750	9228.0	9217.0	10635	10041	15750	11205	9719.0	52711																								
51.771	9315.0	9383.0	10687	10249	15628	11220	9901.0	51798																								
51.791	9103.0	9156.0	10717	9812.0	16144	11318	9988.0	52521																								
51.813	9327.0	9331.0	10704	10134	15953	11298	9781.0	52574																								
51.834	9252.0	9225.0	10910	10175	16021	11199	10062	53055																								
51.854	9072.0	9172.0	10704	9866.0	15150	11006	9556.0	53003																								
51.875	9304.0	9202.0	10703	9839.0	16080	11048	9858.0	53459																								
51.896	9069.0	9284.0	10914	10142	16244	11144	9956.0	53538																								
51.916	9335.0	9224.0	10766	10159	15558	11438	9529.0	54478																								
51.937	9203.0	9142.0	10657	10269	15685	11038	9827.0	53984																								
51.959	9270.0	9347.0	10798	9717.0	16503	10822	10048	53299																								
51.979	9398.0	8994.0	10753	9783.0	16186	11098	9780.0	53286																								
52.000	9294.0	9025.0	11059	9919.0	15926	11129	9923.0	53621																								
52.021	9068.0	9172.0	10767	10268	16503	10858	9845.0	54668																								
52.041	9092.0	9008.0	10857	10355	16759	10973	9575.0	53525																								
52.062	9236.0	9134.0	10844	10173	16042	11178	9659.0	54641																								
52.084	9191.0	9166.0	10511	9927.0	16450	11146	9834.0	55111																								
52.104	9201.0	9009.0	10987	9979.0	16785	11176	9637.0	54630																								
52.125	9160.0	9398.0	10929	9844.0	16974	10841	9879.0	53939																								
52.146	9009.0	9095.0	11046	9566.0	16964	11245	9859.0	54409																								
52.166	9293.0	9290.0	10731	10005	16712	11084	9632.0	54764																								
52.187	9341.0	9116.0	11015	10176	17048	11212	9967.0	53987																								
52.209	9358.0	9306.0	10689	10223	17000	11230	9514.0	54440																								
52.229	9241.0	9430.0	11084	9950.0	17348	11456	9882.0	54188																								
52.250	9395.0	9301.0	10952	9864.0	17043	11091	9808.0	54869																								
52.271	9200.0	9152.0	11270	10130	17530	11014	9880.0	54761																								
52.291	9213.0	9536.0	10902	10244	17241	11301	9926.0	55908																								
52.313	9433.0	9113.0	10745	10113	17101	11165	10029	55428																								
52.334	8986.0	9341.0	10670	10241	17435	11056	9690.0	55358																								
52.354	9318.0	8889.0	10861	9885.0	17654	11472	9805.0	56137																								
52.375	9180.0	9411.0	10787	9866.0	17347	11204	9996.0	55209																								
52.396	8911.0	9111.0	10785	10341	17573	11552	9821.0	55423																								
52.416	9009.0	8990.0	10754	9878.0	17192	11461	9646.0	55027																								
52.438	9047.0	8869.0	10703	9633.0	17628	11464	9813.0	54907																								
52.459	9521.0	9262.0	10738	9747.0	18157	11348	9682.0	55094																								
52.479	9340.0	8976.0	10800	10209	17860	11266	9953.0	54855																								
52.500	9255.0	9262.0	11000	10013	18280	11513	9603.0	54976																								
52.521	9157.0	9037.0	10692	9840.0	18059	11399	9598.0	54927																								
52.541	8869.0	9461.0	11013	9796.0	18306	11437	9997.0	54406																								
52.562	9273.0	9007.0	10682	10201	17966	11313	9975.0	55185																								
52.584	8966.0	8964.0	10712	9989.0	17703	11125	9912.0	55316																								
52.604	9152.0	9212.0	10547	9835.0	18370	11034	9968.0	54431																								
52.625	9153.0	9078.0	10985	10019	18084	11144	9674.0	55432																								
52.646	9236.0	8734.0	10768	10185	18541	11177	9655.0	55069																								
52.666	9342.0	9060.0	10725	9994.0	18162	11292	9784.0	55152																								
52.687	8888.0	8970.0	10879	10326	18410	11252	9918.0	55401																								
52.709	9339.0	8862.0	10691	10051	18251	11259	9768.0	55059																								
52.729	9389.0	8909.0	10484	10182	18025	11228	9690.0	55870																								
52.750	9022.0	9278.0	10956	9852.0	18766	11329	9902.0	54660																								
52.771	9128.0	9120.0	10970	10151	19153	11388	9841.0	55679																								
52.791	9088.0	9050.0	10895	10299	18876	11341	10033	54562																								
52.812	9367.0	8995.0	11005	9765.0	18665	11403	9841.0	54876																								
52.834	9169.0	9128.0	10465	9754.0	18959	11018	9612.0	54858																								
52.854	9355.0	9027.0	10413	10069	18488	11366	9957.0	55682																								
52.875	9336.0	9271.0	10870	10208	18303	11188	10001	55218																								
52.896	9112.0	8913.0	10538	9685.0	18631	11158	9794.0	55539																								
52.916	9525.0	9246.0	10682	9944.0	18676	11531	9989.0	55632																								
52.938	9094.0	8861.0	10599	10196	18640	11320	9810.0	55147																								
52.959	9090.0	9145.0	10996	9997.0	19170	11196	9746.0	54757																								
52.979	9234.0	9301.0	10790	10189	19338	11219	10289	55144																								
53.000	9245.0	8868.0	11256	10094	19693	10913	9878.0	54332																								
53.021	9415.0	8994.0	10937	10188	19033	11668	9656.0	54818																								
53.041	8988.0	9258.0	10907	9888.0	19527	11764	10115	54806																								
53.063	9153.0	8989.0	11111	9924.0	19988	11326	10229	54268																								
53.084	9042.0	9090.0	11022	10278	19914	11294	9877.0	54996																								
53.104	9204.0	9517.0	10788	10018	19660	11399	9967.0	54857																								
53.125	9417.0	8981.0	10667	10060	19125	11781	9529.0	55578																								
53.146	9110.0	9362.0	10518	10170	19193	11223	10519	55425																								
53.166	9156.0	9423.0	10738	10356	19976	11340	10106	54780																								
53.187	9390.0	8868.0	10581	9925.0	19907	11393	10223	54624																								
53.209	9166.0	9032.0	10967	9931.0	19698	11333	9904.0	54555																								
53.229	9255.0	9187.0	11040	9974.0	20277	11334	10060	55454																								
53.250	9426.0	8859.0	10700	10227	20069	11544	9672.0	55622																								
53.271	9316.0	9438.0	10807	9952.0	20092	11283	9693.0	54328																								
53.291	9527.0	9522.0	10741	10277	19759	11647	9513.0	54125																								
53.312	9274.0	9224.0	10741	10237	20275	11269	9735.0	54254																								
53.334	9455.0	9164.0	10709	10230	20243	11319	10251	54010																								
53.354	9257.0	9258.0	11031	10037	20411	11320	9862.0	54937																								
53.375	9083.0	8856.0	11029	10201	20459	11373	9904.0	54925																								
53.396	9273.0	8897.0	10934	9973.0	20094	11727	9997.0	54258																								
53.416	9302.0	8828.0	10526	9963.0	19863	11378	9694.0	54229																								
53.437	9520.0	9157.0	10826	9947.0	20718	11347	10080	54387																								
53.459	9160.0	9080.0	10960	9883.0	20326	11338	10053	54310																								
53.479	9100.0	9282.0	10740	10019	20561	11019	9836.0	54923																								
53.500	9334.0	8933.0	10498	10086	20502	11731	9743.0	54856																								
53.521	9316.0	9002.0	11101	10118	20790	11345	9805.0	54858																								
53.541	9548.0	9074.0	11148	9951.0	20369	11231	9879.0	54815																								
53.563	9427.0	9508.0	10966	10430	20176	11392	9743.0	55333																								
53.584	9288.0	9226.0	10863	10133	20598	11391	9915.0	54453																								
53.604	9253.0	9154.0	10624	9806.0	20801	11503	9895.0	54006																								
53.625	9102.0	9262.0	10517	9762.0	20773	11250	9749.0	54990																								
53.646	9445.0	9211.0	10788	10172	20568	11578	9956.0	54454																								
53.666	9217.0	9419.0	10721	10191	20095	11673	9943.0	54140																								
53.688	8895.0	9100.0	10704	9899.0	20831	11468	9869.0	54557																								
53.709	9489.0	9517.0	10657	10308	21108	11343	9688.0	54082																								
53.729	9110.0	8924.0	10963	10046	20532	11327	10241	54165																								
53.750	8965.0	9105.0	10973	10090	20902	11503	10100	54724																								
53.771	9118.0	8945.0	10888	10124	20793	11445	10047	53927																								
53.791	8999.0	9123.0	10711	10461	21260	11682	10201	54363																								
53.812	8911.0	9213.0	10619	10143	20853	11379	9901.0	53935																								
53.834	9114.0	9221.0	10811	9835.0	21088	11211	10165	54303																								
53.854	9260.0	9222.0	10938	10317	20873	11408	9859.0	54366																								
53.875	9154.0	9075.0	10880	10112	21588	11540	9735.0	53510																								
53.896	9290.0	9288.0	10752	9834.0	20887	11520	10009	54194																								
53.916	9406.0	9372.0	10771	10182	21292	11451	9941.0	52922																								
53.937	8956.0	9055.0	10622	9933.0	21094	11622	10292	53375																								
53.959	9018.0	8964.0	10916	10040	21109	11442	10017	54606																								
53.979	9454.0	9346.0	10927	10271	21006	11678	9937.0	54167																								
54.000	9266.0	8993.0	11233	10165	21399	11925	9961.0	54962																								
54.021	9157.0	9342.0	10685	10084	21948	11396	9690.0	53639																								
54.041	9236.0	9001.0	10855	9906.0	21947	11681	9870.0	54266																								
54.062	9195.0	9208.0	10400	9933.0	21683	11390	10073	53744																								
54.084	8932.0	9260.0	10799	10333	21753	11351	9809.0	54292																								
54.104	9057.0	9456.0	10842	10264	21961	11655	10257	53748																								
54.125	9449.0	8915.0	10807	10294	22317	11512	9853.0	53756																								
54.146	9009.0	9241.0	11446	9997.0	22545	11607	10200	53217																								
54.166	9203.0	9001.0	11109	10379	22207	11367	10105	53646																								
54.188	9421.0	9013.0	11127	10135	22539	11704	9950.0	53117																								
54.209	9129.0	9111.0	10717	10142	22951	11663	10133	53360																								
54.229	9311.0	9176.0	11407	10061	23123	11493	10263	54078																								
54.250	9100.0	8818.0	10719	10029	23962	11369	9831.0	54212																								
54.271	9538.0	9323.0	10943	9747.0	24175	11592	9833.0	53788																								
54.291	9265.0	9161.0	10974	10221	24408	11352	9958.0	54069																								
54.313	9080.0	8975.0	11196	10138	24945	11517	10070	53404																								
54.334	9090.0	8756.0	10810	10364	25338	11767	9879.0	54175																								
54.354	9063.0	9161.0	10962	10147	26028	11927	9922.0	53557																								
54.375	9308.0	9075.0	11029	9751.0	26195	11291	9921.0	54072																								
54.396	9272.0	9070.0	10998	10008	26976	11445	10396	53904																								
54.416	9075.0	8933.0	10660	9843.0	26901	11426	9998.0	53415																								
54.437	9333.0	9108.0	10971	9908.0	27523	12209	10176	53912																								
54.459	9157.0	9177.0	10722	9864.0	28471	11346	10079	53745																								
54.479	9195.0	9146.0	10686	10215	29576	11697	10249	53527																								
54.500	9092.0	9053.0	11078	10343	29694	11606	10155	54063																								
54.521	9184.0	9149.0	10677	9971.0	30496	11722	9907.0	53878																								
54.541	9204.0	9120.0	10617	10079	31164	11752	10225	53747																								
54.562	9395.0	9296.0	10874	9816.0	31579	11804	10061	53269																								
54.584	9208.0	9029.0	10602	10031	32086	11742	9595.0	53395																								
54.604	9147.0	9150.0	11053	10127	33326	11947	9736.0	53786																								
54.625	9182.0	9279.0	10870	10161	33905	11353	10267	54380																								
54.646	9253.0	9294.0	10853	10040	34491	11623	9793.0	53545																								
54.666	9190.0	9074.0	10540	10112	34637	11431	10208	53984																								
54.687	9084.0	9396.0	10885	10205	35179	11720	10014	54199																								
54.709	8949.0	9242.0	11207	9900.0	35562	11941	10207	53948																								
54.729	9157.0	8979.0	11032	10258	36676	11444	10162	53867																								
54.750	8998.0	8948.0	10846	10411	37381	11718	10325	54140																								
54.771	9164.0	9128.0	10931	10298	36735	11741	9809.0	53035																								
54.791	8988.0	8855.0	10688	10388	37724	12015	10380	54033																								
54.813	9096.0	9333.0	10694	9952.0	38136	11819	10126	54316																								
54.834	9611.0	9196.0	10962	9648.0	38432	11403	10160	53694																								
54.854	9458.0	9261.0	10950	10034	38596	11988	10036	53999																								
54.875	9365.0	9190.0	10565	9763.0	39761	11598	10123	53563																								
54.896	9344.0	9136.0	10795	10006	38947	12014	10287	53878																								
54.916	9581.0	9247.0	10794	10250	39419	11766	10121	53847																								
54.938	9208.0	8896.0	10919	10064	40364	11712	10148	53826																								
54.959	9056.0	9209.0	10837	10408	40542	11666	10064	52962																								
54.979	9475.0	9106.0	10743	10239	39931	11685	10333	53195																								
55.000	9241.0	9318.0	10363	9966.0	40498	11366	10247	54841																								
55.021	9163.0	9083.0	10639	10010	41033	11727	10165	54275																								
55.041	9436.0	9131.0	10919	10248	41571	11539	10222	54453																								
55.062	8928.0	9212.0	10746	9982.0	40852	11659	10179	53571																								
55.084	9290.0	8885.0	10724	10028	41481	11538	10082	54128																								
55.104	8865.0	9239.0	10866	10411	41469	11918	10316	54475																								
55.125	9287.0	9183.0	10475	10082	41672	12001	10329	53972																								
55.146	9558.0	9100.0	11029	9871.0	40920	11841	10214	54056																								
55.166	9103.0	9177.0	10775	10149	41359	11867	9935.0	53908																								
55.187	9498.0	9137.0	10634	10282	41634	11862	10175	53925																								
55.209	9231.0	9093.0	10624	10311	41478	11826	10164	53558																								
55.229	8829.0	9206.0	10796	10066	41450	11774	10267	53866																								
55.250	9230.0	9102.0	10669	10289	42192	11746	10221	53798																								
55.271	9072.0	9139.0	10729	10001	42238	11854	10009	54068																								
55.291	9207.0	8987.0	10644	10113	42291	12092	10496	53529																								
55.312	9210.0	8721.0	10550	10117	41824	11962	10423	54650																								
55.334	9205.0	9030.0	10925	10149	42007	11621	10193	53956																								
55.354	8952.0	9239.0	10726	10226	41887	11874	10266	53367																								
55.375	9467.0	9122.0	10870	10237	42515	11893	10302	54332																								
55.396	9239.0	9002.0	10416	10026	41979	11644	10234	53758																								
55.416	9257.0	9205.0	10738	10483	42779	11958	10441	54068																								
55.438	9256.0	9007.0	10528	10215	42319	11413	10266	53963																								
55.459	9112.0	9217.0	10514	10132	42416	12011	10061	53960																								
55.479	9243.0	9281.0	10895	10417	42470	11765	10473	53514																								
55.500	9024.0	8972.0	10281	10182	43058	11801	10026	53883																								
55.521	9220.0	9032.0	10703	9891.0	42752	11661	9943.0	53960																								
55.541	9377.0	9317.0	10755	10221	42725	11906	10275	54581																								
55.563	9349.0	9152.0	11207	10473	42059	12155	10076	54306																								
55.584	9128.0	9208.0	10921	10124	42582	11390	10279	53301																								
55.604	9471.0	8859.0	10742	10157	43101	12054	10451	54433																								
55.625	8906.0	8934.0	10834	10108	43281	11935	10168	53257																								
55.646	9096.0	8778.0	10600	10175	43114	11802	10376	54027																								
55.666	9219.0	9260.0	10752	10170	43445	11584	10437	53358																								
55.687	9049.0	8942.0	10576	10068	43147	11821	10159	53758																								
55.709	9063.0	9204.0	10843	10119	43475	11850	10313	53475																								
55.729	8950.0	9239.0	10534	10267	43181	11925	10406	53715																								
55.750	8963.0	9088.0	11586	10300	42642	11803	10543	53756																								
55.771	9114.0	9167.0	10777	9878.0	42803	12188	10558	53145																								
55.791	9059.0	9132.0	11153	10267	43572	12125	10158	53777																								
55.812	9054.0	9187.0	11165	10345	43531	12165	10108	53705																								
55.834	9104.0	9196.0	10669	10184	43689	11995	10666	53349																								
55.854	9411.0	9415.0	10649	10028	43217	11831	10281	53872																								
55.875	9493.0	9400.0	10584	10276	42443	11982	10493	53287																								
55.896	9040.0	9092.0	10899	9961.0	43853	12011	10493	52942																								
55.916	9393.0	9233.0	10601	10271	43593	11698	10412	53177																								
55.937	9281.0	8996.0	10722	10520	43177	12157	10127	53006																								
55.959	9234.0	9408.0	10550	9837.0	43423	12165	10454	53297																								
55.979	9166.0	9011.0	10854	10001	43624	12424	10225	53193																								
56.000	9058.0	9081.0	10666	10234	43926	11876	10325	52030																								
56.021	9366.0	9273.0	10575	10253	43543	12107	10498	52461																								
56.041	9499.0	8846.0	10720	9840.0	43707	11776	10737	54025																								
56.063	9012.0	9291.0	10943	10159	43958	12100	10458	53930																								
56.084	9434.0	9136.0	10896	9946.0	43944	11956	10448	53523																								
56.104	9356.0	9114.0	10675	9862.0	43808	11846	10409	53243																								
56.125	9004.0	9205.0	10530	9940.0	43879	11717	10324	52999																								
56.146	9408.0	9103.0	11117	10139	43564	12027	10230	53443																								
56.166	9238.0	8975.0	10945	9854.0	43837	11827	10769	52752																								
56.188	9001.0	9187.0	10858	9958.0	43044	12137	10701	53506																								
56.209	9231.0	9350.0	10607	10444	43387	11851	10479	52911																								
56.229	9055.0	9006.0	11037	10306	44096	11832	10460	53926																								
56.250	9119.0	9114.0	10690	10606	43594	11863	10135	53683																								
56.271	9439.0	9204.0	11232	10355	43566	12405	10692	52326																								
56.291	9472.0	9541.0	10696	10100	43873	11762	10134	53777																								
56.312	9159.0	9162.0	10405	10347	42483	12011	10641	52247																								
56.334	9173.0	9074.0	10698	9762.0	43099	12252	10559	53064																								
56.354	9014.0	9138.0	10617	10225	43491	12099	10592	52849																								
56.375	9430.0	8989.0	10738	10335	43303	11989	10000	53191																								
56.396	9259.0	9072.0	10518	10152	43518	12121	9971.0	53444																								
56.416	9290.0	9499.0	11193	9943.0	43838	12183	10238	52529																								
56.437	8942.0	9382.0	10627	10263	43170	12352	10495	53543																								
56.459	9108.0	9074.0	10898	10054	43194	12187	10319	52589																								
56.479	9327.0	9268.0	11073	10232	43573	12121	10719	53349																								
56.500	8795.0	8929.0	10688	9996.0	44139	12181	10280	52835																								
56.521	9057.0	8985.0	11016	10148	43993	11895	10311	53767																								
56.541	9264.0	9076.0	10969	10099	44364	12601	10533	53108																								
56.562	8965.0	8910.0	10652	10398	42923	12023	10565	52817																								
56.584	9289.0	9136.0	10792	10227	44240	11927	10568	52632																								
56.604	9235.0	8898.0	10769	10040	43440	11952	10440	53342																								
56.625	9321.0	9366.0	10717	10314	44018	12417	10505	53114																								
56.646	9350.0	9085.0	10897	10382	43850	12197	10551	53191																								
56.666	8660.0	9270.0	11093	10440	43418	12226	10784	53240																								
56.688	9082.0	8913.0	10848	10111	44035	12130	10493	53046																								
56.709	9271.0	9441.0	10715	9820.0	44306	12254	10760	52202																								
56.729	9322.0	9081.0	10789	10152	44153	12164	10264	53478																								
56.750	9112.0	9403.0	10615	10167	44311	12422	10422	52672																								
56.771	9367.0	9073.0	10910	10155	44551	12336	10498	52735																								
56.791	9080.0	9267.0	10864	10055	44513	12045	10672	52851																								
56.813	9191.0	9428.0	10736	10004	44466	12460	10671	52697																								
56.834	9291.0	9170.0	10636	10203	44622	11834	10452	53298																								
56.854	8799.0	8867.0	11222	10159	45022	12067	10276	52677																								
56.875	9178.0	9419.0	10553	10239	43685	12254	10704	53443																								
56.896	9495.0	9162.0	10489	10046	43720	12225	10809	52922																								
56.916	9214.0	9236.0	10462	10159	44678	12241	10861	54308																								
56.937	9270.0	9042.0	10853	9942.0	44259	12712	10675	53483																								
56.959	9617.0	9434.0	10755	10214	43686	12305	10512	53070																								
56.979	9322.0	9325.0	10548	10399	45115	12770	10816	53258																								
57.000	9503.0	9022.0	10767	9919.0	44883	12712	10902	52335																								
57.021	9041.0	9072.0	11115	9704.0	44227	12308	10937	53385																								
57.041	9292.0	9298.0	10703	10288	43938	12654	10518	52293																								
57.062	9169.0	9086.0	11025	10438	44804	12649	10543	52170																								
57.084	9282.0	9063.0	10516	10046	45110	12968	10541	52829																								
57.104	9288.0	9198.0	10545	10000	44379	12503	10844	52305																								
57.125	8999.0	9242.0	10987	10174	43440	12674	10764	52536																								
57.146	9023.0	9100.0	10690	10166	44273	12903	10632	52837																								
57.166	9176.0	8971.0	10867	10353	43799	12945	10964	53422																								
57.187	9217.0	9197.0	10757	10001	44466	12950	10814	53553																								
57.209	9265.0	8988.0	10806	10186	44258	13163	10831	52793																								
57.229	9236.0	9104.0	10852	10024	44505	12960	10843	53129																								
57.250	9192.0	8899.0	10950	10169	44900	13175	10588	53422																								
57.271	9343.0	9334.0	10996	9838.0	43839	13549	10772	53588																								
57.291	9299.0	9072.0	10820	10450	45133	13266	10689	53284																								
57.313	9144.0	8994.0	10770	10413	44631	13002	10640	53110																								
57.334	9091.0	9134.0	10931	10183	44462	13341	10894	53078																								
57.354	9097.0	9255.0	10736	10223	44844	13349	10573	52645																								
57.375	8980.0	9113.0	10903	9975.0	44884	13417	10963	53206																								
57.396	9320.0	9174.0	10878	10048	45045	13403	10824	53271																								
57.416	9289.0	8946.0	10709	10067	43929	14210	10825	52621																								
57.438	9040.0	9224.0	10780	10171	44284	13764	10844	52776																								
57.459	9089.0	9114.0	10445	10278	44736	13822	10944	53533																								
57.479	8593.0	9417.0	11183	10540	44476	13711	10791	53053																								
57.500	9501.0	8903.0	11094	10302	44039	14153	10746	53169																								
57.521	9195.0	9333.0	10904	10057	45023	14598	10777	52903																								
57.541	8712.0	8743.0	10770	10496	43754	14487	10788	53146																								
57.562	9166.0	9087.0	10781	9883.0	44178	14495	10713	53248																								
57.584	9122.0	9093.0	10639	10105	44910	14663	10884	53476																								
57.604	9237.0	8885.0	11230	10492	44504	14868	10705	53141																								
57.625	9019.0	9229.0	10852	10348	44226	15358	10837	52310																								
57.646	9259.0	9045.0	10756	9994.0	43901	15179	10723	53904																								
57.666	9139.0	8961.0	10764	10058	44738	15648	10747	53059																								
57.687	8949.0	9072.0	10836	10320	44628	15749	11009	52900																								
57.709	9139.0	8794.0	10775	9998.0	45270	16382	10883	53038																								
57.729	9181.0	9029.0	10878	10105	44878	16233	10885	52009																								
57.750	9151.0	9193.0	10902	10183	44553	16463	10450	53433																								
57.771	9066.0	9136.0	10600	9873.0	44927	16550	11024	53715																								
57.791	8968.0	8805.0	10863	10151	44793	16582	11011	52699																								
57.812	9150.0	9495.0	10782	10173	44438	17280	10983	53388																								
57.834	9252.0	8928.0	10895	10363	45009	17554	10981	53113																								
57.854	9506.0	8906.0	10802	10002	44397	17020	11210	53177																								
57.875	9105.0	9027.0	10458	10108	44531	17945	11177	52654																								
57.896	9098.0	9398.0	10615	10278	44192	17851	11061	52692																								
57.916	9272.0	8939.0	10836	10060	43741	18024	11013	52904																								
57.938	9153.0	9143.0	10955	9994.0	44594	18336	11179	53014																								
57.959	9294.0	9070.0	11229	10097	44612	18781	11460	53189																								
57.979	9342.0	9012.0	10910	10523	43780	19115	11251	52933																								
58.000	8827.0	9207.0	11000	10113	44796	19236	10804	52761																								
58.021	9102.0	8992.0	10372	10256	44507	19672	11107	52856																								
58.041	9030.0	9084.0	10927	9962.0	44735	19768	11060	53072																								
58.063	9179.0	8923.0	10685	10149	44651	19971	10792	52641																								
58.084	9318.0	9026.0	10996	9997.0	44759	19996	11187	52965																								
58.104	9132.0	9058.0	10680	10111	44143	20335	11133	54199																								
58.125	9319.0	9160.0	11144	10389	44118	20186	11185	52638																								
58.146	9113.0	8976.0	11055	10078	43509	20590	11096	52185																								
58.166	9260.0	8935.0	10926	10491	43837	20920	11156	53474																								
58.187	8934.0	9025.0	10786	10057	44360	21158	11266	53071																								
58.209	9109.0	8965.0	11024	9999.0	44015	20730	10913	53363																								
58.229	9377.0	9186.0	10767	10282	44271	21232	11426	53384																								
58.250	9090.0	9599.0	10880	10109	45464	21439	11210	52858																								
58.271	9636.0	8800.0	10976	10108	43813	21974	11588	52473																								
58.291	8974.0	8904.0	10779	10186	44069	22269	11436	52694																								
58.312	9036.0	9276.0	10557	10237	43421	21939	11390	53385																								
58.334	9105.0	9083.0	10949	10119	43860	21810	11344	53364																								
58.354	9337.0	8985.0	10634	10335	43353	21692	11238	53257																								
58.375	9103.0	8916.0	11048	10176	43736	22545	11421	53752																								
58.396	9242.0	9061.0	10335	10122	44553	22488	11225	53064																								
58.416	9038.0	8927.0	10767	9981.0	44342	22775	11514	53338																								
58.437	9268.0	9110.0	10684	10398	43687	22406	11327	54073																								
58.459	9305.0	9275.0	11208	10134	44266	22919	11194	52094																								
58.479	9544.0	9106.0	11153	9996.0	44526	23080	11190	52987																								
58.500	9198.0	9274.0	10556	10258	44622	22718	11221	54172																								
58.521	9313.0	9226.0	10912	10188	43833	23075	11452	53673																								
58.541	9340.0	9079.0	10599	10188	43973	23477	11267	53490																								
58.563	8921.0	9207.0	11023	10581	43318	23868	11433	54105																								
58.584	8983.0	8821.0	10806	10022	43842	23284	11574	53037																								
58.604	8963.0	9064.0	10529	10224	42760	23329	11377	52799																								
58.625	8775.0	9037.0	11218	9804.0	43374	24184	11432	53739																								
58.646	9283.0	9285.0	10598	9968.0	43049	23844	11478	53424																								
58.666	9355.0	9006.0	10802	9984.0	43553	23787	11530	53138																								
58.688	9235.0	8998.0	10893	10062	44277	23551	11251	54159																								
58.709	9412.0	9044.0	10870	10381	43557	23791	11320	53476																								
58.729	9122.0	9056.0	11199	10098	43493	24085	11389	52811																								
58.750	9650.0	9164.0	10580	10162	45012	24950	11401	52784																								
58.771	8987.0	8892.0	10704	10107	44160	23771	11511	52860																								
58.791	9144.0	9323.0	10746	10169	44839	23964	11391	53068																								
58.812	9256.0	9250.0	10628	10537	44155	23902	11509	53396																								
58.834	9376.0	9552.0	10883	10153	43949	24251	11283	53453																								
58.854	9175.0	9191.0	11114	10155	44226	23945	11418	53629																								
58.875	9152.0	8860.0	10927	10080	44762	24231	11627	54379																								
58.896	8957.0	9278.0	10937	10042	44675	24557	11394	53594																								
58.916	9085.0	9049.0	10715	10083	44777	24905	11690	52873																								
58.937	8996.0	9205.0	10947	10246	43455	25038	11808	53476																								
58.959	9062.0	9021.0	10895	10093	43513	24286	11793	53350																								
58.979	8825.0	8876.0	10448	10121	44177	24073	11634	52825																								
59.000	8829.0	9116.0	11169	10334	43877	24734	12055	53362																								
59.021	8910.0	8945.0	10943	10166	43495	25087	11514	53173																								
59.041	9248.0	8744.0	11012	10332	45273	24272	11764	53406																								
59.062	9176.0	9177.0	10846	10109	43635	24467	11653	53863																								
59.084	9105.0	9006.0	10843	10162	43716	25116	11973	53734																								
59.104	9349.0	8926.0	11134	10587	44457	24476	12127	53064																								
59.125	9228.0	9275.0	10661	10133	44154	24998	11495	53132																								
59.146	9023.0	9267.0	10724	10075	44587	25022	11780	53107																								
59.166	9171.0	8988.0	10670	10616	44619	24914	12381	53565																								
59.188	9226.0	8786.0	11107	10164	44732	25020	11948	53092																								
59.209	8946.0	9292.0	10693	10314	44501	25174	11575	52986																								
59.229	9304.0	9227.0	10900	10023	44084	25304	12175	53711																								
59.250	9271.0	9308.0	10634	10112	44095	24554	11875	53703																								
59.271	8988.0	9150.0	11017	10412	44262	24990	11726	53611																								
59.291	9071.0	8908.0	11035	10080	43769	24686	11920	53507																								
59.313	9389.0	9231.0	11245	10458	44441	24870	11950	52521																								
59.334	9221.0	9059.0	11308	9991.0	44192	24923	12369	53987																								
59.354	9360.0	9163.0	10410	10120	43314	24732	12210	53084																								
59.375	9211.0	9185.0	10658	10352	44086	25079	12210	52904																								
59.396	9067.0	9258.0	11039	10146	44739	24678	12121	53270																								
59.416	9091.0	9113.0	10890	10192	43745	24717	12045	52817																								
59.437	9083.0	9314.0	11026	10171	43554	24852	12070	53448																								
59.459	9423.0	9250.0	10731	9992.0	43871	24871	12142	54037																								
59.479	8952.0	9395.0	10990	10262	44358	25277	12413	53433																								
59.500	9376.0	9232.0	10831	10469	44671	24522	12288	52581																								
59.521	9304.0	8991.0	11214	10265	44423	24947	12225	52909																								
59.541	9456.0	9107.0	11004	10140	44645	24875	12178	53356																								
59.562	8908.0	9246.0	10800	10163	44953	24975	11919	53434																								
59.584	8972.0	9013.0	10981	10112	43462	24755	12435	53658																								
59.604	9078.0	9199.0	11324	10251	43007	25004	12295	53348																								
59.625	9044.0	9571.0	10832	10167	43311	25174	12098	53294																								
59.646	8994.0	8943.0	10967	10189	42742	24958	12371	52622																								
59.666	9262.0	8939.0	10839	9878.0	43804	25204	12188	53122																								
59.687	9038.0	9118.0	10670	9881.0	42856	24895	12193	53144																								
59.709	9124.0	9087.0	11078	10349	44309	25246	12180	53056																								
59.729	9064.0	8889.0	10601	10703	43303	24688	12218	52939																								
59.750	9397.0	9325.0	10881	10064	44619	25202	12455	53620																								
59.771	9237.0	9295.0	10561	10380	44293	25287	12421	53392																								
59.791	9242.0	8901.0	10749	10316	45404	25489	12617	53838																								
59.813	9134.0	9039.0	10997	10153	44925	25417	12834	52632																								
59.834	8963.0	8855.0	10749	10413	43849	25569	12390	53163																								
59.854	8853.0	9556.0	10780	10397	44205	25265	12644	53818																								
59.875	9229.0	9228.0	10941	10255	44343	25047	12667	53446																								
59.896	9379.0	8858.0	10891	10189	42937	25443	12581	54038																								
59.916	8974.0	9065.0	11113	10109	43432	25750	12785	53402																								
59.938	9055.0	9464.0	10945	10181	44581	25322	12388	53320																								
59.959	9204.0	9553.0	11008	10119	45387	25893	12432	53817																								
59.979	9404.0	9139.0	11142	10318	44746	25240	12361	53539																								
60.000	9501.0	9211.0	11016	10235	44534	26067	12525	53621																								
60.021	8804.0	9192.0	10975	10225	44152	25457	12450	53958																								
60.041	9360.0	8939.0	11123	10473	44286	25725	12738	52958																								
60.062	9219.0	9053.0	10978	10086	44536	25796	12661	53912																								
60.084	9318.0	9065.0	10811	10278	44517	25565	12821	53228																								
60.104	9060.0	8959.0	11055	10182	45670	25329	13212	53351																								
60.125	9346.0	9354.0	10823	10034	44199	25804	13296	53740																								
60.146	9065.0	8999.0	11156	10220	44242	25584	13132	53929																								
60.166	9215.0	8949.0	10859	9999.0	44470	25510	13247	53310																								
60.187	9059.0	9034.0	11349	10144	44476	25457	13269	53479																								
60.209	9017.0	9175.0	10585	10180	44679	25370	12881	52849																								
60.229	9122.0	8854.0	10815	10348	45008	25644	12879	54152																								
60.250	9307.0	9390.0	10973	10043	44427	25755	13249	54143																								
60.271	9067.0	9037.0	10578	9910.0	44488	25542	12987	53964																								
60.291	9332.0	9241.0	11003	10009	45227	25566	13313	53663																								
60.312	9118.0	9078.0	11354	10300	44520	25300	12933	53531																								
60.334	9067.0	9166.0	11276	10352	44595	25873	13492	53510																								
60.354	9150.0	8849.0	10764	10426	44387	25448	13312	53743																								
60.375	9053.0	9288.0	10526	10230	45054	26098	13359	52704																								
60.396	9239.0	9070.0	10981	10392	44343	26043	13587	54114																								
60.416	9465.0	8935.0	10852	10183	43785	25390	13357	53866																								
60.438	9423.0	8815.0	10772	10327	43629	25391	13905	53342																								
60.459	9250.0	9253.0	10577	10415	43651	26227	13614	53615																								
60.479	9130.0	9462.0	10819	10005	44378	26234	13993	53473																								
60.500	9171.0	8967.0	10714	10293	45295	25475	13739	53951																								
60.521	9023.0	9024.0	10841	10219	45589	25712	14097	53316																								
60.541	9246.0	9321.0	10588	10519	43911	26041	13795	54108																								
60.563	9068.0	9009.0	10904	9896.0	44160	25389	14201	53867																								
60.584	9265.0	8984.0	11182	9931.0	44584	26007	14305	53835																								
60.604	9112.0	9012.0	10818	10189	44135	25488	14188	54249																								
60.625	9143.0	9227.0	10743	9938.0	44619	25888	14101	54527																								
60.646	9348.0	8830.0	10821	9792.0	44672	25590	14544	54938																								
60.666	9281.0	9282.0	11172	10398	44808	26652	14700	53604																								
60.687	9274.0	9199.0	11112	10091	44547	25957	15124	54014																								
60.709	9150.0	9198.0	10979	10189	45115	25996	14956	53212																								
60.729	9153.0	9195.0	11152	10325	44808	25977	15321	53884																								
60.750	8903.0	8971.0	10861	10275	44240	25876	15246	53297																								
60.771	9254.0	9052.0	10843	10343	45550	26380	15647	54039																								
60.791	9356.0	8781.0	10597	10130	44123	25706	15935	53581																								
60.812	9172.0	9232.0	11091	10419	44286	25757	16329	53728																								
60.834	9190.0	9133.0	10918	10261	44423	25990	16413	52349																								
60.854	9087.0	8978.0	11030	10016	44504	26018	17130	53622																								
60.875	8992.0	8725.0	11022	10151	44815	25803	17373	53527																								
60.896	9076.0	8467.0	10870	10279	44166	26126	17607	53196																								
60.916	9032.0	8977.0	11033	10466	44484	25448	18119	53752																								
60.937	9288.0	9137.0	11029	10180	44449	25910	18298	53293																								
60.959	8828.0	9160.0	11225	10109	43871	25948	18965	54179																								
60.979	9272.0	9168.0	10910	10340	45056	26355	19760	54025																								
61.000	9113.0	8734.0	11039	10285	45022	25759	19838	53638																								
61.021	9214.0	9153.0	10923	10361	45117	26069	19934	53349																								
61.041	9190.0	8975.0	10620	10201	44663	26127	20959	53712																								
61.063	8985.0	8987.0	11084	10160	43971	26065	20748	53433																								
61.084	9098.0	9095.0	10912	10254	43736	26639	21122	53710																								
61.104	9193.0	9143.0	11037	10151	45212	26113	21432	53680																								
61.125	8990.0	8902.0	11040	10297	44251	26221	21713	53378																								
61.146	8955.0	8865.0	11081	10152	44862	26559	21934	54617																								
61.166	9279.0	9185.0	10942	10279	44032	26246	22248	53543																								
61.188	9055.0	9178.0	10937	10081	45013	26673	22495	53617																								
61.209	9159.0	8980.0	10696	10184	44038	26297	23170	54203																								
61.229	9241.0	8959.0	10763	9960.0	44606	26208	22822	53880																								
61.250	9047.0	9195.0	10814	10071	44301	26182	23443	53946																								
61.271	9397.0	9083.0	11060	10486	44909	26445	23982	54072																								
61.291	9374.0	9198.0	10872	10249	45067	26081	23748	53698																								
61.312	8925.0	9108.0	10920	10126	44944	26453	23657	52742																								
61.334	9239.0	9085.0	11094	10016	44232	26627	23816	53774																								
61.354	8966.0	8956.0	11071	10004	43787	25771	23863	54020																								
61.375	9447.0	9196.0	10968	9918.0	44374	26689	24427	54258																								
61.396	9370.0	9144.0	11373	10118	44262	26320	24176	54233																								
61.416	9403.0	8964.0	10984	10322	44662	25938	25020	54437																								
61.437	9033.0	8980.0	10891	10181	44153	26142	25144	53718																								
61.459	9304.0	9278.0	10767	10280	44569	26465	25009	53635																								
61.479	9258.0	9110.0	11245	10153	43656	25701	25086	54257																								
61.500	8719.0	9215.0	10577	10365	44524	25712	25279	54280																								
61.521	9269.0	8951.0	11180	10078	44180	26483	25140	54309																								
61.541	9079.0	8928.0	10569	10233	44691	26500	25650	54351																								
61.562	9178.0	8824.0	10818	10189	44643	26579	25302	54139																								
61.584	9142.0	9184.0	11029	10506	44304	26702	25241	53667																								
61.604	9103.0	9252.0	11122	10063	44236	25990	25754	53511																								
61.625	9035.0	9095.0	10895	10102	44823	26214	25817	53873																								
61.646	9101.0	8851.0	10591	10276	44633	26648	25505	55191																								
61.666	8862.0	9237.0	11219	10211	44492	25911	25785	53580																								
61.688	9109.0	9051.0	11039	9929.0	44925	26347	26067	54796																								
61.709	8930.0	9216.0	11203	9958.0	44700	26229	25828	53314																								
61.729	9324.0	9140.0	11099	10058	44284	26213	26365	54098																								
61.750	8991.0	8953.0	11120	10193	44163	26106	26124	53472																								
61.771	9202.0	8984.0	11257	10322	44088	26548	25765	53853																								
61.791	9031.0	8898.0	11167	10025	43863	26442	26308	53544																								
61.813	8960.0	9343.0	11103	10067	44347	26473	26511	54709																								
61.834	9046.0	9005.0	11046	10012	43729	26743	26109	53650																								
61.854	9062.0	8949.0	10571	10190	45408	26174	26517	54676																								
61.875	9157.0	9011.0	10842	10233	44843	26530	26584	54388																								
61.896	9024.0	9156.0	10953	10333	43961	26601	26564	53869																								
61.916	8982.0	9311.0	10743	10044	43588	26854	27086	54025																								
61.937	9249.0	8826.0	10998	9928.0	44325	26878	26962	53280																								
61.959	9041.0	8914.0	10848	10059	44736	26246	26336	54054																								
61.979	9131.0	8648.0	11296	9900.0	44809	26990	26409	53401																								
62.000	9265.0	9310.0	11155	9957.0	43678	26505	26884	54576																								
62.021	8978.0	9165.0	10775	10235	44282	26183	26426	53611																								
62.041	9180.0	9213.0	11248	10012	43372	26322	26892	53735																								
62.062	8915.0	9363.0	10832	10055	45058	26089	26914	53589																								
62.084	8916.0	8801.0	11128	10236	43986	26286	26669	53926																								
62.104	8900.0	8724.0	10905	10136	44570	26380	26706	53898																								
62.125	9008.0	9204.0	11306	10080	44973	26477	26610	53839																								
62.146	8999.0	8995.0	11277	10102	44691	26350	26613	54309																								
62.166	9436.0	9045.0	11069	10155	44493	26838	26550	53416																								
62.187	9073.0	9171.0	11066	10233	44885	26313	27026	54014																								
62.209	8911.0	8985.0	11311	10060	45459	26389	26989	53896																								
62.229	9163.0	8885.0	10937	10012	44449	26340	26439	53987																								
62.250	9140.0	9019.0	10872	10168	44958	26269	27105	53421																								
62.271	8980.0	8805.0	10889	10223	45129	26899	27031	54009																								
62.291	9224.0	9133.0	10939	10207	44843	26804	27361	53615																								
62.313	9220.0	9084.0	11077	10301	45112	26331	27548	54219																								
62.334	9311.0	8837.0	10965	10191	44594	26533	27176	54618																								
62.354	9027.0	9063.0	11058	10400	45065	26724	26947	54418																								
62.375	8957.0	9246.0	10869	10517	43811	26820	27490	54708																								
62.396	8912.0	8990.0	11282	9834.0	44252	26141	27674	54268																								
62.416	8843.0	9097.0	10845	10137	44702	26910	27717	53736																								
62.438	9217.0	8956.0	11184	10198	45057	27146	27690	53801																								
62.459	9045.0	8985.0	10956	10081	44418	26466	27130	54078																								
62.479	8858.0	9484.0	10903	9997.0	44474	26888	27548	54240																								
62.500	9150.0	8896.0	10755	10319	44865	27304	27311	54270																								
62.521	9014.0	9101.0	11129	10224	45000	26116	27692	53827																								
62.541	9360.0	9027.0	10891	10245	45060	26252	27470	53434																								
62.562	8964.0	9135.0	10742	10289	45380	26976	27588	54307																								
62.584	9072.0	9072.0	10876	9693.0	43972	26983	26953	53647																								
62.604	9033.0	9045.0	10902	9864.0	44771	26095	26936	55278																								
62.625	9188.0	9028.0	11050	10184	43723	26677	27487	53905																								
62.646	8656.0	9080.0	10977	10109	44943	26393	26877	54482																								
62.666	9007.0	9407.0	11234	10070	43608	27229	27507	53328																								
62.687	9259.0	8991.0	10919	10494	45158	27332	28015	53916																								
62.709	8736.0	8805.0	10913	9935.0	45375	27412	27666	54644																								
62.729	9442.0	9057.0	11205	10324	45285	27185	27132	53707																								
62.750	9321.0	9187.0	10781	10116	45138	27461	27665	54485																								
62.771	9060.0	9007.0	11127	9888.0	44206	27149	27243	53800																								
62.791	8881.0	9083.0	10903	10137	44222	26849	27576	53781																								
62.812	9229.0	8748.0	11031	10195	44435	26776	28035	53405																								
62.834	9067.0	8965.0	10845	10068	44312	27235	27361	53373																								
62.854	9078.0	8901.0	10833	9849.0	44369	26959	27343	53497																								
62.875	8799.0	9006.0	10920	10047	44796	27111	27463	53496																								
62.896	9055.0	9231.0	10838	10063	45484	27355	27436	54320																								
62.916	9135.0	9111.0	10952	9856.0	45301	27085	27478	54665																								
62.938	9173.0	8892.0	11219	10442	45062	27170	27954	53868																								
62.959	8736.0	8837.0	11280	10150	45760	27155	27939	53796																								
62.979	9108.0	8720.0	10976	10158	44178	27153	27662	54111																								
63.000	8917.0	8958.0	11237	9975.0	45247	27143	27754	53747																								
63.021	9293.0	8893.0	11044	10068	45128	27079	28412	54264																								
63.041	9198.0	9284.0	10706	10187	45772	27333	27538	54098																								
63.063	9057.0	8851.0	10747	10325	44964	27314	27887	54341																								
63.084	9213.0	9113.0	10978	10467	44897	26675	28087	54640																								
63.104	8951.0	9368.0	11351	9928.0	45450	26455	27856	53655																								
63.125	8975.0	8820.0	10989	10447	44945	26871	27342	53970																								
63.146	9390.0	8566.0	11114	9827.0	45469	26877	28027	53373																								
63.166	9113.0	9323.0	10799	10422	45274	27852	27725	53523																								
63.187	8856.0	9005.0	11079	10434	45223	26827	27792	53338																								
63.209	9170.0	8874.0	10625	10311	45022	26838	28450	53782																								
63.229	8939.0	9137.0	11261	10112	45553	27393	27691	54674																								
63.250	8976.0	9039.0	10896	10297	45879	26977	27458	54846																								
63.271	9208.0	8977.0	11002	10255	45587	27130	27717	54813																								
63.291	9168.0	8837.0	10561	10226	44261	27527	28006	54993																								
63.312	8935.0	8629.0	11093	10104	45353	26876	28333	54295																								
63.334	9138.0	9177.0	11205	10116	44938	27225	27671	53957																								
63.354	8845.0	9153.0	11210	9889.0	45168	27394	27163	53874																								
63.375	9163.0	9042.0	11226	10091	44047	26847	27665	54512																								
63.396	9345.0	9144.0	10838	10290	44994	27566	28451	54335																								
63.416	9303.0	9316.0	10832	9912.0	44695	27523	27927	54539																								
63.437	8858.0	9347.0	10904	10230	44278	27117	27896	54165																								
63.459	9101.0	8936.0	10965	10241	44345	27301	27250	54410																								
63.479	8837.0	9080.0	10966	10131	44881	27391	27716	54906																								
63.500	8907.0	9010.0	10694	10101	44620	27335	27963	54347																								
63.521	8748.0	8741.0	11025	10621	45361	27311	28402	54441																								
63.541	9274.0	9061.0	11040	10389	44884	27390	27822	53492																								
63.563	9067.0	8974.0	10890	10322	44165	27350	28380	54018																								
63.584	9377.0	9301.0	11179	10202	44555	27633	27916	54247																								
63.604	9087.0	8905.0	11256	10016	44050	27248	28100	54152																								
63.625	9069.0	8936.0	10947	10430	44645	27268	28221	53496																								
63.646	8711.0	9247.0	10578	10141	45763	26896	27900	54333																								
63.666	9164.0	9203.0	11113	10066	44821	26751	28292	54314																								
63.688	9467.0	9034.0	10916	10425	45486	27098	28672	54496																								
63.709	8934.0	9162.0	10907	10329	44509	27411	27775	54585																								
63.729	9046.0	9263.0	11119	10537	45059	26677	28675	55178																								
63.750	9248.0	9020.0	11007	10294	44849	27693	28203	54733																								
63.771	8950.0	9007.0	11123	10443	44342	27603	27611	54211																								
63.791	8992.0	8727.0	10930	10239	45077	27122	27897	53839																								
63.812	9029.0	8845.0	10946	10434	44934	27454	27280	53959																								
63.834	9050.0	9120.0	10752	10488	45295	27316	28480	54744																								
63.854	9284.0	9164.0	10868	10190	45716	27281	28193	52939																								
63.875	8769.0	8988.0	11171	10161	44570	27214	28194	54246																								
63.896	9109.0	9188.0	10892	10182	45676	27870	28253	53757																								
63.916	8988.0	8874.0	11151	10141	45229	26927	28613	54480																								
63.937	9051.0	8776.0	10820	10380	44972	27669	28661	54407																								
63.959	8460.0	9061.0	11011	10249	45542	27118	28299	54107																								
63.979	9116.0	8871.0	10948	10359	45334	27311	28162	54940																								
64.000	8984.0	9093.0	10759	10375	44617	27002	28439	54114																								
64.021	8956.0	9213.0	11307	10118	44572	27339	28447	54010																								
64.041	9237.0	9163.0	11528	9846.0	44214	27271	28450	54467																								
64.062	9350.0	9067.0	11029	10051	44351	26638	28245	54531																								
64.084	9188.0	9133.0	10985	10126	45022	27123	28311	52933																								
64.104	9262.0	9131.0	11095	10000	45737	27206	28218	53960																								
64.125	9024.0	9150.0	11220	10170	44940	27163	27854	54645																								
64.146	9251.0	8636.0	11038	10431	44467	27022	27957	53808																								
64.166	9020.0	9064.0	10972	10228	45334	27264	28171	54617																								
64.188	9116.0	8988.0	11018	10322	45442	27204	28781	54550																								
64.209	9220.0	8685.0	11022	9983.0	45102	27174	28283	54209																								
64.229	9430.0	8726.0	11244	10081	45705	27615	27893	54884																								
64.250	8879.0	8730.0	11041	10046	44779	28054	28472	53448																								
64.271	9177.0	8986.0	10993	10330	45002	27400	27881	54294																								
64.291	9084.0	8946.0	11102	10238	46528	27990	28277	54296																								
64.313	9111.0	8893.0	10903	10107	45332	28168	28256	54398																								
64.334	9291.0	9208.0	11243	10168	45228	27458	28321	55020																								
64.354	8914.0	8878.0	11050	9988.0	44645	27100	28186	54455																								
64.375	9294.0	9353.0	11271	10021	45093	26760	28437	53959																								
64.396	8977.0	8918.0	11284	10083	45242	27036	27833	54634																								
64.416	9328.0	9106.0	11148	10013	45677	27254	28436	54051																								
64.437	9031.0	9047.0	11266	10436	44969	27853	28649	54724																								
64.459	9049.0	9013.0	11159	9955.0	45091	27782	28223	54356																								
64.479	9378.0	9055.0	11022	10377	45801	26913	28518	52861																								
64.500	8959.0	8876.0	10801	10231	45461	27612	28797	54786																								
64.521	8895.0	9239.0	11027	10337	45145	27812	28319	55303																								
64.541	9130.0	9260.0	10962	10096	45660	27997	28380	54761																								
64.562	9101.0	9106.0	11418	10380	44967	28010	27984	54689																								
64.584	9021.0	9179.0	11347	10362	44304	27966	28180	53863																								
64.604	9212.0	9118.0	11117	10179	44995	28387	28863	53408																								
64.625	9158.0	8965.0	11275	10003	44351	28103	28348	54684																								
64.646	9115.0	9203.0	11229	10386	45694	27854	29028	54544																								
64.666	9133.0	9044.0	11430	10125	44682	28127	28169	54192																								
64.687	9263.0	8565.0	11221	10425	45091	27713	28427	54230																								
64.709	8855.0	8947.0	10837	10148	46107	27790	28678	54974																								
64.729	8914.0	9229.0	11430	10445	44955	27283	28754	54520																								
64.750	9192.0	9151.0	11363	10253	45163	27537	29051	55132																								
64.771	8951.0	9030.0	11263	10395	44716	27756	28678	54739																								
64.791	8895.0	9033.0	11260	10378	44258	27577	28097	55197																								
64.813	8975.0	8983.0	11013	10127	45222	27946	28511	54409																								
64.834	9140.0	8851.0	11317	10097	44825	27375	28157	53951																								
64.854	9113.0	8900.0	11308	10601	45880	27827	28660	55489																								
64.875	9169.0	9350.0	11037	10211	45633	27484	28378	54509																								
64.896	9116.0	9090.0	11433	10243	45186	27860	28706	55619																								
64.916	9017.0	8923.0	11360	10230	45237	27360	28154	54974																								
64.938	9170.0	8861.0	10955	10217	45491	27653	28409	54840																								
64.959	9046.0	8856.0	11166	9972.0	45080	27906	28055	54142																								
64.979	9369.0	9058.0	11431	10368	44783	27593	28121	54964																								
65.000	9009.0	9185.0	11053	10154																												
65.021	9251.0	9124.0	11148	10235																												
65.041	9091.0	9071.0	11084	10321																												
65.062	9200.0	8793.0	10959	10236																												
65.084	8903.0	9324.0	11115	10398																												
65.104	9002.0	8989.0	11256	10656																												
65.125	9190.0	9091.0	10600	10538																												
65.146	9046.0	9298.0	11289	10262																												
65.166	9082.0	8796.0	11069	10398																												
65.187	9229.0	9155.0	11315	10494																												
65.209	8994.0	8848.0	10929	10500																												
65.229	9319.0	9072.0	10954	10221																												
65.250	9188.0	9179.0	11144	9957.0																												
65.271	9248.0	8773.0	11027	10468																												
65.291	8910.0	9160.0	11282	10334																												
65.312	9147.0	9200.0	11096	9999.0																												
65.334	8978.0	8860.0	11216	10490																												
65.354	8911.0	9019.0	11101	10229																												
65.375	8955.0	9139.0	11098	10209																												
65.396	8759.0	9076.0	10999	10312																												
65.416	9049.0	8910.0	11205	10307																												
65.438	8930.0	9169.0	10889	10276																												
65.459	9114.0	8966.0	11251	10152																												
65.479	9137.0	8940.0	11469	10361																												
65.500	9179.0	8827.0	10855	10093																												
65.521	9209.0	8631.0	11420	10101																												
65.541	8872.0	8995.0	11351	9995.0																												
65.563	9052.0	9223.0	11174	10120																												
65.584	9011.0	9075.0	11169	10425																												
65.604	8884.0	8860.0	10977	10275																												
65.625	9067.0	9028.0	11627	10304																												
65.646	9107.0	8827.0	11367	10459																												
65.666	9153.0	8682.0	11628	10194																												
65.687	9057.0	8883.0	11212	10226																												
65.709	9120.0	8832.0	11106	10273																												
65.729	9097.0	8852.0	11106	10128																												
65.750	9255.0	8750.0	11181	10319																												
65.771	8854.0	9090.0	11254	9942.0																												
65.791	8949.0	9060.0	11343	10132																												
65.812	9298.0	9227.0	11247	10065																												
65.834	9318.0	8863.0	11320	10304																												
65.854	9280.0	9113.0	11315	10124																												
65.875	9332.0	9025.0	11000	10158																												
65.896	9405.0	8993.0	10855	10241																												
65.916	9320.0	9332.0	11298	10378																												
65.937	9346.0	9102.0	11386	10238																												
65.959	9449.0	9024.0	11363	9950.0																												
65.979	8973.0	8712.0	11333	10116																												
66.000	9498.0	8729.0	10872	10247																												
66.021	8969.0	9101.0	10987	9908.0																												
66.041	9234.0	9139.0	11189	10191																												
66.063	9073.0	8976.0	11160	10288																												
66.084	9036.0	8776.0	10947	10612																												
66.104	9179.0	9046.0	11003	10179																												
66.125	9233.0	9094.0	10942	10139																												
66.146	9215.0	8665.0	11360	10507																												
66.166	8993.0	8863.0	11274	10054																												
66.188	8916.0	8935.0	11333	10372																												
66.209	9292.0	8757.0	10961	10388																												
66.229	9038.0	8778.0	11666	10226																												
66.250	8915.0	9115.0	11455	9929.0																												
66.271	8854.0	8594.0	11175	10479																												
66.291	9083.0	9206.0	11251	10350																												
66.312	9009.0	9056.0	11362	10199																												
66.334	9021.0	8941.0	10972	10178																												
66.354	9099.0	9077.0	11393	9964.0																												
66.375	9085.0	9021.0	11240	10409																												
66.396	8838.0	9074.0	11406	10328																												
66.416	8913.0	9073.0	11436	9898.0																												
66.437	9281.0	9012.0	11228	10047																												
66.459	8796.0	9304.0	11443	10236																												
66.479	8862.0	9036.0	10914	10459																												
66.500	9107.0	9191.0	10943	10391																												
66.521	8875.0	9146.0	10978	10193																												
66.541	9144.0	8766.0	10952	10316																												
66.562	9210.0	9269.0	10935	10331																												
66.584	9047.0	8961.0	11511	10031																												
66.604	9139.0	9074.0	11172	10536																												
66.625	8885.0	9270.0	11186	10112																												
66.646	8775.0	9222.0	11366	10183																												
66.666	9196.0	8854.0	11598	10109																												
66.688	9185.0	8889.0	11448	10460																												
66.709	9196.0	8867.0	11121	10361																												
66.729	9299.0	9010.0	11218	9804.0																												
66.750	9210.0	9059.0	11444	10437																												
66.771	9009.0	8595.0	11417	10381																												
66.791	9233.0	8938.0	11301	10105																												
66.813	9229.0	8883.0	11281	10284																												
66.834	8961.0	9063.0	11525	10333																												
66.854	9066.0	9131.0	11512	10637																												
66.875	9126.0	8740.0	11084	10473																												
66.896	9049.0	8951.0	11359	10313																												
66.916	9434.0	8703.0	11300	9900.0																												
66.937	8801.0	8845.0	11253	10354																												
66.959	8948.0	9054.0	11271	10211																												
66.979	9154.0	9088.0	11331	10597																												
67.000	8891.0	9053.0	11332	9936.0																												
67.021	9086.0	9132.0	11332	10029																												
67.041	8953.0	9073.0	11511	10495																												
67.062	8734.0	8616.0	11486	10349																												
67.084	8946.0	9230.0	11307	10158																												
67.104	9180.0	9170.0	11378	10322																												
67.125	8888.0	8574.0	11291	10204																												
67.146	8810.0	8906.0	11401	10126																												
67.166	9146.0	8655.0	11285	10461																												
67.187	9036.0	8957.0	11243	10550																												
67.209	9022.0	9152.0	11462	10170																												
67.229	8924.0	9121.0	11193	10333																												
67.250	9057.0	8913.0	11343	10222																												
67.271	8935.0	9074.0	11117	10548																												
67.291	8880.0	9081.0	11237	10446																												
67.313	9102.0	9130.0	11304	9923.0																												
67.334	9202.0	9037.0	11079	10498																												
67.354	8812.0	8974.0	11392	10197																												
67.375	9116.0	9007.0	11199	10489																												
67.396	9077.0	8736.0	11203	10226																												
67.416	8967.0	8926.0	11426	9976.0																												
67.438	9073.0	8940.0	11003	10178																												
67.459	8935.0	8842.0	11505	10310																												
67.479	9013.0	8783.0	11347	10244																												
67.500	9239.0	8822.0	11623	10324																												
67.521	9264.0	9038.0	11039	10400																												
67.541	9294.0	9130.0	11088	10269																												
67.562	9155.0	8958.0	10995	10263																												
67.584	9018.0	8985.0	11631	10474																												
67.604	9141.0	8822.0	11296	10525																												
67.625	8996.0	8770.0	11230	10486																												
67.646	9190.0	9063.0	11381	10151																												
67.666	8996.0	8933.0	11606	10212																												
67.687	9132.0	9028.0	11178	10034																												
67.709	9275.0	9014.0	11629	10114																												
67.729	8914.0	9030.0	11379	10387																												
67.750	9072.0	8802.0	11522	9794.0																												
67.771	8989.0	9056.0	11395	10215																												
67.791	8781.0	9286.0	11499	10412																												
67.812	9132.0	8901.0	11000	10329																												
67.834	9007.0	9125.0	11187	9745.0																												
67.854	8911.0	9281.0	11289	10126																												
67.875	9162.0	9023.0	11269	10145																												
67.896	9065.0	9185.0	11271	10015																												
67.916	9027.0	8680.0	11127	10651																												
67.938	8893.0	8947.0	11253	10099																												
67.959	9080.0	8935.0	11522	10344																												
67.979	8987.0	9009.0	11275	10717																												
68.000	9472.0	9093.0	11279	10426																												
68.021	9079.0	9034.0	11429	10248																												
68.041	9145.0	9092.0	11333	10438																												
68.063	8665.0	8910.0	11462	10291																												
68.084	9247.0	8752.0	11536	10232																												
68.104	9055.0	8756.0	11145	10472																												
68.125	9385.0	9019.0	11197	10186																												
68.146	8784.0	9001.0	11276	10362																												
68.166	9045.0	8867.0	11361	10214																												
68.187	9337.0	8746.0	11368	10136																												
68.209	9225.0	9252.0	11491	10271																												
68.229	9288.0	8969.0	11161	10222																												
68.250	9153.0	8833.0	11642	10065																												
68.271	8879.0	9420.0	11370	10279																												
68.291	8748.0	8946.0	11300	10393																												
68.312	9067.0	8930.0	11257	10273																												
68.334	9221.0	9103.0	11364	10233																												
68.354	9214.0	9140.0	11383	10221																												
68.375	9150.0	9391.0	11292	10196																												
68.396	9362.0	8762.0	10876	10592																												
68.416	9514.0	8952.0	11534	10064																												
68.437	8869.0	8599.0	11464	10205																												
68.459	9106.0	8772.0	11555	10315																												
68.479	9294.0	8950.0	11652	10426																												
68.500	8938.0	9167.0	11311	10238																												
68.521	9277.0	9229.0	11295	10463																												
68.541	9025.0	9083.0	11324	10291																												
68.563	9086.0	8995.0	11481	10122																												
68.584	8929.0	9256.0	11240	10284																												
68.604	9086.0	9116.0	11421	10208																												
68.625	8933.0	9339.0	11112	10330																												
68.646	9341.0	8942.0	11383	10215																												
68.666	9018.0	8817.0	11477	10124																												
68.688	9025.0	8850.0	11420	10105																												
68.709	9228.0	9080.0	11255	10125																												
68.729	9091.0	9118.0	11423	10448																												
68.750	9089.0	8861.0	11127	10550																												
68.771	8904.0	8760.0	11400	10492																												
68.791	8828.0	8915.0	11355	10360																												
68.812	9322.0	9133.0	11645	10011																												
68.834	9048.0	8960.0	11376	10430																												
68.854	9277.0	8613.0	11235	10482																												
68.875	9033.0	8597.0	11665	10118																												
68.896	8975.0	9159.0	11708	9982.0																												
68.916	9177.0	8905.0	10928	10303																												
68.937	9206.0	9159.0	10985	10346																												
68.959	8910.0	8782.0	11074	10289																												
68.979	9208.0	9068.0	11019	10404																												
69.000	9104.0	9099.0	11930	10290																												
69.021	9035.0	8737.0	11777	10241																												
69.041	8920.0	8833.0	11231	10430																												
69.062	8803.0	8887.0	11547	10396																												
69.084	8932.0	9121.0	11291	10327																												
69.104	8983.0	8656.0	11669	9985.0																												
69.125	9212.0	9112.0	11305	10251																												
69.146	9234.0	8951.0	11558	10169																												
69.166	9184.0	9160.0	11100	10352																												
69.188	9081.0	9023.0	11139	9862.0																												
69.209	9075.0	8867.0	11601	10423																												
69.229	9101.0	9149.0	11616	10390																												
69.250	8934.0	8981.0	11486	10003																												
69.271	8935.0	8942.0	11493	10310																												
69.291	8894.0	8841.0	11567	10120																												
69.313	9138.0	9136.0	11382	10391																												
69.334	9269.0	8791.0	11449	10180																												
69.354	8958.0	8862.0	11703	10411																												
69.375	8923.0	9173.0	11514	10121																												
69.396	9137.0	9153.0	11657	10198																												
69.416	9122.0	9133.0	11262	10323																												
69.437	9212.0	8807.0	11272	10147																												
69.459	9132.0	8717.0	11397	10645																												
69.479	9235.0	8785.0	11268	10328																												
69.500	9084.0	8817.0	11474	10234																												
69.521	8674.0	8957.0	11487	10294																												
69.541	8976.0	8928.0	11541	10181																												
69.562	9017.0	8669.0	11495	10383																												
69.584	8809.0	8851.0	11394	10415																												
69.604	8819.0	9190.0	11271	10123																												
69.625	8866.0	9206.0	11682	10399																												
69.646	9245.0	9212.0	11838	10322																												
69.666	8939.0	8761.0	11336	10346																												
69.687	9113.0	8924.0	11534	10279																												
69.709	9250.0	9020.0	11191	10162																												
69.729	9058.0	9155.0	11602	10245																												
69.750	9089.0	8902.0	11256	10197																												
69.771	9253.0	9035.0	11580	10149																												
69.791	9122.0	8781.0	11513	10319																												
69.813	9062.0	8960.0	11340	10342																												
69.834	8989.0	9028.0	11178	10140																												
69.854	8951.0	8932.0	11362	10303																												
69.875	9452.0	9087.0	11296	10178																												
69.896	9087.0	8744.0	11518	10322																												
69.916	9129.0	8906.0	11674	10196																												
69.938	9150.0	9266.0	11549	10179																												
69.959	9004.0	8732.0	11283	10207																												
69.979	9069.0	9115.0	11519	10375																												
70.000	8919.0	8736.0	11446	10118																												
70.021	9001.0	8731.0	11872	9894.0																												
70.041	8808.0	8692.0	11986	10240																												
70.062	8934.0	8978.0	11306	10273																												
70.084	9277.0	9305.0	11498	9953.0																												
70.104	9010.0	9051.0	11594	10191																												
70.125	9275.0	9098.0	11417	10512																												
70.146	8899.0	9003.0	11411	10706																												
70.166	9130.0	9081.0	11471	10247																												
70.187	9004.0	8845.0	11412	10360																												
70.209	9084.0	9125.0	11486	10465																												
70.229	9041.0	9163.0	11720	10454																												
70.250	9237.0	8982.0	11681	10078																												
70.271	9382.0	8783.0	11357	10511																												
70.291	9193.0	8892.0	11562	10344																												
70.312	9013.0	9093.0	11782	10131																												
70.334	8899.0	9247.0	11596	10126																												
70.354	9385.0	9029.0	11290	10058																												
70.375	9094.0	8944.0	11425	10405																												
70.396	9060.0	8698.0	11309	10257																												
70.416	9269.0	8649.0	11502	10345																												
70.438	8938.0	8869.0	11696	10433																												
70.459	9026.0	8895.0	11623	10341																												
70.479	9256.0	9002.0	11403	10246																												
70.500	8927.0	9098.0	11484	10048																												
70.521	9044.0	8845.0	11581	10058																												
70.541	9200.0	8874.0	11657	10249																												
70.563	8865.0	8961.0	12007	10349																												
70.584	9241.0	9202.0	11585	10318																												
70.604	9099.0	8646.0	11600	10179																												
70.625	8724.0	8861.0	11474	10260																												
70.646	9084.0	8809.0	11482	10317																												
70.666	9062.0	8863.0	11433	10352																												
70.687	9003.0	8935.0	11691	10572																												
70.709	8816.0	9296.0	11858	10428																												
70.729	9240.0	8822.0	11794	10029																												
70.750	9403.0	8806.0	11746	9892.0																												
70.771	8813.0	8977.0	11773	10420																												
70.791	8730.0	9123.0	11738	10634																												
70.812	8615.0	8893.0	11534	10270																												
70.834	9015.0	8838.0	11240	10534																												
70.854	8884.0	9019.0	11574	10573																												
70.875	8958.0	9086.0	11467	10125																												
70.896	9175.0	8718.0	11676	10376																												
70.916	8888.0	8871.0	11421	10301																												
70.937	8872.0	9309.0	11771	10308																												
70.959	9342.0	8440.0	11561	10345																												
70.979	8883.0	9045.0	11663	10448																												
71.000	8958.0	9236.0	11767	10259																												
71.021	9252.0	8826.0	11912	10554																												
71.041	9104.0	8927.0	11646	10455																												
71.063	9096.0	8667.0	11248	10300																												
71.084	9008.0	9093.0	11507	10132																												
71.104	9039.0	8708.0	11777	10247																												
71.125	9174.0	9209.0	11761	10121																												
71.146	9189.0	8876.0	11550	10509																												
71.166	9003.0	8899.0	11867	10276																												
71.188	9256.0	8887.0	12112	10418																												
71.209	8973.0	8892.0	11567	10527																												
71.229	8857.0	8726.0	11778	10370																												
71.250	9141.0	8616.0	11589	10135																												
71.271	8895.0	8721.0	11724	10114																												
71.291	9295.0	8949.0	11715	10359																												
71.312	8917.0	9334.0	11719	10730																												
71.334	8879.0	9094.0	11741	10330																												
71.354	9052.0	9016.0	11443	10714																												
71.375	9194.0	8973.0	11700	10429																												
71.396	8999.0	8873.0	11994	10433																												
71.416	8745.0	8675.0	11298	10459																												
71.437	9332.0	8809.0	11979	10374																												
71.459	8913.0	8882.0	11679	10437																												
71.479	9131.0	8720.0	11677	10199																												
71.500	8985.0	8793.0	11753	10304																												
71.521	9058.0	8859.0	11835	10445																												
71.541	9063.0	8933.0	11741	10444																												
71.562	8644.0	8820.0	11944	10305																												
71.584	9143.0	9147.0	11897	10235																												
71.604	9004.0	8890.0	11764	10261																												
71.625	8589.0	8745.0	11761	10568																												
71.646	8991.0	8943.0	11811	10471																												
71.666	8994.0	8846.0	11663	10270																												
71.688	9234.0	8970.0	11632	10269																												
71.709	9174.0	9095.0	11598	10363																												
71.729	9147.0	8981.0	11770	10279																												
71.750	9100.0	9220.0	11492	10258																												
71.771	8855.0	9075.0	11759	10413																												
71.791	9434.0	8902.0	11199	10495																												
71.813	8969.0	9193.0	11694	10118																												
71.834	9239.0	9140.0	11477	10679																												
71.854	9115.0	8699.0	12152	10298																												
71.875	9023.0	9137.0	11757	10394																												
71.896	9123.0	8833.0	11629	10479																												
71.916	9240.0	8794.0	11733	10742																												
71.937	9096.0	8931.0	11615	10556																												
71.959	9049.0	8993.0	11997	10635																												
71.979	8933.0	8898.0	11945	10139																												
72.000	9165.0	9097.0	11906	10479																												
72.021	9064.0	8620.0	11851	10613																												
72.041	9119.0	9050.0	11649	10409																												
72.062	8886.0	8899.0	12019	10388																												
72.084	9055.0	9056.0	11802	10248																												
72.104	9022.0	8975.0	11858	10196																												
72.125	9188.0	9083.0	11926	10125																												
72.146	8968.0	9050.0	11776	10304																												
72.166	9162.0	8938.0	11679	10307																												
72.187	9066.0	8775.0	11572	10562																												
72.209	9327.0	9070.0	11821	10612																												
72.229	9034.0	8837.0	12191	10239																												
72.250	9087.0	9253.0	11677	10422																												
72.271	9221.0	8857.0	11409	9909.0																												
72.291	8890.0	8968.0	11867	10360																												
72.313	9189.0	9044.0	11740	10186																												
72.334	8907.0	9167.0	12068	10437																												
72.354	8666.0	9244.0	11656	10582																												
72.375	9131.0	8957.0	12086	10166																												
72.396	9143.0	9100.0	11489	10867																												
72.416	9133.0	9279.0	11491	9957.0																												
72.438	8804.0	8943.0	11819	10457																												
72.459	9263.0	8608.0	12044	10482																												
72.479	9077.0	9002.0	11760	10287																												
72.500	9090.0	8999.0	11796	10280																												
72.521	8814.0	8793.0	11755	10455																												
72.541	9019.0	8801.0	11833	10369																												
72.562	8829.0	8836.0	11692	10188																												
72.584	8889.0	9055.0	11956	10626																												
72.604	9074.0	9331.0	12050	10242																												
72.625	8942.0	9084.0	12097	10256																												
72.646	9327.0	8867.0	11799	10506																												
72.666	9006.0	9177.0	11814	10269																												
72.687	9065.0	9007.0	11870	10303																												
72.709	8987.0	8897.0	12024	10788																												
72.729	8799.0	9099.0	11925	10684																												
72.750	8983.0	8995.0	11433	10229																												
72.771	8841.0	8756.0	11609	10607																												
72.791	8917.0	8988.0	11754	10532																												
72.812	9271.0	8831.0	11234	10427																												
72.834	8964.0	9139.0	11665	10510																												
72.854	9139.0	9168.0	11774	10286																												
72.875	8712.0	8986.0	12212	10271																												
72.896	9051.0	8966.0	11702	10365																												
72.916	9186.0	8788.0	12071	10437																												
72.938	8871.0	9022.0	11902	10658																												
72.959	9133.0	9022.0	11842	10725																												
72.979	9107.0	8893.0	11388	10453																												
73.000	9152.0	9258.0	11473	10753																												
73.021	9284.0	8809.0	11748	10299																												
73.041	9295.0	8989.0	11667	10461																												
73.063	8971.0	9025.0	11784	10352																												
73.084	9195.0	8783.0	11892	10115																												
73.104	9155.0	9097.0	11781	10198																												
73.125	8810.0	9073.0	11376	10527																												
73.146	9235.0	8849.0	12042	10110																												
73.166	9392.0	9150.0	11961	10203																												
73.187	8769.0	8799.0	11108	10226																												
73.209	9054.0	9424.0	12070	10029																												
73.229	9146.0	9180.0	11778	10240																												
73.250	9305.0	8977.0	12262	10476																												
73.271	9296.0	9079.0	12020	9999.0																												
73.291	9072.0	8885.0	11998	10066																												
73.312	8987.0	9096.0	12120	10287																												
73.334	9069.0	9206.0	11976	10285																												
73.354	9092.0	9170.0	11646	10658																												
73.375	9207.0	8920.0	12021	10130																												
73.396	9094.0	8912.0	11962	10117																												
73.416	8948.0	8870.0	11904	10347																												
73.437	9065.0	8929.0	11746	10547																												
73.459	9138.0	8851.0	11875	10436																												
73.479	9267.0	8793.0	11720	10117																												
73.500	9132.0	8917.0	11973	10654																												
73.521	9081.0	8841.0	12013	10271																												
73.541	8981.0	9211.0	12003	10348																												
73.563	9200.0	8824.0	12226	10202																												
73.584	9095.0	9438.0	11712	10369																												
73.604	9361.0	8817.0	12017	10645																												
73.625	8958.0	9044.0	11902	10326																												
73.646	8930.0	8882.0	11894	10459																												
73.666	9096.0	9103.0	12410	10424																												
73.688	8878.0	8961.0	11769	10649																												
73.709	9066.0	9094.0	11699	10311																												
73.729	8840.0	8919.0	11993	10180																												
73.750	9337.0	8708.0	12071	10322																												
73.771	9017.0	9091.0	12128	10514																												
73.791	9120.0	8843.0	11877	10520																												
73.812	9316.0	8981.0	11841	10562																												
73.834	8752.0	8970.0	12167	10441																												
73.854	8970.0	8789.0	12175	10865																												
73.875	9249.0	8999.0	11812	10426																												
73.896	9127.0	8822.0	12183	10498																												
73.916	9281.0	8824.0	12186	10799																												
73.937	9054.0	8527.0	12430	10642																												
73.959	9109.0	8837.0	11976	10632																												
73.979	8936.0	8815.0	12164	10715																												
74.000	9092.0	9324.0	11901	10904																												
74.021	9152.0	9071.0	12159	10286																												
74.041	9156.0	8726.0	11892	10632																												
74.062	8654.0	9104.0	12064	10751																												
74.084	9024.0	8953.0	12208	10387																												
74.104	8971.0	8721.0	12362	10634																												
74.125	9226.0	9056.0	12260	10417																												
74.146	9155.0	8767.0	12361	10683																												
74.166	9003.0	8686.0	11840	10814																												
74.188	8959.0	8610.0	12007	10445																												
74.209	8960.0	8878.0	12099	10205																												
74.229	9331.0	8787.0	11639	10720																												
74.250	9299.0	8909.0	12068	10082																												
74.271	8843.0	9052.0	12048	10277																												
74.291	9020.0	9004.0	12026	10046																												
74.313	8931.0	9357.0	12125	10267																												
74.334	9252.0	8807.0	11993	10750																												
74.354	9127.0	9004.0	11952	10781																												
74.375	9116.0	8905.0	11844	10678																												
74.396	8988.0	8912.0	11478	10490																												
74.416	9189.0	8781.0	11663	10505																												
74.437	9123.0	9033.0	12258	10516																												
74.459	9022.0	8886.0	11853	10348																												
74.479	9034.0	8883.0	12001	10513																												
74.500	9270.0	9192.0	11989	10499																												
74.521	8880.0	8860.0	11912	10245																												
74.541	9277.0	9153.0	11780	10605																												
74.562	9095.0	9030.0	12197	10693																												
74.584	9079.0	9104.0	11968	10481																												
74.604	9033.0	8992.0	11993	10724																												
74.625	8823.0	8787.0	11912	10425																												
74.646	9108.0	9077.0	12040	10854																												
74.666	9015.0	8862.0	12420	10347																												
74.687	9097.0	9093.0	12171	10672																												
74.709	9022.0	8768.0	11653	10417																												
74.729	9371.0	9024.0	12384	10558																												
74.750	9015.0	8759.0	11680	10722																												
74.771	9117.0	9235.0	11947	10344																												
74.791	9148.0	8842.0	12341	10343																												
74.813	9096.0	8814.0	11948	10196																												
74.834	8655.0	8680.0	12126	10081																												
74.854	8883.0	8775.0	11842	10592																												
74.875	9339.0	9148.0	12257	10540																												
74.896	9266.0	8927.0	11705	10001																												
74.916	9323.0	8786.0	12203	10661																												
74.938	9295.0	8971.0	12095	10293																												
74.959	9083.0	9250.0	12135	10395																												
74.979	9270.0	8939.0	12138	10474																												
75.000	8938.0	8900.0	12051	10518																												
75.021	9014.0	8808.0	11710	10611																												
75.041	9070.0	9121.0	12376	10664																												
75.062	9292.0	9179.0	12111	10562																												
75.084	8946.0	8884.0	12587	10294																												
75.104	8770.0	8729.0	12390	10504																												
75.125	8846.0	8855.0	12290	10377																												
75.146	9180.0	8461.0	12019	10487																												
75.166	9177.0	9010.0	11959	10436																												
75.187	9110.0	8805.0	12013	10278																												
75.209	9057.0	9083.0	11852	10916																												
75.229	8991.0	8757.0	12313	10713																												
75.250	9029.0	9060.0	12344	10653																												
75.271	9396.0	8888.0	11918	10562																												
75.291	9278.0	9069.0	12411	10502																												
75.312	9098.0	9082.0	12141	10473																												
75.334	8902.0	9102.0	12189	10283																												
75.354	8865.0	8794.0	12251	10659																												
75.375	9372.0	8627.0	12002	10623																												
75.396	8787.0	8856.0	12070	10747																												
75.416	9128.0	9149.0	12426	10589																												
75.438	8710.0	8800.0	12387	10573																												
75.459	9290.0	8937.0	12192	10586																												
75.479	8883.0	9206.0	12148	10350																												
75.500	9192.0	8784.0	11971	10351																												
75.521	9219.0	8856.0	12030	10392																												
75.541	9036.0	9105.0	12186	10440																												
75.563	9329.0	9090.0	12563	10231																												
75.584	9412.0	9125.0	12150	10463																												
75.604	9054.0	9123.0	12085	10544																												
75.625	9263.0	8824.0	12361	10318																												
75.646	8950.0	8952.0	12123	10407																												
75.666	9210.0	9174.0	12343	10505																												
75.687	8981.0	9104.0	12113	10254																												
75.709	8929.0	9081.0	11991	10841																												
75.729	8746.0	8902.0	12368	10737																												
75.750	9323.0	8724.0	11862	10970																												
75.771	9229.0	8851.0	12257	10781																												
75.791	9122.0	8673.0	12303	10802																												
75.812	9196.0	8772.0	12100	10779																												
75.834	9121.0	8913.0	11966	10644																												
75.854	9055.0	8782.0	12159	10579																												
75.875	9074.0	8937.0	11983	10058																												
75.896	8975.0	8746.0	12302	10990																												
75.916	8770.0	8970.0	12376	10631																												
75.937	8970.0	8876.0	12220	10520																												
75.959	9245.0	8992.0	12075	10567																												
75.979	9317.0	9141.0	12341	10356																												
76.000	9114.0	8975.0	12549	10762																												
76.021	9161.0	8803.0	12187	10465																												
76.041	9025.0	8775.0	12324	10591																												
76.063	9199.0	8742.0	12125	10398																												
76.084	9258.0	9070.0	12554	10660																												
76.104	9007.0	8926.0	12456	10674																												
76.125	8937.0	8741.0	12249	10649																												
76.146	9125.0	8775.0	12376	10981																												
76.166	9043.0	8815.0	12385	10532																												
76.188	9198.0	9023.0	12744	11024																												
76.209	9145.0	8687.0	12163	10336																												
76.229	8858.0	9066.0	12319	10760																												
76.250	8943.0	9085.0	12255	10770																												
76.271	9046.0	8905.0	12264	10789																												
76.291	9001.0	8977.0	12143	10555																												
76.312	9154.0	9467.0	12557	10651																												
76.334	9014.0	8914.0	11888	10354																												
76.354	9387.0	8840.0	11874	10588																												
76.375	9108.0	9005.0	12149	10615																												
76.396	9246.0	8803.0	12329	10411																												
76.416	9127.0	8817.0	12354	10416																												
76.437	9254.0	9209.0	12062	10239																												
76.459	8952.0	8999.0	12070	10893																												
76.479	8980.0	9215.0	12437	10633																												
76.500	9113.0	8723.0	12219	10773																												
76.521	9121.0	8740.0	11955	10748																												
76.541	9292.0	8848.0	12805	10483																												
76.562	9068.0	8881.0	12205	10673																												
76.584	9060.0	8917.0	12344	10891																												
76.604	9180.0	8923.0	12137	10656																												
76.625	9328.0	8971.0	12030	10896																												
76.646	9355.0	8954.0	12392	10879																												
76.666	8947.0	9233.0	12536	10617																												
76.688	9084.0	8810.0	12596	10811																												
76.709	9163.0	8853.0	12229	10868																												
76.729	8809.0	8960.0	12500	10582																												
76.750	9419.0	8807.0	12187	10392																												
76.771	9123.0	8904.0	12142	10700																												
76.791	8994.0	8735.0	12273	10991																												
76.813	9213.0	8974.0	12595	10771																												
76.834	9212.0	8720.0	12168	10344																												
76.854	9362.0	8958.0	12275	10830																												
76.875	8988.0	8980.0	12091	10822																												
76.896	9126.0	8768.0	11946	10646																												
76.916	9007.0	8935.0	12236	10915																												
76.937	8941.0	8614.0	12370	10800																												
76.959	9076.0	8916.0	12332	10599																												
76.979	9162.0	8793.0	12406	10785																												
77.000	9103.0	8727.0	12308	10413																												
77.021	9434.0	8683.0	12113	10475																												
77.041	9176.0	8760.0	12399	10447																												
77.062	9196.0	8743.0	12540	10533																												
77.084	8941.0	9081.0	12322	10498																												
77.104	9308.0	8963.0	12362	10387																												
77.125	9327.0	8831.0	12269	10853																												
77.146	8978.0	9041.0	12004	10263																												
77.166	9461.0	8953.0	12494	10591																												
77.187	9189.0	8761.0	12411	11150																												
77.209	9076.0	8913.0	12018	10882																												
77.229	9017.0	9028.0	12157	10729																												
77.250	9312.0	9032.0	12422	10571																												
77.271	8954.0	8916.0	12208	10636																												
77.291	9154.0	8680.0	12539	10745																												
77.313	9504.0	8683.0	12471	10753																												
77.334	9274.0	9013.0	12175	10699																												
77.354	9082.0	8847.0	12340	10985																												
77.375	9489.0	8971.0	12491	10770																												
77.396	8941.0	9112.0	12711	10547																												
77.416	9470.0	8723.0	12137	10460																												
77.438	8980.0	8691.0	12447	10753																												
77.459	9074.0	8687.0	12160	10853																												
77.479	9533.0	8717.0	12435	10853																												
77.500	9087.0	8976.0	12651	10517																												
77.521	9385.0	8704.0	12585	10389																												
77.541	9154.0	8779.0	12549	10811																												
77.562	9156.0	8906.0	12311	10757																												
77.584	9029.0	8919.0	12829	10669																												
77.604	9660.0	8991.0	12341	10821																												
77.625	9303.0	8706.0	12950	10934																												
77.646	9449.0	8983.0	12496	10672																												
77.666	9151.0	9220.0	12460	10794																												
77.687	9306.0	8765.0	12507	10892																												
77.709	9288.0	8874.0	12378	10754																												
77.729	9028.0	8770.0	12149	10488																												
77.750	8926.0	9096.0	12962	10892																												
77.771	8928.0	9131.0	12563	10952																												
77.791	9087.0	8622.0	12543	10881																												
77.812	9089.0	8678.0	12163	10737																												
77.834	9276.0	8937.0	12297	10887																												
77.854	9179.0	8494.0	12180	10805																												
77.875	9280.0	8794.0	12835	10799																												
77.896	9343.0	8741.0	12467	10302																												
77.916	9136.0	8583.0	12555	11189																												
77.938	9306.0	8663.0	12489	10818																												
77.959	9412.0	8561.0	12453	10752																												
77.979	9024.0	8762.0	12531	10954																												
78.000	9123.0	8889.0	12326	11014																												
78.021	9217.0	8957.0	12382	10601																												
78.041	8931.0	8802.0	12204	10853																												
78.063	9243.0	8782.0	12591	10683																												
78.084	9101.0	8875.0	12668	10569																												
78.104	8769.0	8970.0	12506	10748																												
78.125	9313.0	8808.0	12629	10969																												
78.146	9372.0	8815.0	12195	10840																												
78.166	9157.0	8755.0	12513	10987																												
78.187	9267.0	8786.0	12215	10773																												
78.209	8855.0	9005.0	12484	10458																												
78.229	9276.0	8750.0	12299	10719																												
78.250	9030.0	8958.0	12456	10913																												
78.271	9070.0	8870.0	12406	10617																												
78.291	9394.0	8627.0	12279	10926																												
78.312	9291.0	8916.0	12493	10820																												
78.334	9232.0	8978.0	12634	10893																												
78.354	9196.0	8852.0	12692	10880																												
78.375	9020.0	8937.0	12920	10854																												
78.396	9173.0	8457.0	12497	10899																												
78.416	9010.0	9063.0	12328	10581																												
78.437	9219.0	8765.0	13006	11057																												
78.459	9302.0	8713.0	12829	10800																												
78.479	9261.0	8506.0	12623	11262																												
78.500	9135.0	8822.0	12548	10614																												
78.521	8910.0	8689.0	12688	10685																												
78.541	9053.0	8938.0	12421	10772																												
78.563	9050.0	8954.0	12592	10902																												
78.584	9034.0	8876.0	12750	11115																												
78.604	9131.0	9089.0	12506	10684																												
78.625	9041.0	8760.0	12903	11249																												
78.646	9377.0	8680.0	12231	10914																												
78.666	9029.0	8434.0	12772	10605																												
78.688	8946.0	9161.0	12339	11122																												
78.709	9172.0	8898.0	12361	11158																												
78.729	9232.0	8958.0	12637	10847																												
78.750	9320.0	8840.0	12549	10725																												
78.771	9387.0	8937.0	12954	10919																												
78.791	8925.0	8681.0	12810	10838																												
78.812	9265.0	8965.0	12263	10879																												
78.834	9582.0	9169.0	12320	10573																												
78.854	9116.0	8939.0	12753	10728																												
78.875	9075.0	8600.0	12760	10854																												
78.896	9456.0	8982.0	12930	10628																												
78.916	8886.0	8843.0	12568	10874																												
78.937	9217.0	8933.0	12413	10972																												
78.959	9330.0	9261.0	12387	10957																												
78.979	9469.0	9137.0	12566	10984																												
79.000	9197.0	8821.0	12633	10914																												
79.021	8990.0	8973.0	12778	10583																												
79.041	9091.0	8755.0	12435	11166																												
79.062	9245.0	9089.0	12790	11110																												
79.084	9395.0	8967.0	12949	10837																												
79.104	9031.0	8775.0	12472	11070																												
79.125	8924.0	9167.0	12814	10946																												
79.146	9175.0	9094.0	12820	10655																												
79.166	9413.0	9204.0	12745	11456																												
79.188	9075.0	8904.0	12811	10925																												
79.209	9348.0	8645.0	12871	10790																												
79.229	8946.0	8637.0	12275	10924																												
79.250	9288.0	8651.0	12870	10959																												
79.271	9287.0	8538.0	12481	10857																												
79.291	9318.0	8727.0	12601	11165																												
79.313	9294.0	8675.0	12511	10810																												
79.334	9426.0	9171.0	12557	10641																												
79.354	9239.0	8871.0	12710	11131																												
79.375	9031.0	8740.0	12718	10824																												
79.396	9199.0	8835.0	12674	11120																												
79.416	9231.0	8806.0	12701	11172																												
79.437	9226.0	9106.0	12845	11297																												
79.459	9324.0	8942.0	13123	10902																												
79.479	9375.0	8891.0	12774	11169																												
79.500	9334.0	8954.0	12671	10984																												
79.521	9500.0	8756.0	12562	10551																												
79.541	9343.0	9189.0	12780	11213																												
79.562	9269.0	8761.0	12618	11234																												
79.584	9085.0	8766.0	12469	10955																												
79.604	9184.0	8587.0	12663	11091																												
79.625	9074.0	8866.0	13091	10982																												
79.646	9163.0	9055.0	12986	10985																												
79.666	9211.0	9045.0	12584	10576																												
79.687	9258.0	8858.0	12664	11154																												
79.709	9252.0	8910.0	12390	10937																												
79.729	9375.0	8942.0	12760	10894																												
79.750	9381.0	8895.0	12836	11080																												
79.771	9315.0	8769.0	12998	10639																												
79.791	8963.0	8800.0	12861	10986																												
79.813	9067.0	8947.0	12732	10880																												
79.834	9445.0	8962.0	12623	11311																												
79.854	9431.0	8719.0	12910	10947																												
79.875	9281.0	8964.0	12899	11133																												
79.896	9323.0	8785.0	12598	11390																												
79.916	9445.0	9104.0	12614	10731																												
79.938	9448.0	8861.0	12771	11222																												
79.959	9082.0	8792.0	12433	11103																												
79.979	9273.0	8596.0	12845	10690																												
80.000	8827.0	8574.0	12748	10673																												
80.021	9186.0	9387.0	12766	11205																												
80.041	9348.0	8826.0	12724	11054																												
80.062	8834.0	8970.0	12958	11230																												
80.084	9282.0	8687.0	12809	11426																												
80.104	9130.0	8925.0	12737	11040																												
80.125	9168.0	9084.0	12445	11123																												
80.146	9592.0	8739.0	12717	11193																												
80.166	9289.0	8611.0	12731	10974																												
80.188	9201.0	8837.0	12798	11308																												
80.209	9047.0	8899.0	13196	11234																												
80.229	9098.0	9098.0	12752	11365																												
80.250	9198.0	9199.0	13209	10701																												
80.271	9178.0	9089.0	12896	11156																												
80.291	8967.0	8723.0	12713	10816																												
80.312	9175.0	8783.0	12560	11395																												
80.334	9282.0	8762.0	12542	11129																												
80.354	9341.0	8768.0	12823	11074																												
80.375	9159.0	8728.0	12714	11146																												
80.396	8987.0	8917.0	13166	10789																												
80.416	9032.0	9309.0	12855	11052																												
80.437	9362.0	9103.0	12784	10937																												
80.459	9281.0	8729.0	12955	11115																												
80.479	9330.0	9115.0	12781	11098																												
80.500	9231.0	8773.0	12889	10846																												
80.521	8925.0	8722.0	12804	11004																												
80.541	9342.0	8727.0	12718	11350																												
80.563	8942.0	8783.0	13154	11032																												
80.584	9172.0	8774.0	13127	11052																												
80.604	9087.0	8704.0	12863	10615																												
80.625	9101.0	9332.0	12930	11065																												
80.646	9075.0	8686.0	12947	10986																												
80.666	9206.0	8806.0	12867	11125																												
80.687	9094.0	8642.0	13041	11197																												
80.709	9361.0	9004.0	13245	11080																												
80.729	9393.0	8949.0	12831	11147																												
80.750	8774.0	8618.0	13002	11193																												
80.771	9193.0	8785.0	12807	11010																												
80.791	9024.0	8874.0	13039	11257																												
80.813	9302.0	8857.0	12983	10839																												
80.834	9448.0	8811.0	12631	11025																												
80.854	9321.0	8994.0	13088	10939																												
80.875	9225.0	8741.0	13112	10964																												
80.896	9379.0	8772.0	12874	11074																												
80.916	9160.0	8491.0	13229	11359																												
80.937	9291.0	8929.0	13179	10887																												
80.959	9324.0	8656.0	12937	11214																												
80.979	9395.0	8930.0	12851	11253																												
81.000	9249.0	8755.0	13241	11016																												
81.021	9347.0	8670.0	13060	11308																												
81.041	9533.0	8538.0	12860	10886																												
81.062	9340.0	8614.0	12561	11177																												
81.084	9179.0	8960.0	13268	11090																												
81.104	9362.0	8884.0	12833	10902																												
81.125	9169.0	8979.0	12688	11154																												
81.146	9233.0	8498.0	12902	11014																												
81.166	9161.0	8749.0	13077	11213																												
81.188	9198.0	8732.0	13174	11467																												
81.209	9100.0	9139.0	13231	10888																												
81.229	9321.0	9055.0	13060	11322																												
81.250	8956.0	8978.0	13014	11169																												
81.271	9357.0	8911.0	12872	11095																												
81.291	9379.0	8970.0	13023	11106																												
81.312	9282.0	8867.0	13420	11171																												
81.334	9308.0	9048.0	13363	11111																												
81.354	9400.0	8819.0	12988	11228																												
81.375	8929.0	8728.0	13292	11494																												
81.396	9248.0	8661.0	13389	11034																												
81.416	9431.0	8779.0	12959	11337																												
81.438	9351.0	8850.0	12943	10901																												
81.459	9112.0	8767.0	13688	11182																												
81.479	9434.0	9106.0	12936	11047																												
81.500	9240.0	8838.0	12702	11149																												
81.521	9275.0	8891.0	13057	11231																												
81.541	8969.0	8677.0	12982	11224																												
81.562	9368.0	8884.0	13266	10811																												
81.584	9461.0	9048.0	12655	11234																												
81.604	9325.0	8707.0	13047	11464																												
81.625	9378.0	9100.0	12779	10940																												
81.646	8856.0	8905.0	13197	11365																												
81.666	9183.0	9072.0	13151	11060																												
81.687	9120.0	9007.0	12888	11457																												
81.709	9212.0	8987.0	13080	11307																												
81.729	9088.0	9015.0	13238	11210																												
81.750	9046.0	8571.0	13399	11231																												
81.771	9298.0	8953.0	13318	11264																												
81.791	9474.0	9189.0	13232	11551																												
81.813	9069.0	8734.0	13291	11194																												
81.834	9170.0	8867.0	13165	11086																												
81.854	9367.0	8963.0	12966	11021																												
81.875	9048.0	9011.0	13148	11553																												
81.896	9236.0	8911.0	13045	11266																												
81.916	9226.0	9215.0	12999	11160																												
81.937	9507.0	8720.0	13244	11408																												
81.959	9313.0	8459.0	12992	11104																												
81.979	9232.0	8675.0	13279	11180																												
82.000	9417.0	9197.0	13402	11368																												
82.021	9204.0	9228.0	13252	11401																												
82.041	9184.0	8988.0	13161	11132																												
82.063	9086.0	8806.0	13544	11264																												
82.084	9095.0	8667.0	12951	11533																												
82.104	9080.0	8965.0	13071	11211																												
82.125	9591.0	9111.0	13189	11474																												
82.146	9222.0	8895.0	13533	11156																												
82.166	9268.0	8821.0	13519	11354																												
82.187	9115.0	8856.0	13444	11404																												
82.209	9240.0	8994.0	12967	11656																												
82.229	9522.0	8772.0	13026	11342																												
82.250	9419.0	9101.0	12972	11213																												
82.271	9343.0	9062.0	12955	10703																												
82.291	9035.0	9068.0	13343	11119																												
82.312	9192.0	8999.0	12947	11461																												
82.334	9285.0	8790.0	13210	11224																												
82.354	9423.0	8580.0	13483	11478																												
82.375	9328.0	8812.0	13575	11218																												
82.396	9466.0	8878.0	13353	11116																												
82.416	9213.0	8552.0	13283	11149																												
82.438	9083.0	8740.0	13325	11351																												
82.459	9461.0	8939.0	13314	11415																												
82.479	9648.0	8664.0	13531	11244																												
82.500	9442.0	8735.0	13428	11201																												
82.521	9709.0	8588.0	13528	10976																												
82.541	9154.0	8782.0	13399	11067																												
82.562	9319.0	8872.0	13126	11388																												
82.584	9479.0	8820.0	13660	11433																												
82.604	9237.0	8865.0	13386	11284																												
82.625	9103.0	8886.0	13339	11265																												
82.646	9422.0	8887.0	13543	11133																												
82.666	9598.0	8909.0	13183	11528																												
82.688	9359.0	8956.0	13162	11434																												
82.709	9111.0	8770.0	13581	11042																												
82.729	9546.0	8810.0	13257	11594																												
82.750	9188.0	9095.0	13091	11148																												
82.771	9577.0	8750.0	13217	10981																												
82.791	9210.0	8727.0	13555	11396																												
82.812	9354.0	8964.0	13291	11012																												
82.834	9165.0	9085.0	13450	11344																												
82.854	9362.0	9134.0	13549	11122																												
82.875	9255.0	8901.0	13522	10935																												
82.896	9249.0	8944.0	13097	11267																												
82.916	9216.0	9039.0	13074	11139																												
82.937	9289.0	8771.0	13363	10796																												
82.959	9463.0	9095.0	13482	11378																												
82.979	9206.0	8830.0	13687	11170																												
83.000	9535.0	8758.0	13357	11029																												
83.021	9267.0	8953.0	13685	10994																												
83.041	9208.0	8834.0	13723	11507																												
83.063	9280.0	8648.0	13210	10935																												
83.084	9241.0	8928.0	13502	11388																												
83.104	9289.0	8718.0	13268	11370																												
83.125	9383.0	9094.0	13370	11406																												
83.146	9445.0	8876.0	13476	11509																												
83.166	9081.0	8746.0	13333	11317																												
83.187	9488.0	8902.0	13199	11193																												
83.209	9412.0	8749.0	13489	11337																												
83.229	9357.0	8916.0	13527	11288																												
83.250	9448.0	8871.0	13401	11163																												
83.271	9317.0	8992.0	13493	11057																												
83.291	9391.0	8768.0	13251	11413																												
83.313	9196.0	8605.0	13765	11056																												
83.334	9351.0	8794.0	13679	11325																												
83.354	9168.0	8978.0	13581	11380																												
83.375	9392.0	8608.0	13412	11029																												
83.396	9409.0	8847.0	13302	11415																												
83.416	9273.0	8962.0	13649	11359																												
83.437	9403.0	8848.0	13419	11071																												
83.459	9126.0	8787.0	13512	10912																												
83.479	9126.0	8788.0	13850	11080																												
83.500	9440.0	9100.0	13498	11307																												
83.521	9501.0	8960.0	13398	11351																												
83.541	9283.0	8866.0	13584	11182																												
83.562	9500.0	8804.0	13714	11234																												
83.584	9179.0	9116.0	13043	11515																												
83.604	9409.0	8910.0	13968	11248																												
83.625	9553.0	8975.0	13535	10965																												
83.646	9414.0	9084.0	13658	10977																												
83.666	9029.0	8851.0	13501	11759																												
83.688	9314.0	8741.0	13484	11312																												
83.709	9335.0	9088.0	13822	11176																												
83.729	9041.0	9039.0	13435	11456																												
83.750	9184.0	8941.0	13615	11154																												
83.771	9320.0	8736.0	13809	11390																												
83.791	9345.0	8516.0	13651	11652																												
83.812	9318.0	9034.0	13545	10969																												
83.834	9306.0	8788.0	13609	11377																												
83.854	9476.0	8988.0	13727	11297																												
83.875	9374.0	8880.0	13863	11233																												
83.896	9441.0	8914.0	13329	11332																												
83.916	9691.0	8744.0	13675	11378																												
83.938	9648.0	8938.0	13893	11711																												
83.959	9353.0	8846.0	13734	11361																												
83.979	9460.0	8888.0	13320	11698																												
84.000	9241.0	8734.0	13174	11352																												
84.021	9568.0	8931.0	13477	11411																												
84.041	9438.0	8978.0	13916	11698																												
84.062	9534.0	8762.0	13808	11636																												
84.084	9370.0	8901.0	13398	11466																												
84.104	9692.0	8637.0	13441	11450																												
84.125	9231.0	8689.0	13589	11629																												
84.146	9682.0	8880.0	13630	11626																												
84.166	9455.0	9013.0	13543	11758																												
84.187	9598.0	8983.0	14168	11694																												
84.209	9340.0	9017.0	13794	11579																												
84.229	9460.0	9334.0	13505	11150																												
84.250	9367.0	8751.0	13570	11532																												
84.271	9324.0	8527.0	13454	11510																												
84.291	9278.0	8889.0	13155	11468																												
84.313	9317.0	8788.0	13365	11547																												
84.334	9274.0	8860.0	13749	11583																												
84.354	9571.0	8771.0	13845	11817																												
84.375	9154.0	8941.0	13927	11677																												
84.396	9046.0	9081.0	13597	11539																												
84.416	9438.0	8829.0	13344	11534																												
84.437	9367.0	8858.0	13759	11617																												
84.459	9516.0	8819.0	13853	11638																												
84.479	9464.0	8862.0	13682	11640																												
84.500	9420.0	8869.0	13766	11501																												
84.521	9304.0	8888.0	13539	11661																												
84.541	9406.0	8818.0	13903	11532																												
84.563	9255.0	9053.0	13622	11462																												
84.584	9617.0	8793.0	13768	11877																												
84.604	9526.0	9113.0	13518	11474																												
84.625	9326.0	8840.0	13463	11427																												
84.646	9705.0	8792.0	13924	12005																												
84.666	9224.0	9097.0	13943	11403																												
84.687	9163.0	8804.0	13813	11435																												
84.709	9472.0	9410.0	13526	11608																												
84.729	9347.0	8813.0	14007	11692																												
84.750	9171.0	8660.0	13696	11632																												
84.771	9795.0	8920.0	13635	11894																												
84.791	9378.0	8751.0	14123	11594																												
84.812	9669.0	8809.0	13816	11802																												
84.834	9340.0	8733.0	13724	11689																												
84.854	8930.0	8824.0	13360	11709																												
84.875	9624.0	8722.0	13736	11507																												
84.896	9123.0	8847.0	13749	11808																												
84.916	9472.0	8884.0	13834	11403																												
84.938	9657.0	8874.0	13464	11987																												
84.959	9262.0	8923.0	13976	11626																												
84.979	9197.0	8684.0	14259	11819																												
85.000	9470.0	8939.0	13591	11380																												
85.021	9379.0	8885.0	13849	11934																												
85.041	9910.0	8983.0	14159	11357																												
85.062	9349.0	8816.0	13844	11834																												
85.084	9630.0	8872.0	13626	11869																												
85.104	9286.0	8461.0	13522	12007																												
85.125	9404.0	8781.0	14215	11705																												
85.146	9648.0	9126.0	13683	11657																												
85.166	9655.0	8791.0	14088	11668																												
85.188	9072.0	8694.0	13702	11726																												
85.209	9186.0	8693.0	13689	11761																												
85.229	9833.0	8859.0	14010	12053																												
85.250	9429.0	9015.0	13983	11532																												
85.271	9539.0	9215.0	13691	11519																												
85.291	9633.0	8801.0	13870	11658																												
85.312	9307.0	8945.0	13897	12156																												
85.334	9688.0	8722.0	13803	11971																												
85.354	9513.0	8810.0	13630	11524																												
85.375	9498.0	8802.0	13855	11878																												
85.396	9451.0	8814.0	13755	11740																												
85.416	9483.0	8781.0	13744	11463																												
85.437	9323.0	8792.0	13789	11814																												
85.459	9393.0	8828.0	14230	12030																												
85.479	9491.0	8774.0	13608	11753																												
85.500	9486.0	8547.0	13410	12146																												
85.521	9430.0	9010.0	14376	11872																												
85.541	9290.0	8747.0	13808	11631																												
85.563	9489.0	8784.0	13924	11558																												
85.584	9258.0	8950.0	13540	11787																												
85.604	9636.0	8689.0	13976	11562																												
85.625	9319.0	8843.0	14105	11594																												
85.646	9184.0	8872.0	13817	11837																												
85.666	9178.0	9213.0	13833	11854																												
85.687	9678.0	8747.0	14018	11950																												
85.709	9500.0	8743.0	13948	11742																												
85.729	9505.0	8971.0	13902	11614																												
85.750	9258.0	8585.0	14149	11649																												
85.771	9402.0	8872.0	14083	11819																												
85.791	9597.0	8865.0	14036	11554																												
85.813	9478.0	9000.0	14042	11800																												
85.834	9475.0	8568.0	13512	11886																												
85.854	9465.0	8810.0	14038	11850																												
85.875	9352.0	8818.0	14051	11280																												
85.896	9346.0	8809.0	13793	11697																												
85.916	9387.0	8864.0	13864	12039																												
85.937	9764.0	8653.0	13719	11663																												
85.959	9620.0	8931.0	13921	11486																												
85.979	9580.0	8825.0	14122	11650																												
86.000	9360.0	8764.0	14237	11908																												
86.021	9499.0	8951.0	14279	11790																												
86.041	9629.0	8584.0	13983	11862																												
86.062	9928.0	9031.0	14273	11738																												
86.084	9375.0	8827.0	14214	12054																												
86.104	9384.0	9106.0	14129	11716																												
86.125	9518.0	8678.0	14061	12061																												
86.146	9549.0	8932.0	13973	12066																												
86.166	9350.0	9112.0	14213	12066																												
86.188	9854.0	8726.0	13860	11934																												
86.209	9738.0	8431.0	14396	11704																												
86.229	9440.0	8769.0	13991	11965																												
86.250	9678.0	8944.0	14249	11693																												
86.271	9360.0	8617.0	14250	11859																												
86.291	9483.0	8747.0	13943	11594																												
86.312	9743.0	8655.0	14273	11862																												
86.334	9310.0	8823.0	14231	11729																												
86.354	9500.0	8750.0	14055	11727																												
86.375	9265.0	8738.0	14027	12011																												
86.396	9227.0	8997.0	14305	11711																												
86.416	9456.0	8683.0	14033	11696																												
86.438	9609.0	8727.0	14308	11932																												
86.459	9617.0	8701.0	14074	12145																												
86.479	9789.0	8737.0	14422	11742																												
86.500	9660.0	8758.0	14290	11906																												
86.521	9432.0	8952.0	14202	11819																												
86.541	9349.0	8846.0	14480	11875																												
86.562	9292.0	8619.0	14307	12007																												
86.584	9698.0	8797.0	14268	11837																												
86.604	9833.0	8716.0	14323	11974																												
86.625	9278.0	8814.0	14240	11784																												
86.646	9536.0	8946.0	14277	11880																												
86.666	9459.0	8824.0	14831	11524																												
86.687	9630.0	8753.0	14216	11420																												
86.709	9339.0	8812.0	14241	11774																												
86.729	9662.0	9072.0	14265	12044																												
86.750	9227.0	9009.0	14097	11491																												
86.771	9642.0	8685.0	14369	11719																												
86.791	9241.0	9009.0	13843	11808																												
86.813	9731.0	8587.0	14546	11783																												
86.834	9800.0	8689.0	14407	11757																												
86.854	9539.0	8929.0	14558	12291																												
86.875	9725.0	9073.0	14489	11591																												
86.896	9748.0	8981.0	14112	11952																												
86.916	9782.0	8967.0	14398	12258																												
86.937	9355.0	8695.0	14299	12042																												
86.959	9536.0	8934.0	14733	12017																												
86.979	9409.0	8791.0	14265	11929																												
87.000	9761.0	8885.0	14045	11677																												
87.021	9249.0	9194.0	14297	11982																												
87.041	9353.0	8799.0	14491	11819																												
87.063	9565.0	8666.0	14522	11930																												
87.084	9620.0	8882.0	14633	11940																												
87.104	9393.0	8823.0	14120	12049																												
87.125	9461.0	8875.0	13862	11978																												
87.146	9587.0	9058.0	14396	11721																												
87.166	9458.0	8723.0	14236	12227																												
87.187	9364.0	9041.0	14536	11962																												
87.209	9847.0	8923.0	14461	12091																												
87.229	9766.0	8556.0	14317	11945																												
87.250	9588.0	8709.0	14970	11984																												
87.271	9722.0	8944.0	14561	11797																												
87.291	9263.0	9029.0	14293	11911																												
87.312	9438.0	8900.0	14842	12442																												
87.334	9695.0	8667.0	14560	12387																												
87.354	9666.0	8917.0	14052	11984																												
87.375	9722.0	8616.0	14408	12399																												
87.396	9489.0	9045.0	14438	11878																												
87.416	9758.0	8655.0	14559	12078																												
87.438	9309.0	9144.0	14208	12087																												
87.459	9645.0	9057.0	14540	11386																												
87.479	9413.0	8757.0	14147	12223																												
87.500	9996.0	9033.0	14594	12209																												
87.521	9725.0	8763.0	14380	11921																												
87.541	9553.0	8653.0	14251	11902																												
87.562	9382.0	8897.0	13938	12078																												
87.584	9553.0	8873.0	14762	11587																												
87.604	9545.0	8919.0	14508	12135																												
87.625	9726.0	8835.0	14685	11854																												
87.646	9588.0	8892.0	14679	11987																												
87.666	9488.0	9104.0	14929	12091																												
87.688	9461.0	8640.0	14267	11726																												
87.709	9610.0	8879.0	14730	11497																												
87.729	9929.0	8682.0	14805	11849																												
87.750	9643.0	8943.0	14371	12417																												
87.771	9330.0	8715.0	14633	12084																												
87.791	9728.0	8888.0	14912	12306																												
87.812	10076	8804.0	14793	12243																												
87.834	9859.0	8806.0	14464	12262																												
87.854	9603.0	9132.0	14389	12074																												
87.875	9783.0	8810.0	14956	12141																												
87.896	9861.0	9189.0	14787	12197																												
87.916	9370.0	8664.0	14540	11955																												
87.937	9502.0	8782.0	14876	12077																												
87.959	9554.0	8724.0	14908	11821																												
87.979	9618.0	8951.0	14568	11934																												
88.000	9528.0	8519.0	14797	11844																												
88.021	9524.0	8840.0	14583	11973																												
88.041	9385.0	8570.0	14978	12016																												
88.063	9474.0	9000.0	14884	11715																												
88.084	9731.0	9050.0	14835	12057																												
88.104	9428.0	8948.0	14646	11925																												
88.125	9572.0	8926.0	14745	12061																												
88.146	9914.0	8712.0	14421	11989																												
88.166	9536.0	8891.0	14831	12146																												
88.187	9671.0	8786.0	14558	12051																												
88.209	9491.0	8761.0	14754	11947																												
88.229	9611.0	9021.0	14938	11727																												
88.250	9860.0	9021.0	14839	12084																												
88.271	9717.0	9113.0	14613	12311																												
88.291	9245.0	8907.0	14867	12259																												
88.313	9569.0	8907.0	14871	11988																												
88.334	9368.0	9032.0	14834	12079																												
88.354	9501.0	8958.0	14909	12068																												
88.375	9741.0	8833.0	15237	12138																												
88.396	9426.0	8832.0	15223	11846																												
88.416	9479.0	8556.0	15053	11981																												
88.437	9600.0	8628.0	15290	12288																												
88.459	9502.0	8740.0	14873	12190																												
88.479	9543.0	9144.0	15164	12331																												
88.500	9311.0	8753.0	15225	12116																												
88.521	9640.0	8849.0	15323	12115																												
88.541	10035	8800.0	14790	11891																												
88.562	9610.0	8834.0	15331	12040																												
88.584	9715.0	8816.0	14938	12200																												
88.604	9711.0	8616.0	15406	12287																												
88.625	9781.0	8930.0	15013	12128																												
88.646	9481.0	8732.0	15424	12118																												
88.666	9652.0	8765.0	15293	12440																												
88.688	9492.0	8545.0	15378	12535																												
88.709	9789.0	8938.0	15421	12467																												
88.729	9556.0	8614.0	15619	12586																												
88.750	9648.0	8967.0	15305	12541																												
88.771	9462.0	8582.0	15460	12192																												
88.791	9920.0	8727.0	15384	12208																												
88.812	10029	8674.0	15074	12491																												
88.834	9435.0	8868.0	15329	12508																												
88.854	9299.0	8679.0	15315	12043																												
88.875	9951.0	8929.0	15435	12383																												
88.896	9579.0	9157.0	15315	12440																												
88.916	9304.0	8970.0	15360	12198																												
88.938	9893.0	8804.0	15503	12061																												
88.959	9690.0	8911.0	15547	12167																												
88.979	9805.0	8633.0	15626	11924																												
89.000	9571.0	8816.0	15602	12307																												
89.021	9455.0	8905.0	15689	12511																												
89.041	9547.0	8717.0	15464	12521																												
89.062	9743.0	8529.0	15552	12272																												
89.084	9911.0	8768.0	15207	12200																												
89.104	9763.0	8751.0	15708	12080																												
89.125	9584.0	8467.0	15330	12462																												
89.146	9873.0	9026.0	15679	12295																												
89.166	9574.0	8944.0	15447	12203																												
89.187	9639.0	8761.0	15639	12606																												
89.209	9494.0	8748.0	15643	12018																												
89.229	9739.0	8624.0	15877	12259																												
89.250	9919.0	8909.0	15645	12399																												
89.271	9855.0	8803.0	15563	12613																												
89.291	9824.0	8732.0	15797	12282																												
89.313	9714.0	8762.0	15860	12302																												
89.334	9770.0	9129.0	15879	12524																												
89.354	9874.0	8951.0	15562	12421																												
89.375	9586.0	8957.0	15862	12320																												
89.396	9730.0	8917.0	15553	12304																												
89.416	9703.0	9263.0	15704	12335																												
89.437	9941.0	8910.0	16124	12484																												
89.459	9858.0	9119.0	15688	12477																												
89.479	9545.0	8824.0	16527	12387																												
89.500	9763.0	8820.0	16019	12406																												
89.521	9598.0	8812.0	15814	12129																												
89.541	9851.0	8440.0	16047	12235																												
89.563	9646.0	8933.0	16089	12664																												
89.584	9889.0	9021.0	16098	12409																												
89.604	9655.0	9261.0	16263	12489																												
89.625	9778.0	8688.0	15994	12333																												
89.646	9623.0	8711.0	16111	12490																												
89.666	9981.0	8769.0	16441	12457																												
89.687	10010	8655.0	16052	12589																												
89.709	9871.0	9058.0	16215	12364																												
89.729	9944.0	8947.0	15951	12636																												
89.750	9710.0	8851.0	16150	12630																												
89.771	9499.0	8550.0	15822	12589																												
89.791	10224	8984.0	16003	12366																												
89.812	9937.0	8798.0	16379	12436																												
89.834	9891.0	8727.0	16484	12088																												
89.854	9830.0	8498.0	16677	12447																												
89.875	9857.0	9065.0	16634	12328																												
89.896	9737.0	8985.0	16704	12128																												
89.916	9556.0	8566.0	16399	12588																												
89.938	9819.0	8981.0	16675	12409																												
89.959	9506.0	8812.0	15873	12597																												
89.979	10117	8793.0	17128	12413																												
90.000	9819.0	8852.0	16307	12607																												
90.021	10025	8919.0	16971	12527																												
90.041	9914.0	8929.0	16542	12912																												
90.062	9843.0	9124.0	16409	12375																												
90.084	10153	9255.0	16614	12635																												
90.104	10055	8815.0	16884	12515																												
90.125	9775.0	8951.0	16633	12422																												
90.146	10021	8962.0	17068	12491																												
90.166	9871.0	8928.0	16731	13001																												
90.188	9596.0	8973.0	16656	12662																												
90.209	9955.0	8616.0	16746	12724																												
90.229	9732.0	8903.0	16536	12741																												
90.250	9883.0	9078.0	17022	12346																												
90.271	10138	8862.0	16729	12690																												
90.291	9668.0	8723.0	17034	12673																												
90.312	9758.0	8953.0	17108	12681																												
90.334	9982.0	8667.0	17017	12635																												
90.354	9878.0	8530.0	16851	12838																												
90.375	9946.0	8964.0	17096	12457																												
90.396	10076	8789.0	16589	12510																												
90.416	9646.0	8764.0	16672	12543																												
90.437	9854.0	8825.0	17461	12563																												
90.459	9787.0	8771.0	17208	12779																												
90.479	9926.0	9106.0	17116	12378																												
90.500	9993.0	8903.0	16959	12391																												
90.521	10300	9122.0	17159	12623																												
90.541	9888.0	8702.0	17398	12726																												
90.563	9670.0	8641.0	17383	12594																												
90.584	9833.0	8776.0	17507	12780																												
90.604	9652.0	8714.0	17293	13060																												
90.625	9529.0	8950.0	17515	12564																												
90.646	10025	8823.0	16905	12561																												
90.666	10193	8767.0	17527	12728																												
90.687	9965.0	9068.0	17812	12849																												
90.709	9882.0	8942.0	17663	12575																												
90.729	9946.0	8720.0	17582	13116																												
90.750	9810.0	8957.0	17820	12499																												
90.771	9968.0	9045.0	17720	12870																												
90.791	10040	8836.0	17778	12936																												
90.813	9975.0	8972.0	17518	12670																												
90.834	9994.0	9114.0	18291	12970																												
90.854	9876.0	8691.0	17580	12696																												
90.875	9724.0	8916.0	18148	12490																												
90.896	10061	8938.0	18034	12802																												
90.916	10081	9064.0	17669	13120																												
90.937	9855.0	8443.0	18131	12910																												
90.959	9865.0	8938.0	17917	12950																												
90.979	9791.0	8897.0	17976	12902																												
91.000	10040	8920.0	18019	12474																												
91.021	9970.0	8870.0	18103	12546																												
91.041	9832.0	8673.0	17910	12657																												
91.062	10064	8874.0	18316	13052																												
91.084	9590.0	8806.0	18167	12559																												
91.104	10137	8667.0	18241	12905																												
91.125	9661.0	8827.0	17888	12634																												
91.146	10042	8968.0	18429	12953																												
91.166	9905.0	9159.0	18153	12603																												
91.188	9484.0	8716.0	18379	12766																												
91.209	10094	8796.0	18658	12680																												
91.229	10032	8870.0	18430	12994																												
91.250	10092	8855.0	18751	12877																												
91.271	10102	8687.0	18471	13091																												
91.291	9859.0	8892.0	18468	12675																												
91.312	9924.0	9196.0	18795	13016																												
91.334	10165	8725.0	18512	12893																												
91.354	9944.0	8982.0	18534	12982																												
91.375	9927.0	8834.0	18803	12798																												
91.396	9985.0	9121.0	18867	13149																												
91.416	10318	8860.0	18859	13048																												
91.438	9923.0	8879.0	18821	12557																												
91.459	10082	8699.0	18596	12783																												
91.479	10188	8965.0	18933	12767																												
91.500	10015	8822.0	19656	13311																												
91.521	9820.0	9049.0	19071	13171																												
91.541	10123	8980.0	19723	12908																												
91.562	9981.0	8659.0	19689	12663																												
91.584	9840.0	8668.0	19166	12841																												
91.604	9949.0	8771.0	19538	13235																												
91.625	10032	8961.0	19443	12842																												
91.646	9896.0	8829.0	19153	12906																												
91.666	10032	8600.0	19088	13158																												
91.687	9795.0	8904.0	19445	12897																												
91.709	10121	8512.0	19442	12577																												
91.729	9845.0	9108.0	19434	13087																												
91.750	9725.0	8723.0	19525	13241																												
91.771	10213	8986.0	19579	12995																												
91.791	10179	8921.0	20030	12417																												
91.813	9922.0	8923.0	20345	13167																												
91.834	10324	8744.0	19999	12916																												
91.854	10305	8932.0	20375	12850																												
91.875	10091	8887.0	20052	12757																												
91.896	10074	8652.0	20149	12810																												
91.916	9928.0	8613.0	20455	12980																												
91.937	10053	8824.0	20264	13019																												
91.959	10016	8955.0	20234	12905																												
91.979	10174	8959.0	20614	13189																												
92.000	10250	9095.0	20487	13269																												
92.021	10139	8955.0	20831	13102																												
92.041	9892.0	8764.0	20543	12838																												
92.063	10101	9164.0	20370	12752																												
92.084	10161	8889.0	20297	13049																												
92.104	10086	9086.0	20450	12725																												
92.125	9977.0	9122.0	20439	13012																												
92.146	10006	8671.0	20731	12679																												
92.166	10026	8420.0	20809	12662																												
92.187	10042	8861.0	20695	12621																												
92.209	10163	9021.0	20840	12829																												
92.229	9963.0	8940.0	20959	12911																												
92.250	10128	8928.0	21091	13332																												
92.271	10176	9429.0	21566	12865																												
92.291	10178	8803.0	21540	13128																												
92.312	9848.0	8677.0	21412	12773																												
92.334	10170	8883.0	22169	12946																												
92.354	10303	8861.0	21624	13183																												
92.375	9938.0	8910.0	21075	13028																												
92.396	10066	8903.0	21941	13175																												
92.416	10196	9026.0	21809	13057																												
92.438	10323	9071.0	21690	13230																												
92.459	10302	8922.0	21681	12645																												
92.479	10262	9039.0	21767	12967																												
92.500	9689.0	8739.0	22257	12934																												
92.521	10201	8763.0	21975	13036																												
92.541	10175	8618.0	22256	13267																												
92.562	10185	8868.0	22616	13284																												
92.584	10367	8921.0	22385	13125																												
92.604	10382	8780.0	22389	12960																												
92.625	10068	8863.0	22814	13178																												
92.646	10164	8890.0	22879	12881																												
92.666	9609.0	8962.0	22908	13310																												
92.688	10706	8965.0	22979	13076																												
92.709	10165	8864.0	23323	13207																												
92.729	10157	8387.0	23378	13358																												
92.750	10455	8848.0	23773	13012																												
92.771	10147	8918.0	23137	13061																												
92.791	9882.0	9136.0	23558	12978																												
92.812	10174	8765.0	23486	13081																												
92.834	9904.0	8682.0	23535	13164																												
92.854	9927.0	8930.0	24045	13079																												
92.875	10059	8449.0	24035	13024																												
92.896	9833.0	8890.0	23944	13094																												
92.916	10290	8748.0	24375	13288																												
92.937	10026	8751.0	24179	13277																												
92.959	10408	8617.0	24378	13444																												
92.979	9774.0	8435.0	24468	13380																												
93.000	9927.0	8815.0	24977	13457																												
93.021	9880.0	8821.0	24855	13309																												
93.041	10245	8706.0	25616	13152																												
93.063	10179	8784.0	25329	13525																												
93.084	10053	9019.0	25150	13540																												
93.104	10593	8824.0	25540	13095																												
93.125	10412	8683.0	25526	13342																												
93.146	10269	8598.0	25589	13240																												
93.166	10285	9038.0	25599	13399																												
93.187	10243	8854.0	26009	13159																												
93.209	10079	8744.0	26059	13173																												
93.229	10198	9123.0	26237	13155																												
93.250	10374	8995.0	26245	13513																												
93.271	9832.0	8956.0	26555	13413																												
93.291	10181	8631.0	26346	13257																												
93.313	10466	8775.0	26875	13305																												
93.334	10187	8921.0	26566	13142																												
93.354	9947.0	8768.0	26898	13369																												
93.375	10535	9085.0	26751	13173																												
93.396	9936.0	8680.0	27545	13315																												
93.416	10333	8756.0	27414	13295																												
93.437	10121	8684.0	27460	13774																												
93.459	10012	8608.0	27266	13676																												
93.479	10443	8858.0	28244	13343																												
93.500	10455	8663.0	28396	13363																												
93.521	10296	8782.0	28712	13298																												
93.541	10353	8792.0	28465	13790																												
93.562	10187	8671.0	28920	13693																												
93.584	10419	8709.0	28979	13274																												
93.604	10387	8756.0	29256	13849																												
93.625	10309	9008.0	30052	13334																												
93.646	9912.0	9078.0	29442	13308																												
93.666	10031	8985.0	29925	13241																												
93.688	10383	8703.0	30961	13704																												
93.709	10344	8928.0	30257	13253																												
93.729	10371	8824.0	30421	13483																												
93.750	10632	9097.0	30856	13305																												
93.771	10277	8653.0	30489	13267																												
93.791	10533	8701.0	31450	13468																												
93.812	10680	8794.0	32433	13654																												
93.834	10545	9061.0	31887	13316																												
93.854	10555	8868.0	32220	13730																												
93.875	10411	8747.0	32208	13473																												
93.896	10411	8826.0	33018	13720																												
93.916	10236	8938.0	32457	13810																												
93.938	10194	8715.0	33137	13917																												
93.959	10728	9222.0	33400	13660																												
93.979	9911.0	8916.0	33769	13368																												
94.000	10294	8412.0	34190	13624																												
94.021	10343	8738.0	34079	13745																												
94.041	10159	8950.0	34641	13483																												
94.062	10359	8830.0	34874	13475																												
94.084	10715	8769.0	35536	13629																												
94.104	10066	8810.0	34846	13528																												
94.125	10218	8861.0	35688	13472																												
94.146	10327	8641.0	35100	13962																												
94.166	10063	8672.0	36217	13052																												
94.187	10414	8959.0	36634	13510																												
94.209	10286	8900.0	36728	13705																												
94.229	10540	9072.0	37601	13899																												
94.250	10562	8877.0	37066	13434																												
94.271	10502	8806.0	37316	13329																												
94.291	10218	8769.0	37407	13707																												
94.313	10348	8762.0	38437	13490																												
94.334	10207	8651.0	37955	13885																												
94.354	9859.0	8716.0	39095	13907																												
94.375	10382	8869.0	39260	13169																												
94.396	10540	9045.0	39346	14009																												
94.416	10473	8965.0	39139	13794																												
94.437	10209	8816.0	40199	14076																												
94.459	10803	8498.0	40553	13950																												
94.479	10210	8883.0	40055	13522																												
94.500	10391	8715.0	40649	13676																												
94.521	10597	9004.0	41171	14123																												
94.541	10635	8852.0	41496	14021																												
94.563	10305	8602.0	41722	13595																												
94.584	10641	8797.0	42418	13621																												
94.604	10096	8883.0	42884	13517																												
94.625	10531	8733.0	43468	13756																												
94.646	10556	8919.0	43754	13802																												
94.666	10453	8804.0	43263	14143																												
94.687	10462	8796.0	44158	13784																												
94.709	10714	8894.0	44840	13764																												
94.729	10621	9061.0	45556	13813																												
94.750	10258	8976.0	45115	13867																												
94.771	10631	8854.0	45538	13523																												
94.791	10842	8962.0	45874	13765																												
94.812	10608	8751.0	45843	13763																												
94.834	10559	8751.0	45990	13996																												
94.854	10426	8396.0	46620	13567																												
94.875	10898	8444.0	47349	13834																												
94.896	11007	8774.0	47916	13746																												
94.916	10393	8830.0	47621	13665																												
94.938	10608	8801.0	47994	13475																												
94.959	10408	8871.0	48118	13980																												
94.979	10464	9022.0	48591	14002																												
95.000	10591	9000.0	49339	13797																												
95.021	10508	8972.0	50558	13807																												
95.041	10660	8667.0	50451	13845																												
95.062	10334	8867.0	50429	13912																												
95.084	10818	9028.0	51139	13349																												
95.104	10555	8547.0	51399	13614																												
95.125	10345	8960.0	51390	13753																												
95.146	10715	8875.0	51674	13862																												
95.166	10539	8943.0	52126	13606																												
95.188	10488	9064.0	53053	14161																												
95.209	10416	8774.0	52682	14040																												
95.229	10860	8919.0	53702	13890																												
95.250	10742	9087.0	54083	13815																												
95.271	10411	8670.0	55157	14134																												
95.291	11171	8835.0	55426	14012																												
95.312	10446	8921.0	55690	14004																												
95.334	10330	8865.0	56447	13923																												
95.354	10345	9110.0	56420	13999																												
95.375	10866	8991.0	57336	13869																												
95.396	10498	8873.0	57498	13821																												
95.416	10312	8675.0	57865	13926																												
95.437	10809	8746.0	57771	13784																												
95.459	10595	9174.0	57611	13544																												
95.479	10436	8737.0	59511	13876																												
95.500	10781	8866.0	59672	13796																												
95.521	10650	8943.0	59956	13915																												
95.541	10754	9024.0	60295	14032																												
95.563	10668	8791.0	60303	13720																												
95.584	11048	8928.0	60845	13972																												
95.604	10731	8828.0	60675	13501																												
95.625	10542	8869.0	60910	14157																												
95.646	10757	8823.0	63170	14433																												
95.666	10791	8911.0	62328	13726																												
95.687	10792	8732.0	62596	13661																												
95.709	11082	8764.0	62846	14232																												
95.729	10787	8783.0	63260	13982																												
95.750	10708	8898.0	63587	13912																												
95.771	10677	8807.0	64745	14380																												
95.791	10861	8967.0	64901	13963																												
95.813	10783	8806.0	64763	14095																												
95.834	10971	8768.0	64987	14164																												
95.854	10781	8843.0	65328	14080																												
95.875	10601	8849.0	65005	14183																												
95.896	11002	8814.0	66254	14275																												
95.916	10551	8982.0	66706	14191																												
95.937	10377	8895.0	66692	14367																												
95.959	10493	9219.0	67019	13791																												
95.979	10733	8935.0	67085	13961																												
96.000	10846	8787.0	67468	14326																												
96.021	10666	8753.0	66754	13776																												
96.041	10774	9060.0	66761	14129																												
96.062	10711	8985.0	66957	14135																												
96.084	10592	8748.0	68061	13823																												
96.104	10800	8890.0	67917	13673																												
96.125	10889	8815.0	68373	14100																												
96.146	10518	8985.0	68498	14228																												
96.166	10816	9067.0	68384	13775																												
96.188	10982	8758.0	68167	13757																												
96.209	10481	8873.0	68316	14223																												
96.229	10753	8706.0	68345	14495																												
96.250	10344	9035.0	68516	14287																												
96.271	10797	8892.0	68462	14209																												
96.291	11201	8949.0	68134	14285																												
96.312	10771	8859.0	68608	14105																												
96.334	10885	9156.0	68913	14040																												
96.354	10596	8925.0	69344	14239																												
96.375	10767	8981.0	69049	14320																												
96.396	10886	8661.0	69212	14064																												
96.416	10640	8831.0	69310	14597																												
96.438	10951	8966.0	68681	14058																												
96.459	10778	8612.0	69025	14142																												
96.479	10966	8522.0	69064	14366																												
96.500	10619	8527.0	68694	14297																												
96.521	10948	8934.0	69130	14643																												
96.541	10920	9066.0	69054	14352																												
96.562	10812	8854.0	69070	14207																												
96.584	11190	9248.0	68316	14597																												
96.604	10814	8919.0	68366	14188																												
96.625	10777	8969.0	69061	14467																												
96.646	10967	8725.0	68711	14205																												
96.666	10870	8825.0	68855	14619																												
96.687	10907	8821.0	68918	14535																												
96.709	10726	8813.0	68627	14512																												
96.729	10873	8691.0	69255	14159																												
96.750	10836	8945.0	68417	14480																												
96.771	10801	8596.0	69813	14541																												
96.791	11098	9026.0	69153	14308																												
96.813	11207	9139.0	68386	14407																												
96.834	10784	8969.0	69059	14601																												
96.854	10882	8607.0	69232	14118																												
96.875	11017	8960.0	68559	14529																												
96.896	10743	8918.0	69846	14584																												
96.916	11044	8896.0	69826	14363																												
96.937	11352	8934.0	69287	14291																												
96.959	10850	8820.0	69679	14577																												
96.979	10845	8558.0	69292	14371																												
97.000	11132	8967.0	69726	14673																												
97.021	11136	8687.0	68889	14483																												
97.041	10777	8470.0	69803	14170																												
97.063	10885	8873.0	69734	14669																												
97.084	10925	9043.0	69140	14909																												
97.104	11050	8774.0	69083	14540																												
97.125	11036	9039.0	69606	14807																												
97.146	10863	8823.0	68423	14693																												
97.166	10991	8888.0	69512	14646																												
97.187	11386	8995.0	68991	14562																												
97.209	11152	9041.0	69436	14597																												
97.229	11037	8748.0	70062	14751																												
97.250	10909	8953.0	69633	14625																												
97.271	11043	9047.0	70240	14621																												
97.291	10869	9296.0	68430	14981																												
97.312	11108	9021.0	69819	14338																												
97.334	10922	9083.0	69109	14480																												
97.354	11132	8476.0	69327	14593																												
97.375	10891	9018.0	69487	14527																												
97.396	11008	8844.0	69177	14737																												
97.416	10879	9016.0	69171	14281																												
97.438	11133	8660.0	68987	14512																												
97.459	11060	8733.0	69523	14852																												
97.479	11319	9173.0	68828	14716																												
97.500	11313	8937.0	69028	15071																												
97.521	11411	9067.0	69524	14740																												
97.541	11202	9058.0	69520	14774																												
97.562	11389	8931.0	68772	15069																												
97.584	11168	8633.0	68639	14457																												
97.604	11316	8879.0	69957	14558																												
97.625	11133	8605.0	69048	14657																												
97.646	11144	8921.0	68308	14161																												
97.666	10982	9132.0	68673	14567																												
97.688	11110	9000.0	69078	14651																												
97.709	11138	8879.0	69511	14827																												
97.729	10877	8644.0	68595	14796																												
97.750	11280	9035.0	68916	15055																												
97.771	11279	8675.0	68175	15021																												
97.791	11005	9106.0	69221	14848																												
97.812	11443	9042.0	69252	14913																												
97.834	11290	9252.0	68651	15257																												
97.854	11346	8711.0	68458	15171																												
97.875	11427	8887.0	68630	14354																												
97.896	11115	8926.0	68830	14933																												
97.916	11489	9372.0	69050	14830																												
97.937	10874	8825.0	68958	14918																												
97.959	11346	8795.0	68470	14343																												
97.979	11076	8937.0	68634	14816																												
98.000	11100	9091.0	68829	14967																												
98.021	11607	8960.0	68193	14705																												
98.041	11476	8894.0	68432	14941																												
98.063	11297	9051.0	68192	14765																												
98.084	11196	9157.0	68588	14995																												
98.104	11094	8929.0	69192	14871																												
98.125	11399	8960.0	67985	14620																												
98.146	11577	8855.0	69515	15375																												
98.166	11091	9046.0	68500	14755																												
98.187	11184	8928.0	68477	15062																												
98.209	11704	8729.0	69091	15206																												
98.229	11756	8849.0	68188	14891																												
98.250	11534	8917.0	68610	14910																												
98.271	11285	9082.0	67625	14986																												
98.291	11778	9024.0	68737	15171																												
98.313	11600	8960.0	68695	14726																												
98.334	11317	9151.0	68348	15065																												
98.354	11836	8885.0	67804	14860																												
98.375	11429	8992.0	67911	14901																												
98.396	11520	8915.0	68852	14946																												
98.416	11567	8982.0	68723	14805																												
98.437	10999	8817.0	68047	15153																												
98.459	11293	9054.0	68469	14906																												
98.479	11642	8923.0	67954	14858																												
98.500	11042	8992.0	68826	14944																												
98.521	11567	8829.0	67770	15372																												
98.541	11710	9282.0	67750	15306																												
98.562	11583	8879.0	68298	15061																												
98.584	11467	8915.0	69049	14915																												
98.604	11730	8945.0	69126	15325																												
98.625	11453	8934.0	68180	15436																												
98.646	11549	8828.0	68925	15334																												
98.666	11776	8788.0	68226	15050																												
98.688	11828	8577.0	68237	15277																												
98.709	11383	8995.0	68560	15571																												
98.729	11866	8798.0	68411	15176																												
98.750	11592	9035.0	67917	15512																												
98.771	11638	9174.0	68066	15140																												
98.791	11569	8964.0	68489	15153																												
98.812	11586	9146.0	68098	15074																												
98.834	11547	8722.0	68130	15115																												
98.854	11436	8839.0	68052	15240																												
98.875	11861	8462.0	68486	15689																												
98.896	11691	9429.0	68602	15097																												
98.916	11275	9110.0	68417	15597																												
98.938	11651	8934.0	67604	15407																												
98.959	11881	9135.0	67734	15095																												
98.979	11663	8860.0	67992	15212																												
99.000	11773	9059.0	68372	15219																												
99.021	11635	8898.0	68619	15616																												
99.041	11348	9024.0	68353	15131																												
99.062	11726	8875.0	68263	15437																												
99.084	11735	8692.0	68410	15180																												
99.104	11456	9195.0	68725	15282																												
99.125	11732	9110.0	67636	15508																												
99.146	11543	8925.0	67548	15102																												
99.166	11749	8871.0	68145	15360																												
99.187	11518	8985.0	69049	15338																												
99.209	11623	9353.0	68402	15273																												
99.229	11599	8757.0	68361	15204																												
99.250	11872	8906.0	68121	15458																												
99.271	11765	9117.0	68231	15357																												
99.291	11882	8746.0	68761	15467																												
99.313	11892	8818.0	68385	15424																												
99.334	11741	9084.0	68728	15454																												
99.354	11550	9086.0	68436	15480																												
99.375	12007	8947.0	68495	15533																												
99.396	11941	8851.0	68265	15680																												
99.416	12067	9111.0	68816	15358																												
99.437	11846	8931.0	68118	15648																												
99.459	11832	8876.0	68082	15493																												
99.479	11859	8925.0	68575	15486																												
99.500	11752	8859.0	68543	15101																												
99.521	11778	8770.0	67029	15140																												
99.541	12218	9074.0	68454	15146																												
99.563	12270	8945.0	67387	15584																												
99.584	12093	8925.0	67707	15170																												
99.604	12025	9147.0	67725	14991																												
99.625	12044	8939.0	67746	15724																												
99.646	11822	8950.0	67826	15205																												
99.666	12143	9097.0	67421	15630																												
99.687	12122	9224.0	69173	15469																												
99.709	11648	8974.0	67805	15372																												
99.729	12032	9020.0	66534	15770																												
99.750	11653	8920.0	68436	15702																												
99.771	12251	8791.0	67955	15442																												
99.791	11925	8880.0	68736	15573																												
99.812	11892	8909.0	67371	15509																												
99.834	12213	8725.0	68231	15376																												
99.854	11626	8904.0	68510	15875																												
99.875	12042	9234.0	67641	15685																												
99.896	12121	9102.0	67955	15481																												
99.916	11895	8734.0	68652	15718																												
99.938	11792	8808.0	67519	15339																												
99.959	12137	9100.0	67750	16008																												
99.979	11528	8894.0	67963	15673																												
100.00	12023	9008.0	67568	15666																												
100.02	12167	8917.0	67661	16316																												
100.04	11986	8669.0	67516	15658																												
100.06	12377	9126.0	67662	15665																												
100.08	11740	8968.0	68136	16122																												
100.10	12124	8962.0	67722	15324																												
100.13	12277	8911.0	67917	15725																												
100.15	12033	8840.0	68189	15472																												
100.17	12398	9019.0	68236	15567																												
100.19	12263	9128.0	68471	15999																												
100.21	12241	9082.0	67950	15096																												
100.23	12340	8767.0	68510	16049																												
100.25	11981	9141.0	68073	15761																												
100.27	12100	8947.0	67982	15724																												
100.29	12124	8821.0	67943	15877																												
100.31	12424	9032.0	68532	15612																												
100.33	12052	8924.0	67683	15600																												
100.35	12172	8728.0	68261	15427																												
100.38	12319	9236.0	68736	16040																												
100.40	12219	8973.0	67741	15738																												
100.42	12483	8760.0	68720	15956																												
100.44	12111	9007.0	67473	15832																												
100.46	12063	8958.0	68756	15811																												
100.48	12434	8882.0	67957	16031																												
100.50	12164	9403.0	67804	15642																												
100.52	12935	8485.0	67814	15754																												
100.54	12623	9108.0	68180	15640																												
100.56	12748	9383.0	68142	15959																												
100.58	12570	9206.0	67984	15843																												
100.60	12192	9063.0	66996	16039																												
100.63	12319	8912.0	67869	15824																												
100.65	12598	9046.0	68518	15553																												
100.67	12299	8910.0	68226	16190																												
100.69	12223	8916.0	68083	16083																												
100.71	12277	9028.0	67540	15889																												
100.73	12604	9137.0	67694	15918																												
100.75	12549	8652.0	68232	16385																												
100.77	12590	9376.0	67968	16146																												
100.79	12702	8800.0	68589	16448																												
100.81	12344	8977.0	68134	15801																												
100.83	12582	8818.0	68459	15928																												
100.85	12713	8794.0	68481	15718																												
100.88	12492	9286.0	67975	16687																												
100.90	12810	9070.0	67662	15863																												
100.92	12771	9223.0	67157	16181																												
100.94	12714	8951.0	68954	16041																												
100.96	12722	9351.0	69126	16180																												
100.98	12992	9085.0	68078	15845																												
101.00	12854	9014.0	67737	15932																												
101.02	12689	9316.0	68624	16079																												
101.04	13001	8812.0	68411	16359																												
101.06	12423	9067.0	68174	16197																												
101.08	12470	8935.0	68252	16403																												
101.10	12246	9125.0	67731	15873																												
101.13	12530	9020.0	67841	16279																												
101.15	12531	8914.0	68226	16482																												
101.17	12977	8918.0	67997	16565																												
101.19	12935	8954.0	68008	16239																												
101.21	12708	8974.0	68183	15615																												
101.23	12769	9226.0	68630	15935																												
101.25	12573	9094.0	68748	16612																												
101.27	12727	9029.0	67746	16518																												
101.29	13154	8891.0	68549	16216																												
101.31	12908	8893.0	68687	16040																												
101.33	12638	8744.0	68180	16488																												
101.35	12844	8980.0	67694	15925																												
101.38	12721	8930.0	68190	16391																												
101.40	12935	8870.0	68632	16100																												
101.42	13266	9025.0	67879	16049																												
101.44	12667	8847.0	68134	16247																												
101.46	12962	8751.0	68711	16241																												
101.48	12764	9227.0	67944	16458																												
101.50	13055	9001.0	67711	16499																												
101.52	12907	8994.0	68086	16301																												
101.54	13028	8884.0	68118	15904																												
101.56	13203	8987.0	67891	16413																												
101.58	12799	8715.0	68248	16692																												
101.60	12933	8990.0	68645	16030																												
101.62	12796	9419.0	68767	16665																												
101.65	12975	8954.0	67639	16448																												
101.67	12959	9013.0	67957	16418																												
101.69	13313	9259.0	68298	16262																												
101.71	13136	8867.0	67215	16225																												
101.73	13376	9094.0	67896	16512																												
101.75	12983	9096.0	67933	16466																												
101.77	13348	9212.0	68199	16589																												
101.79	13186	8822.0	68130	16787																												
101.81	13410	9387.0	67800	16393																												
101.83	13430	8907.0	68493	16292																												
101.85	13088	9148.0	67818	16557																												
101.88	13129	8927.0	68536	16585																												
101.90	13254	8876.0	67731	16507																												
101.92	13311	9063.0	67776	16125																												
101.94	13366	8819.0	68384	16618																												
101.96	13325	8865.0	67682	15980																												
101.98	13623	9018.0	67748	16419																												
102.00	13771	8900.0	68135	16783																												
102.02	13375	9159.0	67670	17044																												
102.04	13602	9123.0	67630	16716																												
102.06	13636	9217.0	68636	16456																												
102.08	13524	9046.0	66877	16524																												
102.10	13622	9355.0	67972	16245																												
102.13	13718	8816.0	67849	16747																												
102.15	13607	8863.0	68217	16853																												
102.17	13779	8980.0	68318	16866																												
102.19	13428	9044.0	68657	16624																												
102.21	13461	9056.0	66330	16376																												
102.23	13848	9181.0	68251	16930																												
102.25	13451	8961.0	69051	16689																												
102.27	13722	9107.0	68154	16721																												
102.29	13636	9071.0	68260	16753																												
102.31	13895	9132.0	68058	16799																												
102.33	13612	8925.0	68275	17167																												
102.35	13645	9192.0	67555	16922																												
102.38	14012	8993.0	67711	16672																												
102.40	13559	9449.0	67120	17025																												
102.42	13905	9188.0	68284	16627																												
102.44	13836	8981.0	68474	16857																												
102.46	14190	8917.0	67688	16419																												
102.48	13584	8827.0	68124	16732																												
102.50	14145	8802.0	68729	17146																												
102.52	13703	9033.0	67860	17279																												
102.54	14015	9014.0	67112	16900																												
102.56	13826	8961.0	68265	16792																												
102.58	14175	9081.0	68597	17215																												
102.60	13892	8840.0	67874	16737																												
102.62	14442	8970.0	67996	16904																												
102.65	14006	9072.0	67806	16833																												
102.67	14185	9198.0	67978	17096																												
102.69	13876	9133.0	68542	16676																												
102.71	14328	9163.0	67643	16956																												
102.73	14329	8972.0	67603	17167																												
102.75	14005	9297.0	67526	16726																												
102.77	14076	8962.0	67365	16922																												
102.79	14345	8679.0	68560	16938																												
102.81	13999	9127.0	68734	17216																												
102.83	14343	8966.0	67744	17085																												
102.85	14481	9117.0	68498	16802																												
102.88	14294	9125.0	67501	17326																												
102.90	14429	8957.0	67391	16995																												
102.92	14432	9063.0	68474	17199																												
102.94	14424	8852.0	68013	17299																												
102.96	14604	9260.0	67746	17092																												
102.98	14329	8903.0	67558	17135																												
103.00	14437	9158.0	68424	17516																												
103.02	14468	8879.0	68737	17323																												
103.04	14350	9134.0	68199	16993																												
103.06	14626	9274.0	67891	17297																												
103.08	14518	9269.0	67624	16907																												
103.10	14564	8925.0	68302	17536																												
103.13	14768	9045.0	68202	17354																												
103.15	14727	8820.0	67436	17266																												
103.17	14647	9033.0	68419	17513																												
103.19	14658	9084.0	68193	17523																												
103.21	14323	8999.0	67688	17523																												
103.23	14555	9064.0	67588	17194																												
103.25	14919	9300.0	67179	17171																												
103.27	15277	9330.0	68236	17336																												
103.29	14981	9021.0	66815	17102																												
103.31	14815	8961.0	67807	17218																												
103.33	14680	9496.0	67950	17782																												
103.35	14781	8986.0	67218	17491																												
103.38	14756	8956.0	67662	17514																												
103.40	15119	9033.0	67357	17747																												
103.42	14546	9076.0	68396	17268																												
103.44	15077	9291.0	67644	17263																												
103.46	15259	9219.0	67899	17235																												
103.48	14863	9249.0	68493	17841																												
103.50	15190	9400.0	67440	17179																												
103.52	15271	9011.0	68254	17282																												
103.54	14919	8888.0	68262	17339																												
103.56	15220	8966.0	68643	17515																												
103.58	15153	9107.0	67856	17224																												
103.60	15124	8994.0	68140	18015																												
103.63	15321	9351.0	68135	17403																												
103.65	15464	8928.0	68832	17818																												
103.67	15322	8754.0	67469	17431																												
103.69	15393	9346.0	67891	17474																												
103.71	15436	9568.0	68515	17596																												
103.73	15008	8953.0	67961	17977																												
103.75	15249	8927.0	68113	17364																												
103.77	15598	8825.0	68882	17667																												
103.79	16026	9121.0	68985	17373																												
103.81	15467	9005.0	67456	17660																												
103.83	15985	9366.0	67816	17833																												
103.85	15490	8954.0	68153	17547																												
103.87	15557	9038.0	68077	17853																												
103.90	15708	9032.0	67768	17521																												
103.92	15652	9176.0	68237	17719																												
103.94	15788	9124.0	67436	17956																												
103.96	15972	8751.0	68512	18073																												
103.98	16058	9057.0	68182	17788																												
104.00	15491	8912.0	67781	18012																												
104.02	15952	9256.0	67287	17571																												
104.04	15469	9166.0	68090	17342																												
104.06	16185	8793.0	67893	17587																												
104.08	16570	9071.0	67870	18037																												
104.10	16249	9104.0	68251	17606																												
104.13	15884	9202.0	67334	17983																												
104.15	16096	9062.0	68485	17427																												
104.17	16286	9132.0	67428	18013																												
104.19	15783	9318.0	67811	18031																												
104.21	16400	9070.0	68035	17599																												
104.23	16226	9012.0	68241	17416																												
104.25	16174	9048.0	68204	18030																												
104.27	16398	9300.0	67564	17712																												
104.29	16200	9109.0	68488	17938																												
104.31	16097	9169.0	67880	17899																												
104.33	16166	8996.0	68158	18061																												
104.35	16269	9126.0	68343	18341																												
104.38	16863	9216.0	68239	18540																												
104.40	16484	9371.0	68520	17979																												
104.42	16775	8975.0	67533	17834																												
104.44	16522	8928.0	68266	18465																												
104.46	16647	8987.0	67522	17680																												
104.48	16351	9169.0	68610	18172																												
104.50	16385	9056.0	68379	18637																												
104.52	16577	9303.0	68271	18233																												
104.54	16649	9149.0	68837	17799																												
104.56	16510	9012.0	68202	18305																												
104.58	16491	9254.0	68509	18153																												
104.60	16503	9336.0	67418	18630																												
104.63	17079	9121.0	67601	18682																												
104.65	17098	9069.0	68422	18413																												
104.67	16472	9102.0	68712	18362																												
104.69	16978	9306.0	67529	18596																												
104.71	16745	9179.0	67690	18539																												
104.73	16954	9004.0	68684	18752																												
104.75	17011	9108.0	66985	18300																												
104.77	17204	9230.0	67628	18205																												
104.79	17611	9068.0	68296	18492																												
104.81	16936	9194.0	68910	18349																												
104.83	17196	9362.0	68268	18392																												
104.85	17578	9039.0	67802	18492																												
104.88	17406	9229.0	68136	18650																												
104.90	17563	9314.0	68077	19059																												
104.92	17087	9306.0	68606	18994																												
104.94	17146	9154.0	67695	18501																												
104.96	17676	9271.0	68150	17891																												
104.98	17702	9255.0	67869	18854																												
105.00	17393	9218.0	67926	18307																												
105.02	17611	9314.0	67897	18699																												
105.04	17925	9258.0	67948	18676																												
105.06	17440	9129.0	67720	18799																												
105.08	18381	9216.0	67861	18747																												
105.10	18231	9097.0	67853	18592																												
105.13	18486	9147.0	67904	18831																												
105.15	17962	9323.0	67692	18532																												
105.17	18125	9378.0	68624	18924																												
105.19	18183	9347.0	67633	18837																												
105.21	17791	9347.0	67447	18730																												
105.23	18298	9544.0	68040	18729																												
105.25	17803	9113.0	67911	18853																												
105.27	18327	9558.0	68129	19083																												
105.29	18333	9231.0	68080	18818																												
105.31	18512	9128.0	67802	18704																												
105.33	18035	9229.0	68106	18908																												
105.35	18588	9100.0	68758	19008																												
105.38	18097	9227.0	67711	19137																												
105.40	18756	9315.0	67565	19259																												
105.42	19149	9298.0	68433	18850																												
105.44	18395	9362.0	67888	19263																												
105.46	18523	9393.0	68094	19120																												
105.48	18753	9416.0	67876	18634																												
105.50	18338	9520.0	67778	19530																												
105.52	18905	9015.0	68252	18951																												
105.54	18631	9606.0	67016	19434																												
105.56	19363	9678.0	68835	19236																												
105.58	18967	9656.0	68092	19147																												
105.60	19439	9174.0	67708	19077																												
105.63	18710	9494.0	67953	19079																												
105.65	18827	9146.0	67338	19596																												
105.67	19320	9062.0	68077	19062																												
105.69	19631	9260.0	68688	19814																												
105.71	19090	9752.0	67913	18687																												
105.73	19407	9326.0	67373	19685																												
105.75	18971	9192.0	68226	19188																												
105.77	19384	9361.0	67994	19309																												
105.79	20226	9061.0	67554	19145																												
105.81	19549	9501.0	68077	19596																												
105.83	19565	9344.0	68345	19333																												
105.85	19949	9364.0	68442	19605																												
105.88	19853	9399.0	67484	19242																												
105.90	19934	9228.0	68726	19642																												
105.92	19779	9366.0	68416	19312																												
105.94	19413	9325.0	67835	19498																												
105.96	20057	9377.0	68461	19219																												
105.98	20070	9226.0	69006	19553																												
106.00	20022	8964.0	68219	19629																												
106.02	19647	9295.0	68425	19737																												
106.04	19970	9180.0	67625	19910																												
106.06	20245	9276.0	67045	19799																												
106.08	20446	9090.0	67706	19764																												
106.10	20683	9508.0	67873	19722																												
106.13	20255	9372.0	67588	19233																												
106.15	20056	9030.0	68862	19671																												
106.17	20401	9301.0	68129	19105																												
106.19	20501	9217.0	67988	19466																												
106.21	20835	9324.0	68335	19778																												
106.23	20181	9121.0	67570	19692																												
106.25	20908	9351.0	67945	20042																												
106.27	20715	9087.0	67720	20014																												
106.29	21384	9245.0	68841	19676																												
106.31	20911	8994.0	68346	19538																												
106.33	21173	9512.0	67788	19859																												
106.35	20548	9193.0	67800	19760																												
106.38	21283	9102.0	68474	20133																												
106.40	21030	9534.0	68134	20117																												
106.42	21522	9332.0	67619	20166																												
106.44	21305	9762.0	68202	20416																												
106.46	21779	9193.0	67716	20263																												
106.48	21320	9076.0	68289	20126																												
106.50	21552	9319.0	67862	19942																												
106.52	21654	9798.0	67699	20260																												
106.54	21685	9529.0	68393	20127																												
106.56	21482	9234.0	67551	20367																												
106.58	21573	9553.0	67634	20496																												
106.60	22279	9475.0	68255	20381																												
106.63	22301	9537.0	68354	20357																												
106.65	22087	9447.0	69175	20192																												
106.67	22196	9618.0	67851	20254																												
106.69	22214	9394.0	68836	20602																												
106.71	22255	9219.0	67757	20621																												
106.73	22062	9165.0	68201	20084																												
106.75	22268	9450.0	68207	20826																												
106.77	22665	9184.0	68256	20940																												
106.79	22711	9628.0	67375	20694																												
106.81	22412	9408.0	67728	20633																												
106.83	22898	9151.0	67858	20182																												
106.85	22924	9385.0	68720	20866																												
106.88	22937	9494.0	67764	20079																												
106.90	22770	9516.0	68504	20621																												
106.92	22970	9182.0	68362	20758																												
106.94	23493	9580.0	68544	20847																												
106.96	23981	9385.0	68282	20585																												
106.98	23620	9526.0	67753	20808																												
107.00	23398	9560.0	68044	20806																												
107.02	23414	9505.0	68723	20866																												
107.04	23451	9491.0	67776	21640																												
107.06	23471	9524.0	67658	20912																												
107.08	23994	9455.0	67014	20678																												
107.10	24081	9344.0	68276	21134																												
107.13	23915	9559.0	67301	21538																												
107.15	23747	9535.0	68230	21389																												
107.17	23463	9526.0	67674	21525																												
107.19	24206	9480.0	68432	21391																												
107.21	24303	9300.0	68797	21473																												
107.23	24513	9695.0	68120	20973																												
107.25	24731	9223.0	68233	21209																												
107.27	24815	9734.0	67696	21396																												
107.29	24570	9732.0	68704	21058																												
107.31	24336	9564.0	67922	21183																												
107.33	25337	9367.0	68630	21081																												
107.35	24531	9443.0	67348	21593																												
107.38	24900	9568.0	68776	21503																												
107.40	25394	9438.0	69027	21266																												
107.42	25471	9420.0	68423	20964																												
107.44	24556	9365.0	68633	21933																												
107.46	25880	9333.0	68326	21660																												
107.48	25723	9668.0	68157	21954																												
107.50	25496	9185.0	68548	21640																												
107.52	25461	9409.0	68665	21673																												
107.54	26026	9555.0	68119	21764																												
107.56	25921	9775.0	68524	21077																												
107.58	26304	9548.0	68228	22240																												
107.60	25836	9890.0	67542	22123																												
107.63	25384	9555.0	67710	22250																												
107.65	26258	9611.0	67203	21662																												
107.67	26812	9771.0	67981	21702																												
107.69	26301	9912.0	67981	21539																												
107.71	26650	9324.0	68585	21880																												
107.73	26973	9590.0	67329	22739																												
107.75	26807	9767.0	68188	22136																												
107.77	27947	9577.0	67739	22210																												
107.79	27532	9695.0	67133	22724																												
107.81	27438	9638.0	67531	21412																												
107.83	27160	9457.0	68088	22313																												
107.85	27972	9439.0	67819	22139																												
107.87	27389	9527.0	68315	23114																												
107.90	27557	9821.0	67512	22223																												
107.92	27711	9557.0	68405	22760																												
107.94	27661	9484.0	68070	22823																												
107.96	28549	9788.0	67675	22898																												
107.98	28239	9792.0	67943	22994																												
108.00	28150	9735.0	67567	22379																												
108.02	29236	9840.0	68370	22574																												
108.04	28640	9490.0	67451	22314																												
108.06	28827	9683.0	67898	22613																												
108.08	28707	9514.0	68164	22658																												
108.10	28843	10017	68630	22094																												
108.13	29028	9847.0	67702	22594																												
108.15	29253	9678.0	67924	22958																												
108.17	29527	9815.0	67563	23077																												
108.19	28754	9819.0	67898	22717																												
108.21	29286	9760.0	67365	22954																												
108.23	29898	9615.0	67531	23479																												
108.25	29421	9839.0	67451	22689																												
108.27	29716	9664.0	68911	23572																												
108.29	30472	9697.0	67463	23047																												
108.31	30211	9895.0	68154	23292																												
108.33	30379	9869.0	67782	23387																												
108.35	30312	10102	68159	23607																												
108.38	30452	9976.0	68917	23479																												
108.40	31375	9888.0	68297	23402																												
108.42	30767	9913.0	67859	23454																												
108.44	31048	9392.0	67952	23428																												
108.46	30954	9662.0	68238	23627																												
108.48	31164	9952.0	68044	23404																												
108.50	31480	9847.0	68586	23207																												
108.52	31271	10247	68458	23114																												
108.54	31139	9730.0	68120	24496																												
108.56	31954	9953.0	68136	23207																												
108.58	32108	10166	68146	23521																												
108.60	32130	9650.0	68842	23233																												
108.63	31848	10088	67554	23932																												
108.65	31975	10024	68461	23774																												
108.67	32605	10018	67333	23786																												
108.69	32317	10275	67298	24413																												
108.71	32279	10210	68115	24067																												
108.73	32663	9893.0	67433	24554																												
108.75	32721	9640.0	68855	24617																												
108.77	32568	9969.0	67588	23927																												
108.79	33201	10296	68273	24662																												
108.81	33895	10069	67650	24166																												
108.83	33835	9938.0	67961	23656																												
108.85	33623	9964.0	67744	24368																												
108.87	34319	10221	67527	24113																												
108.90	34036	10154	67503	24386																												
108.92	34014	9652.0	66542	24547																												
108.94	33990	10003	69030	24587																												
108.96	34966	10355	68218	24435																												
108.98	34623	9970.0	67305	24416																												
109.00	35146	10240	67398	24651																												
109.02	34743	9976.0	67606	24691																												
109.04	34863	10108	68233	24596																												
109.06	35515	10235	68044	24931																												
109.08	35452	9844.0	67723	24598																												
109.10	35637	10107	67565	24576																												
109.13	35649	10238	68190	25373																												
109.15	35641	10006	67903	25075																												
109.17	35435	10259	67886	25259																												
109.19	35710	10360	67603	25610																												
109.21	36166	10505	67642	25258																												
109.23	36782	10428	67228	25105																												
109.25	36615	10324	67393	25817																												
109.27	36694	10083	68252	25996																												
109.29	36543	10397	68232	25745																												
109.31	37640	10386	68335	25846																												
109.33	37278	10120	67220	25818																												
109.35	37493	10442	69042	25232																												
109.38	37931	10525	67517	25723																												
109.40	37942	10412	68122	25847																												
109.42	37864	10709	67421	25491																												
109.44	38161	10343	67303	25757																												
109.46	38530	10392	68070	25608																												
109.48	37844	10526	68456	25570																												
109.50	38364	10736	68182	25958																												
109.52	38806	10166	67528	26023																												
109.54	38385	10302	67277	25883																												
109.56	39109	10350	67119	26221																												
109.58	38738	10480	68058	25953																												
109.60	39140	10434	67956	26071																												
109.63	39339	10477	66920	26511																												
109.65	39071	10577	68563	26069																												
109.67	39300	10409	68116	26262																												
109.69	39264	10794	67038	26920																												
109.71	40147	10464	67881	26284																												
109.73	40095	10696	67498	27058																												
109.75	39995	11064	67359	26551																												
109.77	40248	10918	66923	26556																												
109.79	40675	10827	68024	27016																												
109.81	40990	11017	67956	26873																												
109.83	40990	10521	66892	26801																												
109.85	41189	10763	67783	26339																												
109.88	42159	11052	68538	26852																												
109.90	41292	10958	67362	27067																												
109.92	41950	10961	67431	27287																												
109.94	41481	10749	68066	26727																												
109.96	42273	11230	68298	26468																												
109.98	41812	10980	67827	27442																												
110.00	42369	10944	68391	27009																												
110.02	42004	11046	67249	27237																												
110.04	42315	10901	67526	27274																												
110.06	42615	10933	67382	27881																												
110.08	43197	11257	68402	27328																												
110.10	43635	10929	68044	27769																												
110.12	42792	11123	68338	27645																												
110.15	42520	11018	67732	28176																												
110.17	43564	11041	68206	27933																												
110.19	43499	10930	67680	27663																												
110.21	43240	11033	69338	27758																												
110.23	43439	11211	68442	28223																												
110.25	44325	11088	67401	28163																												
110.27	44296	11135	68100	28215																												
110.29	44662	11224	69022	28220																												
110.31	45065	11237	67132	27744																												
110.33	44891	11120	67291	27985																												
110.35	44145	11317	67954	28771																												
110.38	45035	11192	68496	28703																												
110.40	45058	11446	67913	28564																												
110.42	46207	11712	67561	28338																												
110.44	45991	11446	67816	28507																												
110.46	45403	11556	67609	28593																												
110.48	45786	11271	67952	29025																												
110.50	45328	10970	67195	28665																												
110.52	45292	11349	68532	28497																												
110.54	45871	11247	68559	29171																												
110.56	46142	11397	67558	28972																												
110.58	45562	11429	67118	29194																												
110.60	46282	11794	67493	29360																												
110.63	46083	11471	68136	28702																												
110.65	46378	11262	67836	29425																												
110.67	46736	11684	67997	29537																												
110.69	47353	11749	67428	29495																												
110.71	46881	11520	67312	29837																												
110.73	47485	11811	68366	29514																												
110.75	47719	11697	67257	30068																												
110.77	47561	11429	69228	29534																												
110.79	48005	11552	68445	30377																												
110.81	47176	11602	67664	29862																												
110.83	47134	11636	67295	29609																												
110.85	47582	11621	67904	29930																												
110.88	46772	11594	66957	30080																												
110.90	48200	11282	68088	29997																												
110.92	47101	11878	66917	30607																												
110.94	47839	11718	67491	30213																												
110.96	48497	11644	67751	30251																												
110.98	47989	11571	67584	30548																												
111.00	48644	11674	68310	30983																												
111.02	48263	11862	69374	30406																												
111.04	49654	11966	68028	30226																												
111.06	48399	11625	68197	30973																												
111.08	48559	11763	68575	30760																												
111.10	48705	11575	68081	31141																												
111.13	49538	11382	68271	31474																												
111.15	49104	11795	67621	30917																												
111.17	48993	11696	68617	31121																												
111.19	49985	11954	68610	31360																												
111.21	49733	11771	68490	31086																												
111.23	50407	12429	67839	31315																												
111.25	50293	11952	67464	30793																												
111.27	50599	11882	69115	31609																												
111.29	49173	11995	67743	32112																												
111.31	49992	11768	68357	31734																												
111.33	50043	11899	67149	32871																												
111.35	50033	12070	68079	32648																												
111.38	50594	11621	67934	32525																												
111.40	50284	12078	67326	32833																												
111.42	49872	11968	68638	32210																												
111.44	49802	12317	68114	32200																												
111.46	50451	11738	67480	32582																												
111.48	51265	12141	68257	32687																												
111.50	50002	11866	67097	32907																												
111.52	50031	11955	67951	33813																												
111.54	51001	12047	67350	33779																												
111.56	51029	12188	69041	33461																												
111.58	50730	11999	68139	34252																												
111.60	50366	12407	67467	33062																												
111.63	50829	12266	67392	33661																												
111.65	51273	12363	67826	33520																												
111.67	51620	12269	68345	33467																												
111.69	51315	12373	68099	34320																												
111.71	51268	11960	67817	33546																												
111.73	50351	12149	67969	33178																												
111.75	51439	12748	67942	34540																												
111.77	51065	12208	67647	34486																												
111.79	51891	11983	67687	34248																												
111.81	50728	12325	67776	34670																												
111.83	51171	12722	67847	34843																												
111.85	51977	12580	67901	35047																												
111.88	51066	12620	68594	35188																												
111.90	51631	12693	68456	34999																												
111.92	51647	12748	66954	35760																												
111.94	51730	12544	67385	35308																												
111.96	51848	12575	67467	35562																												
111.98	51884	12945	67486	36160																												
112.00	51837	12574	68159	35931																												
112.02	52576	13027	67399	35878																												
112.04	51321	12437	67799	36780																												
112.06	51802	12432	67971	36321																												
112.08	51941	12895	68356	37074																												
112.10	51606	12992	66884	36744																												
112.13	52323	12441	66453	36893																												
112.15	52690	12666	67044	36956																												
112.17	52515	12641	67497	37451																												
112.19	52294	13035	67550	37706																												
112.21	52682	13259	67945	37165																												
112.23	51878	12610	68733	37739																												
112.25	52328	13099	67995	37757																												
112.27	51981	13179	67284	37518																												
112.29	52580	13082	68122	38273																												
112.31	52939	13297	67816	38215																												
112.33	51051	13360	68311	38248																												
112.35	52437	13380	67735	38460																												
112.38	52918	12787	66768	38218																												
112.40	52278	12997	67326	38977																												
112.42	52514	13092	68138	39369																												
112.44	52680	12945	68646	38901																												
112.46	53009	13286	68546	39614																												
112.48	52793	12856	67744	39473																												
112.50	51664	13651	67681	39833																												
112.52	53005	13357	68096	39924																												
112.54	53128	13505	67870	40543																												
112.56	52749	13395	67133	41366																												
112.58	52198	13583	67706	41202																												
112.60	53191	13360	68668	41189																												
112.63	51929	13832	67599	41101																												
112.65	52579	13652	68257	41608																												
112.67	52547	13474	67290	41949																												
112.69	51935	13408	67740	41602																												
112.71	53137	13632	67508	43244																												
112.73	53113	13903	67311	43624																												
112.75	52326	13798	67863	42571																												
112.77	52889	13598	67635	42745																												
112.79	52799	13751	67650	43903																												
112.81	52758	13846	67394	43969																												
112.83	52703	14222	67335	43366																												
112.85	52353	14012	67853	44222																												
112.88	52644	14467	66775	43623																												
112.90	52542	14362	67256	45580																												
112.92	53207	14312	67273	44673																												
112.94	53095	14568	67507	45506																												
112.96	53042	14230	68986	45026																												
112.98	52900	14494	67286	45156																												
113.00	53067	14428	67521	45641																												
113.02	53275	14729	68004	46587																												
113.04	52426	14605	66707	45758																												
113.06	52209	14362	67945	46804																												
113.08	52819	14522	66857	47151																												
113.10	53184	15001	68203	48079																												
113.13	52973	14867	68554	48567																												
113.15	53240	14493	68169	48401																												
113.17	53145	14279	68105	48840																												
113.19	53089	14752	67491	49007																												
113.21	52853	14416	67090	49758																												
113.23	53483	15072	67928	49660																												
113.25	53704	15044	67680	50392																												
113.27	53173	14922	67364	51732																												
113.29	53804	15411	66880	50697																												
113.31	53155	15106	67491	50418																												
113.33	53345	14977	68031	51420																												
113.35	53955	15348	68070	52302																												
113.38	54319	14932	67874	52140																												
113.40	53608	15382	67795	52125																												
113.42	53311	15616	67541	52144																												
113.44	52907	15423	68085	52684																												
113.46	52873	15715	67615	53484																												
113.48	53196	15694	67605	53675																												
113.50	53215	15808	68060	53879																												
113.52	53585	15530	68017	53860																												
113.54	52674	15910	67041	54424																												
113.56	54051	16065	67728	55091																												
113.58	53323	15934	67976	54434																												
113.60	53314	16433	68160	54388																												
113.63	51768	16382	67017	54889																												
113.65	53609	15879	67344	54316																												
113.67	55227	16164	67649	55083																												
113.69	53308	15902	67413	54593																												
113.71	53539	16656	67629	55798																												
113.73	53662	16288	67797	55686																												
113.75	52326	16002	68045	54576																												
113.77	53912	16089	68056	56140																												
113.79	53762	16898	67388	56287																												
113.81	53452	16853	68733	56558																												
113.83	53160	16557	67696	56905																												
113.85	52708	16954	68177	56792																												
113.88	53468	16570	67216	56747																												
113.90	53299	16340	67715	56640																												
113.92	53297	16529	68488	57599																												
113.94	54003	16449	67934	57664																												
113.96	54394	16604	66815	57609																												
113.98	54229	16859	67279	57209																												
114.00	53916	17142	67915	57020																												
114.02	54121	16660	68082	57333																												
114.04	53563	16642	67345	57750																												
114.06	53564	16128	67620	57976																												
114.08	53921	16686	67934	56134																												
114.10	53442	16823	67773	58620																												
114.12	53687	16044	68335	57207																												
114.15	54107	16469	67164	58170																												
114.17	53732	16690	67885	57550																												
114.19	53138	16179	67981	58817																												
114.21	53507	16302	67425	57960																												
114.23	54369	16464	67753	57519																												
114.25	54214	16532	67167	58179																												
114.27	53747	16661	67263	56872																												
114.29	53239	16842	68499	58040																												
114.31	53610	16283	67607	57863																												
114.33	53792	16702	67494	57741																												
114.35	53444	17090	67183	57730																												
114.38	53728	16646	67657	56839																												
114.40	53288	16838	67744	57317																												
114.42	54089	16743	67108	58332																												
114.44	53051	16488	68188	56925																												
114.46	52459	16440	67793	57977																												
114.48	53914	16489	67595	57636																												
114.50	52974	16509	66950	57346																												
114.52	53853	16583	67395	57727																												
114.54	53633	16242	68031	56980																												
114.56	53296	16993	66630	56447																												
114.58	53152	16316	67720	57641																												
114.60	53695	16836	66990	56400																												
114.63	54841	16264	68097	56560																												
114.65	53086	16419	66943	56678																												
114.67	53374	16933	67526	57353																												
114.69	54288	16418	68144	56491																												
114.71	53873	16297	67599	56838																												
114.73	53118	16961	67378	56762																												
114.75	54219	16757	66514	56199																												
114.77	53585	17262	68021	56592																												
114.79	53802	16999	67805	57200																												
114.81	53842	16669	68039	56394																												
114.83	54026	16745	67241	56392																												
114.85	53436	17055	67435	57292																												
114.88	53598	17311	67835	54778																												
114.90	54519	17077	67920	55770																												
114.92	54542	17155	67749	55791																												
114.94	53491	17423	68274	55713																												
114.96	53796	17039	67526	56713																												
114.98	53443	17352	68807	55922																												
115.00	54129	17023	67077	55634																												
115.02	53922	16916	67268	55761																												
115.04	53688	16943	67064	56527																												
115.06	53223	16939	68043	56602																												
115.08	53529	17490	67519	55656																												
115.10	53597	17071	67222	55590																												
115.12	53399	17741	67260	56128																												
115.15	53785	17703	67294	55243																												
115.17	54499	17019	68234	55150																												
115.19	52895	17229	67174	55567																												
115.21	53956	17690	68663	56732																												
115.23	52462	17827	67342	55272																												
115.25	53750	17358	67316	55238																												
115.27	53584	17859	67571	55940																												
115.29	53394	17794	67654	56296																												
115.31	53478	18174	67525	55239																												
115.33	53373	17971	67222	54526																												
115.35	53397	18534	67380	55214																												
115.38	53515	18352	68617	56424																												
115.40	53720	17831	67854	55611																												
115.42	54061	18859	66756	54998																												
115.44	52908	18923	67137	54861																												
115.46	53594	18772	67621	56122																												
115.48	54259	18874	68128	56070																												
115.50	53692	18761	67385	55808																												
115.52	53224	18751	68104	55442																												
115.54	53954	19072	67149	54477																												
115.56	53250	19019	67331	55309																												
115.58	54089	19300	66984	54931																												
115.60	53491	19593	68418	54648																												
115.63	54102	19962	67833	54381																												
115.65	53913	19589	67202	54806																												
115.67	53819	19747	67259	54759																												
115.69	53681	20347	66913	54739																												
115.71	53499	19912	67361	54358																												
115.73	54546	20468	66689	54744																												
115.75	53236	20538	67721	54393																												
115.77	54358	20977	67364	54980																												
115.79	53111	20850	68363	53928																												
115.81	54301	20768	67024	53584																												
115.83	53322	20936	67591	55511																												
115.85	54328	21482	67934	53501																												
115.88	53190	21660	67068	55258																												
115.90	53592	21637	67105	53522																												
115.92	54370	21876	68324	53652																												
115.94	53302	22406	67133	53085																												
115.96	53895	21952	67130	54384																												
115.98	53258	22910	67783	52532																												
116.00	53624	23225	67550	53378																												
116.02	53065	22342	67142	53986																												
116.04	52849	23396	67818	53617																												
116.06	52554	23412	67825	53700																												
116.08	53634	23468	66986	52965																												
116.10	53779	23552	68071	52903																												
116.13	53163	24183	67517	54020																												
116.15	53611	23841	67298	53571																												
116.17	53762	24153	67963	53925																												
116.19	53302	24645	67688	52928																												
116.21	53636	24834	68054	52643																												
116.23	53028	24913	67734	52902																												
116.25	53717	25215	67167	52684																												
116.27	53617	25491	67683	53369																												
116.29	53705	25654	67348	52662																												
116.31	52727	26292	67714	52898																												
116.33	53648	25668	67112	52619																												
116.35	53541	26065	66528	53009																												
116.37	52822	26737	67209	52742																												
116.40	53819	26641	67373	53092																												
116.42	53722	26310	66785	52763																												
116.44	53355	26966	67739	53190																												
116.46	53870	26959	68396	53331																												
116.48	53897	27447	67551	52579																												
116.50	53297	26988	68297	52816																												
116.52	53835	27462	67897	52507																												
116.54	53346	27641	67618	52091																												
116.56	54488	27483	66975	53215																												
116.58	53377	27786	67593	52332																												
116.60	53864	27876	67577	52710																												
116.63	53635	28288	66985	52535																												
116.65	53930	27974	67548	51800																												
116.67	53716	27608	67009	51323																												
116.69	53441	28505	67665	52056																												
116.71	53393	28615	67084	51419																												
116.73	53111	28605	67456	51748																												
116.75	53348	29339	67190	51757																												
116.77	53106	29154	67649	51414																												
116.79	53811	29078	66819	51671																												
116.81	54396	29393	67066	52288																												
116.83	54395	29298	67516	51409																												
116.85	53165	29737	67076	51847																												
116.88	52888	29320	67003	52237																												
116.90	53713	29767	66880	50597																												
116.92	53887	29685	67241	51705																												
116.94	52967	29812	67479	51580																												
116.96	54017	29905	68041	51288																												
116.98	53397	29571	66715	51319																												
117.00	53515	29453	67398	50808																												
117.02	53557	29600	66969	51742																												
117.04	53207	29445	67254	51127																												
117.06	53261	30052	67250	51786																												
117.08	53069	30521	67359	52262																												
117.10	53746	30055	67122	51526																												
117.13	53070	30311	67701	51569																												
117.15	53611	30401	67825	51488																												
117.17	53281	29908	66740	51881																												
117.19	53830	30196	67347	50188																												
117.21	54576	30473	67674	51970																												
117.23	52869	31050	67190	51057																												
117.25	53081	30127	67932	52456																												
117.27	53524	30462	66711	51675																												
117.29	53317	30803	67544	51613																												
117.31	53929	30347	67622	51253																												
117.33	52925	30837	66936	50605																												
117.35	53295	31034	68998	51215																												
117.38	53597	30770	68071	50373																												
117.40	53821	30958	67150	51276																												
117.42	53261	31236	67792	51555																												
117.44	52752	30824	67361	51099																												
117.46	53316	31216	67839	51474																												
117.48	54059	31412	67898	50575																												
117.50	53493	31234	66849	50864																												
117.52	53736	31151	67667	49956																												
117.54	53529	31285	67178	50265																												
117.56	53130	30283	67588	50848																												
117.58	53498	30808	66880	50359																												
117.60	52781	31126	67287	50760																												
117.63	54034	30861	66958	49773																												
117.65	53246	31304	67145	49873																												
117.67	53155	31994	67219	50732																												
117.69	53100	31194	66588	49531																												
117.71	53982	30512	66768	50844																												
117.73	53459	31005	66781	49774																												
117.75	53553	31638	67737	50480																												
117.77	53900	31317	67400	51221																												
117.79	53147	32111	66757	51526																												
117.81	53141	31859	66542	50693																												
117.83	53750	31115	67134	51142																												
117.85	52892	31465	66962	50198																												
117.88	53039	32356	66867	50410																												
117.90	54079	31312	67015	51523																												
117.92	53677	31076	67318	50599																												
117.94	52782	31173	67227	50363																												
117.96	53430	31288	66662	51367																												
117.98	53568	32130	66801	50234																												
118.00	53646	31993	67004	50669																												
118.02	53096	31532	66940	49829																												
118.04	53119	31738	67733	50942																												
118.06	52834	31408	68164	50164																												
118.08	52702	31725	66712	51117																												
118.10	53421	31979	66539	50501																												
118.13	53293	31529	66490	50243																												
118.15	53106	32081	66742	50155																												
118.17	52477	32330	67160	50293																												
118.19	53324	32265	66084	50567																												
118.21	53224	32072	67128	50285																												
118.23	53323	31560	65984	50593																												
118.25	53840	31778	66719	51299																												
118.27	53516	32172	67396	50177																												
118.29	52940	32181	67209	51077																												
118.31	53053	32147	68178	50074																												
118.33	53700	31843	67405	50118																												
118.35	53607	32322	66305	51172																												
118.38	52791	31981	67212	51469																												
118.40	53721	31936	67659	50513																												
118.42	53363	32372	66916	49970																												
118.44	53744	32407	67317	50227																												
118.46	53844	32970	66837	49683																												
118.48	53471	32482	66563	50283																												
118.50	53294	32567	67251	49632																												
118.52	52949	32028	66115	49946																												
118.54	54200	32012	67908	49496																												
118.56	53487	32365	66980	49445																												
118.58	54102	32339	66986	49325																												
118.60	54107	32405	67952	49508																												
118.63	53550	32285	66521	49819																												
118.65	53484	32732	67711	50020																												
118.67	53545	32817	67035	50010																												
118.69	53544	32277	67508	49061																												
118.71	52483	31863	67735	49873																												
118.73	53388	32262	66729	50222																												
118.75	52685	32873	66804	50623																												
118.77	53652	32944	67152	50706																												
118.79	53566	33136	67588	49007																												
118.81	53686	32134	66900	49877																												
118.83	53559	32841	67317	48799																												
118.85	53192	32463	67251	50072																												
118.88	53265	32556	67510	49659																												
118.90	54115	32636	66802	49748																												
118.92	53578	32633	67079	48871																												
118.94	53648	32435	66709	49305																												
118.96	53766	32554	68064	49519																												
118.98	52679	32969	66911	49106																												
119.00	52323	32268	67170	49375																												
119.02	53996	32635	66909	49498																												
119.04	53618	32428	67029	49478																												
119.06	53644	32710	66602	49890																												
119.08	53696	32087	67460	49151																												
119.10	53316	32874	67047	49659																												
119.13	53541	33050	66543	48383																												
119.15	53479	33476	67083	49383																												
119.17	53813	32575	67059	50373																												
119.19	53911	32247	67350	49131																												
119.21	53823	32706	67374	48897																												
119.23	53669	32609	66561	49311																												
119.25	52696	32499	67495	48804																												
119.27	53154	32597	66816	49302																												
119.29	53070	32611	67498	48808																												
119.31	53386	33237	67195	49274																												
119.33	53044	32581	67303	48964																												
119.35	52816	33076	67126	47987																												
119.38	53578	32746	67652	49267																												
119.40	53573	32100	66414	48852																												
119.42	53418	32218	66899	48492																												
119.44	53046	32471	66203	48947																												
119.46	52825	32506	67153	49593																												
119.48	52412	32990	66781	49629																												
119.50	52771	32132	66685	49794																												
119.52	52471	32699	66129	49526																												
119.54	53285	31928	67466	49314																												
119.56	53213	32575	66671	48597																												
119.58	54113	32538	66966	49728																												
119.60	53586	32837	66960	49297																												
119.63	54086	32444	66726	48769																												
119.65	54187	32620	67336	48324																												
119.67	53444	33028	66623	48827																												
119.69	53278	32746	66887	49360																												
119.71	54015	32732	67656	49029																												
119.73	53260	32985	66342	49160																												
119.75	53197	32788	66370	49931																												
119.77	52169	32946	66826	50157																												
119.79	54155	33260	66419	49314																												
119.81	53580	32334	66839	49306																												
119.83	52424	33104	66294	49376																												
119.85	53765	32444	66466	49037																												
119.88	52742	33132	66787	48762																												
119.90	53316	32493	68888	49445																												
119.92	53385	32646	67718	48640																												
119.94	53911	32785	67325	49697																												
119.96	53464	33243	67350	49655																												
119.98	53106	33051	67159	49272																												
120.00	53314	33003	67550	49331																												
120.02	53114	32474	65639	49158																												
120.04	53485	33142	67423	48930																												
120.06	53177	32825	66722	49692																												
120.08	53685	32032	67478	48765																												
120.10	53215	32950	67795	49347																												
120.13	53123	32508	66640	48958																												
120.15	53120	33204	66806	48893																												
120.17	53452	33274	67375	48882																												
120.19	52558	32582	66897	49144																												
120.21	53460	33354	67667	49334																												
120.23	53261	33153	66422	48883																												
120.25	53781	33402	66974	49261																												
120.27	53106	32555	67490	48528																												
120.29	53045	33755	66276	48146																												
120.31	52868	33286	66605	48003																												
120.33	53301	32736	66292	49629																												
120.35	53313	33704	67266	48233																												
120.37	52385	33638	66588	49027																												
120.40	53182	32876	67336	49235																												
120.42	52844	33764	67024	48984																												
120.44	52684	34017	65544	48500																												
120.46	53034	33040	67510	49285																												
120.48	52482	32879	66146	48737																												
120.50	53360	32347	66344	48703																												
120.52	52701	33113	66424	48291																												
120.54	52834	32738	66392	48607																												
120.56	52897	32661	67002	49220																												
120.58	53060	33636	65696	48525																												
120.60	54048	33206	67074	48647																												
120.63	52261	33463	66776	48413																												
120.65	52904	33153	65966	48805																												
120.67	53123	33482	66678	49200																												
120.69	53632	33192	66841	49248																												
120.71	53415	33307	67081	48586																												
120.73	53086	33476	66766	49237																												
120.75	53695	33854	67455	49158																												
120.77	52963	32457	66552	49592																												
120.79	52636	33379	66382	49728																												
120.81	53989	33200	66605	48435																												
120.83	53177	33517	66897	49144																												
120.85	53808	32951	67325	49759																												
120.88	53019	33239	67194	49067																												
120.90	52409	33208	67077	49664																												
120.92	53416	33365	68065	49497																												
120.94	53225	33263	67541	49926																												
120.96	52830	32946	67032	49504																												
120.98	53243	33970	66938	49978																												
121.00	53047	33467	67057	49146																												
121.02	52671	33332	66635	49403																												
121.04	52605	33100	67062	49506																												
121.06	52971	33120	67286	50285																												
121.08	53250	33370	67462	49071																												
121.10	52375	32629	67030	49775																												
121.13	53244	33342	66933	50719																												
121.15	52341	33629	66280	49992																												
121.17	53235	33066	66722	49709																												
121.19	53524	33280	66740	49466																												
121.21	53131	33569	67112	49820																												
121.23	53238	34223	67425	50176																												
121.25	52223	33060	67057	49855																												
121.27	53239	33587	66666	49834																												
121.29	53315	33835	66544	49940																												
121.31	53810	33215	67311	49189																												
121.33	53238	32838	66899	49579																												
121.35	53190	33306	67409	49613																												
121.37	52815	33603	66680	49329																												
121.40	52966	33661	66609	49240																												
121.42	52890	33210	66363	48720																												
121.44	52730	33431	66752	48380																												
121.46	52670	33363	66254	48742																												
121.48	52927	33486	66864	49166																												
121.50	54154	33565	65735	48647																												
121.52	53225	33569	66718	47826																												
121.54	53166	33374	66267	47767																												
121.56	52552	33683	66945	48670																												
121.58	53057	33491	66850	48469																												
121.60	52510	33359	66087	48520																												
121.63	53270	33698	66881	47834																												
121.65	52314	33647	66226	47899																												
121.67	53276	33602	66355	48410																												
121.69	53105	33435	66063	48922																												
121.71	52544	33246	66790	47584																												
121.73	53619	33115	67257	47247																												
121.75	51875	33636	68072	47966																												
121.77	53196	33721	66994	47719																												
121.79	52700	33404	66711	47330																												
121.81	53314	33611	67151	48075																												
121.83	53508	33454	66501	48737																												
121.85	52656	34054	66896	48831																												
121.88	52980	33972	67187	47090																												
121.90	52685	33359	67007	47919																												
121.92	53108	33387	66375	47005																												
121.94	51988	34010	66270	47638																												
121.96	53080	33760	67738	47643																												
121.98	53302	33333	66713	48114																												
122.00	52808	33849	66447	47376																												
122.02	52869	33982	67675	47640																												
122.04	52592	33464	66514	47425																												
122.06	53519	33900	66484	47043																												
122.08	52819	33801	67346	47665																												
122.10	53285	34003	66176	48068																												
122.13	52979	33424	66342	47647																												
122.15	53118	33981	66673	48199																												
122.17	53278	33799	66011	48036																												
122.19	52777	33941	66811	48639																												
122.21	52288	33586	67550	49132																												
122.23	52067	33337	67301	48048																												
122.25	52526	33161	65835	48692																												
122.27	51789	33190	67292	47708																												
122.29	52871	33774	65928	47684																												
122.31	52508	33752	66936	48765																												
122.33	53392	34174	66917	48588																												
122.35	53138	33712	66205	49276																												
122.38	53140	33092	66384	49127																												
122.40	52584	34166	66378	47708																												
122.42	53585	33716	66250	48799																												
122.44	52390	33807	67175	47926																												
122.46	52356	33610	66304	49097																												
122.48	53218	33962	66844	48214																												
122.50	52897	34417	66842	49072																												
122.52	52715	33148	66014	48643																												
122.54	52620	33966	67239	48506																												
122.56	51953	33790	65997	49366																												
122.58	52854	33818	67167	48751																												
122.60	52561	34098	67225	48099																												
122.62	51524	33636	66807	48004																												
122.65	52665	34731	66374	48159																												
122.67	52486	33701	66292	49072																												
122.69	52673	33965	66832	48732																												
122.71	52239	33222	67377	47942																												
122.73	52529	34212	66502	48414																												
122.75	52318	33408	66941	49086																												
122.77	53497	34232	65670	49071																												
122.79	53061	33945	67255	49142																												
122.81	52658	33337	66854	49554																												
122.83	53104	34186	67396	48285																												
122.85	52704	33833	66313	48275																												
122.88	52278	34194	66313	48281																												
122.90	53076	34072	66793	48924																												
122.92	52306	34189	66916	48443																												
122.94	52551	34380	66444	48258																												
122.96	52965	33705	66552	47671																												
122.98	52593	34251	66208	47779																												
123.00	52773	33503	65995	48633																												
123.02	52536	33190	67050	49199																												
123.04	52990	33785	66347	49778																												
123.06	52418	33796	67069	48349																												
123.08	53161	34160	66218	48437																												
123.10	53151	34203	66207	48303																												
123.13	52815	33627	66621	48883																												
123.15	52006	34043	66085	48354																												
123.17	52605	33877	66717	48277																												
123.19	52286	33663	66764	48581																												
123.21	52689	33843	66619	48720																												
123.23	52670	34853	67349	49147																												
123.25	52862	33793	66420	49145																												
123.27	52529	34200	67322	47898																												
123.29	52998	34756	67103	46985																												
123.31	53777	34591	67004	48249																												
123.33	52773	33724	66869	48881																												
123.35	53008	34725	65569	47917																												
123.38	52732	34136	67042	48579																												
123.40	52971	34101	66988	47776																												
123.42	52391	34039	66565	49065																												
123.44	51952	34169	67200	48374																												
123.46	52482	33848	65539	47830																												
123.48	51716	33845	66660	48151																												
123.50	52468	34246	66452	47837																												
123.52	52646	34079	67084	48198																												
123.54	52479	33836	66241	48675																												
123.56	52300	34732	66442	48514																												
123.58	52674	33799	65818	47945																												
123.60	52343	34217	67325	47450																												
123.63	53644	34290	66400	48394																												
123.65	52814	34545	66759	48568																												
123.67	52273	34412	66575	48088																												
123.69	53763	33992	66313	48029																												
123.71	53292	34827	66777	48428																												
123.73	51969	34147	65880	48377																												
123.75	52377	33829	66885	48465																												
123.77	52452	34425	65835	48471																												
123.79	52648	34227	65620	48979																												
123.81	52831	34092	66111	49054																												
123.83	53215	34258	66347	49212																												
123.85	52497	33691	65810	49431																												
123.88	52963	34230	67339	49418																												
123.90	52894	34819	66188	48244																												
123.92	52588	34400	66491	48847																												
123.94	53349	34242	66530	48634																												
123.96	51627	34265	66312	48140																												
123.98	53261	34374	66496	48736																												
124.00	51790	34438	65995	48613																												
124.02	52424	34035	66777	48701																												
124.04	52855	34581	66610	49784																												
124.06	53210	34662	66789	48351																												
124.08	51951	33659	67165	49067																												
124.10	51407	34652	66647	49127																												
124.13	52777	34604	66701	49380																												
124.15	51131	34420	66264	47713																												
124.17	52816	34249	66590	47684																												
124.19	52756	34190	66754	48039																												
124.21	52284	34200	66261	48282																												
124.23	52605	34387	66289	48141																												
124.25	52876	34209	65719	48284																												
124.27	52408	34456	65606	49362																												
124.29	51518	34540	66285	47676																												
124.31	52117	34871	67863	49372																												
124.33	52825	34549	65661	47735																												
124.35	52389	34238	66212	48623																												
124.38	52861	34574	65955	48387																												
124.40	53002	34343	66670	48300																												
124.42	53094	34626	65927	48374																												
124.44	52479	35250	66683	48999																												
124.46	52562	34430	66871	48680																												
124.48	52485	33849	65856	48639																												
124.50	52375	33893	65710	48439																												
124.52	52262	34836	66278	47842																												
124.54	52472	34212	66881	48976																												
124.56	52223	34556	66193	48801																												
124.58	52236	34794	66826	48345																												
124.60	51711	34012	66164	48308																												
124.63	52235	34810	66796	48472																												
124.65	52563	34397	67135	48555																												
124.67	52288	34258	66712	48430																												
124.69	51545	34754	65789	48805																												
124.71	51867	34228	66477	47778																												
124.73	52796	35021	65761	47012																												
124.75	52558	34355	66770	48267																												
124.77	51212	34762	66345	48145																												
124.79	52308	34550	65724	48279																												
124.81	52251	35057	65906	47832																												
124.83	52361	34893	66266	48681																												
124.85	53109	34651	66108	49416																												
124.88			65918																													
124.90			66130																													
124.92			66710																													
124.94			66399																													
124.96			65641																													
124.98			65613																													
125.00			65824																													
125.02			66754																													
125.04			66154																													
125.06			66319																													
125.08			66103																													
125.10			65937																													
125.13			66594																													
125.15			66872																													
125.17			66754																													
125.19			65947																													
125.21			66630																													
125.23			66607																													
125.25			65679																													
125.27			66143																													
125.29			66692																													
125.31			66237																													
125.33			65819																													
125.35			66190																													
125.38			65890																													
125.40			66931																													
125.42			67146																													
125.44			66028																													
125.46			65885																													
125.48			65642																													
125.50			66838																													
125.52			67026																													
125.54			66330																													
125.56			65914																													
125.58			66048																													
125.60			65906																													
125.63			66200																													
125.65			66136																													
125.67			65667																													
125.69			66178																													
125.71			66075																													
125.73			65646																													
125.75			65362																													
125.77			65553																													
125.79			66027																													
125.81			66099																													
125.83			65590																													
125.85			65967																													
125.88			66215																													
125.90			65464																													
125.92			66949																													
125.94			65949																													
125.96			66576																													
125.98			66187																													
126.00			66235																													
126.02			66343																													
126.04			66159																													
126.06			66175																													
126.08			65486																													
126.10			66466																													
126.13			65649																													
126.15			66035																													
126.17			66041																													
126.19			65267																													
126.21			66405																													
126.23			66032																													
126.25			66049																													
126.27			65595																													
126.29			66120																													
126.31			65470																													
126.33			66414																													
126.35			65371																													
126.38			66121																													
126.40			65381																													
126.42			65270																													
126.44			65708																													
126.46			65978																													
126.48			66458																													
126.50			66484																													
126.52			66005																													
126.54			65996																													
126.56			66077																													
126.58			66300																													
126.60			67323																													
126.62			66316																													
126.65			66159																													
126.67			66069																													
126.69			66584																													
126.71			65971																													
126.73			66072																													
126.75			65834																													
126.77			66107																													
126.79			65739																													
126.81			65509																													
126.83			65516																													
126.85			65589																													
126.88			65580																													
126.90			66487																													
126.92			65511																													
126.94			65706																													
126.96			66155																													
126.98			65396																													
127.00			66872																													
127.02			65459																													
127.04			66070																													
127.06			66468																													
127.08			64996																													
127.10			65426																													
127.13			66005																													
127.15			65979																													
127.17			65571																													
127.19			65929																													
127.21			65843																													
127.23			65673																													
127.25			66218																													
127.27			65783																													
127.29			66196																													
127.31			66658																													
127.33			66090																													
127.35			66317																													
127.38			66087																													
127.40			65771																													
127.42			65886																													
127.44			65946																													
127.46			65911																													
127.48			65868																													
127.50			66642																													
127.52			66191																													
127.54			66197																													
127.56			65733																													
127.58			65592																													
127.60			65229																													
127.62			65800																													
127.65			65274																													
127.67			66193																													
127.69			65529																													
127.71			66060																													
127.73			65667																													
127.75			65432																													
127.77			65251																													
127.79			65248																													
127.81			66123																													
127.83			65955																													
127.85			65813																													
127.88			65302																													
127.90			65171																													
127.92			66038																													
127.94			65654																													
127.96			65909																													
127.98			65799																													
128.00			65289																													
128.02			65506																													
128.04			66199																													
128.06			66568																													
128.08			65638																													
128.10			65964																													
128.13			65253																													
128.15			65385																													
128.17			66140																													
128.19			66107																													
128.21			65980																													
128.23			66893																													
128.25			66965																													
128.27			65816																													
128.29			66253																													
128.31			65989																													
128.33			65719																													
128.35			66276																													
128.38			65716																													
128.40			64728																													
128.42			66312																													
128.44			65597																													
128.46			65176																													
128.48			66193																													
128.50			65802																													
128.52			66498																													
128.54			65845																													
128.56			66061																													
128.58			65865																													
128.60			66024																													
128.63			65896																													
128.65			65298																													
128.67			65163																													
128.69			66318																													
128.71			65762																													
128.73			65754																													
128.75			65184																													
128.77			65975																													
128.79			64612																													
128.81			66058																													
128.83			65422																													
128.85			65886																													
128.87			66051																													
128.90			65959																													
128.92			65938																													
128.94			64789																													
128.96			65618																													
128.98			65324																													
129.00			65324																													
129.02			65883																													
129.04			65488																													
129.06			65184																													
129.08			64430																													
129.10			64967																													
129.13			65514																													
129.15			65317																													
129.17			65173																													
129.19			64359																													
129.21			65295																													
129.23			65790																													
129.25			64654																													
129.27			64871																													
129.29			65663																													
129.31			65378																													
129.33			65549																													
129.35			65491																													
129.38			64848																													
129.40			65995																													
129.42			65693																													
129.44			65625																													
129.46			64726																													
129.48			65644																													
129.50			65074																													
129.52			65774																													
129.54			65764																													
129.56			65010																													
129.58			65268																													
129.60			65311																													
129.63			65847																													
129.65			65120																													
129.67			65186																													
129.69			65945																													
129.71			65001																													
129.73			65783																													
129.75			65802																													
129.77			65086																													
129.79			65683																													
129.81			65126																													
129.83			64964																													
129.85			65060																													
129.88			65861																													
129.90			65418																													
129.92			65323																													
129.94			65628																													
129.96			64783																													
129.98			65236																													
130.00			65774																													
130.02			65216																													
130.04			65577																													
130.06			66420																													
130.08			65732																													
130.10			65664																													
130.13			65954																													
130.15			64723																													
130.17			65919																													
130.19			66043																													
130.21			65427																													
130.23			65379																													
130.25			65546																													
130.27			65584																													
130.29			65489																													
130.31			64189																													
130.33			65244																													
130.35			65198																													
130.38			64701																													
130.40			64585																													
130.42			64286																													
130.44			64307																													
130.46			65070																													
130.48			65118																													
130.50			65338																													
130.52			65523																													
130.54			64927																													
130.56			65678																													
130.58			65617																													
130.60			65036																													
130.63			65104																													
130.65			65706																													
130.67			64911																													
130.69			65110																													
130.71			64769																													
130.73			65545																													
130.75			65354																													
130.77			65775																													
130.79			65102																													
130.81			65894																													
130.83			65918																													
130.85			64776																													
130.88			64899																													
130.90			64096																													
130.92			64910																													
130.94			65330																													
130.96			64118																													
130.98			65159																													
131.00			65351																													
131.02			65112																													
131.04			64314																													
131.06			65240																													
131.08			64584																													
131.10			64687																													
131.13			64125																													
131.15			65532																													
131.17			65576																													
131.19			64855																													
131.21			64726																													
131.23			64587																													
131.25			65155																													
131.27			64804																													
131.29			65369																													
131.31			64162																													
131.33			65282																													
131.35			66020																													
131.38			65657																													
131.40			65130																													
131.42			65027																													
131.44			65483																													
131.46			64304																													
131.48			64983																													
131.50			64763																													
131.52			64230																													
131.54			64335																													
131.56			65045																													
131.58			64553																													
131.60			65203																													
131.63			64687																													
131.65			65297																													
131.67			65103																													
131.69			65269																													
131.71			65822																													
131.73			65350																													
131.75			66059																													
131.77			63913																													
131.79			65167																													
131.81			65643																													
131.83			64143																													
131.85			65129																													
131.88			64884																													
131.90			64997																													
131.92			63810																													
131.94			64176																													
131.96			65293																													
131.98			65291																													
132.00			65496																													
132.02			64924																													
132.04			64277																													
132.06			65361																													
132.08			64465																													
132.10			64960																													
132.13			65626																													
132.15			64560																													
132.17			64358																													
132.19			63777																													
132.21			65044																													
132.23			64341																													
132.25			64554																													
132.27			65433																													
132.29			65862																													
132.31			64848																													
132.33			64799																													
132.35			64402																													
132.38			64588																													
132.40			64408																													
132.42			64556																													
132.44			64457																													
132.46			64613																													
132.48			64968																													
132.50			64329																													
132.52			64498																													
132.54			65526																													
132.56			63917																													
132.58			64666																													
132.60			64028																													
132.63			65286																													
132.65			63748																													
132.67			64301																													
132.69			64978																													
132.71			65134																													
132.73			64245																													
132.75			64086																													
132.77			64314																													
132.79			64962																													
132.81			64654																													
132.83			65025																													
132.85			64498																													
132.87			64538																													
132.90			64577																													
132.92			64228																													
132.94			64925																													
132.96			65377																													
132.98			64381																													
133.00			64966																													
133.02			64969																													
133.04			64673																													
133.06			64768																													
133.08			64883																													
133.10			63746																													
133.13			64857																													
133.15			64628																													
133.17			64786																													
133.19			64126																													
133.21			64025																													
133.23			65013																													
133.25			63945																													
133.27			64948																													
133.29			64726																													
133.31			64162																													
133.33			64394																													
133.35			64748																													
133.38			64709																													
133.40			64848																													
133.42			64880																													
133.44			64236																													
133.46			64635																													
133.48			64925																													
133.50			64520																													
133.52			64540																													
133.54			65068																													
133.56			64776																													
133.58			64786																													
133.60			63909																													
133.63			65059																													
133.65			64627																													
133.67			64474																													
133.69			65058																													
133.71			64482																													
133.73			64163																													
133.75			65297																													
133.77			65064																													
133.79			64303																													
133.81			64297																													
133.83			65517																													
133.85			64911																													
133.87			64394																													
133.90			65101																													
133.92			63862																													
133.94			63713																													
133.96			64662																													
133.98			64589																													
134.00			63581																													
134.02			64216																													
134.04			64212																													
134.06			63083																													
134.08			64359																													
134.10			64449																													
134.13			65134																													
134.15			65121																													
134.17			64654																													
134.19			64846																													
134.21			64527																													
134.23			64391																													
134.25			65010																													
134.27			64800																													
134.29			64038																													
134.31			64510																													
134.33			65219																													
134.35			64369																													
134.38			64579																													
134.40			64636																													
134.42			63364																													
134.44			64950																													
134.46			63636																													
134.48			64152																													
134.50			64993																													
134.52			64589																													
134.54			65056																													
134.56			64426																													
134.58			64574																													
134.60			64751																													
134.63			64358																													
134.65			64202																													
134.67			64926																													
134.69			63664																													
134.71			64282																													
134.73			63592																													
134.75			64305																													
134.77			64431																													
134.79			64499																													
134.81			63907																													
134.83			63950																													
134.85			64234																													
134.88			64356																													
134.90			64448																													
134.92			64480																													
134.94			64841																													
134.96			65284																													
134.98			64610																													
135.00			63939																													
135.02			65718																													
135.04			64800																													
135.06			63773																													
135.08			64325																													
135.10			63973																													
135.12			65016																													
135.15			63352																													
135.17			64144																													
135.19			63496																													
135.21			63136																													
135.23			64253																													
135.25			64731																													
135.27			64557																													
135.29			64690																													
135.31			63546																													
135.33			64695																													
135.35			64074																													
135.38			64886																													
135.40			65462																													
135.42			64960																													
135.44			64043																													
135.46			64495																													
135.48			64499																													
135.50			64196																													
135.52			64407																													
135.54			64402																													
135.56			64646																													
135.58			63765																													
135.60			64089																													
135.63			64104																													
135.65			63500																													
135.67			64797																													
135.69			64294																													
135.71			64806																													
135.73			64165																													
135.75			63996																													
135.77			64540																													
135.79			63554																													
135.81			64624																													
135.83			64138																													
135.85			64331																													
135.88			64861																													
135.90			63673																													
135.92			64096																													
135.94			64531																													
135.96			64554																													
135.98			63800																													
136.00			64080																													
136.02			64432																													
136.04			64231																													
136.06			64808																													
136.08			64505																													
136.10			64129																													
136.13			64306																													
136.15			64037																													
136.17			64990																													
136.19			64522																													
136.21			64624																													
136.23			64011																													
136.25			64115																													
136.27			64118																													
136.29			63982																													
136.31			64725																													
136.33			64393																													
136.35			64803																													
136.38			64167																													
136.40			63785																													
136.42			64802																													
136.44			63816																													
136.46			63514																													
136.48			64574																													
136.50			64924																													
136.52			63705																													
136.54			64517																													
136.56			63966																													
136.58			63910																													
136.60			64528																													
136.63			63978																													
136.65			64282																													
136.67			64310																													
136.69			64441																													
136.71			65168																													
136.73			64788																													
136.75			64343																													
136.77			64248																													
136.79			64890																													
136.81			64515																													
136.83			64622																													
136.85			64043																													
136.88			64587																													
136.90			63916																													
136.92			64589																													
136.94			63501																													
136.96			64639																													
136.98			63855																													
137.00			63649																													
137.02			64490																													
137.04			63952																													
137.06			64619																													
137.08			64321																													
137.10			64269																													
137.13			64012																													
137.15			64223																													
137.17			63836																													
137.19			64151																													
137.21			63899																													
137.23			64656																													
137.25			64143																													
137.27			64048																													
137.29			64195																													
137.31			62981																													
137.33			63520																													
137.35			63433																													
137.38			64365																													
137.40			64255																													
137.42			63638																													
137.44			64437																													
137.46			63897																													
137.48			63857																													
137.50			63484																													
137.52			63776																													
137.54			63071																													
137.56			63909																													
137.58			64471																													
137.60			63918																													
137.63			63635																													
137.65			63929																													
137.67			64120																													
137.69			63168																													
137.71			63686																													
137.73			64076																													
137.75			64336																													
137.77			63938																													
137.79			63113																													
137.81			63470																													
137.83			63761																													
137.85			63852																													
137.88			63694																													
137.90			63473																													
137.92			63087																													
137.94			64530																													
137.96			64096																													
137.98			63643																													
138.00			63438																													
138.02			63958																													
138.04			63951																													
138.06			63398																													
138.08			63762																													
138.10			64640																													
138.13			63113																													
138.15			63810																													
138.17			63685																													
138.19			64280																													
138.21			64514																													
138.23			63478																													
138.25			63581																													
138.27			64373																													
138.29			64044																													
138.31			63765																													
138.33			63925																													
138.35			63878																													
138.38			63110																													
138.40			63934																													
138.42			63468																													
138.44			64138																													
138.46			64325																													
138.48			63454																													
138.50			64568																													
138.52			63980																													
138.54			63062																													
138.56			63727																													
138.58			62947																													
138.60			63186																													
138.63			63304																													
138.65			64034																													
138.67			64081																													
138.69			64521																													
138.71			63783																													
138.73			63728																													
138.75			64505																													
138.77			62756																													
138.79			64123																													
138.81			64332																													
138.83			63624																													
138.85			63398																													
138.88			64565																													
138.90			64010																													
138.92			64592																													
138.94			63831																													
138.96			63368																													
138.98			63801																													
139.00			63514																													
139.02			62854																													
139.04			64285																													
139.06			63713																													
139.08			63859																													
139.10			63589																													
139.12			64131																													
139.15			63206																													
139.17			63288																													
139.19			63170																													
139.21			64236																													
139.23			63817																													
139.25			63104																													
139.27			64007																													
139.29			63250																													
139.31			64200																													
139.33			63075																													
139.35			62948																													
139.38			63753																													
139.40			64424																													
139.42			64095																													
139.44			63685																													
139.46			63402																													
139.48			63627																													
139.50			63906																													
139.52			63351																													
139.54			63764																													
139.56			64488																													
139.58			63116																													
139.60			64526																													
139.63			64120																													
139.65			63719																													
139.67			63949																													
139.69			63951																													
139.71			62917																													
139.73			62581																													
139.75			63642																													
139.77			63382																													
139.79			63929																													
139.81			63219																													
139.83			63886																													
139.85			63947																													
139.88			63331																													
139.90			63951																													
139.92			64084																													
139.94			64371																													
139.96			63576																													
139.98			63969																													
140.00			63934																													
140.02			62976																													
140.04			63738																													
140.06			63898																													
140.08			63999																													
140.10			63169																													
140.12			63696																													
140.15			63023																													
140.17			62847																													
140.19			63310																													
140.21			63363																													
140.23			62934																													
140.25			62956																													
140.27			63392																													
140.29			63575																													
140.31			63704																													
140.33			62959																													
140.35			64030																													
140.38			64043																													
140.40			63298																													
140.42			62888																													
140.44			62987																													
140.46			62891																													
140.48			63713																													
140.50			63461																													
140.52			63314																													
140.54			63365																													
140.56			63013																													
140.58			62976																													
140.60			62844																													
140.63			63661																													
140.65			63604																													
140.67			63644																													
140.69			63763																													
140.71			63844																													
140.73			62686																													
140.75			62949																													
140.77			64184																													
140.79			63164																													
140.81			63053																													
140.83			63134																													
140.85			63310																													
140.88			62605																													
140.90			63454																													
140.92			63498																													
140.94			63474																													
140.96			62630																													
140.98			63970																													
141.00			62813																													
141.02			63140																													
141.04			63577																													
141.06			63490																													
141.08			63246																													
141.10			62759																													
141.13			64410																													
141.15			63316																													
141.17			63790																													
141.19			62946																													
141.21			64295																													
141.23			62549																													
141.25			62698																													
141.27			63218																													
141.29			63284																													
141.31			63074																													
141.33			63087																													
141.35			63159																													
141.37			63604																													
141.40			62790																													
141.42			63165																													
141.44			63147																													
141.46			63914																													
141.48			62984																													
141.50			63269																													
141.52			62763																													
141.54			62822																													
141.56			63011																													
141.58			63306																													
141.60			63185																													
141.63			62758																													
141.65			62379																													
141.67			63736																													
141.69			63149																													
141.71			63150																													
141.73			62882																													
141.75			64033																													
141.77			63818																													
141.79			63268																													
141.81			62407																													
141.83			62508																													
141.85			64203																													
141.88			63551																													
141.90			62800																													
141.92			63020																													
141.94			62916																													
141.96			64291																													
141.98			63953																													
142.00			63327																													
142.02			62607																													
142.04			63210																													
142.06			63103																													
142.08			63375																													
142.10			63921																													
142.13			63115																													
142.15			62776																													
142.17			62932																													
142.19			63913																													
142.21			62941																													
142.23			62675																													
142.25			63519																													
142.27			63487																													
142.29			62382																													
142.31			64483																													
142.33			63095																													
142.35			63074																													
142.38			63611																													
142.40			62562																													
142.42			62759																													
142.44			62662																													
142.46			63230																													
142.48			63507																													
142.50			63595																													
142.52			62990																													
142.54			63393																													
142.56			63185																													
142.58			62620																													
142.60			63314																													
142.63			62799																													
142.65			62838																													
142.67			63001																													
142.69			63438																													
142.71			62845																													
142.73			63168																													
142.75			62967																													
142.77			62701																													
142.79			62995																													
142.81			63241																													
142.83			62718																													
142.85			62497																													
142.88			63460																													
142.90			62495																													
142.92			62568																													
142.94			63408																													
142.96			63122																													
142.98			63141																													
143.00			63058																													
143.02			62498																													
143.04			63486																													
143.06			62622																													
143.08			62527																													
143.10			63685																													
143.13			63486																													
143.15			63080																													
143.17			63356																													
143.19			62621																													
143.21			61929																													
143.23			63578																													
143.25			62425																													
143.27			63054																													
143.29			63554																													
143.31			63188																													
143.33			62950																													
143.35			63481																													
143.38			63621																													
143.40			63308																													
143.42			63297																													
143.44			62363																													
143.46			63200																													
143.48			62971																													
143.50			62285																													
143.52			63328																													
143.54			62727																													
143.56			63344																													
143.58			63375																													
143.60			63277																													
143.63			62084																													
143.65			63131																													
143.67			62651																													
143.69			62892																													
143.71			62954																													
143.73			62724																													
143.75			62683																													
143.77			63283																													
143.79			62275																													
143.81			63133																													
143.83			62565																													
143.85			63093																													
143.88			63142																													
143.90			63263																													
143.92			62459																													
143.94			62500																													
143.96			62978																													
143.98			63671																													
144.00			63105																													
144.02			62791																													
144.04			62555																													
144.06			63563																													
144.08			63291																													
144.10			62287																													
144.13			63330																													
144.15			62519																													
144.17			62359																													
144.19			62418																													
144.21			63140																													
144.23			61952																													
144.25			63385																													
144.27			63080																													
144.29			62917																													
144.31			61332																													
144.33			63238																													
144.35			62549																													
144.38			62686																													
144.40			62941																													
144.42			63038																													
144.44			62399																													
144.46			63296																													
144.48			62322																													
144.50			63020																													
144.52			61845																													
144.54			62034																													
144.56			63505																													
144.58			62243																													
144.60			62163																													
144.63			63123																													
144.65			63155																													
144.67			62196																													
144.69			62771																													
144.71			63377																													
144.73			62187																													
144.75			62209																													
144.77			62891																													
144.79			63091																													
144.81			62648																													
144.83			62647																													
144.85			63383																													
144.88			62266																													
144.90			62099																													
144.92			62181																													
144.94			62781																													
144.96			61746																													
144.98			62829																													
145.00			62583																													
145.02			62855																													
145.04			62888																													
145.06			62609																													
145.08			62966																													
145.10			62828																													
145.12			62783																													
145.15			62959																													
145.17			62090																													
145.19			62466																													
145.21			62431																													
145.23			62216																													
145.25			63134																													
145.27			62316																													
145.29			63345																													
145.31			62954																													
145.33			62528																													
145.35			62257																													
145.38			62476																													
145.40			63137																													
145.42			63107																													
145.44			62921																													
145.46			62096																													
145.48			62654																													
145.50			62895																													
145.52			62556																													
145.54			63405																													
145.56			62957																													
145.58			62510																													
145.60			61690																													
145.63			63239																													
145.65			62260																													
145.67			62209																													
145.69			62399																													
145.71			62785																													
145.73			62976																													
145.75			62518																													
145.77			62686																													
145.79			62655																													
145.81			62711																													
145.83			62168																													
145.85			62353																													
145.88			62673																													
145.90			62570																													
145.92			62064																													
145.94			62214																													
145.96			62276																													
145.98			62023																													
146.00			62444																													
146.02			62407																													
146.04			62621																													
146.06			63021																													
146.08			61899																													
146.10			62392																													
146.13			61857																													
146.15			62243																													
146.17			62318																													
146.19			61695																													
146.21			61994																													
146.23			62128																													
146.25			63307																													
146.27			62832																													
146.29			61911																													
146.31			62136																													
146.33			62403																													
146.35			62639																													
146.37			62525																													
146.40			61862																													
146.42			62609																													
146.44			62458																													
146.46			62405																													
146.48			62450																													
146.50			62006																													
146.52			62810																													
146.54			61544																													
146.56			62236																													
146.58			62420																													
146.60			62445																													
146.63			62317																													
146.65			61929																													
146.67			62491																													
146.69			63410																													
146.71			62065																													
146.73			62711																													
146.75			61933																													
146.77			62537																													
146.79			62449																													
146.81			62852																													
146.83			62326																													
146.85			62466																													
146.88			62009																													
146.90			62934																													
146.92			62931																													
146.94			61349																													
146.96			61561																													
146.98			61920																													
147.00			62789																													
147.02			62630																													
147.04			62581																													
147.06			61611																													
147.08			62892																													
147.10			61888																													
147.13			62071																													
147.15			61601																													
147.17			62197																													
147.19			61782																													
147.21			62691																													
147.23			62323																													
147.25			62559																													
147.27			62543																													
147.29			62504																													
147.31			62924																													
147.33			61814																													
147.35			62049																													
147.38			62401																													
147.40			62530																													
147.42			62501																													
147.44			61868																													
147.46			62404																													
147.48			61830																													
147.50			62198																													
147.52			61766																													
147.54			62282																													
147.56			61969																													
147.58			61021																													
147.60			61112																													
147.62			61109																													
147.65			61940																													
147.67			61913																													
147.69			62086																													
147.71			61755																													
147.73			61395																													
147.75			62269																													
147.77			61574																													
147.79			62556																													
147.81			60677																													
147.83			61428																													
147.85			62520																													
147.88			62561																													
147.90			61308																													
147.92			62310																													
147.94			61847																													
147.96			62339																													
147.98			62028																													
148.00			61332																													
148.02			62163																													
148.04			62013																													
148.06			61862																													
148.08			61943																													
148.10			61662																													
148.13			61950																													
148.15			62690																													
148.17			61252																													
148.19			61840																													
148.21			62238																													
148.23			61235																													
148.25			60521																													
148.27			61857																													
148.29			62360																													
148.31			61593																													
148.33			62092																													
148.35			62180																													
148.38			61619																													
148.40			62257																													
148.42			62262																													
148.44			61717																													
148.46			60855																													
148.48			61477																													
148.50			62248																													
148.52			62168																													
148.54			62179																													
148.56			61095																													
148.58			62061																													
148.60			61618																													
148.63			61047																													
148.65			62507																													
148.67			61443																													
148.69			61817																													
148.71			61964																													
148.73			61629																													
148.75			61508																													
148.77			61905																													
148.79			61582																													
148.81			62160																													
148.83			61662																													
148.85			62097																													
148.88			62518																													
148.90			61376																													
148.92			61464																													
148.94			61572																													
148.96			62191																													
148.98			61066																													
149.00			61563																													
149.02			61537																													
149.04			61773																													
149.06			61571																													
149.08			61572																													
149.10			61749																													
149.13			62764																													
149.15			61100																													
149.17			61072																													
149.19			61720																													
149.21			61649																													
149.23			62263																													
149.25			61501																													
149.27			61647																													
149.29			61668																													
149.31			62035																													
149.33			61972																													
149.35			61469																													
149.38			61729																													
149.40			61857																													
149.42			61721																													
149.44			60743																													
149.46			61493																													
149.48			61243																													
149.50			61150																													
149.52			61669																													
149.54			60766																													
149.56			61897																													
149.58			61179																													
149.60			62105																													
149.63			60889																													
149.65			61250																													
149.67			62024																													
149.69			61963																													
149.71			61562																													
149.73			61407																													
149.75			61963																													
149.77			60794																													
149.79			61830																													
149.81			62259																													
149.83			60784																													
149.85			61883																													
