time/h	Ab42 alone	Ab42 alone	Ab42 alone	Ab42 alone	47 nM CTDSTA	47 nM CTDSTA	47 nM CTDSTA	47 nM CTDSTA	94 nM CTDSTA	94 nM CTDSTA	94 nM CTDSTA	94 nM CTDSTA	187 nM CTDSTA	187 nM CTDSTA	187 nM CTDSTA	187 nM CTDSTA	375 nM CTDSTA	375 nM CTDSTA	375 nM CTDSTA	375 nM CTDSTA	750 nM CTDSTA	750 nM CTDSTA	750 nM CTDSTA	750 nM CTDSTA	1500 nM CTDSTA	1500 nM CTDSTA	1500 nM CTDSTA	1500 nM CTDSTA	3000 nM CTDSTA	3000 nM CTDSTA	3000 nM CTDSTA	3000 nM CTDSTA	Fit 0	Fit 47	Fit 94	Fit 187	Fit 375	Fit 750	Fit 1500	Fit 3000
0.0000	0.013659	0.0075245	0.0074859	0.018896	0.018787	0.014411	0.015365	0.011833		0.014127				0.020852		0.013840				0.0056636									0.022624		0.011906	0.027994								
0.036111	0.0092687	0.0079232	0.0041225	0.0034303	0.0057684	0.0072509	0.0091184	0.0056627		0.011996				0.0024329		0.018794				0.0061493									0.015370		0.014405	0.014111								
0.072222	0.0021032	7.7836e-05	0.0060373	0.0019813	-0.00011557	0.0055272	0.0092418	0.0041467		0.0036708				0.0037401		0.0056139				0.0020207									0.011033		0.0066837	0.010800								
0.10833	0.0040499	0.0036517	-0.0011052	0.0035975	-0.0012657	0.00032266	1.8508e-05	0.0018424		0.0019371				0.0095741		-0.00041246				0.00041411									0.0031280		0.0046621	0.0048499								
0.14444	-0.0026048	-0.0041794	0.00064580	-0.0094160	-0.00081565	0.0051128	-0.00015115	0.00084188		-0.00088007				0.0081498		-0.0039802				-0.0051156									0.0031446		0.0029495	0.0022803								
0.18056	-0.0052004	-0.00089037	-0.00027377	0.00023965	0.0033682	-0.0018155	0.00032698	-0.0026904		0.0030568				-0.0036548		-0.0047011				-0.0081981									0.0038785		0.0020791	0.00041778								
0.21667	0.00087441	-0.0011039	-0.0025034	-0.0033969	-0.0067330	0.00065415	0.00058918	0.0015544	0.0091462	0.00040211	0.0010926	0.0017581		0.0037206	0.0012566	0.0027116		0.0022632	0.0079023	-0.0019958		0.00061947	-0.0047325	0.0016631	0.0036541		0.0045088		0.0021273		-0.0016270	0.0019354								
0.25278	-0.00087901	-0.00037779	-0.0033222	-0.0033969	-0.0046661	-0.0023956	-0.0063669	-0.0050705	0.0043915	-4.9361e-05	0.0026621	-0.0047169		-0.0064059	-0.0010866	-0.0052372		0.0023893	0.0013107	-0.0031727		0.0056754	0.014108	-0.00015251	0.0071254		0.011166		-0.0056113		0.0014474	0.0019871								
0.28889	0.0020065	-0.0042933	-0.0042796	-0.00059634	-0.0031326	-0.0022630	-0.0030508	-0.0035545	0.0023906	-0.0067131	0.0014576	0.00027085		-0.0025426	0.00051966	-0.0015955		-0.0037066	0.0045856	-0.0093003		0.0019961	0.0073951	-0.010925	0.0064873		0.0035140		-0.0039602		-0.0068493	-0.0035143								
0.32500	-0.0048691	-0.0014172	0.00050723	-0.0046648	-0.0061496	-0.0091582	-0.0028811	0.00046288	0.0047481	-0.0034444	-0.0022655	0.0098292		-0.0092741	0.0087587	0.00047485		0.0061099	0.0018530	0.0048977		-0.0060383	-0.0017880	0.0030914	0.0043943		0.00024896		-0.0055779		-0.0080145	-0.00025481								
0.36111	0.0010953	-0.0019298	-0.00096660	-0.0017528	-0.00043227	-0.0037382	-0.00050589	-0.0012350	0.0057189	-0.0058462	-0.0014442	0.0050047		-0.00088412	-0.0056218	0.00095548		0.00064462	-0.0044674	0.0074010		-0.0067391	-0.0017131	0.0053913	0.0058236		0.00073362		-0.0053778		-0.0047014	0.00077994								
0.39722	-0.0063050	-0.0026844	0.0012505	-0.0020454	-0.00086565	-0.0035227	-0.0046086	-0.0038425	0.00096415	-0.0025415	0.0085569	0.00070614		-0.0032645	-0.0011433	-0.0030374		-0.0010580	-0.0039042	0.00054488		-0.0021337	-0.0056059	0.0072069	-0.00050640		0.0031059		-0.0081964		-0.0088849	-0.0024795								
0.43333	-0.0069124	-0.0013175	-0.0034356	-0.0017807	-0.0020324	-0.0030918	-0.0042384	-0.0046612	0.0010038	-0.0040584	-0.0055870	0.0026650	0.0076159	-0.0060352	0.00036849	-0.0058103	0.0031896	0.00024524	-0.0026109	0.0061680		-0.0059382	0.00095699	-0.00061248	-0.0064791		-0.010618	-0.0054638	-0.0054946		-0.0072283	-0.0047042								
0.46944	-0.0035299	0.00054770	-0.0010800	-0.00063814	-0.00013224	-0.0088432	-0.0072923	-0.0027813	-0.0095755	-0.0066589	0.0014941	-0.00045464	0.0036857	-0.0083961	0.0037888	-0.0048305	-0.0015864	0.0059837	0.0010395	-0.00093096		0.0037732	0.0065966	-0.0066646	0.0030159		-0.010311	-0.0028394	0.00074300		-0.014458	0.0037979								
0.50556	-0.0027567	-0.0015311	-0.0030829	-0.00045701	-0.0015824	0.0015492	-0.0055648	-0.0025085	-0.0050585	-0.0049975	-0.0043095	-0.0067301	0.0012201	-0.0065425	-0.0035054	-0.0064573	-0.0025134	-0.00067965	0.00047630	0.00075038		0.013134	0.0039265	0.0012758	-0.0072703		0.0056822	-0.0019646	-0.0054445		-0.0052770	-0.0017379								
0.54167	-0.00052004	0.00043380	0.0015024	-0.0029650	-0.0057662	0.0011348	-0.0063206	-0.0043883	-0.0010566	-0.00042860	0.0024613	-0.00041836	-2.2015e-05	-0.0014695	-0.0062076	-0.0063279	-0.0043069	-0.0053041	0.0027917	-0.0017903		0.0017958	-0.0032103	0.0046650	-0.0024207		0.0017284	0.0021845	-0.0053611		-0.0045330	0.00060748								
0.57778	0.0021584	0.0011172	0.0011497	0.0063842	-0.0090166	-0.0077161	-0.0051792	-0.0071474	-0.0053953	-0.0013315	-0.0073025	-0.0077821	-0.0021169	-0.0095278	0.0041668	-0.0040726	-0.0042465	-0.0018358	0.0032089	0.0014042		4.3801e-05	-0.00061512	0.0014937	-0.0043095		-0.0019958	-0.0023395	-0.0046440		-0.0017534	0.0012111								
0.61389	0.0069216	0.0049189	0.0012127	0.0066489	-0.0090666	-0.0047161	-0.0010611	-0.0014018	0.00074623	-0.0044557	0.00028957	-0.0018875	-0.0030438	-0.0090985	-0.0027306	-0.0020947	-0.0010222	0.0074972	-0.0018183	-0.0049101		-0.0039108	-0.0036595	0.0010095	-0.0035183		-0.0035007	0.0056088	-0.0031430		-0.0071441	0.0038152								
0.65000	0.013507	0.0082364	0.010257	0.014981	-0.0089499	-0.0051305	-0.0029120	0.0022669	-0.0024434	0.00027570	0.0058011	0.0043154	-0.0066403	-0.00070852	-0.00070863	-0.0065127	-0.0074506	-0.0087514	-0.0010465	-0.0032662	-0.00037656	0.0048744	-0.0035597	0.0013484	0.00056562	0.0061458	-0.0069188	0.0033093	-0.0096474	-0.0012050	-0.0050384	0.0035737								
0.68611	0.016918	0.011312	0.0099171	0.013685	-0.0049161	-0.0079979	-0.0035752	0.0018728	-0.0016311	-0.00019383	0.00023482	-0.0011801	0.0026661	-0.0021134	-0.0010299	-0.0077513	0.0091546	-0.0045894	0.0047317	-0.0030046	-0.00035145	-0.0016081	-0.00031567	-0.0023797	-0.0022676	-0.011244	-0.0013070	0.0066835	0.0015102	-0.0011138	-0.00060225	-0.0063598								
0.72222	0.019016	0.022162	0.025424	0.016263	-0.0092333	-0.0068874	-0.011164	0.0067846	-0.0039491	-0.0064422	-0.0031415	-0.0013796	-0.0055651	-0.011459	0.00068974	-0.0059582	0.0029679	-0.0030549	0.0030420	-0.0035090	0.00090373	-0.0013078	-0.0045080	-0.0052363	-0.0022165	-0.0078310	-0.00018468	0.0063836	-0.0022424	0.0013943	0.00063313	-0.0045835								
0.75833	0.027990	0.027316	0.029115	0.034083	-0.0050828	-0.0022299	-0.0051175	0.0012057	-0.010883	-0.012239	-0.0053497	0.0079066	0.0017392	-0.0074010	0.0024849	-0.0084907	0.0019200	-0.0012472	-0.0078884	0.00032070	0.017196	0.0016707	0.0038018	0.0056333	0.0063852	-0.0037202	-0.0013325	0.0023845	-0.00077469	-0.0051420	0.0027108	-0.00051349								
0.79444	0.038884	0.036884	0.037202	0.040033	-0.0010157	-0.00022431	0.0051391	0.0056476	-0.0012745	9.5110e-05	0.00014357	0.0023748	0.0035189	-0.0038694	-0.0039589	-0.0012258	0.00020712	0.00051850	-0.0071583	-0.0023134	-0.0038660	0.0014705	0.0028036	0.0030914	-0.0092357	0.0060960	0.0059628	-0.0092130	0.00047616	-0.0029683	-0.0010374	-0.0024623								
0.83056	0.054582	0.043106	0.043992	0.057226	-0.0025492	-0.0023956	0.0016226	0.010999	0.0018557	-0.0055392	-0.00098794	-0.0025223	0.0025734	-0.0030499	-0.0051305	-0.0079361	-0.0059191	0.0045754	-0.0020477	-0.0012859	0.0039413	-0.0043613	-0.010971	-0.0058657	-0.00030221	0.0037790	-0.0044190	0.0033843	0.0023774	-0.0027403	0.0016299	-0.0059976								
0.86667	0.067325	0.065446	0.054384	0.073779	0.0025514	0.0095383	0.0035351	0.014183	-0.0063462	-0.0048891	0.0038119	0.0058571	-0.0013568	-0.0067376	-0.00084091	-0.0074555	0.0039554	-9.1087e-05	-0.0017348	0.0059625	-0.0044434	-0.0060884	0.0032029	-0.0015324	0.0018163	-0.00015746	0.0027998	-0.0036642	-0.0072624	0.0042216	0.0039602	-0.0035660								
0.90278	0.077625	0.077492	0.075975	0.086110	-4.8894e-05	0.0059913	0.010306	0.017063	-0.0025623	-0.0077785	-0.00014843	0.0077071	0.0016094	-0.0027768	-0.0063588	-0.0042760	-0.0011028	0.0033142	-0.0074921	0.0061493	-0.0075060	0.0030723	-0.0021124	-0.0025007	-0.0011445	0.00056505	0.0010397	0.0014847	-0.00069130	7.1823e-05	0.00014179	-0.0014793								
0.93889	0.097989	0.092001	0.088660	0.10811	0.0027181	0.011726	0.0081005	0.024128	-0.0015123	-0.0048711	0.0017131	0.0089586	-0.0035444	-0.0062693	-0.0016346	-0.0037029	0.00018697	-0.0037906	-0.0078884	0.0038515	-0.0026359	0.0050997	-0.00088961	0.0060207	0.00092296	-0.0014281	-0.0055159	0.0010598	-0.0045106	-0.0018891	0.0019106	0.0034185								
0.97500	0.11199	0.11578	0.11651	0.12897	0.012553	0.022036	0.013005	0.028221	-0.0028991	-0.0023789	0.00080058	0.010319	-0.0023393	-0.0068547	0.0059620	-0.0069009	0.0024843	-0.0014574	0.0012690	-0.0013420	0.0030376	0.0014705	0.0042759	0.0015421	0.0020971	0.0024834	0.0062434	-0.0011398	0.00012592	-0.0020411	0.00012775	-0.0047042								
1.0111	0.14127	0.13869	0.12898	0.15335	0.021387	0.030887	0.018141	0.035937	0.0032821	-0.00097036	0.010674	0.014073	-0.0065847	-0.0098790	0.00068974	0.0018243	-0.00037729	0.0031250	-0.0078676	0.0028240	0.0040919	0.0054001	0.0013812	0.0015179	0.00074429	0.0024336	0.00027447	-0.0052888	0.0028945	-0.0050508	-0.0012340	-0.0016862								
1.0472	0.16610	0.16724	0.16689	0.18701	0.013803	0.030953	0.018882	0.037817	-6.6037e-06	0.0093051	0.0043594	0.0071267	0.00055268	-0.0033036	0.00044408	-0.0086016	0.0044592	0.00093890	-0.0062405	0.0014042	0.0040668	0.0028971	-0.010597	0.00069479	0.00031038	0.00093877	-0.0090615	0.0017846	-0.0020589	-0.0030747	0.0023598	-0.0043765								
1.0833	0.20140	0.19964	0.18965	0.22873	0.026621	0.042605	0.031714	0.048035	0.0065113	0.0019010	0.011240	0.020186	-0.0027843	-0.0027768	0.0074170	-0.00030155	-0.0016670	0.0022632	0.00035114	0.0038328	-0.0061253	0.017039	0.0070957	0.0077637	-0.0036714	-0.0040939	0.0081565	-0.00031493	0.0014935	0.00086226	9.9672e-05	-0.0014620								
1.1194	0.23825	0.22593	0.22085	0.25729	0.030171	0.047229	0.039179	0.059102	0.0055604	0.0017023	0.0051259	0.020077	0.0017392	-0.0011573	0.0036188	-0.0083798	0.0026858	-0.00055353	0.0011647	0.0025998	0.0053220	-0.00045678	-0.0040588	0.0055849	-0.0073980	-0.0045922	-0.0035518	-0.0033893	0.00064294	-0.00061221	-0.0028063	-0.0017724								
1.1556	0.27935	0.26823	0.26437	0.29760	0.034388	0.056478	0.043004	0.075671	0.0042528	0.012700	0.015163	0.021655	0.00021899	-0.0091571	-0.0024094	-0.0026123	0.0039352	-0.00078475	3.8243e-05	-0.0094498	0.0013807	0.0033977	-0.00031567	0.010330	-0.0051518	0.00056505	0.0041772	-0.00081482	0.0015769	-0.0012506	0.0033846	-0.0074980								
1.1917	0.30895	0.31250	0.30203	0.33801	0.045606	0.068810	0.060865	0.084282	0.0091462	0.011653	0.010327	0.029435	0.00094200	-0.0025231	0.0046392	-0.010080	-0.00027653	0.0045544	0.0057955	-0.00038920	-0.0038409	0.00074462	0.00058268	0.0017600	0.00018275	0.010282	-0.00054179	0.0033593	0.0012934	0.0064105	0.0023458	-0.0070151								
1.2278	0.35558	0.36226	0.34698	0.38640	0.057941	0.085683	0.066309	0.095334	0.013386	0.018262	0.022172	0.034169	0.0048166	0.0031743	0.0050360	-0.0064758	0.0014565	-0.0014574	0.00030942	0.0053834	0.0037405	-0.0024091	-0.0031105	0.0018568	-0.00032773	0.0076905	0.0035140	-8.9980e-05	0.00067629	-0.0010074	0.0028652	-0.0050146								
1.2639	0.40256	0.40607	0.39391	0.41910	0.070292	0.095098	0.075131	0.10940	0.028106	0.020628	0.021077	0.037325	0.0057064	0.00055974	0.0047526	-0.0020947	-0.0049719	-0.00097394	-0.0010465	0.0047295	-0.0084098	0.0017958	8.7338e-06	0.0088289	0.00064219	-0.0099986	0.0017539	-0.0064886	0.0032113	0.0018351	0.00088582	0.0013835								
1.3000	0.44924	0.45720	0.42927	0.45631	0.079160	0.11709	0.084077	0.13340	0.031414	0.024240	0.024617	0.048062	0.0052430	0.0035255	0.0063210	0.0023974	0.0076230	0.0035664	0.0082778	0.0012548	-0.0049203	0.0050747	-0.0011392	0.0058512	-0.00030221	0.0016613	0.00063158	0.0053838	0.0011433	-0.0024211	0.0025564	-0.0058424								
1.3361	0.48820	0.50170	0.49221	0.53033	0.095978	0.13375	0.10026	0.14610	0.030661	0.030380	0.028632	0.051109	0.0071710	0.00091095	0.010875	0.0054290	0.0059706	0.0027887	-0.00012863	-0.0017903	-0.0012050	0.0083034	-0.0013887	0.0055123	2.9608e-05	0.0022343	-0.0023274	-0.0033643	-0.0018087	-0.0021171	0.0025564	0.0015905								
1.3722	0.52790	0.55614	0.53172	0.55887	0.11285	0.15526	0.11941	0.17339	0.046709	0.037260	0.030329	0.058292	0.012714	0.0039157	0.0069068	0.0035065	0.0026858	-0.0014994	0.0042728	0.0034779	0.0033639	0.00096988	0.0046502	0.0054881	0.0027607	-0.00013254	-0.0037558	0.0062586	-0.0021256	0.00016303	0.0050693	-0.0059976								
1.4083	0.57448	0.60175	0.55711	0.58788	0.13467	0.17368	0.13878	0.20006	0.044054	0.039517	0.034034	0.064368	0.022095	0.0082864	0.021627	0.012768	0.0051443	-0.00034333	0.010760	0.0060933	0.0038158	-0.00070708	0.0085680	0.014905	0.0031946	0.0018357	0.0030549	-0.0010898	0.0044622	0.0021999	0.0038198	-0.0015310								
1.4444	0.61372	0.65489	0.64054	0.64500	0.15153	0.20491	0.15081	0.22704	0.058278	0.047752	0.044875	0.080673	0.017979	0.017828	0.014333	0.011844	0.0056683	0.010734	0.0042936	0.0063922	0.0028116	-0.0016832	-0.00044044	0.013429	0.0032201	0.00061488	-0.0027355	0.0040591	-0.00024100	-0.0016459	0.00047871	-0.0076877								
1.4806	0.65522	0.69850	0.66451	0.68062	0.18344	0.23302	0.17969	0.25404	0.068184	0.056168	0.056646	0.087511	0.020018	0.016559	0.024216	0.010383	0.0026254	0.0091998	0.0052323	0.0052900	-0.0076315	-0.0037356	0.0098906	0.012194	0.0027607	-0.0019513	0.0042282	0.0090080	0.0022273	7.1823e-05	0.0059958	0.0033151								
1.5167	0.68927	0.73155	0.68457	0.72106	0.20009	0.26814	0.20250	0.28182	0.067174	0.058244	0.055168	0.092644	0.020018	0.020754	0.023593	0.017556	0.0041569	0.0079386	0.0050863	0.0056449	0.010694	-0.0014580	0.0091170	0.0051250	-9.8013e-05	-0.0021755	0.0026467	0.0084332	0.0020439	0.00087746	0.0034970	-0.0042386								
1.5528	0.72425	0.77869	0.76992	0.75700	0.22716	0.29431	0.23591	0.32880	0.071077	0.070019	0.062559	0.10266	0.023151	0.020130	0.026049	0.015042	0.0065953	0.014728	-0.00035809	0.0074944	-0.0067780	0.0016957	0.015830	0.013719	0.0023013	-0.0022502	-0.0047762	0.0037342	0.0018437	-0.00079462	0.0023318	-0.011016								
1.5889	0.76374	0.81142	0.77930	0.77342	0.26761	0.34992	0.25480	0.35399	0.089006	0.080258	0.075572	0.12190	0.029065	0.020657	0.033306	0.026114	0.0090740	0.012626	0.0051906	0.011735	0.0019581	0.0060508	0.010440	0.0060449	0.0013058	-0.0033216	-0.0096227	0.0019596	0.0042120	0.0032792	0.0041146	0.0011076								
1.6250	0.77543	0.81589	0.75831	0.80176	0.30167	0.37324	0.28933	0.40499	0.11185	0.088023	0.081831	0.13030	0.027582	0.027779	0.036027	0.022898	0.011109	0.014602	0.0080692	0.016555	-0.0048199	0.0057004	0.0019302	0.013356	-0.0071938	0.0075410	-0.0014091	-0.0013647	0.0035449	0.0018807	-1.2634e-05	-0.0073773								
1.6611	0.81439	0.86019	0.83232	0.80835	0.32429	0.40843	0.32353	0.43569	0.12106	0.10207	0.098384	0.13918	0.033366	0.016696	0.037066	0.036355	0.021830	0.014581	0.017665	0.012707	-0.0034392	0.012659	0.0082935	0.0098456	-0.0061983	-0.0088525	-0.00043976	-0.0011897	0.0013934	0.0021239	0.0070206	0.0030046								
1.6972	0.82464	0.89248	0.83373	0.85649	0.37591	0.45494	0.36764	0.46707	0.12928	0.11439	0.10972	0.16898	0.048772	0.035291	0.045456	0.034063	0.015744	0.015191	0.016559	0.012557	-0.00047697	0.0054501	0.0088425	0.012170	0.00097401	0.0055728	0.0025192	0.0056088	-0.00032439	-0.0019499	0.0042831	-0.00046175								
1.7333	0.86316	0.89446	0.81953	0.86924	0.42186	0.50360	0.38932	0.49923	0.15496	0.13315	0.11720	0.18493	0.044767	0.031447	0.041318	0.047317	0.023442	0.013488	0.014431	0.013678	0.0091880	0.0073023	0.00063259	0.014881	0.0027097	0.0036295	-0.0083473	0.0029344	0.0068305	0.0053769	0.0080033	-0.0046697								
1.7694	0.86751	0.90407	0.84797	0.87006	0.46359	0.53761	0.44161	0.53940	0.16904	0.15058	0.12784	0.19619	0.057652	0.043934	0.057059	0.038389	0.021286	0.019626	0.019354	0.014818	-0.0045940	0.014386	0.0012814	0.015510	0.0012803	-0.0039693	-0.0026590	3.4992e-05	0.00070965	-0.00026259	0.00089986	-0.0054630								
1.8056	0.90713	0.93756	0.90898	0.90751	0.50152	0.58498	0.47880	0.58491	0.18977	0.15527	0.14848	0.21888	0.062212	0.044149	0.057834	0.057780	0.019654	0.021350	0.017081	0.017470	0.00012552	0.00034415	0.0026539	0.015389	-0.0049732	-0.0066102	0.0011673	0.0027344	0.0021773	0.00048224	0.0039743	0.0014870								
1.8417	0.93483	0.94474	0.92718	0.91953	0.55666	0.62645	0.51759	0.62884	0.21227	0.17281	0.15888	0.24409	0.064622	0.043271	0.055793	0.052198	0.025337	0.023851	0.026551	0.020833	0.0064015	0.0064263	0.0033276	0.021151	-0.0073214	-0.0020758	0.0071617	0.0046090	-0.0029428	-0.0039868	0.0018545	-3.0611e-05								
1.8778	0.92276	0.95963	0.88879	0.91878	0.59503	0.66627	0.55789	0.65349	0.23351	0.19990	0.18071	0.27115	0.067904	0.048637	0.064845	0.053455	0.029992	0.022127	0.021899	0.024756	-0.0014058	0.011707	0.014108	0.026937	0.0035264	0.0093847	0.0068556	0.010283	0.0028444	0.0021695	0.0027108	-0.0041351								
1.9139	0.96977	0.96869	0.97234	0.95295	0.62419	0.70147	0.59987	0.69638	0.26198	0.21366	0.19221	0.29360	0.079824	0.063270	0.069588	0.065600	0.036702	0.040121	0.022775	0.018106	-0.0012803	0.013560	0.0059478	0.020812	-0.0048455	-0.0030475	-0.0026590	0.00075983	-0.00064127	0.0016071	0.0047744	-0.0028934								
1.9500	0.93578	0.97956	0.93891	0.94879	0.68738	0.73946	0.64728	0.73158	0.28242	0.24156	0.21130	0.33135	0.090484	0.066743	0.075257	0.075878	0.034284	0.038775	0.022817	0.013846	-0.0015313	0.0093046	0.022118	0.026646	0.0047261	0.00051522	0.0034375	0.0011847	0.0022440	-0.0011594	0.0035952	-0.00061697								
1.9861	0.94007	0.99405	0.93273	0.95598	0.71145	0.77122	0.67204	0.74360	0.32884	0.27222	0.23072	0.35057	0.097714	0.078528	0.082948	0.082385	0.037851	0.048466	0.028261	0.025279	0.00015062	0.0099804	0.027059	0.026356	0.0039859	-0.00075540	0.0010142	0.0039591	0.0071807	0.0028840	0.0070627	-0.0011861								
2.0222	1.0059	0.98248	0.95017	0.97417	0.74732	0.78219	0.70867	0.75632	0.33675	0.29462	0.26651	0.38962	0.10090	0.090528	0.092963	0.083050	0.032551	0.041403	0.042529	0.032808	0.0019832	0.020067	0.018051	0.027639	-0.0012977	0.0078649	0.0016264	0.0015847	-0.0025092	-0.00041460	0.0046341	-0.0011343								
2.0583	0.96527	0.99154	0.97140	0.94429	0.77830	0.81798	0.74052	0.79359	0.39452	0.31788	0.28972	0.43448	0.11054	0.090294	0.10198	0.093920	0.051857	0.041760	0.034728	0.034844	0.0011297	0.013284	0.021619	0.024831	-0.0029823	1.6942e-05	-0.0024039	0.0085831	0.0035949	0.0049361	0.0034548	0.0053156								
2.0944	0.98304	0.99815	0.93454	0.95646	0.81188	0.83712	0.77101	0.80956	0.42528	0.36763	0.32772	0.45990	0.12311	0.10590	0.10893	0.10436	0.041539	0.046279	0.042300	0.038076	0.0071044	0.014436	0.020671	0.030762	-0.00096584	0.0060960	0.00037650	0.0070335	0.0019271	0.0035984	0.0071750	-0.0036177								
2.1306	0.96778	0.99594	0.96505	0.96504	0.82286	0.86095	0.79313	0.83478	0.45663	0.38995	0.34159	0.50044	0.13186	0.11082	0.12021	0.10828	0.046295	0.042138	0.051395	0.036507	0.0041672	0.016188	0.027658	0.040203	-0.0091847	0.0014370	0.0050955	0.0029344	0.00044280	0.0012575	0.0048868	0.0019009								
2.1667	0.97238	1.0105	1.0072	0.96843	0.85075	0.87579	0.82391	0.83512	0.49645	0.42141	0.38845	0.52951	0.13622	0.12653	0.12968	0.11370	0.064431	0.051198	0.043447	0.034190	0.015263	0.028477	0.025362	0.029503	0.0027862	-0.00080523	0.014049	0.0015097	0.0022941	0.00054305	0.0060379	0.0016940								
2.2028	1.0206	1.0345	0.99304	0.96369	0.86245	0.89081	0.85365	0.85990	0.53470	0.46589	0.42349	0.56628	0.15798	0.13353	0.13493	0.13100	0.060603	0.056033	0.055024	0.050499	0.0088365	0.030855	0.024963	0.029188	0.0094481	-0.0043680	0.0031314	0.014032	-0.0014085	0.0027928	0.0058694	-0.00011684								
2.2389	0.98155	0.99899	0.97122	0.97369	0.88078	0.91726	0.84902	0.85836	0.58205	0.49370	0.45946	0.60692	0.16551	0.13578	0.14378	0.14431	0.070336	0.059417	0.057027	0.053003	0.014861	0.031280	0.023116	0.038484	-0.0063770	0.0023090	0.0031059	0.011233	0.0016936	-0.0010682	0.0061221	0.0010041								
2.2750	0.97119	0.99238	0.98469	0.96420	0.91022	0.91817	0.87893	0.86479	0.61607	0.53729	0.49483	0.64064	0.17561	0.15494	0.15833	0.15128	0.072875	0.067237	0.057861	0.054460	0.016167	0.027075	0.027483	0.043980	0.0010761	0.0083134	0.0059883	0.0019096	0.0013434	0.0049209	0.0074277	-0.0043765								
2.3111	1.0247	1.0160	1.0021	1.0183	0.92405	0.92531	0.89028	0.90078	0.66698	0.56994	0.54161	0.67312	0.18826	0.16949	0.17006	0.17152	0.078981	0.072891	0.067728	0.053470	0.013807	0.029979	0.032624	0.040252	0.0017397	0.0028073	0.0025192	0.013182	0.0011933	0.0044496	0.0051956	-8.2348e-05								
2.3472	0.98149	1.0044	0.98776	0.99123	0.95152	0.92957	0.90239	0.89857	0.70449	0.59613	0.57106	0.70296	0.19795	0.18096	0.17566	0.18803	0.081702	0.084473	0.056985	0.054329	0.0083595	0.034759	0.043404	0.036935	-0.0012211	0.017631	0.0011417	0.0079833	-0.0031096	-0.0057196	0.0087192	-0.0056527								
2.3833	1.0222	0.98845	0.97413	0.97265	0.93419	0.91385	0.91033	0.90465	0.73208	0.65453	0.61184	0.73708	0.20387	0.18705	0.19686	0.19226	0.086357	0.085377	0.074674	0.064567	0.018225	0.040741	0.035294	0.057706	0.0046240	0.012922	0.0045598	0.014182	0.0043121	0.0025799	0.0033425	-0.0017552								
2.4194	1.0299	1.0151	1.0041	0.98027	0.94672	0.92939	0.91784	0.91094	0.75909	0.66972	0.64288	0.76448	0.23230	0.20896	0.21532	0.20030	0.097602	0.088215	0.082017	0.063091	0.019581	0.042769	0.048070	0.047078	0.0074572	-0.00085505	-0.0046231	0.012182	0.0071640	0.00060385	0.0035250	-0.0033590								
2.4556	0.99257	1.0124	0.98335	0.99604	0.95782	0.94186	0.92391	0.90397	0.79823	0.71046	0.67606	0.77346	0.25683	0.21915	0.22912	0.21293	0.099697	0.096665	0.084332	0.072189	0.020635	0.051003	0.040110	0.058408	0.010265	0.0058469	0.0082330	0.0063836	-0.0064952	0.00066465	0.0079331	-0.0044628								
2.4917	0.96684	1.0048	0.98973	0.98421	0.95787	0.93793	0.91899	0.91581	0.81155	0.74163	0.73039	0.80542	0.27602	0.24639	0.25657	0.23689	0.10357	0.092377	0.092551	0.066622	0.021840	0.052730	0.043803	0.061216	0.0055429	0.015264	0.00075912	0.0069835	0.0034949	0.0012119	0.0030477	-0.0065667								
2.5278	1.0040	1.0038	0.98994	0.97376	0.97761	0.94003	0.92212	0.90591	0.84485	0.77339	0.74889	0.82823	0.29031	0.26469	0.25727	0.24892	0.11580	0.10335	0.095158	0.085154	0.020911	0.050703	0.046124	0.065259	0.013915	0.015464	0.010172	0.014007	0.0049959	-0.00091622	0.0043673	0.0021079								
2.5639	1.0013	0.98970	1.0185	0.97199	0.96126	0.93761	0.93501	0.90848	0.86478	0.78802	0.78996	0.84204	0.30922	0.26565	0.28331	0.27554	0.12043	0.10856	0.094428	0.080670	0.026836	0.054357	0.052088	0.062887	0.0045985	0.011054	-0.0012560	0.012732	0.0047791	0.0053617	0.0031741	-0.00092739								
2.6000	0.98573	0.99877	0.99877	0.97290	0.98034	0.94729	0.93939	0.93394	0.87700	0.81363	0.80394	0.85161	0.33443	0.29273	0.30431	0.29085	0.12072	0.11291	0.096368	0.089058	0.032334	0.061115	0.055731	0.071674	0.0039093	0.025803	0.012544	0.018831	0.0048124	-0.00071861	0.0019808	-0.0028244								
2.6361	0.97934	0.99218	0.96644	0.97226	0.98451	0.94206	0.94706	0.90418	0.90470	0.83259	0.83206	0.86592	0.36163	0.32461	0.32309	0.31451	0.13523	0.12704	0.10404	0.091916	0.032334	0.060089	0.058326	0.073175	0.0073296	0.016685	0.0085646	0.0069335	-0.00039110	-0.00033860	0.00011371	-0.0037212								
2.6722	1.0117	0.98117	0.99760	0.98892	0.96639	0.95300	0.94880	0.90735	0.92164	0.86957	0.86781	0.86930	0.39276	0.33745	0.35157	0.33614	0.13555	0.13227	0.11779	0.10608	0.046994	0.064294	0.067235	0.076516	0.012562	0.018030	0.015937	0.020231	0.0022107	0.0055593	0.0043252	-0.0033245								
2.7083	1.0077	1.0004	1.0222	0.99246	0.98776	0.92894	0.94130	0.92640	0.92293	0.87286	0.87075	0.89393	0.41969	0.36910	0.37439	0.36198	0.14782	0.14711	0.11529	0.11258	0.042250	0.058287	0.068857	0.073902	0.011975	0.023785	0.013386	0.032153	0.00095982	0.00019343	0.0065433	-0.0024795								
2.7444	0.99951	0.98876	0.97074	0.99316	0.98498	0.94935	0.94012	0.91693	0.93283	0.88575	0.88048	0.88575	0.44587	0.39107	0.39949	0.38590	0.15054	0.14459	0.12833	0.11374	0.033313	0.067973	0.061221	0.083246	0.019785	0.023262	0.015783	0.023380	-0.0012917	0.00039104	0.010137	-0.0036695								
2.7806	1.0024	0.99786	0.99475	0.99682	0.96944	0.94184	0.96310	0.91540	0.94876	0.91853	0.91147	0.90777	0.48467	0.43085	0.42447	0.40921	0.16058	0.16658	0.13346	0.12037	0.041748	0.071878	0.079562	0.086587	0.012766	0.027497	0.0078249	0.019856	0.0028611	0.0027319	0.0083121	-0.0031176								
2.8167	1.0057	0.99036	1.0142	1.0214	1.0058	0.93848	0.94817	0.92346	0.94432	0.91049	0.90928	0.90744	0.49327	0.45450	0.44896	0.44668	0.17920	0.15449	0.14499	0.12151	0.049228	0.077334	0.079013	0.080898	0.012894	0.024707	0.018870	0.015657	0.0034949	-0.0013570	0.0080173	0.0030219								
2.8528	1.0050	0.99396	0.98192	1.0119	0.99210	0.93884	0.95390	0.92414	0.95542	0.91701	0.95324	0.90909	0.54129	0.47302	0.48630	0.47055	0.17337	0.16988	0.14747	0.13059	0.053270	0.082665	0.074921	0.097287	0.0080442	0.025753	0.014278	0.028929	0.0028111	0.00043664	0.0054062	0.00027981								
2.8889	1.0092		0.98323	1.0062	0.98438	0.95099	0.95932	0.92854	0.95666	0.92070	0.93631	0.90615	0.57162	0.50710	0.51236	0.49018	0.18502	0.18890	0.14950	0.14144	0.051061	0.079462	0.079338	0.092542	0.013940	0.023935	0.014993	0.033553	-0.0016086	0.00016303	0.011162	0.0018319								
2.9250	1.0004		1.0153	1.0140	0.99205	0.94197	0.97568	0.92479	0.97590	0.95515	0.95021	0.91484	0.59635	0.54650	0.53793	0.52308	0.19876	0.18905	0.16673	0.14387	0.049605	0.092251	0.079438	0.10053	0.018662	0.023511	0.022645	0.023955	0.00042612	0.0044648	0.0033425	-0.0055320								
2.9611	0.99937		0.99101	0.99865	0.98404	0.93894	0.95924	0.92949	0.97469	0.94699	0.98438	0.92063	0.62740	0.57323	0.56979	0.55780	0.20906	0.19977	0.17589	0.14772	0.055053	0.098308	0.098677	0.099200	0.031654	0.030636	0.014483	0.025030	0.0024275	0.0069881	0.010320	-0.0037729								
2.9972	0.98394		1.0023	0.99026	0.97369	0.93432	0.95603	0.93620	0.97808	0.95505	0.95545	0.92021	0.65971	0.59245	0.59785	0.58214	0.22224	0.21261	0.19019	0.16051	0.060676	0.094104	0.096232	0.10748	0.022159	0.036790	0.026624	0.033253	0.0016603	0.0030816	0.0088175	-0.00061697								
3.0333	1.0119		1.0307	1.0112	0.96916	0.94041	0.95981	0.95142	0.98008	0.96039	0.94881	0.92362	0.69759	0.62817	0.64243	0.62387	0.23596	0.22094	0.19483	0.16896	0.064818	0.11330	0.090367	0.11276	0.023512	0.034448	0.029609	0.033878	0.0076644	0.0061825	0.0080033	-0.0035660								
3.0694	1.0038		1.0002	1.0086	0.97943	0.95621	0.95733	0.94699	0.97650	0.96447	0.96748	0.92035	0.71757	0.66243	0.66750	0.64474	0.24457	0.23542	0.19316	0.18527	0.074533	0.10697	0.099725	0.10944	0.028693	0.033875	0.017135	0.030778	0.0035949	0.0040848	0.0043814	-0.0036005								
3.1056			1.0039	1.0021	0.98906	0.95127	0.97106	0.94193	0.97713	0.95945	0.96921	0.91524	0.74883	0.68573	0.67567	0.66620	0.26619	0.24675	0.21156	0.18940	0.081512	0.11270	0.10359	0.11721	0.032930	0.044887	0.019227	0.035227	0.0023274	0.0067449	0.0077225	0.0047292								
3.1417			1.0013	0.99376	0.97366	0.94940	0.96086	0.94208	0.96895	0.96550	0.97335	0.94054	0.77050	0.71666	0.72011	0.70563	0.27341	0.25245	0.21302	0.19212	0.071420	0.12018	0.10529	0.12992	0.024431	0.039531	0.028206	0.035802	0.0020272	0.0067297	0.0092106	-0.00041002								
3.1778			1.0200	1.0086	0.98158	0.95976	0.96643	0.95580	0.98244	0.95506	0.98744	0.93628	0.78967	0.73313	0.73015	0.73241	0.28965	0.26384	0.22274	0.20746	0.074960	0.11670	0.11003	0.13486	0.036810	0.048226	0.015044	0.036477	0.0053962	0.0084626	0.0061783	-0.0019794								
3.2139			1.0105	1.0109	0.99001	0.96707	0.96635	0.94781	0.97376	0.96875	0.98982	0.94139	0.81801	0.76991	0.77238	0.75044	0.29138	0.29629	0.23924	0.22250	0.086357	0.11801	0.12074	0.12910	0.035432	0.038883	0.019151	0.045950	0.0076977	0.010925	0.0094071	-0.0034625								
3.2500			0.99057	0.99766	0.97088	0.95938	0.97379	0.94569	0.99504	0.94762	0.95560	0.93314	0.83162	0.78622	0.78996	0.75796	0.32036	0.29581	0.24462	0.22452	0.10142	0.12567	0.12041	0.13733	0.041379	0.043517	0.024380	0.035352	0.0037951	0.0079762	0.0077085	-0.0059631								
3.2861			1.0061	1.0076	0.98004	0.97182	0.96506	0.97218	0.98761	0.96106	0.98624	0.94199	0.85114	0.80967	0.80634	0.80817	0.31865	0.29768	0.25962	0.24114	0.090424	0.13010	0.12900	0.13164	0.038648	0.046258	0.030476	0.038827	-0.00087476	0.0053465	0.012243	-0.0032038								
3.3222				1.0071	0.97959	0.97182	0.96789	0.96260	0.98434	0.95468	0.96874	0.94059	0.87374	0.83870	0.83777	0.81508	0.33918	0.31015	0.27714	0.25327	0.092231	0.14942	0.12391	0.14362	0.033033	0.041599	0.030272	0.040351	0.0081814	0.0082650	0.0076663	-0.0034453								
3.3583				1.0140	0.97849	0.95464	0.97402	0.95216	0.97761	0.95463	0.98233	0.94297	0.88333	0.84854	0.85201	0.83732	0.35478	0.33857	0.28352	0.26016	0.10041	0.14021	0.13523	0.15185	0.035764	0.049098	0.036598	0.041551	0.00020931	0.012643	0.013548	-0.0015655								
3.3944				0.99699	0.97441	0.95848	0.96043	0.95978	0.97428	0.94813	0.96357	0.93178	0.89397	0.85560	0.85190	0.84425	0.37282	0.34260	0.28857	0.27724	0.10847	0.14096	0.13548	0.16076	0.041787	0.051888	0.030221	0.039251	0.0044955	0.0039632	0.0082560	0.00067646								
3.4306				0.99136	0.97419	0.96035	0.97314	0.96609	0.97961	0.95398	0.97803	0.93947	0.92947	0.88011	0.87494	0.86252	0.38900	0.35895	0.31913	0.28172	0.10820	0.14341	0.14332	0.15987	0.043549	0.056024	0.037797	0.049824	0.0055629	0.0060913	0.014222	0.00098689								
3.4667				0.99203	0.97318	0.96266	0.95745	0.96098	0.96231	0.96752	0.99805	0.94453	0.91988	0.88797	0.88310	0.87952	0.41497	0.37440	0.32726	0.30608	0.12266	0.15047	0.14387	0.16609	0.048449	0.051265	0.034302	0.053948	0.0039952	0.011016	0.013380	0.0050396								
3.5028				0.99897	0.98613	0.96180	0.96615	0.96753	0.96671	0.94528	0.95720	0.94573	0.92083	0.88873	0.90209	0.87690	0.42473	0.39145	0.33817	0.31849	0.12735	0.16804	0.16111	0.16764	0.046611	0.061131	0.045526	0.048449	0.0058965	0.010439	0.012397	-0.0057734								
3.5389				0.99787	0.97804	0.96670	0.95801	0.97691	0.97582	0.95123	0.97383	0.95422	0.94399	0.90305	0.91609	0.88928	0.44063	0.42199	0.35691	0.33039	0.11806	0.17084	0.16615	0.16863	0.049240	0.059637	0.042797	0.054698	0.0088318	0.018617	0.012720	0.00069371								
3.5750				0.98110	0.98663	0.96892	0.95833	0.97121	0.97566	0.96888	0.96757	0.95284	0.94469	0.91726	0.95135	0.89128	0.45701	0.42124	0.35924	0.35548	0.11927	0.17590	0.17124	0.18863	0.047198	0.055027	0.046801	0.056173	0.00062626	0.011138	0.0099546	0.00074545								
3.6111				0.98290	0.98061	0.96625	0.96054	0.97767	0.99593	0.94950	0.97786	0.95509	0.94037	0.92596	0.91842	0.89315	0.47724	0.43887	0.37401	0.36678	0.11440	0.17928	0.16875	0.18763	0.050517	0.059437	0.046495	0.053798	0.0039118	0.012704	0.011078	-0.00082392								
3.6472				0.98509	0.99136	0.96100	0.95852	0.98553	0.99207	0.94388	0.96967	0.96444	0.94391	0.89737	0.93036	0.90738	0.49758	0.47034	0.39752	0.37913	0.13498	0.19287	0.17985	0.19739	0.057281	0.066911	0.038588	0.057222	0.0077311	0.014163	0.014882	-0.0054803								
3.6833				1.0031	0.98148	0.97280	0.97669	0.97922	0.98385	0.96854	0.96529	0.96301	0.93561	0.92036	0.95884	0.90100	0.50784	0.47389	0.41296	0.39783	0.14696	0.18498	0.18874	0.21029	0.060675	0.083953	0.059964	0.067945	0.0022107	0.020441	0.011920	0.0039704								
3.7194					0.99483	0.96296	0.96476	0.98636	0.97846	0.95774	0.96602	0.95692	0.94571	0.92935	0.91919	0.90932	0.52944	0.50114	0.42939	0.41315	0.14389	0.19099	0.18726	0.19511	0.051333	0.069453	0.039506	0.069345	0.0088652	0.021596	0.020175	0.0028494								
3.7556					1.0021	0.97923	0.98088	0.98798	0.97131	0.97399	0.96903	0.94756	0.95476	0.93211	0.95973	0.89841	0.55856	0.51364	0.44714	0.44920	0.14635	0.20173	0.20271	0.21688	0.046152	0.066812	0.045603	0.069345	0.0068471	0.022919	0.014250	0.0059709								
3.7917					0.99760	0.97950	0.97985	0.98274	0.97245	0.95071	0.95543	0.96423	0.94293	0.92733	0.95820	0.91640	0.59165	0.54717	0.46016	0.45604	0.15838	0.19920	0.20403	0.21143	0.067082	0.079917	0.055015	0.068870	0.0045956	0.020213	0.015668	0.0033151								
3.8278					0.99590	0.96954	0.97383	0.97605	0.99007	0.96164	0.97098	0.97504	0.94723	0.93322	0.94642	0.91189	0.60702	0.55192	0.48133	0.45746	0.16011	0.21204	0.20558	0.22099	0.068741	0.078297	0.057770	0.076543	0.010149	0.020973	0.016342	-0.0015655								
3.8639					0.99103	0.97342	0.97058	0.97808	0.98662	0.96418	0.96091	0.97157	0.94957	0.94087	0.96808	0.92402	0.61105	0.57767	0.50046	0.49660	0.17123	0.21347	0.21474	0.22366	0.057000	0.073613	0.060882	0.065021	0.0065469	0.017537	0.016061	0.0037290								
3.9000					0.99358	0.98169	0.96439	0.98857	0.97461	0.96059	0.95655	0.96211	0.93590	0.92857	0.97932	0.92185	0.65607	0.60506	0.52510	0.52365	0.17482	0.22040	0.20733	0.23830	0.070579	0.083305	0.063535	0.077843	0.010750	0.021140	0.018125	0.0073678								
3.9361					1.0010	0.97254	0.99354	0.99006	0.97659	0.96687	0.99064	0.96896	0.94285	0.94383	0.96175	0.92563	0.68556	0.62383	0.53382	0.52707	0.17912	0.22846	0.22966	0.24692	0.079895	0.091253	0.065091	0.074619	0.0066136	0.024378	0.021508	0.0098167								
3.9722					0.98791	0.95563	0.96836	0.99588	0.98979	0.98024	0.97386	0.96602	0.94215	0.92898	0.96931	0.92295	0.69231	0.64578	0.55023	0.55522	0.17939	0.23890	0.24022	0.24438	0.062385	0.087964	0.070983	0.078368	0.015203	0.022189	0.018672	0.0070057								
4.0083					0.98769	0.98119	0.98176	0.97734	0.98440	0.97151	0.96733	0.97083	0.94413	0.93694	0.97379	0.93213	0.70137	0.65008	0.57332	0.56942	0.19862	0.24818	0.23580	0.25978	0.077138	0.097979	0.070856	0.072594	0.012251	0.016276	0.023347	0.0082646								
4.0444					0.99323	0.97867	0.97138	0.99621	0.97208	0.96830	0.98111	0.95607	0.95097	0.93970	0.97724	0.92712	0.72997	0.68523	0.59020	0.59518	0.19711	0.25484	0.24396	0.25731	0.067337	0.099624	0.072998	0.089715	0.016270	0.024819	0.018335	0.0073161								
4.0806					0.99755	0.97665	0.98065	0.99473	0.97887	0.97684	0.97695	0.97839	0.94528	0.93437	0.95903	0.93322	0.74265	0.70398	0.60845	0.60786	0.19139	0.26185	0.26218	0.26481	0.076449	0.089110	0.075549	0.083692	0.0069305	0.027251	0.018069	0.0081094								
4.1167					0.98749	0.98732	0.98808	0.99964	0.99595	0.97238	0.97793	0.98298	0.94792	0.94994	0.96466	0.94725	0.77477	0.71407	0.63955	0.63213	0.21024	0.26493	0.27618	0.27144	0.089467	0.10194	0.077437	0.085366	0.018438	0.025670	0.016609	0.013283								
4.1528					0.99965	0.97996	0.97934	0.99218	0.97206	0.98128	0.98341	0.97273	0.95312	0.94026	0.95891	0.93616	0.79121	0.73726	0.64373	0.64108	0.21820	0.27562	0.26809	0.28408	0.089926	0.10127	0.078534	0.075743	0.011901	0.028953	0.020540	0.013559								
4.1889					1.0142	0.97685	0.98565	1.0083	0.98949	0.95730	0.98613	0.98302	0.94988	0.95970	0.95557	0.93764	0.81953	0.75424	0.67205	0.66964	0.21622	0.28140	0.27019	0.29253	0.085740	0.10351	0.085089	0.094514	0.015019	0.031963	0.021831	0.011955								
4.2250					1.0000	0.98517	0.99339	0.99635	0.97883	0.98147	0.99432	0.97848	0.95411	0.95021	0.96182	0.94313	0.83629	0.76816	0.69354	0.68530	0.22204	0.28906	0.27875	0.29183	0.10014	0.10792	0.086849	0.10211	0.018638	0.031933	0.022519	0.018181								
4.2611					1.0075	0.97744	0.98731	1.0004	0.99375	0.98461	0.98449	0.97342	0.94545	0.96180	0.97337	0.93332	0.83220	0.80147	0.69487	0.69059	0.23136	0.29401	0.28366	0.30357	0.081580	0.11612	0.076008	0.10294	0.019789	0.028847	0.023235	0.018853								
4.2972					1.0088	0.98258	0.99125	1.0113	0.98163	0.98150	0.98919	0.98650	0.94313	0.95728	0.96993	0.94038	0.84754	0.81572	0.72954	0.72595	0.24175	0.31131	0.28970	0.32177	0.10550	0.11470	0.087742	0.097789	0.016720	0.034061	0.022631	0.011196								
4.3333					0.98524	0.97676	0.99236	1.0144	0.97869	0.98217	0.99055	0.99597	0.95672	0.94846	0.96031	0.95398	0.86432	0.82977	0.75904	0.73757	0.23442	0.30790	0.30348	0.32923	0.10070	0.11614	0.087615	0.10136	0.024242	0.035885	0.024386	0.019647								
4.3694					1.0015	1.0081	0.98710	1.0082	0.97638	0.98342	0.98611	0.97565	0.97541	0.97146	0.96933	0.95393	0.87190	0.82562	0.77089	0.74463	0.24782	0.33448	0.31261	0.32366	0.10608	0.11534	0.099884	0.10606	0.020106	0.038788	0.023221	0.016215								
4.4056					1.0051	0.99422	0.99780	1.0099	0.96707	0.97897	0.99777	0.98470	0.97085	0.95378	0.97295	0.93633	0.90487	0.85068	0.77487	0.76651	0.25415	0.31499	0.33132	0.33654	0.099038	0.12960	0.090318	0.10006	0.021991	0.038423	0.030212	0.015594								
4.4417					0.99760	0.97497	0.98932	1.0033	0.99240	0.99068	0.99660	0.98869	0.96701	0.95620	0.96067	0.94981	0.90694	0.85619	0.79337	0.78054	0.27172	0.32295	0.32371	0.33661	0.10728	0.12200	0.094986	0.11359	0.020240	0.043987	0.026829	0.016991								
4.4778					1.0277	1.0029	0.98781	1.0213	0.97063	0.97876	0.98087	0.98683	0.97483	0.97466	0.95551	0.96284	0.93379	0.87948	0.79304	0.79279	0.27619	0.33979	0.33938	0.36450	0.10338	0.12955	0.096823	0.10964	0.027094	0.037450	0.027966	0.024493								
4.5139					0.98976	0.98188	0.98373	1.0126	0.98565	0.99512	0.99211	0.98369	0.96499	0.97950	0.97766	0.96238	0.91954	0.89451	0.83395	0.80705	0.28387	0.34772	0.33579	0.36278	0.10394	0.13032	0.10578	0.11284	0.022975	0.041038	0.036277	0.023769								
4.5500					1.0079	0.99208	0.99862	1.0183	0.98218	0.97941	1.0031	0.99600	0.97263	0.98996	0.96018	0.94507	0.89955	0.91502	0.82679	0.80508	0.29040	0.35643	0.35915	0.37593	0.11484	0.12872	0.10606	0.12273	0.024292	0.040871	0.030394	0.025234								
4.5861					1.0098	0.98490	0.99805	1.0114	0.99306	0.98053	0.99584	0.97739	0.97960	0.97595	0.95944	0.96380	0.95543	0.89104	0.82162	0.81605	0.29989	0.36404	0.36122	0.37946	0.11974	0.12740	0.10481	0.12016	0.028145	0.043667	0.030858	0.030857								
4.6222					1.0136	0.99877	0.99572	1.0263	0.97511	1.0024	0.99491	0.99375	0.97517	0.95952	0.98480	0.96247	0.93393	0.92478	0.85912	0.83595	0.29602	0.38707	0.37896	0.38547	0.12398	0.13690	0.10812	0.11573	0.032865	0.044123	0.036712	0.035634								
4.6583					0.99818	0.97201	0.99323	1.0157	0.98509	0.99786	0.99120	0.97944	0.97719	0.96338	0.96403	0.95751	0.93246	0.92249	0.85155	0.85808	0.31704	0.37473	0.38443	0.38297	0.13066	0.13752	0.11021	0.12893	0.035150	0.048380	0.037007	0.028528								
4.6944					1.0170	0.98121	0.99382	1.0201	1.0029	0.99004	1.0003	1.0004	0.97648	0.97569	0.97394	0.95731	0.93556	0.90592	0.86202	0.84927	0.32409	0.40532	0.38086	0.40832	0.13837	0.15600	0.12034	0.12238	0.029146	0.052271	0.035097	0.032219								
4.7306					1.0042	0.99584	1.0063	1.0127	0.99171	0.99914	1.0103	0.99250	0.98803	0.99394	0.96855	0.95831	0.94852	0.92696	0.87633	0.84813	0.32620	0.40935	0.40060	0.40791	0.12295	0.14985	0.11613	0.13281	0.033665	0.049672	0.041106	0.031150								
4.7667					1.0150	0.98255	0.99297	1.0246	0.97759	0.98249	0.99878	0.99443	0.98192	0.97800	0.97354	0.96154	0.95763	0.93539	0.87199	0.87428	0.32964	0.40597	0.41377	0.43492	0.14006	0.14228	0.12868	0.12018	0.032548	0.048349	0.036810	0.025631								
4.8028					1.0074	0.98561	0.98515	1.0287	0.98565	0.99107	0.98348	0.99444	0.96749	0.98405	0.99002	0.96400	0.96079	0.92749	0.89903	0.88613	0.33704	0.42073	0.42054	0.44592	0.13676	0.16094	0.12299	0.14290	0.032031	0.050584	0.037301	0.032805								
4.8389					1.0225	1.0040	0.98791	1.0196	0.99997	0.98251	1.0128	0.99731	0.98002	0.97423	0.97314	0.97343	0.94142	0.95923	0.88025	0.87480	0.35158	0.43543	0.42927	0.45156	0.14631	0.15194	0.12894	0.13938	0.037618	0.053426	0.044419	0.039324								
4.8750					1.0198	0.99891	1.0007	1.0259	0.98983	0.99058	1.0041	0.98815	0.98008	0.97583	0.99368	0.97883	0.95164	0.93573	0.88712	0.88301	0.36190	0.45445	0.43329	0.44812	0.15101	0.15668	0.12715	0.13938	0.034349	0.054126	0.038817	0.036220								
4.9111					1.0191	1.0032	1.0148	1.0265	0.99339	1.0017	1.0077	0.98478	0.97248	0.98377	0.97641	0.96737	0.94844	0.95362	0.90618	0.89593	0.36142	0.46143	0.44334	0.46126	0.15221	0.17098	0.12878	0.14983	0.035100	0.053183	0.038705	0.039393								
4.9472					1.0247	0.98598	1.0011	1.0148	0.98286	0.98381	1.0195	0.98848	0.99015	0.97130	0.99555	0.96099	0.95368	0.95910	0.91344	0.88611	0.37949	0.47152	0.44080	0.47315	0.14194	0.16761	0.14281	0.14768	0.040420	0.052438	0.044363	0.039669								
4.9833					0.99860	1.0033	1.0060	1.0270	0.99159	1.0056	1.0085	0.97701	0.98451	0.98366	0.98503	0.97892	0.95352	0.95090	0.89675	0.90049	0.39147	0.46644	0.46081	0.47192	0.15680	0.17043	0.13853	0.15303	0.042188	0.057926	0.042032	0.042687								
5.0194					1.0174	1.0084	0.99896	1.0306	0.96946	0.99812	0.99558	0.99983	0.98381	0.96572	0.99087	0.96670	0.96567	0.96905	0.91396	0.90273	0.39589	0.49660	0.48292	0.49816	0.16068	0.18226	0.14210	0.15910	0.047358	0.055554	0.049894	0.042635								
5.0556					1.0163	1.0028	0.99336	1.0156	0.99799	0.98822	1.0001	0.99829	0.99105	0.97476	0.97898	0.97064	0.96970	0.95736	0.92051	0.91037	0.41200	0.50578	0.49500	0.49421	0.15297	0.18027	0.15085	0.15443	0.042938	0.058868	0.053165	0.044153								
5.0917					1.0138	0.99856	1.0211	1.0336	0.98824	0.99423	1.0024	0.99047	0.97721	0.98687	0.99261	0.96979	0.95872	0.96995	0.93803	0.91889	0.41052	0.51217	0.48903	0.49852	0.16050	0.17586	0.14700	0.15013	0.046224	0.064021	0.042959	0.043049								
5.1278					1.0232	0.99017	0.99009	1.0198	0.99651	1.0028	1.0097	0.99887	0.99128	0.98668	0.98337	0.97112	0.96317	0.96303	0.95259	0.93460	0.43972	0.52200	0.50922	0.52435	0.16811	0.18912	0.15192	0.16060	0.052678	0.062957	0.052294	0.050172								
5.1639						1.0203	1.0081		0.98000	0.98822	1.0055	0.99588	0.99033	0.99187	0.98966	0.97141	0.96218	0.97283	0.92045	0.93118	0.44110	0.53239	0.51534	0.51336	0.16642	0.18894	0.14743	0.16440	0.048242	0.063596	0.049964	0.048171								
5.2000						0.99856	1.0057		0.98715	1.0060	1.0146	0.98363	0.99237	0.99142	0.98639	0.98047	0.96323	0.97577	0.93868	0.94940	0.45169	0.54468	0.51943	0.53989	0.17352	0.19051	0.15345	0.16107	0.059600	0.062334	0.048939	0.056122								
5.2361						0.99354	1.0107		0.98791	1.0065	1.0110	0.99582	0.97808	0.99253	0.98510	0.95975	0.99854	0.97195	0.94073	0.94523	0.45315	0.54693	0.54338	0.54074	0.17472	0.19173	0.15649	0.16972	0.046491	0.068004	0.056899	0.053017								
5.2722						1.0141	1.0165		0.98541	1.0016	0.99876	1.0018	0.98922	0.97749	0.99554	0.96269	0.98272	0.96926	0.96803	0.92767	0.47308	0.55294	0.56310	0.56386	0.18551	0.19123	0.16516	0.17970	0.049893	0.066013	0.054161	0.054776								
5.3083						0.98934	1.0062		0.98985	0.98800	1.0083	0.98536	0.98405	0.99454	0.98467	0.97410	0.97784	0.98674	0.95539	0.94981	0.48508	0.57539	0.56135	0.57437	0.19417	0.19181	0.16952	0.17950	0.052011	0.070755	0.053347	0.059691								
5.3444						0.99843	1.0186		0.98757	0.99337	0.99983	1.0047	0.99523	0.99107	0.99792	0.98460	0.97419	0.98922	0.94773	0.91745	0.48970	0.57196	0.56397	0.56686	0.18363	0.20035	0.16876	0.16892	0.060083	0.073537	0.051957	0.055104								
5.3806						1.0112	1.0048		0.98852	1.0098	1.0138	1.0058	0.99992	0.99169	0.99289	0.97075	0.97780	0.98899	0.94750	0.96139	0.50220	0.58465	0.59332	0.59151	0.20777	0.21393	0.17174	0.18322	0.052762	0.075847	0.058991	0.059157								
5.4167						0.99992	1.0117		0.99425	0.99893	1.0099	0.99551	0.97965	0.99285	0.97620	0.97559	0.96494	0.98611	0.96530	0.94542	0.50305	0.61133	0.60300	0.59809	0.19325	0.21600	0.18001	0.19569	0.056581	0.074783	0.053052	0.065676								
5.4528						1.0140	1.0146		0.97879	1.0039	1.0100	1.0094	1.0062	0.98289	0.98860	0.96936	0.98348	0.97701	0.95762	0.95278	0.52110	0.62540	0.60901	0.62298	0.19889	0.22292	0.16845	0.19159	0.064203	0.079693	0.061040	0.056949								
5.4889						1.0005	1.0151		0.99094	1.0064	1.0165	1.0014	0.99458	0.98689	0.98484	0.99195	0.97046	0.98920	0.97026	0.96386	0.52650	0.64054	0.61201	0.63697	0.19784	0.21697	0.18572	0.19877	0.069156	0.079420	0.053698	0.065831								
5.5250						0.98111	1.0060		0.98630	1.0109	1.0134	1.0044	0.98766	0.98375	0.99969	0.98953	0.98280	0.99042	0.95952	0.95371	0.54058	0.64087	0.63811	0.63368	0.19478	0.22619	0.18804	0.19084	0.057048	0.083767	0.064409	0.067314								
5.5611						0.99319	1.0179		0.99074	1.0213	1.0044	1.0063	0.97409	1.0103	0.99159	0.98315	0.97709	0.99473	0.95827	0.95822	0.55914	0.65343	0.65211	0.63590	0.21135	0.23558	0.18062	0.19352	0.064703	0.088555	0.062570	0.072264								
5.5972						1.0070	1.0153		0.98708	0.99777	1.0125	0.99394	0.98861	0.99575	0.99584	0.97190	0.98765	0.99252	0.96653	0.95401	0.55552	0.69120	0.65737	0.65280	0.21502	0.23321	0.20156	0.19814	0.063686	0.088358	0.063820	0.071694								
5.6333						1.0001	1.0389		0.97741	1.0087	1.0011	1.0140	0.97489	0.99300	0.98873	0.97735	0.98247	0.98836	0.97174	0.96420	0.58391	0.67989	0.66741	0.66546	0.21275	0.23531	0.20317	0.20949	0.067655	0.083402	0.067568	0.065089								
5.6694						0.99236	1.0135		1.0038	1.0022	1.0265	1.0073	0.99803	0.98229	0.98520	0.98493	0.98217	0.97743	0.95967	0.96025	0.58017	0.69758	0.69787	0.65757	0.21972	0.24609	0.18855	0.20954	0.074143	0.089923	0.065687	0.076678								
5.7056						0.99670	1.0245		0.98519	1.0149	1.0158	1.0039	1.0064	0.99811	0.99554	0.98866	0.98280	0.99742	0.97982	0.96418	0.60831	0.70144	0.68056	0.67335	0.23638	0.25095	0.20337	0.21321	0.077829	0.091504	0.070474	0.076575								
5.7417						1.0094	1.0287		0.99066	1.0176	1.0409	1.0104	0.97986	1.0132	1.0005	0.98872	0.99463	0.99061	0.96457	0.96035	0.61507	0.69918	0.69091	0.69369	0.22288	0.24099	0.21722	0.22796	0.069073	0.088570	0.065701	0.084422								
5.7778						1.0189			0.98511	1.0111		0.99560	0.98740	0.99595	0.99308	0.99171	0.98086	0.99160	0.97617	0.96369	0.62556	0.72577	0.71245	0.70923	0.23059	0.25713	0.21947	0.22901	0.081448	0.094483	0.067470	0.075454								
5.8139						1.0086			0.99108	0.99936		1.0083	0.99600	0.99355	1.0053	0.99874	0.99809	1.0020	0.98098	0.95801	0.62990	0.73385	0.73600	0.69998	0.24016	0.25731	0.21791	0.21619	0.081514	0.093754	0.071948	0.080610								
5.8500						1.0094			0.99488	1.0114		1.0075	1.0070	1.0002	0.99618	0.98312	1.0105	0.98689	0.97936	0.96631	0.65506	0.74349	0.74339	0.71727	0.23912	0.25726	0.22230	0.22724	0.079496	0.099743	0.070656	0.090854								
5.8861						1.0154			1.0085	1.0046		1.0048	1.0042	0.99292	0.99117	0.98073	0.98598	0.99610	0.97252	0.97628	0.64976	0.75220	0.73086	0.72632	0.24292	0.26480	0.22597	0.23976	0.080630	0.095624	0.079852	0.089389								
5.9222						1.0044			0.99958	1.0032		1.0004	1.0165	0.99343	1.0035	0.97746	0.98310	0.99133	0.99269	0.97596	0.68242	0.75638	0.74062	0.73274	0.25019	0.28028	0.22556	0.23898	0.075744	0.10487	0.078265	0.085060								
5.9583						1.0142			1.0103	0.99960		1.0044	1.0035	1.0010	1.0117	0.97565	0.98612	0.98424	0.98144	0.97327	0.68275	0.78251	0.75717	0.74099	0.26666	0.28162	0.23753	0.24073	0.087985	0.10456	0.076637	0.091234								
5.9944						1.0164			1.0085	1.0153		0.99013	1.0095	0.99548	1.0117	0.99894	0.98659	1.0173	0.96824	0.98730	0.70042	0.78371	0.78367	0.75729	0.25127	0.28673	0.23816	0.24081	0.082865	0.099333	0.072102	0.088095								
6.0306						1.0058			0.99038	1.0132		1.0081	1.0106	0.99995	1.0009	0.99735	0.98409	0.99128	0.96991	0.97021	0.71041	0.78957	0.77668	0.76738	0.26773	0.28653	0.24926	0.24636	0.081381	0.10312	0.076960	0.093872								
6.0667						1.0254			1.0044	1.0156		1.0133	1.0040	0.99774	1.0168	0.97188	0.98955	0.99698	0.98534	0.98185	0.72100	0.81657	0.81072	0.77312	0.26244	0.29375	0.23903	0.24846	0.084250	0.10791	0.085186	0.092786								
6.1028						0.99984			0.99694	1.0160		1.0097	0.99630	1.0038	1.0059	0.99341	0.99213	0.98855	0.98952	0.96481	0.73710	0.80816	0.79545	0.77762	0.25678	0.30634	0.24967	0.24823	0.085617	0.10728	0.086155	0.096390								
6.1389						1.0144			0.99504	1.0047		1.0180	0.98414	1.0085	1.0220	0.98223	0.99410	1.0021	0.99442	0.98904	0.74887	0.83141	0.81483	0.79002	0.27332	0.30163	0.24219	0.24688	0.089770	0.11117	0.085621	0.10441								
6.1750						1.0052			1.0119	1.0159		1.0086	1.0155	0.99807	1.0035	0.97593	0.99974	1.0011	0.99189	0.96324	0.75879	0.83294	0.81192	0.80040	0.28830	0.30392	0.25773	0.25538	0.087485	0.12302	0.087699	0.098529								
6.2111									0.99629			0.99704	0.99797	0.99573	1.0099	0.99142	0.98703	1.0090	0.96603	0.96804	0.76511	0.85484	0.83023	0.81212	0.28455	0.30519	0.25954	0.27028	0.096575	0.11914	0.090928	0.10719								
6.2472									1.0079			1.0143	1.0044	1.0107	1.0056	0.98659	0.99948	1.0019	0.98716	0.97027	0.77829	0.85887	0.83712	0.80641	0.28087	0.31688	0.26684	0.26183	0.096191	0.12042	0.091251	0.10496								
6.2833									0.97594			1.0238	1.0027	1.0017	1.0044	1.0017	0.98822	1.0016	0.98284	0.97682	0.77576	0.84876	0.85237	0.82517	0.29129	0.33105	0.26819	0.27555	0.099126	0.11928	0.085930	0.10006								
6.3194									0.99534			1.0084	0.98883	1.0027	1.0139	1.0027	0.98084	0.99484	0.99060	0.98273	0.78853	0.88735	0.85169	0.81798	0.27546	0.31331	0.27362	0.28837	0.10293	0.12528	0.097456	0.10627								
6.3556									1.0048			1.0124	1.0011	1.0036	1.0028	0.98391	1.0041	0.99902	0.97564	0.97651	0.80269	0.87366	0.86110	0.83848	0.28925	0.34097	0.28599	0.27118	0.097592	0.12391	0.096585	0.10976								
6.3917									0.99023				1.0031	0.99653	1.0044	0.98783	1.0110	0.99984	0.98330	0.97337	0.80779	0.87992	0.87121	0.84250	0.29073	0.34530	0.27436	0.28200	0.10248	0.13174	0.098396	0.11700								
6.4278									0.99482				1.0122	1.0170	0.99538	0.98613	1.0071	0.99675	0.98920	0.97419	0.82785	0.90135	0.87652	0.84599	0.31237	0.33865	0.28890	0.30562	0.10496	0.13674	0.096515	0.11795								
6.4639									0.98462				0.99693	0.99757	1.0069	0.98936	0.99471	1.0025	1.0109	0.97103	0.83412	0.89692	0.88268	0.85920	0.30780	0.34194	0.29671	0.30197	0.10581	0.13372	0.10140	0.11864								
6.5000									0.99718				0.99830	1.0014	1.0242	0.97589	0.98590	1.0026	0.98411	0.97141	0.85810	0.91066	0.89032	0.85456	0.31296	0.34804	0.29693	0.29745	0.10530	0.13045	0.099589	0.12083								
6.5361									0.99801				1.0026	0.98935	1.0179	0.99545	1.0141	0.99908	0.98174	0.98988	0.84369	0.91634	0.88156	0.87242	0.33310	0.35507	0.30176	0.29755	0.10430	0.13378	0.10210	0.12545								
6.5722									1.0004				1.0020	1.0204	1.0018	0.98417	1.0008	0.99973	0.97110	0.99134	0.84891	0.93071	0.90292	0.86569	0.32210	0.35562	0.29640	0.30232	0.11234	0.13712	0.10828	0.13224								
6.6083									1.0022				0.99960	1.0058	1.0189	0.99687	0.99114	1.0095	0.98255	0.99537	0.85890	0.91201	0.90694	0.88654	0.33685	0.36857	0.31068	0.31454	0.11242	0.15203	0.10749	0.12474								
6.6444									0.99708				1.0206	1.0104	0.99637	0.98729	1.0041	1.0021	0.99663	0.99291	0.86412	0.92975	0.90637	0.88985	0.34083	0.37398	0.31456	0.31047	0.10970	0.14389	0.11152	0.13064								
6.6806									0.99761				1.0278	1.0146	1.0139	1.0015	1.0037	1.0007	0.98025	0.98446	0.89522	0.94257	0.90687	0.89801	0.33958	0.36658	0.31660	0.32004	0.12169	0.14706	0.11314	0.13014								
6.7167									1.0034				1.0205	1.0194	1.0291	1.0001	1.0019	1.0045	0.96932	0.98575	0.88789	0.95095	0.91415	0.90423	0.34701	0.37321	0.33979	0.32341	0.12074	0.15249	0.11083	0.12762								
6.7528									0.98644				0.99973	1.0043	0.99652	1.0084	0.98530	0.99238	1.0006	0.99750	0.89721	0.95656	0.93394	0.90522	0.35050	0.38013	0.34055	0.31729	0.11055	0.14615	0.11844	0.13086								
6.7889									1.0090				1.0256	1.0101	1.0114	0.99243	0.99523	0.99723	0.98276	0.99608	0.90200	0.95871	0.93279	0.90147	0.34532	0.39207	0.33254	0.34076	0.12668	0.15278	0.11639	0.14142								
6.8250									1.0043				0.99732	1.0237		0.98443	1.0047	1.0122	0.99488	1.0046	0.90032	0.95679	0.93217	0.92268	0.36304	0.38227	0.33961	0.32846	0.13103	0.15261	0.12550	0.13397								
6.8611									1.0067				1.0061	1.0143		0.99070	1.0002	0.99778	1.0027	0.98975	0.91348	0.95994	0.92635	0.92585	0.36521	0.38198	0.35770	0.34926	0.13200	0.16410	0.11868	0.13987								
6.8972									0.99954				1.0031	0.99366		1.0072	1.0064	1.0059	0.99525	0.99438	0.93870	0.95869	0.93761	0.91050	0.37325	0.39874	0.34259	0.33744	0.12513	0.16506	0.12192	0.14564								
6.9333									1.0071				1.0153	1.0059		0.98323	0.99590	1.0051	0.99225	0.99904	0.94511	0.98362	0.94050	0.92798	0.36194	0.40173	0.34742	0.34458	0.12825	0.16102	0.12162	0.13909								
6.9694									1.0050				1.0107	1.0024		1.0068	0.98725	1.0108	0.99592	0.99573	0.94962	0.96349	0.95268	0.94577	0.38282	0.41723	0.34512	0.35638	0.12895	0.16831	0.12886	0.15206								
7.0056									1.0062							1.0039	1.0029	1.0007	0.99018	0.99509	0.95038	0.96983	0.95533	0.93091	0.37373	0.41125	0.35259	0.35393	0.14034	0.17103	0.13111	0.14940								
7.0417									0.99985							0.99748	0.99870	1.0144	1.0039	0.98553	0.93017	0.99663	0.97077	0.93030	0.37715	0.41137	0.36456	0.36773	0.13914	0.17952	0.12903	0.15848								
7.0778									1.0111							1.0055	0.99751	0.99564	0.96928	0.97865	0.94222	0.97508	0.97150	0.93863	0.39275	0.42570	0.36295	0.36648	0.13930	0.17532	0.13271	0.15258								
7.1139									1.0143							0.99384	0.98991	1.0053	0.99350	0.98740	0.96193	1.0041	0.97234	0.96195	0.39438	0.42754	0.37091	0.36438	0.14002	0.18330	0.13470	0.16079								
7.1500									1.0051							0.99552	0.99130	0.99051	0.99467	0.98583	0.96160	0.99593	0.96943	0.95701	0.39657	0.43146	0.36622	0.37835	0.14571	0.18785	0.13223	0.16924								
7.1861									0.98830							1.0096	1.0036	0.99456	0.99855	0.99640	0.95557	0.99661	0.98041	0.95892	0.40520	0.43507	0.37420	0.37345	0.15031	0.19070	0.13627	0.16030								
7.2222									1.0010							1.0064	0.99297	1.0010	0.98904	0.97679	0.97950	0.98655	0.97981	0.94071	0.40842	0.45525	0.38223	0.38210	0.14486	0.19534	0.13798	0.16858								
7.2583									0.99417							1.0086	0.99477	0.99200	1.0154	0.97875	0.98434	0.99908	0.99717	0.96211	0.42212	0.44618	0.38996	0.39530	0.15712	0.19210	0.15032	0.16848								
7.2944									1.0009							0.98970	1.0107	0.99837	0.99507	0.99795	0.97571	0.99243	0.98540	0.95282	0.41442	0.45368	0.39486	0.40100	0.14936	0.19349	0.14339	0.17576								
7.3306									0.99928							0.99175	0.99557	1.0033	0.99433	1.0056	0.99215	0.99556	0.99882	0.96037	0.43292	0.45933	0.39198	0.39010	0.15556	0.20597	0.14020	0.16977								
7.3667									0.98610							0.99410	1.0075	0.98910	0.99106	0.99001	0.98650	0.99533	0.97749	0.97894	0.43034	0.46427	0.39711	0.41209	0.15988	0.20486	0.14857	0.17679								
7.4028									1.0081							1.0001	1.0051	0.99133	0.98061	0.98831	0.97395	0.99113	0.99099	0.98090	0.43550	0.49294	0.41323	0.40740	0.15727	0.20768	0.14597	0.17629								
7.4389									0.98892							1.0062	1.0011	1.0054	1.0001	1.0036	0.96624	1.0078	0.97978	0.98555	0.44285	0.46586	0.41261	0.41544	0.16434	0.20347	0.15045	0.17820								
7.4750									0.99908							0.98861	1.0038	1.0036	1.0084	0.98971	0.98043	0.99355	1.0005	0.95805	0.44627	0.48196	0.41670	0.41954	0.16884	0.20473	0.16042	0.18862								
7.5111									1.0108							1.0107	1.0008	1.0027	0.99271	0.98755	0.98304	1.0020	0.97679	0.97407	0.45612	0.49778	0.42272	0.42274	0.17301	0.21398	0.16360	0.18108								
7.5472									0.99312							0.99643	0.99878	1.0068	1.0024	0.98906	0.99536	1.0147	1.0050	0.97807	0.45429	0.49783	0.40978	0.42717	0.17731	0.21095	0.15548	0.19795								
7.5833									1.0166							1.0008	1.0008	0.99330	0.98219	0.99876	1.0068	0.98482	0.99533	0.97528	0.46577	0.49573	0.42756	0.41804	0.17114	0.21872	0.16123	0.19254								
7.6194									1.0136							1.0014	0.99654	1.0120	1.0008	0.99409	0.99810	0.99571	1.0037	0.98197	0.46189	0.49750	0.43669	0.43506	0.17116	0.22766	0.16157	0.19954								
7.6556									1.0062							1.0132	0.99070	1.0057	0.98993	1.0012	1.0024	1.0223	0.98986	0.97013	0.47003	0.50944	0.44422	0.43247	0.17921	0.23223	0.16476	0.19579								
7.6917									1.0061							1.0159	1.0056	1.0046	0.98804	0.99218	0.98673	0.98657	0.99241	0.98453	0.47077	0.51068	0.44419	0.44014	0.17866	0.23134	0.16845	0.20143								
7.7278									1.0109							0.99829	0.99557	1.0054	0.98580	0.99274	1.0045	1.0008	0.99580	0.96582	0.47123	0.50590	0.45157	0.45941	0.18522	0.24260	0.17090	0.21132								
7.7639									0.99120							0.99837	0.99045	1.0100	0.99244	0.99254	1.0002	0.99981	1.0066	0.98030	0.49444	0.52914	0.44588	0.44626	0.19708	0.23897	0.17328	0.20835								
7.8000									0.99583							1.0068	1.0087	1.0030	0.98313	1.0066	0.99923	1.0213	0.99613	0.99143	0.50523	0.52237	0.45327	0.44754	0.17896	0.24158	0.17770	0.20473								
7.8361									0.99775							0.99983	1.0147	0.99934	0.98937	1.0072	1.0010	0.99486	0.99822	0.97800	0.49033	0.52894	0.45736	0.46816	0.19247	0.23926	0.17564	0.21654								
7.8722									0.99785							0.99802	1.0042	0.99891	0.99471	0.97899	1.0052	1.0089	1.0023	1.0115	0.49870	0.51791	0.46792	0.45134	0.20263	0.24641	0.18265	0.20878								
7.9083									1.0070							1.0169	0.98810	0.99780	1.0093	0.99164	1.0073	0.98972	1.0182	1.0123	0.50694	0.54362	0.47187	0.47636	0.19534	0.24552	0.18279	0.20911								
7.9444									0.99393							1.0059	1.0009	1.0229	0.98820	0.99472	1.0084	0.98847	1.0005	1.0023	0.50143	0.56754	0.47572	0.48393	0.19866	0.25289	0.18153	0.21589								
7.9806									0.98319							0.99783	1.0032	0.99847	1.0152	1.0099	0.99983	1.0024	1.0101	1.0164	0.52453	0.55538	0.48631	0.47548	0.20108	0.25867	0.19081	0.22515								
8.0167									1.0059							0.98563	0.98596	0.98731	0.99398	1.0088	0.98515	0.97596	1.0147	0.98431	0.52547	0.55279	0.49399	0.46756	0.20618	0.25698	0.18539	0.23768								
8.0528																1.0173	1.0082	1.0122	0.99909	1.0029	1.0039	1.0037	1.0158	1.0001	0.51016	0.56823	0.50085	0.48298	0.19623	0.25990	0.18963	0.22922								
8.0889																1.0139	0.99636	1.0190	1.0025	0.98900	0.99285	1.0008	1.0104	1.0018	0.52693	0.56370	0.49562	0.48398	0.20463	0.25823	0.18984	0.23501								
8.1250																1.0076	1.0044	0.99482	0.99819	1.0034	0.99644	1.0244	1.0121	0.99923	0.52021	0.57030	0.50827	0.48330	0.22083	0.26767	0.19572	0.22930								
8.1611																1.0005	1.0021	1.0031	0.98929	0.99502	1.0137	1.0070	1.0171	1.0048	0.53150	0.57030	0.50618	0.49788	0.21422	0.27417	0.20135	0.24886								
8.1972																1.0099	0.99712	0.99694	1.0016	0.99282	1.0052	1.0117	0.99261	0.99121	0.57004	0.58792	0.50085	0.51092	0.21844	0.28194	0.20253	0.24355								
8.2333																1.0097	0.99362	0.99143	1.0053	0.99171	0.99253	1.0216	0.99855	1.0235	0.55380	0.58829	0.51771	0.50243	0.21325	0.28147	0.20453	0.24450								
8.2694																	0.99422	1.0176	0.99475	0.98460	1.0012	0.99007	0.99999	0.99344	0.55597	0.59145	0.51970	0.50695	0.23008	0.27227	0.20342	0.24562								
8.3056																	1.0105	0.99812	1.0034	1.0110	1.0129	1.0014	0.99505	0.99700	0.55628	0.60050	0.53110	0.50780	0.22466	0.28939	0.20373	0.24132								
8.3417																	0.99850	1.0085	1.0189	0.98738	1.0169	1.0008	1.0108	1.0040	0.57134	0.59639	0.52531	0.51642	0.22781	0.28984	0.21000	0.25067								
8.3778																	1.0001	1.0056	1.0072	1.0036	0.99913	1.0216	1.0109	1.0064	0.56562	0.60117	0.53008	0.51820	0.23492	0.29351	0.21647	0.25434								
8.4139																	0.99251	1.0138	0.99267	0.99797	1.0097	1.0177	0.99513	1.0059	0.57111	0.59390	0.52957	0.51105	0.24036	0.29845	0.21555	0.25716								
8.4500																	1.0091	1.0012	0.99156	1.0007	1.0115	1.0061	1.0095	1.0155	0.58071	0.61739	0.54674	0.52497	0.24464	0.30270	0.22245	0.26060								
8.4861																	1.0075	0.99707	0.99573	1.0091	1.0078	1.0141	0.99977	1.0115	0.57458	0.62357	0.55342	0.51847	0.24484	0.30682	0.22790	0.26780								
8.5222																	1.0045	1.0007	0.98263	0.99679	1.0105	1.0052	1.0066	1.0004	0.58083	0.61896	0.55153	0.54064	0.25848	0.31318	0.22073	0.26981								
8.5583																	0.99418	0.99484	1.0010	0.99627	1.0071	1.0221	1.0046	1.0121	0.58591	0.62001	0.56171	0.54567	0.24629	0.31775	0.22377	0.27830								
8.5944																	1.0046	1.0074	1.0144	1.0078	1.0082	1.0084	0.99500	1.0005	0.58548	0.63951	0.56594	0.54454	0.25730	0.31093	0.22940	0.27640								
8.6306																	0.98521	0.98153	0.99730	1.0087	1.0041	1.0094	1.0019	0.99436	0.60059	0.63296	0.57000	0.55104	0.25615	0.31888	0.24100	0.27102								
8.6667																	1.0084	0.99839	1.0123	0.99879	1.0150	1.0242	0.99518	1.0187	0.60490	0.63261	0.58816	0.55736	0.26072	0.32347	0.23415	0.27488								
8.7028																	1.0023	0.98979	1.0000	1.0059	0.99323	1.0164	1.0224	1.0258	0.61205	0.64016	0.57411	0.56409	0.25438	0.32550	0.23638	0.27806								
8.7389																	1.0021	0.98328	1.0026	0.99156	0.99933	1.0148	1.0056	0.99676	0.60960	0.65205	0.57862	0.56276	0.27249	0.32895	0.24030	0.28556								
8.7750																	0.99261	0.98386	0.99323	1.0069	1.0019	0.99886	1.0062	1.0109	0.61481	0.65185	0.59763	0.56629	0.26889	0.32643	0.24208	0.29653								
8.8111																	1.0141	0.99944	1.0127	1.0016	1.0045	0.99901	1.0076	1.0112	0.62946	0.64044	0.58666	0.58268	0.27073	0.33856	0.24866	0.30010								
8.8472																	1.0002	1.0070	1.0028	0.99976	0.99845	1.0198	1.0123	1.0036	0.63137	0.67345	0.59053	0.57491	0.26701	0.35095	0.24959	0.28554								
8.8833																	1.0033	0.99431	1.0065	1.0051	1.0144	1.0053	0.99266	1.0002	0.63569	0.66565	0.60640	0.56941	0.28322	0.35443	0.24671	0.31025								
8.9194																	1.0004	0.99440	1.0003	1.0008	1.0056	1.0071	1.0078	1.0132	0.63533	0.66052	0.60696	0.60690	0.27026	0.34394	0.25139	0.30360								
8.9556																	0.99985	0.99929	0.97644	1.0045	1.0099	1.0233	1.0008	1.0057	0.63028	0.65930	0.59752	0.58721	0.28152	0.35434	0.25713	0.30587								
8.9917																	0.98965	0.99814	1.0017	1.0048	1.0037	1.0235	1.0192	0.99167	0.63564	0.68491	0.60497	0.60633	0.29431	0.35765	0.25876	0.31564								
9.0278																	0.98935	1.0031	1.0015	1.0070	0.98766	1.0249	1.0195	1.0070	0.64676	0.68431	0.61783	0.60483	0.29641	0.35954	0.26113	0.31974								
9.0639																	0.99122	0.98580	0.99481	1.0063	0.99930	1.0278	1.0035	0.98983	0.67114	0.70192	0.63487	0.60885	0.29684	0.35882	0.27381	0.31938								
9.1000																	1.0024	1.0050	1.0058	0.99020	1.0023	1.0085	1.0003	1.0099	0.66976	0.69049	0.62232	0.61788	0.30353	0.37445	0.27223	0.33135								
9.1361																	1.0078	1.0107	0.99942	0.99816	1.0211	1.0070	0.99346	0.99857	0.67568	0.71069	0.63280	0.61543	0.30310	0.36281	0.27222	0.32321								
9.1722																	0.99124	1.0063	1.0015	1.0073	1.0066	1.0038	1.0069	0.99458	0.67259	0.70892	0.64341	0.62617	0.30939	0.37264	0.27330	0.33162								
9.2083																	0.98266	1.0068	1.0067	1.0033	0.99411	1.0011	0.99133	0.99775	0.67377	0.71343	0.63122	0.63035	0.30865	0.37349	0.26830	0.33757								
9.2444																	0.98860	1.0008	0.98889	1.0093	0.99574	1.0071	1.0198	0.99238	0.70111	0.69423	0.64520	0.65107	0.31919	0.38182	0.28064	0.33278								
9.2806																	0.99555	0.99622	1.0077	0.99778	1.0018	1.0122	1.0073	1.0158	0.68908	0.70810	0.65831	0.64634	0.31636	0.37703	0.28296	0.34278								
9.3167																	1.0031	0.99065	0.99187	0.99788	0.98869	1.0170	1.0077	0.99543	0.69687	0.73085	0.65803	0.63290	0.32083	0.38289	0.29179	0.34723								
9.3528																	0.99805	0.99929	1.0102	1.0030	0.98715	1.0100	0.99912	1.0217	0.70399	0.73875	0.66234	0.66052	0.32651	0.38799	0.27907	0.34657								
9.3889																	1.0089	0.97590	1.0015	1.0036	1.0243	1.0066	1.0023	1.0130	0.69868	0.72940	0.65267	0.64424	0.32703	0.39459	0.30002	0.34945								
9.4250																	1.0089	1.0065	1.0065	0.99373	0.99632	0.98760	0.99940	0.99022	0.70381	0.73239	0.67726	0.64532	0.32648	0.40678	0.29352	0.36120								
9.4611																	1.0034	0.99360	1.0045	1.0088	0.99946	1.0180	1.0168	0.99363	0.71507	0.73566	0.67744	0.65932	0.33298	0.40514	0.29491	0.36591								
9.4972																	1.0148		1.0002		1.0228	0.97273	1.0083	1.0237	0.69740	0.74062	0.67540	0.67011	0.34079	0.39903	0.30181	0.36172								
9.5333																	1.0064		0.99392		1.0008	0.99310	1.0084	0.98669	0.70440	0.74939	0.69295	0.67134	0.34424	0.41250	0.29638	0.36068								
9.5694																	0.98854		0.99771		1.0082	1.0117	1.0001	1.0146	0.71466	0.75384	0.67721	0.66224	0.34241	0.41744	0.30573	0.37770								
9.6056																	0.98074		1.0045		1.0061	1.0007	1.0102	1.0187	0.73962	0.76476	0.69749	0.68221	0.34856	0.42908	0.31572	0.36913								
9.6417																	1.0081		0.98718		0.99720	0.99616	0.99291	0.98298	0.71956	0.77206	0.69961	0.67896	0.34234	0.42400	0.31275	0.37677								
9.6778																	1.0001		0.99600		0.99644	1.0014	0.99717	0.99192	0.73117	0.76660	0.69907	0.68848	0.36437	0.42580	0.32349	0.37843								
9.7139																	0.99831		1.0090		1.0020	0.99313	0.98530	0.99366	0.73760	0.75661	0.71103	0.69841	0.34943	0.41934	0.32777	0.38336								
9.7500																	0.99467		1.0063		0.99775	0.99643	1.0163	1.0041	0.73745	0.78215	0.69900	0.69836	0.35717	0.43962	0.32853	0.39612								
9.7861																	1.0229		0.99358		1.0068	1.0187	0.99248	0.99739	0.73567	0.75571	0.72711	0.69738	0.36951	0.43481	0.33970	0.39015								
9.8222																	1.0130		1.0024		1.0085	1.0006	1.0040	0.99460	0.75420	0.78165	0.71055	0.68369	0.37163	0.44287	0.33155	0.39512								
9.8583																	0.99396		0.99738		0.99863	0.99583	1.0092	1.0093	0.75527	0.78536	0.70943	0.69343	0.37486	0.45640	0.33775	0.40511								
9.8944																			1.0038		1.0122	0.99836	1.0161	1.0058	0.76257	0.79652	0.73787	0.70136	0.38078	0.44743	0.33215	0.40704								
9.9306																			1.0126		0.99767	1.0106	0.99827	1.0069	0.74720	0.78441	0.73943	0.71983	0.38659	0.44641	0.34221	0.41137								
9.9667																			0.99329		0.97887	1.0058	1.0115	0.99792	0.77329	0.78449	0.73963	0.70473	0.37540	0.45778	0.35111	0.41758								
10.003																			0.99580		1.0074	0.99736	1.0191	1.0058	0.78370	0.79343	0.74379	0.71623	0.38695	0.47078	0.34412	0.41288								
10.039																			0.98599		0.98715	0.99037	0.99827	1.0069	0.77778	0.80739	0.75876	0.73687	0.38931	0.46572	0.35467	0.41756								
10.075																			0.99636		0.99617	1.0053	0.99423	1.0014	0.77160	0.80400	0.75126	0.72088	0.39588	0.46502	0.35561	0.42347								
10.111																			0.99465		0.98663	0.99430	1.0083	0.99589	0.78072	0.80898	0.74312	0.73720	0.40688	0.47508	0.36687	0.42623								
10.147																			0.99984		0.99092	0.99546	0.99111	1.0037	0.77479	0.81292	0.75669	0.74247	0.40201	0.48485	0.35757	0.41854								
10.183																			1.0038		0.99494	1.0154	1.0025	0.99940	0.78682	0.81242	0.77366	0.74770	0.41903	0.47549	0.37600	0.43311								
10.219																			1.0026		1.0031	0.99506	0.99363	1.0027	0.79754	0.82049	0.75636	0.76422	0.41386	0.48175	0.36493	0.43672								
10.256																			0.98516		0.99037	1.0087	0.99508	1.0133	0.80226	0.84224	0.78639	0.75087	0.41362	0.49083	0.37477	0.43727								
10.292																			1.0132		0.99027	1.0224	0.98447	1.0022	0.80045	0.83098	0.78116	0.75649	0.42300	0.50098	0.38624	0.45446								
10.328																					0.99566	1.0161	0.99533	1.0083	0.79503	0.83247	0.77251	0.75752	0.41726	0.49343	0.38840	0.45422								
10.364																					1.0024	1.0044	0.99775	0.99913	0.78391	0.83168	0.78200	0.74825	0.43660	0.50296	0.39243	0.44498								
10.400																					0.98680	0.99934	0.98542	1.0032	0.81076	0.84030	0.77613	0.78094	0.42471	0.50609	0.40579	0.46036								
10.436																					0.99807	0.99115	1.0077	1.0044	0.81239	0.83058	0.78338	0.78061	0.42630	0.51521	0.39385	0.47097								
10.472																					1.0007	0.99756	1.0068	1.0162	0.83503	0.84553	0.79172	0.77337	0.43892	0.51612	0.38611	0.45634								
10.508																						0.99896	1.0037	0.99974	0.81173	0.83504	0.77858	0.77382	0.44506	0.51411	0.41992	0.45815								
10.544																						1.0016	0.99283	0.99751	0.82697	0.84493	0.80677	0.77679	0.44684	0.51729	0.41614	0.48175								
10.581																						1.0013	1.0084	0.98427	0.83710	0.85843	0.81674	0.77484	0.44526	0.50550	0.41433	0.47649								
10.617																						0.98777	0.98951	1.0043	0.81877	0.85049	0.83444	0.80101	0.44940	0.53146	0.40636	0.48378								
10.653																						1.0094	1.0040	0.99649	0.84039	0.83888	0.79853	0.77827	0.46903	0.52325	0.43039	0.48808								
10.689																						1.0060	1.0058	0.98940	0.82490	0.85726	0.80335	0.78329	0.47395	0.52626	0.43226	0.47787								
10.725																						1.0044	0.99920	1.0108	0.82926	0.86930	0.82444	0.78886	0.47742	0.54131	0.42642	0.50210								
10.761																						1.0021	1.0041	0.99419	0.84121	0.86409	0.82044	0.79789	0.46577	0.53932	0.44118	0.48290								
10.797																						1.0047	0.99902	0.99179	0.85410	0.87896	0.82638	0.81471	0.47049	0.53986	0.43676	0.49242								
10.833																						1.0039	0.99218	1.0076	0.85698	0.88185	0.82493	0.79114	0.48982	0.54727	0.43157	0.50542								
10.869																						1.0097	0.99930	0.99860	0.85425	0.86673	0.82368	0.80881	0.46529	0.55295	0.43783	0.50643								
10.906																						1.0003	0.99770	0.98446	0.84435	0.86780	0.83567	0.80321	0.48856	0.55262	0.44252	0.51305								
10.942																						0.96902	1.0029	0.98393	0.86793	0.88671	0.84794	0.82628	0.49141	0.57252	0.45574	0.52053								
10.978																						0.99773	1.0036	1.0072	0.87334	0.86551	0.83807	0.81793	0.48796	0.56946	0.44375	0.54112								
11.014																						0.99491	0.99673	1.0186	0.87066	0.88494	0.84125	0.82268	0.49625	0.57916	0.45049	0.51629								
11.050																						0.98865	0.98624	0.99993	0.86939	0.89125	0.85786	0.81446	0.48192	0.57194	0.44912	0.53433								
11.086																						1.0159	0.98617	1.0076	0.86911	0.88953	0.83990	0.83620	0.51496	0.58503	0.46578	0.53386								
11.122																						0.99273	1.0078	1.0072	0.87523	0.88771	0.86049	0.81613	0.48632	0.59363	0.46435	0.54461								
11.158																						0.99450	0.98490	0.98640	0.86852	0.89379	0.85551	0.84238	0.50507	0.58878	0.44836	0.53257								
11.194																						0.99012	1.0081	0.99555	0.87253	0.89000	0.87214	0.82341	0.50635	0.61157	0.47489	0.55206								
11.231																						0.99979	1.0117	0.99206	0.89603	0.90988	0.85398	0.83788	0.49831	0.61803	0.46513	0.54909								
11.267																						0.97859	0.99553	1.0002	0.89080	0.88392	0.87740	0.84283	0.51614	0.62243	0.47555	0.53562								
11.303																						0.99268	0.99900	0.99782	0.90471	0.89877	0.87209	0.85857	0.53591	0.63637	0.48393	0.55752								
11.339																								0.99492	0.88651	0.91133	0.86153	0.85282	0.51274	0.64551	0.48369	0.55935								
11.375																								0.99337	0.89323	0.90291	0.87324	0.83835	0.54021	0.66872	0.46581	0.55759								
11.411																								0.99690	0.89147	0.92119	0.87151	0.86087	0.52922	0.67498	0.49453	0.56413								
11.447																								0.99523	0.89639	0.90896	0.87464	0.85797	0.53479	0.67570	0.47822	0.56473								
11.483																								0.98768	0.89346	0.90826	0.88324	0.83030	0.54218	0.68692	0.51604	0.57172								
11.519																								0.99760	0.89386	0.90542	0.89204	0.83618	0.54166	0.68987	0.49644	0.58251								
11.556																									0.89823	0.90321	0.88658	0.85472	0.55365	0.70744	0.52259	0.56785								
11.592																									0.89996	0.93253	0.89100	0.85922	0.55985	0.70779	0.49533	0.57489								
11.628																									0.91967	0.90166	0.88964	0.86747	0.55909	0.72490	0.55094	0.57691								
11.664																									0.92814	0.93826	0.89000	0.88372	0.55720	0.72934	0.54957	0.59415								
11.700																									0.91913	0.90198	0.88533	0.87412	0.57030	0.74804	0.52365	0.59459								
11.736																									0.91508	0.92560	0.88521	0.88504	0.55338	0.75590	0.53323	0.60166								
11.772																									0.90854	0.90704	0.89005	0.88884	0.55025	0.76411	0.52002	0.59060								
11.808																									0.93565	0.91486	0.89370	0.88814	0.55383	0.76058	0.51668	0.59096								
11.844																									0.93930	0.92887	0.91752	0.88624	0.56613	0.77487	0.53792	0.59250								
11.881																									0.92209	0.93465	0.90490	0.88464	0.56754	0.76894	0.55499	0.59962								
11.917																									0.91653	0.92471	0.89454	0.89471	0.58337	0.77736	0.51016	0.61630								
11.953																									0.94762	0.94337	0.92069	0.89029	0.58095	0.79470	0.55694	0.61466								
11.989																									0.94195	0.94244	0.92234	0.88994	0.56938	0.79490	0.54206	0.60918								
12.025																									0.91755	0.92745	0.91635	0.90009	0.59678	0.78143	0.56302	0.60448								
12.061																									0.93544	0.93480	0.90556	0.88654	0.59209	0.74588	0.55115	0.62475								
12.097																									0.92871	0.93923	0.89602	0.90244	0.58751	0.66147	0.57114	0.63447								
12.133																									0.92603	0.94354	0.90439	0.90361	0.60357	0.63838	0.55148	0.63553								
12.169																									0.92837	0.94122	0.91648	0.89094	0.60358	0.64791	0.58136	0.64365								
12.206																									0.94741	0.94043	0.91852	0.91009	0.60742	0.58877	0.56778	0.63603								
12.242																									0.93675	0.94217	0.92148	0.90191	0.60128	0.58504	0.56440	0.63247								
12.278																									0.92120	0.93960	0.93895	0.91039	0.63055	0.63529	0.57977	0.65508								
12.314																									0.94282	0.94117	0.92002	0.91436	0.58114	0.61800	0.57424	0.64225								
12.350																									0.93937	0.94152	0.91913	0.90844	0.61991	0.63989	0.59724	0.64165								
12.386																									0.95270	0.96018	0.93709	0.91866	0.60615	0.61775	0.57570	0.65936								
12.422																									0.92595	0.94464	0.92592	0.91524	0.65018	0.67006	0.58773	0.67547								
12.458																									0.95836	0.94479	0.90893	0.92333	0.63544	0.62023	0.57990	0.64732								
12.494																									0.96840	0.95582	0.93518	0.93246	0.63059	0.64779	0.57758	0.63611								
12.531																									0.94864	0.96103	0.95257	0.90871	0.63137	0.65837	0.59472	0.66821								
12.567																									0.92993	0.95480	0.93992	0.92806	0.60445	0.65449	0.60156	0.65476								
12.603																									0.95558	0.96679	0.93117	0.92033	0.64945	0.67170	0.60497	0.67428								
12.639																									0.96053	0.95473	0.93484	0.91266	0.62757	0.64584	0.59636	0.67019								
12.675																									0.94948	0.94618	0.93898	0.92868	0.61621	0.65779	0.60737	0.66595								
12.711																									0.95627	0.94800	0.94112	0.92583	0.65263	0.65136	0.60465	0.66995								
12.747																									0.96789	0.94344	0.93842	0.93341	0.65475	0.66047	0.61828	0.66157								
12.783																									0.94017	0.95555	0.93604	0.92083	0.64982	0.68125	0.60402	0.68866								
12.819																									0.95742	0.95991	0.93030	0.94153	0.65372	0.67564	0.60623	0.67079								
12.856																									0.95607	0.94917	0.94428	0.93506	0.65227	0.66261	0.62749	0.69734								
12.892																									0.94897	0.96848	0.94069	0.94540	0.65008	0.66668	0.60206	0.68506								
12.928																									0.96059	0.96499	0.94469	0.93213	0.66759	0.68030	0.61339	0.68430								
12.964																									0.94838	0.97142	0.94964	0.92623	0.67080	0.68611	0.62467	0.69589								
13.000																									0.94364	0.96238	0.94836	0.92148	0.64528	0.68461	0.61335	0.67931								
13.036																									0.97904	0.95513	0.95321	0.92023	0.67255	0.69233	0.60847	0.70487								
13.072																									0.95053	0.96993	0.96658	0.95173	0.66865	0.70294	0.62971	0.69899								
13.108																									0.97376	0.95087	0.94211	0.93925	0.67435	0.68155	0.61063	0.71969								
13.144																									0.95045	0.96616	0.96466	0.92221	0.66816	0.70762	0.63504	0.70237								
13.181																									0.95132	0.95774	0.94859	0.92816	0.69781	0.71039	0.61560	0.70784								
13.217																									0.95635	0.96387	0.95497	0.93423	0.65117	0.70317	0.63461	0.69606								
13.253																									0.96796	0.96048	0.96030	0.95115	0.67151	0.72796	0.64784	0.70341								
13.289																									0.95706	0.97045	0.94885	0.95115	0.67251	0.72227	0.63480	0.72055								
13.325																									0.97618	0.97710	0.96951	0.95403	0.69340	0.72457	0.63889	0.72433								
13.361																									0.96822	0.97162	0.96275	0.94955	0.69650	0.73361	0.65658	0.72319								
13.397																									0.98682	0.98988	0.99068	0.97305	0.69823	0.74760	0.65780	0.73781								
13.433																									1.0050	0.99957	0.98282	0.99482	0.71538	0.74776	0.65569	0.73895								
13.469																									1.0049	1.0043	0.99045	0.99569	0.71294	0.75251	0.65177	0.72886								
13.506																									1.0290	1.0170	1.0161	0.98537	0.71237	0.78045	0.67833	0.74754								
13.542																									1.0345	1.0346	1.0166	1.0032	0.74248	0.77393	0.73588	0.76828								
13.578																									1.0531	1.0610	1.0353	1.0289	0.75224	0.77545	0.69583	0.76916								
13.614																									1.0670	1.0691	1.0500	1.0425	0.74441	0.79581	0.73105	0.78582								
13.650																									1.0652	1.0724	1.0759	1.0405	0.75035	0.81782	0.74740	0.79067								
13.686																									1.0797	1.0779	1.0782	1.0544	0.77025	0.82574	0.76918	0.80850								
13.722																									1.1133	1.0866	1.0732	1.0638	0.76246	0.85007	0.77570	0.81249								
13.758																									1.0831	1.1030	1.0745	1.0679	0.77989	0.83169	0.79461	0.80926								
13.794																									1.0838	1.0919	1.0998	1.0641	0.73774	0.85475	0.80033	0.81578								
13.831																									1.1044	1.1113	1.0791	1.0747	0.74283	0.84447	0.82863	0.82739								
13.867																									1.1320	1.0915	1.0809	1.0602	0.80709	0.84988	0.84963	0.84092								
13.903																									1.1136	1.1064	1.1071	1.0805	0.77397	0.86983	0.85290	0.84987								
13.939																									1.1029	1.0870	1.0916	1.0495	0.86616	0.86919	0.84423	0.85779								
13.975																									1.1019	1.0931	1.0761	1.0755	0.73144	0.85917	0.88393	0.86107								
14.011																									1.1180	1.1136	1.0892	1.0810	0.87380	0.86051	0.87211	0.89171								
14.047																									1.0923	1.1017	1.0908	1.0755	0.76785	0.86961	0.86659	0.88116								
14.083																									1.1137	1.0757	1.0603	1.0720	0.88154	0.86803	0.86124	0.84879								
14.119																									1.1056	1.0868	1.0833	1.0764	0.90320	0.84923	0.84333	0.85296								
14.156																									1.1085	1.0869	1.0873	1.0821	0.95305	0.83619	0.83951	0.86748								
14.192																									1.0762	1.0789	1.0915	1.0745	0.94945	0.81003	0.83681	0.85874								
14.228																									1.0843	1.0736	1.0593	1.0652	0.92590	0.83339	0.82369	0.86126								
14.264																									1.0765	1.0842	1.0737	1.0433	0.90482	0.83211	0.82259	0.86110								
14.300																									1.0957	1.0575	1.0681	1.0905	0.91413	0.84488	0.86898	0.86629								
14.336																									1.0805	1.0331	1.0714	1.0464	0.90931	0.85069	0.85711	0.85779								
14.372																									1.0670	1.0446	1.0092	1.0584	0.81621	0.86850	0.89173	0.89030								
14.408																									1.0586	1.0421	1.0384	1.0603	0.79034	0.85979	0.84049	0.87988								
14.444																									1.0482	1.0359	1.0333	1.0627	0.78334	0.85703	0.83600	0.87964								
14.481																									1.0732	1.0243	1.0181	1.0397	0.78055	0.85251	0.85933	0.84910								
14.517																									1.0529	1.0296	1.0173	1.0356	0.79008	0.85441	0.84194	0.84546								
14.553																									1.0474	1.0235	1.0223	1.0407	0.80155	0.84762	0.86752	0.81457								
14.589																									1.0433	1.0331	1.0362	1.0469	0.80499	0.86255	0.85694	0.82521								
14.625																									1.0366	1.0323	1.0333	1.0540	0.82999	0.87712	0.85758	0.82516								
14.661																									1.0245	1.0193	1.0309	1.0393	0.86760	0.85964	0.86422	0.82658								
14.697																									1.0337	1.0443	1.0285	1.0484	0.84450	0.87468	0.85696	0.85355								
14.733																									1.0239	1.0317	1.0205	1.0468	0.84628	0.86426	0.87966	0.83182								
14.769																									1.0182	1.0281	1.0159	1.0599	0.82153	0.87325	0.87414	0.86239								
14.806																									1.0299	1.0216	1.0184	1.0589	0.82308	0.85359	0.87890	0.84210								
14.842																									1.0177	1.0252	1.0186	1.0459	0.87335	0.88258	0.86504	0.83334								
14.878																									1.0213	1.0096	1.0269	1.0435	0.84001	0.89994	0.86533	0.85665								
14.914																									1.0267	1.0220	1.0184	1.0467	0.85175	0.90065	0.86614	0.88226								
14.950																									1.0025	1.0227	1.0204	1.0437	0.85269	0.88524	0.88876	0.84761								
14.986																									1.0206	1.0040	1.0366	1.0380	0.85937	0.89609	0.87838	0.85846								
15.022																									1.0238	1.0271	1.0209	1.0364	0.86946	0.90237	0.87729	0.87892								
15.058																									1.0238	1.0313	1.0075	1.0244	0.89346	0.88500	0.88852	0.86898								
15.094																									1.0262	1.0259	1.0304	1.0316	0.87443	0.88223	0.88130	0.88067								
15.131																									1.0216	1.0122	1.0165	1.0194	0.88756	0.87390	0.89905	0.87774								
15.167																									1.0053	1.0188	1.0050	1.0309	0.88411	0.88764	0.88397	0.88676								
15.203																									1.0045	1.0121	1.0195	1.0280	0.88609	0.87168	0.88852	0.87911								
15.239																									1.0070	1.0180	1.0041	1.0429	0.89633	0.87218	0.88174	0.86662								
15.275																									1.0081	0.99439	0.99206	1.0242	0.91324	0.86755	0.89090	0.88200								
15.311																									1.0326	1.0002	1.0128	1.0221	0.91987	0.88570	0.89257	0.89294								
15.347																									1.0072	1.0029	1.0111	1.0045	0.87722	0.89348	0.87955	0.86184								
15.383																									1.0207	1.0038	1.0134	1.0071	0.88015	0.88348	0.89201	0.88821								
15.419																									1.0101	1.0182	1.0138	1.0072	0.87447	0.87367	0.90307	0.88837								
15.456																									1.0058	1.0158	1.0060	1.0125	0.87308	0.87761	0.88693	0.90123								
15.492																									1.0070	1.0290	0.99583	0.99887	0.89466	0.88228	0.90051	0.88688								
15.528																									1.0169	1.0041	1.0088	1.0168	0.88377	0.87986	0.89203	0.90004								
15.564																									0.99724	1.0122	1.0105	1.0207	0.87507	0.87606	0.91394	0.90549								
15.600																									1.0058	1.0124	1.0141	1.0192	0.88514	0.90053	0.89976	0.90587								
15.636																									1.0187	1.0198	1.0063	1.0120	0.88528	0.88807	0.89561	0.89727								
15.672																									1.0090	1.0089	1.0076	1.0115	0.89878	0.90187	0.90115	0.91234								
15.708																									1.0074	1.0114	1.0118	1.0279	0.89445	0.90295	0.90020	0.91634								
15.744																									1.0214	1.0022	0.99734	1.0218	0.89185	0.88924	0.90835	0.90416								
15.781																									1.0242	1.0181	1.0209	1.0164	0.88543	0.89088	0.90460	0.92698								
15.817																									1.0131	1.0110	1.0125	1.0176	0.88938	0.90565	0.90935	0.91060								
15.853																									1.0011	1.0112	1.0044	1.0176	0.89747	0.90041	0.90476	0.91011								
15.889																									1.0077	1.0230	1.0040	1.0086	0.89513	0.89694	0.90292	0.92553								
15.925																									1.0033	1.0126	1.0105	1.0210	0.88854	0.90558	0.92040	0.92108								
15.961																									1.0048	1.0075	1.0222	1.0103	0.88316	0.89830	0.90646	0.92212								
15.997																									1.0096	1.0051	1.0072	1.0157	0.89298	0.91683	0.91102	0.90634								
16.033																									1.0005	1.0033	1.0094	0.99672	0.89213	0.90377	0.92941	0.92365								
16.069																									1.0169	1.0066	1.0018	1.0080	0.89985	0.89422	0.91616	0.93038								
16.106																									1.0061	1.0116	0.99976	0.98847	0.89930	0.92231	0.91721	0.93245								
16.142																									1.0176	0.99693	0.99405	1.0239	0.90594	0.91339	0.92332	0.91156								
16.178																									1.0195	1.0078	1.0176	1.0231	0.89852	0.90351	0.93222	0.93355								
16.214																									1.0192	1.0058	1.0008	1.0253	0.89698	0.90385	0.91920	0.92712								
16.250																									1.0033	1.0260	1.0030	1.0026	0.89868	0.91268	0.92781	0.91872								
16.286																									1.0094	1.0027	0.99288	0.99932	0.90587	0.89790	0.91188	0.92429								
16.322																									1.0204	1.0147	1.0064	1.0194	0.90917	0.90868	0.93496	0.92551								
16.358																									1.0028	1.0058	0.99372	1.0182	0.91384	0.90275	0.92055	0.92353								
16.394																									0.98991	1.0031	1.0166	0.98634	0.91341	0.92364	0.92024	0.92543								
16.431																									1.0029	1.0066	1.0028	0.99982	0.91525	0.92911	0.93171	0.93553								
16.467																									1.0171	1.0039	1.0100	0.99912	0.90132	0.91560	0.93750	0.93510								
16.503																									1.0092	1.0071	0.98581	1.0132	0.90556	0.91605	0.92071	0.92482								
16.539																									1.0078	0.99611	0.99601	0.99029	0.90562	0.91547	0.92584	0.94090								
16.575																									0.99111	0.99484	0.97928	1.0082	0.89512	0.91584	0.91776	0.93293								
16.611																									1.0083	1.0281	1.0203	1.0040	0.91888	0.91598	0.91380	0.94224								
16.647																									1.0042	1.0061	0.99619	1.0015	0.91623	0.91211	0.93886	0.92920								
16.683																									0.99032	0.98450	0.98364	0.98230	0.90756	0.91157	0.93539	0.92698								
16.719																									1.0037	0.99609	0.99433	1.0007	0.91793	0.92314	0.93986	0.94773								
16.756																									1.0032	0.99942	1.0033	0.99732	0.92030	0.92330	0.92285	0.94154								
16.792																									0.99402	1.0108	0.97938	0.98192	0.92440	0.92005	0.93038	0.93069								
16.828																									0.99405	0.97997	0.99356	1.0079	0.95751	0.91154	0.94621	0.94833								
16.864																									1.0016	1.0065	0.98856	0.99504	0.93804	0.93449	0.95551	0.96159								
16.900																									0.99716	1.0070	1.0103	1.0116	0.93728	0.93274	0.93816	0.95464								
16.936																									0.99691	0.99643	0.99558	0.99684	0.92840	0.91625	0.94224	0.94128								
16.972																									0.99530	0.99995	0.99981	0.98599	0.94418	0.92850	0.94070	0.93872								
17.008																									0.99675	1.0044	1.0073	1.0000	0.93071	0.93020	0.94278	0.95397								
17.044																									0.99479	1.0032	0.98499	0.98350	0.93833	0.92754	0.93529	0.95544								
17.081																									1.0076	1.0000	1.0090	0.99329	0.94040	0.93557	0.94704	0.95442								
17.117																									0.99201	0.98898	1.0035	0.99579	0.93217	0.94119	0.94407	0.95621								
17.153																									0.98448	1.0026	1.0002	0.98434	0.93854	0.92882	0.95340	0.94448								
17.189																									1.0019	0.99795	1.0123	0.99719	0.96258	0.92733	0.95519	0.95721								
17.225																									1.0026	0.98365	0.98504	1.0064	0.93621	0.92817	0.94129	0.94307								
17.261																									1.0080	0.98256	0.98303	0.99717	0.92460	0.92636	0.96156	0.96302								
17.297																									0.98700	0.98906	1.0098	0.98255	0.94482	0.93025	0.93302	0.96570								
17.333																									0.98902	0.98350	0.99882	1.0036	0.94720	0.92400	0.94596	0.97297								
17.369																									0.99908	1.0084	1.0054	1.0087	0.93222	0.92868	0.93800	0.95906								
17.406																									0.99650	1.0135	0.99175	0.99442	0.94360	0.93064	0.94650	0.97406								
17.442																									0.99030	0.99795	1.0018	1.0018	0.94437	0.93815	0.94648	0.96239								
17.478																									0.98846	0.99584	0.98754	0.99707	0.95852	0.92198	0.94815	0.95285								
17.514																									1.0102	1.0110	0.99464	1.0048	0.94773	0.95211	0.96953	0.94504								
17.550																									0.99987	0.99521	0.97793	0.98989	0.95397	0.94211	0.94602	0.96313								
17.586																									1.0093	1.0014	1.0072	1.0025	0.95202	0.94480	0.95441	0.96161								
17.622																									0.99586	1.0175	0.99443	0.99407	0.94979	0.94674	0.94609	0.96378								
17.658																									0.99269	0.98667	1.0021	1.0080	0.95861	0.93832	0.96925	0.96449								
17.694																									1.0058	1.0048	0.98438	0.97905	0.94478	0.93651	0.94977	0.97975								
17.731																									0.97205	1.0049	1.0157	0.98437	0.96515	0.92806	0.95759	0.96045								
17.767																									1.0195	1.0055	1.0013	0.98934	0.95385	0.95012	0.95695	0.97466								
17.803																									0.99438	1.0072	0.99905	0.98167	0.95429	0.94249	0.94967	0.96654								
17.839																									1.0105	1.0011	0.99313	0.98489	0.95827	0.94671	0.96511	0.97104								
17.875																									0.99285	0.99768	1.0141	1.0011	0.97105	0.94551	0.96647	0.97140								
17.911																									0.99395	0.99594	1.0090	0.99694	0.95045	0.94440	0.95440	0.97447								
17.947																									0.99430	0.99419	0.98772	0.98025	0.94949	0.94644	0.96090	0.95942								
17.983																									0.99583	1.0102	0.98372	0.99462	0.94825	0.93990	0.95868	0.97984								
18.019																									1.0014	0.99521	1.0135	1.0108	0.96498	0.95907	0.95997	0.97668								
18.056																									1.0092	0.99499	0.99083	1.0106	0.95913	0.93963	0.95205	0.98227								
18.092																									1.0106	0.98612	0.98862	1.0115	0.93688	0.94832	0.95690	0.98482								
18.128																									0.98922	0.99609	1.0072	0.98492	0.94333	0.95290	0.98934	0.97580								
18.164																									0.99502	0.99783	0.99624	0.99692	0.96213	0.95208	0.95614	0.99646								
18.200																									0.99976	0.99078	0.99971	1.0038	0.96098	0.96027	0.96563	0.97973								
18.236																									1.0025	0.99297	0.99573	0.99699	0.95310	0.95345	0.96557	0.99194								
18.272																									0.98741	1.0002	0.99724	1.0035	0.97217	0.94557	0.94731	0.98689								
18.308																									0.99948	0.99173	1.0015	0.99349	0.96209	0.95481	0.96338	0.97763								
18.344																									1.0054	1.0067	0.99002	1.0055	0.97839	0.96334	0.97742	0.97796								
18.381																									0.98792	0.99115	0.97851	0.99699	0.97165	0.95186	0.97120	0.99070								
18.417																									0.99813	0.98580	0.97859	0.99662	0.95671	0.95834	0.97004	0.97323								
18.453																									0.99328	0.99646	1.0023	1.0065	0.95094	0.97343	0.97492	0.99094								
18.489																									0.99841	1.0063	0.98027	1.0124	0.97315	0.95752	0.96884	0.98941								
18.525																									0.98853	0.99197	1.0089	1.0069	0.95799	0.95469	0.97282	0.97416								
18.561																									1.0012	0.99285	0.99522	0.99602	0.97307	0.97308	0.96845	0.99117								
18.597																									0.98351	0.98923	0.99509	0.99667	0.96239	0.95737	0.96920	0.98411								
18.633																									1.0143	0.99277	0.99055	0.98070	0.96621	0.95337	0.98497	0.99239								
18.669																									0.99568	0.99479	0.98390	1.0046	0.96855	0.96573	0.96778	0.98996								
18.706																									1.0071	0.98587	0.97576	1.0041	0.98533	0.95912	0.96348	0.99317								
18.742																									1.0029	0.98859	0.99879	1.0110	0.96735	0.95711	0.95865	1.0020								
18.778																									0.98494	0.99160		0.98355	0.97107	0.97242	0.97189	0.97970								
18.814																									0.99522	0.98614		0.99662	0.97730	0.96135	0.98081	0.99131								
18.850																									0.99351	0.98056		0.99782	0.99188	0.95886	0.97828	0.98775								
18.886																									1.0059	0.98874		0.99424	0.98499	0.97381	0.97591	0.98705								
18.922																									0.99351	1.0030		0.99644	0.99390	0.95472	0.96660	0.98084								
18.958																									0.99589	0.98946		1.0071	0.98077	0.97196	0.97763	1.0046								
18.994																									0.99195	0.98243		0.99709	0.97315	0.96831	0.96658	0.98484								
19.031																									1.0074	0.98353		1.0047	0.98111	0.98780	0.97119	0.99957								
19.067																									0.99772	0.98054		0.99417	0.97822	0.96416	0.96719	0.98003								
19.103																									0.98397	1.0044		1.0002	0.97032	0.97190	0.97164	0.98292								
19.139																									0.99428	0.99327		1.0071	0.97760	0.96944	0.98117	0.99322								
19.175																									1.0003			1.0109	0.96942	0.96672	0.98839	0.99215								
19.211																									1.0024			0.99854	0.97951	0.98190	0.97805	0.99162								
19.247																									0.98961			0.99539	0.96528	0.98652	0.98446	1.0062								
19.283																									0.98310			1.0046	0.96541	0.98860	0.98038	0.98530								
19.319																									1.0016			0.98482	0.96299	0.97246	0.97084	0.98851								
19.356																									0.99583			0.98419	0.97465	0.97977	0.99220	1.0089								
19.392																													0.96866	0.97339	0.97342	0.98499								
19.428																													0.96436	0.95828	0.97478	1.0140								
19.464																													0.98539	0.97565	0.98151	0.99646								
19.500																													0.98111	0.97178	0.98523	0.99924								
19.536																													0.98766	0.98202	0.98093	0.99531								
19.572																													0.97238	0.97065	0.98022	0.99491								
19.608																													0.98059	0.96684	0.96386	1.0079								
19.644																													0.98262	0.96614	0.99361	0.98905								
19.681																													0.98569	0.97629	0.97887	1.0067								
19.717																													0.98804	0.98441	0.97182	0.98874								
19.753																													1.0015	0.98818	0.98801	0.99403								
19.789																													0.97837	0.96480	0.98528	0.99263								
19.825																													0.99080	0.97027	0.98235	0.98984								
19.861																													0.97454	0.98325	0.97864	1.0007								
19.897																													0.98649	0.99187	0.99128	1.0103								
19.933																													0.98064	0.97333	0.99035	0.98763								
19.969																													0.98206	0.97951	0.97776	1.0007								
20.006																													0.98951	0.99038	0.97753	0.99208								
20.042																													0.97937	0.98363	0.98093	0.99917								
20.078																													0.99125	0.97850	0.99080	0.99648								
20.114																													0.98546	0.98338	0.99080	0.98015								
20.150																													0.99523	0.99198	0.98650	0.99036								
20.186																													0.98663	0.98277	0.98927	1.0010								
20.222																													0.99375	0.97356	0.98884	1.0006								
20.258																													0.98921	0.98485	0.98659	1.0054								
20.294																													0.99186	0.99841	0.98486	1.0075								
20.331																													0.97979	0.98271	0.98335	0.99974								
20.367																													0.99567	0.97689	0.98839	1.0061								
20.403																													0.99046	0.98701	0.99615	1.0075								
20.439																													0.98388	0.98477	0.99618	0.98589								
20.475																													0.98394	0.97745	0.98290	1.0093								
20.511																													0.99136	0.98950	0.99076	1.0092								
20.547																													0.98793	0.99283	0.99115	0.99391								
20.583																													0.99171	0.98286	0.98700	0.99274								
20.619																													1.0036	0.98540	0.98785	0.99660								
20.656																													0.98181	0.99449	0.98288	1.0100								
20.692																													0.98908	0.99753	0.98933	0.99660								
20.728																													1.0030	0.98026	0.99765	1.0079								
20.764																													0.99952	0.98525	0.99037	1.0066								
20.800																													0.99433	0.98613	1.0084	1.0074								
20.836																													1.0002	0.97850	0.98207	0.99741								
20.872																													0.99060	0.98909	0.99334	1.0142								
20.908																													0.98553	1.0021	0.99467	0.98806								
20.944																													0.99382	0.98249	1.0013	1.0091								
20.981																													0.99642	0.98955	0.99664	0.99927								
21.017																													0.99276	0.97486	0.98632	1.0052								
21.053																													0.98943	0.99607	1.0001	0.99448								
21.089																													0.99028	0.97541	0.99512	1.0012								
21.125																													0.98821	0.98161	0.99820	0.99738								
21.161																													0.98684	0.98061	0.99578	1.0008								
21.197																													0.98217	0.98369	1.0092	0.99727								
21.233																													0.98383	0.98362	1.0019	0.99184								
21.269																													0.99435	0.98436	0.99014	1.0020								
21.306																													0.98803	0.96989	0.99977	0.99884								
21.342																													0.99020	0.98625	0.98774	1.0093								
21.378																													0.99261	0.98449	0.98736	0.98546								
21.414																													0.99815	0.98851	1.0070	1.0028								
21.450																													1.0014	0.98648	0.99108	1.0036								
21.486																													1.0001	0.98649	0.99759	1.0006								
21.522																													0.99438	0.99893	0.99020	0.99933								
21.558																													0.98436	0.99491	1.0033	0.98274								
21.594																													1.0028	0.98465	0.99546	0.99567								
21.631																													1.0010	0.97888	0.99667	0.98118								
21.667																													0.97689	0.98978	0.99817	1.0059								
21.703																													0.99787	0.98584	0.99288	0.99705								
21.739																													0.99133	0.98388	1.0043	0.99998								
21.775																													0.99065	0.99196	0.99253	1.0039								
21.811																													0.97916	0.98605	0.99531	0.99512								
21.847																													0.99443	0.97651	1.0009	0.99169								
21.883																													1.0009	0.99355	0.99955	0.99096								
21.919																													0.98981	0.97868	0.98483	0.99553								
21.956																													1.0096	0.99579	0.99779	0.99734								
21.992																													1.0099	0.99812	0.99682	0.99351								
22.028																													0.98021	0.99835	1.0009	1.0111								
22.064																													0.99040	0.99742	1.0106	0.98205								
22.100																													1.0090	0.99715	1.0006	1.0020								
22.136																													0.99638	1.0044	0.99161	1.0024								
22.172																													1.0010	0.99826	1.0081	1.0027								
22.208																													1.0031	0.99222	1.0031	1.0110								
22.244																													0.99278	1.0031	1.0054	0.99643								
22.281																													1.0055	0.99459	1.0017	1.0105								
22.317																													0.99788	0.99713	1.0038	1.0098								
22.353																													0.98533	1.0091	1.0010	0.99562								
22.389																													1.0058	0.99887	0.99037	0.99814								
22.425																													1.0036	1.0001	1.0000	0.99776								
22.461																													0.99743	0.99659	0.99407	1.0106								
22.497																													0.99919	0.98584	1.0136	0.99996								
22.533																													0.98981	0.98765	1.0069	0.99555								
22.569																													1.0079	1.0023	0.99950	1.0021								
22.606																													1.0007	0.99072	0.99911	0.98618								
22.642																													1.0012	1.0105	0.99590	0.99984								
22.678																													0.99452	1.0075	1.0120	0.99914								
22.714																													1.0125	0.99646	1.0048	0.99995								
22.750																													1.0135	0.98965	1.0018	1.0049								
22.786																													0.99438	1.0118	1.0080	1.0032								
22.822																													1.0067	1.0039	0.99574	0.99914								
22.858																													0.99964	1.0070	1.0021	0.99417								
22.894																													1.0079	1.0033	1.0026	0.99198								
22.931																													0.99360	1.0018	1.0036	1.0155								
22.967																													1.0105	1.0019	1.0015	0.98994								
23.003																													0.98609	1.0043	0.98764	0.99739								
23.039																													1.0072	0.99687	0.98701	0.99198								
23.075																													0.99253	1.0102	0.99591	1.0030								
23.111																													1.0064	1.0018	1.0040	1.0186								
23.147																													0.99954	1.0165	1.0062	1.0094								
23.183																													0.98876	0.99396	0.99383	0.99986								
23.219																													0.99792	0.99470	1.0069	1.0069								
23.256																													1.0060	0.99724	0.99563	0.99210								
23.292																													0.99330	1.0044	1.0024	0.99858								
23.328																													0.99750	1.0039	1.0019	1.0094								
23.364																													0.99321	1.0027	1.0034	1.0003								
23.400																													1.0027	1.0071	1.0188	1.0083								
23.436																													1.0188	0.98471	1.0123	0.98498								
23.472																													0.99575	1.0051	0.99799	1.0150								
23.508																													0.99859	0.98731	1.0004	0.99714								
23.544																													0.98859	0.99355	1.0020	1.0138								
23.581																													1.0035	1.0024	1.0020	1.0020								
23.617																													0.99580	1.0023	1.0059	1.0022								
23.653																													1.0055	0.99291	1.0031	1.0060								
23.689																													1.0038	0.99918	0.99041	1.0044								
23.725																													0.99795	1.0118	1.0113	1.0139								
23.761																													0.99598	0.99917	1.0032	0.99446								
23.797																													0.99833	1.0096	0.99789	0.98479								
23.833																													1.0077	0.99459	1.0015	1.0032								
23.869																													1.0142	0.99776	0.99515	1.0101								
23.906																													0.99638	1.0031	0.99913	0.98656								
23.942																													0.98671	0.99807	1.0071	0.99224								
23.978																													1.0023	1.0076	1.0115	0.99393								
24.014																													1.0059	0.98198	1.0015	1.0043								
24.050																													1.0051	0.99718	1.0024	1.0040								
24.086																													0.99974	0.99742	1.0073	0.99679								
24.122																													1.0176	1.0030	1.0059	1.0016								
24.158																													1.0099	1.0072	0.99178	1.0062								
24.194																													1.0035	0.99555	1.0141	1.0014								
24.231																													1.0006	1.0089	0.99305	0.99565								
24.267																													0.99994	1.0055	0.99299	0.99769								
24.303																													1.0048	1.0052	0.99545	1.0011								
24.339																													0.99802	1.0054	0.99206	0.99603								
24.375																													1.0109	1.0005	0.99793	1.0063								
24.411																													0.99610	1.0069	1.0056	1.0075								
24.447																													1.0052	1.0040	1.0094	1.0025								
24.483																													1.0210	1.0058	0.97866	0.99888								
24.519																													0.99675	1.0070	0.98931	1.0011								
24.556																													1.0055	1.0060	0.99248	0.99470								
24.592																													0.99842	0.98795	0.99837	0.98848								
24.628																													0.99882	1.0066	1.0086	0.98543								
24.664																													1.0048	1.0095	1.0064	1.0059								
24.700																													1.0064	1.0072	0.99898	1.0048								
24.736																													1.0094	1.0095		0.98725								
24.772																													1.0054	0.99748		1.0083								
24.808																													1.0062	1.0050		1.0048								
24.844																													0.99658	0.99505		1.0046								
24.881																													0.99256	1.0055		1.0022								
24.917																													1.0162	0.99745		1.0084								
24.953																													1.0004	0.99546										
24.989																													1.0123	1.0003										
25.025																													1.0091	1.0059										
25.061																													0.99610	0.99827										
25.097																													1.0072	1.0048										
25.133																													1.0030	1.0127										
25.169																													0.99838	1.0076										
25.206																													1.0004	1.0084										
25.242																													1.0043	0.98774										
25.278																													1.0034	1.0030										
25.314																													0.99402	0.99371										
25.350																													1.0018	0.99786										
25.386																													1.0006	1.0038										
25.422																													0.99056	0.99662										
25.458																													1.0006	1.0065										
25.494																													0.98908	1.0049										
25.531																													0.98985	0.99686										
25.567																													0.99160	1.0142										
25.603																													0.99633	1.0008										
25.639																													0.98596	1.0013										
25.675																													1.0012	1.0095										
25.711																													0.99080	0.98979										
25.747																													0.98728	1.0054										
25.783																													0.99595	0.99088										
25.819																													1.0067	1.0103										
25.856																													1.0059	1.0078										
25.892																													1.0022	1.0038										
25.928																													1.0054	0.99896										
25.964																													1.0061	0.99925										
26.000																													1.0045	1.0088										
26.036																													0.99213	0.98255										
26.072																													0.98479	0.99730										
26.108																													1.0048	0.99925										
26.144																													0.99353	0.99529										
26.181																													0.97921	1.0011										
26.217																													1.0164	1.0002										
26.253																													1.0044	0.98084										
26.289																													1.0145	0.99523										
26.325																													1.0072	1.0037										
26.361																													0.99643	0.99704										
26.397																													1.0024	0.99034										
26.433																													0.99685	0.99368										
26.469																													0.98814	0.99932										
26.506																													0.99959	1.0007										
26.542																													1.0057	0.99700										
26.578																													1.0086	0.98725										
26.614																													0.98975	0.99137										
26.650																													0.99316	0.99356										
26.686																													0.98808	0.99680										
26.722																													1.0020	0.99503										
26.758																													0.98801	0.99163										
26.794																													0.98438	1.0026										
26.831																													0.99323	1.0078										
26.867																													0.98671	0.98458										
26.903																													0.99538	0.99946										
26.939																													1.0013	0.98757										
26.975																													1.0044	1.0092										
27.011																													1.0077											
27.047																													1.0021											
27.083																													1.0040											
27.119																													1.0008											
27.156																													0.99347											
27.192																													0.98488											
27.228																													0.99497											
27.264																													1.0028											
27.300																													0.99490											
27.336																													0.99935											
27.372																													0.99510											
27.408																													1.0042											
27.444																													1.0008											
27.481																													1.0150											
27.517																													0.99090											
27.553																													1.0080											
27.589																													1.0090											
27.625																													1.0035											
27.661																													1.0033											
27.697																													1.0125											
27.733																													1.0043											
27.769																													1.0061											
27.806																													1.0043											
27.842																													0.98528											
27.878																													0.99210											
27.914																													1.0144											
27.950																													1.0013											
27.986																													1.0033											
																																								
0.0000																																	0.0000	0.0000	0.0000	0.0000	0.0000	0.0000	0.0000	0.0000
0.14081																																	0.00036716	7.3009e-05	3.2458e-06	1.4368e-05	9.0306e-06	2.0137e-05	3.8575e-05	2.1083e-05
0.28162																																	0.0017392	0.00033372	1.5222e-05	6.1196e-05	3.7437e-05	8.1513e-05	0.00015462	8.4406e-05
0.42243																																	0.0051205	0.00093087	4.4189e-05	0.00015262	8.9353e-05	0.00018710	0.00034928	0.00019027
0.56324																																	0.012927	0.0022037	0.00011012	0.00031235	0.00017234	0.00034201	0.00062459	0.00033923
0.70405																																	0.030422	0.0048689	0.00025846	0.00058171	0.00029846	0.00055377	0.00098351	0.00053209
0.84485																																	0.067904	0.010398	0.00059133	0.0010303	0.00048606	0.00083263	0.0014299	0.00076992
0.98566																																	0.14142	0.021723	0.0013374	0.0017737	0.00076236	0.0011921	0.0019687	0.0010540
1.1265																																	0.26448	0.044355	0.0030062	0.0030023	0.0011674	0.0016494	0.0026056	0.0013860
1.2673																																	0.42778	0.087487	0.0067239	0.0050280	0.0017597	0.0022267	0.0033477	0.0017678
1.4081																																	0.59471	0.16290	0.014931	0.0083579	0.0026244	0.0029515	0.0042028	0.0022015
1.5489																																	0.73167	0.27765	0.032696	0.013805	0.0038851	0.0038584	0.0051803	0.0026895
1.6897																																	0.82906	0.42225	0.069570	0.022647	0.0057204	0.0049902	0.0062905	0.0032345
1.8305																																	0.89316	0.57070	0.14002	0.036821	0.0083866	0.0064000	0.0075453	0.0038397
1.9713																																	0.93380	0.69839	0.25630	0.059102	0.012249	0.0081532	0.0089577	0.0045085
2.1121																																	0.95915	0.79543	0.41135	0.093078	0.017821	0.010330	0.010542	0.0052444
2.2529																																	0.97483	0.86393	0.57350	0.14262	0.025814	0.013028	0.012316	0.0060516
2.3938																																	0.98450	0.91040	0.71080	0.21047	0.037183	0.016367	0.014296	0.0069345
2.5346																																	0.99046	0.94129	0.81152	0.29621	0.053166	0.020489	0.016502	0.0078980
2.6754																																	0.99413	0.96163	0.87966	0.39486	0.075274	0.025565	0.018955	0.0089473
2.8162																																	0.99639	0.97495	0.92391	0.49777	0.10519	0.031797	0.021680	0.010088
2.9570																																	0.99778	0.98365	0.95211	0.59584	0.14450	0.039420	0.024702	0.011326
3.0978																																	0.99863	0.98934	0.96992	0.68254	0.19428	0.048702	0.028047	0.012668
3.2386																																	0.99916	0.99304	0.98113	0.75496	0.25456	0.059943	0.031746	0.014121
3.3794																																	0.99948	0.99546	0.98816	0.81309	0.32388	0.073466	0.035831	0.015693
3.5202																																	0.99968	0.99704	0.99258	0.85852	0.39930	0.089611	0.040333	0.017391
3.6610																																	0.99980	0.99807	0.99534	0.89343	0.47691	0.10871	0.045290	0.019224
3.8018																																	0.99988	0.99874	0.99708	0.91997	0.55271	0.13106	0.050738	0.021201
3.9427																																	0.99993	0.99918	0.99817	0.94001	0.62341	0.15690	0.056716	0.023331
4.0835																																	0.99995	0.99946	0.99885	0.95509	0.68688	0.18636	0.063262	0.025625
4.2243																																	0.99997	0.99965	0.99928	0.96640	0.74215	0.21943	0.070419	0.028094
4.3651																																	0.99998	0.99977	0.99955	0.97487	0.78921	0.25594	0.078226	0.030748
4.5059																																	0.99999	0.99985	0.99972	0.98121	0.82858	0.29552	0.086723	0.033600
4.6467																																	0.99999	0.99990	0.99982	0.98595	0.86112	0.33764	0.095950	0.036661
4.7875																																	1.00000	0.99994	0.99989	0.98950	0.88778	0.38161	0.10594	0.039945
4.9283																																	1.00000	0.99996	0.99993	0.99215	0.90950	0.42664	0.11674	0.043464
5.0691																																	1.00000	0.99997	0.99996	0.99413	0.92710	0.47191	0.12836	0.047234
5.2099																																	1.00000	0.99998	0.99997	0.99562	0.94134	0.51663	0.14085	0.051267
5.3507																																	1.00000	0.99999	0.99998	0.99672	0.95282	0.56009	0.15420	0.055579
5.4916																																	1.00000	0.99999	0.99999	0.99755	0.96207	0.60171	0.16845	0.060185
5.6324																																	1.00000	1.00000	0.99999	0.99817	0.96952	0.64103	0.18358	0.065099
5.7732																																	1.00000	1.00000	1.00000	0.99863	0.97551	0.67775	0.19959	0.070337
5.9140																																	1.00000	1.00000	1.00000	0.99898	0.98032	0.71171	0.21648	0.075914
6.0548																																	1.00000	1.00000	1.00000	0.99924	0.98419	0.74283	0.23420	0.081845
6.1956																																	1.00000	1.00000	1.00000	0.99943	0.98730	0.77115	0.25273	0.088145
6.3364																																	1.00000	1.00000	1.00000	0.99957	0.98980	0.79677	0.27201	0.094828
6.4772																																	1.00000	1.00000	1.00000	0.99968	0.99181	0.81982	0.29198	0.10191
6.6180																																	1.00000	1.00000	1.00000	0.99976	0.99342	0.84048	0.31257	0.10940
6.7588																																	1.00000	1.00000	1.00000	0.99982	0.99471	0.85892	0.33371	0.11731
6.8996																																	1.00000	1.00000	1.00000	0.99987	0.99575	0.87535	0.35531	0.12566
7.0405																																	1.00000	1.00000	1.00000	0.99990	0.99659	0.88995	0.37727	0.13445
7.1813																																	1.00000	1.00000	1.00000	0.99993	0.99726	0.90290	0.39950	0.14370
7.3221																																	1.00000	1.00000	1.00000	0.99994	0.99780	0.91437	0.42190	0.15340
7.4629																																	1.00000	1.00000	1.00000	0.99996	0.99823	0.92451	0.44437	0.16356
7.6037																																	1.00000	1.00000	1.00000	0.99997	0.99858	0.93347	0.46681	0.17418
7.7445																																	1.00000	1.00000	1.00000	0.99998	0.99886	0.94139	0.48913	0.18527
7.8853																																	1.00000	1.00000	1.00000	0.99998	0.99908	0.94837	0.51123	0.19681
8.0261																																	1.00000	1.00000	1.00000	0.99999	0.99926	0.95453	0.53304	0.20881
8.1669																																	1.00000	1.00000	1.00000	0.99999	0.99941	0.95996	0.55448	0.22126
8.3077																																	1.00000	1.00000	1.00000	0.99999	0.99953	0.96474	0.57548	0.23413
8.4485																																	1.00000	1.00000	1.00000	0.99999	0.99962	0.96896	0.59597	0.24743
8.5894																																	1.00000	1.00000	1.00000	1.00000	0.99969	0.97267	0.61592	0.26112
8.7302																																	1.00000	1.00000	1.00000	1.00000	0.99975	0.97594	0.63526	0.27519
8.8710																																	1.00000	1.00000	1.00000	1.00000	0.99980	0.97882	0.65398	0.28962
9.0118																																	1.00000	1.00000	1.00000	1.00000	0.99984	0.98136	0.67204	0.30437
9.1526																																	1.00000	1.00000	1.00000	1.00000	0.99987	0.98359	0.68942	0.31943
9.2934																																	1.00000	1.00000	1.00000	1.00000	0.99990	0.98556	0.70611	0.33475
9.4342																																	1.00000	1.00000	1.00000	1.00000	0.99992	0.98729	0.72211	0.35031
9.5750																																	1.00000	1.00000	1.00000	1.00000	0.99993	0.98881	0.73742	0.36607
9.7158																																	1.00000	1.00000	1.00000	1.00000	0.99995	0.99015	0.75204	0.38199
9.8566																																	1.00000	1.00000	1.00000	1.00000	0.99996	0.99133	0.76597	0.39805
9.9974																																	1.00000	1.00000	1.00000	1.00000	0.99997	0.99237	0.77924	0.41419
10.138																																	1.00000	1.00000	1.00000	1.00000	0.99997	0.99329	0.79185	0.43039
10.279																																	1.00000	1.00000	1.00000	1.00000	0.99998	0.99409	0.80383	0.44661
10.420																																	1.00000	1.00000	1.00000	1.00000	0.99998	0.99480	0.81518	0.46280
10.561																																	1.00000	1.00000	1.00000	1.00000	0.99999	0.99542	0.82595	0.47894
10.701																																	1.00000	1.00000	1.00000	1.00000	0.99999	0.99597	0.83614	0.49499
10.842																																	1.00000	1.00000	1.00000	1.00000	0.99999	0.99645	0.84578	0.51092
10.983																																	1.00000	1.00000	1.00000	1.00000	0.99999	0.99688	0.85488	0.52669
11.124																																	1.00000	1.00000	1.00000	1.00000	0.99999	0.99725	0.86349	0.54228
11.265																																	1.00000	1.00000	1.00000	1.00000	1.00000	0.99758	0.87161	0.55766
11.406																																	1.00000	1.00000	1.00000	1.00000	1.00000	0.99787	0.87927	0.57281
11.546																																	1.00000	1.00000	1.00000	1.00000	1.00000	0.99813	0.88650	0.58770
11.687																																	1.00000	1.00000	1.00000	1.00000	1.00000	0.99835	0.89331	0.60231
11.828																																	1.00000	1.00000	1.00000	1.00000	1.00000	0.99855	0.89972	0.61662
11.969																																	1.00000	1.00000	1.00000	1.00000	1.00000	0.99872	0.90576	0.63063
12.110																																	1.0000	1.00000	1.00000	1.00000	1.00000	0.99888	0.91145	0.64431
12.250																																	1.0000	1.00000	1.00000	1.00000	1.00000	0.99901	0.91680	0.65765
12.391																																	1.0000	1.00000	1.00000	1.00000	1.00000	0.99913	0.92184	0.67065
12.532																																	1.0000	1.00000	1.00000	1.00000	1.00000	0.99923	0.92658	0.68330
12.673																																	1.0000	1.00000	1.00000	1.00000	1.00000	0.99933	0.93104	0.69559
12.814																																	1.0000	1.00000	1.00000	1.00000	1.00000	0.99941	0.93523	0.70752
12.954																																	1.0000	1.00000	1.00000	1.00000	1.00000	0.99948	0.93917	0.71909
13.095																																	1.0000	1.00000	1.00000	1.00000	1.00000	0.99954	0.94287	0.73030
13.236																																	1.0000	1.00000	1.00000	1.00000	1.00000	0.99960	0.94635	0.74115
13.377																																	1.0000	1.00000	1.0000	1.00000	1.00000	0.99964	0.94962	0.75164
13.518																																	1.0000	1.00000	1.0000	1.00000	1.00000	0.99969	0.95269	0.76178
13.658																																	1.0000	1.00000	1.0000	1.00000	1.00000	0.99972	0.95558	0.77156
13.799																																	1.0000	1.00000	1.0000	1.00000	1.00000	0.99976	0.95829	0.78100
13.940																																	1.0000	1.0000	1.0000	1.00000	1.00000	0.99979	0.96084	0.79010
14.081																																	1.0000	1.0000	1.0000	1.00000	1.00000	0.99981	0.96323	0.79887
14.222																																	1.0000	1.0000	1.0000	1.00000	1.00000	0.99983	0.96548	0.80731
14.363																																	1.0000	1.0000	1.0000	1.00000	1.00000	0.99985	0.96759	0.81544
14.503																																	1.0000	1.0000	1.0000	1.00000	1.00000	0.99987	0.96957	0.82325
14.644																																	1.0000	1.0000	1.0000	1.00000	1.00000	0.99989	0.97144	0.83076
14.785																																	1.0000	1.0000	1.0000	1.00000	1.00000	0.99990	0.97318	0.83798
14.926																																	1.0000	1.0000	1.0000	1.00000	1.00000	0.99991	0.97483	0.84492
15.067																																	1.0000	1.0000	1.0000	1.00000	1.00000	0.99992	0.97637	0.85158
15.207																																	1.0000	1.0000	1.0000	1.00000	1.00000	0.99993	0.97781	0.85797
15.348																																	1.0000	1.0000	1.0000	1.00000	1.00000	0.99994	0.97917	0.86410
15.489																																	1.0000	1.0000	1.0000	1.00000	1.00000	0.99995	0.98045	0.86998
15.630																																	1.0000	1.0000	1.0000	1.00000	1.00000	0.99995	0.98165	0.87562
15.771																																	1.0000	1.0000	1.0000	1.00000	1.00000	0.99996	0.98277	0.88103
15.911																																	1.0000	1.0000	1.0000	1.00000	1.00000	0.99996	0.98383	0.88621
16.052																																	1.0000	1.0000	1.0000	1.00000	1.00000	0.99997	0.98482	0.89118
16.193																																	1.0000	1.0000	1.0000	1.00000	1.00000	0.99997	0.98575	0.89593
16.334																																	1.0000	1.0000	1.0000	1.00000	1.00000	0.99998	0.98662	0.90049
16.475																																	1.0000	1.0000	1.0000	1.00000	1.00000	0.99998	0.98744	0.90485
16.615																																	1.0000	1.0000	1.0000	1.00000	1.00000	0.99998	0.98821	0.90903
16.756																																	1.0000	1.0000	1.0000	1.00000	1.00000	0.99998	0.98893	0.91303
16.897																																	1.0000	1.0000	1.0000	1.00000	1.00000	0.99999	0.98961	0.91685
17.038																																	1.0000	1.0000	1.0000	1.00000	1.00000	0.99999	0.99025	0.92052
17.179																																	1.0000	1.0000	1.0000	1.00000	1.00000	0.99999	0.99085	0.92402
17.320																																	1.0000	1.0000	1.0000	1.00000	1.00000	0.99999	0.99141	0.92738
17.460																																	1.0000	1.0000	1.0000	1.00000	1.00000	0.99999	0.99194	0.93058
17.601																																	1.0000	1.0000	1.0000	1.00000	1.00000	0.99999	0.99243	0.93365
17.742																																	1.0000	1.0000	1.0000	1.00000	1.00000	0.99999	0.99289	0.93659
17.883																																	1.0000	1.0000	1.0000	1.00000	1.00000	0.99999	0.99333	0.93940
18.024																																	1.0000	1.0000	1.0000	1.00000	1.00000	0.99999	0.99374	0.94208
18.164																																	1.0000	1.0000	1.0000	1.00000	1.00000	1.00000	0.99412	0.94465
18.305																																	1.0000	1.0000	1.0000	1.00000	1.00000	1.00000	0.99448	0.94710
18.446																																	1.0000	1.0000	1.0000	1.00000	1.00000	1.00000	0.99482	0.94945
18.587																																	1.0000	1.0000	1.0000	1.00000	1.00000	1.00000	0.99514	0.95169
18.728																																	1.0000	1.0000	1.0000	1.00000	1.00000	1.00000	0.99544	0.95384
18.868																																	1.0000	1.0000	1.0000	1.00000	1.00000	1.00000	0.99572	0.95589
19.009																																	1.0000	1.0000	1.0000	1.00000	1.00000	1.00000	0.99598	0.95785
19.150																																	1.0000	1.0000	1.0000	1.00000	1.00000	1.00000	0.99623	0.95972
19.291																																	1.0000	1.0000	1.0000	1.00000	1.00000	1.00000	0.99646	0.96151
19.432																																	1.0000	1.0000	1.0000	1.00000	1.00000	1.00000	0.99667	0.96323
19.572																																	1.0000	1.0000	1.0000	1.00000	1.00000	1.00000	0.99688	0.96486
19.713																																	1.0000	1.0000	1.0000	1.00000	1.00000	1.00000	0.99707	0.96643
19.854																																	1.0000	1.0000	1.0000	1.00000	1.00000	1.00000	0.99725	0.96792
19.995																																	1.0000	1.0000	1.0000	1.00000	1.00000	1.00000	0.99742	0.96935
20.136																																	1.0000	1.0000	1.0000	1.00000	1.00000	1.00000	0.99758	0.97071
20.277																																	1.0000	1.0000	1.0000	1.00000	1.00000	1.00000	0.99773	0.97202
20.417																																	1.0000	1.0000	1.0000	1.00000	1.00000	1.00000	0.99786	0.97326
20.558																																	1.0000	1.0000	1.0000	1.00000	1.00000	1.00000	0.99800	0.97446
20.699																																	1.0000	1.0000	1.0000	1.0000	1.00000	1.00000	0.99812	0.97559
20.840																																	1.0000	1.0000	1.0000	1.0000	1.00000	1.00000	0.99823	0.97668
20.981																																	1.0000	1.0000	1.0000	1.0000	1.00000	1.00000	0.99834	0.97772
21.121																																	1.0000	1.0000	1.0000	1.0000	1.00000	1.00000	0.99844	0.97871
21.262																																	1.0000	1.0000	1.0000	1.0000	1.00000	1.00000	0.99854	0.97966
21.403																																	1.0000	1.0000	1.0000	1.0000	1.00000	1.00000	0.99863	0.98057
21.544																																	1.0000	1.0000	1.0000	1.0000	1.00000	1.00000	0.99871	0.98144
21.685																																	1.0000	1.0000	1.0000	1.0000	1.00000	1.00000	0.99879	0.98226
21.825																																	1.0000	1.0000	1.0000	1.0000	1.00000	1.00000	0.99887	0.98305
21.966																																	1.0000	1.0000	1.0000	1.0000	1.00000	1.00000	0.99894	0.98381
22.107																																	1.0000	1.0000	1.0000	1.0000	1.00000	1.00000	0.99900	0.98453
22.248																																	1.0000	1.0000	1.0000	1.0000	1.00000	1.00000	0.99906	0.98522
22.389																																	1.0000	1.0000	1.0000	1.0000	1.00000	1.00000	0.99912	0.98588
22.529																																	1.0000	1.0000	1.0000	1.0000	1.00000	1.00000	0.99917	0.98651
22.670																																	1.0000	1.0000	1.0000	1.0000	1.00000	1.00000	0.99922	0.98711
22.811																																	1.0000	1.0000	1.0000	1.0000	1.00000	1.00000	0.99927	0.98769
22.952																																	1.0000	1.0000	1.0000	1.0000	1.00000	1.00000	0.99932	0.98824
23.093																																	1.0000	1.0000	1.0000	1.0000	1.00000	1.00000	0.99936	0.98876
23.233																																	1.0000	1.0000	1.0000	1.0000	1.00000	1.00000	0.99940	0.98926
23.374																																	1.0000	1.0000	1.0000	1.0000	1.00000	1.00000	0.99943	0.98974
23.515																																	1.0000	1.0000	1.0000	1.0000	1.00000	1.00000	0.99947	0.99020
23.656																																	1.0000	1.0000	1.0000	1.0000	1.00000	1.00000	0.99950	0.99064
23.797																																	1.0000	1.0000	1.0000	1.0000	1.00000	1.00000	0.99953	0.99106
23.938																																	1.0000	1.0000	1.0000	1.0000	1.00000	1.00000	0.99956	0.99145
24.078																																	1.0000	1.0000	1.0000	1.0000	1.00000	1.00000	0.99959	0.99184
24.219																																	1.0000	1.0000	1.0000	1.0000	1.00000	1.00000	0.99961	0.99220
24.360																																	1.0000	1.0000	1.0000	1.0000	1.00000	1.00000	0.99964	0.99255
24.501																																	1.0000	1.0000	1.0000	1.0000	1.00000	1.00000	0.99966	0.99288
24.642																																	1.0000	1.0000	1.0000	1.0000	1.00000	1.00000	0.99968	0.99320
24.782																																	1.0000	1.0000	1.0000	1.0000	1.00000	1.00000	0.99970	0.99350
24.923																																	1.0000	1.0000	1.0000	1.0000	1.00000	1.00000	0.99972	0.99379
25.064																																	1.0000	1.0000	1.0000	1.0000	1.00000	1.00000	0.99974	0.99407
25.205																																	1.0000	1.0000	1.0000	1.0000	1.00000	1.00000	0.99975	0.99433
25.346																																	1.0000	1.0000	1.0000	1.0000	1.00000	1.00000	0.99977	0.99459
25.486																																	1.0000	1.0000	1.0000	1.0000	1.00000	1.00000	0.99978	0.99483
25.627																																	1.0000	1.0000	1.0000	1.0000	1.00000	1.00000	0.99979	0.99506
25.768																																	1.0000	1.0000	1.0000	1.0000	1.00000	1.00000	0.99981	0.99528
25.909																																	1.0000	1.0000	1.0000	1.0000	1.00000	1.00000	0.99982	0.99549
26.050																																	1.0000	1.0000	1.0000	1.0000	1.00000	1.00000	0.99983	0.99569
26.190																																	1.0000	1.0000	1.0000	1.0000	1.00000	1.00000	0.99984	0.99588
26.331																																	1.0000	1.0000	1.0000	1.0000	1.00000	1.00000	0.99985	0.99607
26.472																																	1.0000	1.0000	1.0000	1.0000	1.00000	1.00000	0.99986	0.99624
26.613																																	1.0000	1.0000	1.0000	1.0000	1.00000	1.00000	0.99987	0.99641
26.754																																	1.0000	1.0000	1.0000	1.0000	1.00000	1.00000	0.99988	0.99657
26.895																																	1.0000	1.0000	1.0000	1.0000	1.00000	1.00000	0.99988	0.99672
27.035																																	1.0000	1.0000	1.0000	1.0000	1.00000	1.00000	0.99989	0.99687
27.176																																	1.0000	1.0000	1.0000	1.0000	1.00000	1.00000	0.99990	0.99701
27.317																																	1.0000	1.0000	1.0000	1.0000	1.00000	1.00000	0.99990	0.99714
27.458																																	1.0000	1.0000	1.0000	1.0000	1.0000	1.00000	0.99991	0.99727
27.599																																	1.0000	1.0000	1.0000	1.0000	1.0000	1.00000	0.99992	0.99739
27.739																																	1.0000	1.0000	1.0000	1.0000	1.0000	1.00000	0.99992	0.99751
27.880																																	1.0000	1.0000	1.0000	1.0000	1.0000	1.00000	0.99993	0.99762
28.021																																	1.0000	1.0000	1.0000	1.0000	1.0000	1.00000	0.99993	0.99773
