time/h	Ab42 alone	Ab42 alone	Ab42 alone	Ab42 alone	47 nM CTD	47 nM CTD	47 nM CTD	47 nM CTD	94 nM CTD	94 nM CTD	94 nM CTD	94 nM CTD	187 nM CTD	187 nM CTD	187 nM CTD	187 nM CTD	375 nM CTD	375 nM CTD	375 nM CTD	375 nM CTD	750 nM CTD	750 nM CTD	750 nM CTD	750 nM CTD	1500 nM CTD	1500 nM CTD	1500 nM CTD	1500 nM CTD	3000 nM CTD	3000 nM CTD	3000 nM CTD	3000 nM CTD	Fit 0	Fit 47	Fit 94	Fit 187	Fit 375	Fit 750	Fit 1500	Fit 3000
0.0000	0.013659	0.0075245	0.0074859	0.018896			0.012038	0.013853	0.026032		0.027142		0.017245																0.059906											
0.036111	0.0092687	0.0079232	0.0041225	0.0034303			0.0075762	0.0085093	0.018039		0.015597		0.021314																0.023055											
0.072222	0.0021032	7.7836e-05	0.0060373	0.0019813			0.0066404	0.0030764	0.0020761		0.0078778		0.0047159																0.032868											
0.10833	0.0040499	0.0036517	-0.0011052	0.0035975			0.0056829	0.0041049	0.015460		0.011054		0.0048157																0.011202											
0.14444	-0.0026048	-0.0041794	0.00064580	-0.0094160			-0.0040014	0.0044402	0.0032844		0.013349		0.0081602																0.0095811											
0.18056	-0.0052004	-0.00089037	-0.00027377	0.00023965			0.0049430	0.0085764	8.2006e-06		0.0041455		0.0074114																-0.0040430											
0.21667	0.00087441	-0.0011039	-0.0025034	-0.0033969	0.0024275	-0.00020494	0.0052912	-0.0022894	0.0043764	0.0087181	-0.0026005	0.0025138	0.0040420	-0.0047493	0.012191	0.0076443	0.0090720	0.0071886	0.017417	0.0070260			0.010246	0.0086456	0.0013967			0.0094428	0.010992		0.0015124	0.0033392								
0.25278	-0.00087901	-0.00037779	-0.0033222	-0.0033969	-0.0016280	-0.00043976	-0.0014987	-0.0014175	-0.0077756	0.0051585	-0.0013718	0.0073557	-0.012231	0.0083866	0.0098211	0.0021187	0.0000	0.0026400	0.0027290	0.0095468			0.0071807	0.0011971	0.019332			0.0096440	0.0044196		-0.0013967	0.0045380								
0.28889	0.0020065	-0.0042933	-0.0042796	-0.00059634	0.0022106	-0.0046665	-0.0031744	-3.1300e-05	-0.0034306	0.011376	-0.0050346	-0.0018941	-0.0010247	-0.0047035	-0.0021199	-0.0012153	-0.014106	-0.0051194	0.0031809	0.0024725			-0.0031310	0.0034348	-0.0086901			0.00078996	0.0010286		-0.0059012	0.0063677								
0.32500	-0.0048691	-0.0014172	0.00050723	-0.0046648	-0.010108	0.00011528	-0.0043931	-0.0099805	-0.0077523	-0.010790	-0.0075151	0.00054966	-0.0033709	0.0025281	-0.0034673	-0.0031504	0.0034244	-0.00016946	0.017446	0.0039904			0.0029693	-0.00021286	-0.0058695			0.0045558	-0.0047332		0.0029201	-0.0098788								
0.36111	0.0010953	-0.0019298	-0.00096660	-0.0017528	0.0075240	-0.00054649	-0.0074834	-0.0022671	-0.0026871	0.0047656	-0.0086510	0.0011892	-0.0092113	0.0057091	-0.0026077	-0.0026142	0.0046255	0.0036567	0.0032374	-0.0041951			0.0017616	-0.0056996	-0.0016079			0.0014511	-0.012776		0.00038632	-0.0086170								
0.39722	-0.0063050	-0.0026844	0.0012505	-0.0020454	0.0012130	-0.00054649	-0.0059600	-0.0081248	-0.0054288	-0.0026540	-0.0088596	0.00068669	-0.011532	0.0036266	0.0076141	-0.00081893	-0.0011755	0.0028808	-0.0020448	0.0047222			-0.0016446	0.0055191	-0.00074944			0.0013936	0.0037294		-0.0056509	-0.0031594								
0.43333	-0.0069124	-0.0013175	-0.0034356	-0.0017807	-0.0084811	-0.00099479	-0.0057424	-0.0043016	-0.0083564	-0.0018682	-0.013056	-0.0015059	-0.0014490	-0.0070148	0.0013184	0.00057995	0.00025555	0.0010078	-0.0037961	0.0033128	-0.0059458	0.0036666	-6.5373e-05	0.0055498	0.00050758	-0.0048823	-0.0043458	0.0041246	-0.011575	-0.0048437	-0.0023038	-0.00028865								
0.46944	-0.0035299	0.00054770	-0.0010800	-0.00063814	-0.0055750	-0.0075058	-0.0061559	-0.0014398	-0.0020365	0.0077704	-0.0032959	-0.0076495	-0.0050930	-0.0087541	-0.0075328	-0.0017282	0.00033222	0.0048340	0.0053277	0.0014154	-0.0027825	0.0052740	0.0099986	0.011006	-0.010192	0.0075935	-0.0041019	-0.0028609	-0.0076140	0.0067177	0.0025760	-0.0028755								
0.50556	-0.0027567	-0.0015311	-0.0030829	-0.00045701	0.0088252	-0.0051575	-0.0037620	-0.012708	-0.016675	-0.0067915	-0.0071210	-0.0043150	-0.0045689	-0.0037194	-0.0010512	-0.0019847	-0.011781	-0.0053334	-0.0044457	-0.0066616	0.0032063	0.00098756	0.0047344	-0.0040444	-0.0036007	0.0010498	0.0022391	-0.00050364	-0.00047189	0.0021937	-0.0043684	-0.013475								
0.54167	-0.00052004	0.00043380	0.0015024	-0.0029650	-0.00019663	-0.0022329	-0.0052854	-0.0028260	-0.010076	0.0044420	-0.013172	0.00084657	-0.015950	-0.0012937	-0.00021489	-0.0024510	0.0072321	0.0014627	-0.0025250	-0.00069869	-0.0038267	-0.014740	-0.0028523	0.00092127	0.0068540	-0.00038732	0.010257	-0.0067704	0.00072847	-0.0069801	0.0092701	-0.0052730								
0.57778	0.0021584	0.0011172	0.0011497	0.0063842	-0.0032545	0.0054094	-0.0085280	-0.0042122	-0.0050571	-0.0089642	-0.0084887	-0.0025793	-0.0053426	0.0022992	-0.0045824	0.0043569	-0.0074365	0.0011951	-0.0072422	-0.0075561	-0.0066829	0.0038242	0.0036506	-0.0098377	0.00069153	-0.019743	-0.0061444	-0.0015098	-0.0079141	0.0051783	0.0027011	-0.00060412								
0.61389	0.0069216	0.0049189	0.0012127	0.0066489	-0.0031027	-0.00035437	0.0020268	-0.0071634	-0.0038953	-0.0079241	-0.012847	-0.0015972	0.0020702	-0.0075641	-0.0051632	-0.0021945	0.0071043	0.0020246	-1.0985e-05	0.00046680	-0.0011855	0.0051479	-0.015920	0.00085997	0.00059955	-0.00054021	-0.0059310	0.0020548	-0.0040130	0.0081943	-0.012595	-0.017671								
0.65000	0.013507	0.0082364	0.010257	0.014981	0.0025576	0.0040432	0.0033978	-0.010629	0.0024711	0.0092728	-0.0047332	-0.00059229	-0.0099351	0.0020475	0.0011790	0.0046834	0.0084332	-0.0055742	-9.5725e-05	-0.0013763	0.0074445	0.00098756	0.0049512	0.0054272	0.0060875	-0.0065946	-0.0032483	-0.0031483	-0.019198	0.0081315	-0.0016469	-0.0086170								
0.68611	0.016918	0.011312	0.0099171	0.013685	0.0063529	0.0080779	-0.0011287	-0.0040333	0.0076526	-0.0064679	-0.0083960	0.0020114	0.00084722	0.0012465	-0.0048147	-0.0038965	-0.0018400	-0.00024973	-0.0012256	0.0040446	0.0069531	0.0025950	-0.00099436	-0.0099909	-0.0014546	0.0015391	-0.0062664	0.00087620	-0.0011321	-0.0070429	-2.0333e-05	0.0052320								
0.72222	0.019016	0.022162	0.025424	0.016263	0.0012347	0.0050038	0.0060964	-0.0014622	0.0093023	-0.0034168	0.0038673	0.0049804	-0.0012993	0.0028256	0.00015681	0.0011861	0.0029133	-0.0046645	-0.0036266	0.00076494	-0.010553	-0.0019436	-0.0060109	-0.0079372	0.0014580	0.0052390	0.0015075	0.0020836	-0.0023925	0.0059637	-0.0086226	-0.0059039								
0.75833	0.027990	0.027316	0.029115	0.034083	0.024744	0.0054308	0.0088167	0.0064524	0.015065	-0.0025616	-0.0013023	0.00091508	0.011654	0.0038096	-0.00072598	-0.00051584	0.00035777	0.0018373	-0.0086545	0.00016865	-0.00032554	-0.0026685	-0.0042458	0.00021627	-0.0051950	-0.0061971	0.0021477	-0.0052469	0.0040595	-0.0013878	-0.0016782	0.0036231								
0.79444	0.038884	0.036884	0.037202	0.040033	0.020688	0.013799	0.018740	-0.00018780	0.017876	-6.5264e-05	-0.0025078	0.0042039	0.0086594	0.0053200	0.0088221	0.0023752	0.0045744	-0.0039689	-0.0064795	-0.013438	-0.0039495	0.0061250	-0.0089836	-0.0063740	-0.012185	0.0078687	-0.00068750	-0.0014523	-0.010795	-0.0052835	0.0040462	0.011163								
0.83056	0.054582	0.043106	0.043992	0.057226	0.026565	0.018880	0.0082508	0.023355	0.027426	0.012093	0.0049569	0.0091828	0.014150	0.0054802	0.013422	0.00083642	-0.0028622	-0.0036478	-0.0091912	-0.0040054	0.0099015	0.0034460	-0.0016446	0.0013198	0.0024391	-0.00063194	0.0087630	-0.0075179	0.00075848	-0.0039640	-0.010718	0.0016041								
0.86667	0.067325	0.065446	0.054384	0.073779	0.031553	0.029938	0.026314	0.026910	0.040251	-0.0019606	0.0082487	0.0060082	0.022287	0.0027112	0.014072	0.012377	-0.0038333	0.0017302	-0.0019883	0.0023912	-0.015006	0.0019016	0.0066543	-0.0037685	-0.011112	-0.010386	0.0021172	-0.00070487	-0.0076741	-0.011064	-0.00045827	0.0053266								
0.90278	0.077625	0.077492	0.075975	0.086110	0.040185	0.027696	0.035410	0.033841	0.036511	0.0095040	0.019793	0.023457	0.023660	0.0091875	0.019927	0.013287	-0.0052899	0.00036567	0.0012319	0.0040446	0.013955	-0.010296	-0.0038123	0.0052432	0.0072526	0.0046886	0.0071168	-0.0047294	-0.0080642	0.0029163	0.0087696	0.0055159								
0.93889	0.097989	0.092001	0.088660	0.10811	0.046214	0.048360	0.031428	0.046853	0.042923	0.023095	0.022877	0.012700	0.038935	0.023536	0.024782	0.020701	0.0087143	0.0054761	-0.00094313	0.0059961	0.0034213	-0.011872	-0.0029143	0.0041091	-0.0078930	-0.0045153	-0.0036446	0.0018248	0.0021089	-0.0044981	0.0041713	0.0088914								
0.97500	0.11199	0.11578	0.11651	0.12897	0.056146	0.053441	0.046574	0.048887	0.066252	0.015259	0.028579	0.031382	0.037886	0.026649	0.035701	0.032987	0.014183	0.0091150	0.013576	0.011769	0.0015786	0.0017755	0.0010494	0.0038945	-0.0024970	-2.0385e-05	0.00077580	0.0067980	-0.0010721	-0.0035870	0.0039211	0.0099955								
1.0111	0.14127	0.13869	0.12898	0.15335	0.061048	0.053868	0.050274	0.064962	0.076382	0.043251	0.050881	0.038645	0.058228	0.028388	0.037838	0.036741	0.014515	0.018694	0.0089150	0.024319	-0.0055158	0.00038872	-0.0040910	-0.0011324	-0.0010254	0.0056671	0.0049523	-0.00070487	-0.013346	0.0036389	0.0013248	0.0054213								
1.0472	0.16610	0.16724	0.16689	0.18701	0.080197	0.063795	0.063767	0.077706	0.081819	0.039391	0.045641	0.047667	0.061173	0.048114	0.039906	0.054507	0.019371	0.031430	0.011485	0.028953	0.0049262	0.0054001	0.011268	0.017749	-0.0043672	0.011263	0.0024525	-0.00035991	-0.0071939	-0.0055977	0.00041760	0.012078								
1.0833	0.20140	0.19964	0.18965	0.22873	0.088937	0.078311	0.068032	0.082535	0.092135	0.058390	0.056398	0.057190	0.087081	0.070633	0.045295	0.058774	0.022028	0.027737	0.029281	0.040554	-0.0014619	-0.0014078	0.0030932	0.0055804	-0.0047351	0.0081133	0.0032146	-0.0095301	-0.0017023	0.0020680	-0.0037115	0.0044118								
1.1194	0.23825	0.22593	0.22085	0.25729	0.10316	0.088131	0.086791	0.10203	0.10536	0.067012	0.060501	0.065983	0.090350	0.062806	0.064159	0.080643	0.032608	0.032554	0.025383	0.056763	0.0058475	0.0052740	0.00033719	0.015665	0.0038801	-0.0065946	0.0053486	0.0046995	-0.0054234	0.0016596	-0.00086492	-0.0049260								
1.1556	0.27935	0.26823	0.26437	0.29760	0.11357	0.10698	0.10307	0.12383	0.10675	0.068376	0.085213	0.070391	0.095717	0.072281	0.069340	0.087497	0.049040	0.054628	0.043856	0.057549	0.0057554	0.0028786	0.013157	0.017412	0.0092147	-0.0012435	-0.0055347	-0.0042407	-0.0031127	-0.0049065	0.0035770	-0.0082069								
1.1917	0.30895	0.31250	0.30203	0.33801	0.12589	0.12256	0.12633	0.14113	0.13603	0.083330	0.093837	0.080669	0.11087	0.084318	0.092989	0.092813	0.039227	0.050668	0.049732	0.073513	-0.0053623	0.0011767	-0.0025736	0.026577	-0.0087208	0.00095811	0.00047095	0.0023135	-0.0072839	0.0025393	-0.012376	0.010185								
1.2278	0.35558	0.36226	0.34698	0.38640	0.14482	0.14197	0.13354	0.15216	0.14946	0.10402	0.10765	0.094509	0.13453	0.095234	0.10226	0.10293	0.064015	0.067150	0.050099	0.088746	0.019668	0.0073857	0.0064685	0.029489	0.0058116	-0.0079401	0.00068435	-0.0048732	-0.0035628	0.0019109	0.00010479	-0.0020868								
1.2639	0.40256	0.40607	0.39391	0.41910	0.16454	0.15177	0.15016	0.17355	0.15884	0.11144	0.11686	0.11662	0.14923	0.10324	0.10440	0.11771	0.062380	0.067604	0.062386	0.082810	0.027008	0.015990	0.011299	0.032340	0.011514	-0.0030476	-0.0097112	0.00030127	-0.0061736	-0.011881	-0.0041181	-0.0069134								
1.3000	0.44924	0.45720	0.42927	0.45631	0.17634	0.17183	0.16490	0.18788	0.17118	0.13594	0.13313	0.12427	0.15290	0.11791	0.12307	0.14031	0.079348	0.077504	0.078911	0.099127	0.021296	0.023428	0.020248	0.051896	0.0060262	0.0041076	-0.0013582	-0.0040395	-0.0073740	-0.017285	0.0074246	0.0025505								
1.3361	0.48820	0.50170	0.49221	0.53033	0.19126	0.18957	0.19055	0.21775	0.19179	0.14840	0.15026	0.13411	0.18115	0.13686	0.12870	0.14751	0.094426	0.087886	0.089447	0.11287	0.028052	0.021915	0.025575	0.046317	-0.0067280	0.0076241	0.0012331	0.0038084	-0.0045831	-0.0018277	0.0084255	0.0012571								
1.3722	0.52790	0.55614	0.53172	0.55887	0.21383	0.21427	0.20775	0.23372	0.21986	0.16883	0.17973	0.15355	0.18190	0.16103	0.15000	0.16092	0.089008	0.094093	0.11063	0.12788	0.040429	0.045207	0.028052	0.050793	0.00078351	-0.00096830	0.00068435	0.012519	-0.0052133	0.0053040	-0.0048376	0.0014464								
1.4083	0.57448	0.60175	0.55711	0.58788	0.22791	0.22879	0.22120	0.25552	0.23396	0.18316	0.20066	0.16695	0.20486	0.16480	0.16889	0.18257	0.11007	0.11223	0.11038	0.13157	0.039630	0.039061	0.030808	0.058180	0.0021938	-0.0018856	0.00016609	0.0075742	0.0039995	-0.0028959	0.0094265	-0.0048945								
1.4444	0.61372	0.65489	0.64054	0.64500	0.24584	0.25347	0.24764	0.27457	0.24519	0.20073	0.19781	0.17620	0.22091	0.19396	0.18680	0.20258	0.12218	0.12254	0.12812	0.14051	0.040736	0.038525	0.038302	0.079790	0.0070073	-0.0016410	-0.0031568	0.0090978	0.00060843	0.0050526	0.011741	-0.00082494								
1.4806	0.65522	0.69850	0.66451	0.68062	0.27725	0.27631	0.27843	0.31501	0.28245	0.22541	0.22180	0.20350	0.24734	0.18732	0.20585	0.20547	0.12972	0.12302	0.12894	0.15334	0.044176	0.054158	0.056386	0.079360	0.0035735	0.00083580	-0.0034312	0.010851	-0.0086644	0.0059009	0.0055164	0.0012256								
1.5167	0.68927	0.73155	0.68457	0.72106	0.29319	0.29941	0.29978	0.33120	0.30687	0.23859	0.23743	0.21903	0.24530	0.21227	0.20968	0.22102	0.12323	0.13252	0.14309	0.16727	0.050226	0.048485	0.063230	0.068571	0.0093680	0.0086026	-0.0034312	0.0079192	-0.0089644	0.011493	0.0041400	-0.012276								
1.5528	0.72425	0.77869	0.76992	0.75700	0.33168	0.32726	0.32376	0.36288	0.32437	0.26092	0.27162	0.23264	0.27018	0.23307	0.22522	0.24009	0.14091	0.13749	0.15636	0.18280	0.072216	0.061975	0.065335	0.086901	0.0090614	0.0039853	-0.00099236	0.010018	0.0031592	0.0056810	0.0042339	-0.00054102								
1.5889	0.76374	0.81142	0.77930	0.77342	0.34751	0.35053	0.34709	0.38568	0.34812	0.28348	0.28973	0.25749	0.26843	0.23877	0.24148	0.25392	0.14870	0.16973	0.14992	0.18112	0.071264	0.065694	0.065180	0.092142	0.016052	0.00034655	-0.0023032	0.011886	0.00075848	-0.0081111	-0.010312	0.0078188								
1.6250	0.77543	0.81589	0.75831	0.80176	0.37870	0.36695	0.37934	0.41499	0.36968	0.28840	0.31066	0.27204	0.30490	0.26662	0.25094	0.27266	0.17326	0.16564	0.18080	0.20239	0.070649	0.079341	0.081531	0.10787	0.012495	-0.0084599	0.0058669	0.0033197	-0.0023625	0.0082886	-0.0050253	0.0050427								
1.6611	0.81439	0.86019	0.83232	0.80835	0.40069	0.40049	0.40315	0.45539	0.38318	0.32520	0.32751	0.28894	0.32200	0.28367	0.28372	0.29141	0.17996	0.18943	0.18659	0.21454	0.095372	0.072659	0.087445	0.10177	-0.0013013	0.00043828	0.0047084	0.032038	-0.0090545	0.00018300	0.0088322	-0.0055254								
1.6972	0.82464	0.89248	0.83373	0.85649	0.43170	0.43099	0.42228	0.47641	0.41713	0.34561	0.36337	0.32381	0.34351	0.29195	0.28967	0.30544	0.19003	0.19810	0.19388	0.22760	0.088800	0.086243	0.088281	0.10027	0.010564	0.0057588	-0.0041019	0.014588	-0.0089044	0.00027725	-0.0053068	0.0020458								
1.7333	0.86316	0.89446	0.81953	0.86924	0.44914	0.45296	0.46158	0.51475	0.44891	0.37473	0.38176	0.33841	0.36872	0.30536	0.32161	0.32827	0.19800	0.20085	0.21599	0.24411	0.10139	0.092263	0.10655	0.11697	0.0054437	0.0074100	0.0077875	0.016026	-0.0055134	-0.0013250	0.0036083	-0.0098473								
1.7694	0.86751	0.90407	0.84797	0.87006	0.49303	0.48765	0.48607	0.55357	0.47849	0.40219	0.41240	0.35780	0.38966	0.32545	0.33453	0.34743	0.19900	0.21452	0.22325	0.25788	0.10115	0.099449	0.10321	0.12837	0.014795	0.0071348	0.0067815	0.028847	8.2524e-06	0.0019738	0.0019817	0.0066201								
1.8056	0.90713	0.93756	0.90898	0.90751	0.52153	0.52223	0.52067	0.55350	0.51118	0.44456	0.43348	0.39288	0.41661	0.35628	0.35985	0.38159	0.22885	0.23780	0.23619	0.25674	0.10499	0.11209	0.10231	0.14122	0.0047079	0.0034655	0.0092508	0.015853	-0.010585	0.00059142	0.0072994	0.0041594								
1.8417	0.93483	0.94474	0.92718	0.91953	0.55139	0.55647	0.55453	0.60204	0.54301	0.44135	0.47449	0.41684	0.42403	0.37745	0.38169	0.39192	0.24911	0.25335	0.24243	0.26994	0.11276	0.11921	0.10615	0.14401	0.012557	-0.0028641	0.020652	0.026087	-0.0014322	0.0066235	-0.010374	-0.0013297								
1.8778	0.92276	0.95963	0.88879	0.91878	0.58772	0.56943	0.57660	0.62636	0.54257	0.47988	0.49857	0.44255	0.44404	0.38971	0.40552	0.41889	0.25931	0.25755	0.24896	0.27631	0.12163	0.13336	0.12798	0.14404	0.023839	0.0062787	0.016354	0.031520	0.0064602	0.0064350	-0.0046186	0.0080081								
1.9139	0.96977	0.96869	0.97234	0.95295	0.61756	0.60378	0.62417	0.66323	0.58344	0.49155	0.52257	0.46850	0.47290	0.41470	0.43249	0.44083	0.26912	0.26622	0.27977	0.30843	0.12188	0.13349	0.13950	0.15467	0.023533	0.0098257	0.014708	0.023184	0.011952	0.0077859	0.0016376	0.0038755								
1.9500	0.93578	0.97956	0.93891	0.94879	0.62745	0.63887	0.63425	0.69429	0.62594	0.53977	0.55565	0.48435	0.49511	0.43642	0.42931	0.46405	0.27127	0.28583	0.28362	0.31059	0.14187	0.13677	0.13876	0.15504	0.016512	0.011293	0.016354	0.029566	-0.0026325	-0.0038069	0.018091	0.0074087								
1.9861	0.94007	0.99405	0.93273	0.95598	0.65117	0.66746	0.67392	0.72172	0.64202	0.55907	0.58690	0.53023	0.52356	0.46947	0.46418	0.49140	0.30526	0.28888	0.31056	0.32472	0.14844	0.15271	0.13476	0.17000	0.026537	0.017287	0.023396	0.032296	-0.0027226	-0.0020162	0.0058605	0.010027								
2.0222	1.0059	0.98248	0.95017	0.97417	0.69366	0.69926	0.70922	0.74624	0.68640	0.57948	0.61070	0.54560	0.55207	0.49059	0.48876	0.52332	0.30022	0.30948	0.32457	0.32287	0.15038	0.14818	0.15700	0.16911	0.025587	0.0048415	0.024829	0.029336	0.0073905	-0.00085376	0.00057401	0.0010679								
2.0583	0.96527	0.99154	0.97140	0.94429	0.73315	0.72450	0.73000	0.76518	0.70431	0.60335	0.63219	0.58169	0.55841	0.51672	0.52047	0.53589	0.31121	0.31727	0.33548	0.34120	0.15471	0.16167	0.15455	0.17736	0.043492	0.015727	0.0068424	0.037845	0.00036836	0.0027278	0.00091810	0.013781								
2.0944	0.98304	0.99815	0.93454	0.95646	0.74554	0.75186	0.75453	0.77305	0.71684	0.64572	0.64793	0.60560	0.59562	0.54137	0.53998	0.57454	0.32869	0.33651	0.33531	0.36892	0.16355	0.16715	0.15449	0.18655	0.031626	0.0052696	0.013366	0.037988	-0.0014022	-0.00082234	-0.0019910	0.0086706								
2.1306	0.96778	0.99594	0.96505	0.96504	0.76354	0.76224	0.78480	0.81757	0.76672	0.66310	0.67900	0.63415	0.61736	0.54510	0.56252	0.58212	0.34857	0.35612	0.34867	0.36686	0.18192	0.17449	0.16477	0.18903	0.039812	0.017134	0.024829	0.036637	-0.0070139	0.010236	0.0038898	0.0013518								
2.1667	0.97238	1.0105	1.0072	0.96843	0.79702	0.78632	0.79640	0.83011	0.76823	0.69371	0.70774	0.66788	0.63628	0.59208	0.59669	0.60028	0.36015	0.35997	0.36556	0.39166	0.17022	0.20648	0.19292	0.20709	0.039537	0.012517	0.031078	0.044629	0.00081850	-0.0023618	-0.0045874	0.0010994								
2.2028	1.0206	1.0345	0.99304	0.96369	0.81075	0.80214	0.82395	0.85750	0.77176	0.72734	0.72573	0.69949	0.67873	0.61559	0.62478	0.64292	0.38356	0.37645	0.39316	0.40364	0.20345	0.19845	0.18638	0.20770	0.048182	0.026093	0.027207	0.041093	0.0037294	0.00040292	-0.0033674	0.013371								
2.2389	0.98155	0.99899	0.97122	0.97369	0.83035	0.82013	0.83446	0.88433	0.81702	0.74474	0.77344	0.71509	0.68378	0.64005	0.64894	0.66512	0.39406	0.40112	0.39454	0.43343	0.20176	0.20847	0.19750	0.21766	0.055234	0.035511	0.025591	0.041380	-0.0074640	-0.0013878	-0.0013341	0.011510								
2.2750	0.97119	0.99238	0.98469	0.96420	0.85211	0.84118	0.84747	0.88343	0.83159	0.75521	0.79115	0.74183	0.71705	0.65838	0.66097	0.68594	0.40185	0.40744	0.41474	0.44557	0.20907	0.20667	0.19657	0.21126	0.053241	0.021201	0.037328	0.052304	0.0024690	-0.0051265	-0.0035864	0.014728								
2.3111	1.0247	1.0160	1.0021	1.0183	0.85865	0.86921	0.85446	0.87491	0.84725	0.79282	0.79760	0.76036	0.75419	0.68955	0.70834	0.70317	0.42424	0.42520	0.42671	0.45823	0.21776	0.22886	0.20536	0.23409	0.042694	0.022516	0.040742	0.044255	0.0080507	0.0069062	-0.00058339	0.0040963								
2.3472	0.98149	1.0044	0.98776	0.99123	0.87394	0.84603	0.89592	0.89410	0.86147	0.78845	0.83770	0.79420	0.76382	0.69408	0.71352	0.73357	0.43656	0.45439	0.44796	0.49249	0.21103	0.22697	0.21893	0.22833	0.062684	0.026705	0.026689	0.054115	-0.00044188	0.00027725	0.0075810	0.010343								
2.3833	1.0222	0.98845	0.97413	0.97265	0.87793	0.86080	0.88985	0.90559	0.87860	0.83096	0.85446	0.81186	0.77872	0.73077	0.75573	0.75558	0.45192	0.45868	0.46767	0.48989	0.22077	0.24503	0.22394	0.23363	0.057748	0.033524	0.027176	0.055351	-0.0093246	0.0015968	0.017810	0.013844								
2.4194	1.0299	1.0151	1.0041	0.98027	0.90333	0.87982	0.90020	0.93083	0.88322	0.85423	0.86911	0.82042	0.79272	0.74214	0.77176	0.77601	0.48077	0.47053	0.45598	0.50182	0.22528	0.22930	0.22274	0.24623	0.053824	0.021170	0.053394	0.058140	0.0054399	-0.0010737	0.0020442	0.014349								
2.4556	0.99257	1.0124	0.98335	0.99604	0.90494	0.91306	0.91309	0.92985	0.90609	0.86782	0.88033	0.83874	0.81666	0.77649	0.78737	0.80219	0.49160	0.49121	0.49146	0.51713	0.23035	0.25228	0.23875	0.25095	0.062929	0.038691	0.049949	0.067799	0.0089209	0.0027906	-0.00064595	0.024602								
2.4917	0.96684	1.0048	0.98973	0.98421	0.91289	0.91957	0.94371	0.93210	0.91654	0.87647	0.89927	0.86240	0.83203	0.79862	0.80726	0.82462	0.51253	0.51412	0.50758	0.53228	0.23815	0.26580	0.24104	0.24859	0.060477	0.051442	0.054949	0.053713	0.0060101	0.00015159	0.0097706	0.022930								
2.5278	1.0040	1.0038	0.98994	0.97376	0.92970	0.90785	0.92508	0.94315	0.93710	0.87797	0.91661	0.87558	0.83465	0.81093	0.82378	0.83802	0.51384	0.54213	0.52086	0.54551	0.25507	0.26445	0.25934	0.25871	0.071820	0.043614	0.056138	0.069064	0.0080807	0.013692	0.0016688	0.016715								
2.5639	1.0013	0.98970	1.0185	0.97199	0.92395	0.90555	0.92625	0.94758	0.93443	0.89334	0.92343	0.90235	0.87164	0.85867	0.86004	0.86507	0.56009	0.55602	0.53950	0.57131	0.26690	0.27362	0.26544	0.27333	0.064892	0.039089	0.059613	0.062481	0.0053198	0.010017	-0.0028356	0.018324								
2.6000	0.98573	0.99877	0.99877	0.97290	0.93107	0.91622	0.94027	0.97016	0.92765	0.90566	0.95106	0.90513	0.88839	0.85709	0.86000	0.86232	0.57075	0.57386	0.55753	0.58451	0.26582	0.28210	0.27426	0.27805	0.077462	0.043889	0.049888	0.074899	0.016963	0.0056181	0.0099896	0.029176								
2.6361	0.97934	0.99218	0.96644	0.97226	0.93614	0.94156	0.93507	0.94550	0.94426	0.95901	0.96562	0.89906	0.90721	0.86672	0.87756	0.89389	0.58227	0.58085	0.58103	0.61408	0.27780	0.28610	0.27553	0.30349	0.078382	0.053155	0.057540	0.065039	0.010211	-0.0071057	-0.011657	0.014664								
2.6722	1.0117	0.98117	0.99760	0.98892	0.94529	0.93846	0.94316	0.94263	0.92834	0.94274	0.93590	0.91194	0.91138	0.89981	0.89967	0.89724	0.60635	0.61568	0.59783	0.62826	0.28787	0.30554	0.28603	0.29334	0.072219	0.048446	0.064308	0.069121	0.012372	0.0090740	0.00094938	0.022709								
2.7083	1.0077	1.0004	1.0222	0.99246	0.94035	0.93703	0.94762	0.95084	0.95293	0.94600	0.96634	0.94318	0.91999	0.90741	0.91243	0.91216	0.62771	0.62087	0.61004	0.64826	0.30676	0.31283	0.27253	0.29623	0.087978	0.055845	0.051748	0.073261	0.0025290	0.0079744	0.0028888	0.033498								
2.7444	0.99951	0.98876	0.97074	0.99316	0.95998	0.94572	0.96251	0.95361	0.93850	0.94519	0.97793	0.92647	0.93244	0.91728	0.91322	0.91014	0.63116	0.64247	0.64238	0.66908	0.29217	0.30933	0.29585	0.30665	0.094723	0.056121	0.071807	0.084299	0.027376	-0.0012936	-0.0012716	0.021384								
2.7806	1.0024	0.99786	0.99475	0.99682	0.94107	0.93157	0.96684	0.96770	0.95948	0.97547	0.98846	0.93313	0.94335	0.91794	0.92841	0.93629	0.65702	0.66288	0.66037	0.68531	0.31435	0.32070	0.29247	0.32596	0.10043	0.058231	0.079672	0.089043	0.019664	0.0037017	0.022283	0.032551								
2.8167	1.0057	0.99036	1.0142	1.0214	0.96848	0.91334	0.94086	0.96320	0.95843	0.96798	0.98266	0.93798	0.94877	0.93561	0.95566	0.94653	0.66622	0.68974	0.67046	0.70719	0.31272	0.33416	0.30774	0.33120	0.099904	0.065355	0.075984	0.093585	0.0078106	0.0075660	0.022064	0.021384								
2.8528	1.0050	0.99396	0.98192	1.0119	0.98548	0.96491	0.95139	0.95773	0.97512	0.97017	0.96938	0.94517	0.96102	0.93860	0.94354	0.94993	0.68531	0.69349	0.68901	0.71513	0.32077	0.34308	0.32217	0.35054	0.10867	0.073795	0.071197	0.074985	0.013422	0.013567	0.016778	0.035643								
2.8889	1.0092		0.98323	1.0062	0.96880	0.93957	0.94538	0.97206	0.96327	0.96144	0.97784	0.95392	0.95401	0.95272	0.96753	0.96087	0.71616	0.73239	0.70085	0.73684	0.32196	0.34677	0.32753	0.34886	0.092025	0.075996	0.079459	0.094591	0.026146	0.010299	0.0036395	0.034665								
2.9250	1.0004		1.0153	1.0140	0.96631	0.93923	0.96018	0.98239	0.94812	0.97963	0.97234	0.95865	0.97817	0.95117	0.96800	0.96530	0.74641	0.72942	0.71862	0.74716	0.34463	0.35449	0.34295	0.34481	0.098678	0.076486	0.079581	0.092377	0.0099712	0.015169	0.0085194	0.043971								
2.9611	0.99937		0.99101	0.99865	0.95924	0.93340	0.94819	0.99390	0.97330	0.97052	0.97779	0.97297	0.99227	0.97089	0.97571	0.97880	0.76116	0.76092	0.74915	0.78183	0.35799	0.35720	0.34942	0.36893	0.10297	0.080705	0.095342	0.091314	0.015493	0.019567	0.0076122	0.041448								
2.9972	0.98394		1.0023	0.99026	0.95887	0.92305	0.93420	0.95907	0.94814	0.97697	0.96398	0.95613	0.98516	0.96115	0.97952	0.96334	0.76767	0.77363	0.76602	0.79872	0.35826	0.37599	0.34830	0.36556	0.10518	0.075018	0.080008	0.10715	0.014713	0.012467	0.018342	0.048293								
3.0333	1.0119		1.0307	1.0112	0.93083	0.92363	0.95439	0.96367	0.96924	0.97637	0.96219	0.96972	0.99367	0.98849	0.97764	0.99022	0.78988	0.79993	0.76726	0.80793	0.37322	0.37375	0.35874	0.37939	0.10355	0.065692	0.091623	0.098989	0.015283	0.010488	0.014588	0.047157								
3.0694	1.0038		1.0002	1.0086	0.94022	0.91902	0.93250	0.97753	0.96208	0.98360	0.96998	0.97778	1.0014	0.98698	0.98180	0.98770	0.81559	0.79878	0.80065	0.82777	0.37571	0.40669	0.36171	0.38236	0.10202	0.084130	0.081532	0.10307	0.022125	0.0097652	0.016903	0.054035								
3.1056			1.0039	1.0021	0.94527	0.90614	0.94007	0.96484	0.95741	0.98201	0.96615	0.97358	0.98249	0.97787	0.97381	0.96299	0.82717	0.81908	0.81675	0.84954	0.38360	0.40574	0.37655	0.39296	0.11701	0.095964	0.097567	0.10319	0.030407	0.019033	0.0099896	0.058104								
3.1417			1.0013	0.99376	0.94983	0.94226	0.94906	0.95824	0.94837	0.99470	0.96488	0.94624	0.98798	0.98154	0.96649	0.97460	0.84005	0.83511	0.81401	0.83645	0.38818	0.42222	0.38246	0.40004	0.12038	0.090949	0.099457	0.10229	0.038750	0.019347	0.017372	0.045359								
3.1778			1.0200	1.0086	0.95896	0.93259	0.95613	0.97870	0.95734	0.98524	0.98496	0.96020	1.0019	0.97199	0.97820	0.97623	0.84976	0.86444	0.84502	0.87924	0.39395	0.41255	0.39692	0.39876	0.12373	0.081225	0.10147	0.10577	0.032898	0.018405	0.015839	0.053498								
3.2139			1.0105	1.0109	0.95369	0.94790	0.95864	0.98920	0.96654	0.96809	0.98808	0.95282	0.99322	0.98751	0.98233	0.99843	0.86440	0.87246	0.85412	0.88532	0.41671	0.42670	0.40191	0.40501	0.12311	0.10073	0.10342	0.11785	0.024196	0.020227	0.013837	0.058325								
3.2500			0.99057	0.99766	0.95653	0.93172	0.94693	0.97161	0.95223	0.98074	0.98625	0.94866	0.99389	0.97714	0.95915	0.99745	0.87996	0.90500	0.86239	0.90686	0.42297	0.41368	0.39754	0.42233	0.13302	0.10612	0.10943	0.11670	0.031518	0.019567	0.026881	0.070817								
3.2861			1.0061	1.0076	0.93970	0.93588	0.95644	0.99191	0.96705	0.98541	0.97918	0.95499	1.0185	0.99378	0.97706	0.99006	0.89806	0.89756	0.89016	0.91169	0.43296	0.44905	0.42008	0.42846	0.13357	0.091224	0.10571	0.11836	0.035749	0.020573	0.016621	0.056148								
3.3222				1.0071	0.94874	0.91498	0.96234	0.97633	0.98369	0.97334	0.96634	0.96876	1.0104	0.97257	0.98784	0.97551	0.89714	0.92153	0.92618	0.93475	0.42288	0.45210	0.42538	0.43864	0.13078	0.096636	0.11412	0.12460	0.040280	0.016174	0.022533	0.045044								
3.3583				1.0140	0.95191	0.93942	0.96329	1.0042	0.96150	0.96587	0.98375	0.95942	1.0040	0.98282	0.97699	0.99820	0.90899	0.92153	0.90219	0.91873	0.43808	0.48157	0.44365	0.46589	0.12514	0.087861	0.11720	0.12707	0.034098	0.034490	0.041583	0.066527								
3.3944				0.99699	0.96360	0.93648	0.95737	0.98044	0.97658	0.98661	0.97821	0.97605	1.0056	0.99721	0.96677	1.0058	0.92739	0.93762	0.90355	0.92616	0.44985	0.48088	0.43408	0.44394	0.13363	0.094771	0.11549	0.11882	0.030557	0.038512	0.019968	0.071228								
3.4306				0.99136	0.94562	0.94604	0.96484	0.98415	0.99008	0.97729	0.99163	0.96607	1.0155	1.0075	0.98849	1.0004	0.93585	0.96028	0.91468	0.96026	0.45544	0.47338	0.44123	0.46294	0.12875	0.10826	0.11939	0.11825	0.040791	0.042502	0.027319	0.066496								
3.4667				0.99203	0.94588	0.94794	0.97613	0.97447	0.97054	0.98014	0.98125	0.95330	0.99484	1.0022	0.97429	1.0087	0.95655	0.97486	0.94140	0.94299	0.45925	0.48627	0.45687	0.46120	0.14227	0.098349	0.11452	0.13055	0.044692	0.039014	0.032512	0.072458								
3.5028				0.99897	0.94081	0.95490	0.96364	0.98154	0.97112	0.96906	0.99251	0.95732	1.0121	0.99952	0.97443	0.99624	0.94045	0.96314	0.93889	0.97050	0.46447	0.51123	0.47130	0.49133	0.14739	0.11254	0.13125	0.12794	0.054295	0.032982	0.037486	0.072363								
3.5389				0.99787	0.94180	0.93987	0.96649	0.97197	0.97142	0.97930	0.99699	0.97555	0.99626	1.0004	0.96628	0.98148	0.96460	0.97205	0.95829	0.97186	0.47998	0.51413	0.47898	0.49770	0.14323	0.093273	0.12244	0.12409	0.035659	0.032794	0.029134	0.069177								
3.5750				0.98110	0.96536	0.94275	0.97335	0.98212	0.97040	0.98603	0.98632	0.98708	1.0230	0.99298	0.99636	1.0049	0.96866	0.99474	0.96603	0.98712	0.48351	0.51801	0.49883	0.50745	0.14862	0.11520	0.11656	0.13811	0.032388	0.029495	0.027038	0.082616								
3.6111				0.98290	0.94742	0.94867	0.96405	0.96468	0.97379	0.98894	0.98201	0.96819	1.0121	0.99277	0.98977	0.97791	0.97010	0.99196	0.97564	0.96175	0.48928	0.52447	0.51016	0.49648	0.14939	0.12416	0.13208	0.13331	0.045772	0.028678	0.030354	0.081922								
3.6472				0.98509	0.97579	0.93392	0.97232	0.99064	0.97865	0.97433	0.98354	0.98436	0.99956	0.97659	0.97815	0.99959	0.97866	0.99164	0.98157	0.98761	0.50577	0.52355	0.49056	0.51125	0.16266	0.11715	0.13430	0.12733	0.037520	0.041528	0.036735	0.077379								
3.6833				1.0031	0.95761	0.95091	0.97657	0.96191	0.97670	0.98300	0.99161	0.96979	1.0148	1.0029	0.98786	0.99824	0.96590	0.98075	0.98823	0.98395	0.50525	0.53307	0.50180	0.50947	0.16064	0.12810	0.13522	0.13768	0.049073	0.045235	0.034264	0.084635								
3.7194					0.95670	0.93349	0.97289	0.98764	0.98058	0.98464	0.98009	0.96860	1.0195	1.0059	0.98637	0.99442	0.99136	0.98875	1.0126	0.97918	0.52696	0.55438	0.50481	0.54049	0.15724	0.12131	0.13683	0.14441	0.048863	0.046177	0.041302	0.089714								
3.7556					0.94545	0.94672	0.97148	0.99792	0.97305	0.98885	0.99142	0.98235	0.99991	0.99300	0.97750	0.99663	0.97286	1.0213	0.98578	0.98411	0.52131	0.56090	0.52521	0.54828	0.16346	0.12364	0.13061	0.14921	0.050543	0.054534	0.040082	0.088925								
3.7917					0.96425	0.94295	0.95696	0.98420	0.97807	0.99007	1.0072	0.96502	0.99634	1.0066	0.98424	1.0050	1.0066	1.0046	0.98549	0.99343	0.54760	0.57543	0.54017	0.54515	0.17324	0.12792	0.15491	0.14582	0.051534	0.045863	0.044086	0.10208								
3.8278					0.96286	0.95388	0.97239	0.98364	0.97879	0.98860	0.98472	0.99032	1.0006	0.99527	0.97954	0.99852	1.0097	1.0080	0.99145	0.99427	0.55000	0.56812	0.53042	0.54951	0.15586	0.12446	0.15095	0.15640	0.052344	0.047214	0.045056	0.088799								
3.8639					0.96952	0.94218	0.97391	0.98961	0.98111	0.98617	0.97793	0.96643	1.0120	1.0052	0.98846	1.0010	1.0024	1.0243	1.0091	1.0009	0.54647	0.59141	0.55030	0.56731	0.17410	0.12520	0.14979	0.15513	0.062247	0.048157	0.046025	0.085423								
3.9000					0.98186	0.94312	0.95859	0.98791	0.96740	0.98219	1.0053	0.99099	0.99918	0.97888	1.0012	1.0064	1.0012	1.0230	0.99589	1.0067	0.57825	0.60991	0.56318	0.57203	0.17925	0.14449	0.13872	0.15022	0.058196	0.056671	0.060696	0.099556								
3.9361					0.95338	0.95240	0.98057	0.99086	0.96905	0.98823	0.99203	0.98411	1.0049	0.97996	0.98066	0.97178	0.99146	1.0287	1.0081	1.0093	0.56864	0.59170	0.56547	0.57721	0.18771	0.12902	0.15625	0.15910	0.057175	0.066001	0.053157	0.093405								
3.9722					0.97145	0.95494	0.97176	0.95750	0.98009	0.98698	0.99270	0.99526	1.0069	0.99502	0.95364	0.98141	0.99918	1.0231	1.0062	1.0238	0.57592	0.61641	0.58882	0.57452	0.18391	0.13883	0.15400	0.16203	0.053484	0.057833	0.054940	0.087758								
4.0083					0.96288	0.96470	0.97478	0.97532	0.97923	0.98485	0.98760	0.98783	0.98873	0.97376	0.97539	0.98358	0.99754	1.0191	1.0043	1.0080	0.60334	0.62514	0.57151	0.59542	0.18066	0.14201	0.15464	0.15838	0.056005	0.055163	0.058600	0.10391								
4.0444					0.98030	0.94245	0.97694	0.98471	0.98887	0.99125	1.0013	0.98071	0.99736	0.98797	0.99158	1.0006	1.0340	1.0187	1.0072	1.0001	0.60356	0.64156	0.58399	0.60045	0.18336	0.14596	0.15543	0.15660	0.063837	0.057645	0.055410	0.10710								
4.0806					0.97603	0.94487	0.95030	0.98294	0.98497	0.98839	0.98795	0.99724	0.99202	0.98133	0.97685	1.0051	1.0134	1.0226	1.0062	1.0424	0.61139	0.61240	0.59990	0.61789	0.19930	0.15538	0.16369	0.15890	0.064047	0.064431	0.049060	0.099083								
4.1167					0.96835	0.94532	0.95559	1.0136	0.98987	0.98249	0.99780	0.98980	0.99696	0.97659	0.98170	0.99857	1.0123	1.0197	1.0148	1.0285	0.60009	0.66154	0.59733	0.63230	0.19069	0.14920	0.15866	0.15976	0.066748	0.063205	0.063042	0.10252								
4.1528					0.97815	0.93688	0.95609	1.0098	0.98659	1.0081	1.0080	0.97107	0.98017	0.98989	0.98308	0.98477	1.0106	1.0247	0.99634	1.0217	0.60887	0.66740	0.62149	0.62074	0.20525	0.14614	0.15711	0.17157	0.073110	0.067447	0.054315	0.10306								
4.1889					0.97158	0.95928	0.97672	0.98800	0.98955	0.98966	0.98704	0.97982	1.0039	0.99037	0.97188	0.99813	1.0196	1.0335	1.0156	1.0121	0.62537	0.66015	0.61821	0.63248	0.19630	0.15486	0.17375	0.16764	0.064258	0.072159	0.065201	0.11347								
4.2250					0.99322	0.93769	0.96214	0.99314	0.97746	0.99241	1.0032	0.98212	1.0036	1.0073	0.99281	1.0010	1.0081	1.0082	0.99826	1.0181	0.65242	0.67843	0.63802	0.63708	0.19587	0.15009	0.17860	0.17287	0.068879	0.082275	0.065201	0.10577								
4.2611					0.97145	0.94824	0.98038	0.98632	0.99340	0.97621	1.0097	0.97669	1.0013	0.99028	0.99980	0.97141	1.0151	1.0277	1.0111	1.0248	0.63648	0.69126	0.64001	0.66776	0.21957	0.16253	0.17366	0.17658	0.063627	0.076338	0.067797	0.12848								
4.2972					0.96941	0.95580	0.97387	1.0039	0.98706	0.98365	0.98150	0.98475	1.0089	0.98179	0.97789	1.0153	1.0038	1.0051	0.99467	1.0220	0.65884	0.70021	0.66583	0.68235	0.21095	0.16216	0.18031	0.18537	0.072240	0.087742	0.061509	0.10470								
4.3333					0.96939	0.98327	0.96240	0.99336	0.98174	0.97054	1.0169	0.98413	1.0078	0.99014	0.99035	0.99955	1.0069	1.0014	1.0172	1.0223	0.66418	0.70850	0.64920	0.66494	0.21785	0.16281	0.17186	0.19150	0.075451	0.085386	0.069142	0.12161								
4.3694					0.97485	0.97196	0.98009	0.99573	0.99054	0.98437	0.99230	0.97530	0.98803	0.98694	0.98561	0.99936	1.0066	1.0174	1.0001	1.0225	0.66078	0.70737	0.68553	0.68459	0.20629	0.16614	0.18537	0.17060	0.078002	0.083721	0.064638	0.11631								
4.4056					0.97735	0.96248	0.97879	1.0053	0.97200	0.98483	1.0010	0.99398	1.0082	0.99373	0.99560	0.98509	1.0284	1.0169	1.0077	1.0165	0.68025	0.70957	0.66930	0.70317	0.21524	0.16547	0.19351	0.19805	0.083103	0.084757	0.067046	0.14196								
4.4417					0.98607	0.97305	0.98569	0.99739	0.99979	0.97574	1.0071	0.97991	1.0069	0.98195	0.98716	0.99640	1.0076	1.0300	1.0111	1.0266	0.67582	0.73308	0.68348	0.70280	0.22726	0.18843	0.19497	0.19144	0.076261	0.084663	0.078245	0.11930								
4.4778					0.96984	0.95851	0.97235	0.99669	0.97319	0.98811	0.98869	0.97929	1.0039	0.99852	0.98152	0.99288	1.0118	1.0176	1.0130	1.0231	0.69613	0.72167	0.69370	0.72432	0.20675	0.17299	0.20268	0.19075	0.070559	0.093805	0.075742	0.13725								
4.5139					0.96872	0.97339	0.99213	0.99017	0.98553	0.98212	0.98315	0.98505	1.0178	0.97300	0.98398	0.98024	1.0127	1.0064	1.0102	1.0335	0.71753	0.73573	0.69197	0.71126	0.21675	0.17721	0.19256	0.19426	0.084964	0.088873	0.078151	0.13180								
4.5500					0.97349	0.96839	0.97661	1.0142	1.0015	1.0008	0.99156	0.99272	1.0110	0.99879	0.97269	1.0030	1.0190	1.0113	1.0016	1.0285	0.71308	0.76413	0.71008	0.73235	0.22683	0.17715	0.18284	0.19753	0.080222	0.088119	0.078151	0.12590								
4.5861					0.96787	0.95518	0.96830	1.0017	1.0066	0.98947	0.99135	0.98388	0.99025	0.98566	0.97787	0.99155	1.0141	1.0287	1.0122	1.0116	0.71931	0.78518	0.71330	0.73918	0.23364	0.18152	0.19921	0.20322	0.083643	0.091763	0.074679	0.13227								
4.6222					0.98290	0.96752	0.97718	0.98657	0.98713	0.99206	1.0041	0.98824	0.98910	0.98920	0.99590	1.0094	1.0069	1.0163	1.0207	1.0002	0.73372	0.78370	0.72470	0.74369	0.24278	0.18366	0.20323	0.20156	0.086044	0.089501	0.078996	0.12927								
4.6583					0.98941	0.97138	0.98281	1.0039	0.98806	0.98441	0.98811	0.99345	0.99242	0.97920	0.97220	1.0089	1.0141	1.0044	1.0092	1.0045	0.75528	0.77150	0.74046	0.74586	0.23680	0.17999	0.19972	0.20193	0.080222	0.10166	0.077557	0.13609								
4.6944					0.98353	0.94931	0.95653	0.99397	0.99989	0.99398	0.98864	1.0029	1.0190	0.99183	0.97532	0.97465	1.0035	1.0062	0.99916	1.0069	0.72248	0.79332	0.73687	0.73722	0.23913	0.17938	0.20869	0.19667	0.099818	0.10681	0.085565	0.12183								
4.7306					0.98056	0.94517	0.97555	1.0148	0.98318	0.99932	1.0018	0.99051	0.98905	0.97934	0.99506	1.0082	0.99003	1.0047	1.0218	1.0188	0.74477	0.80201	0.76486	0.75472	0.24860	0.18467	0.21576	0.21869	0.088385	0.094685	0.081123	0.13344								
4.7667					0.97208	0.97405	0.97587	1.0221	0.99075	0.98508	0.98377	0.97660	0.99382	0.98996	0.98579	0.99213	1.0138	1.0211	1.0058	1.0222	0.73716	0.82713	0.76712	0.78157	0.24409	0.19409	0.21113	0.21975	0.096817	0.11080	0.090570	0.13760								
4.8028					0.98973	0.94316	0.97718	0.98733	0.98769	0.98749	0.99752	0.99265	1.0102	0.99950	0.98956	0.98355	1.0041	1.0074	1.0068	1.0250	0.76397	0.82909	0.77174	0.79383	0.24014	0.19877	0.21771	0.21927	0.089135	0.10596	0.091664	0.13732								
4.8389					0.99309	0.97633	0.96532	0.99985	0.98548	1.0136	0.98832	0.98345	0.98591	0.97893	0.98826	0.98780	1.0107	0.99522	1.0004	1.0132	0.75767	0.83542	0.78403	0.78611	0.25758	0.19965	0.21783	0.21090	0.077612	0.10603	0.085471	0.14211								
4.8750					0.97828	0.94303	0.97946	1.0092	0.98620	0.99266	0.98913	0.99553	1.0156	0.98261	0.98421	0.99855	1.0048	1.0107	1.0173	1.0138	0.77235	0.82423	0.81051	0.80990	0.24489	0.19932	0.22027	0.21478	0.096217	0.10731	0.097264	0.13823								
4.9111					0.98151	0.97676	0.97346	0.99658	0.98192	0.99814	0.98688	0.99542	0.99641	0.99861	0.99871	0.98421	1.0092	1.0065	1.0029	1.0099	0.78114	0.84075	0.79502	0.79997	0.25188	0.20241	0.22628	0.21538	0.096007	0.10201	0.082562	0.15079								
4.9472					0.99396	0.96754	0.97618	0.99372	1.0036	0.99539	0.98762	0.97491	0.98940	0.99710	0.96793	1.0033	1.0128	1.0119	1.0028	0.99932	0.78467	0.84998	0.81552	0.81085	0.23833	0.21265	0.22628	0.22763	0.088145	0.10829	0.085784	0.15388								
4.9833					0.98587	0.94307	0.97378	1.0049	0.98748	0.98517	1.0003	0.99277	0.99427	0.97357	0.99239	0.99757	1.0028	1.0128	1.0102	1.0108	0.78556	0.86376	0.82388	0.80285	0.25768	0.21014	0.24033	0.21829	0.10282	0.10015	0.10339	0.15268								
5.0194					0.98954	0.95321	0.98038	1.0223	0.98899	1.0019	0.96998	0.99131	0.99901	0.99302	0.98175	0.99768	1.0118	1.0051	1.0096	1.0055	0.80454	0.86228	0.82729	0.84971	0.24133	0.19675	0.22484	0.21145	0.10102	0.11190	0.10083	0.15303								
5.0556					0.99188	0.97089	0.96460	0.98131	1.0010	0.99292	1.0111	0.99055	0.99000	0.97703	0.98273	0.99915	1.0017	1.0044	0.98419	1.0155	0.82407	0.86798	0.83029	0.84582	0.26359	0.21133	0.23274	0.23258	0.10864	0.11787	0.10211	0.15877								
5.0917					0.98036	0.97206	0.96662	0.99424	0.96543	0.99675	1.0064	0.98610	1.0051	0.98433	0.98115	1.0010	1.0163	0.99814	1.0077	1.0085	0.81894	0.90041	0.83980	0.83056	0.25976	0.22772	0.23436	0.21783	0.10744	0.12227	0.097170	0.15445								
5.1278					0.98620	0.97687	0.98493	0.99341	0.99763	0.99680	0.98987	0.99471	0.99604	0.99861	0.97167	0.97194	1.0037	1.0044	1.0097	1.0016	0.82088	0.87876	0.84472	0.84797	0.26105	0.22867	0.24140	0.21935	0.093996	0.11190	0.10702	0.14672								
5.1639					0.99641	0.97072	0.97224	0.99509	0.99171	0.99301	0.99608	0.97721	0.99075	0.97634	0.99076	0.99908	1.0126	1.0129	0.99617	0.98663	0.81771	0.88850	0.84163	0.84720	0.26761	0.21127	0.24122	0.23476	0.10285	0.12045	0.098327	0.15893								
5.2000					0.98112	0.96805	0.99111	0.99609	0.97600	0.98201	1.0090	0.99779	1.0065	0.97632	0.98510	0.98038	1.0104	1.0026	1.0007	1.0079	0.84299	0.91211	0.83921	0.86792	0.27018	0.22500	0.24972	0.24212	0.10876	0.10753	0.11391	0.15981								
5.2361					0.97594	0.96472	0.99143	0.99636	0.99812	0.99454	1.0060	1.0032	0.98760	0.98485	0.97676	0.97828	1.0134	1.0062	1.0128	1.0021	0.85798	0.92033	0.86779	0.86970	0.27800	0.22730	0.24847	0.23286	0.11521	0.12808	0.10124	0.17079								
5.2722					0.98106	0.95343	0.98902	0.99421	1.0049	0.98991	0.99986	0.98208	0.99107	0.98849	0.99513	0.99216	1.0104	0.99691	0.98563	1.0130	0.85988	0.92752	0.88526	0.89505	0.28671	0.22329	0.24817	0.23683	0.10819	0.13273	0.10139	0.16650								
5.3083					0.98745	0.97994	0.99661	0.99368	0.98917	0.98450	0.98702	0.99587	0.99721	0.98744	0.98542	0.98241	0.99703	0.99568	1.0045	1.0057	0.87054	0.92307	0.87891	0.87804	0.27564	0.23610	0.26002	0.24453	0.10606	0.13971	0.10452	0.17372								
5.3444					0.99487	0.97477	0.98164	0.98641	1.0005	1.0045	1.0221	1.0007	1.0051	0.98904	0.97638	1.0002	1.0008	0.99827	1.0033	1.0208	0.84520	0.94889	0.88764	0.89241	0.26093	0.22133	0.25472	0.24508	0.10342	0.12645	0.10799	0.17722								
5.3806					0.98099	0.97038	0.98795	0.99967	0.99261	1.0033	1.0089	0.99478	0.99958	0.99060	0.99906	0.99181	1.0004	0.99105	0.98727	1.0103	0.88832	0.92897	0.91313	0.90145	0.30728	0.21613	0.25932	0.24876	0.11428	0.14143	0.11706	0.17044								
5.4167					0.96707	0.97093	0.97607	0.99535	0.98820	0.99414	0.98741	1.0055	0.98418	0.97057	0.99892	0.99778	0.99110	1.0113	0.99727	1.0147	0.86599	0.93407	0.90139	0.90231	0.28177	0.25066	0.24932	0.24850	0.11443	0.14659	0.12219	0.17817								
5.4528					0.98542	0.96980	0.97557	1.0026	0.99057	0.98559	1.0138	1.0030	1.0242	0.99309	0.99534	0.99255	1.0052	1.0020	1.0239	1.0156	0.87490	0.93168	0.90099	0.90814	0.28456	0.24243	0.25908	0.24942	0.11620	0.13974	0.10227	0.17066								
5.4889					0.98542	0.96162	0.99047	0.99491	0.97800	1.0010	0.99657	1.0123	0.98009	0.97980	0.98421	0.99020	1.0062	0.99891	1.0024	1.0257	0.89204	0.94533	0.92490	0.92107	0.30127	0.24781	0.25490	0.24945	0.11728	0.13301	0.12144	0.16956								
5.5250					0.99372	0.97480	0.97753	0.98563	0.97721	0.99236	1.0123	0.99733	1.0037	0.97790	0.97713	1.0057	1.0018	1.0046	1.0224	1.0077	0.89873	0.97486	0.91923	0.91819	0.29946	0.24252	0.27679	0.25761	0.11587	0.14168	0.12069	0.17508								
5.5611					1.0023	0.98771	0.99470	0.99526	0.99408	1.0044	1.0027	0.99009	0.97852	0.99074	0.99260	0.98784	0.98476	1.0014	1.0033	1.0041	0.91642	0.94384	0.92802	0.93974	0.29839	0.25738	0.27338	0.25787	0.12857	0.14436	0.12307	0.17366								
5.5972					0.96967	0.97488	1.0041	1.0055	0.98820	0.98007	1.0011	1.0045	0.99774	0.98151	0.98305	1.0011	0.99080	1.0074	0.98750	0.99858	0.90825	0.96531	0.91678	0.94231	0.30566	0.25258	0.26243	0.26520	0.12187	0.14944	0.12254	0.18738								
5.6333					1.0001	0.98543	0.98516	1.0101	1.0013	1.0138	0.99529	1.0046	0.98201	0.97595	0.98052	0.98934	0.99550	0.99795	0.99318	1.0007	0.93598	0.97735	0.96555	0.95982	0.30664	0.24457	0.27213	0.25862	0.11701	0.13707	0.11641	0.18489								
5.6694					0.98620	0.96263	0.98331	0.99723	0.99831	0.99065	0.99982	0.99982	1.0144	0.99991	0.98282	1.0085	1.0089	1.0083	0.99411	1.0116	0.94289	0.97842	0.94391	0.93603	0.31041	0.25323	0.26545	0.26227	0.12794	0.15381	0.13139	0.18716								
5.7056					0.99906	0.96801	0.98530	1.0214	0.99805	1.0011	1.0153	1.0010	0.99841	0.98403	0.98884	0.99339	0.99718	0.99244	1.0045	1.0007	0.93737	0.96969	0.94394	0.96218	0.30983	0.25913	0.26463	0.26333	0.13394	0.14319	0.12829	0.17726								
5.7417					0.99730	0.98195	0.98791	1.0152	0.98666	1.0197	0.99618	0.99505	0.99931	0.99508	0.98191	0.99992	0.99583	0.99196	0.99352	1.0146	0.93052	0.98409	0.94115	0.96028	0.29183	0.25959	0.27771	0.26425	0.12025	0.16393	0.12473	0.18685								
5.7778					1.0020	0.96662	1.0047	0.99674	0.98903	1.0013	1.0060	1.0018	0.99696	1.0051	0.97566	0.98861	0.99187	1.0063	1.0061	0.99509	0.90896	1.0010	0.96512	0.95424	0.29143	0.26255	0.28893	0.27046	0.12833	0.15984	0.14128	0.20842								
5.8139					0.98578	0.97994	0.98419	1.0172	0.99463	0.99595	1.0008	0.99672	1.0079	0.99513	1.0025	0.99962	0.98939	0.99279	0.99609	0.99590	0.96756	1.0050	0.97178	0.97021	0.31093	0.25845	0.29764	0.27509	0.12308	0.15290	0.13458	0.18909								
5.8500					0.98112	0.98308	0.98699	0.99316	0.98848	1.0123	1.0015	1.0105	0.99467	0.99019	0.99711	1.0011	0.99517	0.99511	0.98905	1.0006	0.96387	0.98542	1.0003	0.97477	0.32589	0.26185	0.28685	0.27463	0.12911	0.15299	0.13070	0.19022								
5.8861					0.99921	0.98178	0.99940	1.0073	1.0021	1.0052	1.0148	1.0117	0.99432	0.98019	0.98721	1.0170	1.0057	0.98719	1.0063	1.0235	0.95899	1.0052	0.95732	0.97002	0.32620	0.26433	0.28935	0.26880	0.13403	0.16229	0.13458	0.19587								
5.9222					0.99188	0.95686	0.99883	1.0129	0.97890	0.99622	1.0129	0.99795	1.0134	0.99627	0.98921	1.0087	1.0096	1.0062	0.99597	1.0131	0.97984	0.98989	0.98324	1.0031	0.33009	0.27313	0.30020	0.28067	0.13076	0.16427	0.12401	0.19713								
5.9583					1.0098	0.97245	0.99296	1.0180	1.0039	1.0130	1.0204	1.0015	1.0114	0.98483	0.99118	0.99999	1.0008	0.99779	0.99789	0.99498	0.96869	0.99947	0.99807	0.99029	0.32378	0.27243	0.29633	0.28622	0.13112	0.15937	0.13236	0.19792								
5.9944					1.0009	0.97405	0.98486		1.0036	0.99675	1.0116	1.0063	1.0025	0.97183	0.99430	0.99358	0.99626	0.99726	1.0056	1.0083	0.97057	0.98491	0.99026	0.98164	0.33665	0.27509	0.29365	0.27581	0.13574	0.16503	0.13433	0.19893								
6.0306					0.99693	0.98210	0.97896		1.0116	1.0039	1.0139	0.99882	1.0109	0.99488	0.99069	0.99307	0.97107	0.99461	1.0142	1.0326	0.97566	1.0069	0.99345	0.99412	0.33055	0.27151	0.29877	0.28691	0.13307	0.16013	0.14031	0.19527								
6.0667					0.98936	0.98720	0.98786		0.99252	0.99664	0.98950	1.0013	1.0140	0.98428	1.0074	0.97819	1.0042	1.0079	0.99657	1.0016	0.99120	1.0211	0.97199	0.98308	0.34174	0.27595	0.29560	0.28613	0.14087	0.17728	0.13577	0.20590								
6.1028					0.98437	0.98208	0.99441		0.99164	1.0074	1.0085	1.0135	1.0121	0.98790	1.0000	0.99556	1.0107	1.0105	0.99812	1.0162	1.0006	1.0171	0.99633	0.97904	0.33601	0.28221	0.29981	0.29139	0.14570	0.16233	0.14381	0.20612								
6.1389					0.98902	0.97232	1.0046		1.0174	1.0097	0.99868	0.98904	0.99973	0.99110	1.0034	1.0037	1.0107	0.99260	0.99227	0.99091	0.98641	0.98942	0.98240	0.99406	0.35226	0.28145	0.30539	0.30390	0.14987	0.16654	0.13815	0.18618								
6.1750					0.98416	0.96722	1.0080		0.99640	0.99828	1.0157	1.0101	0.99691	0.99058	0.99365	0.99824	1.0035	1.0095	1.0031	0.99343	0.97769	1.0158	0.99996	0.98685	0.33696	0.29824	0.31286	0.30881	0.15738	0.17084	0.14175	0.20025								
6.2111					1.0070	0.98346	0.99602		0.98859	1.0037		1.0013	0.98658	0.96918	0.97536	1.0080	1.0004	1.0315	1.0153	0.99232	0.98058	1.0194	1.0026	1.0157	0.34478	0.28882	0.30737	0.29950	0.14582	0.17326	0.13274	0.20429								
6.2472					0.99324	0.99202	0.98967		0.99482	0.99909		1.0142	0.99729	0.99721	0.98361	1.0050	0.98806	1.0191	1.0030	0.99303	1.0063	0.99963	0.99110	1.0130	0.35149	0.28442	0.31502	0.30309	0.14165	0.16054	0.13968	0.22741								
6.2833					1.0052	0.96728	0.99792		0.99645	0.99964		1.0039	1.0253	0.99248	0.99181	1.0106	0.99568	0.99592	0.98710	1.0074	0.97324	1.0212	1.0010	1.0015	0.34141	0.30451	0.31618	0.29869	0.14156	0.18243	0.14875	0.21975								
6.3194					1.0125	0.97994	0.99642		0.99261	1.0001		1.0101	1.0060	0.98474	0.99288	1.0111	0.99762	1.0008	0.98679	1.0029	0.98181	1.0205	1.0293	1.0008	0.34582	0.30136	0.31124	0.30390	0.14762	0.18570	0.14406	0.21461								
6.3556					0.99448	0.96276	1.0048		1.0082	1.0077		1.0077	1.0216	0.99321	0.98956	1.0131	0.99105	1.0032	0.99134	0.99495	0.98779	1.0305	1.0086	0.99629	0.35027	0.29906	0.32295	0.30056	0.15098	0.19148	0.15429	0.21606								
6.3917					0.99136	0.99597	0.99141		0.99614	1.0192		1.0136	1.0013	0.98792	1.0038	1.0016	1.0138	1.0023	1.0094	0.99720	1.0093	1.0080	1.0008	1.0119	0.35716	0.31056	0.31990	0.32011	0.15795	0.17634	0.15163	0.21467								
6.4278					0.99355	0.97268	0.98965		0.99742	1.0031		1.0163	1.0089	0.97408	0.97794	1.0023	0.98369	1.0004	0.99594	0.99319	1.0072	1.0162	1.0113	1.0069	0.36032	0.30356	0.33782	0.29291	0.16119	0.17627	0.14134	0.21293								
6.4639					0.99476	0.98395	0.99463		1.0032	1.0127		1.0056	0.98401	1.0055	0.99423	1.0025	0.98655	0.99546	1.0038	1.0103	1.0057	1.0268	1.0184	1.0010	0.36455	0.31203	0.33895	0.30237	0.14894	0.18212	0.14913	0.21145								
6.5000					0.98526	0.98218	1.0066		0.98952	1.0084		1.0135	0.99891	0.99119	1.0069	1.0255	0.98078	1.0020	1.0026	0.97663	1.0094	1.0057	1.0015	1.0250	0.37090	0.31979	0.33374	0.32661	0.15861	0.19629	0.15770	0.22417								
6.5361					1.0124	0.97640	1.0054		1.0059	0.99687		0.99471	1.0127	0.97467	0.99230	1.0156	0.99823	0.97433	0.97329	0.98807	1.0148	0.99610	1.0376	0.98921	0.37403	0.30062	0.33974	0.31140	0.16971	0.18422	0.16295	0.23540								
6.5722					0.98392	0.97616	0.99370		0.99810	1.0174		1.0176	1.0060	0.98870	0.99220	1.0094	0.97505	0.98797	1.0025	0.99818	1.0118	1.0092	1.0193	0.99212	0.38034	0.30603	0.34538	0.31784	0.16041	0.18438	0.15695	0.22921								
6.6083					0.98539	0.96316	1.0142		1.0060				0.97857	1.0028	0.98591	1.0041		0.98588	1.0164	1.0001	1.0220	1.0147	1.0173	1.0074	0.38289	0.31102	0.34395	0.32158	0.15747	0.18231	0.14412	0.23445								
6.6444					1.0029	0.96570	1.0020		1.0101				0.98403	0.99218	1.0087	0.99080		0.98987	1.0111	0.99270	0.99818	1.0150	1.0257	1.0118	0.37311	0.31395	0.33679	0.32270	0.15975	0.18868	0.15560	0.23764								
6.6806					1.0037	0.97507	1.0113		0.99747				1.0072	1.0089	0.98958	1.0045		0.99375	0.99083	0.99446	1.0060	1.0224	1.0099	1.0131	0.35851	0.32836	0.34730	0.31468	0.16383	0.18806	0.15332	0.22514								
6.7167					1.0048	0.96662	1.0065		1.0114				0.99107	1.0025	0.97478	0.99470		1.0043	0.98829	0.99574	1.0012	1.0114	1.0007	1.0048	0.36980	0.31869	0.34932	0.33408	0.16227	0.19764	0.17203	0.23650								
6.7528					0.99249	0.98641	0.99829		0.98053				0.99432	0.98451	1.0122	1.0081		1.0097	0.99357	0.97801	0.99753	1.0212	1.0066	1.0097	0.37121	0.33548	0.33764	0.32020	0.17046	0.19943	0.15617	0.23051								
6.7889					1.0029	0.99612	0.98817		1.0040				0.99102	0.96652	0.98168	1.0115		1.0075	1.0039	0.99322	1.0119	0.99222	1.0172	1.0150	0.39107	0.32346	0.34770	0.34276	0.16077	0.21140	0.17284	0.23439								
6.8250					0.99617	0.96128	1.0173		0.99480				1.0031	0.99948	0.99081	1.0153		1.0027		0.99243	1.0267	1.0155	1.0018	1.0143	0.37927	0.34153	0.33904	0.34201	0.15461	0.21759	0.16661	0.23130								
6.8611					0.99990	0.97196	0.99502		1.0038				0.99509	0.97005	1.0006	0.98871		1.0007		1.0076	1.0064	0.99683	1.0086	1.0216	0.38890	0.33420	0.35791	0.32342	0.16911	0.19921	0.17040	0.24287								
6.8972					1.0023	0.99414	1.0189		1.0053				0.99170	0.97575	1.0155	0.99059		1.0283		1.0050	1.0116	1.0333	1.0017	1.0204	0.38491	0.32463	0.37151	0.33946	0.17010	0.21168	0.17012	0.24085								
6.9333					1.0106	0.96150	1.0168		1.0026				0.99853	0.98419	0.99423	1.0025		1.0069		0.98262	1.0262	1.0174	1.0036	1.0081	0.40413	0.33163	0.36800	0.34659	0.17175	0.19610	0.17359	0.23363								
6.9694					1.0112	0.99303	0.99822		1.0043				1.0124	0.99465	1.0003	1.0155		0.98909		1.0024	1.0237	1.0143	1.0077	1.0084	0.38516	0.33900	0.37553	0.33650	0.17331	0.20631	0.16048	0.24010								
7.0056					1.0025	0.99503	1.0122		0.98258					1.0039	1.0057			0.98955		0.99712	1.0253	1.0125	0.99965	1.0266	0.41437	0.33496	0.37785	0.34765	0.16659	0.20904	0.16896	0.25811								
7.0417					1.0025	0.97817	1.0156		0.99189					0.98536	0.99599			1.0008		0.98446	1.0141	1.0202	1.0311	1.0111	0.40757	0.33900	0.36925	0.34230	0.17154	0.21288	0.16905	0.25066								
7.0778					1.0087	0.98308	1.0127		0.98594					0.98675	0.99790			0.99830		0.98514	1.0212	1.0174	1.0341	1.0038	0.40751	0.34450	0.36813	0.33181	0.17880	0.22437	0.18814	0.25950								
7.1139					1.0244	0.97307	1.0083		0.99933					0.99362	0.99945			1.0011		0.99582	1.0090	1.0057	1.0317	1.0117	0.41008	0.34793	0.36782	0.35676	0.17928	0.21715	0.16883	0.24521								
7.1500					1.0082	0.99433	1.0068		1.0003					1.0092	1.0029			1.0039		0.98622	1.0126	1.0115	1.0121	1.0091	0.39147	0.34046	0.37709	0.35409	0.17253	0.22752	0.18426	0.26060								
7.1861					1.0058	0.98210	0.99213		0.98360					0.99321	1.0037			0.99273		0.99243	1.0047	1.0259	1.0036	0.98961	0.41352	0.36340	0.37367	0.34521	0.17421	0.21834	0.17931	0.25549								
7.2222					1.0023	0.98395	0.99979		0.99838					1.0116	1.0003			0.99289			0.99836	1.0002	1.0193	1.0142	0.42271	0.35927	0.37721	0.36470	0.16242	0.22378	0.16596	0.26508								
7.2583					0.99739	0.97238	1.0123		1.0003					1.0020	1.0060			0.99998			1.0110	0.98078	1.0067	1.0115	0.41768	0.35407	0.37404	0.37444	0.17445	0.20612	0.17669	0.26350								
7.2944					1.0238	0.98628	1.0017		0.99879					1.0014	1.0100			0.99950			1.0085	1.0140	1.0080	1.0081	0.41664	0.35218	0.39264	0.36148	0.17745	0.21617	0.18513	0.26414								
7.3306					1.0141	0.98694	1.0033		0.99206					0.99115	1.0103			1.0104			1.0164	1.0120	1.0374	1.0162	0.42241	0.34848	0.38197	0.36306	0.17580	0.21900	0.18623	0.26729								
7.3667					1.0071	0.98989	1.0114		1.0164					0.99941	1.0031			0.98238			1.0169	1.0125	1.0207	1.0069	0.41585	0.35621	0.37834	0.36326	0.19321	0.23524	0.18110	0.26713								
7.4028					1.0201	0.97001	1.0234		1.0049					1.0088	1.0087			1.0083			1.0188	1.0109	1.0266	1.0052	0.41302	0.37477	0.40529	0.35854	0.18976	0.23845	0.18548	0.26196								
7.4389						0.99179			1.0039					0.98579	1.0017						1.0143	1.0032	1.0048	1.0128	0.43167	0.37594	0.39020	0.36659	0.18303	0.23091	0.18588	0.28656								
7.4750						0.97843			0.98978					0.98813	0.99848						1.0311	1.0181	1.0200	0.98811	0.44013	0.38569	0.39831	0.37226	0.18687	0.23923	0.19111	0.27644								
7.5111						0.98857			1.0057					1.0056	0.98881						1.0071	1.0128	1.0100	0.99065	0.43222	0.37162	0.40334	0.37410	0.18198	0.22849	0.19793	0.27388								
7.5472						0.99292			1.0037					0.99689	1.0052						0.99077	1.0187	1.0019	1.0239	0.44123	0.36942	0.39998	0.37936	0.18855	0.23870	0.18892	0.26836								
7.5833						0.99917			1.0099					0.97671	0.99848						1.0327	1.0149	0.99798	1.0013	0.42517	0.38410	0.39959	0.38180	0.19330	0.22780	0.17866	0.25978								
7.6194						0.97211			1.0091					0.99099	1.0011						1.0022	1.0125	0.99349	0.98734	0.43553	0.39037	0.41050	0.38427	0.18672	0.22701	0.19214	0.28145								
7.6556						0.98376			0.99573					1.0089	1.0130						1.0190	1.0029	1.0126	1.0169	0.45831	0.36743	0.40477	0.38548	0.19519	0.24794	0.20443	0.26868								
7.6917						1.0025			1.0063					0.98028	1.0112						1.0149	0.99613	1.0003	1.0352	0.44399	0.38447	0.40657	0.37338	0.19615	0.24137	0.18776	0.28436								
7.7278						0.98882			1.0070					0.99110	0.97729						1.0276	1.0042	0.99327	0.99914	0.45359	0.40856	0.39858	0.37703	0.19501	0.25108	0.19427	0.29921								
7.7639						0.99047			1.0222					1.0035	0.99762						1.0072	0.99862	1.0137	1.0226	0.44218	0.38346	0.40697	0.38611	0.20011	0.24721	0.20772	0.29388								
7.8000						0.99892			0.99412					0.98792	1.0000						1.0077	1.0188	1.0066	1.0136	0.46410	0.38190	0.41919	0.38703	0.19984	0.25962	0.19805	0.28461								
7.8361						0.99779			1.0089					0.98545	1.0064						1.0125	0.99932	1.0125	1.0217	0.44160	0.38642	0.43867	0.39675	0.19693	0.23647	0.20790	0.28439								
7.8722						0.98664			1.0056					1.0046	0.99446						1.0293	1.0021	0.98590	0.99795	0.46055	0.39187	0.42172	0.40273	0.20272	0.25878	0.20024	0.28679								
7.9083						1.0055			0.97131					0.99364	0.99813						1.0081	0.99418	0.99308	0.99844	0.44240	0.39370	0.42376	0.38347	0.20380	0.25535	0.19865	0.27672								
7.9444						0.99213			1.0086					0.99843	0.98765						1.0177	1.0149	1.0115	0.98339	0.45261	0.41345	0.43398	0.39439	0.19984	0.24599	0.21125	0.29530								
7.9806						0.98965			1.0050					0.99394	0.99996						1.0117	0.96487	0.99643	1.0062	0.46490	0.39673	0.42846	0.39842	0.20524	0.25479	0.21425	0.28890								
8.0167						0.99493			0.99789					0.98625	1.0008						1.0102	1.0003	1.0220	0.99970	0.47631	0.40287	0.42099	0.39459	0.22087	0.24762	0.21779	0.30032								
8.0528						1.0090			0.99377					0.99602	0.99866						1.0022	1.0113	1.0285	0.98474	0.45708	0.41339	0.42538	0.40445	0.20503	0.26330	0.21397	0.29149								
8.0889						0.98871			1.0020					1.0001	1.0167						1.0200	0.99941	1.0013	0.99372	0.45702	0.42168	0.43023	0.39471	0.19840	0.25318	0.20984	0.30243								
8.1250						0.99501			1.0025					0.98529	1.0171						1.0105	1.0119	1.0018	1.0005	0.46597	0.40896	0.44001	0.40120	0.22247	0.26751	0.19649	0.29281								
8.1611						0.99230			0.99147					0.99687	1.0036						0.98829	1.0002	1.0201	1.0052	0.46931	0.40541	0.45705	0.41759	0.20278	0.27009	0.20421	0.30552								
8.1972						1.0022			0.99770					1.0113	0.99571						0.99323	1.0005	1.0095	0.99743	0.48139	0.42617	0.45748	0.41816	0.20407	0.26569	0.22533	0.29278								
8.2333						0.99657			0.99656					0.99678	1.0042						1.0205	1.0035	1.0065	0.99875	0.48265	0.41159	0.44056	0.40805	0.21880	0.27163	0.20897	0.30701								
8.2694						1.0000								0.99865							1.0219	1.0035	1.0113	0.99638	0.48008	0.43715	0.44279	0.41069	0.21883	0.26921	0.21097	0.30388								
8.3056						1.0101								1.0101							1.0106	0.97558	1.0069	0.99252	0.47511	0.43755	0.45434	0.42831	0.21028	0.25466	0.21141	0.30158								
8.3417						0.99616								0.99733							0.97966	1.0243	1.0177	0.99556	0.49139	0.41535	0.45449	0.42041	0.21337	0.28048	0.21932	0.30161								
8.3778						1.0192								1.0007							1.0036	1.0105	0.98413	1.0029	0.49492	0.43131	0.46492	0.41960	0.21241	0.28033	0.23287	0.31082								
8.4139						0.99335								1.0039							0.99950	1.0005	0.99875	1.0156	0.49246	0.42134	0.46141	0.42317	0.21916	0.26487	0.21000	0.32246								
8.4500						1.0084								0.99318							1.0211	1.0092	0.99667	0.98290	0.49059	0.44431	0.46663	0.43880	0.21283	0.28058	0.21510	0.30710								
8.4861						1.0045								1.0085							1.0200	0.99976	1.0026	1.0164	0.49832	0.43862	0.46251	0.43553	0.22186	0.28928	0.22004	0.31224								
8.5222						0.99606								0.98074							0.99191	1.0062	1.0199	0.99779	0.48513	0.44755	0.45458	0.43892	0.22493	0.28074	0.21375	0.31187								
8.5583						1.0079								1.0064							1.0112	0.98390	1.0013	0.98541	0.49093	0.45366	0.47644	0.42995	0.22048	0.27276	0.22883	0.31559								
8.5944						0.99555								0.99854							0.99756	1.0075	1.0057	0.99770	0.51494	0.43981	0.45858	0.43099	0.22943	0.26801	0.22858	0.30925								
8.6306						1.0058								0.98989							0.99612	0.99613	1.0079	0.99642	0.50773	0.45599	0.47391	0.44151	0.22307	0.26999	0.22749	0.31827								
8.6667						1.0132								0.98465							0.99424	0.97316	0.99528	0.98609	0.48277	0.45697	0.47915	0.44720	0.22244	0.29054	0.22004	0.32429								
8.7028						1.0038								1.0005							0.99550	1.0172	1.0046	0.99580	0.51034	0.46238	0.47376	0.44041	0.23075	0.27697	0.22943	0.30612								
8.7389						1.0110								1.0006							1.0073	0.98769	1.0051	0.98520	0.50795	0.45528	0.46778	0.44108	0.23408	0.28466	0.21804	0.32310								
8.7750						1.0037								1.0068							1.0013	1.0066	0.98779	0.98891	0.52324	0.45330	0.47946	0.44835	0.23969	0.28523	0.23227	0.31392								
8.8111						1.0039								1.0153							1.0300	1.0113	1.0024	0.99148	0.51015	0.45926	0.48153	0.45266	0.23243	0.28149	0.24016	0.33493								
8.8472						0.99337								1.0107							1.0234	0.99566	0.98602	1.0156	0.52444	0.45969	0.47141	0.45694	0.23225	0.28934	0.24087	0.33130								
8.8833						1.0131								0.99783							0.98383	0.98816	0.99955	0.99409	0.52413	0.45409	0.48906	0.46241	0.22595	0.29060	0.22029	0.32420								
8.9194						1.0058								1.0090							1.0092	1.0032	0.98540	0.98091	0.50991	0.47849	0.48998	0.45554	0.23777	0.29054	0.23712	0.34136								
8.9556						1.0106								1.0048							0.99222	1.0022	0.97230	0.98296	0.54308	0.44452	0.50735	0.46859	0.24866	0.29582	0.23781	0.31145								
8.9917						0.99947								0.99229							0.98700	0.99241	1.0096	1.0088	0.51662	0.47235	0.49345	0.45473	0.24119	0.28463	0.23587	0.32789								
9.0278						1.0121								1.0122							1.0146	0.97829	0.98862	0.97717	0.52226	0.48228	0.49290	0.46011	0.24614	0.30175	0.24441	0.32931								
9.0639						1.0022								1.0094							1.0063	0.98942	0.99996	0.99779	0.52518	0.47177	0.49333	0.45749	0.24773	0.29085	0.23937	0.35064								
9.1000						1.0219								0.98822							1.0102	1.0050	1.0114		0.52821	0.47892	0.51665	0.45625	0.24056	0.30097	0.23790	0.34101								
9.1361						1.0164								0.99742							0.97959	1.0039	1.0085		0.52189	0.46825	0.50647	0.46080	0.24716	0.30505	0.23975	0.34101								
9.1722						1.0003								1.0107							1.0036	0.98690	1.0090		0.52732	0.47825	0.50196	0.45309	0.24011	0.29717	0.25085	0.34556								
9.2083						1.0137								1.0041							1.0037	0.98397	1.0005		0.51395	0.48314	0.49629	0.46741	0.24014	0.30226	0.24425	0.34388								
9.2444						0.99230								1.0051							0.99354	1.0017	0.98791		0.53729	0.49522	0.51437	0.46042	0.24200	0.31595	0.26750	0.34903								
9.2806														1.0111							0.99059	0.97990	0.97732		0.54051	0.49507	0.50299	0.47580	0.26529	0.30669	0.26124	0.36007								
9.3167														1.0103							1.0114	0.98264	1.0049		0.53232	0.47675	0.51177	0.47149	0.24890	0.31096	0.25680	0.36313								
9.3528														1.0092							0.98961	0.99834	0.99318		0.53643	0.50146	0.50879	0.49032	0.25259	0.31982	0.25761	0.35458								
9.3889														1.0019							0.99667	0.98107	0.98193		0.54192	0.47654	0.50357	0.48034	0.25409	0.32086	0.25805	0.35215								
9.4250														1.0053							1.0056	0.98932	1.0119		0.55317	0.48589	0.51574	0.47779	0.25304	0.30741	0.25236	0.35300								
9.4611														1.0133							0.99913	1.0072	0.98581		0.57181	0.50439	0.52135	0.46991	0.25517	0.30917	0.27866	0.36625								
9.4972																					1.0061	0.99900	1.0066		0.54146	0.50091	0.52595	0.48342	0.26067	0.31787	0.24992	0.35452								
9.5333																					0.98804	1.0037	0.99293		0.54106	0.49904	0.53104	0.48664	0.25202	0.32170	0.27309	0.36209								
9.5694																					0.99464	0.98469	0.98209		0.55482	0.50091	0.52604	0.48259	0.26964	0.32240	0.25889	0.34959								
9.6056																					0.98964	0.99613	0.98534		0.55942	0.50299	0.55122	0.48681	0.27222	0.32623	0.26418	0.36654								
9.6417																					1.0047	0.98964	0.97936		0.57123	0.50993	0.52927	0.50889	0.26349	0.32764	0.26981	0.35628								
9.6778																					0.99391	0.98794	1.0012		0.57570	0.49806	0.53342	0.50510	0.27141	0.34533	0.27103	0.37303								
9.7139																					1.0083	0.98784			0.55277	0.52699	0.52729	0.49026	0.26949	0.33622	0.28495	0.37745								
9.7500																					1.0032	0.98271			0.57478	0.51445	0.53037	0.48227	0.25448	0.33085	0.26821	0.35871								
9.7861																					0.99053	1.0073			0.56448	0.53145	0.53561	0.50211	0.26364	0.32843	0.25989	0.37101								
9.8222																					0.99197	0.98308			0.58217	0.50369	0.53211	0.48733	0.28044	0.33037	0.27278	0.35988								
9.8583																					0.99464	1.0066			0.58472	0.52191	0.53436	0.50167	0.26157	0.33182	0.27547	0.37729								
9.8944																					1.0080	0.99100			0.57107	0.50644	0.52915	0.51611	0.26400	0.34935	0.27541	0.37518								
9.9306																					1.0035	0.99988			0.58686	0.50919	0.55287	0.51084	0.26730	0.33587	0.27507	0.37874								
9.9667																					1.0033	0.97104			0.57463	0.52087	0.56098	0.50081	0.27825	0.33864	0.27697	0.38300								
10.003																					0.97791	0.98211			0.56663	0.52757	0.54442	0.51863	0.27876	0.33650	0.27685	0.36953								
10.039																					0.99203	0.98343			0.58199	0.52751	0.55180	0.52505	0.27120	0.33876	0.27525	0.37666								
10.075																					0.98755	0.97855			0.58570	0.53665	0.54753	0.51027	0.28131	0.33917	0.28655	0.38275								
10.111																					0.99913	1.0154			0.58701	0.56139	0.53461	0.51441	0.29404	0.34775	0.27410	0.38048								
10.147																					0.99197	0.98753			0.58355	0.54466	0.55241	0.51567	0.29335	0.34712	0.27829	0.38777								
10.183																					1.0036	0.97804			0.59916	0.53760	0.56262	0.52878	0.28149	0.35164	0.28520	0.38348								
10.219																					0.98875	0.98542			0.58775	0.51879	0.54598	0.53223	0.27561	0.34615	0.27544	0.38351								
10.256																					0.98030	1.0129			0.61786	0.54032	0.56711	0.51441	0.27027	0.35485	0.27550	0.39903								
10.292																					1.0096	0.97483			0.58938	0.54687	0.56887	0.52867	0.28770	0.34445	0.28930	0.39354								
10.328																					0.99796				0.59459	0.54335	0.57479	0.54606	0.27090	0.35378	0.28811	0.38348								
10.364																					0.99575				0.60608	0.55567	0.56643	0.53640	0.30067	0.34467	0.28592	0.39363								
10.400																					0.98018				0.60700	0.55206	0.56497	0.52999	0.28050	0.36864	0.29402	0.38032								
10.436																					0.99891				0.62543	0.55864	0.57201	0.52792	0.28984	0.34024	0.28701	0.38896								
10.472																					0.98644				0.60682	0.56787	0.57808	0.54063	0.29839	0.38058	0.29831	0.39048								
10.508																					0.99409				0.61304	0.55797	0.58210	0.53025	0.29608	0.36804	0.29849	0.39758								
10.544																					0.99080				0.61452	0.54950	0.59314	0.54019	0.29680	0.37942	0.29437	0.39423								
10.581																					0.99360				0.61562	0.56668	0.57150	0.54364	0.29278	0.36490	0.30128	0.39789								
10.617																					0.99249				0.63319	0.55674	0.58436	0.55491	0.29143	0.37056	0.30810	0.40048								
10.653																					0.98626				0.62102	0.57319	0.58549	0.54773	0.29551	0.37071	0.29324	0.40026								
10.689																					0.97198				0.61911	0.56154	0.59174	0.55020	0.30511	0.38030	0.29086	0.41363								
10.725																					0.97717				0.62491	0.56154	0.58259	0.55569	0.28740	0.37439	0.30569	0.39852								
10.761																					0.99302				0.63800	0.57273	0.59091	0.53577	0.29422	0.36974	0.30006	0.41408								
10.797																					0.98991				0.61685	0.58958	0.58784	0.54295	0.29617	0.37825	0.29690	0.39909								
10.833																					0.99885				0.62252	0.58894	0.60259	0.54249	0.29740	0.37628	0.30366	0.40240								
10.869																					0.98574				0.64950	0.59166	0.60561	0.56449	0.30382	0.37920	0.30081	0.42272								
10.906																					0.99219				0.62951	0.57680	0.59838	0.54744	0.30664	0.39132	0.31539	0.41591								
10.942																					1.0032				0.64364	0.58166	0.59055	0.56377	0.31123	0.38447	0.30172	0.41114								
10.978																					0.99053				0.61850	0.58429	0.60314	0.56837	0.30286	0.39406	0.30735	0.42521								
11.014																					0.99246				0.65048	0.58276	0.59972	0.56497	0.30262	0.38234	0.31276	0.41957								
11.050																					0.97683				0.63858	0.58830	0.63460	0.55394	0.30313	0.38548	0.29981	0.42105								
11.086																					1.0145				0.65296	0.58390	0.59756	0.55388	0.30964	0.38715	0.32618	0.42263								
11.122																					0.97781				0.65140	0.58105	0.61466	0.58257	0.31936	0.39267	0.31798	0.41663								
11.158																									0.64968	0.62117	0.59259	0.58024	0.32216	0.40713	0.30916	0.42843								
11.194																									0.64045	0.59337	0.61789	0.56414	0.30835	0.38799	0.31551	0.43171								
11.231																									0.66290	0.59267	0.61802	0.57596	0.30772	0.40725	0.33065	0.42994								
11.267																									0.65710	0.59536	0.63094	0.58564	0.32062	0.40819	0.31041	0.43158								
11.303																									0.65125	0.60206	0.61981	0.57874	0.31315	0.39871	0.32017	0.42972								
11.339																									0.66538	0.61539	0.61759	0.55848	0.32486	0.39764	0.31629	0.42281								
11.375																									0.63996	0.61450	0.61064	0.57736	0.32038	0.39073	0.33738	0.42401								
11.411																									0.67225	0.60279	0.63058	0.57955	0.31468	0.40072	0.32918	0.43591								
11.447																									0.63852	0.61343	0.63103	0.59582	0.32306	0.39004	0.32734	0.42316								
11.483																									0.66115	0.61010	0.61741	0.58064	0.32204	0.41156	0.32252	0.43682								
11.519																									0.66149	0.61206	0.62942	0.57889	0.32029	0.40684	0.33853	0.43647								
11.556																									0.67672	0.61753	0.62884	0.58461	0.31429	0.40025	0.31983	0.43587								
11.592																									0.68525	0.61307	0.63966	0.59410	0.33200	0.41476	0.32440	0.45569								
11.628																									0.67197	0.60533	0.63463	0.58004	0.33746	0.39582	0.32465	0.44830								
11.664																									0.66158	0.63040	0.63926	0.60200	0.33431	0.40675	0.33882	0.44651								
11.700																									0.65603	0.61435	0.63789	0.59504	0.33467	0.40983	0.33265	0.46196								
11.736																									0.68626	0.62404	0.63667	0.60387	0.33476	0.41288	0.34801	0.43695								
11.772																									0.67605	0.62478	0.63186	0.60545	0.33938	0.41536	0.33622	0.43600								
11.808																									0.68148	0.62083	0.64524	0.59731	0.33281	0.42214	0.34410	0.44509								
11.844																									0.68439	0.62936	0.67127	0.61862	0.33599	0.41771	0.33700	0.45947								
11.881																									0.68381	0.61294	0.65045	0.59671	0.33095	0.41718	0.32974	0.46332								
11.917																									0.68368	0.62291	0.64323	0.61163	0.35658	0.42972	0.34773	0.45499								
11.953																									0.69310	0.64040	0.64850	0.62146	0.33962	0.43493	0.34814	0.45581								
11.989																									0.68721	0.63282	0.66259	0.60105	0.33644	0.42764	0.35796	0.45909								
12.025																									0.70453	0.63814	0.66756	0.60672	0.33653	0.43276	0.35718	0.46118								
12.061																									0.70588	0.64157	0.65801	0.61370	0.34130	0.41564	0.34513	0.46635								
12.097																									0.70036	0.65462	0.65448	0.60137	0.36255	0.42858	0.36099	0.46275								
12.133																									0.69518	0.63756	0.66673	0.61065	0.33989	0.43989	0.34698	0.48260								
12.169																									0.70956	0.63832	0.66542	0.60677	0.34538	0.42510	0.34745	0.47566								
12.206																									0.68966	0.64652	0.66426	0.62943	0.34805	0.43506	0.34304	0.46638								
12.242																									0.70649	0.65334	0.66643	0.61770	0.34790	0.43895	0.35001	0.46228								
12.278																									0.70091	0.64615	0.65939	0.62097	0.35670	0.44316	0.35699	0.46294								
12.314																									0.70101	0.64881	0.66362	0.61008	0.33845	0.42183	0.35258	0.47793								
12.350																									0.69825	0.66031	0.67411	0.62897	0.36780	0.44178	0.37201	0.46774								
12.386																									0.71161	0.65474	0.67649	0.61106	0.35357	0.43562	0.34883	0.46906								
12.422																									0.71962	0.65471	0.66884	0.62508	0.36225	0.43399	0.36240	0.47301								
12.458																									0.73099	0.68716	0.66256	0.64190	0.34679	0.45340	0.35489	0.47998								
12.494																									0.71882	0.65551	0.66725	0.63043	0.35553	0.45303	0.35014	0.47935								
12.531																									0.71931	0.65346	0.66820	0.63733	0.35435	0.45095	0.35292	0.49263								
12.567																									0.71698	0.66138	0.68295	0.63126	0.35123	0.44376	0.37745	0.47370								
12.603																									0.72811	0.64285	0.67283	0.64411	0.35015	0.45146	0.37272	0.48162								
12.639																									0.72946	0.65713	0.68463	0.62178	0.35796	0.45168	0.35267	0.48342								
12.675																									0.73614	0.68031	0.68106	0.64547	0.36252	0.45023	0.36353	0.47982								
12.711																									0.72814	0.66670	0.67606	0.65912	0.35583	0.45771	0.36860	0.49102								
12.747																									0.72900	0.67569	0.68627	0.64630	0.35718	0.45554	0.36281	0.49070								
12.783																									0.72605	0.68043	0.70658	0.63494	0.37005	0.47298	0.38496	0.47837								
12.819																									0.72590	0.68178	0.68048	0.63719	0.36048	0.46434	0.36844	0.50285								
12.856																									0.72979	0.65893	0.70206	0.65070	0.36750	0.46883	0.36891	0.49597								
12.892																									0.73222	0.68673	0.70350	0.65507	0.36261	0.46286	0.36866	0.48506								
12.928																									0.74899	0.66297	0.69460	0.66202	0.37128	0.47219	0.38248	0.48433								
12.964																									0.74991	0.67642	0.70100	0.65377	0.36723	0.45878	0.37263	0.50796								
13.000																									0.72308	0.69254	0.69450	0.63285	0.37392	0.47125	0.36622	0.48906								
13.036																									0.75779	0.68969	0.68966	0.65070	0.36351	0.47175	0.37516	0.49846								
13.072																									0.74751	0.69297	0.68377	0.67355	0.35778	0.46343	0.36897	0.48137								
13.108																									0.73731	0.69034	0.70304	0.66979	0.38346	0.47200	0.37069	0.50326								
13.144																									0.74960	0.68514	0.70728	0.66530	0.38046	0.47763	0.37892	0.50957								
13.181																									0.74877	0.67364	0.72408	0.66248	0.37611	0.47021	0.37498	0.49875								
13.217																									0.75027	0.69988	0.70182	0.66340	0.37812	0.46930	0.38399	0.51007								
13.253																									0.73976	0.69792	0.68868	0.64639	0.37710	0.47725	0.38693	0.50162								
13.289																									0.75024	0.67856	0.73670	0.65679	0.37203	0.48419	0.38677	0.51178								
13.325																									0.75325	0.71055	0.71206	0.67065	0.38223	0.48099	0.39206	0.51225								
13.361																									0.76018	0.70492	0.75660	0.67668	0.38811	0.49739	0.38502	0.52512								
13.397																									0.75806	0.72529	0.74249	0.68807	0.39028	0.48363	0.40588	0.51417								
13.433																									0.77937	0.72318	0.74877	0.70238	0.40486	0.49858	0.40673	0.52613								
13.469																									0.80325	0.74146	0.76453	0.69994	0.41686	0.51460	0.41273	0.55783								
13.506																									0.81573	0.76828	0.78764	0.72955	0.41656	0.52836	0.43913	0.56496								
13.542																									0.81895	0.78152	0.78492	0.70957	0.42989	0.55083	0.46269	0.58619								
13.578																									0.83333	0.78877	0.82733	0.74826	0.45143	0.54404	0.46838	0.57793								
13.614																									0.84535	0.79840	0.80739	0.78397	0.45449	0.56380	0.45715	0.58080								
13.650																									0.86494	0.80546	0.82931	0.77580	0.45582	0.56625	0.48446	0.60026								
13.686																									0.84167	0.83598	0.84151	0.77644	0.47229	0.59509	0.49266	0.60872								
13.722																									0.88386	0.81797	0.83705	0.77713	0.49258	0.59120	0.49907	0.61616								
13.758																									0.89039	0.82464	0.83763	0.79159	0.48783	0.61602	0.50592	0.62181								
13.794																									0.88088	0.84457	0.85928	0.81490	0.48396	0.60307	0.49807	0.61743								
13.831																									0.87966	0.83332	0.86675	0.79360	0.47841	0.59560	0.49913	0.63109								
13.867																									0.88137	0.83800	0.85163	0.80188	0.48747	0.62060	0.49926	0.63203								
13.903																									0.90550	0.83943	0.84498	0.80846	0.49606	0.62541	0.50339	0.63323								
13.939																									0.89943	0.82944	0.85510	0.78977	0.50182	0.61033	0.49688	0.63045								
13.975																									0.88993	0.83684	0.88150	0.80211	0.50188	0.60728	0.50407	0.64374								
14.011																									0.89364	0.83876	0.85620	0.79121	0.48258	0.61709	0.51202	0.63181								
14.047																									0.89492	0.85965	0.85766	0.79555	0.48300	0.59792	0.51324	0.63386								
14.083																									0.89428	0.86145	0.85330	0.81283	0.49738	0.58404	0.51036	0.62856								
14.119																									0.89787	0.85720	0.84431	0.81133	0.49021	0.60493	0.50952	0.62285								
14.156																									0.89756	0.85463	0.84794	0.79058	0.49846	0.59315	0.51199	0.62301								
14.192																									0.90897	0.85503	0.85242	0.78262	0.49117	0.60131	0.51493	0.62976								
14.228																									0.88821	0.84445	0.84346	0.76807	0.48351	0.59921	0.50532	0.63689								
14.264																									0.89971	0.84338	0.84605	0.76525	0.48970	0.62023	0.51233	0.64181								
14.300																									0.90044	0.87240	0.85672	0.79115	0.49768	0.60037	0.50385	0.61673								
14.336																									0.90740	0.84830	0.85062	0.78607	0.47727	0.60512	0.50320	0.63992								
14.372																									0.89131	0.85494	0.85312	0.78253	0.48765	0.59990	0.50695	0.63250								
14.408																									0.89535	0.84705	0.85102	0.77724	0.48868	0.59079	0.49944	0.60424								
14.444																									0.88315	0.84457	0.84047	0.77054	0.48468	0.59579	0.50226	0.62806								
14.481																									0.88183	0.84928	0.85455	0.79092	0.48717	0.58922	0.50570	0.63796								
14.517																									0.89465	0.84378	0.83315	0.76523	0.48856	0.60854	0.51280	0.62762								
14.553																									0.87015	0.84656	0.85086	0.77782	0.49273	0.60647	0.49832	0.63383								
14.589																									0.90667	0.84216	0.81200	0.78023	0.48285	0.61174	0.50482	0.64478								
14.625																									0.88894	0.85714	0.85178	0.78173	0.48681	0.60257	0.50498	0.64840								
14.661																									0.88566	0.84396	0.82331	0.76853	0.47568	0.60188	0.49616	0.63055								
14.697																									0.91497	0.85206	0.85974	0.78842	0.48336	0.59374	0.50370	0.63351								
14.733																									0.90501	0.85145	0.84870	0.77166	0.48630	0.61743	0.51358	0.61377								
14.769																									0.87184	0.84690	0.81959	0.79394	0.48183	0.61137	0.48812	0.63503								
14.806																									0.88159	0.84320	0.82300	0.79069	0.49651	0.61225	0.51083	0.63345								
14.842																									0.87472	0.84029	0.83199	0.77135	0.47769	0.62293	0.51177	0.62140								
14.878																									0.87444	0.85209	0.84074	0.78405	0.49006	0.62852	0.50248	0.63004								
14.914																									0.85237	0.85638	0.84568	0.78845	0.49525	0.61891	0.49050	0.62017								
14.950																									0.81901	0.85735	0.82538	0.79555	0.49306	0.60622	0.48446	0.63812								
14.986																									0.86325	0.84552	0.82861	0.78405	0.47241	0.61891	0.50676	0.63402								
15.022																									0.84581	0.86356	0.83312	0.80009	0.48216	0.62459	0.50213	0.63844								
15.058																									0.84624	0.84995	0.83145	0.78966	0.50374	0.60986	0.50573	0.63746								
15.094																									0.83931	0.84888	0.83331	0.78351	0.49276	0.62447	0.50192	0.62825								
15.131																									0.84835	0.83506	0.84187	0.80317	0.48240	0.61797	0.50004	0.64926								
15.167																									0.84869	0.84754	0.85019	0.79222	0.48663	0.61061	0.49685	0.61462								
15.203																									0.85461	0.85335	0.84480	0.78587	0.49471	0.60574	0.50639	0.62493								
15.239																									0.86730	0.84032	0.83026	0.78336	0.50257	0.62547	0.50079	0.64594								
15.275																									0.86577	0.83115	0.84705	0.77905	0.49684	0.62145	0.51071	0.64083								
15.311																									0.86417	0.82919	0.84806	0.78975	0.48738	0.61313	0.50576	0.64408								
15.347																									0.87907	0.83476	0.85004	0.81432	0.47823	0.63245	0.49888	0.64642								
15.383																									0.86390	0.83411	0.82949	0.78704	0.48958	0.62814	0.50611	0.64522								
15.419																									0.86724	0.84500	0.83529	0.80613	0.49630	0.59660	0.49704	0.64456								
15.456																									0.87150	0.83833	0.84010	0.79113	0.48982	0.62240	0.52437	0.63689								
15.492																									0.86503	0.83252	0.85586	0.79598	0.49534	0.60838	0.50595	0.64156								
15.528																									0.86129	0.83867	0.83196	0.78443	0.49519	0.62701	0.49944	0.62844								
15.564																									0.86466	0.83687	0.84285	0.79294	0.48759	0.62167	0.50583	0.65686								
15.600																									0.85593	0.82980	0.85754	0.79673	0.50617	0.62262	0.49519	0.65531								
15.636																									0.86218	0.82947	0.84986	0.80599	0.50707	0.63502	0.50583	0.63818								
15.672																									0.85375	0.82485	0.85443	0.79920	0.49813	0.63920	0.51596	0.63922								
15.708																									0.86837	0.83992	0.85254	0.80490	0.50092	0.61508	0.51152	0.63916								
15.744																									0.85556	0.83784	0.83773	0.80306	0.48967	0.61771	0.49688	0.65156								
15.781																									0.87049	0.83124	0.84553	0.81248	0.50086	0.64344	0.51909	0.66544								
15.817																									0.85608	0.83329	0.84657	0.79702	0.50569	0.61718	0.50939	0.64945								
15.853																									0.85228	0.83396	0.85757	0.82283	0.48657	0.63927	0.52872	0.64061								
15.889																									0.85994	0.84528	0.84437	0.78759	0.49813	0.64483	0.51380	0.66008								
15.925																									0.87542	0.85277	0.85858	0.81967	0.49675	0.62412	0.52184	0.64569								
15.961																									0.87665	0.86026	0.86147	0.81979	0.48859	0.64184	0.51327	0.66389								
15.997																									0.87549	0.83054	0.85940	0.81407	0.50188	0.64159	0.50720	0.65594								
16.033																									0.88171	0.83393	0.82736	0.82815	0.50029	0.63512	0.51421	0.64869								
16.069																									0.86773	0.84442	0.85461	0.82214	0.49951	0.63295	0.50576	0.65228								
16.106																									0.87821	0.83619	0.86736	0.81835	0.49873	0.63176	0.51230	0.64569								
16.142																									0.88459	0.85005	0.85617	0.81458	0.50353	0.61756	0.52172	0.64266								
16.178																									0.86969	0.83384	0.87071	0.81001	0.50605	0.64018	0.51239	0.65746								
16.214																									0.88119	0.84769	0.88522	0.80170	0.52418	0.61661	0.51865	0.64260								
16.250																									0.87576	0.84922	0.86016	0.81504	0.50056	0.63226	0.51849	0.64452								
16.286																									0.86488	0.84797	0.86266	0.80921	0.51799	0.64401	0.52056	0.64364								
16.322																									0.85252	0.85601	0.86056	0.81240	0.51244	0.61853	0.51881	0.65008								
16.358																									0.87340	0.85292	0.86934	0.82456	0.50641	0.63986	0.52541	0.64881								
16.394																									0.89048	0.84280	0.85806	0.82355	0.53408	0.64291	0.52616	0.65667								
16.431																									0.88757	0.85644	0.86632	0.82600	0.51223	0.62654	0.51724	0.65011								
16.467																									0.87536	0.86521	0.86757	0.83574	0.52021	0.64574	0.51734	0.64840								
16.503																									0.89023	0.83326	0.88659	0.81237	0.50164	0.64074	0.51167	0.66667								
16.539																									0.87263	0.84794	0.86214	0.81119	0.50998	0.63176	0.52147	0.66411								
16.575																									0.87524	0.83307	0.87702	0.82769	0.50191	0.64860	0.55162	0.66872								
16.611																									0.88628	0.82763	0.88135	0.82608	0.51361	0.65692	0.52447	0.65957								
16.647																									0.87613	0.86601	0.88937	0.83045	0.50758	0.63433	0.51577	0.66837								
16.683																									0.87331	0.85729	0.85458	0.82574	0.52105	0.65648	0.52356	0.66374								
16.719																									0.87932	0.87818	0.86196	0.81961	0.51916	0.63798	0.51011	0.66440								
16.756																									0.89238	0.85313	0.87324	0.81691	0.50812	0.64948	0.53273	0.67418								
16.792																									0.90535	0.85521	0.88001	0.79803	0.52529	0.64577	0.54036	0.68718								
16.828																									0.87530	0.85057	0.88098	0.82237	0.51742	0.65821	0.52719	0.65834								
16.864																									0.88481	0.86986	0.87595	0.83344	0.51661	0.65626	0.54058	0.65648								
16.900																									0.89704	0.86702	0.88233	0.82959	0.53027	0.65567	0.53123	0.67661								
16.936																									0.88382	0.84674	0.87897	0.83761	0.52952	0.66233	0.54346	0.66755								
16.972																									0.89005	0.85787	0.88787	0.83232	0.52448	0.64948	0.53066	0.67295								
17.008																									0.88119	0.87543	0.88748	0.83330	0.52643	0.67414	0.53679	0.68109								
17.044																									0.90145	0.86751	0.87977	0.83793	0.53864	0.65677	0.54214	0.66957								
17.081																									0.88508	0.87894	0.88044	0.84123	0.54848	0.66550	0.53692	0.67986								
17.117																									0.88278	0.85488	0.87784	0.83370	0.52847	0.67106	0.55325	0.66557								
17.153																									0.87877	0.86234	0.87629	0.84089	0.53438	0.66952	0.52797	0.66503								
17.189																									0.89186	0.86497	0.86785	0.84471	0.54881	0.66207	0.54233	0.68068								
17.225																									0.88051	0.86182	0.88351	0.83229	0.55271	0.65620	0.53811	0.68569								
17.261																									0.91059	0.88442	0.88458	0.84422	0.54080	0.66050	0.54730	0.67913								
17.297																									0.91215	0.89331	0.90928	0.85359	0.54521	0.68743	0.52835	0.67768								
17.333																									0.91114	0.88068	0.90300	0.85520	0.54662	0.68740	0.56197	0.66083								
17.369																									0.90633	0.86998	0.89598	0.82985	0.54584	0.66409	0.55015	0.69803								
17.406																									0.90489	0.86417	0.89617	0.84367	0.55088	0.67084	0.53001	0.67339								
17.442																									0.92034	0.88010	0.89882	0.84135	0.54044	0.68583	0.54621	0.70566								
17.478																									0.89244	0.87763	0.89214	0.85302	0.55175	0.67401	0.56460	0.69241								
17.514																									0.91160	0.88475	0.90135	0.85612	0.54521	0.68265	0.54458	0.68033								
17.550																									0.91188	0.89295	0.89187	0.84856	0.54002	0.67332	0.56298	0.69673								
17.586																									0.92034	0.86793	0.89848	0.85690	0.53660	0.66588	0.57189	0.66989								
17.622																									0.91592	0.87258	0.89964	0.83994	0.54746	0.67904	0.55694	0.69216								
17.658																									0.90805	0.89050	0.90818	0.83106	0.56100	0.68532	0.56257	0.68919								
17.694																									0.91669	0.87833	0.89504	0.84554	0.55755	0.68416	0.55331	0.70566								
17.731																									0.91310	0.89481	0.88687	0.85382	0.54059	0.67838	0.55869	0.70389								
17.767																									0.91289	0.87234	0.91488	0.85598	0.55322	0.68114	0.55756	0.70910								
17.803																									0.91007	0.89218	0.91281	0.86365	0.56550	0.67866	0.57971	0.69165								
17.839																									0.91954	0.88393	0.90495	0.86351	0.54554	0.67986	0.57530	0.70998								
17.875																									0.91826	0.90218	0.90498	0.87423	0.55518	0.68868	0.56141	0.70629								
17.911																									0.92203	0.89949	0.91671	0.88082	0.55755	0.68495	0.56294	0.70538								
17.947																									0.92135	0.90460	0.91473	0.86644	0.56085	0.70150	0.56010	0.69967								
17.983																									0.92941	0.89469	0.90501	0.86926	0.56034	0.69902	0.55863	0.71118								
18.019																									0.92230	0.88931	0.91787	0.86066	0.57582	0.69497	0.58181	0.72055								
18.056																									0.91148	0.89967	0.91333	0.86466	0.56154	0.70876	0.55415	0.71771								
18.092																									0.92672	0.88637	0.92735	0.87196	0.54068	0.71002	0.57070	0.70916								
18.128																									0.94655	0.89496	0.89729	0.87673	0.58446	0.69993	0.56482	0.70673								
18.164																									0.92941	0.91466	0.91330	0.87346	0.56583	0.70273	0.58090	0.71689								
18.200																									0.92055	0.91233	0.90053	0.89976	0.57387	0.71297	0.57577	0.71408								
18.236																									0.92687	0.89402	0.92711	0.88550	0.56013	0.70405	0.57499	0.72254								
18.272																									0.93279	0.90989	0.94189	0.85839	0.56988	0.69415	0.58919	0.70061								
18.308																									0.92840	0.88946	0.91370	0.86452	0.56574	0.71655	0.57690	0.70541								
18.344																									0.93880	0.89111	0.91751	0.88248	0.57120	0.69374	0.58956	0.71330								
18.381																									0.91307	0.90050	0.90412	0.89194	0.57318	0.70207	0.57396	0.71692								
18.417																									0.92246	0.91539	0.92043	0.88703	0.56508	0.70763	0.58009	0.71434								
18.453																									0.92620	0.91068	0.91745	0.86949	0.57543	0.70345	0.57930	0.71434								
18.489																									0.93377	0.90824	0.93305	0.87728	0.58635	0.71756	0.58512	0.72115								
18.525																									0.93300	0.92028	0.91546	0.87806	0.58206	0.71881	0.58178	0.71459								
18.561																									0.94922	0.91297	0.92345	0.87883	0.56619	0.69575	0.58193	0.71235								
18.597																									0.92261	0.93016	0.92299	0.86449	0.58698	0.70801	0.57893	0.70923								
18.633																									0.93913	0.92083	0.92074	0.87886	0.57189	0.71834	0.57708	0.72254								
18.669																									0.92751	0.91197	0.92272	0.88507	0.57558	0.72752	0.58509	0.72762								
18.706																									0.94232	0.90350	0.91443	0.88335	0.59488	0.71137	0.59663	0.74793								
18.742																									0.91994	0.90909	0.91531	0.88300	0.57306	0.71740	0.57486	0.72210								
18.778																									0.95173	0.90506	0.91921	0.88461	0.57420	0.71536	0.58475	0.71885								
18.814																									0.95247	0.91961	0.91988	0.89507	0.56274	0.70688	0.59150	0.72875								
18.850																									0.95716	0.92719	0.93104	0.89027	0.57429	0.72038	0.59851	0.73058								
18.886																									0.93892	0.91487	0.93223	0.87987	0.58458	0.72711	0.60993	0.72762								
18.922																									0.93552	0.91469	0.94946	0.90416	0.58909	0.71765	0.59748	0.72077								
18.958																									0.93717	0.92918	0.93171	0.89073	0.59452	0.71828	0.59463	0.72077								
18.994																									0.93346	0.92450	0.93418	0.86684	0.58188	0.72821	0.59926	0.74787								
19.031																									0.95508	0.90784	0.92159	0.89910	0.59314	0.74841	0.57918	0.73591								
19.067																									0.93653	0.91698	0.92324	0.88254	0.59218	0.73195	0.59926	0.73626								
19.103																									0.93263	0.91952	0.92562	0.89804	0.58056	0.71938	0.60486	0.74557								
19.139																									0.93683	0.92787	0.93693	0.89936	0.60889	0.72425	0.60236	0.75270								
19.175																									0.93527	0.91961	0.95738	0.90025	0.58518	0.71369	0.59085	0.72431								
19.211																									0.95661	0.91692	0.92656	0.89392	0.59554	0.71306	0.60758	0.72916								
19.247																									0.95557	0.93147	0.93720	0.89827	0.59548	0.73198	0.60571	0.72084								
19.283																									0.93959	0.92518	0.93220	0.88544	0.59311	0.72579	0.60708	0.74355								
19.319																									0.94156	0.91129	0.93031	0.90830	0.59488	0.75743	0.61862	0.73238								
19.356																									0.96345	0.93288	0.94766	0.90594	0.59062	0.73785	0.61012	0.74172								
19.392																									0.95063	0.92747	0.94811	0.89861	0.60880	0.72855	0.61878	0.73276								
19.428																									0.95964	0.92652	0.95028	0.90591	0.61096	0.72711	0.61190	0.74980								
19.464																									0.94845	0.93731	0.94949	0.89631	0.60169	0.74781	0.62125	0.75970								
19.500																									0.96075	0.93068	0.93568	0.92373	0.58686	0.74907	0.61174	0.75696								
19.536																									0.94312	0.91172	0.95339	0.92161	0.61066	0.75114	0.61703	0.73677								
19.572																									0.94119	0.92719	0.93946	0.92184	0.59053	0.73399	0.60004	0.72358								
19.608																									0.94867	0.93404	0.94760	0.91293	0.60484	0.74040	0.60736	0.75573								
19.644																									0.93686	0.93282	0.94293	0.91643	0.59833	0.77439	0.63326	0.74831								
19.681																									0.95272	0.93270	0.95116	0.91249	0.62177	0.73653	0.62153	0.75399								
19.717																									0.95922	0.94208	0.94979	0.92118	0.60400	0.74272	0.63301	0.75629								
19.753																									0.94842	0.93594	0.94250	0.91091	0.62486	0.74781	0.63129	0.75850								
19.789																									0.95569	0.93423	0.93732	0.90554	0.61456	0.74662	0.61293	0.75566								
19.825																									0.95606	0.91964	0.92866	0.90643	0.61453	0.73795	0.61791	0.74692								
19.861																									0.96568	0.94319	0.94830	0.93512	0.61219	0.76013	0.62666	0.75920								
19.897																									0.96247	0.91842	0.95595	0.91238	0.62249	0.75736	0.62657	0.76172								
19.933																									0.95118	0.95248	0.97003	0.93207	0.60769	0.75309	0.62510	0.74506								
19.969																									0.97295	0.96006	0.94037	0.91960	0.61510	0.75975	0.63699	0.74450								
20.006																									0.93938	0.95215	0.95013	0.90864	0.62504	0.75805	0.64021	0.75929								
20.042																									0.96339	0.94640	0.93885	0.92733	0.61720	0.77122	0.62128	0.75405								
20.078																									0.95719	0.91683	0.93308	0.89346	0.61105	0.74360	0.62923	0.76891								
20.114																									0.96204	0.94869	0.96174	0.92000	0.61381	0.75054	0.63417	0.76986								
20.150																									0.95336	0.95288	0.93754	0.92319	0.61210	0.75328	0.63539	0.74055								
20.186																									0.96339	0.93683	0.95958	0.92747	0.62501	0.74533	0.64534	0.75200								
20.222																									0.95569	0.94994	0.95147	0.91218	0.61897	0.76531	0.63633	0.75509								
20.258																									0.95314	0.95826	0.97122	0.92333	0.63917	0.76248	0.64302	0.76355								
20.294																									0.95051	0.93172	0.95711	0.91589	0.62339	0.74753	0.63489	0.76967								
20.331																									0.96427	0.97055	0.94189	0.91048	0.62558	0.76283	0.64146	0.74929								
20.367																									0.96066	0.94334	0.96470	0.91842	0.63677	0.75623	0.62616	0.77301								
20.403																									0.96722	0.96126	0.97464	0.93089	0.61480	0.75501	0.65413	0.74670								
20.439																									0.95618	0.94465	0.95836	0.91005	0.62264	0.76167	0.66079	0.76481								
20.475																									0.96602	0.95104	0.97028	0.91833	0.63386	0.76660	0.63902	0.78128								
20.511																									0.96093	0.95783	0.96680	0.92831	0.63854	0.77546	0.63511	0.77409								
20.547																									0.96731	0.95872	0.96747	0.93460	0.63971	0.78341	0.64215	0.77181								
20.583																									0.95900	0.94031	0.96363	0.92026	0.63617	0.77810	0.64609	0.76910								
20.619																									0.97663	0.96435	0.95153	0.93696	0.63815	0.77002	0.63373	0.75882								
20.656																									0.98371	0.94545	0.96759	0.94699	0.62966	0.77703	0.65063	0.78314								
20.692																									0.97491	0.95159	0.93629	0.93256	0.62339	0.77288	0.67305	0.77421								
20.728																									0.95931	0.93894	0.95781	0.93121	0.63683	0.77992	0.64481	0.77074								
20.764																									0.98656	0.94774	0.95235	0.93702	0.65207	0.77646	0.64878	0.77380								
20.800																									0.96243	0.94046	0.96720	0.93799	0.63530	0.75557	0.64800	0.78866								
20.836																									0.97556	0.93355	0.96095	0.96812	0.64295	0.77467	0.65985	0.76677								
20.872																									0.98319	0.96077	0.96162	0.93075	0.63629	0.77678	0.65163	0.75453								
20.908																									0.96912	0.96529	0.97701	0.95530	0.64709	0.75705	0.65256	0.78390								
20.944																									0.99076	0.94575	0.97354	0.92586	0.64628	0.79560	0.64587	0.76907								
20.981																									0.96887	0.95603	0.97436	0.95398	0.65360	0.76792	0.66605	0.77655								
21.017																									0.96737	0.94095	0.95217	0.93903	0.63851	0.76186	0.65438	0.77260								
21.053																									0.98721	0.94783	0.95717	0.93285	0.62669	0.77747	0.64853	0.77065								
21.089																									0.98534	0.96447	0.96287	0.95516	0.64763	0.77734	0.63880	0.79049								
21.125																									0.99499	0.96630	0.97342	0.94144	0.64817	0.79494	0.66107	0.78437								
21.161																									0.95925	0.96970	0.97503	0.93837	0.64010	0.79054	0.67080	0.78967								
21.197																									0.98914	0.95043	0.97522	0.89967	0.65150	0.77090	0.67312	0.77834								
21.233																									0.95897	0.95866	0.97659	0.94291	0.65613	0.78815	0.66630	0.79794								
21.269																									0.98049	0.95187	0.97095	0.93006	0.65868	0.79579	0.66914	0.77172								
21.306																									0.95468	0.97324	0.97796	0.94846	0.65799	0.78683	0.65141	0.77636								
21.342																									0.98475	0.94557	0.97317	0.93382	0.65252	0.79673	0.66154	0.76771								
21.378																									0.97412	0.96526	0.96894	0.94662	0.65099	0.78466	0.67421	0.77011								
21.414																									0.98034	0.95355	0.97561	0.93975	0.67200	0.78136	0.65228	0.78134								
21.450																									0.97313	0.94453	0.97241	0.93739	0.65078	0.77895	0.64778	0.78544								
21.486																									0.98276	0.96089	0.97491	0.93934	0.64865	0.78426	0.66110	0.80592								
21.522																									0.98917	0.95166	0.98323	0.94305	0.66261	0.80499	0.68241	0.78693								
21.558																									0.96906	0.97068	0.98082	0.93115	0.66195	0.77521	0.66242	0.79715								
21.594																									0.99079	0.96068	0.97464	0.93558	0.68295	0.77093	0.66789	0.78327								
21.631																									0.98123	0.97364	0.97461	0.95524	0.65652	0.80735	0.66089	0.77913								
21.667																									0.99086	0.98037	0.96982	0.94164	0.65063	0.77932	0.67149	0.78976								
21.703																									0.96412	0.95013	0.97134	0.94745	0.67287	0.77370	0.68591	0.78323								
21.739																									0.98837	0.96621	0.96750	0.96821	0.66180	0.79032	0.68006	0.79131								
21.775																									0.98043	0.97349	0.97863	0.95754	0.68082	0.77194	0.67481	0.79462								
21.811																									0.99098	0.95606	0.97842	0.94616	0.66852	0.78501	0.65804	0.79128								
21.847																									1.0059	0.97731	0.98433	0.94831	0.66060	0.80282	0.68866	0.80036								
21.883																									0.98092	0.96915	0.97302	0.94348	0.67257	0.78733	0.68466	0.81595								
21.919																									0.97807	0.96077	0.96942	0.93802	0.66441	0.81366	0.69874	0.79680								
21.956																									0.99748	0.94991	0.95394	0.94642	0.67821	0.79560	0.68679	0.79620								
21.992																									0.99205	0.98019	0.98159	0.97910	0.66990	0.79070	0.70236	0.78910								
22.028																									0.98574	0.98541	0.97628	0.95826	0.66870	0.79541	0.69417	0.81134								
22.064																									0.97740	0.98178	0.96921	0.96243	0.69907	0.79440	0.67793	0.79424								
22.100																									0.98341	0.97214	0.98595	0.93411	0.66555	0.80348	0.70959	0.79418								
22.136																									0.99358	0.97490	0.98765	0.94009	0.67920	0.79450	0.68835	0.80447								
22.172																									0.97507	0.98694	0.97034	0.95731	0.67854	0.80144	0.67640	0.80071								
22.208																									0.98822	0.96214	0.98125	0.95435	0.67494	0.79465	0.68660	0.81018								
22.244																									0.99751	0.95685	0.97445	0.97102	0.68751	0.81068	0.69364	0.80547								
22.281																									0.97899	0.96401	0.99375	0.96780	0.68685	0.79035	0.69986	0.78686								
22.317																									0.97939	0.97260	0.95967	0.96651	0.68076	0.80543	0.68697	0.81147								
22.353																									0.96020	0.95551	0.97677	0.96065	0.68370	0.81052	0.68275	0.81589								
22.389																									0.97062	0.95725	0.97528	0.96798	0.69355	0.82180	0.70202	0.80929								
22.425																									0.97421	0.96581	0.97933	0.96878	0.67404	0.82277	0.69614	0.79626								
22.461																									0.97209	0.97279	0.98521	0.95343	0.70000	0.80245	0.70659	0.82702								
22.497																									0.99527	0.97132	0.98107	0.95633	0.67749	0.81074	0.69648	0.81677								
22.533																									0.99383	0.96811	0.96830	0.97062	0.69139	0.79934	0.69892	0.80538								
22.569																									0.98276	0.98982	0.99009	0.96516	0.68013	0.83075	0.70850	0.80775								
22.606																									1.0001	0.97541	0.98201	0.96961	0.71179	0.78799	0.69739	0.82923								
22.642																									0.99018	0.97532	0.99076	0.95409	0.69076	0.82494	0.72292	0.80062								
22.678																									0.98429	0.99682	0.97890	0.95268	0.69394	0.81036	0.69157	0.80730								
22.714																									0.98356	0.97538	0.99582	0.95628	0.70363	0.80047	0.69167	0.81727								
22.750																									1.0066	0.96655	0.96564	0.95326	0.68899	0.81445	0.70615	0.82434								
22.786																									1.0018	0.98000	0.98710	0.97157	0.70126	0.81159	0.69689	0.82201								
22.822																									0.98362	0.98281	0.97397	0.96536	0.68875	0.83462	0.71400	0.83169								
22.858																									1.0146	0.97538	1.0019	0.96343	0.69064	0.82818	0.71234	0.82380								
22.894																									1.0155	0.97511	0.99921	0.95944	0.70021	0.82481	0.71272	0.82652								
22.931																									0.99211	0.98887	0.98820	0.96542	0.69733	0.81633	0.72582	0.83134								
22.967																									1.0230	0.95584	0.97811	0.96226	0.70411	0.81809	0.71172	0.80642								
23.003																									0.98485	0.98349	0.99085	0.97442	0.69247	0.79811	0.69179	0.81027								
23.039																									1.0116	0.97068	1.0036	0.97812	0.68160	0.82249	0.72826	0.84005								
23.075																									0.98843	0.98168	0.97845	0.96861	0.70996	0.82136	0.70903	0.80749								
23.111																									0.98595	0.95285	1.0039	0.95694	0.68962	0.81344	0.71901	0.83693								
23.147																									1.0088	0.98994	0.98430	0.94179	0.69427	0.81388	0.69717	0.81901								
23.183																									1.0030	0.99138	0.99802	0.97689	0.68712	0.81910	0.73177	0.83901								
23.219																									0.98583	0.97236	0.99506	0.96990	0.69139	0.83151	0.74297	0.81298								
23.256																									0.99328	0.98887	0.98909	0.96447	0.71482	0.83886	0.70724	0.82286								
23.292																									1.0237	0.98905	1.0003	0.97447	0.70897	0.83163	0.72079	0.82175								
23.328																									1.0180	0.97743	0.99284	0.97295	0.69847	0.80078	0.70943	0.84440								
23.364																									0.99450	1.0005	0.98223	0.98054	0.71392	0.82111	0.71466	0.82295								
23.400																									1.0011	0.96236	0.99162	0.96456	0.70543	0.82959	0.73862	0.80412								
23.436																									0.98788	0.96814	0.98451	0.94808	0.70534	0.82343	0.72786	0.81103								
23.472																									1.0015	0.96181	1.0066	0.97352	0.71686	0.80791	0.73796	0.82866								
23.508																									1.0174	1.0110	0.99101	0.96530	0.69787	0.82730	0.72489	0.82510								
23.544																									0.99012	0.98404	0.97244	0.94757	0.70501	0.85108	0.72210	0.84532								
23.581																									0.98494	0.97404	0.99997	0.98557	0.70615	0.82664	0.72536	0.84216								
23.617																									1.0265	0.98037	0.99695	0.97672	0.70285	0.84712	0.73768	0.83582								
23.653																									0.97191	0.99083	1.0081	0.95728	0.70882	0.83832	0.73777	0.83525								
23.689																									0.99518	0.96875	0.97945	0.97738	0.72218	0.83722	0.73827	0.85052								
23.725																									1.0027	0.98826	1.0048	0.97715	0.70489	0.81608	0.72970	0.82734								
23.761																									1.0031	0.98156	0.97482	0.97887	0.72644	0.84602	0.71901	0.83185								
23.797																									1.0198	1.0004	1.0062	0.96556	0.72761	0.83814	0.72292	0.83888								
23.833																									1.0112	0.98673	1.0003	0.95889	0.73736	0.84552	0.71710	0.84630								
23.869																									1.0172	0.95450	0.99927	0.96139	0.72830	0.84040	0.73239	0.85251								
23.906																									1.0069	0.99621	1.0134	0.97617	0.72380	0.84508	0.75338	0.83368								
23.942																									1.0178	0.99257	1.0066	0.97508	0.71008	0.83895	0.72345	0.83781								
23.978																									0.99386	0.98517	0.97857	0.98982	0.71146	0.83993	0.73465	0.84090								
24.014																									1.0047	0.99263	0.98799	0.98522	0.72602	0.84571	0.74284	0.84560								
24.050																									0.99640	0.98618	0.99107	0.96205	0.73037	0.83396	0.73878	0.84661								
24.086																									1.0048	0.98973	0.98915	0.94417	0.72746	0.85098	0.72945	0.85434								
24.122																									1.0202	1.0092	0.98573	0.97163	0.73367	0.82752	0.72933	0.84822								
24.158																									0.99098	0.98685	0.97747	0.97982	0.73196	0.85576	0.73308	0.84737								
24.194																									1.0113	0.99988	0.98421	0.96780	0.72602	0.84828	0.71926	0.85447								
24.231																									1.0010	0.99281	0.98134	0.96441	0.73019	0.84473	0.72952	0.83393								
24.267																									0.99312	0.98098	0.99531	0.98637	0.72809	0.86528	0.73946	0.82920								
24.303																									0.98466	0.96052	0.99811	0.97528	0.71959	0.85805	0.75923	0.85024								
24.339																									1.0171	0.96927	1.0015	0.98669	0.74084	0.86930	0.72651	0.83917								
24.375																									1.0167	0.98752	0.99534	0.97298	0.73637	0.84841	0.74907	0.85431								
24.411																									0.99263	0.98593	0.99095	0.96703	0.72665	0.86336	0.74131	0.84914								
24.447																									0.99732	0.97138	0.98714	0.96378	0.73670	0.85419	0.74647	0.84636								
24.483																									0.99294	0.98933	0.98808	0.98911	0.74954	0.83455	0.73824	0.87292								
24.519																									0.98908	0.97859	1.0029	0.97473	0.72749	0.85230	0.75026	0.86106								
24.556																									0.98414	1.0015	1.0005	0.99888	0.72737	0.86861	0.74456	0.86166								
24.592																									0.99886	1.0008	1.0048	0.99227	0.73037	0.85208	0.73909	0.84589								
24.628																									1.0179	0.97523	0.98659	0.99120	0.74468	0.83867	0.74706	0.84888								
24.664																									0.99266	1.0098	0.99128	0.98735	0.73754	0.86069	0.73674	0.85951								
24.700																									0.99677	0.99300	0.99329	0.97145	0.75945	0.85966	0.75573	0.83743								
24.736																									1.0149	0.98355	0.99811	0.96743	0.75477	0.86720	0.74857	0.82860								
24.772																									0.97154	1.0133	0.98296	0.97901	0.74090	0.84875	0.75845	0.86977								
24.808																									1.0007	1.0002	0.98842	0.97818	0.74690	0.85073	0.73884	0.87604								
24.844																									1.0117	0.98447	0.97683	0.97393	0.77454	0.85673	0.74538	0.86428								
24.881																									1.0011	0.98468	0.99759	0.99376	0.75080	0.85950	0.75579	0.86450								
24.917																									1.0047	0.98716	0.97939	0.99152	0.75828	0.85645	0.75848	0.84169								
24.953																									1.0041	1.0042	1.0001	0.97792	0.73523	0.86123	0.76830	0.88015								
24.989																									0.99938	1.0039	0.98628	0.98025	0.75480	0.88193	0.74910	0.83932								
25.025																									1.0116	0.97933	0.97796	0.96933	0.75350	0.86751	0.74975	0.86645								
25.061																									1.0112	0.98266	0.99902	0.98620	0.73304	0.86330	0.75163	0.86920								
25.097																									0.98978	0.99208	1.0191	0.98508	0.74825	0.85771	0.74910	0.85062								
25.133																									0.99015	0.98578	0.97704	0.97516	0.76473	0.85011	0.77187	0.84582								
25.169																									0.98837	0.99706	1.0017	0.98568	0.76353	0.87156	0.75589	0.84891								
25.206																									1.0046	1.0025	1.0021	1.0018	0.74468	0.85268	0.75645	0.84043								
25.242																									1.0185	0.98355	1.0011	0.97795	0.75323	0.87313	0.76202	0.87314								
25.278																									0.97718	1.0024	0.99869	0.98301	0.76548	0.87068	0.76977	0.87283								
25.314																									1.0100	0.99676	0.99082	0.97485	0.75606	0.87260	0.75842	0.87406								
25.350																									0.99690	0.98422	0.97339	0.99278	0.75080	0.88385	0.75898	0.87434								
25.386																									1.0050	0.99021	0.97924	0.99526	0.75639	0.88306	0.77769	0.88160								
25.422																									0.99956	1.0020	0.99092	0.97033	0.75666	0.87430	0.75407	0.86431								
25.458																									0.99312	0.99046	0.97046	0.98382	0.76773	0.86239	0.77250	0.86119								
25.494																									1.0161	0.99930	0.98375	0.98563	0.76362	0.86000	0.76608	0.85803								
25.531																									1.0030	0.98911	0.98354	0.99764	0.75579	0.87700	0.76468	0.85850								
25.567																									1.0026	0.99905	0.97009	0.99408	0.76503	0.85636	0.77275	0.86608								
25.603																									1.0077	0.98963	0.97659	0.99319	0.77190	0.86867	0.76149	0.87627								
25.639																									1.0013	0.99743	0.98686	0.96283	0.77124	0.90527	0.76893	0.85197								
25.675																									0.99751	0.99483	0.98677	0.99756	0.76116	0.86248	0.77810	0.87803								
25.711																									0.98549	0.99975	0.98927	0.98902	0.77160	0.87436	0.77788	0.87699								
25.747																									1.0084	1.0210	0.98805	0.98057	0.76635	0.88237	0.77675	0.87838								
25.783																									0.98117	0.99529	0.99704	0.97631	0.77643	0.88196	0.77306	0.88179								
25.819																									0.98534	1.0039	0.98448	0.98646	0.76929	0.87706	0.79208	0.89131								
25.856																									0.98203	0.98832	0.99552	0.98643	0.76980	0.87681	0.77691	0.89595								
25.892																									1.0075	0.97902	0.99168	0.99730	0.77871	0.87386	0.76658	0.86071								
25.928																									1.0093	0.96957	0.99244	0.99759	0.79075	0.86808	0.77753	0.85450								
25.964																									1.0049	0.99514	0.97586	1.0003	0.79570	0.88055	0.76299	0.87144								
26.000																									0.99757	0.99330	1.0009	0.98520	0.77508	0.87979	0.76386	0.89305								
26.036																									0.99432	0.99526	0.99354	0.99776	0.76623	0.87486	0.75923	0.87264								
26.072																									0.99086	0.98624	0.98506	0.98686	0.78069	0.88740	0.78638	0.87529								
26.108																									1.0119	0.99844	0.98525	0.98821	0.78672	0.88382	0.76646	0.87103								
26.144																									1.0196	0.99141	0.99686	0.98307	0.78309	0.87266	0.77587	0.90254								
26.181																									1.0128	1.0005	0.99482	0.98870	0.77718	0.87562	0.76339	0.88548								
26.217																									0.99837	1.0101	1.0039	0.99836	0.77325	0.88639	0.79905	0.87481								
26.253																									1.0058	0.98746	0.99994	0.98773	0.78543	0.89114	0.78729	0.87929								
26.289																									0.99729	1.0046	0.99085	1.0203	0.79147	0.88344	0.77547	0.87869								
26.325																									0.99257	1.0231	0.99793	0.99738	0.78705	0.88485	0.77806	0.87907								
26.361																									0.99202	1.0159	0.99052	1.0103	0.79063	0.88077	0.77653	0.86844								
26.397																									1.0037	1.0028	0.98537	0.99488	0.78144	0.89478	0.77212	0.87223								
26.433																									1.0017	0.96954	0.99652	0.98951	0.78297	0.89714	0.80224	0.89226								
26.469																									0.99282	0.99529	0.98439	0.99963	0.78672	0.89088	0.80077	0.86462								
26.506																									0.98322	0.97052	0.97640	0.99465	0.78922	0.88444	0.78191	0.90469								
26.542																									1.0015	0.98890	0.98494	0.99879	0.79204	0.88416	0.78025	0.86832								
26.578																									1.0148	0.99541	0.99433	1.0049	0.78111	0.88627	0.79865	0.88456								
26.614																									1.0054	0.98670	0.96918	0.99874	0.79957	0.88944	0.78907	0.88794								
26.650																									1.0094	1.0027	0.99619	0.99894	0.78753	0.88579	0.78667	0.88371								
26.686																									0.99736	0.99859	0.98817	0.98088	0.80134	0.87018	0.79793	0.88964								
26.722																									1.0226	1.0112	1.0039	0.98183	0.79237	0.87920	0.78288	0.89030								
26.758																									1.0087	0.98297	0.99738	0.99353	0.79786	0.90138	0.78870	0.89267								
26.794																									0.99545	1.0091	0.99098	0.97924	0.79945	0.88328	0.79633	0.86223								
26.831																									1.0036	0.99064	1.0039	1.0104	0.80725	0.88702	0.79796	0.88223								
26.867																									0.99644	0.97783	0.99067	0.99874	0.79837	0.90022	0.80443	0.89365								
26.903																									1.0034	0.98878	0.98774	0.98704	0.79891	0.87606	0.79342	0.89024								
26.939																									0.99046	0.98202	1.0108	0.99230	0.79588	0.90169	0.80359	0.88049								
26.975																									1.0221	1.0201	0.99226	1.0071	0.80167	0.88661	0.79821	0.90504								
27.011																									1.0059	0.99333	0.99646	0.97252	0.79165	0.88133	0.78554	0.88387								
27.047																									0.97025	0.98566	1.0067	1.0160	0.79465	0.89252	0.78388	0.88649								
27.083																									1.0065	0.99495	0.96881	0.98361	0.80134	0.87800	0.80863	0.88611								
27.119																									1.0169	1.0130	0.99930	0.99943	0.80968	0.91404	0.80027	0.89608								
27.156																									0.99631	0.99073	1.0024	0.98514	0.79735	0.90728	0.79952	0.86343								
27.192																									1.0074	1.0012	0.99406	0.96749	0.80113	0.90273	0.80168	0.88791								
27.228																									1.0233	1.0008	1.0186	0.97982	0.80431	0.90380	0.79414	0.86926								
27.264																									1.0010	1.0056	0.99482	0.99733	0.79918	0.90245	0.80081	0.88377								
27.300																									1.0082	0.99177	1.0044	1.0095	0.81871	0.89123	0.79483	0.90075								
27.336																									0.99380	0.96844	1.0018	1.0106	0.81124	0.89525	0.79927	0.87235								
27.372																									1.0027	1.0152	0.98601	1.0199	0.79993	0.89384	0.80834	0.88598								
27.408																									1.0205	0.98352	1.0014	0.98824	0.78699	0.89924	0.80794	0.89680								
27.444																									1.0051	1.0068	0.99314	1.0192	0.81280	0.91561	0.78789	0.87828								
27.481																									1.0106	0.98578	1.0136	0.98315	0.81265	0.89717	0.81707	0.89456								
27.517																									1.0095	1.0126	0.98906	0.99825	0.81499	0.89714	0.81291	0.90144								
27.553																									1.0176	1.0048	1.0338	0.98019	0.80947	0.91938	0.81798	0.89898								
27.589																									0.98935	1.0046	1.0039	0.98971	0.81763	0.90735	0.81814	0.89403								
27.625																									0.98761	0.99422	0.99668	0.98652	0.82244	0.90282	0.81582	0.87977								
27.661																									1.0057	1.0098	1.0072	0.98913	0.82604	0.90182	0.82176	0.89835								
27.697																									1.0079	1.0200	0.99570	1.0034	0.79906	0.89519	0.81910	0.88929								
27.733																									1.0004	0.99489	1.0136	1.0009	0.79594	0.88815	0.81954	0.90179								
27.769																									1.0028	1.0039	0.98781	0.99968	0.80026	0.90364	0.80975	0.91665								
27.806																									0.98451	1.0067	1.0137	0.99465	0.79327	0.91954	0.79871	0.89970								
27.842																									1.0006	1.0043	1.0089	1.0005	0.80188	0.89377	0.80731	0.90201								
27.878																									1.0005	1.0005	1.0082	0.99468	0.80686	0.90556	0.82764	0.91822								
27.914																									0.99647	0.98398	1.0246	0.99416	0.82172	0.90939	0.80712	0.88175								
27.950																									0.99073	0.99994	0.99479	1.0136	0.79957	0.90637	0.80700	0.88851								
27.986																									1.0099	0.98343	0.99314	0.99074	0.81226	0.90392	0.82430	0.90346								
28.022																									0.99671	1.0146	1.0038	0.98758	0.83693	0.89299	0.82032	0.89592								
28.058																									0.99806	0.99957	0.99784	0.99322	0.82211	0.91036	0.81319	0.90494								
28.094																									0.98518	0.99927	1.0041	1.0045	0.80473	0.90791	0.81344	0.92336								
28.131																									0.99276	1.0145	1.0090	1.0022	0.81316	0.89726	0.81729	0.89942								
28.167																									0.99555	1.0112	1.0098	1.0022	0.81028	0.88994	0.81169	0.92542								
28.203																									1.0096	1.0168	0.99436	0.97916	0.81760	0.91030	0.83062	0.89813								
28.239																									0.99969	0.98991	1.0036	1.0020	0.80821	0.89582	0.80087	0.91554								
28.275																									0.99659	1.0007	0.98162	0.99143	0.81625	0.89726	0.83787	0.90112								
28.311																									0.99788	0.99165	0.99677	1.0203	0.82220	0.91495	0.82308	0.90182								
28.347																									1.0068	1.0064	0.99207	0.98830	0.82766	0.89937	0.83052	0.89993								
28.383																									1.0082	0.99670	1.0246	1.0029	0.82505	0.90521	0.81651	0.91179								
28.419																									1.0017	0.99957	0.99796	0.99868	0.83147	0.90125	0.83790	0.89892								
28.456																									1.0035	1.0016	0.98604	1.0004	0.83435	0.90204	0.83769	0.89589								
28.492																									1.0127	0.99425	0.98744	0.98272	0.82514	0.91328	0.81670	0.92560								
28.528																									1.0024	1.0082	0.98744	1.0006	0.84086	0.89626	0.81951	0.88630								
28.564																									0.99055	0.99190	0.99351	1.0013	0.82490	0.89629	0.82886	0.92687								
28.600																									1.0020	1.0035	0.99537	1.0032	0.83090	0.92290	0.81776	0.90027								
28.636																									1.0026	1.0020	0.99604	1.0075	0.81583	0.93217	0.84141	0.91945								
28.672																									0.99043	1.0068	0.99936	1.0011	0.85986	0.91608	0.82671	0.91053								
28.708																									0.98800	1.0174	1.0130	1.0203	0.82625	0.91363	0.84632	0.90784								
28.744																									0.98426	0.99752	0.98296	0.97968	0.83279	0.90992	0.82983	0.91535								
28.781																									0.98745	0.99914	1.0063	1.0097	0.84347	0.92130	0.82752	0.90239								
28.817																									1.0046	1.0081	0.99518	1.0175	0.81952	0.89912	0.83127	0.91674								
28.853																									0.98895	0.99734	1.0091	0.99865	0.83840	0.91005	0.85211	0.89876								
28.889																									1.0102	1.0051	1.0031	1.0130	0.82148	0.90565	0.81679	0.91422								
28.925																									0.98911	1.0042	1.0004	1.0066	0.83486	0.91966	0.84688	0.90235								
28.961																									0.99472	1.0113	1.0071	1.0027	0.81736	0.92758	0.82148	0.91983								
28.997																									1.0041	1.0035	1.0070	1.0078	0.83975	0.90845	0.84213	0.92759								
29.033																									1.0090	1.0070	0.99482	1.0088	0.82712	0.93980	0.83672	0.90999								
29.069																									0.98178	0.99128	0.97765	0.99319	0.84719	0.92711	0.82220	0.92198								
29.106																									1.0031	0.98914	0.97729	0.98505	0.84065	0.89915	0.84948	0.93813								
29.142																									0.98362	0.99446	0.99811	0.99350	0.83585	0.92541	0.85082	0.90677								
29.178																									0.98994	1.0081	1.0069	1.0079	0.82733	0.90640	0.82392	0.92390								
29.214																									0.99125	0.98869	0.98247	1.0136	0.83183	0.91153	0.82727	0.91570								
29.250																									0.99745	1.0084	1.0185	1.0033	0.84566	0.90744	0.85573	0.92176								
29.286																										0.99263	1.0026	0.99799	0.83486	0.92104	0.84879	0.91851								
29.322																										0.99847	0.98726	1.0118	0.81589	0.90172	0.84801	0.90690								
29.358																										0.99364	0.99784	1.0111	0.81961	0.93148	0.85095	0.91141								
29.394																										1.0067	1.0081	0.99991	0.85232	0.92328	0.85326	0.92545								
29.431																										0.98040	1.0172	0.99733	0.84791	0.92287	0.85176	0.93639								
29.467																										0.99358	0.99625	1.0014	0.82721	0.91897	0.84316	0.92456								
29.503																										1.0050	0.99625	0.99552	0.82622	0.90995	0.86593	0.90330								
29.539																										0.98022	0.97982	1.0027	0.82493	0.91486	0.84338	0.91775								
29.575																										1.0165	1.0012	1.0163	0.84581	0.93421	0.85661	0.89917								
29.611																										1.0037	0.99881	0.99425	0.82967	0.93273	0.85311	0.93116								
29.647																										1.0011	1.0211	0.98916	0.82547	0.91768	0.85098	0.94232								
29.683																										1.0049	0.98976	0.99135	0.82529	0.92648	0.85833	0.92056								
29.719																										1.0045	1.0204	1.0084	0.86184	0.91033	0.85057	0.92841								
29.756																										0.98523	1.0116	0.99396	0.84044	0.91508	0.86603	0.91321								
29.792																										0.99520	1.0189	0.98793	0.86517	0.94794	0.85498	0.93087								
29.828																										0.99746	1.0121	1.0057	0.84926	0.91947	0.85489	0.93983								
29.864																										1.0082	0.99335	1.0104	0.82955	0.93248	0.86503	0.91049								
29.900																										1.0084	0.99418	0.99537	0.86052	0.91932	0.84867	0.91545								
29.936																										0.98113	0.98832	0.98600	0.83618	0.93967	0.86903	0.92210								
29.972																										1.0082	0.98994	0.99799	0.85097	0.92868	0.86412	0.93024								
30.008																										1.0054	0.99933	1.0015	0.84506	0.92196	0.84573	0.92548								
30.044																										1.0052	1.0170	0.99031	0.87414	0.92563	0.84973	0.92318								
30.081																										1.0057	0.99085	0.99618	0.83102	0.92318	0.86352	0.92330								
30.117																										1.0011	1.0165	1.0027	0.85566	0.91649	0.85652	0.93472								
30.153																										1.0071	1.0066	1.0027	0.84182	0.92943	0.85201	0.93800								
30.189																										0.99083	0.99720	0.99557	0.83783	0.92148	0.86790	0.92715								
30.225																										0.98581	1.0043	0.98545	0.86565	0.92453	0.86740	0.92907								
30.261																										0.99015	1.0216	1.0034	0.85403	0.93600	0.85943	0.93157								
30.297																										1.0123	0.99960	0.99025	0.85554	0.93459	0.84300	0.93037								
30.333																										1.0200	0.98311	0.99968	0.85436	0.92783	0.86759	0.92952								
30.369																										1.0279	0.98464	0.98051	0.86550	0.93213	0.86778	0.93986								
30.406																										0.99740	1.0156	0.99807	0.85436	0.93575	0.84766	0.94292								
30.442																										0.99670	1.0066	1.0122	0.84731	0.93154	0.86950	0.92718								
30.478																										0.98037	1.0007	0.99928	0.84524	0.92692	0.86440	0.93217								
30.514																										1.0115	0.99686	0.99799	0.84863	0.92224	0.87654	0.93526								
30.550																										0.99465	0.99781	1.0131	0.85512	0.91985	0.85129	0.91917								
30.586																										0.99615	1.0066	1.0093	0.84503	0.93050	0.86890	0.92630								
30.622																										1.0036	0.99954	0.98787	0.85058	0.94960	0.85830	0.93529								
30.658																										1.0054	1.0000	1.0154	0.86118	0.92921	0.86087	0.93097								
30.694																										0.99612	0.97903	0.99773	0.86946	0.92136	0.87863	0.91996								
30.731																										0.99190	0.98518	0.99911	0.85659	0.94608	0.87294	0.95292								
30.767																										0.98762	0.98973	1.0101	0.85662	0.94304	0.86280	0.94251								
30.803																										0.97719	0.98960	1.0148	0.84854	0.91596	0.86459	0.93687								
30.839																										0.99639	0.98092	1.0129	0.85593	0.95488	0.87513	0.92573								
30.875																										0.99373	0.99406	0.99897	0.86406	0.93939	0.90619	0.92816								
30.911																												1.0073	0.85088	0.93792	0.88589	0.93538								
30.947																												0.98913	0.85265	0.95011	0.87347	0.94848								
30.983																												0.99552	0.85968	0.95469	0.86581	0.94412								
31.019																												1.0113	0.84362	0.93148	0.86675	0.92166								
31.056																												0.99414	0.84893	0.94096	0.88098	0.94021								
31.092																												1.0103	0.85205	0.94863	0.86728	0.92015								
31.128																												0.99997	0.86598	0.94027	0.88042	0.92974								
31.164																												0.98842	0.87318	0.93622	0.88661	0.92570								
31.200																												1.0001	0.87747	0.94329	0.87992	0.94762								
31.236																												1.0010	0.85446	0.92654	0.88686	0.92627								
31.272																												0.98819	0.85593	0.94128	0.87641	0.92822								
31.308																												0.98563	0.87249	0.96688	0.87247	0.94523								
31.344																													0.88497	0.95205	0.89008	0.92721								
31.381																													0.87390	0.95312	0.87779	0.93232								
31.417																													0.85962	0.93041	0.88799	0.93990								
31.453																													0.85737	0.92730	0.88326	0.93103								
31.489																													0.86118	0.93905	0.88799	0.93185								
31.525																													0.86460	0.93650	0.88867	0.94548								
31.561																													0.87711	0.91809	0.90166	0.96740								
31.597																													0.88539	0.94665	0.89562	0.93245								
31.633																													0.87990	0.95033	0.87910	0.94084								
31.669																													0.88542	0.95705	0.87838	0.94687								
31.706																													0.87963	0.93638	0.88164	0.93371								
31.742																													0.88071	0.94294	0.87413	0.94157								
31.778																													0.87252	0.95381	0.90603	0.95321								
31.814																													0.88053	0.94109	0.87785	0.95387								
31.850																													0.87831	0.94165	0.87138	0.94712								
31.886																													0.87603	0.94618	0.90566	0.94930								
31.922																													0.88134	0.94963	0.90322	0.94614								
31.958																													0.89281	0.94825	0.88420	0.92239								
31.994																													0.87558	0.92893	0.89812	0.94627								
32.031																													0.87501	0.95749	0.89997	0.94450								
32.067																													0.87675	0.97929	0.91726	0.95857								
32.103																													0.88155	0.97455	0.90582	0.96286								
32.139																													0.88104	0.92943	0.89590	0.91406								
32.175																													0.89098	0.94816	0.91273	0.96087								
32.211																													0.87537	0.95004	0.89440	0.93781								
32.247																													0.88446	0.95196	0.90485	0.94699								
32.283																													0.87255	0.94279	0.88645	0.94671								
32.319																													0.87594	0.96839	0.89199	0.96923								
32.356																													0.89248	0.95617	0.90228	0.96195								
32.392																													0.88341	0.93763	0.89161	0.97056								
32.428																													0.87060	0.93936	0.89609	0.96567								
32.464																													0.87780	0.94696	0.90647	0.94390								
32.500																													0.89620	0.94165	0.89865	0.96605								
32.536																													0.89707	0.96116	0.89696	0.94027								
32.572																													0.88780	0.94568	0.90385	0.94608								
32.608																													0.89221	0.97935	0.88157	0.95734								
32.644																													0.89281	0.93609	0.91298	0.95343								
32.681																													0.88185	0.96691	0.87835	0.93844								
32.717																													0.89941	0.94407	0.90231	0.93381								
32.753																													0.89701	0.95070	0.90697	0.93895								
32.789																													0.87771	0.96186	0.90209	0.94147								
32.825																													0.88846	0.95252	0.90463	0.93163								
32.861																													0.87204	0.95120	0.90359	0.94068								
32.897																													0.89653	0.96955	0.89856	0.95147								
32.933																													0.88789	0.95796	0.89111	0.95147								
32.969																													0.89443	0.97078	0.93090	0.93422								
33.006																													0.89173	0.93917	0.89790	0.93766								
33.042																													0.87879	0.96283	0.88996	0.92207								
33.078																													0.90346	0.96880	0.91482	0.96744								
33.114																													0.88383	0.95077	0.89781	0.94327								
33.150																													0.88602	0.93521	0.93272	0.95967								
33.186																													0.89800	0.96201	0.91332	0.96627								
33.222																													0.87627	0.95884	0.91658	0.96532								
33.258																													0.89092	0.95595	0.91773	0.95207								
33.294																													0.89575	0.99531	0.91705	0.93958								
33.331																													0.89119	0.97558	0.90882	0.95409								
33.367																													0.89239	0.94382	0.91129	0.94983								
33.403																													0.89749	0.96764	0.90829	0.95611								
33.439																													0.88659	0.94951	0.91545	0.92258								
33.475																													0.88602	0.96025	0.92189	0.95589								
33.511																													0.90382	0.96072	0.92427	0.92699								
33.547																													0.92936	0.96107	0.90513	0.93939								
33.583																													0.88455	0.96848	0.90710	0.97346								
33.619																													0.89719	0.95576	0.92990	0.95699								
33.656																													0.90955	0.97291	0.90788	0.96510								
33.692																													0.90802	0.97103	0.92555	0.94949								
33.728																													0.91009	0.98049	0.91845	0.94296								
33.764																													0.90121	0.96421	0.89909	0.97031								
33.800																													0.90088	0.96591	0.91207	0.95302								
33.836																													0.90703	0.98137	0.93328	0.93680								
33.872																													0.91984	0.95303	0.90816	0.94920								
33.908																													0.89857	0.96993	0.90278	0.95756								
33.944																													0.91291	0.96641	0.91188	0.93636								
33.981																													0.90196	0.96214	0.93062	0.94340								
34.017																													0.89443	0.97609	0.91667	0.95756								
34.053																													0.90172	0.95708	0.92415	0.95106								
34.089																													0.91192	0.97722	0.89577	0.96330								
34.125																													0.91189	0.96160	0.91717	0.95210								
34.161																													0.90187	0.96465	0.91664	0.93456								
34.197																													0.92996	0.95567	0.93194	0.95204								
34.233																													0.89302	0.96839	0.91689	0.95460								
34.269																													0.93773	0.98579	0.91842	0.95598								
34.306																													0.94175	0.96701	0.91182	0.94090								
34.342																													0.90316	0.96195	0.92824	0.95990								
34.378																													0.92080	0.96471	0.93072	0.95371								
34.414																													0.91558	0.95230	0.91911	0.96384								
34.450																													0.92342	0.96647	0.91974	0.96135								
34.486																													0.91711	0.96685	0.94032	0.96024								
34.522																													0.90361	0.94907	0.93228	0.95677								
34.558																													0.90781	0.96421	0.91667	0.97636								
34.594																													0.92519	0.95513	0.91789	0.95040								
34.631																													0.88954	0.96500	0.92402	0.96822								
34.667																													0.91573	0.95799	0.91073	0.96031								
34.703																													0.91981	0.95557	0.92161	0.94898								
34.739																													0.93335	0.97401	0.92552	0.95611								
34.775																													0.92879	0.97087	0.91289	0.96472								
34.811																													0.90100	0.97059	0.92818	0.94128								
34.847																													0.92351	0.97329	0.94035	0.95081								
34.883																													0.94784	0.96446	0.93757	0.96122								
34.919																													0.93443	0.97847	0.94510	0.97453								
34.956																													0.94253	0.97298	0.92671	0.96195								
34.992																													0.91144	0.97540	0.93491	0.96144								
35.028																													0.92354	0.96619	0.94955	0.96488								
35.064																													0.90331	0.96625	0.91689	0.95201								
35.100																													0.90730	0.96716	0.93685	0.97242								
35.136																													0.93905	0.96911	0.93838	0.93693								
35.172																													0.91294	0.96343	0.92981	0.97204								
35.208																													0.93038	0.96958	0.92627	0.96908								
35.244																													0.92927	0.96339	0.91836	0.94677								
35.281																													0.93191	0.96456	0.91723	0.95239								
35.317																													0.93593	0.97879	0.93625	0.95005								
35.353																													0.93230	0.95425	0.93037	0.94491								
35.389																													0.93365	0.96918	0.92114	0.93488								
35.425																													0.92882	0.98843	0.92502	0.95292								
35.461																													0.92612	0.95645	0.91802	0.97548								
35.497																													0.94481	0.96874	0.91342	0.95359								
35.533																													0.93173	0.98202	0.93347	0.95778								
35.569																													0.90994	0.95428	0.94251	0.96671								
35.606																													0.91135	0.99114	0.93732	0.95280								
35.642																													0.93626	0.97093	0.92593	0.96258								
35.678																													0.94079	0.97514	0.94010	0.95327								
35.714																													0.94823	0.97602	0.92646	0.96516								
35.750																													0.92297	0.95959	0.93394	0.94371								
35.786																													0.91582	0.96776	0.93829	0.96311								
35.822																													0.94523	0.97923	0.93675	0.94100								
35.858																													0.92675	0.98935	0.94517	0.96359								
35.894																													0.94625	0.99161	0.93222	0.95867								
35.931																													0.93518	1.0013	0.94360	0.97056								
35.967																													0.94379	0.98947	0.93963	0.96441								
36.003																													0.94049	0.95790	0.93829	0.94813								
36.039																													0.92912	0.98256	0.91432	0.96652								
36.075																													0.96528	0.99723	0.95946	0.97447								
36.111																													0.94394	1.0128	0.95321	0.99576								
36.147																													0.95559	0.96663	0.95565	0.99431								
36.183																													0.95970	1.0071	0.94908	1.0021								
36.219																													0.94781	1.0223	0.94532	0.99908								
36.256																													0.96879	0.98667	0.95302	0.99311								
36.292																													0.96318	1.0013	0.96638	0.99280								
36.328																													0.94919	1.0074	0.94830	0.99964								
36.364																													0.98457	0.98941	0.94911	0.98485								
36.400																													0.96732	0.98988	0.93428	0.99359								
36.436																													0.96222	0.98724	0.94661	0.98393								
36.472																													0.96171	0.99475	0.95014	0.97788								
36.508																													0.95571	0.98451	0.94764	0.97671								
36.544																													0.93452	0.98972	0.94195	1.0123								
36.581																													0.94853	0.97596	0.95718	1.0046								
36.617																													0.96276	0.99682	0.93838	0.98867								
36.653																													0.97467	1.0052	0.96046	0.97756								
36.689																													0.95198	0.98985	0.95293	1.0020								
36.725																													0.94709	0.97835	0.95124	0.99753								
36.761																													0.97065	1.0078	0.97179	1.0025								
36.797																													0.95300	1.0001	0.96121	0.98715								
36.833																													0.97572	1.0111	0.93700	0.98725								
36.869																													0.96291	0.99792	0.96187	0.98378								
36.906																													0.96966	1.0010	0.95540	0.98845								
36.942																													0.95856	1.0009	0.95496	0.99696								
36.978																													0.95934	1.0148	0.96537	0.99797								
37.014																													0.96036	1.0136	0.96491	0.97791								
37.050																													0.95267	0.98856	0.95687	0.98961								
37.086																													0.94457	1.0097	0.96353	0.99119								
37.122																													0.97275	1.0178	0.98317	0.98299								
37.158																													0.97059	1.0087	0.96106	0.99450								
37.194																													0.96039	0.99798	0.96309	0.99706								
37.231																													0.96768	0.99996	0.97147	0.98945								
37.267																													0.95421	0.98765	0.96531	0.99069								
37.303																													0.95180	0.99195	0.95996	0.96895								
37.339																													0.94985	0.98683	0.95327	0.99747								
37.375																													0.95117	1.0120	0.96456	0.97390								
37.411																													0.95415	0.98925	0.95899	0.98501								
37.447																													0.95733	0.99509	0.96979	0.99630								
37.483																													0.96264	0.98309	0.96885	0.99469								
37.519																													0.96462	0.98884	0.96225	0.98627								
37.556																													0.97167	1.0003	0.97776	0.99009								
37.592																													0.96558	1.0171	0.96200	0.98769								
37.628																													0.96255	1.0010	0.98274	0.99028								
37.664																													0.95210	1.0091	0.97670	0.97797								
37.700																													0.95228	0.99852	0.95155	0.97365								
37.736																													0.97476	1.0034	0.96146	0.97974								
37.772																													0.95496	1.0072	0.96916	0.99223								
37.808																													0.95415	0.98325	0.96882	0.98554								
37.844																													0.96237	1.0223	0.96281	1.0095								
37.881																													0.96297	0.99274	0.96303	1.0135								
37.917																													0.95730	0.97574	0.95549	1.0003								
37.953																													0.97047	0.98997	0.97892	0.99908								
37.989																													0.95039	1.0018	0.96284	0.98551								
38.025																													0.96897	0.98312	0.97670	0.99548								
38.061																													0.97572	1.0022	0.96913	0.99785								
38.097																													0.98127	0.99924	0.97235	0.98731								
38.133																													0.96207	0.98105	0.96588	0.99974								
38.169																													0.96654	0.99450	0.96500	1.0168								
38.206																													0.97899	0.99880	0.97376	1.0077								
38.242																													0.97008	1.0014	0.99553	0.98794								
38.278																													0.95120	0.98909	0.96406	0.99854								
38.314																													0.96171	0.97474	0.97604	0.99693								
38.350																													0.98673	0.98542	0.97626	0.96851								
38.386																													0.96216	1.0004	0.97570	1.0033								
38.422																													0.96393	0.99937	0.97598	0.98832								
38.458																													0.97683	0.99745	0.96475	0.99498								
38.494																													0.96417	1.0054	0.99178	0.99151								
38.531																													0.98866	1.0203	0.96741	0.99419								
38.567																													0.97518	1.0154	0.98152	0.99378								
38.603																													0.99238	1.0129	0.98342	0.98542								
38.639																													0.96477	0.99026	0.96419	0.99220								
38.675																													0.96942	1.0030	0.98927	1.0175								
38.711																													0.97203	1.0067	0.97448	0.99469								
38.747																													0.94964	0.99717	0.97967	0.99516								
38.783																													0.96135	1.0081	0.99184	0.99485								
38.819																													0.97908	0.97637	0.96353	0.98479								
38.856																													0.97551	0.99830	0.98640	0.99387								
38.892																													0.97488	1.0023	0.95602	0.98043								
38.928																													0.97434	0.99817	0.98849	0.99677								
38.964																													0.98712	0.99195	0.98424	1.0113								
39.000																													0.98911	0.99016	0.97335	0.97882								
39.036																													0.97872	0.98523	0.95737	0.98614								
39.072																													0.99388	0.99827	0.98737	1.0057								
39.108																													0.98229	0.98821	0.97529	0.99040								
39.144																													0.97377	1.0022	0.95646	0.99463								
39.181																													0.98064	0.99224	0.97554	0.99576								
39.217																													0.98055	1.0094	0.98574	0.99980								
39.253																													0.98025	0.99971	0.97817	0.99460								
39.289																													0.96849	0.98884	0.97538	1.0011								
39.325																													0.97155	1.0057	0.95371	0.98699								
39.361																													0.97356	1.0085	0.97557	0.99330								
39.397																													0.99247	1.0035	0.98927	1.0036								
39.433																													0.97068	1.0071	0.99043	0.97983								
39.469																													0.96444	1.0049	0.98055	0.97712								
39.506																													0.98163	1.0018	0.97545	0.97056								
39.542																													0.97713	1.0299	0.96516	0.99416								
39.578																													0.97728	1.0142	0.98264	0.98050								
39.614																													0.98277	1.0081	0.97635	1.0101								
39.650																													0.96843	0.99572	0.95796	0.98841								
39.686																													0.97350	0.99387	0.98258	0.99270								
39.722																													0.99538	1.0000	0.97754	0.98141								
39.758																													0.97416	0.99038	0.98665	0.98523								
39.794																													0.98568	0.99707	0.98636	0.98277								
39.831																													0.99916	1.0047	0.98690	0.98535								
39.867																													0.96270	1.0109	0.97573	0.99728								
39.903																													0.98911	0.97511	0.98937	0.98971								
39.939																													0.97164	1.0047	1.0017	0.99233								
39.975																													0.97137	0.97637	0.97692	0.99589								
40.011																													0.98448	0.99010	0.99128	0.97882								
40.047																													0.97041	0.99987	0.97595	1.0021								
40.083																													0.98703	1.0161	0.99181	1.0079								
40.119																													0.99517	0.99114	0.97573	0.99860								
40.156																													0.96489	1.0078	0.96325	0.98147								
40.192																													0.99241	0.97392	0.97761	0.99917								
40.228																													0.99106	0.99255	0.99209	0.98775								
40.264																													0.97701	1.0071	0.98111	0.99094								
40.300																													0.98031	0.99487	0.97198	0.99756								
40.336																													0.96438	0.98020	0.97438	0.98646								
40.372																													0.97887	1.0128	0.99002	0.97116								
40.408																													0.99667	1.0081	0.96541	0.97706								
40.444																													0.97734	0.99594	1.0009	0.98154								
40.481																													0.98397	1.0100	0.99178	0.98068								
40.517																													0.98941	1.0119	0.98483	0.98725								
40.553																													0.98815	1.0056	0.97504	0.99229								
40.589																													0.97878	0.99396	0.99203	0.98983								
40.625																													1.0015	0.99572	0.99562	0.99904								
40.661																													1.0011	1.0083	0.98180	0.99681								
40.697																													0.99790	1.0024	0.98089	1.0034								
40.733																													0.98875	0.99974	0.98292	0.98103								
40.769																													0.97755	0.99063	1.0130	0.99763								
40.806																													0.98899	1.0006	0.98120	0.97851								
40.842																													0.97332	1.0196	0.98830	0.99867								
40.878																													0.99391	1.0183	0.98267	0.99595								
40.914																													0.99163	1.0063	0.98371	0.99453								
40.950																													0.96345	0.97860	0.99393	0.98763								
40.986																													0.97350	0.98702	0.98436	0.97832								
41.022																													0.98622	0.98759	1.0012	1.0011								
41.058																													0.96999	1.0042	0.99271	0.99229								
41.094																													0.99820	0.99569	0.99687	1.0167								
41.131																													0.98661	1.0022	0.98070	0.98914								
41.167																													0.98103	1.0061	0.98455	0.96532								
41.203																													0.99001	1.0210	0.97817	0.98214								
41.239																													0.99937	0.99849	0.98743	1.0025								
41.275																													0.99682	0.98825	1.0002	0.99113								
41.311																													0.98781	0.99396	1.0084	0.97728								
41.347																													0.98238	0.99836	0.98852	0.98457								
41.383																													0.98187	1.0101	0.99903	0.99059								
41.419																													0.98679	0.99431	0.98896	1.0002								
41.456																													0.99142	1.0079	1.0078	0.99987								
41.492																													0.99136	1.0021	0.99544	0.99078								
41.528																													0.99142	0.99393	0.99628	0.97431								
41.564																													0.99235	0.98344	0.98568	0.99299								
41.600																													0.97629	1.0008	0.97883	0.99703								
41.636																													0.97725	1.0273	0.98374	1.0001								
41.672																													0.99559	1.0103	0.98590	1.0002								
41.708																													0.98283	1.0274	0.99756	0.99611								
41.744																													0.99100	0.99651	0.99813	1.0008								
41.781																													0.97902	0.99431	1.0102	0.99501								
41.817																													0.99589	0.99566	0.97382	1.0128								
41.853																													0.98463		0.99681	0.99450								
41.889																													0.99025		0.99678	0.97185								
41.925																													0.98475		0.99462	0.98898								
41.961																													1.0088		0.98749	1.0107								
41.997																													0.99223		0.98114	1.0064								
42.033																													0.97182		0.98599	0.97611								
42.069																													0.98661		0.98511	1.0055								
42.106																													0.98824		0.99860	0.99409								
42.142																													0.99391		0.98486	0.99463								
42.178																													1.0035		1.0111	0.99321								
42.214																													0.97335		0.97792	0.99917								
42.250																													0.97992		1.0089	1.0062								
42.286																													0.99325		0.99612	1.0099								
42.322																													0.98869		0.98333	0.99854								
42.358																													0.99604		0.99716	1.0053								
42.394																													0.98529		1.0016	0.98299								
42.431																													0.99223		0.99569	0.99075								
42.467																													0.98803		0.98177	0.99192								
42.503																													0.99631		1.0189	0.99255								
42.539																													0.98824		0.99006	1.0114								
42.575																													1.0045		1.0022	0.99059								
42.611																													0.98953		0.99528	0.98561								
42.647																													0.96906		1.0031	0.97725								
42.683																													0.97980		0.97085	0.99084								
42.719																													0.98484		0.98158	0.99747								
42.756																													0.99775		0.98295	0.99119								
42.792																													1.0022		0.98427	0.97826								
42.828																													0.99001		0.99259	0.98822								
42.864																													1.0035		0.99350	0.99352								
42.900																													1.0023		1.0044	1.0063								
42.936																													0.98451		0.99469	1.0055								
42.972																													0.97776		0.98815	1.0131								
43.008																													0.97611		0.99838	0.97504								
43.044																													0.99169		1.0028	0.99974								
43.081																													0.96654		1.0031	0.99384								
43.117																													0.97764		0.98433	0.97611								
43.153																													0.98346		1.0054	0.99318								
43.189																													1.0019		1.0065	0.99141								
43.225																													0.97761		0.99359	1.0016								
43.261																													0.99481		1.0087	0.99264								
43.297																													0.97356		0.99131	1.0051								
43.333																													1.0066		0.99368	0.99520								
43.369																													0.98851		0.99293	1.0135								
43.406																													0.98760		1.0137	0.99270								
43.442																													0.98745		0.98690	1.0011								
43.478																													0.99523		1.0101	1.0052								
43.514																													0.99571		0.99750	0.98655								
43.550																													1.0098		0.98377	0.98444								
43.586																													0.99373		1.0096	0.98576								
43.622																													1.0089		1.0048	0.99378								
43.658																													1.0036		0.97251	1.0105								
43.694																													1.0029		1.0061	0.99075								
43.731																													0.97968		1.0190	1.0110								
43.767																													1.0006		1.0048	0.98286								
43.803																													0.99889		1.0004	1.0025								
43.839																													1.0154		1.0090	0.98627								
43.875																													0.98499		0.99390	0.99791								
43.911																													0.99367		1.0145	1.0098								
43.947																													0.97734		1.0001	0.99841								
43.983																													0.98643		1.0051	0.98920								
44.019																													0.99469		1.0001	1.0224								
44.056																													0.99700		0.98502	1.0100								
44.092																													0.99355		0.99734	0.99447								
44.128																													1.0004		1.0010	0.99731								
44.164																													0.99763		0.99575	1.0120								
44.200																													0.98238		0.98120	0.99952								
44.236																													0.99847		1.0181	1.0033								
44.272																													0.99979		1.0153	0.99671								
44.308																													1.0118		1.0026	0.99270								
44.344																													0.97938		0.99725	1.0005								
44.381																													0.99472		1.0024	1.0111								
44.417																													0.98454		0.99744	1.0110								
44.453																													0.99076		1.0062	1.0144								
44.489																													0.98896		0.99910	0.98422								
44.525																													0.99598		1.0073	1.0011								
44.561																													0.97830		1.0016	1.0133								
44.597																													1.0090		0.97429	1.0003								
44.633																													1.0092		1.0074	0.99617								
44.669																													1.0125		1.0032	0.99434								
44.706																													1.0037		1.0145	1.0036								
44.742																													0.98911		1.0140	0.98712								
44.778																													1.0052		1.0139	1.0038								
44.814																													0.99946		1.0121	0.99075								
44.850																													0.99076		1.0056	0.99299								
44.886																													0.97800		0.97955	0.99841								
44.922																													1.0086		1.0042	1.0128								
44.958																													0.97137		0.99631	1.0045								
44.994																													0.97449		0.99293	1.0108								
45.031																													1.0078		0.99794	0.99595								
45.067																													0.99829		1.0167	1.0186								
45.103																													0.99967		1.0010	0.99816								
45.139																													0.99718		0.98783	1.0140								
45.175																													0.99985		0.99121	0.99996								
45.211																													0.98364		1.0067	0.99362								
45.247																													1.0071		1.0079	0.99261								
45.283																													0.99520		1.0081	1.0222								
45.319																													1.0070		1.0069	1.0133								
45.356																													1.0040		1.0048	1.0167								
45.392																													0.99712		1.0205	1.0159								
45.428																													0.99655		1.0207	0.99457								
45.464																													0.98223		0.98252	1.0088								
45.500																													0.97773		1.0005	1.0035								
45.536																													0.98040		1.0230	0.99573								
45.572																													0.99271		0.98499	1.0263								
45.608																													1.0096		1.0025	1.0059								
45.644																													0.99985		1.0001	1.0104								
45.681																													0.99724		0.98386	1.0240								
45.717																													0.98511		1.0157	0.99384								
45.753																													0.98379		0.99453	1.0035								
45.789																													1.0042		0.99985	1.0113								
45.825																													0.98172		1.0126	0.99911								
45.861																													0.99793		1.0144	0.99532								
45.897																													1.0134		1.0052	1.0078								
45.933																													1.0107		0.99309	1.0202								
45.969																													0.99655											
46.006																													0.98748											
46.042																													1.0075											
46.078																													1.0253											
46.114																													0.98367											
46.150																													0.99874											
46.186																													0.99370											
46.222																													0.99190											
46.258																													1.0073											
46.294																													0.99628											
46.331																													0.99562											
46.367																													1.0040											
46.403																													0.99115											
46.439																													0.99538											
46.475																													0.99721											
46.511																													1.0172											
46.547																													0.99619											
46.583																													0.99937											
46.619																													0.98779											
46.656																													0.99589											
46.692																													1.0046											
46.728																													1.0108											
46.764																													1.0128											
46.800																													0.97971											
46.836																													1.0122											
46.872																													1.0125											
46.908																													1.0116											
46.944																													1.0359											
46.981																													0.99199											
47.017																													1.0251											
47.053																													1.0003											
47.089																													0.98998											
47.125																													1.0027											
47.161																													0.98652											
47.197																													1.0048											
47.233																													1.0161											
47.269																													1.0097											
47.306																													1.0074											
47.342																													0.98490											
47.378																													0.99616											
47.414																													1.0158											
47.450																													1.0032											
47.486																													0.99862											
47.522																													1.0031											
47.558																													1.0128											
47.594																													1.0093											
47.631																													1.0265											
47.667																													1.0054											
47.703																													0.99982											
47.739																													0.98851											
47.775																													1.0182											
47.811																													0.99337											
47.847																													0.99625											
47.883																													1.0010											
47.919																													1.0045											
47.956																													1.0114											
47.992																													0.97818											
48.028																													1.0029											
48.064																													1.0165											
48.100																													1.0056											
48.136																													1.0002											
48.172																													1.0075											
48.208																													0.98481											
																																								
0.0000																																	0.0000	0.0000	0.0000	-2.2204e-16	0.0000	0.0000	0.0000	0.0000
0.24228																																	0.00093615	0.0015243	0.00074892	0.00077994	0.00082952	0.00098210	0.00066942	0.00034917
0.48455																																	0.0062591	0.0074669	0.0037680	0.0037828	0.0036993	0.0040240	0.0026310	0.0013748
0.72683																																	0.029597	0.022984	0.012113	0.011519	0.0099171	0.0094498	0.0058181	0.0030448
0.96911																																	0.11898	0.060053	0.033715	0.030099	0.022201	0.017835	0.010168	0.0053284
1.2114																																	0.35062	0.13970	0.085871	0.072223	0.045451	0.030021	0.015622	0.0081960
1.4537																																	0.64563	0.28072	0.19484	0.15795	0.087363	0.047122	0.022123	0.011619
1.6959																																	0.83938	0.46731	0.37008	0.30139	0.15730	0.070484	0.029619	0.015570
1.9382																																	0.93148	0.64694	0.56906	0.48275	0.26098	0.10156	0.038057	0.020021
2.1805																																	0.97120	0.78206	0.73322	0.65370	0.39215	0.14165	0.047388	0.024949
2.4228																																	0.98794	0.87016	0.84341	0.78256	0.53133	0.19156	0.057565	0.030326
2.6650																																	0.99495	0.92384	0.91019	0.86786	0.65719	0.25112	0.068540	0.036131
2.9073																																	0.99789	0.95560	0.94897	0.92086	0.75812	0.31892	0.080268	0.042339
3.1496																																	0.99912	0.97419	0.97110	0.95289	0.83299	0.39227	0.092705	0.048929
3.3919																																	0.99963	0.98501	0.98366	0.97203	0.88607	0.46771	0.10581	0.055879
3.6341																																	0.99985	0.99129	0.99076	0.98341	0.92277	0.54165	0.11953	0.063167
3.8764																																	0.99994	0.99495	0.99478	0.99017	0.94783	0.61110	0.13383	0.070775
4.1187																																	0.99997	0.99707	0.99705	0.99417	0.96481	0.67400	0.14866	0.078683
4.3610																																	0.99999	0.99830	0.99833	0.99655	0.97629	0.72934	0.16399	0.086872
4.6033																																	1.00000	0.99901	0.99906	0.99795	0.98403	0.77693	0.17977	0.095324
4.8455																																	1.00000	0.99943	0.99947	0.99879	0.98925	0.81715	0.19595	0.10402
5.0878																																	1.00000	0.99967	0.99970	0.99928	0.99276	0.85072	0.21250	0.11295
5.3301																																	1.00000	0.99981	0.99983	0.99957	0.99512	0.87848	0.22937	0.12209
5.5724																																	1.00000	0.99989	0.99990	0.99975	0.99672	0.90128	0.24653	0.13142
5.8146																																	1.00000	0.99993	0.99995	0.99985	0.99779	0.91992	0.26393	0.14094
6.0569																																	1.00000	0.99996	0.99997	0.99991	0.99851	0.93511	0.28153	0.15063
6.2992																																	1.00000	0.99998	0.99998	0.99995	0.99900	0.94746	0.29929	0.16047
6.5415																																	1.00000	0.99999	0.99999	0.99997	0.99933	0.95747	0.31717	0.17045
6.7837																																	1.00000	0.99999	0.99999	0.99998	0.99955	0.96560	0.33514	0.18055
7.0260																																	1.00000	1.00000	1.00000	0.99999	0.99969	0.97217	0.35315	0.19077
7.2683																																	1.00000	1.00000	1.00000	0.99999	0.99979	0.97750	0.37117	0.20109
7.5106																																	1.00000	1.00000	1.00000	1.00000	0.99986	0.98180	0.38916	0.21150
7.7528																																	1.00000	1.00000	1.00000	1.00000	0.99991	0.98529	0.40709	0.22200
7.9951																																	1.00000	1.00000	1.00000	1.00000	0.99994	0.98810	0.42494	0.23256
8.2374																																	1.00000	1.00000	1.00000	1.00000	0.99996	0.99038	0.44265	0.24317
8.4797																																	1.00000	1.00000	1.00000	1.00000	0.99997	0.99223	0.46021	0.25384
8.7219																																	1.00000	1.00000	1.00000	1.00000	0.99998	0.99372	0.47759	0.26454
8.9642																																	1.00000	1.00000	1.00000	1.00000	0.99999	0.99492	0.49477	0.27527
9.2065																																	1.00000	1.00000	1.00000	1.00000	0.99999	0.99589	0.51171	0.28603
9.4488																																	1.00000	1.00000	1.00000	1.00000	0.99999	0.99668	0.52839	0.29679
9.6911																																	1.00000	1.00000	1.00000	1.00000	1.00000	0.99732	0.54480	0.30756
9.9333																																	1.00000	1.00000	1.00000	1.00000	1.00000	0.99783	0.56092	0.31832
10.176																																	1.00000	1.00000	1.00000	1.00000	1.00000	0.99825	0.57672	0.32907
10.418																																	1.00000	1.00000	1.00000	1.00000	1.00000	0.99858	0.59220	0.33980
10.660																																	1.00000	1.00000	1.00000	1.00000	1.00000	0.99885	0.60734	0.35051
10.902																																	1.00000	1.00000	1.00000	1.00000	1.00000	0.99907	0.62213	0.36118
11.145																																	1.00000	1.00000	1.00000	1.00000	1.00000	0.99925	0.63656	0.37182
11.387																																	1.00000	1.00000	1.00000	1.00000	1.00000	0.99939	0.65062	0.38241
11.629																																	1.0000	1.00000	1.00000	1.00000	1.00000	0.99951	0.66430	0.39295
11.872																																	1.0000	1.00000	1.00000	1.00000	1.00000	0.99960	0.67761	0.40343
12.114																																	1.0000	1.00000	1.00000	1.00000	1.00000	0.99968	0.69054	0.41385
12.356																																	1.0000	1.00000	1.00000	1.00000	1.00000	0.99974	0.70308	0.42421
12.598																																	1.0000	1.00000	1.00000	1.00000	1.00000	0.99979	0.71524	0.43449
12.841																																	1.0000	1.00000	1.00000	1.00000	1.00000	0.99983	0.72701	0.44470
13.083																																	1.0000	1.00000	1.00000	1.00000	1.00000	0.99986	0.73840	0.45484
13.325																																	1.0000	1.00000	1.00000	1.00000	1.00000	0.99989	0.74941	0.46488
13.567																																	1.0000	1.00000	1.00000	1.00000	1.00000	0.99991	0.76005	0.47485
13.810																																	1.0000	1.00000	1.00000	1.00000	1.00000	0.99993	0.77032	0.48472
14.052																																	1.0000	1.00000	1.00000	1.00000	1.00000	0.99994	0.78022	0.49450
14.294																																	1.0000	1.00000	1.00000	1.00000	1.00000	0.99995	0.78977	0.50418
14.537																																	1.0000	1.00000	1.00000	1.00000	1.00000	0.99996	0.79896	0.51376
14.779																																	1.0000	1.00000	1.00000	1.00000	1.00000	0.99997	0.80781	0.52324
15.021																																	1.0000	1.00000	1.00000	1.00000	1.00000	0.99998	0.81631	0.53262
15.263																																	1.0000	1.00000	1.00000	1.00000	1.00000	0.99998	0.82449	0.54189
15.506																																	1.0000	1.00000	1.00000	1.00000	1.00000	0.99998	0.83235	0.55105
15.748																																	1.0000	1.00000	1.00000	1.00000	1.00000	0.99999	0.83990	0.56010
15.990																																	1.0000	1.00000	1.00000	1.00000	1.00000	0.99999	0.84714	0.56904
16.233																																	1.0000	1.00000	1.00000	1.00000	1.00000	0.99999	0.85408	0.57786
16.475																																	1.0000	1.00000	1.00000	1.00000	1.00000	0.99999	0.86074	0.58657
16.717																																	1.0000	1.00000	1.00000	1.00000	1.00000	0.99999	0.86712	0.59516
16.959																																	1.0000	1.00000	1.00000	1.00000	1.00000	1.00000	0.87324	0.60364
17.202																																	1.0000	1.00000	1.00000	1.00000	1.00000	1.00000	0.87909	0.61199
17.444																																	1.0000	1.00000	1.00000	1.00000	1.00000	1.00000	0.88470	0.62023
17.686																																	1.0000	1.00000	1.0000	1.00000	1.00000	1.00000	0.89006	0.62835
17.928																																	1.0000	1.00000	1.0000	1.00000	1.00000	1.00000	0.89519	0.63634
18.171																																	1.0000	1.00000	1.0000	1.00000	1.00000	1.00000	0.90009	0.64422
18.413																																	1.0000	1.0000	1.0000	1.00000	1.00000	1.00000	0.90478	0.65197
18.655																																	1.0000	1.0000	1.0000	1.00000	1.00000	1.00000	0.90926	0.65961
18.898																																	1.0000	1.0000	1.0000	1.00000	1.00000	1.00000	0.91354	0.66712
19.140																																	1.0000	1.0000	1.0000	1.0000	1.00000	1.00000	0.91762	0.67450
19.382																																	1.0000	1.0000	1.0000	1.0000	1.00000	1.00000	0.92153	0.68177
19.624																																	1.0000	1.0000	1.0000	1.0000	1.00000	1.00000	0.92525	0.68892
19.867																																	1.0000	1.0000	1.0000	1.0000	1.00000	1.00000	0.92881	0.69594
20.109																																	1.0000	1.0000	1.0000	1.0000	1.00000	1.00000	0.93220	0.70284
20.351																																	1.0000	1.0000	1.0000	1.0000	1.00000	1.00000	0.93544	0.70963
20.593																																	1.0000	1.0000	1.0000	1.0000	1.00000	1.00000	0.93853	0.71629
20.836																																	1.0000	1.0000	1.0000	1.0000	1.00000	1.00000	0.94147	0.72283
21.078																																	1.0000	1.0000	1.0000	1.0000	1.00000	1.00000	0.94428	0.72926
21.320																																	1.0000	1.0000	1.0000	1.0000	1.00000	1.00000	0.94695	0.73557
21.563																																	1.0000	1.0000	1.0000	1.0000	1.00000	1.00000	0.94951	0.74176
21.805																																	1.0000	1.0000	1.0000	1.0000	1.00000	1.00000	0.95194	0.74783
22.047																																	1.0000	1.0000	1.0000	1.0000	1.00000	1.00000	0.95426	0.75379
22.289																																	1.0000	1.0000	1.0000	1.0000	1.00000	1.00000	0.95646	0.75964
22.532																																	1.0000	1.0000	1.0000	1.0000	1.00000	1.00000	0.95857	0.76537
22.774																																	1.0000	1.0000	1.0000	1.0000	1.00000	1.00000	0.96057	0.77099
23.016																																	1.0000	1.0000	1.0000	1.0000	1.00000	1.00000	0.96248	0.77650
23.259																																	1.0000	1.0000	1.0000	1.0000	1.00000	1.00000	0.96430	0.78189
23.501																																	1.0000	1.0000	1.0000	1.0000	1.00000	1.00000	0.96603	0.78718
23.743																																	1.0000	1.0000	1.0000	1.0000	1.00000	1.00000	0.96768	0.79237
23.985																																	1.0000	1.0000	1.0000	1.0000	1.00000	1.00000	0.96925	0.79744
24.228																																	1.0000	1.0000	1.0000	1.0000	1.00000	1.00000	0.97075	0.80241
24.470																																	1.0000	1.0000	1.0000	1.0000	1.00000	1.00000	0.97217	0.80728
24.712																																	1.0000	1.0000	1.0000	1.0000	1.00000	1.00000	0.97352	0.81205
24.954																																	1.0000	1.0000	1.0000	1.0000	1.00000	1.00000	0.97481	0.81671
25.197																																	1.0000	1.0000	1.0000	1.0000	1.0000	1.00000	0.97604	0.82128
25.439																																	1.0000	1.0000	1.0000	1.0000	1.0000	1.00000	0.97721	0.82574
25.681																																	1.0000	1.0000	1.0000	1.0000	1.0000	1.00000	0.97832	0.83011
25.924																																	1.0000	1.0000	1.0000	1.0000	1.0000	1.00000	0.97938	0.83439
26.166																																	1.0000	1.0000	1.0000	1.0000	1.0000	1.00000	0.98038	0.83857
26.408																																	1.0000	1.0000	1.0000	1.0000	1.0000	1.00000	0.98134	0.84266
26.650																																	1.0000	1.0000	1.0000	1.0000	1.0000	1.00000	0.98225	0.84666
26.893																																	1.0000	1.0000	1.0000	1.0000	1.0000	1.00000	0.98312	0.85056
27.135																																	1.0000	1.0000	1.0000	1.0000	1.0000	1.00000	0.98395	0.85438
27.377																																	1.0000	1.0000	1.0000	1.0000	1.0000	1.00000	0.98473	0.85812
27.620																																	1.0000	1.0000	1.0000	1.0000	1.0000	1.00000	0.98548	0.86177
27.862																																	1.0000	1.0000	1.0000	1.0000	1.0000	1.00000	0.98619	0.86533
28.104																																	1.0000	1.0000	1.0000	1.0000	1.0000	1.00000	0.98687	0.86881
28.346																																	1.0000	1.0000	1.0000	1.0000	1.0000	1.00000	0.98751	0.87221
28.589																																	1.0000	1.0000	1.0000	1.0000	1.0000	1.00000	0.98812	0.87554
28.831																																	1.0000	1.0000	1.0000	1.0000	1.0000	1.00000	0.98870	0.87878
29.073																																	1.0000	1.0000	1.0000	1.0000	1.0000	1.00000	0.98926	0.88195
29.315																																	1.0000	1.0000	1.0000	1.0000	1.0000	1.00000	0.98978	0.88504
29.558																																	1.0000	1.0000	1.0000	1.0000	1.0000	1.00000	0.99028	0.88806
29.800																																	1.0000	1.0000	1.0000	1.0000	1.0000	1.00000	0.99076	0.89101
30.042																																	1.0000	1.0000	1.0000	1.0000	1.0000	1.00000	0.99121	0.89388
30.285																																	1.0000	1.0000	1.0000	1.0000	1.0000	1.00000	0.99164	0.89669
30.527																																	1.0000	1.0000	1.0000	1.0000	1.0000	1.00000	0.99205	0.89943
30.769																																	1.0000	1.0000	1.0000	1.0000	1.0000	1.00000	0.99244	0.90210
31.011																																	1.0000	1.0000	1.0000	1.0000	1.0000	1.00000	0.99281	0.90470
31.254																																	1.0000	1.0000	1.0000	1.0000	1.0000	1.00000	0.99317	0.90725
31.496																																	1.0000	1.0000	1.0000	1.0000	1.0000	1.00000	0.99350	0.90973
31.738																																	1.0000	1.0000	1.0000	1.0000	1.0000	1.00000	0.99382	0.91214
31.980																																	1.0000	1.0000	1.0000	1.0000	1.0000	1.00000	0.99412	0.91450
32.223																																	1.0000	1.0000	1.0000	1.0000	1.0000	1.00000	0.99441	0.91680
32.465																																	1.0000	1.0000	1.0000	1.0000	1.0000	1.00000	0.99469	0.91904
32.707																																	1.0000	1.0000	1.0000	1.0000	1.0000	1.00000	0.99495	0.92123
32.950																																	1.0000	1.0000	1.0000	1.0000	1.0000	1.00000	0.99520	0.92336
33.192																																	1.0000	1.0000	1.0000	1.0000	1.0000	1.00000	0.99543	0.92543
33.434																																	1.0000	1.0000	1.0000	1.0000	1.0000	1.00000	0.99566	0.92746
33.676																																	1.0000	1.0000	1.0000	1.0000	1.0000	1.00000	0.99587	0.92943
33.919																																	1.0000	1.0000	1.0000	1.0000	1.0000	1.00000	0.99607	0.93135
34.161																																	1.0000	1.0000	1.0000	1.0000	1.0000	1.00000	0.99627	0.93322
34.403																																	1.0000	1.0000	1.0000	1.0000	1.0000	1.00000	0.99645	0.93505
34.646																																	1.0000	1.0000	1.0000	1.0000	1.0000	1.00000	0.99662	0.93683
34.888																																	1.0000	1.0000	1.0000	1.0000	1.0000	1.00000	0.99679	0.93856
35.130																																	1.0000	1.0000	1.0000	1.0000	1.0000	1.00000	0.99695	0.94024
35.372																																	1.0000	1.0000	1.0000	1.0000	1.0000	1.00000	0.99710	0.94188
35.615																																	1.0000	1.0000	1.0000	1.0000	1.0000	1.00000	0.99724	0.94348
35.857																																	1.0000	1.0000	1.0000	1.0000	1.0000	1.00000	0.99738	0.94504
36.099																																	1.0000	1.0000	1.0000	1.0000	1.0000	1.00000	0.99750	0.94656
36.341																																	1.0000	1.0000	1.0000	1.0000	1.0000	1.00000	0.99763	0.94804
36.584																																	1.0000	1.0000	1.0000	1.0000	1.0000	1.00000	0.99774	0.94947
36.826																																	1.0000	1.0000	1.0000	1.0000	1.0000	1.00000	0.99785	0.95087
37.068																																	1.0000	1.0000	1.0000	1.0000	1.0000	1.00000	0.99796	0.95224
37.311																																	1.0000	1.0000	1.0000	1.0000	1.0000	1.00000	0.99806	0.95356
37.553																																	1.0000	1.0000	1.0000	1.0000	1.0000	1.00000	0.99816	0.95485
37.795																																	1.0000	1.0000	1.0000	1.0000	1.0000	1.00000	0.99825	0.95611
38.037																																	1.0000	1.0000	1.0000	1.0000	1.0000	1.00000	0.99833	0.95733
38.280																																	1.0000	1.0000	1.0000	1.0000	1.0000	1.00000	0.99841	0.95853
38.522																																	1.0000	1.0000	1.0000	1.0000	1.0000	1.00000	0.99849	0.95968
38.764																																	1.0000	1.0000	1.0000	1.0000	1.0000	1.00000	0.99857	0.96081
39.006																																	1.0000	1.0000	1.0000	1.0000	1.0000	1.00000	0.99864	0.96191
39.249																																	1.0000	1.0000	1.0000	1.0000	1.0000	1.00000	0.99870	0.96298
39.491																																	1.0000	1.0000	1.0000	1.0000	1.0000	1.00000	0.99877	0.96401
39.733																																	1.0000	1.0000	1.0000	1.0000	1.0000	1.00000	0.99883	0.96503
39.976																																	1.0000	1.0000	1.0000	1.0000	1.0000	1.00000	0.99889	0.96601
40.218																																	1.0000	1.0000	1.0000	1.0000	1.0000	1.00000	0.99894	0.96696
40.460																																	1.0000	1.0000	1.0000	1.0000	1.0000	1.00000	0.99899	0.96790
40.702																																	1.0000	1.0000	1.0000	1.0000	1.0000	1.00000	0.99904	0.96880
40.945																																	1.0000	1.0000	1.0000	1.0000	1.0000	1.00000	0.99909	0.96968
41.187																																	1.0000	1.0000	1.0000	1.0000	1.0000	1.00000	0.99913	0.97054
41.429																																	1.0000	1.0000	1.0000	1.0000	1.0000	1.00000	0.99918	0.97137
41.672																																	1.0000	1.0000	1.0000	1.0000	1.0000	1.00000	0.99922	0.97218
41.914																																	1.0000	1.0000	1.0000	1.0000	1.0000	1.00000	0.99926	0.97297
42.156																																	1.0000	1.0000	1.0000	1.0000	1.0000	1.00000	0.99929	0.97373
42.398																																	1.0000	1.0000	1.0000	1.0000	1.0000	1.00000	0.99933	0.97448
42.641																																	1.0000	1.0000	1.0000	1.0000	1.0000	1.00000	0.99936	0.97520
42.883																																	1.0000	1.0000	1.0000	1.0000	1.0000	1.00000	0.99939	0.97591
43.125																																	1.0000	1.0000	1.0000	1.0000	1.0000	1.00000	0.99942	0.97659
43.367																																	1.0000	1.0000	1.0000	1.0000	1.0000	1.00000	0.99945	0.97726
43.610																																	1.0000	1.0000	1.0000	1.0000	1.0000	1.00000	0.99948	0.97790
43.852																																	1.0000	1.0000	1.0000	1.0000	1.0000	1.00000	0.99950	0.97853
44.094																																	1.0000	1.0000	1.0000	1.0000	1.0000	1.00000	0.99953	0.97914
44.337																																	1.0000	1.0000	1.0000	1.0000	1.0000	1.00000	0.99955	0.97974
44.579																																	1.0000	1.0000	1.0000	1.0000	1.0000	1.00000	0.99957	0.98032
44.821																																	1.0000	1.0000	1.0000	1.0000	1.0000	1.00000	0.99959	0.98088
45.063																																	1.0000	1.0000	1.0000	1.0000	1.0000	1.00000	0.99961	0.98142
45.306																																	1.0000	1.0000	1.0000	1.0000	1.0000	1.00000	0.99963	0.98195
45.548																																	1.0000	1.0000	1.0000	1.0000	1.0000	1.00000	0.99965	0.98247
45.790																																	1.0000	1.0000	1.0000	1.0000	1.0000	1.0000	0.99967	0.98297
46.033																																	1.0000	1.0000	1.0000	1.0000	1.0000	1.0000	0.99968	0.98346
46.275																																	1.0000	1.0000	1.0000	1.0000	1.0000	1.0000	0.99970	0.98393
46.517																																	1.0000	1.0000	1.0000	1.0000	1.0000	1.0000	0.99971	0.98439
46.759																																	1.0000	1.0000	1.0000	1.0000	1.0000	1.0000	0.99973	0.98484
47.002																																	1.0000	1.0000	1.0000	1.0000	1.0000	1.0000	0.99974	0.98528
47.244																																	1.0000	1.0000	1.0000	1.0000	1.0000	1.0000	0.99975	0.98570
47.486																																	1.0000	1.0000	1.0000	1.0000	1.0000	1.0000	0.99977	0.98611
47.728																																	1.0000	1.0000	1.0000	1.0000	1.0000	1.0000	0.99978	0.98651
47.971																																	1.0000	1.0000	1.0000	1.0000	1.0000	1.0000	0.99979	0.98690
48.213																																	1.0000	1.0000	1.0000	1.0000	1.0000	1.0000	0.99980	0.98727
