"Molec.Weight","S_Apparent","S_20_W","D_Apparent","D_20_W","f/f0","Vbar20","Concentration","Conc.Percent"
"7.3554e+03","9.9123e-14","1.0000e-13","1.1712e-06","1.1727e-06","1.4286e+00","7.1870e-01","8.1536e-05"," 0.02 %"
"9.6689e+03","9.9123e-14","1.0000e-13","8.9098e-07","8.9207e-07","1.7143e+00","7.1870e-01","1.0846e-04"," 0.02 %"
"1.0902e+04","9.9123e-14","1.0000e-13","7.9018e-07","7.9115e-07","1.8571e+00","7.1870e-01","6.0470e-05"," 0.01 %"
"1.1833e+04","1.2372e-13","1.2481e-13","9.0871e-07","9.0982e-07","1.5714e+00","7.1870e-01","5.6209e-04"," 0.12 %"
"1.3482e+04","1.2372e-13","1.2481e-13","7.9752e-07","7.9850e-07","1.7143e+00","7.1870e-01","1.0320e-03"," 0.23 %"
"1.6990e+04","1.2372e-13","1.2481e-13","6.3288e-07","6.3365e-07","2.0000e+00","7.1870e-01","3.1215e-04"," 0.07 %"
"9.6326e+03","1.4831e-13","1.4962e-13","1.3382e-06","1.3398e-06","1.1429e+00","7.1870e-01","2.6380e-04"," 0.06 %"
"1.1494e+04","1.4831e-13","1.4962e-13","1.1214e-06","1.1228e-06","1.2857e+00","7.1870e-01","7.1153e-03"," 1.55 %"
"1.3462e+04","1.4831e-13","1.4962e-13","9.5750e-07","9.5867e-07","1.4286e+00","7.1870e-01","1.4336e-02"," 3.13 %"
"1.5531e+04","1.4831e-13","1.4962e-13","8.2995e-07","8.3096e-07","1.5714e+00","7.1870e-01","2.5672e-03"," 0.56 %"
"1.7696e+04","1.4831e-13","1.4962e-13","7.2840e-07","7.2929e-07","1.7143e+00","7.1870e-01","1.1318e-03"," 0.25 %"
"1.9954e+04","1.4831e-13","1.4962e-13","6.4599e-07","6.4678e-07","1.8571e+00","7.1870e-01","6.9975e-05"," 0.02 %"
"2.2300e+04","1.4831e-13","1.4962e-13","5.7803e-07","5.7873e-07","2.0000e+00","7.1870e-01","9.1178e-07"," 0.00 %"
"9.9244e+03","1.7291e-13","1.7444e-13","1.5142e-06","1.5160e-06","1.0000e+00","7.1870e-01","9.7697e-05"," 0.02 %"
"1.2125e+04","1.7291e-13","1.7444e-13","1.2393e-06","1.2408e-06","1.1429e+00","7.1870e-01","3.7227e-02"," 8.12 %"
"1.4469e+04","1.7291e-13","1.7444e-13","1.0386e-06","1.0399e-06","1.2857e+00","7.1870e-01","9.7789e-03"," 2.13 %"
"1.6946e+04","1.7291e-13","1.7444e-13","8.8679e-07","8.8788e-07","1.4286e+00","7.1870e-01","2.8233e-04"," 0.06 %"
"2.5117e+04","1.7291e-13","1.7444e-13","5.9828e-07","5.9902e-07","1.8571e+00","7.1870e-01","1.6199e-05"," 0.00 %"
"2.8071e+04","1.7291e-13","1.7444e-13","5.3534e-07","5.3600e-07","2.0000e+00","7.1870e-01","3.2053e-06"," 0.00 %"
"1.2116e+04","1.9750e-13","1.9925e-13","1.4168e-06","1.4185e-06","1.0000e+00","7.1870e-01","6.3947e-03"," 1.39 %"
"1.4802e+04","1.9750e-13","1.9925e-13","1.1596e-06","1.1610e-06","1.1429e+00","7.1870e-01","1.8321e-03"," 0.40 %"
"1.7663e+04","1.9750e-13","1.9925e-13","9.7181e-07","9.7300e-07","1.2857e+00","7.1870e-01","6.6162e-05"," 0.01 %"
"2.0687e+04","1.9750e-13","1.9925e-13","8.2974e-07","8.3076e-07","1.4286e+00","7.1870e-01","1.6722e-05"," 0.00 %"
"3.4268e+04","1.9750e-13","1.9925e-13","5.0090e-07","5.0151e-07","2.0000e+00","7.1870e-01","1.6404e-06"," 0.00 %"
"1.4448e+04","2.2209e-13","2.2406e-13","1.3360e-06","1.3377e-06","1.0000e+00","7.1870e-01","3.3853e-03"," 0.74 %"
"2.4669e+04","2.2209e-13","2.2406e-13","7.8245e-07","7.8341e-07","1.4286e+00","7.1870e-01","1.0809e-05"," 0.00 %"
"1.6913e+04","2.4669e-13","2.4887e-13","1.2677e-06","1.2692e-06","1.0000e+00","7.1870e-01","3.9681e-04"," 0.09 %"
"1.9504e+04","2.7128e-13","2.7368e-13","1.2088e-06","1.2103e-06","1.0000e+00","7.1870e-01","3.6391e-05"," 0.01 %"
"2.2216e+04","2.9588e-13","2.9850e-13","1.1575e-06","1.1589e-06","1.0000e+00","7.1870e-01","4.6299e-05"," 0.01 %"
"2.5042e+04","3.2047e-13","3.2331e-13","1.1122e-06","1.1136e-06","1.0000e+00","7.1870e-01","2.4877e-05"," 0.01 %"
"3.0596e+04","3.2047e-13","3.2331e-13","9.1033e-07","9.1144e-07","1.1429e+00","7.1870e-01","9.0196e-06"," 0.00 %"
"2.7980e+04","3.4507e-13","3.4812e-13","1.0718e-06","1.0732e-06","1.0000e+00","7.1870e-01","3.6041e-06"," 0.00 %"
"3.1024e+04","3.6966e-13","3.7293e-13","1.0356e-06","1.0368e-06","1.0000e+00","7.1870e-01","7.8315e-06"," 0.00 %"
"1.2995e+05","5.1723e-13","5.2181e-13","3.4592e-07","3.4634e-07","1.8571e+00","7.1870e-01","2.4938e-06"," 0.00 %"
"1.2357e+05","5.4182e-13","5.4662e-13","3.8109e-07","3.8156e-07","1.7143e+00","7.1870e-01","2.0004e-06"," 0.00 %"
"1.3933e+05","5.4182e-13","5.4662e-13","3.3797e-07","3.3839e-07","1.8571e+00","7.1870e-01","4.6754e-06"," 0.00 %"
"1.8129e+05","7.6317e-13","7.6992e-13","3.6587e-07","3.6632e-07","1.5714e+00","7.1870e-01","8.6507e-06"," 0.00 %"
"2.0656e+05","7.6317e-13","7.6992e-13","3.2110e-07","3.2150e-07","1.7143e+00","7.1870e-01","1.4358e-05"," 0.00 %"
"2.6030e+05","7.6317e-13","7.6992e-13","2.5481e-07","2.5513e-07","2.0000e+00","7.1870e-01","4.9010e-06"," 0.00 %"
"2.7298e+05","7.8777e-13","7.9474e-13","2.5081e-07","2.5111e-07","2.0000e+00","7.1870e-01","3.7440e-06"," 0.00 %"
"2.5845e+05","8.8614e-13","8.9398e-13","2.9799e-07","2.9836e-07","1.7143e+00","7.1870e-01","1.7412e-05"," 0.00 %"
"2.0485e+05","9.1074e-13","9.1880e-13","3.8639e-07","3.8687e-07","1.4286e+00","7.1870e-01","9.3199e-06"," 0.00 %"
"2.3633e+05","9.1074e-13","9.1880e-13","3.3492e-07","3.3533e-07","1.5714e+00","7.1870e-01","5.2253e-05"," 0.01 %"
"2.6928e+05","9.1074e-13","9.1880e-13","2.9394e-07","2.9430e-07","1.7143e+00","7.1870e-01","1.6249e-05"," 0.00 %"
"3.0363e+05","9.1074e-13","9.1880e-13","2.6068e-07","2.6100e-07","1.8571e+00","7.1870e-01","1.8068e-05"," 0.00 %"
"3.3933e+05","9.1074e-13","9.1880e-13","2.3326e-07","2.3354e-07","2.0000e+00","7.1870e-01","2.1904e-05"," 0.00 %"
"1.8204e+05","9.3533e-13","9.4361e-13","4.4656e-07","4.4711e-07","1.2857e+00","7.1870e-01","9.6755e-06"," 0.00 %"
"2.1320e+05","9.3533e-13","9.4361e-13","3.8128e-07","3.8175e-07","1.4286e+00","7.1870e-01","1.1004e-04"," 0.02 %"
"2.4597e+05","9.3533e-13","9.4361e-13","3.3049e-07","3.3089e-07","1.5714e+00","7.1870e-01","4.5248e-05"," 0.01 %"
"2.8026e+05","9.3533e-13","9.4361e-13","2.9005e-07","2.9040e-07","1.7143e+00","7.1870e-01","1.9809e-05"," 0.00 %"
"3.1602e+05","9.3533e-13","9.4361e-13","2.5723e-07","2.5755e-07","1.8571e+00","7.1870e-01","6.9387e-05"," 0.02 %"
"3.5317e+05","9.3533e-13","9.4361e-13","2.3017e-07","2.3045e-07","2.0000e+00","7.1870e-01","1.4141e-05"," 0.00 %"
"1.8926e+05","9.5993e-13","9.6842e-13","4.4080e-07","4.4134e-07","1.2857e+00","7.1870e-01","6.6113e-05"," 0.01 %"
"2.5574e+05","9.5993e-13","9.6842e-13","3.2623e-07","3.2663e-07","1.5714e+00","7.1870e-01","1.0978e-06"," 0.00 %"
"2.9139e+05","9.5993e-13","9.6842e-13","2.8631e-07","2.8666e-07","1.7143e+00","7.1870e-01","1.4010e-05"," 0.00 %"
"3.2856e+05","9.5993e-13","9.6842e-13","2.5392e-07","2.5423e-07","1.8571e+00","7.1870e-01","1.0946e-05"," 0.00 %"
"3.6719e+05","9.5993e-13","9.6842e-13","2.2720e-07","2.2748e-07","2.0000e+00","7.1870e-01","1.1344e-05"," 0.00 %"
"3.0266e+05","9.8452e-13","9.9323e-13","2.8271e-07","2.8306e-07","1.7143e+00","7.1870e-01","6.8011e-06"," 0.00 %"
"3.8139e+05","9.8452e-13","9.9323e-13","2.2435e-07","2.2462e-07","2.0000e+00","7.1870e-01","5.1948e-07"," 0.00 %"
"3.1407e+05","1.0091e-12","1.0181e-12","2.7924e-07","2.7959e-07","1.7143e+00","7.1870e-01","3.5548e-06"," 0.00 %"
"4.1033e+05","1.0337e-12","1.0429e-12","2.1895e-07","2.1921e-07","2.0000e+00","7.1870e-01","4.5871e-06"," 0.00 %"
"3.8034e+05","1.0583e-12","1.0677e-12","2.4183e-07","2.4212e-07","1.8571e+00","7.1870e-01","6.2348e-06"," 0.00 %"
"4.2506e+05","1.0583e-12","1.0677e-12","2.1639e-07","2.1665e-07","2.0000e+00","7.1870e-01","1.7390e-05"," 0.00 %"
"2.2677e+05","1.0829e-12","1.0925e-12","4.1502e-07","4.1553e-07","1.2857e+00","7.1870e-01","6.4111e-05"," 0.01 %"
"2.6560e+05","1.0829e-12","1.0925e-12","3.5435e-07","3.5478e-07","1.4286e+00","7.1870e-01","3.3312e-05"," 0.01 %"
"2.3454e+05","1.1075e-12","1.1173e-12","4.1039e-07","4.1089e-07","1.2857e+00","7.1870e-01","9.4616e-05"," 0.02 %"
"2.4240e+05","1.1321e-12","1.1421e-12","4.0590e-07","4.0640e-07","1.2857e+00","7.1870e-01","2.0470e-05"," 0.00 %"
"4.7028e+05","1.1321e-12","1.1421e-12","2.0922e-07","2.0947e-07","2.0000e+00","7.1870e-01","8.0051e-06"," 0.00 %"
"2.0980e+05","1.1567e-12","1.1669e-12","4.7916e-07","4.7975e-07","1.1429e+00","7.1870e-01","5.1303e-04"," 0.11 %"
"5.0126e+05","1.1813e-12","1.1917e-12","2.0481e-07","2.0506e-07","2.0000e+00","7.1870e-01","8.1193e-06"," 0.00 %"
"3.1210e+05","1.2059e-12","1.2165e-12","3.3580e-07","3.3621e-07","1.4286e+00","7.1870e-01","1.2792e-04"," 0.03 %"
"5.1700e+05","1.2059e-12","1.2165e-12","2.0271e-07","2.0296e-07","2.0000e+00","7.1870e-01","9.5623e-06"," 0.00 %"
"3.7114e+05","1.2305e-12","1.2413e-12","2.8814e-07","2.8849e-07","1.5714e+00","7.1870e-01","3.1227e-05"," 0.01 %"
"4.9120e+05","1.2551e-12","1.2662e-12","2.2206e-07","2.2234e-07","1.8571e+00","7.1870e-01","1.1618e-04"," 0.03 %"
"3.4118e+05","1.2797e-12","1.2910e-12","3.2597e-07","3.2637e-07","1.4286e+00","7.1870e-01","2.3721e-05"," 0.01 %"
"3.9362e+05","1.2797e-12","1.2910e-12","2.8255e-07","2.8289e-07","1.5714e+00","7.1870e-01","3.1843e-05"," 0.01 %"
"4.4849e+05","1.2797e-12","1.2910e-12","2.4798e-07","2.4828e-07","1.7143e+00","7.1870e-01","2.0680e-04"," 0.05 %"
"5.0571e+05","1.2797e-12","1.2910e-12","2.1992e-07","2.2019e-07","1.8571e+00","7.1870e-01","2.2698e-04"," 0.05 %"
"5.6516e+05","1.2797e-12","1.2910e-12","1.9678e-07","1.9703e-07","2.0000e+00","7.1870e-01","5.9977e-04"," 0.13 %"
"3.5106e+05","1.3042e-12","1.3158e-12","3.2288e-07","3.2328e-07","1.4286e+00","7.1870e-01","2.9741e-05"," 0.01 %"
"4.6148e+05","1.3042e-12","1.3158e-12","2.4563e-07","2.4593e-07","1.7143e+00","7.1870e-01","1.2684e-05"," 0.00 %"
"5.2035e+05","1.3042e-12","1.3158e-12","2.1784e-07","2.1810e-07","1.8571e+00","7.1870e-01","1.0673e-04"," 0.02 %"
"5.8154e+05","1.3042e-12","1.3158e-12","1.9492e-07","1.9516e-07","2.0000e+00","7.1870e-01","1.8293e-04"," 0.04 %"
"5.3514e+05","1.3288e-12","1.3406e-12","2.1581e-07","2.1608e-07","1.8571e+00","7.1870e-01","4.4698e-05"," 0.01 %"
"5.9806e+05","1.3288e-12","1.3406e-12","1.9311e-07","1.9334e-07","2.0000e+00","7.1870e-01","3.1571e-04"," 0.07 %"
"2.1734e+05","1.3534e-12","1.3654e-12","5.4120e-07","5.4187e-07","1.0000e+00","7.1870e-01","2.7523e-05"," 0.01 %"
"5.5007e+05","1.3534e-12","1.3654e-12","2.1384e-07","2.1410e-07","1.8571e+00","7.1870e-01","6.0491e-05"," 0.01 %"
"6.1474e+05","1.3534e-12","1.3654e-12","1.9134e-07","1.9158e-07","2.0000e+00","7.1870e-01","4.2047e-04"," 0.09 %"
"5.0119e+05","1.3780e-12","1.3902e-12","2.3896e-07","2.3925e-07","1.7143e+00","7.1870e-01","3.5965e-05"," 0.01 %"
"5.6513e+05","1.3780e-12","1.3902e-12","2.1193e-07","2.1218e-07","1.8571e+00","7.1870e-01","1.2369e-04"," 0.03 %"
"6.3157e+05","1.3780e-12","1.3902e-12","1.8963e-07","1.8986e-07","2.0000e+00","7.1870e-01","3.5643e-04"," 0.08 %"
"5.1467e+05","1.4026e-12","1.4150e-12","2.3686e-07","2.3715e-07","1.7143e+00","7.1870e-01","2.3471e-05"," 0.01 %"
"5.8033e+05","1.4026e-12","1.4150e-12","2.1006e-07","2.1032e-07","1.8571e+00","7.1870e-01","6.6723e-05"," 0.01 %"
"6.4856e+05","1.4026e-12","1.4150e-12","1.8796e-07","1.8819e-07","2.0000e+00","7.1870e-01","3.3447e-04"," 0.07 %"
"5.9566e+05","1.4272e-12","1.4398e-12","2.0824e-07","2.0850e-07","1.8571e+00","7.1870e-01","1.7222e-04"," 0.04 %"
"6.6569e+05","1.4272e-12","1.4398e-12","1.8633e-07","1.8656e-07","2.0000e+00","7.1870e-01","3.1616e-04"," 0.07 %"
"5.4198e+05","1.4518e-12","1.4647e-12","2.3281e-07","2.3309e-07","1.7143e+00","7.1870e-01","3.5871e-05"," 0.01 %"
"6.1112e+05","1.4518e-12","1.4647e-12","2.0647e-07","2.0672e-07","1.8571e+00","7.1870e-01","1.6994e-04"," 0.04 %"
"6.8297e+05","1.4518e-12","1.4647e-12","1.8475e-07","1.8497e-07","2.0000e+00","7.1870e-01","2.0844e-04"," 0.05 %"
"4.8780e+05","1.4764e-12","1.4895e-12","2.6305e-07","2.6337e-07","1.5714e+00","7.1870e-01","2.7546e-05"," 0.01 %"
"5.5581e+05","1.4764e-12","1.4895e-12","2.3086e-07","2.3114e-07","1.7143e+00","7.1870e-01","1.3725e-04"," 0.03 %"
"6.2671e+05","1.4764e-12","1.4895e-12","2.0474e-07","2.0499e-07","1.8571e+00","7.1870e-01","4.7278e-05"," 0.01 %"
"7.0040e+05","1.4764e-12","1.4895e-12","1.8320e-07","1.8343e-07","2.0000e+00","7.1870e-01","1.0676e-04"," 0.02 %"
"3.7007e+05","1.5010e-12","1.5143e-12","3.5251e-07","3.5294e-07","1.2857e+00","7.1870e-01","3.9527e-05"," 0.01 %"
"4.3343e+05","1.5010e-12","1.5143e-12","3.0098e-07","3.0135e-07","1.4286e+00","7.1870e-01","2.2582e-04"," 0.05 %"
"5.0004e+05","1.5010e-12","1.5143e-12","2.6088e-07","2.6120e-07","1.5714e+00","7.1870e-01","4.6612e-05"," 0.01 %"
"5.6976e+05","1.5010e-12","1.5143e-12","2.2896e-07","2.2924e-07","1.7143e+00","7.1870e-01","4.9326e-05"," 0.01 %"
"6.4244e+05","1.5010e-12","1.5143e-12","2.0306e-07","2.0331e-07","1.8571e+00","7.1870e-01","5.2174e-05"," 0.01 %"
"2.6011e+05","1.5256e-12","1.5391e-12","5.0975e-07","5.1038e-07","1.0000e+00","7.1870e-01","1.3579e-05"," 0.00 %"
"3.7920e+05","1.5256e-12","1.5391e-12","3.4966e-07","3.5009e-07","1.2857e+00","7.1870e-01","9.2520e-05"," 0.02 %"
"4.4412e+05","1.5256e-12","1.5391e-12","2.9854e-07","2.9891e-07","1.4286e+00","7.1870e-01","2.1265e-04"," 0.05 %"
"5.1238e+05","1.5256e-12","1.5391e-12","2.5877e-07","2.5909e-07","1.5714e+00","7.1870e-01","1.1042e-04"," 0.02 %"
"6.5829e+05","1.5256e-12","1.5391e-12","2.0142e-07","2.0166e-07","1.8571e+00","7.1870e-01","1.2546e-04"," 0.03 %"
"7.3569e+05","1.5256e-12","1.5391e-12","1.8023e-07","1.8045e-07","2.0000e+00","7.1870e-01","1.9599e-04"," 0.04 %"
"2.6642e+05","1.5502e-12","1.5639e-12","5.0569e-07","5.0631e-07","1.0000e+00","7.1870e-01","4.5598e-04"," 0.10 %"
"3.2550e+05","1.5502e-12","1.5639e-12","4.1390e-07","4.1441e-07","1.1429e+00","7.1870e-01","3.4954e-04"," 0.08 %"
"3.8841e+05","1.5502e-12","1.5639e-12","3.4687e-07","3.4730e-07","1.2857e+00","7.1870e-01","1.7833e-04"," 0.04 %"
"4.5491e+05","1.5502e-12","1.5639e-12","2.9617e-07","2.9653e-07","1.4286e+00","7.1870e-01","9.1406e-05"," 0.02 %"
"5.2482e+05","1.5502e-12","1.5639e-12","2.5671e-07","2.5703e-07","1.5714e+00","7.1870e-01","5.3782e-05"," 0.01 %"
"5.9799e+05","1.5502e-12","1.5639e-12","2.2530e-07","2.2558e-07","1.7143e+00","7.1870e-01","4.8843e-06"," 0.00 %"
"6.7428e+05","1.5502e-12","1.5639e-12","1.9981e-07","2.0006e-07","1.8571e+00","7.1870e-01","7.1648e-06"," 0.00 %"
"7.5355e+05","1.5502e-12","1.5639e-12","1.7879e-07","1.7901e-07","2.0000e+00","7.1870e-01","2.6986e-04"," 0.06 %"
"2.7279e+05","1.5748e-12","1.5887e-12","5.0173e-07","5.0234e-07","1.0000e+00","7.1870e-01","1.2480e-03"," 0.27 %"
"3.3328e+05","1.5748e-12","1.5887e-12","4.1066e-07","4.1116e-07","1.1429e+00","7.1870e-01","5.0249e-05"," 0.01 %"
"3.9769e+05","1.5748e-12","1.5887e-12","3.4415e-07","3.4458e-07","1.2857e+00","7.1870e-01","1.9383e-04"," 0.04 %"
"4.6578e+05","1.5748e-12","1.5887e-12","2.9384e-07","2.9420e-07","1.4286e+00","7.1870e-01","8.2809e-05"," 0.02 %"
"6.9039e+05","1.5748e-12","1.5887e-12","1.9824e-07","1.9849e-07","1.8571e+00","7.1870e-01","1.6196e-05"," 0.00 %"
"7.7156e+05","1.5748e-12","1.5887e-12","1.7739e-07","1.7761e-07","2.0000e+00","7.1870e-01","1.1247e-04"," 0.02 %"
"2.7920e+05","1.5994e-12","1.6135e-12","4.9786e-07","4.9847e-07","1.0000e+00","7.1870e-01","3.1717e-04"," 0.07 %"
"3.4112e+05","1.5994e-12","1.6135e-12","4.0749e-07","4.0799e-07","1.1429e+00","7.1870e-01","2.6871e-04"," 0.06 %"
"4.0704e+05","1.5994e-12","1.6135e-12","3.4150e-07","3.4192e-07","1.2857e+00","7.1870e-01","3.1620e-05"," 0.01 %"
"4.7673e+05","1.5994e-12","1.6135e-12","2.9158e-07","2.9193e-07","1.4286e+00","7.1870e-01","4.7940e-06"," 0.00 %"
"6.2668e+05","1.5994e-12","1.6135e-12","2.2181e-07","2.2208e-07","1.7143e+00","7.1870e-01","1.9635e-06"," 0.00 %"
"7.0662e+05","1.5994e-12","1.6135e-12","1.9671e-07","1.9696e-07","1.8571e+00","7.1870e-01","7.3390e-06"," 0.00 %"
"7.8970e+05","1.5994e-12","1.6135e-12","1.7602e-07","1.7623e-07","2.0000e+00","7.1870e-01","3.1359e-05"," 0.01 %"
"2.8567e+05","1.6240e-12","1.6383e-12","4.9407e-07","4.9468e-07","1.0000e+00","7.1870e-01","4.9075e-04"," 0.11 %"
"4.1646e+05","1.6240e-12","1.6383e-12","3.3890e-07","3.3932e-07","1.2857e+00","7.1870e-01","1.7581e-05"," 0.00 %"
"2.9218e+05","1.6486e-12","1.6632e-12","4.9037e-07","4.9097e-07","1.0000e+00","7.1870e-01","2.2789e-04"," 0.05 %"
"8.2641e+05","1.6486e-12","1.6632e-12","1.7337e-07","1.7359e-07","2.0000e+00","7.1870e-01","2.3627e-06"," 0.00 %"
"2.9874e+05","1.6732e-12","1.6880e-12","4.8676e-07","4.8735e-07","1.0000e+00","7.1870e-01","2.9793e-03"," 0.65 %"
"3.6500e+05","1.6732e-12","1.6880e-12","3.9840e-07","3.9889e-07","1.1429e+00","7.1870e-01","4.1393e-05"," 0.01 %"
"3.0536e+05","1.6978e-12","1.7128e-12","4.8322e-07","4.8381e-07","1.0000e+00","7.1870e-01","6.2948e-03"," 1.37 %"
"3.7307e+05","1.6978e-12","1.7128e-12","3.9551e-07","3.9599e-07","1.1429e+00","7.1870e-01","6.4310e-06"," 0.00 %"
"3.1201e+05","1.7223e-12","1.7376e-12","4.7975e-07","4.8034e-07","1.0000e+00","7.1870e-01","2.0099e-03"," 0.44 %"
"7.8966e+05","1.7223e-12","1.7376e-12","1.8956e-07","1.8979e-07","1.8571e+00","7.1870e-01","3.4516e-06"," 0.00 %"
"8.8251e+05","1.7223e-12","1.7376e-12","1.6962e-07","1.6983e-07","2.0000e+00","7.1870e-01","8.7106e-06"," 0.00 %"
"3.1872e+05","1.7469e-12","1.7624e-12","4.7637e-07","4.7695e-07","1.0000e+00","7.1870e-01","4.5653e-04"," 0.10 %"
"3.2548e+05","1.7715e-12","1.7872e-12","4.7305e-07","4.7363e-07","1.0000e+00","7.1870e-01","1.2878e-03"," 0.28 %"
"7.3054e+05","1.7715e-12","1.7872e-12","2.1076e-07","2.1101e-07","1.7143e+00","7.1870e-01","3.5554e-06"," 0.00 %"
"9.2058e+05","1.7715e-12","1.7872e-12","1.6725e-07","1.6745e-07","2.0000e+00","7.1870e-01","1.3596e-05"," 0.00 %"
"3.3228e+05","1.7961e-12","1.8120e-12","4.6980e-07","4.7037e-07","1.0000e+00","7.1870e-01","2.0952e-04"," 0.05 %"
"3.3913e+05","1.8207e-12","1.8368e-12","4.6661e-07","4.6719e-07","1.0000e+00","7.1870e-01","9.1616e-04"," 0.20 %"
"8.5828e+05","1.8207e-12","1.8368e-12","1.8437e-07","1.8460e-07","1.8571e+00","7.1870e-01","1.8440e-06"," 0.00 %"
"9.5919e+05","1.8207e-12","1.8368e-12","1.6497e-07","1.6517e-07","2.0000e+00","7.1870e-01","8.3665e-05"," 0.02 %"
"3.4602e+05","1.8453e-12","1.8616e-12","4.6349e-07","4.6406e-07","1.0000e+00","7.1870e-01","9.8710e-04"," 0.22 %"
"6.8162e+05","1.8453e-12","1.8616e-12","2.3529e-07","2.3558e-07","1.5714e+00","7.1870e-01","1.6526e-05"," 0.00 %"
"8.7573e+05","1.8453e-12","1.8616e-12","1.8314e-07","1.8336e-07","1.8571e+00","7.1870e-01","1.7829e-05"," 0.00 %"
"3.5296e+05","1.8699e-12","1.8865e-12","4.6044e-07","4.6100e-07","1.0000e+00","7.1870e-01","2.9792e-03"," 0.65 %"
"7.9223e+05","1.8699e-12","1.8865e-12","2.0514e-07","2.0539e-07","1.7143e+00","7.1870e-01","1.5137e-05"," 0.00 %"
"9.9832e+05","1.8699e-12","1.8865e-12","1.6279e-07","1.6299e-07","2.0000e+00","7.1870e-01","7.1868e-05"," 0.02 %"
"3.5995e+05","1.8945e-12","1.9113e-12","4.5744e-07","4.5800e-07","1.0000e+00","7.1870e-01","4.6877e-03"," 1.02 %"
"4.3977e+05","1.8945e-12","1.9113e-12","3.7441e-07","3.7486e-07","1.1429e+00","7.1870e-01","2.2025e-05"," 0.00 %"
"1.0181e+06","1.8945e-12","1.9113e-12","1.6173e-07","1.6193e-07","2.0000e+00","7.1870e-01","8.3207e-05"," 0.02 %"
"3.6698e+05","1.9191e-12","1.9361e-12","4.5450e-07","4.5505e-07","1.0000e+00","7.1870e-01","5.0098e-03"," 1.09 %"
"6.2660e+05","1.9191e-12","1.9361e-12","2.6618e-07","2.6651e-07","1.4286e+00","7.1870e-01","1.2417e-05"," 0.00 %"
"7.2291e+05","1.9191e-12","1.9361e-12","2.3072e-07","2.3100e-07","1.5714e+00","7.1870e-01","3.3752e-06"," 0.00 %"
"8.2369e+05","1.9191e-12","1.9361e-12","2.0249e-07","2.0274e-07","1.7143e+00","7.1870e-01","2.9356e-06"," 0.00 %"
"1.0380e+06","1.9191e-12","1.9361e-12","1.6069e-07","1.6089e-07","2.0000e+00","7.1870e-01","3.0210e-06"," 0.00 %"
"3.7406e+05","1.9437e-12","1.9609e-12","4.5161e-07","4.5217e-07","1.0000e+00","7.1870e-01","3.4364e-03"," 0.75 %"
"1.0580e+06","1.9437e-12","1.9609e-12","1.5967e-07","1.5987e-07","2.0000e+00","7.1870e-01","6.8832e-06"," 0.00 %"
"3.8118e+05","1.9683e-12","1.9857e-12","4.4878e-07","4.4933e-07","1.0000e+00","7.1870e-01","2.1120e-03"," 0.46 %"
"6.5085e+05","1.9683e-12","1.9857e-12","2.6283e-07","2.6316e-07","1.4286e+00","7.1870e-01","7.1908e-06"," 0.00 %"
"1.0781e+06","1.9683e-12","1.9857e-12","1.5867e-07","1.5886e-07","2.0000e+00","7.1870e-01","1.3101e-06"," 0.00 %"
"3.8834e+05","1.9929e-12","2.0105e-12","4.4600e-07","4.4655e-07","1.0000e+00","7.1870e-01","1.6663e-03"," 0.36 %"
"8.7165e+05","1.9929e-12","2.0105e-12","1.9871e-07","1.9895e-07","1.7143e+00","7.1870e-01","6.0273e-08"," 0.00 %"
"1.0984e+06","1.9929e-12","2.0105e-12","1.5769e-07","1.5788e-07","2.0000e+00","7.1870e-01","1.5635e-05"," 0.00 %"
"3.9556e+05","2.0175e-12","2.0353e-12","4.4328e-07","4.4382e-07","1.0000e+00","7.1870e-01","6.6721e-04"," 0.15 %"
"1.1188e+06","2.0175e-12","2.0353e-12","1.5672e-07","1.5691e-07","2.0000e+00","7.1870e-01","4.0668e-06"," 0.00 %"
"4.0281e+05","2.0421e-12","2.0601e-12","4.4060e-07","4.4114e-07","1.0000e+00","7.1870e-01","1.0442e-03"," 0.23 %"
"1.1393e+06","2.0421e-12","2.0601e-12","1.5578e-07","1.5597e-07","2.0000e+00","7.1870e-01","5.2222e-05"," 0.01 %"
"4.1011e+05","2.0667e-12","2.0850e-12","4.3797e-07","4.3851e-07","1.0000e+00","7.1870e-01","1.9063e-03"," 0.42 %"
"7.0025e+05","2.0667e-12","2.0850e-12","2.5650e-07","2.5682e-07","1.4286e+00","7.1870e-01","3.3608e-05"," 0.01 %"
"1.0379e+06","2.0667e-12","2.0850e-12","1.7305e-07","1.7326e-07","1.8571e+00","7.1870e-01","1.7452e-06"," 0.00 %"
"1.1600e+06","2.0667e-12","2.0850e-12","1.5485e-07","1.5504e-07","2.0000e+00","7.1870e-01","2.3248e-05"," 0.01 %"
"4.1745e+05","2.0913e-12","2.1098e-12","4.3539e-07","4.3592e-07","1.0000e+00","7.1870e-01","1.3540e-03"," 0.30 %"
"1.1807e+06","2.0913e-12","2.1098e-12","1.5393e-07","1.5412e-07","2.0000e+00","7.1870e-01","7.6352e-05"," 0.02 %"
"4.2484e+05","2.1159e-12","2.1346e-12","4.3285e-07","4.3338e-07","1.0000e+00","7.1870e-01","3.8320e-03"," 0.84 %"
"8.3688e+05","2.1159e-12","2.1346e-12","2.1973e-07","2.2000e-07","1.5714e+00","7.1870e-01","1.5366e-05"," 0.00 %"
"1.0752e+06","2.1159e-12","2.1346e-12","1.7103e-07","1.7124e-07","1.8571e+00","7.1870e-01","6.8059e-06"," 0.00 %"
"4.3227e+05","2.1405e-12","2.1594e-12","4.3035e-07","4.3088e-07","1.0000e+00","7.1870e-01","4.7509e-03"," 1.04 %"
"5.2813e+05","2.1405e-12","2.1594e-12","3.5224e-07","3.5267e-07","1.1429e+00","7.1870e-01","1.4566e-04"," 0.03 %"
"9.7023e+05","2.1405e-12","2.1594e-12","1.9174e-07","1.9197e-07","1.7143e+00","7.1870e-01","8.2626e-05"," 0.02 %"
"1.0940e+06","2.1405e-12","2.1594e-12","1.7004e-07","1.7025e-07","1.8571e+00","7.1870e-01","2.7579e-05"," 0.01 %"
"1.2226e+06","2.1405e-12","2.1594e-12","1.5215e-07","1.5234e-07","2.0000e+00","7.1870e-01","1.7375e-05"," 0.00 %"
"4.3974e+05","2.1650e-12","2.1842e-12","4.2790e-07","4.2843e-07","1.0000e+00","7.1870e-01","6.2205e-03"," 1.36 %"
"1.1129e+06","2.1650e-12","2.1842e-12","1.6907e-07","1.6928e-07","1.8571e+00","7.1870e-01","1.4080e-05"," 0.00 %"
"1.2438e+06","2.1650e-12","2.1842e-12","1.5129e-07","1.5147e-07","2.0000e+00","7.1870e-01","7.1940e-05"," 0.02 %"
"4.4725e+05","2.1896e-12","2.2090e-12","4.2549e-07","4.2602e-07","1.0000e+00","7.1870e-01","5.3553e-03"," 1.17 %"
"1.0039e+06","2.1896e-12","2.2090e-12","1.8957e-07","1.8980e-07","1.7143e+00","7.1870e-01","9.0375e-07"," 0.00 %"
"1.1319e+06","2.1896e-12","2.2090e-12","1.6812e-07","1.6833e-07","1.8571e+00","7.1870e-01","2.5145e-05"," 0.01 %"
"1.2650e+06","2.1896e-12","2.2090e-12","1.5043e-07","1.5062e-07","2.0000e+00","7.1870e-01","1.0077e-05"," 0.00 %"
"4.5481e+05","2.2142e-12","2.2338e-12","4.2312e-07","4.2364e-07","1.0000e+00","7.1870e-01","8.3324e-04"," 0.18 %"
"5.5567e+05","2.2142e-12","2.2338e-12","3.4632e-07","3.4675e-07","1.1429e+00","7.1870e-01","3.3406e-05"," 0.01 %"
"1.2864e+06","2.2142e-12","2.2338e-12","1.4960e-07","1.4978e-07","2.0000e+00","7.1870e-01","1.3000e-05"," 0.00 %"
"4.6241e+05","2.2388e-12","2.2586e-12","4.2079e-07","4.2131e-07","1.0000e+00","7.1870e-01","4.3367e-04"," 0.09 %"
"1.1703e+06","2.2388e-12","2.2586e-12","1.6627e-07","1.6647e-07","1.8571e+00","7.1870e-01","3.2165e-06"," 0.00 %"
"1.3079e+06","2.2388e-12","2.2586e-12","1.4877e-07","1.4895e-07","2.0000e+00","7.1870e-01","6.5679e-05"," 0.01 %"
"4.7005e+05","2.2634e-12","2.2835e-12","4.1850e-07","4.1901e-07","1.0000e+00","7.1870e-01","6.7552e-03"," 1.47 %"
"5.7429e+05","2.2634e-12","2.2835e-12","3.4254e-07","3.4296e-07","1.1429e+00","7.1870e-01","1.2628e-04"," 0.03 %"
"6.8526e+05","2.2634e-12","2.2835e-12","2.8707e-07","2.8742e-07","1.2857e+00","7.1870e-01","1.2425e-04"," 0.03 %"
"1.0550e+06","2.2634e-12","2.2835e-12","1.8645e-07","1.8668e-07","1.7143e+00","7.1870e-01","3.8142e-06"," 0.00 %"
"1.1896e+06","2.2634e-12","2.2835e-12","1.6536e-07","1.6556e-07","1.8571e+00","7.1870e-01","3.0990e-06"," 0.00 %"
"4.7773e+05","2.2880e-12","2.3083e-12","4.1625e-07","4.1676e-07","1.0000e+00","7.1870e-01","2.0249e-03"," 0.44 %"
"1.3512e+06","2.2880e-12","2.3083e-12","1.4716e-07","1.4735e-07","2.0000e+00","7.1870e-01","3.7315e-05"," 0.01 %"
"4.8545e+05","2.3126e-12","2.3331e-12","4.1403e-07","4.1453e-07","1.0000e+00","7.1870e-01","2.2611e-03"," 0.49 %"
"1.2286e+06","2.3126e-12","2.3331e-12","1.6359e-07","1.6379e-07","1.8571e+00","7.1870e-01","5.3968e-05"," 0.01 %"
"4.9322e+05","2.3372e-12","2.3579e-12","4.1184e-07","4.1235e-07","1.0000e+00","7.1870e-01","1.6839e-03"," 0.37 %"
"1.2483e+06","2.3372e-12","2.3579e-12","1.6273e-07","1.6293e-07","1.8571e+00","7.1870e-01","1.6901e-05"," 0.00 %"
"1.3950e+06","2.3372e-12","2.3579e-12","1.4561e-07","1.4579e-07","2.0000e+00","7.1870e-01","2.6156e-05"," 0.01 %"
"5.0102e+05","2.3618e-12","2.3827e-12","4.0969e-07","4.1019e-07","1.0000e+00","7.1870e-01","1.5920e-03"," 0.35 %"
"8.5548e+05","2.3618e-12","2.3827e-12","2.3994e-07","2.4024e-07","1.4286e+00","7.1870e-01","1.1671e-05"," 0.00 %"
"9.8696e+05","2.3618e-12","2.3827e-12","2.0798e-07","2.0823e-07","1.5714e+00","7.1870e-01","1.7448e-05"," 0.00 %"
"1.4171e+06","2.3618e-12","2.3827e-12","1.4485e-07","1.4503e-07","2.0000e+00","7.1870e-01","5.7271e-05"," 0.01 %"
"5.0887e+05","2.3864e-12","2.4075e-12","4.0758e-07","4.0808e-07","1.0000e+00","7.1870e-01","5.0659e-03"," 1.10 %"
"6.2172e+05","2.3864e-12","2.4075e-12","3.3360e-07","3.3400e-07","1.1429e+00","7.1870e-01","9.4464e-05"," 0.02 %"
"1.2879e+06","2.3864e-12","2.4075e-12","1.6104e-07","1.6124e-07","1.8571e+00","7.1870e-01","1.3253e-05"," 0.00 %"
"1.4393e+06","2.3864e-12","2.4075e-12","1.4410e-07","1.4428e-07","2.0000e+00","7.1870e-01","1.4724e-05"," 0.00 %"
"5.1676e+05","2.4110e-12","2.4323e-12","4.0549e-07","4.0599e-07","1.0000e+00","7.1870e-01","2.0093e-03"," 0.44 %"
"1.3078e+06","2.4110e-12","2.4323e-12","1.6022e-07","1.6041e-07","1.8571e+00","7.1870e-01","1.3260e-05"," 0.00 %"
"1.4616e+06","2.4110e-12","2.4323e-12","1.4336e-07","1.4354e-07","2.0000e+00","7.1870e-01","4.5994e-05"," 0.01 %"
"5.2468e+05","2.4356e-12","2.4571e-12","4.0344e-07","4.0393e-07","1.0000e+00","7.1870e-01","2.4863e-03"," 0.54 %"
"1.3279e+06","2.4356e-12","2.4571e-12","1.5941e-07","1.5960e-07","1.8571e+00","7.1870e-01","4.9265e-06"," 0.00 %"
"1.4840e+06","2.4356e-12","2.4571e-12","1.4264e-07","1.4281e-07","2.0000e+00","7.1870e-01","6.1856e-05"," 0.01 %"
"5.3265e+05","2.4602e-12","2.4819e-12","4.0142e-07","4.0191e-07","1.0000e+00","7.1870e-01","1.5252e-03"," 0.33 %"
"1.1956e+06","2.4602e-12","2.4819e-12","1.7884e-07","1.7906e-07","1.7143e+00","7.1870e-01","2.8069e-05"," 0.01 %"
"1.5066e+06","2.4602e-12","2.4819e-12","1.4192e-07","1.4210e-07","2.0000e+00","7.1870e-01","2.8673e-05"," 0.01 %"
"5.4066e+05","2.4848e-12","2.5068e-12","3.9943e-07","3.9992e-07","1.0000e+00","7.1870e-01","8.2465e-03"," 1.80 %"
"6.6056e+05","2.4848e-12","2.5068e-12","3.2693e-07","3.2733e-07","1.1429e+00","7.1870e-01","9.3537e-05"," 0.02 %"
"1.0650e+06","2.4848e-12","2.5068e-12","2.0277e-07","2.0301e-07","1.5714e+00","7.1870e-01","9.0957e-06"," 0.00 %"
"1.2135e+06","2.4848e-12","2.5068e-12","1.7796e-07","1.7817e-07","1.7143e+00","7.1870e-01","1.2795e-05"," 0.00 %"
"1.5292e+06","2.4848e-12","2.5068e-12","1.4122e-07","1.4139e-07","2.0000e+00","7.1870e-01","7.2340e-05"," 0.02 %"
"5.4871e+05","2.5094e-12","2.5316e-12","3.9746e-07","3.9795e-07","1.0000e+00","7.1870e-01","3.3703e-03"," 0.73 %"
"1.2316e+06","2.5094e-12","2.5316e-12","1.7708e-07","1.7730e-07","1.7143e+00","7.1870e-01","4.9876e-05"," 0.01 %"
"1.5520e+06","2.5094e-12","2.5316e-12","1.4052e-07","1.4070e-07","2.0000e+00","7.1870e-01","4.5637e-05"," 0.01 %"
"5.5679e+05","2.5340e-12","2.5564e-12","3.9553e-07","3.9601e-07","1.0000e+00","7.1870e-01","4.2815e-03"," 0.93 %"
"1.0968e+06","2.5340e-12","2.5564e-12","2.0079e-07","2.0103e-07","1.5714e+00","7.1870e-01","7.4142e-06"," 0.00 %"
"1.2497e+06","2.5340e-12","2.5564e-12","1.7622e-07","1.7644e-07","1.7143e+00","7.1870e-01","3.1256e-05"," 0.01 %"
"1.5748e+06","2.5340e-12","2.5564e-12","1.3984e-07","1.4001e-07","2.0000e+00","7.1870e-01","2.1310e-05"," 0.00 %"
"5.6492e+05","2.5586e-12","2.5812e-12","3.9362e-07","3.9411e-07","1.0000e+00","7.1870e-01","5.6074e-03"," 1.22 %"
"6.9020e+05","2.5586e-12","2.5812e-12","3.2218e-07","3.2257e-07","1.1429e+00","7.1870e-01","2.4851e-04"," 0.05 %"
"1.1128e+06","2.5586e-12","2.5812e-12","1.9982e-07","2.0007e-07","1.5714e+00","7.1870e-01","2.6728e-05"," 0.01 %"
"1.5978e+06","2.5586e-12","2.5812e-12","1.3917e-07","1.3934e-07","2.0000e+00","7.1870e-01","7.2787e-05"," 0.02 %"
"5.7308e+05","2.5832e-12","2.6060e-12","3.9175e-07","3.9223e-07","1.0000e+00","7.1870e-01","4.6191e-03"," 1.01 %"
"8.3548e+05","2.5832e-12","2.6060e-12","2.6871e-07","2.6904e-07","1.2857e+00","7.1870e-01","7.6576e-05"," 0.02 %"
"1.4504e+06","2.5832e-12","2.6060e-12","1.5479e-07","1.5498e-07","1.8571e+00","7.1870e-01","8.0812e-06"," 0.00 %"
"1.6209e+06","2.5832e-12","2.6060e-12","1.3850e-07","1.3867e-07","2.0000e+00","7.1870e-01","4.9195e-05"," 0.01 %"
"5.8129e+05","2.6078e-12","2.6308e-12","3.8989e-07","3.9037e-07","1.0000e+00","7.1870e-01","2.0800e-03"," 0.45 %"
"9.9253e+05","2.6078e-12","2.6308e-12","2.2835e-07","2.2863e-07","1.4286e+00","7.1870e-01","1.4304e-06"," 0.00 %"
"1.1451e+06","2.6078e-12","2.6308e-12","1.9793e-07","1.9817e-07","1.5714e+00","7.1870e-01","4.4165e-05"," 0.01 %"
"1.6441e+06","2.6078e-12","2.6308e-12","1.3785e-07","1.3802e-07","2.0000e+00","7.1870e-01","9.5095e-05"," 0.02 %"
"5.8953e+05","2.6323e-12","2.6556e-12","3.8807e-07","3.8854e-07","1.0000e+00","7.1870e-01","9.0229e-04"," 0.20 %"
"1.1613e+06","2.6323e-12","2.6556e-12","1.9700e-07","1.9724e-07","1.5714e+00","7.1870e-01","7.0540e-06"," 0.00 %"
"5.9781e+05","2.6569e-12","2.6804e-12","3.8627e-07","3.8674e-07","1.0000e+00","7.1870e-01","2.1946e-03"," 0.48 %"
"7.3038e+05","2.6569e-12","2.6804e-12","3.1616e-07","3.1654e-07","1.1429e+00","7.1870e-01","3.2781e-05"," 0.01 %"
"1.1776e+06","2.6569e-12","2.6804e-12","1.9609e-07","1.9633e-07","1.5714e+00","7.1870e-01","1.2001e-05"," 0.00 %"
"1.5130e+06","2.6569e-12","2.6804e-12","1.5262e-07","1.5281e-07","1.8571e+00","7.1870e-01","2.2648e-06"," 0.00 %"
"1.6909e+06","2.6569e-12","2.6804e-12","1.3657e-07","1.3673e-07","2.0000e+00","7.1870e-01","4.7676e-06"," 0.00 %"
"6.0613e+05","2.6815e-12","2.7053e-12","3.8449e-07","3.8496e-07","1.0000e+00","7.1870e-01","1.2571e-03"," 0.27 %"
"7.4055e+05","2.6815e-12","2.7053e-12","3.1470e-07","3.1509e-07","1.1429e+00","7.1870e-01","1.7062e-04"," 0.04 %"
"1.7144e+06","2.6815e-12","2.7053e-12","1.3594e-07","1.3610e-07","2.0000e+00","7.1870e-01","1.2329e-05"," 0.00 %"
"6.1449e+05","2.7061e-12","2.7301e-12","3.8274e-07","3.8321e-07","1.0000e+00","7.1870e-01","4.5943e-03"," 1.00 %"
"1.3792e+06","2.7061e-12","2.7301e-12","1.7052e-07","1.7073e-07","1.7143e+00","7.1870e-01","1.2904e-05"," 0.00 %"
"6.2288e+05","2.7307e-12","2.7549e-12","3.8101e-07","3.8148e-07","1.0000e+00","7.1870e-01","2.1797e-03"," 0.48 %"
"7.6102e+05","2.7307e-12","2.7549e-12","3.1186e-07","3.1224e-07","1.1429e+00","7.1870e-01","8.8155e-05"," 0.02 %"
"9.0808e+05","2.7307e-12","2.7549e-12","2.6135e-07","2.6167e-07","1.2857e+00","7.1870e-01","2.2196e-06"," 0.00 %"
"1.0636e+06","2.7307e-12","2.7549e-12","2.2315e-07","2.2342e-07","1.4286e+00","7.1870e-01","2.1379e-05"," 0.00 %"
"1.5764e+06","2.7307e-12","2.7549e-12","1.5055e-07","1.5073e-07","1.8571e+00","7.1870e-01","8.0770e-06"," 0.00 %"
"1.7618e+06","2.7307e-12","2.7549e-12","1.3471e-07","1.3487e-07","2.0000e+00","7.1870e-01","1.6242e-05"," 0.00 %"
"6.3132e+05","2.7553e-12","2.7797e-12","3.7931e-07","3.7977e-07","1.0000e+00","7.1870e-01","1.8180e-03"," 0.40 %"
"7.7132e+05","2.7553e-12","2.7797e-12","3.1046e-07","3.1084e-07","1.1429e+00","7.1870e-01","9.0130e-05"," 0.02 %"
"1.7856e+06","2.7553e-12","2.7797e-12","1.3411e-07","1.3427e-07","2.0000e+00","7.1870e-01","7.4037e-06"," 0.00 %"
"6.3979e+05","2.7799e-12","2.8045e-12","3.7763e-07","3.7809e-07","1.0000e+00","7.1870e-01","1.3195e-03"," 0.29 %"
"1.6192e+06","2.7799e-12","2.8045e-12","1.4921e-07","1.4939e-07","1.8571e+00","7.1870e-01","5.1804e-05"," 0.01 %"
"1.8096e+06","2.7799e-12","2.8045e-12","1.3351e-07","1.3368e-07","2.0000e+00","7.1870e-01","6.3427e-05"," 0.01 %"
"6.4830e+05","2.8045e-12","2.8293e-12","3.7597e-07","3.7643e-07","1.0000e+00","7.1870e-01","4.6991e-03"," 1.02 %"
"1.2771e+06","2.8045e-12","2.8293e-12","1.9086e-07","1.9109e-07","1.5714e+00","7.1870e-01","1.7737e-05"," 0.00 %"
"1.6408e+06","2.8045e-12","2.8293e-12","1.4855e-07","1.4874e-07","1.8571e+00","7.1870e-01","1.7772e-05"," 0.00 %"
"1.8337e+06","2.8045e-12","2.8293e-12","1.3293e-07","1.3309e-07","2.0000e+00","7.1870e-01","1.4975e-04"," 0.03 %"
"6.5685e+05","2.8291e-12","2.8541e-12","3.7433e-07","3.7479e-07","1.0000e+00","7.1870e-01","9.0615e-03"," 1.98 %"
"1.1215e+06","2.8291e-12","2.8541e-12","2.1923e-07","2.1950e-07","1.4286e+00","7.1870e-01","1.0600e-05"," 0.00 %"
"1.2939e+06","2.8291e-12","2.8541e-12","1.9003e-07","1.9026e-07","1.5714e+00","7.1870e-01","5.1207e-05"," 0.01 %"
"1.4743e+06","2.8291e-12","2.8541e-12","1.6677e-07","1.6698e-07","1.7143e+00","7.1870e-01","2.1918e-05"," 0.00 %"
"1.6624e+06","2.8291e-12","2.8541e-12","1.4791e-07","1.4809e-07","1.8571e+00","7.1870e-01","1.8560e-05"," 0.00 %"
"1.8578e+06","2.8291e-12","2.8541e-12","1.3235e-07","1.3251e-07","2.0000e+00","7.1870e-01","1.7615e-04"," 0.04 %"
"6.6543e+05","2.8537e-12","2.8789e-12","3.7271e-07","3.7317e-07","1.0000e+00","7.1870e-01","2.8095e-03"," 0.61 %"
"8.1300e+05","2.8537e-12","2.8789e-12","3.0506e-07","3.0544e-07","1.1429e+00","7.1870e-01","9.0760e-04"," 0.20 %"
"1.8821e+06","2.8537e-12","2.8789e-12","1.3177e-07","1.3194e-07","2.0000e+00","7.1870e-01","5.3097e-05"," 0.01 %"
"6.7405e+05","2.8783e-12","2.9038e-12","3.7112e-07","3.7157e-07","1.0000e+00","7.1870e-01","3.6931e-03"," 0.81 %"
"1.7059e+06","2.8783e-12","2.9038e-12","1.4664e-07","1.4682e-07","1.8571e+00","7.1870e-01","3.9005e-05"," 0.01 %"
"1.9065e+06","2.8783e-12","2.9038e-12","1.3121e-07","1.3137e-07","2.0000e+00","7.1870e-01","3.4514e-05"," 0.01 %"
"6.8271e+05","2.9029e-12","2.9286e-12","3.6954e-07","3.7000e-07","1.0000e+00","7.1870e-01","1.7955e-03"," 0.39 %"
"1.5324e+06","2.9029e-12","2.9286e-12","1.6464e-07","1.6484e-07","1.7143e+00","7.1870e-01","1.9571e-05"," 0.00 %"
"1.7278e+06","2.9029e-12","2.9286e-12","1.4602e-07","1.4619e-07","1.8571e+00","7.1870e-01","2.8085e-05"," 0.01 %"
"1.9310e+06","2.9029e-12","2.9286e-12","1.3065e-07","1.3081e-07","2.0000e+00","7.1870e-01","4.0639e-05"," 0.01 %"
"6.9140e+05","2.9275e-12","2.9534e-12","3.6799e-07","3.6844e-07","1.0000e+00","7.1870e-01","3.3781e-03"," 0.74 %"
"8.4473e+05","2.9275e-12","2.9534e-12","3.0119e-07","3.0156e-07","1.1429e+00","7.1870e-01","1.3331e-04"," 0.03 %"
"1.3620e+06","2.9275e-12","2.9534e-12","1.8681e-07","1.8704e-07","1.5714e+00","7.1870e-01","7.8187e-06"," 0.00 %"
"1.7498e+06","2.9275e-12","2.9534e-12","1.4540e-07","1.4558e-07","1.8571e+00","7.1870e-01","2.6548e-05"," 0.01 %"
"1.9556e+06","2.9275e-12","2.9534e-12","1.3010e-07","1.3026e-07","2.0000e+00","7.1870e-01","1.4170e-05"," 0.00 %"
"7.0013e+05","2.9521e-12","2.9782e-12","3.6645e-07","3.6690e-07","1.0000e+00","7.1870e-01","2.4517e-03"," 0.53 %"
"8.5540e+05","2.9521e-12","2.9782e-12","2.9994e-07","3.0030e-07","1.1429e+00","7.1870e-01","7.9039e-05"," 0.02 %"
"1.9803e+06","2.9521e-12","2.9782e-12","1.2956e-07","1.2972e-07","2.0000e+00","7.1870e-01","2.4998e-05"," 0.01 %"
"7.0890e+05","2.9767e-12","3.0030e-12","3.6493e-07","3.6538e-07","1.0000e+00","7.1870e-01","1.1911e-03"," 0.26 %"
"2.0051e+06","2.9767e-12","3.0030e-12","1.2902e-07","1.2918e-07","2.0000e+00","7.1870e-01","5.6295e-05"," 0.01 %"
"7.1771e+05","3.0013e-12","3.0278e-12","3.6344e-07","3.6388e-07","1.0000e+00","7.1870e-01","2.6598e-04"," 0.06 %"
"2.0300e+06","3.0013e-12","3.0278e-12","1.2849e-07","1.2865e-07","2.0000e+00","7.1870e-01","1.6156e-05"," 0.00 %"
"7.2655e+05","3.0259e-12","3.0526e-12","3.6196e-07","3.6240e-07","1.0000e+00","7.1870e-01","2.8901e-03"," 0.63 %"
"8.8767e+05","3.0259e-12","3.0526e-12","2.9626e-07","2.9662e-07","1.1429e+00","7.1870e-01","8.5230e-05"," 0.02 %"
"1.4312e+06","3.0259e-12","3.0526e-12","1.8374e-07","1.8397e-07","1.5714e+00","7.1870e-01","1.2607e-05"," 0.00 %"
"2.0550e+06","3.0259e-12","3.0526e-12","1.2797e-07","1.2813e-07","2.0000e+00","7.1870e-01","7.7946e-05"," 0.02 %"
"7.3542e+05","3.0504e-12","3.0774e-12","3.6049e-07","3.6094e-07","1.0000e+00","7.1870e-01","5.0124e-03"," 1.09 %"
"8.9851e+05","3.0504e-12","3.0774e-12","2.9506e-07","2.9542e-07","1.1429e+00","7.1870e-01","1.6518e-04"," 0.04 %"
"2.0801e+06","3.0504e-12","3.0774e-12","1.2745e-07","1.2761e-07","2.0000e+00","7.1870e-01","6.8941e-05"," 0.02 %"
"7.4433e+05","3.0750e-12","3.1023e-12","3.5905e-07","3.5949e-07","1.0000e+00","7.1870e-01","1.8675e-03"," 0.41 %"
"9.0940e+05","3.0750e-12","3.1023e-12","2.9388e-07","2.9424e-07","1.1429e+00","7.1870e-01","1.3852e-04"," 0.03 %"
"1.0851e+06","3.0750e-12","3.1023e-12","2.4629e-07","2.4659e-07","1.2857e+00","7.1870e-01","5.7787e-05"," 0.01 %"
"1.8838e+06","3.0750e-12","3.1023e-12","1.4187e-07","1.4204e-07","1.8571e+00","7.1870e-01","5.0056e-05"," 0.01 %"
"2.1053e+06","3.0750e-12","3.1023e-12","1.2694e-07","1.2710e-07","2.0000e+00","7.1870e-01","7.1458e-05"," 0.02 %"
"7.5328e+05","3.0996e-12","3.1271e-12","3.5762e-07","3.5806e-07","1.0000e+00","7.1870e-01","3.6867e-03"," 0.80 %"
"1.2862e+06","3.0996e-12","3.1271e-12","2.0945e-07","2.0970e-07","1.4286e+00","7.1870e-01","1.2226e-04"," 0.03 %"
"1.9065e+06","3.0996e-12","3.1271e-12","1.4130e-07","1.4148e-07","1.8571e+00","7.1870e-01","3.1916e-05"," 0.01 %"
"2.1306e+06","3.0996e-12","3.1271e-12","1.2644e-07","1.2659e-07","2.0000e+00","7.1870e-01","1.0107e-04"," 0.02 %"
"7.6227e+05","3.1242e-12","3.1519e-12","3.5621e-07","3.5665e-07","1.0000e+00","7.1870e-01","4.1432e-03"," 0.90 %"
"9.3131e+05","3.1242e-12","3.1519e-12","2.9155e-07","2.9191e-07","1.1429e+00","7.1870e-01","3.5447e-06"," 0.00 %"
"2.1560e+06","3.1242e-12","3.1519e-12","1.2594e-07","1.2609e-07","2.0000e+00","7.1870e-01","1.0566e-04"," 0.02 %"
"7.7128e+05","3.1488e-12","3.1767e-12","3.5482e-07","3.5525e-07","1.0000e+00","7.1870e-01","5.7575e-03"," 1.26 %"
"9.4233e+05","3.1488e-12","3.1767e-12","2.9041e-07","2.9077e-07","1.1429e+00","7.1870e-01","5.3640e-04"," 0.12 %"
"1.7312e+06","3.1488e-12","3.1767e-12","1.5808e-07","1.5828e-07","1.7143e+00","7.1870e-01","2.2972e-05"," 0.01 %"
"2.1815e+06","3.1488e-12","3.1767e-12","1.2545e-07","1.2560e-07","2.0000e+00","7.1870e-01","1.0836e-04"," 0.02 %"
"7.8034e+05","3.1734e-12","3.2015e-12","3.5344e-07","3.5387e-07","1.0000e+00","7.1870e-01","3.4871e-03"," 0.76 %"
"1.3324e+06","3.1734e-12","3.2015e-12","2.0700e-07","2.0725e-07","1.4286e+00","7.1870e-01","7.0429e-05"," 0.02 %"
"2.2071e+06","3.1734e-12","3.2015e-12","1.2496e-07","1.2511e-07","2.0000e+00","7.1870e-01","1.0786e-05"," 0.00 %"
"7.8943e+05","3.1980e-12","3.2263e-12","3.5208e-07","3.5251e-07","1.0000e+00","7.1870e-01","1.4307e-03"," 0.31 %"
"1.3479e+06","3.1980e-12","3.2263e-12","2.0620e-07","2.0645e-07","1.4286e+00","7.1870e-01","5.0960e-05"," 0.01 %"
"1.9979e+06","3.1980e-12","3.2263e-12","1.3911e-07","1.3928e-07","1.8571e+00","7.1870e-01","2.6116e-05"," 0.01 %"
"2.2328e+06","3.1980e-12","3.2263e-12","1.2448e-07","1.2463e-07","2.0000e+00","7.1870e-01","2.5125e-05"," 0.01 %"
"7.9855e+05","3.2226e-12","3.2511e-12","3.5073e-07","3.5116e-07","1.0000e+00","7.1870e-01","9.1817e-04"," 0.20 %"
"9.7564e+05","3.2226e-12","3.2511e-12","2.8707e-07","2.8742e-07","1.1429e+00","7.1870e-01","7.8614e-05"," 0.02 %"
"1.5731e+06","3.2226e-12","3.2511e-12","1.7805e-07","1.7826e-07","1.5714e+00","7.1870e-01","2.5728e-05"," 0.01 %"
"2.2586e+06","3.2226e-12","3.2511e-12","1.2400e-07","1.2415e-07","2.0000e+00","7.1870e-01","3.8931e-05"," 0.01 %"
"8.0771e+05","3.2472e-12","3.2759e-12","3.4940e-07","3.4983e-07","1.0000e+00","7.1870e-01","2.3794e-03"," 0.52 %"
"1.8129e+06","3.2472e-12","3.2759e-12","1.5567e-07","1.5586e-07","1.7143e+00","7.1870e-01","2.9826e-05"," 0.01 %"
"8.1690e+05","3.2718e-12","3.3008e-12","3.4809e-07","3.4851e-07","1.0000e+00","7.1870e-01","9.9514e-04"," 0.22 %"
"2.3106e+06","3.2718e-12","3.3008e-12","1.2307e-07","1.2322e-07","2.0000e+00","7.1870e-01","1.0320e-04"," 0.02 %"
"8.2613e+05","3.2964e-12","3.3256e-12","3.4679e-07","3.4721e-07","1.0000e+00","7.1870e-01","6.4162e-03"," 1.40 %"
"2.3367e+06","3.2964e-12","3.3256e-12","1.2261e-07","1.2276e-07","2.0000e+00","7.1870e-01","2.7623e-05"," 0.01 %"
"8.3540e+05","3.3210e-12","3.3504e-12","3.4550e-07","3.4592e-07","1.0000e+00","7.1870e-01","6.2539e-04"," 0.14 %"
"2.1143e+06","3.3210e-12","3.3504e-12","1.3651e-07","1.3668e-07","1.8571e+00","7.1870e-01","1.4405e-05"," 0.00 %"
"2.3629e+06","3.3210e-12","3.3504e-12","1.2215e-07","1.2230e-07","2.0000e+00","7.1870e-01","1.6793e-05"," 0.00 %"
"8.4469e+05","3.3456e-12","3.3752e-12","3.4423e-07","3.4465e-07","1.0000e+00","7.1870e-01","1.8002e-03"," 0.39 %"
"2.3892e+06","3.3456e-12","3.3752e-12","1.2170e-07","1.2185e-07","2.0000e+00","7.1870e-01","1.5887e-05"," 0.00 %"
"8.5402e+05","3.3702e-12","3.4000e-12","3.4297e-07","3.4339e-07","1.0000e+00","7.1870e-01","1.9257e-03"," 0.42 %"
"1.0434e+06","3.3702e-12","3.4000e-12","2.8072e-07","2.8106e-07","1.1429e+00","7.1870e-01","1.0189e-04"," 0.02 %"
"1.4582e+06","3.3702e-12","3.4000e-12","2.0086e-07","2.0111e-07","1.4286e+00","7.1870e-01","5.3669e-05"," 0.01 %"
"1.6823e+06","3.3702e-12","3.4000e-12","1.7411e-07","1.7432e-07","1.5714e+00","7.1870e-01","4.6089e-06"," 0.00 %"
"1.9169e+06","3.3702e-12","3.4000e-12","1.5280e-07","1.5299e-07","1.7143e+00","7.1870e-01","1.6233e-05"," 0.00 %"
"2.1614e+06","3.3702e-12","3.4000e-12","1.3551e-07","1.3568e-07","1.8571e+00","7.1870e-01","3.7688e-05"," 0.01 %"
"2.4155e+06","3.3702e-12","3.4000e-12","1.2126e-07","1.2141e-07","2.0000e+00","7.1870e-01","2.4977e-04"," 0.05 %"
"8.6339e+05","3.3948e-12","3.4248e-12","3.4172e-07","3.4214e-07","1.0000e+00","7.1870e-01","3.6192e-03"," 0.79 %"
"1.0549e+06","3.3948e-12","3.4248e-12","2.7970e-07","2.8004e-07","1.1429e+00","7.1870e-01","1.6576e-04"," 0.04 %"
"1.9379e+06","3.3948e-12","3.4248e-12","1.5225e-07","1.5243e-07","1.7143e+00","7.1870e-01","1.9161e-05"," 0.00 %"
"2.1851e+06","3.3948e-12","3.4248e-12","1.3502e-07","1.3519e-07","1.8571e+00","7.1870e-01","1.6630e-05"," 0.00 %"
"2.4420e+06","3.3948e-12","3.4248e-12","1.2082e-07","1.2097e-07","2.0000e+00","7.1870e-01","4.4699e-05"," 0.01 %"
"8.7279e+05","3.4194e-12","3.4496e-12","3.4049e-07","3.4091e-07","1.0000e+00","7.1870e-01","4.2468e-03"," 0.93 %"
"1.0663e+06","3.4194e-12","3.4496e-12","2.7869e-07","2.7903e-07","1.1429e+00","7.1870e-01","2.0177e-05"," 0.00 %"
"2.2089e+06","3.4194e-12","3.4496e-12","1.3454e-07","1.3470e-07","1.8571e+00","7.1870e-01","2.1572e-05"," 0.00 %"
"2.4686e+06","3.4194e-12","3.4496e-12","1.2038e-07","1.2053e-07","2.0000e+00","7.1870e-01","1.8646e-04"," 0.04 %"
"8.8222e+05","3.4440e-12","3.4744e-12","3.3927e-07","3.3969e-07","1.0000e+00","7.1870e-01","2.9957e-03"," 0.65 %"
"1.0779e+06","3.4440e-12","3.4744e-12","2.7769e-07","2.7803e-07","1.1429e+00","7.1870e-01","4.4663e-04"," 0.10 %"
"1.2862e+06","3.4440e-12","3.4744e-12","2.3272e-07","2.3300e-07","1.2857e+00","7.1870e-01","1.2170e-04"," 0.03 %"
"1.7379e+06","3.4440e-12","3.4744e-12","1.7223e-07","1.7244e-07","1.5714e+00","7.1870e-01","7.1514e-05"," 0.02 %"
"2.2328e+06","3.4440e-12","3.4744e-12","1.3405e-07","1.3422e-07","1.8571e+00","7.1870e-01","1.5455e-05"," 0.00 %"
"2.4953e+06","3.4440e-12","3.4744e-12","1.1995e-07","1.2010e-07","2.0000e+00","7.1870e-01","1.1555e-04"," 0.03 %"
"8.9169e+05","3.4686e-12","3.4993e-12","3.3807e-07","3.3848e-07","1.0000e+00","7.1870e-01","3.7368e-03"," 0.81 %"
"1.0894e+06","3.4686e-12","3.4993e-12","2.7671e-07","2.7704e-07","1.1429e+00","7.1870e-01","4.8799e-05"," 0.01 %"
"2.5221e+06","3.4686e-12","3.4993e-12","1.1953e-07","1.1967e-07","2.0000e+00","7.1870e-01","4.4702e-05"," 0.01 %"
"9.0119e+05","3.4931e-12","3.5241e-12","3.3688e-07","3.3729e-07","1.0000e+00","7.1870e-01","4.1080e-03"," 0.90 %"
"1.1010e+06","3.4931e-12","3.5241e-12","2.7573e-07","2.7607e-07","1.1429e+00","7.1870e-01","1.5267e-04"," 0.03 %"
"1.3138e+06","3.4931e-12","3.5241e-12","2.3108e-07","2.3136e-07","1.2857e+00","7.1870e-01","8.3082e-06"," 0.00 %"
"2.5490e+06","3.4931e-12","3.5241e-12","1.1910e-07","1.1925e-07","2.0000e+00","7.1870e-01","6.8586e-05"," 0.01 %"
"9.1073e+05","3.5177e-12","3.5489e-12","3.3570e-07","3.3611e-07","1.0000e+00","7.1870e-01","1.1911e-03"," 0.26 %"
"2.5759e+06","3.5177e-12","3.5489e-12","1.1869e-07","1.1883e-07","2.0000e+00","7.1870e-01","1.7740e-04"," 0.04 %"
"9.2029e+05","3.5423e-12","3.5737e-12","3.3453e-07","3.3494e-07","1.0000e+00","7.1870e-01","1.6288e-03"," 0.36 %"
"2.6030e+06","3.5423e-12","3.5737e-12","1.1827e-07","1.1842e-07","2.0000e+00","7.1870e-01","7.8127e-05"," 0.02 %"
"9.2989e+05","3.5669e-12","3.5985e-12","3.3337e-07","3.3378e-07","1.0000e+00","7.1870e-01","1.7004e-03"," 0.37 %"
"1.1361e+06","3.5669e-12","3.5985e-12","2.7286e-07","2.7320e-07","1.1429e+00","7.1870e-01","1.4285e-04"," 0.03 %"
"1.3557e+06","3.5669e-12","3.5985e-12","2.2867e-07","2.2895e-07","1.2857e+00","7.1870e-01","6.9183e-06"," 0.00 %"
"2.6301e+06","3.5669e-12","3.5985e-12","1.1787e-07","1.1801e-07","2.0000e+00","7.1870e-01","4.2622e-05"," 0.01 %"
"9.3953e+05","3.5915e-12","3.6233e-12","3.3223e-07","3.3264e-07","1.0000e+00","7.1870e-01","7.3446e-04"," 0.16 %"
"2.6574e+06","3.5915e-12","3.6233e-12","1.1746e-07","1.1760e-07","2.0000e+00","7.1870e-01","9.2986e-05"," 0.02 %"
"9.4920e+05","3.6161e-12","3.6481e-12","3.3110e-07","3.3151e-07","1.0000e+00","7.1870e-01","1.7109e-03"," 0.37 %"
"1.1597e+06","3.6161e-12","3.6481e-12","2.7100e-07","2.7133e-07","1.1429e+00","7.1870e-01","7.9268e-05"," 0.02 %"
"1.8698e+06","3.6161e-12","3.6481e-12","1.6808e-07","1.6829e-07","1.5714e+00","7.1870e-01","8.7564e-06"," 0.00 %"
"2.6847e+06","3.6161e-12","3.6481e-12","1.1706e-07","1.1720e-07","2.0000e+00","7.1870e-01","1.4269e-05"," 0.00 %"
"9.5890e+05","3.6407e-12","3.6729e-12","3.2998e-07","3.3038e-07","1.0000e+00","7.1870e-01","3.3641e-03"," 0.73 %"
"1.3979e+06","3.6407e-12","3.6729e-12","2.2634e-07","2.2662e-07","1.2857e+00","7.1870e-01","2.5166e-05"," 0.01 %"
"2.7122e+06","3.6407e-12","3.6729e-12","1.1667e-07","1.1681e-07","2.0000e+00","7.1870e-01","1.3111e-05"," 0.00 %"
"9.6863e+05","3.6653e-12","3.6977e-12","3.2887e-07","3.2927e-07","1.0000e+00","7.1870e-01","5.3310e-04"," 0.12 %"
"1.1834e+06","3.6653e-12","3.6977e-12","2.6918e-07","2.6951e-07","1.1429e+00","7.1870e-01","2.8772e-05"," 0.01 %"
"2.4515e+06","3.6653e-12","3.6977e-12","1.2994e-07","1.3010e-07","1.8571e+00","7.1870e-01","3.9290e-05"," 0.01 %"
"9.7839e+05","3.6899e-12","3.7226e-12","3.2777e-07","3.2817e-07","1.0000e+00","7.1870e-01","1.3091e-03"," 0.29 %"
"1.1954e+06","3.6899e-12","3.7226e-12","2.6828e-07","2.6861e-07","1.1429e+00","7.1870e-01","1.1816e-04"," 0.03 %"
"1.4264e+06","3.6899e-12","3.7226e-12","2.2483e-07","2.2511e-07","1.2857e+00","7.1870e-01","1.7218e-04"," 0.04 %"
"2.4762e+06","3.6899e-12","3.7226e-12","1.2951e-07","1.2967e-07","1.8571e+00","7.1870e-01","7.4516e-06"," 0.00 %"
"2.7673e+06","3.6899e-12","3.7226e-12","1.1589e-07","1.1603e-07","2.0000e+00","7.1870e-01","8.0819e-05"," 0.02 %"
"9.8819e+05","3.7145e-12","3.7474e-12","3.2669e-07","3.2709e-07","1.0000e+00","7.1870e-01","3.2571e-03"," 0.71 %"
"1.2073e+06","3.7145e-12","3.7474e-12","2.6739e-07","2.6772e-07","1.1429e+00","7.1870e-01","1.0936e-04"," 0.02 %"
"2.7950e+06","3.7145e-12","3.7474e-12","1.1550e-07","1.1564e-07","2.0000e+00","7.1870e-01","1.8958e-04"," 0.04 %"
"9.9802e+05","3.7391e-12","3.7722e-12","3.2561e-07","3.2601e-07","1.0000e+00","7.1870e-01","1.0145e-03"," 0.22 %"
"1.4550e+06","3.7391e-12","3.7722e-12","2.2335e-07","2.2362e-07","1.2857e+00","7.1870e-01","2.3153e-04"," 0.05 %"
"2.8228e+06","3.7391e-12","3.7722e-12","1.1512e-07","1.1526e-07","2.0000e+00","7.1870e-01","1.2731e-04"," 0.03 %"
"1.0079e+06","3.7637e-12","3.7970e-12","3.2454e-07","3.2494e-07","1.0000e+00","7.1870e-01","6.5262e-03"," 1.42 %"
"1.2314e+06","3.7637e-12","3.7970e-12","2.6564e-07","2.6596e-07","1.1429e+00","7.1870e-01","2.7899e-04"," 0.06 %"
"2.5508e+06","3.7637e-12","3.7970e-12","1.2823e-07","1.2839e-07","1.8571e+00","7.1870e-01","1.5272e-05"," 0.00 %"
"2.8507e+06","3.7637e-12","3.7970e-12","1.1474e-07","1.1488e-07","2.0000e+00","7.1870e-01","5.5051e-05"," 0.01 %"
"1.0178e+06","3.7883e-12","3.8218e-12","3.2349e-07","3.2388e-07","1.0000e+00","7.1870e-01","3.8590e-03"," 0.84 %"
"1.2435e+06","3.7883e-12","3.8218e-12","2.6477e-07","2.6510e-07","1.1429e+00","7.1870e-01","1.7706e-04"," 0.04 %"
"2.5759e+06","3.7883e-12","3.8218e-12","1.2782e-07","1.2797e-07","1.8571e+00","7.1870e-01","1.4825e-05"," 0.00 %"
"2.8787e+06","3.7883e-12","3.8218e-12","1.1437e-07","1.1451e-07","2.0000e+00","7.1870e-01","2.0215e-04"," 0.04 %"
"1.0277e+06","3.8129e-12","3.8466e-12","3.2244e-07","3.2284e-07","1.0000e+00","7.1870e-01","1.2188e-03"," 0.27 %"
"1.2556e+06","3.8129e-12","3.8466e-12","2.6392e-07","2.6424e-07","1.1429e+00","7.1870e-01","1.7427e-04"," 0.04 %"
"2.3067e+06","3.8129e-12","3.8466e-12","1.4366e-07","1.4383e-07","1.7143e+00","7.1870e-01","2.0299e-05"," 0.00 %"
"2.9068e+06","3.8129e-12","3.8466e-12","1.1400e-07","1.1414e-07","2.0000e+00","7.1870e-01","2.4043e-04"," 0.05 %"
"1.0377e+06","3.8375e-12","3.8714e-12","3.2141e-07","3.2180e-07","1.0000e+00","7.1870e-01","3.9475e-03"," 0.86 %"
"1.7718e+06","3.8375e-12","3.8714e-12","1.8824e-07","1.8847e-07","1.4286e+00","7.1870e-01","9.3225e-05"," 0.02 %"
"2.9350e+06","3.8375e-12","3.8714e-12","1.1363e-07","1.1377e-07","2.0000e+00","7.1870e-01","5.4922e-05"," 0.01 %"
"1.0477e+06","3.8621e-12","3.8962e-12","3.2038e-07","3.2078e-07","1.0000e+00","7.1870e-01","4.8616e-04"," 0.11 %"
"1.2800e+06","3.8621e-12","3.8962e-12","2.6223e-07","2.6255e-07","1.1429e+00","7.1870e-01","1.4113e-04"," 0.03 %"
"1.5273e+06","3.8621e-12","3.8962e-12","2.1976e-07","2.2003e-07","1.2857e+00","7.1870e-01","7.4102e-05"," 0.02 %"
"2.9632e+06","3.8621e-12","3.8962e-12","1.1327e-07","1.1341e-07","2.0000e+00","7.1870e-01","1.2580e-05"," 0.00 %"
"1.0577e+06","3.8867e-12","3.9210e-12","3.1937e-07","3.1976e-07","1.0000e+00","7.1870e-01","3.2595e-04"," 0.07 %"
"2.6769e+06","3.8867e-12","3.9210e-12","1.2619e-07","1.2634e-07","1.8571e+00","7.1870e-01","1.9927e-05"," 0.00 %"
"2.9916e+06","3.8867e-12","3.9210e-12","1.1291e-07","1.1305e-07","2.0000e+00","7.1870e-01","1.4885e-04"," 0.03 %"
"1.0677e+06","3.9112e-12","3.9459e-12","3.1836e-07","3.1875e-07","1.0000e+00","7.1870e-01","3.3398e-04"," 0.07 %"
"2.3966e+06","3.9112e-12","3.9459e-12","1.4184e-07","1.4201e-07","1.7143e+00","7.1870e-01","4.9168e-06"," 0.00 %"
"3.0200e+06","3.9112e-12","3.9459e-12","1.1256e-07","1.1270e-07","2.0000e+00","7.1870e-01","1.1608e-04"," 0.03 %"
"1.0778e+06","3.9358e-12","3.9707e-12","3.1737e-07","3.1775e-07","1.0000e+00","7.1870e-01","1.4068e-03"," 0.31 %"
"1.5713e+06","3.9358e-12","3.9707e-12","2.1769e-07","2.1796e-07","1.2857e+00","7.1870e-01","1.6485e-04"," 0.04 %"
"3.0486e+06","3.9358e-12","3.9707e-12","1.1221e-07","1.1234e-07","2.0000e+00","7.1870e-01","4.3191e-05"," 0.01 %"
"1.0879e+06","3.9604e-12","3.9955e-12","3.1638e-07","3.1677e-07","1.0000e+00","7.1870e-01","2.8118e-03"," 0.61 %"
"1.3292e+06","3.9604e-12","3.9955e-12","2.5895e-07","2.5927e-07","1.1429e+00","7.1870e-01","5.7873e-05"," 0.01 %"
"3.0772e+06","3.9604e-12","3.9955e-12","1.1186e-07","1.1199e-07","2.0000e+00","7.1870e-01","8.3732e-05"," 0.02 %"
"1.0981e+06","3.9850e-12","4.0203e-12","3.1540e-07","3.1579e-07","1.0000e+00","7.1870e-01","8.6454e-04"," 0.19 %"
"1.3416e+06","3.9850e-12","4.0203e-12","2.5815e-07","2.5847e-07","1.1429e+00","7.1870e-01","1.6020e-04"," 0.03 %"
"1.8750e+06","3.9850e-12","4.0203e-12","1.8472e-07","1.8494e-07","1.4286e+00","7.1870e-01","2.5212e-05"," 0.01 %"
"2.4647e+06","3.9850e-12","4.0203e-12","1.4052e-07","1.4069e-07","1.7143e+00","7.1870e-01","3.7493e-06"," 0.00 %"
"1.1083e+06","4.0096e-12","4.0451e-12","3.1443e-07","3.1482e-07","1.0000e+00","7.1870e-01","7.9787e-04"," 0.17 %"
"3.1347e+06","4.0096e-12","4.0451e-12","1.1117e-07","1.1131e-07","2.0000e+00","7.1870e-01","1.0751e-04"," 0.02 %"
"1.1185e+06","4.0342e-12","4.0699e-12","3.1347e-07","3.1386e-07","1.0000e+00","7.1870e-01","1.3457e-04"," 0.03 %"
"1.3665e+06","4.0342e-12","4.0699e-12","2.5657e-07","2.5689e-07","1.1429e+00","7.1870e-01","2.1624e-04"," 0.05 %"
"1.6306e+06","4.0342e-12","4.0699e-12","2.1502e-07","2.1529e-07","1.2857e+00","7.1870e-01","6.6636e-05"," 0.01 %"
"1.9098e+06","4.0342e-12","4.0699e-12","1.8359e-07","1.8381e-07","1.4286e+00","7.1870e-01","1.0358e-05"," 0.00 %"
"3.1636e+06","4.0342e-12","4.0699e-12","1.1083e-07","1.1097e-07","2.0000e+00","7.1870e-01","1.0052e-04"," 0.02 %"
"1.1287e+06","4.0588e-12","4.0947e-12","3.1252e-07","3.1290e-07","1.0000e+00","7.1870e-01","1.2527e-03"," 0.27 %"
"2.8567e+06","4.0588e-12","4.0947e-12","1.2348e-07","1.2364e-07","1.8571e+00","7.1870e-01","7.1060e-05"," 0.02 %"
"3.1925e+06","4.0588e-12","4.0947e-12","1.1049e-07","1.1063e-07","2.0000e+00","7.1870e-01","3.8219e-05"," 0.01 %"
"1.1390e+06","4.0834e-12","4.1195e-12","3.1158e-07","3.1196e-07","1.0000e+00","7.1870e-01","1.7711e-03"," 0.39 %"
"1.3916e+06","4.0834e-12","4.1195e-12","2.5502e-07","2.5534e-07","1.1429e+00","7.1870e-01","3.2430e-05"," 0.01 %"
"3.2216e+06","4.0834e-12","4.1195e-12","1.1016e-07","1.1029e-07","2.0000e+00","7.1870e-01","1.0619e-04"," 0.02 %"
"1.1493e+06","4.1080e-12","4.1444e-12","3.1065e-07","3.1103e-07","1.0000e+00","7.1870e-01","1.2542e-03"," 0.27 %"
"1.4042e+06","4.1080e-12","4.1444e-12","2.5426e-07","2.5457e-07","1.1429e+00","7.1870e-01","3.7522e-04"," 0.08 %"
"2.9088e+06","4.1080e-12","4.1444e-12","1.2274e-07","1.2289e-07","1.8571e+00","7.1870e-01","8.0620e-05"," 0.02 %"
"3.2507e+06","4.1080e-12","4.1444e-12","1.0983e-07","1.0996e-07","2.0000e+00","7.1870e-01","1.4649e-04"," 0.03 %"
"1.1597e+06","4.1326e-12","4.1692e-12","3.0972e-07","3.1010e-07","1.0000e+00","7.1870e-01","3.9437e-03"," 0.86 %"
"3.2800e+06","4.1326e-12","4.1692e-12","1.0950e-07","1.0964e-07","2.0000e+00","7.1870e-01","8.4163e-05"," 0.02 %"
"1.1700e+06","4.1572e-12","4.1940e-12","3.0880e-07","3.0918e-07","1.0000e+00","7.1870e-01","4.0357e-03"," 0.88 %"
"1.4295e+06","4.1572e-12","4.1940e-12","2.5275e-07","2.5306e-07","1.1429e+00","7.1870e-01","3.0926e-04"," 0.07 %"
"1.7057e+06","4.1572e-12","4.1940e-12","2.1182e-07","2.1208e-07","1.2857e+00","7.1870e-01","1.2506e-04"," 0.03 %"
"3.3093e+06","4.1572e-12","4.1940e-12","1.0918e-07","1.0931e-07","2.0000e+00","7.1870e-01","2.3591e-04"," 0.05 %"
"1.1804e+06","4.1818e-12","4.2188e-12","3.0789e-07","3.0827e-07","1.0000e+00","7.1870e-01","2.0493e-03"," 0.45 %"
"1.4422e+06","4.1818e-12","4.2188e-12","2.5201e-07","2.5231e-07","1.1429e+00","7.1870e-01","8.0182e-05"," 0.02 %"
"3.3387e+06","4.1818e-12","4.2188e-12","1.0886e-07","1.0899e-07","2.0000e+00","7.1870e-01","4.9288e-05"," 0.01 %"
"1.1908e+06","4.2064e-12","4.2436e-12","3.0699e-07","3.0737e-07","1.0000e+00","7.1870e-01","4.3746e-04"," 0.10 %"
"3.3682e+06","4.2064e-12","4.2436e-12","1.0854e-07","1.0867e-07","2.0000e+00","7.1870e-01","1.0389e-04"," 0.02 %"
"1.2013e+06","4.2310e-12","4.2684e-12","3.0610e-07","3.0647e-07","1.0000e+00","7.1870e-01","1.5157e-03"," 0.33 %"
"3.3978e+06","4.2310e-12","4.2684e-12","1.0822e-07","1.0835e-07","2.0000e+00","7.1870e-01","1.1438e-04"," 0.02 %"
"1.2118e+06","4.2556e-12","4.2932e-12","3.0521e-07","3.0559e-07","1.0000e+00","7.1870e-01","5.5803e-04"," 0.12 %"
"1.4805e+06","4.2556e-12","4.2932e-12","2.4981e-07","2.5012e-07","1.1429e+00","7.1870e-01","2.0474e-04"," 0.04 %"
"3.0669e+06","4.2556e-12","4.2932e-12","1.2060e-07","1.2074e-07","1.8571e+00","7.1870e-01","3.0780e-05"," 0.01 %"
"3.4275e+06","4.2556e-12","4.2932e-12","1.0791e-07","1.0804e-07","2.0000e+00","7.1870e-01","9.1490e-06"," 0.00 %"
"1.2223e+06","4.2802e-12","4.3180e-12","3.0433e-07","3.0471e-07","1.0000e+00","7.1870e-01","1.1580e-03"," 0.25 %"
"1.7820e+06","4.2802e-12","4.3180e-12","2.0875e-07","2.0901e-07","1.2857e+00","7.1870e-01","1.0323e-04"," 0.02 %"
"3.0935e+06","4.2802e-12","4.3180e-12","1.2025e-07","1.2040e-07","1.8571e+00","7.1870e-01","2.0325e-05"," 0.00 %"
"3.4572e+06","4.2802e-12","4.3180e-12","1.0760e-07","1.0773e-07","2.0000e+00","7.1870e-01","1.8575e-04"," 0.04 %"
"1.2329e+06","4.3048e-12","4.3429e-12","3.0346e-07","3.0384e-07","1.0000e+00","7.1870e-01","2.1905e-03"," 0.48 %"
"1.5063e+06","4.3048e-12","4.3429e-12","2.4838e-07","2.4869e-07","1.1429e+00","7.1870e-01","2.0683e-04"," 0.05 %"
"2.1051e+06","4.3048e-12","4.3429e-12","1.7773e-07","1.7794e-07","1.4286e+00","7.1870e-01","4.1327e-05"," 0.01 %"
"3.4871e+06","4.3048e-12","4.3429e-12","1.0729e-07","1.0742e-07","2.0000e+00","7.1870e-01","5.6414e-05"," 0.01 %"
"1.2434e+06","4.3294e-12","4.3677e-12","3.0260e-07","3.0297e-07","1.0000e+00","7.1870e-01","7.6186e-04"," 0.17 %"
"3.5170e+06","4.3294e-12","4.3677e-12","1.0698e-07","1.0712e-07","2.0000e+00","7.1870e-01","1.6089e-04"," 0.04 %"
"1.2541e+06","4.3539e-12","4.3925e-12","3.0174e-07","3.0211e-07","1.0000e+00","7.1870e-01","5.1321e-04"," 0.11 %"
"1.5322e+06","4.3539e-12","4.3925e-12","2.4697e-07","2.4728e-07","1.1429e+00","7.1870e-01","1.7413e-04"," 0.04 %"
"2.4704e+06","4.3539e-12","4.3925e-12","1.5318e-07","1.5337e-07","1.5714e+00","7.1870e-01","2.4632e-05"," 0.01 %"
"3.5470e+06","4.3539e-12","4.3925e-12","1.0668e-07","1.0681e-07","2.0000e+00","7.1870e-01","9.3806e-05"," 0.02 %"
"1.2647e+06","4.3785e-12","4.4173e-12","3.0090e-07","3.0126e-07","1.0000e+00","7.1870e-01","3.7244e-04"," 0.08 %"
"2.1594e+06","4.3785e-12","4.4173e-12","1.7622e-07","1.7644e-07","1.4286e+00","7.1870e-01","6.2236e-05"," 0.01 %"
"2.8386e+06","4.3785e-12","4.4173e-12","1.3406e-07","1.3422e-07","1.7143e+00","7.1870e-01","2.3664e-05"," 0.01 %"
"3.5771e+06","4.3785e-12","4.4173e-12","1.0638e-07","1.0651e-07","2.0000e+00","7.1870e-01","1.3207e-04"," 0.03 %"
"1.2754e+06","4.4031e-12","4.4421e-12","3.0005e-07","3.0042e-07","1.0000e+00","7.1870e-01","5.7721e-04"," 0.13 %"
"3.6073e+06","4.4031e-12","4.4421e-12","1.0609e-07","1.0622e-07","2.0000e+00","7.1870e-01","6.4040e-05"," 0.01 %"
"1.2861e+06","4.4277e-12","4.4669e-12","2.9922e-07","2.9959e-07","1.0000e+00","7.1870e-01","1.4885e-04"," 0.03 %"
"3.6375e+06","4.4277e-12","4.4669e-12","1.0579e-07","1.0592e-07","2.0000e+00","7.1870e-01","2.8173e-05"," 0.01 %"
"1.2968e+06","4.4523e-12","4.4917e-12","2.9839e-07","2.9876e-07","1.0000e+00","7.1870e-01","1.1929e-03"," 0.26 %"
"3.6679e+06","4.4523e-12","4.4917e-12","1.0550e-07","1.0563e-07","2.0000e+00","7.1870e-01","5.0461e-05"," 0.01 %"
"1.3076e+06","4.4769e-12","4.5165e-12","2.9757e-07","2.9794e-07","1.0000e+00","7.1870e-01","1.8013e-03"," 0.39 %"
"2.2326e+06","4.4769e-12","4.5165e-12","1.7428e-07","1.7449e-07","1.4286e+00","7.1870e-01","4.2039e-05"," 0.01 %"
"3.3092e+06","4.4769e-12","4.5165e-12","1.1758e-07","1.1772e-07","1.8571e+00","7.1870e-01","4.6299e-05"," 0.01 %"
"3.6983e+06","4.4769e-12","4.5165e-12","1.0521e-07","1.0534e-07","2.0000e+00","7.1870e-01","2.2269e-04"," 0.05 %"
"1.3184e+06","4.5015e-12","4.5414e-12","2.9676e-07","2.9712e-07","1.0000e+00","7.1870e-01","1.5331e-03"," 0.33 %"
"1.6107e+06","4.5015e-12","4.5414e-12","2.4289e-07","2.4319e-07","1.1429e+00","7.1870e-01","4.8196e-04"," 0.11 %"
"1.9220e+06","4.5015e-12","4.5414e-12","2.0356e-07","2.0380e-07","1.2857e+00","7.1870e-01","3.3167e-04"," 0.07 %"
"3.7289e+06","4.5015e-12","4.5414e-12","1.0492e-07","1.0505e-07","2.0000e+00","7.1870e-01","1.8243e-04"," 0.04 %"
"1.3292e+06","4.5261e-12","4.5662e-12","2.9595e-07","2.9631e-07","1.0000e+00","7.1870e-01","2.4730e-03"," 0.54 %"
"1.6239e+06","4.5261e-12","4.5662e-12","2.4223e-07","2.4253e-07","1.1429e+00","7.1870e-01","3.8111e-05"," 0.01 %"
"1.9377e+06","4.5261e-12","4.5662e-12","2.0300e-07","2.0325e-07","1.2857e+00","7.1870e-01","1.4984e-04"," 0.03 %"
"2.9834e+06","4.5261e-12","4.5662e-12","1.3185e-07","1.3202e-07","1.7143e+00","7.1870e-01","6.6311e-05"," 0.01 %"
"3.7595e+06","4.5261e-12","4.5662e-12","1.0463e-07","1.0476e-07","2.0000e+00","7.1870e-01","4.9316e-05"," 0.01 %"
"1.3400e+06","4.5507e-12","4.5910e-12","2.9515e-07","2.9551e-07","1.0000e+00","7.1870e-01","8.7391e-04"," 0.19 %"
"1.6372e+06","4.5507e-12","4.5910e-12","2.4158e-07","2.4187e-07","1.1429e+00","7.1870e-01","2.1603e-05"," 0.00 %"
"3.7901e+06","4.5507e-12","4.5910e-12","1.0435e-07","1.0448e-07","2.0000e+00","7.1870e-01","2.7083e-04"," 0.06 %"
"1.3509e+06","4.5753e-12","4.6158e-12","2.9435e-07","2.9472e-07","1.0000e+00","7.1870e-01","2.0807e-04"," 0.05 %"
"1.9694e+06","4.5753e-12","4.6158e-12","2.0191e-07","2.0215e-07","1.2857e+00","7.1870e-01","9.1775e-05"," 0.02 %"
"3.8209e+06","4.5753e-12","4.6158e-12","1.0407e-07","1.0420e-07","2.0000e+00","7.1870e-01","8.2836e-05"," 0.02 %"
"1.3618e+06","4.5999e-12","4.6406e-12","2.9357e-07","2.9393e-07","1.0000e+00","7.1870e-01","2.9238e-04"," 0.06 %"
"3.8518e+06","4.5999e-12","4.6406e-12","1.0379e-07","1.0392e-07","2.0000e+00","7.1870e-01","1.4565e-04"," 0.03 %"
"1.3727e+06","4.6245e-12","4.6654e-12","2.9278e-07","2.9314e-07","1.0000e+00","7.1870e-01","1.5100e-03"," 0.33 %"
"2.0013e+06","4.6245e-12","4.6654e-12","2.0083e-07","2.0108e-07","1.2857e+00","7.1870e-01","9.8938e-05"," 0.02 %"
"3.0811e+06","4.6245e-12","4.6654e-12","1.3044e-07","1.3060e-07","1.7143e+00","7.1870e-01","3.0378e-05"," 0.01 %"
"3.8827e+06","4.6245e-12","4.6654e-12","1.0352e-07","1.0364e-07","2.0000e+00","7.1870e-01","2.5010e-06"," 0.00 %"
"1.3837e+06","4.6491e-12","4.6902e-12","2.9201e-07","2.9237e-07","1.0000e+00","7.1870e-01","8.7373e-04"," 0.19 %"
"3.5020e+06","4.6491e-12","4.6902e-12","1.1538e-07","1.1552e-07","1.8571e+00","7.1870e-01","6.2657e-05"," 0.01 %"
"3.9137e+06","4.6491e-12","4.6902e-12","1.0324e-07","1.0337e-07","2.0000e+00","7.1870e-01","5.6005e-05"," 0.01 %"
"1.3947e+06","4.6737e-12","4.7150e-12","2.9124e-07","2.9160e-07","1.0000e+00","7.1870e-01","9.7249e-04"," 0.21 %"
"1.7040e+06","4.6737e-12","4.7150e-12","2.3838e-07","2.3867e-07","1.1429e+00","7.1870e-01","1.3382e-04"," 0.03 %"
"3.9448e+06","4.6737e-12","4.7150e-12","1.0297e-07","1.0309e-07","2.0000e+00","7.1870e-01","2.0775e-04"," 0.05 %"
"1.4057e+06","4.6983e-12","4.7399e-12","2.9048e-07","2.9083e-07","1.0000e+00","7.1870e-01","2.7769e-04"," 0.06 %"
"2.7691e+06","4.6983e-12","4.7399e-12","1.4746e-07","1.4764e-07","1.5714e+00","7.1870e-01","5.4209e-05"," 0.01 %"
"3.5577e+06","4.6983e-12","4.7399e-12","1.1477e-07","1.1491e-07","1.8571e+00","7.1870e-01","6.4584e-06"," 0.00 %"
"3.9760e+06","4.6983e-12","4.7399e-12","1.0270e-07","1.0282e-07","2.0000e+00","7.1870e-01","1.1294e-04"," 0.02 %"
"1.4168e+06","4.7229e-12","4.7647e-12","2.8972e-07","2.9007e-07","1.0000e+00","7.1870e-01","5.7965e-04"," 0.13 %"
"1.7310e+06","4.7229e-12","4.7647e-12","2.3713e-07","2.3742e-07","1.1429e+00","7.1870e-01","1.2303e-04"," 0.03 %"
"3.5857e+06","4.7229e-12","4.7647e-12","1.1447e-07","1.1461e-07","1.8571e+00","7.1870e-01","1.3502e-05"," 0.00 %"
"4.0072e+06","4.7229e-12","4.7647e-12","1.0243e-07","1.0256e-07","2.0000e+00","7.1870e-01","8.8459e-05"," 0.02 %"
"1.4279e+06","4.7475e-12","4.7895e-12","2.8897e-07","2.8932e-07","1.0000e+00","7.1870e-01","1.7790e-03"," 0.39 %"
"2.0816e+06","4.7475e-12","4.7895e-12","1.9821e-07","1.9846e-07","1.2857e+00","7.1870e-01","1.1972e-05"," 0.00 %"
"2.4380e+06","4.7475e-12","4.7895e-12","1.6924e-07","1.6944e-07","1.4286e+00","7.1870e-01","9.1774e-05"," 0.02 %"
"3.6137e+06","4.7475e-12","4.7895e-12","1.1418e-07","1.1432e-07","1.8571e+00","7.1870e-01","1.3013e-05"," 0.00 %"
"4.0386e+06","4.7475e-12","4.7895e-12","1.0217e-07","1.0229e-07","2.0000e+00","7.1870e-01","1.0090e-04"," 0.02 %"
"1.4390e+06","4.7721e-12","4.8143e-12","2.8822e-07","2.8857e-07","1.0000e+00","7.1870e-01","7.2012e-04"," 0.16 %"
"1.7581e+06","4.7721e-12","4.8143e-12","2.3591e-07","2.3620e-07","1.1429e+00","7.1870e-01","5.8273e-05"," 0.01 %"
"4.0700e+06","4.7721e-12","4.8143e-12","1.0190e-07","1.0203e-07","2.0000e+00","7.1870e-01","2.4908e-04"," 0.05 %"
"1.4501e+06","4.7966e-12","4.8391e-12","2.8748e-07","2.8783e-07","1.0000e+00","7.1870e-01","5.1793e-04"," 0.11 %"
"2.4760e+06","4.7966e-12","4.8391e-12","1.6837e-07","1.6857e-07","1.4286e+00","7.1870e-01","1.1348e-04"," 0.02 %"
"3.2548e+06","4.7966e-12","4.8391e-12","1.2808e-07","1.2824e-07","1.7143e+00","7.1870e-01","3.0646e-05"," 0.01 %"
"4.1015e+06","4.7966e-12","4.8391e-12","1.0164e-07","1.0176e-07","2.0000e+00","7.1870e-01","8.3932e-06"," 0.00 %"
"1.4613e+06","4.8212e-12","4.8639e-12","2.8675e-07","2.8710e-07","1.0000e+00","7.1870e-01","3.6344e-04"," 0.08 %"
"1.7853e+06","4.8212e-12","4.8639e-12","2.3470e-07","2.3499e-07","1.1429e+00","7.1870e-01","1.8153e-04"," 0.04 %"
"4.1331e+06","4.8212e-12","4.8639e-12","1.0138e-07","1.0150e-07","2.0000e+00","7.1870e-01","1.0636e-04"," 0.02 %"
"1.4725e+06","4.8458e-12","4.8887e-12","2.8602e-07","2.8637e-07","1.0000e+00","7.1870e-01","2.0919e-04"," 0.05 %"
"1.7990e+06","4.8458e-12","4.8887e-12","2.3410e-07","2.3439e-07","1.1429e+00","7.1870e-01","8.1292e-05"," 0.02 %"
"2.5142e+06","4.8458e-12","4.8887e-12","1.6751e-07","1.6772e-07","1.4286e+00","7.1870e-01","3.0722e-05"," 0.01 %"
"3.7266e+06","4.8458e-12","4.8887e-12","1.1301e-07","1.1315e-07","1.8571e+00","7.1870e-01","1.5940e-05"," 0.00 %"
"4.1648e+06","4.8458e-12","4.8887e-12","1.0112e-07","1.0125e-07","2.0000e+00","7.1870e-01","7.5454e-05"," 0.02 %"
"1.4837e+06","4.8704e-12","4.9135e-12","2.8530e-07","2.8565e-07","1.0000e+00","7.1870e-01","1.1699e-03"," 0.26 %"
"1.8127e+06","4.8704e-12","4.9135e-12","2.3351e-07","2.3380e-07","1.1429e+00","7.1870e-01","1.7161e-04"," 0.04 %"
"2.1630e+06","4.8704e-12","4.9135e-12","1.9570e-07","1.9593e-07","1.2857e+00","7.1870e-01","4.4495e-05"," 0.01 %"
"3.7550e+06","4.8704e-12","4.9135e-12","1.1273e-07","1.1286e-07","1.8571e+00","7.1870e-01","2.3482e-05"," 0.01 %"
"4.1965e+06","4.8704e-12","4.9135e-12","1.0087e-07","1.0099e-07","2.0000e+00","7.1870e-01","1.1589e-04"," 0.03 %"
"1.4949e+06","4.8950e-12","4.9384e-12","2.8458e-07","2.8493e-07","1.0000e+00","7.1870e-01","7.4520e-04"," 0.16 %"
"1.8265e+06","4.8950e-12","4.9384e-12","2.3292e-07","2.3321e-07","1.1429e+00","7.1870e-01","7.5728e-05"," 0.02 %"
"4.2283e+06","4.8950e-12","4.9384e-12","1.0061e-07","1.0074e-07","2.0000e+00","7.1870e-01","5.1434e-05"," 0.01 %"
"1.5062e+06","4.9196e-12","4.9632e-12","2.8387e-07","2.8421e-07","1.0000e+00","7.1870e-01","6.1728e-04"," 0.13 %"
"1.8403e+06","4.9196e-12","4.9632e-12","2.3234e-07","2.3263e-07","1.1429e+00","7.1870e-01","1.0370e-04"," 0.02 %"
"3.8120e+06","4.9196e-12","4.9632e-12","1.1216e-07","1.1230e-07","1.8571e+00","7.1870e-01","1.1074e-05"," 0.00 %"
"4.2602e+06","4.9196e-12","4.9632e-12","1.0036e-07","1.0049e-07","2.0000e+00","7.1870e-01","9.4658e-05"," 0.02 %"
"1.5175e+06","4.9442e-12","4.9880e-12","2.8316e-07","2.8351e-07","1.0000e+00","7.1870e-01","4.0614e-04"," 0.09 %"
"4.2922e+06","4.9442e-12","4.9880e-12","1.0011e-07","1.0023e-07","2.0000e+00","7.1870e-01","9.1739e-05"," 0.02 %"
"1.5289e+06","4.9688e-12","5.0128e-12","2.8246e-07","2.8280e-07","1.0000e+00","7.1870e-01","5.4116e-04"," 0.12 %"
"1.8679e+06","4.9688e-12","5.0128e-12","2.3119e-07","2.3147e-07","1.1429e+00","7.1870e-01","2.0280e-05"," 0.00 %"
"3.8694e+06","4.9688e-12","5.0128e-12","1.1161e-07","1.1174e-07","1.8571e+00","7.1870e-01","1.2832e-05"," 0.00 %"
"4.3243e+06","4.9688e-12","5.0128e-12","9.9864e-08","9.9986e-08","2.0000e+00","7.1870e-01","1.6137e-04"," 0.04 %"
"1.5402e+06","4.9934e-12","5.0376e-12","2.8176e-07","2.8211e-07","1.0000e+00","7.1870e-01","4.3859e-04"," 0.10 %"
"4.3564e+06","4.9934e-12","5.0376e-12","9.9618e-08","9.9740e-08","2.0000e+00","7.1870e-01","6.4082e-05"," 0.01 %"
"1.5516e+06","5.0180e-12","5.0624e-12","2.8107e-07","2.8142e-07","1.0000e+00","7.1870e-01","7.0752e-04"," 0.15 %"
"4.3887e+06","5.0180e-12","5.0624e-12","9.9373e-08","9.9495e-08","2.0000e+00","7.1870e-01","3.9500e-04"," 0.09 %"
"1.5631e+06","5.0426e-12","5.0872e-12","2.8038e-07","2.8073e-07","1.0000e+00","7.1870e-01","1.1112e-03"," 0.24 %"
"1.9097e+06","5.0426e-12","5.0872e-12","2.2949e-07","2.2977e-07","1.1429e+00","7.1870e-01","2.0911e-04"," 0.05 %"
"2.6689e+06","5.0426e-12","5.0872e-12","1.6421e-07","1.6441e-07","1.4286e+00","7.1870e-01","4.0754e-05"," 0.01 %"
"4.4210e+06","5.0426e-12","5.0872e-12","9.9131e-08","9.9252e-08","2.0000e+00","7.1870e-01","2.0194e-05"," 0.00 %"
"1.5745e+06","5.0672e-12","5.1120e-12","2.7970e-07","2.8004e-07","1.0000e+00","7.1870e-01","8.8864e-04"," 0.19 %"
"1.9237e+06","5.0672e-12","5.1120e-12","2.2893e-07","2.2921e-07","1.1429e+00","7.1870e-01","3.7722e-05"," 0.01 %"
"2.6884e+06","5.0672e-12","5.1120e-12","1.6381e-07","1.6401e-07","1.4286e+00","7.1870e-01","2.7741e-05"," 0.01 %"
"4.4534e+06","5.0672e-12","5.1120e-12","9.8890e-08","9.9011e-08","2.0000e+00","7.1870e-01","8.2598e-05"," 0.02 %"
"1.5860e+06","5.0918e-12","5.1368e-12","2.7903e-07","2.7937e-07","1.0000e+00","7.1870e-01","5.2641e-04"," 0.11 %"
"2.3121e+06","5.0918e-12","5.1368e-12","1.9139e-07","1.9163e-07","1.2857e+00","7.1870e-01","5.9455e-06"," 0.00 %"
"3.1242e+06","5.0918e-12","5.1368e-12","1.4165e-07","1.4182e-07","1.5714e+00","7.1870e-01","8.8462e-05"," 0.02 %"
"4.4858e+06","5.0918e-12","5.1368e-12","9.8651e-08","9.8772e-08","2.0000e+00","7.1870e-01","4.0253e-05"," 0.01 %"
"1.5975e+06","5.1164e-12","5.1616e-12","2.7835e-07","2.7870e-07","1.0000e+00","7.1870e-01","5.7926e-04"," 0.13 %"
"4.5184e+06","5.1164e-12","5.1616e-12","9.8413e-08","9.8534e-08","2.0000e+00","7.1870e-01","2.8845e-04"," 0.06 %"
"1.6090e+06","5.1410e-12","5.1865e-12","2.7769e-07","2.7803e-07","1.0000e+00","7.1870e-01","2.7849e-04"," 0.06 %"
"4.0722e+06","5.1410e-12","5.1865e-12","1.0972e-07","1.0986e-07","1.8571e+00","7.1870e-01","6.0963e-06"," 0.00 %"
"4.5510e+06","5.1410e-12","5.1865e-12","9.8178e-08","9.8298e-08","2.0000e+00","7.1870e-01","1.6375e-05"," 0.00 %"
"1.6206e+06","5.1656e-12","5.2113e-12","2.7703e-07","2.7737e-07","1.0000e+00","7.1870e-01","2.8156e-05"," 0.01 %"
"4.5837e+06","5.1656e-12","5.2113e-12","9.7944e-08","9.8064e-08","2.0000e+00","7.1870e-01","2.0727e-05"," 0.00 %"
"1.6322e+06","5.1902e-12","5.2361e-12","2.7637e-07","2.7671e-07","1.0000e+00","7.1870e-01","1.4841e-04"," 0.03 %"
"2.3795e+06","5.1902e-12","5.2361e-12","1.8957e-07","1.8980e-07","1.2857e+00","7.1870e-01","1.4279e-04"," 0.03 %"
"3.6634e+06","5.1902e-12","5.2361e-12","1.2313e-07","1.2328e-07","1.7143e+00","7.1870e-01","2.1612e-07"," 0.00 %"
"4.6164e+06","5.1902e-12","5.2361e-12","9.7711e-08","9.7831e-08","2.0000e+00","7.1870e-01","9.1910e-05"," 0.02 %"
"1.6438e+06","5.2147e-12","5.2609e-12","2.7572e-07","2.7606e-07","1.0000e+00","7.1870e-01","2.9452e-04"," 0.06 %"
"2.0083e+06","5.2147e-12","5.2609e-12","2.2567e-07","2.2595e-07","1.1429e+00","7.1870e-01","3.1806e-05"," 0.01 %"
"4.6493e+06","5.2147e-12","5.2609e-12","9.7481e-08","9.7600e-08","2.0000e+00","7.1870e-01","7.9152e-05"," 0.02 %"
"1.6554e+06","5.2393e-12","5.2857e-12","2.7507e-07","2.7541e-07","1.0000e+00","7.1870e-01","6.5685e-04"," 0.14 %"
"2.8266e+06","5.2393e-12","5.2857e-12","1.6110e-07","1.6129e-07","1.4286e+00","7.1870e-01","9.2006e-05"," 0.02 %"
"4.6822e+06","5.2393e-12","5.2857e-12","9.7252e-08","9.7371e-08","2.0000e+00","7.1870e-01","1.4738e-04"," 0.03 %"
"1.6671e+06","5.2639e-12","5.3105e-12","2.7443e-07","2.7476e-07","1.0000e+00","7.1870e-01","7.1440e-04"," 0.16 %"
"4.7152e+06","5.2639e-12","5.3105e-12","9.7024e-08","9.7143e-08","2.0000e+00","7.1870e-01","1.9253e-04"," 0.04 %"
"1.6788e+06","5.2885e-12","5.3353e-12","2.7379e-07","2.7412e-07","1.0000e+00","7.1870e-01","7.1661e-04"," 0.16 %"
"2.0511e+06","5.2885e-12","5.3353e-12","2.2409e-07","2.2437e-07","1.1429e+00","7.1870e-01","1.9147e-04"," 0.04 %"
"4.7483e+06","5.2885e-12","5.3353e-12","9.6798e-08","9.6917e-08","2.0000e+00","7.1870e-01","1.6868e-04"," 0.04 %"
"1.6905e+06","5.3131e-12","5.3601e-12","2.7315e-07","2.7349e-07","1.0000e+00","7.1870e-01","7.1589e-04"," 0.16 %"
"3.3301e+06","5.3131e-12","5.3601e-12","1.3866e-07","1.3883e-07","1.5714e+00","7.1870e-01","1.0895e-04"," 0.02 %"
"4.7815e+06","5.3131e-12","5.3601e-12","9.6574e-08","9.6692e-08","2.0000e+00","7.1870e-01","1.1391e-04"," 0.02 %"
"1.7023e+06","5.3377e-12","5.3850e-12","2.7252e-07","2.7286e-07","1.0000e+00","7.1870e-01","5.1957e-04"," 0.11 %"
"4.3082e+06","5.3377e-12","5.3850e-12","1.0768e-07","1.0781e-07","1.8571e+00","7.1870e-01","6.1441e-05"," 0.01 %"
"4.8147e+06","5.3377e-12","5.3850e-12","9.6351e-08","9.6469e-08","2.0000e+00","7.1870e-01","1.2557e-04"," 0.03 %"
"1.7140e+06","5.3623e-12","5.4098e-12","2.7190e-07","2.7223e-07","1.0000e+00","7.1870e-01","2.7009e-04"," 0.06 %"
"2.0942e+06","5.3623e-12","5.4098e-12","2.2254e-07","2.2282e-07","1.1429e+00","7.1870e-01","8.8762e-05"," 0.02 %"
"4.8480e+06","5.3623e-12","5.4098e-12","9.6130e-08","9.6248e-08","2.0000e+00","7.1870e-01","1.0721e-05"," 0.00 %"
"1.7258e+06","5.3869e-12","5.4346e-12","2.7128e-07","2.7161e-07","1.0000e+00","7.1870e-01","3.3223e-04"," 0.07 %"
"4.8814e+06","5.3869e-12","5.4346e-12","9.5910e-08","9.6028e-08","2.0000e+00","7.1870e-01","7.6322e-05"," 0.02 %"
"1.7377e+06","5.4115e-12","5.4594e-12","2.7066e-07","2.7099e-07","1.0000e+00","7.1870e-01","6.7710e-04"," 0.15 %"
"2.1230e+06","5.4115e-12","5.4594e-12","2.2153e-07","2.2180e-07","1.1429e+00","7.1870e-01","3.6692e-05"," 0.01 %"
"2.9670e+06","5.4115e-12","5.4594e-12","1.5851e-07","1.5871e-07","1.4286e+00","7.1870e-01","6.8148e-05"," 0.01 %"
"4.3978e+06","5.4115e-12","5.4594e-12","1.0694e-07","1.0707e-07","1.8571e+00","7.1870e-01","1.4727e-04"," 0.03 %"
"4.9149e+06","5.4115e-12","5.4594e-12","9.5692e-08","9.5809e-08","2.0000e+00","7.1870e-01","3.2241e-05"," 0.01 %"
"1.7495e+06","5.4361e-12","5.4842e-12","2.7005e-07","2.7038e-07","1.0000e+00","7.1870e-01","1.7603e-04"," 0.04 %"
"4.9484e+06","5.4361e-12","5.4842e-12","9.5475e-08","9.5592e-08","2.0000e+00","7.1870e-01","7.3304e-05"," 0.02 %"
"1.7614e+06","5.4607e-12","5.5090e-12","2.6944e-07","2.6977e-07","1.0000e+00","7.1870e-01","5.2462e-04"," 0.11 %"
"4.9821e+06","5.4607e-12","5.5090e-12","9.5260e-08","9.5377e-08","2.0000e+00","7.1870e-01","5.0904e-05"," 0.01 %"
"3.9803e+06","5.4853e-12","5.5338e-12","1.1977e-07","1.1992e-07","1.7143e+00","7.1870e-01","4.9334e-05"," 0.01 %"
"4.4881e+06","5.4853e-12","5.5338e-12","1.0622e-07","1.0635e-07","1.8571e+00","7.1870e-01","9.5672e-06"," 0.00 %"
"5.0158e+06","5.4853e-12","5.5338e-12","9.5046e-08","9.5163e-08","2.0000e+00","7.1870e-01","2.0224e-04"," 0.04 %"
"1.7853e+06","5.5099e-12","5.5586e-12","2.6823e-07","2.6856e-07","1.0000e+00","7.1870e-01","5.0875e-05"," 0.01 %"
"2.1812e+06","5.5099e-12","5.5586e-12","2.1954e-07","2.1981e-07","1.1429e+00","7.1870e-01","1.0857e-04"," 0.02 %"
"5.0495e+06","5.5099e-12","5.5586e-12","9.4834e-08","9.4950e-08","2.0000e+00","7.1870e-01","1.6741e-04"," 0.04 %"
"1.7972e+06","5.5345e-12","5.5835e-12","2.6763e-07","2.6796e-07","1.0000e+00","7.1870e-01","1.2158e-04"," 0.03 %"
"3.0687e+06","5.5345e-12","5.5835e-12","1.5674e-07","1.5693e-07","1.4286e+00","7.1870e-01","1.4940e-04"," 0.03 %"
"5.0834e+06","5.5345e-12","5.5835e-12","9.4623e-08","9.4739e-08","2.0000e+00","7.1870e-01","8.5698e-05"," 0.02 %"
"5.1173e+06","5.5591e-12","5.6083e-12","9.4413e-08","9.4529e-08","2.0000e+00","7.1870e-01","2.0595e-04"," 0.04 %"
"4.6093e+06","5.5837e-12","5.6331e-12","1.0528e-07","1.0541e-07","1.8571e+00","7.1870e-01","3.4331e-06"," 0.00 %"
"5.1513e+06","5.5837e-12","5.6331e-12","9.4205e-08","9.4321e-08","2.0000e+00","7.1870e-01","4.5253e-05"," 0.01 %"
"1.8333e+06","5.6083e-12","5.6579e-12","2.6587e-07","2.6619e-07","1.0000e+00","7.1870e-01","5.2881e-05"," 0.01 %"
"2.6727e+06","5.6083e-12","5.6579e-12","1.8237e-07","1.8259e-07","1.2857e+00","7.1870e-01","5.2825e-05"," 0.01 %"
"4.1149e+06","5.6083e-12","5.6579e-12","1.1845e-07","1.1860e-07","1.7143e+00","7.1870e-01","2.1533e-05"," 0.00 %"
"4.6398e+06","5.6083e-12","5.6579e-12","1.0505e-07","1.0518e-07","1.8571e+00","7.1870e-01","4.5680e-06"," 0.00 %"
"5.1854e+06","5.6083e-12","5.6579e-12","9.3998e-08","9.4114e-08","2.0000e+00","7.1870e-01","2.5575e-04"," 0.06 %"
"5.2195e+06","5.6329e-12","5.6827e-12","9.3793e-08","9.3908e-08","2.0000e+00","7.1870e-01","1.5874e-04"," 0.03 %"
"5.2537e+06","5.6575e-12","5.7075e-12","9.3589e-08","9.3704e-08","2.0000e+00","7.1870e-01","4.1406e-05"," 0.01 %"
"1.8696e+06","5.6820e-12","5.7323e-12","2.6414e-07","2.6446e-07","1.0000e+00","7.1870e-01","1.7829e-04"," 0.04 %"
"5.2880e+06","5.6820e-12","5.7323e-12","9.3386e-08","9.3501e-08","2.0000e+00","7.1870e-01","4.8251e-05"," 0.01 %"
"1.8818e+06","5.7066e-12","5.7571e-12","2.6357e-07","2.6389e-07","1.0000e+00","7.1870e-01","1.3515e-04"," 0.03 %"
"5.3224e+06","5.7066e-12","5.7571e-12","9.3185e-08","9.3299e-08","2.0000e+00","7.1870e-01","2.3520e-04"," 0.05 %"
"1.8939e+06","5.7312e-12","5.7819e-12","2.6300e-07","2.6332e-07","1.0000e+00","7.1870e-01","1.5774e-06"," 0.00 %"
"5.3568e+06","5.7312e-12","5.7819e-12","9.2985e-08","9.3099e-08","2.0000e+00","7.1870e-01","1.0635e-04"," 0.02 %"
"1.9061e+06","5.7558e-12","5.8068e-12","2.6244e-07","2.6276e-07","1.0000e+00","7.1870e-01","1.8350e-04"," 0.04 %"
"5.3914e+06","5.7558e-12","5.8068e-12","9.2786e-08","9.2899e-08","2.0000e+00","7.1870e-01","2.0757e-04"," 0.05 %"
"2.7967e+06","5.7804e-12","5.8316e-12","1.7963e-07","1.7985e-07","1.2857e+00","7.1870e-01","7.3053e-05"," 0.02 %"
"5.4260e+06","5.7804e-12","5.8316e-12","9.2588e-08","9.2702e-08","2.0000e+00","7.1870e-01","1.7984e-04"," 0.04 %"
"1.9306e+06","5.8050e-12","5.8564e-12","2.6132e-07","2.6164e-07","1.0000e+00","7.1870e-01","1.5705e-04"," 0.03 %"
"5.4606e+06","5.8050e-12","5.8564e-12","9.2392e-08","9.2505e-08","2.0000e+00","7.1870e-01","1.2296e-04"," 0.03 %"
"5.4954e+06","5.8296e-12","5.8812e-12","9.2197e-08","9.2310e-08","2.0000e+00","7.1870e-01","1.2820e-04"," 0.03 %"
"1.9552e+06","5.8542e-12","5.9060e-12","2.6022e-07","2.6054e-07","1.0000e+00","7.1870e-01","4.5837e-05"," 0.01 %"
"4.9484e+06","5.8542e-12","5.9060e-12","1.0282e-07","1.0295e-07","1.8571e+00","7.1870e-01","3.3910e-05"," 0.01 %"
"5.5302e+06","5.8542e-12","5.9060e-12","9.2003e-08","9.2116e-08","2.0000e+00","7.1870e-01","2.6758e-04"," 0.06 %"
"1.9675e+06","5.8788e-12","5.9308e-12","2.5968e-07","2.6000e-07","1.0000e+00","7.1870e-01","1.6703e-04"," 0.04 %"
"5.5651e+06","5.8788e-12","5.9308e-12","9.1810e-08","9.1923e-08","2.0000e+00","7.1870e-01","1.7360e-04"," 0.04 %"
"1.9799e+06","5.9034e-12","5.9556e-12","2.5914e-07","2.5945e-07","1.0000e+00","7.1870e-01","1.9635e-05"," 0.00 %"
"3.3806e+06","5.9034e-12","5.9556e-12","1.5177e-07","1.5195e-07","1.4286e+00","7.1870e-01","4.7875e-05"," 0.01 %"
"3.9002e+06","5.9034e-12","5.9556e-12","1.3155e-07","1.3171e-07","1.5714e+00","7.1870e-01","2.6119e-05"," 0.01 %"
"5.0109e+06","5.9034e-12","5.9556e-12","1.0239e-07","1.0252e-07","1.8571e+00","7.1870e-01","4.5356e-05"," 0.01 %"
"5.6000e+06","5.9034e-12","5.9556e-12","9.1619e-08","9.1731e-08","2.0000e+00","7.1870e-01","1.5100e-04"," 0.03 %"
"2.4341e+06","5.9280e-12","5.9804e-12","2.1166e-07","2.1192e-07","1.1429e+00","7.1870e-01","1.8755e-05"," 0.00 %"
"5.6351e+06","5.9280e-12","5.9804e-12","9.1428e-08","9.1540e-08","2.0000e+00","7.1870e-01","5.0915e-04"," 0.11 %"
"5.6702e+06","5.9526e-12","6.0053e-12","9.1239e-08","9.1351e-08","2.0000e+00","7.1870e-01","2.1729e-04"," 0.05 %"
"2.0171e+06","5.9772e-12","6.0301e-12","2.5753e-07","2.5785e-07","1.0000e+00","7.1870e-01","2.1599e-04"," 0.05 %"
"5.7053e+06","5.9772e-12","6.0301e-12","9.1051e-08","9.1163e-08","2.0000e+00","7.1870e-01","3.3225e-04"," 0.07 %"
"2.9589e+06","6.0018e-12","6.0549e-12","1.7629e-07","1.7650e-07","1.2857e+00","7.1870e-01","4.6861e-05"," 0.01 %"
"4.5555e+06","6.0018e-12","6.0549e-12","1.1450e-07","1.1464e-07","1.7143e+00","7.1870e-01","2.1057e-05"," 0.00 %"
"5.7406e+06","6.0018e-12","6.0549e-12","9.0865e-08","9.0976e-08","2.0000e+00","7.1870e-01","2.8967e-04"," 0.06 %"
"2.4950e+06","6.0264e-12","6.0797e-12","2.0992e-07","2.1018e-07","1.1429e+00","7.1870e-01","9.8824e-05"," 0.02 %"
"5.1682e+06","6.0264e-12","6.0797e-12","1.0134e-07","1.0147e-07","1.8571e+00","7.1870e-01","1.9265e-05"," 0.00 %"
"5.7759e+06","6.0264e-12","6.0797e-12","9.0679e-08","9.0790e-08","2.0000e+00","7.1870e-01","7.2372e-06"," 0.00 %"
"2.0546e+06","6.0510e-12","6.1045e-12","2.5596e-07","2.5627e-07","1.0000e+00","7.1870e-01","5.9884e-05"," 0.01 %"
"5.8113e+06","6.0510e-12","6.1045e-12","9.0495e-08","9.0605e-08","2.0000e+00","7.1870e-01","8.7798e-05"," 0.02 %"
"5.8468e+06","6.0756e-12","6.1293e-12","9.0311e-08","9.0422e-08","2.0000e+00","7.1870e-01","4.8255e-05"," 0.01 %"
"2.0797e+06","6.1002e-12","6.1541e-12","2.5492e-07","2.5524e-07","1.0000e+00","7.1870e-01","9.7783e-06"," 0.00 %"
"5.8823e+06","6.1002e-12","6.1541e-12","9.0129e-08","9.0240e-08","2.0000e+00","7.1870e-01","2.0763e-04"," 0.05 %"
"2.0923e+06","6.1247e-12","6.1789e-12","2.5441e-07","2.5472e-07","1.0000e+00","7.1870e-01","1.4894e-05"," 0.00 %"
"2.5563e+06","6.1247e-12","6.1789e-12","2.0823e-07","2.0849e-07","1.1429e+00","7.1870e-01","2.8469e-05"," 0.01 %"
"3.0503e+06","6.1247e-12","6.1789e-12","1.7451e-07","1.7472e-07","1.2857e+00","7.1870e-01","3.0076e-05"," 0.01 %"
"5.9179e+06","6.1247e-12","6.1789e-12","8.9948e-08","9.0058e-08","2.0000e+00","7.1870e-01","9.0912e-05"," 0.02 %"
"5.9536e+06","6.1493e-12","6.2038e-12","8.9768e-08","8.9878e-08","2.0000e+00","7.1870e-01","4.1275e-05"," 0.01 %"
"3.0871e+06","6.1739e-12","6.2286e-12","1.7381e-07","1.7403e-07","1.2857e+00","7.1870e-01","7.6341e-05"," 0.02 %"
"5.9893e+06","6.1739e-12","6.2286e-12","8.9589e-08","8.9699e-08","2.0000e+00","7.1870e-01","1.6326e-04"," 0.04 %"
"3.1056e+06","6.1985e-12","6.2534e-12","1.7347e-07","1.7368e-07","1.2857e+00","7.1870e-01","6.3630e-05"," 0.01 %"
"2.6181e+06","6.2231e-12","6.2782e-12","2.0658e-07","2.0683e-07","1.1429e+00","7.1870e-01","6.2886e-05"," 0.01 %"
"6.0611e+06","6.2231e-12","6.2782e-12","8.9234e-08","8.9343e-08","2.0000e+00","7.1870e-01","4.0707e-05"," 0.01 %"
"6.0970e+06","6.2477e-12","6.3030e-12","8.9058e-08","8.9167e-08","2.0000e+00","7.1870e-01","1.0520e-04"," 0.02 %"
"4.2714e+06","6.2723e-12","6.3278e-12","1.2762e-07","1.2778e-07","1.5714e+00","7.1870e-01","1.2958e-05"," 0.00 %"
"5.4878e+06","6.2723e-12","6.3278e-12","9.9334e-08","9.9456e-08","1.8571e+00","7.1870e-01","3.3665e-05"," 0.01 %"
"6.1331e+06","6.2723e-12","6.3278e-12","8.8883e-08","8.8992e-08","2.0000e+00","7.1870e-01","5.2069e-04"," 0.11 %"
"2.1811e+06","6.2969e-12","6.3526e-12","2.5091e-07","2.5122e-07","1.0000e+00","7.1870e-01","9.0107e-05"," 0.02 %"
"2.6648e+06","6.2969e-12","6.3526e-12","2.0537e-07","2.0562e-07","1.1429e+00","7.1870e-01","2.3616e-05"," 0.01 %"
"6.1692e+06","6.2969e-12","6.3526e-12","8.8710e-08","8.8818e-08","2.0000e+00","7.1870e-01","5.9994e-04"," 0.13 %"
"2.1939e+06","6.3215e-12","6.3774e-12","2.5042e-07","2.5073e-07","1.0000e+00","7.1870e-01","2.4618e-04"," 0.05 %"
"2.6805e+06","6.3215e-12","6.3774e-12","2.0497e-07","2.0522e-07","1.1429e+00","7.1870e-01","4.0462e-05"," 0.01 %"
"4.3218e+06","6.3215e-12","6.3774e-12","1.2712e-07","1.2728e-07","1.5714e+00","7.1870e-01","8.2515e-05"," 0.02 %"
"6.2054e+06","6.3215e-12","6.3774e-12","8.8537e-08","8.8645e-08","2.0000e+00","7.1870e-01","1.1273e-03"," 0.25 %"
"4.3470e+06","6.3461e-12","6.4023e-12","1.2688e-07","1.2703e-07","1.5714e+00","7.1870e-01","1.2264e-06"," 0.00 %"
"6.2416e+06","6.3461e-12","6.4023e-12","8.8365e-08","8.8474e-08","2.0000e+00","7.1870e-01","6.5139e-04"," 0.14 %"
"3.2358e+06","6.3707e-12","6.4271e-12","1.7111e-07","1.7132e-07","1.2857e+00","7.1870e-01","8.4700e-05"," 0.02 %"
"4.3723e+06","6.3707e-12","6.4271e-12","1.2663e-07","1.2679e-07","1.5714e+00","7.1870e-01","1.0549e-04"," 0.02 %"
"4.9819e+06","6.3707e-12","6.4271e-12","1.1114e-07","1.1127e-07","1.7143e+00","7.1870e-01","3.9324e-05"," 0.01 %"
"6.2779e+06","6.3707e-12","6.4271e-12","8.8195e-08","8.8303e-08","2.0000e+00","7.1870e-01","3.0976e-04"," 0.07 %"
"2.2325e+06","6.3953e-12","6.4519e-12","2.4897e-07","2.4928e-07","1.0000e+00","7.1870e-01","1.9009e-04"," 0.04 %"
"6.3143e+06","6.3953e-12","6.4519e-12","8.8025e-08","8.8133e-08","2.0000e+00","7.1870e-01","2.7588e-04"," 0.06 %"
"6.3508e+06","6.4199e-12","6.4767e-12","8.7856e-08","8.7964e-08","2.0000e+00","7.1870e-01","1.4581e-04"," 0.03 %"
"6.3873e+06","6.4445e-12","6.5015e-12","8.7688e-08","8.7796e-08","2.0000e+00","7.1870e-01","1.9573e-05"," 0.00 %"
"2.7749e+06","6.4691e-12","6.5263e-12","2.0261e-07","2.0286e-07","1.1429e+00","7.1870e-01","3.8236e-05"," 0.01 %"
"3.3111e+06","6.4691e-12","6.5263e-12","1.6980e-07","1.7001e-07","1.2857e+00","7.1870e-01","2.0810e-05"," 0.00 %"
"6.4239e+06","6.4691e-12","6.5263e-12","8.7521e-08","8.7629e-08","2.0000e+00","7.1870e-01","5.1958e-05"," 0.01 %"
"2.2842e+06","6.4937e-12","6.5511e-12","2.4708e-07","2.4738e-07","1.0000e+00","7.1870e-01","1.1719e-04"," 0.03 %"
"3.3300e+06","6.4937e-12","6.5511e-12","1.6948e-07","1.6969e-07","1.2857e+00","7.1870e-01","1.4616e-06"," 0.00 %"
"3.9001e+06","6.4937e-12","6.5511e-12","1.4470e-07","1.4488e-07","1.4286e+00","7.1870e-01","7.7267e-05"," 0.02 %"
"6.4606e+06","6.4937e-12","6.5511e-12","8.7355e-08","8.7463e-08","2.0000e+00","7.1870e-01","3.1058e-05"," 0.01 %"
"6.4973e+06","6.5183e-12","6.5759e-12","8.7191e-08","8.7297e-08","2.0000e+00","7.1870e-01","4.6074e-05"," 0.01 %"
"3.9445e+06","6.5428e-12","6.6008e-12","1.4416e-07","1.4434e-07","1.4286e+00","7.1870e-01","1.3166e-05"," 0.00 %"
"6.5341e+06","6.5428e-12","6.6008e-12","8.7026e-08","8.7133e-08","2.0000e+00","7.1870e-01","1.4505e-05"," 0.00 %"
"2.3232e+06","6.5674e-12","6.6256e-12","2.4569e-07","2.4599e-07","1.0000e+00","7.1870e-01","2.5828e-05"," 0.01 %"
"6.5710e+06","6.5674e-12","6.6256e-12","8.6863e-08","8.6970e-08","2.0000e+00","7.1870e-01","4.5707e-05"," 0.01 %"
"2.3363e+06","6.5920e-12","6.6504e-12","2.4523e-07","2.4553e-07","1.0000e+00","7.1870e-01","8.5335e-05"," 0.02 %"
"2.8544e+06","6.5920e-12","6.6504e-12","2.0072e-07","2.0096e-07","1.1429e+00","7.1870e-01","6.5833e-05"," 0.01 %"
"5.9127e+06","6.5920e-12","6.6504e-12","9.6895e-08","9.7014e-08","1.8571e+00","7.1870e-01","8.6355e-05"," 0.02 %"
"2.3493e+06","6.6166e-12","6.6752e-12","2.4477e-07","2.4507e-07","1.0000e+00","7.1870e-01","7.4486e-05"," 0.02 %"
"6.6450e+06","6.6166e-12","6.6752e-12","8.6540e-08","8.6646e-08","2.0000e+00","7.1870e-01","1.7887e-04"," 0.04 %"
"2.3625e+06","6.6412e-12","6.7000e-12","2.4432e-07","2.4462e-07","1.0000e+00","7.1870e-01","1.7423e-05"," 0.00 %"
"2.8864e+06","6.6412e-12","6.7000e-12","1.9997e-07","2.0022e-07","1.1429e+00","7.1870e-01","1.0330e-04"," 0.02 %"
"6.6820e+06","6.6412e-12","6.7000e-12","8.6380e-08","8.6485e-08","2.0000e+00","7.1870e-01","2.3302e-04"," 0.05 %"
"2.3756e+06","6.6658e-12","6.7248e-12","2.4387e-07","2.4417e-07","1.0000e+00","7.1870e-01","9.5358e-05"," 0.02 %"
"4.0563e+06","6.6658e-12","6.7248e-12","1.4282e-07","1.4300e-07","1.4286e+00","7.1870e-01","5.3740e-05"," 0.01 %"
"6.7192e+06","6.6658e-12","6.7248e-12","8.6220e-08","8.6326e-08","2.0000e+00","7.1870e-01","1.7086e-04"," 0.04 %"
"2.3888e+06","6.6904e-12","6.7496e-12","2.4342e-07","2.4372e-07","1.0000e+00","7.1870e-01","1.4077e-04"," 0.03 %"
"3.4825e+06","6.6904e-12","6.7496e-12","1.6697e-07","1.6717e-07","1.2857e+00","7.1870e-01","2.0654e-05"," 0.00 %"
"4.0787e+06","6.6904e-12","6.7496e-12","1.4256e-07","1.4274e-07","1.4286e+00","7.1870e-01","3.6411e-05"," 0.01 %"
"6.7564e+06","6.6904e-12","6.7496e-12","8.6061e-08","8.6167e-08","2.0000e+00","7.1870e-01","1.9728e-04"," 0.04 %"
"2.4019e+06","6.7150e-12","6.7744e-12","2.4297e-07","2.4327e-07","1.0000e+00","7.1870e-01","1.3419e-04"," 0.03 %"
"2.9346e+06","6.7150e-12","6.7744e-12","1.9887e-07","1.9911e-07","1.1429e+00","7.1870e-01","2.8321e-05"," 0.01 %"
"3.5017e+06","6.7150e-12","6.7744e-12","1.6666e-07","1.6687e-07","1.2857e+00","7.1870e-01","3.0876e-05"," 0.01 %"
"5.3912e+06","6.7150e-12","6.7744e-12","1.0825e-07","1.0838e-07","1.7143e+00","7.1870e-01","5.6707e-05"," 0.01 %"
"6.7937e+06","6.7150e-12","6.7744e-12","8.5904e-08","8.6009e-08","2.0000e+00","7.1870e-01","3.4912e-04"," 0.08 %"
"2.4151e+06","6.7396e-12","6.7993e-12","2.4253e-07","2.4283e-07","1.0000e+00","7.1870e-01","6.4735e-05"," 0.01 %"
"2.9507e+06","6.7396e-12","6.7993e-12","1.9851e-07","1.9875e-07","1.1429e+00","7.1870e-01","3.2359e-05"," 0.01 %"
"3.5210e+06","6.7396e-12","6.7993e-12","1.6636e-07","1.6656e-07","1.2857e+00","7.1870e-01","7.4582e-05"," 0.02 %"
"4.1238e+06","6.7396e-12","6.7993e-12","1.4204e-07","1.4221e-07","1.4286e+00","7.1870e-01","5.1842e-05"," 0.01 %"
"6.8311e+06","6.7396e-12","6.7993e-12","8.5747e-08","8.5852e-08","2.0000e+00","7.1870e-01","2.5325e-04"," 0.06 %"
"2.4284e+06","6.7642e-12","6.8241e-12","2.4209e-07","2.4238e-07","1.0000e+00","7.1870e-01","7.9354e-05"," 0.02 %"
"4.1464e+06","6.7642e-12","6.8241e-12","1.4178e-07","1.4196e-07","1.4286e+00","7.1870e-01","4.4074e-05"," 0.01 %"
"4.7836e+06","6.7642e-12","6.8241e-12","1.2289e-07","1.2304e-07","1.5714e+00","7.1870e-01","1.2638e-05"," 0.00 %"
"6.1459e+06","6.7642e-12","6.8241e-12","9.5654e-08","9.5771e-08","1.8571e+00","7.1870e-01","1.4793e-05"," 0.00 %"
"6.8685e+06","6.7642e-12","6.8241e-12","8.5591e-08","8.5696e-08","2.0000e+00","7.1870e-01","6.8265e-05"," 0.01 %"
"2.4416e+06","6.7888e-12","6.8489e-12","2.4165e-07","2.4194e-07","1.0000e+00","7.1870e-01","1.4355e-05"," 0.00 %"
"3.5596e+06","6.7888e-12","6.8489e-12","1.6575e-07","1.6596e-07","1.2857e+00","7.1870e-01","2.8365e-06"," 0.00 %"
"5.4803e+06","6.7888e-12","6.8489e-12","1.0766e-07","1.0779e-07","1.7143e+00","7.1870e-01","6.9710e-05"," 0.02 %"
"6.9060e+06","6.7888e-12","6.8489e-12","8.5436e-08","8.5540e-08","2.0000e+00","7.1870e-01","3.4489e-04"," 0.08 %"
"4.1917e+06","6.8134e-12","6.8737e-12","1.4127e-07","1.4144e-07","1.4286e+00","7.1870e-01","9.6005e-07"," 0.00 %"
"4.8359e+06","6.8134e-12","6.8737e-12","1.2245e-07","1.2260e-07","1.5714e+00","7.1870e-01","4.6245e-05"," 0.01 %"
"6.9435e+06","6.8134e-12","6.8737e-12","8.5281e-08","8.5386e-08","2.0000e+00","7.1870e-01","1.7593e-04"," 0.04 %"
"2.4682e+06","6.8380e-12","6.8985e-12","2.4078e-07","2.4107e-07","1.0000e+00","7.1870e-01","1.1600e-05"," 0.00 %"
"2.4815e+06","6.8626e-12","6.9233e-12","2.4035e-07","2.4064e-07","1.0000e+00","7.1870e-01","7.3481e-05"," 0.02 %"
"7.0189e+06","6.8626e-12","6.9233e-12","8.4975e-08","8.5079e-08","2.0000e+00","7.1870e-01","7.6744e-05"," 0.02 %"
"7.0566e+06","6.8872e-12","6.9481e-12","8.4823e-08","8.4927e-08","2.0000e+00","7.1870e-01","4.4644e-05"," 0.01 %"
"2.5083e+06","6.9118e-12","6.9729e-12","2.3949e-07","2.3978e-07","1.0000e+00","7.1870e-01","5.4935e-05"," 0.01 %"
"7.0945e+06","6.9118e-12","6.9729e-12","8.4672e-08","8.4776e-08","2.0000e+00","7.1870e-01","4.1510e-05"," 0.01 %"
"7.1703e+06","6.9610e-12","7.0226e-12","8.4372e-08","8.4476e-08","2.0000e+00","7.1870e-01","6.0264e-05"," 0.01 %"
"7.2465e+06","7.0101e-12","7.0722e-12","8.4076e-08","8.4179e-08","2.0000e+00","7.1870e-01","4.3668e-05"," 0.01 %"
"2.5890e+06","7.0593e-12","7.1218e-12","2.3697e-07","2.3726e-07","1.0000e+00","7.1870e-01","2.8425e-06"," 0.00 %"
"2.6026e+06","7.0839e-12","7.1466e-12","2.3656e-07","2.3685e-07","1.0000e+00","7.1870e-01","6.4566e-05"," 0.01 %"
"2.6161e+06","7.1085e-12","7.1714e-12","2.3615e-07","2.3644e-07","1.0000e+00","7.1870e-01","3.4824e-05"," 0.01 %"
"7.3995e+06","7.1085e-12","7.1714e-12","8.3492e-08","8.3594e-08","2.0000e+00","7.1870e-01","8.5406e-05"," 0.02 %"
"2.6297e+06","7.1331e-12","7.1962e-12","2.3574e-07","2.3603e-07","1.0000e+00","7.1870e-01","6.2897e-05"," 0.01 %"
"4.4902e+06","7.1331e-12","7.1962e-12","1.3807e-07","1.3823e-07","1.4286e+00","7.1870e-01","5.3758e-06"," 0.00 %"
"6.6555e+06","7.1331e-12","7.1962e-12","9.3148e-08","9.3262e-08","1.8571e+00","7.1870e-01","3.9934e-06"," 0.00 %"
"7.4380e+06","7.1331e-12","7.1962e-12","8.3348e-08","8.3450e-08","2.0000e+00","7.1870e-01","1.0025e-04"," 0.02 %"
"2.6433e+06","7.1577e-12","7.2210e-12","2.3534e-07","2.3563e-07","1.0000e+00","7.1870e-01","1.2434e-04"," 0.03 %"
"6.6899e+06","7.1577e-12","7.2210e-12","9.2988e-08","9.3101e-08","1.8571e+00","7.1870e-01","4.0389e-05"," 0.01 %"
"7.4765e+06","7.1577e-12","7.2210e-12","8.3205e-08","8.3307e-08","2.0000e+00","7.1870e-01","8.2543e-05"," 0.02 %"
"2.6570e+06","7.1823e-12","7.2459e-12","2.3494e-07","2.3522e-07","1.0000e+00","7.1870e-01","1.0730e-04"," 0.02 %"
"3.2462e+06","7.1823e-12","7.2459e-12","1.9229e-07","1.9253e-07","1.1429e+00","7.1870e-01","2.8112e-05"," 0.01 %"
"7.5151e+06","7.1823e-12","7.2459e-12","8.3062e-08","8.3164e-08","2.0000e+00","7.1870e-01","4.6095e-05"," 0.01 %"
"2.6706e+06","7.2069e-12","7.2707e-12","2.3453e-07","2.3482e-07","1.0000e+00","7.1870e-01","1.4692e-04"," 0.03 %"
"7.5537e+06","7.2069e-12","7.2707e-12","8.2920e-08","8.3022e-08","2.0000e+00","7.1870e-01","2.4630e-04"," 0.05 %"
"2.6843e+06","7.2315e-12","7.2955e-12","2.3414e-07","2.3442e-07","1.0000e+00","7.1870e-01","1.4401e-05"," 0.00 %"
"3.9134e+06","7.2315e-12","7.2955e-12","1.6060e-07","1.6080e-07","1.2857e+00","7.1870e-01","3.0026e-05"," 0.01 %"
"5.2878e+06","7.2315e-12","7.2955e-12","1.1886e-07","1.1900e-07","1.5714e+00","7.1870e-01","1.5829e-05"," 0.00 %"
"7.5924e+06","7.2315e-12","7.2955e-12","8.2779e-08","8.2881e-08","2.0000e+00","7.1870e-01","2.6104e-04"," 0.06 %"
"2.6980e+06","7.2561e-12","7.3203e-12","2.3374e-07","2.3402e-07","1.0000e+00","7.1870e-01","7.2393e-05"," 0.02 %"
"7.6312e+06","7.2561e-12","7.3203e-12","8.2639e-08","8.2740e-08","2.0000e+00","7.1870e-01","1.7242e-04"," 0.04 %"
"2.7118e+06","7.2807e-12","7.3451e-12","2.3334e-07","2.3363e-07","1.0000e+00","7.1870e-01","1.9845e-05"," 0.00 %"
"7.6700e+06","7.2807e-12","7.3451e-12","8.2499e-08","8.2600e-08","2.0000e+00","7.1870e-01","2.7707e-04"," 0.06 %"
"2.7255e+06","7.3053e-12","7.3699e-12","2.3295e-07","2.3324e-07","1.0000e+00","7.1870e-01","1.2236e-05"," 0.00 %"
"7.7089e+06","7.3053e-12","7.3699e-12","8.2360e-08","8.2461e-08","2.0000e+00","7.1870e-01","3.6102e-05"," 0.01 %"
"5.3961e+06","7.3299e-12","7.3947e-12","1.1806e-07","1.1820e-07","1.5714e+00","7.1870e-01","3.0046e-05"," 0.01 %"
"7.7478e+06","7.3299e-12","7.3947e-12","8.2222e-08","8.2323e-08","2.0000e+00","7.1870e-01","3.8983e-05"," 0.01 %"
"7.7869e+06","7.3545e-12","7.4196e-12","8.2084e-08","8.2185e-08","2.0000e+00","7.1870e-01","2.4506e-05"," 0.01 %"
"7.8260e+06","7.3791e-12","7.4444e-12","8.1947e-08","8.2048e-08","2.0000e+00","7.1870e-01","6.8784e-06"," 0.00 %"
"7.8651e+06","7.4036e-12","7.4692e-12","8.1811e-08","8.1911e-08","2.0000e+00","7.1870e-01","2.2347e-05"," 0.00 %"
"7.9043e+06","7.4282e-12","7.4940e-12","8.1676e-08","8.1776e-08","2.0000e+00","7.1870e-01","1.5348e-05"," 0.00 %"
"7.9436e+06","7.4528e-12","7.5188e-12","8.1541e-08","8.1640e-08","2.0000e+00","7.1870e-01","7.0003e-05"," 0.02 %"
"7.9830e+06","7.4774e-12","7.5436e-12","8.1406e-08","8.1506e-08","2.0000e+00","7.1870e-01","1.9126e-05"," 0.00 %"
"2.8364e+06","7.5020e-12","7.5684e-12","2.2987e-07","2.3016e-07","1.0000e+00","7.1870e-01","4.8655e-05"," 0.01 %"
"8.0224e+06","7.5020e-12","7.5684e-12","8.1273e-08","8.1372e-08","2.0000e+00","7.1870e-01","1.3152e-05"," 0.00 %"
"7.2137e+06","7.5266e-12","7.5932e-12","9.0680e-08","9.0791e-08","1.8571e+00","7.1870e-01","1.5574e-05"," 0.00 %"
"8.0619e+06","7.5266e-12","7.5932e-12","8.1140e-08","8.1239e-08","2.0000e+00","7.1870e-01","4.6504e-05"," 0.01 %"
"2.8643e+06","7.5512e-12","7.6181e-12","2.2912e-07","2.2941e-07","1.0000e+00","7.1870e-01","2.2095e-05"," 0.00 %"
"8.1410e+06","7.5758e-12","7.6429e-12","8.0876e-08","8.0975e-08","2.0000e+00","7.1870e-01","2.4377e-05"," 0.01 %"
"2.8923e+06","7.6004e-12","7.6677e-12","2.2838e-07","2.2866e-07","1.0000e+00","7.1870e-01","1.8658e-05"," 0.00 %"
"8.1807e+06","7.6004e-12","7.6677e-12","8.0745e-08","8.0844e-08","2.0000e+00","7.1870e-01","1.2182e-05"," 0.00 %"
"2.9064e+06","7.6250e-12","7.6925e-12","2.2801e-07","2.2829e-07","1.0000e+00","7.1870e-01","2.1644e-05"," 0.00 %"
"8.2205e+06","7.6250e-12","7.6925e-12","8.0615e-08","8.0714e-08","2.0000e+00","7.1870e-01","1.2135e-05"," 0.00 %"
"4.9866e+06","7.6496e-12","7.7173e-12","1.3332e-07","1.3349e-07","1.4286e+00","7.1870e-01","2.0346e-05"," 0.00 %"
"8.2603e+06","7.6496e-12","7.7173e-12","8.0485e-08","8.0584e-08","2.0000e+00","7.1870e-01","1.2105e-05"," 0.00 %"
"2.9345e+06","7.6742e-12","7.7421e-12","2.2728e-07","2.2756e-07","1.0000e+00","7.1870e-01","2.6109e-05"," 0.01 %"
"8.3001e+06","7.6742e-12","7.7421e-12","8.0356e-08","8.0455e-08","2.0000e+00","7.1870e-01","9.2253e-05"," 0.02 %"
"2.9487e+06","7.6988e-12","7.7669e-12","2.2692e-07","2.2720e-07","1.0000e+00","7.1870e-01","1.8993e-05"," 0.00 %"
"8.3401e+06","7.6988e-12","7.7669e-12","8.0228e-08","8.0326e-08","2.0000e+00","7.1870e-01","4.2099e-05"," 0.01 %"
"8.3801e+06","7.7234e-12","7.7917e-12","8.0100e-08","8.0198e-08","2.0000e+00","7.1870e-01","8.6522e-05"," 0.02 %"
"2.9770e+06","7.7480e-12","7.8165e-12","2.2620e-07","2.2647e-07","1.0000e+00","7.1870e-01","2.5396e-05"," 0.01 %"
"8.4201e+06","7.7480e-12","7.8165e-12","7.9973e-08","8.0071e-08","2.0000e+00","7.1870e-01","1.6061e-05"," 0.00 %"
"2.9912e+06","7.7726e-12","7.8413e-12","2.2584e-07","2.2612e-07","1.0000e+00","7.1870e-01","5.4576e-05"," 0.01 %"
"8.4603e+06","7.7726e-12","7.8413e-12","7.9846e-08","7.9944e-08","2.0000e+00","7.1870e-01","4.8893e-05"," 0.01 %"
"3.0054e+06","7.7972e-12","7.8662e-12","2.2548e-07","2.2576e-07","1.0000e+00","7.1870e-01","1.6547e-06"," 0.00 %"
"8.5004e+06","7.7972e-12","7.8662e-12","7.9720e-08","7.9818e-08","2.0000e+00","7.1870e-01","3.1087e-05"," 0.01 %"
"3.0196e+06","7.8218e-12","7.8910e-12","2.2513e-07","2.2540e-07","1.0000e+00","7.1870e-01","6.5313e-05"," 0.01 %"
"8.5407e+06","7.8218e-12","7.8910e-12","7.9594e-08","7.9692e-08","2.0000e+00","7.1870e-01","3.1081e-05"," 0.01 %"
"6.8095e+06","7.8463e-12","7.9158e-12","1.0014e-07","1.0027e-07","1.7143e+00","7.1870e-01","1.8150e-05"," 0.00 %"
"8.5810e+06","7.8463e-12","7.9158e-12","7.9470e-08","7.9567e-08","2.0000e+00","7.1870e-01","3.6330e-05"," 0.01 %"
"3.0481e+06","7.8709e-12","7.9406e-12","2.2442e-07","2.2470e-07","1.0000e+00","7.1870e-01","2.0443e-05"," 0.00 %"
"8.6214e+06","7.8709e-12","7.9406e-12","7.9345e-08","7.9443e-08","2.0000e+00","7.1870e-01","1.9655e-05"," 0.00 %"
"8.6618e+06","7.8955e-12","7.9654e-12","7.9222e-08","7.9319e-08","2.0000e+00","7.1870e-01","2.8820e-05"," 0.01 %"
"6.9058e+06","7.9201e-12","7.9902e-12","9.9676e-08","9.9798e-08","1.7143e+00","7.1870e-01","3.5914e-06"," 0.00 %"
"8.7023e+06","7.9201e-12","7.9902e-12","7.9099e-08","7.9196e-08","2.0000e+00","7.1870e-01","1.9763e-05"," 0.00 %"
"3.0911e+06","7.9447e-12","8.0150e-12","2.2338e-07","2.2365e-07","1.0000e+00","7.1870e-01","1.1819e-05"," 0.00 %"
"8.7429e+06","7.9447e-12","8.0150e-12","7.8976e-08","7.9073e-08","2.0000e+00","7.1870e-01","4.6234e-06"," 0.00 %"
"3.1054e+06","7.9693e-12","8.0398e-12","2.2303e-07","2.2331e-07","1.0000e+00","7.1870e-01","3.1138e-05"," 0.01 %"
"8.7835e+06","7.9693e-12","8.0398e-12","7.8854e-08","7.8951e-08","2.0000e+00","7.1870e-01","1.5451e-05"," 0.00 %"
"8.8242e+06","7.9939e-12","8.0647e-12","7.8733e-08","7.8829e-08","2.0000e+00","7.1870e-01","9.0041e-06"," 0.00 %"
"3.1342e+06","8.0185e-12","8.0895e-12","2.2235e-07","2.2262e-07","1.0000e+00","7.1870e-01","9.2779e-06"," 0.00 %"
"7.9323e+06","8.0185e-12","8.0895e-12","8.7855e-08","8.7962e-08","1.8571e+00","7.1870e-01","5.0189e-06"," 0.00 %"
"8.8650e+06","8.0185e-12","8.0895e-12","7.8612e-08","7.8708e-08","2.0000e+00","7.1870e-01","3.5705e-05"," 0.01 %"
"3.1487e+06","8.0431e-12","8.1143e-12","2.2201e-07","2.2228e-07","1.0000e+00","7.1870e-01","2.3267e-05"," 0.01 %"
"4.5903e+06","8.0431e-12","8.1143e-12","1.5228e-07","1.5247e-07","1.2857e+00","7.1870e-01","1.1502e-05"," 0.00 %"
"8.9058e+06","8.0431e-12","8.1143e-12","7.8492e-08","7.8588e-08","2.0000e+00","7.1870e-01","2.4440e-05"," 0.01 %"
"3.1631e+06","8.0677e-12","8.1391e-12","2.2167e-07","2.2194e-07","1.0000e+00","7.1870e-01","3.9766e-05"," 0.01 %"
"6.2310e+06","8.0677e-12","8.1391e-12","1.1253e-07","1.1267e-07","1.5714e+00","7.1870e-01","1.5732e-05"," 0.00 %"
"3.1921e+06","8.1169e-12","8.1887e-12","2.2100e-07","2.2127e-07","1.0000e+00","7.1870e-01","1.2651e-05"," 0.00 %"
"9.0286e+06","8.1169e-12","8.1887e-12","7.8134e-08","7.8230e-08","2.0000e+00","7.1870e-01","4.0551e-06"," 0.00 %"
"3.2066e+06","8.1415e-12","8.2135e-12","2.2066e-07","2.2093e-07","1.0000e+00","7.1870e-01","5.0237e-06"," 0.00 %"
"9.0697e+06","8.1415e-12","8.2135e-12","7.8016e-08","7.8112e-08","2.0000e+00","7.1870e-01","9.8787e-06"," 0.00 %"
"9.1108e+06","8.1661e-12","8.2383e-12","7.7898e-08","7.7994e-08","2.0000e+00","7.1870e-01","2.9713e-05"," 0.01 %"
"3.2357e+06","8.1907e-12","8.2632e-12","2.2000e-07","2.2027e-07","1.0000e+00","7.1870e-01","1.1433e-06"," 0.00 %"
"9.1520e+06","8.1907e-12","8.2632e-12","7.7781e-08","7.7877e-08","2.0000e+00","7.1870e-01","9.0351e-06"," 0.00 %"
"3.2503e+06","8.2153e-12","8.2880e-12","2.1967e-07","2.1994e-07","1.0000e+00","7.1870e-01","1.4241e-06"," 0.00 %"
"3.9711e+06","8.2153e-12","8.2880e-12","1.7980e-07","1.8002e-07","1.1429e+00","7.1870e-01","1.2650e-05"," 0.00 %"
"9.1932e+06","8.2153e-12","8.2880e-12","7.7665e-08","7.7760e-08","2.0000e+00","7.1870e-01","5.2066e-06"," 0.00 %"
"3.2649e+06","8.2399e-12","8.3128e-12","2.1934e-07","2.1961e-07","1.0000e+00","7.1870e-01","4.0793e-06"," 0.00 %"
"4.7598e+06","8.2399e-12","8.3128e-12","1.5045e-07","1.5064e-07","1.2857e+00","7.1870e-01","1.4770e-05"," 0.00 %"
"9.2346e+06","8.2399e-12","8.3128e-12","7.7549e-08","7.7644e-08","2.0000e+00","7.1870e-01","1.1287e-05"," 0.00 %"
"3.2795e+06","8.2644e-12","8.3376e-12","2.1901e-07","2.1928e-07","1.0000e+00","7.1870e-01","9.6110e-06"," 0.00 %"
"9.2759e+06","8.2644e-12","8.3376e-12","7.7433e-08","7.7528e-08","2.0000e+00","7.1870e-01","7.8907e-06"," 0.00 %"
"3.2942e+06","8.2891e-12","8.3624e-12","2.1869e-07","2.1896e-07","1.0000e+00","7.1870e-01","2.4438e-06"," 0.00 %"
"9.3174e+06","8.2891e-12","8.3624e-12","7.7318e-08","7.7413e-08","2.0000e+00","7.1870e-01","2.0755e-05"," 0.00 %"
"3.3089e+06","8.3136e-12","8.3872e-12","2.1837e-07","2.1863e-07","1.0000e+00","7.1870e-01","6.6904e-06"," 0.00 %"
"9.3589e+06","8.3136e-12","8.3872e-12","7.7204e-08","7.7298e-08","2.0000e+00","7.1870e-01","4.0975e-05"," 0.01 %"
"3.3236e+06","8.3382e-12","8.4120e-12","2.1804e-07","2.1831e-07","1.0000e+00","7.1870e-01","6.2135e-06"," 0.00 %"
"9.4004e+06","8.3382e-12","8.4120e-12","7.7090e-08","7.7184e-08","2.0000e+00","7.1870e-01","3.4253e-05"," 0.01 %"
"3.3383e+06","8.3628e-12","8.4368e-12","2.1772e-07","2.1799e-07","1.0000e+00","7.1870e-01","1.5791e-05"," 0.00 %"
"4.0786e+06","8.3628e-12","8.4368e-12","1.7820e-07","1.7842e-07","1.1429e+00","7.1870e-01","2.8063e-06"," 0.00 %"
"9.4421e+06","8.3628e-12","8.4368e-12","7.6976e-08","7.7071e-08","2.0000e+00","7.1870e-01","2.3809e-05"," 0.01 %"
"3.3530e+06","8.3874e-12","8.4616e-12","2.1740e-07","2.1767e-07","1.0000e+00","7.1870e-01","6.1346e-06"," 0.00 %"
"9.4837e+06","8.3874e-12","8.4616e-12","7.6864e-08","7.6958e-08","2.0000e+00","7.1870e-01","2.1873e-05"," 0.00 %"
"9.5255e+06","8.4120e-12","8.4865e-12","7.6751e-08","7.6845e-08","2.0000e+00","7.1870e-01","1.5193e-05"," 0.00 %"
"9.5673e+06","8.4366e-12","8.5113e-12","7.6639e-08","7.6733e-08","2.0000e+00","7.1870e-01","1.3882e-05"," 0.00 %"
"9.6092e+06","8.4612e-12","8.5361e-12","7.6528e-08","7.6621e-08","2.0000e+00","7.1870e-01","1.0942e-05"," 0.00 %"
"9.6511e+06","8.4858e-12","8.5609e-12","7.6417e-08","7.6510e-08","2.0000e+00","7.1870e-01","5.9314e-06"," 0.00 %"
"3.4419e+06","8.5350e-12","8.6105e-12","2.1551e-07","2.1578e-07","1.0000e+00","7.1870e-01","1.8162e-06"," 0.00 %"
"9.7772e+06","8.5596e-12","8.6353e-12","7.6087e-08","7.6180e-08","2.0000e+00","7.1870e-01","4.1086e-06"," 0.00 %"
"9.8616e+06","8.6088e-12","8.6850e-12","7.5869e-08","7.5962e-08","2.0000e+00","7.1870e-01","3.5935e-06"," 0.00 %"
"9.9463e+06","8.6580e-12","8.7346e-12","7.5653e-08","7.5746e-08","2.0000e+00","7.1870e-01","5.2896e-06"," 0.00 %"
"9.9887e+06","8.6826e-12","8.7594e-12","7.5546e-08","7.5639e-08","2.0000e+00","7.1870e-01","4.3021e-06"," 0.00 %"
"1.0074e+07","8.7317e-12","8.8090e-12","7.5333e-08","7.5425e-08","2.0000e+00","7.1870e-01","6.9951e-07"," 0.00 %"
"1.0202e+07","8.8055e-12","8.8835e-12","7.5017e-08","7.5109e-08","2.0000e+00","7.1870e-01","7.8080e-06"," 0.00 %"
"1.0416e+07","8.9285e-12","9.0075e-12","7.4498e-08","7.4589e-08","2.0000e+00","7.1870e-01","8.4042e-06"," 0.00 %"
"1.0546e+07","9.0023e-12","9.0820e-12","7.4192e-08","7.4283e-08","2.0000e+00","7.1870e-01","7.4159e-07"," 0.00 %"
"3.8359e+06","9.1744e-12","9.2556e-12","2.0787e-07","2.0812e-07","1.0000e+00","7.1870e-01","7.1348e-08"," 0.00 %"
"1.0937e+07","9.2236e-12","9.3053e-12","7.3297e-08","7.3386e-08","2.0000e+00","7.1870e-01","1.3157e-06"," 0.00 %"
"6.6288e+06","9.2482e-12","9.3301e-12","1.2125e-07","1.2140e-07","1.4286e+00","7.1870e-01","2.0054e-07"," 0.00 %"
"1.1024e+07","9.2728e-12","9.3549e-12","7.3102e-08","7.3191e-08","2.0000e+00","7.1870e-01","1.6875e-06"," 0.00 %"
"1.1112e+07","9.3220e-12","9.4045e-12","7.2909e-08","7.2998e-08","2.0000e+00","7.1870e-01","1.2729e-06"," 0.00 %"
"6.7348e+06","9.3466e-12","9.4293e-12","1.2061e-07","1.2076e-07","1.4286e+00","7.1870e-01","5.2909e-07"," 0.00 %"
"1.1156e+07","9.3466e-12","9.4293e-12","7.2813e-08","7.2902e-08","2.0000e+00","7.1870e-01","8.7895e-07"," 0.00 %"
"1.1200e+07","9.3712e-12","9.4541e-12","7.2717e-08","7.2806e-08","2.0000e+00","7.1870e-01","1.2712e-06"," 0.00 %"
"1.1244e+07","9.3958e-12","9.4790e-12","7.2622e-08","7.2711e-08","2.0000e+00","7.1870e-01","2.1608e-06"," 0.00 %"
"1.1333e+07","9.4450e-12","9.5286e-12","7.2433e-08","7.2521e-08","2.0000e+00","7.1870e-01","4.2900e-07"," 0.00 %"
"1.1600e+07","9.5925e-12","9.6774e-12","7.1873e-08","7.1961e-08","2.0000e+00","7.1870e-01","1.2733e-06"," 0.00 %"
"1.1689e+07","9.6417e-12","9.7271e-12","7.1690e-08","7.1778e-08","2.0000e+00","7.1870e-01","5.2581e-07"," 0.00 %"
"1.1734e+07","9.6663e-12","9.7519e-12","7.1598e-08","7.1686e-08","2.0000e+00","7.1870e-01","3.2471e-06"," 0.00 %"
"1.1868e+07","9.7401e-12","9.8263e-12","7.1327e-08","7.1414e-08","2.0000e+00","7.1870e-01","1.3124e-06"," 0.00 %"
"9.4895e+06","9.7893e-12","9.8759e-12","8.9656e-08","8.9766e-08","1.7143e+00","7.1870e-01","2.1653e-06"," 0.00 %"
"1.2003e+07","9.8139e-12","9.9007e-12","7.1058e-08","7.1145e-08","2.0000e+00","7.1870e-01","2.4226e-06"," 0.00 %"
"4.2598e+06","9.8385e-12","9.9256e-12","2.0073e-07","2.0098e-07","1.0000e+00","7.1870e-01","1.6377e-07"," 0.00 %"
"4.2757e+06","9.8631e-12","9.9504e-12","2.0048e-07","2.0073e-07","1.0000e+00","7.1870e-01","2.7252e-07"," 0.00 %"
"1.0821e+07","9.8631e-12","9.9504e-12","7.9215e-08","7.9312e-08","1.8571e+00","7.1870e-01","1.0403e-06"," 0.00 %"
"1.2094e+07","9.8631e-12","9.9504e-12","7.0881e-08","7.0968e-08","2.0000e+00","7.1870e-01","1.4984e-06"," 0.00 %"
"5.2435e+06","9.8877e-12","9.9752e-12","1.6389e-07","1.6409e-07","1.1429e+00","7.1870e-01","5.1125e-07"," 0.00 %"
"4.3078e+06","9.9123e-12","1.0000e-11","1.9998e-07","2.0023e-07","1.0000e+00","7.1870e-01","6.9999e-06"," 0.00 %"
"5.2631e+06","9.9123e-12","1.0000e-11","1.6368e-07","1.6388e-07","1.1429e+00","7.1870e-01","1.0187e-06"," 0.00 %"
"9.6689e+06","9.9123e-12","1.0000e-11","8.9098e-08","8.9207e-08","1.7143e+00","7.1870e-01","1.6980e-06"," 0.00 %"
"1.0902e+07","9.9123e-12","1.0000e-11","7.9018e-08","7.9115e-08","1.8571e+00","7.1870e-01","1.7172e-06"," 0.00 %"
