frame_indices,x_coords,y_coords,contrasts,calibrated_values,fit_errors,diffblur_errors,neareast_neighbour_distances,selections
5.000000000000000000e+00,3.604737802109086431e+01,5.998503956011379756e+00,-1.576605078270451599e-02,4.119759654199588681e+02,1.445444071736234903e-02,nan,2.426791038946121049e+01,1.000000000000000000e+00
5.000000000000000000e+00,1.171401629601306666e+02,1.926734442269608039e+01,-2.912316905019964389e-02,7.555623782113081006e+02,9.539644788054801872e-03,nan,2.316434813636185908e+01,1.000000000000000000e+00
5.000000000000000000e+00,9.399433173220323567e+01,2.019336890988344280e+01,-2.804270076233267295e-02,7.277693905527028164e+02,3.206488708772414764e-02,nan,2.316434813636185908e+01,1.000000000000000000e+00
7.000000000000000000e+00,1.098223325298319111e+02,4.939945965664894345e+01,-2.808721874871659627e-02,7.289145309145703777e+02,9.119098151983195955e-03,nan,2.215449364566432777e+01,1.000000000000000000e+00
8.000000000000000000e+00,5.422859856660681999e+01,2.207254184778667394e+01,-2.384841674511095286e-02,6.198794272503452021e+02,1.353005403166895881e-02,nan,2.426791038946121049e+01,1.000000000000000000e+00
8.000000000000000000e+00,2.350389265683642037e+01,5.186654608090820062e+01,-6.449949976656078887e-02,1.665551069270068638e+03,1.077118272202537419e-02,nan,2.213177115533043349e+01,1.000000000000000000e+00
9.000000000000000000e+00,1.317328917724017003e+02,4.612089558473869033e+01,-5.345448642204390401e-03,1.439258338812400098e+02,7.788012690093548684e-02,nan,6.961322284324547915e+00,1.000000000000000000e+00
1.200000000000000000e+01,1.284825486302997177e+01,3.246879678674729774e+01,-8.696591709392351155e-02,2.243456840799150996e+03,9.692733363003136482e-03,nan,2.213177115533043349e+01,1.000000000000000000e+00
1.200000000000000000e+01,3.206761308208969297e+01,6.077573815826734283e+00,-2.350878059661018135e-02,6.111429345742543546e+02,1.354142056326934629e-02,nan,2.733035455292154126e+01,1.000000000000000000e+00
1.400000000000000000e+01,6.623169156361403509e+01,4.346508645248336933e+01,-3.120743842525849909e-02,8.091762358957199694e+02,9.679761469706726906e-03,nan,2.021944976464524402e+01,1.000000000000000000e+00
1.600000000000000000e+01,7.753499878079851726e+01,4.534524120530461389e+00,-1.689356376173763727e-03,4.987982774707170819e+01,3.455884296178437509e-01,nan,2.545190657819865621e+01,1.000000000000000000e+00
1.800000000000000000e+01,1.248776147025323411e+02,1.955921083905790070e+01,-3.721050044151411745e-02,9.635935662377432891e+02,8.937101566651728390e-03,nan,2.982426491580493177e+01,1.000000000000000000e+00
2.000000000000000000e+01,9.523282791773358724e+01,2.282622694736438262e+01,-1.735981158345904773e-02,4.529724247918357491e+02,1.997578398814459089e-02,nan,1.111329260843587718e+01,1.000000000000000000e+00
2.100000000000000000e+01,1.430622260285782090e+02,4.665397097917988134e+01,-2.905794626817717954e-02,7.538846464387366950e+02,1.102616031393077733e-02,nan,3.263136705886068967e+01,1.000000000000000000e+00
2.100000000000000000e+01,6.604640099843389400e+00,3.247892057857953318e+01,-2.282831225543327514e-02,5.936391832649610478e+02,3.686973957760097953e-02,nan,6.091666489924285166e+00,1.000000000000000000e+00
2.300000000000000000e+01,8.312779774985212100e+01,1.935698718911648442e+01,-3.149713275920476563e-02,8.166280705664361221e+02,1.192549958331501347e-02,nan,1.259235402399123949e+01,1.000000000000000000e+00
2.400000000000000000e+01,4.663632798687228842e+01,1.965489560917408340e+01,-3.357055640072798691e-02,8.699629424243413496e+02,1.138276517104497287e-02,nan,2.172700442990051783e+01,1.000000000000000000e+00
2.500000000000000000e+01,1.063391003533016317e+02,2.322117654877820669e+01,-5.967813488396918331e-02,1.541530645733121901e+03,1.055093486282254744e-02,nan,1.111329260843587718e+01,1.000000000000000000e+00
2.600000000000000000e+01,1.253822922583449007e+01,3.110018176778662991e+01,-4.552736754877878544e-02,1.177529123131132792e+03,2.092361303972046782e-01,nan,6.091666489924285166e+00,1.000000000000000000e+00
2.700000000000000000e+01,2.467877212592506808e+01,1.684720090120310942e+01,-2.364736601218811463e-02,6.147077802879809951e+02,1.241122931404770036e-02,nan,1.507502367561998291e+01,1.000000000000000000e+00
2.700000000000000000e+01,8.678064829407675518e+01,4.982425268113102845e+01,-2.549784166939369004e-02,6.623077401209495747e+02,1.260355599398432780e-02,nan,2.881312792300613523e+01,1.000000000000000000e+00
2.700000000000000000e+01,9.873309377995404645e+00,5.250501336625517723e+01,-1.755337673524554748e-02,4.579515194447281488e+02,1.959670354654119429e-02,nan,2.157008608128869653e+01,1.000000000000000000e+00
2.800000000000000000e+01,1.371035695780892070e+02,1.213853298006478276e+01,-4.150018195993762649e-02,1.073937448459644202e+03,1.197934315250304138e-02,nan,3.269980971128191527e+01,1.000000000000000000e+00
2.800000000000000000e+01,6.216127987719283965e+01,3.485484923739772256e+01,-3.102771627081814601e-02,8.045532259689780403e+02,1.164902042803439564e-02,nan,1.062291737777470146e+01,1.000000000000000000e+00
3.100000000000000000e+01,5.846755984166790654e+01,2.012980310083416668e+01,-3.508441736374798975e-02,9.089041307354966648e+02,9.790552511231287447e-03,nan,1.322323078207578817e+01,1.000000000000000000e+00
3.100000000000000000e+01,2.921829789705806846e+01,3.122249375365388602e+01,-3.499861635964982010e-02,9.066970634159143856e+02,1.239313033439670697e-02,nan,9.272767978146466916e+00,1.000000000000000000e+00
3.100000000000000000e+01,5.202474423246305690e+01,3.167726859512437443e+01,-6.264001524946910537e-02,1.617719373684700486e+03,5.489567564836139724e-02,nan,1.062291737777470146e+01,1.000000000000000000e+00
3.300000000000000000e+01,8.554224342404994275e+01,7.009787440418873139e+00,-5.270585482019628232e-02,1.362182028156074921e+03,1.116682077223563052e-02,nan,2.215852578079989144e+01,1.000000000000000000e+00
3.400000000000000000e+01,1.048379585009408288e+01,7.400892578977723346e+00,-2.183985923140664698e-02,5.682131129153002576e+02,1.300464463598749454e-02,nan,1.468149829179552235e+01,1.000000000000000000e+00
3.400000000000000000e+01,2.068395441211860231e+01,1.796039812618743881e+01,-3.394394310690611316e-02,8.795676038782958130e+02,1.100266842106856213e-02,nan,1.019386993617804293e+01,1.000000000000000000e+00
3.400000000000000000e+01,3.422470219438392292e+01,4.851399257935217690e+01,-9.246768759142586294e-03,2.442798591496631104e+02,3.306854264175340674e-02,nan,1.792368945773258204e+01,1.000000000000000000e+00
3.500000000000000000e+01,2.046865456812543371e+01,2.815199418631909367e+01,-1.976224329949314087e-02,5.147704023763461691e+02,2.100068531853294118e-02,nan,9.272767978146466916e+00,1.000000000000000000e+00
3.700000000000000000e+01,4.012233712427921972e+01,3.158837454009248802e+01,-6.841414977427548449e-02,1.766247980575964675e+03,9.699697567300824552e-03,nan,1.051535815481789271e+01,1.000000000000000000e+00
3.700000000000000000e+01,5.241288972557750725e+00,2.369538271971222443e+01,1.608916368979622412e-03,-4.781066185640176514e+01,3.643675830065383758e-01,nan,1.586612897796340782e+01,1.000000000000000000e+00
3.800000000000000000e+01,9.685095409678014278e+01,2.606532017238025034e+01,-2.239235785747377069e-02,5.824250871750857641e+02,9.579524093588975830e-03,nan,1.164468058434317754e+01,1.000000000000000000e+00
4.000000000000000000e+01,1.073574810500944920e+02,3.732547555835444086e+01,-2.305277046004380534e-02,5.994129428289079442e+02,2.636579831167213950e-01,nan,6.726140132020086426e+00,1.000000000000000000e+00
4.100000000000000000e+01,9.881270078481433927e+01,3.754356637305767919e+01,-5.068701294701328380e-02,1.310251168272328641e+03,1.847126955674938120e-02,nan,8.547563008564432963e+00,1.000000000000000000e+00
4.100000000000000000e+01,1.065485153016748683e+02,4.400279054968554249e+01,-5.567020636272225487e-02,1.438434322427330471e+03,2.797017789992251036e-02,nan,6.726140132020086426e+00,1.000000000000000000e+00
4.200000000000000000e+01,5.063634353715364966e+01,3.141977360850988177e+01,-4.569201657106269909e-02,1.181764405457995053e+03,4.688345208783262219e-02,nan,6.949944804924697017e+00,1.000000000000000000e+00
4.300000000000000000e+01,3.854600105026778323e+01,3.759629867263571867e+01,-4.714118341718345762e-02,1.219041460899397407e+03,1.804989980133109295e-02,nan,9.409978732400121615e+00,1.000000000000000000e+00
4.300000000000000000e+01,4.397834614997201186e+01,4.527987378204553437e+01,-3.802600540030450643e-02,9.845708771960665899e+02,4.877585226152880704e-02,nan,9.409978732400121615e+00,1.000000000000000000e+00
4.400000000000000000e+01,5.101012640817542376e+01,2.447988750304456929e+01,-2.329324254711561543e-02,6.055986290015397344e+02,4.728756010216794703e-02,nan,6.949944804924697017e+00,1.000000000000000000e+00
4.800000000000000000e+01,6.738104823346969852e+01,2.263952602459998786e+01,-2.430564271774069210e-02,6.316406940614047016e+02,1.181258909256488465e-02,nan,1.192224542338339255e+01,1.000000000000000000e+00
4.900000000000000000e+01,1.203829195313543323e+02,7.412380421679089615e+00,-2.402252409721753953e-02,6.243580070871710177e+02,8.130804411411507449e-02,nan,3.619859316431710106e+00,1.000000000000000000e+00
4.900000000000000000e+01,1.435873854355097592e+02,3.858863914949582608e+01,-6.408953255415024419e-02,1.655005444004700394e+03,8.687095611811024298e-03,nan,1.930572748401710115e+01,1.000000000000000000e+00
4.900000000000000000e+01,2.471808136673503498e+01,2.688727680750258742e+01,-1.496110749794098702e-03,4.490895227635104447e+01,2.952116121042165364e-01,nan,2.640202938647612996e+01,1.000000000000000000e+00
5.100000000000000000e+01,7.907228424146394730e+01,2.497510658214129009e+01,-7.435091435610630128e-02,1.918959935760329927e+03,1.117801206547042181e-02,nan,1.192224542338339255e+01,1.000000000000000000e+00
5.300000000000000000e+01,1.171298891540418907e+02,5.824559639903035269e+00,-2.540992790839613144e-02,6.600463261564079858e+02,8.536783244069756638e-02,nan,3.619859316431710106e+00,1.000000000000000000e+00
5.300000000000000000e+01,4.758627806937516169e+01,1.308047464443026264e+01,-5.438869995115035855e-02,1.405470012154462211e+03,1.043550041724261579e-02,nan,2.198200148162245782e+01,1.000000000000000000e+00
5.300000000000000000e+01,1.242833528857234029e+02,3.833282475599516914e+01,-4.398597732244281105e-02,1.137879796983649157e+03,8.136811252465236954e-03,nan,1.930572748401710115e+01,1.000000000000000000e+00
5.400000000000000000e+01,6.091368454174358504e+01,3.947397782082995121e+01,-4.491247325808934987e-02,1.161712139306261406e+03,1.538767081287872873e-02,nan,6.022403920038284397e+00,1.000000000000000000e+00
5.400000000000000000e+01,8.590532626048755560e+01,3.646386351711603169e+01,-4.468118888120298920e-02,1.155762789469144764e+03,1.614067749568526278e-02,nan,9.290818334971511661e+00,1.000000000000000000e+00
5.500000000000000000e+01,1.847037824059937705e+01,3.044707662383320468e+01,-4.188063584418370844e-02,1.083723899601486210e+03,9.079428311182047295e-02,nan,2.828551101892901443e+01,1.000000000000000000e+00
5.500000000000000000e+01,4.325026449768537873e+01,4.408626174200778536e+01,-3.010860777687779030e-02,7.809109115060210797e+02,1.255885622031427395e-02,nan,1.537429051075835673e+01,1.000000000000000000e+00
5.600000000000000000e+01,1.422079819701649797e+02,2.822670581129552048e+01,-2.905164682672665283e-02,7.537226053122578833e+02,1.356797660381836579e-02,nan,2.057731683041367887e+01,1.000000000000000000e+00
5.700000000000000000e+01,9.448238370950254250e+01,3.289267452047369034e+01,-3.645777110471361965e-02,9.442310385237025230e+02,2.979678162282239917e-02,nan,9.290818334971511661e+00,1.000000000000000000e+00
5.700000000000000000e+01,1.207588306961978049e+02,9.752336462342883650e+00,-3.210771242251053009e-02,8.323340688242411716e+02,5.102902698183575669e-02,nan,5.347583331120761230e+00,1.000000000000000000e+00
5.700000000000000000e+01,7.809905589662612613e+01,2.510042714702310107e+01,-4.694803394995580512e-03,1.271892248304511952e+02,9.921788530502329007e-02,nan,1.367613879077516614e+01,1.000000000000000000e+00
5.900000000000000000e+01,5.617387969907700551e+01,3.575865831511756454e+01,-1.647310975302159267e-02,4.301637099901615784e+02,5.870877240673211261e-02,nan,4.455535040300017791e+00,1.000000000000000000e+00
6.000000000000000000e+01,7.324932144687355162e+01,1.231305650285123754e+01,-3.513135078098338082e-02,9.101114034529354058e+02,1.092322016504476689e-02,nan,9.761000629810672180e+00,1.000000000000000000e+00
6.100000000000000000e+01,3.352885987302583715e+01,2.290686213691405015e+01,-1.245275078496734661e-02,3.267476371289355370e+02,2.039524329153785676e-02,nan,2.576843457124687475e+01,1.000000000000000000e+00
6.200000000000000000e+01,1.070083198560769375e+02,4.191703821884442505e+01,-1.734712427704688956e-03,5.104652573774635016e+01,3.108924768129004423e-01,nan,5.827992310034355583e+00,1.000000000000000000e+00
6.300000000000000000e+01,1.357221641244408374e+02,1.867970217925273957e+01,-4.261451159997444588e-02,1.102601454873291459e+03,8.248198390825578485e-03,nan,2.433360693081725756e+01,1.000000000000000000e+00
6.300000000000000000e+01,5.856620906905295243e+01,3.951745502163040413e+01,-1.833699663542774291e-02,4.781086480336634281e+02,7.855941436190205795e-02,nan,4.455535040300017791e+00,1.000000000000000000e+00
6.400000000000000000e+01,9.497166627012356699e+00,3.220685891014688451e+01,-2.187079849045112101e-02,5.690089663933205202e+02,1.261998182180945616e-02,nan,2.576843457124687475e+01,1.000000000000000000e+00
6.400000000000000000e+01,1.328954369512323694e+02,4.284856726952461514e+01,-2.872049375500221324e-02,7.452043236200516958e+02,8.604203981182667604e-03,nan,2.433360693081725756e+01,1.000000000000000000e+00
6.500000000000000000e+01,8.169192824429889299e+01,7.414125623645883678e+00,-2.967875702347707451e-02,7.698538200407145951e+02,1.064096423117311119e-02,nan,9.761000629810672180e+00,1.000000000000000000e+00
6.500000000000000000e+01,1.048085831717995973e+02,4.731394963980216772e+01,-1.385875321440198414e-03,4.207335595743508350e+01,3.639207319125080664e-01,nan,5.827992310034355583e+00,1.000000000000000000e+00
6.800000000000000000e+01,7.907332614253478198e+01,1.837746936787890917e+01,-1.847479948862888396e-02,4.816533638215750557e+02,2.124282572383062728e-02,nan,1.127173380725329466e+01,1.000000000000000000e+00
6.900000000000000000e+01,1.090776836431504364e+02,1.704848630778469243e+01,-5.038493299672915787e-02,1.302480737224571158e+03,8.374858025986142707e-03,nan,1.342724224848399039e+01,1.000000000000000000e+00
7.100000000000000000e+01,1.257668964927092077e+02,3.126474630080356931e+01,-3.428897054768521163e-02,8.884427772740689306e+02,1.086396063147831992e-02,nan,1.463546416405131545e+01,1.000000000000000000e+00
7.300000000000000000e+01,6.415883393250469169e+01,4.535554305909702322e+01,-1.713062812434436311e-02,4.470771170606798250e+02,1.184541765061408736e-02,nan,1.685616172094020371e+01,1.000000000000000000e+00
7.400000000000000000e+01,1.111624176123455499e+02,3.031290181232756709e+01,-2.912880501698511190e-02,7.557073527164109237e+02,1.621838184245383285e-02,nan,1.026997792669978615e+01,1.000000000000000000e+00
7.500000000000000000e+01,2.385802187228379978e+01,4.420447064490655009e+01,-2.196512442655697978e-02,5.714353213428507843e+02,9.581776276132436543e-03,nan,1.283824117177738522e+01,1.000000000000000000e+00
7.600000000000000000e+01,4.268133834871765231e+01,1.141150810460171350e+01,-3.534420321841644230e-02,9.155866267733347286e+02,1.629433449478923102e-02,nan,8.085110363490011665e+00,1.000000000000000000e+00
7.600000000000000000e+01,1.607874440605198174e+01,1.837515128921324248e+01,-4.555223143917478540e-02,1.178168699328491584e+03,1.139511251501490463e-02,nan,1.168843709068966419e+01,1.000000000000000000e+00
7.700000000000000000e+01,1.336652061241253193e+02,3.307290373103997183e+01,-4.670856232193384278e-02,1.207913107669464125e+03,6.744973396635267626e-03,nan,1.645943336916998234e+01,1.000000000000000000e+00
7.800000000000000000e+01,1.196213865669647021e+02,2.448896063476660245e+01,-4.958121485444616505e-02,1.281806619658782438e+03,9.231639352969001067e-03,nan,1.026997792669978615e+01,1.000000000000000000e+00
7.800000000000000000e+01,2.220546593908326827e+01,8.421114676878495686e+00,-4.914059849297786053e-02,1.270472603441940237e+03,1.041812846621792410e-02,nan,1.168843709068966419e+01,1.000000000000000000e+00
7.900000000000000000e+01,3.721434191863820473e+01,3.755946938989183792e+01,-6.690557864346385886e-02,1.727442863117544675e+03,9.655699198521272564e-03,nan,1.491802020577112842e+01,1.000000000000000000e+00
7.900000000000000000e+01,1.329035596337455871e+01,5.149452370523453482e+01,-3.777270670260671204e-02,9.780552509087339104e+02,1.079970457206358425e-02,nan,1.283824117177738522e+01,1.000000000000000000e+00
7.900000000000000000e+01,3.493677413127660714e+01,1.373330367522057749e+01,-2.668320681233426681e-02,6.927989994745462354e+02,3.030390522263159969e-02,nan,7.274765085358730232e+00,1.000000000000000000e+00
8.100000000000000000e+01,1.337443148095423169e+02,8.329096172133837683e+00,-7.739360273129758383e-02,1.997227295765517738e+03,9.456176166726115717e-03,nan,1.766435969283939755e+01,1.000000000000000000e+00
8.200000000000000000e+01,6.477824826467637465e+00,3.009291462140532758e+01,-5.644747094375934804e-02,1.458427972542579937e+03,9.205699237093134535e-03,nan,2.245972955911016911e+01,1.000000000000000000e+00
8.200000000000000000e+01,1.365237861006738171e+02,4.967555377019855456e+01,-4.973040950600379068e-02,1.285644367750081756e+03,1.148507339354609691e-02,nan,1.672779963409650961e+01,1.000000000000000000e+00
8.300000000000000000e+01,1.078563015641123712e+02,2.285253505784354289e+01,-7.966721431829541789e-02,2.055711621022894633e+03,8.896681610370049675e-03,nan,1.110979433217489820e+01,1.000000000000000000e+00
8.300000000000000000e+01,5.806585291345395206e+01,4.803350415388763395e+01,-2.854165969823625748e-02,7.406041583135374822e+02,1.483158312016363833e-02,nan,2.333432910979689012e+01,1.000000000000000000e+00
8.400000000000000000e+01,3.623522588291131541e+01,2.089125241042615855e+01,-7.055943696101026064e-02,1.821431405184188407e+03,1.007713308472768521e-02,nan,7.274765085358730232e+00,1.000000000000000000e+00
8.400000000000000000e+01,1.186225817204789195e+02,4.488933742466979737e+01,-3.777005446481834089e-02,9.779870271459934656e+02,1.056700652294269016e-01,nan,5.156839732607217286e+00,1.000000000000000000e+00
8.500000000000000000e+01,7.981344653979402892e+01,1.645067504512597623e+01,-5.228813018516120792e-02,1.351436857976999136e+03,1.024897320509221554e-02,nan,2.163938541219948775e+01,1.000000000000000000e+00
8.600000000000000000e+01,1.641300029758752999e+01,6.681661829016579901e+00,-1.840495421156871161e-02,4.798567271732403583e+02,1.563021093655658778e-02,nan,2.301185289723285621e+01,1.000000000000000000e+00
8.600000000000000000e+01,1.278399721981100896e+02,2.497746971686290962e+01,-6.243190094773822668e-02,1.612366029875781805e+03,9.397114971009146167e-03,nan,1.644549009367869985e+01,1.000000000000000000e+00
8.600000000000000000e+01,9.030567985090534933e+01,4.735743252509666235e+01,-2.873109387892545594e-02,7.454769916073371405e+02,1.106327644196292148e-02,nan,2.077033319321140326e+01,1.000000000000000000e+00
8.700000000000000000e+01,9.805735167385772399e+01,2.808781070975566863e+01,-3.761838070864977068e-02,9.740855088130035710e+02,8.872775111499864309e-03,nan,1.110979433217489820e+01,1.000000000000000000e+00
8.700000000000000000e+01,1.197976367231608066e+02,4.991051674515504999e+01,-3.682122993996026633e-02,9.535803244174730935e+02,9.544967363926670778e-02,nan,5.156839732607217286e+00,1.000000000000000000e+00
8.800000000000000000e+01,2.089807619260271565e+01,2.925220608430289104e+01,-3.661574613858970678e-02,9.482946452173831631e+02,1.142459287369779197e-02,nan,1.386579786243210677e+01,1.000000000000000000e+00
8.900000000000000000e+01,1.011950602949245734e+02,6.657326966632098220e+00,-3.469247868838533366e-02,8.988222552287298868e+02,1.280917638926093449e-02,nan,2.165896693877620649e+01,1.000000000000000000e+00
8.900000000000000000e+01,1.330621051718854631e+02,9.383128703998908193e+00,-8.710579804924444350e-03,2.304874201168757963e+02,9.826385293473205440e-02,nan,1.644549009367869985e+01,1.000000000000000000e+00
9.000000000000000000e+01,5.350797430867185511e+01,2.325555941082326328e+01,-3.516546379110651460e-02,9.109888956292413695e+02,8.680731651581230501e-03,nan,2.340385769027783525e+01,1.000000000000000000e+00
9.200000000000000000e+01,7.845637733585388673e+01,1.241989557907168695e+01,-2.848908236506875538e-02,7.392517066143473130e+02,1.114381139919251584e-02,nan,2.345751265002761698e+01,1.000000000000000000e+00
9.300000000000000000e+01,1.065954181852123561e+01,3.860275495763534082e+01,-2.999656753576826138e-02,7.780288898183955553e+02,1.027709447542002330e-02,nan,1.386579786243210677e+01,1.000000000000000000e+00
9.400000000000000000e+01,3.855508699332578004e+01,5.251345578463367580e+00,-4.861234842360409591e-02,1.256884377092653722e+03,9.651644205744602800e-03,nan,2.340385769027783525e+01,1.000000000000000000e+00
9.500000000000000000e+01,3.337978817360989581e+01,4.975995222516620942e+01,-6.787994384994987251e-02,1.752506551208105520e+03,9.259393710464469684e-03,nan,1.418504687444123924e+01,1.000000000000000000e+00
9.600000000000000000e+01,1.024686079393516280e+02,9.441108649567777178e+00,-2.880301475242087392e-02,7.473270190185074853e+02,1.073918964168318890e-02,nan,9.028027517523520729e+00,1.000000000000000000e+00
9.600000000000000000e+01,1.318386268447669067e+02,4.723380516226049508e+01,-8.991488193074359536e-02,2.319313341388543904e+03,1.701666276268187783e-02,nan,5.470905554242588842e+00,1.000000000000000000e+00
9.700000000000000000e+01,4.728350414049511130e+01,2.731540411707990756e+01,-8.589624817999408357e-02,2.215941646454738475e+03,9.171255349095797094e-03,nan,1.534283916342543819e+01,1.000000000000000000e+00
9.800000000000000000e+01,3.437600471797117763e+01,3.560993076133669177e+01,-8.171920354648228371e-03,2.166314322810150941e+02,4.279333834370424583e-02,nan,1.418504687444123924e+01,1.000000000000000000e+00
9.800000000000000000e+01,7.733158760378668717e+01,1.206077883831171960e+01,-2.101756516382363715e-03,6.048803544361810935e+01,2.723958870434516344e-01,nan,1.507559374210254433e+01,1.000000000000000000e+00
1.000000000000000000e+02,1.072440894884866225e+02,1.710270488214445450e+01,-4.184474560615246419e-02,1.082800691624104502e+03,1.193873489199992477e-02,nan,9.028027517523520729e+00,1.000000000000000000e+00
1.010000000000000000e+02,1.325577061379522377e+02,5.265724803128331644e+01,-1.232449099201425313e-01,3.176664794432195322e+03,8.230319809425012956e-03,nan,5.470905554242588842e+00,1.000000000000000000e+00
1.020000000000000000e+02,6.388927826658419917e+01,1.888557527189713525e+01,-1.882985035189697551e-02,4.907863706592567041e+02,1.344094983650512276e-02,nan,1.507559374210254433e+01,1.000000000000000000e+00
1.040000000000000000e+02,1.446696022751124566e+01,3.543126160152645809e+01,-5.027815907209052387e-02,1.299734181492148082e+03,8.742169433086366404e-03,nan,2.393104271830472030e+01,1.000000000000000000e+00
1.040000000000000000e+02,1.070283531709153380e+01,1.179810334360242052e+01,-1.891488340863708333e-03,5.507928733614291161e+01,3.286921062810661542e-01,nan,2.393104271830472030e+01,1.000000000000000000e+00
1.050000000000000000e+02,1.240051158601686438e+02,3.202933456106569565e+01,-3.854853788315555640e-02,9.980120295280523806e+02,2.422170153130243087e-02,nan,8.423270806547055400e+00,1.000000000000000000e+00
1.070000000000000000e+02,1.163767768487679888e+02,3.560143968375886203e+01,-4.240551226025067455e-02,1.097225345148621273e+03,1.491091236193742287e-02,nan,8.423270806547055400e+00,1.000000000000000000e+00
1.080000000000000000e+02,1.304015440571185422e+02,1.286112597802867263e+01,1.482295072858069848e-03,-4.455357031568622261e+01,3.151735608535110034e-01,nan,1.702996791368795471e+01,1.000000000000000000e+00
1.100000000000000000e+02,2.328778875340602283e+01,1.334951716201641858e+01,-7.215963122140871266e-02,1.862593353045170943e+03,9.397838255355894788e-03,nan,1.855520086004160163e+01,1.000000000000000000e+00
1.100000000000000000e+02,2.102589912565060715e+01,3.176633920786192533e+01,-3.012383127518118708e-02,7.813025069884783989e+02,1.131406814942459427e-02,nan,1.470804133230736532e+01,1.000000000000000000e+00
1.100000000000000000e+02,1.313804260678386129e+02,4.656749459813694614e+01,-5.330402110140390441e-03,1.435387905180468806e+02,1.680565824460177327e-01,nan,1.630194153844432137e+01,1.000000000000000000e+00
1.110000000000000000e+02,4.491237637030838670e+01,2.921616781441350597e+01,-2.645079347894844016e-02,6.868206093829317069e+02,1.421590457573707056e-02,nan,1.082934490215224699e+01,1.000000000000000000e+00
1.120000000000000000e+02,3.970661807622353479e+01,3.871220865222257856e+01,-4.192389050923159277e-02,1.084836543429493759e+03,1.121591758274731454e-02,nan,1.082934490215224699e+01,1.000000000000000000e+00
1.130000000000000000e+02,1.345072620101094287e+02,2.938876607671576835e+01,-4.318786709825973152e-02,1.117349932423979453e+03,1.711647108626487279e-01,nan,5.446323084306313511e+00,1.000000000000000000e+00
1.130000000000000000e+02,8.442296707666655209e+01,2.475265412551669897e+01,-1.618353287333118128e-03,4.805340859712449486e+01,2.520859450752225284e-01,nan,2.813567270375536822e+01,1.000000000000000000e+00
1.140000000000000000e+02,1.886136651366103933e+01,4.631423522084247679e+01,-5.470107602261620183e-02,1.413505291298317161e+03,9.525835813879890424e-03,nan,1.470804133230736532e+01,1.000000000000000000e+00
1.150000000000000000e+02,1.290640551368425974e+02,2.920455404272079747e+01,-5.814201449271504119e-02,1.502016876050401834e+03,5.975815004419604559e-02,nan,5.446323084306313511e+00,1.000000000000000000e+00
1.180000000000000000e+02,1.273255548588393964e+02,4.634558802228042396e+01,-5.171025815951105220e-02,1.336572201366989020e+03,9.496679696485599287e-03,nan,1.722897063393617145e+01,1.000000000000000000e+00
1.200000000000000000e+02,3.396857300930639667e+01,3.678427513317777198e+01,-3.594674420046822111e-02,9.310858452751837149e+02,8.908699703950695437e-03,nan,2.078931486411249452e+01,1.000000000000000000e+00
1.210000000000000000e+02,1.072377175095179211e+02,7.619005416695076249e+00,-5.589152315663804133e-03,1.501946464552636655e+02,1.360607882777765676e-01,nan,3.353618266539024972e+01,1.000000000000000000e+00
1.210000000000000000e+02,6.449160777682344303e+01,2.701213267513060501e+01,-3.565760790745447356e-02,9.236483651439987170e+02,1.341394607054136046e-02,nan,9.519263296575623201e+00,1.000000000000000000e+00
1.220000000000000000e+02,1.989243811647386906e+01,7.039041571869502079e+00,-6.347455122285358686e-02,1.639186221226081443e+03,9.024154260327876820e-03,nan,1.369478864378501726e+01,1.000000000000000000e+00
1.220000000000000000e+02,5.460821422948206560e+01,3.429412999250140359e+01,-4.237415097822771343e-02,1.096418635933727955e+03,1.055471076045355616e-02,nan,1.227635747857745763e+01,1.000000000000000000e+00
1.230000000000000000e+02,1.346177580541143755e+02,3.005633071117499355e+01,1.594000974333795000e-03,-4.742699175338274387e+01,3.515542009198476814e-01,nan,1.017248827829443236e+01,1.000000000000000000e+00
1.240000000000000000e+02,7.388609178043937220e+01,2.854837615040925769e+01,-5.157536254726332453e-02,1.333102268812279135e+03,1.055019107851495885e-02,nan,9.519263296575623201e+00,1.000000000000000000e+00
1.250000000000000000e+02,1.014059152277909135e+02,4.064423259098208518e+01,-4.103425931995283160e-02,1.061952476454101543e+03,9.969002055350340008e-03,nan,3.006077885891093970e+01,1.000000000000000000e+00
1.260000000000000000e+02,5.021460434225907221e+01,1.222221487354625324e+01,-1.733639013231427772e-02,4.523699525953603029e+02,1.653231005523037034e-02,nan,1.116708234534098843e+01,1.000000000000000000e+00
1.270000000000000000e+02,6.199323846460782939e+00,6.824897726973089718e+00,-2.875957937620029006e-02,7.462097267399633438e+02,1.660661018965925440e-02,nan,1.369478864378501726e+01,1.000000000000000000e+00
1.290000000000000000e+02,5.372956885626724244e+01,2.700864391101176665e+01,-5.471220236856964153e-02,1.413791495344508576e+03,3.043723882248250412e-02,nan,1.382410651195929674e+01,1.000000000000000000e+00
1.290000000000000000e+02,5.729684450245076732e+01,4.036455890468185004e+01,-8.769131658250342576e-02,2.262116360250167418e+03,1.041817177279136253e-02,nan,6.140684559953727195e+00,1.000000000000000000e+00
1.310000000000000000e+02,6.137078563596418945e+01,1.172891268460887204e+01,-2.132943060679497529e-02,5.550833092702184786e+02,1.101586583791269724e-02,nan,1.116708234534098843e+01,1.000000000000000000e+00
1.310000000000000000e+02,2.818529932831678053e+01,3.079134676992718056e+01,-4.217428354597283630e-02,1.091277427126032762e+03,1.044991932280658897e-02,nan,1.686158350021392849e+01,1.000000000000000000e+00
1.330000000000000000e+02,1.377949600008926900e+01,3.955409911169262216e+01,-3.076320533351001307e-02,7.977491861848171766e+02,1.091197092857409956e-02,nan,1.686158350021392849e+01,1.000000000000000000e+00
1.330000000000000000e+02,5.145905924224631178e+01,4.226936076329961622e+01,-1.558522357513323839e-02,4.073245301073221754e+02,1.807820275941761645e-01,nan,6.140684559953727195e+00,1.000000000000000000e+00
1.350000000000000000e+02,1.113899654767803611e+02,3.561468078322481290e+01,-2.960506618155859040e-02,7.679582635648869200e+02,1.289071129721164333e-02,nan,1.304431724448212648e+01,1.000000000000000000e+00
1.370000000000000000e+02,1.869894949968573172e+01,7.558501267158987957e+00,-3.742219737838971098e-03,1.026858255873237482e+02,2.148242613956424796e-01,nan,3.237158173713199005e+01,1.000000000000000000e+00
1.390000000000000000e+02,1.515930726488068458e+01,4.559938182764499714e+01,-5.635916056972412047e-02,1.456156356463469365e+03,8.163710040435256943e-03,nan,3.820520463192911365e+01,1.000000000000000000e+00
1.390000000000000000e+02,1.327333269748521332e+02,3.141628341454887519e+01,1.733570478138037226e-03,-5.101715126135579226e+01,3.567525039131212994e-01,nan,8.956040900588657649e+00,1.000000000000000000e+00
1.450000000000000000e+02,5.279672236560641352e+01,4.002137466038946201e+01,-1.990257106758343622e-02,5.183800667880549327e+02,1.339879231338370058e-02,nan,2.191437362520252563e+01,1.000000000000000000e+00
1.450000000000000000e+02,9.072931571222196112e+01,5.151549624678356309e+01,-4.760514149771268716e-02,1.230975898356803555e+03,6.614430532756210290e-02,nan,3.611672689228744559e+01,1.000000000000000000e+00
1.460000000000000000e+02,3.787578433237843711e+01,2.397128495367620360e+01,-6.587606677000175381e-02,1.700960632111943141e+03,1.057872611339305546e-02,nan,2.191437362520252563e+01,1.000000000000000000e+00
1.480000000000000000e+02,1.074053711481229527e+02,1.947915537409905085e+01,-1.635804575295345467e-02,4.272039078656986248e+02,6.605007812458785210e-02,nan,9.580899231358374735e+00,1.000000000000000000e+00
1.480000000000000000e+02,2.458107912290076769e+01,4.447336400640430298e+01,-7.294935167503492635e-02,1.882907406745638127e+03,8.585985405687668326e-03,nan,2.443531117238380901e+01,1.000000000000000000e+00
1.500000000000000000e+02,1.243513209720502886e+02,6.504385841520703870e+00,-2.101094403904379612e-02,5.468908492541870601e+02,1.158485191402780501e-02,nan,1.682780713007462481e+01,1.000000000000000000e+00
1.520000000000000000e+02,4.724080865605341017e+01,2.609798033944889184e+01,-1.685943005978068551e-02,4.401010636715183182e+02,1.191856576789329658e-02,nan,1.901634760494795273e+01,1.000000000000000000e+00
1.530000000000000000e+02,7.889753158863707938e+01,3.891944559951657823e+01,-4.585483377936776239e-02,1.185952567861136686e+03,1.134148672648327416e-02,nan,1.527189237619281847e+01,1.000000000000000000e+00
1.540000000000000000e+02,6.537545981670618289e+01,3.182125767971860242e+01,-5.451633065355187407e-02,1.408753068748105989e+03,9.250378591708630083e-03,nan,9.306534941176188624e+00,1.000000000000000000e+00
1.550000000000000000e+02,2.376077040939582119e+01,3.520011865079390390e+01,-3.187061298701263090e-02,8.262351376860914343e+02,1.138151772026563258e-02,nan,1.612044504395530709e+01,1.000000000000000000e+00
1.560000000000000000e+02,1.122860046796954094e+02,3.790791456005484861e+01,-2.355138682365756631e-02,6.122388985704262723e+02,1.153044783845202925e-02,nan,2.540834980828600465e+01,1.000000000000000000e+00
1.580000000000000000e+02,1.018706842965069725e+01,4.732870501685469833e+01,-5.030619343390540371e-02,1.300455312024795376e+03,1.070201295615391679e-02,nan,1.820296658992518246e+01,1.000000000000000000e+00
1.590000000000000000e+02,1.212768410375422263e+02,5.264728335973263285e+00,-5.452430499090195337e-02,1.408958193379754221e+03,1.032225361378291684e-02,nan,1.309419954589661472e+01,1.000000000000000000e+00
1.590000000000000000e+02,1.004273014138655924e+02,1.543670193516020106e+01,-3.200308177786368585e-02,8.296426448851615305e+02,5.851995111807750671e-02,nan,8.247947398551033871e+00,1.000000000000000000e+00
1.620000000000000000e+02,1.294621640135307246e+02,2.318466916502525521e+01,-2.060065055259412831e-02,5.363368312109422504e+02,8.108453849725505425e-02,nan,7.076378005077530453e+00,1.000000000000000000e+00
1.630000000000000000e+02,4.320014596232006454e+01,1.356611659286889093e+01,-1.771887084762031146e-03,5.200277294685908913e+01,2.135259001190926709e-01,nan,2.248563667960867818e+01,1.000000000000000000e+00
1.630000000000000000e+02,1.000089611084381005e+02,2.367403327960177251e+01,-3.344838482847713179e-02,8.668203115503677054e+02,2.251087261831330455e-02,nan,8.247947398551033871e+00,1.000000000000000000e+00
1.640000000000000000e+02,1.095947642307946381e+02,2.516289460751783835e+01,-4.115126430914872041e-02,1.064962206824935720e+03,1.228959482869762532e-02,nan,9.700738608701110266e+00,1.000000000000000000e+00
1.640000000000000000e+02,1.285235942545396313e+02,1.617081056378068382e+01,-3.701519911573476068e-02,9.585698118175087075e+02,1.441128254721402158e-02,nan,7.076378005077530453e+00,1.000000000000000000e+00
1.650000000000000000e+02,1.158750772845237123e+02,3.663882356482864822e+01,-3.780990012846734832e-02,9.790119809095435812e+02,8.443881967452382398e-03,nan,1.308202115447321034e+01,1.000000000000000000e+00
1.670000000000000000e+02,4.342218775370881900e+01,5.299146698486231344e+01,-4.094086438828436342e-02,1.059550069819509190e+03,3.066336924157941901e-02,nan,7.309487471635275568e+00,1.000000000000000000e+00
1.690000000000000000e+02,8.349348642898841888e+01,1.729870393387503213e+01,-9.682795787494617723e-02,2.497139045814844849e+03,1.014401604706771653e-02,nan,1.828941611964465253e+01,1.000000000000000000e+00
1.690000000000000000e+02,7.427262093068615911e+01,4.504494734254607380e+01,-3.222602729664707927e-02,8.353774934889282804e+02,1.091193144576885210e-02,nan,1.283147045745770143e+01,1.000000000000000000e+00
1.700000000000000000e+02,1.385478746579889275e+02,1.796154810088227904e+01,-5.141533467721029482e-02,1.328985856820033632e+03,7.265727043761605053e-03,nan,2.892437301351558077e+01,1.000000000000000000e+00
1.700000000000000000e+02,4.114473116794151508e+01,4.604583536506428487e+01,-4.722188007036703938e-02,1.221117228519055971e+03,1.679305382889051401e-02,nan,7.309487471635275568e+00,1.000000000000000000e+00
1.710000000000000000e+02,1.017401173310432938e+02,1.854898499095531506e+01,-6.705421242559277129e-02,1.731266183911638336e+03,9.546229318156407295e-03,nan,4.643123359987749943e+00,1.000000000000000000e+00
1.710000000000000000e+02,2.464907072151478573e+01,2.011431005286446094e+01,-4.034269763798774971e-02,1.044163370093594949e+03,1.919267870488953198e-01,nan,2.590916777319488773e+01,1.000000000000000000e+00
1.720000000000000000e+02,1.168279085029095654e+02,3.706292041930996817e+01,-1.093372913931441870e-01,2.818917811552632884e+03,7.602979726240799430e-03,nan,2.142634077038217200e+01,1.000000000000000000e+00
1.720000000000000000e+02,9.130584653874541345e+01,3.977994032428996007e+01,-8.338020254959291333e-02,2.151221167436998712e+03,8.269078425368947549e-03,nan,1.782837831989582966e+01,1.000000000000000000e+00
1.730000000000000000e+02,6.219974541985914129e+01,4.939147595750802111e+01,-2.335922359243228566e-02,6.072958656523333048e+02,8.313790062485837407e-02,nan,1.283147045745770143e+01,1.000000000000000000e+00
1.750000000000000000e+02,8.238880309508049038e+01,1.812604213106529372e+01,-2.757058146116143221e-03,7.734442106120067706e+01,2.180268391351051216e-01,nan,1.935593560956712267e+01,1.000000000000000000e+00
1.760000000000000000e+02,4.939310823804480322e+01,1.243201989431697818e+01,-1.468326658730658395e-02,3.841234054535410678e+02,1.619905872109439482e-02,nan,1.989540114024469020e+01,1.000000000000000000e+00
1.760000000000000000e+02,1.027733731215291328e+02,1.402228895438610223e+01,-2.843786949774212980e-02,7.379343531986531843e+02,2.497639751238511785e-02,nan,4.643123359987749943e+00,1.000000000000000000e+00
1.760000000000000000e+02,1.114816149587921217e+02,1.631430060620747113e+01,-3.565430212999509685e-02,9.235633303186715466e+02,3.176908698330183078e-02,nan,9.004820559474930874e+00,1.000000000000000000e+00
1.770000000000000000e+02,3.395838290416136829e+01,2.498575401603656232e+01,-5.554270672910655016e-02,1.435154637328424315e+03,9.054669769879786223e-03,nan,1.803029378442415265e+01,1.000000000000000000e+00
1.780000000000000000e+02,4.919273949534308343e+01,3.462970928373469093e+01,-3.631939575581217411e-02,9.406715963749047660e+02,1.017959319245165251e-02,nan,1.803029378442415265e+01,1.000000000000000000e+00
1.800000000000000000e+02,1.343361992093167601e+02,2.750236039373384855e+01,-4.664447242987946468e-02,1.206264517332374908e+03,7.363970518455387193e-03,nan,2.544611371258082144e+01,1.000000000000000000e+00
1.810000000000000000e+02,1.094408343803601724e+02,4.523128450483075369e+01,-1.032078065168379535e-02,2.719067683424559618e+02,1.444336063329787478e-02,nan,2.650382637599028612e+01,1.000000000000000000e+00
1.820000000000000000e+02,8.144574297686824593e+01,4.979462041070857481e+01,-3.664408648912342165e-02,9.490236467267000080e+02,9.379058022566000297e-03,nan,2.836457609906662114e+01,1.000000000000000000e+00
1.830000000000000000e+02,9.987789768807088819e+01,7.698488801030260120e+00,-1.709313654520332963e-03,5.039319069998222034e+01,3.040293676615806184e-01,nan,1.226896566732026805e+01,1.000000000000000000e+00
1.860000000000000000e+02,1.020980623343792359e+02,1.976490448627689389e+01,-3.418603708719462116e-03,9.436141995279878358e+01,1.424993608907078046e-01,nan,1.226896566732026805e+01,1.000000000000000000e+00
1.870000000000000000e+02,4.288303013535193031e+01,5.922536801004463669e+00,-4.257950480029745743e-02,1.101700971664005920e+03,1.294359506896736178e-02,nan,1.959378190833124123e+01,1.000000000000000000e+00
1.870000000000000000e+02,1.164956128675830627e+02,1.703018427321994821e+01,-2.258063136124390316e-02,5.872680642670427460e+02,1.080652854394537066e-02,nan,1.465497035138113269e+01,1.000000000000000000e+00
1.880000000000000000e+02,2.586916238810740154e+01,1.564079764081119706e+01,-1.710875666924903740e-02,4.465145155587513273e+02,7.111702684964960053e-02,nan,1.224459648749655649e+01,1.000000000000000000e+00
1.890000000000000000e+02,1.391332183554521151e+01,1.299731133985890530e+01,-3.397809129660825378e-02,8.804460009822303164e+02,1.294824069508326847e-02,nan,1.224459648749655649e+01,1.000000000000000000e+00
1.890000000000000000e+02,7.165436708910836217e+01,2.851431144951540375e+01,-4.169197867670717400e-02,1.078871053491829343e+03,8.473372590245875635e-02,nan,7.321873642029613549e+00,1.000000000000000000e+00
1.900000000000000000e+02,6.433261275573305227e+01,2.855610991297848500e+01,-7.330469839766318163e-02,1.892048024001541307e+03,2.362315018129135247e-02,nan,5.920136099435154620e+00,1.000000000000000000e+00
1.910000000000000000e+02,1.451513388104381264e+01,3.586648849246985549e+01,-3.092110092073160205e-02,8.018107492647121717e+02,1.018882743974813820e-02,nan,2.287709425114146811e+01,1.000000000000000000e+00
1.920000000000000000e+02,9.085198073307159916e+01,6.176036355645199372e+00,-2.839690767407706748e-02,7.368806883457544927e+02,1.403910189055557201e-02,nan,2.495614287205532023e+01,1.000000000000000000e+00
1.940000000000000000e+02,5.873857783441955149e+01,2.661838322044407690e+01,-3.434644951236938415e-02,8.899213141029939607e+02,1.511783600307768927e-01,nan,5.920136099435154620e+00,1.000000000000000000e+00
1.940000000000000000e+02,4.045539378382476059e+01,4.255614722404647665e+01,-1.033003153235576878e-02,2.721447296183532671e+02,3.131145141319779945e-02,nan,2.425463131986236220e+01,1.000000000000000000e+00
1.940000000000000000e+02,6.404682720707840815e+01,3.565218996472611224e+01,-2.845831319746837396e-02,7.384602284145834119e+02,4.569510764953055304e-02,nan,7.101832543831939404e+00,1.000000000000000000e+00
1.950000000000000000e+02,6.597482955196767307e+01,8.160076718878062962e+00,-2.744515205369823380e-02,7.123985887707468692e+02,2.046647251706279480e-01,nan,1.722768084004535538e+01,1.000000000000000000e+00
1.960000000000000000e+02,1.289451236457651930e+02,3.728968779627231100e+01,-3.663583005461864411e-02,9.488112656833393430e+02,1.153546531094407079e-02,nan,1.645376110383376655e+01,1.000000000000000000e+00
1.970000000000000000e+02,5.129274600604783529e+01,2.006057136638046856e+01,-3.540096845555237848e-02,9.170468043212306384e+02,1.617889565495378434e-02,nan,9.921960891360662060e+00,1.000000000000000000e+00
1.980000000000000000e+02,1.155683643589758702e+02,8.516244288716123378e+00,-3.169498146287309109e-02,8.217173514283300619e+02,9.912645061870284380e-03,nan,1.378681973693000984e+01,1.000000000000000000e+00
1.990000000000000000e+02,4.875775108260503998e+01,7.555762143283892840e+00,-4.504446951338293703e-02,1.165107491428625963e+03,1.145741353081097813e-02,nan,1.275917132763417072e+01,1.000000000000000000e+00
1.990000000000000000e+02,1.133435061608688841e+02,4.251613843863091802e+01,-2.150810706739515396e-02,5.596794207156989387e+02,1.225323386602594766e-02,nan,1.645376110383376655e+01,1.000000000000000000e+00
2.000000000000000000e+02,5.332752322712090631e+01,4.362172434591052905e+01,-1.139388574934000198e-01,2.937284330284197040e+03,9.605624186679095899e-03,nan,2.364885299679914965e+01,1.000000000000000000e+00
2.010000000000000000e+02,1.274434073091951092e+02,1.552051108753605391e+01,-7.428152090842427002e-02,1.917174921561697374e+03,8.215669657602453491e-03,nan,1.378681973693000984e+01,1.000000000000000000e+00
2.030000000000000000e+02,1.209270668891443989e+01,1.600614501669134526e+01,-1.947468502170054397e-03,5.651927030444043254e+01,2.608706105077757131e-01,nan,3.599866534256499051e+01,1.000000000000000000e+00
2.060000000000000000e+02,8.278250247724876942e+01,1.821542276553067552e+01,-5.107493498941336439e-03,1.378048912915524795e+02,2.740890493999655897e-01,nan,9.136979029028248434e+00,1.000000000000000000e+00
2.070000000000000000e+02,8.844025063701738532e+01,8.635805261185456771e+00,-3.038000013858548412e-02,7.878919628189406694e+02,2.276785176775919517e-02,nan,9.328306939505758066e+00,1.000000000000000000e+00
2.070000000000000000e+02,9.010547653371119736e+01,5.123245820233835701e+01,-4.810445490366110216e-02,1.243819784184028322e+03,9.735017668634160515e-03,nan,9.051409941626408440e+00,1.000000000000000000e+00
2.080000000000000000e+02,9.555765205605160872e+01,1.777660285816458341e+01,-3.390657394450193041e-02,8.786063533898042124e+02,1.173515463475427456e-02,nan,1.158497232058021709e+01,1.000000000000000000e+00
2.090000000000000000e+02,2.353642858070018917e+01,4.653027443878229263e+01,-3.724692090679236622e-02,9.645304133006011398e+02,8.645144048598285558e-03,nan,2.564392576024945924e+01,1.000000000000000000e+00
2.090000000000000000e+02,7.918686120686493268e+01,9.815675767458976964e+00,-2.710577740007775321e-02,7.036688225521212416e+02,1.277256750588673384e-02,nan,9.136979029028248434e+00,1.000000000000000000e+00
2.100000000000000000e+02,9.683869796461176804e+01,4.518334660691918714e+01,-2.805809407384183413e-02,7.281653541562657210e+02,2.285502322810339937e-02,nan,9.051409941626408440e+00,1.000000000000000000e+00
2.120000000000000000e+02,5.299822747162201608e+01,4.574919658552556001e+01,-1.024863992824164155e-01,2.642691667738834440e+03,1.033624128548960019e-02,nan,2.417614992827577680e+01,1.000000000000000000e+00
2.120000000000000000e+02,3.897586071421746823e+01,2.605504882850635084e+01,-3.814488438141222515e-02,9.876288124375694224e+02,1.037938294764717551e-02,nan,1.347647927114632971e+01,1.000000000000000000e+00
2.140000000000000000e+02,9.315036317122537923e+01,1.397721148655128687e+01,-4.358497981875275595e-02,1.127564900381555390e+03,9.397198623507962978e-03,nan,1.006732357215806850e+01,1.000000000000000000e+00
2.140000000000000000e+02,1.181779980644020753e+02,4.139513469052895545e+01,-5.064919721463796709e-02,1.309278430622357519e+03,1.014617465258149664e-02,nan,2.167293884715202879e+01,1.000000000000000000e+00
2.140000000000000000e+02,7.935047506438205289e+01,5.197180895675253964e+01,-3.055215549706681577e-02,7.923203313396682006e+02,1.936206751392242076e-01,nan,6.777991810158990660e+00,1.000000000000000000e+00
2.150000000000000000e+02,7.366236747472461843e+01,3.238943554291991234e+01,-4.832170903323402406e-02,1.249408232646427450e+03,1.000264967125785720e-02,nan,1.681348111422942893e+01,1.000000000000000000e+00
2.170000000000000000e+02,8.308428850426585655e+01,4.631497148562740307e+01,-8.074970896358003858e-02,2.083556732864442438e+03,1.342359909270274265e-02,nan,6.777991810158990660e+00,1.000000000000000000e+00
2.190000000000000000e+02,8.409866371500535820e+01,9.570654910176070729e+00,-5.298913410338720181e-02,1.369468847871262142e+03,8.720437475037257080e-03,nan,1.006732357215806850e+01,1.000000000000000000e+00
2.190000000000000000e+02,3.506097586002451294e+01,3.011523575997496494e+01,-2.868420161470727758e-02,7.442707774728410186e+02,1.240007524576447473e-02,nan,1.660632954981295129e+01,1.000000000000000000e+00
2.200000000000000000e+02,5.794083801748649343e+00,7.587001255064645733e+00,-3.670059955107738553e-02,9.504773375486095119e+02,9.849353170235608523e-03,nan,1.701858653643095920e+01,1.000000000000000000e+00
2.210000000000000000e+02,2.565771828713058511e+01,4.692919772192980332e+01,-5.673269974215143507e-02,1.465764939821129246e+03,9.174311146486480162e-03,nan,1.926474941026358678e+01,1.000000000000000000e+00
2.220000000000000000e+02,6.545252311221283037e+01,2.621225688877919779e+01,-2.935591640976629307e-02,7.615493604898711055e+02,2.586979857888005441e-02,nan,1.047333313183621684e+01,1.000000000000000000e+00
2.230000000000000000e+02,5.633000486701418907e+01,3.135719301631626621e+01,-3.615949812723714268e-02,9.365585345964796034e+02,1.766019215912673079e-02,nan,9.530729588224344795e+00,1.000000000000000000e+00
2.240000000000000000e+02,4.961199796969641795e+01,3.811760645126577884e+01,-1.904717116708898317e-02,4.963765344821241570e+02,9.184566295704055250e-02,nan,8.705146384651055058e+00,1.000000000000000000e+00
2.250000000000000000e+02,3.237610007721858807e+01,5.885531173682580608e+00,-5.871326188563354143e-02,1.516711126607942560e+03,9.976356338869618590e-03,nan,9.268262909390825754e+00,1.000000000000000000e+00
2.260000000000000000e+02,4.219022984343300209e+01,1.480482995023701598e+01,-3.403406328996459729e-02,8.818857738455795925e+02,1.429944975194907819e-02,nan,6.242256969299564417e+00,1.000000000000000000e+00
2.260000000000000000e+02,1.082724162043708134e+02,1.828333477126894735e+01,-8.768050069324680174e-02,2.261838142110864283e+03,8.423660192132143010e-03,nan,1.844071195436494648e+01,1.000000000000000000e+00
2.260000000000000000e+02,7.221868233752935851e+00,3.619131779863776899e+01,-1.842239536042356626e-03,5.381245568548607139e+01,2.870582820250794365e-01,nan,1.274985295856767209e+01,1.000000000000000000e+00
2.270000000000000000e+02,5.267117534003253354e+01,4.626751487989408673e+01,-5.735927375185463639e-02,1.481882362159607055e+03,4.023414197647900981e-02,nan,8.705146384651055058e+00,1.000000000000000000e+00
2.270000000000000000e+02,6.392692040547456145e+01,5.047794104191100928e+01,-3.208758246599330982e-02,8.318162640544632040e+02,1.547145874960365042e-02,nan,1.201746584950500640e+01,1.000000000000000000e+00
2.290000000000000000e+02,1.196298114428756634e+02,3.281156352704800838e+01,-2.809286863273891335e-02,7.290598634140690137e+02,1.086098526254197782e-02,nan,1.638534093513631262e+01,1.000000000000000000e+00
2.300000000000000000e+02,3.595904310109531821e+01,1.443323359276823759e+01,-2.578362417281448646e-02,6.696589504061674916e+02,2.827924829320238587e-02,nan,6.242256969299564417e+00,1.000000000000000000e+00
2.300000000000000000e+02,4.863911298443415632e+01,3.823932828746699641e+01,-4.948743097798415091e-02,1.279394208160587823e+03,8.845314656269331888e-02,nan,8.983835862384154325e+00,1.000000000000000000e+00
2.300000000000000000e+02,1.950769052774620960e+01,3.959973693740499101e+01,1.448105666168826577e-03,-4.367411298330575420e+01,3.235913160122869670e-01,nan,6.816552618484026382e+00,1.000000000000000000e+00
2.310000000000000000e+02,1.053893466591783579e+02,4.091641147780751453e+01,-3.124400910128450823e-02,8.101169468438072272e+02,8.734733271689054668e-03,nan,1.638534093513631262e+01,1.000000000000000000e+00
2.310000000000000000e+02,1.428443155346449771e+02,3.155955151256778279e+01,-3.243931202407551034e-02,8.408638366456440281e+02,9.949415281867102223e-03,nan,2.324824153159066498e+01,1.000000000000000000e+00
2.320000000000000000e+02,1.249487840295191603e+02,9.430337180917119255e+00,-6.064496961054668261e-02,1.566400626578860056e+03,9.383315336631281589e-03,nan,2.397859910058279809e+01,1.000000000000000000e+00
2.330000000000000000e+02,6.430462714055738616e+01,3.947898202739808937e+01,-3.140731792316632520e-02,8.143177550693436615e+02,8.608017644477494734e-03,nan,1.571448615674793459e+01,1.000000000000000000e+00
2.330000000000000000e+02,8.092547926930856761e+01,8.565470238394512492e+00,-2.258063551609891528e-02,5.872681711427700293e+02,8.919203269178044291e-02,nan,3.509840361917726881e+01,1.000000000000000000e+00
2.340000000000000000e+02,1.292575950541712082e+01,3.782672435485984863e+01,1.752377721397319977e-03,-5.150093175326596651e+01,3.270586427408760377e-01,nan,6.816552618484026382e+00,1.000000000000000000e+00
2.350000000000000000e+02,3.621667533645198489e+01,4.812860909807913856e+01,-1.496107672252648506e-03,4.490887311246210345e+01,3.280652161341260920e-01,nan,1.587812432465328705e+01,1.000000000000000000e+00
2.370000000000000000e+02,1.432255213106527663e+02,2.654663170309053655e+01,-3.567252304606634977e-02,9.240320286610323137e+02,1.114174850626881152e-02,nan,2.504010111427992769e+01,1.000000000000000000e+00
2.390000000000000000e+02,7.739090075201809782e+01,3.488052610602138515e+01,-2.058778321801038244e-02,5.360058435500353653e+02,4.422915109099390119e-02,nan,8.311945254099612157e+00,1.000000000000000000e+00
2.400000000000000000e+02,7.384265295452027544e+01,2.206140333829345934e+01,-3.346276877544372003e-02,8.671903111746171362e+02,5.130784726544601604e-02,nan,7.086417999378402222e+00,1.000000000000000000e+00
2.400000000000000000e+02,1.107695942565016907e+02,3.523176272715250690e+01,1.440254869718820370e-03,-4.347216620588019964e+01,3.534765292982248175e-01,nan,3.030482192961787646e+01,1.000000000000000000e+00
2.410000000000000000e+02,4.038127684877649415e+01,3.862225295176234852e+01,-4.371304755192208236e-02,1.130859198758852017e+03,8.628015880636330515e-03,nan,1.717354880475694401e+01,1.000000000000000000e+00
2.410000000000000000e+02,5.822579166069974832e+01,4.728535646279884475e+01,-3.887233647588651114e-02,1.006341131263570446e+03,1.134175055942254762e-02,nan,1.732364052821512601e+01,1.000000000000000000e+00
2.410000000000000000e+02,2.530857405098556967e+01,1.979986282933511177e+01,-1.562576665824155558e-03,4.661866130222919224e+01,3.167277108019652676e-01,nan,2.411366292273699230e+01,1.000000000000000000e+00
2.410000000000000000e+02,7.542679583508655128e+01,4.295708018449039400e+01,-3.296944832220369270e-02,8.545005826350549114e+02,1.318141122884519678e-02,nan,8.311945254099612157e+00,1.000000000000000000e+00
2.420000000000000000e+02,6.675623899218287249e+01,2.206896748422677490e+01,-4.998241243626949659e-02,1.292126662889566433e+03,1.740807378167896768e-02,nan,7.086417999378402222e+00,1.000000000000000000e+00
2.420000000000000000e+02,5.534904762494435460e+01,3.020224009301539070e+01,-6.833628431363075739e-02,1.764245039988968756e+03,1.171519946480314989e-02,nan,1.400978722956462796e+01,1.000000000000000000e+00
2.430000000000000000e+02,8.511108887279544888e+01,1.910652370070187800e+01,-5.874323965538531811e-02,1.517482247606216788e+03,9.483681202262284060e-03,nan,1.164941894331762029e+01,1.000000000000000000e+00
2.470000000000000000e+02,3.633350122249599679e+01,1.376907858678532470e+01,-2.671237971477636100e-02,6.935494167951133022e+02,1.268976210700567542e-02,nan,1.710998422939644570e+01,1.000000000000000000e+00
2.470000000000000000e+02,2.807561820023322241e+01,5.329423188429199598e+01,-3.222264024426568091e-02,8.352903680211173878e+02,8.579026689182200904e-03,nan,3.573625662367401645e+01,1.000000000000000000e+00
2.490000000000000000e+02,2.118239116334801508e+01,5.819523611456205003e+00,-8.954407803664188314e-02,2.309775117853194388e+03,8.914236241832518282e-03,nan,1.189618768506828417e+01,1.000000000000000000e+00
2.490000000000000000e+02,1.110828807843619472e+02,6.645339482367520922e+00,-2.609005313301021589e-02,6.775412514459993645e+02,2.742197032101967302e-02,nan,3.472683591824312543e+01,1.000000000000000000e+00
2.500000000000000000e+02,8.316080614455403008e+01,3.960807035473565918e+01,-1.139507345272187389e-01,2.937589844345138317e+03,1.244404181944747112e-02,nan,5.005740083076548608e+00,1.000000000000000000e+00
2.510000000000000000e+02,5.279104328521306400e+01,2.480993918499651230e+01,-3.905797569324823831e-02,1.011116346357826728e+03,1.028745499398853180e-02,nan,1.883968538445140339e+01,1.000000000000000000e+00
2.520000000000000000e+02,5.740260611081470898e+01,6.543378652410176244e+00,-5.139938735515842821e-02,1.328575642351036549e+03,8.870240969968024025e-03,nan,1.883968538445140339e+01,1.000000000000000000e+00
2.520000000000000000e+02,7.645821633325996913e+01,9.307245668012662065e+00,-2.502636843033078512e-02,6.501799895318907829e+02,1.075255998812985059e-02,nan,1.925500563047686242e+01,1.000000000000000000e+00
2.520000000000000000e+02,1.037429363886950995e+02,4.199531926188039677e+01,-1.648481310603799876e-02,4.304647564434465608e+02,6.496257229250712584e-02,nan,2.072011203472245455e+01,1.000000000000000000e+00
2.530000000000000000e+02,9.321270996646450868e+00,6.732272114295710708e+00,-1.652772893081224173e-02,4.315686842511419741e+02,1.847883967601127164e-02,nan,1.189618768506828417e+01,1.000000000000000000e+00
2.530000000000000000e+02,1.322918651510804580e+02,4.028219223229414325e+01,-2.776946642195801326e-02,7.207409578488314992e+02,7.326112588098476763e-02,nan,5.852260282016215953e+00,1.000000000000000000e+00
2.530000000000000000e+02,4.253826559744450009e+01,5.031268490863246257e+01,-3.776573089925838733e-02,9.778758116613761331e+02,3.965520424179702630e-02,nan,2.748653287992570071e+01,1.000000000000000000e+00
2.550000000000000000e+02,6.007015844377370684e+00,2.958146831196297555e+01,1.430094291250147724e-03,-4.321080468777253003e+01,3.407761008374661227e-01,nan,2.308830990119966131e+01,1.000000000000000000e+00
2.570000000000000000e+02,1.284786969173744069e+02,3.584274424522192248e+01,-3.619575099697416171e-02,9.374910705834256532e+02,3.359983297245550116e-02,nan,5.852260282016215953e+00,1.000000000000000000e+00
2.570000000000000000e+02,1.438164673906809981e+02,3.824737895069579707e+01,-7.209512782982045731e-02,1.860934126220578264e+03,7.687632990513226794e-03,nan,1.170285955961083957e+01,1.000000000000000000e+00
2.580000000000000000e+02,1.255200424743049865e+02,2.030228193604671461e+01,-8.661146959230890674e-02,2.234339354290179926e+03,8.201530525060563015e-03,nan,1.581959559838334251e+01,1.000000000000000000e+00
2.590000000000000000e+02,8.391926155590947189e+01,3.043272392935353565e+01,-1.939156995307861342e-03,5.630547262963649757e+01,2.438474555099431340e-01,nan,1.403105472785585306e+01,1.000000000000000000e+00
2.600000000000000000e+02,4.259558577939679935e+01,4.435858585030404555e+01,-4.649375154989404679e-02,1.202387509923301877e+03,9.701885639907592562e-03,nan,2.957294509191894250e+01,1.000000000000000000e+00
2.600000000000000000e+02,1.145538243598456773e+02,4.807443995044270935e+01,-1.088860322533747108e-02,2.865129219510819212e+02,3.195829352541157409e-02,nan,1.088123960823640779e+01,1.000000000000000000e+00
2.600000000000000000e+02,5.849525541365175485e+01,5.067379049500472021e+00,-2.778095016958367913e-02,7.210363553719413403e+02,3.751197776735892830e-02,nan,1.476950349402205021e+01,1.000000000000000000e+00
2.620000000000000000e+02,5.910690266009839178e+01,1.982421208053541051e+01,-1.819817281386760383e-02,4.745376697803744150e+02,1.223250414717724777e-02,nan,1.476950349402205021e+01,1.000000000000000000e+00
2.630000000000000000e+02,9.141277907957352511e+01,1.857027511392651675e+01,-3.315793489929161342e-02,8.593490406320584043e+02,9.906896221173133732e-03,nan,7.097614501816165600e+00,1.000000000000000000e+00
2.630000000000000000e+02,1.090964437022711024e+02,3.866070680305725205e+01,-2.227360554963435380e-02,5.793704103620092383e+02,2.467189972654315611e-02,nan,8.579231271069433618e+00,1.000000000000000000e+00
2.660000000000000000e+02,1.292654537199137224e+02,4.996176746501513577e+01,-5.496733103486581284e-02,1.420354194086666666e+03,8.614676428718159862e-03,nan,2.311931956561482338e+01,1.000000000000000000e+00
2.660000000000000000e+02,9.584338713737768956e+01,4.486457656961250251e+01,-2.786013900507685465e-02,7.230733372549600517e+02,8.518108002636526344e-03,nan,1.044204964052518747e+01,1.000000000000000000e+00
2.670000000000000000e+02,1.086069934471169063e+02,3.009544862538244558e+01,-4.064262243675586389e-02,1.051878363975672073e+03,1.099346301760317779e-02,nan,8.579231271069433618e+00,1.000000000000000000e+00
2.670000000000000000e+02,5.626311316394115636e+00,3.727343701002820353e+01,-5.801795631084036287e-02,1.498825715739164252e+03,8.118053338660113916e-03,nan,2.675947342608917268e+01,1.000000000000000000e+00
2.680000000000000000e+02,8.442036900522607823e+01,1.978778608658979365e+01,-3.777379348645128893e-02,9.780832063520531392e+02,1.169113713368663543e-02,nan,7.097614501816165600e+00,1.000000000000000000e+00
2.690000000000000000e+02,6.199011654844239416e+01,3.313943061380614807e+01,-2.262797497547728784e-02,5.884858885205429715e+02,1.944045029444041450e-02,nan,1.052030312696510350e+01,1.000000000000000000e+00
2.700000000000000000e+02,8.080809745703452052e+01,3.088219924576058872e+01,-2.122567411398192452e-02,5.524143712211932780e+02,2.375471440283050129e-02,nan,1.028808039261976148e+01,1.000000000000000000e+00
2.710000000000000000e+02,2.433599631256669582e+01,1.297374177983832766e+01,-3.551092665085565231e-02,9.198752693482416589e+02,1.355690023093991670e-02,nan,2.195697818173684723e+01,1.000000000000000000e+00
2.710000000000000000e+02,3.211910679142187774e+01,3.350498826287492449e+01,-5.262962849373148400e-02,1.360221251172162283e+03,1.104894198292094565e-02,nan,2.195697818173684723e+01,1.000000000000000000e+00
2.710000000000000000e+02,5.580123156569797516e+01,2.463211137954719376e+01,-2.262712295050916395e-02,5.884639718019406018e+02,2.370913945753849728e-02,nan,1.052030312696510350e+01,1.000000000000000000e+00
2.710000000000000000e+02,8.924214476421862230e+01,3.677384113789793929e+01,-3.172515651198902498e-02,8.224935470622923503e+02,1.553652328794186133e-02,nan,9.797806966503630477e+00,1.000000000000000000e+00
2.770000000000000000e+02,1.818816243088500784e+01,7.754171881987920401e+00,-2.304908894481184217e-02,5.993182428654235991e+02,1.089140869769489317e-02,nan,1.484855016906046643e+01,1.000000000000000000e+00
2.770000000000000000e+02,1.290581211538884645e+02,2.742347517522868117e+01,-6.700791631934796544e-02,1.730075304804910047e+03,9.183268439988845344e-03,nan,2.631070078088447062e+01,1.000000000000000000e+00
2.790000000000000000e+02,4.847508255192631310e+01,3.909720513128814190e+01,-2.834164711283745225e-02,7.354592157178328762e+02,7.249809613157598420e-02,nan,2.912111331247411528e+01,1.000000000000000000e+00
2.800000000000000000e+02,2.635828850243139598e+01,2.015290093371510238e+01,-7.869747381278560661e-02,2.030766894551660698e+03,1.046107536422458129e-02,nan,1.484855016906046643e+01,1.000000000000000000e+00
2.830000000000000000e+02,5.423188955142936152e+01,9.698133897587629448e+00,-4.548428468747044845e-02,1.176420898626918870e+03,8.686385038788602131e-03,nan,2.976977979794943252e+01,1.000000000000000000e+00
2.830000000000000000e+02,8.972147481814782566e+01,2.852519991499311658e+01,-3.311752446734073790e-02,8.583095592802206966e+02,9.291922294417553907e-02,nan,4.017423399677242202e+01,1.000000000000000000e+00
2.890000000000000000e+02,1.182281406332710674e+02,5.168814056878098029e+01,-1.152889391651459351e-02,3.029831797806172631e+02,2.088161784998432413e-02,nan,1.765526172901132185e+01,1.000000000000000000e+00
2.900000000000000000e+02,1.148184131332043734e+02,5.937501466616380341e+00,-6.841798920651100124e-02,1.766346742653423007e+03,1.148752531244087161e-01,nan,2.293524531854352588e+01,1.000000000000000000e+00
2.900000000000000000e+02,1.051882139158438321e+02,3.978567956594550736e+01,-1.870483100692026807e-02,4.875704862589064419e+02,1.180359802563712979e-02,nan,1.488519217404304840e+01,1.000000000000000000e+00
2.900000000000000000e+02,9.739011703803195985e+01,5.246474227351396280e+01,-3.346954281465451542e-02,8.673645604240388138e+02,1.063032930743923465e-02,nan,1.070263570059167790e+01,1.000000000000000000e+00
2.910000000000000000e+02,6.176863669845901228e+01,7.127788765709326846e+00,-5.012188278461394281e-02,1.295714271812296374e+03,9.355881948017508165e-03,nan,1.726678023075790236e+01,1.000000000000000000e+00
2.910000000000000000e+02,1.338637135316497222e+02,1.871646897399936904e+01,-2.646965037381816474e-02,6.873056670678995488e+02,1.056507935991279901e-02,nan,2.293524531854352588e+01,1.000000000000000000e+00
2.920000000000000000e+02,6.192652427666241266e+01,2.439384711873075418e+01,-2.609238605832973467e-03,7.354204508688918907e+01,1.935612346544758333e-01,nan,1.726678023075790236e+01,1.000000000000000000e+00
2.930000000000000000e+02,4.675467258593023701e+01,4.683455213451292565e+01,-1.806696416208835795e-02,4.711625772574813595e+02,1.724380948441017747e-02,nan,2.708819531328958519e+01,1.000000000000000000e+00
2.940000000000000000e+02,8.739033493312626888e+01,4.865019527629562646e+01,-2.920211779989308892e-02,7.575931843446597895e+02,1.086877837037591998e-02,nan,1.070263570059167790e+01,1.000000000000000000e+00
2.970000000000000000e+02,1.296226706988441890e+02,2.801823525802744186e+01,-5.103616652789805773e-03,1.377051668124041726e+02,1.209370848835618073e-01,nan,2.023366553474663831e+01,1.000000000000000000e+00
2.970000000000000000e+02,1.116869725010259486e+02,1.510772989494150842e+01,-2.393619491122594631e-02,6.221373532949357923e+02,1.437525390717986351e-02,nan,2.209910447446889492e+01,1.000000000000000000e+00
2.990000000000000000e+02,7.539099413850358644e+01,4.069259301618360070e+01,-3.957800720141037287e-02,1.024493165882043741e+03,9.129641078348238459e-03,nan,1.439818090022611585e+01,1.000000000000000000e+00
3.000000000000000000e+02,1.406347903299782161e+02,1.104371193035822074e+01,-2.841708798728395657e-02,7.373997884454095129e+02,1.016149843332680991e-02,nan,2.023366553474663831e+01,1.000000000000000000e+00
3.000000000000000000e+02,9.467795576951016301e+01,3.403385748195152161e+01,-7.948605269573277843e-02,2.051051583521898920e+03,7.320138539294474000e-03,nan,2.040405959290368543e+01,1.000000000000000000e+00
3.010000000000000000e+02,3.095598525544775370e+01,4.477832660167371870e+01,-4.858602215473786096e-02,1.256207183996000140e+03,8.429265505051630747e-03,nan,1.287415441393721593e+01,1.000000000000000000e+00
3.020000000000000000e+02,4.222433461444327207e+01,5.100473444227687025e+01,-2.580524146188873172e-02,6.702150139715676005e+02,1.713734923266596599e-02,nan,1.207143309202528236e+01,1.000000000000000000e+00
3.060000000000000000e+02,1.312460347315640945e+02,5.259252035367528322e+01,-3.853637319381750942e-02,9.976991160770609213e+02,1.079056884028328778e-02,nan,2.461519212772808274e+01,1.000000000000000000e+00
3.070000000000000000e+02,4.132163665368026528e+01,1.270670963107407836e+01,-4.491832730520060879e-02,1.161862723512149842e+03,9.913730179212487670e-03,nan,1.815011145200168485e+01,1.000000000000000000e+00
3.070000000000000000e+02,1.415389539692805272e+02,3.023265682433294543e+01,-4.060979629563214038e-02,1.051033974051991436e+03,1.167427905078943784e-02,nan,2.461519212772808274e+01,1.000000000000000000e+00
3.070000000000000000e+02,5.395227534141587711e+01,4.814555567908972478e+01,-1.576506238015746523e-03,4.697697300129333087e+01,3.458308074256771780e-01,nan,1.207143309202528236e+01,1.000000000000000000e+00
3.080000000000000000e+02,1.209744063815136599e+02,6.360803425843538861e+00,-3.630799989702600955e-02,9.403784596247013496e+02,7.528962550047868518e-03,nan,2.580370035853528066e+01,1.000000000000000000e+00
3.080000000000000000e+02,2.794965130864475000e+01,2.497930323031943445e+01,-4.472445541575113814e-02,1.156875738617427032e+03,8.348297261273618375e-03,nan,1.175078077321122194e+01,1.000000000000000000e+00
3.090000000000000000e+02,9.492284986637248778e+01,3.136287873392638303e+01,1.468277084693892995e-03,-4.419298428422149527e+01,3.485234963245325002e-01,nan,2.526809319829602174e+01,1.000000000000000000e+00
3.090000000000000000e+02,7.664057303078703853e+01,5.336039578129126681e+01,-1.282417776592451692e-03,3.941210777511263075e+01,3.401013671317026921e-01,nan,2.327989281188927961e+01,1.000000000000000000e+00
3.110000000000000000e+02,9.517206464588061010e+01,6.096014546389212363e+00,-1.602959892548784515e-02,4.187552391497652593e+02,1.442231067903443353e-02,nan,2.209803660331464670e+01,1.000000000000000000e+00
3.130000000000000000e+02,6.705350170810909560e+01,5.655689596818699094e+00,-2.189149864226066708e-02,5.695414383503732552e+02,1.823456289812019904e-02,nan,1.384660517821047065e+01,1.000000000000000000e+00
3.140000000000000000e+02,4.509096373682871928e+01,4.219470588242360520e+01,-5.842621551028228527e-02,1.509327405625872188e+03,1.012203928959642951e-02,nan,2.179051051147580864e+01,1.000000000000000000e+00
3.140000000000000000e+02,1.167277330044698687e+02,1.096185294649538733e+01,-4.130313022936256406e-02,1.068868668211783870e+03,7.827972484153455923e-03,nan,2.209803660331464670e+01,1.000000000000000000e+00
3.150000000000000000e+02,7.963130391618430792e+01,2.320854194498216572e+01,-2.002546156019531162e-02,5.215411905182705823e+02,9.417921723915423371e-03,nan,1.767218184164577721e+01,1.000000000000000000e+00
3.150000000000000000e+02,1.000519964658185330e+02,5.335644163913458016e+01,-2.260225250139753783e-02,5.878242268941211250e+02,3.193924422741367675e-02,nan,2.210849722943918039e+01,1.000000000000000000e+00
3.160000000000000000e+02,7.697030495585174492e+01,5.065454640681092258e+01,-3.680091863687568604e-02,9.530578548528416150e+02,9.025999231815795554e-03,nan,2.323929260557916265e+01,1.000000000000000000e+00
3.160000000000000000e+02,9.618785871742522886e+01,2.938806491667673626e+01,-4.929993882891552104e-02,1.274571329929300646e+03,3.027731160551916378e-02,nan,7.397090323041691562e+00,1.000000000000000000e+00
3.170000000000000000e+02,1.032814782587437890e+02,3.148508829524467600e+01,-5.052471874018159281e-02,1.306076459085406668e+03,4.304235830010794128e-02,nan,7.397090323041691562e+00,1.000000000000000000e+00
3.170000000000000000e+02,5.756996123208755023e+01,1.574483896635952718e+01,-7.590153418634293381e-02,1.958846675879315853e+03,1.042965413006147202e-02,nan,1.384660517821047065e+01,1.000000000000000000e+00
3.190000000000000000e+02,4.060052608466185120e+01,2.087189373105061208e+01,-1.991508750809956735e-02,5.187020283677707084e+02,1.299780767800762238e-02,nan,1.772705333051232657e+01,1.000000000000000000e+00
3.210000000000000000e+02,2.113229665110588229e+01,1.700208878278794700e+01,-1.062355616808931258e-01,2.739131725666568400e+03,9.926582973341702143e-03,nan,1.984911452975102009e+01,1.000000000000000000e+00
3.240000000000000000e+02,9.645230243388830615e+01,1.486155289957243220e+01,-3.808970507540265088e-02,9.862094299455924329e+02,1.074026146371120927e-02,nan,1.646713992458705889e+01,1.000000000000000000e+00
3.250000000000000000e+02,1.128996149524083421e+02,1.566939460068915224e+01,-3.153223012864221630e-02,8.175308835102109697e+02,9.978529563559712656e-03,nan,1.646713992458705889e+01,1.000000000000000000e+00
3.250000000000000000e+02,7.078229485149438460e+01,4.631950371487210560e+01,-3.770257942527319855e-02,9.762513603407749088e+02,1.020936832843188924e-02,nan,2.543843659357758469e+01,1.000000000000000000e+00
3.250000000000000000e+02,4.131648076762002830e+01,4.257478142382548469e+01,1.839062813318619516e-03,-5.373074054729360682e+01,3.128562116419412176e-01,nan,1.019847387685172713e+01,1.000000000000000000e+00
3.260000000000000000e+02,6.969837439700775406e+01,2.090417029636640578e+01,-3.149838740420999456e-02,8.166603439182204056e+02,1.100190840287085248e-02,nan,2.543843659357758469e+01,1.000000000000000000e+00
3.290000000000000000e+02,1.467716731174829725e+01,9.848653755452488667e+00,-4.283552661961841784e-02,1.108286645065645871e+03,1.024124877394416711e-02,nan,1.705182924309282910e+01,1.000000000000000000e+00
3.290000000000000000e+02,1.330923853985854066e+02,1.099882725543934825e+01,-5.501533063120808698e-02,1.421588892229813837e+03,9.828188782680657987e-03,nan,9.736834871680288828e+00,1.000000000000000000e+00
3.300000000000000000e+02,3.199925676606029512e+01,4.672185344171790433e+01,-2.741683630294725407e-02,7.116702200439610806e+02,1.005435278251942677e-02,nan,1.019847387685172713e+01,1.000000000000000000e+00
3.300000000000000000e+02,2.677546646495572347e+01,2.186514401405529995e+01,-4.570377804088547602e-02,1.182066946855370816e+03,1.122436260515879969e-02,nan,1.705182924309282910e+01,1.000000000000000000e+00
3.320000000000000000e+02,1.234301788057402831e+02,2.695804665935624911e+01,-6.058986453960672758e-02,1.564983153642579964e+03,1.001380151569364330e-02,nan,8.614785438059730183e+00,1.000000000000000000e+00
3.330000000000000000e+02,9.258059370367122654e+01,2.021344869221412210e+01,-2.864708382114205046e-02,7.433159929686983105e+02,1.179354671185928183e-02,nan,9.645829049262088617e+00,1.000000000000000000e+00
3.330000000000000000e+02,1.330379451658995720e+02,5.268885952184889021e+01,-4.854590661591027395e-02,1.255175288207781705e+03,8.673438836845792643e-03,nan,1.306953787042107606e+01,1.000000000000000000e+00
3.340000000000000000e+02,1.426813017019097458e+02,1.268957781250268546e+01,-2.544416689323824449e-02,6.609270587922900404e+02,1.081127275848237090e-02,nan,9.736834871680288828e+00,1.000000000000000000e+00
3.350000000000000000e+02,1.033337498712951827e+02,2.948398131563056523e+01,-3.697864664154527220e-02,9.576295690769786688e+02,8.872979701212924120e-03,nan,1.266436997221692451e+01,1.000000000000000000e+00
3.350000000000000000e+02,1.270550938399289009e+02,3.477306547818959359e+01,-4.364322852572197903e-02,1.129063237363866165e+03,3.095030755976535541e-02,nan,8.614785438059730183e+00,1.000000000000000000e+00
3.350000000000000000e+02,1.222719724137314188e+02,4.527895730616860703e+01,-1.442323264494708469e-02,3.774345278326313178e+02,2.768392211292824978e-02,nan,1.154348360240294369e+01,1.000000000000000000e+00
3.360000000000000000e+02,4.297584439989010718e+01,1.147952642913122112e+01,-2.214268564766223510e-02,5.760027453776344828e+02,1.207216769402963408e-02,nan,3.296015327573673659e+01,1.000000000000000000e+00
3.360000000000000000e+02,1.016510640726355348e+02,1.693189641724898920e+01,-3.317406860302372223e-02,8.597640494145920229e+02,1.420534317405230951e-02,nan,9.645829049262088617e+00,1.000000000000000000e+00
3.370000000000000000e+02,8.192234811792327775e+01,7.479105579433499074e+00,-5.391647637899485423e-02,1.393322960676505318e+03,7.972798203777720083e-03,nan,1.327159266651656466e+01,1.000000000000000000e+00
3.370000000000000000e+02,7.131263907461219276e+01,4.225266691903856753e+01,-2.784649327452161024e-02,7.227223268410742776e+02,1.180338106769840412e-02,nan,1.086223456681755550e+01,1.000000000000000000e+00
3.370000000000000000e+02,1.376311835788895337e+02,3.668569920949605745e+01,-4.631458601283833937e-02,1.197778817918035202e+03,8.916750575706178239e-03,nan,1.074764355366699320e+01,1.000000000000000000e+00
3.380000000000000000e+02,9.844247519455267437e+00,9.094372869400514148e+00,-5.985957018985985784e-02,1.546197723216172790e+03,1.129817509990649338e-02,nan,2.223631383849272680e+01,1.000000000000000000e+00
3.410000000000000000e+02,7.509857929103677066e+01,1.886204680317475990e+01,-3.731083765652547235e-02,9.661745498814325401e+02,1.145785921220376924e-02,nan,1.327159266651656466e+01,1.000000000000000000e+00
3.410000000000000000e+02,1.128213069819335033e+02,3.625925273456791587e+01,-4.528849849200976274e-02,1.171384671858147613e+03,8.980049081081298290e-03,nan,1.315808058191862884e+01,1.000000000000000000e+00
3.420000000000000000e+02,8.216570715207805620e+01,4.180651325665574092e+01,-5.111956542981412749e-02,1.321377756577771834e+03,1.253242731617965067e-02,nan,1.086223456681755550e+01,1.000000000000000000e+00
3.430000000000000000e+02,1.181688616036665564e+02,2.423682601747599819e+01,-4.069688216528141722e-02,1.053274092089309988e+03,7.907304724509844895e-03,nan,1.315808058191862884e+01,1.000000000000000000e+00
3.440000000000000000e+02,6.762511587938447200e+00,4.205359412876133973e+01,-3.402677299975658681e-02,8.816982450230733548e+02,9.286994689385763557e-03,nan,3.556071621512463565e+01,1.000000000000000000e+00
3.460000000000000000e+02,4.220432430606494023e+01,4.495918339530874874e+01,-6.459290830541329631e-02,1.667953825923538943e+03,9.513883558813884811e-03,nan,2.735092568836637028e+01,1.000000000000000000e+00
3.460000000000000000e+02,1.305496760383946935e+02,5.251045449668083620e+01,-2.885200824983829085e-02,7.485872833727370335e+02,1.251259711673735620e-02,nan,2.229329142747448245e+01,1.000000000000000000e+00
3.470000000000000000e+02,1.413109237653352750e+02,9.497054550937876982e+00,-5.075622170761754509e-02,1.312031431747843499e+03,1.203914087730939553e-02,nan,2.743749084702007579e+01,1.000000000000000000e+00
3.480000000000000000e+02,9.819499802610025085e+01,4.503249537135761216e+01,-6.810942545813597482e-02,1.758409528255941495e+03,8.927440304471345733e-03,nan,2.394360270014067993e+01,1.000000000000000000e+00
3.500000000000000000e+02,5.609092274717961857e+01,2.139574731850172640e+01,-2.630800665268559838e-02,6.831476903859577305e+02,1.279002758783953642e-02,nan,2.461700344102434102e+01,1.000000000000000000e+00
3.510000000000000000e+02,1.201166641799089518e+02,3.280910666890511607e+01,-2.136288185915423757e-02,5.559437789891597959e+02,1.339094389934358809e-02,nan,2.156430827513772996e+01,1.000000000000000000e+00
3.520000000000000000e+02,5.947777785082426938e+00,2.726454785681940152e+01,-3.222209233880801021e-02,8.352762741973614311e+02,8.251186840448676563e-03,nan,5.048542172200258449e+01,1.000000000000000000e+00
3.520000000000000000e+02,7.182895092599349596e+01,4.207291674585665220e+01,-2.457564500924269008e-02,6.385859884673374154e+02,2.130436432905919997e-01,nan,7.769620901182299200e+00,1.000000000000000000e+00
3.530000000000000000e+02,7.617401222431431052e+01,3.563184142709787494e+01,-5.823643554657816773e-02,1.504445677722971823e+03,2.622735445548274313e-02,nan,7.769620901182299200e+00,1.000000000000000000e+00
3.550000000000000000e+02,9.681104205965570486e+01,4.774680116714655043e+01,-3.794233806275632698e-02,9.824186943823575575e+02,1.253858034808608135e-02,nan,2.393029982945828493e+01,1.000000000000000000e+00
3.550000000000000000e+02,1.408277365181190817e+02,2.680320340739642404e+01,-8.181050480493644306e-02,2.110843684326314815e+03,3.428185942534567321e-02,nan,2.156430827513772996e+01,1.000000000000000000e+00
3.570000000000000000e+02,6.023619208244576129e+01,1.390989315545177618e+01,-3.930742278357498426e-02,1.017532897385541787e+03,2.173754023545149128e-02,nan,9.688066974618891436e+00,1.000000000000000000e+00
3.570000000000000000e+02,5.488947670452224514e+01,5.254143592703720600e+01,-1.285360362518904627e-02,3.370588125389909351e+02,1.964578508705261406e-02,nan,1.991320367863077223e+01,1.000000000000000000e+00
3.590000000000000000e+02,5.520181327716499453e+01,2.218719173346870477e+01,-4.211612198505181731e-02,1.089781331809737821e+03,1.167317985757798660e-02,nan,9.688066974618891436e+00,1.000000000000000000e+00
3.620000000000000000e+02,1.300240253164982960e+02,4.960026143730813430e+01,1.836872765764639877e-03,-5.367440574753776872e+01,3.612948920063051572e-01,nan,1.458018942835410492e+01,1.000000000000000000e+00
3.650000000000000000e+02,1.669270175959893976e+01,4.080630074837338128e+01,-6.818867510216969352e-02,1.760448074322782759e+03,8.314535936948863615e-03,nan,1.765022399502971595e+01,1.000000000000000000e+00
3.660000000000000000e+02,5.306115946805410033e+01,3.041097724842238392e+01,-3.091834960789109979e-02,8.017399769850629809e+02,1.411091579776357907e-02,nan,1.878952923590892610e+01,1.000000000000000000e+00
3.670000000000000000e+02,6.827939771219247689e+01,4.143148693045253594e+01,-1.505812630810818807e-02,3.937659574015626731e+02,1.397360224412591556e-02,nan,1.878952923590892610e+01,1.000000000000000000e+00
3.670000000000000000e+02,1.255365448139922613e+01,2.364825031414425638e+01,-3.622118693950236029e-02,9.381453617317266662e+02,1.088779777265380666e-02,nan,1.765022399502971595e+01,1.000000000000000000e+00
3.670000000000000000e+02,1.191382116368255737e+02,2.430162405391251923e+01,-3.546332048193658049e-02,9.186506913758023529e+02,1.082256736119668883e-02,nan,2.668798199308679742e+01,1.000000000000000000e+00
3.670000000000000000e+02,4.076114691325597050e+01,5.240348287596583532e+01,-3.441759352350700490e-02,8.917513582104752459e+02,9.824083054610688315e-03,nan,2.519842480445398891e+01,1.000000000000000000e+00
3.710000000000000000e+02,9.515502620648267396e+01,3.600868173195926403e+01,-4.655314299327342753e-02,1.203915241622053372e+03,8.175259337565687900e-03,nan,1.606823270574978224e+01,1.000000000000000000e+00
3.710000000000000000e+02,1.376125200895735361e+02,4.960968566431173343e+01,-2.398383776125515357e-02,6.233628748190302531e+02,1.349021858957433206e-02,nan,1.952579750521411484e+01,1.000000000000000000e+00
3.730000000000000000e+02,9.776155395821423610e+01,2.015326892227246702e+01,-3.690825718608374550e-02,9.558189344763092095e+02,9.774210370794622627e-03,nan,1.606823270574978224e+01,1.000000000000000000e+00
3.760000000000000000e+02,1.182197162611511772e+02,5.188475223189890073e+01,-3.311594754220171383e-02,8.582689958861631112e+02,1.048528414701443978e-02,nan,1.343475030561670280e+01,1.000000000000000000e+00
3.780000000000000000e+02,1.025583060586417048e+02,4.596239615528333644e+01,-5.615534169617623222e-02,1.450913504358766886e+03,1.018306029936921764e-02,nan,7.084847368256256495e+00,1.000000000000000000e+00
3.790000000000000000e+02,1.444264240317314147e+02,4.796078671563901885e+00,-3.965195386514384218e-02,1.026395302886542595e+03,9.521667826161372972e-03,nan,3.125933496987601856e+01,1.000000000000000000e+00
3.810000000000000000e+02,1.048085465969486876e+02,5.268039286198448679e+01,-2.342972546058645633e-02,6.091093918552965079e+02,4.935516419710561653e-02,nan,7.084847368256256495e+00,1.000000000000000000e+00
3.810000000000000000e+02,1.257446819356999441e+02,2.985877076591560453e+01,-2.930853250703953708e-02,7.603304998916567001e+02,8.480018624346330469e-03,nan,2.025500129836438745e+01,1.000000000000000000e+00
3.840000000000000000e+02,4.879038644016327453e+01,2.536744370207311761e+01,-3.049818368994805518e-02,7.909320094555288279e+02,1.064319323248907878e-02,nan,1.362054451259699128e+01,1.000000000000000000e+00
3.850000000000000000e+02,3.612522011299559210e+01,3.037871048052483758e+01,-4.727847217058545742e-02,1.222572952449695322e+03,1.262067876001015110e-01,nan,1.362054451259699128e+01,1.000000000000000000e+00
3.850000000000000000e+02,1.002484568850473856e+01,5.746542032861732707e+00,1.579691147353427024e-03,-4.705889872452828371e+01,3.702503587881114111e-01,nan,2.903393750265603401e+01,1.000000000000000000e+00
3.880000000000000000e+02,3.832941921993261758e+01,1.221343031952085134e+01,-1.592304933369703343e-02,4.160144539523416256e+02,6.402090634575641204e-03,nan,1.680654346530256760e+01,1.000000000000000000e+00
3.880000000000000000e+02,6.371445586596663446e+01,1.344709488200893333e+01,-3.526963363552603620e-02,9.136684663606195045e+02,1.543300167298976566e-01,nan,1.910032890340384171e+01,1.000000000000000000e+00
3.880000000000000000e+02,8.708287979330808071e+01,4.124584345558473331e+01,-3.576302486509531225e-02,9.263600154863735270e+02,1.569609099076241243e-02,nan,1.698497094878734259e+01,1.000000000000000000e+00
3.900000000000000000e+02,4.806360363130479385e+01,5.148278581737643833e+01,-5.731114087894288028e-02,1.480644235730694618e+03,6.655196020795939305e-02,nan,2.424679353757409572e+01,1.000000000000000000e+00
3.910000000000000000e+02,2.220809261577861449e+01,4.302353348661564070e+01,-1.697891527057836941e-02,4.431745930165042751e+02,3.343103851111406399e-02,nan,1.253046756887538393e+01,1.000000000000000000e+00
3.910000000000000000e+02,1.076301177801895363e+02,4.770455620440842637e+01,-2.720376451748469579e-02,7.061893544135142520e+02,1.471951920988379126e-02,nan,1.050902986613568757e+01,1.000000000000000000e+00
3.920000000000000000e+02,1.562870187641573061e+01,3.235937693330943432e+01,-1.253560953419759483e-01,3.230971016126012728e+03,9.295499960352282542e-03,nan,1.253046756887538393e+01,1.000000000000000000e+00
3.930000000000000000e+02,9.885598441214695242e+01,5.348852476994658645e+01,-3.282428345657655705e-02,8.507664931072602030e+02,1.381323945670620557e-02,nan,1.050902986613568757e+01,1.000000000000000000e+00
3.940000000000000000e+02,6.610034277006967329e+00,1.941652827169500384e+01,-1.271864086567715650e-02,3.335871527488731090e+02,2.537846395264276023e-02,nan,1.101500522863548781e+01,1.000000000000000000e+00
3.950000000000000000e+02,1.320340479142740833e+02,4.997284916652522924e+01,-2.368029430555241774e-02,6.155547978833791376e+02,1.103534472654865706e-02,nan,2.450911991384571209e+01,1.000000000000000000e+00
3.980000000000000000e+02,3.075607888455807526e+01,1.223143661356168721e+01,-1.846856332111420631e-03,5.393121396614150598e+01,2.842796975637256196e-01,nan,1.918379169954972951e+01,1.000000000000000000e+00
3.990000000000000000e+02,8.941311158625119049e+00,8.651051585170627334e+00,-2.545003141677033842e-02,6.610779124841395742e+02,1.665575720722889397e-02,nan,1.101500522863548781e+01,1.000000000000000000e+00
4.000000000000000000e+02,8.746231302893113480e+01,2.235922384547723496e+01,-4.737802273836735911e-02,1.225133701092519232e+03,7.845259100554335951e-03,nan,2.645742143409318103e+01,1.000000000000000000e+00
4.010000000000000000e+02,1.145374840657625128e+02,1.489229860862358024e+01,-2.666729916385689528e-02,6.923898055326473013e+02,1.089419192254115210e-02,nan,2.061583011636207985e+01,1.000000000000000000e+00
4.020000000000000000e+02,3.885060291349568473e+01,2.962386441179229379e+01,-1.996219599272545248e-02,5.199138043602041535e+02,1.793605971398359866e-02,nan,7.623855331775134303e+00,1.000000000000000000e+00
4.020000000000000000e+02,1.557826143054947110e+01,5.213411743627517581e+01,-6.438387711014972870e-02,1.662576896775814475e+03,8.277792800176264620e-03,nan,3.237766775611084569e+01,1.000000000000000000e+00
4.050000000000000000e+02,7.330098962249671501e+01,4.470764813712665386e+01,-7.301217381935577733e-02,1.884523386688227220e+03,7.901679333373712311e-03,nan,2.645742143409318103e+01,1.000000000000000000e+00
4.050000000000000000e+02,4.201335257284769398e+01,2.268699301957916603e+01,-1.816962916443649878e-02,4.738034387943484944e+02,2.083093940479097128e-02,nan,7.623855331775134303e+00,1.000000000000000000e+00
4.060000000000000000e+02,1.317331660349990727e+02,2.626423657009586421e+01,-2.616671650011075795e-02,6.795132704673987973e+02,1.081734111629284456e-02,nan,1.985437183575835718e+01,1.000000000000000000e+00
4.090000000000000000e+02,1.172471810449969887e+01,1.857303315337219018e+01,-3.173511744787747835e-02,8.227497731554824441e+02,9.395409045009239790e-03,nan,9.953673394065774005e+00,1.000000000000000000e+00
4.090000000000000000e+02,1.183148975430684580e+01,2.852613386875382062e+01,-3.285118195167822941e-02,8.514584056333296758e+02,8.724847910020261388e-03,nan,9.953673394065774005e+00,1.000000000000000000e+00
4.100000000000000000e+02,1.155676124834859593e+02,1.473726995412457796e+01,-2.605182766026324301e-02,6.765579740058087737e+02,9.375044114069419621e-03,nan,1.778991581880132955e+01,1.000000000000000000e+00
4.110000000000000000e+02,3.949382830046206294e+01,1.047799696569051697e+01,-3.617547013259277827e-02,9.369693839964270410e+02,8.634825945098678623e-03,nan,2.289587874462355188e+01,1.000000000000000000e+00
4.140000000000000000e+02,1.158104542196159059e+02,3.252552823680169780e+01,-3.071125019250499355e-02,7.964127391932962610e+02,7.256876863621752882e-03,nan,1.560800772861099794e+01,1.000000000000000000e+00
4.140000000000000000e+02,1.278240796881717642e+02,4.352428561817765740e+01,-3.153154058612266802e-02,8.175131463429555652e+02,8.711396005097182815e-03,nan,1.038014021365066952e+01,1.000000000000000000e+00
4.160000000000000000e+02,3.946987699300710517e+01,3.337386318261656726e+01,-6.385893781969415040e-02,1.649073833904852108e+03,8.048467490273547575e-03,nan,2.289587874462355188e+01,1.000000000000000000e+00
4.170000000000000000e+02,1.244295993934815527e+02,1.951321707666534166e+01,-3.102625814496273726e-02,8.045157184600959681e+02,9.218047947841756518e-03,nan,1.560800772861099794e+01,1.000000000000000000e+00
4.200000000000000000e+02,7.954136377689147253e+01,1.984220308645468478e+01,-3.126894063873374152e-02,8.107582631326959017e+02,1.005283643776944125e-02,nan,3.277020952857718328e+01,1.000000000000000000e+00
4.230000000000000000e+02,1.412908318007258970e+02,1.973324296114544296e+01,-4.126606974092326269e-02,1.067915357772799098e+03,9.619442300256797473e-03,nan,2.822868526420453961e+01,1.000000000000000000e+00
4.230000000000000000e+02,1.076067291112227764e+02,3.676029698610442153e+01,-2.895574956543148573e-02,7.512558310167047466e+02,1.239860677134851930e-02,nan,2.728749178601604797e+01,1.000000000000000000e+00
4.250000000000000000e+02,2.014442490907994809e+01,1.286264571834174930e+01,-1.720783917317230891e-02,4.490632241508004654e+02,1.514652588308240677e-02,nan,4.210045991947836796e+01,1.000000000000000000e+00
4.260000000000000000e+02,1.052211584141922032e+02,9.577282796699995160e+00,-3.221691079789643086e-02,8.351429889318658297e+02,1.075518750112647304e-02,nan,2.728749178601604797e+01,1.000000000000000000e+00
4.290000000000000000e+02,1.033851827454964223e+02,4.442982219615024775e+01,-1.493422030335706321e-02,3.905787115568247145e+02,1.232101338508784227e-02,nan,2.458836583974948908e+01,1.000000000000000000e+00
4.300000000000000000e+02,1.441585299669329459e+02,2.550657489203070227e+01,-3.561667964552214793e-02,9.225955636027163109e+02,8.647652287874563193e-03,nan,1.818763617645063491e+01,1.000000000000000000e+00
4.300000000000000000e+02,5.198458161378520259e+01,4.040630463380571769e+01,-1.209291537806585770e-01,3.117096380876922922e+03,9.183733190017806525e-02,nan,1.252986495867128980e+01,1.000000000000000000e+00
4.300000000000000000e+02,6.720540107462544199e+01,1.686510020851024549e+01,-3.789334983495101089e-02,9.811585655788570648e+02,1.051509439274633806e-02,nan,1.276929510497702402e+01,1.000000000000000000e+00
4.310000000000000000e+02,5.860835484371133219e+01,2.630679992739114681e+01,-1.879051852080434667e-02,4.897746342590094741e+02,1.630790601028975217e-02,nan,1.276929510497702402e+01,1.000000000000000000e+00
4.320000000000000000e+02,1.279725649202831192e+02,4.464975959711026121e+01,-6.045772304691836296e-02,1.561584065565013361e+03,7.353136705328333633e-03,nan,2.458836583974948908e+01,1.000000000000000000e+00
4.320000000000000000e+02,3.975119023850918865e+01,3.399745294330848822e+01,-3.513952476217514775e-02,9.103216635419501017e+02,2.907026288872849307e-02,nan,9.933303583940412906e+00,1.000000000000000000e+00
4.320000000000000000e+02,1.300644590379958458e+02,4.614617956246156005e+00,1.967049232310199083e-03,-5.702294727232801108e+01,3.294700254110974891e-01,nan,9.163252467356606701e+00,1.000000000000000000e+00
4.330000000000000000e+02,1.976026925118992850e+01,3.977501346281948713e+01,-1.179585217561145843e-01,3.040682533174458968e+03,1.011214980405650277e-02,nan,1.549080494466762481e+01,1.000000000000000000e+00
4.330000000000000000e+02,3.497142356890838499e+01,4.270517082314914603e+01,-5.000722165010651477e-02,1.292764832636642495e+03,9.328574479439799561e-03,nan,9.933303583940412906e+00,1.000000000000000000e+00
4.330000000000000000e+02,5.125805173385119673e+01,5.291508835629855412e+01,-3.617005210115886021e-02,9.368300154629237113e+02,1.433175564267541446e-02,nan,1.252986495867128980e+01,1.000000000000000000e+00
4.340000000000000000e+02,1.302596514400923979e+02,1.377579122754065466e+01,-1.419876425023054028e-02,3.716605061476265632e+02,1.534362492535645828e-02,nan,7.238937698446186175e+00,1.000000000000000000e+00
4.380000000000000000e+02,6.945115198828237624e+01,1.087011530611255594e+01,-1.628038688676780241e-02,4.252062815274558716e+02,1.699582075679839654e-02,nan,2.559963952442179291e+01,1.000000000000000000e+00
4.380000000000000000e+02,8.806715131994263857e+01,2.844242627149110447e+01,-1.178919436578474214e-02,3.096789127839216462e+02,6.967599272159097357e-02,nan,2.559963952442179291e+01,1.000000000000000000e+00
4.390000000000000000e+02,6.594480977004273825e+01,4.396811852558762723e+01,-6.734460771480092756e-02,1.738736049320657230e+03,8.007190496037819294e-03,nan,1.362676216371848348e+01,1.000000000000000000e+00
4.410000000000000000e+02,1.427019013041986852e+02,3.109925072198292639e+01,-3.224830052515886836e-02,8.359504298463365330e+02,1.027670324102281096e-02,nan,2.850409259886589908e+01,1.000000000000000000e+00
4.430000000000000000e+02,5.282685187975619812e+01,4.027923958270826432e+01,-2.450926809211825819e-02,6.368785687687014843e+02,9.067477138568313944e-02,nan,1.335899989886306116e+01,1.000000000000000000e+00
4.470000000000000000e+02,1.190540698039962422e+02,4.592146325797429540e+00,-2.498770574344751083e-02,6.491854655912421777e+02,1.053300919541344527e-02,nan,2.209354815019415952e+01,1.000000000000000000e+00
4.480000000000000000e+02,6.433407648058178552e+01,2.549047410214891585e+01,-1.447945986775253310e-02,3.788808659871685336e+02,1.822591721535160580e-02,nan,1.145117398519071905e+01,1.000000000000000000e+00
4.480000000000000000e+02,1.099929394665332865e+02,5.270578989335364639e+01,-3.390443379454537165e-02,8.785513021106522729e+02,8.957029723366205509e-03,nan,2.720330749517043145e+01,1.000000000000000000e+00
4.490000000000000000e+02,3.924125640497366163e+01,2.955857828553593336e+01,-1.739538893805608194e-03,5.117067738040339719e+01,2.687793426352337312e-01,nan,2.398436664322835910e+01,1.000000000000000000e+00
4.500000000000000000e+02,1.286245184408703324e+02,2.450524208597250464e+01,1.624964355553408773e-03,-4.822346572838881684e+01,3.384510886243428107e-01,nan,1.551867781545428571e+01,1.000000000000000000e+00
4.510000000000000000e+02,4.781105679638756811e+01,5.195965782488240592e+01,-2.257530495916412749e-02,5.871310527240568717e+02,1.279157948446296711e-02,nan,1.814285920000522268e+01,1.000000000000000000e+00
4.530000000000000000e+02,7.365677047420558665e+01,1.884090551912344225e+01,-2.389142723860390380e-02,6.209857902304192976e+02,1.470387406340090131e-02,nan,1.145117398519071905e+01,1.000000000000000000e+00
4.530000000000000000e+02,1.336079313120882830e+02,3.920200898535728840e+01,-1.508714197031050955e-03,4.523315193815141555e+01,3.123715356095686513e-01,nan,1.551867781545428571e+01,1.000000000000000000e+00
4.540000000000000000e+02,6.571570295566235131e+01,6.688769205711230015e+00,-4.372776866968589721e-02,1.131237871459314192e+03,9.555599002425307908e-03,nan,1.346570041920526961e+01,1.000000000000000000e+00
4.540000000000000000e+02,9.696568742693150966e+01,8.312846382323231254e+00,-5.670014479662571077e-02,1.464927525887389947e+03,8.511731854307869050e-03,nan,2.557627100843741630e+01,1.000000000000000000e+00
4.550000000000000000e+02,5.970798101117927104e+01,1.874000834604702348e+01,-2.517098999880103272e-02,6.539001037756848973e+02,9.676874790291889461e-03,nan,1.346570041920526961e+01,1.000000000000000000e+00
4.560000000000000000e+02,7.961354259883101747e+01,4.454215126698734650e+01,-4.824979507421441743e-02,1.247558383096970374e+03,2.275282444529447279e-02,nan,2.157452781337788750e+01,1.000000000000000000e+00
4.570000000000000000e+02,2.471132099546435512e+01,4.093781391856006024e+01,-3.502758712277541375e-02,9.074422810877811116e+02,1.036007451767462229e-02,nan,1.692613014504259894e+01,1.000000000000000000e+00
4.590000000000000000e+02,5.905344276855226582e+01,3.800437294869085036e+01,-2.401520316925208690e-02,6.241696901667411339e+02,1.327612532885336094e-02,nan,1.927548089814253274e+01,1.000000000000000000e+00
4.600000000000000000e+02,9.308179737031336387e+00,4.795473069586889636e+01,-1.826516455513759992e-03,5.340800940233856409e+01,3.276071938534822481e-01,nan,1.692613014504259894e+01,1.000000000000000000e+00
4.630000000000000000e+02,1.164214520663823151e+02,1.885877944671784689e+01,-2.433751811960397152e-02,6.324606280294327689e+02,1.347556988155729218e-02,nan,2.386864689187518707e+01,1.000000000000000000e+00
4.640000000000000000e+02,8.062671091849512095e+01,1.905294145191356847e+01,-9.733595328720678896e-02,2.510206259709164897e+03,8.455361473756251023e-03,nan,1.788618843343955689e+01,1.000000000000000000e+00
4.640000000000000000e+02,4.737522651424137976e+00,2.470559979329585687e+01,-3.409216717099668170e-02,8.833803854566523341e+02,1.331300930801204707e-02,nan,1.500149112350083591e+01,1.000000000000000000e+00
4.640000000000000000e+02,2.910657360845971553e+01,4.371325671171465643e+01,-1.128245254707413783e-02,2.966439451947044290e+02,2.640920229553522791e-02,nan,1.399177579007725924e+01,1.000000000000000000e+00
4.660000000000000000e+02,1.616675410405686719e+01,1.498873793719102032e+01,-7.907056470279938409e-02,2.040363946698523705e+03,7.959064947368532650e-03,nan,1.106049135910754799e+01,1.000000000000000000e+00
4.660000000000000000e+02,2.607098762454034357e+01,1.991221511055378812e+01,-3.413734073634824145e-02,8.845423893381262133e+02,1.258148033595452020e-02,nan,1.106049135910754799e+01,1.000000000000000000e+00
4.670000000000000000e+02,6.407862084550938420e+00,4.818574863808942865e+01,1.531048287369861328e-03,-4.580765385007533297e+01,3.278538279937671662e-01,nan,9.504120936450831891e+00,1.000000000000000000e+00
4.680000000000000000e+02,5.851717141148940726e+01,1.070489057441843883e+01,-1.816880623575334655e-02,4.737822705222283730e+02,1.918891920335175083e-02,nan,1.499579996923582570e+01,1.000000000000000000e+00
4.680000000000000000e+02,6.230532181054594076e+01,2.521433347452528650e+01,-3.312773225012950740e-02,8.585721350395058380e+02,1.222633284140017818e-02,nan,1.499579996923582570e+01,1.000000000000000000e+00
4.680000000000000000e+02,7.455835295316445865e+01,3.587824288401620265e+01,-3.715967606383657057e-02,9.622862059779275796e+02,9.878035939427709522e-03,nan,1.624363678724096971e+01,1.000000000000000000e+00
4.680000000000000000e+02,1.192616338325665168e+02,4.255784423805629757e+01,-5.814615311066610726e-02,1.502123334110234964e+03,8.673143498697410969e-03,nan,1.926568710205941315e+01,1.000000000000000000e+00
4.690000000000000000e+02,1.002178150132838823e+02,3.964242586451280204e+01,-1.915607309015544477e-02,4.991778289187797668e+02,1.582133471460511753e-02,nan,1.926568710205941315e+01,1.000000000000000000e+00
4.720000000000000000e+02,4.453195396940458295e+01,4.076396179128653330e+01,-6.081051625439695685e-02,1.570658998509921275e+03,9.755699920390381585e-03,nan,2.361532437223636904e+01,1.000000000000000000e+00
4.730000000000000000e+02,9.017300190785985592e+01,4.853016236682581308e+00,-1.516559565011348478e-03,4.543495907853874627e+01,3.669971663505616766e-01,nan,2.818699072880648870e+01,1.000000000000000000e+00
4.760000000000000000e+02,9.064315142875892661e+01,3.303608572483133798e+01,-4.534827054790720874e-02,1.172922194088593415e+03,1.909022255084003028e-02,nan,1.599476700653274364e+01,1.000000000000000000e+00
4.760000000000000000e+02,1.066219599804155678e+02,3.232176866443519714e+01,-2.051866513264816519e-02,5.342279125223224128e+02,1.842414942509562614e-02,nan,1.031575145346129574e+01,1.000000000000000000e+00
4.780000000000000000e+02,1.169242539359948978e+02,3.284852031599638167e+01,-3.925280913950550399e-02,1.016128065468992986e+03,9.106784957591651519e-03,nan,1.031575145346129574e+01,1.000000000000000000e+00
4.790000000000000000e+02,9.657364790727163495e+01,1.757105907156640967e+01,-5.112948651738752348e-02,1.321632957648996125e+03,7.058036120536903546e-03,nan,1.656314697960041116e+01,1.000000000000000000e+00
4.800000000000000000e+02,1.352037033312212699e+01,1.782609856906073276e+01,-2.531796141663657934e-02,6.576806634162969658e+02,1.235699202524176421e-02,nan,1.532398518320178837e+01,1.000000000000000000e+00
4.800000000000000000e+02,6.518294699379187307e+01,4.061928338582162468e+01,1.321253770155391164e-03,-4.041108969982538923e+01,3.697831626041784281e-01,nan,1.102517114323706515e+01,1.000000000000000000e+00
4.810000000000000000e+02,1.277815062757146336e+02,5.170962690045713117e+01,-6.094399766993943007e-02,1.574092553549420700e+03,7.753504208711792245e-03,nan,2.176284149551106495e+01,1.000000000000000000e+00
4.820000000000000000e+02,3.087394023442336888e+01,8.895115132565775795e+00,-3.468888275542877930e-02,8.987297567061865493e+02,1.018769472625269401e-02,nan,1.951688636699757140e+01,1.000000000000000000e+00
4.830000000000000000e+02,6.357070540332463082e+01,7.956550354618186383e+00,-3.341817430962185087e-02,8.660432035249554019e+02,1.165800709136999291e-02,nan,1.379247904584373430e+01,1.000000000000000000e+00
4.830000000000000000e+02,7.734059711864220787e+01,8.745575308892043154e+00,-2.767307721908907753e-02,7.182615292937854292e+02,1.171903305999588696e-02,nan,1.379247904584373430e+01,1.000000000000000000e+00
4.830000000000000000e+02,9.113800456738117362e+01,4.014521851395892327e+01,-1.888866319885478678e-02,4.922992190676934001e+02,1.141646752029634726e-02,nan,1.750649093096282627e+01,1.000000000000000000e+00
4.830000000000000000e+02,1.788943277481810412e+01,3.629699353257070982e+01,-4.430844318799735670e-02,1.146174616852330473e+03,8.484615605520273718e-03,nan,1.786389539742473076e+01,1.000000000000000000e+00
4.830000000000000000e+02,1.192512985635588336e+02,2.168915129391020713e+01,1.443796681267842932e-03,-4.356327255835392265e+01,3.692810714743204326e-01,nan,1.139941461960967217e+01,1.000000000000000000e+00
4.840000000000000000e+02,2.603894020266540466e+01,5.219366889107237739e+01,-5.486759213966666687e-02,1.417788601079929094e+03,1.076567906655168105e-02,nan,1.786389539742473076e+01,1.000000000000000000e+00
4.850000000000000000e+02,1.309086849319003534e+02,2.453652705620718777e+01,-1.340201362125690611e-02,3.511656145837414442e+02,1.672814730882765666e-02,nan,1.200009190266937154e+01,1.000000000000000000e+00
4.860000000000000000e+02,7.381832922382220374e+01,3.759451847091208521e+01,-1.349113373393559002e-03,4.112772490112374868e+01,3.093588500326478474e-01,nan,8.256301038954836358e+00,1.000000000000000000e+00
4.880000000000000000e+02,4.098964683338014225e+01,4.006371715948237267e+01,-1.940339677140700192e-03,5.633589486595131035e+01,2.520881548423223872e-01,nan,1.730782018922974075e+01,1.000000000000000000e+00
4.900000000000000000e+02,6.420178999567066569e+01,1.487706740118506943e+01,-2.776878882514725172e-02,7.207235279621698965e+02,2.186935889147623158e-02,nan,2.466901720442098522e+01,1.000000000000000000e+00
4.930000000000000000e+02,7.611597259099235657e+01,4.290312577870935939e+01,-1.388254759737821272e-03,4.213456247314948655e+01,3.359156975899214581e-01,nan,5.025929799026743972e+00,1.000000000000000000e+00
4.940000000000000000e+02,1.874794862777917359e+01,2.198473485619209455e+01,-4.840606297208177589e-02,1.251578076970113216e+03,4.364613000769401729e-02,nan,2.791915898795386752e+01,1.000000000000000000e+00
4.950000000000000000e+02,1.005914641724226897e+02,3.317969910028755720e+01,-1.609502223301887899e-03,4.782573184238035680e+01,3.319239202449971726e-01,nan,4.275205345029854165e+00,1.000000000000000000e+00
4.960000000000000000e+02,7.914091702412819984e+01,1.508619181106734253e+01,-1.308581878472985481e-02,3.430321049861019560e+02,1.752696346830417973e-02,nan,2.394267537808616098e+01,1.000000000000000000e+00
4.960000000000000000e+02,5.528710191663125784e+01,1.714706761464311313e+01,-1.337530930642082897e-03,4.082978863398555802e+01,3.122639130191255941e-01,nan,2.394267537808616098e+01,1.000000000000000000e+00
4.970000000000000000e+02,5.462702351037623316e+01,4.186189549310734037e+01,-1.142588553836793551e-02,3.003334855557040441e+02,2.291748066307930376e-02,nan,1.136315010290965688e+01,1.000000000000000000e+00
4.970000000000000000e+02,1.348693006156456420e+02,3.486139193804430647e+01,-1.023271670306975627e-02,2.696414910876927138e+02,2.116460987567814200e-02,nan,3.431906411936237333e+01,1.000000000000000000e+00
4.980000000000000000e+02,9.631952987242854647e+01,3.301249240572843746e+01,1.538179922524582528e-03,-4.599110157368426854e+01,3.203519929376862363e-01,nan,4.275205345029854165e+00,1.000000000000000000e+00
5.020000000000000000e+02,4.949333666698976941e+01,5.199927383542526371e+01,-7.284694242209098503e-02,1.880273123874812654e+03,9.894952847532167972e-03,nan,1.136315010290965688e+01,1.000000000000000000e+00
5.040000000000000000e+02,4.730298278136823598e+01,2.533436446401048769e+01,1.449519323772969831e-03,-4.371047663116719662e+01,3.076614923768257182e-01,nan,1.061003904922992014e+01,1.000000000000000000e+00
5.050000000000000000e+02,1.198649572958754916e+01,4.928294885175166229e+01,-3.216201731257012364e-02,8.337309586322780888e+02,7.593786152155335145e-03,nan,2.043833653967767461e+01,1.000000000000000000e+00
5.060000000000000000e+02,9.678975864947457808e+01,9.790703612115008170e+00,-9.276177023301063196e-02,2.392544117653656940e+03,8.202457763616388675e-03,nan,2.765044150882386376e+01,1.000000000000000000e+00
5.060000000000000000e+02,4.485382376561398132e+01,4.130979493416072046e+01,-2.964455551775249664e-02,7.689740514837071714e+02,1.027799438568466339e-02,nan,1.165289831512367691e+01,1.000000000000000000e+00
5.080000000000000000e+02,1.227648425970053836e+02,1.926920188724367478e+01,-3.100170914927518478e-02,8.038842423290172974e+02,8.178678548147244598e-03,nan,1.920456401644966604e+01,1.000000000000000000e+00
5.080000000000000000e+02,2.425757718452965150e+01,3.293834238859998464e+01,-1.706788662734704453e-03,5.032824009816993538e+01,2.628854793784187738e-01,nan,1.267129617955089671e+01,1.000000000000000000e+00
5.090000000000000000e+02,3.971888633911456878e+01,1.770332193610955684e+01,-1.206997234058908340e-03,3.747205804725039968e+01,3.619617235316227033e-01,nan,1.075877915509177818e+01,1.000000000000000000e+00
5.100000000000000000e+02,1.259388708130159102e+02,3.820965657940675442e+01,-3.171131780783918025e-02,8.221375727704348719e+02,7.466964749388682598e-03,nan,1.604972608688897040e+01,1.000000000000000000e+00
5.110000000000000000e+02,6.658774101639019705e+01,2.029176061000370268e+01,-3.041061647144466598e-02,7.886795096362442337e+02,1.001600083556075660e-02,nan,1.415384830899745872e+01,1.000000000000000000e+00
5.130000000000000000e+02,8.013179393711398291e+01,2.440151150692479476e+01,-2.325848911721088014e-02,6.047046632467988729e+02,1.311989355992071449e-02,nan,1.415384830899745872e+01,1.000000000000000000e+00
5.140000000000000000e+02,1.383379410445957944e+02,4.840067050622060663e+01,-6.832535775252794596e-02,1.763963975027329980e+03,8.496303244276193212e-03,nan,1.604972608688897040e+01,1.000000000000000000e+00
5.160000000000000000e+02,1.000991629154437845e+02,4.053446310661302476e+01,-3.745966297510690268e-02,9.700027975857566389e+02,7.522179565799147483e-03,nan,2.567037107707347587e+01,1.000000000000000000e+00
5.160000000000000000e+02,1.400821049527850164e+02,2.492547556598625036e+01,-5.458504106158419689e-02,1.410520513053417517e+03,7.986828535326173650e-03,nan,2.353989985579026722e+01,1.000000000000000000e+00
5.210000000000000000e+02,5.819068246238850151e+01,2.776789779419074478e+01,-3.828487671713487472e-02,9.912298484908533283e+02,9.679836874940339619e-03,nan,1.615632823646929594e+01,1.000000000000000000e+00
5.220000000000000000e+02,1.346127893718093560e+02,8.319389448961581834e+00,-3.040460291520871716e-02,7.885248223620993713e+02,9.110350131316113931e-03,nan,1.541588514887721750e+01,1.000000000000000000e+00
5.220000000000000000e+02,7.622279346522084609e+01,2.489394786275749993e+01,-5.488442228477508067e-02,1.418221524489661306e+03,7.996832253840291393e-03,nan,1.825969921512543692e+01,1.000000000000000000e+00
5.240000000000000000e+02,5.222156715662163862e+01,1.275468346310911194e+01,-4.596556055076181369e-02,1.188800803043408905e+03,4.510680308101722158e-02,nan,7.956987148016175126e+00,1.000000000000000000e+00
5.250000000000000000e+02,1.053454190899695533e+02,4.056635243756790743e+01,-6.290001196319175425e-02,1.624407293669873752e+03,6.572819851829558857e-03,nan,3.065804538331641638e+01,1.000000000000000000e+00
5.250000000000000000e+02,1.396505335301852142e+02,4.705908111394756332e+01,-3.518940715751150278e-02,9.116047931011727314e+02,6.793459694704018226e-03,nan,3.491412897984676533e+01,1.000000000000000000e+00
5.260000000000000000e+02,1.201799548449130555e+02,1.373628915659907790e+01,-3.263481245621142196e-02,8.458927126974642761e+02,1.051976349674199618e-02,nan,1.541588514887721750e+01,1.000000000000000000e+00
5.270000000000000000e+02,4.803074121136222452e+00,4.213159634085452154e+01,-3.383793279540576321e-02,8.768406906386385344e+02,1.016894741916056777e-01,nan,3.345952618256149691e+01,1.000000000000000000e+00
5.270000000000000000e+02,3.092168842449400756e+01,2.121849328956266589e+01,-3.469506109530370169e-02,8.988886827254158334e+02,1.121553416813136916e-02,nan,2.019681938655133635e+01,1.000000000000000000e+00
5.320000000000000000e+02,6.746937213195597849e+01,2.949580294861215890e+01,-2.708006222166663840e-02,7.030073485928716082e+02,1.057012920719957449e-02,nan,1.790337620273058050e+01,1.000000000000000000e+00
5.320000000000000000e+02,4.884176181510154890e+01,1.190278166842413476e+01,-1.336010767733302818e-03,4.079068534012933611e+01,3.363853969687325973e-01,nan,8.807352345296765250e+00,1.000000000000000000e+00
5.330000000000000000e+02,3.210535679897436978e+01,4.722967941242581702e+01,-3.500019250348870847e-02,9.067376067125148893e+02,9.657470137093282503e-03,nan,2.142567358258678922e+01,1.000000000000000000e+00
5.350000000000000000e+02,9.537264241496245631e+01,4.696862735661962773e+01,-2.795125973838042885e-02,7.254172444705516227e+02,1.356622949848418358e-02,nan,1.214871022727342975e+01,1.000000000000000000e+00
5.360000000000000000e+02,8.442099023843358907e+01,3.525544903397539542e+01,-6.314942108630708373e-02,1.630822868063429269e+03,8.857117640814204940e-03,nan,1.114621231523421230e+01,1.000000000000000000e+00
5.360000000000000000e+02,9.555874587525956088e+01,3.482134265227835357e+01,-4.832409911838195238e-02,1.249469713032076470e+03,8.560908168713909916e-03,nan,1.114621231523421230e+01,1.000000000000000000e+00
5.370000000000000000e+02,5.758804119112350151e+01,1.293818130662065080e+01,-2.123494766045540445e-03,6.104721048965402019e+01,1.820964780619283019e-01,nan,8.807352345296765250e+00,1.000000000000000000e+00
5.380000000000000000e+02,2.018997970223754379e+01,2.942284709698810019e+01,-2.454997776989295902e-02,6.379257476490846557e+02,1.122404301738000321e-02,nan,2.142567358258678922e+01,1.000000000000000000e+00
5.390000000000000000e+02,1.329613130641775172e+02,3.667812306989659987e+01,-1.476368013181844109e-02,3.861918906421391284e+02,2.033057763703849385e-02,nan,3.744862702210553351e+01,1.000000000000000000e+00
5.430000000000000000e+02,8.212837633639476564e+01,4.121156396110824716e+01,-4.655026586871259531e-02,1.203841233075657783e+03,2.069705374803132436e-02,nan,1.338531148691843597e+01,1.000000000000000000e+00
5.450000000000000000e+02,1.290047668596481287e+02,3.531377337925197679e+01,-3.055572229974700196e-02,7.924120805413655262e+02,1.766157186124850398e-02,nan,7.764338297716623316e+00,1.000000000000000000e+00
5.450000000000000000e+02,6.952226511290145083e+01,3.671128358953732373e+01,-2.985311267041630690e-02,7.743387867889351810e+02,1.029300846354219701e-02,nan,1.309850268071311241e+01,1.000000000000000000e+00
5.460000000000000000e+02,3.059806353413830138e+01,3.273757433737225142e+01,-7.206122771312237218e-02,1.860062110321920727e+03,7.704865172108998905e-03,nan,1.788726816606363101e+01,1.000000000000000000e+00
5.460000000000000000e+02,3.070260891173657924e+01,5.268753999646487785e+01,-4.987031802875125513e-02,1.289243247874301233e+03,9.664231322918270806e-03,nan,1.995023958590353175e+01,1.000000000000000000e+00
5.470000000000000000e+02,1.577468928156396721e+01,2.272648357698107091e+01,-2.801130141585019342e-02,7.269617022021278672e+02,1.177060770733973083e-02,nan,1.788726816606363101e+01,1.000000000000000000e+00
5.470000000000000000e+02,1.358109802933623200e+02,3.905013630275359304e+01,-2.480550332362987942e-02,6.444986555643077963e+02,3.831612007637097417e-02,nan,7.764338297716623316e+00,1.000000000000000000e+00
5.480000000000000000e+02,7.475293024105469897e+01,2.470249868873365529e+01,-1.999108407786495418e-03,5.784760846633379572e+01,2.623847434473929319e-01,nan,1.309850268071311241e+01,1.000000000000000000e+00
5.520000000000000000e+02,9.558367061747813409e+01,1.068755689290944488e+01,-1.540294569265711387e-03,4.604549683122073134e+01,2.307860630116007616e-01,nan,2.040320035429935075e+01,1.000000000000000000e+00
5.530000000000000000e+02,4.433852102620413405e+01,1.719566059134774605e+01,-2.334263425644816578e-02,6.068691365984142294e+02,2.016831503728976349e-01,nan,5.840175025446798784e+00,1.000000000000000000e+00
5.530000000000000000e+02,1.288895126972353182e+02,3.437343668438823840e+01,-2.104000615972630162e-02,5.476384169251052754e+02,1.403711724166989416e-02,nan,2.230332220846887736e+01,1.000000000000000000e+00
5.540000000000000000e+02,1.440523200060491433e+02,1.801717011617154540e+01,-3.400007883470237968e-02,8.810115884980837109e+02,7.972116832880793424e-03,nan,2.230332220846887736e+01,1.000000000000000000e+00
5.560000000000000000e+02,6.610375566202489495e+01,4.742643674770664575e+01,-2.621486527115882148e-02,6.807518058455705159e+02,1.464136873223997881e-02,nan,1.116498231560421850e+01,1.000000000000000000e+00
5.560000000000000000e+02,4.389809364320205276e+01,1.137211630559233910e+01,-4.448614019842205003e-02,1.150745533808583332e+03,1.352395922962479347e-02,nan,5.840175025446798784e+00,1.000000000000000000e+00
5.580000000000000000e+02,1.463774992526258778e+01,4.977150356839154455e+01,-2.957299905452687866e-02,7.671333978322712710e+02,1.121996249965862003e-02,nan,4.408311864711409100e+01,1.000000000000000000e+00
5.590000000000000000e+02,6.783186984635378280e+01,3.639600377915657958e+01,-5.960597789539977265e-02,1.539674544711637054e+03,8.884256445018334780e-03,nan,1.116498231560421850e+01,1.000000000000000000e+00
5.610000000000000000e+02,1.276290521953513206e+02,6.596568524074030826e+00,-3.153739367556006312e-02,8.176637059145091371e+02,8.774515885046962893e-03,nan,4.110242526434389987e+01,1.000000000000000000e+00
5.630000000000000000e+02,3.535870336954025817e+01,4.781238190270356014e+00,-2.574996017376954272e-02,6.687930081841681158e+02,1.171716592353333475e-02,nan,2.427738209584891749e+01,1.000000000000000000e+00
5.650000000000000000e+02,8.580533310151497517e+01,4.500758640618624895e+01,-3.601408468873209395e-02,9.328180510051057581e+02,8.479005728167732236e-03,nan,2.166566383266503948e+01,1.000000000000000000e+00
5.660000000000000000e+02,8.777137633483316392e+01,2.343131093253756703e+01,-3.876307813182761075e-02,1.003530668576115431e+03,9.295276415261510827e-03,nan,1.777795197109455927e+01,1.000000000000000000e+00
5.700000000000000000e+02,5.085770275601498724e+01,3.691306685400408583e+01,-3.393434403817127687e-02,8.793206861280228850e+02,1.817987982644431177e-02,nan,9.275701845807910573e+00,1.000000000000000000e+00
5.710000000000000000e+02,3.187296101179791918e+01,2.735291143453650520e+01,-4.738017900671999405e-02,1.225189166986693408e+03,1.005645815914113506e-02,nan,1.488440593252758681e+01,1.000000000000000000e+00
5.720000000000000000e+02,9.466323526355577656e+01,4.595455033499031572e+01,-5.563586135883789863e-02,1.437550862653627064e+03,7.900954489964306937e-03,nan,4.105260295654339586e+01,1.000000000000000000e+00
5.740000000000000000e+02,4.670336264278741822e+01,2.861968980023686626e+01,-2.919907149248450115e-02,7.575148238919173309e+02,1.247832218961575368e-02,nan,9.275701845807910573e+00,1.000000000000000000e+00
5.740000000000000000e+02,1.144601874479148051e+01,4.342327145615160333e+01,-2.634536113436754257e-02,6.841085632408468200e+02,9.897637294586147938e-03,nan,2.599069913649763564e+01,1.000000000000000000e+00
5.770000000000000000e+02,1.390136506803259806e+02,4.508880009141158496e+01,-2.529585741647503300e-02,6.571120801357005803e+02,1.309044608262999176e-02,nan,4.435886462844089806e+01,1.000000000000000000e+00
5.790000000000000000e+02,7.937558642974094880e+01,1.699540382481837142e+01,-3.066832441414086424e-02,7.953085553484695538e+02,9.974792683972277807e-03,nan,2.405489160452539110e+01,1.000000000000000000e+00
5.790000000000000000e+02,4.209648678664183308e+01,5.244460729384336162e+01,-3.388167129448363402e-02,8.779657801750257704e+02,1.064478273756386262e-02,nan,2.426623165493756673e+01,1.000000000000000000e+00
5.810000000000000000e+02,2.180802678201801825e+01,3.198834157138903223e+01,1.887576051767128962e-03,-5.497865115477679154e+01,2.630639651574092630e-01,nan,2.881111619960045900e+01,1.000000000000000000e+00
5.820000000000000000e+02,1.059184742061008819e+02,5.275189749084088220e+00,-3.644609868542654507e-02,9.439307877816544305e+02,1.131584557440766803e-01,nan,5.097409901228080464e+00,1.000000000000000000e+00
5.830000000000000000e+02,1.207993666740321714e+02,4.263584746850799689e+01,-4.894105953803518788e-02,1.265339844087122628e+03,8.513926823848438907e-03,nan,5.008644125838551453e+00,1.000000000000000000e+00
5.840000000000000000e+02,1.009274126179191313e+02,6.310994713406393508e+00,-2.857062091919864572e-02,7.413491305314400961e+02,2.380188871886657065e-01,nan,5.097409901228080464e+00,1.000000000000000000e+00
5.850000000000000000e+02,1.223232867848348633e+02,3.247224172534946973e+01,-4.871942265577181019e-02,1.259638657663966796e+03,8.991739249681329760e-03,nan,6.638899390516159293e+00,1.000000000000000000e+00
5.860000000000000000e+02,1.062897163327887853e+02,2.942991574254394749e+01,-7.651464366425589358e-02,1.974617748796827300e+03,7.915661872825108247e-03,nan,1.498918026778588519e+01,1.000000000000000000e+00
5.870000000000000000e+02,9.368238983012798116e+00,2.569252105748261172e+01,-1.537564091790274284e-02,4.019334156514187271e+02,1.450228568390321549e-02,nan,1.430733443499479840e+01,1.000000000000000000e+00
5.870000000000000000e+02,1.121918965520410580e+02,4.320815197798602014e+01,-2.602970769588370745e-02,6.759889800761276319e+02,1.103228277050904982e-02,nan,8.626475198627687746e+00,1.000000000000000000e+00
5.870000000000000000e+02,9.401358754494519587e+01,4.986511347557264884e+01,-1.990865266420474219e-02,5.185365042714485071e+02,1.577675808671841207e-02,nan,1.935887534795896414e+01,1.000000000000000000e+00
5.880000000000000000e+02,1.364270726718022431e+01,1.203863005445952794e+01,-5.070546053332083969e-02,1.310725697274553568e+03,8.580317247112279055e-03,nan,1.430733443499479840e+01,1.000000000000000000e+00
5.880000000000000000e+02,1.221091153203950341e+02,1.965338665996130274e+01,-5.508206392580241445e-02,1.423305479059714798e+03,8.404804284463995856e-03,nan,1.282064407912520565e+01,1.000000000000000000e+00
5.880000000000000000e+02,1.241003512343314412e+02,3.886888358336616278e+01,-1.567750832678155640e-02,4.096983794765642983e+02,1.320526875404590683e-01,nan,5.008644125838551453e+00,1.000000000000000000e+00
5.910000000000000000e+02,1.417984071136996249e+02,3.641841731613480704e+01,-3.261362765769602184e-02,8.453477741274939490e+02,1.052770552065473986e-02,nan,1.160258798414228920e+01,1.000000000000000000e+00
5.910000000000000000e+02,1.411832403543725434e+02,2.483214881467230839e+01,-2.588103598178620110e-02,6.721646835544287342e+02,1.259234454679991622e-02,nan,1.160258798414228920e+01,1.000000000000000000e+00
5.920000000000000000e+02,1.073463435912377264e+02,2.123094840403642536e+01,-4.941412713166697113e-02,1.277508606409106960e+03,8.014522147626657045e-03,nan,1.484682222509502481e+01,1.000000000000000000e+00
5.950000000000000000e+02,1.272562630725960844e+02,5.798741758490346676e+00,-1.654396229404539453e-03,4.898054459493193491e+01,2.793217352840632328e-01,nan,2.358455597151311167e+01,1.000000000000000000e+00
5.960000000000000000e+02,5.458746915941750899e+01,3.926739584814166761e+01,-6.894782755655727569e-02,1.779975824496225869e+03,9.266949522008016693e-03,nan,1.241774880681899340e+01,1.000000000000000000e+00
5.960000000000000000e+02,1.416595294477602920e+02,5.237790018509268464e+01,-3.321069224723671720e-02,8.607061228683484160e+02,9.252292548050378151e-03,nan,1.596008710661244301e+01,1.000000000000000000e+00
5.990000000000000000e+02,9.118003913559712714e+01,5.038676923644968042e+01,-2.190445007399364347e-02,5.698745892501802928e+02,2.855943196910015747e-02,nan,1.909431615274200666e+01,1.000000000000000000e+00
5.990000000000000000e+02,1.338875419578750154e+02,3.592837111456374544e+01,-1.636547984570348342e-03,4.852143250994539159e+01,2.643075535600637460e-01,nan,1.057760269925445762e+01,1.000000000000000000e+00
6.000000000000000000e+02,9.968079963619678097e+01,7.849831141852531502e+00,-1.565580674328586816e-02,4.091401475978123585e+02,2.112618537159427490e-02,nan,1.962688534539842422e+01,1.000000000000000000e+00
6.000000000000000000e+02,4.226394499322186249e+01,4.079423492101294357e+01,-4.813526391298361684e-02,1.244612287236167958e+03,7.981073161167806518e-03,nan,1.241774880681899340e+01,1.000000000000000000e+00
6.000000000000000000e+02,1.092995004292607035e+02,4.436364448526845905e+01,-2.286114038933038592e-02,5.944836244489393948e+02,1.113433165531885205e-02,nan,1.842166892835383152e+01,1.000000000000000000e+00
6.000000000000000000e+02,2.110977096470833203e+01,8.754555540885581522e+00,1.198708357462284534e-03,-3.725884249290177053e+01,3.525276981734369874e-01,nan,1.031157949649972316e+01,1.000000000000000000e+00
6.010000000000000000e+02,1.008882224078235481e+02,2.743954167090253549e+01,-2.673943717594078409e-02,6.942454184202055103e+02,1.081186956959478973e-02,nan,1.889907018943366879e+01,1.000000000000000000e+00
6.040000000000000000e+02,1.233025800554681126e+02,2.138635748871537601e+01,-6.739785728251006247e-02,1.740105792972354720e+03,1.977880219474104084e-02,nan,6.920381315633582275e+00,1.000000000000000000e+00
6.040000000000000000e+02,1.277204873900169275e+02,4.452215472949936270e+01,-2.408190840233649654e-02,6.258855551677762605e+02,9.689496972457023460e-03,nan,1.057760269925445762e+01,1.000000000000000000e+00
6.050000000000000000e+02,5.953294815196410639e+01,1.381834584042829484e+01,-1.683291035640807750e-03,4.972380842057164330e+01,3.388727597919946044e-01,nan,1.606604209215693757e+01,1.000000000000000000e+00
6.050000000000000000e+02,2.475647194347808977e+01,1.839977423638819687e+01,-1.316129173150787411e-03,4.027926920781867892e+01,3.308683227370553537e-01,nan,1.031157949649972316e+01,1.000000000000000000e+00
6.060000000000000000e+02,7.280063566820791721e+01,2.287848802906234269e+01,-4.397734350193161640e-02,1.137657708404457253e+03,9.228276147115188621e-03,nan,1.606604209215693757e+01,1.000000000000000000e+00
6.060000000000000000e+02,5.197406509187175772e+01,4.708467251162116440e+01,-2.675919126333459186e-02,6.947535546730769056e+02,1.731970135966854896e-01,nan,6.591494567576148711e+00,1.000000000000000000e+00
6.070000000000000000e+02,1.270593047988868420e+02,2.719830180675180031e+01,-3.960498511811948869e-02,1.025187121377610765e+03,1.596400369027152211e-01,nan,6.920381315633582275e+00,1.000000000000000000e+00
6.070000000000000000e+02,1.003906609294129311e+02,3.701013017261877991e+01,-5.311885429327904695e-02,1.372805652548661556e+03,7.762874158026233928e-03,nan,2.119138829856478878e+01,1.000000000000000000e+00
6.080000000000000000e+02,1.500027376652074729e+01,4.834921456134397033e+01,-2.511652083467881894e-02,6.524989883304441491e+02,1.175868325020856808e-02,nan,3.149845041658641165e+01,1.000000000000000000e+00
6.090000000000000000e+02,5.486885113420085247e+01,5.300649777107643956e+01,-4.517736942774999015e-02,1.168526088458553659e+03,1.722834787406690715e-02,nan,6.591494567576148711e+00,1.000000000000000000e+00
6.100000000000000000e+02,7.465085427366020099e+01,4.250529395015445289e+01,-4.212436697323116569e-02,1.089993418418190004e+03,8.919495536796162583e-03,nan,1.971382305774752908e+01,1.000000000000000000e+00
6.100000000000000000e+02,1.021265448928321717e+02,1.588995865612553793e+01,-3.983911560298700888e-02,1.031209681918718843e+03,4.446855020100637379e-02,nan,4.996825583698523587e+00,1.000000000000000000e+00
6.140000000000000000e+02,1.277072920568949854e+02,3.742017914452933525e+01,-5.428198170700101327e-02,1.402724888696516018e+03,7.681994761135513272e-03,nan,2.627273184106136483e+01,1.000000000000000000e+00
6.140000000000000000e+02,1.021841804385003343e+02,4.365132765080710442e+01,-3.064477737928288092e-02,7.947028527502964153e+02,1.166964777264134501e-02,nan,2.284203776133261243e+01,1.000000000000000000e+00
6.140000000000000000e+02,2.260037251637304934e+01,5.043958347974014345e+01,-4.959046391257609238e-02,1.282044534053258758e+03,9.522807612781125641e-03,nan,1.710596837152462157e+01,1.000000000000000000e+00
6.140000000000000000e+02,1.029315177480065415e+02,2.082151871520790820e+01,-3.601466704927764467e-02,9.328330311203363863e+02,6.431252572269863244e-02,nan,4.996825583698523587e+00,1.000000000000000000e+00
6.210000000000000000e+02,1.345050436503534002e+02,1.148845634949568328e+01,-2.975592995831316534e-02,7.718389467210284920e+02,3.123521034710352584e-02,nan,4.896775165954113440e+00,1.000000000000000000e+00
6.230000000000000000e+02,1.165823668302816287e+02,3.988352196618213696e+01,1.522395504200479066e-03,-4.558507749263869613e+01,3.259703309852403086e-01,nan,8.467686602540792862e+00,1.000000000000000000e+00
6.240000000000000000e+02,3.255401263144133850e+01,3.239592035564481165e+01,-4.123811815782509049e-02,1.067196356564888220e+03,9.128583295377468154e-03,nan,2.532026187558692598e+01,1.000000000000000000e+00
6.240000000000000000e+02,5.067492226774467667e+01,1.471122936594330888e+01,1.704041694137629426e-03,-5.025757956590404518e+01,3.520866633235988363e-01,nan,1.858356177747837990e+01,1.000000000000000000e+00
6.240000000000000000e+02,6.898099072625013761e+00,9.528396581007008592e+00,-1.651406797739727152e-03,4.890364716231000841e+01,3.394136626017276726e-01,nan,1.119036367133857723e+01,1.000000000000000000e+00
6.260000000000000000e+02,1.307347862633252760e+02,8.363785765023649788e+00,-2.683626123598959606e-02,6.967360328474971993e+02,2.558231066164007306e-02,nan,4.896775165954113440e+00,1.000000000000000000e+00
6.310000000000000000e+02,7.989456231646305184e+01,1.736686978562897110e+01,-5.527779468787036993e-02,1.428340279910097479e+03,1.592742020093118605e-02,nan,9.909399191279490537e+00,1.000000000000000000e+00
6.340000000000000000e+02,3.620214199365848629e+01,1.976815208640013211e+01,1.490984539740733547e-03,-4.477709029173892930e+01,3.152925152087514560e-01,nan,2.038384720871929900e+01,1.000000000000000000e+00
6.350000000000000000e+02,3.896249623880063240e+01,3.996423268313323263e+01,-3.115822341824023636e-02,8.079102736291390556e+02,1.137207895864422724e-02,nan,2.038384720871929900e+01,1.000000000000000000e+00
6.360000000000000000e+02,8.482061104902051341e+01,8.768600412284143886e+00,-2.453817756441311823e-02,6.376222098507493001e+02,1.039414409043970533e-02,nan,9.909399191279490537e+00,1.000000000000000000e+00
6.400000000000000000e+02,5.016714256537539107e+00,4.668783753651861268e+00,-2.436460063892113490e-02,6.331572742277509178e+02,1.450264672660961374e-02,nan,3.880035179690418801e+01,1.000000000000000000e+00
6.400000000000000000e+02,4.106913850026499802e+01,1.901068061961136024e+01,-4.050636968766753443e-02,1.048373521662031635e+03,6.680937580845469626e-02,nan,6.752775541196176512e+00,1.000000000000000000e+00
6.400000000000000000e+02,1.287259115140458334e+02,4.358924103530839034e+01,-4.462097532135312489e-02,1.154213910390896444e+03,7.981751081444832252e-03,nan,1.442097812132704249e+01,1.000000000000000000e+00
6.420000000000000000e+02,4.693950111409012749e+01,3.903721458382767651e+01,-2.083538586177087135e-02,5.423749497047923569e+02,1.583091002507741596e-02,nan,1.524029362787983821e+01,1.000000000000000000e+00
6.420000000000000000e+02,1.418124572949639060e+02,4.964786542536003111e+01,-3.854270011839996263e-02,9.978618641547340076e+02,1.009382116882739933e-02,nan,1.442097812132704249e+01,1.000000000000000000e+00
6.420000000000000000e+02,6.107550424155297009e+01,1.038347209871744248e+01,-4.066636555397689506e-02,1.052489110418960536e+03,5.933646067525133461e-02,nan,1.591497431949917463e+01,1.000000000000000000e+00
6.420000000000000000e+02,4.781951718530881124e+01,1.919058369986145962e+01,-7.592497995574357117e-02,1.959449773616580160e+03,1.094609369896959450e-02,nan,6.752775541196176512e+00,1.000000000000000000e+00
6.430000000000000000e+02,8.453487787065522241e+01,1.429175876241768783e+01,1.260175801981066723e-03,-3.883997536473192724e+01,3.586060025621226055e-01,nan,2.378270202721876103e+01,1.000000000000000000e+00
6.440000000000000000e+02,1.383236638231354618e+02,1.185722649429124864e+01,-3.414174159141979831e-02,8.846555929481392013e+02,1.646622320128132699e-02,nan,3.315173594576849325e+01,1.000000000000000000e+00
6.450000000000000000e+02,3.520848860144492676e+01,2.930839680918740342e+01,-4.073909048840912428e-02,1.054359820765432914e+03,1.445311491181111574e-02,nan,1.097159334843519574e+01,1.000000000000000000e+00
6.470000000000000000e+02,1.889468835669283209e+01,5.058188796857060510e+01,-4.751896979050631437e-02,1.228759295406210867e+03,8.837938990735150213e-03,nan,1.584569529515156283e+01,1.000000000000000000e+00
6.480000000000000000e+02,2.158830350370927675e+01,3.036588767377190123e+01,-4.030113982401477279e-02,1.043094374525803232e+03,2.729280134431799620e-02,nan,9.999664812469131192e+00,1.000000000000000000e+00
6.480000000000000000e+02,2.826890112501751418e+01,3.780651343938490072e+01,-6.202722305793938878e-02,1.601956462354745554e+03,1.731137689680750658e-02,nan,9.999664812469131192e+00,1.000000000000000000e+00
6.510000000000000000e+02,1.101620281701970896e+02,5.163345484398617202e+01,-2.939120064500955892e-02,7.624569802003907171e+02,9.910137347666547747e-03,nan,2.185052301994225488e+01,1.000000000000000000e+00
6.510000000000000000e+02,9.581183598846412508e+01,3.515567160131798374e+01,-1.506372559378916197e-03,4.517291777200556169e+01,3.314033237381269759e-01,nan,2.185052301994225488e+01,1.000000000000000000e+00
6.550000000000000000e+02,4.657280065064821883e+01,3.899326244174465472e+01,-2.632195032972619447e-02,6.835063649053829522e+02,1.346626134062189895e-02,nan,4.079792726475445619e+01,1.000000000000000000e+00
6.580000000000000000e+02,9.638884592445583621e+01,4.534288589614784115e+01,-2.408326084649978216e-02,6.259203442165260185e+02,9.251963630741988354e-03,nan,5.868896085883819502e+00,1.000000000000000000e+00
6.600000000000000000e+02,5.343835589554782217e+00,2.314252001678161363e+01,-1.733786869581286499e-03,5.102271751885653828e+01,3.436625075673709340e-01,nan,2.793115012019020682e+01,1.000000000000000000e+00
6.620000000000000000e+02,5.832232855246472525e+01,1.571574540962046029e+01,-4.274898148497732059e-02,1.106060436405934979e+03,9.592961854227199936e-03,nan,1.689713337911731372e+01,1.000000000000000000e+00
6.630000000000000000e+02,9.893447209211231552e+01,5.063096009016639698e+01,-1.938617096490285281e-03,5.629158476143871326e+01,3.474873086944250122e-01,nan,5.868896085883819502e+00,1.000000000000000000e+00
6.640000000000000000e+02,7.654426871625813078e+01,4.609323770719633728e+00,-3.009620149818419826e-02,7.805917836292549055e+02,1.182486588455478049e-02,nan,2.133990873818142120e+01,1.000000000000000000e+00
6.640000000000000000e+02,3.247822732008579294e+01,1.651877995163022561e+01,-3.536598564819128793e-02,9.161469382685492064e+02,8.779702581804271766e-03,nan,2.200049262316067811e+01,1.000000000000000000e+00
6.640000000000000000e+02,7.300437797885503244e+01,5.236106950855638331e+01,-1.976490698814180325e-02,5.148389206906456366e+02,8.737822789951499303e-03,nan,2.598774825416741763e+01,1.000000000000000000e+00
6.640000000000000000e+02,4.967945366467054669e+01,3.023517480975933935e+01,-1.739823823071182324e-03,5.117800664277101674e+01,2.707869584774809102e-01,nan,1.689713337911731372e+01,1.000000000000000000e+00
6.670000000000000000e+02,1.408410655287961788e+02,1.562248753826204961e+01,-1.725908673678155317e-03,5.082006594271443589e+01,2.946543200704591081e-01,nan,2.591355432996594033e+01,1.000000000000000000e+00
6.680000000000000000e+02,1.629337762038644755e+01,3.563547371632672167e+01,-3.048941944550790165e-02,7.907065659693131465e+02,9.722355661184289843e-03,nan,1.347089455008522130e+01,1.000000000000000000e+00
6.700000000000000000e+02,1.065737928680261177e+02,3.645547284612356975e+01,-2.286715046570035256e-02,5.946382222101634625e+02,9.773192112369599727e-03,nan,1.096304862397509794e+01,1.000000000000000000e+00
6.710000000000000000e+02,1.152138975961162686e+02,1.178053988605241464e+01,-3.104835084793918995e-02,8.050840111421347274e+02,1.113767963712575249e-02,nan,1.158194461091563809e+01,1.000000000000000000e+00
6.710000000000000000e+02,7.783986719425104184e+01,1.955864861988317571e+01,1.474143094118461096e-03,-4.434387619782327050e+01,3.544633612946900270e-01,nan,2.241414128931992167e+01,1.000000000000000000e+00
6.730000000000000000e+02,9.674367530795086623e+01,3.160189438412849583e+01,-1.964933224833470202e-02,5.118659807597138069e+02,9.593674571810484331e-03,nan,1.096304862397509794e+01,1.000000000000000000e+00
6.740000000000000000e+02,1.230360410983364687e+02,4.887675986843331799e+01,-3.743557259874086274e-02,9.693831185627337845e+02,7.560069122682033793e-03,nan,2.062265715389160903e+01,1.000000000000000000e+00
6.750000000000000000e+02,1.443360243529640741e+02,4.845709731303261236e+01,-1.925578371187951915e-02,5.017426946442514577e+02,1.112243941953117154e-02,nan,2.130411705065060701e+01,1.000000000000000000e+00
6.750000000000000000e+02,1.089358670793690180e+02,2.151335930290732890e+01,-3.727795412134499164e-02,9.653286836050176589e+02,1.258211866429659320e-02,nan,1.158194461091563809e+01,1.000000000000000000e+00
6.780000000000000000e+02,1.213069860201783428e+02,1.785195683886578522e+01,-1.772818545612435751e-02,4.624481406566220585e+02,1.920349831250678374e-02,nan,1.227777519443714738e+01,1.000000000000000000e+00
6.790000000000000000e+02,7.401641930656188606e+01,5.945507323244191511e+00,-7.082932650651534157e-02,1.828373799414210453e+03,2.757419501364699599e-02,nan,2.891703639863590780e+01,1.000000000000000000e+00
6.820000000000000000e+02,5.819232885613627815e+01,4.323234662264277972e+01,-2.303419509458492012e-02,5.989351269515237846e+02,1.237978811603190898e-02,nan,2.146622491142752409e+01,1.000000000000000000e+00
6.820000000000000000e+02,1.030659944322995329e+02,5.053257439236494974e+01,-5.445692875144547695e-02,1.407225068018533420e+03,9.970201000988998530e-03,nan,1.146953783266413041e+01,1.000000000000000000e+00
6.830000000000000000e+02,1.112053657850373867e+02,2.483056933349012141e+01,-5.280846263774060384e-02,1.364821418722840690e+03,7.888595332579684261e-03,nan,1.227777519443714738e+01,1.000000000000000000e+00
6.830000000000000000e+02,1.145338945517612785e+02,5.072639117430883715e+01,-4.366792614687214219e-02,1.129698536601734986e+03,1.043984515485163467e-02,nan,1.146953783266413041e+01,1.000000000000000000e+00
6.850000000000000000e+02,1.423412447105967544e+02,4.773085357326387168e+01,-7.991312484974276431e-02,2.062037200813051641e+03,8.608643499741441829e-03,nan,2.217004489604783402e+01,1.000000000000000000e+00
6.860000000000000000e+02,7.603858006850892082e+01,3.130296568259062795e+01,-1.277598797567463529e-01,3.292803789307678926e+03,7.421355803375107030e-03,nan,2.146622491142752409e+01,1.000000000000000000e+00
6.880000000000000000e+02,1.394771977928549802e+02,2.574658360708690807e+01,-3.106594212853541412e-02,8.055365133117958294e+02,8.548452067202783056e-03,nan,2.212556202185206899e+01,1.000000000000000000e+00
6.880000000000000000e+02,3.417951965676024884e+01,1.308590963106964722e+01,-3.930823683414262637e-02,1.017553837285059558e+03,7.404889429169281279e-03,nan,1.198771150100839478e+01,1.000000000000000000e+00
6.890000000000000000e+02,4.614611632590535351e+01,1.379709961230828341e+01,-2.305109893763571810e-02,5.993699461003775468e+02,1.491471520955311991e-02,nan,1.198771150100839478e+01,1.000000000000000000e+00
6.910000000000000000e+02,1.318105893188924824e+02,4.991738165846229869e+00,-3.410130808189028306e-02,8.836155179695701918e+02,1.032363772895128484e-02,nan,2.212556202185206899e+01,1.000000000000000000e+00
6.910000000000000000e+02,1.908797545553223074e+01,1.675567969132066537e+01,-3.304875294303902949e-02,8.565405428753484784e+02,1.624402432734989299e-01,nan,1.553132057079286987e+01,1.000000000000000000e+00
6.910000000000000000e+02,2.893237071092306678e+01,3.467465727297781086e+01,-5.409040553725840555e-02,1.397796956816302554e+03,5.168591638766806273e-02,nan,1.531043718045308744e+01,1.000000000000000000e+00
6.920000000000000000e+02,1.185155954952178945e+02,4.412617017124051699e+01,-4.579459319976080661e-02,1.184402993751128406e+03,7.599012218323819567e-03,nan,2.144590356532286890e+01,1.000000000000000000e+00
6.920000000000000000e+02,2.677300574140793188e+01,4.983205248406309806e+01,-2.976746006936031516e-02,7.721355368548013303e+02,2.390608315902043035e-02,nan,1.531043718045308744e+01,1.000000000000000000e+00
6.920000000000000000e+02,8.809300409693412348e+01,5.279110151180703525e+01,-3.654310165941257460e-02,9.464260044290250562e+02,1.103074698523964781e-02,nan,1.030723165404314479e+01,1.000000000000000000e+00
6.930000000000000000e+02,9.948233831736594368e+01,2.317454889755471825e+01,-4.322633050030966206e-02,1.118339330142067411e+03,8.720219742951007547e-03,nan,2.248486017659793390e+01,1.000000000000000000e+00
6.940000000000000000e+02,6.483248782275829569e+01,5.344439665078900248e+01,-2.823867241544714829e-02,7.328103878661914905e+02,1.245698760449687192e-02,nan,2.326968869322956834e+01,1.000000000000000000e+00
6.960000000000000000e+02,4.233688638549178052e+01,1.448709554661754417e+01,-3.240714433970770525e-02,8.400363842671896464e+02,1.099672776828453102e-02,nan,2.335933075776767609e+01,1.000000000000000000e+00
6.970000000000000000e+02,9.757308238728896299e+01,4.874546930177461235e+01,1.619125452206392245e-03,-4.807327106697604790e+01,2.829072364676207263e-01,nan,1.030723165404314479e+01,1.000000000000000000e+00
6.980000000000000000e+02,1.210388052789240589e+02,2.956889556444830092e+01,-1.860465229364972536e-02,4.849935797704432048e+02,1.004443466272442187e-02,nan,2.248486017659793390e+01,1.000000000000000000e+00
6.990000000000000000e+02,2.233817556722292608e+01,3.289448467303906654e+01,-1.120045539776858556e-01,2.887528058541717655e+03,1.259835410461074279e-02,nan,1.779827134813350042e+01,1.000000000000000000e+00
7.010000000000000000e+02,8.314613215421486814e+01,1.712835146533267050e+01,-2.677772261074549964e-02,6.952302382700619319e+02,1.089143276652071446e-02,nan,2.213774854512164225e+01,1.000000000000000000e+00
7.030000000000000000e+02,3.431298325906970348e+01,1.972700793202763236e+01,-6.960387468556752943e-02,1.796851386661998731e+03,1.431390519316821930e-02,nan,1.779827134813350042e+01,1.000000000000000000e+00
7.040000000000000000e+02,4.866266728716882994e+01,3.026568987856266446e+01,-4.720514908007767546e-02,1.220686855678084612e+03,1.095429231670574932e-02,nan,1.780385488809955774e+01,1.000000000000000000e+00
7.060000000000000000e+02,7.013524470496432173e+01,3.503915039865694325e+01,-7.013161414207727540e-02,1.810426478468432606e+03,9.624850425476561000e-03,nan,2.199676126842584978e+01,1.000000000000000000e+00
7.100000000000000000e+02,1.269272042535411060e+02,1.011694057152549853e+01,-4.419463976384874898e-02,1.143247240641119788e+03,8.041390782032786788e-02,nan,2.908647975348160841e+01,1.000000000000000000e+00
7.130000000000000000e+02,1.574905462609202189e+01,3.059608368930052080e+01,-2.460162668148370771e-02,6.392543174725043400e+02,1.239102433098115963e-02,nan,1.416195451175147646e+01,1.000000000000000000e+00
7.130000000000000000e+02,1.201112115601338246e+02,3.839353067806263908e+01,-3.185149261156488415e-02,8.257433024653684015e+02,8.846436194293705313e-03,nan,1.710033164756739410e+01,1.000000000000000000e+00
7.150000000000000000e+02,1.555723066921022557e+01,1.643542836680628838e+01,-2.982635517344710274e-02,7.736505011711236648e+02,1.099427077550263476e-02,nan,1.416195451175147646e+01,1.000000000000000000e+00
7.160000000000000000e+02,7.091839783014592058e+01,1.822485478777045742e+01,-2.586194644973298720e-02,6.716736417212520109e+02,1.245223932481553941e-02,nan,2.204732878263506635e+01,1.000000000000000000e+00
7.170000000000000000e+02,1.390923528387284875e+02,3.074493354452587468e+01,-1.480210806856820972e-03,4.449995654478664164e+01,3.592400715066638162e-01,nan,1.791081851198472918e+01,1.000000000000000000e+00
7.180000000000000000e+02,1.337516336886337740e+02,4.870664013220515898e+01,-2.384559418646313780e-02,6.198068223080758798e+02,2.215694860875916383e-02,nan,8.744189202797054250e+00,1.000000000000000000e+00
7.200000000000000000e+02,1.054156856750646512e+02,2.154342217556683536e+01,-5.915990040852413256e-02,1.528200051450949331e+03,9.571743075467931128e-03,nan,1.415843755240663526e+01,1.000000000000000000e+00
7.210000000000000000e+02,9.275735765805637811e+01,1.520086072618206963e+01,-1.233942027333320354e-02,3.238324256909308474e+02,2.526801823463509233e-02,nan,1.415843755240663526e+01,1.000000000000000000e+00
7.210000000000000000e+02,1.424877493745134416e+02,4.833097068010688702e+01,-4.954099741934191864e-02,1.280772102783030505e+03,1.063300496891572688e-02,nan,8.744189202797054250e+00,1.000000000000000000e+00
7.230000000000000000e+02,6.278082727097913818e+01,3.817499454132734371e+01,-7.074510075048602575e-02,1.826207252349251348e+03,1.138984350170346715e-02,nan,8.455559297236773020e+00,1.000000000000000000e+00
7.240000000000000000e+02,1.120757637655618737e+02,5.786975381506120009e+00,-2.955594666090217634e-02,7.666947575029964810e+02,1.061738860131931084e-01,nan,1.710620518249407951e+01,1.000000000000000000e+00
7.250000000000000000e+02,1.393332103312140191e+02,7.097599861032755975e+00,-1.338236766104833027e-03,4.084794490615524154e+01,3.623152615272499100e-01,nan,2.728893786510784025e+01,1.000000000000000000e+00
7.250000000000000000e+02,1.177210047697423647e+02,3.478009158444837112e+01,-1.539201741014434950e-03,4.601738590705777909e+01,2.623893106063601710e-01,nan,1.807291606415135732e+01,1.000000000000000000e+00
7.300000000000000000e+02,1.004400243292490273e+02,5.246775543177412260e+01,-3.185069570568886677e-02,8.257228035803703960e+02,9.700669874345924093e-03,nan,1.994094721666489889e+01,1.000000000000000000e+00
7.300000000000000000e+02,2.816192719722987192e+01,4.960706633970059443e+01,-9.712597331252702249e-02,2.504804925019046095e+03,8.985660722270361056e-03,nan,2.697925499242082381e+01,1.000000000000000000e+00
7.310000000000000000e+02,1.270922310277350391e+02,1.478699326757040211e+01,-5.497181871829619204e-02,1.420469631190741666e+03,7.895640922988111932e-03,nan,3.563264519940727126e+01,1.000000000000000000e+00
7.320000000000000000e+02,7.795902046526305185e+01,4.381151012116344390e+01,-2.536519541984894738e-02,6.588956681351670568e+02,4.936437982618691045e-02,nan,7.616086860027158068e+00,1.000000000000000000e+00
7.320000000000000000e+02,7.956574094300650302e+01,1.567030080807285941e+01,-2.724502010429230917e-02,7.072505757634310157e+02,5.029652375853743695e-02,nan,9.089020908028787815e+00,1.000000000000000000e+00
7.320000000000000000e+02,7.927765919062463240e+01,6.585846505775498017e+00,-9.885135022634189417e-02,2.549186958078773841e+03,1.331795457953355299e-02,nan,9.089020908028787815e+00,1.000000000000000000e+00
7.330000000000000000e+02,1.201942953236017644e+02,4.974559574147495056e+01,-3.290687909843870856e-02,8.528911085917750370e+02,7.628617055701836236e-03,nan,1.994094721666489889e+01,1.000000000000000000e+00
7.330000000000000000e+02,6.224003776210236794e+01,3.687011341303407619e+01,-1.555640867463111820e-03,4.644025110693172564e+01,3.319184797092140649e-01,nan,1.718340494436111499e+01,1.000000000000000000e+00
7.360000000000000000e+02,8.075975665634915401e+01,5.089392890625507704e+01,-8.141069866225243701e-02,2.100559433215726585e+03,9.389986524606874774e-03,nan,7.616086860027158068e+00,1.000000000000000000e+00
7.380000000000000000e+02,1.433822046904822116e+02,1.362176808926044025e+01,-2.492474362774460897e-02,6.475658851515930792e+02,1.122013237584285061e-02,nan,2.922938823458351365e+01,1.000000000000000000e+00
7.380000000000000000e+02,7.996466860538095034e+01,7.623173432377095438e+00,-1.746565896644466844e-03,5.135143363708441910e+01,2.744750656550508650e-01,nan,1.293445451353786702e+01,1.000000000000000000e+00
7.390000000000000000e+02,2.968388713786268340e+01,2.964418994859371281e+01,-1.716639264179561225e-02,4.479970911157267324e+02,1.359944263001322540e-02,nan,7.333765051274514057e+00,1.000000000000000000e+00
7.390000000000000000e+02,8.412928297458547888e+01,1.986882983448944984e+01,-1.242089107877349238e-03,3.837472962669923504e+01,3.732262330377730253e-01,nan,9.941176087740492662e+00,1.000000000000000000e+00
7.420000000000000000e+02,5.576490105720379731e+00,3.531847158452821844e+01,1.267787170499184686e-03,-3.903576331488710593e+01,3.710106238147428126e-01,nan,2.476618791314576029e+01,1.000000000000000000e+00
7.420000000000000000e+02,5.920984514915780039e+01,1.420138676704439895e+01,-1.507993381404313738e-03,4.521461032981084571e+01,3.284222780454852941e-01,nan,7.414904651001053004e+00,1.000000000000000000e+00
7.420000000000000000e+02,1.272193275519509825e+02,3.797579320160591010e+01,1.391840553319430730e-03,-4.222680017959501697e+01,3.539240063465698416e-01,nan,1.641409932737192179e+01,1.000000000000000000e+00
7.460000000000000000e+02,1.330328853337510679e+02,5.332588123544151415e+01,-1.840303573909122430e-03,5.376265674896870905e+01,2.901747849782194688e-01,nan,1.641409932737192179e+01,1.000000000000000000e+00
7.460000000000000000e+02,5.834784109625258708e+01,2.156601574590083814e+01,1.293848200187790827e-03,-3.970613363916186955e+01,3.640543527052441108e-01,nan,7.414904651001053004e+00,1.000000000000000000e+00
7.480000000000000000e+02,1.317514820086022098e+02,2.132854372202420734e+01,-3.382379296420143927e-02,8.764769704271620867e+02,8.397841314304432814e-03,nan,1.803533921543436946e+01,1.000000000000000000e+00
7.480000000000000000e+02,1.104181280170091028e+01,4.650700613549297913e+01,-3.898594132314037175e-02,1.009263399462591565e+03,8.122075437005271681e-03,nan,1.373556272383271093e+01,1.000000000000000000e+00
7.480000000000000000e+02,2.351064194813155694e+01,5.226842810037840792e+01,-4.661280310462997956e-02,1.205449884292517027e+03,1.197640071146255369e-02,nan,1.373556272383271093e+01,1.000000000000000000e+00
7.490000000000000000e+02,8.698538350398742125e+01,2.934817830470827715e+01,-3.074504076982816428e-02,7.972819374002830273e+02,1.078427976818363554e-02,nan,1.291732805684730856e+01,1.000000000000000000e+00
7.500000000000000000e+02,9.630823555381327594e+01,2.040716081309847141e+01,-2.708656999979149396e-02,7.031747487832707293e+02,8.417818861130355046e-03,nan,6.546566566155918032e+00,1.000000000000000000e+00
7.510000000000000000e+02,6.651709037167863414e+01,5.496172867523701377e+00,-2.028340428368281476e-02,5.281762755189307654e+02,1.523852850620044386e-02,nan,1.618560422595643544e+01,1.000000000000000000e+00
7.530000000000000000e+02,2.823692135632285272e+01,1.841633932092464931e+01,-4.923174146542404206e-02,1.272817082717094308e+03,1.093235665427227943e-02,nan,1.236478470103875793e+01,1.000000000000000000e+00
7.530000000000000000e+02,1.414741656735488959e+02,6.138320452856511622e+00,-2.314314247411105099e-02,6.017375906689781004e+02,1.063765795840621031e-02,nan,1.803533921543436946e+01,1.000000000000000000e+00
7.540000000000000000e+02,3.484807374103689170e+01,2.886528973946583321e+01,-3.025096186304954832e-02,7.845726990888241517e+02,1.403922479231867193e-02,nan,1.236478470103875793e+01,1.000000000000000000e+00
7.540000000000000000e+02,1.057835719812510433e+02,4.298963001354994873e+01,-3.287927440575336840e-02,8.521810304786655479e+02,2.141487723979640379e-02,nan,7.750535189047456086e+00,1.000000000000000000e+00
7.550000000000000000e+02,5.041053378791333728e+01,7.093864694274291338e+00,-3.099088638120941000e-02,8.036058472454578805e+02,1.209556610643536256e-02,nan,1.618560422595643544e+01,1.000000000000000000e+00
7.550000000000000000e+02,7.046499454442223964e+01,2.189489736283548993e+01,-5.636712250003458879e-02,1.456361161947667597e+03,8.293356176849342454e-03,nan,1.686724969964888032e+01,1.000000000000000000e+00
7.550000000000000000e+02,9.495762536294262190e+01,1.400143010400471333e+01,-3.552521503274477105e-02,9.202428107429915372e+02,3.733161815090735303e-02,nan,4.420760923374884577e+00,1.000000000000000000e+00
7.560000000000000000e+02,1.028183333889349029e+02,3.582875326504338886e+01,-2.305254246400682827e-02,5.994070780653484007e+02,4.319098965777201649e-02,nan,7.750535189047456086e+00,1.000000000000000000e+00
7.590000000000000000e+02,9.350011844502249403e+01,9.827846424976181439e+00,-2.545855793590555069e-02,6.612972409399183107e+02,1.216200456247102935e-01,nan,4.420760923374884577e+00,1.000000000000000000e+00
7.600000000000000000e+02,8.160455063772927531e+01,5.613216018623384151e+00,-2.860842291411851840e-02,7.423215148115497186e+02,8.924644831575623272e-03,nan,1.262012848270826204e+01,1.000000000000000000e+00
7.600000000000000000e+02,1.413762030505565974e+02,3.499536365836855367e+01,-3.397782160614150337e-02,8.804390637089218217e+02,1.269633594040997515e-02,nan,1.113234961307283655e+01,1.000000000000000000e+00
7.610000000000000000e+02,4.129360212271273411e+01,8.485804160059601031e+00,-3.463389683860974844e-02,8.973153487825949242e+02,1.000955253136215362e-02,nan,2.055805664822997514e+01,1.000000000000000000e+00
7.610000000000000000e+02,1.388948490329512993e+02,2.414307863875185589e+01,-4.739342754942920538e-02,1.225529960500160087e+03,6.734968682770681170e-03,nan,1.113234961307283655e+01,1.000000000000000000e+00
7.620000000000000000e+02,5.200321656483531285e+01,5.072276172980628672e+01,-8.096107031802250720e-02,2.088993600916463492e+03,8.952771793119151944e-03,nan,1.830695766986825035e+01,1.000000000000000000e+00
7.640000000000000000e+02,2.073811603000722670e+01,8.810895907760418311e+00,-4.666001540146697685e-02,1.206664330656246420e+03,1.016849626742932777e-02,nan,2.055805664822997514e+01,1.000000000000000000e+00
7.640000000000000000e+02,1.430831459063087436e+02,4.840325466283282196e+01,-5.982388867851327896e-02,1.545279884334984217e+03,7.924795575225851429e-03,nan,1.351610872627166771e+01,1.000000000000000000e+00
7.670000000000000000e+02,8.219493860891000736e+01,2.712935006392835646e+01,-3.432769636761870413e-02,8.894389251921221557e+02,8.607386692313312437e-03,nan,2.018499824707488699e+01,1.000000000000000000e+00
7.670000000000000000e+02,6.748318364871100528e+01,4.094956787065905957e+01,-8.900697735857772408e-02,2.295959226461939124e+03,8.289039350629523462e-03,nan,1.830695766986825035e+01,1.000000000000000000e+00
7.670000000000000000e+02,1.281132267811418899e+02,4.610854187966875628e+01,-4.913004636452356771e-02,1.270201170046628476e+03,8.677621399130752700e-03,nan,1.514477419347191578e+01,1.000000000000000000e+00
7.670000000000000000e+02,2.937475814289713227e+01,3.971258703981071392e+01,-2.325922565182466512e-02,6.047236091961256079e+02,1.343740638854862279e-02,nan,1.495560500210405586e+01,1.000000000000000000e+00
7.710000000000000000e+02,3.146605547843842388e+01,2.490392077868787979e+01,-6.735097269852291513e-02,1.738899776397165624e+03,9.060912704935808470e-03,nan,1.495560500210405586e+01,1.000000000000000000e+00
7.710000000000000000e+02,1.113822524895182937e+02,2.880667956647065964e+01,-2.118500070957448148e-02,5.513681254040566273e+02,9.845322492267105652e-03,nan,1.234092626417170457e+01,1.000000000000000000e+00
7.710000000000000000e+02,1.136613906025337570e+02,4.093532295802617682e+01,-4.526637182599281550e-02,1.170815505541615494e+03,7.352593182151534457e-03,nan,1.234092626417170457e+01,1.000000000000000000e+00
7.730000000000000000e+02,4.792517248605506097e+01,3.594288931552287636e+01,-4.258877740046605742e-02,1.101939491632563204e+03,1.701074874978236728e-02,nan,1.981820776527605688e+01,1.000000000000000000e+00
7.750000000000000000e+02,9.151195519356252817e+01,2.584264483097925336e+01,-1.315514871169377181e-02,3.448154852353123943e+02,1.943615563198941576e-02,nan,2.009015222796648104e+01,1.000000000000000000e+00
7.780000000000000000e+02,8.324909623418098192e+01,5.094179107817647889e+01,-2.841435812823709176e-02,7.373295680237172292e+02,8.284887694426923410e-03,nan,2.642426877930260787e+01,1.000000000000000000e+00
7.800000000000000000e+02,5.698174746429895521e+00,4.958666406856634978e+01,-4.182718963593747008e-02,1.082349097746709504e+03,9.262413066094210556e-03,nan,3.303645033003217435e+01,1.000000000000000000e+00
7.850000000000000000e+02,3.803469686540869787e+01,4.282231726658483240e+01,-2.543132746807769129e-02,6.605967890481077802e+02,1.402384507276066561e-02,nan,1.215597673218564267e+01,1.000000000000000000e+00
7.890000000000000000e+02,3.306795144918432783e+01,3.172730891670726550e+01,1.502878102640441528e-03,-4.508302953178919381e+01,3.280514311825365459e-01,nan,1.215597673218564267e+01,1.000000000000000000e+00
7.900000000000000000e+02,1.058613094704394513e+02,5.214024073804889525e+01,-5.548471886389529789e-02,1.433663010003251202e+03,1.511158772518705895e-02,nan,3.394004704325332256e+01,1.000000000000000000e+00
7.940000000000000000e+02,7.326580457687347803e+01,9.879575820778343953e+00,-3.971697840050377598e-02,1.028067935141518774e+03,1.023637939015098475e-02,nan,2.361938128368466749e+01,1.000000000000000000e+00
7.950000000000000000e+02,1.117467000915478792e+02,1.842710931205227354e+01,-8.599229789971242488e-02,2.218412342452687881e+03,8.161312139041587699e-03,nan,3.422299012812223395e+01,1.000000000000000000e+00
7.950000000000000000e+02,7.779134874232512686e+01,3.306134931269694732e+01,-7.790735110720964363e-02,2.010442493686357238e+03,8.670232878447481362e-03,nan,1.833980074952103223e+01,1.000000000000000000e+00
7.970000000000000000e+02,5.910367316169383400e+01,4.268839152884344657e+01,-5.358526880038191886e-02,1.384803276898466265e+03,1.373180215728420084e-02,nan,1.029951884347197044e+01,1.000000000000000000e+00
7.980000000000000000e+02,6.769367358835792459e+01,4.837099490026969306e+01,-4.945831282042647409e-02,1.278645199047845153e+03,1.624223740321062426e-02,nan,1.029951884347197044e+01,1.000000000000000000e+00
7.990000000000000000e+02,5.393713373139459577e+01,5.295965884711493032e+01,-3.885609644599891804e-02,1.005923387443312322e+03,4.053471093428784311e-02,nan,1.149748068092435105e+01,1.000000000000000000e+00
7.990000000000000000e+02,2.080673304508266952e+01,5.169873854930315105e+01,-2.368380342132992561e-02,6.156450631994389369e+02,7.220477026842131441e-02,nan,1.559758297431023877e+01,1.000000000000000000e+00
8.010000000000000000e+02,1.590598301272546777e+01,1.626728354526256481e+01,-2.851305958510223781e-02,7.398684749063568233e+02,1.040964416608114451e-02,nan,2.540161291561167900e+01,1.000000000000000000e+00
8.010000000000000000e+02,1.041338209634011349e+02,2.885444014451269013e+01,-7.421216650326252495e-02,1.915390911657495963e+03,8.668763666998535733e-03,nan,1.692285491671916020e+01,1.000000000000000000e+00
8.030000000000000000e+02,2.867072412787846858e+01,3.822868885042672815e+01,-1.761096607498826390e-03,5.172520848265925508e+01,3.104364609812212406e-01,nan,1.559758297431023877e+01,1.000000000000000000e+00
8.050000000000000000e+02,1.202476227834045091e+02,2.368448758786559694e+01,-2.009159972598282065e-02,5.232424687937523231e+02,3.354267019110901416e-02,nan,6.615060799949180392e+00,1.000000000000000000e+00
8.070000000000000000e+02,4.932913969471659499e+01,5.041826516412428560e+01,-2.955028762458306382e-02,7.665491895781041194e+02,1.987328346996741768e-02,nan,8.755670965039030307e+00,1.000000000000000000e+00
8.080000000000000000e+02,5.637394140390999553e+01,4.521898223989586540e+01,-2.625586731536651980e-02,6.818065052952802034e+02,4.447330661664450346e-02,nan,8.755670965039030307e+00,1.000000000000000000e+00
8.090000000000000000e+02,8.424108566298706080e+01,1.593068349778603654e+01,-3.683972203733721501e-02,9.540559983821332253e+02,9.308971574348401390e-03,nan,2.160348144926852498e+01,1.000000000000000000e+00
8.100000000000000000e+02,1.249859825408949092e+02,1.906853956003644868e+01,-4.242533372145818049e-02,1.097735214464456021e+03,7.510422251741699640e-03,nan,6.615060799949180392e+00,1.000000000000000000e+00
8.100000000000000000e+02,6.385777639811139217e+00,3.166875556815593384e+01,-4.221746429003476325e-02,1.092388169477547535e+03,1.118196028458062763e-02,nan,4.661601126357691527e+01,1.000000000000000000e+00
8.110000000000000000e+02,8.580073720493518863e+01,4.013850672052013380e+01,-4.367208681896998096e-02,1.129805561962465390e+03,1.356374892715428437e-02,nan,2.425801348246482902e+01,1.000000000000000000e+00
8.140000000000000000e+02,6.416269159062213134e+01,7.957697720568685185e+00,-1.579541362200227728e-02,4.127312685041756026e+02,1.110405780302503587e-02,nan,2.160348144926852498e+01,1.000000000000000000e+00
8.160000000000000000e+02,1.258838606917402387e+02,1.976405456989304099e+01,-4.007855761700199193e-02,1.037368871424972667e+03,8.135111854796317488e-03,nan,1.382168829266360355e+01,1.000000000000000000e+00
8.170000000000000000e+02,9.121094598896018368e+00,5.000425015837488019e+01,-1.701021137747202143e-03,5.017988150903002520e+01,3.553756281277670181e-01,nan,2.500036577955766148e+01,1.000000000000000000e+00
8.190000000000000000e+02,1.196733530966655579e+01,2.516643215984630189e+01,-3.696608918102349539e-02,9.573065523357895472e+02,9.509495729250749818e-03,nan,1.762502525876153214e+01,1.000000000000000000e+00
8.210000000000000000e+02,1.121346719489451829e+02,1.835023839564978232e+01,-2.961661122199982232e-02,7.682552377288716343e+02,9.300162362789077264e-03,nan,1.382168829266360355e+01,1.000000000000000000e+00
8.230000000000000000e+02,6.858870584710055596e+01,6.932336518296075667e+00,-1.275668500899436930e-03,3.923849551999424534e+01,3.732102332223130592e-01,nan,2.777925104309857218e+01,1.000000000000000000e+00
8.250000000000000000e+02,1.340713580571443799e+02,8.839406076622253750e+00,-3.213513170051632978e-02,8.330393774980640273e+02,1.067969991738748625e-02,nan,2.390970783615555106e+01,1.000000000000000000e+00
8.260000000000000000e+02,9.640001182645754341e+01,3.577523313946385031e+01,-2.358193702660563162e-02,6.130247443217899672e+02,6.472200011420403687e-02,nan,9.260518595307202006e+00,1.000000000000000000e+00
8.270000000000000000e+02,1.049303291913979876e+02,3.201893668761172052e+01,-5.928034731299618859e-02,1.531298318533010161e+03,1.291383157357606226e-02,nan,9.320733736182006623e+00,1.000000000000000000e+00
8.280000000000000000e+02,1.027173742053208514e+02,5.615762077292703935e+00,-1.707215567503728160e-02,4.455730247331128453e+02,1.176939576234525831e-02,nan,2.232981711430931782e+01,1.000000000000000000e+00
8.290000000000000000e+02,1.192692561149142421e+02,4.439956625267344492e+01,-3.768099137321970216e-02,9.756960488420168076e+02,9.614233272491778948e-03,nan,1.632879530885563568e+01,1.000000000000000000e+00
8.300000000000000000e+02,1.951316807019140143e+01,2.625687899628513478e+01,-2.003306255921913359e-02,5.217367117329461053e+02,1.524249665419241673e-02,nan,3.394378031015322250e+01,1.000000000000000000e+00
8.310000000000000000e+02,1.328074802440846156e+02,3.527016081382613066e+01,-2.608830126288880225e-02,6.774961879256621842e+02,1.041982920172002114e-02,nan,1.632879530885563568e+01,1.000000000000000000e+00
8.340000000000000000e+02,5.322671972621505176e+01,2.231015168361574652e+01,1.630465716452259928e-03,-4.836497775357666740e+01,3.076954567323355594e-01,nan,2.834617852363859924e+01,1.000000000000000000e+00
8.340000000000000000e+02,9.641061586700796227e+01,3.387012152783532315e+01,-1.629060846814021132e-03,4.832884015939090716e+01,2.747486124448178524e-01,nan,1.696969297522186437e+01,1.000000000000000000e+00
8.370000000000000000e+02,1.166736897964065776e+02,5.035857086877986433e+01,-2.950175232953460361e-02,7.653007116066204389e+02,8.518266737762125729e-03,nan,2.612395695022421904e+01,1.000000000000000000e+00
8.370000000000000000e+02,1.093940936233333971e+01,1.130363614145170637e+01,-4.436646046590504711e-02,1.147667000763067563e+03,1.001180632238884982e-02,nan,1.616267990462753090e+01,1.000000000000000000e+00
8.370000000000000000e+02,1.422040418692890853e+02,3.230346615993015291e+01,-6.207626991149195472e-02,1.603218099193871240e+03,9.808250585417899181e-03,nan,3.126956480370110825e+01,1.000000000000000000e+00
8.370000000000000000e+02,7.946091337606823402e+01,3.304667441846770970e+01,-1.191090414400280051e-03,3.706288542513421191e+01,3.305535536504076166e-01,nan,1.110961794881140285e+01,1.000000000000000000e+00
8.380000000000000000e+02,1.138289855239320225e+01,2.746023043102123395e+01,-1.548502324744850667e-02,4.047470676292444978e+02,1.695062751825493486e-02,nan,1.616267990462753090e+01,1.000000000000000000e+00
8.400000000000000000e+02,1.903522865279924048e+01,5.310957366345478192e+01,-1.513855216128462064e-03,4.536539485720004450e+01,3.579305309488703957e-01,nan,1.216636620996200158e+01,1.000000000000000000e+00
8.420000000000000000e+02,4.755093041651753083e+01,2.497109663533905533e+01,-2.414342074725411499e-02,6.274678430167998613e+02,1.282299340302706092e-02,nan,2.633250290786785186e+01,1.000000000000000000e+00
8.430000000000000000e+02,6.686527605486880077e+01,5.174396415625565027e+01,-1.486901886196875106e-03,4.467207180962981994e+01,2.809113278041911466e-01,nan,2.912763456497049575e+01,1.000000000000000000e+00
8.460000000000000000e+02,2.645647015608832575e+01,8.737093201467869719e+00,-2.759760471711607266e-02,7.163201430083620380e+02,1.176348894126577616e-02,nan,2.661802248796421111e+01,1.000000000000000000e+00
8.490000000000000000e+02,1.125632914100431634e+02,3.237289795989879337e+01,-1.462004109592180690e-01,3.767151312399003928e+03,2.144591602271439523e-02,nan,1.018100835452779940e+01,1.000000000000000000e+00
8.500000000000000000e+02,6.293947349044049133e+01,8.336888664274702876e+00,-3.072178693919705092e-02,7.966837769220873042e+02,9.976024589006671217e-02,nan,2.085085811304363901e+01,1.000000000000000000e+00
8.510000000000000000e+02,5.210631528356778119e+01,2.864673484665560110e+01,-3.797798117464422363e-02,9.833355455106498084e+02,1.104292429716091650e-02,nan,1.702776858600879706e+01,1.000000000000000000e+00
8.520000000000000000e+02,1.025477130291235000e+02,3.420077126257037037e+01,-3.414383027114949176e-02,8.847093202537919296e+02,1.845790611543474125e-02,nan,1.018100835452779940e+01,1.000000000000000000e+00
8.530000000000000000e+02,1.018164156697170171e+02,4.451769849192468342e+01,-4.081263517899594295e-02,1.056251617776773855e+03,9.221219010036474373e-03,nan,1.034281312234091033e+01,1.000000000000000000e+00
8.540000000000000000e+02,4.295555171930492833e+01,1.428677561239496008e+01,-3.069739228440180462e-02,7.960562709163360751e+02,1.480770956771015889e-02,nan,8.649600230031355252e+00,1.000000000000000000e+00
8.580000000000000000e+02,3.478558279080917970e+01,1.144649537150806751e+01,-3.629938233399619685e-02,9.401567892382364562e+02,1.002819748242755882e-02,nan,8.649600230031355252e+00,1.000000000000000000e+00
8.610000000000000000e+02,9.526628609314336416e+01,1.429552740134364441e+01,-2.258701428883560375e-02,5.874322529154038648e+02,9.693094630114362786e-03,nan,1.117138857452923517e+01,1.000000000000000000e+00
8.610000000000000000e+02,2.356522216936376779e+01,1.607971536508897614e+01,-2.993766769016084628e-02,7.765138035354909789e+02,1.093033227077844227e-02,nan,1.213932535127882417e+01,1.000000000000000000e+00
8.610000000000000000e+02,5.449949464708303992e+01,3.803735506732258642e+01,-3.809333140042778232e-02,9.863027102461820732e+02,1.108322834692099246e-02,nan,3.139631431221059543e+01,1.000000000000000000e+00
8.610000000000000000e+02,1.331190998576442723e+02,5.169215813762028233e+01,1.495412149078069117e-03,-4.489098210425350999e+01,3.260558205511834284e-01,nan,3.610569009095880944e+01,1.000000000000000000e+00
8.620000000000000000e+02,1.061532534633666813e+02,1.680029568659781347e+01,-3.390249263431242832e-02,8.785013694629259362e+02,9.486168569508790505e-03,nan,1.117138857452923517e+01,1.000000000000000000e+00
8.660000000000000000e+02,5.638222558305815646e+00,3.521325032448448411e+01,-2.937333930117094413e-02,7.619975311684781900e+02,1.252599530275999573e-02,nan,2.621963911073685694e+01,1.000000000000000000e+00
8.660000000000000000e+02,1.019349783725240854e+02,3.349404218718115800e+01,-1.311224738404258468e-03,4.015311197033805257e+01,3.694714328043697815e-01,nan,1.660776967938103965e+01,1.000000000000000000e+00
8.690000000000000000e+02,1.362768506968357372e+02,4.623538150527489421e+01,-3.989408109981223277e-02,1.032623564576884064e+03,9.573932427073716944e-03,nan,2.927621916501052723e+01,1.000000000000000000e+00
8.710000000000000000e+02,8.823859249455668419e+01,1.381979910471880579e+01,-3.670507206015080626e-02,9.505923843212697193e+02,8.189331408588274019e-02,nan,1.176054374288623094e+01,1.000000000000000000e+00
8.710000000000000000e+02,1.210284164818018127e+02,2.124373765002775016e+01,-6.943363769091225046e-02,1.792472364394873466e+03,9.090341953940206388e-03,nan,2.268544335219879216e+01,1.000000000000000000e+00
8.710000000000000000e+02,3.360979886801166572e+01,4.609897560359293323e+01,-3.975111429729813461e-02,1.028946016033827163e+03,9.360407563061889924e-03,nan,1.108601744072908701e+01,1.000000000000000000e+00
8.720000000000000000e+02,1.421094962314115264e+02,7.443416071038747361e+00,-3.319888560586024828e-02,8.604024195188372914e+02,9.425082332368051041e-03,nan,2.519644417557593030e+01,1.000000000000000000e+00
8.720000000000000000e+02,2.267693612767408240e+01,4.793535655456353339e+01,-1.779065112721023648e-02,4.640549510045719330e+02,1.865577763990455828e-02,nan,1.108601744072908701e+01,1.000000000000000000e+00
8.730000000000000000e+02,8.916697838339096904e+01,3.210436562360446544e+01,-7.949228545997809314e-02,2.051211909504340383e+03,1.418158920403178591e-02,nan,1.830812041532776036e+01,1.000000000000000000e+00
8.740000000000000000e+02,4.971613644123729614e+01,3.986614948724282215e+01,1.432455267960884614e-03,-4.327153631434650549e+01,3.419681554632553189e-01,nan,1.685733351528289603e+01,1.000000000000000000e+00
8.750000000000000000e+02,9.709047541667824532e+01,4.904625868105745923e+01,-3.511903481032055407e-02,9.097945985781607305e+02,8.318122868629651556e-03,nan,1.870319613346035226e+01,1.000000000000000000e+00
8.760000000000000000e+02,7.776360586465999347e+01,8.473300789762927110e+00,-5.846676751462725335e-02,1.510370528657753539e+03,8.205936176367334411e-03,nan,1.176054374288623094e+01,1.000000000000000000e+00
8.760000000000000000e+02,4.573217760167485579e+01,2.169917784483351042e+01,1.544783050078690203e-03,-4.616095444644355439e+01,3.716478261454126963e-01,nan,3.536086600649603007e+00,1.000000000000000000e+00
8.780000000000000000e+02,4.330857874973250432e+01,2.427407144499592917e+01,-1.706008946531229441e-03,5.030818338473952167e+01,2.854201806250337148e-01,nan,3.536086600649603007e+00,1.000000000000000000e+00
8.800000000000000000e+02,1.344263529597716342e+02,4.741837814935473716e+01,-1.767175907482377781e-02,4.609966795293336759e+02,3.189289081792989755e-02,nan,2.597626871791761261e+01,1.000000000000000000e+00
8.830000000000000000e+02,3.317354144227655155e+01,3.078633361926814516e+01,-7.695068193195625517e-02,1.985834002275955754e+03,9.219875356686668688e-03,nan,1.204693072321662761e+01,1.000000000000000000e+00
8.840000000000000000e+02,1.362695199952408132e+02,2.150758364619785468e+01,-4.918126802843242329e-02,1.271518749737636881e+03,1.394720823816741895e-02,nan,7.709877602222750426e+00,1.000000000000000000e+00
8.850000000000000000e+02,8.282465442376415865e+01,2.884584514382640563e+01,-5.058364123883913460e-02,1.307592128074855736e+03,1.031455141755088789e-02,nan,1.243321428831696274e+01,1.000000000000000000e+00
8.860000000000000000e+02,1.370870002855490668e+02,2.917399992867388292e+01,-2.930058004935182439e-02,7.601259380726268091e+02,6.258898024038517249e-02,nan,7.709877602222750426e+00,1.000000000000000000e+00
8.870000000000000000e+02,4.191544606392384509e+01,1.754065302185754405e+01,-3.134089665033060884e-02,8.126091944045632545e+02,1.356654829537573548e-02,nan,9.004901025111498925e+00,1.000000000000000000e+00
8.870000000000000000e+02,1.058233487021380483e+02,1.795598247561669680e+01,-1.521776455713468555e-03,4.556915365003010976e+01,3.326280945209089124e-01,nan,1.409542378335920709e+01,1.000000000000000000e+00
8.890000000000000000e+02,5.271784219805457639e+01,1.777702276434119710e+01,-7.029886136606254554e-02,1.814728594582673395e+03,8.775384252564299992e-03,nan,9.347784934967378945e+00,1.000000000000000000e+00
8.890000000000000000e+02,7.943431698308596367e+01,4.080788633994108494e+01,-7.851487312163922538e-02,2.026069839753779434e+03,9.819768985212529167e-03,nan,1.243321428831696274e+01,1.000000000000000000e+00
8.900000000000000000e+02,7.909386645849056663e+01,5.230520390024563149e+00,-3.449285170378218329e-02,8.936872314786545530e+02,1.074778246478558241e-02,nan,2.390820658412831179e+01,1.000000000000000000e+00
8.900000000000000000e+02,4.354871194082245012e+01,2.639619846228145761e+01,-2.896407830528993990e-02,7.514700719774965592e+02,1.583068066403559015e-02,nan,9.004901025111498925e+00,1.000000000000000000e+00
8.910000000000000000e+02,2.834361510564477982e+01,1.489819065788968011e+01,-1.124447497723804479e-02,2.956670445844679875e+02,2.774140824521098558e-02,nan,1.331718723920817382e+01,1.000000000000000000e+00
8.910000000000000000e+02,5.458775415885509830e+01,8.618173903853421081e+00,-2.578545396559961747e-02,6.697060183385317487e+02,1.479640939000522737e-01,nan,9.347784934967378945e+00,1.000000000000000000e+00
8.920000000000000000e+02,2.394737555410548069e+01,5.271431624736212740e+01,-2.528744101521523610e-02,6.568955842524154605e+02,1.179982097184839596e-02,nan,1.785667689544948900e+01,1.000000000000000000e+00
8.950000000000000000e+02,1.973884562687510780e+01,4.734263356823277924e+00,-3.117621049799756267e-02,8.083729569779455915e+02,9.437161772501423407e-03,nan,1.331718723920817382e+01,1.000000000000000000e+00
8.970000000000000000e+02,6.525604270412532060e+01,3.705654150000324165e+01,-1.937633846448814272e-03,5.626629252789997082e+01,2.935112673754322055e-01,nan,3.220606567582647983e+01,1.000000000000000000e+00
8.990000000000000000e+02,4.393579469079151778e+01,1.291782382557851783e+01,-3.664666036332685922e-02,9.490898547355552637e+02,8.427515944882335575e-03,nan,2.554335541677206223e+01,1.000000000000000000e+00
9.000000000000000000e+02,1.188886059145366971e+02,2.644045313564212307e+01,-4.582096506283991205e-02,1.185081359672019062e+03,7.513080599955479499e-03,nan,3.749902517011479119e+01,1.000000000000000000e+00
9.020000000000000000e+02,8.742136909321287419e+01,6.044622788739730801e+00,-4.787461703190939305e-02,1.237907642934898149e+03,9.538005012425077034e-03,nan,1.596324742176938116e+01,1.000000000000000000e+00
9.020000000000000000e+02,1.216654276134447699e+01,3.593617258672091452e+01,-2.686846332823339054e-02,6.975643703029907101e+02,1.277201652673920496e-02,nan,2.605170979104465800e+01,1.000000000000000000e+00
9.030000000000000000e+02,8.122578500670390156e+01,2.075652294050882674e+01,-3.003571078915197312e-02,7.790357754164531343e+02,8.490256879737145823e-03,nan,1.596324742176938116e+01,1.000000000000000000e+00
9.040000000000000000e+02,3.734356268394898848e+01,4.263014381862709712e+01,-7.598146988821619097e-02,1.960902869476659816e+03,8.982495328071271601e-03,nan,2.605170979104465800e+01,1.000000000000000000e+00
9.080000000000000000e+02,1.322921450508580108e+02,4.202947982646161762e+01,-6.284403606901672878e-02,1.622967420465397709e+03,8.922899684616791838e-03,nan,1.901415898985171893e+01,1.000000000000000000e+00
9.090000000000000000e+02,6.509656540811842262e+01,3.810626048245679698e+01,-6.877703724744983760e-02,1.775582569269269243e+03,8.063304689620354182e-03,nan,2.811929374374533097e+01,1.000000000000000000e+00
9.090000000000000000e+02,9.893802530815462148e+01,5.165457249916417481e+01,-2.095526788915713992e-02,5.454586864003069877e+02,7.543672823633329472e-02,nan,3.022134330428707472e+01,1.000000000000000000e+00
9.100000000000000000e+02,1.702434919062215002e+01,3.279923608518761569e+01,-2.724854789992996185e-02,7.073413215832948708e+02,7.809503946891060977e-03,nan,3.046936905281143737e+01,1.000000000000000000e+00
9.130000000000000000e+02,1.186699563656509184e+02,2.876395241455767859e+01,-3.432015425463726122e-02,8.892449187086676829e+02,1.507839068364447144e-02,nan,1.901415898985171893e+01,1.000000000000000000e+00
9.160000000000000000e+02,1.542493271260048182e+01,3.772760758560715999e+01,-3.578076076077098266e-02,9.268162376033609462e+02,8.614066246355189804e-03,nan,2.137549664722338250e+01,1.000000000000000000e+00
9.180000000000000000e+02,3.918033044302303125e+01,1.694583911394902032e+01,-7.860989966341153101e-02,2.028514216448935940e+03,8.848274112891019172e-03,nan,2.420139790845396277e+01,1.000000000000000000e+00
9.200000000000000000e+02,1.245018601333782016e+02,3.709936499646330788e+01,-1.529779529865972487e-03,4.577501748115703606e+01,3.307419873131814958e-01,nan,1.150109038448345444e+01,1.000000000000000000e+00
9.210000000000000000e+02,1.498610640811614303e+01,1.635661583534085040e+01,-1.792655589712442493e-03,5.253700315820012889e+01,2.638078316886104391e-01,nan,2.137549664722338250e+01,1.000000000000000000e+00
9.210000000000000000e+02,5.537950242685667490e+01,5.119177412718891418e+01,-1.546349036719065753e-03,4.620123646846885634e+01,3.092149864260687053e-01,nan,2.390912662633707342e+01,1.000000000000000000e+00
9.220000000000000000e+02,8.396147548600724519e+01,2.231335910314946247e+01,-2.213531649482975913e-02,5.758131879644023456e+02,8.980573805615343908e-03,nan,2.084211524391199788e+01,1.000000000000000000e+00
9.240000000000000000e+02,1.250320076018105340e+02,4.611846051362317844e+00,-2.163553018117420068e-02,5.629571374876308028e+02,8.270170564902312726e-03,nan,1.398453361539945128e+01,1.000000000000000000e+00
9.250000000000000000e+02,1.137035717550898397e+02,3.314057122419121981e+01,-2.414958982475286491e-03,6.854457201439537073e+01,2.084338455360160713e-01,nan,1.150109038448345444e+01,1.000000000000000000e+00
9.260000000000000000e+02,1.176801289939987640e+02,1.650794042625010505e+01,-2.278660937820413748e-02,5.925664562213512454e+02,1.478127900303038977e-02,nan,1.398453361539945128e+01,1.000000000000000000e+00
9.290000000000000000e+02,9.997803790007793623e+00,1.346676344084164434e+01,-5.256234298055581511e-02,1.358490459571618430e+03,8.858140818087834045e-02,nan,3.840656502352032931e+01,1.000000000000000000e+00
9.300000000000000000e+02,1.391208301464990313e+02,4.528051481570599890e+01,-4.345363731153771558e-02,1.124186364682664589e+03,8.323115175053907855e-03,nan,2.738809374668966967e+01,1.000000000000000000e+00
9.320000000000000000e+02,1.335920607375821589e+02,4.948015898687761371e+00,-7.521734851145384093e-02,1.941247303244393606e+03,1.004233017000011330e-02,nan,1.333464015441687955e+01,1.000000000000000000e+00
9.340000000000000000e+02,1.358812442617795000e+02,1.808469229876439854e+01,-4.311036055963281266e-02,1.115356224421894922e+03,1.017092485766265542e-01,nan,1.333464015441687955e+01,1.000000000000000000e+00
9.350000000000000000e+02,7.296683950328387880e+01,1.355044760953635219e+01,-1.772103349290567523e-02,4.622641700323068790e+02,1.618399608294440739e-02,nan,2.064280716043193564e+01,1.000000000000000000e+00
9.370000000000000000e+02,7.633639747862484626e+01,3.849634619047250794e+01,-4.160398922029091145e-02,1.076607692406894103e+03,1.261855901314135053e-02,nan,9.551069963050435874e+00,1.000000000000000000e+00
9.390000000000000000e+02,6.129174671726085677e+01,3.797116062909864098e+01,-4.786827244761970857e-02,1.237744440594910884e+03,9.641007776677090746e-03,nan,1.505381467951846552e+01,1.000000000000000000e+00
9.400000000000000000e+02,1.887663025915302839e+01,1.552887350786063081e+01,-4.865931198095310023e-02,1.258092425107076906e+03,7.223212078645291356e-03,nan,1.161729689945455846e+01,1.000000000000000000e+00
9.400000000000000000e+02,1.138886486529993221e+02,4.825539972403650069e+01,-3.125575350358569121e-02,8.104190492117154463e+02,1.019143653531318083e-02,nan,2.092953396107651898e+01,1.000000000000000000e+00
9.400000000000000000e+02,8.295869725355309754e+01,3.161389872390441980e+01,-4.199276478491524578e-02,1.086608202917853305e+03,1.542293298327257478e-02,nan,9.551069963050435874e+00,1.000000000000000000e+00
9.420000000000000000e+02,1.136102564215195230e+02,2.732771734893086446e+01,-2.056021401021938810e-02,5.352966782182094221e+02,7.216193814270743800e-03,nan,1.525751063671917329e+01,1.000000000000000000e+00
9.420000000000000000e+02,2.717531724434287810e+01,4.859767714832661767e+01,-3.726677872555101551e-02,9.650412178451522323e+02,9.617279781293786023e-03,nan,2.609569876109691577e+01,1.000000000000000000e+00
9.430000000000000000e+02,9.859048368674599772e+00,2.907506651205470405e+01,-4.430131088062985029e-02,1.145991151837328516e+03,1.674822633164163577e-02,nan,6.794381887843234935e+00,1.000000000000000000e+00
9.440000000000000000e+02,1.219311597008891681e+02,1.453888630598662601e+01,-5.216347627024028183e-02,1.348230373568434288e+03,6.518303900772459691e-03,nan,1.525751063671917329e+01,1.000000000000000000e+00
9.450000000000000000e+02,1.424173650603260626e+02,3.926358969391318254e+01,-4.911594534093460113e-02,1.269838448087101597e+03,7.825209683865352872e-03,nan,2.991221000640875616e+01,1.000000000000000000e+00
9.450000000000000000e+02,9.432404967942353835e+00,2.229409308293231717e+01,-2.374291261844215656e-02,6.171655346508440516e+02,5.715524947840588954e-02,nan,6.794381887843234935e+00,1.000000000000000000e+00
9.470000000000000000e+02,6.870827292405125775e+01,1.214861311910047625e+01,-3.536627754476084906e-02,9.161544467515344650e+02,1.150410327087392215e-02,nan,1.813230655316597506e+01,1.000000000000000000e+00
9.490000000000000000e+02,5.201420837898139382e+01,5.071272523719532188e+00,-2.600843703370004506e-02,6.754418328269215408e+02,1.934402261709459170e-01,nan,1.813230655316597506e+01,1.000000000000000000e+00
9.510000000000000000e+02,1.133345733614711719e+02,3.342088262174134172e+01,-3.008846674482613340e-03,8.382120112041265259e+01,1.987189163728266816e-01,nan,7.676985110487059671e+00,1.000000000000000000e+00
9.540000000000000000e+02,8.767749032750444371e+01,9.613889298824643603e+00,-2.309831670573321560e-02,6.005845332018568570e+02,6.016794658945889829e-02,nan,5.959485714417121827e+00,1.000000000000000000e+00
9.540000000000000000e+02,2.559633993884514425e+01,2.959176630263680963e+01,-3.558938378441920541e-02,9.218934295935239334e+02,1.015783301456363308e-02,nan,2.786992464925847912e+01,1.000000000000000000e+00
9.540000000000000000e+02,1.191851324543020496e+02,3.839150216943697558e+01,-1.509746826346759644e-03,4.525971435941790588e+01,3.714102486931466496e-01,nan,7.676985110487059671e+00,1.000000000000000000e+00
9.540000000000000000e+02,4.843887601362797390e+00,4.819468064248874839e+01,-8.695058964422890113e-02,2.243062571365254371e+03,7.057800577246253759e-03,nan,2.786992464925847912e+01,1.000000000000000000e+00
9.580000000000000000e+02,9.147124678884009086e+01,5.017925646616786750e+00,-2.275612691656438494e-02,5.917823529860493181e+02,4.394611418495519839e-02,nan,5.959485714417121827e+00,1.000000000000000000e+00
9.580000000000000000e+02,1.201647277889272658e+02,6.136117195007757985e+00,-5.490103495944514272e-02,1.418648853886799770e+03,9.967890347338137502e-03,nan,2.267475565299830009e+01,1.000000000000000000e+00
9.590000000000000000e+02,1.071729823109195223e+02,2.491325535925213330e+01,-2.939174238650759177e-02,7.624709154680316487e+02,4.040836019167315385e-02,nan,7.470530896552330269e+00,1.000000000000000000e+00
9.600000000000000000e+02,9.972072473590242225e+01,2.543545159817309909e+01,-2.834973780430598625e-02,7.356673333374425283e+02,2.509341621172189729e-02,nan,7.470530896552330269e+00,1.000000000000000000e+00
9.620000000000000000e+02,1.284596346906794508e+02,2.723917534813907793e+01,-3.756113136485204895e-02,9.726128785437945226e+02,7.920239172079068801e-03,nan,2.141334801780055130e+01,1.000000000000000000e+00
9.660000000000000000e+02,8.776586705559307688e+01,1.474682577060359456e+01,-4.658780144509630516e-02,1.204806764246637840e+03,7.764839407838675100e-03,nan,1.900078988074535502e+01,1.000000000000000000e+00
9.660000000000000000e+02,6.420106028148751420e+01,2.085416150656664414e+01,-5.959612989494394303e-02,1.539421223667230151e+03,1.670999057477429162e-02,nan,5.476806596781141678e+00,1.000000000000000000e+00
9.680000000000000000e+02,5.110288813678896958e+01,8.301278249218253080e+00,-2.203033260735963103e-02,5.731126775268679694e+02,9.684652217121780815e-03,nan,1.814213305002403587e+01,1.000000000000000000e+00
9.680000000000000000e+02,1.232218431153469993e+02,2.690153269576763861e+01,-4.785199548803004826e-02,1.237325746828443698e+03,2.271448841954726294e-01,nan,6.224715947259219284e+00,1.000000000000000000e+00
9.690000000000000000e+02,1.225426992609414185e+02,3.308908893786244221e+01,-9.124511784406738601e-02,2.353531125230242196e+03,2.635656735550739871e-02,nan,6.224715947259219284e+00,1.000000000000000000e+00
9.700000000000000000e+02,2.945288819408301251e+01,2.794070230056637882e+01,-2.790028310912857565e-02,7.241059678291325099e+02,1.518179745615044762e-02,nan,2.923062562771859518e+01,1.000000000000000000e+00
9.710000000000000000e+02,6.966864860964182071e+01,2.053653220631834131e+01,-5.569651586348502853e-02,1.439111084196477123e+03,1.581737918972392354e-02,nan,5.476806596781141678e+00,1.000000000000000000e+00
9.730000000000000000e+02,1.277319267085651546e+02,2.047473253712641750e+01,-2.840175496073643266e-02,7.370053755575999048e+02,1.202269416277645941e-02,nan,7.851408427596058281e+00,1.000000000000000000e+00
9.740000000000000000e+02,1.039777827235528918e+02,2.655532116772188189e+01,-3.764160634024417418e-02,9.746829439247187565e+02,1.314142797762896109e-02,nan,8.634094165358273898e+00,1.000000000000000000e+00
9.760000000000000000e+02,9.764072750175623128e+01,1.516288831197170239e+01,-6.805334146055888600e-02,1.756966874297459754e+03,8.026135930484956660e-03,nan,1.068844002912339874e+01,1.000000000000000000e+00
9.780000000000000000e+02,5.491725637702682405e+01,1.228489256144808017e+01,-2.634316162470565215e-02,6.840519850463969078e+02,1.446876230283300480e-02,nan,3.328162010883186639e+01,1.000000000000000000e+00
9.780000000000000000e+02,1.077034044984157504e+02,1.876639797854216596e+01,-3.070159531423888657e-02,7.961643858491873971e+02,1.049327736518657073e-02,nan,8.634094165358273898e+00,1.000000000000000000e+00
9.780000000000000000e+02,6.838958287674378766e+01,4.764287038107070060e+01,1.524722322375737923e-03,-4.564493045598337062e+01,3.391808771511544141e-01,nan,3.631915471462017209e+00,1.000000000000000000e+00
9.800000000000000000e+02,8.800785634282094705e+00,3.984884258839095139e+01,-4.087224112543760834e-02,1.057784867158024326e+03,1.176417355604697512e-02,nan,8.449148862121656833e+00,1.000000000000000000e+00
9.810000000000000000e+02,1.182935350419332288e+01,4.773654777758464007e+01,-1.603300378933806766e-02,4.188428227836683391e+02,1.271297729885512151e-01,nan,8.449148862121656833e+00,1.000000000000000000e+00
9.810000000000000000e+02,6.609262638800703371e+01,5.045619597202090034e+01,-1.299500993939114047e-03,3.985154098589420357e+01,3.726380208581511200e-01,nan,3.631915471462017209e+00,1.000000000000000000e+00
9.830000000000000000e+02,7.922429116758375756e+01,3.501888246113917802e+01,-1.560246910355947252e-03,4.655873278262098580e+01,3.221464417258451673e-01,nan,1.663598433367179297e+01,1.000000000000000000e+00
9.860000000000000000e+02,8.285675494675234631e+01,9.464871355265485064e+00,1.818366439610387452e-03,-5.319836577469721561e+01,3.005318250767964328e-01,nan,1.629916783134304481e+01,1.000000000000000000e+00
9.860000000000000000e+02,9.438293789984761872e+01,5.204095365640387882e+01,-1.579970603608581506e-03,4.706608720413277069e+01,3.099118023388407472e-01,nan,2.279332091930076842e+01,1.000000000000000000e+00
9.870000000000000000e+02,2.950524895405137116e+01,4.203345348056224395e+01,-4.595381259989715639e-02,1.188498609395467611e+03,9.122366900588985139e-03,nan,3.211948899784707123e+01,1.000000000000000000e+00
9.890000000000000000e+02,3.853586250946202796e+01,1.120960569519235150e+01,-1.820873472309104957e-02,4.748093547673332182e+02,1.002534731537219059e-02,nan,1.639957220121809200e+01,1.000000000000000000e+00
9.900000000000000000e+02,1.266721503531087194e+02,1.326907730087478399e+01,-3.843245653169255482e-02,9.950260579777216208e+02,8.755035657360354939e-03,nan,4.219981406519487166e+01,1.000000000000000000e+00
9.910000000000000000e+02,7.531423603741696127e+01,2.391386026441086088e+01,-3.842826964627950315e-02,9.949183583294119444e+02,8.934333617123368931e-03,nan,1.364729287675281277e+01,1.000000000000000000e+00
9.910000000000000000e+02,1.404331420180356247e+02,5.316217714953070583e+01,-3.911505227106248928e-02,1.012584532551351003e+03,7.724368384685820210e-03,nan,4.219981406519487166e+01,1.000000000000000000e+00
9.930000000000000000e+02,2.451552627162257636e+01,4.910234407645920385e+01,-1.464960808370217729e-03,4.410767939561769424e+01,3.208687765409335979e-01,nan,4.040333464273967934e+01,1.000000000000000000e+00
9.950000000000000000e+02,6.450104372111367468e+01,3.223993225512218430e+01,-4.285366977888710460e-02,1.108753343262442058e+03,1.136492298282321123e-02,nan,1.364729287675281277e+01,1.000000000000000000e+00
9.990000000000000000e+02,9.536088047224350817e+01,2.330859631410547550e+01,-4.133147232850339220e-02,1.069597714700686311e+03,8.001469803269656289e-03,nan,1.537604045507410078e+01,1.000000000000000000e+00
9.990000000000000000e+02,4.647041964839499428e+01,3.089450423579107152e+01,-1.033542081850405969e-01,2.665014397976736291e+03,8.773220630186373548e-03,nan,1.566794689293095644e+01,1.000000000000000000e+00
1.001000000000000000e+03,5.761380544156347128e+01,4.190856401882819426e+01,-3.613145609062600599e-02,9.358372066443246240e+02,1.021299055189717198e-02,nan,1.494133469069749331e+01,1.000000000000000000e+00
1.001000000000000000e+03,8.055998846742373587e+01,4.413336514403512467e+01,-6.733618565114575516e-02,1.738519407783041970e+03,7.824215799960509976e-03,nan,2.305378614247559454e+01,1.000000000000000000e+00
1.004000000000000000e+03,1.098338301807962267e+02,2.850054650741233431e+01,-1.920852477654340015e-02,5.005270485940109779e+02,1.257052210744658005e-02,nan,1.537604045507410078e+01,1.000000000000000000e+00
1.006000000000000000e+03,8.734000727416817256e+01,1.709066175107507490e+01,-2.942536650005605353e-02,7.633358317116437775e+02,1.060870769773414324e-02,nan,1.704878040247587023e+01,1.000000000000000000e+00
1.006000000000000000e+03,1.330900118295227799e+02,3.958100602639873244e+01,-2.351749400328480982e-02,6.113670703558333344e+02,8.465952165439549759e-03,nan,1.131290480463136028e+01,1.000000000000000000e+00
1.006000000000000000e+03,4.718322482746957292e+01,3.121059830602424512e+01,-3.118230492073321806e-03,8.663489137535883344e+01,2.008675467154334982e-01,nan,1.494133469069749331e+01,1.000000000000000000e+00
1.006000000000000000e+03,2.749392738727778607e+01,3.801122384844658342e+01,1.545037030455037987e-03,-4.616748760761507953e+01,3.020709492497347659e-01,nan,2.083067309177958393e+01,1.000000000000000000e+00
1.009000000000000000e+03,4.052845211747290932e+01,1.374482308279705123e+01,-2.561937890123853340e-02,6.654340537968403169e+02,1.441400851811547312e-02,nan,1.869062074865394507e+01,1.000000000000000000e+00
1.010000000000000000e+03,1.423248878443273497e+02,3.304656801614577688e+01,-3.354945287305736296e-02,8.694200943919751126e+02,8.852841700597968710e-03,nan,1.131290480463136028e+01,1.000000000000000000e+00
1.011000000000000000e+03,1.240383760335495289e+01,2.196344004462749666e+01,-3.443894963208301435e-02,8.923007034052894824e+02,1.314500271772813811e-01,nan,2.202821315270420399e+01,1.000000000000000000e+00
1.011000000000000000e+03,9.919220293317283677e+01,2.934571667843122711e+01,-4.650018904044191798e-02,1.202553102099729813e+03,9.294231398548014056e-03,nan,7.717950280748577363e+00,1.000000000000000000e+00
1.012000000000000000e+03,6.937101045441301039e+01,4.010925490196322585e+01,-1.904291390405047149e-02,4.962670245035181438e+02,1.043432775923103240e-02,nan,1.858301313114641928e+01,1.000000000000000000e+00
1.013000000000000000e+03,5.560159743817364131e+01,2.763000643819033542e+01,-3.001576993807870269e-02,7.785228350238427311e+02,1.383535947732905669e-02,nan,1.858301313114641928e+01,1.000000000000000000e+00
1.013000000000000000e+03,4.633535503947191359e+01,5.226927772611400513e+01,-4.822731397517888985e-02,1.246980099666477827e+03,9.968827564870164082e-03,nan,1.137020122466318206e+01,1.000000000000000000e+00
1.014000000000000000e+03,9.147549830377653279e+01,2.920705810941838720e+01,-1.710965296099425589e-02,4.465375709558352355e+02,3.839894926942744036e-02,nan,7.717950280748577363e+00,1.000000000000000000e+00
1.014000000000000000e+03,1.300583215474442795e+02,3.646576156654831635e+01,-2.042280702057867880e-02,5.317621452659932402e+02,1.198850941100071399e-02,nan,1.241477425682517932e+01,1.000000000000000000e+00
1.015000000000000000e+03,3.580098355556257417e+01,4.799043520408425678e+01,-1.343219030882927129e-02,3.519418523638728971e+02,2.184899651595473280e-02,nan,1.137020122466318206e+01,1.000000000000000000e+00
1.017000000000000000e+03,1.231956367351858432e+02,6.528788923671815070e+00,-6.148458711322171005e-02,1.587998186777377668e+03,8.395893934455056495e-03,nan,2.716127845166624866e+01,1.000000000000000000e+00
1.017000000000000000e+03,8.137315960457817710e+01,9.336170622565706623e+00,-1.790653558186052624e-02,4.670358577596217060e+02,1.368183333930772516e-02,nan,1.754518007408831437e+01,1.000000000000000000e+00
1.018000000000000000e+03,1.179729051640111948e+02,3.362510483139421069e+01,-2.262327649818255890e-02,5.883650291460170365e+02,1.669425869142215912e-02,nan,1.177917247241963672e+01,1.000000000000000000e+00
1.021000000000000000e+03,9.483579296130992020e+01,2.684712488812885312e+01,-1.802270793743391240e-03,5.278433595821658741e+01,2.853660900370245113e-01,nan,1.138234556466306024e+01,1.000000000000000000e+00
1.022000000000000000e+03,5.985031854897874481e+00,2.519594530074311578e+01,-4.213345348888065944e-02,1.090227151717114339e+03,8.467618062876880458e-03,nan,2.712932328584749442e+01,1.000000000000000000e+00
1.023000000000000000e+03,1.507140466188839589e+01,5.075837889303652162e+01,1.339394556743149674e-03,-4.087772686392607824e+01,3.127158201009198057e-01,nan,2.267706602164780705e+01,1.000000000000000000e+00
1.027000000000000000e+03,6.990130225333321334e+01,2.457181102951303941e+01,-2.856772488722175360e-02,7.412746356277983750e+02,1.249591404526662064e-02,nan,1.718748469076044216e+01,1.000000000000000000e+00
1.027000000000000000e+03,1.436138726123338074e+02,2.785166096729350116e+01,-3.608890174130700151e-02,9.347425771038519997e+02,6.863082370380135799e-03,nan,3.050923322279839667e+01,1.000000000000000000e+00
1.028000000000000000e+03,1.139765725929829330e+02,6.135587478634445091e+00,-3.318546629007464166e-02,8.600572331934222348e+02,9.228816178134979786e-03,nan,5.779528691685739794e+00,1.000000000000000000e+00
1.028000000000000000e+03,2.778835152550784571e+01,3.198263427882606891e+01,-1.608340590948714385e-02,4.201393212732596680e+02,1.150092979857153530e-02,nan,6.486988393886394810e+00,1.000000000000000000e+00
1.029000000000000000e+03,8.125379397019315775e+01,1.166713893705943406e+01,-2.032174669747688692e-02,5.291625610447036934e+02,1.822329036536618485e-02,nan,1.718748469076044216e+01,1.000000000000000000e+00
1.031000000000000000e+03,3.313832098321351083e+01,6.679318185491564641e+00,-1.395523197265600198e-03,4.232152917710125450e+01,3.145751524993561921e-01,nan,2.586271405938643042e+01,1.000000000000000000e+00
1.033000000000000000e+03,4.166362478506874112e+01,4.111719501690107137e+01,-2.938208476166770389e-02,7.622224914735464836e+02,1.310196874663094313e-02,nan,1.661214639669019277e+01,1.000000000000000000e+00
1.034000000000000000e+03,1.329397878736164671e+02,2.121333629341280869e+01,-1.307472355126727565e-03,4.005658906143467846e+01,3.444492413401095687e-01,nan,1.878143213140360857e+01,1.000000000000000000e+00
1.038000000000000000e+03,4.618956297905146613e+01,1.513919429796283644e+01,-1.612435434500726905e-01,4.154107228051535458e+03,7.915132004271629995e-03,nan,2.636931242730661396e+01,1.000000000000000000e+00
1.039000000000000000e+03,7.786222091704783566e+01,3.939626339153357293e+01,-1.499448493529378923e-01,3.863469854306895741e+03,7.403383920449480016e-03,nan,3.989439386514838048e+01,1.000000000000000000e+00
1.040000000000000000e+03,1.346491913721625338e+02,3.186361165515668148e+01,-3.725721327268658595e-02,9.647951647990837500e+02,6.490872086974297517e-03,nan,3.004762285511310083e+01,1.000000000000000000e+00
1.040000000000000000e+03,1.500995992092819797e+01,3.777044253337550117e+01,-4.542988563807466573e-02,1.175021586749398239e+03,1.078807319273478171e-02,nan,1.825539045461576393e+01,1.000000000000000000e+00
1.043000000000000000e+03,1.571999379614066328e+01,1.952886550323561465e+01,-2.733631600814247567e-02,7.095989889075115116e+02,1.039054490710644707e-02,nan,1.419155519267505738e+01,1.000000000000000000e+00
1.045000000000000000e+03,1.053595324688259893e+02,3.856999075041467506e+01,-2.696326781295558042e-02,7.000030350037067137e+02,8.920462417933650023e-03,nan,2.518791458768255609e+01,1.000000000000000000e+00
1.046000000000000000e+03,4.632469517782944024e+01,1.634171094576426242e+01,-2.589579836704461631e-03,7.303636071474464586e+01,2.164777730296570946e-01,nan,7.858562148554199212e+00,1.000000000000000000e+00
1.048000000000000000e+03,1.156101772455814256e+02,9.344845806395769117e+00,-1.748824733324595357e-02,4.562761896952908955e+02,1.480105933630015969e-02,nan,2.084199950505201571e+01,1.000000000000000000e+00
1.049000000000000000e+03,1.304705814625714027e+02,3.660371007103314867e+01,-3.776502002536010622e-02,9.778575257850540083e+02,9.140556842065716836e-03,nan,2.198521013574366734e+01,1.000000000000000000e+00
1.049000000000000000e+03,4.594667331267811505e+01,4.557105189486379260e+01,-2.003827549552660708e-02,5.218708045851710722e+02,1.697945847441006961e-02,nan,2.923178531751420550e+01,1.000000000000000000e+00
1.051000000000000000e+03,5.360147384276596227e+01,1.337430613613456742e+01,-2.284158364384216572e-02,5.939805644405150815e+02,1.629733720700043964e-02,nan,7.858562148554199212e+00,1.000000000000000000e+00
1.051000000000000000e+03,1.097208549848444363e+02,2.933746511147373681e+01,-8.671171068760520628e-02,2.236917865437374076e+03,6.442720837613991058e-03,nan,2.084199950505201571e+01,1.000000000000000000e+00
1.055000000000000000e+03,5.442349417476662410e+01,3.611591502272153065e+01,-3.186255621046998887e-02,8.260278924633188353e+02,7.790991342547881615e-02,nan,1.195215846899744072e+01,1.000000000000000000e+00
1.055000000000000000e+03,2.440409611819088553e+01,3.765143721442497338e+01,-4.166639465120790947e-02,1.078212953191299221e+03,7.269278873346163294e-03,nan,3.005864414906895021e+01,1.000000000000000000e+00
1.057000000000000000e+03,6.632417633453852090e+01,3.722400175223062035e+01,-3.284762314062471961e-02,8.513668620009988217e+02,1.184475079709712553e-02,nan,1.195215846899744072e+01,1.000000000000000000e+00
1.057000000000000000e+03,1.088640830157489887e+02,2.876381369137529376e+01,-3.960076319017368819e-03,1.082897709691826975e+02,1.611429664110216597e-01,nan,1.573511132760470588e+01,1.000000000000000000e+00
1.058000000000000000e+03,1.402425117857081887e+02,2.551747600849165210e+01,-1.427631191378842847e-03,4.314744613750888647e+01,3.559742012618268836e-01,nan,1.864164098001455017e+01,1.000000000000000000e+00
1.060000000000000000e+03,8.061922411617167938e+01,1.248284872210006569e+01,-9.227825299280235927e-02,2.380106558087367830e+03,7.452827551698737452e-03,nan,2.404272194565647069e+01,1.000000000000000000e+00
1.062000000000000000e+03,8.766317579381824032e+01,5.163799099329623488e+01,-1.970732334043120634e-02,5.133576910903603903e+02,2.030656501109651124e-02,nan,4.682311725013354575e+00,1.000000000000000000e+00
1.062000000000000000e+03,1.343409332641614640e+02,5.260140813660338921e+01,-4.031473508759932101e-02,1.043444086773042500e+03,8.688129307502401311e-03,nan,2.771945180854312696e+01,1.000000000000000000e+00
1.062000000000000000e+03,1.222781149615385488e+02,2.053839726122106768e+01,-1.662380224126092446e-03,4.918591764405728384e+01,3.253291802308857505e-01,nan,1.573511132760470588e+01,1.000000000000000000e+00
1.064000000000000000e+03,9.387571633790531678e+01,3.254071233045245037e+01,-3.169158482395340037e-02,8.216299793650907759e+02,9.332844849083699046e-03,nan,2.008237317495704488e+01,1.000000000000000000e+00
1.067000000000000000e+03,4.963108399858401043e+01,3.706502566006253829e+01,-2.129075485245416136e-02,5.540884491941271790e+02,1.374582023297645783e-01,nan,2.206663641611529769e+01,1.000000000000000000e+00
1.067000000000000000e+03,9.196731026174781221e+01,5.348148484253418644e+01,-4.934813035301277573e-02,1.275810965048188336e+03,8.739743493279772402e-03,nan,4.682311725013354575e+00,1.000000000000000000e+00
1.070000000000000000e+03,1.114154427304549984e+02,8.804682057610325074e+00,-5.146113353391944256e-02,1.330163945130065031e+03,9.003675356090257154e-03,nan,2.837021192593523367e+01,1.000000000000000000e+00
1.070000000000000000e+03,6.846164673089290886e+01,2.556083729644448610e+01,-4.078035232857586678e-02,1.055421202971096363e+03,9.318213876851944022e-03,nan,2.206663641611529769e+01,1.000000000000000000e+00
1.071000000000000000e+03,2.057275952654405771e+01,1.484098851148491782e+01,-6.286451285011955548e-02,1.623494146636697224e+03,1.001730540265988179e-02,nan,1.665712040844693576e+01,1.000000000000000000e+00
1.072000000000000000e+03,2.580248138631083066e+01,4.766307202671220011e+01,-1.869815262071595346e-02,4.873986975007908882e+02,1.294683381809229594e-01,nan,1.694029575314892710e+01,1.000000000000000000e+00
1.073000000000000000e+03,2.073880381774939607e+01,3.149728130414612437e+01,-2.365466091457631842e-02,6.148954277500332637e+02,1.240513727298830915e-02,nan,1.665712040844693576e+01,1.000000000000000000e+00
1.075000000000000000e+03,1.396631495392477973e+02,1.143830784100454601e+01,-8.578154293000228581e-02,2.212991072492319745e+03,7.787431530558053261e-03,nan,2.837021192593523367e+01,1.000000000000000000e+00
1.076000000000000000e+03,1.073293770387870723e+02,3.946998449299498901e+01,-1.235300282203942446e-02,3.241818108721559497e+02,7.167135895526210998e-02,nan,1.139687482640094096e+01,1.000000000000000000e+00
1.077000000000000000e+03,9.877058482037899978e+01,3.194430634609228647e+01,-4.095725078915921774e-02,1.059971578754475786e+03,1.012206039687879588e-02,nan,1.139687482640094096e+01,1.000000000000000000e+00
1.077000000000000000e+03,3.414858287755948396e+01,4.875940632279291975e+00,1.272404688327683246e-03,-3.915454016142853533e+01,3.169432707801208560e-01,nan,2.384028900697511233e+01,1.000000000000000000e+00
1.078000000000000000e+03,8.903714796662565334e+01,4.431933948154833303e+01,-2.937554411361401052e-02,7.620542457668683483e+02,1.028080085905014318e-02,nan,1.574424460206455656e+01,1.000000000000000000e+00
1.081000000000000000e+03,1.867957563739554416e+01,2.301620509947639803e+01,-1.052093671073931758e-01,2.712734825880720109e+03,9.080842178023629252e-03,nan,2.384028900697511233e+01,1.000000000000000000e+00
1.084000000000000000e+03,4.385190632685297629e+01,1.921145764786865229e+01,-3.771287847260674370e-02,9.765162837065514623e+02,7.857955261449167672e-03,nan,1.226929745955784767e+01,1.000000000000000000e+00
1.085000000000000000e+03,9.632467026792953391e+01,1.749809269883442298e+01,-3.143254157487856970e-02,8.149665854409664689e+02,9.630572361979616858e-03,nan,2.591635987901515747e+01,1.000000000000000000e+00
1.087000000000000000e+03,1.782336565173946141e+01,2.247753531007958117e+01,-1.393283976340946653e-02,3.648201054960444480e+02,5.793363030689369086e-02,nan,1.956180772561574344e+01,1.000000000000000000e+00
1.088000000000000000e+03,1.206802936335188576e+02,8.640253241484455060e+00,-1.774530004323729600e-03,5.207075701597598538e+01,2.882486899272100889e-01,nan,1.258305885697557791e+01,1.000000000000000000e+00
1.089000000000000000e+03,3.630577278530446961e+01,2.888572913073645765e+01,-3.809938543664479621e-02,9.864584387906969596e+02,1.092220925143860821e-02,nan,1.226929745955784767e+01,1.000000000000000000e+00
1.092000000000000000e+03,1.135386828758394842e+02,1.900030951468634299e+01,-5.320743828259075214e-02,1.375084306859331491e+03,1.043312660952122606e-02,nan,6.152935425163099659e+00,1.000000000000000000e+00
1.092000000000000000e+03,5.741465136593043184e+01,2.527643309690436269e+01,-9.306098933650144844e-02,2.400240958869567748e+03,7.949257993411618095e-03,nan,2.141522292182468945e+01,1.000000000000000000e+00
1.094000000000000000e+03,1.144403120029941192e+02,4.621709253647337867e+00,-6.512772419748409647e-02,1.681710945549228427e+03,1.086735684888495701e-02,nan,1.440684144945326040e+01,1.000000000000000000e+00
1.095000000000000000e+03,1.372187704230985972e+01,1.927715700913758567e+01,-1.584972115939628154e-02,4.141282264098449559e+02,1.753463951051259517e-02,nan,1.480273738747702517e+01,1.000000000000000000e+00
1.096000000000000000e+03,2.849831626741415747e+01,2.015913092565055820e+01,-5.952327744276385973e-02,1.537547233169704896e+03,9.912081971744424180e-03,nan,1.480273738747702517e+01,1.000000000000000000e+00
1.097000000000000000e+03,8.770778043119643996e+01,8.948051233896897827e+00,-1.292795005269617090e-02,3.389712327047379290e+02,2.246829008086692614e-02,nan,2.708035227184516103e+01,1.000000000000000000e+00
1.100000000000000000e+03,4.911783564208824515e+01,2.593929734418535560e+01,-4.136647232066519714e-02,1.070498022799617047e+03,9.340717237374507320e-03,nan,2.041972175014880264e+01,1.000000000000000000e+00
1.100000000000000000e+03,7.220932479662934611e+01,4.041861257173685118e+01,-6.214499144465136099e-02,1.604985829671875763e+03,8.723204344255552911e-03,nan,2.725559467032583427e+01,1.000000000000000000e+00
1.103000000000000000e+03,3.284627285256621576e+01,3.827628566144261413e+01,-2.163045537530342705e-02,5.628265977776549107e+02,1.346295870135083561e-02,nan,2.041972175014880264e+01,1.000000000000000000e+00
1.104000000000000000e+03,1.575025475217985083e+01,2.351491954550992958e+01,-2.175377762598057138e-02,5.659988276612989466e+02,1.014514134980726290e-02,nan,1.200052955987585435e+01,1.000000000000000000e+00
1.104000000000000000e+03,1.317336771942666473e+02,3.934038796530566628e+01,-8.737028379221861707e-02,2.253858403511790584e+03,8.023193712946463663e-03,nan,1.209879420225454361e+01,1.000000000000000000e+00
1.104000000000000000e+03,1.411146092308451614e+02,4.698099888810516944e+01,-2.832772556025919125e-02,7.351011103080387556e+02,1.222367743998065137e-02,nan,1.209879420225454361e+01,1.000000000000000000e+00
1.105000000000000000e+03,9.967484564574883166e+01,3.953107878471023184e+01,-1.551912308095220469e-03,4.634434102270263622e+01,3.413718476081437636e-01,nan,1.184070807822618576e+01,1.000000000000000000e+00
1.107000000000000000e+03,7.524930801982608841e+01,2.722961656289122701e+01,-2.395223841564141434e-02,6.225500418719417439e+02,1.056074816519902981e-02,nan,1.575214503535908506e+01,1.000000000000000000e+00
1.108000000000000000e+03,1.751221737534534384e+01,1.164444367332932195e+01,-4.576410030910237070e-02,1.183618622249195823e+03,8.297604588587081942e-03,nan,1.200052955987585435e+01,1.000000000000000000e+00
1.109000000000000000e+03,1.104565295425754528e+02,1.217189833300855106e+01,-7.424437968197213078e-02,1.916219534291194805e+03,7.698496795087494959e-03,nan,2.940696282583201437e+01,1.000000000000000000e+00
1.110000000000000000e+03,1.092588683083113494e+02,4.648441448761275296e+01,-5.417302820963441901e-02,1.399922267609274741e+03,7.469280831217783856e-03,nan,1.184070807822618576e+01,1.000000000000000000e+00
1.110000000000000000e+03,1.322036936450352584e+02,3.858279036570844056e+01,-5.208126813236477713e-03,1.403934915250410427e+02,7.880165857265786222e-02,nan,1.671338370966589082e+01,1.000000000000000000e+00
1.111000000000000000e+03,7.721995528071471426e+01,4.285800811762711504e+01,-5.808797371291458955e-02,1.500626779975467116e+03,9.457294802724725002e-03,nan,1.575214503535908506e+01,1.000000000000000000e+00
1.111000000000000000e+03,1.403823542559698581e+02,2.400723872476969945e+01,-1.643586378871764089e-03,4.870248179029199775e+01,2.366114126595392220e-01,nan,1.671338370966589082e+01,1.000000000000000000e+00
1.115000000000000000e+03,5.346567226555557539e+01,2.178322425956443098e+01,-8.890359354555019133e-02,2.293299874890180945e+03,1.554570567077241394e-01,nan,3.443249835238528345e+00,1.000000000000000000e+00
1.116000000000000000e+03,1.098323803947573474e+01,4.244862286565896881e+01,-5.267081812439036725e-02,1.361280775925845546e+03,9.949469859752535505e-03,nan,1.456354091906117709e+01,1.000000000000000000e+00
1.116000000000000000e+03,6.651553307218608779e+01,2.581896367397637704e+01,-4.675877628841265676e-02,1.209204766264452246e+03,1.391108618384928608e-02,nan,1.094827801144461787e+01,1.000000000000000000e+00
1.117000000000000000e+03,5.517035098959522088e+01,2.800134702101830797e+01,-1.282077645538942379e-01,3.304324772180932086e+03,3.649887947046281944e-02,nan,3.592659922170480691e+00,1.000000000000000000e+00
1.118000000000000000e+03,1.007891518691979371e+02,1.018135365986051433e+01,-3.406534749026776665e-02,8.826905002801256614e+02,9.115376772298677821e-03,nan,2.752984326682326355e+01,1.000000000000000000e+00
1.120000000000000000e+03,1.002412404549093239e+01,2.791669854546958263e+01,-2.039405962197118199e-02,5.310226732206891711e+02,1.200552676443655820e-02,nan,1.456354091906117709e+01,1.000000000000000000e+00
1.120000000000000000e+03,2.781608319982305844e+01,3.718599312053189720e+01,-3.915064926449084159e-02,1.013500197370159185e+03,7.631644191407271904e-03,nan,1.763632467456087127e+01,1.000000000000000000e+00
1.122000000000000000e+03,9.526563448747711504e+01,5.163769544056846428e+01,-1.562548833450128983e-03,4.661794536744746864e+01,3.353533334388665299e-01,nan,1.436800250387357103e+01,1.000000000000000000e+00
1.123000000000000000e+03,1.343554359738614039e+02,3.344213887424033516e+01,-4.728138500433631819e-02,1.222647879546953391e+03,7.628317822943708748e-03,nan,1.565788709216784191e+01,1.000000000000000000e+00
1.124000000000000000e+03,7.583312585710756082e+01,3.695188129147239664e+01,1.562648898367044199e-03,-4.662051934674155262e+01,3.405600820947843888e-01,nan,1.873929167006138741e+01,1.000000000000000000e+00
1.125000000000000000e+03,3.126185212256483581e+01,1.241649743492708247e+01,-1.927029041479412161e-03,5.599350412962279933e+01,2.276789595649331144e-01,nan,2.500802351222760223e+01,1.000000000000000000e+00
1.126000000000000000e+03,6.940370051227188419e+00,2.758397667779318141e+01,-2.204080360781252718e-02,5.733820240589491277e+02,9.089444390238066163e-03,nan,2.866333750157459548e+01,1.000000000000000000e+00
1.128000000000000000e+03,1.360615934367286002e+02,1.787748484972122753e+01,-6.013939544596220294e-02,1.553395694666840654e+03,8.459273921261556417e-03,nan,1.317291249034780343e+01,1.000000000000000000e+00
1.129000000000000000e+03,7.172524542704890393e+01,8.253699109444340820e+00,-9.699353226359737346e-02,2.501398131428036322e+03,8.422079322615072527e-03,nan,2.399773062713454408e+01,1.000000000000000000e+00
1.129000000000000000e+03,9.487651504423681104e+01,1.457111870646204999e+01,-5.343130563209456257e-02,1.380842867801649390e+03,8.560615618140920979e-03,nan,2.399773062713454408e+01,1.000000000000000000e+00
1.131000000000000000e+03,4.644323129213649537e+01,2.319754362074290910e+01,-3.111920916285413133e-02,8.069067062587386090e+02,1.036249706728165076e-02,nan,2.096664716313625121e+01,1.000000000000000000e+00
1.131000000000000000e+03,1.252680983164096205e+02,2.542904671240973613e+01,-5.178993817809674632e-02,1.338621817999015775e+03,8.675586726029194118e-03,nan,1.317291249034780343e+01,1.000000000000000000e+00
1.137000000000000000e+03,7.336594119683832105e+01,2.680140776774721090e+01,-3.781439499849050673e-02,9.791276028750223759e+02,1.152072609637389000e-02,nan,2.423748744382103837e+01,1.000000000000000000e+00
1.140000000000000000e+03,7.686067837484598897e+01,5.078562361163157135e+01,1.756656919769247196e-03,-5.161100597652198019e+01,3.012381681769941144e-01,nan,2.423748744382103837e+01,1.000000000000000000e+00
1.141000000000000000e+03,4.956511854112375204e+01,4.595886369808211924e+01,-2.687175280621468057e-02,6.976489858553061367e+02,7.828643893724174241e-02,nan,6.137563407968978701e+00,1.000000000000000000e+00
1.141000000000000000e+03,1.116306210059890418e+02,1.611847992531887641e+01,-2.860092274723741862e-02,7.421285873115899676e+02,1.734096721047807543e-01,nan,1.723863603069928274e+01,1.000000000000000000e+00
1.143000000000000000e+03,1.135426281463858231e+02,3.325075358919651336e+01,-3.476045356044571953e-03,9.583899686377731086e+01,9.341329002714682250e-02,nan,1.723863603069928274e+01,1.000000000000000000e+00
1.145000000000000000e+03,5.218618857349439111e+01,4.040911807578118697e+01,-4.486761328144069083e-02,1.160558201896563787e+03,8.948493377585209352e-02,nan,6.137563407968978701e+00,1.000000000000000000e+00
1.149000000000000000e+03,1.040430002671561382e+01,3.658930123958182179e+01,1.775632632400452396e-03,-5.209912002197303593e+01,3.035088770254043000e-01,nan,1.906797200473022613e+01,1.000000000000000000e+00
1.151000000000000000e+03,2.525015664320407538e+01,1.604595322228296439e+01,-3.426597659828859582e-02,8.878513017453753946e+02,2.408344088294556151e-02,nan,6.894944363393929798e+00,1.000000000000000000e+00
1.151000000000000000e+03,7.812889468555916039e+01,4.559587202714495646e+01,-2.959253903290733761e-02,7.676360265388015023e+02,1.524225535226948480e-01,nan,8.248267155980624210e+00,1.000000000000000000e+00
1.151000000000000000e+03,5.008558832788646953e+01,2.222701488424374361e+01,-1.607208310451248203e-03,4.776672530580388099e+01,3.084824017088386716e-01,nan,1.870401952499482334e+01,1.000000000000000000e+00
1.153000000000000000e+03,9.199879258221228895e+01,4.204668106568458796e+01,-3.742262861692290110e-02,9.690501592977932432e+02,1.195439458073367378e-01,nan,5.071243791143781543e+00,1.000000000000000000e+00
1.154000000000000000e+03,2.942225625905651043e+01,3.796948134302545697e+01,-1.571899446988460694e-02,4.107655314478104742e+02,1.929564040299525107e-02,nan,1.522271595541223377e+01,1.000000000000000000e+00
1.154000000000000000e+03,7.351158350552778131e+01,3.876108245151163345e+01,-7.783234150034371024e-02,2.008513014495424613e+03,9.606081665046395379e-03,nan,8.248267155980624210e+00,1.000000000000000000e+00
1.155000000000000000e+03,3.199574864079443870e+01,1.747327462138779453e+01,-6.008853502621800541e-02,1.552087407293545766e+03,8.040232235084432411e-03,nan,6.894944363393929798e+00,1.000000000000000000e+00
1.155000000000000000e+03,9.244942289585974038e+01,4.709786369053951915e+01,-3.656817090603502879e-02,9.470708630239623744e+02,2.106658949001189995e-01,nan,5.071243791143781543e+00,1.000000000000000000e+00
1.156000000000000000e+03,1.227719672614977782e+02,1.434148384525238384e+01,-2.487741179216441945e-02,6.463483638814998358e+02,9.734388523132353477e-03,nan,1.651024782339788644e+01,1.000000000000000000e+00
1.156000000000000000e+03,2.156716330208886134e+01,2.492997998382619329e+01,-4.953845071424688856e-02,1.280706593647712907e+03,1.141021779896345123e-02,nan,9.617191453356602082e+00,1.000000000000000000e+00
1.156000000000000000e+03,8.004413668397187109e+01,1.255135231799516049e+01,-1.431135982239337872e-03,4.323760020332051113e+01,3.276154406606140990e-01,nan,1.389932901565533996e+01,1.000000000000000000e+00
1.157000000000000000e+03,1.260924428512544608e+02,3.051438479244935564e+01,-7.354380503375092248e-02,1.898198586549745642e+03,1.960963719040365039e-02,nan,1.651024782339788644e+01,1.000000000000000000e+00
1.159000000000000000e+03,5.996174677024847632e+00,3.768821460944388235e+01,-1.912669080048575929e-02,4.984220255108118636e+02,1.401140088131624939e-02,nan,2.013028160568508085e+01,1.000000000000000000e+00
1.159000000000000000e+03,5.541045605689891573e+01,5.014416079818724370e+01,-2.030786651022648340e-02,5.288055196791387971e+02,1.256210960420622857e-02,nan,2.138282693092895315e+01,1.000000000000000000e+00
1.160000000000000000e+03,7.711387180728063129e+01,2.613829070888617423e+01,-3.286735663031233740e-02,8.518744684171315384e+02,8.069438290178698736e-03,nan,1.389932901565533996e+01,1.000000000000000000e+00
1.162000000000000000e+03,9.596679498174476919e+01,3.124663461672117748e+01,-2.826610273031029616e-02,7.335159804421366516e+02,8.200963631643576335e-03,nan,1.730117563773547573e+01,1.000000000000000000e+00
1.163000000000000000e+03,1.181111548701216236e+02,3.771677278995192495e+01,-1.853885426201229772e-02,4.833010507977791690e+02,1.687275038822910744e-02,nan,6.872111369437676309e+00,1.000000000000000000e+00
1.163000000000000000e+03,2.176359529812046034e+01,2.087779401708335669e+01,-1.197401858437263178e-03,3.722523529527629904e+01,3.624725774073588314e-01,nan,2.304781537444731399e+01,1.000000000000000000e+00
1.165000000000000000e+03,1.191237012112733566e+02,1.838502802107313272e+01,-4.293273763370245022e-02,1.110787213148076034e+03,1.053549228859906872e-02,nan,1.570423482988295660e+01,1.000000000000000000e+00
1.168000000000000000e+03,5.231225412158396892e+01,2.208320972894560086e+01,-1.747563486830732982e-01,4.501698391338100009e+03,7.900963421167639389e-03,nan,3.057243174742204062e+01,1.000000000000000000e+00
1.170000000000000000e+03,2.504240749620889872e+01,3.742129051552163332e+01,-3.102246247583022656e-02,8.044180821050629220e+02,8.612569853979401557e-03,nan,3.128739773753983755e+01,1.000000000000000000e+00
1.172000000000000000e+03,1.185584746349010032e+02,1.794547476892930149e+01,-2.500599956276967559e-02,6.496560392308011842e+02,1.060620007631896122e-02,nan,2.905527437156091608e+01,1.000000000000000000e+00
1.174000000000000000e+03,6.638867951261568123e+01,3.468755902789749967e+01,-2.550864315133580251e-02,6.625855876595427389e+02,1.269259694640323399e-02,nan,3.462368043043258581e+01,1.000000000000000000e+00
1.179000000000000000e+03,1.104069255865873060e+02,2.273425479823838202e+01,-1.422101688375366959e-03,4.300521021030993296e+01,3.415881032273543338e-01,nan,9.559501159449322216e+00,1.000000000000000000e+00
1.179000000000000000e+03,1.136227650814227843e+02,3.173661219844024473e+01,2.024141739560202276e-03,-5.849154322023012753e+01,2.673764987355565781e-01,nan,9.559501159449322216e+00,1.000000000000000000e+00
1.180000000000000000e+03,8.013119275785625106e+00,4.054254281314430131e+01,-3.863939124105349870e-02,1.000349059020870868e+03,9.818940639563678019e-03,nan,6.549252135756705506e+00,1.000000000000000000e+00
1.185000000000000000e+03,1.416333178765571290e+02,1.411547117287938491e+01,-1.368118832455954802e-02,3.583468518033944861e+02,1.844870617414406944e-02,nan,3.645060905092508818e+01,1.000000000000000000e+00
1.187000000000000000e+03,7.758906681932705496e+00,6.184705107070873176e+00,-3.504561113401552519e-02,9.079059144286021592e+02,8.522857401583205927e-03,nan,3.579258124998012391e+01,1.000000000000000000e+00
1.187000000000000000e+03,1.088732505394099803e+02,3.009748882550906401e+01,-3.840991419701454690e-02,9.944461993770227082e+02,1.001618525274128313e-02,nan,3.029940943378529639e+01,1.000000000000000000e+00
1.190000000000000000e+03,8.193156164025761257e+01,4.396109626720502206e+01,-3.385843232197378178e-02,8.773680018936842089e+02,1.327880107470469362e-02,nan,1.189990488911540467e+01,1.000000000000000000e+00
1.191000000000000000e+03,7.721896625818976645e+01,3.303410303324969277e+01,-7.089560477934313265e-02,1.830078681676301585e+03,9.146372127984303546e-03,nan,1.135289314995231358e+01,1.000000000000000000e+00
1.192000000000000000e+03,1.420531094135200192e+02,4.272983502088590058e+01,-4.375345207365514966e-02,1.131898528081599579e+03,8.089844754881614364e-03,nan,3.027897596840560368e+01,1.000000000000000000e+00
1.193000000000000000e+03,1.134020411551067156e+02,3.293531240122619153e+01,-4.168107544684893431e-03,1.136409778046894843e+02,9.877125846135981213e-02,nan,1.814108286762145639e+01,1.000000000000000000e+00
1.197000000000000000e+03,1.542472244914350377e+01,6.275363956072012250e+00,-4.611719788837267964e-02,1.192701384578404713e+03,9.710690289847390133e-03,nan,1.657324621831950751e+01,1.000000000000000000e+00
1.197000000000000000e+03,1.065260315741699486e+02,1.614783552550795420e+01,-2.075112578699001009e-02,5.402075198553510518e+02,8.236593773296774224e-03,nan,1.120005499561847095e+01,1.000000000000000000e+00
1.200000000000000000e+03,9.302827111908807467e+01,3.478813968756228547e+01,-4.326781235569894524e-02,1.119406371820047980e+03,9.069186652127081416e-03,nan,2.173188121060474032e+01,1.000000000000000000e+00
1.200000000000000000e+03,7.218514590680155152e+01,2.082440874859543101e+01,-1.452851259140050359e-03,4.379618431882118301e+01,3.161942284753963550e-01,nan,1.462480327166236371e+01,1.000000000000000000e+00
1.201000000000000000e+03,4.048784707620526291e+01,2.991638833859460789e+01,-3.018301126825380029e-02,7.828247995310485976e+02,1.312777035345247256e-02,nan,2.259155947418622290e+01,1.000000000000000000e+00
1.202000000000000000e+03,3.175906651475893128e+01,9.079235236843640422e+00,-7.005552763055250542e-02,1.808469297957407207e+03,9.795563504794824183e-03,nan,1.657324621831950751e+01,1.000000000000000000e+00
1.202000000000000000e+03,1.152766054896053731e+02,9.157221242386661686e+00,-3.600310564748991637e-02,9.325356360918931387e+02,1.191642597030129203e-02,nan,1.120005499561847095e+01,1.000000000000000000e+00
1.208000000000000000e+03,1.678204910119465154e+01,4.917347251839673561e+01,-3.823570379605529396e-02,9.899649688048418739e+02,7.425102592211074715e-03,nan,2.253645371184370205e+01,1.000000000000000000e+00
1.209000000000000000e+03,5.424863657466551814e+01,2.593790310464209625e+01,-3.499435780852335615e-02,9.065875203037003303e+02,1.785926933533987793e-02,nan,1.636398650591506154e+01,1.000000000000000000e+00
1.209000000000000000e+03,1.135512444124126006e+02,3.318090308572416802e+01,2.141539452358761590e-03,-6.151137565733037604e+01,2.171077292183385410e-01,nan,2.814031441013870349e+01,1.000000000000000000e+00
1.213000000000000000e+03,3.066782968349626515e+01,3.142306848000230701e+01,-1.192114425521994788e-03,3.708922615978388393e+01,3.411732831827983814e-01,nan,2.253645371184370205e+01,1.000000000000000000e+00
1.214000000000000000e+03,6.093957609375608797e+01,4.087146874442291278e+01,-4.058578256037656540e-02,1.050416266475480597e+03,9.744290208655637109e-03,nan,1.636398650591506154e+01,1.000000000000000000e+00
1.215000000000000000e+03,1.223751741047673960e+02,8.626743021165722780e+00,-2.095619060859969102e-02,5.454824215995415670e+02,1.650413000152795018e-02,nan,1.865320115164222514e+01,1.000000000000000000e+00
1.216000000000000000e+03,1.140848564462581152e+02,2.533639730617820618e+01,-2.918979240120645260e-02,7.572761369519396339e+02,9.569006902977128526e-03,nan,1.865320115164222514e+01,1.000000000000000000e+00
1.219000000000000000e+03,3.063212391935857681e+01,2.903512089996425871e+01,-4.919093255595750891e-02,1.271767351290544411e+03,7.920638354699138795e-03,nan,2.476509538585383297e+01,1.000000000000000000e+00
1.220000000000000000e+03,1.434965030935184984e+02,2.949642334227193530e+01,-2.829717621079160320e-02,7.343152865108338574e+02,9.892018442881456153e-03,nan,2.969266062440726728e+01,1.000000000000000000e+00
1.225000000000000000e+03,8.486181515141110765e+01,4.426527770406033824e+01,1.809892546355895216e-03,-5.298039101941088802e+01,2.738503564792595935e-01,nan,1.812044527805370109e+01,1.000000000000000000e+00
1.227000000000000000e+03,3.647608561466148558e+01,2.261690609841596711e+01,-1.398286791166946947e-03,4.239261736363670963e+01,3.126606949928739665e-01,nan,1.330508062029688965e+01,1.000000000000000000e+00
1.228000000000000000e+03,1.300444222791264224e+02,1.207267733250938413e+01,-1.793523675001761075e-02,4.677741406146902250e+02,1.480926417091887881e-02,nan,1.760098389893420645e+01,1.000000000000000000e+00
1.229000000000000000e+03,1.391452077557585767e+02,2.713821210293364672e+01,-2.810128052473878299e-02,7.292762433052358801e+02,1.030652726176983780e-02,nan,1.760098389893420645e+01,1.000000000000000000e+00
1.229000000000000000e+03,1.006149039549767252e+02,3.531034999793595119e+01,-2.304396787743769742e-02,5.991865131664339970e+02,9.999531882127543625e-03,nan,1.812044527805370109e+01,1.000000000000000000e+00
1.229000000000000000e+03,3.387137901611374247e+01,3.566453706530347034e+01,-1.379759993176539424e-03,4.191605079182421889e+01,2.998360865872624625e-01,nan,1.330508062029688965e+01,1.000000000000000000e+00
1.230000000000000000e+03,1.104428767781485199e+01,4.070659046246813517e+01,-2.571037852409712929e-02,6.677748456770348184e+02,1.244109800597792415e-02,nan,2.337730526444183710e+01,1.000000000000000000e+00
1.230000000000000000e+03,4.429523612862431747e+01,4.949937345580438830e+01,-1.297902190164372180e-02,3.402849586913688427e+02,1.855622283411872964e-02,nan,1.732222546481732550e+01,1.000000000000000000e+00
1.232000000000000000e+03,7.296928862756215040e+01,4.041634424852274776e+01,-1.582856815877015794e-02,4.135841057799790406e+02,1.725295652225333765e-02,nan,2.684961087361025989e+01,1.000000000000000000e+00
1.235000000000000000e+03,1.035108839288057823e+02,4.617680333820086958e+01,-4.562792900300743221e-02,1.180115874901354118e+03,8.762726441558732482e-03,nan,1.337807944779690494e+01,1.000000000000000000e+00
1.238000000000000000e+03,1.380914695839607589e+02,1.728079261263471267e+01,-1.586314238176702099e-02,4.144734617785292130e+02,1.194761410776801203e-02,nan,2.475895038531488623e+01,1.000000000000000000e+00
1.238000000000000000e+03,5.603288762810686663e+00,4.600358533630191715e+01,-2.644949913124284083e-02,6.867873147548416455e+02,8.693002572006558459e-03,nan,1.417313576280842291e+01,1.000000000000000000e+00
1.239000000000000000e+03,1.167534911135129647e+02,4.427776024677095279e+01,-1.519712440482637447e-03,4.551606079160766427e+01,3.530024244762726138e-01,nan,1.152635510450999057e+01,1.000000000000000000e+00
1.241000000000000000e+03,1.784319230841905224e+01,5.314939099733152972e+01,-4.915414849518719848e-02,1.270821151426556526e+03,8.312160210335317601e-03,nan,1.417313576280842291e+01,1.000000000000000000e+00
1.241000000000000000e+03,1.127808641912266125e+02,3.345763560185169183e+01,1.968381853507658596e-03,-5.705722641305846565e+01,3.233579012308632761e-01,nan,1.152635510450999057e+01,1.000000000000000000e+00
1.242000000000000000e+03,2.331096687816755875e+01,2.656622258858185504e+01,1.680573943238911766e-03,-4.965391639649173072e+01,3.297618955424859166e-01,nan,2.480156153006478092e+01,1.000000000000000000e+00
1.243000000000000000e+03,5.794439675113748223e+01,5.144631827294167437e+01,-3.542788906275579075e-02,9.177392856389782310e+02,9.914686543310624600e-03,nan,4.013735235988119854e+01,1.000000000000000000e+00
1.244000000000000000e+03,6.265557466863699076e+00,4.458208982639816753e+01,-3.073016773291672998e-02,7.968993568692601457e+02,1.054891832957260966e-02,nan,1.440278715658440234e+01,1.000000000000000000e+00
1.248000000000000000e+03,1.132548917285423329e+02,3.389750358521121854e+01,-2.354144033129232719e-03,6.698022333742459011e+01,1.986200948734735405e-01,nan,1.877704563484310896e+01,1.000000000000000000e+00
1.249000000000000000e+03,9.660182695476223103e+01,2.469242354039120357e+01,-3.987703861224452251e-02,1.032185179062047609e+03,9.482441925347750988e-03,nan,1.902782344334893594e+01,1.000000000000000000e+00
1.250000000000000000e+03,5.916216406161777286e+01,3.612076114915581115e+01,-4.946663366141318408e-02,1.278859236825214339e+03,8.561137390171946748e-03,nan,1.916998761907226978e+01,1.000000000000000000e+00
1.253000000000000000e+03,7.664546904721883891e+01,1.920132554198561081e+01,-2.210259093682365866e-02,5.749713853497415812e+02,1.001311150786254878e-02,nan,2.069802836412356584e+01,1.000000000000000000e+00
1.255000000000000000e+03,1.205225289255293148e+02,2.975397193389312989e+01,-4.216738969345582011e-02,1.091100095907637069e+03,6.918958995718149652e-03,nan,4.512820325957462586e+01,1.000000000000000000e+00
1.255000000000000000e+03,5.881668393277647233e+00,4.283430223288553407e+01,-1.006276886434319812e-01,2.594879878692997409e+03,7.578102744665971002e-03,nan,2.760082696798500379e+01,1.000000000000000000e+00
1.255000000000000000e+03,4.275920122887416852e+01,4.604201286569924889e+01,-6.431864249814309153e-02,1.660898860699444640e+03,2.291509056515295129e-02,nan,1.916998761907226978e+01,1.000000000000000000e+00
1.255000000000000000e+03,7.019884735256090025e+00,1.525695441124936025e+01,-1.459847316501179442e-03,4.397614456206035527e+01,3.458691417622682396e-01,nan,2.760082696798500379e+01,1.000000000000000000e+00
1.259000000000000000e+03,6.057349619166107857e+01,3.143690371720121846e+01,-3.952842065314284697e-02,1.023217646424871191e+03,8.757651591414616910e-03,nan,1.455766083765209551e+01,1.000000000000000000e+00
1.262000000000000000e+03,5.901634337369187477e+01,1.696276249343253184e+01,-2.683564857534920939e-02,6.967202733200697367e+02,1.001090760291412085e-02,nan,1.399105395906576810e+01,1.000000000000000000e+00
1.262000000000000000e+03,6.977910031096014265e+00,4.301748991243060516e+01,-1.578844983948220464e-03,4.703713278346165794e+01,3.279547715526329732e-01,nan,9.599337481586672993e+00,1.000000000000000000e+00
1.265000000000000000e+03,1.414096483364585595e+02,1.499046385838081008e+01,-3.243905861857506595e-02,8.408573182720596151e+02,1.145891416065414337e-02,nan,3.349110262531238646e+01,1.000000000000000000e+00
1.265000000000000000e+03,4.656466093085373359e+01,2.334282481508788365e+01,1.772848340535203163e-03,-5.202749941976026093e+01,3.423322816427583071e-01,nan,1.399105395906576810e+01,1.000000000000000000e+00
1.266000000000000000e+03,1.069684425914180537e+02,2.653659225964173274e+01,-7.912502107404546792e-02,2.041764733071405317e+03,9.789417859541571509e-03,nan,9.270629665670481856e+00,1.000000000000000000e+00
1.267000000000000000e+03,9.962098041374956381e+01,3.477776012326251021e+01,-2.482233189700171899e-02,6.449315385441117314e+02,4.127329213146713194e-02,nan,1.104092605756622270e+01,1.000000000000000000e+00
1.268000000000000000e+03,7.440264929356980872e+01,3.437697521421430480e+01,-3.919773557347465409e-02,1.014711402936460331e+03,7.626160719795382903e-03,nan,1.506060737048468390e+01,1.000000000000000000e+00
1.270000000000000000e+03,8.583989830220514250e+01,4.417550722071240443e+01,-4.603682246011743529e-02,1.190633879857869942e+03,9.619013250356522882e-03,nan,1.506060737048468390e+01,1.000000000000000000e+00
1.270000000000000000e+03,1.423749839816427709e+01,4.405862752929633075e+01,-1.306603861317233830e-03,4.003424871327278112e+01,3.118158330377249765e-01,nan,1.212081455944720787e+01,1.000000000000000000e+00
1.271000000000000000e+03,4.009255229962062117e+01,4.651708053754023098e+01,-8.353967737531593774e-02,2.155323353417790713e+03,8.745899953851110631e-03,nan,2.220314946033609260e+01,1.000000000000000000e+00
1.272000000000000000e+03,6.229116686969398131e+01,4.606835219282640281e+01,-5.288797646965751401e-03,1.424685949884414811e+02,9.934259044338156208e-02,nan,1.683378454655619194e+01,1.000000000000000000e+00
1.272000000000000000e+03,1.316383678103949819e+02,5.196501870005403134e+01,1.770998369551736625e-03,-5.197991244169747915e+01,2.538812141589901206e-01,nan,2.615919340935199600e+01,1.000000000000000000e+00
1.275000000000000000e+03,1.150335972314404529e+02,4.644533499855240777e+00,-4.083873267917518396e-02,1.056922926234918350e+03,9.163398006540091068e-03,nan,1.641334441251440168e+01,1.000000000000000000e+00
1.275000000000000000e+03,6.438727362410995170e+01,1.145480303646642639e+01,-3.885820112387940173e-02,1.005977526270906537e+03,1.116069710562728190e-02,nan,3.336700119641396611e+01,1.000000000000000000e+00
1.276000000000000000e+03,8.246614492587150380e+01,4.590043828136023762e+01,-4.655845169591837918e-02,1.204051797880808181e+03,8.321010463606781649e-03,nan,2.017567680770358862e+01,1.000000000000000000e+00
1.276000000000000000e+03,1.129686675714524569e+02,3.314649746485876847e+01,2.259662802454292640e-03,-6.454987373104933113e+01,2.305736932511651682e-01,nan,1.642098841013906707e+01,1.000000000000000000e+00
1.278000000000000000e+03,3.113068704828083000e+01,8.742568134052277173e+00,-2.032353230555844839e-02,5.292084924097712246e+02,4.459675931846884822e-02,nan,3.336700119641396611e+01,1.000000000000000000e+00
1.278000000000000000e+03,1.015181423788858694e+02,1.395744684275586778e+01,-4.646451703790118598e-02,1.201635507814450420e+03,9.357924886233104367e-03,nan,1.641334441251440168e+01,1.000000000000000000e+00
1.281000000000000000e+03,1.275434424955411430e+02,2.558179018181884956e+01,-4.098495397365518877e-02,1.060684190381718281e+03,9.423185117229060381e-03,nan,1.578147993214324174e+01,1.000000000000000000e+00
1.281000000000000000e+03,1.365207109427104726e+01,4.642319744259219760e+01,-7.486143317030723165e-02,1.932092059360721350e+03,6.974504880106091598e-03,nan,3.278995034128251262e+01,1.000000000000000000e+00
1.282000000000000000e+03,1.284585785661707860e+02,8.182622199288577036e+00,-4.944092024001637414e-02,1.278197808061809383e+03,9.429974770990168231e-03,nan,1.742321785756218944e+01,1.000000000000000000e+00
1.284000000000000000e+03,4.930602963827188745e+01,1.479619265066988554e+01,-1.872680666487153492e-02,4.881357681807248241e+02,4.341141585393892832e-02,nan,9.399977315054901084e+00,1.000000000000000000e+00
1.285000000000000000e+03,4.653005051574475637e+00,1.489229745951276485e+01,-1.270748809031183729e-02,3.333002688564272944e+02,1.708211805396664396e-02,nan,1.887238062155520524e+01,1.000000000000000000e+00
1.286000000000000000e+03,1.132826412658694153e+02,3.234083280163071095e+01,-3.495689959642713125e-03,9.634431685464829798e+01,1.254719953018471612e-01,nan,1.578147993214324174e+01,1.000000000000000000e+00
1.286000000000000000e+03,5.602139139727017891e+01,8.218693888273186587e+00,-4.333665958218730491e-02,1.121177335519405915e+03,9.848393726734738785e-03,nan,9.399977315054901084e+00,1.000000000000000000e+00
1.289000000000000000e+03,2.258395074727258489e+01,2.077854726586466327e+01,-2.413937752572863429e-02,6.273638388482180517e+02,1.502142606785994428e-02,nan,1.887238062155520524e+01,1.000000000000000000e+00
1.289000000000000000e+03,8.507196039481536332e+01,3.085606506420106854e+01,-1.378939147253122272e-03,4.189493609472913960e+01,3.376167109044261316e-01,nan,1.427012139169165117e+01,1.000000000000000000e+00
1.291000000000000000e+03,9.354951678993604247e+00,3.582202268485614383e+01,-1.483085979272593009e-03,4.457391487597067936e+01,3.523459309944410034e-01,nan,2.003278735049935833e+01,1.000000000000000000e+00
1.292000000000000000e+03,3.683615386541112713e+01,4.571209941877699379e+01,-2.707970754889617651e-02,7.029982253117508435e+02,1.150873513694072869e-02,nan,1.631634372956700219e+01,1.000000000000000000e+00
1.292000000000000000e+03,1.387536071643448849e+02,4.622830382888353995e+01,-1.288810821616752974e-03,3.957655667514659825e+01,3.601590077512232257e-01,nan,2.897383753848572852e+01,1.000000000000000000e+00
1.294000000000000000e+03,8.567837115127932179e+01,1.659883424864433721e+01,-7.001747147736711585e-02,1.807490375940266176e+03,7.661009582505706739e-03,nan,1.427012139169165117e+01,1.000000000000000000e+00
1.294000000000000000e+03,1.129693474687800574e+02,3.301258539747634302e+01,-7.495447133063083689e-03,1.992304478097265417e+02,1.206262878994062149e-01,nan,2.798061445898645871e+01,1.000000000000000000e+00
1.300000000000000000e+03,2.175953293179236780e+01,9.672991899663486492e+00,-5.519670460673921364e-02,1.426254392106242904e+03,5.687103964806861089e-02,nan,3.790520116838076348e+01,1.000000000000000000e+00
1.302000000000000000e+03,1.137574940528058107e+02,1.869228858103205582e+01,-2.110896884021527461e-02,5.494123504586088984e+02,1.823705387683208778e-01,nan,1.550404939801644488e+01,1.000000000000000000e+00
1.303000000000000000e+03,5.233167054197569712e+01,3.208166605855625164e+01,-4.132420127055028841e-02,1.069410680591286791e+03,7.410560120060250000e-03,nan,1.615305446088359531e+01,1.000000000000000000e+00
1.303000000000000000e+03,1.426205553551662604e+02,3.492757944686976401e+01,-3.061399263832352557e-02,7.939109739555510714e+02,1.116859797780767050e-02,nan,3.243339057012429549e+01,1.000000000000000000e+00
1.304000000000000000e+03,1.248115357375924646e+02,7.821055432619999692e+00,-4.055940780132098050e-02,1.049737826061113765e+03,9.684383682022179585e-03,nan,1.550404939801644488e+01,1.000000000000000000e+00
1.304000000000000000e+03,6.702933295398254643e+01,2.538092818583264787e+01,-3.600902630774695246e-02,9.326879337940121104e+02,1.715442094295438480e-02,nan,9.679933269734913637e+00,1.000000000000000000e+00
1.305000000000000000e+03,6.138745782760646819e+01,1.751515720233079065e+01,-2.362370459890449081e-02,6.140991355227790791e+02,2.812090396251087920e-02,nan,9.679933269734913637e+00,1.000000000000000000e+00
1.307000000000000000e+03,8.425400315127893691e+01,3.029940456996338227e+01,-3.800486847780555622e-02,9.840271701453823425e+02,8.744702036620477514e-03,nan,1.791314247548101690e+01,1.000000000000000000e+00
1.314000000000000000e+03,8.002070908382588499e+00,2.503853734604210146e+01,-1.765794909861325172e-03,5.184606335738686766e+01,3.039518064919969342e-01,nan,1.280141063158766279e+01,1.000000000000000000e+00
1.315000000000000000e+03,2.617030956065048031e+01,3.083760909358382918e+01,-1.439309832836632285e-03,4.344785693304125829e+01,3.561893108419417198e-01,nan,1.907129069724694048e+01,1.000000000000000000e+00
1.316000000000000000e+03,1.000733079636758873e+02,1.853584219082402029e+01,-3.094394324915777233e-02,8.023983246328848509e+02,1.218761072379137556e-02,nan,2.139987043396143207e+01,1.000000000000000000e+00
1.316000000000000000e+03,1.053873630510775001e+02,3.926541703254225979e+01,-3.860383748937937232e-02,9.994345065137846404e+02,7.631727392152010125e-03,nan,2.139987043396143207e+01,1.000000000000000000e+00
1.321000000000000000e+03,6.470526563100796125e+01,5.992938108384246121e+00,-4.284633841541533872e-02,1.108564757908498905e+03,3.321894527791013907e-02,nan,3.752629559744306675e+01,1.000000000000000000e+00
1.322000000000000000e+03,1.178021091679538728e+02,5.104733131568904980e+01,-1.375549705983736097e-03,4.180774917732725271e+01,3.560216493828932682e-01,nan,2.627931168728703426e+01,1.000000000000000000e+00
1.323000000000000000e+03,1.166217967829891506e+02,2.479453936070872189e+01,-6.502468323665937244e-02,1.679060413197014668e+03,7.225509931213958126e-03,nan,1.526569903218402757e+01,1.000000000000000000e+00
1.323000000000000000e+03,3.925383885451612542e+01,3.366209435264358518e+01,-5.683502781455049974e-02,1.468397134477143027e+03,1.061410421444675123e-02,nan,3.759464499404617754e+01,1.000000000000000000e+00
1.328000000000000000e+03,1.307065714674069170e+02,3.068187229085703649e+01,-2.049599915615435072e-02,5.336448734715360160e+02,1.271403115752889335e-02,nan,1.526569903218402757e+01,1.000000000000000000e+00
1.329000000000000000e+03,1.329916960155039973e+01,5.257207183890805879e+00,-1.281210920400602943e-02,3.359914476299131820e+02,1.965582756668049491e-02,nan,3.258178625117089666e+01,1.000000000000000000e+00
1.330000000000000000e+03,7.778478979421207384e+01,4.497323368786136655e+01,-2.992879856519754800e-02,7.762856621976879978e+02,1.148513511723858738e-02,nan,3.326732388207705071e+01,1.000000000000000000e+00
1.333000000000000000e+03,4.574008392268220291e+01,8.283735446764699972e+00,-1.666423653626994059e-02,4.350800822592052555e+02,1.345825223446883712e-02,nan,3.258178625117089666e+01,1.000000000000000000e+00
1.337000000000000000e+03,1.058962670729915700e+01,3.777011041832383142e+01,-1.558787889184759523e-02,4.073928330695659383e+02,1.425097809957698303e-02,nan,4.588028935625692384e+01,1.000000000000000000e+00
1.337000000000000000e+03,7.613113027887985140e+01,4.430524660974077733e+01,-2.744679961959628142e-02,7.124409692637103717e+02,1.094619402192675839e-02,nan,3.307550194110794450e+01,1.000000000000000000e+00
1.342000000000000000e+03,6.262611273923176469e+01,1.226423779791150004e+01,-2.394117789649573280e-02,6.222655310949335217e+02,1.181116437277485165e-02,nan,2.398569566763216798e+01,1.000000000000000000e+00
1.342000000000000000e+03,1.388101488624188562e+02,3.617819091399094589e+01,-4.809930132576158146e-02,1.243687218213728784e+03,9.541786489098535995e-03,nan,2.402922393939380186e+01,1.000000000000000000e+00
1.343000000000000000e+03,1.355586435834453596e+02,1.236997139739660589e+01,-5.148433479445257283e-02,1.330760753342672615e+03,9.445648512288018495e-03,nan,1.853129661449619903e+01,1.000000000000000000e+00
1.343000000000000000e+03,2.330058409573168987e+01,2.083471167762067822e+01,-4.732159152804666508e-02,1.223682115747890975e+03,2.561915817562032682e-02,nan,1.035505982705520900e+01,1.000000000000000000e+00
1.344000000000000000e+03,1.785974889234008955e+01,2.964519272642995062e+01,-5.432482561961494288e-02,1.403826966700930143e+03,3.209542522861819069e-02,nan,1.035505982705520900e+01,1.000000000000000000e+00
1.346000000000000000e+03,8.618186187576692703e+01,7.743145089628302280e+00,-2.437428469892847019e-02,6.334063782165411567e+02,1.306691458465292222e-02,nan,2.159053612107610931e+01,1.000000000000000000e+00
1.346000000000000000e+03,8.268058072090659039e+01,4.737961979570169291e+01,-3.112214360232391439e-02,8.069821891219419285e+02,1.201239353058458637e-02,nan,2.425018406102590163e+01,1.000000000000000000e+00
1.347000000000000000e+03,1.179372523928985288e+02,6.634509190725130345e+00,-1.786321147931127637e-03,5.237406171491187479e+01,2.753609025487627759e-01,nan,1.853129661449619903e+01,1.000000000000000000e+00
1.350000000000000000e+03,9.587702504074653120e+01,2.703446596716063510e+01,-2.893460242558586193e-02,7.507118611442482461e+02,9.698794612459038511e-03,nan,2.159053612107610931e+01,1.000000000000000000e+00
1.351000000000000000e+03,1.323539785564831845e+02,3.141202445925954478e+01,-3.357281240820796098e-02,8.700209739174938477e+02,8.849500316558844837e-03,nan,2.086635271077476617e+01,1.000000000000000000e+00
1.353000000000000000e+03,1.426049918499328442e+02,4.958677072730895219e+01,-4.302826718616353102e-02,1.113244528834614357e+03,1.004403385152041750e-02,nan,2.086635271077476617e+01,1.000000000000000000e+00
1.356000000000000000e+03,1.773762709292265427e+01,2.075851529534927664e+01,-3.713502242498648021e-02,9.616520381009112270e+02,1.020303730904981165e-02,nan,8.438537442939187727e+00,1.000000000000000000e+00
1.358000000000000000e+03,6.378529206803561635e+01,6.246651464479401561e+00,-1.554209392352477953e-03,4.640342913767061361e+01,3.350778360952542112e-01,nan,2.479380605333684073e+01,1.000000000000000000e+00
1.359000000000000000e+03,8.033170413130251575e+01,2.471145762222333175e+01,-1.907095249368782539e-02,4.969882637888414934e+02,1.404689576737638834e-02,nan,1.520505385991092773e+01,1.000000000000000000e+00
1.360000000000000000e+03,1.659755832747501358e+01,1.239734567705200519e+01,-2.653273885485209552e-02,6.889284980148750037e+02,1.094838219669747037e-02,nan,8.438537442939187727e+00,1.000000000000000000e+00
1.361000000000000000e+03,2.712721135023911501e+01,4.691751021284402157e+01,-7.550523500230012230e-02,1.948652634596566713e+03,9.772445716242694758e-03,nan,2.026374638939782358e+01,1.000000000000000000e+00
1.362000000000000000e+03,9.562616346405862089e+01,4.403264547801610007e+01,-5.228345657591171314e-02,1.351316638285545878e+03,9.215308894256812877e-03,nan,2.464201262965677941e+01,1.000000000000000000e+00
1.362000000000000000e+03,4.739002960052774682e+01,4.711145425014145616e+01,-4.585920127898990978e-02,1.186064913465778773e+03,1.017450848968837196e-02,nan,2.026374638939782358e+01,1.000000000000000000e+00
1.363000000000000000e+03,1.209321831180464812e+02,4.126477067559805789e+01,-2.588832514814969760e-02,6.723521834681764631e+02,8.133896764643711030e-03,nan,2.545693936139771907e+01,1.000000000000000000e+00
1.364000000000000000e+03,9.428662466010298715e+01,1.867375475460427481e+01,-8.478069614840526985e-03,2.245065385712825616e+02,2.402380764636524724e-02,nan,1.520505385991092773e+01,1.000000000000000000e+00
1.369000000000000000e+03,4.934699871361388546e+00,1.540537734327089758e+01,-1.946425101657144052e-02,5.071051187816257197e+02,8.746297013824788635e-03,nan,5.094983967100967703e+01,1.000000000000000000e+00
1.373000000000000000e+03,4.218551021148575586e+01,5.171488512251923453e+01,-4.695461025101473757e-02,1.214242221751905845e+03,7.862552244172427152e-03,nan,3.106376663553282214e+01,1.000000000000000000e+00
1.373000000000000000e+03,5.572246419691294506e+01,1.946606168384994007e+01,-1.724938938084205880e-03,5.079512134258373379e+01,3.419728117765290509e-01,nan,4.391946377773492394e+00,1.000000000000000000e+00
1.375000000000000000e+03,9.043811993020379703e+01,2.352385088636766142e+01,-3.050452580732513838e-02,7.910951483388907945e+02,8.444342073882782351e-03,nan,1.191604976626300960e+01,1.000000000000000000e+00
1.381000000000000000e+03,2.194982089194650499e+01,4.898849029194467164e+01,-5.143579648783813685e-02,1.329512197904393588e+03,1.015487952058302668e-02,nan,3.143166798520431371e+01,1.000000000000000000e+00
1.384000000000000000e+03,6.098158945650330232e+00,5.771105679397334320e+00,-3.532646768506084167e-02,9.151304139763408330e+02,8.430257489101311563e-03,nan,1.866140170314397650e+01,1.000000000000000000e+00
1.385000000000000000e+03,2.054112756100145276e+01,1.758840533295978759e+01,-3.751507053923178875e-02,9.714280515827584850e+02,9.293544933387520857e-03,nan,1.510484188777321179e+01,1.000000000000000000e+00
1.385000000000000000e+03,9.203003907115571280e+01,3.149921036056247914e+01,-1.655174433527174371e-03,4.900056241296429960e+01,3.358582669996670322e-01,nan,1.978341851541269492e+01,1.000000000000000000e+00
1.388000000000000000e+03,2.115053888679592831e+01,4.878761014704216592e+01,-1.502501412773719208e-02,3.929142096633505616e+02,1.316099404407933271e-02,nan,1.613559162395165103e+01,1.000000000000000000e+00
1.390000000000000000e+03,2.009419108232286533e+01,3.268663358128927854e+01,-8.495773932199680162e-03,2.249619483962561333e+02,6.363530995686461633e-02,nan,1.030689473614560470e+01,1.000000000000000000e+00
1.390000000000000000e+03,8.714435650038819858e+01,5.066985860139336495e+01,-5.748796007203968439e-02,1.485192572509042748e+03,8.466564363341588795e-03,nan,1.846111963275767920e+01,1.000000000000000000e+00
1.392000000000000000e+03,2.661898784019186692e+01,1.973559412165676363e+01,-8.357837843253992927e-02,2.156318864362332079e+03,9.895621554362854511e-03,nan,9.931976819060412964e+00,1.000000000000000000e+00
1.392000000000000000e+03,1.049635244382483101e+01,2.892983007680036422e+01,-3.003773165252702007e-02,7.790877582756198763e+02,1.347024773137495135e-02,nan,9.412714878092520721e+00,1.000000000000000000e+00
1.394000000000000000e+03,1.181738406537846515e+02,5.401871697098767910e+00,-4.571659167289887638e-02,1.182396553119996497e+03,9.684549441196788067e-03,nan,3.641582716805736908e+01,1.000000000000000000e+00
1.394000000000000000e+03,8.184755918461419810e+01,7.954075246275179367e+00,-3.542133067452411105e-02,9.175705836000284989e+02,1.009235654087770051e-02,nan,2.834862046645285361e+01,1.000000000000000000e+00
1.394000000000000000e+03,1.697228255478838932e+01,2.209890549998209863e+01,-1.771370533578766476e-02,4.620756671557039681e+02,6.156910275677918154e-02,nan,9.412714878092520721e+00,1.000000000000000000e+00
1.395000000000000000e+03,3.700282856157374312e+01,2.192714220658575996e+01,-3.425985984267856249e-02,8.876939598639992255e+02,1.346372821529995267e-02,nan,1.061258833346438735e+01,1.000000000000000000e+00
1.396000000000000000e+03,7.023599118430513499e+01,3.381554796004746066e+01,-1.556204124298504916e-03,4.645473981562452082e+01,2.924317168874147610e-01,nan,1.282826017712962674e+01,1.000000000000000000e+00
1.399000000000000000e+03,1.039252457590056338e+02,4.927785026999066531e+01,-2.656960597483313050e-02,6.898768344187726598e+02,1.099132206133546230e-02,nan,3.387852442599604075e+01,1.000000000000000000e+00
1.400000000000000000e+03,4.407255952694860923e+01,3.088570390815160849e+01,-1.164629027149364929e-03,3.638221666552984601e+01,3.714112577475803256e-01,nan,1.141213931230874046e+01,1.000000000000000000e+00
1.401000000000000000e+03,4.266244005924525595e+01,5.313791713805894545e+01,-2.479706684790712601e-02,6.442816433037189654e+02,1.293545194903589213e-02,nan,2.229684799567999676e+01,1.000000000000000000e+00
1.402000000000000000e+03,9.599218867436395897e+01,1.634122897128082030e+01,-3.279593131473992895e-02,8.500371882891466839e+02,9.836617860898511090e-03,nan,2.917181306911058769e+01,1.000000000000000000e+00
1.406000000000000000e+03,1.387755994712604775e+02,2.288690412292564602e+01,-6.251426272400384399e-02,1.614484629613503103e+03,7.797998817381301961e-03,nan,2.388389299370889773e+01,1.000000000000000000e+00
1.406000000000000000e+03,9.643195076241630659e+01,4.840972549608235909e+01,-1.679435854706296319e-02,4.384272230135377413e+02,1.187662490324459252e-02,nan,2.115566231111833417e+01,1.000000000000000000e+00
1.408000000000000000e+03,1.414630297634933420e+01,5.351012593149897967e+00,-2.702903401564617919e-02,7.016947452373699434e+02,1.103728819283200657e-02,nan,5.017516034768940614e+01,1.000000000000000000e+00
1.409000000000000000e+03,3.321280842519723109e+01,5.176238066052533782e+01,-8.097161619371930075e-02,2.089264873471504416e+03,5.670256743495094565e-02,nan,4.353300848881401208e+01,1.000000000000000000e+00
1.410000000000000000e+03,7.590974357732396527e+01,4.327152930731951130e+01,-4.574165990637780316e-02,1.183041385653747284e+03,3.736007012109687775e-02,nan,2.115566231111833417e+01,1.000000000000000000e+00
1.412000000000000000e+03,7.797272107398519836e+01,1.810077514316742153e+01,-1.613362896540193559e-03,4.792504030415665284e+01,2.891229496632973239e-01,nan,1.402495397179974823e+01,1.000000000000000000e+00
1.416000000000000000e+03,2.793341152671320771e+01,4.866363254441120390e+00,-6.572286247777384127e-02,1.697019743655566572e+03,1.041835802937984834e-02,nan,4.419234913996027103e+01,1.000000000000000000e+00
1.417000000000000000e+03,7.212307047078876110e+01,5.353974692402332813e+00,1.422803529203104777e-03,-4.302326372810649247e+01,3.331963280131121641e-01,nan,1.402495397179974823e+01,1.000000000000000000e+00
1.419000000000000000e+03,1.224809178928399405e+02,2.588823851740824367e+01,-1.437071693744897518e-03,4.339028507012464786e+01,3.412548969859399151e-01,nan,5.701536693184631410e+00,1.000000000000000000e+00
1.427000000000000000e+03,4.095568641041893443e+01,1.856370240060383381e+01,-2.445860239418393145e-02,6.355752902428843072e+02,1.068698534564715974e-02,nan,1.344275130618257030e+01,1.000000000000000000e+00
1.427000000000000000e+03,3.009941503164097298e+01,2.649143438586920851e+01,-3.546747956981861211e-02,9.187576759856000308e+02,1.258302145976653019e-02,nan,1.344275130618257030e+01,1.000000000000000000e+00
1.428000000000000000e+03,7.559122005590660365e+01,3.551924369443550944e+01,-3.239471257876903182e-02,8.397166009082300207e+02,1.236469007775087281e-02,nan,1.673561107337968679e+01,1.000000000000000000e+00
1.428000000000000000e+03,9.929052467320795472e+01,3.860982267042840022e+01,-2.425943286176900429e-02,6.304520335785853149e+02,1.288958299575049260e-02,nan,2.171398499460880771e+01,1.000000000000000000e+00
1.429000000000000000e+03,6.162396534840677020e+01,4.945554727497488479e+00,-4.178753908224229485e-02,1.081329162814900883e+03,1.139850351641780168e-02,nan,2.151451692425653661e+01,1.000000000000000000e+00
1.431000000000000000e+03,1.191519685708254030e+02,4.738593745134888735e+01,-3.889181579017558787e-02,1.006842199501957566e+03,9.013058354195635502e-03,nan,2.113442766750258883e+01,1.000000000000000000e+00
1.434000000000000000e+03,1.211323913083602406e+02,2.634450312254055149e+01,-2.730896324672653017e-02,7.088953912462021663e+02,9.490255400772418248e-03,nan,1.106131419285604167e+01,1.000000000000000000e+00
1.434000000000000000e+03,3.877954890700610235e+01,3.875486452689416694e+01,-5.502043444320654092e-02,1.421720178067147117e+03,9.918812668082699346e-03,nan,4.032100149513045295e+01,1.000000000000000000e+00
1.437000000000000000e+03,1.289239955311495862e+02,1.849316086095943135e+01,-2.057860615091804124e-02,5.357697809878077351e+02,1.140960089539022615e-02,nan,1.106131419285604167e+01,1.000000000000000000e+00
1.438000000000000000e+03,9.248890890162434175e+01,1.654554122625044954e+01,-1.446015907068703282e-03,4.362035791290582409e+01,3.279026841252358215e-01,nan,1.473148379026228305e+01,1.000000000000000000e+00
1.441000000000000000e+03,7.177699164763875217e+01,4.280539403053579406e+01,-7.557216670272508263e-02,1.950374325038359075e+03,7.682619591507622303e-03,nan,1.267974129623574520e+01,1.000000000000000000e+00
1.443000000000000000e+03,6.963586547474605482e+01,3.030773752816623912e+01,-6.273526941605145346e-02,1.620169605594311179e+03,8.154244499262053303e-03,nan,1.267974129623574520e+01,1.000000000000000000e+00
1.443000000000000000e+03,1.224844046740032439e+02,4.646623022587065321e+01,-5.926908906644805936e-02,1.531008721595382895e+03,9.089138359983373050e-03,nan,1.974763260702094669e+01,1.000000000000000000e+00
1.444000000000000000e+03,7.010417296340270354e+01,1.641148978142826920e+01,-2.835151940247301536e-02,7.357131615551004415e+02,1.034245700648517285e-02,nan,1.390413655509222934e+01,1.000000000000000000e+00
1.444000000000000000e+03,1.397981332291628291e+02,8.956103650409273698e+00,1.458434536445431685e-03,-4.393980348745905218e+01,3.164575304352830187e-01,nan,4.131313098990298727e+01,1.000000000000000000e+00
1.445000000000000000e+03,5.455361804863956365e+01,4.484592865785849369e+01,-7.588306369117274464e-02,1.958371557590257225e+03,1.228496875227036433e-02,nan,1.734382828835679291e+01,1.000000000000000000e+00
1.446000000000000000e+03,1.033848589227121124e+02,5.148383380489259764e+01,-2.648540595274462631e-02,6.877109493103999966e+02,1.541524403969285473e-02,nan,1.974763260702094669e+01,1.000000000000000000e+00
1.447000000000000000e+03,1.394780827979595017e+01,2.403643063807378155e+01,-3.956100076685963723e-02,1.024055707762362545e+03,1.084029065893754584e-02,nan,1.675382279062445079e+01,1.000000000000000000e+00
1.450000000000000000e+03,3.027322639561388939e+01,2.027195173079183377e+01,-5.200295322806693793e-02,1.344101224217042272e+03,9.526165808363518117e-03,nan,1.675382279062445079e+01,1.000000000000000000e+00
1.452000000000000000e+03,6.700674013170085175e+01,1.313704623008965378e+01,-4.057558816246369104e-02,1.050154035016620583e+03,9.711079968070968071e-03,nan,2.640001133794957866e+01,1.000000000000000000e+00
1.452000000000000000e+03,9.511672834054881776e+01,2.870718514747852268e+01,-1.415161616786479813e-03,4.282669009436968111e+01,3.213078606416748251e-01,nan,1.850726811167580621e+01,1.000000000000000000e+00
1.453000000000000000e+03,9.489505033916779553e+01,5.093053009398798991e+01,-2.151114142630160611e-02,5.597574738159942171e+02,1.322535178198136485e-02,nan,1.806593490037861471e+01,1.000000000000000000e+00
1.455000000000000000e+03,9.793535046753837037e+01,1.041581170908693998e+01,-2.062308790468216080e-02,5.369139893345792416e+02,1.324880340783318733e-02,nan,1.850726811167580621e+01,1.000000000000000000e+00
1.455000000000000000e+03,4.587273412676051265e+01,2.895837325493216596e+01,-3.557190332944368955e-02,9.214437782017553218e+02,1.115039309241117049e-02,nan,1.785493098136063139e+01,1.000000000000000000e+00
1.456000000000000000e+03,1.721097009877330208e+01,3.981744799188376760e+01,-3.489458922929615514e-02,9.040211637319104057e+02,9.020212363596513683e-03,nan,1.386729773681906508e+01,1.000000000000000000e+00
1.456000000000000000e+03,2.646683481341090882e+01,1.109932284128961477e+01,-1.669512811772339619e-03,4.936938986869557056e+01,1.945855827394975535e-01,nan,2.637299015729708174e+01,1.000000000000000000e+00
1.457000000000000000e+03,1.113660972333521499e+02,4.350876359036514884e+01,-1.973556955464864093e-02,5.140842711223364176e+02,3.451321372677818022e-02,nan,9.134153061451540268e+00,1.000000000000000000e+00
1.458000000000000000e+03,1.180383383923538503e+02,3.727065890495402556e+01,-3.130967880181625279e-02,8.118061747433379196e+02,1.341998552120304833e-02,nan,9.134153061451540268e+00,1.000000000000000000e+00
1.460000000000000000e+03,3.106053878738473628e+01,3.911645322655316193e+01,-4.165106256282499059e-02,1.077818564435985991e+03,8.778856043597293990e-03,nan,1.386729773681906508e+01,1.000000000000000000e+00
1.461000000000000000e+03,9.372985003635110957e+01,3.065323648291589009e+01,-8.640236621365067482e-02,2.228960568362187132e+03,1.401098248125309809e-02,nan,1.234666281337140958e+01,1.000000000000000000e+00
1.462000000000000000e+03,1.297957784497730671e+01,2.906470908825813027e+01,-1.502348322931182584e-03,4.506940195836889274e+01,3.538742633188548536e-01,nan,2.068716289931056451e+01,1.000000000000000000e+00
1.463000000000000000e+03,1.060395285782330319e+02,3.160816937198199739e+01,-4.737267356113809141e-02,1.224996103702215123e+03,1.284623997277478669e-02,nan,1.234666281337140958e+01,1.000000000000000000e+00
1.463000000000000000e+03,5.611220318637351312e+01,2.223101353812123904e+01,-1.488622848282182554e-03,4.471634027963952462e+01,3.063576517045596415e-01,nan,2.128106412596863350e+01,1.000000000000000000e+00
1.466000000000000000e+03,7.229057907761958290e+01,4.595600800776634465e+00,-3.955964944345261719e-02,1.024020947542931708e+03,2.504485971020875557e-02,nan,2.393214634952219200e+01,1.000000000000000000e+00
1.466000000000000000e+03,3.541717433826867989e+01,2.719079894776326967e+01,-4.317523256798973252e-02,1.117024933210389008e+03,1.156760233326137310e-02,nan,2.128106412596863350e+01,1.000000000000000000e+00
1.466000000000000000e+03,2.108666624155787161e+01,5.115579494092378354e+01,-4.019346944949255679e-02,1.040324759328487971e+03,9.744534136108540245e-03,nan,2.353170109490208262e+01,1.000000000000000000e+00
1.467000000000000000e+03,1.204040687512984960e+02,3.417449284677255861e+01,-2.858878782238183369e-02,7.418164394951878648e+02,8.861294316673595794e-03,nan,1.459198514804866065e+01,1.000000000000000000e+00
1.469000000000000000e+03,9.550135524415263433e+01,4.067052454596392153e+01,-3.296085181273010478e-02,8.542794538112018472e+02,1.111236310783281223e-02,nan,1.212343287088139299e+01,1.000000000000000000e+00
1.476000000000000000e+03,2.096379981333658549e+01,4.594406941402414191e+01,-1.681057157266850274e-03,4.966634615650021090e+01,3.196582152872855520e-01,nan,2.392399277351157849e+01,1.000000000000000000e+00
1.477000000000000000e+03,1.180544345110058799e+02,5.785316518182206380e+00,-5.285597213240193076e-02,1.366043509934231452e+03,1.012228338034160124e-02,nan,2.490476474631121562e+01,1.000000000000000000e+00
1.478000000000000000e+03,1.087946147329001150e+02,2.890463841018646463e+01,-3.097223489887380304e-02,8.031260734064759390e+02,7.693013798374725987e-03,nan,1.427366002971482395e+01,1.000000000000000000e+00
1.479000000000000000e+03,6.150550141124518433e+01,3.357262321526025062e+01,-3.784912265877252158e-02,9.800209057553279308e+02,1.094202652745934756e-02,nan,3.078989452802219162e+01,1.000000000000000000e+00
1.480000000000000000e+03,9.253184497049404911e+01,2.528587558768704469e+01,-3.780926542183100925e-02,9.789956542908834081e+02,4.761802467687847873e-02,nan,3.743529833934073014e+00,1.000000000000000000e+00
1.484000000000000000e+03,7.407908695958390410e+01,4.629396946835125704e+00,-1.431213384599869416e-02,3.745767229504961620e+02,1.944769460100981284e-02,nan,1.571604859867350967e+01,1.000000000000000000e+00
1.484000000000000000e+03,1.816815966074624455e+01,2.784734792141135173e+01,-2.567115264892670667e-02,6.667658347909663235e+02,9.398572648332992330e-03,nan,4.371388757809003778e+01,1.000000000000000000e+00
1.485000000000000000e+03,6.246957756605770129e+01,1.522248314479908160e+01,-5.144356135832594407e-02,1.329711934400190330e+03,7.502520383640187696e-03,nan,1.571604859867350967e+01,1.000000000000000000e+00
1.486000000000000000e+03,1.175799283686584431e+02,8.431544858307765011e+00,-2.700864015766705692e-02,7.011701521054011437e+02,1.370004080956110926e-02,nan,3.053250718878675229e+01,1.000000000000000000e+00
1.488000000000000000e+03,7.213988613854998277e+01,4.554307778772947302e+01,-3.541247910231307139e-02,9.173428937733274324e+02,1.652131613924845421e-02,nan,9.095289984511186532e+00,1.000000000000000000e+00
1.489000000000000000e+03,6.875415704786351512e+01,3.710144652198297166e+01,-2.651318225914930937e-02,6.884254418593955052e+02,2.973108721258999054e-02,nan,9.095289984511186532e+00,1.000000000000000000e+00
1.494000000000000000e+03,4.145127235963985868e+01,4.903018475232777007e+01,-4.513875522063452023e-02,1.167532811567543831e+03,2.542988476642715767e-02,nan,8.314927193676494355e+00,1.000000000000000000e+00
1.495000000000000000e+03,1.320353319011404096e+02,2.215648998228171251e+01,-3.750114319325009021e-02,9.710697971487013547e+02,9.433403642886029061e-03,nan,2.253795809623585100e+01,1.000000000000000000e+00
1.495000000000000000e+03,4.335744411080606397e+01,4.093669826681382773e+01,-3.862273764021927763e-02,9.999206768761523563e+02,3.951749211165356268e-02,nan,8.314927193676494355e+00,1.000000000000000000e+00
1.496000000000000000e+03,1.877207433493525812e+01,4.104106727080518624e+01,-1.583733990396893549e-03,4.716289315738162458e+01,3.546527183222223378e-01,nan,2.404520786305110747e+01,1.000000000000000000e+00
1.499000000000000000e+03,1.233026988052972115e+02,4.293389776961329574e+01,-2.783257400801792195e-02,7.223642802361919166e+02,1.081551682790315994e-02,nan,2.253795809623585100e+01,1.000000000000000000e+00
1.502000000000000000e+03,1.150940963699955830e+02,1.681910766151207426e+01,-3.846262706069237397e-02,9.958021373403105372e+02,1.053972973300310034e-02,nan,1.154188477765640286e+01,1.000000000000000000e+00
1.504000000000000000e+03,1.154515316418136450e+02,5.282758834991746255e+00,-3.573938131582091865e-02,9.257518302387655922e+02,1.097777961267676350e-02,nan,1.154188477765640286e+01,1.000000000000000000e+00
1.504000000000000000e+03,4.182472410655566364e+01,3.579390471684930475e+01,-1.575009010340459002e-03,4.693845967261106722e+01,3.263624002046487949e-01,nan,1.830074075664466093e+01,1.000000000000000000e+00
1.505000000000000000e+03,1.226751938574332712e+02,4.751843250027736332e+01,-1.361207449576467979e-03,4.143882196326649847e+01,2.874286373807440897e-01,nan,1.759413869303039846e+01,1.000000000000000000e+00
1.506000000000000000e+03,7.084330365047489408e+01,7.385855878871089075e+00,-2.806358348422145765e-02,7.283065587771204719e+02,1.045952758241652791e-02,nan,1.228672952552440378e+01,1.000000000000000000e+00
1.506000000000000000e+03,1.352783404054704306e+02,3.524185262482799175e+01,-3.027658520222959934e-02,7.852318106588724049e+02,7.986226171429855469e-03,nan,1.759413869303039846e+01,1.000000000000000000e+00
1.506000000000000000e+03,8.494406346986095002e+01,5.159445173158955100e+01,-4.824941466486636077e-02,1.247548597791437260e+03,6.631743090816422104e-02,nan,1.984992294037908422e+01,1.000000000000000000e+00
1.507000000000000000e+03,6.873109349655047140e+01,3.301809192543093729e+01,-2.731540607450784822e-02,7.090611207127893749e+02,1.327319121154868498e-02,nan,1.213166485964680952e+01,1.000000000000000000e+00
1.507000000000000000e+03,5.565308347051245619e+01,4.778113081562559472e+01,-1.591599868962668279e-02,4.158330895700335077e+02,1.580386428990443459e-02,nan,1.830074075664466093e+01,1.000000000000000000e+00
1.508000000000000000e+03,8.083341511067237661e+01,3.217482220870503085e+01,-6.473738494086299367e-02,1.671670212041577997e+03,1.028424319540655052e-02,nan,1.213166485964680952e+01,1.000000000000000000e+00
1.513000000000000000e+03,1.654416779629659828e+01,2.009162107581499512e+01,-2.652552932318211557e-02,6.887430465518583560e+02,1.159681430835357574e-02,nan,6.753248964221862494e+00,1.000000000000000000e+00
1.515000000000000000e+03,1.104255534666596787e+02,2.502900759966825817e+01,-2.849881527115904686e-02,7.395020670755357060e+02,1.393253290429807834e-02,nan,9.257096477210247087e+00,1.000000000000000000e+00
1.515000000000000000e+03,1.196813739385383002e+02,2.518270399107346691e+01,-3.085626066824481012e-02,8.001428573354600076e+02,1.164495683070132515e-02,nan,9.257096477210247087e+00,1.000000000000000000e+00
1.517000000000000000e+03,8.519318126112420941e+01,3.697068273626670987e+01,-2.778155867903396234e-02,7.210520081179143972e+02,1.740479936150673979e-02,nan,2.344380183522600447e+01,1.000000000000000000e+00
1.517000000000000000e+03,6.175176003278593129e+01,3.663659399811801620e+01,-2.682664765306461835e-02,6.964887417473426012e+02,1.067508180905518689e-02,nan,1.458220853858576582e+01,1.000000000000000000e+00
1.518000000000000000e+03,7.093238304584799891e+01,6.385650368154649925e+00,-2.650200712160112604e-02,6.881379827424111681e+02,9.318611708848956177e-03,nan,3.161334258523109852e+01,1.000000000000000000e+00
1.518000000000000000e+03,1.349281719355702478e+02,5.172269938368744846e+01,-3.794550409562236215e-02,9.825001345443325818e+02,1.156717750243763110e-02,nan,3.060778013189242586e+01,1.000000000000000000e+00
1.518000000000000000e+03,1.089654541832346553e+02,3.448408777221776944e+01,-4.257450579585034256e-02,1.101572381801199072e+03,9.918623048113084373e-03,nan,9.567153755783229130e+00,1.000000000000000000e+00
1.522000000000000000e+03,5.565442541518082464e+01,4.988285069288873075e+01,-2.949893669727151127e-02,7.652282848323985718e+02,1.141314181456021259e-02,nan,1.458220853858576582e+01,1.000000000000000000e+00
1.526000000000000000e+03,3.526901459709338837e+01,2.237235687806336770e+01,-3.414138088420640843e-02,8.846463144424739085e+02,1.151330624987290108e-02,nan,1.275932722927856844e+01,1.000000000000000000e+00
1.527000000000000000e+03,9.718674158229462989e+01,5.034706693617606987e+01,-6.006995152852755843e-02,1.551609382230002439e+03,7.869508392516544326e-03,nan,3.498324386170629907e+01,1.000000000000000000e+00
1.531000000000000000e+03,1.321318367730739567e+02,4.871376561829771390e+01,-2.906035039524631006e-02,7.539464880260487689e+02,9.339466836858045795e-03,nan,2.782924645003026853e+01,1.000000000000000000e+00
1.534000000000000000e+03,1.266874176832921393e+02,1.180336954083534806e+01,-1.822291380494747356e-02,4.751740846270349721e+02,1.435010449239182417e-02,nan,3.566076925860542701e+01,1.000000000000000000e+00
1.535000000000000000e+03,1.043979971550753731e+02,4.641135426937362496e+01,-5.515481189430582187e-02,1.425176781913772174e+03,7.664945156016123029e-03,nan,1.641166678908235710e+01,1.000000000000000000e+00
1.537000000000000000e+03,2.599390621483444264e+01,2.305082029150641532e+01,-5.256538957335125245e-02,1.358568827365393645e+03,1.485211795091967435e-02,nan,1.101647903328566791e+01,1.000000000000000000e+00
1.540000000000000000e+03,9.648225973577866910e+01,3.203484885586597386e+01,-2.481368831103366798e-02,6.447091987671523157e+02,8.657053407022796687e-02,nan,5.836881643972126277e+00,1.000000000000000000e+00
1.540000000000000000e+03,1.869653337413920724e+01,1.479787173267568257e+01,-1.117704277942219299e-01,2.881505608646019937e+03,7.791332532788186604e-03,nan,1.101647903328566791e+01,1.000000000000000000e+00
1.540000000000000000e+03,1.315374621054860711e+02,3.586067276302457429e+01,-1.476084080020645829e-03,4.439380436122308993e+01,3.302760325071263381e-01,nan,1.319888589566130577e+01,1.000000000000000000e+00
1.541000000000000000e+03,4.724832654110102226e+00,2.398633982728171432e+01,-6.880520523993961801e-02,1.776307137196368330e+03,7.516249624724524736e-03,nan,1.672233138457837143e+01,1.000000000000000000e+00
1.544000000000000000e+03,4.173057490342662845e+01,4.817325959677223324e+01,-1.669177410615992757e-02,4.357884337663201109e+02,1.506798653577023916e-02,nan,3.880811677224617995e+01,1.000000000000000000e+00
1.544000000000000000e+03,1.008197924262090623e+02,3.594061350381731046e+01,-3.319485096040949990e-02,8.602986359534345411e+02,3.531902039550949279e-02,nan,5.836881643972126277e+00,1.000000000000000000e+00
1.547000000000000000e+03,1.021990380869692245e+02,4.487747694053954461e+01,-7.110551392665333259e-02,1.835478194467313642e+03,8.354916651305499542e-03,nan,9.042668117284216933e+00,1.000000000000000000e+00
1.548000000000000000e+03,1.969369893740673660e+01,1.622883872134313776e+01,-5.493837574226782122e-02,1.419609374364640189e+03,1.005677592874043569e-02,nan,3.880811677224617995e+01,1.000000000000000000e+00
1.554000000000000000e+03,1.002952358987234227e+01,5.721335302486766139e+00,-5.098601011016888618e-02,1.317942300496067674e+03,1.026894678157785901e-02,nan,4.815828934467877787e+01,1.000000000000000000e+00
1.555000000000000000e+03,1.427714456033737065e+02,3.410411993825455568e+01,-2.571855891096246419e-02,6.679852705397947830e+02,9.981138531719779827e-03,nan,2.081609555210980034e+01,1.000000000000000000e+00
1.558000000000000000e+03,3.267322297526259689e+01,4.822408475178566789e+01,-2.640279597176332232e-02,6.855859649793709423e+02,1.252299162478587302e-02,nan,4.815828934467877787e+01,1.000000000000000000e+00
1.561000000000000000e+03,1.080572530077539710e+02,7.467256703763013981e+00,-8.458136777350841462e-02,2.182118853763484822e+03,9.890055986806922661e-03,nan,2.293643026490007131e+01,1.000000000000000000e+00
1.561000000000000000e+03,9.094049244223971584e+01,5.109400651057908505e+01,-6.304691325071221097e-02,1.628186049341777334e+03,7.139999260648344226e-03,nan,2.443962747495705656e+01,1.000000000000000000e+00
1.567000000000000000e+03,5.626507534975146285e+01,9.368652246143687634e+00,-2.493371258049472544e-02,6.477965943689702044e+02,1.222007139990377578e-02,nan,1.644612208529895980e+01,1.000000000000000000e+00
1.568000000000000000e+03,7.024344247062528268e+01,2.809928193146300401e+01,-3.282355123646571449e-02,8.507476581402996771e+02,1.071388515886406712e-02,nan,1.172712639669792267e+01,1.000000000000000000e+00
1.570000000000000000e+03,7.112963293001109832e+01,1.640568710378820683e+01,-3.155628149215087414e-02,8.181495590018241728e+02,1.558239653438919792e-02,nan,5.568558569073093878e+00,1.000000000000000000e+00
1.570000000000000000e+03,1.020542708062343564e+02,4.877432353551154165e+01,-9.609358070398520135e-02,2.478248592593331523e+03,8.303898472040827095e-03,nan,2.216375782480981371e+01,1.000000000000000000e+00
1.573000000000000000e+03,1.706015634617224208e+01,3.431904967006245499e+01,-8.967223477523014741e-02,2.313071705725275933e+03,5.354277169384713542e-02,nan,7.268442252334110343e+00,1.000000000000000000e+00
1.573000000000000000e+03,6.193186901552385848e+01,1.107174357002737075e+01,-7.458141540704667227e-02,1.924889136030268901e+03,1.172021866880534890e-02,nan,1.063248863850757431e+01,1.000000000000000000e+00
1.574000000000000000e+03,1.158422065913157262e+01,3.909862926736075650e+01,-5.236888703620373037e-02,1.353514174071859770e+03,3.244339848543301708e-01,nan,7.268442252334110343e+00,1.000000000000000000e+00
1.575000000000000000e+03,7.655670374119810617e+01,1.515839124972655938e+01,-3.091318381835098453e-02,8.016070968935807741e+02,1.154813948990396355e-02,nan,5.568558569073093878e+00,1.000000000000000000e+00
1.575000000000000000e+03,1.339509642682315302e+02,3.414802323997821532e+01,1.635736732823150734e-03,-4.850056460474995390e+01,3.230437461239363817e-01,nan,1.837148291044445259e+01,1.000000000000000000e+00
1.577000000000000000e+03,1.130769311248910753e+02,2.736483950145201405e+01,-1.090558309459207760e-03,3.447688860940457545e+01,3.741385250572173415e-01,nan,1.316205358285693450e+01,1.000000000000000000e+00
1.579000000000000000e+03,1.233536033763014217e+02,1.914111394942331756e+01,-1.744293126442431454e-03,5.129297095485176783e+01,2.780309782065332191e-01,nan,5.247145694545032768e+00,1.000000000000000000e+00
1.579000000000000000e+03,6.197442500488270412e+01,3.704870538428725268e+01,-1.734263386392732257e-03,5.103497500573361378e+01,2.838141946558281337e-01,nan,2.630263686502446419e+01,1.000000000000000000e+00
1.582000000000000000e+03,1.265771629556419100e+02,2.328130737222673119e+01,-1.761597551503720892e-03,5.173809431253692992e+01,3.447707167117928240e-01,nan,5.247145694545032768e+00,1.000000000000000000e+00
1.586000000000000000e+03,9.968307124874255010e+01,1.266505300741793327e+01,-1.396474763617085776e-03,4.234600640809467365e+01,3.158543062822688485e-01,nan,2.891361315154912859e+01,1.000000000000000000e+00
1.586000000000000000e+03,3.668923718293027747e+01,4.237335974871770361e+01,-1.678705703026888178e-03,4.960585947733994772e+01,3.509590214546856046e-01,nan,2.008002458102903631e+01,1.000000000000000000e+00
1.589000000000000000e+03,6.187752699254428279e+01,1.033060745921545731e+01,-2.758931477887953225e-03,7.739260895102498239e+01,1.706113001873081902e-01,nan,3.072204117166880621e+01,1.000000000000000000e+00
1.590000000000000000e+03,5.588431342907037447e+01,4.826881860105469002e+01,-2.598433114183352696e-02,6.748217546972167611e+02,1.408779340069965524e-02,nan,1.002944317668170626e+01,1.000000000000000000e+00
1.595000000000000000e+03,1.332901303866729279e+02,8.708393289799760240e+00,1.822700067338911371e-03,-5.330984008942572672e+01,3.441815197786317615e-01,nan,1.071061376163136813e+01,1.000000000000000000e+00
1.598000000000000000e+03,1.039976328595629980e+02,2.870459186086937464e+01,1.088183393005065719e-03,-3.441579840949644620e+01,3.740240556648962711e-01,nan,1.811963507699563181e+01,1.000000000000000000e+00
1.599000000000000000e+03,8.167130535813687686e+01,4.977148098445645985e+01,-5.930044423608848980e-02,1.531815273580883968e+03,9.516298253381849648e-03,nan,2.242705153544870456e+01,1.000000000000000000e+00
1.603000000000000000e+03,1.108347228999598286e+02,1.192438402237711870e+01,-3.082800578002996283e-02,7.994160541814305816e+02,9.827663502973593701e-03,nan,1.474257422648384264e+01,1.000000000000000000e+00
1.603000000000000000e+03,2.351113419926490167e+01,3.232861726790560652e+01,1.551508538545678375e-03,-4.633395482050368486e+01,3.576160489975104273e-01,nan,2.377648380956968310e+01,1.000000000000000000e+00
1.604000000000000000e+03,8.015568591532243659e+01,1.186470824907281951e+01,-5.132570613057899772e-02,1.326680333262928343e+03,8.782635044027320426e-03,nan,2.197676980776709499e+01,1.000000000000000000e+00
1.604000000000000000e+03,9.982826620660226524e+01,3.660723344344724239e+01,-5.409399009629718702e-02,1.397889162766486606e+03,9.088953457531800950e-03,nan,1.299062324105023869e+01,1.000000000000000000e+00
1.606000000000000000e+03,5.829711235809374159e+01,1.414092731296052285e+01,-3.684885654237914782e-02,9.542909661167245758e+02,9.331522697259897470e-03,nan,1.963781162966724381e+01,1.000000000000000000e+00
1.606000000000000000e+03,1.078019079428518694e+02,2.635163352667723302e+01,-6.231503664856529595e-02,1.609359918487675259e+03,8.951389733698356110e-03,nan,1.299062324105023869e+01,1.000000000000000000e+00
1.607000000000000000e+03,6.369268406513293712e+01,3.904125770512656857e+01,-2.021810853269626410e-02,5.264966667588150813e+02,1.443326085359641908e-02,nan,1.483545482862842313e+01,1.000000000000000000e+00
1.607000000000000000e+03,5.828563215407297093e+01,5.285626800564307359e+01,-3.830656639880903463e-02,9.917877742179275629e+02,1.021063838811842039e-02,nan,1.483545482862842313e+01,1.000000000000000000e+00
1.608000000000000000e+03,1.366103116229119223e+02,2.191019881987045892e+01,-2.662327290242209876e-02,6.912573138580166869e+02,1.973336522752400235e-02,nan,6.681467308832793606e+00,1.000000000000000000e+00
1.609000000000000000e+03,1.169242303135444985e+02,3.641436291278651538e+01,-6.396172772549464647e-02,1.651717908345002570e+03,1.294883844820837737e-02,nan,9.816711917332622050e+00,1.000000000000000000e+00
1.610000000000000000e+03,3.955484246916685720e+01,8.278251728134199183e+00,-3.221492878171334368e-02,8.350920053426809773e+02,1.813034755493601047e-01,nan,5.873788355365360481e+00,1.000000000000000000e+00
1.611000000000000000e+03,3.384551919926875740e+01,6.898028034878002757e+00,-4.894562430392725844e-02,1.265457263990628689e+03,7.410351074123622261e-02,nan,5.873788355365360481e+00,1.000000000000000000e+00
1.612000000000000000e+03,1.300477410430117118e+02,2.065533915328237669e+01,-5.954976579978747686e-02,1.538228595675315773e+03,1.185162045765442151e-02,nan,6.681467308832793606e+00,1.000000000000000000e+00
1.613000000000000000e+03,4.408454941360514567e+01,2.093604413721805813e+01,-3.729462538184057790e-02,9.657575200108706213e+02,1.127386909324323838e-02,nan,1.344388164459779134e+01,1.000000000000000000e+00
1.613000000000000000e+03,8.001169788793744431e+01,4.824798302075208767e+01,-1.733745113328294526e-03,5.102164341882315313e+01,2.691785484924875682e-01,nan,3.734783137681053944e+01,1.000000000000000000e+00
1.614000000000000000e+03,1.267011091702420629e+02,3.553091925903124348e+01,-5.386704941096102928e-02,1.392051546116732879e+03,1.359064314077007563e-02,nan,9.816711917332622050e+00,1.000000000000000000e+00
1.615000000000000000e+03,4.246715912336533449e+01,4.563057710514440402e+01,-3.608067769779744333e-02,9.345310292571158470e+02,1.036172495170351038e-02,nan,9.648696142774706885e+00,1.000000000000000000e+00
1.616000000000000000e+03,1.437472323572163759e+02,5.164460868651994474e+01,-4.017771225329228729e-02,1.039919435484700898e+03,1.070241568502927620e-02,nan,1.382247751627735255e+01,1.000000000000000000e+00
1.616000000000000000e+03,2.445288261952646991e+01,2.938408403306537053e+01,-1.670213163138926232e-03,4.938740507294247806e+01,3.054959334572185936e-01,nan,1.514161622189387479e+01,1.000000000000000000e+00
1.616000000000000000e+03,1.324145352063762289e+02,4.373064255218928764e+01,-5.756806689747843292e-02,1.487253167933999066e+03,2.565120546348409469e-02,nan,8.792738885904753943e+00,1.000000000000000000e+00
1.617000000000000000e+03,1.272501554647044344e+02,5.084692240893406989e+01,-3.684436573868320880e-02,9.541754487497643140e+02,4.277113272954780054e-02,nan,8.792738885904753943e+00,1.000000000000000000e+00
1.617000000000000000e+03,6.382890582854847139e+01,1.458824817757111525e+01,1.490009873415418587e-03,-4.475201885794033529e+01,3.237413896583986039e-01,nan,2.073967511282719656e+01,1.000000000000000000e+00
1.620000000000000000e+03,3.387805596457345558e+01,4.123459664758696874e+01,-2.875151978087099949e-02,7.460024090092759934e+02,1.313953229461894967e-02,nan,9.648696142774706885e+00,1.000000000000000000e+00
1.621000000000000000e+03,1.215445972443972522e+02,4.632043520938966985e+00,-1.441819972818840674e-03,4.351242550051362201e+01,3.424225802236279259e-01,nan,4.000756813566233916e+01,1.000000000000000000e+00
1.623000000000000000e+03,9.811628497411656724e+01,3.706227158513672748e+01,-2.534386141013992080e-02,6.583468913915921803e+02,1.075348279348553593e-02,nan,2.279501274387627419e+01,1.000000000000000000e+00
1.625000000000000000e+03,3.195207558081251520e+01,1.726503822309514646e+01,-8.270997209415338614e-02,2.133980766227975892e+03,3.766642359645755445e-02,nan,2.404681125437963018e+01,1.000000000000000000e+00
1.625000000000000000e+03,7.216148459679706662e+01,1.940969700812440379e+01,-3.334216844923825612e-02,8.640880976108397817e+02,1.110798146196834146e-02,nan,2.125955530613343569e+01,1.000000000000000000e+00
1.627000000000000000e+03,1.190811379675013484e+02,2.811310710127305157e+01,-5.174346027581420981e-02,1.337426262535665273e+03,8.059702850610861447e-03,nan,2.279501274387627419e+01,1.000000000000000000e+00
1.631000000000000000e+03,7.959493123652858060e+01,5.280056142983556811e+01,-2.161536844574028782e-02,5.624385152657819162e+02,1.311775770525214213e-02,nan,2.226443353354425270e+01,1.000000000000000000e+00
1.632000000000000000e+03,7.501055015495374789e+01,1.467118416055945218e+01,-2.318064944194195287e-02,6.027023859394564624e+02,1.458719617975900995e-02,nan,1.645662894020325595e+01,1.000000000000000000e+00
1.634000000000000000e+03,4.104825603338086637e+01,1.809634434588889107e+01,-4.729712024917916841e-02,1.223052638733903450e+03,1.116446659562997379e-02,nan,1.142649973650567929e+01,1.000000000000000000e+00
1.634000000000000000e+03,1.372845603966306385e+02,2.101301442355557114e+01,-2.948603543313924741e-02,7.648964243985154781e+02,1.002736864369258019e-02,nan,3.316992298414937324e+01,1.000000000000000000e+00
1.636000000000000000e+03,1.036439606746377606e+01,6.698334799241529858e+00,-2.724910140987782392e-02,7.073555595718805762e+02,9.899854181302458755e-03,nan,3.273245918096399265e+01,1.000000000000000000e+00
1.636000000000000000e+03,4.931355115290686797e+01,2.598619813512377164e+01,-5.008981300844071727e-02,1.294889337935564072e+03,9.589273290956712437e-03,nan,1.142649973650567929e+01,1.000000000000000000e+00
1.636000000000000000e+03,1.060084732970851746e+02,3.206064613881684977e+01,-6.501579124533715670e-02,1.678831683665704986e+03,1.037151845944228601e-02,nan,1.626034747999304386e+01,1.000000000000000000e+00
1.637000000000000000e+03,1.541044533653808379e+01,4.495986324445088655e+01,-3.354107169652831288e-02,8.692045045977608879e+02,1.054489558468241217e-02,nan,3.713416196631538213e+01,1.000000000000000000e+00
1.638000000000000000e+03,8.269403459498359155e+01,2.282283621571066234e+01,-2.732482789413924820e-02,7.093034790676598504e+02,1.069920210860453302e-02,nan,2.507788237011832067e+01,1.000000000000000000e+00
1.638000000000000000e+03,1.145157209998626229e+02,4.591797765299027390e+01,-2.210028640661000632e-02,5.749121057017350722e+02,7.010018788744465379e-02,nan,5.615441117392868442e+00,1.000000000000000000e+00
1.642000000000000000e+03,1.112492347385322802e+02,4.135034736503497754e+01,-2.719474931076117444e-02,7.059574554008173664e+02,3.258460479401303900e-02,nan,5.615441117392868442e+00,1.000000000000000000e+00
1.645000000000000000e+03,2.965652657673228276e+01,3.252713110167726995e+01,-4.069703315859943965e-02,1.053277976104668141e+03,1.076872779930981849e-02,nan,1.569884074940598495e+01,1.000000000000000000e+00
1.645000000000000000e+03,5.670974807576936172e+01,4.674610896231148871e+01,-3.926556457574892356e-02,1.016456174758339444e+03,9.856510482866287504e-03,nan,1.754665603173331334e+01,1.000000000000000000e+00
1.646000000000000000e+03,4.556674101290343515e+01,3.319182803365713141e+01,-3.653854648956967460e-02,9.463088313655964612e+02,1.173003076934264755e-02,nan,1.592409323686383082e+01,1.000000000000000000e+00
1.646000000000000000e+03,1.071384005003885846e+02,3.192486058438130669e+01,-2.174839614287648118e-03,6.236795886288305013e+01,2.993271807821631381e-01,nan,1.028293533898621526e+01,1.000000000000000000e+00
1.647000000000000000e+03,2.360928165171873161e+01,4.701451974463524408e+01,-3.330385182221422269e-02,8.631024754005844670e+02,9.176914085083809347e-03,nan,1.569884074940598495e+01,1.000000000000000000e+00
1.648000000000000000e+03,1.150901109290512210e+02,4.116898641806138670e+01,-3.247877565136678829e-02,8.418789632519376482e+02,8.854540705215740992e-03,nan,1.219358688697520066e+01,1.000000000000000000e+00
1.654000000000000000e+03,1.082932370039720524e+02,3.416523983377044260e+01,-2.039383001311340440e-02,5.310167669703881757e+02,1.363797919389608815e-02,nan,1.435228431306584795e+01,1.000000000000000000e+00
1.654000000000000000e+03,7.229655604057809626e+01,4.277095805010248597e+01,1.228203254665991180e-03,-3.801754251508639015e+01,3.629712593644141005e-01,nan,1.516881272536274672e+01,1.000000000000000000e+00
1.656000000000000000e+03,1.289106064031566632e+02,3.101767013874786016e+01,-2.122745226234312027e-02,5.524601106991704000e+02,1.228525432866678369e-02,nan,7.233023851388972858e+00,1.000000000000000000e+00
1.657000000000000000e+03,1.542427976356371744e+01,5.349680035058904082e+01,-2.038430443034108808e-02,5.307717395064588572e+02,8.764817623549525649e-03,nan,1.694162847650255443e+01,1.000000000000000000e+00
1.658000000000000000e+03,9.414363522925005157e+01,3.176173518017394670e+01,-4.729815825117486550e-02,1.223079339357124127e+03,8.432501425636007575e-03,nan,1.435228431306584795e+01,1.000000000000000000e+00
1.659000000000000000e+03,5.714384046522470584e+01,4.346959256797969573e+01,-1.106497989478765973e-02,2.910498756519373842e+02,2.861991340462433087e-02,nan,1.464908938516490267e+01,1.000000000000000000e+00
1.660000000000000000e+03,4.695151524390961129e+01,3.294760005717190410e+01,-1.518651877358797577e-03,4.548877982636041395e+01,3.748064984721385384e-01,nan,1.464908938516490267e+01,1.000000000000000000e+00
1.660000000000000000e+03,2.431588232897360768e+01,3.907604519509740726e+01,-1.479588255206426952e-03,4.448394258997598882e+01,3.636869688730308692e-01,nan,1.694162847650255443e+01,1.000000000000000000e+00
1.661000000000000000e+03,1.360537019364439288e+02,3.215469267022790234e+01,-2.436259555843548613e-02,6.331056973533363816e+02,1.150218369987399125e-02,nan,7.233023851388972858e+00,1.000000000000000000e+00
1.662000000000000000e+03,1.028645223268288049e+02,1.682366922226534811e+01,-1.843614803386024736e-02,4.806591288056704343e+02,1.428592053741395418e-02,nan,1.729738958142364424e+01,1.000000000000000000e+00
1.666000000000000000e+03,1.131985336636615926e+02,4.826922602316739130e+01,-7.650858935987625564e-02,1.974462013354339661e+03,8.415190954082163444e-03,nan,2.589758124513544857e+01,1.000000000000000000e+00
1.669000000000000000e+03,1.277770066020037802e+02,2.686472086340217658e+01,1.381557723480703569e-03,-4.196229397796693661e+01,3.615614106643516568e-01,nan,2.422337405579719061e+01,1.000000000000000000e+00
1.669000000000000000e+03,8.601514507682675514e+01,3.484438161057184402e+01,-1.354039045229390569e-03,4.125442842225519513e+01,3.361226049869530108e-01,nan,2.077250094734077734e+01,1.000000000000000000e+00
1.670000000000000000e+03,1.037250321672133424e+02,2.398819927730975010e+01,-5.981386107742322350e-02,1.545021943406526361e+03,8.553195950628977862e-03,nan,2.077250094734077734e+01,1.000000000000000000e+00
1.670000000000000000e+03,1.407994418920083888e+02,4.818911619065985974e+01,1.394490279593671531e-03,-4.229495933842052580e+01,3.605914421223413990e-01,nan,1.665070324347888686e+01,1.000000000000000000e+00
1.671000000000000000e+03,2.503889289616776281e+01,4.985161985504222315e+01,-5.023129424315004449e-02,1.298528673077887561e+03,1.035835794499262441e-02,nan,2.548130211234170517e+01,1.000000000000000000e+00
1.672000000000000000e+03,2.296467402423651549e+01,1.409861108583720402e+01,1.345170655494979392e-03,-4.102630599681429402e+01,3.369447368601501402e-01,nan,7.084936397722596979e+00,1.000000000000000000e+00
1.675000000000000000e+03,4.414235227586762988e+01,3.298880285821197589e+01,-1.257788417713704907e-03,3.877856445408861674e+01,3.720014467375950540e-01,nan,2.548130211234170517e+01,1.000000000000000000e+00
1.675000000000000000e+03,1.243970300512783922e+02,4.532436414039814565e+01,-1.645336192733076091e-03,4.874749241725663751e+01,3.248762151316852975e-01,nan,4.130052394663506377e+00,1.000000000000000000e+00
1.677000000000000000e+03,1.743811489474699883e+01,1.853183428662808296e+01,-1.321166313228318203e-03,4.040884003704297101e+01,3.588276086336710247e-01,nan,7.084936397722596979e+00,1.000000000000000000e+00
1.680000000000000000e+03,1.440752325452208424e+02,4.096887174239520846e+01,-2.395972410790988064e-02,6.227425970400756796e+02,1.020517612725624357e-02,nan,2.015445279390299760e+01,1.000000000000000000e+00
1.681000000000000000e+03,4.599134770026986274e+01,1.476711884849741274e+01,-5.937062294237450966e-02,1.533620487060638197e+03,9.744339183938688365e-03,nan,2.463630937453052994e+01,1.000000000000000000e+00
1.682000000000000000e+03,1.106110154197914994e+02,1.102192791083947476e+01,-2.813979219709262375e-02,7.302668826849030665e+02,1.198667015950038994e-02,nan,1.587783028868576274e+01,1.000000000000000000e+00
1.682000000000000000e+03,1.031847062764366143e+02,2.505600882779412331e+01,-2.470706373058717629e-03,6.997856739943671300e+01,2.341551553575972333e-01,nan,1.338483894923738582e+01,1.000000000000000000e+00
1.684000000000000000e+03,9.209313144101749060e+01,3.254806337693612761e+01,-1.292162219632882018e-02,3.388084606586741074e+02,2.425351084961968606e-02,nan,1.060493045826228631e+01,1.000000000000000000e+00
1.684000000000000000e+03,1.205112519364719645e+02,2.433860807149688199e+01,-2.139881571898039070e-02,5.568681090540854939e+02,1.149087613975008360e-02,nan,1.357122018040429268e+01,1.000000000000000000e+00
1.686000000000000000e+03,3.223070172613375917e+01,3.520219560323637609e+01,-8.707250618651038443e-02,2.246198642079276397e+03,8.724659117083866100e-03,nan,2.463630937453052994e+01,1.000000000000000000e+00
1.686000000000000000e+03,7.651158776017697960e+01,3.854748551423519132e+01,-4.209359165435292566e-02,1.089201781988525681e+03,4.436632330446177441e-02,nan,7.923533630917282800e+00,1.000000000000000000e+00
1.687000000000000000e+03,6.978485714191576506e+01,3.289250644648920741e+01,-4.294329698011178226e-02,1.111058832211525669e+03,2.621541168648455766e-02,nan,8.787928826936306947e+00,1.000000000000000000e+00
1.688000000000000000e+03,8.148948818805602912e+01,3.238283690053474828e+01,-3.371563291452346622e-02,8.736947592696385527e+02,4.152212297224955329e-02,nan,7.923533630917282800e+00,1.000000000000000000e+00
1.691000000000000000e+03,1.008136223043162687e+02,3.626495330858460875e+01,-4.432286284411014743e-02,1.146545535026315292e+03,7.839984131673194412e-03,nan,1.971022544642406871e+01,1.000000000000000000e+00
1.694000000000000000e+03,1.268860759033282051e+02,2.484814474404892337e+01,-3.184310860049023584e-02,8.255276397578703609e+02,4.135878209315091425e-02,nan,9.345253288884324050e+00,1.000000000000000000e+00
1.695000000000000000e+03,2.528042984135719706e+01,2.205170365877109262e+01,-2.749386488186600017e-02,7.136516334434002147e+02,1.165719288469102555e-02,nan,1.628086495527465871e+01,1.000000000000000000e+00
1.697000000000000000e+03,7.222557065055426051e+01,3.019652415853518335e+01,-4.109654952322541743e-02,1.063554773226943325e+03,8.045637205015054860e-03,nan,3.740651289801225232e+01,1.000000000000000000e+00
1.699000000000000000e+03,1.941970356538935505e+01,6.862284604374355723e+00,-2.799399771844649984e-02,7.265165975620476502e+02,8.943124834281612756e-03,nan,1.572830799318920647e+01,1.000000000000000000e+00
1.701000000000000000e+03,3.700697451890268752e+01,1.759106130686749836e+01,-2.183496832375686481e-02,5.680873036366049291e+02,6.323192177819370041e-02,nan,9.621085608170664827e+00,1.000000000000000000e+00
1.706000000000000000e+03,1.111502499907421395e+02,2.255942026726096827e+01,-1.584969803047434197e-03,4.719468208273049470e+01,3.332906085079285763e-01,nan,2.013607410090465066e+01,1.000000000000000000e+00
1.707000000000000000e+03,5.924742883154636530e+01,4.608419573260552937e+01,-1.601604055745910237e-03,4.762256653352872604e+01,3.107712007237828367e-01,nan,2.677142904425366154e+01,1.000000000000000000e+00
1.708000000000000000e+03,9.700273582935254524e+01,3.688803929529029091e+01,-3.673453535452519958e-02,9.513502714208957514e+02,1.598277054094676686e-02,nan,8.590795142449042743e+00,1.000000000000000000e+00
1.709000000000000000e+03,8.851616827197884163e+01,3.312269947186096175e+01,-2.380661839453563841e-02,6.188042443368483418e+02,3.073459366307251805e-02,nan,9.284374663474684652e+00,1.000000000000000000e+00
1.710000000000000000e+03,3.529704651420634320e+01,3.412223101418426552e+01,-3.696166965000491356e-02,9.571928683226300336e+02,1.016856772415652976e-02,nan,2.327989724462182153e+01,1.000000000000000000e+00
1.711000000000000000e+03,1.333840673635033625e+01,2.639101152263505057e+01,-1.226755636551117058e-02,3.219838636131488556e+02,2.126594834789852229e-02,nan,1.591053404877114197e+01,1.000000000000000000e+00
1.712000000000000000e+03,9.818092134532621174e+01,4.539765973744139416e+01,-2.169673318871118139e-02,5.645314682220412124e+02,1.255499700389173245e-02,nan,8.590795142449042743e+00,1.000000000000000000e+00
1.713000000000000000e+03,6.051381668256674118e+01,2.844923410904926797e+01,-2.142851484564684689e-03,6.154512518548997235e+01,3.599284011584789056e-01,nan,7.264845045176041793e+00,1.000000000000000000e+00
1.715000000000000000e+03,1.421079487110757782e+02,4.467987790081955524e+01,-1.470225160717638334e-03,4.424309482748682854e+01,3.232597108594388313e-01,nan,1.019454225474827602e+01,1.000000000000000000e+00
1.717000000000000000e+03,1.092219638892561306e+02,2.647189299453274103e+01,-8.097841403477183675e-02,2.089439734977945136e+03,8.154080986380485285e-03,nan,2.191093944274999927e+01,1.000000000000000000e+00
1.717000000000000000e+03,6.133435500584774758e+01,3.566759198258574770e+01,-2.719834197534717543e-02,7.060498698507567497e+02,1.596005301181235847e-02,nan,7.264845045176041793e+00,1.000000000000000000e+00
1.718000000000000000e+03,2.732000796526526187e+01,5.922516119407422508e+00,-2.703606475342568496e-02,7.018755975682813641e+02,9.814084917155629917e-03,nan,1.956862520953227502e+01,1.000000000000000000e+00
1.720000000000000000e+03,3.776846750627313298e+01,4.248358450371136286e+01,-3.787373895129667739e-02,9.806541129692805043e+02,1.013504599873360501e-02,nan,1.925097678249092326e+01,1.000000000000000000e+00
1.720000000000000000e+03,6.209594167630915251e+01,5.258351193886912966e+01,-2.366491465893241775e-02,6.151591857830488834e+02,9.539803371591215608e-03,nan,1.693305531273109921e+01,1.000000000000000000e+00
1.722000000000000000e+03,7.027478038461418919e+01,1.415691088710135936e+01,-3.211773286969448610e-02,8.325918257320975044e+02,1.079815419632301765e-02,nan,2.305703084089054400e+01,1.000000000000000000e+00
1.723000000000000000e+03,4.483334976545287276e+01,2.457583350745468564e+01,-4.599459922471617335e-02,1.189547767591928050e+03,7.486722419491220748e-03,nan,1.925097678249092326e+01,1.000000000000000000e+00
1.724000000000000000e+03,1.257312683436518626e+02,8.134738931903489956e+00,-3.202228431581938956e-02,8.301365935798245346e+02,1.086940574588857178e-02,nan,2.640568086147040461e+01,1.000000000000000000e+00
1.725000000000000000e+03,1.040451233954070602e+02,2.320029896270024850e+01,-2.390406942466720072e-02,6.213109863747029067e+02,1.262883659828939464e-02,nan,2.068479853763105680e+01,1.000000000000000000e+00
1.726000000000000000e+03,1.379225534761044116e+02,3.810525444641483972e+01,-1.686620002365469802e-03,4.980943974555675169e+01,3.216631746464636565e-01,nan,3.235520411597374135e+01,1.000000000000000000e+00
1.726000000000000000e+03,6.563594661391783802e+01,4.787575813042478501e+01,-1.397166944720481781e-03,4.236381144789105946e+01,3.626771272796032175e-01,nan,2.536661663364488462e+01,1.000000000000000000e+00
1.727000000000000000e+03,1.042283765018670749e+02,5.310374188238122173e+01,-2.236167453257536034e-02,5.816358171152397745e+02,1.617641162797998078e-01,nan,2.861558900268413197e+01,1.000000000000000000e+00
1.729000000000000000e+03,7.582686475004510385e+01,7.075408751505640303e+00,-3.445494563936800370e-02,8.927121702091292264e+02,1.213575106343367516e-02,nan,2.637707822543920599e+01,1.000000000000000000e+00
1.730000000000000000e+03,3.863122670534229286e+01,3.600072306401484212e+01,-4.063850856678120904e-02,1.051772542510369931e+03,8.627527097683440616e-03,nan,2.950036194979787396e+01,1.000000000000000000e+00
1.732000000000000000e+03,1.304013526659065860e+02,1.498627813935106978e+01,-7.187527486790590281e-02,1.855278827748781396e+03,8.707131258367417637e-03,nan,3.099606075165699437e+01,1.000000000000000000e+00
1.734000000000000000e+03,1.382015584855637087e+02,4.498482095881812626e+01,-1.537498952747699517e-03,4.597358492389702178e+01,3.406078596591578522e-01,nan,3.099606075165699437e+01,1.000000000000000000e+00
1.738000000000000000e+03,2.251928308996984995e+01,4.581250055781630692e+01,-5.181581642616959332e-02,1.339287486614551653e+03,1.094840247682593581e-02,nan,1.515346558365347640e+01,1.000000000000000000e+00
1.738000000000000000e+03,8.136455064103685686e+01,3.975101699945266631e+01,-7.954350957885140960e-02,2.052529552344631156e+03,9.124852252634263472e-03,nan,1.547213581225417123e+01,1.000000000000000000e+00
1.739000000000000000e+03,8.556538194117838714e+01,2.486008005846103330e+01,-3.874480017850313179e-02,1.003060503059110943e+03,1.000157834226456099e-02,nan,1.547213581225417123e+01,1.000000000000000000e+00
1.740000000000000000e+03,3.591477963230379800e+01,2.461155388899004848e+01,-4.833170674291182439e-02,1.249665404675268746e+03,1.502034400156659899e-02,nan,1.037014090005447464e+01,1.000000000000000000e+00
1.743000000000000000e+03,3.248696104075470714e+01,3.439878444673277613e+01,-9.256543238427400455e-02,2.387493700655646535e+03,1.033642426515524182e-02,nan,1.037014090005447464e+01,1.000000000000000000e+00
1.746000000000000000e+03,1.193079293534017609e+02,4.349049346388390092e+01,-6.989934014795969042e-02,1.804451672613954997e+03,8.403064574934782094e-03,nan,1.531008078967701636e+01,1.000000000000000000e+00
1.747000000000000000e+03,4.587744875417551782e+01,1.571084587091232976e+01,-3.806455603527890419e-02,9.855625188148967482e+02,9.521052524976814091e-03,nan,1.393846029381876583e+01,1.000000000000000000e+00
1.747000000000000000e+03,4.216809105047877893e+01,2.914666891188707964e+01,-2.223478377114263688e-02,5.783717940929140013e+02,1.585025942956030942e-02,nan,1.101403631084206580e+01,1.000000000000000000e+00
1.747000000000000000e+03,8.509250091681613526e+01,2.946365109453962106e+01,-1.623914858775639533e-03,4.819646942380511945e+01,2.931038821245008918e-01,nan,2.170082326810105755e+01,1.000000000000000000e+00
1.747000000000000000e+03,1.975085382469130835e+01,3.552264935169017690e+01,-2.218784239514100601e-02,5.771643166513808865e+02,9.259328747997841447e-03,nan,1.278559734011896154e+01,1.000000000000000000e+00
1.749000000000000000e+03,1.054462586126659858e+02,3.699028900080222826e+01,-2.236486080034840937e-03,6.395369671465359573e+01,1.523273507985154485e-01,nan,1.531008078967701636e+01,1.000000000000000000e+00
1.750000000000000000e+03,6.153081036549283311e+01,1.063181316452175551e+01,-2.439318585648345139e-02,6.338925744747358522e+02,6.502967880605126094e-02,nan,7.261494962426991329e+00,1.000000000000000000e+00
1.753000000000000000e+03,5.924024600084591441e+01,1.752257683633362717e+01,-5.198734341141659360e-02,1.343699691431315841e+03,1.224390805506436752e-02,nan,7.261494962426991329e+00,1.000000000000000000e+00
1.754000000000000000e+03,6.452245120584444749e+01,4.961467460551535424e+01,-4.569987596161757121e-02,1.181966573302390316e+03,1.086917188733081963e-01,nan,7.780218085209772205e+00,1.000000000000000000e+00
1.755000000000000000e+03,1.401397507701204290e+02,7.387061848293662969e+00,-3.098807099485527405e-02,8.035334267967753021e+02,1.128642035062421556e-02,nan,6.135865803774206029e+01,1.000000000000000000e+00
1.755000000000000000e+03,2.330191044730661432e+01,1.476189058725198855e+01,-1.537004698494775883e-02,4.017895223865012895e+02,2.047703028940750514e-02,nan,2.132840977907865465e+01,1.000000000000000000e+00
1.757000000000000000e+03,8.967760960683773419e+01,4.229346850107731370e+01,-2.390139277751326258e-02,6.212421347275502512e+02,1.592291527081898250e-01,nan,8.058214745706630211e+00,1.000000000000000000e+00
1.758000000000000000e+03,5.821446403394926961e+01,4.506043577859475846e+01,-5.272171815344921242e-02,1.362590082173276414e+03,1.339260184918822372e-02,nan,7.780218085209772205e+00,1.000000000000000000e+00
1.758000000000000000e+03,9.397905364458310373e+01,4.910760117355064835e+01,-7.589589295508873679e-02,1.958701565955787373e+03,1.378082285698079001e-02,nan,8.058214745706630211e+00,1.000000000000000000e+00
1.759000000000000000e+03,7.560141597864364371e+01,1.863393692161634263e+01,-2.788560929361610236e-02,7.237285118889420801e+02,1.208064073256165383e-02,nan,2.528761755625815510e+01,1.000000000000000000e+00
1.761000000000000000e+03,2.225193877254865171e+01,4.918205116465959748e+01,-8.071628282714929381e-02,2.082696909204898930e+03,8.858702292281805946e-03,nan,3.619794105425781794e+01,1.000000000000000000e+00
1.763000000000000000e+03,9.817997340228070868e+01,3.002131354396001939e+01,-5.112142200453444196e-02,1.321425513424380597e+03,3.528002580777855890e-02,nan,1.954313440290677661e+01,1.000000000000000000e+00
1.768000000000000000e+03,1.186067518610382479e+02,4.116963234628330071e+01,-2.691861298481150119e-02,6.988543746483383075e+02,1.201703062501102703e-02,nan,1.262722502061541086e+01,1.000000000000000000e+00
1.769000000000000000e+03,6.019669379326004588e+01,1.563877666196790805e+01,-8.702808340032253120e-02,2.245055950561029931e+03,7.049349242287172856e-03,nan,6.479841367764450411e+00,1.000000000000000000e+00
1.769000000000000000e+03,1.026325585748554303e+01,3.402301157727077197e+01,-2.663965329222215198e-02,6.916786681695391508e+02,1.233204513030217164e-02,nan,2.745709009887825758e+01,1.000000000000000000e+00
1.772000000000000000e+03,7.046056640284919581e+01,2.520981353699923844e+01,-5.685974765806701969e-02,1.469033005343037530e+03,9.860636437517333874e-03,nan,1.358430556318271343e+01,1.000000000000000000e+00
1.774000000000000000e+03,6.583119609318430321e+01,1.243866291656139289e+01,-3.091216499269738502e-02,8.015808895452164506e+02,9.116470482388949748e-03,nan,6.479841367764450411e+00,1.000000000000000000e+00
1.775000000000000000e+03,1.300962289191363368e+02,4.494875214630461358e+01,-2.196819009924058565e-03,6.293333692952888470e+01,2.865785037299973803e-01,nan,2.260228588511991532e+01,1.000000000000000000e+00
1.776000000000000000e+03,2.373776078736797857e+01,1.580940845012385587e+01,-3.478917146462981447e-02,9.013094926303425609e+02,1.007876475026392438e-02,nan,1.837985290149607209e+01,1.000000000000000000e+00
1.779000000000000000e+03,4.568885665368011928e+01,1.493243112396624284e+01,-3.632550737316560946e-02,9.408288060844220126e+02,7.476828257197887240e-02,nan,2.029612568862513200e+01,1.000000000000000000e+00
1.782000000000000000e+03,7.763573767147325100e+01,3.180528741070795107e+01,1.296105074268118001e-03,-3.976418742395678407e+01,3.636047080399349429e-01,nan,1.597209193451313070e+01,1.000000000000000000e+00
1.783000000000000000e+03,1.050386759581464702e+02,4.210355472575999158e+01,-1.747829029992916143e-03,5.138392533532198314e+01,2.982568471033276714e-01,nan,1.003790747859375010e+01,1.000000000000000000e+00
1.788000000000000000e+03,4.823864642566400818e+01,2.191109978468492514e+01,-5.061835834870211104e-02,1.308485159565737604e+03,1.085359244588879335e-02,nan,3.495371031733386502e+01,1.000000000000000000e+00
1.789000000000000000e+03,1.339657894568997278e+02,3.573924673931654183e+01,-3.006333148975686917e-02,7.797462653027869237e+02,1.376250604434159364e-02,nan,1.068157532559999900e+01,1.000000000000000000e+00
1.790000000000000000e+03,1.361891503841066537e+02,2.194787676217072203e+01,-4.283837748465317563e-02,1.108359978135775918e+03,9.133656819491520196e-03,nan,1.396943877395042399e+01,1.000000000000000000e+00
1.792000000000000000e+03,7.866479468944503139e+01,3.911608065588926308e+01,-2.965344847092789282e-02,7.692028057568569466e+02,1.099791912762082546e-02,nan,1.391164846115459675e+01,1.000000000000000000e+00
1.792000000000000000e+03,1.433343517515841086e+02,4.087014256432457415e+01,-6.623182638340623096e-02,1.710111870196219115e+03,8.879601908277523492e-03,nan,1.068157532559999900e+01,1.000000000000000000e+00
1.794000000000000000e+03,1.173427123738386655e+02,4.829772572238422867e+01,-4.374626052005275989e-02,1.131713539070110755e+03,1.208222885122622881e-02,nan,2.083367672969758644e+01,1.000000000000000000e+00
1.796000000000000000e+03,7.402458566320072464e+01,1.903370457570141028e+01,-9.115582435229648006e-03,2.409053409685807026e+02,3.026501828613659129e-02,nan,1.655917871438435540e+01,1.000000000000000000e+00
1.796000000000000000e+03,7.371468427886071595e+01,5.211724867379326298e+01,-2.115023082293055606e-02,5.504737363310617866e+02,1.087661095649572474e-02,nan,1.391164846115459675e+01,1.000000000000000000e+00
1.796000000000000000e+03,8.304968958248721833e+01,5.150120782566459887e+00,-5.174567831290128456e-02,1.337483317312820191e+03,3.849966993930564740e-02,nan,1.655917871438435540e+01,1.000000000000000000e+00
1.797000000000000000e+03,3.582135833521626722e+01,1.700245130592594123e+01,-1.958931399144649751e-03,5.681413148428656967e+01,3.298919835024686220e-01,nan,1.256557408753900162e+01,1.000000000000000000e+00
1.798000000000000000e+03,1.007051810802809371e+02,1.529502594599976106e+01,-3.973298253589416934e-02,1.028479611025380109e+03,8.426904959318082255e-03,nan,1.542299892769722192e+01,1.000000000000000000e+00
1.799000000000000000e+03,4.765862676162815603e+01,2.121822268854428728e+01,1.334634080839562165e-03,-4.075527269333797165e+01,3.723809903501508201e-01,nan,1.256557408753900162e+01,1.000000000000000000e+00
1.799000000000000000e+03,7.389821091587156054e+00,4.996813367704508124e+01,-1.540834337154772457e-03,4.605938133153198066e+01,3.133969528963738149e-01,nan,2.598265195966894225e+01,1.000000000000000000e+00
1.803000000000000000e+03,1.122747827919307468e+02,5.096339160067984153e+00,-1.171510953007774865e-03,3.655924109336180550e+01,3.686253594293178448e-01,nan,1.182075744428619224e+01,1.000000000000000000e+00
1.804000000000000000e+03,1.189218144899296448e+01,1.481203113737820232e+01,-1.659158312595892084e-03,4.910304010993478130e+01,3.395504533748354703e-01,nan,3.544323341016605156e+01,1.000000000000000000e+00
1.807000000000000000e+03,9.014005497220770735e+01,2.492476486651539602e+01,-1.599680647069717061e-03,4.757309051077064765e+01,3.127093195503772849e-01,nan,1.365903615024238249e+01,1.000000000000000000e+00
1.811000000000000000e+03,5.295386508655996494e+01,3.747603527693515701e+01,-2.486332363495542125e-02,6.459859728850781266e+02,1.503720357024596055e-02,nan,2.530802886733301449e+01,1.000000000000000000e+00
1.812000000000000000e+03,7.694538573228813050e+01,2.139348008576655502e+01,-1.470557666628425362e-03,4.425164790838581297e+01,3.284655537512675139e-01,nan,1.365903615024238249e+01,1.000000000000000000e+00
1.813000000000000000e+03,2.307505097098551872e+01,3.841161774738181833e+01,-4.894539355158970123e-02,1.265451328326489374e+03,8.937207572802252642e-03,nan,1.863338711528190927e+01,1.000000000000000000e+00
1.815000000000000000e+03,6.323723142470146286e+01,1.435140118457946024e+01,-2.057698807677363351e-02,5.357281591140042565e+02,1.257556480144073063e-02,nan,1.541117678086755838e+01,1.000000000000000000e+00
1.815000000000000000e+03,1.380858838031061850e+02,2.533127660993230279e+01,1.355482312972803791e-03,-4.129155373452135791e+01,3.628708727922755894e-01,nan,1.779658052257673617e+01,1.000000000000000000e+00
1.816000000000000000e+03,9.988937550741344751e+01,1.826979895991809855e+01,-2.718907182907406156e-02,7.058114130039846259e+02,1.005033651717313070e-02,nan,2.195287029493618292e+01,1.000000000000000000e+00
1.818000000000000000e+03,2.964492307044252684e+01,2.097487791492660492e+01,-3.239329468418274821e-02,8.396801282720773543e+02,1.197964300180609509e-02,nan,1.863338711528190927e+01,1.000000000000000000e+00
1.824000000000000000e+03,5.613580044994068885e+01,1.068267033072786454e+01,-2.613039928776722184e-02,6.785790793895175739e+02,8.331871016714176292e-03,nan,4.666907833105700121e+01,1.000000000000000000e+00
1.824000000000000000e+03,9.875851626636240610e+01,2.969074673795245545e+01,-4.355920883126077753e-02,1.126901990840055760e+03,8.197857808688757686e-03,nan,2.182105100515341434e+01,1.000000000000000000e+00
1.824000000000000000e+03,1.164687395781649748e+01,4.433395465489535781e+01,-3.296052629126571681e-02,8.542710803918760121e+02,1.124532532027622267e-02,nan,5.578237640229744443e+01,1.000000000000000000e+00
1.830000000000000000e+03,1.301710495611697525e+02,3.780816388717158105e+01,-5.386975467678910973e-02,1.392121133924739070e+03,8.188667879019839724e-03,nan,2.343076780797672143e+01,1.000000000000000000e+00
1.830000000000000000e+03,5.306608780271621129e+01,1.348313254754904378e+01,1.451282391305751393e-03,-4.375582818357288772e+01,3.388481200148776296e-01,nan,1.991813761776748137e+01,1.000000000000000000e+00
1.831000000000000000e+03,1.412757931819095063e+02,1.717601544865558694e+01,-9.744740434273470309e-02,2.513073125720513417e+03,7.666856105452368730e-03,nan,2.343076780797672143e+01,1.000000000000000000e+00
1.834000000000000000e+03,5.126153289115376310e+01,3.331935667744533447e+01,-1.810406893953281924e-03,5.299362163116222746e+01,2.315884858689559733e-01,nan,9.523550825727777891e+00,1.000000000000000000e+00
1.835000000000000000e+03,3.121512544418588320e+01,2.146652072736984351e+01,-4.837819791881122627e-02,1.250861301577117729e+03,1.065722061942342425e-02,nan,2.326368506543217052e+01,1.000000000000000000e+00
1.837000000000000000e+03,1.111622252546507070e+02,2.805922826150973037e+01,-4.123788975529273787e-02,1.067190481345009630e+03,9.789038311375342083e-03,nan,3.172459789548614495e+01,1.000000000000000000e+00
1.837000000000000000e+03,7.746674874863950322e+01,3.526099357733102835e+01,-3.163561774813471172e-02,8.201903329960261999e+02,1.130590459095492939e-02,nan,1.857625770925331565e+01,1.000000000000000000e+00
1.840000000000000000e+03,5.980907552197688659e+01,2.651771169933969929e+01,-2.855172008079878351e-02,7.408629424829026675e+02,1.057603716684163420e-02,nan,1.970376618257558832e+01,1.000000000000000000e+00
1.841000000000000000e+03,6.549585628750840272e+01,4.946574926564287722e+01,-1.900038184705985910e-03,5.529921577556110890e+01,2.844608966358455060e-01,nan,1.378147764271309406e+01,1.000000000000000000e+00
1.842000000000000000e+03,1.720244736925985407e+01,1.930993041171153379e+01,-1.368292738232332155e-03,4.162107751151479107e+01,3.352911859603658895e-01,nan,2.805387213843806293e+01,1.000000000000000000e+00
1.846000000000000000e+03,4.457969916420632472e+01,2.543413045056816557e+01,-4.788554076296452910e-02,1.238188635098954137e+03,9.252508436418005466e-03,nan,2.663358182105681138e+01,1.000000000000000000e+00
1.848000000000000000e+03,3.457680308346063214e+01,5.011792575470910549e+01,-3.539367770316687728e-02,9.168592636100891013e+02,1.298432029547602617e-02,nan,1.505975227901561375e+01,1.000000000000000000e+00
1.849000000000000000e+03,9.188965725865806178e+01,5.308126233533533167e+01,-6.434450903592872639e-02,1.661564228090158394e+03,3.019577194730282965e-02,nan,2.476887407899339166e+01,1.000000000000000000e+00
1.850000000000000000e+03,1.127567097205973994e+02,3.415751770916853047e+01,-1.675305742462326625e-03,4.951840197111628328e+01,2.609408457343151966e-01,nan,2.543467896385325133e+01,1.000000000000000000e+00
1.851000000000000000e+03,1.354506300570283770e+02,6.846249115977335542e+00,1.577793989321519966e-03,-4.701009794956865306e+01,2.894706941271059097e-01,nan,1.433863172048560131e+01,1.000000000000000000e+00
1.853000000000000000e+03,7.341773777999421213e+01,3.658019225140472486e+01,-1.560799814836211826e-03,4.657295519670656603e+01,2.943192164534333966e-01,nan,2.476887407899339166e+01,1.000000000000000000e+00
1.853000000000000000e+03,1.212277702534333628e+02,8.664660131946247290e+00,1.459090329886140449e-03,-4.395667252397672087e+01,3.494141620159108008e-01,nan,1.433863172048560131e+01,1.000000000000000000e+00
1.857000000000000000e+03,9.054645361050599206e+01,1.666556103043021508e+01,-2.634336869938807418e-02,6.840573116479803275e+02,1.155661008739028439e-02,nan,2.113912011311040828e+01,1.000000000000000000e+00
1.859000000000000000e+03,6.601306779774250799e+01,2.885904263023610739e+01,-3.626563882928131310e-02,9.392888018843916598e+02,9.259467998608661432e-03,nan,1.872960783700136389e+01,1.000000000000000000e+00
1.859000000000000000e+03,4.599402032917706151e+01,3.803403642642089721e+01,-4.337073233131481104e-02,1.122053792058324916e+03,1.352617290246904691e-02,nan,2.202141622849688574e+01,1.000000000000000000e+00
1.860000000000000000e+03,1.420785754221604975e+02,1.759626212071689011e+01,-4.181918176414972654e-03,1.139962299870458935e+02,1.455575114199120224e-01,nan,2.634583287609535773e+01,1.000000000000000000e+00
1.862000000000000000e+03,6.928669800015990177e+01,1.041774237711719486e+01,-1.985771332942288733e-02,5.172261869591981167e+02,8.872946906902434705e-03,nan,1.872960783700136389e+01,1.000000000000000000e+00
1.863000000000000000e+03,2.994575556399807326e+01,1.438513371401791829e+01,-3.299432452720708203e-02,8.551404756022208176e+02,1.148393822303650502e-02,nan,2.858001752053322875e+01,1.000000000000000000e+00
1.863000000000000000e+03,1.130683417987959842e+02,5.227686876722516729e+01,-1.955411924164158349e-02,5.094168076098153506e+02,1.536029904435898263e-02,nan,2.103743073238758399e+01,1.000000000000000000e+00
1.867000000000000000e+03,8.655280225075102862e+01,2.786197711320090065e+01,-1.639050440277561860e-02,4.280388447759741553e+02,1.666046107694374445e-02,nan,1.401592848186900397e+01,1.000000000000000000e+00
1.867000000000000000e+03,4.863482876840058822e+01,3.715945562046925943e+01,-2.190774489332818556e-02,5.699593421986292014e+02,2.024116395266970514e-01,nan,2.246911857949655555e+01,1.000000000000000000e+00
1.868000000000000000e+03,1.384929019368459535e+02,6.529236595113975916e+00,-2.780697740529377432e-02,7.217058564105201413e+02,9.098282256593814843e-03,nan,1.530077415770800719e+01,1.000000000000000000e+00
1.870000000000000000e+03,2.896873537815712396e+01,2.629179439526999218e+01,1.481323769668217933e-03,-4.452858539213829658e+01,3.650767179062347489e-01,nan,7.977556629179026970e+00,1.000000000000000000e+00
1.871000000000000000e+03,1.030629329570459021e+02,3.062078183248797814e+01,-2.774142592389353124e-02,7.200196694728572311e+02,8.982033141308853885e-03,nan,1.673903878417460334e+01,1.000000000000000000e+00
1.871000000000000000e+03,3.664060511170916357e+01,7.180596769683683434e+00,-1.636506016458892003e-03,4.852035296025674427e+01,3.578368785895785775e-01,nan,1.912757287289971941e+01,1.000000000000000000e+00
1.872000000000000000e+03,1.232506544628046043e+02,7.866241368951858881e+00,-2.849078472804600012e-02,7.392954966577464120e+02,1.169870812568751806e-02,nan,1.530077415770800719e+01,1.000000000000000000e+00
1.874000000000000000e+03,4.413658409798175342e+01,4.938453812257775866e+01,-3.263712560398177726e-02,8.459522140156944943e+02,1.018966121194320174e-02,nan,2.762858026831269953e+01,1.000000000000000000e+00
1.882000000000000000e+03,7.375966278692050082e+01,2.890298754696711825e+01,-7.943850326316655164e-02,2.049828464984014317e+03,8.646536049697262083e-02,nan,1.827113517577915047e+01,1.000000000000000000e+00
1.882000000000000000e+03,1.357650062099725972e+02,9.193414319879638086e+00,-3.110854551361674422e-02,8.066324042038069138e+02,1.120703061235994724e-02,nan,6.458715933931480890e+01,1.000000000000000000e+00
1.885000000000000000e+03,2.568508013467510764e+01,2.037631134833746316e+01,-5.985080043835729752e-02,1.545972138071271502e+03,8.349532858249020251e-03,nan,1.810078192029954636e+01,1.000000000000000000e+00
1.885000000000000000e+03,5.349932586815921809e+01,3.930890372491577267e+01,1.541137719838951616e-03,-4.606718527292657228e+01,3.411514548934784230e-01,nan,2.277639882782646907e+01,1.000000000000000000e+00
1.887000000000000000e+03,7.119813885015848598e+01,1.081230000522372947e+01,-2.910352994187358905e-02,7.550571995758392632e+02,1.142961255040142454e-02,nan,1.704832021228797601e+01,1.000000000000000000e+00
1.888000000000000000e+03,1.269248721405856770e+02,2.782484545725130332e+01,-1.435573933046506911e-03,4.335175803043883036e+01,3.731400953788198693e-01,nan,2.467020063680051933e+01,1.000000000000000000e+00
1.891000000000000000e+03,7.760437564980792047e+01,2.661120351551595675e+01,-2.092838589977484565e-02,5.447671984524137088e+02,1.207573531478700612e-02,nan,1.704832021228797601e+01,1.000000000000000000e+00
1.891000000000000000e+03,1.036133514490895067e+02,3.589898953015084260e+01,-1.722615006105824003e-03,5.073534262115349236e+01,3.392838767133153910e-01,nan,2.467020063680051933e+01,1.000000000000000000e+00
1.892000000000000000e+03,2.357626332604685615e+01,4.334221922974861485e+01,-2.437708996242642784e-02,6.334785382740398063e+02,1.039013408048217180e-02,nan,1.560426441921005924e+01,1.000000000000000000e+00
1.896000000000000000e+03,2.426655365771740591e+01,1.427886141534132314e+01,-5.918252412882959307e-02,1.528782003541817858e+03,9.537168932153949896e-03,nan,1.874498225546276231e+01,1.000000000000000000e+00
1.896000000000000000e+03,1.107426521407851894e+01,5.267994439559951303e+01,-7.620072526552960912e-02,1.966542796223408459e+03,9.003385450070955365e-03,nan,1.560426441921005924e+01,1.000000000000000000e+00
1.898000000000000000e+03,3.702129151882201796e+01,2.801534647710725068e+01,-4.573643468567179654e-02,1.182906976808780428e+03,9.986897981864473195e-03,nan,1.874498225546276231e+01,1.000000000000000000e+00
1.898000000000000000e+03,1.263679158526687445e+02,2.050263643930086843e+01,-6.572975492809897402e-02,1.697197038805248667e+03,9.101884023870576712e-03,nan,2.783816581924047995e+01,1.000000000000000000e+00
1.900000000000000000e+03,7.399597397491150730e+01,8.590464652220811459e+00,1.478574665441271824e-03,-4.445786992486385003e+01,3.208106661428296036e-01,nan,9.880559905386835595e+00,1.000000000000000000e+00
1.901000000000000000e+03,6.865707762307384598e+01,1.690440774730345908e+01,-1.407819488864936637e-03,4.263782784546999238e+01,3.523282196619114126e-01,nan,9.880559905386835595e+00,1.000000000000000000e+00
1.903000000000000000e+03,1.034585212966905203e+02,4.687355308127632902e+00,-3.671361492613374466e-02,9.508121332685541347e+02,1.115973055230146116e-02,nan,1.750964822137690291e+01,1.000000000000000000e+00
1.903000000000000000e+03,7.191788154050701110e+01,4.109400230574220103e+01,-7.940385102473213053e-02,2.048937102187006985e+03,7.906742827616941582e-03,nan,2.242758315534805291e+01,1.000000000000000000e+00
1.905000000000000000e+03,3.627543818276664211e+01,2.812276080067835693e+01,-2.807643351711943888e-02,7.286371013851329508e+02,1.114121427838221656e-02,nan,1.462791438454202364e+01,1.000000000000000000e+00
1.907000000000000000e+03,3.924684663061583478e+01,6.048014217605461873e+00,-4.457991219745979783e-02,1.153157639782673414e+03,1.094383370554619095e-02,nan,1.928999180506950850e+01,1.000000000000000000e+00
1.907000000000000000e+03,1.206560161218537388e+02,7.978852319344821531e+00,-3.682830592338021125e-02,9.537623406062605227e+02,1.079834979840743614e-02,nan,1.750964822137690291e+01,1.000000000000000000e+00
1.907000000000000000e+03,9.431479184806417493e+01,3.992144319623372439e+01,-2.127922209259593828e-02,5.537917909247373700e+02,1.232963254310515122e-02,nan,2.242758315534805291e+01,1.000000000000000000e+00
1.908000000000000000e+03,4.968218302522356566e+01,2.227168637193057776e+01,-4.197937768902405831e-02,1.086263845387820766e+03,1.053663733084986287e-02,nan,1.462791438454202364e+01,1.000000000000000000e+00
1.915000000000000000e+03,9.322157120098179917e+01,9.330057764985484781e+00,-2.066952342632181680e-02,5.381084546366563472e+02,1.400510393397380593e-02,nan,1.696978423633311550e+01,1.000000000000000000e+00
1.916000000000000000e+03,1.157909314272621089e+02,4.842333106971231871e+01,-2.918306044261374105e-02,7.571029701462254025e+02,8.828045466080847170e-03,nan,4.196930142249030382e+01,1.000000000000000000e+00
1.917000000000000000e+03,2.218428496303422293e+01,1.443660265863800518e+01,-8.121321376245241308e-02,2.095479510515044240e+03,7.017049455274027014e-02,nan,6.404315658264546407e+00,1.000000000000000000e+00
1.919000000000000000e+03,1.833326479821663213e+01,9.319484061139922559e+00,-5.072802820254216499e-02,1.311306207558099004e+03,2.226625313915725490e-01,nan,6.404315658264546407e+00,1.000000000000000000e+00
1.921000000000000000e+03,1.190038422569433294e+02,6.577190675497187833e+00,-3.733051505550307597e-02,9.666807134709418960e+02,9.092020610912743273e-03,nan,2.634586257624424022e+01,1.000000000000000000e+00
1.922000000000000000e+03,1.130387250777485093e+02,3.223887128929997203e+01,-2.510828145934635228e-02,6.522870461017814705e+02,1.254771390671582942e-02,nan,2.634586257624424022e+01,1.000000000000000000e+00
1.923000000000000000e+03,7.721104417197103942e+01,3.020405648161262135e+01,-3.371880487547540550e-02,8.737763519203260785e+02,1.011549012646939527e-02,nan,3.588541751725615825e+01,1.000000000000000000e+00
1.923000000000000000e+03,2.144603909131487640e+01,5.123550220794150789e+01,-3.597356250432352104e-02,9.317756950342603659e+02,2.543087232091123528e-02,nan,1.146103238104171851e+01,1.000000000000000000e+00
1.924000000000000000e+03,4.594083182564032697e+00,4.477780483234836595e+01,-2.895248803800772736e-02,7.511719344392163293e+02,8.077117511969045260e-03,nan,1.804689096063987108e+01,1.000000000000000000e+00
1.927000000000000000e+03,2.665428792546783043e+01,4.102622175725198872e+01,-1.145274687742182419e-02,3.010244423132523366e+02,1.730986778622056743e-02,nan,1.146103238104171851e+01,1.000000000000000000e+00
1.928000000000000000e+03,2.089694711890079759e+01,2.495538339716495457e+01,-4.372116520129829681e-02,1.131068009819262898e+03,2.116248102250228857e-02,nan,8.647057176037902693e+00,1.000000000000000000e+00
1.929000000000000000e+03,9.191165164047411906e+01,4.506337383476220282e+01,-3.428949238636286312e-02,8.884562005795845607e+02,3.179930068882885763e-02,nan,3.903084236426012321e+00,1.000000000000000000e+00
1.929000000000000000e+03,1.758451729774681382e+01,1.696793033091170955e+01,-2.547905765281670981e-02,6.618245570911785762e+02,5.807182601762950203e-02,nan,8.647057176037902693e+00,1.000000000000000000e+00
1.930000000000000000e+03,2.841111704444481845e+01,1.613377827252692143e+01,-4.462501464526526240e-02,1.154317814300802866e+03,1.131128306575401865e-02,nan,1.085868646437997498e+01,1.000000000000000000e+00
1.930000000000000000e+03,9.630906523594822488e+01,2.002869678368063688e+01,1.622684383111507901e-03,-4.816481778226093269e+01,3.333352103309920045e-01,nan,2.327074153744862883e+01,1.000000000000000000e+00
1.933000000000000000e+03,8.800858911137524387e+01,4.505035651623956028e+01,-2.254455161115540354e-02,5.863399814531409220e+02,1.097002752418106963e-01,nan,3.903084236426012321e+00,1.000000000000000000e+00
1.933000000000000000e+03,7.415384430664532545e+01,1.291015779899313287e+01,-1.743936350536735239e-03,5.128379357458504018e+01,3.739042464541307842e-01,nan,1.373923198297038617e+01,1.000000000000000000e+00
1.936000000000000000e+03,2.611093491392697175e+01,4.493733697704231389e+01,-2.737305733721480394e-02,7.105440895800022645e+02,2.122539772099605315e-01,nan,4.922934725653974652e+01,1.000000000000000000e+00
1.936000000000000000e+03,1.309903249274532300e+02,8.072864475081523494e+00,-2.825967095697601641e-02,7.333505353301329706e+02,1.077886996092447536e-02,nan,1.334416013385164668e+01,1.000000000000000000e+00
1.939000000000000000e+03,1.349750928216680848e+02,3.398892474239577410e+01,-3.716167362248774808e-02,9.623375893674848385e+02,7.929398267133569433e-03,nan,1.505813276361199193e+01,1.000000000000000000e+00
1.939000000000000000e+03,7.520068715371053258e+01,4.864204429903709581e+01,-1.992486695327323060e-02,5.189535859581893646e+02,9.722428224929191565e-03,nan,3.948048558007125308e+01,1.000000000000000000e+00
1.939000000000000000e+03,1.439830577436705710e+02,5.030578550934253101e+00,-3.055799272898773386e-02,7.924704830068297952e+02,1.067696624329994570e-02,nan,1.334416013385164668e+01,1.000000000000000000e+00
1.939000000000000000e+03,1.150524329050926582e+02,3.262074641439684797e+01,-3.577734777084741469e-02,9.267284449417068117e+02,8.454246375630969368e-03,nan,5.288917893876932119e+00,1.000000000000000000e+00
1.942000000000000000e+03,1.306237127978995431e+02,5.346571297427313141e+01,-3.930739020597235484e-02,1.017532059388797165e+03,8.432129324448589536e-03,nan,4.725414969847619773e+00,1.000000000000000000e+00
1.947000000000000000e+03,1.091163550207421338e+02,2.060010154699984497e+01,-2.202681619215233685e-02,5.730222244468874351e+02,8.931910004314924656e-03,nan,2.331427497021824280e+01,1.000000000000000000e+00
1.951000000000000000e+03,4.246145879280562951e+01,1.503623643199108884e+01,-7.933175190954969494e-03,2.104901679213012926e+02,3.227109274490391755e-02,nan,1.450418180069178575e+01,1.000000000000000000e+00
1.952000000000000000e+03,4.858659367611905111e+01,2.818363208165250455e+01,-9.223955924569529619e-02,2.379111235181653683e+03,9.530886106470570773e-03,nan,1.450418180069178575e+01,1.000000000000000000e+00
1.952000000000000000e+03,8.868286295856152890e+01,3.182631281936360068e+01,-3.895346315609126558e-02,1.008427960508846695e+03,1.007738013560843804e-02,nan,2.331427497021824280e+01,1.000000000000000000e+00
1.956000000000000000e+03,1.259434536213270945e+02,4.227103039192555656e+01,-2.930572251312405993e-02,7.602582181531821561e+02,9.104703550439907644e-03,nan,1.450471320873363723e+01,1.000000000000000000e+00
1.957000000000000000e+03,1.390161666271891932e+02,3.598685344231823535e+01,-2.095851230152515066e-02,5.455421427256022753e+02,1.189747271321106581e-02,nan,1.450471320873363723e+01,1.000000000000000000e+00
1.959000000000000000e+03,7.678866841017126887e+01,4.718901864093299281e+01,-3.820009077574619549e-02,9.890488917250690974e+02,1.072921596492992791e-02,nan,2.638435417535019667e+01,1.000000000000000000e+00
1.961000000000000000e+03,2.557791540403355768e+01,1.543854396647924609e+01,-6.009110179175079780e-02,1.552153432445395993e+03,5.794959114364894859e-02,nan,2.642151660612132957e+01,1.000000000000000000e+00
1.961000000000000000e+03,1.140123401754190446e+01,3.773469261671581876e+01,-4.887480911739579270e-02,1.263635678269500204e+03,8.508215056657664199e-03,nan,2.642151660612132957e+01,1.000000000000000000e+00
1.962000000000000000e+03,1.145990824858225352e+02,1.862935063364453470e+01,-3.964671145894460569e-02,1.026260451977512957e+03,1.203317566807371453e-02,nan,2.410594108178357686e+01,1.000000000000000000e+00
1.965000000000000000e+03,8.708893030379387312e+01,3.024459676233679417e+01,-2.521792404386477213e-02,6.551073926428113054e+02,1.047150663377072188e-02,nan,2.076592140233201178e+01,1.000000000000000000e+00
1.970000000000000000e+03,1.410766433972413552e+02,4.767709661324193604e+01,-2.244385680051127346e-02,5.837497993432681369e+02,1.198798331472750167e-02,nan,1.957778948537929864e+01,1.000000000000000000e+00
1.970000000000000000e+03,8.166039031009732696e+01,5.028840990317074500e+01,-1.007648399110483012e-01,2.598407833683465014e+03,7.356538810890822511e-03,nan,2.076592140233201178e+01,1.000000000000000000e+00
1.972000000000000000e+03,8.402510171009889461e+01,2.136835604861942883e+01,-1.668400804604580276e-02,4.355886666696532075e+02,1.543334243888483392e-02,nan,2.581081691483871055e+01,1.000000000000000000e+00
1.972000000000000000e+03,1.152096466361319642e+02,1.708507691524536298e+01,1.575152772905677413e-03,-4.694215769063320920e+01,3.727690389390980741e-01,nan,4.452282228750993553e+00,1.000000000000000000e+00
1.973000000000000000e+03,4.697693008631352285e+01,4.653872462761277973e+01,-5.487931100015513985e-02,1.418090046433380849e+03,8.651373651727745084e-03,nan,1.902085536748423777e+01,1.000000000000000000e+00
1.974000000000000000e+03,1.290873386588273775e+02,2.598290509934036407e+01,1.422455705497617344e-03,-4.301431662612993279e+01,3.512690745328654884e-01,nan,3.517024985583173446e+00,1.000000000000000000e+00
1.975000000000000000e+03,2.697242691754096100e+01,9.296475673567435649e+00,-3.502332180785809601e-02,9.073325639899371708e+02,8.502820345452688500e-03,nan,3.883706725086621958e+01,1.000000000000000000e+00
1.976000000000000000e+03,1.177838691433021694e+02,2.071773372920814893e+01,-1.562274741660297410e-03,4.661089487849036317e+01,3.397623864013177286e-01,nan,4.452282228750993553e+00,1.000000000000000000e+00
1.976000000000000000e+03,1.101869648042822121e+02,3.491731481707125084e+01,-1.272841962504857533e-03,3.916578820632360447e+01,3.700483328816139839e-01,nan,1.575501784232305091e+01,1.000000000000000000e+00
1.976000000000000000e+03,7.956763491026875101e+01,4.679136254941976603e+01,-1.558662971731998841e-03,4.651798898002933669e+01,3.174826895787928871e-01,nan,3.981148785673201740e+00,1.000000000000000000e+00
1.980000000000000000e+03,8.102638936679053927e+01,6.740830073079739471e+00,-1.835250174177194878e-03,5.363266767112106237e+01,3.419013237382531045e-01,nan,3.651150614392519600e+01,1.000000000000000000e+00
1.981000000000000000e+03,1.250063453411410990e+02,2.956880589254979341e+01,-3.643528536338323798e-02,9.436526356790217278e+02,1.132363211501019595e-02,nan,5.479344631405985488e+00,1.000000000000000000e+00
1.982000000000000000e+03,4.305361305406132999e+01,4.157190671040906693e+01,-3.061528841856950636e-02,7.939443054330124596e+02,1.642517529832721035e-02,nan,3.110077620458712033e+01,1.000000000000000000e+00
1.984000000000000000e+03,1.424097232622137312e+02,1.610102489094058242e+01,-4.527582686867026585e-02,1.171058718496032498e+03,1.059712889697217442e-02,nan,2.200587849123466455e+01,1.000000000000000000e+00
1.985000000000000000e+03,1.231063076457744643e+02,3.470817106209198499e+01,-1.494235346338821865e-02,3.907879215992755348e+02,1.087143428710419801e-01,nan,5.479344631405985488e+00,1.000000000000000000e+00
1.986000000000000000e+03,7.847403519251359683e+01,1.858126149447296882e+01,-2.464080125709911320e-02,6.402620087752815152e+02,1.415558045609832671e-02,nan,1.350835376947166111e+01,1.000000000000000000e+00
1.987000000000000000e+03,9.152703905099998849e+01,2.205900671681726877e+01,-2.557844626508948976e-02,6.643811397371686098e+02,1.513936895135137295e-02,nan,1.350835376947166111e+01,1.000000000000000000e+00
1.987000000000000000e+03,5.230895939032920161e+00,7.777482885234354271e+00,-2.310577610027757765e-03,6.585956012760537703e+01,2.345640672398084936e-01,nan,5.072101153998212197e+01,1.000000000000000000e+00
1.987000000000000000e+03,7.248359600602563546e+01,3.151534745910930724e+01,-2.391589456861900262e-03,6.794343550326043157e+01,2.184538725616018695e-01,nan,1.425397984380549232e+01,1.000000000000000000e+00
1.990000000000000000e+03,1.292522840211965445e+02,1.974302355448797641e+01,-1.435474063761771422e-03,4.334918908340975463e+01,3.510764118545632861e-01,nan,8.147223562210562875e+00,1.000000000000000000e+00
1.993000000000000000e+03,7.048450659372618077e+01,4.933097359101858537e+00,-8.041123723019290293e-02,2.074850192548125960e+03,9.656711904047265982e-03,nan,5.778235209295380770e+01,1.000000000000000000e+00
1.994000000000000000e+03,1.349992467543262364e+02,3.594933991703033627e+01,-3.668218034240406950e-03,1.007822727871846524e+02,1.368214098225166708e-01,nan,1.455738944788159550e+01,1.000000000000000000e+00
2.001000000000000000e+03,9.905172474074790046e+01,1.115514735443171723e+01,-5.160547432232825971e-02,1.333876836841860950e+03,8.783700993543641644e-03,nan,1.852398320161938017e+01,1.000000000000000000e+00
2.003000000000000000e+03,1.162949057919402520e+02,1.792350468022931409e+01,1.819886541699628239e-03,-5.323746750408670891e+01,3.449276184106165877e-01,nan,1.166936359775448828e+01,1.000000000000000000e+00
2.005000000000000000e+03,2.673553871154076234e+01,4.894324704023388506e+01,-3.518519489243962517e-02,9.114964406095060667e+02,9.618963501530575222e-03,nan,2.180789618461769308e+01,1.000000000000000000e+00
2.007000000000000000e+03,4.034457691213864905e+01,9.440607170789796498e+00,-3.814393686600416056e-02,9.876044394093756864e+02,5.570622172253703042e-02,nan,7.603048539618057156e+00,1.000000000000000000e+00
2.007000000000000000e+03,1.130575989817733955e+02,2.913483338798937439e+01,1.422889087146428410e-03,-4.302546454315084645e+01,3.417270922709512160e-01,nan,5.528905097533971080e+00,1.000000000000000000e+00
2.009000000000000000e+03,4.559207712120243627e+01,3.798809778501983914e+01,-2.215261564533569164e-02,5.762581756442026517e+02,1.912968290447680797e-02,nan,1.714563124421799145e+01,1.000000000000000000e+00
2.009000000000000000e+03,7.264386880182667028e+01,1.362737995230150823e+01,-4.414820875300307090e-02,1.142052891370621637e+03,2.419819974425585496e-02,nan,2.340707414629913430e+01,1.000000000000000000e+00
2.009000000000000000e+03,3.773321879555687985e+01,1.658113627462732609e+01,-3.721485199147061412e-02,9.637055015676320409e+02,2.779802332710912260e-02,nan,7.603048539618057156e+00,1.000000000000000000e+00
2.011000000000000000e+03,1.265367267980199557e+02,3.651201992275977659e+01,-5.746115887049735999e-02,1.484503162674375289e+03,7.261577561277765547e-03,nan,1.536586371980141941e+01,1.000000000000000000e+00
2.012000000000000000e+03,1.020848214255922386e+02,4.660464847480215411e+01,-1.917594395118589652e-03,5.575081583158186049e+01,3.113263140743819379e-01,nan,7.560115379357378096e+00,1.000000000000000000e+00
2.014000000000000000e+03,2.542417329884575139e+01,1.222482027491137124e+01,-2.414451353521925026e-02,6.274959529046786884e+02,9.116888187459259996e-03,nan,1.305718538313237431e+01,1.000000000000000000e+00
2.015000000000000000e+03,6.676649165853290491e+00,4.014759999493428211e+01,-1.747712284214134005e-03,5.138092227264506562e+01,3.334655932536688683e-01,nan,3.299984433594084265e+01,1.000000000000000000e+00
2.017000000000000000e+03,1.443493888032953123e+02,2.863072788640852906e+01,-3.580947559498694199e-02,9.275548719917505878e+02,7.244934522653956321e-03,nan,2.446085996146935315e+01,1.000000000000000000e+00
2.020000000000000000e+03,3.720844800011460762e+01,5.266954018567653861e+01,-2.700327369627531990e-02,7.010321101129560475e+02,1.964547454249698788e-02,nan,2.126161264694881936e+01,1.000000000000000000e+00
2.020000000000000000e+03,1.234193490508035040e+02,4.129039241647120662e+01,1.270476662790346028e-03,-3.910494537871586829e+01,3.725201661336787762e-01,nan,7.600409246553494036e+00,1.000000000000000000e+00
2.021000000000000000e+03,1.380946720025598573e+01,4.479146040693628805e+01,-1.691647051660565351e-02,4.415683207214288473e+02,1.436084329280917782e-02,nan,2.012277529581063007e+01,1.000000000000000000e+00
2.023000000000000000e+03,2.989761277160234343e+01,3.270437400529031180e+01,-6.468760587430587294e-02,1.670389740418287602e+03,8.954918557971036641e-03,nan,2.012277529581063007e+01,1.000000000000000000e+00
2.026000000000000000e+03,4.308536581650400876e+01,1.314858339419917499e+01,1.434981210489891463e-03,-4.333651137222037164e+01,3.528236231988980398e-01,nan,1.885387396891406908e+01,1.000000000000000000e+00
2.026000000000000000e+03,9.436571832980372676e+01,5.165213010230056767e+01,-1.677969022027981510e-03,4.958690976253493687e+01,3.563491486441608957e-01,nan,3.020354336069120649e+01,1.000000000000000000e+00
2.028000000000000000e+03,1.302389694550981574e+02,4.498020011254902073e+01,-3.481231513272397410e-02,9.019048193872115462e+02,8.090868329891809374e-03,nan,1.255636176250111369e+01,1.000000000000000000e+00
2.029000000000000000e+03,1.113346490729941110e+02,4.743325377861561165e+00,1.498904990032110451e-03,-4.498082878149453023e+01,3.562300495858428118e-01,nan,2.455564873292510342e+01,1.000000000000000000e+00
2.030000000000000000e+03,1.382882882340770436e+02,2.524053472327301151e+01,-2.293980593368866519e-02,5.965071456647478954e+02,1.220577606422967865e-02,nan,1.591462435925034669e+01,1.000000000000000000e+00
2.030000000000000000e+03,1.420452350369606052e+02,4.070535348122641750e+01,-1.841330853754270108e-02,4.800716262880949330e+02,1.764637725525008971e-02,nan,1.255636176250111369e+01,1.000000000000000000e+00
2.034000000000000000e+03,4.067414362049790810e+01,1.122184864819724837e+01,-2.608936385119872345e-02,6.775235209849620333e+02,1.100767878334940608e-02,nan,1.658644101164318485e+01,1.000000000000000000e+00
2.035000000000000000e+03,9.604167476408707671e+01,1.075110656701148670e+01,-2.373785958313402375e-02,6.170355549471040604e+02,1.413764375488901770e-02,nan,1.393355553166152738e+01,1.000000000000000000e+00
2.035000000000000000e+03,2.445952915416970441e+01,1.471416924359783174e+01,1.700336844618965688e-03,-5.016227937236251933e+01,2.832757525834213030e-01,nan,1.658644101164318485e+01,1.000000000000000000e+00
2.036000000000000000e+03,1.248139381857276220e+02,4.183925768071753026e+01,-4.661649631651333670e-02,1.205544885130068224e+03,8.440624606245061834e-03,nan,3.170447863524632481e+01,1.000000000000000000e+00
2.037000000000000000e+03,6.573038519273293900e+01,3.254708908751509711e+01,-5.767815954755523000e-02,1.490085091553828988e+03,2.170375683252578902e-02,nan,5.110011272474169530e+00,1.000000000000000000e+00
2.038000000000000000e+03,9.826730180699468065e+01,2.450576228861258699e+01,1.404557385704042561e-03,-4.255391645824102653e+01,3.062622866271464961e-01,nan,1.393355553166152738e+01,1.000000000000000000e+00
2.041000000000000000e+03,6.064681251332979883e+01,3.306622685154219710e+01,-3.197559930016985463e-02,8.289357105198038198e+02,7.796337483364701448e-02,nan,5.110011272474169530e+00,1.000000000000000000e+00
2.042000000000000000e+03,1.311907091151953466e+02,2.802533145124281333e+01,-2.282813968990417622e-02,5.936347443455828170e+02,9.296465064389969335e-03,nan,1.897680629170464073e+01,1.000000000000000000e+00
2.042000000000000000e+03,1.258099342252385640e+02,4.622331042190027972e+01,-1.703736508588281915e-03,5.024972924923871886e+01,2.762933199228414516e-01,nan,1.897680629170464073e+01,1.000000000000000000e+00
2.043000000000000000e+03,8.411281032221668852e+01,1.510885794566735640e+01,-1.384779191220445772e-03,4.204516009642563290e+01,3.643550153320146423e-01,nan,6.660479311998073193e+00,1.000000000000000000e+00
2.044000000000000000e+03,8.650334054081922375e+01,8.892158665542698515e+00,-1.707405892055546132e-03,5.034411714619560740e+01,2.943616931954201599e-01,nan,6.660479311998073193e+00,1.000000000000000000e+00
2.046000000000000000e+03,6.479343902082361240e+01,5.306715731287589932e+01,-2.631457143237566146e-02,6.833165568329939106e+02,1.072326850770821682e-02,nan,2.042625101950322986e+01,1.000000000000000000e+00
2.046000000000000000e+03,1.352787621325049727e+01,1.164533052026852822e+01,-8.336027678497169580e-02,2.150708615114617260e+03,1.962916598816033531e-02,nan,2.527843224265772193e+01,1.000000000000000000e+00
2.048000000000000000e+03,3.367359204412524321e+01,2.691455677140123726e+01,-5.040457360828542316e-02,1.302985954527772719e+03,1.149211040744357870e-02,nan,2.527843224265772193e+01,1.000000000000000000e+00
2.048000000000000000e+03,1.136059479706823225e+02,1.267877205577743283e+01,-2.164341551864225506e-03,6.209791621318209565e+01,2.296913872133834467e-01,nan,1.007273339514900989e+01,1.000000000000000000e+00
2.050000000000000000e+03,1.428728823842465658e+02,4.373503862744809112e+01,-3.222037234690932478e-02,8.352320306835536030e+02,1.078069494176148169e-02,nan,4.188963972545070646e+01,1.000000000000000000e+00
2.050000000000000000e+03,1.221436606272596350e+02,7.333922138008958314e+00,-1.579631024850719099e-03,4.705735218772148443e+01,3.610527032779927703e-01,nan,1.007273339514900989e+01,1.000000000000000000e+00
2.054000000000000000e+03,9.473697495872169583e+00,5.011008845865804062e+01,-3.801877593146756051e-02,9.843849128874242069e+02,9.734151366909915559e-03,nan,3.152469336992835380e+01,1.000000000000000000e+00
2.056000000000000000e+03,1.397444915699244348e+02,5.775548177606682820e+00,-2.846029345676392985e-02,7.385111668111844665e+02,1.030083435692064064e-02,nan,2.364051981481134490e+01,1.000000000000000000e+00
2.058000000000000000e+03,1.067390024225910707e+02,5.224754819268245143e+01,-3.707598325317315591e-02,9.601333679168734534e+02,1.319374665332961882e-02,nan,1.011248160402386453e+01,1.000000000000000000e+00
2.059000000000000000e+03,2.108096828510345588e+01,2.080006360548770417e+01,-3.496648175079040272e-02,9.058704618418809105e+02,1.985699844331922925e-02,nan,8.227108063891586553e+00,1.000000000000000000e+00
2.061000000000000000e+03,1.249512416901605008e+02,2.421555726408362830e+01,-3.932706789213856469e-02,1.018038230365686559e+03,9.806863197050597059e-03,nan,2.364051981481134490e+01,1.000000000000000000e+00
2.061000000000000000e+03,1.672481266892797080e+01,4.754393112908527286e+01,-2.504538185277808970e-02,6.506690735904974190e+02,9.555788082449834242e-03,nan,2.709631971084032642e+01,1.000000000000000000e+00
2.062000000000000000e+03,1.559096167626088203e+01,1.467265513780621511e+01,-2.226564494905815261e-02,5.791656390826908591e+02,5.928927693323393644e-02,nan,8.227108063891586553e+00,1.000000000000000000e+00
2.062000000000000000e+03,1.011849281760201222e+02,4.379683559223872180e+01,-7.885363979405715651e-02,2.034783966814598443e+03,8.049624842235814093e-03,nan,1.011248160402386453e+01,1.000000000000000000e+00
2.063000000000000000e+03,3.745813123645366716e+01,5.673655873201125743e+00,-5.558834469653678445e-02,1.436328587068361912e+03,9.950692736697908103e-03,nan,2.229393812717836454e+01,1.000000000000000000e+00
2.063000000000000000e+03,7.809018896420231215e+01,3.060616303523687520e+01,-4.747444855377032369e-02,1.227614071435230699e+03,7.559579392954929311e-03,nan,1.792376073317010921e+01,1.000000000000000000e+00
2.066000000000000000e+03,6.702737757442723421e+01,5.328757908616207573e+00,-3.608336496214165773e-02,9.346001540112550856e+02,1.178167478487368580e-02,nan,2.759226351318510595e+01,1.000000000000000000e+00
2.067000000000000000e+03,1.371608179235471141e+02,3.411330023860875116e+01,-1.536855359085589554e-03,4.595702970343470639e+01,2.948075777900605043e-01,nan,3.725634845326658251e+01,1.000000000000000000e+00
2.069000000000000000e+03,3.042634948497500247e+01,4.772259003915276310e+01,-3.649452386450615510e-02,9.451764332296870634e+02,8.024970482836013552e-03,nan,2.301064571378607937e+01,1.000000000000000000e+00
2.070000000000000000e+03,7.998502430900285454e+00,1.754478926675101746e+01,-3.729564965399266574e-02,9.657838674600294553e+02,8.739170729648582103e-03,nan,1.894670445839007300e+01,1.000000000000000000e+00
2.070000000000000000e+03,1.003494820032407091e+02,4.157551459703558550e+01,-2.507411387571123126e-02,6.514081501258801836e+02,9.455472463255620852e-03,nan,3.756007315446486672e+01,1.000000000000000000e+00
2.072000000000000000e+03,2.492404379109109058e+01,9.029881193374736270e+00,-2.918984266400214203e-02,7.572774298665730157e+02,1.192414284887333142e-02,nan,1.894670445839007300e+01,1.000000000000000000e+00
2.072000000000000000e+03,7.460494447093471315e+00,4.915762263264786469e+01,-1.678947789990373760e-03,4.961208670313085634e+01,2.876971723302286232e-01,nan,2.301064571378607937e+01,1.000000000000000000e+00
2.074000000000000000e+03,5.854203875705124460e+01,4.155293724565336788e+01,-3.003562673304158853e-02,7.790336132331990484e+02,9.606430409054178554e-03,nan,1.743454443260454312e+01,1.000000000000000000e+00
2.078000000000000000e+03,1.005920360964242946e+02,4.266651483736257688e+01,-3.569464154825531532e-02,9.246009849786476025e+02,1.122114384816597088e-02,nan,3.504278203197845443e+01,1.000000000000000000e+00
2.079000000000000000e+03,6.737391704085509048e+01,2.652092921104481604e+01,-3.607945300327063121e-02,9.344995263243122281e+02,9.479852213454709187e-03,nan,1.743454443260454312e+01,1.000000000000000000e+00
2.079000000000000000e+03,3.827876784875096661e+01,4.039674191375317491e+01,-3.181483994067429988e-02,8.248004823556474321e+02,1.061893822142504495e-01,nan,6.768068660046837159e+00,1.000000000000000000e+00
2.079000000000000000e+03,2.527750444138957064e+01,1.761530131623865003e+01,-1.859872129038706847e-03,5.426602053791153679e+01,2.841090559637983182e-01,nan,2.315962624964907945e+01,1.000000000000000000e+00
2.080000000000000000e+03,4.129831669464990540e+01,3.433959092056020523e+01,-2.675738659607191164e-02,6.947071330468961605e+02,6.006789378241872424e-02,nan,6.768068660046837159e+00,1.000000000000000000e+00
2.082000000000000000e+03,1.350915309628655052e+02,3.651985505328892145e+01,-5.022878083044775982e-02,1.298464020325928004e+03,9.388497234309234329e-03,nan,3.234870371114376297e+01,1.000000000000000000e+00
2.085000000000000000e+03,7.487275123258210385e+01,2.056768339890616915e+01,1.652620041287783566e-03,-4.893485554050737818e+01,3.663284606770550456e-01,nan,3.628922830988398829e+01,1.000000000000000000e+00
2.087000000000000000e+03,1.037356193517134955e+02,4.447255514979631386e+01,-4.243952861142290256e-02,1.098100350957618275e+03,8.592282243635507299e-03,nan,3.234870371114376297e+01,1.000000000000000000e+00
2.087000000000000000e+03,7.011520976603261346e+00,2.388059552947650133e+01,-2.547270201227130881e-02,6.616610703500826958e+02,1.099283321266564251e-02,nan,4.311612392730441456e+01,1.000000000000000000e+00
2.088000000000000000e+03,1.385487145439967378e+02,1.661161003783990608e+01,-6.288826619541877661e-02,1.624105156177805839e+03,6.427312922991812449e-03,nan,1.637764541157656240e+01,1.000000000000000000e+00
2.091000000000000000e+03,6.452623804446858458e+01,4.506181679878144308e+01,-2.045079575830083610e-02,5.324821022058008566e+02,1.448331642440314759e-02,nan,1.953626276942586060e+01,1.000000000000000000e+00
2.092000000000000000e+03,4.500636409688403461e+01,4.426176425896610311e+01,-2.676679098453929595e-02,6.949490430182908085e+02,1.150981068294365528e-02,nan,1.953626276942586060e+01,1.000000000000000000e+00
2.092000000000000000e+03,1.266630299607183048e+02,4.748892974080812124e+00,-1.907567334849741671e-03,5.549288881471924384e+01,2.932252853677684845e-01,nan,6.984536095912472042e+00,1.000000000000000000e+00
2.098000000000000000e+03,5.197463105364344926e+01,3.869909856104835910e+01,-2.259858157865320127e-02,5.877297994021948853e+02,2.163367156254247803e-02,nan,1.621266789008934239e+01,1.000000000000000000e+00
2.098000000000000000e+03,5.340397953339542880e+01,1.930882466385102347e+01,-1.607640881567079343e-03,4.777785237340852120e+01,3.444481740631510913e-01,nan,1.944288453097692226e+01,1.000000000000000000e+00
2.098000000000000000e+03,1.378672505652613900e+01,2.072891258607459974e+01,-1.883962997737932514e-03,5.488571222526728377e+01,2.665118924758551611e-01,nan,2.480583741215696492e+01,1.000000000000000000e+00
2.099000000000000000e+03,2.424933978774955889e+01,4.322031678199693516e+01,-4.839906392392534507e-02,1.251398039794364422e+03,9.672096399420904156e-03,nan,2.480583741215696492e+01,1.000000000000000000e+00
2.099000000000000000e+03,6.708192484167447844e+01,4.458299816220175416e+01,-3.713822281016372628e-02,9.617343619106267170e+02,9.890517470971693648e-03,nan,9.673348074681921815e+00,1.000000000000000000e+00
2.099000000000000000e+03,1.125068469202817596e+02,5.766080979760647374e+00,-7.282743130893022665e-02,1.879771237671050812e+03,9.233126805534341841e-03,nan,1.940757412122241732e+01,1.000000000000000000e+00
2.101000000000000000e+03,9.331753655407997883e+01,8.668545611814403529e+00,-3.354943190566313932e-02,8.694195550457162653e+02,1.073701379572578052e-02,nan,1.800670750454253266e+01,1.000000000000000000e+00
2.102000000000000000e+03,1.037465612141136404e+02,2.334767909422943788e+01,-2.857434976736854954e-02,7.414450480445506173e+02,7.627331393674441351e-03,nan,1.800670750454253266e+01,1.000000000000000000e+00
2.102000000000000000e+03,7.612286206042078618e+01,4.114277764882761801e+01,-2.612608910090538986e-02,6.784682080464135652e+02,1.517173131998228452e-02,nan,9.673348074681921815e+00,1.000000000000000000e+00
2.106000000000000000e+03,8.518699913583762395e+01,3.054664416293193341e+01,-8.345715204174185275e-02,2.153200546479999957e+03,7.995443411646041554e-03,nan,1.394405341975087076e+01,1.000000000000000000e+00
2.106000000000000000e+03,5.101042946023594737e+01,3.128644525392340725e+01,-5.494886645465917041e-02,1.419879227948773178e+03,8.323404437015402557e-03,nan,2.234427718875355495e+01,1.000000000000000000e+00
2.107000000000000000e+03,6.823636711838551605e+01,1.705500840146901353e+01,-8.860704754471765421e-02,2.285671794146026514e+03,8.615303616993807978e-03,nan,2.166444463426324774e+01,1.000000000000000000e+00
2.113000000000000000e+03,1.298960695130062959e+02,2.518377171367695055e+01,2.105375107972985195e-03,-6.058111681634235879e+01,2.120886005713125133e-01,nan,1.705121160971951610e+01,1.000000000000000000e+00
2.116000000000000000e+03,2.935714601264270840e+01,1.593255336739323624e+01,-2.642955162472894123e-02,6.862742031637043283e+02,1.146290388428383711e-02,nan,1.901003105935053128e+01,1.000000000000000000e+00
2.116000000000000000e+03,8.780160709658058238e+01,4.611367500707180511e+01,-1.643812257755188858e-03,4.870829209411105865e+01,3.181037576390396415e-01,nan,9.302164101156572329e+00,1.000000000000000000e+00
2.117000000000000000e+03,4.554399502269307476e+01,2.590086315407740614e+01,-1.543492815754397146e-02,4.034584669075869101e+02,1.937620751312096878e-02,nan,1.901003105935053128e+01,1.000000000000000000e+00
2.117000000000000000e+03,6.593973509789785581e+00,3.511105676817857102e+01,-3.191963227322660440e-02,8.274960654079666256e+02,1.013960057630414191e-02,nan,2.976536603316972673e+01,1.000000000000000000e+00
2.119000000000000000e+03,1.334799254244685756e+02,6.656032088280550596e+00,-8.887096391046672705e-02,2.292460539709904879e+03,8.864987080312025647e-03,nan,4.127989071658402764e+01,1.000000000000000000e+00
2.123000000000000000e+03,1.423076895942464830e+02,4.708072263700076832e+01,1.312905538691729740e-03,-4.019634735463470321e+01,3.664848319179794256e-01,nan,1.556377615343708598e+01,1.000000000000000000e+00
2.124000000000000000e+03,1.267468512993666963e+02,4.738311264162986447e+01,-2.379136748057861760e-03,6.762311330038475887e+01,2.187726080862095746e-01,nan,1.556377615343708598e+01,1.000000000000000000e+00
2.128000000000000000e+03,8.471941127152854278e+01,5.227073208062785881e+01,-1.506379157549456085e-03,4.517308749736857720e+01,3.360689657487542226e-01,nan,1.261259996092550040e+01,1.000000000000000000e+00
2.129000000000000000e+03,2.453228216363548597e+01,3.492422196445815530e+01,-2.521024511488142994e-02,6.549098668284381120e+02,1.483756971859617746e-02,nan,2.446781322312303431e+01,1.000000000000000000e+00
2.133000000000000000e+03,5.817127496416099497e+00,5.068546778145152132e+01,-3.179995145920502808e-02,8.244175045428069097e+02,1.029712999054699374e-02,nan,2.446781322312303431e+01,1.000000000000000000e+00
2.133000000000000000e+03,5.971310862724892843e+01,4.774729146722328466e+01,1.327136400489469740e-03,-4.056240915464988461e+01,3.662366429280748958e-01,nan,9.239651921378893462e+00,1.000000000000000000e+00
2.134000000000000000e+03,1.079558510019468258e+02,1.229717484841010311e+01,-2.615495026694307848e-02,6.792106065420529148e+02,1.257573387614085991e-02,nan,1.906640032882428315e+01,1.000000000000000000e+00
2.135000000000000000e+03,1.035560767277961247e+02,3.084898359676432733e+01,-3.486605746881270979e-02,9.032872385664061312e+02,7.886692481312684855e-03,nan,1.049718330809771771e+01,1.000000000000000000e+00
2.138000000000000000e+03,7.900584666037539705e+01,1.787591362768645809e+01,-3.250389477017969625e-02,8.425251047139332741e+02,1.079441374475786919e-02,nan,2.417634871337405045e+01,1.000000000000000000e+00
2.138000000000000000e+03,5.227223345447008995e+01,5.322493186171470825e+01,-3.169670906655981668e-02,8.217617907408795190e+02,9.954447046633951857e-03,nan,9.239651921378893462e+00,1.000000000000000000e+00
2.140000000000000000e+03,9.909933656831424287e+01,4.035310504772794360e+01,-2.303834920630923669e-02,5.990419835591474111e+02,1.380696414621329637e-02,nan,1.049718330809771771e+01,1.000000000000000000e+00
2.140000000000000000e+03,5.563642175456002548e+01,2.406992821292269369e+01,1.599408252784694949e-03,-4.756608368688982580e+01,3.564004289088041899e-01,nan,8.841838232093033767e+00,1.000000000000000000e+00
2.142000000000000000e+03,4.585515458293353674e+01,9.042179753207117088e+00,1.415295833274133512e-03,-4.283014255773841228e+01,3.396560954282640266e-01,nan,9.868610763794293916e+00,1.000000000000000000e+00
2.145000000000000000e+03,4.877729265896152100e+01,1.849046126952961444e+01,-1.442744289713041722e-02,3.775428285465764020e+02,1.956318970440151794e-02,nan,8.841838232093033767e+00,1.000000000000000000e+00
2.145000000000000000e+03,8.244744669407526771e+01,3.705364058246202319e+01,-2.002899897730663070e-03,5.794513731971089499e+01,2.924368912982515667e-01,nan,1.697562670835262466e+01,1.000000000000000000e+00
2.146000000000000000e+03,2.300573269896166551e+01,3.337165773036073091e+01,1.681181662724808316e-03,-4.966954882213631350e+01,3.613753072374498165e-01,nan,1.223592753997549742e+01,1.000000000000000000e+00
2.146000000000000000e+03,4.596288931411654488e+01,4.051937615721232078e+01,1.470763779521774535e-03,-4.425694976977819550e+01,3.192355852013981643e-01,nan,6.141521116880207742e+00,1.000000000000000000e+00
2.147000000000000000e+03,1.078861784959819516e+02,5.193209499936484264e+01,-3.813384703113774366e-02,9.873448976356199864e+02,9.647264962366119967e-03,nan,2.947028132755426455e+01,1.000000000000000000e+00
2.150000000000000000e+03,3.112248918867156888e+01,2.421544744169419161e+01,-3.268307530848942044e-02,8.471341825978718134e+02,1.228254985402221777e-02,nan,1.223592753997549742e+01,1.000000000000000000e+00
2.150000000000000000e+03,6.109963349877844507e+01,5.196346248572264415e+01,-1.745970065989967514e-03,5.133610702897098577e+01,3.102714978001273050e-01,nan,1.328848559861877732e+01,1.000000000000000000e+00
2.153000000000000000e+03,1.063046520413618623e+02,1.004225654491280473e+01,-5.581817866851595394e-02,1.442240628003275106e+03,1.010653178610121383e-02,nan,3.699695577767759147e+01,1.000000000000000000e+00
2.153000000000000000e+03,7.968436042507367745e+01,3.972443843913128347e+01,1.732118818294072415e-03,-5.097981007829576328e+01,3.232102508845532407e-01,nan,1.756339780735345002e+01,1.000000000000000000e+00
2.153000000000000000e+03,9.463556126988942196e+01,5.192869790975298372e+01,-1.705950585539440199e-03,5.030668215944419330e+01,3.720813037366613729e-01,nan,1.929980196603785103e+01,1.000000000000000000e+00
2.156000000000000000e+03,1.190693785951409467e+01,4.402123909874253371e+01,-2.404106591293772924e-02,6.248349599614629142e+02,1.116361997402104400e-02,nan,1.291725479648912334e+01,1.000000000000000000e+00
2.157000000000000000e+03,5.962895698167339020e+01,5.180961154688233705e+00,-1.395367427847140100e-03,4.231752230566091555e+01,3.720020532506784772e-01,nan,3.189739654539197034e+01,1.000000000000000000e+00
2.158000000000000000e+03,1.350796635173220182e+02,3.329679269108851969e+01,-3.660648006451256570e-02,9.480562931200919365e+02,7.276425198064040423e-03,nan,1.037489648198559422e+01,1.000000000000000000e+00
2.161000000000000000e+03,2.433704592131240574e+01,4.050728334355182625e+01,-2.637858350084758621e-02,6.849631453067327129e+02,2.240857113265737333e-02,nan,5.458301081803705657e+00,1.000000000000000000e+00
2.162000000000000000e+03,2.846858332206087283e+01,1.199822011759333229e+01,-8.516490844413965311e-02,2.197129325462904944e+03,8.005910354388912076e-03,nan,1.848952497265682737e+01,1.000000000000000000e+00
2.162000000000000000e+03,2.781618056806037487e+01,3.047623149222650696e+01,-3.197650275333997760e-02,8.289589501308959143e+02,1.481769106862529384e-02,nan,1.061726796940621753e+01,1.000000000000000000e+00
2.162000000000000000e+03,1.061635738847825081e+02,4.153609044854256638e+01,-2.367457900726382264e-02,6.154077827265402902e+02,8.746712379107624002e-03,nan,1.537027953474628816e+01,1.000000000000000000e+00
2.164000000000000000e+03,9.520686946909690107e+01,5.231552092160264067e+01,-5.524661118229885065e-02,1.427538143655629256e+03,7.492967641837711135e-03,nan,1.537027953474628816e+01,1.000000000000000000e+00
2.165000000000000000e+03,6.375487868210618814e+01,3.519475106020934874e+01,-5.057027497235148938e-02,1.307248306341534999e+03,1.132536429906083608e-02,nan,1.016880291000477321e+01,1.000000000000000000e+00
2.166000000000000000e+03,8.325567012575739057e+01,2.204439987304704118e+01,-6.495780333997210054e-02,1.677340055307651937e+03,5.443061135498517000e-02,nan,9.183256978379956692e+00,1.000000000000000000e+00
2.166000000000000000e+03,1.894914450098998415e+01,3.963345899935721661e+01,-2.958598001854358464e-02,7.674673083937976799e+02,8.955557335788455475e-03,nan,5.458301081803705657e+00,1.000000000000000000e+00
2.167000000000000000e+03,3.404712026307914385e+01,4.396416760424791192e+01,-1.357244502345670992e-03,4.133688269793675829e+01,3.564907048712753213e-01,nan,1.485762531648081719e+01,1.000000000000000000e+00
2.168000000000000000e+03,5.421928947182806979e+01,3.872704366351234739e+01,-1.818613069318432245e-03,5.320470985393481556e+01,3.732824768130037496e-01,nan,1.016880291000477321e+01,1.000000000000000000e+00
2.170000000000000000e+03,9.465305981556208792e+01,1.874278909082405065e+01,-2.162097804581154803e-02,5.625828115374088156e+02,1.427828560406518843e-02,nan,3.016293288976053422e+00,1.000000000000000000e+00
2.172000000000000000e+03,3.386896706390707124e+01,2.118687950175801760e+01,-3.878992148749209334e-02,1.004221162745242282e+03,9.825216889907006923e-03,nan,2.277798480696224814e+01,1.000000000000000000e+00
2.174000000000000000e+03,8.126768340153057579e+01,5.096498131268680254e+01,1.313744084017805019e-03,-4.021791733513343559e+01,3.562722831955600356e-01,nan,3.115590327243908320e+01,1.000000000000000000e+00
2.175000000000000000e+03,1.226712566200966421e+02,7.676376371744169091e+00,1.342972646438786400e-03,-4.096976640258623803e+01,3.703737139251457311e-01,nan,1.962220285694380806e+01,1.000000000000000000e+00
2.176000000000000000e+03,8.253683405470474099e+01,4.556376874241696129e+00,-5.978720539260429928e-02,1.544336276712257586e+03,9.432526617133563107e-03,nan,3.432346933207196571e+01,1.000000000000000000e+00
2.181000000000000000e+03,1.265884107810459085e+02,8.214833584167331892e+00,-3.052559475623749241e-02,7.916371068985972670e+02,1.068293470022563252e-02,nan,1.939185338066702613e+01,1.000000000000000000e+00
2.181000000000000000e+03,4.907043641367074116e+01,5.013892070325467643e+01,-2.472052463631249641e-02,6.423127407768232615e+02,1.371699941452031446e-02,nan,2.435158676738229744e+01,1.000000000000000000e+00
2.183000000000000000e+03,1.100156204117867560e+02,3.357623484335854869e+01,-8.085021561781099986e-02,2.086142075009156088e+03,8.596604368736660007e-03,nan,1.514502654031749707e+01,1.000000000000000000e+00
2.183000000000000000e+03,7.635785643699399827e+01,3.561591608352419769e+01,-1.829725598058187536e-03,5.349055847863590429e+01,2.777039157577890771e-01,nan,2.324341247414836076e+01,1.000000000000000000e+00
2.185000000000000000e+03,1.111849371825449424e+02,4.867605362361366161e+01,-3.941725000015076225e-02,1.020357993234394030e+03,1.053153115752614166e-02,nan,1.514502654031749707e+01,1.000000000000000000e+00
2.186000000000000000e+03,1.072441826526014097e+02,9.573073493750243301e+00,-8.504731038089492767e-02,2.194104339392384645e+03,9.914000782894727415e-03,nan,1.626665871076113135e+01,1.000000000000000000e+00
2.186000000000000000e+03,9.611320093441976553e+01,2.336917826354025607e+01,-1.946803532585893171e-02,5.072024629262939470e+02,1.090933408896610501e-02,nan,1.306052193508643278e+01,1.000000000000000000e+00
2.189000000000000000e+03,2.931200572922093173e+01,1.768963400634875782e+01,-3.701806047580302739e-02,9.586434148523755994e+02,9.143701003891835377e-03,nan,3.769654674026054408e+01,1.000000000000000000e+00
2.190000000000000000e+03,4.943277564385944345e+01,4.956727906025488295e+01,-2.979320489362815433e-02,7.727977733972190890e+02,1.269096896575772071e-02,nan,3.769654674026054408e+01,1.000000000000000000e+00
2.191000000000000000e+03,9.107169942809819929e+01,1.132092130335588109e+01,-5.991439719076274706e-02,1.547608043330667670e+03,8.261293551434900628e-03,nan,1.015103331070019266e+01,1.000000000000000000e+00
2.191000000000000000e+03,1.377602520145308347e+02,3.115176878063718391e+01,-3.351028331228780160e-02,8.684125320865505273e+02,1.096907951082437549e-02,nan,3.737473183296977908e+01,1.000000000000000000e+00
2.195000000000000000e+03,6.088866107377147507e+00,7.029666888432181793e+00,-2.140710064673916058e-02,5.570812230321056404e+02,1.314706282466460152e-02,nan,4.039868238586527127e+01,1.000000000000000000e+00
2.195000000000000000e+03,9.802524742828535409e+01,1.871630144801633833e+01,-3.733219643922573022e-02,9.667239638629968113e+02,1.251099428464963470e-02,nan,1.015103331070019266e+01,1.000000000000000000e+00
2.195000000000000000e+03,1.010303197068039793e+01,4.722842322411888460e+01,1.623583996132964367e-03,-4.818795861284673521e+01,2.906043362331857116e-01,nan,1.131259623725920349e+01,1.000000000000000000e+00
2.197000000000000000e+03,1.250063359494882604e+02,1.569066397179495453e+01,-3.686630455988790939e-02,9.547397831164770423e+02,6.758623591104795381e-03,nan,2.715020478608775534e+01,1.000000000000000000e+00
2.200000000000000000e+03,8.248520153436109581e+01,3.236428120560195509e+01,-7.539330595857858530e-02,1.945773473249838389e+03,7.573687236617443475e-03,nan,2.068236876783553768e+01,1.000000000000000000e+00
2.203000000000000000e+03,1.393445956738177927e+02,1.394008994956188374e+01,-2.726880801243936059e-02,7.078624743679336007e+02,9.550313750400607482e-03,nan,5.976990484637921952e+01,1.000000000000000000e+00
2.209000000000000000e+03,9.723394824050679119e+01,4.317368461946940528e+01,-1.954931155532829701e-02,5.092931390414065618e+02,1.158960043865431278e-02,nan,2.652448214565962914e+01,1.000000000000000000e+00
2.210000000000000000e+03,4.962827020326150773e+01,9.377509289244919444e+00,-4.961632308905333799e-02,1.282709712088342712e+03,7.508450168222324805e-03,nan,2.111161545496801395e+01,1.000000000000000000e+00
2.211000000000000000e+03,4.084809180522994154e+01,2.857669610580525443e+01,-2.556572337688150370e-02,6.640538676840068320e+02,1.371321054525365124e-02,nan,1.530469157403812375e+01,1.000000000000000000e+00
2.211000000000000000e+03,3.103022537362419442e+01,4.031735549561733478e+01,-3.942589263374953606e-02,1.020580308513468822e+03,8.500054567622705726e-03,nan,1.530469157403812375e+01,1.000000000000000000e+00
2.211000000000000000e+03,1.145801265185373694e+02,2.310733835907121048e+01,-1.473965431074898908e-03,4.433930615459982505e+01,3.389284933338304606e-01,nan,1.007885948534205234e+01,1.000000000000000000e+00
2.212000000000000000e+03,1.477743289410439509e+01,2.517416979383617459e+01,-1.715983498710944508e-02,4.478284079458376254e+02,9.478460528513754646e-03,nan,2.201324070660128740e+01,1.000000000000000000e+00
2.215000000000000000e+03,6.921523422254912816e+01,1.907548702266440799e+01,-1.550023355474277600e-03,4.629575131630301854e+01,3.612072788593299055e-01,nan,2.185634762742320802e+01,1.000000000000000000e+00
2.216000000000000000e+03,1.214265628773416097e+02,3.050394012678270528e+01,-1.178229665984168416e-02,3.095014824434842353e+02,2.735188780105934914e-02,nan,1.007885948534205234e+01,1.000000000000000000e+00
2.217000000000000000e+03,1.286587583628443383e+02,6.655557719216820267e+00,-1.981611479603411115e-03,5.739753333269337787e+01,2.683000431634638971e-01,nan,1.905932180284557020e+01,1.000000000000000000e+00
2.219000000000000000e+03,1.154332350538425658e+02,2.037937937309571623e+01,-6.203611165937304717e-02,1.602185104687632474e+03,8.499479407450549751e-03,nan,1.176548804151475203e+01,1.000000000000000000e+00
2.220000000000000000e+03,4.864667058961292589e+00,2.485767029670706307e+01,-7.020366634889961543e-02,1.812279884179156397e+03,7.747398743463751458e-03,nan,6.460982230040606566e+01,1.000000000000000000e+00
2.221000000000000000e+03,8.025254861982482169e+01,4.070747579733461663e+01,-1.317524076704782755e-02,3.453323150698961399e+02,2.017631678599030032e-02,nan,2.876812447186564725e+01,1.000000000000000000e+00
2.226000000000000000e+03,1.103767337444626833e+02,3.245866411578337107e+01,-6.605515902109408699e-02,1.705567438975462892e+03,8.251193817654600693e-03,nan,1.443387410400472071e+01,1.000000000000000000e+00
2.226000000000000000e+03,7.272783972538196906e+01,1.294088180954692113e+01,-1.597062531185280444e-03,4.750574446898296799e+01,3.093499840888638275e-01,nan,1.602289063235899036e+01,1.000000000000000000e+00
2.229000000000000000e+03,1.018757455060996762e+02,4.412356534217495607e+01,-3.183369992992880065e-02,8.252856196377664446e+02,1.011675354665098059e-02,nan,1.388241667127567958e+01,1.000000000000000000e+00
2.230000000000000000e+03,3.531235960224231718e+01,2.496347551273201404e+01,-3.892204211889892240e-02,1.007619714206096660e+03,1.094742889270794439e-02,nan,1.893061503134897094e+01,1.000000000000000000e+00
2.234000000000000000e+03,9.787683142621368404e+01,3.082957501509097398e+01,-7.240833463962161043e-02,1.868990774524971812e+03,7.772275945123641172e-03,nan,1.388241667127567958e+01,1.000000000000000000e+00
2.235000000000000000e+03,1.763590301659800730e+01,7.776608348206706545e+00,-2.090262190443682028e-02,5.441044687707496905e+02,1.356685942003954537e-02,nan,2.465452332443696193e+01,1.000000000000000000e+00
2.236000000000000000e+03,1.003525153802389553e+02,5.351448780674164851e+01,-2.060116055036325181e-02,5.363499499316510537e+02,1.029748315948209036e-02,nan,2.281960296335180871e+01,1.000000000000000000e+00
2.239000000000000000e+03,1.907206904125312263e+01,4.896509310185669506e+01,-4.692405321094931386e-02,1.213456200128727687e+03,1.034123660230690245e-02,nan,1.273486042709433796e+01,1.000000000000000000e+00
2.241000000000000000e+03,4.495500016099583718e+01,3.359858840320759299e+01,-5.443179012467190547e-02,1.406578424751426155e+03,9.857977988300681282e-03,nan,2.962150937084419411e+01,1.000000000000000000e+00
2.243000000000000000e+03,7.841783816742895930e+00,1.171093108799836457e+01,-6.798900266517868274e-02,1.755311881396648459e+03,7.949125552622171575e-03,nan,3.164290969915652596e+01,1.000000000000000000e+00
2.243000000000000000e+03,7.313888953417132655e+01,2.448254774908498632e+01,-7.417655376378164134e-02,1.914474841801493767e+03,8.744685063655555091e-03,nan,1.706851777296467176e+01,1.000000000000000000e+00
2.244000000000000000e+03,8.533024134710517217e+01,3.642847759733395208e+01,-2.329936694853415591e-02,6.057561675567691282e+02,1.502649275191902944e-02,nan,1.706851777296467176e+01,1.000000000000000000e+00
2.244000000000000000e+03,1.236215484963893516e+02,4.097931897918328303e+01,-6.041865952113195659e-02,1.560579230807459680e+03,7.101603613218321343e-03,nan,1.261085857293788592e+01,1.000000000000000000e+00
2.246000000000000000e+03,1.203940054830197113e+02,2.366483113338726341e+01,-1.961529015569914852e-02,5.109903128006283168e+02,1.292615687616449627e-02,nan,1.059738617224890156e+01,1.000000000000000000e+00
2.247000000000000000e+03,2.972003760059233457e+01,3.457172166047095629e+01,-2.579754460882855219e-02,6.700170270944756794e+02,1.093061106469250809e-02,nan,1.812964094611415788e+01,1.000000000000000000e+00
2.249000000000000000e+03,1.302106976114697261e+02,5.173184742071165232e+01,-3.309502684538166706e-02,8.577308508290076361e+02,8.051304058107378037e-02,nan,1.261085857293788592e+01,1.000000000000000000e+00
2.250000000000000000e+03,1.229257169575295805e+01,2.957499143254388585e+01,-4.414668418221930762e-02,1.142013674692581162e+03,1.087428764418674199e-02,nan,8.788635036198099826e+00,1.000000000000000000e+00
2.251000000000000000e+03,1.135187965807964616e+02,1.560033510235330922e+01,-4.010873912850417694e-02,1.038145233291505747e+03,8.092394382270162723e-03,nan,1.059738617224890156e+01,1.000000000000000000e+00
2.251000000000000000e+03,1.335705846897598121e+02,2.350023946661777430e+01,-4.796945952941252672e-02,1.240347285441963095e+03,6.799849343394726020e-03,nan,1.317760714273519262e+01,1.000000000000000000e+00
2.252000000000000000e+03,7.196028556543345189e+01,5.244977337606188428e+01,-1.893021857342524171e-03,5.511873412514043480e+01,2.741553723281882071e-01,nan,2.567791409772146949e+01,1.000000000000000000e+00
2.254000000000000000e+03,4.192863714341035575e+01,1.950020905575381391e+01,-1.415456800166387192e-03,4.283428312428728191e+01,3.256132071082021850e-01,nan,1.288641447901613724e+01,1.000000000000000000e+00
2.255000000000000000e+03,1.977707509467989055e+01,2.496822307816139386e+01,-1.826639920694630255e-03,5.341118530882905446e+01,3.615236456494680395e-01,nan,8.788635036198099826e+00,1.000000000000000000e+00
2.256000000000000000e+03,1.831394396073018882e+01,7.722877018475019284e+00,1.519256763029391702e-03,-4.550433935750674408e+01,3.206489923709434642e-01,nan,1.730730231530822394e+01,1.000000000000000000e+00
2.257000000000000000e+03,9.730414177640975026e+01,4.832130819305245240e+01,-1.622513874542910652e-03,4.816043177427169297e+01,3.328305446133075218e-01,nan,1.358249635351019613e+01,1.000000000000000000e+00
2.258000000000000000e+03,1.227429947760404332e+02,1.096632728360547659e+01,-3.814667454802878055e-02,9.876748610622624938e+02,1.058483252263342500e-02,nan,1.515859108078248951e+01,1.000000000000000000e+00
2.258000000000000000e+03,5.011688883606426259e+01,4.081353074865200625e+01,1.218951617290677794e-03,-3.777956177443773100e+01,3.712550308343443017e-01,nan,2.043547764200604533e+01,1.000000000000000000e+00
2.259000000000000000e+03,9.025096452196197561e+01,2.108530850256181566e+01,-2.181120337304552279e-02,5.674759955683859971e+02,8.906778368118928313e-03,nan,1.459810590724070956e+01,1.000000000000000000e+00
2.259000000000000000e+03,1.242001300957068537e+02,4.056515280518200228e+01,-1.580817832897307099e-03,4.708788056302167035e+01,3.390655380726136370e-01,nan,1.339173487505873261e+01,1.000000000000000000e+00
2.259000000000000000e+03,1.116616186346442277e+02,4.526879961427231791e+01,-1.417957148919964322e-03,4.289859983106223495e+01,3.309396587887564190e-01,nan,1.339173487505873261e+01,1.000000000000000000e+00
2.260000000000000000e+03,1.112084344412761823e+02,2.080181412656661522e+01,-3.306070777753796625e-02,8.568480582105236181e+02,8.953646033469042642e-03,nan,1.515859108078248951e+01,1.000000000000000000e+00
2.261000000000000000e+03,9.468494071624161279e+01,3.499374303659826069e+01,-2.704561507031313233e-02,7.021212612701866647e+02,1.115486055855119396e-02,nan,1.358249635351019613e+01,1.000000000000000000e+00
2.263000000000000000e+03,5.453995498291400423e+01,2.086245979199605216e+01,-1.815477223886739072e-02,4.734212726969036567e+02,1.338497547335093518e-02,nan,2.040675375349696097e+01,1.000000000000000000e+00
2.265000000000000000e+03,1.209990998413901053e+02,8.688391666480521636e+00,-3.847095662983919528e-02,9.960163996329654310e+02,5.261131836661980810e-02,nan,3.793484710874058141e+00,1.000000000000000000e+00
2.265000000000000000e+03,1.280537602843698437e+02,1.153830432724687682e+01,-5.347985450855044509e-02,1.382091695128957099e+03,2.708780928136755861e-02,nan,3.821813486207044530e+00,1.000000000000000000e+00
2.266000000000000000e+03,5.289278063310612765e+01,4.120262732860197019e+01,-4.129372564073533619e-02,1.068626753091658657e+03,7.452308144335717532e-02,nan,8.471952888512863211e+00,1.000000000000000000e+00
2.266000000000000000e+03,5.107021409892220021e+01,4.947621403411574192e+01,-7.567508672570746886e-02,1.953021746495049683e+03,1.915784693178501641e-02,nan,8.471952888512863211e+00,1.000000000000000000e+00
2.269000000000000000e+03,1.024506462669274924e+02,1.493593508946646864e+01,-3.129812034422436301e-02,8.115088554487215333e+02,1.436389025122419838e-02,nan,1.036693463318114716e+01,1.000000000000000000e+00
2.269000000000000000e+03,1.316048235231526746e+02,5.020517428062543530e+01,-6.637707921749827489e-02,1.713848222545132103e+03,1.148378787777537546e-02,nan,3.461832075287756538e+01,1.000000000000000000e+00
2.270000000000000000e+03,9.953916223411086150e+01,4.986231856942167084e+00,-4.458298409394328976e-02,1.153236658465602886e+03,1.025424675959518694e-02,nan,1.036693463318114716e+01,1.000000000000000000e+00
2.270000000000000000e+03,1.421727290736405109e+02,1.723932067382371613e+01,-4.792899365860543021e-02,1.239306378031198847e+03,8.990124109164776556e-03,nan,1.522651854680956163e+01,1.000000000000000000e+00
2.273000000000000000e+03,8.373648632048903551e+01,1.181035756680048188e+01,-8.268313690123679782e-02,2.133290482029983195e+03,8.940674404583570656e-03,nan,1.721317105401885783e+01,1.000000000000000000e+00
2.273000000000000000e+03,1.591467317980615093e+01,3.460015751149586549e+01,-1.159926059358105527e-01,2.990113095139925463e+03,7.394398745825481178e-03,nan,1.768713398989254060e+01,1.000000000000000000e+00
2.275000000000000000e+03,1.256569814572232957e+02,2.723639709079381532e+01,-1.043882862635207680e-02,2.749433275269517480e+02,2.359413517165898089e-02,nan,1.565769883039818922e+01,1.000000000000000000e+00
2.275000000000000000e+03,1.092489030168198099e+02,4.057961250494771122e+01,1.546193489104734755e-03,-4.619723530251704346e+01,2.903593887754541969e-01,nan,2.092736261129990893e+01,1.000000000000000000e+00
2.276000000000000000e+03,7.651655588750348791e+00,1.896183122425161827e+01,-6.726154941927324493e-02,1.736599532952275013e+03,8.207591124918200975e-03,nan,1.768713398989254060e+01,1.000000000000000000e+00
2.276000000000000000e+03,6.132266141019155015e+01,2.609059290530349529e+01,-2.411458866759291428e-02,6.267261927127658510e+02,1.549336016626456924e-02,nan,1.084622545822607442e+01,1.000000000000000000e+00
2.283000000000000000e+03,1.026144209385922892e+02,1.809780655976462072e+01,1.147589924162018687e-03,-3.594391821257300990e+01,3.634039284688073135e-01,nan,9.412675416589294741e+00,1.000000000000000000e+00
2.284000000000000000e+03,6.149269606999540372e+01,3.293832221581121900e+01,-1.348919206380836365e-02,3.534081138825522999e+02,1.426964929499063839e-02,nan,1.707883685375006166e+01,1.000000000000000000e+00
2.284000000000000000e+03,3.157603574920133127e+01,3.318648504380433906e+01,-1.445090626693508939e-03,4.359655683855935138e+01,3.448166140193453799e-01,nan,2.030759114367329232e+01,1.000000000000000000e+00
2.287000000000000000e+03,4.792002015008382898e+01,2.113358365192746291e+01,-1.576034341939468522e-03,4.696483437402271477e+01,2.940298252307009808e-01,nan,1.350414891183279664e+01,1.000000000000000000e+00
2.289000000000000000e+03,4.341316410810134840e+01,8.403686305530637668e+00,-1.624246516565646531e-02,4.242308175192329145e+02,1.429458641443326350e-02,nan,1.350414891183279664e+01,1.000000000000000000e+00
2.291000000000000000e+03,8.357056053320407329e+01,3.101727519820387258e+01,-5.956676857367930455e-02,1.538665959631522810e+03,8.576651663272594206e-03,nan,2.095128887193066447e+01,1.000000000000000000e+00
2.293000000000000000e+03,1.260883832069361006e+02,2.018395565262429159e+01,-4.266240257063194652e-02,1.103833358827705752e+03,8.421567997934475969e-03,nan,4.387625846960470000e+01,1.000000000000000000e+00
2.295000000000000000e+03,2.328260901392281212e+01,3.949494066753933197e+01,-4.336759892177245029e-02,1.121973191069181439e+03,9.109202493710832904e-03,nan,1.487434392809021233e+01,1.000000000000000000e+00
2.295000000000000000e+03,1.106957588645187407e+01,4.798540173384260044e+01,-2.110736914329343350e-02,5.493712013038344821e+02,1.128216001332471574e-02,nan,1.487434392809021233e+01,1.000000000000000000e+00
2.295000000000000000e+03,7.887071824690339383e+01,5.143462046831638190e+01,-3.320571978524117229e-02,8.605782157595263016e+02,1.856596706034707722e-02,nan,2.095128887193066447e+01,1.000000000000000000e+00
2.301000000000000000e+03,1.361716598279965638e+02,1.296897178223815672e+01,-5.002861732557652846e-02,1.293315195614402228e+03,9.333311528607279861e-03,nan,7.887060755077150986e+01,1.000000000000000000e+00
2.302000000000000000e+03,5.287594327774044700e+01,4.254928130685389931e+01,-3.335853213447804305e-02,8.645090222293831630e+02,1.417140171331332521e-02,nan,3.172482002198349704e+01,1.000000000000000000e+00
2.304000000000000000e+03,5.732231741580730500e+01,1.113759618090793069e+01,-2.873469288182370351e-02,7.455695690982802262e+02,1.134995382885484183e-02,nan,2.779838573697370308e+01,1.000000000000000000e+00
2.306000000000000000e+03,9.577190019381813357e+00,3.071618253837134205e+01,-1.900837999261210725e-03,5.531978948078889147e+01,3.083821863332224522e-01,nan,3.226151030509517170e+01,1.000000000000000000e+00
2.307000000000000000e+03,3.004529446033641449e+01,5.779026570620398040e+00,-3.413486036957560227e-02,8.844785866297312396e+02,9.608112594275186602e-03,nan,2.779838573697370308e+01,1.000000000000000000e+00
2.307000000000000000e+03,9.522137441737116603e+01,1.725661636578878699e+01,-2.401554606737087844e-02,6.241785105673865246e+02,1.262543530649418155e-02,nan,3.158807750384595892e+01,1.000000000000000000e+00
2.307000000000000000e+03,1.329295251282095478e+02,2.282175139300553113e+01,1.665437593582214928e-03,-4.926456264689171860e+01,3.419658929673324854e-01,nan,1.543982971332954968e+01,1.000000000000000000e+00
2.310000000000000000e+03,7.992752877370135423e+01,4.489544640283234145e+01,-1.610038376392471928e-03,4.783952335888950103e+01,3.393279232114246868e-01,nan,3.158807750384595892e+01,1.000000000000000000e+00
2.313000000000000000e+03,4.895558984745066766e+01,1.653031841075367581e+01,-1.845076280025187074e-02,4.810350658197568805e+02,1.221626125070307545e-02,nan,1.520273896577771211e+01,1.000000000000000000e+00
2.313000000000000000e+03,1.159655692370767213e+02,1.558046411802976117e+01,1.526435363021622343e-03,-4.568899516205979694e+01,3.381775161290857534e-01,nan,2.737399801350438011e+01,1.000000000000000000e+00
2.314000000000000000e+03,2.589819695595544502e+01,4.424951603724179705e+01,-1.759434443130970110e-02,4.590053353539024101e+02,1.100959388015765317e-02,nan,3.041452331389530528e+01,1.000000000000000000e+00
2.317000000000000000e+03,3.384153805638096912e+01,1.489058961658104963e+01,-5.564576017028977778e-02,1.437805490714076541e+03,9.475986299758432096e-03,nan,1.520273896577771211e+01,1.000000000000000000e+00
2.317000000000000000e+03,1.160279455916650306e+02,4.295439106382491445e+01,-1.636396764757442517e-03,4.851754266843776264e+01,3.470389802468782925e-01,nan,9.302588561565585223e+00,1.000000000000000000e+00
2.320000000000000000e+03,1.113081445592119536e+02,1.040926617387117226e+01,-2.045047732575148644e-02,5.324739111353052294e+02,1.314033894500632460e-02,nan,9.260495023843066775e+00,1.000000000000000000e+00
2.324000000000000000e+03,7.069586110942192647e+01,5.016040637232987365e+01,-1.828162933965034320e-02,4.766844298631611423e+02,1.389061832026428078e-02,nan,2.755772409422607439e+01,1.000000000000000000e+00
2.325000000000000000e+03,1.026349526953926414e+02,7.163883148710550763e+00,-3.239482563001633286e-02,8.397195089361254077e+02,2.064089886205988655e-02,nan,9.260495023843066775e+00,1.000000000000000000e+00
2.325000000000000000e+03,4.314209380991532328e+01,2.835464854741740481e+01,-3.494241216994470323e-02,9.052513177439890342e+02,3.968647661984914254e-02,nan,2.884811817826881253e+01,1.000000000000000000e+00
2.325000000000000000e+03,1.264023326085247447e+02,2.112838874572470260e+01,-1.610764083600395693e-03,4.785819079383421837e+01,3.673016380861330310e-01,nan,7.895646048888800728e+00,1.000000000000000000e+00
2.328000000000000000e+03,1.339262536993956019e+02,1.873426302895834539e+01,-1.733232184209733970e-03,5.100844929473640832e+01,3.184899698078390573e-01,nan,7.895646048888800728e+00,1.000000000000000000e+00
2.329000000000000000e+03,1.138231043973320595e+02,4.842448774914277720e+00,-4.879931530095456965e-02,1.261693743710000717e+03,9.854545174442619349e-03,nan,1.142645159520018083e+01,1.000000000000000000e+00
2.330000000000000000e+03,6.047420767673741437e+01,5.141569256833885504e+01,-1.647391961965070538e-03,4.880037316307339523e+01,3.521930926753498170e-01,nan,2.884811817826881253e+01,1.000000000000000000e+00
2.331000000000000000e+03,5.796492706381055626e+01,2.133720637157904676e+01,-2.158029559081545493e-02,5.615363329111269195e+02,1.403102845525672215e-02,nan,2.284899580596820101e+01,1.000000000000000000e+00
2.333000000000000000e+03,1.044402381842516547e+01,2.621638118281642704e+01,-1.938552561678268116e-02,5.050800578989345127e+02,1.286786072180434726e-02,nan,2.706925900229267512e+01,1.000000000000000000e+00
2.333000000000000000e+03,1.301142332035363154e+02,3.089035839317720189e+01,-4.112527902292231058e-02,1.064293784856881757e+03,1.008282210191580042e-02,nan,1.273978629196088441e+01,1.000000000000000000e+00
2.336000000000000000e+03,8.040225538101469738e+01,2.565494968575852752e+01,-6.280075587758170153e-02,1.621854120019726679e+03,7.496830995034398093e-03,nan,2.076066244425136631e+01,1.000000000000000000e+00
2.337000000000000000e+03,6.883508895653591253e+01,5.268031836591472228e+01,-4.828361580489521493e-02,1.248428356941618858e+03,8.326783636824375279e-03,nan,2.493134135244804384e+01,1.000000000000000000e+00
2.337000000000000000e+03,3.742069449650980317e+01,2.845334833934143859e+01,1.546277327468181025e-03,-4.619939188464605451e+01,3.288504640951231961e-01,nan,2.706925900229267512e+01,1.000000000000000000e+00
2.338000000000000000e+03,1.113564965988000921e+02,4.550090622988032152e+01,-1.760653355683372990e-03,5.171380667441101764e+01,3.201371866310960268e-01,nan,2.377647557190197958e+01,1.000000000000000000e+00
2.341000000000000000e+03,1.173488017374805423e+02,1.278450830341048139e+01,-2.950998885483555392e-02,7.655125805236536962e+02,1.131617357663561307e-02,nan,1.565725386210170811e+01,1.000000000000000000e+00
2.341000000000000000e+03,1.007310908363866986e+02,2.144263984998441686e+01,-3.669999692415129577e-02,9.504618361193613509e+02,5.320046522779209308e-02,nan,3.403338650639695651e+00,1.000000000000000000e+00
2.342000000000000000e+03,8.571343459379416174e+01,3.433111592598476847e+01,-9.048199921357547026e-02,2.333901352734850661e+03,9.565981079122543029e-03,nan,1.978996752352848176e+01,1.000000000000000000e+00
2.344000000000000000e+03,1.078319448610846649e+02,3.609438893488240296e+01,-2.181600495196176978e-02,5.675995070356448196e+02,1.235555444676694758e-02,nan,1.538335867792497780e+01,1.000000000000000000e+00
2.344000000000000000e+03,5.059998990811043207e+00,4.565903059838411338e+01,1.509270829765892771e-03,-4.524747025448106541e+01,3.460484814931166220e-01,nan,2.502383244111651805e+01,1.000000000000000000e+00
2.345000000000000000e+03,3.105278626543349318e+01,9.850019837378930276e+00,-4.920735161415739495e-02,1.272189700272962000e+03,1.025751857818368862e-02,nan,1.941717637744708824e+01,1.000000000000000000e+00
2.346000000000000000e+03,1.041230712305867030e+02,2.116482160670150137e+01,-9.168915030110738607e-02,2.364953013995618221e+03,1.233369128212102872e-02,nan,3.403338650639695651e+00,1.000000000000000000e+00
2.348000000000000000e+03,1.805088867289411780e+01,2.427144131606846855e+01,-2.247320129202827824e-02,5.845046304657902283e+02,1.303079864096901019e-02,nan,1.941717637744708824e+01,1.000000000000000000e+00
2.350000000000000000e+03,6.186313440468727265e+01,4.618617612576782960e+01,-2.465213895398968985e-02,6.405536494215598395e+02,5.045639468682194817e-02,nan,9.520496037750644902e+00,1.000000000000000000e+00
2.350000000000000000e+03,6.890849795189407700e+01,3.978284126863945147e+01,-4.610244756035095787e-02,1.192321960499723446e+03,1.726462430618702637e-02,nan,9.520496037750644902e+00,1.000000000000000000e+00
2.351000000000000000e+03,1.268590040895873727e+02,4.609443854841147470e+01,-3.298291844127140132e-02,8.548470757780860367e+02,1.071753609951364705e-02,nan,1.854891590840878735e+01,1.000000000000000000e+00
2.352000000000000000e+03,1.023637856124906449e+02,4.528253107821500834e+01,-3.103805391625058877e-02,8.048191421972924218e+02,1.043169315371383910e-02,nan,2.450867034297988667e+01,1.000000000000000000e+00
2.354000000000000000e+03,1.230829410048429793e+02,1.598494765249453486e+01,-1.230042552227177165e-03,3.806485493970134115e+01,3.595016629598030145e-01,nan,7.699525560834548088e+00,1.000000000000000000e+00
2.355000000000000000e+03,3.732502867289777271e+01,5.073340171651571495e+01,-1.557458722325415906e-03,4.648701195898125604e+01,3.334468290351557673e-01,nan,1.892348359122336277e+01,1.000000000000000000e+00
2.356000000000000000e+03,1.440915015018266843e+02,5.295762398335245535e+01,-3.383428563888871837e-02,8.767468744876182427e+02,8.249177991229039719e-03,nan,1.854891590840878735e+01,1.000000000000000000e+00
2.358000000000000000e+03,2.386514528723725093e+01,3.743190667002865979e+01,-3.806226505282643557e-02,9.855035876572287634e+02,1.024591705249122686e-02,nan,1.264741754441249810e+01,1.000000000000000000e+00
2.360000000000000000e+03,4.190478952361720388e+01,2.174681589596240627e+01,-4.551894230106775380e-02,1.177312399689747963e+03,8.490426947792895085e-03,nan,1.131954457516918922e+01,1.000000000000000000e+00
2.361000000000000000e+03,4.599512809950102366e+01,3.230149351888765352e+01,-5.106709696042063124e-02,1.320028105191706572e+03,1.177751920144087805e-02,nan,1.131954457516918922e+01,1.000000000000000000e+00
2.363000000000000000e+03,7.756695427721327007e+01,5.067127456048223166e+01,-8.442086541239679498e-02,2.177990236392993666e+03,8.447210726386655821e-03,nan,3.337956206244756885e+01,1.000000000000000000e+00
2.363000000000000000e+03,3.315054940200571565e+01,4.601901566946228428e+01,-3.642885939487813807e-02,9.434873398851864295e+02,9.474000578458818822e-03,nan,1.264741754441249810e+01,1.000000000000000000e+00
2.364000000000000000e+03,2.590195268462464995e+01,1.535221144591736220e+01,-3.101703701686138459e-02,8.042785225123784585e+02,1.012909592049615615e-02,nan,1.723315853138806020e+01,1.000000000000000000e+00
2.367000000000000000e+03,1.341197893108675032e+02,1.395025264425503408e+01,-3.444596347086203297e-02,8.924811210416178255e+02,9.330014909833095338e-03,nan,1.789163323811420625e+01,1.000000000000000000e+00
2.369000000000000000e+03,7.878371878201357958e+01,2.618974587768427753e+01,-2.781616686809287864e-02,7.219422378286817548e+02,1.007680504840280378e-02,nan,1.937328175869075508e+01,1.000000000000000000e+00
2.372000000000000000e+03,1.248878924939319432e+02,2.927613340487196325e+01,-4.656795666846440945e-02,1.204296295185942881e+03,8.604019383707139923e-03,nan,1.789163323811420625e+01,1.000000000000000000e+00
2.372000000000000000e+03,8.856979892217974282e+01,4.290969448980224143e+01,-4.501410750082011220e-02,1.164326486516288242e+03,8.821324181359946337e-03,nan,1.383449826488313583e+01,1.000000000000000000e+00
2.372000000000000000e+03,3.479038982702007132e+01,3.311978984558063388e+01,-1.479213940966825130e-03,4.447431406949230848e+01,3.527587532113650726e-01,nan,1.318753970421648702e+01,1.000000000000000000e+00
2.373000000000000000e+03,7.070927351227059887e+01,4.567664312279130456e+01,-2.657017954846228186e-02,6.898915885073242862e+02,9.485527540613269970e-03,nan,1.807358217552929602e+01,1.000000000000000000e+00
2.375000000000000000e+03,1.022371528948651473e+02,4.076568478218079861e+01,-4.052691304452361865e-02,1.048901960367710444e+03,8.869112190447836497e-03,nan,1.383449826488313583e+01,1.000000000000000000e+00
2.378000000000000000e+03,9.863652009253044639e+00,1.784068030163890484e+01,1.595312172218048188e-03,-4.746071982020734481e+01,3.678919106421227880e-01,nan,4.465122781485086279e+01,1.000000000000000000e+00
2.385000000000000000e+03,9.612551589869161717e+01,3.441377436647134402e+01,-1.668239938817341972e-03,4.933664763764031136e+01,3.639916255516585375e-01,nan,9.635886356107308259e+00,1.000000000000000000e+00
2.388000000000000000e+03,1.379695400093422393e+02,4.618080860975337743e+01,-3.725233276115856584e-02,9.646696229408089494e+02,1.062634559699193737e-02,nan,9.057586282911003650e+00,1.000000000000000000e+00
2.388000000000000000e+03,1.022302344329056467e+02,4.186915614649030459e+01,-1.630166833561043273e-03,4.835728956078079221e+01,2.991122849471377076e-01,nan,9.635886356107308259e+00,1.000000000000000000e+00
2.389000000000000000e+03,2.290715814500558167e+01,4.120056221128761820e+01,-1.506948519354036654e-02,3.940581430826947553e+02,1.520595431481774895e-02,nan,5.649231697671309149e+01,1.000000000000000000e+00
2.390000000000000000e+03,1.364428698425848552e+02,3.725281065532313818e+01,-2.593397193740618750e-02,6.735263601327827701e+02,1.533341342993699286e-02,nan,9.057586282911003650e+00,1.000000000000000000e+00
2.393000000000000000e+03,7.877079544941858558e+01,3.279604529962506376e+01,-2.835691395656335032e-02,7.358519261786807419e+02,1.061356192984386215e-02,nan,2.515286500300624084e+01,1.000000000000000000e+00
2.395000000000000000e+03,1.132690302816293269e+02,1.443936793390589735e+01,-9.041158286399755134e-03,2.389909215699189247e+02,3.129290028281828118e-02,nan,3.126816297655937049e+01,1.000000000000000000e+00
2.397000000000000000e+03,1.428850137371522351e+02,2.446890131741240282e+01,-2.483479270966296518e-03,7.030712585681706628e+01,2.115299361640895492e-01,nan,3.126816297655937049e+01,1.000000000000000000e+00
2.397000000000000000e+03,3.949149726007441785e+01,5.137301893932198027e+01,-2.354430683624750970e-02,6.120567793866238162e+02,1.316235086852313163e-02,nan,2.373393832669560055e+01,1.000000000000000000e+00
2.397000000000000000e+03,5.056944110840453988e+01,3.038304541412106730e+01,-1.585663100827759079e-03,4.721251584691282233e+01,3.280278281440111021e-01,nan,1.464340528510355632e+01,1.000000000000000000e+00
2.399000000000000000e+03,1.134716934587033066e+01,4.604397586155633348e+01,-2.965113604597814645e-02,7.691433230318094729e+02,1.168751877253693117e-02,nan,2.864440423305971350e+01,1.000000000000000000e+00
2.399000000000000000e+03,1.206171291939085393e+02,4.976490725986957386e+01,1.492384259895269613e-03,-4.481309542526980039e+01,3.739084968477195403e-01,nan,1.581300035136318272e+01,1.000000000000000000e+00
2.401000000000000000e+03,4.526017340958382107e+01,1.673603127746620345e+01,-4.136735054668942008e-02,1.070520613490456071e+03,9.498371027784502374e-03,nan,1.464340528510355632e+01,1.000000000000000000e+00
2.402000000000000000e+03,1.048261843646566689e+02,5.059979737942771294e+01,-1.725012881314506863e-02,4.501510445477971416e+02,1.188624578459418490e-02,nan,1.581300035136318272e+01,1.000000000000000000e+00
2.404000000000000000e+03,6.407837906573304565e+01,2.149766630377789767e+01,-6.188359668885146797e-02,1.598261947718511919e+03,4.797153364137785037e-02,nan,1.540557848844603406e+01,1.000000000000000000e+00
2.405000000000000000e+03,6.067980296466792112e+01,6.471637918042025817e+00,-1.135342321209509807e-02,2.984695303036802443e+02,2.487919759750945037e-02,nan,1.540557848844603406e+01,1.000000000000000000e+00
2.409000000000000000e+03,9.379096172760138472e+01,2.951741743401184337e+01,-6.225890942298764608e-02,1.607916152571258635e+03,1.757501281983098185e-02,nan,6.639252372924556056e+00,1.000000000000000000e+00
2.409000000000000000e+03,1.280162561831524215e+02,4.696595145539558303e+01,-6.319467588189760232e-02,1.631986961438000208e+03,6.898194491660736283e-03,nan,3.238947836653311185e+01,1.000000000000000000e+00
2.412000000000000000e+03,2.423046900873126219e+01,5.279028771958120103e+01,1.633788801404136796e-03,-4.845045778116576685e+01,3.586070840652536562e-01,nan,1.553310817840205083e+01,1.000000000000000000e+00
2.413000000000000000e+03,1.004108353726938532e+02,3.002431485400380495e+01,-7.077755413417681496e-02,1.827042053798332972e+03,9.526192651684528556e-03,nan,6.639252372924556056e+00,1.000000000000000000e+00
2.414000000000000000e+03,2.175865759393629162e+01,3.745511253272304941e+01,-1.659798013612623271e-03,4.911949519951294008e+01,2.825228941736402932e-01,nan,1.158518948276324600e+01,1.000000000000000000e+00
2.416000000000000000e+03,7.754917770322687431e+01,2.724005571153598737e+01,-7.783768298088926396e-02,2.008650413903207664e+03,8.991412202267734521e-03,nan,2.303057729125160336e+01,1.000000000000000000e+00
2.419000000000000000e+03,3.582775699110862888e+01,8.815319131708555744e+00,-3.787671027299871485e-02,9.807305445576223519e+02,9.868405001259961118e-03,nan,3.190889098512056421e+01,1.000000000000000000e+00
2.428000000000000000e+03,1.771459419041621430e+01,2.620032122213325465e+01,-1.665744980653451751e-02,4.349055065702220304e+02,1.686265594803948442e-02,nan,1.800436094284145128e+01,1.000000000000000000e+00
2.429000000000000000e+03,1.394788821388730753e+02,4.658941720780336482e+01,-1.308489788731969413e-03,4.008276060200785196e+01,3.519283132509440915e-01,nan,2.919498557297096752e+01,1.000000000000000000e+00
2.430000000000000000e+03,2.972145715990732384e+01,3.961644042971254009e+01,-2.989092053884688863e-02,7.753113221539144888e+02,1.064210330329251608e-02,nan,1.800436094284145128e+01,1.000000000000000000e+00
2.430000000000000000e+03,4.984330492544552982e+01,1.749989125957081271e+01,-8.020783235740987227e-02,2.069617989824138931e+03,8.949197865927738249e-03,nan,2.990034288590670286e+01,1.000000000000000000e+00
2.430000000000000000e+03,1.299669552174542559e+02,1.898741675769883130e+01,-3.658413447615876252e-02,9.474814954436441212e+02,1.922612934684808650e-02,nan,4.960982192018150272e+00,1.000000000000000000e+00
2.434000000000000000e+03,5.140825517242124931e+01,4.989423567245871283e+01,-7.208864672242445981e-02,1.860767412083852605e+03,1.009047619385983197e-02,nan,1.561273625918960661e+01,1.000000000000000000e+00
2.435000000000000000e+03,1.279399254682188740e+02,1.445944870290472117e+01,-7.215364008413760466e-02,1.862439242456172678e+03,1.333306745256357395e-02,nan,4.960982192018150272e+00,1.000000000000000000e+00
2.436000000000000000e+03,2.921585942389267032e+01,3.404004466269754658e+01,-2.177536086418807929e-02,5.665540153330429121e+02,1.011023729369153745e-02,nan,2.374679265674016193e+01,1.000000000000000000e+00
2.437000000000000000e+03,5.955791847606896994e+01,2.277841927146630496e+01,-1.887559223050370993e-02,4.919629933161864415e+02,1.095367040106243195e-02,nan,1.332787605756359639e+01,1.000000000000000000e+00
2.438000000000000000e+03,5.296051189637667989e+01,3.435885564614622467e+01,-2.992111591850144664e-02,7.760880407522389532e+02,9.140324914460817851e-03,nan,1.332787605756359639e+01,1.000000000000000000e+00
2.441000000000000000e+03,1.249709064410657078e+02,4.559470995077752775e+01,-1.914313810121899551e-02,4.988451009785783867e+02,1.236798755808432571e-02,nan,1.787828635592314086e+01,1.000000000000000000e+00
2.442000000000000000e+03,1.509158515010962454e+01,2.521296722282071556e+01,-1.563894418214123103e-02,4.087063903473236905e+02,1.913860536627931541e-02,nan,3.895770640022407605e+01,1.000000000000000000e+00
2.442000000000000000e+03,6.078999793421365183e+01,5.032729438076133022e+01,-2.885306595569915589e-02,7.486144908403393856e+02,9.315398595657331526e-03,nan,1.778459690962491635e+01,1.000000000000000000e+00
2.445000000000000000e+03,1.165305649852228669e+02,2.983419729626123029e+01,-5.238904326249823468e-02,1.354032654581596034e+03,3.214649305534622581e-02,nan,6.208465750675766337e+00,1.000000000000000000e+00
2.445000000000000000e+03,1.344919767776265189e+02,2.796822466551285657e+01,-3.678829471164696274e-02,9.527331284337279840e+02,1.139588693502002759e-02,nan,1.315920301864247399e+01,1.000000000000000000e+00
2.447000000000000000e+03,1.015153930078355984e+02,1.587033831493521063e+01,-6.834287104330516449e-02,1.764414471057522178e+03,9.435315211636208232e-03,nan,2.050474938059169006e+01,1.000000000000000000e+00
2.448000000000000000e+03,1.221376566864680910e+02,3.249982473293368201e+01,-2.997435052797432081e-02,7.774573996318143827e+02,1.775215916935588556e-01,nan,6.208465750675766337e+00,1.000000000000000000e+00
2.451000000000000000e+03,6.542598067244210824e+01,5.391546111347065739e+00,-3.331022625980022828e-02,8.632664456597283333e+02,1.001107464668471447e-02,nan,1.283212256174268973e+01,1.000000000000000000e+00
2.451000000000000000e+03,1.790561778796296721e+01,9.570382924038250749e+00,-5.667877353486277386e-02,1.464377790905719394e+03,9.204181195487937117e-03,nan,3.336361567145884521e+01,1.000000000000000000e+00
2.451000000000000000e+03,6.319862986303090935e+01,1.802888276949624213e+01,-3.257494709764827134e-02,8.443527904337501013e+02,1.406325533830810048e-02,nan,1.283212256174268973e+01,1.000000000000000000e+00
2.452000000000000000e+03,1.323233914666118096e+02,2.806591675412351705e+01,-2.087699241017336015e-03,6.012643882378105076e+01,2.724057185201417264e-01,nan,1.110894832898172524e+01,1.000000000000000000e+00
2.455000000000000000e+03,4.270747126355152545e+01,3.188627221504007991e+01,-3.655569596759038198e-02,9.467499690059452178e+02,8.842501192559248935e-03,nan,2.473691215561246182e+01,1.000000000000000000e+00
2.455000000000000000e+03,1.264551849099725302e+02,1.215379496314365682e+01,-1.221694919106037320e-03,3.785012798573175274e+01,3.713377592741725630e-01,nan,1.695970129696747719e+01,1.000000000000000000e+00
2.459000000000000000e+03,7.305092901869430477e+01,8.475675134044598380e+00,-3.024894548305371439e-02,7.845208315560436176e+02,1.189651203704356064e-02,nan,2.710470762877578821e+01,1.000000000000000000e+00
2.459000000000000000e+03,6.914418516590480124e+01,3.529735532209598148e+01,-3.895347351921638057e-02,1.008428227080491524e+03,1.241544160169494315e-02,nan,2.369534998816497762e+01,1.000000000000000000e+00
2.460000000000000000e+03,9.318868792836225623e+01,5.161343214885421560e+01,-5.259621653959242055e-02,1.359361792325044917e+03,8.962355000836419450e-03,nan,2.905774382347158635e+01,1.000000000000000000e+00
2.462000000000000000e+03,1.665759923346328009e+01,1.434291461740440710e+01,-4.009594498610683649e-02,1.037816128360111861e+03,8.103671987545912891e-03,nan,5.120584190720419571e+01,1.000000000000000000e+00
2.464000000000000000e+03,5.187149266423481464e+01,5.151844359644994142e+01,1.596034566228439651e-03,-4.747930202945949674e+01,2.831301771881713503e-01,nan,2.369534998816497762e+01,1.000000000000000000e+00
2.465000000000000000e+03,1.139258099358692817e+02,4.900805503813027819e+00,1.432339382979016260e-03,-4.326855539402977513e+01,3.684695012337469988e-01,nan,1.443110930850419038e+01,1.000000000000000000e+00
2.465000000000000000e+03,1.210591366173473062e+02,2.058085434225701604e+01,1.641415715386444762e-03,-4.864664560876226318e+01,2.763651478744005852e-01,nan,1.231285625372652071e+01,1.000000000000000000e+00
2.466000000000000000e+03,6.747040402111670687e+01,2.457805592212944745e+01,-3.612585233352789971e-02,9.356930606720474088e+02,1.037139058451985729e-02,nan,2.485278913357529973e+01,1.000000000000000000e+00
2.467000000000000000e+03,9.228384256719797918e+01,2.318005905596466576e+01,-1.647756856759061269e-03,4.880975938626935573e+01,3.140433810462982533e-01,nan,1.034455194770686326e+01,1.000000000000000000e+00
2.470000000000000000e+03,1.030340319432458500e+02,4.442501557153039471e+01,-7.031496834007033847e-02,1.815142915793987868e+03,1.150881039619577884e-02,nan,1.176927276238783726e+01,1.000000000000000000e+00
2.471000000000000000e+03,3.470444792509770338e+01,1.047885862485874497e+01,-5.398528826022918475e-02,1.395093015186560706e+03,7.850650091827615640e-03,nan,2.583865684246126193e+01,1.000000000000000000e+00
2.471000000000000000e+03,1.235384105859939581e+02,9.626276559306205627e+00,-1.649141238714470952e-03,4.884536997385768586e+01,3.719167716490499043e-01,nan,2.138219110678248569e+01,1.000000000000000000e+00
2.472000000000000000e+03,1.253914600210759289e+02,3.092802072071492248e+01,-6.740111571053834794e-02,1.740189609823800993e+03,7.396005242000125435e-03,nan,1.791178381876882497e+01,1.000000000000000000e+00
2.472000000000000000e+03,1.014048345200154415e+02,1.829976595047961041e+01,-1.391287764213552068e-02,3.643066179680563437e+02,1.931558360435636779e-02,nan,1.034455194770686326e+01,1.000000000000000000e+00
2.472000000000000000e+03,4.851200509936770544e+01,4.568977351843361134e+01,-2.129571533788398273e-03,6.120352375935199518e+01,2.398240576482906228e-01,nan,1.134184198431702661e+01,1.000000000000000000e+00
2.474000000000000000e+03,1.076819693833057983e+02,3.361240909072414951e+01,-5.167812444052300586e-02,1.335745622683200736e+03,8.600858723570969921e-03,nan,1.176927276238783726e+01,1.000000000000000000e+00
2.477000000000000000e+03,5.965030205751554604e+01,4.782886689398572599e+01,-1.590872926482550303e-03,4.734652868352550570e+01,3.390554670128584913e-01,nan,1.134184198431702661e+01,1.000000000000000000e+00
2.478000000000000000e+03,1.054401167638521457e+02,1.970450083964733423e+01,-4.472052663035605558e-02,1.156774678100218807e+03,1.316860499264371764e-02,nan,1.156686557268206350e+01,1.000000000000000000e+00
2.479000000000000000e+03,1.111262969218468726e+02,9.631778546874411262e+00,-3.711273067095639810e-02,9.610786252098491786e+02,1.076424232852601914e-02,nan,1.156686557268206350e+01,1.000000000000000000e+00
2.479000000000000000e+03,7.351266679761847911e+01,1.487731892020986280e+01,-2.151405782773221920e-02,5.598324926850149268e+02,1.288081250717965087e-02,nan,6.483584079826336222e+00,1.000000000000000000e+00
2.479000000000000000e+03,2.009912397312865551e+01,6.510903560408012325e+00,1.586510311625145137e-03,-4.723430873014725506e+01,2.953125882097898947e-01,nan,3.866403670655019198e+01,1.000000000000000000e+00
2.483000000000000000e+03,6.617599449395243028e+01,4.866450351746929215e+01,-1.502284969042762090e-02,3.928585336383267190e+02,1.123538504437238128e-02,nan,2.583681086238612323e+01,1.000000000000000000e+00
2.483000000000000000e+03,5.606567558407722629e+01,2.069945174767627805e+01,2.087855877008603766e-03,-6.013046798615544475e+01,3.102454351326123794e-01,nan,1.791523528102520046e+01,1.000000000000000000e+00
2.484000000000000000e+03,7.396928347740283982e+01,2.134480403638293566e+01,-1.709908690094549474e-02,4.462657791968053971e+02,1.862341828207292327e-02,nan,6.483584079826336222e+00,1.000000000000000000e+00
2.485000000000000000e+03,4.650220457518858375e+00,1.224874875889482162e+01,1.533140226256168425e-03,-4.586146499132082965e+01,3.203688731643410392e-01,nan,1.798153772144415896e+01,1.000000000000000000e+00
2.488000000000000000e+03,4.337788174362972882e+01,3.650774200124767077e+01,-2.418590340628374788e-02,6.285606284611985757e+02,9.925286271284416983e-03,nan,1.541430103270453422e+01,1.000000000000000000e+00
2.488000000000000000e+03,7.323890649801765740e+00,3.003040184657530887e+01,-1.805638076529833720e-03,5.287095289087213246e+01,3.408230794960600551e-01,nan,1.798153772144415896e+01,1.000000000000000000e+00
2.488000000000000000e+03,1.879481865220931880e+01,4.532230211009076015e+01,1.591756429982450196e-03,-4.736925512736915067e+01,3.546665407989531005e-01,nan,1.911607707940417455e+01,1.000000000000000000e+00
2.490000000000000000e+03,5.879190208272752471e+01,3.641471881749458106e+01,-3.480921531001605201e-02,9.018250823553777309e+02,9.465506118618072229e-03,nan,1.541430103270453422e+01,1.000000000000000000e+00
2.493000000000000000e+03,1.169727823925557146e+02,7.247018330472058345e+00,-1.647709185920847533e-03,4.880853314480255278e+01,3.452090783712680189e-01,nan,3.761089081310277038e+01,1.000000000000000000e+00
2.495000000000000000e+03,5.929926559369066297e+01,1.348938144404196926e+01,-4.198846534356212579e-02,1.086497607982483032e+03,8.519986802826062799e-03,nan,1.058077725421240878e+01,1.000000000000000000e+00
2.496000000000000000e+03,5.811063161006211431e+01,4.453044485432072719e+01,-4.386490190923036936e-02,1.134765362711990065e+03,1.002258283507584391e-02,nan,2.075466551142235616e+01,1.000000000000000000e+00
2.496000000000000000e+03,1.058638076841654510e+02,4.317986943755071394e+01,-8.227734987635515473e-02,2.122852384122618787e+03,1.039198927502016367e-02,nan,2.818557744191929970e+01,1.000000000000000000e+00
2.500000000000000000e+03,6.529516157858604686e+01,4.771464339505238961e+00,-2.880833725297383616e-02,7.474639302021512322e+02,1.453052719130476511e-02,nan,1.058077725421240878e+01,1.000000000000000000e+00
2.500000000000000000e+03,7.663831778922771321e+01,3.517731781907841793e+01,1.724667583422228754e-03,-5.078814126102454196e+01,3.667619301925950648e-01,nan,2.075466551142235616e+01,1.000000000000000000e+00
2.501000000000000000e+03,1.336912723529280527e+02,4.765859535495167876e+01,-4.779208995210093569e-02,1.235784791078556282e+03,7.768307629380633017e-03,nan,2.184336869781689217e+01,1.000000000000000000e+00
2.503000000000000000e+03,1.072502363398189118e+02,4.155706641608009733e+01,-1.438700483938533392e-02,3.765026365738292498e+02,1.690080942895133553e-02,nan,2.277809138658047416e+01,1.000000000000000000e+00
2.504000000000000000e+03,1.251995588556277710e+02,2.753339826402769930e+01,-6.101656756063791182e-02,1.575959275691308903e+03,9.105674930773044462e-02,nan,2.184336869781689217e+01,1.000000000000000000e+00
2.507000000000000000e+03,7.782031905562462271e+00,4.280212477469203236e+01,-3.495959869583292745e-02,9.056934083701273721e+02,8.622868478126544112e-03,nan,5.415724522015604236e+01,1.000000000000000000e+00
2.510000000000000000e+03,9.496716964794255489e+01,1.128401577698535263e+01,-1.090021427485375199e-01,2.810296751362388477e+03,8.660797391081942465e-03,nan,3.477436090567498184e+01,1.000000000000000000e+00
2.511000000000000000e+03,6.156914241871329097e+01,3.648121087856798539e+01,-2.701244781499322067e-02,7.012680968338698904e+02,1.038319280565869196e-02,nan,1.902219228972598941e+01,1.000000000000000000e+00
2.515000000000000000e+03,4.932287710041244111e+01,5.103706142950085223e+01,1.385137952209963266e-03,-4.205438853919070397e+01,3.018661207112696143e-01,nan,1.785871090578764253e+01,1.000000000000000000e+00
2.516000000000000000e+03,3.550998589049486753e+01,3.971727381490841680e+01,-3.209253185644304202e-02,8.319435776917367775e+02,7.769634815929071792e-03,nan,1.785871090578764253e+01,1.000000000000000000e+00
2.516000000000000000e+03,9.212849052710051012e+01,2.264628423839131344e+01,-1.830127536316277382e-03,5.350089757435213755e+01,2.639419482806161232e-01,nan,1.270448907097582847e+01,1.000000000000000000e+00
2.517000000000000000e+03,6.989407555139109718e+01,2.072555591063657232e+01,-1.999326813981763123e-02,5.207130761300069253e+02,1.863699286343012407e-02,nan,2.064304806866876163e+01,1.000000000000000000e+00
2.517000000000000000e+03,5.480016133861967376e+01,6.643326424405852748e+00,-1.691304394336148615e-03,4.992993680196381234e+01,2.574890455987658422e-01,nan,2.064304806866876163e+01,1.000000000000000000e+00
2.518000000000000000e+03,2.176475164271773366e+01,1.770806975462989996e+01,-1.517904999820580449e-02,3.968764888852315948e+02,2.079416161624370041e-02,nan,2.164412251398680098e+01,1.000000000000000000e+00
2.523000000000000000e+03,6.343467167667326656e+00,3.289530204165441063e+01,-4.601586027197613477e-02,1.190094667515544870e+03,7.267146159992021737e-03,nan,2.164412251398680098e+01,1.000000000000000000e+00
2.524000000000000000e+03,7.923896328789746235e+01,4.774217845029782836e+01,-4.702595870174325343e-02,1.216077524678263217e+03,9.849367939273712125e-03,nan,1.271936524712099725e+01,1.000000000000000000e+00
2.524000000000000000e+03,7.588098392981287077e+01,1.653174746228104297e+01,-3.839370517554770157e-02,9.940292531892956731e+02,8.528614925097266486e-03,nan,2.439214357411282208e+01,1.000000000000000000e+00
2.526000000000000000e+03,1.093702649155412132e+02,7.546912477692430343e+00,-3.196866333267904536e-02,8.287572959739653697e+02,1.053781001423892416e-02,nan,2.895900604452256388e+01,1.000000000000000000e+00
2.532000000000000000e+03,1.073234878026926822e+02,1.163153722400198120e+01,-1.811415873744138486e-03,5.301957571347076481e+01,2.581428337814918317e-01,nan,1.738455915967972132e+01,1.000000000000000000e+00
2.533000000000000000e+03,4.014214056402152409e+01,2.400863107214787462e+01,-3.576224294573070173e-02,9.263399021008216323e+02,2.230002844082745739e-02,nan,8.574248473286010253e+00,1.000000000000000000e+00
2.533000000000000000e+03,1.099603426060472486e+02,4.460279477225665090e+01,-1.559572107584782617e-03,4.654137476730338818e+01,3.556856462633507521e-01,nan,7.362508676285226983e+00,1.000000000000000000e+00
2.534000000000000000e+03,2.324746707254469769e+01,1.109256535885300821e+01,-1.654043216231703339e-03,4.897146400379738651e+01,3.517552557995583529e-01,nan,2.126628190102259097e+01,1.000000000000000000e+00
2.536000000000000000e+03,1.406430735636136546e+02,1.775831068367638821e+01,-3.274939289061680470e-02,8.488400760167834278e+02,9.481052287831359671e-03,nan,3.387819576520476517e+01,1.000000000000000000e+00
2.536000000000000000e+03,4.321004323704053718e+01,3.201523522562831658e+01,-5.645252453809786186e-02,1.458557966626311327e+03,1.221926513510751544e-02,nan,8.574248473286010253e+00,1.000000000000000000e+00
2.536000000000000000e+03,1.378059361417965434e+01,4.317199016839938253e+01,-1.800735328741971284e-03,5.274483904718837834e+01,3.292180320012909611e-01,nan,3.147325350130731536e+01,1.000000000000000000e+00
2.540000000000000000e+03,5.416188570082196208e+01,3.433006109972833286e+01,-3.100781100400421680e-02,8.040412009136263123e+02,1.299230646912585829e-02,nan,1.119380508044020317e+01,1.000000000000000000e+00
2.541000000000000000e+03,1.019482339109305258e+02,4.894005363828552113e+00,-1.510682429783419961e-03,4.528378097484795006e+01,3.194109602752805976e-01,nan,1.746432709403110906e+01,1.000000000000000000e+00
2.542000000000000000e+03,1.145395196064747552e+02,1.699616407128617368e+01,1.573189557362460233e-03,-4.689165771208082134e+01,3.215969954626984872e-01,nan,1.746432709403110906e+01,1.000000000000000000e+00
2.543000000000000000e+03,5.198154131549738821e+00,3.758830922355755888e+01,-1.725720147147093847e-02,4.503329752048759360e+02,1.781752691393767574e-02,nan,2.667772269241380911e+01,1.000000000000000000e+00
2.543000000000000000e+03,3.797909685710887118e+01,2.453169236423294564e+01,-1.650902240917282967e-03,4.889066839958580601e+01,3.083865225579076608e-01,nan,1.292299134249580028e+01,1.000000000000000000e+00
2.546000000000000000e+03,8.451985551967582921e+01,4.140679241992495463e+01,-2.773902711887327871e-02,7.199579647851103346e+02,1.125537547845689712e-02,nan,2.139590267332771845e+01,1.000000000000000000e+00
2.548000000000000000e+03,6.867485203061559851e+00,1.034312027726954675e+01,-3.939761114513744972e-02,1.019852821114912672e+03,1.099168036055153674e-02,nan,5.656472515988476779e+00,1.000000000000000000e+00
2.549000000000000000e+03,1.044608614247722045e+02,4.916185107214826644e+01,-3.020769335516638315e-02,7.834596991802593493e+02,1.205418392970958319e-02,nan,2.139590267332771845e+01,1.000000000000000000e+00
2.550000000000000000e+03,4.454652636201753069e+01,3.505176396270181272e+01,-3.424125930371162141e-02,8.872154964460936526e+02,9.360183314345627004e-03,nan,2.741317109627198079e+01,1.000000000000000000e+00
2.552000000000000000e+03,3.555647673563397149e+01,9.154641395346139632e+00,-4.575522093923280187e-02,1.183390217380702779e+03,9.130363206964586809e-03,nan,1.450396452210555864e+01,1.000000000000000000e+00
2.552000000000000000e+03,8.061677658720950035e+01,3.867548649117453863e+01,-2.735096877214336294e-02,7.099759033376842581e+02,1.335547489564670176e-02,nan,1.793960134489765323e+01,1.000000000000000000e+00
2.553000000000000000e+03,5.064970879858760711e+00,4.981532505090323859e+00,-1.850468916412844819e-02,4.824222187630921894e+02,1.899160560043977597e-02,nan,5.656472515988476779e+00,1.000000000000000000e+00
2.555000000000000000e+03,9.237583097864603587e+01,2.512727863060896283e+01,-3.834562303171579201e-02,9.927924316692881348e+02,9.335351920984225060e-03,nan,1.237768045413597839e+01,1.000000000000000000e+00
2.556000000000000000e+03,2.644039734406043607e+01,2.043569114193554981e+01,-3.877885768894837049e-02,1.003936567611969053e+03,9.975257525553837823e-03,nan,1.193741985754521906e+01,1.000000000000000000e+00
2.557000000000000000e+03,7.297255428150522505e+01,4.874105750475767884e+00,-8.678951077113165880e-02,2.238919124322591415e+03,9.339961249154371536e-03,nan,2.804778348280609279e+01,1.000000000000000000e+00
2.558000000000000000e+03,1.018621238756416147e+02,1.717635286708236109e+01,-6.182046528587645945e-02,1.596638012686398497e+03,8.837376781801631331e-03,nan,1.232128127287521657e+01,1.000000000000000000e+00
2.559000000000000000e+03,3.585739088199910896e+01,3.028707427593753820e+01,1.676643027751515075e-03,-4.955280108671811234e+01,2.325082914266632939e-01,nan,1.362826169936861653e+01,1.000000000000000000e+00
2.562000000000000000e+03,1.354594860077834255e+02,1.992999285152213673e+01,2.006185113509903473e-03,-5.802964323500113863e+01,3.647704870575563252e-01,nan,1.932017077938821359e+01,1.000000000000000000e+00
2.563000000000000000e+03,9.578600376494738100e+01,6.457456626996696869e+00,-1.246532486486521749e-02,3.270710813719033467e+02,4.815816417115192927e-02,nan,1.232128127287521657e+01,1.000000000000000000e+00
2.563000000000000000e+03,1.171271389976717785e+02,2.602868550204788534e+01,-2.951945807841678884e-02,7.657561582547959915e+02,8.511657831334229485e-03,nan,1.764608964490108534e+01,1.000000000000000000e+00
2.564000000000000000e+03,4.303430628135423319e+01,4.854412960552070722e+00,-7.835920407426345824e-02,2.022065550168304526e+03,9.476357614402797225e-03,nan,2.642590350834962720e+01,1.000000000000000000e+00
2.564000000000000000e+03,6.720524682637725178e+00,6.209955419814084721e+00,-2.452667217574482084e-02,6.373262556530590928e+02,1.364730042030981583e-02,nan,3.633907303933527544e+01,1.000000000000000000e+00
2.565000000000000000e+03,8.200394263256181659e+01,5.186193359366061628e+01,-4.859927831743969528e-02,1.256548173519255897e+03,9.253766893451698117e-03,nan,2.533783569209919762e+01,1.000000000000000000e+00
2.565000000000000000e+03,8.863101683348823201e+01,2.740609982960277335e+01,-1.738083588567691622e-03,5.113324242653096974e+01,3.250973798041788543e-01,nan,2.213683559182398142e+01,1.000000000000000000e+00
2.569000000000000000e+03,1.296408087485801559e+02,4.010737233055313311e+01,-1.531340323705791297e-03,4.581516592828392476e+01,2.720831117545529088e-01,nan,1.599074905351186260e+01,1.000000000000000000e+00
2.571000000000000000e+03,1.695871053828780006e+01,9.789956269736748595e+00,-1.117959701324141089e-02,2.939981825984918373e+02,2.757578832021467807e-02,nan,3.467043949398873082e+01,1.000000000000000000e+00
2.571000000000000000e+03,7.732955010656141326e+01,3.499943495220634304e+01,-4.800978988457213492e-02,1.241384706970947718e+03,3.696673377795223203e-02,nan,8.656239337206111273e+00,1.000000000000000000e+00
2.571000000000000000e+03,7.506341867781235067e+01,4.335378279094457810e+01,-6.078351610698335544e-02,1.569964471171846071e+03,2.592573377471851792e-02,nan,8.656239337206111273e+00,1.000000000000000000e+00
2.572000000000000000e+03,1.263407347503703875e+02,2.446085300839300203e+01,-2.208460835902438611e-03,6.323280071701265115e+01,2.728575102822110576e-01,nan,1.144788905176910809e+01,1.000000000000000000e+00
2.573000000000000000e+03,1.092270257896785353e+02,2.568660972487814220e+01,-1.609089563365663327e-03,4.781511695192639166e+01,3.616337400851072914e-01,nan,6.295331419446784871e+00,1.000000000000000000e+00
2.575000000000000000e+03,6.087054063672699300e+01,5.191090374400654461e+00,-2.569063071648077651e-02,6.672668709594711345e+02,1.364492743398693086e-02,nan,2.945664165418482128e+01,1.000000000000000000e+00
2.576000000000000000e+03,1.239569728947173388e+02,4.882474732107559134e+01,-9.079233177853894554e-02,2.341884066568239177e+03,8.216078350175681777e-03,nan,1.510979503881516273e+01,1.000000000000000000e+00
2.577000000000000000e+03,1.304086707932656566e+02,3.516160345369021911e+01,-6.768110351573108918e-02,1.747391762540049740e+03,8.656074580254968787e-03,nan,1.144788905176910809e+01,1.000000000000000000e+00
2.577000000000000000e+03,1.196490601568082610e+02,9.108383640126774594e+00,-4.341301595143959302e-02,1.123141457606204540e+03,8.977975196918897005e-03,nan,1.674744232919396225e+01,1.000000000000000000e+00
2.578000000000000000e+03,8.970478879967835439e+01,1.121436775639065075e+01,-1.695271487144577646e-03,5.003198270437791706e+01,3.472003891811614729e-01,nan,2.073260422664051461e+01,1.000000000000000000e+00
2.579000000000000000e+03,8.427919967280704583e+00,2.817935722061264414e+01,1.223431961912807737e-03,-3.789481010165609121e+01,3.660953949886718295e-01,nan,1.984694863545746912e+01,1.000000000000000000e+00
2.579000000000000000e+03,7.655401249985334289e+01,3.632905915851264922e+01,-2.071574983446501390e-03,5.971167302574445301e+01,2.638132858053305885e-01,nan,2.064516125397014790e+01,1.000000000000000000e+00
2.581000000000000000e+03,4.164276738439230030e+01,2.055570288538059032e+01,1.903347715295330240e-03,-5.538434714300458239e+01,3.249434765549752413e-01,nan,8.900624824011417857e+00,1.000000000000000000e+00
2.584000000000000000e+03,1.240140868105394532e+02,4.864004155183442890e+01,-3.648995219806786851e-03,1.002878025187680038e+02,1.398378965004495322e-01,nan,3.242830725783768031e+01,1.000000000000000000e+00
2.586000000000000000e+03,3.356413266026184061e+01,1.534045777509635045e+01,-1.709218184692040676e-02,4.460881598409609978e+02,1.401869755902152015e-02,nan,9.615774569231025026e+00,1.000000000000000000e+00
2.586000000000000000e+03,1.095941552138036030e+02,1.959420390933929568e+01,-3.127490383438866900e-02,8.109116549768658615e+02,9.208303602586287440e-03,nan,2.395780288142554326e+01,1.000000000000000000e+00
2.586000000000000000e+03,5.022822874179454544e+01,1.820815617905905626e+01,1.717218511625187485e-03,-5.059652808473044416e+01,3.296840854175602242e-01,nan,5.551437399769416636e+00,1.000000000000000000e+00
2.586000000000000000e+03,3.901753889863100255e+01,3.357731622577479413e+01,1.655783134621498492e-03,-4.901622008861504298e+01,3.338376217252697620e-01,nan,1.328360789052374891e+01,1.000000000000000000e+00
2.587000000000000000e+03,7.327895681539172301e+01,2.712610385185679007e+01,-1.635759366501582856e-03,4.850114681299465502e+01,3.292753888422385034e-01,nan,1.070359509313155399e+01,1.000000000000000000e+00
2.588000000000000000e+03,8.833424336876974792e+01,3.063922392953985963e+01,-2.878133532756601068e-02,7.467693571285631151e+02,5.513435761824403425e-02,nan,5.149671120477898434e+00,1.000000000000000000e+00
2.592000000000000000e+03,7.442335269897033356e+01,3.776834543807152045e+01,-2.736650127889034972e-02,7.103754474734760151e+02,1.363993770924332161e-02,nan,1.070359509313155399e+01,1.000000000000000000e+00
2.592000000000000000e+03,2.246491526844602049e+01,4.061969111496368612e+01,-1.793788710011387944e-03,5.256615051850486964e+01,3.544859380726063103e-01,nan,6.079779222966901209e+00,1.000000000000000000e+00
2.593000000000000000e+03,8.503240068316085853e+01,3.459105230746509108e+01,-5.020613581023918026e-02,1.297881520335643017e+03,1.096346493240973885e-02,nan,5.149671120477898434e+00,1.000000000000000000e+00
2.594000000000000000e+03,2.532352619424785800e+01,3.525386788130173699e+01,-1.923571773540996453e-03,5.590457250041731641e+01,3.052901718362089900e-01,nan,6.079779222966901209e+00,1.000000000000000000e+00
2.596000000000000000e+03,1.251613167210259121e+02,5.066289275084192667e+01,-1.802398115372190078e-03,5.278761106448080653e+01,2.625154899593262758e-01,nan,3.424687462872726940e+01,1.000000000000000000e+00
2.601000000000000000e+03,8.619173810136223324e+01,2.465128744877091549e+01,-2.925607239810960186e-02,7.589810635625839268e+02,8.176063568081315402e-03,nan,1.307018284519311635e+01,1.000000000000000000e+00
2.601000000000000000e+03,9.841900803329227188e+01,2.926903036263045976e+01,-2.338215330756773791e-02,6.078856888770695832e+02,1.009468483206854561e-02,nan,1.307018284519311635e+01,1.000000000000000000e+00
2.603000000000000000e+03,1.365976359046117636e+02,3.061843540127243202e+01,-2.695027999843327068e-02,6.996689482259786246e+02,1.144636408074117817e-02,nan,2.020882555541501802e+01,1.000000000000000000e+00
2.603000000000000000e+03,5.540833898165330140e+01,4.570373117205678426e+01,-1.471781459132665611e-03,4.428312763837788424e+01,3.307958071881808015e-01,nan,7.612761794601010656e+00,1.000000000000000000e+00
2.607000000000000000e+03,1.169857165640612351e+02,2.574306360940514793e+01,-2.325696373737982242e-02,6.046654257575589781e+02,1.159701024517056922e-02,nan,2.020882555541501802e+01,1.000000000000000000e+00
2.611000000000000000e+03,1.367421168585542546e+01,3.474331410890974325e+01,-2.247120770631642894e-02,5.844533492725262249e+02,1.375103859967075071e-02,nan,2.327254080696905092e+01,1.000000000000000000e+00
2.611000000000000000e+03,9.671080100683019509e+01,4.835907805680403726e+01,1.668422785730858983e-03,-4.934135102603944745e+01,3.300768204812275508e-01,nan,3.037361207261666252e+01,1.000000000000000000e+00
2.614000000000000000e+03,5.321312001011064297e+01,5.148039098787732826e+01,-1.830840764444677075e-03,5.351924400875746102e+01,3.014202935883812939e-01,nan,6.425572372388121956e+00,1.000000000000000000e+00
2.615000000000000000e+03,3.233349160590666571e+01,1.769824830500337853e+01,-1.344567992314525976e-03,4.101080363499143289e+01,3.214780277938436015e-01,nan,1.165934447400617557e+01,1.000000000000000000e+00
2.619000000000000000e+03,3.029707417539611569e+01,2.917837537800440728e+01,-1.395495015067126435e-03,4.232080424375229200e+01,3.474350607405989333e-01,nan,1.165934447400617557e+01,1.000000000000000000e+00
2.619000000000000000e+03,1.811076834300413552e+01,3.052007607120476251e+01,-1.521726445035659087e-03,4.556786722064873629e+01,3.376208945894428881e-01,nan,1.225994333554299587e+01,1.000000000000000000e+00
2.622000000000000000e+03,1.308440744173253449e+02,2.621806764876840390e+01,1.427530572207368498e-03,-4.314485790107251262e+01,3.112823528895402037e-01,nan,5.219153352470271123e+00,1.000000000000000000e+00
2.623000000000000000e+03,7.098005461538659411e+00,4.764755302995850172e+01,-2.543100686014465941e-02,6.605885420200125964e+02,1.471467502924939108e-02,nan,1.605134476274790245e+01,1.000000000000000000e+00
2.624000000000000000e+03,8.138275540266057817e+01,5.417147197845798345e+00,-4.139961349094086612e-02,1.071350516247880705e+03,1.023623855269395477e-02,nan,2.774948769169409601e+01,1.000000000000000000e+00
2.624000000000000000e+03,4.879077805613408714e+01,6.381295883710593309e+00,-1.678953327230358217e-03,4.961222913807714718e+01,3.446018486661980296e-01,nan,2.818403192615818398e+01,1.000000000000000000e+00
2.624000000000000000e+03,2.307519008035064090e+01,1.791594761986828388e+01,-2.058990837467849968e-03,5.938796985203149603e+01,2.986106623398678828e-01,nan,1.337900926412362779e+01,1.000000000000000000e+00
2.630000000000000000e+03,1.444500217781584297e+02,6.063979012016564418e+00,-2.385498053357020670e-02,6.200482681998578300e+02,7.886263857209252492e-03,nan,2.136648928954533133e+01,1.000000000000000000e+00
2.632000000000000000e+03,9.014743502928574514e+01,4.158565284673495910e+01,-7.140870838587383418e-02,1.843277294133541545e+03,8.160676837698943586e-03,nan,2.970599992439436221e+01,1.000000000000000000e+00
2.636000000000000000e+03,1.605097962828307345e+01,4.425778949043471044e+01,-2.612695302532780720e-02,6.784904308558008097e+02,1.106824520252014388e-02,nan,4.751049502710879580e+01,1.000000000000000000e+00
2.636000000000000000e+03,1.387411729094994257e+02,2.663749590877228002e+01,-3.418627583566966922e-03,9.436203408775257628e+01,2.574341318010613389e-01,nan,5.938121534424724679e+00,1.000000000000000000e+00
2.639000000000000000e+03,6.345744341903087360e+01,4.740013393009233766e+01,-1.368193481494231825e-02,3.583660538459056397e+02,2.408591335281451418e-02,nan,3.989600820676800197e+01,1.000000000000000000e+00
2.639000000000000000e+03,1.290685385613635674e+02,5.290286735494948545e+01,-3.178142267593563747e-02,8.239408869034757572e+02,9.069352587991796888e-03,nan,2.077022793271469681e+01,1.000000000000000000e+00
2.639000000000000000e+03,6.697478996854960087e+01,7.659477870018435830e+00,-1.633241843498291516e-03,4.843638833137474364e+01,3.522301748441237779e-01,nan,3.989600820676800197e+01,1.000000000000000000e+00
2.639000000000000000e+03,1.113121055948422367e+02,4.045936316579348357e+01,-1.500015444458414242e-03,4.500939310541988192e+01,3.003720839284799160e-01,nan,2.168252079902400453e+01,1.000000000000000000e+00
2.641000000000000000e+03,1.441875796751791938e+02,2.324460466181227858e+01,-7.553030561030406320e-02,1.949297528210448490e+03,7.747598887029361059e-03,nan,6.416779384624357263e+00,1.000000000000000000e+00
2.643000000000000000e+03,1.435200683076776684e+01,3.039819465665066289e+01,-8.523572731851573880e-02,2.198951006046808743e+03,1.434963965398236008e-01,nan,5.196546777987981613e+01,1.000000000000000000e+00
2.644000000000000000e+03,1.395269553107083595e+02,3.495784332392778992e+01,-3.277753535994878953e-02,8.495639874092877335e+02,1.159384037147925817e-02,nan,1.260640231875759021e+01,1.000000000000000000e+00
2.649000000000000000e+03,8.927305264228564852e+01,3.544450290299399597e+01,-4.934792074179842475e-02,1.275805573199154878e+03,3.017141689891855716e-02,nan,7.555785855964154862e+00,1.000000000000000000e+00
2.649000000000000000e+03,6.948005057830476972e+01,4.934169128513561731e+01,-3.385574636042516794e-02,8.772989106514791047e+02,9.279695777979268811e-03,nan,2.299517264079290868e+01,1.000000000000000000e+00
2.650000000000000000e+03,1.134487926883435271e+01,4.240933097942874497e+01,-2.427635474830215287e-02,6.308873168616371458e+02,1.317458744314270458e-02,nan,1.300350484126070505e+01,1.000000000000000000e+00
2.650000000000000000e+03,9.148580866346381413e+01,4.266901746744244406e+01,-5.134855049458210419e-02,1.327267960992438702e+03,3.522901949469947613e-02,nan,7.555785855964154862e+00,1.000000000000000000e+00
2.651000000000000000e+03,1.131972002413414344e+02,1.991743155561312051e+01,-4.509681211344405277e-02,1.166453905065984600e+03,9.586302133082091892e-03,nan,1.405395888978789820e+01,1.000000000000000000e+00
2.654000000000000000e+03,2.031598558406458821e+01,5.182264015513984390e+01,-2.805024453235833645e-02,7.279634396604619724e+02,1.197656429067661676e-02,nan,1.300350484126070505e+01,1.000000000000000000e+00
2.654000000000000000e+03,1.048845554746796438e+02,3.124940832311218841e+01,-3.174647109954700785e-02,8.230418242080444315e+02,1.128340887415313354e-02,nan,1.405395888978789820e+01,1.000000000000000000e+00
2.655000000000000000e+03,1.326439616574354829e+02,1.659735554906025357e+01,-3.505978807265751340e-02,9.082705891581969126e+02,8.749238629456201899e-03,nan,1.263137071518221077e+01,1.000000000000000000e+00
2.658000000000000000e+03,1.419145671985118327e+02,2.517683100191442236e+01,-2.504394443312329271e-02,6.506320987091662573e+02,1.032442620013018786e-02,nan,1.263137071518221077e+01,1.000000000000000000e+00
2.661000000000000000e+03,3.512313494659231594e+01,3.163303555955659974e+01,1.454897389237677164e-03,-4.384881711627561884e+01,3.538310008018296093e-01,nan,1.553051591706931767e+01,1.000000000000000000e+00
2.669000000000000000e+03,1.051845287550008123e+02,1.898604578885841576e+01,-3.010680289255113218e-02,7.808644842962831945e+02,9.730535492592840008e-03,nan,2.460653632867794016e+01,1.000000000000000000e+00
2.669000000000000000e+03,2.329681709546704127e+01,3.902965584741968286e+01,-3.113478586631923326e-02,8.073073872708782801e+02,1.220172316580647731e-02,nan,1.550548184887559700e+01,1.000000000000000000e+00
2.671000000000000000e+03,1.222190140638878120e+02,3.674295825572213658e+01,-3.386431659257615329e-02,8.775193635412847470e+02,1.101134736135456205e-02,nan,2.460653632867794016e+01,1.000000000000000000e+00
2.676000000000000000e+03,8.182419269864413991e+01,3.506902309055463007e+01,-3.458995891128346933e-02,8.961851293345677050e+02,1.044671254037121688e-02,nan,1.565898981022113645e+01,1.000000000000000000e+00
2.676000000000000000e+03,6.192768496764992392e+01,3.123133770457735991e+01,-1.554981305180140041e-03,4.642328512412911579e+01,3.590661796663173755e-01,nan,1.977053291779063571e+01,1.000000000000000000e+00
2.677000000000000000e+03,9.620758269684350239e+01,2.887854216930885798e+01,-3.277538193937701294e-02,8.495085947688490933e+02,1.050786045489660037e-02,nan,1.565898981022113645e+01,1.000000000000000000e+00
2.677000000000000000e+03,1.297749750840046374e+02,4.916541914955598003e+01,-4.101932554055721242e-02,1.061568333438429818e+03,8.026991118192716712e-03,nan,1.921805338059112600e+01,1.000000000000000000e+00
2.678000000000000000e+03,6.388027950678974776e+00,1.194226834128551751e+01,-1.457518928131358105e-03,4.391625120845287711e+01,3.277800381251224637e-01,nan,5.879389167647141790e+01,1.000000000000000000e+00
2.680000000000000000e+03,6.550861876746692758e+01,1.178780703304624744e+01,-2.608119086891332386e-02,6.773132865909100246e+02,1.270850333971207391e-02,nan,1.977053291779063571e+01,1.000000000000000000e+00
2.683000000000000000e+03,8.430021531405557766e+01,4.971376815503272439e+01,-1.480060092678590769e-03,4.449607970976745008e+01,3.737682101785440025e-01,nan,3.581132502092514613e+01,1.000000000000000000e+00
2.685000000000000000e+03,1.171075352042163047e+02,1.106974688827641451e+01,-3.187090630355218779e-02,8.262426826950986651e+02,5.284320730115010800e-02,nan,1.145563064829615207e+01,1.000000000000000000e+00
2.688000000000000000e+03,1.058377569694875149e+02,9.014613780612735994e+00,-1.586519435430964672e-02,4.145262448617472728e+02,2.468213475926639422e-02,nan,8.775292856126485574e+00,1.000000000000000000e+00
2.691000000000000000e+03,4.353714190906909209e+01,2.954070858687337164e+01,-4.028714793124320986e-02,1.042734459748583276e+03,1.163939727042850869e-02,nan,2.043595666994741933e+01,1.000000000000000000e+00
2.692000000000000000e+03,9.071293550916863069e+00,1.855514615106544341e+01,-1.980933090882789835e-02,5.159816413916973943e+02,1.389547454812101179e-02,nan,1.368659313366143238e+01,1.000000000000000000e+00
2.692000000000000000e+03,1.599166939010851252e+01,3.036324633063373568e+01,-7.341048795702212471e-02,1.894769258813047600e+03,7.757027345039801958e-03,nan,1.368659313366143238e+01,1.000000000000000000e+00
2.692000000000000000e+03,3.286781747154405053e+01,4.697039134539767247e+01,-1.177384902226768920e-01,3.035022641290532647e+03,7.639541154303652881e-03,nan,2.043595666994741933e+01,1.000000000000000000e+00
2.693000000000000000e+03,1.076730957202304637e+02,1.759583143201896505e+01,-6.198267550039489315e-02,1.600810561331126337e+03,2.757368396955028889e-02,nan,8.119220294699024620e+00,1.000000000000000000e+00
2.693000000000000000e+03,1.147576852585252141e+02,2.156197934501175695e+01,-5.621734102979265152e-02,1.452508319064013449e+03,4.834423583279379155e-02,nan,8.119220294699024620e+00,1.000000000000000000e+00
2.694000000000000000e+03,9.226710266280632311e+01,3.367072339603169695e+01,-2.464719381609421084e-02,6.404264451731404506e+02,9.789518467153146553e-03,nan,1.567826293023289885e+01,1.000000000000000000e+00
2.698000000000000000e+03,9.599330027897327966e+01,4.889975421991496773e+01,-2.479845860873537353e-02,6.443174436987491163e+02,1.015359229258250284e-02,nan,1.567826293023289885e+01,1.000000000000000000e+00
2.699000000000000000e+03,4.861557357542454838e+01,6.978935631555472696e+00,-1.540421719089814928e-02,4.026684858164655907e+02,1.122925351023529306e-02,nan,2.315698019914540851e+01,1.000000000000000000e+00
2.700000000000000000e+03,2.134269804625584399e+01,4.992296238855617219e+01,1.411087059426642965e-03,-4.272187987116564045e+01,3.440823251674594019e-01,nan,4.938057597128295129e+01,1.000000000000000000e+00
2.704000000000000000e+03,6.892411139156070021e+01,1.810588596460632260e+01,-1.504052414373429096e-03,4.511323646323621261e+01,3.407541065151953319e-01,nan,9.721825858488557515e+00,1.000000000000000000e+00
2.709000000000000000e+03,5.420611872663278064e+01,1.194682309435889067e+01,1.774589607716130918e-03,-5.207229019965942030e+01,3.382254099583337226e-01,nan,7.334282330713763898e+00,1.000000000000000000e+00
2.710000000000000000e+03,1.128989867721697351e+02,1.839660995320437564e+01,-4.592330728798073303e-02,1.187713918380344239e+03,8.145726808910902506e-03,nan,3.346296911539756991e+01,1.000000000000000000e+00
2.711000000000000000e+03,5.367828686147222328e+01,3.738221731969938588e+01,-2.981505228028812418e-02,7.733597557845151869e+02,1.131166470163447180e-02,nan,2.544087038362413011e+01,1.000000000000000000e+00
2.713000000000000000e+03,1.038609063048209968e+01,2.382482386176294398e+01,-1.794431429039171355e-03,5.258268324066592214e+01,2.841266708717471445e-01,nan,6.031142700220684105e+00,1.000000000000000000e+00
2.717000000000000000e+03,4.022162692604138812e+01,2.558588816880758898e+01,1.335010507275802283e-03,-4.076495554605496352e+01,3.414905848646825337e-01,nan,1.703336001548201750e+01,1.000000000000000000e+00
2.718000000000000000e+03,1.038642647031873452e+02,3.153905116415399235e+01,-1.508719005255079303e-03,4.523327562055151674e+01,3.262093778344902217e-01,nan,1.715100140568684850e+01,1.000000000000000000e+00
2.720000000000000000e+03,1.277740754471088991e+02,6.299160166631588176e+00,-1.763987102990143170e-03,5.179956097076050980e+01,2.996587787989175578e-01,nan,1.762413162344140716e+01,1.000000000000000000e+00
2.720000000000000000e+03,8.392297567144038339e+01,4.969877152454904490e+01,-1.440065153979276733e-03,4.346728613002143504e+01,3.709413638277342384e-01,nan,2.391571531951561269e+01,1.000000000000000000e+00
2.722000000000000000e+03,1.153803255038323101e+02,1.882932288799793952e+01,-5.744382312786650013e-02,1.484057233731894939e+03,8.847989777207465600e-03,nan,1.715100140568684850e+01,1.000000000000000000e+00
2.723000000000000000e+03,8.780601541362456430e+01,1.727225223921758257e+01,-3.518262323475152692e-02,9.114302896162836305e+02,1.002642862604138374e-01,nan,6.908815768692919690e+00,1.000000000000000000e+00
2.724000000000000000e+03,8.233028391610774577e+01,2.148510161853820577e+01,-2.950852162307204124e-02,7.654748387826386988e+02,1.499104124778076752e-01,nan,6.908815768692919690e+00,1.000000000000000000e+00
2.724000000000000000e+03,7.312411731554098182e+00,2.421573325924564202e+01,-1.779426381741654184e-02,4.641478805754309178e+02,1.939753359233304941e-01,nan,1.704906389317159920e+01,1.000000000000000000e+00
2.725000000000000000e+03,1.875242849230929210e+01,3.685680109970468266e+01,-2.584540098282698400e-02,6.712480411157661138e+02,8.474971163238587124e-03,nan,7.715811639044243719e+00,1.000000000000000000e+00
2.726000000000000000e+03,2.526729768101144558e+01,5.329394436932647494e+01,-3.633305149555644126e-02,9.410228642561035031e+02,2.987599263467721755e-02,nan,1.768115379187607417e+01,1.000000000000000000e+00
2.728000000000000000e+03,1.200237687511612990e+02,3.043324717093283027e+01,-4.948460876783466328e-02,1.279321612182773833e+03,6.440642516002070828e-03,nan,3.073571473714829949e+01,1.000000000000000000e+00
2.729000000000000000e+03,9.391009529876066608e+01,1.422336687449813830e+01,1.582007661317731987e-03,-4.711848663168289164e+01,3.526978506885007913e-01,nan,1.366838773047563116e+01,1.000000000000000000e+00
2.733000000000000000e+03,6.949059965032188479e+00,3.860042565831567885e+01,1.279167480591561230e-03,-3.932850010457386247e+01,3.643265654715144297e-01,nan,1.100283141725964420e+01,1.000000000000000000e+00
2.733000000000000000e+03,2.857648742187610225e+01,4.820894948836983218e+01,1.518768484229963836e-03,-4.549177931590362789e+01,3.708664918980122405e-01,nan,1.186118263325082012e+01,1.000000000000000000e+00
2.735000000000000000e+03,7.717030694578528482e+01,7.429847310788752601e+00,-4.985190383504365524e-02,1.288769577833074209e+03,8.144307302462849840e-03,nan,2.301915958588001132e+01,1.000000000000000000e+00
2.736000000000000000e+03,1.243848753047539475e+02,2.854386575070843790e+01,-2.798838194748705377e-02,7.263721425560820535e+02,1.168575862698750800e-02,nan,3.021225982462307513e+01,1.000000000000000000e+00
2.740000000000000000e+03,9.417723458016831728e+01,2.801558025508210292e+01,1.463009653769093256e-03,-4.405748966181612047e+01,3.655620700246765553e-01,nan,2.529877804932962704e+01,1.000000000000000000e+00
2.743000000000000000e+03,4.975220686814127902e+01,4.590298006087993343e+01,-2.523003930214865256e-02,6.554190345741347983e+02,1.355895231743931006e-02,nan,2.495639307856865940e+01,1.000000000000000000e+00
2.744000000000000000e+03,6.515512002207141506e+01,2.626699722669219028e+01,-3.683784147628602762e-02,9.540076245328738196e+02,1.213888988121747392e-02,nan,1.083010476098200314e+01,1.000000000000000000e+00
2.745000000000000000e+03,1.174181394008798947e+02,1.802115611439905862e+01,1.386240380786738034e-03,-4.208274641343177080e+01,3.507696274649311219e-01,nan,1.836001132302603267e+01,1.000000000000000000e+00
2.747000000000000000e+03,6.322334289340525260e+01,1.561057164120587437e+01,-3.472551661352825392e-02,8.996720928927078376e+02,1.119436805635176668e-02,nan,1.083010476098200314e+01,1.000000000000000000e+00
2.747000000000000000e+03,2.445945668977276455e+01,1.488933179809597362e+01,1.456754262589598061e-03,-4.389658164461306455e+01,2.569576837688896109e-01,nan,8.615301882364144959e+00,1.000000000000000000e+00
2.748000000000000000e+03,5.296778907909783385e+01,8.216625748800694851e+00,-2.992885387592689184e-02,7.762870849607948003e+02,1.103257245590916202e-02,nan,1.264305421557508247e+01,1.000000000000000000e+00
2.748000000000000000e+03,1.392929056005977770e+02,3.416499171468140617e+01,-1.085289038852706991e-03,3.434134666469332586e+01,3.695395254880168290e-01,nan,1.349426782765547195e+01,1.000000000000000000e+00
2.749000000000000000e+03,8.645432584908040496e+01,3.757596399481086280e+01,-5.898636139443846210e-02,1.523736091026630447e+03,9.972270618635925565e-03,nan,2.411532496616428034e+01,1.000000000000000000e+00
2.750000000000000000e+03,4.054006855410437282e+01,2.895128561685560697e+01,-4.598297016124383574e-02,1.189248632095590665e+03,9.979383227105453891e-03,nan,1.504704403036127758e+01,1.000000000000000000e+00
2.752000000000000000e+03,1.226420421542979682e+02,2.929202466302201913e+01,-1.698079967807572923e-03,5.010422551731614504e+01,2.994100253984725013e-01,nan,5.968148820873864224e+00,1.000000000000000000e+00
2.758000000000000000e+03,7.491353948794667872e+01,1.213696621895450356e+01,-1.570677147191702977e-03,4.682703074833433021e+01,3.675864213803209379e-01,nan,2.942585551493329277e+01,1.000000000000000000e+00
2.759000000000000000e+03,7.558413437326638018e+01,4.155517954480951204e+01,-6.745895683131551343e-03,1.799496651792957778e+02,3.612703141548423424e-02,nan,1.385957177619282632e+01,1.000000000000000000e+00
2.764000000000000000e+03,7.384144013330707423e+01,2.194087270591028727e+01,1.459583195084782721e-03,-4.396935054195933645e+01,3.555050765574823135e-01,nan,1.969157220702491884e+01,1.000000000000000000e+00
2.766000000000000000e+03,4.737511291203300345e+01,3.043686065916578798e+01,1.810067834141179362e-03,-5.298489996364165933e+01,3.272345331587970252e-01,nan,3.918506184430535999e+00,1.000000000000000000e+00
2.768000000000000000e+03,3.783092153577536010e+01,1.149646103222162452e+01,-1.982784733452634587e-03,5.742771305209657129e+01,3.256888406642809430e-01,nan,1.789255578539762581e+01,1.000000000000000000e+00
2.769000000000000000e+03,5.040563853364057678e+01,2.795279037549819634e+01,-2.294661295685155970e-03,6.545014327283797684e+01,2.750199460480718949e-01,nan,3.918506184430535999e+00,1.000000000000000000e+00
2.771000000000000000e+03,5.429620815144100732e+01,4.493755183940709941e+00,-1.457033655171635633e-03,4.390376848634795692e+01,3.144373800225068738e-01,nan,1.789255578539762581e+01,1.000000000000000000e+00
2.771000000000000000e+03,9.657741858857711748e+01,1.761024614601657845e+01,1.710658497163191141e-03,-5.042778421410516643e+01,3.713526581696683371e-01,nan,6.502728765148690471e+00,1.000000000000000000e+00
2.773000000000000000e+03,3.542598345419347083e+01,3.313829355526414133e+01,-1.974522665048518769e-02,5.143326815092187871e+02,1.752728698688321707e-02,nan,1.585179830576229065e+01,1.000000000000000000e+00
2.777000000000000000e+03,3.583610494164784654e+01,7.393786602609003111e+00,-2.416367927101958912e-02,6.279889549340288113e+02,1.266391847667458492e-02,nan,2.574777345460730160e+01,1.000000000000000000e+00
2.780000000000000000e+03,6.844306681853187513e+01,4.540400978194477943e+01,-1.643386811977790062e-03,4.869734831225884619e+01,3.376513867657091605e-01,nan,1.143598084964690464e+01,1.000000000000000000e+00
2.783000000000000000e+03,1.362238782207727752e+02,2.854701508254509434e+01,-2.327686275188557349e-02,6.051772899841977278e+02,1.156427052494124474e-02,nan,2.816456637327175727e+01,1.000000000000000000e+00
2.783000000000000000e+03,7.926900956770323603e+01,4.908919927302319053e+01,-1.828813759982897890e-03,5.346710318183751554e+01,2.758164890209363618e-01,nan,1.143598084964690464e+01,1.000000000000000000e+00
2.784000000000000000e+03,7.333364073620307977e+01,1.179275685529379381e+01,-1.697294113148757090e-03,5.008401090382013621e+01,3.555250292416974878e-01,nan,1.926076254144601663e+01,1.000000000000000000e+00
2.784000000000000000e+03,1.098662484287494863e+02,1.862138408290196523e+01,1.357748603231592917e-03,-4.134984973256280938e+01,3.506745070311600987e-01,nan,1.184832304693249405e+01,1.000000000000000000e+00
2.785000000000000000e+03,3.741552820076078234e+01,2.308463867662785773e+01,-2.822652944048530468e-02,7.324980329761469875e+02,1.333203426466822439e-02,nan,1.874060802118747660e+01,1.000000000000000000e+00
2.785000000000000000e+03,4.767226651054885167e+01,4.326546822326190522e+01,-2.186767519048804856e-03,6.267478148187385045e+01,3.230967875524694000e-01,nan,1.151654297272548000e+01,1.000000000000000000e+00
2.787000000000000000e+03,5.321178818928471088e+01,3.316871321913072279e+01,-1.554270318048474233e-03,4.640499633509411126e+01,3.144322075147819584e-01,nan,1.151654297272548000e+01,1.000000000000000000e+00
2.789000000000000000e+03,9.892195535157406994e+01,1.408208809504636783e+01,-1.382882607233244365e-03,4.199637408767210189e+01,3.728080453759458068e-01,nan,1.184832304693249405e+01,1.000000000000000000e+00
2.790000000000000000e+03,1.346425367865506360e+02,3.998407418445206929e+01,-5.342785379345276614e-02,1.380754075830752754e+03,8.639540534808531902e-03,nan,3.780688649528065781e+01,1.000000000000000000e+00
2.793000000000000000e+03,7.080120762111141630e+01,4.826770573167056000e+01,-5.191212868674572462e-02,1.341764935975744265e+03,9.021997536262649220e-03,nan,2.775063052402704500e+01,1.000000000000000000e+00
2.797000000000000000e+03,1.558814651616459557e+01,2.777231394935202857e+01,-9.083732295361375553e-02,2.343041378807424735e+03,8.796259921770799295e-03,nan,2.728801581777364405e+01,1.000000000000000000e+00
2.798000000000000000e+03,9.054322102522041860e+01,1.304724862583948131e+01,1.356954951333724313e-03,-4.132943454995135113e+01,3.584363451090211150e-01,nan,1.482019173917340993e+01,1.000000000000000000e+00
2.799000000000000000e+03,4.927560771796574812e+01,1.548132455417797182e+01,-2.069255786171730893e-03,5.965201609554170403e+01,2.474426953825383801e-01,nan,9.611040514548912839e+00,1.000000000000000000e+00
2.799000000000000000e+03,1.320307782427611869e+02,3.740004957707607502e+01,-1.979664839454899593e-03,5.734745972458208740e+01,3.380065684612126864e-01,nan,1.149029796832377848e+01,1.000000000000000000e+00
2.801000000000000000e+03,7.426532091567554517e+01,3.677357992118233909e+01,-2.556316109375367240e-02,6.639879578334824828e+02,1.342028077566725930e-02,nan,1.484384132351286389e+01,1.000000000000000000e+00
2.802000000000000000e+03,1.047897408536657764e+02,1.713072214278275140e+01,-2.650772238900600888e-02,6.882849971048253792e+02,1.586176251206816712e-02,nan,1.482019173917340993e+01,1.000000000000000000e+00
2.802000000000000000e+03,1.164860318127570338e+02,3.047221698231378539e+01,-1.868056877025322257e-03,5.447655758220542310e+01,3.583093264552934532e-01,nan,8.172739196981829934e+00,1.000000000000000000e+00
2.803000000000000000e+03,1.205417027015147795e+02,3.756765210808064381e+01,-2.021577186329290635e-03,5.842557497563011992e+01,3.098792086504660315e-01,nan,8.172739196981829934e+00,1.000000000000000000e+00
2.803000000000000000e+03,1.192665883362099777e+01,3.705132964151538033e+01,1.442497329995361816e-03,-4.352984922304109006e+01,3.114690212050024165e-01,nan,1.048709618348051542e+01,1.000000000000000000e+00
2.806000000000000000e+03,6.479747685349803987e+01,4.820597048711028521e+01,-4.370238727299581571e-02,1.130584983398751092e+03,9.158872485725111368e-03,nan,1.484384132351286389e+01,1.000000000000000000e+00
2.808000000000000000e+03,2.014835039729874211e+01,4.356155038994793927e+01,-1.557050932730314786e-03,4.647652234877129018e+01,3.740023360392996654e-01,nan,1.048709618348051542e+01,1.000000000000000000e+00
2.810000000000000000e+03,1.042879563359747834e+02,1.530683352014764154e+01,-4.129929378248087257e-02,1.068769982926863349e+03,1.006112558027827397e-02,nan,1.297114883154132770e+01,1.000000000000000000e+00
2.814000000000000000e+03,8.144076454222917505e+01,1.991581256720562720e+01,-1.455451227703217576e-03,4.386306355535252521e+01,3.500331463999248882e-01,nan,1.275689498544407563e+01,1.000000000000000000e+00
2.817000000000000000e+03,6.881279447102393476e+01,2.992832361567030119e+01,-1.761379840448037753e-03,5.173249411052111668e+01,3.196751516211225885e-01,nan,1.611570679848955479e+01,1.000000000000000000e+00
2.818000000000000000e+03,1.376219286904190255e+02,3.369612645964856767e+01,-1.454200559155863215e-03,4.383089249036898138e+01,3.546480750485860867e-01,nan,3.714449701885224187e+01,1.000000000000000000e+00
2.820000000000000000e+03,1.027279352902885137e+02,4.642887492080853917e+01,-1.992233511792066564e-03,5.767076486835595261e+01,2.628067380507729256e-01,nan,2.508723710361785564e+01,1.000000000000000000e+00
2.822000000000000000e+03,4.321666867608396956e+01,1.792025738568061755e+01,-1.558460306573994500e-03,4.651277580505836085e+01,3.224802734010404626e-01,nan,2.803261291655383047e+01,1.000000000000000000e+00
2.823000000000000000e+03,2.356853071691109847e+01,3.791470815749855205e+01,-3.866005294389454616e-02,1.000880541951481291e+03,9.687405254452996495e-03,nan,2.803261291655383047e+01,1.000000000000000000e+00
2.826000000000000000e+03,5.988568057992098659e+01,4.056425430352404504e+01,-6.905049792785231122e-02,1.782616824139020309e+03,9.536526670399725347e-03,nan,2.811772669092512089e+01,1.000000000000000000e+00
2.827000000000000000e+03,1.006771314903666763e+02,1.978016531480498585e+01,-2.056875214931088228e-02,5.355163055752194623e+02,1.463120641166615332e-02,nan,1.970420774463028835e+01,1.000000000000000000e+00
2.829000000000000000e+03,1.161947173792350867e+02,7.636840768983924832e+00,-2.857788557346581035e-02,7.415359999182223874e+02,1.192852269729083314e-02,nan,1.970420774463028835e+01,1.000000000000000000e+00
2.833000000000000000e+03,8.663386989737892563e+00,1.270059468561771254e+01,-1.460135130890172174e-03,4.398354803872975083e+01,3.039722681584904329e-01,nan,1.660343343935886296e+01,1.000000000000000000e+00
2.834000000000000000e+03,4.830318470228672822e+01,2.481501499309735337e+01,-2.887276460881154153e-02,7.491212011519622820e+02,1.055198175529425964e-02,nan,2.845918492095444563e+01,1.000000000000000000e+00
2.834000000000000000e+03,7.482575274165360213e+01,3.513386138996923336e+01,1.396841839679574364e-03,-4.235544874026589923e+01,3.660369258640369106e-01,nan,2.845918492095444563e+01,1.000000000000000000e+00
2.842000000000000000e+03,5.905257680284400124e+00,3.833361539801406792e+01,-7.613948099310813289e-02,1.964967404028482861e+03,8.500854762015896959e-03,nan,2.924808820845346702e+01,1.000000000000000000e+00
2.842000000000000000e+03,9.029421084457517566e+01,1.835697082060406160e+01,-4.644433751459181581e-02,1.201116428033403963e+03,9.347653932148758393e-03,nan,2.558835368982023439e+01,1.000000000000000000e+00
2.842000000000000000e+03,2.497458197187944151e+01,1.615679112330201050e+01,1.481557307360635090e-03,-4.453459270422330007e+01,3.709541657790783598e-01,nan,2.119716096659060156e+01,1.000000000000000000e+00
2.843000000000000000e+03,3.935748865477842173e+01,4.692421924228171548e+01,-5.396822623736302615e-02,1.394654127163400062e+03,1.059368758487799766e-02,nan,2.196378290160597757e+01,1.000000000000000000e+00
2.845000000000000000e+03,1.153386037281123890e+02,1.310890168516316301e+01,-6.035034741521434765e-02,1.558822032065005487e+03,3.845879150972553173e-02,nan,2.558835368982023439e+01,1.000000000000000000e+00
2.845000000000000000e+03,7.574964853920666030e+01,4.395720443083317264e+01,-1.915949451019716837e-02,4.992658384291581228e+02,2.371914274048523286e-01,nan,1.697107568405071731e+01,1.000000000000000000e+00

# Refeyn DiscoverMP; 2024.1.0; Refeyn Ltd; www.refeyn.com; email: support@refeyn.com
# Time created: 2024-08-16 11:23:46
# Time changed: 2024-08-19 09:40:53
# Version commit: 00fae233c0f604946e725880f4a8fd3ff5080389
