frame_indices,x_coords,y_coords,contrasts,calibrated_values,fit_errors,diffblur_errors,neareast_neighbour_distances,selections
5.000000000000000000e+00,1.323370578018736232e+01,1.205634523549362136e+01,-4.673628924609325719e-02,1.293573019762702188e+03,1.187989636315289754e-02,nan,7.579553977933493947e+00,1.000000000000000000e+00
5.000000000000000000e+00,8.538663807118805948e+01,3.645950922723748278e+01,-1.069640408549231946e-02,2.941043838983304113e+02,9.533269816726386292e-02,nan,1.669314638055704592e+01,1.000000000000000000e+00
5.000000000000000000e+00,6.877228952582787258e+01,3.807955814501517011e+01,-9.263248067490756008e-03,2.543596820517567778e+02,7.611529428093477545e-02,nan,1.168055386511259819e+01,1.000000000000000000e+00
7.000000000000000000e+00,1.257860135224354394e+02,4.944619379415525984e+00,-2.261404165939784328e-02,6.246077946511164782e+02,1.107742564830094256e-02,nan,1.411406763287416588e+01,1.000000000000000000e+00
7.000000000000000000e+00,7.504774581035243841e+01,1.173453399928922813e+01,-1.449787918253760697e-03,3.767451998926158296e+01,3.176170765644631411e-01,nan,1.614665813812884920e+01,1.000000000000000000e+00
9.000000000000000000e+00,8.972450054852954793e+01,1.846561410466595277e+01,-1.106787839003331095e-02,3.044062179570064473e+02,2.197068405674906799e-02,nan,1.614665813812884920e+01,1.000000000000000000e+00
9.000000000000000000e+00,3.847731347268600643e+01,3.582422951429482794e+01,-2.746419331961933580e-02,7.591136190169581823e+02,9.891282779750487641e-03,nan,9.978754654007449432e+00,1.000000000000000000e+00
9.000000000000000000e+00,1.119068603620038544e+02,7.508993122579362023e+00,-1.924701059909655204e-02,5.312323045307648499e+02,9.007321076554553052e-03,nan,1.411406763287416588e+01,1.000000000000000000e+00
1.000000000000000000e+01,1.226582355452161437e+02,1.871737555649986717e+01,-2.862612044476191622e-02,7.913365218804118513e+02,9.722993404999824563e-03,nan,1.412344886308556369e+01,1.000000000000000000e+00
1.000000000000000000e+01,9.290019740360738965e+00,5.583557665699285799e+00,-1.190235340218601633e-02,3.275481230530564858e+02,1.733179110741767115e-02,nan,7.579553977933493947e+00,1.000000000000000000e+00
1.100000000000000000e+01,1.066875027185871119e+02,3.644201667876372852e+01,-2.093663213648484268e-03,5.553065799545170478e+01,1.886027725076553363e-01,nan,1.165727025160320984e+01,1.000000000000000000e+00
1.200000000000000000e+01,1.067941828827837440e+02,4.809879878453718050e+01,-4.035198170171428421e-03,1.093738732507642055e+02,1.051584577003211729e-01,nan,1.165727025160320984e+01,1.000000000000000000e+00
1.300000000000000000e+01,4.292500103939219258e+01,4.475695696753342645e+01,-2.213137565332679371e-02,6.112223598053554952e+02,1.561793610390993514e-02,nan,9.978754654007449432e+00,1.000000000000000000e+00
1.300000000000000000e+01,9.427338079619056543e+01,5.024457560106359466e+01,-1.590734760237612561e-03,4.158329903390165327e+01,2.426913437093489723e-01,nan,7.804229082434890330e+00,1.000000000000000000e+00
1.400000000000000000e+01,1.619220233672296771e+01,2.144187962045189977e+01,-1.840130946900349514e-03,4.849962702337256815e+01,2.699784409880566782e-01,nan,9.327392286956410317e+00,1.000000000000000000e+00
1.500000000000000000e+01,7.625279811442962341e+01,4.967918174550395349e+01,-1.966406117887156690e-02,5.427980731839307964e+02,1.002761958859832436e-02,nan,1.370437882128568141e+01,1.000000000000000000e+00
1.500000000000000000e+01,5.796452925625523989e+01,1.286305547268035632e+01,-2.346593603954387052e-03,6.254499755400396310e+01,1.359751678712738387e-01,nan,1.607704003725546826e+01,1.000000000000000000e+00
1.500000000000000000e+01,6.585697912022105527e+01,4.074962709160570284e+01,-1.150152815020041679e-02,3.164323199355706038e+02,2.530464961801959234e-02,nan,1.290489041752968191e+01,1.000000000000000000e+00
1.600000000000000000e+01,4.857468949648166756e+01,5.340990687450540975e+01,-6.725889859915660900e-03,1.839929221377509521e+02,7.144392314742997740e-02,nan,1.033404672694760507e+01,1.000000000000000000e+00
1.700000000000000000e+01,2.465589149670407565e+01,1.752190351363795529e+01,-1.208194075080933592e-02,3.325284919290169796e+02,2.062905058375352763e-02,nan,9.327392286956410317e+00,1.000000000000000000e+00
1.700000000000000000e+01,9.109076445166220992e+01,1.998983775958213371e+01,-1.326810964514910963e-02,3.654236746258409880e+02,1.425118551325110783e-02,nan,1.025953640966892699e+01,1.000000000000000000e+00
1.700000000000000000e+01,3.248041096712872644e+01,4.465636850880082420e+01,-5.480365275643163739e-03,1.494516700879451889e+02,5.038723451603388526e-02,nan,1.044507442844017042e+01,1.000000000000000000e+00
1.800000000000000000e+01,8.107693418564542753e+01,2.222171829955927436e+01,-1.975339073474843138e-02,5.452753865537365527e+02,1.060233021233081274e-02,nan,1.025953640966892699e+01,1.000000000000000000e+00
1.800000000000000000e+01,1.008995242984943559e+02,4.612144404143567300e+01,-2.384435351296087038e-02,6.587271628036177162e+02,1.030385956178758722e-02,nan,7.804229082434890330e+00,1.000000000000000000e+00
1.800000000000000000e+01,1.715141094701412783e+01,8.490603132271191456e+00,-2.522276649267787135e-02,6.969537147017791767e+02,1.423680536591021006e-02,nan,1.174230023884375740e+01,1.000000000000000000e+00
1.800000000000000000e+01,1.225226854540439518e+02,2.161136493706551676e+01,-1.630706500232096193e-03,4.269180701796942401e+01,2.480136181238433712e-01,nan,1.904702698633824909e+01,1.000000000000000000e+00
1.900000000000000000e+01,9.961226578692444988e+00,3.326858650221743119e+01,-2.268091215398836472e-02,6.264622667647245180e+02,9.404377683182474357e-03,nan,1.179875724626959688e+01,1.000000000000000000e+00
2.000000000000000000e+01,3.651647207888657221e+01,3.257512375655819170e+01,-1.623817730885157226e-02,4.477904597317701700e+02,1.343031569360864097e-02,nan,1.028290460940648643e+01,1.000000000000000000e+00
2.000000000000000000e+01,2.463281522533745260e+01,5.291042075294871694e+01,-1.992642098042478414e-03,5.272911087180520440e+01,2.040622949539481201e-01,nan,1.138921144661487972e+01,1.000000000000000000e+00
2.100000000000000000e+01,1.007412875714940981e+02,1.108865941254881982e+01,-2.376511218191788496e-02,6.565296190354097234e+02,1.450860041782819909e-02,nan,1.134187307689956725e+01,1.000000000000000000e+00
2.100000000000000000e+01,1.406323700921207092e+02,2.751293755186102530e+01,-2.635574147791770738e-02,7.283737083538131856e+02,8.982934262585229312e-03,nan,1.194276174072205343e+01,1.000000000000000000e+00
2.100000000000000000e+01,6.826991034828637339e+01,3.659753109334302223e+01,-1.658560994933557528e-03,4.346427601163857446e+01,2.624744998050395628e-01,nan,1.306003587061934468e+01,1.000000000000000000e+00
2.300000000000000000e+01,2.006406014723331666e+01,3.936312721032358297e+01,-2.364259206039037373e-02,6.531318551917306650e+02,2.505436297162888515e-02,nan,6.852313223658815566e+00,1.000000000000000000e+00
2.300000000000000000e+01,2.826213279796885303e+01,4.015023205008277074e+01,-1.416199785868269868e-02,3.902132439991735851e+02,1.302057478658591450e-01,nan,5.703237314296039528e+00,1.000000000000000000e+00
2.300000000000000000e+01,4.942264348961672482e+01,4.722688973435067794e+01,-1.126633821186946889e-02,3.099099637797404512e+02,7.060097575345214427e-02,nan,6.933769351301094730e+00,1.000000000000000000e+00
2.400000000000000000e+01,1.112006468569887403e+02,4.946019992494323958e+01,-2.080252577207448647e-02,5.743703062495436598e+02,1.709370323932224434e-02,nan,8.036569569080363351e+00,1.000000000000000000e+00
2.400000000000000000e+01,4.499836117266399782e+01,3.838852935113119713e+01,-3.129755800571155239e-02,8.654216096364087889e+02,9.863869194950969366e-03,nan,9.883870106580934234e+00,1.000000000000000000e+00
2.400000000000000000e+01,7.914973795548421265e+01,8.958723183582501193e+00,-1.683188079537018640e-03,4.414724152454886053e+01,2.785729897672822863e-01,nan,1.639481563596491043e+01,1.000000000000000000e+00
2.400000000000000000e+01,1.192262967964865226e+02,4.987899998142339086e+01,-1.347628851180383142e-02,3.711969518420139025e+02,1.011499846362573507e-01,nan,8.036569569080363351e+00,1.000000000000000000e+00
2.500000000000000000e+01,8.139120538483975764e+00,2.334646440923432920e+01,-1.301663903635568061e-02,3.584498181551351763e+02,1.119944853889709435e-02,nan,1.109802398246843502e+01,1.000000000000000000e+00
2.500000000000000000e+01,1.226985487235575789e+02,2.563435492533920268e+01,-1.173547932107133970e-02,3.229203222298968967e+02,1.736330500870486571e-02,nan,1.502279984531303825e+01,1.000000000000000000e+00
2.500000000000000000e+01,1.098608205379442069e+02,1.783196745581133413e+01,-1.327998179419252918e-02,3.657529165353623171e+02,1.758319128906926654e-02,nan,1.134187307689956725e+01,1.000000000000000000e+00
2.500000000000000000e+01,5.564855259627301365e+01,3.995399730612638223e+01,-7.476289343728779492e-03,2.048032200923052812e+02,1.721225571226736584e-01,nan,5.717060530513149885e+00,1.000000000000000000e+00
2.600000000000000000e+01,1.428589845904158437e+02,3.924629793461738103e+01,-1.665736248064483838e-02,4.594154255150906465e+02,1.276601205047867005e-02,nan,1.194276174072205343e+01,1.000000000000000000e+00
2.600000000000000000e+01,1.408661443899293175e+01,3.271628044898950094e+01,-1.395129550475223724e-02,3.843699846958251669e+02,2.733456881461682197e-02,nan,8.939263340097928889e+00,1.000000000000000000e+00
2.700000000000000000e+01,5.617398904333417420e+01,4.564686105380654624e+01,-1.000619761835368215e-02,2.749633762868533609e+02,6.558195284818602033e-02,nan,5.717060530513149885e+00,1.000000000000000000e+00
2.700000000000000000e+01,6.091307344567951532e+01,1.431197891515927445e+01,-1.818957309793355851e-03,4.791243352646461773e+01,2.499264219099285311e-01,nan,1.333312581499989236e+01,1.000000000000000000e+00
2.700000000000000000e+01,8.727558946738875534e+01,2.319812334453584413e+01,-1.603857092292378800e-03,4.194721138433484242e+01,2.806419508577442379e-01,nan,1.075673354633555334e+01,1.000000000000000000e+00
2.800000000000000000e+01,7.719844042934356310e+01,4.377538531393057752e+01,-1.575285063910707856e-02,4.343312385828523361e+02,8.949506787714667233e-03,nan,1.795490437325774380e+01,1.000000000000000000e+00
2.800000000000000000e+01,2.458654152620018252e+01,4.451107424696133563e+01,-5.541483640583112422e-03,1.511466224597571397e+02,1.377043518329368332e-01,nan,5.703237314296039528e+00,1.000000000000000000e+00
2.900000000000000000e+01,2.333606430189620795e+01,2.047426108027983460e+01,-1.610492035228403007e-02,4.440949388385570273e+02,1.229398600367881400e-02,nan,1.534338166735821218e+01,1.000000000000000000e+00
2.900000000000000000e+01,6.657597130740616542e+00,5.216216002264776996e+00,-2.151311555267004447e-02,5.940765898713186743e+02,1.390931640736359221e-02,nan,1.819067945146946741e+01,1.000000000000000000e+00
2.900000000000000000e+01,4.635641841356473947e+01,5.315052202620861976e+01,-1.375611018375398446e-02,3.789570482880216673e+02,1.974201266937025689e-02,nan,5.467728597127253565e+00,1.000000000000000000e+00
2.900000000000000000e+01,5.411675672429776540e+01,2.578291274904060160e+01,-1.402571958577504075e-03,3.636511318626086364e+01,3.108230227036439253e-01,nan,1.333312581499989236e+01,1.000000000000000000e+00
3.100000000000000000e+01,9.159692310377052138e+01,3.304867623206130389e+01,-1.550611219699206574e-02,4.274886159424899006e+02,4.377461792222470116e-02,nan,7.792631936751728716e+00,1.000000000000000000e+00
3.200000000000000000e+01,7.798766255698330951e+01,6.424908965644807068e+00,-2.976658886527521961e-02,8.229643256710558035e+02,3.202951729726011276e-02,nan,1.880817550184994147e+01,1.000000000000000000e+00
3.200000000000000000e+01,1.012022264068186495e+01,5.117644378687904805e+01,-2.004183949576611445e-02,5.532747319569310775e+02,1.440021729046758736e-02,nan,1.592801096186108190e+01,1.000000000000000000e+00
3.400000000000000000e+01,9.346768487723879559e+01,2.548393149819137449e+01,-2.608972709565475501e-02,7.209965197036309519e+02,1.336414593970658427e-02,nan,7.792631936751728716e+00,1.000000000000000000e+00
3.400000000000000000e+01,7.976403275326276798e+01,3.957903596079476927e+01,-1.021320447127063887e-02,2.807041508752715231e+02,3.100964762015911980e-02,nan,1.351528365347184746e+01,1.000000000000000000e+00
3.400000000000000000e+01,4.462577983147344440e+01,4.796390982651408308e+01,-6.522287664007909297e-03,1.783465664932725758e+02,8.711392276217078123e-02,nan,5.467728597127253565e+00,1.000000000000000000e+00
3.400000000000000000e+01,6.832615130633583078e+01,5.034749128215464964e+01,-3.237205385375147709e-02,8.952198427522129123e+02,1.030497430142063298e-02,nan,1.570938452015480280e+01,1.000000000000000000e+00
3.500000000000000000e+01,3.644865876175976638e+01,1.743090991443015270e+01,-1.247093237213991145e-02,3.433161213401940017e+02,4.478911445085831389e-02,nan,1.009951403903773226e+01,1.000000000000000000e+00
3.500000000000000000e+01,3.191676845254919925e+01,4.965147611557745932e+01,-3.191698757876348935e-02,8.825998117209447855e+02,7.437922889142578597e-03,nan,1.282056356833072641e+01,1.000000000000000000e+00
3.500000000000000000e+01,4.895112806419347606e+01,3.830384742604990578e+01,-1.510469410928750840e-03,3.935735689164961570e+01,3.044624739037501415e-01,nan,1.058420724075053343e+01,1.000000000000000000e+00
3.700000000000000000e+01,6.007447645037621520e+00,2.278153691662184599e+01,-1.332987756817336118e-02,3.671366407324231886e+02,1.582026402714209468e-02,nan,1.490142930527937715e+01,1.000000000000000000e+00
3.700000000000000000e+01,1.201423228048738991e+02,3.909095546894973694e+01,-1.429324621893045787e-02,3.938530619117919400e+02,1.459311843289834432e-02,nan,1.898939835894605466e+01,1.000000000000000000e+00
3.800000000000000000e+01,1.120223469723432004e+02,2.192519762043455955e+01,-2.618240960492079772e-02,7.235668181574641267e+02,8.183602727356964479e-03,nan,1.246157318797538061e+01,1.000000000000000000e+00
3.800000000000000000e+01,2.758911777087980255e+01,1.258233102411209181e+01,-2.624455224210577725e-02,7.252901759467443981e+02,1.144048631440552910e-02,nan,1.009951403903773226e+01,1.000000000000000000e+00
3.800000000000000000e+01,1.405203995677395312e+02,4.642406867896028899e+01,-1.618802918310486595e-03,4.236169340267696981e+01,2.350884009355463933e-01,nan,2.165734429481314649e+01,1.000000000000000000e+00
3.900000000000000000e+01,5.465985045899662254e+01,2.079910638057614491e+01,-1.899411173455615304e-02,5.242188392539619599e+02,2.256264783052475131e-02,nan,1.028422749592318652e+01,1.000000000000000000e+00
3.900000000000000000e+01,1.513565178582417126e+01,1.100323124456670598e+01,-4.995795031425648465e-03,1.360134263529734824e+02,5.297814761524288762e-02,nan,1.255318171439806285e+01,1.000000000000000000e+00
4.000000000000000000e+01,1.398326406468105176e+02,1.571959340663186744e+01,-1.742404517202116379e-02,4.806772941441400349e+02,1.965830609333052426e-02,nan,1.849267631001662693e+01,1.000000000000000000e+00
4.000000000000000000e+01,9.194107768966026129e+01,1.943772104967725411e+01,-2.240479839392414685e-02,6.188049992155908967e+02,1.194884661903217182e-02,nan,9.380013227788957408e+00,1.000000000000000000e+00
4.000000000000000000e+01,7.793938899807663745e+01,2.971141574555297282e+01,-1.850962559073873401e-02,5.107829278158826014e+02,1.247852791091319524e-02,nan,1.481284990211716845e+01,1.000000000000000000e+00
4.100000000000000000e+01,4.203669318478373640e+01,4.826157737705042905e+01,-2.217160520316893701e-02,6.123380174475202011e+02,1.421929422624468309e-02,nan,1.628298113249078227e+01,1.000000000000000000e+00
4.200000000000000000e+01,7.651692366219710095e+01,1.496702309645162998e+01,-1.969955422081648769e-02,5.437823766038027316e+02,8.751798540935329385e-03,nan,1.027855325398013697e+01,1.000000000000000000e+00
4.300000000000000000e+01,1.094875777350473953e+02,3.412625295318859742e+01,-4.116185328008440530e-02,1.138981131197226432e+03,1.460999985444567661e-01,nan,6.777672632556424048e+00,1.000000000000000000e+00
4.300000000000000000e+01,1.007707216556205765e+02,1.627196117440616518e+01,-1.003824243098492240e-02,2.758520524028940599e+02,3.824562937608544377e-02,nan,9.380013227788957408e+00,1.000000000000000000e+00
4.400000000000000000e+01,1.111671661001575586e+02,4.069251743445120439e+01,-8.379729086682900785e-02,2.321359555945615739e+03,1.792765315164468465e-02,nan,6.777672632556424048e+00,1.000000000000000000e+00
4.400000000000000000e+01,2.968096762167358804e+01,2.356864305561024864e+01,-1.583374786565079281e-02,4.365747041293865891e+02,1.232056776038747969e-02,nan,1.326932498535249216e+01,1.000000000000000000e+00
4.400000000000000000e+01,1.330080368536921469e+02,3.290691024708152668e+01,-3.163251419344589865e-02,8.747107125993438785e+02,9.277652396976643345e-03,nan,1.849267631001662693e+01,1.000000000000000000e+00
4.400000000000000000e+01,7.033633824742797458e+01,6.754287807545210853e+00,-4.917743859241263671e-03,1.338488884183181540e+02,1.659740409980048348e-01,nan,1.027855325398013697e+01,1.000000000000000000e+00
4.500000000000000000e+01,5.530382737625121337e+01,3.546144861472706111e+01,-2.359051779123299067e-02,6.516877163292888326e+02,1.256922438956709076e-02,nan,1.583945029568374885e+01,1.000000000000000000e+00
4.500000000000000000e+01,7.540425771674524924e+01,4.461592776282806483e+01,-3.181083991038629460e-02,8.796560935364839224e+02,1.031503578418017097e-01,nan,4.213210053506836417e+00,1.000000000000000000e+00
4.600000000000000000e+01,3.981860336285760837e+01,3.213037927824454698e+01,-3.253198356102578875e-02,8.996550601690094027e+02,3.876174386594988253e-02,nan,1.326932498535249216e+01,1.000000000000000000e+00
4.700000000000000000e+01,5.729583033846158457e+01,5.175706703576874901e+01,-1.892383722039594346e-02,5.222699658740733639e+02,1.626394350152804424e-02,nan,9.544980886451208235e+00,1.000000000000000000e+00
4.800000000000000000e+01,7.142854472095648077e+01,4.601050480626717842e+01,-1.980414546643192303e-02,5.466829316170270658e+02,2.812459062117171893e-01,nan,4.213210053506836417e+00,1.000000000000000000e+00
4.900000000000000000e+01,8.350122755927550600e+01,3.391710430328377868e+01,-2.717483854323948442e-02,7.510891477307576451e+02,1.113408516423486372e-02,nan,1.341736725476870973e+01,1.000000000000000000e+00
4.900000000000000000e+01,8.453189841544201499e+00,4.639522814389048477e+01,-2.683776232387167018e-02,7.417412514305173090e+02,9.810036573488001288e-03,nan,1.317188238836570946e+01,1.000000000000000000e+00
5.000000000000000000e+01,1.168471873923771653e+01,1.824870456448028122e+01,-2.250414215652897162e-02,6.215600294952330387e+02,8.348774063194452921e-03,nan,9.882174075453008300e+00,1.000000000000000000e+00
5.000000000000000000e+01,4.121550540482260772e+01,4.996926209244157313e+00,-1.925336122907055081e-02,5.314084220585734784e+02,1.015614335753223241e-02,nan,1.522087636816240952e+01,1.000000000000000000e+00
5.000000000000000000e+01,1.140724290356343147e+02,8.067845597419408321e+00,-2.008865513848458878e-02,5.545730370529778384e+02,8.806694992230412744e-03,nan,1.601961208411044879e+01,1.000000000000000000e+00
5.000000000000000000e+01,1.309722932065926670e+02,2.801534676114646771e+01,1.776491626052238747e-03,-4.673476276501110505e+01,2.983407591730020680e-01,nan,1.667160504388295550e+01,1.000000000000000000e+00
5.100000000000000000e+01,9.483891468428298310e+01,2.256198255600557090e+01,-3.061830948312360690e-02,8.465844909480832712e+02,1.032131321340368224e-02,nan,1.260840885947980716e+01,1.000000000000000000e+00
5.200000000000000000e+01,2.130621358248751918e+01,4.351455697770608566e+01,-2.310623811080093903e-02,6.382575305941967372e+02,1.327323235395438950e-02,nan,1.176629971635370886e+01,1.000000000000000000e+00
5.200000000000000000e+01,6.682912832734299968e+01,5.128495520801129715e+01,-2.129930386675888895e-02,5.881471016640948619e+02,3.044452564275434980e-02,nan,6.998175348067460888e+00,1.000000000000000000e+00
5.200000000000000000e+01,1.218185798046755508e+02,4.194918850327869819e+01,-2.451354488742743098e-03,6.545025705038624153e+01,1.989067142487606077e-01,nan,1.082324495953947441e+01,1.000000000000000000e+00
5.300000000000000000e+01,9.822600186656745791e+01,1.041704062994379498e+01,-1.943885323105796689e-02,5.365525405085620605e+02,1.765976670792712699e-02,nan,8.919446063578824635e+00,1.000000000000000000e+00
5.400000000000000000e+01,1.061546527995956239e+02,4.902440641989448267e+01,-3.469282919667052850e-02,9.595802633195546605e+02,1.878161098373642979e-02,nan,8.847481238088070299e+00,1.000000000000000000e+00
5.400000000000000000e+01,5.247903717642769550e+01,1.523450060188852362e+01,-1.228054188513456185e-02,3.380361566710275270e+02,3.118277221625687101e-02,nan,1.522087636816240952e+01,1.000000000000000000e+00
5.400000000000000000e+01,2.137111827613345838e+01,2.020600588752215643e+01,-2.217725524154902719e-02,6.124947059643444618e+02,1.285443878000769313e-02,nan,9.882174075453008300e+00,1.000000000000000000e+00
5.400000000000000000e+01,1.274737675575118061e+02,5.338810170381857034e+01,-1.372834423242080479e-02,3.781870348049379800e+02,1.673715762233063398e-02,nan,1.276048132827733639e+01,1.000000000000000000e+00
5.400000000000000000e+01,1.149122214809034546e+02,5.028254593938213901e+01,-1.162077443250982174e-02,3.197392927125529809e+02,1.289786091984103100e-01,nan,8.847481238088070299e+00,1.000000000000000000e+00
5.600000000000000000e+01,7.473249264964422878e+01,1.093503609264645959e+01,-1.558303341116605741e-02,4.296218175511219783e+02,1.062056748403927831e-02,nan,1.984561842211423155e+01,1.000000000000000000e+00
5.600000000000000000e+01,1.343388445970051919e+02,4.100053095158529004e+01,-9.003693483178847740e-03,2.471616384076509689e+02,2.536242901420504570e-02,nan,1.255615313782187492e+01,1.000000000000000000e+00
5.600000000000000000e+01,3.517068672008734609e+01,8.622280733023503174e+00,-1.494122587920550639e-03,3.890402201502844548e+01,2.534802639998194884e-01,nan,1.801695805884924440e+01,1.000000000000000000e+00
5.700000000000000000e+01,2.168213980091714532e+01,3.175426410323384374e+01,-1.606618488645683573e-03,4.202379123563068930e+01,3.573824676831336422e-01,nan,1.155244572398551561e+01,1.000000000000000000e+00
5.800000000000000000e+01,6.580748640354424595e+01,2.866052153207056818e+01,-6.510623577388811346e-03,1.780230946317546170e+02,6.222420059940436676e-02,nan,9.545497973993196439e+00,1.000000000000000000e+00
5.800000000000000000e+01,1.059128151839650940e+02,5.892726416212599183e+00,-5.612830266632374242e-03,1.531252279601136479e+02,6.730987825248535561e-02,nan,8.919446063578824635e+00,1.000000000000000000e+00
5.900000000000000000e+01,8.542141397068482433e+01,4.074371183714540479e+01,-2.281867088468409258e-02,6.302826321746948679e+02,1.475078798083495624e-02,nan,1.187127053075738203e+01,1.000000000000000000e+00
5.900000000000000000e+01,9.621584004727176875e+01,3.307637968300441855e+01,-2.661851772145405748e-02,7.356610959937703456e+02,8.080054892816046497e-03,nan,1.324037826819250974e+01,1.000000000000000000e+00
6.000000000000000000e+01,6.858563593045261086e+01,3.779279489513012180e+01,-1.886599754419555908e-02,5.206659390573055362e+02,1.411690694639033961e-02,nan,9.545497973993196439e+00,1.000000000000000000e+00
6.200000000000000000e+01,1.247831453219051383e+02,1.872560573267958972e+01,-1.332554405784295432e-02,3.670164625565179222e+02,1.558417527849131901e-02,nan,1.350902776940048611e+01,1.000000000000000000e+00
6.200000000000000000e+01,9.256803067009052199e+01,5.022279057751908482e+01,-1.683932426882940245e-02,4.644616430434163590e+02,1.535625797245476765e-02,nan,1.187127053075738203e+01,1.000000000000000000e+00
6.300000000000000000e+01,9.196376528934784744e+01,5.358019676475064941e+00,-2.533140921373574009e-02,6.999666264169089800e+02,1.202755557210866133e-02,nan,1.395929454736313602e+01,1.000000000000000000e+00
6.300000000000000000e+01,1.126876563826334987e+01,1.065603745986742545e+01,-2.980164781400462121e-02,8.239365906909154091e+02,1.028212885695134471e-02,nan,1.964612136282341837e+01,1.000000000000000000e+00
6.300000000000000000e+01,3.141269155325573692e+01,3.194509793294989919e+01,-1.633042882068906762e-03,4.275660024238980128e+01,3.233960730440557096e-01,nan,5.791763609646548794e+00,1.000000000000000000e+00
6.400000000000000000e+01,4.927151743725686117e+01,2.456340861127494435e+01,-1.657884392477846150e-02,4.572379259594706014e+02,1.720588316217974700e-02,nan,1.170045453433082194e+01,1.000000000000000000e+00
6.400000000000000000e+01,1.374346257202873858e+02,2.346204690763186207e+01,-1.578326677228718625e-02,4.351747476840141644e+02,1.816171168788538459e-02,nan,1.263963460123374105e+01,1.000000000000000000e+00
6.400000000000000000e+01,1.407771808517864187e+01,3.010031350074267920e+01,-3.541260121937398180e-03,9.567583883500347497e+01,1.001238823340333539e-01,nan,1.743285790512419098e+01,1.000000000000000000e+00
6.500000000000000000e+01,1.084322085881279065e+02,3.087083732650387446e+01,-9.051782159197009278e-03,2.484952476354888802e+02,8.879985212036944908e-02,nan,6.831321046397636820e+00,1.000000000000000000e+00
6.500000000000000000e+01,4.265162946755661721e+01,5.030873411894523883e+01,-2.111668604881955513e-02,5.830826909267407245e+02,1.935361517740454840e-01,nan,5.342197052937091684e+00,1.000000000000000000e+00
6.600000000000000000e+01,6.006320735274527323e+01,2.004233959190702308e+01,-1.429021399938277051e-02,3.937689715124617464e+02,1.609323843111565289e-02,nan,1.170045453433082194e+01,1.000000000000000000e+00
6.700000000000000000e+01,1.470771239580680145e+01,4.794130645743150154e+01,-2.982100952635269656e-02,8.244735353604752390e+02,9.821200287701059572e-03,nan,1.785211255039705236e+01,1.000000000000000000e+00
6.700000000000000000e+01,1.147866537988587936e+02,2.836325416681113865e+01,-2.106065861045341644e-02,5.815289216196177904e+02,1.510743297006611474e-02,nan,6.831321046397636820e+00,1.000000000000000000e+00
6.800000000000000000e+01,1.296295353563597814e+02,1.352016945598171205e+01,-1.777556927298156939e-02,4.904258633222802359e+02,2.671638251682252330e-01,nan,6.301888405096787160e+00,1.000000000000000000e+00
6.800000000000000000e+01,4.244664391429313355e+01,3.717195720102761669e+01,-1.677802902132113916e-02,4.627617853124869498e+02,1.148277793286783810e-01,nan,8.896193458493483419e+00,1.000000000000000000e+00
6.900000000000000000e+01,3.016961539386294078e+01,1.321111427105331870e+01,-3.025280945642627381e-02,8.364483373098655647e+02,9.467631775840978925e-03,nan,1.584156009133475784e+01,1.000000000000000000e+00
6.900000000000000000e+01,3.993794955094043786e+01,4.570710281444421952e+01,-4.759739373296781317e-02,1.317453421240064927e+03,4.655889264288559648e-02,nan,5.342197052937091684e+00,1.000000000000000000e+00
7.000000000000000000e+01,5.865495945355671381e+01,5.154556999947461549e+01,-8.422844245243850045e-03,2.310533574601743965e+02,3.472996884200940659e-02,nan,8.190904549759085995e+00,1.000000000000000000e+00
7.100000000000000000e+01,1.186782505980255706e+02,1.335179088474732012e+01,-3.354979912545319465e-02,9.278814190823801482e+02,8.572393242219589204e-03,nan,1.095257911185188071e+01,1.000000000000000000e+00
7.100000000000000000e+01,1.354674652190612107e+02,1.589343142813569187e+01,-4.070198771902840129e-02,1.126228004961072202e+03,1.409417426345549451e-02,nan,6.301888405096787160e+00,1.000000000000000000e+00
7.200000000000000000e+01,1.136862065054776707e+02,3.753186892138429442e+01,-3.136563562776137348e-02,8.673095581617667449e+02,8.145210637300448475e-03,nan,9.234418268807537800e+00,1.000000000000000000e+00
7.300000000000000000e+01,8.335184657217376980e+01,4.635827754959545643e+01,-1.918980480087554424e-02,5.296458566035115609e+02,1.227123389763551398e-02,nan,2.045766943167853213e+01,1.000000000000000000e+00
7.300000000000000000e+01,1.383745921251589266e+02,4.332626037592818591e+01,-9.277945692842827496e-03,2.547672808966371178e+02,4.268071213122648366e-02,nan,9.310333418316197651e+00,1.000000000000000000e+00
7.400000000000000000e+01,2.204400950196876252e+01,2.680999492414328955e+01,-2.084980946289189535e-02,5.756815913923600192e+02,1.382072178035309573e-02,nan,1.584156009133475784e+01,1.000000000000000000e+00
7.500000000000000000e+01,3.549857799994075691e+01,1.587202716514734213e+01,-2.253177987566749169e-02,6.223264868055902070e+02,1.150756988964674044e-02,nan,1.733968143200604572e+01,1.000000000000000000e+00
7.600000000000000000e+01,1.383961683064778754e+02,1.028999435030234189e+01,-7.318660901502939409e-03,2.004318220308842626e+02,2.036212245196553638e-01,nan,6.192333091851729421e+00,1.000000000000000000e+00
7.600000000000000000e+01,5.274430102788231522e+01,2.471093634374721759e+01,-2.837914436787229364e-02,7.844873090829787543e+02,3.541981199444632633e-02,nan,3.081731958431953800e+00,1.000000000000000000e+00
7.600000000000000000e+01,1.319811361476254206e+02,2.983736655874695387e+01,-6.863541203944753533e-02,1.900885897907711524e+03,8.675314295098712769e-03,nan,1.437316309380204693e+01,1.000000000000000000e+00
7.700000000000000000e+01,1.202508783622432276e+01,6.889033323610017412e+00,-1.529749368206852200e-02,4.217031462719419892e+02,1.383703279989023649e-02,nan,2.229850897334269177e+01,1.000000000000000000e+00
7.700000000000000000e+01,6.291412672540088380e+01,4.748620118730769235e+01,-2.178212915592002766e-02,6.015369537950958829e+02,1.403528523479258272e-02,nan,1.679580532828873629e+01,1.000000000000000000e+00
7.800000000000000000e+01,1.407305980173939588e+02,5.233356544436953328e+01,-2.798848644590687385e-02,7.736534693352530212e+02,1.116545387062084504e-02,nan,9.310333418316197651e+00,1.000000000000000000e+00
7.900000000000000000e+01,9.334530939569260966e+01,4.799051152832773681e+01,-1.125804124491230386e-02,3.096798698654691862e+02,2.653802553103135065e-02,nan,1.310149008374171586e+01,1.000000000000000000e+00
7.900000000000000000e+01,1.435613399877225902e+02,6.874443058971812626e+00,-2.049659903210832024e-02,5.658862564223625213e+02,1.922564780763791337e-02,nan,6.192333091851729421e+00,1.000000000000000000e+00
7.900000000000000000e+01,1.177622878177647152e+02,3.727159229634285964e+01,-2.280244297078202337e-02,6.298325949201822596e+02,1.027649779217143511e-02,nan,1.424153621646533274e+01,1.000000000000000000e+00
8.100000000000000000e+01,4.978255711539030415e+01,2.385938196472180195e+01,-1.600085489072083575e-02,4.412089650224455681e+02,9.512619440878000709e-03,nan,3.081731958431953800e+00,1.000000000000000000e+00
8.100000000000000000e+01,6.709285334248335175e+01,3.008380484006001510e+01,-2.108125094347465533e-02,5.820999942216054706e+02,1.331261169431074975e-02,nan,6.686232181085318693e+00,1.000000000000000000e+00
8.100000000000000000e+01,4.488866619294178406e+01,4.275816159218140911e+01,-1.059018184264972490e-02,2.911585975929843926e+02,3.346539972174700228e-02,nan,8.725738249145170045e+00,1.000000000000000000e+00
8.200000000000000000e+01,9.039291031241466712e+00,3.731860352265125869e+01,-1.267644438750810051e-02,3.490154406565143859e+02,1.469242610606791288e-02,nan,2.629107682165455984e+01,1.000000000000000000e+00
8.600000000000000000e+01,7.148036501510379992e+01,3.512914349093373545e+01,-1.748028914860411814e-02,4.822370685524226701e+02,1.858659697209685824e-02,nan,6.686232181085318693e+00,1.000000000000000000e+00
8.600000000000000000e+01,1.347766185433351893e+02,4.939329120724443101e+01,-2.220149485483684584e-02,6.131669260094056426e+02,1.318978301758833016e-02,nan,1.909491101175797212e+01,1.000000000000000000e+00
8.600000000000000000e+01,1.433165173715285903e+02,2.096331182536005855e+01,-2.936371489540255675e-02,8.117917069099369201e+02,6.224141731318133530e-03,nan,1.068186307802275437e+01,1.000000000000000000e+00
8.700000000000000000e+01,1.909756978845847897e+01,1.302762270910116627e+01,-1.514492606814724605e-02,4.174720965812043687e+02,1.490173315183096481e-02,nan,1.608704046987284642e+01,1.000000000000000000e+00
8.700000000000000000e+01,1.128034643770383241e+02,2.615303220247196592e+01,-2.267250092825170982e-02,6.262290041925630248e+02,2.318047289285529722e-01,nan,2.055742584783783400e+01,1.000000000000000000e+00
8.800000000000000000e+01,4.895852238516000909e+01,2.838897149421097410e+01,-2.062027125545326176e-02,5.693159706905981920e+02,1.587715684893264978e-02,nan,2.218385852569999273e+01,1.000000000000000000e+00
8.800000000000000000e+01,3.402197559468640264e+01,7.023042589695896787e+00,-2.575891812317522914e-02,7.118224285270792961e+02,1.450444779744552992e-02,nan,1.608704046987284642e+01,1.000000000000000000e+00
9.000000000000000000e+01,8.069662395303738833e+01,3.156075304471877985e+01,-1.248942124237235538e-02,3.438288600969227673e+02,1.498586553200764726e-02,nan,9.882957006264822652e+00,1.000000000000000000e+00
9.000000000000000000e+01,1.413337920382614072e+02,3.145954920217496564e+01,-1.724780839792201684e-03,4.530070411658638818e+01,2.837281792494009691e-01,nan,1.068186307802275437e+01,1.000000000000000000e+00
9.200000000000000000e+01,6.431269617334346833e+01,1.237732178624732882e+01,-1.480247074599717882e-02,4.079750254293795706e+02,1.119552453445915585e-02,nan,2.218385852569999273e+01,1.000000000000000000e+00
9.400000000000000000e+01,6.729819135501126937e+01,4.087449134248606697e+01,-1.727132707526997032e-02,4.764420712195513943e+02,1.329304695918998025e-02,nan,1.631758919580787648e+01,1.000000000000000000e+00
9.500000000000000000e+01,1.411600042586036068e+02,4.799999084180308273e+01,-1.546277364804669353e-02,4.262867386279049242e+02,1.499485976320424907e-02,nan,1.127684087241061128e+01,1.000000000000000000e+00
9.700000000000000000e+01,9.838523691949883698e+01,2.903775640760833809e+01,-1.345124698417902824e-02,3.705024928740235168e+02,1.408706479147547874e-02,nan,1.721200705791337526e+01,1.000000000000000000e+00
9.700000000000000000e+01,1.841523547604128552e+01,2.450547393434161592e+01,-3.075129028079058406e-03,8.274895501069346437e+01,1.328419822095966429e-01,nan,1.158949836518252852e+01,1.000000000000000000e+00
9.700000000000000000e+01,1.262708071058661830e+02,2.711988711764405835e+01,-9.088703523529775147e-03,2.495191617095620700e+02,2.493984271898306293e-01,nan,4.102098636762158357e+00,1.000000000000000000e+00
9.800000000000000000e+01,8.386924043822416763e+01,1.978902497474246402e+01,-2.338188697882052219e-02,6.459019056211812995e+02,9.766413274226781738e-03,nan,1.430579375957896815e+01,1.000000000000000000e+00
9.800000000000000000e+01,3.995631048601722313e+01,3.032459673886763696e+01,-2.807609216814272238e-02,7.760829768463562459e+02,9.680458920603096651e-03,nan,1.786345048652347245e+01,1.000000000000000000e+00
9.800000000000000000e+01,1.379828170933084550e+02,3.717998059327030802e+01,-2.841844755596568007e-03,7.627944733752309503e+01,3.001131194843910110e-01,nan,7.411285798388704826e+00,1.000000000000000000e+00
9.900000000000000000e+01,1.228519399230323188e+02,2.938672641760945226e+01,-9.315059250843832350e-03,2.557965249417288192e+02,2.474361381803161786e-01,nan,4.102098636762158357e+00,1.000000000000000000e+00
1.000000000000000000e+02,6.982723229337831583e+01,1.705447887864327683e+01,-2.418081158239951400e-03,6.452751131742689950e+01,1.644556835238464298e-01,nan,1.397233192481142439e+01,1.000000000000000000e+00
1.010000000000000000e+02,1.429350035705427047e+02,4.269387271046813481e+01,-7.973162716170233144e-03,2.185826577774809891e+02,3.620237265905890123e-02,nan,7.411285798388704826e+00,1.000000000000000000e+00
1.010000000000000000e+02,8.952866676769737353e+01,4.579363250740411218e+01,-1.324094743611648264e-02,3.646704043008128338e+02,1.689357445271733038e-02,nan,1.895252539176475537e+01,1.000000000000000000e+00
1.010000000000000000e+02,4.045787646317158703e+01,4.818100440824606778e+01,-2.969479935021803602e-03,7.981906346282367792e+01,1.156312053889296809e-01,nan,1.616484108004453191e+01,1.000000000000000000e+00
1.020000000000000000e+02,7.301817880769611691e+01,3.214484254263898322e+01,-2.491548022573730758e-02,6.884319620749231490e+02,9.889790466518055823e-03,nan,8.926171055028527590e+00,1.000000000000000000e+00
1.020000000000000000e+02,5.599038054819394716e+01,1.899550778077039936e+01,-1.635760658001195623e-03,4.283197039941236994e+01,2.409158456138850157e-01,nan,9.199858065512234617e+00,1.000000000000000000e+00
1.030000000000000000e+02,9.940666235803816164e+01,4.648856865315222464e+00,-1.801404288860136357e-02,4.970392833770623042e+02,1.293178204655065500e-02,nan,2.169415060093466963e+01,1.000000000000000000e+00
1.030000000000000000e+02,1.264961144901819807e+02,1.044425610148859285e+01,-6.356060052317223652e-03,1.737366937492521117e+02,6.655391153672207682e-02,nan,1.928982088960341912e+01,1.000000000000000000e+00
1.030000000000000000e+02,5.645330476645801099e+01,5.051517675353654369e+01,-2.022047978889300601e-02,5.582288368128791944e+02,1.564038684164015258e-02,nan,1.616484108004453191e+01,1.000000000000000000e+00
1.040000000000000000e+02,1.040443795827950595e+02,3.034187724967294386e+01,-2.546377786404761812e-02,7.036375125412367879e+02,8.223827542875650209e-03,nan,1.883179861467451488e+01,1.000000000000000000e+00
1.070000000000000000e+02,2.658490894922661596e+01,2.685603606985267078e+01,-4.186000510746527847e-02,1.158342481862721797e+03,1.247816199279105920e-02,nan,9.809880967604414082e+00,1.000000000000000000e+00
1.070000000000000000e+02,1.326302211292472748e+02,3.443109838700568304e+01,-2.303312417189392128e-02,6.362299134567828105e+02,2.869315529622008532e-01,nan,5.930847005097634295e+00,1.000000000000000000e+00
1.070000000000000000e+02,1.285029774675226122e+02,3.017189588481948448e+01,-2.589887607407532696e-02,7.157037833549636616e+02,2.164816508632156911e-01,nan,5.930847005097634295e+00,1.000000000000000000e+00
1.070000000000000000e+02,6.410182637798926919e+01,3.256339845633496566e+01,-1.333453704618339656e-03,3.444830555243927961e+01,3.286540492444287587e-01,nan,6.763497442298837647e+00,1.000000000000000000e+00
1.080000000000000000e+02,1.249866862949488109e+02,4.092934648053565638e+01,-2.734112314294648294e-02,7.557006008831136796e+02,1.716428490624821723e-02,nan,1.003248987281821236e+01,1.000000000000000000e+00
1.090000000000000000e+02,1.352002032764152943e+02,1.174387813030929095e+01,-2.345916012700334508e-02,6.480448671666765676e+02,1.316094896123076730e-02,nan,9.761250947168232273e+00,1.000000000000000000e+00
1.090000000000000000e+02,4.651302392895767213e+01,4.147554251863648744e+01,-1.008573701862700012e-02,2.771691861981332750e+02,6.915390070816374024e-02,nan,7.380658109124315303e+00,1.000000000000000000e+00
1.100000000000000000e+02,1.992513031549654201e+01,1.154605000892212807e+01,-1.957416296259020805e-02,5.403049895574714583e+02,1.340813231712841835e-01,nan,7.885739048448791699e+00,1.000000000000000000e+00
1.100000000000000000e+02,8.424634750629547852e+01,3.829215084344937736e+01,-3.162912062909385702e-02,8.746166012802168552e+02,1.030998635920943318e-02,nan,1.047101873029970243e+01,1.000000000000000000e+00
1.100000000000000000e+02,8.144173194097338353e+01,2.748893333065244349e+01,-8.423526166274930213e-03,2.310722686936498462e+02,1.696062259697950214e-02,nan,8.536154109610135876e+00,1.000000000000000000e+00
1.100000000000000000e+02,1.393465849671942465e+02,2.881038058417309600e+01,-1.753881113039902975e-02,4.838600172674919691e+02,7.087019038281283656e-02,nan,3.711353078080296797e+00,1.000000000000000000e+00
1.110000000000000000e+02,5.389196983839904931e+01,4.163451229350226868e+01,-1.981307226313493500e-02,5.469304921540167470e+02,1.405044050773773812e-02,nan,6.947898905360243127e+00,1.000000000000000000e+00
1.120000000000000000e+02,6.916740866350757244e+01,3.739276923526399088e+01,-1.495867549594728264e-02,4.123069412402223861e+02,1.325549992180041770e-02,nan,6.998781751971580256e+00,1.000000000000000000e+00
1.120000000000000000e+02,2.551900698942099410e+01,1.710423533303232446e+01,-2.717153169412161659e-02,7.509974412238663035e+02,3.159948957927061208e-02,nan,7.885739048448791699e+00,1.000000000000000000e+00
1.130000000000000000e+02,6.073923983922730230e+01,2.057177296132176636e+01,-1.785214086009022025e-02,4.925493689708808347e+02,1.632948358976160641e-02,nan,8.693046260380540957e+00,1.000000000000000000e+00
1.130000000000000000e+02,1.004385085904933419e+02,3.529139590297850759e+01,-2.613961291298899647e-02,7.223799677800566315e+02,9.824289639992711543e-03,nan,1.219700277849827152e+01,1.000000000000000000e+00
1.130000000000000000e+02,1.410326212433956243e+02,1.957106924283731786e+01,-1.623577681086774832e-02,4.477238884196086701e+02,2.142908838796431237e-02,nan,9.391889713300670905e+00,1.000000000000000000e+00
1.140000000000000000e+02,1.423861476715916581e+02,3.093998154120997413e+01,-1.410986732498447152e-02,3.887675447920293550e+02,2.795178468340858702e-01,nan,3.711353078080296797e+00,1.000000000000000000e+00
1.140000000000000000e+02,8.976299614556452866e+01,2.939221707733975819e+01,-1.742485471600115771e-02,4.806997446545605612e+02,5.575713140729199324e-02,nan,8.536154109610135876e+00,1.000000000000000000e+00
1.150000000000000000e+02,6.561325611172819094e+01,4.581612096024279879e+00,-2.572645330409980419e-02,7.109221046694890447e+02,2.434458682219087233e-02,nan,1.671649721450922499e+01,1.000000000000000000e+00
1.160000000000000000e+02,7.846263969354126289e+01,2.774073954832236666e+01,-2.207718617291204097e-02,6.097195612856882008e+02,1.550851037862899240e-02,nan,1.048447478521517873e+01,1.000000000000000000e+00
1.160000000000000000e+02,6.848712830736633350e+01,2.451376199864725436e+01,-8.258187649838188635e-03,2.264870525992455725e+02,9.364390083426543665e-02,nan,8.693046260380540957e+00,1.000000000000000000e+00
1.160000000000000000e+02,5.434955319099941562e+01,4.856732677786062879e+01,-3.300403118974581940e-02,9.127460230685137503e+02,1.367591777120480412e-02,nan,6.947898905360243127e+00,1.000000000000000000e+00
1.160000000000000000e+02,3.346310395617766176e+01,4.785810112223504831e+01,-1.726789571270589702e-03,4.535641084543904356e+01,2.451340126640323414e-01,nan,1.750986996122023598e+01,1.000000000000000000e+00
1.200000000000000000e+02,4.659479131936994634e+01,2.273448965433034985e+01,-3.279334218380762500e-02,9.069031339355907448e+02,1.061677108635694644e-02,nan,1.047857006816640713e+01,1.000000000000000000e+00
1.210000000000000000e+02,1.200563868761719277e+02,8.168855412988085263e+00,-2.026145775847591063e-02,5.593652498501852506e+02,1.133372114371289374e-02,nan,1.262862930607106726e+01,1.000000000000000000e+00
1.210000000000000000e+02,1.220379986017205027e+02,2.064104419921664402e+01,-1.715072942261796837e-02,4.730976218449926591e+02,9.315764185271580011e-03,nan,1.262862930607106726e+01,1.000000000000000000e+00
1.210000000000000000e+02,3.181723629622970861e+01,3.042575573485873619e+01,-2.168865044795278973e-02,5.989445749260166849e+02,1.891788593335630431e-02,nan,6.441042952984552095e+00,1.000000000000000000e+00
1.210000000000000000e+02,1.043892019073054342e+02,3.787121347135300908e+01,-1.283457436407427557e-03,3.306179441999824320e+01,3.259073572324940882e-01,nan,1.881322919506932578e+01,1.000000000000000000e+00
1.220000000000000000e+02,1.381478726124955756e+02,1.446498094809602364e+01,-1.002774281876371229e-02,2.755608740859523209e+02,4.272211179779239476e-02,nan,1.725316776493200166e+01,1.000000000000000000e+00
1.220000000000000000e+02,1.492563086902177361e+01,3.081204392501288680e+01,-1.473463269489481454e-02,4.060937207556038970e+02,2.107795474929508028e-02,nan,1.533892692951709869e+01,1.000000000000000000e+00
1.230000000000000000e+02,8.808871767745642956e+01,1.952724026508481714e+01,-1.196974467258921440e-02,3.294170374738128544e+02,1.893456740243693037e-02,nan,1.498949848673911589e+01,1.000000000000000000e+00
1.240000000000000000e+02,1.015464794790017038e+02,1.292620154554808742e+01,-9.358576830709890160e-03,2.570033671941674243e+02,1.578971219353031419e-02,nan,1.498949848673911589e+01,1.000000000000000000e+00
1.250000000000000000e+02,1.281542243736650164e+02,5.156864625085623288e+01,-1.442583187123977657e-02,3.975299659989794350e+02,2.231630147982970325e-01,nan,2.101634686987856782e+01,1.000000000000000000e+00
1.250000000000000000e+02,3.804945267825947042e+01,2.879894496228811462e+01,-1.760630857085842063e-02,4.857318760272982558e+02,3.564213110835123821e-02,nan,6.441042952984552095e+00,1.000000000000000000e+00
1.250000000000000000e+02,2.924467226633651862e+01,1.013041549752641224e+01,-1.470637811277343597e-03,3.825273532056290549e+01,3.295959231588881932e-01,nan,1.797720741823340163e+01,1.000000000000000000e+00
1.260000000000000000e+02,6.418826747468897054e+01,4.951778579514577672e+01,-2.886723120819127686e-02,7.980230760895357207e+02,1.080443441207246114e-02,nan,1.127155891984056169e+01,1.000000000000000000e+00
1.270000000000000000e+02,1.215999523491694134e+01,1.572450141841379434e+01,-2.036308694554917614e-02,5.621836601896045522e+02,4.972551449914253130e-02,nan,5.591642451215784959e+00,1.000000000000000000e+00
1.270000000000000000e+02,1.056840365776992172e+02,3.447617340774394279e+01,-1.383751440414471724e-03,3.584317707212390047e+01,2.566968188075220425e-01,nan,1.308594928006480096e+01,1.000000000000000000e+00
1.280000000000000000e+02,7.600243222817627498e+01,9.271940791709216256e+00,-1.845288197123168272e-02,5.092092971638980998e+02,1.344836577176489190e-02,nan,1.585085055289144584e+01,1.000000000000000000e+00
1.280000000000000000e+02,1.415639706500146815e+02,2.795224717420436988e+01,-3.834637358122998385e-02,1.060901424744828319e+03,1.375380454789099094e-02,nan,1.788570256098374500e+01,1.000000000000000000e+00
1.290000000000000000e+02,5.470155049950484027e+01,4.343089483865652767e+01,-1.689460161880466244e-02,4.659946106799050085e+02,1.836716035523289214e-02,nan,1.127155891984056169e+01,1.000000000000000000e+00
1.310000000000000000e+02,1.434984563962528625e+02,1.017146763568070611e+01,-2.147768084452645124e-02,5.930939041814862094e+02,2.510562434765517548e-02,nan,4.888771069615717835e+00,1.000000000000000000e+00
1.310000000000000000e+02,1.018302729136793516e+01,2.095499499478095018e+01,-1.824593391791602681e-02,5.034701532232203363e+02,5.054567229487827440e-02,nan,5.591642451215784959e+00,1.000000000000000000e+00
1.310000000000000000e+02,9.441683480293410469e+01,4.113141440466947785e+01,-2.179893928209197113e-02,6.020031371305562971e+02,9.927848957858587120e-03,nan,1.308594928006480096e+01,1.000000000000000000e+00
1.320000000000000000e+02,5.107372482088882393e+00,4.045886488228158839e+01,-2.460112749751986599e-02,6.797142402772078640e+02,1.777083933143497330e-01,nan,2.015349131866515364e+01,1.000000000000000000e+00
1.320000000000000000e+02,1.186837714144210736e+02,2.207196215930719774e+01,-4.005351537380229601e-03,1.085461577009495358e+02,2.079907255826825008e-01,nan,3.789706542570875136e+00,1.000000000000000000e+00
1.330000000000000000e+02,1.053436757184004193e+02,6.872008076326618031e+00,-3.422504875221400733e-02,9.466076392220700200e+02,1.302524437780816502e-02,nan,1.694911800954717052e+01,1.000000000000000000e+00
1.340000000000000000e+02,1.433149370104342779e+02,3.269880209696135154e+01,-1.219235520719824661e-02,3.355905379265267925e+02,5.438316094990414129e-02,nan,1.715706734481461027e+01,1.000000000000000000e+00
1.340000000000000000e+02,1.128220820648257359e+02,5.007794425750333289e+01,1.318934760748092247e-03,-3.404566195467189971e+01,2.801601497594801149e-01,nan,2.046444534256955450e+01,1.000000000000000000e+00
1.350000000000000000e+02,5.511964836116526811e+01,5.315992640452468443e+00,-1.802969086269529814e-02,4.974732375712005137e+02,7.352586678000805342e-02,nan,8.227492001210205075e+00,1.000000000000000000e+00
1.360000000000000000e+02,1.393776021044130857e+02,7.541136387237402872e+00,-2.128839485334882778e-02,5.878445697136462513e+02,1.961378835684479682e-02,nan,4.888771069615717835e+00,1.000000000000000000e+00
1.360000000000000000e+02,3.827301186673257405e+01,1.596459329741433564e+01,-1.893829206666438475e-02,5.226708318984008201e+02,2.347554365529751497e-01,nan,3.185342617442957103e+00,1.000000000000000000e+00
1.360000000000000000e+02,9.291680182063743132e+01,2.446968139914132223e+01,-3.143173141199735732e-02,8.691425457812429158e+02,1.210931647432689218e-02,nan,1.220495630273763332e+01,1.000000000000000000e+00
1.360000000000000000e+02,5.853579346289486551e+01,4.382316830901783788e+01,-2.065035801927436049e-02,5.701503456243650589e+02,1.139761635735958567e-02,nan,1.929798049075107258e+01,1.000000000000000000e+00
1.370000000000000000e+02,1.468313220627563531e+01,1.278239723738203004e+01,-1.877591947514972714e-02,5.181678677013802599e+02,1.390534656883524178e-02,nan,2.380354583164712068e+01,1.000000000000000000e+00
1.370000000000000000e+02,1.151535919391490097e+02,2.069366300775396894e+01,-1.885265297727863054e-02,5.202958636246778497e+02,8.465891272589565197e-03,nan,3.789706542570875136e+00,1.000000000000000000e+00
1.370000000000000000e+02,6.240387893234878902e+01,9.141121346236536382e+00,-2.880838162730599630e-02,7.963910423006794872e+02,1.761893212278364818e-02,nan,8.227492001210205075e+00,1.000000000000000000e+00
1.380000000000000000e+02,4.534381800182898559e+01,9.951365890138815118e+00,-3.441511205025777481e-02,9.518785301912608929e+02,8.115586655886397605e-02,nan,9.281982722011850484e+00,1.000000000000000000e+00
1.380000000000000000e+02,1.373013929773497921e+02,1.663012921969305324e+01,-2.867953817792465165e-02,7.928179180795731327e+02,8.015789208531742815e-03,nan,9.323112948352127560e+00,1.000000000000000000e+00
1.380000000000000000e+02,7.085716418097969438e+01,2.897069798758878534e+01,-2.207849004428144232e-02,6.097557206278478361e+02,1.446073316822649169e-02,nan,7.686103732509975472e+00,1.000000000000000000e+00
1.400000000000000000e+02,8.023675439676999588e+01,6.536357696692564723e+00,-4.730440053287286034e-02,1.309328048123266854e+03,8.968461458111254281e-03,nan,1.150007080864282116e+01,1.000000000000000000e+00
1.400000000000000000e+02,8.999634578510551819e+01,1.261928499664658254e+01,-1.488240098057638794e-02,4.101916740719378254e+02,2.126381366003671225e-02,nan,1.150007080864282116e+01,1.000000000000000000e+00
1.420000000000000000e+02,6.916537056390998828e+01,2.147309670823643657e+01,-1.316375673875081267e-02,3.625297293054933334e+02,4.409073354405046441e-02,nan,6.083146399636713220e+00,1.000000000000000000e+00
1.440000000000000000e+02,1.640548406449978813e+01,3.782578559452533540e+01,-1.254129996306957602e-02,3.452675759522752514e+02,3.267800531973863443e-02,nan,4.613327112714924461e+00,1.000000000000000000e+00
1.440000000000000000e+02,1.166078143329571191e+02,4.997202148240740627e+01,-1.777804967270259912e-02,4.904946504927866044e+02,1.377653872310757865e-02,nan,1.133769054885404870e+01,1.000000000000000000e+00
1.450000000000000000e+02,7.506885812076903619e+01,2.294057917335262786e+01,-5.513385959361463522e-03,1.503674093463853580e+02,3.163752917783897445e-01,nan,6.083146399636713220e+00,1.000000000000000000e+00
1.460000000000000000e+02,1.391360660801414326e+02,8.456055868271482368e+00,-8.756657133232412238e-03,2.403107541001783147e+02,4.975555162730049830e-02,nan,2.415902157928199756e+01,1.000000000000000000e+00
1.460000000000000000e+02,1.124296796439900881e+01,1.665336041105528508e+01,-2.112124639887700411e-02,5.832091598883001780e+02,1.158665823413107532e-02,nan,1.440587977274122267e+01,1.000000000000000000e+00
1.460000000000000000e+02,3.248198725020895239e+01,4.226802296566484785e+01,-9.706456345004528877e-03,2.666508636289597121e+02,5.885417388036640052e-02,nan,9.520925104489398549e+00,1.000000000000000000e+00
1.460000000000000000e+02,7.711504324778175601e+01,1.600064642417299865e+01,-1.324110209272865747e-02,3.646746932832141397e+02,2.519992826226080673e-02,nan,7.235298206511186159e+00,1.000000000000000000e+00
1.470000000000000000e+02,9.367751398084595849e+01,3.379357940234534396e+01,-2.942433362971254643e-02,8.134728033789918982e+02,7.460675567890207027e-03,nan,1.196266923140716365e+01,1.000000000000000000e+00
1.470000000000000000e+02,1.084878972020960504e+02,4.205936246223451747e+01,-2.561072275400837900e-02,7.077126312066224045e+02,2.675113538410900382e-02,nan,5.035987074415542608e+00,1.000000000000000000e+00
1.480000000000000000e+02,2.429068936693505165e+01,1.054710638518332289e+01,-2.156990279142789735e-02,5.956514301851235587e+02,1.412816983770570634e-02,nan,1.440587977274122267e+01,1.000000000000000000e+00
1.480000000000000000e+02,3.936789361397669040e+01,2.341733407065375516e+01,-1.652387578100312365e-02,4.557135333197516616e+02,5.156267925717772371e-02,nan,4.838562873545549259e+00,1.000000000000000000e+00
1.480000000000000000e+02,7.894871581657828585e+01,3.167413316737986406e+01,-2.363355752048763858e-02,6.528813066888146750e+02,1.013892045045383661e-02,nan,9.556582082853646298e+00,1.000000000000000000e+00
1.480000000000000000e+02,4.048382353760892016e+01,3.710869831267531538e+01,-2.833917696632919092e-02,7.833789214141135062e+02,1.288567497852299848e-02,nan,9.520925104489398549e+00,1.000000000000000000e+00
1.490000000000000000e+02,1.245037599897745295e+01,3.545093670692200050e+01,-1.951328080471101747e-02,5.386165877489520426e+02,1.314591722585645162e-02,nan,4.613327112714924461e+00,1.000000000000000000e+00
1.510000000000000000e+02,2.121939014726455497e+01,3.299691449047892888e+01,-2.090468687666988123e-02,5.772034678812565289e+02,2.619261021126895184e-02,nan,9.105923026890549110e+00,1.000000000000000000e+00
1.510000000000000000e+02,1.154489758593565938e+02,1.320790609114387770e+01,-2.797548472794009547e-02,7.732929018899840230e+02,7.825954074339835920e-03,nan,1.149059225700221987e+01,1.000000000000000000e+00
1.510000000000000000e+02,1.038616596813770911e+02,4.006961569051392758e+01,-1.467019994240973887e-02,4.043068528190310644e+02,9.400832777302325916e-02,nan,5.035987074415542608e+00,1.000000000000000000e+00
1.520000000000000000e+02,3.780594331203063518e+01,1.883781423386911769e+01,-1.529945669526784451e-02,4.217575851281083601e+02,5.312740099371116020e-02,nan,4.838562873545549259e+00,1.000000000000000000e+00
1.540000000000000000e+02,8.015489467766363063e+00,4.774289359931263022e+01,-1.459945815823810410e-02,4.023450209705231373e+02,1.615807069859254153e-02,nan,1.306753315622757761e+01,1.000000000000000000e+00
1.540000000000000000e+02,6.016803248229353329e+01,2.969620068494916509e+01,-1.687775913335918480e-03,4.427447267326438407e+01,3.206614120483145536e-01,nan,2.023584591707025382e+01,1.000000000000000000e+00
1.550000000000000000e+02,8.683553069222531917e+01,1.738001413410069418e+01,-2.199109377577272012e-02,6.073320217487641912e+02,1.068543628809082158e-02,nan,2.089843334603410696e+01,1.000000000000000000e+00
1.560000000000000000e+02,1.442015636793413194e+02,2.676694477901711267e+01,-3.249001341949882965e-02,8.984911319291702512e+02,8.218259244818115761e-03,nan,8.605885386984398977e+00,1.000000000000000000e+00
1.560000000000000000e+02,3.572348690826961359e+01,2.654930149234284897e+01,-1.464364360090522794e-02,4.035703845894908000e+02,2.242026570366895122e-02,nan,7.987719349799916380e+00,1.000000000000000000e+00
1.560000000000000000e+02,1.377834401192650944e+02,4.365788314021590111e+01,-1.664398164903222246e-02,4.590443443793158735e+02,1.392255379388263048e-02,nan,1.129828472963466446e+01,1.000000000000000000e+00
1.560000000000000000e+02,1.072016071178452279e+02,5.206992439677529561e+00,-3.503657896179451781e-02,9.691132323425181312e+02,1.329432568416277771e-02,nan,1.149059225700221987e+01,1.000000000000000000e+00
1.580000000000000000e+02,1.228571793246370305e+02,2.822933636084352216e+01,-2.098899100036276128e-03,5.567586112809841836e+01,2.574907573646070258e-01,nan,1.536958522236320945e+01,1.000000000000000000e+00
1.590000000000000000e+02,4.836407239098061694e+01,6.692419707805002282e+00,-5.363520073954762546e-02,1.484895651024851759e+03,1.036265786932877297e-02,nan,1.965512839296655301e+01,1.000000000000000000e+00
1.590000000000000000e+02,4.701536499056508234e+01,4.507465307234622998e+01,-1.523809973966534607e-02,4.200560160902619486e+02,1.960121139658432821e-02,nan,1.802358257387140128e+01,1.000000000000000000e+00
1.600000000000000000e+02,6.604259931006764361e+01,1.528274904462994854e+01,-2.218364383320870284e-02,6.126718762567229533e+02,1.133804836686547191e-02,nan,1.503354073379089861e+01,1.000000000000000000e+00
1.610000000000000000e+02,1.376612201241916296e+02,3.236025949164714177e+01,-2.647054936471230149e-02,7.315575942482807932e+02,8.006767835641914743e-03,nan,8.605885386984398977e+00,1.000000000000000000e+00
1.610000000000000000e+02,2.944885974571961640e+01,4.104136380922889771e+01,-1.322344710497617461e-02,3.641850799993053442e+02,3.327046986530002304e-02,nan,4.976669257012471093e+00,1.000000000000000000e+00
1.630000000000000000e+02,8.212139228200935293e+01,3.269252638412642398e+01,-2.320500968668959274e-02,6.409966928244783730e+02,1.000373485406014229e-02,nan,1.454585727587559241e+01,1.000000000000000000e+00
1.630000000000000000e+02,8.762637009939992083e+01,4.615644791985221218e+01,-1.734598220625734868e-03,4.557296259315276643e+01,2.672698839182070518e-01,nan,1.099612108151179513e+01,1.000000000000000000e+00
1.650000000000000000e+02,2.617195606331419455e+01,7.702094451510388851e+00,-1.724160150421828741e-02,4.756177129893038682e+02,1.319114208249683173e-02,nan,1.875119519500334775e+01,1.000000000000000000e+00
1.650000000000000000e+02,8.088015692307759252e+01,1.770230087816455367e+01,-2.830651197705208802e-02,7.824730463779467300e+02,8.653394850796969351e-03,nan,1.503354073379089861e+01,1.000000000000000000e+00
1.660000000000000000e+02,3.488985871586576337e+01,4.249030302261383696e+01,-1.972542264837034987e-02,5.444997674024692742e+02,2.013807645232302823e-01,nan,5.630621159092129346e+00,1.000000000000000000e+00
1.660000000000000000e+02,1.210466062020783795e+02,2.922828279996767620e+01,-7.775042778597333545e-03,2.130883377245416455e+02,1.567136707474209301e-01,nan,5.349626258748098273e+00,1.000000000000000000e+00
1.660000000000000000e+02,1.128816726035811087e+02,1.987034483925623718e+01,-3.242977525826021973e-02,8.968205896238371224e+02,1.692011590154662848e-02,nan,7.331537371758822808e+00,1.000000000000000000e+00
1.660000000000000000e+02,2.903677553346577866e+01,4.600094277278056154e+01,-2.799971961368658696e-02,7.739649908294862826e+02,5.817265540472460472e-02,nan,4.976669257012471093e+00,1.000000000000000000e+00
1.670000000000000000e+02,1.175974190598063700e+02,4.757000747629160742e+01,-7.912537836989662343e-03,2.169013908970779312e+02,2.404995811074572831e-02,nan,1.575009062606423704e+01,1.000000000000000000e+00
1.680000000000000000e+02,9.880096345596224694e+01,7.075598435490406679e+00,-1.398711620398053641e-02,3.853633748033095685e+02,1.568113781055768818e-02,nan,1.902555927263417246e+01,1.000000000000000000e+00
1.680000000000000000e+02,9.834665488565956082e+01,4.860393090054038367e+01,-1.833747102274936591e-02,5.060086869863292236e+02,5.924343451064983945e-02,nan,1.099612108151179513e+01,1.000000000000000000e+00
1.690000000000000000e+02,8.283352719971157185e+00,2.522994416899290115e+01,-1.760084183486769482e-03,4.627974676909833818e+01,2.456368526101588845e-01,nan,2.047795400119591136e+01,1.000000000000000000e+00
1.700000000000000000e+02,1.185830385192946466e+02,2.447966875157094790e+01,-2.052412612928419464e-02,5.666496459320982240e+02,7.774709632176324270e-02,nan,5.349626258748098273e+00,1.000000000000000000e+00
1.710000000000000000e+02,5.420036882343958951e+01,8.189859570515858778e+00,-2.503357191695124856e-02,6.917069153939627313e+02,1.416650098647163070e-01,nan,2.353306952870790170e+01,1.000000000000000000e+00
1.720000000000000000e+02,1.114441035896433192e+02,3.307166055487023471e+01,-1.639986323770866936e-02,4.522743811991429084e+02,1.133776565569877270e-02,nan,1.117079742353955396e+01,1.000000000000000000e+00
1.720000000000000000e+02,3.881278023271985234e+01,3.474412555255498347e+01,-3.128617526461648091e-02,8.651059401312483033e+02,1.086999879366701283e-02,nan,1.969050410238401483e+01,1.000000000000000000e+00
1.720000000000000000e+02,6.852816258157673701e+01,2.685854156650278668e+01,-1.559688245614875924e-03,4.072230801020516111e+01,3.014636525272179624e-01,nan,1.532554437250562529e+01,1.000000000000000000e+00
1.730000000000000000e+02,8.385243589176768353e+01,2.666116419138544202e+01,-1.709922814485853593e-02,4.716693733475815975e+02,2.197044743842146985e-02,nan,1.532554437250562529e+01,1.000000000000000000e+00
1.740000000000000000e+02,2.758055118343083834e+01,1.837686226834811976e+01,-4.963278586674767928e-02,1.373899511185489018e+03,9.691786134101709749e-03,nan,1.985069965593752173e+01,1.000000000000000000e+00
1.750000000000000000e+02,1.257659490229720660e+02,1.829089703709729875e+01,-2.437559726308984043e-02,6.734597698551330041e+02,1.470917761575594174e-01,nan,9.481302581275871333e+00,1.000000000000000000e+00
1.750000000000000000e+02,2.310413513074163561e+01,4.661654825670839841e+01,-2.130664592856361741e-02,5.883507138693975094e+02,1.409638920791922434e-02,nan,1.185754453414802434e+01,1.000000000000000000e+00
1.750000000000000000e+02,1.162605490544011957e+02,4.709702155651540068e+01,-5.986712809728696356e-03,1.634938479947439589e+02,4.675860882578519728e-02,nan,1.129910186384636361e+01,1.000000000000000000e+00
1.750000000000000000e+02,1.054311002230847123e+02,5.032079898981851329e+01,-2.135495814080321225e-03,5.669077190541428735e+01,2.228575289190346531e-01,nan,1.129910186384636361e+01,1.000000000000000000e+00
1.770000000000000000e+02,9.628973038755722769e+01,1.452345578822907513e+01,-1.663957855254194138e-02,4.589222364196730837e+02,1.196330380850696429e-02,nan,1.495964572405211790e+01,1.000000000000000000e+00
1.770000000000000000e+02,7.081846142824876722e+01,4.693114137063295033e+01,-2.302421167667155141e-02,6.359827495326371718e+02,1.180032354540583306e-02,nan,6.807820982915942842e+00,1.000000000000000000e+00
1.780000000000000000e+02,6.093140999398777780e+01,1.630724779258301638e+01,-1.365079546831838610e-02,3.760364297981511186e+02,1.327143742565062290e-02,nan,1.741720231918456818e+01,1.000000000000000000e+00
1.780000000000000000e+02,6.416682043007477887e+01,3.342130797529441111e+01,-1.108169648401080044e-02,3.047894253805701510e+02,1.719077172706784395e-02,nan,1.374018858361460005e+01,1.000000000000000000e+00
1.790000000000000000e+02,1.051181079373751714e+02,2.660032417481925648e+01,-2.136996648303847099e-02,5.901067380054661271e+02,7.921156881124380433e-03,nan,1.453796850388781259e+01,1.000000000000000000e+00
1.800000000000000000e+02,2.683813155174960485e+01,3.536227648518966760e+01,-2.759569438929718524e-02,7.627604451414018740e+02,1.185649302369684577e-02,nan,1.015721856174066851e+01,1.000000000000000000e+00
1.800000000000000000e+02,3.531601053057755024e+01,5.304988050405840028e+01,-3.114064291324640521e-02,8.610699943991849068e+02,1.146245085737374048e-02,nan,1.380281364743837358e+01,1.000000000000000000e+00
1.820000000000000000e+02,6.579224630287839659e+01,5.152282821197227491e+01,-2.462348415527148074e-02,6.803342416486307229e+02,1.179012890786512724e-02,nan,6.807820982915942842e+00,1.000000000000000000e+00
1.820000000000000000e+02,1.159452648153196179e+02,3.630213854948208763e+01,-3.222088549615260110e-03,8.682447944320858824e+01,1.538925025087090059e-01,nan,9.666740265071464222e+00,1.000000000000000000e+00
1.820000000000000000e+02,5.092386484154697257e+01,3.708421796512123336e+01,-2.572191811780345783e-03,6.880135303417492310e+01,1.946003968824335795e-01,nan,1.019161123600657604e+01,1.000000000000000000e+00
1.830000000000000000e+02,1.848514171641831538e+01,4.398689429395046346e+01,-2.668487197796640814e-02,7.375012516420101747e+02,6.283519377076718371e-02,nan,6.538911502655146535e+00,1.000000000000000000e+00
1.830000000000000000e+02,1.166738953203990405e+02,4.594137943968820537e+01,-1.559420698670050710e-02,4.299316864157806322e+02,1.581011896949890971e-02,nan,9.666740265071464222e+00,1.000000000000000000e+00
1.830000000000000000e+02,5.191511667607747071e+00,2.998341567643240069e+01,-5.695991476214904391e-03,1.554314789464277169e+02,4.243095195445889534e-02,nan,1.401815171447258024e+01,1.000000000000000000e+00
1.840000000000000000e+02,5.820429387718999692e+01,2.995229728112162348e+01,-9.541805742129412168e-03,2.620847249546406488e+02,7.407658625371082994e-02,nan,6.535679794781459329e+00,1.000000000000000000e+00
1.840000000000000000e+02,5.716215116633120630e+01,1.509266906399620467e+01,-1.552054010347823226e-02,4.278887348648962075e+02,2.136072896634046980e-01,nan,5.546154505319488948e+00,1.000000000000000000e+00
1.840000000000000000e+02,5.514484792329509055e+00,7.801045410580949024e+00,-1.643930903706624985e-03,4.305855004286831900e+01,2.840123260917553072e-01,nan,2.218472136968646069e+01,1.000000000000000000e+00
1.850000000000000000e+02,1.693812686922798250e+01,3.763361886295201941e+01,-2.970497451318179077e-02,8.212556184384419566e+02,5.155851429164026722e-02,nan,6.538911502655146535e+00,1.000000000000000000e+00
1.860000000000000000e+02,7.296933855468635954e+01,2.418572696447817094e+01,-1.190653638018799969e-02,3.276641266224036713e+02,1.781076073045095853e-02,nan,1.274420150917638317e+01,1.000000000000000000e+00
1.860000000000000000e+02,5.179136949811496748e+01,1.647633595643385362e+01,-1.930761838747181366e-02,5.329130974439566444e+02,1.061027717847441432e-01,nan,5.546154505319488948e+00,1.000000000000000000e+00
1.860000000000000000e+02,6.023295381650168423e+01,2.373943568355271339e+01,-9.590926956805148618e-03,2.634469688465171089e+02,9.686535443027755043e-02,nan,6.535679794781459329e+00,1.000000000000000000e+00
1.880000000000000000e+02,1.127795724119587533e+02,7.217054088963899439e+00,-1.993643926155876447e-02,5.503517418354707615e+02,1.380972887669540405e-02,nan,1.528045167218305700e+01,1.000000000000000000e+00
1.890000000000000000e+02,4.828527218503565166e+01,5.709081899697786788e+00,-2.386385547801539095e-02,6.592679970022522866e+02,1.598860047589367728e-02,nan,1.057805850930453495e+01,1.000000000000000000e+00
1.890000000000000000e+02,8.494354077272157610e+01,4.063188219410564272e+01,-1.912225603525488302e-02,5.277725744793219746e+02,2.168506474668907558e-02,nan,1.451586652614161466e+01,1.000000000000000000e+00
1.890000000000000000e+02,5.364918471015555923e+01,5.232345029734424458e+01,-1.753107171135767292e-02,4.836453854350880306e+02,1.859753851441281469e-02,nan,1.835282992237713273e+01,1.000000000000000000e+00
1.900000000000000000e+02,1.053845081540747373e+02,3.534589829733053534e+01,-1.121776709985197046e-02,3.085629754956707984e+02,2.355113360802368883e-01,nan,6.659401011770582635e+00,1.000000000000000000e+00
1.930000000000000000e+02,9.879032879258718935e+01,3.627564040356362085e+01,-3.656748345510900389e-02,1.011568723494980873e+03,1.192349486251975677e-02,nan,6.659401011770582635e+00,1.000000000000000000e+00
1.930000000000000000e+02,9.781607972231566350e+01,1.031319520863525696e+01,-2.204667042088156309e-02,6.088732895254323694e+02,3.612909727032531659e-02,nan,1.105401079116451335e+01,1.000000000000000000e+00
1.930000000000000000e+02,5.382000239275610909e+01,1.472363032732391908e+01,-1.771857801190660983e-02,4.888453650019068277e+02,2.091932708617425529e-01,nan,4.259950210967963002e+00,1.000000000000000000e+00
1.940000000000000000e+02,2.252418966834836667e+01,1.245561852273448977e+01,-3.690563280405833452e-02,1.020946380138634254e+03,9.242057735285635900e-03,nan,6.584368874927682747e+00,1.000000000000000000e+00
1.940000000000000000e+02,1.175274516630222621e+02,2.945243612288461321e+01,-2.984993432982716716e-02,8.252756864700706956e+02,9.313275405390730732e-03,nan,1.022193672273967380e+01,1.000000000000000000e+00
1.950000000000000000e+02,3.112931405103294580e+01,4.761201545557140946e+01,-5.578502736708038263e-03,1.521732468604741655e+02,2.218187881449406040e-01,nan,6.435985192306450386e+00,1.000000000000000000e+00
1.960000000000000000e+02,1.335290747511079701e+02,5.304498920636709158e+01,-8.648259401431202670e-03,2.373046364987663992e+02,3.583464101080924280e-02,nan,2.385998775253076687e+01,1.000000000000000000e+00
1.960000000000000000e+02,1.301043696857510668e+02,2.106167419328631141e+01,-1.182800669755556481e-03,3.027035152810900698e+01,3.720224358498032124e-01,nan,1.389283934003061916e+01,1.000000000000000000e+00
1.970000000000000000e+02,5.004904265044439882e+01,1.670530598741322592e+01,-3.320697408370056058e-02,9.183740947584050218e+02,4.193529624717462490e-02,nan,4.259950210967963002e+00,1.000000000000000000e+00
1.970000000000000000e+02,4.618465484112994091e+01,3.385866475741196524e+01,-2.302036936305842593e-02,6.358761933677559455e+02,1.058988174795905124e-02,nan,1.024761843264086458e+01,1.000000000000000000e+00
1.970000000000000000e+02,8.576171471530346935e+01,2.778972753575890309e+01,-1.820639589421692642e-03,4.795908699713422862e+01,2.417791980811699881e-01,nan,1.554848873604020554e+01,1.000000000000000000e+00
1.980000000000000000e+02,1.141645324003850135e+02,3.910535093638407034e+01,-1.262997762590640713e-02,3.477268108336355681e+02,1.497059932829847284e-02,nan,1.022193672273967380e+01,1.000000000000000000e+00
1.980000000000000000e+02,2.469429653509327593e+01,4.772361727068901871e+01,-1.866970994943227199e-02,5.152224340710680508e+02,1.339414871156019426e-02,nan,6.435985192306450386e+00,1.000000000000000000e+00
1.980000000000000000e+02,4.557424097364086180e+01,7.239851860612286139e+00,-1.495895021500668817e-02,4.123145598295249101e+02,2.168979619252375812e-02,nan,1.046989359417261056e+01,1.000000000000000000e+00
1.990000000000000000e+02,6.503773804208887555e+01,5.548843407500683611e+00,-2.060311636610040117e-02,5.688402262817716064e+02,8.480145893020929471e-03,nan,1.358909066497280449e+01,1.000000000000000000e+00
1.990000000000000000e+02,1.671739666916379363e+01,9.351577842308817168e+00,-2.811678917775302031e-02,7.772115982195294919e+02,2.868733905239079229e-01,nan,6.584368874927682747e+00,1.000000000000000000e+00
1.990000000000000000e+02,5.666984155615297425e+01,3.278474274898928087e+01,-1.139246833062272646e-02,3.134078411223003968e+02,3.314282133730817037e-02,nan,1.054004027170058500e+01,1.000000000000000000e+00
2.010000000000000000e+02,1.041475436577961062e+02,2.686401682472263985e+01,-1.931489339534482597e-02,5.331148500900135332e+02,1.151974029789359921e-02,nan,1.156329809700002542e+01,1.000000000000000000e+00
2.010000000000000000e+02,1.439971982833639288e+02,2.104439746753633145e+01,-2.260880634198091446e-02,6.244626072973362625e+02,6.231944518305776448e-03,nan,1.389283934003061916e+01,1.000000000000000000e+00
2.010000000000000000e+02,3.604238101720493859e+01,3.239307094549594268e+01,-9.408063088723526285e-03,2.583757345746548140e+02,2.609659000732811318e-02,nan,1.024761843264086458e+01,1.000000000000000000e+00
2.020000000000000000e+02,7.294891389121993086e+00,4.315078584123803296e+01,-2.371259617012075327e-02,6.550732296368857988e+02,2.197780437056706671e-02,nan,8.597328362791479606e+00,1.000000000000000000e+00
2.030000000000000000e+02,7.862220294630837714e+01,5.194303752624613857e+00,-1.867647771931476696e-03,4.926273166298570771e+01,2.567591900647109293e-01,nan,1.358909066497280449e+01,1.000000000000000000e+00
2.030000000000000000e+02,1.154937964778138735e+02,1.919367874944682129e+01,-7.005157437623665308e-03,1.917376522801794181e+02,4.391580788841764615e-02,nan,1.369567593238052261e+01,1.000000000000000000e+00
2.030000000000000000e+02,1.469430831191699482e+01,4.752830616447055689e+01,-3.147145573053568984e-02,8.702441922011253155e+02,3.115459897489780694e-02,nan,8.597328362791479606e+00,1.000000000000000000e+00
2.040000000000000000e+02,3.525590457949425627e+01,8.057587318694501732e+00,-2.463823663613950304e-02,6.807433617627228841e+02,1.072629966532412382e-02,nan,1.499156509446648755e+01,1.000000000000000000e+00
2.040000000000000000e+02,8.736038175820610263e+01,3.813843317335300043e+01,-1.374260055143848060e-02,3.785823952134839487e+02,1.826294346714629757e-02,nan,1.305425835355750408e+01,1.000000000000000000e+00
2.040000000000000000e+02,1.101187038543243233e+02,3.899903349103094996e+01,-2.345489206664305715e-02,6.479265040684847463e+02,9.913448477007258397e-03,nan,1.352454744470894887e+01,1.000000000000000000e+00
2.040000000000000000e+02,2.580014080971976753e+01,1.969096840554307803e+01,-1.962894644156555537e-03,5.190414578039851534e+01,2.332629825346953512e-01,nan,1.376223958307300954e+01,1.000000000000000000e+00
2.050000000000000000e+02,9.460949357634316925e+01,2.032678013604598988e+01,-2.693914226794565103e-02,7.445527496901842142e+02,4.740159969514601279e-02,nan,5.592650487243974844e+00,1.000000000000000000e+00
2.050000000000000000e+02,1.708038519324569648e+01,3.443204877891685811e+01,-1.700142689864193174e-02,4.689571205835576393e+02,1.335424230414905544e-02,nan,1.310619185547183463e+01,1.000000000000000000e+00
2.050000000000000000e+02,6.282425340288038740e+01,2.102899040043288537e+01,-1.588745223887568555e-03,4.152812462996223530e+01,3.246323305114148239e-01,nan,4.894044349491658785e+00,1.000000000000000000e+00
2.080000000000000000e+02,8.351385383798382023e+00,7.179911722296390408e+00,-1.879437593332131118e-02,5.186797075973577194e+02,1.510432322491173096e-02,nan,1.604669756303914596e+01,1.000000000000000000e+00
2.080000000000000000e+02,9.638513559004974240e+01,2.563006543024149764e+01,-2.124314259317188272e-02,5.865896207994840097e+02,7.639879266380311673e-02,nan,5.592650487243974844e+00,1.000000000000000000e+00
2.100000000000000000e+02,1.335525387078808137e+02,6.743068729081809209e+00,-1.339232942645916108e-02,3.688685739317093066e+02,1.071705671252443093e-02,nan,4.124412660858109092e+01,1.000000000000000000e+00
2.100000000000000000e+02,3.864883940966834075e+01,2.109985219729163219e+01,-1.736678403146937888e-03,4.563065082322206223e+01,2.524824131925110793e-01,nan,6.016578879759494569e+00,1.000000000000000000e+00
2.110000000000000000e+02,6.058481232368258418e+01,4.225065796653106531e+01,-8.111248777120761561e-03,2.224121008058118605e+02,1.568313676553123592e-02,nan,1.455338526331060933e+01,1.000000000000000000e+00
2.110000000000000000e+02,8.408931801536600403e+01,5.318333967215681923e+01,-3.316382569318664097e-02,9.171774909730568197e+02,9.318355018631951925e-02,nan,1.352505257438985353e+01,1.000000000000000000e+00
2.120000000000000000e+02,6.611835875017874287e+01,9.998181639402059062e+00,-1.136594796702292305e-02,3.126723706425359524e+02,1.514999245552950402e-02,nan,1.540428227799512229e+01,1.000000000000000000e+00
2.130000000000000000e+02,8.152720831191263073e+01,3.990317999663033532e+01,-1.750218240574845374e-02,4.828442187626735631e+02,2.873572127292967071e-02,nan,7.608758101498033888e+00,1.000000000000000000e+00
2.130000000000000000e+02,1.095632206628768586e+02,4.682569185203401219e+01,-2.336047472627699600e-02,6.453080947711995350e+02,1.054927850662767952e-02,nan,1.713839246082368106e+01,1.000000000000000000e+00
2.130000000000000000e+02,4.160468031482319162e+01,1.585941080750571430e+01,-1.579614176212037167e-03,4.127489974526552885e+01,3.350515095656018127e-01,nan,6.016578879759494569e+00,1.000000000000000000e+00
2.150000000000000000e+02,7.372819183902568341e+01,3.527631683839535981e+01,-1.536679989245913307e-02,4.236251663684921027e+02,5.782986426497860322e-02,nan,6.458258480701688953e+00,1.000000000000000000e+00
2.150000000000000000e+02,5.442900089317147660e+01,2.003067013383737915e+01,-1.556307376417560796e-03,4.062854875682189970e+01,3.174956937243973432e-01,nan,1.348564431770896910e+01,1.000000000000000000e+00
2.160000000000000000e+02,1.388118602395485937e+02,2.760579165250748446e+01,-1.453324252670409704e-02,4.005087097107264071e+02,1.606504758817839384e-02,nan,2.625006307764383351e+01,1.000000000000000000e+00
2.160000000000000000e+02,3.226524873636266477e+01,4.109737465096618791e+01,-1.450900897745118455e-02,3.998366578352548686e+02,2.455699568557634382e-02,nan,8.429595445604578074e+00,1.000000000000000000e+00
2.170000000000000000e+02,1.126685686441421979e+02,2.997098004623711631e+01,-2.731790751757939492e-02,7.550567783705563443e+02,9.409702364816419085e-03,nan,1.491205229480887162e+01,1.000000000000000000e+00
2.170000000000000000e+02,2.823800890015328946e+01,9.803351606692050524e+00,-1.443819691396584131e-03,3.750900737653016392e+01,2.625380053833907823e-01,nan,1.026066097577981218e+01,1.000000000000000000e+00
2.170000000000000000e+02,3.409301865573879553e+01,3.245063040627540119e+01,-1.237133156315583203e-02,3.405539625751840731e+02,7.912842706444300767e-02,nan,5.118484018177966277e+00,1.000000000000000000e+00
2.180000000000000000e+02,1.118489080492186787e+02,1.508147165434438186e+01,-1.761045135394430014e-02,4.858467648994762840e+02,8.852772755001181437e-03,nan,1.491205229480887162e+01,1.000000000000000000e+00
2.180000000000000000e+02,7.100187534086813912e+01,4.113091340480617220e+01,-1.777022891202796259e-02,4.902777628704186554e+02,4.757509955281080671e-02,nan,6.458258480701688953e+00,1.000000000000000000e+00
2.180000000000000000e+02,5.453736947763657383e+01,5.772867995929215290e+00,1.409534173413645036e-03,-3.655819136433673577e+01,3.186225255748531549e-01,nan,1.425821396787962314e+01,1.000000000000000000e+00
2.200000000000000000e+02,5.611442594410270601e+00,1.752614365788484818e+01,-1.887629563401354085e-02,5.209515286960217963e+02,1.716181998893684391e-02,nan,1.239558607592021211e+01,1.000000000000000000e+00
2.200000000000000000e+02,2.723978732542180836e+01,4.786515249777098546e+01,-1.387221204559847126e-02,3.821768190770218325e+02,1.760630091821613341e-02,nan,8.429595445604578074e+00,1.000000000000000000e+00
2.210000000000000000e+02,7.902973770053684177e+01,1.442182399387236558e+01,-2.630090161241359706e-02,7.268528731646297274e+02,1.550649976237949978e-02,nan,1.254424270120438223e+01,1.000000000000000000e+00
2.210000000000000000e+02,3.470902594196560642e+01,2.736934969491347758e+01,-1.445501410569480054e-02,3.983392562598186259e+02,2.502746436741898339e-02,nan,5.118484018177966277e+00,1.000000000000000000e+00
2.210000000000000000e+02,5.631256573214550087e+00,5.206880319556199055e+01,-1.926705741001548400e-02,5.317882485542625091e+02,9.928759240898199501e-03,nan,2.201361579700449056e+01,1.000000000000000000e+00
2.210000000000000000e+02,2.519564096888657190e+01,3.047119291086173121e+01,-6.437656971372011407e-03,1.759995633731425642e+02,5.060147899736400223e-02,nan,9.114905512441989544e+00,1.000000000000000000e+00
2.230000000000000000e+02,1.079687464338611846e+01,6.267287204807511891e+00,-3.502300049577498908e-02,9.687366703515685913e+02,1.056068687732869549e-02,nan,1.239558607592021211e+01,1.000000000000000000e+00
2.240000000000000000e+02,6.625113818560353707e+01,1.149994506757910173e+01,-2.448042953671217964e-02,6.763670091275384948e+02,1.191069591155680119e-02,nan,1.310839357140951833e+01,1.000000000000000000e+00
2.240000000000000000e+02,1.108842401701417657e+02,4.379068116891756546e+01,-2.951225116631275847e-02,8.159109582172440014e+02,1.037256034001099447e-02,nan,1.478151143452337912e+01,1.000000000000000000e+00
2.250000000000000000e+02,3.956977421661485295e+01,5.145441195382877453e+01,-1.770440807063530797e-02,4.884524000462861295e+02,1.641612042931952509e-01,nan,1.284178181483755665e+01,1.000000000000000000e+00
2.260000000000000000e+02,9.653569338459203664e+01,4.023930320651537329e+01,-1.693797721716445298e-02,4.671975154596864286e+02,2.249841273429165067e-02,nan,1.003531037668078518e+01,1.000000000000000000e+00
2.260000000000000000e+02,9.126233997939922915e+01,4.877740593606006314e+01,-1.979649684876483295e-02,5.464708179148909721e+02,1.412212606921592339e-02,nan,1.003531037668078518e+01,1.000000000000000000e+00
2.260000000000000000e+02,9.157370357768333236e+01,1.450516077869097487e+01,-1.239284550142728900e-03,3.183677901885499040e+01,3.608430220336574790e-01,nan,4.137324169264483764e+00,1.000000000000000000e+00
2.280000000000000000e+02,2.922277669911204256e+01,1.787589360408051675e+01,-1.563118119026130071e-02,4.309570658427794001e+02,2.019384717021421860e-02,nan,1.410421777489334083e+01,1.000000000000000000e+00
2.300000000000000000e+02,1.074184510329794051e+02,1.873191828681477134e+01,-2.032620884831696020e-02,5.611609460114182184e+02,1.340991853793493949e-02,nan,9.046640074636977502e+00,1.000000000000000000e+00
2.300000000000000000e+02,1.352420319535936812e+02,4.726455278133173010e+01,-4.146331778279797875e-03,1.124558629740884470e+02,1.075781601443700497e-01,nan,3.229167789249230935e+01,1.000000000000000000e+00
2.310000000000000000e+02,8.281383727069396627e+01,2.973000831046915238e+01,-2.643312287917353939e-02,7.305196720051900456e+02,9.128220020119370837e-03,nan,1.728394094014975835e+01,1.000000000000000000e+00
2.320000000000000000e+02,6.880791792464628998e+01,5.647564948780712690e+00,-2.225944774441972543e-02,6.147740924928082222e+02,1.204089546046482884e-02,nan,2.780621413860159308e+01,1.000000000000000000e+00
2.320000000000000000e+02,1.097203648326909899e+02,2.748079761497589857e+01,-1.316604390571883901e-02,3.625931576887787173e+02,3.332942846693887073e-02,nan,9.046640074636977502e+00,1.000000000000000000e+00
2.330000000000000000e+02,4.137059039535547811e+01,1.070933365924103420e+01,-1.627991975065930241e-02,4.489480733364002276e+02,2.088962476718592143e-02,nan,1.075849205240586315e+01,1.000000000000000000e+00
2.340000000000000000e+02,3.206334504718462597e+01,5.313007569146759757e+00,-1.545158056433423854e-02,4.259763287567482735e+02,2.948285479094592265e-02,nan,6.171412939797106922e+00,1.000000000000000000e+00
2.340000000000000000e+02,3.385153526030082816e+01,3.406758503665069071e+01,-1.633683669109161143e-02,4.505265105749751910e+02,1.710176831109544437e-02,nan,1.093401124436769045e+01,1.000000000000000000e+00
2.350000000000000000e+02,1.277818573388398278e+02,6.448956485978122544e+00,-1.357120368939274645e-02,3.738291673067658394e+02,1.501409532280173487e-02,nan,6.593398462145363403e+00,1.000000000000000000e+00
2.360000000000000000e+02,1.318233166847648761e+02,4.575458605918117172e+01,-3.730227473892258616e-02,1.031946170282215462e+03,8.242458355848913953e-03,nan,1.150424667276161372e+01,1.000000000000000000e+00
2.360000000000000000e+02,1.002603172429040228e+02,5.249991450166186979e+01,-2.041588156642081334e-02,5.636477760564674782e+02,1.316093374457460996e-02,nan,2.228357374318090933e+01,1.000000000000000000e+00
2.360000000000000000e+02,4.250737125193553823e+01,2.738708317093130162e+01,-1.389449162057968326e-02,3.827946827665114142e+02,1.330553520299082582e-02,nan,1.093401124436769045e+01,1.000000000000000000e+00
2.370000000000000000e+02,7.481263986714337477e+01,3.279768205930274405e+01,-1.308066113596091477e-02,3.602252977459405656e+02,1.645108309102449873e-02,nan,1.664434736986881447e+01,1.000000000000000000e+00
2.390000000000000000e+02,3.477595397309654146e+01,1.085629995621765786e+01,-1.910604999805114515e-02,5.273231439158057583e+02,9.599141680155964806e-03,nan,6.171412939797106922e+00,1.000000000000000000e+00
2.390000000000000000e+02,1.316290571544009822e+02,1.180357662747901770e+01,-4.685721249619799120e-03,1.274143695486084624e+02,1.978086196202634151e-01,nan,6.593398462145363403e+00,1.000000000000000000e+00
2.400000000000000000e+02,8.750672174687811378e+01,1.803714777622777987e+01,-1.910571885224236766e-02,5.273139604833863814e+02,3.308656119194630651e-02,nan,8.640065080942383346e+00,1.000000000000000000e+00
2.400000000000000000e+02,9.614410373999349702e+01,1.825245432031331916e+01,-2.576014743833962214e-02,7.118565202547563331e+02,2.854774038701468619e-02,nan,8.640065080942383346e+00,1.000000000000000000e+00
2.410000000000000000e+02,1.023110891814381631e+02,8.576207486316695494e+00,-2.825439954415103969e-02,7.810278491474037992e+02,1.566048011090270808e-02,nan,1.147438286913157413e+01,1.000000000000000000e+00
2.410000000000000000e+02,9.067978865584602488e+01,2.777096457310650734e+01,-1.560565829338684228e-02,4.302492574019714766e+02,2.610130540391031317e-02,nan,1.023794623173933438e+01,1.000000000000000000e+00
2.420000000000000000e+02,4.590809792122002619e+01,2.770622803170167003e+01,-1.205874279244064295e-03,3.091023561478631265e+01,3.371821358495231680e-01,nan,1.245670770972862584e+01,1.000000000000000000e+00
2.430000000000000000e+02,1.398401901314768736e+02,8.412783198754762992e+00,-1.897017624816095538e-02,5.235550533448349597e+02,1.450972298494135337e-02,nan,8.883703329327403253e+00,1.000000000000000000e+00
2.430000000000000000e+02,4.771576229330372598e+01,4.973141009682993996e+01,-2.120933217596568561e-03,5.628691772060209786e+01,2.077887668052803560e-01,nan,8.755958823008487713e+00,1.000000000000000000e+00
2.440000000000000000e+02,2.458346219473028071e+01,1.414378237571278873e+01,-1.713272338462880351e-02,4.725982731332484263e+02,1.132945368540705378e-02,nan,1.070954851105093830e+01,1.000000000000000000e+00
2.440000000000000000e+02,6.224481652954563771e+01,3.148773964420903226e+01,-2.943059345156548781e-02,8.136464025894287033e+02,1.111020880646362841e-01,nan,4.333830655574802293e+00,1.000000000000000000e+00
2.440000000000000000e+02,7.553804154269751336e+01,4.667011772505865252e+01,-2.127368106668581227e-02,5.874365226785640743e+02,9.861840440544167308e-03,nan,2.017955488706700251e+01,1.000000000000000000e+00
2.440000000000000000e+02,3.004726094705452866e+01,3.667942054255565409e+01,-1.436150092226027566e-03,3.729631180920347333e+01,3.651365627649503232e-01,nan,1.478558376003437935e+01,1.000000000000000000e+00
2.450000000000000000e+02,3.906925116100836703e+01,6.343424694069057068e+00,-1.475192089761267382e-03,3.837903590346958538e+01,3.438490361315453825e-01,nan,1.645246674323100677e+01,1.000000000000000000e+00
2.460000000000000000e+02,5.812294657958548783e+01,3.014898041760574543e+01,-1.716079875071106070e-02,4.733768673966480947e+02,3.360511100166140297e-01,nan,4.333830655574802293e+00,1.000000000000000000e+00
2.470000000000000000e+02,4.713382727723015364e+01,4.099481084155402755e+01,-2.586957327152757807e-02,7.148911494645143421e+02,1.322210879110885529e-02,nan,8.755958823008487713e+00,1.000000000000000000e+00
2.490000000000000000e+02,1.376083311753450573e+02,4.104389478666323043e+01,-1.740291091373782212e-02,4.800911927122866700e+02,1.426597374482996283e-02,nan,2.075320673656749904e+01,1.000000000000000000e+00
2.490000000000000000e+02,4.412479823417128699e+01,3.215875343970128597e+01,-1.987203724799358959e-02,5.485657263596148141e+02,1.399252658984362352e-02,nan,9.334354085356329378e+00,1.000000000000000000e+00
2.500000000000000000e+02,7.366555623398598129e+01,2.955426252595338710e+01,-2.522741705054541358e-02,6.970826853327113213e+02,1.190177652743173997e-02,nan,1.123660873480911881e+01,1.000000000000000000e+00
2.500000000000000000e+02,1.609973563693067433e+01,5.010177939065443553e+01,-2.901975379464662858e-02,8.022528770654191703e+02,9.438619553566396370e-03,nan,3.234272283053500274e+01,1.000000000000000000e+00
2.530000000000000000e+02,5.032278857171516506e+01,1.815351470814667323e+01,-2.974448983921306605e-02,8.223514690169945425e+02,1.074682796766446291e-02,nan,8.840406669958923658e+00,1.000000000000000000e+00
2.540000000000000000e+02,8.836924941141023737e+01,2.518169223496049725e+01,-2.147638409123460088e-02,5.930579422399349596e+02,1.238148350527934483e-02,nan,1.534007705344097339e+01,1.000000000000000000e+00
2.540000000000000000e+02,6.244105072484938290e+01,2.903286830413008701e+01,-2.274452937855471479e-02,6.282265182425375087e+02,2.281499759615313039e-02,nan,5.385669725179626610e+00,1.000000000000000000e+00
2.540000000000000000e+02,2.213266611033576936e+01,1.267737660800927735e+01,1.861546620037741800e-03,-4.909353273426385300e+01,2.687273140913828406e-01,nan,9.139823951522405565e+00,1.000000000000000000e+00
2.540000000000000000e+02,1.399559088059012524e+01,1.683963423702294904e+01,-1.538495463213050132e-03,4.013458357038149416e+01,3.175756025262530535e-01,nan,9.139823951522405565e+00,1.000000000000000000e+00
2.540000000000000000e+02,1.292060550520528182e+02,2.206766371200923871e+01,-2.259685863133402417e-03,6.013484666763650210e+01,2.484271461453223528e-01,nan,1.235358453899528897e+01,1.000000000000000000e+00
2.560000000000000000e+02,5.552642787945048042e+01,4.531828526204164120e+01,-1.622993438516271997e-03,4.247790613462588283e+01,2.908473649344860412e-01,nan,1.699738801683670886e+01,1.000000000000000000e+00
2.570000000000000000e+02,3.597373708848075324e+01,5.218204119432807886e+01,1.594560995995353541e-03,-4.168940932299506841e+01,3.307634322783198355e-01,nan,1.463297991667820419e+01,1.000000000000000000e+00
2.580000000000000000e+02,2.361450737390157073e+01,3.991556389711386288e+01,-1.737772953429468680e-03,4.566100521178049121e+01,3.198497569759728432e-01,nan,1.362123944735476577e+01,1.000000000000000000e+00
2.590000000000000000e+02,5.709349274237354877e+01,2.839328874475112841e+01,-2.169517692267300402e-02,5.991255690317567542e+02,1.948657838015466215e-02,nan,5.385669725179626610e+00,1.000000000000000000e+00
2.590000000000000000e+02,1.196860220015301479e+02,2.994040285915869148e+01,-2.696266453494381224e-02,7.452050760781381769e+02,8.021438894225019212e-03,nan,1.235358453899528897e+01,1.000000000000000000e+00
2.590000000000000000e+02,7.401984486649922701e+01,4.670669744621302044e+01,-2.376595264461846962e-03,6.337701237778696139e+01,2.567939993584419378e-01,nan,1.582671602945711520e+01,1.000000000000000000e+00
2.610000000000000000e+02,7.614945373791678662e+01,1.990002838258561368e+01,-8.980989415801931067e-03,2.465320025708923311e+02,2.897271210335750080e-02,nan,1.109742521392305292e+01,1.000000000000000000e+00
2.610000000000000000e+02,4.066346046763580802e+01,2.554102953308475676e+01,-2.638165895257805343e-02,7.290924593411815522e+02,1.371318495538753623e-02,nan,1.258108119680879255e+01,1.000000000000000000e+00
2.610000000000000000e+02,3.703534368340986305e+01,3.758762127850029344e+01,-2.017682794667658222e-02,5.570182711576726433e+02,1.388857419568090279e-02,nan,9.564136892254124334e+00,1.000000000000000000e+00
2.620000000000000000e+02,1.239602449120950212e+02,9.897893575019159229e+00,-1.111024248584243854e-02,3.055810714522185663e+02,2.247769179530345607e-02,nan,1.912253802717076567e+01,1.000000000000000000e+00
2.630000000000000000e+02,2.166627802354677712e+01,1.069794310334297549e+01,-1.190413472624371471e-03,3.048147200378457100e+01,3.602159061558465325e-01,nan,2.410830055343571843e+01,1.000000000000000000e+00
2.630000000000000000e+02,1.077434511717191867e+02,3.840807109046679813e+01,-1.420803529111462757e-03,3.687071643249876018e+01,3.408878464129315722e-01,nan,1.463989082269933562e+01,1.000000000000000000e+00
2.640000000000000000e+02,6.239290492578021485e+01,4.963719411222522915e+00,-1.645475908775202376e-02,4.537967689679426826e+02,3.746810210243411987e-02,nan,9.708500626788545418e+00,1.000000000000000000e+00
2.640000000000000000e+02,7.461813879532817850e+01,3.089129404788640088e+01,-1.549008610151781686e-02,4.270441755756434645e+02,1.903590957069056788e-02,nan,1.109742521392305292e+01,1.000000000000000000e+00
2.640000000000000000e+02,1.359320285370370129e+02,3.316686093484544529e+01,-1.808184167793299877e-03,4.761366960169662121e+01,3.081628680529899800e-01,nan,1.656329556778771206e+01,1.000000000000000000e+00
2.640000000000000000e+02,4.628343448005819738e+01,4.002596725697110003e+01,-1.990064669209039988e-02,5.493591318307157962e+02,2.100936988887924795e-02,nan,9.564136892254124334e+00,1.000000000000000000e+00
2.640000000000000000e+02,9.365326061454267403e+01,4.968669060392348058e+01,-1.652107002307624892e-03,4.328529200053602466e+01,2.913246122404661298e-01,nan,1.804828878500319078e+01,1.000000000000000000e+00
2.640000000000000000e+02,1.256293796491982988e+02,5.277384078706999304e+01,-1.777681865288403135e-02,4.904605114911415171e+02,2.190367657362889409e-01,nan,6.173661671001188900e+00,1.000000000000000000e+00
2.660000000000000000e+02,4.921442418661268903e+01,9.311806684301721759e+00,-1.519016955241494528e-02,4.187268021192847982e+02,1.400312117772239962e-02,nan,1.387725540324608708e+01,1.000000000000000000e+00
2.660000000000000000e+02,6.677130036571146832e+01,1.362885863641347051e+01,-3.977764661907579741e-02,1.100593907235007237e+03,2.533799778820478021e-02,nan,9.050603250279158019e+00,1.000000000000000000e+00
2.660000000000000000e+02,1.214323961992259342e+02,4.824621134677264678e+01,-2.563356433532158751e-02,7.083460806200810111e+02,8.620157627470370620e-02,nan,6.173661671001188900e+00,1.000000000000000000e+00
2.670000000000000000e+02,1.055385677314893940e+02,1.502753980591519145e+01,-1.973541494943222355e-02,5.447768768179670360e+02,1.042310909058374868e-02,nan,1.912253802717076567e+01,1.000000000000000000e+00
2.670000000000000000e+02,1.078798186040364904e+01,3.536571523660706617e+01,-2.804791145954865436e-02,7.753014611936096117e+02,1.246565650204300990e-02,nan,2.695990188097306373e+01,1.000000000000000000e+00
2.670000000000000000e+02,6.276261023644203618e+01,2.174327929604540088e+01,-2.497819590466107340e-02,6.901712116253011118e+02,1.421806512738678085e-01,nan,9.050603250279158019e+00,1.000000000000000000e+00
2.700000000000000000e+02,8.832186783909010330e+01,5.453312477488823973e+00,-2.250905433450979543e-02,6.216962554516626369e+02,1.226215320228218886e-02,nan,5.454838097074947711e+00,1.000000000000000000e+00
2.700000000000000000e+02,1.304817638148444132e+02,4.992112822601999511e+01,-3.155389485369054781e-02,8.725304180754384333e+02,2.283640731976355198e-02,nan,9.203064750124935856e+00,1.000000000000000000e+00
2.710000000000000000e+02,1.401102889322107501e+02,1.426146107642149374e+01,-1.825137977696196512e-02,5.036211793790334923e+02,1.216835451875386553e-02,nan,1.037396731089796909e+01,1.000000000000000000e+00
2.710000000000000000e+02,3.377683272476907916e+01,9.723091444389835303e+00,-3.597773656651936675e-03,9.724308870822896722e+01,1.131327119851811558e-01,nan,9.899901865549017188e+00,1.000000000000000000e+00
2.730000000000000000e+02,1.208037663487367155e+02,1.916410895989267971e+01,-2.251893423537108460e-02,6.219702477519240347e+02,9.158755108725324945e-03,nan,1.222242796732805914e+01,1.000000000000000000e+00
2.730000000000000000e+02,1.225813791051372590e+02,4.483803544799176422e+01,-3.053059820139653047e-02,8.441520560302963077e+02,4.197296241380832349e-02,nan,4.589678827101539405e+00,1.000000000000000000e+00
2.730000000000000000e+02,4.614829102200199173e+01,4.523881434622681752e+01,-1.120498846447035186e-02,3.082085946418983440e+02,1.930736530973287124e-02,nan,1.965451419944404421e+01,1.000000000000000000e+00
2.740000000000000000e+02,1.093639127270257774e+02,3.092251121403712943e+01,-2.980897862952556002e-02,8.241398910109868439e+02,8.748869860598862402e-03,nan,1.580283920622728466e+01,1.000000000000000000e+00
2.740000000000000000e+02,1.309714229891051787e+02,9.352252683867277483e+00,-1.551759453096168348e-02,4.278070473863752454e+02,1.247615870547036376e-02,nan,1.037396731089796909e+01,1.000000000000000000e+00
2.740000000000000000e+02,1.428826458812298767e+02,2.494754145694726333e+01,-1.401735942158699672e-03,3.634192853442473847e+01,3.709822227461297972e-01,nan,1.103984949860424614e+01,1.000000000000000000e+00
2.750000000000000000e+02,7.867775173585989990e+01,4.601860679762240380e+01,-2.614969490657878884e-02,7.226595645749710002e+02,1.293780536367694634e-02,nan,3.253880591849797099e+01,1.000000000000000000e+00
2.750000000000000000e+02,3.107744838434824786e+01,1.924786866646656591e+01,-1.494579383957781804e-03,3.891669001633214720e+01,3.234613737176383896e-01,nan,9.899901865549017188e+00,1.000000000000000000e+00
2.760000000000000000e+02,4.088044745489843024e+01,2.630340432772779380e+01,-2.595429578222813172e-02,7.172406989100674082e+02,1.262056829532098856e-02,nan,9.992752590982314942e+00,1.000000000000000000e+00
2.770000000000000000e+02,4.978757171036582108e+00,1.066985209583975269e+01,-2.532810823148429896e-02,6.998750826116730650e+02,1.213244339946051298e-02,nan,2.747224146904907727e+01,1.000000000000000000e+00
2.770000000000000000e+02,1.180384581205944698e+02,4.418456726655908540e+01,-2.193462035904872320e-02,6.057658844393856725e+02,7.324998191329590291e-02,nan,4.589678827101539405e+00,1.000000000000000000e+00
2.780000000000000000e+02,1.251630977688302266e+02,3.058268921254706285e+01,-1.269009748896902066e-02,3.493940724593532536e+02,2.043969736664709158e-01,nan,4.952704234514634152e+00,1.000000000000000000e+00
2.810000000000000000e+02,5.043941702771466140e+01,2.339115347133557066e+01,-3.402035873731974747e-02,9.409311158633032619e+02,9.739767050310210728e-03,nan,9.992752590982314942e+00,1.000000000000000000e+00
2.810000000000000000e+02,2.877162557348123784e+01,4.678145819410521966e+01,-1.836625448268599387e-02,5.068069183155946007e+02,1.229867061501497272e-01,nan,1.678159408300868094e+01,1.000000000000000000e+00
2.810000000000000000e+02,1.290579115816201465e+02,3.364205264278545826e+01,-1.810503335800042052e-02,4.995626576864329991e+02,9.653777900210369634e-02,nan,4.952704234514634152e+00,1.000000000000000000e+00
2.810000000000000000e+02,8.760788597486507001e+01,3.443318723241253565e+01,-7.065269515739876043e-03,1.934046980114866301e+02,3.065959948911056721e-02,nan,1.304948587319767128e+01,1.000000000000000000e+00
2.820000000000000000e+02,7.562952485842687622e+01,5.967626746074675914e+00,-3.553225789985929584e-02,9.828595456242235286e+02,1.002022562272009143e-02,nan,1.285273608268596490e+01,1.000000000000000000e+00
2.820000000000000000e+02,3.740649177411409454e+01,2.314763731213941966e+01,-2.613404077172856374e-02,7.222254395289373861e+02,1.811484335126556378e-02,nan,7.764987170092493507e+00,1.000000000000000000e+00
2.820000000000000000e+02,4.159459865550515900e+01,3.595587454681109563e+01,-1.742627376398278236e-02,4.807390981082162966e+02,1.183906307527471391e-02,nan,1.347557717908903285e+01,1.000000000000000000e+00
2.830000000000000000e+02,3.198280235290118156e+01,1.588699963787191471e+01,-5.798517031456226940e-03,1.582747476300445157e+02,1.784451829425134362e-01,nan,9.062740555415315313e+00,1.000000000000000000e+00
2.840000000000000000e+02,1.399737254416911867e+02,3.868724721183227189e+01,-1.411083502344093535e-02,3.887943812886469459e+02,1.722584285488792943e-02,nan,1.202534741565741605e+01,1.000000000000000000e+00
2.850000000000000000e+02,3.008772885439723765e+01,2.574200333810387775e+01,-1.959698251854011253e-02,5.409378281571131311e+02,1.623573684796153493e-02,nan,7.764987170092493507e+00,1.000000000000000000e+00
2.860000000000000000e+02,1.204812212060514298e+02,1.685386324170610095e+01,-2.157107008883909355e-02,5.956838020183305389e+02,1.551820759014735929e-01,nan,6.407357772550742681e+00,1.000000000000000000e+00
2.860000000000000000e+02,9.580678695652169097e+01,4.458538424822027935e+01,-1.415383117807332905e-02,3.899867632240042212e+02,1.702099090886832755e-02,nan,1.200494943540799930e+01,1.000000000000000000e+00
2.860000000000000000e+02,1.272820372661148269e+02,6.837903486172194789e+00,-2.263442523459091235e-02,6.251730779199581320e+02,1.706702743721948412e-01,nan,6.207087915203837625e+00,1.000000000000000000e+00
2.870000000000000000e+02,8.815945233146855742e+01,8.830098113877866695e+00,-1.484167819335020615e-03,3.862795346114187822e+01,3.042971166650656478e-01,nan,1.047342629153932414e+01,1.000000000000000000e+00
2.870000000000000000e+02,1.254056701956039603e+02,1.275459065077469667e+01,-2.392345621164837510e-02,6.609208619787975749e+02,2.188960328905891206e-01,nan,6.207087915203837625e+00,1.000000000000000000e+00
2.890000000000000000e+02,1.089874892467671330e+01,2.834925638162208728e+01,-6.219485015555505786e-02,1.722274352071510748e+03,9.646842750312689674e-03,nan,1.936529677480188028e+01,1.000000000000000000e+00
2.900000000000000000e+02,8.826202428667727418e+01,3.524753828662801425e+01,-2.768637528902792924e-02,7.652752343741910863e+02,1.234689740898087251e-02,nan,1.200494943540799930e+01,1.000000000000000000e+00
2.900000000000000000e+02,6.365730211685652762e+01,3.618905685475030509e+01,-8.027950536450738708e-03,2.201020496333019310e+02,2.121829753519266504e-02,nan,9.796288989795487012e+00,1.000000000000000000e+00
2.900000000000000000e+02,2.729281835553543800e+01,4.324984560365709285e+01,-2.643175216417939510e-02,7.304816589360790431e+02,1.080707995959129253e-02,nan,1.569503005505108995e+01,1.000000000000000000e+00
2.900000000000000000e+02,1.140381556817577149e+02,4.907607259443813064e+01,-7.994947130335145966e-03,2.191867895223932123e+02,3.031325346957269851e-02,nan,1.877629056598696167e+01,1.000000000000000000e+00
2.910000000000000000e+02,2.449890582324952248e+01,1.455854918676993215e+01,-2.356309867432152330e-02,6.509273213598268057e+02,1.211286238286457539e-02,nan,1.936873440883385555e+01,1.000000000000000000e+00
2.910000000000000000e+02,1.219384075749807153e+02,2.753157648271826119e+01,-2.506857042668875560e-02,6.926775043020227258e+02,7.085609654763458387e-03,nan,1.077668558375346386e+01,1.000000000000000000e+00
2.920000000000000000e+02,7.782864659130315488e+01,7.107567695199371371e+00,-2.339224631301123000e-02,6.461891937067541676e+02,1.308356348786843260e-02,nan,8.854009997537025001e+00,1.000000000000000000e+00
2.920000000000000000e+02,7.971688660622024258e+01,2.170658408610456291e+01,-8.315415796172639581e-03,2.280741202909170511e+02,1.545453093039348413e-01,nan,7.725007129441578080e+00,1.000000000000000000e+00
2.920000000000000000e+02,5.523320004855827392e+01,3.118887862647870080e+01,-1.451492624328909941e-03,3.772179539671326154e+01,3.550278399833394216e-01,nan,9.796288989795487012e+00,1.000000000000000000e+00
2.940000000000000000e+02,3.868148431863556880e+01,3.245020412766903206e+01,-3.463515349697663965e-03,9.351979807322602767e+01,1.186234679150041105e-01,nan,1.569503005505108995e+01,1.000000000000000000e+00
2.950000000000000000e+02,9.783997589116174254e+01,1.249848523372868492e+01,-6.707135763567524667e-03,1.834728280528110815e+02,6.371138432838108212e-02,nan,6.223115661480092875e+00,1.000000000000000000e+00
2.950000000000000000e+02,7.468335901655360942e+01,2.756656148827839914e+01,-2.060178832016640316e-02,5.688033965235160849e+02,1.409230199748079393e-02,nan,7.725007129441578080e+00,1.000000000000000000e+00
2.950000000000000000e+02,8.103062698703448419e+00,4.518835243747745523e+01,-1.318226069881345535e-03,3.402600833228435562e+01,3.411169949545721503e-01,nan,1.928741898009382894e+01,1.000000000000000000e+00
2.960000000000000000e+02,3.813135630313464475e+01,4.950437270879805851e+01,-1.566032372973865305e-03,4.089824520559252363e+01,2.811846387118810409e-01,nan,1.706303920252800310e+01,1.000000000000000000e+00
2.970000000000000000e+02,1.017640788052015921e+02,5.130234326857500804e+01,-1.237143557944078362e-02,3.405568471852200219e+02,6.533489766879019278e-02,nan,1.664097424663676250e+01,1.000000000000000000e+00
2.970000000000000000e+02,8.512190310774602153e+01,1.212771733657952211e+01,-1.637426633213147700e-03,4.287817171123824522e+01,3.561769087733942518e-01,nan,8.854009997537025001e+00,1.000000000000000000e+00
2.980000000000000000e+02,1.374883957296268306e+02,4.191484855744052851e+01,-3.861414695937276376e-02,1.068327394383203682e+03,9.456528738743030793e-03,nan,2.033728475342713082e+01,1.000000000000000000e+00
2.980000000000000000e+02,1.176163351742049770e+02,4.623993357667732340e+01,-1.603834810059805854e-02,4.422487376844052847e+02,1.132154076249836105e-02,nan,1.664097424663676250e+01,1.000000000000000000e+00
2.990000000000000000e+02,1.670021151436176154e+01,2.751933793534523076e+01,-1.775565456372221393e-02,4.898735827806418115e+02,1.355438035730271995e-02,nan,1.835347722682471172e+01,1.000000000000000000e+00
3.000000000000000000e+02,9.765297387874291246e+01,6.278179872774922288e+00,-1.576787789925044106e-02,4.347479789561731423e+02,1.375060694342555845e-02,nan,6.223115661480092875e+00,1.000000000000000000e+00
3.000000000000000000e+02,6.830096009022504688e+01,1.283146482404678146e+01,-3.892665634006239883e-02,1.076993995928153936e+03,9.039038783269504052e-03,nan,1.605796032374752613e+01,1.000000000000000000e+00
3.000000000000000000e+02,1.257122420451689919e+02,2.049409964321701239e+01,-4.706417235605717120e-02,1.302665970064243311e+03,8.086166426589991296e-03,nan,1.447002357766483271e+01,1.000000000000000000e+00
3.010000000000000000e+02,1.299258983452617144e+02,6.651170656804307413e+00,-2.114920968976947892e-03,5.612018428347952437e+01,2.208999961426475478e-01,nan,1.447002357766483271e+01,1.000000000000000000e+00
3.010000000000000000e+02,3.159032028288276095e+01,1.678924999641446902e+01,-1.896113360399018406e-03,5.005214768770247957e+01,2.814657989383112513e-01,nan,1.835347722682471172e+01,1.000000000000000000e+00
3.020000000000000000e+02,1.051569914922586264e+02,2.195818468622296038e+01,-2.288811642544938407e-02,6.322085162219455015e+02,9.646483247934156680e-03,nan,1.738311914742885733e+01,1.000000000000000000e+00
3.030000000000000000e+02,6.072752368975653781e+01,3.829802784156677120e+01,-1.796564196772634488e-03,4.729142116685687114e+01,3.229793539331049512e-01,nan,6.914995381784054373e+00,1.000000000000000000e+00
3.030000000000000000e+02,9.483557555984779341e+00,5.135617821171660324e+01,-4.477241015320675144e-02,1.239110150382762413e+03,1.096923576837349756e-02,nan,2.490532169469405943e+01,1.000000000000000000e+00
3.030000000000000000e+02,7.681628140445181430e+01,5.334184634130158287e+01,-6.286098477304905181e-03,1.717964988893382383e+02,5.318859937610265209e-02,nan,1.857918078566406095e+01,1.000000000000000000e+00
3.060000000000000000e+02,1.344950207599960947e+02,4.279514700227300494e+01,-1.523957097024120078e-02,4.200968166868825620e+02,1.450361150644430275e-02,nan,1.727027539014193991e+01,1.000000000000000000e+00
3.070000000000000000e+02,9.222412005789936984e+01,4.905514803230039966e+00,-2.185562954624332282e-02,6.035752881162115955e+02,1.576886133466315343e-02,nan,2.140216609775747258e+01,1.000000000000000000e+00
3.070000000000000000e+02,1.289785128277810031e+02,1.106786918239154538e+01,-1.741287989914739459e-02,4.803676555312955543e+02,1.194826982845842434e-02,nan,2.116771103358840378e+01,1.000000000000000000e+00
3.070000000000000000e+02,1.218731394422253658e+02,3.100741931406046348e+01,-2.143728538917226770e-02,5.919736455991391040e+02,1.137421454237319551e-02,nan,1.727027539014193991e+01,1.000000000000000000e+00
3.070000000000000000e+02,8.901431184080097125e+01,3.914561334056749331e+01,-4.577468180171651718e-02,1.266905440873773614e+03,1.023098316310044886e-02,nan,1.135166529091617527e+01,1.000000000000000000e+00
3.080000000000000000e+02,5.464042040578986814e+01,3.501712328025795529e+01,-3.138911115964725801e-02,8.679605884779183498e+02,1.106581676141071835e-02,nan,6.914995381784054373e+00,1.000000000000000000e+00
3.080000000000000000e+02,7.851084079126705717e+01,3.484010514889093457e+01,-1.434256015744694857e-02,3.952206504775862186e+02,1.910627128222375237e-02,nan,1.135166529091617527e+01,1.000000000000000000e+00
3.090000000000000000e+02,4.070532368839447912e+01,2.978161225244427612e+01,-1.780124570467900248e-03,4.683551264207402909e+01,2.470924644570311468e-01,nan,8.738315982274313498e+00,1.000000000000000000e+00
3.100000000000000000e+02,1.136559288870184616e+02,5.066854596414410850e+01,-2.164162278913118326e-02,5.976403901373895451e+02,1.076293743438205830e-02,nan,8.480396817979190871e+00,1.000000000000000000e+00
3.110000000000000000e+02,3.602805210875359165e+01,2.240046757317166737e+01,-1.477540486225278416e-03,3.844416232104540398e+01,2.614940011887956217e-01,nan,8.738315982274313498e+00,1.000000000000000000e+00
3.130000000000000000e+02,1.055264142576395017e+02,4.825439557920429223e+01,-1.602435796182167735e-02,4.418607590641608454e+02,1.601427778469777241e-02,nan,8.480396817979190871e+00,1.000000000000000000e+00
3.130000000000000000e+02,1.214185775565464525e+02,7.772264826483598732e+00,-1.486583021572479785e-03,3.869493255596565007e+01,3.328201960443202267e-01,nan,1.024823048114723179e+01,1.000000000000000000e+00
3.140000000000000000e+02,8.233202264243934110e+01,1.353891733130581798e+01,-2.749685745985558719e-02,7.600194705072759689e+02,1.240062525101770508e-02,nan,1.447710985273707074e+01,1.000000000000000000e+00
3.140000000000000000e+02,1.360183541375054688e+02,9.497121383176517995e+00,-1.235182676412557683e-02,3.400130497839055579e+02,1.389948785948913468e-02,nan,1.470131308268366510e+01,1.000000000000000000e+00
3.160000000000000000e+02,2.656595144547778631e+01,1.097674979477117496e+01,-2.892554903768196004e-02,7.996403631931957534e+02,1.000065089264934315e-02,nan,1.363153530975097638e+01,1.000000000000000000e+00
3.160000000000000000e+02,1.217477474372975763e+02,3.414598090802427066e+01,-1.410205034875385444e-03,3.657679589060067826e+01,2.906023847702368101e-01,nan,1.788033229988668893e+01,1.000000000000000000e+00
3.170000000000000000e+02,9.200682087671339104e+00,3.928831943399229942e+01,-2.651806470824550135e-02,7.328753036519630086e+02,1.207384957842339013e-02,nan,2.793379276879961992e+01,1.000000000000000000e+00
3.180000000000000000e+02,6.797967760857095243e+01,1.543546728240390564e+01,-1.366094851283736374e-02,3.763179969982138573e+02,1.923167672077896739e-02,nan,7.252707591476661442e+00,1.000000000000000000e+00
3.180000000000000000e+02,1.163399322995478116e+02,1.667359002828812820e+01,-2.205177436739332031e-02,6.090148336628483321e+02,4.707053718772369333e-02,nan,9.118118932476813043e+00,1.000000000000000000e+00
3.180000000000000000e+02,3.614634730850156785e+01,4.904326434091134956e+01,-6.616240402635162852e-03,1.809520913192550609e+02,7.463995245774113219e-02,nan,2.657215722801273472e+01,1.000000000000000000e+00
3.190000000000000000e+02,1.076362538819921753e+02,1.395585662146392281e+01,-2.368345759529866257e-02,6.542651501577562385e+02,1.872309065854782517e-02,nan,9.118118932476813043e+00,1.000000000000000000e+00
3.200000000000000000e+02,8.224255189673259281e+01,2.191259226609262001e+01,-1.983309748241240261e-02,5.474858373917982135e+02,7.427266906495533227e-03,nan,1.566469696528557165e+01,1.000000000000000000e+00
3.200000000000000000e+02,6.210050796803330542e+01,3.370943540559336782e+01,-1.034522575282178537e-02,2.843654036675318366e+02,1.931036849015399515e-02,nan,1.093744802423311846e+01,1.000000000000000000e+00
3.210000000000000000e+02,3.937292089602490108e+01,1.564582769021697395e+01,-7.719464913697236461e-03,2.115470361202657159e+02,6.847143334314442775e-02,nan,1.046003098537955367e+01,1.000000000000000000e+00
3.220000000000000000e+02,6.246448423175356623e+01,2.014550012982363825e+01,-9.386053479002056874e-03,2.577653576407051901e+02,9.987175550391236278e-02,nan,7.252707591476661442e+00,1.000000000000000000e+00
3.220000000000000000e+02,3.177349646227980173e+01,2.283338614152005519e+01,-1.614121643738642906e-02,4.451015124861382901e+02,1.618849478472794701e-02,nan,1.046003098537955367e+01,1.000000000000000000e+00
3.220000000000000000e+02,1.110266180830090690e+02,3.712673871400713210e+01,-2.658810046608712369e-02,7.348175557717953552e+02,9.312297411095737942e-03,nan,8.056269327956504966e+00,1.000000000000000000e+00
3.240000000000000000e+02,3.419801207646479213e+01,4.781850817891272953e+01,-7.439092315179099413e-03,2.037716612175450450e+02,4.259154919439078757e-02,nan,1.747333014504320303e+01,1.000000000000000000e+00
3.240000000000000000e+02,5.483556131875025841e+01,2.553335324688972818e+01,-1.756367611631037134e-02,4.845495803290513663e+02,1.473906093428922759e-02,nan,9.339669481498027892e+00,1.000000000000000000e+00
3.250000000000000000e+02,8.708840027839279685e+01,4.100346289579123749e+01,-1.578548433442051105e-02,4.352362457656662400e+02,2.287176745287444746e-02,nan,5.234179144710369158e+00,1.000000000000000000e+00
3.260000000000000000e+02,1.140539298986630428e+02,2.531004857704572686e+01,-2.418703664438988724e-02,6.682305516289937941e+02,1.216113516639449887e-02,nan,1.219831064623946659e+01,1.000000000000000000e+00
3.260000000000000000e+02,1.188535804514973222e+02,3.903517670536066930e+01,-1.820830319267952371e-02,5.024265669450979317e+02,1.316760685005147202e-02,nan,8.056269327956504966e+00,1.000000000000000000e+00
3.260000000000000000e+02,7.712291269369848123e+01,4.513088338293574964e+01,-1.620437510748582582e-02,4.468530471973603539e+02,2.002246385272408169e-01,nan,4.697312015572720156e+00,1.000000000000000000e+00
3.270000000000000000e+02,3.129733105154393158e+01,1.171176681216124749e+01,-1.265148566802417295e-02,3.483232781481057145e+02,2.092612019720951899e-02,nan,1.113180802949587012e+01,1.000000000000000000e+00
3.280000000000000000e+02,6.713810335385311134e+01,1.193367298592530545e+01,-2.644685971880929298e-02,7.309006260595841695e+02,8.744151079219664169e-03,nan,1.541323057185901568e+01,1.000000000000000000e+00
3.290000000000000000e+02,7.481890676367862625e+01,2.529679147080383217e+01,-2.101371182873660454e-02,5.802269797385148422e+02,1.414839916635135530e-02,nan,9.988629741757870661e+00,1.000000000000000000e+00
3.290000000000000000e+02,3.679475555852094004e+01,3.053920872418730070e+01,-1.237784427628981984e-02,3.407345750405900162e+02,1.817231976945432592e-02,nan,8.114792533140940733e+00,1.000000000000000000e+00
3.290000000000000000e+02,1.776473027995909604e+01,3.521714051184386562e+01,-2.129181520742654335e-02,5.879394239732810092e+02,1.004499065616493159e-02,nan,1.959655347025773864e+01,1.000000000000000000e+00
3.290000000000000000e+02,7.324765165430358138e+01,4.247624742895037997e+01,-1.958765867169258781e-02,5.406792565093908252e+02,6.048579256166308760e-02,nan,4.697312015572720156e+00,1.000000000000000000e+00
3.290000000000000000e+02,1.289904630385162250e+02,2.749842642668277293e+01,-1.806271968820432131e-02,4.983892026201623366e+02,1.264833460763192807e-02,nan,1.486937384127656081e+01,1.000000000000000000e+00
3.290000000000000000e+02,1.300596029514896657e+02,4.232931373250931273e+01,-2.179764164874465823e-02,6.019671507830496466e+02,1.180486433952743219e-02,nan,1.168016605292777221e+01,1.000000000000000000e+00
3.300000000000000000e+02,9.180908122990764753e+01,3.874253329208266194e+01,-1.604926354182523510e-02,4.425514478929582083e+02,1.997938934830212343e-02,nan,5.234179144710369158e+00,1.000000000000000000e+00
3.310000000000000000e+02,8.457117997003162202e+01,5.138634757805812114e+01,-2.903709705226962048e-02,8.027338453582051443e+02,1.101285611090974115e-02,nan,9.726639590123255630e+00,1.000000000000000000e+00
3.320000000000000000e+02,9.220098614295748618e+00,9.983310400648013783e+00,-2.294889154939350542e-02,6.338939497340735443e+02,3.067725586383263092e-02,nan,2.214479066631212589e+01,1.000000000000000000e+00
3.320000000000000000e+02,3.679625942146619622e+01,2.242441633039704385e+01,-1.382284519310564112e-02,3.808077630853599658e+02,1.780150565364446713e-02,nan,8.114792533140940733e+00,1.000000000000000000e+00
3.330000000000000000e+02,1.132815984195425898e+02,2.256870992418773625e+01,-1.220028025170127439e-03,3.130275143635607549e+01,3.412751366471765690e-01,nan,1.646421976323851055e+01,1.000000000000000000e+00
3.340000000000000000e+02,1.425454412762226752e+02,1.401962221234276029e+01,-1.866030779485564756e-02,5.149616907704994446e+02,1.131095812540283685e-02,nan,8.887199697072608373e+00,1.000000000000000000e+00
3.340000000000000000e+02,7.717893217335756617e+01,3.500261468079481375e+01,-1.452468559524191247e-03,3.774886031698071065e+01,3.331958588757653050e-01,nan,7.381550094994426381e+00,1.000000000000000000e+00
3.350000000000000000e+02,5.544778385892418981e+01,5.216341922340707526e+01,-3.167004678218202779e-02,8.757515773273360082e+02,1.593248770480226728e-02,nan,1.518253958946076843e+01,1.000000000000000000e+00
3.360000000000000000e+02,9.464051885312193235e+01,5.786006167181978022e+00,-8.146607064528721062e-03,2.233926671734529918e+02,1.044117252347946945e-01,nan,1.281681527889847594e+01,1.000000000000000000e+00
3.380000000000000000e+02,2.485832574311286081e+01,2.348455836395688934e+01,-3.500798308673606918e-02,9.683202031719573597e+02,9.265322676798248835e-03,nan,6.502985049469769407e+00,1.000000000000000000e+00
3.380000000000000000e+02,5.125149798671262147e+01,2.837338742068868314e+01,-1.508135156503469590e-02,4.157090298672427480e+02,1.813362790648298528e-02,nan,1.359071773541853645e+01,1.000000000000000000e+00
3.380000000000000000e+02,7.011399446746123942e+01,4.823763589118166095e+01,-6.503435336831745774e-03,1.778237482422802884e+02,3.407541788538692717e-02,nan,9.972468462997500893e+00,1.000000000000000000e+00
3.390000000000000000e+02,6.483596078201655644e+01,2.796110217134893716e+01,-2.849963088763020694e-02,7.878286764876156667e+02,1.064741595757956460e-02,nan,7.039428374307130198e+00,1.000000000000000000e+00
3.390000000000000000e+02,7.814174436334488405e+01,4.232110321953859255e+01,-6.351979750214818005e-03,1.736235376179816399e+02,5.362215359251087943e-02,nan,7.381550094994426381e+00,1.000000000000000000e+00
3.390000000000000000e+02,1.349808563146910956e+02,1.868431650194178317e+01,-1.627169702614749205e-02,4.487200383353373354e+02,1.189124111994965816e-02,nan,8.887199697072608373e+00,1.000000000000000000e+00
3.400000000000000000e+02,1.324057488575372474e+02,3.882811331235899388e+01,-2.088695853253010049e-02,5.767118202565605998e+02,9.763642120776183653e-03,nan,2.030772582923218295e+01,1.000000000000000000e+00
3.400000000000000000e+02,1.156678363555056066e+01,5.061882796908550830e+01,-2.344826478312761128e-02,6.477427143037518817e+02,1.174281718810910036e-02,nan,3.002913668657334867e+01,1.000000000000000000e+00
3.400000000000000000e+02,1.275816480744196042e+02,1.017163448628044264e+01,-1.231728886673735639e-02,3.390552347122314245e+02,6.256028229504750904e-02,nan,4.742278546130819450e+00,1.000000000000000000e+00
3.410000000000000000e+02,8.929267229827186725e+01,1.743380815378802140e+01,-2.375280636446312418e-02,6.561883505066700764e+02,1.164851914740316907e-02,nan,1.281681527889847594e+01,1.000000000000000000e+00
3.420000000000000000e+02,9.109464940545019829e+01,3.038325472863672161e+01,-1.140254423112107597e-02,3.136872689418207756e+02,2.325611899558055473e-02,nan,1.307422227475330700e+01,1.000000000000000000e+00
3.430000000000000000e+02,2.937839856502557723e+01,6.515245505722093711e+00,-1.638671384979971390e-02,4.519097185278482129e+02,2.731218800840362615e-02,nan,7.201367359926892142e+00,1.000000000000000000e+00
3.430000000000000000e+02,7.036997488291495628e+00,1.566292501242624446e+01,-4.191793156893387079e-02,1.159948915433929642e+03,9.729804218656545878e-03,nan,1.946221182321965415e+01,1.000000000000000000e+00
3.440000000000000000e+02,5.844650747255398215e+01,2.500670912992772443e+01,-1.427129308668655637e-02,3.932442512277681885e+02,1.197092072415121278e-01,nan,4.972296739186858439e+00,1.000000000000000000e+00
3.450000000000000000e+02,1.249824545380737817e+02,6.205099629543301631e+00,-3.467741754544485799e-02,9.591528629003163360e+02,1.515079270160291092e-02,nan,4.742278546130819450e+00,1.000000000000000000e+00
3.450000000000000000e+02,3.293727146929986560e+01,2.952258897042799290e+01,-1.456739321375028103e-02,4.014557865519477104e+02,1.655795544674887321e-02,nan,6.437952625511716320e+00,1.000000000000000000e+00
3.470000000000000000e+02,5.978442822163156478e+01,3.776045911604484928e+01,-1.639439434091893508e-02,4.521227161538809582e+02,3.566697730764223362e-02,nan,8.492939144401557172e+00,1.000000000000000000e+00
3.470000000000000000e+02,3.487635295084269416e+01,1.116628726258632831e+01,-1.876979540408002176e-02,5.179980331713672967e+02,1.983159510599141750e-02,nan,7.201367359926892142e+00,1.000000000000000000e+00
3.480000000000000000e+02,1.550997395627534736e+01,4.460079100624088966e+01,-2.906004988386084315e-02,8.033703799969109696e+02,9.337245361682677824e-03,nan,2.304480147973210080e+01,1.000000000000000000e+00
3.480000000000000000e+02,6.088626503866397854e+01,2.933929702645530568e+01,-2.067857521743484209e-02,5.709328732164398161e+02,3.561331483830065814e-02,nan,4.972296739186858439e+00,1.000000000000000000e+00
3.490000000000000000e+02,3.965149574926587661e+01,4.849643176776093867e+01,-2.860044669511413451e-02,7.906245299463740821e+02,2.938286390438915596e-02,nan,2.012678608669522262e+01,1.000000000000000000e+00
3.490000000000000000e+02,7.519610516090453700e+01,6.833174741722220169e+00,-1.331789042609648121e-03,3.440214065875029803e+01,3.093024033131521744e-01,nan,1.292208589880531555e+01,1.000000000000000000e+00
3.490000000000000000e+02,5.129174466573151570e+00,2.096429381957729277e+01,-1.792226137216431422e-03,4.717111683049132154e+01,2.686519038603952803e-01,nan,1.862628606705711931e+01,1.000000000000000000e+00
3.490000000000000000e+02,1.377654461625688214e+02,2.797274655502960172e+01,-1.459236820561836834e-03,3.793655971159101625e+01,2.856523960847084931e-01,nan,1.669508809679384953e+01,1.000000000000000000e+00
3.500000000000000000e+02,2.274843673127475085e+01,1.492276008222976813e+01,-1.485213796477930816e-02,4.093524112668245039e+02,1.465679672339426087e-02,nan,1.075194424036963348e+01,1.000000000000000000e+00
3.510000000000000000e+02,1.410794315145007829e+02,4.433561511915637254e+01,-1.608060770006963444e-02,4.434206932566224850e+02,1.239795650977648656e-02,nan,1.669508809679384953e+01,1.000000000000000000e+00
3.530000000000000000e+02,6.403412308027446898e+01,1.334397039262361062e+01,-2.884500855665848851e-02,7.974067910177661815e+02,8.937117894142643237e-03,nan,1.292208589880531555e+01,1.000000000000000000e+00
3.540000000000000000e+02,3.302152791057878289e+01,1.174976424710432354e+01,-2.277735217996985917e-02,6.291367697710719540e+02,8.550866429971382132e-03,nan,1.075194424036963348e+01,1.000000000000000000e+00
3.540000000000000000e+02,9.989036933190644163e+01,5.203272422243222906e+01,-2.214247805907050906e-02,6.115302549685625308e+02,9.035718637769307726e-03,nan,2.354363454463763716e+01,1.000000000000000000e+00
3.550000000000000000e+02,3.865148020569923659e+01,4.344403588706406083e+01,-2.545757235032289345e-02,7.034654194196951948e+02,1.286219298102919684e-02,nan,1.043714569535595693e+01,1.000000000000000000e+00
3.570000000000000000e+02,8.187414971249999951e+01,2.273410692026161684e+01,-1.725633560306263220e-02,4.760263233277393056e+02,8.714239395597678239e-03,nan,2.016038725437082846e+01,1.000000000000000000e+00
3.570000000000000000e+02,4.837785767417959448e+01,4.722974475156024710e+01,-1.459200739485885627e-02,4.021383942213639102e+02,2.072346636040112156e-02,nan,1.043714569535595693e+01,1.000000000000000000e+00
3.580000000000000000e+02,5.951325283910446018e+01,4.285487688232506542e+01,-1.105925165545139192e-02,3.041669788305183033e+02,6.467015281080545908e-02,nan,8.177924663737403677e+00,1.000000000000000000e+00
3.590000000000000000e+02,1.438319833572666084e+02,3.737835233171432492e+01,-1.289594374438656800e-02,3.551026610184777041e+02,1.723307381627348089e-02,nan,1.034018896880286675e+01,1.000000000000000000e+00
3.590000000000000000e+02,1.408173181997953236e+02,4.726932305752688990e+01,-1.757666874225390086e-02,4.849098956316725548e+02,1.345201496130199459e-02,nan,1.034018896880286675e+01,1.000000000000000000e+00
3.610000000000000000e+02,3.857840788451561309e+01,3.345249463003839452e+01,-1.433918325226413854e-02,3.951270011554125290e+02,1.603522808940738287e-02,nan,9.345379824832331650e+00,1.000000000000000000e+00
3.620000000000000000e+02,6.798770973471485490e+01,7.988441055357842657e+00,-1.906105096825548226e-02,5.260752176606395096e+02,1.401797715595343163e-02,nan,1.255647291131566412e+01,1.000000000000000000e+00
3.620000000000000000e+02,2.980170937148935906e+01,2.594161442500984549e+01,-1.324540084983990250e-03,3.420111044577183890e+01,2.989550986951602374e-01,nan,1.155178593304286316e+01,1.000000000000000000e+00
3.630000000000000000e+02,1.304389684358462489e+02,1.065359082800652502e+01,-1.940671103473760309e-03,5.128783605046098160e+01,2.946781774251748809e-01,nan,1.283405675913076571e+01,1.000000000000000000e+00
3.630000000000000000e+02,9.799577405575905686e+01,4.211547177472551340e+01,-3.563474975728996366e-03,9.629190765753367032e+01,6.580589073893639007e-02,nan,2.018708325752990973e+01,1.000000000000000000e+00
3.650000000000000000e+02,4.503044270455893638e+01,4.021321728012038932e+01,-1.239579102957393333e-02,3.412322796515546202e+02,3.318896529391912598e-02,nan,7.427917401289987787e+00,1.000000000000000000e+00
3.660000000000000000e+02,1.302026546893553061e+01,1.597794985289417902e+01,-9.256368824619654739e-03,2.541689048764822019e+02,2.415177845706084625e-02,nan,1.951644104749106035e+01,1.000000000000000000e+00
3.670000000000000000e+02,7.918201166503857280e+01,1.367637708394982532e+01,-1.251303188883391357e-02,3.444836374500039824e+02,1.464835917699192080e-02,nan,1.255647291131566412e+01,1.000000000000000000e+00
3.670000000000000000e+02,1.021600659968036808e+02,1.892943138748830378e+01,-2.213449186900799323e-02,6.113087796100265905e+02,1.425627751884839256e-02,nan,1.071674716548836415e+01,1.000000000000000000e+00
3.670000000000000000e+02,7.867497328989902883e+01,2.978229681625415282e+01,-1.854923975890179419e-02,5.118815195133422549e+02,2.977246075719064411e-02,nan,1.007961826263293226e+01,1.000000000000000000e+00
3.670000000000000000e+02,5.879419852887124165e+01,4.669660877145859956e+01,-1.206803951783176621e-02,3.321429788703873669e+02,3.770592310063514141e-02,nan,4.228237638845771862e+00,1.000000000000000000e+00
3.670000000000000000e+02,1.227860096149221221e+02,4.841862872210048607e+01,-1.304625226952008631e-02,3.592710609982372034e+02,1.340966605489091190e-02,nan,7.031154517762169931e+00,1.000000000000000000e+00
3.670000000000000000e+02,7.213562439424600825e+01,3.745273489639826892e+01,-2.242709638093172073e-02,6.194233735127805858e+02,1.790012023029685650e-02,nan,7.535799638619736562e+00,1.000000000000000000e+00
3.670000000000000000e+02,9.813673534468333060e+01,5.499036954693507617e+00,-1.817468074023253707e-03,4.787113360453113842e+01,2.639202089463998924e-01,nan,1.402008146041728942e+01,1.000000000000000000e+00
3.690000000000000000e+02,4.393057926585052542e+01,3.286718043454310134e+01,-1.266966534297133545e-02,3.488274422107526789e+02,2.100322460176662354e-02,nan,7.427917401289987787e+00,1.000000000000000000e+00
3.700000000000000000e+02,1.224061467000187520e+02,3.366080473116652882e+01,-2.289160675368603556e-02,6.323053110254212470e+02,2.259715621953894971e-02,nan,4.715570825537681365e+00,1.000000000000000000e+00
3.720000000000000000e+02,8.637536204505585147e+01,4.175864324805828431e+01,-1.998326701246896236e-02,5.516503827194316045e+02,1.342220273229366434e-02,nan,1.423828855007276495e+01,1.000000000000000000e+00
3.720000000000000000e+02,5.465232753929604570e+01,4.754684299581531093e+01,-2.528377203117490937e-02,6.986455381376781588e+02,1.400316042387228510e-02,nan,4.228237638845771862e+00,1.000000000000000000e+00
3.750000000000000000e+02,1.187444035232755084e+02,3.068956843658536116e+01,-1.554145795803314398e-02,4.284688349252610351e+02,1.480058700019493134e-02,nan,4.715570825537681365e+00,1.000000000000000000e+00
3.750000000000000000e+02,4.836883205101430150e+01,3.438232397913194660e+01,-1.780293877565217869e-02,4.911848823751039959e+02,1.314193337741853540e-02,nan,7.026710436736927079e+00,1.000000000000000000e+00
3.770000000000000000e+02,9.277237659065706055e+01,2.470498760221387968e+01,-1.352221235140177620e-02,3.724705251930963072e+02,1.513046277723373301e-02,nan,1.468628871759072752e+01,1.000000000000000000e+00
3.770000000000000000e+02,1.073076733690534610e+02,2.680551702604300957e+01,-1.108405979214703747e-02,3.048549653330013598e+02,2.900001589167455762e-02,nan,1.207827189544215685e+01,1.000000000000000000e+00
3.780000000000000000e+02,1.348635457585662323e+02,1.190537296962444991e+01,-1.794782070324017417e-03,4.724199871496503533e+01,2.872214008565497911e-01,nan,2.475222708651744696e+01,1.000000000000000000e+00
3.790000000000000000e+02,5.014996946976273762e+01,4.117954466535964997e+01,-1.534100857181289364e-02,4.229099139211392071e+02,2.848584850306967731e-02,nan,7.026710436736927079e+00,1.000000000000000000e+00
3.790000000000000000e+02,2.255797569835715422e+01,3.527877110486183199e+01,-2.706435875834781180e-02,7.480252900241025600e+02,2.076363625933218549e-01,nan,4.273128003979087985e+00,1.000000000000000000e+00
3.800000000000000000e+02,6.560040239985659127e+01,4.099362124384719408e+01,-3.255603355140969379e-02,9.003220215362401859e+02,9.174213985164048069e-03,nan,1.198393946577363423e+01,1.000000000000000000e+00
3.800000000000000000e+02,1.194860246704293729e+02,4.240466220025423638e+01,-2.077107792251015397e-02,5.734981852878682957e+02,9.329912256554329097e-03,nan,1.173854436535719614e+01,1.000000000000000000e+00
3.810000000000000000e+02,4.300710797405201902e+01,1.100608827687654490e+01,-1.211014584553637106e-02,3.333106838651353883e+02,2.389029968205458321e-02,nan,8.872822294836149482e+00,1.000000000000000000e+00
3.840000000000000000e+02,4.181328242135902684e+01,2.157272009333334495e+01,-1.385976133876277126e-02,3.818315324335940772e+02,3.423628811440637687e-02,nan,8.995250052884161462e+00,1.000000000000000000e+00
3.840000000000000000e+02,9.628967030452949416e+01,2.226759289198707492e+01,-4.785644267230755242e-03,1.301854638974953673e+02,7.791687312444606217e-02,nan,1.649190909228943980e+01,1.000000000000000000e+00
3.850000000000000000e+02,1.319139199900929214e+02,1.239996871186132310e+01,-1.563510953957475413e-02,4.310660079748649878e+02,1.286815190863710434e-02,nan,1.309824706183746734e+01,1.000000000000000000e+00
3.850000000000000000e+02,7.753830452397592410e+01,4.204304870407204220e+01,-6.550727127487064420e-03,1.791352580121706524e+02,5.887710409629387520e-02,nan,1.186847200521471457e+01,1.000000000000000000e+00
3.850000000000000000e+02,5.021949038506328122e+01,5.838060081028848991e+00,-2.190777601183957479e-02,6.050214291514113256e+02,1.485171853566735756e-02,nan,8.872822294836149482e+00,1.000000000000000000e+00
3.850000000000000000e+02,4.991065991370518162e+01,2.549024498289798046e+01,-1.691063204559333649e-02,4.664391711640298013e+02,3.033051928663377250e-02,nan,8.065854029141172887e+00,1.000000000000000000e+00
3.860000000000000000e+02,2.480289451270753531e+01,1.988816770161750114e+01,-4.157709514183857702e-02,1.150496739953242468e+03,9.645439246758757967e-03,nan,1.625859638126544127e+01,1.000000000000000000e+00
3.860000000000000000e+02,8.806570531479562192e+01,3.656267824870917593e+01,-1.981653509721869461e-02,5.470265244816030190e+02,1.151164817457916989e-02,nan,1.186847200521471457e+01,1.000000000000000000e+00
3.860000000000000000e+02,1.227848929851220845e+02,3.859806446179164396e+01,-2.616128341037420729e-02,7.229809403515168924e+02,1.055807442342260316e-02,nan,8.436639074588345721e+00,1.000000000000000000e+00
3.880000000000000000e+02,1.431566420212005539e+02,1.912048040548859618e+01,-1.748040461392760120e-02,4.822402706705436231e+02,1.177773077369015375e-02,nan,7.048550634072611842e+00,1.000000000000000000e+00
3.890000000000000000e+02,2.459799935089149869e+01,3.614547295991791032e+01,-3.312978954553343763e-02,9.162335905717809510e+02,4.146366336588014345e-02,nan,1.319989806538527333e+01,1.000000000000000000e+00
3.890000000000000000e+02,4.956960261988686511e+01,3.354888513752371182e+01,-1.782792904995790604e-03,4.690951167560967860e+01,3.209004522412031157e-01,nan,8.065854029141172887e+00,1.000000000000000000e+00
3.910000000000000000e+02,4.407599337593264011e+01,1.516631957552032794e+01,-2.064784412655264884e-02,5.700806296161680393e+02,1.052929583709572015e-02,nan,1.400760599593552058e+01,1.000000000000000000e+00
3.910000000000000000e+02,1.244500768915116282e+02,3.032739088385543269e+01,-2.428314947567592266e-02,6.708959807763521894e+02,1.787461471391471601e-02,nan,8.205609650431810564e+00,1.000000000000000000e+00
3.910000000000000000e+02,6.983289462743631759e+01,3.928296223479189564e+01,-3.971077959135769879e-03,1.075956728050756510e+02,6.220723670827321694e-02,nan,8.499424614743009698e+00,1.000000000000000000e+00
3.920000000000000000e+02,1.016291048817943050e+02,1.138738720755765499e+01,-1.577074607802524814e-02,4.348275201288126937e+02,1.515966058172379949e-02,nan,1.067756378892561919e+01,1.000000000000000000e+00
3.920000000000000000e+02,3.006918941179499782e+01,1.501642478712937567e+01,-1.355019173354763198e-02,3.732464576018992375e+02,1.675407789303406947e-02,nan,1.273189561821564197e+01,1.000000000000000000e+00
3.920000000000000000e+02,1.801983968789063439e+01,1.912912916067538660e+01,-1.909548195474520746e-03,5.042472646330453045e+01,2.342424038332793224e-01,nan,1.041927097809502278e+01,1.000000000000000000e+00
3.920000000000000000e+02,6.844304140036027206e+01,4.766798023053201661e+01,-1.697602670805885110e-03,4.454699118545472203e+01,3.140694592204564817e-01,nan,8.499424614743009698e+00,1.000000000000000000e+00
3.930000000000000000e+02,1.038058240431287089e+02,3.487492351736909058e+01,-1.470511293678203324e-02,4.052750701899722117e+02,1.251457589778903756e-02,nan,1.345148322805930263e+01,1.000000000000000000e+00
3.930000000000000000e+02,1.367930708960475101e+02,2.215149155297780226e+01,-1.218738036902000145e-02,3.354525742591760604e+02,4.013677638093549049e-02,nan,6.136275856038276189e+00,1.000000000000000000e+00
3.940000000000000000e+02,9.256410564254525752e+01,5.745033331825488254e+00,-1.323835587147122878e-02,3.645985342721153870e+02,1.592905379884701489e-02,nan,1.067756378892561919e+01,1.000000000000000000e+00
3.940000000000000000e+02,1.272086043766915253e+02,3.805542788226367890e+01,-2.377897101846015646e-02,6.569139563436959861e+02,1.537398674525380926e-02,nan,8.205609650431810564e+00,1.000000000000000000e+00
3.940000000000000000e+02,5.652513915589976179e+00,4.848647926867410263e+01,-6.549008410283525296e-03,1.790875940440086254e+02,3.155717552405767901e-02,nan,2.261043686203303338e+01,1.000000000000000000e+00
3.940000000000000000e+02,3.669008890892314412e+01,4.143874029277612436e+01,-2.688787845372184529e-02,7.431310866009943084e+02,5.326514960668482512e-02,nan,4.888217460575088325e+00,1.000000000000000000e+00
3.950000000000000000e+02,9.409359353368986945e+01,4.634856790701280715e+01,-1.037437396233586995e-02,2.851737503387575998e+02,2.017875389779644202e-02,nan,4.805397579717127776e+00,1.000000000000000000e+00
3.950000000000000000e+02,1.306860495811843634e+02,2.274996631535753622e+01,-7.443617457200126311e-03,2.038971537795411280e+02,2.015480228692291265e-01,nan,6.136275856038276189e+00,1.000000000000000000e+00
3.950000000000000000e+02,3.958870431119330391e+01,3.407353920335730635e+01,-7.396891814809141222e-03,2.026013445988987485e+02,2.959921633740734137e-01,nan,7.915058959846978937e+00,1.000000000000000000e+00
3.960000000000000000e+02,5.758075624335550913e+01,1.121091552709245853e+01,-1.895951899137987215e-02,5.232595031828526544e+02,1.287007901643710817e-02,nan,1.059183930622609360e+01,1.000000000000000000e+00
3.960000000000000000e+02,1.421078710152042106e+02,3.127700941116170341e+01,-2.407717988816556257e-02,6.651839719355589295e+02,5.013680969839662271e-02,nan,1.056040607583919488e+01,1.000000000000000000e+00
3.960000000000000000e+02,9.055421290315051408e+01,3.256468473543192488e+01,-1.341747856849189813e-03,3.467832140789715112e+01,3.086308705810644204e-01,nan,5.709885881334385793e+00,1.000000000000000000e+00
3.970000000000000000e+02,7.838809774176905876e+01,6.861051612316569681e+00,-8.703651277039817918e-03,2.388407801936146200e+02,3.210020663089407922e-02,nan,1.413420975561412973e+01,1.000000000000000000e+00
3.970000000000000000e+02,1.809822888217878045e+01,8.710153066586673987e+00,-1.492867232676692302e-03,3.886920813625183513e+01,3.363256388760709203e-01,nan,1.041927097809502278e+01,1.000000000000000000e+00
3.980000000000000000e+02,7.466828559582775426e+01,2.330915877011184634e+01,-3.183832542252136577e-02,8.804183297977056100e+02,9.510482164441835806e-03,nan,1.073861986019796078e+01,1.000000000000000000e+00
3.980000000000000000e+02,3.182441811404978083e+01,4.096978650210206041e+01,-3.057034182787687904e-02,8.452542379036736975e+02,5.436206254635256307e-02,nan,4.888217460575088325e+00,1.000000000000000000e+00
3.980000000000000000e+02,3.817342553883168677e+01,1.280007261589115686e+01,-1.447040819317861734e-03,3.759833663812679561e+01,3.624249840245107324e-01,nan,1.735323301325030343e+01,1.000000000000000000e+00
3.990000000000000000e+02,5.748526875795788271e+01,4.499283625574872048e+01,-3.467606182366992501e-02,9.591152656275457957e+02,1.593075119942310991e-02,nan,8.481448258575888133e+00,1.000000000000000000e+00
3.990000000000000000e+02,1.306886412362835870e+02,7.826765259512229456e+00,-1.238967313931625160e-03,3.182798133146653896e+01,3.575421557333804401e-01,nan,1.492320128088670650e+01,1.000000000000000000e+00
3.990000000000000000e+02,6.724195124638127652e+01,1.555238659142376534e+01,-4.904597028952205340e-03,1.334842966756865792e+02,1.470756640123158654e-01,nan,1.059183930622609360e+01,1.000000000000000000e+00
4.000000000000000000e+02,8.900392160209187864e+01,2.706928723755029509e+01,-1.702026290843340010e-03,4.466966831011023231e+01,3.199058288891157842e-01,nan,5.709885881334385793e+00,1.000000000000000000e+00
4.000000000000000000e+02,9.424482274746651456e+01,4.154555056121321854e+01,-1.652811870992144851e-03,4.330483962504818152e+01,3.666947602008024942e-01,nan,4.805397579717127776e+00,1.000000000000000000e+00
4.020000000000000000e+02,5.280757083154788489e+01,2.212619118493329395e+01,-3.457374593751759168e-03,9.334950083334639714e+01,3.562750589329047868e-01,nan,4.101975820516528870e+00,1.000000000000000000e+00
4.040000000000000000e+02,5.159004628173291707e+01,3.889518781403678815e+01,-1.493021778785310737e-03,3.887349405413615955e+01,3.476114904019929064e-01,nan,8.481448258575888133e+00,1.000000000000000000e+00
4.060000000000000000e+02,1.214656021557403420e+02,5.081059403437961208e+01,-1.085473823326143367e-02,2.984953527922752983e+02,1.489692567544020907e-02,nan,1.574847696341369385e+01,1.000000000000000000e+00
4.070000000000000000e+02,3.751042920582379026e+01,2.807694177944784641e+01,-2.680775052034422429e-02,7.409089553175374476e+02,1.015904500113939957e-02,nan,1.135353842165580218e+01,1.000000000000000000e+00
4.070000000000000000e+02,1.009056347634730884e+02,3.753931310172313829e+01,-2.734660024904948458e-02,7.558524935914522302e+02,1.109349088854927334e-02,nan,1.955257478873508958e+01,1.000000000000000000e+00
4.070000000000000000e+02,4.857735835556155024e+01,5.347145631969193147e+01,-1.121109702528289530e-02,3.083779990369234838e+02,1.555915862499607227e-01,nan,5.242272465879776355e+00,1.000000000000000000e+00
4.090000000000000000e+02,1.260135976412724546e+02,3.573311865782033436e+01,-8.741799991852728172e-03,2.398987315101665558e+02,3.021080370266693294e-02,nan,1.574847696341369385e+01,1.000000000000000000e+00
4.090000000000000000e+02,1.000090790333666746e+02,5.166141117442284880e+00,-2.423792686311076333e-02,6.696418540584309085e+02,2.014576577436000271e-02,nan,1.809335440514022508e+01,1.000000000000000000e+00
4.100000000000000000e+02,4.213496305153800137e+01,1.770792440064775874e+01,-9.717809887877612574e-03,2.669657234004884572e+02,1.514721546857535905e-01,nan,7.219218359745009472e+00,1.000000000000000000e+00
4.100000000000000000e+02,5.804719992004282858e+01,4.706760211676291306e+01,-1.900866863020576544e-02,5.246225353415744621e+02,1.563885350585325629e-02,nan,1.021570240846721411e+01,1.000000000000000000e+00
4.110000000000000000e+02,6.317845176925644779e+01,2.021693731413002837e+01,-1.176572787541403306e-02,3.237591839857276454e+02,1.796490557097929486e-02,nan,2.119253555412292656e+01,1.000000000000000000e+00
4.110000000000000000e+02,8.353184091182006910e+01,2.856967163345124661e+01,-1.565451763530641485e-02,4.316042389619840947e+02,1.139731254493592250e-02,nan,1.083569029380912951e+01,1.000000000000000000e+00
4.110000000000000000e+02,4.790283356887604072e+01,4.827276062570597759e+01,-2.542770249061138479e-02,7.026370597341333450e+02,1.814188636673030874e-02,nan,5.242272465879776355e+00,1.000000000000000000e+00
4.130000000000000000e+02,4.391668790051049598e+01,1.071202772557933969e+01,-3.405248127981760908e-02,9.418219476067387177e+02,1.036737559104838891e-02,nan,7.219218359745009472e+00,1.000000000000000000e+00
4.130000000000000000e+02,8.588815181922751663e+01,4.112158608128344639e+01,-2.067112584052322247e-02,5.707262849172063852e+02,1.258352001091966876e-02,nan,1.277116899105426562e+01,1.000000000000000000e+00
4.140000000000000000e+02,8.799683072074395795e+01,1.869667562668839622e+01,-2.638736953350666672e-02,7.292508268416684132e+02,9.302904711043780139e-03,nan,1.083569029380912951e+01,1.000000000000000000e+00
4.140000000000000000e+02,1.369746581097836611e+02,5.057756162570001379e+01,-1.305882901586592889e-03,3.368370397912600112e+01,3.494095368687266667e-01,nan,1.727115759031882902e+01,1.000000000000000000e+00
4.150000000000000000e+02,4.311594622793644760e+01,3.002399252405897556e+01,-1.827252546954553913e-02,5.042075979102450560e+02,1.486881264369954714e-02,nan,1.235507434266919624e+01,1.000000000000000000e+00
4.160000000000000000e+02,1.307705031402367979e+02,1.761852391233410842e+01,-1.621283268347950557e-02,4.470875951684055849e+02,1.291239594942872326e-02,nan,2.115567151997483464e+01,1.000000000000000000e+00
4.170000000000000000e+02,5.865863813683363759e+01,1.986246401990214139e+01,-3.005512545541955821e-02,8.309661067772780143e+02,1.006694319135215121e-02,nan,1.735095332097599652e+01,1.000000000000000000e+00
4.170000000000000000e+02,4.697052157068754674e+00,2.146545119841460547e+01,-2.624366082039533005e-02,7.252654547791560162e+02,7.768397279315442105e-03,nan,1.363626306601047311e+01,1.000000000000000000e+00
4.170000000000000000e+02,1.434389384817313555e+02,3.456175806226681857e+01,-1.155455678787199909e-02,3.179029256247724788e+02,1.671059072877234541e-02,nan,1.727115759031882902e+01,1.000000000000000000e+00
4.170000000000000000e+02,1.829862751535667442e+01,2.049343361716612577e+01,-5.448542302275995695e-03,1.485691460832571238e+02,5.523281309999772404e-02,nan,1.338628162565206203e+01,1.000000000000000000e+00
4.190000000000000000e+02,3.781273895100704152e+01,6.642262891895833299e+00,-1.801579982274539513e-02,4.970880071885953839e+02,1.532896886076140497e-02,nan,2.212151244191035815e+01,1.000000000000000000e+00
4.190000000000000000e+02,9.694360713413352926e+01,3.162687486568628970e+01,-1.366798748981870679e-03,3.537304007515881921e+01,3.232155946536225954e-01,nan,7.869566901030878192e+00,1.000000000000000000e+00
4.220000000000000000e+02,8.319043566248578259e+01,1.478936933769425011e+01,-1.405515911820679267e-03,3.644675575861904093e+01,3.703062736243402098e-01,nan,1.224592632362454303e+01,1.000000000000000000e+00
4.220000000000000000e+02,2.983897779895662694e+01,2.727671092928336805e+01,-1.676109884969214075e-03,4.395094696263388556e+01,3.658267875874362529e-01,nan,1.338628162565206203e+01,1.000000000000000000e+00
4.230000000000000000e+02,9.512181283873966109e+00,1.792206422591890203e+01,-1.714710320457014589e-02,4.729970585055298784e+02,9.908787767744620112e-03,nan,2.237606023209502126e+01,1.000000000000000000e+00
4.240000000000000000e+02,1.161534892827780538e+02,2.910310362569996911e+01,-1.894583173075339031e-03,5.000971208530808809e+01,2.362563778883560728e-01,nan,1.416911237020641146e+01,1.000000000000000000e+00
4.240000000000000000e+02,6.415495094476143834e+01,2.017395734147578423e+01,-1.500473701998881332e-03,3.908015296815999307e+01,3.625791497652581796e-01,nan,1.414238465968977287e+01,1.000000000000000000e+00
4.250000000000000000e+02,9.278792152055801523e+01,5.066820708486370961e+01,-2.013632800879008086e-03,5.331123118202183520e+01,2.244768022940949459e-01,nan,1.180225321143941919e+01,1.000000000000000000e+00
4.260000000000000000e+02,7.020315859317726392e+01,3.295778415914946891e+01,-1.549778849407890515e-03,4.044749773639045287e+01,2.734590308953497306e-01,nan,1.414238465968977287e+01,1.000000000000000000e+00
4.270000000000000000e+02,1.171979149932111675e+01,4.053018922094880594e+01,-1.817410156531135048e-03,4.786952741970056735e+01,2.956093921834298532e-01,nan,6.446595919863450597e+00,1.000000000000000000e+00
4.290000000000000000e+02,1.185386902871468919e+02,1.513619410611424776e+01,-1.586156731624457569e-02,4.373462012696122656e+02,1.092460583193325396e-01,nan,1.028647259982093409e+01,1.000000000000000000e+00
4.290000000000000000e+02,1.361938419779509388e+02,5.154111422104998042e+01,-3.129374403321908554e-02,8.653158394357745919e+02,1.108588628430573486e-02,nan,2.231777744702929667e+01,1.000000000000000000e+00
4.300000000000000000e+02,5.461553918678568920e+01,1.812780125851882218e+01,-1.469085482229738528e-03,3.820968567740481348e+01,2.829481765283704542e-01,nan,1.703125922553488891e+01,1.000000000000000000e+00
4.310000000000000000e+02,8.196334397757829038e+01,1.819434872389882685e+01,-2.596269627264504234e-02,7.174736637672019697e+02,1.114079157812397636e-02,nan,9.503572784023852194e+00,1.000000000000000000e+00
4.310000000000000000e+02,1.012571365088657416e+02,4.476425132965599829e+01,-1.791486327285449209e-02,4.942888052660929361e+02,1.016899154599537614e-02,nan,1.331415096049064672e+01,1.000000000000000000e+00
4.310000000000000000e+02,1.144636862749164550e+02,4.645352900829850995e+01,-2.677615851828983595e-02,7.400328366768475234e+02,3.768749200321108717e-02,nan,1.331415096049064672e+01,1.000000000000000000e+00
4.310000000000000000e+02,1.386430359272702617e+02,1.153602460650271411e+01,-1.864012568911681267e-02,5.144019947114866227e+02,1.283482199411611901e-02,nan,2.042415075452295881e+01,1.000000000000000000e+00
4.330000000000000000e+02,1.835226461504305462e+01,2.065702572520508440e+01,-8.998527636293525769e-03,2.470183776309712016e+02,3.435479022554144279e-02,nan,1.482617534141844473e+01,1.000000000000000000e+00
4.330000000000000000e+02,8.829573200796784249e+01,4.929748499205162915e+01,-1.601179607573509356e-02,4.415123891652308998e+02,1.595121707171021086e-02,nan,1.124777385486252079e+01,1.000000000000000000e+00
4.340000000000000000e+02,5.071156200118739577e+00,8.427843725083230098e+00,-1.390486823963118027e-02,3.830824502008988475e+02,1.472231862938855329e-02,nan,1.805382876625004940e+01,1.000000000000000000e+00
4.340000000000000000e+02,1.097813182888842221e+02,9.739903321611272702e+00,-2.951612249517940670e-02,8.160183190416221350e+02,8.992819466109525095e-03,nan,1.028647259982093409e+01,1.000000000000000000e+00
4.340000000000000000e+02,9.927978075798536395e+01,2.261066125396756021e+01,-2.307573568735432276e-02,6.374116284661268992e+02,1.097862591983156388e-02,nan,1.661140271819901315e+01,1.000000000000000000e+00
4.360000000000000000e+02,1.170014411193499058e+02,2.661499975832080267e+01,-1.664628788710717511e-02,4.591083016481161394e+02,1.195192513386700295e-02,nan,1.768264252744288356e+01,1.000000000000000000e+00
4.360000000000000000e+02,8.535174504604310641e+01,3.844182483441284859e+01,-3.372300555612191275e-02,9.326848304753956427e+02,9.933386828900547805e-03,nan,9.517632262570602464e+00,1.000000000000000000e+00
4.370000000000000000e+02,6.428815221619406373e+01,2.511752760971191734e+01,-2.063669850744991388e-02,5.697715360474501267e+02,1.105410157208330801e-02,nan,1.621061904500239592e+01,1.000000000000000000e+00
4.380000000000000000e+02,3.540868614681905058e+01,3.192811677937600123e+01,-1.531112728189422444e-03,3.992984340347663874e+01,2.605880625575088816e-01,nan,9.514711862622615257e+00,1.000000000000000000e+00
4.400000000000000000e+02,1.092165918206640072e+02,1.073822527009173733e+01,-2.038502700713999694e-02,5.627921083944542033e+02,1.160567420392977223e-02,nan,1.634681751826982321e+01,1.000000000000000000e+00
4.400000000000000000e+02,1.532103968024420659e+01,1.828089598608411492e+01,-1.573050687101042872e-02,4.337115946711108450e+02,1.520230954887691333e-02,nan,2.171751185432631459e+01,1.000000000000000000e+00
4.410000000000000000e+02,1.099564074626047443e+02,5.223172219958421181e+01,-1.873528103889383553e-02,5.170408707016024437e+02,2.197410129165044967e-02,nan,7.897996587072309893e+00,1.000000000000000000e+00
4.410000000000000000e+02,1.177246815259704675e+02,5.080614576675247918e+01,-1.357105215186446903e-02,3.738249648237114684e+02,8.733900437154751284e-02,nan,7.897996587072309893e+00,1.000000000000000000e+00
4.420000000000000000e+02,7.961935461160253169e+01,3.038425362624401771e+01,-6.083598076439700880e-03,1.661806985472219367e+02,1.475240327141773555e-01,nan,6.650820276274747478e+00,1.000000000000000000e+00
4.420000000000000000e+02,1.300935569562079479e+02,4.749341322911565300e+01,-1.474135299195962652e-02,4.062800899992915333e+02,1.563339803877616951e-02,nan,9.449753441751814975e+00,1.000000000000000000e+00
4.420000000000000000e+02,3.645937118970865498e+01,5.080246304662345835e+01,-1.972021182448922480e-02,5.443552593105874848e+02,1.254130086474314343e-02,nan,1.890356807788704074e+01,1.000000000000000000e+00
4.420000000000000000e+02,1.324305100371668686e+02,1.259735549624329920e+01,-1.246914497260875714e-03,3.204837494386720920e+01,3.674691670797859411e-01,nan,2.328824519280647110e+01,1.000000000000000000e+00
4.430000000000000000e+02,1.105027718550299340e+02,2.703436542335537851e+01,-1.309623324132444836e-03,3.378743447112950804e+01,3.645002518371907030e-01,nan,1.634681751826982321e+01,1.000000000000000000e+00
4.430000000000000000e+02,1.537966598816705144e+01,3.999832870956281283e+01,-2.013035606388060682e-03,5.329466960973731915e+01,2.048249206456891347e-01,nan,8.008541827303687910e+00,1.000000000000000000e+00
4.450000000000000000e+02,7.905643789329108984e+01,2.259271581692201991e+01,-8.432148902577870503e-03,2.313113969386959639e+02,1.474625293413450722e-01,nan,7.811845919233735280e+00,1.000000000000000000e+00
4.450000000000000000e+02,6.357275968961125301e+01,4.755573260581647332e+01,-1.188429569730672757e-03,3.042645382850414393e+01,3.480290134409026459e-01,nan,1.669856452379758593e+01,1.000000000000000000e+00
4.460000000000000000e+02,1.354451664205186603e+02,3.970508117074781040e+01,-8.173040185453119347e-03,2.241257182138272412e+02,3.339484928988833978e-02,nan,8.415853264085253471e+00,1.000000000000000000e+00
4.460000000000000000e+02,1.149702886210966390e+01,4.700274668303023873e+01,-1.565538496644318118e-03,4.088454888277743748e+01,3.270069272828161067e-01,nan,8.008541827303687910e+00,1.000000000000000000e+00
4.470000000000000000e+02,8.618028953590815888e+01,2.929450903858413113e+01,-5.084704496192552631e-02,1.407573699547499700e+03,1.039388959059761586e-02,nan,6.650820276274747478e+00,1.000000000000000000e+00
4.480000000000000000e+02,4.211862041397241541e+01,2.060894232466712950e+01,-2.260920339096417556e-02,6.244736183758650441e+02,1.107258878470751551e-02,nan,2.057714778913744524e+01,1.000000000000000000e+00
4.490000000000000000e+02,9.516117619135846439e+01,8.794561782221453683e+00,-4.180056240837672424e-03,1.133911196331420115e+02,1.368405132833236948e-01,nan,2.120734897186731160e+01,1.000000000000000000e+00
4.500000000000000000e+02,2.154347045348702494e+01,2.032221032515883152e+01,-1.938781286166771367e-02,5.351370740568470410e+02,9.919378931841693614e-03,nan,2.057714778913744524e+01,1.000000000000000000e+00
4.500000000000000000e+02,8.640657280844443733e+01,4.005437754836860620e+01,-2.248339895832756480e-02,6.209847730559453112e+02,1.583855793588528904e-02,nan,1.076224764941233403e+01,1.000000000000000000e+00
4.500000000000000000e+02,1.336181878371443474e+02,1.403580626134159814e+01,-1.487053037871178748e-02,4.098624750692320617e+02,5.440275698902063972e-02,nan,8.844140455037271309e+00,1.000000000000000000e+00
4.510000000000000000e+02,5.629393620012378108e+01,4.389085532212443752e+01,-1.690465940255312998e-03,4.434907328654561098e+01,2.458962212260200619e-01,nan,1.211844133897259113e+01,1.000000000000000000e+00
4.520000000000000000e+02,1.416840346220916445e+02,1.040800582165610955e+01,-2.837547606848745893e-02,7.843855787315704902e+02,1.480554639024123098e-02,nan,8.844140455037271309e+00,1.000000000000000000e+00
4.530000000000000000e+02,1.289603350797291910e+02,4.886461769043394554e+01,-1.477401918588323350e-02,4.071859984430676036e+02,1.844911803264026595e-02,nan,1.288469754160292702e+01,1.000000000000000000e+00
4.530000000000000000e+02,1.073514577059859079e+02,4.259483588126281717e+01,-1.278123676236502838e-02,3.519215734446882493e+02,2.010273461740450518e-01,nan,1.065371572159753022e+01,1.000000000000000000e+00
4.540000000000000000e+02,6.445163795058189748e+01,3.492935306878028001e+01,-3.645059154085156065e-03,9.855442395264350353e+01,1.033108746241928610e-01,nan,1.211844133897259113e+01,1.000000000000000000e+00
4.550000000000000000e+02,1.161374007014987484e+02,3.533986048360652887e+01,-2.386638083528019524e-02,6.593380309485114594e+02,4.936191929642075316e-02,nan,7.011188961843032530e+00,1.000000000000000000e+00
4.560000000000000000e+02,1.223787642239230848e+02,1.284646979332645778e+01,-1.356688966611380859e-02,3.737095295514712916e+02,1.151222703946930270e-02,nan,1.025855995429959755e+01,1.000000000000000000e+00
4.560000000000000000e+02,1.231569822940466850e+02,2.307546920535559565e+01,-1.701317765987574865e-02,4.692829961308407292e+02,1.066059816794640014e-02,nan,1.025855995429959755e+01,1.000000000000000000e+00
4.560000000000000000e+02,1.179937144515373291e+02,4.210084191532835263e+01,-2.945786078419158904e-02,8.144025882326965302e+02,4.198579411003999784e-02,nan,7.011188961843032530e+00,1.000000000000000000e+00
4.600000000000000000e+02,6.528824442192718891e+01,6.414134185223794304e+00,-2.272702740027935861e-02,6.277411482621993173e+02,1.189045416339296057e-02,nan,1.523901168204491974e+01,1.000000000000000000e+00
4.600000000000000000e+02,6.567638181131273711e+01,3.908212994867215428e+01,-6.230084506048236617e-03,1.702431030560337604e+02,4.362058370654398054e-02,nan,1.287269079110546421e+01,1.000000000000000000e+00
4.610000000000000000e+02,9.884901351691625848e+01,1.038031540330585223e+01,-1.681580370151036438e-02,4.638093637914610099e+02,1.184440847886680803e-02,nan,1.872084447071543423e+01,1.000000000000000000e+00
4.610000000000000000e+02,8.052464121965596178e+01,6.131840601056627982e+00,-2.017878905038855350e-02,5.570726570593773204e+02,2.150577407037490563e-02,nan,1.523901168204491974e+01,1.000000000000000000e+00
4.620000000000000000e+02,2.038070969483699812e+01,4.669657904091067735e+01,-1.626467559216258213e-02,4.485253178745078912e+02,1.022822625861397050e-02,nan,3.472303994358238555e+01,1.000000000000000000e+00
4.630000000000000000e+02,3.906538512878924507e+01,1.742932076734703628e+01,-5.281819285316351371e-03,1.439455346154266238e+02,5.490540130384524709e-02,nan,1.971727151794890531e+01,1.000000000000000000e+00
4.630000000000000000e+02,1.062063578623472324e+02,4.238573079108640229e+01,-1.796258201900776535e-02,4.956121554907243194e+02,9.980474565273955712e-03,nan,1.885695776809000179e+01,1.000000000000000000e+00
4.640000000000000000e+02,1.425609048378396153e+02,4.640087533898489625e+01,-1.762270312010449404e-03,4.634037312469436642e+01,2.195662189772926709e-01,nan,6.602320167702123044e+00,1.000000000000000000e+00
4.650000000000000000e+02,6.677869436614027165e+01,2.472346259618497299e+01,-1.313778456172816789e-03,3.390266580812519237e+01,3.567042910138078504e-01,nan,9.707654763691495603e+00,1.000000000000000000e+00
4.660000000000000000e+02,1.145998338176273137e+02,2.049869855237789906e+01,-4.366908724761052463e-02,1.208512476875753009e+03,7.466603363537327454e-03,nan,1.066601557601067363e+01,1.000000000000000000e+00
4.670000000000000000e+02,6.492870677481937491e+01,7.442992520185332417e+00,-1.539771460285691181e-03,4.016996989439103061e+01,2.786404071315127240e-01,nan,1.737921460065328461e+01,1.000000000000000000e+00
4.680000000000000000e+02,1.156025182013099197e+02,5.596928716461799347e+00,-1.057619971393655538e-02,2.907708411101554589e+02,1.545349880667790110e-02,nan,1.493546518244074939e+01,1.000000000000000000e+00
4.680000000000000000e+02,1.043993863191021205e+02,2.361554938254822389e+01,-2.344594328373146228e-02,6.476783338035286306e+02,9.950170320692008907e-03,nan,1.066601557601067363e+01,1.000000000000000000e+00
4.700000000000000000e+02,6.190857490219833181e+01,4.784333050319833802e+01,1.261785358941112586e-03,-3.246077802926667033e+01,3.533962587723078475e-01,nan,9.123006798398179740e+00,1.000000000000000000e+00
4.740000000000000000e+02,9.573568695534369510e+01,1.274716268144779185e+01,-1.028254534271685894e-02,2.826271322023531525e+02,1.961311109942309727e-02,nan,2.200509990342803235e+01,1.000000000000000000e+00
4.740000000000000000e+02,5.672028579339977483e+01,2.126899140709010183e+01,-1.040356958900858983e-02,2.859834119964947945e+02,1.809537063466692963e-02,nan,1.379400015213392727e+01,1.000000000000000000e+00
4.740000000000000000e+02,8.976745931578621196e+01,3.392745258981000944e+01,-1.979631782439296786e-02,5.464658531586512709e+02,1.160896981075909551e-02,nan,1.723212993804153115e+01,1.000000000000000000e+00
4.740000000000000000e+02,1.413321536696822704e+02,4.821984543968345349e+01,-1.415823349985298636e-02,3.901088496991454235e+02,1.417047982280639218e-02,nan,2.883040870372590803e+01,1.000000000000000000e+00
4.750000000000000000e+02,3.090113929965510309e+01,2.128350459776683223e+01,-1.862362746578309592e-03,4.911616579417952977e+01,2.963440794384940569e-01,nan,6.511621729604156528e+00,1.000000000000000000e+00
4.750000000000000000e+02,4.061533215478934267e+01,3.003202934902446586e+01,-1.838074461682906446e-02,5.072087629535819246e+02,4.194945310120667958e-02,nan,4.403052184884250764e+00,1.000000000000000000e+00
4.750000000000000000e+02,1.068632970357569576e+02,3.609046781258878411e+01,-1.775522706290887445e-02,4.898617272030550680e+02,1.199879208845278100e-02,nan,1.192638655129018765e+01,1.000000000000000000e+00
4.750000000000000000e+02,5.678205636338596207e+01,4.029693661506657065e+01,-7.449492492516179148e-03,2.040600819771983652e+02,6.763650801258203060e-02,nan,8.058169235422363741e+00,1.000000000000000000e+00
4.760000000000000000e+02,7.039541155644386095e+01,3.563469243446228774e+01,-2.703155413406955684e-02,7.471155425892446829e+02,1.061169413238405301e-02,nan,1.438957818742213668e+01,1.000000000000000000e+00
4.760000000000000000e+02,6.878694990188742509e+01,5.952833174436251262e+00,1.216840953423054764e-03,-3.121436663054290861e+01,3.690029465895908745e-01,nan,1.297855999706335872e+01,1.000000000000000000e+00
4.770000000000000000e+02,1.493363828192301668e+01,3.303455169459216023e+01,-1.882728947321253218e-02,5.195924755118491021e+02,1.161408477743430812e-02,nan,8.275279515821971188e+00,1.000000000000000000e+00
4.770000000000000000e+02,1.125487341913888315e+02,4.657447947416928713e+01,-2.439286116350359440e-02,6.739385373905828374e+02,9.648579398699230758e-03,nan,8.589890510146044988e+00,1.000000000000000000e+00
4.780000000000000000e+02,5.163938640104753119e+01,3.409314446145846489e+01,-6.394150239017375691e-03,1.747930219470633233e+02,8.271003941398658021e-02,nan,8.058169235422363741e+00,1.000000000000000000e+00
4.800000000000000000e+02,6.523555462292463858e+01,1.843604634933373276e+01,-1.319353320530988749e-02,3.633554989848371974e+02,1.260870031297656180e-02,nan,7.422854882025982093e+00,1.000000000000000000e+00
4.800000000000000000e+02,1.239495030318765885e+02,2.281205820964271425e+01,-2.408283213282082572e-02,6.653407216374515656e+02,1.161028281347964430e-02,nan,2.036233691388962086e+01,1.000000000000000000e+00
4.800000000000000000e+02,4.318809260598177246e+01,2.645882739509097803e+01,-3.132595646309841581e-02,8.662091639623623678e+02,1.352709252992001510e-02,nan,4.403052184884250764e+00,1.000000000000000000e+00
4.800000000000000000e+02,6.127687620289480108e+00,3.056316514235077619e+01,-1.553422798662824900e-02,4.282683312437097243e+02,1.061520371129841545e-01,nan,5.580763855369299975e+00,1.000000000000000000e+00
4.820000000000000000e+02,1.040263509721088298e+02,4.764928328884046493e+01,-1.603201174212550480e-03,4.192902127230858156e+01,2.666009450327988528e-01,nan,7.379895274604544753e+00,1.000000000000000000e+00
4.840000000000000000e+02,1.407225221870646408e+02,1.126690368428244859e+01,-1.342782051142823313e-03,3.470700198651915969e+01,2.793795938199250539e-01,nan,6.510250822454195507e+00,1.000000000000000000e+00
4.850000000000000000e+02,1.173911511075781178e+01,3.670252058009168650e+01,-2.325181100373864204e-02,6.422946006368708822e+02,7.058540069948016082e-02,nan,3.991834615420245314e+00,1.000000000000000000e+00
4.860000000000000000e+02,8.183444984425021573e+01,3.050208999257753106e+01,-6.003724587329525506e-03,1.639656235866072791e+02,4.201153064748608390e-02,nan,1.583055300532647536e+01,1.000000000000000000e+00
4.860000000000000000e+02,1.011501267119895004e+02,4.085294690299025433e+01,-6.326019989360112498e-03,1.729036139375038204e+02,7.753813099992223901e-02,nan,7.379895274604544753e+00,1.000000000000000000e+00
4.860000000000000000e+02,1.840124966615633184e+01,3.097547240290466775e+01,-2.551241567722240325e-02,7.049863506013084589e+02,9.003201550179795731e-02,nan,4.974953191719523993e+00,1.000000000000000000e+00
4.870000000000000000e+02,4.808346926925116804e+01,1.876167491110096819e+01,-6.172376226935464595e-03,1.686427201817293735e+02,3.933627347240020722e-02,nan,1.158634008162462870e+01,1.000000000000000000e+00
4.870000000000000000e+02,1.089640894984946158e+02,1.796660180341152824e+01,-2.205725977447700256e-02,6.091669565764109393e+02,1.190003499141845111e-02,nan,1.497657988848668786e+01,1.000000000000000000e+00
4.880000000000000000e+02,1.344259853085270322e+02,9.612518871585775670e+00,-4.206389052368746974e-03,1.141213888640830874e+02,7.578514666331093164e-02,nan,6.510250822454195507e+00,1.000000000000000000e+00
4.880000000000000000e+02,4.755145575891761212e+01,5.236813430265573999e+01,1.661297484742935409e-03,-4.354016514737381982e+01,3.228766760368708688e-01,nan,2.148895990932768996e+01,1.000000000000000000e+00
4.890000000000000000e+02,9.386976727447996893e+01,4.743599300581811207e+01,-1.734450749415534718e-02,4.784715319991686897e+02,1.080789113515501221e-02,nan,9.815300786592898064e+00,1.000000000000000000e+00
4.890000000000000000e+02,1.410850437080348740e+01,3.348993001619352583e+01,-1.985812626834164776e-02,5.481799430033609042e+02,2.859800910946427299e-01,nan,3.991834615420245314e+00,1.000000000000000000e+00
4.890000000000000000e+02,6.903974325175011018e+01,5.253813021458063304e+01,-1.276013532435384731e-03,3.285535789792584893e+01,3.406874203912252375e-01,nan,1.182391258402978274e+01,1.000000000000000000e+00
4.900000000000000000e+02,9.180120945059381654e+01,8.770268353545905171e+00,-2.021518593712787193e-02,5.580820261674349467e+02,1.774257169597281969e-02,nan,1.125640654049739631e+01,1.000000000000000000e+00
4.900000000000000000e+02,1.203351613101609985e+02,8.219978233674664736e+00,-2.071792954754126878e-02,5.720242590089180794e+02,1.310117618469630596e-02,nan,5.191390879676321291e+00,1.000000000000000000e+00
4.900000000000000000e+02,1.256039200839645673e+02,2.642313965670293285e+01,-1.027088619387228445e-02,2.823037972766423991e+02,2.397069322325640073e-02,nan,1.382467637494955071e+01,1.000000000000000000e+00
4.900000000000000000e+02,7.923864581416350461e+01,4.655588186490679448e+01,-1.885309462833013178e-03,4.975253084058449105e+01,2.378806880724173567e-01,nan,1.182391258402978274e+01,1.000000000000000000e+00
4.920000000000000000e+02,5.786252832167948412e+01,2.870803605826125704e+01,-1.432454066859386102e-02,3.947209287425498019e+02,1.641404397468804177e-02,nan,7.045817724747756472e+00,1.000000000000000000e+00
4.930000000000000000e+02,1.123087458978438207e+02,3.021260139061670813e+01,-2.579635909002874275e-02,7.128607523702261233e+02,7.891511860771749376e-03,nan,7.203775610896419934e+00,1.000000000000000000e+00
4.930000000000000000e+02,6.228608391455119353e+00,7.839244371631706620e+00,-3.871497612863967347e-02,1.071123618394835830e+03,1.564172889352999363e-02,nan,2.683375550834210799e+01,1.000000000000000000e+00
4.950000000000000000e+02,9.034996155744751434e+01,4.089053645428547412e+01,-1.135097232623464431e-02,3.122570617922675069e+02,1.973576294708112577e-02,nan,1.247226828482289918e+01,1.000000000000000000e+00
4.950000000000000000e+02,6.411225656448633003e+01,4.894067892563384703e+01,-2.411681251147060334e-02,6.662830754364134691e+02,1.106379080458341768e-02,nan,1.448258560995526523e+01,1.000000000000000000e+00
4.960000000000000000e+02,1.051101202990013661e+02,3.048494775067353757e+01,-5.109187951175033111e-03,1.391580719675075670e+02,2.368454407908778814e-01,nan,7.203775610896419934e+00,1.000000000000000000e+00
4.970000000000000000e+02,1.016858418669167463e+02,2.104153777997644070e+01,-2.246654232307162408e-02,6.205172999169649302e+02,3.694668529394096179e-02,nan,1.004508211290984043e+01,1.000000000000000000e+00
4.990000000000000000e+02,5.022424482256010947e+01,4.483356122512869035e+01,-2.383196454975301457e-02,6.583835884525356050e+02,1.556822197692475651e-02,nan,9.903053616967712358e+00,1.000000000000000000e+00
5.000000000000000000e+02,6.619830557790172065e+01,1.982578837245359082e+01,-2.796008795708542632e-02,7.728659141375463832e+02,1.823291221545665364e-01,nan,1.463451315703132138e+01,1.000000000000000000e+00
5.010000000000000000e+02,3.919974869549283625e+01,1.466900650275988482e+01,-2.802435610200110228e-02,7.746482171288618019e+02,1.173162218218970487e-02,nan,2.748662352825952127e+01,1.000000000000000000e+00
5.010000000000000000e+02,5.901184876656459011e+01,4.026754678539526111e+01,-2.078817125367570656e-02,5.739722225470404737e+02,1.898006499431592609e-02,nan,9.903053616967712358e+00,1.000000000000000000e+00
5.010000000000000000e+02,2.952292552087551414e+01,4.051101200485353360e+01,-8.936985418054006064e-03,2.453116708354910998e+02,3.001000150784962628e-01,nan,6.575467482149356613e+00,1.000000000000000000e+00
5.020000000000000000e+02,7.868972463036507747e+01,2.745031625285892929e+01,-1.799084012780730740e-02,4.963958176286064941e+02,1.265214207013465320e-02,nan,1.463451315703132138e+01,1.000000000000000000e+00
5.020000000000000000e+02,6.650378291544146236e+01,5.081511295026493258e+01,-5.585133590674989761e-03,1.523571356420125085e+02,5.394275770273349035e-02,nan,1.293755113201145690e+01,1.000000000000000000e+00
5.030000000000000000e+02,7.210677346274748878e+00,1.182957806648712662e+01,-6.274894770233853739e-03,1.714857944080939376e+02,5.480288861998539041e-02,nan,9.390904390750446140e+00,1.000000000000000000e+00
5.030000000000000000e+02,2.698718314937833185e+01,4.657787142585526396e+01,-1.714902691350677494e-02,4.730504073643878655e+02,2.173482219814593108e-02,nan,6.575467482149356613e+00,1.000000000000000000e+00
5.060000000000000000e+02,1.323379642869677753e+02,1.601678331524468746e+01,-1.655376480422977858e-02,4.565424244535203115e+02,1.757427996858906827e-02,nan,8.999393813487184701e+00,1.000000000000000000e+00
5.060000000000000000e+02,1.271811760702476022e+02,2.339219003610607928e+01,-7.761763987223202141e-03,2.127200863985041508e+02,1.247713097671876437e-01,nan,8.999393813487184701e+00,1.000000000000000000e+00
5.060000000000000000e+02,1.650573851587529717e+01,4.994164196664392819e+01,-1.484303783332028247e-02,4.091000437596859456e+02,1.443855886370537522e-02,nan,1.100798046220410242e+01,1.000000000000000000e+00
5.060000000000000000e+02,1.069645539538780383e+02,3.137102021720818001e+01,-1.428501345160939967e-03,3.708419451856426718e+01,2.730572571263754078e-01,nan,1.093445590933735367e+01,1.000000000000000000e+00
5.070000000000000000e+02,5.606184185826468536e+01,1.344974358406770953e+01,-1.893972399520401501e-02,5.227105425594581902e+02,1.252698048884748339e-02,nan,1.479928742959642030e+01,1.000000000000000000e+00
5.070000000000000000e+02,1.142504545284611872e+01,2.022172837129757283e+01,-2.028784299530008925e-02,5.600969729546875442e+02,2.542658967823918648e-02,nan,7.550794132864653285e+00,1.000000000000000000e+00
5.070000000000000000e+02,1.410791477727098595e+02,3.675949780424498670e+01,-1.578416088302945488e-03,4.124167402096564672e+01,2.746230629442422133e-01,nan,1.928311526726395897e+01,1.000000000000000000e+00
5.080000000000000000e+02,7.933757022699057870e+01,2.007988979550243513e+01,-9.425928735926536808e-03,2.588711899280572197e+02,2.336252105189373651e-02,nan,1.003005788544698440e+01,1.000000000000000000e+00
5.080000000000000000e+02,8.871618825814805120e+01,2.487792956475309936e+01,-1.570709103073735305e-02,4.330622197402236679e+02,1.428357791463785720e-02,nan,1.053468850045709893e+01,1.000000000000000000e+00
5.090000000000000000e+02,1.202223219298184773e+02,8.852850024196426304e+00,-2.335789715646912484e-02,6.452366128514254342e+02,1.825387493722574472e-02,nan,1.407518134607649607e+01,1.000000000000000000e+00
5.090000000000000000e+02,1.070580951552136071e+02,1.951272887906324982e+01,-1.535044049190825537e-02,4.231714826877788482e+02,1.845525584309071210e-02,nan,5.527236173615910353e+00,1.000000000000000000e+00
5.090000000000000000e+02,4.515806686997023434e+01,4.886540203971156870e+01,-1.103748544560044335e-02,3.035633519329651335e+02,1.988007485065690361e-02,nan,1.507859365591463607e+01,1.000000000000000000e+00
5.100000000000000000e+02,9.667485841876145969e+01,3.507027579473245993e+01,-1.571492569395223013e-02,4.332794929119037306e+02,1.367898034732450974e-02,nan,1.093445590933735367e+01,1.000000000000000000e+00
5.110000000000000000e+02,6.930755540112464530e+01,2.005049968956856787e+01,-5.952140252185463346e-03,1.625350717175139721e+02,3.333971882710262680e-02,nan,1.003005788544698440e+01,1.000000000000000000e+00
5.110000000000000000e+02,7.765463421592055937e+00,1.361703675143933268e+01,-2.560221672706260859e-02,7.074767395796034180e+02,2.230953250036717961e-01,nan,7.550794132864653285e+00,1.000000000000000000e+00
5.130000000000000000e+02,1.417534955820095277e+01,2.531708289211042384e+01,-2.543342306811129105e-02,7.027957044624588434e+02,9.688860365015705689e-03,nan,1.334082905887499315e+01,1.000000000000000000e+00
5.140000000000000000e+02,1.065978451892806476e+02,1.400468842098862154e+01,-2.102151496175170067e-02,5.804433785054731061e+02,1.309358151687078919e-02,nan,5.527236173615910353e+00,1.000000000000000000e+00
5.140000000000000000e+02,3.078810336084416832e+01,1.679393042771316402e+01,-3.335036790039083709e-02,9.223507340212706822e+02,1.052259814465039689e-02,nan,1.867157510331138681e+01,1.000000000000000000e+00
5.140000000000000000e+02,1.314641790485166268e+02,4.005406526283166357e+01,-1.672970900063646543e-02,4.614217603666959349e+02,1.458136291114930927e-02,nan,1.337670440832330243e+01,1.000000000000000000e+00
5.140000000000000000e+02,5.513297889031882448e+00,4.669862822419846538e+01,-4.941328706033344675e-03,1.345029502874197931e+02,6.746560960257363959e-02,nan,2.018079072441167554e+01,1.000000000000000000e+00
5.160000000000000000e+02,5.179615788981224256e+01,1.109141548980715086e+01,-2.601677988139291034e-02,7.189735262228389274e+02,1.265614629833600180e-02,nan,1.222530986632012606e+01,1.000000000000000000e+00
5.160000000000000000e+02,1.046319306741355035e+02,4.310873321400414682e+01,-3.606648147937004806e-02,9.976747901756656347e+02,8.045066288979496605e-03,nan,1.014825994945308452e+01,1.000000000000000000e+00
5.160000000000000000e+02,2.509636117628036800e+01,4.182339012230838904e+01,-1.751962079825552989e-03,4.605450221489261509e+01,2.772901091113297856e-01,nan,9.303249475469675289e+00,1.000000000000000000e+00
5.180000000000000000e+02,1.268605899379547708e+02,2.749447975499055730e+01,-2.515336879874053785e-02,6.950291575567553082e+02,1.996504600299464638e-02,nan,1.314128760232811466e+01,1.000000000000000000e+00
5.180000000000000000e+02,3.397072401031955025e+01,3.903123412869864239e+01,-1.222028165091997021e-02,3.363650022314687931e+02,1.717797855179137301e-02,nan,9.303249475469675289e+00,1.000000000000000000e+00
5.190000000000000000e+02,5.860528125431775237e+01,2.124493903262170491e+01,-1.558341616194870542e-02,4.296324321077695458e+02,1.069442502915263216e-02,nan,1.222530986632012606e+01,1.000000000000000000e+00
5.200000000000000000e+02,8.067439082870814104e+01,9.410035379817383472e+00,-1.465720641503536793e-02,4.039465125176661218e+02,2.182706812781431971e-02,nan,2.062518160059674344e+01,1.000000000000000000e+00
5.200000000000000000e+02,1.007704355594287620e+02,3.372384986466146728e+01,-1.660899626334566212e-02,4.580741194312751645e+02,1.032335704074982541e-02,nan,8.858118244323957668e+00,1.000000000000000000e+00
5.200000000000000000e+02,8.212196862621389926e+01,4.704349758205463417e+01,-1.711454318314073464e-02,4.720940944684150509e+02,2.246386958864676764e-01,nan,1.646265686161522979e+01,1.000000000000000000e+00
5.210000000000000000e+02,1.354073592148110663e+02,1.260700419211690892e+01,-2.490464893411369410e-02,6.881315855277877063e+02,1.053877614535159157e-02,nan,1.716636809890125548e+01,1.000000000000000000e+00
5.210000000000000000e+02,1.279585807799200268e+02,4.058981693881530362e+01,-2.120567511006193201e-02,5.855505615997583391e+02,9.644964242838227619e-03,nan,1.314128760232811466e+01,1.000000000000000000e+00
5.220000000000000000e+02,7.490301994524534734e+01,2.921128266838767473e+01,-1.290280025436274514e-02,3.552928077584615494e+02,2.632276996665945390e-01,nan,1.461720938222379473e+01,1.000000000000000000e+00
5.240000000000000000e+02,1.061246387286919344e+02,4.078067402661117313e+01,-1.714662212343217099e-02,4.729837170227096976e+02,8.526236132775699694e-03,nan,8.858118244323957668e+00,1.000000000000000000e+00
5.250000000000000000e+02,8.921416198658948815e+01,3.218685380621039371e+01,-1.532435438101238407e-03,3.996652518160428258e+01,2.878172957729373538e-01,nan,1.002354110130898590e+01,1.000000000000000000e+00
5.280000000000000000e+02,4.064028743963230283e+01,1.280540774036388640e+01,-8.536119809786919810e-03,2.341947485458040603e+02,2.833148437851229495e-02,nan,1.341036153822039623e+01,1.000000000000000000e+00
5.290000000000000000e+02,5.372835238767206079e+01,1.572779589077682161e+01,-6.853715521141112710e-03,1.875378207600453777e+02,5.948229898776602464e-02,nan,1.079345425830844007e+01,1.000000000000000000e+00
5.300000000000000000e+02,8.456791309976331661e+01,4.106850610132401869e+01,-2.874255365273613652e-02,7.945654816571906167e+02,2.120346683273610644e-02,nan,6.308843632808900814e+00,1.000000000000000000e+00
5.300000000000000000e+02,7.825954979480977158e+01,4.114635464626223893e+01,-1.313531980503703477e-02,3.617411079427885738e+02,1.829381343656170111e-01,nan,6.308843632808900814e+00,1.000000000000000000e+00
5.310000000000000000e+02,1.428216580974939234e+02,1.014980239531962170e+01,-3.433598592402811039e-02,9.496841813166299744e+02,6.675440498913021159e-02,nan,4.307748240930158623e+00,1.000000000000000000e+00
5.310000000000000000e+02,2.873499774247149219e+01,3.102436777281677394e+01,-1.991682798439008834e-02,5.498078761613157894e+02,2.472335721447393997e-02,nan,4.890778734569712682e+00,1.000000000000000000e+00
5.310000000000000000e+02,9.845443708401641913e+01,5.280546021052862926e+01,-2.300599132224326673e-02,6.354774573347222031e+02,1.427902175649664596e-02,nan,7.745569224312217393e+00,1.000000000000000000e+00
5.320000000000000000e+02,6.375227687897861983e+01,1.172534756271796219e+01,-9.398704497182521628e-03,2.581161993769310357e+02,2.172348849033178819e-02,nan,1.057855714003783021e+01,1.000000000000000000e+00
5.320000000000000000e+02,2.325267741864983861e+01,2.212133612413139616e+01,-2.038960759385270022e-02,5.629191385648557571e+02,2.254240319717215613e-02,nan,6.300359254681713317e+00,1.000000000000000000e+00
5.330000000000000000e+02,4.049710999505878561e+01,4.869812938492998455e+01,-3.262933227371675460e-02,9.023547631409478527e+02,1.408730310069827851e-02,nan,1.699069150883339674e+01,1.000000000000000000e+00
5.340000000000000000e+02,4.283776299404969734e+01,3.186943539262451708e+01,-1.764586131298439414e-02,4.868287642399320703e+02,1.471541637995976703e-02,nan,1.347737394568335212e+01,1.000000000000000000e+00
5.340000000000000000e+02,1.413435066692643431e+02,6.103598833651013855e+00,-1.563486054538059528e-02,4.310591027950492276e+02,3.480738403242057410e-01,nan,4.307748240930158623e+00,1.000000000000000000e+00
5.340000000000000000e+02,6.555548492099684665e+01,2.214908546820302604e+01,-1.040185948828629796e-02,2.859359869831107517e+02,2.098699060608311129e-02,nan,1.057855714003783021e+01,1.000000000000000000e+00
5.350000000000000000e+02,1.370236622606372805e+02,1.484441418536875901e+01,-3.121462949827408934e-02,8.631218120140401879e+02,2.086378860621451725e-02,nan,7.460303987336931897e+00,1.000000000000000000e+00
5.350000000000000000e+02,7.074369098100856945e+01,5.243639421017076074e+01,-3.531680886272777625e-02,9.768846499140802280e+02,2.578582628091774520e-02,nan,6.674293390894791678e+00,1.000000000000000000e+00
5.350000000000000000e+02,2.220216455710790626e+01,4.061535828425952843e+01,-1.209164708031468596e-02,3.327976706976709806e+02,1.615919432672285883e-02,nan,1.160452534222631016e+01,1.000000000000000000e+00
5.360000000000000000e+02,2.470604921979583324e+01,2.825177143866552498e+01,-1.452951105864328657e-02,4.004052275471210010e+02,4.152955102543853805e-02,nan,4.890778734569712682e+00,1.000000000000000000e+00
5.370000000000000000e+02,7.739772128396093365e+01,5.295607968729472503e+01,-9.532081224444429596e-03,2.618150417860695711e+02,3.376164791126970988e-01,nan,6.674293390894791678e+00,1.000000000000000000e+00
5.370000000000000000e+02,4.950068393385389243e+01,2.015427030536675090e+01,-1.807286700004447598e-03,4.758878076249363431e+01,2.423153435299305603e-01,nan,1.347737394568335212e+01,1.000000000000000000e+00
5.380000000000000000e+02,9.285901364883845588e+01,1.507429989403103221e+01,-1.810206516359450651e-02,4.994803428510599019e+02,1.384059159286799012e-02,nan,1.850589650557665067e+01,1.000000000000000000e+00
5.400000000000000000e+02,2.478259889716500552e+01,5.352036994918129231e+00,-2.920213160293200910e-02,8.073106317848540812e+02,9.162255117744932953e-03,nan,1.231045851569780858e+01,1.000000000000000000e+00
5.410000000000000000e+02,8.922504501771324215e+01,3.321989102419573925e+01,-1.764037623685597075e-03,4.638938472895546994e+01,2.430587042944478693e-01,nan,1.261117472652185079e+01,1.000000000000000000e+00
5.410000000000000000e+02,6.963174039595168097e+01,4.296731871506725042e+01,-1.484385700282973494e-03,3.863399579931417804e+01,2.363894311642417145e-01,nan,1.265250192306722177e+01,1.000000000000000000e+00
5.410000000000000000e+02,9.003367653739688592e+01,4.580511422635777308e+01,-1.594419566245528028e-03,4.168548715180892827e+01,3.463892787673625850e-01,nan,1.261117472652185079e+01,1.000000000000000000e+00
5.430000000000000000e+02,1.689473264033637889e+01,1.480343661513846065e+01,-3.031454147034436108e-02,8.381603075746131708e+02,1.157781769011012596e-02,nan,1.231045851569780858e+01,1.000000000000000000e+00
5.430000000000000000e+02,1.293812284363516198e+02,3.707017896859355233e+01,-1.167471056848536949e-03,2.984522621951736809e+01,3.532993316917314441e-01,nan,2.713253874612945893e+01,1.000000000000000000e+00
5.450000000000000000e+02,4.401913686312684604e+01,2.917739107094145723e+01,-1.657983995758186349e-02,4.572655482324844343e+02,1.564474862247955400e-02,nan,1.268376112220710539e+01,1.000000000000000000e+00
5.460000000000000000e+02,3.504041918904938058e+01,7.073405109201583052e+00,-1.434958882902507941e-02,3.954155716534675662e+02,1.494765151658805635e-02,nan,1.972357288644531437e+01,1.000000000000000000e+00
5.470000000000000000e+02,3.184443933736181975e+01,3.273471258597821532e+01,-1.236945876236194945e-02,3.405020255158297573e+02,1.813522065449246767e-02,nan,1.268376112220710539e+01,1.000000000000000000e+00
5.480000000000000000e+02,4.806458947579086427e+00,3.858546193234623445e+01,-2.382260665603171471e-02,6.581240726069519269e+02,1.158450243620823272e-02,nan,2.321626518199857969e+01,1.000000000000000000e+00
5.480000000000000000e+02,2.512568218514753582e+01,4.981596218935784748e+01,-3.583210983305773478e-02,9.911751271334221656e+02,8.806619607701904329e-03,nan,1.490683095533069213e+01,1.000000000000000000e+00
5.480000000000000000e+02,1.047897774882565045e+02,8.940056805310963028e+00,-9.160355259007234296e-03,2.515062285938167292e+02,2.209983917263802500e-02,nan,2.796411143118060139e+01,1.000000000000000000e+00
5.500000000000000000e+02,6.931386245055931283e+01,5.111433904955064378e+01,-3.135719003859792180e-03,8.442925393980402760e+01,9.855541056274153000e-02,nan,1.468516905844602860e+01,1.000000000000000000e+00
5.520000000000000000e+02,5.570963525189552001e+01,3.572073937983125091e+01,-1.216711980236883511e-02,3.348907022991949134e+02,1.068059691831391156e-01,nan,8.617294370091208577e+00,1.000000000000000000e+00
5.520000000000000000e+02,1.075014523815008829e+02,3.677238238922208780e+01,-1.195017207761862356e-02,3.288742445456886685e+02,1.586085712237583767e-02,nan,1.220975235633063605e+01,1.000000000000000000e+00
5.530000000000000000e+02,6.239542893802839529e+01,2.854366893019163953e+01,-3.471349698263196532e-02,9.601534284045476397e+02,1.419167048622604899e-02,nan,8.992749264014745947e+00,1.000000000000000000e+00
5.540000000000000000e+02,1.154130913984352986e+02,1.825456575372889390e+01,-1.193933179128890167e-02,3.285736185547326613e+02,1.697541466671592669e-02,nan,1.571567399048207214e+01,1.000000000000000000e+00
5.540000000000000000e+02,5.562591742270753059e+01,1.342049021742865200e+01,-1.725432833815938654e-03,4.531878540554145474e+01,2.715405080875129551e-01,nan,1.014410208287788606e+01,1.000000000000000000e+00
5.540000000000000000e+02,1.374499675759050632e+01,1.526736372319184021e+01,-1.212321051084877185e-02,3.336729969846035146e+02,2.463042202534537761e-02,nan,1.848579533792235452e+01,1.000000000000000000e+00
5.540000000000000000e+02,9.595420073798892702e+01,3.280513749076523311e+01,-2.422765759115856274e-02,6.693570636051970268e+02,9.876289411528849094e-03,nan,1.220975235633063605e+01,1.000000000000000000e+00
5.540000000000000000e+02,6.416964111741926047e+01,3.735966067632768528e+01,-1.597453113146778472e-02,4.404789468319261800e+02,6.599924790573352684e-02,nan,8.617294370091208577e+00,1.000000000000000000e+00
5.560000000000000000e+02,3.853244103720139435e+01,2.765276295637000814e+01,-3.214224966338722483e-02,8.888468457341656404e+02,8.245910289410907090e-03,nan,1.124391353349485634e+01,1.000000000000000000e+00
5.560000000000000000e+02,9.305987808154355889e+01,2.067136845458421845e+01,-1.907484931691643543e-02,5.264578775013100085e+02,7.692783513923329153e-03,nan,1.247419154346277281e+01,1.000000000000000000e+00
5.570000000000000000e+02,7.838517400827751658e+01,4.299070651114216446e+01,-1.529752867740412012e-02,4.217041167728239088e+02,1.147427836544046009e-02,nan,1.529019465424996937e+01,1.000000000000000000e+00
5.570000000000000000e+02,1.295196154649773845e+01,4.429136862200483193e+01,-1.950544809177597039e-02,5.383993686630025195e+02,1.411873497988869186e-02,nan,2.903483709636327958e+01,1.000000000000000000e+00
5.590000000000000000e+02,3.193774388623304006e+01,1.854586661152679739e+01,-1.184339445741986775e-02,3.259130563530702602e+02,2.056077525357768998e-02,nan,1.124391353349485634e+01,1.000000000000000000e+00
5.590000000000000000e+02,1.191483108687238968e+02,3.351990376125075954e+01,-2.980307544546625855e-03,8.011933789691862273e+01,1.151613547386094449e-01,nan,8.416611662049827913e+00,1.000000000000000000e+00
5.600000000000000000e+02,1.107595174260214890e+02,3.420364087844293266e+01,-1.545390713388198993e-03,4.032580466489357462e+01,3.182156501872070997e-01,nan,8.416611662049827913e+00,1.000000000000000000e+00
5.610000000000000000e+02,2.037969224732320228e+01,5.285284238169035476e+00,-2.947617579596164758e-02,8.149105054956980894e+02,1.244156677373875475e-02,nan,5.674945107257265420e+00,1.000000000000000000e+00
5.610000000000000000e+02,7.325965355733698914e+01,6.004298759612499481e+00,-2.593611055211437338e-02,7.167363807899157564e+02,1.030717548957782448e-02,nan,1.234365849569847740e+01,1.000000000000000000e+00
5.610000000000000000e+02,1.054883832243503576e+02,4.484247170701681995e+01,-1.149412032499101330e-02,3.162268839602957087e+02,1.782242260290201052e-02,nan,1.187306098573747271e+01,1.000000000000000000e+00
5.610000000000000000e+02,1.142340889488870346e+02,8.030784866561125668e+00,-1.467017244922945787e-03,3.815232871551516070e+01,2.947373556666983418e-01,nan,2.466032358466784657e+01,1.000000000000000000e+00
5.630000000000000000e+02,4.991567898191168950e+01,4.011645548862055222e+01,-7.011886615248957844e-03,1.919242678021676056e+02,3.331086328953802855e-02,nan,5.010540483030275105e+00,1.000000000000000000e+00
5.630000000000000000e+02,7.200334441385137119e+00,5.308697789135823086e+01,-4.088580870962334191e-02,1.131325782434403664e+03,8.628958089629490402e-03,nan,2.253810346246181595e+01,1.000000000000000000e+00
5.630000000000000000e+02,6.589397282662410760e+01,1.590948186905748152e+01,-3.421432350261834759e-02,9.463102034634678148e+02,9.295305839693290828e-03,nan,1.234365849569847740e+01,1.000000000000000000e+00
5.640000000000000000e+02,6.276251315256958208e+01,3.589310875605880824e+01,-1.538939876144018379e-02,4.242518848125691875e+02,1.442525993594223621e-02,nan,8.599726796309646204e+00,1.000000000000000000e+00
5.650000000000000000e+02,7.134589896620153127e+01,2.875544667010197486e+01,-1.471021579797203785e-02,4.054165842289279453e+02,1.750441378141709414e-02,nan,1.116336562506862684e+01,1.000000000000000000e+00
5.660000000000000000e+02,2.143268550186748911e+01,1.086168156765223891e+01,-2.695191575389491515e-02,7.449069877383925586e+02,4.254499624331431473e-02,nan,5.340735712661436985e+00,1.000000000000000000e+00
5.660000000000000000e+02,3.673078051187123094e+01,2.663726713368860999e+01,-3.871024065220921365e-03,1.048209489562517973e+02,1.012827833894227592e-01,nan,1.758633234267982459e+01,1.000000000000000000e+00
5.670000000000000000e+02,2.920255541282075029e+01,4.820145028333550385e+01,-1.645256089233724031e-02,4.537358079697933704e+02,1.389519434391595087e-02,nan,2.223512151572368722e+01,1.000000000000000000e+00
5.670000000000000000e+02,7.555546677530242050e+01,4.718075551723424610e+01,-1.217682073310821095e-02,3.351597313476919453e+02,1.869656932402974370e-02,nan,1.248488022696349731e+01,1.000000000000000000e+00
5.670000000000000000e+02,8.772253241742491525e+01,4.997981749259428597e+01,-2.094905476383636736e-02,5.784338911044401357e+02,1.656016174252894491e-02,nan,1.248488022696349731e+01,1.000000000000000000e+00
5.680000000000000000e+02,5.439193347315714533e+01,3.786508664685113956e+01,-4.985976345796487401e-03,1.357411316914331394e+02,2.837980056066347068e-01,nan,5.010540483030275105e+00,1.000000000000000000e+00
5.680000000000000000e+02,2.018229807607452031e+01,2.068522426259685432e+01,-1.236763877490147136e-02,3.404515530912838130e+02,2.036855251165414771e-02,nan,9.902800603565683701e+00,1.000000000000000000e+00
5.680000000000000000e+02,1.019322392006109510e+02,2.161171871096490804e+01,-1.640374790275884315e-02,4.523821118664628216e+02,6.269908590914752278e-02,nan,7.068240671104692119e+00,1.000000000000000000e+00
5.680000000000000000e+02,9.201857424371738148e+00,2.943422642607073669e+01,-1.534326196890798723e-03,4.001896025734687612e+01,2.778789413174322931e-01,nan,1.403976907794560880e+01,1.000000000000000000e+00
5.700000000000000000e+02,1.343126766330054522e+02,2.578328790774009605e+01,-2.371034958291265426e-02,6.550109266233711196e+02,1.821138055796811539e-02,nan,7.818224813740334511e+00,1.000000000000000000e+00
5.700000000000000000e+02,5.681000322940104752e+01,3.004782807757442598e+01,-2.526069488835233287e-02,6.980055560635470329e+02,1.436099690728642742e-02,nan,8.182700830715472051e+00,1.000000000000000000e+00
5.700000000000000000e+02,9.934147888666900883e+01,1.243792472620225453e+01,-7.580373708813260315e-03,2.076897181463978654e+02,4.947387809193726227e-02,nan,7.850446335409450249e+00,1.000000000000000000e+00
5.710000000000000000e+02,2.018457060970827399e+01,5.668833874096452341e+00,-4.996614822115107851e-02,1.383144413496341485e+03,1.180513838851038333e-02,nan,5.340735712661436985e+00,1.000000000000000000e+00
5.720000000000000000e+02,1.129839683330153690e+02,1.961352466975844422e+01,-2.326579498245362823e-02,6.426824084244912001e+02,1.647711133685136886e-02,nan,9.054985412085690299e+00,1.000000000000000000e+00
5.720000000000000000e+02,9.855139949216220430e+01,2.781896842806463965e+01,-2.592305741666116672e-02,7.163743874198750063e+02,1.619681326137389910e-02,nan,7.068240671104692119e+00,1.000000000000000000e+00
5.730000000000000000e+02,7.850013699241128506e+01,2.009244919657862383e+01,-1.225707986378302833e-02,3.373855010329659194e+02,1.579834854536232847e-02,nan,1.371864779353984787e+01,1.000000000000000000e+00
5.730000000000000000e+02,7.898203746428642091e+01,4.286970385533629013e+01,-2.186427072614581871e-02,6.038149278445548589e+02,1.744315441546684387e-02,nan,6.421962783912017692e+00,1.000000000000000000e+00
5.740000000000000000e+02,1.420884933541027806e+02,2.659649978547447802e+01,-3.884812442222282391e-02,1.074816125814385032e+03,1.213049203644134266e-02,nan,7.818224813740334511e+00,1.000000000000000000e+00
5.740000000000000000e+02,1.039673642031958281e+02,1.878069168577795978e+01,-2.812207843893688511e-02,7.773582815576314715e+02,1.379124885159654923e-02,nan,7.850446335409450249e+00,1.000000000000000000e+00
5.750000000000000000e+02,1.299596474699314967e+02,1.542780640245043777e+01,-1.126198657104418924e-02,3.097892828036487458e+02,2.920560609423261678e-02,nan,9.361131505767431804e+00,1.000000000000000000e+00
5.750000000000000000e+02,1.435415678076751966e+01,4.141650779593132370e+01,-3.118130175160496037e-02,8.621975571960408615e+02,2.235883587048936860e-01,nan,1.338758697630749595e+01,1.000000000000000000e+00
5.750000000000000000e+02,1.389381118716196966e+02,1.807694967073348025e+01,-2.213765010791962293e-02,6.113963648152144970e+02,4.428599249657527714e-02,nan,8.987897427639271797e+00,1.000000000000000000e+00
5.760000000000000000e+02,1.001864577421404761e+02,3.733400315356414012e+01,-1.883228372665956066e-02,5.197309776091120739e+02,9.242009185772115387e-03,nan,9.654496429554644266e+00,1.000000000000000000e+00
5.770000000000000000e+02,1.442180943309460019e+02,6.367401250058385642e+00,-4.112349475158907919e-02,1.137917361266269609e+03,1.780384897948916745e-02,nan,1.284491101514245770e+01,1.000000000000000000e+00
5.780000000000000000e+02,9.546957846952484772e+01,2.556646076993305172e+01,-2.592672542769449903e-02,7.164761097746351197e+02,1.147343439033232659e-02,nan,1.087469652169002288e+01,1.000000000000000000e+00
5.780000000000000000e+02,2.048792158573812117e+01,2.951674248877076323e+01,-2.476619793960455757e-02,6.842920220552772435e+02,1.698364032041299598e-02,nan,1.338758697630749595e+01,1.000000000000000000e+00
5.780000000000000000e+02,7.645586686491796513e+01,3.365792953931010345e+01,-1.390033477531780332e-02,3.829567268426573037e+02,1.528390384773592459e-02,nan,9.551875415148236570e+00,1.000000000000000000e+00
5.780000000000000000e+02,8.150116084997198129e+01,4.877695561615054487e+01,-2.168061439583636452e-02,5.987217167784186813e+02,1.441866507717559642e-02,nan,6.421962783912017692e+00,1.000000000000000000e+00
5.800000000000000000e+02,1.345743332679183482e+02,4.035643665578320594e+01,-1.616177550284491693e-03,4.228888592873830277e+01,2.568873838246611419e-01,nan,2.270282149908072000e+01,1.000000000000000000e+00
5.820000000000000000e+02,1.249630725656858203e+02,1.435826907630582561e+01,-2.613408602834426178e-02,7.222266945986401652e+02,1.215692516381761124e-02,nan,1.172034632642591134e+01,1.000000000000000000e+00
5.820000000000000000e+02,1.105767364168354447e+02,2.262869893910367480e+01,-3.242002813964563190e-02,8.965502796796761231e+02,8.755497451561788935e-03,nan,1.539014833650630187e+01,1.000000000000000000e+00
5.830000000000000000e+02,7.432028259610905252e+01,4.712514188669113935e+01,-1.288357841124103051e-03,3.319769387682318751e+01,3.462033006331394214e-01,nan,7.368412386235728029e+00,1.000000000000000000e+00
5.840000000000000000e+02,1.363292357722606027e+02,1.149874954098682700e+01,-1.854700879651394879e-02,5.118196498119125408e+02,1.577033911640834951e-02,nan,1.172034632642591134e+01,1.000000000000000000e+00
5.860000000000000000e+02,1.365061696540836067e+02,4.860808098386725362e+01,1.225190372432232106e-03,-3.144591516046123658e+01,3.434299610523892099e-01,nan,2.104141406529445391e+01,1.000000000000000000e+00
5.870000000000000000e+02,5.230371746502514441e+01,2.873468366288691200e+01,-1.277464069132929272e-02,3.517386492735713546e+02,2.091260423115026690e-02,nan,1.824697801667278085e+01,1.000000000000000000e+00
5.870000000000000000e+02,1.991882302002468208e+01,3.856385945263969006e+01,-1.540586946142634764e-02,4.247086550817735429e+02,1.299601349154655416e-02,nan,8.232472032938710882e+00,1.000000000000000000e+00
5.880000000000000000e+02,5.070223857319270877e+01,4.691124747731440436e+01,-2.582350133558814972e-02,7.136134690623762253e+02,1.072799211483232984e-02,nan,1.824697801667278085e+01,1.000000000000000000e+00
5.880000000000000000e+02,9.626226530469774900e+01,3.688643952422648198e+01,-1.829624449452130555e-02,5.048653808479798499e+02,1.494474450301197521e-02,nan,9.773771618243108250e+00,1.000000000000000000e+00
5.880000000000000000e+02,1.313340704503386576e+02,2.284024756990421778e+01,-6.317128553668164247e-03,1.726570340424151766e+02,3.323269457993582865e-02,nan,1.239279040947875643e+01,1.000000000000000000e+00
5.880000000000000000e+02,8.187778920754789169e+01,1.109221337583550238e+01,-1.469276897195077609e-03,3.821499405320675891e+01,2.827024456838659328e-01,nan,2.836918334790754059e+01,1.000000000000000000e+00
5.890000000000000000e+02,3.262465264717648949e+01,1.394295148730120459e+01,-1.843486896047985459e-03,4.859269518664975607e+01,2.430209753413647977e-01,nan,1.718465309877621650e+01,1.000000000000000000e+00
5.890000000000000000e+02,1.182894456408475321e+02,3.807755050849425515e+01,-1.410038162639156876e-03,3.657216814094043400e+01,3.414863143337149021e-01,nan,8.992368138088449925e+00,1.000000000000000000e+00
5.920000000000000000e+02,2.804805353931724454e+01,3.726416451254012685e+01,-1.464055460584084674e-03,3.807019164599635985e+01,3.314945016418900936e-01,nan,6.606618148206820251e+00,1.000000000000000000e+00
5.930000000000000000e+02,7.884857761595195313e+01,3.929920614288770508e+01,-3.580986026545985440e-02,9.905580956174634366e+02,1.127565973885047423e-02,nan,1.664481507585757569e+01,1.000000000000000000e+00
5.940000000000000000e+02,5.247155532433190928e+01,3.013203730596318053e+01,-1.873439493401411271e-03,4.942334937669557604e+01,3.011168088801218223e-01,nan,5.484626256649411502e+00,1.000000000000000000e+00
5.950000000000000000e+02,2.968519353758288659e+01,5.509110083462274154e+00,-3.049186785456199991e-02,8.430779747244108648e+02,1.123940366955966663e-02,nan,2.520984731531457257e+01,1.000000000000000000e+00
5.950000000000000000e+02,1.237929479357445501e+02,4.360328722604098317e+01,-1.442169975601294936e-03,3.746325697560257595e+01,3.269900172833013485e-01,nan,1.210856087217067056e+01,1.000000000000000000e+00
5.960000000000000000e+02,1.259597575722665681e+02,1.090749468036791647e+01,-5.968548201789961039e-02,1.652683820962776508e+03,1.496414156941050511e-02,nan,1.056005816339870407e+01,1.000000000000000000e+00
5.970000000000000000e+02,1.141803557315745650e+02,2.880016386815437457e+01,-1.414671359710663670e-02,3.897893763869559507e+02,1.413400328888625435e-02,nan,1.225955693868153062e+01,1.000000000000000000e+00
5.970000000000000000e+02,6.463041568764954548e+01,3.064508918677556792e+01,-1.732831264556551360e-03,4.552396085066026643e+01,3.360181480165949086e-01,nan,1.216967984653095947e+01,1.000000000000000000e+00
5.980000000000000000e+02,1.313678060680906015e+02,1.997765674513715695e+01,-1.091545726956894870e-02,3.001792308656608839e+02,7.061890031360595898e-02,nan,1.056005816339870407e+01,1.000000000000000000e+00
5.990000000000000000e+02,1.081192541530763975e+02,3.945660717668379647e+01,-1.348546771057683620e-02,3.714515120670284887e+02,1.458993632036675869e-02,nan,5.938766019313768574e+00,1.000000000000000000e+00
5.990000000000000000e+02,1.936609359788274887e+01,5.281157292376499868e+01,-1.930638929111526056e-02,5.328790117843227563e+02,1.421034853629155048e-02,nan,1.735317652280471279e+01,1.000000000000000000e+00
5.990000000000000000e+02,4.978674005871314989e+01,3.491459856167424647e+01,-1.359789375107054062e-03,3.517865406882977908e+01,3.416326458012804990e-01,nan,5.484626256649411502e+00,1.000000000000000000e+00
5.990000000000000000e+02,7.413770386412591051e+01,5.060123709208662035e+01,-1.448660014197336067e-03,3.764324062409054505e+01,2.603151141475447128e-01,nan,2.210512084765016638e+01,1.000000000000000000e+00
6.000000000000000000e+02,2.942049169368845085e+01,3.866795901632679744e+01,-1.830965610743391127e-03,4.824545124048056977e+01,2.366269127133491246e-01,nan,1.570218966946329786e+01,1.000000000000000000e+00
6.020000000000000000e+02,1.010903710162191516e+02,2.042080437142146110e+01,-2.442315032628895877e-02,6.747785253116225022e+02,8.732464909278481180e-03,nan,1.554224454265619926e+01,1.000000000000000000e+00
6.020000000000000000e+02,3.814583388800412678e+01,2.561318349133616579e+01,-2.556863249598448004e-02,7.065453718609597900e+02,1.118814731217698810e-02,nan,1.490057108925573282e+01,1.000000000000000000e+00
6.020000000000000000e+02,1.014481219756125796e+02,5.058591406707103033e+01,-2.083423035998076614e-02,5.752495471540061089e+02,9.895402290647670185e-03,nan,1.021075802143186273e+01,1.000000000000000000e+00
6.020000000000000000e+02,5.431299329227542927e+01,8.756776599631940883e+00,-2.722808159504983699e-02,7.525656996155655634e+02,1.131509177590150905e-02,nan,1.498902688451560117e+01,1.000000000000000000e+00
6.020000000000000000e+02,3.822589952300072014e+01,5.265139058874119371e+01,-5.717318434364587580e-03,1.560229243873333758e+02,4.974390111708948403e-02,nan,1.652487717294472347e+01,1.000000000000000000e+00
6.030000000000000000e+02,1.114080638420347356e+02,4.833666143792368075e+01,-7.397953208800200735e-03,2.026307794874848582e+02,4.352684814727814100e-02,nan,9.469510697641714714e+00,1.000000000000000000e+00
6.040000000000000000e+02,1.254751106432556362e+01,2.650892334261312655e+01,-2.409201176419486015e-02,6.655952938594843999e+02,1.061353230777295487e-02,nan,1.710037416329845072e+01,1.000000000000000000e+00
6.050000000000000000e+02,1.320959602201305358e+02,2.532717441104272993e+01,-1.418234560773819902e-02,3.907775337270899172e+02,1.728360657692429303e-02,nan,1.866805468231519072e+01,1.000000000000000000e+00
6.050000000000000000e+02,3.936205187489992596e+01,7.688938747269865814e+00,-2.317703409632016192e-03,6.174380623553653180e+01,2.213061393249463604e-01,nan,1.498902688451560117e+01,1.000000000000000000e+00
6.080000000000000000e+02,1.231110385809512877e+02,5.513356022212173357e+00,-2.429806881739785679e-02,6.713097283244468372e+02,3.869746810625873668e-02,nan,1.406184570490490593e+01,1.000000000000000000e+00
6.080000000000000000e+02,2.268211031410335465e+01,4.028254648872862731e+01,-2.232262967804407583e-02,6.165262723549082011e+02,3.133124143661647487e-02,nan,9.354776110126666211e+00,1.000000000000000000e+00
6.080000000000000000e+02,1.173524846681890921e+02,3.677820904862963403e+01,-1.874611731203961948e-02,5.173413853977677945e+02,2.779185154425856119e-02,nan,5.269948799771097647e+00,1.000000000000000000e+00
6.080000000000000000e+02,3.544877780415239954e+01,3.330379425037732943e+01,-5.264950436979902795e-03,1.434777227797256387e+02,5.333331097683380317e-02,nan,1.454959730046740596e+01,1.000000000000000000e+00
6.090000000000000000e+02,7.092324305393402994e+01,3.025437532815845287e+01,-1.678386957552758249e-03,4.401409540549649080e+01,1.999234293656769745e-01,nan,1.465558359016656809e+01,1.000000000000000000e+00
6.100000000000000000e+02,2.738431749847369190e+01,4.836964013637810922e+01,-3.390367324342294375e-02,9.376951596195333423e+02,1.819231430935552840e-02,nan,9.354776110126666211e+00,1.000000000000000000e+00
6.110000000000000000e+02,5.821057848923666000e+01,2.296230497510731183e+01,-2.530462381350855397e-02,6.992238058638786242e+02,8.998583646727342789e-03,nan,1.465558359016656809e+01,1.000000000000000000e+00
6.110000000000000000e+02,1.415567943996992994e+02,4.687743557917554682e+01,-2.337799332582752437e-02,6.457939256976022762e+02,1.283065177058884121e-02,nan,1.449039170234533636e+01,1.000000000000000000e+00
6.120000000000000000e+02,3.512652196485677081e+01,1.656750688289045215e+01,-1.924125700301047501e-02,5.310727441213507518e+02,1.464862740849315337e-02,nan,1.673938958484033179e+01,1.000000000000000000e+00
6.120000000000000000e+02,1.267670149397362280e+02,1.909162327148069593e+01,-1.519081371178562789e-02,4.187446661353499735e+02,1.235760280687836499e-02,nan,1.157817723801652221e+01,1.000000000000000000e+00
6.120000000000000000e+02,1.149490242132248596e+01,7.191503279995811404e+00,-1.384209076750962750e-03,3.585586837685243466e+01,3.350413864317877133e-01,nan,2.542366782767279787e+01,1.000000000000000000e+00
6.130000000000000000e+02,1.366994022016201029e+02,3.322543232978251382e+01,-1.868264175750075987e-02,5.155810627545912439e+02,1.388114053244271506e-02,nan,1.207057795692143465e+01,1.000000000000000000e+00
6.130000000000000000e+02,1.216155670621429437e+02,3.987635185595300413e+01,-8.713780862059377838e-03,2.391216968079783101e+02,1.360135488497620226e-01,nan,5.269948799771097647e+00,1.000000000000000000e+00
6.130000000000000000e+02,1.124066805388025614e+02,4.264407406365745601e+01,-3.116029203672352269e-02,8.616149096382345078e+02,1.168274087424714391e-02,nan,7.672636499977319779e+00,1.000000000000000000e+00
6.150000000000000000e+02,1.021911242422975334e+02,2.617122404066162034e+01,-3.659096057541569996e-02,1.012219797861683105e+03,9.305355972562212585e-03,nan,1.079870246138862733e+01,1.000000000000000000e+00
6.160000000000000000e+02,1.265447410723074881e+02,4.810761450150000940e+01,-4.080441687005537804e-02,1.129068600134821281e+03,8.274786590082627846e-03,nan,9.594292113671498257e+00,1.000000000000000000e+00
6.160000000000000000e+02,1.381438261732905914e+02,2.124158939004981406e+01,-2.565420412185493923e-02,7.089184692167455069e+02,1.305961478052275471e-02,nan,1.157817723801652221e+01,1.000000000000000000e+00
6.180000000000000000e+02,1.395044055789047945e+02,5.738363292578385177e+00,-2.990765479616357830e-02,8.268764073240255357e+02,9.577786488389916641e-03,nan,1.556281451885553757e+01,1.000000000000000000e+00
6.180000000000000000e+02,9.729350184993541006e+01,3.579542633235488580e+01,-1.036841247444036246e-02,2.850084246128821519e+02,2.747448858963763563e-02,nan,1.079870246138862733e+01,1.000000000000000000e+00
6.200000000000000000e+02,6.290529651290916036e+01,3.876184328078763741e+01,-1.472605890265006124e-03,3.830731466265311269e+01,2.960281867530903943e-01,nan,2.772734921540453357e+01,1.000000000000000000e+00
6.230000000000000000e+02,2.702140813219414994e+01,6.930726495335299830e+00,-1.181206954065300470e-02,3.250443445996885430e+02,2.612647625310360322e-02,nan,1.618687243096599460e+01,1.000000000000000000e+00
6.240000000000000000e+02,1.425838717872070731e+02,1.068972267812255339e+01,-2.732325516822524392e-02,7.552050809822950441e+02,1.267865922487831920e-02,nan,2.563990141976377757e+01,1.000000000000000000e+00
6.240000000000000000e+02,1.146533925381134367e+01,1.140549577959754934e+01,-1.422332701301618624e-02,3.919140420440967887e+02,1.266329967241852650e-02,nan,1.236339061414276586e+01,1.000000000000000000e+00
6.240000000000000000e+02,1.076606996810243828e+02,4.408937814196936955e+01,-9.340001406737930348e-03,2.564882281038200063e+02,1.904436304224377263e-02,nan,2.069692569803729398e+01,1.000000000000000000e+00
6.250000000000000000e+02,9.802225955467551444e+01,2.577372349134700968e+01,-7.448235148980300417e-03,2.040252129585259411e+02,4.624876181896220295e-02,nan,1.735339761364547329e+01,1.000000000000000000e+00
6.250000000000000000e+02,3.539297030241942110e+01,4.220826185672900266e+01,-2.001361795971320218e-02,5.524920840651549270e+02,1.013294254645635828e-02,nan,2.669011156560962661e+01,1.000000000000000000e+00
6.250000000000000000e+02,1.008761446393389249e+01,2.369188263176977571e+01,-1.255479516446403147e-02,3.456418288242898598e+02,2.663285821788585750e-02,nan,1.236339061414276586e+01,1.000000000000000000e+00
6.260000000000000000e+02,8.506292122525384514e+01,1.135513785109089646e+01,-2.261761675997713689e-03,6.019241371710288036e+01,2.898892699962405395e-01,nan,9.191145453223199979e+00,1.000000000000000000e+00
6.260000000000000000e+02,7.405410834357364358e+00,4.079070117822416819e+01,-1.536722912918568086e-02,4.236370700869316579e+02,1.544144555030002586e-02,nan,1.730791183231201558e+01,1.000000000000000000e+00
6.270000000000000000e+02,1.408049202141575336e+02,4.187619845575773780e+01,-1.085296767153780782e-02,2.984462510567192339e+02,1.767935723867863906e-02,nan,1.602735395100403437e+01,1.000000000000000000e+00
6.280000000000000000e+02,6.208298755755684084e+01,4.213730901918506788e+01,-4.267921791773736373e-02,1.181061131112480098e+03,3.761817489311447549e-02,nan,6.466072047152220392e+00,1.000000000000000000e+00
6.280000000000000000e+02,5.678317367136910576e+01,1.604188025909243720e+01,-1.695876244209704349e-03,4.449911341816119403e+01,2.922703967704499695e-01,nan,1.120619609603556732e+01,1.000000000000000000e+00
6.290000000000000000e+02,1.282319625522457329e+02,3.193653999570299007e+01,-1.210978393743336774e-02,3.333006473237755927e+02,1.569449791812660422e-02,nan,1.602735395100403437e+01,1.000000000000000000e+00
6.300000000000000000e+02,6.328994055672105645e+01,6.918239777218436082e+00,-1.625011401895267230e-02,4.481214920674252653e+02,1.357680964497920417e-02,nan,1.120619609603556732e+01,1.000000000000000000e+00
6.300000000000000000e+02,8.169117783115700604e+01,1.990548879281661243e+01,-2.703444445063466969e-02,7.471956976935597368e+02,1.092494489487372267e-02,nan,9.191145453223199979e+00,1.000000000000000000e+00
6.300000000000000000e+02,7.539238508695106589e+01,4.398500314627059993e+01,-1.956586694616988670e-02,5.400749220037660052e+02,4.095220863778736842e-02,nan,9.586153436453823673e+00,1.000000000000000000e+00
6.310000000000000000e+02,6.630444706985176140e+01,4.703520318964424973e+01,-2.699515900880286590e-02,7.461062223308609873e+02,1.254402717516949206e-01,nan,6.466072047152220392e+00,1.000000000000000000e+00
6.320000000000000000e+02,1.098409339025169658e+02,3.136998968280624212e+01,-2.354598239887368064e-02,6.504526478031075385e+02,8.933259299397144915e-03,nan,1.490144577503142287e+01,1.000000000000000000e+00
6.330000000000000000e+02,1.911745939081884416e+01,3.657556159577959676e+01,-1.310982413727082053e-02,3.610340546275741644e+02,1.875876215374017164e-02,nan,3.258167180899037163e+01,1.000000000000000000e+00
6.350000000000000000e+02,9.498696410174125049e+01,7.189431491298793553e+00,-2.570648039006654187e-02,7.103682099760376332e+02,1.061718145645706990e-02,nan,1.599065111275077200e+01,1.000000000000000000e+00
6.350000000000000000e+02,4.486781250766109963e+01,1.661348123759322704e+01,-2.932145429553052046e-02,8.106197235943217265e+02,9.851787854088356333e-03,nan,2.081760093841103298e+01,1.000000000000000000e+00
6.350000000000000000e+02,9.495306148907765476e+01,3.200586796310410875e+01,-1.503537116590496214e-02,4.144338879906827628e+02,1.098511917430011753e-02,nan,1.330221223259461283e+01,1.000000000000000000e+00
6.380000000000000000e+02,1.079584959046212305e+02,3.480006300711669098e+01,-2.369597395942683871e-02,6.546122576284217303e+02,1.067102677672782107e-02,nan,1.248557500347190974e+01,1.000000000000000000e+00
6.390000000000000000e+02,1.082503527581631602e+02,1.612158936934909903e+01,-1.365623663670387060e-02,3.761873258711967196e+02,1.217221361458054041e-02,nan,1.241945844833549728e+01,1.000000000000000000e+00
6.400000000000000000e+02,1.326734643458117091e+02,7.555284201752371587e+00,-2.393824548908407221e-02,6.613310025460666566e+02,1.014290346863622183e-02,nan,9.834081438683464071e+00,1.000000000000000000e+00
6.400000000000000000e+02,5.023534774519171009e+01,4.318798731742963071e+01,-1.214452296868488365e-02,3.342640402985722972e+02,1.440554665086091202e-02,nan,1.697661293170717300e+01,1.000000000000000000e+00
6.410000000000000000e+02,5.782902547674963500e+01,1.313822363518020531e+01,-1.659168702126350564e-02,4.575940944674161415e+02,1.747250577202041910e-02,nan,1.595499521417327315e+01,1.000000000000000000e+00
6.410000000000000000e+02,3.027439137778566902e+01,1.360248663897051635e+01,-1.908593200394297085e-02,5.267652258192849786e+02,1.174444780390282439e-02,nan,1.071134122338825101e+01,1.000000000000000000e+00
6.410000000000000000e+02,9.987072591034885249e+01,2.528809372168110414e+01,-2.349144075704728135e-03,6.261572798252127825e+01,2.104191294996519135e-01,nan,1.241945844833549728e+01,1.000000000000000000e+00
6.410000000000000000e+02,6.710415297585835503e+01,4.127780493795879124e+01,-1.710730718350644830e-02,4.718934236102431328e+02,1.628410109181499532e-01,nan,9.359740646851982149e+00,1.000000000000000000e+00
6.420000000000000000e+02,7.634035846525709701e+01,4.279347414129232163e+01,-2.508176295425077612e-02,6.930433633347930709e+02,1.621220889257746212e-02,nan,9.359740646851982149e+00,1.000000000000000000e+00
6.420000000000000000e+02,1.973086217926734420e+01,4.436889853203594924e+01,-1.513611371632260115e-03,3.944449066480905230e+01,2.728632676615218022e-01,nan,2.741219597117405371e+01,1.000000000000000000e+00
6.440000000000000000e+02,9.060205543158801333e+01,5.239334561477372176e+01,-1.394014902602467437e-02,3.840608672877400522e+02,1.153368015987499273e-02,nan,8.870076528686375639e+00,1.000000000000000000e+00
6.440000000000000000e+02,7.369348905810541339e+01,1.144097068993950472e+01,-1.183379163935287769e-02,3.256467481938988726e+02,2.258813303264828320e-02,nan,1.595499521417327315e+01,1.000000000000000000e+00
6.450000000000000000e+02,1.317706748809688406e+02,1.734783897182271062e+01,-2.618325078654048024e-02,7.235901460521617992e+02,6.846274194539758717e-03,nan,9.834081438683464071e+00,1.000000000000000000e+00
6.450000000000000000e+02,7.518778026592603680e+01,2.925639983286692569e+01,-7.648263482415105022e-03,2.095724572036564268e+02,4.472540336824026852e-02,nan,9.619594556297254684e+00,1.000000000000000000e+00
6.460000000000000000e+02,2.010260936766660222e+01,1.695922337909098943e+01,-1.918944607936260913e-02,5.296359084335996386e+02,1.207241940700265470e-02,nan,1.071134122338825101e+01,1.000000000000000000e+00
6.480000000000000000e+02,8.419792870342324420e+01,3.262594350550427436e+01,-2.339442735368613482e-02,6.462496789646398838e+02,1.160436606966996909e-02,nan,9.619594556297254684e+00,1.000000000000000000e+00
6.490000000000000000e+02,3.500973163209980044e+01,2.574214264204293912e+01,-4.243454603260732316e-02,1.174275818834831171e+03,9.778653636582479436e-03,nan,1.730207978788366319e+01,1.000000000000000000e+00
6.500000000000000000e+02,1.317047067013587593e+02,3.556301543031324996e+01,-2.579992722170094260e-02,7.129597048413314724e+02,9.980878361150025135e-03,nan,8.248193979525291653e+00,1.000000000000000000e+00
6.510000000000000000e+02,7.248558579783573919e+01,1.395205045316757975e+01,-1.849409416338096412e-02,5.103522057299179551e+02,1.210427579076100990e-02,nan,2.204298659592603116e+01,1.000000000000000000e+00
6.520000000000000000e+02,1.920655822682319069e+01,3.758056655815084923e+01,-2.580584236815791285e-02,7.131237454128801119e+02,2.990509216846470864e-02,nan,1.974559623041850998e+01,1.000000000000000000e+00
6.520000000000000000e+02,1.069837171236365805e+02,2.602741295870529115e+01,-1.733300241106562264e-02,4.781524696700311097e+02,1.265387124435934929e-02,nan,1.952505614659974498e+01,1.000000000000000000e+00
6.530000000000000000e+02,1.396531216626067078e+02,2.116311167094859869e+01,-2.750429339473526094e-02,7.602256860281480613e+02,1.079886219228953781e-02,nan,1.644793387253105621e+01,1.000000000000000000e+00
6.530000000000000000e+02,7.045654159190456767e+01,3.661123576616036956e+01,-3.270057424960322312e-02,9.043304664523826659e+02,9.207177285165180081e-03,nan,1.430762992782022458e+01,1.000000000000000000e+00
6.530000000000000000e+02,1.235028745503571628e+02,3.643631565971536190e+01,-1.780492899609951302e-02,4.912400757506295577e+02,9.373696777851270312e-02,nan,8.248193979525291653e+00,1.000000000000000000e+00
6.580000000000000000e+02,3.235812325956511160e+01,5.783788681914722396e+00,-1.577900400775274561e-02,4.350565314512136865e+02,1.845787548803590195e-02,nan,2.392842315409986753e+01,1.000000000000000000e+00
6.580000000000000000e+02,8.056515492213646823e+00,7.235620286854263838e+00,-2.614713602842923951e-02,7.225886010177321168e+02,2.836251014730495346e-02,nan,1.755940517674943635e+01,1.000000000000000000e+00
6.580000000000000000e+02,1.802419363278861653e+01,4.934373655321506646e+01,-1.343511721637224467e-02,3.700551774357302293e+02,1.127024006699894887e-02,nan,2.310856033912748231e+01,1.000000000000000000e+00
6.580000000000000000e+02,7.429169362162143386e+01,1.018759405141086560e+01,-1.762935141122453329e-03,4.635881036007112499e+01,2.296833129752041680e-01,nan,2.670050996817273514e+01,1.000000000000000000e+00
6.590000000000000000e+02,1.117572019658900473e+02,2.057190210864173707e+01,-2.212926025453167481e-02,6.111636949472782590e+02,1.136260179164849671e-02,nan,2.436339635371812307e+01,1.000000000000000000e+00
6.590000000000000000e+02,3.002995560340129089e+01,2.959868045169724482e+01,-3.165801654665440553e-03,8.526351481022363998e+01,8.666395773048973794e-02,nan,2.310856033912748231e+01,1.000000000000000000e+00
6.590000000000000000e+02,7.026111369411714769e+00,2.476476680073130865e+01,-3.861676213582906914e-02,1.068399919221551045e+03,2.060444347037460044e-02,nan,1.755940517674943635e+01,1.000000000000000000e+00
6.620000000000000000e+02,1.359757819149701845e+02,1.791945660715086319e+01,-1.601616979375923566e-02,4.416336823926583861e+02,1.832243318478277150e-02,nan,8.477072418102972406e+00,1.000000000000000000e+00
6.620000000000000000e+02,1.302973969204247737e+02,3.730986510749832519e+01,-1.414819282001257388e-02,3.898303986292119703e+02,1.336508491657428799e-02,nan,1.372765202341855861e+01,1.000000000000000000e+00
6.620000000000000000e+02,1.357417183998967687e+02,4.991176154034634038e+01,-1.782870961118225919e-02,4.918995667232243818e+02,8.863830589238452795e-03,nan,1.372765202341855861e+01,1.000000000000000000e+00
6.630000000000000000e+02,4.833893604925937382e+01,5.015753400133269224e+01,-1.250765851261046932e-03,3.215518181940603171e+01,3.629369868021239398e-01,nan,2.752971529533445150e+01,1.000000000000000000e+00
6.660000000000000000e+02,5.608926362202990568e+00,1.645430406576685201e+01,-1.713131365894484878e-02,4.725591782082784107e+02,1.355300260716962857e-02,nan,2.209749239033462231e+01,1.000000000000000000e+00
6.660000000000000000e+02,1.338474719506795054e+02,9.713906444141487739e+00,-3.341503818318509317e-02,9.241441892178482931e+02,1.086107699270777438e-02,nan,8.477072418102972406e+00,1.000000000000000000e+00
6.670000000000000000e+02,2.768518348562628617e+01,1.548577871173699982e+01,-7.815255574403641090e-03,2.142035307388845524e+02,3.755857336887191700e-02,nan,1.993095020193085531e+01,1.000000000000000000e+00
6.680000000000000000e+02,9.993401507614079549e+01,2.328244366862611514e+01,-2.596463720209155751e-02,7.175274901902765805e+02,9.821131475387434584e-03,nan,2.291093003269199002e+01,1.000000000000000000e+00
6.690000000000000000e+02,6.110255796899150482e+01,4.185753281547236782e+01,-1.759897288858301712e-02,4.855284407409686196e+02,1.854103492293246447e-02,nan,6.926878142754214096e+00,1.000000000000000000e+00
6.700000000000000000e+02,4.956641245895287540e+01,1.424465800422502859e+01,-3.823047177378475353e-02,1.057687201922938357e+03,8.457431402623338812e-03,nan,9.690321476331009265e+00,1.000000000000000000e+00
6.700000000000000000e+02,1.358190609215544384e+02,3.758062673171961876e+01,-1.076980688921687877e-02,2.961400119193488081e+02,2.399706478706109536e-02,nan,1.853108933192445917e+01,1.000000000000000000e+00
6.720000000000000000e+02,1.180647230359726478e+02,4.711845819872126384e+01,-2.703429168847868574e-02,7.471914612487714749e+02,1.021551973692647053e-02,nan,1.953884751039259271e+01,1.000000000000000000e+00
6.720000000000000000e+02,4.603394289212810264e+01,2.326818220899662037e+01,-8.718266517883732983e-03,2.392460943272197369e+02,1.213806582553935698e-01,nan,8.788309111978296784e+00,1.000000000000000000e+00
6.730000000000000000e+02,1.434333122212543969e+02,2.068611729898431761e+01,-2.526648640080313146e-02,6.981661679806769598e+02,8.956424360694881237e-03,nan,1.853108933192445917e+01,1.000000000000000000e+00
6.730000000000000000e+02,6.728349348997393520e+01,3.873060510763777131e+01,-1.433337447104091229e-02,3.949659103356349306e+02,1.515844612681922499e-01,nan,4.585117861885874113e+00,1.000000000000000000e+00
6.730000000000000000e+02,8.710446670052195373e+01,4.256046933395239762e+01,-2.830182723606243164e-02,7.823431277706746414e+02,9.324439647137805487e-03,nan,1.765396036762347265e+01,1.000000000000000000e+00
6.730000000000000000e+02,1.131325097166767648e+02,4.555178673794351596e+00,-2.148573006793959989e-02,5.933171275993371410e+02,1.125589557610366942e-01,nan,2.291093003269199002e+01,1.000000000000000000e+00
6.740000000000000000e+02,6.749946574301461055e+01,2.605246185605248144e+01,-2.460529705538786957e-02,6.798298716754745783e+02,1.179832426633364850e-02,nan,1.267998266251973583e+01,1.000000000000000000e+00
6.740000000000000000e+02,6.865836265579918063e+01,1.203560279299715852e+01,-5.722935166367567467e-03,1.561786892419664525e+02,4.468416445464684639e-02,nan,1.296840633245308716e+01,1.000000000000000000e+00
6.760000000000000000e+02,5.591040096067669651e+01,1.441657642227137082e+01,-1.346404974324944513e-02,3.708575427329892022e+02,1.534741918466908661e-02,nan,1.296840633245308716e+01,1.000000000000000000e+00
6.760000000000000000e+02,1.041499543717816749e+02,3.340183415865864447e+01,-1.927133157804339358e-02,5.319067810320790386e+02,4.310558333712855017e-02,nan,1.889316563682503514e+01,1.000000000000000000e+00
6.770000000000000000e+02,4.151821385290693911e+01,1.572878115241291574e+01,-2.459103852221939876e-02,6.794344498634512775e+02,1.082232637636904027e-02,nan,8.788309111978296784e+00,1.000000000000000000e+00
6.770000000000000000e+02,4.782647115440593666e+01,4.171060252796463885e+01,-1.621016565046081229e-02,4.470136322287037274e+02,1.759764460037727130e-02,nan,1.852932877339460660e+01,1.000000000000000000e+00
6.770000000000000000e+02,2.502438082003947528e+01,1.170490225747049884e+01,-1.422544848026088132e-03,3.691900719792295149e+01,3.196563944940494784e-01,nan,1.650644616388767005e+01,1.000000000000000000e+00
6.780000000000000000e+02,6.945175750083720345e+01,4.277064681368240429e+01,-4.065690933098049797e-02,1.124977877919644925e+03,9.996002311334684087e-03,nan,4.585117861885874113e+00,1.000000000000000000e+00
6.800000000000000000e+02,9.243336610359347105e+01,4.822321287773403498e+01,-1.206817993334906476e-02,3.321468729145803991e+02,1.211118549199496908e-02,nan,1.272507096327663234e+01,1.000000000000000000e+00
6.800000000000000000e+02,8.155462763235490797e+01,4.162166152257363194e+01,-2.386594113087823696e-02,6.593258369374359518e+02,1.335831583851709858e-02,nan,1.215728722287861707e+01,1.000000000000000000e+00
6.800000000000000000e+02,3.555179830017406317e+01,2.441852668798907189e+01,2.757594952844795184e-03,-7.394300716705855336e+01,2.818403531217656965e-01,nan,1.054086296376907050e+01,1.000000000000000000e+00
6.820000000000000000e+02,1.152090029975789491e+02,1.161455888511106949e+01,-9.312624377858371577e-03,2.557290003319683365e+02,2.248467952446264739e-02,nan,1.299779654382098748e+01,1.000000000000000000e+00
6.830000000000000000e+02,7.709513231413701817e+01,2.420758756906445441e+01,-2.183527065828289038e-02,6.030106894809258620e+02,1.387602793058517747e-02,nan,8.938832388488727076e+00,1.000000000000000000e+00
6.830000000000000000e+02,1.080480433241180691e+02,4.456331365426950697e+01,-1.849449123664314090e-02,5.103632174817568625e+02,1.719281398892258395e-02,nan,1.603786167252623684e+01,1.000000000000000000e+00
6.840000000000000000e+02,5.475305122133767100e+01,7.977682181542888884e+00,-1.382186539124857783e-02,3.807805909336970558e+02,1.826065161946910376e-02,nan,1.916503455982796567e+01,1.000000000000000000e+00
6.840000000000000000e+02,1.067083622558040616e+02,2.584513695257266974e+01,-1.518974920411900707e-02,4.187151448974025243e+02,5.114736283978749132e-02,nan,7.203380039254927425e+00,1.000000000000000000e+00
6.840000000000000000e+02,7.363127135577227023e+01,1.596717545979397634e+01,-7.866133035562217213e-03,2.156144793718728465e+02,1.425540092166047712e-01,nan,8.938832388488727076e+00,1.000000000000000000e+00
6.850000000000000000e+02,1.137915676443783184e+02,2.453483721083075153e+01,-2.218840946200629008e-02,6.128040380683418107e+02,2.929430744527905528e-02,nan,7.203380039254927425e+00,1.000000000000000000e+00
6.870000000000000000e+02,1.307687141516453551e+02,5.117695643783182646e+01,-2.385233098493376273e-03,6.361655931745794135e+01,1.352800214029657999e-01,nan,8.750437679698304549e+00,1.000000000000000000e+00
6.880000000000000000e+02,5.262550132946853410e+01,4.285961480405019586e+01,-3.564614247971280986e-02,9.860178261005612512e+02,9.391260285909086569e-03,nan,3.076785596203443163e+01,1.000000000000000000e+00
6.880000000000000000e+02,1.312764571150877373e+02,4.244126203673476283e+01,-1.631827708757294364e-03,4.272290070071024815e+01,2.423643207799063282e-01,nan,8.750437679698304549e+00,1.000000000000000000e+00
6.890000000000000000e+02,1.110393031505565773e+02,1.306953032305968421e+01,-3.727286194792883006e-02,1.031130486160013334e+03,9.504984290938711666e-03,nan,1.179102293589163253e+01,1.000000000000000000e+00
6.890000000000000000e+02,3.587467572980033026e+01,4.675336275989900869e+00,-1.790649110095355809e-02,4.940566257463259490e+02,1.615540486935462816e-02,nan,1.916503455982796567e+01,1.000000000000000000e+00
6.900000000000000000e+02,1.135857365787464168e+01,2.066189686765214972e+01,-2.543097655666582205e-02,7.027278570915216278e+02,1.018935567340928383e-02,nan,1.051014116394579823e+01,1.000000000000000000e+00
6.900000000000000000e+02,1.138602990275772413e+02,3.372232531936599997e+01,-2.719159232149231248e-02,7.515537684092449808e+02,6.318191445092047331e-02,nan,5.789534036318457311e+00,1.000000000000000000e+00
6.920000000000000000e+02,7.793145282067767710e+01,9.238041523211006023e+00,-1.761587920024159162e-02,4.859972915204758124e+02,1.312575046149966340e-02,nan,1.369890143633479873e+01,1.000000000000000000e+00
6.920000000000000000e+02,2.135234024257628604e+01,1.740802275567904189e+01,-1.968290274567108256e-02,5.433205930250109077e+02,1.709990579455644699e-02,nan,1.051014116394579823e+01,1.000000000000000000e+00
6.950000000000000000e+02,8.495302557045616254e+01,2.100058447454528832e+01,-3.463630168119116726e-02,9.580126257276700699e+02,1.070040130260940803e-02,nan,1.369890143633479873e+01,1.000000000000000000e+00
6.960000000000000000e+02,1.213005863532246877e+02,1.166153152007322724e+01,-2.019662044655357730e-03,5.347843593380138572e+01,1.936615549501229383e-01,nan,2.350813946975890900e+01,1.000000000000000000e+00
6.960000000000000000e+02,3.766081726306703814e+01,1.629983737749911299e+01,-7.353817953485689181e-03,2.014068076788581152e+02,2.767892128527638107e-02,nan,1.326886174430696030e+01,1.000000000000000000e+00
6.970000000000000000e+02,9.826147489020790715e+01,6.989062758880122850e+00,-1.608763823944880933e-02,4.436156662309085732e+02,1.131457061086382776e-02,nan,1.932453270029982306e+01,1.000000000000000000e+00
6.970000000000000000e+02,7.570714027212613928e+01,4.252610221464723850e+01,-2.564357187735363114e-02,7.086236127026210170e+02,9.170773254146502573e-03,nan,2.126091640353265788e+01,1.000000000000000000e+00
6.970000000000000000e+02,1.270603636544302333e+02,4.456902494222622835e+01,-2.719663381196138832e-02,7.516935804974190205e+02,7.668867003826740358e-03,nan,1.025319134453730996e+01,1.000000000000000000e+00
6.980000000000000000e+02,5.571222381963262649e+01,3.327741741212037851e+01,-1.582746200567349080e-03,4.136175796071066912e+01,3.292208915937155922e-01,nan,2.203031671398954217e+01,1.000000000000000000e+00
7.000000000000000000e+02,9.555984630115962375e+01,5.013508569752993083e+01,-1.293361001495754899e-02,3.561472330502119235e+02,1.481173241354283299e-02,nan,1.125738478467329706e+01,1.000000000000000000e+00
7.010000000000000000e+02,2.677313624345058329e+01,2.388410359148556239e+01,-4.295506474650304107e-02,1.188710996044773083e+03,1.025770206342913049e-02,nan,7.429359371155059399e+00,1.000000000000000000e+00
7.020000000000000000e+02,1.329812957539741376e+02,3.062565697379309526e+01,-2.767171564098957343e-02,7.648686887272818922e+02,4.987243841213750972e-02,nan,1.514843052037195470e+01,1.000000000000000000e+00
7.020000000000000000e+02,1.168153520674515988e+02,4.415954926484315024e+01,-4.177425651247981993e-03,1.133181673532717895e+02,8.339211312420624633e-02,nan,1.025319134453730996e+01,1.000000000000000000e+00
7.030000000000000000e+02,1.149002643820419820e+02,2.861685256202508043e+01,-2.372694846311674405e-02,6.554712516238679427e+02,1.074917284009191398e-02,nan,1.059228757992019077e+01,1.000000000000000000e+00
7.030000000000000000e+02,1.068147158538849766e+02,5.037304271324844507e+01,-2.125166312824882872e-02,5.868259147702400469e+02,1.175857949222725019e-02,nan,1.125738478467329706e+01,1.000000000000000000e+00
7.040000000000000000e+02,7.138054189665474780e+01,4.931045167848564148e+01,-3.045396800528044415e-02,8.420269250195602808e+02,8.516636052549930724e-03,nan,2.179896340738870819e+01,1.000000000000000000e+00
7.050000000000000000e+02,3.524358534610035321e+01,1.032951772873342833e+01,-2.712795615591758261e-02,7.497889916538478019e+02,3.620503437060751395e-02,nan,8.180787966293289415e+00,1.000000000000000000e+00
7.060000000000000000e+02,2.548922168488188689e+01,1.656652584525936689e+01,-1.482839711045936572e-02,4.086940229513326130e+02,2.095919527305573071e-01,nan,6.150932835584492331e+00,1.000000000000000000e+00
7.070000000000000000e+02,6.423959978458455566e+01,1.372691566147076259e+01,-1.883297809060094363e-02,5.197502339130152222e+02,1.185700659438049254e-02,nan,1.646557808095269593e+01,1.000000000000000000e+00
7.070000000000000000e+02,2.416889576073135260e+01,3.195884304191474712e+01,-1.445155521516966989e-02,3.982433332961534802e+02,1.359307741983784013e-02,nan,1.544884103188445934e+01,1.000000000000000000e+00
7.070000000000000000e+02,4.959856996045835587e+01,5.017097721989895831e+01,-6.921721855916130109e-03,1.894237923258490355e+02,4.465643533284791022e-02,nan,1.571292773761787842e+01,1.000000000000000000e+00
7.080000000000000000e+02,7.967834701482652804e+01,8.003250271124672466e+00,-2.712900607812579468e-02,7.498181084035968524e+02,9.543536854685230608e-03,nan,1.646557808095269593e+01,1.000000000000000000e+00
7.080000000000000000e+02,2.706801549265594886e+01,1.062166378963471480e+01,-3.223509150102834425e-02,8.914215627290952852e+02,3.429000204193621837e-02,nan,6.150932835584492331e+00,1.000000000000000000e+00
7.090000000000000000e+02,9.181682035962290911e+01,2.539574501830083619e+01,-2.110729374903333455e-02,5.828222209221020194e+02,1.572977734574709796e-02,nan,1.241351238496272202e+01,1.000000000000000000e+00
7.110000000000000000e+02,4.907994974672184263e+00,9.170812540766762666e+00,-3.193095568143434343e-02,8.829871792294659372e+02,1.094784109883695233e-02,nan,2.186969291460897935e+01,1.000000000000000000e+00
7.110000000000000000e+02,1.354439941690709190e+02,2.801249915530721779e+01,-1.670004939152237855e-02,4.605992314121937738e+02,1.312500813955276291e-01,nan,6.414562088959619324e+00,1.000000000000000000e+00
7.110000000000000000e+02,1.113772023929272308e+02,3.192519478597378324e+01,-1.172257312220644637e-02,3.225624037482977542e+02,6.419794601594197569e-02,nan,8.412949767023135905e+00,1.000000000000000000e+00
7.110000000000000000e+02,3.393811388989956157e+01,4.888792860441336785e+01,-4.379280399676694496e-02,1.211943425946815069e+03,9.540627294717829443e-03,nan,1.571292773761787842e+01,1.000000000000000000e+00
7.110000000000000000e+02,1.108101359701442021e+02,5.016794921782818051e+01,-2.014817281183905670e-02,5.562235985775868130e+02,1.061270488953036661e-02,nan,1.386915600764447554e+01,1.000000000000000000e+00
7.120000000000000000e+02,1.030015816349259978e+02,3.870583913467482517e+01,-3.410905874254629294e-02,9.433909703503495621e+02,9.169098464291369766e-03,nan,1.077627769062362972e+01,1.000000000000000000e+00
7.120000000000000000e+02,1.429966243629776272e+02,4.204752696693471137e+01,-1.764072192394318742e-02,4.866862371999235393e+02,1.370769089479673131e-02,nan,1.593813754863059629e+01,1.000000000000000000e+00
7.120000000000000000e+02,9.923131816161762231e+01,8.639683119696801583e+00,-1.706786240088277234e-03,4.480167261471390105e+01,2.055125115232242505e-01,nan,1.832321991369514436e+01,1.000000000000000000e+00
7.120000000000000000e+02,1.290328205021791064e+02,2.780403091774815039e+01,-1.949885080037774138e-02,5.382164106484360673e+02,4.817479735842045141e-02,nan,6.414562088959619324e+00,1.000000000000000000e+00
7.130000000000000000e+02,5.912641674353699273e+01,3.545966022989339450e+01,-3.083054408593629073e-02,8.524702430255706531e+02,1.416221042642173966e-02,nan,1.097572441974737778e+01,1.000000000000000000e+00
7.140000000000000000e+02,8.684742525446958439e+01,3.677117476932567541e+01,-4.525534827083717813e-03,1.229720328290909777e+02,5.617687751872824098e-02,nan,1.241351238496272202e+01,1.000000000000000000e+00
7.140000000000000000e+02,5.373503793036319109e+01,4.501997199421884233e+01,-1.571769651150205574e-02,4.333563340345770030e+02,1.891229827968177180e-02,nan,1.097572441974737778e+01,1.000000000000000000e+00
7.150000000000000000e+02,1.195553609898228302e+02,3.389888314700681349e+01,-2.052959863790717807e-02,5.668014111417761569e+02,1.156803456842192546e-02,nan,8.412949767023135905e+00,1.000000000000000000e+00
7.170000000000000000e+02,3.931362042452912675e+01,3.257672890034750424e+01,-1.741355890212778826e-02,4.803864858405360110e+02,2.469164491121438321e-01,nan,1.775405598514604577e+01,1.000000000000000000e+00
7.170000000000000000e+02,5.537375512856487347e+01,2.500846772541922292e+01,-3.749947514661984907e-03,1.014632186448745728e+02,9.502275480396826790e-02,nan,1.110449881633845948e+01,1.000000000000000000e+00
7.190000000000000000e+02,9.625872579314841460e+01,1.377287609012476466e+01,-9.658392544891763673e-03,2.653179442670057711e+02,1.668611449575219119e-02,nan,1.464034014414226093e+01,1.000000000000000000e+00
7.210000000000000000e+02,5.485804501309607417e+01,1.102464564323612883e+01,-1.617836889650493826e-02,4.461318353483979422e+02,1.397854694018474397e-02,nan,1.399332830134948225e+01,1.000000000000000000e+00
7.210000000000000000e+02,1.086461562721315346e+02,3.944829197450376057e+01,-2.188105783058196321e-02,6.042804727345048832e+02,1.086754331282790975e-02,nan,2.035090583463297165e+01,1.000000000000000000e+00
7.220000000000000000e+02,8.909242904541734731e+01,4.508842670989392332e+01,-1.803372903684593784e-02,4.975852253977915325e+02,3.404034298636349209e-02,nan,2.035090583463297165e+01,1.000000000000000000e+00
7.230000000000000000e+02,1.441434823818317170e+02,6.038499724190272033e+00,-1.372991491971954983e-02,3.782305935644859574e+02,1.371795189999092113e-02,nan,2.901180984045971911e+01,1.000000000000000000e+00
7.230000000000000000e+02,1.320329762211582647e+02,3.240174593461143360e+01,-1.254331420880193133e-03,3.225406323890687332e+01,3.024673146381684496e-01,nan,2.026223939349598879e+01,1.000000000000000000e+00
7.240000000000000000e+02,8.265827954135869504e+01,1.919204773239283668e+01,-7.658862733595393421e-03,2.098663987373527675e+02,4.077552725811650625e-02,nan,8.944512210217752113e+00,1.000000000000000000e+00
7.250000000000000000e+02,1.580476695937514720e+01,3.818838874309118836e+01,-1.681493838339929861e-03,4.410025633215622065e+01,2.364539343082751044e-01,nan,1.727669727139813460e+01,1.000000000000000000e+00
7.270000000000000000e+02,1.237720646604408437e+01,8.591672220727707199e+00,-1.068389100241003142e-02,2.937573674185891264e+02,4.391837381612373470e-02,nan,2.979452634026235458e+01,1.000000000000000000e+00
7.270000000000000000e+02,6.174186659809534916e+01,1.256900155701901944e+01,-3.613511631381531586e-02,9.995781914781420028e+02,8.845354381201486760e-03,nan,1.691667452461272703e+01,1.000000000000000000e+00
7.270000000000000000e+02,1.118566053862399627e+02,3.426518500557641289e+01,1.088156415265823743e-03,-2.764564938198051536e+01,3.704950149805209536e-01,nan,2.026223939349598879e+01,1.000000000000000000e+00
7.280000000000000000e+02,8.932418714450389530e+01,1.322799084927497937e+01,-1.841148616815920305e-02,5.080612966460554958e+02,1.569142072251517028e-02,nan,8.944512210217752113e+00,1.000000000000000000e+00
7.280000000000000000e+02,1.377777477906427066e+02,5.206470675928631664e+01,-1.871275276828417329e-03,4.936333068972456317e+01,2.266338328273439506e-01,nan,2.010882262819288968e+01,1.000000000000000000e+00
7.290000000000000000e+02,4.324397934762419737e+01,3.148956535267453205e+01,-1.618285711633644930e-02,4.462563039734357631e+02,1.983433321679917150e-02,nan,5.432905251760042908e+00,1.000000000000000000e+00
7.290000000000000000e+02,2.962288324326659605e+01,4.855872774296914685e+01,-1.664679996325542366e-02,4.591225026936263589e+02,9.731545675921826621e-03,nan,1.727669727139813460e+01,1.000000000000000000e+00
7.290000000000000000e+02,1.308716080105903075e+02,1.524962647115605563e+01,-1.344792643184843962e-03,3.476276031306662873e+01,3.177490469045151089e-01,nan,2.222324394326503239e+01,1.000000000000000000e+00
7.310000000000000000e+02,7.690102243525194581e+01,2.007725510071893282e+01,-2.696851465608216675e-02,7.453673133485327753e+02,3.664161161781886999e-02,nan,1.418617080749104709e+01,1.000000000000000000e+00
7.310000000000000000e+02,7.459109120328801623e+01,5.032488837744495669e+01,-2.573963665462079137e-02,7.112877092018735539e+02,9.826980052654032960e-03,nan,2.070570307220802775e+01,1.000000000000000000e+00
7.320000000000000000e+02,5.137083158977578989e+01,4.128932881498716512e+01,-2.505252995684134967e-02,6.922326653008558424e+02,1.011114661512912960e-02,nan,1.273110722926494098e+01,1.000000000000000000e+00
7.330000000000000000e+02,1.248684563672469920e+02,3.664669967542608475e+01,-1.977444149396762746e-02,5.458591723651220491e+02,1.038613067218052688e-02,nan,1.374028382705838602e+01,1.000000000000000000e+00
7.330000000000000000e+02,6.478989594839337940e+01,3.208584478163446363e+01,-1.688368586077663817e-03,4.429090884707755293e+01,2.292368584353265959e-01,nan,1.627192080280932984e+01,1.000000000000000000e+00
7.340000000000000000e+02,4.215935128802701826e+01,2.616602879818969285e+01,-3.101233284569828233e-02,8.575116620790757906e+02,1.120217849831173229e-02,nan,5.432905251760042908e+00,1.000000000000000000e+00
7.350000000000000000e+02,1.623677643654405500e+01,5.148066757409335281e+01,-4.963472622933135653e-02,1.373953321888157689e+03,8.823090274769906927e-03,nan,3.176634823400859986e+01,1.000000000000000000e+00
7.360000000000000000e+02,9.962966700393461394e+01,4.094164063141099774e+01,-1.521467526904342164e-02,4.194064018200162991e+02,1.260560822296363792e-02,nan,1.872065355192669855e+01,1.000000000000000000e+00
7.370000000000000000e+02,1.368578584722336302e+02,2.993479705299001026e+01,-1.846309860832189703e-02,5.094926279317453464e+02,1.266071206967467333e-02,nan,9.033854573883189687e+00,1.000000000000000000e+00
7.380000000000000000e+02,9.061981483972250828e+01,7.567727258132089574e+00,-1.167493116646148646e-02,3.212411830977285945e+02,1.526775272580849219e-02,nan,9.628766627526903932e+00,1.000000000000000000e+00
7.380000000000000000e+02,4.779575508159225450e+01,4.785689233193316028e+01,-1.286568701529272780e-02,3.542635725580572625e+02,4.548088165694419427e-02,nan,9.917805740179829854e+00,1.000000000000000000e+00
7.390000000000000000e+02,5.792076356821368677e+01,4.497497586795521585e+01,-4.002214596966323368e-02,1.107374434734259466e+03,9.960305871992813920e-03,nan,1.052716672991850899e+01,1.000000000000000000e+00
7.400000000000000000e+02,1.953181795484618632e+01,1.238835334268013710e+01,-1.898055555916577583e-03,5.010600922182964467e+01,2.261282236233290721e-01,nan,9.583872592289111481e+00,1.000000000000000000e+00
7.400000000000000000e+02,1.286896565078929768e+02,1.090959318123237409e+01,-1.448034008639677902e-03,3.762588005487763354e+01,2.781777011710703240e-01,nan,2.070453828734657620e+01,1.000000000000000000e+00
7.410000000000000000e+02,3.973915014148163749e+01,4.207295011758409231e+01,-2.115403406984884757e-02,5.841184371691064143e+02,1.305540909772717750e-02,nan,9.917805740179829854e+00,1.000000000000000000e+00
7.410000000000000000e+02,1.132673752082452268e+02,2.811682935227925739e+01,-1.479703743988777451e-03,3.850415441803107797e+01,3.023277811702217432e-01,nan,1.872065355192669855e+01,1.000000000000000000e+00
7.410000000000000000e+02,1.211974888837268338e+02,5.310830522144223664e+01,-2.449408373435240163e-02,6.767456713299424109e+02,9.803764671249548535e-03,nan,1.337272199094723923e+01,1.000000000000000000e+00
7.410000000000000000e+02,8.348797028742201576e+01,1.403688022039829519e+01,-1.408283141143800614e-03,3.652349737153981835e+01,3.571637723429696987e-01,nan,9.628766627526903932e+00,1.000000000000000000e+00
7.420000000000000000e+02,1.332535015021434788e+02,3.821846407274839663e+01,-1.375571336349339134e-03,3.561632403375338640e+01,3.078441712808722697e-01,nan,9.033854573883189687e+00,1.000000000000000000e+00
7.440000000000000000e+02,1.079666038661408720e+02,5.116578749988003239e+01,-2.956866662585435485e-02,8.174754882410893515e+02,8.073619107695440000e-03,nan,1.292726007346321815e+01,1.000000000000000000e+00
7.450000000000000000e+02,1.773238594950817060e+01,2.180178302178198990e+01,-1.646762882251036342e-02,4.541536762162741070e+02,3.398556335602287426e-02,nan,6.450889184942750099e+00,1.000000000000000000e+00
7.460000000000000000e+02,1.318564314666087114e+02,2.101672891747565686e+01,-3.830765437588661698e-02,1.059827652418034404e+03,7.586503614430251119e-03,nan,1.083573101055251620e+01,1.000000000000000000e+00
7.460000000000000000e+02,1.419360578590158184e+01,5.063146383564626518e+01,-1.154161866225775213e-02,3.175441217412226820e+02,2.371688664129334434e-02,nan,1.040244141153888258e+01,1.000000000000000000e+00
7.470000000000000000e+02,8.295056605420137430e+01,7.453507844127735815e+00,-9.763212732828284446e-03,2.682248483756373503e+02,9.302894642649506274e-02,nan,6.339068876411203313e+00,1.000000000000000000e+00
7.470000000000000000e+02,4.281187579290580913e+01,2.391365030238856448e+01,-4.955037046068464651e-02,1.371613943040502818e+03,9.751849964935832560e-03,nan,2.516824972492091916e+01,1.000000000000000000e+00
7.480000000000000000e+02,1.136656645194364899e+02,3.956256550437318253e+01,-1.405821219948873504e-02,3.873350297441993462e+02,1.284098044441039921e-02,nan,1.292726007346321815e+01,1.000000000000000000e+00
7.490000000000000000e+02,2.422073052926188907e+01,5.340049917337501029e+01,-2.849385102961997374e-02,7.876683877748398572e+02,7.721329447751945629e-03,nan,1.040244141153888258e+01,1.000000000000000000e+00
7.490000000000000000e+02,9.880055955966753345e+01,2.830230112750600568e+01,-1.641162156756401742e-03,4.298176634266889096e+01,2.672335110690303717e-01,nan,1.864845568142015253e+01,1.000000000000000000e+00
7.490000000000000000e+02,1.427022017847952213e+02,5.120549450499948563e+01,-3.051625085809505505e-02,8.437541713096901503e+02,1.343526729556143717e-02,nan,1.629611194316145628e+01,1.000000000000000000e+00
7.500000000000000000e+02,1.415148156856925077e+01,1.643604960583745722e+01,-3.443570761411823139e-02,9.524496923918267157e+02,1.289701772445384087e-02,nan,6.450889184942750099e+00,1.000000000000000000e+00
7.510000000000000000e+02,6.576235135475248228e+01,1.047923042083082024e+01,-3.428088943241118514e-02,9.481562292970302224e+02,1.191410670349257739e-02,nan,5.295141667609514435e+00,1.000000000000000000e+00
7.510000000000000000e+02,8.008557940864911018e+01,1.310820905114941048e+01,-2.926826259833908983e-02,8.091445958908253715e+02,1.277177186442024492e-02,nan,6.339068876411203313e+00,1.000000000000000000e+00
7.510000000000000000e+02,1.303804508577188415e+02,3.175146448828645163e+01,-1.166965402211397884e-02,3.210948357872763381e+02,1.831893907064618965e-02,nan,5.209683991360026134e+00,1.000000000000000000e+00
7.530000000000000000e+02,3.612496744131939863e+01,5.184404348073626068e+01,-7.606601850766004681e-03,2.084170846499799552e+02,3.474279457829987372e-02,nan,1.200555749565758745e+01,1.000000000000000000e+00
7.540000000000000000e+02,1.265080778789660059e+02,5.302582837182179532e+01,-1.762483268463031078e-02,4.862455921681705604e+02,1.918799403423585570e-01,nan,1.629611194316145628e+01,1.000000000000000000e+00
7.550000000000000000e+02,1.143224167953091950e+02,2.927025583191194613e+01,-1.435114655936629499e-02,3.954587710868797785e+02,9.901040279396200461e-03,nan,1.247517364138582430e+01,1.000000000000000000e+00
7.550000000000000000e+02,7.690891865145310646e+01,3.293946747116116569e+01,-2.699202047317426217e-02,7.460191835428805689e+02,1.249879039546297754e-02,nan,2.003383851852917630e+01,1.000000000000000000e+00
7.550000000000000000e+02,4.718444769134390704e+00,7.254275931470734129e+00,-1.991176337263390883e-02,5.496674228668456408e+02,7.671230987139521229e-02,nan,7.047703900903013796e+00,1.000000000000000000e+00
7.550000000000000000e+02,7.890699336619340087e+00,1.354767971907839375e+01,-2.338447900629558526e-02,6.459737884852105481e+02,4.955398734036020603e-02,nan,6.894931091652495070e+00,1.000000000000000000e+00
7.550000000000000000e+02,2.930924274124773277e+01,1.717704811549570465e+01,-4.165679664114353177e-03,1.129924242027313852e+02,5.123944365489718766e-02,nan,1.137691969769876543e+01,1.000000000000000000e+00
7.560000000000000000e+02,7.066104912325791076e+01,8.468935553679635575e+00,-1.276396617722147693e-02,3.514426205263566203e+02,3.267119820377861750e-02,nan,5.295141667609514435e+00,1.000000000000000000e+00
7.560000000000000000e+02,1.257821466021951977e+02,3.420022034860942028e+01,-1.924094531819994444e-02,5.310641003870266559e+02,1.148767505774794806e-02,nan,5.209683991360026134e+00,1.000000000000000000e+00
7.570000000000000000e+02,5.214242182037608586e+01,2.706557241999177066e+01,-1.153837406681188643e-02,3.174541416713706212e+02,2.001233488633324953e-02,nan,1.375176143446773125e+01,1.000000000000000000e+00
7.570000000000000000e+02,1.069538069154119313e+02,5.192064852578068468e+01,-1.465513816730762940e-02,4.038891552667797669e+02,2.499927125584211485e-02,nan,1.958547766607160057e+01,1.000000000000000000e+00
7.580000000000000000e+02,1.062002153547321370e+02,4.856887305454063331e+00,-7.831857167817259449e-03,2.146639309829015190e+02,2.976614688510459406e-02,nan,2.572902483674723939e+01,1.000000000000000000e+00
7.580000000000000000e+02,8.722321040763331723e+01,5.011416022983653562e+01,-1.593463489744145452e-03,4.165897295864874650e+01,2.077488194139792688e-01,nan,1.981312288651511011e+01,1.000000000000000000e+00
7.610000000000000000e+02,7.405766552247386869e+01,1.526847452156869345e+01,-2.156995791522658620e-02,5.956529588944309808e+02,5.604595828851177686e-02,nan,7.473664835255356742e+00,1.000000000000000000e+00
7.610000000000000000e+02,1.363767337836954141e+02,5.886474750346011753e+00,-5.127392023749104133e-02,1.419411929537757942e+03,8.083067287882295116e-02,nan,3.019407747887388993e+01,1.000000000000000000e+00
7.610000000000000000e+02,1.970585947582071285e+01,3.845659369237398550e+01,-1.455163114350567629e-03,3.782358649950263185e+01,3.716727504731460741e-01,nan,2.001283170404949630e+01,1.000000000000000000e+00
7.620000000000000000e+02,1.170091386865803429e+01,8.686816645618346655e+00,-2.479902324180635262e-02,6.852023429363586047e+02,1.192536775253927317e-02,nan,1.412227612603311755e+01,1.000000000000000000e+00
7.630000000000000000e+02,7.043683286727927850e+01,8.730490355726061580e+00,-2.240556193975983684e-02,6.188261740920206648e+02,5.297375685383776123e-02,nan,7.473664835255356742e+00,1.000000000000000000e+00
7.640000000000000000e+02,3.929003349049377647e+01,4.257649186801049268e+01,-2.736573504766359743e-02,7.563831454229762130e+02,2.093337160943131714e-02,nan,1.873153733401296961e+01,1.000000000000000000e+00
7.660000000000000000e+02,7.568043275354405353e+01,4.058849043055018058e+01,-3.037149797813870275e-02,8.397398421068443213e+02,1.251914214975036188e-02,nan,1.231328773731057957e+01,1.000000000000000000e+00
7.660000000000000000e+02,8.663286840105270414e+01,4.621531975877623211e+01,-2.746133031995621684e-02,7.590342214729587340e+02,1.096316229166771627e-02,nan,1.231328773731057957e+01,1.000000000000000000e+00
7.670000000000000000e+02,1.377580646004116431e+02,2.209267031932397529e+01,-3.118316271060036712e-02,8.622491658551765568e+02,5.304185013287887607e-02,nan,7.407591242699115064e+00,1.000000000000000000e+00
7.670000000000000000e+02,8.835337307899897041e+01,1.151871385905240963e+01,-2.680598210929206401e-02,7.408599132250315051e+02,1.157316874197544809e-02,nan,1.813219797660146071e+01,1.000000000000000000e+00
7.670000000000000000e+02,6.770825991176239711e+01,1.882170863579554521e+01,-2.231023077407938773e-02,6.161824223238502327e+02,1.080946154628392719e-02,nan,1.045360209447378175e+01,1.000000000000000000e+00
7.680000000000000000e+02,3.161730078800343691e+01,2.024402518558570563e+01,-3.086240349364790039e-02,8.533537774381546797e+02,1.069125994471520347e-02,nan,9.382910448826972782e+00,1.000000000000000000e+00
7.680000000000000000e+02,7.902067287719072297e+00,4.813510703806392854e+01,-1.950886185659012062e-02,5.384940401872528355e+02,1.236788931993038076e-02,nan,1.090746827381839701e+01,1.000000000000000000e+00
7.680000000000000000e+02,1.426635942583229451e+02,2.764318261948737998e+01,-1.749779605954740469e-02,4.827225753269507322e+02,2.823014779578025824e-01,nan,7.407591242699115064e+00,1.000000000000000000e+00
7.700000000000000000e+02,1.205126829300217217e+01,3.001931330052817870e+01,-1.934077973074830106e-02,5.338327375144032203e+02,1.604078206406311935e-02,nan,1.858488234353884039e+01,1.000000000000000000e+00
7.700000000000000000e+02,1.869178339475845263e+01,4.973350951361564398e+01,-3.048626709016815164e-02,8.429226526881842574e+02,1.058572808900160034e-02,nan,1.090746827381839701e+01,1.000000000000000000e+00
7.710000000000000000e+02,1.315270110022434267e+02,2.624106563446933649e+01,-3.382871017680437464e-02,9.356162619316078235e+02,2.564797908379756741e-02,nan,6.128352684075507817e+00,1.000000000000000000e+00
7.710000000000000000e+02,4.914373848124932920e+01,2.876711081904472778e+01,-1.251301604347662862e-03,3.217003948069585562e+01,3.115276383600543708e-01,nan,1.948894576241890775e+01,1.000000000000000000e+00
7.720000000000000000e+02,8.538599601906311420e+01,3.961730623129501083e+01,1.594510108458113739e-03,-4.168799809492924879e+01,2.980230892742258275e-01,nan,1.842281557203112641e+01,1.000000000000000000e+00
7.730000000000000000e+02,2.425087172175575745e+01,7.076096448503383485e+00,-1.357456631900238846e-02,3.739224207345691866e+02,8.196292875771959974e-02,nan,8.367903941167790904e+00,1.000000000000000000e+00
7.740000000000000000e+02,1.411876999369573582e+02,3.979541227178345508e+01,-2.140295294939215803e-02,5.910215283379433231e+02,2.262918242557676596e-02,nan,1.334008898350046657e+01,1.000000000000000000e+00
7.740000000000000000e+02,1.173895443413473600e+02,2.699833638855450602e+01,-1.599865351283929907e-03,4.183651125522344927e+01,3.261605823069249066e-01,nan,1.415773366690235768e+01,1.000000000000000000e+00
7.750000000000000000e+02,1.376150756708460676e+02,2.694261763633925355e+01,-2.638221546221244246e-02,7.291078926291249900e+02,1.858094480713246011e-02,nan,6.128352684075507817e+00,1.000000000000000000e+00
7.760000000000000000e+02,1.590700309999125750e+01,7.709873058473517560e+00,-2.060222074389737174e-02,5.688153886248943536e+02,1.701624044744998177e-02,nan,8.367903941167790904e+00,1.000000000000000000e+00
7.760000000000000000e+02,2.794314064187232205e+01,3.013984535192636116e+01,-1.296723814693896346e-02,3.570798182415452970e+02,2.028289633928803681e-02,nan,1.745123905568359035e+01,1.000000000000000000e+00
7.790000000000000000e+02,7.309426331532503696e+01,1.556241697368301935e+01,-4.753599685271017034e-02,1.315750745000005281e+03,7.637069525331940945e-02,nan,8.817732044083276932e+00,1.000000000000000000e+00
7.790000000000000000e+02,8.203458693564328996e+00,4.518527867105552787e+01,-1.870093815986564878e-02,5.160884639361257769e+02,4.045713265035466577e-02,nan,1.356790105425724491e+01,1.000000000000000000e+00
7.800000000000000000e+02,5.986444861160910591e+01,3.218199936056074506e+01,-1.088418150201605518e-02,2.993118821326556827e+02,2.942242748914281059e-02,nan,1.342037493291246797e+01,1.000000000000000000e+00
7.810000000000000000e+02,8.934233341273186113e+01,2.001789491378899655e+01,-1.146300372126923123e-02,3.153639492052055289e+02,2.188986652507873831e-02,nan,1.132709278395941155e+01,1.000000000000000000e+00
7.810000000000000000e+02,1.281920105150155287e+01,2.143282543432929899e+01,-1.383567309380183408e-02,3.811635101792447813e+02,1.236973139415575851e-02,nan,1.075352512490410284e+01,1.000000000000000000e+00
7.820000000000000000e+02,1.197997371802392763e+01,3.215355302599432719e+01,-8.882944621234891910e-03,2.438129956527835134e+02,2.564744681276931448e-02,nan,1.075352512490410284e+01,1.000000000000000000e+00
7.820000000000000000e+02,2.673720352397063493e+01,3.875647068015553742e+01,-1.341908877491277286e-03,3.468278687943725203e+01,3.299707932067383886e-01,nan,1.197615593790127164e+01,1.000000000000000000e+00
7.850000000000000000e+02,8.067330013566459002e+01,2.730836080956861167e+01,-1.536114734104349240e-03,4.006856049444680679e+01,2.944173329189331278e-01,nan,1.132709278395941155e+01,1.000000000000000000e+00
7.860000000000000000e+02,4.155221873323794313e+01,1.503916839795297378e+01,-1.521739666564615604e-03,3.966990691715676576e+01,2.662053275930956753e-01,nan,1.407487220795185401e+01,1.000000000000000000e+00
7.870000000000000000e+02,9.772269011809071060e+01,4.689333602606856743e+01,-1.678059072300911239e-02,4.628328271729191670e+02,2.265282017701863992e-02,nan,8.559266284862003360e+00,1.000000000000000000e+00
7.870000000000000000e+02,1.134413057704267089e+02,2.910205179883948290e+01,-3.786073724506995586e-02,1.047433615836306899e+03,1.915664511890173838e-01,nan,3.462779413994534039e+00,1.000000000000000000e+00
7.880000000000000000e+02,1.052250970187725443e+02,5.101340034981122074e+01,-1.478764987304541020e-02,4.075640086460182374e+02,5.588138632783390403e-02,nan,8.559266284862003360e+00,1.000000000000000000e+00
7.890000000000000000e+02,8.820805173154407441e+01,4.233980085733035281e+01,-2.617217742825408977e-02,7.232830564415368144e+02,3.835101948937214011e-02,nan,1.054812903597991358e+01,1.000000000000000000e+00
7.890000000000000000e+02,8.405387239667601307e+01,1.508892025281055993e+01,-3.227636383969800099e-02,8.925661392960092826e+02,1.010406376143879736e-02,nan,1.267844613239585527e+01,1.000000000000000000e+00
7.900000000000000000e+02,1.304635534756704658e+02,3.216054000894256859e+01,-1.820758781443972130e-02,5.024067278665248182e+02,1.271497001522980952e-02,nan,1.159269171293001577e+01,1.000000000000000000e+00
7.900000000000000000e+02,1.195738516819219939e+02,4.007180449900293695e+01,-1.163020561520324361e-02,3.200008410293463612e+02,1.840324854282859857e-02,nan,1.256756116592797490e+01,1.000000000000000000e+00
7.910000000000000000e+02,5.339690358251056068e+01,7.436177638285617952e+00,-2.979039511853084563e-02,8.236245276489592015e+02,1.234322165855872289e-02,nan,1.407487220795185401e+01,1.000000000000000000e+00
7.910000000000000000e+02,5.229046315621602048e+01,3.051656998630896211e+01,-2.863581733088365125e-02,7.916054387623895536e+02,9.528248628576263535e-03,nan,8.926936776317564437e+00,1.000000000000000000e+00
7.920000000000000000e+02,1.215852818683793046e+01,2.668959947500916385e+01,-1.571927035756699037e-02,4.333999803939526601e+02,1.242068576488353226e-02,nan,1.273088686550460835e+01,1.000000000000000000e+00
7.930000000000000000e+02,1.198249683659550442e+02,9.189524243485241328e+00,-9.255004007835087448e-03,2.541310553782444117e+02,2.129064070831310218e-02,nan,1.634246286768144074e+01,1.000000000000000000e+00
7.930000000000000000e+02,2.893495616643962975e+01,2.106572639977892436e+01,-1.699566088189518806e-02,4.687972157207493069e+02,2.160208999108914618e-02,nan,9.371468427403414125e+00,1.000000000000000000e+00
7.930000000000000000e+02,1.428808681353379484e+02,2.346745268511124038e+01,-1.309843280111078895e-02,3.607181467615583870e+02,1.682566221722625599e-02,nan,1.370241818558798741e+01,1.000000000000000000e+00
7.940000000000000000e+02,1.194885258667388328e+01,3.948016195097059011e+01,-4.043522384115589424e-02,1.118830031079440687e+03,1.036092592984771965e-02,nan,1.029578894279147505e+01,1.000000000000000000e+00
7.940000000000000000e+02,3.408747468914236123e+01,5.205000897392333314e+01,-1.333856068661758154e-03,3.445946402977082812e+01,3.138137120179278483e-01,nan,1.678471095560976423e+01,1.000000000000000000e+00
7.950000000000000000e+02,1.039958789646574644e+02,1.325351505391719442e+01,-4.413854239880779344e-03,1.198748741215410973e+02,5.801545042504252514e-02,nan,1.634246286768144074e+01,1.000000000000000000e+00
7.950000000000000000e+02,1.409805032256159052e+02,3.703745185027811004e+01,-1.386797428004845831e-02,3.820592961233689380e+02,1.491412234401823245e-02,nan,1.159269171293001577e+01,1.000000000000000000e+00
7.960000000000000000e+02,5.979978372477899029e+01,2.568953105887858968e+01,-1.455772430338603263e-02,4.011876455018586967e+02,1.503096822635019425e-02,nan,8.926936776317564437e+00,1.000000000000000000e+00
7.960000000000000000e+02,3.125688696261539334e+01,1.070298529934146003e+01,-2.882476911999123925e-03,7.740627018257161751e+01,1.411789583138360893e-01,nan,1.061968764780420926e+01,1.000000000000000000e+00
7.970000000000000000e+02,2.046947844776523340e+01,1.704576278297263059e+01,-1.966503461075057649e-02,5.428250686814993742e+02,1.664419754096602144e-02,nan,9.371468427403414125e+00,1.000000000000000000e+00
7.970000000000000000e+02,5.947996358493197278e+01,3.689315215497374822e+01,-1.861093578687550432e-03,4.908096885903927387e+01,2.945793717136893086e-01,nan,1.077306684776178081e+01,1.000000000000000000e+00
7.990000000000000000e+02,8.023375186147143268e+01,5.082491154334031336e+01,-1.555131853379493855e-02,4.287422912962111923e+02,1.607443046866496861e-02,nan,8.917028283846683223e+00,1.000000000000000000e+00
7.990000000000000000e+02,5.940256936521282682e+01,4.766594099728835232e+01,-1.416065356143823492e-02,3.901759635548232836e+02,2.237521287445987106e-02,nan,1.028385026277886993e+01,1.000000000000000000e+00
8.010000000000000000e+02,2.985178241427631818e+01,3.612767842827853570e+01,-1.868152790465923280e-02,5.155501730618211695e+02,8.770103294419784312e-02,nan,8.607483122276125442e+00,1.000000000000000000e+00
8.020000000000000000e+02,1.135961459757947267e+02,2.300714902826242536e+01,-1.447730988644590870e-02,3.989575693724586927e+02,1.068856092619324683e-01,nan,9.000558270369742431e+00,1.000000000000000000e+00
8.020000000000000000e+02,1.060629620118339460e+02,4.007903710573537381e+01,-1.587523820435427901e-03,4.149425231220342170e+01,3.498228451760453384e-01,nan,1.832122015608705823e+01,1.000000000000000000e+00
8.030000000000000000e+02,1.367185302306100709e+02,1.429015984894502900e+01,-1.050791275267264936e-02,2.888770871284871191e+02,2.076836512546209601e-02,nan,2.471093996552274419e+01,1.000000000000000000e+00
8.030000000000000000e+02,6.887573957568953631e+01,5.166801825673670834e+01,-4.334893840421646938e-02,1.199634015516769296e+03,8.366540376471331975e-03,nan,8.360614725661305258e+00,1.000000000000000000e+00
8.030000000000000000e+02,1.094029709251856275e+02,1.504302119319658360e+01,-3.350311248123899466e-02,9.265866914105821479e+02,1.325168285657440936e-02,nan,9.000558270369742431e+00,1.000000000000000000e+00
8.040000000000000000e+02,5.900617305792422229e+01,6.885249229702440132e+00,-1.957016211887236887e-02,5.401940369893610523e+02,1.117786719540037055e-02,nan,1.463229601412157344e+01,1.000000000000000000e+00
8.040000000000000000e+02,8.738895717363354265e+01,4.550359306426683759e+01,-2.725781865287121158e-02,7.533903764002697017e+02,1.024803300413412721e-02,nan,8.917028283846683223e+00,1.000000000000000000e+00
8.050000000000000000e+02,7.283486609866258732e+01,1.319219410854195118e+01,-2.259918262017869550e-02,6.241957194296657008e+02,1.140256739887690607e-02,nan,1.519902315675864735e+01,1.000000000000000000e+00
8.050000000000000000e+02,1.042611342958606535e+01,4.864082641745272184e+01,-4.735040874352066699e-03,1.287821158062017162e+02,6.680864347959969418e-02,nan,1.454123646165677464e+01,1.000000000000000000e+00
8.050000000000000000e+02,1.238018412259046244e+02,4.466153339448695192e+01,-1.452549002030142358e-03,3.775109117208278064e+01,2.844980550641605932e-01,nan,1.252859393758677520e+01,1.000000000000000000e+00
8.070000000000000000e+02,6.057748499648476326e+01,5.064877857459531896e+01,-1.556168949898231041e-02,4.290299019359851513e+02,2.130344249583226990e-02,nan,8.360614725661305258e+00,1.000000000000000000e+00
8.080000000000000000e+02,9.695155851073415931e+01,3.674022376865377026e+01,-2.060293976822898804e-02,5.688353288179519041e+02,1.375342659591294314e-02,nan,1.297073574411306751e+01,1.000000000000000000e+00
8.080000000000000000e+02,6.252925342148930099e+01,3.756087346991198928e+01,-2.439693734173867951e-02,6.740515791575586491e+02,9.797619323839379391e-03,nan,1.323263617024365502e+01,1.000000000000000000e+00
8.090000000000000000e+02,4.877054892038618306e+01,1.734163891065478680e+01,-2.809977527098380182e-02,7.767397635809456915e+02,1.188832649047466550e-02,nan,1.463229601412157344e+01,1.000000000000000000e+00
8.090000000000000000e+02,1.132726358332264738e+02,3.255141398789099583e+01,-3.134988214016543040e-02,8.668726778363311496e+02,9.604720892544604816e-03,nan,1.604740347355965824e+01,1.000000000000000000e+00
8.090000000000000000e+02,4.115483150591276740e+01,4.429772966471098528e+01,-1.602743819068129863e-02,4.419461808717708209e+02,1.464965378141191987e-02,nan,2.043465905931810411e+01,1.000000000000000000e+00
8.100000000000000000e+02,1.339350113383014218e+02,5.202933696992002410e+01,-8.525732092648577454e-03,2.339066733360263584e+02,3.151785248848648635e-02,nan,1.040592432032447689e+01,1.000000000000000000e+00
8.110000000000000000e+02,1.199786349894319315e+01,2.469377028463535950e+01,-1.885531908356091269e-03,4.975869976488916535e+01,2.312204217242426196e-01,nan,1.706944406714823970e+01,1.000000000000000000e+00
8.120000000000000000e+02,1.336370741358065288e+02,2.483052279116195749e+01,-1.777569589437245218e-02,4.904293748237250838e+02,1.095378026869830990e-02,nan,1.201785245222916743e+01,1.000000000000000000e+00
8.120000000000000000e+02,7.822675675700850206e+01,4.667928694158977976e+01,-2.255435427204073584e-02,6.229525265681501196e+02,3.812190518880265167e-02,nan,1.809015360634954916e+01,1.000000000000000000e+00
8.150000000000000000e+02,1.116909392826701151e+02,1.200056152011082311e+01,-1.500604011103534065e-02,4.136204705985804253e+02,1.883544913519419328e-02,nan,1.354654664042540446e+01,1.000000000000000000e+00
8.150000000000000000e+02,2.873856256605978388e+01,2.802767422832418731e+01,-1.907920975259536772e-02,5.265788023788554710e+02,1.301161690112340175e-02,nan,1.262481436161716708e+01,1.000000000000000000e+00
8.150000000000000000e+02,1.107644872246955146e+02,3.775703416445030314e+01,-3.745963123400548184e-02,1.036310026625931869e+03,9.103103432952952545e-03,nan,1.956899268737257458e+01,1.000000000000000000e+00
8.150000000000000000e+02,1.240080473592182813e+02,1.763951306378033124e+01,-1.849003948893388882e-03,4.874569570973175558e+01,2.904579830340149327e-01,nan,1.201785245222916743e+01,1.000000000000000000e+00
8.150000000000000000e+02,1.312218694294369357e+02,4.198333667414640757e+01,-1.828994501861742070e-03,4.819078787248416518e+01,2.778993089622144863e-01,nan,1.040592432032447689e+01,1.000000000000000000e+00
8.170000000000000000e+02,2.093873181449424337e+01,1.810051058948818792e+01,-1.645552703269797428e-03,4.310352626268217335e+01,3.168923395570146795e-01,nan,1.262481436161716708e+01,1.000000000000000000e+00
8.180000000000000000e+02,8.695923931921728922e+01,1.561397585111994246e+01,-5.936803858020223493e-03,1.621097583490860643e+02,3.865947920388013159e-02,nan,1.436136911223866619e+01,1.000000000000000000e+00
8.180000000000000000e+02,5.766457284258549976e+01,5.209470120674197346e+01,-1.613857683759241076e-03,4.222455071176834451e+01,3.157641820013431522e-01,nan,2.096244164410607880e+01,1.000000000000000000e+00
8.190000000000000000e+02,1.116876612478538355e+01,4.989747331437621369e+01,1.188945682108359658e-03,-3.044076680790962186e+01,3.626158204923680684e-01,nan,2.805326824190187907e+01,1.000000000000000000e+00
8.200000000000000000e+02,1.001357534269479856e+02,2.132610319097650020e+01,-3.094840850776727978e-02,8.557388936436126414e+02,1.104516982313630269e-02,nan,1.436136911223866619e+01,1.000000000000000000e+00
8.200000000000000000e+02,6.595680272143806633e+01,3.284209402436749059e+01,-1.511352998241645602e-02,4.166014111493002474e+02,1.701263770121885788e-02,nan,2.096244164410607880e+01,1.000000000000000000e+00
8.210000000000000000e+02,1.064125023483678660e+02,7.650844292391154156e+00,-2.248096081997152246e-02,6.209171578899728274e+02,1.485985138760392843e-02,nan,1.504693599926188696e+01,1.000000000000000000e+00
8.240000000000000000e+02,2.766590004248268286e+01,1.635912752488182420e+01,-1.554785143666068473e-02,4.286461407444616611e+02,2.037581896983275964e-02,nan,1.072423994455687257e+01,1.000000000000000000e+00
8.250000000000000000e+02,2.371329967876619094e+01,6.389861114900726058e+00,-2.939619413468479506e-02,8.126924306729200680e+02,1.339004667877541355e-02,nan,1.072423994455687257e+01,1.000000000000000000e+00
8.250000000000000000e+02,1.009622295271799715e+02,4.254315622220814674e+01,-4.883839636151022373e-02,1.351869269091026808e+03,7.964758323197207446e-03,nan,2.123314395171734148e+01,1.000000000000000000e+00
8.260000000000000000e+02,6.356232658209290776e+01,1.046801184634139048e+01,-4.909258344816149269e-03,1.336135656505211955e+02,6.547995390194416565e-02,nan,1.896292733184704105e+01,1.000000000000000000e+00
8.280000000000000000e+02,1.021028928179451754e+02,1.927163080126898720e+01,-7.279664276471520257e-02,2.016286365416605122e+03,1.045412414704716131e-02,nan,2.047120791311924393e+01,1.000000000000000000e+00
8.290000000000000000e+02,6.188345628223138561e+01,2.935647413179900056e+01,-2.550150521859128466e-02,7.046837785715666769e+02,8.990005639779918845e-03,nan,1.896292733184704105e+01,1.000000000000000000e+00
8.310000000000000000e+02,3.568856952611622546e+01,2.487385807789453906e+01,-2.995066912776376059e-02,8.280692933483697971e+02,1.073086735269612735e-02,nan,1.840377647492530144e+01,1.000000000000000000e+00
8.310000000000000000e+02,1.384422431113721359e+02,3.337683115221719277e+01,-2.635155138658733243e-02,7.282575075155625655e+02,1.151010251387729610e-02,nan,1.646807956631024084e+01,1.000000000000000000e+00
8.310000000000000000e+02,1.242699981929713005e+02,5.036377321905808913e+01,-1.291710038193586395e-02,3.556893830786797253e+02,1.304995988071033786e-02,nan,1.222376393947487117e+01,1.000000000000000000e+00
8.320000000000000000e+02,1.364266693954486129e+02,5.164273769192863739e+01,-3.293484424708856967e-02,9.108273105396274332e+02,9.485773812008324590e-03,nan,1.222376393947487117e+01,1.000000000000000000e+00
8.330000000000000000e+02,1.177475038479813207e+02,6.068733424517652963e+00,-7.901972597981282709e-03,2.166083925988805277e+02,3.936289649546331759e-02,nan,2.047120791311924393e+01,1.000000000000000000e+00
8.330000000000000000e+02,5.619649912015487558e+01,1.033917464120574614e+01,-1.400070173721869793e-03,3.629573295694702750e+01,3.467045366736384304e-01,nan,1.052919405153095056e+01,1.000000000000000000e+00
8.340000000000000000e+02,4.127626827451324942e+01,7.338847064605261039e+00,-1.947868992249127476e-02,5.376573032864337165e+02,9.933321903830338861e-03,nan,1.521891106663499826e+01,1.000000000000000000e+00
8.340000000000000000e+02,1.760093207906310298e+01,4.670730028691617974e+01,-2.632998191009371103e-02,7.276593364850134549e+02,8.825674322074039679e-03,nan,2.835245716178275188e+01,1.000000000000000000e+00
8.350000000000000000e+02,1.350766215533870138e+02,1.725633996457806774e+01,-1.055701323608661951e-02,2.902387560949490535e+02,5.510886729681818696e-02,nan,6.076444887555599195e+00,1.000000000000000000e+00
8.380000000000000000e+02,1.407169901474036635e+02,1.951674360002267861e+01,-1.085837138121311003e-02,2.985961083138585082e+02,7.095751363782087928e-02,nan,6.076444887555599195e+00,1.000000000000000000e+00
8.380000000000000000e+02,6.650972545157790705e+01,1.246079902163631203e+01,-1.531594955636554319e-03,3.994321667607763260e+01,3.127425378858421645e-01,nan,7.233124869677346247e+00,1.000000000000000000e+00
8.400000000000000000e+02,2.711376783691806835e+01,3.857725745775916693e+01,-2.454588894939958507e-02,6.781823487051099164e+02,1.004335656198940274e-02,nan,1.434611657746926383e+01,1.000000000000000000e+00
8.400000000000000000e+02,3.267141507069867856e+01,1.420594207683038768e+01,-1.322753139281897077e-03,3.415155434493311049e+01,3.073439155102133391e-01,nan,1.199954999533561661e+01,1.000000000000000000e+00
8.410000000000000000e+02,1.408134340331397993e+02,3.657450024354214690e+01,-1.980726026585231600e-02,5.467693121455394021e+02,8.858396549332714365e-02,nan,7.169462184521531611e+00,1.000000000000000000e+00
8.410000000000000000e+02,1.024057010626410573e+02,3.074926517839222129e+01,-1.935579466469839610e-02,5.342491360541271206e+02,9.826788393962226920e-03,nan,1.258664252512146930e+01,1.000000000000000000e+00
8.410000000000000000e+02,1.015882090154742059e+02,4.330933193012626958e+01,-2.378774819288809184e-02,6.571573675119929021e+02,1.207333107878527656e-02,nan,7.727161398086844102e+00,1.000000000000000000e+00
8.410000000000000000e+02,1.123463157777632233e+02,4.583429856773589961e+01,-1.448615551754474373e-02,3.992028790011746082e+02,1.810671027024590707e-02,nan,6.436287462235749324e+00,1.000000000000000000e+00
8.420000000000000000e+02,6.619595626727806348e+01,4.888296893959249445e+01,-1.431909622478884023e-02,3.945699418346116545e+02,1.261728287450281094e-02,nan,2.240088467998643296e+01,1.000000000000000000e+00
8.420000000000000000e+02,3.772157159173017504e+01,2.509102908629623130e+01,-1.528332243038677159e-03,3.985273417606726554e+01,2.506592267531734253e-01,nan,1.192537639494385182e+01,1.000000000000000000e+00
8.430000000000000000e+02,1.369195395813809171e+02,4.259436519334339977e+01,-1.978962267508136211e-02,5.462801813198104810e+02,4.193282074542581395e-02,nan,7.169462184521531611e+00,1.000000000000000000e+00
8.440000000000000000e+02,4.379508079900288919e+01,4.886265389889850752e+01,-2.088822722056423928e-02,5.767470038841768201e+02,1.014380625995795482e-01,nan,6.796336357690761609e+00,1.000000000000000000e+00
8.440000000000000000e+02,1.013551465997126115e+02,5.259827541761094949e+01,-7.559939475552254588e-03,2.071230300132004061e+02,1.134355975501188940e-01,nan,6.475039156670717055e+00,1.000000000000000000e+00
8.450000000000000000e+02,3.699964732695139702e+01,4.897343211783855565e+01,-2.218606442161884587e-02,6.127390047224629370e+02,3.786861708804345472e-02,nan,6.796336357690761609e+00,1.000000000000000000e+00
8.460000000000000000e+02,1.085069694500215149e+02,6.835291200969138892e+00,-1.257756362166647171e-02,3.462732503385220184e+02,2.029964541480544504e-02,nan,8.972468317695216911e+00,1.000000000000000000e+00
8.470000000000000000e+02,4.946214771580012126e+01,2.718231444128792518e+01,-1.174031088928727609e-02,3.230543126927506705e+02,4.273660121527955713e-02,nan,1.192537639494385182e+01,1.000000000000000000e+00
8.480000000000000000e+02,1.211857941115341930e+02,2.901759068419433873e+01,-1.964820046624908903e-02,5.423582192626994356e+02,1.005277306560303785e-02,nan,1.856610858357102956e+01,1.000000000000000000e+00
8.490000000000000000e+02,5.735943306452752921e+01,1.149655198323957173e+01,-5.535216864566083576e-03,1.509728303944079926e+02,5.983027412160280001e-02,nan,1.511068148006292233e+01,1.000000000000000000e+00
8.490000000000000000e+02,3.111135869930586750e+01,1.334077420547203374e+01,-3.467969522745479455e-02,9.592160282439699586e+02,1.125593904578714444e-02,nan,1.390984548351321592e+01,1.000000000000000000e+00
8.490000000000000000e+02,8.449066230919726195e+01,3.034091066249493096e+01,-7.281637032200667138e-03,1.994050652590170785e+02,4.835882133117319626e-02,nan,2.431782863179908460e+01,1.000000000000000000e+00
8.490000000000000000e+02,1.407069571859231019e+02,3.154805156732839322e+01,-2.333023790796177888e-02,6.444695584823151648e+02,1.371663943782345241e-01,nan,1.015544542751825396e+01,1.000000000000000000e+00
8.490000000000000000e+02,1.266645817311675586e+02,4.675690504963422711e+01,-9.458049309464413787e-03,2.597619670677185582e+02,2.499854755691510722e-02,nan,1.062863095317849194e+01,1.000000000000000000e+00
8.490000000000000000e+02,1.166901776942252127e+02,1.051500457894317364e+01,-1.103308499446117343e-02,3.034413173349703357e+02,2.444380973317128447e-02,nan,8.972468317695216911e+00,1.000000000000000000e+00
8.530000000000000000e+02,1.086478719004413165e+02,5.144334690923550824e+01,-2.761531072019564326e-02,7.633044509670689877e+02,1.121639022768305960e-02,nan,1.861624479931467846e+01,1.000000000000000000e+00
8.530000000000000000e+02,1.385589100395861806e+02,1.176643013630461709e+01,-1.745688171497773895e-03,4.588051235421573892e+01,3.678204516055489925e-01,nan,7.484191263227769397e+00,1.000000000000000000e+00
8.540000000000000000e+02,9.501419074563722234e+01,8.418042724814265299e+00,-2.094324153898824425e-02,5.782726770527572171e+02,1.240890157529794813e-02,nan,1.843525692124059745e+01,1.000000000000000000e+00
8.540000000000000000e+02,4.400332964367910193e+01,1.856388501653562173e+01,-2.309675849981355708e-02,6.379946392497914758e+02,1.304183066866304586e-02,nan,1.390984548351321592e+01,1.000000000000000000e+00
8.540000000000000000e+02,7.056094346590177757e+00,4.730931960681868986e+01,-1.467190348472024184e-03,3.815712927376582542e+01,2.839576910256874642e-01,nan,1.712726366377749088e+01,1.000000000000000000e+00
8.550000000000000000e+02,6.029305012118581431e+01,1.393790716162566312e+01,-1.340868604940614189e-02,3.693221805830989410e+02,2.242080774659316322e-02,nan,1.644784536790860940e+01,1.000000000000000000e+00
8.560000000000000000e+02,7.062047992183897804e+01,2.716087683512584050e+01,-3.267875593573288384e-02,9.037253945909249069e+02,1.093006228541970604e-02,nan,6.386347170660732431e+00,1.000000000000000000e+00
8.570000000000000000e+02,1.247365425160084307e+01,3.106145189181763300e+01,-2.412312169216791757e-02,6.664580434807584197e+02,2.039399393368379609e-02,nan,6.698488452240371593e+00,1.000000000000000000e+00
8.570000000000000000e+02,1.321399817365311549e+02,1.561486856049877403e+01,-2.027617547043036178e-02,5.597734057425974470e+02,1.360455076970590316e-02,nan,7.484191263227769397e+00,1.000000000000000000e+00
8.580000000000000000e+02,4.941394596952360985e+01,3.590412210379793123e+01,-1.930853879914569762e-02,5.329386225696897554e+02,1.407705591811048151e-02,nan,9.141743325898138650e+00,1.000000000000000000e+00
8.590000000000000000e+02,7.669535893469927146e+01,6.349444447062604802e+00,-4.059955018602191476e-03,1.100604374120852782e+02,6.632046765034838032e-02,nan,1.807264509650358164e+01,1.000000000000000000e+00
8.590000000000000000e+02,1.042197413397919945e+02,5.030182683113264375e+01,-1.845469751751160903e-02,5.092596464243261494e+02,1.463522658853400049e-02,nan,1.393811223405443123e+01,1.000000000000000000e+00
8.600000000000000000e+02,9.593519987840703322e+01,2.013359813307211255e+01,-1.404648343220433852e-02,3.870097641395541359e+02,1.543402820451778013e-02,nan,2.366800313458452720e+01,1.000000000000000000e+00
8.600000000000000000e+02,9.058552576938639334e+01,5.319650098011855022e+01,-2.296420611808178830e-02,6.343186578319911177e+02,1.101115932934815245e-02,nan,1.393811223405443123e+01,1.000000000000000000e+00
8.610000000000000000e+02,1.664789955664085852e+01,3.630028990020737467e+01,-1.466524959317641250e-02,4.041695682862630861e+02,8.171317349521201034e-02,nan,6.698488452240371593e+00,1.000000000000000000e+00
8.620000000000000000e+02,4.384625222585551541e+01,1.998067172825981430e+01,-2.773282263834291050e-02,7.665633258498572786e+02,9.231367281907987277e-03,nan,1.375734773232297137e+01,1.000000000000000000e+00
8.620000000000000000e+02,4.285683134117497417e+01,4.227402938627069062e+01,-3.062333839650148871e-03,8.239411510297227892e+01,1.219422997761440142e-01,nan,9.141743325898138650e+00,1.000000000000000000e+00
8.650000000000000000e+02,5.223578858242424516e+00,3.793877367656109101e+01,-6.953190472924677436e-03,1.902964892163611808e+02,3.305014650696636025e-02,nan,1.154121884833786638e+01,1.000000000000000000e+00
8.660000000000000000e+02,2.612956078861356701e+01,1.774039361694094552e+01,-2.346963684550167420e-02,6.483354105881996929e+02,1.974008102740310022e-02,nan,9.600455472366379084e+00,1.000000000000000000e+00
8.660000000000000000e+02,5.488927707531212974e+01,2.818531789993204129e+01,-1.642951557820340400e-02,4.530967085781673518e+02,1.439766889936788807e-02,nan,1.289038115861176159e+01,1.000000000000000000e+00
8.670000000000000000e+02,6.731540267263936528e+01,3.161363075813824253e+01,-2.586973543922210447e-02,7.148956467464482785e+02,1.230324110052860576e-02,nan,1.289038115861176159e+01,1.000000000000000000e+00
8.680000000000000000e+02,1.158744101215782791e+02,3.224213198595286656e+01,-1.719973033142663602e-02,4.744565293793777414e+02,4.720632878510844233e-02,nan,7.317423009133179335e+00,1.000000000000000000e+00
8.690000000000000000e+02,1.152774773429906361e+02,5.140216444975476584e+00,-3.101481696624718010e-02,8.575805524366688815e+02,1.005182658713466015e-02,nan,1.165515008615339099e+01,1.000000000000000000e+00
8.690000000000000000e+02,9.580902049562649836e+01,1.678047515074513640e+01,-1.255507094586037244e-02,3.456494768746310342e+02,2.383027010754079633e-02,nan,1.326691329763669636e+01,1.000000000000000000e+00
8.690000000000000000e+02,1.740784924902574460e+01,2.175293559143917577e+01,-2.282469124157241250e-02,6.304495904726965136e+02,1.555198165261274523e-01,nan,8.184402554139492025e+00,1.000000000000000000e+00
8.690000000000000000e+02,2.888148337850944003e+01,4.260917905288457064e+01,-1.408426616620078037e-02,3.880575659690653083e+02,2.035583195315260330e-02,nan,1.097462422932152926e+01,1.000000000000000000e+00
8.690000000000000000e+02,5.397911175315410048e+01,4.854627444978137873e+01,-1.531672895695141041e-02,4.222365845407379652e+02,1.103099006377298297e-01,nan,1.482387033264213549e+01,1.000000000000000000e+00
8.700000000000000000e+02,4.739433627396629589e+01,8.693752220788169893e+00,-1.565662285552681544e-03,4.088798183298873568e+01,3.619851575785214548e-01,nan,1.432479229095286577e+01,1.000000000000000000e+00
8.710000000000000000e+02,1.301909046958457452e+02,2.195387509298985762e+01,-3.685842982827108264e-03,9.968545301936778458e+01,1.450573281417371074e-01,nan,1.487370049679168993e+01,1.000000000000000000e+00
8.710000000000000000e+02,1.089455987564586081e+02,1.492540101636597250e+01,-2.090689578164062201e-02,5.772647258799438532e+02,1.389287911571013279e-02,nan,1.165515008615339099e+01,1.000000000000000000e+00
8.710000000000000000e+02,1.392992481286017608e+02,3.857051943588105303e+01,-1.450422115836194192e-03,3.769210774210149140e+01,3.169058386610248412e-01,nan,1.711632226059509421e+01,1.000000000000000000e+00
8.720000000000000000e+02,8.367419804472172018e+01,4.420880717912065450e+01,-2.661214986656041184e-02,7.354845007794524463e+02,9.317785169678627355e-03,nan,1.201899394125223530e+01,1.000000000000000000e+00
8.720000000000000000e+02,3.948281302952050709e+01,4.544716894106330329e+01,-2.914206395963011773e-02,8.056448183328135428e+02,1.377029830792231291e-02,nan,1.097462422932152926e+01,1.000000000000000000e+00
8.730000000000000000e+02,9.768525356614698296e+01,5.194911298795052801e+01,-1.834396262142372336e-02,5.061887138993653252e+02,1.252148307585065901e-02,nan,1.121809346784698924e+01,1.000000000000000000e+00
8.730000000000000000e+02,9.594991387284548523e+01,3.203771726024173461e+01,-1.347857084427489353e-02,3.712602461536155261e+02,2.721139335078937016e-02,nan,1.220661685399476859e+01,1.000000000000000000e+00
8.730000000000000000e+02,5.889497108361620548e+01,2.090660392244321031e+01,-1.493804599287883476e-03,3.889520346126514028e+01,3.372435418689938569e-01,nan,1.677552823941915605e+01,1.000000000000000000e+00
8.750000000000000000e+02,7.166805920930018203e+01,4.476454598867124446e+01,-2.540393651928067251e-02,7.019779748663528380e+02,1.083138620984791523e-02,nan,1.201899394125223530e+01,1.000000000000000000e+00
8.760000000000000000e+02,1.259528385513963542e+02,7.696744883037601959e+00,-1.849267940074866140e-02,5.103129711188230999e+02,6.158031483574633036e-02,nan,1.487370049679168993e+01,1.000000000000000000e+00
8.770000000000000000e+02,1.252192331364495601e+02,4.081970064138597110e+01,-1.501725987863476329e-03,3.911488172601318070e+01,3.294467409049540718e-01,nan,5.380278155296798204e+00,1.000000000000000000e+00
8.770000000000000000e+02,1.029455964953757956e+02,4.204081276438726889e+01,-1.758738563607818760e-03,4.624242964506163389e+01,2.408387142987677976e-01,nan,1.121809346784698924e+01,1.000000000000000000e+00
8.780000000000000000e+02,5.360338138122603624e+01,4.310283686697268024e+01,-4.406233468478956000e-03,1.196635326601775802e+02,6.405449756370695802e-02,nan,1.024507499801332244e+01,1.000000000000000000e+00
8.790000000000000000e+02,7.620188578989943551e+01,1.723458591381585592e+01,-1.234957259337524961e-02,3.399505364613798406e+02,2.066116325381428531e-02,nan,9.808664288728552449e+00,1.000000000000000000e+00
8.800000000000000000e+02,9.942497125173066763e+01,2.427139371512432930e+01,-2.089353812192095913e-02,5.768942873538815093e+02,1.053248359806924217e-02,nan,1.624800947861016809e+01,1.000000000000000000e+00
8.800000000000000000e+02,5.772978091202085160e+00,4.449052329100589276e+01,-2.025593552290409077e-02,5.592121055982183861e+02,1.104154269436774527e-02,nan,1.935606117432119788e+01,1.000000000000000000e+00
8.810000000000000000e+02,1.146108728909357524e+02,1.849331415341922380e+01,-2.427570430396213536e-02,6.706895090968948807e+02,1.125726966477003099e-02,nan,1.565905785969309960e+01,1.000000000000000000e+00
8.810000000000000000e+02,6.657551041421908167e+01,1.535235525433925297e+01,-1.590404810973913147e-02,4.385242910591671830e+02,1.495996813029065731e-02,nan,9.808664288728552449e+00,1.000000000000000000e+00
8.820000000000000000e+02,4.793294463064512456e+01,5.283344607752836453e+01,-1.725987215597713648e-02,4.761244000475005009e+02,1.397878458218637654e-02,nan,6.422061635052739526e+00,1.000000000000000000e+00
8.830000000000000000e+02,1.520880669523883988e+01,5.224994038841112243e+00,-5.683179888418988385e-02,1.573544645681606880e+03,1.677890903698286973e-02,nan,1.622021618623653438e+01,1.000000000000000000e+00
8.830000000000000000e+02,2.360842126340649472e+01,3.697027921018434427e+01,-2.115905081262682910e-02,5.842575629470729837e+02,1.475992195911512983e-02,nan,9.028516574904605463e+00,1.000000000000000000e+00
8.840000000000000000e+02,6.803339625766507481e+01,2.518701919605678441e+01,-1.508439766255697222e-02,4.157935051346231035e+02,1.285446253036104380e-02,nan,9.942134880348346471e+00,1.000000000000000000e+00
8.850000000000000000e+02,5.105347252878824094e+01,1.384032132509997126e+01,-2.627104957074246835e-02,7.260250076141749105e+02,4.937954683133316536e-02,nan,6.199795296010504941e+00,1.000000000000000000e+00
8.850000000000000000e+02,1.172842390998557249e+02,3.506279852744297187e+01,-1.276577790619017397e-03,3.287100607090302162e+01,3.534429176573843367e-01,nan,1.678376296627226338e+01,1.000000000000000000e+00
8.860000000000000000e+02,9.678028111300444891e+01,4.677786761526092363e+01,-2.135100226695190936e-02,5.895808168184865963e+02,1.267465899270414642e-02,nan,1.079464709937223432e+01,1.000000000000000000e+00
8.870000000000000000e+02,7.840653855605906131e+01,1.242244678946746461e+01,-2.708593759526172623e-02,7.486237206405648976e+02,1.166812710320852542e-02,nan,1.644799045068399579e+01,1.000000000000000000e+00
8.870000000000000000e+02,2.750926273648418174e+01,2.882794862580960427e+01,-2.508230592561622868e-02,6.930584211755027582e+02,1.089738735662748592e-02,nan,9.028516574904605463e+00,1.000000000000000000e+00
8.870000000000000000e+02,4.920102119979254240e+01,7.923744123192093980e+00,-1.997560365637658306e-02,5.514378602869749102e+02,1.788309935418452845e-01,nan,6.178235190104147456e+00,1.000000000000000000e+00
8.870000000000000000e+02,1.086363184503126611e+01,2.797348067686372275e+01,-2.185968185719687398e-03,5.809048647737925108e+01,2.098577182738241564e-01,nan,1.560038593009446295e+01,1.000000000000000000e+00
8.870000000000000000e+02,2.388178744566785738e+01,1.893173756277623454e+01,-5.276399174060180525e-03,1.437952225048497610e+02,5.212312994860768267e-02,nan,1.054009347157732890e+01,1.000000000000000000e+00
8.880000000000000000e+02,5.488287517325171905e+01,3.423073436835346683e+01,-2.871173975791997679e-02,7.937109417140043206e+02,1.020138086782340636e-02,nan,1.596010616848238328e+01,1.000000000000000000e+00
8.880000000000000000e+02,8.751288138505773873e+01,4.124255296454425235e+01,-1.944556044104878839e-02,5.367385468176861423e+02,1.298955855006123095e-02,nan,1.079464709937223432e+01,1.000000000000000000e+00
8.880000000000000000e+02,1.393298090310726707e+02,4.358180421046084518e+01,-5.067747565585063035e-02,1.402871153957470369e+03,8.908523242128540964e-03,nan,2.363431004745997654e+01,1.000000000000000000e+00
8.890000000000000000e+02,1.105034080252673903e+02,1.551282649835787097e+01,1.580473917781250511e-03,-4.129874234991169857e+01,3.418598200655302843e-01,nan,5.114315164089467736e+00,1.000000000000000000e+00
8.900000000000000000e+02,4.463633868243177005e+01,1.208718783962950383e+01,-2.302581174203381653e-02,6.360271230132348137e+02,5.726956165993413173e-02,nan,6.178235190104147456e+00,1.000000000000000000e+00
8.920000000000000000e+02,1.322096666011657362e+02,1.432894877529071920e+01,-1.015001505218019080e-02,2.789517634240364146e+02,2.271624002874050863e-02,nan,1.291076729159336445e+01,1.000000000000000000e+00
8.930000000000000000e+02,2.780547287328145600e+01,3.593757274979156335e+01,-2.324842547774449986e-02,6.422007122398359797e+02,1.082010359132346000e-02,nan,1.725908030068297450e+01,1.000000000000000000e+00
8.930000000000000000e+02,3.644108083703826395e+01,5.088086983984913303e+01,-1.444226164442318329e-03,3.752027980591569190e+01,3.167736805657109800e-01,nan,1.725908030068297450e+01,1.000000000000000000e+00
8.950000000000000000e+02,6.404754078324610589e+01,1.407099348190018162e+01,-9.114458610686387505e-03,2.502334093191834086e+02,3.221372978606129589e-02,nan,9.483966937109158835e+00,1.000000000000000000e+00
8.960000000000000000e+02,1.289004858043444415e+02,3.318084270513383416e+01,-4.046523194985299915e-02,1.119662224726304885e+03,9.284891627841407313e-03,nan,1.485230403602680660e+01,1.000000000000000000e+00
8.970000000000000000e+02,1.444249208532309012e+02,1.850931665564299067e+01,-1.475967540787644083e-02,4.067882125962563578e+02,5.045857804809528169e-02,nan,1.291076729159336445e+01,1.000000000000000000e+00
8.970000000000000000e+02,1.400718453547144904e+01,5.255925357919645080e+01,-1.265423293698587481e-03,3.256166629994828554e+01,2.954902439000203218e-01,nan,2.160261638431672893e+01,1.000000000000000000e+00
8.980000000000000000e+02,6.852638887538637391e+01,3.550929657840839582e+01,-1.108183333672007470e-02,3.047932206199291159e+02,2.173396365793267559e-02,nan,1.443125359277481223e+01,1.000000000000000000e+00
8.990000000000000000e+02,1.219138926786344115e+02,4.628727058134631278e+01,-1.357024261329519040e-02,3.738025144633423338e+02,1.441360760228194149e-02,nan,1.259570537981723071e+01,1.000000000000000000e+00
8.990000000000000000e+02,9.817339446346446152e+01,1.130748139610298608e+01,-1.391076164648702212e-03,3.604630846685076762e+01,3.465349673514359630e-01,nan,5.858111013255465238e+00,1.000000000000000000e+00
8.990000000000000000e+02,2.132085792957377279e+01,2.234831687165774738e+01,-1.467922820554620538e-03,3.817744240378660692e+01,2.487439012460076482e-01,nan,2.448911557809053718e+01,1.000000000000000000e+00
9.030000000000000000e+02,1.334913657822875166e+02,4.132602975375633747e+01,-2.927739767497485393e-02,8.093979325078256579e+02,8.938898478026202632e-03,nan,1.259570537981723071e+01,1.000000000000000000e+00
9.030000000000000000e+02,8.237679884672417074e+01,5.011749460616820073e+01,-1.687828750566812853e-03,4.427593797080486127e+01,2.608225737729262805e-01,nan,1.762968915859915242e+01,1.000000000000000000e+00
9.040000000000000000e+02,5.843189905684405261e+01,3.358256482882224958e+01,-1.731227921343820794e-02,4.775777678925109626e+02,1.207641211215537691e-02,nan,1.147545506000285265e+01,1.000000000000000000e+00
9.040000000000000000e+02,2.602657178791681503e+01,4.638106617090511463e+01,-2.402628336446507168e-02,6.637724946545829425e+02,1.010025326455876726e-02,nan,1.060761726768205016e+01,1.000000000000000000e+00
9.050000000000000000e+02,1.168476863486027071e+02,8.295680859627708514e+00,-3.768023926809747903e-02,1.042427993148635778e+03,1.000343931383695928e-02,nan,1.298966903698550901e+01,1.000000000000000000e+00
9.050000000000000000e+02,9.489911964964663582e+01,9.750701746744232068e+00,-1.744701714076873217e-02,4.813143595000626647e+02,1.128922515302932528e-02,nan,6.692452754680048521e+00,1.000000000000000000e+00
9.050000000000000000e+02,3.394992728989934960e+01,3.932826660712694888e+01,-1.363901656373314383e-02,3.757097737712152252e+02,2.451697292059773492e-02,nan,8.003050645082037562e+00,1.000000000000000000e+00
9.070000000000000000e+02,8.215036634308608754e+00,2.104882565782069648e+01,-1.588913456984046915e-02,4.381107044089323495e+02,1.318569608989550446e-02,nan,2.377536005316135359e+01,1.000000000000000000e+00
9.070000000000000000e+02,6.803540084312911063e+01,3.986419059568903833e+01,-1.562649587040505338e-03,4.080443279672468293e+01,3.376629527015165833e-01,nan,3.861817347663679900e+00,1.000000000000000000e+00
9.080000000000000000e+02,1.334641364187673389e+02,2.411472360267812931e+01,-2.328458493238467000e-02,6.432034968114783169e+02,1.022309123432496580e-02,nan,1.644576936457692540e+01,1.000000000000000000e+00
9.100000000000000000e+02,1.047198051449608727e+02,1.294820696925580528e+01,-1.457079941691049978e-02,4.015502483741996684e+02,1.516280835698302631e-02,nan,1.032811227891448880e+01,1.000000000000000000e+00
9.100000000000000000e+02,2.847468490377771033e+01,3.349126905350701833e+01,-1.652739893307466831e-02,4.558112384034166098e+02,1.383449514533874325e-02,nan,8.003050645082037562e+00,1.000000000000000000e+00
9.110000000000000000e+02,1.107963779251305567e+02,2.480919469442140368e+01,-1.375358747001443997e-02,3.788870876527781775e+02,1.127443160013563705e-02,nan,1.332695638805905780e+01,1.000000000000000000e+00
9.110000000000000000e+02,9.651255503000277258e+01,3.017825978552761512e+01,-1.764586131288838067e-02,4.868287642372694108e+02,1.357097193451328732e-02,nan,9.190281996662488240e+00,1.000000000000000000e+00
9.120000000000000000e+02,8.472304156378611140e+01,2.414159537279966727e+01,-2.732734435868065803e-02,7.553184836079707338e+02,9.090016071937156994e-03,nan,7.422675818157705052e+00,1.000000000000000000e+00
9.130000000000000000e+02,9.326330851914002551e+01,1.373554232631658323e+01,-1.116005523649896310e-02,3.069624932221678932e+02,3.552373482705739605e-02,nan,8.605559742784546273e+00,1.000000000000000000e+00
9.130000000000000000e+02,1.220573482450723475e+02,3.596160140036428032e+01,-3.001465710358125483e-02,8.298438266083132930e+02,8.201428023278611867e-03,nan,1.197908992862386057e+01,1.000000000000000000e+00
9.140000000000000000e+02,1.291127604569232403e+02,2.628070505555596981e+01,-1.806654132134896543e-03,4.757123820532802227e+01,2.668950406658167074e-01,nan,1.197908992862386057e+01,1.000000000000000000e+00
9.160000000000000000e+02,3.263907296105169564e+01,1.420053034569190409e+01,-3.695882036427208198e-03,9.996385898992926400e+01,1.583855360044583716e-01,nan,2.618712899578820696e+01,1.000000000000000000e+00
9.160000000000000000e+02,9.189581099977557699e+01,2.223175377737911518e+01,-2.138560868284874669e-02,5.905405320654812158e+02,1.015034622441690626e-02,nan,7.422675818157705052e+00,1.000000000000000000e+00
9.170000000000000000e+02,2.440909361299754821e+01,3.906080317148071401e+01,-2.723442103588989346e-02,7.527415068430392466e+02,1.189363046027513970e-02,nan,1.185380048363343342e+01,1.000000000000000000e+00
9.190000000000000000e+02,1.166849464952909159e+02,6.787243397122524335e+00,-1.591732904335107016e-02,4.388926017943701936e+02,2.182424909836844229e-02,nan,2.311807966276088067e+01,1.000000000000000000e+00
9.190000000000000000e+02,5.737712306600638357e+01,4.054219382899821511e+01,-2.713254529633295567e-02,7.499162590380335587e+02,1.002227035048219861e-02,nan,3.300129519116845955e+01,1.000000000000000000e+00
9.200000000000000000e+02,8.205361097335311271e+00,4.986624359710702947e+01,-2.308009313911264793e-03,6.147496673777503418e+01,2.257695587466447273e-01,nan,1.284218110974777538e+01,1.000000000000000000e+00
9.210000000000000000e+02,5.833023996514870646e+01,5.998710102063149918e+00,-7.800523964082238700e-03,2.137949894128951485e+02,3.602594792164381943e-02,nan,1.756993025608156955e+01,1.000000000000000000e+00
9.210000000000000000e+02,2.103540793065162973e+01,5.042437790932277863e+01,-1.509350563594375394e-03,3.932632869014327071e+01,3.086515904503942531e-01,nan,1.185380048363343342e+01,1.000000000000000000e+00
9.220000000000000000e+02,9.278231747003663088e+01,3.279406452947898032e+01,-1.861189273424979432e-02,5.136190301498180588e+02,1.880662971309621234e-02,nan,6.910668350795574177e+00,1.000000000000000000e+00
9.220000000000000000e+02,4.077861329340954200e+01,6.800489610073309876e+00,-2.155247238183087555e-02,5.951680449683044571e+02,2.865622458776140302e-02,nan,1.275351187271130371e+01,1.000000000000000000e+00
9.240000000000000000e+02,8.575920353356252690e+01,8.935682647310635218e+00,-1.949413259636525314e-02,5.380855640348279394e+02,1.105658292376809904e-02,nan,1.798338273932390763e+01,1.000000000000000000e+00
9.240000000000000000e+02,1.358066145898873458e+02,4.580308140678298656e+01,-3.030885382300349887e-02,8.380025760750894506e+02,1.119719890179471378e-02,nan,8.209005080910733554e+00,1.000000000000000000e+00
9.260000000000000000e+02,1.037126216018969700e+02,7.897976324396799974e+00,-1.431629953470271071e-03,3.717095799922317667e+01,3.332001533864836773e-01,nan,1.318329564457738101e+01,1.000000000000000000e+00
9.270000000000000000e+02,5.352477783339944040e+01,6.367644826239347466e+00,-1.723089600339309385e-02,4.753208249093801783e+02,1.705169800638439703e-02,nan,1.275351187271130371e+01,1.000000000000000000e+00
9.270000000000000000e+02,2.644265167561616181e+01,9.829800112744917939e+00,-1.236323260376024150e-02,3.403293598645216775e+02,1.796336514229102121e-02,nan,1.465252598115565519e+01,1.000000000000000000e+00
9.270000000000000000e+02,9.242516697514331270e+01,3.969549775589543827e+01,-2.394479803005435808e-02,6.615127195286771666e+02,2.245852785953905695e-02,nan,6.910668350795574177e+00,1.000000000000000000e+00
9.270000000000000000e+02,1.516756608984223398e+01,4.636330236361004609e+01,-2.661784569827496325e-02,7.356424592504210977e+02,9.096297575680756253e-03,nan,1.522140737529165833e+01,1.000000000000000000e+00
9.270000000000000000e+02,1.192962972969394428e+02,1.564773469501471581e+01,-3.554197456364822927e-02,9.831290109862522968e+02,1.739894701102928654e-02,nan,6.487276989297284580e+00,1.000000000000000000e+00
9.280000000000000000e+02,7.587436330656618821e+00,3.316357224066844367e+01,-1.371027469730679536e-02,3.776859251723566899e+02,1.595564350735523274e-02,nan,1.522140737529165833e+01,1.000000000000000000e+00
9.280000000000000000e+02,1.403997877131199914e+02,5.260679547179420723e+01,-1.299383579539626840e-02,3.578174320075814876e+02,4.776000750503106573e-02,nan,8.209005080910733554e+00,1.000000000000000000e+00
9.280000000000000000e+02,8.709965490617614137e+01,5.303836677415683454e+01,-1.840419847160565912e-03,4.850763888988359440e+01,3.531576707435161167e-01,nan,1.436639246419207439e+01,1.000000000000000000e+00
9.290000000000000000e+02,1.130088903497406534e+02,1.724563225624398299e+01,-1.528268702086801184e-02,4.212925236130230360e+02,2.021122904749131921e-01,nan,6.487276989297284580e+00,1.000000000000000000e+00
9.290000000000000000e+02,1.003975030991170314e+02,4.641912912655467238e+01,-1.580796725937298058e-02,4.358597488160324360e+02,5.368455845438291352e-02,nan,4.859802093573129866e+00,1.000000000000000000e+00
9.320000000000000000e+02,2.988543873714887056e+01,2.883901454671748255e+01,-8.549163866188296684e-03,2.345564901329241536e+02,1.191504863603956021e-01,nan,9.751514825021590838e+00,1.000000000000000000e+00
9.320000000000000000e+02,1.201231707981053205e+02,9.086727747299754299e+00,-8.324720564117031596e-03,2.283321628369178029e+02,4.581201042701210646e-02,nan,6.612906468028586282e+00,1.000000000000000000e+00
9.330000000000000000e+02,5.877651460419903628e+01,1.467364086014468150e+01,-1.191203345350628010e-02,3.278165730673960638e+02,1.123027811518284569e-02,nan,9.919940238840657898e+00,1.000000000000000000e+00
9.330000000000000000e+02,1.021989322535017948e+02,5.093272297075802157e+01,-1.116041774922794071e-02,3.069725465311920516e+02,1.241979106438820812e-01,nan,4.859802093573129866e+00,1.000000000000000000e+00
9.330000000000000000e+02,1.037624354624505969e+02,9.089811649937180604e+00,-2.008218126116778461e-03,5.316106983788494489e+01,3.254871246502701876e-01,nan,1.232940946456677622e+01,1.000000000000000000e+00
9.340000000000000000e+02,2.586324627125052089e+01,3.772237028370597756e+01,-3.214376298739347187e-02,8.888888136781089315e+02,9.802909256586556097e-03,nan,9.751514825021590838e+00,1.000000000000000000e+00
9.350000000000000000e+02,7.833351312426144375e+01,1.063392006426574810e+01,-3.158490085521312857e-02,8.733902855779925858e+02,1.227502989715945070e-02,nan,1.090114943472270603e+01,1.000000000000000000e+00
9.360000000000000000e+02,1.287359393059544459e+02,8.451073805798358762e+00,-7.961168085173471812e-03,2.182500191626072876e+02,2.428567040097295848e-02,nan,8.636193449844897785e+00,1.000000000000000000e+00
9.370000000000000000e+02,4.574373663479043017e+01,1.288331974825161730e+01,-1.736010831620865558e-02,4.789041785591257394e+02,1.509170352467781306e-02,nan,1.075565692781209748e+01,1.000000000000000000e+00
9.370000000000000000e+02,6.660855226067482704e+01,3.604699324242239555e+01,-1.266005888446579408e-02,3.485610330938746415e+02,1.389422060432043970e-02,nan,1.062515090470677137e+01,1.000000000000000000e+00
9.380000000000000000e+02,6.564005765258326619e+01,2.183583264514643218e+01,-8.190689167712719709e-03,2.246151649516509394e+02,1.353683313702482849e-01,nan,3.655502103996442820e+00,1.000000000000000000e+00
9.400000000000000000e+02,5.475350667426960172e+01,1.875768778102721512e+01,-1.619177863717221125e-02,4.465037181985317147e+02,1.511438679242904648e-02,nan,1.075565692781209748e+01,1.000000000000000000e+00
9.400000000000000000e+02,3.980930163523372300e+01,4.273916240572977898e+01,-2.133763807652869389e-03,5.664273939660801460e+01,3.018958360834904653e-01,nan,5.481158625950826035e+00,1.000000000000000000e+00
9.400000000000000000e+02,1.203401922494675169e+01,2.472461007305687630e+01,-1.478543942859815094e-03,3.847199047391548277e+01,2.907416188837504967e-01,nan,1.984320056428850876e+01,1.000000000000000000e+00
9.400000000000000000e+02,1.414527536869752851e+02,2.963739724532380038e+01,-1.435549952147283917e-03,3.727966854901669791e+01,3.518932434424715261e-01,nan,1.357521401877691325e+01,1.000000000000000000e+00
9.410000000000000000e+02,9.829669629970085509e+01,1.328172444643803018e+01,-1.079311999799465772e-02,2.967865378703626220e+02,3.344170920535548541e-01,nan,2.379875158320703576e+01,1.000000000000000000e+00
9.420000000000000000e+02,5.162849402256020426e+01,3.436902985189117032e+01,-3.470735043593953240e-02,9.599829705739916790e+02,1.125455770632854957e-02,nan,1.448283216976103382e+01,1.000000000000000000e+00
9.420000000000000000e+02,6.633084226501092928e+01,2.542547221640641908e+01,-1.950457304357092539e-02,5.383751015702548557e+02,3.291951864909214986e-02,nan,3.655502103996442820e+00,1.000000000000000000e+00
9.420000000000000000e+02,2.457908278677589919e+01,4.009906905099318664e+01,-1.752662699277769470e-03,4.607393199845175502e+01,2.417784995329390618e-01,nan,1.097882570241567102e+01,1.000000000000000000e+00
9.440000000000000000e+02,6.523196456328301451e+01,4.213267952900076097e+01,-1.865820860076092963e-02,5.149034753059131617e+02,1.292830579790615886e-02,nan,8.759591186105172511e+00,1.000000000000000000e+00
9.440000000000000000e+02,1.288072952615615065e+02,4.919530879116723554e+01,-2.435561487630117164e-02,6.729056124604580873e+02,1.192930663482905107e-02,nan,1.537202411857471596e+01,1.000000000000000000e+00
9.440000000000000000e+02,1.343478276709487034e+02,5.972720990177156963e+00,-1.645256451596375418e-03,4.309531052463006517e+01,3.717837675610783377e-01,nan,9.392700502629590886e+00,1.000000000000000000e+00
9.450000000000000000e+02,7.864791275396281378e+01,2.670952702511535293e+01,-1.746724465916862576e-02,4.818753149562738827e+02,2.082199990641875331e-02,nan,1.238382098471945625e+01,1.000000000000000000e+00
9.460000000000000000e+02,1.422636377010635833e+01,2.150806497963206709e+01,-1.486069761496230934e-02,4.095897899891416500e+02,1.836320556853221486e-02,nan,7.878184637194640239e+00,1.000000000000000000e+00
9.470000000000000000e+02,3.396324270546188018e+01,3.178198397582156431e+01,-2.820800177233132380e-02,7.797411325693361732e+02,3.316442975391098447e-02,nan,4.234830346741856211e+00,1.000000000000000000e+00
9.470000000000000000e+02,7.563436477373808486e+01,4.838796987817903528e+01,-2.641384998433241038e-02,7.299851904487093179e+02,1.761918772512705011e-02,nan,1.213831073465325971e+01,1.000000000000000000e+00
9.470000000000000000e+02,6.868171938153589906e+01,3.408099464683898816e+01,-2.441717884326477864e-03,6.518301191829525010e+01,3.216643567858221697e-01,nan,8.759591186105172511e+00,1.000000000000000000e+00
9.480000000000000000e+02,9.533648055011396139e+01,3.106912926366164740e+01,-1.399136744327156463e-02,3.854812714146889903e+02,2.115448769451422351e-02,nan,8.649521602197188130e+00,1.000000000000000000e+00
9.490000000000000000e+02,1.377999258103752425e+02,1.470804245923975806e+01,-1.882284883661529407e-02,5.194693264789807472e+02,1.207639622783018840e-02,nan,9.392700502629590886e+00,1.000000000000000000e+00
9.490000000000000000e+02,1.335613423515599436e+02,3.457689021157661813e+01,-3.470143330101063683e-02,9.598188748575581712e+02,8.680851317496518504e-03,nan,1.078656378238691893e+01,1.000000000000000000e+00
9.500000000000000000e+02,2.123717038242699573e+01,1.791440614463244074e+01,-1.812144301662812693e-02,5.000177351388319380e+02,1.217342883317662494e-02,nan,7.878184637194640239e+00,1.000000000000000000e+00
9.500000000000000000e+02,5.764788670457046749e+01,3.026297089351170655e+01,-4.568858081252782574e-03,1.241734859844660832e+02,6.199609017891316576e-02,nan,1.167573419208580177e+01,1.000000000000000000e+00
9.500000000000000000e+02,1.236363820933667057e+02,3.880123893117659861e+01,-1.691224330930702485e-02,4.664838552005843439e+02,1.555083811663560134e-02,nan,1.078656378238691893e+01,1.000000000000000000e+00
9.500000000000000000e+02,3.156799323003471258e+01,6.406708142643424253e+00,-2.076001015515129694e-02,5.731912507264808028e+02,1.295347514831179936e-02,nan,1.546457286877447679e+01,1.000000000000000000e+00
9.500000000000000000e+02,9.662600663894083652e+01,4.463707459797021926e+01,-3.673867101837737653e-02,1.016316147066791586e+03,6.059243373137390698e-02,nan,5.771160048185097757e+00,1.000000000000000000e+00
9.510000000000000000e+02,5.006843853845950321e+01,9.080067536050689725e+00,-2.369129752966121077e-02,6.544825695104452734e+02,6.466017553706238097e-02,nan,1.472190975144090785e+01,1.000000000000000000e+00
9.510000000000000000e+02,1.058373209817434031e+02,2.610165313292283429e+01,-2.639579120344619570e-02,7.294843790555185024e+02,9.725178126948841317e-03,nan,1.090010949957761888e+01,1.000000000000000000e+00
9.510000000000000000e+02,1.204214166638701329e+02,5.305570318247239214e+01,-1.333867214913559036e-02,3.673805346238201537e+02,1.320350858284347062e-02,nan,1.461252044666928285e+01,1.000000000000000000e+00
9.510000000000000000e+02,3.697460318199090779e+01,2.880448567253327852e+01,-2.539108619997887048e-02,7.016216060531404537e+02,8.348907980975284193e-02,nan,4.234830346741856211e+00,1.000000000000000000e+00
9.530000000000000000e+02,1.167359339063861796e+02,2.592103358361629617e+01,-8.524555282929361863e-03,2.338740377047113554e+02,2.930629169974285908e-02,nan,1.090010949957761888e+01,1.000000000000000000e+00
9.530000000000000000e+02,1.427804937105113758e+01,4.049501299849196556e+01,-4.000531638010289270e-02,1.106907711634419684e+03,1.035431607548109589e-02,nan,2.362865148796140602e+01,1.000000000000000000e+00
9.530000000000000000e+02,9.816210004692793234e+01,5.020005090060772091e+01,-2.661105173675591337e-02,7.354540471225438978e+02,1.596442972120482029e-01,nan,5.771160048185097757e+00,1.000000000000000000e+00
9.550000000000000000e+02,7.395842050553549996e+01,3.654945536493890756e+01,-2.085016899369582580e-02,5.756915620057667411e+02,2.129966296830188011e-02,nan,7.943486240468865311e+00,1.000000000000000000e+00
9.560000000000000000e+02,6.464653124652147653e+01,4.528471158908073591e+01,-1.710997085582796270e-02,4.719672933501080934e+02,1.752780311062140939e-02,nan,4.605019196811888982e+00,1.000000000000000000e+00
9.560000000000000000e+02,5.660190167801606265e+01,2.227281122846079597e+01,-1.896941918940664787e-02,5.235340583700435673e+02,1.364319845780515017e-02,nan,1.472190975144090785e+01,1.000000000000000000e+00
9.580000000000000000e+02,7.474580824440182880e+01,2.864508984952901116e+01,-1.459134758417881053e-02,4.021200961586099538e+02,2.915523611361181544e-02,nan,7.943486240468865311e+00,1.000000000000000000e+00
9.590000000000000000e+02,1.119708779547973592e+02,4.599066853346077011e+01,-2.300358555677118472e-02,6.354107399430357646e+02,8.823073603276387900e-03,nan,2.398199443554286248e+01,1.000000000000000000e+00
9.600000000000000000e+02,1.035115762514238114e+01,4.079107681058293622e+01,-2.044657002931315418e-03,5.417160342698942088e+01,1.955571650815169926e-01,nan,2.507371321467923053e+01,1.000000000000000000e+00
9.610000000000000000e+02,1.330734863083115442e+02,1.899884900517630371e+01,-1.741727290331835862e-02,4.804894836077874061e+02,1.175011775722423213e-02,nan,1.831393342562370918e+01,1.000000000000000000e+00
9.610000000000000000e+02,3.501433068813201288e+01,3.627233928368423932e+01,-3.342124600065269485e-02,9.243163462274611675e+02,2.144660426798217223e-02,nan,6.783696984321867518e+00,1.000000000000000000e+00
9.610000000000000000e+02,6.104744033890419530e+01,4.241195221145917316e+01,-2.033055443531465306e-02,5.612814591009926062e+02,7.370398370362829521e-02,nan,4.605019196811888982e+00,1.000000000000000000e+00
9.620000000000000000e+02,3.924026285884927745e+01,1.057189607458356129e+01,-2.426702667444382427e-02,6.704488585371454974e+02,1.149458820142701398e-02,nan,1.685430214701801432e+01,1.000000000000000000e+00
9.620000000000000000e+02,6.655287242218575727e+01,1.089317135743056220e+01,-4.532085955719903324e-03,1.231537106444392435e+02,4.750424163787581033e-02,nan,1.955133774290286652e+01,1.000000000000000000e+00
9.630000000000000000e+02,3.650509500888117742e+01,4.289020650168422577e+01,-2.280936765433186353e-02,6.300246322696496009e+02,5.870547499516254319e-02,nan,6.783696984321867518e+00,1.000000000000000000e+00
9.640000000000000000e+02,2.255219404133595873e+01,8.210570174815440936e+00,-1.149208210146772380e-02,3.161703593494282813e+02,4.227460479218403400e-02,nan,1.685430214701801432e+01,1.000000000000000000e+00
9.640000000000000000e+02,6.431677038935315238e+01,4.675942539725028979e+01,-2.019752369793129110e-02,5.575922117843575734e+02,1.207639601155467979e-01,nan,5.439581057392319785e+00,1.000000000000000000e+00
9.650000000000000000e+02,1.055088840992729615e+02,3.994617285327066014e+01,-4.840152685268916954e-02,1.339753876101111018e+03,8.460884795827960936e-03,nan,3.190681032330197198e+01,1.000000000000000000e+00
9.660000000000000000e+02,1.214712124065158463e+02,4.828902010713417958e+00,-2.245493869913496934e-02,6.201955048242400608e+02,1.232719402577919787e-02,nan,1.683575303007675927e+01,1.000000000000000000e+00
9.680000000000000000e+02,1.363561829702567252e+02,1.269530089497465397e+01,-4.225163776876314677e-03,1.146420550151734261e+02,7.535022271521274462e-02,nan,1.683575303007675927e+01,1.000000000000000000e+00
9.700000000000000000e+02,5.304516610946009791e+00,3.593686314527275982e+01,-7.637495848484945719e-03,2.092738460302937540e+02,1.773667532862333029e-02,nan,1.736106617283108733e+01,1.000000000000000000e+00
9.710000000000000000e+02,4.392999713374544513e+01,2.150645289768558044e+01,-1.514633327951102858e-02,4.175111217783120878e+02,1.618850539997407356e-02,nan,9.088370239511514015e+00,1.000000000000000000e+00
9.710000000000000000e+02,5.567972220383682469e+01,5.242125622749659897e+01,-2.844486147791263145e-02,7.863097951989104786e+02,2.511942031360814287e-02,nan,1.915367520277013824e+01,1.000000000000000000e+00
9.710000000000000000e+02,7.465372779609694476e+01,4.980393210578501595e+01,-1.685208972952034062e-02,4.648156585328135861e+02,1.928237900177043329e-02,nan,1.915367520277013824e+01,1.000000000000000000e+00
9.720000000000000000e+02,1.895781259976105204e+01,1.047061522118445787e+01,-1.581156060703679507e-03,4.131765973694293592e+01,2.772437826961086094e-01,nan,2.730200933304087485e+01,1.000000000000000000e+00
9.730000000000000000e+02,1.103480297691895231e+02,2.039174634402941777e+01,-1.928739163783318653e-02,5.323521633072577970e+02,1.177522398991415198e-02,nan,1.473976983460912393e+01,1.000000000000000000e+00
9.730000000000000000e+02,8.115365583937222738e+00,5.306887256356500160e+01,1.472477481031596530e-03,-3.830375358023633225e+01,2.768412359606263751e-01,nan,1.736106617283108733e+01,1.000000000000000000e+00
9.740000000000000000e+02,1.195858094836733159e+02,4.098442988800398723e+01,-2.097804026022419971e-02,5.792377253676598912e+02,8.493803219509543645e-03,nan,1.818125621536291447e+01,1.000000000000000000e+00
9.740000000000000000e+02,5.193638113675775969e+01,2.580718409211601738e+01,-1.392393049846566561e-02,3.836110903380384798e+02,2.043220477851348527e-02,nan,9.088370239511514015e+00,1.000000000000000000e+00
9.740000000000000000e+02,7.040703233723601784e+01,2.932431858851246531e+01,-1.990218419584599031e-03,5.266189671195769506e+01,2.691640992932089471e-01,nan,1.302223612968888489e+01,1.000000000000000000e+00
9.750000000000000000e+02,1.247453307637183002e+02,2.355062887590580445e+01,-8.096570605640418875e-03,2.220050414613920111e+02,2.269936186030907521e-02,nan,1.473976983460912393e+01,1.000000000000000000e+00
9.780000000000000000e+02,4.542161186419329510e+01,5.951003144202238637e+00,-5.935593857468636318e-03,1.620762022599003842e+02,5.236549076871022113e-02,nan,2.089761088045818127e+01,1.000000000000000000e+00
9.780000000000000000e+02,8.023798811671099429e+01,2.078435709683218136e+01,-3.593039562373688111e-03,9.711180142112333158e+01,9.475954005604225738e-02,nan,1.302223612968888489e+01,1.000000000000000000e+00
9.830000000000000000e+02,1.694222678661168047e+01,3.121151549459287367e+01,-8.025231059207561454e-03,2.200266322950282358e+02,3.391414900658407117e-02,nan,2.426164953700036264e+01,1.000000000000000000e+00
9.850000000000000000e+02,1.265241685774394540e+02,3.765416551754961461e+01,-5.566216757256365472e-02,1.541108088065344191e+03,8.133962296194452435e-03,nan,6.981040789199713714e+00,1.000000000000000000e+00
9.850000000000000000e+02,8.801341171510861727e+01,3.791390370493132878e+01,-1.879484388708196115e-03,4.959098818129476882e+01,2.526723079687070994e-01,nan,1.167658893313592472e+01,1.000000000000000000e+00
9.860000000000000000e+02,7.026605270374896861e+01,1.759070018857212148e+01,-1.823862495389182506e-02,5.032674588952475005e+02,1.122461062190897030e-01,nan,5.726738185982903850e+00,1.000000000000000000e+00
9.860000000000000000e+02,1.037743477460699069e+02,4.520561127765795817e+01,-2.034788928619744516e-02,5.617621942556006616e+02,1.011917480003610148e-02,nan,1.736594667440311568e+01,1.000000000000000000e+00
9.860000000000000000e+02,1.195489021220208770e+02,3.793804643691991174e+01,-1.630928508516213751e-02,4.497624413813167052e+02,2.964432354620861743e-01,nan,6.981040789199713714e+00,1.000000000000000000e+00
9.870000000000000000e+02,2.984882808789642539e+01,1.066772613853918905e+01,-2.785739498522759108e-02,7.700180026073561521e+02,1.116851841926114197e-02,nan,2.426164953700036264e+01,1.000000000000000000e+00
9.880000000000000000e+02,8.149577840720398569e+01,2.822560224507137505e+01,-1.291883302224672465e-02,3.557374331665260456e+02,2.263207950999823748e-02,nan,1.167658893313592472e+01,1.000000000000000000e+00
9.880000000000000000e+02,1.361620236113338933e+02,5.276921095480195589e+01,-2.247193956859265887e-02,6.206669779082875493e+02,1.089387996665414082e-02,nan,1.792631719636153420e+01,1.000000000000000000e+00
9.880000000000000000e+02,6.908583322781075253e+01,1.198689681591432610e+01,-1.885759514898548150e-02,5.204329213758899186e+02,1.214181073445198544e-01,nan,5.726738185982903850e+00,1.000000000000000000e+00
9.890000000000000000e+02,1.148996020759710461e+02,3.042054236536078804e+01,-2.733627732721926121e-02,7.555662153041100737e+02,9.155457557445512151e-03,nan,8.839053025302369804e+00,1.000000000000000000e+00
9.920000000000000000e+02,7.926693307136670796e+01,4.758604769722477812e+01,-2.172995917559752618e-02,6.000901606426303942e+02,1.302116341731918148e-02,nan,1.948831956934437670e+01,1.000000000000000000e+00
9.940000000000000000e+02,1.380751550077261811e+02,2.968363149837884407e+01,-1.830335377654013522e-03,4.822797343212157983e+01,2.725023504282857445e-01,nan,1.210360197133118554e+01,1.000000000000000000e+00
9.940000000000000000e+02,4.224557821885809972e+01,7.794984359828730724e+00,-1.402687199409424854e-03,3.636830907871619445e+01,3.533669648233951355e-01,nan,2.287749652176922055e+01,1.000000000000000000e+00
9.940000000000000000e+02,3.920354564006038345e+01,3.046932855967486375e+01,-1.767591688726923797e-03,4.648794710013947196e+01,2.433290000389439767e-01,nan,1.847550469547124408e+01,1.000000000000000000e+00
9.950000000000000000e+02,1.035872884334496575e+02,1.721447583999313480e+01,-1.146748568862980024e-02,3.154882444348904755e+02,9.313008675016132276e-02,nan,9.104657489745525467e+00,1.000000000000000000e+00
9.960000000000000000e+02,1.279222367185711420e+02,3.627267019109823565e+01,-2.506207355801751829e-02,6.924973312398917642e+02,9.250237460138199808e-03,nan,1.210360197133118554e+01,1.000000000000000000e+00
9.960000000000000000e+02,1.095202865295077288e+02,2.412058339763735404e+01,-2.900292134802381211e-02,8.017860747326869841e+02,1.477626776942817521e-01,nan,9.104657489745525467e+00,1.000000000000000000e+00
9.960000000000000000e+02,1.170805749968100997e+02,1.080577823709823093e+01,-2.231244031752226565e-03,5.934608948138706808e+01,1.986441621908860977e-01,nan,1.493787760179853485e+01,1.000000000000000000e+00
9.990000000000000000e+02,5.540802531434802347e+01,3.934396163591969042e+01,-1.190481852046528823e-02,3.276164864341507723e+02,1.178166343440190111e-02,nan,1.847550469547124408e+01,1.000000000000000000e+00
1.000000000000000000e+03,6.581159185539991086e+01,2.303213570425606349e+01,-2.034768971873690893e-02,5.617566597924176222e+02,1.376295539974581317e-02,nan,1.934708923840969419e+01,1.000000000000000000e+00
1.002000000000000000e+03,4.618120019036594748e+00,3.257594946963789084e+01,-1.892583731341182518e-02,5.223254330385573212e+02,4.317367092001911377e-02,nan,7.538856348136946828e+00,1.000000000000000000e+00
1.002000000000000000e+03,3.191117625029020743e+01,3.808951838081957675e+01,-1.979333484244084548e-02,5.463831282307218089e+02,1.565857260017866626e-02,nan,1.717955111239411536e+01,1.000000000000000000e+00
1.002000000000000000e+03,1.047050807680682851e+02,2.402646023581961643e+01,-1.343749675887156991e-03,3.473383643893037487e+01,3.112537051869803673e-01,nan,1.537052668100021258e+01,1.000000000000000000e+00
1.003000000000000000e+03,9.677703176735624879e+01,5.071848669187454917e+00,-1.311653431807448429e-02,3.612201433241489781e+02,1.690039843623147853e-02,nan,2.054583316878623833e+01,1.000000000000000000e+00
1.003000000000000000e+03,3.484220705968437670e+01,1.480119303617289539e+01,-2.122126486075155694e-02,5.859829011254197439e+02,1.603901778716609883e-02,nan,2.009334313270292327e+01,1.000000000000000000e+00
1.003000000000000000e+03,1.599948642194139659e+01,2.177932439180920099e+01,-2.972708181728733051e-02,8.218687046616232692e+02,1.729422956473625206e-02,nan,7.834354610243472905e+00,1.000000000000000000e+00
1.004000000000000000e+03,6.590574984467590269e+00,2.529970205443880715e+01,-3.048829496077928164e-02,8.429788901890636907e+02,2.031087361487793341e-02,nan,3.722323839132206658e+00,1.000000000000000000e+00
1.004000000000000000e+03,1.700498375824947317e+01,2.954888597955149265e+01,-1.383453268480547456e-02,3.811318840234221739e+02,1.005760782252095309e-01,nan,7.834354610243472905e+00,1.000000000000000000e+00
1.007000000000000000e+03,1.310432742073522547e+02,1.351101530292883979e+01,-2.530796996353116071e-02,6.993166022749545618e+02,1.772388925044998675e-02,nan,9.315133869266166045e+00,1.000000000000000000e+00
1.007000000000000000e+03,5.591411381052792251e+01,4.347835562032373247e+01,-3.269938911961593059e-02,9.042976000809599100e+02,1.282951267827037167e-02,nan,1.065330536021477137e+01,1.000000000000000000e+00
1.007000000000000000e+03,6.531238124712190540e+01,3.846183448628692503e+01,-1.285808008899430935e-02,3.540526150531506460e+02,3.348245369037450292e-02,nan,1.065330536021477137e+01,1.000000000000000000e+00
1.008000000000000000e+03,1.247387988819598661e+02,4.603647653365452896e+01,-1.812359644947962242e-02,5.000774547684844151e+02,1.710871550718529033e-02,nan,1.264049139895078611e+01,1.000000000000000000e+00
1.009000000000000000e+03,4.472629343788322842e+01,1.403662606001666013e+01,-1.457903137160599261e-03,3.789957361344531250e+01,2.453110369906745802e-01,nan,8.771692740307194924e+00,1.000000000000000000e+00
1.009000000000000000e+03,1.421457281053309885e+02,2.675469139136394148e+01,1.349703756362387709e-03,-3.489895674006027093e+01,3.567190235304166235e-01,nan,1.728176608139720116e+01,1.000000000000000000e+00
1.010000000000000000e+03,1.198694486782998041e+02,1.522971828852735499e+01,-1.744572212625151997e-02,4.812784457787182077e+02,1.870512095944398823e-02,nan,1.093575945217167877e+01,1.000000000000000000e+00
1.010000000000000000e+03,1.256270388351347265e+02,5.932353587619907387e+00,-2.647139827568266435e-02,7.315811364955918634e+02,1.113484495581151812e-02,nan,9.315133869266166045e+00,1.000000000000000000e+00
1.010000000000000000e+03,1.128890969211923618e+02,3.092004173736718187e+01,-1.064283379206908305e-02,2.926187568534055004e+02,1.332694101653908447e-02,nan,1.717298927333753156e+01,1.000000000000000000e+00
1.010000000000000000e+03,7.163609576313143634e+01,2.716283159073801912e+01,-1.446597093438789896e-03,3.758603110227180366e+01,3.090543504433469479e-01,nan,1.294823662564181888e+01,1.000000000000000000e+00
1.010000000000000000e+03,1.866483253051978153e+01,3.328147318843504365e+01,-1.333188522558998151e-03,3.444095144601178049e+01,3.199625930380741723e-01,nan,1.676092863331231442e+01,1.000000000000000000e+00
1.012000000000000000e+03,1.364504963687772090e+02,5.079233237505943066e+01,-1.048282396296395906e-02,2.881813174745636275e+02,2.009417838721627714e-02,nan,1.264049139895078611e+01,1.000000000000000000e+00
1.014000000000000000e+03,5.342804518840731021e+01,1.514211690240705188e+01,-1.103197089142843312e-02,3.034104207038244567e+02,6.216430690754692900e-02,nan,6.555448914257712367e+00,1.000000000000000000e+00
1.015000000000000000e+03,1.353135484051033757e+02,6.306435840116896507e+00,-1.773963872569579714e-02,4.894294268763385958e+02,4.206319683840464840e-02,nan,9.693730199501501943e+00,1.000000000000000000e+00
1.016000000000000000e+03,9.044993444233048763e+01,4.059593672651590879e+01,-3.208656628912662234e-02,8.873026181134458739e+02,7.864315808979616129e-03,nan,2.816463522788735219e+01,1.000000000000000000e+00
1.016000000000000000e+03,1.149206911670816993e+02,2.665216597259153630e+01,-1.350217729566187972e-03,3.491321039526988557e+01,3.066110773775718723e-01,nan,4.748185682042856293e+00,1.000000000000000000e+00
1.017000000000000000e+03,1.423137401368096846e+02,1.795819979937133937e+01,-1.054652544155107799e-02,2.899479055095225704e+02,1.958410487474360195e-02,nan,1.359287635649019421e+01,1.000000000000000000e+00
1.017000000000000000e+03,6.037944351557446510e+01,3.732950437021419532e+01,-1.474226171689829376e-03,3.835224878101026036e+01,2.852472669387540183e-01,nan,7.952305300232761276e+00,1.000000000000000000e+00
1.018000000000000000e+03,5.880489472879636992e+01,1.139199697266339406e+01,-2.432183077998900309e-02,6.719687020206894204e+02,1.590863948527709848e-02,nan,6.555448914257712367e+00,1.000000000000000000e+00
1.020000000000000000e+03,1.780050430815069973e+01,5.621457869749686864e+00,-3.881601666741964912e-02,1.073925704167623508e+03,9.697228819596337424e-03,nan,1.620204078856200880e+01,1.000000000000000000e+00
1.020000000000000000e+03,4.174412338888929241e+01,4.813165786889273789e+01,-1.957906623912080216e-02,5.404409686562800061e+02,1.157214002684825438e-02,nan,1.495789266666221984e+01,1.000000000000000000e+00
1.020000000000000000e+03,1.397961727415359405e+02,3.510876492484528200e+01,-1.197442484054351891e-03,3.067640260453681122e+01,2.739490360938727775e-01,nan,1.153046658002907066e+01,1.000000000000000000e+00
1.021000000000000000e+03,1.196648946597430694e+02,2.684658945722351220e+01,-1.118724133567347394e-02,3.077164260755979512e+02,2.310190600283179574e-02,nan,4.748185682042856293e+00,1.000000000000000000e+00
1.021000000000000000e+03,7.357371478597573677e+00,2.214882390505997023e+01,-3.460671676002834152e-02,9.571921680412763180e+02,2.370279172003386670e-02,nan,6.099708027390085441e+00,1.000000000000000000e+00
1.022000000000000000e+03,4.085806647308213968e+01,2.586827622396340232e+01,-2.003019877259680850e-02,5.529519080174359260e+02,1.526263350893064530e-02,nan,1.562516482334650547e+01,1.000000000000000000e+00
1.022000000000000000e+03,7.679612866948939143e+01,3.485945650952218955e+01,-1.429265814247127585e-02,3.938367532034311012e+02,1.806278949758566288e-02,nan,1.390236400543787987e+01,1.000000000000000000e+00
1.023000000000000000e+03,7.002207560397368979e+01,1.354789277365781075e+01,-2.387405626307896600e-02,6.595508881570603990e+02,1.149905481823665365e-02,nan,1.142247930578949067e+01,1.000000000000000000e+00
1.024000000000000000e+03,1.313812503339044895e+02,1.776140001896943232e+01,-1.344823995807941080e-03,3.476362979318006552e+01,3.393596890648095110e-01,nan,1.482611403613293355e+01,1.000000000000000000e+00
1.026000000000000000e+03,3.006074034423426511e+01,1.268288544396500761e+01,-2.351300765178006291e-02,6.495381824725781144e+02,1.494905653768463516e-02,nan,1.363456463287782583e+01,1.000000000000000000e+00
1.027000000000000000e+03,1.129781557238193130e+02,2.058152241152355444e+01,-1.361443024401801268e-03,3.522451355471476830e+01,3.323675783564562503e-01,nan,1.861792097783023792e+01,1.000000000000000000e+00
1.028000000000000000e+03,7.911067755576453919e+01,4.016322473590418696e+01,1.132783182364654898e-03,-2.888325193916252687e+01,3.686903058340770256e-01,nan,1.371961597725601933e+01,1.000000000000000000e+00
1.029000000000000000e+03,6.849005086694998568e+01,1.314599379903282994e+01,-2.127525750412959972e-03,5.646974376878532098e+01,2.115213546557230817e-01,nan,1.433717303273780352e+01,1.000000000000000000e+00
1.031000000000000000e+03,8.102773285487727151e+01,6.191782057917393445e+00,-3.127531792190357818e-03,8.420220379127225385e+01,1.232600649105942692e-01,nan,1.433717303273780352e+01,1.000000000000000000e+00
1.032000000000000000e+03,6.585110454734697782e+01,4.368623285366705744e+01,-1.610506689060549335e-03,4.213161994671830257e+01,3.276722806796388276e-01,nan,1.371961597725601933e+01,1.000000000000000000e+00
1.035000000000000000e+03,4.122281833291177122e+01,4.219618682940785703e+01,-2.660966571107476961e-02,7.354156094529832899e+02,1.095961517491139681e-02,nan,8.048715078258547706e+00,1.000000000000000000e+00
1.035000000000000000e+03,1.403267839601182345e+02,2.568815774978375543e+01,-1.570802016349942543e-02,4.330879867217250307e+02,2.039464225209552950e-02,nan,3.813124733889673479e+01,1.000000000000000000e+00
1.036000000000000000e+03,4.540575205746608844e+01,8.498494549748100368e+00,-1.733368671508356273e-02,4.781714469891950330e+02,3.605569893958604499e-02,nan,2.165252425533522995e+01,1.000000000000000000e+00
1.036000000000000000e+03,2.562963597045001762e+01,1.790179521633710635e+01,1.745715222105855523e-03,-4.588126252959055762e+01,2.946737887762201913e-01,nan,1.266241697271326672e+01,1.000000000000000000e+00
1.036000000000000000e+03,3.329122661771251046e+01,4.082809791622678830e+01,-3.170927853719717783e-03,8.540567606165704717e+01,3.561848338007351789e-01,nan,8.048715078258547706e+00,1.000000000000000000e+00
1.037000000000000000e+03,1.073665757765605093e+02,6.514824703162635622e+00,-3.613453924481266344e-02,9.995621880317850128e+02,7.725885836261880968e-03,nan,2.216059506366929455e+01,1.000000000000000000e+00
1.039000000000000000e+03,6.702513081582436882e+01,9.696104139943205524e+00,-2.002471793833534436e-02,5.527999119187164752e+02,1.707479524687705030e-02,nan,2.165252425533522995e+01,1.000000000000000000e+00
1.041000000000000000e+03,8.673602109354185075e+01,5.044061940191230065e+01,-1.373669375746675372e-02,3.784185862754990808e+02,1.203328832794636760e-02,nan,2.050973104386025980e+01,1.000000000000000000e+00
1.041000000000000000e+03,1.473800249739930024e+01,1.144353508844057288e+01,-1.452384924575963023e-03,3.774654092813572248e+01,3.392321890966762954e-01,nan,1.266241697271326672e+01,1.000000000000000000e+00
1.041000000000000000e+03,1.249332717772564365e+02,2.191859410322769008e+01,-1.503820519868709826e-03,3.917296790017039854e+01,2.985461003650039524e-01,nan,1.765571429876147747e+01,1.000000000000000000e+00
1.042000000000000000e+03,1.086072782604172602e+02,2.864066097939128142e+01,-1.462158430165201410e-02,4.029586296509141334e+02,1.178643797368794655e-02,nan,7.242551703779690264e+00,1.000000000000000000e+00
1.044000000000000000e+03,4.621467864996656516e+01,4.358493009644450922e+01,-4.706173277848591484e-03,1.279815511770570851e+02,5.174628382359180989e-02,nan,1.541204365820642153e+01,1.000000000000000000e+00
1.044000000000000000e+03,6.630159196210969696e+01,4.868472260427235909e+01,-9.560609454372651778e-03,2.626061950020946938e+02,1.742958684131346025e-02,nan,2.050973104386025980e+01,1.000000000000000000e+00
1.046000000000000000e+03,5.732103747801169646e+01,7.788613653445302099e+00,-1.345372222096793968e-02,3.705711368645864923e+02,1.357163421108531498e-02,nan,1.598854845695315063e+01,1.000000000000000000e+00
1.046000000000000000e+03,1.429923436310247098e+02,8.316251748996505100e+00,-8.273745802542035316e-03,2.269185158403238916e+02,3.792115190893985410e-02,nan,2.260871057228335346e+01,1.000000000000000000e+00
1.046000000000000000e+03,6.192651645541792149e+00,3.171132855208949408e+01,-1.726754133172989179e-03,4.535542806575180208e+01,2.456412705504693594e-01,nan,2.199560122084576719e+01,1.000000000000000000e+00
1.047000000000000000e+03,7.205642280178798842e+01,1.399361978721964839e+01,-1.440478968322384977e-03,3.741636146717469558e+01,2.611079487811004407e-01,nan,1.598854845695315063e+01,1.000000000000000000e+00
1.048000000000000000e+03,1.249242040839768890e+02,2.296060846106620446e+01,-9.354255959532426293e-03,2.568835395309481555e+02,2.831192857991493561e-02,nan,1.366611645043356660e+01,1.000000000000000000e+00
1.049000000000000000e+03,3.239023299944941670e+01,3.677201646288373382e+01,-2.423978756716064706e-02,6.696934556473427165e+02,1.190952032205616629e-02,nan,1.541204365820642153e+01,1.000000000000000000e+00
1.050000000000000000e+03,1.041503314306522583e+02,1.083996056742626379e+01,-1.204411001314526245e-03,3.086965556327924887e+01,3.540841077681869953e-01,nan,1.738451402944654234e+01,1.000000000000000000e+00
1.052000000000000000e+03,4.853011856913424538e+01,4.665324587755955577e+01,-1.643569502239704272e-02,4.532680787318482203e+02,5.631454558179871395e-02,nan,7.467325893956027194e+00,1.000000000000000000e+00
1.053000000000000000e+03,5.926820006014623488e+01,3.879006429404375922e+01,-2.223126923879038819e-02,6.139926379333236355e+02,2.041227623099074462e-01,nan,6.048576031141462472e+00,1.000000000000000000e+00
1.053000000000000000e+03,1.356399397460560294e+02,1.447911401390323505e+01,-1.369581775283017829e-03,3.545021977449434303e+01,3.506439945197952213e-01,nan,1.366611645043356660e+01,1.000000000000000000e+00
1.054000000000000000e+03,9.122495621693994394e+01,3.008089263158792903e+01,-2.544642815703174535e-02,7.031563653920012484e+02,6.378872520385492351e-03,nan,1.877711173602645189e+01,1.000000000000000000e+00
1.054000000000000000e+03,5.517193752963702025e+01,4.324044689396090035e+01,-1.934339295228026945e-02,5.339052081382169490e+02,2.180815859961170444e-01,nan,6.048576031141462472e+00,1.000000000000000000e+00
1.055000000000000000e+03,6.085675335642044814e+01,1.881092901600280243e+01,-5.100834968086170179e-02,1.412047049189852942e+03,9.338879759723806018e-03,nan,7.585454603034554211e+00,1.000000000000000000e+00
1.056000000000000000e+03,2.960551450827792763e+01,4.510547318768664127e+01,-3.035468412628564844e-02,8.392735554497055546e+02,9.609219693648030081e-03,nan,1.898779184528037334e+01,1.000000000000000000e+00
1.057000000000000000e+03,1.030737724124562078e+02,1.551430483924294812e+01,-2.514961731446527932e-03,6.721423170826736282e+01,1.562084943703324624e-01,nan,8.030143103484673972e+00,1.000000000000000000e+00
1.057000000000000000e+03,1.344953897023872003e+02,3.394706891040358698e+01,-9.753785038419935695e-04,2.451805935820228655e+01,3.690513056216201404e-01,nan,9.464309499742217469e+00,1.000000000000000000e+00
1.058000000000000000e+03,1.170547956270696233e+02,2.292398625153996150e+01,-1.436075800395247458e-03,3.729425152642414076e+01,2.960402047386649915e-01,nan,7.271021162226726453e+00,1.000000000000000000e+00
1.060000000000000000e+03,6.503106029687731393e+01,4.508076477764122103e+01,-1.252136997129555535e-02,3.447148715914704553e+02,2.416930662909622107e-02,nan,1.117435325677400826e+01,1.000000000000000000e+00
1.060000000000000000e+03,6.765810022203309870e+01,1.545223844550972991e+01,-1.459544914310120355e-03,3.794510385752663950e+01,2.976883149187472544e-01,nan,3.710853270350662036e+00,1.000000000000000000e+00
1.061000000000000000e+03,9.807871311669613590e+01,9.226810831748119668e+00,-1.455381481720214665e-03,3.782964232726362042e+01,3.342390361189160330e-01,nan,8.030143103484673972e+00,1.000000000000000000e+00
1.062000000000000000e+03,3.861830672253639563e+01,6.916349528472585106e+00,-2.149287432665579478e-02,5.935152542715370600e+02,1.144649695072152973e-02,nan,1.707708387181810394e+01,1.000000000000000000e+00
1.062000000000000000e+03,1.107489049583194713e+02,2.654386078186814046e+01,-1.711082740098901489e-03,4.492082440960653145e+01,2.593649651430274261e-01,nan,7.271021162226726453e+00,1.000000000000000000e+00
1.063000000000000000e+03,1.255847401206520857e+02,4.407196028134250554e+01,-2.646087453476621623e-02,7.312892890346170134e+02,1.537275391096459831e-02,nan,7.579076199161423055e+00,1.000000000000000000e+00
1.063000000000000000e+03,9.406636256890386960e+01,3.505486770742961511e+01,-1.240430640863789168e-03,3.186856274192875560e+01,2.827000787523361591e-01,nan,1.872817288102616473e+01,1.000000000000000000e+00
1.064000000000000000e+03,1.786862702830610772e+01,3.415788763383689286e+01,-2.510489498549781096e-02,6.936848675907644974e+02,3.332518528555794557e-02,nan,5.837301427817735977e+00,1.000000000000000000e+00
1.064000000000000000e+03,6.663067215201746762e+01,1.901802357013742650e+01,1.690346925426900598e-03,-4.434577273251579044e+01,3.415256281692700124e-01,nan,3.710853270350662036e+00,1.000000000000000000e+00
1.064000000000000000e+03,1.331204311893762053e+02,4.326217256258733812e+01,-1.445889782260775629e-02,3.984469606331199998e+02,1.167864737593901081e-01,nan,7.579076199161423055e+00,1.000000000000000000e+00
1.065000000000000000e+03,5.164702708093669514e+01,1.801156590055635576e+01,-1.600928218227856345e-02,4.414426731366556851e+02,2.232046595622538820e-02,nan,1.049523240150783998e+01,1.000000000000000000e+00
1.065000000000000000e+03,5.608728965533365596e+01,3.838187401732592718e+01,-3.639137621810795836e-02,1.006684866092357993e+03,1.093938641849390159e-02,nan,1.117435325677400826e+01,1.000000000000000000e+00
1.067000000000000000e+03,1.405748354570286551e+02,1.398302717625033154e+01,-1.485840124438062709e-02,4.095261063685505860e+02,1.239176243390116561e-02,nan,3.021318416750963110e+01,1.000000000000000000e+00
1.068000000000000000e+03,1.508442367749249691e+01,7.791210802156395943e+00,-1.307638618805856932e-02,3.601067436404180171e+02,2.233567225366117626e-02,nan,1.639337946520684852e+01,1.000000000000000000e+00
1.068000000000000000e+03,1.513916481994407803e+01,2.899803065788044165e+01,-1.795621622419207863e-02,4.954356174070907173e+02,8.750955501795421032e-02,nan,5.837301427817735977e+00,1.000000000000000000e+00
1.068000000000000000e+03,4.153916511600554884e+01,5.609338900678576323e+00,-1.858857782528722377e-03,4.901896510605901369e+01,2.304213894631362836e-01,nan,1.599950336912365323e+01,1.000000000000000000e+00
1.069000000000000000e+03,1.028567312995129157e+02,2.878516316463268510e+01,-1.451540607192666928e-02,4.000140639302081809e+02,1.338219947858698688e-02,nan,1.673770094922360485e+01,1.000000000000000000e+00
1.070000000000000000e+03,6.820893601014341812e+01,1.562142878329761153e+01,-2.505728878735214230e-02,6.923646385803970134e+02,1.314082599204391411e-02,nan,8.427488419576988576e+00,1.000000000000000000e+00
1.071000000000000000e+03,2.026626011133011573e+01,2.334407103631328440e+01,-2.070049081389393683e-02,5.715406429471012189e+02,2.199182487898365679e-02,nan,7.632454751209778010e+00,1.000000000000000000e+00
1.073000000000000000e+03,6.414557846741195135e+01,5.978833421503213508e+00,-1.421517142064766641e-02,3.916878687712656415e+02,1.636386605773754166e-02,nan,1.046377177844449946e+01,1.000000000000000000e+00
1.073000000000000000e+03,1.300849969900556573e+02,2.476319534395568667e+01,-1.039249238005497331e-02,2.856762155980401303e+02,1.796921667821826940e-02,nan,9.063363772158172793e+00,1.000000000000000000e+00
1.073000000000000000e+03,1.201075112395765530e+02,3.614921564846061841e+01,-2.383437385951571105e-02,6.584504041355259005e+02,1.073229190120805754e-02,nan,9.240825303375547861e+00,1.000000000000000000e+00
1.073000000000000000e+03,5.496952695654376697e+01,4.041611431046835179e+01,-3.228199495088606569e-02,8.927223029184085590e+02,1.122439352161230808e-02,nan,1.267756574856902851e+01,1.000000000000000000e+00
1.073000000000000000e+03,7.875471348304127162e+01,1.280747853125792091e+01,-1.436486377250806605e-03,3.730563776386397734e+01,3.416121724633250922e-01,nan,1.091474866998017923e+01,1.000000000000000000e+00
1.074000000000000000e+03,1.153031456694355938e+02,1.759421135534393699e+01,-2.009278100225144956e-02,5.546874567136525229e+02,1.239845983832688070e-02,nan,1.642855623278834543e+01,1.000000000000000000e+00
1.075000000000000000e+03,3.261435457962173956e+01,2.770679745091496216e+01,-1.522062691403652107e-02,4.195714545796434436e+02,1.458001061215064009e-02,nan,1.309613755145070968e+01,1.000000000000000000e+00
1.075000000000000000e+03,6.490367220803742043e+01,5.152505640394509356e+01,-2.628702255684987193e-02,7.264679751365268885e+02,1.137762030865685503e-02,nan,1.490288013485961471e+01,1.000000000000000000e+00
1.075000000000000000e+03,1.030267887957314343e+02,5.023431880457067678e+00,-1.445807581109911748e-02,3.984241643695485777e+02,7.216418637137578251e-02,nan,1.757081201017130923e+01,1.000000000000000000e+00
1.076000000000000000e+03,1.281513165384974400e+02,4.069784715700888000e+01,-8.767592019030389511e-03,2.406140035512555073e+02,1.014209319007611798e-01,nan,8.146161269017559547e+00,1.000000000000000000e+00
1.076000000000000000e+03,5.292615471214214828e+00,6.879156578910731845e+00,-1.506750287207581779e-03,3.925421706488148743e+01,3.631082959113955955e-01,nan,2.225541376604926924e+01,1.000000000000000000e+00
1.077000000000000000e+03,4.056196557988348417e+01,9.224555041627956697e+00,-1.408187893782695925e-02,3.879913626536094853e+02,1.534110822098533333e-02,nan,2.011859351662358364e+01,1.000000000000000000e+00
1.077000000000000000e+03,5.822764536940517388e+01,2.816436595698573342e+01,-3.868772500399006442e-02,1.070367882235912475e+03,9.367964966185526876e-03,nan,1.267756574856902851e+01,1.000000000000000000e+00
1.077000000000000000e+03,1.348239537247181374e+02,3.602496192388935725e+01,-1.478051023526813328e-02,4.073660101230478290e+02,2.063895418167882578e-02,nan,8.146161269017559547e+00,1.000000000000000000e+00
1.077000000000000000e+03,1.309871230555220336e+02,5.909360797480671224e+00,-1.569366722523463792e-03,4.099071436249970191e+01,3.013389367109882144e-01,nan,1.397309936400951891e+01,1.000000000000000000e+00
1.078000000000000000e+03,1.367612820909763514e+02,1.863361296685253166e+01,-8.606815316287135670e-03,2.361552970083933474e+02,2.446331204733909193e-02,nan,9.063363772158172793e+00,1.000000000000000000e+00
1.081000000000000000e+03,7.837840151404533628e+01,1.422742817402662929e+01,-3.012072169588905085e-02,8.327852409029202363e+02,1.190729040932358984e-02,nan,2.383684570439642059e+01,1.000000000000000000e+00
1.082000000000000000e+03,7.075521076635166651e+01,3.681242708833875099e+01,-2.114823280507244913e-02,5.839575547976305643e+02,1.562073526345642005e-02,nan,1.160382338798068425e+01,1.000000000000000000e+00
1.083000000000000000e+03,9.493231544630043928e+00,3.638986125675106109e+01,-2.090127337228317450e-02,5.771088035792562323e+02,8.326371655745457012e-03,nan,2.527797135757120373e+01,1.000000000000000000e+00
1.084000000000000000e+03,2.017066882814257767e+01,1.347767740163051542e+01,-6.991428339417339773e-03,1.913569129133701949e+02,8.709963343096549515e-02,nan,2.527797135757120373e+01,1.000000000000000000e+00
1.084000000000000000e+03,7.851734867950474950e+01,4.543785068585783193e+01,-2.452451287032295785e-02,6.775895410282917055e+02,1.211254916777693147e-02,nan,1.160382338798068425e+01,1.000000000000000000e+00
1.085000000000000000e+03,1.027254145297593624e+02,3.783053676318266412e+01,-1.440242310951061555e-03,3.740979841573793863e+01,3.343417098319252379e-01,nan,1.011896378913680294e+01,1.000000000000000000e+00
1.086000000000000000e+03,1.098553671160324683e+02,1.164855547145002568e+01,1.356882484246585332e-03,-3.509803932130845538e+01,3.243802898513740152e-01,nan,1.079776020767034339e+01,1.000000000000000000e+00
1.089000000000000000e+03,9.195467940765506398e+01,8.079489829172397108e+00,-2.353939208500384003e-02,6.502698832913990827e+02,1.335605852744492505e-02,nan,1.825302303706814655e+01,1.000000000000000000e+00
1.089000000000000000e+03,1.093439396978613303e+02,4.548485271988726453e+01,-2.331443483310776874e-02,6.440313029885362539e+02,1.487066292818350899e-02,nan,7.228456593755441695e+00,1.000000000000000000e+00
1.090000000000000000e+03,1.419498119138131358e+02,2.585475007424486904e+01,-6.187266341051139880e-03,1.690556571812991820e+02,8.821741452555298402e-02,nan,2.193958730777341160e+01,1.000000000000000000e+00
1.091000000000000000e+03,1.088661365374624239e+02,2.240090630114169201e+01,-1.830493257751209663e-02,5.051063213064853130e+02,1.110676651281061744e-02,nan,1.079776020767034339e+01,1.000000000000000000e+00
1.091000000000000000e+03,7.315818556773982095e+01,5.035711679046407596e+01,-1.969573027456797756e-02,5.436763298080489903e+02,1.300483973532218229e-02,nan,3.272389999025709528e+01,1.000000000000000000e+00
1.091000000000000000e+03,1.058496995681583996e+02,5.181263832338080988e+01,-1.119709776072664101e-02,3.079897673378824834e+02,1.633951643950579680e-01,nan,7.228456593755441695e+00,1.000000000000000000e+00
1.092000000000000000e+03,4.919432120585282320e+01,6.682985420907382235e+00,-1.420125990545712154e-02,3.913020705632985141e+02,1.458855079395382504e-02,nan,1.595930215421770981e+01,1.000000000000000000e+00
1.092000000000000000e+03,3.952097909520730923e+01,1.937651832786556483e+01,-3.477889218605682842e-02,9.619669873120708417e+02,9.667874083221228432e-03,nan,1.595930215421770981e+01,1.000000000000000000e+00
1.092000000000000000e+03,1.064351053905727724e+02,3.476776093749666074e+01,-9.250920849699958981e-03,2.540178200426391584e+02,1.017322410055119253e-01,nan,7.756434341257786969e+00,1.000000000000000000e+00
1.093000000000000000e+03,1.135758188703921689e+02,3.779637195401375038e+01,-2.022768164079031747e-02,5.584285606760222436e+02,2.120054989157071912e-02,nan,7.756434341257786969e+00,1.000000000000000000e+00
1.095000000000000000e+03,1.241892703960570827e+02,1.297419666099915858e+01,-9.455195641552234520e-03,2.596828283145653131e+02,3.080705395574845351e-02,nan,1.799058881437642654e+01,1.000000000000000000e+00
1.096000000000000000e+03,1.221602903758211767e+02,4.095540107286365128e+01,-1.291708739260574550e-02,3.556890228547778747e+02,3.114469966281374624e-02,nan,9.147273692268322876e+00,1.000000000000000000e+00
1.097000000000000000e+03,8.569608539128695668e+01,3.386558522424487450e+01,-2.173419082462309335e-03,5.774247107560753989e+01,2.543299082278152046e-01,nan,7.667795102207007218e+00,1.000000000000000000e+00
1.097000000000000000e+03,1.286815158611589993e+01,1.162434686861745092e+01,-1.952790276352808427e-02,5.390220881873534609e+02,1.760135077772906342e-02,nan,8.279902122831165556e+00,1.000000000000000000e+00
1.099000000000000000e+03,8.378532938226666715e+01,2.643967832990377786e+01,-1.466896079777710348e-03,3.814896852827030216e+01,3.143158872400348969e-01,nan,7.667795102207007218e+00,1.000000000000000000e+00
1.100000000000000000e+03,1.087550439302456766e+02,2.705242247570032532e+01,-2.093028567724656078e-02,5.779133813057341058e+02,1.127116547578821404e-02,nan,1.727606975260844635e+01,1.000000000000000000e+00
1.100000000000000000e+03,5.198157400934496408e+00,4.634991046300319795e+01,-8.456936234844201344e-03,2.319988064866606123e+02,6.820525255250409202e-02,nan,2.338291690262984801e+01,1.000000000000000000e+00
1.101000000000000000e+03,2.851409970671013383e+01,4.458139773502112746e+01,-2.502049137603496939e-02,6.913441620076048366e+02,1.029779776410266745e-02,nan,2.161712492012346942e+01,1.000000000000000000e+00
1.101000000000000000e+03,4.626632211750055568e+00,1.242067441781845716e+01,-2.040728865102034092e-02,5.634094748134103838e+02,2.004117181556785976e-02,nan,8.279902122831165556e+00,1.000000000000000000e+00
1.102000000000000000e+03,8.573620913162795887e+01,8.978423572644285144e+00,-1.346704716195468599e-03,3.481578648102154716e+01,3.200013767779291696e-01,nan,1.540243253998209028e+01,1.000000000000000000e+00
1.103000000000000000e+03,3.422074626162932276e+01,2.373111536500387686e+01,-1.811261339073557547e-02,4.997728693711775918e+02,1.572575755587368729e-02,nan,1.162718131457624082e+01,1.000000000000000000e+00
1.104000000000000000e+03,1.296059863008792945e+02,4.972264488180886133e+01,-1.690246826106718211e-02,4.662127707038873154e+02,1.945415606479365955e-01,nan,7.169365366235838977e+00,1.000000000000000000e+00
1.104000000000000000e+03,4.780935556894734617e+01,1.365022789006418513e+01,-9.386807663733733390e-03,2.577862729122605856e+02,2.493335709658583976e-02,nan,9.068903565811543999e+00,1.000000000000000000e+00
1.104000000000000000e+03,2.201140522567146718e+01,1.287651133974001638e+01,-1.177768515959007334e-03,3.013079836726833349e+01,3.728073553961994691e-01,nan,1.275012475078861485e+01,1.000000000000000000e+00
1.105000000000000000e+03,1.009027041977403627e+02,1.166400648111820537e+01,-1.967308968945276348e-02,5.430484544799384139e+02,1.212854538289354078e-02,nan,1.540243253998209028e+01,1.000000000000000000e+00
1.105000000000000000e+03,9.079300854979729252e+01,4.454641400924364092e+01,-2.631840450672277495e-02,7.273382685486859600e+02,9.947967042092997758e-03,nan,1.234837718680695318e+01,1.000000000000000000e+00
1.106000000000000000e+03,1.123200254501505100e+02,4.798470833848916328e+01,-2.871935716800462154e-02,7.939221899583369577e+02,1.563425665192264002e-02,nan,8.930700413522966841e+00,1.000000000000000000e+00
1.106000000000000000e+03,1.292472989625332502e+02,4.047107885406724392e+01,-2.653657375461175930e-02,7.333886019391356967e+02,4.154185842070989843e-02,nan,8.854481422895656095e+00,1.000000000000000000e+00
1.107000000000000000e+03,1.263431382877558349e+02,6.617052172629925622e+00,-2.193915686001574744e-02,6.058916920109943476e+02,1.153464137776094578e-02,nan,2.259830427386714646e+01,1.000000000000000000e+00
1.107000000000000000e+03,1.006338438394967625e+02,3.215771208398751213e+01,-1.622278455106053799e-02,4.473635832707870463e+02,1.470778021107296274e-01,nan,5.761054219607805393e+00,1.000000000000000000e+00
1.107000000000000000e+03,1.139147204091301262e+02,3.919753826707798794e+01,-2.598691034290712826e-02,7.181451754456028311e+02,3.618431740896510540e-02,nan,8.930700413522966841e+00,1.000000000000000000e+00
1.108000000000000000e+03,2.274563792572116938e+01,2.560547765687866217e+01,-2.103468649127264445e-02,5.808086552144269490e+02,1.213464293398514027e-02,nan,1.162718131457624082e+01,1.000000000000000000e+00
1.108000000000000000e+03,5.537139528347011463e+01,3.282804496594697952e+01,-1.623037759884015437e-03,4.247913526775882076e+01,3.091703779747725367e-01,nan,2.053638436108072440e+01,1.000000000000000000e+00
1.109000000000000000e+03,5.578307118639761342e+01,9.329941888186644050e+00,-1.192161276077585708e-02,3.280822292182573960e+02,2.081884126584132577e-02,nan,9.068903565811543999e+00,1.000000000000000000e+00
1.109000000000000000e+03,7.788725623304122792e+01,9.003801989459585542e+00,-8.327726970019311975e-03,2.284155373646838427e+02,2.183670356193490036e-02,nan,1.597414678799034782e+01,1.000000000000000000e+00
1.109000000000000000e+03,9.492195969115707044e+01,3.290879476732314401e+01,-2.864746523892686136e-02,7.919284619549091531e+02,1.020082263249072474e-01,nan,5.761054219607805393e+00,1.000000000000000000e+00
1.109000000000000000e+03,1.230580053413357149e+02,4.680309952199053924e+01,-1.793579238167171755e-02,4.948692174329519275e+02,3.174774535282731680e-02,nan,7.169365366235838977e+00,1.000000000000000000e+00
1.111000000000000000e+03,1.403608920987456088e+02,2.434234297839003247e+01,-7.847221659307975980e-03,2.150900235545771864e+02,2.949852445195988437e-02,nan,1.851305728607725953e+01,1.000000000000000000e+00
1.111000000000000000e+03,9.460008621257935957e+00,3.528269379568147457e+01,-1.927702562937951003e-02,5.320646901290722326e+02,1.003538725879982163e-02,nan,1.558426121014276511e+01,1.000000000000000000e+00
1.111000000000000000e+03,8.908700251921834479e+01,3.559364799501855714e+01,-3.424601873501221388e-02,9.471891849181239422e+02,4.716410502752588219e-02,nan,6.423018142012806742e+00,1.000000000000000000e+00
1.112000000000000000e+03,2.098825235990678451e+01,1.371010815067744026e+01,-1.531024930002330541e-03,3.992740855847385717e+01,2.843555653080845902e-01,nan,1.192975697273676339e+01,1.000000000000000000e+00
1.112000000000000000e+03,2.224348362416813529e+01,4.419627693131949542e+01,-2.304220829379467934e-03,6.136990337672060747e+01,2.889879468469293000e-01,nan,5.173888344739488332e+00,1.000000000000000000e+00
1.113000000000000000e+03,3.630089761248436986e+01,2.520838610173473526e+01,-3.819593684540505824e-02,1.056729469188676831e+03,1.138084902910263541e-02,nan,1.021718081279446544e+01,1.000000000000000000e+00
1.113000000000000000e+03,1.109124943119288531e+02,4.821280325820966794e+01,-6.226726387597358858e-02,1.724282550545009144e+03,9.929062592700654832e-03,nan,1.222704799979757517e+01,1.000000000000000000e+00
1.113000000000000000e+03,4.414091551564112592e+01,5.337436624741684454e+01,-1.448840729654078674e-02,3.992653259948710343e+02,1.103634388613961015e-02,nan,1.168572397256706985e+01,1.000000000000000000e+00
1.114000000000000000e+03,3.276363935408030414e+01,1.562305419435210041e+01,-1.024422860515419691e-02,2.815645212297634430e+02,8.131845133601056652e-02,nan,1.021718081279446544e+01,1.000000000000000000e+00
1.114000000000000000e+03,6.454682990493694206e+01,1.779051872488951247e+01,-1.156870480213449681e-02,3.182952824941719427e+02,2.513911567474369502e-02,nan,1.218133109666292668e+01,1.000000000000000000e+00
1.115000000000000000e+03,1.219410229799616161e+02,2.619752807008468309e+01,-2.291065028252879318e-02,6.328334317369523205e+02,4.375852849819972246e-02,nan,1.851305728607725953e+01,1.000000000000000000e+00
1.115000000000000000e+03,7.278575926999410228e+01,5.137214809203562282e+01,-1.567476605983516083e-02,4.321657741930749808e+02,1.467518368503839543e-02,nan,1.115087890523141922e+01,1.000000000000000000e+00
1.116000000000000000e+03,8.317385745700515542e+01,4.731881410429753743e+01,-2.312204900823644840e-02,6.386960030260938765e+02,9.826146672855640141e-03,nan,1.115087890523141922e+01,1.000000000000000000e+00
1.116000000000000000e+03,2.632879752451061961e+01,4.737107313572374068e+01,-1.258077165355602108e-02,3.463622164171365512e+02,1.456241711531025551e-02,nan,5.173888344739488332e+00,1.000000000000000000e+00
1.117000000000000000e+03,1.006814830426457661e+02,2.769158199902380346e+01,-1.307563551875939563e-03,3.373031226449020181e+01,3.500276701282815095e-01,nan,1.551546542708775078e+01,1.000000000000000000e+00
1.118000000000000000e+03,9.131616507847828856e+00,2.695311973788042792e+01,-1.756632913375140437e-02,4.846231545846544577e+02,1.845927798617963411e-02,nan,2.620768759401525827e+01,1.000000000000000000e+00
1.118000000000000000e+03,4.138499049212266812e+01,4.201826559500214842e+01,-1.586207829885854549e-03,4.145775687739470072e+01,2.605339590232033098e-01,nan,1.168572397256706985e+01,1.000000000000000000e+00
1.121000000000000000e+03,7.675560453897792001e+01,3.253752331778713369e+01,-6.142419682214677636e-03,1.678119565221374216e+02,6.269627548307799003e-02,nan,7.188380529944836894e+00,1.000000000000000000e+00
1.121000000000000000e+03,1.339783275374861091e+02,2.327520570448340465e+01,-1.521622632211777322e-03,3.966666128625480070e+01,2.816174061799190387e-01,nan,1.089261664469238511e+01,1.000000000000000000e+00
1.122000000000000000e+03,1.155530497243034347e+02,2.326821542455082792e+01,-1.011042088664457564e-02,2.778537264452912154e+02,2.842343652435774803e-02,nan,7.546263395059563450e+00,1.000000000000000000e+00
1.122000000000000000e+03,7.457373355041880814e+01,4.328720076733132061e+01,-2.422367666435643746e-02,6.692466633788181980e+02,1.098448853192213193e-02,nan,1.096887078417622341e+01,1.000000000000000000e+00
1.122000000000000000e+03,1.230911449608743595e+02,2.361923028463886709e+01,-7.164541501445126706e-03,1.961577377531571074e+02,1.019468372550229596e-01,nan,7.546263395059563450e+00,1.000000000000000000e+00
1.123000000000000000e+03,6.571030726655921228e+01,1.882340134755597205e+01,-1.387962527647289323e-03,3.595996017488170793e+01,2.680855929729744069e-01,nan,1.082027929447762915e+01,1.000000000000000000e+00
1.124000000000000000e+03,8.013666240146757502e+01,2.121244573967301861e+01,-1.318478774867855524e-03,3.403301642087891565e+01,3.508380341009149639e-01,nan,1.158554736436624744e+01,1.000000000000000000e+00
1.125000000000000000e+03,8.797078988366563124e+01,3.938375626716393896e+01,-3.344621944532684410e-02,9.250089170991517449e+02,1.095778279486869788e-02,nan,1.313968370672713881e+01,1.000000000000000000e+00
1.125000000000000000e+03,1.402988420626065249e+02,5.122407806258775764e+01,-2.122450318409291325e-02,5.860727072554351480e+02,1.254828028074850277e-02,nan,2.096407364420011632e+01,1.000000000000000000e+00
1.125000000000000000e+03,6.235480498467414634e+01,4.602699190397041207e+01,-1.690074329940990504e-03,4.433821303477449050e+01,3.119069065293678111e-01,nan,1.252232689108446095e+01,1.000000000000000000e+00
1.126000000000000000e+03,1.131812824790063985e+02,6.866064784131161503e+00,-8.174579435583823744e-03,2.241684051486366513e+02,2.326835305225316564e-02,nan,1.174317694238095910e+01,1.000000000000000000e+00
1.126000000000000000e+03,1.193443298557855741e+02,5.059098886378738769e+01,-2.953302777238925661e-02,8.164871411334945606e+02,2.683786483113159704e-02,nan,2.096407364420011632e+01,1.000000000000000000e+00
1.126000000000000000e+03,4.685062397764191644e+01,4.304913790570808629e+01,-1.767137646176843158e-03,4.647535545934674417e+01,2.273836233274434404e-01,nan,1.380423101353501814e+01,1.000000000000000000e+00
1.128000000000000000e+03,1.134595125208990751e+01,4.407363194593154532e+01,-4.904869491153890371e-02,1.357701329986470455e+03,2.354151047494512650e-02,nan,6.826171515482958085e+00,1.000000000000000000e+00
1.130000000000000000e+03,3.817331556338685061e+01,3.231316507792297443e+01,-5.240735831918809720e-03,1.428061962701222569e+02,5.152551113636705260e-02,nan,1.380423101353501814e+01,1.000000000000000000e+00
1.131000000000000000e+03,1.801869112625205815e+01,4.551278451969062644e+01,-1.684976792174700672e-02,4.647512694805840283e+02,1.704718562907224788e-01,nan,6.826171515482958085e+00,1.000000000000000000e+00
1.131000000000000000e+03,2.983738978265038000e+01,4.961229725234292687e+01,-1.897033912541040354e-02,5.235595703043535423e+02,1.684538711655414467e-02,nan,1.250950209144751746e+01,1.000000000000000000e+00
1.131000000000000000e+03,1.192986468777562408e+02,1.689003892181606403e+01,-1.409081215572363741e-03,3.654562980500567448e+01,3.129052322850702783e-01,nan,1.071092483341983836e+01,1.000000000000000000e+00
1.133000000000000000e+03,1.430423279529278489e+02,5.590155930186995192e+00,-2.165485641372495024e-02,5.980073888850640742e+02,1.246632046727091936e-02,nan,2.629543204862719463e+01,1.000000000000000000e+00
1.133000000000000000e+03,7.936226329694498816e+01,3.603223086835481581e+01,-1.965651995720170929e-03,5.198061346040372399e+01,1.742396856503932723e-01,nan,1.474203453408082964e+01,1.000000000000000000e+00
1.133000000000000000e+03,6.591079335960263563e+01,4.206427353471641339e+01,-1.582568244385934141e-03,4.135682282784079433e+01,2.825999758517828697e-01,nan,1.361238146190048681e+01,1.000000000000000000e+00
1.134000000000000000e+03,1.433496719119566762e+02,4.095451509038541360e+01,-5.331829111149614421e-03,1.453324217318159128e+02,3.970941306956754513e-02,nan,1.659533851407044835e+01,1.000000000000000000e+00
1.134000000000000000e+03,5.265020045382011915e+01,5.702273943012583501e+00,-1.913137845975003762e-02,5.280255602234584558e+02,1.743635095697360082e-02,nan,1.745141910832430554e+01,1.000000000000000000e+00
1.134000000000000000e+03,5.027370206899274052e+01,4.362678951776415204e+01,-1.476643369642236664e-02,4.069756354308096320e+02,2.217085320601264176e-02,nan,1.571496357705443359e+01,1.000000000000000000e+00
1.134000000000000000e+03,1.196778581884587567e+02,2.901905502641871948e+01,-1.631958665507806175e-03,4.272653243161638414e+01,3.133007244662417978e-01,nan,1.140888216561128843e+01,1.000000000000000000e+00
1.136000000000000000e+03,1.110697139125895916e+02,1.003375909657822618e+01,-1.051329735343746810e-02,2.890264144517320233e+02,2.595412618656911530e-02,nan,1.071092483341983836e+01,1.000000000000000000e+00
1.136000000000000000e+03,4.871313691045645555e+01,2.270379033273215796e+01,-2.135390042385302417e-02,5.896611893532925706e+02,1.589855170871612433e-02,nan,1.745141910832430554e+01,1.000000000000000000e+00
1.136000000000000000e+03,1.270757150731181326e+02,3.770434752482665886e+01,-2.196495145361224838e-02,6.066070352247611481e+02,1.085554860129700483e-02,nan,1.140888216561128843e+01,1.000000000000000000e+00
1.137000000000000000e+03,7.619302221912036543e+01,1.318783614269766069e+01,-1.029256572158422298e-02,2.829050202797645852e+02,2.043829985204004274e-02,nan,1.141672713824153895e+01,1.000000000000000000e+00
1.138000000000000000e+03,7.599405958501999692e+01,5.120892614111156149e+01,-1.741429227442834946e-02,4.804068239356647041e+02,1.521071849908672835e-02,nan,1.361238146190048681e+01,1.000000000000000000e+00
1.138000000000000000e+03,1.847316756316876507e+01,8.601078642898606574e+00,-9.927626365637992265e-03,2.727844153267958518e+02,4.531762447505072178e-02,nan,8.808476615954859312e+00,1.000000000000000000e+00
1.138000000000000000e+03,3.193894865634761615e+01,3.591637964395750515e+01,-1.115337393726478256e-02,3.067772054777250332e+02,3.526725773705874367e-02,nan,9.746279627328515716e+00,1.000000000000000000e+00
1.140000000000000000e+03,1.857624436881310004e+01,1.797840313297029269e+01,-2.300186862567518697e-02,6.353631255077305013e+02,1.173228931968539612e-02,nan,5.998513354212851034e+00,1.000000000000000000e+00
1.140000000000000000e+03,1.218132786349090821e+02,2.477905839971951707e+01,-8.095884602080719722e-03,2.219860170100388643e+02,4.675298790436022145e-02,nan,1.301446799037993074e+01,1.000000000000000000e+00
1.140000000000000000e+03,1.200957838689008099e+02,5.298459214949448182e+01,-2.684051979213466707e-02,7.418177223468638886e+02,1.192616569393772918e-01,nan,1.351406313363835210e+01,1.000000000000000000e+00
1.140000000000000000e+03,6.527182128711002917e+01,9.860821151490466008e+00,1.265431133488741132e-03,-3.256188371530173242e+01,3.582735647381329880e-01,nan,1.141672713824153895e+01,1.000000000000000000e+00
1.141000000000000000e+03,2.728039787173993602e+01,8.749249441671214100e+00,-1.350977536698956365e-02,3.721256191039301484e+02,1.624925205393057404e-02,nan,8.808476615954859312e+00,1.000000000000000000e+00
1.141000000000000000e+03,6.386603763089125607e+01,4.284517679298717496e+01,-2.215447630371294649e-02,6.118629937981149851e+02,1.272482292184562436e-02,nan,1.473231888326070127e+01,1.000000000000000000e+00
1.141000000000000000e+03,2.384287446891242723e+01,3.049018859261914471e+01,-1.551134588682598521e-02,4.276337581596621931e+02,2.346036776392346201e-02,nan,9.746279627328515716e+00,1.000000000000000000e+00
1.141000000000000000e+03,7.712196364459710196e+01,2.511903630606586546e+01,-1.303594936970075679e-03,3.362025347521939267e+01,3.517741353517920277e-01,nan,1.196730836530605302e+01,1.000000000000000000e+00
1.142000000000000000e+03,9.657273671487480726e+01,4.261690411097030307e+01,-2.010140202119518882e-02,5.549265373323909216e+02,1.085678645216059390e-02,nan,1.946120699173618362e+01,1.000000000000000000e+00
1.143000000000000000e+03,5.245411336066609209e+01,9.943365044488576387e+00,-2.418514337071395529e-02,6.681780468096867480e+02,1.020298901625282806e-02,nan,1.281797370811373682e+01,1.000000000000000000e+00
1.143000000000000000e+03,8.802107667910568978e+00,4.680828234898896056e+01,-1.328408072262738651e-03,3.430837860025690134e+01,3.318133198084679547e-01,nan,8.531895232502323623e+00,1.000000000000000000e+00
1.143000000000000000e+03,1.333448577614683472e+02,5.032152185953807333e+01,-1.939986613775596808e-02,5.354713390345499420e+02,1.300794191805987321e-02,nan,1.351406313363835210e+01,1.000000000000000000e+00
1.145000000000000000e+03,4.622390418142086510e+00,1.836371063812472926e+01,-1.505976668428956472e-02,4.151104316414854907e+02,1.208300381104454591e-02,nan,1.395917268143730006e+01,1.000000000000000000e+00
1.146000000000000000e+03,8.996098194485337274e+01,2.431326304050838871e+01,-2.794349438766875054e-02,7.724057364173594351e+02,9.014818432146687321e-03,nan,1.286427850560623476e+01,1.000000000000000000e+00
1.148000000000000000e+03,1.347368455532597409e+02,4.514266404002842847e+00,-1.761599068154453412e-02,4.860003831525738178e+02,1.777963371416513283e-02,nan,1.030381754699864416e+01,1.000000000000000000e+00
1.148000000000000000e+03,3.374086894163101391e+01,1.214031317125495235e+01,-2.655280721223523405e-02,7.338387929337515061e+02,1.334049364201239651e-02,nan,1.017550566450826643e+01,1.000000000000000000e+00
1.150000000000000000e+03,9.345194179304718318e+01,3.844345904290095461e+01,-9.003614900508338098e-03,2.471594591300492993e+02,2.093140852679464814e-02,nan,1.455504172882139891e+01,1.000000000000000000e+00
1.150000000000000000e+03,1.270305748347033017e+02,1.135400672466976069e+01,-1.600467947604652941e-02,4.413150295412746686e+02,1.551301325504106376e-02,nan,1.030381754699864416e+01,1.000000000000000000e+00
1.150000000000000000e+03,3.059141726313960064e+01,2.181615265180068164e+01,-1.402006691519066574e-02,3.862771735636883363e+02,1.643305247647042222e-02,nan,1.017550566450826643e+01,1.000000000000000000e+00
1.152000000000000000e+03,6.480632488964253035e+00,2.043690312695788336e+01,-2.566006765213675947e-02,7.090810783534285520e+02,1.077482995793477283e-02,nan,1.534952497516749048e+01,1.000000000000000000e+00
1.152000000000000000e+03,6.409325527971269310e+01,4.342972897931745990e+01,-1.377235395623578086e-02,3.794075253373054011e+02,2.730939552302813489e-02,nan,8.838986769485217110e+00,1.000000000000000000e+00
1.154000000000000000e+03,1.492182007979060643e+01,3.325697602143745257e+01,-3.004856500403060154e-02,8.307841704206232407e+02,1.113182811557300589e-02,nan,5.859085474291049422e+00,1.000000000000000000e+00
1.154000000000000000e+03,7.096390445682591519e+01,4.899047236452847898e+01,-2.091402666221106599e-02,5.774624815454931195e+02,2.029162090714009548e-02,nan,8.838986769485217110e+00,1.000000000000000000e+00
1.156000000000000000e+03,1.363708319451140767e+02,4.699705199150370305e+01,-1.372572276442327651e-03,3.553315322727664949e+01,3.466506361029035865e-01,nan,4.418814427406022816e+00,1.000000000000000000e+00
1.157000000000000000e+03,7.281679122154588235e+00,4.894002509947755897e+01,-1.586133558537451693e-02,4.373397748413493105e+02,1.954002851070435476e-02,nan,1.494015948568884333e+01,1.000000000000000000e+00
1.158000000000000000e+03,1.119207521644988113e+01,1.172848138092705028e+01,-1.143408770397809880e-02,3.145620417566159404e+02,1.632498402713644658e-02,nan,6.392707102846931555e+00,1.000000000000000000e+00
1.158000000000000000e+03,4.105819563420710949e+01,2.856668365279402977e+01,-1.429922947713417949e-02,3.940189913782219264e+02,1.576075386380137999e-02,nan,2.046012490833171071e+01,1.000000000000000000e+00
1.159000000000000000e+03,1.064440352444771491e+02,1.320050398168730155e+01,-1.163124121580963628e-02,3.200295606082451059e+02,9.815603524957028370e-03,nan,7.331812164762324890e+00,1.000000000000000000e+00
1.159000000000000000e+03,9.125769675170488426e+00,3.411411212623723088e+01,-1.893251460681360382e-02,5.225106096920843584e+02,2.673940524096496407e-02,nan,5.859085474291049422e+00,1.000000000000000000e+00
1.159000000000000000e+03,8.545331679234718081e+01,3.450058232178032824e+01,-8.736555927912946148e-03,2.397533015952563744e+02,3.516647888789381504e-02,nan,1.017806138237175517e+01,1.000000000000000000e+00
1.159000000000000000e+03,1.056741026353423507e+02,5.218016308032033379e+01,-2.307766157779391966e-02,6.374650378230633123e+02,1.237946495861008689e-02,nan,1.465792030176469041e+01,1.000000000000000000e+00
1.160000000000000000e+03,5.448313075373630454e+01,1.312687056127743013e+01,-2.893706320458137513e-02,7.999596774372004120e+02,3.782055350859003795e-02,nan,6.391161893013728168e+00,1.000000000000000000e+00
1.161000000000000000e+03,9.501479407840122349e+01,3.798929062308610582e+01,-1.578496955254266379e-02,4.352219696840714391e+02,1.902533901708780562e-02,nan,1.017806138237175517e+01,1.000000000000000000e+00
1.163000000000000000e+03,9.109160251078425574e+01,5.069513187184401204e+01,-2.346927973840859730e-02,6.483255071898513506e+02,1.163126054408203380e-02,nan,1.329773792473211280e+01,1.000000000000000000e+00
1.163000000000000000e+03,8.004936307268632589e+00,5.975558930604151442e+00,-1.613580595392751903e-03,4.221686641614878965e+01,2.695887502190756901e-01,nan,6.576775132680626079e+00,1.000000000000000000e+00
1.163000000000000000e+03,5.257143350634076562e+00,1.410404191497238280e+01,1.486887742126854648e-03,-3.870338315550124264e+01,2.862424338193114703e-01,nan,6.392707102846931555e+00,1.000000000000000000e+00
1.164000000000000000e+03,4.894453387351571649e+01,1.631605461697593995e+01,-3.615640522833192538e-02,1.000168581881888713e+03,1.857741673349044831e-02,nan,6.391161893013728168e+00,1.000000000000000000e+00
1.165000000000000000e+03,1.228099371287310078e+02,1.345917504385811014e+01,-1.096289258170575313e-02,3.014947208152515827e+02,2.047613761791422515e-02,nan,2.101757102875067673e+01,1.000000000000000000e+00
1.165000000000000000e+03,1.411255114277509790e+02,2.376829867516930506e+01,-1.354306467218776688e-03,3.502660046368518465e+01,3.151197246981957134e-01,nan,2.101757102875067673e+01,1.000000000000000000e+00
1.165000000000000000e+03,2.191930684290543851e+01,4.657995645790529693e+01,1.674824901362720678e-03,-4.391531142143926303e+01,2.909076356479441960e-01,nan,2.702237128731456295e+01,1.000000000000000000e+00
1.166000000000000000e+03,2.274471962655339752e+01,1.800010934642003591e+01,-1.425316793343943574e-02,3.927415991768527874e+02,1.940441394788761098e-02,nan,1.791632399340008064e+01,1.000000000000000000e+00
1.167000000000000000e+03,4.813971138930182292e+01,4.004551421599984451e+01,-1.901103334387684984e-03,5.019053110577461752e+01,2.551703412993672204e-01,nan,1.219961832520554879e+01,1.000000000000000000e+00
1.167000000000000000e+03,5.933356424872929580e+01,4.489611680147089601e+01,-1.437415766178270701e-02,3.960969217091522410e+02,1.720637782487910439e-02,nan,1.219961832520554879e+01,1.000000000000000000e+00
1.172000000000000000e+03,1.069542635077268358e+02,3.466774607949219700e+01,-1.688351000779530001e-02,4.656870148794283182e+02,1.106406332324161301e-02,nan,1.539059606275718473e+01,1.000000000000000000e+00
1.173000000000000000e+03,3.339468874389633157e+01,2.063407635976840027e+01,-1.850868937384220203e-02,5.107569643750924229e+02,1.270315406606925546e-02,nan,1.504214746637208400e+01,1.000000000000000000e+00
1.173000000000000000e+03,9.228519155233205140e+01,3.932486698563229766e+01,-1.111852513444071960e-02,3.058107682855735447e+02,1.355176676686031811e-02,nan,1.238418900596961514e+01,1.000000000000000000e+00
1.173000000000000000e+03,2.356668447767518870e+01,3.202163678960688031e+01,-1.568534343779399379e-03,4.096763059172337051e+01,2.715409761387881371e-01,nan,1.504214746637208400e+01,1.000000000000000000e+00
1.176000000000000000e+03,9.706832718364799462e+01,9.091243033375727478e+00,-2.986525370724700534e-02,8.257005279251383172e+02,2.003031331702975759e-02,nan,6.617596777237680250e+00,1.000000000000000000e+00
1.176000000000000000e+03,5.834492649069228065e+01,4.311651085963108443e+01,-1.670393637027081527e-03,4.379242230287077575e+01,2.836765033998296381e-01,nan,3.435024860456839857e+00,1.000000000000000000e+00
1.176000000000000000e+03,6.127480668215613946e+01,6.098680507121330585e+00,1.276120879838368990e-03,-3.285833488750132148e+01,2.960295689232139704e-01,nan,3.040988383759954772e+01,1.000000000000000000e+00
1.177000000000000000e+03,8.531235976602754079e+01,2.909023195474428292e+01,-2.279793366911776406e-02,6.297075416475929615e+02,1.055111312705880877e-02,nan,1.238418900596961514e+01,1.000000000000000000e+00
1.178000000000000000e+03,4.610594105854974423e+00,2.728114474703671632e+01,-1.338034985426208787e-02,3.685363529318727842e+02,1.892204020879106885e-02,nan,1.953984715882614154e+01,1.000000000000000000e+00
1.179000000000000000e+03,9.111169565374166268e+01,1.197414572390003329e+01,-1.710323918062047616e-02,4.717806085644399445e+02,8.930297729132397055e-02,nan,6.617596777237680250e+00,1.000000000000000000e+00
1.180000000000000000e+03,1.398395443850360209e+02,4.295134312502161578e+01,-3.533891734220669101e-02,9.774977687330597291e+02,3.809052295283621437e-02,nan,1.677821732559420198e+01,1.000000000000000000e+00
1.181000000000000000e+03,6.176866245314870696e+01,4.283825225448274665e+01,-1.367401244703960080e-03,3.538974866273581199e+01,2.781640341090445556e-01,nan,3.435024860456839857e+00,1.000000000000000000e+00
1.182000000000000000e+03,3.759588732698689029e+01,1.184657241025344554e+01,-6.126505046234683588e-03,1.673706071825842514e+02,2.511242920352430019e-02,nan,1.011224338904748876e+01,1.000000000000000000e+00
1.182000000000000000e+03,5.246562076368178396e+01,1.453782395548929784e+01,-1.071714798522598044e-02,2.946796597927157677e+02,2.361416889241196859e-02,nan,1.511131388589676838e+01,1.000000000000000000e+00
1.182000000000000000e+03,8.309648466977101577e+01,1.476579279954321677e+01,-2.228588460740320298e-02,6.155072473090592666e+02,1.466850300516997496e-02,nan,8.487455479265317848e+00,1.000000000000000000e+00
1.182000000000000000e+03,6.971920069245715013e+01,3.695207017663897631e+01,-1.502524966188938842e-03,3.913703922661221668e+01,2.780355694318829007e-01,nan,9.892330248643895985e+00,1.000000000000000000e+00
1.183000000000000000e+03,1.128646966095053443e+02,3.833626818323014618e+01,-1.284460264846795478e-02,3.536788547307247654e+02,8.269839915223020643e-02,nan,5.613601511340862160e+00,1.000000000000000000e+00
1.184000000000000000e+03,1.282526098400105354e+02,3.081661921080896249e+01,-1.838561730297212302e-02,5.073438937108165305e+02,8.295266958280866909e-03,nan,1.307223225434150393e+01,1.000000000000000000e+00
1.185000000000000000e+03,3.789785172773247268e+01,2.195430627398457446e+01,-4.466840475889437799e-03,1.213443039154255558e+02,4.047255147938599862e-02,nan,1.011224338904748876e+01,1.000000000000000000e+00
1.187000000000000000e+03,1.075153753691830616e+02,4.003840924552941516e+01,-2.816227251084390051e-02,7.784729553153230199e+02,1.578759245958683000e-02,nan,5.613601511340862160e+00,1.000000000000000000e+00
1.187000000000000000e+03,1.068761098015278499e+01,4.556497473661085706e+01,-2.233661427451716017e-02,6.169140972743768998e+02,1.212040783338630412e-02,nan,2.998082558149937071e+01,1.000000000000000000e+00
1.187000000000000000e+03,6.169090123860016206e+01,4.489303279877719177e+01,-2.777598086701812963e-02,7.677602024699720005e+02,1.419318018189830166e-02,nan,1.129214237808736954e+01,1.000000000000000000e+00
1.187000000000000000e+03,1.280631940982496531e+02,1.774575933900942104e+01,-1.328530492655935870e-03,3.431177359840535956e+01,3.498834761818941930e-01,nan,1.307223225434150393e+01,1.000000000000000000e+00
1.187000000000000000e+03,8.968700238160350580e+01,2.132884587533644449e+01,-1.311557677346676665e-03,3.384107852020715512e+01,3.348099122349400547e-01,nan,9.300999375640055078e+00,1.000000000000000000e+00
1.187000000000000000e+03,7.998789674328004651e+01,2.753106696559624211e+01,-1.765915458812710977e-03,4.644146140191131167e+01,2.080904188286558654e-01,nan,1.089163025514648986e+01,1.000000000000000000e+00
1.190000000000000000e+03,6.663240277655323496e+01,9.542303630242804147e+00,-3.062435103753282511e-02,8.467520371019339791e+02,1.497509248686268446e-02,nan,4.113119572814905922e+00,1.000000000000000000e+00
1.191000000000000000e+03,9.616267372232373134e+01,2.929833314338161543e+01,-1.913356564340296107e-02,5.280862158402071600e+02,1.736498811749398463e-02,nan,1.026874123875752254e+01,1.000000000000000000e+00
1.191000000000000000e+03,7.008016726864632062e+01,3.205483821006655631e+01,-1.492058416861391686e-02,4.112505814100372845e+02,1.130543789777715968e-02,nan,1.089163025514648986e+01,1.000000000000000000e+00
1.191000000000000000e+03,1.205176197279438099e+02,5.202813690187970508e+01,-5.246550879187007917e-03,1.429674608616916771e+02,1.986407087641663960e-01,nan,7.409369475342285405e+00,1.000000000000000000e+00
1.193000000000000000e+03,3.541776496114078299e+01,1.448993458842569559e+01,-2.056471399444457712e-02,5.677752404794649692e+02,8.757189429311362794e-03,nan,1.295975308367270529e+01,1.000000000000000000e+00
1.194000000000000000e+03,1.083495415089558200e+01,3.434342789391525486e+01,-2.428311423290389556e-02,6.708950034134909401e+02,1.229579606671560299e-02,nan,1.900878710162173491e+01,1.000000000000000000e+00
1.194000000000000000e+03,2.397587281270683235e+01,5.210747189761430320e+01,-1.166450707132236746e-03,2.981692958276309469e+01,3.618659335608024330e-01,nan,1.641684622443088770e+01,1.000000000000000000e+00
1.195000000000000000e+03,6.615137170595231453e+01,5.457409295086800505e+00,-1.589586542041179773e-02,4.382973663255492056e+02,3.396390751418354448e-02,nan,4.113119572814905922e+00,1.000000000000000000e+00
1.195000000000000000e+03,3.865522904313287000e+01,2.703880012709393554e+01,-2.484890404370934322e-02,6.865856519233778954e+02,1.212155091830746656e-02,nan,1.263729253052932577e+01,1.000000000000000000e+00
1.195000000000000000e+03,1.133087775235201349e+02,5.031601830381062967e+01,-3.272508831629232506e-02,9.050102977194376308e+02,9.775313255293571757e-03,nan,7.409369475342285405e+00,1.000000000000000000e+00
1.196000000000000000e+03,1.120865603321289115e+02,3.800818743885826478e+01,-3.542834226978704149e-02,9.799777269788398826e+02,6.274519960959579201e-02,nan,5.883743762632091645e+00,1.000000000000000000e+00
1.196000000000000000e+03,6.086258226990707954e+01,4.680536093813429233e+01,-1.339847702965834761e-03,3.462562578466565810e+01,3.286182678154682124e-01,nan,1.739372858130842303e+01,1.000000000000000000e+00
1.199000000000000000e+03,3.206940257128105998e+01,3.782434842955998278e+01,-1.960746895626360592e-02,5.412286411150311096e+02,4.892148055427769648e-02,nan,6.083770346552165975e+00,1.000000000000000000e+00
1.199000000000000000e+03,1.411227201440198655e+02,3.854683507751115457e+01,-1.643387000851258967e-02,4.532174669130424718e+02,1.255936792731870977e-02,nan,8.101908003694223481e+00,1.000000000000000000e+00
1.199000000000000000e+03,1.171933384538252341e+02,4.093038830123508376e+01,-2.948880606515581759e-02,8.152607718149674838e+02,1.132133737095135650e-01,nan,5.883743762632091645e+00,1.000000000000000000e+00
1.199000000000000000e+03,1.159159579399848781e+02,2.775319419832089807e+01,-1.785767916034828240e-03,4.699201555184619394e+01,2.903682999770769158e-01,nan,1.094665119580047907e+01,1.000000000000000000e+00
1.200000000000000000e+03,1.437343862641260444e+02,1.969710982934694599e+01,-1.639002140339396868e-02,4.520014445714847966e+02,3.157850267724582327e-02,nan,1.902979090411110263e+01,1.000000000000000000e+00
1.201000000000000000e+03,4.225635630092390471e+01,2.246865129930103322e+01,-1.442139455133839912e-02,3.974069089456908159e+02,1.252984162562525983e-01,nan,4.644164556423365120e+00,1.000000000000000000e+00
1.201000000000000000e+03,3.810820254520181294e+01,3.856269557322763575e+01,-1.657904119758675868e-02,4.572433967866867306e+02,1.023483499863362400e-01,nan,6.083770346552165975e+00,1.000000000000000000e+00
1.202000000000000000e+03,8.555521201242093809e+01,3.155115602033304256e+01,-1.560240129628148210e-02,4.301589334056711778e+02,7.453476854786011963e-02,nan,6.620689972613003960e+00,1.000000000000000000e+00
1.203000000000000000e+03,9.261557594135213378e+01,9.676076664351176859e+00,-1.288418365232191221e-02,3.547765267058647964e+02,2.224613122968721601e-02,nan,1.372577033376582989e+01,1.000000000000000000e+00
1.203000000000000000e+03,9.831596620145772647e+01,2.216216180492984478e+01,-2.017073911354224855e-02,5.568494138563893330e+02,9.086998461776851777e-03,nan,1.372577033376582989e+01,1.000000000000000000e+00
1.203000000000000000e+03,1.330643289349595477e+02,3.938543177561097508e+01,-2.416465891470874136e-02,6.676099658846583225e+02,8.335912272370182841e-03,nan,8.101908003694223481e+00,1.000000000000000000e+00
1.204000000000000000e+03,2.330126268106286602e+01,1.189596172081579972e+01,-3.251481029713665372e-02,8.991788061921689632e+02,9.361903194181731003e-03,nan,1.722579312378034544e+01,1.000000000000000000e+00
1.204000000000000000e+03,3.778152264923939185e+01,2.122602174191440838e+01,-1.553295890113806817e-02,4.282331365937263854e+02,1.286019460082059584e-01,nan,4.644164556423365120e+00,1.000000000000000000e+00
1.204000000000000000e+03,8.265859183969517687e+01,2.559774294139953454e+01,-1.993486242556503918e-02,5.503080125585152018e+02,7.295016963176914615e-02,nan,6.620689972613003960e+00,1.000000000000000000e+00
1.205000000000000000e+03,1.236553293519550465e+02,2.321525469357805704e+01,-2.969727665024972027e-02,8.210421390522147931e+02,8.151310867815841910e-03,nan,1.808342705747138979e+01,1.000000000000000000e+00
1.206000000000000000e+03,4.905087960745952103e+00,1.287977084022111285e+01,-8.357015749089870618e-03,2.292277823519621336e+02,2.641878933973373922e-02,nan,1.523271500265122746e+01,1.000000000000000000e+00
1.206000000000000000e+03,6.293758858288141056e+01,4.554241492239832212e+01,-2.347266613282938258e-02,6.484194196703476791e+02,1.736860425111012018e-01,nan,2.579176018036198670e+01,1.000000000000000000e+00
1.207000000000000000e+03,1.152578939626305612e+02,4.770164753075441411e+01,-2.494266853804241041e-02,6.891859563035380916e+02,1.629541641039045086e-02,nan,1.577651012355220139e+01,1.000000000000000000e+00
1.208000000000000000e+03,1.068058780734023827e+02,3.438017242148894326e+01,-1.244286585022327113e-02,3.425377723457818888e+02,2.744112955331989845e-02,nan,1.487811772435403412e+01,1.000000000000000000e+00
1.209000000000000000e+03,1.426351846685064970e+02,2.461048552652045629e+01,-1.535262273005600676e-02,4.232320011543317833e+02,1.401913613636029954e-02,nan,1.242191080525027935e+01,1.000000000000000000e+00
1.209000000000000000e+03,1.368361685382196811e+02,3.559571560942117685e+01,-7.939709052068154999e-03,2.176549109804040256e+02,3.578827602602252522e-02,nan,1.242191080525027935e+01,1.000000000000000000e+00
1.210000000000000000e+03,1.890461042290514015e+01,1.888385088494871056e+01,-2.712795884594705262e-02,7.497890662545319174e+02,9.599050326111302489e-03,nan,1.523271500265122746e+01,1.000000000000000000e+00
1.213000000000000000e+03,1.541860589014439853e+01,4.382930284411295219e+01,-1.570385968463591103e-02,4.329726071050661744e+02,1.997570727844655281e-02,nan,2.518785026653524284e+01,1.000000000000000000e+00
1.213000000000000000e+03,7.113530029049215386e+01,1.970484365913466362e+01,-2.306826010838916932e-02,6.372043135238815239e+02,1.019026323331961859e-02,nan,1.864628385929568921e+01,1.000000000000000000e+00
1.214000000000000000e+03,1.216605449766210540e+02,3.309838831578623797e+01,-1.675660879247522009e-02,4.621677532613545054e+02,1.472677253836363054e-02,nan,1.144746890271824746e+01,1.000000000000000000e+00
1.214000000000000000e+03,8.868401879236881769e+01,2.600773035519089404e+01,-1.164374666274679013e-03,2.975935621052132518e+01,2.993642670545301199e-01,nan,1.489503026372577033e+01,1.000000000000000000e+00
1.215000000000000000e+03,1.425343950174449219e+02,4.322771139036596821e+01,-4.476599705239390353e-02,1.238932300395380025e+03,6.807519128255457019e-02,nan,2.320174134577006342e+01,1.000000000000000000e+00
1.217000000000000000e+03,1.381197694708215238e+02,4.818894859608189307e+00,-1.829087804520194635e-02,5.047165569059291670e+02,1.601178436190386911e-02,nan,3.272057183315269668e+01,1.000000000000000000e+00
1.217000000000000000e+03,4.426426254260485393e+01,1.011536749078997310e+01,-1.402660208125858579e-03,3.636756054854619435e+01,3.088519359325830882e-01,nan,1.557299116983191922e+01,1.000000000000000000e+00
1.218000000000000000e+03,1.114139557756631262e+02,3.820249979825933195e+01,-2.246763065043439964e-02,6.205474817296927768e+02,1.323999450393675836e-02,nan,1.116037281343436938e+01,1.000000000000000000e+00
1.219000000000000000e+03,7.709756018942123035e+01,1.211606466722483333e+01,-1.557871585720197426e-02,4.295020818818343855e+02,1.790056185961497182e-02,nan,1.808934488985246958e+01,1.000000000000000000e+00
1.219000000000000000e+03,1.025711511515240772e+02,3.139377541595760590e+01,-1.536071597996930757e-02,4.234564455279614776e+02,8.020628573624222213e-02,nan,1.116037281343436938e+01,1.000000000000000000e+00
1.220000000000000000e+03,2.323258425518434933e+01,2.527512332035679776e+01,-1.774475397678444005e-02,4.895712845155870809e+02,2.534298122008361576e-01,nan,6.442307074979663817e+00,1.000000000000000000e+00
1.220000000000000000e+03,1.178175283172518135e+02,5.141033519728068768e+01,-2.879617331781715583e-02,7.960524778913687669e+02,1.081667088235394036e-02,nan,1.467830566594899011e+01,1.000000000000000000e+00
1.220000000000000000e+03,4.887953395411397395e+01,2.498874383154628376e+01,-1.886426289761365671e-02,5.206178333309638901e+02,4.006329498338978556e-02,nan,6.673224895068004869e+00,1.000000000000000000e+00
1.221000000000000000e+03,1.846049940990593896e+01,2.094724547113355939e+01,-1.835538531242853280e-02,5.065054913071069222e+02,1.510895799721159172e-01,nan,6.442307074979663817e+00,1.000000000000000000e+00
1.223000000000000000e+03,2.867458882543683885e+01,3.439255728943538770e+01,-1.578434661222664903e-02,4.352046941210361979e+02,1.738516758585806343e-02,nan,1.061805141837037603e+01,1.000000000000000000e+00
1.224000000000000000e+03,6.195689167611461556e+01,4.400450134939926983e+01,-1.258976418308621094e-02,3.466115998761142691e+02,1.868001051666945411e-02,nan,2.307848173010850701e+01,1.000000000000000000e+00
1.224000000000000000e+03,5.174674329202364476e+01,1.896287948584790328e+01,-1.881476003302504085e-02,5.192450054120822642e+02,3.567975622229413446e-02,nan,6.673224895068004869e+00,1.000000000000000000e+00
1.224000000000000000e+03,8.727068465357932325e+01,2.865414498009749877e+01,-1.436382990534199305e-03,3.730277061320149556e+01,2.987981012490512622e-01,nan,1.423213743835883704e+01,1.000000000000000000e+00
1.225000000000000000e+03,2.725458963010320801e+01,4.878478313400498223e+01,-1.185858217117993427e-02,3.263342464730173447e+02,1.325786159738995273e-02,nan,1.446210781580075100e+01,1.000000000000000000e+00
1.225000000000000000e+03,1.257305388629395821e+02,2.738165444223777456e+01,-9.251063593819882497e-03,2.540217786643212889e+02,2.511831874469716563e-02,nan,2.529808757048515488e+01,1.000000000000000000e+00
1.226000000000000000e+03,1.007536898212910756e+02,4.909599209724711244e+01,-2.982716679182538522e-02,8.246442904473800581e+02,1.095555771310274817e-02,nan,1.303921601832706223e+01,1.000000000000000000e+00
1.227000000000000000e+03,9.938175434984148637e+01,3.612915179458372705e+01,-2.149761098800263837e-02,5.936466127493397380e+02,1.120792725669716994e-02,nan,1.303921601832706223e+01,1.000000000000000000e+00
1.227000000000000000e+03,3.636700403550084104e+01,1.782668932077329060e+01,-1.452030995228734047e-03,3.773672565596459805e+01,3.137858803300986876e-01,nan,1.513545888213302248e+01,1.000000000000000000e+00
1.229000000000000000e+03,8.701493792745144162e+01,5.049721614260148428e+00,-1.607541942062314794e-02,4.432768103735955947e+02,2.063261566999377017e-01,nan,5.585806371541139015e+00,1.000000000000000000e+00
1.229000000000000000e+03,5.864172778954814902e+01,1.968867553829639405e+01,-1.297785802862172662e-03,3.345915286914070919e+01,3.525776398158085856e-01,nan,6.933079483956104738e+00,1.000000000000000000e+00
1.231000000000000000e+03,1.292211906678090259e+02,3.673942052545277903e+01,-1.006668793435061549e-02,2.766409114216920671e+02,1.280319120234807428e-02,nan,1.836674925517312573e+01,1.000000000000000000e+00
1.231000000000000000e+03,4.774485395040207436e+01,3.774129979844839511e+01,-3.004178691425013828e-02,8.305961984524426498e+02,4.523192897384242794e-02,nan,5.135268448191426138e+00,1.000000000000000000e+00
1.231000000000000000e+03,1.439241534121702273e+02,2.573213363265629994e+01,-1.629032802375262245e-03,4.264539153949704797e+01,2.504183536585503633e-01,nan,1.806242744303305159e+01,1.000000000000000000e+00
1.232000000000000000e+03,1.181906381902244760e+02,8.727990708215163096e+00,-2.161541923983058971e-02,5.969137056444294558e+02,1.101762994965727049e-02,nan,1.822568018649980104e+01,1.000000000000000000e+00
1.232000000000000000e+03,4.045545826323994021e+01,3.239949473361064491e+01,-2.193882830273581608e-02,6.058825803644141388e+02,5.431121685372930497e-02,nan,5.670406351826989599e+00,1.000000000000000000e+00
1.233000000000000000e+03,8.728552894423178543e+01,1.062897006920346321e+01,-1.844037035136473004e-02,5.088623212624725625e+02,1.554794122415037450e-02,nan,5.585806371541139015e+00,1.000000000000000000e+00
1.233000000000000000e+03,2.452205416976347507e+01,3.843242808899569241e+01,-1.677227429753476440e-02,4.626021936293582826e+02,1.494839270733172576e-02,nan,1.703730174870804248e+01,1.000000000000000000e+00
1.233000000000000000e+03,1.364070799547550337e+02,9.308221438216834898e+00,-1.069218933213693422e-03,2.712046959106263699e+01,3.437882853285594287e-01,nan,1.806242744303305159e+01,1.000000000000000000e+00
1.234000000000000000e+03,1.023975189567270405e+02,3.510247172530112891e+01,-2.142206872508296486e-02,5.915516526201945453e+02,8.891071760149915626e-03,nan,2.383483353614419897e+01,1.000000000000000000e+00
1.234000000000000000e+03,5.688030176127536919e+01,3.133276689670777770e+01,-9.282611091021041039e-03,2.548966630834050306e+02,2.883752909046710666e-02,nan,1.115910841679933263e+01,1.000000000000000000e+00
1.235000000000000000e+03,4.261049931283753267e+01,3.764442621737563144e+01,-1.936107695572744300e-02,5.343956260938571177e+02,1.684869824679948724e-01,nan,5.135268448191426138e+00,1.000000000000000000e+00
1.235000000000000000e+03,4.852650521796282845e+01,4.399928198309261518e+01,-1.308857700024152609e-02,3.604448228093244779e+02,1.528671053851868855e-01,nan,6.306609209979938235e+00,1.000000000000000000e+00
1.235000000000000000e+03,7.722099313236020635e+01,4.615949053991835882e+01,-1.340722227652020636e-03,3.464987835903533409e+01,3.451434574202703054e-01,nan,1.704251231567044655e+01,1.000000000000000000e+00
1.239000000000000000e+03,1.493067472432861287e+01,2.408053038654346878e+01,-2.214990139869937869e-02,6.117361211942554746e+02,8.655587164337785744e-03,nan,2.503586523256625540e+01,1.000000000000000000e+00
1.239000000000000000e+03,1.262285996020191448e+02,3.467952376953336824e+01,-2.809479941820338528e-02,7.766017717763506880e+02,9.728233090516624770e-03,nan,1.763731369714387043e+01,1.000000000000000000e+00
1.240000000000000000e+03,1.175390888578219801e+02,1.933132395724460650e+01,-2.132929018937852750e-02,5.889786911330868406e+02,1.221622172723624278e-02,nan,1.763731369714387043e+01,1.000000000000000000e+00
1.240000000000000000e+03,8.741073865811991084e+01,3.249873242954839014e+01,-1.836869360608391066e-02,5.068745607990364306e+02,1.579857469422307759e-02,nan,1.130771031508718671e+01,1.000000000000000000e+00
1.240000000000000000e+03,7.693021865147890992e+01,9.323286640297235195e+00,-1.339357160768498345e-03,3.461202192498017638e+01,2.896446183969069166e-01,nan,1.682187971363494228e+01,1.000000000000000000e+00
1.241000000000000000e+03,7.082435921294054992e+01,3.717402783666070576e+01,-2.121672111107068132e-02,5.858568925303585502e+02,1.283650577580996988e-02,nan,1.723271221378787743e+01,1.000000000000000000e+00
1.241000000000000000e+03,9.549883527007678197e+01,4.040107421952311739e+01,-2.099697805173402626e-02,5.797629137405491520e+02,1.374963475669710444e-02,nan,1.130771031508718671e+01,1.000000000000000000e+00
1.243000000000000000e+03,1.385884922393341299e+02,1.997389808973942849e+01,-1.914362074679565014e-03,5.055822636933478265e+01,1.593464876139092379e-01,nan,1.920995504003505516e+01,1.000000000000000000e+00
1.243000000000000000e+03,3.739727289976416102e+01,3.512799680951737713e+01,-1.622101276009002037e-03,4.245316442304336846e+01,2.624964862754156636e-01,nan,1.830334131210729609e+01,1.000000000000000000e+00
1.245000000000000000e+03,9.365532453983867356e+01,1.112508300036579634e+01,-2.612259673790874939e-02,7.219080702360080295e+02,1.049082375786269949e-02,nan,1.682187971363494228e+01,1.000000000000000000e+00
1.245000000000000000e+03,2.795327324325362284e+01,5.080674592018696956e+01,-9.629156569550538503e-03,2.645071636481928294e+02,1.798299413944448588e-02,nan,1.830334131210729609e+01,1.000000000000000000e+00
1.245000000000000000e+03,1.405719248060297843e+02,5.080222363904451299e+01,-2.394667809493857685e-02,6.615648580379091754e+02,1.358637618412628090e-02,nan,3.089206469177101866e+01,1.000000000000000000e+00
1.246000000000000000e+03,6.647039613585624807e+01,1.785364745959700628e+01,-2.323508642971071000e-02,6.418307898584896520e+02,1.701808218118093796e-01,nan,6.844394490890510774e+00,1.000000000000000000e+00
1.246000000000000000e+03,1.048247904436754112e+02,3.060885301862419894e+01,-1.886866233154567331e-03,4.979570365045067604e+01,3.238461862682848746e-01,nan,7.723776030207702092e+00,1.000000000000000000e+00
1.247000000000000000e+03,9.710641222351009105e+01,3.089756362682672375e+01,-2.395893968548246447e-03,6.391220968380585532e+01,2.068213096189909228e-01,nan,7.723776030207702092e+00,1.000000000000000000e+00
1.247000000000000000e+03,6.012097463754277271e+01,2.040914791619783486e+01,-3.132013927113153767e-02,8.660478398933819335e+02,4.435726392489691694e-02,nan,6.844394490890510774e+00,1.000000000000000000e+00
1.248000000000000000e+03,9.026270402213417299e+01,5.072934220207981326e+01,-1.799230172427161061e-03,4.736535478342649697e+01,2.492791214177095815e-01,nan,3.308711409107777612e+00,1.000000000000000000e+00
1.249000000000000000e+03,1.140034070179953858e+02,1.645080928706405388e+01,-2.649847707150252904e-02,7.323320935810079391e+02,1.044606689321869730e-02,nan,1.109253373289099365e+01,1.000000000000000000e+00
1.250000000000000000e+03,1.244803287272411154e+02,2.235178476690940030e+01,-2.434223175550472018e-02,6.725344678403674834e+02,1.035558631928978901e-02,nan,1.202445009617489546e+01,1.000000000000000000e+00
1.251000000000000000e+03,1.377982011198775183e+02,3.440627145930793063e+01,-1.778062804762420290e-03,4.677833515252473262e+01,2.553933861863809662e-01,nan,1.292990580251349897e+01,1.000000000000000000e+00
1.251000000000000000e+03,2.845681302894353593e+01,2.009367399905120877e+01,-1.457312617812489856e-03,3.788319715817426214e+01,3.305406533606998210e-01,nan,3.166573312222361380e+01,1.000000000000000000e+00
1.251000000000000000e+03,8.983679581109275603e+01,4.744815744889576337e+01,1.531194606678539264e-03,-3.993211408168384224e+01,2.341978152756647447e-01,nan,3.308711409107777612e+00,1.000000000000000000e+00
1.253000000000000000e+03,1.140433691432881460e+02,5.358347538477012506e+00,-1.686426779864413699e-03,4.423705810925135040e+01,2.660234922325772633e-01,nan,1.109253373289099365e+01,1.000000000000000000e+00
1.254000000000000000e+03,1.346127115701870594e+02,5.258150446639295694e+01,-1.766131150577078882e-02,4.872572335050046490e+02,9.216014001073535855e-02,nan,8.314150946997166614e+00,1.000000000000000000e+00
1.254000000000000000e+03,7.572615580895596565e+01,2.062816426712407392e+01,-1.232286734294585177e-03,3.164271354310202256e+01,3.566821424917331340e-01,nan,2.690256419576826730e+01,1.000000000000000000e+00
1.255000000000000000e+03,1.257189698034959520e+02,3.901871494050302402e+01,-2.574727065380465196e-02,7.114994174999573033e+02,9.748688008253014736e-03,nan,1.086211683380784976e+01,1.000000000000000000e+00
1.256000000000000000e+03,1.267670008833912476e+02,4.983015392737546279e+01,-4.416580403495938556e-02,1.222287572097344537e+03,8.932608198808478228e-03,nan,8.314150946997166614e+00,1.000000000000000000e+00
1.257000000000000000e+03,1.419882667247691757e+02,1.496358037015449050e+01,-2.244322453008824533e-02,6.198706440621915590e+02,2.468132314031024066e-02,nan,2.904030856430640029e+01,1.000000000000000000e+00
1.257000000000000000e+03,1.867094667204054304e+01,2.867502045011839229e+01,-2.880150599257182142e-02,7.962003651873133094e+02,2.302293538721200683e-02,nan,7.163058674333759868e+00,1.000000000000000000e+00
1.257000000000000000e+03,4.044578631064145213e+01,3.733856415895981229e+01,-2.502940798168669725e-02,6.915914399233795393e+02,1.250660389889857171e-02,nan,3.411746797345510451e+00,1.000000000000000000e+00
1.259000000000000000e+03,2.134393325814279407e+01,1.157648589055397892e+01,-1.075233832986150460e-02,2.956555687222734150e+02,2.569027018328606804e-02,nan,1.730620528521781765e+01,1.000000000000000000e+00
1.259000000000000000e+03,1.026156359972955130e+02,2.146710139726424416e+01,-1.711128466326538493e-03,4.492209250272491516e+01,2.010466824934323826e-01,nan,1.057876110563402783e+01,1.000000000000000000e+00
1.259000000000000000e+03,3.724399093521231663e+01,5.361494442965720708e+01,-1.457283283732525858e-02,4.016066397838565081e+02,2.803346546281330065e-01,nan,1.658831059338071157e+01,1.000000000000000000e+00
1.260000000000000000e+03,7.343539765246143247e+01,3.557048378028484592e+01,-9.115730624034970239e-03,2.502686851653922417e+02,1.906854996792975987e-01,nan,8.100565177108652648e+00,1.000000000000000000e+00
1.261000000000000000e+03,1.015028340377195235e+02,3.198717070924309169e+01,-1.541188976687771044e-02,4.248756119533103970e+02,1.310934940050134667e-02,nan,1.057876110563402783e+01,1.000000000000000000e+00
1.261000000000000000e+03,7.421452166611938139e+01,1.441258991769304743e+01,-1.446756317055488891e-02,3.986872705967454635e+02,1.755870545223026102e-02,nan,2.117223433956270284e+01,1.000000000000000000e+00
1.261000000000000000e+03,1.701138946764006121e+01,3.564318229218768863e+01,-4.926918300784245697e-02,1.363815970359347148e+03,8.953440192569939171e-03,nan,7.163058674333759868e+00,1.000000000000000000e+00
1.261000000000000000e+03,6.980469159795650569e+01,4.281183239324131762e+01,-2.431116679666868452e-02,6.716729653163533840e+02,1.384336656178308811e-02,nan,8.100565177108652648e+00,1.000000000000000000e+00
1.262000000000000000e+03,4.126090550267227286e+01,3.402562031518878172e+01,-1.480346780929853168e-02,4.080026762804639588e+02,1.901977677717303639e-02,nan,3.411746797345510451e+00,1.000000000000000000e+00
1.266000000000000000e+03,5.459342219919661510e+00,3.220777073855483508e+01,-2.526392052591449819e-02,6.980950103878236632e+02,1.006893977826239794e-02,nan,1.205204746739733679e+01,1.000000000000000000e+00
1.267000000000000000e+03,8.036403871813209321e+01,4.626208891991998939e+01,-2.851212343717349218e-02,7.881751235252477272e+02,1.037614080352744494e-02,nan,1.730801841644481343e+01,1.000000000000000000e+00
1.267000000000000000e+03,1.427991988279553652e+02,1.154615365704029983e+01,-1.231217396231887523e-03,3.161305834719782837e+01,3.575796740342753743e-01,nan,3.291277405202370687e+01,1.000000000000000000e+00
1.269000000000000000e+03,8.241833227474329249e+01,2.907641525005011829e+01,-2.528436771227327712e-02,6.986620577401168930e+02,1.375787599602307232e-02,nan,1.508944880411315559e+01,1.000000000000000000e+00
1.269000000000000000e+03,2.734937153713917368e+01,5.107658593060975960e+01,-1.779885841699627505e-02,4.910717246754754797e+02,1.667365244384688694e-02,nan,1.537778970252239752e+01,1.000000000000000000e+00
1.270000000000000000e+03,7.419032310399764185e+01,1.226731322134358493e+01,-1.031134568703638218e-02,2.834258317742631448e+02,1.970836174333523427e-02,nan,1.871486163254595425e+01,1.000000000000000000e+00
1.271000000000000000e+03,9.572373519744476766e+01,1.879531564762350371e+01,-1.885292454568215925e-02,5.203033948390701653e+02,1.100441910353322506e-02,nan,1.186813613346812346e+01,1.000000000000000000e+00
1.272000000000000000e+03,3.356965616997808866e+01,1.436033866969257033e+01,-1.841060041303537592e-02,5.080367326259045058e+02,1.518036651007237392e-02,nan,1.037026155986861831e+01,1.000000000000000000e+00
1.272000000000000000e+03,1.161427426984778464e+02,3.085118000814392403e+01,-1.801991602817325233e-02,4.972021590013878267e+02,4.795704826997893022e-02,nan,6.412596074593357898e+00,1.000000000000000000e+00
1.273000000000000000e+03,5.561212687467842386e+01,2.922228255182840329e+01,-1.078584717016837884e-02,2.965848456819991839e+02,1.871490464868600379e-01,nan,6.779705017051301574e+00,1.000000000000000000e+00
1.273000000000000000e+03,9.743671378840055297e+01,3.053918041308546094e+01,-3.113093872622999664e-02,8.608008750466608490e+02,1.537739966092510624e-02,nan,1.186813613346812346e+01,1.000000000000000000e+00
1.274000000000000000e+03,1.292078465985419022e+01,4.575753555863136768e+01,-2.528590055568668074e-02,6.987045670019684849e+02,1.277644281811873839e-02,nan,1.537778970252239752e+01,1.000000000000000000e+00
1.274000000000000000e+03,4.046089398359235645e+01,6.610940872682691705e+00,-1.847740230959049601e-02,5.098893023587317543e+02,1.990415435384773613e-02,nan,1.037026155986861831e+01,1.000000000000000000e+00
1.275000000000000000e+03,5.344712516652624146e+01,2.279755160633903444e+01,-2.059698776665245396e-02,5.686702661694486096e+02,2.178033270407353506e-02,nan,6.779705017051301574e+00,1.000000000000000000e+00
1.275000000000000000e+03,1.110869116252771249e+02,2.690656842078222510e+01,-1.415622901066000174e-02,3.900532606185922759e+02,1.272119045140194249e-01,nan,6.412596074593357898e+00,1.000000000000000000e+00
1.278000000000000000e+03,1.402257004714095956e+02,3.302379095684913324e+01,-9.466871048239336103e-03,2.600066141075199653e+02,1.717654507095017768e-01,nan,9.947154616410877281e+00,1.000000000000000000e+00
1.279000000000000000e+03,1.186287726808239853e+02,9.052873105609835491e+00,-3.219286143707316555e-02,8.902504262444571168e+02,1.391498221836362514e-02,nan,1.938128232569204457e+01,1.000000000000000000e+00
1.279000000000000000e+03,1.352016217483049729e+02,4.160892449959799677e+01,-3.646828783314569333e-02,1.008817801494936020e+03,1.010494070841749803e-02,nan,9.947154616410877281e+00,1.000000000000000000e+00
1.280000000000000000e+03,2.434556174428451314e+01,5.142907277832560453e+01,-2.902331093475177433e-03,7.795687215002094206e+01,1.116205758289530170e-01,nan,3.074374363415869027e+01,1.000000000000000000e+00
1.283000000000000000e+03,3.186545072478355678e+01,7.169974214077860175e+00,-1.663811711288898376e-02,4.588817073477896997e+02,1.254605883315618176e-02,nan,2.048498522805710564e+01,1.000000000000000000e+00
1.283000000000000000e+03,1.149583910539522158e+01,2.349947556056234887e+01,-2.707086067136412269e-02,7.482056029774864783e+02,1.084766207010234851e-02,nan,2.610696634520294168e+01,1.000000000000000000e+00
1.285000000000000000e+03,1.211811402402947380e+02,8.029224007177182543e+00,-2.258076599866870246e-02,6.236849842956386283e+02,2.450306765856336000e-02,nan,3.496296054810554921e+01,1.000000000000000000e+00
1.285000000000000000e+03,6.384370676466624417e+01,2.858860697405896190e+01,-2.642538051871513513e-02,7.303049586005481615e+02,1.173085378345961605e-02,nan,1.833076215918127616e+01,1.000000000000000000e+00
1.287000000000000000e+03,5.219930617870479495e+01,4.686238686137062182e+00,-2.091131798476555254e-02,5.773873637103667988e+02,1.687820436503895127e-02,nan,2.048498522805710564e+01,1.000000000000000000e+00
1.287000000000000000e+03,9.884775162276164906e+01,3.492956532743981057e+01,-1.918176788992145831e-02,5.294229746383763313e+02,1.270017129812395229e-02,nan,1.760468016011059333e+01,1.000000000000000000e+00
1.289000000000000000e+03,2.059879261877275880e+01,3.855259989809383114e+01,-1.950423220414460035e-02,5.383656493115985313e+02,1.417839174433599414e-02,nan,3.601736357871582328e+01,1.000000000000000000e+00
1.292000000000000000e+03,8.574206524677641994e+01,2.317517261007211360e+01,-2.185249357325263347e-03,5.807055171810923611e+01,3.012610808674134333e-01,nan,5.928133021800395142e+00,1.000000000000000000e+00
1.293000000000000000e+03,3.550092376697381980e+01,5.762708675291329463e+00,-7.108342357429634634e-03,1.945992066547474337e+02,3.486148574360503627e-02,nan,3.292610805723306555e+01,1.000000000000000000e+00
1.293000000000000000e+03,1.056748673826341616e+02,4.236666679667582969e+01,-2.792587247540552139e-02,7.719170403925922983e+02,9.326687693205659713e-03,nan,2.285052689256918512e+01,1.000000000000000000e+00
1.295000000000000000e+03,4.208478585153893903e+01,3.802385174009940272e+01,-1.510117852029473507e-03,3.934760735743437721e+01,3.175671275832129270e-01,nan,2.839102540658684504e+01,1.000000000000000000e+00
1.297000000000000000e+03,1.273090342780723887e+02,4.972257612240519364e+01,-1.109506722453299649e-02,3.051602266672741735e+02,2.442143922102857356e-02,nan,1.619120749728258346e+01,1.000000000000000000e+00
1.297000000000000000e+03,8.056183822286909901e+01,2.029281088659940124e+01,-1.452330174185019647e-03,3.774502257428122221e+01,2.989201293400841619e-01,nan,5.928133021800395142e+00,1.000000000000000000e+00
1.298000000000000000e+03,8.296079368911109952e+01,5.038433187696493576e+01,-2.001905863237349661e-02,5.526429663906045562e+02,8.627390335384288456e-03,nan,2.408759218133858582e+01,1.000000000000000000e+00
1.298000000000000000e+03,1.226140661680736486e+02,1.004772645370686135e+01,-1.620097837031524201e-03,4.239760446737385990e+01,2.689631770838658564e-01,nan,2.492695505340177675e+01,1.000000000000000000e+00
1.299000000000000000e+03,1.207780929411376150e+02,3.490697605107577317e+01,-1.720304229882919748e-03,4.517655746130741790e+01,2.215478518696769594e-01,nan,1.619120749728258346e+01,1.000000000000000000e+00
1.300000000000000000e+03,1.686182317248568197e+01,2.499110539373992523e+01,-1.516593485461185942e-02,4.180547183918839664e+02,1.346155945699545331e-02,nan,1.197106657410115638e+01,1.000000000000000000e+00
1.301000000000000000e+03,1.082974779286216460e+01,1.465086837826964050e+01,-1.740367726860672648e-02,4.801124454896470297e+02,4.483728903675876509e-02,nan,1.197106657410115638e+01,1.000000000000000000e+00
1.302000000000000000e+03,9.616759654379852407e+01,2.651855456779657416e+01,-1.820115543755460377e-02,5.022283433094686416e+02,1.439808073686377199e-02,nan,1.680177303605856309e+01,1.000000000000000000e+00
1.303000000000000000e+03,1.432765781338332829e+02,3.922957599366745995e+01,-2.392057190598965294e-02,6.608408735706966581e+02,1.097812128273423227e-02,nan,2.227785657691652332e+01,1.000000000000000000e+00
1.303000000000000000e+03,4.052982442010136310e+01,4.453285882014801444e+01,-1.441176004204288569e-02,3.971397219161012799e+02,1.422252403965784673e-02,nan,2.709598629594928454e+01,1.000000000000000000e+00
1.305000000000000000e+03,8.599636000193254404e+01,5.212564554209728307e+00,-2.780542051230009207e-02,7.685766313231489448e+02,8.957597342633016879e-03,nan,2.360930459055607500e+01,1.000000000000000000e+00
1.306000000000000000e+03,4.255134355763364340e+01,1.751238632748308532e+01,-1.669105207761200846e-02,4.603497152713857190e+02,1.554272949057911024e-02,nan,1.591171888965405756e+01,1.000000000000000000e+00
1.307000000000000000e+03,1.263797781844915420e+02,9.730445074361275815e+00,-2.722110469364219520e-02,7.523722141451934249e+02,1.196986586429316102e-02,nan,2.733872443082049131e+01,1.000000000000000000e+00
1.307000000000000000e+03,7.505628518403186433e+01,3.250960968092658732e+01,-1.239781336138931489e-03,3.185055603339675301e+01,3.515670884426423948e-01,nan,6.267293224360711790e+00,1.000000000000000000e+00
1.308000000000000000e+03,1.210358112652714624e+02,3.794459242959138123e+01,-1.104880397039345770e-03,2.810944373578927014e+01,3.714079220272450410e-01,nan,4.593556265534880723e+00,1.000000000000000000e+00
1.309000000000000000e+03,1.461255059439670134e+01,3.880029860175364576e+01,-2.972213901586226448e-02,8.217316294468814704e+02,3.167988684415734557e-02,nan,8.321821065654917859e+00,1.000000000000000000e+00
1.309000000000000000e+03,1.368407705895821493e+02,4.894000835910881619e+01,-2.508719982882980093e-02,6.931941403307421297e+02,9.371215263392906891e-03,nan,1.325770563481551889e+01,1.000000000000000000e+00
1.309000000000000000e+03,1.035970392364693851e+02,5.183833017007712840e+01,-1.769001948614037922e-02,4.880533716128413175e+02,1.196711620417634236e-02,nan,2.229678717380438613e+01,1.000000000000000000e+00
1.309000000000000000e+03,5.427923979608423366e+01,3.467233598046610865e+01,-1.405988277992395973e-03,3.645985555544609724e+01,3.042994625349544346e-01,nan,1.039069102251469090e+01,1.000000000000000000e+00
1.310000000000000000e+03,1.329197208750869379e+02,3.627540699010094016e+01,-1.278564431021912175e-02,3.520438048508541442e+02,1.177997553339604764e-02,nan,8.223025029746427350e+00,1.000000000000000000e+00
1.310000000000000000e+03,2.852601102729566307e+01,6.986578081620641534e+00,-1.643746144381072385e-03,4.305342624321550460e+01,3.412353355479060824e-01,nan,1.753575181779277514e+01,1.000000000000000000e+00
1.310000000000000000e+03,8.128318450612201218e+01,3.179919487768066233e+01,-1.225622660268426301e-03,3.145790349316586187e+01,3.613194542893040095e-01,nan,6.267293224360711790e+00,1.000000000000000000e+00
1.311000000000000000e+03,3.670662869114647719e+01,4.942842268665330607e+01,-1.572042391650461252e-02,4.334319712277923600e+02,2.235400962093758714e-02,nan,2.294643231367125580e+01,1.000000000000000000e+00
1.312000000000000000e+03,9.155210532156765169e+01,2.217017817629410104e+01,-1.233660963107541947e-02,3.395910437996014366e+02,2.162956348912692395e-02,nan,9.842060553223298314e+00,1.000000000000000000e+00
1.312000000000000000e+03,8.527874882534559831e+00,3.312320186748419104e+01,-4.738750639927790526e-02,1.311632764316396560e+03,1.613259262625488244e-02,nan,8.321821065654917859e+00,1.000000000000000000e+00
1.312000000000000000e+03,6.417084032865193421e+01,3.149071707973745760e+01,-1.371907679097672745e-03,3.551472241933979035e+01,3.563964944449596883e-01,nan,1.039069102251469090e+01,1.000000000000000000e+00
1.313000000000000000e+03,1.253567828812448965e+02,3.950342643569552337e+01,-4.061367478041220079e-03,1.100996081503506474e+02,9.821249506135931728e-02,nan,4.593556265534880723e+00,1.000000000000000000e+00
1.315000000000000000e+03,1.369632488826885890e+02,2.490593327655564337e+01,-2.770441620447737160e-02,7.657755503178642584e+02,1.011232507340686926e-02,nan,1.206710616806102543e+01,1.000000000000000000e+00
1.316000000000000000e+03,8.168931632712684632e+00,4.280985217520731112e+01,-2.437929090076239660e-02,6.735622028953472409e+02,9.007860093686814729e-03,nan,9.693298429363718327e+00,1.000000000000000000e+00
1.316000000000000000e+03,9.390203291253226325e+01,5.230564548993356055e+01,-3.258574715679202205e-02,9.011460479310454730e+02,1.534820196904607137e-02,nan,2.005301336644132704e+01,1.000000000000000000e+00
1.317000000000000000e+03,8.342926411016635768e+01,2.772766021294296834e+01,-2.339677639210874932e-02,6.463148231851993160e+02,1.013654374952877024e-02,nan,9.842060553223298314e+00,1.000000000000000000e+00
1.318000000000000000e+03,6.071069994039645223e+01,1.992769232461694173e+01,-2.842121363100803821e-02,7.856539861922628916e+02,3.826692433134593063e-02,nan,5.858170505832310582e+00,1.000000000000000000e+00
1.318000000000000000e+03,1.050842391273432241e+02,3.565987698126693317e+01,-5.963388558974706821e-03,1.628470130511872469e+02,7.801065166538034834e-02,nan,2.005301336644132704e+01,1.000000000000000000e+00
1.318000000000000000e+03,4.662172085577216052e+01,5.044223536609471381e+01,-1.759669437011876156e-02,4.854652522005193305e+02,1.303694139186195589e-02,nan,2.668447266848038524e+01,1.000000000000000000e+00
1.319000000000000000e+03,1.235710119747238025e+02,6.211474710078777051e+00,-1.902692648729194594e-02,5.251288675741666339e+02,8.412380212714909433e-02,nan,2.299640820851757539e+01,1.000000000000000000e+00
1.319000000000000000e+03,9.348819767595691133e+01,1.034566962247860111e+01,-2.949316122481710541e-03,7.925987471614855906e+01,9.084157797956704528e-02,nan,6.613040042653855366e+00,1.000000000000000000e+00
1.319000000000000000e+03,7.152257687112926021e+01,4.085013177525861749e+01,-2.080184327029932501e-02,5.743513789107033745e+02,1.333563911892732268e-02,nan,1.771915519747010492e+01,1.000000000000000000e+00
1.320000000000000000e+03,1.966722919877662079e+01,2.687745576615315812e+01,-1.390371512691377905e-03,3.602676685268058776e+01,3.520083399926405843e-01,nan,6.092443709886909531e+00,1.000000000000000000e+00
1.321000000000000000e+03,1.354740168543304435e+02,3.155198587166091428e+01,-2.338846960775490050e-02,6.460844570120120807e+02,1.316940922172693540e-02,nan,8.869455506128323563e+00,1.000000000000000000e+00
1.322000000000000000e+03,2.191867549379863789e+01,2.121628451465650400e+01,-1.413233046885684204e-03,3.666076960527340134e+01,3.095724811371571850e-01,nan,6.092443709886909531e+00,1.000000000000000000e+00
1.323000000000000000e+03,9.916062442650881792e+01,1.374506271027625104e+01,-1.783360992915682727e-03,4.692526605595288203e+01,2.549817980488358060e-01,nan,6.613040042653855366e+00,1.000000000000000000e+00
1.323000000000000000e+03,5.930549773507966194e+01,2.561483294513762843e+01,-3.204665124548908284e-02,8.861956824493308886e+02,9.547414519394670229e-03,nan,5.858170505832310582e+00,1.000000000000000000e+00
1.324000000000000000e+03,1.534351384516138417e+01,4.731563521751784407e+01,-1.936455719944090229e-02,5.344921412303862098e+02,8.732448279319404705e-03,nan,1.200346788811043908e+01,1.000000000000000000e+00
1.324000000000000000e+03,7.314566165895247707e+01,2.292398859853997450e+01,-1.579467366940238288e-02,4.354910870909895948e+02,1.500388197226487641e-02,nan,1.409931844938921408e+01,1.000000000000000000e+00
1.324000000000000000e+03,1.273536666074397630e+02,3.511949940954868055e+01,-1.296051348936000901e-02,3.568933280708041025e+02,1.833895458825085534e-02,nan,8.869455506128323563e+00,1.000000000000000000e+00
1.324000000000000000e+03,1.233400501881828291e+02,5.160755970464752096e+01,-1.386104930907701253e-02,3.818672508030414861e+02,1.416368914911092514e-02,nan,1.696953885807577578e+01,1.000000000000000000e+00
1.325000000000000000e+03,4.316083877943398051e+01,3.921307330937259650e+01,-2.573674503856221429e-02,7.112075180596257269e+02,1.127094453353083559e-02,nan,1.946774696965515616e+01,1.000000000000000000e+00
1.326000000000000000e+03,1.059463557552106572e+01,1.881685935894407535e+01,-1.978678890735624182e-02,5.462015944444649449e+02,1.246783674739593284e-02,nan,9.937671417730845391e+00,1.000000000000000000e+00
1.327000000000000000e+03,3.420305780124456163e+01,6.712257423029990733e+00,-1.186092619112404708e-03,3.036164483047004126e+01,3.257925865354583950e-01,nan,1.686497520722950938e+01,1.000000000000000000e+00
1.328000000000000000e+03,8.480068004182416530e+01,4.163286258924408401e+01,-1.430950407411548352e-02,3.943039295067204080e+02,1.367832817497383058e-02,nan,1.460430749735120415e+01,1.000000000000000000e+00
1.328000000000000000e+03,2.369989233504547244e+01,3.869854871019409615e+01,-2.387013770356270857e-03,6.366594143035310083e+01,2.714557720082433345e-01,nan,1.200346788811043908e+01,1.000000000000000000e+00
1.331000000000000000e+03,1.844649644964465551e+01,1.272542323761835803e+01,-9.122494558844562729e-03,2.504562645837808930e+02,3.816549283948034166e-02,nan,9.937671417730845391e+00,1.000000000000000000e+00
1.331000000000000000e+03,7.524812551985128550e+01,1.836240730111025954e+01,-1.833453448020360907e-02,5.059272499295993271e+02,1.227367264300582850e-02,nan,1.865736277264589305e+01,1.000000000000000000e+00
1.331000000000000000e+03,9.226804790677503831e+01,2.600566757230373227e+01,-1.060670367435533404e-02,2.916167858619868980e+02,1.741764816430724228e-02,nan,1.184937811821341569e+01,1.000000000000000000e+00
1.331000000000000000e+03,9.834746280351895109e+01,3.617662998014120745e+01,-1.781048037964443401e-02,4.913940283427113513e+02,1.457563134554296091e-02,nan,1.184937811821341569e+01,1.000000000000000000e+00
1.334000000000000000e+03,5.123642343952062106e+01,5.650364394923144573e+00,-3.850198861864307515e-02,1.065216986475121303e+03,1.127659122664559366e-02,nan,2.716906092678394558e+01,1.000000000000000000e+00
1.334000000000000000e+03,1.207723995545594420e+02,2.286483972352588978e+01,-2.098479564663285890e-02,5.794250677192936791e+02,9.749018020638211546e-03,nan,6.524575537180739460e+00,1.000000000000000000e+00
1.338000000000000000e+03,1.180119418487574308e+02,4.082958453857563086e+01,-3.091135371189554851e-02,8.547112792070761316e+02,1.268347425868843192e-02,nan,1.028492036743400107e+01,1.000000000000000000e+00
1.339000000000000000e+03,6.014124422425042304e+00,1.143215074466199965e+01,-9.418915259788709568e-03,2.586766901565705439e+02,2.205147834984455546e-02,nan,4.559040887934248332e+01,1.000000000000000000e+00
1.339000000000000000e+03,9.502173887828958243e+01,2.467566601830210971e+01,-1.559953447973954493e-02,4.300794300108719312e+02,1.382703198948853629e-02,nan,1.022252218382165623e+01,1.000000000000000000e+00
1.339000000000000000e+03,1.145450108954679820e+02,2.481155912523647089e+01,-2.594565385663686469e-02,7.170010385020651711e+02,1.044342408455434246e-02,nan,6.524575537180739460e+00,1.000000000000000000e+00
1.339000000000000000e+03,1.366588685240820382e+02,3.061773208259301526e+01,-1.971902703605448240e-02,5.443224024111999597e+02,1.088701110163659003e-02,nan,1.767730851263522496e+01,1.000000000000000000e+00
1.339000000000000000e+03,6.487864673111913305e+01,3.425639212071818918e+01,-1.582075429215072312e-02,4.362143625488503176e+02,8.194074066686818369e-03,nan,1.040711925003832938e+01,1.000000000000000000e+00
1.339000000000000000e+03,9.301673088302057124e+01,1.465169960087865419e+01,-1.583587624114896758e-02,4.366337288611882173e+02,1.441231734706238665e-02,nan,1.022252218382165623e+01,1.000000000000000000e+00
1.340000000000000000e+03,1.093612104089939692e+02,4.639235655633321187e+01,-2.540738355952977534e-02,7.020735691946972565e+02,1.320386270470463863e-02,nan,1.028492036743400107e+01,1.000000000000000000e+00
1.340000000000000000e+03,5.518356955038140654e+01,3.047305899448452493e+01,-1.691538970663398209e-03,4.437883087965199280e+01,2.475552267328412492e-01,nan,1.040711925003832938e+01,1.000000000000000000e+00
1.345000000000000000e+03,7.752132057434719670e+00,1.399437701381400956e+01,-1.141571635319529009e-02,3.140525620836353937e+02,2.153449288227138325e-02,nan,1.590182346437207705e+01,1.000000000000000000e+00
1.345000000000000000e+03,4.277104059568856087e+01,2.141440526189280646e+01,-1.355515569909493054e-02,3.733841197462687092e+02,1.663747496374945456e-02,nan,1.536652473717093059e+01,1.000000000000000000e+00
1.345000000000000000e+03,6.779772729568062317e+00,2.986644388708432984e+01,-2.726770876979029215e-02,7.536646520152336279e+02,1.037204906222133349e-02,nan,8.205672447042649864e+00,1.000000000000000000e+00
1.345000000000000000e+03,8.303661770216798743e+01,3.523220812412382230e+01,-1.401837499058383773e-03,3.634474494006913403e+01,2.665161149379019490e-01,nan,1.755034874281005486e+01,1.000000000000000000e+00
1.345000000000000000e+03,1.048394460735337219e+02,1.701971506913772103e+01,-1.472556046749721580e-03,3.830593238770950393e+01,3.171840115824311468e-01,nan,1.269193011104863089e+01,1.000000000000000000e+00
1.346000000000000000e+03,9.264762735605272326e+01,2.054741209465208485e+01,-1.414065252691043030e-02,3.896212890155926516e+02,1.668324665717113575e-02,nan,1.269193011104863089e+01,1.000000000000000000e+00
1.347000000000000000e+03,3.313770233502027196e+01,8.073758970753521780e+00,-1.303962862369867012e-03,3.363045689001360472e+01,3.336157327062795330e-01,nan,1.645521344467290348e+01,1.000000000000000000e+00
1.350000000000000000e+03,5.523772822580362885e+01,4.190377616158340146e+01,-2.089520847710769208e-02,5.769406101324489100e+02,1.166569591439436948e-02,nan,2.091883973436631905e+01,1.000000000000000000e+00
1.351000000000000000e+03,1.286202405900865244e+02,1.197168914501462211e+01,-3.639810816943357414e-03,9.840887553204518667e+01,7.394539396367905137e-02,nan,2.783377708824015073e+01,1.000000000000000000e+00
1.352000000000000000e+03,1.186536637775079868e+02,3.795988826763206703e+01,-3.277453099569879735e-02,9.063814565652456849e+02,9.622389208425841112e-03,nan,2.470003941622426069e+01,1.000000000000000000e+00
1.352000000000000000e+03,1.987683420951521995e+01,4.604294838333789386e+01,-8.251390936614047544e-03,2.262985641602779765e+02,3.028261831896583711e-02,nan,1.637219252858183793e+01,1.000000000000000000e+00
1.353000000000000000e+03,3.564901804694370924e+01,5.043463430007994219e+01,-2.574059599661609674e-02,7.113143139546664315e+02,9.108676967030437943e-03,nan,1.637219252858183793e+01,1.000000000000000000e+00
1.355000000000000000e+03,9.711193277408337110e+01,2.587494836132194820e+01,-2.579104031869125513e-02,7.127132506479130143e+02,1.214147138553778316e-02,nan,1.651969594704461741e+01,1.000000000000000000e+00
1.358000000000000000e+03,9.812965210766425628e+01,7.472703441246113520e+00,-1.526727620764176813e-02,4.208651464334300272e+02,1.666648631207878761e-02,nan,1.770381777927233458e+01,1.000000000000000000e+00
1.359000000000000000e+03,2.425161226274352089e+01,1.985362584666903984e+01,-3.169029423291398750e-02,8.763130855528096390e+02,1.138708908569918687e-02,nan,1.346514673976127341e+01,1.000000000000000000e+00
1.359000000000000000e+03,1.006846659878272021e+02,4.342860221718061098e+01,-2.368863539066779628e-02,6.544087422932836944e+02,1.338970186551946551e-02,nan,7.140494890483105372e+00,1.000000000000000000e+00
1.360000000000000000e+03,9.368157321877619381e+01,4.203455811849477186e+01,-8.272775120574421548e-03,2.268915966041025172e+02,2.157229825440224458e-01,nan,7.140494890483105372e+00,1.000000000000000000e+00
1.362000000000000000e+03,7.505609586330323602e+00,4.976373162495595182e+01,-1.081186155705318210e-02,2.973062842675201978e+02,1.828079537963589463e-02,nan,1.350718106780883510e+01,1.000000000000000000e+00
1.363000000000000000e+03,8.121930766241703736e+01,1.271344906613344961e+01,-2.250343967258268060e-02,6.215405480049789730e+02,1.073538902124338001e-02,nan,1.770381777927233458e+01,1.000000000000000000e+00
1.363000000000000000e+03,1.144799220613462296e+02,2.403460098889460994e+01,-2.415670871216970064e-02,6.673894885426486780e+02,1.247950081735571537e-02,nan,1.117794973657201751e+01,1.000000000000000000e+00
1.363000000000000000e+03,1.203032664345073357e+02,3.357583888682501083e+01,-2.205664440885094640e-02,6.091498910768930273e+02,1.826696224484702924e-02,nan,9.159044911459398364e+00,1.000000000000000000e+00
1.364000000000000000e+03,2.242276278338967188e+01,6.513255300647058377e+00,-1.527324363016768815e-03,3.982478335252488222e+01,2.615933801092097388e-01,nan,1.346514673976127341e+01,1.000000000000000000e+00
1.365000000000000000e+03,9.553252018746115937e+01,2.938813371075127279e+01,-1.417389315874615328e-02,3.905431279395534716e+02,1.455036575715196179e-02,nan,1.278116015789077586e+01,1.000000000000000000e+00
1.365000000000000000e+03,3.547271773329914879e+01,4.397706309719448114e+01,-1.655318536623079026e-02,4.565263553094641793e+02,1.354922250693635366e-02,nan,1.735363525006624741e+01,1.000000000000000000e+00
1.365000000000000000e+03,1.255080426377965495e+02,2.603936700909570945e+01,-2.565181198338605667e-02,7.088521297330972857e+02,1.875937584979514572e-02,nan,9.159044911459398364e+00,1.000000000000000000e+00
1.367000000000000000e+03,1.187575982381421085e+02,4.824410998153877195e+00,-1.675384454492060207e-02,4.620910943397099118e+02,1.531783517646179149e-02,nan,1.841641098274636690e+01,1.000000000000000000e+00
1.368000000000000000e+03,6.427504233890560670e+01,4.200442534374334969e+01,1.377430849220606397e-03,-3.566789258855137490e+01,3.178841121877097331e-01,nan,1.306859105752697658e+01,1.000000000000000000e+00
1.369000000000000000e+03,1.042624206096377577e+02,1.618460549488358780e+01,-1.036341775394044110e-02,2.848699095631716887e+02,1.634668705726427529e-02,nan,1.582859181128672788e+01,1.000000000000000000e+00
1.369000000000000000e+03,8.272429926861534000e+01,3.585165129197773126e+01,-9.295838707141087717e-03,2.552634952023290111e+02,2.119534058253214059e-02,nan,1.094227932089916600e+01,1.000000000000000000e+00
1.372000000000000000e+03,7.253071185582182068e+01,3.187368040290437676e+01,-1.880205570656367370e-02,5.188926853150193210e+02,1.090354646491309420e-02,nan,1.094227932089916600e+01,1.000000000000000000e+00
1.373000000000000000e+03,9.886116663216768075e+01,4.334593096909583920e+01,-1.049958902363824081e-02,2.886462510404626300e+02,1.395848157997825467e-02,nan,1.146402478107376943e+01,1.000000000000000000e+00
1.374000000000000000e+03,1.233204114647956260e+02,2.182531678938689623e+01,-9.479241164516682625e-03,2.603496657900130913e+02,2.497220824472090595e-02,nan,1.694837351758688726e+01,1.000000000000000000e+00
1.374000000000000000e+03,1.096932922548533185e+02,4.709945180631397932e+01,-2.012378571700447830e-02,5.555472885311370419e+02,5.599543306489207506e-02,nan,1.146402478107376943e+01,1.000000000000000000e+00
1.375000000000000000e+03,4.407859586578460664e+01,2.393038044521929919e+01,-1.306101295484718774e-02,3.596804086407881869e+02,1.909696484259804095e-02,nan,9.969075763610458552e+00,1.000000000000000000e+00
1.377000000000000000e+03,2.677892239138003916e+01,4.110368890284809140e+01,-1.739129536268380419e-02,4.797690668532547420e+02,1.347555883303630520e-02,nan,2.437624305962429716e+01,1.000000000000000000e+00
1.377000000000000000e+03,9.312973829267575354e+01,2.271103264437168079e+01,-3.415402822891262097e-02,9.446380772984929308e+02,9.561065151005188056e-03,nan,1.282328796366821777e+01,1.000000000000000000e+00
1.378000000000000000e+03,7.236363411346701469e+01,5.029323405401840574e+01,-1.576748002280481138e-03,4.119541417152530016e+01,2.959770707445927851e-01,nan,1.140505356330386988e+01,1.000000000000000000e+00
1.378000000000000000e+03,1.328117145905347058e+02,3.586677433007604066e+01,-1.400784568427638262e-03,3.631554475986652619e+01,3.411096956566003202e-01,nan,1.694837351758688726e+01,1.000000000000000000e+00
1.379000000000000000e+03,9.439772899066680623e+01,3.609706355587630355e+01,-1.722812455698771250e-03,4.524611631321378979e+01,2.907607192042498401e-01,nan,1.344595195491747575e+01,1.000000000000000000e+00
1.380000000000000000e+03,8.465490765315824717e+01,1.308741794766579680e+01,-1.710645469689364359e-02,4.718697822021700290e+02,1.090175860273290276e-02,nan,1.282328796366821777e+01,1.000000000000000000e+00
1.380000000000000000e+03,6.112736764725053717e+01,4.833835229748954987e+01,-4.392758466630409739e-03,1.192898399678778958e+02,4.442390898067072325e-02,nan,1.140505356330386988e+01,1.000000000000000000e+00
1.380000000000000000e+03,1.233400112971938114e+02,5.339808349549084454e+01,-2.044185762000434725e-02,5.643681515716662034e+02,8.146561957230291640e-03,nan,1.992636355009216942e+01,1.000000000000000000e+00
1.381000000000000000e+03,1.107894988885178549e+02,3.297467051637313062e+01,-8.160647743890477035e-03,2.237820473999927913e+02,3.276941280183764960e-02,nan,8.299638676179055707e+00,1.000000000000000000e+00
1.382000000000000000e+03,2.636213958008309888e+01,9.702268841335145666e+00,-9.462536398854914932e-03,2.598864043430356219e+02,3.078389873323683634e-02,nan,1.413419935721111997e+01,1.000000000000000000e+00
1.382000000000000000e+03,1.123818208202454656e+02,1.561435286038738823e+01,-2.091775381122252045e-02,5.775658439319587387e+02,2.468576197511072046e-01,nan,6.382771193766132889e+00,1.000000000000000000e+00
1.382000000000000000e+03,5.384658030360569825e+01,3.288368913576065466e+01,-6.555249000820460858e-03,1.792606599259653706e+02,3.451639056408051243e-02,nan,8.843418305345920771e+00,1.000000000000000000e+00
1.382000000000000000e+03,7.669440514029557221e+01,3.509395011045583601e+01,-2.221019659710309416e-02,6.134082452709330937e+02,1.381021275098370804e-02,nan,1.580423392904118529e+01,1.000000000000000000e+00
1.382000000000000000e+03,1.078838741476620839e+02,2.014295571806511020e+01,-2.071553890800012510e-02,5.719579610939722443e+02,2.411492758313540374e-01,nan,6.382771193766132889e+00,1.000000000000000000e+00
1.384000000000000000e+03,9.960091947622741770e+01,2.317185343617587279e+01,-1.426520809041767653e-02,3.930755003315598515e+02,3.147610563475189416e-02,nan,8.819385436401899980e+00,1.000000000000000000e+00
1.385000000000000000e+03,8.038475481329987815e+01,5.260304123658340814e+01,-8.920083849547032206e-03,2.448429515944514492e+02,2.648734798946783542e-02,nan,1.129647382121930832e+01,1.000000000000000000e+00
1.385000000000000000e+03,9.167385863809036550e+01,5.301103097492735117e+01,-1.306508598077840005e-02,3.597933629871510561e+02,1.716431798767303896e-02,nan,1.129647382121930832e+01,1.000000000000000000e+00
1.385000000000000000e+03,4.399682540884083437e+01,8.073021873714438357e+00,-1.258451071130213322e-03,3.236831058451515730e+01,3.241386516150963626e-01,nan,1.143024682647704893e+01,1.000000000000000000e+00
1.385000000000000000e+03,3.796091995636204075e+01,1.777963754978431155e+01,-1.360148015125756593e-03,3.518859997871993528e+01,3.444499219908789822e-01,nan,1.143024682647704893e+01,1.000000000000000000e+00
1.386000000000000000e+03,7.184563459227076976e+01,1.624436860789812442e+01,-1.438979721478574536e-03,3.737478391521719345e+01,2.874627328363439371e-01,nan,1.893586000928075208e+01,1.000000000000000000e+00
1.386000000000000000e+03,1.032391366345799071e+02,3.642083243790791158e+01,-1.815854229746837432e-03,4.782637800305629128e+01,3.249674306963366011e-01,nan,8.299638676179055707e+00,1.000000000000000000e+00
1.387000000000000000e+03,1.017709439716240780e+02,4.550466456578285346e+01,-8.253988550531212928e-03,2.263706019491533254e+02,3.163965562346426896e-02,nan,9.201717004068877159e+00,1.000000000000000000e+00
1.388000000000000000e+03,1.156039241429866422e+02,2.922907100728327379e+01,-1.420247869179689509e-03,3.685530670875688486e+01,3.215270546663083762e-01,nan,1.271414163674575803e+01,1.000000000000000000e+00
1.390000000000000000e+03,1.430075914227477085e+02,2.458922794617646090e+01,-9.698440665192088056e-03,2.664285704520540321e+02,2.257028164628327449e-02,nan,9.988187363725584689e+00,1.000000000000000000e+00
1.391000000000000000e+03,9.095744996450487463e+01,2.435316302391641585e+01,-1.311845160772111794e-02,3.612733141613794032e+02,1.490341840834152887e-02,nan,1.373730118983007742e+01,1.000000000000000000e+00
1.392000000000000000e+03,4.045408031542987715e+01,2.882191185237862641e+01,-6.688533701603564287e-03,1.829569502298786858e+02,3.389189762741207090e-02,nan,1.243981922848057131e+01,1.000000000000000000e+00
1.394000000000000000e+03,1.421176712423328183e+02,3.453769159064829353e+01,-1.921893616488691949e-03,5.076709328953664624e+01,2.212809874499374052e-01,nan,9.988187363725584689e+00,1.000000000000000000e+00
1.394000000000000000e+03,4.189541299616290360e+01,4.117794934587652733e+01,-1.275903445849917855e-03,3.285230494454064143e+01,2.980460031176966895e-01,nan,1.189059626004718062e+01,1.000000000000000000e+00
1.395000000000000000e+03,1.544776544860761902e+01,3.483948454875213230e+01,-2.482005984244397070e-02,6.857857360978186989e+02,1.069125832999628933e-02,nan,6.427581090951445475e+00,1.000000000000000000e+00
1.395000000000000000e+03,1.052389860025937907e+02,3.728329340281076298e+01,-1.530764425853127150e-02,4.219846450271475646e+02,1.359811074169292588e-02,nan,1.010385804301084356e+01,1.000000000000000000e+00
1.396000000000000000e+03,6.315070233400252420e+01,1.223831669191817006e+01,-1.703663450554098249e-02,4.699335082352562836e+02,1.328335591082796530e-02,nan,1.433137495747379297e+01,1.000000000000000000e+00
1.396000000000000000e+03,7.834043140900860180e+01,3.848615978533877779e+01,-8.132522364762393569e-03,2.230020661601789698e+02,3.317018501335432523e-01,nan,7.626742181389115416e+00,1.000000000000000000e+00
1.397000000000000000e+03,6.850556634870333994e+01,4.098875772942777473e+01,-1.480319964761873594e-02,4.079952395423305802e+02,1.553149283390828916e-01,nan,7.822714043286846497e+00,1.000000000000000000e+00
1.399000000000000000e+03,7.702802789076221757e+01,1.581716337254186122e+01,-2.092643283371710058e-02,5.778065331221333736e+02,7.888644094790842054e-03,nan,1.433137495747379297e+01,1.000000000000000000e+00
1.400000000000000000e+03,9.388314512447117011e+00,3.269545725577748385e+01,-2.075281005208117965e-02,5.729915753623251931e+02,1.676730925411951123e-02,nan,6.427581090951445475e+00,1.000000000000000000e+00
1.401000000000000000e+03,2.740061653201698988e+01,5.157723165740274851e+01,-2.781442139744425696e-02,7.688262465024570247e+02,1.766381027239938284e-01,nan,5.554395726334379724e+00,1.000000000000000000e+00
1.401000000000000000e+03,7.213149624537652471e+01,3.405712823936926270e+01,-2.068829330943900650e-03,5.484195749711881263e+01,3.010043628064102972e-01,nan,7.626742181389115416e+00,1.000000000000000000e+00
1.402000000000000000e+03,1.331612610977682465e+01,4.464921601952899977e+01,-1.129919486027297290e-02,3.108211539628552487e+02,2.218279159682212676e-02,nan,1.100625275424084926e+01,1.000000000000000000e+00
1.402000000000000000e+03,1.205912240745672079e+02,3.458038872024859245e+01,-1.567584242701971489e-03,4.094128211076793633e+01,3.153428843164922668e-01,nan,1.283726224345414124e+01,1.000000000000000000e+00
1.404000000000000000e+03,1.185675879945914346e+02,2.190363050203548667e+01,-1.065001492929310012e-02,2.928179062511702000e+02,2.124043337032099910e-02,nan,1.283726224345414124e+01,1.000000000000000000e+00
1.404000000000000000e+03,2.403194019419368033e+01,4.716097400915452198e+01,-3.560105749032442535e-02,9.847675159888289045e+02,6.340173755449851623e-02,nan,5.554395726334379724e+00,1.000000000000000000e+00
1.405000000000000000e+03,8.846431494264233208e+01,1.230335789200739605e+01,-1.248281218757741999e-02,3.436455758563984091e+02,1.664960743975074653e-02,nan,1.225631778599199606e+01,1.000000000000000000e+00
1.405000000000000000e+03,4.652112628868133726e+01,3.926106146083093762e+01,-3.990569248647116152e-02,1.104144912679209483e+03,1.072898018750978455e-02,nan,2.274383304690790908e+01,1.000000000000000000e+00
1.405000000000000000e+03,7.837362127434290926e+01,1.926002569805978126e+01,-1.423687011055327183e-02,3.922896231859469935e+02,1.482887326750559343e-02,nan,1.225631778599199606e+01,1.000000000000000000e+00
1.406000000000000000e+03,3.135749660790133575e+01,1.890730016724127438e+01,-2.798967523459696544e-02,7.736864371708918497e+02,8.480909373120848471e-03,nan,2.538131722137881852e+01,1.000000000000000000e+00
1.406000000000000000e+03,7.739874819875311118e+01,4.561900549590165355e+01,-2.220984897077269912e-02,6.133986047958682093e+02,1.483354569901094155e-01,nan,1.058728077329017836e+01,1.000000000000000000e+00
1.407000000000000000e+03,7.217505021794690379e+01,3.641012426212515152e+01,-1.174364347247094931e-02,3.231467328642814323e+02,2.618426807420015656e-02,nan,4.691888101275213607e+00,1.000000000000000000e+00
1.408000000000000000e+03,9.057047495707402618e+01,2.731104277424083548e+01,-1.695828754452925052e-02,4.677607673983314385e+02,1.140858456942173138e-02,nan,1.379917981562696561e+01,1.000000000000000000e+00
1.409000000000000000e+03,1.235114059260997266e+02,4.161678868210971416e+01,-1.252261032477776717e-02,3.447492694370055233e+02,1.422238766454264614e-02,nan,1.908108624022995414e+01,1.000000000000000000e+00
1.409000000000000000e+03,1.251472977457680003e+02,8.835427325938821852e+00,-1.759627059787523609e-02,4.854535000247211656e+02,1.718452176544571497e-02,nan,1.463114878133193386e+01,1.000000000000000000e+00
1.412000000000000000e+03,9.807389480524297198e+01,1.123845629552518410e+01,-1.093865385848106185e-02,3.008225254536814646e+02,2.434511930657071721e-01,nan,6.339385294458487863e+00,1.000000000000000000e+00
1.412000000000000000e+03,1.000332281178645957e+02,1.726745446119480931e+01,-1.573830315268524502e-02,4.339278034346966137e+02,1.143932809649299553e-01,nan,4.644389346145359809e+00,1.000000000000000000e+00
1.412000000000000000e+03,7.355994634096016682e+01,4.089296674021321820e+01,-1.988981589592619947e-02,5.490587690238056666e+02,1.103122384520882626e-02,nan,4.691888101275213607e+00,1.000000000000000000e+00
1.414000000000000000e+03,1.204206347137324684e+02,2.278768925011629776e+01,-1.851883805952935294e-02,5.110384106947561804e+02,2.959089878991494338e-02,nan,7.781188949988422365e+00,1.000000000000000000e+00
1.415000000000000000e+03,2.116077125634283362e+01,5.050891806931717021e+00,-1.803075230922710631e-02,4.975026739168620225e+02,1.095710687976606534e-01,nan,1.240238225979629583e+01,1.000000000000000000e+00
1.416000000000000000e+03,6.024311474833317703e+01,3.759935049363503623e+01,-8.511287674252465685e-03,2.335060965005041851e+02,2.755636154670537685e-02,nan,1.371808702575224359e+01,1.000000000000000000e+00
1.416000000000000000e+03,1.095633952979738091e+01,4.342322716885364997e+01,-2.877342267439266313e-02,7.954215503940367853e+02,1.030934972048402898e-02,nan,1.583532704355888221e+01,1.000000000000000000e+00
1.416000000000000000e+03,1.275108088421798840e+02,1.958201735428589885e+01,-2.413061490211940163e-02,6.666658473706731911e+02,2.240112009378569802e-02,nan,7.781188949988422365e+00,1.000000000000000000e+00
1.417000000000000000e+03,2.750242076171440786e+01,2.918689315798648209e+01,-1.866091941600565851e-02,5.149786524271124790e+02,1.762403763902786746e-02,nan,2.004110130357269526e+01,1.000000000000000000e+00
1.417000000000000000e+03,1.098564291495219578e+02,4.987273533290616712e+01,-1.465839986398960459e-02,4.039796095931131958e+02,1.456537683060121768e-02,nan,1.690037060490756460e+01,1.000000000000000000e+00
1.417000000000000000e+03,1.046278305223952856e+02,1.794567355770369232e+01,-1.665603145008409669e-03,4.365957097713305046e+01,2.377874882617729835e-01,nan,4.644389346145359809e+00,1.000000000000000000e+00
1.418000000000000000e+03,9.359294944160269836e+01,5.791135102107759280e+00,-1.470788497287349103e-02,4.053519451055983041e+02,5.254054295067978053e-02,nan,1.641649796807451267e+01,1.000000000000000000e+00
1.418000000000000000e+03,1.314741934731272579e+02,4.374193808068159939e+01,-2.257350191758207211e-02,6.234835346744173421e+02,1.239787643449896670e-02,nan,2.235920098113744103e+01,1.000000000000000000e+00
1.419000000000000000e+03,2.523569879285189543e+01,5.026847965602215140e+01,-3.147039298457185441e-02,8.702147198192348014e+02,9.949202578102944727e-03,nan,1.583532704355888221e+01,1.000000000000000000e+00
1.419000000000000000e+03,7.409844284557091498e+01,4.344017263967034381e+01,-1.464012853062583025e-02,4.034729036324494018e+02,1.682419477536190033e-02,nan,7.210100582936791014e+00,1.000000000000000000e+00
1.420000000000000000e+03,3.755490489076289862e+01,1.184926632224880372e+01,-2.176199406625697885e-02,6.009785615996474917e+02,1.002823297134614045e-02,nan,1.571950934694921465e+01,1.000000000000000000e+00
1.420000000000000000e+03,9.212184328725015803e+00,8.375099404430777383e+00,-2.852062721364626713e-02,7.884109527414915419e+02,1.042337061541687149e-02,nan,1.240238225979629583e+01,1.000000000000000000e+00
1.421000000000000000e+03,1.118172482345166827e+02,3.308649945051895003e+01,-2.892181343359697537e-02,7.995367663281581372e+02,7.788357206730878168e-03,nan,1.676103623753346028e+01,1.000000000000000000e+00
1.422000000000000000e+03,5.336056265419995981e+01,4.961061206875511687e+01,-1.610830226570291596e-02,4.441887270505982883e+02,9.312612579439971672e-02,nan,2.057674590666534442e+01,1.000000000000000000e+00
1.423000000000000000e+03,7.391114974809622140e+01,5.064784020357087257e+01,-1.007001205580164253e-02,2.767330969299782168e+02,2.282274808988993264e-02,nan,7.210100582936791014e+00,1.000000000000000000e+00
1.427000000000000000e+03,2.434169643625856949e+01,2.179899364398347217e+01,-1.056436337644373231e-02,2.904425923370291116e+02,2.538538936073930774e-02,nan,1.107340825537252549e+01,1.000000000000000000e+00
1.427000000000000000e+03,1.057009093547004710e+02,2.888181534628641955e+01,-2.207312456344432891e-02,6.096069235440299963e+02,1.456893015952653858e-02,nan,1.176862685354553228e+01,1.000000000000000000e+00
1.427000000000000000e+03,8.851415643475667139e+01,4.184677419094344941e+01,-1.392733738165789596e-02,3.837055710191370395e+02,1.701446002829853921e-02,nan,1.705011927375510794e+01,1.000000000000000000e+00
1.428000000000000000e+03,5.634373431466129745e+01,3.817821979935141030e+01,-2.929584747803413297e-02,8.099095878422821215e+02,1.211074248645660489e-02,nan,2.154310836523396944e+01,1.000000000000000000e+00
1.429000000000000000e+03,7.212184747062536871e+01,1.028389083232973711e+01,-1.700506439696224462e-02,4.690579967508363666e+02,1.570081108235144018e-02,nan,1.725235253831585069e+01,1.000000000000000000e+00
1.429000000000000000e+03,1.174422974693785022e+02,2.968205478451129764e+01,-1.054001234333585245e-02,2.897672823649311340e+02,2.525541917241069800e-02,nan,1.176862685354553228e+01,1.000000000000000000e+00
1.430000000000000000e+03,3.102356079370528619e+01,3.062922915040319438e+01,-2.459178079837206002e-02,6.794550348828104234e+02,1.225041679576610587e-02,nan,1.107340825537252549e+01,1.000000000000000000e+00
1.431000000000000000e+03,8.935055132192381677e+01,9.380878257341217719e+00,-1.131147317258449775e-02,3.111616597109182862e+02,1.865689870781717108e-02,nan,1.380558445895865205e+01,1.000000000000000000e+00
1.432000000000000000e+03,1.300840745549566293e+02,4.490386349410353972e+01,-2.051282983304347080e-02,5.663363737409208625e+02,2.768176612301598283e-02,nan,7.522661212111080076e+00,1.000000000000000000e+00
1.433000000000000000e+03,8.819180899968179688e+01,2.313774848585198285e+01,-1.636034580715308578e-02,4.511784722573065665e+02,1.577482376842465062e-02,nan,1.380558445895865205e+01,1.000000000000000000e+00
1.434000000000000000e+03,1.278592941592096537e+02,2.418018916489380743e+01,-2.721483032431468163e-02,7.521982114999370879e+02,1.252071507729668465e-02,nan,1.109448765951397142e+01,1.000000000000000000e+00
1.434000000000000000e+03,1.372439371574001825e+02,4.721184946163687357e+01,-2.270791181283955684e-02,6.272110292005799010e+02,2.530090500855597391e-02,nan,7.522661212111080076e+00,1.000000000000000000e+00
1.435000000000000000e+03,3.645884397710722880e+01,4.842671168397527737e+01,-2.371275526674168979e-02,6.550776417509086968e+02,1.025116797853431461e-02,nan,1.398899046588030970e+01,1.000000000000000000e+00
1.436000000000000000e+03,1.261829031569078268e+02,3.514729314153728978e+01,-2.682713048864669714e-02,7.414464062665638266e+02,1.064836649229405907e-02,nan,1.050760692648562866e+01,1.000000000000000000e+00
1.437000000000000000e+03,1.146211484462616568e+02,3.768987795402567542e+01,-4.622129543551643793e-03,1.256508257572506295e+02,1.022503145877224906e-01,nan,1.183802810935357996e+01,1.000000000000000000e+00
1.437000000000000000e+03,2.807584212249044242e+01,3.722773252692789470e+01,-1.375541321146789590e-03,3.561549164337773021e+01,3.314431347448845155e-01,nan,1.398899046588030970e+01,1.000000000000000000e+00
1.439000000000000000e+03,7.758882894112851147e+01,1.850239488712094627e+01,-2.204941424337931999e-02,6.089493820134263160e+02,1.163119626160391551e-02,nan,2.606495100258253927e+01,1.000000000000000000e+00
1.440000000000000000e+03,1.438094011110907289e+01,9.450605144185116657e+00,-1.839656315504415232e-02,5.076474472818130721e+02,1.449277276842664275e-02,nan,1.528205982737199342e+01,1.000000000000000000e+00
1.440000000000000000e+03,9.833463093015504342e+01,5.350633771751017775e+01,-4.201304291180894823e-02,1.162586571011770047e+03,7.138431168173253738e-03,nan,2.270266619259446728e+01,1.000000000000000000e+00
1.441000000000000000e+03,1.369682494147467082e+02,2.118495036514164909e+01,-1.520980329528303331e-02,4.192712908187863263e+02,1.238954452091411973e-02,nan,1.764286568863025551e+01,1.000000000000000000e+00
1.443000000000000000e+03,1.027795560576730765e+02,1.180844701558692122e+01,-2.557611094740580918e-02,7.067527664629998299e+02,1.527866511805853200e-02,nan,1.357857206672988859e+01,1.000000000000000000e+00
1.443000000000000000e+03,8.303909939615362390e+00,2.347241162060362640e+01,-1.844678124362208321e-02,5.090401100015479869e+02,1.603519826590082964e-02,nan,1.528205982737199342e+01,1.000000000000000000e+00
1.443000000000000000e+03,1.134964249822054825e+02,3.278308413953853062e+01,-2.167562839748085959e-02,5.985834436137681678e+02,1.380080250530257846e-02,nan,1.616392591738807027e+01,1.000000000000000000e+00
1.443000000000000000e+03,3.886717564543870651e+01,3.617385857757405887e+01,-1.068640047783380766e-02,2.938269609249879295e+02,2.542518706694107955e-02,nan,1.727972779637003242e+01,1.000000000000000000e+00
1.446000000000000000e+03,1.154326705717549544e+02,1.673554681819978285e+01,-1.564401518725411569e-02,4.313129820009451691e+02,1.887545500445997337e-02,nan,1.336820641832537859e+01,1.000000000000000000e+00
1.447000000000000000e+03,5.163299603329764409e+01,1.433902321023627735e+01,-1.562756129789183088e-02,4.308566779288788098e+02,1.304514225632391611e-02,nan,2.024489320439528939e+01,1.000000000000000000e+00
1.447000000000000000e+03,5.607026586907337418e+01,3.454822655459700087e+01,-1.764710035973244759e-02,4.868631258467333964e+02,1.960851239130856349e-02,nan,1.152279857800335527e+01,1.000000000000000000e+00
1.448000000000000000e+03,1.273921999195243728e+02,2.270870348974271380e+01,-2.364896928071310439e-02,6.533087101308670981e+02,1.063515581853358150e-02,nan,1.336820641832537859e+01,1.000000000000000000e+00
1.449000000000000000e+03,4.461230241107470817e+01,3.332758718754242722e+01,-1.134637573534037942e-02,3.121295877892221711e+02,1.988685624158204046e-02,nan,1.152279857800335527e+01,1.000000000000000000e+00
1.449000000000000000e+03,2.666654618557264556e+01,4.280320154174116709e+01,-1.670904751362037657e-03,4.380659667509346633e+01,3.223311456079236414e-01,nan,7.941819222288923896e+00,1.000000000000000000e+00
1.450000000000000000e+03,1.923416567713182346e+01,4.000459250558288460e+01,-1.607681664675141009e-03,4.205327554422685665e+01,3.098739633123062109e-01,nan,7.002509826063633369e+00,1.000000000000000000e+00
1.451000000000000000e+03,1.015406520385514426e+02,1.682726223672482035e+01,-1.642476027644086678e-02,4.529648331589047530e+02,1.141208332424137328e-02,nan,1.310105486502317085e+01,1.000000000000000000e+00
1.452000000000000000e+03,7.315266645018954250e+01,1.327208985470656444e+01,-2.853485853001066011e-02,7.888056197691441866e+02,8.857216111728516417e-03,nan,1.032648944491276666e+01,1.000000000000000000e+00
1.452000000000000000e+03,3.563079778808982923e+01,4.183273241421778010e+01,-2.445044431700474710e-02,6.755354502448303720e+02,1.035735068311094409e-02,nan,9.016630031264890377e+00,1.000000000000000000e+00
1.453000000000000000e+03,9.292391588968983740e+01,6.958650545243136420e+00,-1.313348475395415341e-02,3.616902177694604461e+02,1.374134342076815951e-02,nan,1.310105486502317085e+01,1.000000000000000000e+00
1.454000000000000000e+03,8.990080502795649409e+01,2.973134655719845298e+01,-1.994042343675709542e-03,5.276794289323601816e+01,1.843500039944352409e-01,nan,1.737818835724683808e+01,1.000000000000000000e+00
1.454000000000000000e+03,3.449442200221179888e+01,2.681366271544209567e+01,-1.561963770863450309e-03,4.078541354192183377e+01,3.491092874490934195e-01,nan,9.807455524983261341e+00,1.000000000000000000e+00
1.455000000000000000e+03,2.614189605623163359e+01,3.885637437570540698e+01,-2.589939385105373242e-03,6.929353392826000402e+01,2.021297523912679583e-01,nan,7.002509826063633369e+00,1.000000000000000000e+00
1.456000000000000000e+03,1.234614589534611042e+02,2.085821992290053117e+01,-1.032476819864704999e-02,2.837980687919341563e+02,1.795373917267306663e-02,nan,1.888043953695611776e+01,1.000000000000000000e+00
1.456000000000000000e+03,5.425279496742746232e+01,2.769518459667282784e+01,-6.120363554857514293e-03,1.672002895475096977e+02,3.458716588982424511e-02,nan,1.047746124799977174e+01,1.000000000000000000e+00
1.456000000000000000e+03,1.977154468318022040e+01,6.177804553913933461e+00,-1.747552009788900726e-02,4.821048118431863259e+02,1.334177151151199059e-01,nan,2.534959089638258689e+01,1.000000000000000000e+00
1.456000000000000000e+03,6.985633101719785998e+01,2.305833310577580875e+01,-2.816144873278295623e-03,7.556673068462434628e+01,1.508919008495940295e-01,nan,1.032648944491276666e+01,1.000000000000000000e+00
1.458000000000000000e+03,1.422785963517478365e+02,1.931344251412782498e+01,-1.649240055765605409e-02,4.548406532203275674e+02,1.540042864811796974e-02,nan,1.888043953695611776e+01,1.000000000000000000e+00
1.458000000000000000e+03,4.392999254014288368e+01,2.948876878777859645e+01,-6.359678266350701596e-03,1.738370351190481244e+02,4.888733902936182041e-02,nan,8.660605059745428491e+00,1.000000000000000000e+00
1.459000000000000000e+03,1.002943069346626572e+02,9.418893190472397592e+00,-1.486534912321606054e-02,4.097187869764619563e+02,1.880972499978517121e-02,nan,1.821168467672273650e+01,1.000000000000000000e+00
1.459000000000000000e+03,3.933598338758129387e+01,4.514941743753772130e+01,-9.219234101080811886e-03,2.531390738625048868e+02,1.734162217402102080e-02,nan,1.461801393778776692e+01,1.000000000000000000e+00
1.460000000000000000e+03,1.931300902355011573e+01,4.975969902852362736e+01,-1.232586377859139389e-02,3.392930366756733065e+02,1.748656364197964663e-02,nan,1.286530942456804461e+01,1.000000000000000000e+00
1.461000000000000000e+03,1.276755725276003375e+02,4.694025895422928585e+01,-2.398839189466880559e-02,6.627216773320691345e+02,7.960371968627089068e-03,nan,1.083304049640798716e+01,1.000000000000000000e+00
1.462000000000000000e+03,7.184511108197038709e+01,1.586766827496002463e+01,-1.279250056731618540e-02,3.522339445779204539e+02,1.754634219149486807e-02,nan,1.151711944692842771e+01,1.000000000000000000e+00
1.462000000000000000e+03,4.010586929881428375e+01,2.171817283662925391e+01,-1.136564596438821226e-02,3.126639954171434397e+02,1.700788923495710758e-02,nan,8.660605059745428491e+00,1.000000000000000000e+00
1.462000000000000000e+03,1.505531580016342375e+01,1.499036859694745161e+01,-1.391408385738123095e-02,3.833380204076363498e+02,5.002425434965507289e-02,nan,8.250364673907929713e+00,1.000000000000000000e+00
1.462000000000000000e+03,5.814515328655065218e+01,2.728481915963738658e+01,-1.723146952412064198e-02,4.753367299539341957e+02,2.000836305266817661e-02,nan,9.912777743980434764e+00,1.000000000000000000e+00
1.462000000000000000e+03,1.172956402326404799e+02,5.004054473926020563e+01,-1.662999937434540224e-03,4.358737806333400044e+01,2.371045842911382318e-01,nan,1.083304049640798716e+01,1.000000000000000000e+00
1.463000000000000000e+03,1.099025369266349657e+02,2.488974886124062635e+01,-1.526854728526718524e-02,4.209003963298903273e+02,1.483056389276449227e-02,nan,1.398574130154997874e+01,1.000000000000000000e+00
1.463000000000000000e+03,3.635524017915147965e+01,1.120947805826986077e+01,-1.817622506420402476e-02,5.015369669043203658e+02,1.369946501867702615e-02,nan,1.115795163719490901e+01,1.000000000000000000e+00
1.465000000000000000e+03,6.804289604468479524e+01,2.673906198345279961e+01,-2.958552733191796916e-02,8.179430742728987980e+02,1.182652048815557855e-02,nan,9.912777743980434764e+00,1.000000000000000000e+00
1.465000000000000000e+03,7.153468330220052351e+00,1.261774898685032298e+01,-2.619237286836287662e-02,7.238431222931970979e+02,1.230011211273707161e-02,nan,8.250364673907929713e+00,1.000000000000000000e+00
1.465000000000000000e+03,1.028703803827105929e+02,1.054396966310511630e+01,-1.435756432078296591e-03,3.728539471085275636e+01,2.855390000353342783e-01,nan,1.597662687991166308e+01,1.000000000000000000e+00
1.466000000000000000e+03,4.731280970098679006e+01,2.834700150967437082e+01,-1.431788208091185587e-03,3.717534676265513127e+01,3.502213643349999517e-01,nan,9.682307798296902135e+00,1.000000000000000000e+00
1.467000000000000000e+03,1.444364325957316737e+02,4.919970453912148400e+01,-4.366768740097000390e-02,1.208473655919304747e+03,7.722908250870896829e-02,nan,2.163989127925878364e+01,1.000000000000000000e+00
1.468000000000000000e+03,1.198810307966332971e+02,1.509022745250404363e+01,2.941646032901167919e-03,-7.904716554862871192e+01,2.330486101431361590e-01,nan,9.930003544470343613e+00,1.000000000000000000e+00
1.469000000000000000e+03,7.384153418767243693e+01,4.969473655147174895e+01,-1.908311306722420414e-02,5.266870502417453963e+02,1.377850959728987856e-02,nan,1.661245797879046293e+01,1.000000000000000000e+00
1.469000000000000000e+03,3.862564362801763451e+01,3.262254006307494336e+01,-1.683882134033585489e-03,4.416648924683787669e+01,3.522977566868161770e-01,nan,6.598845799346148233e+00,1.000000000000000000e+00
1.469000000000000000e+03,5.727148288230621631e+01,5.088097423195997493e+01,-1.698538329679494512e-03,4.457293915098995285e+01,2.748124072348747671e-01,nan,1.486389200799670718e+01,1.000000000000000000e+00
1.470000000000000000e+03,1.176605928951858431e+02,5.340442566032073302e+01,-1.630388807951613922e-02,4.496127700422787257e+02,1.352234815193231743e-02,nan,1.529647849147858807e+01,1.000000000000000000e+00
1.471000000000000000e+03,1.143683225881344896e+02,3.846644686579919892e+01,-2.603519079930628408e-02,7.194841031830565043e+02,8.873883129133841585e-03,nan,1.471321149855442201e+01,1.000000000000000000e+00
1.472000000000000000e+03,1.442304324512562346e+02,2.756079378745432606e+01,-1.045451071754804201e-02,2.873961262719103047e+02,1.488752670837090175e-02,nan,2.163989127925878364e+01,1.000000000000000000e+00
1.472000000000000000e+03,4.528123604981013273e+01,4.209637028407444603e+01,-3.433874724343294327e-02,9.497607590339682702e+02,1.078997395937675297e-02,nan,1.157801233119680262e+01,1.000000000000000000e+00
1.473000000000000000e+03,1.355056867481961724e+01,1.582521193593793107e+01,-1.786112995629367955e-02,4.927986572158374088e+02,1.619639043749243612e-02,nan,1.094496645054599604e+01,1.000000000000000000e+00
1.473000000000000000e+03,8.998452319367278562e+01,3.110716294347512445e+01,-1.325620618205542323e-03,3.423107610909563192e+01,3.292446026688862215e-01,nan,1.943023579273895152e+01,1.000000000000000000e+00
1.474000000000000000e+03,3.681190270793609187e+01,2.627784860025580471e+01,-2.152762417479317861e-02,5.944789472233763945e+02,1.616112708727224234e-02,nan,6.598845799346148233e+00,1.000000000000000000e+00
1.476000000000000000e+03,1.220677551780854131e+01,4.963052364529137783e+00,-1.105399691599207208e-02,3.040212528589780163e+02,2.525535655041322158e-02,nan,1.094496645054599604e+01,1.000000000000000000e+00
1.477000000000000000e+03,2.908729242275813220e+01,2.519636024865382495e+01,-1.759469625507488130e-02,4.854098398897334619e+02,2.154072978249965686e-02,nan,7.799950071156088960e+00,1.000000000000000000e+00
1.477000000000000000e+03,6.141308134729074197e+01,4.589578968193115571e+01,-1.576653222012424195e-03,4.119278569741114637e+01,2.999335464772194815e-01,nan,1.657323204636491809e+01,1.000000000000000000e+00
1.478000000000000000e+03,7.962268946189915653e+01,1.467042164002594795e+01,-1.119371304229841053e-02,3.078959013365016517e+02,2.121597707095779217e-02,nan,1.299687746630835505e+01,1.000000000000000000e+00
1.478000000000000000e+03,1.140234989418350295e+02,5.179155936448144359e+01,-1.074485098863881688e-02,2.954479275856620575e+02,1.276599137478728885e-02,nan,3.027568364022209835e+01,1.000000000000000000e+00
1.479000000000000000e+03,9.250722625949042310e+01,1.637557130669760497e+01,-2.409918559357474011e-02,6.657942405939780883e+02,1.330747791773001509e-02,nan,1.117202367821941067e+01,1.000000000000000000e+00
1.479000000000000000e+03,2.787771604916627766e+01,4.908970297495021384e+01,-1.403272463505991731e-03,3.638453979381446857e+01,2.812359607086855062e-01,nan,1.813032003194439667e+01,1.000000000000000000e+00
1.481000000000000000e+03,9.799444741029124373e+01,2.610719589403651852e+01,-2.235387966870542101e-02,6.173929062356181703e+02,9.689752613319280172e-03,nan,1.117202367821941067e+01,1.000000000000000000e+00
1.482000000000000000e+03,2.420610648570404777e+01,8.913546408531251686e+00,-1.871414776281061718e-02,5.164547965084102543e+02,1.717301482477928687e-02,nan,1.582149600450319582e+01,1.000000000000000000e+00
1.482000000000000000e+03,1.074040571882590633e+01,1.721984755148339019e+01,-2.286091961828265462e-02,6.314542864113435598e+02,3.701301259715994441e-02,nan,1.582149600450319582e+01,1.000000000000000000e+00
1.482000000000000000e+03,6.339239476565802534e+01,1.973004059187591608e+01,-2.576186412622941818e-02,7.119041279453959987e+02,9.793638082550404356e-03,nan,1.685286008590241380e+01,1.000000000000000000e+00
1.482000000000000000e+03,1.386412695670470043e+02,3.039353154589105799e+01,-1.998615450159779011e-02,5.517304594124566393e+02,1.370182777782635863e-02,nan,2.369977348124172778e+01,1.000000000000000000e+00
1.483000000000000000e+03,1.579679981563405100e+01,3.557082848706839684e+01,-7.074601812721073406e-03,1.936635040007874693e+02,3.572470186891862909e-02,nan,1.813032003194439667e+01,1.000000000000000000e+00
1.483000000000000000e+03,1.233256988542510868e+02,1.230727829090437275e+01,-1.687919546143944877e-02,4.655673626180117139e+02,6.913139476359408953e-03,nan,6.740022669670135080e+00,1.000000000000000000e+00
1.484000000000000000e+03,8.258424248079015229e+01,2.297045250899246582e+01,-2.176562782187400208e-02,6.010793339731837932e+02,1.004639077269509073e-01,nan,6.747364773472092736e+00,1.000000000000000000e+00
1.484000000000000000e+03,4.912949532303525757e+01,3.038908885513199820e+01,-1.324941665798306384e-02,3.649052752386114662e+02,1.795606868099075548e-02,nan,1.780577463602163490e+01,1.000000000000000000e+00
1.486000000000000000e+03,7.997902575718605078e+01,1.674632387846548909e+01,-3.114148732269590020e-02,8.610934118090028733e+02,4.363663183455335215e-02,nan,6.747364773472092736e+00,1.000000000000000000e+00
1.488000000000000000e+03,6.234718568873876166e+01,4.607599977282076154e+00,-1.629556418406459106e-03,4.265991261241625665e+01,2.944868282402745008e-01,nan,2.140631687489617363e+01,1.000000000000000000e+00
1.489000000000000000e+03,9.167717899402216375e+00,1.099853650459944632e+01,-1.113372655729653361e-02,3.062323385901734127e+02,1.843471052150957856e-01,nan,9.852259985062449488e+00,1.000000000000000000e+00
1.490000000000000000e+03,4.279959940186771661e+01,1.875746197276825811e+01,-1.110818324610363637e-02,3.055239640135159220e+02,2.035711956817221058e-02,nan,1.458851118572473737e+01,1.000000000000000000e+00
1.490000000000000000e+03,1.395921909052943199e+01,1.960716840221762780e+01,-3.490655409548874821e-02,9.655073447217345119e+02,6.786755241560915586e-02,nan,9.852259985062449488e+00,1.000000000000000000e+00
1.491000000000000000e+03,3.875921827827468036e+01,3.277530699231847677e+01,-2.770929271085223813e-02,7.659107870188846618e+02,1.391374991042404474e-02,nan,8.034083182115622890e+00,1.000000000000000000e+00
1.491000000000000000e+03,1.110927098969901294e+02,4.605394854167042240e+01,-2.744801174020678261e-02,7.586648667240604027e+02,1.277372138000326673e-01,nan,5.408041850357466096e+00,1.000000000000000000e+00
1.491000000000000000e+03,9.755892745685696354e+01,4.835073573884465503e+01,-1.377073733521121807e-02,3.793626927302388481e+02,1.738895570471132856e-02,nan,1.372729028490183367e+01,1.000000000000000000e+00
1.494000000000000000e+03,1.152118815158929834e+02,1.916167754782367538e+01,-1.351055571349571958e-02,3.721472599014669527e+02,1.271257515544377270e-02,nan,9.730369203707253334e+00,1.000000000000000000e+00
1.494000000000000000e+03,5.292561189775383212e+01,4.778765128430075748e+01,-4.551211733611752741e-02,1.259623926321514091e+03,9.841872567088238988e-03,nan,1.260768362227316786e+01,1.000000000000000000e+00
1.494000000000000000e+03,1.127927989774925521e+02,4.092007926269825191e+01,-3.334510409298356570e-02,9.222047565747457156e+02,6.670493255199771987e-02,nan,5.408041850357466096e+00,1.000000000000000000e+00
1.495000000000000000e+03,4.432935369188904673e+01,3.856496018151316463e+01,-1.845346059787225310e-02,5.092253438071255118e+02,1.958803522560803589e-02,nan,8.034083182115622890e+00,1.000000000000000000e+00
1.497000000000000000e+03,1.058525036538199657e+02,1.650045022281138785e+01,-1.369264002161744986e-02,3.771968751885235065e+02,1.409392866807390732e-02,nan,9.730369203707253334e+00,1.000000000000000000e+00
1.497000000000000000e+03,3.803901941399755060e+01,2.602546379513819375e+01,-1.660209043831260486e-02,4.578826050717107705e+02,1.523006211918909170e-02,nan,1.402880162207476999e+01,1.000000000000000000e+00
1.497000000000000000e+03,8.626948243714160469e+01,2.226070578712069548e+01,-1.840044101705910718e-03,4.849721860704076448e+01,3.396688375448887465e-01,nan,1.522316137204367692e+01,1.000000000000000000e+00
1.498000000000000000e+03,2.293103736823741201e+01,1.188629432286207255e+01,-1.320096066522027066e-02,3.635614794753822707e+02,1.798887787093350621e-02,nan,2.069220227188869643e+01,1.000000000000000000e+00
1.498000000000000000e+03,5.449365622279306542e+00,4.810134755086120606e+01,-2.063845364514949043e-02,5.698202100394601075e+02,1.014813985774043470e-02,nan,2.524364877942267071e+01,1.000000000000000000e+00
1.501000000000000000e+03,1.008415039900885120e+02,2.666534311835848214e+01,-1.802220465273723839e-03,4.744828245921877397e+01,2.494826217325112339e-01,nan,1.133292394785478763e+01,1.000000000000000000e+00
1.502000000000000000e+03,3.016547703297531413e+01,4.296757306877588434e+01,-1.569749718100345954e-03,4.100133570785256865e+01,3.739501302655117154e-01,nan,6.348647301943084464e+00,1.000000000000000000e+00
1.503000000000000000e+03,8.057209237523083800e+01,1.546464323436704369e+01,-2.071061743092962246e-02,5.718214772524680711e+02,2.531571903927276601e-02,nan,7.790525067345426713e+00,1.000000000000000000e+00
1.504000000000000000e+03,2.240823764773446669e+01,2.621167036986845389e+01,-1.540107503963955918e-02,4.245756947745570642e+02,2.373881364742136402e-02,nan,9.270756293629272449e+00,1.000000000000000000e+00
1.504000000000000000e+03,9.756672148980257475e+01,5.039786074597576260e+01,-2.218247256339341000e-02,6.126393942596437228e+02,1.091179450978896348e-02,nan,2.197846525040073473e+01,1.000000000000000000e+00
1.505000000000000000e+03,4.888931036348719061e+01,7.584001324231621766e+00,-5.104037629566481049e-03,1.390152417423438749e+02,7.757213369629456512e-02,nan,1.055621977328841510e+01,1.000000000000000000e+00
1.505000000000000000e+03,1.389828363644996898e+02,9.888630446878888591e+00,-1.406041195744938722e-03,3.646132308603647232e+01,3.423035776434335542e-01,nan,6.728844198644337915e+00,1.000000000000000000e+00
1.506000000000000000e+03,2.435423567610762419e+01,4.558384841283922739e+00,-1.528201783081933364e-03,3.984911622239120277e+01,3.034612386374938575e-01,nan,1.469372649644289197e+01,1.000000000000000000e+00
1.507000000000000000e+03,1.041992773567325656e+02,2.944405112970012794e+01,-1.807690498917259234e-02,4.987825935353915270e+02,1.160792994800685651e-02,nan,2.075463634762148502e+01,1.000000000000000000e+00
1.507000000000000000e+03,3.343708296714486039e+01,4.840833746139350779e+01,-8.191432754708061897e-03,2.246357863236827654e+02,2.278250817811233730e-02,nan,6.348647301943084464e+00,1.000000000000000000e+00
1.507000000000000000e+03,1.259719893815459528e+02,1.862557412614795993e+01,-2.345211433013839886e-02,6.478494710673326153e+02,1.177454038512615320e-02,nan,5.054434342050735829e+00,1.000000000000000000e+00
1.507000000000000000e+03,4.216766231672072962e+01,2.376945765375651476e+01,-1.827534530926672174e-02,5.042857985301118333e+02,1.806727541571229168e-02,nan,6.970864851947798257e+00,1.000000000000000000e+00
1.507000000000000000e+03,4.474068005262787295e+01,1.729083615571941479e+01,-7.077768484508778490e-03,1.937513230689610850e+02,2.336289354936081919e-01,nan,6.970864851947798257e+00,1.000000000000000000e+00
1.508000000000000000e+03,7.285741000611373863e+01,1.654905863843102054e+01,-1.395575996733937167e-03,3.617109912630506585e+01,3.708473668005142221e-01,nan,7.790525067345426713e+00,1.000000000000000000e+00
1.508000000000000000e+03,1.377885720493846300e+01,2.282334992614466174e+01,-1.519848172648802015e-03,3.961745145467791929e+01,3.371789731563433756e-01,nan,7.056932249942128976e+00,1.000000000000000000e+00
1.511000000000000000e+03,1.497391215492897132e+01,1.586834191415959516e+01,1.376409039744372603e-03,-3.563955546930769458e+01,3.687949624709981888e-01,nan,7.056932249942128976e+00,1.000000000000000000e+00
1.512000000000000000e+03,1.240198658032456365e+02,2.328781822670145019e+01,-1.627336338238121946e-02,4.487662502137705474e+02,1.711942678235334192e-02,nan,5.054434342050735829e+00,1.000000000000000000e+00
1.513000000000000000e+03,1.519478987624400546e+01,4.911342480636583474e+01,-1.623390889416279417e-02,4.476720868072371218e+02,1.413451214950822710e-02,nan,2.632817696949993547e+01,1.000000000000000000e+00
1.514000000000000000e+03,1.076760365116655720e+02,6.326959288258986014e+00,-3.253051288460296481e-02,8.996142749403227299e+02,9.134745906078767241e-03,nan,1.872911140561121002e+01,1.000000000000000000e+00
1.514000000000000000e+03,1.121080220382943082e+02,2.452413264940355120e+01,-1.551162806959386492e-02,4.276415837347110482e+02,1.268766646343733040e-02,nan,1.197582962605894252e+01,1.000000000000000000e+00
1.514000000000000000e+03,4.388311104316585443e+01,4.628224439558842107e+01,-1.716045569413229485e-03,4.505845504363090015e+01,2.691899478170564075e-01,nan,2.046204806957943489e+01,1.000000000000000000e+00
1.516000000000000000e+03,4.436066137749596550e+01,2.582576970223129109e+01,-2.413900217167534376e-02,6.668984455830246816e+02,1.047658449590660457e-02,nan,2.046204806957943489e+01,1.000000000000000000e+00
1.517000000000000000e+03,1.069208717765039722e+02,4.684508576494886967e+01,-1.684006305820715584e-03,4.416993281515510716e+01,3.685757382475924882e-01,nan,2.291574733288800658e+01,1.000000000000000000e+00
1.517000000000000000e+03,8.596533447477207801e+01,1.008211603377956500e+01,-1.379049538677588026e-03,3.571278255799073520e+01,3.010366505926936886e-01,nan,1.381734271532259228e+01,1.000000000000000000e+00
1.517000000000000000e+03,6.533949339289350178e+01,3.500560451906836335e+01,-1.374080988854429726e-03,3.557499328114240456e+01,3.440624154588046713e-01,nan,1.231739768334987595e+01,1.000000000000000000e+00
1.519000000000000000e+03,7.206437901985025007e+01,4.532520717586399428e+01,-1.615553371596801721e-02,4.454985634431395169e+02,1.896739083833465234e-02,nan,1.231739768334987595e+01,1.000000000000000000e+00
1.520000000000000000e+03,2.766028023822399717e+01,4.305354196269559708e+01,-2.114101841264652559e-02,5.837574831568804257e+02,5.506430918220295290e-02,nan,7.073996453434828524e+00,1.000000000000000000e+00
1.521000000000000000e+03,7.270758076213870424e+01,1.563553842631652024e+01,-1.530938466091399117e-03,3.992501071600779738e+01,2.851015020180784898e-01,nan,3.372573319393676883e+00,1.000000000000000000e+00
1.524000000000000000e+03,3.314601531736760620e+01,4.751987563413818094e+01,-3.678251481884709656e-02,1.017532036164420674e+03,1.253730649979911682e-02,nan,7.073996453434828524e+00,1.000000000000000000e+00
1.524000000000000000e+03,8.704179562278342530e+01,5.801293985582565149e+00,-1.502473493966385420e-03,3.913561178388227546e+01,3.728010939854438099e-01,nan,1.738338515339387769e+01,1.000000000000000000e+00
1.525000000000000000e+03,1.296200965002413454e+02,1.278145068485139291e+01,-1.298714847612615804e-02,3.576319773137415154e+02,1.411169479332208265e-02,nan,1.354627790826521938e+01,1.000000000000000000e+00
1.525000000000000000e+03,1.955719844642628047e+01,1.814475378967956942e+01,-1.360768704023849899e-03,3.520581310477483328e+01,3.394619442505587559e-01,nan,2.363954146056229888e+01,1.000000000000000000e+00
1.526000000000000000e+03,4.010804966378582037e+01,6.461841708028191356e+00,-1.408645304047442641e-03,3.653354097910546017e+01,3.465028700046095533e-01,nan,2.137754045233501898e+01,1.000000000000000000e+00
1.526000000000000000e+03,6.271305996287220097e+01,3.918061250533288131e+01,-1.871218699891256509e-03,4.936176168155615329e+01,2.390197756269949458e-01,nan,2.494005100538810993e+01,1.000000000000000000e+00
1.526000000000000000e+03,1.311857679774175836e+02,2.623694465547584898e+01,-1.572957757400323927e-03,4.109030199197529498e+01,2.323131083001038766e-01,nan,1.354627790826521938e+01,1.000000000000000000e+00
1.529000000000000000e+03,1.130722181707894975e+02,4.473971329529588559e+01,-1.512167849797327844e-02,4.168273881659196149e+02,2.709416250207041799e-02,nan,9.393917592884420742e+00,1.000000000000000000e+00
1.531000000000000000e+03,2.578639241578815344e+01,4.573762080332924995e+01,-1.240495056148206189e-02,3.414862944693205122e+02,2.053757288467483733e-02,nan,2.059653963678551847e+01,1.000000000000000000e+00
1.532000000000000000e+03,5.593936587621769974e+01,2.072557613268231336e+01,-3.042623944566971370e-02,8.412579484946594448e+02,1.127135446141536157e-02,nan,2.757401251347993210e+01,1.000000000000000000e+00
1.532000000000000000e+03,1.216630466429435984e+02,4.093927201776904212e+01,-2.514040015508684986e-02,6.946695073380100212e+02,1.281593067314135137e-02,nan,9.393917592884420742e+00,1.000000000000000000e+00
1.532000000000000000e+03,5.190552696696922652e+00,4.556782305546141032e+01,-1.514609413099600108e-02,4.175044896417495579e+02,2.019192031780514540e-02,nan,1.431090574361337531e+01,1.000000000000000000e+00
1.533000000000000000e+03,1.350239315108981941e+02,3.071605489317954962e+01,-1.745761234953657759e-02,4.816081889283948385e+02,1.337194584902490213e-02,nan,1.682341858336877749e+01,1.000000000000000000e+00
1.533000000000000000e+03,9.514237291846539435e+00,3.192569071758064325e+01,-2.524053942874791498e-02,6.974465989629270553e+02,8.561780392853712840e-03,nan,1.431090574361337531e+01,1.000000000000000000e+00
1.535000000000000000e+03,9.249933854393412958e+01,5.173260123604904059e+00,-2.501441608364200764e-02,6.911756802221214002e+02,1.441629659730059299e-02,nan,2.402670133257781515e+01,1.000000000000000000e+00
1.536000000000000000e+03,9.858252147433047696e+01,4.755170518671351942e+01,-3.245820714048641698e-02,8.976090708972109269e+02,1.089344329470165462e-02,nan,1.345661944090403672e+01,1.000000000000000000e+00
1.538000000000000000e+03,1.157144954080951891e+02,1.136509900210393198e+01,-1.818804109835137767e-03,4.790818494041690201e+01,2.956510338584318331e-01,nan,2.402670133257781515e+01,1.000000000000000000e+00
1.539000000000000000e+03,8.573242539457035605e+01,4.355725434607847291e+01,-3.694343756225697273e-02,1.021994792749762155e+03,1.070936774092767774e-02,nan,1.345661944090403672e+01,1.000000000000000000e+00
1.540000000000000000e+03,5.334785639924882616e+01,2.105335778929201496e+01,-3.025014102679867908e-02,8.363743356389970813e+02,9.751834607137466193e-03,nan,1.213744987542399301e+01,1.000000000000000000e+00
1.540000000000000000e+03,4.046105022217349756e+01,3.277299541517079717e+01,-2.627227251236891395e-02,7.260589225890333864e+02,1.167454793990230222e-02,nan,9.125322014499506196e+00,1.000000000000000000e+00
1.542000000000000000e+03,9.085313252566913889e+01,2.356096193564341235e+01,-8.111869027756303183e-03,2.224293017778415162e+02,2.442029499961728689e-02,nan,8.478853326368419374e+00,1.000000000000000000e+00
1.542000000000000000e+03,1.060095049468971595e+01,3.565924677690821909e+01,-2.254536130525425230e-02,6.227031309830530290e+02,7.643261303873816193e-02,nan,6.144560664493654123e+00,1.000000000000000000e+00
1.542000000000000000e+03,1.131359628058726798e+02,4.781256087187435355e+01,-2.067653114724040536e-02,5.708761864639781152e+02,1.215136910532410575e-02,nan,2.773195803186509778e+01,1.000000000000000000e+00
1.543000000000000000e+03,1.409911237196766081e+02,3.446899917650009826e+01,-1.340774059478235664e-02,3.692959609589548791e+02,1.200813393630395520e-02,nan,1.333414547641962322e+01,1.000000000000000000e+00
1.544000000000000000e+03,6.421033984494596325e+01,2.646853487507467051e+01,-1.914925719616160718e-02,5.285213785706207545e+02,1.107983225829378693e-02,nan,1.213744987542399301e+01,1.000000000000000000e+00
1.544000000000000000e+03,1.499114995861155641e+01,3.995829020848960766e+01,-1.523161935607354918e-02,4.198763001971754534e+02,2.183819887790413583e-01,nan,5.747890845769773271e+00,1.000000000000000000e+00
1.546000000000000000e+03,4.420478810587943030e+01,4.726357980868542086e+01,-1.269361848883769975e-02,3.494917178574988270e+02,2.994233516401378914e-02,nan,2.173253471336441578e+01,1.000000000000000000e+00
1.546000000000000000e+03,1.924441506151859116e+01,5.916015898532862138e+00,1.115182386937913720e-03,-2.839514153268087782e+01,3.621393719998498018e-01,nan,1.095505759955372049e+01,1.000000000000000000e+00
1.547000000000000000e+03,8.238048476278956400e+01,2.323662628197493518e+01,-1.255223239776394242e-03,3.227879542136673052e+01,3.506900566762274352e-01,nan,8.478853326368419374e+00,1.000000000000000000e+00
1.547000000000000000e+03,6.693407504547165843e+01,4.322695665952617361e+01,-1.271621794240584665e-03,3.273356492985532640e+01,3.449519059916511532e-01,nan,1.697832247744639389e+01,1.000000000000000000e+00
1.548000000000000000e+03,1.383701957871460593e+02,4.754302580790952959e+01,-6.118091789795329812e-03,1.671372882943817331e+02,4.362331961803844749e-02,nan,1.333414547641962322e+01,1.000000000000000000e+00
1.548000000000000000e+03,1.091789071244435405e+02,4.377466326725339485e+01,-2.165173547801425586e-03,5.751380349681916471e+01,2.456269451709125473e-01,nan,2.087804971312990787e+01,1.000000000000000000e+00
1.549000000000000000e+03,8.135267149107181694e+01,5.836510481942478457e+00,-3.544314429009239736e-02,9.803882209350971380e+02,1.062450811030835052e-02,nan,1.743044548989090714e+01,1.000000000000000000e+00
1.550000000000000000e+03,4.607692588238146669e+01,2.561183241469009531e+01,-1.678992673800590654e-03,4.403089330563529558e+01,2.222126825299687303e-01,nan,4.809337799706968397e+00,1.000000000000000000e+00
1.551000000000000000e+03,1.263182074904660652e+02,3.185252659687488830e+01,-2.692493686962773095e-02,7.441588014293768083e+02,1.521148280192630153e-02,nan,7.821969588450611077e+00,1.000000000000000000e+00
1.552000000000000000e+03,9.160938569905346185e+01,3.063398927743029532e+01,-1.258122736889105697e-03,3.235920512331279753e+01,3.515085731769757027e-01,nan,1.146910377889035360e+01,1.000000000000000000e+00
1.553000000000000000e+03,2.942460442104255947e+01,1.867338693305336150e+01,-4.628933592968356714e-03,1.258395176456562581e+02,6.981826817009872954e-02,nan,1.804000653418433586e+01,1.000000000000000000e+00
1.555000000000000000e+03,1.199292735266679557e+02,3.636525648563105051e+01,-2.377442394157636835e-02,6.567878554776704050e+02,2.381374343191733356e-02,nan,7.821969588450611077e+00,1.000000000000000000e+00
1.557000000000000000e+03,1.030760673428080025e+02,3.086968732947921623e+01,-2.170031075452329931e-03,5.764851387431588137e+01,1.944096162819407558e-01,nan,1.146910377889035360e+01,1.000000000000000000e+00
1.558000000000000000e+03,3.900316645665477466e+01,5.065535287395358210e+01,-1.466242427061573844e-02,4.040912156146879397e+02,1.844806392369058301e-02,nan,1.214368779336438031e+01,1.000000000000000000e+00
1.559000000000000000e+03,1.194645499266288340e+02,1.830378093828129593e+01,-2.127157166397749752e-02,5.873780241057198737e+02,1.091193444754112729e-02,nan,1.806745325085819687e+01,1.000000000000000000e+00
1.559000000000000000e+03,8.279070267396090799e+01,3.366074438849251749e+01,-2.378555244474893533e-03,6.343136711674441841e+01,1.721210453273904761e-01,nan,1.625868713858361403e+01,1.000000000000000000e+00
1.560000000000000000e+03,6.711056275289325868e+01,1.784691246666822906e+01,-1.585467231130381974e-02,4.371549869760120828e+02,3.238867862958794142e-02,nan,8.769422995445850688e+00,1.000000000000000000e+00
1.560000000000000000e+03,3.248392994461252670e+01,4.040992908951390206e+01,-2.660448166495972891e-02,7.352718439699422106e+02,1.040627730352805536e-02,nan,1.214368779336438031e+01,1.000000000000000000e+00
1.561000000000000000e+03,7.580666999791603189e+01,1.897850358368749468e+01,-3.351034875346362019e-02,9.267873698283091244e+02,1.401260674911564141e-02,nan,4.374283579472898253e+00,1.000000000000000000e+00
1.561000000000000000e+03,1.274425435759680170e+01,1.919897453533571152e+01,-1.286194214286608692e-03,3.313769154456952748e+01,3.335855234604371278e-01,nan,1.193015049966119534e+01,1.000000000000000000e+00
1.562000000000000000e+03,1.837979055716593635e+01,3.695694304066109481e+01,-1.563912525892312754e-03,4.083945698633491617e+01,2.986823792684523138e-01,nan,1.452067011243263650e+01,1.000000000000000000e+00
1.562000000000000000e+03,1.134810532752743484e+02,3.808766357270577174e+01,1.312906450954167423e-03,-3.387848310436611143e+01,3.160806121986721173e-01,nan,1.266344792316079726e+01,1.000000000000000000e+00
1.563000000000000000e+03,1.398613162428492558e+02,9.066480327479490953e+00,-1.335179622483212468e-03,3.449616921144738768e+01,3.620884651367662910e-01,nan,1.535117201636636075e+01,1.000000000000000000e+00
1.563000000000000000e+03,5.891669782859392512e+01,1.171247147530097443e+01,-1.375205930542900551e-03,3.560619049305893924e+01,3.684333240478226967e-01,nan,1.023576028804063931e+01,1.000000000000000000e+00
1.563000000000000000e+03,2.912698201048635482e+01,1.843699337274603778e+01,1.303939633298495078e-03,-3.362981269461251088e+01,3.719688339226963070e-01,nan,1.608725651209341123e+01,1.000000000000000000e+00
1.565000000000000000e+03,1.112721622111667727e+02,1.703954753670082312e+01,-1.414495495604538950e-03,3.669578020237324978e+01,3.533371681431000111e-01,nan,2.051090016961946105e+01,1.000000000000000000e+00
1.566000000000000000e+03,7.883932400985308675e+01,1.582614470857058997e+01,-2.458513504290246732e-02,6.792707328484425489e+02,1.126516072186933837e-02,nan,4.374283579472898253e+00,1.000000000000000000e+00
1.568000000000000000e+03,6.834549070350175271e+01,4.932106927265329688e+01,-2.083745009125154840e-02,5.753388376832826907e+02,1.026855278470695243e-02,nan,2.317522847887231663e+01,1.000000000000000000e+00
1.568000000000000000e+03,1.461463616927941800e+01,2.537901327124068018e+01,-8.364856093604293094e-03,2.294452130791028424e+02,2.019298628035803844e-02,nan,1.608725651209341123e+01,1.000000000000000000e+00
1.569000000000000000e+03,4.985217545055459709e+01,1.390320452991847766e+01,-1.335042992984553610e-02,3.677066048372682303e+02,2.171226856042252074e-02,nan,1.277202670669932694e+01,1.000000000000000000e+00
1.569000000000000000e+03,1.380204615811717304e+02,1.699277286533627773e+01,-2.174404879215392425e-02,6.004808980097647009e+02,9.888831431862310506e-02,nan,7.235736195731458764e+00,1.000000000000000000e+00
1.569000000000000000e+03,7.121002813925518637e+01,2.493895818591063573e+01,-8.473638421538136345e-03,2.324619964129478547e+02,2.382673423812564639e-02,nan,1.188484433864880430e+01,1.000000000000000000e+00
1.569000000000000000e+03,1.312352389468466640e+02,1.233076924361333759e+01,-3.075703099777473901e-02,8.504315565642906449e+02,1.811358049474443010e-02,nan,8.232467671744299054e+00,1.000000000000000000e+00
1.570000000000000000e+03,4.647661091725139926e+01,4.165012982937353314e+01,-2.438441448259001318e-02,6.737042915650854411e+02,9.627711747970391087e-03,nan,1.403876668710250719e+01,1.000000000000000000e+00
1.570000000000000000e+03,3.376422211867137690e+01,4.760681860155529677e+01,-2.012422179481247742e-02,5.555593819684481787e+02,1.090961995584605049e-02,nan,1.403876668710250719e+01,1.000000000000000000e+00
1.570000000000000000e+03,6.863066078590466645e+01,7.725631962475084435e+00,-1.556871793063335785e-02,4.292248164581384344e+02,1.100255787075976599e-02,nan,1.303208009373993548e+01,1.000000000000000000e+00
1.570000000000000000e+03,1.753227292308395135e+01,4.147867193711041978e+01,-3.295943456699161611e-02,9.115092564831131767e+02,1.063917105070988356e-02,nan,1.636189516482322404e+01,1.000000000000000000e+00
1.571000000000000000e+03,8.514138285535256045e+01,3.313196861338442289e+01,-1.823310816477179824e-02,5.031144656858746771e+02,1.237711352984893765e-02,nan,1.616193256050843630e+01,1.000000000000000000e+00
1.571000000000000000e+03,1.290978301747313424e+02,3.899844503068997881e+01,-1.954689427754089433e-03,5.167659631934446196e+01,2.706003408350284856e-01,nan,1.345054710859661995e+01,1.000000000000000000e+00
1.572000000000000000e+03,3.721527985877251155e+01,1.205022422806976579e+01,-2.409858174133370362e-02,6.657774943870209654e+02,1.918273239464007851e-02,nan,5.428555167175558971e+00,1.000000000000000000e+00
1.576000000000000000e+03,5.290683729813075331e+01,5.158774762279842463e+01,-1.284372577470273844e-03,3.308717337960454330e+01,3.016240243903605123e-01,nan,2.656447899524099299e+01,1.000000000000000000e+00
1.577000000000000000e+03,4.260045758921737047e+01,1.136533590535633564e+01,-2.281854317107534502e-02,6.302790903835445988e+02,2.696984576467542638e-02,nan,5.428555167175558971e+00,1.000000000000000000e+00
1.577000000000000000e+03,9.248700574159003907e+01,1.232694110074242388e+01,-2.834420524628803589e-02,7.835183671445539630e+02,1.010596703841182276e-02,nan,3.294505612470749156e+01,1.000000000000000000e+00
1.577000000000000000e+03,8.939313843672584881e+01,4.512640311096477319e+01,-1.566819604372587937e-02,4.319835725847988215e+02,8.472961926672795130e-03,nan,1.570647646055866176e+01,1.000000000000000000e+00
1.578000000000000000e+03,3.259748849774326374e+01,8.078880319620022732e+00,-1.561817377896240581e-02,4.305963405083589350e+02,2.420240466792000777e-02,nan,1.052901614406606079e+01,1.000000000000000000e+00
1.578000000000000000e+03,1.377831017006867285e+02,1.302876201397828382e+01,-3.581029473973079864e-03,9.677873413700531557e+01,8.381459154687820323e-02,nan,1.108539482291602241e+01,1.000000000000000000e+00
1.578000000000000000e+03,4.335196122914396000e+01,2.680114060217328742e+01,-1.546030153514100190e-02,4.262181812697850773e+02,2.014984463774294188e-02,nan,1.545408762622689380e+01,1.000000000000000000e+00
1.579000000000000000e+03,1.030142109220957423e+02,5.294687542115055834e+01,-8.824585510716095524e-03,2.421945637315785120e+02,3.362747503490093326e-02,nan,1.570647646055866176e+01,1.000000000000000000e+00
1.580000000000000000e+03,1.271136612379313249e+02,1.002060334268930042e+01,-1.436656484349035402e-03,3.731035522366330781e+01,3.572590490215623582e-01,nan,1.108539482291602241e+01,1.000000000000000000e+00
1.582000000000000000e+03,1.256078266422198340e+02,5.197379744877797236e+01,-1.326260087111288781e-03,3.424881004781535410e+01,3.716976179643521894e-01,nan,2.261456062029406766e+01,1.000000000000000000e+00
1.583000000000000000e+03,8.087280979947287562e+01,2.239411514810915094e+01,-1.617941306456734812e-02,4.461607925224926703e+02,1.449653061880273874e-02,nan,2.127138949196783102e+01,1.000000000000000000e+00
1.584000000000000000e+03,1.020501438320528820e+02,2.439224782426660099e+01,-1.353492953892988793e-02,3.728232019570236275e+02,1.663698547740000144e-02,nan,2.116295867483610849e+01,1.000000000000000000e+00
1.584000000000000000e+03,7.871788414135671985e+01,4.398891286601411110e+01,-1.815526872275913944e-02,5.009557995142664026e+02,9.451387842938752115e-03,nan,2.170205043467645822e+01,1.000000000000000000e+00
1.586000000000000000e+03,1.029795007037989620e+02,4.553479061546745754e+01,-3.253707581458806924e-02,8.997962800341307457e+02,9.246618661048255916e-03,nan,2.116295867483610849e+01,1.000000000000000000e+00
1.588000000000000000e+03,1.305528052903442813e+02,5.156235816741290279e+01,-2.518330515634142550e-02,6.958593613812340664e+02,9.936925319242839727e-03,nan,1.222872695121788489e+01,1.000000000000000000e+00
1.590000000000000000e+03,7.146652771969019113e+01,8.127895830388505161e+00,-2.210645082848610582e-02,6.105311372731061965e+02,1.188833254564669595e-02,nan,2.550018557670199826e+01,1.000000000000000000e+00
1.591000000000000000e+03,2.388755395383380176e+01,3.085275582719933141e+01,-9.295644827813236838e-03,2.552581184841051538e+02,5.740851139594116415e-02,nan,1.067110693180694092e+01,1.000000000000000000e+00
1.591000000000000000e+03,5.590733744839013752e+01,4.605172206603576512e+01,-2.889093915634001909e-03,7.758977486265008849e+01,1.636161297655448488e-01,nan,2.470523849544082040e+01,1.000000000000000000e+00
1.592000000000000000e+03,3.087106417162239680e+01,3.892140554001376529e+01,-2.293705745138906876e-02,6.335657630670940534e+02,1.284286094929310007e-02,nan,1.067110693180694092e+01,1.000000000000000000e+00
1.593000000000000000e+03,1.194604886061963072e+02,4.641432228700033846e+01,-1.152132639126283130e-02,3.169813705471079857e+02,2.314413797308145782e-02,nan,1.222872695121788489e+01,1.000000000000000000e+00
1.594000000000000000e+03,1.339077952760177936e+02,4.946352864557844242e+01,-2.035181510106353828e-02,5.618710661016508539e+02,1.166266247863712024e-02,nan,1.476557921075436575e+01,1.000000000000000000e+00
1.595000000000000000e+03,8.726894104898313742e+00,2.468464243091631971e+01,-1.251454320191154775e-02,3.445255496262869315e+02,1.450233837822068050e-02,nan,1.636738311168069870e+01,1.000000000000000000e+00
1.599000000000000000e+03,7.925920285205612004e+01,1.668392157026636724e+01,-1.272290433049315557e-02,3.503038813835224232e+02,2.099774742072590961e-02,nan,1.543231028083472189e+01,1.000000000000000000e+00
1.599000000000000000e+03,1.189074202797993678e+02,3.076007830363591466e+01,-1.700211930580847533e-02,4.689763226216087446e+02,2.015766235287352881e-02,nan,8.762073074016738516e+00,1.000000000000000000e+00
1.600000000000000000e+03,1.285280748453666320e+02,3.797176642711465888e+01,-2.701948043551420306e-02,7.467807112497112030e+02,3.313974963376375982e-02,nan,6.108838793200508377e+00,1.000000000000000000e+00
1.601000000000000000e+03,8.980470350817773806e+01,2.795106923574477875e+01,-2.000748930430461606e-02,5.523221224009153048e+02,9.897578833131914777e-03,nan,1.543231028083472189e+01,1.000000000000000000e+00
1.601000000000000000e+03,5.830106182334125009e+01,4.274917428718559620e+01,-2.575457767055674280e-02,7.117020578256106091e+02,1.179383726865046444e-02,nan,1.222345067472541125e+01,1.000000000000000000e+00
1.602000000000000000e+03,1.322213935481171632e+02,1.466115230231844180e+01,-1.446016562118075015e-03,3.756993163789765333e+01,3.043187219238043806e-01,nan,2.070683250506570516e+01,1.000000000000000000e+00
1.602000000000000000e+03,2.527039025341050049e+01,4.275227367880577845e+01,-1.607795842592116492e-03,4.205644195961405529e+01,2.875352275116991319e-01,nan,6.229050956752987034e+00,1.000000000000000000e+00
1.603000000000000000e+03,1.305652649884092114e+02,4.373091286755195739e+01,-1.672818152892448923e-02,4.613794000744395021e+02,1.051532597713589201e-01,nan,6.108838793200508377e+00,1.000000000000000000e+00
1.604000000000000000e+03,1.136252477587901524e+02,2.376918579890489980e+01,-5.589371820687501560e-03,1.524746714762752333e+02,7.220245632828525828e-02,nan,8.762073074016738516e+00,1.000000000000000000e+00
1.604000000000000000e+03,6.606576858876540825e+01,3.330872539720046888e+01,-6.967586932571635805e-03,1.906957360458253277e+02,2.986676201004134779e-02,nan,1.222345067472541125e+01,1.000000000000000000e+00
1.604000000000000000e+03,3.854603641482805898e+01,3.648212883208572066e+01,-1.467198133191700360e-03,3.815734516188868497e+01,3.115538104786822471e-01,nan,1.146104766755448701e+01,1.000000000000000000e+00
1.605000000000000000e+03,6.155166576491940589e+01,1.323899229637773090e+01,-2.114487804770557450e-02,5.838645196851659875e+02,1.034038292058325759e-02,nan,2.057112809358092420e+01,1.000000000000000000e+00
1.606000000000000000e+03,2.553000712315346021e+01,3.652863528131109661e+01,-1.463605785075098014e-03,3.805772111326447771e+01,3.267616708752405508e-01,nan,6.229050956752987034e+00,1.000000000000000000e+00
1.607000000000000000e+03,4.838177849784019990e+00,3.090340199326201898e+01,-2.492973795821408489e-02,6.888273616819303697e+02,1.065481670770385136e-02,nan,2.144283209427439019e+01,1.000000000000000000e+00
1.607000000000000000e+03,1.424849050586786916e+02,4.275361146569066051e+01,-2.864778243323306411e-02,7.919372584801785706e+02,1.112075432687209542e-02,nan,1.195963784714461475e+01,1.000000000000000000e+00
1.608000000000000000e+03,1.145412330269344636e+02,4.746735900096567207e+01,-2.436859556501399030e-02,6.732655967163059358e+02,8.564589251730869712e-03,nan,8.243284883623447357e+00,1.000000000000000000e+00
1.608000000000000000e+03,3.339243319852518255e+01,4.671911996849239301e+01,-3.804414027531935819e-03,1.029736999096131882e+02,6.037108872695451378e-02,nan,6.489303095467465532e+00,1.000000000000000000e+00
1.609000000000000000e+03,1.133591649956392757e+02,3.930926726073838040e+01,-4.200509345593799945e-03,1.139583311161615455e+02,3.282294464829439429e-01,nan,8.243284883623447357e+00,1.000000000000000000e+00
1.610000000000000000e+03,1.390086379827616838e+02,2.824154474951765081e+01,-2.359583917391925439e-02,6.518352904702898059e+02,1.126747940169248174e-02,nan,1.472860126873312936e+01,1.000000000000000000e+00
1.610000000000000000e+03,1.245726409618472417e+02,3.116279197381696875e+01,-8.902874982274341584e-03,2.443657102541652080e+02,6.231558432698214300e-02,nan,7.536994222767968488e+00,1.000000000000000000e+00
1.611000000000000000e+03,9.702821282150036097e+01,2.664978076931945239e+01,-1.534943654252911467e-02,4.231436408699713070e+02,1.474386726830012595e-02,nan,1.434668939807104238e+01,1.000000000000000000e+00
1.611000000000000000e+03,5.759623167260890853e+01,3.103750252830105438e+01,-1.482044541805337644e-02,4.084735042918970862e+02,1.125913492024932516e-02,nan,1.871762737159691881e+01,1.000000000000000000e+00
1.611000000000000000e+03,6.284609949010754093e+01,1.307118787223576639e+01,-1.572723983007319687e-03,4.108381889213647042e+01,2.722605030802112136e-01,nan,1.871762737159691881e+01,1.000000000000000000e+00
1.612000000000000000e+03,1.301877092956148090e+02,5.288454942161805405e+01,-8.978110927561896298e-03,2.464521754931478199e+02,2.689421662006352687e-02,nan,1.500015395168364840e+01,1.000000000000000000e+00
1.613000000000000000e+03,1.274168268521712548e+02,3.814254043169992769e+01,-2.262532990923526305e-02,6.249208436970839102e+02,1.296620560585548532e-02,nan,7.536994222767968488e+00,1.000000000000000000e+00
1.613000000000000000e+03,1.048616551442340779e+02,5.158686445492855910e+01,-3.725945724783672353e-03,1.007975939881621485e+02,9.669006101939980891e-02,nan,5.568672167407585860e+00,1.000000000000000000e+00
1.614000000000000000e+03,1.256970196880081829e+02,2.057226276382809615e+01,-1.627400913472730470e-02,4.487841584066953260e+02,1.472712002922904606e-02,nan,1.065004866033347497e+01,1.000000000000000000e+00
1.614000000000000000e+03,9.161989247082169641e+01,3.993803000197456043e+01,-9.177272899465700046e-03,2.519753935469157113e+02,2.789719355372433096e-02,nan,1.229929079922795054e+01,1.000000000000000000e+00
1.615000000000000000e+03,7.376772058182805836e+01,4.484824975575664752e+01,-1.288499068673334448e-02,3.547989076201960756e+02,1.875173156888954029e-02,nan,1.851513702851281806e+01,1.000000000000000000e+00
1.615000000000000000e+03,1.649741616223153784e+01,3.652103006801533525e+01,-1.669097477239808464e-03,4.375647682056207088e+01,2.981708869436852094e-01,nan,9.117365656908571481e+00,1.000000000000000000e+00
1.616000000000000000e+03,2.005570288258259737e+01,4.491537055059936989e+01,-1.530871968529375895e-03,3.992316658616921643e+01,3.159891550977844688e-01,nan,9.117365656908571481e+00,1.000000000000000000e+00
1.617000000000000000e+03,1.930156667521752922e+01,1.410315429955311473e+01,-4.342876298182112016e-02,1.201847734049207475e+03,9.927331610647072146e-03,nan,1.725844190241664222e+01,1.000000000000000000e+00
1.620000000000000000e+03,3.159095853334678594e+01,4.191908691848654200e+01,-2.094607287982165958e-02,5.783511966248322551e+02,1.382451174750287670e-02,nan,1.191804675828025140e+01,1.000000000000000000e+00
1.622000000000000000e+03,5.729972299112518641e+01,6.355842545915920461e+00,-8.354714902748465455e-03,2.291639746082934153e+02,2.663075433915362833e-02,nan,1.015527273578897827e+01,1.000000000000000000e+00
1.622000000000000000e+03,4.789530406870605361e+01,1.018813547181601464e+01,-1.641606045376320855e-03,4.299407639170065920e+01,3.171317530493750203e-01,nan,9.002545785809678236e+00,1.000000000000000000e+00
1.622000000000000000e+03,1.153944000122626434e+01,2.951753740092969380e+01,-2.937407241018495652e-02,8.120789445391463914e+02,1.311490417929461749e-02,nan,1.725844190241664222e+01,1.000000000000000000e+00
1.622000000000000000e+03,8.214594901513906677e+01,3.154876345494174217e+01,-2.785747759640725546e-02,7.700202936047518278e+02,9.077322029125145519e-03,nan,1.090653311464095410e+01,1.000000000000000000e+00
1.624000000000000000e+03,1.027453948839694533e+02,2.346013696286815886e+01,-1.467106945134865042e-03,3.815481630802673862e+01,2.423107999940561363e-01,nan,1.774189452889028829e+01,1.000000000000000000e+00
1.625000000000000000e+03,2.958369514865653827e+01,2.809393539646683990e+01,-1.768606391862567045e-02,4.879436746576379846e+02,1.151410396283381044e-02,nan,1.118053189661435631e+01,1.000000000000000000e+00
1.626000000000000000e+03,4.174222278097288097e+01,1.675969702841330999e+01,-1.385419281612619569e-02,3.816771045352099350e+02,1.590047684121120852e-02,nan,9.002545785809678236e+00,1.000000000000000000e+00
1.626000000000000000e+03,1.341624151177643682e+02,3.478879999763326225e+01,-7.962903273151574618e-03,2.182981399031067156e+02,3.295099328330319821e-02,nan,1.441652651955416253e+01,1.000000000000000000e+00
1.626000000000000000e+03,2.931559105073010230e+01,1.691661846958827553e+01,-5.479568666238652554e-03,1.494295782829548216e+02,6.035259567345352405e-02,nan,1.118053189661435631e+01,1.000000000000000000e+00
1.628000000000000000e+03,5.507745457831088487e+01,4.985334409816646684e+01,-2.049461847337616122e-03,5.430485277733851035e+01,1.724294739510130459e-01,nan,1.583560265890044150e+01,1.000000000000000000e+00
1.629000000000000000e+03,1.200144561574699509e+02,1.939143395007003434e+01,-1.683935485763343037e-02,4.644624913410759177e+02,2.853839578413308598e-02,nan,6.982532364369604672e+00,1.000000000000000000e+00
1.629000000000000000e+03,8.195888508470041245e+01,4.952536307893998213e+01,-2.561115612102076583e-02,7.077246494673569259e+02,1.054464790161591115e-02,nan,2.555950314857285477e+01,1.000000000000000000e+00
1.629000000000000000e+03,6.318784467444437070e+01,1.303504374724007597e+01,1.757403904861855196e-03,-4.620541649837072384e+01,2.003805581617066345e-01,nan,1.897830324223733811e+01,1.000000000000000000e+00
1.630000000000000000e+03,4.611508252563219656e+01,4.746691283426624608e+00,-2.702327172446545786e-02,7.468858523837462826e+02,1.031788664189248195e-02,nan,1.278413897669862820e+01,1.000000000000000000e+00
1.631000000000000000e+03,5.221686923540708847e+01,3.427825619900715992e+01,-2.482866513625242230e-02,6.860243806225063281e+02,1.186986721860472382e-02,nan,1.583560265890044150e+01,1.000000000000000000e+00
1.631000000000000000e+03,1.126950766652817038e+02,1.419744783700754986e+01,-4.970073367910623173e-03,1.353001056575560312e+02,1.061907547276356167e-01,nan,8.975010189038885144e+00,1.000000000000000000e+00
1.631000000000000000e+03,1.229499819185277119e+02,2.572692499067890282e+01,-1.473700117163586308e-02,4.061594040452953891e+02,5.114256933781058390e-02,nan,6.982532364369604672e+00,1.000000000000000000e+00
1.633000000000000000e+03,3.039772187883334453e+01,2.353869560069971456e+01,-2.370967423006248992e-02,6.549921975406098227e+02,1.058744073896422666e-02,nan,1.634619755817278275e+01,1.000000000000000000e+00
1.633000000000000000e+03,1.008978316983286589e+02,3.236131628431591167e+01,-1.258119947831391749e-02,3.463740809784485464e+02,1.552477025433063318e-02,nan,1.122995830416537544e+01,1.000000000000000000e+00
1.635000000000000000e+03,8.330422385861615453e+01,1.232506444605480489e+01,-8.025214266154379050e-03,2.200261665851658961e+02,3.045940282251580200e-02,nan,2.046138621445961547e+01,1.000000000000000000e+00
1.638000000000000000e+03,4.036151399275076557e+01,1.058026123070536784e+01,-3.483141318777608492e-02,9.634235150925744620e+02,1.015570541716237507e-02,nan,1.634619755817278275e+01,1.000000000000000000e+00
1.638000000000000000e+03,8.968363448266485705e+01,3.176655219537719788e+01,-4.224397539816447666e-02,1.168990858264240160e+03,9.862106042507368109e-03,nan,1.122995830416537544e+01,1.000000000000000000e+00
1.639000000000000000e+03,1.329610675920103802e+02,1.942644220068784833e+01,-1.835757240328604947e-02,5.065661443504263843e+02,1.301318071906887308e-02,nan,1.500536498477452696e+01,1.000000000000000000e+00
1.639000000000000000e+03,1.110212892529867190e+02,4.693840878097848446e+01,-1.451152816536423803e-03,3.771237174762839572e+01,2.738341831136442694e-01,nan,2.344886302222954200e+01,1.000000000000000000e+00
1.640000000000000000e+03,1.403364641310289187e+02,4.157753101794508410e+01,-1.328202221125858971e-02,3.658095019781993642e+02,1.608796911610232971e-02,nan,1.205307606152618405e+01,1.000000000000000000e+00
1.640000000000000000e+03,5.435491375945172621e+00,4.902237453141921009e+01,-1.703130401436400709e-02,4.697856814949267346e+02,1.892511732145940595e-02,nan,2.563991708118116364e+01,1.000000000000000000e+00
1.643000000000000000e+03,6.722459693327178343e+01,4.846232643747509883e+01,-1.307295889050905796e-03,3.372288936074298249e+01,3.132880100978315818e-01,nan,2.798494676050229302e+01,1.000000000000000000e+00
1.644000000000000000e+03,2.230489559867788074e+01,2.971360582132550832e+01,-1.306854485743375515e-03,3.371064823512126196e+01,2.876745130714082332e-01,nan,1.938237392578438545e+01,1.000000000000000000e+00
1.645000000000000000e+03,1.077953691796611935e+02,3.133998768589977857e+01,-3.108887724589624174e-02,8.596344137723176573e+02,1.718477859816780473e-02,nan,8.833691021370722041e+00,1.000000000000000000e+00
1.646000000000000000e+03,7.503883291918453047e+00,1.011065403398483298e+01,-1.495691469987954318e-02,4.122581103286915436e+02,1.143031265839300481e-02,nan,1.403874829239556021e+01,1.000000000000000000e+00
1.646000000000000000e+03,1.149507544653210687e+02,2.615977934310044262e+01,-2.172785271326880749e-02,6.000317436132529565e+02,4.791144722311380111e-02,nan,8.833691021370722041e+00,1.000000000000000000e+00
1.646000000000000000e+03,1.391499611281789726e+02,1.836777538568886925e+01,-4.487067873841850407e-03,1.219052560313519535e+02,1.688012373473471994e-01,nan,1.798185287182985448e+01,1.000000000000000000e+00
1.648000000000000000e+03,2.117452338764157460e+01,4.906299024728188840e+01,-2.219952520604712154e-02,6.131123031331053426e+02,1.449203343968930024e-02,nan,1.870357467969919441e+01,1.000000000000000000e+00
1.651000000000000000e+03,4.341586367287919757e+01,2.063321245722520914e+01,-2.153540190430030740e-02,5.946946414928218019e+02,1.277927505889486781e-02,nan,1.421367301156421092e+01,1.000000000000000000e+00
1.651000000000000000e+03,9.767630013372091469e+00,2.396568576972427778e+01,-1.168823384684525464e-02,3.216100969207681715e+02,1.329936959150790354e-02,nan,1.403874829239556021e+01,1.000000000000000000e+00
1.651000000000000000e+03,2.569533577372253674e+01,3.091399685456333302e+01,-4.242502519577916707e-03,1.151228980988389168e+02,5.587953755955543667e-02,nan,1.737730812640433342e+01,1.000000000000000000e+00
1.653000000000000000e+03,1.182707820911788055e+01,9.034466166328531500e+00,-1.916547712329231060e-02,5.289711943336538980e+02,1.190413310296256633e-02,nan,1.507257926553348781e+01,1.000000000000000000e+00
1.653000000000000000e+03,8.191264259848983897e+01,1.932728735469605752e+01,-1.513179483815850664e-02,4.171079374706638419e+02,2.049949160785691227e-02,nan,1.112047594466974942e+01,1.000000000000000000e+00
1.654000000000000000e+03,4.978297247233758327e+01,3.965659816660044612e+01,-8.708345596240191916e-03,2.389709644266276314e+02,1.742520253032786570e-02,nan,1.415787474495330223e+01,1.000000000000000000e+00
1.654000000000000000e+03,1.051725404541459739e+02,4.974622308879922628e+01,-1.475762946738658037e-02,4.067314739762149998e+02,1.342173246246414209e-02,nan,3.062841632951035109e+01,1.000000000000000000e+00
1.655000000000000000e+03,5.745360958299431786e+01,2.286260480553786678e+01,-1.958352525752790618e-02,5.405646274588755205e+02,1.361640676048947451e-02,nan,1.421367301156421092e+01,1.000000000000000000e+00
1.656000000000000000e+03,3.147019927911858161e+01,6.615477117253631079e+00,-3.454808866288949787e-02,9.555662765044535263e+02,9.795328119710178250e-03,nan,1.782806466947446822e+01,1.000000000000000000e+00
1.657000000000000000e+03,2.560299942774284787e+01,2.734019208747817942e+01,-2.221736559954626267e-02,6.136070581434061069e+02,1.644957594405416224e-02,nan,1.698332253978960793e+01,1.000000000000000000e+00
1.658000000000000000e+03,9.279361422938313808e+01,2.162281378749393923e+01,-1.533279213385134107e-02,4.226820532605265726e+02,1.586046371467864091e-02,nan,1.112047594466974942e+01,1.000000000000000000e+00
1.658000000000000000e+03,1.266818446212770084e+02,2.794141350238788490e+01,-1.727326024215985328e-02,4.764956823691351815e+02,1.532392453313868863e-02,nan,8.730297500946123890e+00,1.000000000000000000e+00
1.658000000000000000e+03,3.568935606447921316e+01,4.100396368565304073e+01,-2.701436870088948922e-02,7.466389511300687900e+02,1.085182782573623772e-02,nan,1.415787474495330223e+01,1.000000000000000000e+00
1.659000000000000000e+03,4.884217263932084307e+01,1.062227526931803645e+01,-1.034126492932076029e-02,2.842555609517787616e+02,2.678866710402727502e-02,nan,1.073619949191285805e+01,1.000000000000000000e+00
1.661000000000000000e+03,1.075561901249708541e+02,5.230958374508413300e+01,-1.809253008642298238e-02,4.992159133022137780e+02,1.410380759289242558e-02,nan,2.296706810914621855e+01,1.000000000000000000e+00
1.661000000000000000e+03,1.239626735648339206e+02,3.623744889411737802e+01,-1.410249707592488994e-02,3.885631508895312436e+02,2.235132185871846477e-02,nan,8.730297500946123890e+00,1.000000000000000000e+00
1.662000000000000000e+03,4.028374899829383082e+01,1.710450978458048965e+01,-2.333819859535083557e-02,6.446903265932519389e+02,1.422413301990410606e-02,nan,1.006176309714536998e+01,1.000000000000000000e+00
1.663000000000000000e+03,1.307503122529306836e+02,1.866216907408630377e+01,-2.092339218114359564e-02,5.777222088556648032e+02,1.625306349630328828e-02,nan,1.013196950399968443e+01,1.000000000000000000e+00
1.663000000000000000e+03,1.388844531960831148e+02,5.093351128447770293e+01,-1.762418040491617321e-02,4.862275029563657540e+02,1.280078804256046254e-02,nan,2.094358510725722411e+01,1.000000000000000000e+00
1.665000000000000000e+03,6.752737650371648215e+01,4.572587862338438214e+01,-3.222916506897385847e-02,8.912572091820558171e+02,8.522764093371126837e-02,nan,4.651730181047483370e+00,1.000000000000000000e+00
1.665000000000000000e+03,4.962113780225776338e+01,1.335587710763208058e+01,-1.633584901594860306e-02,4.504991200790436778e+02,1.447410178196928410e-02,nan,1.006176309714536998e+01,1.000000000000000000e+00
1.667000000000000000e+03,1.077877175172579740e+02,3.243226115203478344e+01,-1.816821554497948313e-02,5.013148445746401194e+02,1.059347977730717982e-02,nan,1.234216932759390062e+01,1.000000000000000000e+00
1.668000000000000000e+03,8.649196431525075468e+01,1.649701828278658766e+01,-9.198070087836294692e-03,2.525521472573658173e+02,2.644084262100232507e-02,nan,4.345371069796488683e+00,1.000000000000000000e+00
1.668000000000000000e+03,1.175732237002713276e+02,2.491075781472201456e+01,-8.365869538310879983e-03,2.294733182241082261e+02,2.804646349612471834e-02,nan,1.234216932759390062e+01,1.000000000000000000e+00
1.668000000000000000e+03,7.067089466914660534e+01,4.229704686593711926e+01,-2.284058492651215924e-02,6.308903587918739504e+02,1.806000615415457311e-01,nan,4.651730181047483370e+00,1.000000000000000000e+00
1.669000000000000000e+03,7.938251366047686020e+01,3.601634484593223107e+01,-1.102419773816384028e-02,3.031948533440755114e+02,3.151222927900798609e-02,nan,1.073962398383665295e+01,1.000000000000000000e+00
1.671000000000000000e+03,6.220150314477069742e+01,4.024798676717178125e+01,-2.239317105540489933e-02,6.184825464631256864e+02,1.017472094550120332e-02,nan,8.713738582349293438e+00,1.000000000000000000e+00
1.671000000000000000e+03,9.056888798291386422e+01,4.896101939982045792e+01,-1.925735135290121067e-02,5.315190773396375334e+02,1.580978605121630132e-02,nan,9.574261478074275189e+00,1.000000000000000000e+00
1.673000000000000000e+03,8.644470808949213847e+01,2.084213238754279374e+01,-1.406674919670495693e-03,3.647889770328535519e+01,3.001555558740474083e-01,nan,4.345371069796488683e+00,1.000000000000000000e+00
1.674000000000000000e+03,9.880225872967908174e+01,4.407449824496521984e+01,-2.225290323416752661e-02,6.145925982204204274e+02,1.152466031092547194e-02,nan,7.694112511431572266e+00,1.000000000000000000e+00
1.674000000000000000e+03,3.981383316540416928e+01,1.867719087581624393e+01,-1.448933132159271713e-03,3.765081481128979846e+01,3.015929514988843207e-01,nan,1.246197452295450958e+01,1.000000000000000000e+00
1.675000000000000000e+03,2.181715706368790464e+01,4.870211201538569412e+01,-1.433943781353513337e-02,3.951340607230313253e+02,3.693764051030601347e-02,nan,9.278443203064023592e+00,1.000000000000000000e+00
1.676000000000000000e+03,9.793640922441078089e+01,3.212224327525508727e+01,-1.414701841769029807e-02,3.897978297605329772e+02,3.394144590615200130e-02,nan,1.198357601998393029e+01,1.000000000000000000e+00
1.676000000000000000e+03,1.268572675428327479e+01,4.705697105578028072e+01,-2.552971660169359169e-02,7.054661448987473022e+02,1.368432357167492786e-02,nan,6.582952964997915046e+00,1.000000000000000000e+00
1.676000000000000000e+03,4.227514733461603669e+01,5.236116089739832091e+01,-2.002242940545956307e-02,5.527364456556778123e+02,1.487998122753053654e-02,nan,1.356312911541862043e+01,1.000000000000000000e+00
1.679000000000000000e+03,3.260167863526372400e+01,4.285419110023543254e+01,-1.642636085615154645e-02,4.530092209035631186e+02,1.232837063500813457e-02,nan,1.226801061939693760e+01,1.000000000000000000e+00
1.679000000000000000e+03,1.060750177533813883e+02,4.658574166640499215e+01,-2.130593126844682744e-02,5.883308947060219225e+02,1.165259651181604905e-02,nan,7.694112511431572266e+00,1.000000000000000000e+00
1.679000000000000000e+03,6.152975610435394316e+01,3.784057259659727634e+01,-1.750989408672404182e-03,4.602752781399621540e+01,2.513416459198360986e-01,nan,2.411612413877960037e+01,1.000000000000000000e+00
1.680000000000000000e+03,4.343348362787484973e+01,5.542348723892431828e+00,-1.428057237099516867e-02,3.935015870541282652e+02,1.528311733061338273e-02,nan,1.212719739238711725e+01,1.000000000000000000e+00
1.680000000000000000e+03,7.886362738158733521e+01,2.026704206887960424e+01,-1.642448591231085789e-02,4.529572244126081273e+02,1.927842943388291541e-02,nan,1.898892468704550751e+01,1.000000000000000000e+00
1.680000000000000000e+03,1.211870616247811796e+02,2.922439718907006778e+01,-1.472346687630479017e-02,4.057840670087967396e+02,2.189246669264155454e-02,nan,7.375593551595754249e+00,1.000000000000000000e+00
1.680000000000000000e+03,6.137096250817659637e+00,4.638562295795432533e+01,-1.668562816351272862e-02,4.601992976992515310e+02,1.314431204150871002e-01,nan,4.846562914891619833e+00,1.000000000000000000e+00
1.680000000000000000e+03,3.698461982520501579e+01,2.090723703208104922e+01,-1.077925230981245175e-03,2.736191518708458759e+01,3.418677457549966769e-01,nan,1.030090674354426206e+01,1.000000000000000000e+00
1.682000000000000000e+03,5.497359074071885487e+01,9.269927618833229133e+00,-2.225874538365569047e-02,6.147546144186804895e+02,1.206376970094535928e-02,nan,1.036755864642636560e+01,1.000000000000000000e+00
1.683000000000000000e+03,1.237079220219650182e+02,7.620857933004254292e+00,-1.584842726024134063e-02,4.369817973934563042e+02,2.468285968375886208e-01,nan,1.609677562553615715e+01,1.000000000000000000e+00
1.683000000000000000e+03,9.068300975482455328e+01,3.512912338629593734e+01,-1.968107123852203422e-03,5.204869979181293616e+01,2.261294862592120314e-01,nan,1.898892468704550751e+01,1.000000000000000000e+00
1.685000000000000000e+03,1.259171823768694907e+02,2.356530380682195513e+01,-1.275067149582850834e-02,3.510739285336694024e+02,2.607251743538174793e-02,nan,7.375593551595754249e+00,1.000000000000000000e+00
1.685000000000000000e+03,9.744832753643056122e+00,4.962188768973754804e+01,-1.625952773030690107e-02,4.483825558639301789e+02,8.085612734984182204e-02,nan,4.846562914891619833e+00,1.000000000000000000e+00
1.686000000000000000e+03,1.411045901842126113e+02,1.050804683050999877e+01,-3.251623225850069909e-02,8.992182404405979241e+02,8.711161968747216378e-03,nan,1.763462284476873876e+01,1.000000000000000000e+00
1.686000000000000000e+03,1.059065518100777581e+02,1.331964584126097861e+01,-1.976099831321577113e-02,5.454863621447825608e+02,1.052475949226638896e-02,nan,1.869130720532836776e+01,1.000000000000000000e+00
1.686000000000000000e+03,7.141082794741089401e+01,3.197635392504943752e+01,-1.046916854247917882e-02,2.878026213598768663e+02,2.266419150840615071e-02,nan,1.410421844899020627e+01,1.000000000000000000e+00
1.686000000000000000e+03,6.622507600694646612e+01,4.509263978915003435e+01,-2.602974192330144085e-02,7.193329933600566619e+02,1.173000068089768977e-02,nan,1.410421844899020627e+01,1.000000000000000000e+00
1.686000000000000000e+03,6.489835404960702192e+01,6.272371022263732776e+00,-1.918570648528674510e-02,5.295322009169680086e+02,1.530722695493258456e-02,nan,1.036755864642636560e+01,1.000000000000000000e+00
1.687000000000000000e+03,1.073777979817075021e+02,4.490909632728882883e+01,-2.483921494452018611e-02,6.863169509908918826e+02,8.431679943647241160e-03,nan,8.531931013153473131e+00,1.000000000000000000e+00
1.687000000000000000e+03,2.867523751807206622e+01,5.192126445947511115e+01,-2.923737676422754478e-02,8.082880609060595134e+02,1.115697048692909643e-02,nan,1.906954005932826135e+01,1.000000000000000000e+00
1.689000000000000000e+03,8.563413724030192498e+01,3.377874470537613405e+01,-2.901056560883515448e-02,8.019980676092253589e+02,1.122598570613320135e-02,nan,1.433705478005322576e+01,1.000000000000000000e+00
1.689000000000000000e+03,1.568067876056539589e+01,2.605836308111717869e+01,-1.381576103054568162e-03,3.578284998023781327e+01,3.556796269413612377e-01,nan,2.070431405417480519e+01,1.000000000000000000e+00
1.691000000000000000e+03,1.106326515108258093e+02,3.702241291046549776e+01,-7.337091424396204389e-03,2.009429426821380673e+02,3.727644045135813933e-02,nan,8.531931013153473131e+00,1.000000000000000000e+00
1.693000000000000000e+03,5.401357127287407423e+01,1.595634875910619854e+01,-1.539420319736907808e-02,4.243851228349033704e+02,1.807826684755742264e-02,nan,1.812683601980555181e+01,1.000000000000000000e+00
1.693000000000000000e+03,7.063706377835141836e+01,2.318418944697823392e+01,-9.992785603448980578e-03,2.745914303669021592e+02,3.564771797504506790e-02,nan,1.190845715621482270e+01,1.000000000000000000e+00
1.693000000000000000e+03,3.595720590532442174e+01,3.024537483196654719e+01,-2.833285191713419068e-02,7.832035132999498046e+02,9.360566098607248087e-03,nan,2.070431405417480519e+01,1.000000000000000000e+00
1.693000000000000000e+03,1.409886337255514093e+02,8.949419561556219094e+00,2.555108615944621641e-03,-6.832759685093380142e+01,2.400366622391630900e-01,nan,4.134705082334943427e+01,1.000000000000000000e+00
1.695000000000000000e+03,8.011077846269697034e+01,3.039945672692147127e+01,-2.198152358153062161e-02,6.070666183230463275e+02,1.064989704137031534e-02,nan,1.190845715621482270e+01,1.000000000000000000e+00
1.699000000000000000e+03,6.249674996614351663e+00,2.280700662916401100e+01,-1.055252462405658481e-02,2.901142765933470855e+02,1.904707203754651967e-02,nan,1.441262389599629756e+01,1.000000000000000000e+00
1.700000000000000000e+03,7.797295355520877536e+01,1.472342257635560792e+01,-4.078127328412785302e-02,1.128426775441071186e+03,2.731686357087259598e-02,nan,7.810617804908296158e+00,1.000000000000000000e+00
1.700000000000000000e+03,1.189443650461158342e+02,2.779630381284872342e+01,-2.438925101543487628e-02,6.738384197084806146e+02,9.937499550027983908e-03,nan,1.753111550020942033e+01,1.000000000000000000e+00
1.700000000000000000e+03,1.061263412487225253e+02,3.975616487438040991e+01,-1.468187660229218440e-03,3.818478701510025530e+01,3.386971495305949320e-01,nan,1.753111550020942033e+01,1.000000000000000000e+00
1.701000000000000000e+03,9.965746672289438379e+01,1.914836176953225788e+01,-3.560550376547396128e-03,9.621080181767158024e+01,8.231520635065903146e-02,nan,6.312718493580694812e+00,1.000000000000000000e+00
1.701000000000000000e+03,7.848736999812442150e+01,3.363434694119209212e+01,-2.636790355666336627e-02,7.287109906786328111e+02,1.251713788625230528e-02,nan,1.664636884114257853e+01,1.000000000000000000e+00
1.701000000000000000e+03,7.704595930517920976e+01,6.968009489049258320e+00,-3.199708608012710037e-02,8.848211267871810151e+02,3.755671373864155616e-02,nan,7.810617804908296158e+00,1.000000000000000000e+00
1.703000000000000000e+03,1.962817607914220375e+01,1.744608913751721246e+01,-1.255590235485813796e-03,3.228897305371564386e+01,2.988714082279391171e-01,nan,1.190960511732403582e+01,1.000000000000000000e+00
1.703000000000000000e+03,1.204547921961189871e+02,5.234634173646009003e+01,-1.217593643353133024e-03,3.123524044782317333e+01,3.467207023289832213e-01,nan,1.255032054222089499e+01,1.000000000000000000e+00
1.705000000000000000e+03,9.308109289660718844e+01,2.562654777052964050e+01,1.557786876484123150e-03,-4.066957868537740950e+01,3.146681079506771228e-01,nan,9.231228876297768338e+00,1.000000000000000000e+00
1.705000000000000000e+03,3.804361633258314868e+01,3.115462587562199914e+01,-1.654978558636151969e-03,4.336492684048324264e+01,2.501823370455794615e-01,nan,1.286210327670201892e+01,1.000000000000000000e+00
1.706000000000000000e+03,1.002793776105588819e+02,1.286635240731382268e+01,-2.331301092776973116e-02,6.439918148292518936e+02,1.193591123098813878e-02,nan,6.312718493580694812e+00,1.000000000000000000e+00
1.706000000000000000e+03,5.062711609061495466e+01,1.868353421950655502e+01,-1.894252828754263221e-02,5.227883120147646423e+02,1.309516494612072979e-02,nan,1.220540247763374708e+01,1.000000000000000000e+00
1.706000000000000000e+03,4.610874082368719229e+01,7.345274450554200030e+00,-1.376840712030673623e-03,3.565152673140264739e+01,2.778068882498352377e-01,nan,1.220540247763374708e+01,1.000000000000000000e+00
1.706000000000000000e+03,1.307271890086934434e+02,4.513604289123169622e+01,-1.423691729610107939e-03,3.695081285343962207e+01,2.735076541401870731e-01,nan,1.255032054222089499e+01,1.000000000000000000e+00
1.707000000000000000e+03,1.303967525539806900e+02,6.039647741968729555e+00,-1.269804218051649464e-03,3.268315937539699689e+01,3.227036345245024584e-01,nan,3.088138873286782982e+01,1.000000000000000000e+00
1.707000000000000000e+03,1.568542173435364084e+01,2.868412198260365997e+01,-1.681834488244972987e-03,4.410970333495280471e+01,2.522779934104997235e-01,nan,1.003140841874209421e+01,1.000000000000000000e+00
1.708000000000000000e+03,7.973651961856617731e+01,4.239407385109700499e+01,-1.741746375664612444e-03,4.577119731931288982e+01,2.210316604698892018e-01,nan,1.060663167713056687e+01,1.000000000000000000e+00
1.709000000000000000e+03,2.677586279288140503e+01,9.451823515347989257e+00,-2.747511292242741515e-02,7.594164446356896860e+02,9.426922325561304383e-03,nan,1.944730628946838635e+01,1.000000000000000000e+00
1.711000000000000000e+03,7.696075602516188496e+01,3.215709324117882062e+01,-1.641979708914722419e-02,4.528271925972933332e+02,1.708751254333951142e-02,nan,1.060663167713056687e+01,1.000000000000000000e+00
1.711000000000000000e+03,4.510241159326857030e+01,3.281770721962986670e+01,-2.090013368812336167e-02,5.770771975248128456e+02,9.618702086989783240e-03,nan,1.348175270884759058e+01,1.000000000000000000e+00
1.711000000000000000e+03,1.444384560108362336e+02,4.440148160222608453e+01,-1.970861961229468384e-02,5.440337806916323871e+02,1.516383626367868720e-01,nan,1.373092943290276047e+01,1.000000000000000000e+00
1.714000000000000000e+03,1.255534079495378990e+02,2.833018474440318357e+01,-5.341714242426106457e-02,1.478848394049776743e+03,7.612303823893995514e-03,nan,1.902784441686799966e+01,1.000000000000000000e+00
1.714000000000000000e+03,5.070250897183574779e+01,4.508133496402444251e+01,-2.045354897065649810e-02,5.646923795273228279e+02,1.160686226911100682e-02,nan,1.348175270884759058e+01,1.000000000000000000e+00
1.715000000000000000e+03,2.339404085635021247e+01,6.793440241403083668e+00,-1.670474727058082753e-02,4.607295143682320600e+02,1.588099569551437718e-02,nan,1.557562765818739692e+01,1.000000000000000000e+00
1.715000000000000000e+03,1.076794735381529762e+02,2.180474745560447758e+01,-1.223748683607891498e-02,3.368421414582996931e+02,1.488292563109816502e-02,nan,1.075254895049143578e+01,1.000000000000000000e+00
1.715000000000000000e+03,2.408542430161723757e+01,4.287977955563268750e+01,-2.061081063203294358e-02,5.690536059149559378e+02,1.533658689050998447e-02,nan,2.330148180936969737e+01,1.000000000000000000e+00
1.715000000000000000e+03,3.396121513535163672e+01,1.823612369869154293e+01,-1.520107477810519678e-02,4.190292290275798450e+02,1.922646183094434136e-02,nan,1.557562765818739692e+01,1.000000000000000000e+00
1.716000000000000000e+03,9.698267993243426588e+01,2.289832666598194422e+01,-2.566483698913240782e-02,7.092133430018805029e+02,9.997775554612120530e-03,nan,1.075254895049143578e+01,1.000000000000000000e+00
1.717000000000000000e+03,7.252851254133808823e+01,3.624112444690039325e+01,-2.231899861288340337e-02,6.164255745938942255e+02,1.415914633795800626e-02,nan,2.033530120398830832e+01,1.000000000000000000e+00
1.718000000000000000e+03,6.113302037266734601e+01,1.673587727120769841e+01,-3.234204377342390913e-02,8.943875944275160919e+02,1.208406284051366519e-02,nan,2.259008431040274090e+01,1.000000000000000000e+00
1.721000000000000000e+03,5.859230981717939102e+01,5.105013280965311395e+01,-2.906257336256850426e-02,8.034403618464740475e+02,7.977151029296636331e-03,nan,2.033530120398830832e+01,1.000000000000000000e+00
1.725000000000000000e+03,6.630891088304005621e+01,3.048386143569572582e+01,-4.314213383660932960e-02,1.193898850763725250e+03,9.726330563928020645e-03,nan,9.997526890620317630e+00,1.000000000000000000e+00
1.726000000000000000e+03,9.902634665544803738e+01,3.734726245853112658e+01,-2.272105512051180581e-02,6.275755232529718342e+02,1.149256101332440938e-02,nan,6.961245438556963094e+00,1.000000000000000000e+00
1.726000000000000000e+03,8.465495523631751951e+01,3.832784160401329387e+01,-1.268828633404234067e-02,3.493438449812178419e+02,2.177822066266177359e-02,nan,1.440480568360478841e+01,1.000000000000000000e+00
1.729000000000000000e+03,6.043737992050080265e+01,3.857556509343179130e+01,-1.023567244322852107e-02,2.813272392448186565e+02,1.845447457855808882e-02,nan,9.997526890620317630e+00,1.000000000000000000e+00
1.731000000000000000e+03,1.014418994846379292e+02,3.081855335295574960e+01,-9.430792800656104258e-03,2.590060815937313237e+02,1.571936914376026451e-02,nan,6.961245438556963094e+00,1.000000000000000000e+00
1.731000000000000000e+03,2.064108701292430226e+01,5.293499167751258483e+01,-1.560067240192344797e-03,4.073281839867212284e+01,3.379760796405310019e-01,nan,7.967779639183746987e+00,1.000000000000000000e+00
1.732000000000000000e+03,5.296847399245244503e+00,1.728187322929825953e+01,-1.362479199766234361e-03,3.525324907297158461e+01,3.650876146581120141e-01,nan,9.414324054229703975e+00,1.000000000000000000e+00
1.733000000000000000e+03,1.349445106213693748e+02,2.370639311378976544e+01,-1.655028077385783773e-03,4.336630010893078691e+01,2.073983179280726175e-01,nan,3.424920110377197346e+01,1.000000000000000000e+00
1.734000000000000000e+03,8.388801579339920522e+01,4.425408453163959877e+01,-3.099089780726026200e-02,8.569172193240036677e+02,1.078322894910510588e-02,nan,2.210548191510247662e+01,1.000000000000000000e+00
1.734000000000000000e+03,5.982271028702414384e+01,5.058269795725821183e+01,-1.496972594504032694e-02,4.126133955263971984e+02,1.529658706879311048e-02,nan,1.202285566610107814e+01,1.000000000000000000e+00
1.735000000000000000e+03,2.087112768913762650e+01,7.120910226211912608e+00,-1.912323778968559249e-02,5.277998007803282690e+02,1.396469380057308030e-02,nan,1.322981798514239138e+01,1.000000000000000000e+00
1.736000000000000000e+03,3.299957103335088959e+01,3.313445054107926069e+01,-1.762559553425254756e-03,4.634839445220422505e+01,3.280513125511077543e-01,nan,1.610537017338729981e+01,1.000000000000000000e+00
1.736000000000000000e+03,9.513291704713938657e+01,2.000101434348998097e+01,-1.200744415142344663e-03,3.076797272318530219e+01,3.643702292374085827e-01,nan,1.252287545326466400e+01,1.000000000000000000e+00
1.737000000000000000e+03,1.415006081861777609e+01,2.048345245666248715e+01,-2.073615036201880563e-02,5.725295639650532848e+02,5.068429333385116031e-02,nan,6.763234745716295571e+00,1.000000000000000000e+00
1.739000000000000000e+03,7.194523285157355019e+01,1.262237728274606319e+01,-4.728135420371936543e-03,1.285906117367855757e+02,9.201364795030753108e-02,nan,1.189088969587280786e+01,1.000000000000000000e+00
1.739000000000000000e+03,6.840603476856095710e+01,2.793932274870830668e+01,-1.622463055369594530e-03,4.246319739408098570e+01,2.898954076265662927e-01,nan,1.052869587852494249e+01,1.000000000000000000e+00
1.740000000000000000e+03,3.409576799546000814e+01,7.491008440731428131e+00,-2.972219665718775841e-02,8.217332279729786251e+02,1.336777647707010352e-02,nan,1.322981798514239138e+01,1.000000000000000000e+00
1.740000000000000000e+03,5.963717253067098767e+01,1.450910263227479646e+01,-7.238543837506557221e-03,1.982099921802869460e+02,3.701201870753811907e-02,nan,1.245183044405642470e+01,1.000000000000000000e+00
1.742000000000000000e+03,4.519804056302937312e+01,1.514158355177516491e+01,-2.375203343270785097e-02,6.561669153371733501e+02,1.246377839166379342e-02,nan,1.348301730675760624e+01,1.000000000000000000e+00
1.742000000000000000e+03,7.771472223129079282e+01,2.301979282973388408e+01,-1.493127406831120524e-02,4.115470368349190267e+02,1.618700100879955084e-02,nan,1.052869587852494249e+01,1.000000000000000000e+00
1.743000000000000000e+03,2.543205724032182502e+01,4.814547667620318094e+01,-1.795057691603832222e-03,4.724964232490785321e+01,2.026642723138352142e-01,nan,6.266039755318115745e+00,1.000000000000000000e+00
1.745000000000000000e+03,1.060857573110455689e+02,3.763642883048154175e+01,-2.142469483614153902e-02,5.916244807001299932e+02,1.521344069127494869e-02,nan,1.321160047412912242e+01,1.000000000000000000e+00
1.746000000000000000e+03,1.304438954871455678e+02,2.742242145861051128e+01,-1.405542360630921035e-03,3.644748924476015617e+01,3.398548915416631511e-01,nan,2.144942697460430736e+01,1.000000000000000000e+00
1.748000000000000000e+03,2.935465807414589179e+01,8.565599929432572424e+00,-5.875558864397487785e-02,1.626895745951042272e+03,1.012008481702031393e-02,nan,2.742362024224321004e+01,1.000000000000000000e+00
1.748000000000000000e+03,1.208027762836202754e+02,4.919722959613712732e+01,-1.140501630643678439e-02,3.137558252574842186e+02,1.801778678504750708e-02,nan,1.243210260103982279e+01,1.000000000000000000e+00
1.748000000000000000e+03,1.084539807955436288e+02,5.063404032704046642e+01,-1.011882703567156851e-02,2.780868482286554695e+02,2.176521638172412842e-02,nan,1.243210260103982279e+01,1.000000000000000000e+00
1.748000000000000000e+03,9.164284629168951923e+00,2.712371856638339551e+01,-6.558917481235135120e-03,1.793623952977461329e+02,4.890206572300126453e-02,nan,2.658109741444000917e+01,1.000000000000000000e+00
1.750000000000000000e+03,1.133718603625313506e+02,1.443690898343952789e+01,-1.839614599326873032e-02,5.076358784294496900e+02,1.324230040019191978e-02,nan,2.144942697460430736e+01,1.000000000000000000e+00
1.753000000000000000e+03,2.889948851413763009e+01,5.271878855156900556e+01,-2.728102421201664129e-02,7.540339197534240157e+02,1.109442652307734978e-02,nan,7.795850428884498307e+00,1.000000000000000000e+00
1.755000000000000000e+03,5.827816167098080058e+01,2.423394350942153608e+01,-4.153911917757715025e-03,1.126660776190545619e+02,6.086005578043418573e-02,nan,1.142058707930143413e+01,1.000000000000000000e+00
1.755000000000000000e+03,9.567154971649391371e+01,5.337855136392391131e+01,-2.426759415095317007e-02,6.704645959616725577e+02,1.029120102114011726e-02,nan,3.247640711678603509e+01,1.000000000000000000e+00
1.756000000000000000e+03,1.363426371584694721e+02,1.068375424714142419e+01,-1.102653408886129695e-03,2.804768424899672397e+01,3.731871576302411286e-01,nan,3.371740066152351289e+01,1.000000000000000000e+00
1.757000000000000000e+03,4.139214814430775391e+01,1.090602294103212166e+01,-3.426187325573544495e-02,9.476288671237946346e+02,9.296174999260276017e-03,nan,1.427848904153221810e+01,1.000000000000000000e+00
1.759000000000000000e+03,7.026632780715168280e+01,2.478912704691724755e+01,-1.963992513154976666e-02,5.421287252605293361e+02,2.563444835207095984e-02,nan,6.919849674508371074e+00,1.000000000000000000e+00
1.759000000000000000e+03,3.079651400810253392e+01,2.641845809466730444e+01,-2.159452864111676210e-02,5.963343614510212092e+02,1.681243518572506090e-02,nan,1.186332139125094720e+01,1.000000000000000000e+00
1.759000000000000000e+03,1.281121158469797194e+02,5.185320276481355251e+01,-2.940513183121708923e-02,8.129402934871629895e+02,1.253975273329810403e-02,nan,1.786228587895741171e+01,1.000000000000000000e+00
1.760000000000000000e+03,6.341817393593606766e+01,8.970841234124245389e+00,-2.362697971809347638e-02,6.526988891490090055e+02,1.426099067544261967e-02,nan,1.371343948864711315e+01,1.000000000000000000e+00
1.760000000000000000e+03,1.439211537037368203e+02,4.353842201814186552e+01,-1.040056505898825749e-02,2.859000894912355761e+02,1.608171019528681356e-02,nan,1.701159349139537014e+01,1.000000000000000000e+00
1.760000000000000000e+03,2.713459190414569377e+01,1.167890027138380127e+01,-1.690900770941098892e-03,4.436113213829882085e+01,2.895753880907828703e-01,nan,1.427848904153221810e+01,1.000000000000000000e+00
1.760000000000000000e+03,3.900445372696380275e+01,3.498397734358922406e+01,-8.580853131071859360e-03,2.354353060948391487e+02,2.866821093609284166e-02,nan,7.205448079041001819e+00,1.000000000000000000e+00
1.761000000000000000e+03,7.324021034652248829e+01,1.854089992557962319e+01,-1.313044932481197309e-02,3.616060383607170934e+02,1.641861377240413367e-01,nan,6.919849674508371074e+00,1.000000000000000000e+00
1.763000000000000000e+03,1.089471164479290195e+02,1.133626180776929715e+01,-2.563557948529264843e-02,7.084019653484498349e+02,1.495733603132953782e-02,nan,1.579282210074476112e+01,1.000000000000000000e+00
1.763000000000000000e+03,7.720489787132261483e+01,5.182160030548654817e+01,-1.853012830411129852e-02,5.113515150595621321e+02,1.483844162176495285e-02,nan,1.657231758121462661e+01,1.000000000000000000e+00
1.764000000000000000e+03,9.434290837085346482e+01,5.001527398373507793e+01,-6.736286637142721578e-03,1.842812486045587832e+02,2.801320170879773030e-02,nan,8.506458018502481622e+00,1.000000000000000000e+00
1.765000000000000000e+03,1.296223483486703856e+02,3.432221463471082501e+01,-2.218064088042208393e-02,6.125885974917703152e+02,1.444090270350494309e-01,nan,9.318396978699732713e+00,1.000000000000000000e+00
1.765000000000000000e+03,3.996305570420859965e+01,2.784257942238513905e+01,-1.549491479624747273e-02,4.271780863501353451e+02,1.254963478967785484e-02,nan,7.205448079041001819e+00,1.000000000000000000e+00
1.766000000000000000e+03,8.739816762037071385e+01,2.232702504702034574e+01,-1.888995905082352031e-02,5.213304465671376420e+02,1.451522722170650592e-02,nan,1.465545965172421461e+01,1.000000000000000000e+00
1.767000000000000000e+03,6.211996762366092639e+01,4.495963342741020341e+01,-9.033571048825963026e-03,2.479902117964728347e+02,2.144160974619802040e-02,nan,1.657231758121462661e+01,1.000000000000000000e+00
1.767000000000000000e+03,1.247379839717365826e+02,1.108780104359966856e+01,-1.786019579827771708e-02,4.927727508725253642e+02,1.282827826980470487e-02,nan,1.458422525223640598e+01,1.000000000000000000e+00
1.767000000000000000e+03,1.877784712820315960e+01,2.554424168539097195e+01,-1.644778667838435807e-02,4.536034080721369719e+02,1.311132208001586363e-02,nan,1.660536665597918571e+01,1.000000000000000000e+00
1.767000000000000000e+03,1.290442920540512546e+02,2.502176447502008472e+01,-1.361721139223276075e-02,3.751050663778048033e+02,2.267342073669464941e-02,nan,9.318396978699732713e+00,1.000000000000000000e+00
1.768000000000000000e+03,5.021851104367000573e+01,2.093078153977283762e+01,-1.693323408663153281e-03,4.442831743615604978e+01,2.409936190527987021e-01,nan,7.775913430268948545e+00,1.000000000000000000e+00
1.770000000000000000e+03,7.760164512875665821e+01,3.698505752671777458e+01,-1.758603521365803557e-02,4.851696493560652925e+02,1.118033655721806241e-02,nan,1.741482699218374819e+01,1.000000000000000000e+00
1.772000000000000000e+03,3.067871071396294624e+01,1.396375604390589409e+01,-1.205049848770147619e-02,3.316565258925864441e+02,1.529942623933655543e-02,nan,1.572349805863914440e+01,1.000000000000000000e+00
1.773000000000000000e+03,1.583679361998612833e+01,8.772813145400105483e+00,-4.697488046546526713e-02,1.300189701239136184e+03,9.593312205781190372e-03,nan,1.572349805863914440e+01,1.000000000000000000e+00
1.773000000000000000e+03,9.413810756996107898e+01,1.528203530388313425e+01,-1.568868989658870217e-03,4.097691108912678715e+01,2.871429551334053754e-01,nan,6.207211577178186168e+00,1.000000000000000000e+00
1.775000000000000000e+03,8.270552658539809698e+00,3.483693418783213502e+01,-1.497858688757192904e-03,3.900763265612818032e+01,2.860477308296011101e-01,nan,2.346386930064375420e+01,1.000000000000000000e+00
1.776000000000000000e+03,5.332510279131428632e+01,3.712052441441498729e+01,-3.171538427735565938e-03,8.542260867883922515e+01,1.417670787197014004e-01,nan,1.164305978458068758e+01,1.000000000000000000e+00
1.777000000000000000e+03,1.333024488993495424e+02,3.165861277337494073e+01,-2.887340329834205827e-02,7.981942422987492591e+02,1.014145627947315997e-02,nan,1.809455373022540314e+01,1.000000000000000000e+00
1.778000000000000000e+03,4.417595802305093855e+01,4.432149595696947131e+01,-2.414723851656296050e-02,6.671268583083329986e+02,8.181040135222361620e-03,nan,1.164305978458068758e+01,1.000000000000000000e+00
1.779000000000000000e+03,3.166544888955588277e+01,3.663470861686444380e+01,-1.067248145759152472e-02,2.934409545847310028e+02,1.649274807507383755e-02,nan,1.468330815556433500e+01,1.000000000000000000e+00
1.779000000000000000e+03,1.128004958643369804e+02,2.045355026093970707e+01,-1.465546992545561011e-03,3.811155524658059335e+01,3.014397861266696621e-01,nan,9.705139478893583416e+00,1.000000000000000000e+00
1.780000000000000000e+03,6.714096740215653369e+01,3.680412631809139157e+01,-1.550205869520920572e-03,4.045933998305563506e+01,2.776204557810145745e-01,nan,1.381948706358091883e+01,1.000000000000000000e+00
1.781000000000000000e+03,5.782778370913195687e+00,6.460962612802214622e+00,-1.505152732333041136e-02,4.148819352735990833e+02,1.768639832733631678e-02,nan,3.554642614633533526e+01,1.000000000000000000e+00
1.781000000000000000e+03,9.284959294178931088e+01,6.831900640138758973e+00,-1.298853954955253099e-03,3.348877517538861781e+01,3.481139589606150331e-01,nan,1.813966470727391922e+01,1.000000000000000000e+00
1.783000000000000000e+03,8.381236291309978981e+01,2.287054445323162355e+01,-1.802061209210252535e-02,4.972214624498523108e+02,1.563383780891924868e-02,nan,1.572935745418766906e+01,1.000000000000000000e+00
1.783000000000000000e+03,1.157585212233588976e+02,4.686245155338981760e+01,-1.605187050390947164e-03,4.198409417129738586e+01,2.607179933212731004e-01,nan,1.698471042044914014e+01,1.000000000000000000e+00
1.785000000000000000e+03,1.085998881023107145e+02,1.684065401734619272e+01,-2.259501059442395668e-02,6.240800195912423760e+02,1.111569998268691073e-02,nan,1.277098728365836067e+01,1.000000000000000000e+00
1.785000000000000000e+03,1.271048906150768261e+02,3.422361103326297638e+01,-1.935143328764973511e-02,5.341281850702411020e+02,1.201715449319706863e-02,nan,1.565341809015200703e+01,1.000000000000000000e+00
1.785000000000000000e+03,2.248764250879461812e+01,5.085568132892797166e+01,-3.750118734970055070e-03,1.014679669765348109e+02,8.715129405726462775e-02,nan,1.623224849312943263e+01,1.000000000000000000e+00
1.787000000000000000e+03,1.024942790928885472e+02,3.028864248980924145e+01,-1.660022658085152925e-02,4.578309160314774431e+02,1.292491836799047888e-02,nan,1.476911829905347417e+01,1.000000000000000000e+00
1.788000000000000000e+03,8.918463631835744820e+01,5.187045643777379667e+01,-1.417089810562082147e-03,3.676772650353552052e+01,3.516887848859777677e-01,nan,1.820773085360458410e+01,1.000000000000000000e+00
1.790000000000000000e+03,5.053524930008724425e+01,1.668465949866469700e+01,-2.910194982499506727e-02,8.045323614189272803e+02,1.205846039137026260e-02,nan,1.836509920699623777e+01,1.000000000000000000e+00
1.790000000000000000e+03,7.205778858676590914e+01,4.569044433291655594e+01,-2.512431188445516869e-02,6.942233427115133964e+02,9.431648664662728443e-03,nan,1.816939462681438400e+01,1.000000000000000000e+00
1.790000000000000000e+03,1.210232946561702647e+02,1.979989138479124477e+01,-1.645409740385000508e-03,4.309956157414860911e+01,2.226383632411972346e-01,nan,1.023448574294223157e+01,1.000000000000000000e+00
1.791000000000000000e+03,2.709871991365023192e+01,4.547300634785089102e+01,-2.436641413274847484e-02,6.732051005987148073e+02,1.196420447820867317e-02,nan,2.117410411952538496e+01,1.000000000000000000e+00
1.792000000000000000e+03,1.852687356088434356e+01,1.986822995396402547e+01,-2.396507114691555709e-02,6.620749395347535255e+02,1.175970642620938200e-02,nan,1.663696054181306749e+01,1.000000000000000000e+00
1.792000000000000000e+03,3.449815586727649475e+01,2.563387751534705927e+01,-2.520950138438888752e-02,6.965858428390610015e+02,1.137588181850979208e-02,nan,1.698012221135516597e+01,1.000000000000000000e+00
1.794000000000000000e+03,1.208568015779725613e+02,3.003302279591853718e+01,-2.336030341888125153e-02,6.453033440243985979e+02,1.134026209248650829e-02,nan,1.023448574294223157e+01,1.000000000000000000e+00
1.794000000000000000e+03,5.544078833108844151e+01,3.834182516958210130e+01,-1.904425662659018758e-03,5.028266688507709148e+01,2.741347684406241214e-01,nan,1.816939462681438400e+01,1.000000000000000000e+00
1.795000000000000000e+03,7.745984332994571275e+01,5.519927498838017144e+00,-2.846190928716077310e-03,7.639997668159922739e+01,1.811922127305320984e-01,nan,2.350432952945421761e+01,1.000000000000000000e+00
1.796000000000000000e+03,4.327438350105954612e+01,7.139835039560754382e+00,-1.440739301526802784e-03,3.742358110373930202e+01,3.194985400893604055e-01,nan,2.047075422587466065e+01,1.000000000000000000e+00
1.797000000000000000e+03,2.575025938614984611e+01,5.296181400485953361e+01,-7.365043429250868294e-03,2.017181158558946379e+02,2.560473067079627185e-02,nan,2.607790672917796826e+01,1.000000000000000000e+00
1.798000000000000000e+03,1.387220804557665019e+02,5.237397228546869599e+01,-1.834262303712040241e-03,4.833687609407142816e+01,2.096110317612801532e-01,nan,2.860570246429865193e+01,1.000000000000000000e+00
1.800000000000000000e+03,9.371075401251327719e+01,2.250113501233318658e+01,-1.373803757302025953e-02,3.784558533614548423e+02,1.491041086582423070e-02,nan,2.097717603239003736e+01,1.000000000000000000e+00
1.800000000000000000e+03,7.494280826062507117e+01,3.187162734454607360e+01,-1.383042416982278693e-02,3.810179454843042777e+02,1.520151402048097733e-02,nan,1.216921485361232058e+01,1.000000000000000000e+00
1.801000000000000000e+03,3.358592837373861073e+01,2.808894704319536118e+01,-1.720912699272189247e-02,4.747171203386607203e+02,1.370070349012342259e-02,nan,1.862353200796702168e+01,1.000000000000000000e+00
1.801000000000000000e+03,6.379279497768008866e+01,3.674676774698877324e+01,-2.340597687114894312e-02,6.465699735608076253e+02,1.518461765495260352e-02,nan,1.076222846727239002e+01,1.000000000000000000e+00
1.803000000000000000e+03,5.211093808497729185e+01,2.617584494182056076e+01,-2.188852249987039561e-02,6.044874851264046356e+02,1.137188371623776284e-02,nan,1.140632372500435743e+01,1.000000000000000000e+00
1.804000000000000000e+03,7.781097966899667995e+01,4.734362709889684595e+01,-1.659857435387285599e-02,4.577850959896779273e+02,1.312547626282256630e-02,nan,1.573560242337199888e+01,1.000000000000000000e+00
1.805000000000000000e+03,5.204499503225355284e+01,1.474548996472319651e+01,-1.867471581697428482e-02,5.153612582538099787e+02,2.411967331761130096e-01,nan,1.143054519210072506e+01,1.000000000000000000e+00
1.807000000000000000e+03,1.095602463883993636e+02,5.207689273576799138e+01,-4.722365586194051529e-02,1.307088813293564954e+03,9.747662300967574467e-03,nan,1.164929674225061618e+01,1.000000000000000000e+00
1.808000000000000000e+03,9.888488788084457326e+01,1.783358438807329804e+01,-1.955038783551610662e-02,5.396456507799376823e+02,1.355090356253285666e-02,nan,3.586875305694525196e+01,1.000000000000000000e+00
1.808000000000000000e+03,1.207745313623595820e+02,4.892317633890841932e+01,-1.019774298035282245e-02,2.802753682871140768e+02,3.067890269084427857e-02,nan,1.164929674225061618e+01,1.000000000000000000e+00
1.808000000000000000e+03,1.441580006550613007e+02,4.907072978910275651e+01,-1.725169614994090037e-02,4.758976606568659804e+02,5.103650770903001010e-02,nan,1.601404462212477497e+01,1.000000000000000000e+00
1.809000000000000000e+03,3.004546120171269052e+01,7.701395127500371807e+00,-3.310950716710434755e-02,9.156711137211951836e+02,9.650438932955918148e-03,nan,1.338211269919818136e+01,1.000000000000000000e+00
1.809000000000000000e+03,1.563043354626431913e+01,2.287841171224295778e+01,-2.812834643079924549e-02,7.775321073411589623e+02,9.181660268454572282e-03,nan,1.964793599800362145e+01,1.000000000000000000e+00
1.810000000000000000e+03,3.850175927589596370e+01,1.807308559601154485e+01,-1.052697515653484156e-02,2.894057312875775096e+02,2.004647134092163441e-02,nan,1.338211269919818136e+01,1.000000000000000000e+00
1.811000000000000000e+03,1.324084569552349535e+02,3.818965226868804308e+01,-2.965739238273511907e-02,8.199360568805420826e+02,9.861906617017468513e-03,nan,1.582898492217870334e+01,1.000000000000000000e+00
1.811000000000000000e+03,6.023351434403500626e+00,4.001741291644416521e+01,-3.110965264559777121e-03,8.374277600180619174e+01,1.253291682017830810e-01,nan,1.964793599800362145e+01,1.000000000000000000e+00
1.814000000000000000e+03,6.785211123955102153e+01,1.233996388339917694e+01,-2.816442564928874071e-02,7.785326667804039289e+02,9.763356215408025562e-03,nan,1.430122173477024994e+01,1.000000000000000000e+00
1.815000000000000000e+03,1.229947035230513848e+02,1.242139420986348597e+01,-3.523866884516077547e-02,9.747176480932895402e+02,7.144705610622859027e-03,nan,2.599846113284497306e+01,1.000000000000000000e+00
1.816000000000000000e+03,4.162161773102125295e+01,4.644450328417651974e+01,-2.663736848890301684e-02,7.361838709899517426e+02,1.082427955804454722e-02,nan,2.607924527513716484e+01,1.000000000000000000e+00
1.816000000000000000e+03,9.646127960430251846e+01,4.052874362442896228e+01,-1.820659133592570462e-03,4.795962900179710431e+01,2.225099609294042269e-01,nan,2.263677079491378308e+01,1.000000000000000000e+00
1.817000000000000000e+03,5.160843625508643129e+01,8.636182489529183215e+00,-1.695542985193999527e-02,4.676815170316565400e+02,1.516036765528094854e-02,nan,1.666058143086543808e+01,1.000000000000000000e+00
1.817000000000000000e+03,1.332003256808812068e+02,4.003404808380032165e+01,1.667804711293489331e-03,-4.372062545724330107e+01,3.369478673150894110e-01,nan,1.748618797661316293e+01,1.000000000000000000e+00
1.820000000000000000e+03,9.758433195308469976e+01,1.791984835191826875e+01,-3.332285282152600697e-02,9.215876778068520707e+02,1.110660004720109839e-02,nan,1.177707767562578489e+01,1.000000000000000000e+00
1.822000000000000000e+03,1.218372465895688350e+02,2.674317890537446729e+01,-1.825262506821226718e-03,4.808729109452345085e+01,2.441364542177111296e-01,nan,1.748618797661316293e+01,1.000000000000000000e+00
1.823000000000000000e+03,3.694504705873283257e+01,9.593416516127250659e+00,-2.001820065560449072e-02,5.526191727279139059e+02,1.643109626028027570e-02,nan,7.218120486542455083e+00,1.000000000000000000e+00
1.824000000000000000e+03,8.619516796614554721e+01,2.091759788387244257e+01,-2.398328599826148044e-02,6.625800791195788406e+02,8.472538874075952187e-03,nan,1.177707767562578489e+01,1.000000000000000000e+00
1.824000000000000000e+03,2.400073286936579109e+01,3.773447238619488786e+01,-2.075513662501263235e-02,5.730560965633133037e+02,1.197374637784498486e-02,nan,1.043199785031949212e+01,1.000000000000000000e+00
1.825000000000000000e+03,8.845224303792214471e+00,4.683744179559558063e+01,-1.212520256785750393e-02,3.337282412921868513e+02,2.301061917240554422e-02,nan,1.767918244573710140e+01,1.000000000000000000e+00
1.825000000000000000e+03,7.190491974215970572e+01,3.029447102195705810e+01,-2.627091748372521393e-02,7.260213445383808448e+02,9.440877395202385003e-03,nan,1.043469273474783954e+01,1.000000000000000000e+00
1.826000000000000000e+03,8.935108006643906720e+01,3.766481314059226548e+01,-3.311588297971379546e-02,9.158479296212152576e+02,1.103038028559955031e-02,nan,1.704197758594020229e+01,1.000000000000000000e+00
1.826000000000000000e+03,4.782711071107566170e+01,4.379866366811461376e+01,-1.567560540400431612e-03,4.094062479160941592e+01,2.601027346880554481e-01,nan,1.505480454981394800e+01,1.000000000000000000e+00
1.827000000000000000e+03,4.739097694289714724e+01,6.214899449141054077e+00,-1.667948463995213432e-02,4.600289237070717832e+02,1.193605653187157500e-02,nan,1.097869886265189976e+01,1.000000000000000000e+00
1.828000000000000000e+03,1.126887650818965199e+02,2.004579807317748319e+01,-1.136465983863740002e-02,3.126366478894095167e+02,1.584474205921027057e-02,nan,1.905003326370816197e+01,1.000000000000000000e+00
1.828000000000000000e+03,3.277835797918587701e+01,4.337183671542946684e+01,-8.861067772510054438e-03,2.432063004856211137e+02,3.490516160001433388e-02,nan,7.440905803971317845e+00,1.000000000000000000e+00
1.830000000000000000e+03,6.909986967557000526e+01,2.024387369679650561e+01,-1.583926312935167837e-03,4.139448518204265781e+01,3.737745309102635805e-01,nan,1.036055043295901612e+01,1.000000000000000000e+00
1.830000000000000000e+03,1.359050334170239580e+02,2.501507495759400967e+01,-1.601545471476566564e-03,4.188310483979065424e+01,2.742200964726269063e-01,nan,9.513662113024073719e+00,1.000000000000000000e+00
1.831000000000000000e+03,1.268377338704276127e+02,7.289997448772897570e+00,-2.505927197330021575e-02,6.924196368731317079e+02,1.097512729484546590e-01,nan,1.905003326370816197e+01,1.000000000000000000e+00
1.832000000000000000e+03,5.929677756771100405e+01,1.689120455136628252e+01,-1.020728103017670696e-02,2.805398802744249451e+02,1.678784959658319309e-02,nan,1.036055043295901612e+01,1.000000000000000000e+00
1.832000000000000000e+03,7.794826030126840521e+01,5.079196337059881472e+01,-2.308778377154879421e-02,6.377457494607130002e+02,1.050007589296597654e-02,nan,1.676091876620675691e+01,1.000000000000000000e+00
1.832000000000000000e+03,1.430939279260136914e+02,5.262048202770430549e+01,-1.483780758415707314e-02,4.089549969602001056e+02,1.223422199867685300e-02,nan,1.893775565152376572e+01,1.000000000000000000e+00
1.832000000000000000e+03,1.299853918824785559e+01,3.708528129205481605e+01,-1.532214562396087224e-03,3.996039979194948444e+01,3.252879796915346677e-01,nan,7.420117680304059604e+00,1.000000000000000000e+00
1.833000000000000000e+03,3.663534785627594204e+01,3.344623812040115496e+01,-1.455431541297694427e-02,4.010931091560352115e+02,3.823535825458879156e-02,nan,7.824226816528303097e+00,1.000000000000000000e+00
1.833000000000000000e+03,2.774500148881136141e+01,4.885201934234791565e+01,-1.391271634990720076e-03,3.605172930754484639e+01,3.311397152947967992e-01,nan,3.466026266478928974e+00,1.000000000000000000e+00
1.834000000000000000e+03,1.266005875639575180e+02,2.699927609864408140e+01,-1.288951992151768366e-02,3.549245136839013526e+02,1.730714297632884868e-02,nan,9.513662113024073719e+00,1.000000000000000000e+00
1.835000000000000000e+03,3.147785888374137642e+01,7.677113210983410596e+00,3.041769358123543997e-03,-8.182381488677950188e+01,1.618296912647226860e-01,nan,2.091980962154722690e+01,1.000000000000000000e+00
1.836000000000000000e+03,1.092501059822051133e+02,1.978875371556579665e+01,-2.191319843149770047e-02,6.051718052792664366e+02,1.249204509018919662e-02,nan,9.825008251174864427e+00,1.000000000000000000e+00
1.836000000000000000e+03,4.041141062102624915e+01,2.659351054131654024e+01,-2.032837865101357749e-02,5.612211196144031646e+02,1.541411456772567856e-02,nan,7.824226816528303097e+00,1.000000000000000000e+00
1.836000000000000000e+03,6.122001209092063334e+01,4.974596638189454012e+01,-2.003309926755576353e-03,5.302495421769828710e+01,2.712077281784244231e-01,nan,6.366188936701729695e+00,1.000000000000000000e+00
1.837000000000000000e+03,7.936967704989120875e+01,2.051113107093494037e+01,-2.125124216464110288e-02,5.868142404843512168e+02,1.056190627507080926e-02,nan,1.958848065254864323e+01,1.000000000000000000e+00
1.838000000000000000e+03,9.890300729225477028e+01,4.480107311402824166e+01,-1.545146065406721335e-03,4.031902001551900128e+01,2.924807288953220619e-01,nan,2.005368112945124537e+01,1.000000000000000000e+00
1.838000000000000000e+03,2.782732218112127853e+01,5.231706788220121496e+01,-1.427225256284575658e-03,3.704880564862703096e+01,3.152201819839730579e-01,nan,3.466026266478928974e+00,1.000000000000000000e+00
1.839000000000000000e+03,5.732657950085397403e+01,1.012600804880324645e+01,-1.794352892357451964e-03,4.723009662607449854e+01,2.871575102643145749e-01,nan,1.578864838900132916e+01,1.000000000000000000e+00
1.839000000000000000e+03,1.273894487259092472e+02,4.124190768519755323e+01,-1.461475546590623297e-03,3.799864471658185749e+01,2.406090880565626700e-01,nan,9.473828956561009207e+00,1.000000000000000000e+00
1.840000000000000000e+03,1.005552031806438436e+02,1.521388186959500999e+01,-1.326962238366008635e-02,3.654656263326582462e+02,1.908539716360568850e-02,nan,9.825008251174864427e+00,1.000000000000000000e+00
1.841000000000000000e+03,2.884995918494562517e+01,4.366977839904723169e+01,-1.300680374008841280e-03,3.353942596275577870e+01,3.681761294994454481e-01,nan,8.707548555538252799e+00,1.000000000000000000e+00
1.841000000000000000e+03,1.189433150326671864e+02,4.553332478611597622e+01,-1.419700765654494535e-03,3.684013427378472727e+01,3.315221720352801160e-01,nan,9.473828956561009207e+00,1.000000000000000000e+00
1.842000000000000000e+03,6.045423430164073153e+01,2.560176952921608517e+01,-2.383280072402459843e-02,6.584067774819910710e+02,1.316960023938240631e-02,nan,8.906301890142890088e+00,1.000000000000000000e+00
1.842000000000000000e+03,3.704368663522667759e+01,2.311884256161998152e+01,-1.303053568938279715e-03,3.360524009862763961e+01,2.985522231935192616e-01,nan,1.613094221748421120e+01,1.000000000000000000e+00
1.843000000000000000e+03,8.575361325297662063e+01,1.695248736207715368e+01,-2.875360512561815282e-02,7.948719643353806532e+02,6.744447912651296839e-02,nan,6.562452566078242455e+00,1.000000000000000000e+00
1.844000000000000000e+03,7.752539707456503493e+01,5.215786336066511097e+01,-3.587138644225378037e-02,9.922643575468827066e+02,1.071434009847704871e-02,nan,3.156977538729728749e+01,1.000000000000000000e+00
1.846000000000000000e+03,8.548162713868924811e+01,1.039567355995788311e+01,-4.489101831910877888e-02,1.242399426728905382e+03,1.057797420624395635e-02,nan,6.562452566078242455e+00,1.000000000000000000e+00
1.846000000000000000e+03,1.258501954961478049e+02,1.707629357212252685e+01,-1.595047174940088502e-03,4.170289217968328188e+01,2.779546996855404295e-01,nan,1.987135394380513276e+01,1.000000000000000000e+00
1.847000000000000000e+03,5.299708764807891015e+01,2.073215176745751620e+01,-2.386138145669355198e-02,6.591993867193775714e+02,8.563629826915275522e-03,nan,8.906301890142890088e+00,1.000000000000000000e+00
1.848000000000000000e+03,1.294500225251570669e+02,3.661886128778348848e+01,-1.422642050180070866e-02,3.919998315798222848e+02,1.510986419536930470e-02,nan,1.912444155044216743e+01,1.000000000000000000e+00
1.848000000000000000e+03,4.158217296438784416e+01,4.149303885447257301e+01,-1.667370838846471068e-02,4.598687350114415153e+02,1.490755543719146647e-02,nan,1.359993549928901224e+01,1.000000000000000000e+00
1.849000000000000000e+03,6.850417268246161484e+01,1.515798343567411877e+01,-1.902763009423194887e-03,5.023655769926478598e+01,2.334268394650932388e-01,nan,1.647850232438108975e+01,1.000000000000000000e+00
1.850000000000000000e+03,6.801116142406864640e+01,5.112033523369806431e+01,-2.896824763169278047e-02,8.008244930903679233e+02,1.014988968906982425e-02,nan,9.143226108587624523e+00,1.000000000000000000e+00
1.852000000000000000e+03,1.159770884633465755e+02,2.304593557582346719e+01,-2.003184927165529983e-02,5.529976801400476916e+02,1.284946222080185496e-02,nan,1.365074253924409753e+01,1.000000000000000000e+00
1.852000000000000000e+03,5.296719023610997823e+01,4.893209977016685031e+01,-3.556328946249019685e-02,9.837201219949093911e+02,1.124333261445653598e-02,nan,1.359993549928901224e+01,1.000000000000000000e+00
1.853000000000000000e+03,2.398312469496913124e+01,7.796920206027714961e+00,-1.748788099593747564e-02,4.824476078830600727e+02,1.253163554533132107e-02,nan,2.093344751803975257e+01,1.000000000000000000e+00
1.853000000000000000e+03,6.636855410362854002e+01,4.212586888690488962e+01,-2.396531758033888446e-02,6.620817736985236479e+02,1.485580606124947689e-02,nan,9.143226108587624523e+00,1.000000000000000000e+00
1.854000000000000000e+03,1.399095926703851944e+02,4.563861965882893656e+01,-1.460977252301216400e-03,3.798482587361181828e+01,3.699990313114154272e-01,nan,1.440907655444641300e+01,1.000000000000000000e+00
1.855000000000000000e+03,1.154015345245935009e+02,9.407331925291121166e+00,-1.963295367275605732e-02,5.419353907263187011e+02,1.045144119706042929e-02,nan,1.365074253924409753e+01,1.000000000000000000e+00
1.855000000000000000e+03,8.883889565690310519e+00,4.631143356116604082e+01,-1.342856585618950379e-03,3.470906899841022408e+01,3.573827032868639453e-01,nan,1.990396204869628605e+01,1.000000000000000000e+00
1.856000000000000000e+03,8.543151399554718139e+00,2.193256485448342019e+01,-7.566812024280810019e-03,2.073136215445560708e+02,4.163705359866254341e-02,nan,1.031141676987943434e+01,1.000000000000000000e+00
1.856000000000000000e+03,4.503562270185460648e+01,3.316799301002257749e+01,-1.622361697424353627e-02,4.473866682739567864e+02,1.361129792772663993e-02,nan,1.764700613406365193e+01,1.000000000000000000e+00
1.857000000000000000e+03,1.683358218226620195e+01,2.806396544808523430e+01,-1.318280687511316079e-02,3.630580332586901591e+02,1.780603554832316249e-02,nan,1.031141676987943434e+01,1.000000000000000000e+00
1.859000000000000000e+03,7.172012398575948566e+01,3.589268958481796545e+01,-1.973582722855906496e-02,5.447883102632918053e+02,8.533775789461106598e-02,nan,2.101120687339840742e+01,1.000000000000000000e+00
1.859000000000000000e+03,1.366092499419442845e+02,3.161260008709282232e+01,-1.696786664308548229e-02,4.680264177610933416e+02,1.381412405227100404e-02,nan,1.440907655444641300e+01,1.000000000000000000e+00
1.860000000000000000e+03,1.368650599535668277e+02,5.263026846068711961e+00,-2.506105878866770817e-02,6.924691893594931571e+02,1.153235039835287523e-02,nan,2.185996771337627820e+01,1.000000000000000000e+00
1.861000000000000000e+03,8.538499067214878835e+01,5.185333596019864189e+01,-1.919397731665609119e-02,5.297615700314739797e+02,1.765331290970328926e-02,nan,1.617282233153592585e+01,1.000000000000000000e+00
1.862000000000000000e+03,5.597908467172522506e+01,1.804645366305351217e+01,-1.875446353949303605e-02,5.175728454185283454e+02,9.155383884273393669e-03,nan,1.795354508273393535e+01,1.000000000000000000e+00
1.862000000000000000e+03,8.592235036080067800e+01,1.202411954545083006e+01,-1.488411494413534016e-03,3.874564029956749067e+01,2.935020537764246873e-01,nan,2.266184252405078681e+01,1.000000000000000000e+00
1.864000000000000000e+03,1.007009087192301955e+01,3.775596047904642916e+01,-1.282839136189149179e-03,3.304464753751059192e+01,3.685801281078889824e-01,nan,1.338612946214993293e+01,1.000000000000000000e+00
1.866000000000000000e+03,7.048952724272973569e+01,2.861891020972893074e+01,-2.388899679602370790e-02,6.599652233863439506e+02,1.104996884440445637e-02,nan,1.561588801705580210e+01,1.000000000000000000e+00
1.866000000000000000e+03,1.366672206617268159e+02,3.552231961601297172e+01,-4.053229604929009869e-03,1.098739262731178741e+02,7.796933678039130733e-02,nan,1.286839345964575543e+01,1.000000000000000000e+00
1.866000000000000000e+03,9.667301720817232535e+01,4.027142596704744193e+01,-1.558244601165865864e-03,4.068227244012230415e+01,3.692003087267564654e-01,nan,1.389001591295079407e+01,1.000000000000000000e+00
1.866000000000000000e+03,1.238511138407107097e+02,4.314032269707254130e+01,-1.158297883131133299e-03,2.959083308310684401e+01,3.629006734616989638e-01,nan,1.179377702431073516e+01,1.000000000000000000e+00
1.867000000000000000e+03,4.356594549068237399e+01,4.647800054134240355e+01,-1.535141262718070021e-03,4.004156390125118747e+01,2.363776204729256536e-01,nan,1.424627089165340976e+01,1.000000000000000000e+00
1.868000000000000000e+03,1.115594080247491746e+02,2.073452719545156242e+01,-2.430397598391512929e-03,6.486907443790109085e+01,2.034007952175197476e-01,nan,1.860287071688332716e+01,1.000000000000000000e+00
1.868000000000000000e+03,8.581692766761035784e+01,3.160667773358287391e+01,-1.742307114672582424e-03,4.578674789748133378e+01,2.819648670341735608e-01,nan,1.389001591295079407e+01,1.000000000000000000e+00
1.869000000000000000e+03,9.984397935544483005e+01,6.284076337311633509e+00,-1.455978923915282521e-03,3.784621076895125213e+01,3.569700308089948093e-01,nan,1.860287071688332716e+01,1.000000000000000000e+00
1.869000000000000000e+03,1.433115683278491126e+01,5.044579022000917234e+01,-1.249369103545351287e-02,3.439472712474364471e+02,1.869921650416236369e-01,nan,1.338612946214993293e+01,1.000000000000000000e+00
1.871000000000000000e+03,1.345010484037533729e+02,4.820708401985744729e+01,-1.951623283682235241e-02,5.386984543668448850e+02,1.557342527164040646e-02,nan,1.179377702431073516e+01,1.000000000000000000e+00
1.872000000000000000e+03,2.984051484048616132e+01,5.029490868603564735e+01,-2.365923299510275246e-02,6.535933464601508831e+02,1.613169789669766097e-02,nan,7.894828346030659638e+00,1.000000000000000000e+00
1.872000000000000000e+03,9.909258055957334932e+01,4.095629546990556236e+01,-2.913285326271254291e-02,8.053893845920414378e+02,8.656695579836726218e-03,nan,1.573586127027352610e+01,1.000000000000000000e+00
1.874000000000000000e+03,3.444780247675303997e+01,4.388388573723944575e+01,-1.014080256213241785e-02,2.786962799556532104e+02,1.661098526431423750e-01,nan,7.894828346030659638e+00,1.000000000000000000e+00
1.875000000000000000e+03,3.255873692164256994e+01,1.399116844264875859e+01,-1.911832750739459255e-02,5.276636273957232106e+02,1.590670614727196508e-02,nan,1.695269543500191389e+01,1.000000000000000000e+00
1.875000000000000000e+03,1.056049249162058885e+02,1.689563794662942442e+01,-2.116864314813879724e-02,5.845235804009626008e+02,1.026197409168727592e-02,nan,1.269062777326074887e+01,1.000000000000000000e+00
1.875000000000000000e+03,7.346231181155917511e+01,1.134760070979936231e+01,-1.558490940652284846e-03,4.068910399880662254e+01,2.601075119362273869e-01,nan,2.045430099926618794e+01,1.000000000000000000e+00
1.876000000000000000e+03,6.460545015610656527e+00,4.669685114637927903e+00,-3.273399475879278792e-02,9.052572937877290542e+02,9.452102494237779595e-03,nan,2.771291525982882931e+01,1.000000000000000000e+00
1.877000000000000000e+03,9.049000971257517278e+01,2.778006289986979382e+01,-2.595902118268716627e-02,7.173717450976359942e+02,8.154446986673447029e-03,nan,1.573586127027352610e+01,1.000000000000000000e+00
1.877000000000000000e+03,3.198018922784643081e+01,3.093398890082330155e+01,-2.858796462872265076e-02,7.902783736305736966e+02,9.713880677372110917e-03,nan,1.318290344423413885e+01,1.000000000000000000e+00
1.879000000000000000e+03,4.941980149591779536e+01,4.716084739034835138e+01,-1.512121742706134045e-02,4.168146016125402298e+02,1.683002879498241011e-02,nan,1.301205955503887424e+01,1.000000000000000000e+00
1.879000000000000000e+03,9.390698041434208676e+01,1.197525912881757471e+01,-2.253682114358204064e-02,6.224662927218168988e+02,7.985495129368302969e-03,nan,1.269062777326074887e+01,1.000000000000000000e+00
1.881000000000000000e+03,1.147870927600708768e+02,2.371360346734684654e+01,-2.209226606254754977e-02,6.101377611954775375e+02,1.040778124425223439e-02,nan,1.953637168854119466e+01,1.000000000000000000e+00
1.881000000000000000e+03,1.357300120410258160e+02,2.857708420177864994e+01,-9.548679989581646682e-03,2.622753635954981632e+02,2.477927966915816071e-02,nan,2.150021657711343792e+01,1.000000000000000000e+00
1.882000000000000000e+03,1.548625070412633953e+01,2.832588051269951279e+01,-1.555549963421761460e-02,4.288582427959799475e+02,3.622650787431613839e-02,nan,5.253987947226305799e+00,1.000000000000000000e+00
1.882000000000000000e+03,2.901492080468123191e+01,5.228809880342603122e+01,-1.952615036527513559e-02,5.389734901664784275e+02,1.361359625938995954e-02,nan,1.134062454445607315e+01,1.000000000000000000e+00
1.882000000000000000e+03,5.107325159452901886e+01,1.246526237187073605e+01,-1.261220130498039854e-03,3.244510294877093060e+01,3.471017447833649738e-01,nan,9.787069786735635546e+00,1.000000000000000000e+00
1.883000000000000000e+03,7.577514984291703115e+01,4.690064466590985148e+01,-1.228699362394622971e-03,3.154322749637307766e+01,3.686794669153806714e-01,nan,1.360921424164156335e+01,1.000000000000000000e+00
1.883000000000000000e+03,1.030442798511246139e+01,2.094595233102687359e+01,-1.127646179076769069e-02,3.101907138305905391e+02,6.604736426278123851e-02,nan,9.017462318076766792e+00,1.000000000000000000e+00
1.884000000000000000e+03,3.678954691284737777e+01,4.403189180889513921e+01,-1.508262878346082990e-02,4.157444500621845691e+02,1.456904126276759026e-02,nan,1.104403231150936726e+01,1.000000000000000000e+00
1.884000000000000000e+03,1.168817389461055001e+02,4.313735892575819264e+01,-3.074274366780648925e-03,8.272525329360306046e+01,1.183588612392819650e-01,nan,1.733036469329189089e+01,1.000000000000000000e+00
1.884000000000000000e+03,1.002395343682649838e+02,4.797249772333188389e+01,-2.300967918785580546e-02,6.355797303024796747e+02,1.476476059766705928e-01,nan,3.768169176831651868e+00,1.000000000000000000e+00
1.885000000000000000e+03,5.403774676970432012e+01,2.179256119665360458e+01,-1.618085389713263189e-03,4.234179468976307703e+01,2.963042176744397072e-01,nan,9.787069786735635546e+00,1.000000000000000000e+00
1.886000000000000000e+03,8.673891141709751196e+01,3.546519240224834846e+01,-1.707044627814180426e-02,4.708711862019563341e+02,1.386948092050610537e-02,nan,1.037351168948234736e+01,1.000000000000000000e+00
1.887000000000000000e+03,2.018931977081104634e+01,3.066800149667808029e+01,-1.588286885294592360e-02,4.379369417154775306e+02,1.756662208124804003e-02,nan,5.253987947226305799e+00,1.000000000000000000e+00
1.888000000000000000e+03,9.237995851702848427e+01,2.675954294984175164e+01,-4.182273988208295816e-03,1.134526228518490427e+02,1.506500441484264208e-01,nan,1.037351168948234736e+01,1.000000000000000000e+00
1.888000000000000000e+03,5.197648125358804805e+01,5.203316393580875143e+01,-1.697611372774530340e-03,4.454723251099425596e+01,3.226703422197703119e-01,nan,6.578204456968037128e+00,1.000000000000000000e+00
1.889000000000000000e+03,9.562162035231365564e+01,5.111055769049504249e+01,-2.847414683911966490e-02,7.871219454009977881e+02,4.275384933096770812e-02,nan,5.583238327013433810e+00,1.000000000000000000e+00
1.889000000000000000e+03,3.113427705322305172e+01,7.643320769519712066e+00,-2.432666894659030014e-03,6.493200722569328320e+01,1.537358918607546476e-01,nan,2.549368573787246106e+01,1.000000000000000000e+00
1.889000000000000000e+03,4.551430581476510184e+01,5.080309789061133330e+01,-3.423783969288259153e-03,9.241795581146966754e+01,1.427690536156105416e-01,nan,6.578204456968037128e+00,1.000000000000000000e+00
1.890000000000000000e+03,1.271515314988819512e+02,2.791614055909745673e+01,-2.160999478986359509e-02,5.967632732114551573e+02,9.039186114177422127e-03,nan,1.986964674990507262e+01,1.000000000000000000e+00
1.890000000000000000e+03,6.686940270752776883e+01,4.994215149802425202e+01,-1.328023804902270276e-03,3.429772198542966066e+01,3.672294770495790894e-01,nan,1.174452991406008806e+01,1.000000000000000000e+00
1.892000000000000000e+03,7.712336539456094897e+01,4.421587590954760572e+01,-1.864187837395062108e-02,5.144506006799058468e+02,1.327902520724677515e-02,nan,1.144919626883453034e+01,1.000000000000000000e+00
1.892000000000000000e+03,4.305767342405836473e+01,3.024610392521650581e+01,-1.878200079530513260e-03,4.955537134355716944e+01,3.277806186604804717e-01,nan,9.026554908615830541e+00,1.000000000000000000e+00
1.893000000000000000e+03,5.098035044687510009e+01,3.457159607182691019e+01,-6.654090446129532280e-03,1.820017597954487769e+02,2.833129610474027782e-02,nan,9.026554908615830541e+00,1.000000000000000000e+00
1.893000000000000000e+03,8.658027669822159567e+01,5.066962860057861917e+01,-1.770564462695662158e-02,4.884866925878447432e+02,1.366775741730485993e-02,nan,9.052088904431135674e+00,1.000000000000000000e+00
1.895000000000000000e+03,1.117921598279257438e+02,1.531088118693691769e+01,-1.520698166104317815e-02,4.191930404328028885e+02,1.459401704214391415e-02,nan,1.986964674990507262e+01,1.000000000000000000e+00
1.895000000000000000e+03,1.120502890931913811e+02,4.197355648186157850e+01,-9.724730142524751555e-03,2.671576379263308354e+02,2.508015191718715453e-02,nan,1.525909330119724494e+01,1.000000000000000000e+00
1.896000000000000000e+03,7.703641450167508253e+01,1.635506736919912996e+01,-2.863947792601714143e-02,7.917069554572461811e+02,9.380103259890582024e-03,nan,2.786094422268793380e+01,1.000000000000000000e+00
1.898000000000000000e+03,1.255070454960749800e+02,4.916769544966682304e+01,-3.139610349732539080e-03,8.453716988164954671e+01,1.483163460498833075e-01,nan,7.319519667060244039e+00,1.000000000000000000e+00
1.898000000000000000e+03,1.767686448173802205e+01,3.510946259818512516e+01,-1.345283629666083449e-03,3.477637649376325157e+01,2.981518012895298941e-01,nan,9.509962544621954450e+00,1.000000000000000000e+00
1.900000000000000000e+03,4.016389309425190390e+01,3.960554019464193232e+01,-1.685511360733519008e-03,4.421167143818060907e+01,2.719218826096549968e-01,nan,2.293209910961878606e+01,1.000000000000000000e+00
1.900000000000000000e+03,1.055125916125325958e+01,2.739584448356635704e+01,2.092287505083495827e-03,-5.549250644317375247e+01,3.023056634348630922e-01,nan,1.050115020373937647e+01,1.000000000000000000e+00
1.902000000000000000e+03,7.658772834575303534e+01,2.559356775367158932e+01,-2.797675967010566922e-02,7.733282589590021416e+02,1.369789160110834736e-02,nan,1.012106354924785023e+01,1.000000000000000000e+00
1.902000000000000000e+03,8.341236957154347920e+01,3.809612654570843659e+01,-2.157448624572505178e-02,5.957785398802159307e+02,1.349987361924487317e-02,nan,1.109712762161845134e+01,1.000000000000000000e+00
1.902000000000000000e+03,7.463205303993619566e+01,1.566324744332249708e+01,-1.578758783438552818e-02,4.352945806419070323e+02,1.760470109071576861e-02,nan,1.012106354924785023e+01,1.000000000000000000e+00
1.902000000000000000e+03,1.156025262930256190e+02,3.333787630227461563e+01,-1.533022690100644802e-03,3.998281102580550339e+01,3.192573688099163975e-01,nan,6.197723875926736348e+00,1.000000000000000000e+00
1.903000000000000000e+03,6.326936037033443938e+01,2.795844620694595761e+01,-2.342711116871324176e-02,6.471560760820118503e+02,1.025846968432198025e-02,nan,1.352669862262839828e+01,1.000000000000000000e+00
1.903000000000000000e+03,1.311876769237092049e+02,4.455187539903052851e+01,-5.078199668527600720e-03,1.382986958499813284e+02,4.660757799109949140e-02,nan,7.319519667060244039e+00,1.000000000000000000e+00
1.903000000000000000e+03,1.440142538096939120e+02,1.456121037375755556e+01,-8.307574657780297106e-03,2.278566675477217132e+02,3.986171286423534355e-02,nan,1.029438801897723899e+01,1.000000000000000000e+00
1.904000000000000000e+03,9.167562012306306940e+01,1.683684308817089459e+01,-1.566346158016877418e-02,4.318522750567439061e+02,1.488000018856894258e-02,nan,1.708392535849571914e+01,1.000000000000000000e+00
1.905000000000000000e+03,1.171053447493730602e+02,1.032410666048335202e+01,-1.571799433750455718e-03,4.105817902174205614e+01,3.445648284260448557e-01,nan,2.172123168748760591e+01,1.000000000000000000e+00
1.906000000000000000e+03,1.383806046215845242e+02,5.945154343845925560e+00,-2.733680596341065555e-03,7.327980723826171072e+01,1.194759513042872312e-01,nan,1.029438801897723899e+01,1.000000000000000000e+00
1.907000000000000000e+03,4.791372010606461629e+01,1.107800537875592894e+01,-1.389757428116176335e-03,3.600973687963968928e+01,2.950697933654461425e-01,nan,9.429044061655314835e+00,1.000000000000000000e+00
1.907000000000000000e+03,9.790309803115485465e+01,4.062377776288900577e+01,-1.864717883668987487e-03,4.918147914478549865e+01,1.648254614837231236e-01,nan,1.318426051281243083e+01,1.000000000000000000e+00
1.907000000000000000e+03,7.233183289821407413e+01,3.870271411687132712e+01,-1.663786427390450502e-03,4.360918923281613502e+01,2.737933376161640897e-01,nan,1.109712762161845134e+01,1.000000000000000000e+00
1.908000000000000000e+03,2.255260761572976591e+01,4.941985860354829185e+01,-3.054234422336343444e-02,8.444778001468433786e+02,1.168300331148430793e-02,nan,1.095149354586642865e+01,1.000000000000000000e+00
1.909000000000000000e+03,1.338648747722340318e+02,4.001778274488028586e+01,-2.064955121257148682e-02,5.701279710249142454e+02,1.433863888299502509e-02,nan,2.350183068752156501e+01,1.000000000000000000e+00
1.912000000000000000e+03,5.644665547802377148e+01,7.066037550544239210e+00,-9.867191466005436479e-03,2.711084170147817076e+02,3.009709589845610545e-02,nan,9.429044061655314835e+00,1.000000000000000000e+00
1.912000000000000000e+03,9.969786889148780062e+01,1.606992281567693936e+01,-1.992141598799502047e-02,5.499351120191419113e+02,1.125143023685870602e-02,nan,1.987858155612565625e+01,1.000000000000000000e+00
1.912000000000000000e+03,3.714266473720070394e+01,4.227364984066782938e+01,-1.326663674777622294e-02,3.653828278051175857e+02,1.281241616444350750e-02,nan,1.337951508976264492e+01,1.000000000000000000e+00
1.912000000000000000e+03,1.840168907839106183e+01,7.447681133286303101e+00,-3.174966977069949847e-02,8.779597053322498823e+02,1.293440068940843179e-02,nan,1.882798329614351118e+01,1.000000000000000000e+00
1.913000000000000000e+03,1.199499424493825757e+02,5.184271796390362397e+00,-2.334986601291166169e-02,6.450138908294201201e+02,1.202582655587325355e-02,nan,2.237429754316747932e+01,1.000000000000000000e+00
1.913000000000000000e+03,1.315688766396278986e+01,4.379352254238717279e+01,-1.357943641810477288e-03,3.512746765322722098e+01,3.208231838918916834e-01,nan,1.095149354586642865e+01,1.000000000000000000e+00
1.914000000000000000e+03,8.043354428342173890e+01,5.291306177398587884e+00,-1.868117312610204084e-02,5.155403342391109618e+02,1.358645981937933733e-02,nan,2.040287985383221425e+01,1.000000000000000000e+00
1.915000000000000000e+03,1.328934829921190328e+02,3.297854553849188619e+01,-2.343271767284142715e-02,6.473115572942297149e+02,9.016224082112445082e-03,nan,1.770551423015680470e+01,1.000000000000000000e+00
1.915000000000000000e+03,4.913513860405514322e+01,3.634136574514445073e+01,-2.019756908427421463e-02,5.575934704516937472e+02,1.130709017329289967e-02,nan,1.337951508976264492e+01,1.000000000000000000e+00
1.916000000000000000e+03,1.256636393930669904e+01,2.534857316471951805e+01,-2.130137549321739834e-02,5.882045526149312309e+02,1.578527352805025874e-02,nan,1.845439990392817364e+01,1.000000000000000000e+00
1.917000000000000000e+03,1.161461725884496303e+02,2.723286643176901833e+01,-1.647474396011602837e-02,4.543509952933197269e+02,9.565663801228252439e-03,nan,1.770551423015680470e+01,1.000000000000000000e+00
1.921000000000000000e+03,1.419431508365281331e+02,1.968254595347844571e+01,-2.189868184799653728e-02,6.047692271399447463e+02,1.324746092278861198e-02,nan,2.687920062160944212e+01,1.000000000000000000e+00
1.921000000000000000e+03,2.819298458939894303e+01,3.719178206473080195e+01,-1.428233867669402362e-03,3.707677675453976462e+01,3.551327690247728652e-01,nan,9.161863962414571461e+00,1.000000000000000000e+00
1.922000000000000000e+03,7.137763052456398327e+01,3.479609524960704192e+01,-1.461299873009829246e-03,3.799377288545999676e+01,2.878838369115886975e-01,nan,1.306570665336298198e+01,1.000000000000000000e+00
1.923000000000000000e+03,2.411018265201050781e+01,4.539364036671627645e+01,-1.416990327649888257e-03,3.676496761431877758e+01,3.051251795842763181e-01,nan,9.161863962414571461e+00,1.000000000000000000e+00
1.924000000000000000e+03,7.612372927290905977e+01,2.262287722713282889e+01,-1.546605722263736174e-03,4.035949964638379583e+01,3.066011029359371198e-01,nan,1.306570665336298198e+01,1.000000000000000000e+00
1.924000000000000000e+03,6.805269024488169727e+00,3.739861460461833786e+01,-1.552604072600896829e-03,4.052584765227235408e+01,2.965411568039684198e-01,nan,7.398466683503020391e+00,1.000000000000000000e+00
1.928000000000000000e+03,1.081836585285538916e+02,5.915031003809145815e+00,-4.264963615487786519e-02,1.180240761013077872e+03,1.246512048549730522e-02,nan,2.889345370644499056e+01,1.000000000000000000e+00
1.930000000000000000e+03,3.753180236583335017e+01,6.305582220561314344e+00,-5.031360678163204758e-03,1.369997432701893842e+02,6.091650677748372544e-02,nan,1.202420408603761182e+01,1.000000000000000000e+00
1.930000000000000000e+03,1.374442374002546217e+02,2.655771555230552039e+01,-1.360927275005908293e-03,3.521021064162655989e+01,3.739804580690827551e-01,nan,9.556804152818884290e+00,1.000000000000000000e+00
1.931000000000000000e+03,4.977788186889962674e+01,4.689988786923538555e+01,-3.538811653557483172e-02,9.788621751528404502e+02,9.537779192995254895e-03,nan,2.511073859136654463e+01,1.000000000000000000e+00
1.932000000000000000e+03,7.242410813014980420e+01,1.611606716425232833e+01,-2.142630676437481951e-02,5.916691831653362215e+02,9.988000357015858199e-03,nan,2.504537701232332125e+01,1.000000000000000000e+00
1.932000000000000000e+03,3.973647271499243061e+01,2.388425633743131371e+01,-3.521364050891488684e-02,9.740235549524772978e+02,1.036899388874845673e-02,nan,1.771638662525675301e+01,1.000000000000000000e+00
1.932000000000000000e+03,8.757194833318961003e+01,3.882216171057334719e+01,-2.152076967037490005e-02,5.942888561021106852e+02,6.446894837595307237e-02,nan,6.684095577827521062e+00,1.000000000000000000e+00
1.934000000000000000e+03,9.385804146888342814e+01,3.655012148581576525e+01,-1.626308637990761530e-02,4.484812453754560124e+02,7.102728978823180661e-02,nan,6.684095577827521062e+00,1.000000000000000000e+00
1.934000000000000000e+03,8.602468087989014123e+01,4.600225447197824025e+01,-1.407818728715576860e-02,3.878889847174983743e+02,6.176335421685763549e-02,nan,7.344914474275297422e+00,1.000000000000000000e+00
1.935000000000000000e+03,4.954970736607734239e+01,5.916425044353487372e+00,-2.600848011235923005e-02,7.187433546005622702e+02,9.952568860986277244e-03,nan,1.202420408603761182e+01,1.000000000000000000e+00
1.935000000000000000e+03,1.390697962777013288e+02,1.456288435362247391e+01,-2.374305167989075593e-02,6.559178307411550577e+02,9.915609033131378425e-03,nan,1.210447921841109142e+01,1.000000000000000000e+00
1.936000000000000000e+03,1.060486211432434800e+02,1.984215209996421336e+01,-1.820470851400513707e-03,4.795440750498006111e+01,1.766783039506659714e-01,nan,8.037702474433700672e+00,1.000000000000000000e+00
1.937000000000000000e+03,7.909512093534105226e+00,1.953345754043763094e+01,-1.662713783069567648e-03,4.357944234679296613e+01,3.575592979456569953e-01,nan,2.518149728106032015e+01,1.000000000000000000e+00
1.938000000000000000e+03,1.015128892944524353e+02,1.320650611307038247e+01,-1.466934239874095013e-03,3.815002679522392981e+01,3.034993752632362263e-01,nan,8.037702474433700672e+00,1.000000000000000000e+00
1.938000000000000000e+03,6.238008982499521693e+01,2.504716226259571954e+01,-1.672109768194920834e-03,4.384001455433443795e+01,3.212234932661671705e-01,nan,1.738003554641597859e+01,1.000000000000000000e+00
1.939000000000000000e+03,3.516478450620778773e+01,1.754720152471751504e+01,-1.838824037934906966e-02,5.074166376320735594e+02,1.168832551906706652e-02,nan,1.151245027371033558e+01,1.000000000000000000e+00
1.939000000000000000e+03,7.944768562996284800e+01,2.176649022276390610e+01,-1.351187759262290414e-02,3.721839186400321751e+02,1.410427950433901234e-02,nan,1.738003554641597859e+01,1.000000000000000000e+00
1.939000000000000000e+03,3.943281801286008914e+01,4.080025991060607282e+01,-1.537877472372986033e-02,4.239572558915726290e+02,1.683117784614207579e-02,nan,1.422864268092402895e+01,1.000000000000000000e+00
1.940000000000000000e+03,1.346353638692886534e+02,3.838205158174694276e+01,-1.297909998996300048e-03,3.346259711265599179e+01,3.049958888808433910e-01,nan,2.388754078367588818e+01,1.000000000000000000e+00
1.941000000000000000e+03,4.912111219812079810e+01,9.559276689092810031e+00,-1.648032828630887486e-02,4.545058614605484877e+02,9.774496010381494848e-03,nan,5.886925073284527521e+00,1.000000000000000000e+00
1.941000000000000000e+03,4.464803074731116794e+01,2.756183747151491659e+01,-1.852318897270808368e-02,5.111590714915408853e+02,1.149573436148176864e-02,nan,1.379220404490479090e+01,1.000000000000000000e+00
1.942000000000000000e+03,1.170283614032469899e+02,6.784196434797254760e+00,-1.610417545735332630e-03,4.212914779795163156e+01,2.781490762208986833e-01,nan,1.679213912407893261e+01,1.000000000000000000e+00
1.944000000000000000e+03,1.082000688488857918e+02,2.971290761177083084e+01,-2.052362011063463276e-02,5.666356128749131358e+02,1.270049429922670559e-02,nan,1.167363531991310843e+01,1.000000000000000000e+00
1.944000000000000000e+03,2.580153969188859975e+01,2.424542202360959209e+01,-2.672703613139995257e-02,7.386705602767856362e+02,1.321054583539138516e-02,nan,8.424867215779951124e+00,1.000000000000000000e+00
1.945000000000000000e+03,4.324436074657057816e+01,9.213329879354043683e+00,-5.499999689635636999e-03,1.499961773992644396e+02,1.183669117437491369e-01,nan,5.886925073284527521e+00,1.000000000000000000e+00
1.945000000000000000e+03,6.927098203305551749e+01,7.960520667003120998e+00,-1.129969102250073841e-03,2.880521104639053576e+01,3.743808913027404373e-01,nan,5.238292475784194657e+00,1.000000000000000000e+00
1.947000000000000000e+03,1.257959189971634650e+01,5.190964745826255466e+01,-3.517722958410931383e-02,9.730137965366606068e+02,1.818877276479147209e-02,nan,6.149411073383131310e+00,1.000000000000000000e+00
1.947000000000000000e+03,6.447791808643506428e+00,5.144458381469731023e+01,-1.445863306506331263e-02,3.984396182994638025e+02,2.183515479054850550e-01,nan,6.149411073383131310e+00,1.000000000000000000e+00
1.948000000000000000e+03,1.195424842285074476e+02,2.695186162547416586e+01,-2.124895875040785573e-02,5.867509161730043843e+02,7.305866423497564544e-02,nan,1.167363531991310843e+01,1.000000000000000000e+00
1.948000000000000000e+03,1.058022824243615077e+02,6.662034897647755471e+00,-1.822573268410904168e-02,5.029099266990271531e+02,1.138987960127724186e-02,nan,1.562916339716527681e+01,1.000000000000000000e+00
1.948000000000000000e+03,9.925042762925346551e+01,2.085160667551020808e+01,-1.561163334616659645e-03,4.076321560982212588e+01,2.419143343263076007e-01,nan,1.259439288902467879e+01,1.000000000000000000e+00
1.948000000000000000e+03,7.662328494063091000e+01,3.891011875343235715e+01,-1.695188736700494261e-03,4.448004725884035793e+01,3.068290074311333937e-01,nan,1.011197055442749360e+01,1.000000000000000000e+00
1.949000000000000000e+03,3.158219699846011608e+01,1.811660576698179526e+01,-1.570634703601860027e-02,4.330415870610869433e+02,1.584215541072164779e-02,nan,8.424867215779951124e+00,1.000000000000000000e+00
1.949000000000000000e+03,6.665015461843630362e+01,4.058003493999118660e+01,-9.522160636838292169e-03,2.615399211491003939e+02,1.723249508487723070e-02,nan,1.011197055442749360e+01,1.000000000000000000e+00
1.950000000000000000e+03,4.393703853292169725e+01,3.015926353161521689e+01,-1.713784563059917929e-02,4.727403247566030018e+02,8.426791434634317568e-03,nan,1.725304945155327019e+01,1.000000000000000000e+00
1.951000000000000000e+03,8.279563164892572047e+01,9.659798932292996909e+00,-2.730898279142468174e-02,7.548092752546177735e+02,9.567596934408229004e-03,nan,1.790298339471968703e+01,1.000000000000000000e+00
1.955000000000000000e+03,1.240097704273791663e+02,5.005694763369452183e+00,-1.735467741756172629e-03,4.559707640745104129e+01,2.730032959347745702e-01,nan,1.691535427307086437e+01,1.000000000000000000e+00
1.957000000000000000e+03,7.761446745703520378e+01,4.149292528344015096e+01,-1.988339187544997319e-03,5.260978129941618420e+01,2.791369139581570957e-01,nan,2.309897777912518535e+01,1.000000000000000000e+00
1.958000000000000000e+03,6.780922944374043482e+01,1.645096464691032523e+01,-3.534849842900486538e-02,9.777634742343285552e+02,1.023710005641109699e-02,nan,2.689316799893367005e+01,1.000000000000000000e+00
1.958000000000000000e+03,1.006993551890363676e+02,4.229960541919488293e+01,-1.273486863979208811e-03,3.278528758932407783e+01,2.703947896847913590e-01,nan,2.232472066298771907e+01,1.000000000000000000e+00
1.958000000000000000e+03,1.229620468131809332e+02,4.396264911335152448e+01,-1.309267661036293872e-03,3.377757111812621105e+01,3.567776984158995690e-01,nan,2.231909566133539968e+01,1.000000000000000000e+00
1.959000000000000000e+03,1.939845484554250277e+01,1.175268321078857525e+01,-2.041127559934230798e-02,5.635200420303384590e+02,9.391767546541529565e-02,nan,1.206830524696552409e+01,1.000000000000000000e+00
1.960000000000000000e+03,1.258056676581569917e+02,2.182544396839570666e+01,-8.161523532679978640e-03,2.238063350308453323e+02,2.494286604541073871e-02,nan,1.691535427307086437e+01,1.000000000000000000e+00
1.963000000000000000e+03,9.106049961247874691e+00,1.805430151339019318e+01,-2.586841203142382223e-02,7.148589456143289453e+02,1.172555686586906898e-02,nan,1.206830524696552409e+01,1.000000000000000000e+00
1.963000000000000000e+03,1.562987759114319353e+01,5.221522230253705743e+01,-8.235022017228180516e-03,2.258446165004488080e+02,2.239691739893978628e-02,nan,3.477828109764701736e+01,1.000000000000000000e+00
1.964000000000000000e+03,1.040903847314316550e+02,9.926208338968752543e+00,-1.802732221313400537e-02,4.974075494888075468e+02,1.446272932934422606e-02,nan,8.680824839908957813e+00,1.000000000000000000e+00
1.965000000000000000e+03,6.279822752933370111e+01,2.632290220321669239e+01,-1.255106159692094374e-03,3.227554852222649373e+01,3.238628901259565929e-01,nan,1.040225994229448503e+01,1.000000000000000000e+00
1.966000000000000000e+03,2.635181852601829888e+01,1.115978163594961003e+01,-1.998743638856229771e-02,5.517660090766700023e+02,1.334541738913330722e-02,nan,1.857285486213810444e+01,1.000000000000000000e+00
1.968000000000000000e+03,7.167708930831187786e+01,3.174257243459285505e+01,-1.705878794735664729e-03,4.477650707479457282e+01,2.722363414814196192e-01,nan,1.040225994229448503e+01,1.000000000000000000e+00
1.969000000000000000e+03,1.126082505789062083e+02,1.160032939361414783e+01,-1.554247863033075480e-02,4.284971405079346027e+02,1.451397893569106312e-02,nan,8.680824839908957813e+00,1.000000000000000000e+00
1.969000000000000000e+03,1.351873480348691317e+02,1.950606282572789851e+01,-2.049956707540989687e-02,5.659685670672658944e+02,1.359075411522225885e-02,nan,1.318432054985475155e+01,1.000000000000000000e+00
1.969000000000000000e+03,4.215121726422778892e+01,2.400079985927651904e+01,-2.083341928762269882e-02,5.752270542581577502e+02,1.287982261571507525e-02,nan,2.035958618196227832e+01,1.000000000000000000e+00
1.969000000000000000e+03,1.175726746829168157e+01,3.332607446062240797e+01,-1.802898034405122502e-02,4.974535332603575739e+02,1.029902461946052838e-02,nan,2.653950749666862308e+01,1.000000000000000000e+00
1.969000000000000000e+03,1.286021515364556080e+02,5.144914639872617101e+01,-1.862603374867718639e-02,5.140111928977430580e+02,1.118352869799998928e-02,nan,2.710474098305980206e+01,1.000000000000000000e+00
1.970000000000000000e+03,1.048329215191631789e+02,3.842260855692775579e+01,-2.345738172632192906e-02,6.479955480388505293e+02,1.031148802945991427e-02,nan,2.708845277237772819e+01,1.000000000000000000e+00
1.973000000000000000e+03,9.275558404360573661e+01,1.417550165522019512e+01,-2.083002753803137388e-02,5.751329932665056504e+02,1.074815050625910207e-02,nan,2.001898800486139507e+01,1.000000000000000000e+00
1.973000000000000000e+03,1.236903152874412086e+02,1.305280424064917710e+01,-2.630252042610133761e-02,7.268977665792726839e+02,1.022978957876630179e-02,nan,1.117684398143887314e+01,1.000000000000000000e+00
1.975000000000000000e+03,5.278247022814640843e+01,2.602662678527078199e+01,-2.272457282917523733e-02,6.276730773784510120e+02,9.858423128296656124e-03,nan,2.773604863221330419e+01,1.000000000000000000e+00
1.977000000000000000e+03,6.828658996695742189e+01,4.902468463486130190e+01,-1.574917711246756917e-03,4.114465600527256584e+01,3.371488525829616778e-01,nan,2.773604863221330419e+01,1.000000000000000000e+00
1.978000000000000000e+03,1.290255924550031708e+01,5.947268319475362830e+00,-2.179638495206237536e-02,6.019322997031101750e+02,1.341757904260498790e-02,nan,2.283332898724988524e+01,1.000000000000000000e+00
1.979000000000000000e+03,1.280487216139792395e+02,7.458658652570449910e+00,-1.647008902944155709e-02,4.542219033944271587e+02,1.332690768092192890e-02,nan,1.538575965652277233e+01,1.000000000000000000e+00
1.979000000000000000e+03,1.057148051092879371e+02,4.046322942151959268e+01,-1.812294399640472856e-02,5.000593607489884107e+02,2.017387915922208563e-02,nan,8.286643746494354090e+00,1.000000000000000000e+00
1.980000000000000000e+03,1.233688171389850794e+02,2.211540093430595633e+01,-1.308370700476164071e-02,3.603097666703479831e+02,5.224902542202014555e-02,nan,8.580504280558484353e+00,1.000000000000000000e+00
1.980000000000000000e+03,1.138189293942499347e+02,4.219286353172994808e+01,-1.429021942558420834e-02,3.937691219934670244e+02,3.680317424118273451e-02,nan,8.286643746494354090e+00,1.000000000000000000e+00
1.981000000000000000e+03,2.889840938528285363e+01,2.224124545661425145e+01,-1.046573591539436653e-02,2.877074267416198836e+02,2.327734094073063975e-02,nan,1.279269175296172456e+01,1.000000000000000000e+00
1.981000000000000000e+03,4.168979678328452110e+01,2.205856891039381651e+01,-1.262522259411574983e-02,3.475949429013122085e+02,1.858718087478639092e-02,nan,1.055751781947771839e+01,1.000000000000000000e+00
1.981000000000000000e+03,1.152622703569451943e+02,2.492768701137586618e+01,-1.499573915735329284e-02,4.133348015383484153e+02,2.469264687218164500e-02,nan,8.580504280558484353e+00,1.000000000000000000e+00
1.984000000000000000e+03,5.422091542835620004e+01,9.285926566274602223e+00,-1.605915043508362311e-02,4.428256341084208429e+02,1.180404520021050008e-02,nan,1.789327602614038426e+01,1.000000000000000000e+00
1.985000000000000000e+03,3.024423420102773719e+01,4.759916684869301662e+01,-9.927521461331237015e-03,2.727815060898795423e+02,2.070289329376084897e-02,nan,2.539360986078034443e+01,1.000000000000000000e+00
1.986000000000000000e+03,4.943396950773846044e+01,2.923415051207692983e+01,-1.079617484796411599e-02,2.968712558631680167e+02,2.350297336610340793e-02,nan,1.055751781947771839e+01,1.000000000000000000e+00
1.986000000000000000e+03,1.431692882358769907e+02,4.872571652270951148e+01,-3.538724451969019885e-02,9.788379921532891785e+02,3.008509094376510262e-02,nan,1.759062464815280080e+01,1.000000000000000000e+00
1.986000000000000000e+03,1.261215433787791227e+02,5.306212872630524657e+01,-2.543652920858468364e-02,7.028818448585203669e+02,1.004090370837751323e-02,nan,1.759062464815280080e+01,1.000000000000000000e+00
1.987000000000000000e+03,1.213280591699880659e+02,2.212640300537160343e+01,-1.494900933036670369e-02,4.120388763092768727e+02,1.882679313865853743e-02,nan,1.728282675864420526e+01,1.000000000000000000e+00
1.987000000000000000e+03,1.008562019271935810e+02,3.531229568770041993e+01,-1.532674462793245495e-03,3.997315388427061578e+01,2.863052135568350254e-01,nan,2.257404312268901592e+01,1.000000000000000000e+00
1.988000000000000000e+03,8.155055499209723280e+01,4.887925166849250758e+01,-1.995243007902988697e-02,5.507952038624165425e+02,1.290003155868935103e-02,nan,2.178800924779132231e+01,1.000000000000000000e+00
1.991000000000000000e+03,4.144305799738513230e+01,6.078933168878509541e+00,-6.287203997030334918e-03,1.718271574856953521e+02,4.599021655627277827e-02,nan,2.189993661813618786e+01,1.000000000000000000e+00
1.991000000000000000e+03,1.279720796463728760e+02,6.171682930149739121e+00,-2.059842470940837639e-03,5.459273126712558621e+01,2.108660512345492677e-01,nan,1.728282675864420526e+01,1.000000000000000000e+00
1.992000000000000000e+03,8.332609834248341940e+01,2.108967668786936756e+01,-1.095430107777625901e-02,3.012564587155204094e+02,9.262648232167214335e-02,nan,7.285530996719997709e+00,1.000000000000000000e+00
1.993000000000000000e+03,8.911468979792232403e+01,2.551360829518288753e+01,-1.234613892051123103e-02,3.398553128412680167e+02,1.098379849112782747e-01,nan,7.285530996719997709e+00,1.000000000000000000e+00
1.993000000000000000e+03,9.872716650300969832e+01,2.678093487654377114e+01,-2.391026975684773515e-02,6.605551713576218162e+02,1.734356853824391420e-01,nan,9.695660115209861374e+00,1.000000000000000000e+00
1.993000000000000000e+03,2.260861032406596394e+01,4.236216867999364410e+01,-1.331804617128702628e-02,3.668085289736409322e+02,1.766096998957222830e-02,nan,3.415971652558376093e+01,1.000000000000000000e+00
1.995000000000000000e+03,5.213814460591989786e+01,2.518972452649430593e+01,-2.027875547003865284e-02,5.598449550463075184e+02,1.376602955639427694e-02,nan,2.189993661813618786e+01,1.000000000000000000e+00
1.997000000000000000e+03,1.308908194533396454e+02,1.946745098642698579e+01,-1.401402585754960971e-03,3.633268379713945961e+01,3.646811024779915700e-01,nan,1.181984759337035662e+01,1.000000000000000000e+00
1.997000000000000000e+03,1.197309942309460240e+02,2.336194686344755311e+01,-1.752737348347154596e-03,4.607600218827656846e+01,3.417438891862266681e-01,nan,7.797502519539147414e+00,1.000000000000000000e+00
2.000000000000000000e+03,2.953815835104505894e+01,3.364642471271830715e+01,-2.015652088891011981e-02,5.564551098924848702e+02,1.286411419980004744e-02,nan,1.556571240972047043e+01,1.000000000000000000e+00
2.000000000000000000e+03,1.529878956505871557e+01,3.993385498261424260e+01,-2.828707315050319263e-02,7.819339631548161833e+02,1.018753565442087616e-02,nan,1.556571240972047043e+01,1.000000000000000000e+00
2.000000000000000000e+03,1.426309010909638744e+02,9.497867859899065124e+00,-1.834049180878135482e-02,5.060924603080580368e+02,8.674466021850113506e-02,nan,5.356034568016058373e+00,1.000000000000000000e+00
2.001000000000000000e+03,7.121049957148564147e+00,9.602578042152595472e+00,-2.841426810444356438e-02,7.854613708182176879e+02,1.598583543646303617e-02,nan,1.642336821025413585e+01,1.000000000000000000e+00
2.001000000000000000e+03,2.334734272212340755e+01,1.213919911651730033e+01,-2.228604107169068066e-02,6.155115864224407005e+02,1.073192534103617479e-02,nan,1.642336821025413585e+01,1.000000000000000000e+00
2.001000000000000000e+03,5.700559747692221890e+01,3.197916705240462321e+01,-1.366693551849098957e-03,3.537012271750577241e+01,3.727360129939133460e-01,nan,2.751799339050073456e+01,1.000000000000000000e+00
2.003000000000000000e+03,1.410152014899817345e+02,1.460439516259403092e+01,-2.613762035951771451e-02,7.223247097044285283e+02,4.464700489117778837e-02,nan,5.356034568016058373e+00,1.000000000000000000e+00
2.005000000000000000e+03,1.260075417078117255e+02,9.978745192912898077e+00,-1.657834804838211658e-03,4.344413709552551239e+01,2.611540635909849195e-01,nan,1.227001466336606939e+01,1.000000000000000000e+00
2.007000000000000000e+03,5.501999435923033843e+01,1.822957632571122844e+01,-2.262072387103181495e-02,6.247931076984973515e+02,1.430567554240891326e-02,nan,1.526930933797964585e+01,1.000000000000000000e+00
2.007000000000000000e+03,9.145760473199493390e+01,2.735900251341487888e+01,-1.622004682624105919e-03,4.245048566704274862e+01,2.651345677274068446e-01,nan,1.776918850221947821e+01,1.000000000000000000e+00
2.007000000000000000e+03,1.443208982126458864e+02,4.438636527792441910e+01,-1.568823232763982573e-03,4.097564214553523954e+01,2.633237091541856811e-01,nan,1.568273851957411935e+01,1.000000000000000000e+00
2.009000000000000000e+03,1.083703248415595795e+02,2.190886870561377719e+01,-8.039458591010271299e-03,2.204211943681093260e+02,1.955505870132601132e-02,nan,1.627359407509380773e+01,1.000000000000000000e+00
2.009000000000000000e+03,6.681082175232621978e+01,3.861307712643826306e+01,-2.111290167742823493e-02,5.829777416325009654e+02,1.289100991978220367e-02,nan,1.695986118070020865e+01,1.000000000000000000e+00
2.009000000000000000e+03,5.083691494649414722e+01,3.291472713479912926e+01,-2.214762239350992132e-02,6.116729191558005141e+02,1.162754150457767643e-02,nan,1.108623701122260563e+01,1.000000000000000000e+00
2.010000000000000000e+03,1.375795853145114336e+02,1.405809153808374923e+01,-2.066296405612766483e-03,5.477171367103075283e+01,2.532942713983060701e-01,nan,8.643233505134421790e+00,1.000000000000000000e+00
2.011000000000000000e+03,1.774717897414531365e+01,4.892813892794199404e+01,-1.062395424527306544e-02,2.920951837399545070e+02,2.257993649537692882e-02,nan,2.833505048083030076e+01,1.000000000000000000e+00
2.011000000000000000e+03,1.222605856550510026e+02,3.038769637541063773e+01,-3.454953245810878787e-03,9.328235130407790621e+01,1.321715497364531755e-01,nan,1.445164350874886061e+01,1.000000000000000000e+00
2.012000000000000000e+03,4.535525913514046437e+01,4.255091417298255863e+01,-1.479424693650361645e-02,4.077469603392853514e+02,1.503129448267148671e-02,nan,1.108623701122260563e+01,1.000000000000000000e+00
2.012000000000000000e+03,6.818398116385473884e+01,6.211879169795182953e+00,-1.451210006996943476e-03,3.771395777020602935e+01,3.473208918001090550e-01,nan,1.778670277420120271e+01,1.000000000000000000e+00
2.013000000000000000e+03,8.077032333287807830e+01,2.081088000405253524e+01,-1.638396247845481631e-03,4.290506134780546432e+01,2.460053413047692539e-01,nan,1.572441327535581479e+01,1.000000000000000000e+00
2.015000000000000000e+03,7.681050008730446166e+01,4.876418707552760168e+01,-2.483698215801085490e-02,6.862550307023916503e+02,1.050064180911824963e-02,nan,1.990627887281943842e+01,1.000000000000000000e+00
2.015000000000000000e+03,5.042369823045715549e+01,7.180974471322990382e+00,-1.279635817540071985e-03,3.295581216785929968e+01,3.326211631602267182e-01,nan,1.755425928749885145e+01,1.000000000000000000e+00
2.017000000000000000e+03,9.208897381206593025e+01,3.172625100939022857e+01,-1.652829498977662764e-02,4.558360881099451376e+02,9.024424506872130713e-03,nan,1.572441327535581479e+01,1.000000000000000000e+00
2.017000000000000000e+03,5.942702034584586812e+01,3.906498243593183162e+01,-1.571035365404899404e-03,4.103698965491590656e+01,3.051651033493179010e-01,nan,9.100934574794655063e+00,1.000000000000000000e+00
2.017000000000000000e+03,1.673372274627888956e+01,9.969699655789668213e+00,-2.183186524981079596e-03,5.801334464822345183e+01,2.725527179517054366e-01,nan,1.667134650699544096e+01,1.000000000000000000e+00
2.018000000000000000e+03,1.141577095903749210e+02,4.783369747632135294e+00,-1.644217947858129386e-02,4.534479075672597332e+02,1.551563688820689624e-02,nan,3.372746468638825945e+01,1.000000000000000000e+00
2.018000000000000000e+03,3.291277554437072439e+01,5.948251544366882193e+00,-1.998197320479551398e-02,5.516145024666313930e+02,1.425840459022853501e-02,nan,1.667134650699544096e+01,1.000000000000000000e+00
2.018000000000000000e+03,3.004940871885392539e+01,3.496001762317297334e+01,-2.101726071078346969e-02,5.803253983733806081e+02,1.116674391392069587e-02,nan,2.022133107602981639e+01,1.000000000000000000e+00
2.018000000000000000e+03,8.078086097975601731e+00,5.202361503748359439e+01,-1.551998611343112164e-02,4.278733714508841786e+02,1.054233111366553732e-02,nan,2.117998959994135433e+01,1.000000000000000000e+00
2.019000000000000000e+03,1.332530464944333914e+02,3.258462840065124055e+01,-2.053739865532817031e-03,5.442349202912043893e+01,2.143313422130531665e-01,nan,2.574806950996622490e+01,1.000000000000000000e+00
2.020000000000000000e+03,4.378753156169394600e+01,4.979801651929930983e+01,-1.156445740305592218e-02,3.181774923806874540e+02,1.480842151146100072e-02,nan,1.618314931501431175e+01,1.000000000000000000e+00
2.022000000000000000e+03,9.292150123230062064e+00,3.087844991643980563e+01,-2.550272355160819460e-02,7.047175657391177310e+02,1.152961019446840929e-02,nan,2.115473893363488855e+01,1.000000000000000000e+00
2.022000000000000000e+03,5.988698720389186292e+01,4.815428607395559624e+01,-1.727298954417281042e-03,4.537053720784245314e+01,2.980505677553754174e-01,nan,9.100934574794655063e+00,1.000000000000000000e+00
2.024000000000000000e+03,6.117040751381270525e+01,4.615990363385869877e+00,-2.058609719824803022e-02,5.683682457412910480e+02,1.031678004788627590e-02,nan,1.341379105480142542e+01,1.000000000000000000e+00
2.024000000000000000e+03,4.096607573270253511e+01,2.509969992645248738e+01,-1.425029896774925768e-03,3.698792329662829559e+01,3.316628995866479634e-01,nan,1.826539188068755948e+01,1.000000000000000000e+00
2.024000000000000000e+03,8.853280175502143834e+01,3.220638781400192130e+01,-1.444319751993753840e-03,3.752287520326366632e+01,2.244145252417055758e-01,nan,1.805243500592348482e+01,1.000000000000000000e+00
2.024000000000000000e+03,4.829199608617160067e+01,8.367831186538385424e+00,-1.506126150930284539e-03,3.923690833509824927e+01,3.391457749182276160e-01,nan,1.341379105480142542e+01,1.000000000000000000e+00
2.025000000000000000e+03,1.058369771321532653e+02,5.167941692991333014e+01,-9.725351293838504010e-03,2.671748638762320525e+02,2.388702154099908714e-02,nan,1.599255589556970136e+01,1.000000000000000000e+00
2.027000000000000000e+03,1.152350097362942734e+02,1.721002792205096199e+01,-1.119649794863003447e-03,2.851903299584292739e+01,3.586170293250752206e-01,nan,1.676683695861649426e+01,1.000000000000000000e+00
2.028000000000000000e+03,1.062455191810736608e+02,3.569208014522072858e+01,-1.467100944139950250e-02,4.043293020817694696e+02,1.677173072659410291e-02,nan,1.599255589556970136e+01,1.000000000000000000e+00
2.030000000000000000e+03,1.301509234642375077e+02,4.495422817928297832e+01,-1.580142106617125159e-03,4.128954046566330760e+01,2.782449182366916185e-01,nan,2.264824117480328169e+01,1.000000000000000000e+00
2.030000000000000000e+03,2.389014708620891980e+01,4.808829311422816488e+01,-1.508704175135766948e-02,4.158668317785611066e+02,1.452435902799031897e-02,nan,2.839100341017179474e+01,1.000000000000000000e+00
2.031000000000000000e+03,5.302016080704256495e+01,3.068616546176333060e+01,-1.266977453520090700e-03,3.260476671466356891e+01,3.468495671148226211e-01,nan,9.440684026040436549e+00,1.000000000000000000e+00
2.031000000000000000e+03,1.441779782939731831e+02,1.836127861187271648e+01,-1.415907881528632745e-03,3.673494890190094253e+01,3.199161269171929556e-01,nan,2.896585588380921550e+01,1.000000000000000000e+00
2.032000000000000000e+03,9.890184653368780232e+01,2.099877460055163780e+01,-1.411468404775378417e-02,3.889011235566155733e+02,1.889201740670831686e-02,nan,1.642628246990068774e+01,1.000000000000000000e+00
2.034000000000000000e+03,1.118100052727250784e+02,3.166688276327518992e+01,-2.327888220805900479e-02,6.430453471926023212e+02,1.500250705933321438e-01,nan,7.255341282453944274e+00,1.000000000000000000e+00
2.035000000000000000e+03,5.225255475221170087e+01,4.936222640284777441e+01,-1.820845301298377669e-02,5.024307218055934072e+02,1.186701220729569073e-02,nan,1.312012776810985315e+01,1.000000000000000000e+00
2.035000000000000000e+03,2.280177191578140494e+01,1.503224133017813102e+01,-1.733396426304704540e-03,4.553963408155298964e+01,2.546423753997089090e-01,nan,1.208905873271515397e+01,1.000000000000000000e+00
2.036000000000000000e+03,1.249593141881930904e+02,4.242141906106876093e+01,-2.206350747289127084e-02,6.093402195761005942e+02,3.528438274591039203e-02,nan,1.008331348372802339e+01,1.000000000000000000e+00
2.036000000000000000e+03,5.891548758529513918e+01,3.805987803123287705e+01,-1.947097781712394532e-02,5.374434289248262075e+02,1.002139148874814367e-02,nan,9.440684026040436549e+00,1.000000000000000000e+00
2.037000000000000000e+03,3.478301321304640226e+01,1.342127949954765853e+01,-2.119473374138378108e-02,5.852471323635521685e+02,1.475500634947801704e-02,nan,1.090008622609818723e+01,1.000000000000000000e+00
2.037000000000000000e+03,1.161833263158437006e+02,3.745601397432027113e+01,-3.333221907570552839e-02,9.218474255071082553e+02,3.328757993440933927e-02,nan,7.255341282453944274e+00,1.000000000000000000e+00
2.039000000000000000e+03,4.034994229101570795e+01,2.279257505444481779e+01,-3.428492159970509406e-02,9.482680505397134993e+02,3.295622335261183533e-02,nan,8.856030203561058300e+00,1.000000000000000000e+00
2.040000000000000000e+03,3.172505124191819448e+01,2.480268086200403843e+01,-2.893681509241082320e-02,7.999527967179212737e+02,2.644883359866190276e-02,nan,8.856030203561058300e+00,1.000000000000000000e+00
2.040000000000000000e+03,9.948172562609890690e+01,2.989042771271605048e+01,-2.647634977697576469e-02,7.317184529776184263e+02,1.517402677784063236e-02,nan,9.405635342788825071e+00,1.000000000000000000e+00
2.040000000000000000e+03,7.855895013041092056e+01,2.432368275656874346e+01,1.325834976577416066e-03,-3.423702075815786117e+01,3.524086337412669634e-01,nan,2.165066243443265037e+01,1.000000000000000000e+00
2.042000000000000000e+03,1.076522195181387431e+01,1.690143440633392657e+01,-1.535823655900559305e-03,4.006048822856762115e+01,2.606034431063000145e-01,nan,2.239964596647800832e+01,1.000000000000000000e+00
2.043000000000000000e+03,5.824714709988109718e+01,3.628785145051102035e+01,-2.124428297192042930e-02,5.866212461164652723e+02,1.564752007550351820e-02,nan,2.241500446077796482e+01,1.000000000000000000e+00
2.045000000000000000e+03,1.075211622852838644e+02,2.500847785589948558e+01,-2.274447741705668685e-02,6.282250772310770799e+02,8.874218557864077539e-03,nan,9.405635342788825071e+00,1.000000000000000000e+00
2.045000000000000000e+03,1.240889379106689887e+02,2.635570317833740361e+01,-6.310844013834135575e-03,1.724827493456976129e+02,4.027838407710815360e-02,nan,1.033450524817397742e+01,1.000000000000000000e+00
2.046000000000000000e+03,5.184292671515049022e+01,1.137754686267530602e+01,-1.546125092246570555e-02,4.262445099567411830e+02,1.644395313709079431e-02,nan,1.651438582743988803e+01,1.000000000000000000e+00
2.046000000000000000e+03,3.626744454978140908e+01,2.395634375002042660e+01,-2.597261302320208465e-02,7.177486779940032875e+02,1.400958781378114359e-02,nan,7.038195558164871635e+00,1.000000000000000000e+00
2.046000000000000000e+03,1.337457046663492690e+02,3.003658005089421579e+01,-9.508379126855629263e-03,2.611577282835809228e+02,2.097336182044573505e-02,nan,1.033450524817397742e+01,1.000000000000000000e+00
2.047000000000000000e+03,1.179204834677570233e+02,3.523548779431007461e+01,-1.248756898179661547e-02,3.437774926649054237e+02,1.296413496077630789e-02,nan,9.660107625885908433e+00,1.000000000000000000e+00
2.048000000000000000e+03,1.247363048641077228e+02,5.393305980283235712e+00,-3.278846591023561879e-02,9.067679036907273940e+02,6.471089986417588591e-02,nan,1.889090121163744129e+01,1.000000000000000000e+00
2.049000000000000000e+03,4.315177983340828405e+01,2.541994356471766636e+01,-7.857213386380111977e-03,2.153671170520235592e+02,1.133282076799524418e-01,nan,7.038195558164871635e+00,1.000000000000000000e+00
2.049000000000000000e+03,5.784684521504266286e+01,4.402675427085513604e+01,-1.951558134223916122e-02,5.386803869285211022e+02,1.534603139154033791e-02,nan,9.507631260580602373e+00,1.000000000000000000e+00
2.049000000000000000e+03,9.193774432338157965e+01,3.805263407209655924e+01,-1.571450865066729248e-03,4.104851241305902221e+01,2.892900447572952505e-01,nan,1.207123010863662493e+01,1.000000000000000000e+00
2.050000000000000000e+03,1.188943322958783284e+02,5.051937966085056075e+01,-1.182374623619567022e-02,3.253681661355626602e+02,6.663670833094970103e-02,nan,1.531488596523446688e+01,1.000000000000000000e+00
2.051000000000000000e+03,1.168375137882376293e+02,2.563627657583275976e+01,1.131407615472957394e-03,-2.884510431580971712e+01,3.716438417775956848e-01,nan,3.809818252435221098e+00,1.000000000000000000e+00
2.051000000000000000e+03,1.291851592088227640e+01,4.177442421024517927e+01,-2.053146079424992242e-03,5.440702497911353674e+01,2.249802626135684047e-01,nan,2.937101393218267020e+01,1.000000000000000000e+00
2.053000000000000000e+03,1.157204258739384954e+02,2.199391062657458917e+01,-1.282539313731181950e-03,3.303633277341712216e+01,3.446178680396706495e-01,nan,3.809818252435221098e+00,1.000000000000000000e+00
2.055000000000000000e+03,4.602173115949313598e+01,4.965863485129860777e+01,-1.814017477634851869e-02,5.005372097778783882e+02,1.373339612761970141e-02,nan,7.464433948209014069e+00,1.000000000000000000e+00
2.056000000000000000e+03,3.070487000886945950e+01,1.537798469407267454e+01,-1.924959818710506726e-02,5.313040642782092391e+02,1.448680025462401044e-02,nan,2.848919632995632512e+01,1.000000000000000000e+00
2.056000000000000000e+03,7.694383641010853125e+01,3.359132105955643510e+01,-1.348361445695460100e-03,3.486173138805923344e+01,3.053129367385661874e-01,nan,7.185521244378532124e+00,1.000000000000000000e+00
2.057000000000000000e+03,1.356542579041767453e+02,2.672135584614175485e+01,-4.649692170489501397e-03,1.264152005887369086e+02,6.866261448128674338e-02,nan,1.184967859747369623e+01,1.000000000000000000e+00
2.058000000000000000e+03,9.574368289020203804e+01,2.712798597909861087e+01,-3.577364340348421906e-02,9.895537190088041370e+02,9.458736150511737328e-03,nan,1.987986237470875750e+01,1.000000000000000000e+00
2.058000000000000000e+03,8.763385378235109613e+01,4.713958696201041931e+01,-2.619749745049524889e-02,7.239852387036794426e+02,9.733760566981497497e-03,nan,1.725780925791118747e+01,1.000000000000000000e+00
2.061000000000000000e+03,2.198177994789009659e+01,4.249886239585142533e+01,-1.413170151439057005e-02,3.893730569184879187e+02,1.666242064863521222e-02,nan,8.468957160420591990e+00,1.000000000000000000e+00
2.064000000000000000e+03,5.315570080146098775e+01,2.037187060365695146e+01,-2.719135043920685793e-02,7.515470604589614823e+02,9.451733427421005196e-03,nan,1.521443215068606136e+01,1.000000000000000000e+00
2.064000000000000000e+03,9.092136257979933589e+01,3.087730522373028919e+01,-2.626168181522389386e-02,7.257652182783449462e+02,8.860923600557457647e-03,nan,2.128916462300348655e+01,1.000000000000000000e+00
2.065000000000000000e+03,4.008754615078332506e+01,3.134608678002709681e+01,-1.591290982166635934e-02,4.387700466461193969e+02,1.787903716148109279e-02,nan,1.706487874729065979e+01,1.000000000000000000e+00
2.065000000000000000e+03,1.363594272331880930e+01,4.393769400726377938e+01,-1.089629062408516667e-02,2.996476958474329990e+02,2.396639913944742517e-02,nan,8.468957160420591990e+00,1.000000000000000000e+00
2.066000000000000000e+03,2.063423268425554014e+01,5.545041334998694893e+00,-1.316877302604342083e-02,3.626688424518061993e+02,2.106399818858473161e-02,nan,1.886547828908505053e+01,1.000000000000000000e+00
2.066000000000000000e+03,8.293163594724383358e+01,5.061034347642661402e+01,-2.281604770317649869e-02,6.302098853379239927e+02,2.708129485636412426e-02,nan,2.128916462300348655e+01,1.000000000000000000e+00
2.066000000000000000e+03,1.169405243531744389e+02,5.165017101951735157e+01,-1.532045185343965110e-03,3.995570257800230252e+01,2.915453937310982235e-01,nan,1.044423459158902645e+01,1.000000000000000000e+00
2.068000000000000000e+03,6.834949502022573142e+01,2.116405928425061944e+01,-1.869508025587703764e-02,5.159260108294515703e+02,1.202331673242595933e-02,nan,1.521443215068606136e+01,1.000000000000000000e+00
2.068000000000000000e+03,1.104337840540888749e+02,1.691769749972647929e+01,-1.137554393977264350e-02,3.129384889653667869e+02,5.701427898552779983e-02,nan,8.410952538058936057e+00,1.000000000000000000e+00
2.070000000000000000e+03,1.103027160943044436e+02,8.507766240352356846e+00,-1.755465643193981906e-02,4.842994438040987575e+02,1.577174632511313401e-02,nan,8.410952538058936057e+00,1.000000000000000000e+00
2.070000000000000000e+03,5.260729899277369270e+01,4.684968030366830050e+01,-1.299372705134281721e-03,3.350316130707238216e+01,2.927742548028836600e-01,nan,1.992750921140962106e+01,1.000000000000000000e+00
2.071000000000000000e+03,3.878068232212184796e+01,1.070378504023556765e+01,-1.465043073793140423e-02,4.037586074585357210e+02,1.515931020270799845e-02,nan,6.947623140878294024e+00,1.000000000000000000e+00
2.071000000000000000e+03,1.121571452514497622e+02,4.236570439114669284e+01,-1.323536972308077308e-03,3.417329183166290107e+01,3.256723478161073215e-01,nan,7.965094985736939748e+00,1.000000000000000000e+00
2.072000000000000000e+03,2.444459712095777348e+01,3.523123676632178558e+01,-9.031156005485190680e-03,2.479232371082184727e+02,2.263606874918622225e-02,nan,2.840984384100914895e+01,1.000000000000000000e+00
2.073000000000000000e+03,1.094649167243400427e+02,4.986201306206122297e+01,-1.358386152181034106e-03,3.513973948024457883e+01,3.256805005546851151e-01,nan,7.965094985736939748e+00,1.000000000000000000e+00
2.074000000000000000e+03,7.177534081586175319e+01,1.610216887682346965e+01,-9.813204014874409714e-03,2.696112212302982130e+02,2.353146315385623577e-02,nan,1.943300053680365025e+01,1.000000000000000000e+00
2.074000000000000000e+03,9.367168658484739296e+01,4.573273440903682996e+01,-1.593885334156002528e-03,4.167067167125526339e+01,2.895319315421107653e-01,nan,1.632412510468178013e+01,1.000000000000000000e+00
2.075000000000000000e+03,1.097538237521214768e+02,1.819731014108494094e+01,-1.572669686447101395e-02,4.336059344554466293e+02,1.433482073845970817e-02,nan,9.705078248398161023e+00,1.000000000000000000e+00
2.076000000000000000e+03,1.325924191396800325e+02,4.591739055101974998e+00,-1.721574429292634101e-02,4.749006332432931572e+02,1.346904575125507098e-02,nan,9.999676268737673013e+00,1.000000000000000000e+00
2.078000000000000000e+03,9.601944763924532822e+01,1.487197477806200929e+01,-5.756934257926514358e-03,1.571215619927985472e+02,4.796048615538306414e-02,nan,1.413120456601325259e+01,1.000000000000000000e+00
2.078000000000000000e+03,1.236010835723686938e+02,8.967742962270875751e+00,-2.215919796582217077e-03,5.892111330977101602e+01,3.049531720236784427e-01,nan,9.999676268737673013e+00,1.000000000000000000e+00
2.079000000000000000e+03,1.188053708908987147e+02,2.491774760435587410e+01,-9.881113456237220274e-03,2.714945057196561038e+02,2.170920474014381707e-02,nan,1.127363230299985730e+01,1.000000000000000000e+00
2.079000000000000000e+03,1.726058366412525658e+01,4.636126929682007614e+01,-1.726295310630500401e-02,4.762098418630789070e+02,1.084885675603819433e-02,nan,2.206781461650585641e+01,1.000000000000000000e+00
2.081000000000000000e+03,8.217834637075327464e+01,1.164747758499165187e+01,-1.675226741134960623e-03,4.392645535952915736e+01,2.703541824096978852e-01,nan,1.421173692666631538e+01,1.000000000000000000e+00
2.081000000000000000e+03,6.103029719530747599e+01,2.943020967610278404e+01,-1.254106077013910671e-02,3.452609425839706887e+02,1.241661336713240082e-02,nan,1.563503952916168060e+01,1.000000000000000000e+00
2.083000000000000000e+03,3.711421351323972573e+01,2.992094356086914431e+01,-9.118578427967807473e-03,2.503476612969553230e+02,2.044959920472344539e-02,nan,1.625434559246242117e+01,1.000000000000000000e+00
2.084000000000000000e+03,2.170572601774436095e+01,2.474578523088874960e+01,-2.704378648312310077e-02,7.474547736707945660e+02,1.102845324134393845e-02,nan,1.625434559246242117e+01,1.000000000000000000e+00
2.084000000000000000e+03,1.003412217544325813e+02,2.624884165278151116e+01,-2.795553664218948520e-02,7.727396957417283829e+02,9.462552569090232346e-03,nan,1.043371127360246220e+01,1.000000000000000000e+00
2.084000000000000000e+03,1.278109803125587689e+02,3.257545014568554365e+01,-2.005173947391424363e-02,5.535492810463831574e+02,1.151839680306099289e-02,nan,1.182122706266059353e+01,1.000000000000000000e+00
2.084000000000000000e+03,7.390329796971617782e+01,3.830378348491968410e+01,-1.618638205127612140e-02,4.463540585001209706e+02,2.727383400525063006e-02,nan,1.015534998598071859e+01,1.000000000000000000e+00
2.086000000000000000e+03,4.692793828899386455e+01,1.449024894178048406e+01,-7.432012424323115700e-03,2.035753196136701888e+02,3.057070194101640936e-02,nan,1.652487475431628283e+01,1.000000000000000000e+00
2.088000000000000000e+03,3.190809187872271835e+01,7.599987737899700058e+00,-2.482454210560108496e-02,6.859100395306199971e+02,1.018262536493019788e-02,nan,1.652487475431628283e+01,1.000000000000000000e+00
2.088000000000000000e+03,6.916400271944822009e+01,1.458585363698171555e+01,-1.897025381163420805e-03,5.007744011427973874e+01,2.847075037066864045e-01,nan,2.223626995728064770e+01,1.000000000000000000e+00
2.089000000000000000e+03,7.640279647187404066e+01,4.814673225932002509e+01,-1.470941884105049675e-02,4.053944827864937110e+02,9.957726816238743339e-03,nan,1.015534998598071859e+01,1.000000000000000000e+00
2.089000000000000000e+03,9.698306581101914503e+01,3.612735974005634887e+01,-1.626961676185341562e-03,4.258795446225558123e+01,2.934879447702312127e-01,nan,1.043371127360246220e+01,1.000000000000000000e+00
2.090000000000000000e+03,8.887241063867568869e+01,4.779228981100580143e+01,-1.511234816551657208e-03,3.937858334424235096e+01,3.256084335455458056e-01,nan,1.247465057298469304e+01,1.000000000000000000e+00
2.091000000000000000e+03,1.237387101439594090e+02,2.526036638992943040e+01,-1.978075899033042429e-02,5.460343710219341347e+02,1.283550769892038979e-02,nan,1.791295601903212287e+01,1.000000000000000000e+00
2.093000000000000000e+03,3.212702930582982219e+01,3.332293378302691167e+01,-1.832933964251437292e-03,4.830003819565035172e+01,2.991854713547709155e-01,nan,9.729354645365232201e+00,1.000000000000000000e+00
2.096000000000000000e+03,2.923606715864514882e+01,4.261285733916209750e+01,-1.306747806450913110e-02,3.598597009527848058e+02,2.281348581102549122e-02,nan,9.729354645365232201e+00,1.000000000000000000e+00
2.096000000000000000e+03,1.236788362799014038e+02,4.317322234480669607e+01,-2.843636656796851014e-02,7.860742118718324036e+02,9.313621236062941122e-03,nan,1.791295601903212287e+01,1.000000000000000000e+00
2.096000000000000000e+03,2.247437792474874030e+01,1.782272483631905047e+01,-1.562523950955480500e-03,4.080094862006996692e+01,2.815513000750118344e-01,nan,9.993270155596542637e+00,1.000000000000000000e+00
2.100000000000000000e+03,5.160584228654833794e+01,1.647285914751972768e+01,-2.345885249665315836e-02,6.480363358718324207e+02,1.033164854937929089e-02,nan,1.734046071553600754e+01,1.000000000000000000e+00
2.101000000000000000e+03,2.877237661054812534e+01,1.006381634630541022e+01,-2.128271419840786771e-02,5.876870321294014730e+02,8.772669046282488559e-03,nan,9.993270155596542637e+00,1.000000000000000000e+00
2.102000000000000000e+03,1.168990802477128881e+02,3.727495947019213673e+01,-1.293853038413634270e-02,3.562836861673393400e+02,4.489251095766089161e-02,nan,9.851061954933966192e+00,1.000000000000000000e+00
2.102000000000000000e+03,1.114130367371902395e+02,4.545705872653214641e+01,-1.991085981098790134e-02,5.496423650310138100e+02,1.794314585213829805e-02,nan,9.851061954933966192e+00,1.000000000000000000e+00
2.103000000000000000e+03,3.032396943403375644e+01,2.848347631989951978e+01,-1.611797568871678812e-02,4.444569932468065758e+02,1.746743788849192125e-02,nan,1.411063645803863231e+01,1.000000000000000000e+00
2.103000000000000000e+03,3.825144300858229229e+01,4.298136289382409103e+01,-1.044155030189944551e-02,2.870367042346087487e+02,2.421361409460853764e-02,nan,1.603951116149254830e+01,1.000000000000000000e+00
2.103000000000000000e+03,8.227061556725691105e+01,4.073253454874858193e+01,-1.681688593211672685e-03,4.410565733121937626e+01,2.773614053207934527e-01,nan,1.360013066962309836e+01,1.000000000000000000e+00
2.104000000000000000e+03,2.310103149624072572e+01,4.824738124798430050e+01,1.271668174367269208e-03,-3.273485115709334536e+01,3.275797266156732501e-01,nan,1.603951116149254830e+01,1.000000000000000000e+00
2.105000000000000000e+03,1.251724355361360637e+02,2.386656393159878320e+01,-1.716103337475389373e-02,4.733833740592244794e+02,1.294540348306005839e-02,nan,1.408886885717532245e+01,1.000000000000000000e+00
2.105000000000000000e+03,1.661748150751337505e+01,3.183642278101100587e+01,-1.324487476816661085e-03,3.419965150068914284e+01,3.068399544492627085e-01,nan,1.411063645803863231e+01,1.000000000000000000e+00
2.107000000000000000e+03,6.899185951592404820e+01,4.367161467014943810e+01,-1.898990121906044340e-02,5.241020720067848515e+02,1.043896463062954361e-02,nan,1.190685961684836158e+01,1.000000000000000000e+00
2.107000000000000000e+03,1.239479735490190535e+02,9.831004857704002120e+00,-3.128703692808638276e-02,8.651298360346064555e+02,1.274552382846871890e-02,nan,1.408886885717532245e+01,1.000000000000000000e+00
2.108000000000000000e+03,6.901664726530364646e+01,1.729749777314713910e+01,-2.298519048687489019e-02,6.349006024846628407e+02,1.775525844647651841e-02,nan,5.842648808339962585e+00,1.000000000000000000e+00
2.109000000000000000e+03,3.634749916145359805e+01,1.962864994834382060e+01,-1.474880008407317665e-02,4.064866149358366556e+02,1.821760434971264608e-02,nan,2.217962503126000939e+01,1.000000000000000000e+00
2.111000000000000000e+03,5.719313667617417707e+01,4.527269096005539950e+01,-4.108945223647148676e-02,1.136973284280609050e+03,1.158074563890409969e-02,nan,8.183409553642498224e+00,1.000000000000000000e+00
2.111000000000000000e+03,1.390569010048192133e+01,4.380979893619109333e+01,-1.443457342450301826e-03,3.749895860957560956e+01,3.531136395691139018e-01,nan,1.159566793721133315e+01,1.000000000000000000e+00
2.112000000000000000e+03,6.344173375161208384e+01,1.904589258338182489e+01,-1.682075921892658976e-02,4.639467916497885653e+02,3.352348476062305682e-02,nan,5.842648808339962585e+00,1.000000000000000000e+00
2.112000000000000000e+03,1.727985237268034169e+01,3.095828420836653905e+01,-2.056006839896732438e-03,5.448636042520287504e+01,1.984474278723056262e-01,nan,7.822268314428040270e+00,1.000000000000000000e+00
2.112000000000000000e+03,8.999912846634607888e+01,3.048293639360604601e+01,-1.365740923628357226e-03,3.534370415307284219e+01,3.095107498933793444e-01,nan,8.981758667132728746e+00,1.000000000000000000e+00
2.113000000000000000e+03,9.726923282236530355e+00,3.299326424208493336e+01,-1.558481874550416693e-03,4.068885257501804631e+01,2.906972557958463765e-01,nan,7.822268314428040270e+00,1.000000000000000000e+00
2.114000000000000000e+03,1.363033736237037203e+02,4.479239179658977577e+01,-1.439502031670585915e-03,3.738926877422219519e+01,2.923133546091335466e-01,nan,1.948827508823524823e+01,1.000000000000000000e+00
2.115000000000000000e+03,2.929903383296634445e+01,2.426255895854750477e+01,-2.539501592338559363e-02,7.017305862919824904e+02,1.179379203625241512e-02,nan,1.375839596742101989e+01,1.000000000000000000e+00
2.116000000000000000e+03,1.352297346489663425e+02,2.533371339165550395e+01,-3.979880137158489650e-02,1.101180577018723170e+03,1.012154873504833574e-02,nan,3.031210891771916938e+00,1.000000000000000000e+00
2.116000000000000000e+03,5.446038604142913897e+01,3.755904941465364999e+01,-5.294781429919064898e-03,1.443050046005894558e+02,5.568826268019533288e-02,nan,8.183409553642498224e+00,1.000000000000000000e+00
2.116000000000000000e+03,4.064922182849093701e+01,4.905652950511086630e+00,-1.305344822565917239e-03,3.366878181435257034e+01,3.424557446761415935e-01,nan,1.974088082497733510e+01,1.000000000000000000e+00
2.117000000000000000e+03,2.101117385669000015e+01,6.917976881493100194e+00,-2.436216101555959204e-02,6.730871519089230333e+02,1.107657999517064340e-02,nan,1.922298495067923341e+01,1.000000000000000000e+00
2.117000000000000000e+03,8.107427195187892011e+00,2.128086005948603798e+01,-9.581509739136776296e-03,2.631858078118827962e+02,2.370635807502796677e-02,nan,1.182383944886456639e+01,1.000000000000000000e+00
2.118000000000000000e+03,5.660129779378466708e+01,2.005667521461517921e+01,-6.479229943048375913e-03,1.771524771825247342e+02,3.562059105441084395e-02,nan,1.763282750353857153e+01,1.000000000000000000e+00
2.119000000000000000e+03,1.264850396586908658e+02,8.613702332894352054e+00,-1.465013282097133406e-02,4.037503455382671973e+02,2.177760116410365487e-02,nan,6.143747303548767746e+00,1.000000000000000000e+00
2.119000000000000000e+03,9.529623418671585000e+01,3.114911048395935822e+01,-7.154668670926339971e-03,1.958839415297019002e+02,1.912758328676581465e-01,nan,7.959365776373246604e+00,1.000000000000000000e+00
2.121000000000000000e+03,9.333519235825950489e+01,2.343510902497931170e+01,-2.378240510703209451e-02,6.570091914923414151e+02,1.096320854816801305e-02,nan,7.959365776373246604e+00,1.000000000000000000e+00
2.121000000000000000e+03,1.333336459387079458e+02,2.769868423148151493e+01,-2.263630563555524278e-02,6.252252257494619698e+02,5.407518536462896375e-02,nan,3.031210891771916938e+00,1.000000000000000000e+00
2.123000000000000000e+03,1.133303382640514201e+02,3.463610332572634576e+01,-2.050288175526259696e-03,5.432776875234230118e+01,1.785417570777765306e-01,nan,5.335136392818167650e+00,1.000000000000000000e+00
2.124000000000000000e+03,1.253044542205218335e+02,1.464295178477855686e+01,-1.868721623730583772e-02,5.157079235664443786e+02,1.473097754905794421e-02,nan,5.823410473107295537e+00,1.000000000000000000e+00
2.125000000000000000e+03,1.397786376150795320e+02,1.017042045142381745e+01,-1.404760488713335982e-03,3.642580614406749362e+01,3.383439965459692500e-01,nan,9.104500546838464103e+00,1.000000000000000000e+00
2.126000000000000000e+03,3.739585459028756276e+01,4.099078021375260050e+01,-1.015739238110206256e-02,2.791563536673462522e+02,2.439198307286194467e-02,nan,1.889090718296373339e+01,1.000000000000000000e+00
2.126000000000000000e+03,1.364343525575939111e+02,1.863845963777978909e+01,-2.004176331531808825e-03,5.304898160835030296e+01,2.793625019164583945e-01,nan,9.104500546838464103e+00,1.000000000000000000e+00
2.127000000000000000e+03,1.176317970321750721e+02,3.147997709312648240e+01,-1.778048544943170838e-03,4.677793969504673299e+01,3.471486229228946119e-01,nan,5.335136392818167650e+00,1.000000000000000000e+00
2.128000000000000000e+03,8.951162657048125482e+01,8.259869180761780783e+00,-1.951494088570310953e-02,5.386626256005488358e+02,1.224445415476327348e-02,nan,3.276512072329051506e+01,1.000000000000000000e+00
2.128000000000000000e+03,2.049331248104220649e+01,3.255452248650539104e+01,-1.854130148200164654e-02,5.116613728966383405e+02,2.643313626262540073e-01,nan,6.066492517832950071e+00,1.000000000000000000e+00
2.129000000000000000e+03,1.155746082996551110e+02,3.877503569144053586e+01,-6.538367061737219293e-03,1.787924850538456667e+02,8.190434412458913460e-02,nan,7.296050021948716768e+00,1.000000000000000000e+00
2.129000000000000000e+03,1.226114228609194470e+02,1.980625418096782653e+01,-2.568182784058535995e-03,6.869017350487276019e+01,1.635287058096132062e-01,nan,5.823410473107295537e+00,1.000000000000000000e+00
2.131000000000000000e+03,1.608478353985382370e+01,3.672192024093531870e+01,-3.477464560845990038e-02,9.618492199801556808e+02,3.257990663644116935e-02,nan,6.066492517832950071e+00,1.000000000000000000e+00
2.131000000000000000e+03,9.839506555699745149e+01,3.979774558017469133e+01,-1.635129730300648523e-02,4.509275364938957864e+02,1.327280808083441954e-02,nan,1.720995712845665793e+01,1.000000000000000000e+00
2.133000000000000000e+03,1.223670790486537925e+02,3.611145031702972830e+01,-1.786007119405307389e-02,4.927692953117246475e+02,7.303733999295847212e-03,nan,7.296050021948716768e+00,1.000000000000000000e+00
2.134000000000000000e+03,2.026636684225752916e+01,7.654111690152111791e+00,-1.615565079128532949e-02,4.455018102100801229e+02,1.816578503808363720e-02,nan,1.464002764869148265e+01,1.000000000000000000e+00
2.134000000000000000e+03,7.385384378439894704e+01,1.164245460606069571e+01,-1.458638217074195373e-03,3.791995906459808907e+01,2.824395056232129608e-01,nan,9.900757412581530303e+00,1.000000000000000000e+00
2.134000000000000000e+03,7.859691363748723347e+01,2.033315571192742510e+01,-1.401660307017786079e-03,3.633983099857589849e+01,3.090774863599908828e-01,nan,9.900757412581530303e+00,1.000000000000000000e+00
2.135000000000000000e+03,1.064920096063473309e+01,2.204016872065624710e+01,-4.098596240808782820e-02,1.134103274092187803e+03,1.096853262750940861e-02,nan,1.565565027965069511e+01,1.000000000000000000e+00
2.136000000000000000e+03,2.853418869545222591e+01,1.973606233391354436e+01,-1.717638120450216271e-02,4.738090045625855282e+02,1.490633684952979987e-02,nan,1.464002764869148265e+01,1.000000000000000000e+00
2.137000000000000000e+03,1.252152568286564787e+02,1.886877818757986702e+01,-1.842069291977449161e-02,5.083166209745507444e+02,1.162565407648730176e-02,nan,1.296426713741802850e+01,1.000000000000000000e+00
2.141000000000000000e+03,1.111705202434602882e+02,4.414629149525253382e+01,-2.342836054195034361e-03,6.244079208510645884e+01,1.887757666064293627e-01,nan,2.891724926003711715e+01,1.000000000000000000e+00
2.144000000000000000e+03,1.331711481940823383e+01,2.430323073975089798e+01,-2.646806460660879740e-02,7.314886862098367146e+02,8.425388757154372854e-03,nan,2.523591792776275256e+01,1.000000000000000000e+00
2.145000000000000000e+03,3.629416420547558175e+01,1.386739080388567125e+01,-1.773945744237140007e-02,4.894243994741665347e+02,1.254584101338751534e-02,nan,7.354299609521582681e+00,1.000000000000000000e+00
2.145000000000000000e+03,4.552603517881897943e+01,2.576589902326098169e+01,-1.448459217744847878e-02,3.991595239963946824e+02,1.647075645378859310e-02,nan,8.564289107739327278e+00,1.000000000000000000e+00
2.145000000000000000e+03,6.069954842235756587e+01,2.436090960108992576e+01,-1.587672677530135986e-03,4.149838046069012165e+01,2.848868357296222564e-01,nan,7.911380808783848195e+00,1.000000000000000000e+00
2.147000000000000000e+03,8.457944284742674768e+01,4.535927411278994015e+01,-2.343516046052309190e-02,6.473793013966602530e+02,1.228195590448022401e-02,nan,1.467685733091995459e+01,1.000000000000000000e+00
2.147000000000000000e+03,5.739808598313842936e+01,1.717131350228029874e+01,-1.614855499651521656e-03,4.225222243392443033e+01,2.677162857855325262e-01,nan,7.911380808783848195e+00,1.000000000000000000e+00
2.148000000000000000e+03,1.090706333839560074e+02,4.294002189534918301e+01,-2.491933991355866143e-02,6.885390000664285708e+02,1.157007367527007613e-02,nan,8.340599673235846723e+00,1.000000000000000000e+00
2.150000000000000000e+03,1.337949145883266624e+02,9.856935071759519218e+00,-1.194682207887973191e-02,3.287813414008870723e+02,2.338191313400084237e-02,nan,3.521243115023993653e+01,1.000000000000000000e+00
2.150000000000000000e+03,4.254890027855367407e+01,1.773572370098035478e+01,-2.281485236445052536e-02,6.301767358547743925e+02,1.205534361131965770e-02,nan,7.354299609521582681e+00,1.000000000000000000e+00
2.151000000000000000e+03,6.946532952866161281e+01,3.610085744946198361e+01,-2.628154603095230607e-03,7.035332953036522952e+01,1.603218839234131776e-01,nan,1.127163160964100896e+01,1.000000000000000000e+00
2.151000000000000000e+03,9.881878669504258994e+01,5.784370142501345846e+00,-2.168374534603326707e-03,5.760257419900257503e+01,1.723956499634290429e-01,nan,3.092929916325045880e+01,1.000000000000000000e+00
2.151000000000000000e+03,7.716122959915419699e+01,2.786539745936728352e+01,-1.503719621395047546e-03,3.917016975418900415e+01,3.220456723461516679e-01,nan,1.127163160964100896e+01,1.000000000000000000e+00
2.151000000000000000e+03,1.373527512391790992e+02,4.596685442777274488e+01,-1.350142333605673173e-03,3.491111949244182000e+01,3.488653614345778031e-01,nan,2.150851534529952147e+01,1.000000000000000000e+00
2.152000000000000000e+03,2.822943595592040822e+01,3.493563558409812231e+01,-8.675514509742292268e-03,2.380604831337551275e+02,3.426741574243852284e-02,nan,2.238043849602108892e+01,1.000000000000000000e+00
2.153000000000000000e+03,5.955103824215129293e+01,1.497530785182690138e+01,-1.765689750335280167e-02,4.871348230989850094e+02,1.243524828584219311e-02,nan,1.597617883155004925e+01,1.000000000000000000e+00
2.153000000000000000e+03,5.367217520136918552e+00,2.890877072250958690e+01,-1.732635425136542671e-03,4.551852977458739957e+01,2.592607365877704906e-01,nan,2.364326821455378180e+01,1.000000000000000000e+00
2.154000000000000000e+03,2.615227757080774751e+01,7.744284130427525170e+00,-2.084468258290762474e-02,5.755394112571769938e+02,1.366740359370033353e-02,nan,1.920099218561838583e+01,1.000000000000000000e+00
2.155000000000000000e+03,5.605170224368275456e+01,3.056353859259700556e+01,-2.418320748575131240e-02,6.681243602817140754e+02,1.275719360841776062e-02,nan,1.451162627216266898e+01,1.000000000000000000e+00
2.157000000000000000e+03,9.888215881665777829e+01,3.707227017078167819e+01,-1.796515397442685277e-02,4.956834817106267224e+02,1.316828270444136972e-02,nan,2.007998255278020139e+01,1.000000000000000000e+00
2.157000000000000000e+03,6.950923413340252921e+01,4.230515141627758879e+01,-2.712289869493158395e-02,7.496487366666276557e+02,3.648806421122441357e-02,nan,9.428976484852631401e+00,1.000000000000000000e+00
2.157000000000000000e+03,7.920668234203131419e+01,2.546451006262957861e+01,-3.340310589938006412e-03,9.010304764185674742e+01,1.752376273587307187e-01,nan,1.380852832133709995e+01,1.000000000000000000e+00
2.158000000000000000e+03,2.303866917039144369e+01,4.560354045635021691e+01,-1.413330736842008818e-03,3.666347877171359215e+01,2.881995422394868500e-01,nan,8.348249013895149062e+00,1.000000000000000000e+00
2.159000000000000000e+03,1.014549380975228274e+02,7.319728157402340507e+00,-1.892540318912015740e-02,5.223133937767323687e+02,7.520199224585855102e-02,nan,8.405871962744429382e+00,1.000000000000000000e+00
2.159000000000000000e+03,1.090698038655845323e+02,1.087957405132175559e+01,-4.516902072097035703e-02,1.250109070644734629e+03,1.646440480997879430e-02,nan,8.405871962744429382e+00,1.000000000000000000e+00
2.159000000000000000e+03,6.233678866711745314e+00,2.488406460644051421e+01,-2.874773210108071825e-02,7.947090919012240420e+02,1.146075913746968933e-02,nan,1.922946044060224580e+01,1.000000000000000000e+00
2.159000000000000000e+03,7.842993036859014921e+01,3.925117429923605528e+01,-5.395417419554008297e-03,1.470958712981685892e+02,2.583063843733026665e-01,nan,9.428976484852631401e+00,1.000000000000000000e+00
2.159000000000000000e+03,2.961553401391176621e+01,5.074534076636496138e+01,1.620413146543137452e-03,-4.240634872296853786e+01,3.531486711218285723e-01,nan,8.348249013895149062e+00,1.000000000000000000e+00
2.160000000000000000e+03,1.388206707694061208e+02,3.327328328310210281e+01,-1.423623236902594145e-02,3.922719371513907163e+02,1.563059016203738327e-02,nan,2.442905182225370808e+01,1.000000000000000000e+00
2.161000000000000000e+03,6.744733663203574281e+01,5.232459444057212750e+00,-8.459214260788626427e-03,2.320619813684059807e+02,2.492642076344397939e-02,nan,1.573049055538700891e+01,1.000000000000000000e+00
2.161000000000000000e+03,1.220905793574773526e+02,1.547208629293134052e+01,-7.787914319155861409e-03,2.134452950518521277e+02,4.342789643735400773e-02,nan,1.380694619021927672e+01,1.000000000000000000e+00
2.162000000000000000e+03,2.578165317868918649e+01,1.189677440663901820e+01,-2.707939978373205547e-02,7.484424121391093649e+02,8.367110636064545304e-03,nan,1.229152773223912476e+01,1.000000000000000000e+00
2.162000000000000000e+03,6.363598572313551927e+01,2.049423972560842344e+01,-1.579278438459274028e-02,4.354386928920893070e+02,1.253027110031856850e-02,nan,1.573049055538700891e+01,1.000000000000000000e+00
2.164000000000000000e+03,7.133190336550203625e+00,5.675654262210676926e+00,-5.003110373522763783e-03,1.362162975595298633e+02,3.182118096239493488e-01,nan,1.922946044060224580e+01,1.000000000000000000e+00
2.166000000000000000e+03,3.549697632422171978e+01,1.942632619743528721e+01,-1.958909759992515445e-02,5.407191612879798868e+02,1.437819976065479732e-02,nan,1.229152773223912476e+01,1.000000000000000000e+00
2.168000000000000000e+03,4.761642372329004758e+01,1.614798391931064003e+01,-2.204501197822783184e-02,6.088272971087142196e+02,1.222475702500414041e-02,nan,1.255502024495872959e+01,1.000000000000000000e+00
2.169000000000000000e+03,7.366193634774607801e+01,2.528297353776295608e+01,-2.097055644151282414e-02,5.790301819183625867e+02,8.526225369145601363e-03,nan,8.019601398892111987e+00,1.000000000000000000e+00
2.169000000000000000e+03,6.287894319132910681e+01,5.187817089256516567e+01,-1.461822004665009472e-02,4.028653311472567111e+02,1.909513267056150987e-02,nan,1.733117692098135976e+01,1.000000000000000000e+00
2.170000000000000000e+03,1.299859964785976274e+02,1.863575799458330806e+01,-1.702664361451661570e-02,4.696564379233311115e+02,1.100670374474244095e-02,nan,1.277096315013193362e+01,1.000000000000000000e+00
2.171000000000000000e+03,1.343518761275368547e+02,5.148295329630639827e+01,-2.114787356157112747e-02,5.839475921517838515e+02,1.742086410141863162e-02,nan,2.483481513279728503e+01,1.000000000000000000e+00
2.172000000000000000e+03,1.394755709913165731e+02,2.718242256911662480e+01,-2.635820194597919205e-02,7.284419427737078649e+02,9.652808389987721505e-03,nan,1.277096315013193362e+01,1.000000000000000000e+00
2.172000000000000000e+03,7.750719915992607412e+01,3.232058396335330031e+01,-3.764032164742066398e-03,1.018538182802351031e+02,3.247270154138058862e-01,nan,8.019601398892111987e+00,1.000000000000000000e+00
2.172000000000000000e+03,3.555507326582554839e+01,3.521519248100002386e+01,-2.397809644989441422e-02,6.624361610464754904e+02,1.341678879741614594e-02,nan,2.256179552235903074e+01,1.000000000000000000e+00
2.172000000000000000e+03,6.215023001948673453e+01,3.456232062237801728e+01,-1.434610623875942669e-03,3.725361882267038283e+01,2.742118585188277891e-01,nan,1.478599556691534467e+01,1.000000000000000000e+00
2.175000000000000000e+03,1.204685593053707038e+01,3.130214590420498766e+01,-5.366200326904429531e-03,1.462856143396830362e+02,6.611005575566852865e-02,nan,2.264243191788774467e+01,1.000000000000000000e+00
2.175000000000000000e+03,1.066082915524883248e+02,5.221538091115328939e+01,-1.712222411594883182e-03,4.495243011285298707e+01,2.584968975434260852e-01,nan,4.922034600054888465e+00,1.000000000000000000e+00
2.178000000000000000e+03,6.413580528858773278e+01,3.639739023304051813e+01,-1.728544993926549658e-02,4.768337306143914702e+02,3.975897195574784604e-02,nan,8.899737388989919395e+00,1.000000000000000000e+00
2.178000000000000000e+03,5.418246391526803052e+01,5.131597369985220780e+01,-2.045813220041941757e-03,5.420366797806030235e+01,2.203771450001480448e-01,nan,1.395116291075375869e+01,1.000000000000000000e+00
2.178000000000000000e+03,3.900564886751750748e+01,3.626143557168949627e+01,-1.484315008292722785e-03,3.863203534836524966e+01,3.464398862735407203e-01,nan,7.802432762313476822e+00,1.000000000000000000e+00
2.179000000000000000e+03,4.806878638738459841e+01,6.166030170266528110e+00,-1.594616241168346450e-03,4.169094139829007162e+01,3.240351123265887701e-01,nan,1.519993232065936972e+01,1.000000000000000000e+00
2.180000000000000000e+03,5.793953358398875508e+01,3.000899899926568182e+01,-1.698016365591874591e-02,4.683674421174945905e+02,2.392189093134389211e-02,nan,8.899737388989919395e+00,1.000000000000000000e+00
2.180000000000000000e+03,1.109259113392948422e+02,4.985220847125087573e+01,-1.440253728748034853e-03,3.741011505742296350e+01,2.862209344664711219e-01,nan,4.922034600054888465e+00,1.000000000000000000e+00
2.181000000000000000e+03,1.838786859537932727e+01,1.195756133951223354e+01,-1.477572028050201398e-03,3.844503704815920742e+01,3.012940969378682388e-01,nan,8.497055143429355084e+00,1.000000000000000000e+00
2.181000000000000000e+03,2.411967618126113777e+01,3.062880891859938970e+01,-1.368213035769318348e-03,3.541226148998498502e+01,3.417396122765881117e-01,nan,1.200633907874303041e+01,1.000000000000000000e+00
2.183000000000000000e+03,1.424220842105240479e+02,1.978485852626392827e+01,-4.918540519621857759e-02,1.361492619584884551e+03,8.766284368745824729e-03,nan,2.253288335504768369e+01,1.000000000000000000e+00
2.183000000000000000e+03,1.248667640274230024e+02,5.285104213907028026e+01,-1.953001625343015434e-03,5.162978968924873868e+01,1.572980256150472433e-01,nan,6.897650380272076553e+00,1.000000000000000000e+00
2.183000000000000000e+03,5.178210551716949084e+01,2.090540612696831957e+01,-1.523892036515495704e-03,3.972959707013853148e+01,3.731034599331518598e-01,nan,6.785650872732431615e+00,1.000000000000000000e+00
2.184000000000000000e+03,2.581280597793519860e+01,1.608917736421777533e+01,-1.398635203791175194e-03,3.625593795114313167e+01,2.750827848890725624e-01,nan,8.497055143429355084e+00,1.000000000000000000e+00
2.186000000000000000e+03,9.314306795369687109e+01,4.731993417654449807e+00,-1.321718212037469725e-02,3.640113376140162131e+02,2.062249190319587200e-02,nan,2.788093212534746712e+01,1.000000000000000000e+00
2.186000000000000000e+03,5.667633024960044708e+01,1.245494107839174802e+01,-1.896895998585079041e-02,5.235213236027291259e+02,1.185927283060750348e-02,nan,9.765438815985335808e+00,1.000000000000000000e+00
2.186000000000000000e+03,1.323386750611977050e+02,4.001578654438250737e+01,-1.806549686529544327e-02,4.984662201074947347e+02,1.349436246990216581e-01,nan,5.573250069414263486e+00,1.000000000000000000e+00
2.187000000000000000e+03,1.189240397373304319e+02,1.534744772115567280e+01,-1.581874981571194374e-03,4.133759706070375728e+01,2.125569550857285828e-01,nan,1.436144159438568479e+01,1.000000000000000000e+00
2.188000000000000000e+03,5.323818757349492614e+01,2.753299111788782483e+01,-1.353555292814895804e-02,3.728404899691696528e+02,1.168019486604288115e-02,nan,6.785650872732431615e+00,1.000000000000000000e+00
2.188000000000000000e+03,1.277354728571595075e+02,3.687386900807383228e+01,-1.543226784460643118e-02,4.254407427648627049e+02,2.103360920703560843e-01,nan,5.573250069414263486e+00,1.000000000000000000e+00
2.189000000000000000e+03,1.089915720766691152e+02,4.259917949521027936e+01,-1.514426284778677863e-02,4.174537039601957531e+02,1.557505110437396034e-02,nan,1.536171115873821513e+01,1.000000000000000000e+00
2.189000000000000000e+03,1.193424864391216005e+02,3.124837592957330656e+01,-1.055992791176369253e-02,2.903195867332812554e+02,3.239483836655110416e-02,nan,1.010388011556085885e+01,1.000000000000000000e+00
2.190000000000000000e+03,5.850796187957906902e+00,1.933292012149489736e+01,-2.751665785936956501e-02,7.605685809776233555e+02,9.573101160185837344e-03,nan,4.006430193192232281e+01,1.000000000000000000e+00
2.192000000000000000e+03,1.330957082419908488e+02,1.302047190199312077e+01,-6.026199859052621885e-03,1.645889143953782821e+02,5.115630474021370944e-02,nan,1.436144159438568479e+01,1.000000000000000000e+00
2.193000000000000000e+03,1.330996963537399438e+02,4.985260496663137531e+01,-1.953696696585526665e-02,5.392734592972993823e+02,1.753527495225839505e-01,nan,1.404359216166648139e+01,1.000000000000000000e+00
2.194000000000000000e+03,1.119423264025095222e+02,1.585396180892659856e+01,-2.131505098817879779e-03,5.658010022259117733e+01,2.767855575045978789e-01,nan,6.440388955291580508e+00,1.000000000000000000e+00
2.194000000000000000e+03,5.685340776067825885e+01,4.109466419010382054e+01,-1.120718336524175428e-03,2.854866610570708829e+01,3.638410513221412845e-01,nan,1.400562180706185877e+01,1.000000000000000000e+00
2.195000000000000000e+03,1.342734848130826890e+02,3.054164487487034307e+01,-1.424495527439735738e-02,3.925138433143402494e+02,1.384364822012495999e-02,nan,1.146542325766093207e+01,1.000000000000000000e+00
2.195000000000000000e+03,4.467551329407825733e+01,9.444056136083798236e+00,-1.300051644760769716e-03,3.352198985936372111e+01,3.650822295716621424e-01,nan,2.583881886048719778e+01,1.000000000000000000e+00
2.196000000000000000e+03,9.587159221376204243e+01,7.044485080303988234e+00,-2.463638105992254843e-02,6.806919023803737900e+02,2.117703136413806586e-02,nan,1.546830459480305642e+01,1.000000000000000000e+00
2.196000000000000000e+03,1.157947683168661790e+01,6.576281097221694516e+00,-2.612772809284131387e-02,7.220503744717659629e+02,3.318139528135999328e-02,nan,3.322005061997163011e+01,1.000000000000000000e+00
2.196000000000000000e+03,3.650662097348340751e+01,4.209355292941752680e+01,-1.322365325792926750e-03,3.414079938783311974e+01,3.356944946387698803e-01,nan,2.037129135025795890e+01,1.000000000000000000e+00
2.198000000000000000e+03,1.143687232750499305e+02,5.164433903216234967e+01,-3.182631872639254261e-02,8.800853565890608934e+02,9.538892634780804514e-03,nan,1.210169322969418815e+01,1.000000000000000000e+00
2.198000000000000000e+03,1.243081027952418509e+02,3.621148541194073545e+01,-2.397939618052110505e-02,6.624722055563471486e+02,8.891288024531540657e-03,nan,7.587134489860129172e+00,1.000000000000000000e+00
2.199000000000000000e+03,1.111497303902590801e+02,9.462529930481325735e+00,-1.967938330300558411e-02,5.432229908116794377e+02,1.205025831168637929e-02,nan,6.440388955291580508e+00,1.000000000000000000e+00
2.199000000000000000e+03,7.570528929991279199e+01,2.004731409527754948e+01,-1.210706503661234442e-03,3.104424427560466881e+01,3.716367834856620922e-01,nan,2.399486060817530486e+01,1.000000000000000000e+00
2.201000000000000000e+03,1.429787780272828570e+02,3.075257265759104541e+01,-2.088903127343411104e-02,5.767693021135255549e+02,1.191323972823632449e-02,nan,1.945234798372554508e+01,1.000000000000000000e+00
2.202000000000000000e+03,1.235501542411282117e+02,4.376066574867545711e+01,-1.890627536142353710e-02,5.217829352647310088e+02,1.790338146513670292e-02,nan,7.587134489860129172e+00,1.000000000000000000e+00
2.204000000000000000e+03,1.144861524396451671e+02,3.726159296729515091e+01,-2.615814696143677065e-02,7.228939594322662288e+02,1.063041459428781810e-02,nan,1.115320920968338214e+01,1.000000000000000000e+00
2.204000000000000000e+03,9.716315516650273310e+01,3.966907308285040301e+01,-2.967584565012169190e-02,8.204478082887363826e+02,3.393695787935657737e-02,nan,1.748948812950493803e+01,1.000000000000000000e+00
2.206000000000000000e+03,4.069707732136559031e+01,3.193513283735229535e+01,-4.244958954231106522e-03,1.151910206630749940e+02,9.364383437951284694e-02,nan,9.498896784192858433e+00,1.000000000000000000e+00
2.206000000000000000e+03,7.975962939620601766e+00,9.950132537110427222e+00,-1.756155450402172285e-03,4.617079399415914054e+01,2.167282486887579518e-01,nan,2.022769977802373376e+01,1.000000000000000000e+00
2.206000000000000000e+03,3.831544091655667472e+01,2.273965306998625024e+01,-2.126033024740582675e-03,5.642834706386125276e+01,2.772510432085975030e-01,nan,9.498896784192858433e+00,1.000000000000000000e+00
2.207000000000000000e+03,6.293123149191927013e+01,3.093198352239958737e+01,-1.084300297041909146e-03,2.753871038359544343e+01,3.596971231534983326e-01,nan,2.225677245756984490e+01,1.000000000000000000e+00
2.208000000000000000e+03,4.559950515740017352e+01,5.337196846063110200e+01,-2.977220761544734778e-02,8.231201464941458426e+02,1.897694109854233258e-01,nan,5.794129001318991889e+00,1.000000000000000000e+00
2.208000000000000000e+03,1.199614968002813100e+02,1.680425881976939451e+01,-1.583072233877970414e-03,4.137079961183582810e+01,2.721699101925764142e-01,nan,1.692853603141383800e+01,1.000000000000000000e+00
2.209000000000000000e+03,4.139872401429394699e+01,4.938130828070485734e+01,-2.747651605754279636e-02,7.594553567890845898e+02,2.262186834095272214e-01,nan,5.794129001318991889e+00,1.000000000000000000e+00
2.211000000000000000e+03,3.111847228584231928e+01,5.704273941986899743e+00,-1.552026592258573361e-02,4.278811312001956821e+02,1.215766203129531320e-02,nan,1.063414025229824666e+01,1.000000000000000000e+00
2.211000000000000000e+03,5.033344668549898415e+01,5.025535601311358569e+00,-3.414752905213339681e-03,9.216750370122734637e+01,1.332624097147867559e-01,nan,8.637776440272816103e+00,1.000000000000000000e+00
2.211000000000000000e+03,1.082174558488648870e+02,2.899658568129712322e+01,-1.567612345197106488e-02,4.322034177887845772e+02,1.394325918448480195e-02,nan,1.692853603141383800e+01,1.000000000000000000e+00
2.211000000000000000e+03,2.087011365525347628e+01,2.553540493230472919e+01,-1.428742829939881132e-03,3.709089144508095615e+01,2.580257985691163380e-01,nan,1.766792777123638203e+01,1.000000000000000000e+00
2.214000000000000000e+03,1.257077267767005964e+02,1.768898858712533340e+01,-4.070580634028510281e-02,1.126333904082595836e+03,9.003546521250016532e-03,nan,1.877615446233152952e+01,1.000000000000000000e+00
2.214000000000000000e+03,9.657488495656913585e+01,7.389620031864239991e+00,-1.905806349902923382e-03,5.032095650753485927e+01,2.587697738124911107e-01,nan,7.503183466140828095e+00,1.000000000000000000e+00
2.215000000000000000e+03,1.375772624873078485e+02,3.223746267920630970e+01,-2.208333735754714963e-02,6.098901477370268367e+02,1.385540247909999856e-02,nan,1.877615446233152952e+01,1.000000000000000000e+00
2.216000000000000000e+03,9.046823281252946458e+01,4.107463561360541604e+01,-1.346542309320072212e-02,3.708956288755018704e+02,1.662212477530988775e-02,nan,1.033234687436363863e+01,1.000000000000000000e+00
2.217000000000000000e+03,6.975977503630393528e+01,7.896985083680394979e+00,-1.528318495267402691e-03,3.985235291885346953e+01,2.270501711629164809e-01,nan,2.167279992385456566e+01,1.000000000000000000e+00
2.217000000000000000e+03,9.096538826128521293e+01,1.237272237399688457e+01,-1.331091969585957270e-03,3.438280922578424992e+01,3.362537541635737259e-01,nan,7.503183466140828095e+00,1.000000000000000000e+00
2.218000000000000000e+03,8.134550471036364172e+01,3.272304948143630554e+01,-2.340680116028210495e-02,6.465928329881282934e+02,2.284890880711731853e-02,nan,6.382809904008059476e+00,1.000000000000000000e+00
2.218000000000000000e+03,2.197576364340517685e+01,1.073526325110976565e+01,1.436907427901440481e-03,-3.731731446365210303e+01,3.508070500493040145e-01,nan,2.033614351925138308e+01,1.000000000000000000e+00
2.219000000000000000e+03,5.571871561899468084e+00,3.449250732104357553e+01,-2.748311547195638263e-02,7.596383736797339452e+02,1.054631618526591375e-02,nan,2.887030171681776736e+01,1.000000000000000000e+00
2.220000000000000000e+03,1.050034881253851893e+02,5.616539193043947442e+00,-2.227422890878955411e-02,6.151840080661617094e+02,1.115721926983737067e-02,nan,1.557928942439401254e+01,1.000000000000000000e+00
2.220000000000000000e+03,9.064798660078014336e+01,3.074385246285728002e+01,-1.420155863770103909e-02,3.913103550932571011e+02,1.451837722001738662e-01,nan,5.383595494985911500e+00,1.000000000000000000e+00
2.220000000000000000e+03,5.437547027732789928e+01,4.053998017641232821e+01,-1.525730329407586809e-03,3.978057714626780239e+01,2.906644047147529664e-01,nan,7.741756588614689072e+00,1.000000000000000000e+00
2.221000000000000000e+03,8.561277968252632320e+01,5.187340089963375789e+01,-2.329516190330476258e-02,6.434968204624825603e+02,8.888158277635116455e-03,nan,1.184013331007671077e+01,1.000000000000000000e+00
2.222000000000000000e+03,1.296945412612794257e+02,8.691926680022914908e+00,-1.703350230339724380e-02,4.698466450893303659e+02,1.063389341797693621e-02,nan,2.083794828018671552e+01,1.000000000000000000e+00
2.222000000000000000e+03,1.237271732578930852e+02,3.029398995912261228e+01,-1.164995713730467355e-02,3.205485960169938267e+02,1.545068040408748011e-02,nan,6.979785055474883038e+00,1.000000000000000000e+00
2.223000000000000000e+03,7.490033580850570161e+01,3.465527853474848996e+01,-2.197224427209098704e-02,6.068092817997453494e+02,1.173989926335350376e-02,nan,6.728574238866684709e+00,1.000000000000000000e+00
2.223000000000000000e+03,8.588445612775656457e+01,2.823549086886642101e+01,-1.930744587118765621e-02,5.329083131719083894e+02,5.385682529560775755e-02,nan,5.383595494985911500e+00,1.000000000000000000e+00
2.223000000000000000e+03,1.335274749445023303e+02,5.186383642810260142e+01,-1.313813542090046076e-02,3.618191914253966956e+02,1.199614963110251509e-02,nan,2.253928134428497287e+01,1.000000000000000000e+00
2.225000000000000000e+03,1.045107162041708726e+01,2.779686513839063267e+01,-1.822617129283789217e-02,5.029220903245756062e+02,1.429399900116534727e-02,nan,3.111978604428369266e+01,1.000000000000000000e+00
2.227000000000000000e+03,3.799151046300274714e+01,8.876827018829537508e+00,-2.221377520986351356e-02,6.135074884066423238e+02,1.435924766723639667e-02,nan,1.871084067765026404e+01,1.000000000000000000e+00
2.227000000000000000e+03,1.306624920371617691e+02,2.950738151106624585e+01,-2.673925907172639005e-02,7.390095304327634267e+02,9.057231522807795976e-03,nan,6.979785055474883038e+00,1.000000000000000000e+00
2.227000000000000000e+03,1.069318134414045431e+02,1.114808717937055249e+01,-1.167795142396722569e-03,2.985421385472499978e+01,3.664250382006328799e-01,nan,2.084137138968585745e+01,1.000000000000000000e+00
2.228000000000000000e+03,4.156592981606239334e+01,2.724307555120229551e+01,-3.292935697257486083e-02,9.106751358379492558e+02,1.052248531658372954e-02,nan,7.848892526796964475e+00,1.000000000000000000e+00
2.228000000000000000e+03,7.349998420402489785e+01,1.214057730654358913e+01,-7.412320496916749088e-03,2.030292173235358746e+02,3.677585976586206229e-02,nan,2.030816061115189441e+01,1.000000000000000000e+00
2.229000000000000000e+03,9.918013850123313091e+01,3.049425726610179410e+01,-1.083069372935033204e-03,2.750457403625500419e+01,3.640760681942404320e-01,nan,1.563905191216667667e+01,1.000000000000000000e+00
2.233000000000000000e+03,1.095657684248668140e+01,4.248524338261509570e+01,-2.058260308854263990e-02,5.682713460690183638e+02,1.149354148695780342e-02,nan,2.434881696173483689e+01,1.000000000000000000e+00
2.233000000000000000e+03,1.146450265204002505e+02,3.282174158743791992e+01,-1.449256216336805049e-02,3.993805499768992036e+02,1.909929318957670485e-02,nan,1.171877253820487041e+01,1.000000000000000000e+00
2.233000000000000000e+03,3.371738764991368242e+01,2.731723594086510332e+01,-1.473105214243231043e-02,4.059944238275090242e+02,1.165309910726969322e-01,nan,5.124038100366760773e+00,1.000000000000000000e+00
2.234000000000000000e+03,1.376535671851302993e+02,1.924328821037616066e+01,-3.171803572027131340e-02,8.770824205937600482e+02,9.970053308581805496e-03,nan,1.097259723711668578e+01,1.000000000000000000e+00
2.234000000000000000e+03,8.041142728520451044e+01,3.437374221037800481e+01,-1.831196717561811398e-03,4.825186036236084419e+01,2.576573836167193043e-01,nan,1.916546175137829167e+01,1.000000000000000000e+00
2.235000000000000000e+03,1.229133251842752088e+02,4.112625042343467641e+01,-3.537013862133596420e-02,9.783636063771648423e+02,1.077791829089425057e-02,nan,1.171877253820487041e+01,1.000000000000000000e+00
2.236000000000000000e+03,1.268859567077944490e+02,1.713225653454845343e+01,-8.433052770322387384e-03,2.313364632633412441e+02,2.416077741049627026e-02,nan,1.097259723711668578e+01,1.000000000000000000e+00
2.237000000000000000e+03,3.312150358827562258e+01,3.240650785726885630e+01,-2.968287774078623431e-02,8.206428242837221205e+02,2.148442378954051879e-02,nan,5.124038100366760773e+00,1.000000000000000000e+00
2.238000000000000000e+03,4.681937783285146537e+01,3.244933355325905922e+01,-1.505404219582283723e-02,4.149516784530841846e+02,1.586344477173906586e-02,nan,1.148450655556449540e+01,1.000000000000000000e+00
2.238000000000000000e+03,8.132645747588490792e+00,1.031434848347554301e+01,-1.578115120924990884e-03,4.123332750561623783e+01,3.407630249925065469e-01,nan,3.071932942134723277e+01,1.000000000000000000e+00
2.242000000000000000e+03,1.056108543458019398e+02,1.348043375192393789e+01,-3.575039418214227827e-02,9.889089648028461852e+02,8.156302419288219419e-03,nan,2.493534569158616065e+01,1.000000000000000000e+00
2.242000000000000000e+03,5.807592978454443511e+01,3.472615787314872904e+01,-6.356569719786276003e-03,1.737508279965663860e+02,3.611859774782844035e-02,nan,1.148450655556449540e+01,1.000000000000000000e+00
2.243000000000000000e+03,7.521788214442786114e+01,2.708690801094355294e+01,-8.429907826008803395e-03,2.312492467478346043e+02,2.745225469537859730e-02,nan,1.876711669824948814e+01,1.000000000000000000e+00
2.244000000000000000e+03,2.876542179441877423e+01,3.313431820264679573e+01,-1.534679720218878711e-02,4.230704459117250735e+02,1.074827452602145073e-02,nan,1.795544410651019618e+01,1.000000000000000000e+00
2.245000000000000000e+03,4.226613844635231487e+01,2.129672457276507913e+01,-1.310025269849355786e-02,3.607686166880430392e+02,1.701625119809835329e-02,nan,1.516302690473539627e+01,1.000000000000000000e+00
2.245000000000000000e+03,1.094178249315730085e+02,3.812345385332341152e+01,-3.614601707851432255e-02,9.998804946729231915e+02,8.138009462238748881e-03,nan,2.493534569158616065e+01,1.000000000000000000e+00
2.246000000000000000e+03,1.322418929792096378e+02,1.143278834613903605e+01,-1.265938883956364315e-02,3.485424512126800778e+02,1.576417945793906483e-02,nan,2.035570542003472383e+01,1.000000000000000000e+00
2.248000000000000000e+03,1.396410635981404482e+02,3.039609547594058014e+01,-3.108415705496828454e-02,8.595035120569887113e+02,9.597659617705867063e-03,nan,2.035570542003472383e+01,1.000000000000000000e+00
2.249000000000000000e+03,6.461347823261743883e+01,1.978551827865457113e+01,-1.612711349191811583e-02,4.447104054777203714e+02,4.871725516706904013e-02,nan,9.007621277731463039e+00,1.000000000000000000e+00
2.249000000000000000e+03,5.704813814237462566e+01,2.467457446589618186e+01,-1.726464973045043275e-02,4.762568931400919610e+02,2.143467060180037631e-02,nan,9.007621277731463039e+00,1.000000000000000000e+00
2.250000000000000000e+03,3.880663366945272230e+01,4.408248968069699458e+01,-1.975254913110241831e-02,5.452520469552814575e+02,1.152315485726906896e-02,nan,2.285454365544844535e+01,1.000000000000000000e+00
2.251000000000000000e+03,1.595439969302830363e+01,4.440740195432212545e+01,-1.904756911983733828e-02,5.257013350972692933e+02,1.504437093490429422e-02,nan,2.285454365544844535e+01,1.000000000000000000e+00
2.251000000000000000e+03,9.279420025556991902e+01,1.735947570526655426e+01,-1.746997255506954963e-02,4.819509657632264634e+02,1.732956800694152033e-02,nan,1.636503007711317181e+01,1.000000000000000000e+00
2.251000000000000000e+03,6.317402451793848428e+01,4.287240594646417691e+01,-1.578342189168777370e-03,4.123962462856360389e+01,2.801136916051001347e-01,nan,1.920123835801926759e+01,1.000000000000000000e+00
2.252000000000000000e+03,1.033711291258854033e+02,2.984718106282146266e+01,-1.512026160117490095e-02,4.167880943695069504e+02,1.379103191764219360e-02,nan,1.480188845028784783e+01,1.000000000000000000e+00
2.254000000000000000e+03,3.983053769002766131e+01,1.731447962746489466e+01,-2.653311229318998030e-02,7.332926076786127396e+02,1.165229065513417872e-02,nan,1.124011738616628975e+01,1.000000000000000000e+00
2.256000000000000000e+03,4.222424712172661287e+01,2.962921079305598582e+01,-2.143109086700713609e-02,5.918018572987429025e+02,1.705348725862609882e-02,nan,7.615949562588480326e+00,1.000000000000000000e+00
2.257000000000000000e+03,1.087844146946739983e+02,1.607067058137116433e+01,-1.451337596556107751e-02,3.999577644267320693e+02,1.619971200500980313e-02,nan,1.480188845028784783e+01,1.000000000000000000e+00
2.258000000000000000e+03,2.360092907942485496e+01,7.264335735119923143e+00,-3.088409409663386840e-02,8.539553075840153724e+02,1.790240117902108796e-02,nan,8.676624847173746602e+00,1.000000000000000000e+00
2.258000000000000000e+03,1.337333086946827052e+02,3.195646400530247178e+01,-2.486402352182437783e-02,6.870049497124600748e+02,9.308838723398049630e-03,nan,1.881597075708853595e+01,1.000000000000000000e+00
2.259000000000000000e+03,5.285540474799512367e+01,5.262039522033963301e+00,-8.878991925824902126e-03,2.437033783476282736e+02,2.173028034990664992e-02,nan,1.774566071953157476e+01,1.000000000000000000e+00
2.259000000000000000e+03,2.909692705965732173e+01,1.397833789030825002e+01,-2.183853283567494669e-02,6.031011571384518675e+02,7.076555009814200492e-02,nan,8.676624847173746602e+00,1.000000000000000000e+00
2.261000000000000000e+03,9.287235455140272222e+01,2.520898271159823167e+01,-3.180404427678596574e-02,8.794676350379596670e+02,1.010980660940041798e-02,nan,1.834945248754135250e+01,1.000000000000000000e+00
2.261000000000000000e+03,3.553394394938347034e+01,3.326823967478074451e+01,-2.706881074250207242e-02,7.481487537507409797e+02,1.350162315724157125e-02,nan,7.615949562588480326e+00,1.000000000000000000e+00
2.262000000000000000e+03,1.178134020645947686e+02,4.198628595890130555e+01,-2.078598890616575878e-02,5.739117010476230689e+02,9.836445603927490566e-03,nan,1.307448489046864992e+01,1.000000000000000000e+00
2.262000000000000000e+03,6.200814021056881131e+01,4.984402010915624004e+01,-3.256521147576914993e-02,9.005765464188455098e+02,1.002659928304305836e-02,nan,1.509489567819237266e+01,1.000000000000000000e+00
2.264000000000000000e+03,1.388555327191407116e+02,2.594571567716392124e+01,-2.537099670312728192e-02,7.010644782508741173e+02,1.012945127141107182e-02,nan,1.388645756407041176e+01,1.000000000000000000e+00
2.264000000000000000e+03,1.295745799805039553e+02,3.627516967734801767e+01,-9.065001250834288718e-03,2.488618433509635963e+02,2.028677798278577527e-02,nan,1.307448489046864992e+01,1.000000000000000000e+00
2.264000000000000000e+03,5.274875632919531654e+01,3.792262397980664446e+01,-1.674094162718234172e-03,4.389504636363112411e+01,1.910997277159247609e-01,nan,1.215569957901994158e+01,1.000000000000000000e+00
2.265000000000000000e+03,1.004938907113117708e+01,1.730179897906701569e+01,-2.945760080288134519e-02,8.143953783549641230e+02,8.833307239368259900e-03,nan,3.007307376761471573e+01,1.000000000000000000e+00
2.266000000000000000e+03,1.382607832370640608e+02,5.654116343142678858e+00,-3.283690127912195639e-02,9.081111275065828750e+02,1.400832946939101209e-02,nan,2.030031355617153466e+01,1.000000000000000000e+00
2.266000000000000000e+03,1.113472006022173701e+02,2.411276278397632566e+01,-3.908968229897777542e-03,1.058732276286058749e+02,6.802459326018273078e-02,nan,1.200253350899185634e+01,1.000000000000000000e+00
2.269000000000000000e+03,6.340511452117353741e+01,4.377096240534635285e+01,-1.109826146968174825e-02,3.052488104079607183e+02,1.595437247989961449e-02,nan,1.215569957901994158e+01,1.000000000000000000e+00
2.271000000000000000e+03,8.240492471472745706e+01,7.371557997063362677e+00,-2.377213744166936649e-02,6.567244455935165206e+02,1.322908260062083396e-02,nan,2.176881236861922986e+01,1.000000000000000000e+00
2.271000000000000000e+03,1.213697601985305425e+02,1.750904339466070425e+01,-2.663250426819388506e-02,7.360489749986066954e+02,1.180516499891626214e-02,nan,1.200253350899185634e+01,1.000000000000000000e+00
2.271000000000000000e+03,4.089717123861039738e+01,4.468151495657438232e+01,-1.605272634081613423e-03,4.198646760323761384e+01,2.897341918175815323e-01,nan,1.530401692646191769e+01,1.000000000000000000e+00
2.272000000000000000e+03,8.452266918434867549e+00,5.153806105290964723e+01,-2.359143117913879012e-02,6.517130466698309874e+02,1.172328972455882745e-02,nan,1.092411758286884016e+01,1.000000000000000000e+00
2.272000000000000000e+03,1.509701639310646115e+01,4.286721049583073295e+01,-1.550641561215468887e-02,4.274970303405196432e+02,2.754838166003326094e-02,nan,1.092411758286884016e+01,1.000000000000000000e+00
2.275000000000000000e+03,7.144885247029516506e+01,4.268469148389451817e+01,-2.357231323439018880e-02,6.511828622346347402e+02,2.342247443352629688e-02,nan,2.210602429342743136e+01,1.000000000000000000e+00
2.276000000000000000e+03,2.596566747897171723e+01,4.132545632160853444e+01,-1.580779553830915368e-02,4.358549865972671000e+02,2.645361028277315452e-02,nan,9.688421519067388132e+00,1.000000000000000000e+00
2.277000000000000000e+03,3.390478046126020928e+01,2.524950039362639842e+01,-2.280491359450928859e-02,6.299011109799705537e+02,1.219238070984152156e-02,nan,1.048511239694421171e+01,1.000000000000000000e+00
2.277000000000000000e+03,4.989520346809274542e+01,3.777383364116862907e+01,-9.438600581959203165e-03,2.592226092683717980e+02,2.300656143178192448e-02,nan,1.614633426999988330e+01,1.000000000000000000e+00
2.277000000000000000e+03,7.730283259585513633e+01,1.903448521587050735e+01,-1.232543867673738204e-03,3.164984444117653339e+01,3.603488683958192551e-01,nan,9.267824923260860714e+00,1.000000000000000000e+00
2.279000000000000000e+03,3.387816407566145216e+01,3.573457900776043061e+01,-2.592605468330649865e-02,7.164575084950943165e+02,1.235459599559973753e-02,nan,9.688421519067388132e+00,1.000000000000000000e+00
2.279000000000000000e+03,1.253238096346212700e+02,5.346728914687344769e+01,-2.415564104506940681e-03,6.445770764713995504e+01,2.577954357272819186e-01,nan,1.524440164944783405e+01,1.000000000000000000e+00
2.282000000000000000e+03,1.404483870672835337e+02,1.948873360043340597e+01,-1.134258545705355177e-02,3.120244746832285614e+02,6.277020941937516696e-02,nan,9.789955160372436183e+00,1.000000000000000000e+00
2.282000000000000000e+03,2.250590441891671745e+01,1.995693199279417485e+01,-2.260366280381726628e-02,6.243199651926505567e+02,1.506902725493231010e-02,nan,1.154436407051845670e+01,1.000000000000000000e+00
2.282000000000000000e+03,7.074416072627849417e+01,2.558249270788204299e+01,-1.520677580405633417e-02,4.191873315466366989e+02,1.155551321268899478e-02,nan,9.267824923260860714e+00,1.000000000000000000e+00
2.282000000000000000e+03,1.105452243854924035e+02,1.197579268254065710e+01,1.220344712770499683e-03,-3.131153390951126880e+01,3.592898193666976825e-01,nan,1.344203840025781460e+01,1.000000000000000000e+00
2.283000000000000000e+03,7.379620399590545610e+00,3.984771175778764984e+01,-2.494185247699060720e-02,6.891633250597759570e+02,2.320492045168609518e-02,nan,1.760871690045750526e+01,1.000000000000000000e+00
2.284000000000000000e+03,9.094041851631612161e+00,8.862749702808375929e+00,-1.825193272446507323e-02,5.036365138809104565e+02,5.403573540666384289e-02,nan,1.398812976415326226e+01,1.000000000000000000e+00
2.284000000000000000e+03,1.128679429415051416e+01,2.267794463536787930e+01,-2.683215913354921114e-02,7.415858621177289933e+02,1.212479827287560319e-02,nan,1.154436407051845670e+01,1.000000000000000000e+00
2.284000000000000000e+03,1.357162639256386569e+02,4.231432203229796585e+01,-2.355912273278188904e-02,6.508170593862054147e+02,9.662645968511629491e-03,nan,1.524440164944783405e+01,1.000000000000000000e+00
2.284000000000000000e+03,1.444357516288408476e+02,1.054758457498149049e+01,-3.110447039699809971e-02,8.600668475992057438e+02,9.823290672648643529e-03,nan,9.789955160372436183e+00,1.000000000000000000e+00
2.284000000000000000e+03,1.118873572662789115e+02,2.535065999718409557e+01,-1.253631260511028390e-03,3.223464618677319038e+01,3.259999464523007928e-01,nan,1.344203840025781460e+01,1.000000000000000000e+00
2.289000000000000000e+03,9.724063774656931969e+01,2.001288617077500120e+01,-2.557356877905936007e-02,7.066822663069077635e+02,1.401292786394425782e-02,nan,1.115686005459935615e+01,1.000000000000000000e+00
2.290000000000000000e+03,3.209730141830598171e+01,1.019398269481065000e+01,-1.563350774040574848e-02,4.310215864118317199e+02,1.291928411101395113e-02,nan,2.096506784512831700e+01,1.000000000000000000e+00
2.290000000000000000e+03,1.249868541282209122e+02,4.773939863062007305e+01,-1.382924381587276146e-02,3.809852115633438530e+02,2.178204082086265814e-02,nan,1.918589326538717543e+01,1.000000000000000000e+00
2.290000000000000000e+03,7.379447842413897263e+01,4.614999211182968253e+01,-4.309995104425799230e-03,1.169946222014067558e+02,7.346209439611928183e-02,nan,2.046462228451328969e+01,1.000000000000000000e+00
2.290000000000000000e+03,1.441071536567592659e+02,4.932453153665820622e+01,-1.399251701120874042e-03,3.627303483539741080e+01,3.243515643803642767e-01,nan,1.918589326538717543e+01,1.000000000000000000e+00
2.292000000000000000e+03,7.808067142975571073e+01,2.242067639260332612e+01,-1.389501033130696207e-02,3.828090678041077126e+02,1.503626897526921802e-02,nan,1.227578430234629181e+01,1.000000000000000000e+00
2.292000000000000000e+03,8.916036895506461235e+01,2.770605083396464252e+01,-2.645184168667250382e-03,7.082559842344807066e+01,2.124494957441943610e-01,nan,1.115686005459935615e+01,1.000000000000000000e+00
2.293000000000000000e+03,1.125902913468859978e+01,1.249625939074814518e+01,-2.059747894220386594e-02,5.686838875934945463e+02,1.285270702391361208e-02,nan,2.096506784512831700e+01,1.000000000000000000e+00
2.294000000000000000e+03,5.432651711682792950e+01,5.245865661272350877e+01,-1.403372850448397205e-03,3.638732375386143758e+01,2.821046315817242744e-01,nan,1.086340743333702186e+01,1.000000000000000000e+00
2.296000000000000000e+03,1.061628490876656343e+02,4.325995866104297960e+01,-2.032674428855250903e-02,5.611757949966306569e+02,1.110435497198358767e-02,nan,1.009300286181254158e+01,1.000000000000000000e+00
2.297000000000000000e+03,3.412262142190017045e+01,2.294451654590983836e+01,-1.367968307552167549e-02,3.768375493698755463e+02,1.579208448742075444e-02,nan,1.215595688557937137e+01,1.000000000000000000e+00
2.298000000000000000e+03,1.162362083854978181e+02,4.263056274007269764e+01,-1.241711134126000093e-02,3.418235407707874174e+02,1.788337703320297400e-02,nan,1.009300286181254158e+01,1.000000000000000000e+00
2.299000000000000000e+03,6.026506360560973974e+01,4.336210305309119661e+01,-2.136998941718713796e-02,5.901073740219844694e+02,9.238201650978217216e-03,nan,7.966971921485321850e+00,1.000000000000000000e+00
2.299000000000000000e+03,7.580822395310399031e+01,4.765540169637890244e+01,-6.172885038182733368e-03,1.686568306840507319e+02,4.138066001650608783e-02,nan,7.621300419222402311e+00,1.000000000000000000e+00
2.300000000000000000e+03,9.674280325417464610e+01,8.786096738091497826e+00,-6.327182111583961460e-03,1.729358422509016577e+02,7.725943834208914840e-02,nan,2.669332244928223474e+01,1.000000000000000000e+00
2.301000000000000000e+03,4.889481095232531516e+01,1.751204839240589095e+01,-1.789974514406136516e-02,4.938695448968006758e+02,2.116925865666330342e-02,nan,9.927777998455978192e+00,1.000000000000000000e+00
2.301000000000000000e+03,2.641398021886161374e+01,4.715940057326550772e+01,-1.730055541049550089e-03,4.544698367454783750e+01,2.280300141500229971e-01,nan,1.397939783160457949e+01,1.000000000000000000e+00
2.302000000000000000e+03,2.765148437557959937e+01,3.323488452435463358e+01,-3.692568847148282752e-03,9.987197665583714468e+01,2.661729729778032905e-01,nan,8.319112747331580238e+00,1.000000000000000000e+00
2.303000000000000000e+03,3.950738151622729788e+01,1.428142235881626299e+01,-4.043655503026940407e-02,1.118866948005269478e+03,9.473009192672132706e-03,nan,9.927777998455978192e+00,1.000000000000000000e+00
2.303000000000000000e+03,3.561452900500444940e+01,3.564269621396054077e+01,-1.659240104812909067e-02,4.576138960692840669e+02,1.227712710780459737e-02,nan,8.319112747331580238e+00,1.000000000000000000e+00
2.304000000000000000e+03,7.005131800988011470e+00,4.551520288947017434e+01,-1.653198665576982021e-03,4.331556632560075570e+01,2.361292066186748695e-01,nan,1.947836704991957291e+01,1.000000000000000000e+00
2.304000000000000000e+03,6.967990045622491380e+01,5.218617107890538165e+01,-2.322727712439667108e-02,6.416142199195319336e+02,1.495948624052945153e-02,nan,7.621300419222402311e+00,1.000000000000000000e+00
2.304000000000000000e+03,1.422524939759992151e+02,4.545205053631813996e+01,-1.265240539555459497e-03,3.255659810860093017e+01,3.567491608243764656e-01,nan,3.047155872673983268e+01,1.000000000000000000e+00
2.305000000000000000e+03,1.313535718874571216e+02,1.699630615060501881e+01,-2.344659462650195217e-02,6.476963970317382291e+02,1.067495873465518219e-02,nan,1.407952038596228128e+01,1.000000000000000000e+00
2.309000000000000000e+03,1.092018636657766848e+02,3.226127292421441695e+01,-6.961855540611598323e-03,1.905367914077285150e+02,3.247813053252779358e-02,nan,1.545573496609062403e+01,1.000000000000000000e+00
2.309000000000000000e+03,8.988578747301316696e+01,3.812221812038734470e+01,-2.290825905158173480e-03,6.099843142060018408e+01,2.189130129851832862e-01,nan,1.686690183776401497e+01,1.000000000000000000e+00
2.310000000000000000e+03,7.070398987062479534e+01,1.068943385722496409e+01,-9.464194066170675268e-03,2.599323752578545168e+02,2.163449891412561055e-02,nan,1.169427340539645144e+01,1.000000000000000000e+00
2.310000000000000000e+03,5.283158416039302807e+01,4.686541848305567726e+01,-8.676477462338823624e-03,2.380871880167970005e+02,2.050787479635529653e-02,nan,1.553485951368047679e+01,1.000000000000000000e+00
2.310000000000000000e+03,6.033130803444689860e+01,5.289109607183320350e+00,-1.533001958035301680e-03,3.998223607810589897e+01,3.744313048644435371e-01,nan,1.169427340539645144e+01,1.000000000000000000e+00
2.310000000000000000e+03,1.243539389739900827e+02,2.921260810231840921e+01,-1.697275139146734758e-03,4.453790798168993348e+01,2.371076981110791237e-01,nan,1.256502794601490614e+01,1.000000000000000000e+00
2.311000000000000000e+03,1.001310806808918130e+02,5.152096226636471243e+01,-2.097178190665234185e-02,5.790641668760235916e+02,1.091948910407958273e-02,nan,1.686690183776401497e+01,1.000000000000000000e+00
2.312000000000000000e+03,1.274051973939597389e+02,1.698723051720225286e+01,-8.134501583589335422e-03,2.230569544355501534e+02,2.735635087934862320e-02,nan,1.260039820974306579e+01,1.000000000000000000e+00
2.314000000000000000e+03,5.121153604915181035e+01,3.141526300723432286e+01,-2.045281515884973117e-02,5.646720292436793898e+02,1.664836389657732285e-01,nan,1.553485951368047679e+01,1.000000000000000000e+00
2.314000000000000000e+03,1.148253251268968853e+02,1.028781507784827198e+01,-1.498065441761627092e-03,3.901336639091623226e+01,2.721321437822709077e-01,nan,1.425255603338122512e+01,1.000000000000000000e+00
2.314000000000000000e+03,1.804763739629988351e+01,2.945194273481350677e+01,-1.308834799564528341e-03,3.376556687719214978e+01,3.518720027153120489e-01,nan,6.554860765580479587e+00,1.000000000000000000e+00
2.315000000000000000e+03,7.589862338549345999e+00,2.269965165753233904e+01,-3.670785307334556435e-03,9.926786915868774486e+01,7.913229478293759556e-02,nan,1.244823256333364725e+01,1.000000000000000000e+00
2.316000000000000000e+03,6.734311677524048889e+01,5.172564309653296988e+01,-1.488228871755649732e-03,3.874057575460737013e+01,2.932910842708845722e-01,nan,2.593722105573560910e+01,1.000000000000000000e+00
2.318000000000000000e+03,1.615103169743486333e+01,7.871045817944875900e+00,-9.744733302560421376e-03,2.677123714107672185e+02,2.305404277870071184e-02,nan,1.712253403960312426e+01,1.000000000000000000e+00
2.319000000000000000e+03,2.205124894397123825e+01,3.464205778474244823e+01,-1.703576193320130569e-03,4.471265065889679846e+01,2.684663188176471538e-01,nan,6.554860765580479587e+00,1.000000000000000000e+00
2.320000000000000000e+03,1.880188532566984705e+01,4.453635383727773700e+01,-1.555803508097726570e-03,4.061457533320981383e+01,3.679882916275750704e-01,nan,1.041419503846342032e+01,1.000000000000000000e+00
2.322000000000000000e+03,1.081377516380198074e+02,4.154077534205428179e+01,-1.092070443251550761e-02,3.003247467231333871e+02,1.824442587364150103e-02,nan,2.419543930653455632e+01,1.000000000000000000e+00
2.323000000000000000e+03,1.332664389281111426e+02,3.241270863531951107e+01,-2.785937438218792292e-02,7.700728958227746261e+02,1.349713818546993682e-02,nan,6.734096828200602403e+00,1.000000000000000000e+00
2.323000000000000000e+03,3.985019928307178816e+01,3.688119543258696353e+01,-1.289541809092877717e-03,3.323052802280853513e+01,3.469470467586708295e-01,nan,9.511891339394130895e+00,1.000000000000000000e+00
2.325000000000000000e+03,8.156611635839207963e+01,4.540812708528636499e+00,-1.898316802192846764e-02,5.239153450146616251e+02,1.182292473782579068e-01,nan,4.750761380540229339e+00,1.000000000000000000e+00
2.326000000000000000e+03,1.826559612634271446e+01,4.618034144954240361e+01,-3.282355242670945139e-02,9.077409332273383598e+02,1.002471751766353947e-02,nan,2.350253624777838724e+01,1.000000000000000000e+00
2.326000000000000000e+03,7.094154751347008236e+00,2.347361402825758958e+01,1.886255692406616944e-03,-4.977877195586357573e+01,2.648583544781840660e-01,nan,2.530605802134132531e+01,1.000000000000000000e+00
2.327000000000000000e+03,1.099195159285561516e+02,1.163198333858046496e+01,-1.887563163194311234e-03,4.981503111814409124e+01,2.294263536059188979e-01,nan,2.363054120605142572e+01,1.000000000000000000e+00
2.328000000000000000e+03,1.022598355187137571e+02,3.398666458681057634e+01,-2.024997169948028475e-02,5.590467151027891077e+02,1.401228112312680185e-02,nan,2.363054120605142572e+01,1.000000000000000000e+00
2.328000000000000000e+03,1.416006782831833561e+02,5.140335286659590963e+01,-1.602976107899349231e-02,4.420105998898200710e+02,1.445308215010798758e-02,nan,1.536176557763395678e+01,1.000000000000000000e+00
2.328000000000000000e+03,7.798790890011650845e+01,7.665899120193693683e+00,-1.760837717720098103e-02,4.857892432233957720e+02,1.563654670071163988e-01,nan,4.750761380540229339e+00,1.000000000000000000e+00
2.330000000000000000e+03,7.921328673560351774e+01,2.820876088371189283e+01,-1.026390690648427279e-02,2.821102456375648444e+02,3.433693001502902131e-02,nan,1.099096356465036983e+01,1.000000000000000000e+00
2.332000000000000000e+03,1.383338947697069727e+02,3.639295756406445292e+01,-3.392899432082199795e-02,9.383973711436231042e+02,1.070451089724133720e-02,nan,1.536176557763395678e+01,1.000000000000000000e+00
2.333000000000000000e+03,3.680219612785101901e+01,1.905720605011801894e+01,-2.643483810928097880e-02,7.305672392681831298e+02,1.284087093876129515e-02,nan,1.017698367370714330e+01,1.000000000000000000e+00
2.333000000000000000e+03,7.320595061520302238e+01,3.741273789454821497e+01,-1.506255583679309666e-02,4.151877812344572476e+02,1.164884301572066683e-02,nan,1.099096356465036983e+01,1.000000000000000000e+00
2.334000000000000000e+03,7.612131249007132894e+00,1.516290213567330447e+01,-1.707688321453159404e-03,4.482668939895668103e+01,3.078722870516663601e-01,nan,2.807840567945373422e+01,1.000000000000000000e+00
2.336000000000000000e+03,1.214450613703951944e+02,3.558406664539608499e+01,-2.543391473671214806e-02,7.028093395598963298e+02,1.191420698536060918e-02,nan,1.690819322423342896e+01,1.000000000000000000e+00
2.336000000000000000e+03,7.238345772056263172e+00,4.573768851947973246e+01,-1.373711265056487725e-03,3.556473999264470365e+01,3.556974254289444470e-01,nan,2.417486197019752936e+01,1.000000000000000000e+00
2.341000000000000000e+03,3.881385035195904010e+01,3.316094759496964883e+01,-1.050930929470982001e-03,2.661330132257458203e+01,3.694912055578613019e-01,nan,7.546501036346075608e+00,1.000000000000000000e+00
2.342000000000000000e+03,7.703019063205236705e+01,7.433891369505741586e+00,-1.002469960063943205e-01,2.777547589923755822e+03,1.087122290354214371e-02,nan,2.579616211373156176e+01,1.000000000000000000e+00
2.342000000000000000e+03,1.336558341731893051e+01,1.722482351988292137e+01,-1.779773491360164134e-02,4.910405673507441975e+02,1.172308269790911517e-02,nan,2.255522310996750335e+01,1.000000000000000000e+00
2.343000000000000000e+03,9.086067568657176707e+01,5.210746183919042807e+01,-5.559868154232363441e-02,1.539347474906959178e+03,8.405865138300661066e-03,nan,2.684336223161446000e+01,1.000000000000000000e+00
2.343000000000000000e+03,5.160433017851691062e+01,1.178907219184381816e+01,-1.296239918512607581e-03,3.341628195223354680e+01,2.646770212892034513e-01,nan,1.736108456878141126e+01,1.000000000000000000e+00
2.344000000000000000e+03,1.386679595509273497e+02,2.425324885803460617e+01,-1.425513589910829861e-02,3.927961753763528918e+02,1.838186053680501697e-02,nan,1.433869140828340072e+01,1.000000000000000000e+00
2.345000000000000000e+03,1.243294514584524677e+02,2.432575392001333014e+01,-1.093891130484469371e-02,3.008296650315330680e+02,2.634331173655080072e-02,nan,9.226029140999122191e+00,1.000000000000000000e+00
2.346000000000000000e+03,4.276209385807517549e+01,2.672969179940497852e+01,-1.232664465456172025e-02,3.393146921564653553e+02,1.427699460056075509e-02,nan,7.546501036346075608e+00,1.000000000000000000e+00
2.348000000000000000e+03,6.508089064464967066e+01,4.462623339127123501e+01,-1.832849712726901739e-02,5.057598202922717405e+02,1.185797327161142167e-02,nan,1.871286082079045698e+01,1.000000000000000000e+00
2.349000000000000000e+03,1.824105336854900727e+01,6.538285012207258440e+00,-3.352022937693185326e-03,9.042785789531546925e+01,8.225716607144772929e-02,nan,2.071358017755794734e+01,1.000000000000000000e+00
2.349000000000000000e+03,7.124143628695931341e+01,2.003618281666452816e+01,-1.888091110718688459e-02,5.210795263479529922e+02,1.848171229869932652e-02,nan,1.001718882743698558e+01,1.000000000000000000e+00
2.350000000000000000e+03,3.017001207114405403e+01,4.165778511094956826e+01,-1.498203832918737922e-03,3.901720429496050713e+01,2.920913911785478767e-01,nan,1.952968237445107036e+01,1.000000000000000000e+00
2.350000000000000000e+03,1.278374758259511310e+02,4.294585780164140232e+01,-1.143161677769782315e-03,2.917107140913762109e+01,3.372236263794842204e-01,nan,1.811666894386988247e+01,1.000000000000000000e+00
2.351000000000000000e+03,8.305698833924122937e+01,3.942709194553477658e+01,-1.571117674132130023e-03,4.103927226461231470e+01,2.922431940935815708e-01,nan,1.871286082079045698e+01,1.000000000000000000e+00
2.352000000000000000e+03,1.050845408204966418e+02,4.867367348575837127e+01,1.215694532210446306e-03,-3.118257374218086753e+01,3.429949502939260153e-01,nan,1.652777992034087973e+01,1.000000000000000000e+00
2.353000000000000000e+03,6.256939175792943786e+01,1.502223071367716933e+01,-1.878602967534818285e-02,5.184482467302156010e+02,1.432991064446553775e-02,nan,1.001718882743698558e+01,1.000000000000000000e+00
2.354000000000000000e+03,7.191797843304863491e+00,2.405874037472518623e+01,-1.391217740654597914e-03,3.605023469405302450e+01,3.030718587571605838e-01,nan,9.814032963012042643e+00,1.000000000000000000e+00
2.354000000000000000e+03,1.252680813067673853e+02,2.452603005653816837e+01,-1.156969508799249660e-02,3.183227453912150509e+02,2.252750704620157807e-01,nan,7.428085669919580525e+00,1.000000000000000000e+00
2.354000000000000000e+03,1.184421789759255432e+02,2.745579354348938139e+01,-2.528505182824096476e-02,6.986810298442162548e+02,1.299578427230663191e-02,nan,7.428085669919580525e+00,1.000000000000000000e+00
2.355000000000000000e+03,2.375295234602207373e+01,1.476166765406094861e+01,-1.184220521441752168e-02,3.258800759183111495e+02,1.333838383856689180e-02,nan,1.899229842952636460e+01,1.000000000000000000e+00
2.355000000000000000e+03,8.539410767754790754e+01,1.076826902150157572e+01,-2.741771572699988960e-02,7.578246888251273958e+02,1.080810734614490176e-02,nan,2.321774853188358279e+01,1.000000000000000000e+00
2.356000000000000000e+03,1.216096976336066433e+02,4.896812449585546290e+01,-1.056311104771199237e-02,2.904078623903717471e+02,1.452366127036108789e-02,nan,1.652777992034087973e+01,1.000000000000000000e+00
2.357000000000000000e+03,1.692253253705035831e+01,3.898936810092064320e+01,-1.225887597225425955e-03,3.146525080234352600e+01,3.581255975116569568e-01,nan,1.097943816190710109e+01,1.000000000000000000e+00
2.359000000000000000e+03,1.048167599854766650e+02,4.064675485215088457e+01,-2.307496468519358232e-02,6.373902468087101170e+02,1.063429900731360789e-02,nan,1.874161005893435217e+01,1.000000000000000000e+00
2.362000000000000000e+03,3.626669012205156406e+01,2.191574321853523699e+01,-2.069929630661475686e-02,5.715075165218772781e+02,1.172597734249836154e-02,nan,1.078706285497493589e+01,1.000000000000000000e+00
2.363000000000000000e+03,8.816630069073760012e+01,1.672223470047804383e+01,-1.670587568558026467e-02,4.607608079030242720e+02,1.666074022401597965e-02,nan,1.660953117343722951e+01,1.000000000000000000e+00
2.364000000000000000e+03,5.195545214105237619e+01,3.057143003392274849e+01,-2.199181992031160743e-02,6.073521594014922584e+02,1.358426203628670947e-02,nan,8.076908238275469998e+00,1.000000000000000000e+00
2.364000000000000000e+03,2.451439631776416306e+01,3.681126654316874180e+01,-1.444831772709810787e-03,3.753707471151213326e+01,3.309116410032366673e-01,nan,1.212107893958746274e+01,1.000000000000000000e+00
2.364000000000000000e+03,3.552006542942346101e+01,4.189022333215397254e+01,-1.475527358815717071e-03,3.838833368294377379e+01,3.013986400019982304e-01,nan,1.212107893958746274e+01,1.000000000000000000e+00
2.366000000000000000e+03,9.844047290110269444e+01,2.977282515429065057e+01,-1.304362854533717281e-02,3.591982991118356381e+02,1.523424427116748525e-02,nan,1.660953117343722951e+01,1.000000000000000000e+00
2.366000000000000000e+03,2.871680627223684468e+01,1.421120047470631498e+01,-1.569280881531441964e-03,4.098833379500302243e+01,2.844548181802325493e-01,nan,1.078706285497493589e+01,1.000000000000000000e+00
2.367000000000000000e+03,1.417225113251867441e+01,5.201889201611114899e+00,-1.414579549809132086e-02,3.897639153965466789e+02,1.497763457598844106e-02,nan,1.101954683185998363e+01,1.000000000000000000e+00
2.367000000000000000e+03,1.133678726760383171e+02,4.417020402684933345e+01,-1.965598057137853127e-02,5.425739794135974989e+02,1.138717948054146500e-02,nan,2.073913649216734356e+01,1.000000000000000000e+00
2.368000000000000000e+03,4.393386554202832173e+01,3.151514350944372467e+01,-1.866945645030340314e-02,5.152154039590853927e+02,1.783834467750178288e-02,nan,8.076908238275469998e+00,1.000000000000000000e+00
2.369000000000000000e+03,1.137013369063545269e+02,2.158462065258362372e+01,-1.553504610402065174e-02,4.282910195145107082e+02,1.465156389868582654e-02,nan,1.445014206803073442e+01,1.000000000000000000e+00
2.370000000000000000e+03,6.954122729047446683e+01,2.896410017399315606e+01,-1.431493546770286167e-02,3.944545545022060651e+02,1.707872046992564563e-02,nan,8.690404996884387501e+00,1.000000000000000000e+00
2.372000000000000000e+03,1.414618262924425665e+02,4.320094786655419483e+01,-3.103476965389203798e-02,8.581338862060017618e+02,2.406503023586936685e-02,nan,1.100213743062330707e+01,1.000000000000000000e+00
2.373000000000000000e+03,5.832723630376019486e+01,3.316489922772889543e+01,-1.701083265933930541e-02,4.692179638901215526e+02,1.076007916303334255e-02,nan,1.197498670312313962e+01,1.000000000000000000e+00
2.374000000000000000e+03,1.329128968369570032e+02,1.400459192592643554e+01,-1.035350152182266600e-02,2.845949097138796446e+02,1.531715131291344623e-02,nan,8.368841135797991271e+00,1.000000000000000000e+00
2.374000000000000000e+03,1.399269862763544836e+02,3.230639444902774926e+01,-1.663457672818027464e-02,4.587835243635910274e+02,6.483160476550431373e-02,nan,1.100213743062330707e+01,1.000000000000000000e+00
2.375000000000000000e+03,1.086155587175887121e+02,1.702807160252440966e+01,-1.074384693236816492e-02,2.954200828035078530e+02,2.186727287341427850e-02,nan,1.310555940333725111e+01,1.000000000000000000e+00
2.375000000000000000e+03,7.713654331720601931e+01,3.318716937351474883e+01,-1.464110549712925591e-03,3.807171939382929793e+01,3.087108722613425282e-01,nan,7.309029030167619290e+00,1.000000000000000000e+00
2.376000000000000000e+03,3.227761816743031886e+01,4.726160172099634593e+01,-2.781547870203425477e-02,7.688555679825768721e+02,1.146285793463974745e-02,nan,2.663846638162054958e+01,1.000000000000000000e+00
2.376000000000000000e+03,3.624593693379537740e+01,1.185632109655158217e+01,-1.484403776863366196e-03,3.863449710432848860e+01,2.744086055078482911e-01,nan,1.080729198070365804e+01,1.000000000000000000e+00
2.376000000000000000e+03,9.603969934492090488e+01,1.333978632162697231e+01,-1.428437897686829234e-03,3.708243497465574023e+01,3.135192230105727784e-01,nan,1.310555940333725111e+01,1.000000000000000000e+00
2.377000000000000000e+03,1.450676135233299036e+01,6.725119468287585889e+00,-1.710032269479095507e-03,4.489169245114677409e+01,3.136211618672138934e-01,nan,2.233653923757101722e+01,1.000000000000000000e+00
2.379000000000000000e+03,4.704313825259821868e+01,1.138941250011778195e+01,-1.754393719142323740e-02,4.840021746910351226e+02,1.067235192914262054e-02,nan,1.080729198070365804e+01,1.000000000000000000e+00
2.380000000000000000e+03,9.782214498153638260e+01,4.505106329197610648e+01,-1.582774301391003113e-02,4.364081758246718437e+02,1.477227234933820021e-02,nan,1.600325658504354465e+01,1.000000000000000000e+00
2.381000000000000000e+03,4.197801522809034935e+01,2.245212393466907486e+01,-6.041646789444806570e-02,1.672955735082766751e+03,1.021121660338686343e-02,nan,1.029521099775368498e+01,1.000000000000000000e+00
2.384000000000000000e+03,1.072717280696023607e+02,2.985873666164621554e+01,-1.609470384619339847e-03,4.210288084886656890e+01,2.782063104825225341e-01,nan,1.466905345210227019e+01,1.000000000000000000e+00
2.385000000000000000e+03,2.325961364851677615e+01,3.232107287671480123e+01,-2.379535947918528030e-02,6.573684459296607656e+02,1.018522700063806408e-02,nan,1.947759730919860033e+01,1.000000000000000000e+00
2.385000000000000000e+03,2.348341592011134793e+01,5.179738437254300010e+01,-1.878708280457694682e-02,5.184774524179966875e+02,1.230345974595969949e-02,nan,1.947759730919860033e+01,1.000000000000000000e+00
2.386000000000000000e+03,3.980798192748187603e+01,1.238821192379980651e+01,-2.643105001919925090e-02,7.304621868461332497e+02,1.055371819158246183e-02,nan,7.855744032202025551e+00,1.000000000000000000e+00
2.386000000000000000e+03,1.074897390366790120e+02,1.519130333475265715e+01,-2.299620585967162428e-02,6.352060840247296483e+02,8.944169872294294166e-03,nan,1.466905345210227019e+01,1.000000000000000000e+00
2.389000000000000000e+03,7.907581122406166685e+01,3.615818899713102041e+01,-1.455643916017037784e-02,4.011520055343361264e+02,1.572960335846984581e-02,nan,1.463726713448588512e+01,1.000000000000000000e+00
2.389000000000000000e+03,7.179634807964373522e+01,4.885696868241423374e+01,-1.691175763189129572e-03,4.436875830374822982e+01,3.547008200107043541e-01,nan,1.463726713448588512e+01,1.000000000000000000e+00
2.390000000000000000e+03,4.590570019458890982e+01,3.737186259407339151e+01,-1.740296573165482988e-02,4.800927129387937953e+02,1.894483470465035957e-02,nan,1.533763068778471528e+01,1.000000000000000000e+00
2.391000000000000000e+03,1.422432713567493465e+02,2.470624129530715862e+01,-1.920464483251209387e-02,5.300574047011226639e+02,1.441130725635197951e-02,nan,1.569589377978747002e+01,1.000000000000000000e+00
2.392000000000000000e+03,5.488444339977092312e+01,2.493702903787838920e+01,-1.465055908025431801e-03,3.809793634704080745e+01,2.780138327076974170e-01,nan,1.395628452727706481e+01,1.000000000000000000e+00
2.394000000000000000e+03,6.034415799149972770e+01,1.209298783648165809e+01,-2.477510046278070741e-02,6.845389094317206400e+02,1.095462151215342850e-02,nan,1.395628452727706481e+01,1.000000000000000000e+00
2.394000000000000000e+03,2.297472753050626082e+01,3.437547721284907709e+01,-7.346956559096549412e-03,2.012165254829054675e+02,2.770224135872301208e-02,nan,7.047385353613156767e+00,1.000000000000000000e+00
2.394000000000000000e+03,1.166193966889203466e+02,5.147966688518381062e+01,-1.025537926102829643e-02,2.818737544796979364e+02,4.188329492036402257e-02,nan,2.951630482580713988e+01,1.000000000000000000e+00
2.395000000000000000e+03,1.266447362523155107e+02,2.296073731590284339e+01,-9.662760471506727164e-03,2.654390768853800751e+02,1.773930475716056776e-02,nan,1.484121811630838472e+01,1.000000000000000000e+00
2.395000000000000000e+03,9.724435168566984089e+01,2.921265357643529725e+01,-1.434978487464567357e-03,3.726382052329923766e+01,3.661484846882427924e-01,nan,1.903029876440444923e+01,1.000000000000000000e+00
2.396000000000000000e+03,1.597717495989239644e+01,3.521207648598797846e+01,-1.964424461595195431e-03,5.194657112503281127e+01,3.201611932907778568e-01,nan,7.047385353613156767e+00,1.000000000000000000e+00
2.396000000000000000e+03,4.243438246152833671e+01,4.031456578987366868e+01,-1.431875552396469483e-03,3.717776902047486942e+01,3.036630607962412798e-01,nan,1.073379607980660033e+01,1.000000000000000000e+00
2.397000000000000000e+03,7.872161582588009310e+01,3.611238319552963816e+01,-1.717148410183004861e-02,4.736731966790262049e+02,8.699816949527350296e-02,nan,7.228200176400721766e+00,1.000000000000000000e+00
2.397000000000000000e+03,1.151092075671006540e+02,1.362300027053551332e+01,-1.738243786571273125e-02,4.795234281566994241e+02,1.224075675485936099e-02,nan,1.484121811630838472e+01,1.000000000000000000e+00
2.397000000000000000e+03,3.301796389056336523e+01,4.546679245212927611e+01,-1.195250534328041797e-03,3.061561481364691417e+01,3.630514680512469949e-01,nan,4.856974335025135758e+00,1.000000000000000000e+00
2.398000000000000000e+03,8.330125694624263133e+01,1.312421306070101323e+01,-5.693428705131967082e-03,1.553604074292216808e+02,4.644117354084320581e-02,nan,8.624490021409839002e+00,1.000000000000000000e+00
2.398000000000000000e+03,8.156933274862893768e+01,4.275598057330692825e+01,-2.412390943703580926e-02,6.664798894518266934e+02,3.131023488969875146e-02,nan,7.228200176400721766e+00,1.000000000000000000e+00
2.400000000000000000e+03,1.308852950016228363e+02,5.673529591794977733e+00,-1.159699941993234777e-02,3.190799571102730283e+02,2.452155521205701127e-02,nan,1.766575837075340871e+01,1.000000000000000000e+00
2.401000000000000000e+03,5.402381725589664896e+00,3.354761006132277146e+01,-1.091763984276079673e-02,3.002397586237547102e+02,1.132933026459674863e-01,nan,1.070498484011502960e+01,1.000000000000000000e+00
2.401000000000000000e+03,3.614298011967063928e+01,4.918492010713374185e+01,-1.217120902067984033e-03,3.122213024824070615e+01,3.730502939527976514e-01,nan,4.856974335025135758e+00,1.000000000000000000e+00
2.402000000000000000e+03,5.071372821603765146e+01,4.770246340029653709e+01,-1.481443123968392665e-03,3.855239141234248734e+01,3.345413697351590221e-01,nan,1.464596797673098649e+01,1.000000000000000000e+00
2.403000000000000000e+03,7.430712197928546203e+00,1.991618553309093897e+01,-2.472634428941371254e-02,6.831867889721817164e+02,1.041661387276460182e-02,nan,1.378150424205931479e+01,1.000000000000000000e+00
2.403000000000000000e+03,7.589177176839180561e+01,8.710443976504739894e+00,-1.353083885926550370e-03,3.499269548172063082e+01,3.167146190532507122e-01,nan,8.624490021409839002e+00,1.000000000000000000e+00
2.403000000000000000e+03,7.309885448705298927e+01,4.637038961905755485e+01,-1.506269955702774048e-03,3.924089637110753159e+01,3.447786693800090063e-01,nan,9.209394916596565395e+00,1.000000000000000000e+00
2.404000000000000000e+03,8.280095688911848129e+01,3.339904424047176690e+01,-1.842789076351054878e-02,5.085162336821933877e+02,1.039389139949664642e-02,nan,1.619835151954432106e+01,1.000000000000000000e+00
2.405000000000000000e+03,3.323452244928710542e+01,3.583209033720406467e+01,-1.638168617110884705e-03,4.289874862569842406e+01,2.517509824504611249e-01,nan,1.366591339373746550e+01,1.000000000000000000e+00
2.406000000000000000e+03,2.448107420341410290e+01,4.647875568229120802e+01,-1.514130111554939928e-02,4.173715683355704869e+02,1.668013860777273205e-02,nan,1.197177411639154521e+01,1.000000000000000000e+00
2.407000000000000000e+03,1.291986514601155420e+02,2.616405876860368807e+01,-1.199254252018571885e-03,3.072664708360860786e+01,3.020281011736999366e-01,nan,2.201998313247176142e+01,1.000000000000000000e+00
2.408000000000000000e+03,1.082218862931638341e+02,1.946667269007257772e+01,-7.119300900722855957e-03,1.949031121824018555e+02,3.599584545144351999e-02,nan,1.076820374840193573e+01,1.000000000000000000e+00
2.410000000000000000e+03,9.941183928463190966e+01,4.207904822521287258e+01,1.554250048262281617e-03,-4.057149433071262479e+01,2.976789081813999704e-01,nan,1.912217262159098041e+01,1.000000000000000000e+00
2.411000000000000000e+03,3.323038606143006035e+01,1.675448882906508885e+01,-1.360344736523263695e-03,3.519405551405073851e+01,3.192681815508925380e-01,nan,1.901011828648596591e+01,1.000000000000000000e+00
2.412000000000000000e+03,1.422072740776778943e+01,1.688668238954049983e+01,-1.421235256336822982e-02,3.916096953967606851e+02,1.501747950354881400e-02,nan,1.901011828648596591e+01,1.000000000000000000e+00
2.412000000000000000e+03,7.496692199416614244e+01,2.195786364286279024e+01,-1.956512116408719651e-02,5.400542397569298601e+02,1.106499998039189858e-02,nan,1.280743679159692583e+01,1.000000000000000000e+00
2.413000000000000000e+03,1.007162715431722830e+02,1.174527649561352405e+01,-2.548700186379664751e-02,7.042815672946035193e+02,1.032290873482577531e-02,nan,1.076820374840193573e+01,1.000000000000000000e+00
2.413000000000000000e+03,5.241419551287630263e+00,4.046931121021548705e+01,-6.360313652794354414e-03,1.738546558417350809e+02,4.270070711981466260e-02,nan,9.625291700519708726e+00,1.000000000000000000e+00
2.413000000000000000e+03,2.531782462859381155e+01,4.142576345159025664e+01,-7.097768970148744284e-03,1.943059823862736266e+02,2.094954844697016760e-02,nan,1.278707385656985807e+01,1.000000000000000000e+00
2.413000000000000000e+03,1.346123822177958687e+02,3.454466084044278773e+01,-1.525425212532702333e-03,3.977211555585592606e+01,2.757485998125499549e-01,nan,2.028408525622172931e+01,1.000000000000000000e+00
2.414000000000000000e+03,7.655156724937715751e+01,3.466688943502671094e+01,-7.120998505890109229e-03,1.949501906653989352e+02,2.661074564375098817e-02,nan,1.280743679159692583e+01,1.000000000000000000e+00
2.414000000000000000e+03,4.235039311830814057e+01,4.142936888611981061e+01,-2.290123117546172607e-02,6.325722183049607565e+02,1.051517747311880857e-02,nan,1.628341459032535354e+01,1.000000000000000000e+00
2.415000000000000000e+03,1.113472131831659198e+02,7.174885151717263376e+00,-3.025364662151602130e-02,8.364715538169801903e+02,1.053888129794133821e-02,nan,1.157174996227072228e+01,1.000000000000000000e+00
2.415000000000000000e+03,8.262773323313848550e+01,5.124154078030646531e+01,-1.795875876985292274e-02,4.955061280269759436e+02,1.475748977520796590e-02,nan,1.765329601745244403e+01,1.000000000000000000e+00
2.416000000000000000e+03,7.613162013255883664e+01,5.980914891734059324e+00,-9.876261767525951543e-03,2.713599572693410664e+02,1.088469813812468212e-01,nan,1.601934496631399085e+01,1.000000000000000000e+00
2.416000000000000000e+03,1.119144885791601922e+02,2.313872777869258002e+01,-2.411690409487803055e-02,6.662856152542536847e+02,1.016791308830611307e-02,nan,9.750825945829022956e+00,1.000000000000000000e+00
2.416000000000000000e+03,8.962906811514022465e+00,4.934606584758528669e+01,-1.650288080977478644e-02,4.551312946372450483e+02,1.138624500383988991e-02,nan,9.625291700519708726e+00,1.000000000000000000e+00
2.418000000000000000e+03,4.897583335899896895e+01,1.082316585185569124e+01,-1.545444197023414408e-02,4.260556821020402936e+02,1.537299598094232778e-02,nan,1.677094813675624252e+01,1.000000000000000000e+00
2.418000000000000000e+03,1.144255566550379655e+02,3.256067788173175614e+01,1.580468068579506894e-03,-4.129858013813822737e+01,2.927225150743668625e-01,nan,9.750825945829022956e+00,1.000000000000000000e+00
2.418000000000000000e+03,3.084796333445628136e+01,5.295515301510549477e+01,-1.340328773483114803e-03,3.463896697294963900e+01,3.388685945908854746e-01,nan,1.278707385656985807e+01,1.000000000000000000e+00
2.419000000000000000e+03,6.422155165788340980e+01,5.010551176930336936e+01,-1.526217907887419825e-03,3.979409881527268311e+01,2.805680263822765141e-01,nan,1.844120609111833886e+01,1.000000000000000000e+00
2.420000000000000000e+03,1.355387099537362339e+01,2.853864017945785747e+01,-2.322048887695671304e-02,6.414259662561672712e+02,1.396775127652616355e-02,nan,2.130788387128411898e+01,1.000000000000000000e+00
2.421000000000000000e+03,9.764361318198311324e+01,4.687660232327802134e+01,-1.545201873630506866e-03,4.032056770550325808e+01,3.550605265728588034e-01,nan,8.394344044160677143e+00,1.000000000000000000e+00
2.424000000000000000e+03,9.559071720335319355e+01,3.873715332272147549e+01,-9.463811022145591709e-03,2.599217525689219315e+02,2.026203104884927164e-02,nan,8.394344044160677143e+00,1.000000000000000000e+00
2.425000000000000000e+03,9.907832549118714383e+01,2.054518707303882508e+01,-2.017393862181955655e-02,5.569381435556962288e+02,1.191112945240738741e-01,nan,6.405713893016813820e+00,1.000000000000000000e+00
2.425000000000000000e+03,9.710400064155058431e+01,2.663905381487821344e+01,-1.674577236055687854e-02,4.618672341620621751e+02,1.050299175778753868e-01,nan,6.405713893016813820e+00,1.000000000000000000e+00
2.427000000000000000e+03,1.322418421208325299e+02,1.494574499218741259e+01,-3.161075245690204288e-02,8.741072097568513755e+02,1.294989028217441440e-02,nan,8.814853757017026226e+00,1.000000000000000000e+00
2.427000000000000000e+03,6.341763363656526309e+01,2.251317979146293879e+01,-2.515507085889465144e-02,6.950763595867508684e+02,8.860489896897361106e-03,nan,1.184448140396185245e+01,1.000000000000000000e+00
2.427000000000000000e+03,4.599054105563331518e+01,3.098814554253752718e+01,-1.608087184117821047e-02,4.434280184950989110e+02,1.263480782807457903e-02,nan,1.219941793785856099e+01,1.000000000000000000e+00
2.427000000000000000e+03,1.244102565522229895e+02,3.117193957031341611e+01,-1.818829770426784453e-02,5.018717688894569733e+02,1.018478741974160329e-02,nan,1.293372275273287109e+01,1.000000000000000000e+00
2.428000000000000000e+03,9.808897445461089148e+01,8.306273810041433947e+00,-1.596501545745083843e-03,4.174322521620746329e+01,3.377518883524124327e-01,nan,1.227883599258284519e+01,1.000000000000000000e+00
2.428000000000000000e+03,4.117776480579611587e+01,1.401223307304325516e+01,-1.487775425230971303e-03,3.872800064296541223e+01,3.435870964720920684e-01,nan,1.414174873619545103e+01,1.000000000000000000e+00
2.430000000000000000e+03,1.154124747503413744e+02,5.056059244860143309e+01,-2.098187682495915307e-02,5.793441221029702319e+02,1.748090396311585693e-02,nan,2.137475000529873270e+01,1.000000000000000000e+00
2.430000000000000000e+03,3.409731950479691420e+01,5.211882851637800229e+01,-1.497112184599171114e-03,3.898693038448773507e+01,3.353815136940736519e-01,nan,6.961245813394404180e+00,1.000000000000000000e+00
2.431000000000000000e+03,1.240668056172973621e+02,1.824277773746985432e+01,-2.632341783913776448e-02,7.274772997494684432e+02,1.128605513696556706e-02,nan,8.814853757017026226e+00,1.000000000000000000e+00
2.431000000000000000e+03,4.367390470096061961e+01,4.296558241453789861e+01,-1.615427248402524036e-03,4.226807833750667243e+01,2.981235590507728128e-01,nan,8.396970778037893268e+00,1.000000000000000000e+00
2.432000000000000000e+03,2.829570613598486162e+01,1.984675291148980136e+01,-1.578903079782686958e-02,4.353345973260859978e+02,1.680183499887510923e-02,nan,1.236355712646719951e+01,1.000000000000000000e+00
2.432000000000000000e+03,7.165520690852234509e+01,3.102400385955037621e+01,-3.025050423510356606e-02,8.363844082379357587e+02,1.088951075712929484e-02,nan,1.184448140396185245e+01,1.000000000000000000e+00
2.434000000000000000e+03,9.714307157299987239e+01,3.874225976023065954e+01,-1.667609945807620869e-02,4.599350448532239852e+02,1.565296822568573720e-02,nan,8.878052035322458124e+00,1.000000000000000000e+00
2.436000000000000000e+03,5.897174239777899629e+01,6.832235407729796428e+00,-2.079435089001008263e-02,5.741435980292244494e+02,1.158374009337859167e-02,nan,9.047859025407321454e+00,1.000000000000000000e+00
2.436000000000000000e+03,5.957956053246703476e+01,5.204061501696146053e+01,-1.380137037871026658e-03,3.574294140368422745e+01,3.357272094155937525e-01,nan,1.831245762221402629e+01,1.000000000000000000e+00
2.437000000000000000e+03,1.136128737539461184e+02,6.713736050135710620e+00,-1.900233018396206564e-02,5.244467556965378208e+02,1.547834494091371305e-02,nan,1.056590464443083732e+01,1.000000000000000000e+00
2.437000000000000000e+03,9.370063883902172108e+01,3.055877243428404100e+01,-9.012312712238250770e-03,2.474006693887935455e+02,6.271767500126901318e-02,nan,8.878052035322458124e+00,1.000000000000000000e+00
2.437000000000000000e+03,2.567760638538586093e+01,3.192992710188080707e+01,-1.210535362049791619e-03,3.103949812638232331e+01,3.241906467206204789e-01,nan,1.199740809276068632e+01,1.000000000000000000e+00
2.438000000000000000e+03,5.715199261039100520e+01,1.569520689899310284e+01,-2.040728384125780996e-03,5.406265382127060803e+01,3.564552554407840468e-01,nan,9.047859025407321454e+00,1.000000000000000000e+00
2.438000000000000000e+03,7.063079222970327464e+01,3.209122123001294113e+01,1.797262667867150464e-03,-4.731079137153193415e+01,3.199887100702643039e-01,nan,5.815678613129718677e+00,1.000000000000000000e+00
2.440000000000000000e+03,1.013873993451027502e+02,1.918764655953307496e+01,-2.333288552358468368e-02,6.445429829331181963e+02,1.160163986116091728e-02,nan,1.372547961775026693e+01,1.000000000000000000e+00
2.441000000000000000e+03,1.195806165365197842e+02,1.543293251748549899e+01,-7.252629377535659005e-03,1.986006164959739806e+02,4.113230548163637756e-02,nan,1.056590464443083732e+01,1.000000000000000000e+00
2.442000000000000000e+03,1.399930662519431337e+02,1.605306648418808635e+01,-2.953978923863170847e-02,8.166746520928571726e+02,1.059849849089855578e-02,nan,1.331835800168023809e+01,1.000000000000000000e+00
2.442000000000000000e+03,1.561723617234855510e+01,1.070346430137789717e+01,-5.378866748314730870e-03,1.466368832427836537e+02,5.514304111047019230e-02,nan,2.348986530068876633e+01,1.000000000000000000e+00
2.443000000000000000e+03,6.514593299870726639e+01,3.015771742929976895e+01,-1.591375732132817387e-03,4.160107465396461635e+01,3.063778692973440076e-01,nan,5.815678613129718677e+00,1.000000000000000000e+00
2.444000000000000000e+03,1.293783016339200174e+02,2.409703515424670428e+01,-2.303036204060193368e-02,6.361533132239524093e+02,9.484132715543380776e-03,nan,1.307904078165333495e+01,1.000000000000000000e+00
2.444000000000000000e+03,1.076581234498989375e+02,4.277373073396302061e+01,-1.484876651531891016e-02,4.092589132443404196e+02,2.033495849324229443e-02,nan,1.689902499013237147e+01,1.000000000000000000e+00
2.446000000000000000e+03,6.305095531851963386e+01,2.440801195791430800e+01,-2.119979712775467689e-03,5.626047484603162729e+01,3.281181894122716658e-01,nan,6.119480736808005972e+00,1.000000000000000000e+00
2.447000000000000000e+03,4.852269454995361286e+01,2.296687716376731103e+01,-1.816610884337160892e-02,5.012564209095031060e+02,1.236078227697279264e-02,nan,1.459956268024339288e+01,1.000000000000000000e+00
2.448000000000000000e+03,9.395689118384247251e+01,5.266581241623251231e+01,-1.989978154830611759e-02,5.493351394102614904e+02,9.742700194383724366e-03,nan,1.689902499013237147e+01,1.000000000000000000e+00
2.449000000000000000e+03,6.505834552514500047e+00,3.421802051953563506e+01,1.485831841218179274e-03,-3.867410060268235839e+01,2.205464525785231222e-01,nan,2.207751465140557201e+01,1.000000000000000000e+00
2.450000000000000000e+03,1.159553567609204663e+02,2.718498677925587970e+01,-2.909481705286521419e-02,8.043345532960992159e+02,2.397246964410104653e-02,nan,8.393535905778600537e+00,1.000000000000000000e+00
2.452000000000000000e+03,1.093864108910162116e+02,3.240996478493804744e+01,-2.574974240710570933e-02,7.115679648854162451e+02,1.816841489805354204e-02,nan,8.393535905778600537e+00,1.000000000000000000e+00
2.453000000000000000e+03,1.085312689177961865e+01,1.257275077069687264e+01,-1.489508554996344086e-03,3.877606430450745734e+01,3.387382860005023755e-01,nan,2.207751465140557201e+01,1.000000000000000000e+00
2.454000000000000000e+03,7.158396853074015098e+01,1.134111215653348914e+01,-2.227220993030816498e-02,6.151280171644248185e+02,1.146195982859887774e-02,nan,1.754195328072764326e+01,1.000000000000000000e+00
2.455000000000000000e+03,1.377396024099096792e+02,1.962297907247121387e+01,-2.381495877748082343e-02,6.579119794022024053e+02,1.163332039808595564e-02,nan,1.741956920182594004e+01,1.000000000000000000e+00
2.456000000000000000e+03,3.796933994024747250e+01,1.353625457303783719e+01,-2.051770352709609418e-02,5.664715324497982465e+02,1.403850365821734947e-02,nan,1.952036703497034864e+01,1.000000000000000000e+00
2.456000000000000000e+03,5.782935472646862962e+01,4.510497042163648729e+01,-1.756338541639791348e-02,4.845415185540580865e+02,9.167247968132508085e-03,nan,2.805018141350903704e+01,1.000000000000000000e+00
2.458000000000000000e+03,1.203450757314081585e+02,2.055669894914814222e+01,-1.359361808288958888e-03,3.516679666077983057e+01,2.552857407185994409e-01,nan,7.691246076614444149e+00,1.000000000000000000e+00
2.459000000000000000e+03,5.536000284459459664e+01,4.670050597980536899e+00,-2.558498009202557488e-02,7.069987281755551294e+02,3.862934872449796941e-02,nan,7.073048485491273851e+00,1.000000000000000000e+00
2.459000000000000000e+03,9.878761435007250213e+01,1.005545485784868376e+01,-1.300143533281643369e-03,3.352453813869923493e+01,3.217306073560940449e-01,nan,9.134865086294968961e+00,1.000000000000000000e+00
2.460000000000000000e+03,1.207372883561526606e+02,1.287545976083821841e+01,-1.549815114417871188e-03,4.044850344825366761e+01,2.257100096628982255e-01,nan,7.691246076614444149e+00,1.000000000000000000e+00
2.461000000000000000e+03,6.936216496090150230e+00,1.332018557562292038e+01,-1.369052172566105792e-02,3.771381299855224825e+02,1.258045196236921015e-01,nan,8.454985094445229166e+00,1.000000000000000000e+00
2.462000000000000000e+03,1.532423540842723320e+01,1.438221743652277773e+01,-3.595947675506008107e-02,9.947073038654139054e+02,1.431852781890263770e-02,nan,8.454985094445229166e+00,1.000000000000000000e+00
2.462000000000000000e+03,5.799471211066089893e+01,1.123406781013155076e+01,-2.503228033794860016e-02,6.916710969473131172e+02,1.590839492055130533e-01,nan,7.073048485491273851e+00,1.000000000000000000e+00
2.465000000000000000e+03,3.114347962199298792e+01,9.353088232818119963e+00,-1.184590617941513619e-03,3.031999089470838271e+01,3.350562237394534293e-01,nan,1.659941649685279330e+01,1.000000000000000000e+00
2.466000000000000000e+03,6.437424581013860347e+01,3.241597594627934598e+01,-3.650767393224067098e-03,9.871272650993333286e+01,9.308732971122801736e-02,nan,1.303908231931854189e+01,1.000000000000000000e+00
2.468000000000000000e+03,1.291323805862497807e+02,2.238145763715042236e+01,-1.659016549797460646e-02,4.575518991385683307e+02,1.260773407232840260e-02,nan,8.909665727740666341e+00,1.000000000000000000e+00
2.469000000000000000e+03,7.691262997258833423e+01,3.599460561764730926e+01,-1.404089978290121513e-02,3.868549167440291967e+02,1.292861016546309472e-02,nan,1.303908231931854189e+01,1.000000000000000000e+00
2.470000000000000000e+03,1.194256300559168551e+02,3.511588921622141868e+01,-2.983804893945744829e-02,8.249460773482157947e+02,2.366442410422786580e-02,nan,1.466680857171616736e+01,1.000000000000000000e+00
2.470000000000000000e+03,9.770599967507268957e+01,4.078903112796994179e+01,-1.764875144078521807e-02,4.869089141093806461e+02,1.415833857186266087e-02,nan,1.391242723640158907e+01,1.000000000000000000e+00
2.470000000000000000e+03,9.130032085929774155e+01,5.098774311712929830e+00,-2.062924480878880473e-02,5.695648278961958795e+02,8.185644826186011525e-02,nan,2.843757693712485946e+01,1.000000000000000000e+00
2.471000000000000000e+03,4.401516169775871390e+01,3.708134819387671399e+01,-2.228849231918857577e-03,5.927967619200061478e+01,1.914777918729815287e-01,nan,6.418730385474286315e+00,1.000000000000000000e+00
2.473000000000000000e+03,5.821358124692526559e+01,5.154598428161325074e+01,-2.736962824290538332e-02,7.564911126520647713e+02,1.147135874543570022e-02,nan,2.026871517498840092e+01,1.000000000000000000e+00
2.473000000000000000e+03,1.058674713766453692e+02,2.952199907544621027e+01,-2.922203473295616541e-02,8.078625912077554858e+02,1.310823090629109622e-02,nan,1.391242723640158907e+01,1.000000000000000000e+00
2.473000000000000000e+03,3.809659043900329323e+01,2.726195905290543209e+01,-1.401954123379807850e-03,3.634797919985999926e+01,3.684205434684070246e-01,nan,6.003963571960825973e+00,1.000000000000000000e+00
2.474000000000000000e+03,2.365257676583510005e+01,2.481230995039964782e+01,-1.385384540315874255e-02,3.816674699771886026e+02,1.730182567976201735e-02,nan,1.233128747435721095e+01,1.000000000000000000e+00
2.477000000000000000e+03,7.008461982500808318e+00,3.517703415100673681e+01,-1.489393801999464115e-03,3.877288194083615025e+01,3.466572739215084686e-01,nan,1.828208539873764948e+01,1.000000000000000000e+00
2.478000000000000000e+03,1.335318802129495808e+01,1.803121547649066869e+01,-1.407170564986796619e-03,3.649264308415846614e+01,3.026427982984951637e-01,nan,1.233128747435721095e+01,1.000000000000000000e+00
2.479000000000000000e+03,3.009957409631115866e+01,4.607618981160297267e+01,-1.913977693059006405e-02,5.282584690730960801e+02,1.351807469745125445e-02,nan,2.221972910120313927e+01,1.000000000000000000e+00
2.479000000000000000e+03,4.685096387871503509e+01,1.438872895864666823e+01,-1.318069932568241651e-03,3.402167828665185567e+01,3.499977366607138762e-01,nan,8.882447695394697362e+00,1.000000000000000000e+00
2.480000000000000000e+03,6.976959885818585860e+01,4.995973228154498713e+01,1.135057573284682392e-03,-2.894632601334818034e+01,3.414974224682718607e-01,nan,1.027245556918311031e+01,1.000000000000000000e+00
2.481000000000000000e+03,7.076234202179601596e+01,1.008830974068394859e+01,-1.427896049986961948e-03,3.706740829576874319e+01,2.863596388321864028e-01,nan,2.421793000757527636e+01,1.000000000000000000e+00
2.482000000000000000e+03,4.721524222284010364e+01,3.102224661130130201e+01,-1.269373105337795200e-03,3.267120363152879037e+01,3.261802710820558282e-01,nan,1.663750606951570177e+01,1.000000000000000000e+00
2.486000000000000000e+03,7.668011366708351773e+01,4.964797943305831041e+01,-1.377323855684417378e-03,3.566492541251336945e+01,3.308432113971466748e-01,nan,1.459265975293923745e+01,1.000000000000000000e+00
2.488000000000000000e+03,4.244280780257074071e+01,1.429488959839207496e+01,-1.443268214894794649e-02,3.977199399038841534e+02,2.334456022553232923e-02,nan,2.244289399709840538e+01,1.000000000000000000e+00
2.488000000000000000e+03,7.736797809783955415e+01,1.688667929258087952e+01,-4.068339747733922332e-03,1.102929651726494171e+02,9.968739573473472948e-02,nan,1.378602133779858541e+01,1.000000000000000000e+00
2.489000000000000000e+03,2.502878047894693125e+01,4.172907020265669331e+01,-3.857862713128165991e-03,1.044559544907128981e+02,7.315129873110570724e-02,nan,1.825463896047482493e+01,1.000000000000000000e+00
2.490000000000000000e+03,1.818666709542644355e+01,1.255858498490584907e+01,-2.410503035522024162e-02,6.659563292333494928e+02,1.259982710600926481e-02,nan,1.170853282422238273e+01,1.000000000000000000e+00
2.491000000000000000e+03,6.470341643349215133e+01,1.144028028257619312e+01,-2.544196716770432201e-02,7.030326519312669689e+02,1.062937805586805506e-02,nan,7.965698264707679499e+00,1.000000000000000000e+00
2.491000000000000000e+03,2.074397012057419687e+01,2.398443034240404614e+01,-2.075536846545549680e-02,5.730625260302812194e+02,1.560313900121113040e-02,nan,1.005828223892648232e+01,1.000000000000000000e+00
2.491000000000000000e+03,1.127277784716587661e+02,4.020624035142211739e+01,-2.172886804367089170e-02,6.000599010529173256e+02,8.832986781989848879e-03,nan,2.075924928909248734e+01,1.000000000000000000e+00
2.491000000000000000e+03,8.902507102744375800e+01,8.092734113796133499e+00,-1.577804663967757870e-03,4.122471782247885841e+01,2.688125360683371046e-01,nan,1.460209873192548358e+01,1.000000000000000000e+00
2.491000000000000000e+03,6.289441891979935662e+01,4.021235587850814142e+01,-1.422506288635192167e-03,3.691793785761715441e+01,3.350866412908508618e-01,nan,1.370409233844747909e+01,1.000000000000000000e+00
2.493000000000000000e+03,7.312779891337012828e+01,3.109752835804016868e+01,-4.216561307176841002e-03,1.144034888095020364e+02,6.077077600562730275e-02,nan,1.370409233844747909e+01,1.000000000000000000e+00
2.494000000000000000e+03,1.084663305706152236e+01,2.577656891102038728e+01,-3.140158970706848074e-02,8.683066472046064064e+02,1.115608477533613918e-02,nan,1.005828223892648232e+01,1.000000000000000000e+00
2.496000000000000000e+03,3.765099977465115444e+01,5.105647900552185092e+00,-1.293409805037155219e-02,3.561607673910488643e+02,1.475870368201659399e-02,nan,2.277679088408986274e+01,1.000000000000000000e+00
2.496000000000000000e+03,5.823030970488033375e+01,1.608261139144459761e+01,-1.995183516672795199e-02,5.507787055804652709e+02,9.126946698668758629e-03,nan,7.965698264707679499e+00,1.000000000000000000e+00
2.496000000000000000e+03,1.333256010543346406e+02,3.762241839561814771e+01,-2.303920301300151768e-02,6.363984936562580970e+02,1.240819213309518609e-02,nan,1.926724970407015292e+01,1.000000000000000000e+00
2.496000000000000000e+03,7.582739998154451655e+01,4.717950786133906149e+01,-2.090711053644222356e-02,5.772706815229112181e+02,8.320332601720714649e-03,nan,1.469024185966057416e+01,1.000000000000000000e+00
2.498000000000000000e+03,1.203334964140801446e+02,2.339455389754012415e+01,-4.212134281204033687e-02,1.165589975519474820e+03,8.203023119204733149e-03,nan,1.926724970407015292e+01,1.000000000000000000e+00
2.498000000000000000e+03,9.955409313966831064e+01,4.377702030970654334e+01,1.531929469992307676e-03,-3.995249352602684922e+01,3.244254428946775626e-01,nan,2.310114292840079742e+01,1.000000000000000000e+00
2.500000000000000000e+03,9.977121720738719546e+01,5.371601053240577350e+00,-1.799937237078570382e-02,4.966324362863098827e+02,3.049733783379848795e-02,nan,1.261063533375314272e+01,1.000000000000000000e+00
2.500000000000000000e+03,4.545105192710255437e+01,2.650521306895215901e+01,-3.046294868422012164e-02,8.422759798344957289e+02,1.159602435498363615e-02,nan,1.542356122463661983e+01,1.000000000000000000e+00
2.501000000000000000e+03,8.065100756826885231e+01,1.068748650032056702e+01,-2.959293032277078919e-02,8.181483761803831385e+02,9.010166256275153884e-03,nan,1.903970627572181584e+01,1.000000000000000000e+00
2.501000000000000000e+03,9.827455542764474217e+01,1.789310763343936017e+01,-2.906125139181034434e-02,8.034037005667717040e+02,1.155764457986707683e-02,nan,1.261063533375314272e+01,1.000000000000000000e+00
2.502000000000000000e+03,2.984658707871935945e+01,2.133363049136535494e+01,-1.690926704081503404e-02,4.664013164522948500e+02,1.050912467465914268e-02,nan,1.291356776271753759e+01,1.000000000000000000e+00
2.502000000000000000e+03,8.071463108272402565e+01,3.040774680650680040e+01,-2.135311162721734157e-02,5.896393142142923125e+02,1.474565005919492577e-02,nan,1.737532178661103188e+01,1.000000000000000000e+00
2.502000000000000000e+03,6.849508422879989666e+01,4.781337307180861274e+01,-2.203584433983306334e-02,6.085730574794897620e+02,1.068904536842452124e-02,nan,2.126671462644409871e+01,1.000000000000000000e+00
2.503000000000000000e+03,1.295949091487458418e+02,4.820677583831745494e+01,-2.275104941931639299e-02,6.284073339198578196e+02,1.548577055781386047e-02,nan,2.146822779550221227e+01,1.000000000000000000e+00
2.504000000000000000e+03,1.439113516864130986e+02,2.889189314203474623e+01,-1.854444035720782813e-02,5.117484211018833662e+02,2.791598171258358185e-02,nan,7.963226108036542072e+00,1.000000000000000000e+00
2.504000000000000000e+03,3.432686722982390393e+01,3.718878717460358985e+01,-1.200888025281772985e-02,3.305023568306990569e+02,1.329685554366804023e-01,nan,4.791643830118410108e+00,1.000000000000000000e+00
2.504000000000000000e+03,9.051498898258155634e+01,4.475538745655725137e+01,-1.935421545843141883e-02,5.342053410440605603e+02,1.113404270095408322e-02,nan,1.229612194952771453e+01,1.000000000000000000e+00
2.506000000000000000e+03,1.360338042150567333e+02,2.772689705438391528e+01,-2.067263693730147373e-02,5.707681910950115025e+02,1.831038931669282110e-02,nan,7.963226108036542072e+00,1.000000000000000000e+00
2.507000000000000000e+03,1.027738557846625440e+02,4.571183908967516629e+01,-2.822004051956493453e-02,7.800749946285927763e+02,1.261236580511437833e-02,nan,1.229612194952771453e+01,1.000000000000000000e+00
2.507000000000000000e+03,2.836060307623511179e+01,3.416141611113069843e+01,-1.278300845786771965e-02,3.519707066225369090e+02,5.016793652574247364e-02,nan,6.690387395835279527e+00,1.000000000000000000e+00
2.508000000000000000e+03,3.713993544256275214e+01,4.106776871944111207e+01,-1.512702906103234254e-02,4.169757715455535276e+02,5.519223300111630870e-02,nan,4.791643830118410108e+00,1.000000000000000000e+00
2.509000000000000000e+03,1.336521370649214902e+01,1.804326503701774698e+01,-1.628298453518325136e-03,4.262502636222134811e+01,2.969514883989209375e-01,nan,2.201491531662406231e+01,1.000000000000000000e+00
2.510000000000000000e+03,3.832918630673965765e+01,2.424259750123628265e+01,-2.181674475411118919e-02,6.024969236881622692e+02,1.423591502625765060e-02,nan,1.406256072838387006e+01,1.000000000000000000e+00
2.512000000000000000e+03,7.859206033321176221e+01,2.904079421067805100e+01,-2.065247388839212481e-02,5.702090235255675452e+02,1.275101711581838604e-02,nan,1.560087221759970078e+01,1.000000000000000000e+00
2.512000000000000000e+03,6.536141605195071236e+01,3.730742991407084475e+01,-1.616459315997509404e-03,4.229669993789976701e+01,2.720720943686479876e-01,nan,1.560087221759970078e+01,1.000000000000000000e+00
2.513000000000000000e+03,9.375569828982938247e+01,1.984216662045900037e+01,-1.331283837775625294e-03,3.438813017053584531e+01,3.050347382102633897e-01,nan,1.773557626982877977e+01,1.000000000000000000e+00
2.514000000000000000e+03,1.328148760462897826e+02,4.107606619104967649e+01,-1.571774271698487060e-02,4.333576154185401492e+02,1.515097484451932708e-02,nan,1.970669705107785319e+01,1.000000000000000000e+00
2.515000000000000000e+03,9.981806780807701784e+01,5.014953828436059524e+01,-2.032759372703107567e-02,5.611993518729536845e+02,9.105451933001051934e-03,nan,1.488387386775376520e+01,1.000000000000000000e+00
2.516000000000000000e+03,1.146276295464627850e+02,4.866408130815975852e+01,-1.274547236130673831e-03,3.281469413995570505e+01,3.027963661241155346e-01,nan,1.488387386775376520e+01,1.000000000000000000e+00
2.518000000000000000e+03,6.243590158043147653e+01,5.092559438403664984e+01,-1.117916168027225168e-02,3.074923587089531907e+02,1.718360843105981584e-02,nan,2.488551994677359502e+01,1.000000000000000000e+00
2.519000000000000000e+03,9.921596212760499611e+01,2.190488090493426299e+01,1.663569565209282531e-03,-4.360317514738227374e+01,2.502424751421363780e-01,nan,1.522430264852067161e+01,1.000000000000000000e+00
2.521000000000000000e+03,3.218846173312449821e+01,2.000259768798346727e+01,-2.545293775098582401e-02,7.033368913553975972e+02,9.441611553675266499e-02,nan,1.632787154001951535e+01,1.000000000000000000e+00
2.522000000000000000e+03,7.946223498421727527e+01,3.277640504003579025e+01,-1.888015806310033851e-02,5.210586427091019459e+02,1.035111412951816856e-02,nan,5.371302976255202921e+00,1.000000000000000000e+00
2.522000000000000000e+03,1.437991635978165732e+02,4.922240617168717591e+01,-2.177372044913312640e-02,6.013037610791858469e+02,1.887281433997933799e-02,nan,6.164475596744346753e+00,1.000000000000000000e+00
2.527000000000000000e+03,1.412351505917272618e+02,4.361646319236055547e+01,-1.606181119503681878e-02,4.428994230816358026e+02,2.477926523147810922e-02,nan,6.164475596744346753e+00,1.000000000000000000e+00
2.527000000000000000e+03,9.161496273621659725e+01,4.728882083428932503e+01,-2.075998658542345995e-03,5.504077938689320604e+01,2.481962184282614503e-01,nan,1.892878770549011946e+01,1.000000000000000000e+00
2.527000000000000000e+03,5.304697734113434393e+01,7.830834902190028757e+00,-1.221180911783427935e-03,3.133472362510104503e+01,3.722435996290313076e-01,nan,3.296925583313245056e+01,1.000000000000000000e+00
2.527000000000000000e+03,5.987907118203178669e+01,4.362599497292849549e+01,1.225285533469361787e-03,-3.144855419417467957e+01,2.964433458466032567e-01,nan,2.238780708812622322e+01,1.000000000000000000e+00
2.529000000000000000e+03,2.544870428369274151e+01,3.692994550754305294e+01,-1.428431681572338470e-03,3.708226258755065174e+01,3.410827545406575068e-01,nan,1.150838713999184471e+01,1.000000000000000000e+00
2.532000000000000000e+03,9.878336924234896799e+01,1.930678889989167857e+01,-1.472640759776041664e-03,3.830828167413144314e+01,2.726828784745554124e-01,nan,1.017834662861225681e+01,1.000000000000000000e+00
2.533000000000000000e+03,1.163038798708667372e+02,8.942013002082312312e+00,-1.446298520476354231e-02,3.985603131105015109e+02,1.359212313571933617e-02,nan,1.975813401954140858e+01,1.000000000000000000e+00
2.533000000000000000e+03,3.131711186716956163e+01,4.682968121099096948e+01,-2.931991566337710867e-02,8.105770537974393619e+02,1.130450346048439414e-02,nan,1.150838713999184471e+01,1.000000000000000000e+00
2.533000000000000000e+03,8.490996554893214920e+00,2.837123413813624140e+01,-1.771605843329666571e-02,4.887754913109943118e+02,1.489236928785575564e-02,nan,1.899514126612909948e+01,1.000000000000000000e+00
2.534000000000000000e+03,7.039398135473807372e+01,4.485559314591129265e+01,-2.056116751098973142e-02,5.676768883630545588e+02,1.204684360752039662e-02,nan,1.997562439525689015e+01,1.000000000000000000e+00
2.534000000000000000e+03,4.888072169700829761e+01,2.752029492294076007e+01,-3.147926032526769669e-02,8.704606315048442866e+02,1.101805319843052189e-02,nan,2.237970900738325852e+01,1.000000000000000000e+00
2.535000000000000000e+03,8.974649740949399757e+01,3.990527069875733446e+01,-1.957783079432828463e-02,5.404067069399632146e+02,1.339495274950286419e-02,nan,1.043913547541358078e+01,1.000000000000000000e+00
2.535000000000000000e+03,7.619636558841645524e+01,8.024905975052142537e+00,1.366197670457871497e-03,-3.535637078973374514e+01,3.699759216970699427e-01,nan,1.137998727498016116e+01,1.000000000000000000e+00
2.537000000000000000e+03,8.957373226496743257e+01,1.497304607906933605e+01,-1.659905584732943203e-03,4.350156456920751680e+01,2.431581140736401858e-01,nan,6.540818606064373597e+00,1.000000000000000000e+00
2.538000000000000000e+03,2.695612140233223286e+01,2.302994113132904985e+01,-1.184041773249608050e-03,3.030477017319176625e+01,3.359100653216147148e-01,nan,1.922212908644818086e+01,1.000000000000000000e+00
2.540000000000000000e+03,8.422695642477644640e+01,3.104467157724971926e+01,-3.122232609419630864e-02,8.633352562631797582e+02,8.083928390567596267e-03,nan,1.043913547541358078e+01,1.000000000000000000e+00
2.540000000000000000e+03,9.782327465315847803e+01,1.990317678849601180e+01,1.140331423132265624e-03,-2.909258195976500971e+01,3.470471433863938637e-01,nan,9.610470250023814387e+00,1.000000000000000000e+00
2.541000000000000000e+03,1.161642200663112590e+02,3.848689621199410738e+01,-5.469699835601115473e-02,1.514341733068725489e+03,8.807252251820441025e-03,nan,9.636430175092785433e+00,1.000000000000000000e+00
2.545000000000000000e+03,2.250863932548005408e+01,3.801820241261599875e+01,-2.840237297107371661e-02,7.851314915006336150e+02,1.191128061359558732e-02,nan,1.959686501921931168e+01,1.000000000000000000e+00
2.546000000000000000e+03,4.202568851948272766e+01,3.978509497878440015e+01,-1.123459388108995725e-02,3.090296207142938556e+02,1.897424994828222911e-02,nan,1.959686501921931168e+01,1.000000000000000000e+00
2.547000000000000000e+03,6.397258945613073422e+01,4.149582511089193559e+01,-1.894500574481767716e-02,5.228570175844984078e+02,1.597218462309024645e-02,nan,6.244180209420227889e+00,1.000000000000000000e+00
2.547000000000000000e+03,6.236788311522323625e+01,9.265488643589392836e+00,-1.601261773241814635e-03,4.187523723737124470e+01,3.153756360424651017e-01,nan,2.852984107899838051e+01,1.000000000000000000e+00
2.548000000000000000e+03,8.310523815593812458e+01,4.438804781720271819e+01,-2.292193369612392437e-02,6.331463466628341621e+02,1.284408070507869759e-02,nan,1.935001804787636459e+01,1.000000000000000000e+00
2.548000000000000000e+03,1.289335287598451600e+02,2.813829826241421372e+01,-1.496451469206626231e-03,3.896860723198215481e+01,2.736133699211333870e-01,nan,1.783081324661635136e+01,1.000000000000000000e+00
2.552000000000000000e+03,3.739306522976435332e+01,2.895307880996946892e+01,-2.400911669026635151e-02,6.632964234249643596e+02,1.197541794543255378e-02,nan,1.676337945344466362e+01,1.000000000000000000e+00
2.552000000000000000e+03,5.908789197647552527e+01,3.760615712763613061e+01,-4.326900031195782780e-03,1.174634345747783897e+02,1.322922236193745382e-01,nan,6.244180209420227889e+00,1.000000000000000000e+00
2.554000000000000000e+03,1.340674321154375832e+02,1.360671069492926755e+01,-8.536512986728483215e-03,2.342056522437399906e+02,2.298042506308450861e-02,nan,1.783113616878709351e+01,1.000000000000000000e+00
2.554000000000000000e+03,3.015446757455265470e+01,4.407305217919649465e+01,-2.495534624077124300e-02,6.895375380634637850e+02,1.021012525411507665e-01,nan,1.676337945344466362e+01,1.000000000000000000e+00
2.556000000000000000e+03,6.263085287827281888e+01,4.431855438723277274e+01,-1.267456244413890827e-02,3.489632500525876821e+02,2.267564710422220742e-02,nan,7.590049335959865751e+00,1.000000000000000000e+00
2.559000000000000000e+03,1.162570767137177228e+02,1.446732532079586164e+01,-1.919187893337854708e-02,5.297033770527067418e+02,1.248033518839941625e-02,nan,1.269424072444066631e+01,1.000000000000000000e+00
2.560000000000000000e+03,1.036419566687688700e+02,1.305223033402729094e+01,-1.397496544993482269e-02,3.850264065383810248e+02,1.736519166676409043e-02,nan,1.269424072444066631e+01,1.000000000000000000e+00
2.560000000000000000e+03,4.762642230485205630e+01,2.123283250224522689e+01,-2.341468136947284784e-02,6.468113692541319324e+02,1.149424721074066014e-02,nan,8.715812307794333691e+00,1.000000000000000000e+00
2.560000000000000000e+03,9.389284283473520176e+00,2.747560922356570146e+01,-2.629557177897804895e-02,7.267050646649778400e+02,8.904845925881921254e-03,nan,4.294067843849614263e+00,1.000000000000000000e+00
2.560000000000000000e+03,6.090176016833631678e+01,1.192492152064975741e+01,-1.293779405051847728e-02,3.562632659480930784e+02,1.393600254996696375e-02,nan,1.621332175191020042e+01,1.000000000000000000e+00
2.561000000000000000e+03,1.239492790613638249e+02,4.074036403760297276e+01,-1.449473825909653769e-02,3.994408981000846666e+02,2.045319079182961186e-02,nan,9.785395630548167745e+00,1.000000000000000000e+00
2.563000000000000000e+03,7.917974351122887811e+01,2.989704510127206305e+01,-1.843849793849485635e-02,5.088103949611402754e+02,6.967341406536797788e-02,nan,7.440442504524503065e+00,1.000000000000000000e+00
2.563000000000000000e+03,4.834862995186746559e+01,2.991867156932974581e+01,-2.118517389144809575e-03,5.621992125942021090e+01,3.344146539200015811e-01,nan,8.715812307794333691e+00,1.000000000000000000e+00
2.563000000000000000e+03,7.213399940726145765e+00,8.542208686953321362e+00,-1.564711316319687771e-03,4.086160927608923998e+01,3.334447340421559103e-01,nan,1.838885991136392306e+01,1.000000000000000000e+00
2.564000000000000000e+03,1.152071980172011934e+02,4.513695210832822369e+01,-2.267122276954127227e-02,6.261935579213819665e+02,1.051307748236174344e-02,nan,9.785395630548167745e+00,1.000000000000000000e+00
2.564000000000000000e+03,7.738646245529358225e+01,2.267594215798435187e+01,-2.595103637815617328e-02,7.171503081630655743e+02,2.811262796614721893e-02,nan,7.440442504524503065e+00,1.000000000000000000e+00
2.566000000000000000e+03,2.600603235925715140e+01,4.245353557228155950e+01,-1.054160113551219982e-02,2.898113432142398551e+02,2.649477384157528093e-02,nan,2.561863545854488677e+01,1.000000000000000000e+00
2.567000000000000000e+03,4.339102082507810110e+01,1.729501027348817388e+01,-5.996088017801676912e-03,1.637538440069923809e+02,4.224376977421129276e-02,nan,1.356225323337363875e+01,1.000000000000000000e+00
2.567000000000000000e+03,1.169689053637499967e+02,3.252186234941440546e+01,-1.382931020026865673e-02,3.809870525548262776e+02,9.859877143373008135e-02,nan,6.399977895563701225e+00,1.000000000000000000e+00
2.567000000000000000e+03,5.733400021577302397e+01,3.630229153538226683e+01,-1.642372120223999435e-02,4.529360172492680476e+02,1.365604867220571172e-02,nan,1.102213602939387727e+01,1.000000000000000000e+00
2.569000000000000000e+03,1.991939688872780323e+01,1.452681581474725903e+01,-2.009970693682377844e-03,5.320967255418784703e+01,2.065334681586452614e-01,nan,8.369009104571857094e+00,1.000000000000000000e+00
2.569000000000000000e+03,1.233008736037705546e+02,3.159132741128744826e+01,-2.145716297038847975e-02,5.925248964950261552e+02,6.914758898190365155e-02,nan,6.399977895563701225e+00,1.000000000000000000e+00
2.570000000000000000e+03,6.362125698401153784e+01,4.931441875744720704e+01,-3.000630150900504209e-02,8.296121068157638092e+02,1.058711713264604004e-02,nan,1.445147233028401423e+01,1.000000000000000000e+00
2.571000000000000000e+03,1.295837043215270228e+02,2.697793000082870662e+01,-3.438236144523534182e-02,9.509702808342044591e+02,1.437432489443157824e-02,nan,7.794703169127845221e+00,1.000000000000000000e+00
2.572000000000000000e+03,3.690429277294179400e+01,4.545051864164169331e+01,-1.460711144766497355e-03,3.797744610163048407e+01,2.773684786541396052e-01,nan,1.986991998596820963e+01,1.000000000000000000e+00
2.573000000000000000e+03,8.028480059306158978e+01,1.467311333709344900e+01,-1.716402117197523072e-02,4.734662325256081772e+02,1.176994816377807673e-02,nan,3.333120066476985244e+01,1.000000000000000000e+00
2.573000000000000000e+03,1.165216059100381507e+01,1.322561737100333623e+01,-1.313856491166555960e-03,3.390482989739447106e+01,3.475215611397010074e-01,nan,8.369009104571857094e+00,1.000000000000000000e+00
2.576000000000000000e+03,2.225870926948845252e+01,3.202216788318463614e+01,-1.771751907389799638e-02,4.888159982233441951e+02,1.189437851351715647e-02,nan,1.986991998596820963e+01,1.000000000000000000e+00
2.576000000000000000e+03,1.729192092198217523e+01,5.827773055756909848e+00,-7.803437703195065418e-03,2.138757940781537741e+02,3.299300030845131460e-02,nan,9.302418884542934308e+00,1.000000000000000000e+00
2.578000000000000000e+03,1.299910436875176742e+02,1.375773934346678473e+01,-3.063175417999677505e-02,8.469573432139425222e+02,1.012160370950432320e-02,nan,5.030819855976601751e+00,1.000000000000000000e+00
2.578000000000000000e+03,1.008746828026611269e+02,4.088428821251577716e+01,-1.590209949340307301e-03,4.156874482460605691e+01,2.511380445310081866e-01,nan,1.715640155976025838e+01,1.000000000000000000e+00
2.579000000000000000e+03,4.415586150043824176e+01,3.724964429204722194e+01,-1.510497325096268450e-03,3.935813101550727566e+01,1.911437818306342962e-01,nan,1.220268849734033800e+01,1.000000000000000000e+00
2.579000000000000000e+03,5.051247028631740932e+01,2.683335266275774700e+01,1.420095260200554370e-03,-3.685107451191393579e+01,3.242578521586590989e-01,nan,1.220268849734033800e+01,1.000000000000000000e+00
2.580000000000000000e+03,7.658862470181948368e+01,1.723619792140649309e+01,-7.853949258288162386e-03,2.152765952971176091e+02,2.185755276594603114e-02,nan,2.557866623275524987e+01,1.000000000000000000e+00
2.581000000000000000e+03,7.414098571015819061e+01,4.269748676571272483e+01,-2.207367390925418782e-02,6.096221581626962234e+02,1.312831731312569250e-02,nan,2.557866623275524987e+01,1.000000000000000000e+00
2.581000000000000000e+03,1.127422428738005635e+02,1.060056134662617389e+01,1.229107632329475789e-03,-3.155454975761318437e+01,3.395305923995109998e-01,nan,3.721887676739092043e+00,1.000000000000000000e+00
2.583000000000000000e+03,1.255077361864866958e+02,1.147539356017981760e+01,-1.207620842972090616e-02,3.323695215240598486e+02,2.206088345034529219e-02,nan,5.030819855976601751e+00,1.000000000000000000e+00
2.583000000000000000e+03,3.817469525298713506e+01,2.246022963066519296e+01,-1.526363652111638975e-03,3.979814063672456115e+01,2.620376186096472493e-01,nan,1.308987768571143739e+01,1.000000000000000000e+00
2.585000000000000000e+03,3.862243125353997897e+01,7.436668403102350666e+00,-1.680278792236050006e-02,4.634484063973499701e+02,1.867641385622309524e-02,nan,1.503023151799467705e+01,1.000000000000000000e+00
2.585000000000000000e+03,1.173817491490165992e+02,2.726745988620051975e+01,-2.240738203742189197e-02,6.188766495727090842e+02,8.494480465629061783e-03,nan,1.537573657722311005e+01,1.000000000000000000e+00
2.585000000000000000e+03,1.090852200897287361e+02,9.908728827123182370e+00,-1.178052811140195121e-03,3.013868252438088646e+01,2.922808741790315912e-01,nan,3.721887676739092043e+00,1.000000000000000000e+00
2.587000000000000000e+03,1.066460441184110692e+02,4.836271994461856139e+01,-1.628942939212398369e-02,4.492117974947851167e+02,1.872901608646637683e-02,nan,2.366992520977741776e+01,1.000000000000000000e+00
2.587000000000000000e+03,1.384071833964321740e+02,5.857420154596642448e+00,-5.069508986588914384e-02,1.403359636381889231e+03,1.027642875484302554e-02,nan,1.406973217612936722e+01,1.000000000000000000e+00
2.589000000000000000e+03,1.327554969833933569e+02,2.702016892972908124e+01,-1.885167332879960495e-02,5.202686957265395904e+02,1.189752265491372807e-02,nan,9.821084669171174397e+00,1.000000000000000000e+00
2.589000000000000000e+03,4.239015264776219993e+01,4.852925121225058547e+01,-1.814276003888199221e-02,5.006089050345688065e+02,1.465339829545342365e-02,nan,2.995932053615366186e+01,1.000000000000000000e+00
2.591000000000000000e+03,7.106752632497965294e+01,3.985923818081666070e+01,-1.771281236930920180e-03,4.659026673001541496e+01,2.373244373842994248e-01,nan,1.299762425386025022e+01,1.000000000000000000e+00
2.593000000000000000e+03,2.176547962718433382e+01,9.385790012317974274e+00,-2.645902118033435085e-02,7.312378912674615776e+02,6.773397693479821235e-02,nan,6.872043839847210123e+00,1.000000000000000000e+00
2.593000000000000000e+03,8.517503512239051133e+01,3.135045501737027962e+01,-3.677169815534304942e-02,1.017232065288575313e+03,9.766772419547375961e-03,nan,9.864120517055960491e+00,1.000000000000000000e+00
2.593000000000000000e+03,1.242412349689193860e+02,2.212516674097423675e+01,-1.526344563629001769e-03,3.979761126934125315e+01,3.528970680980588748e-01,nan,9.821084669171174397e+00,1.000000000000000000e+00
2.594000000000000000e+03,1.359654210694943686e+02,4.013714030153374779e+01,-2.429005082753124545e-02,6.710873710844433617e+02,1.087719570042366968e-02,nan,1.350401979438991340e+01,1.000000000000000000e+00
2.594000000000000000e+03,1.599733543502760114e+01,1.312122828851402723e+01,-2.479522719860464616e-02,6.850970699560594994e+02,1.137486176994347842e-01,nan,6.872043839847210123e+00,1.000000000000000000e+00
2.596000000000000000e+03,1.079113420151305718e+02,4.320015324495143005e+01,-2.936980747739177319e-02,8.119606681755603859e+02,9.356319592279005448e-03,nan,1.838696346428794115e+01,1.000000000000000000e+00
2.597000000000000000e+03,5.807876239266730067e+01,1.038785439236148100e+01,-2.640408337235844102e-02,7.297143399090048206e+02,1.198563930382656739e-02,nan,1.923672039002561363e+01,1.000000000000000000e+00
2.598000000000000000e+03,8.375648956096682696e+01,7.023505837061191137e+00,-1.693681677087189794e-02,4.671653336237054646e+02,2.399350776669761931e-02,nan,2.436827297801745829e+01,1.000000000000000000e+00
2.598000000000000000e+03,9.046617114693830786e+01,4.900932175831334803e+01,-1.437834205082182820e-02,3.962129644097940400e+02,1.698857342469051179e-02,nan,1.180345022799712495e+01,1.000000000000000000e+00
2.598000000000000000e+03,7.973374164200501468e+01,3.957804268541239168e+01,-1.512018341696488334e-02,4.167859261421282326e+02,1.542577695005686866e-02,nan,9.864120517055960491e+00,1.000000000000000000e+00
2.599000000000000000e+03,8.943623795818242073e+00,4.320894445096123349e+01,-2.713914936608806047e-02,7.500994050319753796e+02,1.165250207933510307e-02,nan,3.090348704856952722e+01,1.000000000000000000e+00
2.600000000000000000e+03,1.007102306604171389e+02,2.527761979943839421e+01,-1.322639455277439466e-02,3.642668194836861062e+02,1.686554832687370276e-02,nan,1.931510315397036948e+01,1.000000000000000000e+00
2.602000000000000000e+03,1.020321238262630885e+02,5.136520288953056479e+01,-1.730927410755065191e-02,4.774944294171334604e+02,9.777699395117300796e-03,nan,1.180345022799712495e+01,1.000000000000000000e+00
2.603000000000000000e+03,3.741737176198132175e+01,2.462668337192299717e+01,-2.527807477209343193e-02,6.984875400825524139e+02,1.013338069161551225e-02,nan,1.137591393545218388e+01,1.000000000000000000e+00
2.604000000000000000e+03,5.270087691044085432e+01,9.988953757040809123e+00,-1.741270076561328081e-02,4.803626877477364019e+02,1.344086687228218668e-02,nan,2.116243506549726305e+01,1.000000000000000000e+00
2.604000000000000000e+03,8.475287622500438545e+01,6.379218390865884381e+00,-1.940139340777263105e-02,5.355136937333329570e+02,1.194733733084751837e-02,nan,2.473432304262485104e+01,1.000000000000000000e+00
2.605000000000000000e+03,5.948311882944130957e+01,4.965559637788936698e+01,-1.003898186561112682e-02,2.758725586202104978e+02,2.133182638976360845e-02,nan,1.458535736468864918e+01,1.000000000000000000e+00
2.605000000000000000e+03,4.159416810390414554e+01,3.520807223090154281e+01,-1.409257523998552579e-02,3.882879956334199392e+02,1.768179114722279177e-02,nan,8.483877556642003270e+00,1.000000000000000000e+00
2.607000000000000000e+03,1.106439484444818646e+02,2.185467508447313278e+01,-3.564864452921874538e-03,9.633044104542716468e+01,6.890088480822820216e-02,nan,1.221202877882291737e+01,1.000000000000000000e+00
2.607000000000000000e+03,1.332524272077821195e+02,2.631881029054916610e+01,-6.219772387965649338e-03,1.699571243813807371e+02,3.556542321273914453e-02,nan,1.094717208413018561e+01,1.000000000000000000e+00
2.608000000000000000e+03,1.177319914165681922e+02,1.191016435137737339e+01,-1.779641975918404631e-02,4.910040951037921104e+02,1.132928798911336798e-02,nan,1.221202877882291737e+01,1.000000000000000000e+00
2.609000000000000000e+03,4.871966202683555736e+01,3.981279966587111119e+01,-1.416355256737153977e-02,3.902563596352383684e+02,2.305814724697763385e-02,nan,8.483877556642003270e+00,1.000000000000000000e+00
2.610000000000000000e+03,8.589371724157838628e+01,2.161708778102119766e+01,-1.124826760519395848e-02,3.094088244303021611e+02,1.666709822776335503e-02,nan,1.781175196282428885e+01,1.000000000000000000e+00
2.612000000000000000e+03,2.317755985926574525e+01,4.999283328261310722e+00,-2.477487493836804180e-02,6.845326551227494747e+02,9.966813105514171767e-03,nan,1.801085319633553894e+01,1.000000000000000000e+00
2.613000000000000000e+03,7.335835115017188457e+01,3.427106363604759309e+01,-1.245984797359219604e-02,3.430087255578130794e+02,1.460516459290783775e-02,nan,1.781175196282428885e+01,1.000000000000000000e+00
2.614000000000000000e+03,1.113829119347817098e+01,1.839506038123347409e+01,-1.165597947894939177e-03,2.979328061418773999e+01,3.514237666016559736e-01,nan,1.801085319633553894e+01,1.000000000000000000e+00
2.618000000000000000e+03,4.974755462324500144e+01,5.120312879787453397e+01,-1.365951563397883352e-02,3.762782599826347791e+02,1.261029983159267509e-02,nan,2.905450986129857327e+01,1.000000000000000000e+00
2.619000000000000000e+03,8.365329063129013321e+01,3.318051173178675128e+01,-1.085283708398291670e-02,2.984426295644540232e+02,2.768177872343025037e-02,nan,1.557344418467659963e+01,1.000000000000000000e+00
2.620000000000000000e+03,1.289602112341019335e+02,3.614030723910361331e+01,-1.345938150568027659e-02,3.707280818034008689e+02,1.806344371273227445e-02,nan,1.424338566927372618e+01,1.000000000000000000e+00
2.620000000000000000e+03,5.093108895533883640e+01,1.224145507726010962e+01,-3.329812794010151428e-02,9.209020001638982649e+02,2.135086992558132835e-02,nan,1.010554149012664382e+01,1.000000000000000000e+00
2.620000000000000000e+03,7.736938943188089013e+01,1.324726220620803829e+01,-1.991794646132326665e-02,5.498388940907478855e+02,1.118165164483908569e-02,nan,1.327021987730635999e+01,1.000000000000000000e+00
2.620000000000000000e+03,1.802663485871852345e+01,2.795891932665659851e+01,-1.059094785196599935e-02,2.911798407873781684e+02,1.940437414746742917e-02,nan,3.117340164827853499e+01,1.000000000000000000e+00
2.621000000000000000e+03,6.095434967028143092e+01,1.095451551031864668e+01,-6.592690249867180774e-03,1.802989915949766839e+02,5.566294259384729770e-02,nan,1.010554149012664382e+01,1.000000000000000000e+00
2.622000000000000000e+03,1.144538119497226631e+02,2.296472024070768470e+01,-1.540053993417709460e-02,4.245608550733696234e+02,1.580567692990497708e-02,nan,1.608632393139042804e+01,1.000000000000000000e+00
2.622000000000000000e+03,1.150153689130879968e+02,3.904123949714252717e+01,-1.976051802077582673e-03,5.226902393194038154e+01,2.462531131228479220e-01,nan,1.424338566927372618e+01,1.000000000000000000e+00
2.623000000000000000e+03,9.688912279016649620e+01,2.266099993460985473e+01,-1.469406390515443951e-02,4.049686552133638315e+02,1.846868314543437251e-02,nan,1.131707524595979919e+01,1.000000000000000000e+00
2.624000000000000000e+03,7.004107831062259493e+01,4.074621325314643627e+01,-1.838825901027937165e-02,5.074171543104816351e+02,1.342736925927334735e-02,nan,1.557344418467659963e+01,1.000000000000000000e+00
2.625000000000000000e+03,4.914510757293625431e+01,2.980868316546993313e+01,-1.123113315563267593e-02,3.089336468637536655e+02,1.834121013458545058e-02,nan,1.728952805337747023e+01,1.000000000000000000e+00
2.625000000000000000e+03,9.063959224692318628e+01,1.322598217565544942e+01,-2.667609933157934210e-02,7.372579660466668656e+02,9.456702692507246155e-02,nan,1.131707524595979919e+01,1.000000000000000000e+00
2.626000000000000000e+03,7.320832434382154474e+01,2.509416176637438767e+01,-1.913629666907416121e-02,5.281619534428642737e+02,1.017207927682739488e-02,nan,1.596928812375108997e+01,1.000000000000000000e+00
2.629000000000000000e+03,1.417775567596204382e+02,7.473101356567999787e+00,-2.659162029661331708e-02,7.349151687413932450e+02,1.095445134856465330e-02,nan,2.327679149111065371e+01,1.000000000000000000e+00
2.629000000000000000e+03,4.049716066014036642e+01,1.483735074307042900e+01,-1.326358373863143706e-03,3.425153576476373729e+01,3.289256320861400074e-01,nan,1.728952805337747023e+01,1.000000000000000000e+00
2.629000000000000000e+03,1.260212162120198514e+02,3.824787902537993745e+01,-1.227813603919794072e-03,3.151866338329120865e+01,3.564861845281166453e-01,nan,1.142510478968556242e+01,1.000000000000000000e+00
2.630000000000000000e+03,3.554664652376275313e+01,4.995595212210140801e+01,-1.731164933866675623e-02,4.775603000211294784e+02,1.627295830697994550e-02,nan,2.430700700038437745e+01,1.000000000000000000e+00
2.630000000000000000e+03,1.000262871539449208e+02,2.223466480316183791e+01,1.438574020493389944e-03,-3.736353289684063128e+01,2.866508498552465811e-01,nan,7.112467148128508221e+00,1.000000000000000000e+00
2.632000000000000000e+03,1.299434397796247538e+02,2.751712035038306325e+01,-1.654258318234123979e-03,4.334495292300538694e+01,3.046419101505436489e-01,nan,1.142510478968556242e+01,1.000000000000000000e+00
2.634000000000000000e+03,5.646382609687392318e+01,3.657507050125246906e+01,-1.863100840402493949e-02,5.141491514947852011e+02,1.759836905413392216e-02,nan,1.895361017573298668e+01,1.000000000000000000e+00
2.634000000000000000e+03,1.129575596501804711e+02,3.977552960624009160e+01,-1.434485851662934503e-03,3.725015860316709393e+01,3.320037625404584913e-01,nan,1.315267421716555063e+01,1.000000000000000000e+00
2.635000000000000000e+03,7.324585073927373458e+01,1.931514981172634293e+01,-1.672926178826802251e-02,4.614093581424979789e+02,1.229892000979815325e-02,nan,1.331863208893612516e+01,1.000000000000000000e+00
2.637000000000000000e+03,3.945158687067005587e+01,2.821905140098351694e+01,-7.637205838458359375e-03,2.092658033874171792e+02,2.824231155469070220e-02,nan,1.895361017573298668e+01,1.000000000000000000e+00
2.640000000000000000e+03,6.223379624788614706e+01,1.182378033751473545e+01,-1.919434879705790922e-02,5.297718720346242662e+02,8.867523050556269659e-03,nan,1.331863208893612516e+01,1.000000000000000000e+00
2.641000000000000000e+03,1.060019396506761353e+02,4.196933368680571164e+01,-1.221747820490072349e-02,3.362872562465387887e+02,2.327029690670101569e-02,nan,8.594143379777852587e+00,1.000000000000000000e+00
2.641000000000000000e+03,9.369706177047689266e+01,5.276541783667909158e+01,-1.044816038255418772e-02,2.872200169245773509e+02,1.868266494875781003e-02,nan,1.447334672483845885e+01,1.000000000000000000e+00
2.642000000000000000e+03,1.393728501756970104e+02,2.649521558115175779e+01,-2.011520605778593235e-02,5.553093549123940420e+02,1.250239586198076402e-02,nan,7.212449242715579523e+00,1.000000000000000000e+00
2.642000000000000000e+03,3.525665212805118642e+01,8.873552173263762555e+00,-1.508770314767484549e-02,4.158851738146676666e+02,1.577102421231368901e-02,nan,1.941177419375651425e+01,1.000000000000000000e+00
2.643000000000000000e+03,9.880478171541297172e+01,1.581219519808485785e+01,-1.637582154523625939e-03,4.288248467370576833e+01,2.418168190243847882e-01,nan,1.855850179724348692e+01,1.000000000000000000e+00
2.645000000000000000e+03,6.076776005910721068e+01,4.802944716332032726e+01,-2.602459663294193551e-02,7.191903026629630631e+02,9.522617029825930501e-03,nan,2.982471528476257916e+01,1.000000000000000000e+00
2.645000000000000000e+03,1.032206918916583192e+02,3.383766956836489470e+01,-1.736512368837615436e-02,4.790432663269215254e+02,1.173347794103363206e-02,nan,8.594143379777852587e+00,1.000000000000000000e+00
2.645000000000000000e+03,1.333100696554267017e+02,1.774189239429941267e+01,-1.106347556416292094e-02,3.042841175022736024e+02,1.471196876710811896e-02,nan,1.064790939341878584e+01,1.000000000000000000e+00
2.645000000000000000e+03,3.122578950897360883e+01,4.393242167741111359e+01,-1.313860130413971967e-03,3.390493082206818087e+01,3.351213403321348094e-01,nan,1.347153716063305495e+01,1.000000000000000000e+00
2.646000000000000000e+03,2.355419302514225777e+01,3.285862734757169079e+01,-1.772273251919973154e-03,4.661777757982660830e+01,3.365507362371157329e-01,nan,1.347153716063305495e+01,1.000000000000000000e+00
2.646000000000000000e+03,1.336821819997265948e+02,3.092643660810878359e+01,-4.319857144976916620e-03,1.172681191943228072e+02,2.400751956935819331e-01,nan,7.212449242715579523e+00,1.000000000000000000e+00
2.647000000000000000e+03,1.597215835960329500e+01,1.109284878347291148e+01,-1.255964118505020072e-02,3.457762200845019152e+02,2.057194649778648632e-02,nan,1.941177419375651425e+01,1.000000000000000000e+00
2.647000000000000000e+03,1.176993446303913800e+02,3.811473419995697043e+01,1.235084056431923379e-03,-3.172028969874790860e+01,3.558369378099440761e-01,nan,9.660161743655239164e+00,1.000000000000000000e+00
2.649000000000000000e+03,1.199373849167412089e+02,2.583053307186289871e+01,-1.373149683195832964e-03,3.554916604023909343e+01,3.135237218336538456e-01,nan,1.058038853351169806e+01,1.000000000000000000e+00
2.650000000000000000e+03,7.412465302736865169e+01,1.522697085104089965e+01,-1.443876272984586729e-03,3.751057651367707280e+01,3.454211706090487555e-01,nan,1.817610819527545019e+01,1.000000000000000000e+00
2.651000000000000000e+03,1.134996541765586464e+01,4.988946502646259518e+01,-2.122049778382707752e-02,5.859616283238029837e+02,1.404675291311452412e-02,nan,2.095215033212732436e+01,1.000000000000000000e+00
2.651000000000000000e+03,1.264994539595444252e+02,3.413016387073277969e+01,-1.296785748774576582e-03,3.343141907669753010e+01,3.456764019476019634e-01,nan,7.864823613565623539e+00,1.000000000000000000e+00
2.653000000000000000e+03,6.860305466975023592e+01,4.157731210962386825e+01,-1.245655356875917212e-02,3.429173641594686046e+02,1.115008957612779739e-01,nan,8.428813290567299887e+00,1.000000000000000000e+00
2.653000000000000000e+03,7.642175879027773533e+01,4.472576559711423272e+01,-3.091311380828679414e-02,8.547600907149737850e+02,1.422740606630523708e-02,nan,8.428813290567299887e+00,1.000000000000000000e+00
2.655000000000000000e+03,1.269432643934170244e+02,1.988944209211125624e+01,-8.368178906260636402e-03,2.295373622915120677e+02,2.262808704329277720e-02,nan,1.424763575044363506e+01,1.000000000000000000e+00
2.655000000000000000e+03,5.741524698581934416e+01,3.155865279825128056e+01,-1.261342959002263731e-02,3.472678958627002999e+02,1.346674258753843834e-02,nan,1.501800836229543989e+01,1.000000000000000000e+00
2.656000000000000000e+03,8.688840970209803061e+01,6.379134853408817918e+00,-1.730163880190644515e-02,4.772826848879092267e+02,1.628787610459503377e-02,nan,1.607428358364509791e+01,1.000000000000000000e+00
2.656000000000000000e+03,9.798596277442184999e+01,4.709797954326385394e+01,-2.050846053446390375e-03,5.434323998598600269e+01,1.912285022997802786e-01,nan,6.354363674248908467e+00,1.000000000000000000e+00
2.657000000000000000e+03,4.892082245079438252e+01,5.528586580867917988e+00,-1.022256711852948842e-02,2.809637985473488015e+02,1.898699342100163001e-02,nan,1.643371556010816548e+01,1.000000000000000000e+00
2.658000000000000000e+03,9.781818246651410220e+01,1.816568057493686084e+01,-1.017223942452449847e-02,2.795680962178542472e+02,1.839168211988495560e-02,nan,1.554556036989375301e+01,1.000000000000000000e+00
2.658000000000000000e+03,6.245360254862607263e+01,1.485225913701615319e+01,-1.675281196785149409e-03,4.392796553954684668e+01,2.573982048942105028e-01,nan,1.441075296499803571e+01,1.000000000000000000e+00
2.659000000000000000e+03,1.859754349804767770e+01,7.599869978810318116e+00,-2.612372391039162120e-02,7.219393293129672884e+02,1.523611003553415610e-02,nan,7.916580956910546973e+00,1.000000000000000000e+00
2.659000000000000000e+03,1.197118158595604029e+02,4.967290059665570112e+01,-2.846574712016453415e-02,7.868890019382671426e+02,2.046168215453569861e-02,nan,5.108837615271389687e+00,1.000000000000000000e+00
2.660000000000000000e+03,2.727289978345149990e+01,1.571990966845696569e+01,-2.705824784873871527e-02,7.478558204915644865e+02,1.168873683376925321e-02,nan,1.188262812849634109e+01,1.000000000000000000e+00
2.661000000000000000e+03,1.078875082701369514e+01,6.297944071500428898e+00,-1.766952639029087391e-02,4.874850510851240415e+02,3.863310280890475124e-02,nan,7.916580956910546973e+00,1.000000000000000000e+00
2.663000000000000000e+03,1.101041083991393776e+02,8.640951119878469200e+00,-1.129912042428569269e-02,3.108190896822857212e+02,1.835859113966986644e-02,nan,1.554556036989375301e+01,1.000000000000000000e+00
2.663000000000000000e+03,5.780468199209931868e+01,2.849254280992056465e+01,-1.610329743037959213e-02,4.440499314936470796e+02,1.505128821218937318e-02,nan,1.441075296499803571e+01,1.000000000000000000e+00
2.664000000000000000e+03,1.164499362784314798e+02,4.574093373801789397e+01,-3.353614913125602115e-02,9.275028734510882487e+02,1.288640110033290043e-02,nan,5.108837615271389687e+00,1.000000000000000000e+00
2.664000000000000000e+03,1.087663339830497051e+02,3.258218979864527398e+01,-1.939663875285170406e-03,5.125990330375083204e+01,1.801526968134254947e-01,nan,1.406727382120920566e+01,1.000000000000000000e+00
2.666000000000000000e+03,9.106838159813567302e+01,4.548805756259213950e+01,-1.695183055413902740e-02,4.675817002523528458e+02,3.397243457143883649e-02,nan,8.603720456940562755e+00,1.000000000000000000e+00
2.667000000000000000e+03,1.289820411832148466e+02,4.459055722772927055e+01,-2.359731663046720287e-02,6.518762637273895280e+02,1.141243908544331553e-02,nan,1.029289088043467970e+01,1.000000000000000000e+00
2.668000000000000000e+03,9.596454232938940265e+01,3.841334090431482906e+01,-1.641257880001120717e-02,4.526270128918391720e+02,1.951833090024013284e-02,nan,8.603720456940562755e+00,1.000000000000000000e+00
2.669000000000000000e+03,4.772464928363169179e+01,3.887608775506465975e+01,-4.198257334585591381e-03,1.138958776882358990e+02,7.138630480027385872e-02,nan,1.549260113151946960e+01,1.000000000000000000e+00
2.669000000000000000e+03,1.299982276680276527e+02,1.191905522782058213e+01,-4.378451613202675487e-03,1.188930781242924155e+02,2.621617374989618776e-01,nan,7.561896179860643663e+00,1.000000000000000000e+00
2.669000000000000000e+03,9.993326287868188729e+01,2.160585055070731642e+01,-1.306851574119002705e-03,3.371056748910259415e+01,3.738634728083902736e-01,nan,1.042378477271917347e+01,1.000000000000000000e+00
2.670000000000000000e+03,1.285974406274696946e+02,1.935007598556281039e+01,-2.219432762962244947e-03,5.901853592085975464e+01,3.189869556080517921e-01,nan,7.561896179860643663e+00,1.000000000000000000e+00
2.671000000000000000e+03,1.098580771060112227e+02,4.028257321962932025e+01,-1.715508279164010275e-02,4.732183507479448963e+02,2.110652476109309283e-02,nan,9.866026306894605469e+00,1.000000000000000000e+00
2.671000000000000000e+03,8.989438418025765998e+01,1.879939309222048038e+01,-1.534609433977662330e-03,4.002681507107817538e+01,2.484802734377749012e-01,nan,1.042378477271917347e+01,1.000000000000000000e+00
2.671000000000000000e+03,2.005223538107568970e+01,4.899815275753378785e+01,-1.369364936365917397e-03,3.544420633422640776e+01,3.058115156528069534e-01,nan,1.717323540142454164e+01,1.000000000000000000e+00
2.672000000000000000e+03,3.165521492273821380e+01,3.633754930001637007e+01,1.658265914821237556e-03,-4.345609276366158724e+01,2.566091824417364720e-01,nan,3.481327706241019282e+00,1.000000000000000000e+00
2.673000000000000000e+03,2.610831932297037739e+01,8.616385293040167426e+00,-1.595114723036767171e-02,4.398304576475247814e+02,1.097443063034597710e-02,nan,1.935831790400064634e+01,1.000000000000000000e+00
2.674000000000000000e+03,6.267963415892955226e+01,3.483021118749977774e+01,-2.014294375851981723e-03,5.332957817266326828e+01,2.172868686060361876e-01,nan,1.524843209842448388e+01,1.000000000000000000e+00
2.675000000000000000e+03,8.996699422509453825e+01,4.602823500762563924e+01,-1.381187198134420716e-02,3.805034507674549786e+02,4.999735985218523027e-02,nan,7.380570078900309916e+00,1.000000000000000000e+00
2.678000000000000000e+03,8.767226773872209833e+01,3.901346166543564919e+01,-1.836529506392134414e-02,5.067803114338119599e+02,2.290166489629463786e-02,nan,7.380570078900309916e+00,1.000000000000000000e+00
2.678000000000000000e+03,2.090629604455166657e+01,4.253838926475346227e+01,-1.721281753188652142e-03,4.520366642351837072e+01,2.357006387508203682e-01,nan,1.209334379355653866e+01,1.000000000000000000e+00
2.679000000000000000e+03,5.237742811773857454e+01,1.851229505289044752e+01,-2.517938726210701070e-02,6.957507091924582028e+02,1.208566655380816091e-02,nan,1.451164176043520904e+01,1.000000000000000000e+00
2.679000000000000000e+03,4.765390160006117526e+01,3.223366684364101786e+01,-5.510669502121956151e-03,1.502920757597366901e+02,5.652003401036820307e-02,nan,1.421730878810515364e+01,1.000000000000000000e+00
2.679000000000000000e+03,4.421501640404300559e+01,4.602880866186598041e+01,-3.931883269824463720e-03,1.065087142178178681e+02,6.044903851241723025e-02,nan,5.922380577488195463e+00,1.000000000000000000e+00
2.680000000000000000e+03,6.304639458158383114e+00,1.191864127719487776e+01,-1.396814728569689516e-03,3.620545199986623430e+01,3.630224850974953510e-01,nan,2.015727775748435846e+01,1.000000000000000000e+00
2.681000000000000000e+03,5.805224936075745745e+01,4.362313991851494421e+01,-1.765580850783961958e-02,4.871046227569147504e+02,1.166943697630207222e-02,nan,1.404479469416056325e+01,1.000000000000000000e+00
2.681000000000000000e+03,1.409751693960048442e+02,3.498389684130799537e+01,-1.319400721140044684e-03,3.405858410454102625e+01,2.981104794338977904e-01,nan,1.095003146707344754e+01,1.000000000000000000e+00
2.682000000000000000e+03,1.074985048856187717e+02,2.751558169007332566e+01,-1.460044064908412771e-02,4.023722676940142833e+02,1.528154918571222876e-02,nan,1.295015795046219509e+01,1.000000000000000000e+00
2.682000000000000000e+03,1.159483327859095709e+02,3.732919465357389299e+01,-2.562662922258610379e-02,7.081537540453872452e+02,1.168123239300178362e-02,nan,1.295015795046219509e+01,1.000000000000000000e+00
2.682000000000000000e+03,4.510803790703625538e+01,5.188347383587901618e+01,-1.372680479705278792e-03,3.553615395181103054e+01,3.503017737888215466e-01,nan,5.922380577488195463e+00,1.000000000000000000e+00
2.683000000000000000e+03,2.167312550090304768e+01,2.496185726660240078e+01,-1.905756099670916429e-02,5.259784327490044689e+02,1.099741159206679697e-02,nan,1.285227540745237107e+01,1.000000000000000000e+00
2.686000000000000000e+03,1.322264306577822026e+02,1.077055854203642049e+01,-1.519958963938805368e-03,3.962052395113543213e+01,2.788533025636638074e-01,nan,1.595559558291369484e+01,1.000000000000000000e+00
2.686000000000000000e+03,1.338844095453304419e+02,2.663977832165820558e+01,-1.140531482355074035e-03,2.909813006064328533e+01,3.415216870185910913e-01,nan,1.095003146707344754e+01,1.000000000000000000e+00
2.687000000000000000e+03,4.121978747186216196e+01,4.087615317954394101e+01,-1.847672800094550191e-02,5.098706022341737025e+02,1.352363458798366835e-02,nan,1.167388536340889260e+01,1.000000000000000000e+00
2.688000000000000000e+03,1.097113848578084827e+01,3.207863020643691954e+01,-2.090315163646995836e-02,5.771608921510204482e+02,2.357070662506466352e-02,nan,4.983744155255225294e+00,1.000000000000000000e+00
2.688000000000000000e+03,1.319384914651088252e+02,4.003146146279500783e+01,1.644861500676530900e-03,-4.308435763020958120e+01,3.231222346523152655e-01,nan,1.353232332334477661e+01,1.000000000000000000e+00
2.691000000000000000e+03,2.055343418800871547e+01,4.147969397791654700e+01,-2.186384773958466310e-02,6.038031974575297909e+02,1.855123035344841131e-02,nan,9.851395035329234773e+00,1.000000000000000000e+00
2.691000000000000000e+03,6.199550479395990266e+01,2.424897740227795495e+01,-1.296028678759837682e-03,3.341042378962841042e+01,3.288397776505092018e-01,nan,2.661002451287508563e+01,1.000000000000000000e+00
2.692000000000000000e+03,8.640836248060793423e+01,1.050042321247959798e+01,-1.111145871270125332e-02,3.056148002111772826e+02,2.822950371375476664e-02,nan,2.750146675239698979e+01,1.000000000000000000e+00
2.693000000000000000e+03,5.034528001664482666e+00,5.617717413564908391e+00,-2.178637146643145305e-03,5.788717995759849089e+01,1.602879974451207890e-01,nan,1.719163486653267725e+01,1.000000000000000000e+00
2.693000000000000000e+03,1.178149416231915758e+01,3.699605122588835115e+01,-2.311219781038862525e-02,6.384228067261966544e+02,1.245721020167478432e-02,nan,4.983744155255225294e+00,1.000000000000000000e+00
2.697000000000000000e+03,1.303521937797846988e+02,8.528385185349705466e+00,-1.410850180398016789e-02,3.887296757641639147e+02,4.636937984294431381e-02,nan,2.191059376271070036e+01,1.000000000000000000e+00
2.697000000000000000e+03,7.527214835331163556e+01,3.564630574708560573e+01,-2.178582032410608660e-02,6.016393183507881304e+02,1.267478624312312618e-02,nan,2.321266042380808159e+01,1.000000000000000000e+00
2.698000000000000000e+03,2.200469555089270202e+01,8.368303303026186413e+00,-1.777978295786052793e-02,4.905427184637204618e+02,1.457197843528745818e-02,nan,1.719163486653267725e+01,1.000000000000000000e+00
2.700000000000000000e+03,1.108937364372633567e+02,4.567298489494117320e+01,-1.263626669693576100e-03,3.251184179758242010e+01,3.430403473263906600e-01,nan,2.037867202221733720e+01,1.000000000000000000e+00
2.701000000000000000e+03,5.642806545506391558e+01,4.920094125214415470e+01,-1.489381558685579955e-02,4.105082272717100977e+02,1.517521632059226633e-02,nan,1.995168807798847510e+01,1.000000000000000000e+00
2.701000000000000000e+03,4.630758373969536734e+01,1.050255878143663146e+01,-1.251788629417839669e-03,3.218354580238229090e+01,3.432718939023318150e-01,nan,2.439642229435638399e+01,1.000000000000000000e+00
2.702000000000000000e+03,1.178390460200869114e+02,2.651435894765980450e+01,-1.060454037535968341e-02,2.915567926215391594e+02,1.036300879939381359e-01,nan,7.122170810402844054e+00,1.000000000000000000e+00
2.702000000000000000e+03,8.692737340813568636e+00,4.138677871830427080e+01,-1.347661886901835825e-02,3.712061134049067732e+02,1.867561415959595461e-02,nan,3.186791550463426148e+01,1.000000000000000000e+00
2.704000000000000000e+03,6.959549684349636323e+01,3.421132458618930627e+01,-8.133153277674980836e-03,2.230195628215940360e+02,2.142435522415020444e-02,nan,1.995168807798847510e+01,1.000000000000000000e+00
2.704000000000000000e+03,2.080349882167122644e+01,1.190977929563095472e+01,-1.210270378754902927e-03,3.103214953214876815e+01,3.704923648969362659e-01,nan,2.297880074122814520e+01,1.000000000000000000e+00
2.706000000000000000e+03,1.227354069793225619e+02,2.134222530578363575e+01,-1.968577906366137872e-02,5.434003599167549510e+02,1.698254136533672298e-02,nan,7.122170810402844054e+00,1.000000000000000000e+00
2.707000000000000000e+03,5.282816732558787010e+01,2.261792541289042546e+01,-1.859141724654022818e-02,5.130511979361874637e+02,1.026511443389577227e-02,nan,1.412883410161045106e+01,1.000000000000000000e+00
2.707000000000000000e+03,1.352623002649475552e+02,4.233586647477574871e+01,-1.838653401844310637e-03,4.845865131174068097e+01,2.043873365549840893e-01,nan,1.578724104422167329e+01,1.000000000000000000e+00
2.708000000000000000e+03,8.527393541627174045e+01,1.372516176189475168e+01,-2.084414126775507511e-02,5.755243993470479609e+02,1.420354021423764213e-02,nan,4.112424604041788889e+00,1.000000000000000000e+00
2.708000000000000000e+03,1.034046386537672220e+02,8.351046003937304008e+00,-1.181280111331800380e-03,3.022818295718345283e+01,3.644619441362985102e-01,nan,1.483721795719602810e+01,1.000000000000000000e+00
2.709000000000000000e+03,1.170939006376785407e+01,3.301244427909909263e+01,-3.036897545049001626e-02,8.396698866323268931e+02,1.624797826946988710e-02,nan,7.038320338766808071e+00,1.000000000000000000e+00
2.709000000000000000e+03,6.909622742052047784e+01,6.999469288755453711e+00,-1.294243961087379645e-03,3.336092947715916068e+01,3.036915567993220266e-01,nan,1.018694511433415073e+01,1.000000000000000000e+00
2.710000000000000000e+03,7.880226643639662143e+01,4.096867416776668591e+01,-1.927985377343479148e-02,5.321431210471611166e+02,9.385241079682304921e-03,nan,2.800163330225534608e+01,1.000000000000000000e+00
2.710000000000000000e+03,1.229072378649514832e+02,5.216385776906171401e+01,-1.451056797304659148e-02,3.998798923570663533e+02,1.710174809988340705e-02,nan,1.578724104422167329e+01,1.000000000000000000e+00
2.711000000000000000e+03,9.673431731253035792e+00,1.202923279742766205e+01,-2.813451946885822674e-02,7.777032998380399249e+02,1.027480418383786009e-02,nan,1.532335686176965872e+01,1.000000000000000000e+00
2.711000000000000000e+03,5.939514391433601759e+01,1.010797850838023315e+01,-1.633294759474517108e-03,4.276358538026880751e+01,2.380437754395907657e-01,nan,1.018694511433415073e+01,1.000000000000000000e+00
2.713000000000000000e+03,8.904468625501071699e+01,1.208398101740693953e+01,-1.186823368627488128e-02,3.266019051124104635e+02,6.089781918537695571e-02,nan,4.112424604041788889e+00,1.000000000000000000e+00
2.713000000000000000e+03,1.432701538782585828e+02,2.416045068046181399e+01,-2.654260877856677928e-02,7.335559669885205949e+02,1.229039116193308967e-02,nan,3.462425677375394173e+01,1.000000000000000000e+00
2.713000000000000000e+03,7.703358139035973551e+00,2.722541901484393279e+01,-1.803187058240440441e-02,4.975336861956764665e+02,5.307100589048374673e-02,nan,7.038320338766808071e+00,1.000000000000000000e+00
2.716000000000000000e+03,6.960381135732231428e+01,5.636817301099391386e+00,-1.495902577976328945e-02,4.123166554134554076e+02,1.594940432908997785e-02,nan,1.114487207207787733e+01,1.000000000000000000e+00
2.716000000000000000e+03,3.982857264118596419e+01,4.873033473745346811e+01,-1.462960895139544908e-02,4.031811715845695971e+02,1.458319937190288851e-02,nan,2.073662410248323340e+01,1.000000000000000000e+00
2.717000000000000000e+03,8.440113593311068030e+01,4.847250269218034902e+01,-1.362490950579494341e-02,3.753185527145797096e+02,2.516607683286531394e-02,nan,1.549211400342333889e+01,1.000000000000000000e+00
2.717000000000000000e+03,6.168526929925710078e+01,5.297102560681371841e+01,-1.702421624320992226e-03,4.468063181373572945e+01,3.293947000038839334e-01,nan,8.699128587491978593e+00,1.000000000000000000e+00
2.718000000000000000e+03,3.998611470771385967e+01,2.799430908968377096e+01,-1.005414727792605829e-02,2.762931302699585672e+02,2.339316355724374574e-02,nan,1.613417365917751667e+01,1.000000000000000000e+00
2.719000000000000000e+03,9.636792339936384622e+01,1.833432802410474949e+01,-1.292443139413696970e-02,3.558926888531429995e+02,3.741460579704836142e-02,nan,5.853366471524377168e+00,1.000000000000000000e+00
2.720000000000000000e+03,1.542460425917119160e+01,8.925847290324584904e+00,-1.247288052617197968e-03,3.205873449026253041e+01,3.501299120176183388e-01,nan,1.410447510954158368e+01,1.000000000000000000e+00
2.721000000000000000e+03,5.929327120443456778e+00,4.020908183310986317e+01,-1.859796746671438239e-02,5.132328505578008162e+02,1.577820645271932332e-02,nan,1.512073440603617058e+01,1.000000000000000000e+00
2.722000000000000000e+03,6.891281284527183004e+01,4.812980133270897198e+01,-2.106780858134397680e-02,5.817272067035079317e+02,8.460447718770081060e-03,nan,8.021191947127647381e+00,1.000000000000000000e+00
2.723000000000000000e+03,4.708172038445599838e+01,1.350417659392368819e+01,-2.400319755449541875e-02,6.631322722205942455e+02,1.035629409943206181e-02,nan,1.613417365917751667e+01,1.000000000000000000e+00
2.723000000000000000e+03,7.485373355223424596e+01,3.585567118052548352e+01,-6.281168088641845768e-03,1.716597679089427686e+02,3.699809341365833948e-02,nan,9.933998356330357993e+00,1.000000000000000000e+00
2.723000000000000000e+03,1.175963356267813111e+02,3.728992497042960963e+01,-3.105415058577000106e-02,8.586713638771853994e+02,1.087251897483521024e-02,nan,1.933325753988407669e+01,1.000000000000000000e+00
2.723000000000000000e+03,9.843317357417157609e+01,4.034276803219751883e+01,-2.086075985813206496e-02,5.759852709558241486e+02,1.308558489140299042e-02,nan,1.940480947122043176e+01,1.000000000000000000e+00
2.724000000000000000e+03,9.301074940307982786e+01,1.353940552122317165e+01,-1.608662583974279983e-02,4.435875900661649212e+02,1.321464066092681300e-02,nan,5.853366471524377168e+00,1.000000000000000000e+00
2.725000000000000000e+03,1.096197034161136052e+01,2.230572459295791887e+01,-4.397783241468330301e-03,1.194291884932797529e+02,6.328682036779831321e-02,nan,1.331392669927828010e+01,1.000000000000000000e+00
2.725000000000000000e+03,1.771137637738537407e+01,4.968641923793408921e+01,-2.450708738257870514e-02,6.771062923057331773e+02,1.061527403172857209e-02,nan,1.512073440603617058e+01,1.000000000000000000e+00
2.726000000000000000e+03,6.096061246759663277e+01,4.708002544902337405e+01,-2.613125087833422823e-03,6.993652661744020804e+01,1.701729747382468849e-01,nan,8.021191947127647381e+00,1.000000000000000000e+00
2.727000000000000000e+03,1.365111981046764811e+02,4.129027802307356865e+01,-2.033620449868134630e-02,5.614381483107526947e+02,1.087599441361408736e-02,nan,1.933325753988407669e+01,1.000000000000000000e+00
2.728000000000000000e+03,6.569530154283373236e+01,3.200762668068373529e+01,-1.682789220556078422e-02,4.641446057213138374e+02,1.653148578073393438e-02,nan,9.031427799012101687e+00,1.000000000000000000e+00
2.730000000000000000e+03,2.201809305118719706e+01,2.972345974491343412e+01,-3.418818822598183871e-02,9.455854123279959822e+02,1.811100677220660593e-01,nan,7.446348232794047561e+00,1.000000000000000000e+00
2.731000000000000000e+03,3.568407686395046596e+01,5.302878960623653626e+01,-1.243945223092180093e-02,3.424431048569317682e+02,2.134302435836055167e-02,nan,1.443319121423900775e+01,1.000000000000000000e+00
2.733000000000000000e+03,1.306284556422696141e+02,2.753328771960459065e+01,-2.491605418533187483e-02,6.884478792902657460e+02,1.099034415954536215e-02,nan,2.339506032904127864e+01,1.000000000000000000e+00
2.733000000000000000e+03,5.766459878791770421e+01,3.613975704539304701e+01,-1.087584423864318764e-02,2.990806707063986210e+02,1.614590569189711111e-02,nan,9.031427799012101687e+00,1.000000000000000000e+00
2.734000000000000000e+03,7.458304099862711212e+01,4.348178068727176537e+01,-1.484354357681275625e-02,4.091140691861341452e+02,1.792292840037723600e-02,nan,1.770153719641000833e+01,1.000000000000000000e+00
2.735000000000000000e+03,2.519443033372812835e+01,4.311494452484755158e+01,-2.082279347069138087e-02,5.749323759952841328e+02,1.409870891594022790e-02,nan,1.376302957722850451e+01,1.000000000000000000e+00
2.735000000000000000e+03,2.486251633815379591e+01,2.284179147562021228e+01,-2.064101283105080134e-02,5.698911821313608925e+02,3.700116161898980849e-02,nan,7.446348232794047561e+00,1.000000000000000000e+00
2.735000000000000000e+03,5.886770852252363539e+01,5.162872761734406168e+01,-1.601234618126530637e-03,4.187448416377213078e+01,2.563370963463340590e-01,nan,1.553562623173807289e+01,1.000000000000000000e+00
2.736000000000000000e+03,7.663134878582040699e+01,1.680951935880225179e+01,-2.353094053097559354e-02,6.500355023232605163e+02,8.943530935806798254e-03,nan,1.287064890566220932e+01,1.000000000000000000e+00
2.736000000000000000e+03,8.606705763844445300e+01,8.056177042787412645e+00,-1.532588177488477133e-03,3.997076099496290169e+01,2.709044548734125257e-01,nan,1.287064890566220932e+01,1.000000000000000000e+00
2.737000000000000000e+03,1.176266837212977379e+02,4.698278063624661627e+01,-1.420526762129694070e-03,3.686304104961426731e+01,2.714305754873294063e-01,nan,1.200512524766407729e+01,1.000000000000000000e+00
2.738000000000000000e+03,4.488820478376572964e+01,4.278241207769098509e+01,-1.721347181166662729e-02,4.748376121283659472e+02,1.436966382399251785e-02,nan,1.440003852867913814e+01,1.000000000000000000e+00
2.738000000000000000e+03,4.873031686112621941e+00,2.348596635444389236e+01,-1.276995661094639054e-03,3.288259457714760714e+01,3.742953308134383539e-01,nan,1.999986144773751207e+01,1.000000000000000000e+00
2.739000000000000000e+03,1.320969069430381069e+02,2.867109195178526093e+01,1.751037819705168535e-03,-4.602887036291561884e+01,3.151759927417336904e-01,nan,2.163410680923722040e+01,1.000000000000000000e+00
2.739000000000000000e+03,1.278008624594228735e+02,5.335530911533432175e+01,-1.518218554771493933e-03,3.957225841508982711e+01,3.257462026018866919e-01,nan,1.200512524766407729e+01,1.000000000000000000e+00
2.740000000000000000e+03,1.106838935075120531e+02,2.558605823341767405e+01,-1.387078305337334115e-03,3.593543866317340019e+01,3.124189693668546486e-01,nan,1.526196097412900343e+01,1.000000000000000000e+00
2.743000000000000000e+03,1.196378215689777704e+02,1.037392028948604228e+01,-1.317623603838525247e-02,3.628758088927782524e+02,2.602276459512486984e-02,nan,8.031823142108519775e+00,1.000000000000000000e+00
2.743000000000000000e+03,4.127012925730259951e+01,9.552975994448360098e+00,-1.329807529856175986e-02,3.662546908903397025e+02,1.262829331742598704e-02,nan,1.865663228177071176e+01,1.000000000000000000e+00
2.744000000000000000e+03,6.824073593691633732e+01,3.279938874136948357e+01,-2.384439912615002669e-02,6.587284277619198747e+02,1.673456271880202628e-02,nan,2.124116257853023271e+01,1.000000000000000000e+00
2.745000000000000000e+03,2.155844573027669853e+01,1.976169632855066283e+01,-1.704188105440344967e-03,4.472962038478061686e+01,2.195189654180929040e-01,nan,1.433498804143006744e+01,1.000000000000000000e+00
2.745000000000000000e+03,1.354588802211825964e+02,9.943469959270725411e+00,-1.053553301140665397e-03,2.668602570068367541e+01,3.400947262240325841e-01,nan,1.582691329234123501e+01,1.000000000000000000e+00
2.746000000000000000e+03,1.338615734079741628e+02,3.333749440436980649e+01,-1.469682791658288856e-02,4.050453075866884092e+02,2.665487794504173280e-02,nan,7.097165388794461904e+00,1.000000000000000000e+00
2.747000000000000000e+03,1.829816368578289598e+01,5.802382479428481510e+00,-1.722081468092813775e-02,4.750412467262962082e+02,2.704361672976840492e-02,nan,8.783365554025710509e+00,1.000000000000000000e+00
2.748000000000000000e+03,7.736861993462376574e+01,1.361948463806516685e+01,-3.129105777928044979e-02,8.652413434558992549e+02,8.634288509188681182e-03,nan,2.124116257853023271e+01,1.000000000000000000e+00
2.748000000000000000e+03,1.144023719929826086e+02,1.646491780412369366e+01,-1.648149922491111072e-02,4.545383342723303599e+02,1.944122557777283600e-02,nan,8.031823142108519775e+00,1.000000000000000000e+00
2.748000000000000000e+03,1.321021040830821107e+02,4.021310523182840768e+01,-1.380007939292264910e-02,3.801764152563682160e+02,3.637209250848583153e-02,nan,7.097165388794461904e+00,1.000000000000000000e+00
2.749000000000000000e+03,9.694462724864054692e+00,7.569821369667574018e+00,-1.413555288036543942e-02,3.894798641261126022e+02,2.262102453149295034e-02,nan,8.783365554025710509e+00,1.000000000000000000e+00
2.749000000000000000e+03,1.302815188973366674e+02,5.025169005453216187e+01,-3.167827231387292108e-02,8.759796901779103564e+02,1.390459127137788631e-02,nan,1.020233873487711307e+01,1.000000000000000000e+00
2.749000000000000000e+03,9.428706690831108972e+01,4.181903215934765683e+01,-1.348056130922123874e-03,3.485326430946962262e+01,3.205903721025817887e-01,nan,2.756384088727320858e+01,1.000000000000000000e+00
2.750000000000000000e+03,5.043011384284818632e+01,1.591494842130173026e+01,-1.756060234123325500e-02,4.844643374996254011e+02,1.137574205790303772e-02,nan,1.598953999598569453e+01,1.000000000000000000e+00
2.753000000000000000e+03,1.904724728531053302e+01,2.190220077253493614e+01,-7.480065179525556898e-03,2.049079326749407528e+02,3.173229069487126797e-02,nan,1.711407836787779146e+01,1.000000000000000000e+00
2.753000000000000000e+03,5.619534215966123725e+01,3.082895297199981499e+01,-1.277264122950278174e-03,3.289003963984526990e+01,3.531930809258629900e-01,nan,1.598953999598569453e+01,1.000000000000000000e+00
2.755000000000000000e+03,9.878892397938861336e+01,1.297179666571931200e+01,-3.293011593517285174e-02,9.106961836106905821e+02,9.811592910458188932e-03,nan,1.516507490813305559e+01,1.000000000000000000e+00
2.755000000000000000e+03,9.090483794836849540e+01,2.592635896727007605e+01,-1.567182459421458465e-02,4.320842006081942941e+02,1.248401123389797363e-02,nan,1.516507490813305559e+01,1.000000000000000000e+00
2.757000000000000000e+03,5.168668881669276516e+00,4.498088055478008584e+01,-1.237893943751093226e-03,3.179821431569128976e+01,3.278499300323325372e-01,nan,1.714903270055418005e+01,1.000000000000000000e+00
2.759000000000000000e+03,7.291396480082637765e+01,7.943852242935222741e+00,-1.143888635164791445e-02,3.146951192572564651e+02,3.885775715250572304e-02,nan,1.963132389625953067e+01,1.000000000000000000e+00
2.759000000000000000e+03,1.423521945178570718e+02,2.662190381621521595e+01,1.166549882702613925e-03,-2.981967994868669081e+01,3.252848478665567589e-01,nan,1.425802416520942018e+01,1.000000000000000000e+00
2.760000000000000000e+03,1.272618918673122153e+02,1.642996521484842276e+01,-1.847518119961577554e-02,5.098277058873044325e+02,1.152672463004134062e-02,nan,1.820969100613933023e+01,1.000000000000000000e+00
2.761000000000000000e+03,8.821369628470758784e+00,9.792628712794925860e+00,-5.049259026703568215e-02,1.397743858281397024e+03,7.481025723606427036e-03,nan,3.537732735016392382e+01,1.000000000000000000e+00
2.761000000000000000e+03,1.321655514993815359e+02,5.229475687613329882e+01,-7.114159436175038036e-03,1.947605275838368470e+02,3.171385561135775522e-02,nan,1.043979789813056058e+01,1.000000000000000000e+00
2.761000000000000000e+03,2.035741751978955705e+01,5.294274198114741381e+01,-1.537020707233163579e-03,4.009368520622518162e+01,3.136039629820561725e-01,nan,1.641594759033922912e+01,1.000000000000000000e+00
2.762000000000000000e+03,9.238518997071342653e+01,5.441799425065964257e+00,1.304434041063291805e-03,-3.364352375534536321e+01,3.301567175337820625e-01,nan,1.963132389625953067e+01,1.000000000000000000e+00
2.765000000000000000e+03,1.361829425054529281e+02,4.265888900353625246e+01,-2.555964836779450050e-02,7.062962213904057762e+02,1.228133140346110430e-02,nan,1.043979789813056058e+01,1.000000000000000000e+00
2.766000000000000000e+03,1.231326662810088521e+02,3.353571303192885722e+01,-1.252129668715783357e-02,3.447128392543297650e+02,1.765537905920999684e-02,nan,1.318402643200869484e+01,1.000000000000000000e+00
2.766000000000000000e+03,3.167847261928937641e+01,4.105505731495385646e+01,-1.738549429076699125e-03,4.568253866152543452e+01,2.643729697806048717e-01,nan,1.641594759033922912e+01,1.000000000000000000e+00
2.766000000000000000e+03,6.976993616037469792e+01,1.617509193496533371e+01,-1.553998589507665134e-03,4.056452080298542029e+01,2.992190260299003590e-01,nan,2.455527284229521001e+01,1.000000000000000000e+00
2.767000000000000000e+03,1.404948727237945718e+02,1.326376251298070841e+01,-1.634938050389943623e-02,4.508743792604525993e+02,9.107169623192912233e-03,nan,1.141201948070160554e+01,1.000000000000000000e+00
2.767000000000000000e+03,4.513673487182946786e+01,5.329414400109046568e+01,-2.071534278145047842e-02,5.719525220551362281e+02,1.405245112343589398e-02,nan,1.819120847467017299e+01,1.000000000000000000e+00
2.769000000000000000e+03,1.596559246884777750e+01,1.474715242610527532e+01,-1.699041694199685329e-02,4.686517892457927701e+02,1.172368104572929504e-02,nan,3.064311443477710384e+01,1.000000000000000000e+00
2.770000000000000000e+03,1.298113435636848578e+02,1.727579358377245455e+01,-1.107158107455502583e-02,3.045089018870872906e+02,1.829006607390959438e-02,nan,1.141201948070160554e+01,1.000000000000000000e+00
2.773000000000000000e+03,7.607167987408628562e+01,1.424065506633894884e+01,-2.760296576958280387e-02,7.629620971861443195e+02,3.532526523882062452e-02,nan,1.983179230709707497e+01,1.000000000000000000e+00
2.773000000000000000e+03,4.698599188293356121e+01,3.840707336728718957e+01,-2.030046919170820988e-02,5.604471263262631737e+02,1.205395000539988271e-02,nan,1.045273187973057105e+01,1.000000000000000000e+00
2.773000000000000000e+03,1.272601738450782847e+02,5.199457751121136617e+00,-1.563385301288577021e-03,4.082483583942666172e+01,3.262276754659775291e-01,nan,1.234286652589718791e+01,1.000000000000000000e+00
2.776000000000000000e+03,1.032695023539608883e+02,9.335567319172112022e+00,-1.435333959538756705e-02,3.955195890032192665e+02,1.349877124079446045e-02,nan,1.814608248354072728e+01,1.000000000000000000e+00
2.776000000000000000e+03,2.259977554712275705e+01,7.047787008272917042e+00,-1.290035576803831921e-02,3.552250165487732829e+02,1.882322007987324852e-02,nan,3.390647535351646980e+01,1.000000000000000000e+00
2.776000000000000000e+03,6.842038982555666848e+01,3.253704123151119632e+01,-1.596763454277002822e-02,4.402876886171136448e+02,1.406954043037866864e-02,nan,1.457445812645920391e+01,1.000000000000000000e+00
2.777000000000000000e+03,5.695843207394449337e+01,4.153917176712165826e+01,-7.168057319802317688e-03,1.962552394561106439e+02,2.777745575733625572e-02,nan,1.045273187973057105e+01,1.000000000000000000e+00
2.777000000000000000e+03,1.439691426770715168e+02,3.346327567811663783e+01,-1.261552068945808900e-03,3.245430836288655030e+01,3.530510344463914096e-01,nan,3.283341351792216045e+01,1.000000000000000000e+00
2.778000000000000000e+03,1.086781201797635390e+02,4.108374415130836610e+01,-2.564701592542650496e-02,7.087191240510592252e+02,9.270046048924451831e-03,nan,1.751412562309599252e+01,1.000000000000000000e+00
2.778000000000000000e+03,9.595662662784322094e+01,5.312152626223051755e+01,-1.745159769840050681e-02,4.814413888639834909e+02,1.001088421265469153e-01,nan,1.737398211156315853e+01,1.000000000000000000e+00
2.780000000000000000e+03,2.757486777215932605e+01,4.450255241804821793e+01,-2.062736572676350522e-02,5.695127166438948052e+02,5.290654901140356969e-02,nan,8.064716920599773076e+00,1.000000000000000000e+00
2.780000000000000000e+03,2.169742518214444260e+01,5.002480989216941509e+01,-1.696383918166036869e-02,4.679147270229397577e+02,1.371537397336014541e-01,nan,8.064716920599773076e+00,1.000000000000000000e+00
2.781000000000000000e+03,8.531622506110140591e+01,3.108579239392949489e+01,-3.423264293136595027e-02,9.468182432193824525e+02,8.670478326815778125e-03,nan,1.377162361498212384e+01,1.000000000000000000e+00
2.782000000000000000e+03,8.105853540837144067e+01,4.418272699000080195e+01,-1.521083162496303549e-02,4.192998087582278686e+02,1.456976097795215086e-02,nan,1.377162361498212384e+01,1.000000000000000000e+00
2.782000000000000000e+03,1.812005966636781551e+01,2.227639593559355902e+01,-2.344189399049358222e-03,6.247832344041953689e+01,2.370645518435222643e-01,nan,1.376039601341805430e+01,1.000000000000000000e+00
2.784000000000000000e+03,1.390760900485825857e+02,1.627296530897982052e+01,-1.926728759242089806e-02,5.317946320400509421e+02,1.503813550332744331e-02,nan,1.535710626493859898e+01,1.000000000000000000e+00
2.784000000000000000e+03,1.434676880848946610e+02,3.098875884925743307e+01,-2.128886072587792694e-02,5.878574894268770095e+02,1.352510273479312630e-02,nan,1.535710626493859898e+01,1.000000000000000000e+00
2.787000000000000000e+03,1.131640333458006609e+02,3.799198597414721235e+01,-1.598372128803855069e-02,4.407338109417930241e+02,2.899824782685989089e-02,nan,1.030645158596485267e+01,1.000000000000000000e+00
2.788000000000000000e+03,1.945476161726089259e+01,1.893003405949310292e+01,-1.713341375081375503e-02,4.726174185702010959e+02,1.220212268245679521e-02,nan,1.736050859926321266e+01,1.000000000000000000e+00
2.788000000000000000e+03,3.637641306948967923e+01,4.057485805145743996e+01,-1.392352846742011272e-03,3.608171378805381835e+01,3.073446010224745173e-01,nan,2.457653825208300447e+01,1.000000000000000000e+00
2.789000000000000000e+03,1.069146518327638233e+02,2.979636671759613620e+01,-2.207760285197951991e-02,6.097311167514536692e+02,1.188130276191923240e-02,nan,1.030645158596485267e+01,1.000000000000000000e+00
2.789000000000000000e+03,9.406718509476704071e+01,3.462533513419413111e+01,-2.121471582335105605e-02,5.858012813048311500e+02,1.430216977045817295e-02,nan,1.372502595816979287e+01,1.000000000000000000e+00
2.789000000000000000e+03,1.151769008898550197e+02,1.644836885621283784e+01,-1.736226068610613070e-03,4.561810654956635602e+01,2.322887675402584007e-01,nan,1.569821029254282507e+01,1.000000000000000000e+00
2.790000000000000000e+03,1.417641911892926885e+02,2.744288327790291859e+01,-2.244494367264747436e-02,6.199183198264419161e+02,1.193080388323919383e-02,nan,9.363670436211442905e+00,1.000000000000000000e+00
2.792000000000000000e+03,8.154338644654089308e+01,2.576868528472099129e+01,-1.240346172845220585e-02,3.414450057162973167e+02,1.701743208096606619e-02,nan,1.391784586491312226e+01,1.000000000000000000e+00
2.793000000000000000e+03,6.440044878960938490e+01,1.236089661938789597e+01,-1.515168312121647001e-02,4.176594851531564245e+02,1.387289504158939479e-02,nan,1.938586854446353769e+01,1.000000000000000000e+00
2.793000000000000000e+03,1.427690841820931666e+02,3.675247586356426410e+01,-1.345563479462820976e-02,3.706241769167038456e+02,1.739821739520619470e-02,nan,9.363670436211442905e+00,1.000000000000000000e+00
2.794000000000000000e+03,6.875130584531912348e+01,3.125221584552987508e+01,-3.033285442514929361e-02,8.386681677932563161e+02,9.095161642681204306e-03,nan,1.391784586491312226e+01,1.000000000000000000e+00
2.797000000000000000e+03,1.912104038895371616e+01,5.093245627380601093e+01,-3.059779092543849291e-02,8.460154643052941310e+02,1.217584585481867876e-02,nan,1.448026252956828586e+01,1.000000000000000000e+00
2.797000000000000000e+03,1.204084396529104026e+02,2.007963226327299466e+01,-1.366190499043306228e-03,3.535617190996759973e+01,3.740362279458608885e-01,nan,3.829628778499259756e+00,1.000000000000000000e+00
2.797000000000000000e+03,1.146849065742044758e+02,2.412884292308519463e+01,-1.393965025150130290e-03,3.612642319118183565e+01,3.501476330716974950e-01,nan,3.277297254444126562e+00,1.000000000000000000e+00
2.798000000000000000e+03,1.962465909878549297e+01,3.214297696372195645e+01,-2.784882426065524164e-02,7.697803167668346305e+02,9.514450198254587043e-03,nan,1.879622740203388176e+01,1.000000000000000000e+00
2.801000000000000000e+03,4.578516264167817695e+01,4.968206829493572485e+01,-1.624374125963261133e-03,4.251619576271564682e+01,3.181952542647904503e-01,nan,2.669342401427623201e+01,1.000000000000000000e+00
2.805000000000000000e+03,1.172441164314871855e+02,1.025085024516705623e+01,-1.451450554562514362e-03,3.772062870564742809e+01,2.980799353917429340e-01,nan,1.154462238527956153e+01,1.000000000000000000e+00
2.807000000000000000e+03,1.288695369572670870e+02,2.927609200933310873e+01,-1.585615825940269244e-02,4.371961957232854843e+02,1.269744974894904121e-02,nan,2.229596884161334103e+01,1.000000000000000000e+00
2.808000000000000000e+03,4.433746340231641625e+01,2.713853036720366774e+01,-1.841407794233333381e-02,5.081331724854691174e+02,1.354709858679603585e-02,nan,1.368545314117595524e+01,1.000000000000000000e+00
2.808000000000000000e+03,8.057207095042635103e+01,2.862629381490440750e+01,-3.555776668811699848e-02,9.835669628007451593e+02,1.122989990369971380e-02,nan,1.481857007269254467e+01,1.000000000000000000e+00
2.809000000000000000e+03,1.834406946402657468e+01,1.823586664078339936e+01,-1.430779708993258929e-03,3.714737877071554806e+01,3.048958356704299932e-01,nan,1.574536632931240732e+01,1.000000000000000000e+00
2.811000000000000000e+03,5.765711395037509845e+01,2.399551637472401922e+01,-3.033139721936006089e-02,8.386277561361200696e+02,1.123903477787635552e-02,nan,1.368545314117595524e+01,1.000000000000000000e+00
2.814000000000000000e+03,3.195744091852310120e+01,2.614742012199958765e+01,-1.672491679903154865e-02,4.612888616302124660e+02,1.339900757151513133e-02,nan,1.574536632931240732e+01,1.000000000000000000e+00
2.816000000000000000e+03,7.196692188103854448e+01,4.911899891565202836e+01,-1.284567725061667521e-03,3.309258526968391578e+01,3.634896495658231919e-01,nan,1.856282176802262640e+01,1.000000000000000000e+00
2.817000000000000000e+03,5.510823249995490869e+01,2.874241859276773425e+01,-1.813781816560210277e-03,4.776890523444575365e+01,2.816645943342408476e-01,nan,1.710580370360608882e+01,1.000000000000000000e+00
2.818000000000000000e+03,8.629137039857855029e+01,1.949439854148717188e+01,-1.195682454276496623e-02,3.290587326547745306e+02,1.703071930610844387e-02,nan,1.458808329256820890e+01,1.000000000000000000e+00
2.818000000000000000e+03,1.191183758318040304e+02,4.549145561176004549e+01,-2.087073064314414958e-03,5.534789804669733115e+01,2.686255457476958153e-01,nan,1.428279922608654573e+01,1.000000000000000000e+00
2.822000000000000000e+03,1.049392380392280870e+02,4.720912996734756462e+01,1.215065165948230616e-03,-3.116511997292625580e+01,3.519590364200365640e-01,nan,1.428279922608654573e+01,1.000000000000000000e+00
2.822000000000000000e+03,1.006088343887613661e+02,1.669754333595255602e+01,-1.355905083271577482e-03,3.507093375160893345e+01,3.309663201430167456e-01,nan,1.458808329256820890e+01,1.000000000000000000e+00
2.823000000000000000e+03,6.597121140097500280e+00,1.883376255293982027e+01,-1.695215786431111121e-02,4.675907773137735148e+02,1.124643991631746331e-02,nan,4.607516457920264941e+01,1.000000000000000000e+00
2.824000000000000000e+03,5.152767278575312559e+01,8.627572283417956456e+00,1.449563752704092047e-03,-3.766830336467644003e+01,3.686378810616406376e-01,nan,9.321397514160031150e+00,1.000000000000000000e+00
2.825000000000000000e+03,1.298722112397388173e+02,7.966608257152127059e+00,-1.011155347331193013e-02,2.778851356699980784e+02,1.947046849998324003e-02,nan,2.733697861833453757e+01,1.000000000000000000e+00
2.826000000000000000e+03,6.011244416746536245e+01,1.225939716090356590e+01,1.150300636649573922e-03,-2.936905110472437030e+01,3.663198595000021207e-01,nan,9.321397514160031150e+00,1.000000000000000000e+00
2.828000000000000000e+03,9.575354877488963723e+01,3.538326385785278205e+01,-5.130678182263210228e-03,1.397540453412959778e+02,5.164751326222949412e-02,nan,1.647376943414105455e+01,1.000000000000000000e+00
2.828000000000000000e+03,8.239553079734277219e+01,7.421047330139354692e+00,1.610977333851774766e-03,-4.214467200571812100e+01,3.043744847029832279e-01,nan,2.015419309511007029e+01,1.000000000000000000e+00
2.830000000000000000e+03,3.759599133566756279e+01,3.144489796321799346e+01,-8.096951103576943698e-03,2.220155935414520059e+02,2.571721004366878116e-02,nan,1.465534844297570771e+01,1.000000000000000000e+00
2.830000000000000000e+03,1.025359584260725967e+02,8.165811888156632392e+00,-1.696225374943995459e-02,4.678707593529117617e+02,8.093296963151819234e-02,nan,2.015419309511007029e+01,1.000000000000000000e+00
2.832000000000000000e+03,7.980421154469699729e+01,3.125970698461445352e+01,-1.855920185700585950e-02,5.121577913315804835e+02,1.258511788360416883e-02,nan,1.003873282043906734e+01,1.000000000000000000e+00
2.832000000000000000e+03,3.167641673207399577e+01,4.746409985811224175e+01,-4.521218373122242763e-03,1.228523276653974108e+02,4.814164694827693936e-02,nan,1.707794463150918673e+01,1.000000000000000000e+00
2.833000000000000000e+03,5.981249496776606378e+01,2.768779544323336950e+01,-1.704677725984490855e-02,4.702147900640655394e+02,1.773299884553780625e-02,nan,2.030830578240800577e+01,1.000000000000000000e+00
2.834000000000000000e+03,2.304291533748233434e+01,2.971654123612850285e+01,-1.683027474203428395e-03,4.414278757046547241e+01,2.908779756943926653e-01,nan,1.465534844297570771e+01,1.000000000000000000e+00
2.836000000000000000e+03,8.654810693515946696e+01,2.382357683495599332e+01,-5.538577265084695771e-03,1.510660220044069888e+02,5.902647685111228615e-02,nan,1.003873282043906734e+01,1.000000000000000000e+00
2.838000000000000000e+03,9.647262277059537894e+01,4.564783239951153604e+01,-2.577844621981602649e-02,7.123639874145072781e+02,1.179503799021408561e-02,nan,2.397486486958480967e+01,1.000000000000000000e+00
2.838000000000000000e+03,1.403789553754650115e+02,5.250484433590544597e+01,-1.347254483867762510e-02,3.710931312039652994e+02,9.302702726079581375e-03,nan,4.443854920567599720e+01,1.000000000000000000e+00
2.841000000000000000e+03,3.060334360905257967e+01,4.427356000892397958e+01,-1.435274149428272979e-02,3.955030022884531604e+02,1.364410877279764733e-02,nan,7.918266293650737531e+00,1.000000000000000000e+00
2.842000000000000000e+03,7.635188107791888967e+01,7.156612354172033008e+00,-1.687442537328436021e-02,4.654350771381864433e+02,1.520004803602303944e-02,nan,1.606993261847788546e+01,1.000000000000000000e+00
2.842000000000000000e+03,6.270131966549091374e+01,1.563628849704163315e+01,-7.496693953590767567e-03,2.053690867007371992e+02,3.223102385944975889e-02,nan,1.606993261847788546e+01,1.000000000000000000e+00
2.843000000000000000e+03,1.062732419021988335e+02,1.799865271839320258e+01,-1.225897897486363276e-02,3.374381677368865553e+02,1.365103721232918677e-02,nan,9.806155350944795401e+00,1.000000000000000000e+00
2.843000000000000000e+03,4.414731450876416119e+01,1.959813395747571363e+01,-2.713049616889726817e-02,7.498594320366784132e+02,9.449507537815704517e-03,nan,1.882755173378756197e+01,1.000000000000000000e+00
2.843000000000000000e+03,7.634413756375415083e+00,4.793191073471304975e+01,-1.164998578222562614e-02,3.205493904063195032e+02,1.875786131490053688e-02,nan,2.325844510301764601e+01,1.000000000000000000e+00
2.844000000000000000e+03,1.164691296330442754e+02,6.534110321761682272e+00,-1.573246581456426429e-02,4.337659206666783120e+02,1.597049234885000724e-01,nan,5.603909629226541789e+00,1.000000000000000000e+00
2.844000000000000000e+03,1.162626366671434823e+02,4.914815678190217341e+01,-2.895424554301647205e-02,8.004361830720035869e+02,1.276380396134563222e-01,nan,2.329205148276992787e+01,1.000000000000000000e+00
2.844000000000000000e+03,9.297268774956870629e+01,4.883520040672792817e+01,1.399506316775530517e-03,-3.628009591119982247e+01,3.529555150270526909e-01,nan,2.329205148276992787e+01,1.000000000000000000e+00
2.845000000000000000e+03,1.223869013131124461e+02,1.909003489759226113e+01,-3.166918726446070476e-02,8.757277409305050924e+02,1.724975959819496918e-02,nan,1.388060746550248048e+01,1.000000000000000000e+00
2.845000000000000000e+03,1.356215553671421219e+02,7.099320588680944510e+00,-1.863623559786195191e-02,5.142941135630713916e+02,1.267059691330096882e-02,nan,1.785870369225534660e+01,1.000000000000000000e+00
2.845000000000000000e+03,4.596177444835720394e+01,3.833804963007304423e+01,-1.718287309089674628e-03,4.512062362398001625e+01,2.539119941228881183e-01,nan,1.162539647854762848e+01,1.000000000000000000e+00

# Refeyn DiscoverMP; 2024.2.0; Refeyn Ltd; www.refeyn.com; email: support@refeyn.com
# Time created: 2025-05-06 18:21:22
# Time changed: 2025-05-06 18:46:31
# Version commit: 7e7eb900161f3a98afcd7f42c06596f8b321b884
