IDs:;model_02_220_uM
Concentration [uM]:;02.220
Time [s];Surface tension [mJ/m^2];Area [mm^2];Volume [mm^3]
0.0;72.0;Inf;Inf
1.0;72.0;Inf;Inf
2.0;72.0;Inf;Inf
3.0;72.0;Inf;Inf
4.0;72.0;Inf;Inf
5.0;72.0;Inf;Inf
6.0;72.0;Inf;Inf
7.0;72.0;Inf;Inf
8.0;72.0;Inf;Inf
9.0;71.65484639535823;Inf;Inf
10.0;70.67344471978345;Inf;Inf
11.0;69.7701239362501;Inf;Inf
12.0;68.93570335653114;Inf;Inf
13.0;68.1644210232592;Inf;Inf
14.0;67.4543036490567;Inf;Inf
15.0;66.80722312776743;Inf;Inf
16.0;66.22733664085118;Inf;Inf
17.0;65.71748463290267;Inf;Inf
18.0;65.2758876527437;Inf;Inf
19.0;64.89597474496247;Inf;Inf
20.0;64.56871913097845;Inf;Inf
21.0;64.28499215669302;Inf;Inf
22.0;64.0367941311203;Inf;Inf
23.0;63.81757759011675;Inf;Inf
24.0;63.622140370961255;Inf;Inf
25.0;63.44638813956516;Inf;Inf
26.0;63.28709523486882;Inf;Inf
27.0;63.14170436385867;Inf;Inf
28.0;63.00817027021068;Inf;Inf
29.0;62.884841188504026;Inf;Inf
30.0;62.77036982681832;Inf;Inf
31.0;62.66364653963573;Inf;Inf
32.0;62.56374892263271;Inf;Inf
33.0;62.46990351588327;Inf;Inf
34.0;62.381456456951895;Inf;Inf
35.0;62.297850787462195;Inf;Inf
36.0;62.21860874323978;Inf;Inf
37.0;62.14331780864457;Inf;Inf
38.0;62.07161963897763;Inf;Inf
39.0;62.00320118740709;Inf;Inf
40.0;61.93778754103235;Inf;Inf
41.0;61.87513609314368;Inf;Inf
42.0;61.81503176854647;Inf;Inf
43.0;61.75728308522728;Inf;Inf
44.0;61.70171888513258;Inf;Inf
45.0;61.64818560402679;Inf;Inf
46.0;61.5965449785591;Inf;Inf
47.0;61.54667211016305;Inf;Inf
48.0;61.49845382194226;Inf;Inf
49.0;61.451787257489826;Inf;Inf
50.0;61.40657868056838;Inf;Inf
51.0;61.36274244241159;Inf;Inf
52.0;61.32020008959197;Inf;Inf
53.0;61.27887959031628;Inf;Inf
54.0;61.238714660940964;Inf;Inf
55.0;61.19964417765681;Inf;Inf
56.0;61.16161166084367;Inf;Inf
57.0;61.12456482167134;Inf;Inf
58.0;61.08845516221164;Inf;Inf
59.0;61.05323762171634;Inf;Inf
60.0;61.01887026285462;Inf;Inf
61.0;60.98531399265429;Inf;Inf
62.0;60.95253231366968;Inf;Inf
63.0;60.920491101559996;Inf;Inf
64.0;60.88915840580355;Inf;Inf
65.0;60.85850427074104;Inf;Inf
66.0;60.8285005745218;Inf;Inf
67.0;60.799120883861214;Inf;Inf
68.0;60.770340322793075;Inf;Inf
69.0;60.742135453838635;Inf;Inf
70.0;60.71448417021826;Inf;Inf
71.0;60.6873655979023;Inf;Inf
72.0;60.66076000645008;Inf;Inf
73.0;60.63464872771189;Inf;Inf
74.0;60.60901408158134;Inf;Inf
75.0;60.58383930808038;Inf;Inf
76.0;60.55910850514359;Inf;Inf
77.0;60.53480657153987;Inf;Inf
78.0;60.51091915443308;Inf;Inf
79.0;60.48743260114013;Inf;Inf
80.0;60.46433391468949;Inf;Inf
81.0;60.44161071283012;Inf;Inf
82.0;60.41925119017462;Inf;Inf
83.0;60.39724408319572;Inf;Inf
84.0;60.3755786378219;Inf;Inf
85.0;60.354244579405794;Inf;Inf
86.0;60.333232084861066;Inf;Inf
87.0;60.31253175678265;Inf;Inf
88.0;60.29213459938443;Inf;Inf
89.0;60.27203199610424;Inf;Inf
90.0;60.25221568873956;Inf;Inf
91.0;60.23267775799092;Inf;Inf
92.0;60.213410605301235;Inf;Inf
93.0;60.19440693588872;Inf;Inf
94.0;60.17565974288122;Inf;Inf
95.0;60.15716229246771;Inf;Inf
96.0;60.138908109989835;Inf;Inf
97.0;60.12089096690317;Inf;Inf
98.0;60.103104868544484;Inf;Inf
99.0;60.0855440426454;Inf;Inf
100.0;60.06820292853933;Inf;Inf
101.0;60.051076167012596;Inf;Inf
102.0;60.0341585907525;Inf;Inf
103.0;60.01744521535354;Inf;Inf
104.0;60.00093123084108;Inf;Inf
105.0;59.98461199367819;Inf;Inf
106.0;59.968483019223136;Inf;Inf
107.0;59.952539974607;Inf;Inf
108.0;59.93677867200448;Inf;Inf
109.0;59.92119506227135;Inf;Inf
110.0;59.90578522892601;Inf;Inf
111.0;59.890545382452125;Inf;Inf
112.0;59.87547185490216;Inf;Inf
113.0;59.860561094784025;Inf;Inf
114.0;59.84580966221227;Inf;Inf
115.0;59.8312142243077;Inf;Inf
116.0;59.81677155083064;Inf;Inf
117.0;59.80247851003412;Inf;Inf
118.0;59.78833206472292;Inf;Inf
119.0;59.77432926850714;Inf;Inf
120.0;59.760467262239075;Inf;Inf
121.0;59.74674327062168;Inf;Inf
122.0;59.73315459898007;Inf;Inf
123.0;59.71969863018634;Inf;Inf
124.0;59.70637282172856;Inf;Inf
125.0;59.6931747029169;Inf;Inf
126.0;59.68010187221823;Inf;Inf
127.0;59.667151994713244;Inf;Inf
128.0;59.654322799668506;Inf;Inf
129.0;59.641612078217875;Inf;Inf
130.0;59.629017681147324;Inf;Inf
131.0;59.616537516777264;Inf;Inf
132.0;59.60416954893816;Inf;Inf
133.0;59.59191179503384;Inf;Inf
134.0;59.5797623241879;Inf;Inf
135.0;59.56771925546964;Inf;Inf
136.0;59.55578075619519;Inf;Inf
137.0;59.54394504029951;Inf;Inf
138.0;59.532210366776795;Inf;Inf
139.0;59.520575038184916;Inf;Inf
140.0;59.509037399211216;Inf;Inf
141.0;59.4975958352969;Inf;Inf
142.0;59.48624877131645;Inf;Inf
143.0;59.474994670310274;Inf;Inf
144.0;59.463832032267476;Inf;Inf
145.0;59.45275939295691;Inf;Inf
146.0;59.44177532280338;Inf;Inf
147.0;59.430878425807904;Inf;Inf
148.0;59.42006733850927;Inf;Inf
149.0;59.409340728985654;Inf;Inf
150.0;59.398697295893584;Inf;Inf
151.0;59.38813576754373;Inf;Inf
152.0;59.37765490101066;Inf;Inf
153.0;59.36725348127587;Inf;Inf
154.0;59.35693032040247;Inf;Inf
155.0;59.3466842567396;Inf;Inf
156.0;59.33651415415675;Inf;Inf
157.0;59.3264189013043;Inf;Inf
158.0;59.316397410901956;Inf;Inf
159.0;59.306448619051146;Inf;Inf
160.0;59.29657148457256;Inf;Inf
161.0;59.28676498836687;Inf;Inf
162.0;59.27702813279739;Inf;Inf
163.0;59.26735994109411;Inf;Inf
164.0;59.25775945677849;Inf;Inf
165.0;59.2482257431073;Inf;Inf
166.0;59.23875788253636;Inf;Inf
167.0;59.22935497620106;Inf;Inf
168.0;59.22001614341511;Inf;Inf
169.0;59.210740521185826;Inf;Inf
170.0;59.20152726374517;Inf;Inf
171.0;59.192375542096244;Inf;Inf
172.0;59.18328454357475;Inf;Inf
173.0;59.17425347142448;Inf;Inf
174.0;59.16528154438618;Inf;Inf
175.0;59.156367996300446;Inf;Inf
176.0;59.147512075722254;Inf;Inf
177.0;59.13871304554825;Inf;Inf
178.0;59.12997018265546;Inf;Inf
179.0;59.12128277755151;Inf;Inf
180.0;59.11265013403533;Inf;Inf
181.0;59.10407156886872;Inf;Inf
182.0;59.095546411457676;Inf;Inf
183.0;59.087074003543606;Inf;Inf
184.0;59.07865369890359;Inf;Inf
185.0;59.0702848630602;Inf;Inf
186.0;59.061966872999534;Inf;Inf
187.0;59.053699116897555;Inf;Inf
188.0;59.045480993854916;Inf;Inf
189.0;59.03731191363944;Inf;Inf
190.0;59.029191296435975;Inf;Inf
191.0;59.02111857260359;Inf;Inf
192.0;59.01309318243977;Inf;Inf
193.0;59.00511457595156;Inf;Inf
194.0;58.997182212633064;Inf;Inf
195.0;58.98929556124902;Inf;Inf
196.0;58.98145409962526;Inf;Inf
197.0;58.973657314444154;Inf;Inf
198.0;58.96590470104625;Inf;Inf
199.0;58.958195763237505;Inf;Inf
200.0;58.95053001310139;Inf;Inf
201.0;58.942906970816665;Inf;Inf
202.0;58.93532616447998;Inf;Inf
203.0;58.927787129932966;Inf;Inf
204.0;58.92028941059453;Inf;Inf
205.0;58.91283255729699;Inf;Inf
206.0;58.90541612812756;Inf;Inf
207.0;58.89803968827312;Inf;Inf
208.0;58.89070280986948;Inf;Inf
209.0;58.88340507185463;Inf;Inf
210.0;58.8761460598259;Inf;Inf
211.0;58.8689253659006;Inf;Inf
212.0;58.86174258858061;Inf;Inf
213.0;58.85459733262003;Inf;Inf
214.0;58.84748920889645;Inf;Inf
215.0;58.84041783428587;Inf;Inf
216.0;58.83338283154017;Inf;Inf
217.0;58.8263838291679;Inf;Inf
218.0;58.819420461318344;Inf;Inf
219.0;58.81249236766809;Inf;Inf
220.0;58.80559919331069;Inf;Inf
221.0;58.79874058864906;Inf;Inf
222.0;58.79191620929019;Inf;Inf
223.0;58.78512571594285;Inf;Inf
224.0;58.77836877431761;Inf;Inf
225.0;58.77164505502939;Inf;Inf
226.0;58.76495423350216;Inf;Inf
227.0;58.75829598987622;Inf;Inf
228.0;58.751670008917344;Inf;Inf
229.0;58.74507597992842;Inf;Inf
230.0;58.738513596663054;Inf;Inf
231.0;58.73198255724141;Inf;Inf
232.0;58.72548256406739;Inf;Inf
233.0;58.71901332374865;Inf;Inf
234.0;58.71257454701771;Inf;Inf
235.0;58.706165948655574;Inf;Inf
236.0;58.69978724741646;Inf;Inf
237.0;58.693438165954575;Inf;Inf
238.0;58.687118430752776;Inf;Inf
239.0;58.68082777205251;Inf;Inf
240.0;58.674565923785295;Inf;Inf
241.0;58.66833262350616;Inf;Inf
242.0;58.66212761232826;Inf;Inf
243.0;58.655950634858975;Inf;Inf
244.0;58.649801439137484;Inf;Inf
245.0;58.643679776573876;Inf;Inf
246.0;58.63758540188927;Inf;Inf
247.0;58.63151807305765;Inf;Inf
248.0;58.62547755124849;Inf;Inf
249.0;58.619463600771155;Inf;Inf
250.0;58.613475989020095;Inf;Inf
251.0;58.6075144864215;Inf;Inf
252.0;58.60157886638089;Inf;Inf
253.0;58.59566890523197;Inf;Inf
254.0;58.589784382186515;Inf;Inf
255.0;58.58392507928525;Inf;Inf
256.0;58.57809078135019;Inf;Inf
257.0;58.57228127593723;Inf;Inf
258.0;58.56649635329034;Inf;Inf
259.0;58.56073580629664;Inf;Inf
260.0;58.55499943044207;Inf;Inf
261.0;58.54928702376823;Inf;Inf
262.0;58.543598386830354;Inf;Inf
263.0;58.537933322655675;Inf;Inf
264.0;58.53229163670275;Inf;Inf
265.0;58.526673136821906;Inf;Inf
266.0;58.52107763321611;Inf;Inf
267.0;58.515504938403055;Inf;Inf
268.0;58.509954867177655;Inf;Inf
269.0;58.50442723657527;Inf;Inf
270.0;58.49892186583605;Inf;Inf
271.0;58.493438576369556;Inf;Inf
272.0;58.48797719172024;Inf;Inf
273.0;58.48253753753392;Inf;Inf
274.0;58.47711944152428;Inf;Inf
275.0;58.47172273344069;Inf;Inf
276.0;58.46634724503598;Inf;Inf
277.0;58.46099281003561;Inf;Inf
278.0;58.45565926410676;Inf;Inf
279.0;58.45034644482842;Inf;Inf
280.0;58.44505419166179;Inf;Inf
281.0;58.43978234592134;Inf;Inf
282.0;58.43453075074682;Inf;Inf
283.0;58.42929925107509;Inf;Inf
284.0;58.42408769361291;Inf;Inf
285.0;58.418895926810194;Inf;Inf
286.0;58.41372380083382;Inf;Inf
287.0;58.408571167541716;Inf;Inf
288.0;58.40343788045775;Inf;Inf
289.0;58.39832379474654;Inf;Inf
290.0;58.393228767189505;Inf;Inf
291.0;58.388152656160955;Inf;Inf
292.0;58.38309532160419;Inf;Inf
293.0;58.378056625008774;Inf;Inf
294.0;58.373036429387916;Inf;Inf
295.0;58.368034599255985;Inf;Inf
296.0;58.36305100060722;Inf;Inf
297.0;58.35808550089382;Inf;Inf
298.0;58.35313796900508;Inf;Inf
299.0;58.3482082752467;Inf;Inf
300.0;58.34329629132068;Inf;Inf
301.0;58.33840189030512;Inf;Inf
302.0;58.333524946634924;Inf;Inf
303.0;58.328665336082445;Inf;Inf
304.0;58.32382293573841;Inf;Inf
305.0;58.31899762399374;Inf;Inf
306.0;58.31418928052105;Inf;Inf
307.0;58.309397786256945;Inf;Inf
308.0;58.30462302338417;Inf;Inf
309.0;58.299864875314405;Inf;Inf
310.0;58.29512322667135;Inf;Inf
311.0;58.29039796327405;Inf;Inf
312.0;58.285688972120376;Inf;Inf
313.0;58.28099614137068;Inf;Inf
314.0;58.276319360332515;Inf;Inf
315.0;58.271658519444536;Inf;Inf
316.0;58.26701351026123;Inf;Inf
317.0;58.26238422543803;Inf;Inf
318.0;58.25777055871642;Inf;Inf
319.0;58.25317240490929;Inf;Inf
320.0;58.24858965988663;Inf;Inf
321.0;58.244022220561504;Inf;Inf
322.0;58.23946998487616;Inf;Inf
323.0;58.23493285178854;Inf;Inf
324.0;58.23041072125856;Inf;Inf
325.0;58.22590349423513;Inf;Inf
326.0;58.22141107264322;Inf;Inf
327.0;58.216933359371055;Inf;Inf
328.0;58.21247025825749;Inf;Inf
329.0;58.20802167407978;Inf;Inf
330.0;58.20358751254153;Inf;Inf
331.0;58.19916768026029;Inf;Inf
332.0;58.19476208475644;Inf;Inf
333.0;58.190370634441074;Inf;Inf
334.0;58.18599323860489;Inf;Inf
335.0;58.181629807406956;Inf;Inf
336.0;58.17728025186367;Inf;Inf
337.0;58.17294448383784;Inf;Inf
338.0;58.168622416028086;Inf;Inf
339.0;58.16431396195832;Inf;Inf
340.0;58.16001903596722;Inf;Inf
341.0;58.15573755319839;Inf;Inf
342.0;58.15146942959004;Inf;Inf
343.0;58.14721458186521;Inf;Inf
344.0;58.142972927522;Inf;Inf
345.0;58.1387443848242;Inf;Inf
346.0;58.13452887279151;Inf;Inf
347.0;58.1303263111905;Inf;Inf
348.0;58.12613662052547;Inf;Inf
349.0;58.121959722029395;Inf;Inf
350.0;58.11779553765508;Inf;Inf
351.0;58.11364399006638;Inf;Inf
352.0;58.109505002629724;Inf;Inf
353.0;58.105378499405575;Inf;Inf
354.0;58.10126440514003;Inf;Inf
355.0;58.097162645256546;Inf;Inf
356.0;58.093073145848216;Inf;Inf
357.0;58.08899583366929;Inf;Inf
358.0;58.08493063612781;Inf;Inf
359.0;58.080877481277376;Inf;Inf
360.0;58.076836297810004;Inf;Inf
361.0;58.07280701504823;Inf;Inf
362.0;58.06878956293789;Inf;Inf
363.0;58.06478387204089;Inf;Inf
364.0;58.06078987352784;Inf;Inf
365.0;58.05680749917096;Inf;Inf
366.0;58.05283668133737;Inf;Inf
367.0;58.048877352982046;Inf;Inf
368.0;58.04492944764075;Inf;Inf
369.0;58.04099289942396;Inf;Inf
370.0;58.03706764300982;Inf;Inf
371.0;58.03315361363757;Inf;Inf
372.0;58.02925074710164;Inf;Inf
373.0;58.025358979744894;Inf;Inf
374.0;58.02147824845247;Inf;Inf
375.0;58.01760849064584;Inf;Inf
376.0;58.013749644276665;Inf;Inf
377.0;58.009901647820875;Inf;Inf
378.0;58.006064440272546;Inf;Inf
379.0;58.00223796113842;Inf;Inf
380.0;57.998422150432056;Inf;Inf
381.0;57.99461694866815;Inf;Inf
382.0;57.99082229685703;Inf;Inf
383.0;57.987038136499265;Inf;Inf
384.0;57.98326440958002;Inf;Inf
385.0;57.97950105856392;Inf;Inf
386.0;57.97574802638979;Inf;Inf
387.0;57.97200525646529;Inf;Inf
388.0;57.9682726926619;Inf;Inf
389.0;57.96455027931009;Inf;Inf
390.0;57.96083796119405;Inf;Inf
391.0;57.95713568354677;Inf;Inf
392.0;57.953443392045365;Inf;Inf
393.0;57.949761032806244;Inf;Inf
394.0;57.94608855238047;Inf;Inf
395.0;57.9424258977487;Inf;Inf
396.0;57.93877301631715;Inf;Inf
397.0;57.93512985591275;Inf;Inf
398.0;57.9314963647788;Inf;Inf
399.0;57.92787249157043;Inf;Inf
400.0;57.92425818535035;Inf;Inf
401.0;57.920653395584516;Inf;Inf
402.0;57.91705807213791;Inf;Inf
403.0;57.91347216527028;Inf;Inf
404.0;57.909895625632075;Inf;Inf
405.0;57.906328404260506;Inf;Inf
406.0;57.90277045257514;Inf;Inf
407.0;57.899221722374485;Inf;Inf
408.0;57.89568216583151;Inf;Inf
409.0;57.89215173549006;Inf;Inf
410.0;57.88863038426107;Inf;Inf
411.0;57.885118065418794;Inf;Inf
412.0;57.8816147325969;Inf;Inf
413.0;57.878120339784985;Inf;Inf
414.0;57.87463484132471;Inf;Inf
415.0;57.87115819190664;Inf;Inf
416.0;57.867690346566256;Inf;Inf
417.0;57.864231260680704;Inf;Inf
418.0;57.8607808899654;Inf;Inf
419.0;57.85733919047043;Inf;Inf
420.0;57.853906118577385;Inf;Inf
421.0;57.85048163099585;Inf;Inf
422.0;57.84706568476017;Inf;Inf
423.0;57.84365823722641;Inf;Inf
424.0;57.84025924606888;Inf;Inf
425.0;57.83686866927724;Inf;Inf
426.0;57.83348646515318;Inf;Inf
427.0;57.83011259230739;Inf;Inf
428.0;57.826747009656614;Inf;Inf
429.0;57.823389676420454;Inf;Inf
430.0;57.82004055211855;Inf;Inf
431.0;57.81669959656772;Inf;Inf
432.0;57.813366769878854;Inf;Inf
433.0;57.810042032454255;Inf;Inf
434.0;57.80672534498456;Inf;Inf
435.0;57.80341666844623;Inf;Inf
436.0;57.80011596409861;Inf;Inf
437.0;57.796823193481366;Inf;Inf
438.0;57.793538318411535;Inf;Inf
439.0;57.79026130098106;Inf;Inf
440.0;57.786992103554155;Inf;Inf
441.0;57.783730688764685;Inf;Inf
442.0;57.78047701951347;Inf;Inf
443.0;57.77723105896595;Inf;Inf
444.0;57.77399277054965;Inf;Inf
445.0;57.77076211795152;Inf;Inf
446.0;57.7675390651156;Inf;Inf
447.0;57.76432357624074;Inf;Inf
448.0;57.76111561577801;Inf;Inf
449.0;57.75791514842842;Inf;Inf
450.0;57.75472213914057;Inf;Inf
451.0;57.751536553108366;Inf;Inf
452.0;57.74835835576877;Inf;Inf
453.0;57.745187512799355;Inf;Inf
454.0;57.742023990116216;Inf;Inf
455.0;57.73886775387198;Inf;Inf
456.0;57.73571877045325;Inf;Inf
457.0;57.732577006478714;Inf;Inf
458.0;57.729442428796766;Inf;Inf
459.0;57.72631500448369;Inf;Inf
460.0;57.72319470084131;Inf;Inf
461.0;57.72008148539545;Inf;Inf
462.0;57.7169753258931;Inf;Inf
463.0;57.713876190300965;Inf;Inf
464.0;57.71078404680356;Inf;Inf
465.0;57.70769886380081;Inf;Inf
466.0;57.704620609906314;Inf;Inf
467.0;57.70154925394546;Inf;Inf
468.0;57.69848476495356;Inf;Inf
469.0;57.69542711217414;Inf;Inf
470.0;57.692376265056375;Inf;Inf
471.0;57.68933219325409;Inf;Inf
472.0;57.686294866623456;Inf;Inf
473.0;57.68326425522145;Inf;Inf
474.0;57.68024032930393;Inf;Inf
475.0;57.67722305932374;Inf;Inf
476.0;57.67421241592927;Inf;Inf
477.0;57.671208369962784;Inf;Inf
478.0;57.668210892458326;Inf;Inf
479.0;57.665219954640364;Inf;Inf
480.0;57.66223552792188;Inf;Inf
481.0;57.65925758390313;Inf;Inf
482.0;57.6562860943695;Inf;Inf
483.0;57.65332103129027;Inf;Inf
484.0;57.65036236681695;Inf;Inf
485.0;57.647410073281584;Inf;Inf
486.0;57.644464123195355;Inf;Inf
487.0;57.64152448924695;Inf;Inf
488.0;57.63859114430095;Inf;Inf
489.0;57.63566406139647;Inf;Inf
490.0;57.63274321374583;Inf;Inf
491.0;57.6298285747326;Inf;Inf
492.0;57.62692011791056;Inf;Inf
493.0;57.62401781700198;Inf;Inf
494.0;57.62112164589638;Inf;Inf
495.0;57.61823157864916;Inf;Inf
496.0;57.61534758947987;Inf;Inf
497.0;57.61246965277126;Inf;Inf
498.0;57.6095977430676;Inf;Inf
499.0;57.606731835073504;Inf;Inf
500.0;57.60387190365237;Inf;Inf
501.0;57.601017923825324;Inf;Inf
502.0;57.59816987076964;Inf;Inf
503.0;57.59532771981772;Inf;Inf
504.0;57.59249144645562;Inf;Inf
505.0;57.58966102632178;Inf;Inf
506.0;57.58683643520576;Inf;Inf
507.0;57.584017649047134;Inf;Inf
508.0;57.581204643934136;Inf;Inf
509.0;57.578397396102446;Inf;Inf
510.0;57.57559588193398;Inf;Inf
511.0;57.572800077955705;Inf;Inf
512.0;57.57000996083857;Inf;Inf
513.0;57.56722550739604;Inf;Inf
514.0;57.56444669458312;Inf;Inf
515.0;57.5616734994954;Inf;Inf
516.0;57.558905899367616;Inf;Inf
517.0;57.55614387157254;Inf;Inf
518.0;57.55338739362013;Inf;Inf
519.0;57.55063644315613;Inf;Inf
520.0;57.54789099796109;Inf;Inf
521.0;57.545151035949374;Inf;Inf
522.0;57.54241653516797;Inf;Inf
523.0;57.539687473795475;Inf;Inf
524.0;57.53696383014097;Inf;Inf
525.0;57.53424558264312;Inf;Inf
526.0;57.531532709869204;Inf;Inf
527.0;57.52882519051371;Inf;Inf
528.0;57.52612300339789;Inf;Inf
529.0;57.52342612746828;Inf;Inf
530.0;57.520734541795726;Inf;Inf
531.0;57.51804822557496;Inf;Inf
532.0;57.51536715812296;Inf;Inf
533.0;57.512691318878346;Inf;Inf
534.0;57.51002068740033;Inf;Inf
535.0;57.50735524336795;Inf;Inf
536.0;57.504694966578825;Inf;Inf
537.0;57.50203983694841;Inf;Inf
538.0;57.499389834509195;Inf;Inf
539.0;57.496744939409616;Inf;Inf
540.0;57.49410513191311;Inf;Inf
541.0;57.49147039239749;Inf;Inf
542.0;57.488840701353695;Inf;Inf
543.0;57.486216039385404;Inf;Inf
544.0;57.48359638720783;Inf;Inf
545.0;57.48098172564673;Inf;Inf
546.0;57.47837203563799;Inf;Inf
547.0;57.47576729822651;Inf;Inf
548.0;57.47316749456558;Inf;Inf
549.0;57.47057260591558;Inf;Inf
550.0;57.46798261364375;Inf;Inf
551.0;57.465397499223045;Inf;Inf
552.0;57.462817244231374;Inf;Inf
553.0;57.460241830350995;Inf;Inf
554.0;57.45767123936744;Inf;Inf
555.0;57.45510545316894;Inf;Inf
556.0;57.45254445374571;Inf;Inf
557.0;57.44998822318881;Inf;Inf
558.0;57.44743674368998;Inf;Inf
559.0;57.44488999754037;Inf;Inf
560.0;57.442347967130054;Inf;Inf
561.0;57.439810634947264;Inf;Inf
562.0;57.43727798357763;Inf;Inf
563.0;57.43474999570344;Inf;Inf
564.0;57.43222665410306;Inf;Inf
565.0;57.429707941650015;Inf;Inf
566.0;57.427193841312395;Inf;Inf
567.0;57.424684336152225;Inf;Inf
568.0;57.42217940932475;Inf;Inf
569.0;57.41967904407759;Inf;Inf
570.0;57.417183223750214;Inf;Inf
571.0;57.41469193177336;Inf;Inf
572.0;57.41220515166818;Inf;Inf
573.0;57.4097228670456;Inf;Inf
574.0;57.40724506160589;Inf;Inf
575.0;57.404771719137756;Inf;Inf
576.0;57.402302823517736;Inf;Inf
577.0;57.39983835870982;Inf;Inf
578.0;57.39737830876452;Inf;Inf
579.0;57.3949226578183;Inf;Inf
580.0;57.39247139009317;Inf;Inf
581.0;57.39002448989579;Inf;Inf
582.0;57.38758194161707;Inf;Inf
583.0;57.38514372973155;Inf;Inf
584.0;57.38270983879667;Inf;Inf
585.0;57.380280253452256;Inf;Inf
586.0;57.377854958419945;Inf;Inf
587.0;57.37543393850273;Inf;Inf
588.0;57.37301717858406;Inf;Inf
589.0;57.37060466362761;Inf;Inf
590.0;57.36819637867658;Inf;Inf
591.0;57.36579230885301;Inf;Inf
592.0;57.363392439357405;Inf;Inf
593.0;57.36099675546825;Inf;Inf
594.0;57.358605242541216;Inf;Inf
595.0;57.356217886008686;Inf;Inf
596.0;57.353834671379495;Inf;Inf
597.0;57.351455584237954;Inf;Inf
598.0;57.34908061024368;Inf;Inf
599.0;57.34670973513086;Inf;Inf
600.0;57.344342944707954;Inf;Inf
601.0;57.34198022485697;Inf;Inf
602.0;57.33962156153295;Inf;Inf
603.0;57.337266940763705;Inf;Inf
604.0;57.334916348649166;Inf;Inf
605.0;57.33256977136079;Inf;Inf
606.0;57.330227195141184;Inf;Inf
607.0;57.32788860630355;Inf;Inf
608.0;57.325553991231395;Inf;Inf
609.0;57.323223336377794;Inf;Inf
610.0;57.320896628265054;Inf;Inf
611.0;57.31857385348427;Inf;Inf
612.0;57.316254998694774;Inf;Inf
613.0;57.313940050623614;Inf;Inf
614.0;57.31162899606529;Inf;Inf
615.0;57.30932182188127;Inf;Inf
616.0;57.30701851499929;Inf;Inf
617.0;57.30471906241322;Inf;Inf
618.0;57.30242345118239;Inf;Inf
619.0;57.30013166843139;Inf;Inf
620.0;57.297843701349244;Inf;Inf
621.0;57.2955595371894;Inf;Inf
622.0;57.293279163269155;Inf;Inf
623.0;57.291002566969034;Inf;Inf
624.0;57.28872973573273;Inf;Inf
625.0;57.28646065706634;Inf;Inf
626.0;57.28419531853816;Inf;Inf
627.0;57.28193370777825;Inf;Inf
628.0;57.27967581247787;Inf;Inf
629.0;57.27742162038928;Inf;Inf
630.0;57.27517111932525;Inf;Inf
631.0;57.272924297158625;Inf;Inf
632.0;57.27068114182203;Inf;Inf
633.0;57.26844164130737;Inf;Inf
634.0;57.26620578366551;Inf;Inf
635.0;57.26397355700587;Inf;Inf
636.0;57.26174494949605;Inf;Inf
637.0;57.259519949361476;Inf;Inf
638.0;57.257298544884904;Inf;Inf
639.0;57.25508072440618;Inf;Inf
640.0;57.25286647632197;Inf;Inf
641.0;57.25065578908496;Inf;Inf
642.0;57.248448651204015;Inf;Inf
643.0;57.24624505124356;Inf;Inf
644.0;57.24404497782315;Inf;Inf
645.0;57.24184841961724;Inf;Inf
646.0;57.239655365354885;Inf;Inf
647.0;57.23746580381924;Inf;Inf
648.0;57.23527972384732;Inf;Inf
649.0;57.233097114329645;Inf;Inf
650.0;57.2309179642097;Inf;Inf
651.0;57.22874226248401;Inf;Inf
652.0;57.22656999820164;Inf;Inf
653.0;57.22440116046344;Inf;Inf
654.0;57.22223573842234;Inf;Inf
655.0;57.220073721282596;Inf;Inf
656.0;57.21791509829962;Inf;Inf
657.0;57.215759858779826;Inf;Inf
658.0;57.213607992079915;Inf;Inf
659.0;57.211459487606966;Inf;Inf
660.0;57.209314334817755;Inf;Inf
661.0;57.20717252321875;Inf;Inf
662.0;57.205034042365725;Inf;Inf
663.0;57.20289888186326;Inf;Inf
664.0;57.20076703136458;Inf;Inf
665.0;57.19863848057134;Inf;Inf
666.0;57.19651321923323;Inf;Inf
667.0;57.19439123714761;Inf;Inf
668.0;57.19227252415932;Inf;Inf
669.0;57.19015707016031;Inf;Inf
670.0;57.1880448650895;Inf;Inf
671.0;57.18593589893214;Inf;Inf
672.0;57.18383016171998;Inf;Inf
673.0;57.18172764353077;Inf;Inf
674.0;57.179628334487894;Inf;Inf
675.0;57.177532224760206;Inf;Inf
676.0;57.17543930456164;Inf;Inf
677.0;57.17334956415109;Inf;Inf
678.0;57.17126299383207;Inf;Inf
679.0;57.16917958395234;Inf;Inf
680.0;57.16709932490387;Inf;Inf
681.0;57.16502220712223;Inf;Inf
682.0;57.162948221086616;Inf;Inf
683.0;57.160877357319606;Inf;Inf
684.0;57.15880960638663;Inf;Inf
685.0;57.15674495889592;Inf;Inf
686.0;57.15468340549824;Inf;Inf
687.0;57.15262493688644;Inf;Inf
688.0;57.15056954379547;Inf;Inf
689.0;57.14851721700199;Inf;Inf
690.0;57.1464679473241;Inf;Inf
691.0;57.14442172562118;Inf;Inf
692.0;57.14237854279361;Inf;Inf
693.0;57.140338389782386;Inf;Inf
694.0;57.13830125756916;Inf;Inf
695.0;57.136267137175786;Inf;Inf
696.0;57.134236019664;Inf;Inf
697.0;57.1322078961354;Inf;Inf
698.0;57.13018275773121;Inf;Inf
699.0;57.12816059563182;Inf;Inf
700.0;57.12614140105682;Inf;Inf
701.0;57.124125165264594;Inf;Inf
702.0;57.12211187955208;Inf;Inf
703.0;57.120101535254726;Inf;Inf
704.0;57.11809412374603;Inf;Inf
705.0;57.116089636437486;Inf;Inf
706.0;57.114088064778265;Inf;Inf
707.0;57.112089400255115;Inf;Inf
708.0;57.11009363439206;Inf;Inf
709.0;57.10810075875002;Inf;Inf
710.0;57.106110764926974;Inf;Inf
711.0;57.10412364455744;Inf;Inf
712.0;57.10213938931228;Inf;Inf
713.0;57.10015799089867;Inf;Inf
714.0;57.098179441059656;Inf;Inf
715.0;57.096203731574334;Inf;Inf
716.0;57.09423085425713;Inf;Inf
717.0;57.092260800957945;Inf;Inf
718.0;57.0902935635618;Inf;Inf
719.0;57.088329133988694;Inf;Inf
720.0;57.08636750419357;Inf;Inf
721.0;57.084408666165764;Inf;Inf
722.0;57.08245261192895;Inf;Inf
723.0;57.08049933354111;Inf;Inf
724.0;57.07854882309414;Inf;Inf
725.0;57.07660107271379;Inf;Inf
726.0;57.074656074559336;Inf;Inf
727.0;57.07271382082347;Inf;Inf
728.0;57.07077430373217;Inf;Inf
729.0;57.06883751554435;Inf;Inf
730.0;57.066903448551734;Inf;Inf
731.0;57.064972095078815;Inf;Inf
732.0;57.06304344748262;Inf;Inf
733.0;57.06111749815229;Inf;Inf
734.0;57.05919423950917;Inf;Inf
735.0;57.05727366400652;Inf;Inf
736.0;57.05535576412925;Inf;Inf
737.0;57.05344053239402;Inf;Inf
738.0;57.05152796134884;Inf;Inf
739.0;57.04961804357278;Inf;Inf
740.0;57.04771077167613;Inf;Inf
741.0;57.045806138299874;Inf;Inf
742.0;57.04390413611605;Inf;Inf
743.0;57.04200475782674;Inf;Inf
744.0;57.04010799616477;Inf;Inf
745.0;57.03821384389302;Inf;Inf
746.0;57.036322293804275;Inf;Inf
747.0;57.03443333872148;Inf;Inf
748.0;57.032546971496934;Inf;Inf
749.0;57.030663185012735;Inf;Inf
750.0;57.028781972180134;Inf;Inf
751.0;57.026903325939834;Inf;Inf
752.0;57.02502723926138;Inf;Inf
753.0;57.023153705143216;Inf;Inf
754.0;57.021282716612696;Inf;Inf
755.0;57.01941426672544;Inf;Inf
756.0;57.01754834856597;Inf;Inf
757.0;57.015684955246456;Inf;Inf
758.0;57.013824079907536;Inf;Inf
759.0;57.01196571571792;Inf;Inf
760.0;57.010109855873836;Inf;Inf
761.0;57.00825649359927;Inf;Inf
762.0;57.006405622145785;Inf;Inf
763.0;57.0045572347922;Inf;Inf
764.0;57.002711324844626;Inf;Inf
765.0;57.00086788563613;Inf;Inf
766.0;56.99902691052672;Inf;Inf
767.0;56.99718839290332;Inf;Inf
768.0;56.995352326179365;Inf;Inf
769.0;56.99351870379477;Inf;Inf
770.0;56.99168751921564;Inf;Inf
771.0;56.98985876593456;Inf;Inf
772.0;56.98803243747003;Inf;Inf
773.0;56.98620852736655;Inf;Inf
774.0;56.98438702919431;Inf;Inf
775.0;56.982567936549145;Inf;Inf
776.0;56.98075124305252;Inf;Inf
777.0;56.978936942351154;Inf;Inf
778.0;56.97712502811708;Inf;Inf
779.0;56.975315494047436;Inf;Inf
780.0;56.973508333864224;Inf;Inf
781.0;56.971703541314376;Inf;Inf
782.0;56.96990111016956;Inf;Inf
783.0;56.968101034225946;Inf;Inf
784.0;56.96630330730424;Inf;Inf
785.0;56.96450792324958;Inf;Inf
786.0;56.962714875931006;Inf;Inf
787.0;56.96092415924184;Inf;Inf
788.0;56.9591357670993;Inf;Inf
789.0;56.957349693444314;Inf;Inf
790.0;56.95556593224169;Inf;Inf
791.0;56.953784477479736;Inf;Inf
792.0;56.95200532317015;Inf;Inf
793.0;56.95022846334806;Inf;Inf
794.0;56.94845389207175;Inf;Inf
795.0;56.946681603422505;Inf;Inf
796.0;56.944911591504756;Inf;Inf
797.0;56.94314385044558;Inf;Inf
798.0;56.94137837439495;Inf;Inf
799.0;56.93961515752543;Inf;Inf
800.0;56.93785419403194;Inf;Inf
801.0;56.936095478131946;Inf;Inf
802.0;56.934339004065116;Inf;Inf
803.0;56.93258476609324;Inf;Inf
804.0;56.930832758500074;Inf;Inf
805.0;56.929082975591555;Inf;Inf
806.0;56.927335411695246;Inf;Inf
807.0;56.925590061160435;Inf;Inf
808.0;56.92384691835802;Inf;Inf
809.0;56.92210597768034;Inf;Inf
810.0;56.92036723354111;Inf;Inf
811.0;56.91863068037535;Inf;Inf
812.0;56.916896312639246;Inf;Inf
813.0;56.91516412480997;Inf;Inf
814.0;56.91343411138579;Inf;Inf
815.0;56.9117062668856;Inf;Inf
816.0;56.90998058584913;Inf;Inf
817.0;56.908257062836704;Inf;Inf
818.0;56.90653569242927;Inf;Inf
819.0;56.90481646922809;Inf;Inf
820.0;56.90309938785478;Inf;Inf
821.0;56.90138444295115;Inf;Inf
822.0;56.89967162917917;Inf;Inf
823.0;56.89796094122073;Inf;Inf
824.0;56.89625237377777;Inf;Inf
825.0;56.894545921571975;Inf;Inf
826.0;56.892841579344726;Inf;Inf
827.0;56.891139341857006;Inf;Inf
828.0;56.88943920388946;Inf;Inf
829.0;56.88774116024203;Inf;Inf
830.0;56.88604520573395;Inf;Inf
831.0;56.88435133520373;Inf;Inf
832.0;56.88265954350914;Inf;Inf
833.0;56.88096982552675;Inf;Inf
834.0;56.879282176152344;Inf;Inf
835.0;56.877596590300364;Inf;Inf
836.0;56.87591306290405;Inf;Inf
837.0;56.87423158891543;Inf;Inf
838.0;56.87255216330491;Inf;Inf
839.0;56.87087478106165;Inf;Inf
840.0;56.869199437192925;Inf;Inf
841.0;56.867526126724506;Inf;Inf
842.0;56.865854844700316;Inf;Inf
843.0;56.86418558618238;Inf;Inf
844.0;56.86251834625081;Inf;Inf
845.0;56.860853120003675;Inf;Inf
846.0;56.85918990255691;Inf;Inf
847.0;56.857528689044166;Inf;Inf
848.0;56.85586947461685;Inf;Inf
849.0;56.85421225444392;Inf;Inf
850.0;56.85255702371192;Inf;Inf
851.0;56.85090377762482;Inf;Inf
852.0;56.84925251140394;Inf;Inf
853.0;56.847603220287745;Inf;Inf
854.0;56.84595589953209;Inf;Inf
855.0;56.8443105444098;Inf;Inf
856.0;56.842667150210815;Inf;Inf
857.0;56.84102571224186;Inf;Inf
858.0;56.83938622582676;Inf;Inf
859.0;56.83774868630584;Inf;Inf
860.0;56.83611308903628;Inf;Inf
861.0;56.83447942939193;Inf;Inf
862.0;56.83284770276304;Inf;Inf
863.0;56.83121790455639;Inf;Inf
864.0;56.82959003019516;Inf;Inf
865.0;56.827964075118764;Inf;Inf
866.0;56.82634003478289;Inf;Inf
867.0;56.82471790465947;Inf;Inf
868.0;56.82309768023636;Inf;Inf
869.0;56.821479357017424;Inf;Inf
870.0;56.81986293052252;Inf;Inf
871.0;56.81824839628727;Inf;Inf
872.0;56.8166357498632;Inf;Inf
873.0;56.815024986817384;Inf;Inf
874.0;56.8134161027326;Inf;Inf
875.0;56.811809093207195;Inf;Inf
876.0;56.81020395385496;Inf;Inf
877.0;56.80860068030508;Inf;Inf
878.0;56.806999268202084;Inf;Inf
879.0;56.80539971320581;Inf;Inf
880.0;56.80380201099117;Inf;Inf
881.0;56.80220615724836;Inf;Inf
882.0;56.80061214768237;Inf;Inf
883.0;56.7990199780135;Inf;Inf
884.0;56.79742964397666;Inf;Inf
885.0;56.79584114132177;Inf;Inf
886.0;56.794254465813474;Inf;Inf
887.0;56.79266961323115;Inf;Inf
888.0;56.79108657936883;Inf;Inf
889.0;56.789505360035;Inf;Inf
890.0;56.78792595105267;Inf;Inf
891.0;56.78634834825942;Inf;Inf
892.0;56.7847725475071;Inf;Inf
893.0;56.7831985446619;Inf;Inf
894.0;56.78162633560407;Inf;Inf
895.0;56.78005591622827;Inf;Inf
896.0;56.77848728244316;Inf;Inf
897.0;56.77692043017141;Inf;Inf
898.0;56.77535535534966;Inf;Inf
899.0;56.77379205392857;Inf;Inf
900.0;56.77223052187258;Inf;Inf
901.0;56.770670755159905;Inf;Inf
902.0;56.76911274978248;Inf;Inf
903.0;56.76755650174595;Inf;Inf
904.0;56.766002007069496;Inf;Inf
905.0;56.76444926178589;Inf;Inf
906.0;56.762898261941366;Inf;Inf
907.0;56.76134900359543;Inf;Inf
908.0;56.75980148282121;Inf;Inf
909.0;56.758255695704904;Inf;Inf
910.0;56.75671163834608;Inf;Inf
911.0;56.75516930685746;Inf;Inf
912.0;56.753628697364796;Inf;Inf
913.0;56.752089806006914;Inf;Inf
914.0;56.75055262893577;Inf;Inf
915.0;56.74901716231613;Inf;Inf
916.0;56.74748340232567;Inf;Inf
917.0;56.74595134515479;Inf;Inf
918.0;56.74442098700686;Inf;Inf
919.0;56.742892324097845;Inf;Inf
920.0;56.74136535265637;Inf;Inf
921.0;56.73984006892367;Inf;Inf
922.0;56.73831646915344;Inf;Inf
923.0;56.73679454961193;Inf;Inf
924.0;56.735274306577914;Inf;Inf
925.0;56.73375573634243;Inf;Inf
926.0;56.73223883520876;Inf;Inf
927.0;56.73072359949267;Inf;Inf
928.0;56.72921002552185;Inf;Inf
929.0;56.72769810963642;Inf;Inf
930.0;56.72618784818839;Inf;Inf
931.0;56.72467923754194;Inf;Inf
932.0;56.723172274073235;Inf;Inf
933.0;56.721666954170395;Inf;Inf
934.0;56.720163274233315;Inf;Inf
935.0;56.71866123067378;Inf;Inf
936.0;56.71716081991551;Inf;Inf
937.0;56.715662038393816;Inf;Inf
938.0;56.71416488255577;Inf;Inf
939.0;56.71266934885997;Inf;Inf
940.0;56.711175433776674;Inf;Inf
941.0;56.709683133787664;Inf;Inf
942.0;56.70819244538624;Inf;Inf
943.0;56.70670336507698;Inf;Inf
944.0;56.70521588937599;Inf;Inf
945.0;56.703730014810716;Inf;Inf
946.0;56.702245737919824;Inf;Inf
947.0;56.70076305525322;Inf;Inf
948.0;56.69928196337201;Inf;Inf
949.0;56.69780245884844;Inf;Inf
950.0;56.69632453826584;Inf;Inf
951.0;56.694848198218644;Inf;Inf
952.0;56.693373435312154;Inf;Inf
953.0;56.69190024616269;Inf;Inf
954.0;56.690428627397495;Inf;Inf
955.0;56.68895857565462;Inf;Inf
956.0;56.687490087582965;Inf;Inf
957.0;56.68602315984209;Inf;Inf
958.0;56.684557789102406;Inf;Inf
959.0;56.683093972044915;Inf;Inf
960.0;56.68163170536129;Inf;Inf
961.0;56.680170985753755;Inf;Inf
962.0;56.678711809935;Inf;Inf
963.0;56.677254174628345;Inf;Inf
964.0;56.67579807656748;Inf;Inf
965.0;56.674343512496364;Inf;Inf
966.0;56.67289047916957;Inf;Inf
967.0;56.67143897335176;Inf;Inf
968.0;56.66998899181793;Inf;Inf
969.0;56.668540531353386;Inf;Inf
970.0;56.66709358875354;Inf;Inf
971.0;56.66564816082397;Inf;Inf
972.0;56.66420424438026;Inf;Inf
973.0;56.66276183624814;Inf;Inf
974.0;56.66132093326334;Inf;Inf
975.0;56.65988153227152;Inf;Inf
976.0;56.6584436301283;Inf;Inf
977.0;56.65700722369925;Inf;Inf
978.0;56.65557230985966;Inf;Inf
979.0;56.65413888549463;Inf;Inf
980.0;56.65270694749905;Inf;Inf
981.0;56.65127649277757;Inf;Inf
982.0;56.64984751824447;Inf;Inf
983.0;56.64842002082371;Inf;Inf
984.0;56.64699399744883;Inf;Inf
985.0;56.6455694450629;Inf;Inf
986.0;56.644146360618606;Inf;Inf
987.0;56.642724741077984;Inf;Inf
988.0;56.64130458341259;Inf;Inf
989.0;56.63988588460336;Inf;Inf
990.0;56.6384686416406;Inf;Inf
991.0;56.637052851524004;Inf;Inf
992.0;56.63563851126237;Inf;Inf
993.0;56.63422561787395;Inf;Inf
994.0;56.6328141683861;Inf;Inf
995.0;56.631404159835235;Inf;Inf
996.0;56.629995589267196;Inf;Inf
997.0;56.6285884537367;Inf;Inf
998.0;56.62718275030754;Inf;Inf
999.0;56.62577847605261;Inf;Inf
1000.0;56.624375628053656;Inf;Inf
1001.0;56.62297420340156;Inf;Inf
1002.0;56.62157419919601;Inf;Inf
1003.0;56.620175612545566;Inf;Inf
1004.0;56.618778440567596;Inf;Inf
1005.0;56.61738268038838;Inf;Inf
1006.0;56.615988329142844;Inf;Inf
1007.0;56.61459538397475;Inf;Inf
1008.0;56.61320384203641;Inf;Inf
1009.0;56.611813700488945;Inf;Inf
1010.0;56.610424956502136;Inf;Inf
1011.0;56.60903760725413;Inf;Inf
1012.0;56.60765164993179;Inf;Inf
1013.0;56.606267081730564;Inf;Inf
1014.0;56.60488389985422;Inf;Inf
1015.0;56.6035021015151;Inf;Inf
1016.0;56.60212168393378;Inf;Inf
1017.0;56.600742644339626;Inf;Inf
1018.0;56.59936497996991;Inf;Inf
1019.0;56.597988688070444;Inf;Inf
1020.0;56.596613765895256;Inf;Inf
1021.0;56.59524021070668;Inf;Inf
1022.0;56.59386801977527;Inf;Inf
1023.0;56.592497190379625;Inf;Inf
1024.0;56.59112771980678;Inf;Inf
1025.0;56.58975960535162;Inf;Inf
1026.0;56.588392844317205;Inf;Inf
1027.0;56.587027434014686;Inf;Inf
1028.0;56.58566337176322;Inf;Inf
1029.0;56.584300654889866;Inf;Inf
1030.0;56.582939280729825;Inf;Inf
1031.0;56.58157924662604;Inf;Inf
1032.0;56.58022054992952;Inf;Inf
1033.0;56.57886318799897;Inf;Inf
1034.0;56.57750715820102;Inf;Inf
1035.0;56.57615245791017;Inf;Inf
1036.0;56.57479908450852;Inf;Inf
1037.0;56.57344703538604;Inf;Inf
1038.0;56.57209630794039;Inf;Inf
1039.0;56.570746899576946;Inf;Inf
1040.0;56.56939880770859;Inf;Inf
1041.0;56.568052029755904;Inf;Inf
1042.0;56.56670656314724;Inf;Inf
1043.0;56.565362405318204;Inf;Inf
1044.0;56.56401955371216;Inf;Inf
1045.0;56.562678005779816;Inf;Inf
1046.0;56.561337758979484;Inf;Inf
1047.0;56.559998810776854;Inf;Inf
1048.0;56.55866115864502;Inf;Inf
1049.0;56.55732480006453;Inf;Inf
1050.0;56.55598973252322;Inf;Inf
1051.0;56.55465595351626;Inf;Inf
1052.0;56.5533234605461;Inf;Inf
1053.0;56.55199225112249;Inf;Inf
1054.0;56.55066232276243;Inf;Inf
1055.0;56.549333672990244;Inf;Inf
1056.0;56.54800629933722;Inf;Inf
1057.0;56.54668019934189;Inf;Inf
1058.0;56.54535537055;Inf;Inf
1059.0;56.54403181051436;Inf;Inf
1060.0;56.54270951679481;Inf;Inf
1061.0;56.54138848695826;Inf;Inf
1062.0;56.540068718578645;Inf;Inf
1063.0;56.53875020923689;Inf;Inf
1064.0;56.53743295652089;Inf;Inf
1065.0;56.53611695802551;Inf;Inf
1066.0;56.534802211352485;Inf;Inf
1067.0;56.533488714110426;Inf;Inf
1068.0;56.532176463914915;Inf;Inf
1069.0;56.53086545838821;Inf;Inf
1070.0;56.52955569515952;Inf;Inf
1071.0;56.52824717186479;Inf;Inf
1072.0;56.52693988614668;Inf;Inf
1073.0;56.52563383565462;Inf;Inf
1074.0;56.52432901804474;Inf;Inf
1075.0;56.523025430979786;Inf;Inf
1076.0;56.521723072129355;Inf;Inf
1077.0;56.52042193916939;Inf;Inf
1078.0;56.51912202978274;Inf;Inf
1079.0;56.51782334165862;Inf;Inf
1080.0;56.51652587249286;Inf;Inf
1081.0;56.51522961998783;Inf;Inf
1082.0;56.51393458185241;Inf;Inf
1083.0;56.51264075580188;Inf;Inf
1084.0;56.51134813955814;Inf;Inf
1085.0;56.510056730849406;Inf;Inf
1086.0;56.50876652741033;Inf;Inf
1087.0;56.50747752698191;Inf;Inf
1088.0;56.5061897273115;Inf;Inf
1089.0;56.50490312615296;Inf;Inf
1090.0;56.503617721266146;Inf;Inf
1091.0;56.50233351041757;Inf;Inf
1092.0;56.50105049137973;Inf;Inf
1093.0;56.49976866193137;Inf;Inf
1094.0;56.49848801985778;Inf;Inf
1095.0;56.497208562950014;Inf;Inf
1096.0;56.495930289005564;Inf;Inf
1097.0;56.494653195828015;Inf;Inf
1098.0;56.493377281226984;Inf;Inf
1099.0;56.492102543018326;Inf;Inf
1100.0;56.49082897902394;Inf;Inf
1101.0;56.489556587071704;Inf;Inf
1102.0;56.48828536499566;Inf;Inf
1103.0;56.48701531063579;Inf;Inf
1104.0;56.485746421837995;Inf;Inf
1105.0;56.484478696454325;Inf;Inf
1106.0;56.48321213234257;Inf;Inf
1107.0;56.48194672736662;Inf;Inf
1108.0;56.480682479396215;Inf;Inf
1109.0;56.479419386306866;Inf;Inf
1110.0;56.47815744598012;Inf;Inf
1111.0;56.476896656303296;Inf;Inf
1112.0;56.475637015169376;Inf;Inf
1113.0;56.47437852047739;Inf;Inf
1114.0;56.47312117013196;Inf;Inf
1115.0;56.471864962043604;Inf;Inf
1116.0;56.47060989412844;Inf;Inf
1117.0;56.46935596430833;Inf;Inf
1118.0;56.4681031705109;Inf;Inf
1119.0;56.46685151066937;Inf;Inf
1120.0;56.46560098272262;Inf;Inf
1121.0;56.46435158461521;Inf;Inf
1122.0;56.4631033142972;Inf;Inf
1123.0;56.461856169724356;Inf;Inf
1124.0;56.46061014885796;Inf;Inf
1125.0;56.459365249664856;Inf;Inf
1126.0;56.45812147011735;Inf;Inf
1127.0;56.456878808193316;Inf;Inf
1128.0;56.45563726187608;Inf;Inf
1129.0;56.45439682915446;Inf;Inf
1130.0;56.453157508022734;Inf;Inf
1131.0;56.45191929648065;Inf;Inf
1132.0;56.450682192533264;Inf;Inf
1133.0;56.44944619419096;Inf;Inf
1134.0;56.44821129946974;Inf;Inf
1135.0;56.4469775063907;Inf;Inf
1136.0;56.44574481298042;Inf;Inf
1137.0;56.44451321727076;Inf;Inf
1138.0;56.44328271729877;Inf;Inf
1139.0;56.44205331110698;Inf;Inf
1140.0;56.44082499674301;Inf;Inf
1141.0;56.43959777225971;Inf;Inf
1142.0;56.43837163571523;Inf;Inf
1143.0;56.43714658517289;Inf;Inf
1144.0;56.435922618701234;Inf;Inf
1145.0;56.43469973437377;Inf;Inf
1146.0;56.43347793026945;Inf;Inf
1147.0;56.43225720447217;Inf;Inf
1148.0;56.431037555070944;Inf;Inf
1149.0;56.42981898015987;Inf;Inf
1150.0;56.42860147783815;Inf;Inf
1151.0;56.427385046210006;Inf;Inf
1152.0;56.42616968338468;Inf;Inf
1153.0;56.42495538747649;Inf;Inf
1154.0;56.42374215660473;Inf;Inf
1155.0;56.42252998889363;Inf;Inf
1156.0;56.421318882472484;Inf;Inf
1157.0;56.42010883547546;Inf;Inf
1158.0;56.418899846041604;Inf;Inf
1159.0;56.417691912315036;Inf;Inf
1160.0;56.416485032444555;Inf;Inf
1161.0;56.415279204583946;Inf;Inf
1162.0;56.414074426891965;Inf;Inf
1163.0;56.412870697532064;Inf;Inf
1164.0;56.41166801467251;Inf;Inf
1165.0;56.41046637648648;Inf;Inf
1166.0;56.40926578115188;Inf;Inf
1167.0;56.408066226851325;Inf;Inf
1168.0;56.40686771177242;Inf;Inf
1169.0;56.40567023410723;Inf;Inf
1170.0;56.40447379205271;Inf;Inf
1171.0;56.40327838381047;Inf;Inf
1172.0;56.402084007586815;Inf;Inf
1173.0;56.4008906615928;Inf;Inf
1174.0;56.39969834404396;Inf;Inf
1175.0;56.3985070531607;Inf;Inf
1176.0;56.39731678716784;Inf;Inf
1177.0;56.39612754429501;Inf;Inf
1178.0;56.39493932277626;Inf;Inf
1179.0;56.39375212085032;Inf;Inf
1180.0;56.392565936760555;Inf;Inf
1181.0;56.391380768754644;Inf;Inf
1182.0;56.390196615085;Inf;Inf
1183.0;56.38901347400851;Inf;Inf
1184.0;56.38783134378651;Inf;Inf
1185.0;56.386650222684864;Inf;Inf
1186.0;56.3854701089739;Inf;Inf
1187.0;56.38429100092843;Inf;Inf
1188.0;56.38311289682759;Inf;Inf
1189.0;56.38193579495513;Inf;Inf
1190.0;56.38075969359901;Inf;Inf
1191.0;56.37958459105171;Inf;Inf
1192.0;56.37841048561007;Inf;Inf
1193.0;56.37723737557525;Inf;Inf
1194.0;56.376065259252854;Inf;Inf
1195.0;56.37489413495266;Inf;Inf
1196.0;56.373724000988894;Inf;Inf
1197.0;56.37255485568007;Inf;Inf
1198.0;56.37138669734897;Inf;Inf
1199.0;56.37021952432268;Inf;Inf
1200.0;56.369053334932445;Inf;Inf
1201.0;56.36788812751388;Inf;Inf
1202.0;56.366723900406775;Inf;Inf
1203.0;56.36556065195512;Inf;Inf
1204.0;56.364398380507275;Inf;Inf
1205.0;56.363237084415495;Inf;Inf
1206.0;56.36207676203639;Inf;Inf
1207.0;56.36091741173076;Inf;Inf
1208.0;56.359759031863476;Inf;Inf
1209.0;56.35860162080354;Inf;Inf
1210.0;56.35744517692413;Inf;Inf
1211.0;56.35628969860251;Inf;Inf
1212.0;56.35513518421998;Inf;Inf
1213.0;56.35398163216199;Inf;Inf
1214.0;56.352829040817916;Inf;Inf
1215.0;56.351677408581395;Inf;Inf
1216.0;56.35052673385;Inf;Inf
1217.0;56.34937701502529;Inf;Inf
1218.0;56.34822825051288;Inf;Inf
1219.0;56.34708043872238;Inf;Inf
1220.0;56.34593357806735;Inf;Inf
1221.0;56.344787666965395;Inf;Inf
1222.0;56.34364270383793;Inf;Inf
1223.0;56.342498687110485;Inf;Inf
1224.0;56.341355615212386;Inf;Inf
1225.0;56.34021348657694;Inf;Inf
1226.0;56.33907229964142;Inf;Inf
1227.0;56.3379320528468;Inf;Inf
1228.0;56.33679274463807;Inf;Inf
1229.0;56.335654373464116;Inf;Inf
1230.0;56.33451693777759;Inf;Inf
1231.0;56.33338043603504;Inf;Inf
1232.0;56.33224486669681;Inf;Inf
1233.0;56.33111022822703;Inf;Inf
1234.0;56.32997651909374;Inf;Inf
1235.0;56.32884373776866;Inf;Inf
1236.0;56.3277118827273;Inf;Inf
1237.0;56.326580952448985;Inf;Inf
1238.0;56.32545094541675;Inf;Inf
1239.0;56.32432186011739;Inf;Inf
1240.0;56.32319369504145;Inf;Inf
1241.0;56.322066448683174;Inf;Inf
1242.0;56.32094011954043;Inf;Inf
1243.0;56.319814706114876;Inf;Inf
1244.0;56.318690206911825;Inf;Inf
1245.0;56.317566620440225;Inf;Inf
1246.0;56.31644394521269;Inf;Inf
1247.0;56.31532217974552;Inf;Inf
1248.0;56.31420132255858;Inf;Inf
1249.0;56.313081372175425;Inf;Inf
1250.0;56.31196232712312;Inf;Inf
1251.0;56.31084418593243;Inf;Inf
1252.0;56.309726947137676;Inf;Inf
1253.0;56.30861060927674;Inf;Inf
1254.0;56.307495170890974;Inf;Inf
1255.0;56.30638063052536;Inf;Inf
1256.0;56.3052669867285;Inf;Inf
1257.0;56.30415423805234;Inf;Inf
1258.0;56.303042383052485;Inf;Inf
1259.0;56.30193142028802;Inf;Inf
1260.0;56.30082134832147;Inf;Inf
1261.0;56.29971216571891;Inf;Inf
1262.0;56.29860387104976;Inf;Inf
1263.0;56.29749646288704;Inf;Inf
1264.0;56.29638993980712;Inf;Inf
1265.0;56.29528430038993;Inf;Inf
1266.0;56.294179543218654;Inf;Inf
1267.0;56.29307566688;Inf;Inf
1268.0;56.291972669963975;Inf;Inf
1269.0;56.290870551064124;Inf;Inf
1270.0;56.28976930877736;Inf;Inf
1271.0;56.28866894170381;Inf;Inf
1272.0;56.287569448447144;Inf;Inf
1273.0;56.28647082761428;Inf;Inf
1274.0;56.285373077815464;Inf;Inf
1275.0;56.28427619766423;Inf;Inf
1276.0;56.28318018577752;Inf;Inf
1277.0;56.28208504077557;Inf;Inf
1278.0;56.28099076128194;Inf;Inf
1279.0;56.27989734592339;Inf;Inf
1280.0;56.27880479333003;Inf;Inf
1281.0;56.27771310213512;Inf;Inf
1282.0;56.27662227097533;Inf;Inf
1283.0;56.27553229849041;Inf;Inf
1284.0;56.274443183323505;Inf;Inf
1285.0;56.27335492412092;Inf;Inf
1286.0;56.27226751953212;Inf;Inf
1287.0;56.271180968209784;Inf;Inf
1288.0;56.270095268809854;Inf;Inf
1289.0;56.269010419991396;Inf;Inf
1290.0;56.26792642041666;Inf;Inf
1291.0;56.266843268751025;Inf;Inf
1292.0;56.26576096366309;Inf;Inf
1293.0;56.2646795038246;Inf;Inf
1294.0;56.263598887910334;Inf;Inf
1295.0;56.262519114598305;Inf;Inf
1296.0;56.2614401825695;Inf;Inf
1297.0;56.26036209050824;Inf;Inf
1298.0;56.25928483710168;Inf;Inf
1299.0;56.25820842104024;Inf;Inf
1300.0;56.25713284101727;Inf;Inf
1301.0;56.25605809572928;Inf;Inf
1302.0;56.254984183875855;Inf;Inf
1303.0;56.25391110415959;Inf;Inf
1304.0;56.25283885528611;Inf;Inf
1305.0;56.251767435964084;Inf;Inf
1306.0;56.25069684490517;Inf;Inf
1307.0;56.249627080824;Inf;Inf
1308.0;56.24855814243826;Inf;Inf
1309.0;56.24749002846869;Inf;Inf
1310.0;56.2464227376388;Inf;Inf
1311.0;56.24535626867532;Inf;Inf
1312.0;56.24429062030787;Inf;Inf
1313.0;56.243225791268785;Inf;Inf
1314.0;56.24216178029364;Inf;Inf
1315.0;56.24109858612082;Inf;Inf
1316.0;56.24003620749169;Inf;Inf
1317.0;56.23897464315052;Inf;Inf
1318.0;56.23791389184448;Inf;Inf
1319.0;56.236853952323415;Inf;Inf
1320.0;56.23579482334043;Inf;Inf
1321.0;56.23473650365128;Inf;Inf
1322.0;56.233678992014674;Inf;Inf
1323.0;56.232622287192115;Inf;Inf
1324.0;56.23156638794802;Inf;Inf
1325.0;56.2305112930496;Inf;Inf
1326.0;56.22945700126699;Inf;Inf
1327.0;56.228403511373074;Inf;Inf
1328.0;56.22735082214354;Inf;Inf
1329.0;56.22629893235692;Inf;Inf
1330.0;56.22524784079458;Inf;Inf
1331.0;56.2241975462407;Inf;Inf
1332.0;56.223148047482105;Inf;Inf
1333.0;56.22209934330848;Inf;Inf
1334.0;56.2210514325123;Inf;Inf
1335.0;56.22000431388878;Inf;Inf
1336.0;56.21895798623579;Inf;Inf
1337.0;56.217912448354156;Inf;Inf
1338.0;56.216867699047214;Inf;Inf
1339.0;56.21582373712112;Inf;Inf
1340.0;56.214780561384856;Inf;Inf
1341.0;56.21373817064992;Inf;Inf
1342.0;56.21269656373063;Inf;Inf
1343.0;56.211655739443955;Inf;Inf
1344.0;56.210615696609565;Inf;Inf
1345.0;56.20957643404976;Inf;Inf
1346.0;56.208537950589566;Inf;Inf
1347.0;56.20750024505663;Inf;Inf
1348.0;56.206463316281244;Inf;Inf
1349.0;56.20542716309644;Inf;Inf
1350.0;56.20439178433774;Inf;Inf
1351.0;56.20335717884333;Inf;Inf
1352.0;56.20232334545413;Inf;Inf
1353.0;56.20129028301356;Inf;Inf
1354.0;56.200257990367675;Inf;Inf
1355.0;56.19922646636515;Inf;Inf
1356.0;56.19819570985723;Inf;Inf
1357.0;56.19716571969773;Inf;Inf
1358.0;56.19613649474306;Inf;Inf
1359.0;56.19510803385201;Inf;Inf
1360.0;56.194080335886305;Inf;Inf
1361.0;56.1930533997099;Inf;Inf
1362.0;56.19202722418953;Inf;Inf
1363.0;56.191001808194194;Inf;Inf
1364.0;56.189977150595666;Inf;Inf
1365.0;56.18895325026812;Inf;Inf
1366.0;56.187930106088174;Inf;Inf
1367.0;56.186907716935046;Inf;Inf
1368.0;56.185886081690555;Inf;Inf
1369.0;56.1848651992388;Inf;Inf
1370.0;56.18384506846651;Inf;Inf
1371.0;56.18282568826285;Inf;Inf
1372.0;56.18180705751934;Inf;Inf
1373.0;56.18078917513015;Inf;Inf
1374.0;56.17977203999177;Inf;Inf
1375.0;56.17875565100326;Inf;Inf
1376.0;56.17774000706591;Inf;Inf
1377.0;56.17672510708361;Inf;Inf
1378.0;56.1757109499627;Inf;Inf
1379.0;56.17469753461178;Inf;Inf
1380.0;56.173684859942036;Inf;Inf
1381.0;56.172672924866916;Inf;Inf
1382.0;56.17166172830226;Inf;Inf
1383.0;56.170651269166456;Inf;Inf
1384.0;56.169641546380134;Inf;Inf
1385.0;56.16863255886629;Inf;Inf
1386.0;56.16762430555039;Inf;Inf
1387.0;56.16661678536024;Inf;Inf
1388.0;56.16560999722589;Inf;Inf
1389.0;56.16460394007986;Inf;Inf
1390.0;56.16359861285696;Inf;Inf
1391.0;56.16259401449434;Inf;Inf
1392.0;56.16159014393144;Inf;Inf
1393.0;56.160587000110134;Inf;Inf
1394.0;56.159584581974386;Inf;Inf
1395.0;56.15858288847071;Inf;Inf
1396.0;56.15758191854779;Inf;Inf
1397.0;56.15658167115667;Inf;Inf
1398.0;56.15558214525058;Inf;Inf
1399.0;56.15458333978504;Inf;Inf
1400.0;56.153585253718106;Inf;Inf
1401.0;56.152587886009655;Inf;Inf
1402.0;56.15159123562218;Inf;Inf
1403.0;56.150595301520255;Inf;Inf
1404.0;56.149600082670744;Inf;Inf
1405.0;56.148605578042776;Inf;Inf
1406.0;56.14761178660772;Inf;Inf
1407.0;56.1466187073391;Inf;Inf
1408.0;56.14562633921266;Inf;Inf
1409.0;56.14463468120649;Inf;Inf
1410.0;56.14364373230078;Inf;Inf
1411.0;56.14265349147787;Inf;Inf
1412.0;56.14166395772244;Inf;Inf
1413.0;56.14067513002129;Inf;Inf
1414.0;56.139687007363385;Inf;Inf
1415.0;56.1386995887399;Inf;Inf
1416.0;56.1377128731441;Inf;Inf
1417.0;56.136726859571546;Inf;Inf
1418.0;56.13574154701982;Inf;Inf
1419.0;56.13475693448879;Inf;Inf
1420.0;56.13377302098035;Inf;Inf
1421.0;56.132789805498575;Inf;Inf
1422.0;56.131807287049746;Inf;Inf
1423.0;56.130825464642136;Inf;Inf
1424.0;56.129844337286286;Inf;Inf
1425.0;56.128863903994706;Inf;Inf
1426.0;56.127884163782085;Inf;Inf
1427.0;56.12690511566526;Inf;Inf
1428.0;56.12592675866311;Inf;Inf
1429.0;56.124949091796616;Inf;Inf
1430.0;56.12397211408879;Inf;Inf
1431.0;56.12299582456481;Inf;Inf
1432.0;56.1220202222519;Inf;Inf
1433.0;56.12104530617932;Inf;Inf
1434.0;56.12007107537844;Inf;Inf
1435.0;56.11909752888262;Inf;Inf
1436.0;56.118124665727365;Inf;Inf
1437.0;56.117152484950154;Inf;Inf
1438.0;56.116180985590496;Inf;Inf
1439.0;56.11521016668996;Inf;Inf
1440.0;56.11424002729215;Inf;Inf
1441.0;56.11327056644263;Inf;Inf
1442.0;56.11230178318905;Inf;Inf
1443.0;56.11133367658112;Inf;Inf
1444.0;56.11036624567039;Inf;Inf
1445.0;56.10939948951056;Inf;Inf
1446.0;56.10843340715716;Inf;Inf
1447.0;56.107467997667904;Inf;Inf
1448.0;56.10650326010237;Inf;Inf
1449.0;56.10553919352213;Inf;Inf
1450.0;56.10457579699073;Inf;Inf
1451.0;56.10361306957367;Inf;Inf
1452.0;56.10265101033845;Inf;Inf
1453.0;56.101689618354456;Inf;Inf
1454.0;56.100728892693056;Inf;Inf
1455.0;56.09976883242764;Inf;Inf
1456.0;56.09880943663336;Inf;Inf
1457.0;56.09785070438746;Inf;Inf
1458.0;56.09689263476907;Inf;Inf
1459.0;56.09593522685918;Inf;Inf
1460.0;56.09497847974075;Inf;Inf
1461.0;56.09402239249863;Inf;Inf
1462.0;56.093066964219645;Inf;Inf
1463.0;56.09211219399239;Inf;Inf
1464.0;56.09115808090741;Inf;Inf
1465.0;56.09020462405726;Inf;Inf
1466.0;56.089251822536184;Inf;Inf
1467.0;56.0882996754404;Inf;Inf
1468.0;56.08734818186802;Inf;Inf
1469.0;56.08639734091905;Inf;Inf
1470.0;56.085447151695206;Inf;Inf
1471.0;56.08449761330022;Inf;Inf
1472.0;56.083548724839645;Inf;Inf
1473.0;56.082600485420826;Inf;Inf
1474.0;56.08165289415301;Inf;Inf
1475.0;56.08070595014725;Inf;Inf
1476.0;56.079759652516444;Inf;Inf
1477.0;56.07881400037532;Inf;Inf
1478.0;56.0778689928404;Inf;Inf
1479.0;56.07692462903007;Inf;Inf
1480.0;56.07598090806449;Inf;Inf
1481.0;56.07503782906562;Inf;Inf
1482.0;56.07409539115731;Inf;Inf
1483.0;56.073153593465065;Inf;Inf
1484.0;56.07221243511634;Inf;Inf
1485.0;56.071271915240246;Inf;Inf
1486.0;56.070332032967706;Inf;Inf
1487.0;56.069392787431475;Inf;Inf
1488.0;56.06845417776616;Inf;Inf
1489.0;56.06751620310798;Inf;Inf
1490.0;56.06657886259489;Inf;Inf
1491.0;56.065642155366724;Inf;Inf
1492.0;56.06470608056509;Inf;Inf
1493.0;56.063770637333185;Inf;Inf
1494.0;56.062835824816155;Inf;Inf
1495.0;56.0619016421607;Inf;Inf
1496.0;56.06096808851532;Inf;Inf
1497.0;56.06003516303033;Inf;Inf
1498.0;56.05910286485768;Inf;Inf
1499.0;56.0581711931511;Inf;Inf
1500.0;56.05724014706594;Inf;Inf
1501.0;56.05630972575936;Inf;Inf
1502.0;56.055379928390224;Inf;Inf
1503.0;56.054450754119;Inf;Inf
1504.0;56.053522202107956;Inf;Inf
1505.0;56.052594271521016;Inf;Inf
1506.0;56.05166696152378;Inf;Inf
1507.0;56.05074027128355;Inf;Inf
1508.0;56.04981419996934;Inf;Inf
1509.0;56.04888874675177;Inf;Inf
1510.0;56.047963910803205;Inf;Inf
1511.0;56.04703969129755;Inf;Inf
1512.0;56.04611608741058;Inf;Inf
1513.0;56.04519309831953;Inf;Inf
1514.0;56.04427072320336;Inf;Inf
1515.0;56.043348961242735;Inf;Inf
1516.0;56.04242781161984;Inf;Inf
1517.0;56.0415072735186;Inf;Inf
1518.0;56.040587346124596;Inf;Inf
1519.0;56.039668028624924;Inf;Inf
1520.0;56.03874932020845;Inf;Inf
1521.0;56.037831220065506;Inf;Inf
1522.0;56.03691372738814;Inf;Inf
1523.0;56.03599684137004;Inf;Inf
1524.0;56.03508056120645;Inf;Inf
1525.0;56.03416488609417;Inf;Inf
1526.0;56.033249815231734;Inf;Inf
1527.0;56.03233534781918;Inf;Inf
1528.0;56.03142148305816;Inf;Inf
1529.0;56.03050822015185;Inf;Inf
1530.0;56.02959555830521;Inf;Inf
1531.0;56.0286834967245;Inf;Inf
1532.0;56.02777203461769;Inf;Inf
1533.0;56.02686117119441;Inf;Inf
1534.0;56.025950905665745;Inf;Inf
1535.0;56.02504123724437;Inf;Inf
1536.0;56.02413216514451;Inf;Inf
1537.0;56.0232236885819;Inf;Inf
1538.0;56.02231580677397;Inf;Inf
1539.0;56.02140851893965;Inf;Inf
1540.0;56.02050182429931;Inf;Inf
1541.0;56.019595722074925;Inf;Inf
1542.0;56.01869021148998;Inf;Inf
1543.0;56.017785291769485;Inf;Inf
1544.0;56.01688096214009;Inf;Inf
1545.0;56.01597722182977;Inf;Inf
1546.0;56.015074070068216;Inf;Inf
1547.0;56.0141715060865;Inf;Inf
1548.0;56.01326952911719;Inf;Inf
1549.0;56.012368138394535;Inf;Inf
1550.0;56.011467333154094;Inf;Inf
1551.0;56.010567112633;Inf;Inf
1552.0;56.009667476069886;Inf;Inf
1553.0;56.0087684227049;Inf;Inf
1554.0;56.00786995177966;Inf;Inf
1555.0;56.00697206253727;Inf;Inf
1556.0;56.006074754222205;Inf;Inf
1557.0;56.00517802608054;Inf;Inf
1558.0;56.004281877359816;Inf;Inf
1559.0;56.003386307308986;Inf;Inf
1560.0;56.002491315178524;Inf;Inf
1561.0;56.0015969002203;Inf;Inf
1562.0;56.00070306168772;Inf;Inf
1563.0;55.999809798835564;Inf;Inf
1564.0;55.99891711092013;Inf;Inf
1565.0;55.998024997198996;Inf;Inf
1566.0;55.99713345693144;Inf;Inf
1567.0;55.99624248937805;Inf;Inf
1568.0;55.99535209380078;Inf;Inf
1569.0;55.994462269463185;Inf;Inf
1570.0;55.993573015630034;Inf;Inf
1571.0;55.992684331567645;Inf;Inf
1572.0;55.991796216543726;Inf;Inf
1573.0;55.99090866982743;Inf;Inf
1574.0;55.990021690689346;Inf;Inf
1575.0;55.98913527840135;Inf;Inf
1576.0;55.98824943223684;Inf;Inf
1577.0;55.987364151470494;Inf;Inf
1578.0;55.98647943537853;Inf;Inf
1579.0;55.98559528323852;Inf;Inf
1580.0;55.98471169432934;Inf;Inf
1581.0;55.983828667931384;Inf;Inf
1582.0;55.98294620332632;Inf;Inf
1583.0;55.982064299797244;Inf;Inf
1584.0;55.98118295662859;Inf;Inf
1585.0;55.98030217310622;Inf;Inf
1586.0;55.97942194851729;Inf;Inf
1587.0;55.97854228215034;Inf;Inf
1588.0;55.97766317329544;Inf;Inf
1589.0;55.97678462124378;Inf;Inf
1590.0;55.97590662528794;Inf;Inf
1591.0;55.97502918472197;Inf;Inf
1592.0;55.974152298841226;Inf;Inf
1593.0;55.97327596694244;Inf;Inf
1594.0;55.972400188323626;Inf;Inf
1595.0;55.97152496228407;Inf;Inf
1596.0;55.9706502881245;Inf;Inf
1597.0;55.96977616514695;Inf;Inf
1598.0;55.96890259265477;Inf;Inf
1599.0;55.96802956995264;Inf;Inf
1600.0;55.967157096346604;Inf;Inf
1601.0;55.966285171143916;Inf;Inf
1602.0;55.965413793653205;Inf;Inf
1603.0;55.96454296318445;Inf;Inf
1604.0;55.963672679048926;Inf;Inf
1605.0;55.96280294055911;Inf;Inf
1606.0;55.961933747028965;Inf;Inf
1607.0;55.96106509777355;Inf;Inf
1608.0;55.96019699210933;Inf;Inf
1609.0;55.95932942935406;Inf;Inf
1610.0;55.95846240882674;Inf;Inf
1611.0;55.95759592984768;Inf;Inf
1612.0;55.95672999173844;Inf;Inf
1613.0;55.955864593822014;Inf;Inf
1614.0;55.95499973542244;Inf;Inf
1615.0;55.954135415865196;Inf;Inf
1616.0;55.95327163447684;Inf;Inf
1617.0;55.952408390585475;Inf;Inf
1618.0;55.951545683520244;Inf;Inf
1619.0;55.950683512611626;Inf;Inf
1620.0;55.94982187719132;Inf;Inf
1621.0;55.948960776592294;Inf;Inf
1622.0;55.948100210148816;Inf;Inf
1623.0;55.94724017719637;Inf;Inf
1624.0;55.946380677071616;Inf;Inf
1625.0;55.94552170911249;Inf;Inf
1626.0;55.94466327265829;Inf;Inf
1627.0;55.94380536704941;Inf;Inf
1628.0;55.942947991627484;Inf;Inf
1629.0;55.942091145735425;Inf;Inf
1630.0;55.94123482871727;Inf;Inf
1631.0;55.940379039918476;Inf;Inf
1632.0;55.939523778685476;Inf;Inf
1633.0;55.938669044366144;Inf;Inf
1634.0;55.93781483630937;Inf;Inf
1635.0;55.93696115386539;Inf;Inf
1636.0;55.93610799638555;Inf;Inf
1637.0;55.935255363222595;Inf;Inf
1638.0;55.934403253730125;Inf;Inf
1639.0;55.93355166726326;Inf;Inf
1640.0;55.93270060317818;Inf;Inf
1641.0;55.931850060832154;Inf;Inf
1642.0;55.93100003958394;Inf;Inf
1643.0;55.930150538793214;Inf;Inf
1644.0;55.92930155782096;Inf;Inf
1645.0;55.928453096029166;Inf;Inf
1646.0;55.92760515278126;Inf;Inf
1647.0;55.926757727441654;Inf;Inf
1648.0;55.92591081937603;Inf;Inf
1649.0;55.9250644279512;Inf;Inf
1650.0;55.92421855253509;Inf;Inf
1651.0;55.92337319249689;Inf;Inf
1652.0;55.9225283472069;Inf;Inf
1653.0;55.92168401603657;Inf;Inf
1654.0;55.92084019835854;Inf;Inf
1655.0;55.91999689354655;Inf;Inf
1656.0;55.91915410097548;Inf;Inf
1657.0;55.918311820021486;Inf;Inf
1658.0;55.917470050061695;Inf;Inf
1659.0;55.91662879047444;Inf;Inf
1660.0;55.91578804063924;Inf;Inf
1661.0;55.914947799936684;Inf;Inf
1662.0;55.914108067748515;Inf;Inf
1663.0;55.913268843457594;Inf;Inf
1664.0;55.91243012644792;Inf;Inf
1665.0;55.91159191610467;Inf;Inf
1666.0;55.91075421181408;Inf;Inf
1667.0;55.9099170129635;Inf;Inf
1668.0;55.90908031894142;Inf;Inf
1669.0;55.90824412913735;Inf;Inf
1670.0;55.907408442942085;Inf;Inf
1671.0;55.906573259747425;Inf;Inf
1672.0;55.90573857894625;Inf;Inf
1673.0;55.904904399932555;Inf;Inf
1674.0;55.9040707221015;Inf;Inf
1675.0;55.90323754484928;Inf;Inf
1676.0;55.90240486757318;Inf;Inf
1677.0;55.90157268967168;Inf;Inf
1678.0;55.900741010544166;Inf;Inf
1679.0;55.899909829591245;Inf;Inf
1680.0;55.89907914621458;Inf;Inf
1681.0;55.89824895981694;Inf;Inf
1682.0;55.89741926980204;Inf;Inf
1683.0;55.8965900755749;Inf;Inf
1684.0;55.8957613765414;Inf;Inf
1685.0;55.89493317210855;Inf;Inf
1686.0;55.89410546168449;Inf;Inf
1687.0;55.89327824467839;Inf;Inf
1688.0;55.89245152050046;Inf;Inf
1689.0;55.89162528856199;Inf;Inf
1690.0;55.89079954827542;Inf;Inf
1691.0;55.889974299054;Inf;Inf
1692.0;55.88914954031227;Inf;Inf
1693.0;55.88832527146564;Inf;Inf
1694.0;55.88750149193078;Inf;Inf
1695.0;55.88667820112524;Inf;Inf
1696.0;55.88585539846765;Inf;Inf
1697.0;55.885033083377735;Inf;Inf
1698.0;55.884211255276185;Inf;Inf
1699.0;55.883389913584715;Inf;Inf
1700.0;55.882569057726094;Inf;Inf
1701.0;55.881748687124265;Inf;Inf
1702.0;55.88092880120396;Inf;Inf
1703.0;55.88010939939106;Inf;Inf
1704.0;55.87929048111249;Inf;Inf
1705.0;55.87847204579616;Inf;Inf
1706.0;55.87765409287096;Inf;Inf
1707.0;55.87683662176683;Inf;Inf
1708.0;55.87601963191475;Inf;Inf
1709.0;55.87520312274672;Inf;Inf
1710.0;55.87438709369566;Inf;Inf
1711.0;55.87357154419559;Inf;Inf
1712.0;55.87275647368146;Inf;Inf
1713.0;55.87194188158932;Inf;Inf
1714.0;55.87112776735607;Inf;Inf
1715.0;55.87031413041979;Inf;Inf
1716.0;55.869500970219434;Inf;Inf
1717.0;55.868688286194924;Inf;Inf
1718.0;55.86787607778725;Inf;Inf
1719.0;55.867064344438354;Inf;Inf
1720.0;55.86625308559118;Inf;Inf
1721.0;55.86544230068964;Inf;Inf
1722.0;55.86463198917857;Inf;Inf
1723.0;55.8638221505039;Inf;Inf
1724.0;55.86301278411242;Inf;Inf
1725.0;55.86220388945196;Inf;Inf
1726.0;55.861395465971384;Inf;Inf
1727.0;55.86058751312038;Inf;Inf
1728.0;55.85978003034975;Inf;Inf
1729.0;55.8589730171111;Inf;Inf
1730.0;55.85816647285712;Inf;Inf
1731.0;55.85736039704141;Inf;Inf
1732.0;55.85655478911855;Inf;Inf
1733.0;55.855749648544055;Inf;Inf
1734.0;55.854944974774384;Inf;Inf
1735.0;55.854140767267;Inf;Inf
1736.0;55.85333702548024;Inf;Inf
1737.0;55.85253374887348;Inf;Inf
1738.0;55.85173093690695;Inf;Inf
1739.0;55.8509285890419;Inf;Inf
1740.0;55.85012670474042;Inf;Inf
1741.0;55.84932528346563;Inf;Inf
1742.0;55.848524324681485;Inf;Inf
1743.0;55.847723827853045;Inf;Inf
1744.0;55.84692379244614;Inf;Inf
1745.0;55.846124217927596;Inf;Inf
1746.0;55.84532510376517;Inf;Inf
1747.0;55.844526449427505;Inf;Inf
1748.0;55.84372825438411;Inf;Inf
1749.0;55.842930518105646;Inf;Inf
1750.0;55.84213324006342;Inf;Inf
1751.0;55.841336419729814;Inf;Inf
1752.0;55.8405400565781;Inf;Inf
1753.0;55.83974415008243;Inf;Inf
1754.0;55.83894869971787;Inf;Inf
1755.0;55.838153704960376;Inf;Inf
1756.0;55.837359165286884;Inf;Inf
1757.0;55.836565080175205;Inf;Inf
1758.0;55.835771449104;Inf;Inf
1759.0;55.83497827155287;Inf;Inf
1760.0;55.83418554700234;Inf;Inf
1761.0;55.833393274933734;Inf;Inf
1762.0;55.832601454829394;Inf;Inf
1763.0;55.83181008617242;Inf;Inf
1764.0;55.831019168446936;Inf;Inf
1765.0;55.830228701137855;Inf;Inf
1766.0;55.829438683730984;Inf;Inf
1767.0;55.82864911571312;Inf;Inf
1768.0;55.82785999657177;Inf;Inf
1769.0;55.82707132579546;Inf;Inf
1770.0;55.82628310287343;Inf;Inf
1771.0;55.825495327296004;Inf;Inf
1772.0;55.824707998554345;Inf;Inf
1773.0;55.82392111614035;Inf;Inf
1774.0;55.82313467954682;Inf;Inf
1775.0;55.82234868826747;Inf;Inf
1776.0;55.82156314179691;Inf;Inf
1777.0;55.82077803963053;Inf;Inf
1778.0;55.81999338126467;Inf;Inf
1779.0;55.81920916619646;Inf;Inf
1780.0;55.818425393923874;Inf;Inf
1781.0;55.817642063945826;Inf;Inf
1782.0;55.81685917576194;Inf;Inf
1783.0;55.81607672887293;Inf;Inf
1784.0;55.81529472278014;Inf;Inf
1785.0;55.81451315698579;Inf;Inf
1786.0;55.813732030993016;Inf;Inf
1787.0;55.81295134430581;Inf;Inf
1788.0;55.81217109642892;Inf;Inf
1789.0;55.81139128686803;Inf;Inf
1790.0;55.81061191512956;Inf;Inf
1791.0;55.80983298072082;Inf;Inf
1792.0;55.80905448315001;Inf;Inf
1793.0;55.80827642192604;Inf;Inf
1794.0;55.80749879655875;Inf;Inf
1795.0;55.80672160655871;Inf;Inf
1796.0;55.805944851437495;Inf;Inf
1797.0;55.80516853070723;Inf;Inf
1798.0;55.80439264388113;Inf;Inf
1799.0;55.803617190473105;Inf;Inf
1800.0;55.802842169997895;Inf;Inf
1801.0;55.80206758197107;Inf;Inf
1802.0;55.80129342590899;Inf;Inf
1803.0;55.80051970132891;Inf;Inf
1804.0;55.79974640774877;Inf;Inf
1805.0;55.798973544687385;Inf;Inf
1806.0;55.79820111166438;Inf;Inf
1807.0;55.79742910820019;Inf;Inf
1808.0;55.796657533816074;Inf;Inf
1809.0;55.795886388034035;Inf;Inf
1810.0;55.79511567037686;Inf;Inf
1811.0;55.7943453803683;Inf;Inf
1812.0;55.79357551753269;Inf;Inf
1813.0;55.792806081395334;Inf;Inf
1814.0;55.792037071482184;Inf;Inf
1815.0;55.79126848732006;Inf;Inf
1816.0;55.790500328436586;Inf;Inf
1817.0;55.78973259436017;Inf;Inf
1818.0;55.78896528461998;Inf;Inf
1819.0;55.78819839874596;Inf;Inf
1820.0;55.78743193626889;Inf;Inf
1821.0;55.78666589672022;Inf;Inf
1822.0;55.785900279632315;Inf;Inf
1823.0;55.78513508453831;Inf;Inf
1824.0;55.784370310971994;Inf;Inf
1825.0;55.78360595846803;Inf;Inf
1826.0;55.782842026561816;Inf;Inf
1827.0;55.782078514789475;Inf;Inf
1828.0;55.78131542268808;Inf;Inf
1829.0;55.7805527497953;Inf;Inf
1830.0;55.779790495649586;Inf;Inf
1831.0;55.779028659790185;Inf;Inf
1832.0;55.778267241757156;Inf;Inf
1833.0;55.77750624109124;Inf;Inf
1834.0;55.776745657333954;Inf;Inf
1835.0;55.775985490027615;Inf;Inf
1836.0;55.77522573871521;Inf;Inf
1837.0;55.77446640294057;Inf;Inf
1838.0;55.77370748224828;Inf;Inf
1839.0;55.7729489761836;Inf;Inf
1840.0;55.77219088429263;Inf;Inf
1841.0;55.7714332061221;Inf;Inf
1842.0;55.77067594121957;Inf;Inf
1843.0;55.769919089133374;Inf;Inf
1844.0;55.76916264941247;Inf;Inf
1845.0;55.76840662160666;Inf;Inf
1846.0;55.767651005266494;Inf;Inf
1847.0;55.76689579994319;Inf;Inf
1848.0;55.76614100518874;Inf;Inf
1849.0;55.76538662055586;Inf;Inf
1850.0;55.76463264559799;Inf;Inf
1851.0;55.76387907986933;Inf;Inf
1852.0;55.76312592292478;Inf;Inf
1853.0;55.762373174320004;Inf;Inf
1854.0;55.761620833611374;Inf;Inf
1855.0;55.76086890035594;Inf;Inf
1856.0;55.76011737411153;Inf;Inf
1857.0;55.75936625443673;Inf;Inf
1858.0;55.758615540890744;Inf;Inf
1859.0;55.757865233033606;Inf;Inf
1860.0;55.75711533042595;Inf;Inf
1861.0;55.75636583262927;Inf;Inf
1862.0;55.7556167392056;Inf;Inf
1863.0;55.754868049717864;Inf;Inf
1864.0;55.75411976372952;Inf;Inf
1865.0;55.75337188080481;Inf;Inf
1866.0;55.7526244005088;Inf;Inf
1867.0;55.75187732240714;Inf;Inf
1868.0;55.75113064606619;Inf;Inf
1869.0;55.750384371053045;Inf;Inf
1870.0;55.74963849693548;Inf;Inf
1871.0;55.74889302328196;Inf;Inf
1872.0;55.74814794966162;Inf;Inf
1873.0;55.747403275644466;Inf;Inf
1874.0;55.74665900080097;Inf;Inf
1875.0;55.745915124702414;Inf;Inf
1876.0;55.74517164692076;Inf;Inf
1877.0;55.74442856702862;Inf;Inf
1878.0;55.74368588459942;Inf;Inf
1879.0;55.74294359920717;Inf;Inf
1880.0;55.74220171042654;Inf;Inf
1881.0;55.741460217833;Inf;Inf
1882.0;55.74071912100255;Inf;Inf
1883.0;55.73997841951204;Inf;Inf
1884.0;55.73923811293885;Inf;Inf
1885.0;55.73849820086107;Inf;Inf
1886.0;55.737758682857674;Inf;Inf
1887.0;55.737019558508024;Inf;Inf
1888.0;55.73628082739228;Inf;Inf
1889.0;55.735542489091316;Inf;Inf
1890.0;55.734804543186605;Inf;Inf
1891.0;55.7340669892603;Inf;Inf
1892.0;55.73332982689532;Inf;Inf
1893.0;55.73259305567506;Inf;Inf
1894.0;55.731856675183764;Inf;Inf
1895.0;55.731120685006275;Inf;Inf
1896.0;55.73038508472807;Inf;Inf
1897.0;55.72964987393535;Inf;Inf
1898.0;55.728915052214916;Inf;Inf
1899.0;55.72818061915428;Inf;Inf
1900.0;55.72744657434159;Inf;Inf
1901.0;55.726712917365596;Inf;Inf
1902.0;55.725979647815855;Inf;Inf
1903.0;55.72524676528239;Inf;Inf
1904.0;55.72451426935597;Inf;Inf
1905.0;55.723782159628065;Inf;Inf
1906.0;55.72305043569067;Inf;Inf
1907.0;55.722319097136555;Inf;Inf
1908.0;55.7215881435591;Inf;Inf
1909.0;55.72085757455228;Inf;Inf
1910.0;55.720127389710676;Inf;Inf
1911.0;55.71939758862964;Inf;Inf
1912.0;55.718668170905126;Inf;Inf
1913.0;55.7179391361337;Inf;Inf
1914.0;55.71721048391248;Inf;Inf
1915.0;55.7164822138395;Inf;Inf
1916.0;55.71575432551304;Inf;Inf
1917.0;55.7150268185323;Inf;Inf
1918.0;55.71429969249708;Inf;Inf
1919.0;55.713572947007734;Inf;Inf
1920.0;55.712846581665275;Inf;Inf
1921.0;55.712120596071365;Inf;Inf
1922.0;55.711394989828264;Inf;Inf
1923.0;55.71066976253881;Inf;Inf
1924.0;55.70994491380662;Inf;Inf
1925.0;55.70922044323581;Inf;Inf
1926.0;55.70849635043113;Inf;Inf
1927.0;55.70777263499801;Inf;Inf
1928.0;55.70704929654244;Inf;Inf
1929.0;55.706326334671076;Inf;Inf
1930.0;55.70560374899112;Inf;Inf
1931.0;55.70488153911047;Inf;Inf
1932.0;55.70415970463761;Inf;Inf
1933.0;55.703438245181616;Inf;Inf
1934.0;55.70271716035219;Inf;Inf
1935.0;55.701996449759655;Inf;Inf
1936.0;55.701276113014934;Inf;Inf
1937.0;55.700556149729586;Inf;Inf
1938.0;55.69983655951574;Inf;Inf
1939.0;55.699117341986124;Inf;Inf
1940.0;55.69839849675412;Inf;Inf
1941.0;55.697680023433634;Inf;Inf
1942.0;55.696961921639335;Inf;Inf
1943.0;55.69624419098626;Inf;Inf
1944.0;55.695526831090206;Inf;Inf
1945.0;55.69480984156757;Inf;Inf
1946.0;55.6940932220353;Inf;Inf
1947.0;55.693376972110926;Inf;Inf
1948.0;55.692661091412596;Inf;Inf
1949.0;55.69194557955907;Inf;Inf
1950.0;55.69123043616962;Inf;Inf
1951.0;55.69051566086425;Inf;Inf
1952.0;55.68980125326341;Inf;Inf
1953.0;55.68908721298825;Inf;Inf
1954.0;55.68837353966036;Inf;Inf
1955.0;55.687660232902104;Inf;Inf
1956.0;55.686947292336384;Inf;Inf
1957.0;55.686234717586565;Inf;Inf
1958.0;55.6855225082767;Inf;Inf
1959.0;55.684810664031396;Inf;Inf
1960.0;55.684099184475784;Inf;Inf
1961.0;55.683388069235704;Inf;Inf
1962.0;55.68267731793747;Inf;Inf
1963.0;55.68196693020801;Inf;Inf
1964.0;55.68125690567485;Inf;Inf
1965.0;55.680547243966025;Inf;Inf
1966.0;55.67983794471017;Inf;Inf
1967.0;55.67912900753651;Inf;Inf
1968.0;55.67842043207482;Inf;Inf
1969.0;55.67771221795548;Inf;Inf
1970.0;55.677004364809385;Inf;Inf
1971.0;55.67629687226805;Inf;Inf
1972.0;55.67558973996352;Inf;Inf
1973.0;55.674882967528376;Inf;Inf
1974.0;55.67417655459592;Inf;Inf
1975.0;55.67347050079981;Inf;Inf
1976.0;55.67276480577431;Inf;Inf
1977.0;55.67205946915436;Inf;Inf
1978.0;55.67135449057537;Inf;Inf
1979.0;55.670649869673355;Inf;Inf
1980.0;55.66994560608483;Inf;Inf
1981.0;55.669241699446886;Inf;Inf
1982.0;55.66853814939719;Inf;Inf
1983.0;55.66783495557397;Inf;Inf
1984.0;55.667132117615935;Inf;Inf
1985.0;55.66642963516243;Inf;Inf
1986.0;55.66572750785327;Inf;Inf
1987.0;55.6650257353289;Inf;Inf
1988.0;55.66432431723027;Inf;Inf
1989.0;55.663623253198864;Inf;Inf
1990.0;55.66292254287676;Inf;Inf
1991.0;55.662222185906536;Inf;Inf
1992.0;55.66152218193133;Inf;Inf
1993.0;55.66082253059484;Inf;Inf
1994.0;55.66012323154127;Inf;Inf
1995.0;55.65942428441537;Inf;Inf
1996.0;55.65872568886247;Inf;Inf
1997.0;55.65802744452838;Inf;Inf
1998.0;55.65732955105946;Inf;Inf
1999.0;55.65663200810261;Inf;Inf
2000.0;55.65593481530533;Inf;Inf
2001.0;55.65523797231554;Inf;Inf
2002.0;55.65454147878178;Inf;Inf
2003.0;55.65384533435308;Inf;Inf
2004.0;55.65314953867903;Inf;Inf
2005.0;55.6524540914097;Inf;Inf
2006.0;55.65175899219569;Inf;Inf
2007.0;55.65106424068825;Inf;Inf
2008.0;55.650369836538964;Inf;Inf
2009.0;55.649675779400106;Inf;Inf
2010.0;55.648982068924326;Inf;Inf
2011.0;55.64828870476498;Inf;Inf
2012.0;55.6475956865758;Inf;Inf
2013.0;55.646903014011045;Inf;Inf
2014.0;55.64621068672559;Inf;Inf
2015.0;55.64551870437471;Inf;Inf
2016.0;55.644827066614354;Inf;Inf
2017.0;55.64413577310085;Inf;Inf
2018.0;55.64344482349097;Inf;Inf
2019.0;55.64275421744219;Inf;Inf
2020.0;55.64206395461245;Inf;Inf
2021.0;55.64137403466016;Inf;Inf
2022.0;55.64068445724423;Inf;Inf
2023.0;55.639995222024154;Inf;Inf
2024.0;55.6393063286598;Inf;Inf
2025.0;55.63861777681172;Inf;Inf
2026.0;55.63792956614082;Inf;Inf
2027.0;55.637241696308635;Inf;Inf
2028.0;55.636554166977135;Inf;Inf
2029.0;55.63586697780876;Inf;Inf
2030.0;55.63518012846654;Inf;Inf
2031.0;55.63449361861394;Inf;Inf
2032.0;55.63380744791502;Inf;Inf
2033.0;55.63312161603419;Inf;Inf
2034.0;55.63243612263651;Inf;Inf
2035.0;55.63175096738745;Inf;Inf
2036.0;55.63106614995303;Inf;Inf
2037.0;55.63038166999967;Inf;Inf
2038.0;55.62969752719435;Inf;Inf
2039.0;55.629013721204586;Inf;Inf
2040.0;55.62833025169836;Inf;Inf
2041.0;55.62764711834406;Inf;Inf
2042.0;55.62696432081074;Inf;Inf
2043.0;55.626281858767804;Inf;Inf
2044.0;55.62559973188514;Inf;Inf
2045.0;55.62491793983327;Inf;Inf
2046.0;55.62423648228298;Inf;Inf
2047.0;55.62355535890573;Inf;Inf
2048.0;55.62287456937344;Inf;Inf
2049.0;55.622194113358404;Inf;Inf
2050.0;55.62151399053351;Inf;Inf
2051.0;55.62083420057208;Inf;Inf
2052.0;55.6201547431479;Inf;Inf
2053.0;55.61947561793529;Inf;Inf
2054.0;55.61879682460903;Inf;Inf
2055.0;55.618118362844385;Inf;Inf
2056.0;55.61744023231708;Inf;Inf
2057.0;55.616762432703354;Inf;Inf
2058.0;55.616084963679825;Inf;Inf
2059.0;55.61540782492371;Inf;Inf
2060.0;55.61473101611259;Inf;Inf
2061.0;55.614054536924584;Inf;Inf
2062.0;55.61337838703836;Inf;Inf
2063.0;55.61270256613284;Inf;Inf
2064.0;55.61202707388764;Inf;Inf
2065.0;55.61135190998275;Inf;Inf
2066.0;55.61067707409859;Inf;Inf
2067.0;55.61000256591615;Inf;Inf
2068.0;55.60932838511675;Inf;Inf
2069.0;55.608654531382264;Inf;Inf
2070.0;55.60798100439509;Inf;Inf
2071.0;55.60730780383797;Inf;Inf
2072.0;55.6066349293942;Inf;Inf
2073.0;55.60596238074738;Inf;Inf
2074.0;55.605290157581834;Inf;Inf
2075.0;55.60461825958211;Inf;Inf
2076.0;55.603946686433396;Inf;Inf
2077.0;55.603275437821154;Inf;Inf
2078.0;55.602604513431466;Inf;Inf
2079.0;55.60193391295083;Inf;Inf
2080.0;55.60126363606606;Inf;Inf
2081.0;55.60059368246461;Inf;Inf
2082.0;55.59992405183435;Inf;Inf
2083.0;55.59925474386353;Inf;Inf
2084.0;55.59858575824091;Inf;Inf
2085.0;55.59791709465567;Inf;Inf
2086.0;55.597248752797476;Inf;Inf
2087.0;55.59658073235642;Inf;Inf
2088.0;55.59591303302308;Inf;Inf
2089.0;55.59524565448842;Inf;Inf
2090.0;55.59457859644388;Inf;Inf
2091.0;55.59391185858136;Inf;Inf
2092.0;55.59324544059318;Inf;Inf
2093.0;55.59257934217214;Inf;Inf
2094.0;55.591913563011445;Inf;Inf
2095.0;55.591248102804784;Inf;Inf
2096.0;55.590582961246255;Inf;Inf
2097.0;55.58991813803042;Inf;Inf
2098.0;55.589253632852234;Inf;Inf
2099.0;55.5885894454072;Inf;Inf
2100.0;55.58792557539113;Inf;Inf
2101.0;55.58726202250031;Inf;Inf
2102.0;55.58659878643154;Inf;Inf
2103.0;55.585935866882004;Inf;Inf
2104.0;55.58527326354934;Inf;Inf
2105.0;55.584610976131486;Inf;Inf
2106.0;55.583949004327046;Inf;Inf
2107.0;55.58328734783485;Inf;Inf
2108.0;55.58262600635421;Inf;Inf
2109.0;55.58196497958508;Inf;Inf
2110.0;55.581304267227544;Inf;Inf
2111.0;55.58064386898231;Inf;Inf
2112.0;55.57998378455039;Inf;Inf
2113.0;55.57932401363333;Inf;Inf
2114.0;55.57866455593301;Inf;Inf
2115.0;55.578005411151814;Inf;Inf
2116.0;55.57734657899251;Inf;Inf
2117.0;55.57668805915833;Inf;Inf
2118.0;55.57602985135288;Inf;Inf
2119.0;55.5753719552802;Inf;Inf
2120.0;55.574714370644784;Inf;Inf
2121.0;55.57405709715149;Inf;Inf
2122.0;55.573400134505654;Inf;Inf
2123.0;55.57274348241298;Inf;Inf
2124.0;55.572087140579676;Inf;Inf
2125.0;55.57143110871231;Inf;Inf
2126.0;55.57077538651785;Inf;Inf
2127.0;55.57011997370369;Inf;Inf
2128.0;55.56946486997767;Inf;Inf
2129.0;55.56881007504802;Inf;Inf
2130.0;55.568155588623405;Inf;Inf
2131.0;55.56750141041285;Inf;Inf
2132.0;55.56684754012589;Inf;Inf
2133.0;55.56619397747239;Inf;Inf
2134.0;55.56554072216263;Inf;Inf
2135.0;55.56488777390732;Inf;Inf
2136.0;55.56423513241763;Inf;Inf
2137.0;55.56358279740505;Inf;Inf
2138.0;55.56293076858153;Inf;Inf
2139.0;55.56227904565947;Inf;Inf
2140.0;55.561627628351545;Inf;Inf
2141.0;55.56097651637087;Inf;Inf
2142.0;55.560325709431154;Inf;Inf
2143.0;55.559675207246286;Inf;Inf
2144.0;55.55902500953066;Inf;Inf
2145.0;55.558375115999;Inf;Inf
2146.0;55.557725526366546;Inf;Inf
2147.0;55.55707624034885;Inf;Inf
2148.0;55.55642725766183;Inf;Inf
2149.0;55.55577857802196;Inf;Inf
2150.0;55.55513020114596;Inf;Inf
2151.0;55.554482126751026;Inf;Inf
2152.0;55.553834354554716;Inf;Inf
2153.0;55.55318688427499;Inf;Inf
2154.0;55.552539715630246;Inf;Inf
2155.0;55.55189284833926;Inf;Inf
2156.0;55.551246282121156;Inf;Inf
2157.0;55.55060001669546;Inf;Inf
2158.0;55.54995405178219;Inf;Inf
2159.0;55.54930838710165;Inf;Inf
2160.0;55.54866302237448;Inf;Inf
2161.0;55.54801795732188;Inf;Inf
2162.0;55.54737319166534;Inf;Inf
2163.0;55.54672872512679;Inf;Inf
2164.0;55.54608455742849;Inf;Inf
2165.0;55.54544068829312;Inf;Inf
2166.0;55.54479711744372;Inf;Inf
2167.0;55.54415384460376;Inf;Inf
2168.0;55.543510869497005;Inf;Inf
2169.0;55.542868191847795;Inf;Inf
2170.0;55.542225811380675;Inf;Inf
2171.0;55.54158372782057;Inf;Inf
2172.0;55.54094194089294;Inf;Inf
2173.0;55.540300450323556;Inf;Inf
2174.0;55.5396592558384;Inf;Inf
2175.0;55.539018357164096;Inf;Inf
2176.0;55.538377754027536;Inf;Inf
2177.0;55.537737446155965;Inf;Inf
2178.0;55.53709743327706;Inf;Inf
2179.0;55.53645771511879;Inf;Inf
2180.0;55.53581829140969;Inf;Inf
2181.0;55.5351791618784;Inf;Inf
2182.0;55.534540326254195;Inf;Inf
2183.0;55.53390178426653;Inf;Inf
2184.0;55.533263535645354;Inf;Inf
2185.0;55.53262558012089;Inf;Inf
2186.0;55.53198791742391;Inf;Inf
2187.0;55.53135054728534;Inf;Inf
2188.0;55.53071346943661;Inf;Inf
2189.0;55.53007668360951;Inf;Inf
2190.0;55.529440189536174;Inf;Inf
2191.0;55.528803986949114;Inf;Inf
2192.0;55.528168075581206;Inf;Inf
2193.0;55.527532455165705;Inf;Inf
2194.0;55.52689712543622;Inf;Inf
2195.0;55.52626208612672;Inf;Inf
2196.0;55.52562733697165;Inf;Inf
2197.0;55.52499287770561;Inf;Inf
2198.0;55.52435870806372;Inf;Inf
2199.0;55.52372482778145;Inf;Inf
2200.0;55.5230912365946;Inf;Inf
2201.0;55.52245793423928;Inf;Inf
2202.0;55.521824920452104;Inf;Inf
2203.0;55.52119219496993;Inf;Inf
2204.0;55.52055975752997;Inf;Inf
2205.0;55.51992760786991;Inf;Inf
2206.0;55.51929574572771;Inf;Inf
2207.0;55.51866417084169;Inf;Inf
2208.0;55.51803288295053;Inf;Inf
2209.0;55.5174018817933;Inf;Inf
2210.0;55.516771167109454;Inf;Inf
2211.0;55.51614073863866;Inf;Inf
2212.0;55.515510596121075;Inf;Inf
2213.0;55.51488073929719;Inf;Inf
2214.0;55.51425116790787;Inf;Inf
2215.0;55.51362188169431;Inf;Inf
2216.0;55.51299288039799;Inf;Inf
2217.0;55.5123641637608;Inf;Inf
2218.0;55.51173573152499;Inf;Inf
2219.0;55.51110758343316;Inf;Inf
2220.0;55.51047971922825;Inf;Inf
2221.0;55.50985213865358;Inf;Inf
2222.0;55.50922484145273;Inf;Inf
2223.0;55.5085978273697;Inf;Inf
2224.0;55.50797109614889;Inf;Inf
2225.0;55.50734464753496;Inf;Inf
2226.0;55.50671848127293;Inf;Inf
2227.0;55.506092597108164;Inf;Inf
2228.0;55.50546699478638;Inf;Inf
2229.0;55.50484167405371;Inf;Inf
2230.0;55.504216634656515;Inf;Inf
2231.0;55.503591876341574;Inf;Inf
2232.0;55.502967398855965;Inf;Inf
2233.0;55.50234320194714;Inf;Inf
2234.0;55.50171928536288;Inf;Inf
2235.0;55.501095648851326;Inf;Inf
2236.0;55.50047229216098;Inf;Inf
2237.0;55.49984921504058;Inf;Inf
2238.0;55.499226417239306;Inf;Inf
2239.0;55.498603898506666;Inf;Inf
2240.0;55.497981658592394;Inf;Inf
2241.0;55.497359697246736;Inf;Inf
2242.0;55.496738014220135;Inf;Inf
2243.0;55.49611660926347;Inf;Inf
2244.0;55.49549548212788;Inf;Inf
2245.0;55.49487463256484;Inf;Inf
2246.0;55.49425406032624;Inf;Inf
2247.0;55.493633765164255;Inf;Inf
2248.0;55.49301374683136;Inf;Inf
2249.0;55.49239400508042;Inf;Inf
2250.0;55.49177453966463;Inf;Inf
2251.0;55.4911553503374;Inf;Inf
2252.0;55.49053643685266;Inf;Inf
2253.0;55.48991779896451;Inf;Inf
2254.0;55.48929943642746;Inf;Inf
2255.0;55.4886813489963;Inf;Inf
2256.0;55.488063536426246;Inf;Inf
2257.0;55.48744599847275;Inf;Inf
2258.0;55.486828734891525;Inf;Inf
2259.0;55.48621174543887;Inf;Inf
2260.0;55.48559502987114;Inf;Inf
2261.0;55.48497858794513;Inf;Inf
2262.0;55.48436241941797;Inf;Inf
2263.0;55.483746524047056;Inf;Inf
2264.0;55.4831309015902;Inf;Inf
2265.0;55.482515551805456;Inf;Inf
2266.0;55.4819004744512;Inf;Inf
2267.0;55.48128566928619;Inf;Inf
2268.0;55.48067113606946;Inf;Inf
2269.0;55.480056874560354;Inf;Inf
2270.0;55.4794428845186;Inf;Inf
2271.0;55.47882916570418;Inf;Inf
2272.0;55.47821571787748;Inf;Inf
2273.0;55.47760254079907;Inf;Inf
2274.0;55.476989634229945;Inf;Inf
2275.0;55.47637699793142;Inf;Inf
2276.0;55.47576463166501;Inf;Inf
2277.0;55.475152535192684;Inf;Inf
2278.0;55.47454070827666;Inf;Inf
2279.0;55.47392915067948;Inf;Inf
2280.0;55.47331786216404;Inf;Inf
2281.0;55.47270684249344;Inf;Inf
2282.0;55.47209609143125;Inf;Inf
2283.0;55.47148560874128;Inf;Inf
2284.0;55.470875394187544;Inf;Inf
2285.0;55.47026544753459;Inf;Inf
2286.0;55.469655768547064;Inf;Inf
2287.0;55.46904635699006;Inf;Inf
2288.0;55.46843721262894;Inf;Inf
2289.0;55.46782833522934;Inf;Inf
2290.0;55.46721972455727;Inf;Inf
2291.0;55.46661138037902;Inf;Inf
2292.0;55.466003302461175;Inf;Inf
2293.0;55.465395490570614;Inf;Inf
2294.0;55.46478794447455;Inf;Inf
2295.0;55.46418066394048;Inf;Inf
2296.0;55.463573648736265;Inf;Inf
2297.0;55.46296689863005;Inf;Inf
2298.0;55.46236041339023;Inf;Inf
2299.0;55.461754192785534;Inf;Inf
2300.0;55.46114823658507;Inf;Inf
2301.0;55.46054254455812;Inf;Inf
2302.0;55.459937116474336;Inf;Inf
2303.0;55.45933195210372;Inf;Inf
2304.0;55.45872705121646;Inf;Inf
2305.0;55.458122413583105;Inf;Inf
2306.0;55.457518038974584;Inf;Inf
2307.0;55.45691392716199;Inf;Inf
2308.0;55.45631007791677;Inf;Inf
2309.0;55.4557064910107;Inf;Inf
2310.0;55.45510316621579;Inf;Inf
2311.0;55.45450010330448;Inf;Inf
2312.0;55.45389730204933;Inf;Inf
2313.0;55.45329476222327;Inf;Inf
2314.0;55.45269248359955;Inf;Inf
2315.0;55.452090465951876;Inf;Inf
2316.0;55.45148870905389;Inf;Inf
2317.0;55.4508872126798;Inf;Inf
2318.0;55.450285976603915;Inf;Inf
2319.0;55.44968500060112;Inf;Inf
2320.0;55.44908428444627;Inf;Inf
2321.0;55.448483827914636;Inf;Inf
2322.0;55.44788363078193;Inf;Inf
2323.0;55.44728369282402;Inf;Inf
2324.0;55.44668401381709;Inf;Inf
2325.0;55.44608459353762;Inf;Inf
2326.0;55.44548543176241;Inf;Inf
2327.0;55.444886528268334;Inf;Inf
2328.0;55.4442878828327;Inf;Inf
2329.0;55.443689495233386;Inf;Inf
2330.0;55.44309136524822;Inf;Inf
2331.0;55.44249349265531;Inf;Inf
2332.0;55.441895877233264;Inf;Inf
2333.0;55.44129851876075;Inf;Inf
2334.0;55.44070141701682;Inf;Inf
2335.0;55.440104571780985;Inf;Inf
2336.0;55.43950798283277;Inf;Inf
2337.0;55.4389116499521;Inf;Inf
2338.0;55.4383155729192;Inf;Inf
2339.0;55.43771975151453;Inf;Inf
2340.0;55.43712418551875;Inf;Inf
2341.0;55.4365288747131;Inf;Inf
2342.0;55.435933818878844;Inf;Inf
2343.0;55.43533901779764;Inf;Inf
2344.0;55.43474447125133;Inf;Inf
2345.0;55.43415017902202;Inf;Inf
2346.0;55.43355614089234;Inf;Inf
2347.0;55.43296235664493;Inf;Inf
2348.0;55.4323688260628;Inf;Inf
2349.0;55.43177554892925;Inf;Inf
2350.0;55.431182525028035;Inf;Inf
2351.0;55.43058975414286;Inf;Inf
2352.0;55.42999723605772;Inf;Inf
2353.0;55.429404970557144;Inf;Inf
2354.0;55.428812957425926;Inf;Inf
2355.0;55.428221196449;Inf;Inf
2356.0;55.42762968741153;Inf;Inf
2357.0;55.427038430099046;Inf;Inf
2358.0;55.42644742429725;Inf;Inf
2359.0;55.42585666979236;Inf;Inf
2360.0;55.425266166370704;Inf;Inf
2361.0;55.42467591381883;Inf;Inf
2362.0;55.42408591192364;Inf;Inf
2363.0;55.42349616047231;Inf;Inf
2364.0;55.42290665925224;Inf;Inf
2365.0;55.42231740805107;Inf;Inf
2366.0;55.42172840665697;Inf;Inf
2367.0;55.42113965485808;Inf;Inf
2368.0;55.42055115244282;Inf;Inf
2369.0;55.41996289920003;Inf;Inf
2370.0;55.419374894918754;Inf;Inf
2371.0;55.41878713938831;Inf;Inf
2372.0;55.418199632398284;Inf;Inf
2373.0;55.41761237373854;Inf;Inf
2374.0;55.417025363199215;Inf;Inf
2375.0;55.416438600570736;Inf;Inf
2376.0;55.41585208564373;Inf;Inf
2377.0;55.41526581820907;Inf;Inf
2378.0;55.41467979805804;Inf;Inf
2379.0;55.414094024982;Inf;Inf
2380.0;55.41350849877269;Inf;Inf
2381.0;55.41292321922203;Inf;Inf
2382.0;55.41233818612242;Inf;Inf
2383.0;55.41175339926627;Inf;Inf
2384.0;55.41116885844634;Inf;Inf
2385.0;55.41058456345571;Inf;Inf
2386.0;55.410000514087685;Inf;Inf
2387.0;55.40941671013579;Inf;Inf
2388.0;55.40883315139383;Inf;Inf
2389.0;55.40824983765585;Inf;Inf
2390.0;55.407666768716226;Inf;Inf
2391.0;55.40708394436968;Inf;Inf
2392.0;55.406501364410936;Inf;Inf
2393.0;55.40591902863512;Inf;Inf
2394.0;55.40533693683774;Inf;Inf
2395.0;55.40475508881426;Inf;Inf
2396.0;55.40417348436067;Inf;Inf
2397.0;55.40359212327311;Inf;Inf
2398.0;55.40301100534796;Inf;Inf
2399.0;55.40243013038194;Inf;Inf
2400.0;55.4018494981718;Inf;Inf
2401.0;55.401269108514875;Inf;Inf
2402.0;55.40068896120868;Inf;Inf
2403.0;55.400109056050745;Inf;Inf
2404.0;55.39952939283887;Inf;Inf
2405.0;55.39894997137151;Inf;Inf
2406.0;55.39837079144692;Inf;Inf
2407.0;55.39779185286406;Inf;Inf
2408.0;55.39721315542157;Inf;Inf
2409.0;55.39663469891884;Inf;Inf
2410.0;55.39605648315524;Inf;Inf
2411.0;55.395478507930555;Inf;Inf
2412.0;55.394900773044604;Inf;Inf
2413.0;55.394323278297655;Inf;Inf
2414.0;55.39374602349029;Inf;Inf
2415.0;55.39316900842309;Inf;Inf
2416.0;55.3925922328971;Inf;Inf
2417.0;55.39201569671348;Inf;Inf
2418.0;55.391439399673594;Inf;Inf
2419.0;55.39086334157932;Inf;Inf
2420.0;55.3902875222324;Inf;Inf
2421.0;55.389711941435124;Inf;Inf
2422.0;55.38913659898996;Inf;Inf
2423.0;55.38856149469954;Inf;Inf
2424.0;55.387986628366846;Inf;Inf
2425.0;55.38741199979505;Inf;Inf
2426.0;55.38683760878754;Inf;Inf
2427.0;55.386263455148054;Inf;Inf
2428.0;55.38568953868044;Inf;Inf
2429.0;55.385115859188744;Inf;Inf
2430.0;55.38454241647759;Inf;Inf
2431.0;55.3839692103515;Inf;Inf
2432.0;55.38339624061551;Inf;Inf
2433.0;55.38282350707461;Inf;Inf
2434.0;55.382251009534095;Inf;Inf
2435.0;55.381678747799626;Inf;Inf
2436.0;55.381106721677135;Inf;Inf
2437.0;55.38053493097267;Inf;Inf
2438.0;55.37996337549258;Inf;Inf
2439.0;55.37939205504338;Inf;Inf
2440.0;55.3788209694319;Inf;Inf
2441.0;55.378250118465274;Inf;Inf
2442.0;55.37767950195062;Inf;Inf
2443.0;55.37710911969562;Inf;Inf
2444.0;55.37653897150798;Inf;Inf
2445.0;55.37596905719582;Inf;Inf
2446.0;55.37539937656723;Inf;Inf
2447.0;55.374829929430696;Inf;Inf
2448.0;55.374260715594986;Inf;Inf
2449.0;55.37369173486896;Inf;Inf
2450.0;55.37312298706185;Inf;Inf
2451.0;55.37255447198311;Inf;Inf
2452.0;55.371986189442445;Inf;Inf
2453.0;55.37141813924961;Inf;Inf
2454.0;55.37085032121483;Inf;Inf
2455.0;55.370282735148386;Inf;Inf
2456.0;55.369715380860875;Inf;Inf
2457.0;55.36914825816321;Inf;Inf
2458.0;55.368581366866344;Inf;Inf
2459.0;55.36801470678155;Inf;Inf
2460.0;55.36744827772039;Inf;Inf
2461.0;55.366882079494644;Inf;Inf
2462.0;55.36631611191622;Inf;Inf
2463.0;55.36575037479727;Inf;Inf
2464.0;55.36518486795046;Inf;Inf
2465.0;55.364619591188294;Inf;Inf
2466.0;55.364054544323615;Inf;Inf
2467.0;55.36348972716976;Inf;Inf
2468.0;55.36292513953988;Inf;Inf
2469.0;55.36236078124765;Inf;Inf
2470.0;55.36179665210691;Inf;Inf
2471.0;55.36123275193164;Inf;Inf
2472.0;55.36066908053607;Inf;Inf
2473.0;55.36010563773477;Inf;Inf
2474.0;55.359542423342525;Inf;Inf
2475.0;55.35897943717414;Inf;Inf
2476.0;55.35841667904487;Inf;Inf
2477.0;55.35785414877;Inf;Inf
2478.0;55.3572918461652;Inf;Inf
2479.0;55.35672977104633;Inf;Inf
2480.0;55.35616792322962;Inf;Inf
2481.0;55.35560630253124;Inf;Inf
2482.0;55.355044908767674;Inf;Inf
2483.0;55.354483741755644;Inf;Inf
2484.0;55.35392280131226;Inf;Inf
2485.0;55.35336208725452;Inf;Inf
2486.0;55.352801599399946;Inf;Inf
2487.0;55.352241337566106;Inf;Inf
2488.0;55.35168130157092;Inf;Inf
2489.0;55.35112149123242;Inf;Inf
2490.0;55.35056190636897;Inf;Inf
2491.0;55.350002546798976;Inf;Inf
2492.0;55.3494434123412;Inf;Inf
2493.0;55.348884502814556;Inf;Inf
2494.0;55.34832581803826;Inf;Inf
2495.0;55.34776735783178;Inf;Inf
2496.0;55.347209122014576;Inf;Inf
2497.0;55.34665111040652;Inf;Inf
2498.0;55.346093322827734;Inf;Inf
2499.0;55.34553575909836;Inf;Inf
2500.0;55.344978419039;Inf;Inf
2501.0;55.34442130247026;Inf;Inf
2502.0;55.34386440921316;Inf;Inf
2503.0;55.34330773908877;Inf;Inf
2504.0;55.34275129191833;Inf;Inf
2505.0;55.34219506752349;Inf;Inf
2506.0;55.34163906572601;Inf;Inf
2507.0;55.34108328634792;Inf;Inf
2508.0;55.34052772921133;Inf;Inf
2509.0;55.33997239413878;Inf;Inf
2510.0;55.33941728095284;Inf;Inf
2511.0;55.33886238947641;Inf;Inf
2512.0;55.33830771953238;Inf;Inf
2513.0;55.33775327094417;Inf;Inf
2514.0;55.33719904353513;Inf;Inf
2515.0;55.336645037129;Inf;Inf
2516.0;55.336091251549824;Inf;Inf
2517.0;55.335537686621606;Inf;Inf
2518.0;55.33498434216864;Inf;Inf
2519.0;55.334431218015425;Inf;Inf
2520.0;55.33387831398678;Inf;Inf
2521.0;55.33332562990773;Inf;Inf
2522.0;55.332773165603484;Inf;Inf
2523.0;55.332220920899225;Inf;Inf
2524.0;55.33166889562069;Inf;Inf
2525.0;55.33111708959353;Inf;Inf
2526.0;55.330565502643836;Inf;Inf
2527.0;55.33001413459781;Inf;Inf
2528.0;55.32946298528181;Inf;Inf
2529.0;55.328912054522505;Inf;Inf
2530.0;55.328361342146785;Inf;Inf
2531.0;55.32781084798161;Inf;Inf
2532.0;55.3272605718542;Inf;Inf
2533.0;55.3267105135921;Inf;Inf
2534.0;55.32616067302287;Inf;Inf
2535.0;55.3256110499744;Inf;Inf
2536.0;55.32506164427478;Inf;Inf
2537.0;55.32451245575227;Inf;Inf
2538.0;55.323963484235364;Inf;Inf
2539.0;55.323414729552624;Inf;Inf
2540.0;55.322866191533066;Inf;Inf
2541.0;55.32231787000578;Inf;Inf
2542.0;55.321769764799875;Inf;Inf
2543.0;55.32122187574498;Inf;Inf
2544.0;55.32067420267077;Inf;Inf
2545.0;55.32012674540717;Inf;Inf
2546.0;55.31957950378423;Inf;Inf
2547.0;55.31903247763225;Inf;Inf
2548.0;55.318485666781726;Inf;Inf
2549.0;55.31793907106333;Inf;Inf
2550.0;55.31739269030798;Inf;Inf
2551.0;55.316846524346836;Inf;Inf
2552.0;55.31630057301115;Inf;Inf
2553.0;55.315754836132356;Inf;Inf
2554.0;55.31520931354228;Inf;Inf
2555.0;55.314664005072665;Inf;Inf
2556.0;55.31411891055573;Inf;Inf
2557.0;55.313574029823656;Inf;Inf
2558.0;55.31302936270902;Inf;Inf
2559.0;55.31248490904453;Inf;Inf
2560.0;55.31194066866296;Inf;Inf
2561.0;55.311396641397515;Inf;Inf
2562.0;55.310852827081476;Inf;Inf
2563.0;55.31030922554823;Inf;Inf
2564.0;55.309765836631534;Inf;Inf
2565.0;55.30922266016514;Inf;Inf
2566.0;55.30867969598314;Inf;Inf
2567.0;55.30813694391977;Inf;Inf
2568.0;55.30759440380962;Inf;Inf
2569.0;55.30705207548727;Inf;Inf
2570.0;55.306509958787565;Inf;Inf
2571.0;55.305968053545456;Inf;Inf
2572.0;55.30542635959617;Inf;Inf
2573.0;55.30488487677522;Inf;Inf
2574.0;55.30434360491828;Inf;Inf
2575.0;55.303802543860996;Inf;Inf
2576.0;55.30326169343939;Inf;Inf
2577.0;55.30272105348976;Inf;Inf
2578.0;55.30218062384841;Inf;Inf
2579.0;55.30164040435191;Inf;Inf
2580.0;55.30110039483711;Inf;Inf
2581.0;55.30056059514081;Inf;Inf
2582.0;55.300021005100234;Inf;Inf
2583.0;55.29948162455276;Inf;Inf
2584.0;55.29894245333581;Inf;Inf
2585.0;55.298403491287196;Inf;Inf
2586.0;55.297864738244826;Inf;Inf
2587.0;55.29732619404681;Inf;Inf
2588.0;55.29678785853137;Inf;Inf
2589.0;55.29624973153703;Inf;Inf
2590.0;55.295711812902375;Inf;Inf
2591.0;55.29517410246632;Inf;Inf
2592.0;55.29463660006788;Inf;Inf
2593.0;55.294099305546276;Inf;Inf
2594.0;55.29356221874094;Inf;Inf
2595.0;55.29302533949147;Inf;Inf
2596.0;55.29248866763752;Inf;Inf
2597.0;55.29195220301927;Inf;Inf
2598.0;55.29141594547671;Inf;Inf
2599.0;55.290879894850264;Inf;Inf
2600.0;55.29034405098042;Inf;Inf
2601.0;55.289808413707895;Inf;Inf
2602.0;55.28927298287359;Inf;Inf
2603.0;55.28873775831854;Inf;Inf
2604.0;55.2882027398841;Inf;Inf
2605.0;55.28766792741169;Inf;Inf
2606.0;55.28713332074291;Inf;Inf
2607.0;55.28659891971958;Inf;Inf
2608.0;55.28606472418368;Inf;Inf
2609.0;55.285530733977495;Inf;Inf
2610.0;55.28499694894333;Inf;Inf
2611.0;55.28446336892367;Inf;Inf
2612.0;55.28392999376128;Inf;Inf
2613.0;55.2833968232991;Inf;Inf
2614.0;55.282863857380136;Inf;Inf
2615.0;55.28233109584778;Inf;Inf
2616.0;55.28179853854538;Inf;Inf
2617.0;55.281266185316596;Inf;Inf
2618.0;55.280734036005256;Inf;Inf
2619.0;55.28020209045537;Inf;Inf
2620.0;55.279670348511104;Inf;Inf
2621.0;55.27913881001677;Inf;Inf
2622.0;55.27860747481693;Inf;Inf
2623.0;55.27807634275632;Inf;Inf
2624.0;55.27754541367975;Inf;Inf
2625.0;55.27701468743236;Inf;Inf
2626.0;55.276484163859344;Inf;Inf
2627.0;55.27595384280611;Inf;Inf
2628.0;55.275423724118234;Inf;Inf
2629.0;55.27489380764156;Inf;Inf
2630.0;55.27436409322217;Inf;Inf
2631.0;55.273834580706016;Inf;Inf
2632.0;55.273305269939414;Inf;Inf
2633.0;55.272776160768835;Inf;Inf
2634.0;55.272247253040966;Inf;Inf
2635.0;55.271718546602685;Inf;Inf
2636.0;55.271190041300976;Inf;Inf
2637.0;55.270661736983;Inf;Inf
2638.0;55.27013363349617;Inf;Inf
2639.0;55.269605730687964;Inf;Inf
2640.0;55.26907802840613;Inf;Inf
2641.0;55.268550526498416;Inf;Inf
2642.0;55.26802322481302;Inf;Inf
2643.0;55.2674961231982;Inf;Inf
2644.0;55.266969221502244;Inf;Inf
2645.0;55.266442519573836;Inf;Inf
2646.0;55.265916017261645;Inf;Inf
2647.0;55.26538971441465;Inf;Inf
2648.0;55.264863610881825;Inf;Inf
2649.0;55.26433770651256;Inf;Inf
2650.0;55.26381200115624;Inf;Inf
2651.0;55.26328649466247;Inf;Inf
2652.0;55.26276118688098;Inf;Inf
2653.0;55.26223607766176;Inf;Inf
2654.0;55.26171116685495;Inf;Inf
2655.0;55.2611864543109;Inf;Inf
2656.0;55.260661939879895;Inf;Inf
2657.0;55.26013762341273;Inf;Inf
2658.0;55.25961350476013;Inf;Inf
2659.0;55.25908958377303;Inf;Inf
2660.0;55.25856586030265;Inf;Inf
2661.0;55.25804233420022;Inf;Inf
2662.0;55.25751900531725;Inf;Inf
2663.0;55.2569958735054;Inf;Inf
2664.0;55.25647293861649;Inf;Inf
2665.0;55.25595020050247;Inf;Inf
2666.0;55.255427659015446;Inf;Inf
2667.0;55.254905314007814;Inf;Inf
2668.0;55.25438316533202;Inf;Inf
2669.0;55.25386121284067;Inf;Inf
2670.0;55.25333945638661;Inf;Inf
2671.0;55.252817895822766;Inf;Inf
2672.0;55.25229653100238;Inf;Inf
2673.0;55.25177536177866;Inf;Inf
2674.0;55.251254388005115;Inf;Inf
2675.0;55.25073360953546;Inf;Inf
2676.0;55.25021302622345;Inf;Inf
2677.0;55.24969263792305;Inf;Inf
2678.0;55.24917244448839;Inf;Inf
2679.0;55.24865244577377;Inf;Inf
2680.0;55.24813264163365;Inf;Inf
2681.0;55.247613031922704;Inf;Inf
2682.0;55.24709361649574;Inf;Inf
2683.0;55.2465743952076;Inf;Inf
2684.0;55.24605536791354;Inf;Inf
2685.0;55.24553653446868;Inf;Inf
2686.0;55.245017894728576;Inf;Inf
2687.0;55.24449944854879;Inf;Inf
2688.0;55.243981195785054;Inf;Inf
2689.0;55.24346313629341;Inf;Inf
2690.0;55.242945269929834;Inf;Inf
2691.0;55.24242759655068;Inf;Inf
2692.0;55.24191011601226;Inf;Inf
2693.0;55.241392828171136;Inf;Inf
2694.0;55.24087573288416;Inf;Inf
2695.0;55.24035883000819;Inf;Inf
2696.0;55.23984211940015;Inf;Inf
2697.0;55.239325600917425;Inf;Inf
2698.0;55.238809274417285;Inf;Inf
2699.0;55.23829313975731;Inf;Inf
2700.0;55.23777719679522;Inf;Inf
2701.0;55.237261445388825;Inf;Inf
2702.0;55.236745885396104;Inf;Inf
2703.0;55.23623051667524;Inf;Inf
2704.0;55.23571533908459;Inf;Inf
2705.0;55.235200352482636;Inf;Inf
2706.0;55.234685556728046;Inf;Inf
2707.0;55.23417095167952;Inf;Inf
2708.0;55.233656537196076;Inf;Inf
2709.0;55.233142313136845;Inf;Inf
2710.0;55.2326282793611;Inf;Inf
2711.0;55.232114435728185;Inf;Inf
2712.0;55.23160078209778;Inf;Inf
2713.0;55.23108731832967;Inf;Inf
2714.0;55.23057404428364;Inf;Inf
2715.0;55.230060959819745;Inf;Inf
2716.0;55.22954806479813;Inf;Inf
2717.0;55.229035359079255;Inf;Inf
2718.0;55.22852284252364;Inf;Inf
2719.0;55.22801051499197;Inf;Inf
2720.0;55.22749837634507;Inf;Inf
2721.0;55.226986426443894;Inf;Inf
2722.0;55.22647466514949;Inf;Inf
2723.0;55.22596309232324;Inf;Inf
2724.0;55.225451707826544;Inf;Inf
2725.0;55.22494051152107;Inf;Inf
2726.0;55.224429503268546;Inf;Inf
2727.0;55.22391868293091;Inf;Inf
2728.0;55.22340805037008;Inf;Inf
2729.0;55.22289760544831;Inf;Inf
2730.0;55.22238734802798;Inf;Inf
2731.0;55.221877277971565;Inf;Inf
2732.0;55.22136739514178;Inf;Inf
2733.0;55.220857699401456;Inf;Inf
2734.0;55.22034819061349;Inf;Inf
2735.0;55.21983886864103;Inf;Inf
2736.0;55.2193297333473;Inf;Inf
2737.0;55.21882078459576;Inf;Inf
2738.0;55.21831202225001;Inf;Inf
2739.0;55.2178034461738;Inf;Inf
2740.0;55.21729505623083;Inf;Inf
2741.0;55.216786852285225;Inf;Inf
2742.0;55.21627883420114;Inf;Inf
2743.0;55.21577100184287;Inf;Inf
2744.0;55.215263355074946;Inf;Inf
2745.0;55.214755893761925;Inf;Inf
2746.0;55.21424861776857;Inf;Inf
2747.0;55.21374152695984;Inf;Inf
2748.0;55.21323462120073;Inf;Inf
2749.0;55.21272790035646;Inf;Inf
2750.0;55.21222136429241;Inf;Inf
2751.0;55.21171501287409;Inf;Inf
2752.0;55.21120884596715;Inf;Inf
2753.0;55.210702863437355;Inf;Inf
2754.0;55.21019706515068;Inf;Inf
2755.0;55.209691450973175;Inf;Inf
2756.0;55.209186020771114;Inf;Inf
2757.0;55.20868077441088;Inf;Inf
2758.0;55.208175711759026;Inf;Inf
2759.0;55.20767083268212;Inf;Inf
2760.0;55.20716613704705;Inf;Inf
2761.0;55.20666162472082;Inf;Inf
2762.0;55.206157295570485;Inf;Inf
2763.0;55.205653149463345;Inf;Inf
2764.0;55.20514918626678;Inf;Inf
2765.0;55.20464540584842;Inf;Inf
2766.0;55.20414180807572;Inf;Inf
2767.0;55.20363839281676;Inf;Inf
2768.0;55.20313515993942;Inf;Inf
2769.0;55.20263210931186;Inf;Inf
2770.0;55.20212924080229;Inf;Inf
2771.0;55.20162655427914;Inf;Inf
2772.0;55.201124049610925;Inf;Inf
2773.0;55.200621726666476;Inf;Inf
2774.0;55.20011958531447;Inf;Inf
2775.0;55.199617625423926;Inf;Inf
2776.0;55.199115846863975;Inf;Inf
2777.0;55.19861424950395;Inf;Inf
2778.0;55.1981128332132;Inf;Inf
2779.0;55.19761159786125;Inf;Inf
2780.0;55.19711054331787;Inf;Inf
2781.0;55.19660966945292;Inf;Inf
2782.0;55.19610897613626;Inf;Inf
2783.0;55.195608463238045;Inf;Inf
2784.0;55.19510813062848;Inf;Inf
2785.0;55.19460797817805;Inf;Inf
2786.0;55.19410800575722;Inf;Inf
2787.0;55.19360821323678;Inf;Inf
2788.0;55.19310860048739;Inf;Inf
2789.0;55.19260916738009;Inf;Inf
2790.0;55.19210991378591;Inf;Inf
2791.0;55.191610839576136;Inf;Inf
2792.0;55.19111194462209;Inf;Inf
2793.0;55.190613228795314;Inf;Inf
2794.0;55.19011469196747;Inf;Inf
2795.0;55.189616334010395;Inf;Inf
2796.0;55.189118154795935;Inf;Inf
2797.0;55.18862015419618;Inf;Inf
2798.0;55.188122332083296;Inf;Inf
2799.0;55.18762468832969;Inf;Inf
2800.0;55.187127222807774;Inf;Inf
2801.0;55.18662993539021;Inf;Inf
2802.0;55.186132825949706;Inf;Inf
2803.0;55.18563589435918;Inf;Inf
2804.0;55.185139140491614;Inf;Inf
2805.0;55.184642564220276;Inf;Inf
2806.0;55.18414616541842;Inf;Inf
2807.0;55.18364994395933;Inf;Inf
2808.0;55.1831538997168;Inf;Inf
2809.0;55.1826580325644;Inf;Inf
2810.0;55.182162342376046;Inf;Inf
2811.0;55.18166682902561;Inf;Inf
2812.0;55.18117149238734;Inf;Inf
2813.0;55.18067633233537;Inf;Inf
2814.0;55.180181348744064;Inf;Inf
2815.0;55.17968654148799;Inf;Inf
2816.0;55.17919191044175;Inf;Inf
2817.0;55.17869745548019;Inf;Inf
2818.0;55.17820317647824;Inf;Inf
2819.0;55.177709073310915;Inf;Inf
2820.0;55.177215145853424;Inf;Inf
2821.0;55.17672139398107;Inf;Inf
2822.0;55.17622781756935;Inf;Inf
2823.0;55.17573441649369;Inf;Inf
2824.0;55.175241190629976;Inf;Inf
2825.0;55.17474813985396;Inf;Inf
2826.0;55.174255264041726;Inf;Inf
2827.0;55.17376256306932;Inf;Inf
2828.0;55.173270036813;Inf;Inf
2829.0;55.17277768514906;Inf;Inf
2830.0;55.17228550795416;Inf;Inf
2831.0;55.1717935051048;Inf;Inf
2832.0;55.17130167647785;Inf;Inf
2833.0;55.17081002195009;Inf;Inf
2834.0;55.17031854139874;Inf;Inf
2835.0;55.169827234700875;Inf;Inf
2836.0;55.169336101733776;Inf;Inf
2837.0;55.168845142374906;Inf;Inf
2838.0;55.16835435650177;Inf;Inf
2839.0;55.16786374399211;Inf;Inf
2840.0;55.16737330472367;Inf;Inf
2841.0;55.16688303857438;Inf;Inf
2842.0;55.166392945422444;Inf;Inf
2843.0;55.16590302514597;Inf;Inf
2844.0;55.165413277623266;Inf;Inf
2845.0;55.164923702732914;Inf;Inf
2846.0;55.164434300353484;Inf;Inf
2847.0;55.16394507036358;Inf;Inf
2848.0;55.16345601264219;Inf;Inf
2849.0;55.16296712706816;Inf;Inf
2850.0;55.16247841352062;Inf;Inf
2851.0;55.16198987187886;Inf;Inf
2852.0;55.16150150202223;Inf;Inf
2853.0;55.16101330383021;Inf;Inf
2854.0;55.16052527718242;Inf;Inf
2855.0;55.16003742195859;Inf;Inf
2856.0;55.159549738038564;Inf;Inf
2857.0;55.159062225302335;Inf;Inf
2858.0;55.158574883630145;Inf;Inf
2859.0;55.15808771290218;Inf;Inf
2860.0;55.15760071299865;Inf;Inf
2861.0;55.15711388380026;Inf;Inf
2862.0;55.15662722518751;Inf;Inf
2863.0;55.15614073704121;Inf;Inf
2864.0;55.15565441924224;Inf;Inf
2865.0;55.15516827167156;Inf;Inf
2866.0;55.15468229421037;Inf;Inf
2867.0;55.15419648673988;Inf;Inf
2868.0;55.15371084914145;Inf;Inf
2869.0;55.15322538129667;Inf;Inf
2870.0;55.15274008308703;Inf;Inf
2871.0;55.15225495439435;Inf;Inf
2872.0;55.15176999510058;Inf;Inf
2873.0;55.151285205087575;Inf;Inf
2874.0;55.15080058423752;Inf;Inf
2875.0;55.15031613243266;Inf;Inf
2876.0;55.14983184955542;Inf;Inf
2877.0;55.14934773548814;Inf;Inf
2878.0;55.148863790113545;Inf;Inf
2879.0;55.14838001331444;Inf;Inf
2880.0;55.14789640497358;Inf;Inf
2881.0;55.147412964973945;Inf;Inf
2882.0;55.14692969319875;Inf;Inf
2883.0;55.1464465895311;Inf;Inf
2884.0;55.1459636538544;Inf;Inf
2885.0;55.14548088605215;Inf;Inf
2886.0;55.144998286007954;Inf;Inf
2887.0;55.14451585360544;Inf;Inf
2888.0;55.14403358872849;Inf;Inf
2889.0;55.14355149126108;Inf;Inf
2890.0;55.14306956108725;Inf;Inf
2891.0;55.1425877980912;Inf;Inf
2892.0;55.1421062021573;Inf;Inf
2893.0;55.14162477316996;Inf;Inf
2894.0;55.1411435110137;Inf;Inf
2895.0;55.14066241557326;Inf;Inf
2896.0;55.1401814867334;Inf;Inf
2897.0;55.13970072437905;Inf;Inf
2898.0;55.139220128395266;Inf;Inf
2899.0;55.13873969866721;Inf;Inf
2900.0;55.13825943508014;Inf;Inf
2901.0;55.13777933751954;Inf;Inf
2902.0;55.13729940587092;Inf;Inf
2903.0;55.13681964001972;Inf;Inf
2904.0;55.136340039851945;Inf;Inf
2905.0;55.13586060525326;Inf;Inf
2906.0;55.13538133610982;Inf;Inf
2907.0;55.13490223230776;Inf;Inf
2908.0;55.134423293733086;Inf;Inf
2909.0;55.13394452027222;Inf;Inf
2910.0;55.13346591181169;Inf;Inf
2911.0;55.13298746823802;Inf;Inf
2912.0;55.13250918943793;Inf;Inf
2913.0;55.13203107529834;Inf;Inf
2914.0;55.13155312570612;Inf;Inf
2915.0;55.131075340548435;Inf;Inf
2916.0;55.1305977197122;Inf;Inf
2917.0;55.13012026308483;Inf;Inf
2918.0;55.12964297055382;Inf;Inf
2919.0;55.129165842006415;Inf;Inf
2920.0;55.128688877330525;Inf;Inf
2921.0;55.12821207641379;Inf;Inf
2922.0;55.12773543914392;Inf;Inf
2923.0;55.12725896540914;Inf;Inf
2924.0;55.126782655097415;Inf;Inf
2925.0;55.12630650809697;Inf;Inf
2926.0;55.12583052429621;Inf;Inf
2927.0;55.12535470358353;Inf;Inf
2928.0;55.12487904584742;Inf;Inf
2929.0;55.12440355097659;Inf;Inf
2930.0;55.123928218859845;Inf;Inf
2931.0;55.123453049386;Inf;Inf
2932.0;55.12297804244409;Inf;Inf
2933.0;55.12250319792327;Inf;Inf
2934.0;55.122028515712906;Inf;Inf
2935.0;55.121553995702236;Inf;Inf
2936.0;55.12107963778072;Inf;Inf
2937.0;55.1206054418379;Inf;Inf
2938.0;55.12013140776352;Inf;Inf
2939.0;55.11965753544742;Inf;Inf
2940.0;55.119183824779505;Inf;Inf
2941.0;55.11871027564978;Inf;Inf
2942.0;55.118236887948385;Inf;Inf
2943.0;55.11776366156559;Inf;Inf
2944.0;55.117290596391754;Inf;Inf
2945.0;55.116817692317305;Inf;Inf
2946.0;55.116344949232975;Inf;Inf
2947.0;55.115872367029354;Inf;Inf
2948.0;55.115399945597325;Inf;Inf
2949.0;55.11492768482778;Inf;Inf
2950.0;55.11445558461177;Inf;Inf
2951.0;55.11398364484046;Inf;Inf
2952.0;55.11351186540509;Inf;Inf
2953.0;55.11304024619703;Inf;Inf
2954.0;55.11256878710781;Inf;Inf
2955.0;55.11209748802903;Inf;Inf
2956.0;55.111626348852354;Inf;Inf
2957.0;55.11115536946962;Inf;Inf
2958.0;55.11068454977274;Inf;Inf
2959.0;55.11021388965378;Inf;Inf
2960.0;55.10974338900478;Inf;Inf
2961.0;55.10927304771805;Inf;Inf
2962.0;55.10880286568595;Inf;Inf
2963.0;55.108332842801175;Inf;Inf
2964.0;55.107862978956135;Inf;Inf
2965.0;55.10739327404343;Inf;Inf
2966.0;55.10692372795583;Inf;Inf
2967.0;55.106454340586446;Inf;Inf
2968.0;55.10598511182814;Inf;Inf
2969.0;55.10551604157419;Inf;Inf
2970.0;55.10504712971763;Inf;Inf
2971.0;55.10457837615204;Inf;Inf
2972.0;55.10410978077076;Inf;Inf
2973.0;55.10364134346731;Inf;Inf
2974.0;55.10317306413539;Inf;Inf
2975.0;55.10270494266884;Inf;Inf
2976.0;55.102236978961415;Inf;Inf
2977.0;55.10176917290729;Inf;Inf
2978.0;55.101301524400306;Inf;Inf
2979.0;55.10083403333493;Inf;Inf
2980.0;55.100366699605324;Inf;Inf
2981.0;55.09989952310596;Inf;Inf
2982.0;55.099432503731386;Inf;Inf
2983.0;55.09896564137619;Inf;Inf
2984.0;55.09849893593506;Inf;Inf
2985.0;55.098032387302936;Inf;Inf
2986.0;55.09756599537476;Inf;Inf
2987.0;55.09709976004554;Inf;Inf
2988.0;55.09663368121048;Inf;Inf
2989.0;55.096167758764835;Inf;Inf
2990.0;55.09570199260396;Inf;Inf
2991.0;55.09523638262339;Inf;Inf
2992.0;55.09477092871865;Inf;Inf
2993.0;55.09430563078548;Inf;Inf
2994.0;55.09384048871963;Inf;Inf
2995.0;55.09337550241704;Inf;Inf
2996.0;55.0929106717736;Inf;Inf
2997.0;55.092445996685655;Inf;Inf
2998.0;55.09198147704921;Inf;Inf
2999.0;55.09151711276067;Inf;Inf
3000.0;55.09105290371644;Inf;Inf
3001.0;55.09058884981296;Inf;Inf
3002.0;55.090124950947;Inf;Inf
3003.0;55.08966120701525;Inf;Inf
3004.0;55.089197617914536;Inf;Inf
3005.0;55.088734183541696;Inf;Inf
3006.0;55.08827090379386;Inf;Inf
3007.0;55.087807778568134;Inf;Inf
3008.0;55.08734480776187;Inf;Inf
3009.0;55.08688199127255;Inf;Inf
3010.0;55.08641932899748;Inf;Inf
3011.0;55.085956820833886;Inf;Inf
3012.0;55.08549446667987;Inf;Inf
3013.0;55.08503226643313;Inf;Inf
3014.0;55.08457021999138;Inf;Inf
3015.0;55.08410832725263;Inf;Inf
3016.0;55.08364658811499;Inf;Inf
3017.0;55.08318500247667;Inf;Inf
3018.0;55.08272357023581;Inf;Inf
3019.0;55.08226229129095;Inf;Inf
3020.0;55.08180116554049;Inf;Inf
3021.0;55.08134019288295;Inf;Inf
3022.0;55.08087937321706;Inf;Inf
3023.0;55.08041870644159;Inf;Inf
3024.0;55.0799581924554;Inf;Inf
3025.0;55.07949783115751;Inf;Inf
3026.0;55.079037622446904;Inf;Inf
3027.0;55.07857756622285;Inf;Inf
3028.0;55.07811766238468;Inf;Inf
3029.0;55.0776579108317;Inf;Inf
3030.0;55.077198311463384;Inf;Inf
3031.0;55.07673886417938;Inf;Inf
3032.0;55.07627956887927;Inf;Inf
3033.0;55.07582042546292;Inf;Inf
3034.0;55.07536143383008;Inf;Inf
3035.0;55.07490259388093;Inf;Inf
3036.0;55.074443905515366;Inf;Inf
3037.0;55.073985368633664;Inf;Inf
3038.0;55.073526983136105;Inf;Inf
3039.0;55.07306874892301;Inf;Inf
3040.0;55.07261066589492;Inf;Inf
3041.0;55.072152733952315;Inf;Inf
3042.0;55.071694952995976;Inf;Inf
3043.0;55.07123732292657;Inf;Inf
3044.0;55.070779843645035;Inf;Inf
3045.0;55.07032251505231;Inf;Inf
3046.0;55.069865337049436;Inf;Inf
3047.0;55.0694083095376;Inf;Inf
3048.0;55.06895143241802;Inf;Inf
3049.0;55.06849470559207;Inf;Inf
3050.0;55.068038128961305;Inf;Inf
3051.0;55.06758170242718;Inf;Inf
3052.0;55.067125425891355;Inf;Inf
3053.0;55.06666929925548;Inf;Inf
3054.0;55.06621332242159;Inf;Inf
3055.0;55.065757495291514;Inf;Inf
3056.0;55.06530181776719;Inf;Inf
3057.0;55.064846289750854;Inf;Inf
3058.0;55.06439091114483;Inf;Inf
3059.0;55.06393568185136;Inf;Inf
3060.0;55.06348060177288;Inf;Inf
3061.0;55.06302567081188;Inf;Inf
3062.0;55.062570888870965;Inf;Inf
3063.0;55.06211625585289;Inf;Inf
3064.0;55.06166177166042;Inf;Inf
3065.0;55.06120743619643;Inf;Inf
3066.0;55.06075324936398;Inf;Inf
3067.0;55.0602992110661;Inf;Inf
3068.0;55.059845321206;Inf;Inf
3069.0;55.05939157968697;Inf;Inf
3070.0;55.05893798641232;Inf;Inf
3071.0;55.0584845412856;Inf;Inf
3072.0;55.05803124421038;Inf;Inf
3073.0;55.05757809509025;Inf;Inf
3074.0;55.05712509382897;Inf;Inf
3075.0;55.056672240330535;Inf;Inf
3076.0;55.056219534498716;Inf;Inf
3077.0;55.05576697623758;Inf;Inf
3078.0;55.05531456545125;Inf;Inf
3079.0;55.05486230204397;Inf;Inf
3080.0;55.054410185920105;Inf;Inf
3081.0;55.05395821698404;Inf;Inf
3082.0;55.05350639514032;Inf;Inf
3083.0;55.05305472029339;Inf;Inf
3084.0;55.05260319234812;Inf;Inf
3085.0;55.05215181120919;Inf;Inf
3086.0;55.05170057678146;Inf;Inf
3087.0;55.051249488969965;Inf;Inf
3088.0;55.05079854767971;Inf;Inf
3089.0;55.050347752815895;Inf;Inf
3090.0;55.049897104283744;Inf;Inf
3091.0;55.04944660198856;Inf;Inf
3092.0;55.04899624583589;Inf;Inf
3093.0;55.04854603573109;Inf;Inf
3094.0;55.048095971579926;Inf;Inf
3095.0;55.04764605328809;Inf;Inf
3096.0;55.047196280761305;Inf;Inf
3097.0;55.046746653905494;Inf;Inf
3098.0;55.046297172626645;Inf;Inf
3099.0;55.04584783683081;Inf;Inf
3100.0;55.04539864642422;Inf;Inf
3101.0;55.04494960131311;Inf;Inf
3102.0;55.04450070140373;Inf;Inf
3103.0;55.04405194660254;Inf;Inf
3104.0;55.043603336816176;Inf;Inf
3105.0;55.04315487195122;Inf;Inf
3106.0;55.042706551914286;Inf;Inf
3107.0;55.04225837661226;Inf;Inf
3108.0;55.04181034595202;Inf;Inf
3109.0;55.041362459840514;Inf;Inf
3110.0;55.040914718184894;Inf;Inf
3111.0;55.040467120892295;Inf;Inf
3112.0;55.040019667869814;Inf;Inf
3113.0;55.03957235902496;Inf;Inf
3114.0;55.03912519426512;Inf;Inf
3115.0;55.038678173497836;Inf;Inf
3116.0;55.03823129663069;Inf;Inf
3117.0;55.03778456357142;Inf;Inf
3118.0;55.037337974227704;Inf;Inf
3119.0;55.03689152850749;Inf;Inf
3120.0;55.03644522631877;Inf;Inf
3121.0;55.03599906756952;Inf;Inf
3122.0;55.03555305216793;Inf;Inf
3123.0;55.035107180022216;Inf;Inf
3124.0;55.03466145104078;Inf;Inf
3125.0;55.03421586513192;Inf;Inf
3126.0;55.03377042220417;Inf;Inf
3127.0;55.033325122166126;Inf;Inf
3128.0;55.0328799649264;Inf;Inf
3129.0;55.03243495039381;Inf;Inf
3130.0;55.03199007847721;Inf;Inf
3131.0;55.0315453490855;Inf;Inf
3132.0;55.03110076212768;Inf;Inf
3133.0;55.03065631751287;Inf;Inf
3134.0;55.03021201515038;Inf;Inf
3135.0;55.02976785494935;Inf;Inf
3136.0;55.02932383681912;Inf;Inf
3137.0;55.02887996066937;Inf;Inf
3138.0;55.028436226409475;Inf;Inf
3139.0;55.027992633949125;Inf;Inf
3140.0;55.02754918319808;Inf;Inf
3141.0;55.02710587406603;Inf;Inf
3142.0;55.026662706462936;Inf;Inf
3143.0;55.026219680298794;Inf;Inf
3144.0;55.025776795483644;Inf;Inf
3145.0;55.025334051927615;Inf;Inf
3146.0;55.02489144954094;Inf;Inf
3147.0;55.02444898823394;Inf;Inf
3148.0;55.024006667917035;Inf;Inf
3149.0;55.023564488500725;Inf;Inf
3150.0;55.02312244989554;Inf;Inf
3151.0;55.02268055201228;Inf;Inf
3152.0;55.02223879476159;Inf;Inf
3153.0;55.021797178054335;Inf;Inf
3154.0;55.0213557018014;Inf;Inf
3155.0;55.020914365913804;Inf;Inf
3156.0;55.020473170302616;Inf;Inf
3157.0;55.02003211487903;Inf;Inf
3158.0;55.01959119955436;Inf;Inf
3159.0;55.01915042423992;Inf;Inf
3160.0;55.01870978884716;Inf;Inf
3161.0;55.018269293287524;Inf;Inf
3162.0;55.01782893747264;Inf;Inf
3163.0;55.01738872131421;Inf;Inf
3164.0;55.01694864472398;Inf;Inf
3165.0;55.01650870761379;Inf;Inf
3166.0;55.016068909895594;Inf;Inf
3167.0;55.015629251481386;Inf;Inf
3168.0;55.015189732283204;Inf;Inf
3169.0;55.01475035221338;Inf;Inf
3170.0;55.014311111184114;Inf;Inf
3171.0;55.01387200910775;Inf;Inf
3172.0;55.01343304589674;Inf;Inf
3173.0;55.01299422146355;Inf;Inf
3174.0;55.01255553572083;Inf;Inf
3175.0;55.01211698858123;Inf;Inf
3176.0;55.01167857995753;Inf;Inf
3177.0;55.01124030976259;Inf;Inf
3178.0;55.01080217790937;Inf;Inf
3179.0;55.01036418431091;Inf;Inf
3180.0;55.0099263288801;Inf;Inf
3181.0;55.0094886115304;Inf;Inf
3182.0;55.00905103217485;Inf;Inf
3183.0;55.0086135907269;Inf;Inf
3184.0;55.008176287099886;Inf;Inf
3185.0;55.0077391212074;Inf;Inf
3186.0;55.007302092963;Inf;Inf
3187.0;55.00686520228035;Inf;Inf
3188.0;55.006428449073184;Inf;Inf
3189.0;55.005991833255386;Inf;Inf
3190.0;55.00555535474088;Inf;Inf
3191.0;55.00511901344352;Inf;Inf
3192.0;55.00468280927751;Inf;Inf
3193.0;55.00424674215701;Inf;Inf
3194.0;55.00381081199621;Inf;Inf
3195.0;55.00337501870944;Inf;Inf
3196.0;55.00293936221111;Inf;Inf
3197.0;55.00250384241573;Inf;Inf
3198.0;55.00206845923781;Inf;Inf
3199.0;55.00163321259204;Inf;Inf
3200.0;55.00119810239303;Inf;Inf
3201.0;55.000763128555654;Inf;Inf
3202.0;55.000328290994865;Inf;Inf
3203.0;54.99989358962552;Inf;Inf
3204.0;54.99945902436263;Inf;Inf
3205.0;54.99902459512143;Inf;Inf
3206.0;54.99859030181703;Inf;Inf
3207.0;54.99815614436477;Inf;Inf
3208.0;54.99772212267998;Inf;Inf
3209.0;54.9972882366781;Inf;Inf
3210.0;54.99685448627469;Inf;Inf
3211.0;54.996420871385276;Inf;Inf
3212.0;54.995987391925546;Inf;Inf
3213.0;54.99555404781129;Inf;Inf
3214.0;54.99512083895835;Inf;Inf
3215.0;54.99468776528258;Inf;Inf
3216.0;54.99425482670002;Inf;Inf
3217.0;54.99382202312671;Inf;Inf
3218.0;54.99338935447886;Inf;Inf
3219.0;54.9929568206727;Inf;Inf
3220.0;54.992524421624466;Inf;Inf
3221.0;54.99209215725055;Inf;Inf
3222.0;54.991660027467404;Inf;Inf
3223.0;54.99122803219164;Inf;Inf
3224.0;54.99079617133978;Inf;Inf
3225.0;54.990364444828614;Inf;Inf
3226.0;54.989932852574874;Inf;Inf
3227.0;54.98950139449544;Inf;Inf
3228.0;54.989070070507196;Inf;Inf
3229.0;54.988638880527176;Inf;Inf
3230.0;54.988207824472475;Inf;Inf
3231.0;54.98777690226018;Inf;Inf
3232.0;54.98734611380758;Inf;Inf
3233.0;54.98691545903196;Inf;Inf
3234.0;54.986484937850754;Inf;Inf
3235.0;54.98605455018145;Inf;Inf
3236.0;54.98562429594148;Inf;Inf
3237.0;54.98519417504854;Inf;Inf
3238.0;54.98476418742043;Inf;Inf
3239.0;54.98433433297482;Inf;Inf
3240.0;54.98390461162953;Inf;Inf
3241.0;54.983475023302574;Inf;Inf
3242.0;54.98304556791191;Inf;Inf
3243.0;54.98261624537561;Inf;Inf
3244.0;54.982187055611824;Inf;Inf
3245.0;54.98175799853884;Inf;Inf
3246.0;54.98132907407491;Inf;Inf
3247.0;54.9809002821385;Inf;Inf
3248.0;54.980471622647855;Inf;Inf
3249.0;54.98004309552168;Inf;Inf
3250.0;54.97961470067853;Inf;Inf
3251.0;54.979186438037146;Inf;Inf
3252.0;54.97875830751636;Inf;Inf
3253.0;54.9783303090348;Inf;Inf
3254.0;54.97790244251156;Inf;Inf
3255.0;54.977474707865525;Inf;Inf
3256.0;54.97704710501577;Inf;Inf
3257.0;54.97661963388154;Inf;Inf
3258.0;54.97619229438186;Inf;Inf
3259.0;54.97576508643605;Inf;Inf
3260.0;54.97533800996359;Inf;Inf
3261.0;54.974911064883855;Inf;Inf
3262.0;54.97448425111628;Inf;Inf
3263.0;54.9740575685806;Inf;Inf
3264.0;54.97363101719638;Inf;Inf
3265.0;54.97320459688335;Inf;Inf
3266.0;54.9727783075612;Inf;Inf
3267.0;54.972352149150005;Inf;Inf
3268.0;54.97192612156967;Inf;Inf
3269.0;54.97150022474018;Inf;Inf
3270.0;54.97107445858164;Inf;Inf
3271.0;54.97064882301426;Inf;Inf
3272.0;54.970223317958215;Inf;Inf
3273.0;54.96979794333385;Inf;Inf
3274.0;54.9693726990616;Inf;Inf
3275.0;54.96894758506191;Inf;Inf
3276.0;54.96852260125531;Inf;Inf
3277.0;54.968097747562375;Inf;Inf
3278.0;54.967673023903856;Inf;Inf
3279.0;54.967248430200456;Inf;Inf
3280.0;54.966823966373056;Inf;Inf
3281.0;54.966399632342544;Inf;Inf
3282.0;54.96597542802983;Inf;Inf
3283.0;54.96555135335611;Inf;Inf
3284.0;54.96512740824238;Inf;Inf
3285.0;54.96470359260989;Inf;Inf
3286.0;54.96427990637984;Inf;Inf
3287.0;54.96385634947363;Inf;Inf
3288.0;54.96343292181269;Inf;Inf
3289.0;54.96300962331843;Inf;Inf
3290.0;54.96258645391241;Inf;Inf
3291.0;54.96216341351627;Inf;Inf
3292.0;54.961740502051725;Inf;Inf
3293.0;54.96131771944045;Inf;Inf
3294.0;54.96089506560442;Inf;Inf
3295.0;54.96047254046546;Inf;Inf
3296.0;54.960050143945516;Inf;Inf
3297.0;54.95962787596677;Inf;Inf
3298.0;54.95920573645129;Inf;Inf
3299.0;54.95878372532129;Inf;Inf
3300.0;54.95836184249898;Inf;Inf
3301.0;54.957940087906714;Inf;Inf
3302.0;54.95751846146691;Inf;Inf
3303.0;54.95709696310206;Inf;Inf
3304.0;54.95667559273474;Inf;Inf
3305.0;54.95625435028751;Inf;Inf
3306.0;54.95583323568305;Inf;Inf
3307.0;54.955412248844155;Inf;Inf
3308.0;54.954991389693674;Inf;Inf
3309.0;54.95457065815458;Inf;Inf
3310.0;54.954150054149636;Inf;Inf
3311.0;54.953729577601955;Inf;Inf
3312.0;54.95330922843476;Inf;Inf
3313.0;54.95288900657114;Inf;Inf
3314.0;54.95246891193432;Inf;Inf
3315.0;54.952048944447654;Inf;Inf
3316.0;54.95162910403457;Inf;Inf
3317.0;54.95120939061849;Inf;Inf
3318.0;54.95078980412295;Inf;Inf
3319.0;54.950370344471544;Inf;Inf
3320.0;54.94995101158793;Inf;Inf
3321.0;54.949531805395885;Inf;Inf
3322.0;54.94911272581919;Inf;Inf
3323.0;54.9486937727817;Inf;Inf
3324.0;54.94827494620731;Inf;Inf
3325.0;54.94785624602021;Inf;Inf
3326.0;54.94743767214427;Inf;Inf
3327.0;54.94701922450382;Inf;Inf
3328.0;54.946600903022954;Inf;Inf
3329.0;54.946182707625994;Inf;Inf
3330.0;54.94576463823727;Inf;Inf
3331.0;54.945346694781186;Inf;Inf
3332.0;54.94492887718232;Inf;Inf
3333.0;54.94451118536519;Inf;Inf
3334.0;54.94409361925439;Inf;Inf
3335.0;54.943676178774666;Inf;Inf
3336.0;54.943258863850815;Inf;Inf
3337.0;54.942841674407575;Inf;Inf
3338.0;54.94242461036988;Inf;Inf
3339.0;54.94200767166274;Inf;Inf
3340.0;54.94159085821113;Inf;Inf
3341.0;54.94117416994021;Inf;Inf
3342.0;54.940757606775094;Inf;Inf
3343.0;54.940341168641055;Inf;Inf
3344.0;54.939924855463374;Inf;Inf
3345.0;54.939508667167395;Inf;Inf
3346.0;54.93909260367863;Inf;Inf
3347.0;54.93867666492243;Inf;Inf
3348.0;54.93826085082455;Inf;Inf
3349.0;54.93784516131065;Inf;Inf
3350.0;54.93742959630631;Inf;Inf
3351.0;54.93701415573734;Inf;Inf
3352.0;54.936598839529566;Inf;Inf
3353.0;54.93618364760895;Inf;Inf
3354.0;54.935768579901385;Inf;Inf
3355.0;54.935353636332984;Inf;Inf
3356.0;54.93493881682975;Inf;Inf
3357.0;54.93452412131798;Inf;Inf
3358.0;54.93410954972376;Inf;Inf
3359.0;54.93369510197347;Inf;Inf
3360.0;54.93328077799352;Inf;Inf
3361.0;54.93286657771035;Inf;Inf
3362.0;54.9324525010504;Inf;Inf
3363.0;54.93203854794031;Inf;Inf
3364.0;54.93162471830665;Inf;Inf
3365.0;54.93121101207611;Inf;Inf
3366.0;54.93079742917549;Inf;Inf
3367.0;54.930383969531555;Inf;Inf
3368.0;54.929970633071335;Inf;Inf
3369.0;54.92955741972165;Inf;Inf
3370.0;54.92914432940959;Inf;Inf
3371.0;54.92873136206223;Inf;Inf
3372.0;54.92831851760679;Inf;Inf
3373.0;54.92790579597046;Inf;Inf
3374.0;54.92749319708045;Inf;Inf
3375.0;54.92708072086422;Inf;Inf
3376.0;54.926668367249036;Inf;Inf
3377.0;54.92625613616239;Inf;Inf
3378.0;54.92584402753195;Inf;Inf
3379.0;54.92543204128531;Inf;Inf
3380.0;54.92502017735004;Inf;Inf
3381.0;54.92460843565387;Inf;Inf
3382.0;54.92419681612479;Inf;Inf
3383.0;54.92378531869052;Inf;Inf
3384.0;54.923373943279046;Inf;Inf
3385.0;54.92296268981832;Inf;Inf
3386.0;54.922551558236464;Inf;Inf
3387.0;54.92214054846147;Inf;Inf
3388.0;54.92172966042163;Inf;Inf
3389.0;54.921318894045164;Inf;Inf
3390.0;54.92090824926038;Inf;Inf
3391.0;54.92049772599569;Inf;Inf
3392.0;54.920087324179406;Inf;Inf
3393.0;54.91967704374025;Inf;Inf
3394.0;54.91926688460659;Inf;Inf
3395.0;54.9188568467072;Inf;Inf
3396.0;54.91844692997063;Inf;Inf
3397.0;54.91803713432572;Inf;Inf
3398.0;54.91762745970135;Inf;Inf
3399.0;54.91721790602622;Inf;Inf
3400.0;54.916808473229494;Inf;Inf
3401.0;54.916399161240044;Inf;Inf
3402.0;54.91598996998698;Inf;Inf
3403.0;54.915580899399444;Inf;Inf
3404.0;54.915171949406556;Inf;Inf
3405.0;54.91476311993775;Inf;Inf
3406.0;54.91435441092219;Inf;Inf
3407.0;54.913945822289286;Inf;Inf
3408.0;54.91353735396854;Inf;Inf
3409.0;54.91312900588928;Inf;Inf
3410.0;54.91272077798133;Inf;Inf
3411.0;54.912312670174146;Inf;Inf
3412.0;54.91190468239754;Inf;Inf
3413.0;54.91149681458119;Inf;Inf
3414.0;54.91108906665489;Inf;Inf
3415.0;54.910681438548636;Inf;Inf
3416.0;54.91027393019231;Inf;Inf
3417.0;54.90986654151588;Inf;Inf
3418.0;54.90945927244942;Inf;Inf
3419.0;54.90905212292309;Inf;Inf
3420.0;54.90864509286704;Inf;Inf
3421.0;54.90823818221156;Inf;Inf
3422.0;54.90783139088698;Inf;Inf
3423.0;54.90742471882364;Inf;Inf
3424.0;54.90701816595201;Inf;Inf
3425.0;54.90661173220254;Inf;Inf
3426.0;54.9062054175058;Inf;Inf
3427.0;54.90579922179231;Inf;Inf
3428.0;54.90539314499297;Inf;Inf
3429.0;54.90498718703827;Inf;Inf
3430.0;54.90458134785922;Inf;Inf
3431.0;54.90417562738649;Inf;Inf
3432.0;54.90377002555119;Inf;Inf
3433.0;54.90336454228417;Inf;Inf
3434.0;54.90295917751648;Inf;Inf
3435.0;54.90255393117918;Inf;Inf
3436.0;54.90214880320357;Inf;Inf
3437.0;54.90174379352083;Inf;Inf
3438.0;54.90133890206221;Inf;Inf
3439.0;54.90093412875906;Inf;Inf
3440.0;54.90052947354275;Inf;Inf
3441.0;54.90012493634475;Inf;Inf
3442.0;54.89972051709659;Inf;Inf
3443.0;54.89931621572989;Inf;Inf
3444.0;54.89891203217627;Inf;Inf
3445.0;54.898507966367404;Inf;Inf
3446.0;54.89810401823512;Inf;Inf
3447.0;54.89770018771121;Inf;Inf
3448.0;54.8972964747275;Inf;Inf
3449.0;54.896892879216;Inf;Inf
3450.0;54.89648940110867;Inf;Inf
3451.0;54.89608604033757;Inf;Inf
3452.0;54.895682796834826;Inf;Inf
3453.0;54.89527967053262;Inf;Inf
3454.0;54.8948766613632;Inf;Inf
3455.0;54.89447376925875;Inf;Inf
3456.0;54.89407099415178;Inf;Inf
3457.0;54.89366833597471;Inf;Inf
3458.0;54.893265794659854;Inf;Inf
3459.0;54.89286337013992;Inf;Inf
3460.0;54.89246106234736;Inf;Inf
3461.0;54.8920588712148;Inf;Inf
3462.0;54.891656796674994;Inf;Inf
3463.0;54.89125483866075;Inf;Inf
3464.0;54.89085299710484;Inf;Inf
3465.0;54.890451271940165;Inf;Inf
3466.0;54.890049663099646;Inf;Inf
3467.0;54.889648170516345;Inf;Inf
3468.0;54.889246794123274;Inf;Inf
3469.0;54.88884553385357;Inf;Inf
3470.0;54.88844438964029;Inf;Inf
3471.0;54.88804336141681;Inf;Inf
3472.0;54.88764244911635;Inf;Inf
3473.0;54.88724165267226;Inf;Inf
3474.0;54.88684097201794;Inf;Inf
3475.0;54.88644040708687;Inf;Inf
3476.0;54.88603995781254;Inf;Inf
3477.0;54.88563962412855;Inf;Inf
3478.0;54.88523940596854;Inf;Inf
3479.0;54.88483930326611;Inf;Inf
3480.0;54.88443931595514;Inf;Inf
3481.0;54.88403944396938;Inf;Inf
3482.0;54.88363968724269;Inf;Inf
3483.0;54.883240045708945;Inf;Inf
3484.0;54.88284051930215;Inf;Inf
3485.0;54.88244110795638;Inf;Inf
3486.0;54.88204181160571;Inf;Inf
3487.0;54.881642630184274;Inf;Inf
3488.0;54.88124356362618;Inf;Inf
3489.0;54.88084461186584;Inf;Inf
3490.0;54.880445774837476;Inf;Inf
3491.0;54.88004705247551;Inf;Inf
3492.0;54.87964844471435;Inf;Inf
3493.0;54.87924995148848;Inf;Inf
3494.0;54.878851572732465;Inf;Inf
3495.0;54.878453308380905;Inf;Inf
3496.0;54.878055158368404;Inf;Inf
3497.0;54.87765712262964;Inf;Inf
3498.0;54.877259201099555;Inf;Inf
3499.0;54.87686139371285;Inf;Inf
3500.0;54.87646370040442;Inf;Inf
3501.0;54.876066121109204;Inf;Inf
3502.0;54.87566865576216;Inf;Inf
3503.0;54.87527130429841;Inf;Inf
3504.0;54.87487406665301;Inf;Inf
3505.0;54.87447694276109;Inf;Inf
3506.0;54.874079932557855;Inf;Inf
3507.0;54.87368303597873;Inf;Inf
3508.0;54.873286252958835;Inf;Inf
3509.0;54.872889583433725;Inf;Inf
3510.0;54.87249302733868;Inf;Inf
3511.0;54.8720965846093;Inf;Inf
3512.0;54.871700255181096;Inf;Inf
3513.0;54.87130403898969;Inf;Inf
3514.0;54.87090793597079;Inf;Inf
3515.0;54.87051194605994;Inf;Inf
3516.0;54.870116069192974;Inf;Inf
3517.0;54.86972030530579;Inf;Inf
3518.0;54.869324654334235;Inf;Inf
3519.0;54.86892911621421;Inf;Inf
3520.0;54.86853369088175;Inf;Inf
3521.0;54.868138378272846;Inf;Inf
3522.0;54.867743178323565;Inf;Inf
3523.0;54.86734809097014;Inf;Inf
3524.0;54.86695311614876;Inf;Inf
3525.0;54.86655825379566;Inf;Inf
3526.0;54.86616350384711;Inf;Inf
3527.0;54.865768866239605;Inf;Inf
3528.0;54.86537434090935;Inf;Inf
3529.0;54.864979927793065;Inf;Inf
3530.0;54.86458562682723;Inf;Inf
3531.0;54.86419143794819;Inf;Inf
3532.0;54.8637973610928;Inf;Inf
3533.0;54.86340339619787;Inf;Inf
3534.0;54.863009543199915;Inf;Inf
3535.0;54.86261580203579;Inf;Inf
3536.0;54.862222172642355;Inf;Inf
3537.0;54.86182865495654;Inf;Inf
3538.0;54.861435248915335;Inf;Inf
3539.0;54.86104195445576;Inf;Inf
3540.0;54.86064877151478;Inf;Inf
3541.0;54.86025570002951;Inf;Inf
3542.0;54.859862739937256;Inf;Inf
3543.0;54.85946989117524;Inf;Inf
3544.0;54.85907715368056;Inf;Inf
3545.0;54.858684527390764;Inf;Inf
3546.0;54.85829201224312;Inf;Inf
3547.0;54.857899608175124;Inf;Inf
3548.0;54.85750731512412;Inf;Inf
3549.0;54.85711513302789;Inf;Inf
3550.0;54.85672306182396;Inf;Inf
3551.0;54.85633110144991;Inf;Inf
3552.0;54.855939251843516;Inf;Inf
3553.0;54.855547512942465;Inf;Inf
3554.0;54.855155884684606;Inf;Inf
3555.0;54.85476436700777;Inf;Inf
3556.0;54.8543729598499;Inf;Inf
3557.0;54.85398166314905;Inf;Inf
3558.0;54.85359047684308;Inf;Inf
3559.0;54.853199400870146;Inf;Inf
3560.0;54.85280843516839;Inf;Inf
3561.0;54.852417579676036;Inf;Inf
3562.0;54.852026834331184;Inf;Inf
3563.0;54.85163619907235;Inf;Inf
3564.0;54.851245673837525;Inf;Inf
3565.0;54.85085525856531;Inf;Inf
3566.0;54.850464953194106;Inf;Inf
3567.0;54.850074757662455;Inf;Inf
3568.0;54.849684671908804;Inf;Inf
3569.0;54.84929469587171;Inf;Inf
3570.0;54.84890482948998;Inf;Inf
3571.0;54.84851507270219;Inf;Inf
3572.0;54.84812542544711;Inf;Inf
3573.0;54.8477358876636;Inf;Inf
3574.0;54.84734645929046;Inf;Inf
3575.0;54.846957140266575;Inf;Inf
3576.0;54.84656793053098;Inf;Inf
3577.0;54.84617883002258;Inf;Inf
3578.0;54.84578983868048;Inf;Inf
3579.0;54.845400956443704;Inf;Inf
3580.0;54.84501218325158;Inf;Inf
3581.0;54.84462351904316;Inf;Inf
3582.0;54.844234963757806;Inf;Inf
3583.0;54.843846517334796;Inf;Inf
3584.0;54.84345817971347;Inf;Inf
3585.0;54.843069950833254;Inf;Inf
3586.0;54.84268183063372;Inf;Inf
3587.0;54.84229381905419;Inf;Inf
3588.0;54.84190591603441;Inf;Inf
3589.0;54.84151812151391;Inf;Inf
3590.0;54.84113043543233;Inf;Inf
3591.0;54.84074285772942;Inf;Inf
3592.0;54.84035538834502;Inf;Inf
3593.0;54.83996802721881;Inf;Inf
3594.0;54.839580774290695;Inf;Inf
3595.0;54.83919362950069;Inf;Inf
3596.0;54.838806592788686;Inf;Inf
3597.0;54.83841966409472;Inf;Inf
3598.0;54.83803284335892;Inf;Inf
3599.0;54.83764613052126;Inf;Inf
3600.0;54.83725952552193;Inf;Inf
3601.0;54.83687302830124;Inf;Inf
3602.0;54.836486638799485;Inf;Inf
3603.0;54.836100356956926;Inf;Inf
3604.0;54.83571418271403;Inf;Inf
3605.0;54.83532811601112;Inf;Inf
3606.0;54.834942156788586;Inf;Inf
3607.0;54.83455630498709;Inf;Inf
3608.0;54.83417056054715;Inf;Inf
3609.0;54.833784923409404;Inf;Inf
3610.0;54.83339939351442;Inf;Inf
3611.0;54.83301397080307;Inf;Inf
3612.0;54.83262865521602;Inf;Inf
3613.0;54.832243446694044;Inf;Inf
3614.0;54.831858345178084;Inf;Inf
3615.0;54.83147335060909;Inf;Inf
3616.0;54.83108846292795;Inf;Inf
3617.0;54.8307036820757;Inf;Inf
3618.0;54.83031900799337;Inf;Inf
3619.0;54.82993444062214;Inf;Inf
3620.0;54.8295499799031;Inf;Inf
3621.0;54.829165625777485;Inf;Inf
3622.0;54.828781378186534;Inf;Inf
3623.0;54.8283972370715;Inf;Inf
3624.0;54.82801320237391;Inf;Inf
3625.0;54.82762927403504;Inf;Inf
3626.0;54.82724545199626;Inf;Inf
3627.0;54.826861736199305;Inf;Inf
3628.0;54.82647812658555;Inf;Inf
3629.0;54.82609462309664;Inf;Inf
3630.0;54.82571122567416;Inf;Inf
3631.0;54.82532793425989;Inf;Inf
3632.0;54.82494474879552;Inf;Inf
3633.0;54.82456166922287;Inf;Inf
3634.0;54.82417869548372;Inf;Inf
3635.0;54.82379582751999;Inf;Inf
3636.0;54.823413065273705;Inf;Inf
3637.0;54.82303040868671;Inf;Inf
3638.0;54.82264785770106;Inf;Inf
3639.0;54.82226541225891;Inf;Inf
3640.0;54.82188307230229;Inf;Inf
3641.0;54.8215008377735;Inf;Inf
3642.0;54.82111870861461;Inf;Inf
3643.0;54.82073668476799;Inf;Inf
3644.0;54.82035476617591;Inf;Inf
3645.0;54.819972952780724;Inf;Inf
3646.0;54.819591244524865;Inf;Inf
3647.0;54.819209641350845;Inf;Inf
3648.0;54.818828143201046;Inf;Inf
3649.0;54.81844675001821;Inf;Inf
3650.0;54.81806546174477;Inf;Inf
3651.0;54.81768427832342;Inf;Inf
3652.0;54.81730319969693;Inf;Inf
3653.0;54.81692222580795;Inf;Inf
3654.0;54.81654135659937;Inf;Inf
3655.0;54.81616059201396;Inf;Inf
3656.0;54.81577993199434;Inf;Inf
3657.0;54.815399376483654;Inf;Inf
3658.0;54.81501892542512;Inf;Inf
3659.0;54.81463857876145;Inf;Inf
3660.0;54.81425833643594;Inf;Inf
3661.0;54.81387819839155;Inf;Inf
3662.0;54.81349816457152;Inf;Inf
3663.0;54.813118234919024;Inf;Inf
3664.0;54.81273840937735;Inf;Inf
3665.0;54.812358687889734;Inf;Inf
3666.0;54.81197907039957;Inf;Inf
3667.0;54.81159955685035;Inf;Inf
3668.0;54.81122014718532;Inf;Inf
3669.0;54.8108408413481;Inf;Inf
3670.0;54.81046163928226;Inf;Inf
3671.0;54.810082540931326;Inf;Inf
3672.0;54.80970354623886;Inf;Inf
3673.0;54.80932465514866;Inf;Inf
3674.0;54.80894586760439;Inf;Inf
3675.0;54.80856718354984;Inf;Inf
3676.0;54.808188602928766;Inf;Inf
3677.0;54.8078101256851;Inf;Inf
3678.0;54.807431751762685;Inf;Inf
3679.0;54.8070534811055;Inf;Inf
3680.0;54.80667531365747;Inf;Inf
3681.0;54.80629724936275;Inf;Inf
3682.0;54.80591928816542;Inf;Inf
3683.0;54.805541430009576;Inf;Inf
3684.0;54.80516367483934;Inf;Inf
3685.0;54.804786022599046;Inf;Inf
3686.0;54.80440847323285;Inf;Inf
3687.0;54.80403102668517;Inf;Inf
3688.0;54.8036536829003;Inf;Inf
3689.0;54.80327644182269;Inf;Inf
3690.0;54.802899303396785;Inf;Inf
3691.0;54.80252226756709;Inf;Inf
3692.0;54.80214533427804;Inf;Inf
3693.0;54.801768503474364;Inf;Inf
3694.0;54.80139177510067;Inf;Inf
3695.0;54.8010151491016;Inf;Inf
3696.0;54.80063862542186;Inf;Inf
3697.0;54.80026220400628;Inf;Inf
3698.0;54.79988588479961;Inf;Inf
3699.0;54.799509667746726;Inf;Inf
3700.0;54.799133552792505;Inf;Inf
3701.0;54.79875753988196;Inf;Inf
3702.0;54.79838162896002;Inf;Inf
3703.0;54.79800581997177;Inf;Inf
3704.0;54.797630112862144;Inf;Inf
3705.0;54.79725450757644;Inf;Inf
3706.0;54.79687900405981;Inf;Inf
3707.0;54.796503602257424;Inf;Inf
3708.0;54.796128302114546;Inf;Inf
3709.0;54.795753103576416;Inf;Inf
3710.0;54.7953780065885;Inf;Inf
3711.0;54.79500301109617;Inf;Inf
3712.0;54.79462811704475;Inf;Inf
3713.0;54.794253324379895;Inf;Inf
3714.0;54.793878633047;Inf;Inf
3715.0;54.79350404299163;Inf;Inf
3716.0;54.79312955415942;Inf;Inf
3717.0;54.792755166496036;Inf;Inf
3718.0;54.79238087994718;Inf;Inf
3719.0;54.79200669445864;Inf;Inf
3720.0;54.79163260997609;Inf;Inf
3721.0;54.79125862644543;Inf;Inf
3722.0;54.79088474381253;Inf;Inf
3723.0;54.79051096202334;Inf;Inf
3724.0;54.79013728102374;Inf;Inf
3725.0;54.78976370075979;Inf;Inf
3726.0;54.78939022117757;Inf;Inf
3727.0;54.789016842223134;Inf;Inf
3728.0;54.78864356384257;Inf;Inf
3729.0;54.788270385982166;Inf;Inf
3730.0;54.78789730858809;Inf;Inf
3731.0;54.7875243316066;Inf;Inf
3732.0;54.787151454984084;Inf;Inf
3733.0;54.78677867866683;Inf;Inf
3734.0;54.786406002601154;Inf;Inf
3735.0;54.78603342673361;Inf;Inf
3736.0;54.78566095101063;Inf;Inf
3737.0;54.78528857537871;Inf;Inf
3738.0;54.78491629978453;Inf;Inf
3739.0;54.78454412417463;Inf;Inf
3740.0;54.78417204849563;Inf;Inf
3741.0;54.78380007269426;Inf;Inf
3742.0;54.783428196717225;Inf;Inf
3743.0;54.783056420511386;Inf;Inf
3744.0;54.78268474402348;Inf;Inf
3745.0;54.78231316720049;Inf;Inf
3746.0;54.78194168998932;Inf;Inf
3747.0;54.78157031233678;Inf;Inf
3748.0;54.78119903418994;Inf;Inf
3749.0;54.78082785549594;Inf;Inf
3750.0;54.7804567762017;Inf;Inf
3751.0;54.78008579625439;Inf;Inf
3752.0;54.77971491560124;Inf;Inf
3753.0;54.77934413418943;Inf;Inf
3754.0;54.778973451966145;Inf;Inf
3755.0;54.77860286887877;Inf;Inf
3756.0;54.77823238487459;Inf;Inf
3757.0;54.77786199990099;Inf;Inf
3758.0;54.77749171390538;Inf;Inf
3759.0;54.7771215268352;Inf;Inf
3760.0;54.776751438638065;Inf;Inf
3761.0;54.77638144926137;Inf;Inf
3762.0;54.77601155865281;Inf;Inf
3763.0;54.77564176675993;Inf;Inf
3764.0;54.77527207353045;Inf;Inf
3765.0;54.77490247891215;Inf;Inf
3766.0;54.774532982852605;Inf;Inf
3767.0;54.774163585299824;Inf;Inf
3768.0;54.77379428620138;Inf;Inf
3769.0;54.77342508550547;Inf;Inf
3770.0;54.77305598315972;Inf;Inf
3771.0;54.77268697911214;Inf;Inf
3772.0;54.7723180733109;Inf;Inf
3773.0;54.771949265704;Inf;Inf
3774.0;54.77158055623953;Inf;Inf
3775.0;54.77121194486554;Inf;Inf
3776.0;54.77084343153022;Inf;Inf
3777.0;54.7704750161818;Inf;Inf
3778.0;54.770106698768465;Inf;Inf
3779.0;54.769738479238605;Inf;Inf
3780.0;54.76937035754055;Inf;Inf
3781.0;54.76900233362259;Inf;Inf
3782.0;54.76863440743325;Inf;Inf
3783.0;54.768266578920866;Inf;Inf
3784.0;54.76789884803402;Inf;Inf
3785.0;54.76753121472121;Inf;Inf
3786.0;54.76716367893102;Inf;Inf
3787.0;54.76679624061209;Inf;Inf
3788.0;54.76642889971308;Inf;Inf
3789.0;54.7660616561827;Inf;Inf
3790.0;54.76569450996959;Inf;Inf
3791.0;54.76532746102269;Inf;Inf
3792.0;54.76496050929076;Inf;Inf
3793.0;54.764593654722646;Inf;Inf
3794.0;54.76422689726721;Inf;Inf
3795.0;54.76386023687343;Inf;Inf
3796.0;54.763493673490366;Inf;Inf
3797.0;54.76312720706696;Inf;Inf
3798.0;54.762760837552285;Inf;Inf
3799.0;54.76239456489549;Inf;Inf
3800.0;54.76202838904572;Inf;Inf
3801.0;54.76166230995209;Inf;Inf
3802.0;54.76129632756387;Inf;Inf
3803.0;54.76093044183039;Inf;Inf
3804.0;54.76056465270089;Inf;Inf
3805.0;54.7601989601247;Inf;Inf
3806.0;54.759833364051154;Inf;Inf
3807.0;54.75946786442984;Inf;Inf
3808.0;54.75910246121017;Inf;Inf
3809.0;54.75873715434159;Inf;Inf
3810.0;54.75837194377371;Inf;Inf
3811.0;54.75800682945604;Inf;Inf
3812.0;54.75764181133818;Inf;Inf
3813.0;54.757276889369976;Inf;Inf
3814.0;54.756912063501;Inf;Inf
3815.0;54.756547333681;Inf;Inf
3816.0;54.75618269985979;Inf;Inf
3817.0;54.755818161987236;Inf;Inf
3818.0;54.755453720013065;Inf;Inf
3819.0;54.75508937388731;Inf;Inf
3820.0;54.75472512355987;Inf;Inf
3821.0;54.75436096898075;Inf;Inf
3822.0;54.7539969100999;Inf;Inf
3823.0;54.75363294686747;Inf;Inf
3824.0;54.75326907923346;Inf;Inf
3825.0;54.75290530714812;Inf;Inf
3826.0;54.752541630561595;Inf;Inf
3827.0;54.75217804942395;Inf;Inf
3828.0;54.751814563685585;Inf;Inf
3829.0;54.751451173296864;Inf;Inf
3830.0;54.75108787820809;Inf;Inf
3831.0;54.7507246783695;Inf;Inf
3832.0;54.750361573731595;Inf;Inf
3833.0;54.749998564244876;Inf;Inf
3834.0;54.749635649859734;Inf;Inf
3835.0;54.74927283052678;Inf;Inf
3836.0;54.74891010619657;Inf;Inf
3837.0;54.74854747681967;Inf;Inf
3838.0;54.748184942346754;Inf;Inf
3839.0;54.74782250272843;Inf;Inf
3840.0;54.74746015791552;Inf;Inf
3841.0;54.74709790785873;Inf;Inf
3842.0;54.74673575250887;Inf;Inf
3843.0;54.74637369181675;Inf;Inf
3844.0;54.746011725733275;Inf;Inf
3845.0;54.7456498542094;Inf;Inf
3846.0;54.745288077196044;Inf;Inf
3847.0;54.74492639464413;Inf;Inf
3848.0;54.744564806504734;Inf;Inf
3849.0;54.744203312729;Inf;Inf
3850.0;54.743841913267936;Inf;Inf
3851.0;54.74348060807279;Inf;Inf
3852.0;54.743119397094645;Inf;Inf
3853.0;54.7427582802848;Inf;Inf
3854.0;54.742397257594455;Inf;Inf
3855.0;54.74203632897489;Inf;Inf
3856.0;54.7416754943775;Inf;Inf
3857.0;54.74131475375354;Inf;Inf
3858.0;54.74095410705453;Inf;Inf
3859.0;54.740593554231914;Inf;Inf
3860.0;54.74023309523716;Inf;Inf
3861.0;54.73987273002181;Inf;Inf
3862.0;54.739512458537355;Inf;Inf
3863.0;54.73915228073543;Inf;Inf
3864.0;54.738792196567736;Inf;Inf
3865.0;54.73843220598583;Inf;Inf
3866.0;54.73807230894151;Inf;Inf
3867.0;54.737712505386476;Inf;Inf
3868.0;54.7373527952725;Inf;Inf
3869.0;54.73699317855148;Inf;Inf
3870.0;54.736633655175254;Inf;Inf
3871.0;54.73627422509569;Inf;Inf
3872.0;54.73591488826475;Inf;Inf
3873.0;54.73555564463436;Inf;Inf
3874.0;54.73519649415665;Inf;Inf
3875.0;54.73483743678342;Inf;Inf
3876.0;54.73447847246701;Inf;Inf
3877.0;54.73411960115945;Inf;Inf
3878.0;54.733760822812926;Inf;Inf
3879.0;54.73340213737962;Inf;Inf
3880.0;54.733043544811736;Inf;Inf
3881.0;54.732685045061544;Inf;Inf
3882.0;54.73232663808133;Inf;Inf
3883.0;54.731968323823516;Inf;Inf
3884.0;54.73161010224045;Inf;Inf
3885.0;54.7312519732845;Inf;Inf
3886.0;54.73089393690829;Inf;Inf
3887.0;54.730535993064116;Inf;Inf
3888.0;54.73017814170465;Inf;Inf
3889.0;54.72982038278219;Inf;Inf
3890.0;54.72946271624964;Inf;Inf
3891.0;54.72910514205951;Inf;Inf
3892.0;54.72874766016453;Inf;Inf
3893.0;54.7283902705173;Inf;Inf
3894.0;54.728032973070654;Inf;Inf
3895.0;54.72767576777735;Inf;Inf
3896.0;54.7273186545902;Inf;Inf
3897.0;54.7269616334621;Inf;Inf
3898.0;54.726604704345924;Inf;Inf
3899.0;54.72624786719452;Inf;Inf
3900.0;54.725891121960935;Inf;Inf
3901.0;54.725534468598184;Inf;Inf
3902.0;54.72517790705932;Inf;Inf
3903.0;54.72482143729736;Inf;Inf
3904.0;54.724465059265476;Inf;Inf
3905.0;54.72410877291677;Inf;Inf
3906.0;54.7237525782044;Inf;Inf
3907.0;54.72339647508165;Inf;Inf
3908.0;54.72304046350169;Inf;Inf
3909.0;54.72268454341777;Inf;Inf
3910.0;54.72232871478339;Inf;Inf
3911.0;54.72197297755184;Inf;Inf
3912.0;54.7216173316765;Inf;Inf
3913.0;54.72126177711075;Inf;Inf
3914.0;54.720906313808186;Inf;Inf
3915.0;54.7205509417222;Inf;Inf
3916.0;54.720195660806354;Inf;Inf
3917.0;54.71984047101425;Inf;Inf
3918.0;54.71948537229952;Inf;Inf
3919.0;54.719130364615744;Inf;Inf
3920.0;54.718775447916684;Inf;Inf
3921.0;54.71842062215601;Inf;Inf
3922.0;54.71806588728745;Inf;Inf
3923.0;54.717711243264894;Inf;Inf
3924.0;54.71735669004204;Inf;Inf
3925.0;54.71700222757279;Inf;Inf
3926.0;54.71664785581108;Inf;Inf
3927.0;54.716293574710846;Inf;Inf
3928.0;54.71593938422599;Inf;Inf
3929.0;54.715585284310556;Inf;Inf
3930.0;54.71523127491859;Inf;Inf
3931.0;54.714877356003996;Inf;Inf
3932.0;54.71452352752112;Inf;Inf
3933.0;54.714169789424076;Inf;Inf
3934.0;54.71381614166698;Inf;Inf
3935.0;54.71346258420405;Inf;Inf
3936.0;54.713109116989465;Inf;Inf
3937.0;54.71275573997754;Inf;Inf
3938.0;54.71240245312264;Inf;Inf
3939.0;54.712049256379125;Inf;Inf
3940.0;54.71169614970131;Inf;Inf
3941.0;54.71134313304368;Inf;Inf
3942.0;54.71099020636063;Inf;Inf
3943.0;54.71063736960666;Inf;Inf
3944.0;54.7102846227364;Inf;Inf
3945.0;54.70993196570428;Inf;Inf
3946.0;54.70957939846493;Inf;Inf
3947.0;54.70922692097301;Inf;Inf
3948.0;54.70887453318306;Inf;Inf
3949.0;54.708522235049934;Inf;Inf
3950.0;54.70817002652832;Inf;Inf
3951.0;54.70781790757296;Inf;Inf
3952.0;54.707465878138684;Inf;Inf
3953.0;54.70711393818028;Inf;Inf
3954.0;54.70676208765268;Inf;Inf
3955.0;54.706410326510685;Inf;Inf
3956.0;54.70605865470929;Inf;Inf
3957.0;54.70570707220356;Inf;Inf
3958.0;54.705355578948335;Inf;Inf
3959.0;54.705004174898754;Inf;Inf
3960.0;54.704652860009915;Inf;Inf
3961.0;54.70430163423685;Inf;Inf
3962.0;54.70395049753473;Inf;Inf
3963.0;54.703599449858736;Inf;Inf
3964.0;54.70324849116406;Inf;Inf
3965.0;54.702897621406;Inf;Inf
3966.0;54.70254684053973;Inf;Inf
3967.0;54.70219614852068;Inf;Inf
3968.0;54.70184554530418;Inf;Inf
3969.0;54.70149503084559;Inf;Inf
3970.0;54.70114460510028;Inf;Inf
3971.0;54.70079426802373;Inf;Inf
3972.0;54.700444019571414;Inf;Inf
3973.0;54.700093859698896;Inf;Inf
3974.0;54.69974378836168;Inf;Inf
3975.0;54.699393805515335;Inf;Inf
3976.0;54.69904391111547;Inf;Inf
3977.0;54.698694105117774;Inf;Inf
3978.0;54.69834438747791;Inf;Inf
3979.0;54.697994758151566;Inf;Inf
3980.0;54.69764521709453;Inf;Inf
3981.0;54.697295764262556;Inf;Inf
3982.0;54.69694639961147;Inf;Inf
3983.0;54.69659712309717;Inf;Inf
3984.0;54.696247934675455;Inf;Inf
3985.0;54.695898834302305;Inf;Inf
3986.0;54.69554982193368;Inf;Inf
3987.0;54.695200897525496;Inf;Inf
3988.0;54.69485206103381;Inf;Inf
3989.0;54.69450331241461;Inf;Inf
3990.0;54.69415465162408;Inf;Inf
3991.0;54.69380607861827;Inf;Inf
3992.0;54.693457593353386;Inf;Inf
3993.0;54.69310919578552;Inf;Inf
3994.0;54.69276088587097;Inf;Inf
3995.0;54.692412663565854;Inf;Inf
3996.0;54.692064528826556;Inf;Inf
3997.0;54.691716481609404;Inf;Inf
3998.0;54.691368521870714;Inf;Inf
3999.0;54.69102064956688;Inf;Inf
4000.0;54.69067286465426;Inf;Inf
4001.0;54.6903251670895;Inf;Inf
4002.0;54.68997755682872;Inf;Inf
4003.0;54.68963003382864;Inf;Inf
4004.0;54.6892825980458;Inf;Inf
4005.0;54.688935249436625;Inf;Inf
4006.0;54.68858798795799;Inf;Inf
4007.0;54.68824081356633;Inf;Inf
4008.0;54.6878937262184;Inf;Inf
4009.0;54.68754672587079;Inf;Inf
4010.0;54.68719981248038;Inf;Inf
4011.0;54.686852986003906;Inf;Inf
4012.0;54.686506246398196;Inf;Inf
4013.0;54.686159593619976;Inf;Inf
4014.0;54.68581302762613;Inf;Inf
4015.0;54.68546654837371;Inf;Inf
4016.0;54.685120155819455;Inf;Inf
4017.0;54.684773849920425;Inf;Inf
4018.0;54.68442763063358;Inf;Inf
4019.0;54.684081497915976;Inf;Inf
4020.0;54.68373545172459;Inf;Inf
4021.0;54.68338949201663;Inf;Inf
4022.0;54.683043618749224;Inf;Inf
4023.0;54.68269783187946;Inf;Inf
4024.0;54.682352131364546;Inf;Inf
4025.0;54.68200651716166;Inf;Inf
4026.0;54.68166098922807;Inf;Inf
4027.0;54.68131554752113;Inf;Inf
4028.0;54.68097019199808;Inf;Inf
4029.0;54.68062492261622;Inf;Inf
4030.0;54.68027973933307;Inf;Inf
4031.0;54.67993464210592;Inf;Inf
4032.0;54.679589630892245;Inf;Inf
4033.0;54.67924470564956;Inf;Inf
4034.0;54.678899866335364;Inf;Inf
4035.0;54.67855511290716;Inf;Inf
4036.0;54.6782104453224;Inf;Inf
4037.0;54.677865863538955;Inf;Inf
4038.0;54.67752136751427;Inf;Inf
4039.0;54.67717695720604;Inf;Inf
4040.0;54.67683263257186;Inf;Inf
4041.0;54.67648839356972;Inf;Inf
4042.0;54.676144240157136;Inf;Inf
4043.0;54.67580017229192;Inf;Inf
4044.0;54.67545618993207;Inf;Inf
4045.0;54.6751122930353;Inf;Inf
4046.0;54.67476848155949;Inf;Inf
4047.0;54.674424755462596;Inf;Inf
4048.0;54.67408111470255;Inf;Inf
4049.0;54.67373755923731;Inf;Inf
4050.0;54.67339408902488;Inf;Inf
4051.0;54.673050704023325;Inf;Inf
4052.0;54.67270740419066;Inf;Inf
4053.0;54.67236418948503;Inf;Inf
4054.0;54.67202105986462;Inf;Inf
4055.0;54.67167801528758;Inf;Inf
4056.0;54.67133505571203;Inf;Inf
4057.0;54.67099218109613;Inf;Inf
4058.0;54.67064939139833;Inf;Inf
4059.0;54.670306686576794;Inf;Inf
4060.0;54.66996406658986;Inf;Inf
4061.0;54.66962153139585;Inf;Inf
4062.0;54.669279080953174;Inf;Inf
4063.0;54.6689367152203;Inf;Inf
4064.0;54.668594434155565;Inf;Inf
4065.0;54.66825223771747;Inf;Inf
4066.0;54.66791012586454;Inf;Inf
4067.0;54.66756809855528;Inf;Inf
4068.0;54.66722615574833;Inf;Inf
4069.0;54.666884297402234;Inf;Inf
4070.0;54.66654252347551;Inf;Inf
4071.0;54.666200833926865;Inf;Inf
4072.0;54.665859228715114;Inf;Inf
4073.0;54.665517707798884;Inf;Inf
4074.0;54.665176271136865;Inf;Inf
4075.0;54.664834918687966;Inf;Inf
4076.0;54.66449365041089;Inf;Inf
4077.0;54.664152466264476;Inf;Inf
4078.0;54.663811366207625;Inf;Inf
4079.0;54.663470350199276;Inf;Inf
4080.0;54.663129418198295;Inf;Inf
4081.0;54.66278857016362;Inf;Inf
4082.0;54.662447806054246;Inf;Inf
4083.0;54.662107125829294;Inf;Inf
4084.0;54.661766529447696;Inf;Inf
4085.0;54.66142601686862;Inf;Inf
4086.0;54.661085588051165;Inf;Inf
4087.0;54.660745242954356;Inf;Inf
4088.0;54.66040498153747;Inf;Inf
4089.0;54.66006480375966;Inf;Inf
4090.0;54.659724709580175;Inf;Inf
4091.0;54.659384698958185;Inf;Inf
4092.0;54.659044771853125;Inf;Inf
4093.0;54.658704928224175;Inf;Inf
4094.0;54.65836516803086;Inf;Inf
4095.0;54.65802549123246;Inf;Inf
4096.0;54.65768589778832;Inf;Inf
4097.0;54.65734638765799;Inf;Inf
4098.0;54.65700696080085;Inf;Inf
4099.0;54.656667617176446;Inf;Inf
4100.0;54.65632835674429;Inf;Inf
4101.0;54.65598917946399;Inf;Inf
4102.0;54.65565008529497;Inf;Inf
4103.0;54.655311074197016;Inf;Inf
4104.0;54.654972146129644;Inf;Inf
4105.0;54.65463330105265;Inf;Inf
4106.0;54.65429453892567;Inf;Inf
4107.0;54.65395585970851;Inf;Inf
4108.0;54.65361726336082;Inf;Inf
4109.0;54.65327874984251;Inf;Inf
4110.0;54.65294031911331;Inf;Inf
4111.0;54.65260197113308;Inf;Inf
4112.0;54.652263705861785;Inf;Inf
4113.0;54.65192552325926;Inf;Inf
4114.0;54.65158742328546;Inf;Inf
4115.0;54.65124940590029;Inf;Inf
4116.0;54.65091147106384;Inf;Inf
4117.0;54.6505736187361;Inf;Inf
4118.0;54.650235848877145;Inf;Inf
4119.0;54.649898161447084;Inf;Inf
4120.0;54.649560556405945;Inf;Inf
4121.0;54.649223033713945;Inf;Inf
4122.0;54.648885593331215;Inf;Inf
4123.0;54.648548235218;Inf;Inf
4124.0;54.64821095933448;Inf;Inf
4125.0;54.64787376564093;Inf;Inf
4126.0;54.64753665409764;Inf;Inf
4127.0;54.64719962466491;Inf;Inf
4128.0;54.6468626773031;Inf;Inf
4129.0;54.64652581197262;Inf;Inf
4130.0;54.64618902863386;Inf;Inf
4131.0;54.64585232724724;Inf;Inf
4132.0;54.64551570777319;Inf;Inf
4133.0;54.64517917017229;Inf;Inf
4134.0;54.64484271440497;Inf;Inf
4135.0;54.644506340431796;Inf;Inf
4136.0;54.644170048213404;Inf;Inf
4137.0;54.64383383771026;Inf;Inf
4138.0;54.64349770888324;Inf;Inf
4139.0;54.64316166169278;Inf;Inf
4140.0;54.64282569609962;Inf;Inf
4141.0;54.64248981206449;Inf;Inf
4142.0;54.64215400954811;Inf;Inf
4143.0;54.64181828851127;Inf;Inf
4144.0;54.6414826489149;Inf;Inf
4145.0;54.641147090719606;Inf;Inf
4146.0;54.640811613886484;Inf;Inf
4147.0;54.640476218376314;Inf;Inf
4148.0;54.64014090414995;Inf;Inf
4149.0;54.63980567116842;Inf;Inf
4150.0;54.63947051939261;Inf;Inf
4151.0;54.63913544878366;Inf;Inf
4152.0;54.638800459302516;Inf;Inf
4153.0;54.6384655509102;Inf;Inf
4154.0;54.638130723567876;Inf;Inf
4155.0;54.637795977236614;Inf;Inf
4156.0;54.63746131187757;Inf;Inf
4157.0;54.63712672745189;Inf;Inf
4158.0;54.63679222392079;Inf;Inf
4159.0;54.63645780124546;Inf;Inf
4160.0;54.636123459387214;Inf;Inf
4161.0;54.63578919830731;Inf;Inf
4162.0;54.63545501796712;Inf;Inf
4163.0;54.63512091832794;Inf;Inf
4164.0;54.634786899351106;Inf;Inf
4165.0;54.634452960998125;Inf;Inf
4166.0;54.634119103230184;Inf;Inf
4167.0;54.63378532600893;Inf;Inf
4168.0;54.63345162929585;Inf;Inf
4169.0;54.63311801305241;Inf;Inf
4170.0;54.632784477240044;Inf;Inf
4171.0;54.63245102182039;Inf;Inf
4172.0;54.632117646755;Inf;Inf
4173.0;54.63178435200559;Inf;Inf
4174.0;54.631451137533716;Inf;Inf
4175.0;54.631118003301204;Inf;Inf
4176.0;54.63078494926947;Inf;Inf
4177.0;54.630451975400426;Inf;Inf
4178.0;54.63011908165576;Inf;Inf
4179.0;54.629786267997325;Inf;Inf
4180.0;54.62945353438689;Inf;Inf
4181.0;54.629120880786346;Inf;Inf
4182.0;54.62878830715746;Inf;Inf
4183.0;54.62845581346217;Inf;Inf
4184.0;54.62812339966238;Inf;Inf
4185.0;54.62779106572004;Inf;Inf
4186.0;54.62745881159721;Inf;Inf
4187.0;54.62712663725573;Inf;Inf
4188.0;54.62679454265778;Inf;Inf
4189.0;54.62646252776531;Inf;Inf
4190.0;54.62613059254036;Inf;Inf
4191.0;54.62579873694524;Inf;Inf
4192.0;54.6254669609419;Inf;Inf
4193.0;54.62513526449256;Inf;Inf
4194.0;54.624803647559474;Inf;Inf
4195.0;54.62447211010473;Inf;Inf
4196.0;54.62414065209066;Inf;Inf
4197.0;54.623809273479516;Inf;Inf
4198.0;54.6234779742336;Inf;Inf
4199.0;54.62314675431527;Inf;Inf
4200.0;54.62281561368682;Inf;Inf
4201.0;54.62248455231065;Inf;Inf
4202.0;54.62215357014909;Inf;Inf
4203.0;54.62182266716476;Inf;Inf
4204.0;54.621491843319994;Inf;Inf
4205.0;54.62116109857725;Inf;Inf
4206.0;54.620830432899176;Inf;Inf
4207.0;54.6204998462482;Inf;Inf
4208.0;54.620169338586805;Inf;Inf
4209.0;54.619838909877785;Inf;Inf
4210.0;54.61950856008367;Inf;Inf
4211.0;54.6191782891671;Inf;Inf
4212.0;54.61884809709075;Inf;Inf
4213.0;54.61851798381738;Inf;Inf
4214.0;54.618187949309586;Inf;Inf
4215.0;54.617857993530244;Inf;Inf
4216.0;54.61752811644212;Inf;Inf
4217.0;54.61719831800805;Inf;Inf
4218.0;54.61686859819068;Inf;Inf
4219.0;54.61653895695306;Inf;Inf
4220.0;54.61620939425798;Inf;Inf
4221.0;54.61587991006842;Inf;Inf
4222.0;54.615550504347226;Inf;Inf
4223.0;54.61522117705747;Inf;Inf
4224.0;54.61489192816208;Inf;Inf
4225.0;54.61456275762411;Inf;Inf
4226.0;54.614233665406545;Inf;Inf
4227.0;54.6139046514725;Inf;Inf
4228.0;54.61357571578506;Inf;Inf
4229.0;54.61324685830731;Inf;Inf
4230.0;54.61291807900251;Inf;Inf
4231.0;54.61258937783376;Inf;Inf
4232.0;54.6122607547642;Inf;Inf
4233.0;54.61193220975717;Inf;Inf
4234.0;54.611603742775806;Inf;Inf
4235.0;54.61127535378355;Inf;Inf
4236.0;54.61094704274358;Inf;Inf
4237.0;54.61061880961921;Inf;Inf
4238.0;54.61029065437392;Inf;Inf
4239.0;54.60996257697095;Inf;Inf
4240.0;54.60963457737376;Inf;Inf
4241.0;54.60930665554589;Inf;Inf
4242.0;54.608978811450704;Inf;Inf
4243.0;54.608651045051644;Inf;Inf
4244.0;54.60832335631224;Inf;Inf
4245.0;54.6079957451961;Inf;Inf
4246.0;54.607668211666756;Inf;Inf
4247.0;54.6073407556878;Inf;Inf
4248.0;54.60701337722296;Inf;Inf
4249.0;54.60668607623561;Inf;Inf
4250.0;54.6063588526896;Inf;Inf
4251.0;54.60603170654858;Inf;Inf
4252.0;54.60570463777633;Inf;Inf
4253.0;54.60537764633649;Inf;Inf
4254.0;54.605050732192886;Inf;Inf
4255.0;54.604723895309384;Inf;Inf
4256.0;54.60439713564968;Inf;Inf
4257.0;54.60407045317767;Inf;Inf
4258.0;54.60374384785721;Inf;Inf
4259.0;54.603417319652195;Inf;Inf
4260.0;54.60309086852661;Inf;Inf
4261.0;54.60276449444428;Inf;Inf
4262.0;54.60243819736929;Inf;Inf
4263.0;54.6021119772656;Inf;Inf
4264.0;54.601785834097235;Inf;Inf
4265.0;54.60145976782825;Inf;Inf
4266.0;54.601133778422735;Inf;Inf
4267.0;54.60080786584485;Inf;Inf
4268.0;54.60048203005848;Inf;Inf
4269.0;54.600156271027984;Inf;Inf
4270.0;54.599830588717516;Inf;Inf
4271.0;54.59950498309131;Inf;Inf
4272.0;54.59917945411343;Inf;Inf
4273.0;54.59885400174832;Inf;Inf
4274.0;54.598528625960114;Inf;Inf
4275.0;54.59820332671317;Inf;Inf
4276.0;54.597878103971766;Inf;Inf
4277.0;54.59755295770036;Inf;Inf
4278.0;54.597227887863255;Inf;Inf
4279.0;54.59690289442482;Inf;Inf
4280.0;54.59657797734953;Inf;Inf
4281.0;54.59625313660184;Inf;Inf
4282.0;54.59592837214624;Inf;Inf
4283.0;54.595603683947154;Inf;Inf
4284.0;54.59527907196922;Inf;Inf
4285.0;54.594954536176886;Inf;Inf
4286.0;54.59463007653475;Inf;Inf
4287.0;54.594305693007456;Inf;Inf
4288.0;54.593981385559594;Inf;Inf
4289.0;54.593657154155814;Inf;Inf
4290.0;54.59333299876089;Inf;Inf
4291.0;54.5930089193393;Inf;Inf
4292.0;54.59268491585601;Inf;Inf
4293.0;54.592360988275615;Inf;Inf
4294.0;54.592037136562844;Inf;Inf
4295.0;54.59171336068276;Inf;Inf
4296.0;54.591389660599894;Inf;Inf
4297.0;54.59106603627917;Inf;Inf
4298.0;54.590742487685496;Inf;Inf
4299.0;54.59041901478396;Inf;Inf
4300.0;54.59009561753922;Inf;Inf
4301.0;54.58977229591631;Inf;Inf
4302.0;54.58944904988015;Inf;Inf
4303.0;54.589125879395766;Inf;Inf
4304.0;54.58880278442824;Inf;Inf
4305.0;54.58847976494252;Inf;Inf
4306.0;54.588156820903514;Inf;Inf
4307.0;54.58783395227658;Inf;Inf
4308.0;54.5875111590268;Inf;Inf
4309.0;54.587188441119324;Inf;Inf
4310.0;54.58686579851913;Inf;Inf
4311.0;54.586543231191655;Inf;Inf
4312.0;54.58622073910197;Inf;Inf
4313.0;54.58589832221533;Inf;Inf
4314.0;54.58557598049701;Inf;Inf
4315.0;54.58525371391231;Inf;Inf
4316.0;54.58493152242648;Inf;Inf
4317.0;54.584609406004944;Inf;Inf
4318.0;54.584287364613;Inf;Inf
4319.0;54.583965398216;Inf;Inf
4320.0;54.58364350677941;Inf;Inf
4321.0;54.58332169026867;Inf;Inf
4322.0;54.58299994864922;Inf;Inf
4323.0;54.58267828188642;Inf;Inf
4324.0;54.582356689945975;Inf;Inf
4325.0;54.58203517279327;Inf;Inf
4326.0;54.581713730393936;Inf;Inf
4327.0;54.581392362713494;Inf;Inf
4328.0;54.58107106971757;Inf;Inf
4329.0;54.58074985137172;Inf;Inf
4330.0;54.580428707641694;Inf;Inf
4331.0;54.58010763849304;Inf;Inf
4332.0;54.57978664389159;Inf;Inf
4333.0;54.57946572380297;Inf;Inf
4334.0;54.579144878192935;Inf;Inf
4335.0;54.57882410702732;Inf;Inf
4336.0;54.57850341027178;Inf;Inf
4337.0;54.57818278789212;Inf;Inf
4338.0;54.57786223985434;Inf;Inf
4339.0;54.57754176612412;Inf;Inf
4340.0;54.57722136666754;Inf;Inf
4341.0;54.57690104145032;Inf;Inf
4342.0;54.57658079043841;Inf;Inf
4343.0;54.576260613597896;Inf;Inf
4344.0;54.57594051089472;Inf;Inf
4345.0;54.57562048229478;Inf;Inf
4346.0;54.57530052776424;Inf;Inf
4347.0;54.57498064726895;Inf;Inf
4348.0;54.57466084077516;Inf;Inf
4349.0;54.57434110824888;Inf;Inf
4350.0;54.574021449656264;Inf;Inf
4351.0;54.57370186496337;Inf;Inf
4352.0;54.573382354136484;Inf;Inf
4353.0;54.573062917141755;Inf;Inf
4354.0;54.57274355394536;Inf;Inf
4355.0;54.572424264513536;Inf;Inf
4356.0;54.57210504881259;Inf;Inf
4357.0;54.57178590680874;Inf;Inf
4358.0;54.571466838468304;Inf;Inf
4359.0;54.57114784375762;Inf;Inf
4360.0;54.57082892264305;Inf;Inf
4361.0;54.57051007509097;Inf;Inf
4362.0;54.57019130106774;Inf;Inf
4363.0;54.56987260053982;Inf;Inf
4364.0;54.56955397347363;Inf;Inf
4365.0;54.56923541983562;Inf;Inf
4366.0;54.56891693959229;Inf;Inf
4367.0;54.568598532710205;Inf;Inf
4368.0;54.56828019915583;Inf;Inf
4369.0;54.56796193889571;Inf;Inf
4370.0;54.56764375189643;Inf;Inf
4371.0;54.56732563812472;Inf;Inf
4372.0;54.5670075975471;Inf;Inf
4373.0;54.56668963013021;Inf;Inf
4374.0;54.566371735840725;Inf;Inf
4375.0;54.566053914645366;Inf;Inf
4376.0;54.565736166510796;Inf;Inf
4377.0;54.565418491403854;Inf;Inf
4378.0;54.565100889291344;Inf;Inf
4379.0;54.56478336013984;Inf;Inf
4380.0;54.56446590391623;Inf;Inf
4381.0;54.56414852058735;Inf;Inf
4382.0;54.563831210120235;Inf;Inf
4383.0;54.56351397248156;Inf;Inf
4384.0;54.56319680763845;Inf;Inf
4385.0;54.56287971555754;Inf;Inf
4386.0;54.562562696205966;Inf;Inf
4387.0;54.56224574955058;Inf;Inf
4388.0;54.56192887555846;Inf;Inf
4389.0;54.561612074196546;Inf;Inf
4390.0;54.56129534543191;Inf;Inf
4391.0;54.560978689231625;Inf;Inf
4392.0;54.56066210556276;Inf;Inf
4393.0;54.560345594392395;Inf;Inf
4394.0;54.56002915568773;Inf;Inf
4395.0;54.559712789415826;Inf;Inf
4396.0;54.55939649554391;Inf;Inf
4397.0;54.55908027403911;Inf;Inf
4398.0;54.558764124868645;Inf;Inf
4399.0;54.55844804799986;Inf;Inf
4400.0;54.558132043399894;Inf;Inf
4401.0;54.557816111036125;Inf;Inf
4402.0;54.55750025087568;Inf;Inf
4403.0;54.55718446288615;Inf;Inf
4404.0;54.556868747034756;Inf;Inf
4405.0;54.55655310328888;Inf;Inf
4406.0;54.55623753161584;Inf;Inf
4407.0;54.55592203198316;Inf;Inf
4408.0;54.555606604358175;Inf;Inf
4409.0;54.555291248708436;Inf;Inf
4410.0;54.554975965001375;Inf;Inf
4411.0;54.55466075320446;Inf;Inf
4412.0;54.55434561328534;Inf;Inf
4413.0;54.554030545211475;Inf;Inf
4414.0;54.55371554895052;Inf;Inf
4415.0;54.55340062446995;Inf;Inf
4416.0;54.553085771737386;Inf;Inf
4417.0;54.552770990720575;Inf;Inf
4418.0;54.55245628138711;Inf;Inf
4419.0;54.552141643704594;Inf;Inf
4420.0;54.55182707764091;Inf;Inf
4421.0;54.55151258316369;Inf;Inf
4422.0;54.55119816024064;Inf;Inf
4423.0;54.550883808839565;Inf;Inf
4424.0;54.55056952892816;Inf;Inf
4425.0;54.55025532047443;Inf;Inf
4426.0;54.5499411834461;Inf;Inf
4427.0;54.54962711781104;Inf;Inf
4428.0;54.54931312353709;Inf;Inf
4429.0;54.548999200592164;Inf;Inf
4430.0;54.548685348944254;Inf;Inf
4431.0;54.548371568561244;Inf;Inf
4432.0;54.54805785941115;Inf;Inf
4433.0;54.54774422146189;Inf;Inf
4434.0;54.547430654681456;Inf;Inf
4435.0;54.547117159037924;Inf;Inf
4436.0;54.546803734499285;Inf;Inf
4437.0;54.546490381033735;Inf;Inf
4438.0;54.54617709860924;Inf;Inf
4439.0;54.54586388719397;Inf;Inf
4440.0;54.54555074675613;Inf;Inf
4441.0;54.545237677263735;Inf;Inf
4442.0;54.54492467868511;Inf;Inf
4443.0;54.54461175098843;Inf;Inf
4444.0;54.544298894141804;Inf;Inf
4445.0;54.543986108113394;Inf;Inf
4446.0;54.54367339287177;Inf;Inf
4447.0;54.543360748385034;Inf;Inf
4448.0;54.54304817462161;Inf;Inf
4449.0;54.54273567154986;Inf;Inf
4450.0;54.54242323913781;Inf;Inf
4451.0;54.542110877354155;Inf;Inf
4452.0;54.541798586167204;Inf;Inf
4453.0;54.5414863655454;Inf;Inf
4454.0;54.541174215457076;Inf;Inf
4455.0;54.54086213587072;Inf;Inf
4456.0;54.540550126754916;Inf;Inf
4457.0;54.540238188078014;Inf;Inf
4458.0;54.53992631980868;Inf;Inf
4459.0;54.53961452191539;Inf;Inf
4460.0;54.53930279436673;Inf;Inf
4461.0;54.538991137131134;Inf;Inf
4462.0;54.53867955017725;Inf;Inf
4463.0;54.538368033474015;Inf;Inf
4464.0;54.5380565869898;Inf;Inf
4465.0;54.537745210693394;Inf;Inf
4466.0;54.53743390455337;Inf;Inf
4467.0;54.53712266853846;Inf;Inf
4468.0;54.53681150261744;Inf;Inf
4469.0;54.53650040675905;Inf;Inf
4470.0;54.536189380932115;Inf;Inf
4471.0;54.535878425105395;Inf;Inf
4472.0;54.535567539247694;Inf;Inf
4473.0;54.53525672332788;Inf;Inf
4474.0;54.534945977314756;Inf;Inf
4475.0;54.53463530117723;Inf;Inf
4476.0;54.5343246948842;Inf;Inf
4477.0;54.53401415840462;Inf;Inf
4478.0;54.53370369170737;Inf;Inf
4479.0;54.5333932947615;Inf;Inf
4480.0;54.53308296753591;Inf;Inf
4481.0;54.53277270999965;Inf;Inf
4482.0;54.53246252212172;Inf;Inf
4483.0;54.53215240387112;Inf;Inf
4484.0;54.53184235521703;Inf;Inf
4485.0;54.53153237612852;Inf;Inf
4486.0;54.53122246657462;Inf;Inf
4487.0;54.53091262652449;Inf;Inf
4488.0;54.5306028559473;Inf;Inf
4489.0;54.53029315481221;Inf;Inf
4490.0;54.52998352308844;Inf;Inf
4491.0;54.529673960745114;Inf;Inf
4492.0;54.529364467751535;Inf;Inf
4493.0;54.529055044076955;Inf;Inf
4494.0;54.528745689690645;Inf;Inf
4495.0;54.528436404561845;Inf;Inf
4496.0;54.52812718865986;Inf;Inf
4497.0;54.52781804195414;Inf;Inf
4498.0;54.52750896441393;Inf;Inf
4499.0;54.52719995600867;Inf;Inf
4500.0;54.52689101670775;Inf;Inf
4501.0;54.5265821464805;Inf;Inf
4502.0;54.526273345296524;Inf;Inf
4503.0;54.525964613125105;Inf;Inf
4504.0;54.525655949935754;Inf;Inf
4505.0;54.525347355698095;Inf;Inf
4506.0;54.52503883038151;Inf;Inf
4507.0;54.52473037395563;Inf;Inf
4508.0;54.52442198638997;Inf;Inf
4509.0;54.52411366765403;Inf;Inf
4510.0;54.52380541771757;Inf;Inf
4511.0;54.52349723655009;Inf;Inf
4512.0;54.52318912412128;Inf;Inf
4513.0;54.522881080400765;Inf;Inf
4514.0;54.52257310535823;Inf;Inf
4515.0;54.522265198963446;Inf;Inf
4516.0;54.52195736118605;Inf;Inf
4517.0;54.52164959199587;Inf;Inf
4518.0;54.521341891362404;Inf;Inf
4519.0;54.52103425925563;Inf;Inf
4520.0;54.52072669564538;Inf;Inf
4521.0;54.5204192005015;Inf;Inf
4522.0;54.52011177379382;Inf;Inf
4523.0;54.519804415492224;Inf;Inf
4524.0;54.51949712556651;Inf;Inf
4525.0;54.519189903986536;Inf;Inf
4526.0;54.51888275072231;Inf;Inf
4527.0;54.51857566574374;Inf;Inf
4528.0;54.518268649020804;Inf;Inf
4529.0;54.517961700523365;Inf;Inf
4530.0;54.517654820221594;Inf;Inf
4531.0;54.517348008085435;Inf;Inf
4532.0;54.51704126408494;Inf;Inf
4533.0;54.51673458819018;Inf;Inf
4534.0;54.5164279803712;Inf;Inf
4535.0;54.516121440598084;Inf;Inf
4536.0;54.51581496884101;Inf;Inf
4537.0;54.51550856507006;Inf;Inf
4538.0;54.51520222925545;Inf;Inf
4539.0;54.5148959613673;Inf;Inf
4540.0;54.514589761375795;Inf;Inf
4541.0;54.51428362925126;Inf;Inf
4542.0;54.513977564963845;Inf;Inf
4543.0;54.5136715684838;Inf;Inf
4544.0;54.5133656397815;Inf;Inf
4545.0;54.513059778827106;Inf;Inf
4546.0;54.51275398559101;Inf;Inf
4547.0;54.512448260043506;Inf;Inf
4548.0;54.512142602155066;Inf;Inf
4549.0;54.51183701189592;Inf;Inf
4550.0;54.5115314892365;Inf;Inf
4551.0;54.511226034147164;Inf;Inf
4552.0;54.5109206465985;Inf;Inf
4553.0;54.510615326560796;Inf;Inf
4554.0;54.51031007400466;Inf;Inf
4555.0;54.51000488890051;Inf;Inf
4556.0;54.50969977121886;Inf;Inf
4557.0;54.50939472093027;Inf;Inf
4558.0;54.50908973800527;Inf;Inf
4559.0;54.50878482241446;Inf;Inf
4560.0;54.50847997412841;Inf;Inf
4561.0;54.508175193117715;Inf;Inf
4562.0;54.507870479352974;Inf;Inf
4563.0;54.5075658328049;Inf;Inf
4564.0;54.507261253444064;Inf;Inf
4565.0;54.50695674124122;Inf;Inf
4566.0;54.5066522961671;Inf;Inf
4567.0;54.506347918192326;Inf;Inf
4568.0;54.50604360728774;Inf;Inf
4569.0;54.50573936342405;Inf;Inf
4570.0;54.50543518657196;Inf;Inf
4571.0;54.5051310767025;Inf;Inf
4572.0;54.504827033786356;Inf;Inf
4573.0;54.50452305779428;Inf;Inf
4574.0;54.504219148697196;Inf;Inf
4575.0;54.5039153064661;Inf;Inf
4576.0;54.50361153107171;Inf;Inf
4577.0;54.503307822485084;Inf;Inf
4578.0;54.50300418067704;Inf;Inf
4579.0;54.50270060561855;Inf;Inf
4580.0;54.50239709728074;Inf;Inf
4581.0;54.50209365563424;Inf;Inf
4582.0;54.50179028065036;Inf;Inf
4583.0;54.50148697230019;Inf;Inf
4584.0;54.501183730554594;Inf;Inf
4585.0;54.500880555384626;Inf;Inf
4586.0;54.500577446761575;Inf;Inf
4587.0;54.50027440465627;Inf;Inf
4588.0;54.49997142904017;Inf;Inf
4589.0;54.499668519884196;Inf;Inf
4590.0;54.49936567715949;Inf;Inf
4591.0;54.499062900837316;Inf;Inf
4592.0;54.49876019088876;Inf;Inf
4593.0;54.4984575472851;Inf;Inf
4594.0;54.498154969997586;Inf;Inf
4595.0;54.497852458997514;Inf;Inf
4596.0;54.497550014256134;Inf;Inf
4597.0;54.49724763574476;Inf;Inf
4598.0;54.49694532343467;Inf;Inf
4599.0;54.49664307729718;Inf;Inf
4600.0;54.49634089730365;Inf;Inf
4601.0;54.4960387834254;Inf;Inf
4602.0;54.49573673563391;Inf;Inf
4603.0;54.49543475390052;Inf;Inf
4604.0;54.49513283819674;Inf;Inf
4605.0;54.49483098849384;Inf;Inf
4606.0;54.49452920476351;Inf;Inf
4607.0;54.49422748697709;Inf;Inf
4608.0;54.49392583510606;Inf;Inf
4609.0;54.493624249121986;Inf;Inf
4610.0;54.49332272899639;Inf;Inf
4611.0;54.49302127470071;Inf;Inf
4612.0;54.49271988620675;Inf;Inf
4613.0;54.492418563485984;Inf;Inf
4614.0;54.49211730651003;Inf;Inf
4615.0;54.49181611525049;Inf;Inf
4616.0;54.49151498967903;Inf;Inf
4617.0;54.49121392976728;Inf;Inf
4618.0;54.49091293548699;Inf;Inf
4619.0;54.49061200680982;Inf;Inf
4620.0;54.490311143707515;Inf;Inf
4621.0;54.490010346151756;Inf;Inf
4622.0;54.489709614114375;Inf;Inf
4623.0;54.489408947567064;Inf;Inf
4624.0;54.48910834648168;Inf;Inf
4625.0;54.488807810830025;Inf;Inf
4626.0;54.488507340583936;Inf;Inf
4627.0;54.48820693571521;Inf;Inf
4628.0;54.48790659619575;Inf;Inf
4629.0;54.48760632199748;Inf;Inf
4630.0;54.48730611309218;Inf;Inf
4631.0;54.48700596945193;Inf;Inf
4632.0;54.486705891048594;Inf;Inf
4633.0;54.486405877854075;Inf;Inf
4634.0;54.48610592984042;Inf;Inf
4635.0;54.485806046979505;Inf;Inf
4636.0;54.4855062292435;Inf;Inf
4637.0;54.485206476604375;Inf;Inf
4638.0;54.48490678903419;Inf;Inf
4639.0;54.48460716650495;Inf;Inf
4640.0;54.48430760898884;Inf;Inf
4641.0;54.484008116457886;Inf;Inf
4642.0;54.48370868888423;Inf;Inf
4643.0;54.48340932624;Inf;Inf
4644.0;54.4831100284974;Inf;Inf
4645.0;54.482810795628474;Inf;Inf
4646.0;54.482511627605504;Inf;Inf
4647.0;54.48221252440072;Inf;Inf
4648.0;54.481913485986354;Inf;Inf
4649.0;54.481614512334545;Inf;Inf
4650.0;54.48131560341774;Inf;Inf
4651.0;54.48101675920809;Inf;Inf
4652.0;54.48071797967788;Inf;Inf
4653.0;54.48041926479943;Inf;Inf
4654.0;54.48012061454513;Inf;Inf
4655.0;54.479822028887305;Inf;Inf
4656.0;54.47952350779839;Inf;Inf
4657.0;54.47922505125074;Inf;Inf
4658.0;54.47892665921672;Inf;Inf
4659.0;54.478628331668766;Inf;Inf
4660.0;54.478330068579346;Inf;Inf
4661.0;54.478031869920855;Inf;Inf
4662.0;54.47773373566582;Inf;Inf
4663.0;54.477435665786786;Inf;Inf
4664.0;54.47713766025617;Inf;Inf
4665.0;54.476839719046566;Inf;Inf
4666.0;54.476541842130544;Inf;Inf
4667.0;54.4762440294806;Inf;Inf
4668.0;54.47594628106931;Inf;Inf
4669.0;54.47564859686935;Inf;Inf
4670.0;54.47535097685327;Inf;Inf
4671.0;54.475053420993746;Inf;Inf
4672.0;54.47475592926337;Inf;Inf
4673.0;54.4744585016349;Inf;Inf
4674.0;54.47416113808096;Inf;Inf
4675.0;54.47386383857429;Inf;Inf
4676.0;54.473566603087576;Inf;Inf
4677.0;54.473269431593614;Inf;Inf
4678.0;54.47297232406517;Inf;Inf
4679.0;54.472675280474895;Inf;Inf
4680.0;54.472378300795754;Inf;Inf
4681.0;54.47208138500046;Inf;Inf
4682.0;54.47178453306187;Inf;Inf
4683.0;54.47148774495286;Inf;Inf
4684.0;54.47119102064616;Inf;Inf
4685.0;54.470894360114706;Inf;Inf
4686.0;54.47059776333151;Inf;Inf
4687.0;54.47030123026942;Inf;Inf
4688.0;54.470004760901325;Inf;Inf
4689.0;54.4697083552002;Inf;Inf
4690.0;54.46941201313908;Inf;Inf
4691.0;54.46911573469086;Inf;Inf
4692.0;54.46881951982854;Inf;Inf
4693.0;54.46852336852522;Inf;Inf
4694.0;54.46822728075389;Inf;Inf
4695.0;54.467931256487574;Inf;Inf
4696.0;54.46763529569934;Inf;Inf
4697.0;54.46733939836236;Inf;Inf
4698.0;54.467043564449675;Inf;Inf
4699.0;54.46674779393439;Inf;Inf
4700.0;54.466452086789666;Inf;Inf
4701.0;54.466156442988726;Inf;Inf
4702.0;54.46586086250464;Inf;Inf
4703.0;54.4655653453106;Inf;Inf
4704.0;54.46526989137987;Inf;Inf
4705.0;54.46497450068568;Inf;Inf
4706.0;54.46467917320129;Inf;Inf
4707.0;54.464383908899855;Inf;Inf
4708.0;54.464088707754755;Inf;Inf
4709.0;54.46379356973924;Inf;Inf
4710.0;54.46349849482666;Inf;Inf
4711.0;54.463203482990224;Inf;Inf
4712.0;54.46290853420338;Inf;Inf
4713.0;54.462613648439515;Inf;Inf
4714.0;54.462318825671986;Inf;Inf
4715.0;54.46202406587412;Inf;Inf
4716.0;54.46172936901938;Inf;Inf
4717.0;54.46143473508117;Inf;Inf
4718.0;54.461140164032955;Inf;Inf
4719.0;54.460845655848196;Inf;Inf
4720.0;54.46055121050043;Inf;Inf
4721.0;54.46025682796298;Inf;Inf
4722.0;54.459962508209586;Inf;Inf
4723.0;54.459668251213586;Inf;Inf
4724.0;54.459374056948604;Inf;Inf
4725.0;54.45907992538821;Inf;Inf
4726.0;54.45878585650603;Inf;Inf
4727.0;54.45849185027561;Inf;Inf
4728.0;54.45819790667058;Inf;Inf
4729.0;54.457904025664426;Inf;Inf
4730.0;54.45761020723103;Inf;Inf
4731.0;54.457316451343914;Inf;Inf
4732.0;54.457022757976816;Inf;Inf
4733.0;54.456729127103365;Inf;Inf
4734.0;54.45643555869743;Inf;Inf
4735.0;54.45614205273254;Inf;Inf
4736.0;54.45584860918254;Inf;Inf
4737.0;54.45555522802119;Inf;Inf
4738.0;54.45526190922233;Inf;Inf
4739.0;54.45496865275964;Inf;Inf
4740.0;54.45467545860699;Inf;Inf
4741.0;54.45438232673826;Inf;Inf
4742.0;54.45408925712725;Inf;Inf
4743.0;54.4537962497478;Inf;Inf
4744.0;54.45350330457377;Inf;Inf
4745.0;54.45321042157918;Inf;Inf
4746.0;54.45291760073782;Inf;Inf
4747.0;54.452624842023646;Inf;Inf
4748.0;54.452332145410665;Inf;Inf
4749.0;54.45203951087277;Inf;Inf
4750.0;54.45174693838395;Inf;Inf
4751.0;54.45145442791822;Inf;Inf
4752.0;54.451161979449594;Inf;Inf
4753.0;54.45086959295206;Inf;Inf
4754.0;54.45057726839975;Inf;Inf
4755.0;54.45028500576663;Inf;Inf
4756.0;54.44999280502677;Inf;Inf
4757.0;54.449700666154335;Inf;Inf
4758.0;54.44940858912338;Inf;Inf
4759.0;54.44911657390811;Inf;Inf
4760.0;54.448824620482625;Inf;Inf
4761.0;54.44853272882109;Inf;Inf
4762.0;54.44824089889762;Inf;Inf
4763.0;54.44794913068647;Inf;Inf
4764.0;54.44765742416181;Inf;Inf
4765.0;54.44736577929793;Inf;Inf
4766.0;54.447074196068954;Inf;Inf
4767.0;54.44678267444918;Inf;Inf
4768.0;54.446491214412944;Inf;Inf
4769.0;54.44619981593451;Inf;Inf
4770.0;54.44590847898819;Inf;Inf
4771.0;54.445617203548274;Inf;Inf
4772.0;54.44532598958905;Inf;Inf
4773.0;54.445034837084975;Inf;Inf
4774.0;54.444743746010374;Inf;Inf
4775.0;54.44445271633965;Inf;Inf
4776.0;54.44416174804712;Inf;Inf
4777.0;54.44387084110736;Inf;Inf
4778.0;54.44357999549461;Inf;Inf
4779.0;54.443289211183384;Inf;Inf
4780.0;54.442998488148206;Inf;Inf
4781.0;54.44270782636365;Inf;Inf
4782.0;54.44241722580407;Inf;Inf
4783.0;54.44212668644398;Inf;Inf
4784.0;54.4418362082579;Inf;Inf
4785.0;54.441545791220484;Inf;Inf
4786.0;54.44125543530621;Inf;Inf
4787.0;54.44096514048964;Inf;Inf
4788.0;54.44067490674542;Inf;Inf
4789.0;54.44038473404815;Inf;Inf
4790.0;54.440094622372406;Inf;Inf
4791.0;54.43980457169292;Inf;Inf
4792.0;54.43951458198421;Inf;Inf
4793.0;54.439224653221075;Inf;Inf
4794.0;54.4389347853782;Inf;Inf
4795.0;54.43864497843023;Inf;Inf
4796.0;54.43835523235183;Inf;Inf
4797.0;54.438065547117866;Inf;Inf
4798.0;54.43777592270308;Inf;Inf
4799.0;54.43748635908217;Inf;Inf
4800.0;54.43719685622993;Inf;Inf
4801.0;54.43690741412115;Inf;Inf
4802.0;54.43661803273066;Inf;Inf
4803.0;54.43632871203331;Inf;Inf
4804.0;54.43603945200394;Inf;Inf
4805.0;54.43575025261741;Inf;Inf
4806.0;54.43546111384857;Inf;Inf
4807.0;54.435172035672366;Inf;Inf
4808.0;54.43488301806369;Inf;Inf
4809.0;54.434594060997384;Inf;Inf
4810.0;54.43430516444848;Inf;Inf
4811.0;54.43401632839198;Inf;Inf
4812.0;54.43372755280277;Inf;Inf
4813.0;54.43343883765585;Inf;Inf
4814.0;54.43315018292621;Inf;Inf
4815.0;54.43286158858885;Inf;Inf
4816.0;54.43257305461888;Inf;Inf
4817.0;54.43228458099129;Inf;Inf
4818.0;54.43199616768121;Inf;Inf
4819.0;54.43170781466372;Inf;Inf
4820.0;54.43141952191389;Inf;Inf
4821.0;54.43113128940669;Inf;Inf
4822.0;54.430843117117405;Inf;Inf
4823.0;54.430555005021134;Inf;Inf
4824.0;54.430266953093046;Inf;Inf
4825.0;54.42997896130833;Inf;Inf
4826.0;54.42969102964212;Inf;Inf
4827.0;54.42940315806973;Inf;Inf
4828.0;54.42911534656625;Inf;Inf
4829.0;54.428827595106945;Inf;Inf
4830.0;54.428539903667094;Inf;Inf
4831.0;54.42825227222194;Inf;Inf
4832.0;54.42796470074684;Inf;Inf
4833.0;54.427677189217064;Inf;Inf
4834.0;54.427389737607925;Inf;Inf
4835.0;54.42710234589467;Inf;Inf
4836.0;54.42681501405265;Inf;Inf
4837.0;54.42652774205729;Inf;Inf
4838.0;54.426240529883906;Inf;Inf
4839.0;54.425953377507945;Inf;Inf
4840.0;54.42566628490481;Inf;Inf
4841.0;54.425379252049844;Inf;Inf
4842.0;54.42509227891852;Inf;Inf
4843.0;54.4248053654863;Inf;Inf
4844.0;54.424518511728664;Inf;Inf
4845.0;54.424231717621076;Inf;Inf
4846.0;54.423944983139016;Inf;Inf
4847.0;54.42365830825796;Inf;Inf
4848.0;54.4233716929535;Inf;Inf
4849.0;54.42308513720118;Inf;Inf
4850.0;54.422798640976445;Inf;Inf
4851.0;54.422512204255014;Inf;Inf
4852.0;54.422225827012404;Inf;Inf
4853.0;54.421939509224174;Inf;Inf
4854.0;54.421653250866036;Inf;Inf
4855.0;54.42136705191354;Inf;Inf
4856.0;54.42108091234238;Inf;Inf
4857.0;54.420794832128166;Inf;Inf
4858.0;54.42050881124664;Inf;Inf
4859.0;54.42022284967342;Inf;Inf
4860.0;54.41993694738425;Inf;Inf
4861.0;54.41965110435483;Inf;Inf
4862.0;54.41936532056094;Inf;Inf
4863.0;54.419079595978324;Inf;Inf
4864.0;54.418793930582694;Inf;Inf
4865.0;54.41850832434983;Inf;Inf
4866.0;54.41822277725562;Inf;Inf
4867.0;54.417937289275734;Inf;Inf
4868.0;54.41765186038614;Inf;Inf
4869.0;54.417366490562614;Inf;Inf
4870.0;54.41708117978096;Inf;Inf
4871.0;54.41679592801716;Inf;Inf
4872.0;54.416510735246945;Inf;Inf
4873.0;54.416225601446435;Inf;Inf
4874.0;54.41594052659136;Inf;Inf
4875.0;54.415655510657736;Inf;Inf
4876.0;54.415370553621436;Inf;Inf
4877.0;54.4150856554585;Inf;Inf
4878.0;54.41480081614486;Inf;Inf
4879.0;54.41451603565651;Inf;Inf
4880.0;54.414231313969424;Inf;Inf
4881.0;54.41394665105966;Inf;Inf
4882.0;54.4136620469032;Inf;Inf
4883.0;54.41337750147618;Inf;Inf
4884.0;54.413093014754594;Inf;Inf
4885.0;54.41280858671454;Inf;Inf
4886.0;54.41252421733211;Inf;Inf
4887.0;54.41223990658341;Inf;Inf
4888.0;54.411955654444526;Inf;Inf
4889.0;54.411671460891654;Inf;Inf
4890.0;54.41138732590087;Inf;Inf
4891.0;54.41110324944835;Inf;Inf
4892.0;54.410819231510374;Inf;Inf
4893.0;54.41053527206307;Inf;Inf
4894.0;54.41025137108258;Inf;Inf
4895.0;54.40996752854526;Inf;Inf
4896.0;54.409683744427255;Inf;Inf
4897.0;54.40940001870483;Inf;Inf
4898.0;54.4091163513543;Inf;Inf
4899.0;54.40883274235187;Inf;Inf
4900.0;54.40854919167389;Inf;Inf
4901.0;54.408265699296656;Inf;Inf
4902.0;54.40798226519649;Inf;Inf
4903.0;54.407698889349696;Inf;Inf
4904.0;54.407415571732706;Inf;Inf
4905.0;54.407132312321814;Inf;Inf
4906.0;54.4068491110935;Inf;Inf
4907.0;54.40656596802403;Inf;Inf
4908.0;54.4062828830899;Inf;Inf
4909.0;54.40599985626744;Inf;Inf
4910.0;54.40571688753324;Inf;Inf
4911.0;54.40543397686371;Inf;Inf
4912.0;54.405151124235275;Inf;Inf
4913.0;54.404868329624385;Inf;Inf
4914.0;54.404585593007596;Inf;Inf
4915.0;54.404302914361395;Inf;Inf
4916.0;54.40402029366239;Inf;Inf
4917.0;54.403737730887016;Inf;Inf
4918.0;54.403455226011815;Inf;Inf
4919.0;54.403172779013445;Inf;Inf
4920.0;54.402890389868475;Inf;Inf
4921.0;54.40260805855346;Inf;Inf
4922.0;54.402325785045036;Inf;Inf
4923.0;54.40204356931985;Inf;Inf
4924.0;54.40176141135445;Inf;Inf
4925.0;54.401479311125584;Inf;Inf
4926.0;54.40119726860992;Inf;Inf
4927.0;54.40091528378409;Inf;Inf
4928.0;54.40063335662479;Inf;Inf
4929.0;54.400351487108814;Inf;Inf
4930.0;54.40006967521275;Inf;Inf
4931.0;54.3997879209135;Inf;Inf
4932.0;54.399506224187675;Inf;Inf
4933.0;54.39922458501212;Inf;Inf
4934.0;54.398943003363605;Inf;Inf
4935.0;54.39866147921896;Inf;Inf
4936.0;54.39838001255491;Inf;Inf
4937.0;54.39809860334835;Inf;Inf
4938.0;54.397817251576065;Inf;Inf
4939.0;54.39753595721501;Inf;Inf
4940.0;54.39725472024191;Inf;Inf
4941.0;54.39697354063379;Inf;Inf
4942.0;54.39669241836745;Inf;Inf
4943.0;54.396411353419786;Inf;Inf
4944.0;54.39613034576777;Inf;Inf
4945.0;54.39584939538832;Inf;Inf
4946.0;54.395568502258364;Inf;Inf
4947.0;54.395287666354946;Inf;Inf
4948.0;54.39500688765497;Inf;Inf
4949.0;54.39472616613549;Inf;Inf
4950.0;54.394445501773404;Inf;Inf
4951.0;54.39416489454584;Inf;Inf
4952.0;54.39388434442978;Inf;Inf
4953.0;54.39360385140233;Inf;Inf
4954.0;54.393323415440484;Inf;Inf
4955.0;54.3930430365213;Inf;Inf
4956.0;54.3927627146219;Inf;Inf
4957.0;54.392482449719424;Inf;Inf
4958.0;54.39220224179097;Inf;Inf
4959.0;54.391922090813665;Inf;Inf
4960.0;54.3916419967646;Inf;Inf
4961.0;54.39136195962105;Inf;Inf
4962.0;54.39108197936009;Inf;Inf
4963.0;54.39080205595891;Inf;Inf
4964.0;54.39052218939481;Inf;Inf
4965.0;54.390242379644945;Inf;Inf
4966.0;54.38996262668647;Inf;Inf
4967.0;54.38968293049672;Inf;Inf
4968.0;54.389403291052915;Inf;Inf
4969.0;54.389123708332285;Inf;Inf
4970.0;54.388844182312276;Inf;Inf
4971.0;54.38856471296997;Inf;Inf
4972.0;54.38828530028278;Inf;Inf
4973.0;54.388005944228155;Inf;Inf
4974.0;54.38772664478319;Inf;Inf
4975.0;54.38744740192532;Inf;Inf
4976.0;54.38716821563198;Inf;Inf
4977.0;54.38688908588049;Inf;Inf
4978.0;54.38661001264829;Inf;Inf
4979.0;54.38633099591276;Inf;Inf
4980.0;54.38605203565125;Inf;Inf
4981.0;54.38577313184131;Inf;Inf
4982.0;54.38549428446024;Inf;Inf
4983.0;54.38521549348572;Inf;Inf
4984.0;54.384936758895044;Inf;Inf
4985.0;54.38465808066578;Inf;Inf
4986.0;54.384379458775356;Inf;Inf
4987.0;54.384100893201364;Inf;Inf
4988.0;54.38382238392123;Inf;Inf
4989.0;54.383543930912566;Inf;Inf
4990.0;54.383265534152926;Inf;Inf
4991.0;54.382987193619925;Inf;Inf
4992.0;54.382708909291146;Inf;Inf
4993.0;54.382430681144115;Inf;Inf
4994.0;54.38215250915639;Inf;Inf
4995.0;54.3818743933057;Inf;Inf
4996.0;54.38159633356966;Inf;Inf
4997.0;54.381318329925925;Inf;Inf
4998.0;54.381040382352104;Inf;Inf
4999.0;54.3807624908259;Inf;Inf
5000.0;54.380484655325006;Inf;Inf
