IDs:;model_00_195_uM
Concentration [uM]:;00.195
Time [s];Surface tension [mJ/m^2];Area [mm^2];Volume [mm^3]
0.0;72.0;Inf;Inf
1.0;72.0;Inf;Inf
2.0;72.0;Inf;Inf
3.0;72.0;Inf;Inf
4.0;72.0;Inf;Inf
5.0;72.0;Inf;Inf
6.0;72.0;Inf;Inf
7.0;72.0;Inf;Inf
8.0;72.0;Inf;Inf
9.0;72.0;Inf;Inf
10.0;72.0;Inf;Inf
11.0;72.0;Inf;Inf
12.0;72.0;Inf;Inf
13.0;72.0;Inf;Inf
14.0;72.0;Inf;Inf
15.0;72.0;Inf;Inf
16.0;72.0;Inf;Inf
17.0;72.0;Inf;Inf
18.0;72.0;Inf;Inf
19.0;72.0;Inf;Inf
20.0;72.0;Inf;Inf
21.0;72.0;Inf;Inf
22.0;72.0;Inf;Inf
23.0;72.0;Inf;Inf
24.0;72.0;Inf;Inf
25.0;72.0;Inf;Inf
26.0;72.0;Inf;Inf
27.0;72.0;Inf;Inf
28.0;72.0;Inf;Inf
29.0;72.0;Inf;Inf
30.0;72.0;Inf;Inf
31.0;72.0;Inf;Inf
32.0;72.0;Inf;Inf
33.0;72.0;Inf;Inf
34.0;72.0;Inf;Inf
35.0;72.0;Inf;Inf
36.0;72.0;Inf;Inf
37.0;72.0;Inf;Inf
38.0;72.0;Inf;Inf
39.0;72.0;Inf;Inf
40.0;72.0;Inf;Inf
41.0;72.0;Inf;Inf
42.0;72.0;Inf;Inf
43.0;72.0;Inf;Inf
44.0;72.0;Inf;Inf
45.0;72.0;Inf;Inf
46.0;72.0;Inf;Inf
47.0;72.0;Inf;Inf
48.0;72.0;Inf;Inf
49.0;72.0;Inf;Inf
50.0;72.0;Inf;Inf
51.0;72.0;Inf;Inf
52.0;72.0;Inf;Inf
53.0;72.0;Inf;Inf
54.0;72.0;Inf;Inf
55.0;72.0;Inf;Inf
56.0;72.0;Inf;Inf
57.0;72.0;Inf;Inf
58.0;72.0;Inf;Inf
59.0;72.0;Inf;Inf
60.0;72.0;Inf;Inf
61.0;72.0;Inf;Inf
62.0;72.0;Inf;Inf
63.0;72.0;Inf;Inf
64.0;72.0;Inf;Inf
65.0;72.0;Inf;Inf
66.0;72.0;Inf;Inf
67.0;72.0;Inf;Inf
68.0;72.0;Inf;Inf
69.0;72.0;Inf;Inf
70.0;72.0;Inf;Inf
71.0;72.0;Inf;Inf
72.0;72.0;Inf;Inf
73.0;72.0;Inf;Inf
74.0;72.0;Inf;Inf
75.0;72.0;Inf;Inf
76.0;72.0;Inf;Inf
77.0;72.0;Inf;Inf
78.0;72.0;Inf;Inf
79.0;72.0;Inf;Inf
80.0;72.0;Inf;Inf
81.0;72.0;Inf;Inf
82.0;72.0;Inf;Inf
83.0;72.0;Inf;Inf
84.0;72.0;Inf;Inf
85.0;72.0;Inf;Inf
86.0;72.0;Inf;Inf
87.0;72.0;Inf;Inf
88.0;72.0;Inf;Inf
89.0;72.0;Inf;Inf
90.0;72.0;Inf;Inf
91.0;72.0;Inf;Inf
92.0;72.0;Inf;Inf
93.0;72.0;Inf;Inf
94.0;72.0;Inf;Inf
95.0;72.0;Inf;Inf
96.0;72.0;Inf;Inf
97.0;72.0;Inf;Inf
98.0;72.0;Inf;Inf
99.0;72.0;Inf;Inf
100.0;72.0;Inf;Inf
101.0;72.0;Inf;Inf
102.0;72.0;Inf;Inf
103.0;72.0;Inf;Inf
104.0;72.0;Inf;Inf
105.0;72.0;Inf;Inf
106.0;72.0;Inf;Inf
107.0;72.0;Inf;Inf
108.0;72.0;Inf;Inf
109.0;72.0;Inf;Inf
110.0;72.0;Inf;Inf
111.0;72.0;Inf;Inf
112.0;72.0;Inf;Inf
113.0;72.0;Inf;Inf
114.0;72.0;Inf;Inf
115.0;72.0;Inf;Inf
116.0;72.0;Inf;Inf
117.0;72.0;Inf;Inf
118.0;72.0;Inf;Inf
119.0;72.0;Inf;Inf
120.0;72.0;Inf;Inf
121.0;72.0;Inf;Inf
122.0;72.0;Inf;Inf
123.0;72.0;Inf;Inf
124.0;72.0;Inf;Inf
125.0;72.0;Inf;Inf
126.0;72.0;Inf;Inf
127.0;72.0;Inf;Inf
128.0;72.0;Inf;Inf
129.0;72.0;Inf;Inf
130.0;72.0;Inf;Inf
131.0;72.0;Inf;Inf
132.0;72.0;Inf;Inf
133.0;72.0;Inf;Inf
134.0;72.0;Inf;Inf
135.0;72.0;Inf;Inf
136.0;72.0;Inf;Inf
137.0;72.0;Inf;Inf
138.0;72.0;Inf;Inf
139.0;72.0;Inf;Inf
140.0;72.0;Inf;Inf
141.0;72.0;Inf;Inf
142.0;72.0;Inf;Inf
143.0;72.0;Inf;Inf
144.0;72.0;Inf;Inf
145.0;72.0;Inf;Inf
146.0;72.0;Inf;Inf
147.0;72.0;Inf;Inf
148.0;72.0;Inf;Inf
149.0;72.0;Inf;Inf
150.0;72.0;Inf;Inf
151.0;72.0;Inf;Inf
152.0;72.0;Inf;Inf
153.0;72.0;Inf;Inf
154.0;72.0;Inf;Inf
155.0;72.0;Inf;Inf
156.0;72.0;Inf;Inf
157.0;72.0;Inf;Inf
158.0;72.0;Inf;Inf
159.0;72.0;Inf;Inf
160.0;72.0;Inf;Inf
161.0;72.0;Inf;Inf
162.0;72.0;Inf;Inf
163.0;72.0;Inf;Inf
164.0;72.0;Inf;Inf
165.0;72.0;Inf;Inf
166.0;72.0;Inf;Inf
167.0;72.0;Inf;Inf
168.0;72.0;Inf;Inf
169.0;72.0;Inf;Inf
170.0;72.0;Inf;Inf
171.0;72.0;Inf;Inf
172.0;72.0;Inf;Inf
173.0;72.0;Inf;Inf
174.0;72.0;Inf;Inf
175.0;72.0;Inf;Inf
176.0;72.0;Inf;Inf
177.0;72.0;Inf;Inf
178.0;72.0;Inf;Inf
179.0;72.0;Inf;Inf
180.0;72.0;Inf;Inf
181.0;72.0;Inf;Inf
182.0;72.0;Inf;Inf
183.0;72.0;Inf;Inf
184.0;72.0;Inf;Inf
185.0;72.0;Inf;Inf
186.0;72.0;Inf;Inf
187.0;72.0;Inf;Inf
188.0;72.0;Inf;Inf
189.0;72.0;Inf;Inf
190.0;72.0;Inf;Inf
191.0;72.0;Inf;Inf
192.0;72.0;Inf;Inf
193.0;72.0;Inf;Inf
194.0;72.0;Inf;Inf
195.0;72.0;Inf;Inf
196.0;72.0;Inf;Inf
197.0;72.0;Inf;Inf
198.0;72.0;Inf;Inf
199.0;72.0;Inf;Inf
200.0;72.0;Inf;Inf
201.0;72.0;Inf;Inf
202.0;72.0;Inf;Inf
203.0;72.0;Inf;Inf
204.0;72.0;Inf;Inf
205.0;72.0;Inf;Inf
206.0;72.0;Inf;Inf
207.0;72.0;Inf;Inf
208.0;72.0;Inf;Inf
209.0;72.0;Inf;Inf
210.0;72.0;Inf;Inf
211.0;72.0;Inf;Inf
212.0;72.0;Inf;Inf
213.0;72.0;Inf;Inf
214.0;72.0;Inf;Inf
215.0;72.0;Inf;Inf
216.0;72.0;Inf;Inf
217.0;72.0;Inf;Inf
218.0;72.0;Inf;Inf
219.0;72.0;Inf;Inf
220.0;72.0;Inf;Inf
221.0;72.0;Inf;Inf
222.0;72.0;Inf;Inf
223.0;72.0;Inf;Inf
224.0;72.0;Inf;Inf
225.0;72.0;Inf;Inf
226.0;72.0;Inf;Inf
227.0;72.0;Inf;Inf
228.0;72.0;Inf;Inf
229.0;72.0;Inf;Inf
230.0;72.0;Inf;Inf
231.0;72.0;Inf;Inf
232.0;72.0;Inf;Inf
233.0;72.0;Inf;Inf
234.0;72.0;Inf;Inf
235.0;72.0;Inf;Inf
236.0;72.0;Inf;Inf
237.0;72.0;Inf;Inf
238.0;72.0;Inf;Inf
239.0;72.0;Inf;Inf
240.0;72.0;Inf;Inf
241.0;72.0;Inf;Inf
242.0;72.0;Inf;Inf
243.0;72.0;Inf;Inf
244.0;72.0;Inf;Inf
245.0;72.0;Inf;Inf
246.0;72.0;Inf;Inf
247.0;72.0;Inf;Inf
248.0;72.0;Inf;Inf
249.0;72.0;Inf;Inf
250.0;72.0;Inf;Inf
251.0;72.0;Inf;Inf
252.0;72.0;Inf;Inf
253.0;72.0;Inf;Inf
254.0;72.0;Inf;Inf
255.0;72.0;Inf;Inf
256.0;72.0;Inf;Inf
257.0;72.0;Inf;Inf
258.0;72.0;Inf;Inf
259.0;72.0;Inf;Inf
260.0;72.0;Inf;Inf
261.0;72.0;Inf;Inf
262.0;72.0;Inf;Inf
263.0;72.0;Inf;Inf
264.0;72.0;Inf;Inf
265.0;72.0;Inf;Inf
266.0;72.0;Inf;Inf
267.0;72.0;Inf;Inf
268.0;72.0;Inf;Inf
269.0;72.0;Inf;Inf
270.0;72.0;Inf;Inf
271.0;72.0;Inf;Inf
272.0;72.0;Inf;Inf
273.0;72.0;Inf;Inf
274.0;72.0;Inf;Inf
275.0;72.0;Inf;Inf
276.0;72.0;Inf;Inf
277.0;72.0;Inf;Inf
278.0;72.0;Inf;Inf
279.0;72.0;Inf;Inf
280.0;72.0;Inf;Inf
281.0;72.0;Inf;Inf
282.0;72.0;Inf;Inf
283.0;72.0;Inf;Inf
284.0;72.0;Inf;Inf
285.0;72.0;Inf;Inf
286.0;72.0;Inf;Inf
287.0;72.0;Inf;Inf
288.0;72.0;Inf;Inf
289.0;72.0;Inf;Inf
290.0;72.0;Inf;Inf
291.0;72.0;Inf;Inf
292.0;72.0;Inf;Inf
293.0;72.0;Inf;Inf
294.0;72.0;Inf;Inf
295.0;72.0;Inf;Inf
296.0;72.0;Inf;Inf
297.0;72.0;Inf;Inf
298.0;72.0;Inf;Inf
299.0;72.0;Inf;Inf
300.0;72.0;Inf;Inf
301.0;72.0;Inf;Inf
302.0;72.0;Inf;Inf
303.0;72.0;Inf;Inf
304.0;72.0;Inf;Inf
305.0;72.0;Inf;Inf
306.0;72.0;Inf;Inf
307.0;72.0;Inf;Inf
308.0;72.0;Inf;Inf
309.0;72.0;Inf;Inf
310.0;72.0;Inf;Inf
311.0;72.0;Inf;Inf
312.0;72.0;Inf;Inf
313.0;72.0;Inf;Inf
314.0;72.0;Inf;Inf
315.0;72.0;Inf;Inf
316.0;72.0;Inf;Inf
317.0;72.0;Inf;Inf
318.0;72.0;Inf;Inf
319.0;72.0;Inf;Inf
320.0;72.0;Inf;Inf
321.0;72.0;Inf;Inf
322.0;72.0;Inf;Inf
323.0;72.0;Inf;Inf
324.0;72.0;Inf;Inf
325.0;72.0;Inf;Inf
326.0;72.0;Inf;Inf
327.0;72.0;Inf;Inf
328.0;72.0;Inf;Inf
329.0;72.0;Inf;Inf
330.0;72.0;Inf;Inf
331.0;72.0;Inf;Inf
332.0;72.0;Inf;Inf
333.0;72.0;Inf;Inf
334.0;72.0;Inf;Inf
335.0;72.0;Inf;Inf
336.0;72.0;Inf;Inf
337.0;72.0;Inf;Inf
338.0;72.0;Inf;Inf
339.0;72.0;Inf;Inf
340.0;72.0;Inf;Inf
341.0;72.0;Inf;Inf
342.0;72.0;Inf;Inf
343.0;72.0;Inf;Inf
344.0;72.0;Inf;Inf
345.0;72.0;Inf;Inf
346.0;72.0;Inf;Inf
347.0;72.0;Inf;Inf
348.0;72.0;Inf;Inf
349.0;72.0;Inf;Inf
350.0;72.0;Inf;Inf
351.0;72.0;Inf;Inf
352.0;72.0;Inf;Inf
353.0;72.0;Inf;Inf
354.0;72.0;Inf;Inf
355.0;72.0;Inf;Inf
356.0;72.0;Inf;Inf
357.0;72.0;Inf;Inf
358.0;72.0;Inf;Inf
359.0;72.0;Inf;Inf
360.0;72.0;Inf;Inf
361.0;72.0;Inf;Inf
362.0;72.0;Inf;Inf
363.0;72.0;Inf;Inf
364.0;72.0;Inf;Inf
365.0;72.0;Inf;Inf
366.0;72.0;Inf;Inf
367.0;72.0;Inf;Inf
368.0;72.0;Inf;Inf
369.0;72.0;Inf;Inf
370.0;72.0;Inf;Inf
371.0;72.0;Inf;Inf
372.0;72.0;Inf;Inf
373.0;72.0;Inf;Inf
374.0;72.0;Inf;Inf
375.0;72.0;Inf;Inf
376.0;72.0;Inf;Inf
377.0;72.0;Inf;Inf
378.0;72.0;Inf;Inf
379.0;72.0;Inf;Inf
380.0;72.0;Inf;Inf
381.0;72.0;Inf;Inf
382.0;72.0;Inf;Inf
383.0;72.0;Inf;Inf
384.0;72.0;Inf;Inf
385.0;72.0;Inf;Inf
386.0;72.0;Inf;Inf
387.0;72.0;Inf;Inf
388.0;72.0;Inf;Inf
389.0;72.0;Inf;Inf
390.0;72.0;Inf;Inf
391.0;72.0;Inf;Inf
392.0;72.0;Inf;Inf
393.0;72.0;Inf;Inf
394.0;72.0;Inf;Inf
395.0;72.0;Inf;Inf
396.0;72.0;Inf;Inf
397.0;72.0;Inf;Inf
398.0;72.0;Inf;Inf
399.0;72.0;Inf;Inf
400.0;72.0;Inf;Inf
401.0;72.0;Inf;Inf
402.0;72.0;Inf;Inf
403.0;72.0;Inf;Inf
404.0;72.0;Inf;Inf
405.0;72.0;Inf;Inf
406.0;72.0;Inf;Inf
407.0;72.0;Inf;Inf
408.0;72.0;Inf;Inf
409.0;72.0;Inf;Inf
410.0;72.0;Inf;Inf
411.0;72.0;Inf;Inf
412.0;72.0;Inf;Inf
413.0;72.0;Inf;Inf
414.0;72.0;Inf;Inf
415.0;72.0;Inf;Inf
416.0;72.0;Inf;Inf
417.0;72.0;Inf;Inf
418.0;72.0;Inf;Inf
419.0;72.0;Inf;Inf
420.0;72.0;Inf;Inf
421.0;72.0;Inf;Inf
422.0;72.0;Inf;Inf
423.0;72.0;Inf;Inf
424.0;72.0;Inf;Inf
425.0;72.0;Inf;Inf
426.0;72.0;Inf;Inf
427.0;72.0;Inf;Inf
428.0;72.0;Inf;Inf
429.0;72.0;Inf;Inf
430.0;72.0;Inf;Inf
431.0;72.0;Inf;Inf
432.0;72.0;Inf;Inf
433.0;72.0;Inf;Inf
434.0;72.0;Inf;Inf
435.0;72.0;Inf;Inf
436.0;72.0;Inf;Inf
437.0;72.0;Inf;Inf
438.0;72.0;Inf;Inf
439.0;72.0;Inf;Inf
440.0;72.0;Inf;Inf
441.0;72.0;Inf;Inf
442.0;72.0;Inf;Inf
443.0;72.0;Inf;Inf
444.0;72.0;Inf;Inf
445.0;72.0;Inf;Inf
446.0;72.0;Inf;Inf
447.0;72.0;Inf;Inf
448.0;72.0;Inf;Inf
449.0;72.0;Inf;Inf
450.0;72.0;Inf;Inf
451.0;72.0;Inf;Inf
452.0;72.0;Inf;Inf
453.0;72.0;Inf;Inf
454.0;72.0;Inf;Inf
455.0;72.0;Inf;Inf
456.0;72.0;Inf;Inf
457.0;72.0;Inf;Inf
458.0;72.0;Inf;Inf
459.0;72.0;Inf;Inf
460.0;72.0;Inf;Inf
461.0;72.0;Inf;Inf
462.0;72.0;Inf;Inf
463.0;72.0;Inf;Inf
464.0;72.0;Inf;Inf
465.0;72.0;Inf;Inf
466.0;72.0;Inf;Inf
467.0;72.0;Inf;Inf
468.0;72.0;Inf;Inf
469.0;72.0;Inf;Inf
470.0;72.0;Inf;Inf
471.0;72.0;Inf;Inf
472.0;72.0;Inf;Inf
473.0;72.0;Inf;Inf
474.0;72.0;Inf;Inf
475.0;72.0;Inf;Inf
476.0;72.0;Inf;Inf
477.0;72.0;Inf;Inf
478.0;72.0;Inf;Inf
479.0;72.0;Inf;Inf
480.0;72.0;Inf;Inf
481.0;72.0;Inf;Inf
482.0;72.0;Inf;Inf
483.0;72.0;Inf;Inf
484.0;72.0;Inf;Inf
485.0;72.0;Inf;Inf
486.0;72.0;Inf;Inf
487.0;72.0;Inf;Inf
488.0;72.0;Inf;Inf
489.0;72.0;Inf;Inf
490.0;72.0;Inf;Inf
491.0;72.0;Inf;Inf
492.0;72.0;Inf;Inf
493.0;72.0;Inf;Inf
494.0;72.0;Inf;Inf
495.0;72.0;Inf;Inf
496.0;72.0;Inf;Inf
497.0;72.0;Inf;Inf
498.0;72.0;Inf;Inf
499.0;72.0;Inf;Inf
500.0;72.0;Inf;Inf
501.0;72.0;Inf;Inf
502.0;72.0;Inf;Inf
503.0;72.0;Inf;Inf
504.0;72.0;Inf;Inf
505.0;72.0;Inf;Inf
506.0;72.0;Inf;Inf
507.0;72.0;Inf;Inf
508.0;72.0;Inf;Inf
509.0;72.0;Inf;Inf
510.0;72.0;Inf;Inf
511.0;72.0;Inf;Inf
512.0;72.0;Inf;Inf
513.0;72.0;Inf;Inf
514.0;72.0;Inf;Inf
515.0;72.0;Inf;Inf
516.0;72.0;Inf;Inf
517.0;72.0;Inf;Inf
518.0;72.0;Inf;Inf
519.0;72.0;Inf;Inf
520.0;72.0;Inf;Inf
521.0;72.0;Inf;Inf
522.0;72.0;Inf;Inf
523.0;72.0;Inf;Inf
524.0;72.0;Inf;Inf
525.0;72.0;Inf;Inf
526.0;72.0;Inf;Inf
527.0;72.0;Inf;Inf
528.0;72.0;Inf;Inf
529.0;72.0;Inf;Inf
530.0;72.0;Inf;Inf
531.0;72.0;Inf;Inf
532.0;72.0;Inf;Inf
533.0;72.0;Inf;Inf
534.0;72.0;Inf;Inf
535.0;72.0;Inf;Inf
536.0;72.0;Inf;Inf
537.0;72.0;Inf;Inf
538.0;72.0;Inf;Inf
539.0;72.0;Inf;Inf
540.0;72.0;Inf;Inf
541.0;72.0;Inf;Inf
542.0;72.0;Inf;Inf
543.0;72.0;Inf;Inf
544.0;72.0;Inf;Inf
545.0;72.0;Inf;Inf
546.0;72.0;Inf;Inf
547.0;72.0;Inf;Inf
548.0;72.0;Inf;Inf
549.0;72.0;Inf;Inf
550.0;72.0;Inf;Inf
551.0;72.0;Inf;Inf
552.0;72.0;Inf;Inf
553.0;72.0;Inf;Inf
554.0;72.0;Inf;Inf
555.0;72.0;Inf;Inf
556.0;72.0;Inf;Inf
557.0;72.0;Inf;Inf
558.0;72.0;Inf;Inf
559.0;72.0;Inf;Inf
560.0;72.0;Inf;Inf
561.0;72.0;Inf;Inf
562.0;72.0;Inf;Inf
563.0;72.0;Inf;Inf
564.0;72.0;Inf;Inf
565.0;72.0;Inf;Inf
566.0;72.0;Inf;Inf
567.0;72.0;Inf;Inf
568.0;72.0;Inf;Inf
569.0;72.0;Inf;Inf
570.0;72.0;Inf;Inf
571.0;72.0;Inf;Inf
572.0;72.0;Inf;Inf
573.0;72.0;Inf;Inf
574.0;72.0;Inf;Inf
575.0;72.0;Inf;Inf
576.0;72.0;Inf;Inf
577.0;72.0;Inf;Inf
578.0;72.0;Inf;Inf
579.0;72.0;Inf;Inf
580.0;72.0;Inf;Inf
581.0;72.0;Inf;Inf
582.0;72.0;Inf;Inf
583.0;72.0;Inf;Inf
584.0;72.0;Inf;Inf
585.0;72.0;Inf;Inf
586.0;72.0;Inf;Inf
587.0;72.0;Inf;Inf
588.0;72.0;Inf;Inf
589.0;72.0;Inf;Inf
590.0;72.0;Inf;Inf
591.0;72.0;Inf;Inf
592.0;72.0;Inf;Inf
593.0;72.0;Inf;Inf
594.0;72.0;Inf;Inf
595.0;72.0;Inf;Inf
596.0;72.0;Inf;Inf
597.0;72.0;Inf;Inf
598.0;72.0;Inf;Inf
599.0;72.0;Inf;Inf
600.0;72.0;Inf;Inf
601.0;72.0;Inf;Inf
602.0;72.0;Inf;Inf
603.0;72.0;Inf;Inf
604.0;72.0;Inf;Inf
605.0;72.0;Inf;Inf
606.0;72.0;Inf;Inf
607.0;72.0;Inf;Inf
608.0;72.0;Inf;Inf
609.0;72.0;Inf;Inf
610.0;72.0;Inf;Inf
611.0;72.0;Inf;Inf
612.0;72.0;Inf;Inf
613.0;72.0;Inf;Inf
614.0;72.0;Inf;Inf
615.0;72.0;Inf;Inf
616.0;72.0;Inf;Inf
617.0;72.0;Inf;Inf
618.0;72.0;Inf;Inf
619.0;72.0;Inf;Inf
620.0;72.0;Inf;Inf
621.0;72.0;Inf;Inf
622.0;72.0;Inf;Inf
623.0;72.0;Inf;Inf
624.0;72.0;Inf;Inf
625.0;72.0;Inf;Inf
626.0;72.0;Inf;Inf
627.0;72.0;Inf;Inf
628.0;72.0;Inf;Inf
629.0;72.0;Inf;Inf
630.0;72.0;Inf;Inf
631.0;72.0;Inf;Inf
632.0;72.0;Inf;Inf
633.0;72.0;Inf;Inf
634.0;72.0;Inf;Inf
635.0;72.0;Inf;Inf
636.0;72.0;Inf;Inf
637.0;72.0;Inf;Inf
638.0;72.0;Inf;Inf
639.0;72.0;Inf;Inf
640.0;72.0;Inf;Inf
641.0;72.0;Inf;Inf
642.0;72.0;Inf;Inf
643.0;72.0;Inf;Inf
644.0;72.0;Inf;Inf
645.0;72.0;Inf;Inf
646.0;72.0;Inf;Inf
647.0;72.0;Inf;Inf
648.0;72.0;Inf;Inf
649.0;72.0;Inf;Inf
650.0;72.0;Inf;Inf
651.0;72.0;Inf;Inf
652.0;72.0;Inf;Inf
653.0;72.0;Inf;Inf
654.0;72.0;Inf;Inf
655.0;72.0;Inf;Inf
656.0;72.0;Inf;Inf
657.0;72.0;Inf;Inf
658.0;72.0;Inf;Inf
659.0;72.0;Inf;Inf
660.0;72.0;Inf;Inf
661.0;72.0;Inf;Inf
662.0;72.0;Inf;Inf
663.0;72.0;Inf;Inf
664.0;72.0;Inf;Inf
665.0;72.0;Inf;Inf
666.0;72.0;Inf;Inf
667.0;72.0;Inf;Inf
668.0;72.0;Inf;Inf
669.0;72.0;Inf;Inf
670.0;72.0;Inf;Inf
671.0;72.0;Inf;Inf
672.0;72.0;Inf;Inf
673.0;72.0;Inf;Inf
674.0;72.0;Inf;Inf
675.0;72.0;Inf;Inf
676.0;72.0;Inf;Inf
677.0;72.0;Inf;Inf
678.0;72.0;Inf;Inf
679.0;72.0;Inf;Inf
680.0;72.0;Inf;Inf
681.0;72.0;Inf;Inf
682.0;72.0;Inf;Inf
683.0;72.0;Inf;Inf
684.0;72.0;Inf;Inf
685.0;72.0;Inf;Inf
686.0;72.0;Inf;Inf
687.0;72.0;Inf;Inf
688.0;72.0;Inf;Inf
689.0;72.0;Inf;Inf
690.0;72.0;Inf;Inf
691.0;72.0;Inf;Inf
692.0;72.0;Inf;Inf
693.0;72.0;Inf;Inf
694.0;72.0;Inf;Inf
695.0;72.0;Inf;Inf
696.0;72.0;Inf;Inf
697.0;72.0;Inf;Inf
698.0;72.0;Inf;Inf
699.0;72.0;Inf;Inf
700.0;72.0;Inf;Inf
701.0;72.0;Inf;Inf
702.0;72.0;Inf;Inf
703.0;72.0;Inf;Inf
704.0;72.0;Inf;Inf
705.0;72.0;Inf;Inf
706.0;72.0;Inf;Inf
707.0;72.0;Inf;Inf
708.0;72.0;Inf;Inf
709.0;72.0;Inf;Inf
710.0;72.0;Inf;Inf
711.0;72.0;Inf;Inf
712.0;72.0;Inf;Inf
713.0;72.0;Inf;Inf
714.0;72.0;Inf;Inf
715.0;72.0;Inf;Inf
716.0;72.0;Inf;Inf
717.0;72.0;Inf;Inf
718.0;72.0;Inf;Inf
719.0;72.0;Inf;Inf
720.0;72.0;Inf;Inf
721.0;72.0;Inf;Inf
722.0;72.0;Inf;Inf
723.0;72.0;Inf;Inf
724.0;72.0;Inf;Inf
725.0;72.0;Inf;Inf
726.0;72.0;Inf;Inf
727.0;72.0;Inf;Inf
728.0;72.0;Inf;Inf
729.0;72.0;Inf;Inf
730.0;72.0;Inf;Inf
731.0;72.0;Inf;Inf
732.0;72.0;Inf;Inf
733.0;72.0;Inf;Inf
734.0;72.0;Inf;Inf
735.0;72.0;Inf;Inf
736.0;72.0;Inf;Inf
737.0;72.0;Inf;Inf
738.0;72.0;Inf;Inf
739.0;72.0;Inf;Inf
740.0;72.0;Inf;Inf
741.0;72.0;Inf;Inf
742.0;72.0;Inf;Inf
743.0;72.0;Inf;Inf
744.0;72.0;Inf;Inf
745.0;72.0;Inf;Inf
746.0;72.0;Inf;Inf
747.0;72.0;Inf;Inf
748.0;72.0;Inf;Inf
749.0;72.0;Inf;Inf
750.0;72.0;Inf;Inf
751.0;72.0;Inf;Inf
752.0;72.0;Inf;Inf
753.0;72.0;Inf;Inf
754.0;72.0;Inf;Inf
755.0;72.0;Inf;Inf
756.0;72.0;Inf;Inf
757.0;72.0;Inf;Inf
758.0;72.0;Inf;Inf
759.0;72.0;Inf;Inf
760.0;72.0;Inf;Inf
761.0;72.0;Inf;Inf
762.0;72.0;Inf;Inf
763.0;72.0;Inf;Inf
764.0;72.0;Inf;Inf
765.0;72.0;Inf;Inf
766.0;72.0;Inf;Inf
767.0;72.0;Inf;Inf
768.0;72.0;Inf;Inf
769.0;72.0;Inf;Inf
770.0;72.0;Inf;Inf
771.0;72.0;Inf;Inf
772.0;72.0;Inf;Inf
773.0;72.0;Inf;Inf
774.0;72.0;Inf;Inf
775.0;72.0;Inf;Inf
776.0;72.0;Inf;Inf
777.0;72.0;Inf;Inf
778.0;72.0;Inf;Inf
779.0;72.0;Inf;Inf
780.0;72.0;Inf;Inf
781.0;72.0;Inf;Inf
782.0;72.0;Inf;Inf
783.0;72.0;Inf;Inf
784.0;72.0;Inf;Inf
785.0;72.0;Inf;Inf
786.0;72.0;Inf;Inf
787.0;72.0;Inf;Inf
788.0;72.0;Inf;Inf
789.0;72.0;Inf;Inf
790.0;72.0;Inf;Inf
791.0;72.0;Inf;Inf
792.0;72.0;Inf;Inf
793.0;72.0;Inf;Inf
794.0;72.0;Inf;Inf
795.0;72.0;Inf;Inf
796.0;72.0;Inf;Inf
797.0;72.0;Inf;Inf
798.0;72.0;Inf;Inf
799.0;72.0;Inf;Inf
800.0;72.0;Inf;Inf
801.0;72.0;Inf;Inf
802.0;72.0;Inf;Inf
803.0;72.0;Inf;Inf
804.0;72.0;Inf;Inf
805.0;72.0;Inf;Inf
806.0;72.0;Inf;Inf
807.0;72.0;Inf;Inf
808.0;72.0;Inf;Inf
809.0;72.0;Inf;Inf
810.0;72.0;Inf;Inf
811.0;72.0;Inf;Inf
812.0;72.0;Inf;Inf
813.0;72.0;Inf;Inf
814.0;72.0;Inf;Inf
815.0;72.0;Inf;Inf
816.0;72.0;Inf;Inf
817.0;72.0;Inf;Inf
818.0;72.0;Inf;Inf
819.0;72.0;Inf;Inf
820.0;72.0;Inf;Inf
821.0;72.0;Inf;Inf
822.0;72.0;Inf;Inf
823.0;72.0;Inf;Inf
824.0;72.0;Inf;Inf
825.0;72.0;Inf;Inf
826.0;72.0;Inf;Inf
827.0;72.0;Inf;Inf
828.0;72.0;Inf;Inf
829.0;72.0;Inf;Inf
830.0;72.0;Inf;Inf
831.0;72.0;Inf;Inf
832.0;72.0;Inf;Inf
833.0;72.0;Inf;Inf
834.0;72.0;Inf;Inf
835.0;72.0;Inf;Inf
836.0;72.0;Inf;Inf
837.0;72.0;Inf;Inf
838.0;72.0;Inf;Inf
839.0;72.0;Inf;Inf
840.0;72.0;Inf;Inf
841.0;72.0;Inf;Inf
842.0;72.0;Inf;Inf
843.0;72.0;Inf;Inf
844.0;72.0;Inf;Inf
845.0;72.0;Inf;Inf
846.0;72.0;Inf;Inf
847.0;72.0;Inf;Inf
848.0;72.0;Inf;Inf
849.0;72.0;Inf;Inf
850.0;72.0;Inf;Inf
851.0;72.0;Inf;Inf
852.0;72.0;Inf;Inf
853.0;72.0;Inf;Inf
854.0;72.0;Inf;Inf
855.0;72.0;Inf;Inf
856.0;72.0;Inf;Inf
857.0;72.0;Inf;Inf
858.0;72.0;Inf;Inf
859.0;72.0;Inf;Inf
860.0;72.0;Inf;Inf
861.0;72.0;Inf;Inf
862.0;72.0;Inf;Inf
863.0;72.0;Inf;Inf
864.0;72.0;Inf;Inf
865.0;72.0;Inf;Inf
866.0;72.0;Inf;Inf
867.0;72.0;Inf;Inf
868.0;72.0;Inf;Inf
869.0;72.0;Inf;Inf
870.0;72.0;Inf;Inf
871.0;72.0;Inf;Inf
872.0;71.99517060927604;Inf;Inf
873.0;71.98719073249224;Inf;Inf
874.0;71.97921839717253;Inf;Inf
875.0;71.97125358891253;Inf;Inf
876.0;71.96329629364551;Inf;Inf
877.0;71.95534649748224;Inf;Inf
878.0;71.94740418664924;Inf;Inf
879.0;71.9394693474591;Inf;Inf
880.0;71.93154196629513;Inf;Inf
881.0;71.92362202960173;Inf;Inf
882.0;71.91570952387853;Inf;Inf
883.0;71.90780443567623;Inf;Inf
884.0;71.89990675159353;Inf;Inf
885.0;71.89201645827504;Inf;Inf
886.0;71.88413354240967;Inf;Inf
887.0;71.87625799072973;Inf;Inf
888.0;71.86838979000916;Inf;Inf
889.0;71.86052892706346;Inf;Inf
890.0;71.85267538874852;Inf;Inf
891.0;71.84482916195998;Inf;Inf
892.0;71.83699023363314;Inf;Inf
893.0;71.82915859074238;Inf;Inf
894.0;71.8213342203006;Inf;Inf
895.0;71.81351710935903;Inf;Inf
896.0;71.80570724500652;Inf;Inf
897.0;71.79790461436978;Inf;Inf
898.0;71.79010920461286;Inf;Inf
899.0;71.78232100293684;Inf;Inf
900.0;71.77453999657992;Inf;Inf
901.0;71.76676617281652;Inf;Inf
902.0;71.75899951895775;Inf;Inf
903.0;71.75124002235086;Inf;Inf
904.0;71.7434876703792;Inf;Inf
905.0;71.73574245046174;Inf;Inf
906.0;71.7280043500543;Inf;Inf
907.0;71.7202733567349;Inf;Inf
908.0;71.71254945806153;Inf;Inf
909.0;71.70483264157376;Inf;Inf
910.0;71.69712289485713;Inf;Inf
911.0;71.68942020553699;Inf;Inf
912.0;71.68172456127535;Inf;Inf
913.0;71.67403594977006;Inf;Inf
914.0;71.66635435875416;Inf;Inf
915.0;71.65867977599552;Inf;Inf
916.0;71.6510121892966;Inf;Inf
917.0;71.64335158649386;Inf;Inf
918.0;71.63569795545794;Inf;Inf
919.0;71.62805128409293;Inf;Inf
920.0;71.62041156033692;Inf;Inf
921.0;71.61277877216122;Inf;Inf
922.0;71.60515290757061;Inf;Inf
923.0;71.59753395460312;Inf;Inf
924.0;71.58992190132959;Inf;Inf
925.0;71.58231673585362;Inf;Inf
926.0;71.57471844631156;Inf;Inf
927.0;71.56712702087263;Inf;Inf
928.0;71.55954244773818;Inf;Inf
929.0;71.55196471514228;Inf;Inf
930.0;71.54439381135079;Inf;Inf
931.0;71.53682972466173;Inf;Inf
932.0;71.52927244340516;Inf;Inf
933.0;71.52172195594281;Inf;Inf
934.0;71.51417825066841;Inf;Inf
935.0;71.50664131600696;Inf;Inf
936.0;71.49911114041498;Inf;Inf
937.0;71.49158771238011;Inf;Inf
938.0;71.48407102042155;Inf;Inf
939.0;71.47656105308924;Inf;Inf
940.0;71.46905779896436;Inf;Inf
941.0;71.46156124665883;Inf;Inf
942.0;71.45407138481528;Inf;Inf
943.0;71.44658820210694;Inf;Inf
944.0;71.43911168723734;Inf;Inf
945.0;71.43164182894056;Inf;Inf
946.0;71.42417861598092;Inf;Inf
947.0;71.4167220371531;Inf;Inf
948.0;71.40927208128124;Inf;Inf
949.0;71.40182873722;Inf;Inf
950.0;71.39439199385332;Inf;Inf
951.0;71.38696184009538;Inf;Inf
952.0;71.3795382648895;Inf;Inf
953.0;71.3721212572089;Inf;Inf
954.0;71.36471080605563;Inf;Inf
955.0;71.35730690046135;Inf;Inf
956.0;71.34990952948684;Inf;Inf
957.0;71.34251868222171;Inf;Inf
958.0;71.33513434778482;Inf;Inf
959.0;71.32775651532377;Inf;Inf
960.0;71.32038517401475;Inf;Inf
961.0;71.31302031306247;Inf;Inf
962.0;71.30566192170052;Inf;Inf
963.0;71.29830998919063;Inf;Inf
964.0;71.2909645048229;Inf;Inf
965.0;71.28362545791583;Inf;Inf
966.0;71.27629283781565;Inf;Inf
967.0;71.26896663389644;Inf;Inf
968.0;71.26164683556071;Inf;Inf
969.0;71.25433343223834;Inf;Inf
970.0;71.24702641338727;Inf;Inf
971.0;71.23972576849286;Inf;Inf
972.0;71.23243148706793;Inf;Inf
973.0;71.22514355865253;Inf;Inf
974.0;71.2178619728145;Inf;Inf
975.0;71.21058671914838;Inf;Inf
976.0;71.203317787276;Inf;Inf
977.0;71.19605516684628;Inf;Inf
978.0;71.1887988475349;Inf;Inf
979.0;71.18154881904435;Inf;Inf
980.0;71.17430507110384;Inf;Inf
981.0;71.16706759346921;Inf;Inf
982.0;71.15983637592305;Inf;Inf
983.0;71.15261140827423;Inf;Inf
984.0;71.14539268035794;Inf;Inf
985.0;71.13818018203536;Inf;Inf
986.0;71.13097390319412;Inf;Inf
987.0;71.12377383374773;Inf;Inf
988.0;71.11657996363587;Inf;Inf
989.0;71.10939228282388;Inf;Inf
990.0;71.10221078130331;Inf;Inf
991.0;71.09503544909076;Inf;Inf
992.0;71.08786627622894;Inf;Inf
993.0;71.08070325278574;Inf;Inf
994.0;71.07354636885464;Inf;Inf
995.0;71.06639561455441;Inf;Inf
996.0;71.05925098002923;Inf;Inf
997.0;71.05211245544827;Inf;Inf
998.0;71.04498003100574;Inf;Inf
999.0;71.03785369692075;Inf;Inf
1000.0;71.03073344343758;Inf;Inf
1001.0;71.02361926082503;Inf;Inf
1002.0;71.01651113937685;Inf;Inf
1003.0;71.00940906941153;Inf;Inf
1004.0;71.00231304127189;Inf;Inf
1005.0;70.99522304532499;Inf;Inf
1006.0;70.98813907196262;Inf;Inf
1007.0;70.98106111160062;Inf;Inf
1008.0;70.97398915467939;Inf;Inf
1009.0;70.96692319166303;Inf;Inf
1010.0;70.95986321304028;Inf;Inf
1011.0;70.95280920932298;Inf;Inf
1012.0;70.94576117104776;Inf;Inf
1013.0;70.9387190887743;Inf;Inf
1014.0;70.93168295308648;Inf;Inf
1015.0;70.92465275459149;Inf;Inf
1016.0;70.91762848392061;Inf;Inf
1017.0;70.91061013172794;Inf;Inf
1018.0;70.90359768869138;Inf;Inf
1019.0;70.89659114551178;Inf;Inf
1020.0;70.88959049291378;Inf;Inf
1021.0;70.88259572164455;Inf;Inf
1022.0;70.87560682247484;Inf;Inf
1023.0;70.86862378619834;Inf;Inf
1024.0;70.86164660363141;Inf;Inf
1025.0;70.85467526561345;Inf;Inf
1026.0;70.84770976300642;Inf;Inf
1027.0;70.84075008669512;Inf;Inf
1028.0;70.83379622758687;Inf;Inf
1029.0;70.82684817661166;Inf;Inf
1030.0;70.819905924722;Inf;Inf
1031.0;70.81296946289257;Inf;Inf
1032.0;70.80603878212018;Inf;Inf
1033.0;70.7991138734246;Inf;Inf
1034.0;70.79219472784703;Inf;Inf
1035.0;70.78528133645113;Inf;Inf
1036.0;70.77837369032233;Inf;Inf
1037.0;70.77147178056836;Inf;Inf
1038.0;70.76457559831836;Inf;Inf
1039.0;70.75768513472357;Inf;Inf
1040.0;70.75080038095682;Inf;Inf
1041.0;70.74392132821262;Inf;Inf
1042.0;70.7370479677071;Inf;Inf
1043.0;70.73018029067792;Inf;Inf
1044.0;70.72331828838422;Inf;Inf
1045.0;70.71646195210619;Inf;Inf
1046.0;70.7096112731457;Inf;Inf
1047.0;70.70276624282545;Inf;Inf
1048.0;70.69592685248982;Inf;Inf
1049.0;70.68909309350362;Inf;Inf
1050.0;70.68226495725321;Inf;Inf
1051.0;70.6754424351457;Inf;Inf
1052.0;70.66862551860896;Inf;Inf
1053.0;70.66181419909165;Inf;Inf
1054.0;70.65500846806334;Inf;Inf
1055.0;70.6482083170142;Inf;Inf
1056.0;70.64141373745494;Inf;Inf
1057.0;70.63462472091703;Inf;Inf
1058.0;70.62784125895217;Inf;Inf
1059.0;70.6210633431326;Inf;Inf
1060.0;70.61429096505061;Inf;Inf
1061.0;70.60752411631915;Inf;Inf
1062.0;70.600762788571;Inf;Inf
1063.0;70.59400697345941;Inf;Inf
1064.0;70.58725666265745;Inf;Inf
1065.0;70.58051184785852;Inf;Inf
1066.0;70.5737725207755;Inf;Inf
1067.0;70.56703867314138;Inf;Inf
1068.0;70.5603102967091;Inf;Inf
1069.0;70.5535873832509;Inf;Inf
1070.0;70.54686992455936;Inf;Inf
1071.0;70.5401579124462;Inf;Inf
1072.0;70.53345133874305;Inf;Inf
1073.0;70.52675019530051;Inf;Inf
1074.0;70.52005447398886;Inf;Inf
1075.0;70.5133641666978;Inf;Inf
1076.0;70.5066792653363;Inf;Inf
1077.0;70.4999997618327;Inf;Inf
1078.0;70.49332564813427;Inf;Inf
1079.0;70.48665691620792;Inf;Inf
1080.0;70.47999355803891;Inf;Inf
1081.0;70.47333556563198;Inf;Inf
1082.0;70.46668293101052;Inf;Inf
1083.0;70.46003564621698;Inf;Inf
1084.0;70.45339370331271;Inf;Inf
1085.0;70.44675709437752;Inf;Inf
1086.0;70.44012581151033;Inf;Inf
1087.0;70.43349984682841;Inf;Inf
1088.0;70.42687919246765;Inf;Inf
1089.0;70.42026384058241;Inf;Inf
1090.0;70.4136537833456;Inf;Inf
1091.0;70.40704901294853;Inf;Inf
1092.0;70.40044952160078;Inf;Inf
1093.0;70.39385530153041;Inf;Inf
1094.0;70.38726634498381;Inf;Inf
1095.0;70.38068264422517;Inf;Inf
1096.0;70.37410419153679;Inf;Inf
1097.0;70.3675309792192;Inf;Inf
1098.0;70.36096299959098;Inf;Inf
1099.0;70.35440024498847;Inf;Inf
1100.0;70.34784270776625;Inf;Inf
1101.0;70.34129038029634;Inf;Inf
1102.0;70.33474325496913;Inf;Inf
1103.0;70.32820132419178;Inf;Inf
1104.0;70.32166458038985;Inf;Inf
1105.0;70.3151330160064;Inf;Inf
1106.0;70.30860662350179;Inf;Inf
1107.0;70.30208539535424;Inf;Inf
1108.0;70.29556932405913;Inf;Inf
1109.0;70.28905840212983;Inf;Inf
1110.0;70.28255262209615;Inf;Inf
1111.0;70.27605197650566;Inf;Inf
1112.0;70.26955645792307;Inf;Inf
1113.0;70.26306605893029;Inf;Inf
1114.0;70.25658077212654;Inf;Inf
1115.0;70.25010059012776;Inf;Inf
1116.0;70.24362550556735;Inf;Inf
1117.0;70.23715551109557;Inf;Inf
1118.0;70.2306905993792;Inf;Inf
1119.0;70.22423076310255;Inf;Inf
1120.0;70.21777599496595;Inf;Inf
1121.0;70.2113262876871;Inf;Inf
1122.0;70.20488163400013;Inf;Inf
1123.0;70.19844202665597;Inf;Inf
1124.0;70.19200745842217;Inf;Inf
1125.0;70.18557792208281;Inf;Inf
1126.0;70.17915341043854;Inf;Inf
1127.0;70.17273391630613;Inf;Inf
1128.0;70.16631943251919;Inf;Inf
1129.0;70.15990995192746;Inf;Inf
1130.0;70.15350546739695;Inf;Inf
1131.0;70.14710597181032;Inf;Inf
1132.0;70.14071145806595;Inf;Inf
1133.0;70.13432191907889;Inf;Inf
1134.0;70.12793734777969;Inf;Inf
1135.0;70.12155773711534;Inf;Inf
1136.0;70.11518308004882;Inf;Inf
1137.0;70.10881336955899;Inf;Inf
1138.0;70.10244859864082;Inf;Inf
1139.0;70.09608876030488;Inf;Inf
1140.0;70.08973384757786;Inf;Inf
1141.0;70.08338385350213;Inf;Inf
1142.0;70.07703877113553;Inf;Inf
1143.0;70.07069859355187;Inf;Inf
1144.0;70.06436331384066;Inf;Inf
1145.0;70.05803292510677;Inf;Inf
1146.0;70.05170742047066;Inf;Inf
1147.0;70.04538679306818;Inf;Inf
1148.0;70.03907103605121;Inf;Inf
1149.0;70.0327601425863;Inf;Inf
1150.0;70.02645410585566;Inf;Inf
1151.0;70.02015291905693;Inf;Inf
1152.0;70.01385657540271;Inf;Inf
1153.0;70.00756506812122;Inf;Inf
1154.0;70.00127839045555;Inf;Inf
1155.0;69.99499653566409;Inf;Inf
1156.0;69.98871949702036;Inf;Inf
1157.0;69.98244726781273;Inf;Inf
1158.0;69.9761798413447;Inf;Inf
1159.0;69.96991721093455;Inf;Inf
1160.0;69.96365936991573;Inf;Inf
1161.0;69.95740631163646;Inf;Inf
1162.0;69.95115802945965;Inf;Inf
1163.0;69.94491451676326;Inf;Inf
1164.0;69.93867576693981;Inf;Inf
1165.0;69.93244177339652;Inf;Inf
1166.0;69.92621252955543;Inf;Inf
1167.0;69.91998802885273;Inf;Inf
1168.0;69.91376826473972;Inf;Inf
1169.0;69.90755323068188;Inf;Inf
1170.0;69.90134292015932;Inf;Inf
1171.0;69.89513732666673;Inf;Inf
1172.0;69.8889364437128;Inf;Inf
1173.0;69.882740264821;Inf;Inf
1174.0;69.87654878352869;Inf;Inf
1175.0;69.87036199338769;Inf;Inf
1176.0;69.86417988796428;Inf;Inf
1177.0;69.8580024608385;Inf;Inf
1178.0;69.85182970560496;Inf;Inf
1179.0;69.84566161587206;Inf;Inf
1180.0;69.8394981852624;Inf;Inf
1181.0;69.83333940741294;Inf;Inf
1182.0;69.8271852759739;Inf;Inf
1183.0;69.82103578460998;Inf;Inf
1184.0;69.8148909269996;Inf;Inf
1185.0;69.80875069683502;Inf;Inf
1186.0;69.8026150878226;Inf;Inf
1187.0;69.79648409368214;Inf;Inf
1188.0;69.79035770814721;Inf;Inf
1189.0;69.7842359249656;Inf;Inf
1190.0;69.77811873789817;Inf;Inf
1191.0;69.77200614071965;Inf;Inf
1192.0;69.7658981272183;Inf;Inf
1193.0;69.75979469119596;Inf;Inf
1194.0;69.75369582646812;Inf;Inf
1195.0;69.74760152686343;Inf;Inf
1196.0;69.7415117862242;Inf;Inf
1197.0;69.7354265984063;Inf;Inf
1198.0;69.7293459572788;Inf;Inf
1199.0;69.72326985672387;Inf;Inf
1200.0;69.7171982906372;Inf;Inf
1201.0;69.7111312529275;Inf;Inf
1202.0;69.70506873751718;Inf;Inf
1203.0;69.69901073834122;Inf;Inf
1204.0;69.69295724934818;Inf;Inf
1205.0;69.68690826449972;Inf;Inf
1206.0;69.68086377777027;Inf;Inf
1207.0;69.67482378314762;Inf;Inf
1208.0;69.66878827463222;Inf;Inf
1209.0;69.66275724623756;Inf;Inf
1210.0;69.6567306919903;Inf;Inf
1211.0;69.65070860592968;Inf;Inf
1212.0;69.64469098210778;Inf;Inf
1213.0;69.63867781458991;Inf;Inf
1214.0;69.63266909745361;Inf;Inf
1215.0;69.62666482478978;Inf;Inf
1216.0;69.6206649907014;Inf;Inf
1217.0;69.61466958930424;Inf;Inf
1218.0;69.60867861472714;Inf;Inf
1219.0;69.60269206111097;Inf;Inf
1220.0;69.59670992260948;Inf;Inf
1221.0;69.59073219338906;Inf;Inf
1222.0;69.58475886762822;Inf;Inf
1223.0;69.57878993951827;Inf;Inf
1224.0;69.57282540326297;Inf;Inf
1225.0;69.56686525307815;Inf;Inf
1226.0;69.5609094831923;Inf;Inf
1227.0;69.55495808784595;Inf;Inf
1228.0;69.54901106129212;Inf;Inf
1229.0;69.5430683977961;Inf;Inf
1230.0;69.53713009163516;Inf;Inf
1231.0;69.53119613709892;Inf;Inf
1232.0;69.52526652848942;Inf;Inf
1233.0;69.51934126012044;Inf;Inf
1234.0;69.51342032631793;Inf;Inf
1235.0;69.50750372141991;Inf;Inf
1236.0;69.50159143977642;Inf;Inf
1237.0;69.49568347574963;Inf;Inf
1238.0;69.48977982371356;Inf;Inf
1239.0;69.48388047805402;Inf;Inf
1240.0;69.47798543316908;Inf;Inf
1241.0;69.47209468346831;Inf;Inf
1242.0;69.46620822337331;Inf;Inf
1243.0;69.46032604731745;Inf;Inf
1244.0;69.4544481497457;Inf;Inf
1245.0;69.44857452511488;Inf;Inf
1246.0;69.4427051678936;Inf;Inf
1247.0;69.43684007256195;Inf;Inf
1248.0;69.43097923361181;Inf;Inf
1249.0;69.42512264554668;Inf;Inf
1250.0;69.4192703028815;Inf;Inf
1251.0;69.4134222001431;Inf;Inf
1252.0;69.40757833186933;Inf;Inf
1253.0;69.40173869260964;Inf;Inf
1254.0;69.39590327692537;Inf;Inf
1255.0;69.39007207938877;Inf;Inf
1256.0;69.38424509458355;Inf;Inf
1257.0;69.37842231710506;Inf;Inf
1258.0;69.3726037415597;Inf;Inf
1259.0;69.36678936256529;Inf;Inf
1260.0;69.36097917475124;Inf;Inf
1261.0;69.35517317275746;Inf;Inf
1262.0;69.34937135123558;Inf;Inf
1263.0;69.34357370484841;Inf;Inf
1264.0;69.33778022826968;Inf;Inf
1265.0;69.33199091618445;Inf;Inf
1266.0;69.32620576328881;Inf;Inf
1267.0;69.32042476428983;Inf;Inf
1268.0;69.31464791390584;Inf;Inf
1269.0;69.30887520686616;Inf;Inf
1270.0;69.30310663791066;Inf;Inf
1271.0;69.2973422017905;Inf;Inf
1272.0;69.2915818932678;Inf;Inf
1273.0;69.28582570711525;Inf;Inf
1274.0;69.28007363811685;Inf;Inf
1275.0;69.27432568106711;Inf;Inf
1276.0;69.2685818307714;Inf;Inf
1277.0;69.26284208204603;Inf;Inf
1278.0;69.25710642971792;Inf;Inf
1279.0;69.2513748686247;Inf;Inf
1280.0;69.24564739361476;Inf;Inf
1281.0;69.23992399954697;Inf;Inf
1282.0;69.23420468129093;Inf;Inf
1283.0;69.22848943372715;Inf;Inf
1284.0;69.22277825174635;Inf;Inf
1285.0;69.21707113024988;Inf;Inf
1286.0;69.21136806414977;Inf;Inf
1287.0;69.20566904836845;Inf;Inf
1288.0;69.19997407783877;Inf;Inf
1289.0;69.19428314750405;Inf;Inf
1290.0;69.18859625231781;Inf;Inf
1291.0;69.18291338724427;Inf;Inf
1292.0;69.17723454725802;Inf;Inf
1293.0;69.17155972734373;Inf;Inf
1294.0;69.16588892249659;Inf;Inf
1295.0;69.16022212772218;Inf;Inf
1296.0;69.15455933803601;Inf;Inf
1297.0;69.14890054846418;Inf;Inf
1298.0;69.14324575404285;Inf;Inf
1299.0;69.13759494981807;Inf;Inf
1300.0;69.1319481308464;Inf;Inf
1301.0;69.1263052921944;Inf;Inf
1302.0;69.12066642893876;Inf;Inf
1303.0;69.11503153616624;Inf;Inf
1304.0;69.10940060897366;Inf;Inf
1305.0;69.10377364246781;Inf;Inf
1306.0;69.09815063176555;Inf;Inf
1307.0;69.0925315719939;Inf;Inf
1308.0;69.08691645828934;Inf;Inf
1309.0;69.08130528579862;Inf;Inf
1310.0;69.07569804967835;Inf;Inf
1311.0;69.07009474509482;Inf;Inf
1312.0;69.06449536722437;Inf;Inf
1313.0;69.05889991125326;Inf;Inf
1314.0;69.05330837237723;Inf;Inf
1315.0;69.04772074580217;Inf;Inf
1316.0;69.0421370267436;Inf;Inf
1317.0;69.03655721042648;Inf;Inf
1318.0;69.03098129208566;Inf;Inf
1319.0;69.02540926696572;Inf;Inf
1320.0;69.0198411303207;Inf;Inf
1321.0;69.01427687741446;Inf;Inf
1322.0;69.0087165035205;Inf;Inf
1323.0;69.00316000392168;Inf;Inf
1324.0;68.99760737391063;Inf;Inf
1325.0;68.9920586087895;Inf;Inf
1326.0;68.9865137038699;Inf;Inf
1327.0;68.98097265447286;Inf;Inf
1328.0;68.97543545592885;Inf;Inf
1329.0;68.96990210357782;Inf;Inf
1330.0;68.96437259276912;Inf;Inf
1331.0;68.95884691886167;Inf;Inf
1332.0;68.95332507722343;Inf;Inf
1333.0;68.94780706323189;Inf;Inf
1334.0;68.94229287227401;Inf;Inf
1335.0;68.9367824997457;Inf;Inf
1336.0;68.93127594105252;Inf;Inf
1337.0;68.92577319160921;Inf;Inf
1338.0;68.92027424683924;Inf;Inf
1339.0;68.91477910217579;Inf;Inf
1340.0;68.90928775306116;Inf;Inf
1341.0;68.90380019494671;Inf;Inf
1342.0;68.89831642329291;Inf;Inf
1343.0;68.8928364335696;Inf;Inf
1344.0;68.88736022125535;Inf;Inf
1345.0;68.88188778183795;Inf;Inf
1346.0;68.87641911081458;Inf;Inf
1347.0;68.87095420369113;Inf;Inf
1348.0;68.86549305598221;Inf;Inf
1349.0;68.8600356632118;Inf;Inf
1350.0;68.85458202091269;Inf;Inf
1351.0;68.84913212462659;Inf;Inf
1352.0;68.84368596990427;Inf;Inf
1353.0;68.83824355230539;Inf;Inf
1354.0;68.83280486739831;Inf;Inf
1355.0;68.82736991076035;Inf;Inf
1356.0;68.82193867797794;Inf;Inf
1357.0;68.81651116464573;Inf;Inf
1358.0;68.81108736636753;Inf;Inf
1359.0;68.80566727875592;Inf;Inf
1360.0;68.80025089743202;Inf;Inf
1361.0;68.79483821802584;Inf;Inf
1362.0;68.78942923617623;Inf;Inf
1363.0;68.78402394753044;Inf;Inf
1364.0;68.7786223477444;Inf;Inf
1365.0;68.77322443248303;Inf;Inf
1366.0;68.76783019741957;Inf;Inf
1367.0;68.76243963823576;Inf;Inf
1368.0;68.7570527506223;Inf;Inf
1369.0;68.75166953027811;Inf;Inf
1370.0;68.74628997291062;Inf;Inf
1371.0;68.74091407423602;Inf;Inf
1372.0;68.73554182997894;Inf;Inf
1373.0;68.73017323587239;Inf;Inf
1374.0;68.72480828765782;Inf;Inf
1375.0;68.71944698108538;Inf;Inf
1376.0;68.71408931191338;Inf;Inf
1377.0;68.70873527590861;Inf;Inf
1378.0;68.70338486884621;Inf;Inf
1379.0;68.69803808650965;Inf;Inf
1380.0;68.69269492469085;Inf;Inf
1381.0;68.68735537918994;Inf;Inf
1382.0;68.68201944581537;Inf;Inf
1383.0;68.67668712038375;Inf;Inf
1384.0;68.67135839872019;Inf;Inf
1385.0;68.66603327665783;Inf;Inf
1386.0;68.6607117500382;Inf;Inf
1387.0;68.65539381471112;Inf;Inf
1388.0;68.6500794665343;Inf;Inf
1389.0;68.6447687013736;Inf;Inf
1390.0;68.6394615151032;Inf;Inf
1391.0;68.63415790360578;Inf;Inf
1392.0;68.62885786277117;Inf;Inf
1393.0;68.62356138849795;Inf;Inf
1394.0;68.6182684766928;Inf;Inf
1395.0;68.61297912327008;Inf;Inf
1396.0;68.60769332415246;Inf;Inf
1397.0;68.60241107527068;Inf;Inf
1398.0;68.59713237256338;Inf;Inf
1399.0;68.59185721197692;Inf;Inf
1400.0;68.58658558946587;Inf;Inf
1401.0;68.58131750099275;Inf;Inf
1402.0;68.5760529425279;Inf;Inf
1403.0;68.57079191004955;Inf;Inf
1404.0;68.56553439954406;Inf;Inf
1405.0;68.56028040700527;Inf;Inf
1406.0;68.55502992843506;Inf;Inf
1407.0;68.5497829598433;Inf;Inf
1408.0;68.54453949724748;Inf;Inf
1409.0;68.53929953667277;Inf;Inf
1410.0;68.53406307415226;Inf;Inf
1411.0;68.52883010572684;Inf;Inf
1412.0;68.52360062744499;Inf;Inf
1413.0;68.51837463536295;Inf;Inf
1414.0;68.51315212554503;Inf;Inf
1415.0;68.50793309406262;Inf;Inf
1416.0;68.502717536995;Inf;Inf
1417.0;68.49750545042926;Inf;Inf
1418.0;68.49229683046002;Inf;Inf
1419.0;68.48709167318955;Inf;Inf
1420.0;68.4818899747276;Inf;Inf
1421.0;68.47669173119156;Inf;Inf
1422.0;68.47149693870632;Inf;Inf
1423.0;68.46630559340437;Inf;Inf
1424.0;68.46111769142597;Inf;Inf
1425.0;68.45593322891841;Inf;Inf
1426.0;68.45075220203672;Inf;Inf
1427.0;68.44557460694361;Inf;Inf
1428.0;68.44040043980894;Inf;Inf
1429.0;68.43522969681017;Inf;Inf
1430.0;68.43006237413218;Inf;Inf
1431.0;68.42489846796721;Inf;Inf
1432.0;68.4197379745148;Inf;Inf
1433.0;68.41458088998193;Inf;Inf
1434.0;68.40942721058316;Inf;Inf
1435.0;68.4042769325399;Inf;Inf
1436.0;68.39913005208139;Inf;Inf
1437.0;68.39398656544394;Inf;Inf
1438.0;68.38884646887126;Inf;Inf
1439.0;68.3837097586141;Inf;Inf
1440.0;68.37857643093089;Inf;Inf
1441.0;68.37344648208706;Inf;Inf
1442.0;68.368319908355;Inf;Inf
1443.0;68.3631967060146;Inf;Inf
1444.0;68.35807687135306;Inf;Inf
1445.0;68.35296040066449;Inf;Inf
1446.0;68.34784729025027;Inf;Inf
1447.0;68.342737536419;Inf;Inf
1448.0;68.33763113548638;Inf;Inf
1449.0;68.33252808377529;Inf;Inf
1450.0;68.32742837761543;Inf;Inf
1451.0;68.322332013344;Inf;Inf
1452.0;68.31723898730488;Inf;Inf
1453.0;68.31214929584904;Inf;Inf
1454.0;68.3070629353348;Inf;Inf
1455.0;68.3019799021272;Inf;Inf
1456.0;68.29690019259832;Inf;Inf
1457.0;68.29182380312731;Inf;Inf
1458.0;68.28675073010047;Inf;Inf
1459.0;68.28168096991067;Inf;Inf
1460.0;68.27661451895786;Inf;Inf
1461.0;68.27155137364922;Inf;Inf
1462.0;68.26649153039862;Inf;Inf
1463.0;68.26143498562678;Inf;Inf
1464.0;68.2563817357612;Inf;Inf
1465.0;68.2513317772365;Inf;Inf
1466.0;68.24628510649397;Inf;Inf
1467.0;68.24124171998166;Inf;Inf
1468.0;68.23620161415487;Inf;Inf
1469.0;68.23116478547526;Inf;Inf
1470.0;68.22613123041141;Inf;Inf
1471.0;68.22110094543875;Inf;Inf
1472.0;68.21607392703953;Inf;Inf
1473.0;68.21105017170255;Inf;Inf
1474.0;68.2060296759236;Inf;Inf
1475.0;68.20101243620495;Inf;Inf
1476.0;68.19599844905566;Inf;Inf
1477.0;68.19098771099138;Inf;Inf
1478.0;68.18598021853454;Inf;Inf
1479.0;68.18097596821436;Inf;Inf
1480.0;68.17597495656648;Inf;Inf
1481.0;68.17097718013319;Inf;Inf
1482.0;68.1659826354636;Inf;Inf
1483.0;68.16099131911326;Inf;Inf
1484.0;68.15600322764428;Inf;Inf
1485.0;68.15101835762572;Inf;Inf
1486.0;68.14603670563277;Inf;Inf
1487.0;68.14105826824706;Inf;Inf
1488.0;68.13608304205698;Inf;Inf
1489.0;68.13111102365752;Inf;Inf
1490.0;68.12614220965004;Inf;Inf
1491.0;68.12117659664239;Inf;Inf
1492.0;68.1162141812489;Inf;Inf
1493.0;68.11125496009063;Inf;Inf
1494.0;68.10629892979462;Inf;Inf
1495.0;68.10134608699465;Inf;Inf
1496.0;68.096396428331;Inf;Inf
1497.0;68.09144995045021;Inf;Inf
1498.0;68.08650665000505;Inf;Inf
1499.0;68.08156652365479;Inf;Inf
1500.0;68.0766295680653;Inf;Inf
1501.0;68.07169577990837;Inf;Inf
1502.0;68.06676515586243;Inf;Inf
1503.0;68.06183769261224;Inf;Inf
1504.0;68.05691338684882;Inf;Inf
1505.0;68.05199223526941;Inf;Inf
1506.0;68.04707423457775;Inf;Inf
1507.0;68.04215938148371;Inf;Inf
1508.0;68.03724767270342;Inf;Inf
1509.0;68.032339104959;Inf;Inf
1510.0;68.02743367497912;Inf;Inf
1511.0;68.02253137949869;Inf;Inf
1512.0;68.01763221525854;Inf;Inf
1513.0;68.01273617900587;Inf;Inf
1514.0;68.00784326749421;Inf;Inf
1515.0;68.00295347748308;Inf;Inf
1516.0;67.99806680573806;Inf;Inf
1517.0;67.99318324903108;Inf;Inf
1518.0;67.98830280414016;Inf;Inf
1519.0;67.9834254678494;Inf;Inf
1520.0;67.97855123694893;Inf;Inf
1521.0;67.97368010823503;Inf;Inf
1522.0;67.96881207851015;Inf;Inf
1523.0;67.9639471445826;Inf;Inf
1524.0;67.95908530326672;Inf;Inf
1525.0;67.95422655138327;Inf;Inf
1526.0;67.94937088575851;Inf;Inf
1527.0;67.94451830322497;Inf;Inf
1528.0;67.93966880062123;Inf;Inf
1529.0;67.93482237479192;Inf;Inf
1530.0;67.92997902258742;Inf;Inf
1531.0;67.9251387408643;Inf;Inf
1532.0;67.92030152648495;Inf;Inf
1533.0;67.91546737631761;Inf;Inf
1534.0;67.91063628723651;Inf;Inf
1535.0;67.90580825612182;Inf;Inf
1536.0;67.90098327985976;Inf;Inf
1537.0;67.89616135534217;Inf;Inf
1538.0;67.89134247946686;Inf;Inf
1539.0;67.88652664913758;Inf;Inf
1540.0;67.88171386126393;Inf;Inf
1541.0;67.87690411276124;Inf;Inf
1542.0;67.8720974005507;Inf;Inf
1543.0;67.86729372155963;Inf;Inf
1544.0;67.86249307272062;Inf;Inf
1545.0;67.85769545097223;Inf;Inf
1546.0;67.85290085325882;Inf;Inf
1547.0;67.84810927653079;Inf;Inf
1548.0;67.84332071774391;Inf;Inf
1549.0;67.8385351738598;Inf;Inf
1550.0;67.83375264184593;Inf;Inf
1551.0;67.8289731186755;Inf;Inf
1552.0;67.82419660132719;Inf;Inf
1553.0;67.8194230867855;Inf;Inf
1554.0;67.81465257204079;Inf;Inf
1555.0;67.80988505408898;Inf;Inf
1556.0;67.80512052993137;Inf;Inf
1557.0;67.80035899657523;Inf;Inf
1558.0;67.79560045103351;Inf;Inf
1559.0;67.79084489032452;Inf;Inf
1560.0;67.78609231147239;Inf;Inf
1561.0;67.78134271150677;Inf;Inf
1562.0;67.77659608746298;Inf;Inf
1563.0;67.77185243638166;Inf;Inf
1564.0;67.76711175530926;Inf;Inf
1565.0;67.76237404129782;Inf;Inf
1566.0;67.75763929140493;Inf;Inf
1567.0;67.75290750269355;Inf;Inf
1568.0;67.7481786722321;Inf;Inf
1569.0;67.74345279709479;Inf;Inf
1570.0;67.73872987436114;Inf;Inf
1571.0;67.73400990111618;Inf;Inf
1572.0;67.72929287445038;Inf;Inf
1573.0;67.72457879146002;Inf;Inf
1574.0;67.71986764924631;Inf;Inf
1575.0;67.7151594449162;Inf;Inf
1576.0;67.71045417558202;Inf;Inf
1577.0;67.70575183836166;Inf;Inf
1578.0;67.70105243037825;Inf;Inf
1579.0;67.6963559487604;Inf;Inf
1580.0;67.69166239064204;Inf;Inf
1581.0;67.68697175316247;Inf;Inf
1582.0;67.68228403346633;Inf;Inf
1583.0;67.67759922870371;Inf;Inf
1584.0;67.67291733603031;Inf;Inf
1585.0;67.6682383526067;Inf;Inf
1586.0;67.66356227559882;Inf;Inf
1587.0;67.65888910217805;Inf;Inf
1588.0;67.65421882952126;Inf;Inf
1589.0;67.64955145481031;Inf;Inf
1590.0;67.6448869752324;Inf;Inf
1591.0;67.6402253879803;Inf;Inf
1592.0;67.63556669025175;Inf;Inf
1593.0;67.63091087924964;Inf;Inf
1594.0;67.62625795218221;Inf;Inf
1595.0;67.62160790626311;Inf;Inf
1596.0;67.61696073871111;Inf;Inf
1597.0;67.61231644674993;Inf;Inf
1598.0;67.60767502760879;Inf;Inf
1599.0;67.60303647852228;Inf;Inf
1600.0;67.59840079672972;Inf;Inf
1601.0;67.59376797947566;Inf;Inf
1602.0;67.58913802400994;Inf;Inf
1603.0;67.58451092758784;Inf;Inf
1604.0;67.57988668746917;Inf;Inf
1605.0;67.57526530091913;Inf;Inf
1606.0;67.57064676520805;Inf;Inf
1607.0;67.5660310776115;Inf;Inf
1608.0;67.5614182354099;Inf;Inf
1609.0;67.55680823588882;Inf;Inf
1610.0;67.55220107633903;Inf;Inf
1611.0;67.54759675405637;Inf;Inf
1612.0;67.54299526634153;Inf;Inf
1613.0;67.53839661050037;Inf;Inf
1614.0;67.53380078384377;Inf;Inf
1615.0;67.52920778368788;Inf;Inf
1616.0;67.52461760735342;Inf;Inf
1617.0;67.52003025216631;Inf;Inf
1618.0;67.5154457154575;Inf;Inf
1619.0;67.51086399456288;Inf;Inf
1620.0;67.50628508682323;Inf;Inf
1621.0;67.5017089895844;Inf;Inf
1622.0;67.49713570019733;Inf;Inf
1623.0;67.49256521601771;Inf;Inf
1624.0;67.48799753440615;Inf;Inf
1625.0;67.48343265272813;Inf;Inf
1626.0;67.47887056835444;Inf;Inf
1627.0;67.4743112786604;Inf;Inf
1628.0;67.46975478102628;Inf;Inf
1629.0;67.46520107283727;Inf;Inf
1630.0;67.46065015148358;Inf;Inf
1631.0;67.45610201436003;Inf;Inf
1632.0;67.45155665886635;Inf;Inf
1633.0;67.44701408240716;Inf;Inf
1634.0;67.44247428239206;Inf;Inf
1635.0;67.43793725623522;Inf;Inf
1636.0;67.43340300135571;Inf;Inf
1637.0;67.42887151517756;Inf;Inf
1638.0;67.42434279512956;Inf;Inf
1639.0;67.41981683864529;Inf;Inf
1640.0;67.41529364316293;Inf;Inf
1641.0;67.41077320612557;Inf;Inf
1642.0;67.4062555249811;Inf;Inf
1643.0;67.40174059718184;Inf;Inf
1644.0;67.39722842018523;Inf;Inf
1645.0;67.39271899145335;Inf;Inf
1646.0;67.38821230845302;Inf;Inf
1647.0;67.38370836865563;Inf;Inf
1648.0;67.37920716953731;Inf;Inf
1649.0;67.37470870857915;Inf;Inf
1650.0;67.37021298326661;Inf;Inf
1651.0;67.36571999108989;Inf;Inf
1652.0;67.36122972954408;Inf;Inf
1653.0;67.35674219612878;Inf;Inf
1654.0;67.35225738834812;Inf;Inf
1655.0;67.34777530371089;Inf;Inf
1656.0;67.34329593973055;Inf;Inf
1657.0;67.33881929392548;Inf;Inf
1658.0;67.33434536381823;Inf;Inf
1659.0;67.32987414693608;Inf;Inf
1660.0;67.32540564081098;Inf;Inf
1661.0;67.32093984297967;Inf;Inf
1662.0;67.31647675098314;Inf;Inf
1663.0;67.3120163623671;Inf;Inf
1664.0;67.30755867468163;Inf;Inf
1665.0;67.30310368548189;Inf;Inf
1666.0;67.29865139232679;Inf;Inf
1667.0;67.2942017927802;Inf;Inf
1668.0;67.28975488441054;Inf;Inf
1669.0;67.28531066479083;Inf;Inf
1670.0;67.28086913149826;Inf;Inf
1671.0;67.27643028211473;Inf;Inf
1672.0;67.2719941142267;Inf;Inf
1673.0;67.26756062542503;Inf;Inf
1674.0;67.26312981330497;Inf;Inf
1675.0;67.25870167546636;Inf;Inf
1676.0;67.25427620951339;Inf;Inf
1677.0;67.24985341305496;Inf;Inf
1678.0;67.24543328370407;Inf;Inf
1679.0;67.24101581907824;Inf;Inf
1680.0;67.23660101679955;Inf;Inf
1681.0;67.23218887449423;Inf;Inf
1682.0;67.227779389793;Inf;Inf
1683.0;67.22337256033101;Inf;Inf
1684.0;67.21896838374789;Inf;Inf
1685.0;67.2145668576876;Inf;Inf
1686.0;67.21016797979831;Inf;Inf
1687.0;67.2057717477327;Inf;Inf
1688.0;67.20137815914777;Inf;Inf
1689.0;67.19698721170492;Inf;Inf
1690.0;67.19259890306986;Inf;Inf
1691.0;67.18821323091252;Inf;Inf
1692.0;67.18383019290728;Inf;Inf
1693.0;67.17944978673262;Inf;Inf
1694.0;67.1750720100715;Inf;Inf
1695.0;67.17069686061103;Inf;Inf
1696.0;67.1663243360429;Inf;Inf
1697.0;67.16195443406274;Inf;Inf
1698.0;67.15758715237051;Inf;Inf
1699.0;67.15322248867051;Inf;Inf
1700.0;67.14886044067138;Inf;Inf
1701.0;67.14450100608583;Inf;Inf
1702.0;67.14014418263088;Inf;Inf
1703.0;67.1357899680278;Inf;Inf
1704.0;67.13143836000205;Inf;Inf
1705.0;67.12708935628312;Inf;Inf
1706.0;67.12274295460492;Inf;Inf
1707.0;67.11839915270542;Inf;Inf
1708.0;67.11405794832702;Inf;Inf
1709.0;67.10971933921593;Inf;Inf
1710.0;67.10538332312271;Inf;Inf
1711.0;67.10104989780207;Inf;Inf
1712.0;67.09671906101302;Inf;Inf
1713.0;67.09239081051842;Inf;Inf
1714.0;67.0880651440854;Inf;Inf
1715.0;67.08374205948527;Inf;Inf
1716.0;67.07942155449366;Inf;Inf
1717.0;67.07510362688987;Inf;Inf
1718.0;67.07078827445734;Inf;Inf
1719.0;67.0664754949837;Inf;Inf
1720.0;67.06216528626113;Inf;Inf
1721.0;67.05785764608525;Inf;Inf
1722.0;67.05355257225585;Inf;Inf
1723.0;67.04925006257696;Inf;Inf
1724.0;67.0449501148568;Inf;Inf
1725.0;67.0406527269072;Inf;Inf
1726.0;67.0363578965443;Inf;Inf
1727.0;67.03206562158826;Inf;Inf
1728.0;67.02777589986344;Inf;Inf
1729.0;67.02348872919788;Inf;Inf
1730.0;67.01920410742365;Inf;Inf
1731.0;67.01492203237697;Inf;Inf
1732.0;67.01064250189815;Inf;Inf
1733.0;67.00636551383118;Inf;Inf
1734.0;67.00209106602416;Inf;Inf
1735.0;66.99781915632921;Inf;Inf
1736.0;66.99354978260253;Inf;Inf
1737.0;66.98928294270401;Inf;Inf
1738.0;66.98501863449755;Inf;Inf
1739.0;66.98075685585097;Inf;Inf
1740.0;66.97649760463634;Inf;Inf
1741.0;66.97224087872932;Inf;Inf
1742.0;66.96798667600947;Inf;Inf
1743.0;66.96373499436027;Inf;Inf
1744.0;66.95948583166935;Inf;Inf
1745.0;66.95523918582785;Inf;Inf
1746.0;66.95099505473101;Inf;Inf
1747.0;66.9467534362779;Inf;Inf
1748.0;66.94251432837164;Inf;Inf
1749.0;66.93827772891886;Inf;Inf
1750.0;66.93404363583026;Inf;Inf
1751.0;66.9298120470203;Inf;Inf
1752.0;66.92558296040752;Inf;Inf
1753.0;66.92135637391397;Inf;Inf
1754.0;66.91713228546575;Inf;Inf
1755.0;66.91291069299255;Inf;Inf
1756.0;66.9086915944281;Inf;Inf
1757.0;66.90447498770968;Inf;Inf
1758.0;66.90026087077847;Inf;Inf
1759.0;66.89604924157943;Inf;Inf
1760.0;66.89184009806148;Inf;Inf
1761.0;66.88763343817718;Inf;Inf
1762.0;66.88342925988282;Inf;Inf
1763.0;66.87922756113839;Inf;Inf
1764.0;66.87502833990773;Inf;Inf
1765.0;66.87083159415828;Inf;Inf
1766.0;66.8666373218612;Inf;Inf
1767.0;66.86244552099177;Inf;Inf
1768.0;66.85825618952857;Inf;Inf
1769.0;66.85406932545392;Inf;Inf
1770.0;66.84988492675389;Inf;Inf
1771.0;66.84570299141826;Inf;Inf
1772.0;66.84152351744073;Inf;Inf
1773.0;66.83734650281835;Inf;Inf
1774.0;66.83317194555197;Inf;Inf
1775.0;66.82899984364599;Inf;Inf
1776.0;66.82483019510887;Inf;Inf
1777.0;66.82066299795227;Inf;Inf
1778.0;66.81649825019161;Inf;Inf
1779.0;66.81233594984603;Inf;Inf
1780.0;66.80817609493852;Inf;Inf
1781.0;66.8040186834952;Inf;Inf
1782.0;66.79986371354597;Inf;Inf
1783.0;66.79571118312442;Inf;Inf
1784.0;66.7915610902679;Inf;Inf
1785.0;66.78741343301704;Inf;Inf
1786.0;66.78326820941619;Inf;Inf
1787.0;66.77912541751336;Inf;Inf
1788.0;66.77498505536003;Inf;Inf
1789.0;66.77084712101136;Inf;Inf
1790.0;66.76671161252582;Inf;Inf
1791.0;66.76257852796569;Inf;Inf
1792.0;66.75844786539672;Inf;Inf
1793.0;66.75431962288835;Inf;Inf
1794.0;66.75019379851305;Inf;Inf
1795.0;66.7460703903472;Inf;Inf
1796.0;66.74194939647077;Inf;Inf
1797.0;66.73783081496694;Inf;Inf
1798.0;66.7337146439226;Inf;Inf
1799.0;66.72960088142801;Inf;Inf
1800.0;66.72548952557712;Inf;Inf
1801.0;66.72138057446725;Inf;Inf
1802.0;66.71727402619902;Inf;Inf
1803.0;66.7131698788768;Inf;Inf
1804.0;66.70906813060832;Inf;Inf
1805.0;66.70496877950495;Inf;Inf
1806.0;66.7008718236807;Inf;Inf
1807.0;66.6967772612541;Inf;Inf
1808.0;66.6926850903462;Inf;Inf
1809.0;66.6885953090821;Inf;Inf
1810.0;66.6845079155902;Inf;Inf
1811.0;66.68042290800216;Inf;Inf
1812.0;66.6763402844535;Inf;Inf
1813.0;66.67226004308215;Inf;Inf
1814.0;66.66818218203012;Inf;Inf
1815.0;66.66410669944278;Inf;Inf
1816.0;66.66003359346847;Inf;Inf
1817.0;66.65596286225961;Inf;Inf
1818.0;66.6518945039714;Inf;Inf
1819.0;66.64782851676298;Inf;Inf
1820.0;66.64376489879615;Inf;Inf
1821.0;66.63970364823608;Inf;Inf
1822.0;66.63564476325202;Inf;Inf
1823.0;66.63158824201571;Inf;Inf
1824.0;66.62753408270268;Inf;Inf
1825.0;66.62348228349182;Inf;Inf
1826.0;66.61943284256495;Inf;Inf
1827.0;66.61538575810805;Inf;Inf
1828.0;66.61134102830911;Inf;Inf
1829.0;66.60729865136017;Inf;Inf
1830.0;66.60325862545659;Inf;Inf
1831.0;66.59922094879664;Inf;Inf
1832.0;66.59518561958224;Inf;Inf
1833.0;66.59115263601826;Inf;Inf
1834.0;66.58712199631309;Inf;Inf
1835.0;66.5830936986786;Inf;Inf
1836.0;66.57906774132911;Inf;Inf
1837.0;66.57504412248284;Inf;Inf
1838.0;66.57102284036111;Inf;Inf
1839.0;66.56700389318804;Inf;Inf
1840.0;66.56298727919163;Inf;Inf
1841.0;66.55897299660232;Inf;Inf
1842.0;66.55496104365443;Inf;Inf
1843.0;66.55095141858548;Inf;Inf
1844.0;66.54694411963547;Inf;Inf
1845.0;66.54293914504834;Inf;Inf
1846.0;66.53893649307057;Inf;Inf
1847.0;66.53493616195225;Inf;Inf
1848.0;66.53093814994656;Inf;Inf
1849.0;66.52694245530965;Inf;Inf
1850.0;66.52294907630122;Inf;Inf
1851.0;66.518958011184;Inf;Inf
1852.0;66.51496925822337;Inf;Inf
1853.0;66.51098281568818;Inf;Inf
1854.0;66.50699868185042;Inf;Inf
1855.0;66.50301685498538;Inf;Inf
1856.0;66.49903733337085;Inf;Inf
1857.0;66.49506011528834;Inf;Inf
1858.0;66.49108519902232;Inf;Inf
1859.0;66.48711258286029;Inf;Inf
1860.0;66.48314226509291;Inf;Inf
1861.0;66.47917424401352;Inf;Inf
1862.0;66.47520851791887;Inf;Inf
1863.0;66.47124508510898;Inf;Inf
1864.0;66.46728394388656;Inf;Inf
1865.0;66.46332509255778;Inf;Inf
1866.0;66.45936852943137;Inf;Inf
1867.0;66.45541425281938;Inf;Inf
1868.0;66.45146226103677;Inf;Inf
1869.0;66.44751255240112;Inf;Inf
1870.0;66.44356512523385;Inf;Inf
1871.0;66.43961997785883;Inf;Inf
1872.0;66.43567710860304;Inf;Inf
1873.0;66.4317365157968;Inf;Inf
1874.0;66.42779819777287;Inf;Inf
1875.0;66.42386215286771;Inf;Inf
1876.0;66.41992837942027;Inf;Inf
1877.0;66.41599687577212;Inf;Inf
1878.0;66.41206764026865;Inf;Inf
1879.0;66.40814067125744;Inf;Inf
1880.0;66.40421596708948;Inf;Inf
1881.0;66.40029352611859;Inf;Inf
1882.0;66.39637334670144;Inf;Inf
1883.0;66.39245542719827;Inf;Inf
1884.0;66.38853976597132;Inf;Inf
1885.0;66.38462636138617;Inf;Inf
1886.0;66.38071521181128;Inf;Inf
1887.0;66.37680631561788;Inf;Inf
1888.0;66.37289967118053;Inf;Inf
1889.0;66.3689952768761;Inf;Inf
1890.0;66.3650931310853;Inf;Inf
1891.0;66.3611932321909;Inf;Inf
1892.0;66.35729557857854;Inf;Inf
1893.0;66.35340016863704;Inf;Inf
1894.0;66.34950700075771;Inf;Inf
1895.0;66.34561607333511;Inf;Inf
1896.0;66.34172738476667;Inf;Inf
1897.0;66.33784093345228;Inf;Inf
1898.0;66.33395671779523;Inf;Inf
1899.0;66.33007473620133;Inf;Inf
1900.0;66.32619498707925;Inf;Inf
1901.0;66.32231746884042;Inf;Inf
1902.0;66.31844217989901;Inf;Inf
1903.0;66.31456911867227;Inf;Inf
1904.0;66.31069828357991;Inf;Inf
1905.0;66.30682967304477;Inf;Inf
1906.0;66.3029632854924;Inf;Inf
1907.0;66.29909911935118;Inf;Inf
1908.0;66.29523717305229;Inf;Inf
1909.0;66.29137744502937;Inf;Inf
1910.0;66.28751993371894;Inf;Inf
1911.0;66.2836646375606;Inf;Inf
1912.0;66.27981155499629;Inf;Inf
1913.0;66.27596068447099;Inf;Inf
1914.0;66.27211202443233;Inf;Inf
1915.0;66.26826557333062;Inf;Inf
1916.0;66.26442132961982;Inf;Inf
1917.0;66.26057929175477;Inf;Inf
1918.0;66.25673945819425;Inf;Inf
1919.0;66.25290182739944;Inf;Inf
1920.0;66.2490663978342;Inf;Inf
1921.0;66.24523316796548;Inf;Inf
1922.0;66.2414021362624;Inf;Inf
1923.0;66.23757330119712;Inf;Inf
1924.0;66.23374666124464;Inf;Inf
1925.0;66.22992221488192;Inf;Inf
1926.0;66.22609996058947;Inf;Inf
1927.0;66.22227989684953;Inf;Inf
1928.0;66.2184620221478;Inf;Inf
1929.0;66.21464633497231;Inf;Inf
1930.0;66.21083283381365;Inf;Inf
1931.0;66.20702151716543;Inf;Inf
1932.0;66.2032123835236;Inf;Inf
1933.0;66.19940543138658;Inf;Inf
1934.0;66.1956006592558;Inf;Inf
1935.0;66.1917980656348;Inf;Inf
1936.0;66.18799764903025;Inf;Inf
1937.0;66.18419940795117;Inf;Inf
1938.0;66.18040334090914;Inf;Inf
1939.0;66.17660944641858;Inf;Inf
1940.0;66.17281772299641;Inf;Inf
1941.0;66.16902816916222;Inf;Inf
1942.0;66.16524078343775;Inf;Inf
1943.0;66.16145556434748;Inf;Inf
1944.0;66.15767251041864;Inf;Inf
1945.0;66.15389162018073;Inf;Inf
1946.0;66.15011289216616;Inf;Inf
1947.0;66.14633632490963;Inf;Inf
1948.0;66.14256191694886;Inf;Inf
1949.0;66.13878966682373;Inf;Inf
1950.0;66.13501957307605;Inf;Inf
1951.0;66.131251634251;Inf;Inf
1952.0;66.1274858488959;Inf;Inf
1953.0;66.12372221556062;Inf;Inf
1954.0;66.11996073279781;Inf;Inf
1955.0;66.11620139916214;Inf;Inf
1956.0;66.11244421321162;Inf;Inf
1957.0;66.10868917350567;Inf;Inf
1958.0;66.10493627860659;Inf;Inf
1959.0;66.10118552707958;Inf;Inf
1960.0;66.09743691749163;Inf;Inf
1961.0;66.09369044841284;Inf;Inf
1962.0;66.08994611841524;Inf;Inf
1963.0;66.08620392607378;Inf;Inf
1964.0;66.08246386996609;Inf;Inf
1965.0;66.07872594867108;Inf;Inf
1966.0;66.07499016077088;Inf;Inf
1967.0;66.07125650485021;Inf;Inf
1968.0;66.06752497949567;Inf;Inf
1969.0;66.06379558329661;Inf;Inf
1970.0;66.06006831484454;Inf;Inf
1971.0;66.0563431727338;Inf;Inf
1972.0;66.05262015556117;Inf;Inf
1973.0;66.04889926192502;Inf;Inf
1974.0;66.04518049042706;Inf;Inf
1975.0;66.04146383967048;Inf;Inf
1976.0;66.0377493082617;Inf;Inf
1977.0;66.03403689480899;Inf;Inf
1978.0;66.03032659792309;Inf;Inf
1979.0;66.02661841621735;Inf;Inf
1980.0;66.02291234830744;Inf;Inf
1981.0;66.01920839281087;Inf;Inf
1982.0;66.01550654834786;Inf;Inf
1983.0;66.01180681354076;Inf;Inf
1984.0;66.00810918701484;Inf;Inf
1985.0;66.0044136673968;Inf;Inf
1986.0;66.00072025331639;Inf;Inf
1987.0;65.9970289434055;Inf;Inf
1988.0;65.99333973629828;Inf;Inf
1989.0;65.98965263063116;Inf;Inf
1990.0;65.98596762504255;Inf;Inf
1991.0;65.98228471817362;Inf;Inf
1992.0;65.97860390866776;Inf;Inf
1993.0;65.9749251951706;Inf;Inf
1994.0;65.97124857632994;Inf;Inf
1995.0;65.96757405079568;Inf;Inf
1996.0;65.96390161722056;Inf;Inf
1997.0;65.96023127425877;Inf;Inf
1998.0;65.9565630205671;Inf;Inf
1999.0;65.95289685480518;Inf;Inf
2000.0;65.94923277563386;Inf;Inf
2001.0;65.94557078171691;Inf;Inf
2002.0;65.94191087172015;Inf;Inf
2003.0;65.9382530443116;Inf;Inf
2004.0;65.93459729816199;Inf;Inf
2005.0;65.93094363194324;Inf;Inf
2006.0;65.92729204433013;Inf;Inf
2007.0;65.92364253399957;Inf;Inf
2008.0;65.91999509963044;Inf;Inf
2009.0;65.91634973990422;Inf;Inf
2010.0;65.91270645350421;Inf;Inf
2011.0;65.90906523911616;Inf;Inf
2012.0;65.90542609542811;Inf;Inf
2013.0;65.9017890211295;Inf;Inf
2014.0;65.89815401491288;Inf;Inf
2015.0;65.89452107547203;Inf;Inf
2016.0;65.8908902015037;Inf;Inf
2017.0;65.88726139170626;Inf;Inf
2018.0;65.88363464478068;Inf;Inf
2019.0;65.88000995943003;Inf;Inf
2020.0;65.87638733435891;Inf;Inf
2021.0;65.8727667682744;Inf;Inf
2022.0;65.86914825988563;Inf;Inf
2023.0;65.86553180790375;Inf;Inf
2024.0;65.86191741104254;Inf;Inf
2025.0;65.85830506801723;Inf;Inf
2026.0;65.85469477754549;Inf;Inf
2027.0;65.8510865383471;Inf;Inf
2028.0;65.84748034914391;Inf;Inf
2029.0;65.84387620865981;Inf;Inf
2030.0;65.8402741156207;Inf;Inf
2031.0;65.83667406875452;Inf;Inf
2032.0;65.83307606679125;Inf;Inf
2033.0;65.8294801084628;Inf;Inf
2034.0;65.82588619250365;Inf;Inf
2035.0;65.8222943176499;Inf;Inf
2036.0;65.81870448264;Inf;Inf
2037.0;65.81511668621384;Inf;Inf
2038.0;65.81153092711381;Inf;Inf
2039.0;65.80794720408446;Inf;Inf
2040.0;65.8043655158717;Inf;Inf
2041.0;65.80078586122423;Inf;Inf
2042.0;65.79720823889221;Inf;Inf
2043.0;65.79363264762866;Inf;Inf
2044.0;65.7900590861876;Inf;Inf
2045.0;65.78648755332499;Inf;Inf
2046.0;65.78291804779946;Inf;Inf
2047.0;65.77935056837107;Inf;Inf
2048.0;65.77578511380217;Inf;Inf
2049.0;65.77222168285708;Inf;Inf
2050.0;65.76866027430191;Inf;Inf
2051.0;65.76510088690527;Inf;Inf
2052.0;65.76154351943683;Inf;Inf
2053.0;65.75798817066872;Inf;Inf
2054.0;65.75443483937508;Inf;Inf
2055.0;65.75088352433161;Inf;Inf
2056.0;65.74733422431643;Inf;Inf
2057.0;65.74378693810918;Inf;Inf
2058.0;65.74024166449156;Inf;Inf
2059.0;65.73669840224773;Inf;Inf
2060.0;65.73315715016257;Inf;Inf
2061.0;65.72961790702394;Inf;Inf
2062.0;65.72608067162076;Inf;Inf
2063.0;65.72254544274458;Inf;Inf
2064.0;65.7190122191884;Inf;Inf
2065.0;65.71548099974711;Inf;Inf
2066.0;65.71195178321796;Inf;Inf
2067.0;65.70842456839968;Inf;Inf
2068.0;65.70489935409303;Inf;Inf
2069.0;65.70137613910016;Inf;Inf
2070.0;65.69785492222533;Inf;Inf
2071.0;65.69433570227501;Inf;Inf
2072.0;65.69081847805681;Inf;Inf
2073.0;65.68730324838089;Inf;Inf
2074.0;65.68379001205896;Inf;Inf
2075.0;65.68027876790468;Inf;Inf
2076.0;65.67676951473327;Inf;Inf
2077.0;65.67326225136168;Inf;Inf
2078.0;65.66975697660925;Inf;Inf
2079.0;65.6662536892965;Inf;Inf
2080.0;65.66275238824609;Inf;Inf
2081.0;65.65925307228248;Inf;Inf
2082.0;65.65575574023197;Inf;Inf
2083.0;65.65226039092265;Inf;Inf
2084.0;65.64876702318395;Inf;Inf
2085.0;65.64527563584745;Inf;Inf
2086.0;65.64178622774659;Inf;Inf
2087.0;65.63829879771609;Inf;Inf
2088.0;65.63481334459325;Inf;Inf
2089.0;65.63132986721642;Inf;Inf
2090.0;65.62784836442616;Inf;Inf
2091.0;65.6243688350645;Inf;Inf
2092.0;65.62089127797505;Inf;Inf
2093.0;65.61741569200392;Inf;Inf
2094.0;65.61394207599773;Inf;Inf
2095.0;65.61047042880584;Inf;Inf
2096.0;65.60700074927874;Inf;Inf
2097.0;65.6035330362689;Inf;Inf
2098.0;65.60006728863102;Inf;Inf
2099.0;65.59660350522027;Inf;Inf
2100.0;65.59314168489448;Inf;Inf
2101.0;65.58968182651282;Inf;Inf
2102.0;65.58622392893622;Inf;Inf
2103.0;65.58276799102738;Inf;Inf
2104.0;65.57931401165031;Inf;Inf
2105.0;65.5758619896715;Inf;Inf
2106.0;65.57241192395843;Inf;Inf
2107.0;65.56896381338024;Inf;Inf
2108.0;65.56551765680797;Inf;Inf
2109.0;65.56207345311408;Inf;Inf
2110.0;65.55863120117338;Inf;Inf
2111.0;65.55519089986112;Inf;Inf
2112.0;65.55175254805512;Inf;Inf
2113.0;65.54831614463454;Inf;Inf
2114.0;65.54488168848009;Inf;Inf
2115.0;65.5414491784744;Inf;Inf
2116.0;65.53801861350104;Inf;Inf
2117.0;65.53458999244607;Inf;Inf
2118.0;65.53116331419685;Inf;Inf
2119.0;65.52773857764181;Inf;Inf
2120.0;65.52431578167159;Inf;Inf
2121.0;65.52089492517823;Inf;Inf
2122.0;65.51747600705556;Inf;Inf
2123.0;65.51405902619838;Inf;Inf
2124.0;65.51064398150353;Inf;Inf
2125.0;65.50723087186958;Inf;Inf
2126.0;65.50381969619603;Inf;Inf
2127.0;65.50041045338487;Inf;Inf
2128.0;65.49700314233873;Inf;Inf
2129.0;65.49359776196272;Inf;Inf
2130.0;65.49019431116253;Inf;Inf
2131.0;65.48679278884579;Inf;Inf
2132.0;65.48339319392194;Inf;Inf
2133.0;65.47999552530145;Inf;Inf
2134.0;65.47659978189682;Inf;Inf
2135.0;65.47320596262169;Inf;Inf
2136.0;65.46981406639148;Inf;Inf
2137.0;65.46642409212322;Inf;Inf
2138.0;65.46303603873478;Inf;Inf
2139.0;65.4596499051463;Inf;Inf
2140.0;65.45626569027873;Inf;Inf
2141.0;65.45288339305516;Inf;Inf
2142.0;65.4495030124;Inf;Inf
2143.0;65.44612454723875;Inf;Inf
2144.0;65.44274799649924;Inf;Inf
2145.0;65.43937335910958;Inf;Inf
2146.0;65.43600063400012;Inf;Inf
2147.0;65.43262982010232;Inf;Inf
2148.0;65.42926091634942;Inf;Inf
2149.0;65.42589392167599;Inf;Inf
2150.0;65.42252883501786;Inf;Inf
2151.0;65.41916565531284;Inf;Inf
2152.0;65.41580438149968;Inf;Inf
2153.0;65.41244501251866;Inf;Inf
2154.0;65.40908754731151;Inf;Inf
2155.0;65.40573198482117;Inf;Inf
2156.0;65.4023783239926;Inf;Inf
2157.0;65.39902656377134;Inf;Inf
2158.0;65.39567670310518;Inf;Inf
2159.0;65.3923287409429;Inf;Inf
2160.0;65.38898267623466;Inf;Inf
2161.0;65.38563850793223;Inf;Inf
2162.0;65.38229623498809;Inf;Inf
2163.0;65.37895585635698;Inf;Inf
2164.0;65.37561737099449;Inf;Inf
2165.0;65.37228077785775;Inf;Inf
2166.0;65.36894607590541;Inf;Inf
2167.0;65.36561326409768;Inf;Inf
2168.0;65.36228234139547;Inf;Inf
2169.0;65.35895330676101;Inf;Inf
2170.0;65.35562615915846;Inf;Inf
2171.0;65.35230089755298;Inf;Inf
2172.0;65.34897752091112;Inf;Inf
2173.0;65.34565602820109;Inf;Inf
2174.0;65.34233641839187;Inf;Inf
2175.0;65.33901869045455;Inf;Inf
2176.0;65.33570284336056;Inf;Inf
2177.0;65.3323888760833;Inf;Inf
2178.0;65.32907678759722;Inf;Inf
2179.0;65.32576657687814;Inf;Inf
2180.0;65.32245824290344;Inf;Inf
2181.0;65.31915178465128;Inf;Inf
2182.0;65.31584720110193;Inf;Inf
2183.0;65.3125444912362;Inf;Inf
2184.0;65.30924365403614;Inf;Inf
2185.0;65.30594468848551;Inf;Inf
2186.0;65.30264759356913;Inf;Inf
2187.0;65.29935236827345;Inf;Inf
2188.0;65.29605901158574;Inf;Inf
2189.0;65.29276752249464;Inf;Inf
2190.0;65.28947789999037;Inf;Inf
2191.0;65.28619014306385;Inf;Inf
2192.0;65.28290425070762;Inf;Inf
2193.0;65.27962022191485;Inf;Inf
2194.0;65.27633805568082;Inf;Inf
2195.0;65.27305775100155;Inf;Inf
2196.0;65.26977930687434;Inf;Inf
2197.0;65.26650272229811;Inf;Inf
2198.0;65.2632279962724;Inf;Inf
2199.0;65.25995512779838;Inf;Inf
2200.0;65.25668411587802;Inf;Inf
2201.0;65.25341495951494;Inf;Inf
2202.0;65.25014765771363;Inf;Inf
2203.0;65.24688220947989;Inf;Inf
2204.0;65.24361861382113;Inf;Inf
2205.0;65.24035686974537;Inf;Inf
2206.0;65.23709697626207;Inf;Inf
2207.0;65.23383893238154;Inf;Inf
2208.0;65.23058273711561;Inf;Inf
2209.0;65.22732838947718;Inf;Inf
2210.0;65.22407588848041;Inf;Inf
2211.0;65.22082523314057;Inf;Inf
2212.0;65.21757642247402;Inf;Inf
2213.0;65.21432945549859;Inf;Inf
2214.0;65.21108433123243;Inf;Inf
2215.0;65.20784104869571;Inf;Inf
2216.0;65.20459960690958;Inf;Inf
2217.0;65.20136000489573;Inf;Inf
2218.0;65.19812224167784;Inf;Inf
2219.0;65.1948863162798;Inf;Inf
2220.0;65.19165222772754;Inf;Inf
2221.0;65.18841997504718;Inf;Inf
2222.0;65.18518955726653;Inf;Inf
2223.0;65.18196097341433;Inf;Inf
2224.0;65.17873422252042;Inf;Inf
2225.0;65.17550930361612;Inf;Inf
2226.0;65.17228621573305;Inf;Inf
2227.0;65.1690649579049;Inf;Inf
2228.0;65.16584552916584;Inf;Inf
2229.0;65.16262792855093;Inf;Inf
2230.0;65.1594121550968;Inf;Inf
2231.0;65.15619820784067;Inf;Inf
2232.0;65.15298608582141;Inf;Inf
2233.0;65.14977578807833;Inf;Inf
2234.0;65.14656731365247;Inf;Inf
2235.0;65.1433606615856;Inf;Inf
2236.0;65.1401558309201;Inf;Inf
2237.0;65.13695282070015;Inf;Inf
2238.0;65.13375162997039;Inf;Inf
2239.0;65.130552257777;Inf;Inf
2240.0;65.12735470316653;Inf;Inf
2241.0;65.12415896518705;Inf;Inf
2242.0;65.12096504288773;Inf;Inf
2243.0;65.11777293531843;Inf;Inf
2244.0;65.11458264153019;Inf;Inf
2245.0;65.1113941605748;Inf;Inf
2246.0;65.10820749150557;Inf;Inf
2247.0;65.10502263337627;Inf;Inf
2248.0;65.10183958524196;Inf;Inf
2249.0;65.0986583461589;Inf;Inf
2250.0;65.09547891518409;Inf;Inf
2251.0;65.09230129137552;Inf;Inf
2252.0;65.08912547379194;Inf;Inf
2253.0;65.08595146149337;Inf;Inf
2254.0;65.08277925354068;Inf;Inf
2255.0;65.07960884899569;Inf;Inf
2256.0;65.07644024692144;Inf;Inf
2257.0;65.07327344638176;Inf;Inf
2258.0;65.07010844644161;Inf;Inf
2259.0;65.06694524616623;Inf;Inf
2260.0;65.06378384462256;Inf;Inf
2261.0;65.06062424087814;Inf;Inf
2262.0;65.05746643400168;Inf;Inf
2263.0;65.0543104230626;Inf;Inf
2264.0;65.05115620713146;Inf;Inf
2265.0;65.04800378527973;Inf;Inf
2266.0;65.04485315657918;Inf;Inf
2267.0;65.04170432010304;Inf;Inf
2268.0;65.03855727492538;Inf;Inf
2269.0;65.03541202012119;Inf;Inf
2270.0;65.03226855476657;Inf;Inf
2271.0;65.02912687793795;Inf;Inf
2272.0;65.0259869887138;Inf;Inf
2273.0;65.02284888617207;Inf;Inf
2274.0;65.01971256939234;Inf;Inf
2275.0;65.01657803745506;Inf;Inf
2276.0;65.0134452894413;Inf;Inf
2277.0;65.0103143244334;Inf;Inf
2278.0;65.0071851415141;Inf;Inf
2279.0;65.00405773976772;Inf;Inf
2280.0;65.00093211827885;Inf;Inf
2281.0;64.99780827613304;Inf;Inf
2282.0;64.99468621241658;Inf;Inf
2283.0;64.9915659262168;Inf;Inf
2284.0;64.98844741662204;Inf;Inf
2285.0;64.98533068272106;Inf;Inf
2286.0;64.98221572360428;Inf;Inf
2287.0;64.97910253836217;Inf;Inf
2288.0;64.97599112608593;Inf;Inf
2289.0;64.97288148586804;Inf;Inf
2290.0;64.96977361680155;Inf;Inf
2291.0;64.96666751798062;Inf;Inf
2292.0;64.96356318849978;Inf;Inf
2293.0;64.96046062745492;Inf;Inf
2294.0;64.95735983394253;Inf;Inf
2295.0;64.95426080705981;Inf;Inf
2296.0;64.95116354590465;Inf;Inf
2297.0;64.94806804957581;Inf;Inf
2298.0;64.94497431717318;Inf;Inf
2299.0;64.94188234779683;Inf;Inf
2300.0;64.93879214054839;Inf;Inf
2301.0;64.9357036945296;Inf;Inf
2302.0;64.9326170088435;Inf;Inf
2303.0;64.92953208259347;Inf;Inf
2304.0;64.92644891488365;Inf;Inf
2305.0;64.9233675048193;Inf;Inf
2306.0;64.92028785150606;Inf;Inf
2307.0;64.9172099540509;Inf;Inf
2308.0;64.91413381156084;Inf;Inf
2309.0;64.91105942314468;Inf;Inf
2310.0;64.90798678791091;Inf;Inf
2311.0;64.90491590496886;Inf;Inf
2312.0;64.90184677342916;Inf;Inf
2313.0;64.89877939240249;Inf;Inf
2314.0;64.89571376100115;Inf;Inf
2315.0;64.89264987833732;Inf;Inf
2316.0;64.88958774352463;Inf;Inf
2317.0;64.88652735567706;Inf;Inf
2318.0;64.88346871390907;Inf;Inf
2319.0;64.88041181733624;Inf;Inf
2320.0;64.87735666507453;Inf;Inf
2321.0;64.8743032562411;Inf;Inf
2322.0;64.87125158995323;Inf;Inf
2323.0;64.86820166532941;Inf;Inf
2324.0;64.86515348148866;Inf;Inf
2325.0;64.86210703755043;Inf;Inf
2326.0;64.85906233263519;Inf;Inf
2327.0;64.85601936586367;Inf;Inf
2328.0;64.85297813635796;Inf;Inf
2329.0;64.84993864324021;Inf;Inf
2330.0;64.84690088563332;Inf;Inf
2331.0;64.84386486266169;Inf;Inf
2332.0;64.84083057344934;Inf;Inf
2333.0;64.83779801712156;Inf;Inf
2334.0;64.83476719280371;Inf;Inf
2335.0;64.8317380996224;Inf;Inf
2336.0;64.82871073670437;Inf;Inf
2337.0;64.8256851031776;Inf;Inf
2338.0;64.8226611981704;Inf;Inf
2339.0;64.81963902081215;Inf;Inf
2340.0;64.81661857023198;Inf;Inf
2341.0;64.81359984556002;Inf;Inf
2342.0;64.81058284592751;Inf;Inf
2343.0;64.80756757046552;Inf;Inf
2344.0;64.80455401830659;Inf;Inf
2345.0;64.80154218858333;Inf;Inf
2346.0;64.79853208042937;Inf;Inf
2347.0;64.79552369297855;Inf;Inf
2348.0;64.79251702536524;Inf;Inf
2349.0;64.78951207672502;Inf;Inf
2350.0;64.78650884619334;Inf;Inf
2351.0;64.78350733290698;Inf;Inf
2352.0;64.7805075360027;Inf;Inf
2353.0;64.77750945461854;Inf;Inf
2354.0;64.77451308789254;Inf;Inf
2355.0;64.77151843496328;Inf;Inf
2356.0;64.76852549497073;Inf;Inf
2357.0;64.76553426705428;Inf;Inf
2358.0;64.76254475035473;Inf;Inf
2359.0;64.75955694401303;Inf;Inf
2360.0;64.75657084717108;Inf;Inf
2361.0;64.75358645897118;Inf;Inf
2362.0;64.75060377855594;Inf;Inf
2363.0;64.74762280506893;Inf;Inf
2364.0;64.74464353765386;Inf;Inf
2365.0;64.74166597545552;Inf;Inf
2366.0;64.73869011761866;Inf;Inf
2367.0;64.73571596328917;Inf;Inf
2368.0;64.73274351161336;Inf;Inf
2369.0;64.72977276173758;Inf;Inf
2370.0;64.7268037128093;Inf;Inf
2371.0;64.72383636397595;Inf;Inf
2372.0;64.72087071438627;Inf;Inf
2373.0;64.71790676318871;Inf;Inf
2374.0;64.71494450953284;Inf;Inf
2375.0;64.71198395256876;Inf;Inf
2376.0;64.70902509144658;Inf;Inf
2377.0;64.70606792531734;Inf;Inf
2378.0;64.70311245333232;Inf;Inf
2379.0;64.70015867464387;Inf;Inf
2380.0;64.69720658840413;Inf;Inf
2381.0;64.69425619376625;Inf;Inf
2382.0;64.6913074898835;Inf;Inf
2383.0;64.68836047591013;Inf;Inf
2384.0;64.68541515100034;Inf;Inf
2385.0;64.68247151430887;Inf;Inf
2386.0;64.6795295649916;Inf;Inf
2387.0;64.676589302204;Inf;Inf
2388.0;64.67365072510285;Inf;Inf
2389.0;64.67071383284484;Inf;Inf
2390.0;64.66777862458763;Inf;Inf
2391.0;64.66484509948882;Inf;Inf
2392.0;64.66191325670663;Inf;Inf
2393.0;64.65898309539999;Inf;Inf
2394.0;64.65605461472792;Inf;Inf
2395.0;64.65312781385045;Inf;Inf
2396.0;64.65020269192732;Inf;Inf
2397.0;64.64727924811984;Inf;Inf
2398.0;64.64435748158863;Inf;Inf
2399.0;64.6414373914951;Inf;Inf
2400.0;64.63851897700147;Inf;Inf
2401.0;64.63560223726984;Inf;Inf
2402.0;64.6326871714635;Inf;Inf
2403.0;64.62977377874559;Inf;Inf
2404.0;64.62686205827997;Inf;Inf
2405.0;64.6239520092307;Inf;Inf
2406.0;64.62104363076222;Inf;Inf
2407.0;64.61813692203953;Inf;Inf
2408.0;64.61523188222806;Inf;Inf
2409.0;64.61232851049385;Inf;Inf
2410.0;64.60942680600289;Inf;Inf
2411.0;64.60652676792225;Inf;Inf
2412.0;64.60362839541897;Inf;Inf
2413.0;64.6007316876606;Inf;Inf
2414.0;64.59783664381513;Inf;Inf
2415.0;64.59494326305047;Inf;Inf
2416.0;64.59205154453578;Inf;Inf
2417.0;64.58916148743974;Inf;Inf
2418.0;64.58627309093218;Inf;Inf
2419.0;64.58338635418319;Inf;Inf
2420.0;64.58050127636285;Inf;Inf
2421.0;64.57761785664188;Inf;Inf
2422.0;64.57473609419118;Inf;Inf
2423.0;64.57185598818242;Inf;Inf
2424.0;64.56897753778725;Inf;Inf
2425.0;64.56610074217821;Inf;Inf
2426.0;64.56322560052807;Inf;Inf
2427.0;64.56035211200968;Inf;Inf
2428.0;64.55748027579615;Inf;Inf
2429.0;64.55461009106108;Inf;Inf
2430.0;64.55174155697874;Inf;Inf
2431.0;64.54887467272326;Inf;Inf
2432.0;64.54600943746982;Inf;Inf
2433.0;64.54314585039334;Inf;Inf
2434.0;64.54028391066959;Inf;Inf
2435.0;64.53742361747416;Inf;Inf
2436.0;64.53456496998317;Inf;Inf
2437.0;64.53170796737328;Inf;Inf
2438.0;64.52885260882131;Inf;Inf
2439.0;64.5259988935046;Inf;Inf
2440.0;64.52314682060047;Inf;Inf
2441.0;64.52029638928744;Inf;Inf
2442.0;64.51744759874322;Inf;Inf
2443.0;64.51460044814644;Inf;Inf
2444.0;64.51175493667604;Inf;Inf
2445.0;64.50891106351098;Inf;Inf
2446.0;64.50606882783117;Inf;Inf
2447.0;64.50322822881616;Inf;Inf
2448.0;64.50038926564652;Inf;Inf
2449.0;64.4975519375028;Inf;Inf
2450.0;64.4947162435656;Inf;Inf
2451.0;64.4918821830159;Inf;Inf
2452.0;64.48904975503511;Inf;Inf
2453.0;64.48621895880505;Inf;Inf
2454.0;64.48338979350763;Inf;Inf
2455.0;64.48056225832532;Inf;Inf
2456.0;64.47773635244081;Inf;Inf
2457.0;64.47491207503708;Inf;Inf
2458.0;64.47208942529743;Inf;Inf
2459.0;64.46926840240498;Inf;Inf
2460.0;64.46644900554385;Inf;Inf
2461.0;64.46363123389771;Inf;Inf
2462.0;64.46081508665135;Inf;Inf
2463.0;64.45800056298944;Inf;Inf
2464.0;64.45518766209675;Inf;Inf
2465.0;64.45237638315842;Inf;Inf
2466.0;64.44956672535996;Inf;Inf
2467.0;64.44675868788718;Inf;Inf
2468.0;64.44395226992604;Inf;Inf
2469.0;64.44114747066298;Inf;Inf
2470.0;64.43834428928449;Inf;Inf
2471.0;64.43554272497771;Inf;Inf
2472.0;64.43274277692936;Inf;Inf
2473.0;64.42994444432708;Inf;Inf
2474.0;64.42714772635826;Inf;Inf
2475.0;64.42435262221062;Inf;Inf
2476.0;64.4215591310726;Inf;Inf
2477.0;64.4187672521323;Inf;Inf
2478.0;64.41597698457878;Inf;Inf
2479.0;64.4131883276005;Inf;Inf
2480.0;64.41040128038655;Inf;Inf
2481.0;64.40761584212639;Inf;Inf
2482.0;64.40483201200949;Inf;Inf
2483.0;64.40204978922583;Inf;Inf
2484.0;64.3992691729653;Inf;Inf
2485.0;64.39649016241873;Inf;Inf
2486.0;64.39371275677614;Inf;Inf
2487.0;64.39093695522844;Inf;Inf
2488.0;64.38816275696688;Inf;Inf
2489.0;64.38539016118229;Inf;Inf
2490.0;64.38261916706635;Inf;Inf
2491.0;64.3798497738103;Inf;Inf
2492.0;64.37708198060668;Inf;Inf
2493.0;64.37431578664714;Inf;Inf
2494.0;64.3715511911241;Inf;Inf
2495.0;64.36878819323;Inf;Inf
2496.0;64.36602679215811;Inf;Inf
2497.0;64.36326698710103;Inf;Inf
2498.0;64.36050877725165;Inf;Inf
2499.0;64.35775216180365;Inf;Inf
2500.0;64.35499713995051;Inf;Inf
2501.0;64.35224371088596;Inf;Inf
2502.0;64.34949187380386;Inf;Inf
2503.0;64.34674162789833;Inf;Inf
2504.0;64.34399297236388;Inf;Inf
2505.0;64.34124590639475;Inf;Inf
2506.0;64.33850042918606;Inf;Inf
2507.0;64.33575653993286;Inf;Inf
2508.0;64.33301423783008;Inf;Inf
2509.0;64.33027352207293;Inf;Inf
2510.0;64.32753439185693;Inf;Inf
2511.0;64.32479684637788;Inf;Inf
2512.0;64.32206088483137;Inf;Inf
2513.0;64.3193265064138;Inf;Inf
2514.0;64.31659371032121;Inf;Inf
2515.0;64.31386249575029;Inf;Inf
2516.0;64.31113286189726;Inf;Inf
2517.0;64.3084048079589;Inf;Inf
2518.0;64.30567833313222;Inf;Inf
2519.0;64.30295343661419;Inf;Inf
2520.0;64.30023011760244;Inf;Inf
2521.0;64.2975083752939;Inf;Inf
2522.0;64.29478820888666;Inf;Inf
2523.0;64.2920696175781;Inf;Inf
2524.0;64.28935260056608;Inf;Inf
2525.0;64.28663715704869;Inf;Inf
2526.0;64.28392328622405;Inf;Inf
2527.0;64.28121098729079;Inf;Inf
2528.0;64.27850025944703;Inf;Inf
2529.0;64.27579110189205;Inf;Inf
2530.0;64.27308351382437;Inf;Inf
2531.0;64.27037749444281;Inf;Inf
2532.0;64.2676730429467;Inf;Inf
2533.0;64.26497015853496;Inf;Inf
2534.0;64.26226884040744;Inf;Inf
2535.0;64.25956908776335;Inf;Inf
2536.0;64.25687089980254;Inf;Inf
2537.0;64.25417427572506;Inf;Inf
2538.0;64.2514792147306;Inf;Inf
2539.0;64.24878571601934;Inf;Inf
2540.0;64.24609377879133;Inf;Inf
2541.0;64.2434034022473;Inf;Inf
2542.0;64.24071458558728;Inf;Inf
2543.0;64.23802732801255;Inf;Inf
2544.0;64.23534162872375;Inf;Inf
2545.0;64.23265748692143;Inf;Inf
2546.0;64.22997490180678;Inf;Inf
2547.0;64.22729387258065;Inf;Inf
2548.0;64.22461439844456;Inf;Inf
2549.0;64.22193647859972;Inf;Inf
2550.0;64.21926011224762;Inf;Inf
2551.0;64.21658529859012;Inf;Inf
2552.0;64.21391203682894;Inf;Inf
2553.0;64.2112403261658;Inf;Inf
2554.0;64.20857016580243;Inf;Inf
2555.0;64.20590155494126;Inf;Inf
2556.0;64.20323449278423;Inf;Inf
2557.0;64.20056897853365;Inf;Inf
2558.0;64.19790501139205;Inf;Inf
2559.0;64.195242590562;Inf;Inf
2560.0;64.19258171524605;Inf;Inf
2561.0;64.18992238464666;Inf;Inf
2562.0;64.18726459796696;Inf;Inf
2563.0;64.1846083544098;Inf;Inf
2564.0;64.1819536531783;Inf;Inf
2565.0;64.17930049347538;Inf;Inf
2566.0;64.17664887450435;Inf;Inf
2567.0;64.17399879546902;Inf;Inf
2568.0;64.17135025557205;Inf;Inf
2569.0;64.16870325401725;Inf;Inf
2570.0;64.16605779000787;Inf;Inf
2571.0;64.16341386274775;Inf;Inf
2572.0;64.16077147144074;Inf;Inf
2573.0;64.15813061529063;Inf;Inf
2574.0;64.15549129350173;Inf;Inf
2575.0;64.15285350527759;Inf;Inf
2576.0;64.15021724982255;Inf;Inf
2577.0;64.14758252634054;Inf;Inf
2578.0;64.14494933403608;Inf;Inf
2579.0;64.14231767211345;Inf;Inf
2580.0;64.13968753977689;Inf;Inf
2581.0;64.13705893623158;Inf;Inf
2582.0;64.1344318606816;Inf;Inf
2583.0;64.1318063123318;Inf;Inf
2584.0;64.12918229038678;Inf;Inf
2585.0;64.1265597940513;Inf;Inf
2586.0;64.12393882253049;Inf;Inf
2587.0;64.12131937502909;Inf;Inf
2588.0;64.11870145075238;Inf;Inf
2589.0;64.11608504890545;Inf;Inf
2590.0;64.11347016869362;Inf;Inf
2591.0;64.11085680932193;Inf;Inf
2592.0;64.10824496999565;Inf;Inf
2593.0;64.10563464992023;Inf;Inf
2594.0;64.10302584830087;Inf;Inf
2595.0;64.10041856434336;Inf;Inf
2596.0;64.09781279725335;Inf;Inf
2597.0;64.09520854623628;Inf;Inf
2598.0;64.09260581049786;Inf;Inf
2599.0;64.0900045892437;Inf;Inf
2600.0;64.08740488167986;Inf;Inf
2601.0;64.08480668701183;Inf;Inf
2602.0;64.08221000444614;Inf;Inf
2603.0;64.07961483318843;Inf;Inf
2604.0;64.07702117244497;Inf;Inf
2605.0;64.07442902142164;Inf;Inf
2606.0;64.07183837932423;Inf;Inf
2607.0;64.06924924535939;Inf;Inf
2608.0;64.06666161873312;Inf;Inf
2609.0;64.06407549865176;Inf;Inf
2610.0;64.06149088432156;Inf;Inf
2611.0;64.05890777494916;Inf;Inf
2612.0;64.05632616974104;Inf;Inf
2613.0;64.05374606790328;Inf;Inf
2614.0;64.05116746864289;Inf;Inf
2615.0;64.04859037116623;Inf;Inf
2616.0;64.04601477467978;Inf;Inf
2617.0;64.04344067839027;Inf;Inf
2618.0;64.04086808150427;Inf;Inf
2619.0;64.03829698322888;Inf;Inf
2620.0;64.0357273827706;Inf;Inf
2621.0;64.03315927933637;Inf;Inf
2622.0;64.0305926721328;Inf;Inf
2623.0;64.02802756036694;Inf;Inf
2624.0;64.02546394324573;Inf;Inf
2625.0;64.0229018199759;Inf;Inf
2626.0;64.020341189765;Inf;Inf
2627.0;64.0177820518198;Inf;Inf
2628.0;64.01522440534728;Inf;Inf
2629.0;64.0126682495546;Inf;Inf
2630.0;64.01011358364875;Inf;Inf
2631.0;64.0075604068371;Inf;Inf
2632.0;64.00500871832661;Inf;Inf
2633.0;64.00245851732484;Inf;Inf
2634.0;63.999909803039;Inf;Inf
2635.0;63.99736257467625;Inf;Inf
2636.0;63.99481683144405;Inf;Inf
2637.0;63.99227257254939;Inf;Inf
2638.0;63.98972979720002;Inf;Inf
2639.0;63.98718850460339;Inf;Inf
2640.0;63.9846486939669;Inf;Inf
2641.0;63.98211036449794;Inf;Inf
2642.0;63.97957351540408;Inf;Inf
2643.0;63.97703814589277;Inf;Inf
2644.0;63.97450425517112;Inf;Inf
2645.0;63.971971842447076;Inf;Inf
2646.0;63.96944090692791;Inf;Inf
2647.0;63.96691144782127;Inf;Inf
2648.0;63.96438346433484;Inf;Inf
2649.0;63.961856955676296;Inf;Inf
2650.0;63.95933192105346;Inf;Inf
2651.0;63.95680835967359;Inf;Inf
2652.0;63.95428627074463;Inf;Inf
2653.0;63.95176565347414;Inf;Inf
2654.0;63.94924650706974;Inf;Inf
2655.0;63.94672883073943;Inf;Inf
2656.0;63.944212623690696;Inf;Inf
2657.0;63.94169788513171;Inf;Inf
2658.0;63.939184614270005;Inf;Inf
2659.0;63.936672810313304;Inf;Inf
2660.0;63.93416247246954;Inf;Inf
2661.0;63.93165359994631;Inf;Inf
2662.0;63.92914619195171;Inf;Inf
2663.0;63.92664024769357;Inf;Inf
2664.0;63.92413576637974;Inf;Inf
2665.0;63.92163274721849;Inf;Inf
2666.0;63.91913118941707;Inf;Inf
2667.0;63.91663109218362;Inf;Inf
2668.0;63.91413245472591;Inf;Inf
2669.0;63.91163527625185;Inf;Inf
2670.0;63.90913955596941;Inf;Inf
2671.0;63.90664529308643;Inf;Inf
2672.0;63.904152486811235;Inf;Inf
2673.0;63.90166113635154;Inf;Inf
2674.0;63.89917124091534;Inf;Inf
2675.0;63.89668279971049;Inf;Inf
2676.0;63.89419581194494;Inf;Inf
2677.0;63.891710276826785;Inf;Inf
2678.0;63.88922619356389;Inf;Inf
2679.0;63.88674356136444;Inf;Inf
2680.0;63.88426237943641;Inf;Inf
2681.0;63.88178264698775;Inf;Inf
2682.0;63.87930436322664;Inf;Inf
2683.0;63.87682752736065;Inf;Inf
2684.0;63.87435213859817;Inf;Inf
2685.0;63.87187819614704;Inf;Inf
2686.0;63.869405699215314;Inf;Inf
2687.0;63.86693464701107;Inf;Inf
2688.0;63.86446503874267;Inf;Inf
2689.0;63.86199687361814;Inf;Inf
2690.0;63.85953015084503;Inf;Inf
2691.0;63.8570648696315;Inf;Inf
2692.0;63.85460102918574;Inf;Inf
2693.0;63.852138628715565;Inf;Inf
2694.0;63.8496776674293;Inf;Inf
2695.0;63.84721814453474;Inf;Inf
2696.0;63.84476005924031;Inf;Inf
2697.0;63.84230341075378;Inf;Inf
2698.0;63.83984819828317;Inf;Inf
2699.0;63.83739442103667;Inf;Inf
2700.0;63.83494207822214;Inf;Inf
2701.0;63.8324911690477;Inf;Inf
2702.0;63.83004169272142;Inf;Inf
2703.0;63.82759364845142;Inf;Inf
2704.0;63.82514703544633;Inf;Inf
2705.0;63.82270185291345;Inf;Inf
2706.0;63.82025810006109;Inf;Inf
2707.0;63.81781577609709;Inf;Inf
2708.0;63.81537488022952;Inf;Inf
2709.0;63.81293541166661;Inf;Inf
2710.0;63.81049736961614;Inf;Inf
2711.0;63.80806075328646;Inf;Inf
2712.0;63.805625561885584;Inf;Inf
2713.0;63.8031917946216;Inf;Inf
2714.0;63.800759450702586;Inf;Inf
2715.0;63.798328529336175;Inf;Inf
2716.0;63.79589902973068;Inf;Inf
2717.0;63.79347095109407;Inf;Inf
2718.0;63.7910442926343;Inf;Inf
2719.0;63.78861905355965;Inf;Inf
2720.0;63.78619523307834;Inf;Inf
2721.0;63.783772830398085;Inf;Inf
2722.0;63.78135184472668;Inf;Inf
2723.0;63.778932275272275;Inf;Inf
2724.0;63.77651412124304;Inf;Inf
2725.0;63.77409738184662;Inf;Inf
2726.0;63.77168205629137;Inf;Inf
2727.0;63.76926814378521;Inf;Inf
2728.0;63.7668556435363;Inf;Inf
2729.0;63.76444455475255;Inf;Inf
2730.0;63.762034876641714;Inf;Inf
2731.0;63.75962660841204;Inf;Inf
2732.0;63.757219749271385;Inf;Inf
2733.0;63.754814298427775;Inf;Inf
2734.0;63.75241025508918;Inf;Inf
2735.0;63.75000761846364;Inf;Inf
2736.0;63.747606387759475;Inf;Inf
2737.0;63.74520656218416;Inf;Inf
2738.0;63.74280814094583;Inf;Inf
2739.0;63.74041112325278;Inf;Inf
2740.0;63.73801550831253;Inf;Inf
2741.0;63.735621295333225;Inf;Inf
2742.0;63.733228483522666;Inf;Inf
2743.0;63.73083707208911;Inf;Inf
2744.0;63.728447060240555;Inf;Inf
2745.0;63.726058447184556;Inf;Inf
2746.0;63.723671232129384;Inf;Inf
2747.0;63.72128541428283;Inf;Inf
2748.0;63.71890099285275;Inf;Inf
2749.0;63.716517967047345;Inf;Inf
2750.0;63.71413633607428;Inf;Inf
2751.0;63.711756099141894;Inf;Inf
2752.0;63.709377255458044;Inf;Inf
2753.0;63.70699980423046;Inf;Inf
2754.0;63.70462374466729;Inf;Inf
2755.0;63.7022490759762;Inf;Inf
2756.0;63.69987579736529;Inf;Inf
2757.0;63.697503908042506;Inf;Inf
2758.0;63.69513340721565;Inf;Inf
2759.0;63.692764294093024;Inf;Inf
2760.0;63.69039656788243;Inf;Inf
2761.0;63.688030227791664;Inf;Inf
2762.0;63.685665273028725;Inf;Inf
2763.0;63.6833017028014;Inf;Inf
2764.0;63.68093951631812;Inf;Inf
2765.0;63.6785787127864;Inf;Inf
2766.0;63.67621929141425;Inf;Inf
2767.0;63.67386125140968;Inf;Inf
2768.0;63.67150459198068;Inf;Inf
2769.0;63.669149312335165;Inf;Inf
2770.0;63.66679541168079;Inf;Inf
2771.0;63.66444288922571;Inf;Inf
2772.0;63.662091744177914;Inf;Inf
2773.0;63.65974197574511;Inf;Inf
2774.0;63.65739358313548;Inf;Inf
2775.0;63.6550465655569;Inf;Inf
2776.0;63.65270092221757;Inf;Inf
2777.0;63.65035665232538;Inf;Inf
2778.0;63.648013755087895;Inf;Inf
2779.0;63.64567222971339;Inf;Inf
2780.0;63.6433320754098;Inf;Inf
2781.0;63.640993291384895;Inf;Inf
2782.0;63.63865587684693;Inf;Inf
2783.0;63.636319831003625;Inf;Inf
2784.0;63.63398515306344;Inf;Inf
2785.0;63.63165184223411;Inf;Inf
2786.0;63.629319897723384;Inf;Inf
2787.0;63.62698931873956;Inf;Inf
2788.0;63.62466010449046;Inf;Inf
2789.0;63.622332254184165;Inf;Inf
2790.0;63.62000576702889;Inf;Inf
2791.0;63.61768064223254;Inf;Inf
2792.0;63.61535687900338;Inf;Inf
2793.0;63.613034476549174;Inf;Inf
2794.0;63.61071343407789;Inf;Inf
2795.0;63.60839375079782;Inf;Inf
2796.0;63.606075425916686;Inf;Inf
2797.0;63.603758458642815;Inf;Inf
2798.0;63.60144284818429;Inf;Inf
2799.0;63.599128593749015;Inf;Inf
2800.0;63.59681569454549;Inf;Inf
2801.0;63.594504149781585;Inf;Inf
2802.0;63.5921939586655;Inf;Inf
2803.0;63.589885120405654;Inf;Inf
2804.0;63.58757763420973;Inf;Inf
2805.0;63.58527149928606;Inf;Inf
2806.0;63.58296671484272;Inf;Inf
2807.0;63.580663280087855;Inf;Inf
2808.0;63.5783611942299;Inf;Inf
2809.0;63.57606045647705;Inf;Inf
2810.0;63.5737610660375;Inf;Inf
2811.0;63.57146302211937;Inf;Inf
2812.0;63.569166323930894;Inf;Inf
2813.0;63.56687097068042;Inf;Inf
2814.0;63.56457696157614;Inf;Inf
2815.0;63.562284295826345;Inf;Inf
2816.0;63.55999297263956;Inf;Inf
2817.0;63.55770299122432;Inf;Inf
2818.0;63.555414350788844;Inf;Inf
2819.0;63.55312705054132;Inf;Inf
2820.0;63.55084108968999;Inf;Inf
2821.0;63.54855646744356;Inf;Inf
2822.0;63.546273183010165;Inf;Inf
2823.0;63.5439912355984;Inf;Inf
2824.0;63.541710624416716;Inf;Inf
2825.0;63.53943134867353;Inf;Inf
2826.0;63.53715340757775;Inf;Inf
2827.0;63.534876800337535;Inf;Inf
2828.0;63.53260152616136;Inf;Inf
2829.0;63.53032758425804;Inf;Inf
2830.0;63.52805497383587;Inf;Inf
2831.0;63.52578369410355;Inf;Inf
2832.0;63.52351374426993;Inf;Inf
2833.0;63.5212451235434;Inf;Inf
2834.0;63.518977831133164;Inf;Inf
2835.0;63.516711866247455;Inf;Inf
2836.0;63.514447228095015;Inf;Inf
2837.0;63.51218391588487;Inf;Inf
2838.0;63.5099219288256;Inf;Inf
2839.0;63.507661266126;Inf;Inf
2840.0;63.50540192699501;Inf;Inf
2841.0;63.50314391064135;Inf;Inf
2842.0;63.50088721627435;Inf;Inf
2843.0;63.49863184310273;Inf;Inf
2844.0;63.496377790335565;Inf;Inf
2845.0;63.49412505718177;Inf;Inf
2846.0;63.49187364285018;Inf;Inf
2847.0;63.4896235465499;Inf;Inf
2848.0;63.48737476749008;Inf;Inf
2849.0;63.485127304879654;Inf;Inf
2850.0;63.48288115792799;Inf;Inf
2851.0;63.48063632584439;Inf;Inf
2852.0;63.47839280783775;Inf;Inf
2853.0;63.476150603117745;Inf;Inf
2854.0;63.473909710893146;Inf;Inf
2855.0;63.471670130373454;Inf;Inf
2856.0;63.46943186076816;Inf;Inf
2857.0;63.46719490128641;Inf;Inf
2858.0;63.46495925113786;Inf;Inf
2859.0;63.46272490953198;Inf;Inf
2860.0;63.46049187567836;Inf;Inf
2861.0;63.458260148786415;Inf;Inf
2862.0;63.45602972806566;Inf;Inf
2863.0;63.453800612725736;Inf;Inf
2864.0;63.45157280197648;Inf;Inf
2865.0;63.44934629502737;Inf;Inf
2866.0;63.44712109108824;Inf;Inf
2867.0;63.444897189368966;Inf;Inf
2868.0;63.44267458907942;Inf;Inf
2869.0;63.44045328942951;Inf;Inf
2870.0;63.43823328962905;Inf;Inf
2871.0;63.43601458888798;Inf;Inf
2872.0;63.43379718641672;Inf;Inf
2873.0;63.431581081424866;Inf;Inf
2874.0;63.429366273122554;Inf;Inf
2875.0;63.42715276072003;Inf;Inf
2876.0;63.424940543427454;Inf;Inf
2877.0;63.42272962045538;Inf;Inf
2878.0;63.42051999101389;Inf;Inf
2879.0;63.418311654313165;Inf;Inf
2880.0;63.41610460956382;Inf;Inf
2881.0;63.41389885597615;Inf;Inf
2882.0;63.41169439276061;Inf;Inf
2883.0;63.40949121912808;Inf;Inf
2884.0;63.40728933428881;Inf;Inf
2885.0;63.40508873745365;Inf;Inf
2886.0;63.40288942783369;Inf;Inf
2887.0;63.400691404639176;Inf;Inf
2888.0;63.39849466708111;Inf;Inf
2889.0;63.39629921437029;Inf;Inf
2890.0;63.394105045717716;Inf;Inf
2891.0;63.39191216033477;Inf;Inf
2892.0;63.38972055743206;Inf;Inf
2893.0;63.38753023622066;Inf;Inf
2894.0;63.38534119591212;Inf;Inf
2895.0;63.38315343571752;Inf;Inf
2896.0;63.38096695484804;Inf;Inf
2897.0;63.378781752515174;Inf;Inf
2898.0;63.37659782793016;Inf;Inf
2899.0;63.37441518030455;Inf;Inf
2900.0;63.372233808850275;Inf;Inf
2901.0;63.37005371277846;Inf;Inf
2902.0;63.36787489130101;Inf;Inf
2903.0;63.365697343629705;Inf;Inf
2904.0;63.36352106897633;Inf;Inf
2905.0;63.361346066552805;Inf;Inf
2906.0;63.359172335570854;Inf;Inf
2907.0;63.35699987524247;Inf;Inf
2908.0;63.354828684779996;Inf;Inf
2909.0;63.352658763395326;Inf;Inf
2910.0;63.35049011030068;Inf;Inf
2911.0;63.34832272470865;Inf;Inf
2912.0;63.34615660583148;Inf;Inf
2913.0;63.34399175288183;Inf;Inf
2914.0;63.34182816507192;Inf;Inf
2915.0;63.3396658416143;Inf;Inf
2916.0;63.33750478172172;Inf;Inf
2917.0;63.33534498460693;Inf;Inf
2918.0;63.333186449482604;Inf;Inf
2919.0;63.331029175561866;Inf;Inf
2920.0;63.32887316205768;Inf;Inf
2921.0;63.32671840818292;Inf;Inf
2922.0;63.32456491315112;Inf;Inf
2923.0;63.32241267617503;Inf;Inf
2924.0;63.32026169646798;Inf;Inf
2925.0;63.31811197324363;Inf;Inf
2926.0;63.31596350571511;Inf;Inf
2927.0;63.31381629309611;Inf;Inf
2928.0;63.31167033460035;Inf;Inf
2929.0;63.309525629441445;Inf;Inf
2930.0;63.307382176833364;Inf;Inf
2931.0;63.305239975989956;Inf;Inf
2932.0;63.303099026124855;Inf;Inf
2933.0;63.30095932645234;Inf;Inf
2934.0;63.298820876186355;Inf;Inf
2935.0;63.29668367454115;Inf;Inf
2936.0;63.29454772073119;Inf;Inf
2937.0;63.29241301397076;Inf;Inf
2938.0;63.290279553474285;Inf;Inf
2939.0;63.288147338456724;Inf;Inf
2940.0;63.28601636813259;Inf;Inf
2941.0;63.28388664171644;Inf;Inf
2942.0;63.28175815842335;Inf;Inf
2943.0;63.27963091746812;Inf;Inf
2944.0;63.27750491806577;Inf;Inf
2945.0;63.27538015943171;Inf;Inf
2946.0;63.27325664078084;Inf;Inf
2947.0;63.271134361328684;Inf;Inf
2948.0;63.26901332029081;Inf;Inf
2949.0;63.26689351688283;Inf;Inf
2950.0;63.264774950320195;Inf;Inf
2951.0;63.262657619818654;Inf;Inf
2952.0;63.26054152459398;Inf;Inf
2953.0;63.258426663862195;Inf;Inf
2954.0;63.2563130368394;Inf;Inf
2955.0;63.254200642741594;Inf;Inf
2956.0;63.25208948078516;Inf;Inf
2957.0;63.24997955018644;Inf;Inf
2958.0;63.24787085016226;Inf;Inf
2959.0;63.2457633799291;Inf;Inf
2960.0;63.243657138703306;Inf;Inf
2961.0;63.241552125701595;Inf;Inf
2962.0;63.23944834014122;Inf;Inf
2963.0;63.23734578123889;Inf;Inf
2964.0;63.235244448211674;Inf;Inf
2965.0;63.23314434027716;Inf;Inf
2966.0;63.23104545665237;Inf;Inf
2967.0;63.22894779655494;Inf;Inf
2968.0;63.22685135920271;Inf;Inf
2969.0;63.224756143812954;Inf;Inf
2970.0;63.22266214960339;Inf;Inf
2971.0;63.22056937579229;Inf;Inf
2972.0;63.21847782159745;Inf;Inf
2973.0;63.21638748623697;Inf;Inf
2974.0;63.21429836892935;Inf;Inf
2975.0;63.21221046889279;Inf;Inf
2976.0;63.21012378534578;Inf;Inf
2977.0;63.20803831750749;Inf;Inf
2978.0;63.205954064596156;Inf;Inf
2979.0;63.20387102583058;Inf;Inf
2980.0;63.20178920043;Inf;Inf
2981.0;63.199708587613436;Inf;Inf
2982.0;63.19762918660006;Inf;Inf
2983.0;63.195550996609434;Inf;Inf
2984.0;63.19347401686085;Inf;Inf
2985.0;63.19139824657419;Inf;Inf
2986.0;63.18932368496946;Inf;Inf
2987.0;63.18725033126603;Inf;Inf
2988.0;63.18517818468447;Inf;Inf
2989.0;63.18310724444472;Inf;Inf
2990.0;63.1810375097666;Inf;Inf
2991.0;63.17896897987075;Inf;Inf
2992.0;63.17690165397773;Inf;Inf
2993.0;63.17483553130808;Inf;Inf
2994.0;63.172770611082605;Inf;Inf
2995.0;63.17070689252245;Inf;Inf
2996.0;63.16864437484872;Inf;Inf
2997.0;63.16658305728244;Inf;Inf
2998.0;63.16452293904502;Inf;Inf
2999.0;63.16246401935785;Inf;Inf
3000.0;63.16040629744254;Inf;Inf
3001.0;63.158349772521035;Inf;Inf
3002.0;63.156294443814986;Inf;Inf
3003.0;63.15424031054662;Inf;Inf
3004.0;63.15218737193813;Inf;Inf
3005.0;63.15013562721183;Inf;Inf
3006.0;63.148085075590316;Inf;Inf
3007.0;63.14603571629614;Inf;Inf
3008.0;63.14398754855198;Inf;Inf
3009.0;63.141940571580676;Inf;Inf
3010.0;63.13989478460554;Inf;Inf
3011.0;63.13785018684949;Inf;Inf
3012.0;63.1358067775359;Inf;Inf
3013.0;63.13376455588857;Inf;Inf
3014.0;63.131723521130844;Inf;Inf
3015.0;63.129683672486806;Inf;Inf
3016.0;63.12764500918054;Inf;Inf
3017.0;63.12560753043574;Inf;Inf
3018.0;63.12357123547674;Inf;Inf
3019.0;63.12153612352833;Inf;Inf
3020.0;63.119502193814846;Inf;Inf
3021.0;63.11746944556085;Inf;Inf
3022.0;63.115437877991496;Inf;Inf
3023.0;63.11340749033151;Inf;Inf
3024.0;63.11137828180617;Inf;Inf
3025.0;63.10935025164134;Inf;Inf
3026.0;63.107323399061954;Inf;Inf
3027.0;63.10529772329374;Inf;Inf
3028.0;63.10327322356299;Inf;Inf
3029.0;63.101249899095244;Inf;Inf
3030.0;63.099227749116515;Inf;Inf
3031.0;63.097206772853504;Inf;Inf
3032.0;63.09518696953266;Inf;Inf
3033.0;63.09316833838061;Inf;Inf
3034.0;63.09115087862408;Inf;Inf
3035.0;63.08913458949049;Inf;Inf
3036.0;63.08711947020654;Inf;Inf
3037.0;63.085105519999765;Inf;Inf
3038.0;63.083092738097605;Inf;Inf
3039.0;63.08108112372755;Inf;Inf
3040.0;63.07907067611766;Inf;Inf
3041.0;63.077061394495914;Inf;Inf
3042.0;63.07505327809034;Inf;Inf
3043.0;63.073046326129365;Inf;Inf
3044.0;63.071040537841654;Inf;Inf
3045.0;63.069035912456066;Inf;Inf
3046.0;63.06703244920114;Inf;Inf
3047.0;63.06503014730622;Inf;Inf
3048.0;63.06302900600021;Inf;Inf
3049.0;63.06102902451252;Inf;Inf
3050.0;63.05903020207311;Inf;Inf
3051.0;63.057032537911674;Inf;Inf
3052.0;63.05503603125792;Inf;Inf
3053.0;63.05304068134221;Inf;Inf
3054.0;63.05104648739469;Inf;Inf
3055.0;63.04905344864611;Inf;Inf
3056.0;63.04706156432706;Inf;Inf
3057.0;63.04507083366827;Inf;Inf
3058.0;63.04308125590069;Inf;Inf
3059.0;63.04109283025575;Inf;Inf
3060.0;63.03910555596479;Inf;Inf
3061.0;63.03711943225952;Inf;Inf
3062.0;63.03513445837147;Inf;Inf
3063.0;63.03315063353286;Inf;Inf
3064.0;63.0311679569758;Inf;Inf
3065.0;63.02918642793287;Inf;Inf
3066.0;63.02720604563657;Inf;Inf
3067.0;63.02522680931948;Inf;Inf
3068.0;63.02324871821446;Inf;Inf
3069.0;63.02127177155499;Inf;Inf
3070.0;63.01929596857413;Inf;Inf
3071.0;63.01732130850533;Inf;Inf
3072.0;63.015347790582666;Inf;Inf
3073.0;63.013375414039785;Inf;Inf
3074.0;63.011404178110766;Inf;Inf
3075.0;63.009434082030346;Inf;Inf
3076.0;63.00746512503289;Inf;Inf
3077.0;63.005497306352716;Inf;Inf
3078.0;63.00353062522514;Inf;Inf
3079.0;63.00156508088514;Inf;Inf
3080.0;62.999600672568086;Inf;Inf
3081.0;62.99763739950941;Inf;Inf
3082.0;62.995675260945;Inf;Inf
3083.0;62.99371425611057;Inf;Inf
3084.0;62.99175438424266;Inf;Inf
3085.0;62.989795644577576;Inf;Inf
3086.0;62.98783803635183;Inf;Inf
3087.0;62.9858815588019;Inf;Inf
3088.0;62.983926211165205;Inf;Inf
3089.0;62.98197199267869;Inf;Inf
3090.0;62.98001890257948;Inf;Inf
3091.0;62.97806694010541;Inf;Inf
3092.0;62.976116104494274;Inf;Inf
3093.0;62.974166394983946;Inf;Inf
3094.0;62.97221781081277;Inf;Inf
3095.0;62.9702703512194;Inf;Inf
3096.0;62.96832401544245;Inf;Inf
3097.0;62.96637880272056;Inf;Inf
3098.0;62.96443471229314;Inf;Inf
3099.0;62.96249174339927;Inf;Inf
3100.0;62.9605498952784;Inf;Inf
3101.0;62.9586091671705;Inf;Inf
3102.0;62.95666955831547;Inf;Inf
3103.0;62.95473106795342;Inf;Inf
3104.0;62.9527936953249;Inf;Inf
3105.0;62.95085743967048;Inf;Inf
3106.0;62.94892230023107;Inf;Inf
3107.0;62.94698827624788;Inf;Inf
3108.0;62.945055366962194;Inf;Inf
3109.0;62.9431235716153;Inf;Inf
3110.0;62.94119288944899;Inf;Inf
3111.0;62.939263319705425;Inf;Inf
3112.0;62.93733486162671;Inf;Inf
3113.0;62.93540751445516;Inf;Inf
3114.0;62.93348127743363;Inf;Inf
3115.0;62.931556149804976;Inf;Inf
3116.0;62.929632130812266;Inf;Inf
3117.0;62.92770921969902;Inf;Inf
3118.0;62.92578741570928;Inf;Inf
3119.0;62.92386671808615;Inf;Inf
3120.0;62.92194712607375;Inf;Inf
3121.0;62.92002863891659;Inf;Inf
3122.0;62.918111255859;Inf;Inf
3123.0;62.916194976145704;Inf;Inf
3124.0;62.91427979902177;Inf;Inf
3125.0;62.912365723732584;Inf;Inf
3126.0;62.910452749523294;Inf;Inf
3127.0;62.90854087563972;Inf;Inf
3128.0;62.90663010132834;Inf;Inf
3129.0;62.90472042583477;Inf;Inf
3130.0;62.90281184840546;Inf;Inf
3131.0;62.90090436828717;Inf;Inf
3132.0;62.89899798472681;Inf;Inf
3133.0;62.8970926969714;Inf;Inf
3134.0;62.895188504268454;Inf;Inf
3135.0;62.8932854058657;Inf;Inf
3136.0;62.89138340101076;Inf;Inf
3137.0;62.88948248895185;Inf;Inf
3138.0;62.8875826689376;Inf;Inf
3139.0;62.88568394021664;Inf;Inf
3140.0;62.88378630203754;Inf;Inf
3141.0;62.88188975364952;Inf;Inf
3142.0;62.87999429430205;Inf;Inf
3143.0;62.87809992324453;Inf;Inf
3144.0;62.876206639726874;Inf;Inf
3145.0;62.8743144429994;Inf;Inf
3146.0;62.8724233323123;Inf;Inf
3147.0;62.870533306916066;Inf;Inf
3148.0;62.86864436606182;Inf;Inf
3149.0;62.86675650900066;Inf;Inf
3150.0;62.86486973498406;Inf;Inf
3151.0;62.862984043263516;Inf;Inf
3152.0;62.86109943309103;Inf;Inf
3153.0;62.859215903718905;Inf;Inf
3154.0;62.85733345439922;Inf;Inf
3155.0;62.85545208438485;Inf;Inf
3156.0;62.85357179292857;Inf;Inf
3157.0;62.85169257928351;Inf;Inf
3158.0;62.849814442703156;Inf;Inf
3159.0;62.847937382441394;Inf;Inf
3160.0;62.84606139775194;Inf;Inf
3161.0;62.84418648788938;Inf;Inf
3162.0;62.842312652108085;Inf;Inf
3163.0;62.84043988966272;Inf;Inf
3164.0;62.838568199808165;Inf;Inf
3165.0;62.836697581799854;Inf;Inf
3166.0;62.834828034893405;Inf;Inf
3167.0;62.83295955834448;Inf;Inf
3168.0;62.83109215140915;Inf;Inf
3169.0;62.829225813344074;Inf;Inf
3170.0;62.82736054340564;Inf;Inf
3171.0;62.825496340850705;Inf;Inf
3172.0;62.823633204936726;Inf;Inf
3173.0;62.82177113492114;Inf;Inf
3174.0;62.81991013006132;Inf;Inf
3175.0;62.81805018961527;Inf;Inf
3176.0;62.81619131284151;Inf;Inf
3177.0;62.81433349899837;Inf;Inf
3178.0;62.81247674734458;Inf;Inf
3179.0;62.810621057139386;Inf;Inf
3180.0;62.808766427642205;Inf;Inf
3181.0;62.80691285811239;Inf;Inf
3182.0;62.8050603478099;Inf;Inf
3183.0;62.80320889599525;Inf;Inf
3184.0;62.80135850192882;Inf;Inf
3185.0;62.79950916487113;Inf;Inf
3186.0;62.797660884083186;Inf;Inf
3187.0;62.795813658826525;Inf;Inf
3188.0;62.79396748836248;Inf;Inf
3189.0;62.7921223719531;Inf;Inf
3190.0;62.790278308860636;Inf;Inf
3191.0;62.788435298347295;Inf;Inf
3192.0;62.78659333967569;Inf;Inf
3193.0;62.78475243210886;Inf;Inf
3194.0;62.782912574910284;Inf;Inf
3195.0;62.781073767343514;Inf;Inf
3196.0;62.77923600867224;Inf;Inf
3197.0;62.77739929816062;Inf;Inf
3198.0;62.77556363507314;Inf;Inf
3199.0;62.77372901867438;Inf;Inf
3200.0;62.77189544822931;Inf;Inf
3201.0;62.77006292300348;Inf;Inf
3202.0;62.76823144226244;Inf;Inf
3203.0;62.76640100527195;Inf;Inf
3204.0;62.764571611298074;Inf;Inf
3205.0;62.7627432596075;Inf;Inf
3206.0;62.76091594946681;Inf;Inf
3207.0;62.75908968014311;Inf;Inf
3208.0;62.757264450903804;Inf;Inf
3209.0;62.75544026101629;Inf;Inf
3210.0;62.75361710974845;Inf;Inf
3211.0;62.7517949963685;Inf;Inf
3212.0;62.74997392014528;Inf;Inf
3213.0;62.74815388034731;Inf;Inf
3214.0;62.746334876243665;Inf;Inf
3215.0;62.74451690710391;Inf;Inf
3216.0;62.74269997219774;Inf;Inf
3217.0;62.740884070795005;Inf;Inf
3218.0;62.739069202166206;Inf;Inf
3219.0;62.737255365582;Inf;Inf
3220.0;62.73544256031316;Inf;Inf
3221.0;62.73363078563071;Inf;Inf
3222.0;62.731820040806284;Inf;Inf
3223.0;62.73001032511184;Inf;Inf
3224.0;62.728201637819296;Inf;Inf
3225.0;62.72639397820104;Inf;Inf
3226.0;62.7245873455299;Inf;Inf
3227.0;62.72278173907929;Inf;Inf
3228.0;62.72097715812201;Inf;Inf
3229.0;62.71917360193177;Inf;Inf
3230.0;62.71737106978291;Inf;Inf
3231.0;62.71556956094937;Inf;Inf
3232.0;62.71376907470569;Inf;Inf
3233.0;62.7119696103266;Inf;Inf
3234.0;62.710171167087516;Inf;Inf
3235.0;62.7083737442638;Inf;Inf
3236.0;62.70657734113118;Inf;Inf
3237.0;62.70478195696587;Inf;Inf
3238.0;62.70298759104444;Inf;Inf
3239.0;62.70119424264335;Inf;Inf
3240.0;62.6994019110397;Inf;Inf
3241.0;62.697610595510895;Inf;Inf
3242.0;62.695820295334975;Inf;Inf
3243.0;62.69403100978957;Inf;Inf
3244.0;62.692242738152935;Inf;Inf
3245.0;62.69045547970381;Inf;Inf
3246.0;62.6886692337211;Inf;Inf
3247.0;62.68688399948395;Inf;Inf
3248.0;62.68509977627192;Inf;Inf
3249.0;62.683316563365175;Inf;Inf
3250.0;62.681534360043756;Inf;Inf
3251.0;62.679753165588075;Inf;Inf
3252.0;62.67797297927899;Inf;Inf
3253.0;62.676193800398;Inf;Inf
3254.0;62.6744156282265;Inf;Inf
3255.0;62.6726384620461;Inf;Inf
3256.0;62.67086230113897;Inf;Inf
3257.0;62.669087144787774;Inf;Inf
3258.0;62.66731299227497;Inf;Inf
3259.0;62.665539842883675;Inf;Inf
3260.0;62.66376769589749;Inf;Inf
3261.0;62.66199655060012;Inf;Inf
3262.0;62.66022640627554;Inf;Inf
3263.0;62.65845726220819;Inf;Inf
3264.0;62.65668911768292;Inf;Inf
3265.0;62.65492197198472;Inf;Inf
3266.0;62.653155824399256;Inf;Inf
3267.0;62.65139067421195;Inf;Inf
3268.0;62.64962652070902;Inf;Inf
3269.0;62.64786336317661;Inf;Inf
3270.0;62.646101200901306;Inf;Inf
3271.0;62.64434003317018;Inf;Inf
3272.0;62.64257985927077;Inf;Inf
3273.0;62.640820678490584;Inf;Inf
3274.0;62.63906249011768;Inf;Inf
3275.0;62.637305293440335;Inf;Inf
3276.0;62.6355490877475;Inf;Inf
3277.0;62.6337938723279;Inf;Inf
3278.0;62.632039646470936;Inf;Inf
3279.0;62.630286409466564;Inf;Inf
3280.0;62.628534160604794;Inf;Inf
3281.0;62.62678289917566;Inf;Inf
3282.0;62.62503262446986;Inf;Inf
3283.0;62.62328333577846;Inf;Inf
3284.0;62.62153503239293;Inf;Inf
3285.0;62.61978771360492;Inf;Inf
3286.0;62.61804137870639;Inf;Inf
3287.0;62.616296026989815;Inf;Inf
3288.0;62.61455165774782;Inf;Inf
3289.0;62.61280827027349;Inf;Inf
3290.0;62.611065863860226;Inf;Inf
3291.0;62.609324437801845;Inf;Inf
3292.0;62.60758399139269;Inf;Inf
3293.0;62.605844523926635;Inf;Inf
3294.0;62.60410603469855;Inf;Inf
3295.0;62.602368523003605;Inf;Inf
3296.0;62.60063198813734;Inf;Inf
3297.0;62.59889642939534;Inf;Inf
3298.0;62.597161846073725;Inf;Inf
3299.0;62.59542823746908;Inf;Inf
3300.0;62.59369560287826;Inf;Inf
3301.0;62.591963941598316;Inf;Inf
3302.0;62.590233252926645;Inf;Inf
3303.0;62.58850353616127;Inf;Inf
3304.0;62.586774790600586;Inf;Inf
3305.0;62.58504701554296;Inf;Inf
3306.0;62.583320210287205;Inf;Inf
3307.0;62.58159437413281;Inf;Inf
3308.0;62.57986950637917;Inf;Inf
3309.0;62.57814560632603;Inf;Inf
3310.0;62.57642267327382;Inf;Inf
3311.0;62.57470070652313;Inf;Inf
3312.0;62.57297970537513;Inf;Inf
3313.0;62.57125966913088;Inf;Inf
3314.0;62.56954059709209;Inf;Inf
3315.0;62.567822488560815;Inf;Inf
3316.0;62.56610534283974;Inf;Inf
3317.0;62.56438915923139;Inf;Inf
3318.0;62.56267393703887;Inf;Inf
3319.0;62.560959675565606;Inf;Inf
3320.0;62.559246374115446;Inf;Inf
3321.0;62.55753403199243;Inf;Inf
3322.0;62.555822648501014;Inf;Inf
3323.0;62.55411222294612;Inf;Inf
3324.0;62.5524027546332;Inf;Inf
3325.0;62.55069424286749;Inf;Inf
3326.0;62.548986686954954;Inf;Inf
3327.0;62.54728008620187;Inf;Inf
3328.0;62.54557443991522;Inf;Inf
3329.0;62.54386974740157;Inf;Inf
3330.0;62.542166007968625;Inf;Inf
3331.0;62.54046322092413;Inf;Inf
3332.0;62.53876138557631;Inf;Inf
3333.0;62.53706050123316;Inf;Inf
3334.0;62.535360567203504;Inf;Inf
3335.0;62.5336615827965;Inf;Inf
3336.0;62.53196354732188;Inf;Inf
3337.0;62.530266460089244;Inf;Inf
3338.0;62.52857032040891;Inf;Inf
3339.0;62.52687512759142;Inf;Inf
3340.0;62.52518088094794;Inf;Inf
3341.0;62.523487579789624;Inf;Inf
3342.0;62.521795223428086;Inf;Inf
3343.0;62.52010381117554;Inf;Inf
3344.0;62.518413342344644;Inf;Inf
3345.0;62.51672381624787;Inf;Inf
3346.0;62.51503523219827;Inf;Inf
3347.0;62.51334758950933;Inf;Inf
3348.0;62.511660887495076;Inf;Inf
3349.0;62.509975125470035;Inf;Inf
3350.0;62.50829030274838;Inf;Inf
3351.0;62.50660641864501;Inf;Inf
3352.0;62.50492347247548;Inf;Inf
3353.0;62.503241463555526;Inf;Inf
3354.0;62.50156039120099;Inf;Inf
3355.0;62.4998802547283;Inf;Inf
3356.0;62.498201053454366;Inf;Inf
3357.0;62.49652278669681;Inf;Inf
3358.0;62.4948454537727;Inf;Inf
3359.0;62.493169053999836;Inf;Inf
3360.0;62.49149358669659;Inf;Inf
3361.0;62.48981905118184;Inf;Inf
3362.0;62.48814544677432;Inf;Inf
3363.0;62.486472772793476;Inf;Inf
3364.0;62.48480102855906;Inf;Inf
3365.0;62.4831302133914;Inf;Inf
3366.0;62.481460326610936;Inf;Inf
3367.0;62.47979136753831;Inf;Inf
3368.0;62.47812333549497;Inf;Inf
3369.0;62.47645622980257;Inf;Inf
3370.0;62.47479004978337;Inf;Inf
3371.0;62.47312479475964;Inf;Inf
3372.0;62.47146046405386;Inf;Inf
3373.0;62.46979705698913;Inf;Inf
3374.0;62.46813457288917;Inf;Inf
3375.0;62.46647301107758;Inf;Inf
3376.0;62.464812370878754;Inf;Inf
3377.0;62.46315265161715;Inf;Inf
3378.0;62.461493852618034;Inf;Inf
3379.0;62.4598359732066;Inf;Inf
3380.0;62.45817901270863;Inf;Inf
3381.0;62.45652297045017;Inf;Inf
3382.0;62.45486784575784;Inf;Inf
3383.0;62.45321363795853;Inf;Inf
3384.0;62.451560346379594;Inf;Inf
3385.0;62.44990797034865;Inf;Inf
3386.0;62.44825650919355;Inf;Inf
3387.0;62.44660596224292;Inf;Inf
3388.0;62.4449563288253;Inf;Inf
3389.0;62.44330760826987;Inf;Inf
3390.0;62.44165979990611;Inf;Inf
3391.0;62.44001290306419;Inf;Inf
3392.0;62.438366917074354;Inf;Inf
3393.0;62.43672184126713;Inf;Inf
3394.0;62.43507767497373;Inf;Inf
3395.0;62.43343441752557;Inf;Inf
3396.0;62.43179206825461;Inf;Inf
3397.0;62.430150626492626;Inf;Inf
3398.0;62.42851009157244;Inf;Inf
3399.0;62.426870462827274;Inf;Inf
3400.0;62.4252317395904;Inf;Inf
3401.0;62.42359392119537;Inf;Inf
3402.0;62.42195700697622;Inf;Inf
3403.0;62.4203209962675;Inf;Inf
3404.0;62.41868588840422;Inf;Inf
3405.0;62.417051682721684;Inf;Inf
3406.0;62.4154183785554;Inf;Inf
3407.0;62.41378597524144;Inf;Inf
3408.0;62.412154472116185;Inf;Inf
3409.0;62.41052386851672;Inf;Inf
3410.0;62.40889416378006;Inf;Inf
3411.0;62.40726535724374;Inf;Inf
3412.0;62.405637448245685;Inf;Inf
3413.0;62.40401043612475;Inf;Inf
3414.0;62.40238432021952;Inf;Inf
3415.0;62.40075909986878;Inf;Inf
3416.0;62.39913477441212;Inf;Inf
3417.0;62.3975113431896;Inf;Inf
3418.0;62.395888805541645;Inf;Inf
3419.0;62.39426716080863;Inf;Inf
3420.0;62.39264640833178;Inf;Inf
3421.0;62.391026547452476;Inf;Inf
3422.0;62.38940757751276;Inf;Inf
3423.0;62.387789497854826;Inf;Inf
3424.0;62.38617230782126;Inf;Inf
3425.0;62.38455600675501;Inf;Inf
3426.0;62.38294059399952;Inf;Inf
3427.0;62.38132606889904;Inf;Inf
3428.0;62.37971243079755;Inf;Inf
3429.0;62.378099679039394;Inf;Inf
3430.0;62.37648781296961;Inf;Inf
3431.0;62.374876831933754;Inf;Inf
3432.0;62.37326673527751;Inf;Inf
3433.0;62.37165752234694;Inf;Inf
3434.0;62.37004919248863;Inf;Inf
3435.0;62.36844174504952;Inf;Inf
3436.0;62.36683517937711;Inf;Inf
3437.0;62.365229494819054;Inf;Inf
3438.0;62.3636246907234;Inf;Inf
3439.0;62.36202076643858;Inf;Inf
3440.0;62.36041772131382;Inf;Inf
3441.0;62.358815554698616;Inf;Inf
3442.0;62.357214265942396;Inf;Inf
3443.0;62.35561385439518;Inf;Inf
3444.0;62.354014319407455;Inf;Inf
3445.0;62.3524156603303;Inf;Inf
3446.0;62.35081787651476;Inf;Inf
3447.0;62.34922096731251;Inf;Inf
3448.0;62.347624932075654;Inf;Inf
3449.0;62.3460297701566;Inf;Inf
3450.0;62.34443548090851;Inf;Inf
3451.0;62.342842063684444;Inf;Inf
3452.0;62.34124951783796;Inf;Inf
3453.0;62.33965784272318;Inf;Inf
3454.0;62.33806703769468;Inf;Inf
3455.0;62.336477102107374;Inf;Inf
3456.0;62.33488803531628;Inf;Inf
3457.0;62.333299836677355;Inf;Inf
3458.0;62.33171250554644;Inf;Inf
3459.0;62.33012604128014;Inf;Inf
3460.0;62.3285404432352;Inf;Inf
3461.0;62.326955710768765;Inf;Inf
3462.0;62.32537184323844;Inf;Inf
3463.0;62.32378884000233;Inf;Inf
3464.0;62.32220670041912;Inf;Inf
3465.0;62.320625423847275;Inf;Inf
3466.0;62.31904500964614;Inf;Inf
3467.0;62.3174654571754;Inf;Inf
3468.0;62.31588676579515;Inf;Inf
3469.0;62.3143089348659;Inf;Inf
3470.0;62.312731963748384;Inf;Inf
3471.0;62.311155851803704;Inf;Inf
3472.0;62.3095805983937;Inf;Inf
3473.0;62.3080062028807;Inf;Inf
3474.0;62.30643266462679;Inf;Inf
3475.0;62.3048599829947;Inf;Inf
3476.0;62.303288157347914;Inf;Inf
3477.0;62.30171718704981;Inf;Inf
3478.0;62.30014707146476;Inf;Inf
3479.0;62.29857780995715;Inf;Inf
3480.0;62.29700940189165;Inf;Inf
3481.0;62.29544184663372;Inf;Inf
3482.0;62.293875143549045;Inf;Inf
3483.0;62.29230929200376;Inf;Inf
3484.0;62.290744291364035;Inf;Inf
3485.0;62.289180140996905;Inf;Inf
3486.0;62.287616840269514;Inf;Inf
3487.0;62.28605438854957;Inf;Inf
3488.0;62.28449278520575;Inf;Inf
3489.0;62.28293202960597;Inf;Inf
3490.0;62.28137212111929;Inf;Inf
3491.0;62.27981305911487;Inf;Inf
3492.0;62.2782548429624;Inf;Inf
3493.0;62.27669747203199;Inf;Inf
3494.0;62.27514094569416;Inf;Inf
3495.0;62.27358526331978;Inf;Inf
3496.0;62.27203042428013;Inf;Inf
3497.0;62.270476427947216;Inf;Inf
3498.0;62.26892327369292;Inf;Inf
3499.0;62.26737096088977;Inf;Inf
3500.0;62.26581948891074;Inf;Inf
3501.0;62.264268857129046;Inf;Inf
3502.0;62.262719064918734;Inf;Inf
3503.0;62.26117011165393;Inf;Inf
3504.0;62.25962199670923;Inf;Inf
3505.0;62.25807471945943;Inf;Inf
3506.0;62.25652827927984;Inf;Inf
3507.0;62.25498267554651;Inf;Inf
3508.0;62.253437907635494;Inf;Inf
3509.0;62.25189397492331;Inf;Inf
3510.0;62.25035087678687;Inf;Inf
3511.0;62.2488086126037;Inf;Inf
3512.0;62.24726718175183;Inf;Inf
3513.0;62.24572658360922;Inf;Inf
3514.0;62.24418681755462;Inf;Inf
3515.0;62.242647882966956;Inf;Inf
3516.0;62.241109779225624;Inf;Inf
3517.0;62.2395725057109;Inf;Inf
3518.0;62.23803606180272;Inf;Inf
3519.0;62.23650044688179;Inf;Inf
3520.0;62.23496566032945;Inf;Inf
3521.0;62.23343170152684;Inf;Inf
3522.0;62.23189856985616;Inf;Inf
3523.0;62.23036626469956;Inf;Inf
3524.0;62.228834785439616;Inf;Inf
3525.0;62.22730413145954;Inf;Inf
3526.0;62.22577430214279;Inf;Inf
3527.0;62.22424529687357;Inf;Inf
3528.0;62.22271711503616;Inf;Inf
3529.0;62.22118975601509;Inf;Inf
3530.0;62.21966321919572;Inf;Inf
3531.0;62.218137503963575;Inf;Inf
3532.0;62.216612609704725;Inf;Inf
3533.0;62.21508853580563;Inf;Inf
3534.0;62.213565281652905;Inf;Inf
3535.0;62.21204284663374;Inf;Inf
3536.0;62.21052123013611;Inf;Inf
3537.0;62.209000431548;Inf;Inf
3538.0;62.207480450257684;Inf;Inf
3539.0;62.2059612856541;Inf;Inf
3540.0;62.204442937126295;Inf;Inf
3541.0;62.2029254040641;Inf;Inf
3542.0;62.201408685858055;Inf;Inf
3543.0;62.19989278189817;Inf;Inf
3544.0;62.19837769157545;Inf;Inf
3545.0;62.19686341428116;Inf;Inf
3546.0;62.19534994940695;Inf;Inf
3547.0;62.19383729634523;Inf;Inf
3548.0;62.192325454488504;Inf;Inf
3549.0;62.19081442322958;Inf;Inf
3550.0;62.189304201961896;Inf;Inf
3551.0;62.18779479007919;Inf;Inf
3552.0;62.18628618697588;Inf;Inf
3553.0;62.184778392046844;Inf;Inf
3554.0;62.18327140468663;Inf;Inf
3555.0;62.18176522429078;Inf;Inf
3556.0;62.18025985025503;Inf;Inf
3557.0;62.17875528197571;Inf;Inf
3558.0;62.1772515188498;Inf;Inf
3559.0;62.17574856027407;Inf;Inf
3560.0;62.174246405646;Inf;Inf
3561.0;62.172745054363624;Inf;Inf
3562.0;62.171244505825044;Inf;Inf
3563.0;62.16974475942947;Inf;Inf
3564.0;62.16824581457571;Inf;Inf
3565.0;62.16674767066333;Inf;Inf
3566.0;62.16525032709235;Inf;Inf
3567.0;62.16375378326301;Inf;Inf
3568.0;62.16225803857651;Inf;Inf
3569.0;62.160763092433925;Inf;Inf
3570.0;62.15926894423683;Inf;Inf
3571.0;62.157775593387285;Inf;Inf
3572.0;62.15628303928753;Inf;Inf
3573.0;62.15479128134062;Inf;Inf
3574.0;62.153300318949846;Inf;Inf
3575.0;62.151810151518795;Inf;Inf
3576.0;62.15032077845163;Inf;Inf
3577.0;62.14883219915271;Inf;Inf
3578.0;62.14734441302709;Inf;Inf
3579.0;62.14585741948034;Inf;Inf
3580.0;62.14437121791788;Inf;Inf
3581.0;62.142885807746055;Inf;Inf
3582.0;62.141401188371304;Inf;Inf
3583.0;62.13991735920061;Inf;Inf
3584.0;62.13843431964167;Inf;Inf
3585.0;62.136952069102065;Inf;Inf
3586.0;62.13547060699025;Inf;Inf
3587.0;62.13398993271476;Inf;Inf
3588.0;62.132510045684576;Inf;Inf
3589.0;62.131030945309256;Inf;Inf
3590.0;62.1295526309987;Inf;Inf
3591.0;62.12807510216316;Inf;Inf
3592.0;62.12659835821328;Inf;Inf
3593.0;62.1251223985602;Inf;Inf
3594.0;62.12364722261547;Inf;Inf
3595.0;62.12217282979129;Inf;Inf
3596.0;62.12069921949991;Inf;Inf
3597.0;62.119226391154164;Inf;Inf
3598.0;62.11775434416716;Inf;Inf
3599.0;62.11628307795238;Inf;Inf
3600.0;62.114812591924;Inf;Inf
3601.0;62.11334288549659;Inf;Inf
3602.0;62.11187395808466;Inf;Inf
3603.0;62.110405809103746;Inf;Inf
3604.0;62.10893843796959;Inf;Inf
3605.0;62.1074718440981;Inf;Inf
3606.0;62.10600602690607;Inf;Inf
3607.0;62.10454098581001;Inf;Inf
3608.0;62.10307672022752;Inf;Inf
3609.0;62.10161322957612;Inf;Inf
3610.0;62.10015051327406;Inf;Inf
3611.0;62.09868857074012;Inf;Inf
3612.0;62.09722740139319;Inf;Inf
3613.0;62.09576700465268;Inf;Inf
3614.0;62.094307379938144;Inf;Inf
3615.0;62.09284852667015;Inf;Inf
3616.0;62.0913904442692;Inf;Inf
3617.0;62.08993313215661;Inf;Inf
3618.0;62.08847658975367;Inf;Inf
3619.0;62.08702081648216;Inf;Inf
3620.0;62.08556581176448;Inf;Inf
3621.0;62.08411157502331;Inf;Inf
3622.0;62.082658105682164;Inf;Inf
3623.0;62.081205403164354;Inf;Inf
3624.0;62.07975346689371;Inf;Inf
3625.0;62.07830229629468;Inf;Inf
3626.0;62.076851890791865;Inf;Inf
3627.0;62.07540224981072;Inf;Inf
3628.0;62.073953372776906;Inf;Inf
3629.0;62.07250525911631;Inf;Inf
3630.0;62.07105790825539;Inf;Inf
3631.0;62.069611319620904;Inf;Inf
3632.0;62.06816549264028;Inf;Inf
3633.0;62.06672042674117;Inf;Inf
3634.0;62.06527612135184;Inf;Inf
3635.0;62.063832575900534;Inf;Inf
3636.0;62.06238978981623;Inf;Inf
3637.0;62.06094776252827;Inf;Inf
3638.0;62.059506493466436;Inf;Inf
3639.0;62.058065982061116;Inf;Inf
3640.0;62.05662622774301;Inf;Inf
3641.0;62.055187229942796;Inf;Inf
3642.0;62.053748988091854;Inf;Inf
3643.0;62.05231150162201;Inf;Inf
3644.0;62.050874769965574;Inf;Inf
3645.0;62.04943879255536;Inf;Inf
3646.0;62.04800356882434;Inf;Inf
3647.0;62.04656909820576;Inf;Inf
3648.0;62.04513538013372;Inf;Inf
3649.0;62.04370241404241;Inf;Inf
3650.0;62.04227019936674;Inf;Inf
3651.0;62.040838735541826;Inf;Inf
3652.0;62.03940802200306;Inf;Inf
3653.0;62.037978058186496;Inf;Inf
3654.0;62.03654884352834;Inf;Inf
3655.0;62.035120377465724;Inf;Inf
3656.0;62.03369265943588;Inf;Inf
3657.0;62.03226568887629;Inf;Inf
3658.0;62.0308394652249;Inf;Inf
3659.0;62.02941398792038;Inf;Inf
3660.0;62.02798925640136;Inf;Inf
3661.0;62.02656527010715;Inf;Inf
3662.0;62.02514202847762;Inf;Inf
3663.0;62.02371953095258;Inf;Inf
3664.0;62.02229777697265;Inf;Inf
3665.0;62.02087676597853;Inf;Inf
3666.0;62.01945649741176;Inf;Inf
3667.0;62.01803697071388;Inf;Inf
3668.0;62.016618185327495;Inf;Inf
3669.0;62.01520014069483;Inf;Inf
3670.0;62.013782836258834;Inf;Inf
3671.0;62.01236627146299;Inf;Inf
3672.0;62.01095044575098;Inf;Inf
3673.0;62.00953535856727;Inf;Inf
3674.0;62.00812100935647;Inf;Inf
3675.0;62.00670739756358;Inf;Inf
3676.0;62.00529452263389;Inf;Inf
3677.0;62.00388238401355;Inf;Inf
3678.0;62.00247098114875;Inf;Inf
3679.0;62.001060313486086;Inf;Inf
3680.0;61.999650380472964;Inf;Inf
3681.0;61.998241181556494;Inf;Inf
3682.0;61.996832716184784;Inf;Inf
3683.0;61.995424983805854;Inf;Inf
3684.0;61.994017983868964;Inf;Inf
3685.0;61.99261171582298;Inf;Inf
3686.0;61.9912061791178;Inf;Inf
3687.0;61.989801373203;Inf;Inf
3688.0;61.988397297529204;Inf;Inf
3689.0;61.98699395154709;Inf;Inf
3690.0;61.98559133470797;Inf;Inf
3691.0;61.9841894464635;Inf;Inf
3692.0;61.98278828626584;Inf;Inf
3693.0;61.981387853567306;Inf;Inf
3694.0;61.97998814782068;Inf;Inf
3695.0;61.978589168479346;Inf;Inf
3696.0;61.977190914996875;Inf;Inf
3697.0;61.975793386827945;Inf;Inf
3698.0;61.97439658342654;Inf;Inf
3699.0;61.97300050424781;Inf;Inf
3700.0;61.97160514874671;Inf;Inf
3701.0;61.970210516379225;Inf;Inf
3702.0;61.96881660660137;Inf;Inf
3703.0;61.967423418869885;Inf;Inf
3704.0;61.96603095264181;Inf;Inf
3705.0;61.96463920737441;Inf;Inf
3706.0;61.96324818252545;Inf;Inf
3707.0;61.96185787755313;Inf;Inf
3708.0;61.96046829191601;Inf;Inf
3709.0;61.959079425073206;Inf;Inf
3710.0;61.95769127648439;Inf;Inf
3711.0;61.956303845609;Inf;Inf
3712.0;61.95491713190753;Inf;Inf
3713.0;61.95353113484044;Inf;Inf
3714.0;61.95214585386895;Inf;Inf
3715.0;61.950761288454345;Inf;Inf
3716.0;61.949377438059294;Inf;Inf
3717.0;61.94799430214553;Inf;Inf
3718.0;61.94661188017604;Inf;Inf
3719.0;61.94523017161348;Inf;Inf
3720.0;61.943849175921585;Inf;Inf
3721.0;61.94246889256413;Inf;Inf
3722.0;61.941089321005904;Inf;Inf
3723.0;61.93971046071125;Inf;Inf
3724.0;61.938332311145395;Inf;Inf
3725.0;61.93695487177386;Inf;Inf
3726.0;61.93557814206272;Inf;Inf
3727.0;61.93420212147823;Inf;Inf
3728.0;61.932826809487494;Inf;Inf
3729.0;61.93145220555761;Inf;Inf
3730.0;61.93007830915599;Inf;Inf
3731.0;61.92870511975081;Inf;Inf
3732.0;61.92733263681029;Inf;Inf
3733.0;61.92596085980346;Inf;Inf
3734.0;61.92458978819956;Inf;Inf
3735.0;61.92321942146847;Inf;Inf
3736.0;61.92184975907994;Inf;Inf
3737.0;61.92048080050475;Inf;Inf
3738.0;61.91911254521326;Inf;Inf
3739.0;61.91774499267712;Inf;Inf
3740.0;61.916378142367755;Inf;Inf
3741.0;61.915011993757744;Inf;Inf
3742.0;61.91364654631907;Inf;Inf
3743.0;61.91228179952484;Inf;Inf
3744.0;61.910917752848185;Inf;Inf
3745.0;61.90955440576305;Inf;Inf
3746.0;61.908191757743275;Inf;Inf
3747.0;61.9068298082639;Inf;Inf
3748.0;61.90546855679948;Inf;Inf
3749.0;61.90410800282546;Inf;Inf
3750.0;61.90274814581743;Inf;Inf
3751.0;61.90138898525171;Inf;Inf
3752.0;61.900030520604645;Inf;Inf
3753.0;61.89867275135358;Inf;Inf
3754.0;61.89731567697571;Inf;Inf
3755.0;61.8959592969487;Inf;Inf
3756.0;61.894603610750835;Inf;Inf
3757.0;61.893248617860884;Inf;Inf
3758.0;61.891894317757526;Inf;Inf
3759.0;61.89054070992033;Inf;Inf
3760.0;61.88918779382907;Inf;Inf
3761.0;61.88783556896396;Inf;Inf
3762.0;61.88648403480535;Inf;Inf
3763.0;61.88513319083449;Inf;Inf
3764.0;61.88378303653257;Inf;Inf
3765.0;61.882433571381604;Inf;Inf
3766.0;61.88108479486386;Inf;Inf
3767.0;61.87973670646196;Inf;Inf
3768.0;61.87838930565877;Inf;Inf
3769.0;61.87704259193784;Inf;Inf
3770.0;61.87569656478283;Inf;Inf
3771.0;61.874351223678154;Inf;Inf
3772.0;61.87300656810833;Inf;Inf
3773.0;61.87166259755875;Inf;Inf
3774.0;61.87031931151448;Inf;Inf
3775.0;61.86897670946152;Inf;Inf
3776.0;61.86763479088593;Inf;Inf
3777.0;61.866293555274545;Inf;Inf
3778.0;61.864953002114575;Inf;Inf
3779.0;61.86361313089345;Inf;Inf
3780.0;61.862273941098834;Inf;Inf
3781.0;61.8609354322191;Inf;Inf
3782.0;61.85959760374268;Inf;Inf
3783.0;61.85826045515889;Inf;Inf
3784.0;61.85692398595681;Inf;Inf
3785.0;61.85558819562703;Inf;Inf
3786.0;61.85425308365948;Inf;Inf
3787.0;61.85291864954477;Inf;Inf
3788.0;61.85158489277377;Inf;Inf
3789.0;61.85025181283812;Inf;Inf
3790.0;61.84891940922959;Inf;Inf
3791.0;61.84758768144054;Inf;Inf
3792.0;61.846256628963594;Inf;Inf
3793.0;61.84492625129205;Inf;Inf
3794.0;61.84359654791905;Inf;Inf
3795.0;61.842267518338666;Inf;Inf
3796.0;61.84093916204493;Inf;Inf
3797.0;61.839611478532646;Inf;Inf
3798.0;61.83828446729682;Inf;Inf
3799.0;61.83695812783339;Inf;Inf
3800.0;61.83563245963793;Inf;Inf
3801.0;61.8343074622066;Inf;Inf
3802.0;61.83298313503595;Inf;Inf
3803.0;61.83165947762312;Inf;Inf
3804.0;61.830336489465594;Inf;Inf
3805.0;61.82901417006114;Inf;Inf
3806.0;61.827692518908336;Inf;Inf
3807.0;61.82637153550553;Inf;Inf
3808.0;61.8250512193519;Inf;Inf
3809.0;61.82373156994664;Inf;Inf
3810.0;61.82241258678989;Inf;Inf
3811.0;61.82109426938161;Inf;Inf
3812.0;61.81977661722273;Inf;Inf
3813.0;61.81845962981424;Inf;Inf
3814.0;61.817143306657684;Inf;Inf
3815.0;61.81582764725446;Inf;Inf
3816.0;61.81451265110707;Inf;Inf
3817.0;61.81319831771803;Inf;Inf
3818.0;61.8118846465905;Inf;Inf
3819.0;61.81057163722784;Inf;Inf
3820.0;61.80925928913395;Inf;Inf
3821.0;61.807947601813005;Inf;Inf
3822.0;61.80663657476966;Inf;Inf
3823.0;61.80532620750874;Inf;Inf
3824.0;61.80401649953561;Inf;Inf
3825.0;61.80270745035612;Inf;Inf
3826.0;61.801399059476516;Inf;Inf
3827.0;61.800091326403454;Inf;Inf
3828.0;61.79878425064364;Inf;Inf
3829.0;61.7974778317046;Inf;Inf
3830.0;61.79617206909388;Inf;Inf
3831.0;61.794866962319965;Inf;Inf
3832.0;61.79356251089103;Inf;Inf
3833.0;61.792258714316496;Inf;Inf
3834.0;61.79095557210531;Inf;Inf
3835.0;61.78965308376738;Inf;Inf
3836.0;61.788351248812624;Inf;Inf
3837.0;61.787050066751725;Inf;Inf
3838.0;61.78574953709545;Inf;Inf
3839.0;61.7844496593551;Inf;Inf
3840.0;61.78315043304266;Inf;Inf
3841.0;61.781851857670006;Inf;Inf
3842.0;61.780553932749605;Inf;Inf
3843.0;61.779256657794186;Inf;Inf
3844.0;61.77796003231752;Inf;Inf
3845.0;61.77666405583269;Inf;Inf
3846.0;61.77536872785401;Inf;Inf
3847.0;61.774074047895866;Inf;Inf
3848.0;61.77278001547319;Inf;Inf
3849.0;61.77148663010089;Inf;Inf
3850.0;61.77019389129473;Inf;Inf
3851.0;61.76890179857065;Inf;Inf
3852.0;61.767610351445;Inf;Inf
3853.0;61.76631954943463;Inf;Inf
3854.0;61.765029392056746;Inf;Inf
3855.0;61.763739878829035;Inf;Inf
3856.0;61.762451009269085;Inf;Inf
3857.0;61.761162782895695;Inf;Inf
3858.0;61.759875199227274;Inf;Inf
3859.0;61.75858825778298;Inf;Inf
3860.0;61.757301958082195;Inf;Inf
3861.0;61.75601629964496;Inf;Inf
3862.0;61.754731281991674;Inf;Inf
3863.0;61.75344690464271;Inf;Inf
3864.0;61.752163167119235;Inf;Inf
3865.0;61.75088006894257;Inf;Inf
3866.0;61.74959760963469;Inf;Inf
3867.0;61.74831578871794;Inf;Inf
3868.0;61.7470346057149;Inf;Inf
3869.0;61.74575406014855;Inf;Inf
3870.0;61.744474151542114;Inf;Inf
3871.0;61.7431948794193;Inf;Inf
3872.0;61.74191624330433;Inf;Inf
3873.0;61.740638242721694;Inf;Inf
3874.0;61.73936087719633;Inf;Inf
3875.0;61.7380841462536;Inf;Inf
3876.0;61.73680804941932;Inf;Inf
3877.0;61.735532586219485;Inf;Inf
3878.0;61.73425775618037;Inf;Inf
3879.0;61.73298355882904;Inf;Inf
3880.0;61.73170999369255;Inf;Inf
3881.0;61.730437060298655;Inf;Inf
3882.0;61.729164758175244;Inf;Inf
3883.0;61.72789308685111;Inf;Inf
3884.0;61.72662204585498;Inf;Inf
3885.0;61.72535163471559;Inf;Inf
3886.0;61.72408185296271;Inf;Inf
3887.0;61.722812700126084;Inf;Inf
3888.0;61.72154417573622;Inf;Inf
3889.0;61.720276279323876;Inf;Inf
3890.0;61.719009010420194;Inf;Inf
3891.0;61.71774236855676;Inf;Inf
3892.0;61.71647635326491;Inf;Inf
3893.0;61.715210964077166;Inf;Inf
3894.0;61.71394620052584;Inf;Inf
3895.0;61.712682062144125;Inf;Inf
3896.0;61.71141854846526;Inf;Inf
3897.0;61.710155659023116;Inf;Inf
3898.0;61.70889339335206;Inf;Inf
3899.0;61.70763175098618;Inf;Inf
3900.0;61.70637073146066;Inf;Inf
3901.0;61.705110334310476;Inf;Inf
3902.0;61.70385055907159;Inf;Inf
3903.0;61.70259140527979;Inf;Inf
3904.0;61.70133287247167;Inf;Inf
3905.0;61.7000749601841;Inf;Inf
3906.0;61.69881766795418;Inf;Inf
3907.0;61.69756099531945;Inf;Inf
3908.0;61.696304941817665;Inf;Inf
3909.0;61.69504950698742;Inf;Inf
3910.0;61.69379469036721;Inf;Inf
3911.0;61.69254049149626;Inf;Inf
3912.0;61.691286909913856;Inf;Inf
3913.0;61.690033945160216;Inf;Inf
3914.0;61.688781596775364;Inf;Inf
3915.0;61.68752986429983;Inf;Inf
3916.0;61.686278747274756;Inf;Inf
3917.0;61.68502824524113;Inf;Inf
3918.0;61.6837783577408;Inf;Inf
3919.0;61.68252908431597;Inf;Inf
3920.0;61.6812804245091;Inf;Inf
3921.0;61.68003237786319;Inf;Inf
3922.0;61.678784943921094;Inf;Inf
3923.0;61.67753812222676;Inf;Inf
3924.0;61.67629191232389;Inf;Inf
3925.0;61.67504631375697;Inf;Inf
3926.0;61.673801326070674;Inf;Inf
3927.0;61.67255694881015;Inf;Inf
3928.0;61.671313181521164;Inf;Inf
3929.0;61.670070023749226;Inf;Inf
3930.0;61.668827475040764;Inf;Inf
3931.0;61.66758553494215;Inf;Inf
3932.0;61.666344203000634;Inf;Inf
3933.0;61.66510347876339;Inf;Inf
3934.0;61.663863361778105;Inf;Inf
3935.0;61.66262385159339;Inf;Inf
3936.0;61.66138494775748;Inf;Inf
3937.0;61.66014664981918;Inf;Inf
3938.0;61.65890895732759;Inf;Inf
3939.0;61.65767186983241;Inf;Inf
3940.0;61.656435386883636;Inf;Inf
3941.0;61.65519950803154;Inf;Inf
3942.0;61.65396423282695;Inf;Inf
3943.0;61.65272956082085;Inf;Inf
3944.0;61.65149549156494;Inf;Inf
3945.0;61.65026202461079;Inf;Inf
3946.0;61.649029159510526;Inf;Inf
3947.0;61.64779689581693;Inf;Inf
3948.0;61.6465652330828;Inf;Inf
3949.0;61.645334170861545;Inf;Inf
3950.0;61.64410370870684;Inf;Inf
3951.0;61.64287384617279;Inf;Inf
3952.0;61.641644582814024;Inf;Inf
3953.0;61.64041591818492;Inf;Inf
3954.0;61.63918785184095;Inf;Inf
3955.0;61.637960383337436;Inf;Inf
3956.0;61.63673351223044;Inf;Inf
3957.0;61.63550723807623;Inf;Inf
3958.0;61.63428156043128;Inf;Inf
3959.0;61.633056478853156;Inf;Inf
3960.0;61.63183199289873;Inf;Inf
3961.0;61.63060810212591;Inf;Inf
3962.0;61.62938480609281;Inf;Inf
3963.0;61.62816210435781;Inf;Inf
3964.0;61.62693999647994;Inf;Inf
3965.0;61.625718482018584;Inf;Inf
3966.0;61.62449756053313;Inf;Inf
3967.0;61.62327723158372;Inf;Inf
3968.0;61.62205749473049;Inf;Inf
3969.0;61.62083834953417;Inf;Inf
3970.0;61.619619795555664;Inf;Inf
3971.0;61.61840183235662;Inf;Inf
3972.0;61.61718445949865;Inf;Inf
3973.0;61.61596767654394;Inf;Inf
3974.0;61.6147514830551;Inf;Inf
3975.0;61.61353587859517;Inf;Inf
3976.0;61.612320862727316;Inf;Inf
3977.0;61.611106435015046;Inf;Inf
3978.0;61.6098925950223;Inf;Inf
3979.0;61.608679342313565;Inf;Inf
3980.0;61.607466676453285;Inf;Inf
3981.0;61.6062545970069;Inf;Inf
3982.0;61.605043103539636;Inf;Inf
3983.0;61.60383219561753;Inf;Inf
3984.0;61.602621872806694;Inf;Inf
3985.0;61.60141213467342;Inf;Inf
3986.0;61.60020298078481;Inf;Inf
3987.0;61.598994410707974;Inf;Inf
3988.0;61.597786424010515;Inf;Inf
3989.0;61.59657902026058;Inf;Inf
3990.0;61.59537219902624;Inf;Inf
3991.0;61.59416595987689;Inf;Inf
3992.0;61.59296030238122;Inf;Inf
3993.0;61.59175522610842;Inf;Inf
3994.0;61.590550730628465;Inf;Inf
3995.0;61.58934681551128;Inf;Inf
3996.0;61.58814348032761;Inf;Inf
3997.0;61.58694072464815;Inf;Inf
3998.0;61.58573854804416;Inf;Inf
3999.0;61.58453695008754;Inf;Inf
4000.0;61.58333593034997;Inf;Inf
4001.0;61.5821354884038;Inf;Inf
4002.0;61.58093562382165;Inf;Inf
4003.0;61.57973633617641;Inf;Inf
4004.0;61.57853762504173;Inf;Inf
4005.0;61.577339489991154;Inf;Inf
4006.0;61.57614193059892;Inf;Inf
4007.0;61.57494494643956;Inf;Inf
4008.0;61.57374853708781;Inf;Inf
4009.0;61.572552702118934;Inf;Inf
4010.0;61.57135744110819;Inf;Inf
4011.0;61.570162753631685;Inf;Inf
4012.0;61.568968639265634;Inf;Inf
4013.0;61.567775097586484;Inf;Inf
4014.0;61.56658212817135;Inf;Inf
4015.0;61.56538973059755;Inf;Inf
4016.0;61.564197904442864;Inf;Inf
4017.0;61.56300664928528;Inf;Inf
4018.0;61.56181596470319;Inf;Inf
4019.0;61.560625850275386;Inf;Inf
4020.0;61.55943630558082;Inf;Inf
4021.0;61.55824733019899;Inf;Inf
4022.0;61.557058923709754;Inf;Inf
4023.0;61.55587108569304;Inf;Inf
4024.0;61.55468381572956;Inf;Inf
4025.0;61.55349711340031;Inf;Inf
4026.0;61.552310978286116;Inf;Inf
4027.0;61.55112540996882;Inf;Inf
4028.0;61.549940408030295;Inf;Inf
4029.0;61.54875597205286;Inf;Inf
4030.0;61.54757210161913;Inf;Inf
4031.0;61.54638879631189;Inf;Inf
4032.0;61.545206055714736;Inf;Inf
4033.0;61.54402387941143;Inf;Inf
4034.0;61.54284226698568;Inf;Inf
4035.0;61.541661218022085;Inf;Inf
4036.0;61.540480732105266;Inf;Inf
4037.0;61.53930080882032;Inf;Inf
4038.0;61.53812144775277;Inf;Inf
4039.0;61.53694264848818;Inf;Inf
4040.0;61.535764410612956;Inf;Inf
4041.0;61.53458673371361;Inf;Inf
4042.0;61.53340961737691;Inf;Inf
4043.0;61.53223306119018;Inf;Inf
4044.0;61.53105706474072;Inf;Inf
4045.0;61.52988162761662;Inf;Inf
4046.0;61.52870674940623;Inf;Inf
4047.0;61.52753242969784;Inf;Inf
4048.0;61.52635866808049;Inf;Inf
4049.0;61.525185464143455;Inf;Inf
4050.0;61.524012817476546;Inf;Inf
4051.0;61.522840727669696;Inf;Inf
4052.0;61.521669194313006;Inf;Inf
4053.0;61.52049821699724;Inf;Inf
4054.0;61.51932779531349;Inf;Inf
4055.0;61.518157928852986;Inf;Inf
4056.0;61.51698861720758;Inf;Inf
4057.0;61.51581985996928;Inf;Inf
4058.0;61.51465165673045;Inf;Inf
4059.0;61.51348400708423;Inf;Inf
4060.0;61.51231691062337;Inf;Inf
4061.0;61.511150366941294;Inf;Inf
4062.0;61.509984375631944;Inf;Inf
4063.0;61.50881893628926;Inf;Inf
4064.0;61.50765404850782;Inf;Inf
4065.0;61.506489711882494;Inf;Inf
4066.0;61.50532592600827;Inf;Inf
4067.0;61.50416269048104;Inf;Inf
4068.0;61.50300000489655;Inf;Inf
4069.0;61.5018378688508;Inf;Inf
4070.0;61.500676281940564;Inf;Inf
4071.0;61.499515243762396;Inf;Inf
4072.0;61.498354753913794;Inf;Inf
4073.0;61.497194811992294;Inf;Inf
4074.0;61.49603541759589;Inf;Inf
4075.0;61.494876570322745;Inf;Inf
4076.0;61.49371826977164;Inf;Inf
4077.0;61.4925605155413;Inf;Inf
4078.0;61.491403307231124;Inf;Inf
4079.0;61.49024664444059;Inf;Inf
4080.0;61.489090526769594;Inf;Inf
4081.0;61.48793495381868;Inf;Inf
4082.0;61.486779925188266;Inf;Inf
4083.0;61.4856254404794;Inf;Inf
4084.0;61.484471499293555;Inf;Inf
4085.0;61.4833181012323;Inf;Inf
4086.0;61.482165245897804;Inf;Inf
4087.0;61.48101293289219;Inf;Inf
4088.0;61.47986116181809;Inf;Inf
4089.0;61.478709932278704;Inf;Inf
4090.0;61.47755924387723;Inf;Inf
4091.0;61.476409096217346;Inf;Inf
4092.0;61.47525948890329;Inf;Inf
4093.0;61.47411042153918;Inf;Inf
4094.0;61.47296189373001;Inf;Inf
4095.0;61.47181390508088;Inf;Inf
4096.0;61.47066645519684;Inf;Inf
4097.0;61.46951954368378;Inf;Inf
4098.0;61.46837317014775;Inf;Inf
4099.0;61.46722733419497;Inf;Inf
4100.0;61.46608203543244;Inf;Inf
4101.0;61.46493727346712;Inf;Inf
4102.0;61.46379304790625;Inf;Inf
4103.0;61.46264935835819;Inf;Inf
4104.0;61.46150620443065;Inf;Inf
4105.0;61.46036358573181;Inf;Inf
4106.0;61.45922150187065;Inf;Inf
4107.0;61.458079952456;Inf;Inf
4108.0;61.45693893709742;Inf;Inf
4109.0;61.45579845540464;Inf;Inf
4110.0;61.45465850698765;Inf;Inf
4111.0;61.45351909145684;Inf;Inf
4112.0;61.45238020842325;Inf;Inf
4113.0;61.45124185749773;Inf;Inf
4114.0;61.45010403829201;Inf;Inf
4115.0;61.44896675041759;Inf;Inf
4116.0;61.44782999348634;Inf;Inf
4117.0;61.44669376711086;Inf;Inf
4118.0;61.44555807090377;Inf;Inf
4119.0;61.44442290447814;Inf;Inf
4120.0;61.443288267447464;Inf;Inf
4121.0;61.442154159425414;Inf;Inf
4122.0;61.44102058002615;Inf;Inf
4123.0;61.43988752886419;Inf;Inf
4124.0;61.4387550055539;Inf;Inf
4125.0;61.437623009710414;Inf;Inf
4126.0;61.43649154094928;Inf;Inf
4127.0;61.43536059888592;Inf;Inf
4128.0;61.43423018313653;Inf;Inf
4129.0;61.4331002933176;Inf;Inf
4130.0;61.43197092904558;Inf;Inf
4131.0;61.430842089937855;Inf;Inf
4132.0;61.42971377561168;Inf;Inf
4133.0;61.42858598568468;Inf;Inf
4134.0;61.427458719774855;Inf;Inf
4135.0;61.42633197750054;Inf;Inf
4136.0;61.425205758480224;Inf;Inf
4137.0;61.42408006233305;Inf;Inf
4138.0;61.42295488867829;Inf;Inf
4139.0;61.42183023713547;Inf;Inf
4140.0;61.42070610732486;Inf;Inf
4141.0;61.419582498866774;Inf;Inf
4142.0;61.41845941138149;Inf;Inf
4143.0;61.41733684449026;Inf;Inf
4144.0;61.41621479781412;Inf;Inf
4145.0;61.41509327097463;Inf;Inf
4146.0;61.41397226359386;Inf;Inf
4147.0;61.41285177529403;Inf;Inf
4148.0;61.41173180569758;Inf;Inf
4149.0;61.41061235442763;Inf;Inf
4150.0;61.4094934211075;Inf;Inf
4151.0;61.40837500536046;Inf;Inf
4152.0;61.4072571068105;Inf;Inf
4153.0;61.406139725081786;Inf;Inf
4154.0;61.405022859798635;Inf;Inf
4155.0;61.40390651058613;Inf;Inf
4156.0;61.40279067706931;Inf;Inf
4157.0;61.401675358873526;Inf;Inf
4158.0;61.40056055562489;Inf;Inf
4159.0;61.399446266949376;Inf;Inf
4160.0;61.39833249247342;Inf;Inf
4161.0;61.39721923182401;Inf;Inf
4162.0;61.39610648462791;Inf;Inf
4163.0;61.39499425051252;Inf;Inf
4164.0;61.39388252910595;Inf;Inf
4165.0;61.392771320036;Inf;Inf
4166.0;61.391660622930836;Inf;Inf
4167.0;61.39055043741948;Inf;Inf
4168.0;61.38944076313061;Inf;Inf
4169.0;61.38833159969379;Inf;Inf
4170.0;61.38722294673884;Inf;Inf
4171.0;61.38611480389533;Inf;Inf
4172.0;61.38500717079358;Inf;Inf
4173.0;61.38390004706442;Inf;Inf
4174.0;61.3827934323385;Inf;Inf
4175.0;61.38168732624709;Inf;Inf
4176.0;61.380581728422186;Inf;Inf
4177.0;61.379476638495255;Inf;Inf
4178.0;61.37837205609839;Inf;Inf
4179.0;61.37726798086454;Inf;Inf
4180.0;61.376164412426235;Inf;Inf
4181.0;61.37506135041644;Inf;Inf
4182.0;61.37395879446885;Inf;Inf
4183.0;61.372856744217074;Inf;Inf
4184.0;61.37175519929507;Inf;Inf
4185.0;61.37065415933757;Inf;Inf
4186.0;61.369553623979066;Inf;Inf
4187.0;61.368453592854515;Inf;Inf
4188.0;61.367354065599486;Inf;Inf
4189.0;61.36625504184973;Inf;Inf
4190.0;61.365156521240976;Inf;Inf
4191.0;61.36405850340961;Inf;Inf
4192.0;61.36296098799213;Inf;Inf
4193.0;61.36186397462533;Inf;Inf
4194.0;61.3607674629467;Inf;Inf
4195.0;61.35967145259364;Inf;Inf
4196.0;61.35857594320397;Inf;Inf
4197.0;61.357480934416095;Inf;Inf
4198.0;61.35638642586831;Inf;Inf
4199.0;61.35529241719948;Inf;Inf
4200.0;61.35419890804866;Inf;Inf
4201.0;61.35310589805524;Inf;Inf
4202.0;61.35201338685876;Inf;Inf
4203.0;61.350921374099336;Inf;Inf
4204.0;61.349829859417476;Inf;Inf
4205.0;61.34873884245354;Inf;Inf
4206.0;61.34764832284857;Inf;Inf
4207.0;61.34655830024403;Inf;Inf
4208.0;61.34546877428124;Inf;Inf
4209.0;61.3443797446024;Inf;Inf
4210.0;61.3432912108497;Inf;Inf
4211.0;61.34220317266537;Inf;Inf
4212.0;61.34111562969223;Inf;Inf
4213.0;61.34002858157364;Inf;Inf
4214.0;61.33894202795279;Inf;Inf
4215.0;61.33785596847339;Inf;Inf
4216.0;61.33677040277976;Inf;Inf
4217.0;61.33568533051626;Inf;Inf
4218.0;61.33460075132739;Inf;Inf
4219.0;61.33351666485835;Inf;Inf
4220.0;61.3324330707543;Inf;Inf
4221.0;61.33134996866056;Inf;Inf
4222.0;61.33026735822321;Inf;Inf
4223.0;61.329185239088424;Inf;Inf
4224.0;61.328103610902545;Inf;Inf
4225.0;61.327022473312454;Inf;Inf
4226.0;61.32594182596539;Inf;Inf
4227.0;61.32486166850856;Inf;Inf
4228.0;61.323782000589794;Inf;Inf
4229.0;61.32270282185735;Inf;Inf
4230.0;61.32162413195958;Inf;Inf
4231.0;61.320545930544824;Inf;Inf
4232.0;61.31946821726223;Inf;Inf
4233.0;61.31839099176073;Inf;Inf
4234.0;61.31731425368985;Inf;Inf
4235.0;61.31623800269969;Inf;Inf
4236.0;61.3151622384402;Inf;Inf
4237.0;61.31408696056185;Inf;Inf
4238.0;61.313012168715524;Inf;Inf
4239.0;61.3119378625522;Inf;Inf
4240.0;61.31086404172333;Inf;Inf
4241.0;61.30979070588052;Inf;Inf
4242.0;61.30871785467581;Inf;Inf
4243.0;61.3076454877611;Inf;Inf
4244.0;61.30657360478915;Inf;Inf
4245.0;61.30550220541297;Inf;Inf
4246.0;61.304431289285525;Inf;Inf
4247.0;61.30336085606021;Inf;Inf
4248.0;61.302290905391054;Inf;Inf
4249.0;61.30122143693189;Inf;Inf
4250.0;61.3001524503372;Inf;Inf
4251.0;61.29908394526183;Inf;Inf
4252.0;61.298015921360474;Inf;Inf
4253.0;61.29694837828837;Inf;Inf
4254.0;61.29588131570113;Inf;Inf
4255.0;61.294814733254626;Inf;Inf
4256.0;61.29374863060485;Inf;Inf
4257.0;61.29268300740839;Inf;Inf
4258.0;61.29161786332211;Inf;Inf
4259.0;61.290553198002705;Inf;Inf
4260.0;61.28948901110766;Inf;Inf
4261.0;61.288425302295025;Inf;Inf
4262.0;61.28736207122237;Inf;Inf
4263.0;61.28629931754777;Inf;Inf
4264.0;61.28523704093032;Inf;Inf
4265.0;61.28417524102837;Inf;Inf
4266.0;61.28311391750098;Inf;Inf
4267.0;61.28205307000766;Inf;Inf
4268.0;61.2809926982082;Inf;Inf
4269.0;61.27993280176241;Inf;Inf
4270.0;61.27887338033061;Inf;Inf
4271.0;61.27781443357363;Inf;Inf
4272.0;61.27675596115231;Inf;Inf
4273.0;61.275697962727634;Inf;Inf
4274.0;61.274640437961175;Inf;Inf
4275.0;61.27358338651471;Inf;Inf
4276.0;61.27252680805005;Inf;Inf
4277.0;61.271470702229784;Inf;Inf
4278.0;61.27041506871643;Inf;Inf
4279.0;61.269359907173026;Inf;Inf
4280.0;61.268305217262665;Inf;Inf
4281.0;61.267250998649025;Inf;Inf
4282.0;61.26619725099582;Inf;Inf
4283.0;61.265143973967206;Inf;Inf
4284.0;61.264091167227654;Inf;Inf
4285.0;61.263038830441744;Inf;Inf
4286.0;61.26198696327426;Inf;Inf
4287.0;61.26093556539059;Inf;Inf
4288.0;61.25988463645646;Inf;Inf
4289.0;61.25883417613737;Inf;Inf
4290.0;61.257784184099556;Inf;Inf
4291.0;61.256734660009734;Inf;Inf
4292.0;61.25568560353425;Inf;Inf
4293.0;61.2546370143402;Inf;Inf
4294.0;61.25358889209515;Inf;Inf
4295.0;61.252541236466485;Inf;Inf
4296.0;61.25149404712189;Inf;Inf
4297.0;61.250447323729595;Inf;Inf
4298.0;61.249401065958246;Inf;Inf
4299.0;61.24835527347644;Inf;Inf
4300.0;61.24730994595317;Inf;Inf
4301.0;61.246265083057814;Inf;Inf
4302.0;61.24522068445983;Inf;Inf
4303.0;61.24417674982905;Inf;Inf
4304.0;61.24313327883576;Inf;Inf
4305.0;61.24209027115059;Inf;Inf
4306.0;61.241047726443895;Inf;Inf
4307.0;61.24000564438677;Inf;Inf
4308.0;61.2389640246507;Inf;Inf
4309.0;61.23792286690702;Inf;Inf
4310.0;61.236882170827656;Inf;Inf
4311.0;61.235841936084796;Inf;Inf
4312.0;61.234802162351;Inf;Inf
4313.0;61.23376284929874;Inf;Inf
4314.0;61.232723996601095;Inf;Inf
4315.0;61.23168560393164;Inf;Inf
4316.0;61.23064767096383;Inf;Inf
4317.0;61.22961019737135;Inf;Inf
4318.0;61.22857318282848;Inf;Inf
4319.0;61.22753662700962;Inf;Inf
4320.0;61.22650052958933;Inf;Inf
4321.0;61.225464890242634;Inf;Inf
4322.0;61.224429708644976;Inf;Inf
4323.0;61.22339498447172;Inf;Inf
4324.0;61.222360717398644;Inf;Inf
4325.0;61.22132690710212;Inf;Inf
4326.0;61.220293553258344;Inf;Inf
4327.0;61.2192606555442;Inf;Inf
4328.0;61.218228213636465;Inf;Inf
4329.0;61.21719622721257;Inf;Inf
4330.0;61.21616469594966;Inf;Inf
4331.0;61.21513361952562;Inf;Inf
4332.0;61.214102997619044;Inf;Inf
4333.0;61.213072829907894;Inf;Inf
4334.0;61.21204311607066;Inf;Inf
4335.0;61.21101385578631;Inf;Inf
4336.0;61.20998504873453;Inf;Inf
4337.0;61.208956694594185;Inf;Inf
4338.0;61.207928793045255;Inf;Inf
4339.0;61.20690134376794;Inf;Inf
4340.0;61.20587434644225;Inf;Inf
4341.0;61.204847800748745;Inf;Inf
4342.0;61.203821706368224;Inf;Inf
4343.0;61.20279606298212;Inf;Inf
4344.0;61.20177087027149;Inf;Inf
4345.0;61.20074612791814;Inf;Inf
4346.0;61.199721835604045;Inf;Inf
4347.0;61.19869799301157;Inf;Inf
4348.0;61.197674599822996;Inf;Inf
4349.0;61.196651655721155;Inf;Inf
4350.0;61.19562916038965;Inf;Inf
4351.0;61.19460711351121;Inf;Inf
4352.0;61.19358551476954;Inf;Inf
4353.0;61.19256436384859;Inf;Inf
4354.0;61.1915436604326;Inf;Inf
4355.0;61.19052340420577;Inf;Inf
4356.0;61.18950359485291;Inf;Inf
4357.0;61.188484232059196;Inf;Inf
4358.0;61.187465315509705;Inf;Inf
4359.0;61.18644684488987;Inf;Inf
4360.0;61.185428819885594;Inf;Inf
4361.0;61.184411240183216;Inf;Inf
4362.0;61.183394105468935;Inf;Inf
4363.0;61.18237741542917;Inf;Inf
4364.0;61.181361169751014;Inf;Inf
4365.0;61.18034536812147;Inf;Inf
4366.0;61.179330010227964;Inf;Inf
4367.0;61.17831509575825;Inf;Inf
4368.0;61.177300624400495;Inf;Inf
4369.0;61.17628659584268;Inf;Inf
4370.0;61.17527300977335;Inf;Inf
4371.0;61.17425986588134;Inf;Inf
4372.0;61.17324716385578;Inf;Inf
4373.0;61.17223490338605;Inf;Inf
4374.0;61.17122308416193;Inf;Inf
4375.0;61.17021170587316;Inf;Inf
4376.0;61.16920076820964;Inf;Inf
4377.0;61.16819027086185;Inf;Inf
4378.0;61.16718021352029;Inf;Inf
4379.0;61.16617059587622;Inf;Inf
4380.0;61.165161417620666;Inf;Inf
4381.0;61.16415267844496;Inf;Inf
4382.0;61.16314437804112;Inf;Inf
4383.0;61.16213651610118;Inf;Inf
4384.0;61.16112909231718;Inf;Inf
4385.0;61.16012210638187;Inf;Inf
4386.0;61.15911555798812;Inf;Inf
4387.0;61.1581094468289;Inf;Inf
4388.0;61.15710377259745;Inf;Inf
4389.0;61.15609853498735;Inf;Inf
4390.0;61.1550937336928;Inf;Inf
4391.0;61.15408936840764;Inf;Inf
4392.0;61.15308543882629;Inf;Inf
4393.0;61.15208194464346;Inf;Inf
4394.0;61.15107888555423;Inf;Inf
4395.0;61.15007626125364;Inf;Inf
4396.0;61.149074071437106;Inf;Inf
4397.0;61.1480723158007;Inf;Inf
4398.0;61.147070994040355;Inf;Inf
4399.0;61.14607010585209;Inf;Inf
4400.0;61.14506965093239;Inf;Inf
4401.0;61.144069628978315;Inf;Inf
4402.0;61.143070039686734;Inf;Inf
4403.0;61.14207088275484;Inf;Inf
4404.0;61.14107215788029;Inf;Inf
4405.0;61.14007386476112;Inf;Inf
4406.0;61.13907600309523;Inf;Inf
4407.0;61.13807857258094;Inf;Inf
4408.0;61.13708157291699;Inf;Inf
4409.0;61.13608500380245;Inf;Inf
4410.0;61.13508886493636;Inf;Inf
4411.0;61.13409315601786;Inf;Inf
4412.0;61.13309787674686;Inf;Inf
4413.0;61.13210302682341;Inf;Inf
4414.0;61.13110860594756;Inf;Inf
4415.0;61.130114613819565;Inf;Inf
4416.0;61.129121050140405;Inf;Inf
4417.0;61.1281279146109;Inf;Inf
4418.0;61.12713520693215;Inf;Inf
4419.0;61.12614292680569;Inf;Inf
4420.0;61.12515107393349;Inf;Inf
4421.0;61.12415964801739;Inf;Inf
4422.0;61.123168648759886;Inf;Inf
4423.0;61.12217807586322;Inf;Inf
4424.0;61.121187929030285;Inf;Inf
4425.0;61.12019820796405;Inf;Inf
4426.0;61.11920891236768;Inf;Inf
4427.0;61.1182200419449;Inf;Inf
4428.0;61.11723159639955;Inf;Inf
4429.0;61.11624357543565;Inf;Inf
4430.0;61.11525597875736;Inf;Inf
4431.0;61.114268806069404;Inf;Inf
4432.0;61.11328205707661;Inf;Inf
4433.0;61.11229573148404;Inf;Inf
4434.0;61.11130982899717;Inf;Inf
4435.0;61.11032434932165;Inf;Inf
4436.0;61.10933929216324;Inf;Inf
4437.0;61.1083546572278;Inf;Inf
4438.0;61.107370444221814;Inf;Inf
4439.0;61.106386652852116;Inf;Inf
4440.0;61.10540328282543;Inf;Inf
4441.0;61.1044203338488;Inf;Inf
4442.0;61.10343780562961;Inf;Inf
4443.0;61.10245569787573;Inf;Inf
4444.0;61.10147401029485;Inf;Inf
4445.0;61.10049274259506;Inf;Inf
4446.0;61.0995118944848;Inf;Inf
4447.0;61.09853146567325;Inf;Inf
4448.0;61.097551455868725;Inf;Inf
4449.0;61.0965718647804;Inf;Inf
4450.0;61.09559269211768;Inf;Inf
4451.0;61.09461393759048;Inf;Inf
4452.0;61.09363560090849;Inf;Inf
4453.0;61.09265768178182;Inf;Inf
4454.0;61.09168017992114;Inf;Inf
4455.0;61.090703095037206;Inf;Inf
4456.0;61.08972642684057;Inf;Inf
4457.0;61.08875017504246;Inf;Inf
4458.0;61.08777433935438;Inf;Inf
4459.0;61.08679891948806;Inf;Inf
4460.0;61.085823915155416;Inf;Inf
4461.0;61.08484932606866;Inf;Inf
4462.0;61.08387515194006;Inf;Inf
4463.0;61.0829013924824;Inf;Inf
4464.0;61.08192804740834;Inf;Inf
4465.0;61.08095511643103;Inf;Inf
4466.0;61.07998259926408;Inf;Inf
4467.0;61.07901049562111;Inf;Inf
4468.0;61.07803880521593;Inf;Inf
4469.0;61.0770675277627;Inf;Inf
4470.0;61.07609666297583;Inf;Inf
4471.0;61.075126210570076;Inf;Inf
4472.0;61.074156170260274;Inf;Inf
4473.0;61.07318654176162;Inf;Inf
4474.0;61.072217324789484;Inf;Inf
4475.0;61.071248519059516;Inf;Inf
4476.0;61.07028012428743;Inf;Inf
4477.0;61.06931214018937;Inf;Inf
4478.0;61.06834456648176;Inf;Inf
4479.0;61.06737740288141;Inf;Inf
4480.0;61.06641064910491;Inf;Inf
4481.0;61.06544430486936;Inf;Inf
4482.0;61.06447836989222;Inf;Inf
4483.0;61.06351284389113;Inf;Inf
4484.0;61.062547726583944;Inf;Inf
4485.0;61.061583017688676;Inf;Inf
4486.0;61.060618716923884;Inf;Inf
4487.0;61.05965482400805;Inf;Inf
4488.0;61.05869133865977;Inf;Inf
4489.0;61.057728260598175;Inf;Inf
4490.0;61.056765589542664;Inf;Inf
4491.0;61.05580332521283;Inf;Inf
4492.0;61.054841467328266;Inf;Inf
4493.0;61.05388001560898;Inf;Inf
4494.0;61.052918969775455;Inf;Inf
4495.0;61.05195832954823;Inf;Inf
4496.0;61.050998094647944;Inf;Inf
4497.0;61.050038264795774;Inf;Inf
4498.0;61.04907883971274;Inf;Inf
4499.0;61.04811981912089;Inf;Inf
4500.0;61.047161202741364;Inf;Inf
4501.0;61.046202990296116;Inf;Inf
4502.0;61.04524518150737;Inf;Inf
4503.0;61.04428777609781;Inf;Inf
4504.0;61.04333077378995;Inf;Inf
4505.0;61.04237417430661;Inf;Inf
4506.0;61.04141797737102;Inf;Inf
4507.0;61.04046218270679;Inf;Inf
4508.0;61.039506790037386;Inf;Inf
4509.0;61.03855179908668;Inf;Inf
4510.0;61.03759720957876;Inf;Inf
4511.0;61.03664302123817;Inf;Inf
4512.0;61.03568923378958;Inf;Inf
4513.0;61.034735846957695;Inf;Inf
4514.0;61.03378286046744;Inf;Inf
4515.0;61.032830274044386;Inf;Inf
4516.0;61.03187808741395;Inf;Inf
4517.0;61.03092630030181;Inf;Inf
4518.0;61.0299749124341;Inf;Inf
4519.0;61.029023923537125;Inf;Inf
4520.0;61.02807333333732;Inf;Inf
4521.0;61.027123141561326;Inf;Inf
4522.0;61.02617334793624;Inf;Inf
4523.0;61.02522395218928;Inf;Inf
4524.0;61.02427495404794;Inf;Inf
4525.0;61.023326353239746;Inf;Inf
4526.0;61.02237814949286;Inf;Inf
4527.0;61.021430342535254;Inf;Inf
4528.0;61.02048293209547;Inf;Inf
4529.0;61.01953591790184;Inf;Inf
4530.0;61.018589299683306;Inf;Inf
4531.0;61.01764307716895;Inf;Inf
4532.0;61.01669725008833;Inf;Inf
4533.0;61.01575181817071;Inf;Inf
4534.0;61.014806781146014;Inf;Inf
4535.0;61.013862138744116;Inf;Inf
4536.0;61.012917890695526;Inf;Inf
4537.0;61.01197403673057;Inf;Inf
4538.0;61.01103057657994;Inf;Inf
4539.0;61.01008750997464;Inf;Inf
4540.0;61.00914483664615;Inf;Inf
4541.0;61.008202556325905;Inf;Inf
4542.0;61.00726066874521;Inf;Inf
4543.0;61.00631917363589;Inf;Inf
4544.0;61.00537807073021;Inf;Inf
4545.0;61.00443735976061;Inf;Inf
4546.0;61.003497040459365;Inf;Inf
4547.0;61.00255711255942;Inf;Inf
4548.0;61.00161757579379;Inf;Inf
4549.0;61.00067842989597;Inf;Inf
4550.0;60.999739674599205;Inf;Inf
4551.0;60.99880130963724;Inf;Inf
4552.0;60.997863334744;Inf;Inf
4553.0;60.996925749654054;Inf;Inf
4554.0;60.99598855410164;Inf;Inf
4555.0;60.995051747821165;Inf;Inf
4556.0;60.99411533054763;Inf;Inf
4557.0;60.99317930201622;Inf;Inf
4558.0;60.99224366196228;Inf;Inf
4559.0;60.99130841012119;Inf;Inf
4560.0;60.99037354622874;Inf;Inf
4561.0;60.989439070021064;Inf;Inf
4562.0;60.988504981234506;Inf;Inf
4563.0;60.98757127960533;Inf;Inf
4564.0;60.98663796487033;Inf;Inf
4565.0;60.985705036766355;Inf;Inf
4566.0;60.98477249503075;Inf;Inf
4567.0;60.98384033940085;Inf;Inf
4568.0;60.9829085696143;Inf;Inf
4569.0;60.98197718540876;Inf;Inf
4570.0;60.98104618652245;Inf;Inf
4571.0;60.980115572693556;Inf;Inf
4572.0;60.979185343660575;Inf;Inf
4573.0;60.97825549916221;Inf;Inf
4574.0;60.977326038937385;Inf;Inf
4575.0;60.97639696272558;Inf;Inf
4576.0;60.975468270265985;Inf;Inf
4577.0;60.97453996129814;Inf;Inf
4578.0;60.97361203556193;Inf;Inf
4579.0;60.972684492797605;Inf;Inf
4580.0;60.97175733274548;Inf;Inf
4581.0;60.970830555146;Inf;Inf
4582.0;60.96990415974005;Inf;Inf
4583.0;60.968978146268476;Inf;Inf
4584.0;60.96805251447268;Inf;Inf
4585.0;60.96712726409378;Inf;Inf
4586.0;60.96620239487343;Inf;Inf
4587.0;60.96527790655382;Inf;Inf
4588.0;60.9643537988771;Inf;Inf
4589.0;60.963430071585194;Inf;Inf
4590.0;60.9625067244207;Inf;Inf
4591.0;60.96158375712652;Inf;Inf
4592.0;60.96066116944578;Inf;Inf
4593.0;60.95973896112153;Inf;Inf
4594.0;60.958817131897014;Inf;Inf
4595.0;60.95789568151599;Inf;Inf
4596.0;60.95697460972245;Inf;Inf
4597.0;60.95605391626052;Inf;Inf
4598.0;60.9551336008743;Inf;Inf
4599.0;60.95421366330834;Inf;Inf
4600.0;60.95329410330731;Inf;Inf
4601.0;60.95237492061626;Inf;Inf
4602.0;60.95145611498047;Inf;Inf
4603.0;60.95053768614522;Inf;Inf
4604.0;60.94961963385604;Inf;Inf
4605.0;60.948701957858795;Inf;Inf
4606.0;60.94778465789988;Inf;Inf
4607.0;60.94686773372529;Inf;Inf
4608.0;60.945951185081746;Inf;Inf
4609.0;60.9450350117157;Inf;Inf
4610.0;60.94411921337428;Inf;Inf
4611.0;60.943203789804826;Inf;Inf
4612.0;60.94228874075426;Inf;Inf
4613.0;60.94137406597035;Inf;Inf
4614.0;60.940459765200735;Inf;Inf
4615.0;60.93954583819376;Inf;Inf
4616.0;60.93863228469737;Inf;Inf
4617.0;60.937719104460065;Inf;Inf
4618.0;60.93680629723049;Inf;Inf
4619.0;60.93589386275756;Inf;Inf
4620.0;60.934981800790545;Inf;Inf
4621.0;60.934070111078576;Inf;Inf
4622.0;60.93315879337106;Inf;Inf
4623.0;60.93224784741792;Inf;Inf
4624.0;60.93133727296929;Inf;Inf
4625.0;60.93042706977522;Inf;Inf
4626.0;60.92951723758607;Inf;Inf
4627.0;60.92860777615244;Inf;Inf
4628.0;60.92769868522519;Inf;Inf
4629.0;60.92678996455526;Inf;Inf
4630.0;60.92588161389391;Inf;Inf
4631.0;60.924973632992575;Inf;Inf
4632.0;60.92406602160286;Inf;Inf
4633.0;60.923158779476886;Inf;Inf
4634.0;60.92225190636665;Inf;Inf
4635.0;60.92134540202463;Inf;Inf
4636.0;60.920439266203125;Inf;Inf
4637.0;60.9195334986549;Inf;Inf
4638.0;60.91862809913311;Inf;Inf
4639.0;60.91772306739063;Inf;Inf
4640.0;60.91681840318099;Inf;Inf
4641.0;60.91591410625779;Inf;Inf
4642.0;60.91501017637484;Inf;Inf
4643.0;60.91410661328614;Inf;Inf
4644.0;60.91320341674584;Inf;Inf
4645.0;60.91230058650825;Inf;Inf
4646.0;60.91139812232807;Inf;Inf
4647.0;60.910496023960384;Inf;Inf
4648.0;60.909594291160026;Inf;Inf
4649.0;60.90869292368221;Inf;Inf
4650.0;60.907791921282545;Inf;Inf
4651.0;60.9068912837167;Inf;Inf
4652.0;60.9059910107407;Inf;Inf
4653.0;60.90509110211047;Inf;Inf
4654.0;60.90419155758237;Inf;Inf
4655.0;60.90329237691293;Inf;Inf
4656.0;60.902393559859156;Inf;Inf
4657.0;60.90149510617787;Inf;Inf
4658.0;60.90059701562606;Inf;Inf
4659.0;60.89969928796104;Inf;Inf
4660.0;60.8988019229404;Inf;Inf
4661.0;60.897904920322134;Inf;Inf
4662.0;60.897008279864046;Inf;Inf
4663.0;60.896112001324326;Inf;Inf
4664.0;60.89521608446143;Inf;Inf
4665.0;60.89432052903383;Inf;Inf
4666.0;60.893425334800654;Inf;Inf
4667.0;60.892530501520696;Inf;Inf
4668.0;60.89163602895312;Inf;Inf
4669.0;60.89074191685739;Inf;Inf
4670.0;60.88984816499327;Inf;Inf
4671.0;60.88895477312081;Inf;Inf
4672.0;60.88806174099977;Inf;Inf
4673.0;60.88716906839047;Inf;Inf
4674.0;60.88627675505322;Inf;Inf
4675.0;60.88538480074884;Inf;Inf
4676.0;60.88449320523826;Inf;Inf
4677.0;60.88360196828231;Inf;Inf
4678.0;60.882711089642434;Inf;Inf
4679.0;60.88182056908006;Inf;Inf
4680.0;60.880930406356946;Inf;Inf
4681.0;60.88004060123491;Inf;Inf
4682.0;60.87915115347609;Inf;Inf
4683.0;60.87826206284271;Inf;Inf
4684.0;60.87737332909719;Inf;Inf
4685.0;60.876484952002784;Inf;Inf
4686.0;60.87559693132212;Inf;Inf
4687.0;60.874709266818286;Inf;Inf
4688.0;60.87382195825448;Inf;Inf
4689.0;60.87293500539422;Inf;Inf
4690.0;60.87204840800133;Inf;Inf
4691.0;60.87116216583962;Inf;Inf
4692.0;60.87027627867322;Inf;Inf
4693.0;60.86939074626631;Inf;Inf
4694.0;60.8685055683836;Inf;Inf
4695.0;60.86762074478994;Inf;Inf
4696.0;60.86673627524998;Inf;Inf
4697.0;60.865852159528934;Inf;Inf
4698.0;60.864968397392104;Inf;Inf
4699.0;60.86408498860508;Inf;Inf
4700.0;60.86320193293373;Inf;Inf
4701.0;60.86231923014376;Inf;Inf
4702.0;60.86143688000138;Inf;Inf
4703.0;60.86055488227309;Inf;Inf
4704.0;60.8596732367253;Inf;Inf
4705.0;60.858791943124714;Inf;Inf
4706.0;60.857911001238136;Inf;Inf
4707.0;60.85703041083286;Inf;Inf
4708.0;60.8561501716759;Inf;Inf
4709.0;60.855270283535184;Inf;Inf
4710.0;60.854390746178304;Inf;Inf
4711.0;60.85351155937303;Inf;Inf
4712.0;60.85263272288755;Inf;Inf
4713.0;60.85175423649018;Inf;Inf
4714.0;60.850876099949524;Inf;Inf
4715.0;60.84999831303432;Inf;Inf
4716.0;60.84912087551329;Inf;Inf
4717.0;60.84824378715557;Inf;Inf
4718.0;60.84736704773058;Inf;Inf
4719.0;60.8464906570081;Inf;Inf
4720.0;60.84561461475739;Inf;Inf
4721.0;60.84473892074848;Inf;Inf
4722.0;60.84386357475134;Inf;Inf
4723.0;60.84298857653623;Inf;Inf
4724.0;60.84211392587396;Inf;Inf
4725.0;60.84123962253491;Inf;Inf
4726.0;60.8403656662899;Inf;Inf
4727.0;60.83949205691015;Inf;Inf
4728.0;60.83861879416677;Inf;Inf
4729.0;60.83774587783144;Inf;Inf
4730.0;60.836873307675766;Inf;Inf
4731.0;60.836001083471395;Inf;Inf
4732.0;60.83512920499049;Inf;Inf
4733.0;60.834257672005236;Inf;Inf
4734.0;60.83338648428818;Inf;Inf
4735.0;60.83251564161215;Inf;Inf
4736.0;60.83164514374964;Inf;Inf
4737.0;60.8307749904736;Inf;Inf
4738.0;60.82990518155763;Inf;Inf
4739.0;60.8290357167749;Inf;Inf
4740.0;60.82816659589891;Inf;Inf
4741.0;60.82729781870343;Inf;Inf
4742.0;60.8264293849623;Inf;Inf
4743.0;60.82556129444972;Inf;Inf
4744.0;60.824693546940445;Inf;Inf
4745.0;60.823826142208674;Inf;Inf
4746.0;60.82295908002912;Inf;Inf
4747.0;60.82209236017683;Inf;Inf
4748.0;60.82122598242679;Inf;Inf
4749.0;60.820359946554554;Inf;Inf
4750.0;60.819494252335495;Inf;Inf
4751.0;60.81862889954536;Inf;Inf
4752.0;60.8177638879601;Inf;Inf
4753.0;60.816899217355626;Inf;Inf
4754.0;60.816034887508245;Inf;Inf
4755.0;60.81517089819457;Inf;Inf
4756.0;60.81430724919103;Inf;Inf
4757.0;60.813443940274475;Inf;Inf
4758.0;60.812580971221976;Inf;Inf
4759.0;60.811718341810746;Inf;Inf
4760.0;60.81085605181835;Inf;Inf
4761.0;60.80999410102213;Inf;Inf
4762.0;60.80913248919993;Inf;Inf
4763.0;60.808271216129754;Inf;Inf
4764.0;60.80741028158978;Inf;Inf
4765.0;60.806549685358455;Inf;Inf
4766.0;60.80568942721421;Inf;Inf
4767.0;60.804829506935654;Inf;Inf
4768.0;60.80396992430197;Inf;Inf
4769.0;60.803110679092235;Inf;Inf
4770.0;60.80225177108569;Inf;Inf
4771.0;60.801393200061725;Inf;Inf
4772.0;60.800534965799976;Inf;Inf
4773.0;60.79967706808018;Inf;Inf
4774.0;60.798819506682555;Inf;Inf
4775.0;60.79796228138735;Inf;Inf
4776.0;60.79710539197492;Inf;Inf
4777.0;60.79624883822604;Inf;Inf
4778.0;60.79539261992123;Inf;Inf
4779.0;60.794536736841536;Inf;Inf
4780.0;60.79368118876821;Inf;Inf
4781.0;60.792825975482415;Inf;Inf
4782.0;60.79197109676582;Inf;Inf
4783.0;60.791116552399906;Inf;Inf
4784.0;60.79026234216669;Inf;Inf
4785.0;60.789408465848595;Inf;Inf
4786.0;60.78855492322762;Inf;Inf
4787.0;60.78770171408616;Inf;Inf
4788.0;60.78684883820674;Inf;Inf
4789.0;60.78599629537219;Inf;Inf
4790.0;60.785144085365665;Inf;Inf
4791.0;60.78429220797037;Inf;Inf
4792.0;60.783440662969596;Inf;Inf
4793.0;60.782589450147064;Inf;Inf
4794.0;60.78173856928619;Inf;Inf
4795.0;60.780888020171055;Inf;Inf
4796.0;60.78003780258586;Inf;Inf
4797.0;60.77918791631471;Inf;Inf
4798.0;60.778338361142104;Inf;Inf
4799.0;60.77748913685257;Inf;Inf
4800.0;60.77664024323104;Inf;Inf
4801.0;60.77579168006268;Inf;Inf
4802.0;60.77494344713268;Inf;Inf
4803.0;60.77409554422644;Inf;Inf
4804.0;60.77324797112925;Inf;Inf
4805.0;60.772400727626945;Inf;Inf
4806.0;60.77155381350546;Inf;Inf
4807.0;60.77070722855096;Inf;Inf
4808.0;60.769860972549694;Inf;Inf
4809.0;60.769015045288;Inf;Inf
4810.0;60.768169446552584;Inf;Inf
4811.0;60.76732417613023;Inf;Inf
4812.0;60.76647923380815;Inf;Inf
4813.0;60.76563461937345;Inf;Inf
4814.0;60.764790332613245;Inf;Inf
4815.0;60.763946373315235;Inf;Inf
4816.0;60.763102741267126;Inf;Inf
4817.0;60.76225943625688;Inf;Inf
4818.0;60.76141645807268;Inf;Inf
4819.0;60.76057380650262;Inf;Inf
4820.0;60.759731481335265;Inf;Inf
4821.0;60.758889482359194;Inf;Inf
4822.0;60.758047809363006;Inf;Inf
4823.0;60.757206462136075;Inf;Inf
4824.0;60.75636544046714;Inf;Inf
4825.0;60.75552474414566;Inf;Inf
4826.0;60.75468437296108;Inf;Inf
4827.0;60.75384432670303;Inf;Inf
4828.0;60.75300460516181;Inf;Inf
4829.0;60.752165208127046;Inf;Inf
4830.0;60.75132613538901;Inf;Inf
4831.0;60.75048738673813;Inf;Inf
4832.0;60.74964896196492;Inf;Inf
4833.0;60.74881086086021;Inf;Inf
4834.0;60.74797308321505;Inf;Inf
4835.0;60.74713562882031;Inf;Inf
4836.0;60.746298497467286;Inf;Inf
4837.0;60.7454616889475;Inf;Inf
4838.0;60.74462520305277;Inf;Inf
4839.0;60.743789039574786;Inf;Inf
4840.0;60.74295319830546;Inf;Inf
4841.0;60.74211767903672;Inf;Inf
4842.0;60.74128248156108;Inf;Inf
4843.0;60.740447605671086;Inf;Inf
4844.0;60.73961305115939;Inf;Inf
4845.0;60.738778817818925;Inf;Inf
4846.0;60.73794490544259;Inf;Inf
4847.0;60.737111313823526;Inf;Inf
4848.0;60.736278042755224;Inf;Inf
4849.0;60.73544509203105;Inf;Inf
4850.0;60.7346124614452;Inf;Inf
4851.0;60.733780150791375;Inf;Inf
4852.0;60.732948159863426;Inf;Inf
4853.0;60.73211648845573;Inf;Inf
4854.0;60.73128513636248;Inf;Inf
4855.0;60.73045410337872;Inf;Inf
4856.0;60.72962338929909;Inf;Inf
4857.0;60.72879299391833;Inf;Inf
4858.0;60.72796291703153;Inf;Inf
4859.0;60.72713315843392;Inf;Inf
4860.0;60.726303717921105;Inf;Inf
4861.0;60.72547459528873;Inf;Inf
4862.0;60.724645790332524;Inf;Inf
4863.0;60.72381730284838;Inf;Inf
4864.0;60.72298913263241;Inf;Inf
4865.0;60.72216127948096;Inf;Inf
4866.0;60.72133374319047;Inf;Inf
4867.0;60.72050652355793;Inf;Inf
4868.0;60.7196796203798;Inf;Inf
4869.0;60.71885303345312;Inf;Inf
4870.0;60.7180267625751;Inf;Inf
4871.0;60.717200807542945;Inf;Inf
4872.0;60.71637516815447;Inf;Inf
4873.0;60.71554984420708;Inf;Inf
4874.0;60.71472483549901;Inf;Inf
4875.0;60.713900141827914;Inf;Inf
4876.0;60.713075762991956;Inf;Inf
4877.0;60.71225169878946;Inf;Inf
4878.0;60.71142794901922;Inf;Inf
4879.0;60.710604513479765;Inf;Inf
4880.0;60.70978139196972;Inf;Inf
4881.0;60.70895858428832;Inf;Inf
4882.0;60.70813609023469;Inf;Inf
4883.0;60.707313909608345;Inf;Inf
4884.0;60.70649204220891;Inf;Inf
4885.0;60.70567048783573;Inf;Inf
4886.0;60.70484924628891;Inf;Inf
4887.0;60.70402831736828;Inf;Inf
4888.0;60.70320770087421;Inf;Inf
4889.0;60.7023873966071;Inf;Inf
4890.0;60.70156740436747;Inf;Inf
4891.0;60.70074772395594;Inf;Inf
4892.0;60.69992835517349;Inf;Inf
4893.0;60.699109297821224;Inf;Inf
4894.0;60.69829055170006;Inf;Inf
4895.0;60.69747211661176;Inf;Inf
4896.0;60.69665399235754;Inf;Inf
4897.0;60.69583617873912;Inf;Inf
4898.0;60.69501867555848;Inf;Inf
4899.0;60.69420148261749;Inf;Inf
4900.0;60.69338459971843;Inf;Inf
4901.0;60.69256802666388;Inf;Inf
4902.0;60.691751763256256;Inf;Inf
4903.0;60.69093580929802;Inf;Inf
4904.0;60.69012016459221;Inf;Inf
4905.0;60.68930482894174;Inf;Inf
4906.0;60.688489802149924;Inf;Inf
4907.0;60.68767508402027;Inf;Inf
4908.0;60.686860674356;Inf;Inf
4909.0;60.68604657296096;Inf;Inf
4910.0;60.68523277963879;Inf;Inf
4911.0;60.68441929419418;Inf;Inf
4912.0;60.683606116430916;Inf;Inf
4913.0;60.68279324615332;Inf;Inf
4914.0;60.68198068316575;Inf;Inf
4915.0;60.681168427272915;Inf;Inf
4916.0;60.680356478279585;Inf;Inf
4917.0;60.67954483599067;Inf;Inf
4918.0;60.67873350021174;Inf;Inf
4919.0;60.67792247074773;Inf;Inf
4920.0;60.67711174740425;Inf;Inf
4921.0;60.676301329986806;Inf;Inf
4922.0;60.67549121830133;Inf;Inf
4923.0;60.67468141215369;Inf;Inf
4924.0;60.67387191135026;Inf;Inf
4925.0;60.67306271569721;Inf;Inf
4926.0;60.67225382500084;Inf;Inf
4927.0;60.67144523906789;Inf;Inf
4928.0;60.67063695770501;Inf;Inf
4929.0;60.66982898071929;Inf;Inf
4930.0;60.66902130791811;Inf;Inf
4931.0;60.66821393910844;Inf;Inf
4932.0;60.66740687409766;Inf;Inf
4933.0;60.66660011269321;Inf;Inf
4934.0;60.66579365470299;Inf;Inf
4935.0;60.66498749993477;Inf;Inf
4936.0;60.66418164819703;Inf;Inf
4937.0;60.663376099297516;Inf;Inf
4938.0;60.6625708530448;Inf;Inf
4939.0;60.66176590924727;Inf;Inf
4940.0;60.66096126771376;Inf;Inf
4941.0;60.66015692825301;Inf;Inf
4942.0;60.65935289067433;Inf;Inf
4943.0;60.65854915478667;Inf;Inf
4944.0;60.65774572039928;Inf;Inf
4945.0;60.6569425873218;Inf;Inf
4946.0;60.65613975536376;Inf;Inf
4947.0;60.65533722433508;Inf;Inf
4948.0;60.6545349940458;Inf;Inf
4949.0;60.653733064306095;Inf;Inf
4950.0;60.65293143492617;Inf;Inf
4951.0;60.65213010571634;Inf;Inf
4952.0;60.65132907648718;Inf;Inf
4953.0;60.65052834704958;Inf;Inf
4954.0;60.649727917214584;Inf;Inf
4955.0;60.648927786793;Inf;Inf
4956.0;60.64812795559617;Inf;Inf
4957.0;60.64732842343536;Inf;Inf
4958.0;60.646529190122195;Inf;Inf
4959.0;60.645730255468244;Inf;Inf
4960.0;60.64493161928582;Inf;Inf
4961.0;60.64413328138645;Inf;Inf
4962.0;60.64333524158255;Inf;Inf
4963.0;60.64253749968621;Inf;Inf
4964.0;60.64174005551;Inf;Inf
4965.0;60.64094290886661;Inf;Inf
4966.0;60.64014605956901;Inf;Inf
4967.0;60.63934950742994;Inf;Inf
4968.0;60.638553252262504;Inf;Inf
4969.0;60.63775729388005;Inf;Inf
4970.0;60.63696163209599;Inf;Inf
4971.0;60.636166266723805;Inf;Inf
4972.0;60.63537119757734;Inf;Inf
4973.0;60.63457642447045;Inf;Inf
4974.0;60.63378194721694;Inf;Inf
4975.0;60.63298776563167;Inf;Inf
4976.0;60.63219387952832;Inf;Inf
4977.0;60.63140028872156;Inf;Inf
4978.0;60.63060699302601;Inf;Inf
4979.0;60.62981399225649;Inf;Inf
4980.0;60.62902128622787;Inf;Inf
4981.0;60.62822887475524;Inf;Inf
4982.0;60.62743675765383;Inf;Inf
4983.0;60.62664493473908;Inf;Inf
4984.0;60.62585340582674;Inf;Inf
4985.0;60.625062170732384;Inf;Inf
4986.0;60.62427122927183;Inf;Inf
4987.0;60.623480581261084;Inf;Inf
4988.0;60.622690226516376;Inf;Inf
4989.0;60.621900164854026;Inf;Inf
4990.0;60.621110396090835;Inf;Inf
4991.0;60.62032092004317;Inf;Inf
4992.0;60.61953173652784;Inf;Inf
4993.0;60.61874284536155;Inf;Inf
4994.0;60.61795424636162;Inf;Inf
4995.0;60.61716593934513;Inf;Inf
4996.0;60.61637792412955;Inf;Inf
4997.0;60.61559020053257;Inf;Inf
4998.0;60.6148027683717;Inf;Inf
4999.0;60.61401562746466;Inf;Inf
5000.0;60.61322877762963;Inf;Inf
