frame_indices,x_coords,y_coords,contrasts,calibrated_values,fit_errors,diffblur_errors,neareast_neighbour_distances,selections
5.000000000000000000e+00,1.541059780220680864e+01,1.129710740579541906e+01,-1.015171987798219218e-02,2.735984164671118037e+02,2.639515517942925271e-02,nan,2.612855494592777461e+01,1.000000000000000000e+00
7.000000000000000000e+00,4.149770429130299476e+01,9.825965472152553559e+00,-1.890061213825415878e-02,5.058281235359683023e+02,1.733252018124042948e-02,nan,1.713462460702556456e+01,1.000000000000000000e+00
7.000000000000000000e+00,5.482324225538410190e+01,2.059747411261323435e+01,-1.772540937210841799e-02,4.746336607389089295e+02,1.174421144815418483e-02,nan,1.713462460702556456e+01,1.000000000000000000e+00
1.300000000000000000e+01,6.276792712739142388e+01,5.233042370976876079e+00,-1.219412770486439854e-02,3.278118822684668885e+02,2.201616751348411949e-02,nan,1.997254897580744526e+01,1.000000000000000000e+00
1.600000000000000000e+01,1.306340150599866661e+02,8.157774260162435453e+00,-1.783396678328319496e-02,4.775151976292132758e+02,1.413461447492236900e-02,nan,1.576663603580163731e+01,1.000000000000000000e+00
1.600000000000000000e+01,1.052751196508651077e+02,3.306744425158844081e+01,-1.457170404558442772e-03,4.281117880988271196e+01,2.931251346696038818e-01,nan,1.571501017417154955e+01,1.000000000000000000e+00
1.700000000000000000e+01,7.279314120868892246e+01,2.250723685914856986e+01,-2.160641169643309420e-03,6.148403530955626195e+01,2.879571080159641916e-01,nan,1.379165530969215325e+01,1.000000000000000000e+00
1.800000000000000000e+01,1.152637723307660593e+02,1.167095662523827393e+01,-1.970173959552322992e-03,5.642829304073134722e+01,2.893867831360712461e-01,nan,1.576663603580163731e+01,1.000000000000000000e+00
2.000000000000000000e+01,3.241894614840854416e+01,1.567147914408204024e+01,1.340666324627315604e-03,-3.971870635167332608e+01,3.649877501952216718e-01,nan,9.408914430388517047e+00,1.000000000000000000e+00
2.300000000000000000e+01,8.687852804764614234e+01,9.566187859521992465e+00,-1.668453720161154966e-03,4.841946166801787399e+01,3.142320084818450709e-01,nan,1.694280806948339801e+01,1.000000000000000000e+00
2.300000000000000000e+01,1.024000126668742041e+02,3.284878759260163861e+01,-1.669788055120720229e-03,4.845488011958558161e+01,2.928757409246522947e-01,nan,9.647484319056939484e+00,1.000000000000000000e+00
2.400000000000000000e+01,1.807835978437016067e+01,2.222170413844087378e+01,-2.096491656972065531e-03,5.978125716427027214e+01,2.481541002321193679e-01,nan,1.238751820486756650e+01,1.000000000000000000e+00
2.500000000000000000e+01,2.405123217552760195e+01,1.136926650098473424e+01,-1.858369786115952622e-03,5.346057442290065609e+01,2.991698779215752335e-01,nan,9.408914430388517047e+00,1.000000000000000000e+00
2.600000000000000000e+01,5.495888277621470053e+01,4.742767227476560521e+01,-2.319692869821511280e-02,6.198691136994241333e+02,1.621563353005583963e-02,nan,2.820207486778620876e+01,1.000000000000000000e+00
2.700000000000000000e+01,2.662708022000189345e+01,4.080415969101475326e+01,-3.101157980184405041e-02,8.273004184466436755e+02,1.157918032633309391e-02,nan,1.229109142434338331e+01,1.000000000000000000e+00
2.700000000000000000e+01,1.289643890834488502e+02,4.868363989519723134e+01,-2.257912923971455710e-02,6.034703076555580310e+02,1.106131808519295046e-02,nan,9.280494631943044581e+00,1.000000000000000000e+00
2.800000000000000000e+01,9.996809988174369721e+01,2.213921273742894869e+01,-1.482385841957233660e-03,4.348049481773034586e+01,3.208116425981267783e-01,nan,7.648236423175453602e+00,1.000000000000000000e+00
2.900000000000000000e+01,8.882799372669575177e+01,2.778249763573261433e+01,-1.487677662880534067e-03,4.362096037454824682e+01,3.391447882427082172e-01,nan,5.613506374406794563e+00,1.000000000000000000e+00
3.100000000000000000e+01,1.569373937288131060e+01,3.518873572462966592e+01,-2.279089709772493585e-03,6.462812132166118317e+01,2.265522025410701135e-01,nan,8.551785685498847656e+00,1.000000000000000000e+00
3.200000000000000000e+01,7.105886709481409014e+01,4.717699759644678181e+01,-1.760797623898888642e-03,5.087062886457698596e+01,3.150557599453279733e-01,nan,1.393006696716438952e+01,1.000000000000000000e+00
3.500000000000000000e+01,1.223392899803101841e+02,3.780467997249499490e+01,-1.237478188224409772e-03,3.697969094527225309e+01,3.501629406236335118e-01,nan,4.411663876312339738e+01,1.000000000000000000e+00
3.600000000000000000e+01,6.026179523850662179e+01,3.668877056338715192e+01,-1.753067053020796818e-03,5.066542937679194836e+01,2.897516833511221135e-01,nan,1.505256346830232239e+01,1.000000000000000000e+00
4.000000000000000000e+01,4.342016513862659366e+01,4.791496384159631816e+01,-1.565010508104475737e-03,4.567367555938456292e+01,3.426064418352195995e-01,nan,2.024025493764576211e+01,1.000000000000000000e+00
4.100000000000000000e+01,2.732758219725312543e+01,2.449694647431247674e+01,-1.579537741368039223e-03,4.605928496283301854e+01,3.331791170049670514e-01,nan,2.841434080071877943e+01,1.000000000000000000e+00
4.100000000000000000e+01,1.261937024440258313e+02,2.766084550658592889e+01,-1.526390121695700474e-03,4.464853994726569653e+01,3.219469561339692865e-01,nan,3.532724233099554567e+01,1.000000000000000000e+00
4.300000000000000000e+01,9.117538245167476418e+01,4.696886933022761923e+01,-1.662650140846318441e-03,4.826541204846140687e+01,2.755133889079947052e-01,nan,2.768574908097063769e+01,1.000000000000000000e+00
4.400000000000000000e+01,9.322086250881916669e+01,1.497991977854366219e+01,1.099358201190821314e-03,-3.331344804560630024e+01,3.526928953674892675e-01,nan,2.410385793767596851e+01,1.000000000000000000e+00
5.000000000000000000e+01,8.868118624458321619e+01,4.968441408117825375e+01,-1.802744573575917018e-03,5.198406443403335686e+01,3.302317343761526081e-01,nan,3.000330033196163981e+01,1.000000000000000000e+00
5.300000000000000000e+01,2.043469586216399492e+01,5.271576980487906638e+01,-2.564334349324028442e-02,6.848064994068064379e+02,1.262755457834829897e-02,nan,1.505787050686033446e+01,1.000000000000000000e+00
5.500000000000000000e+01,4.173602748370581139e+01,4.230837856631607252e+01,-1.752229795715656456e-03,5.064320530396881992e+01,2.790678710016256669e-01,nan,7.289873217684849749e+00,1.000000000000000000e+00
5.900000000000000000e+01,2.065374550705578827e+01,4.510395813245460062e+01,-1.762452651344785515e-02,4.719558363906315890e+02,1.732678341488491647e-02,nan,1.801844825841227404e+01,1.000000000000000000e+00
6.000000000000000000e+01,7.913869194869938894e+00,2.536653904054752573e+01,-1.388189870518208476e-03,4.098016652432063722e+01,3.191051691016134617e-01,nan,1.794554929503776108e+01,1.000000000000000000e+00
6.400000000000000000e+01,1.338650003839786393e+02,3.164192532957532933e+01,-1.929338884052845095e-03,5.534437094645198840e+01,3.061407056918672431e-01,nan,4.368600070795769952e+00,1.000000000000000000e+00
6.500000000000000000e+01,1.410633879558438935e+02,9.604607329209466471e+00,-1.667544015806305020e-03,4.839531456806953003e+01,3.119481073150450756e-01,nan,2.318318718994507677e+01,1.000000000000000000e+00
6.900000000000000000e+01,2.212551592070465745e+01,1.954794407175610615e+01,1.504674337135198129e-03,-4.407211836871272226e+01,3.506558393626084680e-01,nan,8.967222804880467635e+00,1.000000000000000000e+00
6.900000000000000000e+01,4.438129116856035949e+01,4.552692396468864899e+01,-1.641777152930263368e-03,4.771136157839120528e+01,3.405293940523900220e-01,nan,1.402393382049909221e+01,1.000000000000000000e+00
6.900000000000000000e+01,5.635285887582404740e+01,5.283118891279530516e+01,-1.523535456290251800e-03,4.457276599884283996e+01,2.938413895243738860e-01,nan,1.402393382049909221e+01,1.000000000000000000e+00
7.100000000000000000e+01,1.014343193308829427e+02,4.008622838394472865e+01,-1.658836001260596132e-03,4.816416991490191890e+01,3.137068134084619597e-01,nan,2.105416565868057432e+01,1.000000000000000000e+00
7.100000000000000000e+01,1.379149277189205520e+02,2.851507580089359095e+01,-1.734365265565428020e-03,5.016901103110651405e+01,3.262651915054468610e-01,nan,2.436503686355132459e+01,1.000000000000000000e+00
7.200000000000000000e+01,6.990664130811975951e+01,3.052143835021140816e+01,-1.324179258509923084e-03,3.928107534411672930e+01,3.624589955755536108e-01,nan,2.520178915072766657e+01,1.000000000000000000e+00
7.400000000000000000e+01,6.940171797192176939e+01,5.324707831703704208e+00,-1.951701486613179135e-03,5.593796159626097619e+01,2.398079193827862277e-01,nan,2.520178915072766657e+01,1.000000000000000000e+00
7.500000000000000000e+01,1.981376194372933597e+01,2.620011421669372709e+01,-1.299518478424973840e-03,3.862648210364182688e+01,3.668212882072192649e-01,nan,4.260903453353953374e+00,1.000000000000000000e+00
7.800000000000000000e+01,2.798728697152075284e+01,2.094586293743997985e+01,-1.744168149582784894e-03,5.042921778826573131e+01,2.345213267901179455e-01,nan,8.109013877397794445e+00,1.000000000000000000e+00
7.900000000000000000e+01,1.421941777746496030e+02,5.105008464609006325e+01,-1.722162895842145863e-03,4.984511256921190636e+01,3.160326144365412926e-01,nan,9.156295535201323332e+00,1.000000000000000000e+00
7.900000000000000000e+01,1.331169647453542382e+02,5.225089751608194888e+01,-1.884156633147831151e-03,5.414505786998066839e+01,3.276663983421808091e-01,nan,7.164463641792599091e+00,1.000000000000000000e+00
8.000000000000000000e+01,1.059952856094567153e+02,1.775113865071759633e+01,-1.187219659549803435e-03,3.564563366755093199e+01,3.645391877207395659e-01,nan,6.469871723768421568e+00,1.000000000000000000e+00
8.000000000000000000e+01,2.374060475586960450e+01,2.785395936287457630e+01,-1.363896764457263626e-03,4.033533278577480985e+01,3.722564952759664925e-01,nan,4.260903453353953374e+00,1.000000000000000000e+00
8.100000000000000000e+01,4.228341994639389156e+01,4.069510272027567055e+01,-2.695883609384411468e-03,7.569145623715519378e+01,2.296251129151234416e-01,nan,2.122880887041999642e+01,1.000000000000000000e+00
8.600000000000000000e+01,4.573232550669497698e+01,1.974832787322709393e+01,-1.694584092378811913e-03,4.911306361271915932e+01,3.344585275039896333e-01,nan,6.119362425634473190e+00,1.000000000000000000e+00
8.900000000000000000e+01,5.748278096050023578e+01,2.191102932411447668e+01,2.558013068991091092e-03,-7.203183462375902479e+01,1.787057897433760312e-01,nan,9.884686422803627082e+00,1.000000000000000000e+00
9.100000000000000000e+01,9.016424009685471219e+01,2.931980418021489854e+01,-1.606656367966821436e-03,4.677911903139762018e+01,2.408722767465719672e-01,nan,1.460200303250644538e+01,1.000000000000000000e+00
9.400000000000000000e+01,1.020903934870983250e+02,3.774508505824550753e+01,-4.333009170666945326e-02,1.154281746605426861e+03,1.223858821566858879e-02,nan,1.460200303250644538e+01,1.000000000000000000e+00
9.700000000000000000e+01,7.774572631893326502e+01,3.817216532261075912e+01,-1.418769029082797648e-03,4.179185660171632577e+01,3.063975659039461785e-01,nan,1.417530855480443819e+01,1.000000000000000000e+00
9.700000000000000000e+01,6.490876092778358952e+01,4.418479304851707212e+01,-1.601056968137043630e-03,4.663048913134324636e+01,3.368881583321585715e-01,nan,1.417530855480443819e+01,1.000000000000000000e+00
9.900000000000000000e+01,7.172303720047450426e+00,2.119141248901877717e+01,-1.804463069858889580e-03,5.202968002473000553e+01,3.005229750240484554e-01,nan,9.876816874373261612e+00,1.000000000000000000e+00
1.020000000000000000e+02,1.434325431432158950e+02,1.108719233592735343e+01,-1.354995093167175911e-03,4.009904772766437020e+01,3.473503742087887813e-01,nan,2.065750980646466672e+01,1.000000000000000000e+00
1.020000000000000000e+02,1.341820692162617377e+02,5.330692871039534708e+01,-1.578659822770719012e-03,4.603598158080238534e+01,3.111744613405004189e-01,nan,2.101056341318410148e+01,1.000000000000000000e+00
1.030000000000000000e+02,9.501604797991872076e+00,1.159319035894742989e+01,-1.670260241076197217e-03,4.846741377560285713e+01,2.741902485941687395e-01,nan,9.876816874373261612e+00,1.000000000000000000e+00
1.040000000000000000e+02,2.378916100864312355e+01,6.016348650860847691e+00,-1.514006640832730663e-03,4.431983408968426374e+01,2.624848313591315874e-01,nan,1.533738654104972454e+01,1.000000000000000000e+00
1.040000000000000000e+02,1.406461281071733254e+02,3.155591488158465907e+01,-1.598304485953226921e-03,4.655742752397123496e+01,3.039916687486614588e-01,nan,2.065750980646466672e+01,1.000000000000000000e+00
1.050000000000000000e+02,1.165939853132852306e+02,3.760013437357972776e+01,-1.475792220784658861e-03,4.330547440738842369e+01,2.757801103910615392e-01,nan,3.620001084628385879e+00,1.000000000000000000e+00
1.080000000000000000e+02,4.068890453458934786e+01,2.485386708212139339e+01,-3.330186645457356570e-02,8.880935546111247731e+02,1.103492855360710401e-02,nan,1.955891182264760175e+01,1.000000000000000000e+00
1.100000000000000000e+02,1.229806096013617775e+02,1.053894710683743519e+01,-1.436095579103006600e-02,3.853279467882946392e+02,1.969165642532721971e-02,nan,2.780461879045897788e+01,1.000000000000000000e+00
1.100000000000000000e+02,4.829742121231014806e+01,4.544818644063793300e+01,-1.426154896522962862e-03,4.198790631647480609e+01,2.919050678286627676e-01,nan,2.195485176164313401e+01,1.000000000000000000e+00
1.120000000000000000e+02,5.446159450067679586e+01,1.096631716199011386e+01,-1.908093045260098736e-02,5.106144745475206150e+02,1.200301500523703879e-02,nan,1.955891182264760175e+01,1.000000000000000000e+00
1.140000000000000000e+02,1.228887122813151791e+02,4.276143682884365660e+01,-1.345133410955836944e-03,3.983728023721933198e+01,3.506821680361527083e-01,nan,2.814849104642482303e+01,1.000000000000000000e+00
1.180000000000000000e+02,7.049567957362293669e+01,1.637563577506305279e+01,-3.317262681883938278e-03,9.218527919123933145e+01,1.624527607507593174e-01,nan,2.378600487993473678e+01,1.000000000000000000e+00
1.180000000000000000e+02,4.905053460236337060e+01,6.085845431720788845e+00,-1.451970820955814957e-03,4.267316159113132557e+01,3.537552504753891380e-01,nan,2.378600487993473678e+01,1.000000000000000000e+00
1.180000000000000000e+02,6.270756293231988820e+01,4.233438703454631025e+01,-1.734901235069479571e-03,5.018323775115528207e+01,3.142567990197787653e-01,nan,2.710187314135805181e+01,1.000000000000000000e+00
1.190000000000000000e+02,1.100542396159710563e+02,8.936660513284605756e+00,-1.456781460834406100e-03,4.280085472719747486e+01,2.759960344983639624e-01,nan,1.135454894399077830e+01,1.000000000000000000e+00
1.190000000000000000e+02,1.197871975272496599e+02,1.478433629249478365e+01,-1.946239219344423482e-03,5.579297172897057067e+01,2.491339511214373248e-01,nan,1.135454894399077830e+01,1.000000000000000000e+00
1.260000000000000000e+02,4.719379500622098433e+00,4.904360624288844406e+01,-2.317414020943526359e-02,6.192642183690842330e+02,1.197431211242250271e-02,nan,2.913025480147888047e+01,1.000000000000000000e+00
1.260000000000000000e+02,3.842004207655998016e+01,2.844309865727276687e+01,-1.931568218791160363e-03,5.540354618119437191e+01,2.226414847539919251e-01,nan,9.224020085414883496e+00,1.000000000000000000e+00
1.270000000000000000e+02,1.197097275458031618e+02,1.886841592210895868e+01,-1.590075875349982208e-03,4.633900812033397898e+01,3.285391669188837405e-01,nan,1.249075702720644898e+01,1.000000000000000000e+00
1.290000000000000000e+02,1.056333902528125606e+02,1.671073475007301923e+01,-2.482348209922884130e-02,6.630441818808591279e+02,1.671069114338041839e-02,nan,1.424074645607442768e+01,1.000000000000000000e+00
1.300000000000000000e+02,1.159929542572576082e+02,4.196006239773256397e+01,-1.799107481713136053e-03,5.188752183723951816e+01,3.588657436166405867e-01,nan,6.492229095648485604e+00,1.000000000000000000e+00
1.310000000000000000e+02,3.274512268840789631e+01,4.109820105678488744e+01,-1.597857155364113338e-03,4.654555362627283444e+01,2.815744039635795781e-01,nan,1.386925833648511563e+01,1.000000000000000000e+00
1.320000000000000000e+02,1.803165215765286433e+01,2.066719446392523096e+01,-2.132662664989347454e-03,6.074137672527827192e+01,2.201539738028939208e-01,nan,2.309245196715902537e+01,1.000000000000000000e+00
1.360000000000000000e+02,1.175065558536780088e+02,4.945012239151141387e+01,-1.371725151290540496e-03,4.054312869033393696e+01,3.487636481590435933e-01,nan,1.208655915087889277e+01,1.000000000000000000e+00
1.370000000000000000e+02,1.045005818207088879e+02,3.411641773668090849e+01,-2.450560398178052660e-03,6.917962184934974346e+01,1.980819514803019432e-01,nan,1.219120714870429545e+01,1.000000000000000000e+00
1.370000000000000000e+02,1.162325804563848948e+02,3.743089201703293156e+01,-1.950422605981942410e-03,5.590401511874898688e+01,2.476784012598095552e-01,nan,1.208655915087889277e+01,1.000000000000000000e+00
1.470000000000000000e+02,1.207711949435572905e+02,2.730155610409536138e+01,-1.796104123830483384e-03,5.180780101081232658e+01,3.623922235296136440e-01,nan,1.150170584883287894e+01,1.000000000000000000e+00
1.480000000000000000e+02,7.184798166206620351e+01,4.991016870294658503e+01,-6.770585964699774029e-03,1.838499414735765356e+02,4.331809528300423207e-02,nan,2.757639113035092038e+01,1.000000000000000000e+00
1.480000000000000000e+02,9.358022434094628750e+01,2.488645930772654324e+01,-1.595448213579784245e-03,4.648161092035325481e+01,2.995426483570763354e-01,nan,5.785633761214775461e+00,1.000000000000000000e+00
1.480000000000000000e+02,1.138480810819552858e+02,5.165168478755617798e+01,-1.435402922449017463e-03,4.223338497684478199e+01,2.862208238534525995e-01,nan,2.531517869662007669e+01,1.000000000000000000e+00
1.520000000000000000e+02,3.018327969185256165e+01,1.717548661876319827e+01,-1.521086173608063308e-03,4.450775248823003949e+01,2.471397892993936196e-01,nan,1.633524410519461512e+01,1.000000000000000000e+00
1.530000000000000000e+02,1.363950244527759423e+02,1.258516815117004484e+01,-1.320510469304354709e-03,3.918369137627712462e+01,3.329914878483354324e-01,nan,8.281135792908802529e+00,1.000000000000000000e+00
1.560000000000000000e+02,9.258510651030313454e+01,4.522567752340924585e+01,-1.697847151261060172e-02,4.548070181023902592e+02,1.420757119585580597e-02,nan,1.740199244002694101e+01,1.000000000000000000e+00
1.560000000000000000e+02,4.281202642197178676e+01,2.753671029180483032e+01,-3.031187351937898039e-02,8.087274859910723990e+02,1.318750472836860421e-02,nan,1.633524410519461512e+01,1.000000000000000000e+00
1.600000000000000000e+02,1.085815951398746790e+02,5.207707828578937637e+01,-1.558730683330189016e-03,4.550698452874990352e+01,3.114245804852141530e-01,nan,1.516570331235103808e+01,1.000000000000000000e+00
1.670000000000000000e+02,2.923359759852252893e+01,2.090874831350706842e+01,-1.517398384475648248e-03,4.440986418826304316e+01,2.908693251265594970e-01,nan,1.206715758789295911e+01,1.000000000000000000e+00
1.740000000000000000e+02,8.643888577957005737e+01,2.075042129312749140e+01,-1.608840505144793669e-03,4.683709454669136107e+01,2.529260874091534550e-01,nan,1.088126942063679792e+01,1.000000000000000000e+00
1.750000000000000000e+02,6.507320626737954683e+01,3.959285292800320377e+01,-1.687381194734432089e-03,4.892187062962608479e+01,3.740232203759257246e-01,nan,1.564075733447975303e+01,1.000000000000000000e+00
1.780000000000000000e+02,6.861259874406555603e+00,3.103688578191952274e+01,1.523960478251528425e-03,-4.458404773859100345e+01,2.879000480837006215e-01,nan,1.332919569078439359e+01,1.000000000000000000e+00
1.790000000000000000e+02,7.996344599451184365e+01,5.034357538745576477e+01,1.885473329178373502e-03,-5.418000811560890639e+01,2.458545625519248379e-01,nan,1.836565469923810312e+01,1.000000000000000000e+00
1.820000000000000000e+02,3.125988093114833788e+01,3.372170142584626262e+01,1.931240540447518202e-03,-5.539484832054036190e+01,3.492845077261504949e-01,nan,1.141001936912991965e+01,1.000000000000000000e+00
1.830000000000000000e+02,1.343042983403312860e+02,1.029177089723756566e+01,-1.486572407277418628e-03,4.359162258213842733e+01,2.662325692728079174e-01,nan,4.725290548542758096e+00,1.000000000000000000e+00
1.870000000000000000e+02,4.716038122695216117e+01,2.669292124843353164e+01,-1.461474781467688409e-02,3.920645764728943732e+02,1.939029796934876870e-02,nan,1.475900156382273387e+01,1.000000000000000000e+00
1.870000000000000000e+02,8.612016455959015104e+01,3.778213580791826587e+01,-1.930421972822407226e-02,5.165414423883560175e+02,2.104850755233456105e-02,nan,1.510598177994373437e+01,1.000000000000000000e+00
1.870000000000000000e+02,9.031216042282889589e+01,5.283255995222933876e+01,-1.379729745494774097e-03,4.075560182544104038e+01,3.197172139656078160e-01,nan,1.562331898928881380e+01,1.000000000000000000e+00
1.880000000000000000e+02,9.197971766207042776e+01,2.385890619064893770e+01,-1.504300204731421351e-03,4.406218743620728873e+01,3.691260266163852721e-01,nan,1.510598177994373437e+01,1.000000000000000000e+00
1.900000000000000000e+02,4.613239763471499799e+01,1.196976340458042998e+01,-2.026844012561258759e-03,5.793253716882541227e+01,2.373653401286953679e-01,nan,9.882369843945854271e+00,1.000000000000000000e+00
1.910000000000000000e+02,1.250584887810279042e+02,4.865657821767560876e+01,-1.428380265362137573e-03,4.204697628079342309e+01,3.596689129421817288e-01,nan,1.919959910695377303e+01,1.000000000000000000e+00
1.920000000000000000e+02,6.878214246655200270e+01,4.484524816608303865e+01,-2.126591790447845357e-03,6.058023204838851683e+01,1.778605880124128902e-01,nan,1.324926208451587684e+01,1.000000000000000000e+00
1.930000000000000000e+02,1.439927058831548266e+02,4.547537897882487101e+01,-1.993668045136581628e-03,5.705191766094279870e+01,3.046062371425619641e-01,nan,1.919959910695377303e+01,1.000000000000000000e+00
1.940000000000000000e+02,9.343940311835989121e+01,9.750127408485333547e+00,-1.776761241553007596e-03,5.129436550931880134e+01,2.618034498129367948e-01,nan,2.600171948501262520e+01,1.000000000000000000e+00
1.940000000000000000e+02,3.407204580983093933e+01,4.042078322551176228e+01,-1.255609944676415847e-03,3.746097844593263204e+01,3.356649617200526681e-01,nan,2.082662708343584868e+01,1.000000000000000000e+00
1.940000000000000000e+02,9.728173432384784292e+01,4.072346614653457664e+01,-1.342910172452228389e-03,3.977826682031148664e+01,3.671461071381941776e-01,nan,1.092259475526245005e+01,1.000000000000000000e+00
1.970000000000000000e+02,8.160000306265622783e+01,4.819866366718466111e+01,-8.665715404146066489e-03,2.341540647256895795e+02,3.024151514027162424e-02,nan,1.280995358745488666e+01,1.000000000000000000e+00
1.980000000000000000e+02,2.891002065099875651e+01,2.024401708392982968e+01,-1.839534870646538679e-03,5.296062234073926334e+01,2.579388529143117337e-01,nan,9.241682594432045761e+00,1.000000000000000000e+00
1.990000000000000000e+02,8.714645015980217124e+01,3.665172314117043584e+01,-1.684169612281819547e-03,4.883662271137426103e+01,3.202361695357267557e-01,nan,1.092259475526245005e+01,1.000000000000000000e+00
2.000000000000000000e+02,2.972066934572651675e+01,5.187523728020826042e+01,-1.752565002234357430e-03,5.065210299173655528e+01,2.956171651570553838e-01,nan,1.947054600803802771e+01,1.000000000000000000e+00
2.030000000000000000e+02,6.110502189499579373e+01,3.701369669922485883e+01,-8.578086045429682976e-03,2.318280399330714374e+02,3.933118569371762963e-02,nan,9.874709320684932123e+00,1.000000000000000000e+00
2.040000000000000000e+02,3.679529643868743705e+01,1.441146958866758609e+01,-1.858750333257430318e-02,4.975169952170270449e+02,1.594768713784833203e-02,nan,2.364280923305486581e+01,1.000000000000000000e+00
2.040000000000000000e+02,1.076209432457721107e+02,4.674589547824162850e+01,-1.438726405314144120e-02,3.860262706242571085e+02,1.695274578681682520e-02,nan,7.863589718954078656e+00,1.000000000000000000e+00
2.040000000000000000e+02,1.044447134352782456e+02,9.552705531295769603e+00,-1.433252219669930343e-03,4.217629694083734648e+01,3.461145571755129824e-01,nan,1.991461634730497465e+01,1.000000000000000000e+00
2.050000000000000000e+02,7.712678952063996007e+01,1.104864308079873148e+01,-1.426593200115283590e-03,4.199954060248768428e+01,3.302709479403842519e-01,nan,1.651318321349389251e+01,1.000000000000000000e+00
2.050000000000000000e+02,2.298992277977787069e+01,3.360506452470055194e+01,-1.584297384047209968e-03,4.618562443442023380e+01,3.674449818993771322e-01,nan,1.371497785185279739e+01,1.000000000000000000e+00
2.060000000000000000e+02,1.378716178494825613e+02,2.152540552339153379e+01,-1.566995357415244816e-02,4.200738509193445225e+02,1.351767188281338683e-02,nan,1.786987524662865923e+01,1.000000000000000000e+00
2.090000000000000000e+02,1.131638198547402112e+02,5.232375906260747200e+01,-1.218746695602005055e-02,3.276350800280271187e+02,2.026057533574532332e-02,nan,7.863589718954078656e+00,1.000000000000000000e+00
2.110000000000000000e+02,1.402281330863083610e+02,4.071914008745689983e+01,-1.538321532518659423e-03,4.496524610364574670e+01,3.240458986977702294e-01,nan,1.933785434264074965e+01,1.000000000000000000e+00
2.120000000000000000e+02,6.422382153536456428e+01,1.008993669294558515e+01,-1.497885630432567276e-03,4.389191962788615342e+01,3.174217974125784769e-01,nan,7.062351400651346367e+00,1.000000000000000000e+00
2.120000000000000000e+02,1.208548616770109021e+02,1.544747819041285730e+01,-1.463088876876297460e-03,4.296827813763552939e+01,2.792935963870939453e-01,nan,1.534499460235291224e+01,1.000000000000000000e+00
2.140000000000000000e+02,8.422279457995949770e+01,3.901475684824698220e+01,-1.299589093138189735e-03,3.862835649341335653e+01,3.394462750658424621e-01,nan,1.075824274374529743e+01,1.000000000000000000e+00
2.160000000000000000e+02,5.987535099081410550e+01,1.565479169819586325e+01,-1.756650166437385583e-03,5.076053917519550396e+01,3.671231394507742385e-01,nan,7.062351400651346367e+00,1.000000000000000000e+00
2.160000000000000000e+02,9.539836523675711888e+00,3.435926626661942862e+01,-1.571313458658165447e-03,4.584098043835759029e+01,2.914064408432319730e-01,nan,5.013451652319890428e+00,1.000000000000000000e+00
2.180000000000000000e+02,9.214407087429449916e+01,3.173511614267952297e+01,-2.006721531231676209e-02,5.367943196346885770e+02,1.184233950539015368e-02,nan,1.075824274374529743e+01,1.000000000000000000e+00
2.190000000000000000e+02,1.035946365914658571e+02,4.246722903392961967e+01,-9.816378260135743411e-03,2.646971426413833228e+02,2.768206266443895558e-02,nan,1.569374723747634803e+01,1.000000000000000000e+00
2.240000000000000000e+02,1.684444108278304952e+01,4.707817574523404147e+01,-2.177455160505487822e-03,6.193034417431541527e+01,3.041073783402904462e-01,nan,1.506961467133173471e+01,1.000000000000000000e+00
2.300000000000000000e+02,1.393822895407052442e+02,1.966687657900440200e+01,-1.360821206319241979e-02,3.653471937725726661e+02,1.856355350277549832e-02,nan,2.822250718619464394e+01,1.000000000000000000e+00
2.350000000000000000e+02,6.171629392938005054e+01,1.516138075416404618e+01,-1.584407701386214215e-03,4.618855268665599567e+01,2.785824281164891447e-01,nan,1.117001508301314239e+01,1.000000000000000000e+00
2.360000000000000000e+02,3.298863759276477481e+01,3.991789780324086223e+01,-1.654842841667373068e-02,4.433919978660683228e+02,1.575810659614851339e-02,nan,6.818419942531339650e+00,1.000000000000000000e+00
2.390000000000000000e+02,8.558816156105966400e+01,4.434192413736981564e+01,-6.031131536293626166e-03,1.642219382714671099e+02,5.425989878453474358e-02,nan,1.307579626031485098e+01,1.000000000000000000e+00
2.400000000000000000e+02,4.734780577743246255e+01,5.199477160451711200e+01,-1.463288589106040948e-03,4.297357927876650052e+01,3.600624430038524837e-01,nan,1.876263818783289850e+01,1.000000000000000000e+00
2.400000000000000000e+02,1.198847597366860498e+02,5.250612214265408539e+01,-1.910549801666150014e-03,5.484563545298060205e+01,2.408976390760051434e-01,nan,1.523874917459714950e+01,1.000000000000000000e+00
2.410000000000000000e+02,2.936921989642058151e+01,4.569636352106765997e+01,-1.580155959394808794e-03,4.607569487931048258e+01,3.551249580066010436e-01,nan,6.818419942531339650e+00,1.000000000000000000e+00
2.440000000000000000e+02,1.062942079333610650e+02,4.561290967766903037e+01,-1.603696134664449671e-03,4.670054289944695824e+01,2.942131469698193724e-01,nan,9.279486771008853552e+00,1.000000000000000000e+00
2.460000000000000000e+02,1.000883979124033374e+02,6.957931015082938764e+00,-1.809115819127320255e-03,5.215318212848535495e+01,2.983629541179050326e-01,nan,2.012495294515453281e+01,1.000000000000000000e+00
2.460000000000000000e+02,1.156844557427877334e+02,2.084467599924961334e+01,-1.125915095473568189e-02,3.029939544280989594e+02,2.128356446923229672e-02,nan,1.002152018549321966e+01,1.000000000000000000e+00
2.470000000000000000e+02,6.526658260728748928e+01,1.753627831337860954e+01,-1.780146976160195240e-03,5.138423610466382030e+01,3.337861325253268507e-01,nan,1.678416682324441567e+01,1.000000000000000000e+00
2.490000000000000000e+02,9.703923100004442404e+01,4.628691019480922364e+01,-1.707872594135797237e-03,4.946579225294048854e+01,3.047096356782862392e-01,nan,9.279486771008853552e+00,1.000000000000000000e+00
2.500000000000000000e+02,1.410187979426864402e+01,2.356445307249767751e+01,-1.430721937014683542e-03,4.210913337517114030e+01,3.315250155551404676e-01,nan,1.294552486558614746e+01,1.000000000000000000e+00
2.500000000000000000e+02,3.180239065711127466e+01,3.402551674974687046e+01,-1.281429857270718984e-03,3.814633958194141883e+01,3.284537407550925936e-01,nan,1.537860396060077584e+01,1.000000000000000000e+00
2.510000000000000000e+02,1.240923299583490689e+02,2.882720839641672228e+01,-1.734325802553183735e-03,5.016796352891984867e+01,2.366826033979768651e-01,nan,5.184390400709399493e+00,1.000000000000000000e+00
2.540000000000000000e+02,1.280144147269700738e+02,3.221765894091945626e+01,-1.709123455342762303e-03,4.949899498570202638e+01,2.866964070720678937e-01,nan,5.184390400709399493e+00,1.000000000000000000e+00
2.540000000000000000e+02,8.867176520633865522e+00,3.540440643737655080e+01,2.297653754286786438e-03,-6.512088343271653912e+01,2.268313428612734883e-01,nan,1.294552486558614746e+01,1.000000000000000000e+00
2.550000000000000000e+02,9.656540416292600071e+01,2.522568608009146729e+01,-1.552143016551939909e-03,4.533212217124585663e+01,3.728824781945077049e-01,nan,1.916824024826398798e+01,1.000000000000000000e+00
2.560000000000000000e+02,3.496304615731212095e+01,2.912850533707664979e+01,-1.737340678635109674e-03,5.024799009325803922e+01,3.254735246898036172e-01,nan,1.446655961132735513e+01,1.000000000000000000e+00
2.560000000000000000e+02,8.206321453743191796e+01,5.064297139501953815e+00,-1.353227828071498339e-03,4.005213762255930732e+01,3.643919830931755532e-01,nan,2.483536003257277969e+01,1.000000000000000000e+00
2.570000000000000000e+02,2.232937395404200487e+01,4.260093681057980319e+01,-1.779272307933329805e-03,5.136101900013622412e+01,2.464427807487035160e-01,nan,1.526501913357784268e+01,1.000000000000000000e+00
2.580000000000000000e+02,9.573938796831900788e+01,4.437612031698057535e+01,-1.544586587982736854e-03,4.513154509921111668e+01,3.135933676589092167e-01,nan,1.916824024826398798e+01,1.000000000000000000e+00
2.590000000000000000e+02,4.433781185172215800e+01,5.107949807788568819e+01,-2.106274013045252805e-03,6.004091902976556128e+01,3.457920622839310010e-01,nan,2.358510843433846915e+01,1.000000000000000000e+00
2.620000000000000000e+02,1.320521190314056241e+02,4.845618729921736900e+01,-2.347500254369480274e-02,6.272502775951663807e+02,1.162746013262483391e-02,nan,2.312028025509719953e+01,1.000000000000000000e+00
2.620000000000000000e+02,5.189871933063174225e+01,7.821508819851435312e+00,-2.180243745025816325e-03,6.200436407843896802e+01,2.335928411494598844e-01,nan,1.704650199494641427e+01,1.000000000000000000e+00
2.640000000000000000e+02,3.381829402012259322e+01,2.165413172147696841e+01,-1.452102185698275760e-02,3.895767241765651079e+02,7.152992417390691138e-02,nan,2.276495630892963362e+01,1.000000000000000000e+00
2.660000000000000000e+02,6.403356082428423690e+01,4.355704241650811781e+01,-1.339222514903033907e-02,3.596140590722709476e+02,1.770683709679143902e-02,nan,3.731889394075315636e+01,1.000000000000000000e+00
2.660000000000000000e+02,1.206332541881237006e+02,8.713160652695487229e+00,-2.010935361235798371e-03,5.751025954472567037e+01,2.367699356060251059e-01,nan,1.099480584458192745e+01,1.000000000000000000e+00
2.660000000000000000e+02,9.471072674024577509e+01,1.423843574112860821e+01,-1.791615696330082228e-03,5.168866064736869959e+01,2.995392272179323578e-01,nan,2.644592380861513092e+01,1.000000000000000000e+00
2.660000000000000000e+02,1.205848892010684779e+02,1.970786012053361702e+01,-1.801132461734452749e-03,5.194127270114100980e+01,2.226038731116352087e-01,nan,1.099480584458192745e+01,1.000000000000000000e+00
2.740000000000000000e+02,6.709015872775262324e+01,2.815774573029449712e+01,-1.834427973913549045e-02,4.910608928698740669e+02,1.887377874453843862e-02,nan,1.776488777445712941e+01,1.000000000000000000e+00
2.760000000000000000e+02,1.339667545092533771e+02,4.546036596056003987e+01,-1.833820048672148021e-03,5.280892868700781406e+01,3.063832099251638796e-01,nan,3.007011265728092297e+01,1.000000000000000000e+00
2.770000000000000000e+02,2.465499486235489357e+01,3.220450447629713153e+01,-1.613319809406955300e-03,4.695599274382628607e+01,3.270158915746594896e-01,nan,2.133125683867994482e+01,1.000000000000000000e+00
2.790000000000000000e+02,5.156227111852206235e+01,3.678769034391516612e+01,-1.826410143074330044e-03,5.261224090583542790e+01,3.143349893936820960e-01,nan,1.776488777445712941e+01,1.000000000000000000e+00
2.820000000000000000e+02,1.765078545401467380e+01,1.205596683998595076e+01,-1.271817400654148052e-03,3.789118751035687893e+01,3.665770084778794402e-01,nan,2.125711968552655051e+01,1.000000000000000000e+00
2.840000000000000000e+02,1.585452844999864830e+01,3.323705741862055874e+01,-1.635354919508067231e-03,4.754089046707841248e+01,3.102873472662714960e-01,nan,1.881335224818027640e+01,1.000000000000000000e+00
2.860000000000000000e+02,8.284884687589131147e+01,1.993688101910942834e+01,-1.710283648305311807e-02,4.581081492394873749e+02,1.803894030052621833e-02,nan,9.097153251935090168e+00,1.000000000000000000e+00
2.870000000000000000e+02,5.397855652768524237e+01,1.132602153231990805e+01,-1.507024777476483404e-03,4.413450821827323267e+01,3.588596920336744045e-01,nan,2.469943715546130392e+01,1.000000000000000000e+00
2.880000000000000000e+02,4.977136164854878864e+00,4.858712451584214165e+01,-1.392871174147340164e-03,4.110442657212465889e+01,3.269330067973510445e-01,nan,1.881335224818027640e+01,1.000000000000000000e+00
2.890000000000000000e+02,8.232515509630057693e+01,4.935599291073609862e+01,-2.003607031110905216e-03,5.731573709461666510e+01,2.919974700966950776e-01,nan,1.853435985603656988e+01,1.000000000000000000e+00
2.920000000000000000e+02,6.515510720032202130e+01,3.725328224147560974e+01,1.461436366052267909e-03,-4.292441405825542944e+01,3.541677758935507514e-01,nan,8.723832214423691056e+00,1.000000000000000000e+00
2.930000000000000000e+02,1.300154238640241431e+02,1.975335189835095306e+01,-1.461443512873842774e-03,4.292460376276103062e+01,3.546138823812371443e-01,nan,7.064363952021218473e+00,1.000000000000000000e+00
2.930000000000000000e+02,1.379641301591555589e+02,2.399644265389225239e+01,-1.570916060220438554e-03,4.583043193461134734e+01,2.926499714604536839e-01,nan,9.010313586442029177e+00,1.000000000000000000e+00
2.950000000000000000e+02,1.236936488472324243e+02,1.660051211750497657e+01,-1.456243341190365101e-03,4.278657093405132628e+01,3.637126300154442937e-01,nan,7.064363952021218473e+00,1.000000000000000000e+00
2.960000000000000000e+02,8.733202906500250151e+01,3.751477386940831593e+01,-1.326358089510304254e-02,3.561993390692269372e+02,2.184450659910652792e-02,nan,1.074819444655896739e+01,1.000000000000000000e+00
2.970000000000000000e+02,7.362448565654504762e+01,3.934490292187677341e+01,-3.984649785886341250e-02,1.061813585522172161e+03,9.822267194782630106e-03,nan,8.723832214423691056e+00,1.000000000000000000e+00
2.970000000000000000e+02,7.007103829408586648e+01,1.786675684626398919e+01,1.513813516444585368e-03,-4.431470781555119487e+01,3.382536152901435278e-01,nan,2.000009363522629258e+01,1.000000000000000000e+00
3.000000000000000000e+02,8.532448171587143193e+00,2.121373921826896591e+01,-1.607417070912092261e-03,4.679931105307204575e+01,3.033083872788540081e-01,nan,2.852100441826957322e+01,1.000000000000000000e+00
3.010000000000000000e+02,9.150210240277327500e+01,4.742104320850133092e+01,-8.065763782901086074e-03,2.182290098601863804e+02,4.418961351368122514e-02,nan,1.074819444655896739e+01,1.000000000000000000e+00
3.010000000000000000e+02,5.691666929933955998e+01,4.926705078062047960e+01,1.626098422101561903e-03,-4.729518694059224515e+01,3.050440130742506639e-01,nan,1.265127498109964854e+01,1.000000000000000000e+00
3.050000000000000000e+02,5.233287937133447087e+01,3.747537454086062780e+01,-1.764745911437425388e-03,5.097543180776347782e+01,2.904634897592823783e-01,nan,7.018949152734401231e+00,1.000000000000000000e+00
3.050000000000000000e+02,5.882882092166032351e+01,3.481673003972454694e+01,-1.742412503261966212e-03,5.038261609073979486e+01,3.243183647526352020e-01,nan,7.018949152734401231e+00,1.000000000000000000e+00
3.060000000000000000e+02,3.507161306988073335e+01,4.162914703944674955e+01,-1.752758626620778146e-03,5.065724253777303687e+01,2.779827762059942087e-01,nan,4.377263312367944081e+00,1.000000000000000000e+00
3.070000000000000000e+02,2.667284985142227072e+01,1.456996280328541005e+01,-1.448063897155222809e-03,4.256945660280133126e+01,3.416148900707599578e-01,nan,2.486798336975830637e+01,1.000000000000000000e+00
3.080000000000000000e+02,3.224000084355526496e+01,4.496717135115068231e+01,1.494465306295836944e-03,-4.380113089158403739e+01,3.390151693898599827e-01,nan,4.377263312367944081e+00,1.000000000000000000e+00
3.110000000000000000e+02,1.117969922460850682e+02,1.907064330404565666e+01,-1.453535680277760062e-02,3.899572295209846402e+02,1.067838263751241801e-02,nan,1.504664428242824314e+01,1.000000000000000000e+00
3.130000000000000000e+02,1.008880311238447547e+02,5.115996119558582933e+01,1.333273715548549719e-03,-3.952247768754494217e+01,3.701626279665816144e-01,nan,1.152687274887015079e+01,1.000000000000000000e+00
3.140000000000000000e+02,5.400633107994212168e+01,8.525223226502527396e+00,-1.200997672736937687e-02,3.229237974357953931e+02,1.745982023791725624e-02,nan,1.603009614049705789e+01,1.000000000000000000e+00
3.140000000000000000e+02,4.643052269514467589e+00,2.435142593881251827e+01,-4.082256700380763881e-02,1.087722265714594869e+03,8.873632858670044143e-03,nan,2.683972700051066695e+01,1.000000000000000000e+00
3.140000000000000000e+02,1.405464347014888062e+02,3.930371891008936558e+01,-1.818813909979116652e-03,5.241060726650732704e+01,3.078581827398249038e-01,nan,3.515548022679325868e+01,1.000000000000000000e+00
3.170000000000000000e+02,2.913261328185172161e+01,1.336815015765541048e+01,-1.381374737384337935e-03,4.079926632298877109e+01,3.125344647541499210e-01,nan,2.313489402076880808e+01,1.000000000000000000e+00
3.170000000000000000e+02,9.640029671082567120e+01,3.884687870965359480e+01,1.438682923697713091e-03,-4.232044899666691862e+01,3.539074297303264061e-01,nan,6.611168687318597748e+00,1.000000000000000000e+00
3.190000000000000000e+02,1.084884073317493574e+02,8.955990446666687532e+00,-1.660288169573869268e-03,4.820271612303589137e+01,3.219878382706550246e-01,nan,1.104727686569868972e+01,1.000000000000000000e+00
3.200000000000000000e+02,9.785559724600123843e+01,3.111778930874719507e+01,-1.424898689990827891e-03,4.195456169794516654e+01,3.411484404390615621e-01,nan,7.864904488605436228e+00,1.000000000000000000e+00
3.210000000000000000e+02,5.615301054379448686e+01,9.260102274105996401e+00,-2.247161874929659662e-03,6.378063211819216605e+01,3.159856714393716182e-01,nan,2.666516950907100636e+01,1.000000000000000000e+00
3.230000000000000000e+02,8.105999735864051559e+01,4.282376511871013491e+01,-4.109035383952860249e-02,1.094830372268697147e+03,1.068058647845848697e-02,nan,1.739285637748870883e+01,1.000000000000000000e+00
3.250000000000000000e+02,1.293381504351843034e+02,1.567463356844536548e+01,-1.736711130245584657e-03,5.023127942478301833e+01,3.056178333596963892e-01,nan,9.088366913329899432e+00,1.000000000000000000e+00
3.250000000000000000e+02,2.951863335753686002e+01,1.670694709042434312e+01,-1.906083404294357147e-03,5.472707985503197392e+01,3.219076839601576756e-01,nan,2.147645519624788690e+01,1.000000000000000000e+00
3.250000000000000000e+02,3.121775590442896942e+01,4.621068327264105591e+01,-1.501640880630076072e-03,4.399159860750940965e+01,3.391127359771977101e-01,nan,1.627159410307602627e+01,1.000000000000000000e+00
3.280000000000000000e+02,4.675454229449407251e+01,5.104525081532223396e+01,-1.994093748957218026e-03,5.706321749989651693e+01,2.693964331640711363e-01,nan,1.627159410307602627e+01,1.000000000000000000e+00
3.290000000000000000e+02,7.698809649882694828e+01,2.059908005224142613e+01,-1.974212611321593536e-03,5.653549460287536021e+01,2.676680812888073691e-01,nan,1.410642811972508781e+01,1.000000000000000000e+00
3.340000000000000000e+02,9.100199009961012564e+01,2.829992032465479923e+01,1.264455810099098096e-03,-3.769578219876981251e+01,3.729380776850410584e-01,nan,3.712034940554636453e+00,1.000000000000000000e+00
3.350000000000000000e+02,1.079050883353667842e+02,4.912791703576324664e+01,-1.845951528415074039e-03,5.313094545246789835e+01,3.357289657469650912e-01,nan,1.566802599765678039e+01,1.000000000000000000e+00
3.360000000000000000e+02,8.491119127855584736e+01,1.019645913835998208e+01,-1.641708780206591793e-03,4.770954669976229923e+01,2.969496995905123171e-01,nan,1.594685766162800888e+01,1.000000000000000000e+00
3.380000000000000000e+02,6.409879379666307386e+01,1.773455163522109146e+01,-1.622733909872444910e-02,4.348690356404502495e+02,1.647888306475953080e-02,nan,1.824682170782228496e+01,1.000000000000000000e+00
3.390000000000000000e+02,1.488433543785740021e+01,3.809291188404827722e+01,-1.537177015877116493e-03,4.493486617022173135e+01,3.625442532887747094e-01,nan,1.363816730049796533e+01,1.000000000000000000e+00
3.410000000000000000e+02,9.903692466078322809e+01,5.034185673779808923e+01,-1.461359586092889464e-03,4.292237601881628706e+01,3.074900232139470280e-01,nan,1.608032868778018809e+01,1.000000000000000000e+00
3.440000000000000000e+02,4.584382762299645719e+01,2.325079868669808292e+01,-1.919667908306573519e-03,5.508766554903556312e+01,2.915811476440629546e-01,nan,1.460176930535505058e+01,1.000000000000000000e+00
3.450000000000000000e+02,1.419974745009278934e+02,5.002247999825831215e+01,1.724952246038186435e-03,-4.991915279735375321e+01,2.916540743494401289e-01,nan,1.570659011072371136e+01,1.000000000000000000e+00
3.460000000000000000e+02,2.632342320627998689e+01,3.804566143648322907e+01,-1.774495507712675136e-03,5.123422410051146159e+01,2.979612376889561043e-01,nan,2.072852397805371538e+01,1.000000000000000000e+00
3.470000000000000000e+02,2.967819062001480290e+01,4.404820507606882707e+00,-1.950334123216612443e-03,5.590166644121794803e+01,2.594381912567460535e-01,nan,1.397307206583910855e+01,1.000000000000000000e+00
3.470000000000000000e+02,1.110006665859531125e+02,3.871491116075156924e+01,-1.550368965750405529e-03,4.528503194705411516e+01,3.706969831670482440e-01,nan,8.269750333079013416e+00,1.000000000000000000e+00
3.480000000000000000e+02,9.543937689464571861e+01,3.560966872390748250e+01,-1.715296078326663566e-03,4.966284046290685694e+01,2.897087927861463630e-01,nan,1.586808959668324981e+01,1.000000000000000000e+00
3.480000000000000000e+02,2.071303288343415971e+01,1.639385253534168996e+01,-1.416661821420894026e-03,4.173592309567931125e+01,3.244152308341246016e-01,nan,1.158158490559788945e+01,1.000000000000000000e+00
3.540000000000000000e+02,1.185564754734094493e+02,1.781894244677184602e+01,-1.226079747386801116e-02,3.295815578417235088e+02,2.206557444351608943e-02,nan,1.816252714051033479e+01,1.000000000000000000e+00
3.570000000000000000e+02,8.408577710138516181e+01,1.957745717623662784e+01,-1.673958484937775829e-03,4.856557958483833204e+01,2.824730358757230331e-01,nan,2.756119280640071523e+01,1.000000000000000000e+00
3.620000000000000000e+02,6.672360038952317041e+01,4.120721536624024139e+01,-1.295529392800685549e-03,3.852059622021316443e+01,3.414932603832496749e-01,nan,9.620134004830292795e+00,1.000000000000000000e+00
3.640000000000000000e+02,7.275586461690746631e+00,1.050227250943993162e+01,1.234955423149709320e-03,-3.691272692550010959e+01,3.676105455981327763e-01,nan,8.319822203742589295e+00,1.000000000000000000e+00
3.640000000000000000e+02,8.914512645773611155e+01,3.095270315774344994e+01,-1.688203133894326064e-03,4.894368809915847152e+01,2.575411818980900547e-01,nan,2.025477005762907012e+01,1.000000000000000000e+00
3.650000000000000000e+02,1.279176674602178032e+01,3.122642397740888498e+01,-1.482928168995815282e-03,4.349489029152961450e+01,3.425447510688293118e-01,nan,1.409780817548556442e+01,1.000000000000000000e+00
3.660000000000000000e+02,1.107648012702046429e+02,5.297618758982962817e+01,-1.918316353289835959e-03,5.505179001002021977e+01,2.480168923857684060e-01,nan,3.086169479350135347e+01,1.000000000000000000e+00
3.670000000000000000e+02,1.904004806231480273e+01,5.268375771602118363e+01,-1.747365871227980674e-03,5.051409778665406236e+01,3.414747653490369794e-01,nan,2.234856126415582267e+01,1.000000000000000000e+00
3.690000000000000000e+02,1.229504172019248287e+01,1.713736937457969134e+01,-1.276172046300886199e-03,3.800677678187217623e+01,3.525377404675661408e-01,nan,8.319822203742589295e+00,1.000000000000000000e+00
3.700000000000000000e+02,7.288388216773817874e+01,3.472571102645281371e+01,-1.837909956111703422e-02,4.919851466860608866e+02,1.333239581934642093e-02,nan,1.686672495757182944e+01,1.000000000000000000e+00
3.710000000000000000e+02,2.308952772229776684e+01,2.849870336999367737e+01,-1.891021433354179038e-03,5.432727642903706311e+01,2.246776913042488610e-01,nan,8.146439562229664588e+00,1.000000000000000000e+00
3.720000000000000000e+02,1.406392817128470654e+02,4.971426336450139871e+01,-1.436958634948027865e-03,4.227467965132250072e+01,3.036541978979279133e-01,nan,1.102505862485009835e+01,1.000000000000000000e+00
3.740000000000000000e+02,8.936097873830169647e+01,3.112131102108432756e+01,-1.634401847543980480e-03,4.751559222171763253e+01,3.066029778445716891e-01,nan,1.587668211591497602e+01,1.000000000000000000e+00
3.740000000000000000e+02,1.604543071107363161e+01,3.259079022605182274e+01,-1.921430206665825308e-03,5.513444381759366308e+01,2.549011421329475668e-01,nan,8.146439562229664588e+00,1.000000000000000000e+00
3.740000000000000000e+02,1.298290851845331986e+02,5.188026629631205822e+01,-1.793482474746227028e-03,5.173821222393941355e+01,2.742189916460612276e-01,nan,1.102505862485009835e+01,1.000000000000000000e+00
3.780000000000000000e+02,4.498341727168795501e+01,1.904504892178596975e+01,-1.706324508471646073e-02,4.570572391854319108e+02,1.366222318767418287e-02,nan,9.143320029494082846e+00,1.000000000000000000e+00
3.810000000000000000e+02,1.190543144829254629e+02,2.015453458001098852e+01,-1.627673017295137164e-02,4.361800672954655624e+02,1.217012302218700714e-02,nan,3.139958039042501525e+01,1.000000000000000000e+00
3.810000000000000000e+02,8.063208123226502266e+01,3.551401397457775744e+01,-1.856168194778216396e-03,5.340213560616387412e+01,3.273664141591443588e-01,nan,1.229079226671194114e+01,1.000000000000000000e+00
3.820000000000000000e+02,8.816712379305005243e+01,2.580387967320868370e+01,-1.493326090553526598e-03,4.377089166469055925e+01,3.389330994599202285e-01,nan,1.229079226671194114e+01,1.000000000000000000e+00
3.820000000000000000e+02,5.201777091038379552e+01,4.435994930771536815e+01,-1.996987835630540439e-03,5.714003784244770401e+01,2.705394287490059391e-01,nan,1.758804680163146728e+01,1.000000000000000000e+00
3.840000000000000000e+02,6.257767133500964363e+00,2.848502282356539084e+01,-1.714845964515219210e-03,4.965089268763775010e+01,3.193155897564565748e-01,nan,6.530732954604073548e+00,1.000000000000000000e+00
3.850000000000000000e+02,1.171466234975093279e+01,2.489715890150537803e+01,-1.778621112484875342e-03,5.134373373432882204e+01,2.981829963599792466e-01,nan,6.530732954604073548e+00,1.000000000000000000e+00
3.870000000000000000e+02,1.308717560651328427e+02,2.829774732271900817e+01,-1.503445313651350940e-03,4.403949529425441511e+01,2.600840849074961270e-01,nan,1.194629342915889225e+01,1.000000000000000000e+00
3.870000000000000000e+02,1.005251084261052164e+01,4.116392800752167602e+01,-2.251543294818011097e-03,6.389693208245597589e+01,2.720421055314181658e-01,nan,1.323460299674985130e+01,1.000000000000000000e+00
3.880000000000000000e+02,1.408302386398893020e+02,2.169906931088687330e+01,-1.729361199689119846e-03,5.003618361501347778e+01,3.483282534801747099e-01,nan,1.194629342915889225e+01,1.000000000000000000e+00
3.890000000000000000e+02,4.514575060674796703e+01,1.080317592224499279e+01,-1.204568126079342974e-03,3.610612960010955419e+01,3.713654167142788065e-01,nan,1.316383698496950672e+01,1.000000000000000000e+00
3.900000000000000000e+02,1.060093809360288049e+02,1.505933090281937403e+01,-1.013677238247819197e-02,2.732016516654614406e+02,2.042961651592800632e-02,nan,1.387002359742722746e+01,1.000000000000000000e+00
3.900000000000000000e+02,8.933817162879070395e+01,3.120785594372062377e+01,1.491211675201420698e-03,-4.371476683845727962e+01,3.561280094689769360e-01,nan,9.428710076673700868e+00,1.000000000000000000e+00
3.930000000000000000e+02,1.921892481137093611e+01,5.045037265831047790e+01,-1.629219875141337112e-03,4.737804247286893400e+01,3.495757116813925647e-01,nan,3.682444294500881199e+01,1.000000000000000000e+00
3.950000000000000000e+02,1.254492944987678271e+02,9.528725505149921560e+00,-2.465021613255408139e-02,6.584450276692342641e+02,1.012032854979294516e-02,nan,2.021132938209397167e+01,1.000000000000000000e+00
3.950000000000000000e+02,9.537898230240315911e+01,2.396843745080711940e+01,-1.518467502571856000e-03,4.443824275036189420e+01,2.799573088752126404e-01,nan,9.428710076673700868e+00,1.000000000000000000e+00
4.040000000000000000e+02,1.283759402092989319e+02,1.488072718211064860e+01,-1.091771050803420906e-02,2.939307939090234072e+02,1.698020342039829877e-02,nan,6.972166649150363327e+00,1.000000000000000000e+00
4.040000000000000000e+02,4.569940219313797769e+01,2.284461456766672072e+01,-3.740330836317751206e-02,9.969618118326873173e+02,9.731738239996623463e-03,nan,2.138894931619471862e+01,1.000000000000000000e+00
4.060000000000000000e+02,1.280565969558165591e+02,2.184557661838562836e+01,-2.147522690423820345e-03,6.113581973029204164e+01,3.373712549414817907e-01,nan,6.972166649150363327e+00,1.000000000000000000e+00
4.070000000000000000e+02,9.875394474280572865e+01,3.213702381342074688e+01,-1.230240054387074337e-03,3.678756265625417399e+01,3.645476405684908716e-01,nan,9.109764640725169116e+00,1.000000000000000000e+00
4.080000000000000000e+02,7.879810998631344887e+01,4.460778974209864600e+01,-2.395803782187386211e-03,6.772616779901959205e+01,2.685839777931755545e-01,nan,1.037076738994192837e+01,1.000000000000000000e+00
4.100000000000000000e+02,7.075665004904001876e+01,5.115666280038198011e+01,-1.946476478443415897e-03,5.579926951038326877e+01,2.585486644717612803e-01,nan,1.037076738994192837e+01,1.000000000000000000e+00
4.120000000000000000e+02,4.556423947461220791e+01,5.006898967639281750e+01,1.363754012915284952e-03,-4.033154360335134925e+01,3.526104217535754870e-01,nan,1.329573549096399177e+01,1.000000000000000000e+00
4.130000000000000000e+02,1.308434475302977091e+02,3.927718906785112551e+01,-2.007652071274870949e-03,5.742310822966026507e+01,2.822488191230090315e-01,nan,1.162645900524317710e+01,1.000000000000000000e+00
4.130000000000000000e+02,6.756719971184446649e+01,1.153269950663072407e+01,-1.185248979522713448e-03,3.559332413717807242e+01,3.738943133039014377e-01,nan,1.501077281744735537e+01,1.000000000000000000e+00
4.130000000000000000e+02,2.243623067918166569e+01,1.398235853914724380e+01,-1.846974250951590596e-03,5.315809249554516214e+01,2.501794490279164451e-01,nan,1.054528545954133456e+01,1.000000000000000000e+00
4.140000000000000000e+02,2.090266385297359975e+01,2.839544090980652769e+01,-1.265240993153397353e-03,3.771662401797055253e+01,3.400767026755711075e-01,nan,1.148588035238956628e+01,1.000000000000000000e+00
4.150000000000000000e+02,6.378830429400474067e+00,4.253376427190652009e+01,-1.838287924313882025e-03,5.292752352400352578e+01,3.213698519355309147e-01,nan,8.784851020416937217e+00,1.000000000000000000e+00
4.160000000000000000e+02,3.221095349480329162e+01,1.793935731359486141e+01,-1.341164572299193437e-03,3.973193178724228147e+01,3.306317582737717808e-01,nan,8.970790471761379337e+00,1.000000000000000000e+00
4.190000000000000000e+02,2.502681829646221345e+01,1.256690134446849250e+01,-1.364317097465937104e-03,4.034649006244157476e+01,3.388921407685523413e-01,nan,6.421225086355302203e+00,1.000000000000000000e+00
4.200000000000000000e+02,2.545954350310177006e+01,6.160273486915237129e+00,-1.644137416355839071e-03,4.777401217090287133e+01,3.400121573895069638e-01,nan,6.421225086355302203e+00,1.000000000000000000e+00
4.200000000000000000e+02,1.215676073042417755e+02,6.294089457019406808e+00,-1.772590748358071145e-03,5.118366436177002043e+01,2.431692712809994106e-01,nan,1.813714822590129927e+01,1.000000000000000000e+00
4.220000000000000000e+02,1.280398499305772475e+02,2.669045944794475744e+01,-1.574491786780841561e-03,4.592534565705498295e+01,3.684764335212568076e-01,nan,9.694617734978431045e+00,1.000000000000000000e+00
4.230000000000000000e+02,1.160079298012228151e+02,4.321989051175913232e+01,-1.422848576494544805e-03,4.190014369363830582e+01,3.155312172024821171e-01,nan,1.233529645956371112e+01,1.000000000000000000e+00
4.260000000000000000e+02,1.241009467365129666e+02,8.285140020499030200e+00,-1.979337835501835102e-03,5.667153803267554935e+01,3.201415124332871454e-01,nan,8.189967323065721061e+00,1.000000000000000000e+00
4.270000000000000000e+02,1.040544224050658073e+02,4.626508339158542071e+01,1.304415418097859894e-03,-3.875646597267770233e+01,3.507366494492406561e-01,nan,1.233529645956371112e+01,1.000000000000000000e+00
4.290000000000000000e+02,9.930817089931966279e+01,1.807608037647851873e+01,-3.911698547818861366e-02,1.042449483024704023e+03,1.038854715600889822e-02,nan,2.152602845955043165e+01,1.000000000000000000e+00
4.300000000000000000e+02,1.318070863772289272e+02,5.511879017515291856e+00,-1.886654360160255114e-03,5.421135728197218384e+01,3.513413870487543944e-01,nan,8.189967323065721061e+00,1.000000000000000000e+00
4.310000000000000000e+02,1.208126033922675902e+02,1.904007435862807185e+01,-2.121656100331179018e-02,5.673024348566184472e+02,1.258149391574492348e-02,nan,1.124641340904334896e+01,1.000000000000000000e+00
4.310000000000000000e+02,1.151629045008840393e+02,5.280134209856779393e+01,-1.827069886302532670e-02,4.891077695719080225e+02,1.093202652197045044e-02,nan,1.288879561315630085e+01,1.000000000000000000e+00
4.310000000000000000e+02,1.195423747748757215e+01,2.936494909831745304e+01,1.268677690034642229e-03,-3.780784735073921610e+01,3.348666630429779634e-01,nan,9.385537525823496097e+00,1.000000000000000000e+00
4.310000000000000000e+02,3.189972015318061693e+01,4.932633932298757173e+01,-1.613703018999745539e-03,4.696616462031444428e+01,3.261726309889328990e-01,nan,1.810024524000128210e+01,1.000000000000000000e+00
4.320000000000000000e+02,2.248835536992591244e+01,2.888139463791073425e+01,-1.655045585030161422e-03,4.806355749167435221e+01,2.999350539181627751e-01,nan,1.054521050941937332e+01,1.000000000000000000e+00
4.360000000000000000e+02,3.358484194326454997e+01,1.005476078117718330e+01,-2.430778202451048305e-03,6.865452525629623892e+01,2.011887396370783954e-01,nan,1.342870940972855287e+01,1.000000000000000000e+00
4.360000000000000000e+02,1.244985574974159874e+02,3.526939457525354982e+01,-1.648265576555283003e-03,4.788358963572130023e+01,2.821524459963424825e-01,nan,1.664262876948917480e+01,1.000000000000000000e+00
4.370000000000000000e+02,8.090000170050092265e+01,1.485421382394040535e+01,-1.590881876552665067e-02,4.264142642850077891e+02,1.405960421191876364e-02,nan,2.564440884907830664e+01,1.000000000000000000e+00
4.390000000000000000e+02,1.360514635896537641e+02,1.547505130099507120e+01,-1.423580022617166284e-02,3.820058301933646590e+02,1.716263832162423508e-02,nan,1.464339918322906797e+01,1.000000000000000000e+00
4.400000000000000000e+02,4.254292309482211465e+01,4.293675409696295731e+01,-1.565771428148850881e-03,4.569387334371555198e+01,3.049846715308205392e-01,nan,9.055688703448733889e+00,1.000000000000000000e+00
4.410000000000000000e+02,1.050227234335603583e+02,2.355651245177821096e+01,-1.503540057554242013e-03,4.404201016678459979e+01,3.668449428460667239e-01,nan,2.272663019722165956e+01,1.000000000000000000e+00
4.420000000000000000e+02,1.283149079400474477e+02,2.790786459163602373e+01,-1.463136753217499520e-03,4.296954896237106425e+01,3.418459455409108561e-01,nan,1.464339918322906797e+01,1.000000000000000000e+00
4.420000000000000000e+02,7.947298040916488837e+00,2.826353977612313173e+01,-1.717748608954980903e-03,4.972794018667163840e+01,2.676284867346582219e-01,nan,1.346764966724103552e+01,1.000000000000000000e+00
4.420000000000000000e+02,4.914192941253688929e+01,2.672989287363186506e+01,-1.266455348400019436e-03,3.774885774023059071e+01,3.292488124278091233e-01,nan,1.156776860269058815e+01,1.000000000000000000e+00
4.430000000000000000e+02,4.840815673142629549e+01,1.518542025259585948e+01,-1.815976912684246934e-03,5.233530229861619887e+01,2.678269607052485846e-01,nan,1.156776860269058815e+01,1.000000000000000000e+00
4.460000000000000000e+02,1.627275551118548336e+01,9.312939264287917851e+00,-1.475838519573409446e-02,3.958772725188297841e+02,1.924648676539097991e-02,nan,7.431402518938820201e+00,1.000000000000000000e+00
4.500000000000000000e+02,6.389678578176954460e+01,2.367859388138948873e+01,-1.357459943336800480e-03,4.016447446008166366e+01,3.071970946438400407e-01,nan,2.516368913548407349e+01,1.000000000000000000e+00
4.510000000000000000e+02,1.166532293924978774e+02,2.577134080549221906e+01,-1.600595804723531747e-03,4.661824805655975013e+01,3.242645250055554706e-01,nan,1.988099979470945655e+01,1.000000000000000000e+00
4.510000000000000000e+02,3.711490563429342160e+01,2.688844400476182273e+01,-2.125271813431994262e-03,6.054519471261966146e+01,2.286806188266078399e-01,nan,1.261350014524554020e+01,1.000000000000000000e+00
4.560000000000000000e+02,1.337115683551030259e+02,3.598247319490450025e+01,-1.617873336547443050e-03,4.707686110550076108e+01,2.849306904225364923e-01,nan,1.429175559936278717e+01,1.000000000000000000e+00
4.570000000000000000e+02,8.538555208211960235e+01,3.496036807333500462e+01,-1.495696164641752840e-02,4.011482656458560427e+02,1.592777285250401853e-02,nan,2.226632621200452178e+01,1.000000000000000000e+00
4.570000000000000000e+02,1.235623022626323433e+02,4.604461391624916189e+01,-1.663140620803042671e-03,4.827843129858869986e+01,3.496883554415290973e-01,nan,1.429175559936278717e+01,1.000000000000000000e+00
4.640000000000000000e+02,8.203415096712991783e+01,3.740661850782598208e+01,-1.360122684793327666e-02,3.651617789285918434e+02,1.419165683198375660e-02,nan,1.948517146239736419e+01,1.000000000000000000e+00
4.650000000000000000e+02,4.200408324355691292e+01,6.608519452361941937e+00,-1.723332455505968350e-02,4.615718113622533565e+02,1.505618742018832723e-02,nan,2.823942027723548520e+01,1.000000000000000000e+00
4.650000000000000000e+02,1.236281024897171790e+02,1.863911819609331033e+01,1.283795001851279882e-03,-3.820911973933498018e+01,3.346616468512494391e-01,nan,2.131962668094848112e+01,1.000000000000000000e+00
4.670000000000000000e+02,5.843908873512867785e+01,4.912986848366247727e+01,-1.615016876500618330e-03,4.700103952029959942e+01,2.720047048328078088e-01,nan,2.189938542290719781e+01,1.000000000000000000e+00
4.700000000000000000e+02,8.313047741240188770e+01,1.442601239047218087e+01,-2.120119320232270732e-02,5.668945135088847564e+02,1.211001729399696636e-02,nan,2.224315752729864215e+01,1.000000000000000000e+00
4.730000000000000000e+02,1.134295097765923543e+02,2.758998711885702448e+01,-1.590376168005269101e-03,4.634697905805930418e+01,3.278008006866145463e-01,nan,1.248663297732130317e+01,1.000000000000000000e+00
4.730000000000000000e+02,1.383964474067038282e+02,1.838110536552053986e+01,-1.417026825449602600e-03,4.174561172552458288e+01,3.532536868450341094e-01,nan,1.261781880446751281e+01,1.000000000000000000e+00
4.760000000000000000e+02,1.322226404157551656e+02,2.938535266467223650e+01,-1.730756048592537507e-03,5.007320834255720143e+01,2.584403920545425004e-01,nan,1.026897268956089704e+01,1.000000000000000000e+00
4.760000000000000000e+02,1.277690299207669966e+02,4.046410377959091420e+01,-1.875387472122975758e-03,5.391229015088448051e+01,3.057509225675314468e-01,nan,1.194040923533949083e+01,1.000000000000000000e+00
4.780000000000000000e+02,6.402940958970100382e+01,8.625027885769579683e+00,-1.625482770924278897e-02,4.355986905245767957e+02,1.594617810343379460e-02,nan,2.190597579617195123e+01,1.000000000000000000e+00
4.780000000000000000e+02,5.754360057554171703e+01,4.756412375171120033e+01,-1.673505026670104538e-03,4.855354303466301502e+01,2.909668315214042345e-01,nan,1.089912592553094228e+01,1.000000000000000000e+00
4.790000000000000000e+02,4.240107649196312423e+01,1.210166174566445463e+01,1.395933127472396163e-03,-4.118570275002037562e+01,2.566450182718796880e-01,nan,2.190597579617195123e+01,1.000000000000000000e+00
4.790000000000000000e+02,1.227814689418715091e+02,2.534603572988325482e+01,-1.495133648733748197e-03,4.381887130533705488e+01,3.488739140378221970e-01,nan,1.026897268956089704e+01,1.000000000000000000e+00
4.810000000000000000e+02,5.968902412219912357e+00,4.511147197426941347e+01,-2.551728258600069119e-02,6.814603514957135530e+02,1.216333168123928665e-02,nan,2.088164776515318977e+01,1.000000000000000000e+00
4.820000000000000000e+02,6.762672874012621094e+01,4.342631365974906998e+01,-2.083313875614419344e-02,5.571249136922823482e+02,1.293010124806370786e-02,nan,6.915652945676638019e+00,1.000000000000000000e+00
4.820000000000000000e+02,2.642092376153677691e+01,4.932550046432669433e+01,-7.303555489992181148e-03,1.979970303910294831e+02,4.098703989476593090e-02,nan,2.088164776515318977e+01,1.000000000000000000e+00
4.830000000000000000e+02,1.703871319111220117e+01,8.415104095332534229e+00,-1.703032305054324189e-03,4.933731211144608153e+01,3.091650865594276487e-01,nan,2.562889345082168191e+01,1.000000000000000000e+00
4.850000000000000000e+02,1.039953239502303006e+02,4.421207130487853298e+00,-1.493302036209565899e-03,4.377025316862894044e+01,3.452701392730064267e-01,nan,9.104113047592329977e+00,1.000000000000000000e+00
4.880000000000000000e+02,6.676257141692614994e+01,1.166406060579395643e+01,-2.143622710730240695e-03,6.103229906563291252e+01,3.661523634397437776e-01,nan,5.735924188396077206e+00,1.000000000000000000e+00
4.890000000000000000e+02,6.320587480634570454e+01,1.616414232897552239e+01,-2.219518034274164421e-03,6.304685682107995603e+01,3.404193708757337067e-01,nan,5.735924188396077206e+00,1.000000000000000000e+00
4.890000000000000000e+02,9.528362300927624062e+01,4.330572592405420096e+01,-1.401378210233751413e-02,3.761126036764365494e+02,1.674785914605303461e-02,nan,3.088346548532189217e+01,1.000000000000000000e+00
4.890000000000000000e+02,1.360912098085758259e+02,3.164876069507471712e+01,1.314149350236587478e-03,-3.901484247817767681e+01,3.699177372687229015e-01,nan,6.427684035609643409e+00,1.000000000000000000e+00
4.910000000000000000e+02,7.099914368751296934e+01,2.081904136667240479e+01,-1.555688040350477032e-03,4.542622092269862577e+01,3.535139523679304840e-01,nan,9.077616697422371317e+00,1.000000000000000000e+00
4.920000000000000000e+02,5.057944015533126958e+01,3.449820530155736265e+01,-1.042318957149443275e-02,2.808042804241632098e+02,2.555003073555750515e-02,nan,1.596734106787959995e+01,1.000000000000000000e+00
4.950000000000000000e+02,1.073676572155429625e+02,2.317869117120427092e+01,-8.129800584964888555e-03,2.199287962265624401e+02,3.604395452755071450e-02,nan,1.604954114313201075e+01,1.000000000000000000e+00
4.950000000000000000e+02,7.359061313040858465e+01,3.961146742416844546e+01,1.422488075210750135e-03,-4.189057458419644320e+01,3.337629602236907855e-01,nan,1.199449631095801116e+01,1.000000000000000000e+00
4.950000000000000000e+02,6.118232060014078399e+01,5.189914194293625371e+01,1.677678677057978631e-03,-4.866432798642028956e+01,3.601582546121778750e-01,nan,1.627751545140410627e+01,1.000000000000000000e+00
4.970000000000000000e+02,5.192842310571153774e+01,1.475537173097373334e+01,-2.127690647389240963e-03,6.060939999537189493e+01,2.528792879163944685e-01,nan,1.978886637471132559e+01,1.000000000000000000e+00
4.970000000000000000e+02,3.937786362778543747e+01,4.587716237483647319e+01,-2.477055353292537294e-03,6.988290124541444470e+01,2.620139213873214912e-01,nan,3.090493600780453765e+00,1.000000000000000000e+00
4.980000000000000000e+02,7.655573268430001121e+01,2.798924699153527129e+01,-1.763072380503923585e-03,5.093100977273367391e+01,2.795321680042077706e-01,nan,7.468657461659749863e+00,1.000000000000000000e+00
4.980000000000000000e+02,1.177268129267029764e+02,3.692234816035478673e+01,-1.902401796691965616e-03,5.462935563696974128e+01,3.015784701230060927e-01,nan,3.827355706906611310e+00,1.000000000000000000e+00
5.000000000000000000e+02,5.226052361635532861e+01,3.828447897058118343e+01,-1.950694540622826450e-03,5.591123332422182557e+01,2.308383181828177477e-01,nan,1.369950029955572113e+01,1.000000000000000000e+00
5.020000000000000000e+02,7.726601254489965243e+01,5.208732899400978056e+01,-1.606068320808720510e-03,4.676350996739204646e+01,3.651187432844731351e-01,nan,1.550137079520267136e+01,1.000000000000000000e+00
5.030000000000000000e+02,8.453146854113327890e+01,3.839405890622011697e+01,-1.938902090256017664e-03,5.559821572006826074e+01,2.748412663234649500e-01,nan,6.589576704689129372e+00,1.000000000000000000e+00
5.040000000000000000e+02,1.237231236576162416e+02,4.967960864576320290e+01,1.551480656873491411e-03,-4.531454056325203084e+01,3.617889144561805548e-01,nan,2.493869819081055184e+01,1.000000000000000000e+00
5.060000000000000000e+02,1.174832663732529596e+02,1.593711337412437778e+01,-1.886665835879711628e-03,5.421166189230324761e+01,3.060983206204382912e-01,nan,1.115546701812730390e+01,1.000000000000000000e+00
5.070000000000000000e+02,1.116911931002255045e+02,5.396646691269525675e+00,-1.122814900860081427e-02,3.021710419204026721e+02,2.956620313912450282e-02,nan,1.202703416027792471e+01,1.000000000000000000e+00
5.070000000000000000e+02,9.960383536350296652e+01,2.453855000076612214e+01,-1.871832850138613075e-03,5.381793662616254892e+01,2.681001175771917655e-01,nan,1.402505626171088871e+01,1.000000000000000000e+00
5.070000000000000000e+02,1.142450061898743598e+02,2.661223001879252337e+01,-1.895056711581893016e-03,5.443438844423683065e+01,2.793943860670152768e-01,nan,8.542461510457611595e+00,1.000000000000000000e+00
5.070000000000000000e+02,6.668713251800235753e+01,2.889744152588746928e+01,1.443643896594110467e-03,-4.245213255708043931e+01,3.413494192535631022e-01,nan,1.645285676766360794e+01,1.000000000000000000e+00
5.100000000000000000e+02,3.273850317665429799e+01,2.259636248404028080e+01,-1.286055025209309173e-03,3.826910956968038136e+01,3.327425051000176826e-01,nan,2.373533110397385926e+01,1.000000000000000000e+00
5.100000000000000000e+02,1.238098751001452626e+02,2.770308922594851708e+01,-1.563432168846361605e-03,4.563178028251259377e+01,3.545764779274829248e-01,nan,9.626873380309096007e+00,1.000000000000000000e+00
5.110000000000000000e+02,8.902635134772333458e+01,4.426215112454428002e+00,1.675888523704635157e-03,-4.861681033772971006e+01,3.415791526611531292e-01,nan,2.268560753242299910e+01,1.000000000000000000e+00
5.110000000000000000e+02,4.342511175428142423e+01,4.378981288089296697e+01,-1.763285619124424324e-03,5.093666995700631617e+01,3.142963901727833242e-01,nan,1.131664875109426660e+01,1.000000000000000000e+00
5.130000000000000000e+02,1.192125441159187176e+02,4.900848836188550450e+01,-1.377063706200685805e-03,4.068483474934939892e+01,3.601988994888307705e-01,nan,1.647777241473081133e+01,1.000000000000000000e+00
5.140000000000000000e+02,1.400124862188906434e+02,5.259553468171975510e+01,-2.154050433872302731e-02,5.759011538317130316e+02,1.543000078355527549e-02,nan,2.110697734844145401e+01,1.000000000000000000e+00
5.150000000000000000e+02,5.433384506044300366e+01,4.077882025209354566e+01,-1.489710609445343142e-03,4.367492270157061540e+01,3.568321200583491892e-01,nan,8.183252132650027377e+00,1.000000000000000000e+00
5.160000000000000000e+02,5.247222039145474071e+01,3.281013346829186617e+01,-2.195379811025340109e-03,6.240613427615940623e+01,2.421088545782470458e-01,nan,6.305176702912733688e+00,1.000000000000000000e+00
5.180000000000000000e+02,4.829636973454194049e+01,4.906576658470429209e+01,-1.856853282025077660e-03,5.342032049242401825e+01,2.931110198430655345e-01,nan,4.058613384557134829e+00,1.000000000000000000e+00
5.250000000000000000e+02,2.299936104679034088e+01,8.598040610277816853e+00,-1.169283582949456543e-02,3.145056416713841259e+02,2.198927781912463075e-02,nan,2.107996207840288605e+01,1.000000000000000000e+00
5.260000000000000000e+02,1.221574070245114001e+02,2.801473352384147120e+01,-1.419074645514844038e-03,4.179996885323093636e+01,3.145748496671075811e-01,nan,2.047985690499344003e+01,1.000000000000000000e+00
5.290000000000000000e+02,2.271571013114425597e+01,2.967609420601945303e+01,-2.049213267480321995e-03,5.852630439816847030e+01,2.672741236424989175e-01,nan,7.474701176458075302e+00,1.000000000000000000e+00
5.320000000000000000e+02,8.430910705627466939e+01,3.835467099278051251e+01,-1.649497047212081235e-03,4.791627766768973373e+01,3.362837834336086518e-01,nan,7.966258895959889230e+00,1.000000000000000000e+00
5.330000000000000000e+02,7.117094504231012309e+01,2.449283298039033241e+01,-2.185778156873123199e-03,6.215126894409090141e+01,2.275233178023908787e-01,nan,1.138837597628467257e+01,1.000000000000000000e+00
5.340000000000000000e+02,2.583955536745459014e+01,3.646673104043527758e+01,1.463219026501413021e-03,-4.297173281605841311e+01,3.345180035952373121e-01,nan,7.474701176458075302e+00,1.000000000000000000e+00
5.360000000000000000e+02,5.347888115002128728e+01,3.254852269176169699e+01,-1.386403124243615857e-03,4.093273931278218924e+01,3.626130248701280312e-01,nan,1.445760981525567246e+01,1.000000000000000000e+00
5.390000000000000000e+02,1.136817770846567157e+02,2.692137691298859181e+01,-1.757771329310864675e-02,4.707132310272427844e+02,1.177425159192080351e-02,nan,1.135369850274559944e+01,1.000000000000000000e+00
5.400000000000000000e+02,3.909508799989869487e+01,3.400762384818079198e+01,-1.111764483403277458e-02,2.992378303404233293e+02,2.263034198754887427e-02,nan,1.445760981525567246e+01,1.000000000000000000e+00
5.410000000000000000e+02,1.249365536630927096e+02,2.841686140329139221e+01,-1.640553865253360820e-03,4.767889075460954729e+01,3.261578917510631337e-01,nan,1.135369850274559944e+01,1.000000000000000000e+00
5.490000000000000000e+02,1.206571658355758281e+01,2.609456926109544739e+01,-1.437019034232900469e-03,4.227628288380221022e+01,3.374465059615791018e-01,nan,2.839462216430228381e+01,1.000000000000000000e+00
5.510000000000000000e+02,5.748355546532813776e+01,2.884497142276044457e+01,-1.557170773025760672e-03,4.546557842815176542e+01,2.914530107334404319e-01,nan,6.809753010001441176e+00,1.000000000000000000e+00
5.510000000000000000e+02,3.729793700102267451e+01,1.307191128900909227e+01,-1.389867975210428179e-03,4.102470996473705611e+01,3.041581569693365683e-01,nan,2.119110786513360623e+01,1.000000000000000000e+00
5.550000000000000000e+02,5.092069811589844619e+01,3.066201282797397809e+01,-1.640433824941484216e-03,4.767570441676993909e+01,2.970966506347614278e-01,nan,6.809753010001441176e+00,1.000000000000000000e+00
5.550000000000000000e+02,1.256393969380621485e+02,4.566767156360968016e+01,-1.761400865146016664e-03,5.088664123893762792e+01,3.213845836234479059e-01,nan,2.815730460243506172e+01,1.000000000000000000e+00
5.590000000000000000e+02,6.711854923572755638e+01,2.808427371088584579e+01,1.231989831019182028e-03,-3.683400854935946001e+01,3.554385375881635722e-01,nan,1.581825305748791699e+01,1.000000000000000000e+00
5.600000000000000000e+02,8.288329541417371615e+01,2.372359074436958792e+01,-9.861008934046646551e-03,2.658818147141758459e+02,2.504607479415121851e-02,nan,1.635673494329775579e+01,1.000000000000000000e+00
5.600000000000000000e+02,9.986441444437264181e+01,3.433258974104174399e+01,-1.819473504083748971e-03,5.242811546539081746e+01,2.743541908212556724e-01,nan,2.002271867727194987e+01,1.000000000000000000e+00
5.610000000000000000e+02,1.903463534170197136e+01,4.843392385815794654e+01,-1.622189038661805971e-03,4.719141666385024791e+01,3.074088449483043384e-01,nan,1.140449185666053999e+01,1.000000000000000000e+00
5.610000000000000000e+02,2.628424626344430237e+01,3.642090113631842740e+01,-1.446854034338363989e-03,4.253734212714039842e+01,3.505301029001918200e-01,nan,1.403102182423212696e+01,1.000000000000000000e+00
5.660000000000000000e+02,4.388919230353383227e+01,1.396920480047646151e+01,-6.515069856594161990e-03,1.770675478663090701e+02,4.042024976347380338e-02,nan,2.422512409627701402e+01,1.000000000000000000e+00
5.660000000000000000e+02,1.141383941593605442e+02,1.436849661540546919e+01,1.411238313124786722e-03,-4.159196204262007512e+01,3.506454490399690815e-01,nan,2.006773943017461903e+01,1.000000000000000000e+00
5.660000000000000000e+02,6.731516058099725797e+01,2.014015673217213376e+01,-1.542770655228017625e-03,4.508334316471020031e+01,3.407028284371583782e-01,nan,2.376355531461606319e+01,1.000000000000000000e+00
5.670000000000000000e+02,1.328424519932341354e+02,3.275121984232369954e+01,-9.973100346876522665e-03,2.688571577852776500e+02,2.289526474463776662e-02,nan,1.382587162792715318e+01,1.000000000000000000e+00
5.670000000000000000e+02,9.442887545739766608e+01,3.082601613574572141e+01,-1.712780018589753553e-03,4.959605442893960259e+01,2.743983011987483067e-01,nan,7.090597520381080265e+00,1.000000000000000000e+00
5.680000000000000000e+02,9.656944811244503057e+01,2.406624380936535701e+01,-1.405245608734805030e-03,4.143289230628840158e+01,3.493160687785988872e-01,nan,7.090597520381080265e+00,1.000000000000000000e+00
5.690000000000000000e+02,1.389130344347107098e+02,4.517308584921482861e+01,-2.898434081179818156e-02,7.734895927087711698e+02,1.148613389650599004e-02,nan,1.382587162792715318e+01,1.000000000000000000e+00
5.720000000000000000e+02,1.218195916289807883e+02,2.386597700933953448e+01,-1.778223986319648351e-03,5.133319245775614803e+01,2.911975388386405239e-01,nan,1.415807157811133266e+01,1.000000000000000000e+00
5.740000000000000000e+02,8.592680953109723418e+01,2.678832079875290972e+01,-1.527641409130878853e-03,4.468175399378561252e+01,3.217310457531538104e-01,nan,2.369719374216486329e+01,1.000000000000000000e+00
5.770000000000000000e+02,2.454287144124461406e+01,4.933510837725952314e+01,-1.632201343921901382e-03,4.745718227719472537e+01,2.577913542301080163e-01,nan,9.640007886403733295e+00,1.000000000000000000e+00
5.820000000000000000e+02,1.770227832658452272e+01,2.077732641458980467e+01,-1.412188472827087364e-03,4.161718298519996040e+01,3.443440653261312656e-01,nan,2.594918752477815005e+01,1.000000000000000000e+00
5.840000000000000000e+02,1.361490526837494599e+02,5.014179300874857859e+01,-2.060529260394629216e-03,5.882667496412182828e+01,2.799534865534607508e-01,nan,3.997539014325095508e+01,1.000000000000000000e+00
5.850000000000000000e+02,6.248992329083409913e+01,3.731754612400502680e+01,-1.634397984427279600e-03,4.751548967954050795e+01,2.746326080472337727e-01,nan,2.247244429001248633e+01,1.000000000000000000e+00
5.850000000000000000e+02,1.135784026792485406e+02,1.714789091336968241e+01,-1.665464681533922360e-03,4.834012093045138414e+01,2.844793465448731684e-01,nan,3.008963336079996154e+01,1.000000000000000000e+00
5.870000000000000000e+02,4.233414342557154697e+01,1.261451103376641392e+01,-1.819983372225335641e-02,4.872267324767778405e+02,1.906209675122294556e-02,nan,2.594918752477815005e+01,1.000000000000000000e+00
5.880000000000000000e+02,8.404619447047974745e+01,2.291284660281734631e+01,1.246090862528299913e-03,-3.720830489674977315e+01,3.675365458952443154e-01,nan,9.364406686184809203e+00,1.000000000000000000e+00
5.900000000000000000e+02,1.356203195733828011e+02,5.119640276109837629e+01,-7.490266431023557755e-03,2.029530666356590700e+02,4.391430090370695982e-02,nan,4.056041493146787502e+01,1.000000000000000000e+00
5.900000000000000000e+02,8.492861650445128419e+01,3.608636813813745903e+01,-1.312198891385650285e-03,3.896306969664968278e+01,3.736357352025918566e-01,nan,1.320304276625586049e+01,1.000000000000000000e+00
5.970000000000000000e+02,1.238499112478341573e+02,5.301073861942657572e+01,-1.428954858028695998e-02,3.834325210429374806e+02,1.668677405922180945e-02,nan,1.495781916263821287e+01,1.000000000000000000e+00
5.980000000000000000e+02,1.328741541811805007e+02,4.746336628274210767e+00,-4.537147548746718606e-02,1.208468030231582134e+03,9.500626657533484121e-03,nan,2.711150275177370261e+01,1.000000000000000000e+00
5.980000000000000000e+02,8.155166802366625234e+01,4.094542100926669548e+01,-2.049887300700594002e-03,5.854419586747016524e+01,1.710885267008237509e-01,nan,1.974861883947966845e+01,1.000000000000000000e+00
5.990000000000000000e+02,9.036345993367382334e+01,2.327170409963570563e+01,-2.052463351650196839e-03,5.861257430209064978e+01,2.035550568509764124e-01,nan,1.218050205825537269e+01,1.000000000000000000e+00
5.990000000000000000e+02,2.468809582263572722e+01,2.066373421139106270e+01,-1.544418012980994844e-03,4.512707046149595413e+01,3.020576868326205755e-01,nan,2.034850431334034226e+01,1.000000000000000000e+00
5.990000000000000000e+02,1.025364478241096577e+02,2.284392353618534344e+01,-1.397601148074285090e-03,4.122997851936781899e+01,3.211164284946902425e-01,nan,1.218050205825537269e+01,1.000000000000000000e+00
5.990000000000000000e+02,1.435941017618919204e+02,2.964847118188692576e+01,-1.554676008300033465e-03,4.539935764679728436e+01,3.386285072217000147e-01,nan,1.598799933827896069e+01,1.000000000000000000e+00
6.000000000000000000e+02,6.113225360745659032e+01,1.346877659411539341e+01,-2.555511605440771716e-02,6.824645992363630285e+02,8.674532169318904806e-03,nan,2.403464384458739289e+01,1.000000000000000000e+00
6.000000000000000000e+02,1.390600141330117197e+02,4.775479889054080473e+01,-1.771210652827541433e-03,5.114703124625695096e+01,3.622779858499989292e-01,nan,5.954483326715784841e+00,1.000000000000000000e+00
6.010000000000000000e+02,1.351764331430577784e+02,4.324107865302002551e+01,-1.824971013202562192e-03,5.257404078876778186e+01,3.335992931587286048e-01,nan,5.954483326715784841e+00,1.000000000000000000e+00
6.030000000000000000e+02,1.180876417228101332e+02,4.066645309071311942e+01,-1.889907297504574927e-03,5.429770292026688594e+01,2.877900599333675924e-01,nan,1.728165180157306935e+01,1.000000000000000000e+00
6.050000000000000000e+02,7.657741931651364098e+01,3.188374227303890507e+01,-1.606056979590574692e-03,4.676320892725011191e+01,2.870723759987408030e-01,nan,2.403464384458739289e+01,1.000000000000000000e+00
6.060000000000000000e+02,1.026937571390316748e+02,7.772435503014037295e+00,-1.759793415750040765e-02,4.712499715967547900e+02,1.575019829663593107e-02,nan,3.959882345129595471e+00,1.000000000000000000e+00
6.090000000000000000e+02,1.363103622744446284e+02,4.084268325062835459e+01,-2.220443429329579596e-03,6.307142041338956773e+01,2.474656662526225626e-01,nan,2.431974837986685856e+01,1.000000000000000000e+00
6.100000000000000000e+02,4.504696726435974341e+01,2.758476740975550712e+01,-2.017709573163712147e-03,5.769007353772515501e+01,2.134798574305296626e-01,nan,1.070200985894238599e+01,1.000000000000000000e+00
6.110000000000000000e+02,6.395267926080407506e+01,3.968293012881003534e+01,-1.577393630865464537e-03,4.600237191154340621e+01,3.654802551872280425e-01,nan,1.123121948581565910e+01,1.000000000000000000e+00
6.120000000000000000e+02,1.123012308061647957e+02,4.471718546367349489e+01,-1.492804867030593291e-03,4.375705636046606628e+01,3.655729019134554836e-01,nan,8.392786375437314206e+00,1.000000000000000000e+00
6.150000000000000000e+02,9.962213275014005376e+01,5.278933984242542721e+01,-1.665254365546885423e-03,4.833453832426439334e+01,3.320065776747165298e-01,nan,6.835983097771579864e+00,1.000000000000000000e+00
6.160000000000000000e+02,1.127444606296951264e+02,2.622147992699581920e+01,-1.828778753770201292e-03,5.267511306744155064e+01,3.131859048000077417e-01,nan,1.850101553904422857e+01,1.000000000000000000e+00
6.160000000000000000e+02,1.059504053409265509e+02,5.020406791674351155e+01,-1.691768519779263645e-03,4.903832733976339853e+01,3.152720230888573782e-01,nan,6.835983097771579864e+00,1.000000000000000000e+00
6.170000000000000000e+02,9.461884365856091961e+01,1.165130164633975873e+01,2.015936975255160340e-03,-5.764302187897709473e+01,2.316549367288728289e-01,nan,2.286530521282689676e+01,1.000000000000000000e+00
6.220000000000000000e+02,2.621748151835279117e+01,1.952762516698919271e+01,-1.086500234545999602e-02,2.925317137980098323e+02,2.367944355018258840e-02,nan,1.438579600300504957e+01,1.000000000000000000e+00
6.240000000000000000e+02,1.079541391341218599e+02,1.804599799034566487e+01,-1.519840858559395186e-03,4.447469697213072237e+01,3.571483967255387748e-01,nan,8.426302636297524629e+00,1.000000000000000000e+00
6.250000000000000000e+02,9.066346456437052836e+01,1.966966947143366085e+01,1.674746222514918777e-03,-4.858648921103384311e+01,3.048950682796814915e-01,nan,1.042760696501700224e+01,1.000000000000000000e+00
6.270000000000000000e+02,1.074277602882548166e+02,9.636152484683965014e+00,-1.738039200440386544e-03,5.026653158507149755e+01,2.364246820507708291e-01,nan,8.426302636297524629e+00,1.000000000000000000e+00
6.290000000000000000e+02,2.208611144103765511e+01,3.747209081835502076e+01,-1.562256886722348257e-03,4.560058371324836202e+01,3.558687224190213438e-01,nan,2.867611927365892655e+01,1.000000000000000000e+00
6.300000000000000000e+02,1.009368779527613782e+02,1.788306252862202683e+01,-1.422022650727787409e-03,4.187822040401846380e+01,3.030527874279229650e-01,nan,7.270258527581398234e+00,1.000000000000000000e+00
6.310000000000000000e+02,1.304081430862843831e+02,3.501746441419328448e+01,-1.681096541469649479e-03,4.875505143203038472e+01,2.969815365408441377e-01,nan,1.477732125153741194e+01,1.000000000000000000e+00
6.330000000000000000e+02,1.281122838173860430e+02,4.961534965790419704e+01,-1.787028589185046812e-02,4.784792483561698191e+02,1.557772918283517605e-02,nan,1.477732125153741194e+01,1.000000000000000000e+00
6.350000000000000000e+02,4.243847258912163767e+01,4.562731641149393624e+01,-2.194813959268880621e-02,5.867213825879041451e+02,1.801203580214638666e-02,nan,1.528084889803221991e+01,1.000000000000000000e+00
6.350000000000000000e+02,9.391382126458783830e+01,1.976277894674763402e+01,1.716903072158783381e-03,-4.970549634387926830e+01,2.493295253363567721e-01,nan,7.270258527581398234e+00,1.000000000000000000e+00
6.390000000000000000e+02,6.835346492950986885e+01,1.382964173016075371e+01,-1.232734978012367186e-02,3.313481154957354420e+02,1.824373388462463552e-02,nan,1.816860422528604246e+01,1.000000000000000000e+00
6.400000000000000000e+02,2.865175709362845780e+01,3.903711012558598270e+01,-1.241237246096153508e-03,3.707947099541345892e+01,3.639063970806850623e-01,nan,6.496011200427589394e+00,1.000000000000000000e+00
6.400000000000000000e+02,5.988612953144186690e+01,5.297061081882277023e+01,-1.570657269146148987e-03,4.582356261063450376e+01,2.435131443179114896e-01,nan,1.557973143424937845e+01,1.000000000000000000e+00
6.410000000000000000e+02,5.983489090118921183e+01,2.987744768671140605e+01,-1.184904449716522997e-03,3.558417897301467292e+01,3.259219640313865129e-01,nan,7.497111968802672166e+00,1.000000000000000000e+00
6.410000000000000000e+02,6.160213488462822795e+01,3.716329263261595628e+01,-1.513175980579207309e-03,4.429778512832884019e+01,3.226823520339257012e-01,nan,7.497111968802672166e+00,1.000000000000000000e+00
6.410000000000000000e+02,3.497704427023747797e+01,4.051660451540507779e+01,-1.549192760797008959e-03,4.525381088230051319e+01,3.302435630955747881e-01,nan,6.496011200427589394e+00,1.000000000000000000e+00
6.430000000000000000e+02,9.683914088622242389e+01,2.393469116338582126e+01,1.250981291783304734e-03,-3.733811595391502181e+01,3.302555422649071648e-01,nan,2.650016025583844481e+01,1.000000000000000000e+00
6.430000000000000000e+02,1.141943953532478986e+02,4.396101473936730741e+01,-1.600072908171764480e-03,4.660436834362790393e+01,3.392333115752287354e-01,nan,2.650016025583844481e+01,1.000000000000000000e+00
6.440000000000000000e+02,7.480382502579635684e+01,4.847723873306646425e+01,-2.051669242245223596e-02,5.487251943689572045e+02,9.513597944821761132e-03,nan,1.557973143424937845e+01,1.000000000000000000e+00
6.450000000000000000e+02,1.697709559258024115e+01,2.105568776997588643e+01,-1.535256872368349380e-02,4.116492197020654089e+02,1.799604894065176541e-02,nan,1.943615090271516621e+01,1.000000000000000000e+00
6.470000000000000000e+02,4.361538755367813280e+01,3.583985371868163128e+01,-1.523019932746410730e-03,4.455908199428412075e+01,3.076956597511246727e-01,nan,1.076372910658890270e+01,1.000000000000000000e+00
6.480000000000000000e+02,5.898061123300015396e+01,4.893068110581074137e+01,-1.613631409638064491e-03,4.696426382869513105e+01,2.305595107471056782e-01,nan,1.582970955886228381e+01,1.000000000000000000e+00
6.480000000000000000e+02,5.155235902844172813e+01,7.345485888175022460e+00,-1.450120390964797917e-03,4.262404396549582941e+01,3.602236631477286899e-01,nan,1.933395010662409774e+01,1.000000000000000000e+00
6.490000000000000000e+02,9.758022968672902664e+01,2.708470946801966761e+01,-1.217791088877855782e-02,3.273814247502842250e+02,2.353708127396858529e-02,nan,1.689535519189774604e+01,1.000000000000000000e+00
6.510000000000000000e+02,3.494511165729089441e+01,2.946143854243639026e+01,-1.665431133654352762e-03,4.833923043894532157e+01,2.938866126501459286e-01,nan,1.076372910658890270e+01,1.000000000000000000e+00
6.520000000000000000e+02,6.007796307392064250e+01,2.469817162800053367e+01,-1.758512149880466164e-03,5.080996347448847672e+01,2.611781261525990550e-01,nan,1.571221149237566905e+01,1.000000000000000000e+00
6.520000000000000000e+02,1.080130793521246915e+02,4.250811407239792317e+01,-1.858654276971983491e-03,5.346812591927235303e+01,2.587367584979995971e-01,nan,1.862057361444869130e+01,1.000000000000000000e+00
6.530000000000000000e+02,2.651941452823675860e+01,6.126490199713962248e+00,-6.169773922662134986e-03,1.679020476859914766e+02,4.791810417305919501e-02,nan,1.421306390707232481e+01,1.000000000000000000e+00
6.530000000000000000e+02,1.307849571675917844e+02,4.508487688127286219e+01,-1.724352195185379754e-03,4.990322510849576076e+01,3.167445156261005090e-01,nan,2.291720152670834665e+01,1.000000000000000000e+00
6.540000000000000000e+02,1.517021384655147287e+01,1.468258916556026961e+01,-6.749088171761953928e-03,1.832793062425031110e+02,4.208881241917483695e-02,nan,1.421306390707232481e+01,1.000000000000000000e+00
6.540000000000000000e+02,1.113630561613790348e+02,1.731297873953185729e+01,-8.144045309038595859e-03,2.203069067347847465e+02,3.882289817423645317e-02,nan,1.101665859652204382e+01,1.000000000000000000e+00
6.580000000000000000e+02,1.141108420921363660e+02,6.644499976790886997e+00,-1.917259907073535358e-03,5.502374780901386231e+01,2.837449993577239038e-01,nan,3.380047233261902484e+00,1.000000000000000000e+00
6.610000000000000000e+02,3.710322597854960236e+01,9.442882299449514960e+00,-1.718528448742394138e-03,4.974864017473915112e+01,3.047130102893474968e-01,nan,1.449277190503592472e+01,1.000000000000000000e+00
6.670000000000000000e+02,5.844361841662252743e+01,2.258065274999668048e+01,-1.308608547462980064e-03,3.886776797242748671e+01,3.298198831738312631e-01,nan,6.977918669613747404e+00,1.000000000000000000e+00
6.680000000000000000e+02,7.753029032081413163e+01,4.517063675271958800e+01,-1.609742387146085967e-03,4.686103401088179510e+01,2.908442361392830078e-01,nan,1.766654910916045296e+01,1.000000000000000000e+00
6.680000000000000000e+02,6.103637272580756701e+01,5.149974725858933766e+01,-1.250597272564856095e-03,3.732792258680566277e+01,2.946903509875056226e-01,nan,1.766654910916045296e+01,1.000000000000000000e+00
6.730000000000000000e+02,4.042337887059543533e+01,1.923918168714923738e+01,-1.495952741090518859e-02,4.012163710376760832e+02,1.708763747213326578e-02,nan,1.201597356867263322e+01,1.000000000000000000e+00
6.730000000000000000e+02,6.549005657489271925e+01,2.132546777018579576e+01,-3.477007590706955587e-02,9.270655571144760643e+02,1.041013062976581249e-02,nan,2.365649648785130665e+01,1.000000000000000000e+00
6.730000000000000000e+02,3.965930546794766798e+01,5.111122171670052694e+01,-1.582173566682310321e-03,4.612925004211481905e+01,3.016931923670070903e-01,nan,9.338746397817885736e+00,1.000000000000000000e+00
6.740000000000000000e+02,2.842394544318288041e+01,1.986943419538185651e+01,-1.621327105850744674e-02,4.344956150105651318e+02,1.733676501212910726e-02,nan,1.201597356867263322e+01,1.000000000000000000e+00
6.740000000000000000e+02,6.290327539164852766e+01,4.944550380892125929e+01,-1.690039198552208046e-03,4.899242441285107219e+01,2.926231330794589747e-01,nan,1.514053142928309548e+01,1.000000000000000000e+00
6.750000000000000000e+02,9.421073932462159917e+01,1.523287836797100780e+01,-7.995265569304941394e-03,2.163577124427232263e+02,4.486612738302275805e-02,nan,1.366149512007861055e+01,1.000000000000000000e+00
6.750000000000000000e+02,1.290702331854377007e+02,4.530638543938397333e+01,-1.329827348202485167e-02,3.571202155709181625e+02,1.536120648774519371e-02,nan,2.154605955128137040e+01,1.000000000000000000e+00
6.750000000000000000e+02,1.556841673350861299e+01,5.299703873420693157e+01,-1.392148332155336175e-03,4.108523952774621080e+01,3.665164493272133894e-01,nan,5.016692172052083620e+00,1.000000000000000000e+00
6.780000000000000000e+02,4.798239738219475470e+01,4.687585570303048144e+01,-1.598787407549006473e-02,4.285127003988469028e+02,2.008171877746345313e-02,nan,9.338746397817885736e+00,1.000000000000000000e+00
6.790000000000000000e+02,7.441200771366777644e+01,1.745098341813855214e+01,-1.232051144391904315e-03,3.683563604529415869e+01,3.612245877685795747e-01,nan,6.939414777291462499e+00,1.000000000000000000e+00
6.800000000000000000e+02,1.388159028223116138e+02,2.609038675296964982e+01,-1.405382154634853692e-03,4.143651676678310025e+01,3.539797087975784518e-01,nan,1.505871159431008799e+01,1.000000000000000000e+00
6.850000000000000000e+02,8.041468058410913500e+01,4.315061627231169439e+01,-1.571208405385742489e-03,4.583819191497020995e+01,2.986658752132610450e-01,nan,1.928170275782175835e+01,1.000000000000000000e+00
6.860000000000000000e+02,1.002154508131232404e+02,3.422111680556885460e+01,-2.384282248537567678e-02,6.370136527482145539e+02,1.111647286442363214e-02,nan,2.172110638040272690e+01,1.000000000000000000e+00
6.860000000000000000e+02,3.536824539950188750e+01,2.590376439935247177e+01,-1.680237594061613059e-03,4.873225161932019489e+01,3.489597087882704285e-01,nan,1.096576630076281589e+01,1.000000000000000000e+00
6.880000000000000000e+02,5.941787310062798610e+01,6.767355844049311564e+00,-1.373186182480225356e-03,4.058191015375870592e+01,3.450124903436595503e-01,nan,1.311250572847509943e+01,1.000000000000000000e+00
6.950000000000000000e+02,1.056497361831209503e+02,4.488896103595251930e+01,-7.850140967687979643e-02,2.087865636595364322e+03,7.309128942826204067e-03,nan,2.401042047112999711e+01,1.000000000000000000e+00
6.950000000000000000e+02,4.330755869097054500e+01,3.621008854159529733e+01,-1.456286184835424088e-03,4.278770817141187877e+01,3.741360144359745510e-01,nan,1.053818901687497345e+01,1.000000000000000000e+00
6.960000000000000000e+02,1.144022621526571442e+02,2.247089546550004613e+01,-1.283125063153623801e-03,3.819133695462550548e+01,3.527099348000782841e-01,nan,1.128097246128722020e+01,1.000000000000000000e+00
6.970000000000000000e+02,9.165545459071654477e+01,2.014318811813205556e+01,-1.132834902407917933e-02,3.048307409486442907e+02,2.028112319024011345e-02,nan,6.326413165548800066e+00,1.000000000000000000e+00
6.980000000000000000e+02,2.522668419716455190e+01,4.605576004083763308e+01,-1.629564900194355702e-03,4.738720078281381376e+01,3.264004560586062365e-01,nan,1.345470862087265118e+01,1.000000000000000000e+00
6.980000000000000000e+02,3.867603072848238099e+01,4.567594172491028814e+01,-1.516761977023780607e-03,4.439297145353423701e+01,2.265949505604241132e-01,nan,1.053818901687497345e+01,1.000000000000000000e+00
7.000000000000000000e+02,1.296596130418219559e+02,4.472739238035280351e+01,-1.012405385361039162e-02,2.728640523276883414e+02,2.573901468259687242e-02,nan,1.856603658736563389e+01,1.000000000000000000e+00
7.010000000000000000e+02,1.118126379234069390e+02,3.961044077944092834e+01,-1.582849556657643262e-03,4.614719345132399297e+01,2.728150702436399344e-01,nan,9.625141497162527315e+00,1.000000000000000000e+00
7.020000000000000000e+02,8.746436971015043582e+01,1.540416806488060786e+01,-1.765311329329118974e-03,5.099044020282118339e+01,3.112363741703426667e-01,nan,6.326413165548800066e+00,1.000000000000000000e+00
7.020000000000000000e+02,4.093183177692542785e+01,1.571842558565072245e+01,-1.598329053671862423e-03,4.655807964699805268e+01,2.947009176985098122e-01,nan,9.426654371847535074e+00,1.000000000000000000e+00
7.030000000000000000e+02,9.785728938821767997e+01,1.409591358177026699e+01,-1.309565059541812834e-03,3.889315753184449420e+01,3.703421723517622555e-01,nan,1.047493719443394333e+01,1.000000000000000000e+00
7.030000000000000000e+02,1.105522884595487909e+02,3.006817333038289064e+01,-1.389950626996179408e-03,4.102690386533872413e+01,3.488320475590986902e-01,nan,9.625141497162527315e+00,1.000000000000000000e+00
7.040000000000000000e+02,2.493699581465110882e+01,1.518251402700127883e+01,-1.454150301518004765e-03,4.273101350168895607e+01,3.645795176227126788e-01,nan,1.600381137912959417e+01,1.000000000000000000e+00
7.050000000000000000e+02,5.024645607994469287e+01,1.426943050633708943e+01,-1.348412778206921868e-03,3.992432742827332248e+01,3.504863775610111976e-01,nan,9.426654371847535074e+00,1.000000000000000000e+00
7.050000000000000000e+02,8.136592020078776955e+01,3.689539521841833647e+01,-1.928532705241241220e-03,5.532297181800301900e+01,2.695445813293192439e-01,nan,1.099046720560249568e+01,1.000000000000000000e+00
7.060000000000000000e+02,1.378854661588575823e+02,1.825627792451618348e+01,-2.135084540440120721e-02,5.708668663527656690e+02,9.360019292914856237e-03,nan,2.977622333710449354e+01,1.000000000000000000e+00
7.060000000000000000e+02,9.201885112978069969e+01,2.594797412932404868e+01,1.485530817736799162e-03,-4.356397473522157782e+01,3.695148761603662679e-01,nan,1.148543196080807327e+01,1.000000000000000000e+00
7.070000000000000000e+02,4.704166341128790663e+01,4.310049148134605446e+01,-1.656748917825900252e-02,4.438979447845780442e+02,1.811069338536508422e-02,nan,2.351275131180641509e+01,1.000000000000000000e+00
7.080000000000000000e+02,1.447359328234500708e+01,4.234435161496542577e+01,-1.445337600012839771e-02,3.877811394265910963e+02,2.011981629208192679e-02,nan,2.910752847130810395e+01,1.000000000000000000e+00
7.110000000000000000e+02,1.309701541600817905e+02,5.267052084552206281e+01,-1.764288678562918322e-02,4.724431895895886555e+02,1.615091375694055476e-02,nan,3.481185759514429634e+01,1.000000000000000000e+00
7.140000000000000000e+02,2.410876528599999702e+01,1.527279764890994507e+01,-1.064279043492511075e-02,2.866333434265905566e+02,2.245377075521814980e-02,nan,1.741758215494084538e+01,1.000000000000000000e+00
7.140000000000000000e+02,1.054556404578852238e+02,2.898772076265539965e+01,-2.051992720156907771e-02,5.488110580171069159e+02,1.370506468339194317e-02,nan,2.253854135457120478e+01,1.000000000000000000e+00
7.140000000000000000e+02,2.655765501893031910e+01,3.251736511811780872e+01,-9.334349637802693070e-03,2.519022238753212832e+02,3.426005989767644255e-02,nan,1.741758215494084538e+01,1.000000000000000000e+00
7.170000000000000000e+02,1.278144893073515362e+02,3.646271792399217304e+01,-1.650342456683624465e-03,4.793871813078941813e+01,2.959213125700216329e-01,nan,1.734332063129836143e+01,1.000000000000000000e+00
7.180000000000000000e+02,9.458782276779628262e+01,9.242433095804194920e+00,-1.755484249165552291e-02,4.701061507976683060e+02,1.667600424476045617e-02,nan,1.063136097392570534e+01,1.000000000000000000e+00
7.180000000000000000e+02,9.934372849852854515e+00,5.296266439307734686e+01,-1.623979173474852933e-02,4.351995771456005286e+02,1.470865032760426683e-02,nan,2.635040364995249362e+01,1.000000000000000000e+00
7.220000000000000000e+02,8.399767448219419919e+01,1.017763117475313805e+01,-2.098174589388548342e-03,5.982592875130891485e+01,2.634767189398086185e-01,nan,1.063136097392570534e+01,1.000000000000000000e+00
7.220000000000000000e+02,1.395974676449617107e+02,4.918876177176468900e+01,-1.295832142053330921e-03,3.852863236560912696e+01,3.509075582956091566e-01,nan,1.734332063129836143e+01,1.000000000000000000e+00
7.280000000000000000e+02,3.099439405952438875e+01,3.115744467499603942e+01,-1.285471971295251746e-03,3.825363304583726887e+01,3.640048083938339785e-01,nan,4.969361768797490697e+00,1.000000000000000000e+00
7.320000000000000000e+02,1.310661836741651882e+02,3.886982518715861801e+01,-1.556150042090810722e-03,4.543848424994408930e+01,3.445716907987852462e-01,nan,1.072993895491800309e+01,1.000000000000000000e+00
7.330000000000000000e+02,8.682173333996064457e+01,3.316675366987565354e+01,-1.436085343675071180e-03,4.225149909651953095e+01,3.233232949714129889e-01,nan,1.586976229903650015e+01,1.000000000000000000e+00
7.350000000000000000e+02,1.025815604590368650e+02,5.236683496192466691e+01,-1.396870346647894993e-02,3.749160409472285664e+02,3.008669093688709495e-02,nan,2.437659865756202038e+01,1.000000000000000000e+00
7.350000000000000000e+02,5.389830178040867992e+01,1.537369819853271480e+01,-1.600535077997179830e-03,4.661663613250669158e+01,2.180176209511565100e-01,nan,1.273963381591618393e+01,1.000000000000000000e+00
7.370000000000000000e+02,2.700369068592143051e+01,4.351007240088312500e+01,-2.710872068350440867e-02,7.237033226292978725e+02,1.208122069599737447e-02,nan,1.034506518276392306e+01,1.000000000000000000e+00
7.380000000000000000e+02,1.187854056599064307e+02,2.404925968394030988e+01,-1.687975184748186129e-03,4.893763744018818329e+01,3.511968535730930485e-01,nan,9.846782985750525796e+00,1.000000000000000000e+00
7.400000000000000000e+02,6.552182279618581617e+01,3.594683535550838371e+01,1.467493745671003946e-03,-4.308520052728667338e+01,3.485829241674640588e-01,nan,1.070846088663437179e+01,1.000000000000000000e+00
7.450000000000000000e+02,9.140540489619195341e+01,3.374646126336057250e+01,-1.632753985121022759e-03,4.747185152902320482e+01,3.742505585783096889e-01,nan,4.037653583434968496e+00,1.000000000000000000e+00
7.460000000000000000e+02,1.249585044290287925e+02,1.582003633639505402e+01,-7.086924812081033150e-03,1.922468076911936521e+02,3.427135067758757536e-02,nan,3.804165084381310180e+01,1.000000000000000000e+00
7.460000000000000000e+02,9.230895522075748261e+01,4.820669597137309381e+01,-1.505700095932902905e-03,4.409934600599841303e+01,3.370002434943853986e-01,nan,1.448843645808037017e+01,1.000000000000000000e+00
7.470000000000000000e+02,4.533530643202649912e+01,3.717812403250227504e+01,-1.559895703524248438e-02,4.181893260053925587e+02,1.890468665655831160e-02,nan,2.493869083971761214e+01,1.000000000000000000e+00
7.540000000000000000e+02,3.523854518748223086e+01,1.033562974592893369e+01,-1.397964280365854252e-03,4.123961746601267464e+01,3.429685131530114672e-01,nan,1.938655127641449383e+01,1.000000000000000000e+00
7.550000000000000000e+02,8.111773210212945173e+01,4.012872593353650075e+01,-1.640440203906270945e-03,4.767587373936298434e+01,3.046024598518831672e-01,nan,9.967843702577859233e+00,1.000000000000000000e+00
7.560000000000000000e+02,9.300224299143778239e+01,4.326698120186138397e+01,-4.324584934004024536e-03,1.189235386845064966e+02,8.624757176368191836e-02,nan,8.592646861683208570e+00,1.000000000000000000e+00
7.570000000000000000e+02,1.214617132482508026e+02,4.998834241416420809e+01,-1.206514301236596802e-02,3.243881256985870323e+02,2.143014467994952543e-02,nan,1.341491043356330870e+01,1.000000000000000000e+00
7.580000000000000000e+02,1.370582954308338230e+02,7.693451602506440778e+00,-1.904439026975446357e-03,5.468343167058520038e+01,3.231530194544828261e-01,nan,7.125586346079801459e+00,1.000000000000000000e+00
7.590000000000000000e+02,5.355056159630145629e+01,1.670025270696785924e+01,-2.236039881550368549e-02,5.976643495033245017e+02,1.854169449859277563e-02,nan,1.938655127641449383e+01,1.000000000000000000e+00
7.620000000000000000e+02,6.567381188500938549e+01,4.733682945627185035e+01,-1.343982399182845058e-03,3.980672789768618713e+01,3.350105902927740242e-01,nan,2.187107251987874079e+01,1.000000000000000000e+00
7.630000000000000000e+02,1.013958587831807279e+02,7.165790856589127067e+00,1.218131987441202057e-03,-3.646616735769981688e+01,3.358520949200036743e-01,nan,1.219166707360039403e+01,1.000000000000000000e+00
7.630000000000000000e+02,9.448384237589503698e+01,3.107358307502784456e+01,-1.990995888501692537e-03,5.698098820677861198e+01,2.756695566334431691e-01,nan,1.551061889361448642e+01,1.000000000000000000e+00
7.640000000000000000e+02,1.403955669913299005e+02,3.144220236155175030e+01,-1.707998802253041844e-03,4.946914230837899851e+01,3.193662618069385006e-01,nan,2.353874091629568355e+01,1.000000000000000000e+00
7.700000000000000000e+02,1.137508260766467494e+01,5.021235336950572048e+01,2.006903877202149446e-03,-5.740324824222759048e+01,3.019662433438914384e-01,nan,1.495049898754462525e+01,1.000000000000000000e+00
7.710000000000000000e+02,8.490144820900820832e+01,5.257797568150477474e+01,-1.489207606049419534e-02,3.994259492469685142e+02,1.460573892426231257e-02,nan,2.727868824610066412e+01,1.000000000000000000e+00
7.720000000000000000e+02,5.120066660055880448e+01,1.488290513726424535e+01,1.507652720112158656e-03,-4.415117626378124527e+01,3.671981955488409222e-01,nan,2.513975678327802754e+01,1.000000000000000000e+00
7.720000000000000000e+02,1.233385448363915771e+02,2.149124603484844798e+01,-1.452095044357588384e-03,4.267645896448405551e+01,3.410673443917471293e-01,nan,1.016193593188630118e+01,1.000000000000000000e+00
7.780000000000000000e+02,1.386682623791691924e+02,2.162030897508391902e+01,1.355756304370212256e-03,-4.011925324048127806e+01,3.709434466020711252e-01,nan,6.979445978427241570e+00,1.000000000000000000e+00
7.790000000000000000e+02,2.163218845364730214e+01,1.521376014471555926e+01,-1.711529515925309247e-03,4.956286121329429761e+01,3.456894039101798821e-01,nan,1.135734162333132069e+01,1.000000000000000000e+00
7.800000000000000000e+02,1.177709704029538926e+02,3.726149026790211849e+01,-1.814294095961700758e-03,5.229063378254564043e+01,2.960838840130197713e-01,nan,1.660508458592411785e+01,1.000000000000000000e+00
7.800000000000000000e+02,2.379352916323983536e+01,3.886883736812954027e+01,-1.483200510563747803e-03,4.350211929843267455e+01,3.224241487818695351e-01,nan,1.161062664956752322e+01,1.000000000000000000e+00
7.810000000000000000e+02,7.161721522549717633e+01,3.312396831241263584e+01,-1.359971438841226996e-02,3.651216323567667246e+02,1.660327539153660936e-02,nan,1.764443689179336872e+01,1.000000000000000000e+00
7.820000000000000000e+02,1.392949961988908001e+02,1.466905938346362070e+01,-1.264687028710867467e-03,3.770191964210351188e+01,3.163014196629687635e-01,nan,6.979445978427241570e+00,1.000000000000000000e+00
7.850000000000000000e+02,8.921548041865708001e+01,3.184834477088658033e+01,-2.280778550533862220e-03,6.467294973920606083e+01,2.241833428996258260e-01,nan,9.613768533909453851e+00,1.000000000000000000e+00
7.850000000000000000e+02,1.306552314823020708e+02,4.773644375442837173e+01,-1.925341360878494740e-03,5.523826109755193414e+01,3.388290444110892974e-01,nan,1.660508458592411785e+01,1.000000000000000000e+00
7.860000000000000000e+02,9.094134845326107097e+01,4.130593034812137887e+01,-2.877505752823104890e-03,8.051241595562296993e+01,1.472467119785091372e-01,nan,9.613768533909453851e+00,1.000000000000000000e+00
7.870000000000000000e+02,1.065117467188034936e+02,2.612291600182362217e+01,-1.728436057434157985e-02,4.629265062716438024e+02,1.457133024313472802e-02,nan,1.821925801220220720e+01,1.000000000000000000e+00
7.880000000000000000e+02,5.584875676374190334e+01,4.126172612105234805e+01,-1.949545974707519308e-02,5.216176980143749233e+02,1.332022044622060974e-02,nan,2.665951186166440934e+01,1.000000000000000000e+00
7.880000000000000000e+02,3.289224948702499063e+01,2.770708313953974766e+01,-1.470712505522207315e-03,4.317063896167730519e+01,2.875767003447747827e-01,nan,1.649421375008430957e+01,1.000000000000000000e+00
7.920000000000000000e+02,6.411519771533787093e+01,7.684808815588579201e+00,-1.408035381210057850e-03,4.150694374336674031e+01,3.325437738854380987e-01,nan,2.287475118949372899e+01,1.000000000000000000e+00
7.920000000000000000e+02,8.634237029729503377e+01,1.308916270788101777e+01,-1.592023124910503084e-03,4.639069571478329834e+01,3.726672325549481579e-01,nan,1.745528140867108746e+01,1.000000000000000000e+00
7.930000000000000000e+02,1.013863846305084024e+02,2.194153424312338174e+01,-1.829644249691413224e-03,5.269808670321999955e+01,2.917089356924088550e-01,nan,1.745528140867108746e+01,1.000000000000000000e+00
7.930000000000000000e+02,1.301770230877134971e+01,1.398465780145245851e+01,-1.245927103827690558e-03,3.720395810244243506e+01,3.382786043461714076e-01,nan,2.415165797000301140e+01,1.000000000000000000e+00
7.950000000000000000e+02,4.267952142530395321e+01,3.117750256303267875e+01,-1.585802166612994106e-03,4.622556722992604250e+01,3.303331528451105559e-01,nan,5.954278234772792722e+00,1.000000000000000000e+00
7.950000000000000000e+02,3.519079095196187978e+01,2.920889546846953166e+01,-1.530261616665694194e-03,4.475130451631666517e+01,3.441397191743584827e-01,nan,7.743158140909079279e+00,1.000000000000000000e+00
8.000000000000000000e+02,4.718343021800808401e+01,2.728286074585726340e+01,-1.422866179955996780e-03,4.190061095813017289e+01,3.607837420409834017e-01,nan,5.954278234772792722e+00,1.000000000000000000e+00
8.000000000000000000e+02,9.262774138568693161e+01,4.933578928407646202e+01,-1.696408475802683438e-03,4.916148986092326822e+01,3.181128151213722388e-01,nan,1.471495296130148489e+01,1.000000000000000000e+00
8.020000000000000000e+02,1.388578088127335377e+02,3.701823586857855730e+01,-1.609183245682942881e-03,4.684619221670570255e+01,3.067932392744877612e-01,nan,8.818376352089186909e+00,1.000000000000000000e+00
8.050000000000000000e+02,1.313198090417669164e+02,2.691780094055737749e+01,1.157196398498941620e-03,-3.484869927726770555e+01,3.324973421979243726e-01,nan,1.260318318054145692e+01,1.000000000000000000e+00
8.060000000000000000e+02,1.299033001600660953e+02,4.388434714892081701e+01,-1.563371474416061805e-03,4.563016921572265971e+01,3.474677693093264352e-01,nan,1.128391374146130666e+01,1.000000000000000000e+00
8.090000000000000000e+02,3.283146870475000156e+01,4.912810915049735883e+01,-1.655012101239358366e-02,4.434369259548496416e+02,1.634924347621269369e-02,nan,1.960000187472706301e+01,1.000000000000000000e+00
8.100000000000000000e+02,1.177452918636077328e+02,1.957510733344562226e+01,-2.283928217365329468e-03,6.475655417550224513e+01,2.689370034839181356e-01,nan,5.918061215067762504e+00,1.000000000000000000e+00
8.110000000000000000e+02,7.429139159196580522e+01,1.048743796820895646e+01,-1.561073279060989872e-03,4.556916615176690755e+01,3.185014710798047544e-01,nan,1.834440070313884874e+01,1.000000000000000000e+00
8.140000000000000000e+02,1.107236320364456539e+01,2.697294991536590913e+01,-1.628548935601534893e-03,4.736023312190724255e+01,2.835699834700188271e-01,nan,2.063952916438281093e+01,1.000000000000000000e+00
8.150000000000000000e+02,1.222512704470858864e+02,2.341172114650076708e+01,-1.985552121642755567e-03,5.683648941248635822e+01,3.350664477045289802e-01,nan,5.918061215067762504e+00,1.000000000000000000e+00
8.150000000000000000e+02,9.259227787787615682e+01,9.224663915775376921e+00,-1.597065911633037015e-03,4.652455093308363132e+01,2.910999621946971372e-01,nan,4.521065273013476826e+00,1.000000000000000000e+00
8.170000000000000000e+02,5.519765757767289927e+01,3.355741323496035022e+01,-1.978141475861407671e-03,5.663978198395757602e+01,2.151442280880219160e-01,nan,2.024311786740974028e+01,1.000000000000000000e+00
8.170000000000000000e+02,1.321536575814773471e+02,2.230129755108265144e+01,-1.662088193232199489e-03,4.825049576809898610e+01,3.175968736023088157e-01,nan,9.964452394418009007e+00,1.000000000000000000e+00
8.190000000000000000e+02,6.657255965919611640e+01,5.030242513790035019e+01,-1.651853728633842716e-03,4.797883317985617424e+01,2.527700458873356482e-01,nan,1.331540783623856505e+01,1.000000000000000000e+00
8.220000000000000000e+02,8.942651592857865239e+01,3.877919168032946118e+01,-2.057375106234480156e-03,5.874295141662912556e+01,2.063661178544619057e-01,nan,1.353846196163058124e+01,1.000000000000000000e+00
8.240000000000000000e+02,4.115520090599181202e+01,3.979046810748907603e+01,-1.888538731333324824e-02,5.054239973304585192e+02,1.575631903864560535e-02,nan,1.336930184960222867e+01,1.000000000000000000e+00
8.240000000000000000e+02,1.370150245752297735e+02,2.440908749001874156e+01,-1.654309304241752742e-03,4.804401372924981928e+01,2.879310583780652077e-01,nan,7.546533122250616010e+00,1.000000000000000000e+00
8.240000000000000000e+02,7.988393591280596695e+01,5.063006530667573912e+01,-1.638410180045987751e-03,4.762198899231254501e+01,3.278112621379694058e-01,nan,1.331540783623856505e+01,1.000000000000000000e+00
8.260000000000000000e+02,1.294739530755865360e+02,2.469614637334082374e+01,-1.824326024667253078e-03,5.255692027863213411e+01,2.849167528442746455e-01,nan,7.546533122250616010e+00,1.000000000000000000e+00
8.280000000000000000e+02,2.934227961562034181e+01,4.605090918885594675e+01,-1.981908593141806611e-03,5.673977596222310638e+01,2.584229886619879846e-01,nan,1.336930184960222867e+01,1.000000000000000000e+00
8.300000000000000000e+02,8.891645327014906286e+01,1.231793568086843926e+01,-8.737930078083655516e-03,2.360709236920243654e+02,1.509124232119085640e-02,nan,3.167403313769500883e+01,1.000000000000000000e+00
8.300000000000000000e+02,1.194785643873657364e+02,2.063669395760076952e+01,-1.845747530643379510e-03,5.312553055634688093e+01,3.189829220975373136e-01,nan,5.996697694951363289e+00,1.000000000000000000e+00
8.400000000000000000e+02,6.787414461651114550e+01,8.392334974480398557e+00,-1.827847266149816227e-02,4.893141164885749390e+02,1.248362979746386880e-02,nan,2.352874397617793178e+01,1.000000000000000000e+00
8.400000000000000000e+02,7.199946812659922557e+01,4.304747168909712940e+01,-1.492109520286895091e-03,4.373859914716449282e+01,3.351517407868860321e-01,nan,1.228263489469251901e+01,1.000000000000000000e+00
8.410000000000000000e+02,1.079714634642164270e+02,3.994630593552274433e+01,-1.585936449002438558e-03,4.622913160802529120e+01,3.376076624079357158e-01,nan,6.988300306089752389e+00,1.000000000000000000e+00
8.410000000000000000e+02,5.537629049983176088e+01,4.220104119804930320e+01,-1.373263335453193436e-03,4.058395809443265989e+01,3.587516057690495197e-01,nan,1.664471324436795285e+01,1.000000000000000000e+00
8.420000000000000000e+02,3.814773524660041204e+01,3.562177269269085400e+01,1.559741381802547382e-03,-4.553381240629007465e+01,3.075830447140164292e-01,nan,1.844206848971251134e+01,1.000000000000000000e+00
8.450000000000000000e+02,7.439235606691867986e+01,3.100018123599556930e+01,-1.245669883276747172e-02,3.347815436042866395e+02,1.424993479720082501e-02,nan,1.228263489469251901e+01,1.000000000000000000e+00
8.450000000000000000e+02,1.286303910111617483e+02,1.271660788436144252e+01,-1.728734745675867841e-03,5.001955508334778955e+01,3.514871964741230759e-01,nan,1.076190910385969168e+01,1.000000000000000000e+00
8.490000000000000000e+02,1.361112893839292326e+02,3.553194182128474665e+01,-1.486214478845731103e-03,4.358212176622144085e+01,3.246109748295041841e-01,nan,1.217451088299601203e+01,1.000000000000000000e+00
8.490000000000000000e+02,2.646068822844937429e+01,4.782213202049818790e+01,-1.831652609278360856e-03,5.275139639600060804e+01,3.322641285124617871e-01,nan,5.646631824135294409e+00,1.000000000000000000e+00
8.510000000000000000e+02,7.296545880712420740e+01,1.437778248472996445e+01,-1.435837608147313678e-03,4.224492322984633574e+01,3.098869922264689825e-01,nan,2.121195676354832571e+01,1.000000000000000000e+00
8.510000000000000000e+02,2.857554096947325561e+01,2.288523531043617254e+01,-1.553760217455516434e-03,4.537504898768574435e+01,3.034114175883450004e-01,nan,1.966381533318586250e+01,1.000000000000000000e+00
8.540000000000000000e+02,1.285390981454576433e+02,2.599880828145628087e+01,-1.869804028289379777e-02,5.004510767932223416e+02,9.738355971293688462e-03,nan,1.217451088299601203e+01,1.000000000000000000e+00
8.540000000000000000e+02,3.169136661476527905e+01,4.569505548772718129e+01,-1.911981609032933340e-03,5.488364120222008324e+01,3.204531255089928532e-01,nan,5.646631824135294409e+00,1.000000000000000000e+00
8.560000000000000000e+02,9.247110621749327208e+01,2.271305865537999580e+01,-2.139294410434240332e-03,6.091740910243030527e+01,3.022246823160426032e-01,nan,2.121195676354832571e+01,1.000000000000000000e+00
8.570000000000000000e+02,4.923814974440588799e+01,1.656364925480578520e+01,1.320544977896323698e-03,-3.918460736883548634e+01,3.440152846169919343e-01,nan,1.349507278154162293e+01,1.000000000000000000e+00
8.580000000000000000e+02,4.391178966479866119e+01,4.203614078592722336e+01,-1.282067657030068822e-03,3.816326927393853907e+01,3.357660248807756709e-01,nan,1.275642568734812343e+01,1.000000000000000000e+00
8.610000000000000000e+02,7.846163085535739867e+01,6.061478672203343798e+00,-1.476785256408045394e-03,4.333183344406043602e+01,3.429581722603602945e-01,nan,1.489570899498870737e+01,1.000000000000000000e+00
8.620000000000000000e+02,1.220518999460245766e+02,2.477538210061847934e+01,-1.418055418036550351e-03,4.177291458262396162e+01,3.653456144338351752e-01,nan,2.012102175382228353e+01,1.000000000000000000e+00
8.620000000000000000e+02,1.378812607434397535e+02,1.235415618837273755e+01,1.716685371482411151e-03,-4.969971771924902271e+01,3.595314152791729834e-01,nan,2.012102175382228353e+01,1.000000000000000000e+00
8.640000000000000000e+02,5.491237929086875624e+01,4.472626988921680180e+01,-2.452588452082755249e-03,6.923345430609944628e+01,2.041433564300324521e-01,nan,2.691422166819283746e+01,1.000000000000000000e+00
8.660000000000000000e+02,8.585729330213266053e+01,4.833396677001988451e+01,-1.456192254426616310e-03,4.278521489218596230e+01,3.265437068054484193e-01,nan,3.115450497036140121e+01,1.000000000000000000e+00
8.680000000000000000e+02,7.770180834631906919e+01,1.713198764730371337e+01,-1.816502874480761679e-03,5.234926337509311622e+01,2.498739103191519595e-01,nan,6.679858558134142754e+00,1.000000000000000000e+00
8.730000000000000000e+02,1.126476485613409295e+01,3.722607820770279119e+01,-2.278650750022362739e-02,6.089749351281304826e+02,9.433964075957868012e-03,nan,3.414784349846540579e+01,1.000000000000000000e+00
8.730000000000000000e+02,8.421699183642883213e+01,1.565791354913933908e+01,-2.048001381705632628e-03,5.849413622532046730e+01,2.088833945764216882e-01,nan,6.679858558134142754e+00,1.000000000000000000e+00
8.770000000000000000e+02,3.968327667565683470e+01,1.829294847278224623e+01,-1.537164222118288931e-02,4.121555046813852528e+02,1.813164820671608890e-02,nan,1.242513683643647227e+01,1.000000000000000000e+00
8.770000000000000000e+02,8.674419171518646010e+01,4.377439591707484823e+01,-1.634833625793487158e-03,4.752705329969398207e+01,3.161031141272282463e-01,nan,2.822983032137496195e+01,1.000000000000000000e+00
8.790000000000000000e+02,1.784656452698467888e+01,2.701084263379520323e+01,-1.590258360619798989e-03,4.634385199079131468e+01,2.976478669417298439e-01,nan,8.046267814754445524e+00,1.000000000000000000e+00
8.790000000000000000e+02,2.169575021853206920e+01,3.407668973508037880e+01,-1.489701757790420650e-03,4.367468774414187749e+01,3.529767612462472171e-01,nan,8.046267814754445524e+00,1.000000000000000000e+00
8.800000000000000000e+02,1.353000985098793478e+02,5.112878078677787386e+01,-1.756966309400256063e-03,5.076893084187457106e+01,2.388744979773664845e-01,nan,1.398296403784338082e+01,1.000000000000000000e+00
8.830000000000000000e+02,1.263765393615605745e+02,4.036340223281714401e+01,-1.964703932227203787e-03,5.628309719129342170e+01,3.196941964130312064e-01,nan,1.398296403784338082e+01,1.000000000000000000e+00
8.840000000000000000e+02,7.085607891165977890e+01,2.174129312204966880e+01,-1.459181646028845369e-03,4.286456499908489093e+01,3.480830769197473806e-01,nan,3.456914252443412039e+01,1.000000000000000000e+00
8.850000000000000000e+02,1.136557932837413603e+02,8.952173002094319543e+00,-1.584456060027161772e-03,4.618983631350696584e+01,3.061648398772295332e-01,nan,3.388927120139010896e+01,1.000000000000000000e+00
8.910000000000000000e+02,4.614552760503604389e+01,5.073733629018076385e+01,-2.573236879245421882e-02,6.871695779021321187e+02,1.274353025943253392e-02,nan,4.977703678497099560e+01,1.000000000000000000e+00
8.950000000000000000e+02,1.023621598046754428e+02,8.284068939766383366e+00,-2.254358228833630573e-02,6.025267529905579522e+02,1.360939748502321134e-02,nan,1.884038228645328061e+01,1.000000000000000000e+00
8.980000000000000000e+02,1.349949050608848040e+02,5.818860410596841781e+00,-1.577465278446233202e-03,4.600427371764629214e+01,3.212797136606859727e-01,nan,6.039668656362125354e+00,1.000000000000000000e+00
9.050000000000000000e+02,5.104134917798530324e+01,4.446415581750493828e+01,-1.621463491336394601e-03,4.717215780937674907e+01,3.118135972436988368e-01,nan,1.733054262826624736e+01,1.000000000000000000e+00
9.080000000000000000e+02,1.078935701043734241e+02,1.545798900767858974e+01,-1.417709429737382034e-03,4.176373070437117008e+01,3.143171991167491575e-01,nan,8.597834852236236003e+00,1.000000000000000000e+00
9.110000000000000000e+02,4.809908012024418866e+01,1.902189259423194301e+01,-5.086619979784166856e-02,1.354319433936343785e+03,9.517121598218825085e-03,nan,2.337363094753510850e+01,1.000000000000000000e+00
9.170000000000000000e+02,1.270736029647884209e+02,4.006683575239821948e+01,-1.538357169122282764e-03,4.496619203803083309e+01,3.032276736108576731e-01,nan,8.946945532814382318e+00,1.000000000000000000e+00
9.200000000000000000e+02,1.346622142512412381e+02,3.532755172310981351e+01,1.292906896434626533e-03,-3.845098494317817739e+01,3.741776021840641508e-01,nan,8.946945532814382318e+00,1.000000000000000000e+00
9.220000000000000000e+02,9.298097870890377692e+01,8.643040710537833959e+00,1.516834182589039482e-03,-4.439488807072073229e+01,3.440987624898627084e-01,nan,3.693181655315580514e+00,1.000000000000000000e+00
9.230000000000000000e+02,1.067359433892399494e+02,2.989856352541259454e+01,-1.619626330387572430e-03,4.712339239584883899e+01,2.895456202890044350e-01,nan,1.217594286368590595e+01,1.000000000000000000e+00
9.240000000000000000e+02,6.332267270663953695e+01,4.089276710761623690e+01,1.363085244673133524e-03,-4.031379188709384920e+01,3.617467362913995288e-01,nan,2.116206483711293274e+01,1.000000000000000000e+00
9.260000000000000000e+02,1.210243012753691403e+02,1.832561579595963508e+01,-1.665601046073982797e-03,4.834374057694498816e+01,2.949806164680394138e-01,nan,1.838723171743807328e+01,1.000000000000000000e+00
9.270000000000000000e+02,1.019334435185180894e+02,9.102898320091151518e+00,-1.460337223402056756e-03,4.289523852744628840e+01,3.395518563546573443e-01,nan,8.964267688352837382e+00,1.000000000000000000e+00
9.280000000000000000e+02,8.093680677916631794e+01,2.916351866429205586e+01,-1.618812490328991023e-03,4.710178990803863996e+01,3.218778155257228102e-01,nan,6.943309160960606796e+00,1.000000000000000000e+00
9.280000000000000000e+02,1.322887490917293292e+02,3.458117732690698176e+01,-1.542252765249772003e-03,4.506959634575713380e+01,2.967910859442520755e-01,nan,1.977703378401111678e+01,1.000000000000000000e+00
9.310000000000000000e+02,2.676067914414381121e+01,3.122583507793668645e+01,-1.778456974987978898e-03,5.133937688529132970e+01,3.610345700044584882e-01,nan,9.205532232807021487e+00,1.000000000000000000e+00
9.320000000000000000e+02,7.556475188548959920e+01,2.476459057622292903e+01,-2.250226894500023233e-03,6.386198968619171978e+01,2.172810293231968171e-01,nan,6.943309160960606796e+00,1.000000000000000000e+00
9.330000000000000000e+02,5.057501578547958587e+01,3.775524653991189439e+01,-1.922826672595509979e-03,5.517151146731830380e+01,2.113658036480612346e-01,nan,1.699248555408352956e+01,1.000000000000000000e+00
9.330000000000000000e+02,1.170327480128127817e+01,2.997842182116003329e+01,1.275977349948700847e-03,-3.800160878168537693e+01,3.300373683629841404e-01,nan,1.510898624586168637e+01,1.000000000000000000e+00
9.340000000000000000e+02,1.308436533240814867e+02,3.893693769172922003e+01,-1.262174123158283853e-02,3.391624122663545222e+02,1.403568965923718270e-02,nan,2.652182073234866166e+01,1.000000000000000000e+00
9.340000000000000000e+02,5.587922846500945440e+01,2.161183013705429090e+01,-1.290321108354060839e-03,3.838234804714292636e+01,3.651446931454688238e-01,nan,8.413187450436405257e+00,1.000000000000000000e+00
9.350000000000000000e+02,9.479378808395898659e+01,3.604902919566077912e+01,-1.621787027259434478e-03,4.718074571403926143e+01,3.303209316085580216e-01,nan,1.173496379626129027e+01,1.000000000000000000e+00
9.390000000000000000e+02,1.329121191792894763e+02,1.023977535383696846e+01,-1.750198284544910972e-03,5.058928107790060835e+01,3.032227429053858669e-01,nan,7.871419601843905767e+00,1.000000000000000000e+00
9.400000000000000000e+02,1.361937386371854757e+02,1.739450947061942543e+01,-1.925435440502820715e-03,5.524075833753939690e+01,3.175917625913282638e-01,nan,7.871419601843905767e+00,1.000000000000000000e+00
9.440000000000000000e+02,3.409883401572522388e+01,4.674466326457642396e+01,1.425888876480652752e-03,-4.198084510750545206e+01,3.106683462823242037e-01,nan,7.578029450523406041e+00,1.000000000000000000e+00
9.480000000000000000e+02,2.806296891697233775e+01,4.216264811153983771e+01,-1.391648883786907476e-03,4.107198222101002472e+01,3.537463484080243248e-01,nan,7.578029450523406041e+00,1.000000000000000000e+00
9.480000000000000000e+02,1.387463057067998307e+02,4.593077487312852725e+01,-1.730661632878802408e-03,5.007070218144661311e+01,2.337726816260761176e-01,nan,1.001401599481562954e+01,1.000000000000000000e+00
9.510000000000000000e+02,1.367824196028310553e+02,2.462180468179635895e+01,-1.747113303654588027e-03,5.050739365865257469e+01,2.778676445626465652e-01,nan,2.139927707293974279e+01,1.000000000000000000e+00
9.520000000000000000e+02,1.300711076345409651e+02,5.093291988816950777e+01,-1.765192034520176277e-03,5.098727365353569496e+01,3.331868679683176460e-01,nan,1.001401599481562954e+01,1.000000000000000000e+00
9.550000000000000000e+02,6.266029616025255677e+01,2.984240038532797001e+01,-1.754859721979845806e-03,5.071301379946472565e+01,3.562396517882551183e-01,nan,2.086864606245593379e+01,1.000000000000000000e+00
9.580000000000000000e+02,1.367163422944677791e+02,1.102216356322722923e+01,-1.464066968545062186e-02,3.927526439764567954e+02,1.391350430106130798e-02,nan,2.741803228797085623e+01,1.000000000000000000e+00
9.580000000000000000e+02,4.209440083123823939e+01,3.338419905211927841e+01,-1.624952123529515430e-03,4.726475970778603397e+01,3.328588360929056744e-01,nan,2.086864606245593379e+01,1.000000000000000000e+00
9.610000000000000000e+02,1.067183701226519617e+02,2.285076953102700159e+01,-2.046751447092006251e-02,5.474198198210931423e+02,1.501315398522917732e-02,nan,1.576912862177373142e+01,1.000000000000000000e+00
9.610000000000000000e+02,1.384601832188523929e+02,4.176629700679764312e+01,-1.380268916134537796e-02,3.705093741026180965e+02,1.227976661273988412e-02,nan,1.283326034222744916e+01,1.000000000000000000e+00
9.630000000000000000e+02,6.941061479001453449e+01,1.296041545092099412e+01,-1.407185433002992869e-03,4.148438280453261484e+01,3.659951338047239267e-01,nan,5.376393236084862970e+00,1.000000000000000000e+00
9.630000000000000000e+02,1.267315512452786948e+02,3.655748111066035477e+01,-1.748277519445492600e-03,5.053829648429536547e+01,2.590961207572377578e-01,nan,9.033487091706021488e+00,1.000000000000000000e+00
9.640000000000000000e+02,2.702234583326657358e+01,1.800984657735232020e+01,-1.628390272484231968e-03,4.735602158424536157e+01,3.109011065615806535e-01,nan,6.601339726699271715e+00,1.000000000000000000e+00
9.640000000000000000e+02,7.772437814956739999e+01,3.980207718163861585e+01,-1.791416765392798722e-03,5.168338024478538273e+01,3.744217631715908157e-01,nan,2.107401423725992728e+01,1.000000000000000000e+00
9.640000000000000000e+02,1.168569519669104153e+02,4.019554609605755502e+01,-1.443596145978003238e-03,4.245086506957904504e+01,3.221237913731388458e-01,nan,6.624966870710896849e+00,1.000000000000000000e+00
9.650000000000000000e+02,8.674453968814215443e+01,1.042021004009038876e+01,-1.499168847022297945e-03,4.392598119863976791e+01,3.413712684299509137e-01,nan,1.429661817670491430e+01,1.000000000000000000e+00
9.680000000000000000e+02,5.516207823176506508e+01,5.181091761984741595e+01,-1.713590028002212823e-03,4.961755523646841937e+01,2.944976056231896067e-01,nan,9.361349964964027492e+00,1.000000000000000000e+00
9.700000000000000000e+02,7.135285105083654855e+01,4.424735539806783891e+01,-1.307725640781217833e-03,3.884433218719032510e+01,3.475952796893490016e-01,nan,1.260362503302696524e+01,1.000000000000000000e+00
9.710000000000000000e+02,1.009872451770852422e+02,4.921921352099742109e+01,-1.434416480621028642e-03,4.220720096520772557e+01,3.395395809726985403e-01,nan,3.784914632167961202e+00,1.000000000000000000e+00
9.730000000000000000e+02,5.879425390717529609e+01,4.318292984577806237e+01,-2.175523264151691793e-03,6.187906411382515870e+01,2.035335597229258608e-01,nan,9.361349964964027492e+00,1.000000000000000000e+00
9.750000000000000000e+02,7.851465760465258903e+00,2.108685478976813599e+01,-1.636911894350704180e-03,4.758221864907707044e+01,3.589540451828037160e-01,nan,2.054197841243846412e+01,1.000000000000000000e+00
9.760000000000000000e+02,4.798785403553709017e+01,1.692403005271867045e+01,-1.575614460135826064e-03,4.595514578450036680e+01,3.109958435654253117e-01,nan,1.045392726467417432e+01,1.000000000000000000e+00
9.760000000000000000e+02,1.326855070971873261e+02,2.909014611211224377e+01,-1.830077669050367891e-03,5.270959134263875967e+01,3.600514317439809098e-01,nan,3.462921708965640999e+00,1.000000000000000000e+00
9.790000000000000000e+02,4.090665650371133211e+01,9.233696069700581432e+00,-1.394993742830716484e-02,3.744179171370558947e+02,1.506082654564178114e-02,nan,1.045392726467417432e+01,1.000000000000000000e+00
9.790000000000000000e+02,1.017531746831217845e+02,2.474216487210542681e+01,-1.384999129103253951e-03,4.089547180845448082e+01,3.219647459433442327e-01,nan,2.809376132626975320e+01,1.000000000000000000e+00
9.800000000000000000e+02,7.380625697485372427e+01,2.187350384913612800e+01,-9.985831925421488273e-03,2.691951035123552742e+02,2.879990770666540634e-02,nan,1.687191102116154795e+01,1.000000000000000000e+00
9.800000000000000000e+02,7.510992681720610165e+01,4.304154974708994530e+01,-1.781204565018180454e-03,5.141230863583493260e+01,3.104795629950851676e-01,nan,1.724096188989086897e+01,1.000000000000000000e+00
9.830000000000000000e+02,1.338591874289361101e+02,3.134270630010742664e+01,-1.358006159438504643e-03,4.017897316477723280e+01,3.019864010358693784e-01,nan,2.848267739494473716e+01,1.000000000000000000e+00
9.830000000000000000e+02,1.278545389527114118e+01,1.433360612968584213e+01,-1.446440064732955116e-03,4.252635376000321799e+01,2.453825265386260224e-01,nan,2.342288960641455731e+01,1.000000000000000000e+00
9.840000000000000000e+02,2.596397725809562473e+01,3.376078303152802818e+01,-1.267138425584395274e-02,3.404801316574734642e+02,2.295770495752003093e-02,nan,1.436926171903597194e+01,1.000000000000000000e+00
9.880000000000000000e+02,3.686023057728278474e+01,2.439342769748334305e+01,-1.752661345977805192e-03,5.065466033027190207e+01,3.131850313992308177e-01,nan,8.991314429410856235e+00,1.000000000000000000e+00
9.890000000000000000e+02,5.030436758459503110e+00,2.041925341952497419e+01,-1.571568302558631544e-03,4.584774498895358619e+01,3.642268518926763399e-01,nan,2.359165581361743946e+01,1.000000000000000000e+00
9.890000000000000000e+02,7.996921032831627940e+01,3.203209746069464359e+01,1.535098056396125114e-03,-4.487968248102819047e+01,3.152258427299832189e-01,nan,8.809842105285719427e+00,1.000000000000000000e+00
9.900000000000000000e+02,2.798802164619338129e+01,2.585207222293472995e+01,-1.650238955200970456e-03,4.793597079795196692e+01,3.121646912076558866e-01,nan,8.991314429410856235e+00,1.000000000000000000e+00
9.930000000000000000e+02,1.095143190084207561e+02,1.887067794612010019e+01,-1.886434127518374316e-03,5.420551144910678687e+01,3.145216502811075676e-01,nan,7.235182353845845071e+00,1.000000000000000000e+00
9.960000000000000000e+02,6.066059224598349431e+01,4.991439932917090516e+01,1.418974075768853578e-03,-4.179729934011355397e+01,3.513292525524148724e-01,nan,1.332402346527765147e+01,1.000000000000000000e+00
1.000000000000000000e+03,1.167285370357857062e+02,4.925256862119127987e+01,1.340962046433850701e-03,-3.972655596125388655e+01,3.488921487586218451e-01,nan,2.046863585372288696e+01,1.000000000000000000e+00
1.000000000000000000e+03,1.107962648201936275e+02,2.966243845132195744e+01,-1.644105133902961724e-03,4.777315526875433704e+01,3.410045797789945654e-01,nan,1.675441850039103286e+01,1.000000000000000000e+00
1.001000000000000000e+03,2.218627206229471227e+01,1.350637657783073386e+01,1.376928974632483579e-03,-4.068125844829485516e+01,3.182058498166151495e-01,nan,4.642901626514967006e+01,1.000000000000000000e+00
1.004000000000000000e+03,6.265859839594821068e+01,4.601585891525207472e+01,-2.406980438967094849e-02,6.430386373492688108e+02,1.158545755902673502e-02,nan,8.500302341696643893e+00,1.000000000000000000e+00
1.008000000000000000e+03,1.356399676027902785e+02,5.887538109444144574e+00,-1.739014585393410060e-03,5.029242210414310676e+01,2.795640910630294851e-01,nan,2.102421481794098312e+01,1.000000000000000000e+00
1.009000000000000000e+03,9.129037574531739097e+01,4.563709828059168672e+01,-1.517239390355829692e-02,4.068666775865499403e+02,1.405101743371361955e-02,nan,1.323481138761003884e+01,1.000000000000000000e+00
1.010000000000000000e+03,1.219336051342767320e+02,3.381172212549852674e+01,2.132462223129459686e-03,-6.073605621691889667e+01,2.199478607549869569e-01,nan,1.821607868130238472e+01,1.000000000000000000e+00
1.013000000000000000e+03,1.173137093263271424e+02,1.619122028113866918e+01,-1.458543037063393449e-03,4.284761382760322590e+01,3.676092202703158396e-01,nan,1.821607868130238472e+01,1.000000000000000000e+00
1.017000000000000000e+03,9.239391791516669628e+01,2.240495270803311811e+01,-2.969936700858827848e-03,8.296589364718221304e+01,1.671254847788284925e-01,nan,1.610480717487617142e+01,1.000000000000000000e+00
1.017000000000000000e+03,1.432315030854398152e+01,4.907799793625333962e+01,-1.627652860416668517e-03,4.733644779326191099e+01,3.147286859533043879e-01,nan,3.928909540992020943e+00,1.000000000000000000e+00
1.017000000000000000e+03,9.039222668090705781e+01,4.806766342247760804e+01,-1.542989258925494579e-03,4.508914575904088906e+01,3.138287422344240296e-01,nan,6.387780537295737915e+00,1.000000000000000000e+00
1.018000000000000000e+03,1.041696114923538943e+02,4.229907343108816775e+01,-1.789685744912535362e-03,5.163743221306859255e+01,3.411831367905360235e-01,nan,1.377855487069623308e+01,1.000000000000000000e+00
1.022000000000000000e+03,4.940886906136709911e+01,3.325858001436520084e+01,1.400338302917187748e-03,-4.130263327936021511e+01,3.364166687123368860e-01,nan,7.031356430417150527e+00,1.000000000000000000e+00
1.023000000000000000e+03,2.831798913200841739e+01,3.573700906136001265e+01,-1.641199526152759686e-03,4.769602911190925454e+01,3.236635984886975237e-01,nan,1.098333016092198200e+01,1.000000000000000000e+00
1.025000000000000000e+03,3.821265867824608620e+01,3.096950908814812564e+01,-1.357100428432961390e-03,4.015493153300910478e+01,3.665343467468031857e-01,nan,1.098333016092198200e+01,1.000000000000000000e+00
1.026000000000000000e+03,9.248610953559648351e+01,3.836823536264794399e+01,-1.529503454955459790e-03,4.473117994892679405e+01,3.542637652167023310e-01,nan,3.035906374198509994e+01,1.000000000000000000e+00
1.026000000000000000e+03,1.260402233662608040e+01,4.842437392934925811e+01,2.266300850329327089e-03,-6.428865513624275252e+01,2.839485957928408189e-01,nan,7.103660631288533089e+00,1.000000000000000000e+00
1.032000000000000000e+03,7.857468103786288793e+01,5.020162516641253347e+01,-1.860851483192023457e-03,5.352644833789062773e+01,2.534455406367513985e-01,nan,3.266349770517146567e+01,1.000000000000000000e+00
1.032000000000000000e+03,1.250784848056848801e+02,1.493046603269941741e+01,-1.554778517509022330e-03,4.540207864082340450e+01,3.086506412137112187e-01,nan,3.289007721448837884e+01,1.000000000000000000e+00
1.034000000000000000e+03,7.575720766039350451e+01,1.565973040236225522e+01,-1.356187350973289945e-03,4.013069489770916221e+01,3.015465682753609711e-01,nan,9.737144665926191323e+00,1.000000000000000000e+00
1.035000000000000000e+03,1.226575377269392391e+02,4.789821542641181651e+01,-1.485837350190549137e-03,4.357211130152320067e+01,3.191243173697873026e-01,nan,1.238170367375167302e+01,1.000000000000000000e+00
1.036000000000000000e+03,1.107422987277595610e+02,4.453166445293415876e+01,1.417980290386165526e-03,-4.177092040190683520e+01,3.505998770446648871e-01,nan,7.915821087475674034e+00,1.000000000000000000e+00
1.038000000000000000e+03,3.937299020488394774e+01,4.201851176603575055e+01,-1.929391550384148548e-03,5.534576891619801131e+01,2.331294819833107379e-01,nan,2.370320216096987309e+01,1.000000000000000000e+00
1.039000000000000000e+03,1.371893966623026131e+02,1.355382656473396707e+01,-1.198371560756001687e-03,3.594164859987971994e+01,3.724877291303919646e-01,nan,1.565174514963202235e+01,1.000000000000000000e+00
1.039000000000000000e+03,8.446635804811033665e+01,2.001434700653151921e+01,-1.788481289077562203e-03,5.160546125978536480e+01,2.582478682901311329e-01,nan,5.086105488254275997e+00,1.000000000000000000e+00
1.041000000000000000e+03,1.139311297658240960e+02,3.728655713146535788e+01,-2.006402128108816102e-03,5.738992986528334939e+01,2.444710813148184281e-01,nan,7.915821087475674034e+00,1.000000000000000000e+00
1.042000000000000000e+03,2.433539432527062374e+01,2.369605279227234007e+01,-1.085366313170772756e-02,2.922307268604934052e+02,5.394005709709293050e-02,nan,2.370320216096987309e+01,1.000000000000000000e+00
1.042000000000000000e+03,6.668379092347568360e+01,4.076966044229246933e+01,-1.693709970222981656e-03,4.908986100304562683e+01,3.210896006215413490e-01,nan,9.390791335190780131e+00,1.000000000000000000e+00
1.042000000000000000e+03,1.215459646696135536e+02,1.304376605936037414e+01,-1.566254362301716836e-03,4.570669229879206341e+01,2.767714615886767149e-01,nan,7.014930239011510693e+00,1.000000000000000000e+00
1.046000000000000000e+03,1.317792285174097344e+02,3.589761084260222646e+01,1.304518164776900194e-03,-3.875919327008472948e+01,3.537537858151229564e-01,nan,1.790206135727669334e+01,1.000000000000000000e+00
1.049000000000000000e+03,9.883228851482883215e+01,1.035436489812010841e+01,-1.702281995850123218e-03,4.931739598017836812e+01,3.426823286877208607e-01,nan,1.558400428183135844e+01,1.000000000000000000e+00
1.050000000000000000e+03,9.716897857059304044e+01,2.584935084472698108e+01,-2.789867695080615675e-02,7.446718415109086209e+02,1.112812847180955078e-02,nan,1.558400428183135844e+01,1.000000000000000000e+00
1.050000000000000000e+03,2.832310980681415558e+01,4.052828429825699885e+01,-1.648785017818826110e-03,4.789737763183366326e+01,3.577040854116234625e-01,nan,1.389665659226577255e+01,1.000000000000000000e+00
1.056000000000000000e+03,8.949332610892975026e+01,4.849759043450595186e+01,-1.345426508599576994e-03,3.984506019128933474e+01,3.489110709143309341e-01,nan,1.344796050888432859e+01,1.000000000000000000e+00
1.059000000000000000e+03,6.485423656179571594e+01,3.831763758479977611e+01,-1.443193114340728675e-03,4.244016703875647778e+01,3.608349842397047258e-01,nan,1.560457370665356791e+01,1.000000000000000000e+00
1.061000000000000000e+03,2.196913698008028248e+01,4.915846552850268125e+01,-1.628942048142240778e-02,4.365169175538948139e+02,1.288431892164176862e-02,nan,1.222047775846355400e+01,1.000000000000000000e+00
1.062000000000000000e+03,3.267680197981019319e+01,4.326898449035836336e+01,-2.856935760867508611e-02,7.624743207368682079e+02,9.663484899334329192e-03,nan,1.222047775846355400e+01,1.000000000000000000e+00
1.062000000000000000e+03,1.066818723966701299e+02,2.975105666835679941e+01,-1.762226768881716742e-03,5.090856394376731942e+01,2.207520494048847981e-01,nan,1.650667791945928897e+01,1.000000000000000000e+00
1.064000000000000000e+03,1.229974895765468119e+02,2.345911804244112986e+01,-1.806434267147376954e-02,4.836302717938780802e+02,1.222141995836401041e-02,nan,1.748679089005689136e+01,1.000000000000000000e+00
1.065000000000000000e+03,7.270374985545471702e+01,1.817813776968982253e+01,-1.932965568246460680e-02,5.172166117728413610e+02,1.205888042055236475e-02,nan,1.701947444740745041e+01,1.000000000000000000e+00
1.065000000000000000e+03,9.247376147801307411e+01,2.134867604975215372e+01,-1.696282407844810353e-03,4.915814352586087921e+01,2.428553360460221633e-01,nan,1.650667791945928897e+01,1.000000000000000000e+00
1.069000000000000000e+03,1.428290356796915894e+01,2.522457810961541469e+01,-9.666143050727283789e-03,2.607093145101828213e+02,2.781277043877428135e-02,nan,2.640358896596116622e+01,1.000000000000000000e+00
1.070000000000000000e+03,5.657333101207285608e+01,1.194167664542491991e+01,-1.756941148638997696e-02,4.704928687133561880e+02,1.506732302112923083e-02,nan,1.729404115345502646e+01,1.000000000000000000e+00
1.072000000000000000e+03,2.972398506248456229e+01,4.664238641399521157e+01,-1.604841867230537462e-03,4.673095510824852283e+01,3.634208787916899386e-01,nan,2.640358896596116622e+01,1.000000000000000000e+00
1.072000000000000000e+03,1.386463216310590383e+02,2.839373819752814754e+01,-1.422123801241696002e-03,4.188090533298044704e+01,3.498810889241890099e-01,nan,9.401983428721461422e+00,1.000000000000000000e+00
1.073000000000000000e+03,7.301431369588297571e+01,2.014303475667822241e+01,-1.661642249076245807e-03,4.823865867174148292e+01,2.712091549770104804e-01,nan,1.509479843127943433e+01,1.000000000000000000e+00
1.077000000000000000e+03,5.854066895267665416e+01,9.008773847391463363e+00,-1.176900042456338179e-03,3.537171080013140312e+01,3.627836454157143953e-01,nan,1.826083673188649925e+01,1.000000000000000000e+00
1.079000000000000000e+03,3.487359434982071349e+01,4.665162638751604618e+01,-1.221658015297435486e-02,3.284078577694147043e+02,2.117990843224781816e-02,nan,1.037607080623486411e+01,1.000000000000000000e+00
1.080000000000000000e+03,1.107303977461275508e+02,4.023313327806895501e+01,-1.359802285613475811e-03,4.022664935543811993e+01,3.360025420694118248e-01,nan,1.039709942750507743e+01,1.000000000000000000e+00
1.081000000000000000e+03,1.047460394513354061e+02,3.106944072886904351e+01,1.637230568105174817e-03,-4.759067749283119042e+01,3.114361883561369559e-01,nan,1.094467017943937392e+01,1.000000000000000000e+00
1.083000000000000000e+03,3.193395556676496838e+01,3.670067823162889198e+01,-1.595064820426485633e-03,4.647143417145362321e+01,3.145725140675764697e-01,nan,1.037607080623486411e+01,1.000000000000000000e+00
1.085000000000000000e+03,1.026940138706397505e+02,4.682981507357994388e+01,-1.707668785933856917e-03,4.946038238873976667e+01,3.251080229449420100e-01,nan,1.039709942750507743e+01,1.000000000000000000e+00
1.086000000000000000e+03,1.618882457695740840e+01,1.185192399613068837e+01,-1.441638316049086719e-03,4.239889663090624339e+01,3.509590877714721113e-01,nan,2.941716738474981696e+01,1.000000000000000000e+00
1.086000000000000000e+03,6.132089711273370369e+01,3.841929789935576878e+01,-1.858208936439016907e-03,5.345630484542208194e+01,3.263368081017350431e-01,nan,1.712723453423568998e+01,1.000000000000000000e+00
1.089000000000000000e+03,9.808322923301186336e+01,1.701577236910482327e+01,-1.222837203771208296e-02,3.287208603595674390e+02,2.245164563866897112e-02,nan,3.016846826338472454e+01,1.000000000000000000e+00
1.091000000000000000e+03,4.538373671791958941e+01,3.214641328853404190e+01,-1.245537003079406208e-03,3.719360330782314605e+01,3.647614981151593438e-01,nan,7.173499501705208559e+00,1.000000000000000000e+00
1.092000000000000000e+03,4.791016408417899441e+01,3.886029888958358924e+01,-1.293294943626766089e-03,3.846128522841185315e+01,3.660443876367794891e-01,nan,7.173499501705208559e+00,1.000000000000000000e+00
1.095000000000000000e+03,1.437013679932408365e+02,2.403696705096843900e+01,-1.132617679031236099e-02,3.047730813962865568e+02,3.981225753450412519e-02,nan,1.866112439353792851e+01,1.000000000000000000e+00
1.097000000000000000e+03,1.251049051463011494e+02,2.248482877958659643e+01,-1.416103356205557391e-03,4.172109925175627154e+01,3.434168727613399197e-01,nan,1.866112439353792851e+01,1.000000000000000000e+00
1.098000000000000000e+03,5.624583533731460250e+01,1.495854593729094262e+01,-1.282720425806196073e-03,3.818059630199580567e+01,3.395063757341543198e-01,nan,1.757325059295921932e+01,1.000000000000000000e+00
1.098000000000000000e+03,9.309255508264774903e+01,2.949256423115252801e+01,-1.747460827268303065e-03,5.051661829013867333e+01,3.469516448665864727e-01,nan,1.885725003922129872e+01,1.000000000000000000e+00
1.099000000000000000e+03,7.190494692103222008e+01,2.293421900052656426e+01,-9.525079934592431755e-03,2.569649494907422422e+02,2.619389566132568348e-02,nan,1.757325059295921932e+01,1.000000000000000000e+00
1.102000000000000000e+03,1.098892991452748902e+02,3.806375247644918147e+01,-1.534800554919932628e-02,4.115280952622807149e+02,1.625093333839722209e-02,nan,8.511511281488424174e+00,1.000000000000000000e+00
1.105000000000000000e+03,1.014391360412089398e+02,3.704367022016430866e+01,-1.848481671360740130e-03,5.319810530969719764e+01,3.132215921622594212e-01,nan,8.511511281488424174e+00,1.000000000000000000e+00
1.106000000000000000e+03,4.844916443446762599e+01,2.389561736618783527e+01,1.230729192992518085e-03,-3.680054630168938701e+01,3.742891358025317583e-01,nan,3.411304645730484975e+00,1.000000000000000000e+00
1.107000000000000000e+03,8.141681028250447127e+01,4.743857384904646324e+01,-2.213122562957697478e-02,5.915811997453296271e+02,1.371500439354889078e-02,nan,2.255986591807291575e+01,1.000000000000000000e+00
1.109000000000000000e+03,7.088643025799188990e+01,5.820174161567705617e+00,-1.853132868843135198e-03,5.332156622300170312e+01,2.520382435322028325e-01,nan,2.579841262162742410e+01,1.000000000000000000e+00
1.109000000000000000e+03,9.189668044097881250e+01,2.079106194566531940e+01,-2.555212483219237041e-03,7.195749615963457302e+01,1.939442580406317562e-01,nan,1.884690252022003776e+01,1.000000000000000000e+00
1.114000000000000000e+03,8.568864006574054315e+01,4.702581685209953122e+01,-1.116689172712718395e-03,3.377347959245994957e+01,3.569693774264802721e-01,nan,1.416830963271474531e+01,1.000000000000000000e+00
1.115000000000000000e+03,2.754466319343833547e+01,3.199312461389926199e+01,-1.410897363579298328e-03,4.158291191253291430e+01,3.305237659971119735e-01,nan,2.484125761640889252e+01,1.000000000000000000e+00
1.115000000000000000e+03,7.577072440655342689e+01,3.690771689085540430e+01,-1.830232949593559814e-03,5.271371309359718538e+01,2.750140263128747486e-01,nan,1.416830963271474531e+01,1.000000000000000000e+00
1.119000000000000000e+03,1.154382481514556105e+02,5.156268743610987570e+01,-1.004608557871715380e-02,2.707944703622844145e+02,2.982087529935550929e-02,nan,1.987250083814938506e+01,1.000000000000000000e+00
1.120000000000000000e+03,1.176043715116768169e+02,7.139457263649991781e+00,-1.492301598272482033e-03,4.374369764569438956e+01,3.641755528871277736e-01,nan,3.803749368886985849e+01,1.000000000000000000e+00
1.124000000000000000e+03,3.301473823424624499e+01,2.284280169606730126e+01,-1.489258480077154711e-03,4.366292142556811484e+01,3.398076182805500611e-01,nan,2.460720751942937312e+01,1.000000000000000000e+00
1.126000000000000000e+03,1.352392030373841294e+02,1.297980777889935844e+01,-1.954958211150832192e-03,5.602440776143065193e+01,1.997942499332979738e-01,nan,3.893732138199546888e+00,1.000000000000000000e+00
1.127000000000000000e+03,1.021725905125865381e+02,5.083952765833010545e+01,-1.059298829782468962e-02,2.853114005604345493e+02,2.604959826259867217e-02,nan,2.514100022181640881e+01,1.000000000000000000e+00
1.131000000000000000e+03,7.931081530328633278e+01,4.037964589834833617e+01,-1.174823325103706122e-02,3.159761051991615091e+02,2.341222255238228911e-02,nan,2.514100022181640881e+01,1.000000000000000000e+00
1.131000000000000000e+03,1.861077697621707472e+01,2.259902730644445157e+01,1.587225027641211636e-03,-4.626333550846378273e+01,2.934682519082495444e-01,nan,1.213849399559062370e+01,1.000000000000000000e+00
1.136000000000000000e+03,1.042952253264605673e+02,1.149672358503442737e+01,-3.101739549743395136e-02,8.274547896793742439e+02,7.399099609482817641e-03,nan,3.548184041505955832e+01,1.000000000000000000e+00
1.139000000000000000e+03,2.550341880984263554e+01,9.320784521605808948e+00,-1.909527777686694829e-03,5.481850695233097781e+01,2.737691249573703800e-01,nan,5.737812237650949498e+01,1.000000000000000000e+00
1.145000000000000000e+03,1.306352992668636048e+01,2.675027363026442728e+01,-1.359778272180259956e-03,4.022601194530714963e+01,3.594943821685427920e-01,nan,4.957846029880898620e+00,1.000000000000000000e+00
1.146000000000000000e+03,1.792183397801416334e+01,3.635907032208579182e+01,-1.521385871270837693e-03,4.451570763253457841e+01,2.898799464132545411e-01,nan,1.076717660855924485e+01,1.000000000000000000e+00
1.147000000000000000e+03,1.074786498623333131e+02,4.009485843595294341e+01,-1.534622824348012620e-03,4.486706796983754941e+01,2.904668806531278680e-01,nan,2.930278345354834002e+01,1.000000000000000000e+00
1.149000000000000000e+03,1.383176113513877397e+02,1.019725658477397623e+01,-1.594262693443874957e-03,4.645014259434167059e+01,3.153553636898960288e-01,nan,4.295239390505495436e+01,1.000000000000000000e+00
1.150000000000000000e+03,9.191007230065169153e+01,1.527002186385342242e+01,-1.487231662129845627e-03,4.360912177594585870e+01,3.356119497021559095e-01,nan,2.930278345354834002e+01,1.000000000000000000e+00
1.152000000000000000e+03,2.708427921383410109e+01,2.165970436231061669e+01,-1.525386124721883315e-03,4.462188995362177479e+01,3.713016440967688014e-01,nan,1.425198438828527259e+01,1.000000000000000000e+00
1.153000000000000000e+03,5.635677250662435256e+01,2.537747404966066256e+01,-1.530046273089077794e-03,4.474558845830279807e+01,3.548353871404454907e-01,nan,1.033735586509542870e+01,1.000000000000000000e+00
1.154000000000000000e+03,3.681837545052215432e+01,5.107931603690716749e+00,-1.942482428822006483e-03,5.569325186311947107e+01,3.100691182641597266e-01,nan,1.221785864551504730e+01,1.000000000000000000e+00
1.154000000000000000e+03,5.831473213659787547e+01,4.986792138904269933e+01,1.426386685888903806e-03,-4.199405890984922962e+01,3.737597378580218566e-01,nan,2.456859004492627818e+01,1.000000000000000000e+00
1.155000000000000000e+03,8.846759054537538702e+01,4.904129541229259814e+01,-1.390926411838429039e-03,4.105280499902931268e+01,3.267249670482639257e-01,nan,1.097181104950691655e+01,1.000000000000000000e+00
1.157000000000000000e+03,8.244268776085498018e+01,1.381858876071653874e+01,-1.865600015446523211e-03,5.365249289549445422e+01,3.013723879099891034e-01,nan,4.217477949304141660e+00,1.000000000000000000e+00
1.157000000000000000e+03,6.667881525614998850e+01,2.593993272244303583e+01,-1.565565219790385643e-03,4.568839977000394725e+01,3.319217049297644717e-01,nan,1.033735586509542870e+01,1.000000000000000000e+00
1.159000000000000000e+03,8.657662553654067494e+01,1.465386040492905551e+01,1.733804733057481501e-03,-5.015413231317852194e+01,3.347643449057092768e-01,nan,4.217477949304141660e+00,1.000000000000000000e+00
1.159000000000000000e+03,3.757471286062229154e+01,1.730235752719649511e+01,1.397422855329562763e-03,-4.122524593487053579e+01,3.671948865306996490e-01,nan,1.221785864551504730e+01,1.000000000000000000e+00
1.160000000000000000e+03,9.933005609295416605e+01,4.749614819155726764e+01,-1.846961320991944659e-03,5.315774928401030053e+01,2.221678170217761261e-01,nan,1.097181104950691655e+01,1.000000000000000000e+00
1.161000000000000000e+03,1.880540245168115732e+01,9.622211435027894666e+00,-1.594870752148888279e-03,4.646628284281485577e+01,3.653860159549637832e-01,nan,2.027983375731267301e+01,1.000000000000000000e+00
1.161000000000000000e+03,1.165567684669528603e+02,1.200409858543695485e+01,-1.493279406547399178e-03,4.376965248917607454e+01,3.396889902701277775e-01,nan,2.179044360407925396e+01,1.000000000000000000e+00
1.162000000000000000e+03,1.203754027138664107e+01,5.069047301824794971e+01,-1.594495923697465114e-03,4.645633343449143382e+01,3.215107953048599310e-01,nan,1.888624600393568542e+01,1.000000000000000000e+00
1.162000000000000000e+03,1.160679841753698298e+02,4.326101039120324288e+01,-1.343183904096495766e-03,3.978553272525952167e+01,3.639762662668940552e-01,nan,1.726541713020876756e+01,1.000000000000000000e+00
1.164000000000000000e+03,8.648054697682775327e+01,4.912937550176393842e+01,-1.408264943713123923e-03,4.151303722711931954e+01,2.999767277099347762e-01,nan,1.295288832547477575e+01,1.000000000000000000e+00
1.167000000000000000e+03,5.740327175647038871e+01,4.567617607571465754e+01,1.579917601660516674e-03,-4.606936793583403755e+01,3.448289014877576886e-01,nan,2.928160720514629745e+01,1.000000000000000000e+00
1.168000000000000000e+03,1.321129686702062145e+02,4.166802472507745847e+01,-2.450511846544813424e-02,6.545935699388196554e+02,9.606196687895085518e-03,nan,1.513031904526359206e+01,1.000000000000000000e+00
1.168000000000000000e+03,1.912094149893776063e+01,5.203212974346116937e+01,-1.800268503378050881e-03,5.191833987832663411e+01,2.874489841122408462e-01,nan,1.917438512310268806e+01,1.000000000000000000e+00
1.170000000000000000e+03,8.678919299314804903e+01,4.063378221718375016e+01,-1.458450821367133620e-03,4.284516606353293611e+01,2.970312295709416350e-01,nan,2.981540042918715017e+01,1.000000000000000000e+00
1.171000000000000000e+03,1.172027558148726740e+02,3.909662296336993137e+01,-1.770233424925607034e-03,5.112109180813673248e+01,2.451737105398617000e-01,nan,1.513031904526359206e+01,1.000000000000000000e+00
1.171000000000000000e+03,1.251932662255672568e+02,2.085250378582757591e+01,-1.653968752281711552e-03,4.803497415263036885e+01,2.879918939919628995e-01,nan,1.991723226725508766e+01,1.000000000000000000e+00
1.177000000000000000e+03,1.247418730584508921e+02,2.715583213489402326e+01,-1.681044286475796672e-03,4.875366438078386011e+01,3.007315942981884094e-01,nan,2.953043156672790204e+01,1.000000000000000000e+00
1.178000000000000000e+03,9.714100144364915934e+01,1.665639050114835484e+01,-1.497349679158245517e-03,4.387769339172547944e+01,3.724095640771104554e-01,nan,2.893857130225525864e+01,1.000000000000000000e+00
1.179000000000000000e+03,1.997405414647476718e+01,3.158314604006339366e+01,-1.772602094212215665e-02,4.746498941912039982e+02,1.484532554370709967e-02,nan,8.783260836423869122e+00,1.000000000000000000e+00
1.183000000000000000e+03,7.080284397456102852e+01,2.864565111843534595e+01,-1.361301861207263666e-02,3.654747783175937457e+02,1.540383119841770565e-02,nan,2.893857130225525864e+01,1.000000000000000000e+00
1.189000000000000000e+03,1.922607402689588341e+01,1.188423429406010712e+01,-1.730667907237868133e-03,5.007086872739603933e+01,2.830700144818540931e-01,nan,1.442065811731187708e+01,1.000000000000000000e+00
1.189000000000000000e+03,1.301191274680281253e+02,2.494970949552107697e+01,1.789048433158565120e-03,-5.162051547463667589e+01,2.802078718963990633e-01,nan,3.494941944123313604e+00,1.000000000000000000e+00
1.193000000000000000e+03,1.285330936059765463e+02,2.806404983999503955e+01,-2.036632926159561395e-03,5.819237309660096713e+01,2.988433424612524369e-01,nan,3.494941944123313604e+00,1.000000000000000000e+00
1.193000000000000000e+03,4.704074543134043296e+01,2.297034974533196561e+01,-1.416993507137780627e-03,4.174472732764148475e+01,3.046760186174907181e-01,nan,8.118963264608527908e+00,1.000000000000000000e+00
1.198000000000000000e+03,1.402644990336975752e+02,1.190195403695928889e+01,-1.846058319441247790e-03,5.313378010261424578e+01,2.888901834092120202e-01,nan,1.997095926729781112e+01,1.000000000000000000e+00
1.198000000000000000e+03,1.017996878351115981e+02,3.902663034088438110e+01,-1.251797194190675281e-03,3.735977318450189699e+01,3.548879579819465002e-01,nan,2.294892549951227423e+01,1.000000000000000000e+00
1.199000000000000000e+03,5.681275201424199395e+01,5.354507746638365973e+01,-1.613541975755140336e-03,4.696188990479532777e+01,3.482193192932676595e-01,nan,1.954253462340603775e+01,1.000000000000000000e+00
1.201000000000000000e+03,1.153121171809718675e+02,1.984555652424590377e+01,-1.848090313379833734e-03,5.318771714322294031e+01,2.864677658984898789e-01,nan,2.346272233962205789e+01,1.000000000000000000e+00
1.202000000000000000e+03,5.022225046957991879e+00,2.754402480743744874e+01,-1.807328851217794574e-03,5.210574903389176882e+01,2.870214901291883169e-01,nan,5.249205973736926722e+01,1.000000000000000000e+00
1.207000000000000000e+03,1.168415966427051984e+02,3.483144337708246496e+01,-1.393141273512603492e-03,4.111159606222793172e+01,3.493427403298107192e-01,nan,1.553432981043809491e+01,1.000000000000000000e+00
1.208000000000000000e+03,1.102927305477795450e+01,2.345771952694146023e+01,-1.235034310526684099e-03,3.691482090401775906e+01,3.482892400423133195e-01,nan,1.159113501827214421e+01,1.000000000000000000e+00
1.209000000000000000e+03,3.235596722074577514e+01,2.558693641588871515e+01,-1.622406463618681141e-02,4.347821186396115536e+02,2.021576050551110448e-02,nan,2.143271911374998950e+01,1.000000000000000000e+00
1.211000000000000000e+03,1.115640172499045235e+02,1.307852609415714440e+01,-1.595118119226932984e-03,4.647284892939631362e+01,3.724396263906235571e-01,nan,1.741298303171277695e+01,1.000000000000000000e+00
1.212000000000000000e+03,5.122708468297978435e+00,1.348440985574627504e+01,-1.260159988180781839e-03,3.758175433832390411e+01,3.701370545226934095e-01,nan,7.749787396946038243e+00,1.000000000000000000e+00
1.215000000000000000e+03,9.415196139522127794e+01,1.289883475850623107e+01,-1.794602334994048086e-03,5.176793768055412670e+01,3.006177244620454880e-01,nan,1.067111308671644032e+01,1.000000000000000000e+00
1.217000000000000000e+03,1.254437976280856759e+01,1.571555303674142756e+01,-2.190168515982676006e-03,6.226780619013384666e+01,2.568481579283321548e-01,nan,7.749787396946038243e+00,1.000000000000000000e+00
1.217000000000000000e+03,8.646750827511829129e+01,5.494657913344417111e+00,-1.682847126951759770e-03,4.880151879516794367e+01,3.669189861037249756e-01,nan,1.067111308671644032e+01,1.000000000000000000e+00
1.218000000000000000e+03,1.277253020652364057e+02,2.188666315614717206e+01,-1.726218239831990488e-03,4.995275720796252727e+01,2.697458087684472261e-01,nan,7.575623603100955172e+00,1.000000000000000000e+00
1.219000000000000000e+03,5.844707011039941946e+00,2.482886439576330062e+01,-1.600389927085777092e-03,4.661278326146506856e+01,2.946585375203600865e-01,nan,1.131097073231418548e+01,1.000000000000000000e+00
1.219000000000000000e+03,1.267155486076030542e+02,2.939469025590232576e+01,-1.977820239529355477e-03,5.663125511940454970e+01,2.800904567470278161e-01,nan,7.575623603100955172e+00,1.000000000000000000e+00
1.220000000000000000e+03,9.670220023529454068e+01,3.616612100432281807e+01,-2.017628636597138328e-03,5.768792516572703022e+01,2.229747663899673826e-01,nan,2.340662998780866388e+01,1.000000000000000000e+00
1.225000000000000000e+03,1.358171001121174584e+02,3.549214544728729948e+01,1.511634576903660024e-03,-4.425687026580702366e+01,3.277823341234916699e-01,nan,1.338942576300531861e+01,1.000000000000000000e+00
1.226000000000000000e+03,7.529615781435066424e+01,3.622107611845390096e+01,-1.181208528739320553e-03,3.548607482218601916e+01,3.636968783770969660e-01,nan,1.334729456557491467e+01,1.000000000000000000e+00
1.226000000000000000e+03,1.016698935420284613e+02,3.580675254110167316e+01,-1.595569956754122349e-03,4.648484245880099053e+01,3.426526322148787385e-01,nan,2.464832047617399269e+01,1.000000000000000000e+00
1.229000000000000000e+03,9.291959570032499016e+01,1.276392307122845438e+01,1.370789517390897782e-03,-4.051829331918364829e+01,3.431523167283436759e-01,nan,2.464832047617399269e+01,1.000000000000000000e+00
1.232000000000000000e+03,5.893941758345974335e+01,2.953416865819945158e+01,-1.793544691240389361e-03,5.173986369223783299e+01,2.806017192131328164e-01,nan,2.043724787363521855e+01,1.000000000000000000e+00
1.232000000000000000e+03,1.291448562403233211e+02,3.918406689452601199e+01,-1.356963567729228739e-03,4.015129871639740600e+01,3.572746470428338483e-01,nan,1.794703187231413111e+01,1.000000000000000000e+00
1.232000000000000000e+03,9.035039748510999402e+01,4.119341616602644507e+01,-1.538624830857898045e-03,4.497329682394044426e+01,3.093317345663305629e-01,nan,1.360623650042545130e+01,1.000000000000000000e+00
1.233000000000000000e+03,3.203676761625405334e+01,5.448498201998866364e+00,-1.309679336119589678e-02,3.517721477186285597e+02,2.256925471242110515e-02,nan,2.626762345565096268e+01,1.000000000000000000e+00
1.234000000000000000e+03,7.687112136454942402e+01,3.933901950641031675e+01,-1.439924066744680074e-03,4.235339377157706053e+01,3.738026294898395552e-01,nan,1.360623650042545130e+01,1.000000000000000000e+00
1.238000000000000000e+03,1.239377807762034536e+02,4.865411616905103642e+01,-1.102354004282348442e-02,2.967399223257656899e+02,3.431045532436871603e-02,nan,1.842809614316252009e+01,1.000000000000000000e+00
1.238000000000000000e+03,1.079290725134129048e+02,3.586901622743393858e+01,1.304674465597053558e-03,-3.876334210317114071e+01,3.712964697580320994e-01,nan,2.048749669335606782e+01,1.000000000000000000e+00
1.240000000000000000e+03,6.791690764214666842e+01,5.362171734960889324e+01,-1.528830626699010081e-03,4.471332046406234895e+01,3.212711518985484904e-01,nan,1.472229393638237127e+01,1.000000000000000000e+00
1.244000000000000000e+03,4.043344782976070206e+01,6.668876226458992029e+00,-1.323940184211722061e-03,3.927472938024070714e+01,3.343449325827619889e-01,nan,8.751482937317609512e+00,1.000000000000000000e+00
1.244000000000000000e+03,5.465036109414816323e+00,7.389575484930405835e+00,-1.608719787755156019e-03,4.683389023656847172e+01,3.261858030632772687e-01,nan,6.041658952067542998e+00,1.000000000000000000e+00
1.247000000000000000e+03,1.238241708608041876e+02,2.659127984994271543e+01,-1.936765724699259167e-03,5.554150824983332058e+01,2.305545318517037146e-01,nan,2.527500489202426337e+01,1.000000000000000000e+00
1.247000000000000000e+03,1.302385728279295734e+02,5.103880159951864925e+01,-1.509484916989761207e-03,4.419980991150716676e+01,3.573056884632738184e-01,nan,2.527500489202426337e+01,1.000000000000000000e+00
1.249000000000000000e+03,4.597459706011752445e+01,1.344265794785194323e+01,-1.905180042342072798e-03,5.470310110717280594e+01,3.246282071768499256e-01,nan,8.751482937317609512e+00,1.000000000000000000e+00
1.249000000000000000e+03,3.102978121492148134e+01,2.784773363443508742e+01,-1.357826219151518675e-03,4.017419684808552915e+01,3.448998913238362496e-01,nan,2.075701631215362042e+01,1.000000000000000000e+00
1.250000000000000000e+03,6.042288228256937543e+01,3.272086226139916221e+01,-1.797380013804099905e-03,5.184166810461236707e+01,2.434162566290580809e-01,nan,1.660507293995533473e+01,1.000000000000000000e+00
1.251000000000000000e+03,1.020274592883567237e+02,5.022442899546974360e+01,-1.463299908936204104e-02,3.925490364533897036e+02,1.504641213254487297e-02,nan,2.822286537332621847e+01,1.000000000000000000e+00
1.255000000000000000e+03,3.063297184001184448e+01,2.276853655879582305e+01,-1.235903315721497558e-02,3.321891158374903625e+02,1.947231624860623622e-02,nan,1.492487314582416502e+01,1.000000000000000000e+00
1.255000000000000000e+03,5.078227327556065518e+01,4.624074041599875073e+01,-1.599306601617015745e-03,4.658402758031294866e+01,3.409466374994029048e-01,nan,1.660507293995533473e+01,1.000000000000000000e+00
1.256000000000000000e+03,6.425678012934324101e+01,2.304115764471606198e+01,1.372914111576978161e-03,-4.057468833135154540e+01,3.493929852409425330e-01,nan,1.118221102726420568e+01,1.000000000000000000e+00
1.256000000000000000e+03,1.593948259105907006e+01,2.538640059458006704e+01,-1.645472919822457605e-03,4.780946163920305736e+01,2.826013392481794284e-01,nan,1.492487314582416502e+01,1.000000000000000000e+00
1.257000000000000000e+03,7.319372809203859731e+01,2.976222932788865805e+01,-1.558262033705664707e-03,4.549454474074206445e+01,3.483444315362969057e-01,nan,1.118221102726420568e+01,1.000000000000000000e+00
1.257000000000000000e+03,1.357481309057802434e+02,1.774687112293843327e+01,1.295412515849869673e-03,-3.851749385030808526e+01,3.670571846616114131e-01,nan,2.947055305095231859e+01,1.000000000000000000e+00
1.263000000000000000e+03,2.539593432812042195e+01,4.315601682855685794e+01,-1.695504372428780762e-03,4.913749143284400134e+01,2.645725391375890467e-01,nan,2.196771576457215147e+01,1.000000000000000000e+00
1.263000000000000000e+03,1.264901390108410340e+02,2.637752388606314469e+01,-1.889618595373368905e-03,5.429003964023489459e+01,2.886857233781731091e-01,nan,8.071392547288905917e+01,1.000000000000000000e+00
1.274000000000000000e+03,1.263929963042292144e+02,3.867653077207795320e+01,-3.617562102750365716e-02,9.643742039557076851e+02,8.006896890370485131e-03,nan,3.322881403712715098e+01,1.000000000000000000e+00
1.275000000000000000e+03,2.258390341392364320e+01,4.380936378649367668e+01,-1.599267042971298314e-03,4.658297753964108523e+01,2.887865575858301614e-01,nan,1.508547862194185818e+01,1.000000000000000000e+00
1.276000000000000000e+03,7.191171762496934150e+01,3.724957402267686035e+01,-3.624266619962761282e-02,9.661538441912412054e+02,1.071087638467671521e-02,nan,1.637169554780631486e+01,1.000000000000000000e+00
1.282000000000000000e+03,8.466013060736199236e+01,2.162677442396204697e+01,-1.711006775434550280e-03,4.954898564282999729e+01,2.513531458550060105e-01,nan,8.773952948383740846e+00,1.000000000000000000e+00
1.282000000000000000e+03,1.123270790577011411e+02,1.718011757869701128e+01,-1.840386804436740806e-03,5.298323598469040263e+01,2.006818242059372759e-01,nan,2.802200552518085530e+01,1.000000000000000000e+00
1.283000000000000000e+03,4.528837008971965616e+01,3.603699822630252925e+01,-1.556314594602048853e-03,4.544285211508009326e+01,3.610026579092020516e-01,nan,6.593046586573345635e+00,1.000000000000000000e+00
1.284000000000000000e+03,3.948066461462118326e+01,3.915770654449531918e+01,-1.865316829913243272e-03,5.364497604747720061e+01,2.669145693212043868e-01,nan,6.593046586573345635e+00,1.000000000000000000e+00
1.286000000000000000e+03,7.704624774018661526e+01,2.862991047242899967e+01,-1.740829762770596412e-03,5.034060398797954861e+01,2.906991652116761582e-01,nan,1.034481158979727766e+01,1.000000000000000000e+00
1.286000000000000000e+03,2.821533457816413559e+01,4.094680193554503234e+01,-2.381017981509475287e-03,6.733369500840107946e+01,2.188006011648407911e-01,nan,1.140651231308574332e+01,1.000000000000000000e+00
1.289000000000000000e+03,1.423641094936435536e+02,1.758678394279193924e+01,-1.604375165596103135e-03,4.671856702749167312e+01,3.710860798366103497e-01,nan,2.633885237486174802e+01,1.000000000000000000e+00
1.293000000000000000e+03,7.627143823049388516e+01,3.489650105665639046e+01,-1.807649865287842611e-03,5.211426999874474575e+01,3.282043264944931593e-01,nan,1.611063117853661453e+01,1.000000000000000000e+00
1.294000000000000000e+03,1.103308864052234668e+02,4.943851265766809888e+01,-2.278649827593192973e-03,6.461644513379593491e+01,2.459906174040800142e-01,nan,1.885175782504519759e+01,1.000000000000000000e+00
1.294000000000000000e+03,5.996243092631913640e+01,3.306830026933914723e+01,1.384974004701377496e-03,-4.089480490888428932e+01,3.445892159873428229e-01,nan,1.059036161350772431e+01,1.000000000000000000e+00
1.299000000000000000e+03,1.353164928118650607e+02,2.990251280546878832e+01,-2.230422075566770856e-03,6.333629258505060022e+01,2.456398682679075129e-01,nan,1.308060269343125803e+01,1.000000000000000000e+00
1.300000000000000000e+03,9.714806784524947147e+01,2.999719645829402026e+01,-1.579307349930378791e-03,4.605316947592480403e+01,3.307897720478745196e-01,nan,1.495214949491085044e+01,1.000000000000000000e+00
1.300000000000000000e+03,1.294329326802069318e+02,4.158523025478528012e+01,-1.220463409111546696e-03,3.652805237759161372e+01,3.437387895066406074e-01,nan,1.308060269343125803e+01,1.000000000000000000e+00
1.305000000000000000e+03,2.036718139704269959e+01,4.603557422418103329e+01,-1.186917962389641076e-03,3.563762544879092076e+01,3.711650938676956946e-01,nan,1.709343765489257194e+01,1.000000000000000000e+00
1.307000000000000000e+03,8.161524367922409340e+01,5.090632539814041024e+01,1.321221440785256846e-03,-3.920256333101520596e+01,3.549585753585271508e-01,nan,2.350277049684840591e+01,1.000000000000000000e+00
1.308000000000000000e+03,1.072981276761162377e+02,1.841575690226851236e+01,-1.892816399319282791e-02,5.065594571735609293e+02,1.580197754053813686e-02,nan,2.570854517600986355e+01,1.000000000000000000e+00
1.310000000000000000e+03,6.307384225855638249e+01,1.154150490099531545e+01,-1.552854386324048052e-03,4.535100469818523550e+01,3.310190760573225033e-01,nan,2.176673186494197054e+01,1.000000000000000000e+00
1.314000000000000000e+03,1.228719980985092946e+02,4.386358235424665963e+01,-1.535459135452965120e-03,4.488926692681904740e+01,3.452654605707725644e-01,nan,1.699111970340280209e+01,1.000000000000000000e+00
1.314000000000000000e+03,7.410174833435829100e+01,5.039269642582709707e+01,1.620923195347478453e-03,-4.715781624755340573e+01,3.281790269043529662e-01,nan,2.291357453247925946e+01,1.000000000000000000e+00
1.315000000000000000e+03,1.368866304808317125e+02,5.415998742144093825e+00,-1.376192052259777275e-03,4.066169765572193029e+01,3.335688515911696683e-01,nan,2.880884535923571121e+01,1.000000000000000000e+00
1.315000000000000000e+03,8.870915037391185365e+01,3.125160923760378040e+01,-1.742850064690210001e-03,5.039423067682483293e+01,2.569119183235155646e-01,nan,8.467774940210338386e+00,1.000000000000000000e+00
1.318000000000000000e+03,8.998287443108722528e+01,2.288017928423100500e+01,-1.773181008112560946e-03,5.119933215670928917e+01,3.577324719705711198e-01,nan,8.467774940210338386e+00,1.000000000000000000e+00
1.322000000000000000e+03,7.574277885642907826e+00,1.134056612880124781e+01,-2.384721508320638856e-03,6.743200104771347014e+01,2.101733355338033515e-01,nan,8.547179780528713522e+00,1.000000000000000000e+00
1.323000000000000000e+03,1.588136291285863066e+01,9.328944755061352012e+00,2.767628322250845208e-03,-7.759584060457603982e+01,1.319470926913904885e-01,nan,8.547179780528713522e+00,1.000000000000000000e+00
1.324000000000000000e+03,8.721396485782487673e+01,1.650618991463491270e+01,-1.616283125484720097e-03,4.703465070465370701e+01,2.812884887315973970e-01,nan,6.309919956749768133e+00,1.000000000000000000e+00
1.328000000000000000e+03,1.273639226637367585e+02,2.144583444162914176e+01,-1.484808479753624462e-02,3.982582496335323867e+02,1.479437830486218797e-02,nan,1.583988223634713499e+01,1.000000000000000000e+00
1.329000000000000000e+03,6.437073606796035463e+00,1.300819809952426809e+01,-1.747547921397850932e-03,5.051893010786263005e+01,2.729110401396035446e-01,nan,2.276633673199442498e+01,1.000000000000000000e+00
1.330000000000000000e+03,2.249851998418314381e+01,2.914313003185286988e+01,-3.375856908939711687e-02,9.002162229384349530e+02,1.154860702198423628e-02,nan,2.276633673199442498e+01,1.000000000000000000e+00
1.334000000000000000e+03,1.379865901162245336e+02,2.081113387280729654e+01,-1.743222134799137131e-03,5.040410686798535522e+01,3.122769478494897832e-01,nan,2.220419471968410363e+01,1.000000000000000000e+00
1.336000000000000000e+03,6.432992413060729575e+01,2.712666600048221710e+01,-1.511900211878945861e-03,4.426392125359641483e+01,3.282280766928916682e-01,nan,1.416112508843914242e+01,1.000000000000000000e+00
1.336000000000000000e+03,5.541665325763167260e+01,1.329097262748709518e+01,-1.823413828992347715e-03,5.253270704933741797e+01,3.662954469565355975e-01,nan,1.645821402116817822e+01,1.000000000000000000e+00
1.337000000000000000e+03,7.581916390930355476e+01,3.540524275485515915e+01,-1.614256635835040112e-03,4.698085976933035113e+01,3.615864812109073068e-01,nan,1.416112508843914242e+01,1.000000000000000000e+00
1.338000000000000000e+03,1.101750950278491672e+02,3.202478290102975933e+01,-1.979001824415438718e-02,5.294364288269563303e+02,8.913798316575349823e-03,nan,1.166392357596908091e+01,1.000000000000000000e+00
1.338000000000000000e+03,2.416792254662532713e+01,2.841492445010881696e+01,-1.877927476717177174e-03,5.397971177471032433e+01,2.603241577281335539e-01,nan,2.318966196234132582e+01,1.000000000000000000e+00
1.342000000000000000e+03,2.741349470437825531e+01,5.453507174677426406e+00,-1.344578337923290658e-02,3.610357032920252323e+02,1.768080245541681084e-02,nan,2.318966196234132582e+01,1.000000000000000000e+00
1.343000000000000000e+03,3.434466736007878751e+01,5.100297224573429133e+01,-1.989754116007154666e-03,5.694802672387611864e+01,2.298049090133527095e-01,nan,2.477470561309685237e+01,1.000000000000000000e+00
1.344000000000000000e+03,6.970086753464397589e+01,8.369755002728835436e+00,-2.148297725190536495e-03,6.115639217437847464e+01,1.603946152430661964e-01,nan,3.606346135396517383e+01,1.000000000000000000e+00
1.344000000000000000e+03,1.338186738201061416e+02,3.124995129653896697e+01,-1.873562741879753000e-03,5.386385469674274873e+01,3.204721540709096761e-01,nan,2.127718725416532664e+01,1.000000000000000000e+00
1.345000000000000000e+03,6.179798533168688834e+01,5.245324703881092177e+01,-2.542908206575855007e-02,6.791191658495989714e+02,1.329274299892890809e-02,nan,2.741440448352276249e+01,1.000000000000000000e+00
1.345000000000000000e+03,1.066474658410226084e+02,3.099485037526105558e+01,-1.458018658644535124e-03,4.283369478014191145e+01,3.504702838942272969e-01,nan,1.794625014588616096e+01,1.000000000000000000e+00
1.347000000000000000e+03,8.639052582335210673e+01,4.033893627211850941e+01,-1.464786314190098674e-03,4.301333474119456213e+01,3.460995411927118015e-01,nan,1.854741496934880729e+01,1.000000000000000000e+00
1.350000000000000000e+03,9.091902853129164441e+01,2.235285094847433029e+01,-1.476999023111956293e-02,3.961853153987642600e+02,2.239796658650239358e-02,nan,1.794625014588616096e+01,1.000000000000000000e+00
1.356000000000000000e+03,3.933707442419114386e+01,5.281569627564955027e+01,-2.853726807627825560e-02,7.616225394499580261e+02,1.102621930150460283e-02,nan,3.195600486099428039e+01,1.000000000000000000e+00
1.359000000000000000e+03,4.358114432106009417e+01,2.114277223339571776e+01,-1.584384395810895657e-03,4.618793406583311878e+01,3.555815450996863136e-01,nan,9.851221540312618430e+00,1.000000000000000000e+00
1.359000000000000000e+03,1.279560581396817440e+02,3.384129807594112549e+01,1.384962206641843826e-03,-4.089449174239098284e+01,3.221766834275427982e-01,nan,1.674922766463583201e+01,1.000000000000000000e+00
1.367000000000000000e+03,1.234942058619311638e+02,2.662602984846536458e+01,1.277239789058367582e-03,-3.803511883711964714e+01,3.570095773144312812e-01,nan,1.060846347194682515e+01,1.000000000000000000e+00
1.368000000000000000e+03,5.896971375466544174e+01,1.639797497713502139e+01,-8.239605169556052031e-03,2.228434379612899647e+02,3.064359065381416780e-02,nan,2.447362667576959439e+01,1.000000000000000000e+00
1.372000000000000000e+03,4.635197711258090436e+01,3.736821876913558782e+01,-1.729557191700050638e-03,5.004138600703434747e+01,2.967220472593048441e-01,nan,3.532944931144501144e+00,1.000000000000000000e+00
1.373000000000000000e+03,1.983123195998803467e+01,2.019180491574923408e+01,1.538275367624709076e-03,-4.496402070739214452e+01,3.680969361266778206e-01,nan,1.464577950069836021e+01,1.000000000000000000e+00
1.373000000000000000e+03,8.286536256869632666e+01,2.984676197520843033e+01,-1.757801994132897339e-03,5.079111317249309820e+01,2.771391131499449934e-01,nan,5.989392945900386067e+00,1.000000000000000000e+00
1.373000000000000000e+03,5.469316624305997721e+01,4.520569775654942646e+01,-1.742925557510287054e-03,5.039623455056916157e+01,3.552506321460339178e-01,nan,8.789624447828366272e+00,1.000000000000000000e+00
1.375000000000000000e+03,2.773491228549434950e+01,3.509604986732229293e+01,-1.177588522218097136e-03,3.538998573696222394e+01,3.700843462961069807e-01,nan,9.982671445402292676e+00,1.000000000000000000e+00
1.376000000000000000e+03,2.397979110655688473e+01,6.145869055490714494e+00,-1.476277310692115279e-03,4.331835058459570575e+01,3.308247625583023988e-01,nan,1.464577950069836021e+01,1.000000000000000000e+00
1.381000000000000000e+03,1.327436085069236640e+02,9.424562726480845143e+00,-1.777467151025488145e-03,5.131310309861975583e+01,2.458160689344032201e-01,nan,2.857104564649977974e+01,1.000000000000000000e+00
1.382000000000000000e+03,7.304300383818427633e+01,3.263467700543110794e+01,-1.803260968865987328e-03,5.199777157813540640e+01,2.760151637260694901e-01,nan,5.537570561189173013e+00,1.000000000000000000e+00
1.389000000000000000e+03,4.030192943113527093e+01,8.679428342717692146e+00,-7.390255213573033478e-03,2.002983790430822921e+02,3.555549960999482284e-02,nan,2.877406049648030262e+01,1.000000000000000000e+00
1.390000000000000000e+03,1.173607249289275956e+01,1.412441066624324471e+01,-1.776013271229417078e-03,5.127451146106032809e+01,2.812765145603480788e-01,nan,7.463959567172561371e+00,1.000000000000000000e+00
1.390000000000000000e+03,9.027045772949080060e+01,2.479082897030904675e+01,-1.805089067589972637e-03,5.204629644488817775e+01,2.416756366453962634e-01,nan,5.181637639561491682e+01,1.000000000000000000e+00
1.397000000000000000e+03,2.944420116079836802e+01,2.407359889326836822e+01,-1.356726936872690911e-03,4.014501761098858168e+01,3.485085348723100385e-01,nan,1.537806878627833918e+01,1.000000000000000000e+00
1.398000000000000000e+03,2.229086911064687371e+01,4.590380922135259567e+01,-1.834548646773673979e-03,5.282826852097246473e+01,3.017779678990070158e-01,nan,6.445171602971533353e+00,1.000000000000000000e+00
1.399000000000000000e+03,1.244243882072162322e+01,4.859299990095523469e+01,-1.534139073898315320e-03,4.485422734706090608e+01,2.939702509312802636e-01,nan,1.020898259802507724e+01,1.000000000000000000e+00
1.401000000000000000e+03,1.177361811864576566e+02,1.669512650568666601e+01,1.451926845193596402e-03,-4.267199430296793849e+01,3.337313886659322160e-01,nan,1.895486706566166646e+01,1.000000000000000000e+00
1.401000000000000000e+03,1.204158538980168771e+02,3.545962329179393890e+01,-1.189687913342568279e-03,3.571115074539497414e+01,3.303292611074379881e-01,nan,1.436192853257662350e+01,1.000000000000000000e+00
1.401000000000000000e+03,1.205410234067898045e+02,4.982100636477517952e+01,-1.378562383474188227e-03,4.072461548659732244e+01,3.527150441072982590e-01,nan,1.436192853257662350e+01,1.000000000000000000e+00
1.403000000000000000e+03,2.074586072345231358e+01,1.312637547180760222e+01,-1.910892657080213563e-03,5.485473617224953813e+01,2.613152945367642754e-01,nan,1.473843834253733576e+01,1.000000000000000000e+00
1.407000000000000000e+03,3.568032330172399469e+01,3.294620341955072718e+01,-1.376438861915577766e-03,4.066824894614398289e+01,3.377077000918988769e-01,nan,2.481660235366511102e+01,1.000000000000000000e+00
1.408000000000000000e+03,1.289769359426414042e+02,1.401691850255948069e+01,-1.603429052665758872e-03,4.669345350201535183e+01,3.587476676697273215e-01,nan,1.675205111608175912e+01,1.000000000000000000e+00
1.409000000000000000e+03,7.126411333571512330e+01,4.304631332942446420e+01,-1.459098387759782435e-03,4.286235500005182786e+01,3.713265262024247892e-01,nan,2.939874560083566379e+01,1.000000000000000000e+00
1.409000000000000000e+03,1.618306100140086556e+01,4.933513592941510240e+01,1.377093517714125500e-03,-4.068562606313260943e+01,3.332735375096473884e-01,nan,2.547038174076884331e+01,1.000000000000000000e+00
1.411000000000000000e+03,1.142761027836211412e+02,4.402364899879675875e+01,1.428679193786002626e-03,-4.205491100649852143e+01,3.462816531053107827e-01,nan,4.555380520372350084e+00,1.000000000000000000e+00
1.416000000000000000e+03,8.312118173374268792e+01,4.665915487253698757e+01,-1.219341000109935153e-03,3.649825926711529434e+01,3.732568662904302004e-01,nan,1.823362700838097439e+01,1.000000000000000000e+00
1.418000000000000000e+03,1.186038779751819305e+02,4.258136178651158588e+01,-1.554182854177794124e-03,4.538626741389231967e+01,3.609025630628195369e-01,nan,7.680792778554726752e+00,1.000000000000000000e+00
1.423000000000000000e+03,1.646957425548503196e+01,3.016981200209136205e+01,-1.692353469874903048e-03,4.905385419565772764e+01,2.790308027745218578e-01,nan,6.248090961222239947e+00,1.000000000000000000e+00
1.424000000000000000e+03,1.162508023010420715e+02,1.803141527391949239e+01,-1.806045857353283683e-03,5.207169337513375496e+01,3.749548747705989671e-01,nan,1.974570659375732973e+01,1.000000000000000000e+00
1.426000000000000000e+03,8.091844008777145802e+01,2.587079709713781028e+01,1.457365663955655175e-03,-4.281636175547949108e+01,2.902261796212272094e-01,nan,3.032189734064663522e+00,1.000000000000000000e+00
1.430000000000000000e+03,4.909692264239634341e+01,7.016466195668825456e+00,-1.980870909815074868e-03,5.671223180145072718e+01,2.144909884068026962e-01,nan,7.176077951007131972e+00,1.000000000000000000e+00
1.431000000000000000e+03,5.478635086474333349e+01,1.706998234913836043e+01,-2.037020391759310385e-03,5.820265794410532578e+01,2.204587664007534586e-01,nan,7.919503858883898850e+00,1.000000000000000000e+00
1.431000000000000000e+03,2.067193153464270949e+01,5.562351090618516736e+00,-1.471320307079676060e-03,4.318677238445220468e+01,3.161741383536983419e-01,nan,8.833466680291437001e+00,1.000000000000000000e+00
1.431000000000000000e+03,4.653455915403684173e+01,2.903212453434906948e+01,-1.528311307947466434e-03,4.469953571989605479e+01,2.993676442451196351e-01,nan,6.109165474699656428e+00,1.000000000000000000e+00
1.432000000000000000e+03,1.331563814067298779e+02,5.976510801822417562e+00,-1.902079192794372577e-03,5.462079247189597453e+01,2.469793044706840579e-01,nan,2.558196176455903270e+01,1.000000000000000000e+00
1.432000000000000000e+03,6.585677422945833825e+01,4.672447303745996550e+01,-1.757464203154058494e-03,5.078214688307809865e+01,3.646720433977144182e-01,nan,2.279538571409873526e+01,1.000000000000000000e+00
1.433000000000000000e+03,1.331326738563615777e+02,3.414342203998119629e+01,-2.028885804693440764e-02,5.426775818584019362e+02,1.698547377275450021e-02,nan,2.618751071872217651e+01,1.000000000000000000e+00
1.436000000000000000e+03,8.928261233993941559e+00,2.698052019978240779e+01,-1.604418825591288292e-03,4.671972593396701257e+01,3.410298118850391136e-01,nan,1.946822302582328845e+01,1.000000000000000000e+00
1.439000000000000000e+03,8.764626892432521288e+01,3.383937415877091581e+01,-2.366108048521319354e-03,6.693792726235409418e+01,2.543858724313936559e-01,nan,1.072304179542080860e+01,1.000000000000000000e+00
1.440000000000000000e+03,3.332868252357928895e+01,4.687158898047439948e+01,-1.614291148082060839e-03,4.698177585890803698e+01,3.309929638566710963e-01,nan,2.058206300474101980e+01,1.000000000000000000e+00
1.441000000000000000e+03,1.143703970506017811e+02,2.556918119835868808e+01,-1.590661524048519798e-03,4.635455351987264550e+01,3.635423176019528801e-01,nan,6.756431142851576865e+00,1.000000000000000000e+00
1.444000000000000000e+03,8.944736822365399576e+01,2.326867566433362100e+01,-1.811383502935369309e-03,5.221337529703760794e+01,3.175727227697825450e-01,nan,1.072304179542080860e+01,1.000000000000000000e+00
1.445000000000000000e+03,1.279470811740269482e+02,5.767565076607638730e+00,-1.193321123772899880e-02,3.208861420799128723e+02,2.664277514515511758e-02,nan,1.588734487341512391e+01,1.000000000000000000e+00
1.448000000000000000e+03,7.515031851136458840e+01,4.207079835298343085e+01,-3.072412380006260893e-03,8.568599766059598721e+01,1.245283492740362208e-01,nan,1.975794751638203905e+01,1.000000000000000000e+00
1.450000000000000000e+03,9.483646656651534101e+01,4.038792437945139824e+01,1.510357176992362105e-03,-4.422296309237461287e+01,3.336981279917901055e-01,nan,1.932968521019944674e+01,1.000000000000000000e+00
1.452000000000000000e+03,3.383876790952269431e+01,8.208595981571374267e+00,1.133685497652004619e-03,-3.422462831443253606e+01,3.527811887263863078e-01,nan,1.978795227089202413e+01,1.000000000000000000e+00
1.454000000000000000e+03,1.223199125907883342e+02,2.628326637510887664e+01,-1.852538437821046055e-03,5.330578770635917607e+01,3.157139841853477957e-01,nan,1.773733325457666510e+01,1.000000000000000000e+00
1.455000000000000000e+03,6.672331010370777449e+01,4.942208606439778151e+01,-2.253751775700842553e-03,6.395555377457762347e+01,2.120959728181029957e-01,nan,1.874668425854967779e+01,1.000000000000000000e+00
1.457000000000000000e+03,1.413701267951080069e+02,8.100155932586520890e+00,-1.346599019005197129e-03,3.987618318834221043e+01,3.561577144653251814e-01,nan,1.126641524861066479e+01,1.000000000000000000e+00
1.459000000000000000e+03,7.966050674293708767e+01,3.509795901910963067e+01,-1.484222470455993275e-03,4.352924609795790900e+01,3.513221969637111419e-01,nan,7.938768734857511333e+00,1.000000000000000000e+00
1.460000000000000000e+03,1.271183895611215853e+01,3.285942260936671033e+01,1.552672051664972814e-03,-4.534616482552412009e+01,3.613997189662585541e-01,nan,4.443155520092081368e+00,1.000000000000000000e+00
1.462000000000000000e+03,3.256217041322798877e+01,1.696394558639434891e+01,-1.820391196744716635e-03,5.245247460612495871e+01,2.523689501201638041e-01,nan,2.543033324093894976e+01,1.000000000000000000e+00
1.464000000000000000e+03,8.347583891382062404e+01,5.034775403570224483e+01,-1.877347722049256193e-02,5.024534671987235015e+02,1.356770153546549285e-02,nan,1.571982848577781944e+01,1.000000000000000000e+00
1.466000000000000000e+03,9.660906747695726438e+01,3.401604929267821831e+01,1.478012722958314861e-03,-4.336441519143208012e+01,2.888911607607334009e-01,nan,1.504439836368865535e+01,1.000000000000000000e+00
1.468000000000000000e+03,1.133461916675960737e+02,9.279375211469059082e+00,-2.260778282084140080e-03,6.414206464596190926e+01,2.694452798254199921e-01,nan,2.164267175928315012e+01,1.000000000000000000e+00
1.468000000000000000e+03,1.245475546011533794e+02,2.779787162210674367e+01,-2.010914024117590668e-03,5.750969317442830686e+01,2.387475758720228880e-01,nan,1.848850236191401919e+01,1.000000000000000000e+00
1.469000000000000000e+03,5.634348093586341122e+01,3.685424582989882225e+01,-1.996673651917988800e-03,5.713169818190999649e+01,2.805388791346602462e-01,nan,6.806622759173490245e+00,1.000000000000000000e+00
1.469000000000000000e+03,5.861944330919207857e+01,4.578814880359649209e+01,1.478644097799724361e-03,-4.338117434106031567e+01,3.508902802793305575e-01,nan,8.785291125529756329e+00,1.000000000000000000e+00
1.470000000000000000e+03,1.411418539968553887e+02,6.223469556789531509e+00,-3.310971342541798451e-02,8.829930641323670670e+02,1.214731157970305730e-02,nan,1.747532535655560793e+01,1.000000000000000000e+00
1.472000000000000000e+03,6.593922828215552556e+01,2.806453865746816945e+01,-3.565431604845976238e-02,9.505367375684902527e+02,1.080115009245885549e-02,nan,1.301296735225870904e+01,1.000000000000000000e+00
1.472000000000000000e+03,1.175649054580381971e+02,4.491708102355554644e+01,-1.051188526961573458e-02,2.831586100215810120e+02,1.921350462425963634e-02,nan,1.848850236191401919e+01,1.000000000000000000e+00
1.474000000000000000e+03,5.111781950060089486e+01,4.121573364367391434e+01,-1.588412476572254950e-03,4.629485503221739151e+01,3.309813053370659341e-01,nan,6.806622759173490245e+00,1.000000000000000000e+00
1.475000000000000000e+03,1.160500123332632540e+02,2.406853615363952059e+01,-1.395152891309927755e-03,4.116499224061367102e+01,3.361544621248343523e-01,nan,1.512840330059034599e+01,1.000000000000000000e+00
1.477000000000000000e+03,2.838444028729377777e+01,1.003038457908537850e+01,1.612113722063172362e-03,-4.692397848393900972e+01,2.596567070146624800e-01,nan,7.321567150894423115e+00,1.000000000000000000e+00
1.479000000000000000e+03,9.487854541897685579e+01,4.836095629235715165e+01,1.354713870930926564e-03,-4.009158299320398555e+01,3.377037999063184914e-01,nan,3.838685724056164705e+00,1.000000000000000000e+00
1.481000000000000000e+03,3.078873165079017227e+01,4.363551624818951780e+01,-1.309055046184544324e-02,3.516064368326916565e+02,1.843384161006622612e-02,nan,2.255862132276272547e+01,1.000000000000000000e+00
1.481000000000000000e+03,9.348217182739332998e+00,8.111119739572979270e+00,-1.540216456716124623e-03,4.501554477897557405e+01,3.554559014896727653e-01,nan,1.913273027067911514e+01,1.000000000000000000e+00
1.485000000000000000e+03,1.238257140407068135e+02,2.877943453819712971e+01,-1.742734053480587053e-03,5.039115128706599478e+01,2.500705555875482045e-01,nan,1.800131108525663137e+01,1.000000000000000000e+00
1.486000000000000000e+03,1.173457543992343659e+02,5.047536370529311256e+00,-1.424378808645842360e-03,4.194076202035572010e+01,3.572776730131024259e-01,nan,2.450268743617495915e+01,1.000000000000000000e+00
1.486000000000000000e+03,1.058253335285663752e+02,2.859639845886305665e+01,1.426950004719846656e-03,-4.200901158765168475e+01,3.078939444878795451e-01,nan,3.845469041549998135e+00,1.000000000000000000e+00
1.491000000000000000e+03,7.201699206064813552e+01,2.571768705156283374e+01,1.438806087945695587e-03,-4.232371825594906056e+01,3.450996201916460837e-01,nan,1.951650744214386535e+01,1.000000000000000000e+00
1.492000000000000000e+03,2.002805824444287808e+01,3.219112455464651390e+01,-1.383801417158539958e-03,4.086367986430895627e+01,2.808081066970290474e-01,nan,7.117034436637343475e+00,1.000000000000000000e+00
1.494000000000000000e+03,7.682404956913170224e+01,5.115792218829304971e+01,-2.431456629450759466e-02,6.495355724778382864e+02,1.061005520799851443e-02,nan,2.589041069009896745e+01,1.000000000000000000e+00
1.496000000000000000e+03,1.212656784512096237e+02,4.965520886355569985e+01,1.416371037952182232e-03,-4.172820456883608387e+01,3.261771720805727304e-01,nan,2.162083725845788607e+01,1.000000000000000000e+00
1.499000000000000000e+03,7.175242770091172417e+01,9.625211661945400010e+00,-1.673570032895597146e-03,4.855526855330636948e+01,2.872080791711714154e-01,nan,1.623163176605412161e+01,1.000000000000000000e+00
1.509000000000000000e+03,6.548081996249034376e+01,8.289394532719088104e+00,-1.421822803310912077e-02,3.815393956864497227e+02,2.166430370512573145e-02,nan,2.594458023149585557e+01,1.000000000000000000e+00
1.509000000000000000e+03,1.072670401289920221e+02,2.794969291698020086e+01,-1.433079041774840178e-03,4.217170012438891291e+01,2.992596279276641402e-01,nan,9.162508053295187693e+00,1.000000000000000000e+00
1.510000000000000000e+03,8.344818662135716636e+01,5.281550228742889885e+01,-1.104683518413092369e-02,2.973582661893105410e+02,2.327251057086432429e-02,nan,2.041663869790410502e+01,1.000000000000000000e+00
1.510000000000000000e+03,6.955841550531819450e+01,3.785176632127375740e+01,-1.193581536417140376e-02,3.209552657475612136e+02,2.995081758595441457e-02,nan,1.409161791667439800e+01,1.000000000000000000e+00
1.514000000000000000e+03,1.122942779291216056e+02,4.093082655454055185e+01,-1.694836846153542327e-03,4.911977268323003187e+01,2.748300230250960707e-01,nan,7.313523690945187283e+00,1.000000000000000000e+00
1.515000000000000000e+03,6.433470165183773126e+00,5.015283963152723601e+01,-2.700778266660376972e-02,7.210240341663012487e+02,1.033009690216757370e-02,nan,2.856187795241666549e+01,1.000000000000000000e+00
1.515000000000000000e+03,1.350307925228547390e+02,2.628959730464562128e+01,-1.693351231442712058e-03,4.908033867731822397e+01,2.310275921825944989e-01,nan,2.618309299290533687e+01,1.000000000000000000e+00
1.515000000000000000e+03,4.761162129609636473e+00,8.090564287287479672e+00,-1.391946279673299952e-03,4.107987626719619811e+01,3.004993520573437937e-01,nan,2.610752663126208262e+01,1.000000000000000000e+00
1.517000000000000000e+03,1.088890325956844691e+02,2.481896934852513326e+01,-1.817577791879469891e-03,5.237779587328820696e+01,3.475594783289513989e-01,nan,1.547023165067762918e+01,1.000000000000000000e+00
1.518000000000000000e+03,2.293128988562500226e+01,2.683754815488972412e+01,-1.488710786050381762e-03,4.364838349097971104e+01,3.528142037952325394e-01,nan,2.610752663126208262e+01,1.000000000000000000e+00
1.518000000000000000e+03,8.662013733023596274e+01,4.693333107693347728e+01,-1.820380420697875539e-03,5.245218856783270667e+01,3.183148323601417973e-01,nan,1.774089625673117609e+01,1.000000000000000000e+00
1.526000000000000000e+03,3.980183419054366567e+01,3.011244092725151589e+01,-4.503885215340991573e-03,1.236828671313004122e+02,1.017270136117688351e-01,nan,1.121579818887194868e+01,1.000000000000000000e+00
1.528000000000000000e+03,1.275754449302521749e+02,4.559647472195326401e+01,-1.341119302269933380e-02,3.601175403833704536e+02,2.532018657624757196e-02,nan,2.241899097886231829e+01,1.000000000000000000e+00
1.529000000000000000e+03,3.669562996715868763e+01,1.587465366668561551e+01,-1.704180173862252998e-02,4.564880491858495475e+02,1.915590490880458852e-02,nan,9.555773423546998657e+00,1.000000000000000000e+00
1.529000000000000000e+03,1.413592824494602382e+02,2.791549681476775291e+01,-1.573701086739629201e-03,4.590435739551427474e+01,3.622308162965222067e-01,nan,1.310294739828584554e+01,1.000000000000000000e+00
1.533000000000000000e+03,9.948697938395244478e+01,2.013773328874307111e+01,-6.312645354989548929e-02,1.679754363608320546e+03,9.839086875573554991e-03,nan,2.855116022478472715e+01,1.000000000000000000e+00
1.533000000000000000e+03,7.190670406350609767e+01,2.757948341714176266e+01,-1.871583976121038396e-03,5.381133053953135459e+01,2.165523504828598123e-01,nan,1.001124347196961573e+01,1.000000000000000000e+00
1.535000000000000000e+03,7.618219187452460517e+01,3.663184221653136774e+01,-1.587501506487558334e-03,4.627067433486462988e+01,3.419303169609902993e-01,nan,1.001124347196961573e+01,1.000000000000000000e+00
1.539000000000000000e+03,3.437378579164516168e+01,5.107852996586056094e+01,-1.716996694534758628e-03,4.970798144671297791e+01,2.999198883851413866e-01,nan,1.312900484408864799e+01,1.000000000000000000e+00
1.541000000000000000e+03,1.331446923038423336e+02,5.158478101437096086e+01,-1.732575101563775880e-02,4.640251699391928355e+02,1.208580375268897278e-02,nan,4.476192774959953624e+01,1.000000000000000000e+00
1.541000000000000000e+03,8.544007823762095200e+01,2.614088712646706014e+01,-1.993507752441905923e-03,5.704766286794473729e+01,2.560758546414541037e-01,nan,9.717956507206592320e+00,1.000000000000000000e+00
1.542000000000000000e+03,6.364172767078674298e+01,2.324102882148274318e+01,-1.826604728798322157e-03,5.261740596951870685e+01,2.577119102504962234e-01,nan,1.967320617308649489e+01,1.000000000000000000e+00
1.544000000000000000e+03,4.409421812780431793e+01,2.546136928991987602e+01,-1.347475671093350700e-03,3.989945295228223188e+01,3.733778837915634474e-01,nan,1.967320617308649489e+01,1.000000000000000000e+00
1.545000000000000000e+03,9.491476225200628392e+01,2.830168362394431725e+01,-1.680066525345515812e-03,4.872771078870460570e+01,2.989451251421326727e-01,nan,9.717956507206592320e+00,1.000000000000000000e+00
1.549000000000000000e+03,2.066646211365300090e+01,1.509540884893969981e+01,1.645986936679422717e-03,-4.782310565041846218e+01,3.361599765037512899e-01,nan,2.561860432815513633e+01,1.000000000000000000e+00
1.549000000000000000e+03,1.142181411680728047e+02,2.694890476968221904e+01,-1.659687360573712566e-03,4.818676830999168459e+01,3.523424798474595887e-01,nan,1.890680156811777834e+01,1.000000000000000000e+00
1.553000000000000000e+03,1.070065378328541641e+02,4.442631655952239100e+01,-1.761102960445521792e-03,5.087873368684163466e+01,3.119834040590517832e-01,nan,1.890680156811777834e+01,1.000000000000000000e+00
1.553000000000000000e+03,1.417410817682085167e+02,5.191369706589844668e+01,1.739403309555562433e-03,-5.030274035880000127e+01,2.001597424065028052e-01,nan,3.553237128653704247e+01,1.000000000000000000e+00
1.556000000000000000e+03,7.566139557462745913e+00,3.128137909789660753e+01,-1.647767194835011040e-03,4.787036064198539975e+01,3.725884713431297790e-01,nan,2.437351049657119972e+01,1.000000000000000000e+00
1.558000000000000000e+03,9.040109521595229580e+01,3.384064029174429322e+01,-1.776550075429500757e-03,5.128876033719574679e+01,3.192219792639157117e-01,nan,3.953831691828622041e+00,1.000000000000000000e+00
1.558000000000000000e+03,2.983986825686712407e+01,4.117829901026308903e+01,-1.964661924291210768e-03,5.628198213690939156e+01,2.908693210514788907e-01,nan,2.357814062038983849e+01,1.000000000000000000e+00
1.559000000000000000e+03,1.317497724701314041e+02,3.331814411484809568e+01,-2.938832061412828892e-02,7.842127915282223967e+02,9.586633977709313470e-03,nan,2.019503408407712541e+01,1.000000000000000000e+00
1.562000000000000000e+03,9.571775322530051255e+01,4.678706362549090869e+01,-2.852007742941236115e-02,7.611662326665131104e+02,1.196046936443928566e-02,nan,1.399559679059615469e+01,1.000000000000000000e+00
1.564000000000000000e+03,3.700226127324955883e+01,3.835305468732343570e+01,-1.762450075276883943e-03,5.091449136602759040e+01,2.532097516825820849e-01,nan,6.253942896795819273e+00,1.000000000000000000e+00
1.564000000000000000e+03,1.290029758011093577e+02,9.526459086772073093e+00,-1.724450121693589435e-03,4.990582445977810266e+01,3.142428073281707812e-01,nan,2.394972167721636325e+01,1.000000000000000000e+00
1.569000000000000000e+03,3.105865215493790998e+01,4.029864262034150357e+01,1.767479717633350933e-03,-5.104799768161080920e+01,2.425766367812298707e-01,nan,6.253942896795819273e+00,1.000000000000000000e+00
1.570000000000000000e+03,8.777230089418752357e+01,3.310506459512231459e+01,1.294329733823441995e-03,-3.848875259423403605e+01,3.611367961279683403e-01,nan,3.905448717999308883e+01,1.000000000000000000e+00
1.574000000000000000e+03,5.165948432578505845e+01,1.823504615568650422e+01,-1.628882177481511678e-02,4.365010255465531372e+02,1.634267330697924958e-02,nan,2.108796489070646984e+01,1.000000000000000000e+00
1.578000000000000000e+03,1.372961489490001838e+02,2.005434900090155992e+01,-1.365986910233764253e-03,4.039081340285956401e+01,3.467286766248721674e-01,nan,4.935985914373735994e+01,1.000000000000000000e+00
1.582000000000000000e+03,6.940802513882729841e+01,3.034891953565906419e+01,-1.981165191580344480e-03,5.672004318672227186e+01,2.552092080991456013e-01,nan,1.110060099893872376e+01,1.000000000000000000e+00
1.584000000000000000e+03,7.870159185612062736e+00,2.021547000859949605e+01,1.849525853666733090e-03,-5.322582197871463450e+01,2.513565920065422565e-01,nan,1.591510194621738172e+01,1.000000000000000000e+00
1.586000000000000000e+03,1.227050480512415902e+02,2.152357339961709215e+01,-1.515248378014637416e-02,4.063381852940283352e+02,1.657700787736859915e-02,nan,1.898923524110644934e+01,1.000000000000000000e+00
1.586000000000000000e+03,7.835642343842661717e+01,3.691774822952583435e+01,-1.336758029504471826e-02,3.589598885725581567e+02,2.344096609175694290e-02,nan,1.110060099893872376e+01,1.000000000000000000e+00
1.588000000000000000e+03,1.174606385281302146e+01,4.779543312438293334e+00,-9.826981589593181826e-03,2.649785963409604506e+02,3.465157272887720019e-02,nan,1.591510194621738172e+01,1.000000000000000000e+00
1.590000000000000000e+03,1.414643375368281113e+02,2.446977655589163092e+01,-1.384701503288392893e-02,3.716859555322138249e+02,1.119511814751383838e-02,nan,1.898923524110644934e+01,1.000000000000000000e+00
1.590000000000000000e+03,9.410143593634862214e+01,2.355763997522371156e+01,-1.589633688845485228e-03,4.632727076669488753e+01,3.064692457820594740e-01,nan,1.783950226627033686e+01,1.000000000000000000e+00
1.591000000000000000e+03,4.483150283073324260e+01,1.277968629231851772e+01,-1.088630271159550912e-03,3.302868696105961988e+01,3.626491980246264735e-01,nan,2.899867873609837687e+01,1.000000000000000000e+00
1.595000000000000000e+03,1.272697813638085940e+01,4.614548534698766957e+01,-2.849369867853740468e-02,7.604660377839735474e+02,1.288186689738080037e-02,nan,2.346131797592305901e+01,1.000000000000000000e+00
1.595000000000000000e+03,1.590247138707513130e+01,1.077107777613513662e+01,-2.052755113378610611e-03,5.862031879575999227e+01,1.921765668781975078e-01,nan,2.899867873609837687e+01,1.000000000000000000e+00
1.595000000000000000e+03,1.421764973252542177e+02,4.596717180456365526e+01,-1.742880543385716451e-03,5.039503970022102664e+01,2.477541726534907562e-01,nan,2.150918813070073909e+01,1.000000000000000000e+00
1.596000000000000000e+03,1.088821745074691023e+02,1.272425228337984215e+01,-1.417082306527096738e-03,4.174708440960743872e+01,3.500615291755501124e-01,nan,1.055815433369861900e+01,1.000000000000000000e+00
1.597000000000000000e+03,3.457633385012757543e+01,3.759919398397329360e+01,-1.795345683332477465e-03,5.178766904330818477e+01,2.731775672492563478e-01,nan,9.406268831522174523e+00,1.000000000000000000e+00
1.597000000000000000e+03,1.126684874274302501e+02,4.536836153749356981e+01,-1.781771569689196127e-03,5.142735915020171689e+01,2.959339825911044830e-01,nan,7.467148909677876922e+00,1.000000000000000000e+00
1.599000000000000000e+03,6.572101023054621294e+01,3.491148831803546670e+01,-1.403373196640929962e-03,4.138319118994852630e+01,3.533458656787829000e-01,nan,2.108066115723243072e+01,1.000000000000000000e+00
1.600000000000000000e+03,9.017988438634569093e+01,4.311210660478846535e+01,-1.426176315643836075e-03,4.198847486344259039e+01,3.555338545643572656e-01,nan,1.641985746440184712e+01,1.000000000000000000e+00
1.603000000000000000e+03,3.527047748403011695e+01,2.876330129164954741e+01,-1.289439826496861265e-03,3.835895539108383900e+01,3.593430437423765778e-01,nan,5.823637188514434904e+00,1.000000000000000000e+00
1.603000000000000000e+03,7.630802123445393192e+01,1.058685229618320811e+01,-1.863713527589311346e-03,5.360241815352298289e+01,3.206771950954727668e-01,nan,8.817513863064940338e+00,1.000000000000000000e+00
1.606000000000000000e+03,6.967671430167312963e+01,2.304416599909359675e+01,-1.727066074427352493e-02,4.625628593745338435e+02,1.583218038263334293e-02,nan,9.195817716345926485e+00,1.000000000000000000e+00
1.611000000000000000e+03,1.117450343126012058e+01,1.574067209192126171e+01,-1.551990574523463796e-03,4.532807576553359041e+01,3.149395124403762125e-01,nan,4.703465887945993273e+01,1.000000000000000000e+00
1.611000000000000000e+03,1.078924374783982216e+02,3.303189048797126048e+01,1.650863781635535403e-03,-4.795255612733438966e+01,3.394545691560112433e-01,nan,1.148485112846519129e+01,1.000000000000000000e+00
1.613000000000000000e+03,6.320222664870330931e+01,1.473640828938684422e+01,-1.563067809087547409e-03,4.562210875410192301e+01,3.104702103499910049e-01,nan,5.418426599308509672e+00,1.000000000000000000e+00
1.614000000000000000e+03,1.093205687140002595e+02,2.163617872358787153e+01,1.610917714534853933e-03,-4.689223178164908035e+01,3.506441679240853704e-01,nan,1.148485112846519129e+01,1.000000000000000000e+00
1.616000000000000000e+03,6.448566181480063619e+01,2.807707612369666350e+01,-9.257523721328814528e-03,2.498629645557110734e+02,3.170666090717977337e-02,nan,1.340226190204339751e+01,1.000000000000000000e+00
1.617000000000000000e+03,1.277137526581230986e+02,2.317593302811331313e+01,-3.432763114522705689e-02,9.153213483186484609e+02,9.172904697585360090e-03,nan,1.845752038927880534e+01,1.000000000000000000e+00
1.619000000000000000e+03,5.332782777232913674e+01,4.435598680696410412e+01,-1.806920083776760106e-03,5.209489875247707857e+01,3.038394528672759831e-01,nan,1.919380111598292160e+01,1.000000000000000000e+00
1.620000000000000000e+03,1.058479917632223533e+02,3.644805495917219673e+01,-1.556699494213741259e-03,4.545306885125823726e+01,2.757226918313980812e-01,nan,1.520068286594412754e+01,1.000000000000000000e+00
1.622000000000000000e+03,1.411257006212496492e+02,4.218918123701138256e+01,1.330922328386521108e-03,-3.946006270567083618e+01,3.363283229762311644e-01,nan,2.326765900598468306e+01,1.000000000000000000e+00
1.623000000000000000e+03,3.506469438009449391e+01,3.562289495375143389e+01,-1.605888285908239335e-03,4.675873113928933833e+01,2.906568701072463901e-01,nan,2.024373815823563660e+01,1.000000000000000000e+00
1.625000000000000000e+03,7.832299064833493674e+01,3.262818272394581953e+01,-1.667704519252883200e-03,4.839957495524467390e+01,3.049699232013260985e-01,nan,9.664694963440858544e+00,1.000000000000000000e+00
1.625000000000000000e+03,8.551512603964233961e+01,3.908415029275086994e+01,-1.216761147640701328e-03,3.642977992534403597e+01,3.478025054683860917e-01,nan,4.762921025303463729e+00,1.000000000000000000e+00
1.629000000000000000e+03,8.425974276747626845e+01,1.466109797108252621e+01,1.494091883541643403e-03,-4.379121879594502786e+01,3.308663469281768466e-01,nan,1.892250406898362058e+01,1.000000000000000000e+00
1.631000000000000000e+03,2.391641402729079502e+01,3.702616811827194709e+01,-1.462951942592079745e-02,3.924566726206188605e+02,1.957397235256264079e-02,nan,2.499968106754828767e+01,1.000000000000000000e+00
1.631000000000000000e+03,1.074480735334486496e+02,2.879152174856229607e+01,-1.394724906500283438e-03,4.115363185531953150e+01,3.062265159909061119e-01,nan,4.966035779241292580e+00,1.000000000000000000e+00
1.636000000000000000e+03,2.661534865235233482e+01,1.217260086186434265e+01,-1.594589385912279639e-02,4.273983818017454723e+02,1.620003949076598282e-02,nan,2.499968106754828767e+01,1.000000000000000000e+00
1.639000000000000000e+03,7.881973452122238655e+01,4.231085618578008933e+01,-2.230649872841683479e-02,5.962336310691744075e+02,1.317100907572954505e-02,nan,1.530864870904140318e+01,1.000000000000000000e+00
1.640000000000000000e+03,3.465946088530944991e+01,4.424663477102014753e+01,-2.771137733165779382e-02,7.397001794541650952e+02,1.397594577726712917e-02,nan,3.302975566870956214e+01,1.000000000000000000e+00
1.642000000000000000e+03,9.647235768111883658e+00,1.198243580642917649e+01,-9.090305295946475572e-03,2.454243356655835555e+02,2.241110595661277571e-02,nan,1.886158959992087958e+01,1.000000000000000000e+00
1.643000000000000000e+03,1.336855025154358430e+02,2.009728964976253707e+01,-1.641256970089097168e-03,4.769755389791777844e+01,2.724584373036370577e-01,nan,2.349310461057189769e+01,1.000000000000000000e+00
1.643000000000000000e+03,1.106002691565980456e+02,2.445595515783690388e+01,-1.418551805781635526e-03,4.178609064848514265e+01,2.929945323504825616e-01,nan,2.349310461057189769e+01,1.000000000000000000e+00
1.646000000000000000e+03,6.635003096509785792e+01,3.003317219095788104e+01,-1.525675835594870675e-02,4.091060390374406666e+02,1.927682000314168143e-02,nan,2.325714129042635037e+01,1.000000000000000000e+00
1.647000000000000000e+03,1.991111855757732130e+01,2.780685593229662445e+01,-1.773097255430822064e-03,5.119710903403640145e+01,2.353339359358644911e-01,nan,1.886158959992087958e+01,1.000000000000000000e+00
1.650000000000000000e+03,8.506235718375543797e+01,1.622218133260907180e+01,-1.361699228029320972e-03,4.027700160215152181e+01,3.281766710313541724e-01,nan,1.269024057405111527e+01,1.000000000000000000e+00
1.651000000000000000e+03,9.202351696245349899e+01,2.683276380308304354e+01,-1.237395491047107998e-03,3.697749583980188248e+01,3.737190237585064079e-01,nan,1.269024057405111527e+01,1.000000000000000000e+00
1.654000000000000000e+03,7.458206931790300587e+01,2.896958075693246570e+01,-1.520037245060599325e-03,4.447990983546131361e+01,3.493196471434828476e-01,nan,1.650250362321954256e+01,1.000000000000000000e+00
1.655000000000000000e+03,1.396461024191033218e+01,1.676210456694264295e+01,-1.962309048628853303e-02,5.250055153858479571e+02,1.289285284637609053e-02,nan,1.109588794709547344e+01,1.000000000000000000e+00
1.655000000000000000e+03,1.957198030291599267e+01,7.187339278256137831e+00,-2.863264745939698378e-03,8.013440411612224068e+01,1.928341473395877026e-01,nan,1.109588794709547344e+01,1.000000000000000000e+00
1.655000000000000000e+03,1.363236876497982735e+02,2.549810174369620341e+01,-1.673363486691174752e-03,4.854978601184600251e+01,2.785750428062039319e-01,nan,9.093043309086555226e+00,1.000000000000000000e+00
1.656000000000000000e+03,7.273389146528938909e+01,5.199343928430258188e+01,-1.425687152381175955e-03,4.197549056350872831e+01,3.719213570382222667e-01,nan,1.006541497313591194e+01,1.000000000000000000e+00
1.657000000000000000e+03,4.232592886520191655e+01,3.850429373103857955e+01,-1.704406801257001176e-03,4.937379659896964768e+01,3.154363790171103021e-01,nan,2.002438954686704164e+01,1.000000000000000000e+00
1.657000000000000000e+03,1.097359106953927039e+02,4.622818852097380216e+01,-1.478071205705727698e-03,4.336596755153622240e+01,3.682400708846016446e-01,nan,9.297892504251192847e+00,1.000000000000000000e+00
1.660000000000000000e+03,2.556145562610764443e+01,4.945548607435764410e+01,-1.289027391193448349e-02,3.462903164445389166e+02,1.181533509529275605e-02,nan,2.002438954686704164e+01,1.000000000000000000e+00
1.663000000000000000e+03,9.890423798665766242e+01,1.309305770076577780e+01,-4.423197070859044566e-03,1.215410892239348328e+02,9.374899588410057216e-02,nan,1.731283013925285985e+01,1.000000000000000000e+00
1.664000000000000000e+03,1.066401020468774021e+02,3.336366691782588134e+01,-1.859930647927392384e-03,5.350200578020420750e+01,3.392149700186837258e-01,nan,1.372153536859001832e+01,1.000000000000000000e+00
1.666000000000000000e+03,4.787466205236205496e+01,3.591065277095099617e+01,-1.847948046320642282e-03,5.318394082086135199e+01,2.785847977048699908e-01,nan,2.329618132145698084e+01,1.000000000000000000e+00
1.667000000000000000e+03,6.869501169386892059e+01,1.510446312769139432e+01,-1.606388508346902810e-03,4.677200899286717117e+01,2.928932955516101444e-01,nan,2.591069233732647703e+01,1.000000000000000000e+00
1.667000000000000000e+03,1.394453921245445827e+02,6.406691261145533112e+00,-1.669816024035930329e-03,4.845562252362864086e+01,3.280477246494576393e-01,nan,4.108883881295242446e+01,1.000000000000000000e+00
1.669000000000000000e+03,1.060526620220605594e+02,5.331842133003092243e+01,-1.734373300453285333e-02,4.645024820250424682e+02,1.586157627399187309e-02,nan,1.996339924547353561e+01,1.000000000000000000e+00
1.671000000000000000e+03,7.998661117577918844e+01,5.137147901673033346e+01,-1.635684142531195926e-03,4.754962932954774857e+01,3.317479729339352090e-01,nan,2.613866085116538684e+01,1.000000000000000000e+00
1.672000000000000000e+03,4.642360630992915560e+01,2.834638442423321791e+01,-1.934061600964957859e-03,5.546973026423092534e+01,2.941804178076686815e-01,nan,2.591069233732647703e+01,1.000000000000000000e+00
1.677000000000000000e+03,2.184353843635629033e+01,5.831770112679895313e+00,-1.240702005431267713e-02,3.334628751574840635e+02,1.995798133705994903e-02,nan,2.677256979054194019e+01,1.000000000000000000e+00
1.678000000000000000e+03,9.538583880068263454e+01,3.614688108089376328e+01,1.359078236163994285e-03,-4.020743026043108159e+01,3.690819291816984649e-01,nan,1.060049958654259505e+01,1.000000000000000000e+00
1.679000000000000000e+03,4.715992361332917682e+01,1.454102580766248032e+01,-1.689249598798028829e-03,4.897146535721756067e+01,3.154786369348592245e-01,nan,7.555815269227139197e+00,1.000000000000000000e+00
1.681000000000000000e+03,1.180920684744190936e+02,2.606110484796002069e+01,-1.360806719650447041e-02,3.653433484459295073e+02,1.538397163027971359e-02,nan,1.021919582159634210e+01,1.000000000000000000e+00
1.682000000000000000e+03,4.878945394809811376e+01,7.163019622333423264e+00,-1.515545583201147401e-03,4.436068361951972605e+01,3.693699318139299637e-01,nan,7.555815269227139197e+00,1.000000000000000000e+00
1.683000000000000000e+03,1.387145884153879649e+01,2.773545953177432111e+01,-1.443420515741165866e-02,3.872722705257145890e+02,1.823737307860551216e-02,nan,2.519798210692098550e+01,1.000000000000000000e+00
1.684000000000000000e+03,2.937767447439875923e+01,4.759737230491778348e+01,-2.219450691135285269e-03,6.304506927164515417e+01,2.002267935902808382e-01,nan,2.401447829155014801e+01,1.000000000000000000e+00
1.688000000000000000e+03,5.140085526991156684e+01,3.802268300116023880e+01,-1.343887874886658118e-03,3.980421885437403517e+01,3.527966594992499871e-01,nan,2.401447829155014801e+01,1.000000000000000000e+00
1.690000000000000000e+03,8.868089519355474692e+01,5.505553973032895065e+00,-1.473875745475222536e-02,3.953562757568349753e+02,1.712046089577967667e-02,nan,2.294306436147527251e+01,1.000000000000000000e+00
1.690000000000000000e+03,3.179263691835492978e+01,1.174007693524903750e+01,-1.364586845309373811e-03,4.035365022178520178e+01,3.634270044811067635e-01,nan,3.279112087956425370e+01,1.000000000000000000e+00
1.691000000000000000e+03,8.048757349405256889e+01,4.716333759698581218e+01,1.639963973499795023e-03,-4.766323272784940457e+01,3.485655723260304706e-01,nan,1.952980466665299275e+01,1.000000000000000000e+00
1.699000000000000000e+03,8.105225743647598335e+01,2.479446483314088212e+01,-1.803139204589312549e-03,5.199453947954938116e+01,2.771242284866687333e-01,nan,1.601948095222435242e+01,1.000000000000000000e+00
1.699000000000000000e+03,1.415551828286059219e+02,7.534660290125736459e+00,-1.761391916193818033e-03,5.088640369885988690e+01,3.668083723028509047e-01,nan,3.475017604873102783e+01,1.000000000000000000e+00
1.699000000000000000e+03,9.695884246830854636e+01,2.669297019361767198e+01,-1.431927743031430810e-03,4.214114016754217573e+01,3.036774941970886710e-01,nan,1.601948095222435242e+01,1.000000000000000000e+00
1.699000000000000000e+03,3.325217192328782545e+01,2.802103045424021133e+01,-1.175031178376927804e-03,3.532210386192692653e+01,3.676049555099341060e-01,nan,3.027626001727378124e+01,1.000000000000000000e+00
1.700000000000000000e+03,6.906689104137379331e+01,8.497730997542403131e+00,-1.275720384166286782e-02,3.427581180222155695e+02,2.019672965815333399e-02,nan,1.765104341452558856e+01,1.000000000000000000e+00
1.702000000000000000e+03,1.156975956989288932e+02,3.075017069263380876e+01,-1.600597368253172574e-03,4.661828955873164659e+01,3.211959626926705891e-01,nan,1.528151947158119661e+01,1.000000000000000000e+00
1.707000000000000000e+03,5.710001201611549249e+01,4.309586665255170601e+01,-1.508412797236656673e-03,4.417135167373267990e+01,2.803052593735947395e-01,nan,8.131697948471417803e+00,1.000000000000000000e+00
1.711000000000000000e+03,6.408056178769660960e+01,2.188676425497218503e+01,-1.414106012812115344e-03,4.166808197169657291e+01,3.629409694482199633e-01,nan,1.965018143280366303e+01,1.000000000000000000e+00
1.715000000000000000e+03,2.412970095278101113e+01,1.380846471130203312e+01,1.334116403006910387e-03,-3.954484589780332016e+01,3.509964474735226547e-01,nan,2.292204724500743040e+01,1.000000000000000000e+00
1.718000000000000000e+03,4.831741281066874905e+01,3.804654405688938823e+01,-1.761163443417079581e-03,5.088033914069220742e+01,2.869556665367146708e-01,nan,3.542211371695804356e+00,1.000000000000000000e+00
1.720000000000000000e+03,6.339554670089603050e+00,3.766734147898720408e+01,-9.082328741596505314e-03,2.452126068175185480e+02,2.781107176965202932e-02,nan,6.851492274504174418e+00,1.000000000000000000e+00
1.721000000000000000e+03,6.076343709703277796e+01,3.024049512133787232e+01,-1.289420861368118214e-03,3.835845198263377398e+01,3.448796141943901716e-01,nan,1.270079119824478120e+01,1.000000000000000000e+00
1.723000000000000000e+03,8.097576091473774795e+01,1.041694946454365578e+01,-1.854761281860355928e-03,5.336479065264676791e+01,2.479726107491780906e-01,nan,2.831096954395536969e+01,1.000000000000000000e+00
1.724000000000000000e+03,1.432637346516491164e+02,1.186689367640298975e+01,-1.720725705201831598e-03,4.980696392690688867e+01,2.893044258910564270e-01,nan,2.704685253741946838e+01,1.000000000000000000e+00
1.724000000000000000e+03,1.162801356806243120e+02,1.371557394941478059e+01,-1.337929610953267866e-03,3.964606330202218487e+01,3.596297559244019393e-01,nan,2.091541881086677535e+01,1.000000000000000000e+00
1.729000000000000000e+03,6.656584669362018758e+00,4.820923095556014459e+01,-1.516100773071799111e-03,4.437542052302629969e+01,3.612082520946089392e-01,nan,1.389273535079569122e+01,1.000000000000000000e+00
1.730000000000000000e+03,1.726803960190443377e+01,3.924234076208339417e+01,-1.542572254944894056e-03,4.507807684775698220e+01,3.568125114750191340e-01,nan,1.124136021490344639e+01,1.000000000000000000e+00
1.731000000000000000e+03,7.541000928094631206e+01,2.752828236607601298e+01,-1.044039117021995297e-02,2.812608779126570653e+02,2.423799471801479921e-02,nan,1.322825820640691497e+01,1.000000000000000000e+00
1.732000000000000000e+03,6.233060665596642735e+01,8.656131986035390469e+00,-1.428232032565532935e-03,4.204304160450419658e+01,3.173727303922481147e-01,nan,1.253565694524271379e+01,1.000000000000000000e+00
1.734000000000000000e+03,6.384897598424760901e+01,2.109949365528485643e+01,-2.040664504672697922e-03,5.829938690695296799e+01,2.803814721472249749e-01,nan,1.253565694524271379e+01,1.000000000000000000e+00
1.736000000000000000e+03,3.611042253149413028e+01,4.964753962890222994e+01,-1.436525323720299827e-03,4.226317788212803350e+01,2.915433651784309355e-01,nan,1.643534985276084015e+01,1.000000000000000000e+00
1.738000000000000000e+03,9.171625887887726947e+01,1.573746704871893876e+01,-1.778049502250790212e-02,4.760958486451492035e+02,1.156398853051598952e-02,nan,2.837845635792827181e+01,1.000000000000000000e+00
1.743000000000000000e+03,3.720779226899833958e+01,1.259926636865966820e+01,-1.821695462341171336e-03,5.248709489957399654e+01,2.845469944465534029e-01,nan,1.692197160500441555e+01,1.000000000000000000e+00
1.747000000000000000e+03,1.164490734032407317e+02,2.666131147165202364e+01,-1.765123844818687398e-03,5.098546363302900630e+01,2.889211342485045186e-01,nan,1.824602870654060638e+01,1.000000000000000000e+00
1.748000000000000000e+03,1.353678769251778249e+02,3.514007066531052459e+01,-1.572007796868264001e-02,4.214043477539676132e+02,1.717795462989379907e-02,nan,2.073187121717931092e+01,1.000000000000000000e+00
1.748000000000000000e+03,9.022942692695158939e+01,9.868235078302916463e+00,-1.580179762580386123e-03,4.607632670864949631e+01,3.182949984754930295e-01,nan,1.280897857407108376e+01,1.000000000000000000e+00
1.750000000000000000e+03,1.020852137062185108e+02,3.791284906276216304e+01,-1.929640360622326533e-03,5.535237330987538940e+01,2.151956398141130489e-01,nan,1.824602870654060638e+01,1.000000000000000000e+00
1.751000000000000000e+03,2.763823440873349568e+01,4.036774638962943840e+01,-1.128652600088841766e-02,3.037205948712455665e+02,1.638518157543444875e-02,nan,2.361217477409920207e+01,1.000000000000000000e+00
1.752000000000000000e+03,5.124747978756388989e+01,4.073967407720114409e+01,-1.487514161979875153e-03,4.361662042325659172e+01,3.265713155245686394e-01,nan,2.361217477409920207e+01,1.000000000000000000e+00
1.758000000000000000e+03,1.229544994978552523e+02,4.816644082467039567e+01,-2.045688026302275395e-03,5.843273075458363763e+01,2.541488106049649698e-01,nan,6.515022213892624592e+00,1.000000000000000000e+00
1.764000000000000000e+03,2.328108858382301349e+01,3.219642946241206261e+01,-1.299785067132162679e-02,3.491458230134489895e+02,1.600481801442776852e-02,nan,2.728022427495071511e+01,1.000000000000000000e+00
1.764000000000000000e+03,1.319780953416273519e+02,2.164812666650893647e+01,-1.763042337167958088e-03,5.093021230547689271e+01,2.888780472393417398e-01,nan,1.082648800637544539e+01,1.000000000000000000e+00
1.765000000000000000e+03,9.505927652223759594e+01,3.437661940789065795e+01,-8.290993156385886853e-03,2.242074754615048562e+02,2.569381419396088440e-02,nan,2.347600826882995406e+01,1.000000000000000000e+00
1.766000000000000000e+03,1.224673104003143465e+02,2.682092207637052539e+01,-1.821879689108935703e-03,5.249198499617587999e+01,2.958241169982892549e-01,nan,9.049676741757730625e+00,1.000000000000000000e+00
1.770000000000000000e+03,8.331487653038588803e+01,7.248643269163828506e+00,-2.282288698256856180e-02,6.099405884105059386e+02,1.379825982729476763e-02,nan,2.681896464106271694e+01,1.000000000000000000e+00
1.771000000000000000e+03,1.312664481576780418e+02,2.893559081100661601e+01,-1.976577962290040815e-03,5.659828023860799817e+01,2.550178641007860847e-01,nan,9.049676741757730625e+00,1.000000000000000000e+00
1.771000000000000000e+03,6.868030101643940100e+01,2.972276313947621773e+01,-1.507931392349699503e-03,4.415857331133504715e+01,3.423217678566090605e-01,nan,1.778071516822736697e+01,1.000000000000000000e+00
1.772000000000000000e+03,3.922081196170033479e+01,2.725129460703855244e+01,-1.832260570977116768e-02,4.904855796370052303e+02,1.590700120438870435e-02,nan,1.814411788618895827e+01,1.000000000000000000e+00
1.772000000000000000e+03,1.393244005202118387e+02,1.203055718086408632e+01,-2.209465757694344633e-03,6.278003021308671805e+01,3.026477192373807634e-01,nan,1.044933221328362727e+01,1.000000000000000000e+00
1.772000000000000000e+03,1.313166873080035657e+02,4.098149778693884571e+01,-1.546931636246883174e-03,4.519379182202401068e+01,3.226977458850348590e-01,nan,9.304048830558279803e+00,1.000000000000000000e+00
1.777000000000000000e+03,2.733893283580069422e+01,1.007880701115494659e+01,-2.197978832351577157e-03,6.247512243412295874e+01,2.303081224343908051e-01,nan,2.088237011915232344e+01,1.000000000000000000e+00
1.777000000000000000e+03,8.036247233363025089e+01,3.584894662856512326e+01,1.317424671532276166e-03,-3.910178227380279026e+01,3.444654802305103791e-01,nan,1.732906697401379503e+01,1.000000000000000000e+00
1.777000000000000000e+03,9.990996828456839296e+01,4.241042435661412924e+01,-1.616994974018544709e-03,4.705354593979543409e+01,3.121485832337030919e-01,nan,2.061934984250536829e+01,1.000000000000000000e+00
1.779000000000000000e+03,1.192099823268360836e+02,2.845047202458053803e+01,-1.691200731879757011e-03,4.902325603545914845e+01,3.208092852810033868e-01,nan,1.142043528305036659e+01,1.000000000000000000e+00
1.781000000000000000e+03,7.530749910390352397e+01,1.927354896103986448e+01,-1.673214572137381867e-03,4.854583323906325631e+01,3.339737314585043970e-01,nan,1.732906697401379503e+01,1.000000000000000000e+00
1.787000000000000000e+03,2.635036096141154260e+01,8.699382998232101372e+00,1.497627599804017291e-03,-4.388507048910373953e+01,2.887604574765457732e-01,nan,3.172277484337739395e+01,1.000000000000000000e+00
1.787000000000000000e+03,5.173075293502009941e+01,2.773015142805657618e+01,-1.199917859866276486e-03,3.598269340632345603e+01,3.452057178557892403e-01,nan,1.504671129808512120e+01,1.000000000000000000e+00
1.787000000000000000e+03,7.512951928641804500e+01,3.499822356011986813e+01,-1.473950678344123190e-03,4.325659269198973078e+01,3.454233749805361020e-01,nan,1.918986780734099185e+01,1.000000000000000000e+00
1.790000000000000000e+03,9.377790904805870298e+01,3.952465546186742529e+01,-2.577391447545891029e-02,6.882723622898158737e+02,1.181738507837015728e-02,nan,1.918986780734099185e+01,1.000000000000000000e+00
1.793000000000000000e+03,1.307151659596959234e+02,2.592561712800613449e+01,-1.757981054747048948e-03,5.079586613923847693e+01,2.925369528996758506e-01,nan,1.329928127316098774e+01,1.000000000000000000e+00
1.793000000000000000e+03,2.960806686713911873e+01,3.278279393595999380e+01,-1.278797659398747113e-03,3.807647078911938365e+01,3.399494878767961303e-01,nan,1.716065801123123435e+01,1.000000000000000000e+00
1.794000000000000000e+03,6.361473042505268438e+01,5.702345570040554534e+00,-1.558898526691837247e-03,4.551143974588476482e+01,3.309879672013156249e-01,nan,1.328470302332729958e+01,1.000000000000000000e+00
1.795000000000000000e+03,1.386678043518233778e+02,1.014033923557933115e+01,-1.747824948759771953e-03,5.052628349400514196e+01,3.126028305785054640e-01,nan,1.767539124141465479e+01,1.000000000000000000e+00
1.795000000000000000e+03,1.317464278012704995e+02,3.918485471531720776e+01,-1.510354069398604261e-03,4.422288060472170912e+01,3.692807450639896683e-01,nan,1.128833297725006801e+01,1.000000000000000000e+00
1.796000000000000000e+03,1.168950017849500682e+02,2.860831550690299707e+01,-1.405652546364959858e-03,4.144369401738904912e+01,3.674967974663274628e-01,nan,1.407813227701262448e+01,1.000000000000000000e+00
1.796000000000000000e+03,4.825923298860782751e+01,3.429216084711620027e+01,-1.779284021969757077e-03,5.136132993632873678e+01,2.898651067060424857e-01,nan,6.094192504145762967e+00,1.000000000000000000e+00
1.796000000000000000e+03,9.467966691360365417e+01,3.672401254563390438e+01,-1.700863251129758422e-03,4.927973696449795682e+01,2.762265695498714591e-01,nan,2.195746578228764889e+01,1.000000000000000000e+00
1.798000000000000000e+03,4.300952482287533485e+01,5.045455891069112653e+01,-2.029156476187942652e-03,5.799391896833284932e+01,2.694546102636260487e-01,nan,1.699360311972740334e+01,1.000000000000000000e+00
1.799000000000000000e+03,1.400253067737201320e+02,3.151109264154904110e+01,-1.408519988423733490e-03,4.151980710799936247e+01,3.641018586205604368e-01,nan,3.057714176154031183e+00,1.000000000000000000e+00
1.801000000000000000e+03,7.367306551934505876e+01,4.311564781706999128e+01,-1.530012136888853633e-03,4.474468235047306308e+01,3.520039810682248360e-01,nan,1.274803659992981153e+01,1.000000000000000000e+00
1.802000000000000000e+03,6.002587579427650155e+01,5.145058459417293761e+01,-1.513677435394533959e-03,4.431109569398758197e+01,3.097289379277745613e-01,nan,1.599115250600531546e+01,1.000000000000000000e+00
1.805000000000000000e+03,8.543687563958313547e+01,3.820390590526983488e+01,-2.045131138931134337e-03,5.841794879279657238e+01,3.417419779220124409e-01,nan,1.274803659992981153e+01,1.000000000000000000e+00
1.807000000000000000e+03,6.823446275830657726e+01,1.144610037155050897e+01,-2.046854504183776187e-03,5.846369362492932709e+01,2.166088554355877216e-01,nan,1.898594165935886835e+01,1.000000000000000000e+00
1.809000000000000000e+03,2.950022635172531338e+01,3.717419630281445819e+01,-1.701466138175771825e-03,4.929573993698021184e+01,2.708013834411054921e-01,nan,2.388623692178815006e+01,1.000000000000000000e+00
1.813000000000000000e+03,5.749513872541646364e+00,3.463333601249062355e+01,-1.882150558630868746e-03,5.409180883186552791e+01,3.116114492916918222e-01,nan,2.388623692178815006e+01,1.000000000000000000e+00
1.815000000000000000e+03,6.838951961317887651e+01,4.765968302524260025e+01,-1.456245737959652913e-03,4.278663455365173718e+01,3.676811597984996904e-01,nan,3.145158378988930892e+01,1.000000000000000000e+00
1.816000000000000000e+03,1.362942255077618370e+02,3.908109755450495015e+01,-1.340738271066495161e-03,3.972061609064350307e+01,3.363158074134238174e-01,nan,4.189975699094380701e+01,1.000000000000000000e+00
1.818000000000000000e+03,1.079790605518216466e+02,8.196780022494618123e+00,-1.323576890503735427e-02,3.554611004312583873e+02,1.389298161221086403e-02,nan,2.659229298652916285e+01,1.000000000000000000e+00
1.819000000000000000e+03,1.005972164943659664e+01,2.819565611209775113e+01,-1.582396491225194872e-03,4.613516732852691149e+01,3.146670600639704940e-01,nan,2.173784228476656821e+01,1.000000000000000000e+00
1.821000000000000000e+03,8.319617440602321778e+01,1.783828408388464482e+01,-2.700158234120893230e-02,7.208594533591157187e+02,1.185325040649154449e-02,nan,2.659229298652916285e+01,1.000000000000000000e+00
1.821000000000000000e+03,2.878930633098968883e+01,1.716223212613957472e+01,-1.398785330749907543e-03,4.126141134396946342e+01,3.695482063942260309e-01,nan,2.173784228476656821e+01,1.000000000000000000e+00
1.823000000000000000e+03,1.098927405499680248e+02,3.671321781235029391e+01,-1.458299620552852517e-03,4.284115260448412243e+01,3.696239129886118580e-01,nan,6.277896045419582904e+00,1.000000000000000000e+00
1.829000000000000000e+03,1.245232847319085465e+02,1.356548841363279045e+01,-1.728052516700964714e-02,4.628246996091901906e+02,1.297647290733849879e-02,nan,2.186443997604966683e+01,1.000000000000000000e+00
1.832000000000000000e+03,4.487926403376633999e+01,2.653299118440468263e+01,-1.587303301553093888e-03,4.626541320322636608e+01,2.849039793772455420e-01,nan,1.312522548974876457e+01,1.000000000000000000e+00
1.833000000000000000e+03,1.200179002233793568e+02,3.496070390440511488e+01,-1.937758977917432941e-03,5.556787306231926493e+01,2.504215841375133644e-01,nan,1.169107275978075755e+01,1.000000000000000000e+00
1.835000000000000000e+03,1.183119411077391305e+02,2.123210076340760821e+01,-1.459115616774348369e-03,4.286281232526360441e+01,2.911435963866128018e-01,nan,1.383419100299119719e+01,1.000000000000000000e+00
1.835000000000000000e+03,1.276331988388773908e+01,3.857470777534318529e+01,-2.238907564635508104e-03,6.356153054457115559e+01,3.035551386399744089e-01,nan,3.140158167609967776e+01,1.000000000000000000e+00
1.837000000000000000e+03,3.409850929707936729e+01,1.553411263407144460e+01,-1.613554311032958186e-03,4.696221733115617525e+01,3.618396154025668165e-01,nan,1.540129871334165124e+01,1.000000000000000000e+00
1.840000000000000000e+03,7.368775916309441243e+01,4.537636025070802503e+01,-1.675501888780296569e-03,4.860654753958903029e+01,3.570839191597523499e-01,nan,1.729109180028727621e+01,1.000000000000000000e+00
1.842000000000000000e+03,4.264967474737538566e+01,2.843894390474156353e+01,-1.982922650406634957e-02,5.304771688936024248e+02,1.518706481257892094e-02,nan,1.548086240113262058e+01,1.000000000000000000e+00
1.843000000000000000e+03,6.602833426965328556e+01,2.987426149125947461e+01,-1.685186650819295784e-03,4.886361887895862566e+01,2.622119967546455710e-01,nan,9.928583504299909990e+00,1.000000000000000000e+00
1.845000000000000000e+03,1.226325167643246772e+02,1.648902918785599780e+01,-1.795794892371774601e-02,4.808061669654832713e+02,1.014636409213576229e-02,nan,2.237385020770725674e+01,1.000000000000000000e+00
1.848000000000000000e+03,1.003305178586232671e+02,1.469737689820405180e+01,-1.102134339082422310e-02,2.966816146183274441e+02,1.950567866242536308e-02,nan,1.788522960052323896e+01,1.000000000000000000e+00
1.852000000000000000e+03,7.582810277826122558e+01,4.850910872538734964e+01,-1.630365128795257038e-02,4.368946586362554854e+02,1.369084210902393739e-02,nan,2.420188341924984243e+01,1.000000000000000000e+00
1.852000000000000000e+03,6.218080855092632220e+01,1.179444092623452001e+01,-1.404708294972200700e-03,4.141862990437721237e+01,3.480938453351629658e-01,nan,8.685330522942232179e+00,1.000000000000000000e+00
1.853000000000000000e+03,4.535900537142040179e+01,1.089322042485928144e+01,-1.330915123254244707e-03,3.945987145337189617e+01,3.446859581747843126e-01,nan,9.302913148703256141e+00,1.000000000000000000e+00
1.854000000000000000e+03,2.963219028098142260e+01,3.141022861982311909e+01,-1.815173965519226639e-03,5.231398895066572408e+01,2.561696374533753984e-01,nan,1.358142118808680365e+01,1.000000000000000000e+00
1.855000000000000000e+03,7.818800127363417118e+01,9.992357902943229675e+00,-1.944859871198518879e-03,5.575635845195903784e+01,3.173723674512988202e-01,nan,1.610831220472044834e+01,1.000000000000000000e+00
1.858000000000000000e+03,5.657923377840966594e+01,3.050979886015587894e+01,1.303569656305313780e-03,-3.873401615760512584e+01,3.598164904417494592e-01,nan,1.400490966068978693e+01,1.000000000000000000e+00
1.861000000000000000e+03,1.336576215779920460e+02,4.782420876539613630e+01,-1.887881102122490043e-03,5.424391979595267799e+01,2.921028991265430808e-01,nan,5.468358923955288731e+01,1.000000000000000000e+00
1.862000000000000000e+03,4.980180365065104553e+01,4.276557037676926143e+01,-1.430473773470173141e-03,4.210254614726475353e+01,3.210602878293806750e-01,nan,1.400490966068978693e+01,1.000000000000000000e+00
1.863000000000000000e+03,5.800366860633009480e+01,1.347304831763648458e+01,-1.482317110450555092e-03,4.347867041560176915e+01,3.312062272394612483e-01,nan,1.213282254236430546e+01,1.000000000000000000e+00
1.864000000000000000e+03,4.693536350544412983e+01,1.844275706546116922e+01,-1.039866385774550900e-02,2.801532723707859418e+02,2.210106530689293081e-02,nan,1.213282254236430546e+01,1.000000000000000000e+00
1.867000000000000000e+03,1.240684086198670997e+02,2.187148161407196056e+01,-1.751954781120797179e-03,5.063590534451065395e+01,2.598025757817223891e-01,nan,1.616924926171102683e+01,1.000000000000000000e+00
1.868000000000000000e+03,1.371482535469394577e+02,3.137738916522571841e+01,-1.520455284347719833e-03,4.449100622781627834e+01,3.427582226587300163e-01,nan,1.616924926171102683e+01,1.000000000000000000e+00
1.869000000000000000e+03,2.643329487879315920e+01,4.901046306958691190e+01,-1.736458833189576762e-03,5.022458247736750536e+01,2.737925916206871424e-01,nan,2.139158143513965626e+01,1.000000000000000000e+00
1.870000000000000000e+03,1.159013237667595178e+02,4.584055096188331646e+01,-1.442199348128889776e-03,4.241378860941883033e+01,3.250540413759045455e-01,nan,1.271077513130312120e+01,1.000000000000000000e+00
1.875000000000000000e+03,8.350447333597961119e+01,4.804498736445900420e+00,-1.959460318101108062e-03,5.614391123080160639e+01,2.852154765508995160e-01,nan,2.504393341947240970e+01,1.000000000000000000e+00
1.875000000000000000e+03,5.045345809607284338e+01,7.090686504838819459e+00,1.639387795934867456e-03,-4.764793872911880612e+01,3.394733986281034399e-01,nan,2.272308275916124032e+01,1.000000000000000000e+00
1.877000000000000000e+03,2.666747298562523483e+01,4.951001960302087213e+01,2.204819901996128186e-03,-6.265671109155858431e+01,2.218251257686513211e-01,nan,2.682658009812531219e+01,1.000000000000000000e+00
1.879000000000000000e+03,7.585562401283122824e+01,2.865179848192525114e+01,-1.700395354813986513e-03,4.926731717224109275e+01,2.811375862300050654e-01,nan,7.125837755497049564e+00,1.000000000000000000e+00
1.880000000000000000e+03,1.234491273415438570e+02,1.906263207116825953e+01,-1.258954975180536472e-02,3.383079248985328036e+02,1.533791593707356515e-02,nan,1.139543687571257102e+01,1.000000000000000000e+00
1.880000000000000000e+03,1.056720243536151713e+02,3.717813568919407174e+01,-2.147029696586685854e-03,6.112273375197860759e+01,2.141468357311532289e-01,nan,1.038593780387826015e+01,1.000000000000000000e+00
1.883000000000000000e+03,1.147099031345742475e+02,1.174949718599991222e+01,-1.449248966342321903e-03,4.260091295887352203e+01,3.522045089462895184e-01,nan,1.139543687571257102e+01,1.000000000000000000e+00
1.883000000000000000e+03,9.391791954541407961e+01,1.891162705951118994e+01,-1.279705717051026533e-03,3.810057417916203093e+01,3.633360346265452900e-01,nan,2.052114663571151354e+01,1.000000000000000000e+00
1.883000000000000000e+03,6.877995001757700777e+01,2.949583712473161512e+01,-2.018973680717626659e-03,5.772362788017398572e+01,2.506810751411192584e-01,nan,7.125837755497049564e+00,1.000000000000000000e+00
1.885000000000000000e+03,1.157452009071463124e+02,3.464854714806370595e+01,-2.076413135826144212e-03,5.924829493941047787e+01,2.841513797061601121e-01,nan,1.038593780387826015e+01,1.000000000000000000e+00
1.886000000000000000e+03,9.042182629124151561e+01,5.211268737514568983e+01,-2.574979796750150041e-02,6.876322161533838653e+02,1.078544007856363507e-02,nan,3.076149371874900496e+01,1.000000000000000000e+00
1.887000000000000000e+03,4.484540654995944209e+01,3.106235546286872307e+01,-1.562565903665664307e-02,4.188981012173952081e+02,1.827574932105135996e-02,nan,1.650173614520146614e+01,1.000000000000000000e+00
1.888000000000000000e+03,1.920178907221997378e+01,2.288850338121211792e+01,1.166751033021241066e-03,-3.510231652505795807e+01,3.717308174068938431e-01,nan,2.388732012096768642e+01,1.000000000000000000e+00
1.889000000000000000e+03,7.162323141118083925e+01,6.252847827415312310e+00,-1.671126427895701025e-02,4.477142964466631838e+02,1.241394816978658167e-02,nan,3.272866794372279031e+01,1.000000000000000000e+00
1.894000000000000000e+03,2.325201156389962165e+01,4.688441363020510266e+01,-2.273410297383632317e-02,6.075839147052058706e+02,1.111580974290160562e-02,nan,2.539113440180200598e+01,1.000000000000000000e+00
1.894000000000000000e+03,1.011319859039563909e+02,2.040908721701190487e+01,-1.706748552925689945e-03,4.943595581728772714e+01,2.705776228724702248e-01,nan,2.270352211029629075e+01,1.000000000000000000e+00
1.896000000000000000e+03,6.806185018533683717e+01,1.150736892653941901e+01,1.322528942536307798e-03,-3.923726952462298101e+01,3.579560308535008062e-01,nan,2.003083078783556914e+01,1.000000000000000000e+00
1.905000000000000000e+03,9.068443152895835624e+01,2.171190265423110333e+01,-1.503669330414023585e-02,4.032646546658853595e+02,1.665072337384476686e-02,nan,2.942269223930650313e+01,1.000000000000000000e+00
1.908000000000000000e+03,6.686447036696947066e+01,4.379791322460021519e+01,-1.723400244448945176e-03,4.987795662488783677e+01,3.150375014908318727e-01,nan,2.765799550961039088e+01,1.000000000000000000e+00
1.910000000000000000e+03,3.867507277855964531e+01,3.470812685968047617e+01,-2.255598633975404010e-03,6.400457659293448387e+01,2.797644350369117294e-01,nan,6.876294331387013514e+00,1.000000000000000000e+00
1.911000000000000000e+03,5.398561624606156073e+01,1.932139729316091348e+01,-1.910462756705386209e-03,5.484332494038784489e+01,2.938955823980458071e-01,nan,7.323544151694656001e+00,1.000000000000000000e+00
1.914000000000000000e+03,1.224180625275373302e+01,5.282886664084529116e+01,1.497515223989495181e-03,-4.388208759690301974e+01,3.492681046067792616e-01,nan,2.407703358774751123e+01,1.000000000000000000e+00
1.914000000000000000e+03,1.421047527587411992e+02,5.005666989056701155e+00,-1.584047084449838935e-03,4.617898050734378756e+01,3.718881489039138621e-01,nan,2.643605432100857655e+01,1.000000000000000000e+00
1.914000000000000000e+03,5.888679713616744138e+00,1.023687774381191851e+01,-1.715789381164791686e-03,4.967593464331126540e+01,3.482841824747051618e-01,nan,3.825284849477771587e+00,1.000000000000000000e+00
1.915000000000000000e+03,3.852931139207878175e+01,4.219101660286614930e+01,-9.301003160934085898e-03,2.510170783820866518e+02,2.841739369589502129e-02,nan,7.484309272769409382e+00,1.000000000000000000e+00
1.915000000000000000e+03,5.969840160253258432e+01,5.149945376436187416e+01,1.602339672826250160e-03,-4.666453711426137119e+01,3.532059211213797179e-01,nan,2.312525421974525131e+01,1.000000000000000000e+00
1.916000000000000000e+03,1.218259553932693535e+02,3.381472074307227160e+01,-1.760862001448670802e-03,5.087233769571616904e+01,2.922367986092294645e-01,nan,1.289766664011087904e+01,1.000000000000000000e+00
1.916000000000000000e+03,1.879248331471548283e+01,2.581816482755781550e+01,1.467110233244710857e-03,-4.307502061241680025e+01,3.648970740856377626e-01,nan,6.180835218894577210e+00,1.000000000000000000e+00
1.917000000000000000e+03,1.210004875975536862e+02,4.668594475936789934e+01,-1.741627285779519772e-03,5.036177335768181251e+01,2.866719980781500254e-01,nan,1.289766664011087904e+01,1.000000000000000000e+00
1.918000000000000000e+03,8.827992236756847433e+01,2.417119085970332293e+01,-2.160398675261134341e-03,6.147759856331878581e+01,2.134925263771401127e-01,nan,5.573548352080248236e+00,1.000000000000000000e+00
1.919000000000000000e+03,6.332339265650803384e+01,2.712378263522412070e+01,-1.168082145474699449e-02,3.141867333290202282e+02,2.686727898150043092e-02,nan,2.464373963377477850e+01,1.000000000000000000e+00
1.922000000000000000e+03,3.292684953571516360e+01,3.663399129710722235e+01,-9.207640610782779830e-03,2.485388723386434719e+02,5.680666780171572672e-02,nan,9.234321656520240396e+00,1.000000000000000000e+00
1.922000000000000000e+03,4.007199446418444921e+01,4.248374346341720553e+01,-1.541573123824385889e-02,4.133257990697978812e+02,3.249947977167322311e-02,nan,9.234321656520240396e+00,1.000000000000000000e+00
1.923000000000000000e+03,9.226082434197543591e+01,2.807207033786452399e+01,-1.199478304420493503e-03,3.597102589123949201e+01,3.678912018142374007e-01,nan,3.817503562670946149e+00,1.000000000000000000e+00
1.923000000000000000e+03,1.125262897745647024e+02,2.867929001499231489e+01,-1.318182110530073583e-03,3.912188765758717324e+01,3.737366607876794200e-01,nan,4.718131321514667853e+00,1.000000000000000000e+00
1.925000000000000000e+03,1.247751637307713537e+02,1.292141908900974201e+01,1.418783791882691214e-03,-4.179224846397646331e+01,3.145398039994066197e-01,nan,8.871589331352680574e+00,1.000000000000000000e+00
1.927000000000000000e+03,8.952345490355990876e+01,1.845283858184241055e+01,1.232131029814531077e-03,-3.683775651583417954e+01,3.644360485628694857e-01,nan,1.000114048588637772e+01,1.000000000000000000e+00
1.927000000000000000e+03,1.088981198738065643e+02,3.169543761388240100e+01,-1.281075560807102371e-03,3.813693517261581434e+01,3.591560519547559727e-01,nan,4.718131321514667853e+00,1.000000000000000000e+00
1.928000000000000000e+03,2.604415452594312441e+01,3.924826703011130036e+01,-1.413079701948049410e-03,4.164083968041749273e+01,3.654794621135719623e-01,nan,2.217647083471243974e+01,1.000000000000000000e+00
1.929000000000000000e+03,1.430509976219125576e+02,2.913529331208502526e+01,-2.419022774266285473e-03,6.834249036518059484e+01,2.540069151990638208e-01,nan,7.933075918195369169e+00,1.000000000000000000e+00
1.931000000000000000e+03,1.408068324008293644e+02,3.674432846671086850e+01,4.247517292794303692e-03,-1.168778630480728538e+02,1.172097290637610367e-01,nan,7.933075918195369169e+00,1.000000000000000000e+00
1.934000000000000000e+03,7.905222630391722305e+01,4.204460515225967043e+01,-8.944755203647363276e-03,2.415608688068183767e+02,2.579510516542937726e-02,nan,1.101896263179450663e+01,1.000000000000000000e+00
1.935000000000000000e+03,6.121903999743726388e+01,4.734406039497866203e+01,-1.463407667679956017e-02,3.925776398248236774e+02,1.776016984428763212e-02,nan,1.860394473522231706e+01,1.000000000000000000e+00
1.935000000000000000e+03,9.104093404017464763e+01,1.837720806925097605e+01,-1.189185419079530131e-03,3.569781258874181162e+01,3.708141093563371848e-01,nan,8.449239293104362503e+00,1.000000000000000000e+00
1.935000000000000000e+03,8.210057553298895527e+01,3.145569092753854079e+01,-1.741303684798857845e-03,5.035318372613639326e+01,2.724263153476180754e-01,nan,9.773992536884623661e+00,1.000000000000000000e+00
1.937000000000000000e+03,8.090081156306524690e+01,1.055750136924474880e+01,-1.619318549429874226e-03,4.711522268938529123e+01,3.223006396490754044e-01,nan,1.145097808788409210e+01,1.000000000000000000e+00
1.938000000000000000e+03,1.257916759681956904e+02,1.700684841543369785e+01,-1.295037066955672094e-03,3.850752797301471020e+01,3.729232681970513497e-01,nan,4.608441520936204405e+00,1.000000000000000000e+00
1.938000000000000000e+03,8.329629775472507447e+01,2.175511473436719001e+01,-1.281014003114112291e-03,3.813530119146875563e+01,3.434964990360274140e-01,nan,8.449239293104362503e+00,1.000000000000000000e+00
1.939000000000000000e+03,3.693711029550577507e+01,2.477147042286377143e+01,-2.162569106321533645e-03,6.153521026482052747e+01,1.934193156219409238e-01,nan,8.045393453436668452e+00,1.000000000000000000e+00
1.941000000000000000e+03,4.498250366345722284e+01,2.477029759532151587e+01,-1.494495308500856569e-03,4.380192726706516737e+01,3.741741674984937482e-01,nan,8.045393453436668452e+00,1.000000000000000000e+00
1.942000000000000000e+03,1.484996196279560543e+01,3.475714869111342153e+01,-2.119499408088395924e-03,6.039197257178775402e+01,3.402749806845787317e-01,nan,1.744335174280836753e+01,1.000000000000000000e+00
1.943000000000000000e+03,1.300049880318775024e+02,1.513983617500191414e+01,-1.362586375264332678e-03,4.030054994820319791e+01,3.074337963612145952e-01,nan,4.608441520936204405e+00,1.000000000000000000e+00
1.944000000000000000e+03,9.816443529840134374e+01,1.968243594029239674e+01,-1.767606739725390876e-03,5.105136934311356356e+01,2.851201754458377868e-01,nan,1.132101853397107760e+01,1.000000000000000000e+00
1.945000000000000000e+03,7.516276086718657723e+01,4.858724714015764334e+00,-2.929861870029936560e-02,7.818317530433162119e+02,1.389893769823158376e-02,nan,2.647420989420613324e+01,1.000000000000000000e+00
1.949000000000000000e+03,1.004267908336350814e+02,3.077510054708160325e+01,-1.639115304224763019e-03,4.764070573685719268e+01,3.102532836112315007e-01,nan,1.132101853397107760e+01,1.000000000000000000e+00
1.950000000000000000e+03,1.332909392083263640e+02,4.489727775096584139e+01,-1.338236523273791771e-02,3.593523384561981970e+02,2.031393614673815406e-02,nan,1.641765981512250505e+01,1.000000000000000000e+00
1.950000000000000000e+03,5.389120902492415155e+01,4.295871073320875411e+01,-1.687311392350435276e-03,4.892001780223879592e+01,2.462617460640671441e-01,nan,1.707455041200527646e+01,1.000000000000000000e+00
1.951000000000000000e+03,1.217507952140018119e+02,3.321975102672567459e+01,-1.558298092911874436e-03,4.549550189264725475e+01,2.678875085807653766e-01,nan,1.641765981512250505e+01,1.000000000000000000e+00
1.955000000000000000e+03,7.418563568014073795e+00,2.626511356218133741e+01,-1.644044511068484728e-03,4.777154610239664123e+01,3.057651100638070218e-01,nan,2.576399042134181983e+01,1.000000000000000000e+00
1.963000000000000000e+03,9.554209270321848635e+01,1.240667419506814895e+01,-1.617188827512291201e-03,4.705869156723348823e+01,3.130525491397009308e-01,nan,1.012550170545064177e+01,1.000000000000000000e+00
1.965000000000000000e+03,1.203937694675524028e+02,2.294960972527112730e+01,-1.415735946503568835e-02,3.799237066011489219e+02,1.391446959808340100e-02,nan,2.403307570399028137e+01,1.000000000000000000e+00
1.966000000000000000e+03,1.396044267619028858e+02,3.869226245898244088e+01,-1.700710450261694708e-03,4.927568103378414577e+01,2.516405836572757071e-01,nan,2.483707850724818300e+01,1.000000000000000000e+00
1.968000000000000000e+03,1.240240467867338836e+01,1.155521118516049306e+01,-2.365910310205714562e-03,6.693267851659940959e+01,1.579861356105188852e-01,nan,8.314404797744651887e+01,1.000000000000000000e+00
1.970000000000000000e+03,1.085764491937918024e+02,4.387661785689602567e+01,-1.991921669173465567e-03,5.700556203484963902e+01,1.717924482357681137e-01,nan,1.252167145916669710e+01,1.000000000000000000e+00
1.971000000000000000e+03,1.301657752304038524e+02,1.343007937381664441e+01,-1.753653697438334498e-03,5.068100120659455854e+01,2.727043613438226988e-01,nan,2.696787045655451465e+01,1.000000000000000000e+00
1.976000000000000000e+03,6.446472002034326465e+01,2.956669805389123695e+01,-2.484503756352815160e-02,6.636163479346911345e+02,1.306580491250064480e-02,nan,2.416015633575668531e+01,1.000000000000000000e+00
1.977000000000000000e+03,2.528318365440170368e+01,4.928263997025468690e+00,-1.334258608696320576e-02,3.582964448532264328e+02,1.706128770573522857e-02,nan,2.963943213790831166e+01,1.000000000000000000e+00
1.978000000000000000e+03,4.783095476012388048e+01,4.747273138364866440e+01,-1.597087930151560448e-03,4.652513539040172930e+01,2.520088230182033762e-01,nan,2.208971989506556710e+01,1.000000000000000000e+00
1.981000000000000000e+03,1.445685951472391082e+02,5.157955941377541365e+01,-1.691502850518194394e-03,4.903127544189565867e+01,3.683850925568964430e-01,nan,1.574016741127302410e+01,1.000000000000000000e+00
1.981000000000000000e+03,1.145812589944272446e+02,5.279737426482687113e+01,-1.396967651861670589e-03,4.121316306027790688e+01,3.514990975406293572e-01,nan,1.659407836238100842e+01,1.000000000000000000e+00
1.983000000000000000e+03,3.732376931916898855e+01,2.521723758943639737e+01,-1.355679714544528840e-03,4.011722024793161268e+01,3.601621468607805188e-01,nan,1.644402444871196067e+01,1.000000000000000000e+00
1.986000000000000000e+03,1.177908097530373936e+02,1.553021720884933465e+01,-2.872899736289549234e-03,8.039015432083301960e+01,1.628082970012840747e-01,nan,1.425451460439382423e+01,1.000000000000000000e+00
1.987000000000000000e+03,8.192492005926875720e+01,1.593299756942339762e+01,-1.371735120618378144e-03,4.054339331515894429e+01,3.748604248419811213e-01,nan,1.330175242709073835e+01,1.000000000000000000e+00
1.987000000000000000e+03,5.092372953781922007e+01,3.583535508951330684e+01,1.385360686085480289e-03,-4.090506894024822770e+01,2.811670849938574523e-01,nan,1.054704026325918242e+01,1.000000000000000000e+00
1.989000000000000000e+03,1.053394940884177799e+02,2.424408217288649681e+01,-1.627978690188583346e-03,4.734509658561584899e+01,2.849336265685669112e-01,nan,1.519758876899477507e+01,1.000000000000000000e+00
1.989000000000000000e+03,4.495823478487973546e+01,2.713748577183200439e+01,-1.584749765489702538e-03,4.619763240145744732e+01,2.909137970240505133e-01,nan,1.054704026325918242e+01,1.000000000000000000e+00
1.992000000000000000e+03,8.316729494404292211e+01,3.555051240261731493e+01,-1.907193800601400448e-03,5.475655410176444349e+01,3.392353367631779637e-01,nan,1.529136900868095061e+01,1.000000000000000000e+00
1.996000000000000000e+03,6.674230797901458345e+01,2.230703753425622082e+01,-1.447807834048841233e-03,4.256265968972741831e+01,3.652891555341296614e-01,nan,2.109904792615682823e+01,1.000000000000000000e+00
1.998000000000000000e+03,3.494107203830814967e+01,1.029709927182000939e+01,-1.826319565977610557e-03,5.260983663658481646e+01,2.919476843385824250e-01,nan,2.235221295163466948e+01,1.000000000000000000e+00
1.999000000000000000e+03,5.577787354383262652e+01,4.287955313675406188e+01,-1.659857205831239205e-02,4.447230055939826912e+02,1.629795344957918335e-02,nan,2.249893119279188269e+01,1.000000000000000000e+00
2.002000000000000000e+03,5.488054694886631779e+01,2.039852313810965612e+01,-2.090225800745270247e-03,5.961493691334069212e+01,2.654224669048088625e-01,nan,2.235221295163466948e+01,1.000000000000000000e+00
2.002000000000000000e+03,1.028386445933281301e+01,4.606948073902940877e+01,-1.748185998986728383e-03,5.053586717453850241e+01,3.368253803161658233e-01,nan,4.344699254756564955e+01,1.000000000000000000e+00
2.003000000000000000e+03,8.733568031325395964e+01,3.518067049737616969e+01,-1.527100513086452867e-03,4.466739650414979224e+01,3.316521709925038808e-01,nan,1.334691724787639444e+01,1.000000000000000000e+00
2.004000000000000000e+03,1.218073211333122146e+02,4.251976642043890564e+01,-1.601839278394940865e-03,4.665125469532823388e+01,3.114655282007163795e-01,nan,1.213959467769270617e+01,1.000000000000000000e+00
2.004000000000000000e+03,9.173764277065795625e+01,5.287301076497880103e+01,1.216938604810082966e-03,-3.643449033041439122e+01,3.305167317140998984e-01,nan,8.231216479675930842e+00,1.000000000000000000e+00
2.006000000000000000e+03,1.415784426798535378e+02,5.143323973638294433e+01,-1.402668772642475317e-03,4.136449303091915652e+01,3.595082360641013164e-01,nan,2.168749072073938677e+01,1.000000000000000000e+00
2.006000000000000000e+03,9.564291762237913019e+01,4.562720141972255306e+01,-1.348541859275792639e-03,3.992775374304783043e+01,3.172315717058702411e-01,nan,8.231216479675930842e+00,1.000000000000000000e+00
2.009000000000000000e+03,3.292380529317138382e+01,1.521463893738595274e+01,-1.169337024666345900e-03,3.517095882448965227e+01,3.665277666838039350e-01,nan,6.932577339111301917e+00,1.000000000000000000e+00
2.010000000000000000e+03,1.007224124015235134e+02,3.595763472852873122e+01,-1.334885347065905377e-03,3.956525667076295605e+01,3.303659604823587781e-01,nan,1.092253574985223175e+01,1.000000000000000000e+00
2.011000000000000000e+03,5.369274710748902635e+01,2.284034081899530477e+01,-1.650395861566636641e-03,4.794013570457693163e+01,3.721093689185480669e-01,nan,1.454827565492350239e+01,1.000000000000000000e+00
2.012000000000000000e+03,1.018514587027839013e+02,1.881076612870409903e+01,-2.138680835507161294e-03,6.090112243191918395e+01,2.176031788652722510e-01,nan,1.718399977682849311e+01,1.000000000000000000e+00
2.013000000000000000e+03,8.395857333845459891e+01,2.987708411798549335e+01,-1.731416855869381604e-03,5.009074874376059938e+01,2.677158249770553722e-01,nan,1.375698297693825722e+01,1.000000000000000000e+00
2.013000000000000000e+03,1.361970104406982500e+02,3.609430887224114315e+01,-1.559824822407096870e-03,4.553602724521775968e+01,3.541204699474401751e-01,nan,4.213214286842493550e+00,1.000000000000000000e+00
2.014000000000000000e+03,4.192190147973533243e+01,3.139016641600204238e+01,-1.727718960000431412e-03,4.999259217160609126e+01,2.278926731095509695e-01,nan,1.454827565492350239e+01,1.000000000000000000e+00
2.015000000000000000e+03,1.377499166700667104e+02,3.217772147124492221e+01,1.569464854782415654e-03,-4.579191128494016993e+01,3.496690577308504411e-01,nan,4.213214286842493550e+00,1.000000000000000000e+00
2.016000000000000000e+03,1.021629142384423687e+02,3.805399805511066802e+01,-1.555005921864891644e-02,4.168913873308708276e+02,1.610691098376837438e-02,nan,1.456888047043389989e+01,1.000000000000000000e+00
2.018000000000000000e+03,9.353527136952347121e+01,2.000077734624684922e+01,-1.573286422038934745e-03,4.589335057783846850e+01,2.676852671344726042e-01,nan,1.340558919627828161e+01,1.000000000000000000e+00
2.020000000000000000e+03,1.202357809467562255e+01,1.607186181509446854e+01,-1.309662006026824721e-03,3.889573086949066294e+01,3.342116170412450238e-01,nan,8.692718205298028522e+00,1.000000000000000000e+00
2.021000000000000000e+03,2.396544058920976283e+01,1.831187184285665381e+01,-1.787276054200279216e-03,5.157346962768222198e+01,3.353604767752254023e-01,nan,1.215013270556483782e+01,1.000000000000000000e+00
2.022000000000000000e+03,7.247378413421745336e+01,1.841744038302124054e+01,-1.857483843547036526e-03,5.343705805338340298e+01,3.027841187972800663e-01,nan,5.803966884476840171e+00,1.000000000000000000e+00
2.025000000000000000e+03,1.258216173880873257e+01,5.318617891784862195e+01,-1.527353681525480192e-02,4.095514047561859456e+02,1.819445357066373781e-02,nan,3.314773180684114351e+01,1.000000000000000000e+00
2.027000000000000000e+03,1.293662261375524736e+02,2.008850136798838903e+01,1.241502355142138584e-03,-3.708650802298893723e+01,3.474550838089616178e-01,nan,7.350651959227440635e+00,1.000000000000000000e+00
2.028000000000000000e+03,4.340364925878625257e+01,4.098748919336845375e+01,-1.951788252898235126e-02,5.222128860586503833e+02,1.150183940203330923e-02,nan,8.393781758003560967e+00,1.000000000000000000e+00
2.031000000000000000e+03,1.386440975087815559e+02,4.053291952442187807e+01,-1.927846466418781405e-03,5.530475636443722465e+01,3.106790697441577098e-01,nan,6.658671775996260145e+00,1.000000000000000000e+00
2.032000000000000000e+03,5.874195130977738266e+00,1.236947715155499594e+01,-1.864323046836928411e-03,5.361859717049062368e+01,3.387747213953583580e-01,nan,3.421918244645240037e+01,1.000000000000000000e+00
2.034000000000000000e+03,4.805917635024940182e+01,2.945106390444536260e+01,-1.525047727143261696e-03,4.461290756268378743e+01,3.728214026914535850e-01,nan,3.980870608943782862e+00,1.000000000000000000e+00
2.034000000000000000e+03,1.356431904548356044e+02,4.647703145758957533e+01,-1.702558672406258777e-03,4.932474005456775501e+01,3.675238541601751896e-01,nan,6.658671775996260145e+00,1.000000000000000000e+00
2.037000000000000000e+03,3.568618970104233057e+01,2.916821005192684169e+01,-1.122706039438091039e-03,3.393319069136679644e+01,3.669174949952488385e-01,nan,1.237621933077064540e+01,1.000000000000000000e+00
2.037000000000000000e+03,8.680387526351066185e+01,3.807187088045050416e+01,1.554573942387836669e-03,-4.539664841959616837e+01,3.374304142081596680e-01,nan,1.122720110195140641e+01,1.000000000000000000e+00
2.038000000000000000e+03,8.044787854167780949e+01,2.881706941009421641e+01,-1.607049090607032445e-03,4.678954342124976762e+01,2.910793093464311143e-01,nan,1.122720110195140641e+01,1.000000000000000000e+00
2.039000000000000000e+03,7.069173012762206554e+01,1.595638409317500717e+01,-1.346101991124138645e-03,3.986299013077680797e+01,3.444699512286646392e-01,nan,1.165301047849076355e+01,1.000000000000000000e+00
2.039000000000000000e+03,1.270299083218606029e+02,1.721615575926416852e+01,-1.274185287733803525e-03,3.795404046436770074e+01,3.643435904902248001e-01,nan,1.152557590981490065e+01,1.000000000000000000e+00
2.041000000000000000e+03,8.228429110020955761e+01,1.477097981249398906e+01,-1.399412279044397666e-03,4.127805299578610487e+01,3.690298327749357288e-01,nan,1.165301047849076355e+01,1.000000000000000000e+00
2.042000000000000000e+03,1.349529442779766839e+02,3.881679694178529161e+01,-1.614601083790894939e-02,4.327102665501773231e+02,1.698333397612872275e-02,nan,1.792593091873409250e+01,1.000000000000000000e+00
2.043000000000000000e+03,1.378706392367225533e+02,2.112990757618638327e+01,-1.667930617286885213e-03,4.840557647848248735e+01,3.241704963579806753e-01,nan,1.152557590981490065e+01,1.000000000000000000e+00
2.046000000000000000e+03,1.177086792075816248e+02,3.270743701289334382e+01,-1.352796019974313512e-03,4.004067575230922671e+01,3.618866563861417029e-01,nan,1.829450618515836524e+01,1.000000000000000000e+00
2.047000000000000000e+03,9.252355680194838783e+01,4.932409349743526406e+01,-3.275278212051748600e-02,8.735187158474824400e+02,1.192229961318180820e-02,nan,3.017289617043743988e+01,1.000000000000000000e+00
2.049000000000000000e+03,7.221755820383532409e+01,8.776155646445968017e+00,-1.378587536291011727e-03,4.072528314041097985e+01,3.466012751428736438e-01,nan,4.093249653073784344e+01,1.000000000000000000e+00
2.052000000000000000e+03,1.715960855606298097e+01,4.739649769959525116e+01,-1.776321349694968705e-03,5.128268906454210452e+01,3.026048205929174895e-01,nan,1.493722370484680795e+01,1.000000000000000000e+00
2.053000000000000000e+03,1.362532747785669471e+02,1.224823585085290389e+01,1.441963285952037105e-03,-4.240752259898577137e+01,3.111100614512498641e-01,nan,2.781588310586879587e+01,1.000000000000000000e+00
2.056000000000000000e+03,2.217045046199385538e+01,2.023264227197029186e+01,-1.633176475078562326e-02,4.376408995367244188e+02,1.884152462047461452e-02,nan,2.762215737952310946e+01,1.000000000000000000e+00
2.058000000000000000e+03,1.160218395468575352e+02,3.133782414983159725e+01,-2.019696798789268749e-03,5.774282225278229674e+01,1.803983732224024861e-01,nan,2.028806692825649804e+01,1.000000000000000000e+00
2.059000000000000000e+03,7.225957357231730782e+01,2.701100345055073504e+01,-2.589271026715476293e-02,6.914256657122176648e+02,9.572902925823134623e-03,nan,1.988127410721864408e+01,1.000000000000000000e+00
2.060000000000000000e+03,5.371744891056756899e+00,5.033072654346833019e+01,-1.970846083690415765e-02,5.272715772970063881e+02,1.670678608348796779e-02,nan,3.446869863620079855e+01,1.000000000000000000e+00
2.061000000000000000e+03,5.640505739062144386e+01,5.197621972041931571e+01,1.272488055243284561e-03,-3.790898929761705460e+01,3.426631024839094097e-01,nan,2.957410534161543936e+01,1.000000000000000000e+00
2.062000000000000000e+03,1.240927729293257755e+02,4.921106978786641939e+00,-1.615848678471266953e-02,4.330414268142934588e+02,2.226053211651701780e-02,nan,2.762214531420797314e+01,1.000000000000000000e+00
2.065000000000000000e+03,1.119347912684760331e+02,3.348904943074840190e+01,-1.673330877026651606e-02,4.482994431837575462e+02,1.349761993429188234e-02,nan,1.954403040245787082e+01,1.000000000000000000e+00
2.067000000000000000e+03,1.356488462404209088e+02,3.094257984685832952e+01,-2.037602464476464571e-03,5.821810842315755252e+01,3.074305738028124679e-01,nan,1.789596418106205533e+01,1.000000000000000000e+00
2.069000000000000000e+03,4.018860612500810703e+01,9.165299880915807051e+00,-1.418589163666085506e-03,4.178708227237356709e+01,3.704821809521345877e-01,nan,1.990595794102710769e+01,1.000000000000000000e+00
2.069000000000000000e+03,1.201897428902986746e+02,5.120415310229278560e+01,-1.615639503289267344e-03,4.701756646250436233e+01,3.573852621248930772e-01,nan,1.954403040245787082e+01,1.000000000000000000e+00
2.071000000000000000e+03,9.627323806794252903e+01,2.533830369073916700e+01,-1.903679342919541205e-03,5.466326669420654838e+01,2.338165977946553564e-01,nan,1.544872934045393897e+01,1.000000000000000000e+00
2.072000000000000000e+03,4.112458419175366231e+01,3.677283023557540531e+01,1.259747917759156295e-03,-3.757081638292807213e+01,3.501553566158469577e-01,nan,1.924037018782643926e+01,1.000000000000000000e+00
2.076000000000000000e+03,5.574583919000940568e+01,4.927925847230957856e+01,-1.609339948784143477e-03,4.685035172789935132e+01,3.604208479269074283e-01,nan,1.924037018782643926e+01,1.000000000000000000e+00
2.077000000000000000e+03,1.007459670439976485e+01,4.372537655867484574e+01,-3.588782235390553660e-02,9.567349052106550289e+02,9.562063669480425077e-03,nan,2.425798014049490092e+01,1.000000000000000000e+00
2.078000000000000000e+03,4.244393776984442468e+01,1.201793442551243274e+01,-2.332182921767925188e-02,6.231844603953272781e+02,1.066946020130665751e-02,nan,2.980782233646563739e+01,1.000000000000000000e+00
2.079000000000000000e+03,3.573592588807134973e+01,4.249871830090112468e+01,-1.972636882237692457e-03,5.649366861020244812e+01,2.515533554594276966e-01,nan,1.436788470638116344e+01,1.000000000000000000e+00
2.081000000000000000e+03,9.051933202635622422e+01,4.410570410248676865e+01,-1.633074957869533892e-03,4.748037139704150178e+01,2.868822939846763509e-01,nan,7.452821016840162294e+00,1.000000000000000000e+00
2.083000000000000000e+03,4.982147573285610065e+01,4.533304300106269835e+01,-1.667894673277487425e-03,4.840462238434976427e+01,2.763670752368991845e-01,nan,1.436788470638116344e+01,1.000000000000000000e+00
2.087000000000000000e+03,1.229281429117520474e+02,4.950991140762072007e+01,1.731855253656545447e-03,-5.010238553007182105e+01,3.397802556110992578e-01,nan,2.990356058108653770e+01,1.000000000000000000e+00
2.087000000000000000e+03,6.107524539818589915e+01,2.560048158654381467e+01,-1.282301241631715735e-03,3.816946951986711412e+01,3.625308524029149382e-01,nan,2.271610247507385694e+01,1.000000000000000000e+00
2.096000000000000000e+03,6.856365918653510505e+01,2.087542293841198671e+01,-2.214637068225365664e-03,6.291729695429856406e+01,2.084947282877306352e-01,nan,2.670250316246874078e+01,1.000000000000000000e+00
2.096000000000000000e+03,9.148044188017212264e+01,5.188353000929944869e+01,-5.348377450178789724e-03,1.460989831930850755e+02,7.516213409949135116e-02,nan,2.500343411826352735e+01,1.000000000000000000e+00
2.097000000000000000e+03,5.967609340774072990e+01,4.605547158151941289e+01,-1.937888962411143208e-03,5.557132335751090579e+01,3.140954635866604061e-01,nan,1.566443723896877316e+01,1.000000000000000000e+00
2.101000000000000000e+03,1.415794488377165976e+02,8.675995630127417257e+00,-1.492687686877215703e-02,4.003496983653396910e+02,1.870094112942299880e-02,nan,2.867649482556760887e+01,1.000000000000000000e+00
2.101000000000000000e+03,2.860186768464661355e+01,3.536578445616918742e+01,-1.236699916467134995e-03,3.695903257883738746e+01,3.728581597295229644e-01,nan,2.336118708129520982e+01,1.000000000000000000e+00
2.102000000000000000e+03,4.513209307991564856e+01,5.187325883079345346e+01,-6.178160102714371979e-03,1.681246495970701176e+02,4.119783941905619251e-02,nan,1.566443723896877316e+01,1.000000000000000000e+00
2.102000000000000000e+03,9.329543698965862575e+01,5.190651444933848069e+01,-2.129779261739220622e-03,6.066483996242670429e+01,3.233788207798714565e-01,nan,6.013551842158578964e+00,1.000000000000000000e+00
2.107000000000000000e+03,1.122426414528033405e+02,2.546034202171156480e+01,1.275963776679027266e-03,-3.800124849419451323e+01,3.356689096850358212e-01,nan,1.375989337281492908e+01,1.000000000000000000e+00
2.109000000000000000e+03,5.803805524559564333e+01,9.640205451425199357e+00,-1.565016799995079316e-03,4.567384257068934517e+01,2.708710853716097544e-01,nan,5.069695498809601908e+00,1.000000000000000000e+00
2.109000000000000000e+03,1.118263917166071053e+01,3.083715965109785984e+01,-1.379830830335502471e-03,4.075828501118079572e+01,3.519589343283917593e-01,nan,2.204795004962682725e+01,1.000000000000000000e+00
2.110000000000000000e+03,1.258744857482649877e+02,2.358751348296971528e+01,1.454393581582709080e-03,-4.273747110300364227e+01,3.140202749174952901e-01,nan,1.375989337281492908e+01,1.000000000000000000e+00
2.112000000000000000e+03,4.709304378102351052e+01,4.112757102709957024e+01,1.155289796733597598e-03,-3.479809063376281841e+01,3.654404406873884570e-01,nan,9.325999626059633840e+00,1.000000000000000000e+00
2.114000000000000000e+03,3.266367723490591146e+01,2.586955407937113449e+01,-1.527812816636162259e-03,4.468630381718692490e+01,2.820706029349017152e-01,nan,1.485679540336257709e+01,1.000000000000000000e+00
2.114000000000000000e+03,6.198096195072459835e+01,6.453467438142735269e+00,-1.497365415153151507e-03,4.387811108637512092e+01,3.412604844629887335e-01,nan,5.069695498809601908e+00,1.000000000000000000e+00
2.114000000000000000e+03,3.879432377708636182e+01,1.226975338900475521e+01,-1.400757673694765859e-03,4.131376501466257878e+01,3.745477206686731453e-01,nan,1.491775471855060964e+01,1.000000000000000000e+00
2.116000000000000000e+03,8.463260250213275526e+01,3.285157631850109539e+01,-1.718034941748876592e-03,4.973554057525483785e+01,3.315150918941929259e-01,nan,1.025728406793361813e+01,1.000000000000000000e+00
2.117000000000000000e+03,4.477010794059936671e+01,5.084346085344355970e+01,-5.053430800723796544e-03,1.382699493032855571e+02,5.125659362468903968e-02,nan,9.989722019975413758e+00,1.000000000000000000e+00
2.119000000000000000e+03,1.153269719858032971e+02,1.780843094895865164e+01,-1.266077296668836416e-03,3.773882277349677850e+01,3.513038545630141618e-01,nan,2.647021929352320768e+01,1.000000000000000000e+00
2.121000000000000000e+03,7.341618491114844858e+01,4.563353710176636469e+01,1.904826071697491132e-03,-5.469370534635454817e+01,3.007958176715003207e-01,nan,1.700548573373526295e+01,1.000000000000000000e+00
2.122000000000000000e+03,1.281412298917811938e+02,5.307144823533075595e+01,-1.322304449905284092e-03,3.923131061503868011e+01,3.288737995202275499e-01,nan,1.944379927683255360e+01,1.000000000000000000e+00
2.124000000000000000e+03,4.686521730151645926e+01,5.131704118409854232e+01,-2.733241018618118995e-02,7.296409140563744131e+02,1.168832568841882136e-02,nan,2.715246028745118068e+01,1.000000000000000000e+00
2.127000000000000000e+03,1.080500657445279558e+02,4.324184953387889863e+01,1.857452474348724901e-03,-5.343622539257125226e+01,2.844445439653264796e-01,nan,1.323861603545426746e+01,1.000000000000000000e+00
2.129000000000000000e+03,5.110094333680206091e+01,6.365597883249081157e+00,-1.527074519967393587e-03,4.466670654543897712e+01,3.574532456962253857e-01,nan,6.220158649839298448e+00,1.000000000000000000e+00
2.131000000000000000e+03,1.201683289623319268e+02,3.791187288119024146e+01,-1.764118304498875182e-03,5.095877267296583568e+01,3.481119744055325427e-01,nan,5.775667978555780735e+00,1.000000000000000000e+00
2.132000000000000000e+03,1.148145213072454496e+01,1.083739232630709282e+01,-1.542663802615697752e-03,4.508050687982745330e+01,3.200666838565114913e-01,nan,2.509084841778322073e+01,1.000000000000000000e+00
2.132000000000000000e+03,5.331955744359951410e+01,1.217663265119617932e+01,-1.452892864989560997e-03,4.269763623426229060e+01,3.553861620515932351e-01,nan,6.220158649839298448e+00,1.000000000000000000e+00
2.132000000000000000e+03,4.582925261553768337e+01,5.005715819028658586e+01,1.772200748128873122e-03,-5.117331223531914475e+01,3.308997326843728937e-01,nan,2.010606145034933334e+01,1.000000000000000000e+00
2.134000000000000000e+03,1.083882017577372920e+02,2.437657591762782872e+01,-1.552084031150477179e-03,4.533055646874370126e+01,3.446828033527876700e-01,nan,9.879997056822681145e+00,1.000000000000000000e+00
2.135000000000000000e+03,2.572209331710980962e+01,3.149543707707676532e+01,-1.605855997363609886e-03,4.675787407544195418e+01,2.686685040412950531e-01,nan,1.339259662611763346e+01,1.000000000000000000e+00
2.138000000000000000e+03,6.236811333806310387e+01,7.896124129408932824e+00,-1.186507627510514527e-03,3.562673356145880632e+01,3.632728275114418537e-01,nan,2.676590157722244356e+01,1.000000000000000000e+00
2.138000000000000000e+03,3.860370983050201232e+01,3.515953319915090702e+01,1.679190380413008712e-03,-4.870445448665252286e+01,2.829375043348174579e-01,nan,1.001474244179110329e+01,1.000000000000000000e+00
2.139000000000000000e+03,9.569040412490402048e+01,6.059311826796271561e+00,-1.622535907189493485e-03,4.720062390679940023e+01,3.080048353910607162e-01,nan,2.228802881588350360e+01,1.000000000000000000e+00
2.139000000000000000e+03,4.428528060820768530e+01,4.340664297611719746e+01,-1.813154543441270698e-03,5.226038561624798007e+01,3.197609517209143437e-01,nan,1.001474244179110329e+01,1.000000000000000000e+00
2.148000000000000000e+03,9.214653359894624884e+01,5.266522744137623135e+01,-1.668056526912438820e-03,4.840891861078787883e+01,2.831249928324987009e-01,nan,1.494580088840532817e+01,1.000000000000000000e+00
2.148000000000000000e+03,8.576063165047943926e+01,3.055045984926166724e+01,-1.659618317011446898e-03,4.818493562469131319e+01,2.746993671937623116e-01,nan,8.043713812413749054e+00,1.000000000000000000e+00
2.148000000000000000e+03,9.977143539527331484e+01,3.981074041185125623e+01,-1.444505314916089524e-03,4.247499795747922491e+01,3.450265839148942693e-01,nan,7.053933726405362314e+00,1.000000000000000000e+00
2.148000000000000000e+03,6.770974150840490324e+01,5.080186962245165461e+01,-1.249481866608234378e-03,3.729831536444388718e+01,3.475574430076939780e-01,nan,2.450773163794828591e+01,1.000000000000000000e+00
2.153000000000000000e+03,3.955211401205146160e+01,8.599773503936681607e+00,-1.539490582213015775e-03,4.499627723993052086e+01,3.108346578172360708e-01,nan,2.052673341707863131e+01,1.000000000000000000e+00
2.153000000000000000e+03,7.989231180851393788e+01,2.504917326079804596e+01,1.217617862483701694e-03,-3.645252047707479193e+01,3.659180326660155247e-01,nan,8.043713812413749054e+00,1.000000000000000000e+00
2.156000000000000000e+03,1.120730863553783792e+02,3.058261525998892338e+01,-1.431628585740055744e-03,4.213319936680114353e+01,2.677943927610260122e-01,nan,9.665322276017638714e+00,1.000000000000000000e+00
2.156000000000000000e+03,1.212019351867835297e+02,3.375792212903884604e+01,-1.722330522300991951e-03,4.984956202890083432e+01,2.884103017737444929e-01,nan,7.964839644902975024e+00,1.000000000000000000e+00
2.158000000000000000e+03,1.005816802797323675e+02,1.630664482348159794e+01,-1.030483671040955188e-02,2.776627341068871146e+02,1.988391129994637740e-02,nan,9.732597231207490651e+00,1.000000000000000000e+00
2.159000000000000000e+03,9.130562821685880692e+01,1.925254145978214737e+01,-2.035845167507513171e-03,5.817146291099532363e+01,2.828372157898662032e-01,nan,9.732597231207490651e+00,1.000000000000000000e+00
2.159000000000000000e+03,2.348418249547846770e+01,4.057947783984484857e+01,-2.514951232754191433e-03,7.088880561875542696e+01,2.254506795904317462e-01,nan,1.616677253151525662e+01,1.000000000000000000e+00
2.159000000000000000e+03,4.964772018039505497e+01,3.478960370550206704e+01,-1.625923347240917482e-03,4.729053977128291564e+01,3.221976109064770277e-01,nan,2.325387528932195025e+01,1.000000000000000000e+00
2.161000000000000000e+03,1.138519355704536622e+02,1.163585300382410104e+01,-1.854576249860479670e-03,5.335987918204553893e+01,2.543737800581715724e-01,nan,9.912730919331618651e+00,1.000000000000000000e+00
2.168000000000000000e+03,5.947162041583568026e+01,2.883147502532209927e+01,-1.342082049221665456e-03,3.975628520143570910e+01,3.746769158164577895e-01,nan,1.164354421936649331e+01,1.000000000000000000e+00
2.169000000000000000e+03,5.031572378838813364e+01,1.404685630548881292e+01,-1.700782536564124153e-03,4.927759448527021391e+01,3.415937167710867417e-01,nan,1.188380542360905245e+01,1.000000000000000000e+00
2.169000000000000000e+03,4.440784085716146734e+01,3.314585736209655664e+01,-1.427860637290640595e-03,4.203318332606971808e+01,3.480238431324087500e-01,nan,8.332606576818946564e+00,1.000000000000000000e+00
2.171000000000000000e+03,9.903590027095564352e+00,2.363326508082101540e+01,-1.575397303939314771e-03,4.594938161248821729e+01,2.820478227382546832e-01,nan,2.372047453014912577e+01,1.000000000000000000e+00
2.172000000000000000e+03,4.614788658818529399e+01,5.308314150447917257e+01,1.484421807855890998e-03,-4.353453728964355207e+01,3.490743788688246418e-01,nan,2.001307218095601570e+01,1.000000000000000000e+00
2.173000000000000000e+03,4.824361495902089558e+01,2.574861670063698327e+01,1.483924096524369841e-03,-4.352132609063851731e+01,2.946173169801638014e-01,nan,8.332606576818946564e+00,1.000000000000000000e+00
2.175000000000000000e+03,1.302420396070469906e+02,4.953161647861672634e+01,-1.560171329759071565e-03,4.554522490115549260e+01,3.238120897444269897e-01,nan,2.263077987039148198e+01,1.000000000000000000e+00
2.175000000000000000e+03,1.767157046995035685e+01,5.293515887618305271e+01,-1.361867146317389306e-03,4.028145880812566304e+01,3.319246430080651233e-01,nan,1.443637961561247884e+01,1.000000000000000000e+00
2.181000000000000000e+03,8.757193625628528366e+01,4.933004594040819057e+01,1.441443865590186267e-03,-4.239373515768581058e+01,3.717899790241324665e-01,nan,2.170973913976893144e+01,1.000000000000000000e+00
2.182000000000000000e+03,7.374349772082540255e+01,2.209005796685257650e+01,-1.539313963181696129e-03,4.499158908231171239e+01,3.241888435599183937e-01,nan,7.175370271295774316e+00,1.000000000000000000e+00
2.183000000000000000e+03,5.099045552507353563e+01,1.992843876291902205e+01,-1.984214953534443882e-03,5.680099575810623946e+01,3.030387583499877246e-01,nan,6.459129444134792841e+00,1.000000000000000000e+00
2.184000000000000000e+03,1.421215877694026233e+02,8.977036882727157163e+00,1.555627904425395868e-03,-4.542462468081446048e+01,3.399964439315630305e-01,nan,3.329946619682493036e+01,1.000000000000000000e+00
2.185000000000000000e+03,6.609823201170455320e+01,4.613742953170973493e+01,-1.626003295742505569e-03,4.729266191618447124e+01,2.664735744052731947e-01,nan,9.619613587350364980e+00,1.000000000000000000e+00
2.186000000000000000e+03,5.707611510296866442e+01,4.280000956187708994e+01,-1.379392654289335936e-03,4.074665411074007437e+01,3.250647240138322402e-01,nan,9.619613587350364980e+00,1.000000000000000000e+00
2.188000000000000000e+03,8.703360578047018237e+01,4.218252106099523502e+01,-7.689109194510159243e-03,2.082311287426691706e+02,4.173894208877715339e-02,nan,1.525816338361394386e+01,1.000000000000000000e+00
2.197000000000000000e+03,7.141299173894189778e+01,3.272386030446239147e+01,-1.342261628097007539e-03,3.976105192485346862e+01,3.482894002317687976e-01,nan,1.090915433187949191e+01,1.000000000000000000e+00
2.198000000000000000e+03,3.801572378849397182e+01,5.544952830001541599e+00,-2.602788077295986862e-03,7.322033789403798210e+01,1.955372994327161384e-01,nan,1.908005574049455788e+01,1.000000000000000000e+00
2.202000000000000000e+03,1.104073308847277843e+02,4.420953293394951800e+01,-2.230264354335304185e-03,6.333210604871064220e+01,1.857761981054426581e-01,nan,1.919392350328083552e+01,1.000000000000000000e+00
2.204000000000000000e+03,9.880434321741489612e+01,2.891975279681276945e+01,1.462389201164238182e-03,-4.294970601663769827e+01,2.965155299560807700e-01,nan,6.142615087441281929e+00,1.000000000000000000e+00
2.206000000000000000e+03,6.138476368207673062e+01,3.143014376997233228e+01,-1.892212590075954349e-03,5.435889437201105778e+01,2.312729793243232246e-01,nan,3.485189862180360088e+00,1.000000000000000000e+00
2.208000000000000000e+03,1.281662933153845358e+02,1.694448689937969021e+01,-1.534107141042930205e-03,4.485337972459267775e+01,3.151363839389860200e-01,nan,3.171011048340707106e+01,1.000000000000000000e+00
2.210000000000000000e+03,8.949135784315477338e+01,3.767158897709249032e+01,-1.875235256583771427e-03,5.390824975708041933e+01,2.823606588579159471e-01,nan,2.567368533484553339e+01,1.000000000000000000e+00
2.213000000000000000e+03,5.262217429933478030e+01,4.523298879088915214e+01,-2.005561997062333627e-03,5.736762951216207540e+01,2.160287079787618358e-01,nan,1.299346576527136321e+01,1.000000000000000000e+00
2.214000000000000000e+03,6.612969702877495592e+01,4.831916723069237207e+01,-1.850545735188986046e-02,4.953391750434897745e+02,1.485185946997413797e-02,nan,1.385560058780019865e+01,1.000000000000000000e+00
2.216000000000000000e+03,4.483403490585584450e+01,3.483226586500460087e+01,1.253454074801633403e-03,-3.740375325506215631e+01,3.328242360638203889e-01,nan,8.076159108306812939e+00,1.000000000000000000e+00
2.216000000000000000e+03,5.123623498049970948e+01,9.664107812061207170e+00,-1.502106541929435586e-03,4.400395907371775905e+01,3.371802016993498130e-01,nan,1.845013990498799572e+01,1.000000000000000000e+00
2.216000000000000000e+03,1.336193711086401663e+02,4.838524332193207300e+01,-1.475487958589442351e-03,4.329739810259860633e+01,3.251599572461318921e-01,nan,1.829316211994128238e+01,1.000000000000000000e+00
2.217000000000000000e+03,3.290854949271270868e+01,3.610532372241091537e+01,-1.453976693993396657e-03,4.272640528119826087e+01,3.372287202781490967e-01,nan,1.199324304128760943e+01,1.000000000000000000e+00
2.217000000000000000e+03,1.194880107858798937e+02,3.676868463294111677e+01,-1.731328271454998314e-03,5.008839736806741882e+01,2.907712066374389392e-01,nan,1.041821919464348234e+01,1.000000000000000000e+00
2.218000000000000000e+03,2.047826405399946026e+01,2.973001593114776853e+01,-1.346786912271220145e-03,3.988117060810126446e+01,3.537628251307961547e-01,nan,1.396984414806504482e+01,1.000000000000000000e+00
2.219000000000000000e+03,1.099510981891176868e+02,8.254846872787609868e+00,-1.445784983157053253e-03,4.250896534122377091e+01,3.182451112870476884e-01,nan,2.158124173518532984e+01,1.000000000000000000e+00
2.220000000000000000e+03,1.214263744418229720e+02,2.653237487185256072e+01,-1.812351315427776369e-03,5.223906481348414133e+01,2.627996442430649005e-01,nan,1.041821919464348234e+01,1.000000000000000000e+00
2.222000000000000000e+03,4.360694867076448844e+01,5.161413400973636811e+01,-4.018342936405293851e-03,1.107946822214456688e+02,1.896268237507801047e-01,nan,1.884088483859478202e+01,1.000000000000000000e+00
2.223000000000000000e+03,7.259082620829575205e+01,4.857357081545499256e+01,-1.727219644953306796e-03,4.997933840373705294e+01,3.571585913538315449e-01,nan,8.035093171517088351e+00,1.000000000000000000e+00
2.224000000000000000e+03,8.500979347627686877e+01,3.287356274096411113e+01,-1.587605728447401320e-03,4.627344079197536075e+01,3.449058161996358951e-01,nan,9.293261727424841467e+00,1.000000000000000000e+00
2.225000000000000000e+03,8.138290060679457838e+01,6.719210098983690038e+00,-6.835863625401869363e-03,1.855826650655477863e+02,3.017838190222921213e-02,nan,1.552047521489289039e+01,1.000000000000000000e+00
2.226000000000000000e+03,1.092888314502026503e+02,1.302299747295004018e+01,-1.438456022045723820e-03,4.231442614227492527e+01,3.575944073943518875e-01,nan,8.143523645388873078e+00,1.000000000000000000e+00
2.226000000000000000e+03,8.062464742297673581e+01,4.871653572549339373e+01,-1.533133235586006974e-03,4.482752847711520161e+01,3.346304784096124640e-01,nan,8.035093171517088351e+00,1.000000000000000000e+00
2.227000000000000000e+03,7.990134550014959203e+00,6.754539204286497345e+00,-1.367970582351526196e-03,4.044346779396692426e+01,3.565924420594442923e-01,nan,4.120753812410725203e+01,1.000000000000000000e+00
2.227000000000000000e+03,5.817084580190484644e+01,9.281447460324329768e+00,-1.496633048917813411e-03,4.385867123144949176e+01,3.333525635060065051e-01,nan,7.107782912693467736e+00,1.000000000000000000e+00
2.228000000000000000e+03,9.095637726978013404e+01,2.573193444475156966e+01,-2.079247960174465757e-03,5.932354222882925399e+01,2.202060115702427767e-01,nan,7.220868125882859978e+00,1.000000000000000000e+00
2.229000000000000000e+03,8.487268149577420218e+01,2.184225808022798532e+01,-1.715193095456940585e-03,4.966010689607834649e+01,3.683099819179100898e-01,nan,7.220868125882859978e+00,1.000000000000000000e+00
2.230000000000000000e+03,1.190830897250732505e+02,2.563803687322065983e+01,-2.280084326508157247e-02,6.093554622136776970e+02,1.041976143099299090e-02,nan,1.597080818948281511e+01,1.000000000000000000e+00
2.230000000000000000e+03,1.144627725283510813e+02,6.734332186670611620e+00,-1.465808182995820622e-03,4.304045912292837528e+01,3.251886673816104523e-01,nan,8.143523645388873078e+00,1.000000000000000000e+00
2.234000000000000000e+03,1.434403895330212322e+02,2.742983333803891099e+01,-1.863282577506543631e-03,5.359097905832039288e+01,3.059668586009409719e-01,nan,1.486799645872514652e+01,1.000000000000000000e+00
2.237000000000000000e+03,5.821740032483589289e+01,4.342881625714834826e+01,-1.910103828354562869e-02,5.111482147686990061e+02,2.781786692307530728e-02,nan,1.356930854240438578e+01,1.000000000000000000e+00
2.238000000000000000e+03,4.991121000708241162e+00,2.006430537320981244e+01,-1.946760810375339906e-02,5.208784068244059426e+02,8.367670860914167008e-03,nan,3.735707324919473393e+01,1.000000000000000000e+00
2.238000000000000000e+03,1.288216406853173908e+02,3.014082961697790708e+01,-1.554927888794507395e-03,4.540604353704577534e+01,3.015796939045432001e-01,nan,1.129881391740071983e+01,1.000000000000000000e+00
2.239000000000000000e+03,1.196129471158906910e+02,3.668782577433492520e+01,-1.513015119945538027e-03,4.429351526001584460e+01,3.592340419051476275e-01,nan,1.129881391740071983e+01,1.000000000000000000e+00
2.241000000000000000e+03,6.133855544250481984e+01,3.022334295815532457e+01,-1.663772058458923677e-03,4.829519211555788161e+01,3.166292890410555838e-01,nan,1.356930854240438578e+01,1.000000000000000000e+00
2.243000000000000000e+03,4.234819291849965595e+01,2.005433167476209988e+01,-1.720590571992385021e-03,4.980337696472796694e+01,2.900763633149370246e-01,nan,2.154164940934000327e+01,1.000000000000000000e+00
2.249000000000000000e+03,3.030918064202859696e+01,1.404625916033887556e+01,-1.868659068561237578e-03,5.373369209050157735e+01,2.704216343841485681e-01,nan,1.483083663528409168e+01,1.000000000000000000e+00
2.256000000000000000e+03,1.207361699910992598e+02,1.987044473673286049e+01,-1.914841900386463763e-03,5.495956448523708815e+01,2.275013489487166529e-01,nan,2.787655678104200874e+01,1.000000000000000000e+00
2.257000000000000000e+03,1.182335030267082914e+02,4.763443357176888782e+01,-1.677428597762633134e-03,4.865768990701842256e+01,3.072275796993495511e-01,nan,8.942292983636583870e+00,1.000000000000000000e+00
2.257000000000000000e+03,1.269552506270555483e+02,4.960819206789574309e+01,1.819436708132110255e-03,-5.242713875738982665e+01,3.548753364366810104e-01,nan,8.942292983636583870e+00,1.000000000000000000e+00
2.263000000000000000e+03,9.894076345091528424e+01,1.054691169406893714e+01,-1.555134139272591623e-03,4.541151822877627353e+01,3.463288862607852847e-01,nan,2.327691956442944488e+01,1.000000000000000000e+00
2.264000000000000000e+03,5.035103584650837405e+01,1.493647450415471667e+01,-3.267629755289564591e-02,8.714885172571118801e+02,8.815339128887100806e-03,nan,3.970796246794287754e+01,1.000000000000000000e+00
2.264000000000000000e+03,1.206575767210222416e+01,3.227750378011067767e+01,-1.411551941680049514e-03,4.160028696711913199e+01,2.787709123814852141e-01,nan,3.434139353133211614e+01,1.000000000000000000e+00
2.266000000000000000e+03,9.158444696851213962e+01,3.766320331384387288e+01,-1.470672693440464029e-03,4.316958219382533457e+01,3.526342861524534023e-01,nan,1.797794674986301544e+01,1.000000000000000000e+00
2.275000000000000000e+03,5.284847655718557746e+01,3.553388393343717411e+01,-1.338558958514202320e-02,3.594379253387447761e+02,1.902107068391833966e-02,nan,1.456547927673074838e+01,1.000000000000000000e+00
2.275000000000000000e+03,1.191158679232336652e+02,2.420453419530807793e+01,1.360492963742573414e-03,-4.024498264550816629e+01,3.745855205070005578e-01,nan,1.460178352655417555e+01,1.000000000000000000e+00
2.281000000000000000e+03,5.602648042216195989e+01,2.349464713766199608e+01,-1.637809040145230075e-03,4.760603239587641156e+01,2.685384360139165816e-01,nan,2.172137795577117814e+01,1.000000000000000000e+00
2.283000000000000000e+03,1.342822757234467304e+02,4.705603117795843815e+01,-1.659011776963919367e-03,4.816883568730809628e+01,3.209819001114385673e-01,nan,1.667049842760968659e+01,1.000000000000000000e+00
2.285000000000000000e+03,1.285987996768334085e+01,2.670385912504209713e+01,-1.386819558696743239e-03,4.094379310658673177e+01,3.379014343476585136e-01,nan,2.108276633840010916e+01,1.000000000000000000e+00
2.286000000000000000e+03,1.395927602581746783e+02,1.447286460507217321e+01,-1.390139028521413184e-03,4.103190477627861554e+01,3.661041622192597877e-01,nan,1.462723980924898726e+01,1.000000000000000000e+00
2.290000000000000000e+03,1.174939836141740273e+02,2.822833299632005222e+01,-1.733355863253667343e-03,5.014221755872152642e+01,2.939889702635666291e-01,nan,1.322565823851133260e+01,1.000000000000000000e+00
2.291000000000000000e+03,7.025253968290431317e+01,1.456669184154133667e+01,-2.007292455360620235e-03,5.741356262137760069e+01,2.172581786666302195e-01,nan,2.370091520023123977e+01,1.000000000000000000e+00
2.294000000000000000e+03,4.900515856620801713e+01,2.506822396835073263e+01,-1.941719897016869591e-03,5.567301129637461088e+01,3.459804971215273417e-01,nan,1.971823536213298667e+01,1.000000000000000000e+00
2.295000000000000000e+03,7.896268815982635658e+01,4.608112423461216878e+01,-1.504546024979385062e-02,4.034973635803924594e+02,1.831771102889434566e-02,nan,1.871475616813023279e+01,1.000000000000000000e+00
2.297000000000000000e+03,6.018679708331961642e+00,4.500709182130879071e+01,-1.652030848639318185e-03,4.798353463528206220e+01,3.631672672838277549e-01,nan,2.993523951238688952e+01,1.000000000000000000e+00
2.298000000000000000e+03,1.296646577633238167e+02,4.234554195144983879e+01,-3.249551079939950321e-02,8.666897320443844137e+02,1.066528185807014140e-02,nan,3.093770622506182733e+01,1.000000000000000000e+00
2.299000000000000000e+03,2.932028125317281209e+01,2.621470160320615150e+01,-2.019192523821543815e-03,5.772943682928489295e+01,2.197729861998826140e-01,nan,1.694936205692385300e+01,1.000000000000000000e+00
2.299000000000000000e+03,7.105687006350437684e+01,2.911821945210405715e+01,-1.917033631561840213e-03,5.501774157482621064e+01,1.935081570643192306e-01,nan,1.543307240994727714e+01,1.000000000000000000e+00
2.302000000000000000e+03,9.157252929329082747e+01,1.590020035464409531e+01,-1.598751443607178370e-03,4.656929152251659332e+01,3.128376171776003911e-01,nan,1.571729303219747997e+01,1.000000000000000000e+00
2.307000000000000000e+03,1.163587773089241608e+02,3.240969066358532302e+01,-3.808233148391047124e-02,1.014985732545124279e+03,9.092551582025487633e-03,nan,1.789307481325937488e+01,1.000000000000000000e+00
2.309000000000000000e+03,5.366731378799022423e+01,2.624443753008371516e+01,-1.529636743514209418e-03,4.473471794688506975e+01,3.064273199194158526e-01,nan,1.224890664061160273e+01,1.000000000000000000e+00
2.311000000000000000e+03,1.334243786233395213e+02,2.703127286182226996e+01,-1.784571741695308456e-03,5.150168663137036162e+01,2.715500212321649842e-01,nan,1.789307481325937488e+01,1.000000000000000000e+00
2.312000000000000000e+03,5.091521017731139409e+00,2.847620492627108746e+01,-1.331364589378716649e-03,3.947180203650382424e+01,3.423618460298764044e-01,nan,3.447952802062992106e+01,1.000000000000000000e+00
2.314000000000000000e+03,3.755418745766598221e+01,4.009572041250940089e+01,-1.039911460818148357e-02,2.801652370445518727e+02,3.039938070980319207e-02,nan,1.858228392550705266e+01,1.000000000000000000e+00
2.314000000000000000e+03,7.759792778749199726e+01,6.959287309442474090e+00,-1.301995910353202996e-03,3.869224280498092128e+01,3.283879836059762081e-01,nan,7.558458548704138025e+00,1.000000000000000000e+00
2.314000000000000000e+03,6.560800310084145792e+01,2.897494162720192179e+01,-1.707995375007746123e-03,4.946905133592815673e+01,2.342561836885719284e-01,nan,1.224890664061160273e+01,1.000000000000000000e+00
2.315000000000000000e+03,7.795902990429404156e+01,4.028878031502424051e+01,-1.861808527273744367e-03,5.355185201873822365e+01,2.557282809536499668e-01,nan,1.674965100990671729e+01,1.000000000000000000e+00
2.317000000000000000e+03,1.134075942473346714e+02,2.595710723672249998e+01,1.570572601770428957e-03,-4.582131520841753769e+01,3.094621666801917748e-01,nan,7.603366514662421416e+00,1.000000000000000000e+00
2.320000000000000000e+03,2.927615550623002250e+01,1.237690415215494255e+01,-1.252660872756060405e-03,3.738269858057195449e+01,2.979657669266612130e-01,nan,2.391706459484782599e+01,1.000000000000000000e+00
2.328000000000000000e+03,2.710617454371585922e+01,2.200984709788168203e+01,-1.736537237992979944e-03,5.022666364650131499e+01,3.321445345303258856e-01,nan,1.995349213316876558e+01,1.000000000000000000e+00
2.329000000000000000e+03,1.129204370319180981e+02,3.214618970110351626e+01,-1.595256378649596157e-02,4.275754276761214214e+02,1.481369750706185151e-02,nan,1.640259101298913791e+01,1.000000000000000000e+00
2.329000000000000000e+03,6.338761961987444948e+01,4.408461270764016859e+01,-1.540791201747561401e-02,4.131182464683374747e+02,1.491641324886738840e-02,nan,2.514241971379203022e+01,1.000000000000000000e+00
2.333000000000000000e+03,9.743473812650825039e+01,2.609013618602760687e+01,-1.919994448064337323e-03,5.509633318718172745e+01,3.684337436886682138e-01,nan,1.662776758216433137e+01,1.000000000000000000e+00
2.334000000000000000e+03,8.786633021306290914e+01,4.982342763403405428e+01,-1.717613357187305987e-03,4.972435007749515279e+01,2.952098572270444032e-01,nan,8.601598375754132775e+00,1.000000000000000000e+00
2.335000000000000000e+03,1.265574334007638555e+02,3.927238883414695891e+01,-1.636375886041641992e-03,4.756799089899204347e+01,3.590564641781180955e-01,nan,3.762799398085597158e+00,1.000000000000000000e+00
2.339000000000000000e+03,1.284661131873385216e+02,4.251516554285735339e+01,-1.629102815036517771e-03,4.737493524134259104e+01,3.311412540212061995e-01,nan,3.762799398085597158e+00,1.000000000000000000e+00
2.342000000000000000e+03,9.922589406680816637e+01,1.070511389371126754e+01,-2.797096050528823791e-02,7.465905288354167624e+02,1.091961860117007799e-02,nan,2.676583092527062036e+01,1.000000000000000000e+00
2.344000000000000000e+03,5.641511272762415530e+01,9.015163910656331936e+00,-1.385569185275708961e-03,4.091060332156536816e+01,3.503286587807531438e-01,nan,2.190671923877052407e+01,1.000000000000000000e+00
2.344000000000000000e+03,3.668490461076036979e+01,1.853478761496108973e+01,-1.421780859002284327e-03,4.187180230902828981e+01,3.084825802343527101e-01,nan,6.762684725562815302e+00,1.000000000000000000e+00
2.346000000000000000e+03,4.728698819944770548e+01,4.539782434160215985e+01,-1.567083019559662414e-03,4.572868809283641411e+01,3.257576385293300403e-01,nan,2.887952421004162318e+01,1.000000000000000000e+00
2.349000000000000000e+03,9.691888286163448640e+01,4.626423575734755644e+01,-1.471132163247968090e-03,4.318177831370307018e+01,3.703014649143295811e-01,nan,2.229836573290366886e+01,1.000000000000000000e+00
2.352000000000000000e+03,2.414438474263794276e+01,5.623908979713814205e+00,-1.452938487828937591e-03,4.269884724227437545e+01,3.390798747413307224e-01,nan,5.717192416738637917e+01,1.000000000000000000e+00
2.352000000000000000e+03,7.479175989956999615e+01,3.214696126851270463e+01,-1.306667193988996596e-03,3.881623688310003928e+01,3.236168016137104253e-01,nan,2.262197782408208724e+01,1.000000000000000000e+00
2.353000000000000000e+03,1.227729614621866148e+02,3.307851063671701297e+01,-1.401214836412965382e-03,4.132589989539626174e+01,3.107127888158186524e-01,nan,1.637991869194883776e+01,1.000000000000000000e+00
2.354000000000000000e+03,5.680413068728057624e+01,5.308207609334736077e+01,-1.503929331654928333e-03,4.405234301895405480e+01,3.435059315496482579e-01,nan,2.760133760178697315e+01,1.000000000000000000e+00
2.359000000000000000e+03,2.203012515853214381e+01,2.662554693322693566e+01,-1.369314805026235508e-03,4.047914870404060395e+01,3.607724544464840921e-01,nan,1.016515892541505472e+01,1.000000000000000000e+00
2.359000000000000000e+03,1.194595870166596718e+01,2.790618851039067039e+01,-1.268793813555448534e-03,3.781092972167468957e+01,3.731872400666631506e-01,nan,1.016515892541505472e+01,1.000000000000000000e+00
2.362000000000000000e+03,5.327088441887455872e+01,2.467144003141893194e+01,-2.480623009895119996e-02,6.625862465386877602e+02,1.290318889518748957e-02,nan,1.601502121108091004e+01,1.000000000000000000e+00
2.364000000000000000e+03,1.220129271840335008e+02,7.825982422034810426e+00,-1.413298123671445812e-03,4.164663744444667515e+01,3.501114593603045222e-01,nan,2.709291318525774628e+01,1.000000000000000000e+00
2.372000000000000000e+03,6.642212249307181082e+01,3.388965067390943631e+01,1.856673136327792895e-03,-5.341553872334221609e+01,2.941944209060012305e-01,nan,1.380190963254659486e+01,1.000000000000000000e+00
2.373000000000000000e+03,1.301119698892408678e+02,4.463573024726225924e+01,-8.370677215939349713e-03,2.263226010405667523e+02,4.604142181903536635e-02,nan,1.460577610490823730e+01,1.000000000000000000e+00
2.376000000000000000e+03,1.345105361960231676e+02,2.433951474259274761e+01,-1.546334905002269208e-03,4.517795224850853941e+01,3.272883531735547580e-01,nan,2.076737223066865567e+01,1.000000000000000000e+00
2.376000000000000000e+03,1.160088816540853145e+02,4.843462454141226203e+01,-2.013274415220485392e-03,5.757234715599375363e+01,2.410602233324741217e-01,nan,1.460577610490823730e+01,1.000000000000000000e+00
2.383000000000000000e+03,7.499997999806045357e+01,3.627609392698153812e+01,-1.556878296692853266e-03,4.545781496609335903e+01,3.564368878407941921e-01,nan,9.332277682092350091e+00,1.000000000000000000e+00
2.384000000000000000e+03,9.221185569037583463e+00,9.280245924282326087e+00,-1.388923576891448915e-03,4.099964195173056680e+01,3.571132218949911730e-01,nan,3.107510449637909034e+01,1.000000000000000000e+00
2.385000000000000000e+03,1.313392008917836336e+02,4.162211949195235405e+01,-1.761542227348338345e-03,5.089039354287042016e+01,3.052353154687423853e-01,nan,3.545736155709762016e+01,1.000000000000000000e+00
2.387000000000000000e+03,4.750146310054694965e+01,2.385114017180573498e+01,-2.067658043922600795e-03,5.901590066964065073e+01,3.056160915080392559e-01,nan,3.017528636783904616e+01,1.000000000000000000e+00
2.389000000000000000e+03,6.493378721538240939e+01,5.112839242546784391e+01,-2.335372542434171420e-03,6.612208711220809221e+01,3.111307339854981757e-01,nan,1.010005163847387699e+01,1.000000000000000000e+00
2.393000000000000000e+03,1.327378061226910404e+02,2.598734912678402864e+01,-1.443869821591332045e-03,4.245812948724753966e+01,3.047465034945702200e-01,nan,1.722327378079044635e+01,1.000000000000000000e+00
2.395000000000000000e+03,9.644971001651758513e+01,7.510548360099085663e+00,-1.862309806454912758e-03,5.356515792238172224e+01,2.442215719825967524e-01,nan,9.879045526813866829e+00,1.000000000000000000e+00
2.400000000000000000e+03,9.705547730638841131e+01,3.518901638803723131e+01,-2.023570130250114656e-03,5.784563556945981588e+01,2.555329702383208890e-01,nan,3.956218149415496210e+00,1.000000000000000000e+00
2.400000000000000000e+03,1.266847419681705702e+02,3.259102954435812194e+01,-1.384935068492789247e-03,4.089377139012033524e+01,3.137263420745276532e-01,nan,1.180890692400146946e+01,1.000000000000000000e+00
2.401000000000000000e+03,3.882142652771717906e+01,3.305052668833582885e+01,-2.147728676954332224e-03,6.114128741582500481e+01,1.868351519686501927e-01,nan,1.731210755223518305e+01,1.000000000000000000e+00
2.402000000000000000e+03,5.011918934565301242e+01,1.319012530336795130e+01,-1.534309406106599714e-03,4.485874862788795525e+01,3.274311707327475229e-01,nan,7.646753959956779312e+00,1.000000000000000000e+00
2.409000000000000000e+03,1.239050641354966231e+01,5.216916978859350706e+01,-1.591681370151680963e-03,4.638162421119523060e+01,3.105111902808893598e-01,nan,1.147160447809964090e+01,1.000000000000000000e+00
2.411000000000000000e+03,6.153197129376896157e+01,4.229089070761880009e+01,-1.571953959158697411e-03,4.585798181855419386e+01,3.224198877004057495e-01,nan,1.275997222956516985e+01,1.000000000000000000e+00
2.413000000000000000e+03,4.733347220608566630e+01,2.311326422057347685e+01,-1.409164556933606514e-03,4.153691646902250767e+01,3.656854755601388618e-01,nan,8.940913093365127295e+00,1.000000000000000000e+00
2.414000000000000000e+03,8.207951226872626194e+01,1.071746647626569171e+01,-8.408059417352490086e-03,2.273148703959894590e+02,3.088335903923533632e-02,nan,2.297850856544125620e+01,1.000000000000000000e+00
2.414000000000000000e+03,1.136825272428486215e+02,7.929311702017276531e+00,1.354740317691708121e-03,-4.009228499333457307e+01,3.643739026031105332e-01,nan,2.444919432683185789e+01,1.000000000000000000e+00
2.417000000000000000e+03,5.396159257052880065e+01,1.711260197565732355e+01,-1.572723686424565021e-03,4.587841338087746124e+01,2.856513698186846639e-01,nan,8.940913093365127295e+00,1.000000000000000000e+00
2.417000000000000000e+03,9.833344835810225959e+01,2.696004685915244536e+01,-1.858144510055771866e-03,5.345459471805242657e+01,2.441680620636702548e-01,nan,1.852447833354218076e+01,1.000000000000000000e+00
2.418000000000000000e+03,8.307023306543331387e+01,3.745721583271433985e+01,-1.908066176460603870e-03,5.477971035791777865e+01,2.572342504420747078e-01,nan,8.880069449325400655e+00,1.000000000000000000e+00
2.421000000000000000e+03,1.389201229451138886e+02,6.647210254126243889e+00,-1.428089420279262788e-03,4.203925611847011368e+01,3.349483254797754883e-01,nan,3.589345496717755601e+00,1.000000000000000000e+00
2.424000000000000000e+03,7.136737393577563182e+01,2.920898693168121341e+01,-1.658087859562932696e-03,4.814431131770747641e+01,2.864022484148192049e-01,nan,1.360119879256425257e+01,1.000000000000000000e+00
2.425000000000000000e+03,4.204322134553630974e+01,1.252128717499640764e+01,-1.587204091339794714e-03,4.626277977740658542e+01,3.535613749828001584e-01,nan,3.373996514972856176e+01,1.000000000000000000e+00
2.426000000000000000e+03,1.385704349084864475e+02,1.999471893579013226e+01,-1.555115036153170011e-02,4.169203505166663604e+02,1.354453272345024217e-02,nan,1.335208859055590835e+01,1.000000000000000000e+00
2.427000000000000000e+03,9.826682794916871444e+01,3.728092155797993001e+01,-1.513090934832939929e-03,4.429552768268251128e+01,3.155214642184369644e-01,nan,9.209841865625335799e+00,1.000000000000000000e+00
2.432000000000000000e+03,1.215902129067428774e+02,4.051080866779818024e+01,-1.596914217411093528e-03,4.652052437707196475e+01,3.526643597909441263e-01,nan,1.346674254803957638e+01,1.000000000000000000e+00
2.432000000000000000e+03,6.452272294475469039e+01,4.488260126440468412e+01,-1.524480892211866603e-03,4.459786155386824191e+01,3.204415360369538002e-01,nan,7.439229658010473756e+00,1.000000000000000000e+00
2.434000000000000000e+03,2.685616571257725127e+01,3.968173235778331076e+01,-1.520725239303150110e-03,4.449817188471961771e+01,3.506752043217788994e-01,nan,1.693635510139394640e+01,1.000000000000000000e+00
2.435000000000000000e+03,1.330984439350921207e+02,6.554216521669200546e+00,-1.024544022628229474e-02,2.760861198682561621e+02,2.134595086697910205e-02,nan,1.650282774424655585e+01,1.000000000000000000e+00
2.435000000000000000e+03,1.368431446884328579e+02,2.969554408393361555e+01,-1.397948851183058051e-03,4.123920791535249464e+01,3.333354667298116247e-01,nan,7.058699217130969927e+00,1.000000000000000000e+00
2.437000000000000000e+03,1.206886164921489666e+02,2.707428088862952720e+01,-1.660356559014681101e-03,4.820453144540286416e+01,3.245986687111204194e-01,nan,1.346674254803957638e+01,1.000000000000000000e+00
2.438000000000000000e+03,1.346597278332815222e+02,2.298302402999214422e+01,-1.314150624240151798e-03,3.901487629519881750e+01,3.376256261670329550e-01,nan,7.058699217130969927e+00,1.000000000000000000e+00
2.438000000000000000e+03,3.724018318713671505e+01,2.630218433819175061e+01,-1.335896655161487390e-03,3.959210073008002695e+01,3.280338415524052254e-01,nan,7.921492753784477259e+00,1.000000000000000000e+00
2.439000000000000000e+03,1.435657637946424927e+02,5.200513778041024437e+01,1.534270630586917006e-03,-4.485771937443398372e+01,3.293580759259842061e-01,nan,1.326363322396016464e+01,1.000000000000000000e+00
2.440000000000000000e+03,8.444768731382674787e+01,2.905955284014059359e+01,-1.863780571887369269e-03,5.360419777055739843e+01,2.779828196312352784e-01,nan,8.938171196790149153e+00,1.000000000000000000e+00
2.440000000000000000e+03,2.097191342743172271e+01,3.042247183040643677e+01,1.355590598888637517e-03,-4.011485477101782493e+01,3.285452629113847500e-01,nan,1.222896037451141105e+01,1.000000000000000000e+00
2.442000000000000000e+03,4.512426246768781368e+01,4.301750885014640602e+01,-1.474247852385904842e-03,4.326448084955509188e+01,2.818731617173650950e-01,nan,9.881724452239964762e+00,1.000000000000000000e+00
2.443000000000000000e+03,1.090463122052105973e+02,2.691252694661890388e+01,-1.849017452874888090e-03,5.321232703976107103e+01,2.103209433186900013e-01,nan,2.335039335301310004e+01,1.000000000000000000e+00
2.444000000000000000e+03,1.426131768718450701e+02,4.983788006053756270e+00,1.543511064383443904e-03,-4.510299651008931221e+01,3.714672422994248491e-01,nan,1.832139911629558071e+01,1.000000000000000000e+00
2.446000000000000000e+03,2.805234532106917911e+01,4.937908727877377402e+01,-1.595260012359116372e-03,4.647661532627740399e+01,3.561813298786435933e-01,nan,4.722082751717830540e+00,1.000000000000000000e+00
2.447000000000000000e+03,5.223855675350238670e+01,2.053804471708007284e+01,-1.552729896842957842e-03,4.534770026205016080e+01,3.149559666127845770e-01,nan,6.857333975657931902e+00,1.000000000000000000e+00
2.448000000000000000e+03,1.376083023385632487e+02,2.260834180139006833e+01,-1.737454724686116276e-03,5.025101732004626598e+01,2.836966305948169786e-01,nan,1.677852506291144508e+01,1.000000000000000000e+00
2.449000000000000000e+03,1.173099754128168541e+02,3.377275014073929782e+01,-1.841881354704812471e-03,5.302290717512556739e+01,2.975420715642298486e-01,nan,7.189174732407922264e+00,1.000000000000000000e+00
2.449000000000000000e+03,9.605357406551324573e+01,4.013329663627185084e+01,-1.378262621330601442e-03,4.071665863072065150e+01,3.554277097925184759e-01,nan,2.081888865742215700e+01,1.000000000000000000e+00
2.452000000000000000e+03,1.217642858629615858e+02,2.812975875789775060e+01,-2.074263131969304209e-03,5.919122545552414749e+01,3.021625047986148394e-01,nan,7.189174732407922264e+00,1.000000000000000000e+00
2.456000000000000000e+03,1.107426817331922848e+02,3.612924930235119803e+01,1.361509257415585705e-03,-4.027195904148589989e+01,3.600101559955182218e-01,nan,6.530206763330818731e+00,1.000000000000000000e+00
2.461000000000000000e+03,1.253874837443529202e+02,1.708044511198979620e+01,-2.043192834035249469e-02,5.464752251876733453e+02,1.330554172034092986e-02,nan,2.019825017920176080e+01,1.000000000000000000e+00
2.461000000000000000e+03,6.241869011079026031e+00,2.713881404947752074e+01,-2.955230809985201837e-02,7.885656586843892910e+02,1.036956340768369067e-02,nan,2.175319581421502946e+01,1.000000000000000000e+00
2.461000000000000000e+03,1.136224734462672927e+02,4.199017073683196344e+01,-1.514860072966789980e-03,4.434248750552248453e+01,3.272535700478442777e-01,nan,6.530206763330818731e+00,1.000000000000000000e+00
2.462000000000000000e+03,4.873381159966599796e+01,4.513605442285732749e+01,-1.288871689561560223e-03,3.834387482200893515e+01,3.681438913443720873e-01,nan,6.894697127732939634e+00,1.000000000000000000e+00
2.464000000000000000e+03,5.064608338651646591e+01,3.851185144465802068e+01,-1.977442844571304648e-03,5.662123758599001633e+01,1.976820930741824967e-01,nan,6.894697127732939634e+00,1.000000000000000000e+00
2.465000000000000000e+03,3.413343084186223564e+01,3.973463166952019066e+01,-1.328598788673152672e-03,3.939838690364402396e+01,3.119658789704243818e-01,nan,7.059534588907385277e+00,1.000000000000000000e+00
2.466000000000000000e+03,1.745782216859146629e+01,4.577758876510915087e+01,-4.604570145172302148e-02,1.226364615709991540e+03,8.837501737895325782e-03,nan,1.773677690797266138e+01,1.000000000000000000e+00
2.466000000000000000e+03,9.517148823963320581e+01,1.112516917322651722e+01,-2.054638366646281689e-02,5.495133157326637274e+02,1.270426851735928508e-02,nan,1.666395091906419168e+01,1.000000000000000000e+00
2.468000000000000000e+03,8.341786700578980174e+01,4.513737814327588183e+01,1.636226094972113463e-03,-4.756401486006468105e+01,2.763031654298635509e-01,nan,1.033165685938960365e+01,1.000000000000000000e+00
2.471000000000000000e+03,1.544989312008610227e+01,2.675717033077103224e+01,-1.868324225774560272e-03,5.372480405759971234e+01,3.013761379038104593e-01,nan,9.463481720657007656e+00,1.000000000000000000e+00
2.473000000000000000e+03,7.125314107704819833e+01,1.690260246690764134e+01,-1.845348488197388675e-03,5.311493841421235373e+01,2.808900827545307566e-01,nan,2.184284411885204946e+01,1.000000000000000000e+00
2.475000000000000000e+03,1.192319063189895587e+02,1.009901107835239920e+01,-1.532979644596131749e-03,4.482345157348831322e+01,3.741917143863423556e-01,nan,3.066456246872366265e+01,1.000000000000000000e+00
2.478000000000000000e+03,6.025030707736441826e+01,4.786365232196347819e+01,-1.463728103023789881e-03,4.298524569153455133e+01,3.373262961782549363e-01,nan,2.786088984394236334e+01,1.000000000000000000e+00
2.481000000000000000e+03,8.093102021764144638e+01,1.333239111942312682e+01,-1.268300274707553996e-03,3.779782927665102221e+01,3.324799943840647254e-01,nan,1.155041168907037097e+01,1.000000000000000000e+00
2.482000000000000000e+03,9.243581661530501492e+01,1.230688147279816569e+01,-1.172077829772375911e-03,3.524371047669554713e+01,3.544350246718351860e-01,nan,1.155041168907037097e+01,1.000000000000000000e+00
2.482000000000000000e+03,1.785683797633582870e+01,1.685978521910516292e+01,-1.830578614149303918e-03,5.272288837843741760e+01,2.662239574688805011e-01,nan,6.404450254710031487e+00,1.000000000000000000e+00
2.482000000000000000e+03,3.649662805150903466e+01,3.330371016435417175e+01,-1.761288306407964932e-03,5.088365349123332493e+01,2.852045792663751023e-01,nan,1.335220757288084670e+01,1.000000000000000000e+00
2.483000000000000000e+03,2.401760773866202570e+01,1.400626298261406610e+01,-1.569444041821679934e-03,4.579135882782547640e+01,3.428981156973294198e-01,nan,5.752118529363719368e+00,1.000000000000000000e+00
2.483000000000000000e+03,4.129759622182496059e+01,1.751421988234241667e+01,-1.101066896573389253e-03,3.335880348219860281e+01,3.605252971174828236e-01,nan,1.066817598675801726e+01,1.000000000000000000e+00
2.483000000000000000e+03,1.384811260036540546e+02,4.408521094029607212e+01,1.728422087471628539e-03,-5.001125591574768947e+01,3.080530941729970884e-01,nan,2.507498106681280348e+01,1.000000000000000000e+00
2.486000000000000000e+03,6.921782034657034899e+01,2.884503112748804909e+01,-1.498058145330747899e-03,4.389649884581199046e+01,3.427810153466116505e-01,nan,1.384795723542746693e+01,1.000000000000000000e+00
2.487000000000000000e+03,4.770346207146227613e+01,2.604503822532046797e+01,-1.586034271146912920e-03,4.623172818908724935e+01,3.334824605284500976e-01,nan,1.066817598675801726e+01,1.000000000000000000e+00
2.488000000000000000e+03,9.042134618927271106e+01,1.431007998982610552e+01,1.388739770853502503e-03,-4.099476302293821561e+01,3.573619393209781503e-01,nan,6.835453792574091914e+00,1.000000000000000000e+00
2.489000000000000000e+03,1.250608967321796001e+02,3.791189041335901777e+01,-1.866650142045655700e-03,5.368036734922491604e+01,2.376052278321385547e-01,nan,3.763560127480224793e+01,1.000000000000000000e+00
2.490000000000000000e+03,1.918805261104233395e+01,3.287575102344652578e+01,1.804179718800211999e-03,-5.202215878302342844e+01,2.838639793974447878e-01,nan,2.699642071611252092e+01,1.000000000000000000e+00
2.493000000000000000e+03,9.140151453118248526e+01,2.107489325938006886e+01,1.438469137406496933e-03,-4.231477427507846301e+01,3.599127746570711661e-01,nan,6.835453792574091914e+00,1.000000000000000000e+00
2.494000000000000000e+03,4.012740382671370298e+01,1.121763771495057860e+01,-1.643074118618086067e-03,4.774578810380735661e+01,3.109288483174801332e-01,nan,7.806934214699801977e+00,1.000000000000000000e+00
2.495000000000000000e+03,4.528259679155208772e+01,2.595610540443005121e+01,-1.279459323208312696e-03,3.809403392604029648e+01,3.580183591928022269e-01,nan,1.561404637941586060e+01,1.000000000000000000e+00
2.495000000000000000e+03,8.441252463801617978e+01,4.036654674020886091e+01,-1.736529516525842825e-03,5.022645868866230501e+01,3.056237008754517648e-01,nan,2.051862260852697517e+01,1.000000000000000000e+00
2.496000000000000000e+03,1.208185315952644174e+02,3.000858594326454920e+01,-1.396358463221678350e-03,4.119699281892546594e+01,3.056027594607247933e-01,nan,1.731876441145761802e+01,1.000000000000000000e+00
2.499000000000000000e+03,1.355830363656715747e+02,3.906830446076638452e+01,-2.287245255426909041e-03,6.484460129672179107e+01,2.339206965882004718e-01,nan,1.732250272713909212e+01,1.000000000000000000e+00
2.500000000000000000e+03,1.187463704162327929e+02,5.006325040005823013e+01,-1.463723308740267834e-03,4.298511843255995046e+01,2.941903640100385076e-01,nan,2.010875820385091828e+01,1.000000000000000000e+00
2.501000000000000000e+03,6.229745389128117239e+01,3.879833531971898708e+01,-1.641002093388937554e-03,4.769078847669005228e+01,3.017589969711415021e-01,nan,3.277627228956894356e+01,1.000000000000000000e+00
2.507000000000000000e+03,9.398192871544458171e+01,4.152933365146732569e+01,-1.541886242626728512e-03,4.505986740649815658e+01,3.541876521425534330e-01,nan,2.827219218508036036e+01,1.000000000000000000e+00
2.508000000000000000e+03,5.400333401002923495e+01,2.282222924120725693e+01,-1.463155910970368205e-03,4.297005748381634049e+01,3.330393071455971521e-01,nan,1.283712116537050818e+01,1.000000000000000000e+00
2.509000000000000000e+03,1.373935670377118186e+02,5.078840041666837557e+00,1.469781452714318806e-03,-4.314592519056100173e+01,3.434341319444745855e-01,nan,3.060003584107188601e+01,1.000000000000000000e+00
2.509000000000000000e+03,1.080614107335666887e+02,1.379588082533208215e+01,1.283162494490176038e-03,-3.819233052821906682e+01,3.208051526465690584e-01,nan,2.334972300265911471e+01,1.000000000000000000e+00
2.509000000000000000e+03,1.221909300617862897e+02,3.964012905899706851e+01,-1.320274771676851078e-03,3.917743504240494445e+01,3.362922353143943388e-01,nan,7.197566041279473303e+00,1.000000000000000000e+00
2.512000000000000000e+03,2.719139254748878543e+01,3.144992795480203895e+01,-1.227537939520036972e-03,3.671583799382027991e+01,3.676523424690760766e-01,nan,2.042624329952957396e+01,1.000000000000000000e+00
2.514000000000000000e+03,9.742106953566562311e+01,3.458031498874287024e+01,-1.139137852276589716e-02,3.065037895565440635e+02,2.460826526784232193e-02,nan,1.812993416687632831e+01,1.000000000000000000e+00
2.514000000000000000e+03,7.530187638096414560e+01,2.447282608008212890e+01,-1.408102130390619360e-03,4.150871552683232579e+01,3.230967175417571724e-01,nan,2.431912905212052678e+01,1.000000000000000000e+00
2.515000000000000000e+03,1.424789003258044140e+01,4.725173664805415541e+01,1.417731578842368117e-03,-4.176431862796306405e+01,2.929049779728966074e-01,nan,1.993781661591532739e+01,1.000000000000000000e+00
2.518000000000000000e+03,1.024322399741088532e+02,1.715669068918503370e+01,-1.618123700898604087e-03,4.708350675139523389e+01,3.384176536143247427e-01,nan,1.812993416687632831e+01,1.000000000000000000e+00
2.521000000000000000e+03,5.937235487688921864e+01,4.881906010062254353e+01,-1.670700212455266190e-02,4.476011622532866454e+02,1.727849627451305548e-02,nan,1.781245451451080442e+01,1.000000000000000000e+00
2.524000000000000000e+03,1.093585853540490689e+02,3.141124249342138697e+01,-1.325659887104461455e-02,3.560140089321535584e+02,2.138087651973796799e-02,nan,1.225754176409253660e+01,1.000000000000000000e+00
2.524000000000000000e+03,9.908085519105530636e+01,2.473175203417518730e+01,-6.551429895406939673e-03,1.780326850415428339e+02,5.230564729508424548e-02,nan,1.225754176409253660e+01,1.000000000000000000e+00
2.525000000000000000e+03,4.225278971268326700e+01,1.309141476370997736e+01,-1.434535322619520312e-03,4.221035549513862151e+01,3.186524704735461677e-01,nan,8.415651130878385899e+00,1.000000000000000000e+00
2.535000000000000000e+03,1.367596946819896857e+02,1.625513434290329684e+01,-3.263933601700858694e-02,8.705074140046642697e+02,1.022564673066916896e-02,nan,2.377098835636398633e+01,1.000000000000000000e+00
2.536000000000000000e+03,6.798140689780566959e+01,1.851049858445480112e+01,-1.098293327938136554e-02,2.956620605235351604e+02,2.316528756858893257e-02,nan,2.228874035806223830e+01,1.000000000000000000e+00
2.537000000000000000e+03,9.020906066338376661e+01,2.015954522621306921e+01,1.206590203380348593e-03,-3.615980341449808577e+01,3.546059365744786973e-01,nan,2.182255560393213045e+01,1.000000000000000000e+00
2.538000000000000000e+03,4.199751525446701805e+01,4.949447858042954351e+01,-1.598059069151180423e-03,4.655091320531767707e+01,3.269530163517355703e-01,nan,1.048187772883025737e+01,1.000000000000000000e+00
2.542000000000000000e+03,1.046813218223044402e+02,4.935465560876248503e+01,-1.240262454278017335e-03,3.705359622045402546e+01,3.735352240966428594e-01,nan,1.942209314596547642e+01,1.000000000000000000e+00
2.546000000000000000e+03,6.309061088688176255e+01,6.274311841669071299e+00,-1.799247729184608006e-03,5.189124455186991725e+01,2.943048352817816404e-01,nan,1.340922640362147789e+01,1.000000000000000000e+00
2.546000000000000000e+03,1.388032816126088278e+02,3.431976569185115977e+01,-1.629957179725364603e-03,4.739761341082032686e+01,2.701058425916565975e-01,nan,6.448118553182269785e+00,1.000000000000000000e+00
2.548000000000000000e+03,4.858406087255830386e+01,4.607295911420954404e+00,-1.968425160187332532e-02,5.266289698225606344e+02,1.322487528914562116e-02,nan,8.492286163953313149e+00,1.000000000000000000e+00
2.550000000000000000e+03,1.432133860417365554e+02,2.961559607330195121e+01,-1.543281099061298524e-03,4.509689233394802699e+01,3.470669584559520349e-01,nan,6.448118553182269785e+00,1.000000000000000000e+00
2.551000000000000000e+03,1.365704988982664361e+02,7.846278841110431834e+00,1.714264926465577498e-03,-4.963546967269483190e+01,3.147747461463922258e-01,nan,2.005531338859630353e+01,1.000000000000000000e+00
2.551000000000000000e+03,5.129663460897212701e+01,1.265470965839524631e+01,-2.079185026145841456e-03,5.932187171436898865e+01,3.364238395777419122e-01,nan,8.492286163953313149e+00,1.000000000000000000e+00
2.551000000000000000e+03,3.366876461103014861e+01,2.839032892873086311e+01,1.708557957970232308e-03,-4.948398448091307245e+01,3.269709040540957901e-01,nan,8.307343450264321305e+00,1.000000000000000000e+00
2.551000000000000000e+03,1.341370171611056605e+02,4.381086327340779718e+01,-1.636474724676907633e-03,4.757061446168226837e+01,3.696676299262932064e-01,nan,1.057615039766324472e+01,1.000000000000000000e+00
2.552000000000000000e+03,9.605638789849282944e+01,2.828396348294919349e+01,-1.782469311037075069e-03,5.144587992563331369e+01,2.780555691392666562e-01,nan,1.002220662292981501e+01,1.000000000000000000e+00
2.553000000000000000e+03,4.466250204747833408e+01,2.400433068338989173e+01,1.110595612004973420e-03,-3.361173273627888136e+01,3.517177504664796839e-01,nan,1.183635262357861606e+01,1.000000000000000000e+00
2.558000000000000000e+03,1.430724222895036917e+02,1.294252061625555505e+01,-1.654262879923537556e-03,4.804278144686489327e+01,2.906423898091911040e-01,nan,2.315810134979767199e+01,1.000000000000000000e+00
2.560000000000000000e+03,2.956868656097783443e+01,1.387426844069093335e+01,-1.385935733040896895e-03,4.092033292819486689e+01,3.207390176190337838e-01,nan,3.415080576178179683e+01,1.000000000000000000e+00
2.561000000000000000e+03,7.229680138160708225e+01,1.483572765711799946e+01,-1.716488379438093964e-03,4.969448878244356393e+01,3.144771809886570679e-01,nan,1.032428080942274740e+01,1.000000000000000000e+00
2.563000000000000000e+03,1.358023832470401260e+02,3.492988495235906043e+01,-1.552581441438620610e-03,4.534375967688389863e+01,3.032294182109496194e-01,nan,2.315810134979767199e+01,1.000000000000000000e+00
2.566000000000000000e+03,1.229519721982807390e+01,4.873910044165628364e+01,-1.515344945974587141e-03,4.435535792536725097e+01,2.757426571693696316e-01,nan,2.700231832601154025e+01,1.000000000000000000e+00
2.570000000000000000e+03,1.111721406293880108e+02,2.204353137302971888e+01,-1.301141660165928884e-03,3.866956767482130175e+01,3.701899157273212948e-01,nan,2.195176653841357961e+01,1.000000000000000000e+00
2.571000000000000000e+03,5.263817050874639136e+01,1.394514299046402606e+01,-2.126792162046025215e-03,6.058555069172825824e+01,2.394737867301731660e-01,nan,1.566648845502447962e+01,1.000000000000000000e+00
2.571000000000000000e+03,2.830660644776198254e+01,1.989940743144176238e+01,-1.383702392134615253e-03,4.086105135413711054e+01,3.466249150074651730e-01,nan,2.369239777742469144e+01,1.000000000000000000e+00
2.573000000000000000e+03,1.419407433855225520e+02,3.914447870548035979e+01,-1.973524281663905679e-03,5.651722365039174889e+01,2.437671379698493901e-01,nan,3.520155273893554693e+01,1.000000000000000000e+00
2.578000000000000000e+03,8.599708340789085526e+01,4.626090368654755025e+01,-1.542535252278447091e-03,4.507709465273913452e+01,3.228394330196863171e-01,nan,2.901236330467002844e+01,1.000000000000000000e+00
2.578000000000000000e+03,5.230410327218869782e+00,5.200161996865747227e+01,-1.737116608760524115e-03,5.024204240527767240e+01,3.284463983767277329e-01,nan,2.148573491878887864e+01,1.000000000000000000e+00
2.579000000000000000e+03,4.138920819177512556e+01,4.538858951679013387e+01,-1.805006299322369900e-03,5.204409945240407609e+01,2.401438121771546363e-01,nan,7.494432797840427263e+00,1.000000000000000000e+00
2.580000000000000000e+03,4.769023033066514472e+01,5.100794048894742616e+01,1.645086407610484892e-03,-4.779920209832695122e+01,3.013305648408369786e-01,nan,7.492130267613464234e+00,1.000000000000000000e+00
2.583000000000000000e+03,4.542009829742917759e+01,8.501921001355331242e+00,-1.908783633033181437e-02,5.107977834642123298e+02,1.671923541169306748e-02,nan,3.065097450998568007e+01,1.000000000000000000e+00
2.584000000000000000e+03,6.108518673111549724e+00,4.791312435762949917e+01,-1.697939084091479528e-03,4.920211817179621505e+01,3.189926352964196354e-01,nan,1.157352101615324003e+01,1.000000000000000000e+00
2.585000000000000000e+03,4.046106511105287495e+01,5.297547350631666063e+01,-1.673509739781285817e-03,4.855366813900725020e+01,3.136313687701213215e-01,nan,7.492130267613464234e+00,1.000000000000000000e+00
2.586000000000000000e+03,1.248410985549706709e+02,2.775371113759290154e+01,-1.466138344331668073e-03,4.304922289187516071e+01,3.585153815769595020e-01,nan,1.287230222038482808e+01,1.000000000000000000e+00
2.587000000000000000e+03,5.714980289974511152e+01,4.107635763967358855e+01,-1.433935153348771079e-03,4.219442466300679939e+01,3.460270025163759700e-01,nan,1.818280987139451454e+01,1.000000000000000000e+00
2.589000000000000000e+03,1.694415440450903887e+01,5.197949706654376456e+01,-1.709425473527750308e-03,4.950701172571238828e+01,2.715823658012629371e-01,nan,1.157352101615324003e+01,1.000000000000000000e+00
2.590000000000000000e+03,7.309879609548794122e+01,3.234456567802959626e+01,-1.367648027677117670e-02,3.671592982961933558e+02,1.989645072129386794e-02,nan,1.551901668595615114e+01,1.000000000000000000e+00
2.592000000000000000e+03,1.393415780239339767e+02,2.246680957698893621e+01,-1.128579407774489042e-02,3.037011667777039747e+02,1.715314924554456333e-02,nan,1.935027409406464471e+01,1.000000000000000000e+00
2.592000000000000000e+03,1.415162963216827450e+02,4.272900148128174891e+01,-1.319748861655577199e-02,3.544449923439572103e+02,2.810436886970690828e-02,nan,2.037856276681337775e+01,1.000000000000000000e+00
2.594000000000000000e+03,8.440889834279833792e+01,4.297101692265353989e+01,-2.004932651304790550e-02,5.363194811648075984e+02,1.131612862239728123e-02,nan,1.551901668595615114e+01,1.000000000000000000e+00
2.597000000000000000e+03,1.214268895610353098e+02,3.919111388261334383e+01,-1.581813285315064382e-03,4.611968677011547868e+01,3.385187743229739477e-01,nan,5.522206668622268388e+00,1.000000000000000000e+00
2.601000000000000000e+03,4.805274014667414662e+01,9.627644293820702970e+00,-1.661815177199681007e-03,4.824324885827649467e+01,3.222072195508244308e-01,nan,7.411175786765398676e+00,1.000000000000000000e+00
2.605000000000000000e+03,4.622785019038984444e+01,1.681063135978360989e+01,-1.350662460319049891e-03,3.998404276163842752e+01,3.739264585062849200e-01,nan,7.411175786765398676e+00,1.000000000000000000e+00
2.605000000000000000e+03,8.400412148588780781e+01,3.885396489585134816e+01,-1.909961812260931860e-03,5.483002792196167974e+01,2.814880081767032749e-01,nan,8.047692670854505792e+00,1.000000000000000000e+00
2.607000000000000000e+03,1.298473927320995926e+02,3.499603446476245949e+01,-1.556132986942725029e-03,4.543803153982649690e+01,2.926822189824731524e-01,nan,2.591977429921934117e+01,1.000000000000000000e+00
2.607000000000000000e+03,9.846372817836162028e+01,3.830626617645388876e+01,-1.708785578818146399e-03,4.949002642556861531e+01,3.303626644526251876e-01,nan,8.723251003869181730e+00,1.000000000000000000e+00
2.610000000000000000e+03,7.511766106131865683e+01,1.920842126160811247e+01,-1.545796822412189670e-03,4.516366943891897989e+01,3.271028895927917679e-01,nan,1.384125382637314594e+01,1.000000000000000000e+00
2.611000000000000000e+03,5.516001345739392292e+01,4.900321766101911436e+01,1.125811775705317470e-03,-3.401562903923012726e+01,3.737533674023686414e-01,nan,1.169346440650662622e+01,1.000000000000000000e+00
2.612000000000000000e+03,6.565941018831382792e+01,6.335739562328431163e+00,-1.975593751914427390e-02,5.285317935256699684e+02,1.356851840869166548e-02,nan,1.597386752504435314e+01,1.000000000000000000e+00
2.615000000000000000e+03,6.411317616112428652e+01,4.148138361427433551e+01,-1.495438825029279462e-03,4.382697187391273985e+01,3.695206383798950167e-01,nan,1.169346440650662622e+01,1.000000000000000000e+00
2.616000000000000000e+03,1.070031643150704781e+02,2.456425839758410490e+01,-3.959919499929277775e-02,1.055249203549363074e+03,1.292811949132299798e-02,nan,2.929710043176975987e+01,1.000000000000000000e+00
2.617000000000000000e+03,2.890977380880516634e+01,4.310207864450342896e+01,1.399595643512534715e-03,-4.128292020359430836e+01,3.178739709959165216e-01,nan,1.972312438084329855e+01,1.000000000000000000e+00
2.618000000000000000e+03,7.611963627940296817e+01,3.178927568792720493e+01,-1.914966210264733727e-03,5.496286415401315395e+01,2.402669521614031467e-01,nan,8.359730951233341756e+00,1.000000000000000000e+00
2.618000000000000000e+03,1.245347210472108088e+02,4.803689378982220859e+01,-1.421677338194311194e-03,4.186905446322153779e+01,2.736103649975600849e-01,nan,2.929710043176975987e+01,1.000000000000000000e+00
2.620000000000000000e+03,5.802840888217573223e+01,1.245707893201003280e+01,-1.383033837510115388e-03,4.084330530812484739e+01,3.082381632002728633e-01,nan,1.758889911342031454e+01,1.000000000000000000e+00
2.620000000000000000e+03,2.192040549456077514e+01,2.465891281241126265e+01,-1.535669279482815286e-03,4.489484496859194707e+01,3.012663484158085714e-01,nan,1.906569452213481597e+01,1.000000000000000000e+00
2.620000000000000000e+03,6.838847478461410390e+00,3.632284505751584902e+01,1.498347068193532118e-03,-4.390416798492055506e+01,3.440884004146950170e-01,nan,1.652807044847070728e+01,1.000000000000000000e+00
2.622000000000000000e+03,1.421368907570709723e+02,1.179080486446708598e+01,-1.355130918664004293e-02,3.638367696000017304e+02,2.499231792955813880e-02,nan,2.254703205105825248e+01,1.000000000000000000e+00
2.623000000000000000e+03,1.232274638058795269e+01,5.191463666659227272e+01,-1.553359981464104466e-03,4.536442516420284932e+01,2.619749646844349300e-01,nan,1.652807044847070728e+01,1.000000000000000000e+00
2.626000000000000000e+03,1.233770584977131222e+02,2.429829653594960703e+01,-1.485737358190272360e-03,4.356945712402932713e+01,3.142243320461425293e-01,nan,1.555136205215005951e+01,1.000000000000000000e+00
2.628000000000000000e+03,4.210577403168998245e+01,4.682362595643014203e+01,-1.305891181170128808e-03,3.879563847769668428e+01,3.670658490199153468e-01,nan,1.989538330751293671e+01,1.000000000000000000e+00
2.629000000000000000e+03,8.187087683997916088e+01,1.703251527974410706e+01,-1.131810415130927311e-02,3.045588020869535626e+02,2.424455539678560534e-02,nan,1.802496567342427625e+01,1.000000000000000000e+00
2.630000000000000000e+03,1.158288261269765513e+02,1.070164070613551743e+01,1.358662594553014524e-03,-4.019639751174793929e+01,3.343887248697307024e-01,nan,1.555136205215005951e+01,1.000000000000000000e+00
2.631000000000000000e+03,1.065611872195447773e+02,2.683856618904549762e+01,-1.873987683881537039e-03,5.387513431405427156e+01,2.597987179290078830e-01,nan,7.503554182409731155e+00,1.000000000000000000e+00
2.632000000000000000e+03,1.309830167058035784e+02,3.330492453752287219e+01,-1.752243149488977997e-02,4.692458365932179163e+02,1.157717740945019003e-02,nan,1.779882983378117345e+01,1.000000000000000000e+00
2.634000000000000000e+03,1.139523441523493972e+02,2.813244584458258757e+01,-1.868805404119797163e-03,5.373757640669693814e+01,2.908802968106370956e-01,nan,7.503554182409731155e+00,1.000000000000000000e+00
2.634000000000000000e+03,6.441656584838212041e+01,2.153211696619794324e+01,-1.621474814021165931e-03,4.717245835757067596e+01,2.870708967093732467e-01,nan,1.778750904793578869e+01,1.000000000000000000e+00
2.635000000000000000e+03,2.225730416503963127e+01,4.500162805663893550e+01,-1.763257201873928226e-03,5.093591565239699293e+01,2.926971623469193373e-01,nan,9.640740863522646364e+00,1.000000000000000000e+00
2.635000000000000000e+03,3.616959568787725487e+01,2.994304115459646809e+01,-1.493161240286938361e-03,4.376651589596680481e+01,3.283586027645777339e-01,nan,1.178663147168037106e+01,1.000000000000000000e+00
2.640000000000000000e+03,3.509018019775223252e+01,1.269014525820356276e+01,-2.581334471790949769e-02,6.893189946384086397e+02,1.702734608746248046e-02,nan,6.119674255144404995e+00,1.000000000000000000e+00
2.642000000000000000e+03,1.239007203839750275e+02,1.989162954557076191e+01,-1.544664015896490654e-02,4.141462423203631715e+02,9.517740795843332435e-03,nan,1.759870193209349409e+01,1.000000000000000000e+00
2.642000000000000000e+03,1.394151472199065189e+01,1.122955596525334165e+01,-1.802713321378161121e-03,5.198323487887206795e+01,2.346646712543850599e-01,nan,1.686213431939347984e+01,1.000000000000000000e+00
2.644000000000000000e+03,3.006136826826988440e+01,1.617747426002906508e+01,-1.008414755529675293e-02,2.718047836006448961e+02,2.013546993410371133e-01,nan,6.119674255144404995e+00,1.000000000000000000e+00
2.647000000000000000e+03,1.428008301860657809e+02,4.306317931863398485e+01,-1.477859407415738286e-03,4.336034559925030152e+01,3.575745453163918786e-01,nan,9.683536567184715338e+00,1.000000000000000000e+00
2.649000000000000000e+03,1.214485821884264851e+02,4.745176247884696608e+01,-1.546231985773858066e-03,4.517522037096854604e+01,3.271102560354285371e-01,nan,7.474413551529833555e+00,1.000000000000000000e+00
2.650000000000000000e+03,1.039675407829436580e+02,3.164441997841222332e+01,-1.598386116837660891e-03,4.655959432587208369e+01,2.964883965051741121e-01,nan,5.510622707456972691e+00,1.000000000000000000e+00
2.651000000000000000e+03,1.029376360619527162e+02,9.800052482071766491e+00,-2.058597416463543023e-03,5.877539629513465513e+01,2.260010472110114410e-01,nan,1.787387834343630644e+01,1.000000000000000000e+00
2.652000000000000000e+03,1.141127744799471486e+02,4.888451619233298118e+01,-1.482240097221941338e-03,4.347662618428775261e+01,3.099157147923340405e-01,nan,7.474413551529833555e+00,1.000000000000000000e+00
2.652000000000000000e+03,9.275267662883197772e+01,2.448821534819107981e+01,-1.888668481414191528e-03,5.426481991185583098e+01,2.577815810132153551e-01,nan,1.330355000384399666e+01,1.000000000000000000e+00
2.652000000000000000e+03,4.995390784600697032e+01,2.281827567010270030e+01,-1.490790150856177460e-03,4.370357793907366784e+01,2.886838312183102051e-01,nan,2.201225252225072637e+01,1.000000000000000000e+00
2.654000000000000000e+03,6.335910784328253698e+01,4.433421480781070301e+01,-2.070833296053684828e-03,5.910018423952981692e+01,2.295438015242995400e-01,nan,1.546065044028593327e+01,1.000000000000000000e+00
2.657000000000000000e+03,1.328479659653533247e+02,6.641759523354569872e+00,-7.687565523835373019e-03,2.081901537051499247e+02,3.252237424021053869e-02,nan,3.436288376519842558e+01,1.000000000000000000e+00
2.659000000000000000e+03,6.882061768616600261e+01,2.160469996983402297e+01,-2.081207195355979506e-03,5.937554796838419691e+01,2.638595118307039966e-01,nan,1.006620756497667379e+01,1.000000000000000000e+00
2.661000000000000000e+03,6.111593442513868979e+01,2.808284712688742957e+01,1.528347530039323408e-03,-4.470049719542131328e+01,3.241473319650630680e-01,nan,1.006620756497667379e+01,1.000000000000000000e+00
2.661000000000000000e+03,3.404999679748528507e+01,2.704228766930287620e+01,-2.117030746318229219e-03,6.032644466463301569e+01,2.750882249714475813e-01,nan,3.763627779963469866e+00,1.000000000000000000e+00
2.663000000000000000e+03,5.419795499978276609e+01,3.631480683617511573e+01,-1.967656853793784723e-03,5.636147924127229203e+01,2.115326303827265164e-01,nan,1.075284148423028086e+01,1.000000000000000000e+00
2.666000000000000000e+03,1.377776403930377285e+02,8.005617273067862527e+00,-1.562629618736579174e-03,4.561047747395599572e+01,3.100436413576839190e-01,nan,2.074990106451804195e+01,1.000000000000000000e+00
2.666000000000000000e+03,2.125338868621260602e+01,2.698690673104323778e+01,-1.518657109233839935e-03,4.444327565032921967e+01,3.223774995078265704e-01,nan,9.262891409999429726e+00,1.000000000000000000e+00
2.666000000000000000e+03,1.198786843056715696e+02,4.060642708498794207e+01,-1.717068863527064070e-03,4.970989709311071181e+01,2.883852913888610425e-01,nan,8.186238327455605202e+00,1.000000000000000000e+00
2.667000000000000000e+03,5.882980225372565819e+00,3.242653704590886576e+01,1.441691725181178281e-03,-4.240031431748089119e+01,3.673185378710851490e-01,nan,3.366499724637177504e+00,1.000000000000000000e+00
2.669000000000000000e+03,6.039901725665366428e+01,2.677484390792633207e+01,-1.776795465291802550e-03,5.129527394076345814e+01,3.275349846446703461e-01,nan,2.740476746858089285e+01,1.000000000000000000e+00
2.669000000000000000e+03,8.182250242428914078e+00,2.996753769970157322e+01,-1.573302647698472277e-03,4.589378127009633346e+01,3.512184628162184907e-01,nan,3.366499724637177504e+00,1.000000000000000000e+00
2.670000000000000000e+03,1.320822966781315984e+02,4.217248573275193024e+01,-1.650170469285245712e-03,4.793415291476470941e+01,3.244072369634234398e-01,nan,7.022305276540580010e+00,1.000000000000000000e+00
2.675000000000000000e+03,1.166049790907587465e+02,1.841946036402121578e+01,-2.414877865097060997e-02,6.451349221156135627e+02,8.689236771418085148e-03,nan,1.179012064903500168e+01,1.000000000000000000e+00
2.676000000000000000e+03,3.299827766973443488e+01,2.944662102625580502e+01,-1.351004712124255448e-03,3.999312745877518438e+01,3.582225632656729220e-01,nan,2.213717610113307188e+01,1.000000000000000000e+00
2.679000000000000000e+03,1.172022345080027463e+02,3.019444362878105181e+01,-1.801180315045862457e-02,4.822356680872705397e+02,1.195751377342224586e-02,nan,9.468207458872004878e+00,1.000000000000000000e+00
2.683000000000000000e+03,1.249848749044279259e+02,3.558679570780653023e+01,-1.894084381820790135e-03,5.440857902186908035e+01,3.554831791926446050e-01,nan,9.468207458872004878e+00,1.000000000000000000e+00
2.686000000000000000e+03,1.205043393895770976e+02,2.389973078848381860e+01,-1.975022982045434878e-03,5.655700500101677619e+01,2.673683496090678569e-01,nan,6.017498170565083626e+00,1.000000000000000000e+00
2.686000000000000000e+03,1.037355250651132224e+02,2.296235041233171259e+01,1.341430460577368571e-03,-3.973898949867782449e+01,3.479436754402520648e-01,nan,1.679499377248886915e+01,1.000000000000000000e+00
2.687000000000000000e+03,7.426826793517781766e+01,4.869056516799589929e+01,-1.384949853626151655e-03,4.089416384519779513e+01,3.729788474017464717e-01,nan,3.741960769981194090e+01,1.000000000000000000e+00
2.693000000000000000e+03,6.868437958897683870e+01,7.326336755637353093e+00,-1.507246241026240045e-03,4.414038672423220788e+01,3.179811988386770372e-01,nan,2.805779238536327469e+01,1.000000000000000000e+00
2.693000000000000000e+03,9.902952526137607947e+01,4.665547466918555131e+01,-1.392009343759882363e-03,4.108155023390168736e+01,3.505473193458737979e-01,nan,1.625678260754551729e+01,1.000000000000000000e+00
2.698000000000000000e+03,1.413512014757651230e+02,5.183126079489310456e+01,-1.237474425395092281e-02,3.326061495926421117e+02,2.217844798666845918e-02,nan,1.151468060774074686e+01,1.000000000000000000e+00
2.700000000000000000e+03,8.469860113917732747e+00,3.178933281947598033e+01,-1.698702061358483249e-03,4.922237056283560008e+01,3.165348937447948208e-01,nan,9.980817230617651248e+00,1.000000000000000000e+00
2.700000000000000000e+03,3.315119057116467616e+01,3.339819765276150321e+01,-1.433544685762749675e-03,4.218406013108388919e+01,3.607377631693966524e-01,nan,1.196181962859921555e+01,1.000000000000000000e+00
2.701000000000000000e+03,1.677371996620491501e+01,2.625194858641365059e+01,-1.436401722208436845e-03,4.225989701615788618e+01,3.654336901783075131e-01,nan,9.980817230617651248e+00,1.000000000000000000e+00
2.702000000000000000e+03,9.993747613732973889e+01,5.211874809866790059e+01,-1.314441272745244102e-03,3.902259123958144471e+01,3.683248881578412570e-01,nan,1.096871304343022580e+01,1.000000000000000000e+00
2.707000000000000000e+03,2.625985159642233668e+01,3.069711673600936663e+01,-1.499374400187560973e-03,4.393143738096960504e+01,3.081707444305782362e-01,nan,9.405402735118219226e+00,1.000000000000000000e+00
2.707000000000000000e+03,7.602372624495928655e+00,4.499818759874233365e+01,-1.394509074588065264e-03,4.114790283497507772e+01,3.244721066239534268e-01,nan,1.503488130833511782e+01,1.000000000000000000e+00
2.707000000000000000e+03,8.978223876968384332e+01,4.797341097897729156e+01,-1.449278671850893303e-03,4.260170145887428106e+01,3.347122168067230286e-01,nan,1.096871304343022580e+01,1.000000000000000000e+00
2.710000000000000000e+03,1.727907922563201737e+01,3.349127640106404868e+01,-1.616598055881648174e-03,4.704301018510562216e+01,3.334692029117136691e-01,nan,9.405402735118219226e+00,1.000000000000000000e+00
2.711000000000000000e+03,5.744802694376093655e+01,2.327243047460990155e+01,-1.391556975650057228e-03,4.106954262076544637e+01,2.882561756128999564e-01,nan,9.255051852838578341e+00,1.000000000000000000e+00
2.713000000000000000e+03,4.642509412885866027e+01,5.191968159623208123e+01,-2.417134644780197933e-02,6.457339594213004830e+02,1.473207546235533183e-02,nan,2.292395733480957887e+01,1.000000000000000000e+00
2.715000000000000000e+03,5.854259519299498038e+01,1.408233226259391024e+01,1.412991268395129849e-03,-4.163849230917566757e+01,3.285171388719667629e-01,nan,9.255051852838578341e+00,1.000000000000000000e+00
2.716000000000000000e+03,1.136131608649143345e+02,4.763369694104880203e+00,-1.537394523888244071e-03,4.494063968076530813e+01,3.549809896685945931e-01,nan,1.537737401394311476e+01,1.000000000000000000e+00
2.717000000000000000e+03,8.488367555797519515e+01,7.156573429986441859e+00,-1.746749986289225553e-03,5.049774979942775843e+01,2.823499487209121250e-01,nan,2.723634796006591330e+01,1.000000000000000000e+00
2.718000000000000000e+03,5.567959041657182695e+00,6.474647089389138799e+00,-1.451433605837298317e-03,4.265890180761877559e+01,3.540542312376813161e-01,nan,1.673332241213472216e+01,1.000000000000000000e+00
2.721000000000000000e+03,1.176167015206696362e+02,1.961043316747925047e+01,-1.395970719422329719e-03,4.118670058691920843e+01,3.596741392971793960e-01,nan,1.537737401394311476e+01,1.000000000000000000e+00
2.722000000000000000e+03,8.678810622262957963e+01,4.137491515099353023e+01,-1.494868521286942106e-03,4.381183378933205574e+01,3.733322703190042890e-01,nan,1.638329130366214414e+01,1.000000000000000000e+00
2.724000000000000000e+03,1.031278971777287268e+02,4.018182442338235205e+01,-1.738552930049077228e-03,5.028016797159789064e+01,3.356185752456694038e-01,nan,1.638329130366214414e+01,1.000000000000000000e+00
2.728000000000000000e+03,5.792725134716570068e+01,3.678049810205683912e+01,-2.573310821596355713e-02,6.871892050846215625e+02,1.250442229447878972e-02,nan,1.982057717151040066e+01,1.000000000000000000e+00
2.728000000000000000e+03,5.385467994673219749e+01,1.738283222184923105e+01,-2.255982676203769754e-03,6.401477057081673649e+01,2.356454475412069760e-01,nan,1.522027033892471337e+01,1.000000000000000000e+00
2.730000000000000000e+03,1.360805429035470837e+01,2.758884072849649982e+01,-1.833698495919140400e-02,4.908672609723549272e+02,1.220252230751317502e-02,nan,3.245605582233763187e+01,1.000000000000000000e+00
2.730000000000000000e+03,1.180982991190603144e+02,4.412880696123119861e+01,-1.782872047661606665e-03,5.145657012566761779e+01,3.049511554698681737e-01,nan,1.423357588076512492e+01,1.000000000000000000e+00
2.732000000000000000e+03,1.347140326132636119e+02,1.121443143897340811e+01,-2.202125199823032342e-03,6.258518319091938054e+01,2.028355684665208436e-01,nan,8.841792494967846139e+00,1.000000000000000000e+00
2.732000000000000000e+03,1.038850914970447832e+02,4.488999776975315825e+01,-1.553770766630856778e-03,4.537532900392394453e+01,2.873879981290483610e-01,nan,1.423357588076512492e+01,1.000000000000000000e+00
2.735000000000000000e+03,1.387955000262052749e+02,1.905783110245894463e+01,-1.814028547127755726e-03,5.228358508128325610e+01,3.181764419932104904e-01,nan,8.841792494967846139e+00,1.000000000000000000e+00
2.735000000000000000e+03,6.587248459054357852e+01,2.040493324314978096e+01,-1.838991127002045922e-03,5.294618926469665610e+01,2.930954832076095862e-01,nan,2.765989613748861586e+01,1.000000000000000000e+00
2.740000000000000000e+03,1.171084570029803444e+02,3.469461003989265890e+01,-1.028579393292276822e-02,2.771572645564601771e+02,1.556513307546303349e-02,nan,2.673643002776136868e+01,1.000000000000000000e+00
2.740000000000000000e+03,1.443665548668838028e+02,4.790140319139668179e+01,-1.586076666389813622e-03,4.623285352410647420e+01,3.204884707916521025e-01,nan,2.937666255529371284e+01,1.000000000000000000e+00
2.743000000000000000e+03,2.271350594156466585e+01,3.384298431684958075e+01,-1.640323349489306807e-03,4.767277196759417990e+01,3.420387117338056227e-01,nan,7.038984898905305876e+00,1.000000000000000000e+00
2.745000000000000000e+03,1.930774476034503451e+01,4.000318716931429464e+01,-1.753883894309704334e-03,5.068711152895492944e+01,3.434025582611045513e-01,nan,6.384138046655754906e+00,1.000000000000000000e+00
2.745000000000000000e+03,1.333954844470279433e+01,4.226987006215836118e+01,-1.617154663840481921e-03,4.705778473020079389e+01,3.045906768948754006e-01,nan,6.384138046655754906e+00,1.000000000000000000e+00
2.747000000000000000e+03,2.271087031870843020e+01,1.310638915974097252e+01,-1.335446272933286591e-02,3.586116972413478265e+02,1.144866148937517814e-02,nan,1.219704613409392557e+01,1.000000000000000000e+00
2.750000000000000000e+03,1.406667788967506283e+02,9.895425544278277030e+00,-1.237943859828990805e-03,3.699205168502135166e+01,3.708936293659041983e-01,nan,2.220247626430391108e+01,1.000000000000000000e+00
2.752000000000000000e+03,1.100501410361265755e+02,7.645458420798545873e+00,-1.981152790614110551e-03,5.671971401673478397e+01,2.617309476120196488e-01,nan,7.061098749801579366e+00,1.000000000000000000e+00
2.752000000000000000e+03,1.030049701063092726e+02,8.119464880782613747e+00,-1.327710423927456248e-03,3.937480624011246277e+01,3.510466568085967021e-01,nan,7.061098749801579366e+00,1.000000000000000000e+00
2.754000000000000000e+03,1.004920687859941211e+02,2.822103866430996888e+01,-1.748868737170140505e-02,4.683501360164812581e+02,1.277494710385651544e-02,nan,1.799669661824103173e+01,1.000000000000000000e+00
2.755000000000000000e+03,2.607535776888328627e+01,4.999757432292010861e+01,-1.766639474399141685e-03,5.102569435058991587e+01,2.864917169058415203e-01,nan,3.388025503124224969e+01,1.000000000000000000e+00
2.756000000000000000e+03,2.981411634491889373e+01,1.632424117498038640e+01,-1.522913441419126816e-03,4.455625529931465678e+01,3.281099437027004129e-01,nan,2.954309224110243193e+01,1.000000000000000000e+00
2.756000000000000000e+03,1.179992144873301640e+02,3.239008394605004071e+01,-1.501894852946798840e-03,4.399834002287509094e+01,2.462577824151968020e-01,nan,1.014854003670943072e+01,1.000000000000000000e+00
2.758000000000000000e+03,1.430196307452609119e+02,5.085415278828922681e+01,1.399830915138259137e-03,-4.128916522971855585e+01,3.412030879229274172e-01,nan,2.879177412712441253e+01,1.000000000000000000e+00
2.761000000000000000e+03,6.239185674003878290e+01,5.048848141480200979e+01,-1.490236222644352078e-02,3.996989841906174092e+02,1.409496369069895838e-02,nan,4.354310949814156828e+01,1.000000000000000000e+00
2.761000000000000000e+03,1.760949690281935531e+01,4.322854498384733546e+01,-1.531210657774347223e-03,4.477649576706043888e+01,3.446526996338963311e-01,nan,1.307982901120728059e+01,1.000000000000000000e+00
2.762000000000000000e+03,1.140093904365397606e+02,1.283495095219029025e+01,-1.743215152187840887e-03,5.040392152226069555e+01,2.727545999337880334e-01,nan,1.216705206351393720e+01,1.000000000000000000e+00
2.762000000000000000e+03,2.324385274333668860e+01,3.142447953058726640e+01,-1.359221257712169614e-03,4.021122660987158781e+01,3.716090042717438147e-01,nan,1.307982901120728059e+01,1.000000000000000000e+00
2.765000000000000000e+03,7.918058639650675445e+01,8.180234118638834317e+00,-1.587869621249686676e-03,4.628044553570167352e+01,2.916134771560505712e-01,nan,7.670706377052688651e+00,1.000000000000000000e+00
2.768000000000000000e+03,7.453566727732648189e+01,1.428469664200895828e+01,-1.433928736830786168e-03,4.219425434360547200e+01,2.931620696779945190e-01,nan,7.670706377052688651e+00,1.000000000000000000e+00
2.768000000000000000e+03,4.813297160732236790e+01,1.598493249144763340e+01,-1.416961513945501393e-03,4.174387810359686313e+01,3.183714634330210291e-01,nan,1.448854731363747561e+01,1.000000000000000000e+00
2.768000000000000000e+03,8.302504572880138767e+01,2.510007301049816064e+01,-1.379368703198472065e-03,4.074601835541815831e+01,3.691398017239473361e-01,nan,7.942371567554813439e+00,1.000000000000000000e+00
2.771000000000000000e+03,1.896612067599380325e+01,1.191345450472450018e+01,-1.342063852225411228e-03,3.975580218221637097e+01,3.446958399992389177e-01,nan,1.676491341178054739e+01,1.000000000000000000e+00
2.771000000000000000e+03,8.770934258380967208e+01,1.868613279474446287e+01,-1.702181645456888985e-03,4.931473228953825583e+01,3.727779121151233443e-01,nan,7.942371567554813439e+00,1.000000000000000000e+00
2.775000000000000000e+03,1.201878088998915217e+02,3.552304132935567793e+01,-1.610298133795625905e-02,4.315680958762156934e+02,1.043880492048898656e-02,nan,2.597494313335196736e+01,1.000000000000000000e+00
2.776000000000000000e+03,7.194428196783398732e+01,9.737235126255450623e+00,-4.337913481090192869e-02,1.155583541780271162e+03,9.783247601745870270e-03,nan,1.657293388147498447e+01,1.000000000000000000e+00
2.781000000000000000e+03,8.809947487798390853e+01,1.343478559590196575e+01,-1.494179872293948004e-03,4.379355436044453143e+01,3.092405300292807580e-01,nan,1.657293388147498447e+01,1.000000000000000000e+00
2.783000000000000000e+03,9.323236892909794449e+01,4.789881515788193411e+01,-1.630409995358263024e-03,4.740963290296354415e+01,2.845039419835623251e-01,nan,1.312178724744785363e+01,1.000000000000000000e+00
2.784000000000000000e+03,5.903002849432616728e+01,4.930980211000503033e+01,-1.525831444009350616e-03,4.463371046353367433e+01,3.147012270661642130e-01,nan,2.764012124566272632e+01,1.000000000000000000e+00
2.787000000000000000e+03,9.216792717086102016e+01,5.201295513663501069e+00,-2.350842746723416296e-03,6.653272664273478654e+01,2.462106833963719765e-01,nan,2.356649623840649710e+01,1.000000000000000000e+00
2.787000000000000000e+03,7.561566220925931248e+01,2.197634453283957257e+01,-1.753933084115988968e-03,5.068841721817413770e+01,2.479275014659761966e-01,nan,2.356649623840649710e+01,1.000000000000000000e+00
2.788000000000000000e+03,2.435242530661648175e+01,2.315539092139738742e+01,-1.625233093049843237e-03,4.727221773418067841e+01,2.984026986449476171e-01,nan,4.009309575262521186e+00,1.000000000000000000e+00
2.794000000000000000e+03,7.339655280595002296e+01,3.960690946941225121e+01,-1.423308199851369476e-03,4.191234388931359689e+01,3.080085783941380884e-01,nan,1.163465439063102735e+01,1.000000000000000000e+00
2.798000000000000000e+03,3.510638925085649475e+01,2.633037871892403103e+01,-1.836763825356921417e-03,5.288706799617332877e+01,2.638801198731853814e-01,nan,1.473873297191829224e+01,1.000000000000000000e+00
2.801000000000000000e+03,1.095518721224112539e+02,2.993273461085703602e+01,1.555640134249394214e-03,-4.542494930801984054e+01,2.845978237273195655e-01,nan,1.923075931072967748e+01,1.000000000000000000e+00
2.803000000000000000e+03,2.438036222531992792e+01,3.643891935864896681e+01,-2.497027881760423111e-03,7.041305001139974706e+01,1.875551298989698301e-01,nan,5.720478174621619338e+00,1.000000000000000000e+00
2.804000000000000000e+03,5.066679163931426899e+01,4.599666945476422342e+01,-1.399339969271164944e-03,4.127613361251374613e+01,3.300746993492038595e-01,nan,1.884012062967611101e+01,1.000000000000000000e+00
2.805000000000000000e+03,3.183598326453705596e+01,4.540438464728755008e+01,-2.030038288685932432e-03,5.801732570966714775e+01,2.762676762443564416e-01,nan,6.452662918644692880e+00,1.000000000000000000e+00
2.807000000000000000e+03,1.865158148099036950e+01,8.738672633378516963e+00,-3.770266464742807327e-02,1.004907894620380489e+03,8.785532519569483334e-03,nan,2.426162370820467373e+01,1.000000000000000000e+00
2.810000000000000000e+03,5.959233635537722051e+01,7.715917903239505549e+00,-2.389252487760962565e-02,6.383329479967711677e+02,1.325120002474966530e-02,nan,1.229476908008040148e+01,1.000000000000000000e+00
2.811000000000000000e+03,7.440619562514775964e+01,1.561730967558419003e+01,-2.240811845905138835e-02,5.989310148722462372e+02,1.501767025612577022e-02,nan,1.678935431768127273e+01,1.000000000000000000e+00
2.811000000000000000e+03,9.462769341737499929e+01,5.761577331962842052e+00,-1.712852783273722092e-03,4.959798588731630531e+01,3.540409508449330334e-01,nan,2.249543138039711110e+01,1.000000000000000000e+00
2.812000000000000000e+03,9.560869817214182831e+01,4.265959293819468456e+01,-1.489852120124522152e-03,4.367867894665801742e+01,3.697613983177079344e-01,nan,1.753156816300257503e+01,1.000000000000000000e+00
2.814000000000000000e+03,4.763489935887485416e+01,4.855664906181804241e+00,-2.084173054609915823e-02,5.573529732917243109e+02,1.389856258017563295e-02,nan,1.229476908008040148e+01,1.000000000000000000e+00
2.814000000000000000e+03,1.190509493475937148e+02,4.059622595136865186e+01,-1.701140482408266185e-03,4.928709576338162179e+01,3.233072960147224117e-01,nan,7.051711962225708064e+00,1.000000000000000000e+00
2.818000000000000000e+03,7.411908498434844716e+01,1.364916305329895607e+01,-1.727428212847858082e-03,4.998487460873474930e+01,2.708572784977953951e-01,nan,1.647306546470463573e+01,1.000000000000000000e+00
2.821000000000000000e+03,8.274024987895666072e+01,2.768616421681032591e+01,-1.810106889459888249e-02,4.846051289282856942e+02,1.700937437357485926e-02,nan,1.647306546470463573e+01,1.000000000000000000e+00
2.821000000000000000e+03,1.186751854361661600e+02,1.830003461806352050e+01,-1.288546982182771318e-03,3.833525582234406670e+01,3.256268079811939220e-01,nan,5.807797694892038010e+00,1.000000000000000000e+00
2.825000000000000000e+03,5.437745895772721383e+01,2.499636660355274032e+01,-1.336928450725882863e-03,3.961948860668728400e+01,3.502709178910320409e-01,nan,2.849004949173766832e+01,1.000000000000000000e+00
2.827000000000000000e+03,1.039316446293054952e+02,1.132597195781300314e+01,-1.406346370384381093e-03,4.146211081165215973e+01,3.520774248672873252e-01,nan,3.344266529002754851e+01,1.000000000000000000e+00
2.828000000000000000e+03,2.175490251101030026e+01,6.240616577442224866e+00,-1.417058425131122916e-03,4.174645050425960591e+01,3.693876597273426654e-01,nan,1.345782092474897951e+01,1.000000000000000000e+00
2.830000000000000000e+03,4.653381467454111409e+00,1.178307804900778599e+01,-1.556735713024671054e-03,4.545403023969490164e+01,2.972304615127427940e-01,nan,1.797723285622634037e+01,1.000000000000000000e+00
2.833000000000000000e+03,1.266510951024736471e+02,2.581595234058793054e+01,-1.839267648584767476e-02,4.923455311963845702e+02,1.137242366243462754e-02,nan,4.942981757774030704e+00,1.000000000000000000e+00
2.838000000000000000e+03,1.185075062226297433e+02,4.467508822138138669e+01,-1.404531109776038095e-02,3.769495061268731888e+02,1.500289897609330403e-02,nan,1.676267794972529401e+01,1.000000000000000000e+00
2.838000000000000000e+03,1.082571624205890970e+02,2.950210381000571758e+01,-1.767626372124569446e-03,5.105189046352226256e+01,2.819219398335256477e-01,nan,1.516541809086770698e+01,1.000000000000000000e+00
2.838000000000000000e+03,1.276869104113231828e+02,3.064918679627490761e+01,-1.825103440278443923e-03,5.257755591961235098e+01,2.708389965058147775e-01,nan,4.942981757774030704e+00,1.000000000000000000e+00
2.839000000000000000e+03,7.278824371293887907e+01,4.565362801050779851e+00,1.504505414119716115e-03,-4.406763449335621630e+01,3.739102240681597689e-01,nan,1.718517465586142734e+01,1.000000000000000000e+00
2.839000000000000000e+03,7.842578456214639004e+01,2.079953543552705852e+01,1.293597378744289466e-03,-3.846931303543706093e+01,3.066700875196288756e-01,nan,1.718517465586142734e+01,1.000000000000000000e+00
2.839000000000000000e+03,2.539771903445870294e+01,5.029270410970556782e+01,-1.692903040391087553e-03,4.906844193959037881e+01,2.695363032938129511e-01,nan,1.550554926652243282e+01,1.000000000000000000e+00
2.845000000000000000e+03,4.601801252208814219e+01,6.643158101771356350e+00,-1.895050110655049479e-03,5.443421322990549527e+01,2.356792397889466706e-01,nan,1.978062229187604260e+01,1.000000000000000000e+00
2.846000000000000000e+03,6.476296347739504711e+01,1.295978947751287969e+01,-1.411737547959680166e-03,4.160521368134379827e+01,2.871079776996127153e-01,nan,1.978062229187604260e+01,1.000000000000000000e+00
2.846000000000000000e+03,1.177214987672438440e+02,3.424193727486477457e+01,-1.954300998997912566e-03,5.600696278883135903e+01,2.457470152869919433e-01,nan,2.569872584752436850e+01,1.000000000000000000e+00

# Refeyn DiscoverMP; 2024.1.0; Refeyn Ltd; www.refeyn.com; email: support@refeyn.com
# Time created: 2024-08-15 16:15:17
# Time changed: 2024-08-19 09:32:01
# Version commit: 00fae233c0f604946e725880f4a8fd3ff5080389
