frame_indices,x_coords,y_coords,contrasts,calibrated_values,fit_errors,diffblur_errors,neareast_neighbour_distances,selections
6.000000000000000000e+00,5.175453370578070889e+01,4.324517484887170582e+01,-1.232081513210505231e-03,3.505282712580897453e+01,3.186060209957557454e-01,nan,3.522643402757640985e+01,1.000000000000000000e+00
7.000000000000000000e+00,1.045090796635111587e+02,2.905511647588564017e+01,-1.107175355981832292e-03,3.162214567207053406e+01,3.456084317191993049e-01,nan,1.077550258976915387e+01,1.000000000000000000e+00
7.000000000000000000e+00,1.134386941557282285e+02,3.508615627699030881e+01,-1.017998868995720644e-03,2.917281789831871208e+01,3.649066211615465960e-01,nan,1.077550258976915387e+01,1.000000000000000000e+00
1.000000000000000000e+01,1.349419699053570696e+02,3.327255281044341473e+01,-1.216586304814518214e-03,3.462723462304225563e+01,2.781158323538698296e-01,nan,2.157962060598950416e+01,1.000000000000000000e+00
1.300000000000000000e+01,7.816252570836074653e+01,3.992540200971359354e+01,-1.027409185313058479e-03,2.943128231976912446e+01,3.269565594076113690e-01,nan,2.208076001562163881e+01,1.000000000000000000e+00
1.500000000000000000e+01,5.613317070205587811e+01,3.841958632588440281e+01,-1.364113750425804744e-03,3.867923400246007049e+01,2.428919936612450314e-01,nan,2.208076001562163881e+01,1.000000000000000000e+00
2.000000000000000000e+01,4.442594477734233749e+01,1.470264509946896681e+01,-1.437232108095735797e-03,4.068750804716395919e+01,2.886534507201854449e-01,nan,5.744426528167211998e+00,1.000000000000000000e+00
2.100000000000000000e+01,2.828086813167598024e+01,5.121843910980100389e+01,-1.187449049751526393e-03,3.382694869018428818e+01,3.097424680266565034e-01,nan,2.698124072237695614e+01,1.000000000000000000e+00
2.100000000000000000e+01,8.189272090713087948e+01,1.101460818513912088e+01,-1.369419346460589359e-03,3.882495788286286853e+01,2.627798815913152675e-01,nan,1.239405167615744752e+01,1.000000000000000000e+00
2.200000000000000000e+01,1.264568383509919158e+02,2.174630571748633656e+01,-1.246188970353783506e-03,3.544030355335009119e+01,2.992065152146894391e-01,nan,1.840743260518872404e+01,1.000000000000000000e+00
2.300000000000000000e+01,3.868740857387246734e+01,1.496271889472103744e+01,-1.049799123237299837e-03,3.004624595720153835e+01,3.194090317823985448e-01,nan,5.744426528167211998e+00,1.000000000000000000e+00
2.300000000000000000e+01,7.101781296088694262e+01,1.734704818770791590e+01,-1.042648958018187752e-03,2.984985900756970167e+01,3.368975294704100731e-01,nan,1.258425282745912632e+01,1.000000000000000000e+00
2.400000000000000000e+01,9.314996153752268526e+01,5.829335738997344585e+00,-1.438436645798169249e-03,4.072059196590546293e+01,2.760879332679028186e-01,nan,1.239405167615744752e+01,1.000000000000000000e+00
2.600000000000000000e+01,1.996673028666779359e+01,2.555012278766847444e+01,-1.272291295280381790e-03,3.615723187787770598e+01,2.885200624540621428e-01,nan,2.150713641388399822e+01,1.000000000000000000e+00
2.700000000000000000e+01,5.817174902818334203e+01,3.636285632564722192e+01,-1.345081476974818073e-03,3.815649221775171895e+01,3.249555193187967372e-01,nan,1.317266101202960371e+01,1.000000000000000000e+00
2.800000000000000000e+01,1.169481324122232735e+02,4.240888952627435060e+01,-1.238566917268502663e-03,3.523095569781394687e+01,2.903967326908946101e-01,nan,7.415656340740776287e+00,1.000000000000000000e+00
2.900000000000000000e+01,1.317454641528363481e+02,1.286970967955201672e+01,-1.093322354401767569e-03,3.124165813923954715e+01,3.718166078758026183e-01,nan,2.974518329727469634e+01,1.000000000000000000e+00
3.000000000000000000e+01,4.584360935834283168e+01,4.100354274241247055e+01,-1.432080907476590906e-03,4.054602480229690542e+01,2.935390590434452385e-01,nan,1.317266101202960371e+01,1.000000000000000000e+00
3.800000000000000000e+01,1.681108025202985701e+01,3.136887804997258300e+01,-1.135421746550335613e-03,3.239796305696540912e+01,3.228683724669811905e-01,nan,1.726784359390734380e+01,1.000000000000000000e+00
4.200000000000000000e+01,1.028710247946641587e+01,1.538087828743990215e+01,-1.221711308265375140e-03,3.476799833461021905e+01,3.415084000595672853e-01,nan,1.726784359390734380e+01,1.000000000000000000e+00
4.900000000000000000e+01,5.193362755873759085e+01,4.772506583113987233e+01,-1.191695252432397028e-03,3.394357519690971259e+01,3.287612009528327883e-01,nan,3.501220249397857032e+01,1.000000000000000000e+00
5.400000000000000000e+01,9.364968957137703853e+01,7.059419319645134472e+00,-1.252626282659685761e-03,3.561711123385018141e+01,3.586874654500148418e-01,nan,2.960665709267241752e+01,1.000000000000000000e+00
5.400000000000000000e+01,1.300962756899161548e+02,3.487806389977752985e+01,-1.484272483651229548e-03,4.197952236876120935e+01,2.623432503285999529e-01,nan,3.066387044684870133e+01,1.000000000000000000e+00
5.700000000000000000e+01,9.574792478410780916e+01,4.238871541862194192e+01,-1.042297104476482125e-03,2.984019497301173018e+01,3.562227972350646699e-01,nan,7.308439955966374413e+00,1.000000000000000000e+00
5.900000000000000000e+01,9.945640639731155375e+01,3.609106040151473849e+01,-1.251602906285121265e-03,3.558900310510529152e+01,3.411083781830708261e-01,nan,7.308439955966374413e+00,1.000000000000000000e+00
6.000000000000000000e+01,6.121942500384308516e+01,1.014537871183084228e+01,-1.873251326124464279e-03,5.266324309460577524e+01,1.979915007077232003e-01,nan,1.999394223132864923e+01,1.000000000000000000e+00
6.300000000000000000e+01,7.495138166009791547e+00,5.708929879646779781e+00,-1.184525021084692226e-03,3.374663710955385909e+01,3.278995715135795130e-01,nan,7.997575537778511823e+00,1.000000000000000000e+00
6.400000000000000000e+01,8.316904271466786014e+00,1.366417437308601635e+01,-1.244562466565129252e-03,3.539562988388513531e+01,3.597452310053762536e-01,nan,7.997575537778511823e+00,1.000000000000000000e+00
6.700000000000000000e+01,4.425950779103192190e+01,3.210164284848422511e+01,-1.279544900910229528e-03,3.635645992923383574e+01,2.690273953108953675e-01,nan,8.477351042015635940e+00,1.000000000000000000e+00
6.900000000000000000e+01,1.102764655778663041e+02,1.985552601236796022e+01,-1.254708855440254001e-03,3.567431132688702888e+01,3.661150115738583954e-01,nan,1.594838811238192378e+01,1.000000000000000000e+00
7.000000000000000000e+01,1.168353913643738196e+02,5.318278132860235985e+00,-2.293211755291180154e-03,6.419790629786662350e+01,1.479738646775130562e-01,nan,1.594838811238192378e+01,1.000000000000000000e+00
7.300000000000000000e+01,9.984470969063735879e+01,4.522259335053342966e+01,-2.036381757111050805e-03,5.714379518701751692e+01,1.485242459544628968e-01,nan,1.796810280329644982e+01,1.000000000000000000e+00
7.300000000000000000e+01,6.350354224919179558e+01,2.876211846479359480e+01,-1.134747714295280445e-03,3.237945003880885508e+01,3.196603360848427888e-01,nan,1.852428583254735983e+01,1.000000000000000000e+00
7.500000000000000000e+01,1.200517231806101535e+02,2.424389242926487142e+01,-1.187321854619988572e-03,3.382345513959835159e+01,2.986020688896569020e-01,nan,1.157117134982368434e+01,1.000000000000000000e+00
7.500000000000000000e+01,1.296399623986890788e+02,3.541696575472347774e+01,-1.060892327164312914e-03,3.035093269018035045e+01,3.602958078063600578e-01,nan,1.472317556912167724e+01,1.000000000000000000e+00
7.600000000000000000e+01,1.104723359016689983e+02,3.073445063076347950e+01,-1.365796763444740219e-03,3.872545975848819211e+01,2.449559313043171427e-01,nan,1.157117134982368434e+01,1.000000000000000000e+00
8.000000000000000000e+01,4.330596650185086816e+01,9.595799788430625199e+00,-1.274899545857675811e-03,3.622887027490118328e+01,3.686952112675121462e-01,nan,2.837308934704378416e+01,1.000000000000000000e+00
8.500000000000000000e+01,7.737820694793022369e+01,4.310757528965824292e+01,-1.062923165509866352e-03,3.040671184152255435e+01,3.569627334709298827e-01,nan,1.634882257980638798e+01,1.000000000000000000e+00
8.800000000000000000e+01,2.718294647562226984e+01,3.134665698292010916e+01,-1.233240308070336850e-03,3.508465466836184987e+01,2.824101752728933601e-01,nan,4.011318955217007698e+01,1.000000000000000000e+00
8.800000000000000000e+01,1.124430987114639748e+02,3.293339662649062660e+01,-9.065583189091022676e-04,2.611198377405179016e+01,3.478184071563814594e-01,nan,2.218282552135206132e+01,1.000000000000000000e+00
8.900000000000000000e+01,9.364778387813525740e+01,4.471532721645770181e+01,-1.231166686139061051e-03,3.502770041999225725e+01,2.857496186577516140e-01,nan,1.634882257980638798e+01,1.000000000000000000e+00
9.600000000000000000e+01,1.144466538608048864e+02,1.961183255952526849e+01,-3.299980394227970681e-03,9.184988578741797483e+01,5.833714245570309487e-02,nan,1.013162122248010988e+01,1.000000000000000000e+00
9.900000000000000000e+01,1.025867703230701125e+02,2.191955649059525868e+01,-1.251141565122481465e-03,3.557633187571492073e+01,3.274851261347460074e-01,nan,1.208231878699885264e+01,1.000000000000000000e+00
1.000000000000000000e+02,1.168491477647084906e+02,9.769181918690993172e+00,-1.362960103319463745e-03,3.864754784847298197e+01,2.846254783587066628e-01,nan,1.013162122248010988e+01,1.000000000000000000e+00
1.020000000000000000e+02,6.039343205494631661e+01,2.421518472095349139e+01,-1.163107523597350186e-03,3.315838259075702865e+01,3.422322145050497033e-01,nan,1.820263725377257202e+01,1.000000000000000000e+00
1.100000000000000000e+02,3.067067961270516463e+01,5.129397726018512316e+01,-1.603247819368369079e-03,4.524730745440627544e+01,2.404493778378780089e-01,nan,3.758936397528547246e+01,1.000000000000000000e+00
1.110000000000000000e+02,9.357602743622717867e+01,1.275944149163918695e+01,-1.395244220872945929e-03,3.953426573170971636e+01,2.456628010036063792e-01,nan,3.168695135879888980e+01,1.000000000000000000e+00
1.140000000000000000e+02,8.633120745281686936e+01,4.360705841455343545e+01,-1.960420399435637822e-03,5.505743510069497404e+01,2.492737881846260883e-01,nan,1.036317514152744756e+01,1.000000000000000000e+00
1.190000000000000000e+02,1.086428065552825331e+02,3.371303711564605976e+01,-1.405633670759327738e-03,3.981962310584221143e+01,2.036064125770324917e-01,nan,1.879286139889363128e+01,1.000000000000000000e+00
1.220000000000000000e+02,2.675018847175703129e+01,1.506511338898932273e+01,-1.224222731056169014e-03,3.483697725271991175e+01,2.900259282134137750e-01,nan,3.393951657217362339e+01,1.000000000000000000e+00
1.250000000000000000e+02,1.412720660598812685e+02,1.335055648939068718e+01,-1.728976360287045547e-03,4.870057655743078584e+01,1.757444166319553913e-01,nan,2.434636908477183681e+01,1.000000000000000000e+00
1.250000000000000000e+02,1.172991256413456824e+02,1.759835772076635863e+01,-1.297451530827419810e-03,3.684828470808277245e+01,2.446798785885970773e-01,nan,2.434636908477183681e+01,1.000000000000000000e+00
1.260000000000000000e+02,3.338788467860246101e+01,4.834922032035339612e+01,-2.143832142340359580e-03,6.009503515774508031e+01,1.353834444710747542e-01,nan,3.393951657217362339e+01,1.000000000000000000e+00
1.350000000000000000e+02,3.315941643846248610e+01,2.792754986130645634e+01,-1.343494475224615067e-03,3.811290351410195143e+01,2.498807939943719081e-01,nan,2.613029907718727429e+01,1.000000000000000000e+00
1.360000000000000000e+02,9.536758902687384420e+01,3.867575146424071875e+01,-1.148301253753721820e-03,3.275171252357540652e+01,2.626128593646933629e-01,nan,2.126758802573269946e+01,1.000000000000000000e+00
1.390000000000000000e+02,1.284913152075660605e+02,3.470823076331784307e+01,-1.140524524760506498e-03,3.253811632848207580e+01,3.178915197170603113e-01,nan,1.503157306445518770e+01,1.000000000000000000e+00
1.410000000000000000e+02,1.294674194483482310e+01,1.800002164743905908e+01,-1.382034116653748810e-03,3.917143606380325593e+01,3.146737815107670810e-01,nan,1.658321422771156861e+01,1.000000000000000000e+00
1.410000000000000000e+02,1.270482459224943312e+02,1.974608720597495548e+01,-1.284829782431535497e-03,3.650161486332692817e+01,2.973475717449758360e-01,nan,4.016616800401873633e+00,1.000000000000000000e+00
1.430000000000000000e+02,7.266151868997008023e+01,3.087068978597178415e+01,-1.574873388024049812e-03,4.446797329239920771e+01,2.695185369672477016e-01,nan,1.576798971382902081e+01,1.000000000000000000e+00
1.430000000000000000e+02,5.506038970198439131e+01,4.088571940521999437e+01,-1.472010710496047354e-03,4.164273962972922760e+01,2.351048561366244627e-01,nan,1.805513398249857460e+01,1.000000000000000000e+00
1.450000000000000000e+02,1.436856473251611419e+02,2.711073914167383947e+01,-1.040838163276529326e-03,2.980012358960018304e+01,3.384939555858943461e-01,nan,1.819453828948272189e+01,1.000000000000000000e+00
1.460000000000000000e+02,2.687172002760588185e+01,2.700546330881919488e+01,-1.275091731929304606e-03,3.623414887129893458e+01,3.136204489283589414e-01,nan,1.658321422771156861e+01,1.000000000000000000e+00
1.490000000000000000e+02,2.311881664536461045e+01,4.847458529227385782e+01,-1.476692842053040945e-02,4.068019009454649790e+02,1.486372159349780286e-02,nan,2.179466637819662367e+01,1.000000000000000000e+00
1.560000000000000000e+02,1.432299674065343531e+01,3.909005578401325920e+01,-1.328236558477219331e-03,3.769382848073794889e+01,2.506895320736328703e-01,nan,inf,1.000000000000000000e+00
1.620000000000000000e+02,1.218469584665806451e+02,3.155644218153321034e+01,-1.283163210777990039e-03,3.645584068701729308e+01,2.814842219149581437e-01,nan,8.777307430498913376e+00,1.000000000000000000e+00
1.630000000000000000e+02,3.048840247407800064e+01,6.993336800996788227e+00,-1.105495484376973602e-03,3.157600619834627764e+01,3.410342737424175708e-01,nan,2.139363674070796151e+01,1.000000000000000000e+00
1.680000000000000000e+02,1.898796998220514709e+01,2.503295280282024038e+01,-1.263400100244764122e-03,3.591302567870354068e+01,3.086384322638778821e-01,nan,2.139363674070796151e+01,1.000000000000000000e+00
1.790000000000000000e+02,1.011165132155904871e+02,3.464102594550229952e+01,-1.220811908953370502e-03,3.474329536873840851e+01,2.982110719885457950e-01,nan,2.920466488414943385e+01,1.000000000000000000e+00
1.820000000000000000e+02,5.564849177836745042e+01,3.559614808048195300e+01,-1.343337255514185768e-03,3.810858530628338769e+01,3.024798900707459381e-01,nan,1.942478656305918960e+01,1.000000000000000000e+00
1.830000000000000000e+02,7.362716805667116660e+01,1.181133708990817688e+01,-1.432916860786903786e-03,4.056898515574555120e+01,2.322330527126308386e-01,nan,1.502378525560567368e+01,1.000000000000000000e+00
1.890000000000000000e+02,8.451247424300873945e+01,2.943808028569437596e+01,-1.448250401830319337e-03,4.099013729143631934e+01,2.341222102896171053e-01,nan,1.951163527409946852e+01,1.000000000000000000e+00
1.920000000000000000e+02,1.417140882932887109e+02,3.589975995542801002e+01,-1.357240344462429726e-03,3.849044854235344104e+01,2.424990726920516204e-01,nan,5.756542325138794780e+01,1.000000000000000000e+00
1.930000000000000000e+02,6.395352634129712044e+01,3.965732366791626617e+01,-1.140621152738335951e-03,3.254077031943661780e+01,3.216657145173347221e-01,nan,8.652415359221640401e+00,1.000000000000000000e+00
1.980000000000000000e+02,5.481267545251838236e+00,5.015251128275320269e+00,-1.304667562583371404e-03,3.704648075272938712e+01,3.118361742389170743e-01,nan,4.082153603431144973e+01,1.000000000000000000e+00
2.000000000000000000e+02,1.204842742323991160e+02,2.248001058013760201e+01,-1.163403923188801583e-03,3.316652352314858376e+01,3.060201328465713688e-01,nan,1.419390091598733328e+01,1.000000000000000000e+00
2.050000000000000000e+02,1.192239778608950616e+02,3.661784903829094873e+01,-1.393470334932875006e-03,3.948554405352609109e+01,2.632679448671850775e-01,nan,1.419390091598733328e+01,1.000000000000000000e+00
2.080000000000000000e+02,1.402205761758380334e+02,1.736116777273365130e+01,-1.471395034487986593e-03,4.162582942842907130e+01,3.449191074368085363e-01,nan,6.901365808977825367e+00,1.000000000000000000e+00
2.100000000000000000e+02,5.216156858716857414e+01,1.590662077704715216e+01,-1.434942409237400509e-03,4.062461901445153245e+01,2.759480080724915352e-01,nan,4.682512474267197433e+01,1.000000000000000000e+00
2.100000000000000000e+02,1.352332710504375655e+02,2.213145472589300766e+01,-2.048627054265956225e-03,5.748012539504674123e+01,1.769765466522383868e-01,nan,6.901365808977825367e+00,1.000000000000000000e+00
2.140000000000000000e+02,5.489273664968645328e+00,1.212651577030702654e+01,-1.269687121164822562e-03,3.608570544524397405e+01,3.460149677921821043e-01,nan,4.682512474267197433e+01,1.000000000000000000e+00
2.150000000000000000e+02,8.946577284162432875e+01,4.928308286969340202e+01,-1.304965206163303821e-03,3.705465585259759109e+01,2.507655748819757058e-01,nan,4.002406578524015401e+01,1.000000000000000000e+00
2.200000000000000000e+02,1.410278220966624758e+02,4.723264430709331663e+01,-1.227149691370211159e-03,3.491736935418236953e+01,2.978137839780206075e-01,nan,1.731315284482905170e+01,1.000000000000000000e+00
2.210000000000000000e+02,1.415668249564259611e+02,2.992788376712688958e+01,-1.118539690968336575e-03,3.193427931013366816e+01,3.190412706423331191e-01,nan,1.390887797172336171e+01,1.000000000000000000e+00
2.220000000000000000e+02,4.830502595904923169e+01,3.441735934363489235e+01,-1.151454941173390414e-03,3.283833192794742217e+01,3.098236816707808927e-01,nan,6.869398426530924695e+00,1.000000000000000000e+00
2.320000000000000000e+02,8.386327147967456597e+01,1.820644226828015633e+01,-1.318566334613656844e-03,3.742822542002183894e+01,2.713623433837484278e-01,nan,8.686513285134685347e+00,1.000000000000000000e+00
2.380000000000000000e+02,3.946096983441969286e+01,3.907007713140688310e+01,-1.251312784323337047e-03,3.558103459453945305e+01,2.637926739360322292e-01,nan,2.417609456807662838e+01,1.000000000000000000e+00
2.380000000000000000e+02,1.124913173211806736e+02,2.500202545193172909e+01,-1.305851596491452819e-03,3.707900151278780498e+01,2.797375709646582331e-01,nan,1.923931400805784619e+01,1.000000000000000000e+00
2.440000000000000000e+02,4.733151659398688338e+01,7.637012745199309727e+00,-1.215442401073739929e-03,3.459581608103102468e+01,3.072073799884534884e-01,nan,1.487885000045961270e+01,1.000000000000000000e+00
2.470000000000000000e+02,2.974242368279689686e+01,4.745300672857572266e+01,-1.431841629068532178e-03,4.053945276441646683e+01,2.052999955779335473e-01,nan,4.352803196013737619e+01,1.000000000000000000e+00
2.510000000000000000e+02,1.163596370853034472e+02,2.885562025091232741e+01,-1.421294853946487337e-03,4.024977428410178248e+01,3.586844197394579714e-01,nan,2.034857480288085085e+01,1.000000000000000000e+00
2.510000000000000000e+02,1.054120184455890410e+02,4.600829183955458035e+01,-1.219492476011230838e-03,3.470705572912029879e+01,3.685872387378376080e-01,nan,2.034857480288085085e+01,1.000000000000000000e+00
2.570000000000000000e+02,7.070048030773932624e+01,5.272290047700364823e+01,-1.458902854805545560e-03,4.128271832722964518e+01,3.008678066095550330e-01,nan,3.309290043971705586e+01,1.000000000000000000e+00
2.580000000000000000e+02,7.883504416205390442e+01,2.064535489737576412e+01,-1.696554304753209938e-03,4.781007005975371271e+01,2.133749277295591273e-01,nan,1.837633579990682264e+01,1.000000000000000000e+00
2.680000000000000000e+02,1.427939154246934095e+02,1.809191174608420027e+01,-1.400131363693267765e-03,3.966849634617617681e+01,2.526730503329350785e-01,nan,1.179652740481709472e+01,1.000000000000000000e+00
2.690000000000000000e+02,4.094407901952838102e+01,2.288731241152282792e+01,-1.705790778316457939e-03,4.806375970367869854e+01,2.210847546989764822e-01,nan,1.651401856635269638e+01,1.000000000000000000e+00
2.700000000000000000e+02,9.786814298622628527e+00,4.023727338307037371e+01,-1.237428800088850259e-03,3.519969608990473375e+01,3.377957089003787994e-01,nan,1.494039564017211497e+01,1.000000000000000000e+00
2.710000000000000000e+02,8.285551336887378682e+01,4.865541145232745635e+01,-1.413646881789657091e-03,4.003971453349148391e+01,2.786309355194341864e-01,nan,4.182457970616206921e+01,1.000000000000000000e+00
2.820000000000000000e+02,6.329040869418148674e+01,4.463229213935567685e+01,-1.031540585403871273e-03,2.954475565033982321e+01,3.552002424930147395e-01,nan,2.699328459935102131e+01,1.000000000000000000e+00
2.840000000000000000e+02,8.662688194848794865e+01,3.106592086651340168e+01,-1.208070483928480295e-03,3.439333847712525483e+01,2.802081855160505341e-01,nan,2.432343190917034192e+01,1.000000000000000000e+00
2.840000000000000000e+02,2.711648256761592179e+01,3.400440636962671448e+01,-1.476521791250107489e-03,4.176664129656970204e+01,2.319618565654821829e-01,nan,8.560866238749795798e+00,1.000000000000000000e+00
2.860000000000000000e+02,2.782605547202546248e+01,2.547299751463131656e+01,-1.113501340271999193e-03,3.179589560932290482e+01,3.101220742718905354e-01,nan,8.560866238749795798e+00,1.000000000000000000e+00
2.880000000000000000e+02,1.413725986676748505e+02,1.851151252123202084e+01,-1.295822167297136290e-03,3.680353249274956084e+01,2.938697063433017842e-01,nan,2.038830024527312546e+01,1.000000000000000000e+00
2.910000000000000000e+02,6.804540679797446501e+01,3.541878653098404328e+01,-1.304524987083789970e-03,3.704256476385402408e+01,3.297334890320910983e-01,nan,2.946772989966095935e+01,1.000000000000000000e+00
2.930000000000000000e+02,1.385054930361809511e+02,3.869721271194277534e+01,-1.409356462600807117e-03,3.992187357299340533e+01,2.362914760645690171e-01,nan,2.038830024527312546e+01,1.000000000000000000e+00
2.940000000000000000e+02,1.279203271227099634e+02,1.935467560716877244e+01,-1.286634707397977693e-03,3.655118906163027503e+01,3.004426877971912990e-01,nan,2.204947797716007685e+01,1.000000000000000000e+00
2.960000000000000000e+02,1.113347339349866303e+02,4.491822462663572679e+01,4.614951520962771135e-03,-1.279669768642943524e+02,6.770956967173680230e-02,nan,1.713540801135920333e+01,1.000000000000000000e+00
2.960000000000000000e+02,9.750661129402506333e+01,3.479867760405219457e+01,-1.196874821587357723e-03,3.408583761401175849e+01,3.417020687307981142e-01,nan,1.713540801135920333e+01,1.000000000000000000e+00
2.960000000000000000e+02,1.629305059734482342e+01,1.257430786432370340e+01,-1.202037277684407787e-03,3.422763000264048827e+01,2.948180958148575170e-01,nan,1.181148082362351737e+01,1.000000000000000000e+00
2.990000000000000000e+02,1.922844368589190722e+01,2.401522332867952159e+01,-1.601634891677215138e-03,4.520300666700688197e+01,2.178837186972757411e-01,nan,9.738955216118966973e+00,1.000000000000000000e+00
3.000000000000000000e+02,2.871541634676896138e+01,2.181417847830909551e+01,-1.166492349152499323e-03,3.325135045170026871e+01,2.956511730097921564e-01,nan,9.738955216118966973e+00,1.000000000000000000e+00
3.030000000000000000e+02,1.352742675497265168e+02,1.618973814127598843e+01,-2.329154120152961745e-03,6.518510186348690638e+01,1.229502501455305152e-01,nan,3.256702042666914565e+01,1.000000000000000000e+00
3.040000000000000000e+02,1.220408363486697283e+02,4.594687372449337204e+01,-1.077292645099360959e-03,3.080138499632388971e+01,3.313189888524669113e-01,nan,3.256702042666914565e+01,1.000000000000000000e+00
3.080000000000000000e+02,7.477798531987983210e+01,1.968637588711520081e+01,-1.292349175091135529e-03,3.670814304026411179e+01,2.985682229514751151e-01,nan,1.844387869303658434e+01,1.000000000000000000e+00
3.090000000000000000e+02,8.683567800984506846e+01,5.729703352524165183e+00,-1.387406532254441792e-03,3.931899521518543850e+01,2.681669609240124874e-01,nan,1.844387869303658434e+01,1.000000000000000000e+00
3.150000000000000000e+02,1.006941654210060193e+02,3.514911386569260543e+01,-1.404920258967463616e-03,3.980002848650934766e+01,3.568427695780209685e-01,nan,4.600425922250236255e+01,1.000000000000000000e+00
3.200000000000000000e+02,4.546846371209363014e+01,2.455230017382489649e+01,-1.098337243890850669e-03,3.137939745285278903e+01,3.617310529538774189e-01,nan,5.623318050459108974e+01,1.000000000000000000e+00
3.240000000000000000e+02,1.080009753012393077e+02,4.267891591859182654e+01,-1.538935438557700527e-03,4.348089900034588595e+01,2.167966737566409119e-01,nan,2.242106531637866951e+01,1.000000000000000000e+00
3.290000000000000000e+02,2.483267240175523938e+01,1.808847898385951680e+01,-1.235470614144391823e-03,3.514591241461060633e+01,2.746137044257518367e-01,nan,3.992889309523092578e+01,1.000000000000000000e+00
3.290000000000000000e+02,1.107083535323055372e+02,2.042191088567539836e+01,-1.261871483496341401e-03,3.587104058169117593e+01,2.883416168465319229e-01,nan,2.242106531637866951e+01,1.000000000000000000e+00
3.320000000000000000e+02,6.476017201840744519e+01,1.842206281532886081e+01,-1.221075057444547885e-03,3.475052302403012305e+01,3.036332598464264176e-01,nan,2.987041002850006421e+01,1.000000000000000000e+00
3.370000000000000000e+02,9.462755678432539241e+01,1.884717752376604594e+01,-1.157627709812775662e-03,3.300787363317007106e+01,2.969704627337002023e-01,nan,2.987041002850006421e+01,1.000000000000000000e+00
3.460000000000000000e+02,8.230692507927527402e+01,4.589207933413973706e+01,-1.257760645230056795e-03,3.575813200366453515e+01,2.909505997690409185e-01,nan,2.115719693969259296e+01,1.000000000000000000e+00
3.500000000000000000e+02,5.843354035486178333e+01,4.647131836698660834e+01,-1.466995115998927061e-03,4.150498095231478146e+01,2.397550816742892721e-01,nan,1.060711596424866165e+01,1.000000000000000000e+00
3.520000000000000000e+02,4.488415936809689555e+01,2.047219778762497100e+01,-1.170812846516125667e-03,3.337001754149939359e+01,3.717668099127087178e-01,nan,1.677548933385467578e+01,1.000000000000000000e+00
3.550000000000000000e+02,1.377233358681218931e+02,1.158448473306421178e+01,-2.074654819638493790e-03,5.819500586152643962e+01,1.671828025604753520e-01,nan,4.192286743352678258e+01,1.000000000000000000e+00
3.570000000000000000e+02,6.989839698686752456e+01,4.063657340549709573e+01,-2.000367829891248027e-03,5.615463408455025984e+01,1.470258582072270226e-01,nan,3.212964562062512641e+01,1.000000000000000000e+00
3.580000000000000000e+02,2.569232515698573494e+01,3.342661277494527639e+01,-1.621119349408491365e-03,4.573816817751963271e+01,1.730764490332482586e-01,nan,1.870629867283500403e+01,1.000000000000000000e+00
3.630000000000000000e+02,6.282133010615731905e+01,1.904617918184818137e+01,-1.367075229928636391e-03,3.876057421043228857e+01,2.617377181687282617e-01,nan,3.981657793986173033e+01,1.000000000000000000e+00
3.630000000000000000e+02,5.734712529493676492e+00,2.490114300072659503e+01,-3.573249254337816563e-03,9.935550785652671379e+01,7.178567772269850433e-02,nan,2.170230256586030393e+01,1.000000000000000000e+00
3.700000000000000000e+02,1.359566915858841014e+02,3.297263864685308477e+01,-1.199616545403591784e-03,3.416114199656839645e+01,3.210859716026398525e-01,nan,2.599603882387590303e+01,1.000000000000000000e+00
3.710000000000000000e+02,5.580918487760544622e+01,3.540880081478849206e+01,-1.242438161455571791e-03,3.533728356771355550e+01,3.396894226090680924e-01,nan,6.149262919796912286e+01,1.000000000000000000e+00
3.720000000000000000e+02,1.433435889436757691e+02,8.048197189562337428e+00,-1.437448730892113133e-03,4.069345782439253867e+01,2.531050252873845441e-01,nan,2.599603882387590303e+01,1.000000000000000000e+00
3.760000000000000000e+02,1.138560314430610703e+02,1.511330748534766499e+01,-1.024934210909377117e-03,2.936330449566840883e+01,3.285397529904099390e-01,nan,3.032213433852686535e+01,1.000000000000000000e+00
3.910000000000000000e+02,1.399569737293780065e+02,7.993035494924666473e+00,-1.548871508194762372e-03,4.375380380010300030e+01,2.219330499713257909e-01,nan,9.897197925346287661e+01,1.000000000000000000e+00
3.920000000000000000e+02,4.471345043136069819e+01,3.490258671986931205e+01,-1.227181540527088948e-03,3.491824412540455569e+01,3.016083508793560020e-01,nan,1.699793464545799537e+01,1.000000000000000000e+00
3.940000000000000000e+02,2.045384403738711399e+01,3.402627857380414156e+01,-1.364179629584894070e-03,3.868104344415846185e+01,2.526306360643146842e-01,nan,2.427542828370663486e+01,1.000000000000000000e+00
3.950000000000000000e+02,4.918912209486387610e+01,5.130070079959737939e+01,-1.242075468512927492e-03,3.532732181739364563e+01,3.046648967905366545e-01,nan,1.699793464545799537e+01,1.000000000000000000e+00
4.090000000000000000e+02,9.922597451574426941e+01,1.375305857592795711e+01,-9.867816511281220660e-04,2.831540355821044130e+01,3.569977377735796820e-01,nan,3.567676001784954565e+01,1.000000000000000000e+00
4.120000000000000000e+02,1.326290306722214325e+02,2.628569775442746348e+01,-1.285735407469588108e-03,3.652648882543594056e+01,3.267784656146558442e-01,nan,3.567676001784954565e+01,1.000000000000000000e+00
4.150000000000000000e+02,3.081390372683193135e+01,3.350337581107746132e+01,1.249803774379608682e-03,-3.553958801942803802e+01,3.069150108764989726e-01,nan,3.276510191441111886e+01,1.000000000000000000e+00
4.160000000000000000e+02,7.667256944526740448e+00,1.031319154710603847e+01,-1.534906473763869008e-03,4.337023916497317089e+01,2.826723045772816523e-01,nan,3.276510191441111886e+01,1.000000000000000000e+00
4.310000000000000000e+02,1.229926231722762111e+02,4.529797814450929394e+01,9.732372377274155044e-04,-2.794339173039876911e+01,3.680321463119728964e-01,nan,2.618409852628298040e+01,1.000000000000000000e+00
4.340000000000000000e+02,2.023675532535992616e+01,4.176394988987478030e+01,-1.273375333185968817e-03,3.618700614057508602e+01,3.257205370007663081e-01,nan,2.652430585521134532e+01,1.000000000000000000e+00
4.350000000000000000e+02,2.114140603513670769e+01,1.525507574942703748e+01,-1.237697068500269101e-03,3.520706436929222605e+01,3.251363143042751425e-01,nan,2.652430585521134532e+01,1.000000000000000000e+00
4.380000000000000000e+02,1.410713283372932381e+02,5.252629571354373184e+01,-1.455937659122069020e-03,4.120127605037387752e+01,2.410050040863549459e-01,nan,3.937029148655780375e+01,1.000000000000000000e+00
4.450000000000000000e+02,1.262815579247096167e+02,2.697160259458888376e+01,-1.389551410450170967e-03,3.937790659321417763e+01,2.507769208819434770e-01,nan,1.603866754005271389e+01,1.000000000000000000e+00
4.450000000000000000e+02,1.401322566374640815e+02,3.505844385857091083e+01,-1.068142809904414157e-03,3.055007496802320688e+01,3.264925518975313468e-01,nan,1.603866754005271389e+01,1.000000000000000000e+00
4.540000000000000000e+02,8.644433913570985339e+01,4.987848477515076695e+01,-1.568299199369907948e-03,4.428740615632239042e+01,2.227267279835593028e-01,nan,2.581544086315880904e+01,1.000000000000000000e+00
4.560000000000000000e+02,8.873879199115388872e+01,2.245840004979482174e+01,-1.138644902925353697e-03,3.248649050063681187e+01,3.133629595388079947e-01,nan,1.496831944222515709e+01,1.000000000000000000e+00
4.580000000000000000e+02,1.130576279971911546e+01,3.259327056921619459e+01,-1.213501179011513371e-03,3.454249833694034777e+01,2.989749980868142698e-01,nan,1.805973493961824872e+01,1.000000000000000000e+00
4.590000000000000000e+02,2.685958208292036176e+01,5.911336291863023895e+00,1.092320374577555094e-03,-3.121413768967794056e+01,3.478223204982836547e-01,nan,3.088441210506486101e+01,1.000000000000000000e+00
4.600000000000000000e+02,5.484912023630964484e+01,2.167395766357830311e+01,-1.231110036725431827e-03,3.502614448314322715e+01,2.859549819943663085e-01,nan,3.212280309294457936e+01,1.000000000000000000e+00
4.660000000000000000e+02,2.320506863791058905e+01,4.732747612861377462e+01,-1.068426582668422550e-03,3.055786909106853955e+01,3.463154540100330525e-01,nan,1.082443947602727263e+02,1.000000000000000000e+00
4.750000000000000000e+02,3.825390956846019463e+01,1.634691116583046622e+01,-1.290956651083394451e-03,3.666989587620720670e+01,2.633390199025794631e-01,nan,8.584408662227474451e+01,1.000000000000000000e+00
4.830000000000000000e+02,6.794021663229905528e+01,3.828060953919104037e+01,-1.186718115043457417e-03,3.380687278518085748e+01,2.954114091598297742e-01,nan,1.757132878872255333e+01,1.000000000000000000e+00
4.840000000000000000e+02,3.757382624373581592e+01,2.729315891385315851e+01,-1.383783136838817596e-03,3.921947477738039822e+01,2.653720950472252538e-01,nan,2.141304214444820886e+01,1.000000000000000000e+00
4.900000000000000000e+02,1.051552669921019998e+02,1.659556272372614316e+01,-1.092304466938546744e-03,3.121370076932645787e+01,3.295986985232803868e-01,nan,1.184317165685870776e+01,1.000000000000000000e+00
4.910000000000000000e+02,9.351739451513897450e+01,1.879115811080635723e+01,-1.343012602336786550e-03,3.809966835887812664e+01,2.736196829271946296e-01,nan,1.184317165685870776e+01,1.000000000000000000e+00
4.910000000000000000e+02,7.323013704168425875e+01,3.332182483145503227e+01,-1.056994507666805848e-03,3.024387490090230557e+01,3.521798278173432495e-01,nan,2.495421990647696120e+01,1.000000000000000000e+00
4.960000000000000000e+02,1.043326069345561109e+02,3.928122644709924316e+01,-1.606136484933548157e-03,4.532664774955577514e+01,2.097502281730687645e-01,nan,2.316919765773228335e+01,1.000000000000000000e+00
5.020000000000000000e+02,4.848925786928369064e+00,2.618818013329752858e+01,-1.239240125156131946e-03,3.524944607383577733e+01,2.309696369303307906e-01,nan,8.072732697551014525e+00,1.000000000000000000e+00
5.030000000000000000e+02,6.218208783295139597e+01,3.227153238206103936e+01,-1.230238698086721927e-03,3.500221223373237933e+01,2.777079600391453296e-01,nan,1.469520537663738935e+01,1.000000000000000000e+00
5.040000000000000000e+02,1.406797010338028997e+02,3.781391467499339853e+01,-1.257556332425202985e-03,3.575252033354414039e+01,3.255124493880316994e-01,nan,6.636483884126141675e+01,1.000000000000000000e+00
5.050000000000000000e+02,7.436858208497497458e+01,4.048362218350310116e+01,-1.120357900745815602e-03,3.198421839000771527e+01,3.273955171772680028e-01,nan,1.469520537663738935e+01,1.000000000000000000e+00
5.100000000000000000e+02,1.439158829594062752e+02,2.348925964238695130e+01,-1.134364566095506311e-03,3.236892646293267717e+01,3.008568416496948394e-01,nan,7.159354312434581402e+01,1.000000000000000000e+00
5.280000000000000000e+02,4.471629978036968112e+01,8.200763302054737025e+00,-1.511527511702449433e-03,4.272811091980644704e+01,2.650394547542914703e-01,nan,3.483678647108576598e+01,1.000000000000000000e+00
5.350000000000000000e+02,1.369601436341100680e+02,3.222553054829714370e+01,-1.257269853516136985e-03,3.574465188332498400e+01,2.913995677613929747e-01,nan,4.336665831711937358e+01,1.000000000000000000e+00
5.550000000000000000e+02,7.830289440099845422e+01,2.276928512593846676e+01,-1.309065489146381267e-03,3.716727451846023911e+01,2.819175999934918631e-01,nan,3.208207781047293139e+01,1.000000000000000000e+00
5.580000000000000000e+02,6.419980082070236449e+01,5.158529574681815433e+01,-1.302701830922364844e-03,3.699248982624450832e+01,2.535567477109339496e-01,nan,2.598169427286520161e+01,1.000000000000000000e+00
5.600000000000000000e+02,1.000005350659256749e+02,4.761880940814962315e+01,-1.191688529447662787e-03,3.394339054292985480e+01,3.401752019313234454e-01,nan,1.123485942085146050e+01,1.000000000000000000e+00
5.610000000000000000e+02,8.681653597599581929e+01,2.885801570428447249e+01,-1.227398587701889962e-03,3.492420555864129028e+01,3.161312933686794002e-01,nan,1.584101151788054018e+01,1.000000000000000000e+00
5.620000000000000000e+02,8.920194755101553596e+01,4.451839429253660541e+01,-1.218213475820038643e-03,3.467192661833340850e+01,3.052018717133155867e-01,nan,1.123485942085146050e+01,1.000000000000000000e+00
5.650000000000000000e+02,2.506717754678924948e+01,1.774536030010509080e+01,-1.460822073216508019e-03,4.133543171745994727e+01,2.719035293131749631e-01,nan,3.138745504997163138e+01,1.000000000000000000e+00
5.730000000000000000e+02,9.597178191492166377e+01,4.914683341314038501e+01,-1.231547998940891965e-03,3.503817358469717647e+01,3.402412668121548300e-01,nan,2.314035475369732708e+01,1.000000000000000000e+00
5.770000000000000000e+02,1.262717993962090191e+02,4.777623939559083510e+01,-1.496897774357633642e-03,4.232628950687130498e+01,2.895084233421063580e-01,nan,3.033100043399923607e+01,1.000000000000000000e+00
5.860000000000000000e+02,9.890037336926005196e+01,3.235042531192244297e+01,-1.456190699190179063e-03,4.120822606699417889e+01,2.710839204446939821e-01,nan,6.733078478045194970e+01,1.000000000000000000e+00
5.930000000000000000e+02,1.409737076871313377e+02,4.122212086062975800e+01,-1.347227532637433828e-03,3.821543593617023760e+01,3.302946975485744341e-01,nan,1.096767228650893458e+02,1.000000000000000000e+00
6.060000000000000000e+02,3.491660326088058497e+01,8.186654518781013579e+00,-1.123528811367791253e-03,3.207131084808693089e+01,3.355527102363062841e-01,nan,5.342589809942191437e+01,1.000000000000000000e+00
6.130000000000000000e+02,5.037603485987551721e+01,3.214031202700077472e+01,-1.397497761900757043e-03,3.959616165086121242e+01,2.657924075918055573e-01,nan,2.862581300148551122e+01,1.000000000000000000e+00
6.130000000000000000e+02,8.922737867355985486e+01,3.835416128862789975e+01,-1.080983715366877485e-03,3.090276419645436690e+01,3.331238808514062066e-01,nan,1.138611508409227824e+01,1.000000000000000000e+00
6.180000000000000000e+02,1.320632372121507672e+02,8.695309840860511841e+00,-1.415182563045912483e-03,4.008189366478157467e+01,2.649525151475301543e-01,nan,5.210142268632311868e+01,1.000000000000000000e+00
6.250000000000000000e+02,1.102460823160775902e+02,6.729215285802916391e+00,-1.201629209079793040e-03,3.421642196114144241e+01,3.262264659512517095e-01,nan,3.472023750838963707e+01,1.000000000000000000e+00
6.250000000000000000e+02,1.445511716981409904e+02,1.312999371173579810e+01,-1.997856470455968998e-03,5.608565690656767089e+01,1.999679626576239544e-01,nan,3.489712197258172921e+01,1.000000000000000000e+00
6.400000000000000000e+02,1.067911214333242071e+02,1.244354140984670387e+01,-1.217952391017975821e-03,3.466475564447460300e+01,2.979098951323417843e-01,nan,3.086834886443768156e+01,1.000000000000000000e+00
6.430000000000000000e+02,1.274335377428844680e+02,4.234876699900997465e+01,-1.049678402947618050e-03,3.004293024508541876e+01,3.658301653013251720e-01,nan,3.633774715961276058e+01,1.000000000000000000e+00
6.520000000000000000e+02,1.291048749528786459e+02,4.132050693454318946e+01,-1.209252873442807517e-03,3.442581407214713352e+01,3.151984366715866459e-01,nan,4.311515497544948339e+00,1.000000000000000000e+00
6.580000000000000000e+02,1.038436703266132923e+02,3.742957606446972818e+01,-3.401894940936932461e-03,9.464907802115627078e+01,7.106486930263911095e-02,nan,2.945600488146458318e+01,1.000000000000000000e+00
6.610000000000000000e+02,5.521089048367520036e+01,4.083401216631413888e+01,-1.148111340439415644e-03,3.274649635089294009e+01,3.043821108157690469e-01,nan,1.853733274512071105e+01,1.000000000000000000e+00
6.610000000000000000e+02,7.325361177937394075e+01,4.508758872599467793e+01,-1.465660994999055293e-03,4.146833788945180288e+01,2.149495673009604868e-01,nan,1.853733274512071105e+01,1.000000000000000000e+00
6.640000000000000000e+02,1.038746807516355091e+02,3.737023826088875467e+01,2.915634968877730063e-03,-8.129342682787840602e+01,1.153572309308094068e-01,nan,2.904732969287842792e+01,1.000000000000000000e+00
6.650000000000000000e+02,8.423886337406036873e+00,2.683963957633541142e+01,-1.132569373615076097e-03,3.231961957778667482e+01,2.985373900460615015e-01,nan,4.883509210772675146e+01,1.000000000000000000e+00
6.690000000000000000e+02,1.271044088062681681e+02,8.588618682315642516e+00,-9.744371439018201285e-04,2.797634843925996506e+01,3.402850149611371666e-01,nan,8.917580455332631217e+00,1.000000000000000000e+00
6.710000000000000000e+02,4.881114313686132533e+01,8.877564202542394867e+00,-1.305807132515090455e-03,3.707778026203082788e+01,3.134299554512058883e-01,nan,1.391327161083164121e+01,1.000000000000000000e+00
6.730000000000000000e+02,3.493835533469371768e+01,9.938170403166989075e+00,-1.466428554246762940e-03,4.148941972668209388e+01,2.352243448303391604e-01,nan,1.391327161083164121e+01,1.000000000000000000e+00
6.740000000000000000e+02,7.131949581136639438e+01,2.643316901352058323e+01,-1.216476570312133212e-03,3.462422064734625593e+01,2.915277115503717154e-01,nan,1.396912457952337583e+01,1.000000000000000000e+00
6.740000000000000000e+02,3.626955207287123528e+01,4.255754203403729008e+01,-1.107867935713869679e-03,3.164116811655728512e+01,3.237192912651992716e-01,nan,1.075895791720839156e+01,1.000000000000000000e+00
6.760000000000000000e+02,8.836949292745561024e+01,2.498861668079962328e+01,-1.341696374875239002e-03,3.806351676121937544e+01,2.444233142153714455e-01,nan,1.079711338282934463e+01,1.000000000000000000e+00
6.770000000000000000e+02,1.189101669305466302e+01,5.095829228498614327e+01,-1.506621605537589561e-03,4.259336494997604916e+01,2.629139201159295114e-01,nan,2.289820194591404245e+01,1.000000000000000000e+00
6.800000000000000000e+02,9.910894888192170527e+01,2.610295200006185823e+01,-1.235920058624731532e-03,3.515825688887349543e+01,3.164937146343573815e-01,nan,7.361228076726876957e+00,1.000000000000000000e+00
6.810000000000000000e+02,2.819969224336885461e+01,2.530361537503617342e+01,-2.089890298351485074e-03,5.861346461023164522e+01,1.322988377141064431e-01,nan,3.039959449662669400e+01,1.000000000000000000e+00
6.820000000000000000e+02,8.626607322634937702e+01,2.986984797488504384e+01,-1.368828285390530754e-03,3.880872375721152423e+01,2.845737131043276635e-01,nan,1.338390676856468176e+01,1.000000000000000000e+00
6.900000000000000000e+02,1.405481119930410614e+02,1.724599005988847367e+01,-1.132789541981472220e-03,3.232566673789514056e+01,3.271082820284205717e-01,nan,inf,1.000000000000000000e+00
6.960000000000000000e+02,5.600841443898281824e+01,3.770730855717560104e+01,-1.598425650890181919e-03,4.511486142987097736e+01,1.986379783273286570e-01,nan,1.758022299659843313e+01,1.000000000000000000e+00
7.030000000000000000e+02,9.176331489867729374e+01,2.509571983250254590e+01,-1.154521734943927047e-03,3.292256470513357414e+01,3.342382280502917968e-01,nan,4.063765543566393745e+01,1.000000000000000000e+00
7.180000000000000000e+02,3.445072880392978476e+01,3.942398380216499731e+01,-1.193160823507962310e-03,3.398382867695931964e+01,3.198023826249900559e-01,nan,inf,1.000000000000000000e+00
7.310000000000000000e+02,4.391474629975894572e+01,1.321146069553314817e+01,-1.498658518283964292e-03,4.237465022556499150e+01,2.292799174412105678e-01,nan,2.664480462433094843e+01,1.000000000000000000e+00
7.350000000000000000e+02,1.814213798618494522e+01,2.005174899961747315e+01,-1.092433426656147120e-03,3.121724278615947057e+01,3.507026653045774989e-01,nan,1.734422504099328322e+01,1.000000000000000000e+00
7.360000000000000000e+02,6.955167342801230745e+01,2.047049512783851455e+01,-1.260857803978695461e-03,3.584319878751239941e+01,2.822856627896827009e-01,nan,1.387497683065786624e+01,1.000000000000000000e+00
7.370000000000000000e+02,8.680340816691656869e+01,4.028341937481841484e+01,-1.040431160215509777e-03,2.978894481439778730e+01,3.660217668860568097e-01,nan,1.745119044469722169e+01,1.000000000000000000e+00
7.370000000000000000e+02,1.241360236748787003e+02,3.885741822002081847e+01,-1.161806598847068541e-03,3.312265129846108636e+01,3.626397614886999188e-01,nan,6.383073544357174889e+00,1.000000000000000000e+00
7.390000000000000000e+02,1.298126807871059611e+02,3.593865274419510314e+01,-1.502832568483824854e-03,4.248929498708318420e+01,2.257599946318270545e-01,nan,6.383073544357174889e+00,1.000000000000000000e+00
7.400000000000000000e+02,1.174624233220005465e+01,3.617361803071791826e+01,-1.065501713984111365e-03,3.047753443845796895e+01,3.531960803862086440e-01,nan,1.048463964196538534e+01,1.000000000000000000e+00
7.420000000000000000e+02,7.215912004095508792e+01,3.079190352007133313e+01,-1.472398426146870375e-03,4.165338865554280545e+01,1.969873655655562938e-01,nan,1.745119044469722169e+01,1.000000000000000000e+00
7.440000000000000000e+02,1.156035701505759583e+01,4.665660973493780261e+01,-1.321119441014519547e-03,3.749834922314889951e+01,2.818140488009045486e-01,nan,1.048463964196538534e+01,1.000000000000000000e+00
7.510000000000000000e+02,7.877877029230322137e+01,8.650017167990029066e+00,-1.193577604482074558e-03,3.399527601302250446e+01,3.128494001518818957e-01,nan,3.104566521823212355e+01,1.000000000000000000e+00
7.530000000000000000e+02,4.656012149407184353e+01,3.609813168875111700e+01,-1.204394455326393684e-03,3.429237241245398593e+01,2.940002297188788472e-01,nan,2.024884540847209280e+01,1.000000000000000000e+00
7.640000000000000000e+02,8.398063754393940883e+01,4.128697891352398841e+01,-1.653313000551201667e-03,4.662240130384359560e+01,2.367208633592314815e-01,nan,3.264954115472651353e+01,1.000000000000000000e+00
7.640000000000000000e+02,1.199739640468317390e+02,1.850259603495432614e+01,-1.112289155585142455e-03,3.176260165795994794e+01,3.463158938256530872e-01,nan,1.823831062140200743e+01,1.000000000000000000e+00
7.650000000000000000e+02,1.162559668523415155e+02,3.635791656370732028e+01,-1.433411580274371626e-03,4.058257315659447073e+01,2.611387350581568789e-01,nan,1.823831062140200743e+01,1.000000000000000000e+00
7.760000000000000000e+02,1.168229466310106375e+02,3.456413992355680165e+01,-1.148204995300239903e-03,3.274906868200303478e+01,3.493712912314823615e-01,nan,1.189670019973346982e+01,1.000000000000000000e+00
7.760000000000000000e+02,1.277502238838384301e+02,3.926797745074358659e+01,-9.737770117845809042e-04,2.795821720328347837e+01,3.745307419740052657e-01,nan,1.189670019973346982e+01,1.000000000000000000e+00
7.950000000000000000e+02,1.119229312451703073e+01,2.891669841019523446e+01,-2.403064604613408279e-03,6.721513251931008881e+01,1.157138463236381254e-01,nan,4.179159993136415352e+01,1.000000000000000000e+00
7.960000000000000000e+02,5.167753478040180681e+01,3.928410082776390055e+01,-1.296518949006352861e-03,3.682267034904224801e+01,2.778320832753791159e-01,nan,1.881223175442093520e+01,1.000000000000000000e+00
7.960000000000000000e+02,1.077460622710880216e+02,1.260383408365415292e+01,-1.226873725485021736e-03,3.490978965542939960e+01,2.905782811934998211e-01,nan,4.366432116152201814e+01,1.000000000000000000e+00
8.050000000000000000e+02,7.827312900299233434e+01,1.469771560783671660e+01,-1.200007385680666337e-03,3.417187684359021915e+01,3.125630598946346206e-01,nan,3.876544346169075084e+01,1.000000000000000000e+00
8.100000000000000000e+02,1.055328264780829670e+02,4.225980007813902262e+01,-1.426434414956696470e-03,4.039093783463677312e+01,2.351879668857793648e-01,nan,3.876544346169075084e+01,1.000000000000000000e+00
8.260000000000000000e+02,1.983839007323387804e+01,3.234386536265732559e+01,-1.211357533477600565e-03,3.448362081528927092e+01,3.642184450044484434e-01,nan,4.309530653334442718e+01,1.000000000000000000e+00
8.260000000000000000e+02,1.018206137098762127e+02,4.523058638083372607e+00,-1.344944218114325256e-03,3.815272225606607037e+01,3.371445156989644198e-01,nan,3.786590022657791366e+01,1.000000000000000000e+00
8.270000000000000000e+02,6.424722339201325383e+01,9.220583517280420693e+00,-1.172081086617999830e-03,3.340485111490300341e+01,2.985301565497688880e-01,nan,3.786590022657791366e+01,1.000000000000000000e+00
8.350000000000000000e+02,5.056565525164409536e+01,3.581354421452466852e+01,-1.386716886639642425e-03,3.930005335937273259e+01,2.008684698562482884e-01,nan,2.233772145845171764e+01,1.000000000000000000e+00
8.370000000000000000e+02,5.101510395065433023e+00,4.090416519768889003e+01,-1.354106308978759348e-03,3.840436889946200694e+01,3.065384483211914812e-01,nan,2.590528045120000300e+01,1.000000000000000000e+00
8.390000000000000000e+02,3.055232684341779503e+01,4.573526210911613532e+01,-1.470951474472196631e-03,4.161364657729064476e+01,2.291799556988248776e-01,nan,2.233772145845171764e+01,1.000000000000000000e+00
8.450000000000000000e+02,7.275282734478918201e+01,1.246721862949534021e+01,-1.147584076166476659e-03,3.273201447263709696e+01,3.326325160579339801e-01,nan,2.626335081201325750e+01,1.000000000000000000e+00
8.470000000000000000e+02,5.724009557435336859e+01,3.365964059805261144e+01,-1.107191420637225563e-03,3.162258690504528502e+01,2.960234338456415593e-01,nan,2.261147154770352685e+01,1.000000000000000000e+00
8.480000000000000000e+02,1.180033282790963796e+02,1.628587604896142693e+01,-1.271126731575472537e-03,3.612524588781305823e+01,2.915950367272464039e-01,nan,2.594424507099289912e+01,1.000000000000000000e+00
8.490000000000000000e+02,3.475567774564915169e+01,3.126598221456216109e+01,-1.536346235613436379e-03,4.340978376697439955e+01,2.302451864976986506e-01,nan,2.261147154770352685e+01,1.000000000000000000e+00
8.520000000000000000e+02,2.003434832437495317e+01,5.133986946816850860e+01,-1.463120122628519147e-03,4.139855010707726279e+01,2.552785896030420609e-01,nan,2.489334227057854676e+01,1.000000000000000000e+00
8.530000000000000000e+02,1.433989311078005358e+02,2.159315494406886415e+01,-1.733589291864098218e-03,4.882727566626483906e+01,2.279226221665620056e-01,nan,2.594424507099289912e+01,1.000000000000000000e+00
8.610000000000000000e+02,9.357769694521519455e+01,1.230903859155554336e+01,-1.196814402743384036e-03,3.408417814571911464e+01,3.635619175462875274e-01,nan,inf,1.000000000000000000e+00
8.690000000000000000e+02,1.301156799253571990e+02,2.517866633828482037e+01,-1.423952583903489826e-03,4.032277168530948330e+01,2.675874795998207656e-01,nan,4.669328009685992242e+01,1.000000000000000000e+00
8.770000000000000000e+02,2.813374647383392357e+01,4.668877227579631040e+01,-1.383962211602479762e-03,3.922439325765517992e+01,3.191285085575507052e-01,nan,inf,1.000000000000000000e+00
9.010000000000000000e+02,1.777114350765732453e+01,3.164452048213798108e+01,-1.635435101024638278e-03,4.613136563595979567e+01,1.973525505682971470e-01,nan,6.341411025042090088e+00,1.000000000000000000e+00
9.030000000000000000e+02,1.144077506117050547e+01,3.127044947250286810e+01,-1.293293788826530618e-03,3.673408786872467857e+01,3.088604485268946487e-01,nan,6.341411025042090088e+00,1.000000000000000000e+00
9.050000000000000000e+02,1.166752673234924202e+02,4.232420832221283291e+01,-1.328559219682789744e-03,3.770269071650239567e+01,2.550133305989176202e-01,nan,2.239119408320285842e+01,1.000000000000000000e+00
9.100000000000000000e+02,9.812386674541760101e+01,5.448346622223791513e+00,-1.241357242291579819e-03,3.530759496459602786e+01,2.992553461682826432e-01,nan,4.127933671372292679e+01,1.000000000000000000e+00
9.120000000000000000e+02,1.418235458830431526e+02,4.790782733401740501e+01,-1.370419728806431328e-03,3.885243445596922385e+01,2.231196803359681846e-01,nan,3.104293565579360603e+01,1.000000000000000000e+00
9.150000000000000000e+02,1.430100696230738606e+02,6.608256922222568441e+00,-1.198100108138233947e-03,3.411949142210955443e+01,3.052810143739499438e-01,nan,2.703133268549176904e+01,1.000000000000000000e+00
9.160000000000000000e+02,1.221969359630867018e+02,2.385663116460393951e+01,-1.486659822489435050e-03,4.204509318814865537e+01,1.832505309206090560e-01,nan,2.703133268549176904e+01,1.000000000000000000e+00
9.180000000000000000e+02,7.963097832310953095e+01,5.073537650774017038e+01,-1.300429048852731837e-03,3.693006543126129060e+01,2.997691418454467849e-01,nan,5.034210664075847319e+01,1.000000000000000000e+00
9.320000000000000000e+02,1.344750234929907435e+02,3.957914657180113949e+01,-1.372646683851013513e-03,3.891360016260264132e+01,2.944339452388580192e-01,nan,1.315546800218862344e+01,1.000000000000000000e+00
9.350000000000000000e+02,1.334524253976473460e+02,2.646348297852425091e+01,-1.126057595168110078e-03,3.214076660492672488e+01,2.841994703938728328e-01,nan,1.315546800218862344e+01,1.000000000000000000e+00
9.460000000000000000e+02,9.199092992937504221e+01,3.469163892554249173e+01,-1.126497004277381142e-03,3.215283544696963958e+01,3.418059167662005349e-01,nan,3.514093450385094997e+01,1.000000000000000000e+00
9.510000000000000000e+02,7.031771238042021821e+01,7.030168992084170121e+00,-1.159064657454530502e-03,3.304734093993811683e+01,3.560616536640945906e-01,nan,3.514093450385094997e+01,1.000000000000000000e+00
9.540000000000000000e+02,1.114152821927647494e+02,2.419973094069765907e+01,-1.449288518584909789e-03,4.101865028051393836e+01,2.204071151828504993e-01,nan,3.227786535186385208e+01,1.000000000000000000e+00
9.610000000000000000e+02,4.325853497798686931e+01,9.112552194802377770e+00,-1.234161307469722104e-03,3.510995090377954142e+01,3.434388037499274127e-01,nan,3.653575833982197452e+01,1.000000000000000000e+00
9.660000000000000000e+02,1.370017091208636089e+02,1.992116093917285724e+01,-1.112765379991084106e-03,3.177568167157601309e+01,3.289648685193652389e-01,nan,4.333565666277943507e+01,1.000000000000000000e+00
9.740000000000000000e+02,5.267788393532472213e+01,2.445659847497689654e+01,-1.127772713868831211e-03,3.218787417790851180e+01,3.644943916293481578e-01,nan,2.219376767796788030e+01,1.000000000000000000e+00
9.740000000000000000e+02,9.962294316604449307e+01,5.237076899912545969e+01,-1.081460174056097893e-03,3.091585064491173540e+01,3.546813557327960220e-01,nan,5.461720884691043665e+01,1.000000000000000000e+00
9.820000000000000000e+02,1.183715830997291221e+02,2.345258831222506046e+01,-1.150904501494708727e-03,3.282321351233883178e+01,3.353419344127110957e-01,nan,1.824720135535836718e+01,1.000000000000000000e+00
9.820000000000000000e+02,9.279436646559916824e+01,2.327740275780458035e+01,-1.077073777156453346e-03,3.079537355374002772e+01,3.291711776598643668e-01,nan,7.303830234029828894e+00,1.000000000000000000e+00
9.830000000000000000e+02,1.365882225749950578e+02,2.239693518208475709e+01,-1.180693960224470269e-03,3.364141291778527432e+01,3.574139701655634216e-01,nan,1.824720135535836718e+01,1.000000000000000000e+00
1.006000000000000000e+03,1.140456830593002309e+02,4.193386979725634944e+01,-1.109123749490040830e-03,3.167566038760980263e+01,3.665848267915030601e-01,nan,3.246952754624484072e+01,1.000000000000000000e+00
1.009000000000000000e+03,1.264791854503920945e+02,1.193923298720203441e+01,-1.310396919134140456e-03,3.720384366979194368e+01,2.539629585160476655e-01,nan,3.246952754624484072e+01,1.000000000000000000e+00
1.020000000000000000e+03,4.031487469101406163e+01,3.272325415937989135e+01,-1.302019949261177222e-03,3.697376121573736185e+01,3.414469557890345008e-01,nan,2.292296526359936948e+01,1.000000000000000000e+00
1.023000000000000000e+03,1.073673932992831226e+01,3.362944239174181149e+01,-1.293483464207938801e-03,3.673929750632514413e+01,2.673612743594707686e-01,nan,1.574121128204479803e+01,1.000000000000000000e+00
1.024000000000000000e+03,2.046663586891994768e+01,2.125548401269054466e+01,-3.152773806797263319e-03,8.780669912175115144e+01,7.726809101396481250e-02,nan,1.574121128204479803e+01,1.000000000000000000e+00
1.030000000000000000e+03,2.041763693419101244e+01,2.126443905236315501e+01,3.205619076399475551e-03,-8.925815107868078258e+01,6.453630262240628301e-02,nan,9.900758469495965386e+00,1.000000000000000000e+00
1.031000000000000000e+03,2.025924841065116766e+01,1.136494758325692800e+01,-3.415161683811107022e-03,9.501346333041385606e+01,7.528405243847280381e-02,nan,9.900758469495965386e+00,1.000000000000000000e+00
1.031000000000000000e+03,9.089909386979866213e+01,5.756872863590348111e+00,-9.931161206080047540e-04,2.848938655029080991e+01,3.616995953005117670e-01,nan,3.447555362205923046e+01,1.000000000000000000e+00
1.040000000000000000e+03,2.037090864997731288e+01,1.138189190918606464e+01,3.226792032531467999e-03,-8.983968900711022343e+01,8.302492256318072528e-02,nan,1.464780722430207760e+01,1.000000000000000000e+00
1.042000000000000000e+03,1.122192172331440396e+01,3.841736677193943450e+01,-1.322977331160374217e-03,3.754937816686059904e+01,2.254986384711216152e-01,nan,2.660863869131730652e+01,1.000000000000000000e+00
1.044000000000000000e+03,1.281659438961175681e+02,1.961474021827637415e+01,-1.239783900335497723e-03,3.526438144182919388e+01,2.863661322163277845e-01,nan,7.020428546843216111e+01,1.000000000000000000e+00
1.048000000000000000e+03,5.883234101190615917e+01,3.063713602080430576e+01,-1.306493288528033647e-03,3.709662627218920505e+01,3.317893145119005238e-01,nan,7.020428546843216111e+01,1.000000000000000000e+00
1.059000000000000000e+03,6.598870082057118225e+01,3.411704499421405501e+01,-1.046340229687632182e-03,2.995124373941994378e+01,3.373088803493710097e-01,nan,7.803737154067887261e+00,1.000000000000000000e+00
1.062000000000000000e+03,1.439439591285899951e+02,3.402754443451131294e+01,-1.160298743462788657e-03,3.308123643456211482e+01,2.960944638037862342e-01,nan,4.421522453829917509e+01,1.000000000000000000e+00
1.065000000000000000e+03,8.844252162603245893e+01,2.842552013839958747e+01,-1.298479618047227932e-03,3.687652222524026513e+01,2.660166627493447677e-01,nan,1.160760327475198750e+01,1.000000000000000000e+00
1.067000000000000000e+03,1.000458149694239438e+02,2.874180698801539080e+01,-1.007169931604936456e-03,2.887538952893701349e+01,3.183744399050040252e-01,nan,1.160760327475198750e+01,1.000000000000000000e+00
1.069000000000000000e+03,6.193793835208643372e+01,3.674417991980835296e+01,-1.394885737994590357e-03,3.952441961531686587e+01,2.891608481178520318e-01,nan,2.099740207951678173e+01,1.000000000000000000e+00
1.073000000000000000e+03,7.731297149028611670e+01,5.104450334580670301e+01,-9.435768612086968109e-04,2.712873770619900071e+01,3.710301064176958485e-01,nan,2.099740207951678173e+01,1.000000000000000000e+00
1.083000000000000000e+03,7.281880594654873562e+01,3.059311828522612586e+01,-1.662435952613498585e-03,4.687297295809894138e+01,2.401174318817088649e-01,nan,1.072834964310738570e+01,1.000000000000000000e+00
1.083000000000000000e+03,8.881994110994662606e+01,4.056763626368609721e+01,-2.241240046210981902e-03,6.277044761675369955e+01,1.405317207811662694e-01,nan,8.156228489821861771e+00,1.000000000000000000e+00
1.088000000000000000e+03,1.288829595169463573e+02,1.774850246259381237e+01,-1.409750769782357194e-03,3.993270364226167146e+01,2.543427846315767793e-01,nan,1.428765369999427470e+01,1.000000000000000000e+00
1.088000000000000000e+03,1.170805433938283926e+02,2.580083267860738871e+01,-1.040786110115980928e-03,2.979869389376721500e+01,3.638348012170734558e-01,nan,1.428765369999427470e+01,1.000000000000000000e+00
1.091000000000000000e+03,8.409465186592571229e+01,3.739201862709998636e+01,-1.986694887821017445e-03,5.577909207910288814e+01,1.429745222736612531e-01,nan,3.496318966546235885e+01,1.000000000000000000e+00
1.103000000000000000e+03,8.692605197286738417e+01,3.499206210646574533e+01,-9.849118978117112500e-04,2.826404877980721864e+01,3.556211101949370290e-01,nan,inf,1.000000000000000000e+00
1.111000000000000000e+03,2.341203775278571442e+01,4.535070447252000037e+01,-1.385706497929303695e-03,3.927230195074297825e+01,2.443715987295005387e-01,nan,1.410941328382824445e+01,1.000000000000000000e+00
1.112000000000000000e+03,1.198443042594715848e+02,2.646607039909093118e+01,-1.297957265856711836e-03,3.686217526259180488e+01,3.202475713234232968e-01,nan,9.826398845815188565e+01,1.000000000000000000e+00
1.119000000000000000e+03,1.440228720679729122e+02,4.306417454843917625e+01,-1.410831420987590902e-03,3.996238488560477009e+01,2.748536044168894410e-01,nan,1.041497072767226513e+02,1.000000000000000000e+00
1.123000000000000000e+03,4.026003046955344900e+01,5.203268776124792083e+01,-1.027355162158288728e-03,2.942979851593388219e+01,3.442051417087196308e-01,nan,5.495647439085313835e+01,1.000000000000000000e+00
1.129000000000000000e+03,8.028671946823126859e+01,2.697576044447282229e+01,-1.464813862731422466e-03,4.144507049396136011e+01,2.891864863035106259e-01,nan,1.408860407995185682e+01,1.000000000000000000e+00
1.130000000000000000e+03,2.372742589550733783e+01,4.482222085535442346e+01,-1.510813311050679094e-03,4.270849463359094500e+01,2.141326027037113722e-01,nan,5.930809252237619233e+01,1.000000000000000000e+00
1.139000000000000000e+03,9.489051377725877501e+01,2.700288501241104555e+01,-1.056968263375969832e-03,3.024315407333195083e+01,3.549362668449590474e-01,nan,1.178054185526122843e+01,1.000000000000000000e+00
1.156000000000000000e+03,1.395089156357782656e+02,1.757174241743039289e+01,-1.050628630116809707e-03,3.006902925252038372e+01,3.513887626128343600e-01,nan,6.565096797250666327e+01,1.000000000000000000e+00
1.158000000000000000e+03,7.512213692328234060e+01,3.039329937262021630e+01,-1.291019805498943608e-03,3.667163047990452185e+01,2.654870056840646919e-01,nan,1.801355326909157029e+01,1.000000000000000000e+00
1.168000000000000000e+03,6.618850475470503625e+01,1.855073489910343199e+01,-1.274788537694187358e-03,3.622582131673816974e+01,2.979297631016577519e-01,nan,5.564217956678789534e+01,1.000000000000000000e+00
1.182000000000000000e+03,1.033587839698397772e+02,2.637778711680212851e+01,-1.111850013097021896e-03,3.175054013895263694e+01,3.529766756463176280e-01,nan,2.977304471086441851e+01,1.000000000000000000e+00
1.185000000000000000e+03,9.033335014383017381e+01,5.315038999734731817e+01,-1.260587082413525302e-03,3.583576312962840404e+01,2.988075919525299273e-01,nan,2.887364751715112021e+01,1.000000000000000000e+00
1.189000000000000000e+03,1.173147612003290590e+02,4.286977822834607821e+01,-1.163988274312655405e-03,3.318257335293725419e+01,3.744121318745151639e-01,nan,2.887364751715112021e+01,1.000000000000000000e+00
1.191000000000000000e+03,4.841201842728035665e+00,3.185335614119785319e+01,-1.292452247076994205e-03,3.671097402280437194e+01,2.998648463167862266e-01,nan,7.437066643624770279e+01,1.000000000000000000e+00
1.191000000000000000e+03,7.902606110280305529e+01,2.659953060788564017e+01,-1.338323246084304613e-03,3.797087016443916951e+01,3.218341861704797635e-01,nan,4.160222966127400213e+01,1.000000000000000000e+00
1.203000000000000000e+03,1.444680402169446722e+02,4.153108039435199572e+01,-1.243687074035928694e-03,3.537158629002793475e+01,2.597600399173627395e-01,nan,3.368960066900913830e+01,1.000000000000000000e+00
1.203000000000000000e+03,1.982284400870025820e+01,5.319061306378191034e+01,-9.767674285113263789e-04,2.804035220311869381e+01,3.585717364409001240e-01,nan,1.177898220614410292e+02,1.000000000000000000e+00
1.207000000000000000e+03,1.298631190539851445e+02,1.117180716423270326e+01,-1.172943043723447681e-03,3.342852569044985955e+01,3.234022689516931059e-01,nan,3.368960066900913830e+01,1.000000000000000000e+00
1.212000000000000000e+03,4.261196932824100259e+01,3.379832102784092740e+01,-1.097858169924762796e-03,3.136623917301380970e+01,2.892468158134534617e-01,nan,9.013724123848187730e+01,1.000000000000000000e+00
1.218000000000000000e+03,4.644745576479865434e+01,5.190836794948883437e+01,-1.195856809001466211e-03,3.405787680747044277e+01,3.081030815089358388e-01,nan,inf,1.000000000000000000e+00
1.233000000000000000e+03,9.907356609458112473e+01,3.519844881112253887e+01,-1.117155030719520345e-03,3.189624813264218517e+01,3.549771021023168105e-01,nan,inf,1.000000000000000000e+00
1.243000000000000000e+03,1.817045682399363216e+01,2.303787122500799001e+01,-1.259094940325363246e-03,3.579477984824518444e+01,3.271911646966223497e-01,nan,3.980389955147950332e+01,1.000000000000000000e+00
1.243000000000000000e+03,8.355313284091924686e+01,3.414899894690772442e+01,-1.232254041677363285e-03,3.505756580502723097e+01,2.829246414507414764e-01,nan,3.625169531424356251e+01,1.000000000000000000e+00
1.247000000000000000e+03,4.975555778684798014e+01,4.726041891658179850e+01,-1.043232851173382702e-03,2.986589625875840781e+01,3.337162623413152396e-01,nan,3.625169531424356251e+01,1.000000000000000000e+00
1.249000000000000000e+03,1.233721491940255106e+02,2.441406920844557860e+01,-1.494005409314120647e-03,4.224684760158512375e+01,2.345962504742310495e-01,nan,1.862130152220301582e+01,1.000000000000000000e+00
1.249000000000000000e+03,8.678273611669008858e+01,2.426329919209291930e+01,-1.345517602710856551e-03,3.816847087843044051e+01,2.380894453923425580e-01,nan,3.658972370682396047e+01,1.000000000000000000e+00
1.267000000000000000e+03,2.479399347126532760e+01,6.820501463702932199e+00,-1.403821589677488454e-03,3.976985235716121991e+01,2.820934420769579676e-01,nan,4.071373659093559638e+01,1.000000000000000000e+00
1.267000000000000000e+03,1.116525371621763298e+02,2.809642536165845073e+01,-1.486095654636835619e-03,4.202959771353273766e+01,2.468636675260539315e-01,nan,2.647095071429765056e+01,1.000000000000000000e+00
1.270000000000000000e+03,2.216137604781920700e+01,4.744903420484257595e+01,-1.136867150141182862e-03,3.243766261543640184e+01,3.367311576683653662e-01,nan,3.797262433347825095e+01,1.000000000000000000e+00
1.275000000000000000e+03,4.498488231357724487e+01,1.710092453540239887e+01,-1.123004080862227434e-03,3.205689856246715408e+01,3.368122484944998662e-01,nan,1.443762279813745586e+01,1.000000000000000000e+00
1.279000000000000000e+03,5.205582709411115871e+01,2.968848553711907812e+01,-1.503353460457748777e-03,4.250360184331822211e+01,2.413651346692539112e-01,nan,1.443762279813745586e+01,1.000000000000000000e+00
1.286000000000000000e+03,2.383138583515140141e+01,2.759045957691178330e+01,-2.054897800037849311e-03,5.765235814720288232e+01,2.177421970379965765e-01,nan,2.771175880493783694e+01,1.000000000000000000e+00
1.286000000000000000e+03,5.150350566377601780e+01,2.610878476330045928e+01,-1.676863537260838474e-03,4.726924203057752294e+01,2.002544919501131337e-01,nan,2.771175880493783694e+01,1.000000000000000000e+00
1.293000000000000000e+03,5.009672595877913182e+01,3.303918224140104343e+01,-1.768892042542288693e-03,4.979690354294262988e+01,2.043182321178459437e-01,nan,6.921097965889894965e+01,1.000000000000000000e+00
1.298000000000000000e+03,1.393347712714901547e+02,2.204322265676910675e+01,-1.014376464705563086e-03,2.907332468283667026e+01,3.674741763840779774e-01,nan,8.991295712198729007e+01,1.000000000000000000e+00
1.300000000000000000e+03,4.847654814259499290e+00,1.646151801347949117e+01,-1.383141512615021235e-03,3.920185188052978020e+01,2.479621013363020321e-01,nan,1.346028971445475406e+02,1.000000000000000000e+00
1.306000000000000000e+03,1.016873274183077172e+02,5.313570288280996579e+01,-1.275641206217871873e-03,3.624924077143354850e+01,3.680951980106605959e-01,nan,2.893163509116732612e+01,1.000000000000000000e+00
1.310000000000000000e+03,1.283491007376271114e+02,4.190229945741421602e+01,-1.490875651399594217e-03,4.216088544671392668e+01,2.279361772060658486e-01,nan,2.893163509116732612e+01,1.000000000000000000e+00
1.313000000000000000e+03,9.601056711607354188e+00,3.198740258704077277e+01,-1.352632925421962031e-03,3.836390084124375477e+01,2.351351069854030751e-01,nan,1.845233471241585121e+01,1.000000000000000000e+00
1.316000000000000000e+03,1.907804669418392507e+01,1.615467328318509388e+01,-1.266975925648045238e-03,3.601123955514506747e+01,3.276831968803323170e-01,nan,1.845233471241585121e+01,1.000000000000000000e+00
1.323000000000000000e+03,2.929340576166629972e+01,2.315368005438762111e+01,-1.143521329151504437e-03,3.262042677236080834e+01,3.630971904398297978e-01,nan,1.535743026018099222e+01,1.000000000000000000e+00
1.325000000000000000e+03,1.145863130862003771e+02,5.501725643592996207e+00,-1.334682948285044685e-03,3.787088548455551518e+01,2.955280552154947449e-01,nan,3.245988777986711682e+01,1.000000000000000000e+00
1.325000000000000000e+03,8.138818774169847359e+01,1.646443858815329975e+01,-1.099306025380613391e-03,3.140600607458445737e+01,3.021989850623031382e-01,nan,3.496135869061856027e+01,1.000000000000000000e+00
1.326000000000000000e+03,4.388461048523139851e+01,1.836333466899688105e+01,-1.441979576681443184e-03,4.081790235910627729e+01,2.275389349335039668e-01,nan,1.535743026018099222e+01,1.000000000000000000e+00
1.331000000000000000e+03,1.003297837910063350e+02,3.264912288241245619e+01,-1.243519928101057166e-03,3.536699544781843940e+01,2.688548931882077664e-01,nan,1.730559387938291849e+01,1.000000000000000000e+00
1.331000000000000000e+03,8.932614283271303179e+01,4.600589888484304169e+01,-1.387928995435841690e-03,3.933334522631746211e+01,2.395106285640344890e-01,nan,1.730559387938291849e+01,1.000000000000000000e+00
1.339000000000000000e+03,1.369394397781282464e+02,3.977000417495016649e+01,-1.348925120214198572e-03,3.826206199804676800e+01,2.544545428971350942e-01,nan,1.502163055049337892e+01,1.000000000000000000e+00
1.341000000000000000e+03,1.426273926970439732e+02,2.586689027957715581e+01,-1.019883130440198864e-03,2.922457115800575167e+01,3.609797507913620196e-01,nan,1.502163055049337892e+01,1.000000000000000000e+00
1.353000000000000000e+03,5.585624496490318336e+00,2.022694468108303312e+01,-1.331694918216195589e-03,3.778881603683688439e+01,2.828929783365250472e-01,nan,2.891702505578270532e+01,1.000000000000000000e+00
1.354000000000000000e+03,9.969976011910054581e+01,2.534741177545165769e+01,-1.331793845206053969e-03,3.779153317262035472e+01,2.964191075532970343e-01,nan,2.344715751972120188e+01,1.000000000000000000e+00
1.357000000000000000e+03,2.208946683017732937e+01,4.397178677998032725e+01,-1.081619593874093592e-03,3.092022928104217883e+01,3.057416996594327641e-01,nan,2.891702505578270532e+01,1.000000000000000000e+00
1.363000000000000000e+03,1.078701603762364272e+02,5.264658504313931786e+01,-1.325721954717392573e-03,3.762476219390514842e+01,3.037971829828552961e-01,nan,6.494938773294602186e+01,1.000000000000000000e+00
1.366000000000000000e+03,2.890396132460592327e+01,5.018351554875599163e+01,-1.023208775878033756e-03,2.931591357361143579e+01,3.562150636204487464e-01,nan,2.340822356957511019e+01,1.000000000000000000e+00
1.367000000000000000e+03,4.569342983283337389e+01,3.387221033137836912e+01,-1.513174443368235297e-03,4.277334566280668326e+01,2.162167106829234742e-01,nan,2.340822356957511019e+01,1.000000000000000000e+00
1.370000000000000000e+03,7.218720478192578582e+01,1.118154329205673214e+01,-1.046852805914181336e-03,2.996532219474244840e+01,3.636645724703809757e-01,nan,1.751622896402677654e+01,1.000000000000000000e+00
1.373000000000000000e+03,8.775364679964204129e+01,1.921299148209621066e+01,-1.099333103116130516e-03,3.140674979360607466e+01,3.531952379148487475e-01,nan,9.395514793462593772e+00,1.000000000000000000e+00
1.373000000000000000e+03,8.398737901233697301e+01,2.782060004594730174e+01,-1.209882337294081352e-03,3.444310297133574750e+01,2.823588302715652754e-01,nan,9.395514793462593772e+00,1.000000000000000000e+00
1.374000000000000000e+03,3.873570384425747193e+01,4.051116743092106276e+01,-1.256943497655695898e-03,3.573568816990544406e+01,2.978765494227934019e-01,nan,4.448853523223569795e+01,1.000000000000000000e+00
1.380000000000000000e+03,6.593738839043975020e+01,1.668760422616020733e+01,-1.201084985815777583e-03,3.420147428602297168e+01,2.911165584074961732e-01,nan,3.836131757773878803e+01,1.000000000000000000e+00
1.383000000000000000e+03,3.134956195905871112e+01,3.327895586045420373e+01,-1.271927908217835961e-03,3.614725106281090206e+01,3.181673015403179150e-01,nan,1.768483228919113159e+01,1.000000000000000000e+00
1.386000000000000000e+03,4.898750134455471539e+01,3.199194873911180892e+01,-1.095994057677210321e-03,3.131503933261156902e+01,3.327310935515485069e-01,nan,1.768483228919113159e+01,1.000000000000000000e+00
1.387000000000000000e+03,4.141461261811590333e+01,6.679808330529917626e+00,-1.172263192841398443e-03,3.340985285746786104e+01,2.860594756724622600e-01,nan,2.642069445958580687e+01,1.000000000000000000e+00
1.392000000000000000e+03,1.792068594068311427e+01,5.349022458514577494e+01,-1.289708069231848206e-03,3.663560223771401070e+01,3.269817138292653302e-01,nan,5.237537265409185494e+01,1.000000000000000000e+00
1.399000000000000000e+03,4.275119575612499290e+01,7.222171060735553816e+00,-1.001262717079379975e-03,2.871314155200998997e+01,3.733606973903415005e-01,nan,6.816458447086745309e+01,1.000000000000000000e+00
1.399000000000000000e+03,1.089299934569256578e+02,2.355549010379980501e+01,-1.613653570983062096e-03,4.553311257297525572e+01,1.955182168186920810e-01,nan,3.378308120693370142e+01,1.000000000000000000e+00
1.403000000000000000e+03,1.418411255533651456e+02,3.118136447760033292e+01,-1.094397166866998075e-03,3.127117901533184963e+01,3.308221248212529497e-01,nan,3.378308120693370142e+01,1.000000000000000000e+00
1.410000000000000000e+03,1.222904314209215642e+02,2.965710721294130536e+01,-1.008227109875304596e-03,2.890442606297118289e+01,3.588119724406761968e-01,nan,inf,1.000000000000000000e+00
1.419000000000000000e+03,4.796392275672931049e+01,2.650773196593425851e+01,-1.094803846468638984e-03,3.128234890637580179e+01,3.402911471208056593e-01,nan,1.877427015705791291e+01,1.000000000000000000e+00
1.422000000000000000e+03,1.221175774397437408e+02,1.987408629185122777e+01,-1.242833700516681600e-03,3.534814747187397899e+01,3.117821789618103745e-01,nan,5.650963726643291807e+01,1.000000000000000000e+00
1.423000000000000000e+03,6.676314597089627512e+01,3.124184863738315343e+01,-1.187720490666853684e-03,3.383440410579117241e+01,3.325710559490701046e-01,nan,1.938614593246848727e+01,1.000000000000000000e+00
1.425000000000000000e+03,1.026157929929982515e+01,4.908163361517687662e+01,-1.676091384336857474e-03,4.724803402310594436e+01,1.912975428039913606e-01,nan,2.528695718083179145e+01,1.000000000000000000e+00
1.434000000000000000e+03,8.518798982672581133e+01,3.161194229745212425e+01,-1.824982496230131805e-03,5.133748795821983890e+01,1.790586328850183317e-01,nan,1.644397688301023663e+01,1.000000000000000000e+00
1.438000000000000000e+03,3.336313728071631601e+01,4.030772086107790386e+01,-1.325231527659124359e-03,3.761129208922382361e+01,2.703810100107164605e-01,nan,4.388488705005098467e+01,1.000000000000000000e+00
1.445000000000000000e+03,7.085656001078257304e+01,1.156936376138811795e+01,-1.089091165545491091e-03,3.112544400329493044e+01,3.599151119417310918e-01,nan,2.689863571669722120e+01,1.000000000000000000e+00
1.447000000000000000e+03,4.624714990017663041e+01,2.242816376081648144e+01,-1.139058257380808157e-03,3.249784372369332175e+01,3.418228664900844205e-01,nan,2.689863571669722120e+01,1.000000000000000000e+00
1.451000000000000000e+03,2.952752002384935182e+01,4.845353918331306176e+01,-9.961946232333188447e-04,2.857394092372025440e+01,3.458610507764643405e-01,nan,3.093325377459126457e+01,1.000000000000000000e+00
1.467000000000000000e+03,3.445258227797548045e+01,3.832660816770138013e+01,-1.174704968533481220e-03,3.347691884337984192e+01,3.166759446858755656e-01,nan,1.649216144439272824e+01,1.000000000000000000e+00
1.471000000000000000e+03,4.690754427089873246e+01,2.751618214174147425e+01,-1.409742253158314911e-03,3.993246972405621165e+01,2.330022622527933018e-01,nan,1.649216144439272824e+01,1.000000000000000000e+00
1.472000000000000000e+03,1.189815808803840440e+02,6.268736290574947745e+00,-1.521825316087604312e-03,4.301095115204335428e+01,2.403044665740192709e-01,nan,7.514067279698581103e+01,1.000000000000000000e+00
1.485000000000000000e+03,3.783912918550633719e+01,2.430330152002284905e+01,-1.072766466227607473e-03,3.067706864350230944e+01,3.330471199331990206e-01,nan,7.501314990642845260e+01,1.000000000000000000e+00
1.485000000000000000e+03,1.078862409106089473e+02,5.114310028706468358e+01,1.053411902364869432e-03,-3.014547480727908280e+01,3.742712313258235168e-01,nan,7.501314990642845260e+01,1.000000000000000000e+00
1.493000000000000000e+03,9.215598120475735300e+01,1.913959003134882764e+01,-1.267927375160466134e-03,3.603737213554665431e+01,3.175353191113141627e-01,nan,1.189376124875021468e+01,1.000000000000000000e+00
1.495000000000000000e+03,1.030929957512927189e+02,2.381326839545841523e+01,-1.455358420119877167e-03,4.118536663048464419e+01,2.690382066185110777e-01,nan,1.189376124875021468e+01,1.000000000000000000e+00
1.499000000000000000e+03,3.555860637429402971e+01,5.242049067596234835e+01,-1.201157141347755121e-03,3.420345611502830252e+01,3.139844244876267565e-01,nan,1.785920657512524201e+01,1.000000000000000000e+00
1.502000000000000000e+03,1.012404680657745644e+02,5.205878647222921529e+01,-1.463263338037127607e-03,4.140248367173975907e+01,2.384907178359897406e-01,nan,1.649297293147969157e+01,1.000000000000000000e+00
1.504000000000000000e+03,5.611003441169042816e+01,3.362016341690134169e+01,-1.484921997409952964e-03,4.199736196014276857e+01,2.476930079341506108e-01,nan,7.078168503585128057e+00,1.000000000000000000e+00
1.507000000000000000e+03,7.329215961893081044e+01,2.849345161770546753e+01,-1.107739497895403888e-03,3.163764043424325578e+01,3.034471971615756436e-01,nan,1.793066090553551106e+01,1.000000000000000000e+00
1.509000000000000000e+03,5.330939731817402816e+01,4.939322655285054431e+00,-1.095319610777253407e-03,3.129651492578847538e+01,3.285105902454116267e-01,nan,2.526688392686725138e+01,1.000000000000000000e+00
1.515000000000000000e+03,6.545386170384948343e+01,1.616071127172863697e+01,-1.528418948339507104e-03,4.319205232736781142e+01,2.269592580313010144e-01,nan,5.077313264788375591e+01,1.000000000000000000e+00
1.517000000000000000e+03,1.518949191558456491e+01,8.991044008308339386e+00,-1.167357654490782477e-03,3.327511699004980983e+01,2.932925804048408525e-01,nan,5.077313264788375591e+01,1.000000000000000000e+00
1.520000000000000000e+03,1.262380678861304091e+02,4.581914611535660242e+01,-1.112131473038264953e-03,3.175827073784236987e+01,3.533073988515782471e-01,nan,6.763388557952119129e+01,1.000000000000000000e+00
1.523000000000000000e+03,1.317203436839693076e+01,8.427528719018893000e+00,-1.264994340746661327e-03,3.595681320242540124e+01,2.990446292403142747e-01,nan,8.339173280835144908e+01,1.000000000000000000e+00
1.528000000000000000e+03,9.156555433953769807e+01,3.686407434808282346e+01,-1.115417624003610777e-03,3.184852839544012326e+01,2.975404752821196874e-01,nan,8.339173280835144908e+01,1.000000000000000000e+00
1.535000000000000000e+03,7.574919590943433434e+01,3.023301866657527981e+01,-1.346378086970174840e-03,3.819210500068009395e+01,2.346353709343013128e-01,nan,2.246050245504896736e+01,1.000000000000000000e+00
1.538000000000000000e+03,9.820759931058046277e+01,2.992595645032476881e+01,-1.347626362993043815e-03,3.822639023926095092e+01,2.806472537177377991e-01,nan,2.246050245504896736e+01,1.000000000000000000e+00
1.543000000000000000e+03,1.121055766369286744e+02,4.991740678462581826e+01,-1.265213500601812448e-03,3.596283266269183798e+01,3.108727918060123496e-01,nan,2.434772803019851750e+01,1.000000000000000000e+00
1.549000000000000000e+03,5.716372703515907716e+01,3.410449390102115075e+01,-1.216052593554871287e-03,3.461257567138809321e+01,3.113105619521118195e-01,nan,inf,1.000000000000000000e+00
1.555000000000000000e+03,4.913586099369103266e+01,7.859647071355885473e+00,-1.458331317075505819e-03,4.126702043103251327e+01,1.672028595243626459e-01,nan,inf,1.000000000000000000e+00
1.561000000000000000e+03,8.808595961131247520e+01,2.997943904391942027e+01,-1.435049311462133518e-03,4.062755519860684217e+01,2.426204528025751594e-01,nan,1.158650374598383337e+01,1.000000000000000000e+00
1.571000000000000000e+03,5.847014248621988486e+01,1.522675846545183020e+01,-1.019186748668688509e-03,2.920544428643073331e+01,3.365974890778166140e-01,nan,4.605448318933494534e+01,1.000000000000000000e+00
1.571000000000000000e+03,1.177505062033824146e+02,5.089189944295076629e+01,-2.256987036348046764e-03,6.320295557484040216e+01,1.219295270701042933e-01,nan,2.358237289675085435e+01,1.000000000000000000e+00
1.577000000000000000e+03,6.745138156108961880e+01,3.279144423776617145e+01,-1.295253567965122749e-03,3.678791530280290800e+01,2.762373074959415531e-01,nan,2.990203035805970444e+01,1.000000000000000000e+00
1.587000000000000000e+03,2.636663257133038130e+01,4.744746838354261342e+01,-2.121547996891787104e-03,5.948297722402075038e+01,1.713176133202827245e-01,nan,1.610500074205453558e+01,1.000000000000000000e+00
1.597000000000000000e+03,5.850798846075459636e+01,3.821836054810019334e+01,-1.130045988518794259e-03,3.225031210213833077e+01,3.008965835764449981e-01,nan,3.117742249398104804e+01,1.000000000000000000e+00
1.602000000000000000e+03,2.876733293392421587e+01,2.886287647710691573e+01,-1.315269785725454088e-03,3.733768217233074438e+01,2.897139166298543511e-01,nan,3.117742249398104804e+01,1.000000000000000000e+00
1.609000000000000000e+03,1.178551557970596662e+02,5.107986890003658687e+01,2.539155158766786147e-03,-7.095300541942845030e+01,1.042260662177492136e-01,nan,inf,1.000000000000000000e+00
1.621000000000000000e+03,3.128430635208437494e+01,4.069702713904562330e+01,-1.111995294577020716e-03,3.175453045047980183e+01,3.416544512387783561e-01,nan,4.756153676934167152e+01,1.000000000000000000e+00
1.621000000000000000e+03,7.827999158723297057e+01,3.338229206931985260e+01,-1.301619934061573267e-03,3.696277436963671192e+01,2.752236397537191070e-01,nan,2.966344080710407027e+01,1.000000000000000000e+00
1.630000000000000000e+03,2.598461580521351522e+01,3.046325209403053336e+01,-1.310431182634942465e-03,3.720478475355714210e+01,2.793000709271150628e-01,nan,inf,1.000000000000000000e+00
1.636000000000000000e+03,4.439152575458808059e+01,5.259441439347952496e+00,-1.088455009218540536e-03,3.110797128809041112e+01,3.384259347759189795e-01,nan,2.283585609084257939e+01,1.000000000000000000e+00
1.636000000000000000e+03,7.386271652960233780e+01,9.184359803085779816e+00,-1.098189441483461183e-03,3.137533790135349321e+01,3.588222171554990014e-01,nan,2.973139872019632790e+01,1.000000000000000000e+00
1.640000000000000000e+03,2.702855369795262774e+01,2.009195723277181855e+01,-1.302860211363448964e-03,3.699683991477431277e+01,2.719963060288305146e-01,nan,2.283585609084257939e+01,1.000000000000000000e+00
1.640000000000000000e+03,1.441155487653607850e+02,2.765819919559056927e+01,-1.642105608887740181e-03,4.631457828232328922e+01,2.109683268146127499e-01,nan,1.098975796251914439e+01,1.000000000000000000e+00
1.643000000000000000e+03,1.367398802377007030e+02,1.951115716520693510e+01,-1.326434495887903473e-03,3.764433290068961213e+01,2.870053792279491089e-01,nan,1.098975796251914439e+01,1.000000000000000000e+00
1.647000000000000000e+03,1.316933907323342225e+02,7.673767262990851101e+00,-1.223469325662667655e-03,3.481628416626221423e+01,3.572109694997894769e-01,nan,1.286821106544578441e+01,1.000000000000000000e+00
1.648000000000000000e+03,1.028256788452009545e+02,3.522287356980400119e+01,-1.267130807756299340e-03,3.601549355821499176e+01,3.103790631516065712e-01,nan,3.737687906272427796e+01,1.000000000000000000e+00
1.656000000000000000e+03,7.071726101778912721e+01,1.243195227863855301e+01,-1.317196845520584182e-03,3.739061093457978302e+01,2.778834715010710665e-01,nan,inf,1.000000000000000000e+00
1.662000000000000000e+03,2.207489397288286881e+01,1.408547618629422438e+01,-1.112001093407917083e-03,3.175468972158421366e+01,2.999047793014483210e-01,nan,9.838883381623888624e+01,1.000000000000000000e+00
1.664000000000000000e+03,1.186255275756720096e+02,3.301528787630944350e+01,-4.324922665959255765e-03,1.200010235759552017e+02,5.454805240668703092e-02,nan,9.838883381623888624e+01,1.000000000000000000e+00
1.676000000000000000e+03,1.099024057990617536e+02,4.266365246000081157e+01,-1.771297583935162612e-03,4.986297431499932031e+01,1.943938331743101378e-01,nan,6.024581555308022196e+00,1.000000000000000000e+00
1.677000000000000000e+03,3.341604923252810266e+01,1.108801132430654590e+01,-1.338897764312973505e-03,3.798664992322495948e+01,3.065820120831278528e-01,nan,4.830546437285960337e+01,1.000000000000000000e+00
1.680000000000000000e+03,1.146910089023040058e+02,3.900785388292133860e+01,-1.341110802243052763e-03,3.804743338139542885e+01,2.529789651868253886e-01,nan,6.024581555308022196e+00,1.000000000000000000e+00
1.687000000000000000e+03,4.542686425109425841e+01,5.014290634839654359e+01,-1.052606093615001152e-03,3.012334240648500483e+01,3.286325118019203240e-01,nan,3.031185159255143446e+01,1.000000000000000000e+00
1.702000000000000000e+03,9.706554757159059577e+00,5.287049698170106637e+01,1.008710062743183164e-03,-2.891769088100435070e+01,3.433444476310215654e-01,nan,2.866698724208076499e+01,1.000000000000000000e+00
1.703000000000000000e+03,2.350960699284303246e+01,2.735806343474179059e+01,-1.136973027254352744e-03,3.244057064380414346e+01,3.495212397195550658e-01,nan,1.445746569055657815e+01,1.000000000000000000e+00
1.724000000000000000e+03,2.064277723045594826e+01,1.721321921169042213e+01,-1.323845073041678535e-03,3.757321162747513910e+01,2.757077903464091317e-01,nan,7.291719027052172919e+01,1.000000000000000000e+00
1.751000000000000000e+03,1.302436331310086643e+02,2.321667063784338580e+01,-1.282881976881046580e-03,3.644811629667646713e+01,3.288292264805064979e-01,nan,7.913182148826309437e+00,1.000000000000000000e+00
1.751000000000000000e+03,2.560644125826807027e+01,2.595235617886345025e+01,-1.420685121401007176e-03,4.023302732637022672e+01,2.208974989356050633e-01,nan,3.403341970027218366e+01,1.000000000000000000e+00
1.753000000000000000e+03,1.375610457650487604e+02,2.020437515703580900e+01,-1.238943761146233660e-03,3.524130611872970320e+01,2.768285402675030316e-01,nan,7.913182148826309437e+00,1.000000000000000000e+00
1.756000000000000000e+03,5.807333600393280904e+01,3.615894238918872361e+01,-1.288537428585200938e-03,3.660344933793267330e+01,3.303057187915059423e-01,nan,1.393173563634962520e+01,1.000000000000000000e+00
1.760000000000000000e+03,4.414162288411427681e+01,3.613389467052474657e+01,-1.122230312868982777e-03,3.203564619538759217e+01,3.451285273896158579e-01,nan,1.393173563634962520e+01,1.000000000000000000e+00
1.783000000000000000e+03,1.319819553007484991e+01,2.253621257541945155e+01,-1.222339145212300755e-03,3.478524254912757385e+01,2.471951858286152159e-01,nan,1.095962052933066033e+01,1.000000000000000000e+00
1.785000000000000000e+03,8.569184459847093649e+01,3.426490586816092332e+01,-1.299576823119556008e-03,3.690665813828170627e+01,2.995559586263606411e-01,nan,1.077928723226280283e+01,1.000000000000000000e+00
1.786000000000000000e+03,9.339994618707667939e+01,4.180003713014684052e+01,-1.186247245779278522e-03,3.379393985627170593e+01,3.348722852126516658e-01,nan,1.077928723226280283e+01,1.000000000000000000e+00
1.796000000000000000e+03,3.229196819572152322e+01,3.882136747879842886e+01,-2.039266369171495539e-03,5.722302414831588635e+01,1.590351418270570250e-01,nan,2.569679856253186045e+01,1.000000000000000000e+00
1.803000000000000000e+03,1.108425989445434681e+02,3.721388163876103761e+01,-1.201079502386492512e-03,3.420132367776179194e+01,3.157888394003798282e-01,nan,2.316687243225361925e+01,1.000000000000000000e+00
1.807000000000000000e+03,1.338765354030513208e+02,3.969213697623848702e+01,-1.230226446105650530e-03,3.500187571994342051e+01,2.684808297214485995e-01,nan,2.316687243225361925e+01,1.000000000000000000e+00
1.810000000000000000e+03,2.173570023354234237e+01,2.962507960083898695e+01,-1.236201757981534449e-03,3.516599406356813518e+01,2.599833293634898901e-01,nan,3.605894209868705502e+01,1.000000000000000000e+00
1.817000000000000000e+03,1.953614388629920029e+01,1.301425250682951784e+01,-1.147383852894514646e-03,3.272651512591978928e+01,3.693220811115170976e-01,nan,4.232957824445203698e+01,1.000000000000000000e+00
1.817000000000000000e+03,8.028091490003227193e+01,1.388245411125878981e+01,-1.056127430821235478e-03,3.022005970620683257e+01,3.311813396073506333e-01,nan,1.290169806544954056e+01,1.000000000000000000e+00
1.821000000000000000e+03,7.092319140327437310e+01,2.276427959537237555e+01,-1.214653211323405823e-03,3.457414013886754134e+01,3.286219083716070966e-01,nan,1.290169806544954056e+01,1.000000000000000000e+00
1.828000000000000000e+03,9.780855443662949256e+01,2.187853801524863329e+01,-1.321438187521604231e-03,3.750710393752456895e+01,2.811839187999891632e-01,nan,2.767678882787742722e+01,1.000000000000000000e+00
1.831000000000000000e+03,1.206749655211286409e+02,3.747122488883187685e+01,-1.433505650777660125e-03,4.058515690377024043e+01,2.331428052415995822e-01,nan,2.767678882787742722e+01,1.000000000000000000e+00
1.861000000000000000e+03,8.528192694207054103e+01,4.870137167278432599e+01,-1.273760934579521494e-03,3.619759709604716136e+01,2.704566310183857958e-01,nan,3.599835449293882306e+01,1.000000000000000000e+00
1.866000000000000000e+03,8.962014681370115454e+01,1.296537617042455359e+01,-1.183936848569573782e-03,3.373048232115922929e+01,3.651081594944907138e-01,nan,2.294310028384087019e+01,1.000000000000000000e+00
1.874000000000000000e+03,9.685243640692556610e+00,1.684965560752295133e+01,-1.288681679404247342e-03,3.660741134125235874e+01,2.962133706093269536e-01,nan,3.127550300709615883e+01,1.000000000000000000e+00
1.883000000000000000e+03,4.169735055685380587e+01,2.784354885524178869e+01,-1.484563070945355435e-03,4.198750366017844726e+01,2.395877977540975534e-01,nan,1.425850281566509636e+01,1.000000000000000000e+00
1.884000000000000000e+03,6.987411496657922783e+01,1.383410050795978385e+01,-1.088022048049870627e-03,3.109607954564551591e+01,3.726848763844735624e-01,nan,3.146735920912862028e+01,1.000000000000000000e+00
1.886000000000000000e+03,2.767851627776930457e+01,3.044685214143316188e+01,-9.023248996924476337e-04,2.599570837886940566e+01,3.370533748629246373e-01,nan,1.425850281566509636e+01,1.000000000000000000e+00
1.901000000000000000e+03,5.888124713847091130e+00,4.116438938693072203e+01,-1.333596388814144553e-03,3.784104196436478418e+01,2.650938820923196548e-01,nan,inf,1.000000000000000000e+00
1.908000000000000000e+03,5.038657416244661391e+01,3.122006798943568739e+01,-1.199769350635709756e-03,3.416533895600972670e+01,3.347008647480522736e-01,nan,2.466973880082448645e+01,1.000000000000000000e+00
1.909000000000000000e+03,3.308793439391497060e+01,4.880850381128978910e+01,-2.108185680216664512e-03,5.911596687790628835e+01,1.440244068964275925e-01,nan,2.466973880082448645e+01,1.000000000000000000e+00
1.912000000000000000e+03,6.486181489624200047e+00,4.012569890591094435e+01,-2.010169934245320880e-03,5.642385938425715608e+01,1.819767193038739350e-01,nan,2.798292977166282114e+01,1.000000000000000000e+00
1.920000000000000000e+03,5.892866293802685895e+00,5.167035248525365887e+01,-1.204458704139377495e-03,3.429413707494956043e+01,3.373844106768565387e-01,nan,8.476637796959492732e+01,1.000000000000000000e+00
1.923000000000000000e+03,8.838631108316468499e+01,2.012246032752661407e+01,-1.127839091214116176e-03,3.218969730282460517e+01,3.034871694443144197e-01,nan,5.564511384832945851e+01,1.000000000000000000e+00
1.933000000000000000e+03,1.184104947361476690e+02,2.228403236393317144e+01,-1.341415094504317665e-03,3.805579109442094676e+01,2.626207079587010718e-01,nan,1.254636210382965977e+01,1.000000000000000000e+00
1.936000000000000000e+03,8.213217924540278148e+01,2.050381378512948061e+01,-8.925356226729435532e-04,2.572683539565180055e+01,3.573431236543495038e-01,nan,2.908233324566116806e+01,1.000000000000000000e+00
1.937000000000000000e+03,1.101796810032274436e+02,1.281487678730518986e+01,-1.134647880715153280e-03,3.237670800255218495e+01,2.876191741757886389e-01,nan,1.254636210382965977e+01,1.000000000000000000e+00
1.951000000000000000e+03,4.655225946316768670e+01,3.936473508330061577e+01,-9.396877831997094361e-04,2.702192001127024668e+01,3.741923198932811667e-01,nan,inf,1.000000000000000000e+00
1.957000000000000000e+03,3.402750370906198185e+01,2.465074098320488005e+01,-1.400793705692564284e-03,3.968668827893140616e+01,2.041397401811896328e-01,nan,5.900570575207798640e+01,1.000000000000000000e+00
1.966000000000000000e+03,8.755956472600530560e+01,3.886262622705037728e+01,-1.258426556399418932e-03,3.577642196750023373e+01,3.005019809435134359e-01,nan,1.144955036926265457e+01,1.000000000000000000e+00
1.967000000000000000e+03,7.185561289898997472e+01,2.175573013722029359e+01,-1.176282774048991852e-03,3.352025496258939086e+01,3.439780549298884216e-01,nan,2.322197228517556411e+01,1.000000000000000000e+00
1.978000000000000000e+03,4.533211672353240118e+01,1.502238764040511043e+01,-1.232747211745408500e-03,3.507111124941140901e+01,3.235978662718206333e-01,nan,1.925914454453191738e+01,1.000000000000000000e+00
1.998000000000000000e+03,5.508718927364239448e+01,3.129782156928139258e+01,-1.135949648839871835e-03,3.241246245903077039e+01,3.298002074306767284e-01,nan,2.919983019867743579e+01,1.000000000000000000e+00
2.003000000000000000e+03,8.406324262479304821e+01,2.768971738247280712e+01,-1.115911566191404554e-03,3.186209504692056882e+01,3.199479022455098409e-01,nan,2.919983019867743579e+01,1.000000000000000000e+00
2.005000000000000000e+03,1.713618702219151047e+01,4.748639523230639270e+01,-1.038338175025008570e-03,2.973145873336451928e+01,3.550390898966814257e-01,nan,1.331062007299279770e+01,1.000000000000000000e+00
2.005000000000000000e+03,2.989830597656352751e+01,4.370473864794851693e+01,-1.089766105750782739e-03,3.114398195927765656e+01,3.412441811828027527e-01,nan,1.331062007299279770e+01,1.000000000000000000e+00
2.011000000000000000e+03,1.167084584075397800e+02,1.964970172876010679e+01,-1.129931059400030718e-03,3.224715545073711098e+01,3.609260476756419589e-01,nan,2.907646051999696724e+01,1.000000000000000000e+00
2.012000000000000000e+03,2.788079896107718980e+01,1.849643174340363316e+01,-1.268122677946592093e-03,3.604273633584783454e+01,2.829430947953747166e-01,nan,3.339202166409500450e+01,1.000000000000000000e+00
2.017000000000000000e+03,4.747883996812625895e+01,4.553240591674188664e+01,-1.283536677583016006e-03,3.646609835301244118e+01,3.265381728327939603e-01,nan,3.339202166409500450e+01,1.000000000000000000e+00
2.020000000000000000e+03,1.324172644160885852e+02,4.781082101094203551e+01,-1.305030341855134036e-03,3.705644487417104216e+01,2.614532477087725404e-01,nan,3.580415280919336141e+01,1.000000000000000000e+00
2.048000000000000000e+03,3.199542389210258619e+01,2.401627073528533174e+01,-1.488645141836632312e-03,4.209962211142429567e+01,2.051196917560951238e-01,nan,1.130808751400393675e+01,1.000000000000000000e+00
2.053000000000000000e+03,2.391368290613499781e+01,3.192565161245286021e+01,-1.029667313419618336e-03,2.949330422795382489e+01,3.599904665520533564e-01,nan,1.130808751400393675e+01,1.000000000000000000e+00
2.054000000000000000e+03,1.386187016175528868e+02,3.241533106480213178e+01,-1.149486449043834362e-03,3.278426518223580644e+01,2.830375480752009842e-01,nan,9.806012838875177806e+01,1.000000000000000000e+00
2.059000000000000000e+03,4.197461413524096230e+01,1.581083967452702765e+01,-1.219674239381767248e-03,3.471204805486390654e+01,3.477779843240875746e-01,nan,3.576361187286381238e+01,1.000000000000000000e+00
2.066000000000000000e+03,1.109679930699600447e+02,3.911990881879255966e+01,-1.437197599923076361e-03,4.068656024322400810e+01,3.005918193804990590e-01,nan,5.266234166302271547e+01,1.000000000000000000e+00
2.069000000000000000e+03,6.810755294379856650e+01,8.520809132287638477e+00,-2.930226886560138855e-03,8.169420948325920051e+01,7.968550546283725833e-02,nan,5.266234166302271547e+01,1.000000000000000000e+00
2.082000000000000000e+03,2.425915562040867002e+01,4.961633433350028355e+01,-1.053215616202535752e-03,3.014008359749660215e+01,3.362494678930566527e-01,nan,2.696771125075385811e+01,1.000000000000000000e+00
2.117000000000000000e+03,3.706015989431418944e+01,2.571578339198365981e+01,-1.420853500695412348e-03,4.023765204412094221e+01,2.218843444917616425e-01,nan,4.778003236603824888e+01,1.000000000000000000e+00
2.129000000000000000e+03,4.648433294519688985e+01,5.249294974074153686e+01,-1.371576804081552645e-03,3.888421476828537493e+01,2.899659866084117743e-01,nan,2.868617509618848871e+01,1.000000000000000000e+00
2.140000000000000000e+03,9.027744860106693636e+01,1.215223841835940277e+01,-9.903160823181399175e-04,2.841248049822797839e+01,3.676952893020717372e-01,nan,3.161844993516901781e+01,1.000000000000000000e+00
2.142000000000000000e+03,5.955290374340038539e+01,4.687071334360172870e+00,-1.116903638028432857e-03,3.188934336299707795e+01,3.486262654063179145e-01,nan,3.161844993516901781e+01,1.000000000000000000e+00
2.146000000000000000e+03,1.367764478330856264e+02,1.649264999457100700e+01,-1.407114391145587815e-03,3.986029267794356912e+01,3.020861842794450025e-01,nan,7.812072355831061543e+01,1.000000000000000000e+00
2.157000000000000000e+03,1.002294965119329184e+01,3.123625129716362991e+01,-1.194449185174594179e-03,3.401921491070061876e+01,3.629360052026275874e-01,nan,1.040903191606217462e+02,1.000000000000000000e+00
2.162000000000000000e+03,1.367185974160180422e+02,1.211843412225154459e+01,1.290666215228667996e-03,-3.666191874423534358e+01,2.808822559416787046e-01,nan,4.708197602879761945e+01,1.000000000000000000e+00
2.163000000000000000e+03,1.014014460558297372e+02,4.325380446817521118e+01,-1.343852837665044514e-03,3.812274632253810580e+01,3.081953695105004165e-01,nan,3.946350847846721166e+01,1.000000000000000000e+00
2.170000000000000000e+03,1.058446088337257436e+02,5.080289222868323407e+01,-1.430350500373633958e-03,4.049849731696514965e+01,2.593063638259593962e-01,nan,3.443937374248289984e+01,1.000000000000000000e+00
2.187000000000000000e+03,7.951886925897306924e+01,3.106859769019535022e+01,-1.287452891425144548e-03,3.657366136267631163e+01,2.537111819207744645e-01,nan,inf,1.000000000000000000e+00
2.206000000000000000e+03,7.380874019082219206e+01,2.313464994245662965e+01,-1.129303143232222644e-03,3.222990906033333403e+01,3.158736030811498674e-01,nan,1.829248146442727574e+01,1.000000000000000000e+00
2.213000000000000000e+03,1.255547922095137778e+02,2.921647250313674604e+01,-1.404593585831145301e-03,3.979105605876785745e+01,2.489646172791790679e-01,nan,3.031508713236754460e+01,1.000000000000000000e+00
2.216000000000000000e+03,5.568074186542792603e+01,3.688874197367223928e+01,-1.347476858095916167e-03,3.822228392705666522e+01,2.819984844686299619e-01,nan,7.029400138216884386e+01,1.000000000000000000e+00
2.224000000000000000e+03,2.289169163124953599e+01,2.132525971199320480e+01,-1.071214185226880729e-03,3.063443358244255421e+01,2.975020490889362934e-01,nan,1.569606499441415615e+01,1.000000000000000000e+00
2.227000000000000000e+03,1.294807431356464349e+02,1.765324430615920193e+01,-1.462580811700285111e-03,4.138373735452493207e+01,2.530387527376819490e-01,nan,1.799127282966251684e+01,1.000000000000000000e+00
2.227000000000000000e+03,3.846946373259758900e+01,1.940185838430942766e+01,-1.078073310902889510e-03,3.082282681915436839e+01,3.414123158879976971e-01,nan,1.569606499441415615e+01,1.000000000000000000e+00
2.228000000000000000e+03,9.319584684078769499e+01,2.877201051860211223e+01,-1.590062887799980175e-03,4.488516918032847514e+01,3.372516823517499596e-01,nan,6.506441868179638099e+00,1.000000000000000000e+00
2.228000000000000000e+03,1.214799657362861751e+02,3.376763101609137863e+01,-2.245032796779729539e-03,6.287461957531485268e+01,1.235335626402508380e-01,nan,1.740789587011956741e+01,1.000000000000000000e+00
2.228000000000000000e+03,8.883748429483023301e+01,3.360300024142249242e+01,-1.361823774116018970e-03,3.861633734924625116e+01,3.579246900831126732e-01,nan,6.506441868179638099e+00,1.000000000000000000e+00
2.233000000000000000e+03,1.076151393374200893e+02,2.324140531291400436e+01,-1.150616176555903066e-03,3.281529435893472879e+01,3.007692365611476237e-01,nan,8.715338676135418794e+00,1.000000000000000000e+00
2.235000000000000000e+03,1.039865174098152778e+02,3.116543403233744058e+01,-1.125867215997670067e-03,3.213553763700634391e+01,3.481393489903018557e-01,nan,8.715338676135418794e+00,1.000000000000000000e+00
2.252000000000000000e+03,7.667227040897878965e+01,2.654362582432483819e+01,-1.283474516738875590e-03,3.646439103881854749e+01,2.895415719510123775e-01,nan,1.067059478377090009e+01,1.000000000000000000e+00
2.255000000000000000e+03,6.881956339744624529e+01,3.376834627777259357e+01,-2.380036900731197398e-03,6.658265195643238599e+01,1.169680772883799902e-01,nan,1.067059478377090009e+01,1.000000000000000000e+00
2.255000000000000000e+03,1.007673184591559163e+02,4.490901649710802701e+01,-1.168282587698101860e-03,3.330052127171774856e+01,2.932067617513081093e-01,nan,3.029618647790999475e+01,1.000000000000000000e+00
2.264000000000000000e+03,6.065396930500612171e+01,2.124645983760932211e+01,-1.049916851997616902e-03,3.004947950375802890e+01,3.005342344913335406e-01,nan,2.296437492575508799e+01,1.000000000000000000e+00
2.273000000000000000e+03,1.214892812704412819e+02,1.190764041354137071e+01,-2.009865980932835829e-03,5.641551098082308613e+01,1.491922409453186882e-01,nan,6.614653072395346101e+01,1.000000000000000000e+00
2.279000000000000000e+03,6.250108360551283937e+00,2.941517748471781601e+01,-1.239254353906969666e-03,3.524983688172461171e+01,2.971665341828058082e-01,nan,1.050362692789595087e+02,1.000000000000000000e+00
2.279000000000000000e+03,1.104604363596886714e+02,1.626886992881852123e+01,-1.142045483017717356e-03,3.257989107682671204e+01,2.903604460012192412e-01,nan,1.078715967168322720e+01,1.000000000000000000e+00
2.287000000000000000e+03,1.171524549975346297e+01,9.217944923401496737e+00,-1.424534110955596794e-03,4.033874394894143478e+01,2.298538571768968808e-01,nan,4.363885847402107032e+01,1.000000000000000000e+00
2.289000000000000000e+03,4.837009623176392381e+01,3.289856752352906710e+01,-1.096655220087366933e-03,3.133319886668706644e+01,3.509967343675628459e-01,nan,1.361848409279073380e+01,1.000000000000000000e+00
2.290000000000000000e+03,6.731769743398534445e+01,1.495818754015630958e+01,-1.019812053920831274e-03,2.922261896523799152e+01,3.361505237987409966e-01,nan,1.989367521405665329e+01,1.000000000000000000e+00
2.299000000000000000e+03,1.355686708118095964e+02,4.961947072571859962e+01,-1.176612156597598010e-03,3.352930180724268894e+01,2.980039343171424493e-01,nan,3.736037897348253978e+01,1.000000000000000000e+00
2.300000000000000000e+03,1.287746340288528870e+02,1.288203775559849795e+01,-1.334382457684668219e-03,3.786263218822004006e+01,2.657575420679736400e-01,nan,3.736037897348253978e+01,1.000000000000000000e+00
2.323000000000000000e+03,4.206797648394581302e+01,2.505310340776808076e+01,-1.145914121554797308e-03,3.268614737975724438e+01,3.266462923087075643e-01,nan,2.812955012057629389e+01,1.000000000000000000e+00
2.324000000000000000e+03,7.693471165962988323e+01,1.308407796922910471e+01,-1.187772696429137149e-03,3.383583799299432116e+01,2.841568750103113938e-01,nan,3.236679376444268996e+01,1.000000000000000000e+00
2.327000000000000000e+03,6.394832716456283350e+01,4.273139077049742696e+01,-1.090893021820264677e-03,3.117493391669328417e+01,3.452373834246841300e-01,nan,2.812955012057629389e+01,1.000000000000000000e+00
2.329000000000000000e+03,1.065526545722372873e+02,3.502651934267424849e+01,-1.132413022585240835e-03,3.231532522921147432e+01,2.904164157260710200e-01,nan,3.686045680402710900e+01,1.000000000000000000e+00
2.333000000000000000e+03,7.454107998636619925e+01,1.190243146191903278e+01,-1.123304205620345069e-03,3.206514181055296575e+01,3.016830353153349131e-01,nan,3.949005378299298030e+01,1.000000000000000000e+00
2.346000000000000000e+03,1.129975168362364570e+02,1.248336974556283430e+01,-1.207209590445164002e-03,3.436969311509998448e+01,2.766031052332866835e-01,nan,1.624061599689207824e+01,1.000000000000000000e+00
2.346000000000000000e+03,1.284949332985069077e+02,1.734008581235691437e+01,-1.269370028342563890e-03,3.607699615109408597e+01,2.730690093415153452e-01,nan,1.524901798722660651e+01,1.000000000000000000e+00
2.347000000000000000e+03,8.737499887667385678e+01,5.109646652677049872e+01,-1.223812467518146712e-03,3.482570892502280913e+01,3.283437509817910271e-01,nan,3.822990176997755185e+01,1.000000000000000000e+00
2.354000000000000000e+03,6.523120361100080800e+01,1.494831077801623032e+01,-1.196127973708950012e-03,3.406532463673293165e+01,2.945056481020372763e-01,nan,8.963290346364260586e+00,1.000000000000000000e+00
2.354000000000000000e+03,7.282067005918219138e+01,1.017960310557961812e+01,-1.136915380147506200e-03,3.243898730424180599e+01,3.431235854150347375e-01,nan,8.963290346364260586e+00,1.000000000000000000e+00
2.366000000000000000e+03,8.013093705375541731e+01,1.621535851391612226e+01,-1.171877196880342529e-03,3.339925106477650729e+01,3.003335313642978566e-01,nan,3.723690376155649062e+01,1.000000000000000000e+00
2.373000000000000000e+03,1.373711118986429653e+02,4.240755167027523953e+01,-1.193395340175581370e-03,3.399026992853605833e+01,3.152782229407371517e-01,nan,2.734587632004564739e+01,1.000000000000000000e+00
2.374000000000000000e+03,7.766736108836346375e+01,5.210582030370904505e+01,-1.218216266751396626e-03,3.467200327425382511e+01,2.895587117585934900e-01,nan,3.567856882682782071e+01,1.000000000000000000e+00
2.382000000000000000e+03,8.582563630254689713e+01,2.743706322990992774e+01,-1.235024447210929244e-03,3.513365796168480415e+01,3.163445459780287461e-01,nan,2.454431644531007350e+01,1.000000000000000000e+00
2.386000000000000000e+03,6.690753572996915466e+01,1.179964207124849551e+01,-1.245605661092515038e-03,3.542428233943375915e+01,2.859428629608317118e-01,nan,2.454431644531007350e+01,1.000000000000000000e+00
2.390000000000000000e+03,5.540464848614036697e+01,3.990403985270847187e+01,-1.230901299092163753e-03,3.502041128036893269e+01,2.622806947613284256e-01,nan,3.036731120140160556e+01,1.000000000000000000e+00
2.392000000000000000e+03,1.018283940711783941e+02,2.011780481684520083e+01,-1.240792079876284083e-03,3.529207217324992030e+01,3.398670432135646458e-01,nan,2.811292878167006393e+01,1.000000000000000000e+00
2.393000000000000000e+03,1.252644532006373623e+02,5.075897110063473860e+01,-1.244316062391700615e-03,3.538886212922306385e+01,2.813019627987995985e-01,nan,2.801232464016394985e+01,1.000000000000000000e+00
2.411000000000000000e+03,9.617289686349316469e+01,4.787837702814026386e+01,-1.183196060765492321e-03,3.371013579031555452e+01,3.155151451613481539e-01,nan,6.691264831218248332e+01,1.000000000000000000e+00
2.414000000000000000e+03,3.006844907634646447e+01,3.750993997590269657e+01,-1.422169613456703442e-03,4.027380049141424934e+01,2.277751112418640034e-01,nan,1.100912718122421374e+01,1.000000000000000000e+00
2.423000000000000000e+03,3.446864261100811433e+01,4.415300684236635220e+01,9.877505136743356187e-04,-2.834201440624438817e+01,3.691533783205955821e-01,nan,4.955519999348774007e+01,1.000000000000000000e+00
2.424000000000000000e+03,7.576891658223377135e+01,1.676678373116921961e+01,-1.026334396640421736e-03,2.940176209716590705e+01,3.726888705014396175e-01,nan,4.955519999348774007e+01,1.000000000000000000e+00
2.433000000000000000e+03,2.043477115218268025e+01,3.900584509577078052e+01,-1.142047138362386419e-03,3.257993654264186745e+01,3.557030549766523331e-01,nan,inf,1.000000000000000000e+00
2.449000000000000000e+03,1.329312001857855421e+02,4.496403227011364834e+01,-1.269587050753218658e-03,3.608295690415701529e+01,2.988839485299416010e-01,nan,3.415831486827514141e+01,1.000000000000000000e+00
2.450000000000000000e+03,9.950880521185499106e+01,3.791179937217216889e+01,1.131920596340910481e-03,-3.230180021474268415e+01,3.379865876644934097e-01,nan,2.003036758045334054e+01,1.000000000000000000e+00
2.452000000000000000e+03,1.216459534259091768e+01,1.755958806321865140e+01,-1.298524852945584724e-03,3.687776465019591399e+01,2.907667851678724658e-01,nan,8.968402033166412934e+01,1.000000000000000000e+00
2.461000000000000000e+03,6.858583158794222356e+01,2.927453986901384297e+01,-1.166793535489129771e-03,3.325962285717749722e+01,2.954038734150942203e-01,nan,1.394021541800381314e+01,1.000000000000000000e+00
2.463000000000000000e+03,8.252602064463283682e+01,2.924742964816459789e+01,-1.744178477422233132e-03,4.911811899465241282e+01,1.928465244547622470e-01,nan,1.394021541800381314e+01,1.000000000000000000e+00
2.489000000000000000e+03,1.896307828165661036e+01,1.241091363351157462e+01,-1.453229014596680961e-03,4.112688022598703697e+01,2.853597130511458246e-01,nan,2.330704053475228577e+01,1.000000000000000000e+00
2.490000000000000000e+03,9.379507634497082336e+01,3.849808269754703360e+01,-1.033044110972970503e-03,2.958605159122516071e+01,3.321352210470922550e-01,nan,1.564413638754834501e+01,1.000000000000000000e+00
2.504000000000000000e+03,6.731373958887533604e+01,3.852690725958881757e+01,-1.056070097874202548e-03,3.021848499538041466e+01,3.596970918545849827e-01,nan,5.008444087650810417e+01,1.000000000000000000e+00
2.506000000000000000e+03,1.240449135758640153e+02,1.723067834271466481e+01,-1.291647307933187780e-03,3.668886550667262014e+01,3.363432829405695879e-01,nan,1.363411181534430661e+01,1.000000000000000000e+00
2.516000000000000000e+03,5.511095762213480498e+01,2.766562542660465596e+01,-1.140921750036762768e-03,3.254902654634838655e+01,3.713939917127853096e-01,nan,2.714476878476534694e+01,1.000000000000000000e+00
2.521000000000000000e+03,1.360142657921621492e+02,1.949924322821695455e+01,-1.144335226908361905e-03,3.264278134639976514e+01,3.157512105761739463e-01,nan,2.531194660162516286e+01,1.000000000000000000e+00
2.530000000000000000e+03,3.202249612198109219e+01,1.271507746135677230e+01,1.604959037094815487e-03,-4.529430788294944676e+01,2.372165072891536663e-01,nan,2.102133942183622040e+01,1.000000000000000000e+00
2.537000000000000000e+03,2.540423440715455783e+01,4.003275621517111915e+01,-1.161116185382924954e-03,3.310368835284334210e+01,3.380900192498835777e-01,nan,inf,1.000000000000000000e+00
2.544000000000000000e+03,5.718686744148759971e+01,4.281734492454478413e+01,-1.514481674173398127e-03,4.280925015765730279e+01,2.475404992500849222e-01,nan,inf,1.000000000000000000e+00
2.563000000000000000e+03,2.725085713302330248e+01,3.475295413137455114e+01,-1.441744781912816841e-03,4.081145346918737005e+01,2.816495512225798414e-01,nan,7.767269756491525357e+01,1.000000000000000000e+00
2.565000000000000000e+03,1.020837498766330214e+02,1.394223308105540227e+01,-1.222961814530631802e-03,3.480234482918811523e+01,2.847650968122251713e-01,nan,5.147677432219982308e+00,1.000000000000000000e+00
2.577000000000000000e+03,8.712948707977871265e+01,4.406212812759292063e+01,-1.310310032422848988e-03,3.720145723316129249e+01,3.008206661508565638e-01,nan,2.798263058620604227e+01,1.000000000000000000e+00
2.578000000000000000e+03,1.151082167062518380e+02,4.359489904803023563e+01,-1.385596663357580678e-03,3.926928522653538067e+01,2.628178655334477698e-01,nan,2.798263058620604227e+01,1.000000000000000000e+00
2.584000000000000000e+03,8.729819690174417701e+01,1.804884401962081952e+01,-1.290973805231262692e-03,3.667036703326024139e+01,3.279168851948065511e-01,nan,1.529570390481120512e+01,1.000000000000000000e+00
2.584000000000000000e+03,2.610239872014172491e+01,2.224090858792326131e+01,-1.314315879798965596e-03,3.731148212388458063e+01,2.776628329882091517e-01,nan,1.994029127181621774e+01,1.000000000000000000e+00
2.588000000000000000e+03,1.381305197632748900e+02,4.162620865024500461e+01,-1.346423793218142449e-03,3.819336037175788334e+01,2.803138084498613125e-01,nan,4.509408342341740195e+01,1.000000000000000000e+00
2.596000000000000000e+03,4.561472951048946811e+01,1.129606430181451948e+01,-1.195014700909132919e-03,3.403474740633834728e+01,3.042825756941581750e-01,nan,7.310810573258125444e+00,1.000000000000000000e+00
2.599000000000000000e+03,5.968315601591651642e+01,3.687658987943046185e+01,-1.251419389839806846e-03,3.558396262928436471e+01,3.359001883301209190e-01,nan,2.655428578499477865e+01,1.000000000000000000e+00
2.606000000000000000e+03,1.428918194623011573e+02,5.100196669658654969e+01,-1.467177704855826331e-03,4.150999595092591221e+01,2.800134323035528006e-01,nan,inf,1.000000000000000000e+00
2.612000000000000000e+03,1.175628535871615554e+02,1.310857038014626497e+01,-1.447589770741538294e-03,4.097199235067174783e+01,2.471076770609473838e-01,nan,5.198752727300421839e+01,1.000000000000000000e+00
2.616000000000000000e+03,6.558976949984084115e+01,1.433393661668436714e+01,-1.534367826322954311e-03,4.335544463581103969e+01,2.803690640736744566e-01,nan,5.198752727300421839e+01,1.000000000000000000e+00
2.625000000000000000e+03,1.989510583933363463e+01,2.304248641550426413e+01,-1.595921940571317591e-03,4.504609434306727422e+01,2.217694614822397492e-01,nan,1.311657264236292164e+01,1.000000000000000000e+00
2.630000000000000000e+03,2.580523051252873401e+01,1.133287906813031576e+01,-1.395527974965831731e-03,3.954205934193265648e+01,2.532690888273646523e-01,nan,1.311657264236292164e+01,1.000000000000000000e+00
2.638000000000000000e+03,1.098452744218981536e+02,9.489188857182760728e+00,-1.333616988666881577e-03,3.784160776139435001e+01,2.823730474661599876e-01,nan,3.087195989263693718e+01,1.000000000000000000e+00
2.666000000000000000e+03,5.516918118942355420e+01,4.698436026075207650e+01,-1.391240864461059995e-03,3.942430925798826280e+01,2.504148988056803526e-01,nan,inf,1.000000000000000000e+00
2.691000000000000000e+03,1.284618856256403490e+02,1.458525055173041451e+01,-1.155741412049251984e-03,3.295606444379838962e+01,2.637948769539810723e-01,nan,3.906259947363800222e+01,1.000000000000000000e+00
2.694000000000000000e+03,9.693817242334718287e+01,3.765345775509651816e+01,-1.198359167908200767e-03,3.412660677629187234e+01,3.309143755093624240e-01,nan,3.906259947363800222e+01,1.000000000000000000e+00
2.716000000000000000e+03,6.456653774928695100e+01,4.489495153789971482e+01,-1.454860677243752058e-03,4.117169558902647708e+01,2.549134016097676092e-01,nan,4.617380718172071141e+01,1.000000000000000000e+00
2.722000000000000000e+03,6.437827779214289592e+01,4.523458496069990531e+01,1.545285146077802390e-03,-4.365530052152946894e+01,2.306028757424579689e-01,nan,inf,1.000000000000000000e+00
2.731000000000000000e+03,2.139740296779579509e+01,2.585735758221345293e+01,-1.148257436593025588e-03,3.275050903830381088e+01,3.405875607654423876e-01,nan,9.602046326449493563e+01,1.000000000000000000e+00
2.739000000000000000e+03,4.326761984682644879e+01,1.877362734119828147e+01,-1.291365977045259199e-03,3.668113845237046178e+01,2.936692339483143455e-01,nan,inf,1.000000000000000000e+00
2.767000000000000000e+03,1.181703695825372762e+02,2.381970068171122890e+01,-1.492328141638746535e-03,4.220077964757444278e+01,2.747927418922340159e-01,nan,2.811322878925664170e+01,1.000000000000000000e+00
2.791000000000000000e+03,1.544502508303745536e+01,4.094237159556757177e+01,-1.145062543090193336e-03,3.266275786470258424e+01,2.873533301611624902e-01,nan,7.256034727938339302e+01,1.000000000000000000e+00
2.792000000000000000e+03,1.424339292920874698e+02,2.230377724846866272e+01,9.379865940192256548e-04,-2.697519502748821907e+01,3.736360125652161690e-01,nan,5.589461919057732331e+01,1.000000000000000000e+00
2.802000000000000000e+03,1.277013758313161702e+02,4.951000632255856004e+01,-1.012209529310892017e-03,2.901380748020319800e+01,3.426249879262133202e-01,nan,1.850123261725002877e+01,1.000000000000000000e+00
2.807000000000000000e+03,1.176888649333694872e+02,3.395220333254434308e+01,-1.260607925660014528e-03,3.583633561172818816e+01,3.310160086716065209e-01,nan,1.847845912302122073e+01,1.000000000000000000e+00
2.812000000000000000e+03,1.279171423812736634e+02,1.856273316590569422e+01,-1.118638896257722693e-03,3.193700408971188054e+01,3.306675352405723523e-01,nan,1.322923143681990510e+01,1.000000000000000000e+00
2.832000000000000000e+03,5.375654172725935354e+01,1.483489996256967025e+01,-1.200731060187311535e-03,3.419175333938174077e+01,2.713330974651345651e-01,nan,5.434103137181486431e+01,1.000000000000000000e+00
2.834000000000000000e+03,9.223058277286726536e+01,5.321061958023215510e+01,-1.230130675166032743e-03,3.499924526846173478e+01,3.426246172394297185e-01,nan,5.434103137181486431e+01,1.000000000000000000e+00
2.842000000000000000e+03,1.361024784043479201e+02,1.900328745515296802e+01,-1.538940843953006147e-03,4.348104746532020215e+01,2.238999159263569405e-01,nan,5.332871606227515571e+01,1.000000000000000000e+00

# Refeyn DiscoverMP; 2024.2.0; Refeyn Ltd; www.refeyn.com; email: support@refeyn.com
# Time created: 2025-04-29 17:13:17
# Time changed: 2025-04-29 19:13:01
# Version commit: 7e7eb900161f3a98afcd7f42c06596f8b321b884
