frame_indices,x_coords,y_coords,contrasts,calibrated_values,fit_errors,diffblur_errors,neareast_neighbour_distances,selections
5.000000000000000000e+00,3.814463842868587307e+01,4.836063891382599422e+01,-2.037172009145150203e-03,5.716550030594292764e+01,1.835082283446909379e-01,nan,2.707217821046893746e+01,1.000000000000000000e+00
7.000000000000000000e+00,6.164184082926757924e+01,3.491503322254207831e+01,-1.218372648276129944e-03,3.467629846040407671e+01,3.539726776634440908e-01,nan,1.348845218351583419e+01,1.000000000000000000e+00
8.000000000000000000e+00,7.262793467452739549e+01,2.708917324870294152e+01,-1.672812975760296431e-03,4.715798901851266578e+01,2.067717333023763038e-01,nan,1.348845218351583419e+01,1.000000000000000000e+00
9.000000000000000000e+00,5.206786645388447710e+01,2.164005032923436644e+01,-1.252415043698886952e-03,3.561130932943490990e+01,2.639414085563194234e-01,nan,1.636722811468407102e+01,1.000000000000000000e+00
9.000000000000000000e+00,1.306966503163525317e+02,4.611163293574356459e+01,-1.665186787329799804e-03,4.694852758128886450e+01,2.589624497366894706e-01,nan,7.868601510922021980e+00,1.000000000000000000e+00
1.300000000000000000e+01,8.975841228094358826e+01,1.663087810553876977e+01,-1.440529061805621023e-03,4.077806241371636276e+01,2.677412831939930404e-01,nan,1.892464619176938001e+01,1.000000000000000000e+00
1.500000000000000000e+01,6.592626736064265458e+01,1.392826680616980539e+01,-1.221277150968078313e-03,3.475607373921085497e+01,2.830440982309807563e-01,nan,2.398489606685220465e+01,1.000000000000000000e+00
1.500000000000000000e+01,2.457950769183906559e+01,2.533627317967649972e+01,-1.377590905400640896e-03,3.904939850553322600e+01,2.977499088823541973e-01,nan,1.177837463289781184e+01,1.000000000000000000e+00
1.800000000000000000e+01,9.865222859371735709e+00,4.174982418211576629e+01,-1.496997783737127625e-03,4.232903637164596944e+01,2.133903576461372298e-01,nan,2.204347601084396047e+01,1.000000000000000000e+00
1.800000000000000000e+01,1.220322666574932811e+02,4.316949318707651173e+01,-1.273168414935729308e-03,3.618132290910526194e+01,3.692227473648780345e-01,nan,2.484030122653495098e+01,1.000000000000000000e+00
2.000000000000000000e+01,4.344437511447070932e+01,2.571583694818826515e+01,-1.652689060253139655e-03,4.660526411496280019e+01,1.652442108502513163e-01,nan,9.623240520014949340e+00,1.000000000000000000e+00
2.900000000000000000e+01,1.115628816684362903e+02,1.171847482475970459e+01,-1.368470753890882984e-03,3.879890377145434854e+01,3.592084262844041920e-01,nan,1.777799860013629285e+01,1.000000000000000000e+00
3.000000000000000000e+01,1.024376271338382054e+02,3.164198013977244983e+01,-1.210110369973029345e-03,3.444936613321559804e+01,3.283213916909217822e-01,nan,1.029434496576315539e+01,1.000000000000000000e+00
3.200000000000000000e+01,1.125006054664183921e+02,2.947172546528032910e+01,-1.061911889351647683e-03,3.037893605818581122e+01,3.273455497865309649e-01,nan,1.029434496576315539e+01,1.000000000000000000e+00
3.400000000000000000e+01,1.196792411937895793e+02,4.381635757779484663e+01,-1.319132189941599328e-03,3.744376724295629799e+01,3.424825314222522676e-01,nan,1.604061349667377101e+01,1.000000000000000000e+00
3.400000000000000000e+01,4.602540230543780808e+01,1.417773062796014472e+01,-1.284827283569870597e-03,3.650154622941360572e+01,3.516894799971156393e-01,nan,1.313717554545323551e+01,1.000000000000000000e+00
3.900000000000000000e+01,4.952653960518161114e+01,2.683977702340496663e+01,-1.165891999932568450e-03,3.323486121705980167e+01,3.274535114437976402e-01,nan,1.313717554545323551e+01,1.000000000000000000e+00
4.100000000000000000e+01,1.228946589194666075e+02,4.762915173152781279e+01,-1.066461627341697138e-03,3.050389948743659119e+01,3.459684393888992071e-01,nan,8.442455361030418715e+00,1.000000000000000000e+00
4.700000000000000000e+01,2.194961698242349613e+01,3.762267750504251751e+01,-3.850305740680794956e-03,1.069651611388278525e+02,7.192139261034191655e-02,nan,5.263773474304110778e+01,1.000000000000000000e+00
5.600000000000000000e+01,1.414506656781524541e+01,5.235290626692467697e+01,-2.132378460139926039e-03,5.978044750270975527e+01,1.608866882258204178e-01,nan,1.008370625489863137e+01,1.000000000000000000e+00
6.000000000000000000e+01,4.199574660731340003e+01,1.362024107011913365e+01,-1.612138304672274761e-03,4.549149416003844237e+01,2.752747936251314087e-01,nan,1.280658684597095309e+01,1.000000000000000000e+00
6.100000000000000000e+01,2.924858727999979990e+01,1.485255423140489306e+01,-1.298444058200307581e-03,3.687554553593980700e+01,3.256913710255208150e-01,nan,1.040738316566248756e+01,1.000000000000000000e+00
6.100000000000000000e+01,7.347202802655293397e+01,4.845084246866242239e+01,-1.560820013771400776e-03,4.408198230940272566e+01,2.363432243874791228e-01,nan,2.601230459397887884e+01,1.000000000000000000e+00
6.300000000000000000e+01,7.371190076198359975e+00,3.450941322903050690e+01,-1.251102220439340423e-03,3.557525123183194182e+01,3.713636533440688448e-01,nan,2.058605007067826875e+01,1.000000000000000000e+00
6.400000000000000000e+01,1.231209256173487034e+02,5.630763119756532653e+00,-1.256159475769361373e-03,3.571415416866442882e+01,3.022018398870062184e-01,nan,1.639333753386695136e+01,1.000000000000000000e+00
6.500000000000000000e+01,1.374555407124439625e+02,4.377217651088109562e+01,-1.247328088957823551e-03,3.547159066645320280e+01,2.953771745975231067e-01,nan,2.777862662665330618e+01,1.000000000000000000e+00
6.700000000000000000e+01,5.631891939065289421e+01,3.358318972225818300e+01,-3.520773754326560461e-03,9.791421201764599402e+01,7.478920263188759687e-02,nan,1.078521807846435365e+01,1.000000000000000000e+00
6.700000000000000000e+01,6.694649753408758386e+01,3.542044631980344604e+01,-1.189010307673946760e-03,3.386983031201773997e+01,3.683773389378992569e-01,nan,1.078521807846435365e+01,1.000000000000000000e+00
6.800000000000000000e+01,2.685374143803485936e+01,1.100904373891645172e+01,-1.171426966750195022e-03,3.338688501179976242e+01,3.392953889900506281e-01,nan,2.048938420139772987e+01,1.000000000000000000e+00
6.900000000000000000e+01,1.149272762889873718e+02,2.752011820032140932e+01,-1.048249203762623323e-03,3.000367575798528819e+01,3.666874113963255466e-01,nan,2.279574091781035960e+01,1.000000000000000000e+00
7.000000000000000000e+01,9.213222711079318117e+01,2.734253172661918896e+01,-1.805253491646452869e-03,5.079560970635724715e+01,1.499230619475163673e-01,nan,2.279574091781035960e+01,1.000000000000000000e+00
7.300000000000000000e+01,2.707593168029743680e+01,3.149722317118251524e+01,1.021470770774231349e-03,-2.926817740104468157e+01,3.538726332086474802e-01,nan,4.164752019229494451e+00,1.000000000000000000e+00
7.300000000000000000e+01,4.725468571333459522e+01,4.123421893522874626e+01,-1.189124034178508068e-03,3.387295393233120677e+01,2.989366914196540659e-01,nan,1.219482904195917250e+01,1.000000000000000000e+00
7.400000000000000000e+01,4.925660380600389487e+01,5.326360708728594773e+01,-1.266264127202511563e-03,3.599168924809798398e+01,3.744564966079760859e-01,nan,1.219482904195917250e+01,1.000000000000000000e+00
7.600000000000000000e+01,9.039658380767851042e+01,2.336200064105483420e+01,-1.478780593725629710e-03,4.182868172702058729e+01,3.064447551658325830e-01,nan,2.361667544062232338e+01,1.000000000000000000e+00
7.800000000000000000e+01,1.081396409670747687e+02,3.894825360660401969e+01,-1.237411667742417242e-03,3.519922553165147860e+01,2.950436068818848012e-01,nan,1.178481723661809433e+01,1.000000000000000000e+00
7.900000000000000000e+01,1.538325782238495698e+01,3.673262567658172628e+01,-1.310709048121728787e-03,3.721241662690351859e+01,3.028293355007096732e-01,nan,1.078580627501823130e+01,1.000000000000000000e+00
8.000000000000000000e+01,2.158822683372024542e+01,5.352225804665263809e+01,-1.606961237731151237e-03,4.534930046892073108e+01,2.161114931341916456e-01,nan,1.789953618264350865e+01,1.000000000000000000e+00
8.200000000000000000e+01,7.227970591991839910e+01,7.578671562799578432e+00,-1.154662967747417234e-03,3.292644381542199739e+01,3.650900249042476897e-01,nan,2.873966743127097345e+01,1.000000000000000000e+00
8.400000000000000000e+01,1.374240171472029886e+02,4.495171678251879399e+01,-2.115549339462793194e-02,5.822706837414516485e+02,1.063470494954954493e-02,nan,1.691049986003597283e+01,1.000000000000000000e+00
8.900000000000000000e+01,1.226907988786463655e+01,2.888855977023611388e+01,-9.296814812963651942e-04,2.674708620706103446e+01,3.749128910962586936e-01,nan,2.113015144963225467e+01,1.000000000000000000e+00
9.400000000000000000e+01,1.012668362500720320e+02,4.868951340224442248e+01,-1.074741603213963739e-03,3.073131789732636321e+01,3.300457965333651877e-01,nan,9.614779358891169636e+00,1.000000000000000000e+00
9.600000000000000000e+01,4.400336277659923212e+01,3.264735111602615092e+01,-1.285452751894240742e-03,3.651872538717432803e+01,3.439746620753487694e-01,nan,6.383205124173994882e+00,1.000000000000000000e+00
9.800000000000000000e+01,1.108961612729290067e+02,5.102222288568557929e+01,-1.379841259541533154e-03,3.911120689342052970e+01,2.498413890350161815e-01,nan,9.907847088543292102e+00,1.000000000000000000e+00
1.030000000000000000e+02,1.158912555339457384e+02,9.863420541971034794e+00,-1.173139219529529230e-03,3.343391386917962649e+01,3.644354778186802424e-01,nan,2.534345346789594444e+01,1.000000000000000000e+00
1.100000000000000000e+02,1.140029849077791226e+02,1.297916103304325475e+01,-1.451614013134588412e-03,4.108252248024662379e+01,2.868214611289626736e-01,nan,2.433029436933453127e+01,1.000000000000000000e+00
1.170000000000000000e+02,8.568656483469625584e+01,1.829220660062322423e+01,-1.267113948757066450e-03,3.601503050773549575e+01,2.759622854846033313e-01,nan,1.918718583356567819e+01,1.000000000000000000e+00
1.190000000000000000e+02,1.750657926290439192e+01,1.509072448389191479e+01,-1.026482669159628101e-03,2.940583456079000868e+01,3.645489203577410020e-01,nan,1.440222514423984990e+01,1.000000000000000000e+00
1.240000000000000000e+02,7.376592775376587952e+01,2.788653494963621426e+01,-1.431233346436911564e-03,4.052274563012274911e+01,3.087799379035605085e-01,nan,3.793390250635270800e+00,1.000000000000000000e+00
1.260000000000000000e+02,1.436928528341693436e+02,4.778342474243097371e+01,-1.774527866902199467e-03,4.995169749815715221e+01,1.993827534479568619e-01,nan,1.402056465394900009e+01,1.000000000000000000e+00
1.260000000000000000e+02,1.297727840472682601e+02,4.610774034985991676e+01,-1.375031470129191085e-03,3.897910087319367989e+01,2.859753492252127272e-01,nan,1.402056465394900009e+01,1.000000000000000000e+00
1.270000000000000000e+02,5.846054616540689608e+01,2.888787957582059818e+01,-1.204306693057356119e-03,3.428996192769162121e+01,3.528252991196620947e-01,nan,1.533810277138820410e+01,1.000000000000000000e+00
1.290000000000000000e+02,6.736605702085854830e+01,4.834200852797001602e+01,-1.078598342711845721e-03,3.083724738039468605e+01,3.507680320444098721e-01,nan,8.744680699996910889e+00,1.000000000000000000e+00
1.290000000000000000e+02,7.898260982677221875e+01,4.879222291428691705e+01,-1.325254767088897929e-03,3.761193038506518604e+01,3.532154019890297869e-01,nan,7.226115973138043991e+00,1.000000000000000000e+00
1.320000000000000000e+02,1.113764547705148686e+02,1.276050476826255498e+01,-1.252227957812789439e-03,3.560617081509797544e+01,3.086819946982056750e-01,nan,1.589868494094480944e+01,1.000000000000000000e+00
1.360000000000000000e+02,1.428428518896793875e+01,6.616940037372473604e+00,-1.388260628479332480e-03,3.934245388322432291e+01,2.640742213739702970e-01,nan,2.737312744643812223e+01,1.000000000000000000e+00
1.370000000000000000e+02,5.107239249742080034e+01,5.083474206499034409e+01,1.870739410785750203e-03,-5.259425064813965633e+01,3.050768062165698513e-01,nan,1.211512924937647284e+01,1.000000000000000000e+00
1.400000000000000000e+02,3.679045792470329701e+01,2.219770686664587700e+01,-2.282582314608707155e-03,6.390595731935300705e+01,1.470611496470358714e-01,nan,1.768685585409460259e+01,1.000000000000000000e+00
1.420000000000000000e+02,3.914759871970819916e+01,5.297381898930236588e+01,-1.179978042551166513e-03,3.362174947173345174e+01,3.479478854826153489e-01,nan,1.211512924937647284e+01,1.000000000000000000e+00
1.470000000000000000e+02,9.550783411010142743e+01,4.891573689358860832e+01,-1.104717483892411452e-03,3.155463758135728014e+01,3.428693725213266541e-01,nan,2.080835467794943838e+01,1.000000000000000000e+00
1.480000000000000000e+02,1.969459475195460740e+01,4.050226201101389734e+01,-3.933054541942722533e-03,1.092379456364620154e+02,6.473075787463211661e-02,nan,7.211153073177792194e+00,1.000000000000000000e+00
1.490000000000000000e+02,7.099768358819852665e+01,6.049146841875995051e+00,-1.287845811203138652e-03,3.658445332541921857e+01,3.099657026070381516e-01,nan,2.871854744526118708e+01,1.000000000000000000e+00
1.560000000000000000e+02,1.289906595984128899e+02,9.898219023108982384e+00,-1.588087620203265660e-03,4.483091633915097418e+01,2.376639388180372681e-01,nan,1.471423414295566623e+01,1.000000000000000000e+00
1.560000000000000000e+02,1.251595641412383202e+02,2.410495665043703184e+01,-1.132240746386189685e-03,3.231059347879885735e+01,3.267228255958881666e-01,nan,1.471423414295566623e+01,1.000000000000000000e+00
1.570000000000000000e+02,9.680888615058944424e+01,3.255414621548459309e+01,-1.621903400876086943e-03,4.575970299124168150e+01,2.443827936725611050e-01,nan,7.162472652601980627e+00,1.000000000000000000e+00
1.580000000000000000e+02,1.035619935622399197e+02,3.494089186301025052e+01,-1.206287802036372326e-03,3.434437520869347082e+01,3.697733099110107613e-01,nan,7.162472652601980627e+00,1.000000000000000000e+00
1.610000000000000000e+02,9.903738004280610241e+00,1.095811870498253704e+01,-1.334519643534530075e-03,3.786640014459047165e+01,2.469210878226636430e-01,nan,3.286859383570386939e+01,1.000000000000000000e+00
1.610000000000000000e+02,6.399889450940585789e+01,4.362402325768367461e+01,-1.072764043236178015e-03,3.067700209344630125e+01,3.713601426221887492e-01,nan,2.545837697714221903e+01,1.000000000000000000e+00
1.630000000000000000e+02,1.183756691091970907e+02,1.635772524876179901e+01,-1.399069634812570313e-03,3.963933482475302839e+01,2.608560872921904528e-01,nan,2.376508078301933935e+01,1.000000000000000000e+00
1.680000000000000000e+02,5.293098807598062727e+00,4.670017793355565772e+01,-1.120417392300924022e-03,3.198585238931801911e+01,3.342784403883681810e-01,nan,3.391629375118208145e+01,1.000000000000000000e+00
1.730000000000000000e+02,8.511710713057436806e+01,3.105539987000659252e+01,-1.551222740452813534e-03,4.381838291357584581e+01,2.470781842039495579e-01,nan,7.832106596743933835e+01,1.000000000000000000e+00
1.750000000000000000e+02,7.470910493302736377e+00,4.131490872970020689e+01,-1.015405740084453830e-03,2.910159483405656289e+01,3.580223209417782160e-01,nan,3.398526912113047871e+01,1.000000000000000000e+00
1.760000000000000000e+02,7.110556223833329526e+00,7.331550125287078501e+00,-1.505685750710185084e-03,4.256766069430921107e+01,3.497309489960196416e-01,nan,3.398526912113047871e+01,1.000000000000000000e+00
1.850000000000000000e+02,1.363957152765810861e+02,1.206256265425840368e+01,-1.287556192986063358e-03,3.657649865074159834e+01,3.485126567665294273e-01,nan,3.883255937104618027e+01,1.000000000000000000e+00
1.850000000000000000e+02,9.460996739864256710e+01,3.366059842970125260e+01,-1.411451164701437583e-03,3.997940681080316239e+01,2.645041215699726056e-01,nan,2.164677703464829506e+01,1.000000000000000000e+00
1.850000000000000000e+02,4.647937775407481809e+01,1.767207766245741141e+01,-1.421699723113377346e-03,4.026089444961530006e+01,3.234249655426510994e-01,nan,1.278781999107612144e+01,1.000000000000000000e+00
1.890000000000000000e+02,5.095955468277168166e+01,4.770996923033923309e+01,-1.361690881607797001e-03,3.861268731410456923e+01,1.952037870836426103e-01,nan,1.085350166998895460e+01,1.000000000000000000e+00
1.900000000000000000e+02,3.895390880698324310e+01,2.801111326789598266e+01,-1.546971890061580061e-03,4.370162875250495915e+01,2.696606640509245922e-01,nan,1.278781999107612144e+01,1.000000000000000000e+00
1.910000000000000000e+02,1.291015205154073975e+01,4.122570589230036120e+01,-1.165187691507005340e-03,3.321551663143726785e+01,2.843864456986345823e-01,nan,2.920449835497297997e+01,1.000000000000000000e+00
1.910000000000000000e+02,6.178680961474888278e+01,4.695561577311350732e+01,-1.263570402156063976e-03,3.591770320318748588e+01,2.980449258732674744e-01,nan,8.548831905896170369e+00,1.000000000000000000e+00
1.940000000000000000e+02,5.714816053577064281e+01,3.257298297447405844e+01,-1.724243067978866763e-03,4.857057161214163443e+01,1.838080229478550320e-01,nan,1.149510729496796202e+01,1.000000000000000000e+00
1.950000000000000000e+02,5.392155044058450386e+01,4.360595533084605080e+01,-1.288501114064924879e-03,3.660245192071981535e+01,2.688997113579439935e-01,nan,8.548831905896170369e+00,1.000000000000000000e+00
1.960000000000000000e+02,1.087493107742643872e+02,4.231764405736775103e+01,-1.144549418957225813e-03,3.264866436054317944e+01,3.081137582675144149e-01,nan,1.145102594065831525e+01,1.000000000000000000e+00
2.000000000000000000e+02,1.392844267627535544e+02,1.113077174270549108e+01,-1.110734413587153831e-03,3.171989900297326770e+01,3.392177811886696315e-01,nan,3.432644744382536572e+01,1.000000000000000000e+00
2.010000000000000000e+02,2.160864387494448735e+01,5.289859685074849693e+01,-1.406717637129919606e-03,3.984939540375429345e+01,2.964979337988939978e-01,nan,4.923404336042008111e+01,1.000000000000000000e+00
2.040000000000000000e+02,1.058375725610215312e+02,3.807029906203020886e+01,-1.032989531369714288e-03,2.958455250393596714e+01,3.602480444641384949e-01,nan,1.344838563112612206e+01,1.000000000000000000e+00
2.050000000000000000e+02,9.596278985135155892e+01,4.719979754334244859e+01,-1.911554143121265044e-03,5.371527100749954542e+01,1.910609268967508045e-01,nan,1.344838563112612206e+01,1.000000000000000000e+00
2.080000000000000000e+02,6.459840434635121476e+00,1.601699136359694009e+01,-1.064626123307355586e-03,3.045348540226583722e+01,3.321218406698996928e-01,nan,3.395976151749184879e+01,1.000000000000000000e+00
2.090000000000000000e+02,1.335011158487524767e+02,2.401279692270748711e+01,-1.369243919161499323e-03,3.882013958411106103e+01,2.831584707535548251e-01,nan,6.198604457449413907e+00,1.000000000000000000e+00
2.120000000000000000e+02,1.024791282511387891e+02,4.594486643228061240e+01,-1.108973911009963724e-03,3.167154491319234921e+01,3.486411606234990357e-01,nan,1.560228719327530911e+01,1.000000000000000000e+00
2.130000000000000000e+02,1.347176861041711220e+02,1.793475002970457410e+01,1.095361834336771104e-03,-3.129767464109604802e+01,3.702615620898309645e-01,nan,6.198604457449413907e+00,1.000000000000000000e+00
2.130000000000000000e+02,3.614020921031166722e+01,3.251975209217702201e+01,-1.163255168699271541e-03,3.316243782169307508e+01,3.621047675982679293e-01,nan,2.474951482144847148e+01,1.000000000000000000e+00
2.140000000000000000e+02,8.713968102459793386e+01,4.879665963053513877e+01,-1.068899636864126864e-03,3.057086203146334213e+01,3.654833408080370161e-01,nan,1.560228719327530911e+01,1.000000000000000000e+00
2.160000000000000000e+02,9.380863515957442189e+01,8.703876460408160654e+00,-4.836766738573281682e-02,1.329682202104588214e+03,9.120207223541232366e-03,nan,3.382626387968603865e+01,1.000000000000000000e+00
2.230000000000000000e+02,1.118261636879257281e+02,4.181958430884299105e+01,-1.117600146934571125e-03,3.190847372646088687e+01,3.412792248919800375e-01,nan,1.259528657688114173e+01,1.000000000000000000e+00
2.260000000000000000e+02,6.583734001979044592e+01,5.191754726852931867e+01,-1.033367611970232181e-03,2.959493689276830253e+01,3.194211440391139245e-01,nan,2.087068559028016779e+01,1.000000000000000000e+00
2.270000000000000000e+02,5.024835209604339781e+01,3.804062496848032993e+01,-1.488337599619747251e-03,4.209117513488511975e+01,2.748727522350618013e-01,nan,1.665332162954944550e+01,1.000000000000000000e+00
2.270000000000000000e+02,1.251731289135820759e+02,5.157858641913935571e+01,-1.302740400683791199e-03,3.699354918607220810e+01,3.004975041863687801e-01,nan,1.653419495843836629e+01,1.000000000000000000e+00
2.290000000000000000e+02,1.224266107922660609e+02,3.112985290111302916e+01,-1.504887832239041028e-03,4.254574500847526508e+01,2.327795046148337654e-01,nan,1.644637238511921495e+01,1.000000000000000000e+00
2.290000000000000000e+02,1.386212782465253213e+02,3.399619389198758057e+01,-1.868163550252234127e-03,5.252350187837667761e+01,1.994230354705595065e-01,nan,1.644637238511921495e+01,1.000000000000000000e+00
2.310000000000000000e+02,4.142357490550053711e+01,2.391772056341924468e+01,-1.017483727186452996e-03,2.915866897651764944e+01,3.395122130851270237e-01,nan,7.649263417930693976e+00,1.000000000000000000e+00
2.320000000000000000e+02,7.533661673125867431e+00,1.172378565190057564e+01,-1.405693703194313502e-03,3.982127196099794020e+01,2.846523728224503724e-01,nan,2.907111199323610862e+01,1.000000000000000000e+00
2.330000000000000000e+02,1.034148277200558113e+02,3.040423552034887322e+01,-1.173767050523688788e-03,3.345115792019787904e+01,3.642027720271115987e-01,nan,1.902562525038394625e+01,1.000000000000000000e+00
2.330000000000000000e+02,4.236872338003381344e+01,3.150836778206800659e+01,-1.222272998535386913e-03,3.478342575976547124e+01,3.227473214684748459e-01,nan,7.649263417930693976e+00,1.000000000000000000e+00
2.340000000000000000e+02,7.624499962624167892e+01,8.969427605822176020e+00,-1.362596841003791120e-03,3.863757045971272674e+01,2.685279296340959965e-01,nan,2.500045129916928488e+01,1.000000000000000000e+00
2.380000000000000000e+02,6.758239240303554141e+01,5.084545429329546096e+01,-1.103353747748379550e-03,3.151718110682530138e+01,3.595981171911408758e-01,nan,3.177502195662768614e+01,1.000000000000000000e+00
2.410000000000000000e+02,9.970639160408713053e+01,8.245090423258519152e+00,-1.696639578855269059e-03,4.781241220434377226e+01,2.945245441435632161e-01,nan,7.654204293700124673e+00,1.000000000000000000e+00
2.440000000000000000e+02,1.067515265089058687e+02,1.123723305732563382e+01,-1.142026756708896477e-03,3.257937673868843120e+01,3.626297685724001463e-01,nan,5.470074585125392019e+00,1.000000000000000000e+00
2.460000000000000000e+02,1.061383061869011755e+02,2.969828487106448733e+01,-1.297321454258416407e-03,3.684471201572919341e+01,3.418560760004283328e-01,nan,1.847123366840640202e+01,1.000000000000000000e+00
2.480000000000000000e+02,1.075988284205227927e+02,5.833179445692508125e+00,-1.085385254126127168e-03,3.102365717502566156e+01,3.711436065203074230e-01,nan,5.470074585125392019e+00,1.000000000000000000e+00
2.480000000000000000e+02,1.385424084526608226e+02,3.295342714695287611e+01,-1.116462410826695286e-03,3.187722458509636425e+01,3.626412241025425143e-01,nan,2.190380932421749449e+01,1.000000000000000000e+00
2.490000000000000000e+02,2.140077714361241945e+01,4.757796634776556033e+01,-1.342944463872406844e-03,3.809779686293893519e+01,2.862384165844849004e-01,nan,1.915033231452251883e+01,1.000000000000000000e+00
2.530000000000000000e+02,1.231665474751472686e+02,1.735343477157482894e+01,-1.527260837447589259e-03,4.316024357072660678e+01,2.410902741307984209e-01,nan,1.936672815261364633e+01,1.000000000000000000e+00
2.530000000000000000e+02,9.236775705823373528e+01,2.729555027128846589e+01,-1.135922203572520533e-03,3.241170864535349239e+01,3.688677327427364316e-01,nan,2.521318653235742602e+01,1.000000000000000000e+00
2.560000000000000000e+02,1.373631353839679115e+01,4.426769749850449642e+01,-1.932320548986734719e-03,5.428564259721264307e+01,2.406357893501129830e-01,nan,8.662138968247210968e+00,1.000000000000000000e+00
2.560000000000000000e+02,8.821294682657344310e+01,5.216405097105604938e+01,-1.248834599632342793e-03,3.551296859645764670e+01,3.169355706544920714e-01,nan,2.264563199251243120e+01,1.000000000000000000e+00
2.590000000000000000e+02,7.650666041949283169e+01,1.128374615156115546e+01,-1.118846312230279555e-03,3.194270099165849075e+01,2.924619872386938768e-01,nan,9.298583541873329139e+00,1.000000000000000000e+00
2.590000000000000000e+02,7.555890837567110907e+01,3.338374322002631089e+01,-1.345426561169729435e-03,3.816597032494617281e+01,2.513239503363062788e-01,nan,1.675009809035855213e+01,1.000000000000000000e+00
2.630000000000000000e+02,4.860647925030801275e+01,3.646510054534314094e+01,-1.032517589905680667e-03,2.957159012590886960e+01,3.712653842851196817e-01,nan,1.629483613232683936e+01,1.000000000000000000e+00
2.630000000000000000e+02,1.502231721806400166e+01,4.228902008421645320e+01,-1.322993178157331291e-03,3.754981342161316604e+01,3.014048439364489518e-01,nan,3.408539244608004282e+01,1.000000000000000000e+00
2.640000000000000000e+02,1.371561766663254502e+02,3.964133737511383515e+01,-1.993357391330856897e-03,5.596208487732682357e+01,2.167080544103903161e-01,nan,6.191430323827150062e+01,1.000000000000000000e+00
2.640000000000000000e+02,6.861694649446832273e+01,1.620472878376703463e+01,-1.375256126863531447e-03,3.898527131113732480e+01,3.089030450611808254e-01,nan,9.298583541873329139e+00,1.000000000000000000e+00
2.640000000000000000e+02,6.287868385992608466e+01,4.432804275297642249e+01,-1.001937086767720449e-03,2.873166383813330427e+01,3.714405672153771043e-01,nan,1.629483613232683936e+01,1.000000000000000000e+00
2.690000000000000000e+02,7.590773648110554461e+01,2.989240940430868676e+01,-1.178553344201098549e-03,3.358261860488753570e+01,3.508832180779885013e-01,nan,1.550832742107288276e+01,1.000000000000000000e+00
2.700000000000000000e+02,9.394275931148229120e+01,4.173982870587871474e+01,-1.073029750215587219e-03,3.068430002035889359e+01,3.415962530434044631e-01,nan,1.893147138698047982e+01,1.000000000000000000e+00
2.710000000000000000e+02,4.998863012482687651e+01,4.741452727823472912e+01,-1.057096929734656224e-03,3.024668803274803608e+01,3.564509074322680382e-01,nan,3.128617408849864034e+01,1.000000000000000000e+00
2.740000000000000000e+02,1.088662052845367185e+02,3.009116486982497918e+01,-1.208716043715145089e-03,3.441106946842727865e+01,3.081255425582637431e-01,nan,1.571763643228074159e+01,1.000000000000000000e+00
2.770000000000000000e+02,2.776515082522908173e+01,3.711585047140239624e+01,-1.239578079593864563e-03,3.525872835460929622e+01,2.783600784370641179e-01,nan,1.281264056363227510e+01,1.000000000000000000e+00
2.810000000000000000e+02,1.794156111403878384e+01,2.889022931558496410e+01,-1.073723499050415310e-03,3.070335457550656599e+01,3.519404008818646235e-01,nan,1.281264056363227510e+01,1.000000000000000000e+00
2.850000000000000000e+02,1.123116334000467731e+01,5.292079278083669891e+01,-1.477967733479069535e-03,4.180635564931370141e+01,3.028233860540558986e-01,nan,9.965901475627649830e+00,1.000000000000000000e+00
2.870000000000000000e+02,7.440880288585849200e+01,2.693952859790814003e+01,-1.330550967401871506e-03,3.775739620190028489e+01,2.789796459352125169e-01,nan,1.488898308598236753e+01,1.000000000000000000e+00
2.870000000000000000e+02,1.250910734286507449e+02,1.641860425826667225e+01,-1.285647581173283331e-03,3.652407658209607177e+01,2.640630050858258082e-01,nan,2.286986591097155852e+01,1.000000000000000000e+00
2.900000000000000000e+02,1.687886880777413623e+01,4.470966525952488269e+01,-1.247884843951313667e-03,3.548688253895029732e+01,3.638501597406887944e-01,nan,9.965901475627649830e+00,1.000000000000000000e+00
2.910000000000000000e+02,4.785496431965667341e+01,3.425137448635273785e+01,-3.526010161773563290e-03,9.805803555934507187e+01,7.411353706890566606e-02,nan,2.521152429682761564e+01,1.000000000000000000e+00
2.920000000000000000e+02,1.154562736235182285e+02,3.715990121628830423e+01,-1.442307728750421431e-03,4.082691540731805446e+01,3.073481862030645884e-01,nan,1.084986301305741030e+01,1.000000000000000000e+00
2.920000000000000000e+02,9.704672249743383361e+01,3.891090235877397419e+01,-1.142528834741036786e-03,3.259316684985196844e+01,3.607473616913650094e-01,nan,1.849263576845932988e+01,1.000000000000000000e+00
2.920000000000000000e+02,7.196368565437551013e+01,4.162636689139302604e+01,-9.383801633013239040e-04,2.698600482955732716e+01,3.582904794501223789e-01,nan,1.488898308598236753e+01,1.000000000000000000e+00
2.950000000000000000e+02,2.504925033349687880e+01,9.868597955248910480e+00,-1.592452409727420238e-03,4.495079996060107419e+01,2.682961812567764559e-01,nan,1.057423460017858829e+01,1.000000000000000000e+00
2.970000000000000000e+02,1.128262158013443468e+02,2.663363296708748962e+01,-1.643292416686347249e-02,4.525602593463904668e+02,9.768682854161325757e-03,nan,1.084986301305741030e+01,1.000000000000000000e+00
2.980000000000000000e+02,1.785246656718502578e+01,1.854970167515588741e+01,-1.172614301116996563e-03,3.341949642249358732e+01,3.379156123420286040e-01,nan,6.129432468882362706e+00,1.000000000000000000e+00
2.990000000000000000e+02,4.064847663910119024e+01,1.942639201982767005e+01,-1.692876330571912785e-03,4.770905055766460379e+01,1.878041893269125628e-01,nan,1.702314714898060188e+01,1.000000000000000000e+00
3.030000000000000000e+02,5.800006533196077640e+01,1.538332981534703237e+01,-1.493876215073164241e-03,4.224329914331682545e+01,2.923273228727439887e-01,nan,1.781639644135346501e+01,1.000000000000000000e+00
3.060000000000000000e+02,3.802984353156779207e+01,4.315418522291329140e+01,-1.537725774978552671e-03,4.344767429390768854e+01,2.312212749328371730e-01,nan,8.755135627446495761e+00,1.000000000000000000e+00
3.080000000000000000e+02,9.382416150703463131e+00,4.196811497707884797e+01,-1.339503565814828285e-03,3.800328891063096393e+01,3.649566996708364375e-01,nan,2.867196990389654232e+01,1.000000000000000000e+00
3.100000000000000000e+02,1.117423252837414793e+02,4.405639597505135896e+00,-1.297401455358998231e-03,3.684690933168329963e+01,2.415375668911520224e-01,nan,1.504613336254695888e+01,1.000000000000000000e+00
3.110000000000000000e+02,9.413091446469272228e+01,3.406286507321301826e+01,1.491006775590938277e-03,-4.216448691313769359e+01,2.305211100723069118e-01,nan,2.013406269003606397e+01,1.000000000000000000e+00
3.150000000000000000e+02,1.193427755487571318e+02,4.189185405561675424e+01,-1.136271217260959553e-03,3.242129468029840211e+01,3.259339677600523455e-01,nan,1.296243427649927860e+01,1.000000000000000000e+00
3.160000000000000000e+02,5.353521265536542728e+01,6.188689682770713851e+00,-1.212656541891745125e-03,3.451929947335972315e+01,3.064952066951605048e-01,nan,3.567912835642318470e+01,1.000000000000000000e+00
3.170000000000000000e+02,1.302239206037656913e+02,2.546655003402278794e+01,-1.521229412753571800e-03,4.299458402842314797e+01,2.563528481345432875e-01,nan,1.384739768945078175e+01,1.000000000000000000e+00
3.190000000000000000e+02,5.529550476083034738e+01,4.506650798087333243e+01,-1.393667734955738322e-03,3.949096585668159776e+01,2.760798178896554100e-01,nan,2.157678862975489054e+01,1.000000000000000000e+00
3.210000000000000000e+02,3.533373689309100030e+01,3.687592612317794760e+01,-1.181906957089246327e-03,3.367472917648508712e+01,3.447136404869141080e-01,nan,2.157678862975489054e+01,1.000000000000000000e+00
3.260000000000000000e+02,6.136954311715093979e+01,1.415972474102350098e+01,-1.509264634571336194e-03,4.266595857457348728e+01,2.520453830496536263e-01,nan,2.516378816663682727e+01,1.000000000000000000e+00
3.270000000000000000e+02,4.239380586700871589e+01,3.068660075280916644e+01,-1.899291694376955240e-03,5.337846971268823637e+01,2.373469674802223262e-01,nan,9.681700692943326914e+00,1.000000000000000000e+00
3.270000000000000000e+02,1.020425694417270819e+02,5.243793988838358189e+01,-1.270223825866186431e-03,3.610044661498256602e+01,3.313162800487159387e-01,nan,5.585263489995123365e+01,1.000000000000000000e+00
3.320000000000000000e+02,3.877739187450337965e+01,3.966751819717702432e+01,-1.318262778547042973e-03,3.741988792737129899e+01,3.037129089672183646e-01,nan,9.681700692943326914e+00,1.000000000000000000e+00
3.350000000000000000e+02,8.305216687144664434e+01,2.893267454827876861e+01,-1.233107700037423642e-03,3.508101244663935603e+01,2.976318954624449509e-01,nan,2.449218577510772477e+01,1.000000000000000000e+00
3.360000000000000000e+02,1.183098573742696829e+02,4.738136335950532896e+01,-1.269071296722215679e-03,3.606879116702994992e+01,3.062864321500886611e-01,nan,6.514917130407017254e+00,1.000000000000000000e+00
3.360000000000000000e+02,1.212718975152804006e+02,5.318398892205130579e+01,-1.217585027708057398e-03,3.465466561751289731e+01,3.514632589958822662e-01,nan,6.514917130407017254e+00,1.000000000000000000e+00
3.370000000000000000e+02,1.716049130584994487e+01,3.901030484154514255e+01,-1.445632427425541221e-03,4.091823181907124507e+01,2.743503499085460096e-01,nan,9.425622170505217667e+00,1.000000000000000000e+00
3.370000000000000000e+02,1.885010852373723722e+01,4.828325188971371773e+01,-1.030622947619904556e-03,2.951955174529180326e+01,3.491226883211858700e-01,nan,9.425622170505217667e+00,1.000000000000000000e+00
3.450000000000000000e+02,1.102517190629702952e+02,5.157591669224067488e+01,-1.162325434966231079e-03,3.313690168844211570e+01,3.073068512357455262e-01,nan,2.822944186118824561e+01,1.000000000000000000e+00
3.460000000000000000e+02,1.392858744011267902e+02,2.728901409103782427e+01,-1.672089378532849897e-03,4.713811464527714179e+01,1.681483941092897227e-01,nan,2.575797580166860001e+01,1.000000000000000000e+00
3.510000000000000000e+02,1.382743439053293173e+02,5.302712053761653976e+01,-1.662639349821703550e-03,4.687855948037624643e+01,2.545807950539106246e-01,nan,2.575797580166860001e+01,1.000000000000000000e+00
3.520000000000000000e+02,1.024238020753173117e+02,5.293768953547419187e+01,-1.462270150269796062e-03,4.137520470544167495e+01,2.502787511716098034e-01,nan,2.915272985833306407e+01,1.000000000000000000e+00
3.570000000000000000e+02,2.661030661472640091e+01,5.174533992309709163e+01,-1.356871078097684731e-03,3.848030624595166671e+01,2.620392455660932596e-01,nan,1.662489517892088742e+01,1.000000000000000000e+00
3.570000000000000000e+02,7.906092044969928168e+01,6.562538474500837715e+00,-1.092884754964578613e-03,3.122963900177955665e+01,3.308124555831027935e-01,nan,3.395395144608861671e+01,1.000000000000000000e+00
3.580000000000000000e+02,4.451607121310191673e+01,6.111631656703774951e+00,-9.883365632090820516e-04,2.835811088470818220e+01,3.714684592059165347e-01,nan,2.134344990107548057e+01,1.000000000000000000e+00
3.590000000000000000e+02,9.863162820927178132e+01,3.430885744824494310e+01,-1.228406316698503822e-03,3.495188391538353301e+01,3.529409641584853041e-01,nan,1.727451110064991724e+01,1.000000000000000000e+00
3.590000000000000000e+02,1.088519056973725441e+01,4.108475963206201698e+01,-1.302610127171524449e-03,3.698997108446086202e+01,3.707441132815058049e-01,nan,1.051716662335460306e+01,1.000000000000000000e+00
3.590000000000000000e+02,4.388179981248498507e+01,4.976254658367492567e+01,-1.092483899443635669e-03,3.121862907535287235e+01,3.715298464906232612e-01,nan,1.738493447520231427e+01,1.000000000000000000e+00
3.600000000000000000e+02,1.348177515516484561e+02,3.213059210352478345e+01,-1.370433234825383642e-03,3.885280541325236214e+01,3.493051121702104300e-01,nan,1.513915284441987907e+01,1.000000000000000000e+00
3.600000000000000000e+02,9.986406462510664994e+00,5.156345138781096438e+01,-1.142363462227802880e-03,3.258862471656809134e+01,3.523982785061128276e-01,nan,1.051716662335460306e+01,1.000000000000000000e+00
3.610000000000000000e+02,1.103933824073249923e+02,4.696072971882430380e+01,-1.037485905958221303e-03,2.970805025018086454e+01,3.510910324126294002e-01,nan,5.982466569543688273e+00,1.000000000000000000e+00
3.630000000000000000e+02,1.364554144825569004e+01,2.972540061912473064e+01,-1.136658262312535651e-03,3.243192528738507008e+01,3.312127016097823340e-01,nan,1.168993473708630582e+01,1.000000000000000000e+00
3.660000000000000000e+02,1.154656962566075151e+02,4.378873689567912209e+01,-1.112581945904014477e-03,3.177064345781253252e+01,3.167994718781235175e-01,nan,5.982466569543688273e+00,1.000000000000000000e+00
3.690000000000000000e+02,6.429499174093554359e+01,3.560457563597626773e+01,-1.694041303645505304e-03,4.774104779147879896e+01,1.969067594382167830e-01,nan,2.109815710627744423e+01,1.000000000000000000e+00
3.710000000000000000e+02,7.512795686541963391e+01,1.749990497084466412e+01,-1.229776447537715136e-03,3.498951602707096242e+01,3.222723110600915764e-01,nan,2.109815710627744423e+01,1.000000000000000000e+00
3.750000000000000000e+02,6.322269891832701916e+01,4.779901614018777423e+01,-9.880886740940033035e-04,2.835130234453247766e+01,3.665545737046808084e-01,nan,1.086720106911538508e+01,1.000000000000000000e+00
3.750000000000000000e+02,1.286385842465050757e+02,4.486086408253610358e+01,-1.233968733754528275e-03,3.510466166033589275e+01,3.322663810067705281e-01,nan,8.251285523370317065e+00,1.000000000000000000e+00
3.760000000000000000e+02,4.563048175142485263e+01,1.621499276470676421e+01,-1.414550371316400249e-03,4.006452984149403562e+01,3.078741301673595387e-01,nan,1.453676561233349318e+01,1.000000000000000000e+00
3.770000000000000000e+02,5.937729081393515429e+01,2.094180935378722097e+01,-1.205438185556515981e-03,3.432103958165230750e+01,3.204661976859318750e-01,nan,1.453676561233349318e+01,1.000000000000000000e+00
3.800000000000000000e+02,6.388525850309768117e+01,3.695203158810090827e+01,-1.222605930191062720e-03,3.479257008444754717e+01,2.903675272177896893e-01,nan,1.086720106911538508e+01,1.000000000000000000e+00
3.830000000000000000e+02,1.064214962696988636e+02,1.070019120536018775e+01,-1.562440449978596928e-02,4.303534003062275701e+02,1.398322673980068043e-02,nan,2.185491357443983773e+01,1.000000000000000000e+00
3.850000000000000000e+02,9.152443125211274833e+01,2.754563726854986427e+01,-1.316908996800990805e-03,3.738270486104664769e+01,3.244988579445656773e-01,nan,2.248758766977953627e+01,1.000000000000000000e+00
3.940000000000000000e+02,1.359925128265916214e+02,3.952384604008481972e+01,-1.350170795302262994e-03,3.829627579916613911e+01,2.829773176909982091e-01,nan,1.829337428520356568e+01,1.000000000000000000e+00
3.940000000000000000e+02,1.435529775686522100e+02,2.286590752349142264e+01,-1.265452429388627762e-03,3.596939509785018174e+01,3.109236149634572177e-01,nan,1.829337428520356568e+01,1.000000000000000000e+00
3.950000000000000000e+02,1.629379098070835141e+01,1.510093668289579938e+01,-1.150974187269913039e-03,3.282512750682787583e+01,3.382589812927085937e-01,nan,8.093609042434454892e+00,1.000000000000000000e+00
3.990000000000000000e+02,1.132378758549765791e+02,3.874151161563924717e+01,-1.143175338419347630e-03,3.261092376614949018e+01,3.009867491169342379e-01,nan,1.388848523942786706e+01,1.000000000000000000e+00
4.020000000000000000e+02,1.300909198493623364e+02,4.720796715713675695e+01,-1.444459831376329259e-03,4.088602521206312446e+01,2.953929745670164086e-01,nan,1.886016864486783362e+01,1.000000000000000000e+00
4.050000000000000000e+02,1.171584703888191115e+02,2.220893106993653987e+01,-1.076937499302553546e-03,3.079163053645167025e+01,3.545869509871730774e-01,nan,2.099267868973782925e+01,1.000000000000000000e+00
4.090000000000000000e+02,9.246628179116896717e+00,1.716396307612091121e+01,-1.249987405249072944e-03,3.554463163803085735e+01,2.833604402502621911e-01,nan,2.874287971837837929e+01,1.000000000000000000e+00
4.130000000000000000e+02,1.236693795038265975e+01,4.573697134330395642e+01,-1.123674432919158491e-03,3.207531050003863982e+01,3.720406142869159272e-01,nan,2.016615653215417936e+01,1.000000000000000000e+00
4.170000000000000000e+02,2.010804568731833442e+01,2.083012898239343968e+01,-1.297367011809336937e-03,3.684596330268324493e+01,2.680793487462154179e-01,nan,2.336354602253494406e+01,1.000000000000000000e+00
4.180000000000000000e+02,1.420997768917995074e+02,1.374042431008172827e+01,-1.098161959614757073e-03,3.137458308238084115e+01,3.426604412721052650e-01,nan,5.413803390013310235e+00,1.000000000000000000e+00
4.220000000000000000e+02,1.881363708004046131e+01,4.415779044051035385e+01,-1.215047191268750753e-03,3.458496122024278208e+01,3.542434665054366993e-01,nan,2.336354602253494406e+01,1.000000000000000000e+00
4.270000000000000000e+02,4.697768073928382648e+01,3.416188317175282663e+01,-1.102121498955297178e-03,3.148333607328480355e+01,3.745818580840991618e-01,nan,2.988530604436511240e+01,1.000000000000000000e+00
4.330000000000000000e+02,6.924921088629139021e+00,4.206506513374870337e+01,1.304474231613044410e-03,-3.704117071046205467e+01,3.387177981658509029e-01,nan,3.965547807539534375e+01,1.000000000000000000e+00
4.380000000000000000e+02,1.294294815191236125e+02,2.560468129847508578e+01,-2.116262104418168821e-03,5.933779452303910062e+01,1.903615552396356048e-01,nan,2.133768806360399495e+01,1.000000000000000000e+00
4.390000000000000000e+02,1.042777724434967155e+02,4.038037359154039763e+01,-1.183620334486379594e-03,3.372178892269790396e+01,3.097460516494412452e-01,nan,8.168276714791574022e+00,1.000000000000000000e+00
4.390000000000000000e+02,1.135860599814891572e+02,5.172128071754146816e+01,-1.388282488117811809e-03,3.934305428161925278e+01,2.540945016562347059e-01,nan,1.372815450699940776e+01,1.000000000000000000e+00
4.390000000000000000e+02,7.798738856531858232e+01,5.336195145689011099e+01,-1.529528136000938210e-03,4.322251735505912507e+01,3.029516039711130926e-01,nan,1.331196308582039478e+01,1.000000000000000000e+00
4.400000000000000000e+02,3.141102755936010382e+01,4.505392370565959226e+01,-1.355132134896667616e-03,3.843254430753967910e+01,2.762813183428839414e-01,nan,2.691336715012980463e+01,1.000000000000000000e+00
4.420000000000000000e+02,1.121131946967357180e+02,3.807236522871905748e+01,-1.365587992529527454e-03,3.871972564158961916e+01,2.855836438627010754e-01,nan,8.168276714791574022e+00,1.000000000000000000e+00
4.430000000000000000e+02,8.496248240633903492e+01,1.779343976552587492e+01,-1.075423310491462232e-03,3.075004171819862719e+01,3.589320143737294577e-01,nan,2.045449551592493620e+01,1.000000000000000000e+00
4.440000000000000000e+02,1.052049461365599825e+02,1.485591547768027354e+01,-1.035207658791390591e-03,2.964547575044688443e+01,3.330434537301971698e-01,nan,2.045449551592493620e+01,1.000000000000000000e+00
4.440000000000000000e+02,6.634396319279125009e+01,4.690912209353083995e+01,-1.168784838371831128e-03,3.331431612466752057e+01,3.081464588523296078e-01,nan,1.331196308582039478e+01,1.000000000000000000e+00
4.460000000000000000e+02,1.348154606133531388e+02,4.134767475324434827e+01,-1.088021709687909348e-03,3.109607025217167120e+01,3.498860637898395520e-01,nan,2.293731741573663285e+01,1.000000000000000000e+00
4.480000000000000000e+02,6.459298827264068166e+01,1.009566588916093721e+01,-1.299654009945437399e-03,3.690877815716547872e+01,3.724506224804547960e-01,nan,2.059581733308148799e+01,1.000000000000000000e+00
4.490000000000000000e+02,2.455896288121905258e+01,6.555930095677314107e+00,1.142853871179176205e-03,-3.260209432392414186e+01,3.285242162858551529e-01,nan,2.379301616463970959e+01,1.000000000000000000e+00
4.500000000000000000e+02,1.321398981534354391e+02,1.198218862049193234e+01,-8.239317455996723882e-02,2.264229217292836438e+03,8.296220219781380578e-03,nan,2.948712278757958671e+01,1.000000000000000000e+00
4.550000000000000000e+02,9.259907847568439365e+01,3.918058506056637924e+01,-1.060931192652539738e-03,3.035200017246151916e+01,3.460174696150575269e-01,nan,1.029972279775390831e+01,1.000000000000000000e+00
4.580000000000000000e+02,1.426088765515694767e+01,3.003957753042967127e+01,-1.026575106603789004e-03,2.940837345424690596e+01,3.557794609590299029e-01,nan,1.391181115158070902e+01,1.000000000000000000e+00
4.580000000000000000e+02,7.916956785161949028e+01,1.084711075145016856e+01,-1.223594484486999938e-03,3.481972178748870306e+01,3.048081439795961023e-01,nan,1.209757863895943153e+01,1.000000000000000000e+00
4.580000000000000000e+02,8.316225110342533355e+01,4.330739725119897088e+01,-1.078435169286614875e-03,3.083276564741928638e+01,3.691859059095429219e-01,nan,6.820153491120656497e+00,1.000000000000000000e+00
4.590000000000000000e+02,9.617249743375576543e+01,1.776347352402795465e+01,-1.734566845340176217e-03,4.885412522000044078e+01,1.794650372233658198e-01,nan,9.255928615700218742e+00,1.000000000000000000e+00
4.590000000000000000e+02,6.848244822974358215e+01,2.208839968287040989e+01,-1.173250338754588430e-03,3.343696587776769036e+01,3.405048988610817062e-01,nan,1.551067705330609670e+01,1.000000000000000000e+00
4.600000000000000000e+02,5.230859427219279212e+00,1.945671025733707893e+01,-1.580864697584306476e-03,4.463253102956782925e+01,2.511936246808670337e-01,nan,1.236111438959904874e+01,1.000000000000000000e+00
4.620000000000000000e+02,8.908067954906870511e+01,3.991819404450795616e+01,-2.951863025521070383e-03,8.228846922441738343e+01,8.686242188734716319e-02,nan,6.820153491120656497e+00,1.000000000000000000e+00
4.650000000000000000e+02,1.319534206166553361e+02,1.032351458710620840e+01,1.606767322538045798e-03,-4.534397438034875449e+01,3.121333299084396717e-01,nan,2.223139160828717920e+01,1.000000000000000000e+00
4.660000000000000000e+02,7.435986292753911187e+01,3.786248114811149890e+01,-1.002380259660827326e-03,2.874383605653241602e+01,3.723037361427592451e-01,nan,1.346139775491481672e+01,1.000000000000000000e+00
4.690000000000000000e+02,1.009032331644579301e+02,4.504448005160273283e+01,-1.135842900385234007e-03,3.240953049833590427e+01,3.202223033114646178e-01,nan,1.310648191488387226e+01,1.000000000000000000e+00
4.750000000000000000e+02,1.072658418006106018e+02,3.315718783928465285e+01,-1.130016550745487156e-03,3.224950356214987579e+01,3.429126065357807063e-01,nan,6.863258122384511495e+00,1.000000000000000000e+00
4.750000000000000000e+02,9.265079588531432364e+01,3.911800730065354514e+01,-1.241827279076813560e-03,3.532050502857889995e+01,2.991458210157494912e-01,nan,1.578388215101888470e+01,1.000000000000000000e+00
4.880000000000000000e+02,1.224455664346166799e+02,3.869975083049096298e+01,-1.054456972284535275e-03,3.017417877248628955e+01,3.581583646254802300e-01,nan,2.701723513105856611e+01,1.000000000000000000e+00
4.890000000000000000e+02,1.295927781194856721e+02,1.264503227014997222e+01,-1.199220290177481409e-03,3.415025842216881813e+01,3.597671790704097816e-01,nan,1.173566113086939922e+01,1.000000000000000000e+00
4.910000000000000000e+02,1.211285685814810620e+02,4.515893381230025483e+00,-1.158402993520653767e-03,3.302916763097623232e+01,3.169402531892063779e-01,nan,1.173566113086939922e+01,1.000000000000000000e+00
4.920000000000000000e+02,9.412643878259112284e+01,1.427083789684527559e+01,-1.234390994656734287e-03,3.511625950849629163e+01,2.895650382926788780e-01,nan,2.871017165011090810e+01,1.000000000000000000e+00
4.920000000000000000e+02,5.017508879358101836e+01,4.205606851679610969e+01,-1.150751560924273597e-03,3.281901283568559791e+01,3.523773499688508393e-01,nan,5.199750192519167769e+01,1.000000000000000000e+00
4.990000000000000000e+02,7.730520139514383438e+00,4.630014236358069013e+01,-9.908529259659547023e-04,2.842722548427973450e+01,3.365533879955147079e-01,nan,2.337840042162274301e+01,1.000000000000000000e+00
5.020000000000000000e+02,5.099498398760709250e+01,3.714794012881630181e+01,-1.179081563527583547e-03,3.359712671471242373e+01,3.407608060406426276e-01,nan,1.223759014080089180e+01,1.000000000000000000e+00
5.030000000000000000e+02,9.857380801110909374e+01,3.665802106472606425e+01,-1.211532142710164406e-03,3.448841664496731596e+01,3.242514308158670477e-01,nan,5.480657127371102000e+00,1.000000000000000000e+00
5.060000000000000000e+02,1.010530240172197125e+02,3.177016974304610031e+01,-1.212390988291060139e-03,3.451200575915814284e+01,3.542508627396432352e-01,nan,5.480657127371102000e+00,1.000000000000000000e+00
5.070000000000000000e+02,8.272146269973934096e+00,9.509946269760089166e+00,9.678455081351590049e-04,-2.779530209954204167e+01,3.732185083055646890e-01,nan,3.466935672061059392e+01,1.000000000000000000e+00
5.100000000000000000e+02,8.745100372839769420e+01,4.460445798414907870e+01,-1.439905111928548032e-03,4.076092496173777135e+01,2.747652235780729812e-01,nan,1.266195849249410621e+01,1.000000000000000000e+00
5.160000000000000000e+02,5.913726014387630414e+01,4.770687872991432599e+00,-1.164215580923900692e-03,3.318881657258961582e+01,3.150419157244152002e-01,nan,3.483472565048508329e+01,1.000000000000000000e+00
5.220000000000000000e+02,1.217825915266506769e+02,2.965398226710545870e+01,-1.243273725206552613e-03,3.536023322149770109e+01,2.943689035657847120e-01,nan,6.749372224139429477e+01,1.000000000000000000e+00
5.260000000000000000e+02,1.714713655339433984e+01,3.396022824653012151e+01,-9.623327690815211121e-04,2.764388881415858634e+01,3.678874416740482989e-01,nan,2.471683049612760286e+01,1.000000000000000000e+00
5.270000000000000000e+02,4.186380808703351875e+01,3.387158247678245004e+01,-1.929001702923377991e-03,5.419448693371299441e+01,1.957833203257518528e-01,nan,1.259242056108979213e+01,1.000000000000000000e+00
5.310000000000000000e+02,7.918177258879546798e+01,2.415900824972025518e+01,-1.993487076250267335e-03,5.596564681260465335e+01,1.728244804171957805e-01,nan,2.609231723132580782e+01,1.000000000000000000e+00
5.340000000000000000e+02,1.057251688579325588e+02,2.859798912462620279e+01,-1.166898963890906742e-03,3.326251856120600792e+01,2.976725543930627271e-01,nan,2.625032187948662354e+01,1.000000000000000000e+00
5.420000000000000000e+02,7.651975130451735652e+01,2.083479200285538724e+01,-1.297642258584973639e-03,3.685352325032177134e+01,2.996976874813870317e-01,nan,1.359939472465946508e+01,1.000000000000000000e+00
5.420000000000000000e+02,5.007066685470358891e+01,5.318569170652899913e+00,-1.219835811269432552e-03,3.471648579989391692e+01,3.203762653015743700e-01,nan,3.066442954323367687e+01,1.000000000000000000e+00
5.420000000000000000e+02,7.522134781470425935e+01,3.437206223192065835e+01,1.121562786721905496e-03,-3.201731187445839311e+01,3.499737024892956017e-01,nan,1.359939472465946508e+01,1.000000000000000000e+00
5.430000000000000000e+02,1.205957820402882561e+02,3.160144754419867041e+01,-7.169141767616221857e-03,1.981205489774079354e+02,2.005917883099972432e-02,nan,4.537198868207739366e+01,1.000000000000000000e+00
5.430000000000000000e+02,2.109938318619417785e+01,2.095246108005284214e+01,-1.348676508465748497e-03,3.825523360997117095e+01,2.087151778723509432e-01,nan,2.525704239254373817e+01,1.000000000000000000e+00
5.440000000000000000e+02,4.142586490000864075e+01,3.594420319218636450e+01,-1.129980259076311016e-03,3.224850677256695519e+01,3.518372744864184387e-01,nan,1.864507653706704104e+01,1.000000000000000000e+00
5.450000000000000000e+02,5.937164208550661471e+01,4.100265752938744157e+01,-1.383443109350871282e-03,3.921013555806134576e+01,2.382868689961290531e-01,nan,1.718074403804879680e+01,1.000000000000000000e+00
5.560000000000000000e+02,1.356090160723674671e+02,2.742112346746939622e+01,1.058882756551219597e-03,-3.029573767989998956e+01,3.652509121368394673e-01,nan,3.457585379817313509e+01,1.000000000000000000e+00
5.580000000000000000e+02,1.047731325751462208e+02,1.178021700977192943e+01,-2.567584798839639762e-03,7.173385594832463141e+01,1.200680816105190729e-01,nan,3.457585379817313509e+01,1.000000000000000000e+00
5.600000000000000000e+02,5.781238371909601170e+01,4.142704600517016900e+01,-1.244127953850044342e-03,3.538369552655536410e+01,3.300892534459781702e-01,nan,1.089829960826226873e+01,1.000000000000000000e+00
5.630000000000000000e+02,3.274481732097569875e+01,1.644946110769667058e+01,-1.482993055436732620e-03,4.194438150185559522e+01,2.797076665035768128e-01,nan,1.093485185222318101e+01,1.000000000000000000e+00
5.660000000000000000e+02,3.021506554781426246e+01,5.811259145134796356e+00,-1.108558027153291924e-03,3.166012221742098731e+01,3.238624057923875643e-01,nan,1.093485185222318101e+01,1.000000000000000000e+00
5.680000000000000000e+02,2.705758920575064153e+01,4.430387486712861289e+01,-1.283326035056187985e-03,3.646031283029530101e+01,3.176236740794192714e-01,nan,2.681319361165613202e+01,1.000000000000000000e+00
5.710000000000000000e+02,4.650173882084479260e+01,2.584114491183784068e+01,-1.895216864330264176e-03,5.326655013899799940e+01,2.010465306341489011e-01,nan,1.876240376239860552e+01,1.000000000000000000e+00
5.770000000000000000e+02,7.111805635387257496e+01,4.437301755802197789e+01,-1.282564306942987013e-03,3.643939115142269003e+01,2.648119470681419285e-01,nan,7.074096687882707180e+00,1.000000000000000000e+00
5.830000000000000000e+02,9.137316760029717955e+01,3.618642127659575181e+01,-1.387533141353192211e-03,3.932247266975289079e+01,3.564306652903365125e-01,nan,2.158722498579420446e+01,1.000000000000000000e+00
5.840000000000000000e+02,1.168752702910303043e+02,2.540497691086147114e+01,9.725572490379867175e-04,-2.792471511238942128e+01,3.357152907183696966e-01,nan,2.512402777574893165e+01,1.000000000000000000e+00
5.850000000000000000e+02,1.698338973953482522e+01,3.506619451985715585e+01,-1.102145208307470136e-03,3.148398727604841696e+01,3.736818829061929748e-01,nan,7.613575605031519089e+00,1.000000000000000000e+00
5.860000000000000000e+02,2.315111010076860509e+01,3.060236667380917908e+01,-1.703553062278176551e-03,4.800229843482218683e+01,2.649484728036161085e-01,nan,7.613575605031519089e+00,1.000000000000000000e+00
5.900000000000000000e+02,8.339585386977282155e+01,3.390099155737820524e+01,-1.108946959031745704e-03,3.167080464822971209e+01,3.422456414651191547e-01,nan,1.813717912468429461e+01,1.000000000000000000e+00
5.900000000000000000e+02,4.836887263374348578e+01,5.002942992095560726e+01,-1.265086591254678582e-03,3.595934696148079723e+01,3.485817499517822604e-01,nan,1.210225935255001239e+01,1.000000000000000000e+00
5.910000000000000000e+02,4.685686832460477547e+01,1.344659758477902400e+01,-1.170211923118307483e-03,3.335351253644797964e+01,3.594033663678380952e-01,nan,2.506893919104303237e+01,1.000000000000000000e+00
5.920000000000000000e+02,7.174259631358458478e+01,1.647186693191493490e+01,-1.663719805968980493e-03,4.690823536624354517e+01,2.830585235392605314e-01,nan,5.610326699881802881e+00,1.000000000000000000e+00
5.920000000000000000e+02,1.116607005856084243e+02,2.625537098925213897e+01,-1.360365020787837912e-03,3.857627112593423391e+01,2.499133852709470860e-01,nan,1.408634164054996951e+01,1.000000000000000000e+00
5.920000000000000000e+02,5.980453261021912681e+01,4.606832371954956784e+01,-1.301795602542720268e-03,3.696759929271215128e+01,2.484636899033488833e-01,nan,1.210225935255001239e+01,1.000000000000000000e+00
5.940000000000000000e+02,1.099497709149012223e+02,1.227332033578267811e+01,-1.087460064064053921e-03,3.108064405327095159e+01,3.361313230603474311e-01,nan,1.408634164054996951e+01,1.000000000000000000e+00
5.940000000000000000e+02,7.612809022464500686e+01,1.297283723277567091e+01,-1.573335216023669363e-03,4.442572575015272207e+01,2.967120934807889743e-01,nan,5.610326699881802881e+00,1.000000000000000000e+00
5.940000000000000000e+02,1.407702507802249556e+02,2.754262521183144941e+01,-1.143457651283825982e-03,3.261867779148984425e+01,3.410077378495941502e-01,nan,2.913799814617413730e+01,1.000000000000000000e+00
6.000000000000000000e+02,3.543017907842493486e+01,1.734094770598804658e+01,-1.218191005049000259e-03,3.467130943452787761e+01,3.001242359455047470e-01,nan,4.504002780128670480e+01,1.000000000000000000e+00
6.010000000000000000e+02,1.366874208103861292e+02,3.032177995237199752e+01,-1.141659593002054959e-03,3.256929219403911446e+01,3.033891365728402789e-01,nan,1.020859001477362824e+02,1.000000000000000000e+00
6.070000000000000000e+02,1.127689600129760095e+02,2.362112821196546975e+01,-1.532091422509885333e-03,4.329292076576339809e+01,2.426307380092318500e-01,nan,2.173910103043536779e+01,1.000000000000000000e+00
6.090000000000000000e+02,9.118057900369591096e+01,2.106567932583402936e+01,-1.167535296999014068e-03,3.327999613189443551e+01,3.126886523462657497e-01,nan,2.173910103043536779e+01,1.000000000000000000e+00
6.150000000000000000e+02,1.389328230010626726e+02,1.672296095284429995e+01,-1.529061353921815861e-03,4.320969668506725014e+01,2.312472387632050763e-01,nan,1.632081838444284472e+01,1.000000000000000000e+00
6.160000000000000000e+02,1.068239070326260389e+02,3.518924739717280659e+01,-1.278757250940809956e-03,3.633482627880314908e+01,3.290733516641313194e-01,nan,1.414850371159898046e+01,1.000000000000000000e+00
6.160000000000000000e+02,1.431418912482963037e+02,3.249169131480106643e+01,-1.117450622603299295e-03,3.190436688047700287e+01,3.153972977713962456e-01,nan,1.461490186110287581e+01,1.000000000000000000e+00
6.170000000000000000e+02,2.617271967687064915e+01,3.077508139463398962e+01,-1.189221514251138055e-03,3.387563132698252844e+01,2.930386648099838620e-01,nan,4.143220275378575934e+01,1.000000000000000000e+00
6.170000000000000000e+02,1.209711253374169786e+02,3.499853422584398288e+01,-1.105882980023877027e-03,3.158664918151644940e+01,3.600713894799683068e-01,nan,1.414850371159898046e+01,1.000000000000000000e+00
6.230000000000000000e+02,6.034901001600939452e+01,3.641494201501053851e+01,-1.279326607834035175e-03,3.635046427598026497e+01,3.226122592379518927e-01,nan,3.346741513521884315e+01,1.000000000000000000e+00
6.270000000000000000e+02,1.192187786511063479e+02,2.348584557906352188e+01,-1.127134410652963145e-03,3.217034249609933028e+01,3.259155649707825564e-01,nan,1.431452787851602970e+01,1.000000000000000000e+00
6.320000000000000000e+02,1.371436501873750444e+02,7.418470110052937549e+00,-1.501517064294153941e-03,4.245316325486155051e+01,2.453246356377805082e-01,nan,1.048309182035224119e+01,1.000000000000000000e+00
6.320000000000000000e+02,5.107317740041281695e+01,3.189124689154073522e+01,-1.628330924371885341e-03,4.593624181158289588e+01,2.063697953754517478e-01,nan,1.864898347090346675e+01,1.000000000000000000e+00
6.340000000000000000e+02,1.129270349279307482e+02,4.575556293053518075e+00,1.108409791960586607e-03,-3.165605077900923092e+01,3.316386923427975253e-01,nan,1.474979065893479557e+01,1.000000000000000000e+00
6.380000000000000000e+02,1.124700203198298141e+02,1.972339307593437852e+01,-1.472097939713179135e-03,4.164513547364980184e+01,3.065490148410308091e-01,nan,1.515472934607596400e+01,1.000000000000000000e+00
6.390000000000000000e+02,6.543081823053044843e+01,5.145324317981603457e+01,-1.235414743086465624e-03,3.514437785613501575e+01,2.836774868104811054e-01,nan,6.561579150962961293e+00,1.000000000000000000e+00
6.440000000000000000e+02,5.890490720473155584e+00,4.831438574364241845e+01,-1.952889402072943269e-03,5.485058818815207360e+01,1.392139896885081773e-01,nan,4.716076830816164289e+01,1.000000000000000000e+00
6.480000000000000000e+02,3.436366089458874740e+01,4.994131093438809899e+00,-1.184563128303759783e-03,3.374768376516002633e+01,3.418277959422681977e-01,nan,2.182975013258941388e+01,1.000000000000000000e+00
6.480000000000000000e+02,1.133852404264313378e+02,3.308515257576120661e+01,-1.115154761562397708e-03,3.184130859681719983e+01,3.495456044932011563e-01,nan,1.966686065008060069e+01,1.000000000000000000e+00
6.480000000000000000e+02,5.123398474385820123e+01,3.534883071628829043e+01,-1.187994191789028178e-03,3.384192160040108632e+01,3.239813629582672938e-01,nan,1.592007192333038468e+01,1.000000000000000000e+00
6.510000000000000000e+02,3.798543348972579992e+01,2.652134071569133766e+01,-1.570187469814652041e-03,4.433926952749764894e+01,2.218432136149879330e-01,nan,1.592007192333038468e+01,1.000000000000000000e+00
6.580000000000000000e+02,9.802811301728452520e+01,4.026901555152156931e+01,-1.526960487733371001e-03,4.315199414398043132e+01,2.549807115888360620e-01,nan,1.392806090185754364e+01,1.000000000000000000e+00
6.610000000000000000e+02,2.607207502068189342e+01,2.835165002496525233e+01,-1.438183514142141618e-03,4.071363943372485750e+01,2.621328936218888517e-01,nan,6.030332822649111080e+00,1.000000000000000000e+00
6.620000000000000000e+02,1.163040687408121165e+01,1.174383776377037769e+01,-1.965859131574230600e-03,5.520681570685326278e+01,1.331973453818051656e-01,nan,1.557033779212593849e+01,1.000000000000000000e+00
6.620000000000000000e+02,1.033304930089131091e+02,5.314828753833160135e+01,-1.011125098643085108e-03,2.898402242987057420e+01,3.047938573143585961e-01,nan,1.392806090185754364e+01,1.000000000000000000e+00
6.650000000000000000e+02,2.288851911825250696e+01,2.323013796620504579e+01,-1.118965017302960474e-03,3.194596135368024292e+01,3.439348808152049575e-01,nan,6.030332822649111080e+00,1.000000000000000000e+00
6.670000000000000000e+02,9.454613646549983486e+00,2.716140381006751880e+01,1.365938613325331195e-03,-3.872935581746042999e+01,3.110702892735048852e-01,nan,1.399730928992278578e+01,1.000000000000000000e+00
6.670000000000000000e+02,6.107079007921596769e+01,5.129872928071944926e+01,-1.611098107359912454e-03,4.546292402621216411e+01,2.266374899558334377e-01,nan,1.866032680636545393e+01,1.000000000000000000e+00
6.690000000000000000e+02,1.049998468261882323e+02,5.116155771745642511e+01,-1.077824062117429919e-03,3.081598093417467510e+01,3.690037027153849625e-01,nan,3.282777608044453643e+01,1.000000000000000000e+00
6.720000000000000000e+02,7.697382335109355722e+01,3.338183901841526335e+01,-1.221959917860666054e-03,3.477482666354699603e+01,3.047504539545270452e-01,nan,2.395665719414743577e+01,1.000000000000000000e+00
6.770000000000000000e+02,2.785279839958155179e+01,3.467849269349224528e+01,-1.201767095780965910e-03,3.422020916714414795e+01,3.309397530950436428e-01,nan,8.283412127185288298e+00,1.000000000000000000e+00
6.780000000000000000e+02,1.225194673259306626e+02,1.254481004460931359e+01,-1.420832446954171935e-03,4.023707378055726025e+01,2.459035027784828298e-01,nan,1.430228098062529263e+01,1.000000000000000000e+00
6.790000000000000000e+02,7.721210650431731892e+01,3.326480468969939608e+01,1.512974394749288425e-03,-4.276785111312158705e+01,2.767192358119265894e-01,nan,1.976089979392487450e+01,1.000000000000000000e+00
6.820000000000000000e+02,7.908731806010015930e+01,1.332135898421233833e+01,-1.299175300266803244e-03,3.689562988287177348e+01,2.846215851531077590e-01,nan,2.003141145767446218e+01,1.000000000000000000e+00
6.900000000000000000e+02,4.798076192241643412e+01,3.019180786606868949e+01,-1.164489021309207326e-03,3.319632690578205825e+01,3.113094399871745299e-01,nan,1.884828783903076044e+01,1.000000000000000000e+00
6.900000000000000000e+02,7.837611570169741526e+01,4.217250990797015220e+01,-9.606556189229722639e-04,2.759782408787344465e+01,3.321509081212014047e-01,nan,3.267131391273501606e+01,1.000000000000000000e+00
6.920000000000000000e+02,1.127014045551742960e+01,3.047533553335829382e+01,-1.316770772019698697e-03,3.737890836931119054e+01,3.053865250908084361e-01,nan,1.606845983590953253e+01,1.000000000000000000e+00
6.930000000000000000e+02,1.250879920595596815e+02,1.277293121035603640e+01,-1.168853609075249950e-03,3.331620498572941358e+01,3.550305012461105747e-01,nan,1.265599568170246592e+01,1.000000000000000000e+00
6.930000000000000000e+02,4.834974589380926346e+01,1.134713208504740933e+01,-1.134832664740181418e-03,3.238178329380824749e+01,3.593568496605195062e-01,nan,9.225199050564713232e+00,1.000000000000000000e+00
6.960000000000000000e+02,5.269030753788199206e+01,1.948739142591270834e+01,-9.670860184142260124e-04,2.777444190051166473e+01,3.567445023151400996e-01,nan,9.225199050564713232e+00,1.000000000000000000e+00
6.980000000000000000e+02,9.542683715471810046e+01,2.508365638550730736e+01,-1.243595379179331497e-03,3.536906779253421007e+01,2.959380403517840596e-01,nan,4.466823173741587105e+00,1.000000000000000000e+00
6.990000000000000000e+02,8.209020244276706535e+01,3.365120316501813136e+01,-1.358975550494557821e-03,3.853810783541726437e+01,2.594219372126971290e-01,nan,1.585145681819571983e+01,1.000000000000000000e+00
7.020000000000000000e+02,1.058529458294691636e+02,4.410013965181710915e+01,-1.440774046488809247e-03,4.078479118055789598e+01,2.713763786698678571e-01,nan,1.839264472274438589e+01,1.000000000000000000e+00
7.050000000000000000e+02,1.331550146929123741e+02,9.950424787316391573e+00,-1.000300377212603575e-03,2.868670985635628057e+01,3.496250955340362010e-01,nan,1.472656832015096562e+01,1.000000000000000000e+00
7.070000000000000000e+02,1.187331102835217962e+02,1.293043950111808904e+01,-1.310635577575291295e-03,3.721039867961692238e+01,3.057833014066352328e-01,nan,1.472656832015096562e+01,1.000000000000000000e+00
7.130000000000000000e+02,1.147123704291762749e+02,2.666634047183125489e+01,-1.776421069011358336e-02,4.891254702716182123e+02,1.027879796298081239e-02,nan,3.302811577049574510e+01,1.000000000000000000e+00
7.190000000000000000e+02,8.987432957070676309e+01,2.806576880336992019e+01,-1.036872266306320626e-03,2.969119597958474088e+01,3.436396293345416186e-01,nan,2.451722272935072056e+01,1.000000000000000000e+00
7.200000000000000000e+02,9.824287970610664900e+01,5.020995448183928289e+00,-1.301070258862871334e-03,3.694767695128995655e+01,3.573516901227951070e-01,nan,2.451722272935072056e+01,1.000000000000000000e+00
7.330000000000000000e+02,8.926377161372444746e+00,4.689450919567675413e+01,-1.864964035963283554e-03,5.243562378993321715e+01,2.222528577264412109e-01,nan,inf,1.000000000000000000e+00
7.480000000000000000e+02,8.667118613897292789e+01,4.879794968173953151e+01,-1.180063860002980363e-03,3.362410654000675692e+01,3.322768658581533030e-01,nan,1.818223509679773287e+01,1.000000000000000000e+00
7.500000000000000000e+02,5.770651658818042762e+01,3.616796542254003555e+01,-1.485651141577707616e-03,4.201738868603777632e+01,2.609888306509281497e-01,nan,2.223912117863946136e+01,1.000000000000000000e+00
7.510000000000000000e+02,7.956341818250740516e+01,3.206255880514913059e+01,-1.173196750354882226e-03,3.343549401494614415e+01,3.227935088224552773e-01,nan,1.540900339889780390e+01,1.000000000000000000e+00
7.530000000000000000e+02,6.885508015262272963e+00,4.111836650282312178e+01,-2.074056088194512360e-03,5.817856106083597467e+01,1.832479479192060667e-01,nan,2.459759917362026371e+01,1.000000000000000000e+00
7.580000000000000000e+02,1.099781740477681353e+02,3.306329448541976035e+01,-1.438617423255939085e-03,4.072555721249846528e+01,2.947617315593877851e-01,nan,1.317675634307154198e+01,1.000000000000000000e+00
7.590000000000000000e+02,7.668162013673396871e+01,8.269197089031322889e+00,-1.266087396846909876e-03,3.598683515950277467e+01,3.749263321955660366e-01,nan,4.331764640669701905e+00,1.000000000000000000e+00
7.620000000000000000e+02,1.954959529228640847e+01,4.697598386342149723e+01,-9.913684364803369668e-04,2.844138453296186242e+01,3.617616883121621552e-01,nan,3.083858809733625961e+01,1.000000000000000000e+00
7.640000000000000000e+02,9.088887465060629722e+01,2.574963312368824830e+01,-1.144395222671304013e-03,3.264442919431851919e+01,3.681141382121099204e-01,nan,2.171752619570686704e+01,1.000000000000000000e+00
7.660000000000000000e+02,1.307751346335390963e+02,3.942144339927385488e+01,1.286658617518707812e-03,-3.655184577871744978e+01,3.026759700342758208e-01,nan,1.073595479371383199e+01,1.000000000000000000e+00
7.690000000000000000e+02,3.793931502578083581e+01,8.540321487031510728e+00,-1.091595411817552173e-03,3.119422581062749700e+01,3.109173434633539790e-01,nan,1.670287130585263569e+01,1.000000000000000000e+00
7.700000000000000000e+02,2.129825282909605733e+01,7.104717493604314704e+00,-1.133292348961660503e-03,3.233947687039793095e+01,3.630198181000595659e-01,nan,1.670287130585263569e+01,1.000000000000000000e+00
7.750000000000000000e+02,9.127231165756361975e+01,2.786255949402825749e+01,-1.367543525291624578e-03,3.877343644438713000e+01,2.451377089679168675e-01,nan,1.414669341712234463e+01,1.000000000000000000e+00
7.810000000000000000e+02,1.390218672864665450e+02,1.989754198412428821e+01,1.498675226439617151e-03,-4.237510913296392800e+01,2.613708085649337765e-01,nan,1.166072760008171549e+01,1.000000000000000000e+00
7.820000000000000000e+02,1.358709429139055089e+02,3.112448474525513475e+01,-1.307477502871065350e-03,3.712365877377326484e+01,2.535881215350865858e-01,nan,1.166072760008171549e+01,1.000000000000000000e+00
7.990000000000000000e+02,1.026224308399601597e+02,5.020175825874155606e+01,-1.110458233060589855e-03,3.171231340886494721e+01,3.084711133299316010e-01,nan,1.662159296915880802e+01,1.000000000000000000e+00
8.000000000000000000e+02,6.388272020470120083e+01,1.247475267971258539e+01,-1.199305592019512525e-03,3.415260132866693255e+01,3.018122898545260169e-01,nan,1.598013004754821331e+01,1.000000000000000000e+00
8.000000000000000000e+02,4.593049695731466642e+01,3.280565360577319467e+01,-1.157332914877342786e-03,3.299977677437556167e+01,3.567106876029018103e-01,nan,6.039586031115149467e+00,1.000000000000000000e+00
8.030000000000000000e+02,1.161395245168326085e+02,4.052883050324557956e+01,-1.083560618261273463e-03,3.097354159577587751e+01,3.570524386524425164e-01,nan,1.394011854442856091e+01,1.000000000000000000e+00
8.040000000000000000e+02,4.659435808636852272e+01,2.441747282363724025e+01,-1.298155690220536597e-03,3.686762520036946711e+01,3.661503312702085733e-01,nan,8.414409571233361973e+00,1.000000000000000000e+00
8.040000000000000000e+02,1.364373886553123612e+02,1.133646781598817022e+01,-1.336426904252498767e-03,3.791878510396921342e+01,3.068576316988178565e-01,nan,1.539109655214243766e+01,1.000000000000000000e+00
8.050000000000000000e+02,7.983265005639105993e+01,1.345673743658307586e+01,-1.204669390339530455e-03,3.429992379720137308e+01,2.812293853596438131e-01,nan,1.598013004754821331e+01,1.000000000000000000e+00
8.050000000000000000e+02,2.239636662281719737e+01,2.011200125518677240e+01,-9.993037438317383878e-04,2.865933625259028261e+01,3.604683113290463314e-01,nan,1.164836002882807087e+01,1.000000000000000000e+00
8.050000000000000000e+02,2.569953676331040882e+01,3.208132327207608370e+01,-1.478419143784616072e-03,4.181875411707242307e+01,2.148968942747618849e-01,nan,7.263465109146588716e+00,1.000000000000000000e+00
8.060000000000000000e+02,1.050161787697718836e+02,2.985856614010157983e+01,-1.156573887663038926e-03,3.297892927858536183e+01,3.391734048963236381e-01,nan,1.083036998973874354e+01,1.000000000000000000e+00
8.080000000000000000e+02,6.114562213553033132e+01,9.713310900153347305e+00,-1.361173570534415095e-03,3.859847881114009027e+01,2.539351478731431966e-01,nan,1.905828572428996637e+01,1.000000000000000000e+00
8.080000000000000000e+02,1.153482380902631377e+02,2.661118807272423936e+01,-1.032790786680025386e-03,2.957909376806519575e+01,3.617597782228658687e-01,nan,1.083036998973874354e+01,1.000000000000000000e+00
8.090000000000000000e+02,1.079013267126395448e+02,5.333471991477781415e+01,-1.371254330227805089e-03,3.887535767833950473e+01,3.374270594938207912e-01,nan,1.911609830695499568e+01,1.000000000000000000e+00
8.090000000000000000e+02,8.084635160520839747e+00,4.991611898553872351e+01,1.065338706518490072e-03,-3.047305726374107948e+01,3.597644808067574917e-01,nan,1.927954445799306882e+01,1.000000000000000000e+00
8.130000000000000000e+02,9.018362549448001175e+01,4.615779313340433987e+01,-1.294896793904648860e-03,3.677811612092429527e+01,3.113054572582928392e-01,nan,1.911609830695499568e+01,1.000000000000000000e+00
8.160000000000000000e+02,3.669265649883948299e+01,3.019663990975334400e+01,-1.332897946967326157e-03,3.782185851061391446e+01,3.119831682248594973e-01,nan,5.582152072741695292e+01,1.000000000000000000e+00
8.230000000000000000e+02,1.049603901841474283e+02,2.173231114479558457e+01,-1.080657900914600142e-03,3.089381535339019891e+01,3.124196477840677222e-01,nan,2.417293163829913638e+01,1.000000000000000000e+00
8.240000000000000000e+02,3.960903617450040315e+01,1.246263337275894223e+01,-1.170731837632493257e-03,3.336779254570389952e+01,2.573502729120746846e-01,nan,1.806958851907148045e+01,1.000000000000000000e+00
8.340000000000000000e+02,6.472555854781907314e+00,2.857465939475170913e+01,1.576461682584402550e-03,-4.451159750446507246e+01,2.917416521818765318e-01,nan,6.131013514120301977e+01,1.000000000000000000e+00
8.420000000000000000e+02,1.241980179004072227e+02,5.190267726053545516e+01,-1.249930928962227680e-03,3.554308045629446866e+01,3.584470344294951039e-01,nan,3.753881133207611498e+01,1.000000000000000000e+00
8.460000000000000000e+02,5.310170030629701898e+01,2.491078458939586326e+01,-9.923965336995008157e-04,2.846962232476237631e+01,3.565998315926205420e-01,nan,2.743902071286976607e+01,1.000000000000000000e+00
8.560000000000000000e+02,9.643762815165519697e+00,2.198113188750023284e+01,-1.057823515686402921e-03,3.026664449449908290e+01,3.612172324052045358e-01,nan,2.006254733247286381e+01,1.000000000000000000e+00
8.620000000000000000e+02,1.294208613317987329e+02,2.778155848091661539e+01,-1.411209416868731883e-03,3.997276694752863335e+01,3.718840736212442044e-01,nan,1.324732974223789128e+01,1.000000000000000000e+00
8.630000000000000000e+02,1.174538567811437986e+02,2.209978522037684456e+01,-1.228700174847766361e-03,3.495995504434204548e+01,2.856674192497002940e-01,nan,1.324732974223789128e+01,1.000000000000000000e+00
8.680000000000000000e+02,2.404519179841844334e+01,1.611192951240673210e+01,-1.166603214430460582e-03,3.325439548535916856e+01,3.348978124337593787e-01,nan,3.288727683843674754e+01,1.000000000000000000e+00
8.680000000000000000e+02,3.631027865632216844e+01,4.662652638367566027e+01,-1.156989873940550547e-03,3.299035478745484085e+01,3.176099694161447218e-01,nan,3.288727683843674754e+01,1.000000000000000000e+00
8.680000000000000000e+02,1.065946253808110669e+02,4.952847672031271031e+01,-1.330820714824925517e-03,3.776480510392719481e+01,3.091876923571824642e-01,nan,1.472290433286278066e+01,1.000000000000000000e+00
8.720000000000000000e+02,1.007151170146749024e+02,1.843175319026745740e+01,-2.333510424068161240e-02,6.421360312297578048e+02,1.184970915573368977e-02,nan,2.170517318752964897e+01,1.000000000000000000e+00
8.760000000000000000e+02,1.408374699778977117e+02,2.844762381326690814e+01,-1.195677485124101071e-03,3.405295148502086278e+01,2.988828031422987586e-01,nan,3.999660332395552587e+01,1.000000000000000000e+00
8.880000000000000000e+02,3.428587700141358852e+01,1.105978889228787665e+01,1.028561513059623317e-03,-2.946293223612617496e+01,3.513114797446028614e-01,nan,9.515508123623324366e+01,1.000000000000000000e+00
8.970000000000000000e+02,5.609826173449116027e+01,2.035846167343123270e+01,-1.349657621358841316e-03,3.828218092690924124e+01,2.583113302245855225e-01,nan,5.130403490930893184e+01,1.000000000000000000e+00
9.030000000000000000e+02,1.218927019078356722e+02,1.505377162503261879e+01,-1.151995452417313090e-03,3.285317764845636646e+01,3.216812800989905519e-01,nan,2.392719370827747483e+01,1.000000000000000000e+00
9.110000000000000000e+02,1.297010936401199785e+02,1.091519108640381042e+01,-1.067868961093050226e-03,3.054255341697144743e+01,3.682799457842291790e-01,nan,1.119104559960956813e+01,1.000000000000000000e+00
9.110000000000000000e+02,1.366185319568306511e+02,1.971226723402488901e+01,1.566325057108833860e-03,-4.423318422369413128e+01,3.312302334713832508e-01,nan,1.119104559960956813e+01,1.000000000000000000e+00
9.120000000000000000e+02,4.609151221778544283e+01,1.391952502236098610e+01,-1.147580958640387816e-03,3.273192884644242895e+01,3.142128263122251353e-01,nan,3.615449056811613815e+01,1.000000000000000000e+00
9.180000000000000000e+02,4.713030299225364672e+01,4.298768676999235083e+01,-1.026641956528558629e-03,2.941020955906494905e+01,3.241084320367582094e-01,nan,2.123507496593163779e+01,1.000000000000000000e+00
9.180000000000000000e+02,1.406674399466352270e+02,5.293966427391622176e+01,-1.021784646650233767e-03,2.927679833831846423e+01,3.466800705081120038e-01,nan,9.406507240129751324e+01,1.000000000000000000e+00
9.190000000000000000e+02,4.067268686404962352e+01,2.275831202064589931e+01,-9.613618081624996899e-04,2.761722033206692117e+01,3.487135459631821588e-01,nan,2.123507496593163779e+01,1.000000000000000000e+00
9.260000000000000000e+02,5.794995111429774681e+01,1.968761305577086418e+01,-1.550702524003997685e-03,4.380409461136176930e+01,2.373494001250081586e-01,nan,7.460743485355070703e+00,1.000000000000000000e+00
9.280000000000000000e+02,1.271587564383466002e+02,5.259317052858504837e+01,-1.139135088471501930e-03,3.249995397192896718e+01,3.221876710488869033e-01,nan,4.558508871675292085e+01,1.000000000000000000e+00
9.280000000000000000e+02,5.629627619912598391e+01,1.241244621031640527e+01,-1.431960128725503914e-03,4.054270748447564898e+01,2.988987029554631691e-01,nan,7.460743485355070703e+00,1.000000000000000000e+00
9.320000000000000000e+02,9.816914337332963214e+01,1.741359338992642947e+01,-1.058749557199739795e-03,3.029207921697942041e+01,3.481331200059638586e-01,nan,2.974461752683706806e+01,1.000000000000000000e+00
9.370000000000000000e+02,7.772486071832537036e+00,1.811726429252761861e+01,-1.296271754545580196e-03,3.681588088829142436e+01,2.700877562215511229e-01,nan,5.883468168807092979e+01,1.000000000000000000e+00
9.380000000000000000e+02,8.915768604069090486e+01,2.718351237577918411e+01,-1.169704978208589794e-03,3.333958875127659383e+01,3.265312401849886914e-01,nan,1.338409257221666948e+01,1.000000000000000000e+00
9.380000000000000000e+02,1.335382323231366684e+02,4.192365515097562678e+01,-1.172207863822848735e-03,3.340833318668458674e+01,2.797556639339976448e-01,nan,1.740907976324621842e+01,1.000000000000000000e+00
9.470000000000000000e+02,1.126656219654000068e+02,1.633734433309113854e+01,-1.298537547053611827e-03,3.687811330747548055e+01,3.150985261857536246e-01,nan,1.350141025081762791e+01,1.000000000000000000e+00
9.540000000000000000e+02,3.384483527909697642e+01,1.497401868977742190e+01,-1.039027653541212343e-03,2.975039599963523429e+01,3.729254791492235821e-01,nan,1.823152417768520195e+01,1.000000000000000000e+00
9.550000000000000000e+02,8.622511246083588787e+01,4.991620002950260648e+00,-1.256250421600182271e-03,3.571665209336257618e+01,3.154566316305423834e-01,nan,2.369795788075166598e+01,1.000000000000000000e+00
9.600000000000000000e+02,2.738311505505924970e+01,2.690282375350950872e+01,-1.177932287725314085e-03,3.356556062327580747e+01,3.606959695879079497e-01,nan,1.223918526610456325e+01,1.000000000000000000e+00
9.600000000000000000e+02,8.020949526509905070e+01,3.985916489023359333e+01,-1.139081658064939034e-03,3.249848644855840263e+01,3.735408352991271830e-01,nan,2.742688746999292704e+01,1.000000000000000000e+00
9.630000000000000000e+02,1.074443287418791186e+02,4.309922689330002044e+01,-1.054573441208044330e-03,3.017737771627484733e+01,3.176716149275086165e-01,nan,1.385310525903723189e+01,1.000000000000000000e+00
9.640000000000000000e+02,1.289543864500699897e+02,1.914471640507727912e+01,-1.093915837197827548e-03,3.125795878019056317e+01,3.542510590836992490e-01,nan,2.470809194040290535e+01,1.000000000000000000e+00
9.640000000000000000e+02,1.212896161522306073e+02,4.263388632691066249e+01,-1.150609176142629048e-03,3.281510208508274218e+01,3.565169999642836540e-01,nan,1.385310525903723189e+01,1.000000000000000000e+00
9.660000000000000000e+02,7.273533909631834149e+01,3.227524727567494978e+01,-1.224211866324405882e-03,3.483667884121973657e+01,3.399290786018457355e-01,nan,2.296455563598957639e+01,1.000000000000000000e+00
9.700000000000000000e+02,1.535369036120577668e+01,9.487123421681200597e+00,-1.124661226813714835e-03,3.210241385176948370e+01,3.113481396266815082e-01,nan,6.087412550078976636e+00,1.000000000000000000e+00
9.730000000000000000e+02,1.317167272640838860e+02,3.844708065424160992e+01,-1.223484843495911516e-03,3.481671038018067321e+01,3.562133318886885336e-01,nan,1.930443362866188295e+01,1.000000000000000000e+00
9.760000000000000000e+02,1.291833517897052843e+02,1.930959998333749184e+01,-1.748691896661387418e-03,4.924208489049183868e+01,2.286628314373043702e-01,nan,1.244174696677626990e+01,1.000000000000000000e+00
9.760000000000000000e+02,7.128483398713001407e+01,5.221954678359180946e+01,-1.138759453706368304e-03,3.248963676058634320e+01,3.211581245939516549e-01,nan,3.056421884192349481e+01,1.000000000000000000e+00
9.770000000000000000e+02,5.777052603944402165e+01,1.105699464700202661e+01,-1.318867575612703595e-03,3.743649932686090409e+01,2.893827141413567450e-01,nan,1.048077347825593897e+01,1.000000000000000000e+00
9.810000000000000000e+02,1.388802886818345996e+02,2.710488589825735417e+01,-1.274925032369868174e-03,3.622957028926908407e+01,2.827266278160968094e-01,nan,1.244174696677626990e+01,1.000000000000000000e+00
9.820000000000000000e+02,6.536755315838158253e+01,3.349077973898005922e+01,-1.527442451882738859e-03,4.316523180580022512e+01,2.710448000474883212e-01,nan,8.312481025538323465e+00,1.000000000000000000e+00
9.840000000000000000e+02,5.950050008889322584e+01,2.760222906162812606e+01,-1.262183167604151099e-03,3.587960131970291400e+01,3.625329803825844133e-01,nan,8.312481025538323465e+00,1.000000000000000000e+00
9.900000000000000000e+02,1.323541815234200669e+02,1.955964591230415550e+01,-1.357082771961527594e-03,3.848612064476650119e+01,2.816016590707843825e-01,nan,4.542576454944988740e+01,1.000000000000000000e+00
9.900000000000000000e+02,8.742116330213113429e+01,2.623227346278041594e+01,-1.256876751264988023e-03,3.573385490876135151e+01,3.073475912508962793e-01,nan,4.542576454944988740e+01,1.000000000000000000e+00
9.940000000000000000e+02,1.810793984918420918e+01,3.553613395369558958e+01,-1.031946993578385097e-03,2.955591808634687823e+01,3.431034614621188972e-01,nan,1.265377903685256200e+01,1.000000000000000000e+00
9.960000000000000000e+02,1.199506590087173095e+02,4.096427303920301455e+01,-1.368613832657257241e-03,3.880283358309145569e+01,3.045833119139711442e-01,nan,2.750019607609610972e+01,1.000000000000000000e+00
9.970000000000000000e+02,6.871802806386193652e+01,1.782521946813658786e+01,-1.541549349318667656e-03,4.355269286037921717e+01,2.255851765236011053e-01,nan,3.684006302390487519e+01,1.000000000000000000e+00
9.980000000000000000e+02,4.677535519871067748e+01,5.335706014620907922e+01,1.255556114915445335e-03,-3.569758221626938166e+01,3.114729241549633043e-01,nan,2.410476243774835936e+01,1.000000000000000000e+00
1.000000000000000000e+03,2.485347397734226149e+01,2.124671830966737218e+01,-1.242574770321579506e-03,3.534103567660416445e+01,2.970034023748749918e-01,nan,5.410276982496720954e+00,1.000000000000000000e+00
1.003000000000000000e+03,7.052754125167149368e+01,1.531030403351294211e+01,-1.886038692080186817e-03,5.301446180311307188e+01,2.143531094038775286e-01,nan,1.556032076456054547e+01,1.000000000000000000e+00
1.003000000000000000e+03,9.556065503815563034e+01,1.468267851658950995e+01,-1.232303532055003051e-03,3.505892511128141820e+01,3.222690812551778361e-01,nan,1.833943981114087052e+01,1.000000000000000000e+00
1.007000000000000000e+03,1.178510315405459323e+02,9.152009140077044691e+00,-1.256150351520173578e-03,3.571390356138323341e+01,2.998802018362726196e-01,nan,1.553520898541156114e+01,1.000000000000000000e+00
1.009000000000000000e+03,5.627259099276678889e+00,1.093126041842001150e+01,-1.213147283558358575e-03,3.453277821909637169e+01,2.926455782778029091e-01,nan,2.500960365886474079e+01,1.000000000000000000e+00
1.015000000000000000e+03,1.133222320533228071e+02,2.363400313162541266e+01,-1.446313039236352301e-03,4.093692555177707249e+01,2.187095725128951340e-01,nan,6.510265258726979809e+00,1.000000000000000000e+00
1.019000000000000000e+03,1.401178003689130094e+02,4.038415458921147660e+01,-8.269067176714210710e-04,2.392426719394428503e+01,3.692992337620384369e-01,nan,3.160015910098450931e+01,1.000000000000000000e+00
1.022000000000000000e+03,9.080111286902860002e+01,9.724247366801151315e+00,-1.159482125842513801e-03,3.305880715655987956e+01,3.414159325314677362e-01,nan,1.948580596398809917e+01,1.000000000000000000e+00
1.033000000000000000e+03,4.870738419045656542e+01,2.706072115352373331e+01,-4.236441254928877825e-02,1.164796375125304621e+03,8.138208527776358281e-03,nan,2.250110478426609717e+01,1.000000000000000000e+00
1.037000000000000000e+03,6.406957635939031093e+01,4.350160824264618498e+01,-9.651780018105811116e-04,2.772203617992283498e+01,3.746811099445001014e-01,nan,2.182283239878156067e+01,1.000000000000000000e+00
1.041000000000000000e+03,5.012547475386065088e+01,2.671476683873772728e+01,1.459481816219955876e-03,-4.129862012287300388e+01,3.182592424092168804e-01,nan,2.182283239878156067e+01,1.000000000000000000e+00
1.044000000000000000e+03,1.133552509600097657e+01,2.730301014795895043e+01,-1.087078067327999515e-03,3.107015210357970503e+01,3.450911059408588999e-01,nan,3.879440970874710359e+01,1.000000000000000000e+00
1.056000000000000000e+03,8.686083024921648743e+00,2.387373106634928632e+01,-9.769008865994810616e-04,2.804401777251929317e+01,3.593474728110378491e-01,nan,1.384501822387082370e+01,1.000000000000000000e+00
1.059000000000000000e+03,1.331420538966253559e+02,5.115036854479726003e+01,-9.260478400582677861e-04,2.664728435676266827e+01,3.549619906554726256e-01,nan,5.903251081743221107e+00,1.000000000000000000e+00
1.060000000000000000e+03,9.599319157570408834e+01,2.964143659261006292e+01,-1.289942379574112027e-03,3.664203782234377371e+01,3.140346806070891672e-01,nan,2.209820162766434493e+01,1.000000000000000000e+00
1.065000000000000000e+03,7.262261368965972963e+01,5.617122863045947767e+00,1.245945253600743959e-03,-3.543360961156876243e+01,3.065082442399237328e-01,nan,2.706423129640712233e+01,1.000000000000000000e+00
1.071000000000000000e+03,7.792265223137725627e+01,3.389254286921008230e+01,-1.304440600376659655e-03,3.704024699251658603e+01,2.699959218808081207e-01,nan,4.698050549241465745e+01,1.000000000000000000e+00
1.076000000000000000e+03,1.245335503897865408e+02,5.309874731075833409e+00,1.414911160303353307e-03,-4.007443929763066848e+01,3.370861340474912149e-01,nan,2.404332234077283204e+01,1.000000000000000000e+00
1.078000000000000000e+03,8.555740877178679682e+01,2.776954864790049626e+01,-1.404873530889727638e-03,3.979874504978201344e+01,2.524039900438842521e-01,nan,6.875255709109409530e+00,1.000000000000000000e+00
1.080000000000000000e+03,1.181158776241536259e+02,2.848086576416631388e+01,-1.320741698740924988e-03,3.748797412682805685e+01,3.041347235346835154e-01,nan,1.135411696587819819e+01,1.000000000000000000e+00
1.081000000000000000e+03,6.908989670901665647e+01,1.435643058049412168e+01,-1.207078475548864927e-03,3.436609190397459201e+01,2.985261695741359134e-01,nan,2.098996548794994510e+01,1.000000000000000000e+00
1.082000000000000000e+03,4.814814289302240269e+01,1.577825978810659002e+01,-1.194628295215291111e-03,3.402413435989696922e+01,3.291165276160648023e-01,nan,1.534581535437306954e+01,1.000000000000000000e+00
1.083000000000000000e+03,1.328776088537771045e+02,3.450356055180427006e+01,-1.079167811951360330e-03,3.085288846328302270e+01,3.123067392314264890e-01,nan,7.360509149220971992e+00,1.000000000000000000e+00
1.084000000000000000e+03,1.401658426991032229e+02,3.347460848702743874e+01,-1.384140665153932000e-03,3.922929467567094974e+01,2.609111364875450478e-01,nan,7.360509149220971992e+00,1.000000000000000000e+00
1.092000000000000000e+03,9.937847194216575986e+01,5.277152871164705772e+01,-1.214088348678199480e-03,3.455862558102815996e+01,2.641967819966339892e-01,nan,3.879477374241814402e+01,1.000000000000000000e+00
1.094000000000000000e+03,6.302369182744264720e+01,3.589000472646087303e+01,-2.707436046640775574e-03,7.557502032931799363e+01,1.194634683571269562e-01,nan,1.230418879854386560e+01,1.000000000000000000e+00
1.096000000000000000e+03,6.087756014609851007e+01,4.800558068456304284e+01,-1.452844669044990600e-02,4.002517446793907538e+02,1.380245228062171314e-02,nan,1.230418879854386560e+01,1.000000000000000000e+00
1.104000000000000000e+03,1.063370765629188242e+02,5.200840503065749232e+01,-1.183972250497467536e-03,3.373145467304440359e+01,3.645816592243268373e-01,nan,2.749518314998119806e+01,1.000000000000000000e+00
1.104000000000000000e+03,1.359757972856081665e+02,3.202771519068004125e+01,-1.365126702433255151e-03,3.870705581479175095e+01,2.630101966205359298e-01,nan,1.565746976282521530e+01,1.000000000000000000e+00
1.105000000000000000e+03,6.306009386497098035e+01,4.968743070155380082e+01,-1.003668487074055229e-03,2.877921860286011579e+01,3.671508982631092044e-01,nan,4.333917573368044174e+01,1.000000000000000000e+00
1.108000000000000000e+03,9.177579675108849244e+01,9.056428376533048663e+00,-9.851880945612116313e-04,2.827163481949586910e+01,3.729471755678149814e-01,nan,1.876026097606219523e+01,1.000000000000000000e+00
1.109000000000000000e+03,1.411785042374376076e+02,4.679552476919138826e+01,1.129963801574865832e-03,-3.224805474965442897e+01,2.991293356944124682e-01,nan,7.858947334439272403e+00,1.000000000000000000e+00
1.110000000000000000e+03,1.252070455273133120e+02,8.437287292849942943e+00,-9.883632363558822638e-04,2.835884349126714454e+01,3.659072203232828224e-01,nan,2.620196942978175514e+01,1.000000000000000000e+00
1.111000000000000000e+03,7.101848649763802257e+01,4.449359616355342695e+01,-1.267748842489981390e-03,3.603246854444187619e+01,3.077701145934212956e-01,nan,1.380270586448616044e+01,1.000000000000000000e+00
1.112000000000000000e+03,1.335735094206303302e+02,4.481383179553866114e+01,-1.181535789320820127e-03,3.366453465599371953e+01,3.555536251605375675e-01,nan,5.147965354793709203e+00,1.000000000000000000e+00
1.113000000000000000e+03,4.121743079890237027e+01,5.051025754763133335e+01,-1.232802413483285011e-03,3.507262742429460189e+01,3.354317997677275232e-01,nan,3.040235410243422365e+01,1.000000000000000000e+00
1.115000000000000000e+03,9.956157185686321043e+01,3.960764228300151757e+01,-3.167611538936819515e-02,8.712308403898607594e+02,8.916192614365492375e-03,nan,1.600468091799601922e+01,1.000000000000000000e+00
1.115000000000000000e+03,8.357879725227158474e+01,3.877054776881158915e+01,-1.436183851160745999e-03,4.065871654716577410e+01,2.280668276462141097e-01,nan,1.380270586448616044e+01,1.000000000000000000e+00
1.126000000000000000e+03,1.281854156018179367e+02,3.731158027608297800e+01,-1.307890452063656611e-03,3.713500086585096227e+01,3.459990842667295396e-01,nan,3.682783302344283083e+00,1.000000000000000000e+00
1.127000000000000000e+03,1.289216554076878367e+02,4.092002090886031596e+01,1.431944555852570885e-03,-4.054227975883314627e+01,3.603737952020598101e-01,nan,3.682783302344283083e+00,1.000000000000000000e+00
1.131000000000000000e+03,6.039242635462487740e+00,1.301907123225470997e+01,-1.356553081427245731e-03,3.847157212664297532e+01,3.249581510455152866e-01,nan,3.964119296455179864e+01,1.000000000000000000e+00
1.131000000000000000e+03,6.818413867365093495e+01,1.746058999863715755e+01,-1.155836851940233567e-03,3.295868580267454462e+01,3.450720077409265008e-01,nan,2.156967671941489684e+01,1.000000000000000000e+00
1.131000000000000000e+03,8.952484438365539177e+01,2.059511286169817623e+01,-1.141147582485079609e-03,3.255522927653625231e+01,3.646376526181553945e-01,nan,1.168722625939099835e+01,1.000000000000000000e+00
1.131000000000000000e+03,1.321175649739424784e+02,2.786535934198592912e+01,-1.194957970890443309e-03,3.403318925558495778e+01,3.518285074582578886e-01,nan,1.023195429135962975e+01,1.000000000000000000e+00
1.133000000000000000e+03,4.472736374332959741e+01,2.165929488652653134e+01,-1.470345013242712771e-03,4.159698946975836265e+01,2.452937733646679552e-01,nan,2.382959111834144750e+01,1.000000000000000000e+00
1.134000000000000000e+03,1.216823811631744405e+02,1.697169971823639756e+01,-1.210385156250398274e-03,3.445691343277574248e+01,3.416628941312760404e-01,nan,9.241151945780476495e+00,1.000000000000000000e+00
1.137000000000000000e+03,1.125420932390196072e+02,1.833332593293395973e+01,1.148201103551292927e-03,-3.274896179094793780e+01,3.183536868734062608e-01,nan,9.241151945780476495e+00,1.000000000000000000e+00
1.140000000000000000e+03,8.292094103667166394e+01,2.024653645672367119e+01,-1.502588085678908643e-03,4.248258000486618613e+01,2.599505892189177825e-01,nan,2.968287439421933982e+01,1.000000000000000000e+00
1.144000000000000000e+03,3.795830874764543239e+01,2.020821096972735731e+01,-1.298515259512448292e-03,3.687750115627480341e+01,3.306926830281932128e-01,nan,2.405378627820594772e+01,1.000000000000000000e+00
1.146000000000000000e+03,1.378287955867255050e+02,4.315062350626274679e+01,-1.861609635322075511e-03,5.234349158185373341e+01,1.704616965799254924e-01,nan,2.935948642353248417e+01,1.000000000000000000e+00
1.159000000000000000e+03,4.506356490120975877e+01,7.132601463225128668e+00,-1.055979389291250136e-03,3.021599358694920312e+01,3.428390174388763478e-01,nan,3.178258408545694991e+01,1.000000000000000000e+00
1.163000000000000000e+03,9.610734381492220280e+01,2.830484189660921501e+01,-1.090996799425761376e-03,3.117778427983301981e+01,3.135968669909962037e-01,nan,5.358070159464292992e+00,1.000000000000000000e+00
1.163000000000000000e+03,3.605382405371298660e+01,3.761140099683684213e+01,1.331564294416189486e-03,-3.778522831419742545e+01,3.255177863731379961e-01,nan,2.644623042448451855e+01,1.000000000000000000e+00
1.168000000000000000e+03,1.526335413938468122e+01,1.198708499990951459e+01,-1.173334202741888651e-03,3.343926929204486242e+01,3.043743994656494811e-01,nan,6.601341186119399573e+00,1.000000000000000000e+00
1.170000000000000000e+03,7.422286443346096974e+01,4.131779755490433104e+01,-1.367724545357029350e-03,3.877840835445880430e+01,2.906935152597360794e-01,nan,1.916471564238304381e+01,1.000000000000000000e+00
1.171000000000000000e+03,3.617814047736360550e+01,4.691086718000669009e+01,-9.756855723321649580e-04,2.801063786387546273e+01,3.580574426897655815e-01,nan,3.845365325592473482e+01,1.000000000000000000e+00
1.173000000000000000e+03,1.010938534936097426e+02,4.075123561650801918e+01,-1.263782414625249338e-02,3.483237705722110604e+02,1.362476793656808294e-02,nan,1.469760122481548592e+01,1.000000000000000000e+00
1.177000000000000000e+03,3.608054533031260291e+01,4.024668427870468435e+01,-1.201340809502173803e-03,3.420850075770234611e+01,3.063673517340942398e-01,nan,1.423819091058528663e+01,1.000000000000000000e+00
1.179000000000000000e+03,4.191287684353873999e+01,5.337593928602802151e+01,-1.920390548559624275e-03,5.395797235167421491e+01,1.561743081358216712e-01,nan,1.436639926799668210e+01,1.000000000000000000e+00
1.180000000000000000e+03,1.145381049340399358e+02,4.502538962928735344e+01,-1.490952692236064293e-03,4.216300145584207826e+01,2.493619484101736727e-01,nan,1.084254999866314328e+01,1.000000000000000000e+00
1.180000000000000000e+03,5.713551045836419462e+01,5.371315743487299699e+01,-1.032307281294833016e-03,2.956581377455194115e+01,3.617421604789823331e-01,nan,1.522636825546802264e+01,1.000000000000000000e+00
1.181000000000000000e+03,2.429547943670468158e+01,4.823657178039034932e+01,-1.155133462960897727e-03,3.293936647062789547e+01,3.316651733824349524e-01,nan,1.423819091058528663e+01,1.000000000000000000e+00
1.181000000000000000e+03,1.379183055510197278e+02,1.212519155789187764e+01,-1.349566817624440985e-03,3.827968690504155092e+01,3.095808693384284327e-01,nan,2.953703168593488471e+01,1.000000000000000000e+00
1.181000000000000000e+03,5.573821031354093236e+01,2.901148751363302480e+01,-2.114002971136276238e-03,5.927574500663676815e+01,1.867892696714736900e-01,nan,1.798833962076223614e+01,1.000000000000000000e+00
1.183000000000000000e+03,1.943703342557784808e+01,1.798011746416982959e+01,-1.231634093582471964e-03,3.504053826628444313e+01,2.659663360951237676e-01,nan,3.064404551348554406e+01,1.000000000000000000e+00
1.185000000000000000e+03,7.027172225561731977e+01,1.841161048880828233e+01,-1.188019309432440619e-03,3.384261148339267322e+01,3.559048882600076569e-01,nan,1.798833962076223614e+01,1.000000000000000000e+00
1.191000000000000000e+03,6.693295701271334508e+01,2.147910477112558780e+01,-1.317274054761489403e-03,3.739273156911620077e+01,2.904362261026046665e-01,nan,1.853475475620226831e+01,1.000000000000000000e+00
1.193000000000000000e+03,9.552230562603538999e+01,9.322582351369627318e+00,-1.545019280723565827e-03,4.364799824468253320e+01,2.742313531702340601e-01,nan,4.137255202576209712e+00,1.000000000000000000e+00
1.195000000000000000e+03,1.383287848207944819e+02,4.384031391548145251e+01,-1.212071433631068014e-03,3.450322884799687984e+01,3.237073479717622604e-01,nan,1.570582023913004299e+01,1.000000000000000000e+00
1.201000000000000000e+03,9.892581961422354198e+01,4.930205916920524345e+01,-9.871348565937089134e-04,2.832510472480649000e+01,3.657032727075846257e-01,nan,2.450984184850216607e+01,1.000000000000000000e+00
1.201000000000000000e+03,2.104000078185854150e+01,2.111728920279749389e+01,-1.124937142414561379e-03,3.210999216940908951e+01,3.331133003550940108e-01,nan,1.293229918638377285e+01,1.000000000000000000e+00
1.201000000000000000e+03,1.394016824166899653e+02,5.342837076176396494e+01,-1.020779332814457938e-03,2.924918631655664925e+01,3.616000168553868965e-01,nan,1.968411377569477239e+01,1.000000000000000000e+00
1.206000000000000000e+03,1.114507352520253392e+02,1.824394754969773302e+01,-1.129015662545483894e-03,3.222201309521692281e+01,3.578869476355859280e-01,nan,1.482442059796374068e+01,1.000000000000000000e+00
1.208000000000000000e+03,8.101710850946460596e+01,4.663344559748708917e+01,-1.136182938855413672e-03,3.241887001929376311e+01,3.595290095826166876e-01,nan,2.635503759208334174e+01,1.000000000000000000e+00
1.220000000000000000e+03,5.167895977608493041e+01,4.351946492535861211e+01,-1.321791358041504109e-03,3.751680414429987565e+01,3.139599189916781885e-01,nan,3.437766707077352635e+01,1.000000000000000000e+00
1.222000000000000000e+03,1.004996976711112353e+02,4.834753186605078668e+01,-1.679679223763613652e-03,4.734657787757606684e+01,1.788220343350156449e-01,nan,3.631535346155514077e+01,1.000000000000000000e+00
1.224000000000000000e+03,7.696352240309127524e+01,2.022751597320047878e+01,-1.473050722842963274e-03,4.167130468328132764e+01,2.065739911577519905e-01,nan,1.293289036350728338e+01,1.000000000000000000e+00
1.226000000000000000e+03,1.383300973723624168e+02,2.857828819547950516e+01,-1.048652107023949126e-03,3.001474192779588179e+01,3.453667196133015649e-01,nan,1.904426473506688922e+01,1.000000000000000000e+00
1.229000000000000000e+03,1.341708533940989696e+02,4.716281694464588270e+01,-1.264894402298482852e-03,3.595406828585532821e+01,3.243919453947571307e-01,nan,1.904426473506688922e+01,1.000000000000000000e+00
1.230000000000000000e+03,5.284590804975796630e+01,3.292229805978911372e+01,-1.055566923336600724e-03,3.020466476751940021e+01,3.244370283526510912e-01,nan,2.655041414464558613e+01,1.000000000000000000e+00
1.232000000000000000e+03,3.537739951341207956e+01,1.292790632691042951e+01,-1.861681399890952830e-03,5.234546267263856834e+01,1.601432017734945035e-01,nan,1.994785992725553214e+01,1.000000000000000000e+00
1.236000000000000000e+03,1.261342623896935322e+02,3.995808319442735268e+01,-1.073955059345523639e-03,3.070971462714433997e+01,3.621262787991342824e-01,nan,3.212797366724263526e+01,1.000000000000000000e+00
1.237000000000000000e+03,9.461689745850435429e+00,3.026517991571713395e+01,-1.182643127201888278e-03,3.369494887748520284e+01,3.440899431417194787e-01,nan,1.424394542760370186e+01,1.000000000000000000e+00
1.241000000000000000e+03,9.542049148281630266e+01,4.938522319778456904e+01,-1.202604566097525756e-03,3.424321118679493736e+01,3.040067135335685622e-01,nan,2.414657393486302439e+01,1.000000000000000000e+00
1.244000000000000000e+03,1.233434226896876140e+02,1.345247436498968341e+01,-2.025224293017391548e-03,5.683734347970262490e+01,1.515736086568348906e-01,nan,1.241565160924428390e+01,1.000000000000000000e+00
1.244000000000000000e+03,4.311127136624992318e+01,5.088294203954490769e+01,-1.208079183509593296e-03,3.439357742044271760e+01,2.979837975787772431e-01,nan,2.436531368953905030e+01,1.000000000000000000e+00
1.247000000000000000e+03,1.039656082600087927e+01,8.142480476480216112e+00,1.155260832693962361e-03,-3.294286481683185741e+01,3.163520832044642850e-01,nan,2.204814448516419390e+01,1.000000000000000000e+00
1.250000000000000000e+03,1.184573831704574474e+02,2.585139597914381326e+01,-1.138326605211842715e-03,3.247774811285756158e+01,3.611870486917795331e-01,nan,8.883678341570602655e+00,1.000000000000000000e+00
1.255000000000000000e+03,1.209748274837005937e+02,5.114748471804590935e+01,-1.234116123654494359e-03,3.510870988187677710e+01,3.233525298859820651e-01,nan,2.542104701535107480e+01,1.000000000000000000e+00
1.256000000000000000e+03,8.297236646551888839e+01,3.792500086432823991e+01,-1.199302743836471547e-03,3.415252310026769322e+01,3.338165567759038277e-01,nan,3.320279318138631908e+01,1.000000000000000000e+00
1.262000000000000000e+03,3.322263570380289366e+01,1.673818376522900664e+01,-1.184584338360089107e-03,3.374826632208512933e+01,3.517674053969560566e-01,nan,1.984663453074029249e+01,1.000000000000000000e+00
1.264000000000000000e+03,1.383985020017135810e+02,4.524529065346147405e+01,-1.090595993204645023e-03,3.116677570747890158e+01,3.476561419801401653e-01,nan,6.525619424068280239e+01,1.000000000000000000e+00
1.264000000000000000e+03,1.380012105504959230e+01,1.265715118563147534e+01,-1.118184833825839252e-03,3.192453277846138704e+01,3.094919295424100047e-01,nan,1.984663453074029249e+01,1.000000000000000000e+00
1.269000000000000000e+03,7.314328775490966450e+01,4.560292228159656958e+01,-1.192013724181576915e-03,3.395232236476510224e+01,3.571564573274286225e-01,nan,3.157016765982347550e+01,1.000000000000000000e+00
1.279000000000000000e+03,1.031250263907341918e+02,3.040034756668940474e+01,-1.274127131003482917e-03,3.620765507323566368e+01,2.444578657525617871e-01,nan,1.548766374155617598e+01,1.000000000000000000e+00
1.288000000000000000e+03,1.014178937841548418e+02,1.149966507746892397e+01,-1.084211763047372972e-03,3.099142598507207680e+01,3.683316325799900204e-01,nan,2.490815634442850168e+01,1.000000000000000000e+00
1.304000000000000000e+03,1.408153184146722481e+02,1.338179681473826577e+01,-1.027426359594387157e-03,2.943175402980922684e+01,3.034369517843648056e-01,nan,1.076231963680025530e+02,1.000000000000000000e+00
1.312000000000000000e+03,1.337427689443635188e+02,6.595569379754474326e+00,-1.712608692540708386e-03,4.825102102370709645e+01,2.113341838784694726e-01,nan,1.772424194942108500e+01,1.000000000000000000e+00
1.312000000000000000e+03,3.973678936281779528e+01,4.048042846153860808e+01,-1.260527907504858155e-03,3.583413782735191688e+01,2.900852459503515668e-01,nan,5.375521424124961811e+01,1.000000000000000000e+00
1.320000000000000000e+03,7.655886658319663240e+01,5.029593640942492527e+01,-9.100365399568556210e-03,2.511636754666068612e+02,2.246971126094010618e-02,nan,1.954847719452518717e+01,1.000000000000000000e+00
1.320000000000000000e+03,1.444003313726502427e+02,7.451937091692126813e+00,-1.538046855355599662e-03,4.345649311052277142e+01,2.849311285718155728e-01,nan,4.110234965586487021e+01,1.000000000000000000e+00
1.324000000000000000e+03,1.033539053618751211e+02,5.308561488831432307e+00,1.621134690344850499e-03,-4.573858953277559181e+01,3.071743172740195593e-01,nan,3.628865901543706229e+01,1.000000000000000000e+00
1.325000000000000000e+03,3.988650202010433077e+01,3.692349140772893179e+01,-9.678593315826863885e-04,2.779568177534114426e+01,3.731736357659486414e-01,nan,2.802744415161672364e+01,1.000000000000000000e+00
1.329000000000000000e+03,6.586906127651353415e+01,4.743273686871132355e+01,-1.035302551847758126e-03,2.964808208992439020e+01,3.216860747678762511e-01,nan,2.802744415161672364e+01,1.000000000000000000e+00
1.331000000000000000e+03,1.886779066296724139e+01,9.314711992028023246e+00,-1.199780427919922270e-03,3.416564320549068867e+01,2.896954254205487134e-01,nan,4.079624906130543138e+01,1.000000000000000000e+00
1.332000000000000000e+03,8.398841856364916225e+01,1.336534000355469232e+01,-1.597900713664263291e-03,4.510044346645513968e+01,2.226061523516734697e-01,nan,1.126292809175849108e+01,1.000000000000000000e+00
1.334000000000000000e+03,8.991363607791487311e+01,2.294371912576328398e+01,-1.068107015728118675e-03,3.054909184261535415e+01,3.653070287385283832e-01,nan,1.126292809175849108e+01,1.000000000000000000e+00
1.334000000000000000e+03,3.022610745394587539e+01,4.849790452591731338e+01,-1.185966053430457428e-03,3.378621660709458041e+01,3.661429494602355117e-01,nan,3.565886620934053752e+01,1.000000000000000000e+00
1.348000000000000000e+03,8.628818574610689041e+01,3.498527539699257716e+01,-1.171723879576553901e-03,3.339504004073801724e+01,3.132047298226726673e-01,nan,1.817762893021653881e+01,1.000000000000000000e+00
1.352000000000000000e+03,9.448290347280727985e+01,5.121095858459203498e+01,-1.591200360445193304e-03,4.491641108540864735e+01,2.040510953734855359e-01,nan,1.817762893021653881e+01,1.000000000000000000e+00
1.357000000000000000e+03,4.222460799929523034e+01,2.377555579122055107e+01,-1.113897539469448908e-03,3.180677764483527881e+01,3.197993017976384911e-01,nan,1.607028372831495489e+01,1.000000000000000000e+00
1.357000000000000000e+03,7.494062558601042312e+00,5.236842015211111345e+01,-1.393192515571298239e-03,3.947791344705802175e+01,3.205448887047476214e-01,nan,4.498624988780915857e+01,1.000000000000000000e+00
1.361000000000000000e+03,1.322280679009366224e+02,2.823984822134621808e+01,-1.611336139590537368e-03,4.546946183649401974e+01,2.603736700314179808e-01,nan,1.132996259784840909e+01,1.000000000000000000e+00
1.363000000000000000e+03,1.209277378545066739e+02,2.905874584034163988e+01,-1.309357661342352552e-03,3.717529934090499921e+01,2.850686022639885575e-01,nan,1.132996259784840909e+01,1.000000000000000000e+00
1.364000000000000000e+03,9.568024762364679248e+01,4.677665258045696106e+01,-1.282378858509417453e-03,3.643429761147407930e+01,3.409152697670089216e-01,nan,3.084412394944601132e+01,1.000000000000000000e+00
1.373000000000000000e+03,1.013250568992146761e+01,3.693236205101727165e+01,-1.285662170992357342e-03,3.652447730711092788e+01,3.363557346825084560e-01,nan,1.670779036107737170e+01,1.000000000000000000e+00
1.374000000000000000e+03,2.067661842301294683e+01,4.989276117378999942e+01,-1.137659075372390470e-03,3.245941369051332970e+01,3.475987604576995516e-01,nan,1.670779036107737170e+01,1.000000000000000000e+00
1.379000000000000000e+03,8.740152637898415833e+01,3.411118618033977157e+01,-1.318039455154177385e-03,3.741375411108001714e+01,3.451382920260612774e-01,nan,6.879479424178760461e+00,1.000000000000000000e+00
1.380000000000000000e+03,4.724688013603719128e+01,5.290630158192165311e+01,-1.137179470508697422e-03,3.244624082900272555e+01,3.554713187003154529e-01,nan,1.854780717262751821e+01,1.000000000000000000e+00
1.381000000000000000e+03,6.135540226478376269e+01,4.086592142780520476e+01,-1.368301397704525498e-03,3.879425222231935066e+01,2.988485602819207498e-01,nan,1.854780717262751821e+01,1.000000000000000000e+00
1.382000000000000000e+03,1.186981370258224615e+02,4.616606744539515006e+01,-1.207004445833463700e-03,3.436405859851321765e+01,3.654039100485778624e-01,nan,3.353800829349255963e+01,1.000000000000000000e+00
1.382000000000000000e+03,6.726377233627585106e+00,4.939021514937136814e+00,-1.212586151291255654e-03,3.451736612008895833e+01,3.278631927590850426e-01,nan,6.279148917240867434e+01,1.000000000000000000e+00
1.384000000000000000e+03,1.253914951547483128e+02,1.100581162319779871e+01,-1.731138567116038713e-03,4.875996388494093736e+01,1.740066098375997461e-01,nan,1.950552989126411418e+01,1.000000000000000000e+00
1.384000000000000000e+03,1.441568785458188131e+02,1.632803695900736329e+01,-1.049039991724844915e-03,3.002539559675085457e+01,3.445718370611975390e-01,nan,1.950552989126411418e+01,1.000000000000000000e+00
1.388000000000000000e+03,5.036474166832859822e+01,4.023952320329173915e+01,-1.309040819576369908e-03,3.716659694228475530e+01,2.987740701643096797e-01,nan,1.891892855534264939e+01,1.000000000000000000e+00
1.391000000000000000e+03,1.068254316334214167e+02,3.239354515323459793e+01,-1.116272838098144888e-03,3.187201776696663913e+01,3.669097453278830079e-01,nan,3.830740461231928151e+01,1.000000000000000000e+00
1.394000000000000000e+03,5.074817886856737914e+01,1.976151911649449033e+01,-1.277901193132727599e-03,3.631131373377993299e+01,3.293739764492200628e-01,nan,1.258567165574826596e+01,1.000000000000000000e+00
1.395000000000000000e+03,5.887082348562976186e+00,4.184455435065937223e+01,-1.230158559463872007e-03,3.500001114058181173e+01,3.184276711521281111e-01,nan,5.000178422947043799e+01,1.000000000000000000e+00
1.398000000000000000e+03,8.686457432715479854e+01,4.389829904951123751e+01,-1.162556154544689031e-03,3.314323864889620097e+01,3.672628856072416292e-01,nan,3.236715192838579469e+01,1.000000000000000000e+00
1.402000000000000000e+03,1.039600745925995113e+02,1.641418737331933642e+01,-1.219228453251761145e-03,3.469980406111309890e+01,3.386090311321552360e-01,nan,1.468045621370514020e+01,1.000000000000000000e+00
1.402000000000000000e+03,1.419102965622346630e+02,9.797707927918347437e+00,-9.476611505357347351e-04,2.724091708916023080e+01,3.604643916090827238e-01,nan,2.429905199674883676e+01,1.000000000000000000e+00
1.406000000000000000e+03,1.176463666449804037e+02,1.110370674540537195e+01,-1.356028974506716216e-03,3.845717696845437672e+01,3.059557447007470454e-01,nan,1.468045621370514020e+01,1.000000000000000000e+00
1.408000000000000000e+03,1.103869520950902086e+02,3.324519597457612008e+01,-1.235649110051477819e-03,3.515081499596924175e+01,2.993509724526985938e-01,nan,1.788462990340815750e+01,1.000000000000000000e+00
1.417000000000000000e+03,2.384750287828552118e+01,3.820424486483747728e+01,-9.752193396864338630e-04,2.799783228466042573e+01,3.749462282153526171e-01,nan,4.161915811115483166e+01,1.000000000000000000e+00
1.423000000000000000e+03,1.084309369028185159e+02,3.285978668000198866e+01,-1.177232002620874282e-03,3.354632654247919277e+01,3.250395970793890088e-01,nan,1.611017663139095646e+01,1.000000000000000000e+00
1.423000000000000000e+03,3.296734426853839039e+01,4.161511068836011162e+01,-1.243196797928841722e-03,3.535812033138255828e+01,2.762099269234125076e-01,nan,1.858562794068997093e+01,1.000000000000000000e+00
1.424000000000000000e+03,1.971800213371552246e+01,2.858128933987741860e+01,-1.582367597912840004e-03,4.467380979755104420e+01,2.063403764570578280e-01,nan,1.372679965710491068e+01,1.000000000000000000e+00
1.425000000000000000e+03,1.418703527509603823e+01,1.601811161944583972e+01,-1.081028430667747712e-03,3.090399235010825763e+01,3.289475227012738090e-01,nan,1.372679965710491068e+01,1.000000000000000000e+00
1.434000000000000000e+03,5.247142938677679780e+01,1.873985534562342181e+01,-1.212933549684136990e-03,3.452690778921047610e+01,3.284290767412214596e-01,nan,1.525879152939718253e+01,1.000000000000000000e+00
1.441000000000000000e+03,2.893274891949809202e+01,2.959519606182528051e+01,-1.209790530011927660e-03,3.444058138595364227e+01,3.382712984363365205e-01,nan,2.180253186025863954e+01,1.000000000000000000e+00
1.445000000000000000e+03,1.192784079601185709e+02,1.951214504098085456e+01,-1.279662855485089439e-03,3.635969967802872560e+01,3.273434503918262184e-01,nan,1.365933550416669817e+01,1.000000000000000000e+00
1.446000000000000000e+03,3.260876116757666665e+01,5.108559692987726208e+01,-1.120449264239816800e-03,3.198672778627266311e+01,3.169275624253560242e-01,nan,2.180253186025863954e+01,1.000000000000000000e+00
1.449000000000000000e+03,8.145028873902796818e+01,3.966261462145909178e+01,1.104206092644405323e-03,-3.154059167274024489e+01,3.318572500682572812e-01,nan,1.926924385560438324e+01,1.000000000000000000e+00
1.449000000000000000e+03,6.248951852345935976e+01,4.309670134126591279e+01,1.196476665046479829e-03,-3.407490181796470097e+01,3.658187493801933199e-01,nan,1.926924385560438324e+01,1.000000000000000000e+00
1.450000000000000000e+03,1.315926483905006137e+02,1.360139813063752534e+01,-1.209630896187518243e-03,3.443619687190772538e+01,3.110406556041959147e-01,nan,1.365933550416669817e+01,1.000000000000000000e+00
1.452000000000000000e+03,3.219111760880208095e+01,6.185069822614638113e+00,-1.210660914906828371e-03,3.446448743976877438e+01,2.939232768518160732e-01,nan,4.775417928678070467e+01,1.000000000000000000e+00
1.457000000000000000e+03,8.755853656122901896e+01,3.496910334862283065e+01,-1.131542034798284401e-03,3.229140261631999209e+01,3.365222789260127190e-01,nan,2.387996014362817832e+01,1.000000000000000000e+00
1.470000000000000000e+03,8.794727456660176301e+01,1.921115859119819902e+01,-1.196483878351209396e-03,3.407509993910864665e+01,3.155146144723421919e-01,nan,9.049569939490751835e+00,1.000000000000000000e+00
1.474000000000000000e+03,7.237749918976517982e+00,1.879803331415893908e+01,-1.068010482053307741e-03,3.054644044179426743e+01,3.675444701763344035e-01,nan,4.846599148664817136e+01,1.000000000000000000e+00
1.474000000000000000e+03,6.913773834568041821e+01,1.428223125084166334e+01,1.230841664400982027e-03,-3.501877334967299760e+01,3.176982364743581311e-01,nan,1.056281538823371768e+01,1.000000000000000000e+00
1.474000000000000000e+03,7.895727764657254966e+01,1.817449496803014597e+01,-1.120154015409762600e-03,3.197861846077599779e+01,3.550547298098009064e-01,nan,9.049569939490751835e+00,1.000000000000000000e+00
1.481000000000000000e+03,3.394751685038558975e+01,2.115984067403712388e+01,-1.121237220792735412e-03,3.200836985734767381e+01,3.685937957745119009e-01,nan,2.165286729941355048e+01,1.000000000000000000e+00
1.488000000000000000e+03,8.010089880285781305e+01,3.628593041016804221e+01,-1.064982470234752954e-03,3.046327285247680550e+01,3.686541083432706145e-01,nan,1.252662330449503614e+01,1.000000000000000000e+00
1.493000000000000000e+03,9.955926659942663548e+01,5.272390761070102627e+01,1.306458150585566511e-03,-3.709566117094664861e+01,3.563693208762722664e-01,nan,1.927999522567225199e+01,1.000000000000000000e+00
1.498000000000000000e+03,8.294983074442947668e+01,4.293386897540036529e+01,9.103246240785333246e-04,-2.621542938138266976e+01,3.662922402576289649e-01,nan,1.927999522567225199e+01,1.000000000000000000e+00
1.504000000000000000e+03,4.796285215967694171e+01,4.362751509539276640e+01,-1.217162790504499248e-03,3.464306842026125111e+01,2.857106716396369261e-01,nan,5.802801545817206375e+01,1.000000000000000000e+00
1.505000000000000000e+03,1.138417956725619860e+02,4.220855162174802189e+01,-1.124502128061282379e-03,3.209804403404877604e+01,3.494898446392465940e-01,nan,8.269897961759793859e+00,1.000000000000000000e+00
1.505000000000000000e+03,1.059795601931726878e+02,4.477301366368799052e+01,-1.041340288769931769e-03,2.981391500433813846e+01,3.744541547784707713e-01,nan,8.269897961759793859e+00,1.000000000000000000e+00
1.511000000000000000e+03,1.363956074215263072e+02,4.150012821313010392e+01,-9.595202163203711771e-04,2.756663903873179677e+01,3.316980871463990344e-01,nan,8.675861367618692199e+00,1.000000000000000000e+00
1.513000000000000000e+03,1.119221746971377769e+02,7.696961277817916169e+00,-1.041946830611429221e-03,2.983057432596575254e+01,3.272129037308311172e-01,nan,2.516555693746548883e+01,1.000000000000000000e+00
1.513000000000000000e+03,1.046360329562242271e+02,3.178466342028336555e+01,-9.486833339548175455e-04,2.726899245210447731e+01,3.618568142612240690e-01,nan,2.516555693746548883e+01,1.000000000000000000e+00
1.515000000000000000e+03,5.409142377707129690e+00,3.019688144534273988e+01,-1.403592160946547486e-03,3.976355085121742405e+01,3.020181716370250458e-01,nan,6.371898240602471120e+00,1.000000000000000000e+00
1.525000000000000000e+03,8.174728006142437664e+01,9.060985090427607247e+00,-1.337571574575101979e-03,3.795022470097170952e+01,2.735565496951367637e-01,nan,4.086557223804003058e+01,1.000000000000000000e+00
1.537000000000000000e+03,5.410003678953590622e+01,1.992713824072336237e+01,-1.626861253492683287e-03,4.589587572603318222e+01,2.239837491823204463e-01,nan,1.041582099293728803e+01,1.000000000000000000e+00
1.537000000000000000e+03,1.076669842581977719e+02,1.607466311931362313e+01,-1.179878288019811216e-03,3.361900960663599847e+01,3.100232189943574745e-01,nan,1.095131393244167839e+01,1.000000000000000000e+00
1.559000000000000000e+03,2.729228422324064596e+01,2.194997492713716980e+01,-1.046971723615324618e-03,2.996858839683276443e+01,3.127599287042048815e-01,nan,9.685164597853318469e+01,1.000000000000000000e+00
1.566000000000000000e+03,1.066903672556667146e+02,2.785805711553391717e+01,-1.566584314551742714e-03,4.424030500717562830e+01,2.423977417460712047e-01,nan,2.182797894827116281e+01,1.000000000000000000e+00
1.567000000000000000e+03,1.182484247268206303e+02,4.637485955169098162e+01,-1.016027399551505889e-03,2.911866937746959749e+01,3.634320214506028268e-01,nan,2.182797894827116281e+01,1.000000000000000000e+00
1.568000000000000000e+03,1.412354622925019498e+02,7.420104951952743555e+00,-1.283421635599809848e-03,3.646293860166836964e+01,2.821782900313614117e-01,nan,2.624352631934058877e+01,1.000000000000000000e+00
1.573000000000000000e+03,8.450377824757136125e+01,4.391262478840110361e+01,-1.472754538505881110e-03,4.166316966308167480e+01,2.232080375329008604e-01,nan,2.934286316355743551e+01,1.000000000000000000e+00
1.574000000000000000e+03,2.627321385586118296e+01,4.379393446104776899e+01,-1.197383718707981364e-03,3.409981501874760568e+01,3.382893832774105380e-01,nan,2.653912188252710180e+01,1.000000000000000000e+00
1.582000000000000000e+03,5.881398344017269864e+01,2.934303868039584273e+01,1.341608959597369874e-03,-3.806111580694127383e+01,3.426978256916861643e-01,nan,4.096421127801153084e+00,1.000000000000000000e+00
1.588000000000000000e+03,1.361241691662499136e+02,8.007064627479854479e+00,-1.017477515281224295e-03,2.915849835988406369e+01,3.124276711813931406e-01,nan,3.660304105807384190e+01,1.000000000000000000e+00
1.590000000000000000e+03,4.265011487230508180e+01,4.265640194334180535e+01,-1.145897735223699952e-03,3.268569731161458236e+01,3.487378677374313174e-01,nan,3.837727499914333862e+01,1.000000000000000000e+00
1.591000000000000000e+03,1.052639037147044831e+02,2.769022064878880940e+01,1.561125332611295940e-03,-4.409036821851037757e+01,2.935604443624318938e-01,nan,3.469590732932130095e+01,1.000000000000000000e+00
1.597000000000000000e+03,7.573637974951947172e+01,1.719221517914141373e+01,-1.047389150440694323e-03,2.998005347189280911e+01,3.390347196034430022e-01,nan,1.945592545716928612e+01,1.000000000000000000e+00
1.601000000000000000e+03,5.807380433909185768e+01,4.142876340151969572e+01,-7.231949441118720734e-02,1.987544797372347375e+03,8.758168677156508153e-03,nan,2.316472460186902182e+01,1.000000000000000000e+00
1.601000000000000000e+03,3.187177502977549892e+01,3.811820610282634902e+01,-1.540304080718353594e-03,4.351849022388149280e+01,3.338926419123002809e-01,nan,5.512913691229502255e+00,1.000000000000000000e+00
1.602000000000000000e+03,1.637400389699516268e+01,9.528635103023146868e+00,-1.199830923139248891e-03,3.416703011079856367e+01,2.781225821157753408e-01,nan,1.165191685967252866e+01,1.000000000000000000e+00
1.614000000000000000e+03,8.888633122047049540e+01,3.015460853499697080e+01,-9.790643735894850614e-04,2.810344026102338333e+01,3.738895062512324063e-01,nan,7.837201669962362871e+01,1.000000000000000000e+00
1.616000000000000000e+03,1.346940003390036011e+01,5.147266407405189170e+01,-1.190939998929113923e-03,3.392283135013648376e+01,2.714598072022413877e-01,nan,7.837201669962362871e+01,1.000000000000000000e+00
1.626000000000000000e+03,1.418823334577409412e+02,8.357421761121347714e+00,-1.027392235889565929e-03,2.943081678569043902e+01,3.387695697074037948e-01,nan,2.691401984108908607e+01,1.000000000000000000e+00
1.626000000000000000e+03,1.347821282501460303e+02,3.431799860403027225e+01,-1.068203260483148280e-03,3.055173530794505155e+01,3.609491404688983662e-01,nan,2.691401984108908607e+01,1.000000000000000000e+00
1.631000000000000000e+03,7.397398421541286950e+01,1.135715895902840877e+01,-1.147197668287653705e-03,3.272140136618286732e+01,3.748989452031384895e-01,nan,6.499869643425429899e+01,1.000000000000000000e+00
1.640000000000000000e+03,7.126359252837265501e+01,3.628909342804973903e+01,-1.010693589613178602e-03,2.897217057197288526e+01,3.633411736488505461e-01,nan,1.577422364509865815e+01,1.000000000000000000e+00
1.641000000000000000e+03,5.735463775586222113e+01,4.373000121822217068e+01,-1.346023920316314054e-03,3.818237743401812168e+01,3.520118381436038169e-01,nan,1.577422364509865815e+01,1.000000000000000000e+00
1.642000000000000000e+03,5.771661397922837722e+01,1.152489024181017996e+01,-1.220743437419953602e-03,3.474141472470120107e+01,2.981327311274912795e-01,nan,1.167381273410867060e+01,1.000000000000000000e+00
1.646000000000000000e+03,1.881058189207932330e+01,7.881777644359054591e+00,-1.520909092482015078e-03,4.298578608891985908e+01,2.187079001693338354e-01,nan,2.740471024138919631e+01,1.000000000000000000e+00
1.652000000000000000e+03,1.381334746606693500e+02,1.479660511073491591e+01,1.197018579185860077e-03,-3.408978607050068632e+01,3.069262890035976410e-01,nan,9.297306274223286593e+00,1.000000000000000000e+00
1.658000000000000000e+03,1.093513953113823156e+01,8.837448817213628516e+00,-1.228272569689278912e-03,3.494821041045614152e+01,3.546778310983118576e-01,nan,1.795329407153689871e+01,1.000000000000000000e+00
1.658000000000000000e+03,4.189606028967270390e+01,1.029197241049116052e+01,-1.281811134821164754e-03,3.641870447202163064e+01,2.503194490981550668e-01,nan,1.021724457216115489e+01,1.000000000000000000e+00
1.661000000000000000e+03,9.039200589029536559e+01,3.765422435102027521e+01,-1.108707383502267711e-03,3.166422444959110649e+01,3.267392669434175945e-01,nan,2.311976363409269553e+01,1.000000000000000000e+00
1.663000000000000000e+03,1.437901962213888396e+02,3.717224534896443089e+01,-1.426977388862515385e-03,4.040585119479360543e+01,2.476591135510608499e-01,nan,5.340036548933075977e+01,1.000000000000000000e+00
1.663000000000000000e+03,4.800951503935225162e+01,3.562109779555510158e+01,-1.130699387087868253e-03,3.226825839399901241e+01,3.277524781085640049e-01,nan,1.940024365703727227e+01,1.000000000000000000e+00
1.664000000000000000e+03,6.727370882511371519e+01,3.791463038460726409e+01,-1.082395615715144336e-03,3.094154355246688226e+01,2.925099187160111747e-01,nan,1.940024365703727227e+01,1.000000000000000000e+00
1.664000000000000000e+03,6.447910490866574307e+00,5.040193447446922193e+01,1.173519043122331698e-03,-3.344434613116278854e+01,3.463891010652335734e-01,nan,4.411167765539458685e+01,1.000000000000000000e+00
1.669000000000000000e+03,1.097116723228235031e+02,4.657312980198067009e+01,-3.515346559060503976e-03,9.776514828405446167e+01,7.122645672085914370e-02,nan,3.803397740710344976e+01,1.000000000000000000e+00
1.674000000000000000e+03,7.331862772817416385e+01,1.884404528396868628e+01,-1.102972518367733743e-03,3.150671023337262255e+01,3.555246505189660899e-01,nan,1.061867705147270158e+01,1.000000000000000000e+00
1.677000000000000000e+03,6.716775694295438370e+01,1.018823273360677462e+01,-9.496419918245429430e-04,2.729532301776367120e+01,3.068385686497064890e-01,nan,1.061867705147270158e+01,1.000000000000000000e+00
1.677000000000000000e+03,9.320287392056030740e+01,1.678863594816475668e+01,-1.213100339425421739e-03,3.453148884818142506e+01,3.457761569670687596e-01,nan,1.999019645168933224e+01,1.000000000000000000e+00
1.682000000000000000e+03,6.313663977859678056e+01,4.694120368800510334e+01,-1.201890851417044669e-03,3.422360824830164461e+01,3.046835371151945804e-01,nan,3.697337933659331810e+01,1.000000000000000000e+00
1.688000000000000000e+03,3.883340165092002394e+01,2.116198392547775953e+01,-1.725690539779790303e-03,4.861032797621859913e+01,2.285819983032790770e-01,nan,2.870440353335382966e+01,1.000000000000000000e+00
1.688000000000000000e+03,9.017379146108849852e+01,1.194488961006564409e+01,-1.223351136950732564e-03,3.481303798664166749e+01,3.264349719336958611e-01,nan,1.997062592154053107e+01,1.000000000000000000e+00
1.693000000000000000e+03,6.876461245884003404e+01,4.598930457872815225e+01,-1.325400100799077868e-03,3.761592213115024208e+01,2.978437230749123588e-01,nan,1.479037138364296844e+01,1.000000000000000000e+00
1.696000000000000000e+03,1.398715641272174821e+02,4.344344227546690718e+01,-3.312582290898613037e-03,9.219601038326757703e+01,7.143341846383055582e-02,nan,6.186802612276380131e+01,1.000000000000000000e+00
1.701000000000000000e+03,8.108749174696407636e+01,2.415392463711958015e+01,-1.264248171486351746e-03,3.593631886411982634e+01,2.723042940433971770e-01,nan,1.743018222796148464e+01,1.000000000000000000e+00
1.702000000000000000e+03,9.323410143329951438e+01,3.665476963366947416e+01,-1.051116365052209324e-03,3.008242541516233004e+01,3.366440208948555668e-01,nan,1.743018222796148464e+01,1.000000000000000000e+00
1.709000000000000000e+03,1.318431799579488768e+02,2.834691076124195774e+01,-1.128183087955520738e-03,3.219914554194321710e+01,3.353390268176649203e-01,nan,1.286828036715672852e+01,1.000000000000000000e+00
1.711000000000000000e+03,1.219999540635615602e+02,7.915016028467058540e+00,-1.280603220621099898e-03,3.638552781415452841e+01,3.277725403125077985e-01,nan,1.796119736370166464e+01,1.000000000000000000e+00
1.711000000000000000e+03,7.977850914115475689e+01,3.036848718964612814e+01,-1.200806130487685770e-03,3.419381522562446207e+01,3.569818079597347760e-01,nan,2.407974973460008528e+01,1.000000000000000000e+00
1.714000000000000000e+03,6.225959889525518065e+01,4.688884224264325695e+01,-1.189942247808931184e-03,3.389542704646240168e+01,3.151997021147892042e-01,nan,2.407974973460008528e+01,1.000000000000000000e+00
1.714000000000000000e+03,3.297722436339253704e+01,9.100415677573705509e+00,9.795006521261960444e-04,-2.811542311853631304e+01,3.664327314507326294e-01,nan,4.780609417729011312e+01,1.000000000000000000e+00
1.716000000000000000e+03,1.222447793352626348e+02,2.587454473398102195e+01,-1.290438875469358988e-03,3.665567461413589001e+01,3.102434798652073944e-01,nan,1.796119736370166464e+01,1.000000000000000000e+00
1.719000000000000000e+03,1.436177191781102920e+02,4.118381689792867206e+01,-1.390374012754930569e-03,3.940050024698878417e+01,3.084999615469599110e-01,nan,1.643814711387469885e+01,1.000000000000000000e+00
1.721000000000000000e+03,8.018609068608895996e+01,4.378167606714826832e+01,-1.473657383093300534e-03,4.168796725713460916e+01,2.456320456767534521e-01,nan,1.735925298670871086e+01,1.000000000000000000e+00
1.721000000000000000e+03,6.477175200002173838e+00,2.477814820021283637e+01,-1.411866230695408425e-03,3.999080704309904633e+01,2.956019502347098094e-01,nan,6.055765516065078913e+01,1.000000000000000000e+00
1.723000000000000000e+03,6.303054993147427609e+01,4.643329551067895267e+01,1.159991608097828576e-03,-3.307280063264703074e+01,3.204960054317976814e-01,nan,1.735925298670871086e+01,1.000000000000000000e+00
1.730000000000000000e+03,5.698221106015503068e+01,5.231330671321046566e+01,-1.176034935657816914e-03,3.351344781560005970e+01,3.169453057047243449e-01,nan,5.726451364892202633e+01,1.000000000000000000e+00
1.731000000000000000e+03,1.072399432308740614e+02,2.486544922844764116e+01,-1.047541625430471659e-03,2.998424136087437830e+01,3.458204124637557220e-01,nan,3.480361055754288913e+01,1.000000000000000000e+00
1.744000000000000000e+03,1.169785767092475197e+02,2.060937598798016879e+01,-2.779843808656054169e-03,7.756377710291522476e+01,8.733447347517975246e-02,nan,3.097046166370141762e+01,1.000000000000000000e+00
1.747000000000000000e+03,1.265166936404850162e+02,5.007450488755974760e+01,1.211290419904968718e-03,-3.448177746910017305e+01,3.378977738155559685e-01,nan,3.097046166370141762e+01,1.000000000000000000e+00
1.750000000000000000e+03,9.692222167032704760e+01,3.259687681102396795e+01,-1.086528392610910812e-03,3.105505469846097100e+01,3.436166118919823376e-01,nan,1.840567147590023467e+01,1.000000000000000000e+00
1.753000000000000000e+03,1.222429840515946609e+02,3.515244280679343802e+01,-1.040245132297854501e-03,2.978383535829780371e+01,3.155347576011343635e-01,nan,1.658901240108874831e+01,1.000000000000000000e+00
1.753000000000000000e+03,1.289149609464797379e+02,5.034059795340673560e+01,1.542860599062846052e-03,-4.358870773969646706e+01,2.660689771169781892e-01,nan,1.658901240108874831e+01,1.000000000000000000e+00
1.754000000000000000e+03,8.588239513963105765e+01,1.786965804267165936e+01,-1.339520336457439894e-03,3.800374953430117841e+01,3.431181099468116891e-01,nan,1.840567147590023467e+01,1.000000000000000000e+00
1.757000000000000000e+03,4.520757367030760321e+01,6.886919636165822034e+00,-1.607865392671251840e-03,4.537413405321417770e+01,2.102297291112398270e-01,nan,1.930468961957749485e+01,1.000000000000000000e+00
1.758000000000000000e+03,1.027094703425879985e+01,2.834375839804992481e+01,1.389870311955550015e-03,-3.938666556478409575e+01,3.683034591483133058e-01,nan,6.770891290302658128e+00,1.000000000000000000e+00
1.758000000000000000e+03,4.015102174479590502e+01,4.492817012584124825e+01,-1.115732097288531753e-03,3.185716574119001621e+01,3.293290390268703849e-01,nan,2.753513120876786147e+01,1.000000000000000000e+00
1.760000000000000000e+03,6.380319103748322362e+01,1.207093893028688569e+01,-1.325405791853535636e-03,3.761607844205927620e+01,2.940993780563773141e-01,nan,1.930468961957749485e+01,1.000000000000000000e+00
1.768000000000000000e+03,9.641045566468449124e+01,4.058482614631345342e+01,-1.143789553620105232e-02,3.153664454919335185e+02,1.308103581242348046e-02,nan,1.864367216308823672e+01,1.000000000000000000e+00
1.776000000000000000e+03,4.322065971358107817e+01,4.692818301177236151e+01,-1.168544238829461509e-03,3.330770780041754620e+01,2.903368417236095178e-01,nan,3.119661147405607693e+01,1.000000000000000000e+00
1.777000000000000000e+03,9.994752347762762668e+01,4.603582576717724351e+01,-1.298378422071194607e-03,3.687374276932013117e+01,2.462949795484523641e-01,nan,2.013109919909699741e+01,1.000000000000000000e+00
1.777000000000000000e+03,8.705606961973434466e+01,3.057388629007114034e+01,-1.425760567518082099e-03,4.037242989266181326e+01,3.354266841687973955e-01,nan,2.013109919909699741e+01,1.000000000000000000e+00
1.778000000000000000e+03,1.363343781917615161e+02,4.002730159651094510e+01,-2.604264023815305428e-03,7.274129016656851832e+01,3.021574348006318411e-01,nan,3.687960898243050423e+01,1.000000000000000000e+00
1.788000000000000000e+03,3.508085425289787906e+01,2.529259308735559841e+01,-1.019771599395330290e-03,2.922150783834532817e+01,2.962604670184940669e-01,nan,1.854113620836732679e+01,1.000000000000000000e+00
1.794000000000000000e+03,1.161333557544029844e+02,4.834660622513151651e+01,-1.054773283572624752e-03,3.018286660096275043e+01,3.209020619069652414e-01,nan,5.834597894031819720e+01,1.000000000000000000e+00
1.803000000000000000e+03,6.592401620981529220e+01,1.913332504540049683e+01,-1.251984592177641164e-03,3.559948651714577750e+01,2.891756653028865198e-01,nan,2.212708721049294169e+01,1.000000000000000000e+00
1.804000000000000000e+03,8.050194316356756019e+01,3.577940669099575643e+01,1.035283906042640993e-03,-2.964756996290659785e+01,3.718408567526969577e-01,nan,1.772650954280990732e+01,1.000000000000000000e+00
1.806000000000000000e+03,2.338611707273044615e+01,6.041951869246068973e+00,-1.224788300479900602e-03,3.485251122298885207e+01,3.054301302616670988e-01,nan,2.736675439995718051e+01,1.000000000000000000e+00
1.809000000000000000e+03,9.791848925398441850e+01,3.247894265517958701e+01,-1.384035224681444930e-03,3.922639864010744759e+01,2.721588689555470841e-01,nan,1.051343113761920556e+01,1.000000000000000000e+00
1.811000000000000000e+03,1.245603875104679616e+02,5.245799146283418679e+01,-1.192114762668883537e-03,3.395509749508860153e+01,3.505943365444887938e-01,nan,1.391057885857940946e+01,1.000000000000000000e+00
1.812000000000000000e+03,7.716237706463887491e+01,5.458762144330465915e+00,-1.147972886141267277e-03,3.274269355523108516e+01,3.413068912939801747e-01,nan,1.734708659348228466e+01,1.000000000000000000e+00
1.812000000000000000e+03,7.107974399224733020e+01,3.079164524281786797e+01,-1.345391027172374628e-03,3.816499434563172599e+01,3.518342858767327108e-01,nan,1.277747105470884748e+01,1.000000000000000000e+00
1.815000000000000000e+03,4.165918916099285951e+01,6.809528766968075963e+00,-1.196793556441812364e-03,3.408360557970821958e+01,2.937839026976213352e-01,nan,6.246368826621418791e+00,1.000000000000000000e+00
1.815000000000000000e+03,9.860517453250548670e+01,4.993610220321375692e+01,-1.325138042215493264e-03,3.760872441133847133e+01,2.842463505808995317e-01,nan,1.901491115328041559e+01,1.000000000000000000e+00
1.817000000000000000e+03,8.701998414563722406e+01,2.315370546618633085e+01,-1.069084213627628484e-03,3.057593163005948256e+01,3.602945980297490580e-01,nan,7.935528710894580229e+00,1.000000000000000000e+00
1.818000000000000000e+03,1.160332983344350453e+02,4.233167277611244828e+01,-1.107945507159363487e-03,3.164329869943086138e+01,3.600750001857931926e-01,nan,1.901491115328041559e+01,1.000000000000000000e+00
1.820000000000000000e+03,8.502840168554092770e+01,3.608719911619390786e+01,-1.040073265486340676e-03,2.977911485215258480e+01,3.606636209832936313e-01,nan,1.308593361935439248e+01,1.000000000000000000e+00
1.826000000000000000e+03,1.292000252810987604e+02,3.489228378998203794e+01,-1.050092673270388742e-03,3.005430862341917475e+01,3.519447897726840635e-01,nan,1.115837661543335990e+01,1.000000000000000000e+00
1.826000000000000000e+03,1.403538429444859617e+02,3.457334770898506804e+01,-9.960510418064898782e-04,2.856999730597512155e+01,3.696197465477732980e-01,nan,1.115837661543335990e+01,1.000000000000000000e+00
1.830000000000000000e+03,6.762783010788686511e+01,2.228167004433985809e+01,-1.128030324830758780e-03,3.219494973902553880e+01,3.232762557238048062e-01,nan,4.666201271621032021e+01,1.000000000000000000e+00
1.833000000000000000e+03,1.142652703154354583e+02,2.076753609547553836e+01,-1.211575153894877202e-03,3.448959799324487108e+01,3.374640865839083625e-01,nan,1.353488860553884088e+01,1.000000000000000000e+00
1.834000000000000000e+03,9.378366007738383914e+00,6.224816415138315406e+00,-1.082513801668464910e-03,3.094478965631912715e+01,3.522993450670303117e-01,nan,3.867593419907844776e+01,1.000000000000000000e+00
1.834000000000000000e+03,1.179576526941178543e+02,7.746033803729747369e+00,-1.233849100139072568e-03,3.510137579489183679e+01,3.553335932441674672e-01,nan,5.526674390490688538e+00,1.000000000000000000e+00
1.839000000000000000e+03,1.141649918791203078e+02,1.176596586296753699e+01,-1.318196217816139468e-03,3.741805976557267854e+01,3.471995530592619783e-01,nan,5.526674390490688538e+00,1.000000000000000000e+00
1.839000000000000000e+03,3.214087461151444813e+01,3.749294856649117236e+01,-1.254838675639815019e-03,3.567787697777915668e+01,2.649988595887563525e-01,nan,1.517061916270654365e+01,1.000000000000000000e+00
1.845000000000000000e+03,7.303361263352432786e+01,1.613231258188355710e+01,-1.301907906258491145e-03,3.697068383460688068e+01,2.559372613008465969e-01,nan,2.611360474864529024e+01,1.000000000000000000e+00
1.847000000000000000e+03,6.907637647831315064e+01,4.824325295098869049e+01,-1.159747801429261531e-03,3.306610422123939230e+01,3.345288544166377109e-01,nan,6.593508014497755809e+00,1.000000000000000000e+00
1.854000000000000000e+03,7.532948923877437153e+01,9.343894270892977971e+00,-1.191356580891236991e-03,3.393427322012213665e+01,3.488909510787386870e-01,nan,1.982431637220388154e+01,1.000000000000000000e+00
1.855000000000000000e+03,1.376906172567537112e+02,1.707396153380210180e+01,-1.155556331874011853e-03,3.295098101845940874e+01,3.095243796743417652e-01,nan,2.175552159023895271e+01,1.000000000000000000e+00
1.863000000000000000e+03,1.265487900586602699e+01,3.130850800290089708e+01,-1.106763777505967786e-03,3.161084122819655207e+01,3.416982708735847307e-01,nan,2.300880247191836858e+01,1.000000000000000000e+00
1.864000000000000000e+03,7.071599058150684414e+01,2.242652142708046270e+01,-1.337064663520656825e-03,3.793630184567166452e+01,2.554058121270016413e-01,nan,4.654796824866927807e+01,1.000000000000000000e+00
1.875000000000000000e+03,2.817752985983463532e+01,4.528566605268794376e+01,-1.172213206728781520e-03,3.340847993532131710e+01,3.398686747269094033e-01,nan,1.291599164474121686e+01,1.000000000000000000e+00
1.876000000000000000e+03,4.673290203030472867e+01,4.495211265528146072e+01,-1.098033423565250360e-03,3.137105270204601126e+01,2.981874422932990765e-01,nan,1.855836992447282441e+01,1.000000000000000000e+00
1.884000000000000000e+03,1.328893638833010016e+02,8.030784616699049749e+00,-1.041552208394783260e-03,2.981973560392099287e+01,3.611000196025874187e-01,nan,1.145580007058143508e+02,1.000000000000000000e+00
1.890000000000000000e+03,3.244120315140301614e+01,2.939011257377492825e+01,9.094568629080846149e-04,-2.619159539097111278e+01,3.618821417658617534e-01,nan,1.138547325664971410e+01,1.000000000000000000e+00
1.892000000000000000e+03,1.151454990153865197e+02,7.962130276341008006e+00,-1.225189903282390301e-03,3.486354167430398121e+01,2.842676174745191187e-01,nan,2.780448963803207718e+01,1.000000000000000000e+00
1.893000000000000000e+03,1.033602691615158733e+02,4.978669851573715732e+01,-1.263183287432357617e-03,3.590707068248110545e+01,3.008111854833347421e-01,nan,1.829837107883881941e+01,1.000000000000000000e+00
1.893000000000000000e+03,5.971186216661694601e+01,1.162204341265099039e+01,-1.377907236543132134e-03,3.905808687933210877e+01,2.933331928225766383e-01,nan,3.254831984663037048e+01,1.000000000000000000e+00
1.894000000000000000e+03,1.151189861708573119e+02,3.576660727376910387e+01,-1.328202709216498145e-03,3.769289877452045090e+01,3.294477426491086991e-01,nan,1.829837107883881941e+01,1.000000000000000000e+00
1.899000000000000000e+03,9.587317792392616411e+01,1.278462833434748624e+01,-1.743537052914408613e-03,4.910050158321497094e+01,1.690727291059810344e-01,nan,2.997619874249671668e+01,1.000000000000000000e+00
1.905000000000000000e+03,4.461830042034352317e+01,2.397675529505075076e+01,-1.079853186617777631e-03,3.087171301292180203e+01,3.196052863783832576e-01,nan,4.017579494166416509e+01,1.000000000000000000e+00
1.909000000000000000e+03,1.316857921657750978e+02,1.859179612688212302e+01,-5.578302690134477604e-03,1.544264490219723029e+02,3.171226736502830157e-02,nan,1.520343999478120445e+01,1.000000000000000000e+00
1.916000000000000000e+03,1.384212772922642785e+02,4.804811400386541465e+01,-1.020835456878045914e-03,2.925072782410384775e+01,3.531863518518887357e-01,nan,1.674998261445287184e+01,1.000000000000000000e+00
1.919000000000000000e+03,2.192546405702104906e+01,3.189653307758173639e+01,-1.314079426313666124e-03,3.730498767553481798e+01,2.899942667537732666e-01,nan,9.784037390751933572e+00,1.000000000000000000e+00
1.920000000000000000e+03,8.976781296858939641e+01,4.887467764740004128e+01,1.097794712985715416e-03,-3.136449626018444192e+01,3.029773696632181990e-01,nan,3.091615184543990935e+01,1.000000000000000000e+00
1.931000000000000000e+03,6.462875267375115129e+01,2.624660262096853813e+01,-1.280911755476399133e-03,3.639400205457143045e+01,3.714365063952673740e-01,nan,2.488045164435207823e+01,1.000000000000000000e+00
1.933000000000000000e+03,1.372848694496657060e+02,3.379737254103824284e+01,-9.707336246994683606e-04,2.787462731579436337e+01,3.528038798991534053e-01,nan,1.846399074859503386e+01,1.000000000000000000e+00
1.942000000000000000e+03,8.784724786980901001e+01,1.830605625213136278e+01,-1.195358672750363761e-03,3.404419496154699942e+01,3.267109837898248825e-01,nan,6.879625930260482392e+01,1.000000000000000000e+00
1.944000000000000000e+03,1.986110946203471528e+01,2.883270236711966561e+01,-1.147282476662828685e-03,3.272373071908499753e+01,3.277893884986631257e-01,nan,6.879625930260482392e+01,1.000000000000000000e+00
1.949000000000000000e+03,1.406568058604428302e+02,1.975622490342343696e+01,-1.079352123156506913e-03,3.085795076803438164e+01,3.488912596052103909e-01,nan,3.605171233121296837e+01,1.000000000000000000e+00
1.953000000000000000e+03,9.121116626016983275e+01,2.384239269910069581e+01,-1.187903235825204552e-03,3.383942339738916161e+01,2.801425319914487844e-01,nan,1.312738431413215068e+01,1.000000000000000000e+00
1.956000000000000000e+03,2.850125848902245451e+01,3.528388623329412610e+01,-1.172954921693530449e-03,3.342885193162623381e+01,3.304653080068824522e-01,nan,1.897325753077688049e+01,1.000000000000000000e+00
1.958000000000000000e+03,1.382531007772587657e+02,4.197191198782360999e+01,-1.466615096682116759e-02,4.040339401894365210e+02,1.337878611044462929e-02,nan,9.688945419695849992e+00,1.000000000000000000e+00
1.963000000000000000e+03,1.294656429041354500e+02,3.789070536797106570e+01,-2.789154799238079650e-03,7.781951343661098974e+01,8.706375469628724328e-02,nan,9.688945419695849992e+00,1.000000000000000000e+00
1.968000000000000000e+03,1.419212867429984897e+02,2.599032972981698109e+01,-1.541128845393071418e-03,4.354114326946412916e+01,2.767058690487235184e-01,nan,1.722678158478182198e+01,1.000000000000000000e+00
1.974000000000000000e+03,1.259485851423625462e+02,2.653096504648158316e+01,-1.105160747883059081e-03,3.156681230184796760e+01,3.274177290430722032e-01,nan,1.176153979346045375e+01,1.000000000000000000e+00
1.975000000000000000e+03,1.377052002710475165e+02,2.687128699571413293e+01,-1.327350900927041230e-03,3.766950294707993407e+01,2.784416164912102420e-01,nan,1.176153979346045375e+01,1.000000000000000000e+00
1.980000000000000000e+03,5.654580599423736231e+01,4.261584758661615524e+01,-3.501959370324968235e-02,9.630630550453029173e+02,1.075629364346497585e-02,nan,1.007747099950046454e+01,1.000000000000000000e+00
1.983000000000000000e+03,1.282030002636394102e+02,4.680082460581047599e+01,-1.514719847727849598e-03,4.281579184954949824e+01,2.169725688691547250e-01,nan,2.495246565409961192e+01,1.000000000000000000e+00
1.989000000000000000e+03,1.319575122410577137e+02,1.222063283710637371e+01,-1.555792466564007766e-03,4.394389533799249392e+01,2.760333184720539235e-01,nan,2.058656258410330864e+01,1.000000000000000000e+00
1.989000000000000000e+03,1.156625730895989648e+02,2.818569927665617669e+01,-1.256394746314479271e-03,3.572061612629450167e+01,3.138358520448893962e-01,nan,1.078740725429183378e+01,1.000000000000000000e+00
1.991000000000000000e+03,1.258028900040825704e+02,3.186566233948517279e+01,-1.204987420160047625e-03,3.430865882701248637e+01,3.338833479841891716e-01,nan,1.078740725429183378e+01,1.000000000000000000e+00
1.997000000000000000e+03,7.644258122285139123e+00,3.464610157578527350e+01,-1.339521957201771606e-03,3.800379404978098563e+01,2.790902707312747921e-01,nan,9.200907009838575235e+00,1.000000000000000000e+00
1.998000000000000000e+03,1.673841465155307162e+01,3.604360178146327343e+01,-1.283246544701901679e-03,3.645812954253550231e+01,2.866738554976242526e-01,nan,9.200907009838575235e+00,1.000000000000000000e+00
2.006000000000000000e+03,7.909823855405572601e+01,4.223755847245736561e+01,-1.060387054707095282e-03,3.033705484070902259e+01,3.667913251980020606e-01,nan,1.517601433916425790e+01,1.000000000000000000e+00
2.006000000000000000e+03,1.023754573580674929e+02,5.114091758171267799e+01,-1.201312475994308808e-03,3.420772254754755437e+01,2.635507259651364009e-01,nan,1.585581242743676533e+01,1.000000000000000000e+00
2.010000000000000000e+03,1.904522245365044952e+01,2.535159590538512830e+01,-1.199347941664972040e-03,3.415376450706001066e+01,3.324498555004407052e-01,nan,1.437902254802998314e+01,1.000000000000000000e+00
2.010000000000000000e+03,6.569400111948424126e+01,3.512153219228163437e+01,-1.190473305002508111e-03,3.391001310134793556e+01,3.257808586651240734e-01,nan,1.517601433916425790e+01,1.000000000000000000e+00
2.011000000000000000e+03,1.123037338529308755e+02,3.487250043437039437e+01,-1.017406858550478103e-03,2.915655769706062017e+01,3.185848533641338909e-01,nan,1.905864818496834445e+01,1.000000000000000000e+00
2.026000000000000000e+03,1.430506500715951290e+02,3.565949090560470580e+01,-1.223457505998449364e-03,3.481595952651888126e+01,3.403658075516382553e-01,nan,1.785192183916381836e+01,1.000000000000000000e+00
2.026000000000000000e+03,9.189889971716807793e+01,5.010023001328573855e+01,-1.159510200879967706e-03,3.305957826754787021e+01,3.729761305620684642e-01,nan,3.022529603736783699e+01,1.000000000000000000e+00
2.027000000000000000e+03,1.323197481963616724e+02,4.992619544084076466e+01,-1.210369653238687086e-03,3.445648762594656489e+01,3.202068269275369916e-01,nan,1.785192183916381836e+01,1.000000000000000000e+00
2.028000000000000000e+03,7.412752917356037585e+01,2.565136685876838385e+01,-1.131499244694647794e-03,3.229022734027110175e+01,3.656150584327145792e-01,nan,3.022529603736783699e+01,1.000000000000000000e+00
2.031000000000000000e+03,1.225436928524015059e+02,1.700610728013599626e+01,-1.143737491422783031e-03,3.262636390077406645e+01,3.116780305128636908e-01,nan,1.677278461473522952e+01,1.000000000000000000e+00
2.036000000000000000e+03,1.384035849562232841e+02,2.246414045953591554e+01,-1.199429090532449713e-03,3.415599334766181983e+01,3.451570891051172207e-01,nan,1.677278461473522952e+01,1.000000000000000000e+00
2.044000000000000000e+03,8.647243283800359848e+01,4.522200820928480169e+01,-1.219344393515871608e-03,3.470298848470477537e+01,3.070303797969808901e-01,nan,9.286369742562005314e+00,1.000000000000000000e+00
2.047000000000000000e+03,1.103750434781047574e+02,4.813111081727795693e+01,-1.058839933335885362e-03,3.029456149440284207e+01,3.436820225950870666e-01,nan,1.479573587927879785e+01,1.000000000000000000e+00
2.049000000000000000e+03,1.360168515725317384e+01,4.811690908060318606e+01,-1.152643050016063410e-03,3.287096461045096873e+01,3.501525345678965229e-01,nan,3.086350900749491899e+01,1.000000000000000000e+00
2.053000000000000000e+03,3.542161794654879969e+01,2.628924953299383915e+01,-2.085731899028179983e-03,5.849924971680903241e+01,1.560094927274776611e-01,nan,1.836090044987649605e+01,1.000000000000000000e+00
2.053000000000000000e+03,1.031181309864307707e+02,1.124931110058582462e+01,-1.097413214651919927e-03,3.135401799964530412e+01,3.351695200030697652e-01,nan,5.916339372264367569e+00,1.000000000000000000e+00
2.060000000000000000e+03,1.088733712566871503e+02,1.830759146709606711e+01,-1.519771314618264440e-03,4.295453580068549115e+01,3.048895085935593441e-01,nan,1.448370586699820883e+01,1.000000000000000000e+00
2.060000000000000000e+03,7.476643545375881672e+01,2.970602290733326711e+01,-1.855773566111866384e-03,5.218319768724977337e+01,1.672097945339308112e-01,nan,3.449481476690269233e+01,1.000000000000000000e+00
2.061000000000000000e+03,1.967444309678792891e+01,4.881899219049167016e+01,-1.697191237523514550e-03,4.782756410080696696e+01,2.302310659271187276e-01,nan,5.007280336569124302e+01,1.000000000000000000e+00
2.062000000000000000e+03,4.821973054590658592e+01,7.679568259833995825e+00,-1.038818555685443569e-03,2.974465290296395281e+01,3.669969654840778972e-01,nan,3.449481476690269233e+01,1.000000000000000000e+00
2.068000000000000000e+03,3.307596436251400718e+01,4.757243245695118361e+01,-1.288694859392090211e-03,3.660777334374171943e+01,3.166495037489891473e-01,nan,1.929072595367299314e+01,1.000000000000000000e+00
2.069000000000000000e+03,5.334392543713374124e+01,3.804595810614352303e+01,-1.336660744222295484e-03,3.792520776931513637e+01,3.243379167875135582e-01,nan,4.304788181548722115e+00,1.000000000000000000e+00
2.070000000000000000e+03,1.165835595931534563e+01,3.213291853795874431e+01,-1.010256817957415950e-03,2.896017417041679209e+01,3.711996195880203908e-01,nan,2.640251010353991745e+01,1.000000000000000000e+00
2.073000000000000000e+03,1.201453538835787214e+02,6.939572104672959263e+00,1.004500031007880042e-03,-2.880205784805856339e+01,3.646103434607658178e-01,nan,2.504097453399780093e+01,1.000000000000000000e+00
2.073000000000000000e+03,4.918031514156389505e+01,3.695254574357104360e+01,-1.007202748927771372e-03,2.887629089187467102e+01,3.690891274949585910e-01,nan,4.304788181548722115e+00,1.000000000000000000e+00
2.076000000000000000e+03,1.051460778028957179e+02,2.699130825563447544e+01,-7.404242142867445420e-03,2.045778327097440012e+02,3.185975819834119260e-02,nan,1.785267428382570642e+01,1.000000000000000000e+00
2.081000000000000000e+03,9.372316683577874130e+01,7.162704297129247166e+00,-1.207618513739513533e-03,3.438092463156845469e+01,3.138521370073821259e-01,nan,2.078852126220816388e+01,1.000000000000000000e+00
2.088000000000000000e+03,1.412781685142948334e+02,2.506548371685371279e+01,-1.100725260586673214e-03,3.144498689032605654e+01,3.172754063699280147e-01,nan,5.641314632756185610e+00,1.000000000000000000e+00
2.093000000000000000e+03,5.481223631095193127e+01,2.694197960849970741e+01,-1.120210952397904854e-03,3.198018229616718600e+01,3.104451485092322160e-01,nan,1.094363880527235366e+01,1.000000000000000000e+00
2.095000000000000000e+03,5.780657705093582344e+00,3.004498803114943328e+01,-1.413281633192093982e-03,4.002968258937067247e+01,2.512026012294962252e-01,nan,2.520661321853760484e+01,1.000000000000000000e+00
2.097000000000000000e+03,5.471630123108775479e+01,3.905427466595848784e+01,-1.336552389167166123e-03,3.792223168161618929e+01,3.385687414537429385e-01,nan,1.211267497700194085e+01,1.000000000000000000e+00
2.097000000000000000e+03,4.854951979901584025e+01,1.796748172887513562e+01,-1.035675592724229297e-03,2.965832805733537114e+01,3.713519123127126953e-01,nan,1.094363880527235366e+01,1.000000000000000000e+00
2.098000000000000000e+03,4.223661718372643747e+01,4.581421196873163382e+01,-1.132151208669492353e-03,3.230813422946400237e+01,3.060370685708563299e-01,nan,1.419293015058512886e+01,1.000000000000000000e+00
2.099000000000000000e+03,1.387300658511221343e+02,4.086261000832806900e+01,-1.124064553827647727e-03,3.208602558883141853e+01,3.651891361657740864e-01,nan,2.353885297065522408e+01,1.000000000000000000e+00
2.102000000000000000e+03,1.127913325860464226e+02,3.292362168974071324e+01,-1.252254477315058526e-03,3.560689920164524835e+01,3.748297860586832231e-01,nan,2.612691805066060979e+01,1.000000000000000000e+00
2.119000000000000000e+03,5.315007850091695474e+01,4.352915426290590517e+01,-3.353331054750812584e-03,9.331521884754349117e+01,7.827124356140824357e-02,nan,2.389965656214370782e+01,1.000000000000000000e+00
2.121000000000000000e+03,5.071909968106970723e+01,1.153587230788672002e+01,-1.463257676278306718e-03,4.140232816546678407e+01,2.963914049689152508e-01,nan,1.568948247730655154e+01,1.000000000000000000e+00
2.126000000000000000e+03,1.079706949889492336e+02,6.762174401713425986e+00,-1.391090650737639980e-03,3.942018347711029946e+01,3.102589966435791435e-01,nan,3.411816171012405619e+01,1.000000000000000000e+00
2.127000000000000000e+03,1.419156446971992125e+02,1.055441730062356775e+01,-1.107813722267501477e-03,3.163967908615938285e+01,3.023364069702427770e-01,nan,3.415612268539792495e+01,1.000000000000000000e+00
2.129000000000000000e+03,4.228379721841271532e+01,1.434085714111000698e+01,-1.182310020164331794e-02,3.259465044013348916e+02,1.549244956013373642e-02,nan,2.995000189573212879e+01,1.000000000000000000e+00
2.134000000000000000e+03,9.824402041204803027e+01,6.768315061284574163e+00,-1.100904803831971937e-02,3.035876894233264238e+02,1.745433749278246793e-02,nan,2.849734064885744900e+01,1.000000000000000000e+00
2.136000000000000000e+03,1.044635053010169372e+02,3.457868060675899358e+01,1.638688318369072115e-03,-4.622071873636858186e+01,2.033961810650755098e-01,nan,1.716068925468386652e+01,1.000000000000000000e+00
2.136000000000000000e+03,5.196155029163940497e+01,3.709589207165547720e+01,-1.221320668057173948e-03,3.475726898269439147e+01,3.358229675288126881e-01,nan,4.928856345946179829e+01,1.000000000000000000e+00
2.141000000000000000e+03,1.404691722540508465e+02,4.785927033433630129e+01,-1.388973904729485717e-03,3.936204477975885396e+01,2.491848759621463349e-01,nan,3.837684348985765581e+01,1.000000000000000000e+00
2.146000000000000000e+03,1.896088019646962763e+01,1.160663923221393645e+01,-1.068608229438405312e-03,3.056285821425299787e+01,2.968340243877485296e-01,nan,2.035681406830513041e+01,1.000000000000000000e+00
2.154000000000000000e+03,1.266168153957020053e+02,4.378618835888630656e+01,-1.121161717947841878e-03,3.200629609080623794e+01,3.439309465018960399e-01,nan,4.270932375295310379e+01,1.000000000000000000e+00
2.158000000000000000e+03,8.441092533991560742e+01,5.032447406948623581e+01,-1.025737818238832899e-03,2.938537643209188843e+01,3.424457382085713819e-01,nan,1.580309982362157051e+01,1.000000000000000000e+00
2.164000000000000000e+03,1.143094059224942498e+02,3.905789830623247383e+01,-1.096071795819795374e-03,3.131717449399938147e+01,3.204973543379766587e-01,nan,2.289114474371035968e+01,1.000000000000000000e+00
2.166000000000000000e+03,7.960944183778892125e+01,3.880583278832538241e+01,9.424279289082217398e-04,-2.709718104940725425e+01,3.630155040042137848e-01,nan,4.141596019217560709e+00,1.000000000000000000e+00
2.171000000000000000e+03,1.118075372950696220e+02,9.656173106566638964e+00,-1.248199627653068591e-03,3.549552841063116659e+01,3.145154490596672181e-01,nan,1.137606112148385229e+01,1.000000000000000000e+00
2.171000000000000000e+03,1.174255784371642761e+02,1.954820931583459043e+01,-1.333021374783248912e-03,3.782524858783954613e+01,3.074358372641057269e-01,nan,9.199427863172191522e+00,1.000000000000000000e+00
2.172000000000000000e+03,1.064350036360328033e+01,3.489139649942325150e+01,-5.949249108095633343e-03,1.646148898856218636e+02,3.532726225866911207e-02,nan,3.183112065534460200e+01,1.000000000000000000e+00
2.176000000000000000e+03,4.003827702791181053e+01,4.811504397193756688e+01,-1.186266362139100881e-03,3.379446490757870691e+01,3.407960321506819934e-01,nan,8.211369643778166250e+00,1.000000000000000000e+00
2.183000000000000000e+03,1.099515502230597832e+02,9.352083873779378109e+00,-4.960499613092085938e-03,1.374578254929367631e+02,4.559089800357329914e-02,nan,8.390675472422388737e+01,1.000000000000000000e+00
2.189000000000000000e+03,1.436378606009135979e+02,2.156032692185355160e+01,-1.102220693460847232e-03,3.148606055667340087e+01,3.014767257320711824e-01,nan,2.682540565412039157e+01,1.000000000000000000e+00
2.190000000000000000e+03,1.178410543062798013e+02,1.420320972112496705e+01,-3.562790611608958932e-03,9.906825002683076775e+01,6.128856381171132739e-02,nan,2.682540565412039157e+01,1.000000000000000000e+00
2.190000000000000000e+03,7.793672755302421251e+01,1.011447596330911125e+01,-1.372948530030145779e-03,3.892189069136124857e+01,2.885462662199955730e-01,nan,9.579672714048879101e+00,1.000000000000000000e+00
2.194000000000000000e+03,1.455454920755224002e+01,4.977064247407252395e+01,-1.544116042134698616e-03,4.362318982895764208e+01,2.609444893231925855e-01,nan,2.270922367309856682e+01,1.000000000000000000e+00
2.194000000000000000e+03,6.860743188253637470e+01,1.229033708040953243e+01,-1.015669270914171599e-03,2.910883299068598973e+01,3.549611036171149703e-01,nan,9.579672714048879101e+00,1.000000000000000000e+00
2.194000000000000000e+03,2.155393592047022011e+01,1.451560608722209800e+01,-1.077531747817118187e-03,3.080795220868193596e+01,3.527923679968518744e-01,nan,1.271374705617867384e+01,1.000000000000000000e+00
2.204000000000000000e+03,1.425898701216903532e+02,3.669445562412319362e+01,1.530682154061716732e-03,-4.325421369770734259e+01,2.949181497631214732e-01,nan,4.774030950718638167e+01,1.000000000000000000e+00
2.217000000000000000e+03,5.983004093389816092e+01,5.306057112559063427e+01,-1.134219654831322309e-03,3.236494631977957681e+01,3.369690358659140905e-01,nan,2.107718794066705215e+01,1.000000000000000000e+00
2.217000000000000000e+03,7.165185294121168624e+01,1.948383406935167628e+01,-1.467499961127081932e-03,4.151884706473548903e+01,2.986347419362996858e-01,nan,3.789339022502647758e+00,1.000000000000000000e+00
2.218000000000000000e+03,4.191219052098566777e+01,4.196108969325820937e+01,-1.058643801451810687e-03,3.028917452203806349e+01,3.642397400138361885e-01,nan,2.107718794066705215e+01,1.000000000000000000e+00
2.221000000000000000e+03,8.199699555689348074e+01,2.472976411963648502e+01,-1.896692636471452318e-03,5.330708380224606913e+01,1.954191999318118933e-01,nan,8.286102979685253445e+00,1.000000000000000000e+00
2.224000000000000000e+03,6.445819726878137601e+01,2.806772414199519261e+01,-1.743462123206079547e-03,4.909844355848343156e+01,2.558593413027826502e-01,nan,1.785361090933565364e+01,1.000000000000000000e+00
2.229000000000000000e+03,1.317070005240754824e+02,1.059606165187176074e+01,-1.297327037741208408e-03,3.684486537206716150e+01,3.066694477122466900e-01,nan,4.411368597734598040e+01,1.000000000000000000e+00
2.232000000000000000e+03,1.051046303030909286e+02,4.578599187535424164e+01,-1.064006963994401167e-03,3.043647952826417935e+01,3.339548834506319563e-01,nan,4.366062996807286112e+01,1.000000000000000000e+00
2.233000000000000000e+03,7.712483719212848143e+01,7.284012004884820257e+00,-1.224035797569869794e-03,3.483184292420674666e+01,3.491422477293346649e-01,nan,3.796442620488160724e+00,1.000000000000000000e+00
2.237000000000000000e+03,7.017030550013956258e+01,1.959737679607066951e+01,-1.059800127347882521e-03,3.032093425185561486e+01,3.727942540026077944e-01,nan,1.167866578541511124e+01,1.000000000000000000e+00
2.243000000000000000e+03,2.834920058018271760e+01,3.652414292045746436e+01,-1.155841336909768429e-03,3.295880898716876573e+01,3.089645265582174893e-01,nan,1.687269740332637724e+01,1.000000000000000000e+00
2.246000000000000000e+03,1.822182653995327328e+01,2.302880251298706327e+01,-9.874921746981218246e-04,2.833491884943487094e+01,3.441283777064096938e-01,nan,6.550177414358669736e+00,1.000000000000000000e+00
2.247000000000000000e+03,1.280123128442465088e+02,2.892959890222693176e+01,-1.170455155701864963e-03,3.336019317999566169e+01,3.603306570594948521e-01,nan,2.521736886391057197e+01,1.000000000000000000e+00
2.251000000000000000e+03,4.217228802916228858e+01,4.980456542311083012e+01,1.311344656668981656e-03,-3.722987429675166027e+01,3.420312736352228988e-01,nan,3.443745044745963924e+01,1.000000000000000000e+00
2.253000000000000000e+03,1.018820948117482672e+01,3.703911546012846401e+01,-1.050002960495554586e-03,3.005184456592500908e+01,3.695500944295095902e-01,nan,3.443745044745963924e+01,1.000000000000000000e+00
2.259000000000000000e+03,5.753505035979850391e+01,3.123196193525227926e+01,-1.327472292782797469e-03,3.767283710447791378e+01,2.989180767730905686e-01,nan,1.011323961582972153e+01,1.000000000000000000e+00
2.268000000000000000e+03,1.195529787776751647e+02,1.535637487737982099e+01,-1.059852909891905110e-03,3.032238398098728283e+01,3.738217950556134150e-01,nan,5.297302555181704342e+00,1.000000000000000000e+00
2.270000000000000000e+03,1.314586573856444147e+02,3.893788719660739162e+01,-1.131723821942956032e-03,3.229639559504570201e+01,3.562854471421431635e-01,nan,2.641652714453848105e+01,1.000000000000000000e+00
2.275000000000000000e+03,6.275729593404903994e+01,2.799707673452756751e+01,-9.979611865193458754e-04,2.862246147736384216e+01,3.606941739294233784e-01,nan,4.506474167942002396e+01,1.000000000000000000e+00
2.285000000000000000e+03,1.407396777641112067e+02,4.129773986692598697e+01,-1.399460878763237898e-03,3.965008075910264296e+01,3.400078686208651835e-01,nan,1.660381397330533559e+01,1.000000000000000000e+00
2.289000000000000000e+03,1.330435532117027719e+02,2.658528577748375099e+01,-1.419590372909482678e-03,4.020295888595295253e+01,3.212201616161686202e-01,nan,1.660381397330533559e+01,1.000000000000000000e+00
2.297000000000000000e+03,1.374682760362831573e+02,3.782833175585749785e+01,1.306680561649771781e-03,-3.710176992915364735e+01,2.644718035258339928e-01,nan,2.281257982952585195e+01,1.000000000000000000e+00
2.298000000000000000e+03,1.188079200548483101e+02,2.470564479302025518e+01,-1.497249831482321556e-03,4.233595913305403968e+01,2.445514472652944304e-01,nan,2.281257982952585195e+01,1.000000000000000000e+00
2.299000000000000000e+03,1.148485324326009049e+01,3.539691482639701547e+01,-1.273521049981949683e-03,3.619100840852216550e+01,3.033769740481754296e-01,nan,3.311375749029406279e+01,1.000000000000000000e+00
2.306000000000000000e+03,8.447752617208927006e+01,3.865856917549636051e+01,-1.277896136148476544e-03,3.631117483828857928e+01,3.317231306199717178e-01,nan,8.583238805262286775e+00,1.000000000000000000e+00
2.310000000000000000e+03,8.994844639294174726e+01,4.527226861871479713e+01,-1.064493540139375841e-03,3.044984386348538052e+01,3.074097874921746243e-01,nan,8.583238805262286775e+00,1.000000000000000000e+00
2.311000000000000000e+03,1.370244973980301211e+02,1.833694568015931381e+01,-1.499190879165980105e-03,4.238927208765048960e+01,2.350585036773037428e-01,nan,2.957010128482317413e+01,1.000000000000000000e+00
2.313000000000000000e+03,1.382399718127492605e+01,2.417345674068868533e+01,-1.107606329261727170e-03,3.163398281502006526e+01,3.559367643075269649e-01,nan,3.711370097909114207e+01,1.000000000000000000e+00
2.314000000000000000e+03,7.501260766178835127e+01,4.910125608702782074e+01,1.216369692887971738e-03,-3.462128514436522408e+01,3.387535790448265027e-01,nan,1.541883340708758254e+01,1.000000000000000000e+00
2.318000000000000000e+03,1.272185165966559310e+02,4.022619532680471366e+01,8.579251959931100298e-04,-2.477622293946119214e+01,3.638577403885930872e-01,nan,5.295492074598298160e+01,1.000000000000000000e+00
2.330000000000000000e+03,2.129684178571684328e+01,1.028063120049018053e+01,-1.363402774444823695e-03,3.865970628528324937e+01,3.137176437383413230e-01,nan,7.491838445512436806e+01,1.000000000000000000e+00
2.333000000000000000e+03,9.619219042707520373e+01,8.422922597075562123e+00,-1.380419802705540626e-03,3.912709720136839309e+01,2.870645006024408197e-01,nan,7.491838445512436806e+01,1.000000000000000000e+00
2.343000000000000000e+03,1.230859263758338216e+02,1.733550583691471303e+01,-1.192976331597889227e-03,3.397876140895351682e+01,3.715664080129402747e-01,nan,7.949218481078272447e+00,1.000000000000000000e+00
2.343000000000000000e+03,1.223407826525797333e+02,2.524972312554227472e+01,-1.031038256821283170e-03,2.953095865753975602e+01,3.747130155895542769e-01,nan,7.949218481078272447e+00,1.000000000000000000e+00
2.346000000000000000e+03,1.436394600306127245e+02,8.556366893240562987e+00,-1.250358849017137218e-03,3.555483373914803025e+01,3.528336685242454696e-01,nan,2.234996703108228289e+01,1.000000000000000000e+00
2.347000000000000000e+03,1.153147853378192877e+02,8.769080952043669441e+00,-1.498986366788380379e-03,4.238365493605077461e+01,2.785587688170032550e-01,nan,1.156608267050047800e+01,1.000000000000000000e+00
2.347000000000000000e+03,7.485276174404256722e+01,7.908190260051633835e+00,-1.109078861462154319e-03,3.167442748982331935e+01,3.690990558426446855e-01,nan,4.047118093269459393e+01,1.000000000000000000e+00
2.347000000000000000e+03,1.261397783013383673e+02,4.795786899837288075e+01,-1.223350655474367927e-03,3.481302476237737409e+01,2.712713720781061433e-01,nan,3.690207556775739750e+00,1.000000000000000000e+00
2.349000000000000000e+03,5.149477878148362464e+01,4.990358366930945522e+01,-1.374531381580625794e-02,3.787421610971004498e+02,1.442989815228001849e-02,nan,4.805422391088560374e+01,1.000000000000000000e+00
2.349000000000000000e+03,1.022806471966898130e+02,3.776879475483858783e+01,-9.821278783852102276e-04,2.818758270299197477e+01,3.461965892834611980e-01,nan,2.594369617092102231e+01,1.000000000000000000e+00
2.356000000000000000e+03,1.422217023569141929e+02,4.502886995930711578e+01,-1.791578386178111892e-03,5.042000828086254671e+01,2.000094534847227656e-01,nan,6.316867684752065948e+00,1.000000000000000000e+00
2.358000000000000000e+03,5.893967550650113196e+01,2.241566133792328586e+01,-1.210065135012578993e-03,3.444812370655449030e+01,2.841940119247016172e-01,nan,2.344534121564130302e+01,1.000000000000000000e+00
2.361000000000000000e+03,5.693893944766898585e+01,4.577547897292929235e+01,-1.203699203131837871e-03,3.427327656592044036e+01,3.082684762932184075e-01,nan,2.344534121564130302e+01,1.000000000000000000e+00
2.372000000000000000e+03,6.335366688607415853e+01,2.545580440462231309e+01,-1.242018463154441130e-03,3.532575610413769596e+01,3.088753060986160204e-01,nan,9.677524316532306159e+00,1.000000000000000000e+00
2.375000000000000000e+03,3.338507915603932474e+01,2.510128972453573581e+01,-1.042599690192149049e-03,2.984850581393371982e+01,3.237531527951824639e-01,nan,1.490494190936616903e+01,1.000000000000000000e+00
2.377000000000000000e+03,5.189029707878081155e+00,3.977463922507833871e+01,-1.279753557970564727e-03,3.636219091898619382e+01,2.716872822556071210e-01,nan,2.119634361541879031e+01,1.000000000000000000e+00
2.377000000000000000e+03,2.632903532834312799e+01,3.823024774957376337e+01,-1.081134292862813082e-03,3.090689996873427958e+01,3.657929333308174158e-01,nan,1.490494190936616903e+01,1.000000000000000000e+00
2.378000000000000000e+03,1.303383907935443915e+02,4.075372783005959576e+01,-1.238427653909809391e-03,3.522713068043726281e+01,3.099627950262164866e-01,nan,1.234359266049414217e+01,1.000000000000000000e+00
2.385000000000000000e+03,1.131118213806535806e+02,1.447749204223049446e+01,-1.174777492131868790e-03,3.347891078172352763e+01,2.803352050006654439e-01,nan,2.914600591554632203e+01,1.000000000000000000e+00
2.386000000000000000e+03,5.171191158432287693e+01,5.195190056548674562e+01,-1.563610081624276348e-03,4.415861451272964899e+01,3.576062440380048946e-01,nan,2.881726360070862469e+01,1.000000000000000000e+00
2.387000000000000000e+03,2.109709349713001814e+01,2.333294205279113598e+01,-1.145542346613183946e-03,3.267593618260366384e+01,3.683655789092679100e-01,nan,4.190837473421396453e+01,1.000000000000000000e+00
2.388000000000000000e+03,1.439015917779667006e+02,1.383369873181097098e+01,-1.274508484662881811e-03,3.621812936013746764e+01,3.330352773124398702e-01,nan,2.136182497711202188e+01,1.000000000000000000e+00
2.390000000000000000e+03,6.391643671487756251e+01,2.584664730545524236e+01,1.241796314863878549e-03,-3.531965456329037778e+01,3.050081307589661561e-01,nan,2.203075275550731504e+01,1.000000000000000000e+00
2.396000000000000000e+03,9.089887310553525879e+01,4.292399867758236098e+01,-1.326374609660377693e-03,3.764268806127844869e+01,2.729639488426547356e-01,nan,3.568352835627723607e+01,1.000000000000000000e+00
2.400000000000000000e+03,2.126671853049074912e+01,5.225229595640884739e+00,-1.068870395450860185e-03,3.057005888471380572e+01,3.414303291649967154e-01,nan,3.433001844486219056e+01,1.000000000000000000e+00
2.401000000000000000e+03,5.540506354288431368e+01,8.847875899016559131e+00,-1.219473004730776749e-03,3.470652092953782386e+01,3.173451489148244598e-01,nan,2.667704635191437745e+01,1.000000000000000000e+00
2.406000000000000000e+03,1.151909039363536635e+02,4.971578552385894056e+01,-1.335761480319334199e-03,3.790050852259779646e+01,3.083848131740325460e-01,nan,5.084945664422499334e+01,1.000000000000000000e+00
2.410000000000000000e+03,4.184026885509229032e+01,4.070182268887167965e+01,-1.643471616699523343e-03,4.635209715064430469e+01,2.020007374988400661e-01,nan,7.390241669130247715e+01,1.000000000000000000e+00
2.417000000000000000e+03,5.938948018654523509e+01,3.089221863927931011e+01,-1.840010224915512860e-03,5.175024062979842654e+01,2.052491321344275255e-01,nan,2.151673923998831128e+01,1.000000000000000000e+00
2.418000000000000000e+03,1.336722950041190074e+02,1.243078397833856030e+01,-1.192641933811177182e-03,3.396957681541147167e+01,2.961681018279466171e-01,nan,4.255689539015591549e+01,1.000000000000000000e+00
2.421000000000000000e+03,7.213420487693520045e+01,1.204139933978675359e+01,-1.064664282122359867e-03,3.045453347500969699e+01,3.549076306268648118e-01,nan,1.912023765578450352e+01,1.000000000000000000e+00
2.422000000000000000e+03,6.554254660156072276e+00,2.092693561710708394e+01,-1.236337057399680391e-03,3.516971020707005380e+01,3.567831849193132676e-01,nan,2.437866860536775349e+01,1.000000000000000000e+00
2.423000000000000000e+03,9.041588379430412203e+01,4.422109419062803681e+01,1.583912636368673072e-03,-4.471624593435441142e+01,2.851808103621149559e-01,nan,2.209309781443005605e+01,1.000000000000000000e+00
2.426000000000000000e+03,2.499792930624258247e+01,4.984842011822711250e+00,-1.267221758443699787e-03,3.601799161630430035e+01,3.105423242055790345e-01,nan,2.437866860536775349e+01,1.000000000000000000e+00
2.428000000000000000e+03,1.803346894356511854e+01,3.872170404164216251e+01,-1.059737322034207509e-03,3.031920923661535738e+01,3.624922881219672099e-01,nan,3.444821574134687125e+01,1.000000000000000000e+00
2.433000000000000000e+03,1.135018582640709894e+02,1.366936523978072415e+01,-1.217615632754112144e-03,3.465550621789817853e+01,3.532582343235121103e-01,nan,1.658398166162453435e+01,1.000000000000000000e+00
2.439000000000000000e+03,1.380217657899262633e+02,5.222548939210857810e+01,-1.136395742720666766e-03,3.242471490548677338e+01,3.439235822457626934e-01,nan,2.414292692972166421e+01,1.000000000000000000e+00
2.451000000000000000e+03,3.272099280669546317e+01,2.634374154881740182e+01,-1.237992629053101534e-03,3.521518225658902423e+01,3.002439490846146031e-01,nan,3.225398325147651235e+01,1.000000000000000000e+00
2.452000000000000000e+03,6.486191010686256675e+01,2.364543269133899628e+01,-1.518289796487440162e-03,4.291384431767484386e+01,2.152237888545592837e-01,nan,3.225398325147651235e+01,1.000000000000000000e+00
2.463000000000000000e+03,1.450370114125763266e+01,2.023139460798008216e+01,-1.088937348293945225e-03,3.112121924765556358e+01,3.166791859325167602e-01,nan,6.284742987165624406e+00,1.000000000000000000e+00
2.467000000000000000e+03,8.944450961727726579e+00,1.730005841843712844e+01,-1.851554457058639898e-03,5.206731533604025941e+01,1.949146878432921337e-01,nan,6.284742987165624406e+00,1.000000000000000000e+00
2.467000000000000000e+03,1.165521750767502880e+02,3.949976595073539443e+01,-1.779766468311790506e-03,5.009558129938969984e+01,2.791135180749658717e-01,nan,1.420504658869625025e+01,1.000000000000000000e+00
2.470000000000000000e+03,4.265711035980692856e+01,4.709025508761775569e+01,-1.106006487692851037e-03,3.159004145199169855e+01,2.702284659139526646e-01,nan,4.498887886221836396e+01,1.000000000000000000e+00
2.478000000000000000e+03,7.432893416080472093e+01,1.984090354194516337e+01,-1.346940297518952863e-03,3.820754671584916906e+01,2.672385241618144835e-01,nan,5.045601244169738919e+01,1.000000000000000000e+00
2.479000000000000000e+03,1.306173504440112936e+02,2.466110305368147948e+01,-1.193697844574278209e-03,3.399857853600032342e+01,2.885836742391665322e-01,nan,5.536637834511771672e+01,1.000000000000000000e+00
2.484000000000000000e+03,7.822514177523895285e+01,6.758803707995830301e+00,-1.188728813726325478e-03,3.386209877910638255e+01,3.350436865726517111e-01,nan,2.788209989519039311e+01,1.000000000000000000e+00
2.487000000000000000e+03,4.308514892302940780e+01,2.968046209348475983e+01,-1.693692818239062557e-03,4.773147626636500007e+01,2.090631091917336537e-01,nan,1.784477012516498817e+01,1.000000000000000000e+00
2.487000000000000000e+03,6.089734723894751056e+01,2.860277383875375889e+01,-1.011858103235717312e-03,2.900415518647155366e+01,3.355066138199859216e-01,nan,1.784477012516498817e+01,1.000000000000000000e+00
2.490000000000000000e+03,1.227904133280502208e+02,2.395296244546919695e+01,-8.908865910373183926e-04,2.568154297472966618e+01,3.590176226456783803e-01,nan,5.501734775373033237e+00,1.000000000000000000e+00
2.501000000000000000e+03,3.473767814934760167e+01,2.952180841005594658e+01,-1.210892888211748380e-03,3.447085883516359672e+01,2.575543803192372749e-01,nan,5.220545103387244978e+01,1.000000000000000000e+00
2.504000000000000000e+03,8.423200384525959805e+01,4.612665232853466790e+01,-9.106010713037208807e-04,2.622302230065447404e+01,3.625513452533924985e-01,nan,2.975073390624822878e+01,1.000000000000000000e+00
2.505000000000000000e+03,8.840805165130340981e+01,1.667046804268350968e+01,-1.019549845656390853e-03,2.921541713428112530e+01,3.306529686317049022e-01,nan,2.975073390624822878e+01,1.000000000000000000e+00
2.514000000000000000e+03,1.274905926089433450e+02,1.050439238856232649e+01,-1.225272389092463016e-03,3.486580723546678939e+01,3.247689620700893176e-01,nan,1.100420751489395244e+01,1.000000000000000000e+00
2.514000000000000000e+03,1.438013312565686022e+02,8.652536766402670665e+00,-1.095212198282337519e-03,3.129356472651580745e+01,3.525161605982553015e-01,nan,1.641552815100569518e+01,1.000000000000000000e+00
2.515000000000000000e+03,8.529011282689009477e+01,3.024152359150203040e+01,1.216918072969829824e-03,-3.463634699094005498e+01,3.390750075210061665e-01,nan,3.293945881608061654e+01,1.000000000000000000e+00
2.525000000000000000e+03,9.703115384785250797e+01,2.752609841279510405e+01,-1.202525956049798651e-03,3.424105207759809133e+01,3.191115379761164661e-01,nan,6.589936105396187571e+00,1.000000000000000000e+00
2.526000000000000000e+03,1.112015463729143363e+02,5.060893381733522745e+01,-1.112116348517659409e-03,3.175785532667698519e+01,3.407364191120042518e-01,nan,2.344538761658663972e+01,1.000000000000000000e+00
2.527000000000000000e+03,1.035567186341228307e+02,2.844493577239310511e+01,-1.078221230515395267e-03,3.082688958981777816e+01,3.220073751081240498e-01,nan,6.589936105396187571e+00,1.000000000000000000e+00
2.527000000000000000e+03,7.833228320583337734e+00,4.708051514265665105e+01,-8.938180808322126678e-04,2.576205948323737260e+01,3.603171676472302076e-01,nan,5.040098847465782228e+01,1.000000000000000000e+00
2.533000000000000000e+03,1.243334605293569695e+02,4.864476574356116600e+01,-1.011357436287075532e-03,2.899040383222838102e+01,3.412998715570523256e-01,nan,3.847862882157081543e+01,1.000000000000000000e+00
2.536000000000000000e+03,2.971361050531441350e+01,3.692076248038707575e+01,-1.595172355005992004e-03,4.502550617228362739e+01,2.186617854116796877e-01,nan,1.806759008799953392e+01,1.000000000000000000e+00
2.537000000000000000e+03,4.955609272943165422e+01,2.917883715059009475e+01,1.380318803141543458e-03,-3.912432314011530110e+01,3.346791701149162135e-01,nan,3.639458131631275073e+00,1.000000000000000000e+00
2.539000000000000000e+03,4.592430963732714844e+01,2.894260196311615729e+01,-1.490229987163056626e-03,4.214315158658422433e+01,3.353926254880272850e-01,nan,3.639458131631275073e+00,1.000000000000000000e+00
2.539000000000000000e+03,1.351228900798793120e+02,2.884424156559458297e+01,-1.055344781863843577e-03,3.019856341393041177e+01,3.534147716585527288e-01,nan,2.103234164758867664e+01,1.000000000000000000e+00
2.539000000000000000e+03,1.219734208304106886e+02,4.662609773633961652e+01,1.152931640645127277e-03,-3.287889106132271877e+01,3.177983653209246473e-01,nan,4.416103678356842366e+00,1.000000000000000000e+00
2.543000000000000000e+03,1.395109770099086575e+02,4.941373568371520264e+01,-1.171591613898083015e-03,3.339140722214713719e+01,2.454561354717074151e-01,nan,1.353797925197149077e+01,1.000000000000000000e+00
2.543000000000000000e+03,1.260096716382500119e+02,4.841792672210060289e+01,-1.205773986601906553e-03,3.433026271719764821e+01,3.057691356892153767e-01,nan,4.416103678356842366e+00,1.000000000000000000e+00
2.552000000000000000e+03,1.468119363998305715e+01,1.499451645953316614e+01,-1.188066537596287791e-03,3.384390865552092720e+01,2.996068157373956709e-01,nan,5.747455956106895769e+01,1.000000000000000000e+00
2.558000000000000000e+03,1.217578278915847676e+02,4.909943803830054065e+01,-1.013353223069538359e-03,2.904522025483016279e+01,3.746583941068678536e-01,nan,1.980901527308253662e+01,1.000000000000000000e+00
2.560000000000000000e+03,1.414375905304173386e+02,4.684022831620149674e+01,-1.196805558835578945e-03,3.408393523831440319e+01,3.179873246107278728e-01,nan,1.980901527308253662e+01,1.000000000000000000e+00
2.563000000000000000e+03,1.125339449233689137e+01,3.635977305607868715e+01,-1.378098179020558704e-03,3.906333131908249356e+01,2.862549826070042158e-01,nan,1.112363648486773258e+02,1.000000000000000000e+00
2.573000000000000000e+03,3.400014727037250140e+01,3.153815118271686657e+01,-1.145252297019216763e-03,3.266796965969746225e+01,3.254878562598066960e-01,nan,2.514840591885447552e+01,1.000000000000000000e+00
2.574000000000000000e+03,9.415395370307756195e+01,5.287758207131347632e+01,-1.159599807126589612e-03,3.306203939913053347e+01,2.965094998463957410e-01,nan,2.728644418054522447e+01,1.000000000000000000e+00
2.577000000000000000e+03,4.651236766469096295e+01,5.335297781653351024e+01,-8.244534771260378456e-04,2.385688631355103695e+01,3.577492479290069749e-01,nan,2.514840591885447552e+01,1.000000000000000000e+00
2.580000000000000000e+03,7.911943043728813052e+01,4.035630967452815554e+01,-1.189410816027453846e-03,3.388083070311878231e+01,3.485489251221975948e-01,nan,6.030780688921520749e+00,1.000000000000000000e+00
2.585000000000000000e+03,7.606461604829382850e+01,3.515646114147816803e+01,-1.343163177425412552e-03,3.810380406503870176e+01,2.768703537353217614e-01,nan,6.030780688921520749e+00,1.000000000000000000e+00
2.590000000000000000e+03,1.197258515390698648e+02,4.930885503135451842e+01,-1.201069481737142937e-03,3.420104844988959769e+01,3.595830950704900220e-01,nan,2.039662734115851350e+01,1.000000000000000000e+00
2.598000000000000000e+03,3.541226200362007859e+01,4.906767169734839484e+01,-1.763346051458202553e-03,4.964457695491110201e+01,1.904324058285707943e-01,nan,2.937804570958842376e+01,1.000000000000000000e+00
2.600000000000000000e+03,1.845460965014424204e+01,2.507793229956997294e+01,-1.011710125748393118e-03,2.900009082621424028e+01,3.551436656548715431e-01,nan,1.384756349944466081e+01,1.000000000000000000e+00
2.600000000000000000e+03,1.235917100176863954e+02,5.004887915305089052e+01,-1.199113983016273765e-03,3.414733858207088701e+01,2.935291064598561928e-01,nan,4.907103784271435387e+01,1.000000000000000000e+00
2.603000000000000000e+03,2.007445322632266738e+01,1.132543719286786121e+01,-1.487698928511987321e-03,4.207363334853091175e+01,2.612163925530687214e-01,nan,1.384756349944466081e+01,1.000000000000000000e+00
2.608000000000000000e+03,4.226724826917698152e+01,5.117423282541042084e+01,1.084689131651965597e-03,-3.100453742533018087e+01,3.574588313062471157e-01,nan,1.136605377174006648e+01,1.000000000000000000e+00
2.610000000000000000e+03,8.531559978442665226e+01,4.027382258728865594e+01,-8.811624078373721681e-04,2.541445786301867926e+01,3.711578698924635766e-01,nan,1.028984115436415436e+01,1.000000000000000000e+00
2.612000000000000000e+03,3.052561963436750858e+01,5.042973825271784705e+01,-1.063247340637918934e-03,3.041561565879024087e+01,3.700336519590121664e-01,nan,1.176520782504697138e+01,1.000000000000000000e+00
2.616000000000000000e+03,1.080638677513068870e+02,1.498831669146252210e+01,-1.055298974679959659e-03,3.019730527053952329e+01,3.394555071254435896e-01,nan,2.014766318426315550e+01,1.000000000000000000e+00
2.619000000000000000e+03,1.246017952537443847e+02,2.649593528570844114e+01,-1.272185538665262464e-03,3.615432715911803996e+01,3.238354881083775894e-01,nan,2.014766318426315550e+01,1.000000000000000000e+00
2.622000000000000000e+03,1.036382205197727870e+02,2.623601207941427305e+01,-1.081857868666642178e-03,3.092677375354718805e+01,3.266460614135030527e-01,nan,2.096518604019488663e+01,1.000000000000000000e+00
2.624000000000000000e+03,8.429237461974153689e+01,4.220340424641854327e+01,-1.102577404565461845e-03,3.149585800940188207e+01,3.135262454197119686e-01,nan,1.995320592311383479e+01,1.000000000000000000e+00
2.625000000000000000e+03,5.622352716403415940e+01,1.700982968348412072e+01,-1.410676633538130408e-03,3.995813348244004715e+01,2.766143117725382572e-01,nan,1.732557477042846727e+01,1.000000000000000000e+00
2.629000000000000000e+03,7.299039052217788992e+01,2.137421214324227137e+01,-1.084089361577153304e-03,3.098806409753098379e+01,3.311458758765373211e-01,nan,1.732557477042846727e+01,1.000000000000000000e+00
2.630000000000000000e+03,2.673837551777886290e+01,1.273398576063211962e+01,-1.161434978837902260e-03,3.311244435669318875e+01,2.608470279713351880e-01,nan,1.858241757078797107e+01,1.000000000000000000e+00
2.632000000000000000e+03,8.587590071138244241e+00,1.671584844600295483e+01,-1.345591159483634997e-03,3.817049119401589508e+01,2.850187422098827694e-01,nan,1.858241757078797107e+01,1.000000000000000000e+00
2.635000000000000000e+03,9.749315844965586564e+00,4.059770325484049636e+01,1.363748108627941408e-03,-3.866919125867167395e+01,3.648475623216848041e-01,nan,4.461741238496286677e+00,1.000000000000000000e+00
2.638000000000000000e+03,4.958365329351797612e+01,1.320766414755727780e+01,-9.490071175636768681e-04,2.727788551587798693e+01,3.472607660253012041e-01,nan,3.705680694405764797e+01,1.000000000000000000e+00
2.643000000000000000e+03,1.117358666568427310e+02,2.834362026306106230e+01,-1.179626747693511514e-03,3.361210078203158957e+01,3.393916867807719173e-01,nan,2.799220967880114941e+01,1.000000000000000000e+00
2.652000000000000000e+03,6.735868271252257955e+01,4.987561637610595255e+01,-1.958096722490067221e-02,5.390246352778843857e+02,1.081309020446752367e-02,nan,2.625861960232860071e+01,1.000000000000000000e+00
2.655000000000000000e+03,8.924267557845257670e+01,3.536334709581347369e+01,-1.435878787742469803e-03,4.065033765348659500e+01,2.289099817736246489e-01,nan,2.625861960232860071e+01,1.000000000000000000e+00
2.661000000000000000e+03,6.861520351895596548e+01,5.019066044803008708e+01,3.195122816373040242e-03,-8.896986004959738636e+01,2.281753804829500520e-01,nan,1.306921379098283964e+01,1.000000000000000000e+00
2.663000000000000000e+03,9.221826654945708412e+01,2.490682833083794279e+01,-1.307674465405640231e-03,3.712906856084413221e+01,2.641162767731995986e-01,nan,1.066481035988576132e+01,1.000000000000000000e+00
2.664000000000000000e+03,5.555398256840338433e+01,4.973365235700502751e+01,-1.398744151706965292e-03,3.963039508248026976e+01,2.489592563079381371e-01,nan,1.306921379098283964e+01,1.000000000000000000e+00
2.667000000000000000e+03,8.935112338928088604e+01,3.517900775447446193e+01,1.318289698391590919e-03,-3.742062730974825513e+01,3.316436158844249249e-01,nan,1.066481035988576132e+01,1.000000000000000000e+00
2.667000000000000000e+03,9.816177139244973660e+01,4.536287062258831781e+01,-1.102188830860902470e-03,3.148518541622297562e+01,2.986312069672680813e-01,nan,1.346620143738728714e+01,1.000000000000000000e+00
2.672000000000000000e+03,5.989298319277097704e+01,2.238901006532949722e+01,-1.432778510708539264e-03,4.056518522259173665e+01,2.725119143193823756e-01,nan,2.407454240637254017e+01,1.000000000000000000e+00
2.676000000000000000e+03,2.927750141986174981e+01,3.699866899157275668e+01,-1.142531430326808057e-03,3.259323814039652234e+01,2.939992024357038769e-01,nan,1.293806774375197222e+01,1.000000000000000000e+00
2.678000000000000000e+03,5.596096167333528371e+01,2.086520019443630503e+01,-1.193162729318045841e-03,3.398388102207547234e+01,3.581074043766595549e-01,nan,2.339498328104911451e+01,1.000000000000000000e+00
2.681000000000000000e+03,7.446044267846404807e+01,6.544081339352123550e+00,-1.107504435645887894e-03,3.163118419767508982e+01,2.826007250482019950e-01,nan,1.492962930522139686e+01,1.000000000000000000e+00
2.684000000000000000e+03,1.149206954920391013e+02,2.409285163432433663e+01,-1.221368247391188544e-02,3.366742650446924472e+02,1.264516121127501336e-02,nan,3.059213373943865832e+01,1.000000000000000000e+00
2.690000000000000000e+03,3.656170125327341225e+01,3.408179670167314157e+01,-1.041342328407337788e-03,2.981397102516510600e+01,3.388203738451934788e-01,nan,2.968716546751944918e+01,1.000000000000000000e+00
2.691000000000000000e+03,6.981254556749142637e+00,3.659674535521772043e+01,-1.211220173566240855e-03,3.447984807813327990e+01,2.916940054411788497e-01,nan,2.968716546751944918e+01,1.000000000000000000e+00
2.694000000000000000e+03,8.869080570387220064e+01,5.275714977990919152e+01,-1.334328247331563076e-03,3.786114324278192100e+01,2.830774593327711752e-01,nan,5.231560683683100876e+01,1.000000000000000000e+00
2.695000000000000000e+03,1.427447732790832902e+02,2.223238066156301329e+01,-9.719679798932456599e-04,2.790853020388709993e+01,3.471739804893539949e-01,nan,2.078357916681391160e+01,1.000000000000000000e+00
2.703000000000000000e+03,1.292088510534584884e+02,4.270768446267181417e+01,-1.095713005908971775e-03,3.130731994463079104e+01,3.539171798525306833e-01,nan,2.155304623321936219e+01,1.000000000000000000e+00
2.708000000000000000e+03,1.492008546366237987e+01,3.406364924542251060e+01,-6.248226015585571849e-03,1.728266110239481748e+02,3.402545466932038742e-02,nan,3.488801484045622203e+01,1.000000000000000000e+00
2.712000000000000000e+03,4.196548133105005007e+01,1.202458978535971390e+01,-1.104358449267976933e-03,3.154477631066713883e+01,3.743037028119957643e-01,nan,3.488801484045622203e+01,1.000000000000000000e+00
2.717000000000000000e+03,1.221020708846353386e+02,5.999539874913363491e+00,-1.225438785675064422e-03,3.487037749591320335e+01,3.480980330314589200e-01,nan,1.654431155625554339e+01,1.000000000000000000e+00
2.719000000000000000e+03,1.385981039177862044e+02,4.736551735758382620e+00,-1.402388402612501136e-03,3.973048833866381102e+01,3.024587321833962505e-01,nan,1.654431155625554339e+01,1.000000000000000000e+00
2.720000000000000000e+03,7.908621220897875048e+01,4.483436164171412486e+01,-1.265119211951643615e-03,3.596024292387824062e+01,2.887447856040450400e-01,nan,2.043606761795939875e+01,1.000000000000000000e+00
2.724000000000000000e+03,1.218591161824117393e+02,6.338691657421223091e+00,-1.749753999430131695e-03,4.927125668115084522e+01,1.643826748369026092e-01,nan,1.681548580129645032e+01,1.000000000000000000e+00
2.727000000000000000e+03,9.214252276818473320e+01,5.727968638147372893e+00,-1.812486504830759966e-03,5.099427216413039332e+01,2.130008633686614195e-01,nan,1.702077331502735191e+01,1.000000000000000000e+00
2.739000000000000000e+03,1.310284382024129854e+02,1.449880527190353874e+01,-1.206500624543087059e-03,3.435022060689420442e+01,2.906566403071252358e-01,nan,1.277482618363435840e+01,1.000000000000000000e+00
2.742000000000000000e+03,1.428859941271482512e+02,9.745432625682166616e+00,-1.403579794305531356e-03,3.976321118817021727e+01,2.891845324090337455e-01,nan,1.277482618363435840e+01,1.000000000000000000e+00
2.749000000000000000e+03,4.379103178993229761e+01,4.889681392344305522e+01,-1.114916857689823328e-03,3.183477431202674524e+01,3.130022225167856664e-01,nan,8.663944073425080106e+00,1.000000000000000000e+00
2.751000000000000000e+03,2.695726004362860451e+01,5.349278018632502096e+01,-1.095884066621497259e-03,3.131201831040350569e+01,3.290457314313618431e-01,nan,1.065144901950499268e+01,1.000000000000000000e+00
2.752000000000000000e+03,3.535178234101777406e+01,4.693645792352021573e+01,-1.157000316557151628e-03,3.299064160510976507e+01,3.246975101227383975e-01,nan,8.663944073425080106e+00,1.000000000000000000e+00
2.753000000000000000e+03,1.096644071896144084e+02,2.673366467927939993e+01,-1.075639828729392381e-03,3.075598862361741581e+01,3.584335232662910764e-01,nan,1.420125164592935718e+01,1.000000000000000000e+00
2.753000000000000000e+03,1.287691232854263319e+02,2.973219080156367866e+01,-1.356496651758173910e-03,3.847002222531368432e+01,3.634911069439886733e-01,nan,1.112519681936407778e+01,1.000000000000000000e+00
2.755000000000000000e+03,1.525507773619557739e+01,8.763179066126193462e+00,-1.144423653619218093e-03,3.264521008076867048e+01,3.610716613596035574e-01,nan,9.873095217558017112e+00,1.000000000000000000e+00
2.758000000000000000e+03,1.188966891703388029e+01,1.804499099348583258e+01,-1.000493735666248057e-03,2.869202065348237696e+01,3.262081801333870379e-01,nan,3.280662169571507913e+00,1.000000000000000000e+00
2.762000000000000000e+03,9.230351377243077593e+01,8.997258416930524305e+00,-1.249134577420944444e-03,3.552120780786821541e+01,3.712122078644414236e-01,nan,2.031871861704367177e+01,1.000000000000000000e+00
2.779000000000000000e+03,8.168704597029416448e+01,1.261606119203099929e+01,-1.125741185778560919e-03,3.213207608198855070e+01,3.238926381882232253e-01,nan,3.307159437408202507e+01,1.000000000000000000e+00
2.779000000000000000e+03,1.369885669930848735e+02,1.214379293212416044e+01,-1.263018615936695828e-03,3.590254780339603258e+01,3.368495352874528725e-01,nan,1.448773991028649277e+01,1.000000000000000000e+00
2.780000000000000000e+03,1.079950729645329375e+02,3.265647211881135803e+01,-1.235163362335159332e-03,3.513747341442879701e+01,3.424219631067968450e-01,nan,2.187409992846353646e+01,1.000000000000000000e+00
2.784000000000000000e+03,1.308351806858869111e+02,2.525983062124722522e+01,-9.750605858770003756e-04,2.799347194116882065e+01,3.454589525254718740e-01,nan,1.003347046982271884e+01,1.000000000000000000e+00
2.785000000000000000e+03,1.318101890008835824e+02,4.215639615485783054e+01,-1.176847302687620373e-03,3.353576034658020433e+01,2.710837485256281099e-01,nan,9.033374050562741786e+00,1.000000000000000000e+00
2.788000000000000000e+03,9.601889096895357056e+01,1.142638525349836165e+01,-2.453618052734539683e-03,6.860363714341904995e+01,1.376063026914119414e-01,nan,9.229729384655449564e+00,1.000000000000000000e+00
2.788000000000000000e+03,9.400113711451915322e+01,3.507177527948946505e+01,-1.147505024815177743e-03,3.272984324256476896e+01,3.462943187658155120e-01,nan,1.401206310016518763e+01,1.000000000000000000e+00
2.790000000000000000e+03,9.632256193449318005e+01,4.889020135224534158e+01,1.334740186901102509e-03,-3.787245760448062271e+01,2.838424416302696152e-01,nan,1.401206310016518763e+01,1.000000000000000000e+00
2.793000000000000000e+03,1.040941819457365654e+02,1.589601389067387061e+01,-1.067613511787768006e-03,3.053553722807054882e+01,3.419648059484172720e-01,nan,9.229729384655449564e+00,1.000000000000000000e+00
2.796000000000000000e+03,2.841161827609542812e+01,1.006705748297126135e+01,-1.151010027729980258e-03,3.282611190346911201e+01,3.685748045086252311e-01,nan,4.868213080837374918e+00,1.000000000000000000e+00
2.803000000000000000e+03,8.203073978465965865e+01,2.114397281841500487e+01,-1.203079352434414462e-03,3.425625170230347294e+01,2.611285873760806897e-01,nan,4.053015463449750655e+01,1.000000000000000000e+00
2.811000000000000000e+03,8.996332546944813657e+00,4.737734130867474391e+01,-1.119569874843206504e-03,3.196257441416913991e+01,3.069538588467990436e-01,nan,5.870169435583542139e+01,1.000000000000000000e+00
2.814000000000000000e+03,7.349739236533035580e+01,3.281491114744950721e+01,-1.723862387891236542e-03,4.856011582561023943e+01,1.968066289874608188e-01,nan,2.083153317961267348e+01,1.000000000000000000e+00
2.821000000000000000e+03,1.453571931416080609e+01,1.144104223789682173e+01,-1.148015215119469173e-03,3.274385616597578519e+01,3.717916951893811550e-01,nan,1.188661827978320140e+01,1.000000000000000000e+00
2.821000000000000000e+03,8.928588215158976027e+01,3.181407336657219886e+01,-1.133809048098911084e-03,3.235366856588082385e+01,3.376290796666022720e-01,nan,2.621442934784214884e+01,1.000000000000000000e+00
2.824000000000000000e+03,1.233332736555089610e+02,5.285031722310974089e+01,-1.257238858896306006e-03,3.574380058287848527e+01,3.214086162542575398e-01,nan,2.225876324531995465e+01,1.000000000000000000e+00
2.825000000000000000e+03,1.154995367960843282e+02,3.201560800919224903e+01,-1.434735512113669747e-03,4.061893636324391110e+01,2.433661480874795835e-01,nan,2.225876324531995465e+01,1.000000000000000000e+00
2.826000000000000000e+03,2.321549742476063116e+01,1.956219647113413274e+01,-1.172330230981019324e-03,3.341169413180848125e+01,2.910040556475280704e-01,nan,7.923370092231798445e+00,1.000000000000000000e+00
2.827000000000000000e+03,6.631595320501536150e+01,3.247657273357759777e+01,-1.311343307192208273e-03,3.722983723192602667e+01,2.511877756336218237e-01,nan,3.714554729009904577e+01,1.000000000000000000e+00
2.831000000000000000e+03,3.046194521832493862e+01,2.276669143814848439e+01,-1.679080475183742944e-03,4.733013260623003760e+01,2.470819685727156934e-01,nan,7.923370092231798445e+00,1.000000000000000000e+00
2.836000000000000000e+03,8.794798194046063600e+01,2.412332624860480124e+01,-1.235326413130946903e-03,3.514195177925513036e+01,2.851713057739645452e-01,nan,1.097009236178131175e+01,1.000000000000000000e+00
2.838000000000000000e+03,1.178280076606012017e+02,1.901823434247738831e+01,-9.647205749111448063e-04,2.770947245996574537e+01,3.748690765742639375e-01,nan,1.705321887367923139e+01,1.000000000000000000e+00
2.838000000000000000e+03,3.608224589941016092e+01,2.171971597352092331e+01,-1.214589659577117176e-03,3.457239462205569680e+01,3.237494242082896712e-01,nan,5.192140134313028454e+01,1.000000000000000000e+00
2.838000000000000000e+03,1.093879408959772377e+02,3.383638358461621465e+01,1.215586025594529371e-03,-3.459976088239795899e+01,3.540094560451096939e-01,nan,1.705321887367923139e+01,1.000000000000000000e+00
2.840000000000000000e+03,9.300311831991362510e+01,1.438738650910643102e+01,-1.283614278904367896e-03,3.646822975645847009e+01,2.587838439610689045e-01,nan,1.097009236178131175e+01,1.000000000000000000e+00

# Refeyn DiscoverMP; 2024.2.0; Refeyn Ltd; www.refeyn.com; email: support@refeyn.com
# Time created: 2025-04-29 16:39:19
# Time changed: 2025-04-29 19:12:59
# Version commit: 7e7eb900161f3a98afcd7f42c06596f8b321b884
