IDs:;model_00_130_uM
Concentration [uM]:;00.130
Time [s];Surface tension [mJ/m^2];Area [mm^2];Volume [mm^3]
0.0;72.0;Inf;Inf
1.0;72.0;Inf;Inf
2.0;72.0;Inf;Inf
3.0;72.0;Inf;Inf
4.0;72.0;Inf;Inf
5.0;72.0;Inf;Inf
6.0;72.0;Inf;Inf
7.0;72.0;Inf;Inf
8.0;72.0;Inf;Inf
9.0;72.0;Inf;Inf
10.0;72.0;Inf;Inf
11.0;72.0;Inf;Inf
12.0;72.0;Inf;Inf
13.0;72.0;Inf;Inf
14.0;72.0;Inf;Inf
15.0;72.0;Inf;Inf
16.0;72.0;Inf;Inf
17.0;72.0;Inf;Inf
18.0;72.0;Inf;Inf
19.0;72.0;Inf;Inf
20.0;72.0;Inf;Inf
21.0;72.0;Inf;Inf
22.0;72.0;Inf;Inf
23.0;72.0;Inf;Inf
24.0;72.0;Inf;Inf
25.0;72.0;Inf;Inf
26.0;72.0;Inf;Inf
27.0;72.0;Inf;Inf
28.0;72.0;Inf;Inf
29.0;72.0;Inf;Inf
30.0;72.0;Inf;Inf
31.0;72.0;Inf;Inf
32.0;72.0;Inf;Inf
33.0;72.0;Inf;Inf
34.0;72.0;Inf;Inf
35.0;72.0;Inf;Inf
36.0;72.0;Inf;Inf
37.0;72.0;Inf;Inf
38.0;72.0;Inf;Inf
39.0;72.0;Inf;Inf
40.0;72.0;Inf;Inf
41.0;72.0;Inf;Inf
42.0;72.0;Inf;Inf
43.0;72.0;Inf;Inf
44.0;72.0;Inf;Inf
45.0;72.0;Inf;Inf
46.0;72.0;Inf;Inf
47.0;72.0;Inf;Inf
48.0;72.0;Inf;Inf
49.0;72.0;Inf;Inf
50.0;72.0;Inf;Inf
51.0;72.0;Inf;Inf
52.0;72.0;Inf;Inf
53.0;72.0;Inf;Inf
54.0;72.0;Inf;Inf
55.0;72.0;Inf;Inf
56.0;72.0;Inf;Inf
57.0;72.0;Inf;Inf
58.0;72.0;Inf;Inf
59.0;72.0;Inf;Inf
60.0;72.0;Inf;Inf
61.0;72.0;Inf;Inf
62.0;72.0;Inf;Inf
63.0;72.0;Inf;Inf
64.0;72.0;Inf;Inf
65.0;72.0;Inf;Inf
66.0;72.0;Inf;Inf
67.0;72.0;Inf;Inf
68.0;72.0;Inf;Inf
69.0;72.0;Inf;Inf
70.0;72.0;Inf;Inf
71.0;72.0;Inf;Inf
72.0;72.0;Inf;Inf
73.0;72.0;Inf;Inf
74.0;72.0;Inf;Inf
75.0;72.0;Inf;Inf
76.0;72.0;Inf;Inf
77.0;72.0;Inf;Inf
78.0;72.0;Inf;Inf
79.0;72.0;Inf;Inf
80.0;72.0;Inf;Inf
81.0;72.0;Inf;Inf
82.0;72.0;Inf;Inf
83.0;72.0;Inf;Inf
84.0;72.0;Inf;Inf
85.0;72.0;Inf;Inf
86.0;72.0;Inf;Inf
87.0;72.0;Inf;Inf
88.0;72.0;Inf;Inf
89.0;72.0;Inf;Inf
90.0;72.0;Inf;Inf
91.0;72.0;Inf;Inf
92.0;72.0;Inf;Inf
93.0;72.0;Inf;Inf
94.0;72.0;Inf;Inf
95.0;72.0;Inf;Inf
96.0;72.0;Inf;Inf
97.0;72.0;Inf;Inf
98.0;72.0;Inf;Inf
99.0;72.0;Inf;Inf
100.0;72.0;Inf;Inf
101.0;72.0;Inf;Inf
102.0;72.0;Inf;Inf
103.0;72.0;Inf;Inf
104.0;72.0;Inf;Inf
105.0;72.0;Inf;Inf
106.0;72.0;Inf;Inf
107.0;72.0;Inf;Inf
108.0;72.0;Inf;Inf
109.0;72.0;Inf;Inf
110.0;72.0;Inf;Inf
111.0;72.0;Inf;Inf
112.0;72.0;Inf;Inf
113.0;72.0;Inf;Inf
114.0;72.0;Inf;Inf
115.0;72.0;Inf;Inf
116.0;72.0;Inf;Inf
117.0;72.0;Inf;Inf
118.0;72.0;Inf;Inf
119.0;72.0;Inf;Inf
120.0;72.0;Inf;Inf
121.0;72.0;Inf;Inf
122.0;72.0;Inf;Inf
123.0;72.0;Inf;Inf
124.0;72.0;Inf;Inf
125.0;72.0;Inf;Inf
126.0;72.0;Inf;Inf
127.0;72.0;Inf;Inf
128.0;72.0;Inf;Inf
129.0;72.0;Inf;Inf
130.0;72.0;Inf;Inf
131.0;72.0;Inf;Inf
132.0;72.0;Inf;Inf
133.0;72.0;Inf;Inf
134.0;72.0;Inf;Inf
135.0;72.0;Inf;Inf
136.0;72.0;Inf;Inf
137.0;72.0;Inf;Inf
138.0;72.0;Inf;Inf
139.0;72.0;Inf;Inf
140.0;72.0;Inf;Inf
141.0;72.0;Inf;Inf
142.0;72.0;Inf;Inf
143.0;72.0;Inf;Inf
144.0;72.0;Inf;Inf
145.0;72.0;Inf;Inf
146.0;72.0;Inf;Inf
147.0;72.0;Inf;Inf
148.0;72.0;Inf;Inf
149.0;72.0;Inf;Inf
150.0;72.0;Inf;Inf
151.0;72.0;Inf;Inf
152.0;72.0;Inf;Inf
153.0;72.0;Inf;Inf
154.0;72.0;Inf;Inf
155.0;72.0;Inf;Inf
156.0;72.0;Inf;Inf
157.0;72.0;Inf;Inf
158.0;72.0;Inf;Inf
159.0;72.0;Inf;Inf
160.0;72.0;Inf;Inf
161.0;72.0;Inf;Inf
162.0;72.0;Inf;Inf
163.0;72.0;Inf;Inf
164.0;72.0;Inf;Inf
165.0;72.0;Inf;Inf
166.0;72.0;Inf;Inf
167.0;72.0;Inf;Inf
168.0;72.0;Inf;Inf
169.0;72.0;Inf;Inf
170.0;72.0;Inf;Inf
171.0;72.0;Inf;Inf
172.0;72.0;Inf;Inf
173.0;72.0;Inf;Inf
174.0;72.0;Inf;Inf
175.0;72.0;Inf;Inf
176.0;72.0;Inf;Inf
177.0;72.0;Inf;Inf
178.0;72.0;Inf;Inf
179.0;72.0;Inf;Inf
180.0;72.0;Inf;Inf
181.0;72.0;Inf;Inf
182.0;72.0;Inf;Inf
183.0;72.0;Inf;Inf
184.0;72.0;Inf;Inf
185.0;72.0;Inf;Inf
186.0;72.0;Inf;Inf
187.0;72.0;Inf;Inf
188.0;72.0;Inf;Inf
189.0;72.0;Inf;Inf
190.0;72.0;Inf;Inf
191.0;72.0;Inf;Inf
192.0;72.0;Inf;Inf
193.0;72.0;Inf;Inf
194.0;72.0;Inf;Inf
195.0;72.0;Inf;Inf
196.0;72.0;Inf;Inf
197.0;72.0;Inf;Inf
198.0;72.0;Inf;Inf
199.0;72.0;Inf;Inf
200.0;72.0;Inf;Inf
201.0;72.0;Inf;Inf
202.0;72.0;Inf;Inf
203.0;72.0;Inf;Inf
204.0;72.0;Inf;Inf
205.0;72.0;Inf;Inf
206.0;72.0;Inf;Inf
207.0;72.0;Inf;Inf
208.0;72.0;Inf;Inf
209.0;72.0;Inf;Inf
210.0;72.0;Inf;Inf
211.0;72.0;Inf;Inf
212.0;72.0;Inf;Inf
213.0;72.0;Inf;Inf
214.0;72.0;Inf;Inf
215.0;72.0;Inf;Inf
216.0;72.0;Inf;Inf
217.0;72.0;Inf;Inf
218.0;72.0;Inf;Inf
219.0;72.0;Inf;Inf
220.0;72.0;Inf;Inf
221.0;72.0;Inf;Inf
222.0;72.0;Inf;Inf
223.0;72.0;Inf;Inf
224.0;72.0;Inf;Inf
225.0;72.0;Inf;Inf
226.0;72.0;Inf;Inf
227.0;72.0;Inf;Inf
228.0;72.0;Inf;Inf
229.0;72.0;Inf;Inf
230.0;72.0;Inf;Inf
231.0;72.0;Inf;Inf
232.0;72.0;Inf;Inf
233.0;72.0;Inf;Inf
234.0;72.0;Inf;Inf
235.0;72.0;Inf;Inf
236.0;72.0;Inf;Inf
237.0;72.0;Inf;Inf
238.0;72.0;Inf;Inf
239.0;72.0;Inf;Inf
240.0;72.0;Inf;Inf
241.0;72.0;Inf;Inf
242.0;72.0;Inf;Inf
243.0;72.0;Inf;Inf
244.0;72.0;Inf;Inf
245.0;72.0;Inf;Inf
246.0;72.0;Inf;Inf
247.0;72.0;Inf;Inf
248.0;72.0;Inf;Inf
249.0;72.0;Inf;Inf
250.0;72.0;Inf;Inf
251.0;72.0;Inf;Inf
252.0;72.0;Inf;Inf
253.0;72.0;Inf;Inf
254.0;72.0;Inf;Inf
255.0;72.0;Inf;Inf
256.0;72.0;Inf;Inf
257.0;72.0;Inf;Inf
258.0;72.0;Inf;Inf
259.0;72.0;Inf;Inf
260.0;72.0;Inf;Inf
261.0;72.0;Inf;Inf
262.0;72.0;Inf;Inf
263.0;72.0;Inf;Inf
264.0;72.0;Inf;Inf
265.0;72.0;Inf;Inf
266.0;72.0;Inf;Inf
267.0;72.0;Inf;Inf
268.0;72.0;Inf;Inf
269.0;72.0;Inf;Inf
270.0;72.0;Inf;Inf
271.0;72.0;Inf;Inf
272.0;72.0;Inf;Inf
273.0;72.0;Inf;Inf
274.0;72.0;Inf;Inf
275.0;72.0;Inf;Inf
276.0;72.0;Inf;Inf
277.0;72.0;Inf;Inf
278.0;72.0;Inf;Inf
279.0;72.0;Inf;Inf
280.0;72.0;Inf;Inf
281.0;72.0;Inf;Inf
282.0;72.0;Inf;Inf
283.0;72.0;Inf;Inf
284.0;72.0;Inf;Inf
285.0;72.0;Inf;Inf
286.0;72.0;Inf;Inf
287.0;72.0;Inf;Inf
288.0;72.0;Inf;Inf
289.0;72.0;Inf;Inf
290.0;72.0;Inf;Inf
291.0;72.0;Inf;Inf
292.0;72.0;Inf;Inf
293.0;72.0;Inf;Inf
294.0;72.0;Inf;Inf
295.0;72.0;Inf;Inf
296.0;72.0;Inf;Inf
297.0;72.0;Inf;Inf
298.0;72.0;Inf;Inf
299.0;72.0;Inf;Inf
300.0;72.0;Inf;Inf
301.0;72.0;Inf;Inf
302.0;72.0;Inf;Inf
303.0;72.0;Inf;Inf
304.0;72.0;Inf;Inf
305.0;72.0;Inf;Inf
306.0;72.0;Inf;Inf
307.0;72.0;Inf;Inf
308.0;72.0;Inf;Inf
309.0;72.0;Inf;Inf
310.0;72.0;Inf;Inf
311.0;72.0;Inf;Inf
312.0;72.0;Inf;Inf
313.0;72.0;Inf;Inf
314.0;72.0;Inf;Inf
315.0;72.0;Inf;Inf
316.0;72.0;Inf;Inf
317.0;72.0;Inf;Inf
318.0;72.0;Inf;Inf
319.0;72.0;Inf;Inf
320.0;72.0;Inf;Inf
321.0;72.0;Inf;Inf
322.0;72.0;Inf;Inf
323.0;72.0;Inf;Inf
324.0;72.0;Inf;Inf
325.0;72.0;Inf;Inf
326.0;72.0;Inf;Inf
327.0;72.0;Inf;Inf
328.0;72.0;Inf;Inf
329.0;72.0;Inf;Inf
330.0;72.0;Inf;Inf
331.0;72.0;Inf;Inf
332.0;72.0;Inf;Inf
333.0;72.0;Inf;Inf
334.0;72.0;Inf;Inf
335.0;72.0;Inf;Inf
336.0;72.0;Inf;Inf
337.0;72.0;Inf;Inf
338.0;72.0;Inf;Inf
339.0;72.0;Inf;Inf
340.0;72.0;Inf;Inf
341.0;72.0;Inf;Inf
342.0;72.0;Inf;Inf
343.0;72.0;Inf;Inf
344.0;72.0;Inf;Inf
345.0;72.0;Inf;Inf
346.0;72.0;Inf;Inf
347.0;72.0;Inf;Inf
348.0;72.0;Inf;Inf
349.0;72.0;Inf;Inf
350.0;72.0;Inf;Inf
351.0;72.0;Inf;Inf
352.0;72.0;Inf;Inf
353.0;72.0;Inf;Inf
354.0;72.0;Inf;Inf
355.0;72.0;Inf;Inf
356.0;72.0;Inf;Inf
357.0;72.0;Inf;Inf
358.0;72.0;Inf;Inf
359.0;72.0;Inf;Inf
360.0;72.0;Inf;Inf
361.0;72.0;Inf;Inf
362.0;72.0;Inf;Inf
363.0;72.0;Inf;Inf
364.0;72.0;Inf;Inf
365.0;72.0;Inf;Inf
366.0;72.0;Inf;Inf
367.0;72.0;Inf;Inf
368.0;72.0;Inf;Inf
369.0;72.0;Inf;Inf
370.0;72.0;Inf;Inf
371.0;72.0;Inf;Inf
372.0;72.0;Inf;Inf
373.0;72.0;Inf;Inf
374.0;72.0;Inf;Inf
375.0;72.0;Inf;Inf
376.0;72.0;Inf;Inf
377.0;72.0;Inf;Inf
378.0;72.0;Inf;Inf
379.0;72.0;Inf;Inf
380.0;72.0;Inf;Inf
381.0;72.0;Inf;Inf
382.0;72.0;Inf;Inf
383.0;72.0;Inf;Inf
384.0;72.0;Inf;Inf
385.0;72.0;Inf;Inf
386.0;72.0;Inf;Inf
387.0;72.0;Inf;Inf
388.0;72.0;Inf;Inf
389.0;72.0;Inf;Inf
390.0;72.0;Inf;Inf
391.0;72.0;Inf;Inf
392.0;72.0;Inf;Inf
393.0;72.0;Inf;Inf
394.0;72.0;Inf;Inf
395.0;72.0;Inf;Inf
396.0;72.0;Inf;Inf
397.0;72.0;Inf;Inf
398.0;72.0;Inf;Inf
399.0;72.0;Inf;Inf
400.0;72.0;Inf;Inf
401.0;72.0;Inf;Inf
402.0;72.0;Inf;Inf
403.0;72.0;Inf;Inf
404.0;72.0;Inf;Inf
405.0;72.0;Inf;Inf
406.0;72.0;Inf;Inf
407.0;72.0;Inf;Inf
408.0;72.0;Inf;Inf
409.0;72.0;Inf;Inf
410.0;72.0;Inf;Inf
411.0;72.0;Inf;Inf
412.0;72.0;Inf;Inf
413.0;72.0;Inf;Inf
414.0;72.0;Inf;Inf
415.0;72.0;Inf;Inf
416.0;72.0;Inf;Inf
417.0;72.0;Inf;Inf
418.0;72.0;Inf;Inf
419.0;72.0;Inf;Inf
420.0;72.0;Inf;Inf
421.0;72.0;Inf;Inf
422.0;72.0;Inf;Inf
423.0;72.0;Inf;Inf
424.0;72.0;Inf;Inf
425.0;72.0;Inf;Inf
426.0;72.0;Inf;Inf
427.0;72.0;Inf;Inf
428.0;72.0;Inf;Inf
429.0;72.0;Inf;Inf
430.0;72.0;Inf;Inf
431.0;72.0;Inf;Inf
432.0;72.0;Inf;Inf
433.0;72.0;Inf;Inf
434.0;72.0;Inf;Inf
435.0;72.0;Inf;Inf
436.0;72.0;Inf;Inf
437.0;72.0;Inf;Inf
438.0;72.0;Inf;Inf
439.0;72.0;Inf;Inf
440.0;72.0;Inf;Inf
441.0;72.0;Inf;Inf
442.0;72.0;Inf;Inf
443.0;72.0;Inf;Inf
444.0;72.0;Inf;Inf
445.0;72.0;Inf;Inf
446.0;72.0;Inf;Inf
447.0;72.0;Inf;Inf
448.0;72.0;Inf;Inf
449.0;72.0;Inf;Inf
450.0;72.0;Inf;Inf
451.0;72.0;Inf;Inf
452.0;72.0;Inf;Inf
453.0;72.0;Inf;Inf
454.0;72.0;Inf;Inf
455.0;72.0;Inf;Inf
456.0;72.0;Inf;Inf
457.0;72.0;Inf;Inf
458.0;72.0;Inf;Inf
459.0;72.0;Inf;Inf
460.0;72.0;Inf;Inf
461.0;72.0;Inf;Inf
462.0;72.0;Inf;Inf
463.0;72.0;Inf;Inf
464.0;72.0;Inf;Inf
465.0;72.0;Inf;Inf
466.0;72.0;Inf;Inf
467.0;72.0;Inf;Inf
468.0;72.0;Inf;Inf
469.0;72.0;Inf;Inf
470.0;72.0;Inf;Inf
471.0;72.0;Inf;Inf
472.0;72.0;Inf;Inf
473.0;72.0;Inf;Inf
474.0;72.0;Inf;Inf
475.0;72.0;Inf;Inf
476.0;72.0;Inf;Inf
477.0;72.0;Inf;Inf
478.0;72.0;Inf;Inf
479.0;72.0;Inf;Inf
480.0;72.0;Inf;Inf
481.0;72.0;Inf;Inf
482.0;72.0;Inf;Inf
483.0;72.0;Inf;Inf
484.0;72.0;Inf;Inf
485.0;72.0;Inf;Inf
486.0;72.0;Inf;Inf
487.0;72.0;Inf;Inf
488.0;72.0;Inf;Inf
489.0;72.0;Inf;Inf
490.0;72.0;Inf;Inf
491.0;72.0;Inf;Inf
492.0;72.0;Inf;Inf
493.0;72.0;Inf;Inf
494.0;72.0;Inf;Inf
495.0;72.0;Inf;Inf
496.0;72.0;Inf;Inf
497.0;72.0;Inf;Inf
498.0;72.0;Inf;Inf
499.0;72.0;Inf;Inf
500.0;72.0;Inf;Inf
501.0;72.0;Inf;Inf
502.0;72.0;Inf;Inf
503.0;72.0;Inf;Inf
504.0;72.0;Inf;Inf
505.0;72.0;Inf;Inf
506.0;72.0;Inf;Inf
507.0;72.0;Inf;Inf
508.0;72.0;Inf;Inf
509.0;72.0;Inf;Inf
510.0;72.0;Inf;Inf
511.0;72.0;Inf;Inf
512.0;72.0;Inf;Inf
513.0;72.0;Inf;Inf
514.0;72.0;Inf;Inf
515.0;72.0;Inf;Inf
516.0;72.0;Inf;Inf
517.0;72.0;Inf;Inf
518.0;72.0;Inf;Inf
519.0;72.0;Inf;Inf
520.0;72.0;Inf;Inf
521.0;72.0;Inf;Inf
522.0;72.0;Inf;Inf
523.0;72.0;Inf;Inf
524.0;72.0;Inf;Inf
525.0;72.0;Inf;Inf
526.0;72.0;Inf;Inf
527.0;72.0;Inf;Inf
528.0;72.0;Inf;Inf
529.0;72.0;Inf;Inf
530.0;72.0;Inf;Inf
531.0;72.0;Inf;Inf
532.0;72.0;Inf;Inf
533.0;72.0;Inf;Inf
534.0;72.0;Inf;Inf
535.0;72.0;Inf;Inf
536.0;72.0;Inf;Inf
537.0;72.0;Inf;Inf
538.0;72.0;Inf;Inf
539.0;72.0;Inf;Inf
540.0;72.0;Inf;Inf
541.0;72.0;Inf;Inf
542.0;72.0;Inf;Inf
543.0;72.0;Inf;Inf
544.0;72.0;Inf;Inf
545.0;72.0;Inf;Inf
546.0;72.0;Inf;Inf
547.0;72.0;Inf;Inf
548.0;72.0;Inf;Inf
549.0;72.0;Inf;Inf
550.0;72.0;Inf;Inf
551.0;72.0;Inf;Inf
552.0;72.0;Inf;Inf
553.0;72.0;Inf;Inf
554.0;72.0;Inf;Inf
555.0;72.0;Inf;Inf
556.0;72.0;Inf;Inf
557.0;72.0;Inf;Inf
558.0;72.0;Inf;Inf
559.0;72.0;Inf;Inf
560.0;72.0;Inf;Inf
561.0;72.0;Inf;Inf
562.0;72.0;Inf;Inf
563.0;72.0;Inf;Inf
564.0;72.0;Inf;Inf
565.0;72.0;Inf;Inf
566.0;72.0;Inf;Inf
567.0;72.0;Inf;Inf
568.0;72.0;Inf;Inf
569.0;72.0;Inf;Inf
570.0;72.0;Inf;Inf
571.0;72.0;Inf;Inf
572.0;72.0;Inf;Inf
573.0;72.0;Inf;Inf
574.0;72.0;Inf;Inf
575.0;72.0;Inf;Inf
576.0;72.0;Inf;Inf
577.0;72.0;Inf;Inf
578.0;72.0;Inf;Inf
579.0;72.0;Inf;Inf
580.0;72.0;Inf;Inf
581.0;72.0;Inf;Inf
582.0;72.0;Inf;Inf
583.0;72.0;Inf;Inf
584.0;72.0;Inf;Inf
585.0;72.0;Inf;Inf
586.0;72.0;Inf;Inf
587.0;72.0;Inf;Inf
588.0;72.0;Inf;Inf
589.0;72.0;Inf;Inf
590.0;72.0;Inf;Inf
591.0;72.0;Inf;Inf
592.0;72.0;Inf;Inf
593.0;72.0;Inf;Inf
594.0;72.0;Inf;Inf
595.0;72.0;Inf;Inf
596.0;72.0;Inf;Inf
597.0;72.0;Inf;Inf
598.0;72.0;Inf;Inf
599.0;72.0;Inf;Inf
600.0;72.0;Inf;Inf
601.0;72.0;Inf;Inf
602.0;72.0;Inf;Inf
603.0;72.0;Inf;Inf
604.0;72.0;Inf;Inf
605.0;72.0;Inf;Inf
606.0;72.0;Inf;Inf
607.0;72.0;Inf;Inf
608.0;72.0;Inf;Inf
609.0;72.0;Inf;Inf
610.0;72.0;Inf;Inf
611.0;72.0;Inf;Inf
612.0;72.0;Inf;Inf
613.0;72.0;Inf;Inf
614.0;72.0;Inf;Inf
615.0;72.0;Inf;Inf
616.0;72.0;Inf;Inf
617.0;72.0;Inf;Inf
618.0;72.0;Inf;Inf
619.0;72.0;Inf;Inf
620.0;72.0;Inf;Inf
621.0;72.0;Inf;Inf
622.0;72.0;Inf;Inf
623.0;72.0;Inf;Inf
624.0;72.0;Inf;Inf
625.0;72.0;Inf;Inf
626.0;72.0;Inf;Inf
627.0;72.0;Inf;Inf
628.0;72.0;Inf;Inf
629.0;72.0;Inf;Inf
630.0;72.0;Inf;Inf
631.0;72.0;Inf;Inf
632.0;72.0;Inf;Inf
633.0;72.0;Inf;Inf
634.0;72.0;Inf;Inf
635.0;72.0;Inf;Inf
636.0;72.0;Inf;Inf
637.0;72.0;Inf;Inf
638.0;72.0;Inf;Inf
639.0;72.0;Inf;Inf
640.0;72.0;Inf;Inf
641.0;72.0;Inf;Inf
642.0;72.0;Inf;Inf
643.0;72.0;Inf;Inf
644.0;72.0;Inf;Inf
645.0;72.0;Inf;Inf
646.0;72.0;Inf;Inf
647.0;72.0;Inf;Inf
648.0;72.0;Inf;Inf
649.0;72.0;Inf;Inf
650.0;72.0;Inf;Inf
651.0;72.0;Inf;Inf
652.0;72.0;Inf;Inf
653.0;72.0;Inf;Inf
654.0;72.0;Inf;Inf
655.0;72.0;Inf;Inf
656.0;72.0;Inf;Inf
657.0;72.0;Inf;Inf
658.0;72.0;Inf;Inf
659.0;72.0;Inf;Inf
660.0;72.0;Inf;Inf
661.0;72.0;Inf;Inf
662.0;72.0;Inf;Inf
663.0;72.0;Inf;Inf
664.0;72.0;Inf;Inf
665.0;72.0;Inf;Inf
666.0;72.0;Inf;Inf
667.0;72.0;Inf;Inf
668.0;72.0;Inf;Inf
669.0;72.0;Inf;Inf
670.0;72.0;Inf;Inf
671.0;72.0;Inf;Inf
672.0;72.0;Inf;Inf
673.0;72.0;Inf;Inf
674.0;72.0;Inf;Inf
675.0;72.0;Inf;Inf
676.0;72.0;Inf;Inf
677.0;72.0;Inf;Inf
678.0;72.0;Inf;Inf
679.0;72.0;Inf;Inf
680.0;72.0;Inf;Inf
681.0;72.0;Inf;Inf
682.0;72.0;Inf;Inf
683.0;72.0;Inf;Inf
684.0;72.0;Inf;Inf
685.0;72.0;Inf;Inf
686.0;72.0;Inf;Inf
687.0;72.0;Inf;Inf
688.0;72.0;Inf;Inf
689.0;72.0;Inf;Inf
690.0;72.0;Inf;Inf
691.0;72.0;Inf;Inf
692.0;72.0;Inf;Inf
693.0;72.0;Inf;Inf
694.0;72.0;Inf;Inf
695.0;72.0;Inf;Inf
696.0;72.0;Inf;Inf
697.0;72.0;Inf;Inf
698.0;72.0;Inf;Inf
699.0;72.0;Inf;Inf
700.0;72.0;Inf;Inf
701.0;72.0;Inf;Inf
702.0;72.0;Inf;Inf
703.0;72.0;Inf;Inf
704.0;72.0;Inf;Inf
705.0;72.0;Inf;Inf
706.0;72.0;Inf;Inf
707.0;72.0;Inf;Inf
708.0;72.0;Inf;Inf
709.0;72.0;Inf;Inf
710.0;72.0;Inf;Inf
711.0;72.0;Inf;Inf
712.0;72.0;Inf;Inf
713.0;72.0;Inf;Inf
714.0;72.0;Inf;Inf
715.0;72.0;Inf;Inf
716.0;72.0;Inf;Inf
717.0;72.0;Inf;Inf
718.0;72.0;Inf;Inf
719.0;72.0;Inf;Inf
720.0;72.0;Inf;Inf
721.0;72.0;Inf;Inf
722.0;72.0;Inf;Inf
723.0;72.0;Inf;Inf
724.0;72.0;Inf;Inf
725.0;72.0;Inf;Inf
726.0;72.0;Inf;Inf
727.0;72.0;Inf;Inf
728.0;72.0;Inf;Inf
729.0;72.0;Inf;Inf
730.0;72.0;Inf;Inf
731.0;72.0;Inf;Inf
732.0;72.0;Inf;Inf
733.0;72.0;Inf;Inf
734.0;72.0;Inf;Inf
735.0;72.0;Inf;Inf
736.0;72.0;Inf;Inf
737.0;72.0;Inf;Inf
738.0;72.0;Inf;Inf
739.0;72.0;Inf;Inf
740.0;72.0;Inf;Inf
741.0;72.0;Inf;Inf
742.0;72.0;Inf;Inf
743.0;72.0;Inf;Inf
744.0;72.0;Inf;Inf
745.0;72.0;Inf;Inf
746.0;72.0;Inf;Inf
747.0;72.0;Inf;Inf
748.0;72.0;Inf;Inf
749.0;72.0;Inf;Inf
750.0;72.0;Inf;Inf
751.0;72.0;Inf;Inf
752.0;72.0;Inf;Inf
753.0;72.0;Inf;Inf
754.0;72.0;Inf;Inf
755.0;72.0;Inf;Inf
756.0;72.0;Inf;Inf
757.0;72.0;Inf;Inf
758.0;72.0;Inf;Inf
759.0;72.0;Inf;Inf
760.0;72.0;Inf;Inf
761.0;72.0;Inf;Inf
762.0;72.0;Inf;Inf
763.0;72.0;Inf;Inf
764.0;72.0;Inf;Inf
765.0;72.0;Inf;Inf
766.0;72.0;Inf;Inf
767.0;72.0;Inf;Inf
768.0;72.0;Inf;Inf
769.0;72.0;Inf;Inf
770.0;72.0;Inf;Inf
771.0;72.0;Inf;Inf
772.0;72.0;Inf;Inf
773.0;72.0;Inf;Inf
774.0;72.0;Inf;Inf
775.0;72.0;Inf;Inf
776.0;72.0;Inf;Inf
777.0;72.0;Inf;Inf
778.0;72.0;Inf;Inf
779.0;72.0;Inf;Inf
780.0;72.0;Inf;Inf
781.0;72.0;Inf;Inf
782.0;72.0;Inf;Inf
783.0;72.0;Inf;Inf
784.0;72.0;Inf;Inf
785.0;72.0;Inf;Inf
786.0;72.0;Inf;Inf
787.0;72.0;Inf;Inf
788.0;72.0;Inf;Inf
789.0;72.0;Inf;Inf
790.0;72.0;Inf;Inf
791.0;72.0;Inf;Inf
792.0;72.0;Inf;Inf
793.0;72.0;Inf;Inf
794.0;72.0;Inf;Inf
795.0;72.0;Inf;Inf
796.0;72.0;Inf;Inf
797.0;72.0;Inf;Inf
798.0;72.0;Inf;Inf
799.0;72.0;Inf;Inf
800.0;72.0;Inf;Inf
801.0;72.0;Inf;Inf
802.0;72.0;Inf;Inf
803.0;72.0;Inf;Inf
804.0;72.0;Inf;Inf
805.0;72.0;Inf;Inf
806.0;72.0;Inf;Inf
807.0;72.0;Inf;Inf
808.0;72.0;Inf;Inf
809.0;72.0;Inf;Inf
810.0;72.0;Inf;Inf
811.0;72.0;Inf;Inf
812.0;72.0;Inf;Inf
813.0;72.0;Inf;Inf
814.0;72.0;Inf;Inf
815.0;72.0;Inf;Inf
816.0;72.0;Inf;Inf
817.0;72.0;Inf;Inf
818.0;72.0;Inf;Inf
819.0;72.0;Inf;Inf
820.0;72.0;Inf;Inf
821.0;72.0;Inf;Inf
822.0;72.0;Inf;Inf
823.0;72.0;Inf;Inf
824.0;72.0;Inf;Inf
825.0;72.0;Inf;Inf
826.0;72.0;Inf;Inf
827.0;72.0;Inf;Inf
828.0;72.0;Inf;Inf
829.0;72.0;Inf;Inf
830.0;72.0;Inf;Inf
831.0;72.0;Inf;Inf
832.0;72.0;Inf;Inf
833.0;72.0;Inf;Inf
834.0;72.0;Inf;Inf
835.0;72.0;Inf;Inf
836.0;72.0;Inf;Inf
837.0;72.0;Inf;Inf
838.0;72.0;Inf;Inf
839.0;72.0;Inf;Inf
840.0;72.0;Inf;Inf
841.0;72.0;Inf;Inf
842.0;72.0;Inf;Inf
843.0;72.0;Inf;Inf
844.0;72.0;Inf;Inf
845.0;72.0;Inf;Inf
846.0;72.0;Inf;Inf
847.0;72.0;Inf;Inf
848.0;72.0;Inf;Inf
849.0;72.0;Inf;Inf
850.0;72.0;Inf;Inf
851.0;72.0;Inf;Inf
852.0;72.0;Inf;Inf
853.0;72.0;Inf;Inf
854.0;72.0;Inf;Inf
855.0;72.0;Inf;Inf
856.0;72.0;Inf;Inf
857.0;72.0;Inf;Inf
858.0;72.0;Inf;Inf
859.0;72.0;Inf;Inf
860.0;72.0;Inf;Inf
861.0;72.0;Inf;Inf
862.0;72.0;Inf;Inf
863.0;72.0;Inf;Inf
864.0;72.0;Inf;Inf
865.0;72.0;Inf;Inf
866.0;72.0;Inf;Inf
867.0;72.0;Inf;Inf
868.0;72.0;Inf;Inf
869.0;72.0;Inf;Inf
870.0;72.0;Inf;Inf
871.0;72.0;Inf;Inf
872.0;72.0;Inf;Inf
873.0;72.0;Inf;Inf
874.0;72.0;Inf;Inf
875.0;72.0;Inf;Inf
876.0;72.0;Inf;Inf
877.0;72.0;Inf;Inf
878.0;72.0;Inf;Inf
879.0;72.0;Inf;Inf
880.0;72.0;Inf;Inf
881.0;72.0;Inf;Inf
882.0;72.0;Inf;Inf
883.0;72.0;Inf;Inf
884.0;72.0;Inf;Inf
885.0;72.0;Inf;Inf
886.0;72.0;Inf;Inf
887.0;72.0;Inf;Inf
888.0;72.0;Inf;Inf
889.0;72.0;Inf;Inf
890.0;72.0;Inf;Inf
891.0;72.0;Inf;Inf
892.0;72.0;Inf;Inf
893.0;72.0;Inf;Inf
894.0;72.0;Inf;Inf
895.0;72.0;Inf;Inf
896.0;72.0;Inf;Inf
897.0;72.0;Inf;Inf
898.0;72.0;Inf;Inf
899.0;72.0;Inf;Inf
900.0;72.0;Inf;Inf
901.0;72.0;Inf;Inf
902.0;72.0;Inf;Inf
903.0;72.0;Inf;Inf
904.0;72.0;Inf;Inf
905.0;72.0;Inf;Inf
906.0;72.0;Inf;Inf
907.0;72.0;Inf;Inf
908.0;72.0;Inf;Inf
909.0;72.0;Inf;Inf
910.0;72.0;Inf;Inf
911.0;72.0;Inf;Inf
912.0;72.0;Inf;Inf
913.0;72.0;Inf;Inf
914.0;72.0;Inf;Inf
915.0;72.0;Inf;Inf
916.0;72.0;Inf;Inf
917.0;72.0;Inf;Inf
918.0;72.0;Inf;Inf
919.0;72.0;Inf;Inf
920.0;72.0;Inf;Inf
921.0;72.0;Inf;Inf
922.0;72.0;Inf;Inf
923.0;72.0;Inf;Inf
924.0;72.0;Inf;Inf
925.0;72.0;Inf;Inf
926.0;72.0;Inf;Inf
927.0;72.0;Inf;Inf
928.0;72.0;Inf;Inf
929.0;72.0;Inf;Inf
930.0;72.0;Inf;Inf
931.0;72.0;Inf;Inf
932.0;72.0;Inf;Inf
933.0;72.0;Inf;Inf
934.0;72.0;Inf;Inf
935.0;72.0;Inf;Inf
936.0;72.0;Inf;Inf
937.0;72.0;Inf;Inf
938.0;72.0;Inf;Inf
939.0;72.0;Inf;Inf
940.0;72.0;Inf;Inf
941.0;72.0;Inf;Inf
942.0;72.0;Inf;Inf
943.0;72.0;Inf;Inf
944.0;72.0;Inf;Inf
945.0;72.0;Inf;Inf
946.0;72.0;Inf;Inf
947.0;72.0;Inf;Inf
948.0;72.0;Inf;Inf
949.0;72.0;Inf;Inf
950.0;72.0;Inf;Inf
951.0;72.0;Inf;Inf
952.0;72.0;Inf;Inf
953.0;72.0;Inf;Inf
954.0;72.0;Inf;Inf
955.0;72.0;Inf;Inf
956.0;72.0;Inf;Inf
957.0;72.0;Inf;Inf
958.0;72.0;Inf;Inf
959.0;72.0;Inf;Inf
960.0;72.0;Inf;Inf
961.0;72.0;Inf;Inf
962.0;72.0;Inf;Inf
963.0;72.0;Inf;Inf
964.0;72.0;Inf;Inf
965.0;72.0;Inf;Inf
966.0;72.0;Inf;Inf
967.0;72.0;Inf;Inf
968.0;72.0;Inf;Inf
969.0;72.0;Inf;Inf
970.0;72.0;Inf;Inf
971.0;72.0;Inf;Inf
972.0;72.0;Inf;Inf
973.0;72.0;Inf;Inf
974.0;72.0;Inf;Inf
975.0;72.0;Inf;Inf
976.0;72.0;Inf;Inf
977.0;72.0;Inf;Inf
978.0;72.0;Inf;Inf
979.0;72.0;Inf;Inf
980.0;72.0;Inf;Inf
981.0;72.0;Inf;Inf
982.0;72.0;Inf;Inf
983.0;72.0;Inf;Inf
984.0;72.0;Inf;Inf
985.0;72.0;Inf;Inf
986.0;72.0;Inf;Inf
987.0;72.0;Inf;Inf
988.0;72.0;Inf;Inf
989.0;72.0;Inf;Inf
990.0;72.0;Inf;Inf
991.0;72.0;Inf;Inf
992.0;72.0;Inf;Inf
993.0;72.0;Inf;Inf
994.0;72.0;Inf;Inf
995.0;72.0;Inf;Inf
996.0;72.0;Inf;Inf
997.0;72.0;Inf;Inf
998.0;72.0;Inf;Inf
999.0;72.0;Inf;Inf
1000.0;72.0;Inf;Inf
1001.0;72.0;Inf;Inf
1002.0;72.0;Inf;Inf
1003.0;72.0;Inf;Inf
1004.0;72.0;Inf;Inf
1005.0;72.0;Inf;Inf
1006.0;72.0;Inf;Inf
1007.0;72.0;Inf;Inf
1008.0;72.0;Inf;Inf
1009.0;72.0;Inf;Inf
1010.0;72.0;Inf;Inf
1011.0;72.0;Inf;Inf
1012.0;72.0;Inf;Inf
1013.0;72.0;Inf;Inf
1014.0;72.0;Inf;Inf
1015.0;72.0;Inf;Inf
1016.0;72.0;Inf;Inf
1017.0;72.0;Inf;Inf
1018.0;72.0;Inf;Inf
1019.0;72.0;Inf;Inf
1020.0;72.0;Inf;Inf
1021.0;72.0;Inf;Inf
1022.0;72.0;Inf;Inf
1023.0;72.0;Inf;Inf
1024.0;72.0;Inf;Inf
1025.0;72.0;Inf;Inf
1026.0;72.0;Inf;Inf
1027.0;72.0;Inf;Inf
1028.0;72.0;Inf;Inf
1029.0;72.0;Inf;Inf
1030.0;72.0;Inf;Inf
1031.0;72.0;Inf;Inf
1032.0;72.0;Inf;Inf
1033.0;72.0;Inf;Inf
1034.0;72.0;Inf;Inf
1035.0;72.0;Inf;Inf
1036.0;72.0;Inf;Inf
1037.0;72.0;Inf;Inf
1038.0;72.0;Inf;Inf
1039.0;72.0;Inf;Inf
1040.0;72.0;Inf;Inf
1041.0;72.0;Inf;Inf
1042.0;72.0;Inf;Inf
1043.0;72.0;Inf;Inf
1044.0;72.0;Inf;Inf
1045.0;72.0;Inf;Inf
1046.0;72.0;Inf;Inf
1047.0;72.0;Inf;Inf
1048.0;72.0;Inf;Inf
1049.0;72.0;Inf;Inf
1050.0;72.0;Inf;Inf
1051.0;72.0;Inf;Inf
1052.0;72.0;Inf;Inf
1053.0;72.0;Inf;Inf
1054.0;72.0;Inf;Inf
1055.0;72.0;Inf;Inf
1056.0;72.0;Inf;Inf
1057.0;72.0;Inf;Inf
1058.0;72.0;Inf;Inf
1059.0;72.0;Inf;Inf
1060.0;72.0;Inf;Inf
1061.0;72.0;Inf;Inf
1062.0;72.0;Inf;Inf
1063.0;72.0;Inf;Inf
1064.0;72.0;Inf;Inf
1065.0;72.0;Inf;Inf
1066.0;72.0;Inf;Inf
1067.0;72.0;Inf;Inf
1068.0;72.0;Inf;Inf
1069.0;72.0;Inf;Inf
1070.0;72.0;Inf;Inf
1071.0;72.0;Inf;Inf
1072.0;72.0;Inf;Inf
1073.0;72.0;Inf;Inf
1074.0;72.0;Inf;Inf
1075.0;72.0;Inf;Inf
1076.0;72.0;Inf;Inf
1077.0;72.0;Inf;Inf
1078.0;72.0;Inf;Inf
1079.0;72.0;Inf;Inf
1080.0;72.0;Inf;Inf
1081.0;72.0;Inf;Inf
1082.0;72.0;Inf;Inf
1083.0;72.0;Inf;Inf
1084.0;72.0;Inf;Inf
1085.0;72.0;Inf;Inf
1086.0;72.0;Inf;Inf
1087.0;72.0;Inf;Inf
1088.0;72.0;Inf;Inf
1089.0;72.0;Inf;Inf
1090.0;72.0;Inf;Inf
1091.0;72.0;Inf;Inf
1092.0;72.0;Inf;Inf
1093.0;72.0;Inf;Inf
1094.0;72.0;Inf;Inf
1095.0;72.0;Inf;Inf
1096.0;72.0;Inf;Inf
1097.0;72.0;Inf;Inf
1098.0;72.0;Inf;Inf
1099.0;72.0;Inf;Inf
1100.0;72.0;Inf;Inf
1101.0;72.0;Inf;Inf
1102.0;72.0;Inf;Inf
1103.0;72.0;Inf;Inf
1104.0;72.0;Inf;Inf
1105.0;72.0;Inf;Inf
1106.0;72.0;Inf;Inf
1107.0;72.0;Inf;Inf
1108.0;72.0;Inf;Inf
1109.0;72.0;Inf;Inf
1110.0;72.0;Inf;Inf
1111.0;72.0;Inf;Inf
1112.0;72.0;Inf;Inf
1113.0;72.0;Inf;Inf
1114.0;72.0;Inf;Inf
1115.0;72.0;Inf;Inf
1116.0;72.0;Inf;Inf
1117.0;72.0;Inf;Inf
1118.0;72.0;Inf;Inf
1119.0;72.0;Inf;Inf
1120.0;72.0;Inf;Inf
1121.0;72.0;Inf;Inf
1122.0;72.0;Inf;Inf
1123.0;72.0;Inf;Inf
1124.0;72.0;Inf;Inf
1125.0;72.0;Inf;Inf
1126.0;72.0;Inf;Inf
1127.0;72.0;Inf;Inf
1128.0;72.0;Inf;Inf
1129.0;72.0;Inf;Inf
1130.0;72.0;Inf;Inf
1131.0;72.0;Inf;Inf
1132.0;72.0;Inf;Inf
1133.0;72.0;Inf;Inf
1134.0;72.0;Inf;Inf
1135.0;72.0;Inf;Inf
1136.0;72.0;Inf;Inf
1137.0;72.0;Inf;Inf
1138.0;72.0;Inf;Inf
1139.0;72.0;Inf;Inf
1140.0;72.0;Inf;Inf
1141.0;72.0;Inf;Inf
1142.0;72.0;Inf;Inf
1143.0;72.0;Inf;Inf
1144.0;72.0;Inf;Inf
1145.0;72.0;Inf;Inf
1146.0;72.0;Inf;Inf
1147.0;72.0;Inf;Inf
1148.0;72.0;Inf;Inf
1149.0;72.0;Inf;Inf
1150.0;72.0;Inf;Inf
1151.0;72.0;Inf;Inf
1152.0;72.0;Inf;Inf
1153.0;72.0;Inf;Inf
1154.0;72.0;Inf;Inf
1155.0;72.0;Inf;Inf
1156.0;72.0;Inf;Inf
1157.0;72.0;Inf;Inf
1158.0;72.0;Inf;Inf
1159.0;72.0;Inf;Inf
1160.0;72.0;Inf;Inf
1161.0;72.0;Inf;Inf
1162.0;72.0;Inf;Inf
1163.0;72.0;Inf;Inf
1164.0;72.0;Inf;Inf
1165.0;72.0;Inf;Inf
1166.0;72.0;Inf;Inf
1167.0;72.0;Inf;Inf
1168.0;72.0;Inf;Inf
1169.0;72.0;Inf;Inf
1170.0;72.0;Inf;Inf
1171.0;72.0;Inf;Inf
1172.0;72.0;Inf;Inf
1173.0;72.0;Inf;Inf
1174.0;72.0;Inf;Inf
1175.0;72.0;Inf;Inf
1176.0;72.0;Inf;Inf
1177.0;72.0;Inf;Inf
1178.0;72.0;Inf;Inf
1179.0;72.0;Inf;Inf
1180.0;72.0;Inf;Inf
1181.0;72.0;Inf;Inf
1182.0;72.0;Inf;Inf
1183.0;72.0;Inf;Inf
1184.0;72.0;Inf;Inf
1185.0;72.0;Inf;Inf
1186.0;72.0;Inf;Inf
1187.0;72.0;Inf;Inf
1188.0;72.0;Inf;Inf
1189.0;72.0;Inf;Inf
1190.0;72.0;Inf;Inf
1191.0;72.0;Inf;Inf
1192.0;72.0;Inf;Inf
1193.0;72.0;Inf;Inf
1194.0;72.0;Inf;Inf
1195.0;72.0;Inf;Inf
1196.0;72.0;Inf;Inf
1197.0;72.0;Inf;Inf
1198.0;72.0;Inf;Inf
1199.0;72.0;Inf;Inf
1200.0;72.0;Inf;Inf
1201.0;72.0;Inf;Inf
1202.0;72.0;Inf;Inf
1203.0;72.0;Inf;Inf
1204.0;72.0;Inf;Inf
1205.0;72.0;Inf;Inf
1206.0;72.0;Inf;Inf
1207.0;72.0;Inf;Inf
1208.0;72.0;Inf;Inf
1209.0;72.0;Inf;Inf
1210.0;72.0;Inf;Inf
1211.0;72.0;Inf;Inf
1212.0;72.0;Inf;Inf
1213.0;72.0;Inf;Inf
1214.0;72.0;Inf;Inf
1215.0;72.0;Inf;Inf
1216.0;72.0;Inf;Inf
1217.0;72.0;Inf;Inf
1218.0;72.0;Inf;Inf
1219.0;72.0;Inf;Inf
1220.0;72.0;Inf;Inf
1221.0;72.0;Inf;Inf
1222.0;72.0;Inf;Inf
1223.0;72.0;Inf;Inf
1224.0;72.0;Inf;Inf
1225.0;72.0;Inf;Inf
1226.0;72.0;Inf;Inf
1227.0;72.0;Inf;Inf
1228.0;72.0;Inf;Inf
1229.0;72.0;Inf;Inf
1230.0;72.0;Inf;Inf
1231.0;72.0;Inf;Inf
1232.0;72.0;Inf;Inf
1233.0;72.0;Inf;Inf
1234.0;72.0;Inf;Inf
1235.0;72.0;Inf;Inf
1236.0;72.0;Inf;Inf
1237.0;72.0;Inf;Inf
1238.0;72.0;Inf;Inf
1239.0;72.0;Inf;Inf
1240.0;72.0;Inf;Inf
1241.0;72.0;Inf;Inf
1242.0;72.0;Inf;Inf
1243.0;72.0;Inf;Inf
1244.0;72.0;Inf;Inf
1245.0;72.0;Inf;Inf
1246.0;72.0;Inf;Inf
1247.0;72.0;Inf;Inf
1248.0;72.0;Inf;Inf
1249.0;72.0;Inf;Inf
1250.0;72.0;Inf;Inf
1251.0;72.0;Inf;Inf
1252.0;72.0;Inf;Inf
1253.0;72.0;Inf;Inf
1254.0;72.0;Inf;Inf
1255.0;72.0;Inf;Inf
1256.0;72.0;Inf;Inf
1257.0;72.0;Inf;Inf
1258.0;72.0;Inf;Inf
1259.0;72.0;Inf;Inf
1260.0;72.0;Inf;Inf
1261.0;72.0;Inf;Inf
1262.0;72.0;Inf;Inf
1263.0;72.0;Inf;Inf
1264.0;72.0;Inf;Inf
1265.0;72.0;Inf;Inf
1266.0;72.0;Inf;Inf
1267.0;72.0;Inf;Inf
1268.0;72.0;Inf;Inf
1269.0;72.0;Inf;Inf
1270.0;72.0;Inf;Inf
1271.0;72.0;Inf;Inf
1272.0;72.0;Inf;Inf
1273.0;72.0;Inf;Inf
1274.0;72.0;Inf;Inf
1275.0;72.0;Inf;Inf
1276.0;72.0;Inf;Inf
1277.0;72.0;Inf;Inf
1278.0;72.0;Inf;Inf
1279.0;72.0;Inf;Inf
1280.0;72.0;Inf;Inf
1281.0;72.0;Inf;Inf
1282.0;72.0;Inf;Inf
1283.0;72.0;Inf;Inf
1284.0;72.0;Inf;Inf
1285.0;72.0;Inf;Inf
1286.0;72.0;Inf;Inf
1287.0;72.0;Inf;Inf
1288.0;72.0;Inf;Inf
1289.0;72.0;Inf;Inf
1290.0;72.0;Inf;Inf
1291.0;72.0;Inf;Inf
1292.0;72.0;Inf;Inf
1293.0;72.0;Inf;Inf
1294.0;72.0;Inf;Inf
1295.0;72.0;Inf;Inf
1296.0;72.0;Inf;Inf
1297.0;72.0;Inf;Inf
1298.0;72.0;Inf;Inf
1299.0;72.0;Inf;Inf
1300.0;72.0;Inf;Inf
1301.0;72.0;Inf;Inf
1302.0;72.0;Inf;Inf
1303.0;72.0;Inf;Inf
1304.0;72.0;Inf;Inf
1305.0;72.0;Inf;Inf
1306.0;72.0;Inf;Inf
1307.0;72.0;Inf;Inf
1308.0;72.0;Inf;Inf
1309.0;72.0;Inf;Inf
1310.0;72.0;Inf;Inf
1311.0;72.0;Inf;Inf
1312.0;72.0;Inf;Inf
1313.0;72.0;Inf;Inf
1314.0;72.0;Inf;Inf
1315.0;72.0;Inf;Inf
1316.0;72.0;Inf;Inf
1317.0;72.0;Inf;Inf
1318.0;72.0;Inf;Inf
1319.0;72.0;Inf;Inf
1320.0;72.0;Inf;Inf
1321.0;72.0;Inf;Inf
1322.0;72.0;Inf;Inf
1323.0;72.0;Inf;Inf
1324.0;72.0;Inf;Inf
1325.0;72.0;Inf;Inf
1326.0;72.0;Inf;Inf
1327.0;72.0;Inf;Inf
1328.0;72.0;Inf;Inf
1329.0;72.0;Inf;Inf
1330.0;72.0;Inf;Inf
1331.0;72.0;Inf;Inf
1332.0;72.0;Inf;Inf
1333.0;72.0;Inf;Inf
1334.0;72.0;Inf;Inf
1335.0;72.0;Inf;Inf
1336.0;72.0;Inf;Inf
1337.0;72.0;Inf;Inf
1338.0;72.0;Inf;Inf
1339.0;72.0;Inf;Inf
1340.0;72.0;Inf;Inf
1341.0;72.0;Inf;Inf
1342.0;72.0;Inf;Inf
1343.0;72.0;Inf;Inf
1344.0;72.0;Inf;Inf
1345.0;72.0;Inf;Inf
1346.0;72.0;Inf;Inf
1347.0;72.0;Inf;Inf
1348.0;72.0;Inf;Inf
1349.0;72.0;Inf;Inf
1350.0;72.0;Inf;Inf
1351.0;72.0;Inf;Inf
1352.0;72.0;Inf;Inf
1353.0;72.0;Inf;Inf
1354.0;72.0;Inf;Inf
1355.0;72.0;Inf;Inf
1356.0;72.0;Inf;Inf
1357.0;72.0;Inf;Inf
1358.0;72.0;Inf;Inf
1359.0;72.0;Inf;Inf
1360.0;72.0;Inf;Inf
1361.0;72.0;Inf;Inf
1362.0;72.0;Inf;Inf
1363.0;72.0;Inf;Inf
1364.0;72.0;Inf;Inf
1365.0;72.0;Inf;Inf
1366.0;72.0;Inf;Inf
1367.0;72.0;Inf;Inf
1368.0;72.0;Inf;Inf
1369.0;72.0;Inf;Inf
1370.0;72.0;Inf;Inf
1371.0;72.0;Inf;Inf
1372.0;72.0;Inf;Inf
1373.0;72.0;Inf;Inf
1374.0;72.0;Inf;Inf
1375.0;72.0;Inf;Inf
1376.0;72.0;Inf;Inf
1377.0;72.0;Inf;Inf
1378.0;72.0;Inf;Inf
1379.0;72.0;Inf;Inf
1380.0;72.0;Inf;Inf
1381.0;72.0;Inf;Inf
1382.0;72.0;Inf;Inf
1383.0;72.0;Inf;Inf
1384.0;72.0;Inf;Inf
1385.0;72.0;Inf;Inf
1386.0;72.0;Inf;Inf
1387.0;72.0;Inf;Inf
1388.0;72.0;Inf;Inf
1389.0;72.0;Inf;Inf
1390.0;72.0;Inf;Inf
1391.0;72.0;Inf;Inf
1392.0;72.0;Inf;Inf
1393.0;72.0;Inf;Inf
1394.0;72.0;Inf;Inf
1395.0;72.0;Inf;Inf
1396.0;72.0;Inf;Inf
1397.0;72.0;Inf;Inf
1398.0;72.0;Inf;Inf
1399.0;72.0;Inf;Inf
1400.0;72.0;Inf;Inf
1401.0;72.0;Inf;Inf
1402.0;72.0;Inf;Inf
1403.0;72.0;Inf;Inf
1404.0;72.0;Inf;Inf
1405.0;72.0;Inf;Inf
1406.0;72.0;Inf;Inf
1407.0;72.0;Inf;Inf
1408.0;72.0;Inf;Inf
1409.0;72.0;Inf;Inf
1410.0;72.0;Inf;Inf
1411.0;72.0;Inf;Inf
1412.0;72.0;Inf;Inf
1413.0;72.0;Inf;Inf
1414.0;72.0;Inf;Inf
1415.0;72.0;Inf;Inf
1416.0;72.0;Inf;Inf
1417.0;72.0;Inf;Inf
1418.0;72.0;Inf;Inf
1419.0;72.0;Inf;Inf
1420.0;72.0;Inf;Inf
1421.0;72.0;Inf;Inf
1422.0;72.0;Inf;Inf
1423.0;72.0;Inf;Inf
1424.0;72.0;Inf;Inf
1425.0;72.0;Inf;Inf
1426.0;72.0;Inf;Inf
1427.0;72.0;Inf;Inf
1428.0;72.0;Inf;Inf
1429.0;72.0;Inf;Inf
1430.0;72.0;Inf;Inf
1431.0;72.0;Inf;Inf
1432.0;72.0;Inf;Inf
1433.0;72.0;Inf;Inf
1434.0;72.0;Inf;Inf
1435.0;72.0;Inf;Inf
1436.0;72.0;Inf;Inf
1437.0;72.0;Inf;Inf
1438.0;72.0;Inf;Inf
1439.0;72.0;Inf;Inf
1440.0;72.0;Inf;Inf
1441.0;72.0;Inf;Inf
1442.0;72.0;Inf;Inf
1443.0;72.0;Inf;Inf
1444.0;72.0;Inf;Inf
1445.0;72.0;Inf;Inf
1446.0;72.0;Inf;Inf
1447.0;72.0;Inf;Inf
1448.0;72.0;Inf;Inf
1449.0;72.0;Inf;Inf
1450.0;72.0;Inf;Inf
1451.0;72.0;Inf;Inf
1452.0;72.0;Inf;Inf
1453.0;72.0;Inf;Inf
1454.0;72.0;Inf;Inf
1455.0;72.0;Inf;Inf
1456.0;72.0;Inf;Inf
1457.0;72.0;Inf;Inf
1458.0;72.0;Inf;Inf
1459.0;72.0;Inf;Inf
1460.0;72.0;Inf;Inf
1461.0;72.0;Inf;Inf
1462.0;72.0;Inf;Inf
1463.0;72.0;Inf;Inf
1464.0;72.0;Inf;Inf
1465.0;72.0;Inf;Inf
1466.0;72.0;Inf;Inf
1467.0;72.0;Inf;Inf
1468.0;72.0;Inf;Inf
1469.0;72.0;Inf;Inf
1470.0;72.0;Inf;Inf
1471.0;72.0;Inf;Inf
1472.0;72.0;Inf;Inf
1473.0;72.0;Inf;Inf
1474.0;72.0;Inf;Inf
1475.0;72.0;Inf;Inf
1476.0;72.0;Inf;Inf
1477.0;72.0;Inf;Inf
1478.0;72.0;Inf;Inf
1479.0;72.0;Inf;Inf
1480.0;72.0;Inf;Inf
1481.0;72.0;Inf;Inf
1482.0;72.0;Inf;Inf
1483.0;72.0;Inf;Inf
1484.0;72.0;Inf;Inf
1485.0;72.0;Inf;Inf
1486.0;72.0;Inf;Inf
1487.0;72.0;Inf;Inf
1488.0;72.0;Inf;Inf
1489.0;72.0;Inf;Inf
1490.0;72.0;Inf;Inf
1491.0;72.0;Inf;Inf
1492.0;72.0;Inf;Inf
1493.0;72.0;Inf;Inf
1494.0;72.0;Inf;Inf
1495.0;72.0;Inf;Inf
1496.0;72.0;Inf;Inf
1497.0;72.0;Inf;Inf
1498.0;72.0;Inf;Inf
1499.0;72.0;Inf;Inf
1500.0;72.0;Inf;Inf
1501.0;72.0;Inf;Inf
1502.0;72.0;Inf;Inf
1503.0;72.0;Inf;Inf
1504.0;72.0;Inf;Inf
1505.0;72.0;Inf;Inf
1506.0;72.0;Inf;Inf
1507.0;72.0;Inf;Inf
1508.0;72.0;Inf;Inf
1509.0;72.0;Inf;Inf
1510.0;72.0;Inf;Inf
1511.0;72.0;Inf;Inf
1512.0;72.0;Inf;Inf
1513.0;72.0;Inf;Inf
1514.0;72.0;Inf;Inf
1515.0;72.0;Inf;Inf
1516.0;72.0;Inf;Inf
1517.0;72.0;Inf;Inf
1518.0;72.0;Inf;Inf
1519.0;72.0;Inf;Inf
1520.0;72.0;Inf;Inf
1521.0;72.0;Inf;Inf
1522.0;72.0;Inf;Inf
1523.0;72.0;Inf;Inf
1524.0;72.0;Inf;Inf
1525.0;72.0;Inf;Inf
1526.0;72.0;Inf;Inf
1527.0;72.0;Inf;Inf
1528.0;72.0;Inf;Inf
1529.0;72.0;Inf;Inf
1530.0;72.0;Inf;Inf
1531.0;72.0;Inf;Inf
1532.0;72.0;Inf;Inf
1533.0;72.0;Inf;Inf
1534.0;72.0;Inf;Inf
1535.0;72.0;Inf;Inf
1536.0;72.0;Inf;Inf
1537.0;72.0;Inf;Inf
1538.0;72.0;Inf;Inf
1539.0;72.0;Inf;Inf
1540.0;72.0;Inf;Inf
1541.0;72.0;Inf;Inf
1542.0;72.0;Inf;Inf
1543.0;72.0;Inf;Inf
1544.0;72.0;Inf;Inf
1545.0;72.0;Inf;Inf
1546.0;72.0;Inf;Inf
1547.0;72.0;Inf;Inf
1548.0;72.0;Inf;Inf
1549.0;72.0;Inf;Inf
1550.0;72.0;Inf;Inf
1551.0;72.0;Inf;Inf
1552.0;72.0;Inf;Inf
1553.0;72.0;Inf;Inf
1554.0;72.0;Inf;Inf
1555.0;72.0;Inf;Inf
1556.0;72.0;Inf;Inf
1557.0;72.0;Inf;Inf
1558.0;72.0;Inf;Inf
1559.0;72.0;Inf;Inf
1560.0;72.0;Inf;Inf
1561.0;72.0;Inf;Inf
1562.0;72.0;Inf;Inf
1563.0;72.0;Inf;Inf
1564.0;72.0;Inf;Inf
1565.0;72.0;Inf;Inf
1566.0;72.0;Inf;Inf
1567.0;72.0;Inf;Inf
1568.0;72.0;Inf;Inf
1569.0;72.0;Inf;Inf
1570.0;72.0;Inf;Inf
1571.0;72.0;Inf;Inf
1572.0;72.0;Inf;Inf
1573.0;72.0;Inf;Inf
1574.0;72.0;Inf;Inf
1575.0;72.0;Inf;Inf
1576.0;72.0;Inf;Inf
1577.0;72.0;Inf;Inf
1578.0;72.0;Inf;Inf
1579.0;72.0;Inf;Inf
1580.0;72.0;Inf;Inf
1581.0;72.0;Inf;Inf
1582.0;72.0;Inf;Inf
1583.0;72.0;Inf;Inf
1584.0;72.0;Inf;Inf
1585.0;72.0;Inf;Inf
1586.0;72.0;Inf;Inf
1587.0;72.0;Inf;Inf
1588.0;72.0;Inf;Inf
1589.0;72.0;Inf;Inf
1590.0;72.0;Inf;Inf
1591.0;72.0;Inf;Inf
1592.0;72.0;Inf;Inf
1593.0;72.0;Inf;Inf
1594.0;72.0;Inf;Inf
1595.0;72.0;Inf;Inf
1596.0;72.0;Inf;Inf
1597.0;72.0;Inf;Inf
1598.0;72.0;Inf;Inf
1599.0;72.0;Inf;Inf
1600.0;72.0;Inf;Inf
1601.0;72.0;Inf;Inf
1602.0;72.0;Inf;Inf
1603.0;72.0;Inf;Inf
1604.0;72.0;Inf;Inf
1605.0;72.0;Inf;Inf
1606.0;72.0;Inf;Inf
1607.0;72.0;Inf;Inf
1608.0;72.0;Inf;Inf
1609.0;72.0;Inf;Inf
1610.0;72.0;Inf;Inf
1611.0;72.0;Inf;Inf
1612.0;72.0;Inf;Inf
1613.0;72.0;Inf;Inf
1614.0;72.0;Inf;Inf
1615.0;72.0;Inf;Inf
1616.0;72.0;Inf;Inf
1617.0;72.0;Inf;Inf
1618.0;72.0;Inf;Inf
1619.0;72.0;Inf;Inf
1620.0;72.0;Inf;Inf
1621.0;72.0;Inf;Inf
1622.0;72.0;Inf;Inf
1623.0;72.0;Inf;Inf
1624.0;72.0;Inf;Inf
1625.0;72.0;Inf;Inf
1626.0;72.0;Inf;Inf
1627.0;72.0;Inf;Inf
1628.0;72.0;Inf;Inf
1629.0;72.0;Inf;Inf
1630.0;72.0;Inf;Inf
1631.0;72.0;Inf;Inf
1632.0;72.0;Inf;Inf
1633.0;72.0;Inf;Inf
1634.0;72.0;Inf;Inf
1635.0;72.0;Inf;Inf
1636.0;72.0;Inf;Inf
1637.0;72.0;Inf;Inf
1638.0;72.0;Inf;Inf
1639.0;72.0;Inf;Inf
1640.0;72.0;Inf;Inf
1641.0;72.0;Inf;Inf
1642.0;72.0;Inf;Inf
1643.0;72.0;Inf;Inf
1644.0;72.0;Inf;Inf
1645.0;72.0;Inf;Inf
1646.0;72.0;Inf;Inf
1647.0;72.0;Inf;Inf
1648.0;72.0;Inf;Inf
1649.0;72.0;Inf;Inf
1650.0;72.0;Inf;Inf
1651.0;72.0;Inf;Inf
1652.0;72.0;Inf;Inf
1653.0;72.0;Inf;Inf
1654.0;72.0;Inf;Inf
1655.0;72.0;Inf;Inf
1656.0;72.0;Inf;Inf
1657.0;72.0;Inf;Inf
1658.0;72.0;Inf;Inf
1659.0;72.0;Inf;Inf
1660.0;72.0;Inf;Inf
1661.0;72.0;Inf;Inf
1662.0;72.0;Inf;Inf
1663.0;72.0;Inf;Inf
1664.0;72.0;Inf;Inf
1665.0;72.0;Inf;Inf
1666.0;72.0;Inf;Inf
1667.0;72.0;Inf;Inf
1668.0;72.0;Inf;Inf
1669.0;72.0;Inf;Inf
1670.0;72.0;Inf;Inf
1671.0;72.0;Inf;Inf
1672.0;72.0;Inf;Inf
1673.0;72.0;Inf;Inf
1674.0;72.0;Inf;Inf
1675.0;72.0;Inf;Inf
1676.0;72.0;Inf;Inf
1677.0;72.0;Inf;Inf
1678.0;72.0;Inf;Inf
1679.0;72.0;Inf;Inf
1680.0;72.0;Inf;Inf
1681.0;72.0;Inf;Inf
1682.0;72.0;Inf;Inf
1683.0;72.0;Inf;Inf
1684.0;72.0;Inf;Inf
1685.0;72.0;Inf;Inf
1686.0;72.0;Inf;Inf
1687.0;72.0;Inf;Inf
1688.0;72.0;Inf;Inf
1689.0;72.0;Inf;Inf
1690.0;72.0;Inf;Inf
1691.0;72.0;Inf;Inf
1692.0;72.0;Inf;Inf
1693.0;72.0;Inf;Inf
1694.0;72.0;Inf;Inf
1695.0;72.0;Inf;Inf
1696.0;72.0;Inf;Inf
1697.0;72.0;Inf;Inf
1698.0;72.0;Inf;Inf
1699.0;72.0;Inf;Inf
1700.0;72.0;Inf;Inf
1701.0;72.0;Inf;Inf
1702.0;72.0;Inf;Inf
1703.0;72.0;Inf;Inf
1704.0;72.0;Inf;Inf
1705.0;72.0;Inf;Inf
1706.0;72.0;Inf;Inf
1707.0;72.0;Inf;Inf
1708.0;72.0;Inf;Inf
1709.0;72.0;Inf;Inf
1710.0;72.0;Inf;Inf
1711.0;72.0;Inf;Inf
1712.0;72.0;Inf;Inf
1713.0;72.0;Inf;Inf
1714.0;72.0;Inf;Inf
1715.0;72.0;Inf;Inf
1716.0;72.0;Inf;Inf
1717.0;72.0;Inf;Inf
1718.0;72.0;Inf;Inf
1719.0;72.0;Inf;Inf
1720.0;72.0;Inf;Inf
1721.0;72.0;Inf;Inf
1722.0;72.0;Inf;Inf
1723.0;72.0;Inf;Inf
1724.0;72.0;Inf;Inf
1725.0;72.0;Inf;Inf
1726.0;72.0;Inf;Inf
1727.0;72.0;Inf;Inf
1728.0;72.0;Inf;Inf
1729.0;72.0;Inf;Inf
1730.0;72.0;Inf;Inf
1731.0;72.0;Inf;Inf
1732.0;72.0;Inf;Inf
1733.0;72.0;Inf;Inf
1734.0;72.0;Inf;Inf
1735.0;72.0;Inf;Inf
1736.0;72.0;Inf;Inf
1737.0;72.0;Inf;Inf
1738.0;72.0;Inf;Inf
1739.0;72.0;Inf;Inf
1740.0;72.0;Inf;Inf
1741.0;72.0;Inf;Inf
1742.0;72.0;Inf;Inf
1743.0;72.0;Inf;Inf
1744.0;72.0;Inf;Inf
1745.0;72.0;Inf;Inf
1746.0;72.0;Inf;Inf
1747.0;72.0;Inf;Inf
1748.0;72.0;Inf;Inf
1749.0;72.0;Inf;Inf
1750.0;72.0;Inf;Inf
1751.0;72.0;Inf;Inf
1752.0;72.0;Inf;Inf
1753.0;72.0;Inf;Inf
1754.0;72.0;Inf;Inf
1755.0;72.0;Inf;Inf
1756.0;72.0;Inf;Inf
1757.0;72.0;Inf;Inf
1758.0;72.0;Inf;Inf
1759.0;72.0;Inf;Inf
1760.0;72.0;Inf;Inf
1761.0;72.0;Inf;Inf
1762.0;72.0;Inf;Inf
1763.0;72.0;Inf;Inf
1764.0;72.0;Inf;Inf
1765.0;72.0;Inf;Inf
1766.0;72.0;Inf;Inf
1767.0;72.0;Inf;Inf
1768.0;72.0;Inf;Inf
1769.0;72.0;Inf;Inf
1770.0;72.0;Inf;Inf
1771.0;72.0;Inf;Inf
1772.0;72.0;Inf;Inf
1773.0;72.0;Inf;Inf
1774.0;72.0;Inf;Inf
1775.0;72.0;Inf;Inf
1776.0;72.0;Inf;Inf
1777.0;72.0;Inf;Inf
1778.0;72.0;Inf;Inf
1779.0;72.0;Inf;Inf
1780.0;72.0;Inf;Inf
1781.0;72.0;Inf;Inf
1782.0;72.0;Inf;Inf
1783.0;72.0;Inf;Inf
1784.0;72.0;Inf;Inf
1785.0;72.0;Inf;Inf
1786.0;72.0;Inf;Inf
1787.0;72.0;Inf;Inf
1788.0;72.0;Inf;Inf
1789.0;72.0;Inf;Inf
1790.0;72.0;Inf;Inf
1791.0;72.0;Inf;Inf
1792.0;72.0;Inf;Inf
1793.0;72.0;Inf;Inf
1794.0;72.0;Inf;Inf
1795.0;72.0;Inf;Inf
1796.0;72.0;Inf;Inf
1797.0;72.0;Inf;Inf
1798.0;72.0;Inf;Inf
1799.0;72.0;Inf;Inf
1800.0;72.0;Inf;Inf
1801.0;72.0;Inf;Inf
1802.0;72.0;Inf;Inf
1803.0;72.0;Inf;Inf
1804.0;72.0;Inf;Inf
1805.0;72.0;Inf;Inf
1806.0;72.0;Inf;Inf
1807.0;72.0;Inf;Inf
1808.0;72.0;Inf;Inf
1809.0;72.0;Inf;Inf
1810.0;72.0;Inf;Inf
1811.0;72.0;Inf;Inf
1812.0;72.0;Inf;Inf
1813.0;72.0;Inf;Inf
1814.0;72.0;Inf;Inf
1815.0;72.0;Inf;Inf
1816.0;72.0;Inf;Inf
1817.0;72.0;Inf;Inf
1818.0;72.0;Inf;Inf
1819.0;72.0;Inf;Inf
1820.0;72.0;Inf;Inf
1821.0;72.0;Inf;Inf
1822.0;72.0;Inf;Inf
1823.0;72.0;Inf;Inf
1824.0;72.0;Inf;Inf
1825.0;72.0;Inf;Inf
1826.0;72.0;Inf;Inf
1827.0;72.0;Inf;Inf
1828.0;72.0;Inf;Inf
1829.0;72.0;Inf;Inf
1830.0;72.0;Inf;Inf
1831.0;72.0;Inf;Inf
1832.0;72.0;Inf;Inf
1833.0;72.0;Inf;Inf
1834.0;72.0;Inf;Inf
1835.0;72.0;Inf;Inf
1836.0;72.0;Inf;Inf
1837.0;72.0;Inf;Inf
1838.0;72.0;Inf;Inf
1839.0;72.0;Inf;Inf
1840.0;72.0;Inf;Inf
1841.0;72.0;Inf;Inf
1842.0;72.0;Inf;Inf
1843.0;72.0;Inf;Inf
1844.0;72.0;Inf;Inf
1845.0;72.0;Inf;Inf
1846.0;72.0;Inf;Inf
1847.0;72.0;Inf;Inf
1848.0;72.0;Inf;Inf
1849.0;72.0;Inf;Inf
1850.0;72.0;Inf;Inf
1851.0;72.0;Inf;Inf
1852.0;72.0;Inf;Inf
1853.0;72.0;Inf;Inf
1854.0;72.0;Inf;Inf
1855.0;72.0;Inf;Inf
1856.0;72.0;Inf;Inf
1857.0;72.0;Inf;Inf
1858.0;72.0;Inf;Inf
1859.0;72.0;Inf;Inf
1860.0;72.0;Inf;Inf
1861.0;72.0;Inf;Inf
1862.0;72.0;Inf;Inf
1863.0;72.0;Inf;Inf
1864.0;72.0;Inf;Inf
1865.0;72.0;Inf;Inf
1866.0;72.0;Inf;Inf
1867.0;72.0;Inf;Inf
1868.0;72.0;Inf;Inf
1869.0;72.0;Inf;Inf
1870.0;72.0;Inf;Inf
1871.0;72.0;Inf;Inf
1872.0;72.0;Inf;Inf
1873.0;72.0;Inf;Inf
1874.0;72.0;Inf;Inf
1875.0;72.0;Inf;Inf
1876.0;72.0;Inf;Inf
1877.0;72.0;Inf;Inf
1878.0;72.0;Inf;Inf
1879.0;72.0;Inf;Inf
1880.0;72.0;Inf;Inf
1881.0;72.0;Inf;Inf
1882.0;72.0;Inf;Inf
1883.0;72.0;Inf;Inf
1884.0;72.0;Inf;Inf
1885.0;72.0;Inf;Inf
1886.0;72.0;Inf;Inf
1887.0;72.0;Inf;Inf
1888.0;72.0;Inf;Inf
1889.0;72.0;Inf;Inf
1890.0;72.0;Inf;Inf
1891.0;72.0;Inf;Inf
1892.0;72.0;Inf;Inf
1893.0;72.0;Inf;Inf
1894.0;72.0;Inf;Inf
1895.0;72.0;Inf;Inf
1896.0;72.0;Inf;Inf
1897.0;72.0;Inf;Inf
1898.0;72.0;Inf;Inf
1899.0;72.0;Inf;Inf
1900.0;72.0;Inf;Inf
1901.0;72.0;Inf;Inf
1902.0;72.0;Inf;Inf
1903.0;72.0;Inf;Inf
1904.0;72.0;Inf;Inf
1905.0;72.0;Inf;Inf
1906.0;72.0;Inf;Inf
1907.0;72.0;Inf;Inf
1908.0;72.0;Inf;Inf
1909.0;72.0;Inf;Inf
1910.0;72.0;Inf;Inf
1911.0;72.0;Inf;Inf
1912.0;72.0;Inf;Inf
1913.0;72.0;Inf;Inf
1914.0;72.0;Inf;Inf
1915.0;72.0;Inf;Inf
1916.0;72.0;Inf;Inf
1917.0;72.0;Inf;Inf
1918.0;72.0;Inf;Inf
1919.0;72.0;Inf;Inf
1920.0;72.0;Inf;Inf
1921.0;72.0;Inf;Inf
1922.0;72.0;Inf;Inf
1923.0;72.0;Inf;Inf
1924.0;72.0;Inf;Inf
1925.0;72.0;Inf;Inf
1926.0;72.0;Inf;Inf
1927.0;72.0;Inf;Inf
1928.0;72.0;Inf;Inf
1929.0;72.0;Inf;Inf
1930.0;72.0;Inf;Inf
1931.0;72.0;Inf;Inf
1932.0;72.0;Inf;Inf
1933.0;72.0;Inf;Inf
1934.0;72.0;Inf;Inf
1935.0;72.0;Inf;Inf
1936.0;72.0;Inf;Inf
1937.0;72.0;Inf;Inf
1938.0;72.0;Inf;Inf
1939.0;72.0;Inf;Inf
1940.0;72.0;Inf;Inf
1941.0;72.0;Inf;Inf
1942.0;72.0;Inf;Inf
1943.0;72.0;Inf;Inf
1944.0;72.0;Inf;Inf
1945.0;72.0;Inf;Inf
1946.0;72.0;Inf;Inf
1947.0;72.0;Inf;Inf
1948.0;72.0;Inf;Inf
1949.0;72.0;Inf;Inf
1950.0;72.0;Inf;Inf
1951.0;72.0;Inf;Inf
1952.0;72.0;Inf;Inf
1953.0;72.0;Inf;Inf
1954.0;72.0;Inf;Inf
1955.0;72.0;Inf;Inf
1956.0;72.0;Inf;Inf
1957.0;72.0;Inf;Inf
1958.0;72.0;Inf;Inf
1959.0;72.0;Inf;Inf
1960.0;72.0;Inf;Inf
1961.0;72.0;Inf;Inf
1962.0;72.0;Inf;Inf
1963.0;72.0;Inf;Inf
1964.0;72.0;Inf;Inf
1965.0;72.0;Inf;Inf
1966.0;72.0;Inf;Inf
1967.0;72.0;Inf;Inf
1968.0;72.0;Inf;Inf
1969.0;72.0;Inf;Inf
1970.0;72.0;Inf;Inf
1971.0;72.0;Inf;Inf
1972.0;72.0;Inf;Inf
1973.0;72.0;Inf;Inf
1974.0;72.0;Inf;Inf
1975.0;72.0;Inf;Inf
1976.0;72.0;Inf;Inf
1977.0;72.0;Inf;Inf
1978.0;72.0;Inf;Inf
1979.0;72.0;Inf;Inf
1980.0;72.0;Inf;Inf
1981.0;72.0;Inf;Inf
1982.0;72.0;Inf;Inf
1983.0;72.0;Inf;Inf
1984.0;72.0;Inf;Inf
1985.0;72.0;Inf;Inf
1986.0;72.0;Inf;Inf
1987.0;72.0;Inf;Inf
1988.0;72.0;Inf;Inf
1989.0;72.0;Inf;Inf
1990.0;72.0;Inf;Inf
1991.0;72.0;Inf;Inf
1992.0;72.0;Inf;Inf
1993.0;72.0;Inf;Inf
1994.0;72.0;Inf;Inf
1995.0;72.0;Inf;Inf
1996.0;72.0;Inf;Inf
1997.0;72.0;Inf;Inf
1998.0;72.0;Inf;Inf
1999.0;72.0;Inf;Inf
2000.0;72.0;Inf;Inf
2001.0;72.0;Inf;Inf
2002.0;72.0;Inf;Inf
2003.0;72.0;Inf;Inf
2004.0;72.0;Inf;Inf
2005.0;72.0;Inf;Inf
2006.0;72.0;Inf;Inf
2007.0;72.0;Inf;Inf
2008.0;72.0;Inf;Inf
2009.0;72.0;Inf;Inf
2010.0;72.0;Inf;Inf
2011.0;72.0;Inf;Inf
2012.0;72.0;Inf;Inf
2013.0;72.0;Inf;Inf
2014.0;72.0;Inf;Inf
2015.0;72.0;Inf;Inf
2016.0;72.0;Inf;Inf
2017.0;72.0;Inf;Inf
2018.0;72.0;Inf;Inf
2019.0;72.0;Inf;Inf
2020.0;72.0;Inf;Inf
2021.0;72.0;Inf;Inf
2022.0;72.0;Inf;Inf
2023.0;72.0;Inf;Inf
2024.0;72.0;Inf;Inf
2025.0;72.0;Inf;Inf
2026.0;72.0;Inf;Inf
2027.0;72.0;Inf;Inf
2028.0;72.0;Inf;Inf
2029.0;72.0;Inf;Inf
2030.0;72.0;Inf;Inf
2031.0;72.0;Inf;Inf
2032.0;72.0;Inf;Inf
2033.0;72.0;Inf;Inf
2034.0;72.0;Inf;Inf
2035.0;72.0;Inf;Inf
2036.0;72.0;Inf;Inf
2037.0;72.0;Inf;Inf
2038.0;72.0;Inf;Inf
2039.0;72.0;Inf;Inf
2040.0;72.0;Inf;Inf
2041.0;72.0;Inf;Inf
2042.0;72.0;Inf;Inf
2043.0;72.0;Inf;Inf
2044.0;72.0;Inf;Inf
2045.0;72.0;Inf;Inf
2046.0;72.0;Inf;Inf
2047.0;72.0;Inf;Inf
2048.0;72.0;Inf;Inf
2049.0;72.0;Inf;Inf
2050.0;72.0;Inf;Inf
2051.0;72.0;Inf;Inf
2052.0;72.0;Inf;Inf
2053.0;72.0;Inf;Inf
2054.0;72.0;Inf;Inf
2055.0;72.0;Inf;Inf
2056.0;72.0;Inf;Inf
2057.0;72.0;Inf;Inf
2058.0;72.0;Inf;Inf
2059.0;72.0;Inf;Inf
2060.0;72.0;Inf;Inf
2061.0;72.0;Inf;Inf
2062.0;72.0;Inf;Inf
2063.0;72.0;Inf;Inf
2064.0;72.0;Inf;Inf
2065.0;72.0;Inf;Inf
2066.0;72.0;Inf;Inf
2067.0;72.0;Inf;Inf
2068.0;72.0;Inf;Inf
2069.0;72.0;Inf;Inf
2070.0;72.0;Inf;Inf
2071.0;72.0;Inf;Inf
2072.0;72.0;Inf;Inf
2073.0;72.0;Inf;Inf
2074.0;72.0;Inf;Inf
2075.0;72.0;Inf;Inf
2076.0;72.0;Inf;Inf
2077.0;72.0;Inf;Inf
2078.0;72.0;Inf;Inf
2079.0;72.0;Inf;Inf
2080.0;72.0;Inf;Inf
2081.0;72.0;Inf;Inf
2082.0;72.0;Inf;Inf
2083.0;72.0;Inf;Inf
2084.0;72.0;Inf;Inf
2085.0;72.0;Inf;Inf
2086.0;72.0;Inf;Inf
2087.0;72.0;Inf;Inf
2088.0;72.0;Inf;Inf
2089.0;72.0;Inf;Inf
2090.0;72.0;Inf;Inf
2091.0;72.0;Inf;Inf
2092.0;72.0;Inf;Inf
2093.0;72.0;Inf;Inf
2094.0;72.0;Inf;Inf
2095.0;72.0;Inf;Inf
2096.0;72.0;Inf;Inf
2097.0;72.0;Inf;Inf
2098.0;72.0;Inf;Inf
2099.0;72.0;Inf;Inf
2100.0;72.0;Inf;Inf
2101.0;72.0;Inf;Inf
2102.0;72.0;Inf;Inf
2103.0;72.0;Inf;Inf
2104.0;72.0;Inf;Inf
2105.0;72.0;Inf;Inf
2106.0;72.0;Inf;Inf
2107.0;72.0;Inf;Inf
2108.0;72.0;Inf;Inf
2109.0;72.0;Inf;Inf
2110.0;72.0;Inf;Inf
2111.0;72.0;Inf;Inf
2112.0;72.0;Inf;Inf
2113.0;72.0;Inf;Inf
2114.0;72.0;Inf;Inf
2115.0;72.0;Inf;Inf
2116.0;72.0;Inf;Inf
2117.0;72.0;Inf;Inf
2118.0;72.0;Inf;Inf
2119.0;72.0;Inf;Inf
2120.0;72.0;Inf;Inf
2121.0;72.0;Inf;Inf
2122.0;72.0;Inf;Inf
2123.0;72.0;Inf;Inf
2124.0;72.0;Inf;Inf
2125.0;72.0;Inf;Inf
2126.0;72.0;Inf;Inf
2127.0;72.0;Inf;Inf
2128.0;72.0;Inf;Inf
2129.0;72.0;Inf;Inf
2130.0;72.0;Inf;Inf
2131.0;72.0;Inf;Inf
2132.0;72.0;Inf;Inf
2133.0;72.0;Inf;Inf
2134.0;72.0;Inf;Inf
2135.0;72.0;Inf;Inf
2136.0;72.0;Inf;Inf
2137.0;72.0;Inf;Inf
2138.0;72.0;Inf;Inf
2139.0;72.0;Inf;Inf
2140.0;72.0;Inf;Inf
2141.0;72.0;Inf;Inf
2142.0;72.0;Inf;Inf
2143.0;72.0;Inf;Inf
2144.0;72.0;Inf;Inf
2145.0;72.0;Inf;Inf
2146.0;71.99700155079755;Inf;Inf
2147.0;71.993995340128;Inf;Inf
2148.0;71.99099037018836;Inf;Inf
2149.0;71.98798663995701;Inf;Inf
2150.0;71.98498414844344;Inf;Inf
2151.0;71.98198289467344;Inf;Inf
2152.0;71.97898287768274;Inf;Inf
2153.0;71.97598409651387;Inf;Inf
2154.0;71.97298655021446;Inf;Inf
2155.0;71.96999023783594;Inf;Inf
2156.0;71.96699515843308;Inf;Inf
2157.0;71.96400131106331;Inf;Inf
2158.0;71.96100869478654;Inf;Inf
2159.0;71.95801730866478;Inf;Inf
2160.0;71.95502715176198;Inf;Inf
2161.0;71.95203822314396;Inf;Inf
2162.0;71.94905052187818;Inf;Inf
2163.0;71.94606404703373;Inf;Inf
2164.0;71.94307879768124;Inf;Inf
2165.0;71.9400947728928;Inf;Inf
2166.0;71.93711197174193;Inf;Inf
2167.0;71.93413039330352;Inf;Inf
2168.0;71.93115003665379;Inf;Inf
2169.0;71.92817090087034;Inf;Inf
2170.0;71.92519298503197;Inf;Inf
2171.0;71.92221628821879;Inf;Inf
2172.0;71.9192408095122;Inf;Inf
2173.0;71.91626654799472;Inf;Inf
2174.0;71.91329350275016;Inf;Inf
2175.0;71.91032167286353;Inf;Inf
2176.0;71.90735105742097;Inf;Inf
2177.0;71.90438165550984;Inf;Inf
2178.0;71.90141346621863;Inf;Inf
2179.0;71.89844648863708;Inf;Inf
2180.0;71.89548072185592;Inf;Inf
2181.0;71.89251616496715;Inf;Inf
2182.0;71.88955281706386;Inf;Inf
2183.0;71.8865906772402;Inf;Inf
2184.0;71.88362974459156;Inf;Inf
2185.0;71.88067001821433;Inf;Inf
2186.0;71.87771149720605;Inf;Inf
2187.0;71.87475418066542;Inf;Inf
2188.0;71.87179806769214;Inf;Inf
2189.0;71.86884315738705;Inf;Inf
2190.0;71.8658894488521;Inf;Inf
2191.0;71.86293694119027;Inf;Inf
2192.0;71.85998563350566;Inf;Inf
2193.0;71.85703552490345;Inf;Inf
2194.0;71.85408661448986;Inf;Inf
2195.0;71.85113890137218;Inf;Inf
2196.0;71.8481923846588;Inf;Inf
2197.0;71.84524706345917;Inf;Inf
2198.0;71.84230293688377;Inf;Inf
2199.0;71.8393600040442;Inf;Inf
2200.0;71.83641826405298;Inf;Inf
2201.0;71.83347771602384;Inf;Inf
2202.0;71.83053835907143;Inf;Inf
2203.0;71.82760019231156;Inf;Inf
2204.0;71.82466321486098;Inf;Inf
2205.0;71.82172742583755;Inf;Inf
2206.0;71.81879282436012;Inf;Inf
2207.0;71.81585940954862;Inf;Inf
2208.0;71.812927180524;Inf;Inf
2209.0;71.8099961364082;Inf;Inf
2210.0;71.80706627632425;Inf;Inf
2211.0;71.80413759939613;Inf;Inf
2212.0;71.80121010474898;Inf;Inf
2213.0;71.79828379150878;Inf;Inf
2214.0;71.79535865880268;Inf;Inf
2215.0;71.7924347057588;Inf;Inf
2216.0;71.78951193150621;Inf;Inf
2217.0;71.78659033517508;Inf;Inf
2218.0;71.78366991589658;Inf;Inf
2219.0;71.78075067280285;Inf;Inf
2220.0;71.77783260502706;Inf;Inf
2221.0;71.77491571170341;Inf;Inf
2222.0;71.77199999196702;Inf;Inf
2223.0;71.76908544495414;Inf;Inf
2224.0;71.7661720698019;Inf;Inf
2225.0;71.76325986564851;Inf;Inf
2226.0;71.76034883163311;Inf;Inf
2227.0;71.75743896689589;Inf;Inf
2228.0;71.75453027057799;Inf;Inf
2229.0;71.75162274182159;Inf;Inf
2230.0;71.74871637976979;Inf;Inf
2231.0;71.74581118356676;Inf;Inf
2232.0;71.74290715235757;Inf;Inf
2233.0;71.74000428528835;Inf;Inf
2234.0;71.73710258150615;Inf;Inf
2235.0;71.73420204015903;Inf;Inf
2236.0;71.73130266039605;Inf;Inf
2237.0;71.72840444136743;Inf;Inf
2238.0;71.72550738223642;Inf;Inf
2239.0;71.72261148215821;Inf;Inf
2240.0;71.71971674028246;Inf;Inf
2241.0;71.7168231557614;Inf;Inf
2242.0;71.71393072774893;Inf;Inf
2243.0;71.71103945540008;Inf;Inf
2244.0;71.70814933787125;Inf;Inf
2245.0;71.70526037431978;Inf;Inf
2246.0;71.70237256390412;Inf;Inf
2247.0;71.69948590578373;Inf;Inf
2248.0;71.69660039911906;Inf;Inf
2249.0;71.69371604307156;Inf;Inf
2250.0;71.69083283680366;Inf;Inf
2251.0;71.6879507794788;Inf;Inf
2252.0;71.68506987026134;Inf;Inf
2253.0;71.6821901083166;Inf;Inf
2254.0;71.67931149281097;Inf;Inf
2255.0;71.67643402291164;Inf;Inf
2256.0;71.67355769778688;Inf;Inf
2257.0;71.67068251660586;Inf;Inf
2258.0;71.6678084785387;Inf;Inf
2259.0;71.66493558275646;Inf;Inf
2260.0;71.66206382843113;Inf;Inf
2261.0;71.65919321473574;Inf;Inf
2262.0;71.65632374084413;Inf;Inf
2263.0;71.65345540593117;Inf;Inf
2264.0;71.65058820917261;Inf;Inf
2265.0;71.6477221497452;Inf;Inf
2266.0;71.64485722682655;Inf;Inf
2267.0;71.64199343959525;Inf;Inf
2268.0;71.63913078723078;Inf;Inf
2269.0;71.63626926891364;Inf;Inf
2270.0;71.6334088838251;Inf;Inf
2271.0;71.63054963114752;Inf;Inf
2272.0;71.62769151006404;Inf;Inf
2273.0;71.6248345197588;Inf;Inf
2274.0;71.62197865941688;Inf;Inf
2275.0;71.61912392822427;Inf;Inf
2276.0;71.61627032536775;Inf;Inf
2277.0;71.61341785003522;Inf;Inf
2278.0;71.61056650141535;Inf;Inf
2279.0;71.6077162786978;Inf;Inf
2280.0;71.604867181073;Inf;Inf
2281.0;71.60201920773252;Inf;Inf
2282.0;71.59917235786864;Inf;Inf
2283.0;71.59632663067465;Inf;Inf
2284.0;71.5934820253447;Inf;Inf
2285.0;71.59063854107383;Inf;Inf
2286.0;71.58779617705802;Inf;Inf
2287.0;71.58495493249417;Inf;Inf
2288.0;71.58211480658001;Inf;Inf
2289.0;71.57927579851423;Inf;Inf
2290.0;71.57643790749636;Inf;Inf
2291.0;71.57360113272688;Inf;Inf
2292.0;71.5707654734071;Inf;Inf
2293.0;71.56793092873932;Inf;Inf
2294.0;71.56509749792663;Inf;Inf
2295.0;71.56226518017303;Inf;Inf
2296.0;71.55943397468346;Inf;Inf
2297.0;71.5566038806637;Inf;Inf
2298.0;71.55377489732041;Inf;Inf
2299.0;71.55094702386117;Inf;Inf
2300.0;71.54812025949444;Inf;Inf
2301.0;71.54529460342947;Inf;Inf
2302.0;71.54247005487656;Inf;Inf
2303.0;71.53964661304673;Inf;Inf
2304.0;71.53682427715194;Inf;Inf
2305.0;71.53400304640502;Inf;Inf
2306.0;71.53118292001965;Inf;Inf
2307.0;71.52836389721044;Inf;Inf
2308.0;71.52554597719285;Inf;Inf
2309.0;71.52272915918319;Inf;Inf
2310.0;71.51991344239862;Inf;Inf
2311.0;71.5170988260572;Inf;Inf
2312.0;71.51428530937784;Inf;Inf
2313.0;71.51147289158033;Inf;Inf
2314.0;71.50866157188534;Inf;Inf
2315.0;71.50585134951434;Inf;Inf
2316.0;71.50304222368972;Inf;Inf
2317.0;71.50023419363468;Inf;Inf
2318.0;71.49742725857331;Inf;Inf
2319.0;71.49462141773056;Inf;Inf
2320.0;71.49181667033221;Inf;Inf
2321.0;71.48901301560491;Inf;Inf
2322.0;71.48621045277616;Inf;Inf
2323.0;71.48340898107432;Inf;Inf
2324.0;71.48060859972857;Inf;Inf
2325.0;71.47780930796901;Inf;Inf
2326.0;71.47501110502648;Inf;Inf
2327.0;71.4722139901327;Inf;Inf
2328.0;71.46941796252031;Inf;Inf
2329.0;71.46662302142273;Inf;Inf
2330.0;71.46382916607419;Inf;Inf
2331.0;71.46103639570985;Inf;Inf
2332.0;71.45824470956563;Inf;Inf
2333.0;71.45545410687835;Inf;Inf
2334.0;71.4526645868856;Inf;Inf
2335.0;71.44987614882587;Inf;Inf
2336.0;71.44708879193843;Inf;Inf
2337.0;71.44430251546343;Inf;Inf
2338.0;71.44151731864181;Inf;Inf
2339.0;71.43873320071535;Inf;Inf
2340.0;71.4359501609267;Inf;Inf
2341.0;71.43316819851928;Inf;Inf
2342.0;71.43038731273738;Inf;Inf
2343.0;71.42760750282608;Inf;Inf
2344.0;71.42482876803133;Inf;Inf
2345.0;71.42205110759984;Inf;Inf
2346.0;71.41927452077923;Inf;Inf
2347.0;71.41649900681783;Inf;Inf
2348.0;71.41372456496488;Inf;Inf
2349.0;71.41095119447041;Inf;Inf
2350.0;71.40817889458526;Inf;Inf
2351.0;71.4054076645611;Inf;Inf
2352.0;71.40263750365033;Inf;Inf
2353.0;71.3998684111063;Inf;Inf
2354.0;71.39710038618307;Inf;Inf
2355.0;71.3943334281356;Inf;Inf
2356.0;71.39156753621954;Inf;Inf
2357.0;71.38880270969148;Inf;Inf
2358.0;71.38603894780867;Inf;Inf
2359.0;71.38327624982934;Inf;Inf
2360.0;71.38051461501236;Inf;Inf
2361.0;71.37775404261748;Inf;Inf
2362.0;71.37499453190529;Inf;Inf
2363.0;71.37223608213709;Inf;Inf
2364.0;71.36947869257506;Inf;Inf
2365.0;71.36672236248211;Inf;Inf
2366.0;71.36396709112205;Inf;Inf
2367.0;71.36121287775934;Inf;Inf
2368.0;71.35845972165937;Inf;Inf
2369.0;71.35570762208826;Inf;Inf
2370.0;71.35295657831287;Inf;Inf
2371.0;71.350206589601;Inf;Inf
2372.0;71.34745765522108;Inf;Inf
2373.0;71.34470977444245;Inf;Inf
2374.0;71.34196294653513;Inf;Inf
2375.0;71.33921717077006;Inf;Inf
2376.0;71.33647244641885;Inf;Inf
2377.0;71.33372877275396;Inf;Inf
2378.0;71.33098614904856;Inf;Inf
2379.0;71.32824457457666;Inf;Inf
2380.0;71.32550404861308;Inf;Inf
2381.0;71.32276457043334;Inf;Inf
2382.0;71.32002613931381;Inf;Inf
2383.0;71.31728875453157;Inf;Inf
2384.0;71.31455241536455;Inf;Inf
2385.0;71.3118171210914;Inf;Inf
2386.0;71.30908287099155;Inf;Inf
2387.0;71.30634966434526;Inf;Inf
2388.0;71.30361750043346;Inf;Inf
2389.0;71.30088637853794;Inf;Inf
2390.0;71.29815629794119;Inf;Inf
2391.0;71.29542725792655;Inf;Inf
2392.0;71.29269925777804;Inf;Inf
2393.0;71.28997229678052;Inf;Inf
2394.0;71.28724637421955;Inf;Inf
2395.0;71.2845214893815;Inf;Inf
2396.0;71.28179764155351;Inf;Inf
2397.0;71.2790748300234;Inf;Inf
2398.0;71.27635305407988;Inf;Inf
2399.0;71.27363231301231;Inf;Inf
2400.0;71.27091260611085;Inf;Inf
2401.0;71.2681939326664;Inf;Inf
2402.0;71.26547629197067;Inf;Inf
2403.0;71.26275968331605;Inf;Inf
2404.0;71.26004410599572;Inf;Inf
2405.0;71.25732955930363;Inf;Inf
2406.0;71.25461604253444;Inf;Inf
2407.0;71.25190355498358;Inf;Inf
2408.0;71.24919209594724;Inf;Inf
2409.0;71.24648166472235;Inf;Inf
2410.0;71.2437722606066;Inf;Inf
2411.0;71.2410638828984;Inf;Inf
2412.0;71.2383565308969;Inf;Inf
2413.0;71.23565020390203;Inf;Inf
2414.0;71.23294490121445;Inf;Inf
2415.0;71.23024062213553;Inf;Inf
2416.0;71.22753736596744;Inf;Inf
2417.0;71.22483513201301;Inf;Inf
2418.0;71.2221339195759;Inf;Inf
2419.0;71.2194337279604;Inf;Inf
2420.0;71.21673455647169;Inf;Inf
2421.0;71.2140364044155;Inf;Inf
2422.0;71.21133927109842;Inf;Inf
2423.0;71.20864315582776;Inf;Inf
2424.0;71.20594805791153;Inf;Inf
2425.0;71.20325397665844;Inf;Inf
2426.0;71.20056091137803;Inf;Inf
2427.0;71.19786886138048;Inf;Inf
2428.0;71.19517782597674;Inf;Inf
2429.0;71.19248780447846;Inf;Inf
2430.0;71.18979879619803;Inf;Inf
2431.0;71.18711080044858;Inf;Inf
2432.0;71.18442381654394;Inf;Inf
2433.0;71.18173784379867;Inf;Inf
2434.0;71.17905288152804;Inf;Inf
2435.0;71.17636892904807;Inf;Inf
2436.0;71.17368598567546;Inf;Inf
2437.0;71.17100405072766;Inf;Inf
2438.0;71.16832312352282;Inf;Inf
2439.0;71.16564320337984;Inf;Inf
2440.0;71.1629642896183;Inf;Inf
2441.0;71.16028638155845;Inf;Inf
2442.0;71.15760947852138;Inf;Inf
2443.0;71.15493357982878;Inf;Inf
2444.0;71.15225868480309;Inf;Inf
2445.0;71.14958479276746;Inf;Inf
2446.0;71.1469119030457;Inf;Inf
2447.0;71.14424001496245;Inf;Inf
2448.0;71.14156912784294;Inf;Inf
2449.0;71.1388992410132;Inf;Inf
2450.0;71.13623035379985;Inf;Inf
2451.0;71.13356246553025;Inf;Inf
2452.0;71.13089557553258;Inf;Inf
2453.0;71.12822968313557;Inf;Inf
2454.0;71.12556478766875;Inf;Inf
2455.0;71.12290088846227;Inf;Inf
2456.0;71.12023798484702;Inf;Inf
2457.0;71.11757607615463;Inf;Inf
2458.0;71.11491516171738;Inf;Inf
2459.0;71.11225524086821;Inf;Inf
2460.0;71.10959631294081;Inf;Inf
2461.0;71.10693837726959;Inf;Inf
2462.0;71.10428143318956;Inf;Inf
2463.0;71.1016254800365;Inf;Inf
2464.0;71.09897051714684;Inf;Inf
2465.0;71.09631654385774;Inf;Inf
2466.0;71.093663559507;Inf;Inf
2467.0;71.09101156343316;Inf;Inf
2468.0;71.0883605549754;Inf;Inf
2469.0;71.08571053347357;Inf;Inf
2470.0;71.08306149826828;Inf;Inf
2471.0;71.08041344870078;Inf;Inf
2472.0;71.077766384113;Inf;Inf
2473.0;71.07512030384757;Inf;Inf
2474.0;71.07247520724778;Inf;Inf
2475.0;71.06983109365761;Inf;Inf
2476.0;71.0671879624217;Inf;Inf
2477.0;71.06454581288544;Inf;Inf
2478.0;71.0619046443948;Inf;Inf
2479.0;71.05926445629649;Inf;Inf
2480.0;71.05662524793783;Inf;Inf
2481.0;71.05398701866692;Inf;Inf
2482.0;71.05134976783245;Inf;Inf
2483.0;71.04871349478378;Inf;Inf
2484.0;71.04607819887103;Inf;Inf
2485.0;71.04344387944487;Inf;Inf
2486.0;71.04081053585672;Inf;Inf
2487.0;71.03817816745864;Inf;Inf
2488.0;71.03554677360336;Inf;Inf
2489.0;71.0329163536443;Inf;Inf
2490.0;71.0302869069355;Inf;Inf
2491.0;71.02765843283173;Inf;Inf
2492.0;71.02503093068833;Inf;Inf
2493.0;71.02240439986139;Inf;Inf
2494.0;71.01977883970763;Inf;Inf
2495.0;71.01715424958444;Inf;Inf
2496.0;71.01453062884984;Inf;Inf
2497.0;71.01190797686253;Inf;Inf
2498.0;71.00928629298188;Inf;Inf
2499.0;71.0066655765679;Inf;Inf
2500.0;71.00404582698127;Inf;Inf
2501.0;71.00142704358329;Inf;Inf
2502.0;70.998809225736;Inf;Inf
2503.0;70.99619237280197;Inf;Inf
2504.0;70.99357648414453;Inf;Inf
2505.0;70.99096155912763;Inf;Inf
2506.0;70.98834759711582;Inf;Inf
2507.0;70.98573459747436;Inf;Inf
2508.0;70.98312255956914;Inf;Inf
2509.0;70.98051148276672;Inf;Inf
2510.0;70.97790136643422;Inf;Inf
2511.0;70.97529220993957;Inf;Inf
2512.0;70.97268401265119;Inf;Inf
2513.0;70.97007677393819;Inf;Inf
2514.0;70.96747049317035;Inf;Inf
2515.0;70.9648651697181;Inf;Inf
2516.0;70.96226080295246;Inf;Inf
2517.0;70.95965739224516;Inf;Inf
2518.0;70.95705493696849;Inf;Inf
2519.0;70.95445343649546;Inf;Inf
2520.0;70.95185289019963;Inf;Inf
2521.0;70.94925329745529;Inf;Inf
2522.0;70.94665465763731;Inf;Inf
2523.0;70.94405697012122;Inf;Inf
2524.0;70.94146023428313;Inf;Inf
2525.0;70.93886444949989;Inf;Inf
2526.0;70.93626961514886;Inf;Inf
2527.0;70.93367573060812;Inf;Inf
2528.0;70.93108279525637;Inf;Inf
2529.0;70.92849080847289;Inf;Inf
2530.0;70.92589976963764;Inf;Inf
2531.0;70.92330967813115;Inf;Inf
2532.0;70.9207205333347;Inf;Inf
2533.0;70.91813233463009;Inf;Inf
2534.0;70.91554508139971;Inf;Inf
2535.0;70.91295877302673;Inf;Inf
2536.0;70.91037340889478;Inf;Inf
2537.0;70.9077889883882;Inf;Inf
2538.0;70.90520551089197;Inf;Inf
2539.0;70.90262297579163;Inf;Inf
2540.0;70.90004138247336;Inf;Inf
2541.0;70.897460730324;Inf;Inf
2542.0;70.89488101873094;Inf;Inf
2543.0;70.89230224708227;Inf;Inf
2544.0;70.88972441476662;Inf;Inf
2545.0;70.88714752117328;Inf;Inf
2546.0;70.88457156569216;Inf;Inf
2547.0;70.88199654771374;Inf;Inf
2548.0;70.87942246662918;Inf;Inf
2549.0;70.87684932183018;Inf;Inf
2550.0;70.8742771127091;Inf;Inf
2551.0;70.87170583865893;Inf;Inf
2552.0;70.86913549907322;Inf;Inf
2553.0;70.86656609334617;Inf;Inf
2554.0;70.86399762087255;Inf;Inf
2555.0;70.86143008104774;Inf;Inf
2556.0;70.85886347326779;Inf;Inf
2557.0;70.85629779692925;Inf;Inf
2558.0;70.85373305142939;Inf;Inf
2559.0;70.85116923616604;Inf;Inf
2560.0;70.8486063505376;Inf;Inf
2561.0;70.84604439394309;Inf;Inf
2562.0;70.84348336578215;Inf;Inf
2563.0;70.840923265455;Inf;Inf
2564.0;70.83836409236254;Inf;Inf
2565.0;70.8358058459061;Inf;Inf
2566.0;70.83324852548776;Inf;Inf
2567.0;70.83069213051017;Inf;Inf
2568.0;70.82813666037656;Inf;Inf
2569.0;70.82558211449069;Inf;Inf
2570.0;70.82302849225705;Inf;Inf
2571.0;70.8204757930806;Inf;Inf
2572.0;70.81792401636699;Inf;Inf
2573.0;70.81537316152236;Inf;Inf
2574.0;70.81282322795359;Inf;Inf
2575.0;70.810274215068;Inf;Inf
2576.0;70.80772612227359;Inf;Inf
2577.0;70.80517894897892;Inf;Inf
2578.0;70.80263269459313;Inf;Inf
2579.0;70.80008735852597;Inf;Inf
2580.0;70.7975429401878;Inf;Inf
2581.0;70.79499943898946;Inf;Inf
2582.0;70.79245685434256;Inf;Inf
2583.0;70.78991518565913;Inf;Inf
2584.0;70.78737443235181;Inf;Inf
2585.0;70.78483459383392;Inf;Inf
2586.0;70.78229566951926;Inf;Inf
2587.0;70.77975765882223;Inf;Inf
2588.0;70.77722056115789;Inf;Inf
2589.0;70.77468437594176;Inf;Inf
2590.0;70.77214910259006;Inf;Inf
2591.0;70.76961474051951;Inf;Inf
2592.0;70.76708128914741;Inf;Inf
2593.0;70.76454874789165;Inf;Inf
2594.0;70.76201711617072;Inf;Inf
2595.0;70.75948639340369;Inf;Inf
2596.0;70.75695657901015;Inf;Inf
2597.0;70.7544276724103;Inf;Inf
2598.0;70.75189967302491;Inf;Inf
2599.0;70.74937258027532;Inf;Inf
2600.0;70.74684639358344;Inf;Inf
2601.0;70.7443211123718;Inf;Inf
2602.0;70.74179673606338;Inf;Inf
2603.0;70.73927326408189;Inf;Inf
2604.0;70.73675069585144;Inf;Inf
2605.0;70.73422903079685;Inf;Inf
2606.0;70.73170826834343;Inf;Inf
2607.0;70.72918840791705;Inf;Inf
2608.0;70.7266694489442;Inf;Inf
2609.0;70.72415139085189;Inf;Inf
2610.0;70.72163423306775;Inf;Inf
2611.0;70.71911797501987;Inf;Inf
2612.0;70.716602616137;Inf;Inf
2613.0;70.7140881558484;Inf;Inf
2614.0;70.71157459358395;Inf;Inf
2615.0;70.70906192877398;Inf;Inf
2616.0;70.7065501608495;Inf;Inf
2617.0;70.70403928924206;Inf;Inf
2618.0;70.70152931338365;Inf;Inf
2619.0;70.69902023270693;Inf;Inf
2620.0;70.6965120466451;Inf;Inf
2621.0;70.69400475463192;Inf;Inf
2622.0;70.69149835610166;Inf;Inf
2623.0;70.68899285048919;Inf;Inf
2624.0;70.68648823722991;Inf;Inf
2625.0;70.68398451575978;Inf;Inf
2626.0;70.68148168551532;Inf;Inf
2627.0;70.67897974593359;Inf;Inf
2628.0;70.67647869645221;Inf;Inf
2629.0;70.67397853650931;Inf;Inf
2630.0;70.67147926554364;Inf;Inf
2631.0;70.66898088299446;Inf;Inf
2632.0;70.66648338830157;Inf;Inf
2633.0;70.66398678090535;Inf;Inf
2634.0;70.66149106024662;Inf;Inf
2635.0;70.65899622576693;Inf;Inf
2636.0;70.65650227690821;Inf;Inf
2637.0;70.65400921311303;Inf;Inf
2638.0;70.65151703382443;Inf;Inf
2639.0;70.64902573848609;Inf;Inf
2640.0;70.64653532654215;Inf;Inf
2641.0;70.64404579743729;Inf;Inf
2642.0;70.64155715061676;Inf;Inf
2643.0;70.63906938552635;Inf;Inf
2644.0;70.63658250161244;Inf;Inf
2645.0;70.63409649832181;Inf;Inf
2646.0;70.63161137510191;Inf;Inf
2647.0;70.62912713140067;Inf;Inf
2648.0;70.62664376666655;Inf;Inf
2649.0;70.62416128034856;Inf;Inf
2650.0;70.62167967189629;Inf;Inf
2651.0;70.61919894075972;Inf;Inf
2652.0;70.61671908638954;Inf;Inf
2653.0;70.61424010823684;Inf;Inf
2654.0;70.61176200575335;Inf;Inf
2655.0;70.60928477839126;Inf;Inf
2656.0;70.60680842560326;Inf;Inf
2657.0;70.60433294684269;Inf;Inf
2658.0;70.6018583415633;Inf;Inf
2659.0;70.59938460921938;Inf;Inf
2660.0;70.59691174926587;Inf;Inf
2661.0;70.5944397611581;Inf;Inf
2662.0;70.59196864435195;Inf;Inf
2663.0;70.58949839830387;Inf;Inf
2664.0;70.58702902247087;Inf;Inf
2665.0;70.58456051631035;Inf;Inf
2666.0;70.58209287928032;Inf;Inf
2667.0;70.57962611083934;Inf;Inf
2668.0;70.57716021044646;Inf;Inf
2669.0;70.57469517756124;Inf;Inf
2670.0;70.57223101164374;Inf;Inf
2671.0;70.56976771215459;Inf;Inf
2672.0;70.56730527855494;Inf;Inf
2673.0;70.5648437103064;Inf;Inf
2674.0;70.56238300687117;Inf;Inf
2675.0;70.55992316771191;Inf;Inf
2676.0;70.55746419229183;Inf;Inf
2677.0;70.55500608007463;Inf;Inf
2678.0;70.55254883052456;Inf;Inf
2679.0;70.55009244310638;Inf;Inf
2680.0;70.54763691728532;Inf;Inf
2681.0;70.54518225252714;Inf;Inf
2682.0;70.54272844829816;Inf;Inf
2683.0;70.54027550406515;Inf;Inf
2684.0;70.53782341929544;Inf;Inf
2685.0;70.53537219345684;Inf;Inf
2686.0;70.53292182601766;Inf;Inf
2687.0;70.53047231644676;Inf;Inf
2688.0;70.52802366421348;Inf;Inf
2689.0;70.5255758687877;Inf;Inf
2690.0;70.52312892963973;Inf;Inf
2691.0;70.52068284624048;Inf;Inf
2692.0;70.5182376180613;Inf;Inf
2693.0;70.51579324457408;Inf;Inf
2694.0;70.51334972525122;Inf;Inf
2695.0;70.51090705956557;Inf;Inf
2696.0;70.50846524699055;Inf;Inf
2697.0;70.50602428700007;Inf;Inf
2698.0;70.5035841790685;Inf;Inf
2699.0;70.50114492267069;Inf;Inf
2700.0;70.49870651728212;Inf;Inf
2701.0;70.49626896237864;Inf;Inf
2702.0;70.49383225743667;Inf;Inf
2703.0;70.4913964019331;Inf;Inf
2704.0;70.4889613953453;Inf;Inf
2705.0;70.48652723715117;Inf;Inf
2706.0;70.48409392682912;Inf;Inf
2707.0;70.48166146385803;Inf;Inf
2708.0;70.47922984771726;Inf;Inf
2709.0;70.47679907788668;Inf;Inf
2710.0;70.47436915384668;Inf;Inf
2711.0;70.47194007507811;Inf;Inf
2712.0;70.46951184106236;Inf;Inf
2713.0;70.46708445128122;Inf;Inf
2714.0;70.46465790521702;Inf;Inf
2715.0;70.4622322023527;Inf;Inf
2716.0;70.45980734217144;Inf;Inf
2717.0;70.45738332415715;Inf;Inf
2718.0;70.45496014779407;Inf;Inf
2719.0;70.45253781256703;Inf;Inf
2720.0;70.45011631796127;Inf;Inf
2721.0;70.4476956634626;Inf;Inf
2722.0;70.44527584855719;Inf;Inf
2723.0;70.44285687273182;Inf;Inf
2724.0;70.44043873547376;Inf;Inf
2725.0;70.4380214362706;Inf;Inf
2726.0;70.43560497461064;Inf;Inf
2727.0;70.4331893499825;Inf;Inf
2728.0;70.43077456187531;Inf;Inf
2729.0;70.42836060977879;Inf;Inf
2730.0;70.42594749318299;Inf;Inf
2731.0;70.42353521157848;Inf;Inf
2732.0;70.4211237644564;Inf;Inf
2733.0;70.41871315130832;Inf;Inf
2734.0;70.41630337162624;Inf;Inf
2735.0;70.4138944249027;Inf;Inf
2736.0;70.41148631063064;Inf;Inf
2737.0;70.40907902830361;Inf;Inf
2738.0;70.40667257741553;Inf;Inf
2739.0;70.40426695746082;Inf;Inf
2740.0;70.40186216793437;Inf;Inf
2741.0;70.39945820833157;Inf;Inf
2742.0;70.39705507814827;Inf;Inf
2743.0;70.39465277688078;Inf;Inf
2744.0;70.3922513040259;Inf;Inf
2745.0;70.3898506590809;Inf;Inf
2746.0;70.38745084154351;Inf;Inf
2747.0;70.38505185091196;Inf;Inf
2748.0;70.38265368668493;Inf;Inf
2749.0;70.3802563483616;Inf;Inf
2750.0;70.37785983544151;Inf;Inf
2751.0;70.37546414742484;Inf;Inf
2752.0;70.37306928381207;Inf;Inf
2753.0;70.37067524410426;Inf;Inf
2754.0;70.3682820278029;Inf;Inf
2755.0;70.36588963440994;Inf;Inf
2756.0;70.36349806342784;Inf;Inf
2757.0;70.36110731435946;Inf;Inf
2758.0;70.35871738670815;Inf;Inf
2759.0;70.35632827997775;Inf;Inf
2760.0;70.35393999367253;Inf;Inf
2761.0;70.3515525272972;Inf;Inf
2762.0;70.34916588035702;Inf;Inf
2763.0;70.34678005235762;Inf;Inf
2764.0;70.34439504280516;Inf;Inf
2765.0;70.34201085120621;Inf;Inf
2766.0;70.33962747706784;Inf;Inf
2767.0;70.33724491989751;Inf;Inf
2768.0;70.33486317920325;Inf;Inf
2769.0;70.33248225449343;Inf;Inf
2770.0;70.33010214527698;Inf;Inf
2771.0;70.32772285106323;Inf;Inf
2772.0;70.32534437136194;Inf;Inf
2773.0;70.32296670568338;Inf;Inf
2774.0;70.32058985353828;Inf;Inf
2775.0;70.31821381443778;Inf;Inf
2776.0;70.31583858789352;Inf;Inf
2777.0;70.31346417341753;Inf;Inf
2778.0;70.31109057052237;Inf;Inf
2779.0;70.308717778721;Inf;Inf
2780.0;70.30634579752684;Inf;Inf
2781.0;70.30397462645378;Inf;Inf
2782.0;70.30160426501614;Inf;Inf
2783.0;70.29923471272869;Inf;Inf
2784.0;70.29686596910668;Inf;Inf
2785.0;70.29449803366576;Inf;Inf
2786.0;70.29213090592208;Inf;Inf
2787.0;70.28976458539222;Inf;Inf
2788.0;70.28739907159319;Inf;Inf
2789.0;70.28503436404245;Inf;Inf
2790.0;70.28267046225791;Inf;Inf
2791.0;70.2803073657579;Inf;Inf
2792.0;70.2779450740613;Inf;Inf
2793.0;70.2755835866873;Inf;Inf
2794.0;70.27322290315558;Inf;Inf
2795.0;70.27086302298633;Inf;Inf
2796.0;70.26850394570012;Inf;Inf
2797.0;70.2661456708179;Inf;Inf
2798.0;70.26378819786122;Inf;Inf
2799.0;70.26143152635191;Inf;Inf
2800.0;70.25907565581238;Inf;Inf
2801.0;70.25672058576538;Inf;Inf
2802.0;70.25436631573412;Inf;Inf
2803.0;70.25201284524228;Inf;Inf
2804.0;70.24966017381392;Inf;Inf
2805.0;70.24730830097364;Inf;Inf
2806.0;70.24495722624641;Inf;Inf
2807.0;70.2426069491576;Inf;Inf
2808.0;70.24025746923306;Inf;Inf
2809.0;70.2379087859991;Inf;Inf
2810.0;70.23556089898243;Inf;Inf
2811.0;70.2332138077102;Inf;Inf
2812.0;70.23086751171003;Inf;Inf
2813.0;70.22852201050988;Inf;Inf
2814.0;70.2261773036382;Inf;Inf
2815.0;70.22383339062394;Inf;Inf
2816.0;70.22149027099636;Inf;Inf
2817.0;70.21914794428524;Inf;Inf
2818.0;70.21680641002077;Inf;Inf
2819.0;70.21446566773349;Inf;Inf
2820.0;70.21212571695452;Inf;Inf
2821.0;70.20978655721531;Inf;Inf
2822.0;70.20744818804769;Inf;Inf
2823.0;70.20511060898409;Inf;Inf
2824.0;70.20277381955717;Inf;Inf
2825.0;70.20043781930016;Inf;Inf
2826.0;70.19810260774668;Inf;Inf
2827.0;70.1957681844307;Inf;Inf
2828.0;70.19343454888669;Inf;Inf
2829.0;70.19110170064958;Inf;Inf
2830.0;70.18876963925463;Inf;Inf
2831.0;70.1864383642376;Inf;Inf
2832.0;70.18410787513463;Inf;Inf
2833.0;70.1817781714823;Inf;Inf
2834.0;70.17944925281759;Inf;Inf
2835.0;70.17712111867792;Inf;Inf
2836.0;70.17479376860116;Inf;Inf
2837.0;70.17246720212557;Inf;Inf
2838.0;70.17014141878977;Inf;Inf
2839.0;70.16781641813293;Inf;Inf
2840.0;70.16549219969455;Inf;Inf
2841.0;70.16316876301453;Inf;Inf
2842.0;70.16084610763328;Inf;Inf
2843.0;70.15852423309154;Inf;Inf
2844.0;70.15620313893052;Inf;Inf
2845.0;70.15388282469182;Inf;Inf
2846.0;70.15156328991749;Inf;Inf
2847.0;70.14924453414991;Inf;Inf
2848.0;70.14692655693202;Inf;Inf
2849.0;70.14460935780698;Inf;Inf
2850.0;70.14229293631855;Inf;Inf
2851.0;70.13997729201083;Inf;Inf
2852.0;70.13766242442827;Inf;Inf
2853.0;70.13534833311586;Inf;Inf
2854.0;70.13303501761887;Inf;Inf
2855.0;70.13072247748308;Inf;Inf
2856.0;70.12841071225463;Inf;Inf
2857.0;70.1260997214801;Inf;Inf
2858.0;70.12378950470647;Inf;Inf
2859.0;70.12148006148108;Inf;Inf
2860.0;70.1191713913518;Inf;Inf
2861.0;70.11686349386675;Inf;Inf
2862.0;70.11455636857461;Inf;Inf
2863.0;70.11225001502434;Inf;Inf
2864.0;70.1099444327654;Inf;Inf
2865.0;70.10763962134762;Inf;Inf
2866.0;70.10533558032122;Inf;Inf
2867.0;70.10303230923685;Inf;Inf
2868.0;70.10072980764558;Inf;Inf
2869.0;70.09842807509882;Inf;Inf
2870.0;70.09612711114845;Inf;Inf
2871.0;70.0938269153467;Inf;Inf
2872.0;70.09152748724625;Inf;Inf
2873.0;70.0892288264002;Inf;Inf
2874.0;70.08693093236191;Inf;Inf
2875.0;70.08463380468537;Inf;Inf
2876.0;70.0823374429248;Inf;Inf
2877.0;70.08004184663483;Inf;Inf
2878.0;70.07774701537059;Inf;Inf
2879.0;70.07545294868753;Inf;Inf
2880.0;70.07315964614148;Inf;Inf
2881.0;70.07086710728873;Inf;Inf
2882.0;70.06857533168593;Inf;Inf
2883.0;70.06628431889017;Inf;Inf
2884.0;70.0639940684589;Inf;Inf
2885.0;70.06170457994997;Inf;Inf
2886.0;70.05941585292159;Inf;Inf
2887.0;70.05712788693246;Inf;Inf
2888.0;70.05484068154162;Inf;Inf
2889.0;70.05255423630847;Inf;Inf
2890.0;70.05026855079282;Inf;Inf
2891.0;70.04798362455496;Inf;Inf
2892.0;70.04569945715548;Inf;Inf
2893.0;70.04341604815538;Inf;Inf
2894.0;70.04113339711607;Inf;Inf
2895.0;70.03885150359932;Inf;Inf
2896.0;70.03657036716734;Inf;Inf
2897.0;70.0342899873827;Inf;Inf
2898.0;70.03201036380837;Inf;Inf
2899.0;70.02973149600768;Inf;Inf
2900.0;70.02745338354441;Inf;Inf
2901.0;70.02517602598269;Inf;Inf
2902.0;70.02289942288701;Inf;Inf
2903.0;70.0206235738223;Inf;Inf
2904.0;70.01834847835384;Inf;Inf
2905.0;70.01607413604735;Inf;Inf
2906.0;70.0138005464689;Inf;Inf
2907.0;70.01152770918488;Inf;Inf
2908.0;70.00925562376221;Inf;Inf
2909.0;70.00698428976811;Inf;Inf
2910.0;70.0047137067701;Inf;Inf
2911.0;70.00244387433632;Inf;Inf
2912.0;70.00017479203504;Inf;Inf
2913.0;69.99790645943506;Inf;Inf
2914.0;69.99563887610555;Inf;Inf
2915.0;69.99337204161598;Inf;Inf
2916.0;69.9911059555363;Inf;Inf
2917.0;69.98884061743682;Inf;Inf
2918.0;69.98657602688822;Inf;Inf
2919.0;69.98431218346147;Inf;Inf
2920.0;69.98204908672811;Inf;Inf
2921.0;69.97978673625988;Inf;Inf
2922.0;69.977525131629;Inf;Inf
2923.0;69.97526427240804;Inf;Inf
2924.0;69.97300415816993;Inf;Inf
2925.0;69.970744788488;Inf;Inf
2926.0;69.968486162936;Inf;Inf
2927.0;69.96622828108796;Inf;Inf
2928.0;69.96397114251839;Inf;Inf
2929.0;69.96171474680206;Inf;Inf
2930.0;69.95945909351423;Inf;Inf
2931.0;69.95720418223047;Inf;Inf
2932.0;69.95495001252674;Inf;Inf
2933.0;69.95269658397935;Inf;Inf
2934.0;69.95044389616503;Inf;Inf
2935.0;69.94819194866086;Inf;Inf
2936.0;69.9459407410443;Inf;Inf
2937.0;69.94369027289315;Inf;Inf
2938.0;69.94144054378562;Inf;Inf
2939.0;69.9391915533003;Inf;Inf
2940.0;69.9369433010161;Inf;Inf
2941.0;69.93469578651236;Inf;Inf
2942.0;69.93244900936874;Inf;Inf
2943.0;69.9302029691653;Inf;Inf
2944.0;69.92795766548244;Inf;Inf
2945.0;69.92571309790097;Inf;Inf
2946.0;69.92346926600202;Inf;Inf
2947.0;69.92122616936715;Inf;Inf
2948.0;69.91898380757823;Inf;Inf
2949.0;69.91674218021754;Inf;Inf
2950.0;69.91450128686769;Inf;Inf
2951.0;69.91226112711169;Inf;Inf
2952.0;69.91002170053288;Inf;Inf
2953.0;69.907783006715;Inf;Inf
2954.0;69.9055450452421;Inf;Inf
2955.0;69.90330781569867;Inf;Inf
2956.0;69.90107131766953;Inf;Inf
2957.0;69.89883555073985;Inf;Inf
2958.0;69.89660051449516;Inf;Inf
2959.0;69.89436620852138;Inf;Inf
2960.0;69.8921326324048;Inf;Inf
2961.0;69.88989978573201;Inf;Inf
2962.0;69.88766766809003;Inf;Inf
2963.0;69.88543627906621;Inf;Inf
2964.0;69.88320561824827;Inf;Inf
2965.0;69.88097568522426;Inf;Inf
2966.0;69.87874647958262;Inf;Inf
2967.0;69.87651800091216;Inf;Inf
2968.0;69.87429024880203;Inf;Inf
2969.0;69.87206322284173;Inf;Inf
2970.0;69.86983692262115;Inf;Inf
2971.0;69.86761134773047;Inf;Inf
2972.0;69.86538649776035;Inf;Inf
2973.0;69.86316237230166;Inf;Inf
2974.0;69.86093897094572;Inf;Inf
2975.0;69.85871629328416;Inf;Inf
2976.0;69.85649433890902;Inf;Inf
2977.0;69.85427310741265;Inf;Inf
2978.0;69.85205259838779;Inf;Inf
2979.0;69.84983281142749;Inf;Inf
2980.0;69.84761374612515;Inf;Inf
2981.0;69.8453954020746;Inf;Inf
2982.0;69.84317777886996;Inf;Inf
2983.0;69.84096087610568;Inf;Inf
2984.0;69.83874469337665;Inf;Inf
2985.0;69.83652923027803;Inf;Inf
2986.0;69.83431448640538;Inf;Inf
2987.0;69.83210046135454;Inf;Inf
2988.0;69.8298871547218;Inf;Inf
2989.0;69.82767456610372;Inf;Inf
2990.0;69.82546269509729;Inf;Inf
2991.0;69.82325154129974;Inf;Inf
2992.0;69.82104110430876;Inf;Inf
2993.0;69.8188313837223;Inf;Inf
2994.0;69.81662237913874;Inf;Inf
2995.0;69.81441409015669;Inf;Inf
2996.0;69.81220651637526;Inf;Inf
2997.0;69.80999965739379;Inf;Inf
2998.0;69.80779351281201;Inf;Inf
2999.0;69.80558808222999;Inf;Inf
3000.0;69.80338336524814;Inf;Inf
3001.0;69.8011793614672;Inf;Inf
3002.0;69.79897607048835;Inf;Inf
3003.0;69.79677349191299;Inf;Inf
3004.0;69.79457162534288;Inf;Inf
3005.0;69.79237047038023;Inf;Inf
3006.0;69.79017002662748;Inf;Inf
3007.0;69.78797029368745;Inf;Inf
3008.0;69.78577127116333;Inf;Inf
3009.0;69.7835729586586;Inf;Inf
3010.0;69.78137535577713;Inf;Inf
3011.0;69.77917846212311;Inf;Inf
3012.0;69.77698227730107;Inf;Inf
3013.0;69.77478680091586;Inf;Inf
3014.0;69.77259203257273;Inf;Inf
3015.0;69.7703979718772;Inf;Inf
3016.0;69.76820461843519;Inf;Inf
3017.0;69.7660119718529;Inf;Inf
3018.0;69.76382003173693;Inf;Inf
3019.0;69.76162879769414;Inf;Inf
3020.0;69.75943826933182;Inf;Inf
3021.0;69.75724844625753;Inf;Inf
3022.0;69.75505932807921;Inf;Inf
3023.0;69.7528709144051;Inf;Inf
3024.0;69.75068320484377;Inf;Inf
3025.0;69.74849619900418;Inf;Inf
3026.0;69.74630989649555;Inf;Inf
3027.0;69.74412429692751;Inf;Inf
3028.0;69.74193939991;Inf;Inf
3029.0;69.73975520505326;Inf;Inf
3030.0;69.73757171196787;Inf;Inf
3031.0;69.73538892026481;Inf;Inf
3032.0;69.7332068295553;Inf;Inf
3033.0;69.73102543945097;Inf;Inf
3034.0;69.72884474956378;Inf;Inf
3035.0;69.72666475950591;Inf;Inf
3036.0;69.72448546889001;Inf;Inf
3037.0;69.72230687732898;Inf;Inf
3038.0;69.7201289844361;Inf;Inf
3039.0;69.71795178982494;Inf;Inf
3040.0;69.7157752931094;Inf;Inf
3041.0;69.71359949390374;Inf;Inf
3042.0;69.71142439182253;Inf;Inf
3043.0;69.70924998648067;Inf;Inf
3044.0;69.70707627749343;Inf;Inf
3045.0;69.7049032644763;Inf;Inf
3046.0;69.70273094704521;Inf;Inf
3047.0;69.70055932481635;Inf;Inf
3048.0;69.69838839740626;Inf;Inf
3049.0;69.69621816443184;Inf;Inf
3050.0;69.69404862551026;Inf;Inf
3051.0;69.69187978025901;Inf;Inf
3052.0;69.68971162829598;Inf;Inf
3053.0;69.68754416923935;Inf;Inf
3054.0;69.68537740270757;Inf;Inf
3055.0;69.68321132831946;Inf;Inf
3056.0;69.6810459456942;Inf;Inf
3057.0;69.6788812544512;Inf;Inf
3058.0;69.67671725421029;Inf;Inf
3059.0;69.67455394459158;Inf;Inf
3060.0;69.6723913252155;Inf;Inf
3061.0;69.67022939570279;Inf;Inf
3062.0;69.66806815567452;Inf;Inf
3063.0;69.6659076047521;Inf;Inf
3064.0;69.66374774255726;Inf;Inf
3065.0;69.66158856871205;Inf;Inf
3066.0;69.65943008283881;Inf;Inf
3067.0;69.65727228456021;Inf;Inf
3068.0;69.65511517349925;Inf;Inf
3069.0;69.65295874927928;Inf;Inf
3070.0;69.65080301152389;Inf;Inf
3071.0;69.64864795985709;Inf;Inf
3072.0;69.64649359390309;Inf;Inf
3073.0;69.64433991328654;Inf;Inf
3074.0;69.6421869176323;Inf;Inf
3075.0;69.64003460656562;Inf;Inf
3076.0;69.63788297971206;Inf;Inf
3077.0;69.63573203669742;Inf;Inf
3078.0;69.63358177714792;Inf;Inf
3079.0;69.63143220069006;Inf;Inf
3080.0;69.62928330695058;Inf;Inf
3081.0;69.62713509555667;Inf;Inf
3082.0;69.6249875661357;Inf;Inf
3083.0;69.62284071831546;Inf;Inf
3084.0;69.62069455172397;Inf;Inf
3085.0;69.61854906598965;Inf;Inf
3086.0;69.61640426074118;Inf;Inf
3087.0;69.61426013560752;Inf;Inf
3088.0;69.61211669021802;Inf;Inf
3089.0;69.6099739242023;Inf;Inf
3090.0;69.60783183719026;Inf;Inf
3091.0;69.60569042881218;Inf;Inf
3092.0;69.60354969869859;Inf;Inf
3093.0;69.6014096464804;Inf;Inf
3094.0;69.59927027178873;Inf;Inf
3095.0;69.59713157425512;Inf;Inf
3096.0;69.59499355351134;Inf;Inf
3097.0;69.5928562091895;Inf;Inf
3098.0;69.590719540922;Inf;Inf
3099.0;69.58858354834156;Inf;Inf
3100.0;69.58644823108126;Inf;Inf
3101.0;69.58431358877436;Inf;Inf
3102.0;69.58217962105456;Inf;Inf
3103.0;69.58004632755582;Inf;Inf
3104.0;69.57791370791237;Inf;Inf
3105.0;69.57578176175879;Inf;Inf
3106.0;69.57365048872992;Inf;Inf
3107.0;69.57151988846097;Inf;Inf
3108.0;69.56938996058739;Inf;Inf
3109.0;69.56726070474501;Inf;Inf
3110.0;69.56513212056988;Inf;Inf
3111.0;69.56300420769844;Inf;Inf
3112.0;69.56087696576735;Inf;Inf
3113.0;69.55875039441362;Inf;Inf
3114.0;69.55662449327457;Inf;Inf
3115.0;69.55449926198779;Inf;Inf
3116.0;69.5523747001912;Inf;Inf
3117.0;69.55025080752299;Inf;Inf
3118.0;69.54812758362172;Inf;Inf
3119.0;69.54600502812615;Inf;Inf
3120.0;69.54388314067546;Inf;Inf
3121.0;69.54176192090901;Inf;Inf
3122.0;69.53964136846656;Inf;Inf
3123.0;69.53752148298811;Inf;Inf
3124.0;69.53540226411398;Inf;Inf
3125.0;69.5332837114848;Inf;Inf
3126.0;69.53116582474144;Inf;Inf
3127.0;69.52904860352517;Inf;Inf
3128.0;69.52693204747747;Inf;Inf
3129.0;69.52481615624018;Inf;Inf
3130.0;69.5227009294554;Inf;Inf
3131.0;69.52058636676551;Inf;Inf
3132.0;69.51847246781325;Inf;Inf
3133.0;69.5163592322416;Inf;Inf
3134.0;69.51424665969385;Inf;Inf
3135.0;69.51213474981361;Inf;Inf
3136.0;69.51002350224478;Inf;Inf
3137.0;69.50791291663151;Inf;Inf
3138.0;69.50580299261833;Inf;Inf
3139.0;69.50369372984994;Inf;Inf
3140.0;69.50158512797147;Inf;Inf
3141.0;69.49947718662824;Inf;Inf
3142.0;69.49736990546597;Inf;Inf
3143.0;69.49526328413053;Inf;Inf
3144.0;69.49315732226822;Inf;Inf
3145.0;69.49105201952553;Inf;Inf
3146.0;69.48894737554936;Inf;Inf
3147.0;69.48684338998677;Inf;Inf
3148.0;69.48474006248517;Inf;Inf
3149.0;69.4826373926923;Inf;Inf
3150.0;69.48053538025614;Inf;Inf
3151.0;69.47843402482494;Inf;Inf
3152.0;69.47633332604731;Inf;Inf
3153.0;69.4742332835721;Inf;Inf
3154.0;69.47213389704851;Inf;Inf
3155.0;69.47003516612592;Inf;Inf
3156.0;69.46793709045413;Inf;Inf
3157.0;69.4658396696831;Inf;Inf
3158.0;69.46374290346317;Inf;Inf
3159.0;69.46164679144493;Inf;Inf
3160.0;69.45955133327931;Inf;Inf
3161.0;69.45745652861744;Inf;Inf
3162.0;69.45536237711079;Inf;Inf
3163.0;69.45326887841114;Inf;Inf
3164.0;69.4511760321705;Inf;Inf
3165.0;69.44908383804116;Inf;Inf
3166.0;69.44699229567578;Inf;Inf
3167.0;69.44490140472726;Inf;Inf
3168.0;69.44281116484872;Inf;Inf
3169.0;69.44072157569369;Inf;Inf
3170.0;69.4386326369159;Inf;Inf
3171.0;69.43654434816938;Inf;Inf
3172.0;69.4344567091084;Inf;Inf
3173.0;69.43236971938762;Inf;Inf
3174.0;69.43028337866194;Inf;Inf
3175.0;69.42819768658649;Inf;Inf
3176.0;69.42611264281672;Inf;Inf
3177.0;69.42402824700838;Inf;Inf
3178.0;69.42194449881747;Inf;Inf
3179.0;69.41986139790029;Inf;Inf
3180.0;69.41777894391346;Inf;Inf
3181.0;69.4156971365138;Inf;Inf
3182.0;69.41361597535843;Inf;Inf
3183.0;69.41153546010484;Inf;Inf
3184.0;69.40945559041066;Inf;Inf
3185.0;69.40737636593393;Inf;Inf
3186.0;69.40529778633288;Inf;Inf
3187.0;69.40321985126607;Inf;Inf
3188.0;69.4011425603923;Inf;Inf
3189.0;69.39906591337069;Inf;Inf
3190.0;69.39698990986062;Inf;Inf
3191.0;69.39491454952173;Inf;Inf
3192.0;69.39283983201398;Inf;Inf
3193.0;69.39076575699754;Inf;Inf
3194.0;69.38869232413293;Inf;Inf
3195.0;69.38661953308092;Inf;Inf
3196.0;69.38454738350252;Inf;Inf
3197.0;69.3824758750591;Inf;Inf
3198.0;69.3804050074122;Inf;Inf
3199.0;69.37833478022372;Inf;Inf
3200.0;69.3762651931558;Inf;Inf
3201.0;69.37419624587088;Inf;Inf
3202.0;69.37212793803162;Inf;Inf
3203.0;69.37006026930104;Inf;Inf
3204.0;69.36799323934234;Inf;Inf
3205.0;69.36592684781907;Inf;Inf
3206.0;69.363861094395;Inf;Inf
3207.0;69.36179597873421;Inf;Inf
3208.0;69.35973150050106;Inf;Inf
3209.0;69.35766765936009;Inf;Inf
3210.0;69.35560445497626;Inf;Inf
3211.0;69.35354188701469;Inf;Inf
3212.0;69.35147995514082;Inf;Inf
3213.0;69.34941865902034;Inf;Inf
3214.0;69.34735799831924;Inf;Inf
3215.0;69.34529797270378;Inf;Inf
3216.0;69.34323858184038;Inf;Inf
3217.0;69.34117982539593;Inf;Inf
3218.0;69.33912170303742;Inf;Inf
3219.0;69.33706421443219;Inf;Inf
3220.0;69.33500735924784;Inf;Inf
3221.0;69.33295113715224;Inf;Inf
3222.0;69.33089554781351;Inf;Inf
3223.0;69.32884059090001;Inf;Inf
3224.0;69.32678626608049;Inf;Inf
3225.0;69.32473257302382;Inf;Inf
3226.0;69.32267951139922;Inf;Inf
3227.0;69.32062708087615;Inf;Inf
3228.0;69.3185752811244;Inf;Inf
3229.0;69.3165241118139;Inf;Inf
3230.0;69.314473572615;Inf;Inf
3231.0;69.31242366319816;Inf;Inf
3232.0;69.31037438323423;Inf;Inf
3233.0;69.30832573239428;Inf;Inf
3234.0;69.3062777103496;Inf;Inf
3235.0;69.30423031677185;Inf;Inf
3236.0;69.30218355133287;Inf;Inf
3237.0;69.30013741370477;Inf;Inf
3238.0;69.29809190355995;Inf;Inf
3239.0;69.2960470205711;Inf;Inf
3240.0;69.29400276441112;Inf;Inf
3241.0;69.2919591347532;Inf;Inf
3242.0;69.28991613127077;Inf;Inf
3243.0;69.28787375363754;Inf;Inf
3244.0;69.28583200152751;Inf;Inf
3245.0;69.2837908746149;Inf;Inf
3246.0;69.28175037257417;Inf;Inf
3247.0;69.27971049508014;Inf;Inf
3248.0;69.27767124180781;Inf;Inf
3249.0;69.27563261243245;Inf;Inf
3250.0;69.27359460662959;Inf;Inf
3251.0;69.27155722407508;Inf;Inf
3252.0;69.26952046444494;Inf;Inf
3253.0;69.26748432741552;Inf;Inf
3254.0;69.26544881266337;Inf;Inf
3255.0;69.26341391986534;Inf;Inf
3256.0;69.2613796486986;Inf;Inf
3257.0;69.25934599884042;Inf;Inf
3258.0;69.25731296996844;Inf;Inf
3259.0;69.25528056176056;Inf;Inf
3260.0;69.2532487738949;Inf;Inf
3261.0;69.25121760604983;Inf;Inf
3262.0;69.24918705790408;Inf;Inf
3263.0;69.24715712913647;Inf;Inf
3264.0;69.24512781942622;Inf;Inf
3265.0;69.24309912845271;Inf;Inf
3266.0;69.24107105589563;Inf;Inf
3267.0;69.23904360143494;Inf;Inf
3268.0;69.2370167647508;Inf;Inf
3269.0;69.23499054552367;Inf;Inf
3270.0;69.23296494343427;Inf;Inf
3271.0;69.23093995816353;Inf;Inf
3272.0;69.22891558939264;Inf;Inf
3273.0;69.22689183680309;Inf;Inf
3274.0;69.2248687000766;Inf;Inf
3275.0;69.22284617889514;Inf;Inf
3276.0;69.2208242729409;Inf;Inf
3277.0;69.21880298189643;Inf;Inf
3278.0;69.21678230544443;Inf;Inf
3279.0;69.21476224326784;Inf;Inf
3280.0;69.21274279504996;Inf;Inf
3281.0;69.21072396047427;Inf;Inf
3282.0;69.20870573922448;Inf;Inf
3283.0;69.20668813098463;Inf;Inf
3284.0;69.20467113543893;Inf;Inf
3285.0;69.20265475227188;Inf;Inf
3286.0;69.20063898116824;Inf;Inf
3287.0;69.19862382181297;Inf;Inf
3288.0;69.19660927389138;Inf;Inf
3289.0;69.19459533708894;Inf;Inf
3290.0;69.1925820110914;Inf;Inf
3291.0;69.19056929558477;Inf;Inf
3292.0;69.18855719025525;Inf;Inf
3293.0;69.1865456947894;Inf;Inf
3294.0;69.18453480887392;Inf;Inf
3295.0;69.18252453219583;Inf;Inf
3296.0;69.18051486444234;Inf;Inf
3297.0;69.17850580530099;Inf;Inf
3298.0;69.17649735445947;Inf;Inf
3299.0;69.17448951160578;Inf;Inf
3300.0;69.1724822764282;Inf;Inf
3301.0;69.17047564861512;Inf;Inf
3302.0;69.16846962785533;Inf;Inf
3303.0;69.16646421383778;Inf;Inf
3304.0;69.16445940625172;Inf;Inf
3305.0;69.16245520478657;Inf;Inf
3306.0;69.16045160913205;Inf;Inf
3307.0;69.15844861897816;Inf;Inf
3308.0;69.15644623401504;Inf;Inf
3309.0;69.15444445393317;Inf;Inf
3310.0;69.15244327842323;Inf;Inf
3311.0;69.15044270717614;Inf;Inf
3312.0;69.14844273988312;Inf;Inf
3313.0;69.14644337623555;Inf;Inf
3314.0;69.14444461592512;Inf;Inf
3315.0;69.14244645864375;Inf;Inf
3316.0;69.14044890408356;Inf;Inf
3317.0;69.13845195193696;Inf;Inf
3318.0;69.1364556018966;Inf;Inf
3319.0;69.13445985365533;Inf;Inf
3320.0;69.1324647069063;Inf;Inf
3321.0;69.13047016134287;Inf;Inf
3322.0;69.12847621665861;Inf;Inf
3323.0;69.12648287254744;Inf;Inf
3324.0;69.12449012870337;Inf;Inf
3325.0;69.12249798482075;Inf;Inf
3326.0;69.1205064405942;Inf;Inf
3327.0;69.11851549571846;Inf;Inf
3328.0;69.11652514988862;Inf;Inf
3329.0;69.11453540279994;Inf;Inf
3330.0;69.11254625414797;Inf;Inf
3331.0;69.11055770362849;Inf;Inf
3332.0;69.10856975093746;Inf;Inf
3333.0;69.10658239577118;Inf;Inf
3334.0;69.1045956378261;Inf;Inf
3335.0;69.10260947679892;Inf;Inf
3336.0;69.10062391238665;Inf;Inf
3337.0;69.09863894428644;Inf;Inf
3338.0;69.09665457219575;Inf;Inf
3339.0;69.09467079581225;Inf;Inf
3340.0;69.09268761483384;Inf;Inf
3341.0;69.09070502895868;Inf;Inf
3342.0;69.08872303788516;Inf;Inf
3343.0;69.08674164131189;Inf;Inf
3344.0;69.0847608389377;Inf;Inf
3345.0;69.08278063046171;Inf;Inf
3346.0;69.08080101558322;Inf;Inf
3347.0;69.0788219940018;Inf;Inf
3348.0;69.07684356541725;Inf;Inf
3349.0;69.0748657295296;Inf;Inf
3350.0;69.0728884860391;Inf;Inf
3351.0;69.07091183464628;Inf;Inf
3352.0;69.06893577505184;Inf;Inf
3353.0;69.06696030695676;Inf;Inf
3354.0;69.06498543006228;Inf;Inf
3355.0;69.06301114406976;Inf;Inf
3356.0;69.0610374486809;Inf;Inf
3357.0;69.0590643435976;Inf;Inf
3358.0;69.057091828522;Inf;Inf
3359.0;69.05511990315648;Inf;Inf
3360.0;69.05314856720358;Inf;Inf
3361.0;69.05117782036616;Inf;Inf
3362.0;69.04920766234729;Inf;Inf
3363.0;69.04723809285025;Inf;Inf
3364.0;69.04526911157855;Inf;Inf
3365.0;69.04330071823595;Inf;Inf
3366.0;69.04133291252644;Inf;Inf
3367.0;69.03936569415424;Inf;Inf
3368.0;69.03739906282378;Inf;Inf
3369.0;69.03543301823974;Inf;Inf
3370.0;69.033467560107;Inf;Inf
3371.0;69.03150268813073;Inf;Inf
3372.0;69.02953840201627;Inf;Inf
3373.0;69.02757470146919;Inf;Inf
3374.0;69.02561158619537;Inf;Inf
3375.0;69.02364905590079;Inf;Inf
3376.0;69.02168711029177;Inf;Inf
3377.0;69.0197257490748;Inf;Inf
3378.0;69.0177649719566;Inf;Inf
3379.0;69.01580477864414;Inf;Inf
3380.0;69.0138451688446;Inf;Inf
3381.0;69.01188614226538;Inf;Inf
3382.0;69.00992769861418;Inf;Inf
3383.0;69.0079698375988;Inf;Inf
3384.0;69.00601255892735;Inf;Inf
3385.0;69.00405586230816;Inf;Inf
3386.0;69.00209974744975;Inf;Inf
3387.0;69.00014421406094;Inf;Inf
3388.0;68.99818926185068;Inf;Inf
3389.0;68.99623489052823;Inf;Inf
3390.0;68.99428109980298;Inf;Inf
3391.0;68.99232788938463;Inf;Inf
3392.0;68.99037525898308;Inf;Inf
3393.0;68.98842320830846;Inf;Inf
3394.0;68.98647173707108;Inf;Inf
3395.0;68.9845208449815;Inf;Inf
3396.0;68.98257053175055;Inf;Inf
3397.0;68.98062079708923;Inf;Inf
3398.0;68.97867164070878;Inf;Inf
3399.0;68.97672306232064;Inf;Inf
3400.0;68.97477506163649;Inf;Inf
3401.0;68.97282763836826;Inf;Inf
3402.0;68.97088079222806;Inf;Inf
3403.0;68.96893452292822;Inf;Inf
3404.0;68.96698883018136;Inf;Inf
3405.0;68.96504371370023;Inf;Inf
3406.0;68.96309917319785;Inf;Inf
3407.0;68.96115520838745;Inf;Inf
3408.0;68.9592118189825;Inf;Inf
3409.0;68.95726900469666;Inf;Inf
3410.0;68.95532676524384;Inf;Inf
3411.0;68.95338510033814;Inf;Inf
3412.0;68.95144400969386;Inf;Inf
3413.0;68.94950349302562;Inf;Inf
3414.0;68.94756355004816;Inf;Inf
3415.0;68.94562418047649;Inf;Inf
3416.0;68.9436853840258;Inf;Inf
3417.0;68.94174716041151;Inf;Inf
3418.0;68.9398095093493;Inf;Inf
3419.0;68.93787243055503;Inf;Inf
3420.0;68.9359359237448;Inf;Inf
3421.0;68.93399998863485;Inf;Inf
3422.0;68.93206462494176;Inf;Inf
3423.0;68.93012983238226;Inf;Inf
3424.0;68.92819561067328;Inf;Inf
3425.0;68.92626195953204;Inf;Inf
3426.0;68.92432887867585;Inf;Inf
3427.0;68.92239636782239;Inf;Inf
3428.0;68.92046442668942;Inf;Inf
3429.0;68.91853305499505;Inf;Inf
3430.0;68.91660225245748;Inf;Inf
3431.0;68.9146720187952;Inf;Inf
3432.0;68.91274235372688;Inf;Inf
3433.0;68.91081325697142;Inf;Inf
3434.0;68.90888472824793;Inf;Inf
3435.0;68.90695676727574;Inf;Inf
3436.0;68.90502937377443;Inf;Inf
3437.0;68.90310254746369;Inf;Inf
3438.0;68.90117628806354;Inf;Inf
3439.0;68.89925059529416;Inf;Inf
3440.0;68.89732546887595;Inf;Inf
3441.0;68.89540090852951;Inf;Inf
3442.0;68.89347691397566;Inf;Inf
3443.0;68.89155348493547;Inf;Inf
3444.0;68.88963062113014;Inf;Inf
3445.0;68.88770832228118;Inf;Inf
3446.0;68.88578658811026;Inf;Inf
3447.0;68.88386541833925;Inf;Inf
3448.0;68.88194481269026;Inf;Inf
3449.0;68.88002477088558;Inf;Inf
3450.0;68.8781052926478;Inf;Inf
3451.0;68.87618637769957;Inf;Inf
3452.0;68.87426802576388;Inf;Inf
3453.0;68.87235023656388;Inf;Inf
3454.0;68.87043300982292;Inf;Inf
3455.0;68.86851634526458;Inf;Inf
3456.0;68.86660024261269;Inf;Inf
3457.0;68.86468470159119;Inf;Inf
3458.0;68.86276972192432;Inf;Inf
3459.0;68.86085530333649;Inf;Inf
3460.0;68.85894144555232;Inf;Inf
3461.0;68.85702814829665;Inf;Inf
3462.0;68.85511541129452;Inf;Inf
3463.0;68.85320323427119;Inf;Inf
3464.0;68.8512916169521;Inf;Inf
3465.0;68.84938055906291;Inf;Inf
3466.0;68.84747006032954;Inf;Inf
3467.0;68.84556012047807;Inf;Inf
3468.0;68.84365073923475;Inf;Inf
3469.0;68.84174191632613;Inf;Inf
3470.0;68.83983365147887;Inf;Inf
3471.0;68.83792594441991;Inf;Inf
3472.0;68.83601879487638;Inf;Inf
3473.0;68.83411220257558;Inf;Inf
3474.0;68.83220616724508;Inf;Inf
3475.0;68.83030068861255;Inf;Inf
3476.0;68.828395766406;Inf;Inf
3477.0;68.82649140035358;Inf;Inf
3478.0;68.8245875901836;Inf;Inf
3479.0;68.82268433562466;Inf;Inf
3480.0;68.82078163640553;Inf;Inf
3481.0;68.81887949225515;Inf;Inf
3482.0;68.8169779029027;Inf;Inf
3483.0;68.81507686807761;Inf;Inf
3484.0;68.81317638750943;Inf;Inf
3485.0;68.81127646092796;Inf;Inf
3486.0;68.80937708806316;Inf;Inf
3487.0;68.8074782686453;Inf;Inf
3488.0;68.80558000240467;Inf;Inf
3489.0;68.80368228907194;Inf;Inf
3490.0;68.80178512837793;Inf;Inf
3491.0;68.79988852005361;Inf;Inf
3492.0;68.79799246383021;Inf;Inf
3493.0;68.79609695943918;Inf;Inf
3494.0;68.79420200661208;Inf;Inf
3495.0;68.79230760508077;Inf;Inf
3496.0;68.79041375457724;Inf;Inf
3497.0;68.78852045483373;Inf;Inf
3498.0;68.78662770558265;Inf;Inf
3499.0;68.78473550655664;Inf;Inf
3500.0;68.7828438574885;Inf;Inf
3501.0;68.78095275811128;Inf;Inf
3502.0;68.77906220815821;Inf;Inf
3503.0;68.77717220736271;Inf;Inf
3504.0;68.77528275545838;Inf;Inf
3505.0;68.77339385217911;Inf;Inf
3506.0;68.77150549725886;Inf;Inf
3507.0;68.7696176904319;Inf;Inf
3508.0;68.76773043143264;Inf;Inf
3509.0;68.7658437199957;Inf;Inf
3510.0;68.76395755585591;Inf;Inf
3511.0;68.7620719387483;Inf;Inf
3512.0;68.76018686840811;Inf;Inf
3513.0;68.75830234457071;Inf;Inf
3514.0;68.75641836697176;Inf;Inf
3515.0;68.75453493534705;Inf;Inf
3516.0;68.75265204943264;Inf;Inf
3517.0;68.75076970896468;Inf;Inf
3518.0;68.74888791367961;Inf;Inf
3519.0;68.74700666331402;Inf;Inf
3520.0;68.74512595760476;Inf;Inf
3521.0;68.74324579628878;Inf;Inf
3522.0;68.7413661791033;Inf;Inf
3523.0;68.7394871057857;Inf;Inf
3524.0;68.73760857607358;Inf;Inf
3525.0;68.73573058970473;Inf;Inf
3526.0;68.73385314641713;Inf;Inf
3527.0;68.73197624594896;Inf;Inf
3528.0;68.73009988803857;Inf;Inf
3529.0;68.72822407242452;Inf;Inf
3530.0;68.72634879884563;Inf;Inf
3531.0;68.72447406704082;Inf;Inf
3532.0;68.72259987674921;Inf;Inf
3533.0;68.7207262277102;Inf;Inf
3534.0;68.71885311966331;Inf;Inf
3535.0;68.71698055234828;Inf;Inf
3536.0;68.71510852550502;Inf;Inf
3537.0;68.71323703887367;Inf;Inf
3538.0;68.71136609219454;Inf;Inf
3539.0;68.70949568520817;Inf;Inf
3540.0;68.70762581765518;Inf;Inf
3541.0;68.70575648927657;Inf;Inf
3542.0;68.70388769981335;Inf;Inf
3543.0;68.70201944900685;Inf;Inf
3544.0;68.70015173659851;Inf;Inf
3545.0;68.69828456233;Inf;Inf
3546.0;68.69641792594321;Inf;Inf
3547.0;68.69455182718013;Inf;Inf
3548.0;68.69268626578305;Inf;Inf
3549.0;68.69082124149438;Inf;Inf
3550.0;68.68895675405675;Inf;Inf
3551.0;68.68709280321296;Inf;Inf
3552.0;68.68522938870606;Inf;Inf
3553.0;68.68336651027919;Inf;Inf
3554.0;68.68150416767577;Inf;Inf
3555.0;68.67964236063935;Inf;Inf
3556.0;68.67778108891372;Inf;Inf
3557.0;68.67592035224283;Inf;Inf
3558.0;68.6740601503708;Inf;Inf
3559.0;68.67220048304202;Inf;Inf
3560.0;68.67034135000098;Inf;Inf
3561.0;68.6684827509924;Inf;Inf
3562.0;68.66662468576118;Inf;Inf
3563.0;68.6647671540524;Inf;Inf
3564.0;68.66291015561137;Inf;Inf
3565.0;68.66105369018355;Inf;Inf
3566.0;68.65919775751456;Inf;Inf
3567.0;68.65734235735029;Inf;Inf
3568.0;68.65548748943674;Inf;Inf
3569.0;68.65363315352016;Inf;Inf
3570.0;68.65177934934694;Inf;Inf
3571.0;68.64992607666366;Inf;Inf
3572.0;68.64807333521713;Inf;Inf
3573.0;68.64622112475432;Inf;Inf
3574.0;68.64436944502238;Inf;Inf
3575.0;68.64251829576862;Inf;Inf
3576.0;68.64066767674062;Inf;Inf
3577.0;68.63881758768608;Inf;Inf
3578.0;68.63696802835288;Inf;Inf
3579.0;68.63511899848912;Inf;Inf
3580.0;68.63327049784309;Inf;Inf
3581.0;68.63142252616319;Inf;Inf
3582.0;68.62957508319813;Inf;Inf
3583.0;68.62772816869669;Inf;Inf
3584.0;68.62588178240793;Inf;Inf
3585.0;68.62403592408103;Inf;Inf
3586.0;68.62219059346532;Inf;Inf
3587.0;68.62034579031042;Inf;Inf
3588.0;68.61850151436609;Inf;Inf
3589.0;68.61665776538223;Inf;Inf
3590.0;68.61481454310899;Inf;Inf
3591.0;68.61297184729663;Inf;Inf
3592.0;68.6111296776957;Inf;Inf
3593.0;68.6092880340568;Inf;Inf
3594.0;68.60744691613081;Inf;Inf
3595.0;68.60560632366878;Inf;Inf
3596.0;68.6037662564219;Inf;Inf
3597.0;68.6019267141416;Inf;Inf
3598.0;68.60008769657944;Inf;Inf
3599.0;68.5982492034872;Inf;Inf
3600.0;68.5964112346168;Inf;Inf
3601.0;68.5945737897204;Inf;Inf
3602.0;68.5927368685503;Inf;Inf
3603.0;68.590900470859;Inf;Inf
3604.0;68.58906459639915;Inf;Inf
3605.0;68.58722924492363;Inf;Inf
3606.0;68.58539441618544;Inf;Inf
3607.0;68.58356010993784;Inf;Inf
3608.0;68.58172632593418;Inf;Inf
3609.0;68.57989306392805;Inf;Inf
3610.0;68.57806032367326;Inf;Inf
3611.0;68.5762281049237;Inf;Inf
3612.0;68.57439640743347;Inf;Inf
3613.0;68.5725652309569;Inf;Inf
3614.0;68.57073457524845;Inf;Inf
3615.0;68.56890444006282;Inf;Inf
3616.0;68.56707482515478;Inf;Inf
3617.0;68.56524573027936;Inf;Inf
3618.0;68.56341715519179;Inf;Inf
3619.0;68.5615890996474;Inf;Inf
3620.0;68.55976156340176;Inf;Inf
3621.0;68.5579345462106;Inf;Inf
3622.0;68.55610804782982;Inf;Inf
3623.0;68.55428206801551;Inf;Inf
3624.0;68.55245660652392;Inf;Inf
3625.0;68.5506316631115;Inf;Inf
3626.0;68.54880723753486;Inf;Inf
3627.0;68.54698332955083;Inf;Inf
3628.0;68.54515993891633;Inf;Inf
3629.0;68.54333706538854;Inf;Inf
3630.0;68.54151470872479;Inf;Inf
3631.0;68.53969286868254;Inf;Inf
3632.0;68.53787154501951;Inf;Inf
3633.0;68.53605073749355;Inf;Inf
3634.0;68.53423044586269;Inf;Inf
3635.0;68.53241066988512;Inf;Inf
3636.0;68.53059140931924;Inf;Inf
3637.0;68.52877266392362;Inf;Inf
3638.0;68.52695443345695;Inf;Inf
3639.0;68.52513671767818;Inf;Inf
3640.0;68.52331951634636;Inf;Inf
3641.0;68.5215028292208;Inf;Inf
3642.0;68.51968665606087;Inf;Inf
3643.0;68.51787099662623;Inf;Inf
3644.0;68.51605585067665;Inf;Inf
3645.0;68.51424121797206;Inf;Inf
3646.0;68.51242709827261;Inf;Inf
3647.0;68.51061349133862;Inf;Inf
3648.0;68.50880039693057;Inf;Inf
3649.0;68.50698781480908;Inf;Inf
3650.0;68.50517574473498;Inf;Inf
3651.0;68.5033641864693;Inf;Inf
3652.0;68.50155313977316;Inf;Inf
3653.0;68.49974260440796;Inf;Inf
3654.0;68.49793258013518;Inf;Inf
3655.0;68.49612306671652;Inf;Inf
3656.0;68.49431406391386;Inf;Inf
3657.0;68.49250557148923;Inf;Inf
3658.0;68.4906975892048;Inf;Inf
3659.0;68.488890116823;Inf;Inf
3660.0;68.48708315410636;Inf;Inf
3661.0;68.48527670081756;Inf;Inf
3662.0;68.4834707567196;Inf;Inf
3663.0;68.48166532157542;Inf;Inf
3664.0;68.47986039514834;Inf;Inf
3665.0;68.47805597720172;Inf;Inf
3666.0;68.47625206749917;Inf;Inf
3667.0;68.47444866580442;Inf;Inf
3668.0;68.47264577188137;Inf;Inf
3669.0;68.47084338549416;Inf;Inf
3670.0;68.46904150640701;Inf;Inf
3671.0;68.46724013438435;Inf;Inf
3672.0;68.46543926919077;Inf;Inf
3673.0;68.46363891059106;Inf;Inf
3674.0;68.46183905835014;Inf;Inf
3675.0;68.46003971223315;Inf;Inf
3676.0;68.45824087200532;Inf;Inf
3677.0;68.45644253743212;Inf;Inf
3678.0;68.45464470827916;Inf;Inf
3679.0;68.45284738431222;Inf;Inf
3680.0;68.45105056529724;Inf;Inf
3681.0;68.44925425100037;Inf;Inf
3682.0;68.44745844118786;Inf;Inf
3683.0;68.4456631356262;Inf;Inf
3684.0;68.44386833408197;Inf;Inf
3685.0;68.44207403632201;Inf;Inf
3686.0;68.44028024211322;Inf;Inf
3687.0;68.43848695122277;Inf;Inf
3688.0;68.43669416341795;Inf;Inf
3689.0;68.43490187846619;Inf;Inf
3690.0;68.43311009613515;Inf;Inf
3691.0;68.43131881619257;Inf;Inf
3692.0;68.4295280384065;Inf;Inf
3693.0;68.42773776254498;Inf;Inf
3694.0;68.42594798837632;Inf;Inf
3695.0;68.42415871566902;Inf;Inf
3696.0;68.42236994419169;Inf;Inf
3697.0;68.42058167371306;Inf;Inf
3698.0;68.41879390400216;Inf;Inf
3699.0;68.41700663482807;Inf;Inf
3700.0;68.41521986596008;Inf;Inf
3701.0;68.41343359716767;Inf;Inf
3702.0;68.41164782822041;Inf;Inf
3703.0;68.40986255888815;Inf;Inf
3704.0;68.40807778894074;Inf;Inf
3705.0;68.40629351814836;Inf;Inf
3706.0;68.40450974628129;Inf;Inf
3707.0;68.4027264731099;Inf;Inf
3708.0;68.40094369840486;Inf;Inf
3709.0;68.3991614219369;Inf;Inf
3710.0;68.39737964347697;Inf;Inf
3711.0;68.39559836279615;Inf;Inf
3712.0;68.3938175796657;Inf;Inf
3713.0;68.39203729385704;Inf;Inf
3714.0;68.39025750514176;Inf;Inf
3715.0;68.3884782132916;Inf;Inf
3716.0;68.38669941807848;Inf;Inf
3717.0;68.38492111927445;Inf;Inf
3718.0;68.38314331665177;Inf;Inf
3719.0;68.3813660099828;Inf;Inf
3720.0;68.37958919904013;Inf;Inf
3721.0;68.37781288359648;Inf;Inf
3722.0;68.3760370634247;Inf;Inf
3723.0;68.3742617382979;Inf;Inf
3724.0;68.37248690798923;Inf;Inf
3725.0;68.37071257227205;Inf;Inf
3726.0;68.36893873091994;Inf;Inf
3727.0;68.36716538370656;Inf;Inf
3728.0;68.36539253040574;Inf;Inf
3729.0;68.3636201707915;Inf;Inf
3730.0;68.36184830463806;Inf;Inf
3731.0;68.36007693171968;Inf;Inf
3732.0;68.3583060518109;Inf;Inf
3733.0;68.35653566468636;Inf;Inf
3734.0;68.35476577012088;Inf;Inf
3735.0;68.35299636788943;Inf;Inf
3736.0;68.35122745776712;Inf;Inf
3737.0;68.34945903952926;Inf;Inf
3738.0;68.34769111295132;Inf;Inf
3739.0;68.3459236778089;Inf;Inf
3740.0;68.34415673387774;Inf;Inf
3741.0;68.34239028093381;Inf;Inf
3742.0;68.34062431875317;Inf;Inf
3743.0;68.33885884711205;Inf;Inf
3744.0;68.3370938657869;Inf;Inf
3745.0;68.33532937455428;Inf;Inf
3746.0;68.33356537319086;Inf;Inf
3747.0;68.33180186147358;Inf;Inf
3748.0;68.33003883917942;Inf;Inf
3749.0;68.32827630608564;Inf;Inf
3750.0;68.32651426196955;Inf;Inf
3751.0;68.32475270660866;Inf;Inf
3752.0;68.32299163978067;Inf;Inf
3753.0;68.32123106126336;Inf;Inf
3754.0;68.31947097083474;Inf;Inf
3755.0;68.31771136827294;Inf;Inf
3756.0;68.31595225335624;Inf;Inf
3757.0;68.31419362586314;Inf;Inf
3758.0;68.3124354855722;Inf;Inf
3759.0;68.31067783226219;Inf;Inf
3760.0;68.30892066571205;Inf;Inf
3761.0;68.30716398570088;Inf;Inf
3762.0;68.30540779200787;Inf;Inf
3763.0;68.30365208441243;Inf;Inf
3764.0;68.30189686269408;Inf;Inf
3765.0;68.30014212663255;Inf;Inf
3766.0;68.29838787600767;Inf;Inf
3767.0;68.29663411059948;Inf;Inf
3768.0;68.29488083018812;Inf;Inf
3769.0;68.2931280345539;Inf;Inf
3770.0;68.29137572347732;Inf;Inf
3771.0;68.28962389673902;Inf;Inf
3772.0;68.28787255411976;Inf;Inf
3773.0;68.28612169540047;Inf;Inf
3774.0;68.28437132036225;Inf;Inf
3775.0;68.28262142878637;Inf;Inf
3776.0;68.28087202045421;Inf;Inf
3777.0;68.2791230951473;Inf;Inf
3778.0;68.27737465264737;Inf;Inf
3779.0;68.27562669273631;Inf;Inf
3780.0;68.27387921519608;Inf;Inf
3781.0;68.27213221980887;Inf;Inf
3782.0;68.270385706357;Inf;Inf
3783.0;68.26863967462296;Inf;Inf
3784.0;68.26689412438934;Inf;Inf
3785.0;68.26514905543894;Inf;Inf
3786.0;68.26340446755471;Inf;Inf
3787.0;68.2616603605197;Inf;Inf
3788.0;68.25991673411713;Inf;Inf
3789.0;68.25817358813042;Inf;Inf
3790.0;68.25643092234313;Inf;Inf
3791.0;68.25468873653888;Inf;Inf
3792.0;68.25294703050157;Inf;Inf
3793.0;68.25120580401519;Inf;Inf
3794.0;68.24946505686383;Inf;Inf
3795.0;68.24772478883186;Inf;Inf
3796.0;68.24598499970367;Inf;Inf
3797.0;68.24424568926389;Inf;Inf
3798.0;68.24250685729726;Inf;Inf
3799.0;68.24076850358868;Inf;Inf
3800.0;68.23903062792317;Inf;Inf
3801.0;68.23729323008595;Inf;Inf
3802.0;68.23555630986239;Inf;Inf
3803.0;68.23381986703798;Inf;Inf
3804.0;68.23208390139835;Inf;Inf
3805.0;68.23034841272933;Inf;Inf
3806.0;68.22861340081684;Inf;Inf
3807.0;68.22687886544698;Inf;Inf
3808.0;68.22514480640602;Inf;Inf
3809.0;68.22341122348035;Inf;Inf
3810.0;68.2216781164565;Inf;Inf
3811.0;68.21994548512119;Inf;Inf
3812.0;68.21821332926122;Inf;Inf
3813.0;68.21648164866362;Inf;Inf
3814.0;68.21475044311552;Inf;Inf
3815.0;68.21301971240422;Inf;Inf
3816.0;68.21128945631712;Inf;Inf
3817.0;68.20955967464185;Inf;Inf
3818.0;68.20783036716614;Inf;Inf
3819.0;68.20610153367785;Inf;Inf
3820.0;68.20437317396498;Inf;Inf
3821.0;68.20264528781578;Inf;Inf
3822.0;68.20091787501852;Inf;Inf
3823.0;68.19919093536168;Inf;Inf
3824.0;68.19746446863388;Inf;Inf
3825.0;68.19573847462391;Inf;Inf
3826.0;68.19401295312066;Inf;Inf
3827.0;68.19228790391318;Inf;Inf
3828.0;68.1905633267907;Inf;Inf
3829.0;68.18883922154255;Inf;Inf
3830.0;68.18711558795822;Inf;Inf
3831.0;68.1853924258274;Inf;Inf
3832.0;68.18366973493983;Inf;Inf
3833.0;68.18194751508545;Inf;Inf
3834.0;68.18022576605436;Inf;Inf
3835.0;68.17850448763679;Inf;Inf
3836.0;68.17678367962311;Inf;Inf
3837.0;68.17506334180386;Inf;Inf
3838.0;68.17334347396967;Inf;Inf
3839.0;68.17162407591135;Inf;Inf
3840.0;68.16990514741987;Inf;Inf
3841.0;68.16818668828633;Inf;Inf
3842.0;68.16646869830195;Inf;Inf
3843.0;68.16475117725814;Inf;Inf
3844.0;68.1630341249464;Inf;Inf
3845.0;68.16131754115847;Inf;Inf
3846.0;68.1596014256861;Inf;Inf
3847.0;68.15788577832133;Inf;Inf
3848.0;68.15617059885618;Inf;Inf
3849.0;68.15445588708297;Inf;Inf
3850.0;68.15274164279407;Inf;Inf
3851.0;68.15102786578201;Inf;Inf
3852.0;68.14931455583951;Inf;Inf
3853.0;68.14760171275938;Inf;Inf
3854.0;68.14588933633458;Inf;Inf
3855.0;68.1441774263582;Inf;Inf
3856.0;68.14246598262352;Inf;Inf
3857.0;68.14075500492396;Inf;Inf
3858.0;68.13904449305306;Inf;Inf
3859.0;68.13733444680446;Inf;Inf
3860.0;68.13562486597202;Inf;Inf
3861.0;68.13391575034967;Inf;Inf
3862.0;68.13220709973157;Inf;Inf
3863.0;68.13049891391195;Inf;Inf
3864.0;68.12879119268521;Inf;Inf
3865.0;68.12708393584586;Inf;Inf
3866.0;68.1253771431886;Inf;Inf
3867.0;68.12367081450824;Inf;Inf
3868.0;68.12196494959976;Inf;Inf
3869.0;68.12025954825823;Inf;Inf
3870.0;68.11855461027888;Inf;Inf
3871.0;68.11685013545716;Inf;Inf
3872.0;68.11514612358853;Inf;Inf
3873.0;68.11344257446868;Inf;Inf
3874.0;68.11173948789342;Inf;Inf
3875.0;68.11003686365865;Inf;Inf
3876.0;68.1083347015605;Inf;Inf
3877.0;68.10663300139518;Inf;Inf
3878.0;68.10493176295908;Inf;Inf
3879.0;68.10323098604867;Inf;Inf
3880.0;68.10153067046062;Inf;Inf
3881.0;68.09983081599171;Inf;Inf
3882.0;68.09813142243887;Inf;Inf
3883.0;68.09643248959914;Inf;Inf
3884.0;68.09473401726973;Inf;Inf
3885.0;68.09303600524801;Inf;Inf
3886.0;68.09133845333143;Inf;Inf
3887.0;68.08964136131762;Inf;Inf
3888.0;68.08794472900432;Inf;Inf
3889.0;68.08624855618947;Inf;Inf
3890.0;68.08455284267106;Inf;Inf
3891.0;68.08285758824731;Inf;Inf
3892.0;68.08116279271648;Inf;Inf
3893.0;68.07946845587706;Inf;Inf
3894.0;68.07777457752762;Inf;Inf
3895.0;68.07608115746693;Inf;Inf
3896.0;68.07438819549377;Inf;Inf
3897.0;68.07269569140722;Inf;Inf
3898.0;68.07100364500637;Inf;Inf
3899.0;68.06931205609052;Inf;Inf
3900.0;68.06762092445912;Inf;Inf
3901.0;68.06593024991164;Inf;Inf
3902.0;68.06424003224781;Inf;Inf
3903.0;68.06255027126747;Inf;Inf
3904.0;68.06086096677055;Inf;Inf
3905.0;68.05917211855717;Inf;Inf
3906.0;68.05748372642756;Inf;Inf
3907.0;68.05579579018207;Inf;Inf
3908.0;68.05410830962126;Inf;Inf
3909.0;68.05242128454572;Inf;Inf
3910.0;68.05073471475626;Inf;Inf
3911.0;68.04904860005375;Inf;Inf
3912.0;68.04736294023931;Inf;Inf
3913.0;68.0456777351141;Inf;Inf
3914.0;68.04399298447942;Inf;Inf
3915.0;68.04230868813673;Inf;Inf
3916.0;68.04062484588765;Inf;Inf
3917.0;68.0389414575339;Inf;Inf
3918.0;68.03725852287731;Inf;Inf
3919.0;68.03557604171993;Inf;Inf
3920.0;68.03389401386387;Inf;Inf
3921.0;68.03221243911138;Inf;Inf
3922.0;68.0305313172649;Inf;Inf
3923.0;68.02885064812693;Inf;Inf
3924.0;68.02717043150015;Inf;Inf
3925.0;68.0254906671874;Inf;Inf
3926.0;68.02381135499155;Inf;Inf
3927.0;68.0221324947157;Inf;Inf
3928.0;68.02045408616311;Inf;Inf
3929.0;68.01877612913707;Inf;Inf
3930.0;68.01709862344106;Inf;Inf
3931.0;68.01542156887871;Inf;Inf
3932.0;68.0137449652537;Inf;Inf
3933.0;68.01206881236996;Inf;Inf
3934.0;68.01039311003149;Inf;Inf
3935.0;68.00871785804242;Inf;Inf
3936.0;68.00704305620702;Inf;Inf
3937.0;68.0053687043297;Inf;Inf
3938.0;68.00369480221502;Inf;Inf
3939.0;68.00202134966761;Inf;Inf
3940.0;68.0003483464923;Inf;Inf
3941.0;67.99867579249401;Inf;Inf
3942.0;67.99700368747783;Inf;Inf
3943.0;67.99533203124895;Inf;Inf
3944.0;67.9936608236127;Inf;Inf
3945.0;67.99199006437452;Inf;Inf
3946.0;67.99031975334003;Inf;Inf
3947.0;67.98864989031499;Inf;Inf
3948.0;67.9869804751052;Inf;Inf
3949.0;67.98531150751664;Inf;Inf
3950.0;67.98364298735548;Inf;Inf
3951.0;67.98197491442797;Inf;Inf
3952.0;67.98030728854046;Inf;Inf
3953.0;67.97864010949947;Inf;Inf
3954.0;67.97697337711169;Inf;Inf
3955.0;67.97530709118384;Inf;Inf
3956.0;67.97364125152284;Inf;Inf
3957.0;67.97197585793572;Inf;Inf
3958.0;67.97031091022964;Inf;Inf
3959.0;67.96864640821192;Inf;Inf
3960.0;67.96698235168999;Inf;Inf
3961.0;67.96531874047139;Inf;Inf
3962.0;67.96365557436378;Inf;Inf
3963.0;67.96199285317505;Inf;Inf
3964.0;67.96033057671308;Inf;Inf
3965.0;67.95866874478597;Inf;Inf
3966.0;67.95700735720189;Inf;Inf
3967.0;67.95534641376923;Inf;Inf
3968.0;67.95368591429641;Inf;Inf
3969.0;67.95202585859204;Inf;Inf
3970.0;67.95036624646484;Inf;Inf
3971.0;67.94870707772361;Inf;Inf
3972.0;67.94704835217739;Inf;Inf
3973.0;67.9453900696353;Inf;Inf
3974.0;67.94373222990649;Inf;Inf
3975.0;67.94207483280037;Inf;Inf
3976.0;67.94041787812645;Inf;Inf
3977.0;67.93876136569433;Inf;Inf
3978.0;67.93710529531377;Inf;Inf
3979.0;67.93544966679461;Inf;Inf
3980.0;67.9337944799469;Inf;Inf
3981.0;67.93213973458074;Inf;Inf
3982.0;67.9304854305064;Inf;Inf
3983.0;67.92883156753422;Inf;Inf
3984.0;67.92717814547477;Inf;Inf
3985.0;67.9255251641387;Inf;Inf
3986.0;67.92387262333669;Inf;Inf
3987.0;67.92222052287973;Inf;Inf
3988.0;67.92056886257879;Inf;Inf
3989.0;67.91891764224502;Inf;Inf
3990.0;67.9172668616897;Inf;Inf
3991.0;67.91561652072424;Inf;Inf
3992.0;67.91396661916013;Inf;Inf
3993.0;67.91231715680908;Inf;Inf
3994.0;67.91066813348283;Inf;Inf
3995.0;67.9090195489933;Inf;Inf
3996.0;67.90737140315251;Inf;Inf
3997.0;67.90572369577261;Inf;Inf
3998.0;67.90407642666588;Inf;Inf
3999.0;67.90242959564478;Inf;Inf
4000.0;67.90078320252174;Inf;Inf
4001.0;67.89913724710951;Inf;Inf
4002.0;67.89749172922085;Inf;Inf
4003.0;67.89584664866865;Inf;Inf
4004.0;67.89420200526598;Inf;Inf
4005.0;67.89255779882598;Inf;Inf
4006.0;67.8909140291619;Inf;Inf
4007.0;67.88927069608722;Inf;Inf
4008.0;67.8876277994154;Inf;Inf
4009.0;67.88598533896014;Inf;Inf
4010.0;67.88434331453522;Inf;Inf
4011.0;67.88270172595453;Inf;Inf
4012.0;67.88106057303212;Inf;Inf
4013.0;67.87941985558211;Inf;Inf
4014.0;67.87777957341882;Inf;Inf
4015.0;67.87613972635664;Inf;Inf
4016.0;67.8745003142101;Inf;Inf
4017.0;67.87286133679382;Inf;Inf
4018.0;67.87122279392258;Inf;Inf
4019.0;67.86958468541133;Inf;Inf
4020.0;67.86794701107503;Inf;Inf
4021.0;67.86630977072882;Inf;Inf
4022.0;67.864672964188;Inf;Inf
4023.0;67.86303659126797;Inf;Inf
4024.0;67.86140065178421;Inf;Inf
4025.0;67.85976514555234;Inf;Inf
4026.0;67.85813007238818;Inf;Inf
4027.0;67.85649543210755;Inf;Inf
4028.0;67.85486122452647;Inf;Inf
4029.0;67.85322744946107;Inf;Inf
4030.0;67.85159410672759;Inf;Inf
4031.0;67.8499611961424;Inf;Inf
4032.0;67.84832871752201;Inf;Inf
4033.0;67.846696670683;Inf;Inf
4034.0;67.84506505544213;Inf;Inf
4035.0;67.84343387161624;Inf;Inf
4036.0;67.84180311902233;Inf;Inf
4037.0;67.84017279747745;Inf;Inf
4038.0;67.83854290679888;Inf;Inf
4039.0;67.8369134468039;Inf;Inf
4040.0;67.83528441731006;Inf;Inf
4041.0;67.83365581813487;Inf;Inf
4042.0;67.83202764909608;Inf;Inf
4043.0;67.83039991001144;Inf;Inf
4044.0;67.82877260069897;Inf;Inf
4045.0;67.82714572097673;Inf;Inf
4046.0;67.82551927066287;Inf;Inf
4047.0;67.82389324957575;Inf;Inf
4048.0;67.82226765753374;Inf;Inf
4049.0;67.82064249435541;Inf;Inf
4050.0;67.81901775985946;Inf;Inf
4051.0;67.81739345386464;Inf;Inf
4052.0;67.81576957618987;Inf;Inf
4053.0;67.8141461266542;Inf;Inf
4054.0;67.81252310507672;Inf;Inf
4055.0;67.81090051127676;Inf;Inf
4056.0;67.80927834507365;Inf;Inf
4057.0;67.80765660628694;Inf;Inf
4058.0;67.80603529473623;Inf;Inf
4059.0;67.8044144102413;Inf;Inf
4060.0;67.80279395262197;Inf;Inf
4061.0;67.80117392169824;Inf;Inf
4062.0;67.7995543172902;Inf;Inf
4063.0;67.79793513921811;Inf;Inf
4064.0;67.79631638730227;Inf;Inf
4065.0;67.79469806136314;Inf;Inf
4066.0;67.7930801612213;Inf;Inf
4067.0;67.79146268669743;Inf;Inf
4068.0;67.78984563761237;Inf;Inf
4069.0;67.78822901378705;Inf;Inf
4070.0;67.78661281504249;Inf;Inf
4071.0;67.78499704119987;Inf;Inf
4072.0;67.78338169208048;Inf;Inf
4073.0;67.7817667675057;Inf;Inf
4074.0;67.78015226729707;Inf;Inf
4075.0;67.77853819127623;Inf;Inf
4076.0;67.77692453926491;Inf;Inf
4077.0;67.775311311085;Inf;Inf
4078.0;67.7736985065585;Inf;Inf
4079.0;67.77208612550747;Inf;Inf
4080.0;67.77047416775416;Inf;Inf
4081.0;67.76886263312092;Inf;Inf
4082.0;67.76725152143017;Inf;Inf
4083.0;67.76564083250453;Inf;Inf
4084.0;67.76403056616664;Inf;Inf
4085.0;67.76242072223936;Inf;Inf
4086.0;67.76081130054557;Inf;Inf
4087.0;67.7592023009083;Inf;Inf
4088.0;67.75759372315075;Inf;Inf
4089.0;67.75598556709616;Inf;Inf
4090.0;67.75437783256793;Inf;Inf
4091.0;67.75277051938953;Inf;Inf
4092.0;67.75116362738461;Inf;Inf
4093.0;67.7495571563769;Inf;Inf
4094.0;67.74795110619024;Inf;Inf
4095.0;67.7463454766486;Inf;Inf
4096.0;67.74474026757605;Inf;Inf
4097.0;67.74313547879679;Inf;Inf
4098.0;67.74153111013514;Inf;Inf
4099.0;67.73992716141552;Inf;Inf
4100.0;67.73832363246248;Inf;Inf
4101.0;67.73672052310066;Inf;Inf
4102.0;67.73511783315482;Inf;Inf
4103.0;67.73351556244984;Inf;Inf
4104.0;67.73191371081076;Inf;Inf
4105.0;67.7303122780627;Inf;Inf
4106.0;67.72871126403082;Inf;Inf
4107.0;67.7271106685405;Inf;Inf
4108.0;67.72551049141721;Inf;Inf
4109.0;67.72391073248652;Inf;Inf
4110.0;67.72231139157407;Inf;Inf
4111.0;67.72071246850572;Inf;Inf
4112.0;67.71911396310735;Inf;Inf
4113.0;67.71751587520497;Inf;Inf
4114.0;67.71591820462473;Inf;Inf
4115.0;67.71432095119292;Inf;Inf
4116.0;67.71272411473586;Inf;Inf
4117.0;67.71112769508007;Inf;Inf
4118.0;67.70953169205207;Inf;Inf
4119.0;67.70793610547864;Inf;Inf
4120.0;67.70634093518657;Inf;Inf
4121.0;67.70474618100278;Inf;Inf
4122.0;67.70315184275435;Inf;Inf
4123.0;67.70155792026841;Inf;Inf
4124.0;67.69996441337223;Inf;Inf
4125.0;67.6983713218932;Inf;Inf
4126.0;67.69677864565881;Inf;Inf
4127.0;67.69518638449665;Inf;Inf
4128.0;67.69359453823448;Inf;Inf
4129.0;67.6920031067001;Inf;Inf
4130.0;67.69041208972146;Inf;Inf
4131.0;67.68882148712662;Inf;Inf
4132.0;67.68723129874374;Inf;Inf
4133.0;67.68564152440109;Inf;Inf
4134.0;67.68405216392709;Inf;Inf
4135.0;67.68246321715021;Inf;Inf
4136.0;67.68087468389908;Inf;Inf
4137.0;67.67928656400244;Inf;Inf
4138.0;67.67769885728907;Inf;Inf
4139.0;67.67611156358798;Inf;Inf
4140.0;67.67452468272819;Inf;Inf
4141.0;67.67293821453889;Inf;Inf
4142.0;67.67135215884936;Inf;Inf
4143.0;67.66976651548897;Inf;Inf
4144.0;67.66818128428724;Inf;Inf
4145.0;67.66659646507377;Inf;Inf
4146.0;67.66501205767827;Inf;Inf
4147.0;67.66342806193062;Inf;Inf
4148.0;67.66184447766071;Inf;Inf
4149.0;67.66026130469861;Inf;Inf
4150.0;67.6586785428745;Inf;Inf
4151.0;67.65709619201864;Inf;Inf
4152.0;67.6555142519614;Inf;Inf
4153.0;67.65393272253331;Inf;Inf
4154.0;67.65235160356495;Inf;Inf
4155.0;67.65077089488702;Inf;Inf
4156.0;67.64919059633037;Inf;Inf
4157.0;67.64761070772589;Inf;Inf
4158.0;67.64603122890465;Inf;Inf
4159.0;67.6444521596978;Inf;Inf
4160.0;67.64287349993661;Inf;Inf
4161.0;67.64129524945244;Inf;Inf
4162.0;67.63971740807675;Inf;Inf
4163.0;67.63813997564115;Inf;Inf
4164.0;67.6365629519773;Inf;Inf
4165.0;67.63498633691705;Inf;Inf
4166.0;67.63341013029228;Inf;Inf
4167.0;67.63183433193502;Inf;Inf
4168.0;67.63025894167738;Inf;Inf
4169.0;67.62868395935165;Inf;Inf
4170.0;67.62710938479013;Inf;Inf
4171.0;67.62553521782529;Inf;Inf
4172.0;67.62396145828967;Inf;Inf
4173.0;67.62238810601598;Inf;Inf
4174.0;67.62081516083695;Inf;Inf
4175.0;67.6192426225855;Inf;Inf
4176.0;67.61767049109463;Inf;Inf
4177.0;67.61609876619742;Inf;Inf
4178.0;67.6145274477271;Inf;Inf
4179.0;67.61295653551696;Inf;Inf
4180.0;67.6113860294004;Inf;Inf
4181.0;67.60981592921104;Inf;Inf
4182.0;67.60824623478241;Inf;Inf
4183.0;67.60667694594831;Inf;Inf
4184.0;67.6051080625426;Inf;Inf
4185.0;67.60353958439919;Inf;Inf
4186.0;67.60197151135222;Inf;Inf
4187.0;67.60040384323581;Inf;Inf
4188.0;67.59883657988425;Inf;Inf
4189.0;67.59726972113192;Inf;Inf
4190.0;67.5957032668133;Inf;Inf
4191.0;67.59413721676302;Inf;Inf
4192.0;67.59257157081578;Inf;Inf
4193.0;67.59100632880637;Inf;Inf
4194.0;67.58944149056971;Inf;Inf
4195.0;67.58787705594082;Inf;Inf
4196.0;67.58631302475482;Inf;Inf
4197.0;67.58474939684699;Inf;Inf
4198.0;67.5831861720526;Inf;Inf
4199.0;67.58162335020715;Inf;Inf
4200.0;67.58006093114616;Inf;Inf
4201.0;67.57849891470528;Inf;Inf
4202.0;67.57693730072032;Inf;Inf
4203.0;67.5753760890271;Inf;Inf
4204.0;67.5738152794616;Inf;Inf
4205.0;67.57225487185988;Inf;Inf
4206.0;67.57069486605819;Inf;Inf
4207.0;67.56913526189273;Inf;Inf
4208.0;67.56757605919994;Inf;Inf
4209.0;67.5660172578163;Inf;Inf
4210.0;67.56445885757843;Inf;Inf
4211.0;67.56290085832302;Inf;Inf
4212.0;67.56134325988688;Inf;Inf
4213.0;67.55978606210692;Inf;Inf
4214.0;67.55822926482017;Inf;Inf
4215.0;67.55667286786374;Inf;Inf
4216.0;67.55511687107486;Inf;Inf
4217.0;67.55356127429087;Inf;Inf
4218.0;67.55200607734919;Inf;Inf
4219.0;67.55045128008739;Inf;Inf
4220.0;67.54889688234306;Inf;Inf
4221.0;67.54734288395396;Inf;Inf
4222.0;67.54578928475797;Inf;Inf
4223.0;67.54423608459302;Inf;Inf
4224.0;67.54268328329718;Inf;Inf
4225.0;67.54113088070861;Inf;Inf
4226.0;67.53957887666553;Inf;Inf
4227.0;67.53802727100636;Inf;Inf
4228.0;67.53647606356952;Inf;Inf
4229.0;67.53492525419362;Inf;Inf
4230.0;67.53337484271735;Inf;Inf
4231.0;67.53182482897942;Inf;Inf
4232.0;67.53027521281876;Inf;Inf
4233.0;67.52872599407435;Inf;Inf
4234.0;67.52717717258524;Inf;Inf
4235.0;67.52562874819066;Inf;Inf
4236.0;67.52408072072987;Inf;Inf
4237.0;67.52253309004227;Inf;Inf
4238.0;67.52098585596738;Inf;Inf
4239.0;67.51943901834477;Inf;Inf
4240.0;67.51789257701417;Inf;Inf
4241.0;67.51634653181532;Inf;Inf
4242.0;67.51480088258818;Inf;Inf
4243.0;67.5132556291727;Inf;Inf
4244.0;67.51171077140903;Inf;Inf
4245.0;67.51016630913736;Inf;Inf
4246.0;67.508622242198;Inf;Inf
4247.0;67.50707857043136;Inf;Inf
4248.0;67.50553529367797;Inf;Inf
4249.0;67.50399241177841;Inf;Inf
4250.0;67.50244992457341;Inf;Inf
4251.0;67.50090783190376;Inf;Inf
4252.0;67.49936613361042;Inf;Inf
4253.0;67.49782482953438;Inf;Inf
4254.0;67.49628391951677;Inf;Inf
4255.0;67.49474340339881;Inf;Inf
4256.0;67.49320328102178;Inf;Inf
4257.0;67.49166355222715;Inf;Inf
4258.0;67.4901242168564;Inf;Inf
4259.0;67.48858527475119;Inf;Inf
4260.0;67.4870467257532;Inf;Inf
4261.0;67.48550856970427;Inf;Inf
4262.0;67.48397080644632;Inf;Inf
4263.0;67.48243343582138;Inf;Inf
4264.0;67.48089645767155;Inf;Inf
4265.0;67.47935987183907;Inf;Inf
4266.0;67.47782367816625;Inf;Inf
4267.0;67.4762878764955;Inf;Inf
4268.0;67.47475246666939;Inf;Inf
4269.0;67.47321744853046;Inf;Inf
4270.0;67.47168282192149;Inf;Inf
4271.0;67.47014858668528;Inf;Inf
4272.0;67.46861474266474;Inf;Inf
4273.0;67.4670812897029;Inf;Inf
4274.0;67.46554822764287;Inf;Inf
4275.0;67.46401555632785;Inf;Inf
4276.0;67.46248327560117;Inf;Inf
4277.0;67.46095138530625;Inf;Inf
4278.0;67.4594198852866;Inf;Inf
4279.0;67.4578887753858;Inf;Inf
4280.0;67.45635805544757;Inf;Inf
4281.0;67.45482772531574;Inf;Inf
4282.0;67.45329778483419;Inf;Inf
4283.0;67.45176823384696;Inf;Inf
4284.0;67.45023907219814;Inf;Inf
4285.0;67.4487102997319;Inf;Inf
4286.0;67.44718191629259;Inf;Inf
4287.0;67.44565392172456;Inf;Inf
4288.0;67.44412631587232;Inf;Inf
4289.0;67.44259909858047;Inf;Inf
4290.0;67.44107226969369;Inf;Inf
4291.0;67.43954582905678;Inf;Inf
4292.0;67.43801977651462;Inf;Inf
4293.0;67.4364941119122;Inf;Inf
4294.0;67.4349688350946;Inf;Inf
4295.0;67.43344394590696;Inf;Inf
4296.0;67.4319194441946;Inf;Inf
4297.0;67.4303953298029;Inf;Inf
4298.0;67.42887160257732;Inf;Inf
4299.0;67.42734826236342;Inf;Inf
4300.0;67.42582530900685;Inf;Inf
4301.0;67.42430274235339;Inf;Inf
4302.0;67.4227805622489;Inf;Inf
4303.0;67.42125876853935;Inf;Inf
4304.0;67.41973736107073;Inf;Inf
4305.0;67.41821633968925;Inf;Inf
4306.0;67.41669570424115;Inf;Inf
4307.0;67.41517545457275;Inf;Inf
4308.0;67.41365559053048;Inf;Inf
4309.0;67.41213611196092;Inf;Inf
4310.0;67.41061701871065;Inf;Inf
4311.0;67.40909831062642;Inf;Inf
4312.0;67.40757998755505;Inf;Inf
4313.0;67.40606204934342;Inf;Inf
4314.0;67.4045444958386;Inf;Inf
4315.0;67.40302732688767;Inf;Inf
4316.0;67.40151054233785;Inf;Inf
4317.0;67.39999414203645;Inf;Inf
4318.0;67.39847812583082;Inf;Inf
4319.0;67.3969624935685;Inf;Inf
4320.0;67.39544724509706;Inf;Inf
4321.0;67.3939323802642;Inf;Inf
4322.0;67.39241789891767;Inf;Inf
4323.0;67.39090380090536;Inf;Inf
4324.0;67.38939008607522;Inf;Inf
4325.0;67.38787675427535;Inf;Inf
4326.0;67.38636380535388;Inf;Inf
4327.0;67.38485123915909;Inf;Inf
4328.0;67.3833390555393;Inf;Inf
4329.0;67.38182725434295;Inf;Inf
4330.0;67.38031583541861;Inf;Inf
4331.0;67.37880479861487;Inf;Inf
4332.0;67.37729414378046;Inf;Inf
4333.0;67.37578387076427;Inf;Inf
4334.0;67.37427397941514;Inf;Inf
4335.0;67.37276446958208;Inf;Inf
4336.0;67.37125534111424;Inf;Inf
4337.0;67.36974659386078;Inf;Inf
4338.0;67.36823822767101;Inf;Inf
4339.0;67.36673024239431;Inf;Inf
4340.0;67.36522263788015;Inf;Inf
4341.0;67.36371541397813;Inf;Inf
4342.0;67.36220857053792;Inf;Inf
4343.0;67.36070210740922;Inf;Inf
4344.0;67.35919602444196;Inf;Inf
4345.0;67.35769032148603;Inf;Inf
4346.0;67.35618499839153;Inf;Inf
4347.0;67.35468005500852;Inf;Inf
4348.0;67.35317549118726;Inf;Inf
4349.0;67.3516713067781;Inf;Inf
4350.0;67.35016750163143;Inf;Inf
4351.0;67.34866407559772;Inf;Inf
4352.0;67.34716102852764;Inf;Inf
4353.0;67.34565836027184;Inf;Inf
4354.0;67.34415607068112;Inf;Inf
4355.0;67.34265415960633;Inf;Inf
4356.0;67.34115262689848;Inf;Inf
4357.0;67.3396514724086;Inf;Inf
4358.0;67.33815069598786;Inf;Inf
4359.0;67.33665029748752;Inf;Inf
4360.0;67.33515027675891;Inf;Inf
4361.0;67.33365063365345;Inf;Inf
4362.0;67.33215136802266;Inf;Inf
4363.0;67.33065247971817;Inf;Inf
4364.0;67.32915396859171;Inf;Inf
4365.0;67.32765583449506;Inf;Inf
4366.0;67.32615807728008;Inf;Inf
4367.0;67.3246606967988;Inf;Inf
4368.0;67.3231636929033;Inf;Inf
4369.0;67.32166706544571;Inf;Inf
4370.0;67.32017081427831;Inf;Inf
4371.0;67.31867493925344;Inf;Inf
4372.0;67.31717944022354;Inf;Inf
4373.0;67.31568431704116;Inf;Inf
4374.0;67.31418956955893;Inf;Inf
4375.0;67.31269519762954;Inf;Inf
4376.0;67.31120120110582;Inf;Inf
4377.0;67.30970757984065;Inf;Inf
4378.0;67.30821433368703;Inf;Inf
4379.0;67.30672146249803;Inf;Inf
4380.0;67.30522896612682;Inf;Inf
4381.0;67.30373684442668;Inf;Inf
4382.0;67.30224509725095;Inf;Inf
4383.0;67.30075372445307;Inf;Inf
4384.0;67.29926272588655;Inf;Inf
4385.0;67.29777210140504;Inf;Inf
4386.0;67.29628185086229;Inf;Inf
4387.0;67.29479197411203;Inf;Inf
4388.0;67.2933024710082;Inf;Inf
4389.0;67.29181334140479;Inf;Inf
4390.0;67.29032458515584;Inf;Inf
4391.0;67.28883620211553;Inf;Inf
4392.0;67.28734819213813;Inf;Inf
4393.0;67.28586055507795;Inf;Inf
4394.0;67.28437329078945;Inf;Inf
4395.0;67.28288639912715;Inf;Inf
4396.0;67.28139987994567;Inf;Inf
4397.0;67.27991373309969;Inf;Inf
4398.0;67.27842795844404;Inf;Inf
4399.0;67.27694255583356;Inf;Inf
4400.0;67.27545752512323;Inf;Inf
4401.0;67.27397286616814;Inf;Inf
4402.0;67.2724885788234;Inf;Inf
4403.0;67.27100466294426;Inf;Inf
4404.0;67.26952111838608;Inf;Inf
4405.0;67.26803794500422;Inf;Inf
4406.0;67.26655514265425;Inf;Inf
4407.0;67.26507271119172;Inf;Inf
4408.0;67.26359065047232;Inf;Inf
4409.0;67.26210896035182;Inf;Inf
4410.0;67.26062764068608;Inf;Inf
4411.0;67.25914669133107;Inf;Inf
4412.0;67.25766611214279;Inf;Inf
4413.0;67.25618590297739;Inf;Inf
4414.0;67.25470606369109;Inf;Inf
4415.0;67.25322659414019;Inf;Inf
4416.0;67.25174749418106;Inf;Inf
4417.0;67.25026876367018;Inf;Inf
4418.0;67.24879040246414;Inf;Inf
4419.0;67.24731241041958;Inf;Inf
4420.0;67.24583478739325;Inf;Inf
4421.0;67.24435753324198;Inf;Inf
4422.0;67.24288064782267;Inf;Inf
4423.0;67.24140413099236;Inf;Inf
4424.0;67.23992798260811;Inf;Inf
4425.0;67.23845220252711;Inf;Inf
4426.0;67.23697679060663;Inf;Inf
4427.0;67.23550174670402;Inf;Inf
4428.0;67.23402707067673;Inf;Inf
4429.0;67.23255276238228;Inf;Inf
4430.0;67.23107882167831;Inf;Inf
4431.0;67.2296052484225;Inf;Inf
4432.0;67.22813204247267;Inf;Inf
4433.0;67.22665920368667;Inf;Inf
4434.0;67.22518673192248;Inf;Inf
4435.0;67.22371462703815;Inf;Inf
4436.0;67.22224288889181;Inf;Inf
4437.0;67.2207715173417;Inf;Inf
4438.0;67.21930051224612;Inf;Inf
4439.0;67.21782987346346;Inf;Inf
4440.0;67.21635960085223;Inf;Inf
4441.0;67.214889694271;Inf;Inf
4442.0;67.2134201535784;Inf;Inf
4443.0;67.2119509786332;Inf;Inf
4444.0;67.21048216929421;Inf;Inf
4445.0;67.20901372542036;Inf;Inf
4446.0;67.20754564687066;Inf;Inf
4447.0;67.20607793350418;Inf;Inf
4448.0;67.2046105851801;Inf;Inf
4449.0;67.2031436017577;Inf;Inf
4450.0;67.20167698309632;Inf;Inf
4451.0;67.20021072905536;Inf;Inf
4452.0;67.19874483949437;Inf;Inf
4453.0;67.19727931427295;Inf;Inf
4454.0;67.19581415325078;Inf;Inf
4455.0;67.19434935628763;Inf;Inf
4456.0;67.19288492324334;Inf;Inf
4457.0;67.1914208539779;Inf;Inf
4458.0;67.18995714835131;Inf;Inf
4459.0;67.1884938062237;Inf;Inf
4460.0;67.18703082745526;Inf;Inf
4461.0;67.1855682119063;Inf;Inf
4462.0;67.18410595943715;Inf;Inf
4463.0;67.18264406990826;Inf;Inf
4464.0;67.18118254318021;Inf;Inf
4465.0;67.17972137911362;Inf;Inf
4466.0;67.17826057756918;Inf;Inf
4467.0;67.17680013840766;Inf;Inf
4468.0;67.17534006148999;Inf;Inf
4469.0;67.17388034667711;Inf;Inf
4470.0;67.17242099383007;Inf;Inf
4471.0;67.17096200280999;Inf;Inf
4472.0;67.16950337347808;Inf;Inf
4473.0;67.16804510569565;Inf;Inf
4474.0;67.16658719932411;Inf;Inf
4475.0;67.1651296542249;Inf;Inf
4476.0;67.16367247025957;Inf;Inf
4477.0;67.16221564728977;Inf;Inf
4478.0;67.16075918517721;Inf;Inf
4479.0;67.15930308378368;Inf;Inf
4480.0;67.1578473429711;Inf;Inf
4481.0;67.1563919626014;Inf;Inf
4482.0;67.15493694253668;Inf;Inf
4483.0;67.15348228263906;Inf;Inf
4484.0;67.15202798277076;Inf;Inf
4485.0;67.15057404279405;Inf;Inf
4486.0;67.14912046257137;Inf;Inf
4487.0;67.1476672419652;Inf;Inf
4488.0;67.14621438083802;Inf;Inf
4489.0;67.14476187905255;Inf;Inf
4490.0;67.14330973647144;Inf;Inf
4491.0;67.14185795295757;Inf;Inf
4492.0;67.14040652837376;Inf;Inf
4493.0;67.138955462583;Inf;Inf
4494.0;67.13750475544838;Inf;Inf
4495.0;67.13605440683295;Inf;Inf
4496.0;67.13460441660001;Inf;Inf
4497.0;67.13315478461283;Inf;Inf
4498.0;67.13170551073479;Inf;Inf
4499.0;67.13025659482936;Inf;Inf
4500.0;67.12880803676009;Inf;Inf
4501.0;67.1273598363906;Inf;Inf
4502.0;67.12591199358458;Inf;Inf
4503.0;67.12446450820589;Inf;Inf
4504.0;67.12301738011836;Inf;Inf
4505.0;67.12157060918594;Inf;Inf
4506.0;67.12012419527271;Inf;Inf
4507.0;67.11867813824276;Inf;Inf
4508.0;67.1172324379603;Inf;Inf
4509.0;67.11578709428962;Inf;Inf
4510.0;67.11434210709507;Inf;Inf
4511.0;67.11289747624113;Inf;Inf
4512.0;67.11145320159234;Inf;Inf
4513.0;67.11000928301327;Inf;Inf
4514.0;67.10856572036863;Inf;Inf
4515.0;67.10712251352321;Inf;Inf
4516.0;67.10567966234186;Inf;Inf
4517.0;67.1042371666895;Inf;Inf
4518.0;67.10279502643118;Inf;Inf
4519.0;67.10135324143198;Inf;Inf
4520.0;67.09991181155708;Inf;Inf
4521.0;67.09847073667174;Inf;Inf
4522.0;67.09703001664133;Inf;Inf
4523.0;67.09558965133125;Inf;Inf
4524.0;67.09414964060701;Inf;Inf
4525.0;67.0927099843342;Inf;Inf
4526.0;67.09127068237851;Inf;Inf
4527.0;67.08983173460564;Inf;Inf
4528.0;67.08839314088144;Inf;Inf
4529.0;67.0869549010718;Inf;Inf
4530.0;67.08551701504277;Inf;Inf
4531.0;67.08407948266033;Inf;Inf
4532.0;67.08264230379069;Inf;Inf
4533.0;67.08120547830008;Inf;Inf
4534.0;67.07976900605476;Inf;Inf
4535.0;67.07833288692117;Inf;Inf
4536.0;67.07689712076578;Inf;Inf
4537.0;67.07546170745509;Inf;Inf
4538.0;67.0740266468558;Inf;Inf
4539.0;67.07259193883456;Inf;Inf
4540.0;67.0711575832582;Inf;Inf
4541.0;67.06972357999355;Inf;Inf
4542.0;67.06828992890757;Inf;Inf
4543.0;67.06685662986732;Inf;Inf
4544.0;67.06542368273989;Inf;Inf
4545.0;67.06399108739247;Inf;Inf
4546.0;67.0625588436923;Inf;Inf
4547.0;67.06112695150675;Inf;Inf
4548.0;67.05969541070326;Inf;Inf
4549.0;67.0582642211493;Inf;Inf
4550.0;67.05683338271248;Inf;Inf
4551.0;67.05540289526044;Inf;Inf
4552.0;67.05397275866098;Inf;Inf
4553.0;67.05254297278184;Inf;Inf
4554.0;67.05111353749096;Inf;Inf
4555.0;67.04968445265631;Inf;Inf
4556.0;67.04825571814598;Inf;Inf
4557.0;67.04682733382806;Inf;Inf
4558.0;67.04539929957079;Inf;Inf
4559.0;67.04397161524247;Inf;Inf
4560.0;67.04254428071147;Inf;Inf
4561.0;67.0411172958462;Inf;Inf
4562.0;67.03969066051525;Inf;Inf
4563.0;67.03826437458719;Inf;Inf
4564.0;67.03683843793071;Inf;Inf
4565.0;67.03541285041455;Inf;Inf
4566.0;67.03398761190758;Inf;Inf
4567.0;67.03256272227875;Inf;Inf
4568.0;67.03113818139701;Inf;Inf
4569.0;67.02971398913147;Inf;Inf
4570.0;67.02829014535125;Inf;Inf
4571.0;67.02686664992561;Inf;Inf
4572.0;67.02544350272385;Inf;Inf
4573.0;67.02402070361535;Inf;Inf
4574.0;67.02259825246959;Inf;Inf
4575.0;67.02117614915609;Inf;Inf
4576.0;67.01975439354447;Inf;Inf
4577.0;67.01833298550447;Inf;Inf
4578.0;67.01691192490581;Inf;Inf
4579.0;67.01549121161838;Inf;Inf
4580.0;67.0140708455121;Inf;Inf
4581.0;67.01265082645698;Inf;Inf
4582.0;67.0112311543231;Inf;Inf
4583.0;67.0098118289806;Inf;Inf
4584.0;67.00839285029976;Inf;Inf
4585.0;67.00697421815084;Inf;Inf
4586.0;67.00555593240429;Inf;Inf
4587.0;67.00413799293054;Inf;Inf
4588.0;67.00272039960016;Inf;Inf
4589.0;67.00130315228377;Inf;Inf
4590.0;66.99988625085206;Inf;Inf
4591.0;66.9984696951758;Inf;Inf
4592.0;66.99705348512585;Inf;Inf
4593.0;66.99563762057313;Inf;Inf
4594.0;66.99422210138869;Inf;Inf
4595.0;66.99280692744354;Inf;Inf
4596.0;66.9913920986089;Inf;Inf
4597.0;66.98997761475596;Inf;Inf
4598.0;66.98856347575607;Inf;Inf
4599.0;66.98714968148059;Inf;Inf
4600.0;66.98573623180098;Inf;Inf
4601.0;66.9843231265888;Inf;Inf
4602.0;66.98291036571565;Inf;Inf
4603.0;66.98149794905325;Inf;Inf
4604.0;66.98008587647331;Inf;Inf
4605.0;66.97867414784771;Inf;Inf
4606.0;66.97726276304836;Inf;Inf
4607.0;66.97585172194725;Inf;Inf
4608.0;66.97444102441645;Inf;Inf
4609.0;66.97303067032813;Inf;Inf
4610.0;66.97162065955447;Inf;Inf
4611.0;66.97021099196779;Inf;Inf
4612.0;66.96880166744045;Inf;Inf
4613.0;66.96739268584491;Inf;Inf
4614.0;66.96598404705367;Inf;Inf
4615.0;66.96457575093936;Inf;Inf
4616.0;66.96316779737462;Inf;Inf
4617.0;66.96176018623223;Inf;Inf
4618.0;66.960352917385;Inf;Inf
4619.0;66.9589459907058;Inf;Inf
4620.0;66.95753940606764;Inf;Inf
4621.0;66.95613316334354;Inf;Inf
4622.0;66.9547272624066;Inf;Inf
4623.0;66.95332170313007;Inf;Inf
4624.0;66.95191648538722;Inf;Inf
4625.0;66.95051160905136;Inf;Inf
4626.0;66.9491070739959;Inf;Inf
4627.0;66.94770288009438;Inf;Inf
4628.0;66.94629902722033;Inf;Inf
4629.0;66.94489551524744;Inf;Inf
4630.0;66.94349234404936;Inf;Inf
4631.0;66.94208951349995;Inf;Inf
4632.0;66.94068702347303;Inf;Inf
4633.0;66.93928487384255;Inf;Inf
4634.0;66.93788306448255;Inf;Inf
4635.0;66.93648159526708;Inf;Inf
4636.0;66.93508046607033;Inf;Inf
4637.0;66.93367967676652;Inf;Inf
4638.0;66.93227922722998;Inf;Inf
4639.0;66.93087911733508;Inf;Inf
4640.0;66.92947934695627;Inf;Inf
4641.0;66.92807991596811;Inf;Inf
4642.0;66.92668082424517;Inf;Inf
4643.0;66.92528207166214;Inf;Inf
4644.0;66.92388365809376;Inf;Inf
4645.0;66.92248558341488;Inf;Inf
4646.0;66.92108784750042;Inf;Inf
4647.0;66.9196904502253;Inf;Inf
4648.0;66.91829339146459;Inf;Inf
4649.0;66.9168966710934;Inf;Inf
4650.0;66.91550028898692;Inf;Inf
4651.0;66.91410424502043;Inf;Inf
4652.0;66.91270853906924;Inf;Inf
4653.0;66.91131317100881;Inf;Inf
4654.0;66.90991814071458;Inf;Inf
4655.0;66.90852344806213;Inf;Inf
4656.0;66.90712909292706;Inf;Inf
4657.0;66.90573507518512;Inf;Inf
4658.0;66.90434139471202;Inf;Inf
4659.0;66.90294805138366;Inf;Inf
4660.0;66.90155504507594;Inf;Inf
4661.0;66.90016237566488;Inf;Inf
4662.0;66.8987700430265;Inf;Inf
4663.0;66.89737804703697;Inf;Inf
4664.0;66.89598638757249;Inf;Inf
4665.0;66.89459506450935;Inf;Inf
4666.0;66.8932040777239;Inf;Inf
4667.0;66.89181342709253;Inf;Inf
4668.0;66.89042311249177;Inf;Inf
4669.0;66.88903313379822;Inf;Inf
4670.0;66.88764349088848;Inf;Inf
4671.0;66.8862541836393;Inf;Inf
4672.0;66.8848652119274;Inf;Inf
4673.0;66.88347657562973;Inf;Inf
4674.0;66.88208827462313;Inf;Inf
4675.0;66.88070030878468;Inf;Inf
4676.0;66.87931267799141;Inf;Inf
4677.0;66.87792538212048;Inf;Inf
4678.0;66.87653842104909;Inf;Inf
4679.0;66.87515179465456;Inf;Inf
4680.0;66.87376550281422;Inf;Inf
4681.0;66.87237954540551;Inf;Inf
4682.0;66.87099392230593;Inf;Inf
4683.0;66.86960863339306;Inf;Inf
4684.0;66.86822367854455;Inf;Inf
4685.0;66.8668390576381;Inf;Inf
4686.0;66.86545477055152;Inf;Inf
4687.0;66.86407081716264;Inf;Inf
4688.0;66.8626871973494;Inf;Inf
4689.0;66.86130391098982;Inf;Inf
4690.0;66.85992095796195;Inf;Inf
4691.0;66.85853833814394;Inf;Inf
4692.0;66.857156051414;Inf;Inf
4693.0;66.85577409765041;Inf;Inf
4694.0;66.85439247673153;Inf;Inf
4695.0;66.8530111885358;Inf;Inf
4696.0;66.85163023294169;Inf;Inf
4697.0;66.85024960982777;Inf;Inf
4698.0;66.84886931907269;Inf;Inf
4699.0;66.84748936055514;Inf;Inf
4700.0;66.84610973415393;Inf;Inf
4701.0;66.84473043974786;Inf;Inf
4702.0;66.8433514772159;Inf;Inf
4703.0;66.841972846437;Inf;Inf
4704.0;66.84059454729022;Inf;Inf
4705.0;66.8392165796547;Inf;Inf
4706.0;66.83783894340965;Inf;Inf
4707.0;66.8364616384343;Inf;Inf
4708.0;66.83508466460803;Inf;Inf
4709.0;66.83370802181025;Inf;Inf
4710.0;66.83233170992037;Inf;Inf
4711.0;66.83095572881801;Inf;Inf
4712.0;66.82958007838278;Inf;Inf
4713.0;66.82820475849431;Inf;Inf
4714.0;66.82682976903241;Inf;Inf
4715.0;66.8254551098769;Inf;Inf
4716.0;66.82408078090766;Inf;Inf
4717.0;66.82270678200467;Inf;Inf
4718.0;66.82133311304797;Inf;Inf
4719.0;66.81995977391765;Inf;Inf
4720.0;66.81858676449387;Inf;Inf
4721.0;66.8172140846569;Inf;Inf
4722.0;66.81584173428703;Inf;Inf
4723.0;66.81446971326464;Inf;Inf
4724.0;66.8130980214702;Inf;Inf
4725.0;66.81172665878421;Inf;Inf
4726.0;66.81035562508727;Inf;Inf
4727.0;66.80898492026003;Inf;Inf
4728.0;66.80761454418322;Inf;Inf
4729.0;66.80624449673762;Inf;Inf
4730.0;66.80487477780412;Inf;Inf
4731.0;66.80350538726361;Inf;Inf
4732.0;66.80213632499712;Inf;Inf
4733.0;66.80076759088573;Inf;Inf
4734.0;66.79939918481055;Inf;Inf
4735.0;66.7980311066528;Inf;Inf
4736.0;66.79666335629373;Inf;Inf
4737.0;66.79529593361472;Inf;Inf
4738.0;66.79392883849717;Inf;Inf
4739.0;66.79256207082253;Inf;Inf
4740.0;66.79119563047237;Inf;Inf
4741.0;66.78982951732831;Inf;Inf
4742.0;66.78846373127203;Inf;Inf
4743.0;66.78709827218529;Inf;Inf
4744.0;66.78573313994988;Inf;Inf
4745.0;66.78436833444773;Inf;Inf
4746.0;66.78300385556075;Inf;Inf
4747.0;66.78163970317098;Inf;Inf
4748.0;66.78027587716052;Inf;Inf
4749.0;66.77891237741154;Inf;Inf
4750.0;66.77754920380625;Inf;Inf
4751.0;66.77618635622693;Inf;Inf
4752.0;66.77482383455596;Inf;Inf
4753.0;66.77346163867577;Inf;Inf
4754.0;66.77209976846886;Inf;Inf
4755.0;66.77073822381777;Inf;Inf
4756.0;66.76937700460516;Inf;Inf
4757.0;66.7680161107137;Inf;Inf
4758.0;66.76665554202619;Inf;Inf
4759.0;66.76529529842541;Inf;Inf
4760.0;66.76393537979433;Inf;Inf
4761.0;66.76257578601587;Inf;Inf
4762.0;66.76121651697308;Inf;Inf
4763.0;66.75985757254904;Inf;Inf
4764.0;66.75849895262695;Inf;Inf
4765.0;66.75714065709005;Inf;Inf
4766.0;66.7557826858216;Inf;Inf
4767.0;66.75442503870501;Inf;Inf
4768.0;66.7530677156237;Inf;Inf
4769.0;66.75171071646116;Inf;Inf
4770.0;66.75035404110098;Inf;Inf
4771.0;66.74899768942677;Inf;Inf
4772.0;66.74764166132229;Inf;Inf
4773.0;66.74628595667123;Inf;Inf
4774.0;66.74493057535747;Inf;Inf
4775.0;66.74357551726492;Inf;Inf
4776.0;66.74222078227751;Inf;Inf
4777.0;66.7408663702793;Inf;Inf
4778.0;66.73951228115442;Inf;Inf
4779.0;66.73815851478697;Inf;Inf
4780.0;66.73680507106123;Inf;Inf
4781.0;66.73545194986148;Inf;Inf
4782.0;66.73409915107209;Inf;Inf
4783.0;66.7327466745775;Inf;Inf
4784.0;66.73139452026219;Inf;Inf
4785.0;66.73004268801073;Inf;Inf
4786.0;66.72869117770774;Inf;Inf
4787.0;66.72733998923792;Inf;Inf
4788.0;66.72598912248606;Inf;Inf
4789.0;66.72463857733693;Inf;Inf
4790.0;66.72328835367546;Inf;Inf
4791.0;66.7219384513866;Inf;Inf
4792.0;66.72058887035537;Inf;Inf
4793.0;66.71923961046684;Inf;Inf
4794.0;66.71789067160621;Inf;Inf
4795.0;66.71654205365867;Inf;Inf
4796.0;66.71519375650949;Inf;Inf
4797.0;66.71384578004404;Inf;Inf
4798.0;66.71249812414773;Inf;Inf
4799.0;66.71115078870604;Inf;Inf
4800.0;66.70980377360449;Inf;Inf
4801.0;66.70845707872874;Inf;Inf
4802.0;66.70711070396443;Inf;Inf
4803.0;66.70576464919729;Inf;Inf
4804.0;66.70441891431315;Inf;Inf
4805.0;66.70307349919791;Inf;Inf
4806.0;66.70172840373742;Inf;Inf
4807.0;66.70038362781773;Inf;Inf
4808.0;66.69903917132488;Inf;Inf
4809.0;66.69769503414506;Inf;Inf
4810.0;66.69635121616442;Inf;Inf
4811.0;66.6950077172692;Inf;Inf
4812.0;66.69366453734575;Inf;Inf
4813.0;66.69232167628044;Inf;Inf
4814.0;66.69097913395979;Inf;Inf
4815.0;66.68963691027021;Inf;Inf
4816.0;66.68829500509834;Inf;Inf
4817.0;66.6869534183308;Inf;Inf
4818.0;66.68561214985432;Inf;Inf
4819.0;66.68427119955567;Inf;Inf
4820.0;66.68293056732166;Inf;Inf
4821.0;66.68159025303922;Inf;Inf
4822.0;66.6802502565953;Inf;Inf
4823.0;66.67891057787693;Inf;Inf
4824.0;66.67757121677124;Inf;Inf
4825.0;66.67623217316535;Inf;Inf
4826.0;66.6748934469465;Inf;Inf
4827.0;66.67355503800196;Inf;Inf
4828.0;66.67221694621905;Inf;Inf
4829.0;66.67087917148525;Inf;Inf
4830.0;66.66954171368796;Inf;Inf
4831.0;66.66820457271479;Inf;Inf
4832.0;66.66686774845331;Inf;Inf
4833.0;66.66553124079118;Inf;Inf
4834.0;66.66419504961613;Inf;Inf
4835.0;66.66285917481598;Inf;Inf
4836.0;66.66152361627856;Inf;Inf
4837.0;66.66018837389177;Inf;Inf
4838.0;66.65885344754365;Inf;Inf
4839.0;66.65751883712221;Inf;Inf
4840.0;66.65618454251556;Inf;Inf
4841.0;66.6548505636119;Inf;Inf
4842.0;66.65351690029944;Inf;Inf
4843.0;66.65218355246648;Inf;Inf
4844.0;66.65085052000138;Inf;Inf
4845.0;66.6495178027926;Inf;Inf
4846.0;66.64818540072856;Inf;Inf
4847.0;66.64685331369785;Inf;Inf
4848.0;66.64552154158912;Inf;Inf
4849.0;66.64419008429101;Inf;Inf
4850.0;66.64285894169223;Inf;Inf
4851.0;66.64152811368163;Inf;Inf
4852.0;66.64019760014804;Inf;Inf
4853.0;66.6388674009804;Inf;Inf
4854.0;66.6375375160677;Inf;Inf
4855.0;66.63620794529898;Inf;Inf
4856.0;66.63487868856339;Inf;Inf
4857.0;66.63354974575006;Inf;Inf
4858.0;66.63222111674827;Inf;Inf
4859.0;66.63089280144726;Inf;Inf
4860.0;66.62956479973646;Inf;Inf
4861.0;66.62823711150526;Inf;Inf
4862.0;66.62690973664313;Inf;Inf
4863.0;66.6255826750397;Inf;Inf
4864.0;66.6242559265845;Inf;Inf
4865.0;66.6229294911672;Inf;Inf
4866.0;66.6216033686776;Inf;Inf
4867.0;66.62027755900544;Inf;Inf
4868.0;66.61895206204063;Inf;Inf
4869.0;66.61762687767302;Inf;Inf
4870.0;66.61630200579265;Inf;Inf
4871.0;66.61497744628959;Inf;Inf
4872.0;66.61365319905387;Inf;Inf
4873.0;66.6123292639757;Inf;Inf
4874.0;66.61100564094531;Inf;Inf
4875.0;66.60968232985296;Inf;Inf
4876.0;66.60835933058905;Inf;Inf
4877.0;66.60703664304391;Inf;Inf
4878.0;66.60571426710813;Inf;Inf
4879.0;66.60439220267216;Inf;Inf
4880.0;66.60307044962663;Inf;Inf
4881.0;66.60174900786221;Inf;Inf
4882.0;66.60042787726958;Inf;Inf
4883.0;66.59910705773957;Inf;Inf
4884.0;66.59778654916299;Inf;Inf
4885.0;66.59646635143075;Inf;Inf
4886.0;66.59514646443381;Inf;Inf
4887.0;66.59382688806319;Inf;Inf
4888.0;66.59250762221002;Inf;Inf
4889.0;66.5911886667654;Inf;Inf
4890.0;66.58987002162054;Inf;Inf
4891.0;66.58855168666673;Inf;Inf
4892.0;66.5872336617953;Inf;Inf
4893.0;66.58591594689763;Inf;Inf
4894.0;66.58459854186515;Inf;Inf
4895.0;66.58328144658937;Inf;Inf
4896.0;66.58196466096192;Inf;Inf
4897.0;66.58064818487439;Inf;Inf
4898.0;66.57933201821847;Inf;Inf
4899.0;66.57801616088592;Inf;Inf
4900.0;66.57670061276852;Inf;Inf
4901.0;66.57538537375822;Inf;Inf
4902.0;66.5740704437469;Inf;Inf
4903.0;66.57275582262656;Inf;Inf
4904.0;66.57144151028925;Inf;Inf
4905.0;66.57012750662709;Inf;Inf
4906.0;66.5688138115323;Inf;Inf
4907.0;66.567500424897;Inf;Inf
4908.0;66.56618734661363;Inf;Inf
4909.0;66.56487457657444;Inf;Inf
4910.0;66.5635621146719;Inf;Inf
4911.0;66.56224996079841;Inf;Inf
4912.0;66.56093811484658;Inf;Inf
4913.0;66.55962657670896;Inf;Inf
4914.0;66.55831534627825;Inf;Inf
4915.0;66.55700442344713;Inf;Inf
4916.0;66.55569380810839;Inf;Inf
4917.0;66.55438350015484;Inf;Inf
4918.0;66.5530734994794;Inf;Inf
4919.0;66.55176380597497;Inf;Inf
4920.0;66.5504544195346;Inf;Inf
4921.0;66.54914534005138;Inf;Inf
4922.0;66.5478365674184;Inf;Inf
4923.0;66.54652810152888;Inf;Inf
4924.0;66.54521994227603;Inf;Inf
4925.0;66.54391208955322;Inf;Inf
4926.0;66.54260454325377;Inf;Inf
4927.0;66.54129730327111;Inf;Inf
4928.0;66.53999036949868;Inf;Inf
4929.0;66.53868374183014;Inf;Inf
4930.0;66.537377420159;Inf;Inf
4931.0;66.53607140437893;Inf;Inf
4932.0;66.53476569438371;Inf;Inf
4933.0;66.53346029006707;Inf;Inf
4934.0;66.53215519132284;Inf;Inf
4935.0;66.53085039804493;Inf;Inf
4936.0;66.5295459101273;Inf;Inf
4937.0;66.52824172746398;Inf;Inf
4938.0;66.52693784994904;Inf;Inf
4939.0;66.52563427747657;Inf;Inf
4940.0;66.52433100994082;Inf;Inf
4941.0;66.52302804723601;Inf;Inf
4942.0;66.52172538925643;Inf;Inf
4943.0;66.52042303589648;Inf;Inf
4944.0;66.51912098705058;Inf;Inf
4945.0;66.5178192426132;Inf;Inf
4946.0;66.51651780247887;Inf;Inf
4947.0;66.51521666654222;Inf;Inf
4948.0;66.51391583469788;Inf;Inf
4949.0;66.51261530684054;Inf;Inf
4950.0;66.51131508286504;Inf;Inf
4951.0;66.51001516266619;Inf;Inf
4952.0;66.5087155461389;Inf;Inf
4953.0;66.50741623317806;Inf;Inf
4954.0;66.50611722367874;Inf;Inf
4955.0;66.50481851753597;Inf;Inf
4956.0;66.50352011464486;Inf;Inf
4957.0;66.50222201490061;Inf;Inf
4958.0;66.50092421819845;Inf;Inf
4959.0;66.49962672443367;Inf;Inf
4960.0;66.49832953350163;Inf;Inf
4961.0;66.49703264529775;Inf;Inf
4962.0;66.49573605971746;Inf;Inf
4963.0;66.49443977665634;Inf;Inf
4964.0;66.49314379600995;Inf;Inf
4965.0;66.4918481176739;Inf;Inf
4966.0;66.49055274154392;Inf;Inf
4967.0;66.4892576675158;Inf;Inf
4968.0;66.48796289548528;Inf;Inf
4969.0;66.48666842534827;Inf;Inf
4970.0;66.48537425700071;Inf;Inf
4971.0;66.48408039033855;Inf;Inf
4972.0;66.48278682525785;Inf;Inf
4973.0;66.4814935616547;Inf;Inf
4974.0;66.48020059942525;Inf;Inf
4975.0;66.47890793846577;Inf;Inf
4976.0;66.47761557867247;Inf;Inf
4977.0;66.47632351994167;Inf;Inf
4978.0;66.47503176216979;Inf;Inf
4979.0;66.47374030525326;Inf;Inf
4980.0;66.47244914908858;Inf;Inf
4981.0;66.4711582935723;Inf;Inf
4982.0;66.46986773860104;Inf;Inf
4983.0;66.46857748407146;Inf;Inf
4984.0;66.46728752988028;Inf;Inf
4985.0;66.46599787592429;Inf;Inf
4986.0;66.46470852210032;Inf;Inf
4987.0;66.46341946830526;Inf;Inf
4988.0;66.46213071443609;Inf;Inf
4989.0;66.46084226038977;Inf;Inf
4990.0;66.45955410606338;Inf;Inf
4991.0;66.45826625135406;Inf;Inf
4992.0;66.456978696159;Inf;Inf
4993.0;66.45569144037536;Inf;Inf
4994.0;66.45440448390049;Inf;Inf
4995.0;66.45311782663174;Inf;Inf
4996.0;66.45183146846651;Inf;Inf
4997.0;66.45054540930225;Inf;Inf
4998.0;66.44925964903643;Inf;Inf
4999.0;66.44797418756667;Inf;Inf
5000.0;66.44668902479057;Inf;Inf
