[Header]
Application Name	LabSolutions
Version	5.113
Data File Name	C:\LabSolutions\Data\Andreas\250414_tauJB6Solubility150mMNaClpH7p4_4142025_2239_4152025_1330_7uMtau_700nMJB6_29h001_001_03.lcd
Output Date	5/27/2025
Output Time	8:22:12 AM

[File Information]
Type	Data File
Generated	4/16/2025 11:15:27 AM
Generated by	System Administrator
Modified	4/23/2025 4:13:24 PM
Modified by	System Administrator

[Sample Information]
Operator Name	System Administrator
Acquired	4/16/2025 11:16:07 AM
Sample Type	0:Unknown
Level	0
Sample Name	7uMtau_700nMJB6_29h001
Sample ID	001
ISTD Amount1	1
ISTD Amount2	1
ISTD Amount3	1
ISTD Amount4	1
ISTD Amount5	1
ISTD Amount6	1
ISTD Amount7	1
ISTD Amount8	1
ISTD Amount9	1
ISTD Amount10	1
ISTD Amount11	1
ISTD Amount12	1
ISTD Amount13	1
ISTD Amount14	1
ISTD Amount15	1
ISTD Amount16	1
ISTD Amount17	1
ISTD Amount18	1
ISTD Amount19	1
ISTD Amount20	1
ISTD Amount21	1
ISTD Amount22	1
ISTD Amount23	1
ISTD Amount24	1
ISTD Amount25	1
ISTD Amount26	1
ISTD Amount27	1
ISTD Amount28	1
ISTD Amount29	1
ISTD Amount30	1
ISTD Amount31	1
ISTD Amount32	1
Sample Amount	1
Dilution Factor	1
Vial#	F7
Injection Volume	40
Injection Count	0
Bar Code	

[Original Files]
Data File	C:\LabSolutions\Data\Andreas\250414_tauJB6Solubility150mMNaClpH7p4_4142025_2239_4152025_1330_7uMtau_700nMJB6_29h001_001_03.lcd
Method File	C:\LabSolutions\Data\Andreas\BioShell_Tau-fragment_MS_QC+Quant.lcm
Batch File	C:\LabSolutions\Data\Andreas\250414_tauJB6Solubility150mMNaClpH7p4_4142025_2239_4152025_1330.lcb
Report Format File	C:\LabSolutions\System\DEFAULT.lsr
Tuning File	C:\LabSolutions\Data\Max\Tuning 240115 no mz or resolution-max.lct

[File Description]


[Configuration]
Instrument Name	LCMSShimadzu
Instrument #	2
Line #	1
# of Detectors	2
Detector ID	Detector A	MS
Detector Name	Detector A	MS
# of Channels	2	1

[Peak Table(Detector A-Ch1)]
# of Peaks	24
Peak#	R.Time	I.Time	F.Time	Area	Height	A/H	Conc.	Mark	ID#	Name	k'	Plate #	Plate Ht.	Tailing	Resolution	Sep.Factor	Area Ratio	Height Ratio	Conc. %	Norm Conc.
1	0.523	0.500	0.698	3155	861	3.663	0.000	   			0.000	558	268.810	2.988	0.000	0.000	0	0	0.000	0.000
2	2.207	2.158	2.283	4680	1716	2.727	0.000	   			3.217	14056	10.672	1.241	20.646	0.000	0	0	0.000	0.000
3	2.622	2.587	2.650	1216	655	1.856	0.000	   			4.010	40179	3.733	0.930	6.547	1.247	0	0	0.000	0.000
4	3.025	2.993	3.067	6712	3831	1.752	0.000	   			4.780	65073	2.305	0.000	8.087	1.192	0	0	0.000	0.000
5	3.097	3.067	3.163	3804	1479	2.572	0.000	 V 			4.917	37537	3.996	0.000	1.287	1.029	0	0	0.000	0.000
6	3.322	3.285	3.322	9946	10483	0.949	0.000	   			5.347	0	0.000	0.000	0.000	1.087	0	0	0.000	0.000
7	3.350	3.322	3.390	77600	33990	2.283	0.000	 V 			5.401	44931	3.338	0.000	0.000	1.010	0	0	0.000	0.000
8	3.415	3.390	3.415	14129	14479	0.976	0.000	 V 			5.525	0	0.000	0.000	0.000	1.023	0	0	0.000	0.000
9	3.433	3.415	3.478	47890	22520	2.127	0.000	 V 			5.561	39084	3.838	0.000	0.000	1.006	0	0	0.000	0.000
10	3.518	3.478	3.518	21453	16002	1.341	0.000	 V 			5.723	0	0.000	0.000	0.000	1.029	0	0	0.000	0.000
11	3.562	3.518	3.570	271600	152455	1.782	0.000	 V 			5.806	4069	36.867	0.000	0.000	1.014	0	0	0.000	0.000
12	3.605	3.570	3.992	4620614	1675426	2.758	149.743	SV 	1	tau_205	5.889	43465	3.451	0.000	0.296	1.014	0	0	41.074	100.000
13	3.725	3.713	3.745	778	806	0.965	0.000	T  			6.118	251686	0.596	1.232	2.428	1.039	0	0	0.000	0.000
14	3.767	3.753	3.783	582	624	0.933	0.000	T  			6.197	307205	0.488	1.145	1.465	1.013	0	0	0.000	0.000
15	3.833	3.803	3.855	4274	2981	1.434	0.000	T  			6.325	137285	1.093	0.000	1.945	1.021	0	0	0.000	0.000
16	3.873	3.855	3.900	2697	1647	1.638	0.000	TV 			6.401	80766	1.857	0.000	0.834	1.012	0	0	0.000	0.000
17	3.942	3.907	3.988	13826	8358	1.654	0.000	T  			6.532	121765	1.232	1.255	1.371	1.020	0	0	0.000	0.000
18	4.353	4.327	4.380	1956	1284	1.524	0.000	   			7.318	168535	0.890	1.008	9.399	1.120	0	0	0.000	0.000
19	4.450	4.415	4.503	4650	2495	1.864	0.000	   			7.503	124980	1.200	1.188	2.084	1.025	0	0	0.000	0.000
20	4.882	4.805	4.900	6552	2237	2.929	0.000	   			8.328	8962	16.738	0.000	3.364	1.110	0	0	0.000	0.000
21	5.013	4.900	5.088	143253	40531	3.534	0.000	 V 			8.580	60940	2.461	0.000	0.916	1.030	0	0	0.000	0.000
22	5.135	5.088	5.163	59782	23897	2.502	0.000	 V 			8.812	75170	1.995	0.000	1.558	1.027	0	0	0.000	0.000
23	5.178	5.163	5.220	36240	15190	2.386	0.000	 V 			8.895	22754	6.592	0.000	0.408	1.009	0	0	0.000	0.000
24	5.220	5.220	5.278	7651	4973	1.539	0.000	 V 			8.975	241749	0.620	0.000	0.464	1.009	0	0	0.000	0.000

[Peak Table(Detector A-Ch2)]
# of Peaks	18
Peak#	R.Time	I.Time	F.Time	Area	Height	A/H	Conc.	Mark	ID#	Name	k'	Plate #	Plate Ht.	Tailing	Resolution	Sep.Factor	Area Ratio	Height Ratio	Conc. %	Norm Conc.
1	0.515	0.502	0.567	55	28	1.961	0.000	   			0.000	2734	54.872	2.438	0.000	0.000	0	0	0.000	0.000
2	1.227	1.127	1.275	106	27	3.881	0.000	   			1.382	3827	39.196	0.000	11.989	0.000	0	0	0.000	0.000
3	1.420	1.275	1.693	455	32	14.402	0.000	 V 			1.757	1194	125.584	0.000	1.587	1.272	0	0	0.000	0.000
4	2.128	2.078	2.200	105	39	2.723	0.000	   			3.133	14452	10.379	1.005	6.024	1.783	0	0	0.000	0.000
5	2.627	2.513	2.688	234	50	4.692	0.000	   			4.100	13771	10.893	0.767	6.216	1.309	0	0	0.000	0.000
6	3.027	2.997	3.090	253	136	1.857	0.000	   			4.877	65283	2.298	1.467	5.843	1.189	0	0	0.000	0.000
7	3.417	3.395	3.417	42	54	0.781	0.000	   			5.634	0	0.000	0.000	0.000	1.155	0	0	0.000	0.000
8	3.437	3.417	3.468	186	113	1.656	0.000	 V 			5.673	63466	2.363	0.000	0.000	1.007	0	0	0.000	0.000
9	3.515	3.482	3.517	75	60	1.258	0.000	   M			5.825	4	40627.154	0.000	0.021	1.027	0	0	0.000	0.000
10	3.605	3.517	3.812	38995	16521	2.360	214.823	 V M	2	tau_280	6.000	58900	2.547	1.256	0.024	1.030	0	0	58.926	100.000
11	3.875	3.858	3.897	24	19	1.268	0.000	   			6.524	195192	0.768	1.108	5.714	1.087	0	0	0.000	0.000
12	3.975	3.932	4.000	37	16	2.278	0.000	   			6.718	75238	1.994	0.798	2.149	1.030	0	0	0.000	0.000
13	4.137	4.087	4.230	44	10	4.201	0.000	   			7.032	42620	3.519	1.461	2.341	1.047	0	0	0.000	0.000
14	4.387	4.340	4.508	106	15	6.887	0.000	   			7.518	22193	6.759	1.836	2.526	1.069	0	0	0.000	0.000
15	4.882	4.800	4.893	98	43	2.276	0.000	   			8.479	3876	38.701	0.000	2.295	1.128	0	0	0.000	0.000
16	5.015	4.893	5.082	2513	652	3.854	0.000	 V 			8.738	54072	2.774	0.000	0.667	1.031	0	0	0.000	0.000
17	5.137	5.082	5.163	1279	509	2.512	0.000	 V 			8.974	71668	2.093	0.000	1.493	1.027	0	0	0.000	0.000
18	5.177	5.163	5.335	912	306	2.979	0.000	 V 			9.052	10917	13.741	0.000	0.291	1.009	0	0	0.000	0.000

[Compound Results(Detector A)]
# of IDs	2
ID#	Name	R.Time	Area	Height	Conc.	Curve	3rd	2nd	1st	Constant	Area Ratio	Height Ratio	Conc. %	Norm Conc.
1	tau_205	3.605	4620614	1675426	149.743	Linear	0.000000e+00	0.000000e+00	3.083937e+004	2.648347e+003	0	0	41.074	41.074
2	tau_280	3.605	38995	16521	214.823	Linear	0.000000e+00	0.000000e+00	1.814731e+002	1.094426e+001	0	0	58.926	58.926

[Group Results(Detector A)]
# of Groups	0

[LC Chromatogram(Detector A-Ch1)]
Interval(msec)	100
# of Points	9001
Start Time(min)	0.000
End Time(min)	15.000
Intensity Units	mAU
Intensity Multiplier	0.001
Wavelength(nm)	205nm
R.Time (min)	Intensity
0.00000	-1625
0.00167	-1625
0.00333	-1625
0.00500	0
0.00667	1
0.00833	4
0.01000	7
0.01167	11
0.01333	15
0.01500	17
0.01667	18
0.01833	19
0.02000	19
0.02167	18
0.02333	17
0.02500	-0
0.02667	-2
0.02833	-3
0.03000	-5
0.03167	-6
0.03333	-6
0.03500	-5
0.03667	-4
0.03833	-3
0.04000	-2
0.04167	-0
0.04333	1
0.04500	4
0.04667	5
0.04833	6
0.05000	7
0.05167	7
0.05333	6
0.05500	5
0.05667	4
0.05833	2
0.06000	1
0.06167	-1
0.06333	-3
0.06500	-5
0.06667	-6
0.06833	-7
0.07000	-8
0.07167	-10
0.07333	-12
0.07500	-16
0.07667	-20
0.07833	-26
0.08000	-32
0.08167	-36
0.08333	-39
0.08500	-41
0.08667	-42
0.08833	-43
0.09000	-44
0.09167	-44
0.09333	-45
0.09500	-45
0.09667	-46
0.09833	-48
0.10000	-50
0.10167	-54
0.10333	-58
0.10500	-62
0.10667	-66
0.10833	-69
0.11000	-73
0.11167	-76
0.11333	-79
0.11500	-81
0.11667	-83
0.11833	-85
0.12000	-86
0.12167	-87
0.12333	-88
0.12500	-89
0.12667	-89
0.12833	-89
0.13000	-90
0.13167	-91
0.13333	-93
0.13500	-97
0.13667	-101
0.13833	-106
0.14000	-110
0.14167	-113
0.14333	-116
0.14500	-119
0.14667	-122
0.14833	-124
0.15000	-125
0.15167	-125
0.15333	-125
0.15500	-125
0.15667	-125
0.15833	-126
0.16000	-128
0.16167	-129
0.16333	-131
0.16500	-133
0.16667	-134
0.16833	-135
0.17000	-136
0.17167	-137
0.17333	-138
0.17500	-138
0.17667	-139
0.17833	-140
0.18000	-141
0.18167	-142
0.18333	-144
0.18500	-145
0.18667	-146
0.18833	-148
0.19000	-150
0.19167	-152
0.19333	-155
0.19500	-158
0.19667	-161
0.19833	-164
0.20000	-167
0.20167	-169
0.20333	-172
0.20500	-174
0.20667	-175
0.20833	-175
0.21000	-174
0.21167	-171
0.21333	-169
0.21500	-167
0.21667	-165
0.21833	-163
0.22000	-161
0.22167	-162
0.22333	-166
0.22500	-176
0.22667	-189
0.22833	-209
0.23000	-477
0.23167	-1201
0.23333	-2442
0.23500	-4207
0.23667	-6486
0.23833	-9137
0.24000	-12176
0.24167	-15774
0.24333	-20099
0.24500	-25244
0.24667	-27330
0.24833	-23304
0.25000	-12675
0.25167	4266
0.25333	27080
0.25500	52016
0.25667	77339
0.25833	104244
0.26000	134359
0.26167	168933
0.26333	199143
0.26500	219108
0.26667	229662
0.26833	233136
0.27000	231626
0.27167	225132
0.27333	212956
0.27500	194734
0.27667	170284
0.27833	139557
0.28000	108219
0.28167	79328
0.28333	51501
0.28500	22581
0.28667	-9177
0.28833	-38392
0.29000	-61822
0.29167	-80834
0.29333	-97611
0.29500	-113958
0.29667	-128258
0.29833	-139578
0.30000	-148805
0.30167	-157062
0.30333	-165229
0.30500	-172679
0.30667	-179107
0.30833	-185006
0.31000	-190942
0.31167	-197344
0.31333	-203214
0.31500	-207954
0.31667	-211855
0.31833	-215356
0.32000	-218813
0.32167	-221069
0.32333	-221235
0.32500	-219306
0.32667	-215498
0.32833	-210036
0.33000	-203231
0.33167	-194967
0.33333	-184802
0.33500	-172331
0.33667	-157275
0.33833	-141519
0.34000	-125869
0.34167	-109456
0.34333	-91212
0.34500	-70319
0.34667	-49947
0.34833	-31808
0.35000	-14877
0.35167	2302
0.35333	20890
0.35500	37741
0.35667	50923
0.35833	61224
0.36000	69918
0.36167	78059
0.36333	84509
0.36500	88471
0.36667	90290
0.36833	90514
0.37000	89595
0.37167	87804
0.37333	85189
0.37500	81685
0.37667	77215
0.37833	71726
0.38000	65918
0.38167	60086
0.38333	53913
0.38500	47007
0.38667	39070
0.38833	31070
0.39000	23452
0.39167	15770
0.39333	7463
0.39500	-1899
0.39667	-11116
0.39833	-19591
0.40000	-27829
0.40167	-36486
0.40333	-46075
0.40500	-55362
0.40667	-63712
0.40833	-71635
0.41000	-79800
0.41167	-88733
0.41333	-97277
0.41500	-104820
0.41667	-111830
0.41833	-118930
0.42000	-126608
0.42167	-133897
0.42333	-140278
0.42500	-146158
0.42667	-152069
0.42833	-158432
0.43000	-164471
0.43167	-169776
0.43333	-174688
0.43500	-179649
0.43667	-185007
0.43833	-190133
0.44000	-194707
0.44167	-199022
0.44333	-203451
0.44500	-208283
0.44667	-212593
0.44833	-215789
0.45000	-218050
0.45167	-219708
0.45333	-221027
0.45500	-220029
0.45667	-215016
0.45833	-205596
0.46000	-191813
0.46167	-173833
0.46333	-154863
0.46500	-136541
0.46667	-118005
0.46833	-97986
0.47000	-75474
0.47167	-55145
0.47333	-39967
0.47500	-29159
0.47667	-21183
0.47833	-14718
0.48000	-9808
0.48167	-6484
0.48333	-4318
0.48500	-2871
0.48667	-1821
0.48833	-1070
0.49000	-566
0.49167	-222
0.49333	32
0.49500	246
0.49667	422
0.49833	561
0.50000	678
0.50167	788
0.50333	902
0.50500	1006
0.50667	1093
0.50833	1168
0.51000	1239
0.51167	1313
0.51333	1377
0.51500	1422
0.51667	1451
0.51833	1469
0.52000	1481
0.52167	1487
0.52333	1484
0.52500	1474
0.52667	1457
0.52833	1435
0.53000	1410
0.53167	1386
0.53333	1361
0.53500	1334
0.53667	1303
0.53833	1273
0.54000	1246
0.54167	1221
0.54333	1195
0.54500	1167
0.54667	1140
0.54833	1116
0.55000	1093
0.55167	1070
0.55333	1045
0.55500	1022
0.55667	1002
0.55833	985
0.56000	968
0.56167	951
0.56333	934
0.56500	919
0.56667	904
0.56833	889
0.57000	871
0.57167	853
0.57333	836
0.57500	818
0.57667	797
0.57833	774
0.58000	751
0.58167	731
0.58333	713
0.58500	695
0.58667	676
0.58833	657
0.59000	641
0.59167	625
0.59333	609
0.59500	591
0.59667	574
0.59833	560
0.60000	548
0.60167	536
0.60333	525
0.60500	514
0.60667	506
0.60833	499
0.61000	494
0.61167	488
0.61333	484
0.61500	479
0.61667	474
0.61833	468
0.62000	462
0.62167	455
0.62333	448
0.62500	442
0.62667	435
0.62833	427
0.63000	419
0.63167	413
0.63333	407
0.63500	401
0.63667	394
0.63833	389
0.64000	385
0.64167	382
0.64333	380
0.64500	379
0.64667	377
0.64833	374
0.65000	371
0.65167	366
0.65333	359
0.65500	352
0.65667	346
0.65833	339
0.66000	332
0.66167	324
0.66333	317
0.66500	312
0.66667	308
0.66833	306
0.67000	304
0.67167	303
0.67333	300
0.67500	296
0.67667	291
0.67833	285
0.68000	279
0.68167	273
0.68333	266
0.68500	259
0.68667	251
0.68833	243
0.69000	236
0.69167	230
0.69333	223
0.69500	217
0.69667	210
0.69833	205
0.70000	200
0.70167	195
0.70333	190
0.70500	185
0.70667	181
0.70833	178
0.71000	175
0.71167	172
0.71333	169
0.71500	167
0.71667	166
0.71833	165
0.72000	164
0.72167	164
0.72333	164
0.72500	165
0.72667	166
0.72833	168
0.73000	170
0.73167	172
0.73333	175
0.73500	178
0.73667	182
0.73833	186
0.74000	190
0.74167	194
0.74333	198
0.74500	202
0.74667	206
0.74833	210
0.75000	213
0.75167	216
0.75333	220
0.75500	224
0.75667	227
0.75833	231
0.76000	234
0.76167	239
0.76333	243
0.76500	246
0.76667	250
0.76833	253
0.77000	257
0.77167	261
0.77333	264
0.77500	267
0.77667	270
0.77833	273
0.78000	276
0.78167	277
0.78333	279
0.78500	280
0.78667	280
0.78833	280
0.79000	281
0.79167	281
0.79333	282
0.79500	282
0.79667	283
0.79833	285
0.80000	287
0.80167	290
0.80333	294
0.80500	298
0.80667	301
0.80833	304
0.81000	307
0.81167	310
0.81333	313
0.81500	316
0.81667	319
0.81833	321
0.82000	324
0.82167	327
0.82333	328
0.82500	328
0.82667	327
0.82833	325
0.83000	322
0.83167	319
0.83333	315
0.83500	309
0.83667	303
0.83833	295
0.84000	288
0.84167	281
0.84333	273
0.84500	264
0.84667	255
0.84833	247
0.85000	239
0.85167	230
0.85333	220
0.85500	211
0.85667	203
0.85833	195
0.86000	188
0.86167	180
0.86333	173
0.86500	166
0.86667	158
0.86833	151
0.87000	142
0.87167	134
0.87333	128
0.87500	123
0.87667	118
0.87833	113
0.88000	109
0.88167	104
0.88333	100
0.88500	95
0.88667	90
0.88833	84
0.89000	79
0.89167	73
0.89333	67
0.89500	60
0.89667	53
0.89833	48
0.90000	45
0.90167	42
0.90333	41
0.90500	40
0.90667	39
0.90833	40
0.91000	41
0.91167	43
0.91333	45
0.91500	47
0.91667	50
0.91833	53
0.92000	56
0.92167	59
0.92333	61
0.92500	62
0.92667	62
0.92833	61
0.93000	60
0.93167	59
0.93333	57
0.93500	54
0.93667	51
0.93833	49
0.94000	48
0.94167	48
0.94333	50
0.94500	52
0.94667	55
0.94833	58
0.95000	61
0.95167	64
0.95333	68
0.95500	71
0.95667	74
0.95833	76
0.96000	78
0.96167	81
0.96333	82
0.96500	82
0.96667	81
0.96833	79
0.97000	76
0.97167	72
0.97333	68
0.97500	62
0.97667	56
0.97833	49
0.98000	42
0.98167	37
0.98333	32
0.98500	29
0.98667	25
0.98833	23
0.99000	21
0.99167	20
0.99333	20
0.99500	21
0.99667	22
0.99833	23
1.00000	24
1.00167	26
1.00333	28
1.00500	30
1.00667	32
1.00833	35
1.01000	38
1.01167	42
1.01333	46
1.01500	48
1.01667	50
1.01833	50
1.02000	50
1.02167	49
1.02333	48
1.02500	46
1.02667	44
1.02833	42
1.03000	40
1.03167	38
1.03333	36
1.03500	34
1.03667	32
1.03833	30
1.04000	28
1.04167	26
1.04333	25
1.04500	23
1.04667	22
1.04833	20
1.05000	20
1.05167	20
1.05333	20
1.05500	20
1.05667	22
1.05833	24
1.06000	27
1.06167	31
1.06333	35
1.06500	39
1.06667	42
1.06833	46
1.07000	49
1.07167	53
1.07333	55
1.07500	56
1.07667	56
1.07833	56
1.08000	56
1.08167	55
1.08333	55
1.08500	54
1.08667	53
1.08833	53
1.09000	52
1.09167	51
1.09333	50
1.09500	48
1.09667	48
1.09833	48
1.10000	50
1.10167	53
1.10333	57
1.10500	62
1.10667	66
1.10833	70
1.11000	73
1.11167	76
1.11333	79
1.11500	80
1.11667	80
1.11833	79
1.12000	78
1.12167	76
1.12333	75
1.12500	76
1.12667	77
1.12833	80
1.13000	83
1.13167	86
1.13333	90
1.13500	94
1.13667	98
1.13833	102
1.14000	104
1.14167	105
1.14333	104
1.14500	102
1.14667	99
1.14833	98
1.15000	97
1.15167	97
1.15333	98
1.15500	98
1.15667	98
1.15833	98
1.16000	97
1.16167	95
1.16333	94
1.16500	92
1.16667	90
1.16833	88
1.17000	86
1.17167	85
1.17333	85
1.17500	88
1.17667	91
1.17833	97
1.18000	102
1.18167	106
1.18333	108
1.18500	110
1.18667	111
1.18833	111
1.19000	112
1.19167	112
1.19333	112
1.19500	111
1.19667	111
1.19833	112
1.20000	114
1.20167	117
1.20333	121
1.20500	124
1.20667	126
1.20833	128
1.21000	128
1.21167	127
1.21333	127
1.21500	126
1.21667	125
1.21833	125
1.22000	124
1.22167	124
1.22333	126
1.22500	129
1.22667	134
1.22833	140
1.23000	146
1.23167	150
1.23333	153
1.23500	156
1.23667	157
1.23833	159
1.24000	159
1.24167	160
1.24333	160
1.24500	160
1.24667	160
1.24833	160
1.25000	160
1.25167	160
1.25333	160
1.25500	160
1.25667	160
1.25833	160
1.26000	159
1.26167	159
1.26333	159
1.26500	159
1.26667	161
1.26833	163
1.27000	165
1.27167	168
1.27333	170
1.27500	171
1.27667	171
1.27833	170
1.28000	170
1.28167	169
1.28333	169
1.28500	170
1.28667	170
1.28833	171
1.29000	171
1.29167	171
1.29333	171
1.29500	170
1.29667	169
1.29833	167
1.30000	166
1.30167	164
1.30333	161
1.30500	159
1.30667	157
1.30833	156
1.31000	156
1.31167	157
1.31333	158
1.31500	159
1.31667	161
1.31833	162
1.32000	164
1.32167	166
1.32333	169
1.32500	173
1.32667	178
1.32833	184
1.33000	189
1.33167	194
1.33333	198
1.33500	201
1.33667	205
1.33833	208
1.34000	209
1.34167	209
1.34333	208
1.34500	206
1.34667	205
1.34833	204
1.35000	203
1.35167	203
1.35333	204
1.35500	205
1.35667	207
1.35833	211
1.36000	215
1.36167	220
1.36333	225
1.36500	230
1.36667	233
1.36833	236
1.37000	239
1.37167	241
1.37333	242
1.37500	242
1.37667	240
1.37833	239
1.38000	237
1.38167	237
1.38333	237
1.38500	239
1.38667	242
1.38833	245
1.39000	249
1.39167	253
1.39333	258
1.39500	265
1.39667	271
1.39833	276
1.40000	280
1.40167	285
1.40333	290
1.40500	295
1.40667	300
1.40833	306
1.41000	312
1.41167	319
1.41333	327
1.41500	333
1.41667	339
1.41833	345
1.42000	351
1.42167	358
1.42333	363
1.42500	369
1.42667	375
1.42833	382
1.43000	388
1.43167	394
1.43333	400
1.43500	406
1.43667	412
1.43833	418
1.44000	423
1.44167	427
1.44333	430
1.44500	433
1.44667	436
1.44833	440
1.45000	444
1.45167	448
1.45333	453
1.45500	458
1.45667	463
1.45833	467
1.46000	470
1.46167	474
1.46333	477
1.46500	480
1.46667	483
1.46833	485
1.47000	488
1.47167	490
1.47333	494
1.47500	499
1.47667	504
1.47833	511
1.48000	518
1.48167	525
1.48333	534
1.48500	543
1.48667	554
1.48833	565
1.49000	574
1.49167	582
1.49333	590
1.49500	598
1.49667	606
1.49833	613
1.50000	618
1.50167	624
1.50333	630
1.50500	636
1.50667	643
1.50833	651
1.51000	660
1.51167	671
1.51333	682
1.51500	692
1.51667	701
1.51833	710
1.52000	720
1.52167	729
1.52333	737
1.52500	743
1.52667	748
1.52833	753
1.53000	758
1.53167	762
1.53333	767
1.53500	772
1.53667	777
1.53833	783
1.54000	789
1.54167	796
1.54333	805
1.54500	815
1.54667	825
1.54833	834
1.55000	844
1.55167	853
1.55333	864
1.55500	874
1.55667	884
1.55833	893
1.56000	903
1.56167	913
1.56333	924
1.56500	935
1.56667	947
1.56833	960
1.57000	975
1.57167	991
1.57333	1004
1.57500	1015
1.57667	1027
1.57833	1039
1.58000	1050
1.58167	1060
1.58333	1070
1.58500	1080
1.58667	1090
1.58833	1101
1.59000	1112
1.59167	1122
1.59333	1133
1.59500	1146
1.59667	1159
1.59833	1169
1.60000	1179
1.60167	1188
1.60333	1198
1.60500	1208
1.60667	1219
1.60833	1231
1.61000	1245
1.61167	1262
1.61333	1279
1.61500	1295
1.61667	1311
1.61833	1329
1.62000	1349
1.62167	1367
1.62333	1384
1.62500	1399
1.62667	1413
1.62833	1429
1.63000	1444
1.63167	1457
1.63333	1470
1.63500	1484
1.63667	1499
1.63833	1514
1.64000	1529
1.64167	1544
1.64333	1561
1.64500	1581
1.64667	1601
1.64833	1619
1.65000	1636
1.65167	1653
1.65333	1672
1.65500	1691
1.65667	1708
1.65833	1724
1.66000	1741
1.66167	1759
1.66333	1777
1.66500	1794
1.66667	1809
1.66833	1826
1.67000	1844
1.67167	1862
1.67333	1879
1.67500	1895
1.67667	1913
1.67833	1932
1.68000	1952
1.68167	1969
1.68333	1986
1.68500	2003
1.68667	2023
1.68833	2041
1.69000	2057
1.69167	2072
1.69333	2087
1.69500	2104
1.69667	2120
1.69833	2135
1.70000	2150
1.70167	2166
1.70333	2185
1.70500	2203
1.70667	2220
1.70833	2236
1.71000	2253
1.71167	2272
1.71333	2291
1.71500	2308
1.71667	2324
1.71833	2341
1.72000	2360
1.72167	2379
1.72333	2396
1.72500	2412
1.72667	2429
1.72833	2449
1.73000	2467
1.73167	2485
1.73333	2501
1.73500	2519
1.73667	2538
1.73833	2557
1.74000	2575
1.74167	2593
1.74333	2614
1.74500	2637
1.74667	2660
1.74833	2681
1.75000	2702
1.75167	2723
1.75333	2748
1.75500	2772
1.75667	2793
1.75833	2813
1.76000	2834
1.76167	2857
1.76333	2880
1.76500	2901
1.76667	2922
1.76833	2944
1.77000	2970
1.77167	2994
1.77333	3017
1.77500	3038
1.77667	3060
1.77833	3084
1.78000	3107
1.78167	3127
1.78333	3147
1.78500	3166
1.78667	3188
1.78833	3210
1.79000	3230
1.79167	3250
1.79333	3273
1.79500	3298
1.79667	3323
1.79833	3346
1.80000	3370
1.80167	3395
1.80333	3423
1.80500	3451
1.80667	3476
1.80833	3500
1.81000	3525
1.81167	3552
1.81333	3579
1.81500	3602
1.81667	3625
1.81833	3648
1.82000	3674
1.82167	3699
1.82333	3721
1.82500	3744
1.82667	3767
1.82833	3793
1.83000	3819
1.83167	3843
1.83333	3866
1.83500	3891
1.83667	3918
1.83833	3945
1.84000	3970
1.84167	3994
1.84333	4019
1.84500	4047
1.84667	4074
1.84833	4098
1.85000	4123
1.85167	4148
1.85333	4176
1.85500	4204
1.85667	4229
1.85833	4254
1.86000	4280
1.86167	4309
1.86333	4338
1.86500	4363
1.86667	4388
1.86833	4414
1.87000	4442
1.87167	4470
1.87333	4497
1.87500	4523
1.87667	4550
1.87833	4582
1.88000	4612
1.88167	4641
1.88333	4669
1.88500	4698
1.88667	4730
1.88833	4761
1.89000	4787
1.89167	4812
1.89333	4836
1.89500	4862
1.89667	4887
1.89833	4910
1.90000	4933
1.90167	4958
1.90333	4986
1.90500	5013
1.90667	5040
1.90833	5067
1.91000	5096
1.91167	5129
1.91333	5160
1.91500	5189
1.91667	5216
1.91833	5244
1.92000	5274
1.92167	5303
1.92333	5330
1.92500	5357
1.92667	5385
1.92833	5416
1.93000	5447
1.93167	5477
1.93333	5506
1.93500	5537
1.93667	5572
1.93833	5606
1.94000	5636
1.94167	5663
1.94333	5690
1.94500	5719
1.94667	5747
1.94833	5772
1.95000	5798
1.95167	5824
1.95333	5853
1.95500	5883
1.95667	5911
1.95833	5939
1.96000	5970
1.96167	6005
1.96333	6039
1.96500	6069
1.96667	6098
1.96833	6126
1.97000	6158
1.97167	6188
1.97333	6217
1.97500	6245
1.97667	6275
1.97833	6309
1.98000	6342
1.98167	6374
1.98333	6406
1.98500	6440
1.98667	6478
1.98833	6514
1.99000	6546
1.99167	6574
1.99333	6603
1.99500	6633
1.99667	6663
1.99833	6689
2.00000	6715
2.00167	6741
2.00333	6771
2.00500	6800
2.00667	6827
2.00833	6854
2.01000	6884
2.01167	6917
2.01333	6949
2.01500	6979
2.01667	7008
2.01833	7039
2.02000	7074
2.02167	7107
2.02333	7137
2.02500	7165
2.02667	7194
2.02833	7226
2.03000	7256
2.03167	7281
2.03333	7305
2.03500	7328
2.03667	7352
2.03833	7376
2.04000	7399
2.04167	7421
2.04333	7446
2.04500	7474
2.04667	7501
2.04833	7528
2.05000	7554
2.05167	7583
2.05333	7615
2.05500	7647
2.05667	7676
2.05833	7703
2.06000	7732
2.06167	7764
2.06333	7794
2.06500	7820
2.06667	7845
2.06833	7869
2.07000	7895
2.07167	7920
2.07333	7943
2.07500	7966
2.07667	7990
2.07833	8017
2.08000	8044
2.08167	8071
2.08333	8099
2.08500	8130
2.08667	8165
2.08833	8199
2.09000	8230
2.09167	8258
2.09333	8288
2.09500	8319
2.09667	8350
2.09833	8378
2.10000	8407
2.10167	8436
2.10333	8470
2.10500	8503
2.10667	8534
2.10833	8566
2.11000	8601
2.11167	8639
2.11333	8677
2.11500	8710
2.11667	8741
2.11833	8773
2.12000	8807
2.12167	8839
2.12333	8869
2.12500	8896
2.12667	8924
2.12833	8954
2.13000	8983
2.13167	9011
2.13333	9038
2.13500	9067
2.13667	9100
2.13833	9132
2.14000	9162
2.14167	9190
2.14333	9221
2.14500	9254
2.14667	9287
2.14833	9316
2.15000	9343
2.15167	9371
2.15333	9402
2.15500	9433
2.15667	9463
2.15833	9494
2.16000	9529
2.16167	9569
2.16333	9610
2.16500	9650
2.16667	9692
2.16833	9738
2.17000	9792
2.17167	9848
2.17333	9908
2.17500	9974
2.17667	10050
2.17833	10139
2.18000	10235
2.18167	10336
2.18333	10449
2.18500	10580
2.18667	10734
2.18833	10888
2.19000	11029
2.19167	11167
2.19333	11311
2.19500	11471
2.19667	11618
2.19833	11735
2.20000	11828
2.20167	11909
2.20333	11987
2.20500	12050
2.20667	12089
2.20833	12108
2.21000	12112
2.21167	12105
2.21333	12091
2.21500	12070
2.21667	12043
2.21833	12009
2.22000	11967
2.22167	11923
2.22333	11882
2.22500	11841
2.22667	11797
2.22833	11748
2.23000	11701
2.23167	11660
2.23333	11624
2.23500	11588
2.23667	11551
2.23833	11517
2.24000	11490
2.24167	11469
2.24333	11451
2.24500	11434
2.24667	11420
2.24833	11412
2.25000	11407
2.25167	11405
2.25333	11406
2.25500	11409
2.25667	11415
2.25833	11424
2.26000	11436
2.26167	11452
2.26333	11470
2.26500	11488
2.26667	11508
2.26833	11530
2.27000	11556
2.27167	11582
2.27333	11607
2.27500	11631
2.27667	11656
2.27833	11685
2.28000	11713
2.28167	11740
2.28333	11767
2.28500	11795
2.28667	11827
2.28833	11859
2.29000	11888
2.29167	11916
2.29333	11946
2.29500	11980
2.29667	12012
2.29833	12042
2.30000	12071
2.30167	12101
2.30333	12134
2.30500	12167
2.30667	12198
2.30833	12228
2.31000	12260
2.31167	12296
2.31333	12331
2.31500	12361
2.31667	12390
2.31833	12418
2.32000	12450
2.32167	12480
2.32333	12507
2.32500	12533
2.32667	12561
2.32833	12591
2.33000	12621
2.33167	12649
2.33333	12676
2.33500	12705
2.33667	12738
2.33833	12770
2.34000	12798
2.34167	12824
2.34333	12851
2.34500	12880
2.34667	12908
2.34833	12933
2.35000	12958
2.35167	12984
2.35333	13012
2.35500	13040
2.35667	13067
2.35833	13094
2.36000	13122
2.36167	13155
2.36333	13186
2.36500	13214
2.36667	13241
2.36833	13267
2.37000	13297
2.37167	13325
2.37333	13350
2.37500	13373
2.37667	13396
2.37833	13422
2.38000	13447
2.38167	13470
2.38333	13494
2.38500	13519
2.38667	13548
2.38833	13576
2.39000	13602
2.39167	13627
2.39333	13653
2.39500	13682
2.39667	13710
2.39833	13737
2.40000	13765
2.40167	13795
2.40333	13829
2.40500	13862
2.40667	13892
2.40833	13920
2.41000	13950
2.41167	13982
2.41333	14013
2.41500	14040
2.41667	14066
2.41833	14092
2.42000	14120
2.42167	14148
2.42333	14174
2.42500	14200
2.42667	14228
2.42833	14260
2.43000	14291
2.43167	14320
2.43333	14347
2.43500	14376
2.43667	14408
2.43833	14439
2.44000	14468
2.44167	14496
2.44333	14527
2.44500	14561
2.44667	14595
2.44833	14627
2.45000	14657
2.45167	14690
2.45333	14726
2.45500	14761
2.45667	14794
2.45833	14825
2.46000	14858
2.46167	14895
2.46333	14930
2.46500	14963
2.46667	14994
2.46833	15027
2.47000	15064
2.47167	15099
2.47333	15131
2.47500	15161
2.47667	15192
2.47833	15226
2.48000	15260
2.48167	15290
2.48333	15319
2.48500	15349
2.48667	15381
2.48833	15413
2.49000	15441
2.49167	15467
2.49333	15494
2.49500	15522
2.49667	15550
2.49833	15576
2.50000	15601
2.50167	15627
2.50333	15656
2.50500	15684
2.50667	15708
2.50833	15731
2.51000	15754
2.51167	15779
2.51333	15802
2.51500	15823
2.51667	15843
2.51833	15863
2.52000	15885
2.52167	15909
2.52333	15936
2.52500	15967
2.52667	16004
2.52833	16048
2.53000	16093
2.53167	16138
2.53333	16184
2.53500	16235
2.53667	16293
2.53833	16348
2.54000	16392
2.54167	16428
2.54333	16461
2.54500	16492
2.54667	16518
2.54833	16534
2.55000	16543
2.55167	16546
2.55333	16546
2.55500	16544
2.55667	16543
2.55833	16544
2.56000	16547
2.56167	16551
2.56333	16558
2.56500	16568
2.56667	16583
2.56833	16601
2.57000	16625
2.57167	16649
2.57333	16671
2.57500	16694
2.57667	16717
2.57833	16744
2.58000	16771
2.58167	16798
2.58333	16828
2.58500	16861
2.58667	16900
2.58833	16940
2.59000	16983
2.59167	17029
2.59333	17082
2.59500	17144
2.59667	17207
2.59833	17269
2.60000	17332
2.60167	17403
2.60333	17483
2.60500	17563
2.60667	17638
2.60833	17714
2.61000	17795
2.61167	17886
2.61333	17971
2.61500	18041
2.61667	18099
2.61833	18151
2.62000	18204
2.62167	18247
2.62333	18274
2.62500	18288
2.62667	18292
2.62833	18288
2.63000	18280
2.63167	18267
2.63333	18252
2.63500	18232
2.63667	18208
2.63833	18186
2.64000	18168
2.64167	18154
2.64333	18143
2.64500	18133
2.64667	18129
2.64833	18135
2.65000	18151
2.65167	18178
2.65333	18215
2.65500	18258
2.65667	18307
2.65833	18366
2.66000	18437
2.66167	18521
2.66333	18602
2.66500	18668
2.66667	18723
2.66833	18772
2.67000	18821
2.67167	18858
2.67333	18874
2.67500	18870
2.67667	18850
2.67833	18817
2.68000	18780
2.68167	18743
2.68333	18706
2.68500	18666
2.68667	18622
2.68833	18583
2.69000	18555
2.69167	18537
2.69333	18526
2.69500	18520
2.69667	18518
2.69833	18523
2.70000	18534
2.70167	18550
2.70333	18572
2.70500	18595
2.70667	18618
2.70833	18643
2.71000	18670
2.71167	18700
2.71333	18730
2.71500	18757
2.71667	18783
2.71833	18809
2.72000	18838
2.72167	18865
2.72333	18889
2.72500	18909
2.72667	18930
2.72833	18951
2.73000	18972
2.73167	18990
2.73333	19006
2.73500	19023
2.73667	19042
2.73833	19060
2.74000	19079
2.74167	19099
2.74333	19122
2.74500	19149
2.74667	19176
2.74833	19200
2.75000	19225
2.75167	19251
2.75333	19280
2.75500	19307
2.75667	19331
2.75833	19353
2.76000	19375
2.76167	19398
2.76333	19422
2.76500	19446
2.76667	19472
2.76833	19501
2.77000	19535
2.77167	19570
2.77333	19603
2.77500	19636
2.77667	19671
2.77833	19711
2.78000	19748
2.78167	19779
2.78333	19806
2.78500	19831
2.78667	19858
2.78833	19881
2.79000	19898
2.79167	19912
2.79333	19923
2.79500	19934
2.79667	19943
2.79833	19952
2.80000	19961
2.80167	19972
2.80333	19983
2.80500	19996
2.80667	20009
2.80833	20023
2.81000	20039
2.81167	20058
2.81333	20076
2.81500	20093
2.81667	20108
2.81833	20123
2.82000	20139
2.82167	20155
2.82333	20170
2.82500	20185
2.82667	20201
2.82833	20218
2.83000	20235
2.83167	20250
2.83333	20265
2.83500	20281
2.83667	20298
2.83833	20315
2.84000	20331
2.84167	20348
2.84333	20366
2.84500	20386
2.84667	20406
2.84833	20424
2.85000	20441
2.85167	20459
2.85333	20478
2.85500	20497
2.85667	20516
2.85833	20535
2.86000	20555
2.86167	20579
2.86333	20603
2.86500	20625
2.86667	20648
2.86833	20672
2.87000	20699
2.87167	20726
2.87333	20750
2.87500	20774
2.87667	20799
2.87833	20826
2.88000	20853
2.88167	20879
2.88333	20904
2.88500	20932
2.88667	20962
2.88833	20992
2.89000	21019
2.89167	21044
2.89333	21070
2.89500	21098
2.89667	21126
2.89833	21153
2.90000	21179
2.90167	21207
2.90333	21239
2.90500	21269
2.90667	21297
2.90833	21323
2.91000	21350
2.91167	21378
2.91333	21406
2.91500	21432
2.91667	21457
2.91833	21483
2.92000	21511
2.92167	21539
2.92333	21564
2.92500	21587
2.92667	21612
2.92833	21638
2.93000	21664
2.93167	21686
2.93333	21708
2.93500	21729
2.93667	21753
2.93833	21776
2.94000	21799
2.94167	21822
2.94333	21847
2.94500	21876
2.94667	21906
2.94833	21936
2.95000	21968
2.95167	22005
2.95333	22047
2.95500	22091
2.95667	22136
2.95833	22184
2.96000	22238
2.96167	22301
2.96333	22361
2.96500	22410
2.96667	22451
2.96833	22488
2.97000	22525
2.97167	22555
2.97333	22572
2.97500	22578
2.97667	22576
2.97833	22567
2.98000	22556
2.98167	22548
2.98333	22542
2.98500	22537
2.98667	22533
2.98833	22534
2.99000	22543
2.99167	22560
2.99333	22585
2.99500	22619
2.99667	22667
2.99833	22736
3.00000	22831
3.00167	22955
3.00333	23109
3.00500	23292
3.00667	23511
3.00833	23779
3.01000	24107
3.01167	24504
3.01333	24899
3.01500	25252
3.01667	25582
3.01833	25916
3.02000	26277
3.02167	26577
3.02333	26754
3.02500	26818
3.02667	26792
3.02833	26699
3.03000	26560
3.03167	26381
3.03333	26158
3.03500	25882
3.03667	25548
3.03833	25228
3.04000	24963
3.04167	24742
3.04333	24542
3.04500	24342
3.04667	24171
3.04833	24045
3.05000	23955
3.05167	23887
3.05333	23830
3.05500	23787
3.05667	23759
3.05833	23744
3.06000	23737
3.06167	23736
3.06333	23741
3.06500	23751
3.06667	23766
3.06833	23788
3.07000	23816
3.07167	23853
3.07333	23905
3.07500	23975
3.07667	24064
3.07833	24175
3.08000	24292
3.08167	24412
3.08333	24539
3.08500	24683
3.08667	24848
3.08833	25000
3.09000	25117
3.09167	25204
3.09333	25273
3.09500	25334
3.09667	25375
3.09833	25389
3.10000	25377
3.10167	25343
3.10333	25290
3.10500	25235
3.10667	25186
3.10833	25141
3.11000	25099
3.11167	25054
3.11333	25015
3.11500	24987
3.11667	24968
3.11833	24954
3.12000	24943
3.12167	24934
3.12333	24925
3.12500	24914
3.12667	24902
3.12833	24887
3.13000	24871
3.13167	24854
3.13333	24837
3.13500	24817
3.13667	24794
3.13833	24772
3.14000	24756
3.14167	24743
3.14333	24733
3.14500	24723
3.14667	24716
3.14833	24711
3.15000	24709
3.15167	24709
3.15333	24710
3.15500	24712
3.15667	24715
3.15833	24720
3.16000	24725
3.16167	24732
3.16333	24742
3.16500	24755
3.16667	24773
3.16833	24797
3.17000	24826
3.17167	24859
3.17333	24898
3.17500	24946
3.17667	25003
3.17833	25071
3.18000	25143
3.18167	25214
3.18333	25288
3.18500	25371
3.18667	25466
3.18833	25556
3.19000	25631
3.19167	25695
3.19333	25755
3.19500	25816
3.19667	25868
3.19833	25904
3.20000	25927
3.20167	25939
3.20333	25946
3.20500	25948
3.20667	25946
3.20833	25941
3.21000	25932
3.21167	25921
3.21333	25910
3.21500	25901
3.21667	25894
3.21833	25889
3.22000	25883
3.22167	25881
3.22333	25882
3.22500	25887
3.22667	25897
3.22833	25910
3.23000	25928
3.23167	25952
3.23333	25984
3.23500	26023
3.23667	26072
3.23833	26124
3.24000	26177
3.24167	26234
3.24333	26298
3.24500	26372
3.24667	26444
3.24833	26506
3.25000	26561
3.25167	26616
3.25333	26673
3.25500	26727
3.25667	26776
3.25833	26823
3.26000	26872
3.26167	26926
3.26333	26980
3.26500	27036
3.26667	27095
3.26833	27162
3.27000	27239
3.27167	27315
3.27333	27381
3.27500	27441
3.27667	27502
3.27833	27566
3.28000	27628
3.28167	27683
3.28333	27736
3.28500	27790
3.28667	27849
3.28833	27929
3.29000	28046
3.29167	28207
3.29333	28418
3.29500	28682
3.29667	29017
3.29833	29456
3.30000	30026
3.30167	30748
3.30333	31633
3.30500	32539
3.30667	33392
3.30833	34236
3.31000	35133
3.31167	36132
3.31333	37015
3.31500	37642
3.31667	38044
3.31833	38289
3.32000	38436
3.32167	38565
3.32333	38735
3.32500	38972
3.32667	39288
3.32833	39687
3.33000	40326
3.33167	41361
3.33333	42866
3.33500	44874
3.33667	47395
3.33833	49932
3.34000	52205
3.34167	54318
3.34333	56448
3.34500	58738
3.34667	60650
3.34833	61816
3.35000	62297
3.35167	62245
3.35333	61798
3.35500	61064
3.35667	60070
3.35833	58788
3.36000	57181
3.36167	55226
3.36333	53240
3.36500	51389
3.36667	49579
3.36833	47671
3.37000	45556
3.37167	43565
3.37333	41887
3.37500	40425
3.37667	39032
3.37833	37589
3.38000	36311
3.38167	35328
3.38333	34576
3.38500	33955
3.38667	33386
3.38833	32996
3.39000	32885
3.39167	33040
3.39333	33425
3.39500	34006
3.39667	34706
3.39833	35505
3.40000	36440
3.40167	37554
3.40333	38876
3.40500	40097
3.40667	41020
3.40833	41684
3.41000	42180
3.41167	42588
3.41333	42950
3.41500	43303
3.41667	43687
3.41833	44129
3.42000	44649
3.42167	45258
3.42333	45991
3.42500	46897
3.42667	48014
3.42833	49366
3.43000	50534
3.43167	51236
3.43333	51490
3.43500	51386
3.43667	51009
3.43833	50389
3.44000	49505
3.44167	48321
3.44333	46808
3.44500	44946
3.44667	43136
3.44833	41615
3.45000	40314
3.45167	39105
3.45333	37879
3.45500	36810
3.45667	36008
3.45833	35416
3.46000	34950
3.46167	34543
3.46333	34211
3.46500	33965
3.46667	33779
3.46833	33626
3.47000	33484
3.47167	33369
3.47333	33289
3.47500	33238
3.47667	33207
3.47833	33186
3.48000	33209
3.48167	33301
3.48333	33470
3.48500	33714
3.48667	34032
3.48833	34397
3.49000	34806
3.49167	35280
3.49333	35844
3.49500	36514
3.49667	37201
3.49833	37863
3.50000	38537
3.50167	39270
3.50333	40100
3.50500	40899
3.50667	41598
3.50833	42237
3.51000	42875
3.51167	43556
3.51333	44190
3.51500	44725
3.51667	45196
3.51833	45648
3.52000	46122
3.52167	46748
3.52333	47657
3.52500	48918
3.52667	50569
3.52833	52631
3.53000	55344
3.53167	59033
3.53333	63939
3.53500	70222
3.53667	77971
3.53833	86225
3.54000	94597
3.54167	103543
3.54333	113615
3.54500	125230
3.54667	136272
3.54833	145496
3.55000	153389
3.55167	160755
3.55333	168255
3.55500	174553
3.55667	178758
3.55833	181151
3.56000	182236
3.56167	182446
3.56333	182143
3.56500	181522
3.56667	180646
3.56833	179523
3.57000	178182
3.57167	181533
3.57333	193701
3.57500	215757
3.57667	247714
3.57833	289331
3.58000	343374
3.58167	414758
3.58333	507939
3.58500	626092
3.58667	771036
3.58833	915398
3.59000	1043778
3.59167	1162389
3.59333	1281345
3.59500	1408903
3.59667	1520058
3.59833	1598531
3.60000	1648842
3.60167	1679648
3.60333	1698370
3.60500	1705762
3.60667	1701445
3.60833	1686496
3.61000	1662087
3.61167	1629118
3.61333	1589835
3.61500	1543974
3.61667	1489026
3.61833	1422562
3.62000	1342894
3.62167	1261100
3.62333	1182448
3.62500	1102630
3.62667	1016023
3.62833	918260
3.63000	825059
3.63167	745366
3.63333	674659
3.63500	606158
3.63667	534373
3.63833	469361
3.64000	417075
3.64167	374079
3.64333	335434
3.64500	297155
3.64667	263628
3.64833	237481
3.65000	216752
3.65167	198816
3.65333	181588
3.65500	166605
3.65667	154760
3.65833	145092
3.66000	136420
3.66167	127820
3.66333	120007
3.66500	113343
3.66667	107321
3.66833	101346
3.67000	94962
3.67167	89053
3.67333	84125
3.67500	79864
3.67667	75830
3.67833	71670
3.68000	67925
3.68167	64915
3.68333	62435
3.68500	60198
3.68667	57976
3.68833	56006
3.69000	54428
3.69167	53122
3.69333	51938
3.69500	50754
3.69667	49713
3.69833	48904
3.70000	48266
3.70167	47719
3.70333	47198
3.70500	46758
3.70667	46434
3.70833	46200
3.71000	46020
3.71167	45866
3.71333	45729
3.71500	45599
3.71667	45466
3.71833	45316
3.72000	45144
3.72167	44951
3.72333	44729
3.72500	44466
3.72667	44148
3.72833	43767
3.73000	43379
3.73167	43013
3.73333	42649
3.73500	42260
3.73667	41826
3.73833	41413
3.74000	41059
3.74167	40744
3.74333	40437
3.74500	40114
3.74667	39828
3.74833	39608
3.75000	39443
3.75167	39308
3.75333	39187
3.75500	39092
3.75667	39033
3.75833	39004
3.76000	38997
3.76167	39004
3.76333	38999
3.76500	38959
3.76667	38878
3.76833	38756
3.77000	38596
3.77167	38423
3.77333	38248
3.77500	38063
3.77667	37857
3.77833	37620
3.78000	37400
3.78167	37225
3.78333	37087
3.78500	36970
3.78667	36859
3.78833	36763
3.79000	36689
3.79167	36630
3.79333	36579
3.79500	36529
3.79667	36484
3.79833	36444
3.80000	36407
3.80167	36368
3.80333	36326
3.80500	36286
3.80667	36255
3.80833	36228
3.81000	36204
3.81167	36181
3.81333	36186
3.81500	36244
3.81667	36360
3.81833	36533
3.82000	36759
3.82167	37003
3.82333	37246
3.82500	37500
3.82667	37781
3.82833	38101
3.83000	38367
3.83167	38512
3.83333	38542
3.83500	38477
3.83667	38338
3.83833	38153
3.84000	37933
3.84167	37670
3.84333	37353
3.84500	36976
3.84667	36627
3.84833	36365
3.85000	36178
3.85167	36041
3.85333	35931
3.85500	35858
3.85667	35831
3.85833	35845
3.86000	35893
3.86167	35968
3.86333	36045
3.86500	36104
3.86667	36148
3.86833	36181
3.87000	36208
3.87167	36215
3.87333	36188
3.87500	36126
3.87667	36030
3.87833	35903
3.88000	35760
3.88167	35606
3.88333	35434
3.88500	35235
3.88667	35001
3.88833	34777
3.89000	34590
3.89167	34431
3.89333	34283
3.89500	34133
3.89667	34006
3.89833	33917
3.90000	33861
3.90167	33828
3.90333	33809
3.90500	33799
3.90667	33792
3.90833	33788
3.91000	33785
3.91167	33783
3.91333	33799
3.91500	33851
3.91667	33941
3.91833	34071
3.92000	34240
3.92167	34483
3.92333	34838
3.92500	35331
3.92667	35975
3.92833	36775
3.93000	37591
3.93167	38348
3.93333	39083
3.93500	39852
3.93667	40699
3.93833	41409
3.94000	41832
3.94167	41987
3.94333	41931
3.94500	41716
3.94667	41388
3.94833	40961
3.95000	40420
3.95167	39750
3.95333	38938
3.95500	38154
3.95667	37499
3.95833	36941
3.96000	36425
3.96167	35903
3.96333	35445
3.96500	35092
3.96667	34819
3.96833	34590
3.97000	34376
3.97167	34193
3.97333	34048
3.97500	33931
3.97667	33825
3.97833	33720
3.98000	33629
3.98167	33561
3.98333	33510
3.98500	33470
3.98667	33435
3.98833	33411
3.99000	33404
3.99167	33414
3.99333	33437
3.99500	33473
3.99667	33507
3.99833	33533
4.00000	33550
4.00167	33561
4.00333	33568
4.00500	33568
4.00667	33558
4.00833	33538
4.01000	33507
4.01167	33467
4.01333	33427
4.01500	33393
4.01667	33365
4.01833	33339
4.02000	33312
4.02167	33288
4.02333	33268
4.02500	33249
4.02667	33232
4.02833	33212
4.03000	33194
4.03167	33177
4.03333	33160
4.03500	33142
4.03667	33122
4.03833	33102
4.04000	33082
4.04167	33062
4.04333	33041
4.04500	33017
4.04667	32993
4.04833	32971
4.05000	32949
4.05167	32926
4.05333	32900
4.05500	32876
4.05667	32854
4.05833	32834
4.06000	32814
4.06167	32793
4.06333	32773
4.06500	32756
4.06667	32740
4.06833	32724
4.07000	32707
4.07167	32692
4.07333	32681
4.07500	32673
4.07667	32667
4.07833	32662
4.08000	32659
4.08167	32658
4.08333	32660
4.08500	32665
4.08667	32672
4.08833	32680
4.09000	32690
4.09167	32703
4.09333	32719
4.09500	32737
4.09667	32758
4.09833	32782
4.10000	32809
4.10167	32841
4.10333	32879
4.10500	32919
4.10667	32958
4.10833	32999
4.11000	33044
4.11167	33096
4.11333	33147
4.11500	33193
4.11667	33238
4.11833	33285
4.12000	33337
4.12167	33386
4.12333	33430
4.12500	33470
4.12667	33511
4.12833	33555
4.13000	33594
4.13167	33625
4.13333	33650
4.13500	33671
4.13667	33690
4.13833	33707
4.14000	33722
4.14167	33736
4.14333	33749
4.14500	33764
4.14667	33779
4.14833	33793
4.15000	33807
4.15167	33822
4.15333	33840
4.15500	33854
4.15667	33859
4.15833	33855
4.16000	33843
4.16167	33825
4.16333	33802
4.16500	33774
4.16667	33739
4.16833	33696
4.17000	33645
4.17167	33594
4.17333	33549
4.17500	33508
4.17667	33467
4.17833	33422
4.18000	33382
4.18167	33351
4.18333	33326
4.18500	33304
4.18667	33284
4.18833	33267
4.19000	33254
4.19167	33244
4.19333	33236
4.19500	33229
4.19667	33224
4.19833	33222
4.20000	33224
4.20167	33228
4.20333	33234
4.20500	33241
4.20667	33249
4.20833	33258
4.21000	33268
4.21167	33279
4.21333	33290
4.21500	33298
4.21667	33304
4.21833	33309
4.22000	33313
4.22167	33316
4.22333	33316
4.22500	33315
4.22667	33312
4.22833	33307
4.23000	33301
4.23167	33295
4.23333	33287
4.23500	33277
4.23667	33266
4.23833	33256
4.24000	33247
4.24167	33239
4.24333	33231
4.24500	33224
4.24667	33219
4.24833	33217
4.25000	33220
4.25167	33226
4.25333	33235
4.25500	33246
4.25667	33257
4.25833	33270
4.26000	33285
4.26167	33302
4.26333	33319
4.26500	33336
4.26667	33353
4.26833	33372
4.27000	33393
4.27167	33416
4.27333	33441
4.27500	33469
4.27667	33503
4.27833	33542
4.28000	33582
4.28167	33622
4.28333	33662
4.28500	33706
4.28667	33756
4.28833	33803
4.29000	33842
4.29167	33874
4.29333	33903
4.29500	33932
4.29667	33955
4.29833	33966
4.30000	33967
4.30167	33960
4.30333	33946
4.30500	33928
4.30667	33910
4.30833	33889
4.31000	33866
4.31167	33839
4.31333	33814
4.31500	33794
4.31667	33778
4.31833	33765
4.32000	33752
4.32167	33745
4.32333	33747
4.32500	33758
4.32667	33778
4.32833	33806
4.33000	33845
4.33167	33900
4.33333	33975
4.33500	34072
4.33667	34192
4.33833	34318
4.34000	34441
4.34167	34568
4.34333	34707
4.34500	34865
4.34667	35006
4.34833	35104
4.35000	35166
4.35167	35200
4.35333	35217
4.35500	35212
4.35667	35177
4.35833	35113
4.36000	35019
4.36167	34897
4.36333	34774
4.36500	34666
4.36667	34566
4.36833	34468
4.37000	34364
4.37167	34272
4.37333	34205
4.37500	34159
4.37667	34127
4.37833	34102
4.38000	34089
4.38167	34091
4.38333	34108
4.38500	34137
4.38667	34178
4.38833	34220
4.39000	34257
4.39167	34290
4.39333	34322
4.39500	34356
4.39667	34383
4.39833	34397
4.40000	34401
4.40167	34396
4.40333	34384
4.40500	34369
4.40667	34355
4.40833	34340
4.41000	34324
4.41167	34306
4.41333	34292
4.41500	34286
4.41667	34288
4.41833	34296
4.42000	34310
4.42167	34332
4.42333	34368
4.42500	34418
4.42667	34483
4.42833	34566
4.43000	34663
4.43167	34777
4.43333	34916
4.43500	35085
4.43667	35289
4.43833	35493
4.44000	35679
4.44167	35857
4.44333	36041
4.44500	36243
4.44667	36411
4.44833	36512
4.45000	36549
4.45167	36536
4.45333	36487
4.45500	36406
4.45667	36293
4.45833	36145
4.46000	35956
4.46167	35725
4.46333	35498
4.46500	35301
4.46667	35125
4.46833	34955
4.47000	34776
4.47167	34615
4.47333	34487
4.47500	34386
4.47667	34297
4.47833	34211
4.48000	34136
4.48167	34078
4.48333	34030
4.48500	33987
4.48667	33945
4.48833	33908
4.49000	33877
4.49167	33849
4.49333	33823
4.49500	33795
4.49667	33770
4.49833	33749
4.50000	33732
4.50167	33716
4.50333	33701
4.50500	33687
4.50667	33678
4.50833	33671
4.51000	33666
4.51167	33662
4.51333	33660
4.51500	33659
4.51667	33659
4.51833	33660
4.52000	33662
4.52167	33665
4.52333	33669
4.52500	33675
4.52667	33683
4.52833	33693
4.53000	33702
4.53167	33711
4.53333	33720
4.53500	33728
4.53667	33737
4.53833	33746
4.54000	33754
4.54167	33761
4.54333	33769
4.54500	33777
4.54667	33785
4.54833	33792
4.55000	33799
4.55167	33806
4.55333	33814
4.55500	33821
4.55667	33826
4.55833	33831
4.56000	33835
4.56167	33839
4.56333	33843
4.56500	33849
4.56667	33857
4.56833	33867
4.57000	33880
4.57167	33893
4.57333	33908
4.57500	33925
4.57667	33945
4.57833	33968
4.58000	33989
4.58167	34004
4.58333	34015
4.58500	34023
4.58667	34029
4.58833	34031
4.59000	34029
4.59167	34020
4.59333	34007
4.59500	33990
4.59667	33973
4.59833	33960
4.60000	33952
4.60167	33946
4.60333	33942
4.60500	33940
4.60667	33940
4.60833	33941
4.61000	33943
4.61167	33947
4.61333	33948
4.61500	33945
4.61667	33937
4.61833	33924
4.62000	33907
4.62167	33887
4.62333	33867
4.62500	33846
4.62667	33822
4.62833	33794
4.63000	33767
4.63167	33745
4.63333	33725
4.63500	33707
4.63667	33688
4.63833	33670
4.64000	33655
4.64167	33640
4.64333	33626
4.64500	33611
4.64667	33597
4.64833	33585
4.65000	33576
4.65167	33567
4.65333	33559
4.65500	33553
4.65667	33549
4.65833	33548
4.66000	33550
4.66167	33553
4.66333	33557
4.66500	33562
4.66667	33568
4.66833	33575
4.67000	33583
4.67167	33591
4.67333	33599
4.67500	33607
4.67667	33615
4.67833	33624
4.68000	33633
4.68167	33640
4.68333	33647
4.68500	33654
4.68667	33662
4.68833	33668
4.69000	33674
4.69167	33679
4.69333	33684
4.69500	33689
4.69667	33694
4.69833	33701
4.70000	33708
4.70167	33717
4.70333	33727
4.70500	33738
4.70667	33749
4.70833	33761
4.71000	33774
4.71167	33789
4.71333	33803
4.71500	33813
4.71667	33820
4.71833	33825
4.72000	33829
4.72167	33832
4.72333	33834
4.72500	33835
4.72667	33836
4.72833	33837
4.73000	33838
4.73167	33839
4.73333	33841
4.73500	33845
4.73667	33849
4.73833	33853
4.74000	33856
4.74167	33859
4.74333	33863
4.74500	33866
4.74667	33870
4.74833	33874
4.75000	33878
4.75167	33883
4.75333	33889
4.75500	33894
4.75667	33899
4.75833	33902
4.76000	33906
4.76167	33909
4.76333	33910
4.76500	33909
4.76667	33903
4.76833	33895
4.77000	33883
4.77167	33870
4.77333	33856
4.77500	33841
4.77667	33823
4.77833	33803
4.78000	33784
4.78167	33767
4.78333	33751
4.78500	33736
4.78667	33721
4.78833	33706
4.79000	33695
4.79167	33685
4.79333	33676
4.79500	33666
4.79667	33658
4.79833	33652
4.80000	33648
4.80167	33644
4.80333	33641
4.80500	33639
4.80667	33638
4.80833	33638
4.81000	33640
4.81167	33643
4.81333	33648
4.81500	33655
4.81667	33665
4.81833	33678
4.82000	33695
4.82167	33714
4.82333	33735
4.82500	33760
4.82667	33790
4.82833	33825
4.83000	33863
4.83167	33902
4.83333	33944
4.83500	33992
4.83667	34048
4.83833	34106
4.84000	34163
4.84167	34222
4.84333	34287
4.84500	34363
4.84667	34438
4.84833	34509
4.85000	34580
4.85167	34657
4.85333	34743
4.85500	34827
4.85667	34905
4.85833	34979
4.86000	35057
4.86167	35143
4.86333	35226
4.86500	35297
4.86667	35363
4.86833	35428
4.87000	35498
4.87167	35560
4.87333	35608
4.87500	35643
4.87667	35672
4.87833	35697
4.88000	35714
4.88167	35719
4.88333	35711
4.88500	35693
4.88667	35666
4.88833	35637
4.89000	35609
4.89167	35581
4.89333	35552
4.89500	35520
4.89667	35492
4.89833	35476
4.90000	35470
4.90167	35472
4.90333	35481
4.90500	35496
4.90667	35519
4.90833	35551
4.91000	35593
4.91167	35645
4.91333	35702
4.91500	35761
4.91667	35826
4.91833	35902
4.92000	35989
4.92167	36081
4.92333	36173
4.92500	36272
4.92667	36384
4.92833	36513
4.93000	36647
4.93167	36780
4.93333	36921
4.93500	37079
4.93667	37261
4.93833	37439
4.94000	37598
4.94167	37747
4.94333	37899
4.94500	38063
4.94667	38215
4.94833	38339
4.95000	38444
4.95167	38539
4.95333	38636
4.95500	38729
4.95667	38818
4.95833	38910
4.96000	39013
4.96167	39130
4.96333	39260
4.96500	39406
4.96667	39577
4.96833	39782
4.97000	40027
4.97167	40314
4.97333	40658
4.97500	41080
4.97667	41599
4.97833	42228
4.98000	42956
4.98167	43809
4.98333	44840
4.98500	46095
4.98667	47606
4.98833	49215
4.99000	50870
4.99167	52665
4.99333	54707
4.99500	57078
4.99667	59403
4.99833	61480
5.00000	63423
5.00167	65397
5.00333	67535
5.00500	69443
5.00667	70873
5.00833	71909
5.01000	72696
5.01167	73356
5.01333	73743
5.01500	73732
5.01667	73334
5.01833	72591
5.02000	71543
5.02167	70347
5.02333	69066
5.02500	67638
5.02667	65988
5.02833	64059
5.03000	62147
5.03167	60409
5.03333	58748
5.03500	57031
5.03667	55150
5.03833	53367
5.04000	51828
5.04167	50439
5.04333	49070
5.04500	47615
5.04667	46267
5.04833	45134
5.05000	44141
5.05167	43189
5.05333	42196
5.05500	41292
5.05667	40549
5.05833	39918
5.06000	39331
5.06167	38732
5.06333	38197
5.06500	37770
5.06667	37421
5.06833	37109
5.07000	36801
5.07167	36534
5.07333	36329
5.07500	36171
5.07667	36040
5.07833	35918
5.08000	35818
5.08167	35748
5.08333	35702
5.08500	35671
5.08667	35650
5.08833	35644
5.09000	35658
5.09167	35694
5.09333	35749
5.09500	35823
5.09667	35931
5.09833	36091
5.10000	36313
5.10167	36604
5.10333	36966
5.10500	37402
5.10667	37938
5.10833	38606
5.11000	39432
5.11167	40435
5.11333	41518
5.11500	42654
5.11667	43907
5.11833	45351
5.12000	47037
5.12167	48683
5.12333	50132
5.12500	51463
5.12667	52792
5.12833	54215
5.13000	55430
5.13167	56237
5.13333	56681
5.13500	56859
5.13667	56853
5.13833	56653
5.14000	56224
5.14167	55555
5.14333	54641
5.14500	53485
5.14667	52327
5.14833	51303
5.15000	50369
5.15167	49443
5.15333	48460
5.15500	47610
5.15667	47020
5.15833	46654
5.16000	46446
5.16167	46340
5.16333	46330
5.16500	46423
5.16667	46614
5.16833	46898
5.17000	47268
5.17167	47609
5.17333	47846
5.17500	47984
5.17667	48049
5.17833	48064
5.18000	47991
5.18167	47791
5.18333	47456
5.18500	46984
5.18667	46377
5.18833	45738
5.19000	45114
5.19167	44477
5.19333	43783
5.19500	42998
5.19667	42252
5.19833	41620
5.20000	41068
5.20167	40539
5.20333	39991
5.20500	39503
5.20667	39122
5.20833	38824
5.21000	38572
5.21167	38333
5.21333	38135
5.21500	37992
5.21667	37892
5.21833	37819
5.22000	37761
5.22167	37706
5.22333	37647
5.22500	37576
5.22667	37490
5.22833	37386
5.23000	37264
5.23167	37120
5.23333	36945
5.23500	36731
5.23667	36473
5.23833	36209
5.24000	35960
5.24167	35712
5.24333	35447
5.24500	35151
5.24667	34869
5.24833	34630
5.25000	34419
5.25167	34215
5.25333	34002
5.25500	33809
5.25667	33652
5.25833	33520
5.26000	33400
5.26167	33279
5.26333	33171
5.26500	33085
5.26667	33015
5.26833	32951
5.27000	32888
5.27167	32831
5.27333	32784
5.27500	32745
5.27667	32707
5.27833	32669
5.28000	32634
5.28167	32605
5.28333	32581
5.28500	32558
5.28667	32536
5.28833	32515
5.29000	32498
5.29167	32482
5.29333	32468
5.29500	32453
5.29667	32439
5.29833	32428
5.30000	32418
5.30167	32408
5.30333	32398
5.30500	32390
5.30667	32383
5.30833	32377
5.31000	32373
5.31167	32369
5.31333	32365
5.31500	32362
5.31667	32360
5.31833	32357
5.32000	32355
5.32167	32352
5.32333	32349
5.32500	32346
5.32667	32342
5.32833	32338
5.33000	32333
5.33167	32327
5.33333	32320
5.33500	32311
5.33667	32300
5.33833	32289
5.34000	32279
5.34167	32269
5.34333	32258
5.34500	32246
5.34667	32234
5.34833	32222
5.35000	32209
5.35167	32194
5.35333	32177
5.35500	32159
5.35667	32143
5.35833	32126
5.36000	32108
5.36167	32087
5.36333	32067
5.36500	32049
5.36667	32031
5.36833	32013
5.37000	31993
5.37167	31972
5.37333	31952
5.37500	31930
5.37667	31906
5.37833	31878
5.38000	31851
5.38167	31828
5.38333	31807
5.38500	31786
5.38667	31764
5.38833	31744
5.39000	31726
5.39167	31710
5.39333	31694
5.39500	31677
5.39667	31660
5.39833	31645
5.40000	31630
5.40167	31614
5.40333	31596
5.40500	31579
5.40667	31565
5.40833	31552
5.41000	31541
5.41167	31529
5.41333	31518
5.41500	31508
5.41667	31498
5.41833	31488
5.42000	31476
5.42167	31466
5.42333	31457
5.42500	31449
5.42667	31442
5.42833	31435
5.43000	31429
5.43167	31424
5.43333	31421
5.43500	31419
5.43667	31418
5.43833	31417
5.44000	31417
5.44167	31416
5.44333	31416
5.44500	31416
5.44667	31416
5.44833	31416
5.45000	31417
5.45167	31419
5.45333	31422
5.45500	31424
5.45667	31426
5.45833	31428
5.46000	31430
5.46167	31432
5.46333	31433
5.46500	31432
5.46667	31429
5.46833	31423
5.47000	31416
5.47167	31409
5.47333	31403
5.47500	31397
5.47667	31392
5.47833	31387
5.48000	31382
5.48167	31377
5.48333	31371
5.48500	31365
5.48667	31357
5.48833	31349
5.49000	31339
5.49167	31327
5.49333	31312
5.49500	31295
5.49667	31277
5.49833	31260
5.50000	31243
5.50167	31224
5.50333	31204
5.50500	31183
5.50667	31164
5.50833	31145
5.51000	31124
5.51167	31101
5.51333	31079
5.51500	31059
5.51667	31039
5.51833	31019
5.52000	30998
5.52167	30977
5.52333	30958
5.52500	30941
5.52667	30925
5.52833	30906
5.53000	30888
5.53167	30870
5.53333	30852
5.53500	30832
5.53667	30808
5.53833	30786
5.54000	30765
5.54167	30744
5.54333	30724
5.54500	30700
5.54667	30679
5.54833	30660
5.55000	30643
5.55167	30626
5.55333	30609
5.55500	30593
5.55667	30579
5.55833	30566
5.56000	30553
5.56167	30539
5.56333	30526
5.56500	30515
5.56667	30505
5.56833	30496
5.57000	30486
5.57167	30477
5.57333	30469
5.57500	30461
5.57667	30452
5.57833	30443
5.58000	30435
5.58167	30430
5.58333	30428
5.58500	30427
5.58667	30428
5.58833	30429
5.59000	30430
5.59167	30431
5.59333	30432
5.59500	30433
5.59667	30434
5.59833	30435
5.60000	30435
5.60167	30435
5.60333	30435
5.60500	30436
5.60667	30437
5.60833	30440
5.61000	30443
5.61167	30447
5.61333	30450
5.61500	30451
5.61667	30450
5.61833	30446
5.62000	30441
5.62167	30435
5.62333	30429
5.62500	30421
5.62667	30412
5.62833	30402
5.63000	30392
5.63167	30382
5.63333	30372
5.63500	30361
5.63667	30349
5.63833	30337
5.64000	30324
5.64167	30311
5.64333	30296
5.64500	30278
5.64667	30260
5.64833	30242
5.65000	30223
5.65167	30202
5.65333	30177
5.65500	30151
5.65667	30126
5.65833	30101
5.66000	30073
5.66167	30042
5.66333	30012
5.66500	29985
5.66667	29960
5.66833	29934
5.67000	29907
5.67167	29880
5.67333	29855
5.67500	29830
5.67667	29804
5.67833	29775
5.68000	29747
5.68167	29721
5.68333	29695
5.68500	29669
5.68667	29639
5.68833	29611
5.69000	29585
5.69167	29561
5.69333	29536
5.69500	29509
5.69667	29483
5.69833	29461
5.70000	29441
5.70167	29421
5.70333	29399
5.70500	29379
5.70667	29362
5.70833	29346
5.71000	29331
5.71167	29316
5.71333	29301
5.71500	29289
5.71667	29278
5.71833	29268
5.72000	29257
5.72167	29247
5.72333	29239
5.72500	29232
5.72667	29225
5.72833	29218
5.73000	29212
5.73167	29207
5.73333	29202
5.73500	29198
5.73667	29194
5.73833	29191
5.74000	29188
5.74167	29187
5.74333	29186
5.74500	29185
5.74667	29184
5.74833	29182
5.75000	29180
5.75167	29177
5.75333	29174
5.75500	29170
5.75667	29167
5.75833	29165
5.76000	29163
5.76167	29161
5.76333	29159
5.76500	29155
5.76667	29151
5.76833	29145
5.77000	29138
5.77167	29130
5.77333	29122
5.77500	29114
5.77667	29104
5.77833	29093
5.78000	29082
5.78167	29071
5.78333	29060
5.78500	29048
5.78667	29035
5.78833	29021
5.79000	29006
5.79167	28990
5.79333	28971
5.79500	28948
5.79667	28925
5.79833	28904
5.80000	28883
5.80167	28860
5.80333	28835
5.80500	28810
5.80667	28787
5.80833	28763
5.81000	28737
5.81167	28708
5.81333	28679
5.81500	28651
5.81667	28623
5.81833	28592
5.82000	28557
5.82167	28523
5.82333	28492
5.82500	28462
5.82667	28430
5.82833	28395
5.83000	28361
5.83167	28331
5.83333	28304
5.83500	28277
5.83667	28248
5.83833	28220
5.84000	28195
5.84167	28171
5.84333	28147
5.84500	28120
5.84667	28094
5.84833	28071
5.85000	28047
5.85167	28023
5.85333	27996
5.85500	27970
5.85667	27947
5.85833	27927
5.86000	27906
5.86167	27885
5.86333	27864
5.86500	27847
5.86667	27831
5.86833	27815
5.87000	27798
5.87167	27783
5.87333	27770
5.87500	27759
5.87667	27749
5.87833	27739
5.88000	27730
5.88167	27722
5.88333	27714
5.88500	27707
5.88667	27698
5.88833	27690
5.89000	27683
5.89167	27677
5.89333	27670
5.89500	27664
5.89667	27658
5.89833	27653
5.90000	27651
5.90167	27649
5.90333	27648
5.90500	27648
5.90667	27649
5.90833	27651
5.91000	27654
5.91167	27657
5.91333	27660
5.91500	27662
5.91667	27664
5.91833	27664
5.92000	27664
5.92167	27662
5.92333	27657
5.92500	27650
5.92667	27639
5.92833	27626
5.93000	27611
5.93167	27596
5.93333	27581
5.93500	27564
5.93667	27544
5.93833	27524
5.94000	27505
5.94167	27487
5.94333	27469
5.94500	27448
5.94667	27427
5.94833	27408
5.95000	27389
5.95167	27368
5.95333	27345
5.95500	27322
5.95667	27299
5.95833	27275
5.96000	27248
5.96167	27218
5.96333	27187
5.96500	27156
5.96667	27124
5.96833	27090
5.97000	27050
5.97167	27011
5.97333	26976
5.97500	26943
5.97667	26909
5.97833	26872
5.98000	26837
5.98167	26806
5.98333	26776
5.98500	26747
5.98667	26715
5.98833	26683
5.99000	26653
5.99167	26624
5.99333	26593
5.99500	26558
5.99667	26524
5.99833	26494
6.00000	26466
6.00167	26437
6.00333	26406
6.00500	26377
6.00667	26352
6.00833	26329
6.01000	26308
6.01167	26285
6.01333	26264
6.01500	26245
6.01667	26226
6.01833	26208
6.02000	26187
6.02167	26168
6.02333	26151
6.02500	26135
6.02667	26120
6.02833	26104
6.03000	26089
6.03167	26075
6.03333	26062
6.03500	26049
6.03667	26034
6.03833	26021
6.04000	26010
6.04167	26002
6.04333	25995
6.04500	25989
6.04667	25984
6.04833	25982
6.05000	25980
6.05167	25981
6.05333	25982
6.05500	25984
6.05667	25984
6.05833	25985
6.06000	25984
6.06167	25984
6.06333	25982
6.06500	25978
6.06667	25972
6.06833	25964
6.07000	25955
6.07167	25944
6.07333	25933
6.07500	25922
6.07667	25909
6.07833	25895
6.08000	25880
6.08167	25867
6.08333	25855
6.08500	25842
6.08667	25829
6.08833	25814
6.09000	25799
6.09167	25781
6.09333	25761
6.09500	25737
6.09667	25712
6.09833	25689
6.10000	25666
6.10167	25641
6.10333	25614
6.10500	25587
6.10667	25560
6.10833	25534
6.11000	25505
6.11167	25472
6.11333	25439
6.11500	25409
6.11667	25378
6.11833	25346
6.12000	25310
6.12167	25275
6.12333	25242
6.12500	25210
6.12667	25175
6.12833	25137
6.13000	25099
6.13167	25064
6.13333	25030
6.13500	24993
6.13667	24953
6.13833	24913
6.14000	24878
6.14167	24846
6.14333	24813
6.14500	24778
6.14667	24744
6.14833	24714
6.15000	24685
6.15167	24655
6.15333	24622
6.15500	24592
6.15667	24564
6.15833	24540
6.16000	24515
6.16167	24488
6.16333	24464
6.16500	24443
6.16667	24425
6.16833	24408
6.17000	24390
6.17167	24374
6.17333	24360
6.17500	24347
6.17667	24335
6.17833	24322
6.18000	24310
6.18167	24299
6.18333	24289
6.18500	24278
6.18667	24266
6.18833	24255
6.19000	24246
6.19167	24239
6.19333	24232
6.19500	24226
6.19667	24220
6.19833	24216
6.20000	24214
6.20167	24213
6.20333	24212
6.20500	24211
6.20667	24209
6.20833	24208
6.21000	24206
6.21167	24203
6.21333	24200
6.21500	24196
6.21667	24191
6.21833	24185
6.22000	24178
6.22167	24171
6.22333	24163
6.22500	24155
6.22667	24146
6.22833	24135
6.23000	24124
6.23167	24111
6.23333	24097
6.23500	24081
6.23667	24062
6.23833	24042
6.24000	24022
6.24167	24001
6.24333	23976
6.24500	23948
6.24667	23919
6.24833	23891
6.25000	23863
6.25167	23832
6.25333	23798
6.25500	23763
6.25667	23730
6.25833	23698
6.26000	23663
6.26167	23623
6.26333	23584
6.26500	23546
6.26667	23508
6.26833	23466
6.27000	23419
6.27167	23372
6.27333	23329
6.27500	23286
6.27667	23240
6.27833	23189
6.28000	23139
6.28167	23094
6.28333	23051
6.28500	23005
6.28667	22955
6.28833	22907
6.29000	22862
6.29167	22820
6.29333	22775
6.29500	22726
6.29667	22678
6.29833	22635
6.30000	22594
6.30167	22552
6.30333	22506
6.30500	22463
6.30667	22424
6.30833	22389
6.31000	22353
6.31167	22315
6.31333	22279
6.31500	22249
6.31667	22221
6.31833	22194
6.32000	22165
6.32167	22137
6.32333	22112
6.32500	22089
6.32667	22064
6.32833	22037
6.33000	22011
6.33167	21987
6.33333	21964
6.33500	21939
6.33667	21913
6.33833	21888
6.34000	21868
6.34167	21850
6.34333	21834
6.34500	21817
6.34667	21803
6.34833	21791
6.35000	21782
6.35167	21774
6.35333	21767
6.35500	21760
6.35667	21753
6.35833	21745
6.36000	21737
6.36167	21728
6.36333	21718
6.36500	21709
6.36667	21700
6.36833	21690
6.37000	21679
6.37167	21668
6.37333	21657
6.37500	21645
6.37667	21632
6.37833	21617
6.38000	21601
6.38167	21584
6.38333	21565
6.38500	21542
6.38667	21515
6.38833	21488
6.39000	21462
6.39167	21436
6.39333	21408
6.39500	21377
6.39667	21346
6.39833	21318
6.40000	21290
6.40167	21260
6.40333	21227
6.40500	21194
6.40667	21162
6.40833	21130
6.41000	21095
6.41167	21055
6.41333	21015
6.41500	20978
6.41667	20940
6.41833	20899
6.42000	20853
6.42167	20807
6.42333	20763
6.42500	20718
6.42667	20668
6.42833	20613
6.43000	20557
6.43167	20506
6.43333	20455
6.43500	20402
6.43667	20342
6.43833	20285
6.44000	20233
6.44167	20185
6.44333	20135
6.44500	20081
6.44667	20030
6.44833	19984
6.45000	19942
6.45167	19898
6.45333	19851
6.45500	19806
6.45667	19765
6.45833	19726
6.46000	19686
6.46167	19641
6.46333	19598
6.46500	19560
6.46667	19524
6.46833	19487
6.47000	19447
6.47167	19409
6.47333	19377
6.47500	19348
6.47667	19320
6.47833	19290
6.48000	19263
6.48167	19240
6.48333	19220
6.48500	19201
6.48667	19182
6.48833	19164
6.49000	19148
6.49167	19134
6.49333	19119
6.49500	19103
6.49667	19089
6.49833	19077
6.50000	19067
6.50167	19059
6.50333	19050
6.50500	19043
6.50667	19038
6.50833	19034
6.51000	19032
6.51167	19030
6.51333	19028
6.51500	19024
6.51667	19019
6.51833	19011
6.52000	19001
6.52167	18991
6.52333	18981
6.52500	18971
6.52667	18960
6.52833	18947
6.53000	18934
6.53167	18921
6.53333	18906
6.53500	18890
6.53667	18871
6.53833	18852
6.54000	18833
6.54167	18814
6.54333	18793
6.54500	18769
6.54667	18745
6.54833	18722
6.55000	18698
6.55167	18672
6.55333	18643
6.55500	18613
6.55667	18582
6.55833	18550
6.56000	18514
6.56167	18472
6.56333	18430
6.56500	18390
6.56667	18349
6.56833	18305
6.57000	18256
6.57167	18206
6.57333	18159
6.57500	18111
6.57667	18060
6.57833	18003
6.58000	17946
6.58167	17893
6.58333	17841
6.58500	17786
6.58667	17725
6.58833	17666
6.59000	17612
6.59167	17560
6.59333	17507
6.59500	17449
6.59667	17393
6.59833	17342
6.60000	17295
6.60167	17246
6.60333	17193
6.60500	17142
6.60667	17096
6.60833	17054
6.61000	17010
6.61167	16963
6.61333	16918
6.61500	16878
6.61667	16840
6.61833	16801
6.62000	16758
6.62167	16717
6.62333	16681
6.62500	16648
6.62667	16616
6.62833	16581
6.63000	16548
6.63167	16521
6.63333	16497
6.63500	16473
6.63667	16449
6.63833	16426
6.64000	16406
6.64167	16387
6.64333	16367
6.64500	16346
6.64667	16325
6.64833	16307
6.65000	16291
6.65167	16275
6.65333	16257
6.65500	16242
6.65667	16229
6.65833	16219
6.66000	16209
6.66167	16200
6.66333	16191
6.66500	16183
6.66667	16175
6.66833	16166
6.67000	16156
6.67167	16145
6.67333	16134
6.67500	16121
6.67667	16107
6.67833	16090
6.68000	16073
6.68167	16057
6.68333	16040
6.68500	16023
6.68667	16003
6.68833	15983
6.69000	15962
6.69167	15940
6.69333	15915
6.69500	15886
6.69667	15856
6.69833	15827
6.70000	15797
6.70167	15764
6.70333	15725
6.70500	15687
6.70667	15652
6.70833	15617
6.71000	15580
6.71167	15538
6.71333	15497
6.71500	15456
6.71667	15413
6.71833	15367
6.72000	15314
6.72167	15260
6.72333	15209
6.72500	15158
6.72667	15103
6.72833	15040
6.73000	14979
6.73167	14923
6.73333	14869
6.73500	14813
6.73667	14752
6.73833	14691
6.74000	14635
6.74167	14580
6.74333	14522
6.74500	14457
6.74667	14393
6.74833	14335
6.75000	14279
6.75167	14221
6.75333	14156
6.75500	14093
6.75667	14037
6.75833	13984
6.76000	13929
6.76167	13869
6.76333	13811
6.76500	13759
6.76667	13710
6.76833	13659
6.77000	13604
6.77167	13551
6.77333	13506
6.77500	13465
6.77667	13425
6.77833	13382
6.78000	13342
6.78167	13308
6.78333	13276
6.78500	13244
6.78667	13210
6.78833	13178
6.79000	13149
6.79167	13121
6.79333	13093
6.79500	13063
6.79667	13034
6.79833	13010
6.80000	12990
6.80167	12970
6.80333	12951
6.80500	12932
6.80667	12916
6.80833	12900
6.81000	12884
6.81167	12867
6.81333	12851
6.81500	12837
6.81667	12823
6.81833	12810
6.82000	12796
6.82167	12783
6.82333	12770
6.82500	12757
6.82667	12744
6.82833	12728
6.83000	12713
6.83167	12697
6.83333	12680
6.83500	12660
6.83667	12638
6.83833	12616
6.84000	12594
6.84167	12571
6.84333	12546
6.84500	12517
6.84667	12488
6.84833	12459
6.85000	12429
6.85167	12396
6.85333	12359
6.85500	12321
6.85667	12284
6.85833	12247
6.86000	12206
6.86167	12160
6.86333	12114
6.86500	12069
6.86667	12022
6.86833	11972
6.87000	11914
6.87167	11856
6.87333	11801
6.87500	11746
6.87667	11686
6.87833	11618
6.88000	11551
6.88167	11488
6.88333	11426
6.88500	11359
6.88667	11285
6.88833	11213
6.89000	11146
6.89167	11080
6.89333	11012
6.89500	10936
6.89667	10861
6.89833	10793
6.90000	10728
6.90167	10659
6.90333	10584
6.90500	10510
6.90667	10445
6.90833	10383
6.91000	10319
6.91167	10249
6.91333	10182
6.91500	10122
6.91667	10065
6.91833	10007
6.92000	9943
6.92167	9883
6.92333	9828
6.92500	9777
6.92667	9725
6.92833	9668
6.93000	9614
6.93167	9567
6.93333	9524
6.93500	9481
6.93667	9435
6.93833	9392
6.94000	9356
6.94167	9323
6.94333	9292
6.94500	9260
6.94667	9229
6.94833	9202
6.95000	9176
6.95167	9150
6.95333	9121
6.95500	9093
6.95667	9068
6.95833	9043
6.96000	9017
6.96167	8988
6.96333	8961
6.96500	8937
6.96667	8916
6.96833	8896
6.97000	8875
6.97167	8855
6.97333	8837
6.97500	8821
6.97667	8805
6.97833	8788
6.98000	8771
6.98167	8754
6.98333	8736
6.98500	8715
6.98667	8691
6.98833	8666
6.99000	8641
6.99167	8614
6.99333	8584
6.99500	8549
6.99667	8513
6.99833	8480
7.00000	8446
7.00167	8410
7.00333	8370
7.00500	8330
7.00667	8292
7.00833	8254
7.01000	8213
7.01167	8167
7.01333	8120
7.01500	8076
7.01667	8030
7.01833	7981
7.02000	7925
7.02167	7868
7.02333	7814
7.02500	7759
7.02667	7699
7.02833	7631
7.03000	7563
7.03167	7498
7.03333	7434
7.03500	7364
7.03667	7286
7.03833	7209
7.04000	7138
7.04167	7070
7.04333	6998
7.04500	6919
7.04667	6841
7.04833	6770
7.05000	6700
7.05167	6627
7.05333	6545
7.05500	6465
7.05667	6392
7.05833	6321
7.06000	6246
7.06167	6163
7.06333	6083
7.06500	6012
7.06667	5945
7.06833	5876
7.07000	5802
7.07167	5731
7.07333	5667
7.07500	5607
7.07667	5545
7.07833	5478
7.08000	5414
7.08167	5356
7.08333	5302
7.08500	5247
7.08667	5187
7.08833	5129
7.09000	5078
7.09167	5031
7.09333	4982
7.09500	4930
7.09667	4880
7.09833	4836
7.10000	4796
7.10167	4756
7.10333	4713
7.10500	4672
7.10667	4638
7.10833	4608
7.11000	4579
7.11167	4549
7.11333	4520
7.11500	4495
7.11667	4472
7.11833	4448
7.12000	4422
7.12167	4397
7.12333	4374
7.12500	4353
7.12667	4330
7.12833	4305
7.13000	4281
7.13167	4258
7.13333	4235
7.13500	4211
7.13667	4185
7.13833	4157
7.14000	4130
7.14167	4101
7.14333	4069
7.14500	4032
7.14667	3995
7.14833	3960
7.15000	3926
7.15167	3888
7.15333	3846
7.15500	3805
7.15667	3765
7.15833	3724
7.16000	3681
7.16167	3631
7.16333	3582
7.16500	3533
7.16667	3484
7.16833	3429
7.17000	3368
7.17167	3306
7.17333	3246
7.17500	3187
7.17667	3122
7.17833	3049
7.18000	2976
7.18167	2908
7.18333	2841
7.18500	2769
7.18667	2689
7.18833	2610
7.19000	2536
7.19167	2464
7.19333	2387
7.19500	2301
7.19667	2217
7.19833	2138
7.20000	2061
7.20167	1979
7.20333	1887
7.20500	1798
7.20667	1715
7.20833	1636
7.21000	1552
7.21167	1459
7.21333	1370
7.21500	1289
7.21667	1213
7.21833	1135
7.22000	1049
7.22167	966
7.22333	893
7.22500	823
7.22667	752
7.22833	675
7.23000	601
7.23167	535
7.23333	474
7.23500	412
7.23667	345
7.23833	281
7.24000	225
7.24167	173
7.24333	119
7.24500	62
7.24667	7
7.24833	-43
7.25000	-90
7.25167	-138
7.25333	-190
7.25500	-240
7.25667	-283
7.25833	-322
7.26000	-359
7.26167	-399
7.26333	-437
7.26500	-469
7.26667	-499
7.26833	-528
7.27000	-560
7.27167	-591
7.27333	-619
7.27500	-646
7.27667	-675
7.27833	-707
7.28000	-738
7.28167	-766
7.28333	-794
7.28500	-822
7.28667	-854
7.28833	-885
7.29000	-914
7.29167	-943
7.29333	-974
7.29500	-1008
7.29667	-1043
7.29833	-1076
7.30000	-1109
7.30167	-1144
7.30333	-1184
7.30500	-1224
7.30667	-1262
7.30833	-1300
7.31000	-1342
7.31167	-1390
7.31333	-1438
7.31500	-1487
7.31667	-1538
7.31833	-1595
7.32000	-1661
7.32167	-1728
7.32333	-1791
7.32500	-1855
7.32667	-1924
7.32833	-2002
7.33000	-2078
7.33167	-2149
7.33333	-2218
7.33500	-2290
7.33667	-2371
7.33833	-2450
7.34000	-2526
7.34167	-2602
7.34333	-2684
7.34500	-2777
7.34667	-2869
7.34833	-2954
7.35000	-3038
7.35167	-3127
7.35333	-3226
7.35500	-3323
7.35667	-3413
7.35833	-3502
7.36000	-3595
7.36167	-3699
7.36333	-3800
7.36500	-3892
7.36667	-3982
7.36833	-4075
7.37000	-4178
7.37167	-4277
7.37333	-4364
7.37500	-4445
7.37667	-4526
7.37833	-4614
7.38000	-4699
7.38167	-4774
7.38333	-4846
7.38500	-4919
7.38667	-5000
7.38833	-5078
7.39000	-5149
7.39167	-5217
7.39333	-5288
7.39500	-5365
7.39667	-5440
7.39833	-5506
7.40000	-5567
7.40167	-5628
7.40333	-5694
7.40500	-5757
7.40667	-5812
7.40833	-5862
7.41000	-5913
7.41167	-5968
7.41333	-6021
7.41500	-6067
7.41667	-6110
7.41833	-6154
7.42000	-6202
7.42167	-6248
7.42333	-6288
7.42500	-6326
7.42667	-6363
7.42833	-6404
7.43000	-6442
7.43167	-6477
7.43333	-6509
7.43500	-6542
7.43667	-6578
7.43833	-6614
7.44000	-6647
7.44167	-6681
7.44333	-6717
7.44500	-6757
7.44667	-6797
7.44833	-6836
7.45000	-6875
7.45167	-6918
7.45333	-6966
7.45500	-7014
7.45667	-7060
7.45833	-7106
7.46000	-7155
7.46167	-7210
7.46333	-7265
7.46500	-7317
7.46667	-7370
7.46833	-7427
7.47000	-7491
7.47167	-7556
7.47333	-7617
7.47500	-7678
7.47667	-7745
7.47833	-7820
7.48000	-7894
7.48167	-7964
7.48333	-8034
7.48500	-8108
7.48667	-8191
7.48833	-8274
7.49000	-8353
7.49167	-8432
7.49333	-8517
7.49500	-8613
7.49667	-8708
7.49833	-8798
7.50000	-8886
7.50167	-8980
7.50333	-9086
7.50500	-9189
7.50667	-9284
7.50833	-9377
7.51000	-9474
7.51167	-9582
7.51333	-9688
7.51500	-9784
7.51667	-9877
7.51833	-9975
7.52000	-10083
7.52167	-10188
7.52333	-10283
7.52500	-10374
7.52667	-10469
7.52833	-10572
7.53000	-10673
7.53167	-10763
7.53333	-10849
7.53500	-10937
7.53667	-11033
7.53833	-11125
7.54000	-11208
7.54167	-11286
7.54333	-11366
7.54500	-11454
7.54667	-11538
7.54833	-11613
7.55000	-11684
7.55167	-11756
7.55333	-11835
7.55500	-11910
7.55667	-11976
7.55833	-12037
7.56000	-12099
7.56167	-12165
7.56333	-12228
7.56500	-12284
7.56667	-12336
7.56833	-12390
7.57000	-12447
7.57167	-12502
7.57333	-12551
7.57500	-12598
7.57667	-12645
7.57833	-12697
7.58000	-12747
7.58167	-12791
7.58333	-12833
7.58500	-12875
7.58667	-12921
7.58833	-12965
7.59000	-13005
7.59167	-13044
7.59333	-13085
7.59500	-13130
7.59667	-13175
7.59833	-13217
7.60000	-13259
7.60167	-13305
7.60333	-13357
7.60500	-13408
7.60667	-13456
7.60833	-13503
7.61000	-13554
7.61167	-13610
7.61333	-13666
7.61500	-13720
7.61667	-13774
7.61833	-13833
7.62000	-13900
7.62167	-13968
7.62333	-14033
7.62500	-14099
7.62667	-14171
7.62833	-14253
7.63000	-14334
7.63167	-14411
7.63333	-14488
7.63500	-14570
7.63667	-14662
7.63833	-14753
7.64000	-14838
7.64167	-14922
7.64333	-15013
7.64500	-15114
7.64667	-15213
7.64833	-15306
7.65000	-15398
7.65167	-15496
7.65333	-15605
7.65500	-15713
7.65667	-15813
7.65833	-15913
7.66000	-16018
7.66167	-16137
7.66333	-16254
7.66500	-16362
7.66667	-16468
7.66833	-16581
7.67000	-16706
7.67167	-16829
7.67333	-16941
7.67500	-17049
7.67667	-17162
7.67833	-17287
7.68000	-17408
7.68167	-17516
7.68333	-17618
7.68500	-17722
7.68667	-17836
7.68833	-17946
7.69000	-18045
7.69167	-18140
7.69333	-18238
7.69500	-18346
7.69667	-18450
7.69833	-18544
7.70000	-18635
7.70167	-18728
7.70333	-18831
7.70500	-18930
7.70667	-19018
7.70833	-19100
7.71000	-19184
7.71167	-19274
7.71333	-19361
7.71500	-19437
7.71667	-19507
7.71833	-19579
7.72000	-19656
7.72167	-19730
7.72333	-19797
7.72500	-19860
7.72667	-19924
7.72833	-19995
7.73000	-20062
7.73167	-20123
7.73333	-20180
7.73500	-20239
7.73667	-20303
7.73833	-20365
7.74000	-20420
7.74167	-20471
7.74333	-20523
7.74500	-20580
7.74667	-20636
7.74833	-20688
7.75000	-20740
7.75167	-20796
7.75333	-20858
7.75500	-20920
7.75667	-20978
7.75833	-21036
7.76000	-21099
7.76167	-21169
7.76333	-21238
7.76500	-21301
7.76667	-21362
7.76833	-21425
7.77000	-21495
7.77167	-21565
7.77333	-21631
7.77500	-21698
7.77667	-21770
7.77833	-21853
7.78000	-21935
7.78167	-22015
7.78333	-22096
7.78500	-22185
7.78667	-22286
7.78833	-22386
7.79000	-22478
7.79167	-22569
7.79333	-22664
7.79500	-22770
7.79667	-22874
7.79833	-22972
7.80000	-23070
7.80167	-23174
7.80333	-23291
7.80500	-23407
7.80667	-23515
7.80833	-23622
7.81000	-23736
7.81167	-23863
7.81333	-23989
7.81500	-24104
7.81667	-24216
7.81833	-24334
7.82000	-24465
7.82167	-24593
7.82333	-24711
7.82500	-24825
7.82667	-24944
7.82833	-25077
7.83000	-25205
7.83167	-25322
7.83333	-25435
7.83500	-25551
7.83667	-25680
7.83833	-25804
7.84000	-25918
7.84167	-26027
7.84333	-26140
7.84500	-26266
7.84667	-26386
7.84833	-26494
7.85000	-26596
7.85167	-26700
7.85333	-26814
7.85500	-26922
7.85667	-27019
7.85833	-27110
7.86000	-27203
7.86167	-27304
7.86333	-27401
7.86500	-27488
7.86667	-27570
7.86833	-27654
7.87000	-27746
7.87167	-27833
7.87333	-27911
7.87500	-27983
7.87667	-28055
7.87833	-28134
7.88000	-28210
7.88167	-28277
7.88333	-28342
7.88500	-28408
7.88667	-28480
7.88833	-28550
7.89000	-28614
7.89167	-28675
7.89333	-28738
7.89500	-28808
7.89667	-28875
7.89833	-28937
7.90000	-28996
7.90167	-29058
7.90333	-29127
7.90500	-29193
7.90667	-29254
7.90833	-29313
7.91000	-29374
7.91167	-29442
7.91333	-29508
7.91500	-29569
7.91667	-29630
7.91833	-29694
7.92000	-29766
7.92167	-29837
7.92333	-29904
7.92500	-29970
7.92667	-30042
7.92833	-30123
7.93000	-30204
7.93167	-30280
7.93333	-30356
7.93500	-30439
7.93667	-30532
7.93833	-30624
7.94000	-30712
7.94167	-30799
7.94333	-30894
7.94500	-31000
7.94667	-31105
7.94833	-31202
7.95000	-31298
7.95167	-31399
7.95333	-31511
7.95500	-31623
7.95667	-31728
7.95833	-31831
7.96000	-31942
7.96167	-32066
7.96333	-32189
7.96500	-32302
7.96667	-32412
7.96833	-32529
7.97000	-32659
7.97167	-32786
7.97333	-32903
7.97500	-33018
7.97667	-33138
7.97833	-33272
7.98000	-33403
7.98167	-33524
7.98333	-33641
7.98500	-33765
7.98667	-33901
7.98833	-34034
7.99000	-34154
7.99167	-34269
7.99333	-34388
7.99500	-34518
7.99667	-34644
7.99833	-34758
8.00000	-34865
8.00167	-34976
8.00333	-35097
8.00500	-35214
8.00667	-35317
8.00833	-35414
8.01000	-35513
8.01167	-35621
8.01333	-35725
8.01500	-35817
8.01667	-35905
8.01833	-35995
8.02000	-36094
8.02167	-36189
8.02333	-36273
8.02500	-36351
8.02667	-36431
8.02833	-36517
8.03000	-36599
8.03167	-36671
8.03333	-36738
8.03500	-36805
8.03667	-36877
8.03833	-36947
8.04000	-37009
8.04167	-37067
8.04333	-37128
8.04500	-37194
8.04667	-37258
8.04833	-37314
8.05000	-37366
8.05167	-37420
8.05333	-37478
8.05500	-37533
8.05667	-37582
8.05833	-37628
8.06000	-37674
8.06167	-37724
8.06333	-37773
8.06500	-37818
8.06667	-37863
8.06833	-37910
8.07000	-37963
8.07167	-38015
8.07333	-38063
8.07500	-38111
8.07667	-38161
8.07833	-38218
8.08000	-38274
8.08167	-38327
8.08333	-38380
8.08500	-38438
8.08667	-38502
8.08833	-38567
8.09000	-38628
8.09167	-38690
8.09333	-38757
8.09500	-38832
8.09667	-38907
8.09833	-38978
8.10000	-39049
8.10167	-39126
8.10333	-39212
8.10500	-39299
8.10667	-39382
8.10833	-39466
8.11000	-39556
8.11167	-39659
8.11333	-39761
8.11500	-39856
8.11667	-39950
8.11833	-40050
8.12000	-40162
8.12167	-40272
8.12333	-40376
8.12500	-40479
8.12667	-40589
8.12833	-40712
8.13000	-40833
8.13167	-40945
8.13333	-41054
8.13500	-41168
8.13667	-41295
8.13833	-41419
8.14000	-41532
8.14167	-41642
8.14333	-41757
8.14500	-41884
8.14667	-42007
8.14833	-42121
8.15000	-42231
8.15167	-42346
8.15333	-42474
8.15500	-42598
8.15667	-42710
8.15833	-42817
8.16000	-42929
8.16167	-43051
8.16333	-43170
8.16500	-43278
8.16667	-43381
8.16833	-43489
8.17000	-43608
8.17167	-43723
8.17333	-43826
8.17500	-43924
8.17667	-44024
8.17833	-44134
8.18000	-44239
8.18167	-44333
8.18333	-44422
8.18500	-44512
8.18667	-44611
8.18833	-44706
8.19000	-44791
8.19167	-44871
8.19333	-44952
8.19500	-45042
8.19667	-45128
8.19833	-45206
8.20000	-45280
8.20167	-45357
8.20333	-45442
8.20500	-45524
8.20667	-45599
8.20833	-45671
8.21000	-45746
8.21167	-45828
8.21333	-45909
8.21500	-45982
8.21667	-46053
8.21833	-46128
8.22000	-46210
8.22167	-46291
8.22333	-46366
8.22500	-46441
8.22667	-46520
8.22833	-46608
8.23000	-46696
8.23167	-46779
8.23333	-46861
8.23500	-46950
8.23667	-47050
8.23833	-47149
8.24000	-47241
8.24167	-47332
8.24333	-47430
8.24500	-47539
8.24667	-47646
8.24833	-47746
8.25000	-47842
8.25167	-47945
8.25333	-48058
8.25500	-48171
8.25667	-48277
8.25833	-48383
8.26000	-48497
8.26167	-48625
8.26333	-48752
8.26500	-48872
8.26667	-48990
8.26833	-49117
8.27000	-49258
8.27167	-49398
8.27333	-49526
8.27500	-49651
8.27667	-49784
8.27833	-49930
8.28000	-50075
8.28167	-50208
8.28333	-50338
8.28500	-50477
8.28667	-50630
8.28833	-50781
8.29000	-50919
8.29167	-51053
8.29333	-51194
8.29500	-51349
8.29667	-51501
8.29833	-51638
8.30000	-51770
8.30167	-51906
8.30333	-52057
8.30500	-52203
8.30667	-52335
8.30833	-52462
8.31000	-52593
8.31167	-52738
8.31333	-52879
8.31500	-53006
8.31667	-53129
8.31833	-53256
8.32000	-53396
8.32167	-53532
8.32333	-53655
8.32500	-53773
8.32667	-53894
8.32833	-54028
8.33000	-54157
8.33167	-54271
8.33333	-54378
8.33500	-54488
8.33667	-54606
8.33833	-54720
8.34000	-54823
8.34167	-54920
8.34333	-55021
8.34500	-55130
8.34667	-55236
8.34833	-55332
8.35000	-55423
8.35167	-55517
8.35333	-55619
8.35500	-55719
8.35667	-55808
8.35833	-55892
8.36000	-55979
8.36167	-56074
8.36333	-56166
8.36500	-56250
8.36667	-56331
8.36833	-56415
8.37000	-56507
8.37167	-56598
8.37333	-56680
8.37500	-56761
8.37667	-56844
8.37833	-56937
8.38000	-57028
8.38167	-57113
8.38333	-57195
8.38500	-57282
8.38667	-57379
8.38833	-57474
8.39000	-57563
8.39167	-57651
8.39333	-57744
8.39500	-57849
8.39667	-57952
8.39833	-58050
8.40000	-58147
8.40167	-58251
8.40333	-58367
8.40500	-58483
8.40667	-58590
8.40833	-58695
8.41000	-58808
8.41167	-58932
8.41333	-59056
8.41500	-59171
8.41667	-59285
8.41833	-59406
8.42000	-59541
8.42167	-59674
8.42333	-59798
8.42500	-59921
8.42667	-60051
8.42833	-60196
8.43000	-60339
8.43167	-60471
8.43333	-60601
8.43500	-60738
8.43667	-60891
8.43833	-61042
8.44000	-61181
8.44167	-61317
8.44333	-61462
8.44500	-61623
8.44667	-61780
8.44833	-61923
8.45000	-62061
8.45167	-62206
8.45333	-62365
8.45500	-62520
8.45667	-62660
8.45833	-62794
8.46000	-62934
8.46167	-63088
8.46333	-63237
8.46500	-63372
8.46667	-63501
8.46833	-63636
8.47000	-63784
8.47167	-63928
8.47333	-64059
8.47500	-64186
8.47667	-64317
8.47833	-64463
8.48000	-64603
8.48167	-64730
8.48333	-64849
8.48500	-64972
8.48667	-65106
8.48833	-65235
8.49000	-65350
8.49167	-65458
8.49333	-65568
8.49500	-65689
8.49667	-65805
8.49833	-65911
8.50000	-66012
8.50167	-66117
8.50333	-66234
8.50500	-66346
8.50667	-66448
8.50833	-66545
8.51000	-66645
8.51167	-66756
8.51333	-66862
8.51500	-66958
8.51667	-67047
8.51833	-67140
8.52000	-67240
8.52167	-67338
8.52333	-67427
8.52500	-67512
8.52667	-67602
8.52833	-67700
8.53000	-67797
8.53167	-67888
8.53333	-67977
8.53500	-68072
8.53667	-68177
8.53833	-68281
8.54000	-68376
8.54167	-68468
8.54333	-68564
8.54500	-68671
8.54667	-68776
8.54833	-68873
8.55000	-68970
8.55167	-69073
8.55333	-69187
8.55500	-69302
8.55667	-69410
8.55833	-69518
8.56000	-69635
8.56167	-69767
8.56333	-69897
8.56500	-70017
8.56667	-70134
8.56833	-70257
8.57000	-70395
8.57167	-70529
8.57333	-70655
8.57500	-70778
8.57667	-70908
8.57833	-71054
8.58000	-71198
8.58167	-71332
8.58333	-71465
8.58500	-71606
8.58667	-71764
8.58833	-71919
8.59000	-72061
8.59167	-72199
8.59333	-72345
8.59500	-72506
8.59667	-72664
8.59833	-72810
8.60000	-72951
8.60167	-73100
8.60333	-73265
8.60500	-73427
8.60667	-73575
8.60833	-73719
8.61000	-73871
8.61167	-74039
8.61333	-74202
8.61500	-74350
8.61667	-74493
8.61833	-74641
8.62000	-74804
8.62167	-74962
8.62333	-75106
8.62500	-75243
8.62667	-75386
8.62833	-75544
8.63000	-75696
8.63167	-75834
8.63333	-75967
8.63500	-76104
8.63667	-76256
8.63833	-76402
8.64000	-76533
8.64167	-76657
8.64333	-76784
8.64500	-76924
8.64667	-77058
8.64833	-77179
8.65000	-77294
8.65167	-77412
8.65333	-77542
8.65500	-77668
8.65667	-77782
8.65833	-77892
8.66000	-78006
8.66167	-78132
8.66333	-78254
8.66500	-78364
8.66667	-78468
8.66833	-78576
8.67000	-78694
8.67167	-78808
8.67333	-78911
8.67500	-79010
8.67667	-79112
8.67833	-79225
8.68000	-79334
8.68167	-79435
8.68333	-79534
8.68500	-79637
8.68667	-79753
8.68833	-79865
8.69000	-79968
8.69167	-80067
8.69333	-80171
8.69500	-80286
8.69667	-80398
8.69833	-80503
8.70000	-80605
8.70167	-80713
8.70333	-80833
8.70500	-80952
8.70667	-81062
8.70833	-81171
8.71000	-81286
8.71167	-81415
8.71333	-81541
8.71500	-81658
8.71667	-81773
8.71833	-81894
8.72000	-82029
8.72167	-82162
8.72333	-82286
8.72500	-82407
8.72667	-82536
8.72833	-82680
8.73000	-82821
8.73167	-82952
8.73333	-83081
8.73500	-83218
8.73667	-83370
8.73833	-83520
8.74000	-83659
8.74167	-83797
8.74333	-83944
8.74500	-84107
8.74667	-84268
8.74833	-84417
8.75000	-84562
8.75167	-84715
8.75333	-84885
8.75500	-85051
8.75667	-85203
8.75833	-85349
8.76000	-85502
8.76167	-85671
8.76333	-85836
8.76500	-85986
8.76667	-86131
8.76833	-86283
8.77000	-86451
8.77167	-86615
8.77333	-86763
8.77500	-86906
8.77667	-87054
8.77833	-87218
8.78000	-87377
8.78167	-87522
8.78333	-87662
8.78500	-87808
8.78667	-87970
8.78833	-88128
8.79000	-88272
8.79167	-88410
8.79333	-88554
8.79500	-88712
8.79667	-88865
8.79833	-89002
8.80000	-89131
8.80167	-89264
8.80333	-89408
8.80500	-89548
8.80667	-89674
8.80833	-89795
8.81000	-89920
8.81167	-90057
8.81333	-90191
8.81500	-90312
8.81667	-90428
8.81833	-90549
8.82000	-90682
8.82167	-90811
8.82333	-90926
8.82500	-91036
8.82667	-91149
8.82833	-91272
8.83000	-91392
8.83167	-91501
8.83333	-91606
8.83500	-91716
8.83667	-91837
8.83833	-91955
8.84000	-92063
8.84167	-92168
8.84333	-92278
8.84500	-92400
8.84667	-92519
8.84833	-92629
8.85000	-92735
8.85167	-92847
8.85333	-92971
8.85500	-93094
8.85667	-93207
8.85833	-93319
8.86000	-93437
8.86167	-93569
8.86333	-93699
8.86500	-93819
8.86667	-93936
8.86833	-94060
8.87000	-94198
8.87167	-94334
8.87333	-94460
8.87500	-94584
8.87667	-94716
8.87833	-94863
8.88000	-95008
8.88167	-95142
8.88333	-95275
8.88500	-95416
8.88667	-95573
8.88833	-95727
8.89000	-95869
8.89167	-96007
8.89333	-96152
8.89500	-96312
8.89667	-96470
8.89833	-96615
8.90000	-96758
8.90167	-96908
8.90333	-97076
8.90500	-97240
8.90667	-97393
8.90833	-97542
8.91000	-97701
8.91167	-97877
8.91333	-98050
8.91500	-98209
8.91667	-98363
8.91833	-98526
8.92000	-98706
8.92167	-98881
8.92333	-99041
8.92500	-99195
8.92667	-99355
8.92833	-99532
8.93000	-99703
8.93167	-99859
8.93333	-100009
8.93500	-100166
8.93667	-100338
8.93833	-100505
8.94000	-100657
8.94167	-100804
8.94333	-100958
8.94500	-101127
8.94667	-101291
8.94833	-101439
8.95000	-101582
8.95167	-101729
8.95333	-101891
8.95500	-102048
8.95667	-102190
8.95833	-102326
8.96000	-102467
8.96167	-102623
8.96333	-102773
8.96500	-102909
8.96667	-103038
8.96833	-103173
8.97000	-103320
8.97167	-103463
8.97333	-103592
8.97500	-103716
8.97667	-103845
8.97833	-103988
8.98000	-104126
8.98167	-104252
8.98333	-104374
8.98500	-104501
8.98667	-104641
8.98833	-104777
8.99000	-104900
8.99167	-105017
8.99333	-105138
8.99500	-105271
8.99667	-105400
8.99833	-105518
9.00000	-105632
9.00167	-105750
9.00333	-105881
9.00500	-106010
9.00667	-106129
9.00833	-106246
9.01000	-106371
9.01167	-106510
9.01333	-106646
9.01500	-106771
9.01667	-106893
9.01833	-107021
9.02000	-107164
9.02167	-107303
9.02333	-107432
9.02500	-107559
9.02667	-107693
9.02833	-107842
9.03000	-107989
9.03167	-108126
9.03333	-108261
9.03500	-108406
9.03667	-108567
9.03833	-108726
9.04000	-108873
9.04167	-109016
9.04333	-109169
9.04500	-109338
9.04667	-109504
9.04833	-109656
9.05000	-109806
9.05167	-109963
9.05333	-110138
9.05500	-110310
9.05667	-110468
9.05833	-110622
9.06000	-110785
9.06167	-110966
9.06333	-111143
9.06500	-111306
9.06667	-111464
9.06833	-111631
9.07000	-111816
9.07167	-111996
9.07333	-112162
9.07500	-112324
9.07667	-112493
9.07833	-112682
9.08000	-112866
9.08167	-113035
9.08333	-113200
9.08500	-113374
9.08667	-113566
9.08833	-113753
9.09000	-113925
9.09167	-114090
9.09333	-114263
9.09500	-114454
9.09667	-114640
9.09833	-114808
9.10000	-114970
9.10167	-115137
9.10333	-115322
9.10500	-115501
9.10667	-115663
9.10833	-115818
9.11000	-115979
9.11167	-116155
9.11333	-116327
9.11500	-116482
9.11667	-116632
9.11833	-116787
9.12000	-116959
9.12167	-117125
9.12333	-117277
9.12500	-117423
9.12667	-117576
9.12833	-117744
9.13000	-117907
9.13167	-118056
9.13333	-118198
9.13500	-118345
9.13667	-118508
9.13833	-118666
9.14000	-118810
9.14167	-118948
9.14333	-119094
9.14500	-119254
9.14667	-119410
9.14833	-119553
9.15000	-119690
9.15167	-119834
9.15333	-119994
9.15500	-120148
9.15667	-120289
9.15833	-120423
9.16000	-120563
9.16167	-120718
9.16333	-120868
9.16500	-121007
9.16667	-121143
9.16833	-121286
9.17000	-121445
9.17167	-121601
9.17333	-121745
9.17500	-121886
9.17667	-122035
9.17833	-122201
9.18000	-122364
9.18167	-122514
9.18333	-122661
9.18500	-122815
9.18667	-122987
9.18833	-123155
9.19000	-123310
9.19167	-123460
9.19333	-123618
9.19500	-123794
9.19667	-123966
9.19833	-124125
9.20000	-124280
9.20167	-124444
9.20333	-124627
9.20500	-124806
9.20667	-124971
9.20833	-125133
9.21000	-125305
9.21167	-125496
9.21333	-125683
9.21500	-125855
9.21667	-126023
9.21833	-126200
9.22000	-126396
9.22167	-126587
9.22333	-126762
9.22500	-126932
9.22667	-127110
9.22833	-127307
9.23000	-127499
9.23167	-127677
9.23333	-127850
9.23500	-128032
9.23667	-128234
9.23833	-128432
9.24000	-128613
9.24167	-128788
9.24333	-128971
9.24500	-129174
9.24667	-129371
9.24833	-129550
9.25000	-129724
9.25167	-129905
9.25333	-130105
9.25500	-130299
9.25667	-130475
9.25833	-130644
9.26000	-130819
9.26167	-131013
9.26333	-131200
9.26500	-131369
9.26667	-131531
9.26833	-131700
9.27000	-131885
9.27167	-132065
9.27333	-132229
9.27500	-132389
9.27667	-132555
9.27833	-132740
9.28000	-132919
9.28167	-133082
9.28333	-133238
9.28500	-133400
9.28667	-133578
9.28833	-133750
9.29000	-133907
9.29167	-134058
9.29333	-134214
9.29500	-134387
9.29667	-134555
9.29833	-134707
9.30000	-134854
9.30167	-135008
9.30333	-135177
9.30500	-135342
9.30667	-135492
9.30833	-135636
9.31000	-135787
9.31167	-135953
9.31333	-136114
9.31500	-136262
9.31667	-136406
9.31833	-136556
9.32000	-136723
9.32167	-136886
9.32333	-137036
9.32500	-137181
9.32667	-137334
9.32833	-137503
9.33000	-137668
9.33167	-137820
9.33333	-137967
9.33500	-138120
9.33667	-138291
9.33833	-138457
9.34000	-138610
9.34167	-138759
9.34333	-138915
9.34500	-139089
9.34667	-139259
9.34833	-139416
9.35000	-139569
9.35167	-139732
9.35333	-139912
9.35500	-140089
9.35667	-140252
9.35833	-140411
9.36000	-140578
9.36167	-140764
9.36333	-140945
9.36500	-141112
9.36667	-141274
9.36833	-141444
9.37000	-141633
9.37167	-141817
9.37333	-141988
9.37500	-142155
9.37667	-142332
9.37833	-142528
9.38000	-142721
9.38167	-142899
9.38333	-143072
9.38500	-143255
9.38667	-143458
9.38833	-143656
9.39000	-143836
9.39167	-144010
9.39333	-144191
9.39500	-144390
9.39667	-144585
9.39833	-144763
9.40000	-144935
9.40167	-145115
9.40333	-145315
9.40500	-145510
9.40667	-145689
9.40833	-145862
9.41000	-146044
9.41167	-146245
9.41333	-146440
9.41500	-146618
9.41667	-146788
9.41833	-146966
9.42000	-147161
9.42167	-147351
9.42333	-147523
9.42500	-147687
9.42667	-147858
9.42833	-148046
9.43000	-148228
9.43167	-148395
9.43333	-148555
9.43500	-148723
9.43667	-148908
9.43833	-149089
9.44000	-149252
9.44167	-149410
9.44333	-149575
9.44500	-149756
9.44667	-149932
9.44833	-150092
9.45000	-150245
9.45167	-150405
9.45333	-150580
9.45500	-150751
9.45667	-150906
9.45833	-151056
9.46000	-151213
9.46167	-151386
9.46333	-151554
9.46500	-151707
9.46667	-151854
9.46833	-152007
9.47000	-152176
9.47167	-152341
9.47333	-152492
9.47500	-152639
9.47667	-152793
9.47833	-152963
9.48000	-153130
9.48167	-153281
9.48333	-153428
9.48500	-153581
9.48667	-153751
9.48833	-153916
9.49000	-154068
9.49167	-154216
9.49333	-154372
9.49500	-154545
9.49667	-154715
9.49833	-154871
9.50000	-155024
9.50167	-155186
9.50333	-155365
9.50500	-155541
9.50667	-155702
9.50833	-155859
9.51000	-156024
9.51167	-156207
9.51333	-156386
9.51500	-156551
9.51667	-156711
9.51833	-156880
9.52000	-157066
9.52167	-157250
9.52333	-157419
9.52500	-157584
9.52667	-157758
9.52833	-157952
9.53000	-158141
9.53167	-158316
9.53333	-158486
9.53500	-158665
9.53667	-158864
9.53833	-159058
9.54000	-159236
9.54167	-159407
9.54333	-159587
9.54500	-159786
9.54667	-159980
9.54833	-160158
9.55000	-160331
9.55167	-160512
9.55333	-160713
9.55500	-160910
9.55667	-161090
9.55833	-161266
9.56000	-161451
9.56167	-161655
9.56333	-161855
9.56500	-162037
9.56667	-162214
9.56833	-162398
9.57000	-162602
9.57167	-162800
9.57333	-162979
9.57500	-163150
9.57667	-163328
9.57833	-163524
9.58000	-163714
9.58167	-163888
9.58333	-164057
9.58500	-164233
9.58667	-164428
9.58833	-164618
9.59000	-164793
9.59167	-164962
9.59333	-165139
9.59500	-165335
9.59667	-165525
9.59833	-165697
9.60000	-165861
9.60167	-166031
9.60333	-166218
9.60500	-166399
9.60667	-166564
9.60833	-166724
9.61000	-166890
9.61167	-167074
9.61333	-167254
9.61500	-167418
9.61667	-167577
9.61833	-167744
9.62000	-167929
9.62167	-168109
9.62333	-168272
9.62500	-168430
9.62667	-168595
9.62833	-168776
9.63000	-168953
9.63167	-169115
9.63333	-169273
9.63500	-169438
9.63667	-169621
9.63833	-169800
9.64000	-169964
9.64167	-170123
9.64333	-170289
9.64500	-170473
9.64667	-170653
9.64833	-170817
9.65000	-170977
9.65167	-171145
9.65333	-171330
9.65500	-171512
9.65667	-171679
9.65833	-171842
9.66000	-172014
9.66167	-172204
9.66333	-172391
9.66500	-172562
9.66667	-172729
9.66833	-172905
9.67000	-173100
9.67167	-173290
9.67333	-173465
9.67500	-173635
9.67667	-173813
9.67833	-174011
9.68000	-174205
9.68167	-174383
9.68333	-174557
9.68500	-174741
9.68667	-174945
9.68833	-175146
9.69000	-175330
9.69167	-175510
9.69333	-175699
9.69500	-175910
9.69667	-176115
9.69833	-176303
9.70000	-176485
9.70167	-176676
9.70333	-176886
9.70500	-177092
9.70667	-177280
9.70833	-177463
9.71000	-177654
9.71167	-177865
9.71333	-178072
9.71500	-178261
9.71667	-178445
9.71833	-178639
9.72000	-178853
9.72167	-179063
9.72333	-179255
9.72500	-179440
9.72667	-179635
9.72833	-179851
9.73000	-180061
9.73167	-180253
9.73333	-180438
9.73500	-180632
9.73667	-180846
9.73833	-181055
9.74000	-181245
9.74167	-181428
9.74333	-181619
9.74500	-181829
9.74667	-182034
9.74833	-182221
9.75000	-182400
9.75167	-182588
9.75333	-182794
9.75500	-182995
9.75667	-183179
9.75833	-183356
9.76000	-183542
9.76167	-183747
9.76333	-183947
9.76500	-184129
9.76667	-184304
9.76833	-184486
9.77000	-184688
9.77167	-184884
9.77333	-185063
9.77500	-185235
9.77667	-185415
9.77833	-185614
9.78000	-185807
9.78167	-185983
9.78333	-186153
9.78500	-186330
9.78667	-186525
9.78833	-186717
9.79000	-186892
9.79167	-187062
9.79333	-187240
9.79500	-187438
9.79667	-187631
9.79833	-187808
9.80000	-187980
9.80167	-188162
9.80333	-188362
9.80500	-188558
9.80667	-188737
9.80833	-188911
9.81000	-189092
9.81167	-189293
9.81333	-189489
9.81500	-189670
9.81667	-189845
9.81833	-190030
9.82000	-190235
9.82167	-190436
9.82333	-190620
9.82500	-190798
9.82667	-190985
9.82833	-191193
9.83000	-191395
9.83167	-191580
9.83333	-191760
9.83500	-191948
9.83667	-192156
9.83833	-192359
9.84000	-192547
9.84167	-192730
9.84333	-192923
9.84500	-193138
9.84667	-193348
9.84833	-193541
9.85000	-193729
9.85167	-193926
9.85333	-194144
9.85500	-194358
9.85667	-194552
9.85833	-194740
9.86000	-194937
9.86167	-195154
9.86333	-195366
9.86500	-195560
9.86667	-195749
9.86833	-195947
9.87000	-196167
9.87167	-196381
9.87333	-196577
9.87500	-196766
9.87667	-196965
9.87833	-197184
9.88000	-197398
9.88167	-197594
9.88333	-197782
9.88500	-197979
9.88667	-198197
9.88833	-198409
9.89000	-198603
9.89167	-198790
9.89333	-198986
9.89500	-199203
9.89667	-199414
9.89833	-199606
9.90000	-199790
9.90167	-199983
9.90333	-200195
9.90500	-200402
9.90667	-200591
9.90833	-200773
9.91000	-200964
9.91167	-201175
9.91333	-201381
9.91500	-201569
9.91667	-201750
9.91833	-201941
9.92000	-202151
9.92167	-202355
9.92333	-202542
9.92500	-202721
9.92667	-202908
9.92833	-203115
9.93000	-203316
9.93167	-203499
9.93333	-203675
9.93500	-203859
9.93667	-204062
9.93833	-204260
9.94000	-204441
9.94167	-204615
9.94333	-204798
9.94500	-205000
9.94667	-205197
9.94833	-205377
9.95000	-205550
9.95167	-205733
9.95333	-205934
9.95500	-206130
9.95667	-206309
9.95833	-206483
9.96000	-206665
9.96167	-206866
9.96333	-207062
9.96500	-207242
9.96667	-207416
9.96833	-207599
9.97000	-207801
9.97167	-207999
9.97333	-208180
9.97500	-208356
9.97667	-208541
9.97833	-208745
9.98000	-208945
9.98167	-209128
9.98333	-209305
9.98500	-209492
9.98667	-209699
9.98833	-209901
9.99000	-210087
9.99167	-210266
9.99333	-210455
9.99500	-210664
9.99667	-210869
9.99833	-211057
10.00000	-211239
10.00167	-211431
10.00333	-211644
10.00500	-211852
10.00667	-212043
10.00833	-212229
10.01000	-212424
10.01167	-212641
10.01333	-212852
10.01500	-213046
10.01667	-213235
10.01833	-213432
10.02000	-213651
10.02167	-213864
10.02333	-214060
10.02500	-214249
10.02667	-214446
10.02833	-214665
10.03000	-214879
10.03167	-215075
10.03333	-215264
10.03500	-215463
10.03667	-215683
10.03833	-215898
10.04000	-216094
10.04167	-216285
10.04333	-216484
10.04500	-216705
10.04667	-216920
10.04833	-217117
10.05000	-217308
10.05167	-217508
10.05333	-217729
10.05500	-217945
10.05667	-218141
10.05833	-218331
10.06000	-218529
10.06167	-218748
10.06333	-218961
10.06500	-219155
10.06667	-219341
10.06833	-219535
10.07000	-219749
10.07167	-219957
10.07333	-220149
10.07500	-220334
10.07667	-220529
10.07833	-220745
10.08000	-220956
10.08167	-221149
10.08333	-221336
10.08500	-221533
10.08667	-221751
10.08833	-221963
10.09000	-222155
10.09167	-222340
10.09333	-222532
10.09500	-222744
10.09667	-222950
10.09833	-223139
10.10000	-223322
10.10167	-223514
10.10333	-223726
10.10500	-223933
10.10667	-224124
10.10833	-224310
10.11000	-224505
10.11167	-224721
10.11333	-224932
10.11500	-225124
10.11667	-225308
10.11833	-225500
10.12000	-225712
10.12167	-225919
10.12333	-226108
10.12500	-226292
10.12667	-226485
10.12833	-226698
10.13000	-226907
10.13167	-227098
10.13333	-227283
10.13500	-227478
10.13667	-227694
10.13833	-227905
10.14000	-228097
10.14167	-228282
10.14333	-228476
10.14500	-228690
10.14667	-228899
10.14833	-229091
10.15000	-229277
10.15167	-229474
10.15333	-229692
10.15500	-229906
10.15667	-230103
10.15833	-230294
10.16000	-230496
10.16167	-230720
10.16333	-230939
10.16500	-231138
10.16667	-231330
10.16833	-231532
10.17000	-231754
10.17167	-231971
10.17333	-232170
10.17500	-232363
10.17667	-232567
10.17833	-232793
10.18000	-233013
10.18167	-233215
10.18333	-233411
10.18500	-233616
10.18667	-233844
10.18833	-234065
10.19000	-234267
10.19167	-234461
10.19333	-234664
10.19500	-234887
10.19667	-235105
10.19833	-235304
10.20000	-235498
10.20167	-235701
10.20333	-235926
10.20500	-236146
10.20667	-236348
10.20833	-236544
10.21000	-236751
10.21167	-236979
10.21333	-237201
10.21500	-237404
10.21667	-237600
10.21833	-237804
10.22000	-238030
10.22167	-238250
10.22333	-238450
10.22500	-238642
10.22667	-238843
10.22833	-239065
10.23000	-239282
10.23167	-239479
10.23333	-239671
10.23500	-239871
10.23667	-240093
10.23833	-240310
10.24000	-240507
10.24167	-240697
10.24333	-240895
10.24500	-241114
10.24667	-241327
10.24833	-241521
10.25000	-241708
10.25167	-241904
10.25333	-242120
10.25500	-242330
10.25667	-242524
10.25833	-242711
10.26000	-242907
10.26167	-243124
10.26333	-243336
10.26500	-243529
10.26667	-243715
10.26833	-243910
10.27000	-244124
10.27167	-244334
10.27333	-244525
10.27500	-244710
10.27667	-244903
10.27833	-245116
10.28000	-245325
10.28167	-245515
10.28333	-245700
10.28500	-245894
10.28667	-246108
10.28833	-246317
10.29000	-246508
10.29167	-246692
10.29333	-246884
10.29500	-247096
10.29667	-247303
10.29833	-247493
10.30000	-247676
10.30167	-247869
10.30333	-248082
10.30500	-248291
10.30667	-248482
10.30833	-248669
10.31000	-248866
10.31167	-249085
10.31333	-249299
10.31500	-249494
10.31667	-249683
10.31833	-249881
10.32000	-250100
10.32167	-250313
10.32333	-250508
10.32500	-250696
10.32667	-250892
10.32833	-251108
10.33000	-251320
10.33167	-251514
10.33333	-251702
10.33500	-251900
10.33667	-252119
10.33833	-252333
10.34000	-252529
10.34167	-252718
10.34333	-252917
10.34500	-253137
10.34667	-253352
10.34833	-253547
10.35000	-253736
10.35167	-253934
10.35333	-254152
10.35500	-254365
10.35667	-254561
10.35833	-254750
10.36000	-254949
10.36167	-255169
10.36333	-255384
10.36500	-255580
10.36667	-255770
10.36833	-255969
10.37000	-256189
10.37167	-256404
10.37333	-256599
10.37500	-256787
10.37667	-256983
10.37833	-257199
10.38000	-257409
10.38167	-257601
10.38333	-257787
10.38500	-257982
10.38667	-258198
10.38833	-258408
10.39000	-258601
10.39167	-258789
10.39333	-258986
10.39500	-259204
10.39667	-259416
10.39833	-259610
10.40000	-259796
10.40167	-259991
10.40333	-260207
10.40500	-260416
10.40667	-260607
10.40833	-260790
10.41000	-260982
10.41167	-261194
10.41333	-261400
10.41500	-261588
10.41667	-261769
10.41833	-261959
10.42000	-262169
10.42167	-262374
10.42333	-262562
10.42500	-262744
10.42667	-262934
10.42833	-263146
10.43000	-263352
10.43167	-263541
10.43333	-263725
10.43500	-263918
10.43667	-264131
10.43833	-264340
10.44000	-264531
10.44167	-264715
10.44333	-264907
10.44500	-265120
10.44667	-265328
10.44833	-265517
10.45000	-265699
10.45167	-265890
10.45333	-266101
10.45500	-266307
10.45667	-266495
10.45833	-266678
10.46000	-266871
10.46167	-267083
10.46333	-267291
10.46500	-267482
10.46667	-267667
10.46833	-267861
10.47000	-268075
10.47167	-268285
10.47333	-268477
10.47500	-268662
10.47667	-268856
10.47833	-269070
10.48000	-269280
10.48167	-269471
10.48333	-269656
10.48500	-269849
10.48667	-270063
10.48833	-270272
10.49000	-270463
10.49167	-270650
10.49333	-270845
10.49500	-271062
10.49667	-271274
10.49833	-271468
10.50000	-271657
10.50167	-271854
10.50333	-272072
10.50500	-272285
10.50667	-272479
10.50833	-272667
10.51000	-272864
10.51167	-273081
10.51333	-273293
10.51500	-273487
10.51667	-273675
10.51833	-273872
10.52000	-274090
10.52167	-274303
10.52333	-274497
10.52500	-274684
10.52667	-274880
10.52833	-275096
10.53000	-275307
10.53167	-275500
10.53333	-275686
10.53500	-275882
10.53667	-276097
10.53833	-276308
10.54000	-276500
10.54167	-276686
10.54333	-276881
10.54500	-277096
10.54667	-277306
10.54833	-277497
10.55000	-277682
10.55167	-277875
10.55333	-278088
10.55500	-278295
10.55667	-278485
10.55833	-278668
10.56000	-278859
10.56167	-279071
10.56333	-279277
10.56500	-279466
10.56667	-279647
10.56833	-279838
10.57000	-280048
10.57167	-280253
10.57333	-280440
10.57500	-280622
10.57667	-280812
10.57833	-281023
10.58000	-281229
10.58167	-281417
10.58333	-281599
10.58500	-281790
10.58667	-282001
10.58833	-282207
10.59000	-282395
10.59167	-282577
10.59333	-282768
10.59500	-282978
10.59667	-283183
10.59833	-283370
10.60000	-283551
10.60167	-283741
10.60333	-283950
10.60500	-284154
10.60667	-284340
10.60833	-284521
10.61000	-284709
10.61167	-284917
10.61333	-285120
10.61500	-285306
10.61667	-285486
10.61833	-285676
10.62000	-285885
10.62167	-286090
10.62333	-286277
10.62500	-286458
10.62667	-286648
10.62833	-286858
10.63000	-287062
10.63167	-287249
10.63333	-287430
10.63500	-287619
10.63667	-287828
10.63833	-288032
10.64000	-288219
10.64167	-288401
10.64333	-288592
10.64500	-288804
10.64667	-289011
10.64833	-289200
10.65000	-289383
10.65167	-289575
10.65333	-289787
10.65500	-289994
10.65667	-290183
10.65833	-290365
10.66000	-290556
10.66167	-290767
10.66333	-290974
10.66500	-291162
10.66667	-291346
10.66833	-291538
10.67000	-291750
10.67167	-291958
10.67333	-292147
10.67500	-292330
10.67667	-292522
10.67833	-292733
10.68000	-292939
10.68167	-293127
10.68333	-293308
10.68500	-293498
10.68667	-293707
10.68833	-293912
10.69000	-294099
10.69167	-294281
10.69333	-294472
10.69500	-294683
10.69667	-294890
10.69833	-295079
10.70000	-295262
10.70167	-295454
10.70333	-295666
10.70500	-295873
10.70667	-296061
10.70833	-296244
10.71000	-296435
10.71167	-296646
10.71333	-296852
10.71500	-297041
10.71667	-297223
10.71833	-297415
10.72000	-297626
10.72167	-297833
10.72333	-298021
10.72500	-298202
10.72667	-298391
10.72833	-298601
10.73000	-298804
10.73167	-298990
10.73333	-299170
10.73500	-299358
10.73667	-299565
10.73833	-299768
10.74000	-299954
10.74167	-300134
10.74333	-300323
10.74500	-300532
10.74667	-300736
10.74833	-300922
10.75000	-301102
10.75167	-301291
10.75333	-301499
10.75500	-301701
10.75667	-301886
10.75833	-302065
10.76000	-302252
10.76167	-302458
10.76333	-302660
10.76500	-302844
10.76667	-303022
10.76833	-303208
10.77000	-303414
10.77167	-303615
10.77333	-303798
10.77500	-303976
10.77667	-304161
10.77833	-304366
10.78000	-304566
10.78167	-304749
10.78333	-304926
10.78500	-305112
10.78667	-305318
10.78833	-305519
10.79000	-305703
10.79167	-305882
10.79333	-306070
10.79500	-306277
10.79667	-306480
10.79833	-306665
10.80000	-306844
10.80167	-307031
10.80333	-307237
10.80500	-307439
10.80667	-307623
10.80833	-307802
10.81000	-307990
10.81167	-308197
10.81333	-308400
10.81500	-308586
10.81667	-308767
10.81833	-308956
10.82000	-309166
10.82167	-309371
10.82333	-309557
10.82500	-309737
10.82667	-309924
10.82833	-310132
10.83000	-310333
10.83167	-310517
10.83333	-310695
10.83500	-310881
10.83667	-311087
10.83833	-311287
10.84000	-311471
10.84167	-311649
10.84333	-311836
10.84500	-312042
10.84667	-312244
10.84833	-312429
10.85000	-312608
10.85167	-312796
10.85333	-313004
10.85500	-313206
10.85667	-313392
10.85833	-313570
10.86000	-313757
10.86167	-313964
10.86333	-314166
10.86500	-314350
10.86667	-314527
10.86833	-314714
10.87000	-314919
10.87167	-315120
10.87333	-315303
10.87500	-315481
10.87667	-315667
10.87833	-315872
10.88000	-316072
10.88167	-316254
10.88333	-316430
10.88500	-316614
10.88667	-316817
10.88833	-317014
10.89000	-317195
10.89167	-317369
10.89333	-317553
10.89500	-317755
10.89667	-317953
10.89833	-318134
10.90000	-318309
10.90167	-318493
10.90333	-318696
10.90500	-318895
10.90667	-319075
10.90833	-319250
10.91000	-319433
10.91167	-319635
10.91333	-319832
10.91500	-320011
10.91667	-320185
10.91833	-320367
10.92000	-320569
10.92167	-320765
10.92333	-320944
10.92500	-321116
10.92667	-321297
10.92833	-321496
10.93000	-321691
10.93167	-321869
10.93333	-322042
10.93500	-322223
10.93667	-322424
10.93833	-322621
10.94000	-322800
10.94167	-322973
10.94333	-323154
10.94500	-323355
10.94667	-323550
10.94833	-323728
10.95000	-323901
10.95167	-324081
10.95333	-324281
10.95500	-324476
10.95667	-324655
10.95833	-324829
10.96000	-325011
10.96167	-325214
10.96333	-325412
10.96500	-325593
10.96667	-325768
10.96833	-325952
10.97000	-326155
10.97167	-326354
10.97333	-326534
10.97500	-326708
10.97667	-326890
10.97833	-327091
10.98000	-327287
10.98167	-327467
10.98333	-327641
10.98500	-327823
10.98667	-328025
10.98833	-328223
10.99000	-328403
10.99167	-328578
10.99333	-328762
10.99500	-328965
10.99667	-329164
10.99833	-329346
11.00000	-329521
11.00167	-329705
11.00333	-329908
11.00500	-330107
11.00667	-330288
11.00833	-330464
11.01000	-330649
11.01167	-330854
11.01333	-331053
11.01500	-331235
11.01667	-331411
11.01833	-331596
11.02000	-331799
11.02167	-331998
11.02333	-332179
11.02500	-332354
11.02667	-332538
11.02833	-332741
11.03000	-332939
11.03167	-333121
11.03333	-333297
11.03500	-333482
11.03667	-333687
11.03833	-333886
11.04000	-334068
11.04167	-334244
11.04333	-334427
11.04500	-334630
11.04667	-334827
11.04833	-335006
11.05000	-335179
11.05167	-335360
11.05333	-335559
11.05500	-335753
11.05667	-335931
11.05833	-336104
11.06000	-336286
11.06167	-336487
11.06333	-336684
11.06500	-336864
11.06667	-337039
11.06833	-337223
11.07000	-337426
11.07167	-337624
11.07333	-337804
11.07500	-337978
11.07667	-338161
11.07833	-338362
11.08000	-338558
11.08167	-338738
11.08333	-338912
11.08500	-339095
11.08667	-339296
11.08833	-339493
11.09000	-339674
11.09167	-339849
11.09333	-340033
11.09500	-340236
11.09667	-340435
11.09833	-340617
11.10000	-340792
11.10167	-340976
11.10333	-341178
11.10500	-341376
11.10667	-341558
11.10833	-341734
11.11000	-341918
11.11167	-342123
11.11333	-342322
11.11500	-342505
11.11667	-342681
11.11833	-342867
11.12000	-343071
11.12167	-343271
11.12333	-343454
11.12500	-343632
11.12667	-343817
11.12833	-344023
11.13000	-344224
11.13167	-344409
11.13333	-344588
11.13500	-344777
11.13667	-344986
11.13833	-345191
11.14000	-345377
11.14167	-345558
11.14333	-345747
11.14500	-345956
11.14667	-346159
11.14833	-346346
11.15000	-346527
11.15167	-346716
11.15333	-346926
11.15500	-347131
11.15667	-347320
11.15833	-347502
11.16000	-347694
11.16167	-347907
11.16333	-348114
11.16500	-348304
11.16667	-348488
11.16833	-348682
11.17000	-348895
11.17167	-349104
11.17333	-349294
11.17500	-349479
11.17667	-349671
11.17833	-349884
11.18000	-350092
11.18167	-350283
11.18333	-350467
11.18500	-350660
11.18667	-350873
11.18833	-351081
11.19000	-351273
11.19167	-351458
11.19333	-351653
11.19500	-351868
11.19667	-352079
11.19833	-352272
11.20000	-352460
11.20167	-352656
11.20333	-352874
11.20500	-353086
11.20667	-353280
11.20833	-353467
11.21000	-353664
11.21167	-353881
11.21333	-354093
11.21500	-354287
11.21667	-354474
11.21833	-354671
11.22000	-354888
11.22167	-355100
11.22333	-355294
11.22500	-355482
11.22667	-355680
11.22833	-355899
11.23000	-356113
11.23167	-356309
11.23333	-356499
11.23500	-356698
11.23667	-356918
11.23833	-357133
11.24000	-357330
11.24167	-357521
11.24333	-357721
11.24500	-357942
11.24667	-358158
11.24833	-358356
11.25000	-358547
11.25167	-358748
11.25333	-358971
11.25500	-359187
11.25667	-359386
11.25833	-359578
11.26000	-359779
11.26167	-360001
11.26333	-360219
11.26500	-360417
11.26667	-360610
11.26833	-360812
11.27000	-361036
11.27167	-361254
11.27333	-361454
11.27500	-361647
11.27667	-361849
11.27833	-362072
11.28000	-362291
11.28167	-362490
11.28333	-362683
11.28500	-362885
11.28667	-363109
11.28833	-363327
11.29000	-363527
11.29167	-363720
11.29333	-363924
11.29500	-364150
11.29667	-364370
11.29833	-364572
11.30000	-364768
11.30167	-364974
11.30333	-365202
11.30500	-365425
11.30667	-365628
11.30833	-365824
11.31000	-366028
11.31167	-366255
11.31333	-366475
11.31500	-366677
11.31667	-366871
11.31833	-367076
11.32000	-367301
11.32167	-367521
11.32333	-367723
11.32500	-367918
11.32667	-368123
11.32833	-368349
11.33000	-368570
11.33167	-368773
11.33333	-368968
11.33500	-369174
11.33667	-369401
11.33833	-369623
11.34000	-369825
11.34167	-370020
11.34333	-370223
11.34500	-370448
11.34667	-370667
11.34833	-370866
11.35000	-371059
11.35167	-371261
11.35333	-371484
11.35500	-371702
11.35667	-371901
11.35833	-372095
11.36000	-372299
11.36167	-372524
11.36333	-372744
11.36500	-372945
11.36667	-373138
11.36833	-373341
11.37000	-373564
11.37167	-373782
11.37333	-373981
11.37500	-374172
11.37667	-374373
11.37833	-374594
11.38000	-374809
11.38167	-375006
11.38333	-375195
11.38500	-375392
11.38667	-375610
11.38833	-375822
11.39000	-376016
11.39167	-376204
11.39333	-376400
11.39500	-376618
11.39667	-376830
11.39833	-377023
11.40000	-377210
11.40167	-377406
11.40333	-377622
11.40500	-377833
11.40667	-378025
11.40833	-378211
11.41000	-378405
11.41167	-378619
11.41333	-378829
11.41500	-379020
11.41667	-379205
11.41833	-379400
11.42000	-379615
11.42167	-379824
11.42333	-380015
11.42500	-380198
11.42667	-380390
11.42833	-380601
11.43000	-380806
11.43167	-380994
11.43333	-381175
11.43500	-381364
11.43667	-381572
11.43833	-381775
11.44000	-381961
11.44167	-382140
11.44333	-382328
11.44500	-382536
11.44667	-382738
11.44833	-382923
11.45000	-383102
11.45167	-383288
11.45333	-383495
11.45500	-383696
11.45667	-383879
11.45833	-384056
11.46000	-384242
11.46167	-384447
11.46333	-384647
11.46500	-384829
11.46667	-385004
11.46833	-385187
11.47000	-385388
11.47167	-385585
11.47333	-385764
11.47500	-385937
11.47667	-386118
11.47833	-386318
11.48000	-386513
11.48167	-386691
11.48333	-386864
11.48500	-387045
11.48667	-387245
11.48833	-387439
11.49000	-387616
11.49167	-387787
11.49333	-387965
11.49500	-388162
11.49667	-388353
11.49833	-388528
11.50000	-388697
11.50167	-388873
11.50333	-389069
11.50500	-389259
11.50667	-389433
11.50833	-389600
11.51000	-389775
11.51167	-389968
11.51333	-390156
11.51500	-390327
11.51667	-390492
11.51833	-390663
11.52000	-390852
11.52167	-391037
11.52333	-391205
11.52500	-391367
11.52667	-391536
11.52833	-391723
11.53000	-391905
11.53167	-392071
11.53333	-392231
11.53500	-392398
11.53667	-392582
11.53833	-392762
11.54000	-392925
11.54167	-393083
11.54333	-393247
11.54500	-393429
11.54667	-393606
11.54833	-393767
11.55000	-393923
11.55167	-394087
11.55333	-394267
11.55500	-394443
11.55667	-394603
11.55833	-394758
11.56000	-394920
11.56167	-395099
11.56333	-395273
11.56500	-395430
11.56667	-395582
11.56833	-395739
11.57000	-395912
11.57167	-396080
11.57333	-396233
11.57500	-396382
11.57667	-396537
11.57833	-396708
11.58000	-396876
11.58167	-397029
11.58333	-397178
11.58500	-397333
11.58667	-397506
11.58833	-397674
11.59000	-397826
11.59167	-397973
11.59333	-398125
11.59500	-398293
11.59667	-398456
11.59833	-398604
11.60000	-398747
11.60167	-398896
11.60333	-399061
11.60500	-399222
11.60667	-399369
11.60833	-399512
11.61000	-399661
11.61167	-399827
11.61333	-399989
11.61500	-400136
11.61667	-400278
11.61833	-400427
11.62000	-400591
11.62167	-400751
11.62333	-400896
11.62500	-401036
11.62667	-401182
11.62833	-401343
11.63000	-401499
11.63167	-401642
11.63333	-401779
11.63500	-401923
11.63667	-402081
11.63833	-402236
11.64000	-402377
11.64167	-402513
11.64333	-402656
11.64500	-402815
11.64667	-402969
11.64833	-403109
11.65000	-403245
11.65167	-403386
11.65333	-403542
11.65500	-403694
11.65667	-403831
11.65833	-403964
11.66000	-404103
11.66167	-404255
11.66333	-404404
11.66500	-404540
11.66667	-404671
11.66833	-404810
11.67000	-404962
11.67167	-405111
11.67333	-405247
11.67500	-405377
11.67667	-405513
11.67833	-405663
11.68000	-405808
11.68167	-405940
11.68333	-406068
11.68500	-406201
11.68667	-406347
11.68833	-406489
11.69000	-406620
11.69167	-406745
11.69333	-406877
11.69500	-407022
11.69667	-407163
11.69833	-407293
11.70000	-407418
11.70167	-407549
11.70333	-407694
11.70500	-407835
11.70667	-407963
11.70833	-408088
11.71000	-408217
11.71167	-408361
11.71333	-408500
11.71500	-408627
11.71667	-408749
11.71833	-408877
11.72000	-409018
11.72167	-409155
11.72333	-409280
11.72500	-409401
11.72667	-409527
11.72833	-409667
11.73000	-409803
11.73167	-409927
11.73333	-410046
11.73500	-410171
11.73667	-410309
11.73833	-410444
11.74000	-410566
11.74167	-410684
11.74333	-410807
11.74500	-410942
11.74667	-411074
11.74833	-411195
11.75000	-411310
11.75167	-411431
11.75333	-411565
11.75500	-411695
11.75667	-411813
11.75833	-411928
11.76000	-412047
11.76167	-412178
11.76333	-412306
11.76500	-412424
11.76667	-412538
11.76833	-412658
11.77000	-412790
11.77167	-412919
11.77333	-413038
11.77500	-413152
11.77667	-413272
11.77833	-413404
11.78000	-413532
11.78167	-413649
11.78333	-413760
11.78500	-413875
11.78667	-414002
11.78833	-414125
11.79000	-414238
11.79167	-414347
11.79333	-414461
11.79500	-414588
11.79667	-414712
11.79833	-414824
11.80000	-414933
11.80167	-415047
11.80333	-415172
11.80500	-415294
11.80667	-415405
11.80833	-415513
11.81000	-415624
11.81167	-415748
11.81333	-415868
11.81500	-415979
11.81667	-416086
11.81833	-416198
11.82000	-416323
11.82167	-416444
11.82333	-416555
11.82500	-416661
11.82667	-416771
11.82833	-416893
11.83000	-417011
11.83167	-417119
11.83333	-417223
11.83500	-417331
11.83667	-417450
11.83833	-417566
11.84000	-417672
11.84167	-417773
11.84333	-417879
11.84500	-417995
11.84667	-418108
11.84833	-418210
11.85000	-418308
11.85167	-418409
11.85333	-418520
11.85500	-418629
11.85667	-418729
11.85833	-418826
11.86000	-418927
11.86167	-419040
11.86333	-419150
11.86500	-419251
11.86667	-419348
11.86833	-419450
11.87000	-419563
11.87167	-419672
11.87333	-419772
11.87500	-419866
11.87667	-419965
11.87833	-420073
11.88000	-420178
11.88167	-420273
11.88333	-420364
11.88500	-420459
11.88667	-420564
11.88833	-420666
11.89000	-420758
11.89167	-420847
11.89333	-420939
11.89500	-421041
11.89667	-421140
11.89833	-421230
11.90000	-421318
11.90167	-421409
11.90333	-421510
11.90500	-421609
11.90667	-421698
11.90833	-421784
11.91000	-421873
11.91167	-421971
11.91333	-422066
11.91500	-422153
11.91667	-422236
11.91833	-422323
11.92000	-422419
11.92167	-422512
11.92333	-422597
11.92500	-422679
11.92667	-422765
11.92833	-422859
11.93000	-422951
11.93167	-423034
11.93333	-423114
11.93500	-423197
11.93667	-423288
11.93833	-423376
11.94000	-423457
11.94167	-423534
11.94333	-423614
11.94500	-423702
11.94667	-423788
11.94833	-423866
11.95000	-423941
11.95167	-424018
11.95333	-424104
11.95500	-424187
11.95667	-424262
11.95833	-424336
11.96000	-424412
11.96167	-424497
11.96333	-424579
11.96500	-424654
11.96667	-424725
11.96833	-424800
11.97000	-424882
11.97167	-424961
11.97333	-425033
11.97500	-425102
11.97667	-425174
11.97833	-425253
11.98000	-425329
11.98167	-425398
11.98333	-425464
11.98500	-425533
11.98667	-425608
11.98833	-425681
11.99000	-425747
11.99167	-425810
11.99333	-425876
11.99500	-425948
11.99667	-426018
11.99833	-426082
12.00000	-426144
12.00167	-426207
12.00333	-426278
12.00500	-426346
12.00667	-426407
12.00833	-426466
12.01000	-426527
12.01167	-426593
12.01333	-426658
12.01500	-426716
12.01667	-426772
12.01833	-426830
12.02000	-426893
12.02167	-426955
12.02333	-427011
12.02500	-427064
12.02667	-427120
12.02833	-427180
12.03000	-427240
12.03167	-427293
12.03333	-427345
12.03500	-427399
12.03667	-427459
12.03833	-427517
12.04000	-427569
12.04167	-427618
12.04333	-427669
12.04500	-427725
12.04667	-427778
12.04833	-427827
12.05000	-427873
12.05167	-427920
12.05333	-427973
12.05500	-428023
12.05667	-428070
12.05833	-428114
12.06000	-428161
12.06167	-428213
12.06333	-428263
12.06500	-428309
12.06667	-428352
12.06833	-428397
12.07000	-428445
12.07167	-428493
12.07333	-428536
12.07500	-428577
12.07667	-428621
12.07833	-428668
12.08000	-428714
12.08167	-428756
12.08333	-428796
12.08500	-428838
12.08667	-428883
12.08833	-428928
12.09000	-428967
12.09167	-429004
12.09333	-429042
12.09500	-429084
12.09667	-429125
12.09833	-429162
12.10000	-429198
12.10167	-429235
12.10333	-429277
12.10500	-429318
12.10667	-429354
12.10833	-429390
12.11000	-429427
12.11167	-429467
12.11333	-429506
12.11500	-429541
12.11667	-429574
12.11833	-429609
12.12000	-429646
12.12167	-429682
12.12333	-429715
12.12500	-429747
12.12667	-429780
12.12833	-429816
12.13000	-429851
12.13167	-429883
12.13333	-429914
12.13500	-429945
12.13667	-429980
12.13833	-430014
12.14000	-430043
12.14167	-430072
12.14333	-430100
12.14500	-430132
12.14667	-430162
12.14833	-430190
12.15000	-430216
12.15167	-430244
12.15333	-430274
12.15500	-430303
12.15667	-430329
12.15833	-430355
12.16000	-430382
12.16167	-430411
12.16333	-430439
12.16500	-430464
12.16667	-430488
12.16833	-430512
12.17000	-430538
12.17167	-430563
12.17333	-430585
12.17500	-430607
12.17667	-430630
12.17833	-430655
12.18000	-430679
12.18167	-430702
12.18333	-430723
12.18500	-430746
12.18667	-430772
12.18833	-430797
12.19000	-430819
12.19167	-430840
12.19333	-430863
12.19500	-430887
12.19667	-430910
12.19833	-430931
12.20000	-430950
12.20167	-430970
12.20333	-430991
12.20500	-431011
12.20667	-431029
12.20833	-431046
12.21000	-431064
12.21167	-431084
12.21333	-431103
12.21500	-431121
12.21667	-431137
12.21833	-431155
12.22000	-431174
12.22167	-431192
12.22333	-431208
12.22500	-431224
12.22667	-431240
12.22833	-431258
12.23000	-431275
12.23167	-431292
12.23333	-431308
12.23500	-431325
12.23667	-431344
12.23833	-431362
12.24000	-431379
12.24167	-431395
12.24333	-431412
12.24500	-431430
12.24667	-431448
12.24833	-431464
12.25000	-431480
12.25167	-431495
12.25333	-431512
12.25500	-431528
12.25667	-431543
12.25833	-431557
12.26000	-431571
12.26167	-431586
12.26333	-431601
12.26500	-431615
12.26667	-431628
12.26833	-431642
12.27000	-431657
12.27167	-431673
12.27333	-431687
12.27500	-431701
12.27667	-431716
12.27833	-431733
12.28000	-431749
12.28167	-431764
12.28333	-431779
12.28500	-431793
12.28667	-431810
12.28833	-431825
12.29000	-431839
12.29167	-431851
12.29333	-431863
12.29500	-431877
12.29667	-431889
12.29833	-431900
12.30000	-431911
12.30167	-431922
12.30333	-431934
12.30500	-431945
12.30667	-431955
12.30833	-431965
12.31000	-431976
12.31167	-431987
12.31333	-431998
12.31500	-432009
12.31667	-432019
12.31833	-432029
12.32000	-432041
12.32167	-432052
12.32333	-432062
12.32500	-432072
12.32667	-432082
12.32833	-432094
12.33000	-432105
12.33167	-432115
12.33333	-432124
12.33500	-432134
12.33667	-432146
12.33833	-432156
12.34000	-432166
12.34167	-432176
12.34333	-432185
12.34500	-432196
12.34667	-432206
12.34833	-432215
12.35000	-432223
12.35167	-432231
12.35333	-432239
12.35500	-432248
12.35667	-432255
12.35833	-432262
12.36000	-432270
12.36167	-432278
12.36333	-432286
12.36500	-432294
12.36667	-432303
12.36833	-432312
12.37000	-432322
12.37167	-432332
12.37333	-432340
12.37500	-432348
12.37667	-432357
12.37833	-432365
12.38000	-432374
12.38167	-432381
12.38333	-432388
12.38500	-432394
12.38667	-432401
12.38833	-432408
12.39000	-432415
12.39167	-432422
12.39333	-432431
12.39500	-432441
12.39667	-432451
12.39833	-432460
12.40000	-432469
12.40167	-432478
12.40333	-432489
12.40500	-432499
12.40667	-432508
12.40833	-432516
12.41000	-432524
12.41167	-432532
12.41333	-432540
12.41500	-432548
12.41667	-432555
12.41833	-432562
12.42000	-432571
12.42167	-432579
12.42333	-432586
12.42500	-432593
12.42667	-432601
12.42833	-432609
12.43000	-432617
12.43167	-432624
12.43333	-432632
12.43500	-432640
12.43667	-432650
12.43833	-432659
12.44000	-432668
12.44167	-432677
12.44333	-432686
12.44500	-432696
12.44667	-432706
12.44833	-432715
12.45000	-432723
12.45167	-432731
12.45333	-432739
12.45500	-432747
12.45667	-432753
12.45833	-432759
12.46000	-432765
12.46167	-432772
12.46333	-432778
12.46500	-432784
12.46667	-432789
12.46833	-432795
12.47000	-432801
12.47167	-432808
12.47333	-432814
12.47500	-432820
12.47667	-432827
12.47833	-432835
12.48000	-432843
12.48167	-432851
12.48333	-432858
12.48500	-432865
12.48667	-432874
12.48833	-432882
12.49000	-432889
12.49167	-432896
12.49333	-432902
12.49500	-432910
12.49667	-432917
12.49833	-432924
12.50000	-432930
12.50167	-432937
12.50333	-432945
12.50500	-432952
12.50667	-432959
12.50833	-432965
12.51000	-432971
12.51167	-432978
12.51333	-432985
12.51500	-432991
12.51667	-432996
12.51833	-433002
12.52000	-433008
12.52167	-433014
12.52333	-433019
12.52500	-433024
12.52667	-433030
12.52833	-433036
12.53000	-433042
12.53167	-433048
12.53333	-433055
12.53500	-433061
12.53667	-433069
12.53833	-433077
12.54000	-433084
12.54167	-433090
12.54333	-433097
12.54500	-433105
12.54667	-433112
12.54833	-433118
12.55000	-433125
12.55167	-433131
12.55333	-433139
12.55500	-433146
12.55667	-433152
12.55833	-433159
12.56000	-433166
12.56167	-433173
12.56333	-433181
12.56500	-433187
12.56667	-433194
12.56833	-433200
12.57000	-433207
12.57167	-433214
12.57333	-433221
12.57500	-433228
12.57667	-433235
12.57833	-433244
12.58000	-433252
12.58167	-433260
12.58333	-433267
12.58500	-433274
12.58667	-433281
12.58833	-433288
12.59000	-433295
12.59167	-433301
12.59333	-433307
12.59500	-433313
12.59667	-433320
12.59833	-433326
12.60000	-433332
12.60167	-433339
12.60333	-433347
12.60500	-433355
12.60667	-433363
12.60833	-433370
12.61000	-433378
12.61167	-433386
12.61333	-433395
12.61500	-433402
12.61667	-433409
12.61833	-433416
12.62000	-433423
12.62167	-433431
12.62333	-433437
12.62500	-433443
12.62667	-433449
12.62833	-433455
12.63000	-433462
12.63167	-433468
12.63333	-433473
12.63500	-433480
12.63667	-433486
12.63833	-433493
12.64000	-433499
12.64167	-433505
12.64333	-433512
12.64500	-433519
12.64667	-433526
12.64833	-433532
12.65000	-433538
12.65167	-433544
12.65333	-433550
12.65500	-433557
12.65667	-433563
12.65833	-433570
12.66000	-433576
12.66167	-433583
12.66333	-433590
12.66500	-433597
12.66667	-433603
12.66833	-433609
12.67000	-433616
12.67167	-433623
12.67333	-433629
12.67500	-433634
12.67667	-433639
12.67833	-433644
12.68000	-433649
12.68167	-433654
12.68333	-433659
12.68500	-433665
12.68667	-433671
12.68833	-433677
12.69000	-433683
12.69167	-433689
12.69333	-433695
12.69500	-433702
12.69667	-433709
12.69833	-433716
12.70000	-433722
12.70167	-433728
12.70333	-433734
12.70500	-433741
12.70667	-433747
12.70833	-433753
12.71000	-433760
12.71167	-433768
12.71333	-433775
12.71500	-433782
12.71667	-433790
12.71833	-433797
12.72000	-433806
12.72167	-433814
12.72333	-433821
12.72500	-433828
12.72667	-433834
12.72833	-433840
12.73000	-433846
12.73167	-433852
12.73333	-433857
12.73500	-433863
12.73667	-433868
12.73833	-433874
12.74000	-433880
12.74167	-433886
12.74333	-433894
12.74500	-433902
12.74667	-433910
12.74833	-433917
12.75000	-433924
12.75167	-433931
12.75333	-433939
12.75500	-433947
12.75667	-433953
12.75833	-433958
12.76000	-433963
12.76167	-433968
12.76333	-433973
12.76500	-433977
12.76667	-433982
12.76833	-433987
12.77000	-433993
12.77167	-433999
12.77333	-434004
12.77500	-434010
12.77667	-434017
12.77833	-434024
12.78000	-434031
12.78167	-434036
12.78333	-434040
12.78500	-434044
12.78667	-434048
12.78833	-434051
12.79000	-434054
12.79167	-434057
12.79333	-434061
12.79500	-434065
12.79667	-434069
12.79833	-434074
12.80000	-434079
12.80167	-434085
12.80333	-434092
12.80500	-434099
12.80667	-434104
12.80833	-434110
12.81000	-434114
12.81167	-434119
12.81333	-434124
12.81500	-434128
12.81667	-434132
12.81833	-434135
12.82000	-434139
12.82167	-434142
12.82333	-434145
12.82500	-434148
12.82667	-434152
12.82833	-434155
12.83000	-434160
12.83167	-434164
12.83333	-434169
12.83500	-434174
12.83667	-434181
12.83833	-434188
12.84000	-434193
12.84167	-434199
12.84333	-434204
12.84500	-434210
12.84667	-434215
12.84833	-434219
12.85000	-434223
12.85167	-434226
12.85333	-434230
12.85500	-434233
12.85667	-434236
12.85833	-434239
12.86000	-434242
12.86167	-434246
12.86333	-434249
12.86500	-434253
12.86667	-434256
12.86833	-434260
12.87000	-434264
12.87167	-434268
12.87333	-434273
12.87500	-434278
12.87667	-434284
12.87833	-434291
12.88000	-434298
12.88167	-434304
12.88333	-434311
12.88500	-434317
12.88667	-434324
12.88833	-434331
12.89000	-434337
12.89167	-434342
12.89333	-434348
12.89500	-434354
12.89667	-434359
12.89833	-434364
12.90000	-434368
12.90167	-434372
12.90333	-434376
12.90500	-434380
12.90667	-434384
12.90833	-434388
12.91000	-434392
12.91167	-434397
12.91333	-434402
12.91500	-434407
12.91667	-434412
12.91833	-434416
12.92000	-434422
12.92167	-434427
12.92333	-434432
12.92500	-434436
12.92667	-434441
12.92833	-434446
12.93000	-434451
12.93167	-434455
12.93333	-434459
12.93500	-434463
12.93667	-434468
12.93833	-434472
12.94000	-434476
12.94167	-434480
12.94333	-434484
12.94500	-434488
12.94667	-434492
12.94833	-434496
12.95000	-434499
12.95167	-434503
12.95333	-434508
12.95500	-434512
12.95667	-434517
12.95833	-434520
12.96000	-434524
12.96167	-434529
12.96333	-434533
12.96500	-434538
12.96667	-434542
12.96833	-434547
12.97000	-434552
12.97167	-434558
12.97333	-434563
12.97500	-434567
12.97667	-434572
12.97833	-434577
12.98000	-434582
12.98167	-434587
12.98333	-434592
12.98500	-434597
12.98667	-434603
12.98833	-434609
12.99000	-434615
12.99167	-434620
12.99333	-434626
12.99500	-434632
12.99667	-434637
12.99833	-434642
13.00000	-434647
13.00167	-434651
13.00333	-434655
13.00500	-434659
13.00667	-434663
13.00833	-434667
13.01000	-434670
13.01167	-434674
13.01333	-434678
13.01500	-434681
13.01667	-434685
13.01833	-434689
13.02000	-434694
13.02167	-434699
13.02333	-434703
13.02500	-434708
13.02667	-434713
13.02833	-434719
13.03000	-434725
13.03167	-434730
13.03333	-434735
13.03500	-434740
13.03667	-434745
13.03833	-434750
13.04000	-434754
13.04167	-434759
13.04333	-434764
13.04500	-434769
13.04667	-434774
13.04833	-434779
13.05000	-434783
13.05167	-434787
13.05333	-434791
13.05500	-434795
13.05667	-434798
13.05833	-434801
13.06000	-434803
13.06167	-434806
13.06333	-434809
13.06500	-434811
13.06667	-434814
13.06833	-434817
13.07000	-434820
13.07167	-434823
13.07333	-434826
13.07500	-434829
13.07667	-434833
13.07833	-434836
13.08000	-434840
13.08167	-434843
13.08333	-434846
13.08500	-434849
13.08667	-434852
13.08833	-434855
13.09000	-434858
13.09167	-434860
13.09333	-434862
13.09500	-434864
13.09667	-434865
13.09833	-434867
13.10000	-434869
13.10167	-434872
13.10333	-434875
13.10500	-434877
13.10667	-434879
13.10833	-434881
13.11000	-434883
13.11167	-434884
13.11333	-434885
13.11500	-434886
13.11667	-434886
13.11833	-434886
13.12000	-434886
13.12167	-434886
13.12333	-434886
13.12500	-434887
13.12667	-434889
13.12833	-434891
13.13000	-434893
13.13167	-434895
13.13333	-434897
13.13500	-434899
13.13667	-434901
13.13833	-434903
13.14000	-434905
13.14167	-434906
13.14333	-434907
13.14500	-434908
13.14667	-434909
13.14833	-434910
13.15000	-434911
13.15167	-434912
13.15333	-434913
13.15500	-434914
13.15667	-434915
13.15833	-434917
13.16000	-434918
13.16167	-434919
13.16333	-434920
13.16500	-434922
13.16667	-434923
13.16833	-434924
13.17000	-434926
13.17167	-434927
13.17333	-434929
13.17500	-434930
13.17667	-434932
13.17833	-434934
13.18000	-434935
13.18167	-434936
13.18333	-434936
13.18500	-434936
13.18667	-434936
13.18833	-434936
13.19000	-434935
13.19167	-434936
13.19333	-434936
13.19500	-434936
13.19667	-434937
13.19833	-434938
13.20000	-434939
13.20167	-434941
13.20333	-434943
13.20500	-434945
13.20667	-434947
13.20833	-434948
13.21000	-434950
13.21167	-434952
13.21333	-434953
13.21500	-434955
13.21667	-434957
13.21833	-434959
13.22000	-434962
13.22167	-434964
13.22333	-434966
13.22500	-434967
13.22667	-434968
13.22833	-434968
13.23000	-434968
13.23167	-434968
13.23333	-434967
13.23500	-434966
13.23667	-434965
13.23833	-434964
13.24000	-434963
13.24167	-434962
13.24333	-434962
13.24500	-434963
13.24667	-434964
13.24833	-434965
13.25000	-434966
13.25167	-434967
13.25333	-434969
13.25500	-434970
13.25667	-434971
13.25833	-434971
13.26000	-434971
13.26167	-434970
13.26333	-434968
13.26500	-434968
13.26667	-434967
13.26833	-434967
13.27000	-434966
13.27167	-434966
13.27333	-434967
13.27500	-434967
13.27667	-434968
13.27833	-434969
13.28000	-434970
13.28167	-434970
13.28333	-434970
13.28500	-434970
13.28667	-434970
13.28833	-434969
13.29000	-434968
13.29167	-434968
13.29333	-434967
13.29500	-434967
13.29667	-434966
13.29833	-434966
13.30000	-434965
13.30167	-434964
13.30333	-434963
13.30500	-434962
13.30667	-434962
13.30833	-434962
13.31000	-434962
13.31167	-434962
13.31333	-434963
13.31500	-434964
13.31667	-434965
13.31833	-434967
13.32000	-434969
13.32167	-434971
13.32333	-434973
13.32500	-434975
13.32667	-434977
13.32833	-434979
13.33000	-434981
13.33167	-434982
13.33333	-434983
13.33500	-434984
13.33667	-434985
13.33833	-434986
13.34000	-434987
13.34167	-434989
13.34333	-434991
13.34500	-434994
13.34667	-434997
13.34833	-434999
13.35000	-435002
13.35167	-435005
13.35333	-435007
13.35500	-435010
13.35667	-435012
13.35833	-435013
13.36000	-435014
13.36167	-435014
13.36333	-435014
13.36500	-435015
13.36667	-435016
13.36833	-435017
13.37000	-435018
13.37167	-435020
13.37333	-435021
13.37500	-435023
13.37667	-435025
13.37833	-435026
13.38000	-435028
13.38167	-435030
13.38333	-435032
13.38500	-435034
13.38667	-435037
13.38833	-435040
13.39000	-435042
13.39167	-435044
13.39333	-435046
13.39500	-435048
13.39667	-435051
13.39833	-435052
13.40000	-435054
13.40167	-435056
13.40333	-435057
13.40500	-435059
13.40667	-435061
13.40833	-435063
13.41000	-435065
13.41167	-435067
13.41333	-435069
13.41500	-435070
13.41667	-435072
13.41833	-435073
13.42000	-435075
13.42167	-435076
13.42333	-435077
13.42500	-435079
13.42667	-435080
13.42833	-435082
13.43000	-435083
13.43167	-435085
13.43333	-435087
13.43500	-435088
13.43667	-435091
13.43833	-435093
13.44000	-435095
13.44167	-435097
13.44333	-435100
13.44500	-435103
13.44667	-435106
13.44833	-435108
13.45000	-435111
13.45167	-435113
13.45333	-435116
13.45500	-435119
13.45667	-435121
13.45833	-435124
13.46000	-435126
13.46167	-435128
13.46333	-435130
13.46500	-435132
13.46667	-435134
13.46833	-435136
13.47000	-435139
13.47167	-435142
13.47333	-435145
13.47500	-435147
13.47667	-435150
13.47833	-435154
13.48000	-435157
13.48167	-435161
13.48333	-435164
13.48500	-435168
13.48667	-435172
13.48833	-435176
13.49000	-435180
13.49167	-435183
13.49333	-435186
13.49500	-435190
13.49667	-435193
13.49833	-435197
13.50000	-435200
13.50167	-435204
13.50333	-435208
13.50500	-435212
13.50667	-435216
13.50833	-435221
13.51000	-435226
13.51167	-435231
13.51333	-435236
13.51500	-435241
13.51667	-435246
13.51833	-435251
13.52000	-435257
13.52167	-435262
13.52333	-435267
13.52500	-435271
13.52667	-435275
13.52833	-435279
13.53000	-435283
13.53167	-435286
13.53333	-435289
13.53500	-435292
13.53667	-435296
13.53833	-435299
13.54000	-435303
13.54167	-435306
13.54333	-435309
13.54500	-435312
13.54667	-435316
13.54833	-435320
13.55000	-435324
13.55167	-435328
13.55333	-435333
13.55500	-435339
13.55667	-435344
13.55833	-435350
13.56000	-435356
13.56167	-435363
13.56333	-435369
13.56500	-435374
13.56667	-435378
13.56833	-435382
13.57000	-435385
13.57167	-435388
13.57333	-435391
13.57500	-435393
13.57667	-435396
13.57833	-435399
13.58000	-435403
13.58167	-435406
13.58333	-435409
13.58500	-435413
13.58667	-435418
13.58833	-435422
13.59000	-435426
13.59167	-435431
13.59333	-435436
13.59500	-435441
13.59667	-435447
13.59833	-435452
13.60000	-435457
13.60167	-435462
13.60333	-435467
13.60500	-435471
13.60667	-435475
13.60833	-435477
13.61000	-435479
13.61167	-435481
13.61333	-435483
13.61500	-435485
13.61667	-435488
13.61833	-435492
13.62000	-435497
13.62167	-435502
13.62333	-435507
13.62500	-435513
13.62667	-435520
13.62833	-435528
13.63000	-435535
13.63167	-435541
13.63333	-435547
13.63500	-435553
13.63667	-435558
13.63833	-435564
13.64000	-435568
13.64167	-435572
13.64333	-435577
13.64500	-435581
13.64667	-435585
13.64833	-435589
13.65000	-435593
13.65167	-435597
13.65333	-435602
13.65500	-435606
13.65667	-435611
13.65833	-435615
13.66000	-435619
13.66167	-435624
13.66333	-435629
13.66500	-435634
13.66667	-435638
13.66833	-435643
13.67000	-435648
13.67167	-435652
13.67333	-435657
13.67500	-435661
13.67667	-435665
13.67833	-435669
13.68000	-435674
13.68167	-435677
13.68333	-435681
13.68500	-435684
13.68667	-435687
13.68833	-435690
13.69000	-435693
13.69167	-435697
13.69333	-435700
13.69500	-435704
13.69667	-435708
13.69833	-435711
13.70000	-435714
13.70167	-435717
13.70333	-435720
13.70500	-435723
13.70667	-435726
13.70833	-435729
13.71000	-435732
13.71167	-435736
13.71333	-435739
13.71500	-435742
13.71667	-435745
13.71833	-435747
13.72000	-435750
13.72167	-435753
13.72333	-435756
13.72500	-435758
13.72667	-435760
13.72833	-435762
13.73000	-435764
13.73167	-435765
13.73333	-435767
13.73500	-435769
13.73667	-435770
13.73833	-435772
13.74000	-435773
13.74167	-435774
13.74333	-435776
13.74500	-435777
13.74667	-435778
13.74833	-435780
13.75000	-435782
13.75167	-435784
13.75333	-435786
13.75500	-435788
13.75667	-435790
13.75833	-435791
13.76000	-435793
13.76167	-435794
13.76333	-435795
13.76500	-435796
13.76667	-435798
13.76833	-435799
13.77000	-435801
13.77167	-435803
13.77333	-435805
13.77500	-435806
13.77667	-435808
13.77833	-435809
13.78000	-435811
13.78167	-435811
13.78333	-435812
13.78500	-435812
13.78667	-435812
13.78833	-435811
13.79000	-435812
13.79167	-435812
13.79333	-435813
13.79500	-435815
13.79667	-435817
13.79833	-435818
13.80000	-435819
13.80167	-435821
13.80333	-435822
13.80500	-435823
13.80667	-435824
13.80833	-435825
13.81000	-435825
13.81167	-435826
13.81333	-435826
13.81500	-435827
13.81667	-435828
13.81833	-435829
13.82000	-435830
13.82167	-435832
13.82333	-435833
13.82500	-435834
13.82667	-435836
13.82833	-435837
13.83000	-435837
13.83167	-435838
13.83333	-435838
13.83500	-435839
13.83667	-435839
13.83833	-435839
13.84000	-435839
13.84167	-435839
13.84333	-435839
13.84500	-435840
13.84667	-435840
13.84833	-435841
13.85000	-435842
13.85167	-435843
13.85333	-435843
13.85500	-435844
13.85667	-435844
13.85833	-435843
13.86000	-435842
13.86167	-435841
13.86333	-435839
13.86500	-435838
13.86667	-435837
13.86833	-435837
13.87000	-435836
13.87167	-435835
13.87333	-435834
13.87500	-435834
13.87667	-435833
13.87833	-435833
13.88000	-435832
13.88167	-435831
13.88333	-435830
13.88500	-435829
13.88667	-435827
13.88833	-435825
13.89000	-435824
13.89167	-435824
13.89333	-435824
13.89500	-435825
13.89667	-435826
13.89833	-435827
13.90000	-435828
13.90167	-435830
13.90333	-435831
13.90500	-435832
13.90667	-435832
13.90833	-435832
13.91000	-435830
13.91167	-435828
13.91333	-435825
13.91500	-435823
13.91667	-435821
13.91833	-435819
13.92000	-435817
13.92167	-435815
13.92333	-435813
13.92500	-435812
13.92667	-435810
13.92833	-435809
13.93000	-435808
13.93167	-435808
13.93333	-435808
13.93500	-435807
13.93667	-435808
13.93833	-435808
13.94000	-435808
13.94167	-435808
13.94333	-435808
13.94500	-435808
13.94667	-435808
13.94833	-435807
13.95000	-435806
13.95167	-435805
13.95333	-435803
13.95500	-435802
13.95667	-435801
13.95833	-435801
13.96000	-435801
13.96167	-435802
13.96333	-435803
13.96500	-435804
13.96667	-435805
13.96833	-435805
13.97000	-435806
13.97167	-435807
13.97333	-435808
13.97500	-435809
13.97667	-435810
13.97833	-435811
13.98000	-435812
13.98167	-435813
13.98333	-435814
13.98500	-435814
13.98667	-435814
13.98833	-435815
13.99000	-435815
13.99167	-435816
13.99333	-435816
13.99500	-435817
13.99667	-435818
13.99833	-435819
14.00000	-435820
14.00167	-435821
14.00333	-435822
14.00500	-435823
14.00667	-435823
14.00833	-435822
14.01000	-435821
14.01167	-435819
14.01333	-435817
14.01500	-435815
14.01667	-435813
14.01833	-435811
14.02000	-435809
14.02167	-435808
14.02333	-435807
14.02500	-435807
14.02667	-435807
14.02833	-435808
14.03000	-435810
14.03167	-435811
14.03333	-435811
14.03500	-435812
14.03667	-435812
14.03833	-435813
14.04000	-435813
14.04167	-435812
14.04333	-435812
14.04500	-435811
14.04667	-435810
14.04833	-435810
14.05000	-435809
14.05167	-435809
14.05333	-435809
14.05500	-435810
14.05667	-435810
14.05833	-435810
14.06000	-435809
14.06167	-435809
14.06333	-435808
14.06500	-435807
14.06667	-435806
14.06833	-435805
14.07000	-435804
14.07167	-435802
14.07333	-435801
14.07500	-435801
14.07667	-435801
14.07833	-435801
14.08000	-435802
14.08167	-435803
14.08333	-435803
14.08500	-435804
14.08667	-435805
14.08833	-435806
14.09000	-435806
14.09167	-435806
14.09333	-435805
14.09500	-435804
14.09667	-435803
14.09833	-435802
14.10000	-435801
14.10167	-435800
14.10333	-435798
14.10500	-435797
14.10667	-435796
14.10833	-435796
14.11000	-435795
14.11167	-435795
14.11333	-435796
14.11500	-435796
14.11667	-435797
14.11833	-435799
14.12000	-435800
14.12167	-435801
14.12333	-435803
14.12500	-435803
14.12667	-435803
14.12833	-435803
14.13000	-435803
14.13167	-435803
14.13333	-435803
14.13500	-435803
14.13667	-435803
14.13833	-435803
14.14000	-435804
14.14167	-435804
14.14333	-435804
14.14500	-435804
14.14667	-435804
14.14833	-435803
14.15000	-435801
14.15167	-435799
14.15333	-435797
14.15500	-435794
14.15667	-435791
14.15833	-435788
14.16000	-435785
14.16167	-435781
14.16333	-435778
14.16500	-435776
14.16667	-435775
14.16833	-435774
14.17000	-435773
14.17167	-435773
14.17333	-435772
14.17500	-435771
14.17667	-435770
14.17833	-435768
14.18000	-435767
14.18167	-435764
14.18333	-435761
14.18500	-435757
14.18667	-435752
14.18833	-435747
14.19000	-435742
14.19167	-435737
14.19333	-435732
14.19500	-435726
14.19667	-435720
14.19833	-435713
14.20000	-435707
14.20167	-435700
14.20333	-435691
14.20500	-435682
14.20667	-435674
14.20833	-435665
14.21000	-435656
14.21167	-435646
14.21333	-435635
14.21500	-435624
14.21667	-435612
14.21833	-435599
14.22000	-435584
14.22167	-435568
14.22333	-435553
14.22500	-435537
14.22667	-435519
14.22833	-435498
14.23000	-435477
14.23167	-435456
14.23333	-435434
14.23500	-435410
14.23667	-435382
14.23833	-435352
14.24000	-435322
14.24167	-435290
14.24333	-435254
14.24500	-435213
14.24667	-435170
14.24833	-435127
14.25000	-435082
14.25167	-435031
14.25333	-434973
14.25500	-434914
14.25667	-434855
14.25833	-434794
14.26000	-434726
14.26167	-434649
14.26333	-434569
14.26500	-434489
14.26667	-434405
14.26833	-434310
14.27000	-434201
14.27167	-434089
14.27333	-433977
14.27500	-433860
14.27667	-433729
14.27833	-433579
14.28000	-433424
14.28167	-433271
14.28333	-433111
14.28500	-432933
14.28667	-432729
14.28833	-432520
14.29000	-432313
14.29167	-432096
14.29333	-431855
14.29500	-431578
14.29667	-431295
14.29833	-431015
14.30000	-430723
14.30167	-430398
14.30333	-430026
14.30500	-429645
14.30667	-429270
14.30833	-428879
14.31000	-428445
14.31167	-427948
14.31333	-427440
14.31500	-426941
14.31667	-426420
14.31833	-425843
14.32000	-425183
14.32167	-424508
14.32333	-423845
14.32500	-423155
14.32667	-422391
14.32833	-421517
14.33000	-420625
14.33167	-419752
14.33333	-418846
14.33500	-417845
14.33667	-416701
14.33833	-415535
14.34000	-414397
14.34167	-413217
14.34333	-411914
14.34500	-410427
14.34667	-408913
14.34833	-407435
14.35000	-405905
14.35167	-404216
14.35333	-402290
14.35500	-400329
14.35667	-398419
14.35833	-396444
14.36000	-394266
14.36167	-391784
14.36333	-389261
14.36500	-386808
14.36667	-384276
14.36833	-381491
14.37000	-378317
14.37167	-375099
14.37333	-371981
14.37500	-368775
14.37667	-365257
14.37833	-361255
14.38000	-357211
14.38167	-353315
14.38333	-349333
14.38500	-344982
14.38667	-340045
14.38833	-335079
14.39000	-330328
14.39167	-325506
14.39333	-320264
14.39500	-314336
14.39667	-308400
14.39833	-302764
14.40000	-297086
14.40167	-290949
14.40333	-284032
14.40500	-277143
14.40667	-270656
14.40833	-264179
14.41000	-257224
14.41167	-249416
14.41333	-241703
14.41500	-234540
14.41667	-227494
14.41833	-220015
14.42000	-211681
14.42167	-203535
14.42333	-196100
14.42500	-188926
14.42667	-181428
14.42833	-173151
14.43000	-165137
14.43167	-157916
14.43333	-151046
14.43500	-143947
14.43667	-136167
14.43833	-128677
14.44000	-121978
14.44167	-115654
14.44333	-109160
14.44500	-102073
14.44667	-95282
14.44833	-89253
14.45000	-83609
14.45167	-77856
14.45333	-71607
14.45500	-65654
14.45667	-60419
14.45833	-55572
14.46000	-50678
14.46167	-45395
14.46333	-40394
14.46500	-36035
14.46667	-32039
14.46833	-28041
14.47000	-23751
14.47167	-19713
14.47333	-16224
14.47500	-13061
14.47667	-9924
14.47833	-6580
14.48000	-3456
14.48167	-785
14.48333	1603
14.48500	3942
14.48667	6414
14.48833	8703
14.49000	10635
14.49167	12334
14.49333	13973
14.49500	15687
14.49667	17257
14.49833	18557
14.50000	19675
14.50167	20730
14.50333	21814
14.50500	22789
14.50667	23573
14.50833	24219
14.51000	24801
14.51167	25381
14.51333	25881
14.51500	26256
14.51667	26532
14.51833	26750
14.52000	26941
14.52167	27079
14.52333	27146
14.52500	27149
14.52667	27101
14.52833	27011
14.53000	26891
14.53167	26739
14.53333	26551
14.53500	26318
14.53667	26037
14.53833	25739
14.54000	25439
14.54167	25120
14.54333	24760
14.54500	24346
14.54667	23929
14.54833	23532
14.55000	23133
14.55167	22702
14.55333	22217
14.55500	21737
14.55667	21292
14.55833	20855
14.56000	20391
14.56167	19875
14.56333	19369
14.56500	18905
14.56667	18455
14.56833	17983
14.57000	17460
14.57167	16951
14.57333	16487
14.57500	16041
14.57667	15576
14.57833	15064
14.58000	14566
14.58167	14115
14.58333	13682
14.58500	13232
14.58667	12737
14.58833	12258
14.59000	11829
14.59167	11421
14.59333	11001
14.59500	10542
14.59667	10101
14.59833	9706
14.60000	9333
14.60167	8951
14.60333	8534
14.60500	8133
14.60667	7777
14.60833	7441
14.61000	7098
14.61167	6725
14.61333	6367
14.61500	6048
14.61667	5749
14.61833	5443
14.62000	5109
14.62167	4790
14.62333	4505
14.62500	4237
14.62667	3963
14.62833	3664
14.63000	3379
14.63167	3127
14.63333	2893
14.63500	2656
14.63667	2400
14.63833	2156
14.64000	1942
14.64167	1745
14.64333	1546
14.64500	1332
14.64667	1128
14.64833	949
14.65000	783
14.65167	616
14.65333	435
14.65500	263
14.65667	112
14.65833	-27
14.66000	-167
14.66167	-317
14.66333	-460
14.66500	-586
14.66667	-702
14.66833	-819
14.67000	-946
14.67167	-1066
14.67333	-1173
14.67500	-1273
14.67667	-1374
14.67833	-1484
14.68000	-1588
14.68167	-1678
14.68333	-1760
14.68500	-1842
14.68667	-1930
14.68833	-2012
14.69000	-2083
14.69167	-2148
14.69333	-2211
14.69500	-2279
14.69667	-2343
14.69833	-2399
14.70000	-2450
14.70167	-2500
14.70333	-2554
14.70500	-2604
14.70667	-2647
14.70833	-2685
14.71000	-2721
14.71167	-2759
14.71333	-2794
14.71500	-2823
14.71667	-2846
14.71833	-2868
14.72000	-2889
14.72167	-2908
14.72333	-2922
14.72500	-2932
14.72667	-2941
14.72833	-2949
14.73000	-2955
14.73167	-2958
14.73333	-2958
14.73500	-2957
14.73667	-2954
14.73833	-2950
14.74000	-2946
14.74167	-2941
14.74333	-2936
14.74500	-2930
14.74667	-2923
14.74833	-2915
14.75000	-2906
14.75167	-2895
14.75333	-2882
14.75500	-2867
14.75667	-2852
14.75833	-2835
14.76000	-2816
14.76167	-2793
14.76333	-2769
14.76500	-2747
14.76667	-2724
14.76833	-2699
14.77000	-2670
14.77167	-2643
14.77333	-2618
14.77500	-2596
14.77667	-2573
14.77833	-2549
14.78000	-2526
14.78167	-2507
14.78333	-2491
14.78500	-2476
14.78667	-2460
14.78833	-2445
14.79000	-2432
14.79167	-2420
14.79333	-2407
14.79500	-2393
14.79667	-2380
14.79833	-2367
14.80000	-2354
14.80167	-2340
14.80333	-2325
14.80500	-2310
14.80667	-2297
14.80833	-2284
14.81000	-2271
14.81167	-2257
14.81333	-2245
14.81500	-2236
14.81667	-2230
14.81833	-2227
14.82000	-2224
14.82167	-2223
14.82333	-2222
14.82500	-2223
14.82667	-2223
14.82833	-2225
14.83000	-2226
14.83167	-2227
14.83333	-2228
14.83500	-2228
14.83667	-2228
14.83833	-2229
14.84000	-2229
14.84167	-2229
14.84333	-2230
14.84500	-2230
14.84667	-2231
14.84833	-2232
14.85000	-2234
14.85167	-2236
14.85333	-2239
14.85500	-2242
14.85667	-2243
14.85833	-2243
14.86000	-2241
14.86167	-2239
14.86333	-2235
14.86500	-2229
14.86667	-2222
14.86833	-2212
14.87000	-2201
14.87167	-2189
14.87333	-2179
14.87500	-2169
14.87667	-2160
14.87833	-2150
14.88000	-2140
14.88167	-2128
14.88333	-2114
14.88500	-2098
14.88667	-2078
14.88833	-2057
14.89000	-2036
14.89167	-2013
14.89333	-1986
14.89500	-1955
14.89667	-1924
14.89833	-1895
14.90000	-1866
14.90167	-1835
14.90333	-1800
14.90500	-1766
14.90667	-1734
14.90833	-1702
14.91000	-1667
14.91167	-1629
14.91333	-1591
14.91500	-1556
14.91667	-1521
14.91833	-1484
14.92000	-1443
14.92167	-1403
14.92333	-1365
14.92500	-1328
14.92667	-1289
14.92833	-1245
14.93000	-1202
14.93167	-1162
14.93333	-1123
14.93500	-1082
14.93667	-1037
14.93833	-992
14.94000	-950
14.94167	-909
14.94333	-865
14.94500	-816
14.94667	-769
14.94833	-727
14.95000	-687
14.95167	-647
14.95333	-604
14.95500	-562
14.95667	-525
14.95833	-491
14.96000	-456
14.96167	-418
14.96333	-382
14.96500	-349
14.96667	-318
14.96833	-287
14.97000	-252
14.97167	-218
14.97333	-187
14.97500	-158
14.97667	-129
14.97833	-96
14.98000	-64
14.98167	-36
14.98333	-9
14.98500	18
14.98667	48
14.98833	77
14.99000	101
14.99167	124
14.99333	146
14.99500	170
14.99667	192
14.99833	211
15.00000	229

[LC Chromatogram(Detector A-Ch2)]
Interval(msec)	100
# of Points	9001
Start Time(min)	0.000
End Time(min)	15.000
Intensity Units	mAU
Intensity Multiplier	0.001
Wavelength(nm)	280nm
R.Time (min)	Intensity
0.00000	-382
0.00167	-382
0.00333	-384
0.00500	-385
0.00667	-0
0.00833	-1
0.01000	-1
0.01167	-1
0.01333	-0
0.01500	0
0.01667	1
0.01833	3
0.02000	4
0.02167	6
0.02333	8
0.02500	11
0.02667	0
0.02833	3
0.03000	5
0.03167	7
0.03333	9
0.03500	10
0.03667	11
0.03833	11
0.04000	10
0.04167	8
0.04333	7
0.04500	5
0.04667	4
0.04833	2
0.05000	1
0.05167	-1
0.05333	-2
0.05500	-3
0.05667	-3
0.05833	-4
0.06000	-5
0.06167	-5
0.06333	-7
0.06500	-8
0.06667	-10
0.06833	-11
0.07000	-12
0.07167	-13
0.07333	-14
0.07500	-15
0.07667	-15
0.07833	-15
0.08000	-15
0.08167	-15
0.08333	-14
0.08500	-14
0.08667	-13
0.08833	-13
0.09000	-13
0.09167	-14
0.09333	-14
0.09500	-15
0.09667	-16
0.09833	-18
0.10000	-20
0.10167	-22
0.10333	-23
0.10500	-25
0.10667	-27
0.10833	-28
0.11000	-30
0.11167	-31
0.11333	-31
0.11500	-31
0.11667	-31
0.11833	-31
0.12000	-30
0.12167	-30
0.12333	-29
0.12500	-28
0.12667	-27
0.12833	-26
0.13000	-25
0.13167	-25
0.13333	-24
0.13500	-24
0.13667	-24
0.13833	-24
0.14000	-25
0.14167	-26
0.14333	-28
0.14500	-29
0.14667	-31
0.14833	-33
0.15000	-35
0.15167	-38
0.15333	-39
0.15500	-41
0.15667	-41
0.15833	-42
0.16000	-43
0.16167	-43
0.16333	-43
0.16500	-42
0.16667	-42
0.16833	-41
0.17000	-40
0.17167	-39
0.17333	-38
0.17500	-37
0.17667	-36
0.17833	-35
0.18000	-34
0.18167	-33
0.18333	-33
0.18500	-32
0.18667	-32
0.18833	-32
0.19000	-32
0.19167	-33
0.19333	-33
0.19500	-34
0.19667	-35
0.19833	-36
0.20000	-37
0.20167	-38
0.20333	-39
0.20500	-40
0.20667	-41
0.20833	-43
0.21000	-44
0.21167	-45
0.21333	-45
0.21500	-45
0.21667	-46
0.21833	-46
0.22000	-45
0.22167	-45
0.22333	-44
0.22500	-43
0.22667	-42
0.22833	-41
0.23000	-40
0.23167	-39
0.23333	-37
0.23500	-36
0.23667	-34
0.23833	-31
0.24000	-28
0.24167	-25
0.24333	-20
0.24500	-16
0.24667	-10
0.24833	-3
0.25000	5
0.25167	34
0.25333	101
0.25500	211
0.25667	365
0.25833	562
0.26000	774
0.26167	988
0.26333	1215
0.26500	1468
0.26667	1758
0.26833	2031
0.27000	2252
0.27167	2433
0.27333	2594
0.27500	2753
0.27667	2902
0.27833	3042
0.28000	3185
0.28167	3340
0.28333	3517
0.28500	3700
0.28667	3886
0.28833	4084
0.29000	4309
0.29167	4569
0.29333	4818
0.29500	5027
0.29667	5209
0.29833	5380
0.30000	5556
0.30167	5707
0.30333	5814
0.30500	5884
0.30667	5928
0.30833	5957
0.31000	5974
0.31167	5981
0.31333	5978
0.31500	5969
0.31667	5955
0.31833	5937
0.32000	5915
0.32167	5887
0.32333	5853
0.32500	5813
0.32667	5769
0.32833	5721
0.33000	5668
0.33167	5607
0.33333	5534
0.33500	5462
0.33667	5396
0.33833	5332
0.34000	5266
0.34167	5193
0.34333	5132
0.34500	5094
0.34667	5079
0.34833	5080
0.35000	5094
0.35167	5099
0.35333	5079
0.35500	5030
0.35667	4952
0.35833	4847
0.36000	4720
0.36167	4568
0.36333	4381
0.36500	4154
0.36667	3879
0.36833	3609
0.37000	3372
0.37167	3157
0.37333	2946
0.37500	2721
0.37667	2511
0.37833	2330
0.38000	2166
0.38167	2004
0.38333	1832
0.38500	1673
0.38667	1542
0.38833	1431
0.39000	1328
0.39167	1222
0.39333	1129
0.39500	1056
0.39667	999
0.39833	950
0.40000	903
0.40167	861
0.40333	826
0.40500	793
0.40667	760
0.40833	724
0.41000	689
0.41167	657
0.41333	624
0.41500	590
0.41667	552
0.41833	515
0.42000	483
0.42167	455
0.42333	428
0.42500	400
0.42667	374
0.42833	353
0.43000	335
0.43167	318
0.43333	302
0.43500	287
0.43667	275
0.43833	265
0.44000	256
0.44167	247
0.44333	239
0.44500	232
0.44667	227
0.44833	222
0.45000	217
0.45167	213
0.45333	212
0.45500	213
0.45667	215
0.45833	220
0.46000	225
0.46167	228
0.46333	230
0.46500	231
0.46667	231
0.46833	230
0.47000	226
0.47167	220
0.47333	212
0.47500	202
0.47667	191
0.47833	182
0.48000	174
0.48167	165
0.48333	157
0.48500	149
0.48667	143
0.48833	139
0.49000	135
0.49167	131
0.49333	129
0.49500	127
0.49667	127
0.49833	128
0.50000	129
0.50167	131
0.50333	133
0.50500	135
0.50667	137
0.50833	139
0.51000	140
0.51167	140
0.51333	140
0.51500	138
0.51667	135
0.51833	132
0.52000	129
0.52167	124
0.52333	120
0.52500	114
0.52667	109
0.52833	104
0.53000	100
0.53167	96
0.53333	92
0.53500	89
0.53667	86
0.53833	84
0.54000	82
0.54167	80
0.54333	78
0.54500	76
0.54667	73
0.54833	70
0.55000	66
0.55167	62
0.55333	59
0.55500	55
0.55667	51
0.55833	46
0.56000	42
0.56167	38
0.56333	35
0.56500	31
0.56667	27
0.56833	23
0.57000	20
0.57167	17
0.57333	13
0.57500	10
0.57667	7
0.57833	4
0.58000	3
0.58167	1
0.58333	0
0.58500	-1
0.58667	-2
0.58833	-3
0.59000	-4
0.59167	-5
0.59333	-7
0.59500	-8
0.59667	-9
0.59833	-11
0.60000	-13
0.60167	-14
0.60333	-16
0.60500	-17
0.60667	-17
0.60833	-18
0.61000	-18
0.61167	-19
0.61333	-19
0.61500	-19
0.61667	-19
0.61833	-20
0.62000	-20
0.62167	-21
0.62333	-23
0.62500	-24
0.62667	-26
0.62833	-27
0.63000	-28
0.63167	-29
0.63333	-30
0.63500	-31
0.63667	-32
0.63833	-33
0.64000	-33
0.64167	-33
0.64333	-34
0.64500	-34
0.64667	-34
0.64833	-34
0.65000	-34
0.65167	-35
0.65333	-35
0.65500	-35
0.65667	-36
0.65833	-37
0.66000	-37
0.66167	-38
0.66333	-38
0.66500	-39
0.66667	-40
0.66833	-40
0.67000	-41
0.67167	-41
0.67333	-42
0.67500	-42
0.67667	-43
0.67833	-44
0.68000	-44
0.68167	-45
0.68333	-45
0.68500	-46
0.68667	-47
0.68833	-47
0.69000	-48
0.69167	-49
0.69333	-50
0.69500	-52
0.69667	-53
0.69833	-54
0.70000	-55
0.70167	-57
0.70333	-58
0.70500	-58
0.70667	-59
0.70833	-59
0.71000	-59
0.71167	-59
0.71333	-60
0.71500	-60
0.71667	-61
0.71833	-62
0.72000	-62
0.72167	-63
0.72333	-65
0.72500	-66
0.72667	-67
0.72833	-68
0.73000	-69
0.73167	-69
0.73333	-69
0.73500	-68
0.73667	-68
0.73833	-68
0.74000	-67
0.74167	-67
0.74333	-66
0.74500	-66
0.74667	-66
0.74833	-67
0.75000	-67
0.75167	-68
0.75333	-69
0.75500	-69
0.75667	-70
0.75833	-70
0.76000	-70
0.76167	-70
0.76333	-70
0.76500	-70
0.76667	-70
0.76833	-70
0.77000	-70
0.77167	-70
0.77333	-70
0.77500	-70
0.77667	-70
0.77833	-71
0.78000	-72
0.78167	-73
0.78333	-74
0.78500	-75
0.78667	-76
0.78833	-77
0.79000	-78
0.79167	-79
0.79333	-81
0.79500	-81
0.79667	-82
0.79833	-82
0.80000	-81
0.80167	-81
0.80333	-80
0.80500	-79
0.80667	-78
0.80833	-77
0.81000	-76
0.81167	-75
0.81333	-75
0.81500	-74
0.81667	-74
0.81833	-75
0.82000	-75
0.82167	-75
0.82333	-75
0.82500	-74
0.82667	-74
0.82833	-73
0.83000	-73
0.83167	-72
0.83333	-71
0.83500	-70
0.83667	-70
0.83833	-70
0.84000	-69
0.84167	-69
0.84333	-69
0.84500	-69
0.84667	-69
0.84833	-70
0.85000	-71
0.85167	-72
0.85333	-73
0.85500	-73
0.85667	-74
0.85833	-75
0.86000	-76
0.86167	-76
0.86333	-76
0.86500	-75
0.86667	-75
0.86833	-74
0.87000	-73
0.87167	-72
0.87333	-72
0.87500	-72
0.87667	-72
0.87833	-72
0.88000	-72
0.88167	-72
0.88333	-72
0.88500	-72
0.88667	-71
0.88833	-71
0.89000	-72
0.89167	-72
0.89333	-72
0.89500	-73
0.89667	-74
0.89833	-74
0.90000	-76
0.90167	-77
0.90333	-77
0.90500	-78
0.90667	-78
0.90833	-78
0.91000	-78
0.91167	-78
0.91333	-79
0.91500	-79
0.91667	-80
0.91833	-80
0.92000	-81
0.92167	-82
0.92333	-82
0.92500	-82
0.92667	-83
0.92833	-83
0.93000	-83
0.93167	-83
0.93333	-83
0.93500	-83
0.93667	-83
0.93833	-83
0.94000	-82
0.94167	-83
0.94333	-83
0.94500	-83
0.94667	-83
0.94833	-83
0.95000	-83
0.95167	-83
0.95333	-83
0.95500	-83
0.95667	-83
0.95833	-84
0.96000	-84
0.96167	-85
0.96333	-86
0.96500	-87
0.96667	-88
0.96833	-89
0.97000	-90
0.97167	-91
0.97333	-91
0.97500	-92
0.97667	-92
0.97833	-92
0.98000	-92
0.98167	-92
0.98333	-91
0.98500	-91
0.98667	-90
0.98833	-89
0.99000	-88
0.99167	-87
0.99333	-86
0.99500	-86
0.99667	-85
0.99833	-85
1.00000	-85
1.00167	-85
1.00333	-86
1.00500	-86
1.00667	-87
1.00833	-89
1.01000	-90
1.01167	-91
1.01333	-92
1.01500	-92
1.01667	-92
1.01833	-92
1.02000	-92
1.02167	-92
1.02333	-93
1.02500	-94
1.02667	-94
1.02833	-95
1.03000	-96
1.03167	-96
1.03333	-96
1.03500	-96
1.03667	-96
1.03833	-95
1.04000	-93
1.04167	-90
1.04333	-87
1.04500	-85
1.04667	-84
1.04833	-83
1.05000	-82
1.05167	-81
1.05333	-81
1.05500	-81
1.05667	-83
1.05833	-85
1.06000	-87
1.06167	-89
1.06333	-90
1.06500	-92
1.06667	-93
1.06833	-94
1.07000	-95
1.07167	-95
1.07333	-96
1.07500	-96
1.07667	-96
1.07833	-95
1.08000	-95
1.08167	-94
1.08333	-93
1.08500	-92
1.08667	-91
1.08833	-90
1.09000	-90
1.09167	-89
1.09333	-89
1.09500	-89
1.09667	-90
1.09833	-91
1.10000	-93
1.10167	-94
1.10333	-96
1.10500	-97
1.10667	-99
1.10833	-100
1.11000	-102
1.11167	-103
1.11333	-103
1.11500	-104
1.11667	-104
1.11833	-104
1.12000	-104
1.12167	-104
1.12333	-104
1.12500	-103
1.12667	-103
1.12833	-102
1.13000	-101
1.13167	-100
1.13333	-99
1.13500	-99
1.13667	-98
1.13833	-98
1.14000	-98
1.14167	-98
1.14333	-98
1.14500	-98
1.14667	-99
1.14833	-100
1.15000	-101
1.15167	-102
1.15333	-102
1.15500	-103
1.15667	-102
1.15833	-102
1.16000	-101
1.16167	-100
1.16333	-100
1.16500	-100
1.16667	-100
1.16833	-100
1.17000	-100
1.17167	-100
1.17333	-100
1.17500	-101
1.17667	-101
1.17833	-102
1.18000	-102
1.18167	-102
1.18333	-102
1.18500	-102
1.18667	-103
1.18833	-103
1.19000	-103
1.19167	-103
1.19333	-103
1.19500	-102
1.19667	-102
1.19833	-101
1.20000	-100
1.20167	-99
1.20333	-99
1.20500	-98
1.20667	-98
1.20833	-97
1.21000	-97
1.21167	-96
1.21333	-95
1.21500	-93
1.21667	-91
1.21833	-89
1.22000	-88
1.22167	-87
1.22333	-87
1.22500	-87
1.22667	-87
1.22833	-87
1.23000	-88
1.23167	-90
1.23333	-92
1.23500	-94
1.23667	-95
1.23833	-96
1.24000	-96
1.24167	-96
1.24333	-96
1.24500	-96
1.24667	-96
1.24833	-96
1.25000	-96
1.25167	-96
1.25333	-97
1.25500	-99
1.25667	-101
1.25833	-103
1.26000	-105
1.26167	-107
1.26333	-108
1.26500	-110
1.26667	-111
1.26833	-112
1.27000	-112
1.27167	-112
1.27333	-112
1.27500	-111
1.27667	-110
1.27833	-110
1.28000	-109
1.28167	-109
1.28333	-109
1.28500	-110
1.28667	-110
1.28833	-110
1.29000	-110
1.29167	-110
1.29333	-110
1.29500	-110
1.29667	-110
1.29833	-110
1.30000	-109
1.30167	-109
1.30333	-108
1.30500	-108
1.30667	-108
1.30833	-108
1.31000	-108
1.31167	-108
1.31333	-109
1.31500	-110
1.31667	-110
1.31833	-111
1.32000	-112
1.32167	-112
1.32333	-111
1.32500	-111
1.32667	-110
1.32833	-109
1.33000	-109
1.33167	-109
1.33333	-108
1.33500	-108
1.33667	-108
1.33833	-108
1.34000	-109
1.34167	-110
1.34333	-111
1.34500	-112
1.34667	-113
1.34833	-113
1.35000	-114
1.35167	-115
1.35333	-115
1.35500	-116
1.35667	-116
1.35833	-117
1.36000	-118
1.36167	-118
1.36333	-118
1.36500	-118
1.36667	-117
1.36833	-117
1.37000	-116
1.37167	-116
1.37333	-115
1.37500	-114
1.37667	-114
1.37833	-113
1.38000	-111
1.38167	-110
1.38333	-109
1.38500	-107
1.38667	-106
1.38833	-105
1.39000	-105
1.39167	-105
1.39333	-105
1.39500	-106
1.39667	-106
1.39833	-107
1.40000	-108
1.40167	-109
1.40333	-109
1.40500	-109
1.40667	-109
1.40833	-109
1.41000	-108
1.41167	-107
1.41333	-107
1.41500	-106
1.41667	-105
1.41833	-105
1.42000	-105
1.42167	-105
1.42333	-105
1.42500	-107
1.42667	-108
1.42833	-109
1.43000	-110
1.43167	-112
1.43333	-113
1.43500	-114
1.43667	-115
1.43833	-116
1.44000	-117
1.44167	-117
1.44333	-118
1.44500	-118
1.44667	-119
1.44833	-120
1.45000	-121
1.45167	-121
1.45333	-122
1.45500	-122
1.45667	-121
1.45833	-121
1.46000	-120
1.46167	-119
1.46333	-118
1.46500	-117
1.46667	-117
1.46833	-117
1.47000	-117
1.47167	-117
1.47333	-118
1.47500	-120
1.47667	-121
1.47833	-122
1.48000	-123
1.48167	-124
1.48333	-125
1.48500	-125
1.48667	-125
1.48833	-125
1.49000	-124
1.49167	-124
1.49333	-123
1.49500	-122
1.49667	-121
1.49833	-121
1.50000	-121
1.50167	-120
1.50333	-121
1.50500	-121
1.50667	-122
1.50833	-124
1.51000	-125
1.51167	-127
1.51333	-128
1.51500	-128
1.51667	-128
1.51833	-128
1.52000	-128
1.52167	-128
1.52333	-128
1.52500	-127
1.52667	-127
1.52833	-127
1.53000	-127
1.53167	-127
1.53333	-127
1.53500	-127
1.53667	-127
1.53833	-127
1.54000	-126
1.54167	-125
1.54333	-124
1.54500	-123
1.54667	-123
1.54833	-124
1.55000	-125
1.55167	-126
1.55333	-127
1.55500	-128
1.55667	-130
1.55833	-132
1.56000	-133
1.56167	-135
1.56333	-135
1.56500	-136
1.56667	-136
1.56833	-136
1.57000	-137
1.57167	-137
1.57333	-137
1.57500	-137
1.57667	-137
1.57833	-137
1.58000	-137
1.58167	-138
1.58333	-138
1.58500	-138
1.58667	-138
1.58833	-139
1.59000	-139
1.59167	-140
1.59333	-141
1.59500	-141
1.59667	-142
1.59833	-142
1.60000	-142
1.60167	-143
1.60333	-143
1.60500	-143
1.60667	-143
1.60833	-142
1.61000	-142
1.61167	-141
1.61333	-140
1.61500	-140
1.61667	-139
1.61833	-138
1.62000	-138
1.62167	-137
1.62333	-137
1.62500	-138
1.62667	-138
1.62833	-139
1.63000	-140
1.63167	-141
1.63333	-143
1.63500	-145
1.63667	-146
1.63833	-147
1.64000	-149
1.64167	-150
1.64333	-151
1.64500	-152
1.64667	-152
1.64833	-153
1.65000	-153
1.65167	-153
1.65333	-154
1.65500	-154
1.65667	-154
1.65833	-154
1.66000	-155
1.66167	-155
1.66333	-155
1.66500	-155
1.66667	-154
1.66833	-153
1.67000	-153
1.67167	-153
1.67333	-153
1.67500	-153
1.67667	-153
1.67833	-154
1.68000	-155
1.68167	-156
1.68333	-158
1.68500	-160
1.68667	-161
1.68833	-163
1.69000	-164
1.69167	-166
1.69333	-167
1.69500	-168
1.69667	-169
1.69833	-170
1.70000	-170
1.70167	-170
1.70333	-170
1.70500	-170
1.70667	-170
1.70833	-169
1.71000	-169
1.71167	-169
1.71333	-169
1.71500	-169
1.71667	-169
1.71833	-169
1.72000	-169
1.72167	-169
1.72333	-169
1.72500	-169
1.72667	-169
1.72833	-169
1.73000	-170
1.73167	-170
1.73333	-170
1.73500	-170
1.73667	-170
1.73833	-170
1.74000	-170
1.74167	-171
1.74333	-172
1.74500	-173
1.74667	-173
1.74833	-174
1.75000	-176
1.75167	-177
1.75333	-177
1.75500	-177
1.75667	-177
1.75833	-176
1.76000	-175
1.76167	-173
1.76333	-172
1.76500	-171
1.76667	-170
1.76833	-169
1.77000	-169
1.77167	-169
1.77333	-170
1.77500	-172
1.77667	-173
1.77833	-175
1.78000	-176
1.78167	-177
1.78333	-179
1.78500	-180
1.78667	-181
1.78833	-182
1.79000	-182
1.79167	-182
1.79333	-182
1.79500	-182
1.79667	-182
1.79833	-183
1.80000	-183
1.80167	-183
1.80333	-183
1.80500	-183
1.80667	-183
1.80833	-182
1.81000	-182
1.81167	-182
1.81333	-181
1.81500	-181
1.81667	-181
1.81833	-181
1.82000	-181
1.82167	-181
1.82333	-181
1.82500	-181
1.82667	-182
1.82833	-182
1.83000	-182
1.83167	-182
1.83333	-182
1.83500	-183
1.83667	-183
1.83833	-183
1.84000	-183
1.84167	-184
1.84333	-185
1.84500	-185
1.84667	-186
1.84833	-186
1.85000	-186
1.85167	-187
1.85333	-187
1.85500	-187
1.85667	-187
1.85833	-187
1.86000	-187
1.86167	-187
1.86333	-187
1.86500	-187
1.86667	-187
1.86833	-187
1.87000	-187
1.87167	-187
1.87333	-187
1.87500	-187
1.87667	-188
1.87833	-189
1.88000	-190
1.88167	-191
1.88333	-193
1.88500	-194
1.88667	-195
1.88833	-196
1.89000	-196
1.89167	-196
1.89333	-195
1.89500	-194
1.89667	-193
1.89833	-192
1.90000	-190
1.90167	-188
1.90333	-187
1.90500	-187
1.90667	-187
1.90833	-187
1.91000	-188
1.91167	-189
1.91333	-190
1.91500	-191
1.91667	-193
1.91833	-194
1.92000	-195
1.92167	-196
1.92333	-197
1.92500	-197
1.92667	-197
1.92833	-198
1.93000	-198
1.93167	-198
1.93333	-198
1.93500	-199
1.93667	-199
1.93833	-200
1.94000	-201
1.94167	-203
1.94333	-204
1.94500	-205
1.94667	-206
1.94833	-206
1.95000	-207
1.95167	-207
1.95333	-206
1.95500	-205
1.95667	-203
1.95833	-201
1.96000	-198
1.96167	-196
1.96333	-195
1.96500	-194
1.96667	-193
1.96833	-192
1.97000	-192
1.97167	-193
1.97333	-194
1.97500	-195
1.97667	-196
1.97833	-198
1.98000	-198
1.98167	-198
1.98333	-198
1.98500	-198
1.98667	-199
1.98833	-199
1.99000	-199
1.99167	-200
1.99333	-201
1.99500	-201
1.99667	-201
1.99833	-201
2.00000	-201
2.00167	-202
2.00333	-201
2.00500	-201
2.00667	-201
2.00833	-200
2.01000	-199
2.01167	-199
2.01333	-200
2.01500	-200
2.01667	-202
2.01833	-203
2.02000	-204
2.02167	-205
2.02333	-205
2.02500	-206
2.02667	-206
2.02833	-207
2.03000	-207
2.03167	-206
2.03333	-206
2.03500	-205
2.03667	-205
2.03833	-204
2.04000	-204
2.04167	-204
2.04333	-204
2.04500	-204
2.04667	-204
2.04833	-204
2.05000	-204
2.05167	-204
2.05333	-204
2.05500	-204
2.05667	-205
2.05833	-206
2.06000	-206
2.06167	-207
2.06333	-208
2.06500	-209
2.06667	-211
2.06833	-212
2.07000	-212
2.07167	-212
2.07333	-211
2.07500	-210
2.07667	-209
2.07833	-207
2.08000	-206
2.08167	-204
2.08333	-203
2.08500	-201
2.08667	-200
2.08833	-200
2.09000	-199
2.09167	-199
2.09333	-200
2.09500	-200
2.09667	-199
2.09833	-199
2.10000	-198
2.10167	-196
2.10333	-195
2.10500	-194
2.10667	-192
2.10833	-190
2.11000	-187
2.11167	-185
2.11333	-183
2.11500	-181
2.11667	-178
2.11833	-176
2.12000	-174
2.12167	-172
2.12333	-170
2.12500	-169
2.12667	-167
2.12833	-167
2.13000	-167
2.13167	-167
2.13333	-169
2.13500	-170
2.13667	-172
2.13833	-173
2.14000	-175
2.14167	-177
2.14333	-179
2.14500	-181
2.14667	-182
2.14833	-184
2.15000	-186
2.15167	-187
2.15333	-189
2.15500	-190
2.15667	-191
2.15833	-191
2.16000	-192
2.16167	-193
2.16333	-194
2.16500	-195
2.16667	-195
2.16833	-196
2.17000	-197
2.17167	-198
2.17333	-199
2.17500	-200
2.17667	-201
2.17833	-202
2.18000	-202
2.18167	-202
2.18333	-202
2.18500	-201
2.18667	-201
2.18833	-201
2.19000	-201
2.19167	-201
2.19333	-201
2.19500	-201
2.19667	-201
2.19833	-202
2.20000	-202
2.20167	-203
2.20333	-203
2.20500	-203
2.20667	-204
2.20833	-204
2.21000	-204
2.21167	-204
2.21333	-203
2.21500	-203
2.21667	-201
2.21833	-200
2.22000	-199
2.22167	-198
2.22333	-198
2.22500	-197
2.22667	-196
2.22833	-195
2.23000	-195
2.23167	-196
2.23333	-196
2.23500	-197
2.23667	-197
2.23833	-197
2.24000	-198
2.24167	-198
2.24333	-197
2.24500	-197
2.24667	-197
2.24833	-196
2.25000	-196
2.25167	-196
2.25333	-195
2.25500	-195
2.25667	-195
2.25833	-194
2.26000	-194
2.26167	-194
2.26333	-194
2.26500	-194
2.26667	-195
2.26833	-196
2.27000	-196
2.27167	-197
2.27333	-197
2.27500	-197
2.27667	-197
2.27833	-198
2.28000	-198
2.28167	-198
2.28333	-198
2.28500	-198
2.28667	-198
2.28833	-199
2.29000	-199
2.29167	-200
2.29333	-201
2.29500	-201
2.29667	-201
2.29833	-201
2.30000	-201
2.30167	-200
2.30333	-199
2.30500	-198
2.30667	-197
2.30833	-196
2.31000	-195
2.31167	-194
2.31333	-193
2.31500	-192
2.31667	-192
2.31833	-192
2.32000	-192
2.32167	-192
2.32333	-192
2.32500	-192
2.32667	-193
2.32833	-193
2.33000	-193
2.33167	-193
2.33333	-193
2.33500	-193
2.33667	-193
2.33833	-193
2.34000	-193
2.34167	-193
2.34333	-193
2.34500	-193
2.34667	-194
2.34833	-194
2.35000	-195
2.35167	-195
2.35333	-195
2.35500	-196
2.35667	-196
2.35833	-195
2.36000	-195
2.36167	-195
2.36333	-195
2.36500	-194
2.36667	-194
2.36833	-194
2.37000	-193
2.37167	-193
2.37333	-193
2.37500	-192
2.37667	-192
2.37833	-191
2.38000	-191
2.38167	-190
2.38333	-189
2.38500	-188
2.38667	-187
2.38833	-187
2.39000	-186
2.39167	-186
2.39333	-186
2.39500	-186
2.39667	-186
2.39833	-187
2.40000	-188
2.40167	-190
2.40333	-191
2.40500	-193
2.40667	-194
2.40833	-195
2.41000	-197
2.41167	-197
2.41333	-197
2.41500	-197
2.41667	-196
2.41833	-196
2.42000	-195
2.42167	-194
2.42333	-193
2.42500	-192
2.42667	-191
2.42833	-190
2.43000	-190
2.43167	-190
2.43333	-189
2.43500	-189
2.43667	-189
2.43833	-188
2.44000	-188
2.44167	-188
2.44333	-189
2.44500	-189
2.44667	-189
2.44833	-190
2.45000	-191
2.45167	-191
2.45333	-192
2.45500	-191
2.45667	-191
2.45833	-190
2.46000	-190
2.46167	-189
2.46333	-187
2.46500	-186
2.46667	-185
2.46833	-184
2.47000	-183
2.47167	-183
2.47333	-183
2.47500	-183
2.47667	-183
2.47833	-184
2.48000	-184
2.48167	-184
2.48333	-185
2.48500	-185
2.48667	-186
2.48833	-186
2.49000	-186
2.49167	-186
2.49333	-185
2.49500	-185
2.49667	-185
2.49833	-185
2.50000	-186
2.50167	-186
2.50333	-186
2.50500	-186
2.50667	-186
2.50833	-186
2.51000	-186
2.51167	-185
2.51333	-184
2.51500	-182
2.51667	-180
2.51833	-178
2.52000	-176
2.52167	-174
2.52333	-172
2.52500	-170
2.52667	-168
2.52833	-166
2.53000	-165
2.53167	-165
2.53333	-164
2.53500	-164
2.53667	-163
2.53833	-163
2.54000	-163
2.54167	-163
2.54333	-164
2.54500	-163
2.54667	-163
2.54833	-162
2.55000	-160
2.55167	-159
2.55333	-157
2.55500	-156
2.55667	-155
2.55833	-153
2.56000	-152
2.56167	-151
2.56333	-151
2.56500	-150
2.56667	-149
2.56833	-149
2.57000	-149
2.57167	-149
2.57333	-150
2.57500	-150
2.57667	-151
2.57833	-152
2.58000	-152
2.58167	-152
2.58333	-151
2.58500	-151
2.58667	-150
2.58833	-149
2.59000	-147
2.59167	-146
2.59333	-145
2.59500	-143
2.59667	-142
2.59833	-141
2.60000	-140
2.60167	-139
2.60333	-137
2.60500	-136
2.60667	-134
2.60833	-132
2.61000	-130
2.61167	-128
2.61333	-127
2.61500	-125
2.61667	-123
2.61833	-121
2.62000	-119
2.62167	-118
2.62333	-117
2.62500	-115
2.62667	-115
2.62833	-115
2.63000	-116
2.63167	-118
2.63333	-120
2.63500	-122
2.63667	-125
2.63833	-127
2.64000	-129
2.64167	-131
2.64333	-134
2.64500	-135
2.64667	-137
2.64833	-138
2.65000	-139
2.65167	-140
2.65333	-141
2.65500	-143
2.65667	-144
2.65833	-146
2.66000	-147
2.66167	-148
2.66333	-149
2.66500	-150
2.66667	-150
2.66833	-151
2.67000	-151
2.67167	-150
2.67333	-150
2.67500	-149
2.67667	-148
2.67833	-148
2.68000	-148
2.68167	-149
2.68333	-150
2.68500	-152
2.68667	-153
2.68833	-154
2.69000	-156
2.69167	-157
2.69333	-158
2.69500	-158
2.69667	-157
2.69833	-156
2.70000	-154
2.70167	-152
2.70333	-150
2.70500	-148
2.70667	-147
2.70833	-146
2.71000	-145
2.71167	-144
2.71333	-145
2.71500	-146
2.71667	-147
2.71833	-148
2.72000	-150
2.72167	-151
2.72333	-152
2.72500	-153
2.72667	-154
2.72833	-155
2.73000	-155
2.73167	-155
2.73333	-154
2.73500	-154
2.73667	-153
2.73833	-152
2.74000	-152
2.74167	-151
2.74333	-150
2.74500	-150
2.74667	-150
2.74833	-150
2.75000	-151
2.75167	-151
2.75333	-152
2.75500	-152
2.75667	-151
2.75833	-151
2.76000	-150
2.76167	-149
2.76333	-149
2.76500	-148
2.76667	-147
2.76833	-146
2.77000	-145
2.77167	-145
2.77333	-146
2.77500	-146
2.77667	-147
2.77833	-147
2.78000	-147
2.78167	-146
2.78333	-145
2.78500	-144
2.78667	-143
2.78833	-141
2.79000	-140
2.79167	-138
2.79333	-137
2.79500	-136
2.79667	-136
2.79833	-137
2.80000	-138
2.80167	-139
2.80333	-141
2.80500	-142
2.80667	-144
2.80833	-146
2.81000	-148
2.81167	-149
2.81333	-150
2.81500	-150
2.81667	-149
2.81833	-148
2.82000	-146
2.82167	-145
2.82333	-142
2.82500	-140
2.82667	-137
2.82833	-136
2.83000	-135
2.83167	-134
2.83333	-134
2.83500	-134
2.83667	-134
2.83833	-135
2.84000	-135
2.84167	-136
2.84333	-136
2.84500	-136
2.84667	-136
2.84833	-136
2.85000	-135
2.85167	-134
2.85333	-133
2.85500	-133
2.85667	-132
2.85833	-132
2.86000	-132
2.86167	-131
2.86333	-131
2.86500	-131
2.86667	-131
2.86833	-131
2.87000	-131
2.87167	-130
2.87333	-131
2.87500	-131
2.87667	-131
2.87833	-131
2.88000	-131
2.88167	-130
2.88333	-129
2.88500	-129
2.88667	-128
2.88833	-127
2.89000	-126
2.89167	-124
2.89333	-123
2.89500	-122
2.89667	-121
2.89833	-121
2.90000	-121
2.90167	-121
2.90333	-121
2.90500	-122
2.90667	-123
2.90833	-124
2.91000	-126
2.91167	-127
2.91333	-128
2.91500	-129
2.91667	-130
2.91833	-131
2.92000	-132
2.92167	-133
2.92333	-133
2.92500	-134
2.92667	-134
2.92833	-134
2.93000	-134
2.93167	-133
2.93333	-132
2.93500	-131
2.93667	-129
2.93833	-128
2.94000	-127
2.94167	-125
2.94333	-124
2.94500	-123
2.94667	-122
2.94833	-122
2.95000	-123
2.95167	-123
2.95333	-124
2.95500	-124
2.95667	-125
2.95833	-125
2.96000	-125
2.96167	-125
2.96333	-124
2.96500	-123
2.96667	-121
2.96833	-120
2.97000	-118
2.97167	-117
2.97333	-115
2.97500	-113
2.97667	-112
2.97833	-111
2.98000	-111
2.98167	-111
2.98333	-111
2.98500	-112
2.98667	-112
2.98833	-112
2.99000	-113
2.99167	-113
2.99333	-113
2.99500	-112
2.99667	-112
2.99833	-110
3.00000	-108
3.00167	-105
3.00333	-101
3.00500	-95
3.00667	-88
3.00833	-79
3.01000	-69
3.01167	-59
3.01333	-47
3.01500	-35
3.01667	-20
3.01833	-6
3.02000	4
3.02167	12
3.02333	17
3.02500	21
3.02667	23
3.02833	22
3.03000	17
3.03167	9
3.03333	-1
3.03500	-13
3.03667	-23
3.03833	-33
3.04000	-43
3.04167	-54
3.04333	-64
3.04500	-72
3.04667	-78
3.04833	-82
3.05000	-87
3.05167	-91
3.05333	-93
3.05500	-94
3.05667	-95
3.05833	-95
3.06000	-96
3.06167	-96
3.06333	-97
3.06500	-97
3.06667	-99
3.06833	-100
3.07000	-102
3.07167	-104
3.07333	-106
3.07500	-109
3.07667	-111
3.07833	-112
3.08000	-113
3.08167	-114
3.08333	-114
3.08500	-115
3.08667	-115
3.08833	-116
3.09000	-116
3.09167	-117
3.09333	-117
3.09500	-118
3.09667	-118
3.09833	-118
3.10000	-118
3.10167	-118
3.10333	-118
3.10500	-117
3.10667	-115
3.10833	-114
3.11000	-112
3.11167	-111
3.11333	-110
3.11500	-110
3.11667	-110
3.11833	-110
3.12000	-110
3.12167	-111
3.12333	-112
3.12500	-113
3.12667	-114
3.12833	-115
3.13000	-116
3.13167	-116
3.13333	-117
3.13500	-117
3.13667	-118
3.13833	-117
3.14000	-117
3.14167	-116
3.14333	-115
3.14500	-114
3.14667	-112
3.14833	-111
3.15000	-108
3.15167	-106
3.15333	-105
3.15500	-103
3.15667	-102
3.15833	-101
3.16000	-100
3.16167	-100
3.16333	-100
3.16500	-101
3.16667	-102
3.16833	-103
3.17000	-103
3.17167	-104
3.17333	-103
3.17500	-103
3.17667	-102
3.17833	-102
3.18000	-101
3.18167	-101
3.18333	-100
3.18500	-100
3.18667	-99
3.18833	-99
3.19000	-99
3.19167	-99
3.19333	-99
3.19500	-99
3.19667	-99
3.19833	-99
3.20000	-99
3.20167	-100
3.20333	-100
3.20500	-100
3.20667	-101
3.20833	-101
3.21000	-101
3.21167	-100
3.21333	-99
3.21500	-98
3.21667	-97
3.21833	-96
3.22000	-96
3.22167	-95
3.22333	-95
3.22500	-95
3.22667	-95
3.22833	-95
3.23000	-95
3.23167	-95
3.23333	-94
3.23500	-94
3.23667	-94
3.23833	-93
3.24000	-93
3.24167	-93
3.24333	-92
3.24500	-92
3.24667	-92
3.24833	-92
3.25000	-91
3.25167	-91
3.25333	-91
3.25500	-90
3.25667	-90
3.25833	-90
3.26000	-90
3.26167	-89
3.26333	-89
3.26500	-88
3.26667	-87
3.26833	-85
3.27000	-84
3.27167	-83
3.27333	-81
3.27500	-80
3.27667	-78
3.27833	-77
3.28000	-76
3.28167	-75
3.28333	-74
3.28500	-74
3.28667	-73
3.28833	-72
3.29000	-72
3.29167	-71
3.29333	-71
3.29500	-70
3.29667	-71
3.29833	-71
3.30000	-71
3.30167	-72
3.30333	-72
3.30500	-72
3.30667	-72
3.30833	-71
3.31000	-71
3.31167	-70
3.31333	-70
3.31500	-69
3.31667	-69
3.31833	-68
3.32000	-68
3.32167	-67
3.32333	-67
3.32500	-66
3.32667	-66
3.32833	-65
3.33000	-63
3.33167	-62
3.33333	-60
3.33500	-58
3.33667	-56
3.33833	-55
3.34000	-54
3.34167	-53
3.34333	-52
3.34500	-52
3.34667	-51
3.34833	-51
3.35000	-51
3.35167	-51
3.35333	-51
3.35500	-51
3.35667	-50
3.35833	-49
3.36000	-49
3.36167	-48
3.36333	-46
3.36500	-45
3.36667	-44
3.36833	-43
3.37000	-42
3.37167	-41
3.37333	-41
3.37500	-40
3.37667	-40
3.37833	-40
3.38000	-41
3.38167	-41
3.38333	-42
3.38500	-43
3.38667	-44
3.38833	-44
3.39000	-43
3.39167	-43
3.39333	-41
3.39500	-38
3.39667	-34
3.39833	-29
3.40000	-22
3.40167	-15
3.40333	-9
3.40500	-3
3.40667	2
3.40833	7
3.41000	12
3.41167	16
3.41333	18
3.41500	20
3.41667	21
3.41833	22
3.42000	25
3.42167	29
3.42333	36
3.42500	44
3.42667	52
3.42833	59
3.43000	65
3.43167	71
3.43333	78
3.43500	82
3.43667	84
3.43833	82
3.44000	78
3.44167	71
3.44333	63
3.44500	54
3.44667	46
3.44833	36
3.45000	25
3.45167	15
3.45333	7
3.45500	1
3.45667	-5
3.45833	-10
3.46000	-14
3.46167	-17
3.46333	-19
3.46500	-20
3.46667	-21
3.46833	-21
3.47000	-21
3.47167	-21
3.47333	-21
3.47500	-21
3.47667	-21
3.47833	-20
3.48000	-19
3.48167	-18
3.48333	-16
3.48500	-14
3.48667	-11
3.48833	-7
3.49000	-3
3.49167	3
3.49333	9
3.49500	14
3.49667	19
3.49833	24
3.50000	30
3.50167	35
3.50333	39
3.50500	42
3.50667	44
3.50833	46
3.51000	48
3.51167	49
3.51333	50
3.51500	50
3.51667	50
3.51833	51
3.52000	52
3.52167	54
3.52333	57
3.52500	60
3.52667	66
3.52833	77
3.53000	92
3.53167	113
3.53333	139
3.53500	169
3.53667	203
3.53833	243
3.54000	290
3.54167	347
3.54333	404
3.54500	457
3.54667	507
3.54833	559
3.55000	617
3.55167	669
3.55333	708
3.55500	738
3.55667	761
3.55833	782
3.56000	798
3.56167	807
3.56333	811
3.56500	810
3.56667	805
3.56833	805
3.57000	814
3.57167	834
3.57333	864
3.57500	904
3.57667	1028
3.57833	1300
3.58000	1742
3.58167	2358
3.58333	3148
3.58500	4050
3.58667	5062
3.58833	6239
3.59000	7639
3.59167	9303
3.59333	10890
3.59500	12197
3.59667	13286
3.59833	14272
3.60000	15251
3.60167	16021
3.60333	16439
3.60500	16534
3.60667	16369
3.60833	16004
3.61000	15520
3.61167	14950
3.61333	14275
3.61500	13467
3.61667	12507
3.61833	11548
3.62000	10673
3.62167	9837
3.62333	8971
3.62500	8022
3.62667	7131
3.62833	6380
3.63000	5724
3.63167	5097
3.63333	4445
3.63500	3857
3.63667	3384
3.63833	2993
3.64000	2641
3.64167	2292
3.64333	1984
3.64500	1744
3.64667	1551
3.64833	1383
3.65000	1221
3.65167	1081
3.65333	972
3.65500	886
3.65667	813
3.65833	742
3.66000	679
3.66167	628
3.66333	583
3.66500	541
3.66667	496
3.66833	455
3.67000	420
3.67167	389
3.67333	358
3.67500	326
3.67667	296
3.67833	272
3.68000	252
3.68167	234
3.68333	217
3.68500	201
3.68667	188
3.68833	177
3.69000	167
3.69167	156
3.69333	147
3.69500	140
3.69667	133
3.69833	127
3.70000	121
3.70167	116
3.70333	112
3.70500	109
3.70667	107
3.70833	106
3.71000	105
3.71167	105
3.71333	105
3.71500	105
3.71667	106
3.71833	107
3.72000	107
3.72167	106
3.72333	105
3.72500	103
3.72667	101
3.72833	99
3.73000	96
3.73167	93
3.73333	90
3.73500	87
3.73667	84
3.73833	82
3.74000	81
3.74167	79
3.74333	78
3.74500	77
3.74667	76
3.74833	75
3.75000	74
3.75167	73
3.75333	72
3.75500	71
3.75667	70
3.75833	70
3.76000	69
3.76167	69
3.76333	69
3.76500	69
3.76667	70
3.76833	70
3.77000	70
3.77167	70
3.77333	69
3.77500	69
3.77667	68
3.77833	67
3.78000	67
3.78167	67
3.78333	67
3.78500	68
3.78667	68
3.78833	69
3.79000	69
3.79167	70
3.79333	71
3.79500	71
3.79667	71
3.79833	71
3.80000	70
3.80167	69
3.80333	68
3.80500	68
3.80667	66
3.80833	65
3.81000	64
3.81167	64
3.81333	65
3.81500	66
3.81667	68
3.81833	70
3.82000	72
3.82167	73
3.82333	74
3.82500	75
3.82667	75
3.82833	75
3.83000	74
3.83167	72
3.83333	69
3.83500	65
3.83667	63
3.83833	60
3.84000	57
3.84167	54
3.84333	51
3.84500	49
3.84667	48
3.84833	47
3.85000	46
3.85167	45
3.85333	45
3.85500	45
3.85667	46
3.85833	48
3.86000	50
3.86167	52
3.86333	54
3.86500	56
3.86667	58
3.86833	60
3.87000	61
3.87167	62
3.87333	62
3.87500	62
3.87667	61
3.87833	59
3.88000	58
3.88167	55
3.88333	52
3.88500	50
3.88667	47
3.88833	45
3.89000	43
3.89167	41
3.89333	39
3.89500	37
3.89667	36
3.89833	35
3.90000	34
3.90167	34
3.90333	33
3.90500	33
3.90667	32
3.90833	32
3.91000	31
3.91167	31
3.91333	30
3.91500	30
3.91667	30
3.91833	29
3.92000	29
3.92167	29
3.92333	28
3.92500	28
3.92667	28
3.92833	28
3.93000	29
3.93167	29
3.93333	29
3.93500	30
3.93667	30
3.93833	31
3.94000	31
3.94167	31
3.94333	31
3.94500	31
3.94667	31
3.94833	32
3.95000	32
3.95167	33
3.95333	33
3.95500	34
3.95667	36
3.95833	37
3.96000	38
3.96167	39
3.96333	40
3.96500	41
3.96667	41
3.96833	42
3.97000	42
3.97167	42
3.97333	42
3.97500	42
3.97667	42
3.97833	41
3.98000	41
3.98167	40
3.98333	40
3.98500	39
3.98667	38
3.98833	37
3.99000	35
3.99167	34
3.99333	32
3.99500	30
3.99667	28
3.99833	26
4.00000	24
4.00167	21
4.00333	20
4.00500	19
4.00667	19
4.00833	19
4.01000	20
4.01167	21
4.01333	22
4.01500	23
4.01667	24
4.01833	25
4.02000	26
4.02167	26
4.02333	26
4.02500	26
4.02667	25
4.02833	24
4.03000	24
4.03167	23
4.03333	22
4.03500	22
4.03667	22
4.03833	23
4.04000	24
4.04167	25
4.04333	27
4.04500	29
4.04667	31
4.04833	32
4.05000	34
4.05167	36
4.05333	37
4.05500	37
4.05667	37
4.05833	37
4.06000	36
4.06167	35
4.06333	35
4.06500	34
4.06667	34
4.06833	34
4.07000	34
4.07167	34
4.07333	34
4.07500	34
4.07667	34
4.07833	34
4.08000	34
4.08167	34
4.08333	35
4.08500	35
4.08667	35
4.08833	36
4.09000	37
4.09167	38
4.09333	39
4.09500	40
4.09667	41
4.09833	41
4.10000	42
4.10167	43
4.10333	44
4.10500	44
4.10667	45
4.10833	46
4.11000	46
4.11167	47
4.11333	47
4.11500	47
4.11667	46
4.11833	46
4.12000	45
4.12167	45
4.12333	45
4.12500	46
4.12667	46
4.12833	47
4.13000	47
4.13167	48
4.13333	49
4.13500	50
4.13667	50
4.13833	50
4.14000	50
4.14167	50
4.14333	49
4.14500	49
4.14667	49
4.14833	49
4.15000	49
4.15167	48
4.15333	48
4.15500	47
4.15667	47
4.15833	46
4.16000	45
4.16167	44
4.16333	44
4.16500	43
4.16667	43
4.16833	43
4.17000	43
4.17167	44
4.17333	44
4.17500	45
4.17667	46
4.17833	47
4.18000	47
4.18167	48
4.18333	48
4.18500	48
4.18667	48
4.18833	48
4.19000	48
4.19167	47
4.19333	47
4.19500	46
4.19667	46
4.19833	46
4.20000	46
4.20167	46
4.20333	46
4.20500	46
4.20667	47
4.20833	48
4.21000	49
4.21167	50
4.21333	51
4.21500	51
4.21667	52
4.21833	52
4.22000	52
4.22167	52
4.22333	51
4.22500	50
4.22667	49
4.22833	48
4.23000	47
4.23167	46
4.23333	45
4.23500	44
4.23667	43
4.23833	44
4.24000	44
4.24167	45
4.24333	46
4.24500	48
4.24667	49
4.24833	51
4.25000	53
4.25167	55
4.25333	56
4.25500	57
4.25667	57
4.25833	58
4.26000	57
4.26167	57
4.26333	55
4.26500	54
4.26667	52
4.26833	50
4.27000	49
4.27167	48
4.27333	48
4.27500	47
4.27667	47
4.27833	48
4.28000	48
4.28167	49
4.28333	50
4.28500	51
4.28667	51
4.28833	52
4.29000	52
4.29167	52
4.29333	52
4.29500	52
4.29667	52
4.29833	52
4.30000	52
4.30167	51
4.30333	50
4.30500	49
4.30667	48
4.30833	47
4.31000	46
4.31167	46
4.31333	45
4.31500	45
4.31667	44
4.31833	44
4.32000	44
4.32167	44
4.32333	44
4.32500	44
4.32667	45
4.32833	45
4.33000	45
4.33167	45
4.33333	46
4.33500	46
4.33667	46
4.33833	47
4.34000	48
4.34167	49
4.34333	50
4.34500	51
4.34667	52
4.34833	53
4.35000	55
4.35167	56
4.35333	57
4.35500	57
4.35667	57
4.35833	57
4.36000	57
4.36167	57
4.36333	57
4.36500	57
4.36667	57
4.36833	58
4.37000	59
4.37167	60
4.37333	62
4.37500	64
4.37667	66
4.37833	67
4.38000	69
4.38167	70
4.38333	70
4.38500	71
4.38667	71
4.38833	72
4.39000	72
4.39167	72
4.39333	71
4.39500	71
4.39667	71
4.39833	72
4.40000	72
4.40167	73
4.40333	73
4.40500	74
4.40667	74
4.40833	74
4.41000	74
4.41167	74
4.41333	74
4.41500	74
4.41667	75
4.41833	76
4.42000	76
4.42167	77
4.42333	77
4.42500	78
4.42667	78
4.42833	78
4.43000	79
4.43167	79
4.43333	78
4.43500	78
4.43667	78
4.43833	78
4.44000	79
4.44167	80
4.44333	81
4.44500	81
4.44667	82
4.44833	82
4.45000	82
4.45167	82
4.45333	82
4.45500	82
4.45667	82
4.45833	81
4.46000	80
4.46167	80
4.46333	79
4.46500	78
4.46667	78
4.46833	77
4.47000	77
4.47167	77
4.47333	77
4.47500	77
4.47667	77
4.47833	78
4.48000	80
4.48167	81
4.48333	83
4.48500	85
4.48667	86
4.48833	87
4.49000	87
4.49167	87
4.49333	87
4.49500	87
4.49667	85
4.49833	84
4.50000	82
4.50167	80
4.50333	79
4.50500	78
4.50667	78
4.50833	77
4.51000	77
4.51167	77
4.51333	78
4.51500	78
4.51667	79
4.51833	80
4.52000	81
4.52167	81
4.52333	81
4.52500	81
4.52667	81
4.52833	81
4.53000	80
4.53167	81
4.53333	81
4.53500	81
4.53667	81
4.53833	81
4.54000	81
4.54167	81
4.54333	81
4.54500	80
4.54667	80
4.54833	80
4.55000	80
4.55167	80
4.55333	80
4.55500	81
4.55667	82
4.55833	83
4.56000	84
4.56167	85
4.56333	86
4.56500	87
4.56667	88
4.56833	88
4.57000	89
4.57167	90
4.57333	91
4.57500	91
4.57667	92
4.57833	92
4.58000	93
4.58167	93
4.58333	92
4.58500	92
4.58667	92
4.58833	91
4.59000	91
4.59167	90
4.59333	90
4.59500	90
4.59667	90
4.59833	90
4.60000	91
4.60167	91
4.60333	91
4.60500	91
4.60667	90
4.60833	89
4.61000	89
4.61167	88
4.61333	87
4.61500	86
4.61667	85
4.61833	84
4.62000	84
4.62167	84
4.62333	84
4.62500	85
4.62667	86
4.62833	87
4.63000	87
4.63167	87
4.63333	87
4.63500	87
4.63667	87
4.63833	87
4.64000	87
4.64167	87
4.64333	86
4.64500	86
4.64667	86
4.64833	85
4.65000	85
4.65167	84
4.65333	84
4.65500	85
4.65667	86
4.65833	87
4.66000	88
4.66167	89
4.66333	91
4.66500	92
4.66667	94
4.66833	95
4.67000	96
4.67167	96
4.67333	96
4.67500	95
4.67667	94
4.67833	94
4.68000	93
4.68167	92
4.68333	91
4.68500	90
4.68667	90
4.68833	90
4.69000	90
4.69167	90
4.69333	91
4.69500	92
4.69667	93
4.69833	94
4.70000	95
4.70167	97
4.70333	98
4.70500	98
4.70667	99
4.70833	99
4.71000	99
4.71167	99
4.71333	99
4.71500	99
4.71667	98
4.71833	97
4.72000	97
4.72167	97
4.72333	97
4.72500	97
4.72667	98
4.72833	99
4.73000	100
4.73167	102
4.73333	104
4.73500	105
4.73667	107
4.73833	108
4.74000	109
4.74167	110
4.74333	111
4.74500	112
4.74667	112
4.74833	112
4.75000	112
4.75167	112
4.75333	111
4.75500	111
4.75667	110
4.75833	110
4.76000	109
4.76167	109
4.76333	109
4.76500	108
4.76667	108
4.76833	109
4.77000	109
4.77167	110
4.77333	110
4.77500	111
4.77667	112
4.77833	113
4.78000	113
4.78167	113
4.78333	113
4.78500	113
4.78667	112
4.78833	112
4.79000	112
4.79167	111
4.79333	111
4.79500	111
4.79667	112
4.79833	112
4.80000	113
4.80167	114
4.80333	115
4.80500	116
4.80667	116
4.80833	117
4.81000	117
4.81167	117
4.81333	117
4.81500	117
4.81667	116
4.81833	116
4.82000	116
4.82167	116
4.82333	116
4.82500	117
4.82667	118
4.82833	119
4.83000	119
4.83167	120
4.83333	120
4.83500	120
4.83667	121
4.83833	121
4.84000	122
4.84167	122
4.84333	123
4.84500	124
4.84667	126
4.84833	128
4.85000	130
4.85167	132
4.85333	135
4.85500	137
4.85667	139
4.85833	141
4.86000	143
4.86167	146
4.86333	148
4.86500	151
4.86667	154
4.86833	157
4.87000	159
4.87167	160
4.87333	161
4.87500	162
4.87667	163
4.87833	164
4.88000	164
4.88167	165
4.88333	165
4.88500	165
4.88667	165
4.88833	165
4.89000	165
4.89167	165
4.89333	165
4.89500	165
4.89667	165
4.89833	165
4.90000	165
4.90167	165
4.90333	165
4.90500	166
4.90667	167
4.90833	168
4.91000	169
4.91167	170
4.91333	171
4.91500	172
4.91667	173
4.91833	175
4.92000	176
4.92167	179
4.92333	181
4.92500	185
4.92667	189
4.92833	193
4.93000	197
4.93167	201
4.93333	206
4.93500	211
4.93667	215
4.93833	218
4.94000	221
4.94167	224
4.94333	228
4.94500	230
4.94667	233
4.94833	236
4.95000	240
4.95167	243
4.95333	245
4.95500	247
4.95667	249
4.95833	251
4.96000	253
4.96167	255
4.96333	258
4.96500	261
4.96667	265
4.96833	270
4.97000	275
4.97167	280
4.97333	287
4.97500	294
4.97667	302
4.97833	310
4.98000	320
4.98167	331
4.98333	344
4.98500	358
4.98667	375
4.98833	396
4.99000	420
4.99167	450
4.99333	480
4.99500	510
4.99667	540
4.99833	573
5.00000	611
5.00167	647
5.00333	676
5.00500	702
5.00667	725
5.00833	749
5.01000	769
5.01167	781
5.01333	786
5.01500	787
5.01667	784
5.01833	777
5.02000	767
5.02167	754
5.02333	736
5.02500	713
5.02667	690
5.02833	668
5.03000	645
5.03167	620
5.03333	591
5.03500	563
5.03667	538
5.03833	513
5.04000	488
5.04167	460
5.04333	433
5.04500	410
5.04667	389
5.04833	369
5.05000	348
5.05167	328
5.05333	312
5.05500	297
5.05667	283
5.05833	268
5.06000	255
5.06167	244
5.06333	234
5.06500	226
5.06667	218
5.06833	211
5.07000	206
5.07167	202
5.07333	199
5.07500	197
5.07667	195
5.07833	194
5.08000	194
5.08167	194
5.08333	194
5.08500	195
5.08667	195
5.08833	195
5.09000	196
5.09167	196
5.09333	196
5.09500	198
5.09667	200
5.09833	203
5.10000	207
5.10167	212
5.10333	220
5.10500	230
5.10667	243
5.10833	259
5.11000	277
5.11167	296
5.11333	318
5.11500	343
5.11667	373
5.11833	403
5.12000	432
5.12167	462
5.12333	493
5.12500	528
5.12667	561
5.12833	587
5.13000	607
5.13167	624
5.13333	641
5.13500	652
5.13667	656
5.13833	653
5.14000	643
5.14167	628
5.14333	611
5.14500	594
5.14667	574
5.14833	553
5.15000	528
5.15167	504
5.15333	486
5.15500	471
5.15667	459
5.15833	447
5.16000	438
5.16167	433
5.16333	432
5.16500	433
5.16667	436
5.16833	440
5.17000	444
5.17167	448
5.17333	451
5.17500	455
5.17667	457
5.17833	457
5.18000	455
5.18167	450
5.18333	443
5.18500	435
5.18667	425
5.18833	415
5.19000	402
5.19167	386
5.19333	371
5.19500	357
5.19667	345
5.19833	333
5.20000	319
5.20167	307
5.20333	297
5.20500	289
5.20667	283
5.20833	276
5.21000	271
5.21167	266
5.21333	263
5.21500	260
5.21667	257
5.21833	254
5.22000	252
5.22167	250
5.22333	247
5.22500	245
5.22667	243
5.22833	241
5.23000	238
5.23167	236
5.23333	233
5.23500	230
5.23667	228
5.23833	225
5.24000	222
5.24167	219
5.24333	216
5.24500	213
5.24667	209
5.24833	205
5.25000	200
5.25167	196
5.25333	192
5.25500	189
5.25667	186
5.25833	184
5.26000	181
5.26167	180
5.26333	178
5.26500	177
5.26667	176
5.26833	175
5.27000	175
5.27167	174
5.27333	173
5.27500	172
5.27667	171
5.27833	170
5.28000	170
5.28167	170
5.28333	170
5.28500	170
5.28667	170
5.28833	170
5.29000	170
5.29167	170
5.29333	169
5.29500	169
5.29667	168
5.29833	168
5.30000	167
5.30167	166
5.30333	166
5.30500	165
5.30667	165
5.30833	165
5.31000	165
5.31167	165
5.31333	166
5.31500	167
5.31667	168
5.31833	169
5.32000	170
5.32167	171
5.32333	171
5.32500	171
5.32667	171
5.32833	171
5.33000	170
5.33167	169
5.33333	168
5.33500	167
5.33667	166
5.33833	166
5.34000	166
5.34167	166
5.34333	166
5.34500	166
5.34667	167
5.34833	167
5.35000	168
5.35167	169
5.35333	170
5.35500	170
5.35667	171
5.35833	171
5.36000	171
5.36167	172
5.36333	172
5.36500	173
5.36667	173
5.36833	174
5.37000	174
5.37167	175
5.37333	175
5.37500	175
5.37667	175
5.37833	175
5.38000	175
5.38167	174
5.38333	173
5.38500	172
5.38667	171
5.38833	170
5.39000	169
5.39167	168
5.39333	167
5.39500	166
5.39667	166
5.39833	166
5.40000	166
5.40167	166
5.40333	167
5.40500	167
5.40667	168
5.40833	169
5.41000	170
5.41167	171
5.41333	172
5.41500	172
5.41667	173
5.41833	173
5.42000	173
5.42167	174
5.42333	174
5.42500	173
5.42667	173
5.42833	173
5.43000	174
5.43167	174
5.43333	175
5.43500	176
5.43667	177
5.43833	177
5.44000	177
5.44167	178
5.44333	178
5.44500	178
5.44667	177
5.44833	176
5.45000	176
5.45167	175
5.45333	174
5.45500	173
5.45667	173
5.45833	172
5.46000	172
5.46167	173
5.46333	173
5.46500	174
5.46667	176
5.46833	177
5.47000	178
5.47167	179
5.47333	179
5.47500	180
5.47667	180
5.47833	180
5.48000	180
5.48167	180
5.48333	180
5.48500	180
5.48667	180
5.48833	180
5.49000	180
5.49167	180
5.49333	181
5.49500	181
5.49667	181
5.49833	181
5.50000	181
5.50167	181
5.50333	181
5.50500	181
5.50667	182
5.50833	182
5.51000	183
5.51167	183
5.51333	184
5.51500	184
5.51667	183
5.51833	183
5.52000	183
5.52167	182
5.52333	182
5.52500	182
5.52667	182
5.52833	183
5.53000	183
5.53167	183
5.53333	184
5.53500	184
5.53667	184
5.53833	184
5.54000	184
5.54167	183
5.54333	183
5.54500	182
5.54667	182
5.54833	182
5.55000	182
5.55167	183
5.55333	183
5.55500	184
5.55667	185
5.55833	186
5.56000	187
5.56167	188
5.56333	188
5.56500	189
5.56667	190
5.56833	191
5.57000	192
5.57167	193
5.57333	194
5.57500	195
5.57667	196
5.57833	196
5.58000	196
5.58167	196
5.58333	195
5.58500	194
5.58667	193
5.58833	192
5.59000	191
5.59167	189
5.59333	188
5.59500	188
5.59667	188
5.59833	189
5.60000	190
5.60167	191
5.60333	191
5.60500	192
5.60667	192
5.60833	192
5.61000	192
5.61167	193
5.61333	193
5.61500	194
5.61667	195
5.61833	196
5.62000	197
5.62167	198
5.62333	199
5.62500	200
5.62667	200
5.62833	200
5.63000	199
5.63167	198
5.63333	196
5.63500	195
5.63667	194
5.63833	194
5.64000	195
5.64167	196
5.64333	197
5.64500	198
5.64667	199
5.64833	201
5.65000	202
5.65167	203
5.65333	203
5.65500	203
5.65667	203
5.65833	202
5.66000	201
5.66167	201
5.66333	201
5.66500	201
5.66667	201
5.66833	202
5.67000	203
5.67167	203
5.67333	203
5.67500	203
5.67667	204
5.67833	204
5.68000	204
5.68167	204
5.68333	205
5.68500	205
5.68667	206
5.68833	206
5.69000	207
5.69167	208
5.69333	209
5.69500	209
5.69667	209
5.69833	209
5.70000	208
5.70167	208
5.70333	208
5.70500	208
5.70667	208
5.70833	209
5.71000	210
5.71167	210
5.71333	211
5.71500	212
5.71667	213
5.71833	214
5.72000	215
5.72167	215
5.72333	214
5.72500	213
5.72667	212
5.72833	211
5.73000	210
5.73167	210
5.73333	209
5.73500	209
5.73667	210
5.73833	210
5.74000	211
5.74167	213
5.74333	214
5.74500	216
5.74667	216
5.74833	216
5.75000	216
5.75167	216
5.75333	216
5.75500	215
5.75667	215
5.75833	214
5.76000	214
5.76167	213
5.76333	214
5.76500	214
5.76667	215
5.76833	216
5.77000	216
5.77167	217
5.77333	217
5.77500	217
5.77667	217
5.77833	217
5.78000	217
5.78167	218
5.78333	218
5.78500	218
5.78667	218
5.78833	219
5.79000	219
5.79167	220
5.79333	220
5.79500	220
5.79667	220
5.79833	220
5.80000	220
5.80167	220
5.80333	219
5.80500	219
5.80667	220
5.80833	220
5.81000	221
5.81167	221
5.81333	222
5.81500	222
5.81667	222
5.81833	222
5.82000	222
5.82167	222
5.82333	221
5.82500	221
5.82667	221
5.82833	221
5.83000	221
5.83167	221
5.83333	221
5.83500	221
5.83667	221
5.83833	222
5.84000	222
5.84167	222
5.84333	222
5.84500	222
5.84667	222
5.84833	223
5.85000	223
5.85167	224
5.85333	224
5.85500	225
5.85667	226
5.85833	226
5.86000	227
5.86167	228
5.86333	228
5.86500	228
5.86667	229
5.86833	229
5.87000	229
5.87167	230
5.87333	230
5.87500	231
5.87667	231
5.87833	231
5.88000	232
5.88167	232
5.88333	232
5.88500	233
5.88667	234
5.88833	234
5.89000	235
5.89167	236
5.89333	238
5.89500	239
5.89667	240
5.89833	241
5.90000	242
5.90167	243
5.90333	244
5.90500	243
5.90667	243
5.90833	241
5.91000	240
5.91167	238
5.91333	237
5.91500	235
5.91667	233
5.91833	232
5.92000	231
5.92167	230
5.92333	230
5.92500	231
5.92667	231
5.92833	232
5.93000	233
5.93167	233
5.93333	234
5.93500	234
5.93667	234
5.93833	234
5.94000	234
5.94167	234
5.94333	234
5.94500	234
5.94667	234
5.94833	234
5.95000	235
5.95167	235
5.95333	236
5.95500	237
5.95667	237
5.95833	238
5.96000	239
5.96167	239
5.96333	240
5.96500	240
5.96667	240
5.96833	241
5.97000	241
5.97167	241
5.97333	242
5.97500	242
5.97667	242
5.97833	242
5.98000	242
5.98167	243
5.98333	243
5.98500	243
5.98667	244
5.98833	245
5.99000	246
5.99167	246
5.99333	247
5.99500	248
5.99667	248
5.99833	248
6.00000	247
6.00167	246
6.00333	246
6.00500	245
6.00667	245
6.00833	245
6.01000	245
6.01167	245
6.01333	246
6.01500	246
6.01667	248
6.01833	249
6.02000	249
6.02167	250
6.02333	251
6.02500	251
6.02667	252
6.02833	252
6.03000	253
6.03167	254
6.03333	254
6.03500	255
6.03667	255
6.03833	254
6.04000	253
6.04167	252
6.04333	250
6.04500	249
6.04667	248
6.04833	247
6.05000	247
6.05167	246
6.05333	246
6.05500	247
6.05667	248
6.05833	249
6.06000	250
6.06167	251
6.06333	252
6.06500	252
6.06667	252
6.06833	252
6.07000	252
6.07167	252
6.07333	252
6.07500	251
6.07667	251
6.07833	250
6.08000	250
6.08167	250
6.08333	250
6.08500	250
6.08667	250
6.08833	250
6.09000	251
6.09167	251
6.09333	251
6.09500	252
6.09667	252
6.09833	253
6.10000	254
6.10167	254
6.10333	255
6.10500	255
6.10667	256
6.10833	256
6.11000	257
6.11167	257
6.11333	257
6.11500	257
6.11667	257
6.11833	256
6.12000	256
6.12167	257
6.12333	257
6.12500	258
6.12667	259
6.12833	260
6.13000	260
6.13167	261
6.13333	262
6.13500	262
6.13667	262
6.13833	263
6.14000	263
6.14167	263
6.14333	263
6.14500	263
6.14667	262
6.14833	262
6.15000	262
6.15167	262
6.15333	262
6.15500	262
6.15667	262
6.15833	261
6.16000	261
6.16167	261
6.16333	261
6.16500	262
6.16667	263
6.16833	264
6.17000	264
6.17167	265
6.17333	265
6.17500	265
6.17667	265
6.17833	265
6.18000	265
6.18167	264
6.18333	264
6.18500	263
6.18667	263
6.18833	263
6.19000	264
6.19167	264
6.19333	265
6.19500	266
6.19667	266
6.19833	267
6.20000	267
6.20167	267
6.20333	267
6.20500	267
6.20667	267
6.20833	267
6.21000	268
6.21167	268
6.21333	268
6.21500	267
6.21667	267
6.21833	267
6.22000	267
6.22167	267
6.22333	267
6.22500	267
6.22667	268
6.22833	268
6.23000	268
6.23167	268
6.23333	268
6.23500	268
6.23667	268
6.23833	268
6.24000	267
6.24167	267
6.24333	267
6.24500	267
6.24667	268
6.24833	269
6.25000	271
6.25167	273
6.25333	275
6.25500	276
6.25667	276
6.25833	277
6.26000	278
6.26167	279
6.26333	279
6.26500	280
6.26667	280
6.26833	281
6.27000	281
6.27167	281
6.27333	280
6.27500	279
6.27667	278
6.27833	276
6.28000	275
6.28167	273
6.28333	272
6.28500	270
6.28667	270
6.28833	270
6.29000	271
6.29167	273
6.29333	275
6.29500	276
6.29667	277
6.29833	278
6.30000	279
6.30167	280
6.30333	281
6.30500	282
6.30667	282
6.30833	282
6.31000	282
6.31167	283
6.31333	283
6.31500	283
6.31667	283
6.31833	284
6.32000	284
6.32167	284
6.32333	283
6.32500	283
6.32667	283
6.32833	283
6.33000	283
6.33167	283
6.33333	283
6.33500	284
6.33667	284
6.33833	285
6.34000	286
6.34167	287
6.34333	288
6.34500	288
6.34667	289
6.34833	289
6.35000	289
6.35167	290
6.35333	290
6.35500	290
6.35667	290
6.35833	291
6.36000	291
6.36167	291
6.36333	292
6.36500	292
6.36667	293
6.36833	293
6.37000	293
6.37167	294
6.37333	294
6.37500	294
6.37667	294
6.37833	294
6.38000	294
6.38167	294
6.38333	294
6.38500	295
6.38667	295
6.38833	295
6.39000	295
6.39167	296
6.39333	296
6.39500	296
6.39667	297
6.39833	298
6.40000	299
6.40167	299
6.40333	300
6.40500	300
6.40667	300
6.40833	300
6.41000	300
6.41167	300
6.41333	299
6.41500	298
6.41667	297
6.41833	296
6.42000	295
6.42167	295
6.42333	295
6.42500	295
6.42667	296
6.42833	296
6.43000	297
6.43167	297
6.43333	298
6.43500	298
6.43667	298
6.43833	298
6.44000	298
6.44167	298
6.44333	298
6.44500	297
6.44667	297
6.44833	297
6.45000	297
6.45167	297
6.45333	298
6.45500	299
6.45667	300
6.45833	301
6.46000	302
6.46167	303
6.46333	304
6.46500	305
6.46667	306
6.46833	307
6.47000	308
6.47167	309
6.47333	309
6.47500	309
6.47667	309
6.47833	309
6.48000	309
6.48167	309
6.48333	309
6.48500	309
6.48667	309
6.48833	309
6.49000	309
6.49167	309
6.49333	310
6.49500	309
6.49667	309
6.49833	308
6.50000	306
6.50167	305
6.50333	304
6.50500	302
6.50667	301
6.50833	300
6.51000	300
6.51167	299
6.51333	300
6.51500	300
6.51667	301
6.51833	302
6.52000	303
6.52167	304
6.52333	305
6.52500	306
6.52667	306
6.52833	307
6.53000	308
6.53167	308
6.53333	309
6.53500	309
6.53667	310
6.53833	310
6.54000	311
6.54167	311
6.54333	312
6.54500	312
6.54667	312
6.54833	313
6.55000	313
6.55167	313
6.55333	313
6.55500	313
6.55667	314
6.55833	315
6.56000	316
6.56167	317
6.56333	317
6.56500	318
6.56667	318
6.56833	317
6.57000	317
6.57167	317
6.57333	316
6.57500	316
6.57667	315
6.57833	315
6.58000	315
6.58167	316
6.58333	317
6.58500	319
6.58667	320
6.58833	320
6.59000	320
6.59167	320
6.59333	320
6.59500	320
6.59667	319
6.59833	319
6.60000	318
6.60167	317
6.60333	317
6.60500	317
6.60667	317
6.60833	317
6.61000	317
6.61167	317
6.61333	317
6.61500	317
6.61667	317
6.61833	317
6.62000	317
6.62167	317
6.62333	318
6.62500	319
6.62667	319
6.62833	320
6.63000	321
6.63167	322
6.63333	323
6.63500	324
6.63667	325
6.63833	325
6.64000	326
6.64167	327
6.64333	328
6.64500	329
6.64667	329
6.64833	330
6.65000	330
6.65167	330
6.65333	330
6.65500	330
6.65667	330
6.65833	329
6.66000	328
6.66167	328
6.66333	328
6.66500	327
6.66667	327
6.66833	327
6.67000	327
6.67167	327
6.67333	328
6.67500	329
6.67667	331
6.67833	332
6.68000	333
6.68167	335
6.68333	336
6.68500	338
6.68667	339
6.68833	339
6.69000	340
6.69167	339
6.69333	339
6.69500	339
6.69667	339
6.69833	340
6.70000	340
6.70167	341
6.70333	341
6.70500	341
6.70667	341
6.70833	341
6.71000	340
6.71167	340
6.71333	340
6.71500	339
6.71667	340
6.71833	340
6.72000	341
6.72167	341
6.72333	342
6.72500	343
6.72667	343
6.72833	343
6.73000	343
6.73167	343
6.73333	342
6.73500	341
6.73667	340
6.73833	340
6.74000	339
6.74167	339
6.74333	338
6.74500	338
6.74667	339
6.74833	339
6.75000	340
6.75167	341
6.75333	341
6.75500	342
6.75667	341
6.75833	341
6.76000	341
6.76167	340
6.76333	340
6.76500	339
6.76667	338
6.76833	338
6.77000	338
6.77167	338
6.77333	339
6.77500	340
6.77667	341
6.77833	343
6.78000	344
6.78167	346
6.78333	347
6.78500	348
6.78667	349
6.78833	350
6.79000	351
6.79167	351
6.79333	351
6.79500	351
6.79667	351
6.79833	351
6.80000	350
6.80167	350
6.80333	350
6.80500	350
6.80667	350
6.80833	351
6.81000	351
6.81167	352
6.81333	353
6.81500	354
6.81667	355
6.81833	356
6.82000	357
6.82167	357
6.82333	358
6.82500	359
6.82667	360
6.82833	361
6.83000	361
6.83167	361
6.83333	361
6.83500	360
6.83667	360
6.83833	359
6.84000	358
6.84167	357
6.84333	356
6.84500	355
6.84667	353
6.84833	352
6.85000	350
6.85167	349
6.85333	348
6.85500	347
6.85667	347
6.85833	347
6.86000	348
6.86167	349
6.86333	350
6.86500	352
6.86667	354
6.86833	355
6.87000	357
6.87167	357
6.87333	358
6.87500	358
6.87667	357
6.87833	357
6.88000	357
6.88167	357
6.88333	358
6.88500	358
6.88667	359
6.88833	360
6.89000	362
6.89167	364
6.89333	365
6.89500	366
6.89667	367
6.89833	368
6.90000	368
6.90167	368
6.90333	368
6.90500	367
6.90667	367
6.90833	367
6.91000	366
6.91167	366
6.91333	366
6.91500	367
6.91667	368
6.91833	368
6.92000	369
6.92167	370
6.92333	371
6.92500	371
6.92667	371
6.92833	372
6.93000	372
6.93167	372
6.93333	371
6.93500	371
6.93667	371
6.93833	371
6.94000	372
6.94167	372
6.94333	372
6.94500	372
6.94667	372
6.94833	371
6.95000	370
6.95167	369
6.95333	368
6.95500	367
6.95667	367
6.95833	367
6.96000	367
6.96167	367
6.96333	368
6.96500	370
6.96667	372
6.96833	375
6.97000	376
6.97167	377
6.97333	378
6.97500	379
6.97667	379
6.97833	380
6.98000	379
6.98167	379
6.98333	378
6.98500	377
6.98667	376
6.98833	375
6.99000	375
6.99167	374
6.99333	374
6.99500	374
6.99667	374
6.99833	374
7.00000	375
7.00167	376
7.00333	376
7.00500	377
7.00667	377
7.00833	378
7.01000	378
7.01167	378
7.01333	377
7.01500	376
7.01667	375
7.01833	374
7.02000	373
7.02167	373
7.02333	372
7.02500	372
7.02667	371
7.02833	371
7.03000	371
7.03167	372
7.03333	373
7.03500	373
7.03667	374
7.03833	375
7.04000	376
7.04167	377
7.04333	378
7.04500	379
7.04667	379
7.04833	380
7.05000	381
7.05167	381
7.05333	382
7.05500	383
7.05667	384
7.05833	385
7.06000	386
7.06167	387
7.06333	388
7.06500	389
7.06667	390
7.06833	392
7.07000	392
7.07167	392
7.07333	392
7.07500	391
7.07667	391
7.07833	390
7.08000	389
7.08167	387
7.08333	386
7.08500	385
7.08667	384
7.08833	383
7.09000	382
7.09167	382
7.09333	382
7.09500	381
7.09667	382
7.09833	383
7.10000	384
7.10167	385
7.10333	387
7.10500	388
7.10667	390
7.10833	392
7.11000	394
7.11167	395
7.11333	395
7.11500	395
7.11667	395
7.11833	394
7.12000	394
7.12167	394
7.12333	394
7.12500	394
7.12667	394
7.12833	394
7.13000	395
7.13167	395
7.13333	396
7.13500	397
7.13667	398
7.13833	398
7.14000	398
7.14167	399
7.14333	399
7.14500	399
7.14667	399
7.14833	399
7.15000	399
7.15167	400
7.15333	400
7.15500	400
7.15667	400
7.15833	400
7.16000	400
7.16167	399
7.16333	399
7.16500	399
7.16667	399
7.16833	399
7.17000	399
7.17167	398
7.17333	398
7.17500	397
7.17667	397
7.17833	397
7.18000	397
7.18167	397
7.18333	397
7.18500	398
7.18667	399
7.18833	399
7.19000	400
7.19167	402
7.19333	403
7.19500	403
7.19667	404
7.19833	404
7.20000	404
7.20167	404
7.20333	404
7.20500	404
7.20667	405
7.20833	405
7.21000	405
7.21167	406
7.21333	406
7.21500	407
7.21667	408
7.21833	408
7.22000	409
7.22167	409
7.22333	409
7.22500	409
7.22667	409
7.22833	409
7.23000	409
7.23167	410
7.23333	411
7.23500	412
7.23667	413
7.23833	414
7.24000	414
7.24167	415
7.24333	415
7.24500	415
7.24667	414
7.24833	414
7.25000	413
7.25167	412
7.25333	412
7.25500	413
7.25667	413
7.25833	415
7.26000	416
7.26167	417
7.26333	418
7.26500	418
7.26667	418
7.26833	418
7.27000	417
7.27167	416
7.27333	414
7.27500	412
7.27667	410
7.27833	409
7.28000	409
7.28167	409
7.28333	410
7.28500	410
7.28667	411
7.28833	412
7.29000	414
7.29167	415
7.29333	416
7.29500	417
7.29667	418
7.29833	418
7.30000	419
7.30167	419
7.30333	419
7.30500	419
7.30667	420
7.30833	420
7.31000	419
7.31167	419
7.31333	419
7.31500	419
7.31667	419
7.31833	419
7.32000	420
7.32167	420
7.32333	421
7.32500	422
7.32667	423
7.32833	424
7.33000	425
7.33167	425
7.33333	425
7.33500	425
7.33667	425
7.33833	424
7.34000	424
7.34167	423
7.34333	422
7.34500	422
7.34667	423
7.34833	423
7.35000	425
7.35167	426
7.35333	427
7.35500	428
7.35667	429
7.35833	430
7.36000	431
7.36167	431
7.36333	432
7.36500	432
7.36667	431
7.36833	431
7.37000	431
7.37167	432
7.37333	433
7.37500	435
7.37667	436
7.37833	438
7.38000	438
7.38167	438
7.38333	438
7.38500	437
7.38667	436
7.38833	435
7.39000	434
7.39167	433
7.39333	432
7.39500	431
7.39667	431
7.39833	432
7.40000	433
7.40167	433
7.40333	434
7.40500	435
7.40667	435
7.40833	435
7.41000	436
7.41167	436
7.41333	437
7.41500	438
7.41667	438
7.41833	439
7.42000	440
7.42167	440
7.42333	440
7.42500	441
7.42667	441
7.42833	441
7.43000	441
7.43167	440
7.43333	440
7.43500	439
7.43667	439
7.43833	439
7.44000	440
7.44167	440
7.44333	441
7.44500	441
7.44667	442
7.44833	442
7.45000	442
7.45167	442
7.45333	442
7.45500	442
7.45667	443
7.45833	443
7.46000	443
7.46167	443
7.46333	443
7.46500	443
7.46667	443
7.46833	442
7.47000	442
7.47167	441
7.47333	441
7.47500	440
7.47667	440
7.47833	440
7.48000	440
7.48167	441
7.48333	442
7.48500	443
7.48667	444
7.48833	445
7.49000	445
7.49167	445
7.49333	445
7.49500	445
7.49667	444
7.49833	444
7.50000	444
7.50167	444
7.50333	444
7.50500	444
7.50667	445
7.50833	446
7.51000	447
7.51167	447
7.51333	448
7.51500	448
7.51667	449
7.51833	449
7.52000	448
7.52167	448
7.52333	447
7.52500	446
7.52667	445
7.52833	445
7.53000	445
7.53167	445
7.53333	446
7.53500	447
7.53667	448
7.53833	449
7.54000	450
7.54167	451
7.54333	452
7.54500	453
7.54667	454
7.54833	455
7.55000	456
7.55167	457
7.55333	458
7.55500	459
7.55667	461
7.55833	462
7.56000	463
7.56167	464
7.56333	464
7.56500	464
7.56667	463
7.56833	462
7.57000	461
7.57167	459
7.57333	458
7.57500	456
7.57667	454
7.57833	452
7.58000	451
7.58167	451
7.58333	450
7.58500	450
7.58667	450
7.58833	451
7.59000	452
7.59167	454
7.59333	456
7.59500	457
7.59667	459
7.59833	461
7.60000	463
7.60167	465
7.60333	466
7.60500	466
7.60667	466
7.60833	465
7.61000	464
7.61167	463
7.61333	462
7.61500	461
7.61667	460
7.61833	459
7.62000	459
7.62167	459
7.62333	459
7.62500	459
7.62667	460
7.62833	460
7.63000	460
7.63167	461
7.63333	461
7.63500	462
7.63667	462
7.63833	462
7.64000	462
7.64167	463
7.64333	463
7.64500	463
7.64667	463
7.64833	463
7.65000	463
7.65167	464
7.65333	464
7.65500	465
7.65667	466
7.65833	467
7.66000	468
7.66167	469
7.66333	470
7.66500	471
7.66667	472
7.66833	473
7.67000	474
7.67167	474
7.67333	475
7.67500	475
7.67667	476
7.67833	476
7.68000	476
7.68167	476
7.68333	477
7.68500	477
7.68667	477
7.68833	478
7.69000	478
7.69167	479
7.69333	479
7.69500	479
7.69667	479
7.69833	479
7.70000	479
7.70167	479
7.70333	479
7.70500	479
7.70667	479
7.70833	479
7.71000	478
7.71167	478
7.71333	479
7.71500	479
7.71667	480
7.71833	480
7.72000	481
7.72167	481
7.72333	481
7.72500	482
7.72667	482
7.72833	482
7.73000	482
7.73167	482
7.73333	481
7.73500	480
7.73667	480
7.73833	480
7.74000	481
7.74167	482
7.74333	483
7.74500	484
7.74667	485
7.74833	486
7.75000	487
7.75167	488
7.75333	488
7.75500	489
7.75667	489
7.75833	489
7.76000	489
7.76167	490
7.76333	490
7.76500	490
7.76667	490
7.76833	490
7.77000	490
7.77167	490
7.77333	489
7.77500	489
7.77667	488
7.77833	488
7.78000	488
7.78167	488
7.78333	488
7.78500	489
7.78667	489
7.78833	490
7.79000	490
7.79167	491
7.79333	491
7.79500	491
7.79667	492
7.79833	492
7.80000	492
7.80167	492
7.80333	492
7.80500	492
7.80667	492
7.80833	492
7.81000	492
7.81167	493
7.81333	493
7.81500	493
7.81667	494
7.81833	494
7.82000	495
7.82167	495
7.82333	495
7.82500	496
7.82667	496
7.82833	497
7.83000	497
7.83167	497
7.83333	498
7.83500	498
7.83667	498
7.83833	498
7.84000	499
7.84167	499
7.84333	499
7.84500	499
7.84667	499
7.84833	500
7.85000	500
7.85167	500
7.85333	501
7.85500	501
7.85667	502
7.85833	502
7.86000	503
7.86167	503
7.86333	504
7.86500	504
7.86667	504
7.86833	504
7.87000	503
7.87167	503
7.87333	503
7.87500	504
7.87667	504
7.87833	504
7.88000	505
7.88167	505
7.88333	505
7.88500	506
7.88667	506
7.88833	506
7.89000	506
7.89167	506
7.89333	506
7.89500	506
7.89667	506
7.89833	506
7.90000	505
7.90167	505
7.90333	505
7.90500	505
7.90667	506
7.90833	508
7.91000	509
7.91167	510
7.91333	512
7.91500	513
7.91667	514
7.91833	515
7.92000	516
7.92167	516
7.92333	516
7.92500	516
7.92667	516
7.92833	516
7.93000	516
7.93167	516
7.93333	516
7.93500	516
7.93667	517
7.93833	517
7.94000	516
7.94167	516
7.94333	516
7.94500	515
7.94667	515
7.94833	515
7.95000	515
7.95167	515
7.95333	516
7.95500	516
7.95667	517
7.95833	517
7.96000	518
7.96167	518
7.96333	519
7.96500	519
7.96667	519
7.96833	518
7.97000	518
7.97167	518
7.97333	517
7.97500	517
7.97667	516
7.97833	517
7.98000	517
7.98167	518
7.98333	520
7.98500	521
7.98667	523
7.98833	524
7.99000	525
7.99167	526
7.99333	527
7.99500	527
7.99667	527
7.99833	527
8.00000	526
8.00167	525
8.00333	524
8.00500	523
8.00667	522
8.00833	521
8.01000	520
8.01167	519
8.01333	519
8.01500	519
8.01667	520
8.01833	521
8.02000	522
8.02167	522
8.02333	523
8.02500	524
8.02667	525
8.02833	526
8.03000	527
8.03167	527
8.03333	528
8.03500	528
8.03667	529
8.03833	529
8.04000	529
8.04167	530
8.04333	530
8.04500	531
8.04667	531
8.04833	531
8.05000	532
8.05167	532
8.05333	533
8.05500	533
8.05667	534
8.05833	535
8.06000	536
8.06167	536
8.06333	537
8.06500	537
8.06667	537
8.06833	536
8.07000	536
8.07167	536
8.07333	535
8.07500	535
8.07667	535
8.07833	536
8.08000	536
8.08167	536
8.08333	537
8.08500	537
8.08667	537
8.08833	537
8.09000	538
8.09167	538
8.09333	538
8.09500	539
8.09667	540
8.09833	540
8.10000	541
8.10167	542
8.10333	542
8.10500	542
8.10667	541
8.10833	540
8.11000	539
8.11167	538
8.11333	537
8.11500	536
8.11667	535
8.11833	535
8.12000	535
8.12167	535
8.12333	536
8.12500	538
8.12667	539
8.12833	540
8.13000	541
8.13167	542
8.13333	543
8.13500	544
8.13667	546
8.13833	547
8.14000	548
8.14167	550
8.14333	551
8.14500	552
8.14667	553
8.14833	554
8.15000	554
8.15167	554
8.15333	554
8.15500	554
8.15667	553
8.15833	552
8.16000	551
8.16167	550
8.16333	550
8.16500	550
8.16667	550
8.16833	550
8.17000	551
8.17167	551
8.17333	551
8.17500	552
8.17667	552
8.17833	553
8.18000	554
8.18167	555
8.18333	556
8.18500	557
8.18667	558
8.18833	560
8.19000	561
8.19167	562
8.19333	564
8.19500	564
8.19667	565
8.19833	565
8.20000	564
8.20167	563
8.20333	562
8.20500	561
8.20667	560
8.20833	560
8.21000	559
8.21167	558
8.21333	558
8.21500	557
8.21667	557
8.21833	557
8.22000	557
8.22167	558
8.22333	559
8.22500	560
8.22667	562
8.22833	563
8.23000	564
8.23167	565
8.23333	567
8.23500	568
8.23667	568
8.23833	569
8.24000	569
8.24167	569
8.24333	568
8.24500	568
8.24667	568
8.24833	568
8.25000	569
8.25167	569
8.25333	569
8.25500	569
8.25667	569
8.25833	568
8.26000	568
8.26167	568
8.26333	568
8.26500	569
8.26667	570
8.26833	571
8.27000	571
8.27167	572
8.27333	572
8.27500	572
8.27667	572
8.27833	572
8.28000	571
8.28167	571
8.28333	570
8.28500	570
8.28667	570
8.28833	570
8.29000	570
8.29167	571
8.29333	572
8.29500	573
8.29667	574
8.29833	574
8.30000	574
8.30167	575
8.30333	575
8.30500	575
8.30667	575
8.30833	576
8.31000	576
8.31167	576
8.31333	577
8.31500	578
8.31667	579
8.31833	580
8.32000	581
8.32167	582
8.32333	583
8.32500	584
8.32667	584
8.32833	584
8.33000	584
8.33167	583
8.33333	581
8.33500	580
8.33667	579
8.33833	578
8.34000	578
8.34167	579
8.34333	579
8.34500	579
8.34667	580
8.34833	580
8.35000	580
8.35167	579
8.35333	578
8.35500	577
8.35667	576
8.35833	575
8.36000	574
8.36167	573
8.36333	573
8.36500	573
8.36667	574
8.36833	575
8.37000	576
8.37167	577
8.37333	578
8.37500	579
8.37667	580
8.37833	581
8.38000	581
8.38167	582
8.38333	583
8.38500	583
8.38667	584
8.38833	584
8.39000	584
8.39167	584
8.39333	584
8.39500	584
8.39667	584
8.39833	584
8.40000	583
8.40167	583
8.40333	583
8.40500	584
8.40667	585
8.40833	586
8.41000	587
8.41167	588
8.41333	589
8.41500	590
8.41667	591
8.41833	591
8.42000	591
8.42167	591
8.42333	590
8.42500	589
8.42667	588
8.42833	588
8.43000	588
8.43167	588
8.43333	588
8.43500	589
8.43667	590
8.43833	590
8.44000	591
8.44167	592
8.44333	592
8.44500	593
8.44667	593
8.44833	593
8.45000	593
8.45167	594
8.45333	594
8.45500	594
8.45667	595
8.45833	595
8.46000	596
8.46167	597
8.46333	597
8.46500	598
8.46667	598
8.46833	599
8.47000	599
8.47167	599
8.47333	599
8.47500	599
8.47667	599
8.47833	599
8.48000	599
8.48167	599
8.48333	599
8.48500	599
8.48667	599
8.48833	599
8.49000	599
8.49167	599
8.49333	599
8.49500	598
8.49667	598
8.49833	597
8.50000	595
8.50167	594
8.50333	593
8.50500	593
8.50667	593
8.50833	593
8.51000	594
8.51167	595
8.51333	596
8.51500	598
8.51667	600
8.51833	602
8.52000	603
8.52167	604
8.52333	604
8.52500	604
8.52667	603
8.52833	603
8.53000	603
8.53167	603
8.53333	604
8.53500	604
8.53667	605
8.53833	606
8.54000	608
8.54167	609
8.54333	611
8.54500	612
8.54667	613
8.54833	614
8.55000	615
8.55167	615
8.55333	615
8.55500	613
8.55667	611
8.55833	609
8.56000	606
8.56167	604
8.56333	603
8.56500	601
8.56667	600
8.56833	599
8.57000	599
8.57167	599
8.57333	599
8.57500	600
8.57667	601
8.57833	602
8.58000	602
8.58167	603
8.58333	603
8.58500	604
8.58667	604
8.58833	605
8.59000	605
8.59167	606
8.59333	606
8.59500	606
8.59667	607
8.59833	607
8.60000	608
8.60167	609
8.60333	609
8.60500	609
8.60667	610
8.60833	610
8.61000	610
8.61167	610
8.61333	610
8.61500	610
8.61667	610
8.61833	610
8.62000	611
8.62167	613
8.62333	615
8.62500	617
8.62667	619
8.62833	621
8.63000	622
8.63167	623
8.63333	623
8.63500	624
8.63667	624
8.63833	624
8.64000	623
8.64167	623
8.64333	622
8.64500	622
8.64667	621
8.64833	621
8.65000	620
8.65167	620
8.65333	620
8.65500	620
8.65667	620
8.65833	620
8.66000	620
8.66167	620
8.66333	620
8.66500	621
8.66667	621
8.66833	621
8.67000	621
8.67167	622
8.67333	622
8.67500	622
8.67667	622
8.67833	623
8.68000	623
8.68167	623
8.68333	623
8.68500	623
8.68667	623
8.68833	624
8.69000	625
8.69167	626
8.69333	627
8.69500	627
8.69667	628
8.69833	628
8.70000	629
8.70167	629
8.70333	629
8.70500	630
8.70667	630
8.70833	631
8.71000	632
8.71167	633
8.71333	634
8.71500	635
8.71667	636
8.71833	637
8.72000	637
8.72167	637
8.72333	636
8.72500	635
8.72667	634
8.72833	633
8.73000	632
8.73167	632
8.73333	632
8.73500	632
8.73667	632
8.73833	633
8.74000	633
8.74167	634
8.74333	635
8.74500	635
8.74667	636
8.74833	637
8.75000	637
8.75167	638
8.75333	638
8.75500	639
8.75667	639
8.75833	638
8.76000	638
8.76167	638
8.76333	638
8.76500	637
8.76667	637
8.76833	637
8.77000	637
8.77167	638
8.77333	638
8.77500	639
8.77667	641
8.77833	642
8.78000	643
8.78167	644
8.78333	645
8.78500	645
8.78667	646
8.78833	646
8.79000	646
8.79167	646
8.79333	646
8.79500	645
8.79667	645
8.79833	644
8.80000	643
8.80167	643
8.80333	642
8.80500	641
8.80667	641
8.80833	640
8.81000	640
8.81167	640
8.81333	639
8.81500	639
8.81667	639
8.81833	639
8.82000	639
8.82167	640
8.82333	641
8.82500	642
8.82667	644
8.82833	645
8.83000	646
8.83167	647
8.83333	649
8.83500	649
8.83667	650
8.83833	650
8.84000	650
8.84167	649
8.84333	649
8.84500	648
8.84667	647
8.84833	647
8.85000	646
8.85167	645
8.85333	645
8.85500	644
8.85667	644
8.85833	644
8.86000	645
8.86167	645
8.86333	646
8.86500	648
8.86667	649
8.86833	650
8.87000	651
8.87167	652
8.87333	652
8.87500	652
8.87667	652
8.87833	652
8.88000	652
8.88167	652
8.88333	653
8.88500	653
8.88667	654
8.88833	655
8.89000	656
8.89167	657
8.89333	659
8.89500	660
8.89667	660
8.89833	661
8.90000	661
8.90167	661
8.90333	661
8.90500	660
8.90667	659
8.90833	659
8.91000	658
8.91167	657
8.91333	657
8.91500	657
8.91667	657
8.91833	658
8.92000	658
8.92167	659
8.92333	659
8.92500	660
8.92667	661
8.92833	661
8.93000	662
8.93167	662
8.93333	663
8.93500	663
8.93667	663
8.93833	663
8.94000	663
8.94167	664
8.94333	664
8.94500	664
8.94667	664
8.94833	664
8.95000	664
8.95167	664
8.95333	664
8.95500	664
8.95667	664
8.95833	665
8.96000	665
8.96167	665
8.96333	666
8.96500	667
8.96667	668
8.96833	668
8.97000	669
8.97167	669
8.97333	670
8.97500	670
8.97667	670
8.97833	670
8.98000	671
8.98167	671
8.98333	672
8.98500	672
8.98667	673
8.98833	673
8.99000	673
8.99167	672
8.99333	672
8.99500	671
8.99667	669
8.99833	668
9.00000	665
9.00167	663
9.00333	662
9.00500	661
9.00667	661
9.00833	661
9.01000	662
9.01167	663
9.01333	664
9.01500	666
9.01667	668
9.01833	671
9.02000	672
9.02167	673
9.02333	674
9.02500	675
9.02667	675
9.02833	675
9.03000	675
9.03167	674
9.03333	673
9.03500	672
9.03667	671
9.03833	670
9.04000	669
9.04167	669
9.04333	668
9.04500	668
9.04667	667
9.04833	667
9.05000	668
9.05167	668
9.05333	669
9.05500	671
9.05667	673
9.05833	675
9.06000	677
9.06167	679
9.06333	680
9.06500	681
9.06667	682
9.06833	683
9.07000	683
9.07167	683
9.07333	684
9.07500	684
9.07667	684
9.07833	684
9.08000	684
9.08167	683
9.08333	683
9.08500	683
9.08667	682
9.08833	681
9.09000	680
9.09167	679
9.09333	677
9.09500	676
9.09667	676
9.09833	676
9.10000	677
9.10167	678
9.10333	679
9.10500	680
9.10667	682
9.10833	684
9.11000	686
9.11167	687
9.11333	688
9.11500	688
9.11667	688
9.11833	688
9.12000	688
9.12167	687
9.12333	687
9.12500	686
9.12667	685
9.12833	685
9.13000	684
9.13167	684
9.13333	684
9.13500	685
9.13667	686
9.13833	687
9.14000	688
9.14167	690
9.14333	691
9.14500	692
9.14667	693
9.14833	694
9.15000	694
9.15167	694
9.15333	694
9.15500	694
9.15667	694
9.15833	694
9.16000	693
9.16167	693
9.16333	693
9.16500	694
9.16667	694
9.16833	695
9.17000	696
9.17167	696
9.17333	696
9.17500	696
9.17667	696
9.17833	696
9.18000	696
9.18167	695
9.18333	695
9.18500	695
9.18667	695
9.18833	694
9.19000	694
9.19167	694
9.19333	693
9.19500	693
9.19667	693
9.19833	693
9.20000	694
9.20167	694
9.20333	695
9.20500	696
9.20667	697
9.20833	699
9.21000	701
9.21167	702
9.21333	703
9.21500	704
9.21667	705
9.21833	705
9.22000	706
9.22167	706
9.22333	706
9.22500	706
9.22667	705
9.22833	705
9.23000	704
9.23167	704
9.23333	704
9.23500	704
9.23667	703
9.23833	703
9.24000	703
9.24167	703
9.24333	703
9.24500	703
9.24667	703
9.24833	702
9.25000	702
9.25167	702
9.25333	702
9.25500	702
9.25667	702
9.25833	703
9.26000	705
9.26167	706
9.26333	707
9.26500	709
9.26667	711
9.26833	713
9.27000	714
9.27167	714
9.27333	714
9.27500	714
9.27667	714
9.27833	713
9.28000	713
9.28167	712
9.28333	711
9.28500	711
9.28667	711
9.28833	711
9.29000	711
9.29167	712
9.29333	712
9.29500	712
9.29667	713
9.29833	713
9.30000	713
9.30167	712
9.30333	712
9.30500	711
9.30667	710
9.30833	709
9.31000	708
9.31167	708
9.31333	707
9.31500	707
9.31667	707
9.31833	708
9.32000	708
9.32167	708
9.32333	709
9.32500	709
9.32667	710
9.32833	711
9.33000	712
9.33167	713
9.33333	714
9.33500	715
9.33667	716
9.33833	717
9.34000	717
9.34167	717
9.34333	718
9.34500	718
9.34667	718
9.34833	718
9.35000	718
9.35167	719
9.35333	719
9.35500	720
9.35667	721
9.35833	722
9.36000	723
9.36167	724
9.36333	725
9.36500	725
9.36667	724
9.36833	724
9.37000	723
9.37167	723
9.37333	723
9.37500	722
9.37667	722
9.37833	722
9.38000	722
9.38167	722
9.38333	723
9.38500	724
9.38667	725
9.38833	725
9.39000	725
9.39167	724
9.39333	723
9.39500	723
9.39667	723
9.39833	723
9.40000	722
9.40167	722
9.40333	723
9.40500	723
9.40667	724
9.40833	725
9.41000	726
9.41167	727
9.41333	728
9.41500	729
9.41667	729
9.41833	730
9.42000	730
9.42167	731
9.42333	732
9.42500	733
9.42667	734
9.42833	735
9.43000	736
9.43167	737
9.43333	737
9.43500	738
9.43667	738
9.43833	738
9.44000	738
9.44167	737
9.44333	737
9.44500	736
9.44667	736
9.44833	735
9.45000	735
9.45167	734
9.45333	735
9.45500	735
9.45667	736
9.45833	738
9.46000	739
9.46167	740
9.46333	741
9.46500	741
9.46667	741
9.46833	742
9.47000	741
9.47167	741
9.47333	740
9.47500	739
9.47667	738
9.47833	738
9.48000	738
9.48167	738
9.48333	739
9.48500	739
9.48667	740
9.48833	741
9.49000	742
9.49167	743
9.49333	744
9.49500	744
9.49667	744
9.49833	744
9.50000	743
9.50167	742
9.50333	741
9.50500	740
9.50667	740
9.50833	740
9.51000	740
9.51167	740
9.51333	741
9.51500	741
9.51667	742
9.51833	743
9.52000	744
9.52167	744
9.52333	743
9.52500	743
9.52667	742
9.52833	742
9.53000	741
9.53167	741
9.53333	741
9.53500	741
9.53667	741
9.53833	741
9.54000	741
9.54167	742
9.54333	742
9.54500	743
9.54667	744
9.54833	745
9.55000	746
9.55167	747
9.55333	749
9.55500	750
9.55667	751
9.55833	752
9.56000	753
9.56167	754
9.56333	754
9.56500	755
9.56667	755
9.56833	756
9.57000	756
9.57167	757
9.57333	758
9.57500	759
9.57667	760
9.57833	760
9.58000	761
9.58167	761
9.58333	761
9.58500	761
9.58667	760
9.58833	759
9.59000	758
9.59167	756
9.59333	754
9.59500	752
9.59667	751
9.59833	751
9.60000	750
9.60167	750
9.60333	750
9.60500	751
9.60667	753
9.60833	755
9.61000	756
9.61167	758
9.61333	758
9.61500	759
9.61667	759
9.61833	758
9.62000	758
9.62167	758
9.62333	758
9.62500	758
9.62667	758
9.62833	758
9.63000	759
9.63167	760
9.63333	761
9.63500	762
9.63667	763
9.63833	763
9.64000	764
9.64167	764
9.64333	764
9.64500	764
9.64667	763
9.64833	763
9.65000	763
9.65167	762
9.65333	762
9.65500	762
9.65667	762
9.65833	762
9.66000	763
9.66167	763
9.66333	763
9.66500	763
9.66667	764
9.66833	764
9.67000	764
9.67167	764
9.67333	765
9.67500	765
9.67667	765
9.67833	766
9.68000	766
9.68167	766
9.68333	766
9.68500	766
9.68667	766
9.68833	765
9.69000	765
9.69167	764
9.69333	764
9.69500	764
9.69667	764
9.69833	764
9.70000	765
9.70167	765
9.70333	766
9.70500	766
9.70667	767
9.70833	767
9.71000	767
9.71167	767
9.71333	766
9.71500	766
9.71667	766
9.71833	765
9.72000	765
9.72167	765
9.72333	766
9.72500	767
9.72667	768
9.72833	769
9.73000	770
9.73167	771
9.73333	772
9.73500	773
9.73667	774
9.73833	774
9.74000	774
9.74167	775
9.74333	775
9.74500	776
9.74667	777
9.74833	778
9.75000	779
9.75167	780
9.75333	781
9.75500	782
9.75667	783
9.75833	784
9.76000	784
9.76167	785
9.76333	785
9.76500	785
9.76667	785
9.76833	784
9.77000	784
9.77167	784
9.77333	784
9.77500	784
9.77667	784
9.77833	783
9.78000	783
9.78167	784
9.78333	784
9.78500	784
9.78667	784
9.78833	784
9.79000	785
9.79167	785
9.79333	785
9.79500	786
9.79667	786
9.79833	787
9.80000	788
9.80167	790
9.80333	790
9.80500	791
9.80667	791
9.80833	792
9.81000	792
9.81167	791
9.81333	791
9.81500	790
9.81667	788
9.81833	787
9.82000	786
9.82167	785
9.82333	785
9.82500	785
9.82667	786
9.82833	786
9.83000	786
9.83167	787
9.83333	787
9.83500	787
9.83667	788
9.83833	788
9.84000	788
9.84167	789
9.84333	789
9.84500	789
9.84667	789
9.84833	789
9.85000	789
9.85167	789
9.85333	789
9.85500	789
9.85667	790
9.85833	791
9.86000	792
9.86167	793
9.86333	794
9.86500	795
9.86667	796
9.86833	796
9.87000	797
9.87167	797
9.87333	797
9.87500	796
9.87667	796
9.87833	795
9.88000	795
9.88167	795
9.88333	795
9.88500	795
9.88667	795
9.88833	795
9.89000	795
9.89167	794
9.89333	794
9.89500	794
9.89667	794
9.89833	794
9.90000	795
9.90167	795
9.90333	796
9.90500	797
9.90667	798
9.90833	799
9.91000	800
9.91167	801
9.91333	802
9.91500	802
9.91667	802
9.91833	802
9.92000	801
9.92167	800
9.92333	799
9.92500	797
9.92667	795
9.92833	794
9.93000	794
9.93167	793
9.93333	793
9.93500	793
9.93667	794
9.93833	795
9.94000	796
9.94167	798
9.94333	799
9.94500	800
9.94667	801
9.94833	801
9.95000	800
9.95167	799
9.95333	799
9.95500	798
9.95667	798
9.95833	798
9.96000	799
9.96167	799
9.96333	799
9.96500	800
9.96667	800
9.96833	800
9.97000	800
9.97167	800
9.97333	800
9.97500	799
9.97667	798
9.97833	798
9.98000	799
9.98167	799
9.98333	801
9.98500	802
9.98667	804
9.98833	805
9.99000	806
9.99167	807
9.99333	808
9.99500	808
9.99667	808
9.99833	808
10.00000	807
10.00167	807
10.00333	807
10.00500	807
10.00667	808
10.00833	810
10.01000	812
10.01167	813
10.01333	814
10.01500	815
10.01667	815
10.01833	815
10.02000	815
10.02167	814
10.02333	813
10.02500	811
10.02667	809
10.02833	807
10.03000	806
10.03167	806
10.03333	805
10.03500	804
10.03667	804
10.03833	805
10.04000	805
10.04167	806
10.04333	807
10.04500	808
10.04667	809
10.04833	809
10.05000	810
10.05167	810
10.05333	811
10.05500	811
10.05667	811
10.05833	812
10.06000	812
10.06167	812
10.06333	811
10.06500	811
10.06667	811
10.06833	810
10.07000	810
10.07167	810
10.07333	810
10.07500	810
10.07667	810
10.07833	810
10.08000	811
10.08167	811
10.08333	812
10.08500	813
10.08667	814
10.08833	815
10.09000	815
10.09167	816
10.09333	817
10.09500	817
10.09667	817
10.09833	817
10.10000	817
10.10167	817
10.10333	817
10.10500	817
10.10667	818
10.10833	818
10.11000	819
10.11167	820
10.11333	821
10.11500	822
10.11667	824
10.11833	825
10.12000	827
10.12167	828
10.12333	829
10.12500	830
10.12667	831
10.12833	832
10.13000	832
10.13167	831
10.13333	830
10.13500	829
10.13667	828
10.13833	826
10.14000	825
10.14167	823
10.14333	822
10.14500	820
10.14667	820
10.14833	819
10.15000	819
10.15167	819
10.15333	819
10.15500	820
10.15667	820
10.15833	821
10.16000	821
10.16167	822
10.16333	824
10.16500	826
10.16667	828
10.16833	830
10.17000	832
10.17167	833
10.17333	834
10.17500	835
10.17667	835
10.17833	835
10.18000	835
10.18167	835
10.18333	835
10.18500	834
10.18667	834
10.18833	833
10.19000	833
10.19167	834
10.19333	834
10.19500	835
10.19667	835
10.19833	835
10.20000	835
10.20167	836
10.20333	836
10.20500	836
10.20667	836
10.20833	836
10.21000	836
10.21167	836
10.21333	836
10.21500	836
10.21667	836
10.21833	836
10.22000	837
10.22167	837
10.22333	837
10.22500	837
10.22667	837
10.22833	837
10.23000	837
10.23167	837
10.23333	838
10.23500	839
10.23667	840
10.23833	841
10.24000	841
10.24167	842
10.24333	842
10.24500	843
10.24667	843
10.24833	842
10.25000	842
10.25167	841
10.25333	841
10.25500	840
10.25667	840
10.25833	839
10.26000	839
10.26167	838
10.26333	838
10.26500	838
10.26667	838
10.26833	838
10.27000	839
10.27167	840
10.27333	842
10.27500	844
10.27667	846
10.27833	847
10.28000	848
10.28167	849
10.28333	849
10.28500	850
10.28667	849
10.28833	849
10.29000	848
10.29167	847
10.29333	846
10.29500	845
10.29667	845
10.29833	845
10.30000	846
10.30167	847
10.30333	848
10.30500	848
10.30667	849
10.30833	850
10.31000	851
10.31167	851
10.31333	851
10.31500	851
10.31667	851
10.31833	850
10.32000	850
10.32167	849
10.32333	848
10.32500	847
10.32667	846
10.32833	846
10.33000	845
10.33167	845
10.33333	845
10.33500	845
10.33667	845
10.33833	845
10.34000	846
10.34167	848
10.34333	849
10.34500	850
10.34667	850
10.34833	850
10.35000	850
10.35167	850
10.35333	850
10.35500	851
10.35667	851
10.35833	852
10.36000	853
10.36167	854
10.36333	855
10.36500	857
10.36667	859
10.36833	860
10.37000	861
10.37167	862
10.37333	863
10.37500	863
10.37667	864
10.37833	864
10.38000	863
10.38167	863
10.38333	861
10.38500	860
10.38667	859
10.38833	858
10.39000	857
10.39167	856
10.39333	855
10.39500	854
10.39667	854
10.39833	853
10.40000	853
10.40167	853
10.40333	853
10.40500	853
10.40667	853
10.40833	853
10.41000	853
10.41167	853
10.41333	853
10.41500	853
10.41667	854
10.41833	854
10.42000	854
10.42167	855
10.42333	855
10.42500	855
10.42667	855
10.42833	855
10.43000	855
10.43167	856
10.43333	857
10.43500	858
10.43667	859
10.43833	859
10.44000	860
10.44167	862
10.44333	863
10.44500	863
10.44667	864
10.44833	864
10.45000	865
10.45167	865
10.45333	866
10.45500	866
10.45667	866
10.45833	867
10.46000	867
10.46167	868
10.46333	868
10.46500	868
10.46667	869
10.46833	869
10.47000	869
10.47167	869
10.47333	869
10.47500	869
10.47667	868
10.47833	868
10.48000	868
10.48167	867
10.48333	867
10.48500	866
10.48667	866
10.48833	865
10.49000	864
10.49167	863
10.49333	863
10.49500	862
10.49667	862
10.49833	862
10.50000	862
10.50167	863
10.50333	864
10.50500	864
10.50667	865
10.50833	866
10.51000	867
10.51167	867
10.51333	868
10.51500	868
10.51667	867
10.51833	867
10.52000	867
10.52167	867
10.52333	867
10.52500	867
10.52667	868
10.52833	868
10.53000	868
10.53167	868
10.53333	868
10.53500	868
10.53667	867
10.53833	867
10.54000	867
10.54167	867
10.54333	868
10.54500	868
10.54667	869
10.54833	870
10.55000	872
10.55167	873
10.55333	874
10.55500	875
10.55667	875
10.55833	876
10.56000	875
10.56167	875
10.56333	875
10.56500	874
10.56667	873
10.56833	873
10.57000	873
10.57167	873
10.57333	874
10.57500	875
10.57667	876
10.57833	877
10.58000	877
10.58167	878
10.58333	878
10.58500	877
10.58667	877
10.58833	876
10.59000	876
10.59167	875
10.59333	875
10.59500	874
10.59667	875
10.59833	875
10.60000	876
10.60167	878
10.60333	879
10.60500	880
10.60667	880
10.60833	881
10.61000	882
10.61167	883
10.61333	883
10.61500	883
10.61667	883
10.61833	883
10.62000	882
10.62167	882
10.62333	881
10.62500	881
10.62667	880
10.62833	880
10.63000	880
10.63167	880
10.63333	880
10.63500	881
10.63667	882
10.63833	883
10.64000	884
10.64167	885
10.64333	886
10.64500	886
10.64667	886
10.64833	886
10.65000	885
10.65167	884
10.65333	883
10.65500	882
10.65667	882
10.65833	882
10.66000	881
10.66167	882
10.66333	882
10.66500	883
10.66667	885
10.66833	886
10.67000	887
10.67167	888
10.67333	888
10.67500	888
10.67667	887
10.67833	887
10.68000	886
10.68167	886
10.68333	886
10.68500	886
10.68667	887
10.68833	887
10.69000	888
10.69167	889
10.69333	890
10.69500	890
10.69667	890
10.69833	890
10.70000	889
10.70167	889
10.70333	888
10.70500	888
10.70667	887
10.70833	887
10.71000	887
10.71167	888
10.71333	889
10.71500	890
10.71667	891
10.71833	892
10.72000	893
10.72167	893
10.72333	893
10.72500	893
10.72667	893
10.72833	893
10.73000	893
10.73167	893
10.73333	893
10.73500	892
10.73667	892
10.73833	893
10.74000	893
10.74167	893
10.74333	894
10.74500	894
10.74667	895
10.74833	895
10.75000	896
10.75167	896
10.75333	896
10.75500	896
10.75667	896
10.75833	896
10.76000	895
10.76167	895
10.76333	895
10.76500	896
10.76667	896
10.76833	897
10.77000	897
10.77167	898
10.77333	899
10.77500	900
10.77667	901
10.77833	901
10.78000	901
10.78167	901
10.78333	900
10.78500	900
10.78667	899
10.78833	899
10.79000	899
10.79167	899
10.79333	899
10.79500	899
10.79667	900
10.79833	901
10.80000	902
10.80167	903
10.80333	904
10.80500	905
10.80667	906
10.80833	906
10.81000	907
10.81167	907
10.81333	907
10.81500	907
10.81667	906
10.81833	905
10.82000	904
10.82167	903
10.82333	903
10.82500	903
10.82667	903
10.82833	903
10.83000	902
10.83167	902
10.83333	902
10.83500	902
10.83667	902
10.83833	902
10.84000	901
10.84167	901
10.84333	900
10.84500	900
10.84667	901
10.84833	902
10.85000	904
10.85167	906
10.85333	907
10.85500	907
10.85667	908
10.85833	908
10.86000	907
10.86167	907
10.86333	906
10.86500	905
10.86667	905
10.86833	904
10.87000	904
10.87167	905
10.87333	906
10.87500	908
10.87667	909
10.87833	911
10.88000	911
10.88167	912
10.88333	912
10.88500	912
10.88667	911
10.88833	911
10.89000	911
10.89167	910
10.89333	910
10.89500	909
10.89667	909
10.89833	908
10.90000	908
10.90167	907
10.90333	907
10.90500	906
10.90667	906
10.90833	906
10.91000	906
10.91167	906
10.91333	906
10.91500	907
10.91667	909
10.91833	910
10.92000	911
10.92167	912
10.92333	912
10.92500	912
10.92667	913
10.92833	913
10.93000	912
10.93167	912
10.93333	911
10.93500	910
10.93667	910
10.93833	910
10.94000	910
10.94167	911
10.94333	912
10.94500	913
10.94667	913
10.94833	914
10.95000	915
10.95167	916
10.95333	917
10.95500	917
10.95667	918
10.95833	918
10.96000	918
10.96167	919
10.96333	919
10.96500	919
10.96667	918
10.96833	918
10.97000	917
10.97167	917
10.97333	916
10.97500	916
10.97667	916
10.97833	915
10.98000	915
10.98167	915
10.98333	915
10.98500	915
10.98667	915
10.98833	916
10.99000	916
10.99167	917
10.99333	918
10.99500	919
10.99667	920
10.99833	921
11.00000	922
11.00167	922
11.00333	923
11.00500	923
11.00667	922
11.00833	921
11.01000	921
11.01167	920
11.01333	920
11.01500	920
11.01667	920
11.01833	920
11.02000	920
11.02167	920
11.02333	920
11.02500	920
11.02667	921
11.02833	921
11.03000	921
11.03167	922
11.03333	923
11.03500	923
11.03667	924
11.03833	925
11.04000	926
11.04167	928
11.04333	929
11.04500	930
11.04667	930
11.04833	929
11.05000	928
11.05167	927
11.05333	926
11.05500	925
11.05667	924
11.05833	923
11.06000	922
11.06167	922
11.06333	922
11.06500	924
11.06667	926
11.06833	928
11.07000	929
11.07167	930
11.07333	931
11.07500	932
11.07667	933
11.07833	933
11.08000	932
11.08167	931
11.08333	930
11.08500	929
11.08667	928
11.08833	927
11.09000	926
11.09167	924
11.09333	923
11.09500	923
11.09667	922
11.09833	922
11.10000	922
11.10167	922
11.10333	923
11.10500	924
11.10667	926
11.10833	928
11.11000	930
11.11167	931
11.11333	932
11.11500	933
11.11667	933
11.11833	934
11.12000	934
11.12167	933
11.12333	933
11.12500	932
11.12667	931
11.12833	930
11.13000	930
11.13167	930
11.13333	931
11.13500	931
11.13667	932
11.13833	933
11.14000	934
11.14167	935
11.14333	937
11.14500	938
11.14667	938
11.14833	939
11.15000	940
11.15167	941
11.15333	941
11.15500	942
11.15667	942
11.15833	942
11.16000	943
11.16167	943
11.16333	943
11.16500	944
11.16667	944
11.16833	944
11.17000	944
11.17167	945
11.17333	945
11.17500	946
11.17667	946
11.17833	947
11.18000	947
11.18167	947
11.18333	947
11.18500	947
11.18667	947
11.18833	947
11.19000	947
11.19167	947
11.19333	947
11.19500	947
11.19667	947
11.19833	947
11.20000	947
11.20167	947
11.20333	947
11.20500	947
11.20667	946
11.20833	945
11.21000	945
11.21167	944
11.21333	944
11.21500	944
11.21667	943
11.21833	943
11.22000	943
11.22167	944
11.22333	944
11.22500	944
11.22667	945
11.22833	945
11.23000	946
11.23167	947
11.23333	947
11.23500	948
11.23667	948
11.23833	948
11.24000	949
11.24167	949
11.24333	949
11.24500	950
11.24667	950
11.24833	951
11.25000	952
11.25167	953
11.25333	954
11.25500	954
11.25667	955
11.25833	955
11.26000	956
11.26167	956
11.26333	956
11.26500	955
11.26667	954
11.26833	952
11.27000	951
11.27167	951
11.27333	950
11.27500	949
11.27667	949
11.27833	948
11.28000	948
11.28167	948
11.28333	947
11.28500	947
11.28667	947
11.28833	947
11.29000	948
11.29167	948
11.29333	949
11.29500	949
11.29667	950
11.29833	952
11.30000	953
11.30167	955
11.30333	956
11.30500	957
11.30667	958
11.30833	959
11.31000	960
11.31167	960
11.31333	961
11.31500	961
11.31667	962
11.31833	962
11.32000	962
11.32167	962
11.32333	962
11.32500	962
11.32667	962
11.32833	962
11.33000	961
11.33167	961
11.33333	960
11.33500	960
11.33667	959
11.33833	959
11.34000	959
11.34167	959
11.34333	959
11.34500	959
11.34667	960
11.34833	960
11.35000	960
11.35167	960
11.35333	960
11.35500	959
11.35667	958
11.35833	956
11.36000	955
11.36167	954
11.36333	954
11.36500	954
11.36667	954
11.36833	955
11.37000	956
11.37167	957
11.37333	959
11.37500	961
11.37667	963
11.37833	965
11.38000	966
11.38167	966
11.38333	967
11.38500	967
11.38667	967
11.38833	967
11.39000	967
11.39167	966
11.39333	966
11.39500	965
11.39667	965
11.39833	964
11.40000	964
11.40167	963
11.40333	963
11.40500	962
11.40667	962
11.40833	962
11.41000	962
11.41167	962
11.41333	962
11.41500	963
11.41667	964
11.41833	965
11.42000	966
11.42167	967
11.42333	968
11.42500	970
11.42667	971
11.42833	972
11.43000	972
11.43167	971
11.43333	970
11.43500	969
11.43667	968
11.43833	966
11.44000	965
11.44167	963
11.44333	961
11.44500	961
11.44667	961
11.44833	962
11.45000	964
11.45167	966
11.45333	967
11.45500	969
11.45667	970
11.45833	971
11.46000	972
11.46167	973
11.46333	973
11.46500	973
11.46667	972
11.46833	971
11.47000	971
11.47167	971
11.47333	971
11.47500	971
11.47667	972
11.47833	972
11.48000	972
11.48167	972
11.48333	973
11.48500	973
11.48667	973
11.48833	972
11.49000	972
11.49167	971
11.49333	970
11.49500	969
11.49667	969
11.49833	969
11.50000	969
11.50167	969
11.50333	969
11.50500	969
11.50667	969
11.50833	970
11.51000	970
11.51167	970
11.51333	969
11.51500	969
11.51667	968
11.51833	967
11.52000	967
11.52167	968
11.52333	969
11.52500	970
11.52667	972
11.52833	973
11.53000	975
11.53167	976
11.53333	978
11.53500	979
11.53667	980
11.53833	980
11.54000	980
11.54167	979
11.54333	978
11.54500	976
11.54667	975
11.54833	973
11.55000	971
11.55167	970
11.55333	969
11.55500	968
11.55667	968
11.55833	968
11.56000	968
11.56167	969
11.56333	970
11.56500	970
11.56667	971
11.56833	972
11.57000	972
11.57167	973
11.57333	973
11.57500	973
11.57667	973
11.57833	972
11.58000	971
11.58167	971
11.58333	970
11.58500	969
11.58667	968
11.58833	967
11.59000	967
11.59167	966
11.59333	966
11.59500	966
11.59667	966
11.59833	967
11.60000	967
11.60167	968
11.60333	969
11.60500	970
11.60667	971
11.60833	971
11.61000	972
11.61167	973
11.61333	973
11.61500	973
11.61667	973
11.61833	973
11.62000	972
11.62167	972
11.62333	972
11.62500	972
11.62667	973
11.62833	973
11.63000	974
11.63167	975
11.63333	976
11.63500	978
11.63667	978
11.63833	979
11.64000	979
11.64167	978
11.64333	977
11.64500	977
11.64667	976
11.64833	976
11.65000	976
11.65167	976
11.65333	976
11.65500	977
11.65667	977
11.65833	977
11.66000	977
11.66167	976
11.66333	976
11.66500	975
11.66667	975
11.66833	974
11.67000	973
11.67167	973
11.67333	972
11.67500	972
11.67667	972
11.67833	972
11.68000	973
11.68167	974
11.68333	975
11.68500	977
11.68667	978
11.68833	978
11.69000	979
11.69167	979
11.69333	979
11.69500	978
11.69667	977
11.69833	976
11.70000	974
11.70167	972
11.70333	971
11.70500	970
11.70667	971
11.70833	971
11.71000	972
11.71167	973
11.71333	974
11.71500	975
11.71667	975
11.71833	976
11.72000	977
11.72167	977
11.72333	977
11.72500	977
11.72667	977
11.72833	977
11.73000	977
11.73167	978
11.73333	979
11.73500	980
11.73667	981
11.73833	981
11.74000	982
11.74167	982
11.74333	981
11.74500	981
11.74667	980
11.74833	978
11.75000	977
11.75167	976
11.75333	975
11.75500	974
11.75667	974
11.75833	974
11.76000	974
11.76167	974
11.76333	975
11.76500	976
11.76667	977
11.76833	978
11.77000	979
11.77167	979
11.77333	979
11.77500	979
11.77667	978
11.77833	978
11.78000	978
11.78167	978
11.78333	979
11.78500	979
11.78667	980
11.78833	981
11.79000	982
11.79167	983
11.79333	984
11.79500	984
11.79667	984
11.79833	984
11.80000	983
11.80167	983
11.80333	982
11.80500	981
11.80667	980
11.80833	979
11.81000	978
11.81167	977
11.81333	976
11.81500	976
11.81667	976
11.81833	976
11.82000	976
11.82167	977
11.82333	978
11.82500	980
11.82667	981
11.82833	981
11.83000	982
11.83167	982
11.83333	981
11.83500	980
11.83667	980
11.83833	979
11.84000	979
11.84167	979
11.84333	979
11.84500	980
11.84667	980
11.84833	980
11.85000	981
11.85167	981
11.85333	981
11.85500	981
11.85667	980
11.85833	979
11.86000	978
11.86167	978
11.86333	977
11.86500	977
11.86667	977
11.86833	976
11.87000	976
11.87167	975
11.87333	974
11.87500	973
11.87667	972
11.87833	971
11.88000	971
11.88167	970
11.88333	970
11.88500	970
11.88667	970
11.88833	970
11.89000	971
11.89167	972
11.89333	974
11.89500	975
11.89667	976
11.89833	978
11.90000	979
11.90167	981
11.90333	982
11.90500	984
11.90667	985
11.90833	986
11.91000	987
11.91167	988
11.91333	988
11.91500	987
11.91667	987
11.91833	986
11.92000	984
11.92167	983
11.92333	981
11.92500	979
11.92667	978
11.92833	976
11.93000	975
11.93167	974
11.93333	973
11.93500	972
11.93667	972
11.93833	972
11.94000	972
11.94167	972
11.94333	973
11.94500	974
11.94667	974
11.94833	975
11.95000	975
11.95167	976
11.95333	976
11.95500	976
11.95667	976
11.95833	975
11.96000	975
11.96167	974
11.96333	974
11.96500	973
11.96667	973
11.96833	972
11.97000	972
11.97167	972
11.97333	972
11.97500	973
11.97667	973
11.97833	973
11.98000	973
11.98167	973
11.98333	973
11.98500	972
11.98667	972
11.98833	972
11.99000	972
11.99167	973
11.99333	974
11.99500	974
11.99667	975
11.99833	975
12.00000	975
12.00167	975
12.00333	974
12.00500	973
12.00667	973
12.00833	971
12.01000	970
12.01167	970
12.01333	970
12.01500	970
12.01667	971
12.01833	972
12.02000	973
12.02167	974
12.02333	974
12.02500	973
12.02667	973
12.02833	972
12.03000	972
12.03167	972
12.03333	972
12.03500	972
12.03667	972
12.03833	972
12.04000	973
12.04167	973
12.04333	974
12.04500	974
12.04667	974
12.04833	974
12.05000	974
12.05167	974
12.05333	973
12.05500	973
12.05667	973
12.05833	973
12.06000	973
12.06167	973
12.06333	973
12.06500	972
12.06667	971
12.06833	969
12.07000	968
12.07167	968
12.07333	967
12.07500	966
12.07667	966
12.07833	965
12.08000	965
12.08167	965
12.08333	965
12.08500	966
12.08667	966
12.08833	966
12.09000	967
12.09167	968
12.09333	968
12.09500	969
12.09667	970
12.09833	971
12.10000	972
12.10167	973
12.10333	973
12.10500	973
12.10667	972
12.10833	971
12.11000	970
12.11167	969
12.11333	969
12.11500	968
12.11667	968
12.11833	968
12.12000	969
12.12167	969
12.12333	970
12.12500	971
12.12667	973
12.12833	973
12.13000	973
12.13167	973
12.13333	973
12.13500	972
12.13667	971
12.13833	969
12.14000	968
12.14167	966
12.14333	965
12.14500	964
12.14667	964
12.14833	964
12.15000	965
12.15167	966
12.15333	967
12.15500	967
12.15667	968
12.15833	970
12.16000	970
12.16167	971
12.16333	971
12.16500	970
12.16667	969
12.16833	967
12.17000	966
12.17167	964
12.17333	963
12.17500	962
12.17667	961
12.17833	960
12.18000	960
12.18167	961
12.18333	961
12.18500	962
12.18667	963
12.18833	964
12.19000	966
12.19167	967
12.19333	969
12.19500	970
12.19667	970
12.19833	970
12.20000	969
12.20167	968
12.20333	967
12.20500	966
12.20667	965
12.20833	964
12.21000	964
12.21167	963
12.21333	963
12.21500	963
12.21667	963
12.21833	964
12.22000	964
12.22167	964
12.22333	965
12.22500	965
12.22667	965
12.22833	965
12.23000	965
12.23167	965
12.23333	965
12.23500	965
12.23667	964
12.23833	964
12.24000	963
12.24167	963
12.24333	962
12.24500	962
12.24667	962
12.24833	961
12.25000	961
12.25167	961
12.25333	961
12.25500	962
12.25667	962
12.25833	962
12.26000	963
12.26167	964
12.26333	964
12.26500	965
12.26667	966
12.26833	966
12.27000	967
12.27167	967
12.27333	966
12.27500	966
12.27667	965
12.27833	964
12.28000	963
12.28167	962
12.28333	961
12.28500	961
12.28667	961
12.28833	961
12.29000	963
12.29167	965
12.29333	967
12.29500	968
12.29667	969
12.29833	970
12.30000	971
12.30167	971
12.30333	971
12.30500	969
12.30667	967
12.30833	964
12.31000	961
12.31167	959
12.31333	957
12.31500	955
12.31667	953
12.31833	952
12.32000	951
12.32167	951
12.32333	951
12.32500	951
12.32667	952
12.32833	953
12.33000	954
12.33167	955
12.33333	956
12.33500	957
12.33667	958
12.33833	959
12.34000	960
12.34167	961
12.34333	962
12.34500	962
12.34667	963
12.34833	963
12.35000	963
12.35167	963
12.35333	963
12.35500	963
12.35667	963
12.35833	963
12.36000	963
12.36167	962
12.36333	962
12.36500	962
12.36667	961
12.36833	961
12.37000	961
12.37167	961
12.37333	961
12.37500	961
12.37667	960
12.37833	960
12.38000	960
12.38167	959
12.38333	958
12.38500	958
12.38667	957
12.38833	956
12.39000	956
12.39167	955
12.39333	955
12.39500	955
12.39667	955
12.39833	955
12.40000	956
12.40167	957
12.40333	958
12.40500	959
12.40667	960
12.40833	961
12.41000	962
12.41167	963
12.41333	963
12.41500	963
12.41667	963
12.41833	962
12.42000	962
12.42167	962
12.42333	962
12.42500	961
12.42667	961
12.42833	961
12.43000	961
12.43167	961
12.43333	961
12.43500	961
12.43667	961
12.43833	961
12.44000	961
12.44167	961
12.44333	961
12.44500	961
12.44667	961
12.44833	961
12.45000	961
12.45167	961
12.45333	961
12.45500	961
12.45667	960
12.45833	960
12.46000	959
12.46167	959
12.46333	959
12.46500	960
12.46667	961
12.46833	962
12.47000	962
12.47167	963
12.47333	963
12.47500	963
12.47667	963
12.47833	963
12.48000	963
12.48167	963
12.48333	963
12.48500	963
12.48667	963
12.48833	962
12.49000	962
12.49167	962
12.49333	962
12.49500	962
12.49667	963
12.49833	963
12.50000	963
12.50167	962
12.50333	962
12.50500	962
12.50667	961
12.50833	961
12.51000	961
12.51167	960
12.51333	959
12.51500	959
12.51667	957
12.51833	957
12.52000	956
12.52167	956
12.52333	957
12.52500	957
12.52667	958
12.52833	959
12.53000	960
12.53167	960
12.53333	961
12.53500	961
12.53667	962
12.53833	962
12.54000	963
12.54167	963
12.54333	963
12.54500	964
12.54667	964
12.54833	964
12.55000	964
12.55167	963
12.55333	962
12.55500	961
12.55667	960
12.55833	958
12.56000	956
12.56167	955
12.56333	954
12.56500	953
12.56667	952
12.56833	952
12.57000	952
12.57167	952
12.57333	953
12.57500	954
12.57667	955
12.57833	956
12.58000	956
12.58167	957
12.58333	957
12.58500	957
12.58667	957
12.58833	957
12.59000	957
12.59167	957
12.59333	956
12.59500	956
12.59667	956
12.59833	955
12.60000	955
12.60167	955
12.60333	955
12.60500	955
12.60667	955
12.60833	955
12.61000	956
12.61167	956
12.61333	957
12.61500	958
12.61667	958
12.61833	959
12.62000	960
12.62167	960
12.62333	960
12.62500	960
12.62667	960
12.62833	960
12.63000	961
12.63167	962
12.63333	963
12.63500	964
12.63667	965
12.63833	966
12.64000	966
12.64167	967
12.64333	967
12.64500	967
12.64667	966
12.64833	964
12.65000	962
12.65167	960
12.65333	958
12.65500	957
12.65667	956
12.65833	955
12.66000	954
12.66167	954
12.66333	955
12.66500	956
12.66667	959
12.66833	961
12.67000	962
12.67167	964
12.67333	965
12.67500	967
12.67667	968
12.67833	968
12.68000	968
12.68167	967
12.68333	965
12.68500	964
12.68667	963
12.68833	962
12.69000	962
12.69167	961
12.69333	961
12.69500	961
12.69667	962
12.69833	963
12.70000	964
12.70167	965
12.70333	966
12.70500	966
12.70667	965
12.70833	964
12.71000	963
12.71167	963
12.71333	962
12.71500	961
12.71667	961
12.71833	961
12.72000	961
12.72167	962
12.72333	963
12.72500	964
12.72667	965
12.72833	966
12.73000	966
12.73167	966
12.73333	966
12.73500	965
12.73667	964
12.73833	964
12.74000	963
12.74167	963
12.74333	963
12.74500	963
12.74667	963
12.74833	962
12.75000	962
12.75167	962
12.75333	962
12.75500	962
12.75667	962
12.75833	962
12.76000	962
12.76167	963
12.76333	964
12.76500	965
12.76667	966
12.76833	967
12.77000	967
12.77167	968
12.77333	968
12.77500	967
12.77667	967
12.77833	967
12.78000	967
12.78167	967
12.78333	967
12.78500	967
12.78667	966
12.78833	966
12.79000	964
12.79167	963
12.79333	962
12.79500	960
12.79667	960
12.79833	959
12.80000	959
12.80167	959
12.80333	959
12.80500	960
12.80667	961
12.80833	963
12.81000	965
12.81167	966
12.81333	966
12.81500	966
12.81667	965
12.81833	963
12.82000	962
12.82167	961
12.82333	960
12.82500	959
12.82667	958
12.82833	957
12.83000	957
12.83167	957
12.83333	958
12.83500	959
12.83667	960
12.83833	960
12.84000	960
12.84167	960
12.84333	959
12.84500	959
12.84667	959
12.84833	960
12.85000	960
12.85167	961
12.85333	962
12.85500	962
12.85667	963
12.85833	963
12.86000	963
12.86167	964
12.86333	963
12.86500	962
12.86667	961
12.86833	960
12.87000	960
12.87167	959
12.87333	960
12.87500	960
12.87667	961
12.87833	962
12.88000	963
12.88167	964
12.88333	965
12.88500	966
12.88667	967
12.88833	966
12.89000	966
12.89167	965
12.89333	963
12.89500	962
12.89667	961
12.89833	961
12.90000	960
12.90167	959
12.90333	958
12.90500	958
12.90667	958
12.90833	959
12.91000	959
12.91167	959
12.91333	960
12.91500	960
12.91667	961
12.91833	962
12.92000	962
12.92167	963
12.92333	964
12.92500	965
12.92667	966
12.92833	966
12.93000	967
12.93167	968
12.93333	968
12.93500	969
12.93667	969
12.93833	968
12.94000	966
12.94167	963
12.94333	961
12.94500	958
12.94667	956
12.94833	954
12.95000	951
12.95167	949
12.95333	948
12.95500	948
12.95667	949
12.95833	951
12.96000	953
12.96167	954
12.96333	955
12.96500	955
12.96667	955
12.96833	956
12.97000	956
12.97167	955
12.97333	955
12.97500	955
12.97667	955
12.97833	955
12.98000	955
12.98167	955
12.98333	956
12.98500	956
12.98667	957
12.98833	957
12.99000	957
12.99167	956
12.99333	956
12.99500	956
12.99667	956
12.99833	957
13.00000	958
13.00167	959
13.00333	960
13.00500	961
13.00667	962
13.00833	963
13.01000	964
13.01167	965
13.01333	965
13.01500	964
13.01667	963
13.01833	962
13.02000	961
13.02167	960
13.02333	959
13.02500	958
13.02667	957
13.02833	956
13.03000	956
13.03167	955
13.03333	955
13.03500	954
13.03667	954
13.03833	955
13.04000	955
13.04167	956
13.04333	957
13.04500	958
13.04667	959
13.04833	960
13.05000	961
13.05167	963
13.05333	963
13.05500	963
13.05667	962
13.05833	961
13.06000	960
13.06167	959
13.06333	958
13.06500	957
13.06667	956
13.06833	956
13.07000	955
13.07167	955
13.07333	955
13.07500	955
13.07667	956
13.07833	956
13.08000	957
13.08167	958
13.08333	959
13.08500	960
13.08667	962
13.08833	963
13.09000	964
13.09167	965
13.09333	966
13.09500	967
13.09667	967
13.09833	966
13.10000	966
13.10167	965
13.10333	964
13.10500	964
13.10667	963
13.10833	962
13.11000	961
13.11167	960
13.11333	960
13.11500	959
13.11667	959
13.11833	959
13.12000	959
13.12167	959
13.12333	959
13.12500	959
13.12667	959
13.12833	959
13.13000	960
13.13167	960
13.13333	960
13.13500	961
13.13667	961
13.13833	961
13.14000	962
13.14167	962
13.14333	963
13.14500	963
13.14667	963
13.14833	963
13.15000	962
13.15167	962
13.15333	961
13.15500	961
13.15667	961
13.15833	962
13.16000	962
13.16167	963
13.16333	963
13.16500	963
13.16667	964
13.16833	964
13.17000	963
13.17167	962
13.17333	961
13.17500	959
13.17667	957
13.17833	956
13.18000	955
13.18167	955
13.18333	955
13.18500	956
13.18667	958
13.18833	959
13.19000	962
13.19167	965
13.19333	967
13.19500	969
13.19667	970
13.19833	971
13.20000	971
13.20167	970
13.20333	970
13.20500	968
13.20667	967
13.20833	965
13.21000	964
13.21167	962
13.21333	962
13.21500	961
13.21667	960
13.21833	960
13.22000	960
13.22167	960
13.22333	959
13.22500	960
13.22667	960
13.22833	959
13.23000	959
13.23167	959
13.23333	958
13.23500	957
13.23667	957
13.23833	956
13.24000	956
13.24167	956
13.24333	956
13.24500	956
13.24667	955
13.24833	955
13.25000	954
13.25167	954
13.25333	954
13.25500	954
13.25667	954
13.25833	954
13.26000	955
13.26167	956
13.26333	957
13.26500	958
13.26667	960
13.26833	961
13.27000	962
13.27167	963
13.27333	963
13.27500	963
13.27667	963
13.27833	963
13.28000	962
13.28167	961
13.28333	960
13.28500	959
13.28667	959
13.28833	958
13.29000	958
13.29167	957
13.29333	957
13.29500	956
13.29667	956
13.29833	956
13.30000	956
13.30167	955
13.30333	955
13.30500	955
13.30667	955
13.30833	955
13.31000	955
13.31167	955
13.31333	955
13.31500	955
13.31667	955
13.31833	955
13.32000	955
13.32167	955
13.32333	956
13.32500	956
13.32667	956
13.32833	957
13.33000	958
13.33167	958
13.33333	959
13.33500	960
13.33667	961
13.33833	961
13.34000	960
13.34167	960
13.34333	959
13.34500	959
13.34667	959
13.34833	958
13.35000	958
13.35167	958
13.35333	958
13.35500	958
13.35667	958
13.35833	958
13.36000	958
13.36167	958
13.36333	957
13.36500	957
13.36667	957
13.36833	957
13.37000	957
13.37167	957
13.37333	957
13.37500	958
13.37667	958
13.37833	959
13.38000	959
13.38167	960
13.38333	960
13.38500	960
13.38667	961
13.38833	961
13.39000	962
13.39167	963
13.39333	963
13.39500	964
13.39667	964
13.39833	964
13.40000	963
13.40167	963
13.40333	962
13.40500	961
13.40667	961
13.40833	960
13.41000	959
13.41167	959
13.41333	958
13.41500	958
13.41667	958
13.41833	958
13.42000	958
13.42167	958
13.42333	957
13.42500	957
13.42667	956
13.42833	955
13.43000	954
13.43167	953
13.43333	951
13.43500	951
13.43667	950
13.43833	950
13.44000	951
13.44167	951
13.44333	953
13.44500	954
13.44667	955
13.44833	957
13.45000	959
13.45167	961
13.45333	962
13.45500	962
13.45667	962
13.45833	962
13.46000	962
13.46167	961
13.46333	961
13.46500	961
13.46667	962
13.46833	963
13.47000	963
13.47167	963
13.47333	964
13.47500	964
13.47667	964
13.47833	964
13.48000	964
13.48167	963
13.48333	961
13.48500	960
13.48667	959
13.48833	958
13.49000	958
13.49167	959
13.49333	959
13.49500	960
13.49667	960
13.49833	961
13.50000	961
13.50167	962
13.50333	963
13.50500	963
13.50667	964
13.50833	965
13.51000	966
13.51167	966
13.51333	967
13.51500	967
13.51667	968
13.51833	968
13.52000	968
13.52167	968
13.52333	967
13.52500	966
13.52667	964
13.52833	964
13.53000	963
13.53167	963
13.53333	963
13.53500	963
13.53667	963
13.53833	964
13.54000	964
13.54167	965
13.54333	965
13.54500	966
13.54667	966
13.54833	966
13.55000	966
13.55167	966
13.55333	967
13.55500	967
13.55667	967
13.55833	968
13.56000	968
13.56167	968
13.56333	968
13.56500	969
13.56667	968
13.56833	968
13.57000	968
13.57167	968
13.57333	968
13.57500	968
13.57667	968
13.57833	968
13.58000	969
13.58167	969
13.58333	969
13.58500	969
13.58667	969
13.58833	968
13.59000	968
13.59167	966
13.59333	965
13.59500	964
13.59667	964
13.59833	963
13.60000	962
13.60167	961
13.60333	961
13.60500	960
13.60667	960
13.60833	960
13.61000	960
13.61167	959
13.61333	959
13.61500	958
13.61667	956
13.61833	955
13.62000	954
13.62167	954
13.62333	954
13.62500	954
13.62667	954
13.62833	955
13.63000	956
13.63167	957
13.63333	959
13.63500	960
13.63667	962
13.63833	963
13.64000	963
13.64167	964
13.64333	964
13.64500	964
13.64667	964
13.64833	963
13.65000	962
13.65167	962
13.65333	961
13.65500	961
13.65667	961
13.65833	961
13.66000	962
13.66167	962
13.66333	962
13.66500	961
13.66667	960
13.66833	960
13.67000	959
13.67167	958
13.67333	957
13.67500	957
13.67667	956
13.67833	956
13.68000	956
13.68167	956
13.68333	957
13.68500	958
13.68667	958
13.68833	959
13.69000	959
13.69167	959
13.69333	960
13.69500	960
13.69667	960
13.69833	960
13.70000	960
13.70167	960
13.70333	960
13.70500	961
13.70667	961
13.70833	961
13.71000	961
13.71167	961
13.71333	961
13.71500	961
13.71667	961
13.71833	962
13.72000	962
13.72167	961
13.72333	961
13.72500	961
13.72667	960
13.72833	960
13.73000	960
13.73167	960
13.73333	960
13.73500	960
13.73667	961
13.73833	961
13.74000	962
13.74167	963
13.74333	964
13.74500	965
13.74667	966
13.74833	967
13.75000	968
13.75167	969
13.75333	969
13.75500	969
13.75667	968
13.75833	967
13.76000	966
13.76167	965
13.76333	964
13.76500	963
13.76667	961
13.76833	960
13.77000	960
13.77167	960
13.77333	960
13.77500	960
13.77667	961
13.77833	961
13.78000	962
13.78167	962
13.78333	961
13.78500	961
13.78667	960
13.78833	959
13.79000	959
13.79167	958
13.79333	957
13.79500	957
13.79667	957
13.79833	957
13.80000	958
13.80167	958
13.80333	959
13.80500	960
13.80667	960
13.80833	961
13.81000	962
13.81167	962
13.81333	962
13.81500	962
13.81667	961
13.81833	960
13.82000	960
13.82167	960
13.82333	960
13.82500	961
13.82667	961
13.82833	961
13.83000	962
13.83167	962
13.83333	961
13.83500	961
13.83667	961
13.83833	960
13.84000	959
13.84167	958
13.84333	958
13.84500	957
13.84667	957
13.84833	957
13.85000	958
13.85167	958
13.85333	959
13.85500	960
13.85667	960
13.85833	962
13.86000	963
13.86167	963
13.86333	964
13.86500	965
13.86667	965
13.86833	965
13.87000	965
13.87167	964
13.87333	963
13.87500	962
13.87667	961
13.87833	960
13.88000	960
13.88167	961
13.88333	962
13.88500	963
13.88667	964
13.88833	965
13.89000	966
13.89167	967
13.89333	967
13.89500	967
13.89667	966
13.89833	965
13.90000	963
13.90167	961
13.90333	960
13.90500	958
13.90667	958
13.90833	957
13.91000	956
13.91167	956
13.91333	956
13.91500	957
13.91667	958
13.91833	958
13.92000	959
13.92167	959
13.92333	960
13.92500	960
13.92667	960
13.92833	960
13.93000	960
13.93167	960
13.93333	960
13.93500	960
13.93667	960
13.93833	960
13.94000	961
13.94167	962
13.94333	963
13.94500	963
13.94667	964
13.94833	965
13.95000	965
13.95167	965
13.95333	966
13.95500	966
13.95667	966
13.95833	966
13.96000	966
13.96167	966
13.96333	965
13.96500	964
13.96667	963
13.96833	962
13.97000	961
13.97167	960
13.97333	960
13.97500	960
13.97667	960
13.97833	961
13.98000	961
13.98167	961
13.98333	962
13.98500	962
13.98667	962
13.98833	962
13.99000	962
13.99167	962
13.99333	962
13.99500	961
13.99667	961
13.99833	961
14.00000	961
14.00167	960
14.00333	959
14.00500	957
14.00667	955
14.00833	953
14.01000	951
14.01167	950
14.01333	949
14.01500	949
14.01667	950
14.01833	951
14.02000	951
14.02167	953
14.02333	954
14.02500	955
14.02667	957
14.02833	958
14.03000	958
14.03167	958
14.03333	957
14.03500	957
14.03667	956
14.03833	956
14.04000	957
14.04167	958
14.04333	959
14.04500	960
14.04667	961
14.04833	962
14.05000	963
14.05167	964
14.05333	965
14.05500	965
14.05667	965
14.05833	965
14.06000	964
14.06167	964
14.06333	964
14.06500	963
14.06667	963
14.06833	963
14.07000	963
14.07167	963
14.07333	963
14.07500	963
14.07667	963
14.07833	963
14.08000	962
14.08167	962
14.08333	961
14.08500	961
14.08667	961
14.08833	960
14.09000	961
14.09167	961
14.09333	962
14.09500	962
14.09667	962
14.09833	963
14.10000	963
14.10167	963
14.10333	962
14.10500	962
14.10667	960
14.10833	959
14.11000	958
14.11167	957
14.11333	957
14.11500	957
14.11667	958
14.11833	960
14.12000	961
14.12167	962
14.12333	963
14.12500	965
14.12667	966
14.12833	966
14.13000	967
14.13167	966
14.13333	966
14.13500	965
14.13667	965
14.13833	965
14.14000	965
14.14167	966
14.14333	966
14.14500	967
14.14667	967
14.14833	967
14.15000	967
14.15167	967
14.15333	967
14.15500	967
14.15667	966
14.15833	965
14.16000	964
14.16167	963
14.16333	962
14.16500	961
14.16667	960
14.16833	960
14.17000	959
14.17167	958
14.17333	958
14.17500	958
14.17667	958
14.17833	958
14.18000	958
14.18167	959
14.18333	960
14.18500	961
14.18667	961
14.18833	962
14.19000	963
14.19167	964
14.19333	964
14.19500	964
14.19667	964
14.19833	963
14.20000	962
14.20167	962
14.20333	961
14.20500	961
14.20667	962
14.20833	962
14.21000	963
14.21167	964
14.21333	965
14.21500	965
14.21667	966
14.21833	967
14.22000	967
14.22167	966
14.22333	965
14.22500	964
14.22667	962
14.22833	961
14.23000	960
14.23167	958
14.23333	957
14.23500	956
14.23667	955
14.23833	955
14.24000	954
14.24167	954
14.24333	954
14.24500	954
14.24667	955
14.24833	956
14.25000	957
14.25167	958
14.25333	959
14.25500	959
14.25667	960
14.25833	960
14.26000	960
14.26167	960
14.26333	958
14.26500	957
14.26667	954
14.26833	952
14.27000	949
14.27167	947
14.27333	944
14.27500	941
14.27667	938
14.27833	936
14.28000	936
14.28167	936
14.28333	937
14.28500	938
14.28667	940
14.28833	941
14.29000	943
14.29167	945
14.29333	946
14.29500	947
14.29667	946
14.29833	945
14.30000	942
14.30167	940
14.30333	937
14.30500	934
14.30667	930
14.30833	926
14.31000	922
14.31167	919
14.31333	916
14.31500	914
14.31667	912
14.31833	911
14.32000	909
14.32167	907
14.32333	904
14.32500	902
14.32667	899
14.32833	896
14.33000	893
14.33167	889
14.33333	885
14.33500	880
14.33667	876
14.33833	872
14.34000	867
14.34167	861
14.34333	855
14.34500	849
14.34667	843
14.34833	835
14.35000	827
14.35167	818
14.35333	810
14.35500	802
14.35667	792
14.35833	782
14.36000	772
14.36167	762
14.36333	753
14.36500	742
14.36667	730
14.36833	718
14.37000	706
14.37167	693
14.37333	679
14.37500	662
14.37667	645
14.37833	628
14.38000	610
14.38167	589
14.38333	566
14.38500	542
14.38667	519
14.38833	496
14.39000	471
14.39167	443
14.39333	415
14.39500	388
14.39667	362
14.39833	334
14.40000	302
14.40167	271
14.40333	242
14.40500	214
14.40667	185
14.40833	151
14.41000	119
14.41167	90
14.41333	62
14.41500	32
14.41667	0
14.41833	-31
14.42000	-60
14.42167	-87
14.42333	-116
14.42500	-147
14.42667	-178
14.42833	-207
14.43000	-235
14.43167	-265
14.43333	-299
14.43500	-331
14.43667	-361
14.43833	-389
14.44000	-419
14.44167	-451
14.44333	-482
14.44500	-507
14.44667	-530
14.44833	-551
14.45000	-573
14.45167	-592
14.45333	-607
14.45500	-618
14.45667	-626
14.45833	-633
14.46000	-638
14.46167	-640
14.46333	-639
14.46500	-637
14.46667	-633
14.46833	-628
14.47000	-622
14.47167	-615
14.47333	-607
14.47500	-598
14.47667	-588
14.47833	-578
14.48000	-568
14.48167	-557
14.48333	-545
14.48500	-533
14.48667	-521
14.48833	-509
14.49000	-497
14.49167	-483
14.49333	-470
14.49500	-457
14.49667	-443
14.49833	-429
14.50000	-413
14.50167	-397
14.50333	-383
14.50500	-368
14.50667	-353
14.50833	-337
14.51000	-320
14.51167	-306
14.51333	-292
14.51500	-278
14.51667	-263
14.51833	-248
14.52000	-235
14.52167	-223
14.52333	-211
14.52500	-197
14.52667	-183
14.52833	-171
14.53000	-160
14.53167	-148
14.53333	-134
14.53500	-122
14.53667	-111
14.53833	-101
14.54000	-91
14.54167	-80
14.54333	-69
14.54500	-59
14.54667	-49
14.54833	-39
14.55000	-28
14.55167	-17
14.55333	-7
14.55500	3
14.55667	13
14.55833	24
14.56000	35
14.56167	44
14.56333	52
14.56500	60
14.56667	69
14.56833	77
14.57000	85
14.57167	92
14.57333	101
14.57500	110
14.57667	119
14.57833	127
14.58000	136
14.58167	145
14.58333	156
14.58500	166
14.58667	176
14.58833	185
14.59000	195
14.59167	205
14.59333	215
14.59500	224
14.59667	232
14.59833	240
14.60000	249
14.60167	257
14.60333	265
14.60500	272
14.60667	280
14.60833	288
14.61000	296
14.61167	303
14.61333	309
14.61500	316
14.61667	323
14.61833	331
14.62000	338
14.62167	345
14.62333	353
14.62500	362
14.62667	371
14.62833	380
14.63000	389
14.63167	399
14.63333	410
14.63500	420
14.63667	430
14.63833	438
14.64000	446
14.64167	454
14.64333	462
14.64500	468
14.64667	473
14.64833	478
14.65000	482
14.65167	487
14.65333	492
14.65500	497
14.65667	502
14.65833	509
14.66000	515
14.66167	522
14.66333	528
14.66500	535
14.66667	542
14.66833	550
14.67000	556
14.67167	561
14.67333	567
14.67500	572
14.67667	578
14.67833	583
14.68000	588
14.68167	593
14.68333	599
14.68500	604
14.68667	609
14.68833	614
14.69000	619
14.69167	624
14.69333	629
14.69500	634
14.69667	638
14.69833	642
14.70000	647
14.70167	652
14.70333	656
14.70500	660
14.70667	665
14.70833	669
14.71000	673
14.71167	677
14.71333	680
14.71500	683
14.71667	686
14.71833	690
14.72000	692
14.72167	694
14.72333	696
14.72500	699
14.72667	700
14.72833	702
14.73000	703
14.73167	705
14.73333	706
14.73500	708
14.73667	709
14.73833	711
14.74000	712
14.74167	714
14.74333	715
14.74500	716
14.74667	717
14.74833	718
14.75000	718
14.75167	719
14.75333	719
14.75500	719
14.75667	719
14.75833	718
14.76000	718
14.76167	717
14.76333	715
14.76500	713
14.76667	711
14.76833	709
14.77000	706
14.77167	704
14.77333	702
14.77500	699
14.77667	696
14.77833	694
14.78000	691
14.78167	689
14.78333	686
14.78500	683
14.78667	681
14.78833	680
14.79000	679
14.79167	678
14.79333	677
14.79500	677
14.79667	676
14.79833	675
14.80000	675
14.80167	674
14.80333	672
14.80500	670
14.80667	666
14.80833	663
14.81000	659
14.81167	655
14.81333	652
14.81500	649
14.81667	646
14.81833	643
14.82000	641
14.82167	639
14.82333	638
14.82500	638
14.82667	637
14.82833	637
14.83000	637
14.83167	637
14.83333	636
14.83500	636
14.83667	636
14.83833	635
14.84000	634
14.84167	634
14.84333	633
14.84500	633
14.84667	633
14.84833	633
14.85000	634
14.85167	634
14.85333	635
14.85500	637
14.85667	638
14.85833	639
14.86000	641
14.86167	642
14.86333	644
14.86500	645
14.86667	647
14.86833	649
14.87000	650
14.87167	651
14.87333	652
14.87500	653
14.87667	654
14.87833	655
14.88000	656
14.88167	657
14.88333	657
14.88500	658
14.88667	660
14.88833	662
14.89000	666
14.89167	670
14.89333	674
14.89500	678
14.89667	682
14.89833	687
14.90000	692
14.90167	697
14.90333	702
14.90500	706
14.90667	710
14.90833	715
14.91000	720
14.91167	724
14.91333	728
14.91500	733
14.91667	738
14.91833	742
14.92000	746
14.92167	749
14.92333	752
14.92500	754
14.92667	757
14.92833	759
14.93000	762
14.93167	765
14.93333	768
14.93500	771
14.93667	774
14.93833	776
14.94000	779
14.94167	783
14.94333	786
14.94500	788
14.94667	791
14.94833	793
14.95000	795
14.95167	797
14.95333	799
14.95500	802
14.95667	804
14.95833	807
14.96000	810
14.96167	812
14.96333	813
14.96500	815
14.96667	816
14.96833	817
14.97000	818
14.97167	819
14.97333	820
14.97500	820
14.97667	821
14.97833	822
14.98000	822
14.98167	823
14.98333	823
14.98500	824
14.98667	824
14.98833	824
14.99000	824
14.99167	824
14.99333	823
14.99500	823
14.99667	823
14.99833	823
15.00000	823

[LC Status Trace(Pump A Pressure)]
Interval(msec)	1000
# of Points	901
Start Time(min)	0.000
End Time(min)	15.000
Intensity Units	bar
Intensity Multiplier	0.980665
R.Time (min)	Intensity
0.00000	114.2
0.01667	114.2
0.03333	113.0
0.05000	114.9
0.06667	116.0
0.08333	116.2
0.10000	116.8
0.11667	117.0
0.13333	117.0
0.15000	117.6
0.16667	117.5
0.18333	117.6
0.20000	117.9
0.21667	117.8
0.23333	118.2
0.25000	117.9
0.26667	118.0
0.28333	117.7
0.30000	118.0
0.31667	117.9
0.33333	117.6
0.35000	117.8
0.36667	117.5
0.38333	118.0
0.40000	117.6
0.41667	117.8
0.43333	117.9
0.45000	118.1
0.46667	118.0
0.48333	117.7
0.50000	118.0
0.51667	117.7
0.53333	118.1
0.55000	117.7
0.56667	117.7
0.58333	118.0
0.60000	117.7
0.61667	118.0
0.63333	117.7
0.65000	118.0
0.66667	117.6
0.68333	117.7
0.70000	117.7
0.71667	117.6
0.73333	118.0
0.75000	117.6
0.76667	117.9
0.78333	117.9
0.80000	118.0
0.81667	117.9
0.83333	117.6
0.85000	117.8
0.86667	117.5
0.88333	117.8
0.90000	117.5
0.91667	117.6
0.93333	117.8
0.95000	117.4
0.96667	117.8
0.98333	117.6
1.00000	117.8
1.01667	117.8
1.03333	117.6
1.05000	117.6
1.06667	117.9
1.08333	117.9
1.10000	117.6
1.11667	118.0
1.13333	117.6
1.15000	118.0
1.16667	117.6
1.18333	117.6
1.20000	117.9
1.21667	117.7
1.23333	118.1
1.25000	117.6
1.26667	118.1
1.28333	117.9
1.30000	117.9
1.31667	118.0
1.33333	117.7
1.35000	118.0
1.36667	117.7
1.38333	117.7
1.40000	117.8
1.41667	117.8
1.43333	118.2
1.45000	118.0
1.46667	118.4
1.48333	118.0
1.50000	118.4
1.51667	118.3
1.53333	118.1
1.55000	118.6
1.56667	118.2
1.58333	118.7
1.60000	118.3
1.61667	118.3
1.63333	118.7
1.65000	118.9
1.66667	118.9
1.68333	118.6
1.70000	119.1
1.71667	118.8
1.73333	119.2
1.75000	119.1
1.76667	119.6
1.78333	119.5
1.80000	119.4
1.81667	119.8
1.83333	119.3
1.85000	119.9
1.86667	119.7
1.88333	119.7
1.90000	119.9
1.91667	119.9
1.93333	120.4
1.95000	120.1
1.96667	120.5
1.98333	120.6
2.00000	120.7
2.01667	120.7
2.03333	120.4
2.05000	120.9
2.06667	120.7
2.08333	121.0
2.10000	120.7
2.11667	120.9
2.13333	121.2
2.15000	120.9
2.16667	121.4
2.18333	121.1
2.20000	121.6
2.21667	121.7
2.23333	121.5
2.25000	121.5
2.26667	121.8
2.28333	121.9
2.30000	121.7
2.31667	122.0
2.33333	122.0
2.35000	122.4
2.36667	122.0
2.38333	122.0
2.40000	122.5
2.41667	122.2
2.43333	122.7
2.45000	122.4
2.46667	122.5
2.48333	122.7
2.50000	122.7
2.51667	122.8
2.53333	122.6
2.55000	123.0
2.56667	122.7
2.58333	122.7
2.60000	122.8
2.61667	122.8
2.63333	123.2
2.65000	123.0
2.66667	123.3
2.68333	123.0
2.70000	123.5
2.71667	123.4
2.73333	123.2
2.75000	123.7
2.76667	123.4
2.78333	123.7
2.80000	123.3
2.81667	123.4
2.83333	123.6
2.85000	123.7
2.86667	123.7
2.88333	123.4
2.90000	123.8
2.91667	123.5
2.93333	123.7
2.95000	123.6
2.96667	123.9
2.98333	123.9
3.00000	123.8
3.01667	124.1
3.03333	123.8
3.05000	124.1
3.06667	123.8
3.08333	123.9
3.10000	124.0
3.11667	124.0
3.13333	124.4
3.15000	124.0
3.16667	124.2
3.18333	124.4
3.20000	124.4
3.21667	124.3
3.23333	124.0
3.25000	124.4
3.26667	124.0
3.28333	124.3
3.30000	124.0
3.31667	124.2
3.33333	124.4
3.35000	124.3
3.36667	124.4
3.38333	124.1
3.40000	124.5
3.41667	124.2
3.43333	124.1
3.45000	124.0
3.46667	124.1
3.48333	124.4
3.50000	124.1
3.51667	124.5
3.53333	124.1
3.55000	124.5
3.56667	124.4
3.58333	124.0
3.60000	124.5
3.61667	124.1
3.63333	124.4
3.65000	124.1
3.66667	124.4
3.68333	124.4
3.70000	124.3
3.71667	124.4
3.73333	124.0
3.75000	124.3
3.76667	124.0
3.78333	123.9
3.80000	123.9
3.81667	124.0
3.83333	124.2
3.85000	124.0
3.86667	124.3
3.88333	123.9
3.90000	124.2
3.91667	124.2
3.93333	123.8
3.95000	123.8
3.96667	123.9
3.98333	124.1
4.00000	123.8
4.01667	124.0
4.03333	124.1
4.05000	124.0
4.06667	123.6
4.08333	123.6
4.10000	123.9
4.11667	123.5
4.13333	123.7
4.15000	123.5
4.16667	123.9
4.18333	123.8
4.20000	123.4
4.21667	123.8
4.23333	123.4
4.25000	123.6
4.26667	123.2
4.28333	123.3
4.30000	123.0
4.31667	123.1
4.33333	123.5
4.35000	123.1
4.36667	123.3
4.38333	123.3
4.40000	123.3
4.41667	123.3
4.43333	122.9
4.45000	123.1
4.46667	122.8
4.48333	123.1
4.50000	122.8
4.51667	122.9
4.53333	123.0
4.55000	122.8
4.56667	122.9
4.58333	122.5
4.60000	122.8
4.61667	122.3
4.63333	122.5
4.65000	122.3
4.66667	122.4
4.68333	122.5
4.70000	122.3
4.71667	122.4
4.73333	122.0
4.75000	122.3
4.76667	121.9
4.78333	122.0
4.80000	122.3
4.81667	121.8
4.83333	122.1
4.85000	121.7
4.86667	122.0
4.88333	122.0
4.90000	121.7
4.91667	121.8
4.93333	121.4
4.95000	121.7
4.96667	121.2
4.98333	121.4
5.00000	121.1
5.01667	121.1
5.03333	121.3
5.05000	121.0
5.06667	121.1
5.08333	120.7
5.10000	121.0
5.11667	121.0
5.13333	120.7
5.15000	120.4
5.16667	120.5
5.18333	120.7
5.20000	120.3
5.21667	120.4
5.23333	120.5
5.25000	120.5
5.26667	120.0
5.28333	120.1
5.30000	120.2
5.31667	119.8
5.33333	120.0
5.35000	119.7
5.36667	119.8
5.38333	119.9
5.40000	119.5
5.41667	119.8
5.43333	119.4
5.45000	119.6
5.46667	119.6
5.48333	119.3
5.50000	119.0
5.51667	119.0
5.53333	119.2
5.55000	118.9
5.56667	119.1
5.58333	118.7
5.60000	118.9
5.61667	118.9
5.63333	118.5
5.65000	118.8
5.66667	118.4
5.68333	118.6
5.70000	118.1
5.71667	118.1
5.73333	118.4
5.75000	118.1
5.76667	118.2
5.78333	117.8
5.80000	118.0
5.81667	117.5
5.83333	117.4
5.85000	117.4
5.86667	117.6
5.88333	117.6
5.90000	117.3
5.91667	117.5
5.93333	117.0
5.95000	117.2
5.96667	116.8
5.98333	116.8
6.00000	116.7
6.01667	116.6
6.03333	116.9
6.05000	116.4
6.06667	116.6
6.08333	116.7
6.10000	116.4
6.11667	116.4
6.13333	115.9
6.15000	116.2
6.16667	115.9
6.18333	116.0
6.20000	115.6
6.21667	115.7
6.23333	115.7
6.25000	115.3
6.26667	115.5
6.28333	115.1
6.30000	115.3
6.31667	115.1
6.33333	115.0
6.35000	114.7
6.36667	114.7
6.38333	114.8
6.40000	114.3
6.41667	114.6
6.43333	114.2
6.45000	114.4
6.46667	114.2
6.48333	114.0
6.50000	114.1
6.51667	113.7
6.53333	114.0
6.55000	113.4
6.56667	113.2
6.58333	113.6
6.60000	113.4
6.61667	113.3
6.63333	112.9
6.65000	113.1
6.66667	112.8
6.68333	112.9
6.70000	112.5
6.71667	112.5
6.73333	112.5
6.75000	112.2
6.76667	112.2
6.78333	111.9
6.80000	112.1
6.81667	112.1
6.83333	111.7
6.85000	111.5
6.86667	111.3
6.88333	111.7
6.90000	111.1
6.91667	111.3
6.93333	111.2
6.95000	111.2
6.96667	110.7
6.98333	110.6
7.00000	110.7
7.01667	110.4
7.03333	110.6
7.05000	110.0
7.06667	110.2
7.08333	110.1
7.10000	110.0
7.11667	109.9
7.13333	109.5
7.15000	109.6
7.16667	109.1
7.18333	109.0
7.20000	109.0
7.21667	109.0
7.23333	109.0
7.25000	108.6
7.26667	108.7
7.28333	108.4
7.30000	108.5
7.31667	108.4
7.33333	108.1
7.35000	107.9
7.36667	107.8
7.38333	108.0
7.40000	107.4
7.41667	107.7
7.43333	107.7
7.45000	107.4
7.46667	107.3
7.48333	106.8
7.50000	106.9
7.51667	106.6
7.53333	106.8
7.55000	106.2
7.56667	106.3
7.58333	106.3
7.60000	106.1
7.61667	106.0
7.63333	105.6
7.65000	105.7
7.66667	105.2
7.68333	105.2
7.70000	105.1
7.71667	104.9
7.73333	105.1
7.75000	104.7
7.76667	104.7
7.78333	104.5
7.80000	104.5
7.81667	104.3
7.83333	103.9
7.85000	103.9
7.86667	103.6
7.88333	103.8
7.90000	103.3
7.91667	103.5
7.93333	103.2
7.95000	103.2
7.96667	102.7
7.98333	102.6
8.00000	102.5
8.01667	102.4
8.03333	102.5
8.05000	102.0
8.06667	102.2
8.08333	102.0
8.10000	101.4
8.11667	101.8
8.13333	101.4
8.15000	101.3
8.16667	101.0
8.18333	101.0
8.20000	100.7
8.21667	100.6
8.23333	100.7
8.25000	100.3
8.26667	100.3
8.28333	100.1
8.30000	100.2
8.31667	99.9
8.33333	99.6
8.35000	99.6
8.36667	99.3
8.38333	99.5
8.40000	99.0
8.41667	99.1
8.43333	98.9
8.45000	98.8
8.46667	98.6
8.48333	98.2
8.50000	98.2
8.51667	98.0
8.53333	98.1
8.55000	97.6
8.56667	97.8
8.58333	97.6
8.60000	97.0
8.61667	97.4
8.63333	97.0
8.65000	97.0
8.66667	96.6
8.68333	96.5
8.70000	96.4
8.71667	96.2
8.73333	96.4
8.75000	95.8
8.76667	95.9
8.78333	95.8
8.80000	95.8
8.81667	95.5
8.83333	95.2
8.85000	95.2
8.86667	94.9
8.88333	95.1
8.90000	94.5
8.91667	94.2
8.93333	94.4
8.95000	94.4
8.96667	94.1
8.98333	93.8
9.00000	93.8
9.01667	93.7
9.03333	93.8
9.05000	93.2
9.06667	93.4
9.08333	93.2
9.10000	92.7
9.11667	93.0
9.13333	92.7
9.15000	92.6
9.16667	92.2
9.18333	92.2
9.20000	92.1
9.21667	91.9
9.23333	92.0
9.25000	91.5
9.26667	91.6
9.28333	91.5
9.30000	91.4
9.31667	91.1
9.33333	90.9
9.35000	90.9
9.36667	90.7
9.38333	90.8
9.40000	90.2
9.41667	90.0
9.43333	90.2
9.45000	90.1
9.46667	89.9
9.48333	89.6
9.50000	89.5
9.51667	89.5
9.53333	89.6
9.55000	89.0
9.56667	89.2
9.58333	89.0
9.60000	88.5
9.61667	88.9
9.63333	88.5
9.65000	88.4
9.66667	88.1
9.68333	88.0
9.70000	87.9
9.71667	87.8
9.73333	87.9
9.75000	87.5
9.76667	87.4
9.78333	87.5
9.80000	87.5
9.81667	87.2
9.83333	87.0
9.85000	86.9
9.86667	86.6
9.88333	87.0
9.90000	86.5
9.91667	86.2
9.93333	86.3
9.95000	86.4
9.96667	86.1
9.98333	85.9
10.00000	85.9
10.01667	85.7
10.03333	86.0
10.05000	85.5
10.06667	85.3
10.08333	85.4
10.10000	85.1
10.11667	85.3
10.13333	85.1
10.15000	85.0
10.16667	84.9
10.18333	84.7
10.20000	84.6
10.21667	84.4
10.23333	84.6
10.25000	84.3
10.26667	84.5
10.28333	84.3
10.30000	84.3
10.31667	84.0
10.33333	83.9
10.35000	83.9
10.36667	83.7
10.38333	83.9
10.40000	83.5
10.41667	83.3
10.43333	83.5
10.45000	83.6
10.46667	83.4
10.48333	83.1
10.50000	83.2
10.51667	83.1
10.53333	82.9
10.55000	82.9
10.56667	82.8
10.58333	82.9
10.60000	82.7
10.61667	83.0
10.63333	82.7
10.65000	82.8
10.66667	82.8
10.68333	82.5
10.70000	82.5
10.71667	82.4
10.73333	82.6
10.75000	82.3
10.76667	82.6
10.78333	82.5
10.80000	82.6
10.81667	82.4
10.83333	82.3
10.85000	82.5
10.86667	82.3
10.88333	82.6
10.90000	82.3
10.91667	82.4
10.93333	82.6
10.95000	82.7
10.96667	82.7
10.98333	82.5
11.00000	82.8
11.01667	82.8
11.03333	82.6
11.05000	82.9
11.06667	83.0
11.08333	83.3
11.10000	83.3
11.11667	83.6
11.13333	83.5
11.15000	83.9
11.16667	83.9
11.18333	84.0
11.20000	84.4
11.21667	84.4
11.23333	84.9
11.25000	85.0
11.26667	85.3
11.28333	85.6
11.30000	86.1
11.31667	86.1
11.33333	86.0
11.35000	86.7
11.36667	86.8
11.38333	87.3
11.40000	87.5
11.41667	87.8
11.43333	88.2
11.45000	88.9
11.46667	89.0
11.48333	89.2
11.50000	89.9
11.51667	90.0
11.53333	90.1
11.55000	90.9
11.56667	91.2
11.58333	91.7
11.60000	92.2
11.61667	92.7
11.63333	92.8
11.65000	93.6
11.66667	93.7
11.68333	93.9
11.70000	94.6
11.71667	94.6
11.73333	95.4
11.75000	95.6
11.76667	96.0
11.78333	96.4
11.80000	96.9
11.81667	97.0
11.83333	96.9
11.85000	97.6
11.86667	97.6
11.88333	98.0
11.90000	98.1
11.91667	98.3
11.93333	98.5
11.95000	98.8
11.96667	98.9
11.98333	98.8
12.00000	99.2
12.01667	99.0
12.03333	99.0
12.05000	99.3
12.06667	99.4
12.08333	99.6
12.10000	99.6
12.11667	99.9
12.13333	99.6
12.15000	99.9
12.16667	100.1
12.18333	99.9
12.20000	99.9
12.21667	99.9
12.23333	100.3
12.25000	100.1
12.26667	100.4
12.28333	100.3
12.30000	100.5
12.31667	100.4
12.33333	100.3
12.35000	100.8
12.36667	100.4
12.38333	100.8
12.40000	100.5
12.41667	100.5
12.43333	100.9
12.45000	101.1
12.46667	101.0
12.48333	100.8
12.50000	101.0
12.51667	100.9
12.53333	101.1
12.55000	100.9
12.56667	101.1
12.58333	101.3
12.60000	101.3
12.61667	101.3
12.63333	101.1
12.65000	101.4
12.66667	101.3
12.68333	101.2
12.70000	101.2
12.71667	101.3
12.73333	101.6
12.75000	101.4
12.76667	101.7
12.78333	101.4
12.80000	101.7
12.81667	101.8
12.83333	101.5
12.85000	101.6
12.86667	101.5
12.88333	101.9
12.90000	101.7
12.91667	101.9
12.93333	102.0
12.95000	102.0
12.96667	102.0
12.98333	101.7
13.00000	102.1
13.01667	101.8
13.03333	102.1
13.05000	101.0
13.06667	101.1
13.08333	101.1
13.10000	100.4
13.11667	100.8
13.13333	100.3
13.15000	100.8
13.16667	100.1
13.18333	100.7
13.20000	100.3
13.21667	100.6
13.23333	100.8
13.25000	100.8
13.26667	100.6
13.28333	100.3
13.30000	100.8
13.31667	101.1
13.33333	100.4
13.35000	101.4
13.36667	100.6
13.38333	100.9
13.40000	100.8
13.41667	101.1
13.43333	101.1
13.45000	100.8
13.46667	101.3
13.48333	100.9
13.50000	101.5
13.51667	100.9
13.53333	101.5
13.55000	101.3
13.56667	101.6
13.58333	101.9
13.60000	102.0
13.61667	102.2
13.63333	102.0
13.65000	102.4
13.66667	102.4
13.68333	102.1
13.70000	102.5
13.71667	102.1
13.73333	102.5
13.75000	102.2
13.76667	102.1
13.78333	102.3
13.80000	102.2
13.81667	102.3
13.83333	101.9
13.85000	101.9
13.86667	101.6
13.88333	101.3
13.90000	101.1
13.91667	101.0
13.93333	101.2
13.95000	100.9
13.96667	101.2
13.98333	100.9
14.00000	101.2
14.01667	101.1
14.03333	101.0
14.05000	101.2
14.06667	100.8
14.08333	100.6
14.10000	98.1
14.11667	96.7
14.13333	93.3
14.15000	86.3
14.16667	83.8
14.18333	79.8
14.20000	76.9
14.21667	76.7
14.23333	76.5
14.25000	78.3
14.26667	79.0
14.28333	80.9
14.30000	83.9
14.31667	85.3
14.33333	86.4
14.35000	91.3
14.36667	92.6
14.38333	94.9
14.40000	99.0
14.41667	100.0
14.43333	101.4
14.45000	106.0
14.46667	107.3
14.48333	109.5
14.50000	112.0
14.51667	113.1
14.53333	114.2
14.55000	116.4
14.56667	116.6
14.58333	117.7
14.60000	118.8
14.61667	119.2
14.63333	120.1
14.65000	120.4
14.66667	120.9
14.68333	120.9
14.70000	121.5
14.71667	121.4
14.73333	121.3
14.75000	121.7
14.76667	121.5
14.78333	121.8
14.80000	121.3
14.81667	121.3
14.83333	121.5
14.85000	121.3
14.86667	121.3
14.88333	120.8
14.90000	121.0
14.91667	120.6
14.93333	120.4
14.95000	120.3
14.96667	120.2
14.98333	120.4
15.00000	119.9

[LC Status Trace(Pump A Degasser Pressure)]
Interval(msec)	1000
# of Points	901
Start Time(min)	0.000
End Time(min)	15.000
Intensity Units	bar
Intensity Multiplier	0.980665
R.Time (min)	Intensity
0.00000	957.5
0.01667	957.5
0.03333	956.4
0.05000	956.4
0.06667	956.4
0.08333	958.5
0.10000	958.5
0.11667	958.5
0.13333	957.5
0.15000	957.5
0.16667	957.5
0.18333	956.4
0.20000	956.4
0.21667	956.4
0.23333	957.5
0.25000	957.5
0.26667	957.5
0.28333	957.5
0.30000	957.5
0.31667	957.5
0.33333	958.5
0.35000	958.5
0.36667	958.5
0.38333	957.5
0.40000	957.5
0.41667	957.5
0.43333	956.4
0.45000	956.4
0.46667	956.4
0.48333	958.5
0.50000	958.5
0.51667	958.5
0.53333	957.5
0.55000	957.5
0.56667	957.5
0.58333	957.5
0.60000	957.5
0.61667	957.5
0.63333	957.5
0.65000	957.5
0.66667	957.5
0.68333	956.4
0.70000	956.4
0.71667	956.4
0.73333	958.5
0.75000	958.5
0.76667	958.5
0.78333	957.5
0.80000	957.5
0.81667	957.5
0.83333	956.4
0.85000	956.4
0.86667	956.4
0.88333	957.5
0.90000	957.5
0.91667	957.5
0.93333	957.5
0.95000	957.5
0.96667	957.5
0.98333	958.5
1.00000	958.5
1.01667	958.5
1.03333	957.5
1.05000	957.5
1.06667	957.5
1.08333	956.4
1.10000	956.4
1.11667	956.4
1.13333	958.5
1.15000	958.5
1.16667	958.5
1.18333	957.5
1.20000	957.5
1.21667	957.5
1.23333	957.5
1.25000	957.5
1.26667	957.5
1.28333	957.5
1.30000	957.5
1.31667	957.5
1.33333	956.4
1.35000	956.4
1.36667	956.4
1.38333	958.5
1.40000	958.5
1.41667	958.5
1.43333	957.5
1.45000	957.5
1.46667	957.5
1.48333	956.4
1.50000	956.4
1.51667	956.4
1.53333	957.5
1.55000	957.5
1.56667	957.5
1.58333	957.5
1.60000	957.5
1.61667	957.5
1.63333	958.5
1.65000	958.5
1.66667	958.5
1.68333	957.5
1.70000	957.5
1.71667	957.5
1.73333	956.4
1.75000	956.4
1.76667	956.4
1.78333	958.5
1.80000	958.5
1.81667	958.5
1.83333	957.5
1.85000	957.5
1.86667	957.5
1.88333	957.5
1.90000	957.5
1.91667	957.5
1.93333	957.5
1.95000	957.5
1.96667	957.5
1.98333	956.4
2.00000	956.4
2.01667	956.4
2.03333	958.5
2.05000	958.5
2.06667	958.5
2.08333	957.5
2.10000	957.5
2.11667	957.5
2.13333	956.4
2.15000	956.4
2.16667	956.4
2.18333	957.5
2.20000	957.5
2.21667	957.5
2.23333	957.5
2.25000	957.5
2.26667	957.5
2.28333	958.5
2.30000	958.5
2.31667	958.5
2.33333	957.5
2.35000	957.5
2.36667	957.5
2.38333	956.4
2.40000	956.4
2.41667	956.4
2.43333	958.5
2.45000	958.5
2.46667	958.5
2.48333	957.5
2.50000	957.5
2.51667	957.5
2.53333	957.5
2.55000	957.5
2.56667	957.5
2.58333	957.5
2.60000	957.5
2.61667	957.5
2.63333	956.4
2.65000	956.4
2.66667	956.4
2.68333	958.5
2.70000	958.5
2.71667	958.5
2.73333	957.5
2.75000	957.5
2.76667	957.5
2.78333	956.4
2.80000	956.4
2.81667	956.4
2.83333	957.5
2.85000	957.5
2.86667	957.5
2.88333	957.5
2.90000	957.5
2.91667	957.5
2.93333	958.5
2.95000	958.5
2.96667	958.5
2.98333	957.5
3.00000	957.5
3.01667	957.5
3.03333	955.4
3.05000	955.4
3.06667	955.4
3.08333	958.5
3.10000	958.5
3.11667	958.5
3.13333	957.5
3.15000	957.5
3.16667	957.5
3.18333	958.5
3.20000	958.5
3.21667	958.5
3.23333	957.5
3.25000	957.5
3.26667	957.5
3.28333	956.4
3.30000	956.4
3.31667	956.4
3.33333	958.5
3.35000	958.5
3.36667	958.5
3.38333	957.5
3.40000	957.5
3.41667	957.5
3.43333	956.4
3.45000	956.4
3.46667	956.4
3.48333	957.5
3.50000	957.5
3.51667	957.5
3.53333	956.4
3.55000	956.4
3.56667	956.4
3.58333	958.5
3.60000	958.5
3.61667	958.5
3.63333	957.5
3.65000	957.5
3.66667	957.5
3.68333	956.4
3.70000	956.4
3.71667	956.4
3.73333	957.5
3.75000	957.5
3.76667	957.5
3.78333	957.5
3.80000	957.5
3.81667	957.5
3.83333	958.5
3.85000	958.5
3.86667	958.5
3.88333	957.5
3.90000	957.5
3.91667	957.5
3.93333	956.4
3.95000	956.4
3.96667	956.4
3.98333	958.5
4.00000	958.5
4.01667	958.5
4.03333	957.5
4.05000	957.5
4.06667	957.5
4.08333	957.5
4.10000	957.5
4.11667	957.5
4.13333	957.5
4.15000	957.5
4.16667	957.5
4.18333	956.4
4.20000	956.4
4.21667	956.4
4.23333	958.5
4.25000	958.5
4.26667	958.5
4.28333	957.5
4.30000	957.5
4.31667	957.5
4.33333	956.4
4.35000	956.4
4.36667	956.4
4.38333	957.5
4.40000	957.5
4.41667	957.5
4.43333	957.5
4.45000	957.5
4.46667	957.5
4.48333	958.5
4.50000	958.5
4.51667	958.5
4.53333	957.5
4.55000	957.5
4.56667	957.5
4.58333	956.4
4.60000	956.4
4.61667	956.4
4.63333	958.5
4.65000	958.5
4.66667	958.5
4.68333	957.5
4.70000	957.5
4.71667	957.5
4.73333	957.5
4.75000	957.5
4.76667	957.5
4.78333	957.5
4.80000	957.5
4.81667	957.5
4.83333	956.4
4.85000	956.4
4.86667	956.4
4.88333	958.5
4.90000	958.5
4.91667	958.5
4.93333	957.5
4.95000	957.5
4.96667	957.5
4.98333	956.4
5.00000	956.4
5.01667	956.4
5.03333	957.5
5.05000	957.5
5.06667	957.5
5.08333	957.5
5.10000	957.5
5.11667	957.5
5.13333	958.5
5.15000	958.5
5.16667	958.5
5.18333	957.5
5.20000	957.5
5.21667	957.5
5.23333	955.4
5.25000	955.4
5.26667	955.4
5.28333	958.5
5.30000	958.5
5.31667	958.5
5.33333	957.5
5.35000	957.5
5.36667	957.5
5.38333	957.5
5.40000	957.5
5.41667	957.5
5.43333	957.5
5.45000	957.5
5.46667	957.5
5.48333	956.4
5.50000	956.4
5.51667	956.4
5.53333	958.5
5.55000	958.5
5.56667	958.5
5.58333	957.5
5.60000	957.5
5.61667	957.5
5.63333	956.4
5.65000	956.4
5.66667	956.4
5.68333	957.5
5.70000	957.5
5.71667	957.5
5.73333	957.5
5.75000	957.5
5.76667	957.5
5.78333	958.5
5.80000	958.5
5.81667	958.5
5.83333	957.5
5.85000	957.5
5.86667	957.5
5.88333	956.4
5.90000	956.4
5.91667	956.4
5.93333	958.5
5.95000	958.5
5.96667	958.5
5.98333	957.5
6.00000	957.5
6.01667	957.5
6.03333	957.5
6.05000	957.5
6.06667	957.5
6.08333	957.5
6.10000	957.5
6.11667	957.5
6.13333	956.4
6.15000	956.4
6.16667	956.4
6.18333	958.5
6.20000	958.5
6.21667	958.5
6.23333	957.5
6.25000	957.5
6.26667	957.5
6.28333	956.4
6.30000	956.4
6.31667	956.4
6.33333	957.5
6.35000	957.5
6.36667	957.5
6.38333	956.4
6.40000	956.4
6.41667	956.4
6.43333	958.5
6.45000	958.5
6.46667	958.5
6.48333	957.5
6.50000	957.5
6.51667	957.5
6.53333	956.4
6.55000	956.4
6.56667	956.4
6.58333	957.5
6.60000	957.5
6.61667	957.5
6.63333	957.5
6.65000	957.5
6.66667	957.5
6.68333	958.5
6.70000	958.5
6.71667	958.5
6.73333	957.5
6.75000	957.5
6.76667	957.5
6.78333	956.4
6.80000	956.4
6.81667	956.4
6.83333	958.5
6.85000	958.5
6.86667	958.5
6.88333	957.5
6.90000	957.5
6.91667	957.5
6.93333	956.4
6.95000	956.4
6.96667	956.4
6.98333	957.5
7.00000	957.5
7.01667	957.5
7.03333	956.4
7.05000	956.4
7.06667	956.4
7.08333	958.5
7.10000	958.5
7.11667	958.5
7.13333	957.5
7.15000	957.5
7.16667	957.5
7.18333	956.4
7.20000	956.4
7.21667	956.4
7.23333	957.5
7.25000	957.5
7.26667	957.5
7.28333	957.5
7.30000	957.5
7.31667	957.5
7.33333	958.5
7.35000	958.5
7.36667	958.5
7.38333	957.5
7.40000	957.5
7.41667	957.5
7.43333	955.4
7.45000	955.4
7.46667	955.4
7.48333	958.5
7.50000	958.5
7.51667	958.5
7.53333	957.5
7.55000	957.5
7.56667	957.5
7.58333	957.5
7.60000	957.5
7.61667	957.5
7.63333	957.5
7.65000	957.5
7.66667	957.5
7.68333	956.4
7.70000	956.4
7.71667	956.4
7.73333	958.5
7.75000	958.5
7.76667	958.5
7.78333	957.5
7.80000	957.5
7.81667	957.5
7.83333	956.4
7.85000	956.4
7.86667	956.4
7.88333	957.5
7.90000	957.5
7.91667	957.5
7.93333	957.5
7.95000	957.5
7.96667	957.5
7.98333	958.5
8.00000	958.5
8.01667	958.5
8.03333	957.5
8.05000	957.5
8.06667	957.5
8.08333	956.4
8.10000	956.4
8.11667	956.4
8.13333	958.5
8.15000	958.5
8.16667	958.5
8.18333	957.5
8.20000	957.5
8.21667	957.5
8.23333	957.5
8.25000	957.5
8.26667	957.5
8.28333	957.5
8.30000	957.5
8.31667	957.5
8.33333	956.4
8.35000	956.4
8.36667	956.4
8.38333	958.5
8.40000	958.5
8.41667	958.5
8.43333	957.5
8.45000	957.5
8.46667	957.5
8.48333	956.4
8.50000	956.4
8.51667	956.4
8.53333	957.5
8.55000	957.5
8.56667	957.5
8.58333	957.5
8.60000	957.5
8.61667	957.5
8.63333	958.5
8.65000	958.5
8.66667	958.5
8.68333	957.5
8.70000	957.5
8.71667	957.5
8.73333	955.4
8.75000	955.4
8.76667	955.4
8.78333	958.5
8.80000	958.5
8.81667	958.5
8.83333	957.5
8.85000	957.5
8.86667	957.5
8.88333	957.5
8.90000	957.5
8.91667	957.5
8.93333	957.5
8.95000	957.5
8.96667	957.5
8.98333	956.4
9.00000	956.4
9.01667	956.4
9.03333	958.5
9.05000	958.5
9.06667	958.5
9.08333	957.5
9.10000	957.5
9.11667	957.5
9.13333	956.4
9.15000	956.4
9.16667	956.4
9.18333	957.5
9.20000	957.5
9.21667	957.5
9.23333	956.4
9.25000	956.4
9.26667	956.4
9.28333	958.5
9.30000	958.5
9.31667	958.5
9.33333	957.5
9.35000	957.5
9.36667	957.5
9.38333	956.4
9.40000	956.4
9.41667	956.4
9.43333	957.5
9.45000	957.5
9.46667	957.5
9.48333	957.5
9.50000	957.5
9.51667	957.5
9.53333	958.5
9.55000	958.5
9.56667	958.5
9.58333	957.5
9.60000	957.5
9.61667	957.5
9.63333	956.4
9.65000	956.4
9.66667	956.4
9.68333	958.5
9.70000	958.5
9.71667	958.5
9.73333	957.5
9.75000	957.5
9.76667	957.5
9.78333	957.5
9.80000	957.5
9.81667	957.5
9.83333	957.5
9.85000	957.5
9.86667	957.5
9.88333	956.4
9.90000	956.4
9.91667	956.4
9.93333	958.5
9.95000	958.5
9.96667	958.5
9.98333	957.5
10.00000	957.5
10.01667	957.5
10.03333	956.4
10.05000	956.4
10.06667	956.4
10.08333	957.5
10.10000	957.5
10.11667	957.5
10.13333	957.5
10.15000	957.5
10.16667	957.5
10.18333	958.5
10.20000	958.5
10.21667	958.5
10.23333	957.5
10.25000	957.5
10.26667	957.5
10.28333	956.4
10.30000	956.4
10.31667	956.4
10.33333	956.4
10.35000	958.5
10.36667	958.5
10.38333	957.5
10.40000	957.5
10.41667	957.5
10.43333	957.5
10.45000	957.5
10.46667	957.5
10.48333	957.5
10.50000	957.5
10.51667	957.5
10.53333	957.5
10.55000	956.4
10.56667	956.4
10.58333	958.5
10.60000	958.5
10.61667	958.5
10.63333	957.5
10.65000	957.5
10.66667	957.5
10.68333	956.4
10.70000	956.4
10.71667	956.4
10.73333	957.5
10.75000	957.5
10.76667	957.5
10.78333	957.5
10.80000	957.5
10.81667	957.5
10.83333	958.5
10.85000	958.5
10.86667	958.5
10.88333	957.5
10.90000	957.5
10.91667	957.5
10.93333	955.4
10.95000	955.4
10.96667	955.4
10.98333	958.5
11.00000	958.5
11.01667	958.5
11.03333	957.5
11.05000	957.5
11.06667	957.5
11.08333	957.5
11.10000	957.5
11.11667	957.5
11.13333	957.5
11.15000	957.5
11.16667	957.5
11.18333	956.4
11.20000	956.4
11.21667	956.4
11.23333	958.5
11.25000	958.5
11.26667	958.5
11.28333	957.5
11.30000	957.5
11.31667	957.5
11.33333	957.5
11.35000	956.4
11.36667	956.4
11.38333	957.5
11.40000	957.5
11.41667	957.5
11.43333	957.5
11.45000	957.5
11.46667	957.5
11.48333	958.5
11.50000	958.5
11.51667	958.5
11.53333	958.5
11.55000	957.5
11.56667	957.5
11.58333	955.4
11.60000	955.4
11.61667	955.4
11.63333	958.5
11.65000	958.5
11.66667	958.5
11.68333	957.5
11.70000	957.5
11.71667	957.5
11.73333	957.5
11.75000	957.5
11.76667	957.5
11.78333	957.5
11.80000	957.5
11.81667	957.5
11.83333	956.4
11.85000	956.4
11.86667	956.4
11.88333	958.5
11.90000	958.5
11.91667	958.5
11.93333	957.5
11.95000	957.5
11.96667	957.5
11.98333	956.4
12.00000	956.4
12.01667	956.4
12.03333	957.5
12.05000	957.5
12.06667	957.5
12.08333	957.5
12.10000	957.5
12.11667	957.5
12.13333	958.5
12.15000	958.5
12.16667	958.5
12.18333	957.5
12.20000	957.5
12.21667	957.5
12.23333	955.4
12.25000	955.4
12.26667	955.4
12.28333	958.5
12.30000	958.5
12.31667	958.5
12.33333	958.5
12.35000	957.5
12.36667	957.5
12.38333	958.5
12.40000	958.5
12.41667	958.5
12.43333	958.5
12.45000	957.5
12.46667	957.5
12.48333	956.4
12.50000	956.4
12.51667	956.4
12.53333	958.5
12.55000	958.5
12.56667	958.5
12.58333	957.5
12.60000	957.5
12.61667	957.5
12.63333	957.5
12.65000	957.5
12.66667	957.5
12.68333	957.5
12.70000	957.5
12.71667	957.5
12.73333	956.4
12.75000	956.4
12.76667	956.4
12.78333	958.5
12.80000	958.5
12.81667	958.5
12.83333	957.5
12.85000	957.5
12.86667	957.5
12.88333	956.4
12.90000	956.4
12.91667	956.4
12.93333	957.5
12.95000	957.5
12.96667	957.5
12.98333	957.5
13.00000	957.5
13.01667	957.5
13.03333	958.5
13.05000	958.5
13.06667	958.5
13.08333	957.5
13.10000	957.5
13.11667	957.5
13.13333	956.4
13.15000	956.4
13.16667	956.4
13.18333	958.5
13.20000	958.5
13.21667	958.5
13.23333	957.5
13.25000	957.5
13.26667	957.5
13.28333	957.5
13.30000	957.5
13.31667	957.5
13.33333	957.5
13.35000	957.5
13.36667	957.5
13.38333	956.4
13.40000	956.4
13.41667	956.4
13.43333	956.4
13.45000	958.5
13.46667	958.5
13.48333	957.5
13.50000	957.5
13.51667	957.5
13.53333	956.4
13.55000	956.4
13.56667	956.4
13.58333	957.5
13.60000	957.5
13.61667	957.5
13.63333	957.5
13.65000	957.5
13.66667	957.5
13.68333	958.5
13.70000	958.5
13.71667	958.5
13.73333	957.5
13.75000	957.5
13.76667	957.5
13.78333	956.4
13.80000	956.4
13.81667	956.4
13.83333	958.5
13.85000	958.5
13.86667	958.5
13.88333	957.5
13.90000	957.5
13.91667	957.5
13.93333	957.5
13.95000	957.5
13.96667	957.5
13.98333	957.5
14.00000	957.5
14.01667	957.5
14.03333	956.4
14.05000	956.4
14.06667	956.4
14.08333	958.5
14.10000	958.5
14.11667	958.5
14.13333	957.5
14.15000	957.5
14.16667	957.5
14.18333	956.4
14.20000	956.4
14.21667	956.4
14.23333	957.5
14.25000	957.5
14.26667	957.5
14.28333	957.5
14.30000	957.5
14.31667	957.5
14.33333	957.5
14.35000	958.5
14.36667	958.5
14.38333	957.5
14.40000	957.5
14.41667	957.5
14.43333	957.5
14.45000	956.4
14.46667	956.4
14.48333	958.5
14.50000	958.5
14.51667	958.5
14.53333	957.5
14.55000	957.5
14.56667	957.5
14.58333	957.5
14.60000	957.5
14.61667	957.5
14.63333	957.5
14.65000	957.5
14.66667	957.5
14.68333	956.4
14.70000	956.4
14.71667	956.4
14.73333	958.5
14.75000	958.5
14.76667	958.5
14.78333	957.5
14.80000	957.5
14.81667	957.5
14.83333	956.4
14.85000	956.4
14.86667	956.4
14.88333	957.5
14.90000	957.5
14.91667	957.5
14.93333	957.5
14.95000	957.5
14.96667	957.5
14.98333	958.5
15.00000	958.5

[LC Status Trace(Sample Cooler Temp.)]
Interval(msec)	1000
# of Points	901
Start Time(min)	0.000
End Time(min)	15.000
Intensity Units	C
Intensity Multiplier	1
R.Time (min)	Intensity
0.00000	9.9
0.01667	9.9
0.03333	9.9
0.05000	9.9
0.06667	10.0
0.08333	10.0
0.10000	10.0
0.11667	10.0
0.13333	10.0
0.15000	10.0
0.16667	10.0
0.18333	10.0
0.20000	10.0
0.21667	10.0
0.23333	10.0
0.25000	10.0
0.26667	10.0
0.28333	10.0
0.30000	10.0
0.31667	10.0
0.33333	10.0
0.35000	10.0
0.36667	10.0
0.38333	10.0
0.40000	10.0
0.41667	10.0
0.43333	10.0
0.45000	10.0
0.46667	10.0
0.48333	10.0
0.50000	10.0
0.51667	10.0
0.53333	10.0
0.55000	10.0
0.56667	10.0
0.58333	10.0
0.60000	10.0
0.61667	10.0
0.63333	10.0
0.65000	10.0
0.66667	10.0
0.68333	10.0
0.70000	10.0
0.71667	10.0
0.73333	10.0
0.75000	10.0
0.76667	10.0
0.78333	10.0
0.80000	10.0
0.81667	10.0
0.83333	10.0
0.85000	10.0
0.86667	10.0
0.88333	10.0
0.90000	10.0
0.91667	10.0
0.93333	10.0
0.95000	10.0
0.96667	10.0
0.98333	10.0
1.00000	10.0
1.01667	10.0
1.03333	10.0
1.05000	10.0
1.06667	10.0
1.08333	10.0
1.10000	10.0
1.11667	10.0
1.13333	10.0
1.15000	10.0
1.16667	10.0
1.18333	10.0
1.20000	10.0
1.21667	10.0
1.23333	10.0
1.25000	10.0
1.26667	10.0
1.28333	10.0
1.30000	10.0
1.31667	10.0
1.33333	10.0
1.35000	10.0
1.36667	10.0
1.38333	10.0
1.40000	10.0
1.41667	10.0
1.43333	10.0
1.45000	10.0
1.46667	10.0
1.48333	10.0
1.50000	10.0
1.51667	10.0
1.53333	10.0
1.55000	10.0
1.56667	10.0
1.58333	10.0
1.60000	10.0
1.61667	10.0
1.63333	10.0
1.65000	10.0
1.66667	10.0
1.68333	10.0
1.70000	10.0
1.71667	10.0
1.73333	10.0
1.75000	10.0
1.76667	10.0
1.78333	10.0
1.80000	10.0
1.81667	10.0
1.83333	10.0
1.85000	10.0
1.86667	10.0
1.88333	10.0
1.90000	10.0
1.91667	10.0
1.93333	10.0
1.95000	10.0
1.96667	10.0
1.98333	10.0
2.00000	10.0
2.01667	10.0
2.03333	10.0
2.05000	10.0
2.06667	10.0
2.08333	10.0
2.10000	10.0
2.11667	10.0
2.13333	10.0
2.15000	10.0
2.16667	10.0
2.18333	10.0
2.20000	10.0
2.21667	10.0
2.23333	10.0
2.25000	10.0
2.26667	10.0
2.28333	10.0
2.30000	10.0
2.31667	10.0
2.33333	10.0
2.35000	10.0
2.36667	10.0
2.38333	10.0
2.40000	10.0
2.41667	10.0
2.43333	10.0
2.45000	10.0
2.46667	10.0
2.48333	10.0
2.50000	10.0
2.51667	10.0
2.53333	10.0
2.55000	10.0
2.56667	10.0
2.58333	10.0
2.60000	10.0
2.61667	10.0
2.63333	10.0
2.65000	10.0
2.66667	10.0
2.68333	10.0
2.70000	10.0
2.71667	10.0
2.73333	10.0
2.75000	10.0
2.76667	10.0
2.78333	10.0
2.80000	10.0
2.81667	10.0
2.83333	10.0
2.85000	10.0
2.86667	10.0
2.88333	10.0
2.90000	10.0
2.91667	10.0
2.93333	10.0
2.95000	10.0
2.96667	10.0
2.98333	10.0
3.00000	10.0
3.01667	10.0
3.03333	10.0
3.05000	10.0
3.06667	10.0
3.08333	10.0
3.10000	10.0
3.11667	10.0
3.13333	10.0
3.15000	10.0
3.16667	10.0
3.18333	10.0
3.20000	10.0
3.21667	10.0
3.23333	10.0
3.25000	10.0
3.26667	10.0
3.28333	10.0
3.30000	10.0
3.31667	10.0
3.33333	10.0
3.35000	10.0
3.36667	10.0
3.38333	10.0
3.40000	10.0
3.41667	10.0
3.43333	10.0
3.45000	10.0
3.46667	10.0
3.48333	10.0
3.50000	10.0
3.51667	10.0
3.53333	10.0
3.55000	10.0
3.56667	10.0
3.58333	10.0
3.60000	10.0
3.61667	10.0
3.63333	10.0
3.65000	10.0
3.66667	10.0
3.68333	10.0
3.70000	10.0
3.71667	10.0
3.73333	10.0
3.75000	10.0
3.76667	10.0
3.78333	10.0
3.80000	10.0
3.81667	10.0
3.83333	10.0
3.85000	10.0
3.86667	10.0
3.88333	10.0
3.90000	10.0
3.91667	10.0
3.93333	10.0
3.95000	10.0
3.96667	10.0
3.98333	10.0
4.00000	10.0
4.01667	10.0
4.03333	10.0
4.05000	10.0
4.06667	10.0
4.08333	10.0
4.10000	10.0
4.11667	10.0
4.13333	10.0
4.15000	10.0
4.16667	10.0
4.18333	10.0
4.20000	10.0
4.21667	10.0
4.23333	10.0
4.25000	10.0
4.26667	10.0
4.28333	10.0
4.30000	10.0
4.31667	10.0
4.33333	10.0
4.35000	10.0
4.36667	10.0
4.38333	10.0
4.40000	10.0
4.41667	10.0
4.43333	10.0
4.45000	10.0
4.46667	10.0
4.48333	10.0
4.50000	10.0
4.51667	10.0
4.53333	10.0
4.55000	10.0
4.56667	10.0
4.58333	10.0
4.60000	10.0
4.61667	10.0
4.63333	10.0
4.65000	10.0
4.66667	10.0
4.68333	10.0
4.70000	10.0
4.71667	10.0
4.73333	10.0
4.75000	10.0
4.76667	10.0
4.78333	10.0
4.80000	10.0
4.81667	10.0
4.83333	10.0
4.85000	10.0
4.86667	10.0
4.88333	10.0
4.90000	10.0
4.91667	10.0
4.93333	10.0
4.95000	10.0
4.96667	10.0
4.98333	10.0
5.00000	10.0
5.01667	10.0
5.03333	10.0
5.05000	10.0
5.06667	10.0
5.08333	10.0
5.10000	10.0
5.11667	10.0
5.13333	10.0
5.15000	10.0
5.16667	10.0
5.18333	10.0
5.20000	10.0
5.21667	10.0
5.23333	10.0
5.25000	10.0
5.26667	10.0
5.28333	10.0
5.30000	10.0
5.31667	10.0
5.33333	10.0
5.35000	10.0
5.36667	10.0
5.38333	10.0
5.40000	10.0
5.41667	10.0
5.43333	10.0
5.45000	10.0
5.46667	10.0
5.48333	10.0
5.50000	10.0
5.51667	10.0
5.53333	10.0
5.55000	10.0
5.56667	10.0
5.58333	10.0
5.60000	10.0
5.61667	10.0
5.63333	10.0
5.65000	10.0
5.66667	10.0
5.68333	10.0
5.70000	10.0
5.71667	10.0
5.73333	10.0
5.75000	10.0
5.76667	10.0
5.78333	10.0
5.80000	10.0
5.81667	10.0
5.83333	10.0
5.85000	10.0
5.86667	10.0
5.88333	10.0
5.90000	10.0
5.91667	10.0
5.93333	10.0
5.95000	10.0
5.96667	10.0
5.98333	10.0
6.00000	10.0
6.01667	10.0
6.03333	10.0
6.05000	10.0
6.06667	10.0
6.08333	10.0
6.10000	10.0
6.11667	10.0
6.13333	10.0
6.15000	10.0
6.16667	10.0
6.18333	10.0
6.20000	10.0
6.21667	10.0
6.23333	10.0
6.25000	10.0
6.26667	10.0
6.28333	10.0
6.30000	10.0
6.31667	10.0
6.33333	10.0
6.35000	10.0
6.36667	10.0
6.38333	10.0
6.40000	10.0
6.41667	10.0
6.43333	10.0
6.45000	10.0
6.46667	10.0
6.48333	10.0
6.50000	10.0
6.51667	10.0
6.53333	10.0
6.55000	10.0
6.56667	10.0
6.58333	10.0
6.60000	10.0
6.61667	10.0
6.63333	10.0
6.65000	10.0
6.66667	10.0
6.68333	10.0
6.70000	10.0
6.71667	10.0
6.73333	10.0
6.75000	10.0
6.76667	10.0
6.78333	10.0
6.80000	10.0
6.81667	10.0
6.83333	10.0
6.85000	10.0
6.86667	10.0
6.88333	10.0
6.90000	10.0
6.91667	10.0
6.93333	10.0
6.95000	10.0
6.96667	10.0
6.98333	10.0
7.00000	10.0
7.01667	10.0
7.03333	10.0
7.05000	10.0
7.06667	10.0
7.08333	10.0
7.10000	10.0
7.11667	10.0
7.13333	10.0
7.15000	10.0
7.16667	10.0
7.18333	10.0
7.20000	10.0
7.21667	10.0
7.23333	10.0
7.25000	10.0
7.26667	10.0
7.28333	10.0
7.30000	10.0
7.31667	10.0
7.33333	10.0
7.35000	10.0
7.36667	10.0
7.38333	10.0
7.40000	10.0
7.41667	10.0
7.43333	10.0
7.45000	10.0
7.46667	10.0
7.48333	10.0
7.50000	10.0
7.51667	10.0
7.53333	10.0
7.55000	10.0
7.56667	10.0
7.58333	10.0
7.60000	10.0
7.61667	10.0
7.63333	10.0
7.65000	10.0
7.66667	10.0
7.68333	10.0
7.70000	10.0
7.71667	10.0
7.73333	10.0
7.75000	10.0
7.76667	10.0
7.78333	10.0
7.80000	10.0
7.81667	10.0
7.83333	10.0
7.85000	10.0
7.86667	10.0
7.88333	10.0
7.90000	10.0
7.91667	10.0
7.93333	10.0
7.95000	10.0
7.96667	10.0
7.98333	10.0
8.00000	10.0
8.01667	10.0
8.03333	10.0
8.05000	10.0
8.06667	10.0
8.08333	10.0
8.10000	10.0
8.11667	10.0
8.13333	10.0
8.15000	10.0
8.16667	10.0
8.18333	10.0
8.20000	10.0
8.21667	10.0
8.23333	10.0
8.25000	10.0
8.26667	10.0
8.28333	10.0
8.30000	10.0
8.31667	10.0
8.33333	10.0
8.35000	10.0
8.36667	10.0
8.38333	10.0
8.40000	10.0
8.41667	10.0
8.43333	10.0
8.45000	10.0
8.46667	10.0
8.48333	10.0
8.50000	10.0
8.51667	10.0
8.53333	10.0
8.55000	10.0
8.56667	10.0
8.58333	10.0
8.60000	10.0
8.61667	10.0
8.63333	10.0
8.65000	10.0
8.66667	10.0
8.68333	10.0
8.70000	10.0
8.71667	10.0
8.73333	10.0
8.75000	10.0
8.76667	10.0
8.78333	10.0
8.80000	10.0
8.81667	10.0
8.83333	10.0
8.85000	10.0
8.86667	10.0
8.88333	10.0
8.90000	10.0
8.91667	10.0
8.93333	10.0
8.95000	10.0
8.96667	10.0
8.98333	10.0
9.00000	10.0
9.01667	10.0
9.03333	10.0
9.05000	10.0
9.06667	10.0
9.08333	10.0
9.10000	10.0
9.11667	10.0
9.13333	10.0
9.15000	10.0
9.16667	10.0
9.18333	10.0
9.20000	10.0
9.21667	10.0
9.23333	10.0
9.25000	10.0
9.26667	10.0
9.28333	10.0
9.30000	10.0
9.31667	10.0
9.33333	10.0
9.35000	10.0
9.36667	10.0
9.38333	10.0
9.40000	10.0
9.41667	10.0
9.43333	10.0
9.45000	10.0
9.46667	10.0
9.48333	10.0
9.50000	10.0
9.51667	10.0
9.53333	10.0
9.55000	10.0
9.56667	10.0
9.58333	10.0
9.60000	10.0
9.61667	10.0
9.63333	10.0
9.65000	10.0
9.66667	10.0
9.68333	10.0
9.70000	10.0
9.71667	10.0
9.73333	10.0
9.75000	10.0
9.76667	10.0
9.78333	10.0
9.80000	10.0
9.81667	10.0
9.83333	10.0
9.85000	10.0
9.86667	10.0
9.88333	10.0
9.90000	10.0
9.91667	10.0
9.93333	10.0
9.95000	10.0
9.96667	10.0
9.98333	10.0
10.00000	10.0
10.01667	10.0
10.03333	10.0
10.05000	10.0
10.06667	10.0
10.08333	10.0
10.10000	10.0
10.11667	10.0
10.13333	10.0
10.15000	10.0
10.16667	10.0
10.18333	10.0
10.20000	10.0
10.21667	10.0
10.23333	10.0
10.25000	10.0
10.26667	10.0
10.28333	10.0
10.30000	10.0
10.31667	10.0
10.33333	10.0
10.35000	10.0
10.36667	10.0
10.38333	10.0
10.40000	10.0
10.41667	10.0
10.43333	10.0
10.45000	10.0
10.46667	10.0
10.48333	10.0
10.50000	10.0
10.51667	10.0
10.53333	10.0
10.55000	10.0
10.56667	10.0
10.58333	10.0
10.60000	10.0
10.61667	10.0
10.63333	10.0
10.65000	10.0
10.66667	10.0
10.68333	10.0
10.70000	10.0
10.71667	10.0
10.73333	10.0
10.75000	10.0
10.76667	10.0
10.78333	10.0
10.80000	10.0
10.81667	10.0
10.83333	10.0
10.85000	10.0
10.86667	10.0
10.88333	10.0
10.90000	10.0
10.91667	10.0
10.93333	10.0
10.95000	10.0
10.96667	10.0
10.98333	10.0
11.00000	10.0
11.01667	10.0
11.03333	10.0
11.05000	10.0
11.06667	10.0
11.08333	10.0
11.10000	10.0
11.11667	10.0
11.13333	10.0
11.15000	10.0
11.16667	10.0
11.18333	10.0
11.20000	10.0
11.21667	10.0
11.23333	10.0
11.25000	10.0
11.26667	10.0
11.28333	10.0
11.30000	10.0
11.31667	10.0
11.33333	10.0
11.35000	10.0
11.36667	10.0
11.38333	10.0
11.40000	10.0
11.41667	10.0
11.43333	10.0
11.45000	10.0
11.46667	10.0
11.48333	10.0
11.50000	10.0
11.51667	10.0
11.53333	10.0
11.55000	10.0
11.56667	10.0
11.58333	10.0
11.60000	10.0
11.61667	10.0
11.63333	10.0
11.65000	10.0
11.66667	10.0
11.68333	10.0
11.70000	10.0
11.71667	10.0
11.73333	10.0
11.75000	10.0
11.76667	10.0
11.78333	10.0
11.80000	10.0
11.81667	10.0
11.83333	10.0
11.85000	10.0
11.86667	10.0
11.88333	10.0
11.90000	10.0
11.91667	10.0
11.93333	10.0
11.95000	10.0
11.96667	10.0
11.98333	10.0
12.00000	10.0
12.01667	10.0
12.03333	10.0
12.05000	10.0
12.06667	10.0
12.08333	10.0
12.10000	10.0
12.11667	10.0
12.13333	10.0
12.15000	10.0
12.16667	10.0
12.18333	10.0
12.20000	10.0
12.21667	10.0
12.23333	10.0
12.25000	10.0
12.26667	10.0
12.28333	10.0
12.30000	10.0
12.31667	10.0
12.33333	10.0
12.35000	10.0
12.36667	10.0
12.38333	10.0
12.40000	10.0
12.41667	10.0
12.43333	10.0
12.45000	10.0
12.46667	10.0
12.48333	10.0
12.50000	10.0
12.51667	10.0
12.53333	10.0
12.55000	10.0
12.56667	10.0
12.58333	10.0
12.60000	10.0
12.61667	10.0
12.63333	10.0
12.65000	10.0
12.66667	10.0
12.68333	10.0
12.70000	10.0
12.71667	10.0
12.73333	10.0
12.75000	10.0
12.76667	10.0
12.78333	10.0
12.80000	10.0
12.81667	10.0
12.83333	10.0
12.85000	10.0
12.86667	10.0
12.88333	10.0
12.90000	10.0
12.91667	10.0
12.93333	10.0
12.95000	10.0
12.96667	10.0
12.98333	10.0
13.00000	10.0
13.01667	10.0
13.03333	10.0
13.05000	10.0
13.06667	10.0
13.08333	10.0
13.10000	10.0
13.11667	10.0
13.13333	10.0
13.15000	10.0
13.16667	10.0
13.18333	10.0
13.20000	10.0
13.21667	10.0
13.23333	10.0
13.25000	10.0
13.26667	10.0
13.28333	10.0
13.30000	10.0
13.31667	10.0
13.33333	10.0
13.35000	10.0
13.36667	10.0
13.38333	10.0
13.40000	10.0
13.41667	10.0
13.43333	10.0
13.45000	10.0
13.46667	10.0
13.48333	10.0
13.50000	10.0
13.51667	10.0
13.53333	10.0
13.55000	10.0
13.56667	10.0
13.58333	10.0
13.60000	10.0
13.61667	10.0
13.63333	10.0
13.65000	10.0
13.66667	10.0
13.68333	10.0
13.70000	10.0
13.71667	10.0
13.73333	10.0
13.75000	10.0
13.76667	10.0
13.78333	10.0
13.80000	10.0
13.81667	10.0
13.83333	10.0
13.85000	10.0
13.86667	10.0
13.88333	10.0
13.90000	10.0
13.91667	10.0
13.93333	10.0
13.95000	10.0
13.96667	10.0
13.98333	10.0
14.00000	10.0
14.01667	10.0
14.03333	10.0
14.05000	10.0
14.06667	10.0
14.08333	10.0
14.10000	10.0
14.11667	10.0
14.13333	10.0
14.15000	10.0
14.16667	10.0
14.18333	10.0
14.20000	10.0
14.21667	10.0
14.23333	10.0
14.25000	10.0
14.26667	10.0
14.28333	10.0
14.30000	10.0
14.31667	10.0
14.33333	10.0
14.35000	10.0
14.36667	10.0
14.38333	10.0
14.40000	10.0
14.41667	10.0
14.43333	10.0
14.45000	10.0
14.46667	10.0
14.48333	10.0
14.50000	10.0
14.51667	10.0
14.53333	10.0
14.55000	10.0
14.56667	10.0
14.58333	10.0
14.60000	10.0
14.61667	10.0
14.63333	10.0
14.65000	10.0
14.66667	10.0
14.68333	10.0
14.70000	10.0
14.71667	10.0
14.73333	10.0
14.75000	10.0
14.76667	10.0
14.78333	10.0
14.80000	10.0
14.81667	10.0
14.83333	10.0
14.85000	10.0
14.86667	10.0
14.88333	10.0
14.90000	10.0
14.91667	10.0
14.93333	10.0
14.95000	10.0
14.96667	10.0
14.98333	10.0
15.00000	10.0

[LC Status Trace(Oven Temp.)]
Interval(msec)	1000
# of Points	901
Start Time(min)	0.000
End Time(min)	15.000
Intensity Units	C
Intensity Multiplier	1
R.Time (min)	Intensity
0.00000	59.99
0.01667	59.99
0.03333	59.99
0.05000	59.99
0.06667	59.99
0.08333	59.99
0.10000	59.99
0.11667	59.99
0.13333	59.99
0.15000	59.99
0.16667	59.99
0.18333	59.99
0.20000	59.99
0.21667	59.99
0.23333	59.99
0.25000	59.99
0.26667	59.99
0.28333	59.99
0.30000	59.99
0.31667	59.99
0.33333	59.98
0.35000	59.98
0.36667	59.98
0.38333	59.98
0.40000	59.98
0.41667	59.98
0.43333	59.98
0.45000	59.98
0.46667	59.99
0.48333	59.99
0.50000	59.99
0.51667	59.99
0.53333	59.99
0.55000	59.99
0.56667	59.99
0.58333	59.99
0.60000	59.99
0.61667	59.99
0.63333	59.99
0.65000	59.99
0.66667	59.99
0.68333	59.99
0.70000	60.00
0.71667	60.00
0.73333	60.00
0.75000	60.00
0.76667	60.00
0.78333	60.00
0.80000	60.00
0.81667	60.00
0.83333	60.00
0.85000	60.00
0.86667	60.00
0.88333	60.00
0.90000	60.00
0.91667	60.00
0.93333	60.00
0.95000	60.00
0.96667	60.00
0.98333	59.99
1.00000	59.99
1.01667	59.99
1.03333	59.99
1.05000	59.99
1.06667	59.99
1.08333	59.99
1.10000	59.99
1.11667	59.99
1.13333	59.99
1.15000	59.99
1.16667	59.99
1.18333	59.99
1.20000	59.99
1.21667	59.99
1.23333	59.99
1.25000	59.99
1.26667	59.99
1.28333	59.99
1.30000	59.99
1.31667	59.99
1.33333	59.99
1.35000	59.99
1.36667	59.99
1.38333	59.99
1.40000	59.99
1.41667	59.99
1.43333	59.99
1.45000	59.99
1.46667	59.99
1.48333	59.99
1.50000	59.99
1.51667	59.99
1.53333	59.99
1.55000	60.00
1.56667	60.00
1.58333	60.00
1.60000	60.00
1.61667	60.00
1.63333	60.00
1.65000	60.00
1.66667	60.00
1.68333	60.00
1.70000	60.00
1.71667	60.00
1.73333	60.00
1.75000	60.00
1.76667	60.00
1.78333	60.00
1.80000	60.00
1.81667	60.00
1.83333	60.00
1.85000	60.00
1.86667	60.00
1.88333	60.00
1.90000	60.00
1.91667	60.00
1.93333	60.00
1.95000	60.00
1.96667	60.00
1.98333	60.00
2.00000	60.00
2.01667	60.00
2.03333	60.00
2.05000	60.00
2.06667	60.00
2.08333	59.99
2.10000	59.99
2.11667	59.99
2.13333	59.99
2.15000	59.99
2.16667	59.99
2.18333	60.00
2.20000	60.00
2.21667	60.00
2.23333	60.00
2.25000	60.00
2.26667	60.00
2.28333	60.00
2.30000	60.00
2.31667	60.00
2.33333	60.00
2.35000	60.00
2.36667	60.00
2.38333	60.00
2.40000	60.00
2.41667	60.00
2.43333	60.00
2.45000	60.00
2.46667	59.99
2.48333	59.99
2.50000	59.99
2.51667	59.99
2.53333	59.99
2.55000	59.99
2.56667	59.99
2.58333	59.99
2.60000	59.99
2.61667	59.99
2.63333	59.99
2.65000	59.99
2.66667	59.99
2.68333	59.99
2.70000	59.99
2.71667	59.99
2.73333	59.99
2.75000	59.99
2.76667	59.99
2.78333	59.99
2.80000	59.99
2.81667	59.99
2.83333	59.99
2.85000	59.99
2.86667	59.99
2.88333	59.99
2.90000	59.99
2.91667	59.99
2.93333	59.99
2.95000	59.99
2.96667	59.99
2.98333	60.00
3.00000	60.00
3.01667	60.00
3.03333	60.00
3.05000	60.00
3.06667	60.00
3.08333	60.00
3.10000	60.00
3.11667	60.00
3.13333	60.00
3.15000	60.00
3.16667	60.00
3.18333	60.00
3.20000	60.00
3.21667	60.00
3.23333	60.00
3.25000	60.00
3.26667	60.00
3.28333	60.00
3.30000	60.00
3.31667	60.00
3.33333	60.00
3.35000	60.00
3.36667	60.00
3.38333	60.00
3.40000	60.00
3.41667	60.00
3.43333	60.00
3.45000	60.00
3.46667	60.00
3.48333	60.00
3.50000	60.00
3.51667	60.00
3.53333	60.00
3.55000	60.00
3.56667	60.00
3.58333	60.00
3.60000	60.00
3.61667	60.00
3.63333	60.00
3.65000	60.00
3.66667	60.00
3.68333	60.00
3.70000	60.00
3.71667	60.00
3.73333	60.00
3.75000	60.00
3.76667	60.00
3.78333	59.99
3.80000	59.99
3.81667	59.99
3.83333	59.99
3.85000	59.99
3.86667	59.99
3.88333	59.99
3.90000	59.99
3.91667	59.99
3.93333	59.99
3.95000	59.99
3.96667	59.99
3.98333	59.99
4.00000	59.99
4.01667	59.99
4.03333	59.99
4.05000	59.99
4.06667	59.99
4.08333	59.99
4.10000	59.99
4.11667	59.99
4.13333	59.99
4.15000	59.99
4.16667	59.99
4.18333	59.99
4.20000	59.99
4.21667	60.00
4.23333	60.00
4.25000	60.00
4.26667	60.00
4.28333	60.00
4.30000	60.00
4.31667	60.00
4.33333	60.00
4.35000	60.00
4.36667	60.00
4.38333	60.00
4.40000	60.00
4.41667	60.00
4.43333	60.00
4.45000	60.00
4.46667	60.00
4.48333	60.00
4.50000	60.00
4.51667	60.00
4.53333	59.99
4.55000	59.99
4.56667	59.99
4.58333	59.99
4.60000	59.99
4.61667	59.99
4.63333	59.99
4.65000	59.99
4.66667	59.99
4.68333	59.99
4.70000	59.99
4.71667	59.99
4.73333	59.99
4.75000	59.99
4.76667	59.99
4.78333	59.99
4.80000	59.99
4.81667	59.99
4.83333	59.99
4.85000	59.99
4.86667	59.99
4.88333	59.99
4.90000	59.99
4.91667	59.99
4.93333	59.99
4.95000	59.99
4.96667	59.99
4.98333	59.99
5.00000	59.99
5.01667	59.99
5.03333	59.99
5.05000	59.99
5.06667	59.99
5.08333	59.99
5.10000	59.99
5.11667	59.99
5.13333	59.99
5.15000	59.99
5.16667	59.99
5.18333	59.99
5.20000	59.99
5.21667	59.99
5.23333	59.99
5.25000	59.99
5.26667	59.99
5.28333	59.99
5.30000	59.99
5.31667	59.99
5.33333	59.99
5.35000	59.99
5.36667	59.99
5.38333	59.99
5.40000	59.99
5.41667	59.99
5.43333	59.99
5.45000	59.99
5.46667	59.99
5.48333	59.99
5.50000	59.99
5.51667	59.99
5.53333	60.00
5.55000	60.00
5.56667	60.00
5.58333	60.00
5.60000	60.00
5.61667	60.00
5.63333	60.00
5.65000	60.00
5.66667	60.00
5.68333	60.00
5.70000	60.00
5.71667	60.00
5.73333	60.00
5.75000	60.00
5.76667	60.00
5.78333	60.00
5.80000	60.00
5.81667	60.00
5.83333	60.00
5.85000	60.00
5.86667	60.00
5.88333	60.00
5.90000	60.00
5.91667	60.00
5.93333	60.00
5.95000	60.00
5.96667	60.00
5.98333	60.00
6.00000	60.00
6.01667	60.00
6.03333	60.00
6.05000	60.00
6.06667	60.00
6.08333	60.00
6.10000	60.00
6.11667	60.00
6.13333	60.00
6.15000	60.00
6.16667	60.00
6.18333	60.00
6.20000	60.00
6.21667	60.00
6.23333	60.00
6.25000	60.00
6.26667	60.00
6.28333	60.00
6.30000	60.00
6.31667	60.00
6.33333	60.00
6.35000	60.00
6.36667	60.00
6.38333	60.00
6.40000	60.00
6.41667	60.00
6.43333	60.00
6.45000	60.00
6.46667	60.00
6.48333	60.00
6.50000	60.00
6.51667	60.00
6.53333	60.00
6.55000	60.00
6.56667	60.00
6.58333	60.00
6.60000	60.00
6.61667	60.00
6.63333	60.00
6.65000	60.00
6.66667	60.00
6.68333	60.00
6.70000	60.00
6.71667	60.00
6.73333	60.00
6.75000	60.00
6.76667	60.00
6.78333	59.99
6.80000	59.99
6.81667	59.99
6.83333	59.99
6.85000	59.99
6.86667	59.99
6.88333	59.99
6.90000	59.99
6.91667	59.99
6.93333	59.99
6.95000	59.99
6.96667	59.99
6.98333	59.99
7.00000	59.99
7.01667	60.00
7.03333	60.00
7.05000	60.00
7.06667	60.00
7.08333	60.00
7.10000	60.00
7.11667	60.00
7.13333	59.99
7.15000	59.99
7.16667	59.99
7.18333	59.99
7.20000	59.99
7.21667	59.99
7.23333	59.99
7.25000	59.99
7.26667	59.99
7.28333	59.99
7.30000	59.99
7.31667	59.99
7.33333	59.99
7.35000	60.00
7.36667	60.00
7.38333	60.00
7.40000	60.00
7.41667	60.00
7.43333	60.00
7.45000	60.00
7.46667	60.00
7.48333	60.00
7.50000	60.00
7.51667	60.00
7.53333	60.00
7.55000	60.00
7.56667	60.00
7.58333	60.00
7.60000	60.00
7.61667	60.00
7.63333	60.00
7.65000	60.00
7.66667	60.00
7.68333	60.00
7.70000	60.00
7.71667	60.00
7.73333	60.00
7.75000	60.00
7.76667	60.00
7.78333	60.00
7.80000	60.00
7.81667	60.00
7.83333	60.00
7.85000	60.00
7.86667	60.00
7.88333	60.00
7.90000	60.00
7.91667	60.00
7.93333	60.00
7.95000	60.00
7.96667	60.00
7.98333	60.00
8.00000	60.00
8.01667	60.00
8.03333	60.00
8.05000	60.00
8.06667	60.00
8.08333	59.99
8.10000	59.99
8.11667	59.99
8.13333	59.99
8.15000	59.99
8.16667	59.99
8.18333	59.99
8.20000	59.99
8.21667	59.99
8.23333	59.99
8.25000	59.99
8.26667	59.99
8.28333	59.99
8.30000	59.99
8.31667	59.99
8.33333	59.99
8.35000	59.99
8.36667	59.99
8.38333	59.99
8.40000	59.99
8.41667	59.99
8.43333	59.99
8.45000	59.98
8.46667	59.98
8.48333	59.98
8.50000	59.98
8.51667	59.98
8.53333	59.98
8.55000	59.98
8.56667	59.98
8.58333	59.99
8.60000	59.99
8.61667	59.99
8.63333	59.99
8.65000	59.99
8.66667	59.99
8.68333	59.99
8.70000	59.99
8.71667	59.99
8.73333	59.99
8.75000	59.99
8.76667	59.99
8.78333	59.99
8.80000	59.99
8.81667	59.99
8.83333	60.00
8.85000	60.00
8.86667	60.00
8.88333	60.00
8.90000	60.00
8.91667	60.00
8.93333	60.00
8.95000	60.00
8.96667	60.00
8.98333	60.00
9.00000	60.00
9.01667	60.00
9.03333	60.00
9.05000	60.00
9.06667	60.00
9.08333	60.00
9.10000	60.00
9.11667	60.00
9.13333	60.00
9.15000	60.00
9.16667	60.00
9.18333	60.00
9.20000	60.00
9.21667	60.00
9.23333	60.00
9.25000	60.00
9.26667	60.00
9.28333	60.00
9.30000	60.00
9.31667	60.00
9.33333	60.00
9.35000	60.00
9.36667	60.00
9.38333	60.00
9.40000	60.00
9.41667	60.00
9.43333	60.00
9.45000	60.00
9.46667	60.00
9.48333	60.00
9.50000	60.00
9.51667	60.00
9.53333	60.00
9.55000	60.00
9.56667	60.00
9.58333	60.00
9.60000	60.00
9.61667	60.00
9.63333	60.00
9.65000	60.00
9.66667	60.00
9.68333	60.00
9.70000	60.00
9.71667	60.00
9.73333	60.00
9.75000	60.00
9.76667	60.00
9.78333	60.00
9.80000	60.00
9.81667	60.00
9.83333	60.00
9.85000	60.00
9.86667	60.00
9.88333	60.00
9.90000	60.00
9.91667	60.00
9.93333	60.00
9.95000	60.00
9.96667	60.00
9.98333	60.00
10.00000	60.00
10.01667	60.00
10.03333	60.00
10.05000	60.00
10.06667	60.00
10.08333	60.00
10.10000	60.00
10.11667	59.99
10.13333	59.99
10.15000	59.99
10.16667	59.99
10.18333	59.99
10.20000	59.99
10.21667	59.99
10.23333	59.99
10.25000	59.99
10.26667	59.99
10.28333	59.99
10.30000	59.99
10.31667	59.99
10.33333	59.99
10.35000	59.99
10.36667	59.99
10.38333	59.99
10.40000	59.99
10.41667	59.99
10.43333	59.99
10.45000	59.99
10.46667	59.99
10.48333	59.99
10.50000	59.99
10.51667	59.99
10.53333	59.99
10.55000	59.99
10.56667	59.99
10.58333	59.99
10.60000	59.99
10.61667	59.99
10.63333	59.99
10.65000	59.99
10.66667	59.99
10.68333	59.99
10.70000	59.99
10.71667	59.99
10.73333	59.99
10.75000	59.99
10.76667	59.99
10.78333	59.99
10.80000	59.99
10.81667	59.99
10.83333	59.99
10.85000	60.00
10.86667	60.00
10.88333	59.99
10.90000	59.99
10.91667	60.00
10.93333	59.99
10.95000	59.99
10.96667	59.99
10.98333	59.99
11.00000	59.99
11.01667	59.99
11.03333	59.99
11.05000	59.99
11.06667	59.99
11.08333	59.99
11.10000	59.99
11.11667	59.99
11.13333	59.99
11.15000	59.99
11.16667	59.99
11.18333	59.99
11.20000	59.99
11.21667	59.99
11.23333	59.99
11.25000	59.99
11.26667	59.99
11.28333	59.99
11.30000	60.00
11.31667	60.00
11.33333	60.00
11.35000	60.00
11.36667	60.00
11.38333	60.00
11.40000	60.00
11.41667	60.00
11.43333	60.00
11.45000	60.00
11.46667	60.00
11.48333	60.00
11.50000	60.00
11.51667	60.00
11.53333	60.00
11.55000	60.00
11.56667	60.00
11.58333	60.00
11.60000	60.00
11.61667	60.00
11.63333	60.00
11.65000	60.00
11.66667	60.00
11.68333	60.00
11.70000	60.00
11.71667	60.00
11.73333	60.00
11.75000	60.00
11.76667	60.00
11.78333	60.00
11.80000	60.00
11.81667	60.00
11.83333	60.00
11.85000	60.00
11.86667	60.00
11.88333	60.00
11.90000	60.00
11.91667	60.00
11.93333	60.00
11.95000	60.00
11.96667	60.00
11.98333	60.00
12.00000	60.00
12.01667	60.00
12.03333	60.00
12.05000	60.00
12.06667	60.00
12.08333	60.00
12.10000	60.00
12.11667	60.00
12.13333	60.00
12.15000	60.00
12.16667	60.00
12.18333	60.00
12.20000	60.00
12.21667	60.00
12.23333	60.00
12.25000	60.00
12.26667	60.00
12.28333	60.00
12.30000	60.00
12.31667	60.00
12.33333	60.00
12.35000	60.00
12.36667	60.00
12.38333	60.00
12.40000	60.00
12.41667	60.00
12.43333	60.00
12.45000	60.00
12.46667	60.00
12.48333	60.00
12.50000	60.00
12.51667	60.00
12.53333	60.00
12.55000	59.99
12.56667	59.99
12.58333	59.99
12.60000	59.99
12.61667	59.99
12.63333	59.99
12.65000	59.99
12.66667	59.99
12.68333	59.99
12.70000	59.99
12.71667	59.99
12.73333	59.99
12.75000	59.99
12.76667	59.99
12.78333	59.99
12.80000	59.99
12.81667	59.99
12.83333	59.99
12.85000	59.99
12.86667	59.99
12.88333	59.99
12.90000	59.99
12.91667	59.99
12.93333	59.99
12.95000	59.99
12.96667	59.99
12.98333	59.99
13.00000	59.99
13.01667	59.99
13.03333	59.99
13.05000	59.99
13.06667	59.99
13.08333	59.99
13.10000	59.99
13.11667	59.99
13.13333	59.99
13.15000	59.99
13.16667	59.99
13.18333	59.99
13.20000	59.99
13.21667	59.99
13.23333	59.99
13.25000	59.99
13.26667	59.99
13.28333	59.99
13.30000	59.99
13.31667	59.99
13.33333	59.99
13.35000	59.99
13.36667	59.99
13.38333	60.00
13.40000	60.00
13.41667	60.00
13.43333	60.00
13.45000	60.00
13.46667	60.00
13.48333	60.00
13.50000	60.00
13.51667	60.00
13.53333	60.00
13.55000	60.00
13.56667	60.00
13.58333	60.00
13.60000	60.00
13.61667	60.00
13.63333	60.00
13.65000	60.00
13.66667	60.00
13.68333	60.00
13.70000	60.00
13.71667	60.00
13.73333	60.01
13.75000	60.01
13.76667	60.01
13.78333	60.01
13.80000	60.01
13.81667	60.01
13.83333	60.01
13.85000	60.01
13.86667	60.01
13.88333	60.01
13.90000	60.01
13.91667	60.00
13.93333	60.00
13.95000	60.00
13.96667	60.00
13.98333	60.00
14.00000	60.00
14.01667	60.00
14.03333	60.00
14.05000	60.00
14.06667	60.00
14.08333	60.00
14.10000	60.00
14.11667	60.00
14.13333	60.00
14.15000	60.00
14.16667	60.00
14.18333	59.99
14.20000	59.99
14.21667	59.99
14.23333	59.99
14.25000	59.99
14.26667	59.99
14.28333	59.99
14.30000	59.99
14.31667	59.99
14.33333	59.99
14.35000	59.99
14.36667	59.99
14.38333	59.99
14.40000	59.99
14.41667	59.99
14.43333	59.99
14.45000	59.99
14.46667	59.99
14.48333	59.99
14.50000	59.99
14.51667	59.99
14.53333	59.99
14.55000	59.99
14.56667	59.99
14.58333	59.99
14.60000	59.99
14.61667	59.99
14.63333	59.99
14.65000	59.99
14.66667	59.99
14.68333	59.99
14.70000	59.99
14.71667	59.99
14.73333	59.99
14.75000	59.99
14.76667	59.99
14.78333	59.99
14.80000	59.99
14.81667	59.99
14.83333	59.99
14.85000	59.99
14.86667	59.99
14.88333	59.99
14.90000	59.99
14.91667	59.99
14.93333	59.99
14.95000	59.99
14.96667	59.99
14.98333	59.99
15.00000	59.99

[LC Status Trace(Room Temp.)]
Interval(msec)	1000
# of Points	901
Start Time(min)	0.000
End Time(min)	15.000
Intensity Units	C
Intensity Multiplier	1
R.Time (min)	Intensity
0.00000	27.15
0.01667	27.15
0.03333	27.15
0.05000	27.15
0.06667	27.15
0.08333	27.15
0.10000	27.15
0.11667	27.15
0.13333	27.15
0.15000	27.15
0.16667	27.15
0.18333	27.15
0.20000	27.14
0.21667	27.14
0.23333	27.14
0.25000	27.14
0.26667	27.14
0.28333	27.14
0.30000	27.14
0.31667	27.14
0.33333	27.14
0.35000	27.13
0.36667	27.13
0.38333	27.13
0.40000	27.13
0.41667	27.13
0.43333	27.13
0.45000	27.14
0.46667	27.14
0.48333	27.14
0.50000	27.14
0.51667	27.14
0.53333	27.14
0.55000	27.14
0.56667	27.14
0.58333	27.14
0.60000	27.14
0.61667	27.14
0.63333	27.14
0.65000	27.14
0.66667	27.14
0.68333	27.14
0.70000	27.14
0.71667	27.14
0.73333	27.14
0.75000	27.14
0.76667	27.14
0.78333	27.14
0.80000	27.14
0.81667	27.14
0.83333	27.14
0.85000	27.14
0.86667	27.14
0.88333	27.15
0.90000	27.15
0.91667	27.15
0.93333	27.15
0.95000	27.15
0.96667	27.15
0.98333	27.15
1.00000	27.15
1.01667	27.15
1.03333	27.15
1.05000	27.15
1.06667	27.15
1.08333	27.15
1.10000	27.16
1.11667	27.16
1.13333	27.16
1.15000	27.16
1.16667	27.15
1.18333	27.15
1.20000	27.15
1.21667	27.15
1.23333	27.15
1.25000	27.15
1.26667	27.15
1.28333	27.15
1.30000	27.15
1.31667	27.15
1.33333	27.15
1.35000	27.15
1.36667	27.15
1.38333	27.15
1.40000	27.15
1.41667	27.15
1.43333	27.15
1.45000	27.15
1.46667	27.15
1.48333	27.15
1.50000	27.15
1.51667	27.15
1.53333	27.15
1.55000	27.15
1.56667	27.15
1.58333	27.15
1.60000	27.15
1.61667	27.15
1.63333	27.15
1.65000	27.16
1.66667	27.16
1.68333	27.16
1.70000	27.16
1.71667	27.16
1.73333	27.16
1.75000	27.16
1.76667	27.16
1.78333	27.17
1.80000	27.17
1.81667	27.17
1.83333	27.17
1.85000	27.17
1.86667	27.17
1.88333	27.17
1.90000	27.17
1.91667	27.18
1.93333	27.18
1.95000	27.18
1.96667	27.17
1.98333	27.17
2.00000	27.17
2.01667	27.17
2.03333	27.17
2.05000	27.17
2.06667	27.17
2.08333	27.17
2.10000	27.18
2.11667	27.18
2.13333	27.18
2.15000	27.18
2.16667	27.18
2.18333	27.18
2.20000	27.18
2.21667	27.18
2.23333	27.18
2.25000	27.17
2.26667	27.17
2.28333	27.17
2.30000	27.17
2.31667	27.17
2.33333	27.17
2.35000	27.17
2.36667	27.17
2.38333	27.18
2.40000	27.18
2.41667	27.18
2.43333	27.18
2.45000	27.18
2.46667	27.18
2.48333	27.18
2.50000	27.18
2.51667	27.18
2.53333	27.19
2.55000	27.19
2.56667	27.19
2.58333	27.19
2.60000	27.19
2.61667	27.19
2.63333	27.19
2.65000	27.19
2.66667	27.20
2.68333	27.20
2.70000	27.19
2.71667	27.19
2.73333	27.19
2.75000	27.19
2.76667	27.19
2.78333	27.19
2.80000	27.19
2.81667	27.19
2.83333	27.19
2.85000	27.19
2.86667	27.19
2.88333	27.19
2.90000	27.19
2.91667	27.19
2.93333	27.19
2.95000	27.18
2.96667	27.18
2.98333	27.18
3.00000	27.18
3.01667	27.18
3.03333	27.18
3.05000	27.18
3.06667	27.18
3.08333	27.18
3.10000	27.18
3.11667	27.18
3.13333	27.18
3.15000	27.18
3.16667	27.18
3.18333	27.18
3.20000	27.18
3.21667	27.18
3.23333	27.18
3.25000	27.18
3.26667	27.18
3.28333	27.18
3.30000	27.18
3.31667	27.19
3.33333	27.19
3.35000	27.19
3.36667	27.19
3.38333	27.19
3.40000	27.19
3.41667	27.19
3.43333	27.19
3.45000	27.19
3.46667	27.19
3.48333	27.19
3.50000	27.19
3.51667	27.19
3.53333	27.19
3.55000	27.20
3.56667	27.20
3.58333	27.20
3.60000	27.20
3.61667	27.20
3.63333	27.20
3.65000	27.20
3.66667	27.20
3.68333	27.20
3.70000	27.20
3.71667	27.20
3.73333	27.20
3.75000	27.19
3.76667	27.19
3.78333	27.19
3.80000	27.19
3.81667	27.19
3.83333	27.19
3.85000	27.19
3.86667	27.18
3.88333	27.18
3.90000	27.18
3.91667	27.18
3.93333	27.18
3.95000	27.18
3.96667	27.18
3.98333	27.17
4.00000	27.17
4.01667	27.17
4.03333	27.17
4.05000	27.17
4.06667	27.17
4.08333	27.17
4.10000	27.17
4.11667	27.17
4.13333	27.17
4.15000	27.17
4.16667	27.17
4.18333	27.17
4.20000	27.16
4.21667	27.16
4.23333	27.16
4.25000	27.16
4.26667	27.16
4.28333	27.16
4.30000	27.15
4.31667	27.15
4.33333	27.15
4.35000	27.15
4.36667	27.15
4.38333	27.14
4.40000	27.14
4.41667	27.14
4.43333	27.14
4.45000	27.13
4.46667	27.13
4.48333	27.13
4.50000	27.13
4.51667	27.13
4.53333	27.13
4.55000	27.13
4.56667	27.13
4.58333	27.13
4.60000	27.13
4.61667	27.13
4.63333	27.13
4.65000	27.13
4.66667	27.13
4.68333	27.13
4.70000	27.13
4.71667	27.14
4.73333	27.14
4.75000	27.14
4.76667	27.14
4.78333	27.14
4.80000	27.14
4.81667	27.14
4.83333	27.14
4.85000	27.14
4.86667	27.14
4.88333	27.13
4.90000	27.13
4.91667	27.13
4.93333	27.13
4.95000	27.13
4.96667	27.13
4.98333	27.13
5.00000	27.13
5.01667	27.13
5.03333	27.13
5.05000	27.14
5.06667	27.14
5.08333	27.14
5.10000	27.14
5.11667	27.15
5.13333	27.15
5.15000	27.15
5.16667	27.15
5.18333	27.15
5.20000	27.16
5.21667	27.16
5.23333	27.16
5.25000	27.16
5.26667	27.16
5.28333	27.16
5.30000	27.17
5.31667	27.17
5.33333	27.17
5.35000	27.17
5.36667	27.17
5.38333	27.17
5.40000	27.18
5.41667	27.18
5.43333	27.18
5.45000	27.18
5.46667	27.18
5.48333	27.18
5.50000	27.18
5.51667	27.18
5.53333	27.18
5.55000	27.18
5.56667	27.18
5.58333	27.18
5.60000	27.18
5.61667	27.18
5.63333	27.18
5.65000	27.18
5.66667	27.18
5.68333	27.18
5.70000	27.18
5.71667	27.18
5.73333	27.18
5.75000	27.17
5.76667	27.17
5.78333	27.17
5.80000	27.17
5.81667	27.17
5.83333	27.17
5.85000	27.17
5.86667	27.17
5.88333	27.17
5.90000	27.17
5.91667	27.17
5.93333	27.17
5.95000	27.17
5.96667	27.17
5.98333	27.16
6.00000	27.16
6.01667	27.16
6.03333	27.16
6.05000	27.16
6.06667	27.16
6.08333	27.16
6.10000	27.15
6.11667	27.15
6.13333	27.15
6.15000	27.15
6.16667	27.15
6.18333	27.15
6.20000	27.15
6.21667	27.15
6.23333	27.15
6.25000	27.15
6.26667	27.15
6.28333	27.15
6.30000	27.15
6.31667	27.15
6.33333	27.15
6.35000	27.15
6.36667	27.15
6.38333	27.15
6.40000	27.15
6.41667	27.15
6.43333	27.15
6.45000	27.15
6.46667	27.15
6.48333	27.15
6.50000	27.14
6.51667	27.14
6.53333	27.14
6.55000	27.14
6.56667	27.14
6.58333	27.14
6.60000	27.14
6.61667	27.13
6.63333	27.13
6.65000	27.13
6.66667	27.13
6.68333	27.13
6.70000	27.12
6.71667	27.12
6.73333	27.12
6.75000	27.12
6.76667	27.12
6.78333	27.11
6.80000	27.11
6.81667	27.11
6.83333	27.11
6.85000	27.11
6.86667	27.11
6.88333	27.11
6.90000	27.11
6.91667	27.11
6.93333	27.10
6.95000	27.10
6.96667	27.10
6.98333	27.10
7.00000	27.10
7.01667	27.10
7.03333	27.10
7.05000	27.10
7.06667	27.10
7.08333	27.10
7.10000	27.10
7.11667	27.10
7.13333	27.10
7.15000	27.10
7.16667	27.10
7.18333	27.10
7.20000	27.10
7.21667	27.10
7.23333	27.10
7.25000	27.10
7.26667	27.11
7.28333	27.11
7.30000	27.11
7.31667	27.11
7.33333	27.11
7.35000	27.11
7.36667	27.11
7.38333	27.11
7.40000	27.10
7.41667	27.10
7.43333	27.10
7.45000	27.10
7.46667	27.10
7.48333	27.10
7.50000	27.10
7.51667	27.10
7.53333	27.09
7.55000	27.09
7.56667	27.09
7.58333	27.09
7.60000	27.09
7.61667	27.09
7.63333	27.09
7.65000	27.08
7.66667	27.08
7.68333	27.08
7.70000	27.08
7.71667	27.08
7.73333	27.08
7.75000	27.08
7.76667	27.08
7.78333	27.08
7.80000	27.08
7.81667	27.08
7.83333	27.08
7.85000	27.08
7.86667	27.07
7.88333	27.07
7.90000	27.07
7.91667	27.07
7.93333	27.07
7.95000	27.07
7.96667	27.07
7.98333	27.07
8.00000	27.07
8.01667	27.07
8.03333	27.07
8.05000	27.07
8.06667	27.07
8.08333	27.07
8.10000	27.06
8.11667	27.06
8.13333	27.06
8.15000	27.06
8.16667	27.06
8.18333	27.06
8.20000	27.06
8.21667	27.07
8.23333	27.07
8.25000	27.07
8.26667	27.06
8.28333	27.06
8.30000	27.06
8.31667	27.06
8.33333	27.06
8.35000	27.07
8.36667	27.07
8.38333	27.07
8.40000	27.06
8.41667	27.06
8.43333	27.06
8.45000	27.06
8.46667	27.06
8.48333	27.06
8.50000	27.06
8.51667	27.06
8.53333	27.05
8.55000	27.05
8.56667	27.05
8.58333	27.05
8.60000	27.05
8.61667	27.05
8.63333	27.05
8.65000	27.04
8.66667	27.04
8.68333	27.04
8.70000	27.04
8.71667	27.04
8.73333	27.04
8.75000	27.04
8.76667	27.04
8.78333	27.04
8.80000	27.04
8.81667	27.04
8.83333	27.04
8.85000	27.04
8.86667	27.04
8.88333	27.04
8.90000	27.04
8.91667	27.04
8.93333	27.04
8.95000	27.04
8.96667	27.04
8.98333	27.04
9.00000	27.04
9.01667	27.03
9.03333	27.03
9.05000	27.03
9.06667	27.04
9.08333	27.04
9.10000	27.04
9.11667	27.04
9.13333	27.04
9.15000	27.04
9.16667	27.04
9.18333	27.04
9.20000	27.04
9.21667	27.05
9.23333	27.05
9.25000	27.05
9.26667	27.05
9.28333	27.05
9.30000	27.05
9.31667	27.05
9.33333	27.05
9.35000	27.06
9.36667	27.06
9.38333	27.06
9.40000	27.06
9.41667	27.06
9.43333	27.06
9.45000	27.06
9.46667	27.06
9.48333	27.06
9.50000	27.07
9.51667	27.07
9.53333	27.07
9.55000	27.07
9.56667	27.07
9.58333	27.07
9.60000	27.07
9.61667	27.07
9.63333	27.07
9.65000	27.07
9.66667	27.07
9.68333	27.07
9.70000	27.07
9.71667	27.07
9.73333	27.07
9.75000	27.07
9.76667	27.07
9.78333	27.08
9.80000	27.08
9.81667	27.08
9.83333	27.08
9.85000	27.08
9.86667	27.08
9.88333	27.08
9.90000	27.08
9.91667	27.08
9.93333	27.08
9.95000	27.08
9.96667	27.08
9.98333	27.08
10.00000	27.08
10.01667	27.08
10.03333	27.08
10.05000	27.08
10.06667	27.08
10.08333	27.08
10.10000	27.08
10.11667	27.08
10.13333	27.08
10.15000	27.08
10.16667	27.08
10.18333	27.08
10.20000	27.08
10.21667	27.07
10.23333	27.07
10.25000	27.07
10.26667	27.07
10.28333	27.07
10.30000	27.07
10.31667	27.07
10.33333	27.07
10.35000	27.07
10.36667	27.07
10.38333	27.07
10.40000	27.07
10.41667	27.07
10.43333	27.07
10.45000	27.08
10.46667	27.08
10.48333	27.08
10.50000	27.08
10.51667	27.08
10.53333	27.08
10.55000	27.08
10.56667	27.08
10.58333	27.08
10.60000	27.08
10.61667	27.09
10.63333	27.09
10.65000	27.09
10.66667	27.09
10.68333	27.09
10.70000	27.09
10.71667	27.09
10.73333	27.09
10.75000	27.09
10.76667	27.10
10.78333	27.10
10.80000	27.10
10.81667	27.10
10.83333	27.10
10.85000	27.10
10.86667	27.10
10.88333	27.10
10.90000	27.10
10.91667	27.10
10.93333	27.10
10.95000	27.10
10.96667	27.10
10.98333	27.10
11.00000	27.10
11.01667	27.11
11.03333	27.11
11.05000	27.11
11.06667	27.10
11.08333	27.10
11.10000	27.10
11.11667	27.10
11.13333	27.10
11.15000	27.10
11.16667	27.10
11.18333	27.10
11.20000	27.10
11.21667	27.10
11.23333	27.10
11.25000	27.10
11.26667	27.10
11.28333	27.09
11.30000	27.09
11.31667	27.09
11.33333	27.10
11.35000	27.10
11.36667	27.10
11.38333	27.10
11.40000	27.10
11.41667	27.10
11.43333	27.10
11.45000	27.10
11.46667	27.10
11.48333	27.10
11.50000	27.10
11.51667	27.10
11.53333	27.10
11.55000	27.10
11.56667	27.10
11.58333	27.10
11.60000	27.10
11.61667	27.10
11.63333	27.10
11.65000	27.10
11.66667	27.10
11.68333	27.09
11.70000	27.09
11.71667	27.09
11.73333	27.09
11.75000	27.09
11.76667	27.09
11.78333	27.09
11.80000	27.09
11.81667	27.09
11.83333	27.09
11.85000	27.09
11.86667	27.09
11.88333	27.09
11.90000	27.09
11.91667	27.09
11.93333	27.09
11.95000	27.09
11.96667	27.09
11.98333	27.09
12.00000	27.09
12.01667	27.09
12.03333	27.09
12.05000	27.09
12.06667	27.09
12.08333	27.09
12.10000	27.10
12.11667	27.10
12.13333	27.10
12.15000	27.10
12.16667	27.10
12.18333	27.10
12.20000	27.10
12.21667	27.10
12.23333	27.10
12.25000	27.11
12.26667	27.11
12.28333	27.11
12.30000	27.11
12.31667	27.12
12.33333	27.12
12.35000	27.12
12.36667	27.12
12.38333	27.12
12.40000	27.12
12.41667	27.12
12.43333	27.13
12.45000	27.13
12.46667	27.13
12.48333	27.13
12.50000	27.13
12.51667	27.13
12.53333	27.13
12.55000	27.13
12.56667	27.13
12.58333	27.13
12.60000	27.13
12.61667	27.13
12.63333	27.13
12.65000	27.13
12.66667	27.13
12.68333	27.13
12.70000	27.13
12.71667	27.13
12.73333	27.13
12.75000	27.12
12.76667	27.12
12.78333	27.12
12.80000	27.12
12.81667	27.13
12.83333	27.13
12.85000	27.13
12.86667	27.13
12.88333	27.13
12.90000	27.14
12.91667	27.14
12.93333	27.14
12.95000	27.14
12.96667	27.15
12.98333	27.15
13.00000	27.15
13.01667	27.15
13.03333	27.15
13.05000	27.15
13.06667	27.15
13.08333	27.15
13.10000	27.15
13.11667	27.15
13.13333	27.15
13.15000	27.15
13.16667	27.14
13.18333	27.14
13.20000	27.14
13.21667	27.14
13.23333	27.14
13.25000	27.14
13.26667	27.14
13.28333	27.14
13.30000	27.14
13.31667	27.14
13.33333	27.13
13.35000	27.13
13.36667	27.13
13.38333	27.13
13.40000	27.13
13.41667	27.13
13.43333	27.12
13.45000	27.12
13.46667	27.12
13.48333	27.12
13.50000	27.12
13.51667	27.12
13.53333	27.12
13.55000	27.12
13.56667	27.12
13.58333	27.12
13.60000	27.12
13.61667	27.12
13.63333	27.12
13.65000	27.12
13.66667	27.12
13.68333	27.12
13.70000	27.12
13.71667	27.12
13.73333	27.12
13.75000	27.12
13.76667	27.12
13.78333	27.12
13.80000	27.12
13.81667	27.12
13.83333	27.12
13.85000	27.12
13.86667	27.12
13.88333	27.12
13.90000	27.12
13.91667	27.12
13.93333	27.12
13.95000	27.12
13.96667	27.12
13.98333	27.12
14.00000	27.12
14.01667	27.12
14.03333	27.12
14.05000	27.12
14.06667	27.12
14.08333	27.12
14.10000	27.12
14.11667	27.12
14.13333	27.12
14.15000	27.11
14.16667	27.11
14.18333	27.11
14.20000	27.11
14.21667	27.11
14.23333	27.11
14.25000	27.11
14.26667	27.10
14.28333	27.10
14.30000	27.10
14.31667	27.10
14.33333	27.10
14.35000	27.10
14.36667	27.10
14.38333	27.10
14.40000	27.10
14.41667	27.10
14.43333	27.10
14.45000	27.10
14.46667	27.10
14.48333	27.10
14.50000	27.10
14.51667	27.10
14.53333	27.10
14.55000	27.10
14.56667	27.10
14.58333	27.10
14.60000	27.10
14.61667	27.10
14.63333	27.10
14.65000	27.10
14.66667	27.10
14.68333	27.10
14.70000	27.10
14.71667	27.10
14.73333	27.10
14.75000	27.10
14.76667	27.10
14.78333	27.10
14.80000	27.10
14.81667	27.10
14.83333	27.10
14.85000	27.10
14.86667	27.10
14.88333	27.10
14.90000	27.10
14.91667	27.10
14.93333	27.10
14.95000	27.10
14.96667	27.10
14.98333	27.10
15.00000	27.10

[LC Status Trace(UV Cell Temp.)]
Interval(msec)	1000
# of Points	901
Start Time(min)	0.000
End Time(min)	15.000
Intensity Units	C
Intensity Multiplier	1
R.Time (min)	Intensity
0.00000	40.02
0.01667	40.02
0.03333	40.02
0.05000	40.02
0.06667	40.02
0.08333	40.02
0.10000	40.02
0.11667	40.02
0.13333	40.01
0.15000	40.01
0.16667	40.01
0.18333	40.01
0.20000	40.01
0.21667	40.01
0.23333	40.01
0.25000	40.01
0.26667	40.01
0.28333	40.01
0.30000	40.01
0.31667	40.01
0.33333	40.02
0.35000	40.02
0.36667	40.02
0.38333	40.02
0.40000	40.02
0.41667	40.02
0.43333	40.02
0.45000	40.02
0.46667	40.02
0.48333	40.02
0.50000	40.02
0.51667	40.02
0.53333	40.02
0.55000	40.02
0.56667	40.02
0.58333	40.02
0.60000	40.02
0.61667	40.02
0.63333	40.02
0.65000	40.02
0.66667	40.02
0.68333	40.02
0.70000	40.02
0.71667	40.02
0.73333	40.02
0.75000	40.02
0.76667	40.02
0.78333	40.02
0.80000	40.02
0.81667	40.02
0.83333	40.02
0.85000	40.02
0.86667	40.02
0.88333	40.02
0.90000	40.02
0.91667	40.02
0.93333	40.02
0.95000	40.02
0.96667	40.02
0.98333	40.02
1.00000	40.02
1.01667	40.02
1.03333	40.02
1.05000	40.01
1.06667	40.01
1.08333	40.01
1.10000	40.01
1.11667	40.01
1.13333	40.01
1.15000	40.01
1.16667	40.01
1.18333	40.01
1.20000	40.01
1.21667	40.01
1.23333	40.01
1.25000	40.01
1.26667	40.01
1.28333	40.01
1.30000	40.01
1.31667	40.01
1.33333	40.01
1.35000	40.01
1.36667	40.01
1.38333	40.01
1.40000	40.01
1.41667	40.01
1.43333	40.01
1.45000	40.01
1.46667	40.01
1.48333	40.01
1.50000	40.01
1.51667	40.01
1.53333	40.01
1.55000	40.01
1.56667	40.01
1.58333	40.01
1.60000	40.01
1.61667	40.01
1.63333	40.01
1.65000	40.01
1.66667	40.01
1.68333	40.01
1.70000	40.01
1.71667	40.01
1.73333	40.01
1.75000	40.01
1.76667	40.01
1.78333	40.01
1.80000	40.01
1.81667	40.01
1.83333	40.01
1.85000	40.01
1.86667	40.01
1.88333	40.01
1.90000	40.01
1.91667	40.01
1.93333	40.01
1.95000	40.01
1.96667	40.01
1.98333	40.01
2.00000	40.01
2.01667	40.01
2.03333	40.01
2.05000	40.01
2.06667	40.01
2.08333	40.01
2.10000	40.01
2.11667	40.01
2.13333	40.01
2.15000	40.01
2.16667	40.01
2.18333	40.01
2.20000	40.01
2.21667	40.01
2.23333	40.01
2.25000	40.01
2.26667	40.01
2.28333	40.01
2.30000	40.01
2.31667	40.01
2.33333	40.01
2.35000	40.01
2.36667	40.01
2.38333	40.01
2.40000	40.01
2.41667	40.01
2.43333	40.00
2.45000	40.00
2.46667	40.00
2.48333	40.00
2.50000	40.00
2.51667	40.00
2.53333	40.00
2.55000	40.00
2.56667	40.00
2.58333	40.00
2.60000	40.00
2.61667	40.00
2.63333	40.00
2.65000	40.00
2.66667	40.00
2.68333	40.00
2.70000	40.01
2.71667	40.01
2.73333	40.01
2.75000	40.01
2.76667	40.01
2.78333	40.01
2.80000	40.01
2.81667	40.01
2.83333	40.01
2.85000	40.01
2.86667	40.01
2.88333	40.01
2.90000	40.01
2.91667	40.01
2.93333	40.01
2.95000	40.01
2.96667	40.01
2.98333	40.01
3.00000	40.01
3.01667	40.00
3.03333	40.00
3.05000	40.00
3.06667	40.00
3.08333	40.00
3.10000	40.00
3.11667	40.00
3.13333	40.00
3.15000	40.00
3.16667	40.00
3.18333	40.00
3.20000	40.00
3.21667	40.00
3.23333	40.00
3.25000	40.00
3.26667	40.00
3.28333	40.00
3.30000	40.00
3.31667	40.00
3.33333	40.00
3.35000	40.00
3.36667	40.00
3.38333	40.00
3.40000	40.00
3.41667	40.00
3.43333	40.00
3.45000	40.00
3.46667	40.00
3.48333	40.00
3.50000	40.00
3.51667	40.00
3.53333	40.00
3.55000	40.00
3.56667	40.00
3.58333	40.00
3.60000	40.00
3.61667	40.00
3.63333	40.00
3.65000	40.00
3.66667	40.00
3.68333	40.00
3.70000	40.00
3.71667	40.00
3.73333	40.00
3.75000	40.00
3.76667	40.00
3.78333	40.00
3.80000	40.00
3.81667	40.00
3.83333	40.00
3.85000	40.00
3.86667	40.00
3.88333	40.00
3.90000	40.00
3.91667	40.00
3.93333	40.00
3.95000	40.00
3.96667	40.00
3.98333	39.99
4.00000	39.99
4.01667	39.99
4.03333	39.99
4.05000	39.99
4.06667	39.99
4.08333	39.99
4.10000	39.99
4.11667	39.99
4.13333	39.99
4.15000	39.99
4.16667	39.99
4.18333	40.00
4.20000	40.00
4.21667	40.00
4.23333	40.00
4.25000	40.00
4.26667	40.00
4.28333	40.00
4.30000	40.00
4.31667	40.00
4.33333	40.00
4.35000	40.00
4.36667	40.00
4.38333	40.00
4.40000	40.00
4.41667	40.00
4.43333	40.00
4.45000	40.00
4.46667	40.00
4.48333	40.00
4.50000	40.00
4.51667	40.00
4.53333	40.00
4.55000	40.00
4.56667	40.00
4.58333	40.00
4.60000	40.00
4.61667	40.00
4.63333	40.00
4.65000	40.00
4.66667	40.00
4.68333	40.00
4.70000	40.00
4.71667	40.00
4.73333	40.00
4.75000	40.00
4.76667	40.00
4.78333	40.00
4.80000	40.00
4.81667	40.00
4.83333	40.00
4.85000	40.00
4.86667	40.00
4.88333	40.00
4.90000	40.00
4.91667	40.00
4.93333	40.00
4.95000	40.00
4.96667	40.00
4.98333	40.00
5.00000	40.00
5.01667	40.00
5.03333	39.99
5.05000	39.99
5.06667	39.99
5.08333	39.99
5.10000	39.99
5.11667	39.99
5.13333	39.99
5.15000	39.99
5.16667	39.99
5.18333	39.99
5.20000	39.99
5.21667	39.99
5.23333	39.99
5.25000	39.99
5.26667	39.99
5.28333	39.99
5.30000	39.99
5.31667	40.00
5.33333	40.00
5.35000	40.00
5.36667	40.00
5.38333	40.00
5.40000	40.00
5.41667	40.00
5.43333	40.00
5.45000	40.00
5.46667	40.00
5.48333	40.00
5.50000	40.00
5.51667	40.00
5.53333	40.00
5.55000	39.99
5.56667	39.99
5.58333	39.99
5.60000	39.99
5.61667	39.99
5.63333	39.99
5.65000	39.99
5.66667	39.99
5.68333	39.99
5.70000	39.99
5.71667	39.99
5.73333	39.99
5.75000	39.99
5.76667	39.99
5.78333	39.99
5.80000	39.99
5.81667	39.99
5.83333	39.99
5.85000	39.99
5.86667	39.99
5.88333	39.99
5.90000	39.99
5.91667	39.99
5.93333	40.00
5.95000	40.00
5.96667	40.00
5.98333	40.00
6.00000	40.00
6.01667	40.00
6.03333	40.00
6.05000	40.00
6.06667	40.00
6.08333	40.00
6.10000	40.00
6.11667	40.00
6.13333	40.00
6.15000	40.00
6.16667	40.00
6.18333	40.00
6.20000	40.00
6.21667	39.99
6.23333	40.00
6.25000	39.99
6.26667	39.99
6.28333	39.99
6.30000	39.99
6.31667	39.99
6.33333	39.99
6.35000	39.99
6.36667	39.99
6.38333	39.99
6.40000	39.99
6.41667	39.99
6.43333	39.99
6.45000	39.99
6.46667	39.99
6.48333	39.99
6.50000	39.99
6.51667	39.99
6.53333	39.99
6.55000	39.99
6.56667	39.99
6.58333	39.99
6.60000	39.99
6.61667	39.99
6.63333	39.99
6.65000	39.99
6.66667	39.99
6.68333	39.99
6.70000	39.99
6.71667	39.99
6.73333	39.99
6.75000	40.00
6.76667	40.00
6.78333	40.00
6.80000	40.00
6.81667	40.00
6.83333	40.00
6.85000	40.00
6.86667	40.00
6.88333	40.00
6.90000	40.00
6.91667	40.00
6.93333	40.00
6.95000	40.00
6.96667	40.00
6.98333	40.00
7.00000	39.99
7.01667	39.99
7.03333	39.99
7.05000	39.99
7.06667	39.99
7.08333	39.99
7.10000	39.99
7.11667	39.99
7.13333	39.99
7.15000	39.99
7.16667	39.99
7.18333	39.99
7.20000	39.99
7.21667	39.99
7.23333	39.99
7.25000	39.99
7.26667	39.99
7.28333	39.99
7.30000	39.99
7.31667	39.99
7.33333	39.99
7.35000	39.99
7.36667	39.99
7.38333	39.99
7.40000	39.99
7.41667	39.99
7.43333	39.99
7.45000	39.99
7.46667	39.99
7.48333	39.99
7.50000	40.00
7.51667	40.00
7.53333	40.00
7.55000	40.00
7.56667	40.00
7.58333	40.00
7.60000	40.00
7.61667	40.00
7.63333	40.00
7.65000	40.00
7.66667	40.00
7.68333	40.00
7.70000	40.00
7.71667	40.00
7.73333	40.00
7.75000	39.99
7.76667	39.99
7.78333	39.99
7.80000	39.99
7.81667	39.99
7.83333	39.99
7.85000	39.99
7.86667	39.99
7.88333	39.99
7.90000	39.99
7.91667	39.99
7.93333	39.99
7.95000	39.99
7.96667	39.99
7.98333	39.99
8.00000	39.99
8.01667	39.99
8.03333	39.99
8.05000	39.99
8.06667	39.99
8.08333	39.99
8.10000	39.99
8.11667	39.99
8.13333	39.99
8.15000	39.99
8.16667	39.99
8.18333	39.99
8.20000	39.99
8.21667	39.99
8.23333	39.99
8.25000	40.00
8.26667	40.00
8.28333	40.00
8.30000	40.00
8.31667	40.00
8.33333	40.00
8.35000	40.00
8.36667	40.00
8.38333	40.00
8.40000	39.99
8.41667	40.00
8.43333	39.99
8.45000	39.99
8.46667	39.99
8.48333	39.99
8.50000	39.99
8.51667	39.99
8.53333	39.99
8.55000	39.99
8.56667	39.99
8.58333	39.99
8.60000	39.99
8.61667	39.99
8.63333	39.99
8.65000	39.99
8.66667	39.99
8.68333	39.99
8.70000	39.99
8.71667	39.99
8.73333	39.99
8.75000	40.00
8.76667	40.00
8.78333	40.00
8.80000	40.00
8.81667	40.00
8.83333	40.00
8.85000	40.00
8.86667	40.00
8.88333	40.00
8.90000	40.00
8.91667	39.99
8.93333	39.99
8.95000	39.99
8.96667	39.99
8.98333	39.99
9.00000	39.99
9.01667	39.99
9.03333	39.99
9.05000	39.99
9.06667	39.99
9.08333	39.99
9.10000	39.99
9.11667	39.99
9.13333	39.99
9.15000	39.99
9.16667	39.99
9.18333	39.99
9.20000	39.99
9.21667	39.99
9.23333	39.99
9.25000	39.99
9.26667	39.99
9.28333	39.99
9.30000	39.99
9.31667	39.99
9.33333	39.99
9.35000	39.99
9.36667	39.99
9.38333	39.99
9.40000	39.99
9.41667	39.99
9.43333	39.99
9.45000	39.99
9.46667	39.99
9.48333	39.99
9.50000	39.99
9.51667	39.99
9.53333	39.99
9.55000	39.99
9.56667	39.99
9.58333	39.99
9.60000	40.00
9.61667	40.00
9.63333	40.00
9.65000	40.00
9.66667	40.00
9.68333	40.00
9.70000	40.00
9.71667	40.00
9.73333	40.00
9.75000	40.00
9.76667	40.00
9.78333	40.00
9.80000	40.00
9.81667	40.00
9.83333	39.99
9.85000	39.99
9.86667	39.99
9.88333	39.99
9.90000	39.99
9.91667	39.99
9.93333	39.99
9.95000	39.99
9.96667	39.99
9.98333	39.99
10.00000	39.99
10.01667	39.99
10.03333	39.99
10.05000	39.99
10.06667	39.99
10.08333	39.99
10.10000	39.99
10.11667	39.99
10.13333	39.99
10.15000	39.99
10.16667	39.99
10.18333	39.99
10.20000	39.99
10.21667	39.99
10.23333	39.99
10.25000	39.99
10.26667	39.99
10.28333	39.99
10.30000	39.99
10.31667	39.99
10.33333	39.99
10.35000	39.99
10.36667	40.00
10.38333	39.99
10.40000	40.00
10.41667	40.00
10.43333	40.00
10.45000	40.00
10.46667	40.00
10.48333	40.00
10.50000	40.00
10.51667	40.00
10.53333	40.00
10.55000	40.00
10.56667	40.00
10.58333	39.99
10.60000	39.99
10.61667	39.99
10.63333	39.99
10.65000	39.99
10.66667	39.99
10.68333	39.99
10.70000	39.99
10.71667	39.99
10.73333	39.99
10.75000	39.99
10.76667	39.99
10.78333	39.99
10.80000	39.99
10.81667	39.99
10.83333	39.99
10.85000	39.99
10.86667	39.99
10.88333	39.99
10.90000	39.99
10.91667	39.99
10.93333	39.99
10.95000	39.99
10.96667	39.99
10.98333	39.99
11.00000	39.99
11.01667	39.99
11.03333	39.99
11.05000	39.99
11.06667	39.99
11.08333	39.99
11.10000	39.99
11.11667	39.99
11.13333	39.99
11.15000	39.99
11.16667	39.99
11.18333	40.00
11.20000	40.00
11.21667	40.00
11.23333	40.00
11.25000	40.00
11.26667	40.00
11.28333	40.00
11.30000	40.00
11.31667	40.00
11.33333	40.00
11.35000	40.00
11.36667	39.99
11.38333	39.99
11.40000	39.99
11.41667	39.99
11.43333	39.99
11.45000	39.99
11.46667	39.99
11.48333	39.99
11.50000	39.99
11.51667	39.99
11.53333	39.99
11.55000	39.99
11.56667	39.99
11.58333	39.99
11.60000	39.99
11.61667	39.99
11.63333	39.99
11.65000	39.99
11.66667	39.99
11.68333	39.99
11.70000	39.99
11.71667	39.99
11.73333	39.99
11.75000	39.99
11.76667	39.99
11.78333	39.99
11.80000	39.99
11.81667	39.99
11.83333	39.99
11.85000	39.99
11.86667	39.99
11.88333	39.99
11.90000	39.99
11.91667	39.99
11.93333	39.99
11.95000	39.99
11.96667	40.00
11.98333	39.99
12.00000	40.00
12.01667	40.00
12.03333	40.00
12.05000	40.00
12.06667	40.00
12.08333	40.00
12.10000	40.00
12.11667	40.00
12.13333	40.00
12.15000	40.00
12.16667	39.99
12.18333	39.99
12.20000	39.99
12.21667	39.99
12.23333	39.99
12.25000	39.99
12.26667	39.99
12.28333	39.99
12.30000	39.99
12.31667	39.99
12.33333	39.99
12.35000	39.99
12.36667	39.99
12.38333	39.99
12.40000	39.99
12.41667	39.99
12.43333	39.99
12.45000	39.99
12.46667	39.99
12.48333	39.99
12.50000	39.99
12.51667	39.99
12.53333	39.99
12.55000	39.99
12.56667	39.99
12.58333	39.99
12.60000	39.99
12.61667	40.00
12.63333	40.00
12.65000	40.00
12.66667	40.00
12.68333	40.00
12.70000	40.00
12.71667	40.00
12.73333	40.00
12.75000	40.00
12.76667	40.00
12.78333	40.00
12.80000	40.00
12.81667	40.00
12.83333	40.00
12.85000	40.00
12.86667	40.00
12.88333	40.00
12.90000	40.00
12.91667	39.99
12.93333	39.99
12.95000	39.99
12.96667	39.99
12.98333	39.99
13.00000	39.99
13.01667	39.99
13.03333	39.99
13.05000	39.99
13.06667	39.99
13.08333	39.99
13.10000	39.99
13.11667	39.99
13.13333	39.99
13.15000	39.99
13.16667	39.99
13.18333	39.99
13.20000	39.99
13.21667	39.99
13.23333	39.99
13.25000	39.99
13.26667	39.99
13.28333	39.99
13.30000	39.99
13.31667	40.00
13.33333	40.00
13.35000	40.00
13.36667	40.00
13.38333	40.00
13.40000	40.00
13.41667	40.00
13.43333	40.00
13.45000	40.00
13.46667	40.00
13.48333	40.00
13.50000	40.00
13.51667	40.00
13.53333	40.00
13.55000	40.00
13.56667	40.00
13.58333	40.00
13.60000	40.00
13.61667	40.00
13.63333	40.00
13.65000	40.00
13.66667	40.00
13.68333	40.00
13.70000	40.00
13.71667	40.00
13.73333	40.00
13.75000	40.00
13.76667	40.00
13.78333	39.99
13.80000	39.99
13.81667	39.99
13.83333	39.99
13.85000	39.99
13.86667	39.99
13.88333	39.99
13.90000	39.99
13.91667	39.99
13.93333	39.99
13.95000	39.99
13.96667	39.99
13.98333	39.99
14.00000	39.99
14.01667	39.99
14.03333	39.99
14.05000	39.99
14.06667	40.00
14.08333	40.00
14.10000	40.00
14.11667	40.00
14.13333	40.00
14.15000	40.00
14.16667	40.00
14.18333	40.00
14.20000	40.00
14.21667	40.00
14.23333	40.00
14.25000	40.00
14.26667	40.00
14.28333	40.00
14.30000	40.00
14.31667	40.00
14.33333	40.00
14.35000	40.00
14.36667	40.00
14.38333	40.00
14.40000	40.00
14.41667	40.00
14.43333	40.00
14.45000	39.99
14.46667	39.99
14.48333	39.99
14.50000	39.99
14.51667	39.99
14.53333	39.99
14.55000	39.99
14.56667	39.99
14.58333	39.99
14.60000	39.99
14.61667	39.99
14.63333	39.99
14.65000	39.99
14.66667	39.99
14.68333	39.99
14.70000	39.99
14.71667	40.00
14.73333	40.00
14.75000	40.00
14.76667	40.00
14.78333	40.00
14.80000	40.00
14.81667	40.00
14.83333	40.00
14.85000	40.01
14.86667	40.01
14.88333	40.01
14.90000	40.01
14.91667	40.01
14.93333	40.02
14.95000	40.02
14.96667	40.02
14.98333	40.02
15.00000	40.02

[LC Status Trace(UV A-Ch1 Reference Energy)]
Interval(msec)	1000
# of Points	901
Start Time(min)	0.000
End Time(min)	15.000
Intensity Units	mV
Intensity Multiplier	1
R.Time (min)	Intensity
0.00000	512.40
0.01667	512.40
0.03333	512.40
0.05000	512.40
0.06667	512.40
0.08333	512.40
0.10000	512.40
0.11667	512.40
0.13333	512.40
0.15000	512.40
0.16667	512.40
0.18333	512.40
0.20000	512.40
0.21667	512.40
0.23333	512.40
0.25000	512.40
0.26667	512.40
0.28333	512.40
0.30000	512.40
0.31667	512.40
0.33333	512.40
0.35000	512.40
0.36667	512.40
0.38333	512.40
0.40000	512.40
0.41667	512.40
0.43333	512.40
0.45000	512.40
0.46667	512.40
0.48333	512.40
0.50000	512.40
0.51667	512.40
0.53333	512.40
0.55000	512.40
0.56667	512.40
0.58333	512.40
0.60000	512.40
0.61667	512.40
0.63333	512.40
0.65000	512.40
0.66667	512.40
0.68333	512.40
0.70000	512.40
0.71667	512.40
0.73333	512.40
0.75000	512.40
0.76667	512.40
0.78333	512.40
0.80000	512.40
0.81667	512.40
0.83333	512.40
0.85000	512.40
0.86667	512.40
0.88333	512.40
0.90000	512.40
0.91667	512.40
0.93333	512.40
0.95000	512.40
0.96667	512.40
0.98333	512.40
1.00000	512.40
1.01667	512.40
1.03333	512.40
1.05000	512.40
1.06667	512.40
1.08333	512.40
1.10000	512.40
1.11667	512.40
1.13333	512.40
1.15000	512.40
1.16667	512.40
1.18333	512.40
1.20000	512.40
1.21667	512.40
1.23333	512.40
1.25000	512.40
1.26667	512.40
1.28333	512.40
1.30000	512.40
1.31667	512.40
1.33333	512.40
1.35000	512.40
1.36667	512.40
1.38333	512.40
1.40000	512.40
1.41667	512.40
1.43333	512.40
1.45000	512.40
1.46667	512.40
1.48333	512.40
1.50000	512.40
1.51667	512.40
1.53333	512.40
1.55000	512.40
1.56667	512.40
1.58333	512.40
1.60000	512.40
1.61667	512.40
1.63333	512.40
1.65000	512.40
1.66667	512.40
1.68333	512.40
1.70000	512.40
1.71667	512.40
1.73333	512.40
1.75000	512.40
1.76667	512.40
1.78333	512.40
1.80000	512.40
1.81667	512.40
1.83333	512.40
1.85000	512.40
1.86667	512.40
1.88333	512.40
1.90000	512.40
1.91667	512.40
1.93333	512.40
1.95000	512.40
1.96667	512.40
1.98333	512.40
2.00000	512.40
2.01667	512.40
2.03333	512.40
2.05000	512.40
2.06667	512.40
2.08333	512.40
2.10000	512.40
2.11667	512.40
2.13333	512.40
2.15000	512.40
2.16667	512.40
2.18333	512.40
2.20000	512.40
2.21667	512.40
2.23333	512.40
2.25000	512.40
2.26667	512.40
2.28333	512.40
2.30000	512.40
2.31667	512.40
2.33333	512.40
2.35000	512.40
2.36667	512.40
2.38333	512.40
2.40000	512.40
2.41667	512.40
2.43333	512.40
2.45000	512.40
2.46667	512.40
2.48333	512.40
2.50000	512.40
2.51667	512.40
2.53333	512.40
2.55000	512.40
2.56667	512.40
2.58333	512.40
2.60000	512.40
2.61667	512.40
2.63333	512.40
2.65000	512.40
2.66667	512.40
2.68333	512.40
2.70000	512.40
2.71667	512.40
2.73333	512.40
2.75000	512.40
2.76667	512.40
2.78333	512.40
2.80000	512.40
2.81667	512.40
2.83333	512.40
2.85000	512.40
2.86667	512.40
2.88333	512.40
2.90000	512.40
2.91667	512.40
2.93333	512.40
2.95000	512.40
2.96667	512.40
2.98333	512.40
3.00000	512.40
3.01667	512.40
3.03333	512.40
3.05000	512.40
3.06667	512.40
3.08333	512.40
3.10000	512.40
3.11667	512.40
3.13333	512.40
3.15000	512.40
3.16667	512.40
3.18333	512.40
3.20000	512.40
3.21667	512.40
3.23333	512.40
3.25000	512.40
3.26667	512.40
3.28333	512.40
3.30000	512.40
3.31667	512.40
3.33333	512.40
3.35000	512.40
3.36667	512.40
3.38333	512.40
3.40000	512.40
3.41667	512.40
3.43333	512.40
3.45000	512.40
3.46667	512.40
3.48333	512.40
3.50000	512.40
3.51667	512.40
3.53333	512.40
3.55000	512.40
3.56667	512.40
3.58333	512.40
3.60000	512.40
3.61667	512.40
3.63333	512.40
3.65000	512.40
3.66667	512.40
3.68333	512.40
3.70000	512.40
3.71667	512.40
3.73333	512.40
3.75000	512.40
3.76667	512.40
3.78333	512.40
3.80000	512.40
3.81667	512.40
3.83333	512.40
3.85000	512.40
3.86667	512.40
3.88333	512.40
3.90000	512.40
3.91667	512.40
3.93333	512.40
3.95000	512.40
3.96667	512.40
3.98333	512.40
4.00000	512.40
4.01667	512.40
4.03333	512.40
4.05000	512.40
4.06667	512.40
4.08333	512.40
4.10000	512.40
4.11667	512.40
4.13333	512.40
4.15000	512.40
4.16667	512.40
4.18333	512.40
4.20000	512.40
4.21667	512.40
4.23333	512.40
4.25000	512.40
4.26667	512.40
4.28333	512.40
4.30000	512.40
4.31667	512.40
4.33333	512.40
4.35000	512.40
4.36667	512.40
4.38333	512.40
4.40000	512.40
4.41667	512.40
4.43333	512.40
4.45000	512.40
4.46667	512.40
4.48333	512.40
4.50000	512.40
4.51667	512.40
4.53333	512.40
4.55000	512.40
4.56667	512.40
4.58333	512.40
4.60000	512.40
4.61667	512.40
4.63333	512.40
4.65000	512.40
4.66667	512.40
4.68333	512.40
4.70000	512.40
4.71667	512.40
4.73333	512.40
4.75000	512.40
4.76667	512.40
4.78333	512.40
4.80000	512.40
4.81667	512.40
4.83333	512.40
4.85000	512.40
4.86667	512.40
4.88333	512.40
4.90000	512.40
4.91667	512.40
4.93333	512.40
4.95000	512.40
4.96667	512.40
4.98333	512.40
5.00000	512.40
5.01667	512.40
5.03333	512.40
5.05000	512.40
5.06667	512.40
5.08333	512.40
5.10000	512.40
5.11667	512.40
5.13333	512.40
5.15000	512.40
5.16667	512.40
5.18333	512.40
5.20000	512.40
5.21667	512.40
5.23333	512.40
5.25000	512.40
5.26667	512.40
5.28333	512.40
5.30000	512.40
5.31667	512.40
5.33333	512.40
5.35000	512.40
5.36667	512.40
5.38333	512.40
5.40000	512.40
5.41667	512.40
5.43333	512.40
5.45000	512.40
5.46667	512.40
5.48333	512.40
5.50000	512.40
5.51667	512.40
5.53333	512.40
5.55000	512.40
5.56667	512.40
5.58333	512.40
5.60000	512.40
5.61667	512.40
5.63333	512.40
5.65000	512.40
5.66667	512.40
5.68333	512.40
5.70000	512.40
5.71667	512.40
5.73333	512.40
5.75000	512.40
5.76667	512.40
5.78333	512.40
5.80000	512.40
5.81667	512.40
5.83333	512.40
5.85000	512.40
5.86667	512.40
5.88333	512.40
5.90000	512.40
5.91667	512.40
5.93333	512.40
5.95000	512.40
5.96667	512.40
5.98333	512.40
6.00000	512.40
6.01667	512.40
6.03333	512.40
6.05000	512.40
6.06667	512.40
6.08333	512.40
6.10000	512.40
6.11667	512.40
6.13333	512.40
6.15000	512.40
6.16667	512.40
6.18333	512.40
6.20000	512.40
6.21667	512.40
6.23333	512.40
6.25000	512.40
6.26667	512.40
6.28333	512.40
6.30000	512.40
6.31667	512.40
6.33333	512.40
6.35000	512.40
6.36667	512.40
6.38333	512.40
6.40000	512.40
6.41667	512.40
6.43333	512.40
6.45000	512.40
6.46667	512.40
6.48333	512.40
6.50000	512.40
6.51667	512.40
6.53333	512.40
6.55000	512.40
6.56667	512.40
6.58333	512.40
6.60000	512.40
6.61667	512.40
6.63333	512.40
6.65000	512.40
6.66667	512.40
6.68333	512.40
6.70000	512.40
6.71667	512.40
6.73333	512.40
6.75000	512.40
6.76667	512.40
6.78333	512.40
6.80000	512.40
6.81667	512.40
6.83333	512.40
6.85000	512.40
6.86667	512.40
6.88333	512.40
6.90000	512.40
6.91667	512.40
6.93333	512.40
6.95000	512.40
6.96667	512.40
6.98333	512.40
7.00000	512.40
7.01667	512.40
7.03333	512.40
7.05000	512.40
7.06667	512.40
7.08333	512.40
7.10000	512.40
7.11667	512.40
7.13333	512.40
7.15000	512.40
7.16667	512.40
7.18333	512.40
7.20000	512.40
7.21667	512.40
7.23333	512.40
7.25000	512.40
7.26667	512.40
7.28333	512.40
7.30000	512.40
7.31667	512.40
7.33333	512.40
7.35000	512.40
7.36667	512.40
7.38333	512.40
7.40000	512.40
7.41667	512.40
7.43333	512.40
7.45000	512.40
7.46667	512.40
7.48333	512.40
7.50000	512.40
7.51667	512.40
7.53333	512.40
7.55000	512.40
7.56667	512.40
7.58333	512.40
7.60000	512.40
7.61667	512.40
7.63333	512.40
7.65000	512.40
7.66667	512.40
7.68333	512.40
7.70000	512.40
7.71667	512.40
7.73333	512.40
7.75000	512.40
7.76667	512.40
7.78333	512.40
7.80000	512.40
7.81667	512.40
7.83333	512.40
7.85000	512.40
7.86667	512.40
7.88333	512.40
7.90000	512.40
7.91667	512.40
7.93333	512.40
7.95000	512.40
7.96667	512.40
7.98333	512.40
8.00000	512.40
8.01667	512.40
8.03333	512.40
8.05000	512.40
8.06667	512.40
8.08333	512.40
8.10000	512.40
8.11667	512.40
8.13333	512.40
8.15000	512.40
8.16667	512.40
8.18333	512.40
8.20000	512.40
8.21667	512.40
8.23333	512.40
8.25000	512.40
8.26667	512.40
8.28333	512.40
8.30000	512.40
8.31667	512.40
8.33333	512.40
8.35000	512.40
8.36667	512.40
8.38333	512.40
8.40000	512.40
8.41667	512.40
8.43333	512.40
8.45000	512.40
8.46667	512.40
8.48333	512.40
8.50000	512.40
8.51667	512.40
8.53333	512.40
8.55000	512.40
8.56667	512.40
8.58333	512.40
8.60000	512.40
8.61667	512.40
8.63333	512.40
8.65000	512.40
8.66667	512.40
8.68333	512.40
8.70000	512.40
8.71667	512.40
8.73333	512.40
8.75000	512.40
8.76667	512.40
8.78333	512.40
8.80000	512.40
8.81667	512.40
8.83333	512.40
8.85000	512.40
8.86667	512.40
8.88333	512.40
8.90000	512.40
8.91667	512.40
8.93333	512.40
8.95000	512.40
8.96667	512.40
8.98333	512.40
9.00000	512.40
9.01667	512.40
9.03333	512.40
9.05000	512.40
9.06667	512.40
9.08333	512.40
9.10000	512.40
9.11667	512.40
9.13333	512.40
9.15000	512.40
9.16667	512.40
9.18333	512.40
9.20000	512.40
9.21667	512.40
9.23333	512.40
9.25000	512.40
9.26667	512.40
9.28333	512.40
9.30000	512.40
9.31667	512.40
9.33333	512.40
9.35000	512.40
9.36667	512.40
9.38333	512.40
9.40000	512.40
9.41667	512.40
9.43333	512.40
9.45000	512.40
9.46667	512.40
9.48333	512.40
9.50000	512.40
9.51667	512.40
9.53333	512.40
9.55000	512.40
9.56667	512.40
9.58333	512.40
9.60000	512.40
9.61667	512.40
9.63333	512.40
9.65000	512.40
9.66667	512.40
9.68333	512.40
9.70000	512.40
9.71667	512.40
9.73333	512.40
9.75000	512.40
9.76667	512.40
9.78333	512.40
9.80000	512.40
9.81667	512.40
9.83333	512.40
9.85000	512.40
9.86667	512.40
9.88333	512.40
9.90000	512.40
9.91667	512.40
9.93333	512.40
9.95000	512.40
9.96667	512.40
9.98333	512.40
10.00000	512.40
10.01667	512.40
10.03333	512.40
10.05000	512.40
10.06667	512.40
10.08333	512.40
10.10000	512.40
10.11667	512.40
10.13333	512.40
10.15000	512.40
10.16667	512.40
10.18333	512.40
10.20000	512.40
10.21667	512.40
10.23333	512.40
10.25000	512.40
10.26667	512.40
10.28333	512.40
10.30000	512.40
10.31667	512.40
10.33333	512.40
10.35000	512.40
10.36667	512.40
10.38333	512.40
10.40000	512.40
10.41667	512.40
10.43333	512.40
10.45000	512.40
10.46667	512.40
10.48333	512.40
10.50000	512.40
10.51667	512.40
10.53333	512.40
10.55000	512.40
10.56667	512.40
10.58333	512.40
10.60000	512.40
10.61667	512.40
10.63333	512.40
10.65000	512.40
10.66667	512.40
10.68333	512.40
10.70000	512.40
10.71667	512.40
10.73333	512.40
10.75000	512.40
10.76667	512.40
10.78333	512.40
10.80000	512.40
10.81667	512.40
10.83333	512.40
10.85000	512.40
10.86667	512.40
10.88333	512.40
10.90000	512.40
10.91667	512.40
10.93333	512.40
10.95000	512.40
10.96667	512.40
10.98333	512.40
11.00000	512.40
11.01667	512.40
11.03333	512.40
11.05000	512.40
11.06667	512.40
11.08333	512.40
11.10000	512.40
11.11667	512.40
11.13333	512.40
11.15000	512.40
11.16667	512.40
11.18333	512.40
11.20000	512.40
11.21667	512.40
11.23333	512.40
11.25000	512.40
11.26667	512.40
11.28333	512.40
11.30000	512.40
11.31667	512.40
11.33333	512.40
11.35000	512.40
11.36667	512.40
11.38333	512.40
11.40000	512.40
11.41667	512.40
11.43333	512.40
11.45000	512.40
11.46667	512.40
11.48333	512.40
11.50000	512.40
11.51667	512.40
11.53333	512.40
11.55000	512.40
11.56667	512.40
11.58333	512.40
11.60000	512.40
11.61667	512.40
11.63333	512.40
11.65000	512.40
11.66667	512.40
11.68333	512.40
11.70000	512.40
11.71667	512.40
11.73333	512.40
11.75000	512.40
11.76667	512.40
11.78333	512.40
11.80000	512.40
11.81667	512.40
11.83333	512.40
11.85000	512.40
11.86667	512.40
11.88333	512.40
11.90000	512.40
11.91667	512.40
11.93333	512.40
11.95000	512.40
11.96667	512.40
11.98333	512.40
12.00000	512.40
12.01667	512.40
12.03333	512.40
12.05000	512.40
12.06667	512.40
12.08333	512.40
12.10000	512.40
12.11667	512.40
12.13333	512.40
12.15000	512.40
12.16667	512.40
12.18333	512.40
12.20000	512.40
12.21667	512.40
12.23333	512.40
12.25000	512.40
12.26667	512.40
12.28333	512.40
12.30000	512.40
12.31667	512.40
12.33333	512.40
12.35000	512.40
12.36667	512.40
12.38333	512.40
12.40000	512.40
12.41667	512.40
12.43333	512.40
12.45000	512.40
12.46667	512.40
12.48333	512.40
12.50000	512.40
12.51667	512.40
12.53333	512.40
12.55000	512.40
12.56667	512.40
12.58333	512.40
12.60000	512.40
12.61667	512.40
12.63333	512.40
12.65000	512.40
12.66667	512.40
12.68333	512.40
12.70000	512.40
12.71667	512.40
12.73333	512.40
12.75000	512.40
12.76667	512.40
12.78333	512.40
12.80000	512.40
12.81667	512.40
12.83333	512.40
12.85000	512.40
12.86667	512.40
12.88333	512.40
12.90000	512.40
12.91667	512.40
12.93333	512.40
12.95000	512.40
12.96667	512.40
12.98333	512.40
13.00000	512.40
13.01667	512.40
13.03333	512.40
13.05000	512.40
13.06667	512.40
13.08333	512.40
13.10000	512.40
13.11667	512.40
13.13333	512.40
13.15000	512.40
13.16667	512.40
13.18333	512.40
13.20000	512.40
13.21667	512.40
13.23333	512.40
13.25000	512.40
13.26667	512.40
13.28333	512.40
13.30000	512.40
13.31667	512.40
13.33333	512.40
13.35000	512.40
13.36667	512.40
13.38333	512.40
13.40000	512.40
13.41667	512.40
13.43333	512.40
13.45000	512.40
13.46667	512.40
13.48333	512.40
13.50000	512.40
13.51667	512.40
13.53333	512.40
13.55000	512.40
13.56667	512.40
13.58333	512.40
13.60000	512.40
13.61667	512.40
13.63333	512.40
13.65000	512.40
13.66667	512.40
13.68333	512.40
13.70000	512.40
13.71667	512.40
13.73333	512.40
13.75000	512.40
13.76667	512.40
13.78333	512.40
13.80000	512.40
13.81667	512.40
13.83333	512.40
13.85000	512.40
13.86667	512.40
13.88333	512.40
13.90000	512.40
13.91667	512.40
13.93333	512.40
13.95000	512.40
13.96667	512.40
13.98333	512.40
14.00000	512.40
14.01667	512.40
14.03333	512.40
14.05000	512.40
14.06667	512.40
14.08333	512.40
14.10000	512.40
14.11667	512.40
14.13333	512.40
14.15000	512.40
14.16667	512.40
14.18333	512.40
14.20000	512.40
14.21667	512.40
14.23333	512.40
14.25000	512.40
14.26667	512.40
14.28333	512.40
14.30000	512.40
14.31667	512.40
14.33333	512.40
14.35000	512.40
14.36667	512.40
14.38333	512.40
14.40000	512.40
14.41667	512.40
14.43333	512.40
14.45000	512.40
14.46667	512.40
14.48333	512.40
14.50000	512.40
14.51667	512.40
14.53333	512.40
14.55000	512.40
14.56667	512.40
14.58333	512.40
14.60000	512.40
14.61667	512.40
14.63333	512.40
14.65000	512.40
14.66667	512.40
14.68333	512.40
14.70000	512.40
14.71667	512.40
14.73333	512.40
14.75000	512.40
14.76667	512.40
14.78333	512.40
14.80000	512.40
14.81667	512.40
14.83333	512.40
14.85000	512.40
14.86667	512.40
14.88333	512.40
14.90000	512.40
14.91667	512.40
14.93333	512.40
14.95000	512.40
14.96667	512.40
14.98333	512.40
15.00000	512.40

[LC Status Trace(UV A-Ch2 Reference Energy)]
Interval(msec)	1000
# of Points	901
Start Time(min)	0.000
End Time(min)	15.000
Intensity Units	mV
Intensity Multiplier	1
R.Time (min)	Intensity
0.00000	223.80
0.01667	223.80
0.03333	223.80
0.05000	223.80
0.06667	223.80
0.08333	223.80
0.10000	223.80
0.11667	223.80
0.13333	223.80
0.15000	223.80
0.16667	223.80
0.18333	223.80
0.20000	223.80
0.21667	223.80
0.23333	223.80
0.25000	223.80
0.26667	223.80
0.28333	223.80
0.30000	223.90
0.31667	223.80
0.33333	223.80
0.35000	223.80
0.36667	223.80
0.38333	223.80
0.40000	223.80
0.41667	223.80
0.43333	223.80
0.45000	223.80
0.46667	223.80
0.48333	223.80
0.50000	223.80
0.51667	223.80
0.53333	223.80
0.55000	223.80
0.56667	223.80
0.58333	223.80
0.60000	223.80
0.61667	223.80
0.63333	223.80
0.65000	223.80
0.66667	223.80
0.68333	223.80
0.70000	223.80
0.71667	223.80
0.73333	223.80
0.75000	223.80
0.76667	223.80
0.78333	223.80
0.80000	223.80
0.81667	223.80
0.83333	223.80
0.85000	223.80
0.86667	223.80
0.88333	223.80
0.90000	223.80
0.91667	223.80
0.93333	223.80
0.95000	223.80
0.96667	223.80
0.98333	223.80
1.00000	223.80
1.01667	223.80
1.03333	223.80
1.05000	223.80
1.06667	223.80
1.08333	223.80
1.10000	223.80
1.11667	223.80
1.13333	223.80
1.15000	223.80
1.16667	223.80
1.18333	223.80
1.20000	223.80
1.21667	223.80
1.23333	223.80
1.25000	223.80
1.26667	223.80
1.28333	223.80
1.30000	223.80
1.31667	223.80
1.33333	223.80
1.35000	223.80
1.36667	223.80
1.38333	223.80
1.40000	223.80
1.41667	223.80
1.43333	223.80
1.45000	223.80
1.46667	223.80
1.48333	223.80
1.50000	223.80
1.51667	223.80
1.53333	223.80
1.55000	223.80
1.56667	223.80
1.58333	223.80
1.60000	223.80
1.61667	223.80
1.63333	223.80
1.65000	223.80
1.66667	223.80
1.68333	223.80
1.70000	223.80
1.71667	223.80
1.73333	223.80
1.75000	223.80
1.76667	223.80
1.78333	223.80
1.80000	223.80
1.81667	223.80
1.83333	223.80
1.85000	223.80
1.86667	223.80
1.88333	223.80
1.90000	223.80
1.91667	223.80
1.93333	223.80
1.95000	223.80
1.96667	223.80
1.98333	223.80
2.00000	223.80
2.01667	223.80
2.03333	223.80
2.05000	223.80
2.06667	223.80
2.08333	223.80
2.10000	223.80
2.11667	223.80
2.13333	223.80
2.15000	223.80
2.16667	223.80
2.18333	223.80
2.20000	223.80
2.21667	223.80
2.23333	223.80
2.25000	223.80
2.26667	223.80
2.28333	223.80
2.30000	223.80
2.31667	223.80
2.33333	223.80
2.35000	223.80
2.36667	223.80
2.38333	223.80
2.40000	223.80
2.41667	223.80
2.43333	223.80
2.45000	223.80
2.46667	223.80
2.48333	223.80
2.50000	223.80
2.51667	223.80
2.53333	223.80
2.55000	223.80
2.56667	223.80
2.58333	223.80
2.60000	223.80
2.61667	223.80
2.63333	223.80
2.65000	223.80
2.66667	223.80
2.68333	223.80
2.70000	223.80
2.71667	223.80
2.73333	223.80
2.75000	223.80
2.76667	223.80
2.78333	223.80
2.80000	223.80
2.81667	223.80
2.83333	223.80
2.85000	223.80
2.86667	223.80
2.88333	223.80
2.90000	223.80
2.91667	223.80
2.93333	223.80
2.95000	223.80
2.96667	223.80
2.98333	223.80
3.00000	223.80
3.01667	223.80
3.03333	223.80
3.05000	223.80
3.06667	223.80
3.08333	223.80
3.10000	223.80
3.11667	223.80
3.13333	223.80
3.15000	223.80
3.16667	223.80
3.18333	223.80
3.20000	223.80
3.21667	223.80
3.23333	223.80
3.25000	223.80
3.26667	223.80
3.28333	223.80
3.30000	223.80
3.31667	223.80
3.33333	223.80
3.35000	223.80
3.36667	223.80
3.38333	223.80
3.40000	223.80
3.41667	223.80
3.43333	223.80
3.45000	223.80
3.46667	223.80
3.48333	223.80
3.50000	223.80
3.51667	223.80
3.53333	223.80
3.55000	223.80
3.56667	223.80
3.58333	223.80
3.60000	223.80
3.61667	223.80
3.63333	223.80
3.65000	223.80
3.66667	223.80
3.68333	223.80
3.70000	223.80
3.71667	223.80
3.73333	223.80
3.75000	223.80
3.76667	223.80
3.78333	223.80
3.80000	223.80
3.81667	223.80
3.83333	223.80
3.85000	223.80
3.86667	223.80
3.88333	223.80
3.90000	223.80
3.91667	223.80
3.93333	223.80
3.95000	223.80
3.96667	223.80
3.98333	223.80
4.00000	223.80
4.01667	223.80
4.03333	223.80
4.05000	223.80
4.06667	223.80
4.08333	223.80
4.10000	223.80
4.11667	223.80
4.13333	223.80
4.15000	223.80
4.16667	223.80
4.18333	223.80
4.20000	223.80
4.21667	223.80
4.23333	223.80
4.25000	223.80
4.26667	223.80
4.28333	223.80
4.30000	223.80
4.31667	223.80
4.33333	223.80
4.35000	223.80
4.36667	223.80
4.38333	223.80
4.40000	223.80
4.41667	223.80
4.43333	223.80
4.45000	223.80
4.46667	223.80
4.48333	223.80
4.50000	223.80
4.51667	223.80
4.53333	223.80
4.55000	223.80
4.56667	223.80
4.58333	223.80
4.60000	223.80
4.61667	223.80
4.63333	223.80
4.65000	223.80
4.66667	223.80
4.68333	223.80
4.70000	223.80
4.71667	223.80
4.73333	223.80
4.75000	223.80
4.76667	223.80
4.78333	223.80
4.80000	223.80
4.81667	223.80
4.83333	223.80
4.85000	223.80
4.86667	223.80
4.88333	223.80
4.90000	223.80
4.91667	223.80
4.93333	223.80
4.95000	223.80
4.96667	223.80
4.98333	223.80
5.00000	223.80
5.01667	223.80
5.03333	223.80
5.05000	223.80
5.06667	223.80
5.08333	223.80
5.10000	223.80
5.11667	223.80
5.13333	223.80
5.15000	223.80
5.16667	223.80
5.18333	223.80
5.20000	223.80
5.21667	223.80
5.23333	223.80
5.25000	223.80
5.26667	223.80
5.28333	223.80
5.30000	223.80
5.31667	223.80
5.33333	223.80
5.35000	223.80
5.36667	223.80
5.38333	223.80
5.40000	223.80
5.41667	223.80
5.43333	223.80
5.45000	223.80
5.46667	223.80
5.48333	223.80
5.50000	223.80
5.51667	223.80
5.53333	223.80
5.55000	223.80
5.56667	223.80
5.58333	223.80
5.60000	223.80
5.61667	223.80
5.63333	223.80
5.65000	223.80
5.66667	223.80
5.68333	223.80
5.70000	223.80
5.71667	223.80
5.73333	223.80
5.75000	223.80
5.76667	223.80
5.78333	223.80
5.80000	223.80
5.81667	223.80
5.83333	223.80
5.85000	223.80
5.86667	223.80
5.88333	223.80
5.90000	223.80
5.91667	223.80
5.93333	223.80
5.95000	223.80
5.96667	223.80
5.98333	223.80
6.00000	223.80
6.01667	223.80
6.03333	223.80
6.05000	223.80
6.06667	223.80
6.08333	223.80
6.10000	223.80
6.11667	223.80
6.13333	223.80
6.15000	223.80
6.16667	223.80
6.18333	223.80
6.20000	223.80
6.21667	223.80
6.23333	223.80
6.25000	223.80
6.26667	223.80
6.28333	223.80
6.30000	223.80
6.31667	223.80
6.33333	223.80
6.35000	223.80
6.36667	223.80
6.38333	223.80
6.40000	223.80
6.41667	223.80
6.43333	223.80
6.45000	223.80
6.46667	223.80
6.48333	223.80
6.50000	223.80
6.51667	223.80
6.53333	223.80
6.55000	223.80
6.56667	223.80
6.58333	223.80
6.60000	223.80
6.61667	223.80
6.63333	223.80
6.65000	223.80
6.66667	223.80
6.68333	223.80
6.70000	223.80
6.71667	223.80
6.73333	223.80
6.75000	223.80
6.76667	223.80
6.78333	223.80
6.80000	223.80
6.81667	223.80
6.83333	223.80
6.85000	223.80
6.86667	223.80
6.88333	223.80
6.90000	223.80
6.91667	223.80
6.93333	223.80
6.95000	223.80
6.96667	223.80
6.98333	223.80
7.00000	223.80
7.01667	223.80
7.03333	223.80
7.05000	223.80
7.06667	223.80
7.08333	223.80
7.10000	223.80
7.11667	223.80
7.13333	223.80
7.15000	223.80
7.16667	223.80
7.18333	223.80
7.20000	223.80
7.21667	223.80
7.23333	223.80
7.25000	223.80
7.26667	223.80
7.28333	223.80
7.30000	223.80
7.31667	223.80
7.33333	223.80
7.35000	223.80
7.36667	223.80
7.38333	223.80
7.40000	223.80
7.41667	223.80
7.43333	223.80
7.45000	223.80
7.46667	223.80
7.48333	223.80
7.50000	223.80
7.51667	223.80
7.53333	223.80
7.55000	223.80
7.56667	223.80
7.58333	223.80
7.60000	223.80
7.61667	223.80
7.63333	223.80
7.65000	223.80
7.66667	223.80
7.68333	223.80
7.70000	223.80
7.71667	223.80
7.73333	223.80
7.75000	223.80
7.76667	223.80
7.78333	223.80
7.80000	223.80
7.81667	223.80
7.83333	223.80
7.85000	223.80
7.86667	223.80
7.88333	223.80
7.90000	223.80
7.91667	223.80
7.93333	223.80
7.95000	223.80
7.96667	223.80
7.98333	223.80
8.00000	223.80
8.01667	223.80
8.03333	223.80
8.05000	223.80
8.06667	223.80
8.08333	223.80
8.10000	223.80
8.11667	223.80
8.13333	223.80
8.15000	223.80
8.16667	223.80
8.18333	223.80
8.20000	223.80
8.21667	223.80
8.23333	223.80
8.25000	223.80
8.26667	223.80
8.28333	223.80
8.30000	223.80
8.31667	223.80
8.33333	223.80
8.35000	223.80
8.36667	223.80
8.38333	223.80
8.40000	223.80
8.41667	223.80
8.43333	223.80
8.45000	223.80
8.46667	223.80
8.48333	223.80
8.50000	223.80
8.51667	223.80
8.53333	223.80
8.55000	223.80
8.56667	223.80
8.58333	223.80
8.60000	223.80
8.61667	223.80
8.63333	223.80
8.65000	223.80
8.66667	223.80
8.68333	223.80
8.70000	223.80
8.71667	223.80
8.73333	223.80
8.75000	223.80
8.76667	223.80
8.78333	223.80
8.80000	223.80
8.81667	223.80
8.83333	223.80
8.85000	223.80
8.86667	223.80
8.88333	223.80
8.90000	223.80
8.91667	223.80
8.93333	223.80
8.95000	223.80
8.96667	223.80
8.98333	223.80
9.00000	223.80
9.01667	223.80
9.03333	223.80
9.05000	223.80
9.06667	223.80
9.08333	223.80
9.10000	223.80
9.11667	223.80
9.13333	223.80
9.15000	223.80
9.16667	223.80
9.18333	223.80
9.20000	223.80
9.21667	223.80
9.23333	223.80
9.25000	223.80
9.26667	223.80
9.28333	223.80
9.30000	223.80
9.31667	223.80
9.33333	223.80
9.35000	223.80
9.36667	223.80
9.38333	223.80
9.40000	223.80
9.41667	223.80
9.43333	223.80
9.45000	223.80
9.46667	223.80
9.48333	223.80
9.50000	223.80
9.51667	223.80
9.53333	223.80
9.55000	223.80
9.56667	223.80
9.58333	223.80
9.60000	223.80
9.61667	223.80
9.63333	223.80
9.65000	223.80
9.66667	223.80
9.68333	223.80
9.70000	223.80
9.71667	223.80
9.73333	223.80
9.75000	223.80
9.76667	223.80
9.78333	223.80
9.80000	223.80
9.81667	223.80
9.83333	223.80
9.85000	223.80
9.86667	223.80
9.88333	223.80
9.90000	223.80
9.91667	223.80
9.93333	223.80
9.95000	223.80
9.96667	223.80
9.98333	223.80
10.00000	223.80
10.01667	223.80
10.03333	223.80
10.05000	223.80
10.06667	223.80
10.08333	223.80
10.10000	223.80
10.11667	223.80
10.13333	223.80
10.15000	223.80
10.16667	223.80
10.18333	223.80
10.20000	223.80
10.21667	223.80
10.23333	223.80
10.25000	223.80
10.26667	223.80
10.28333	223.80
10.30000	223.80
10.31667	223.80
10.33333	223.80
10.35000	223.80
10.36667	223.80
10.38333	223.80
10.40000	223.80
10.41667	223.80
10.43333	223.80
10.45000	223.80
10.46667	223.80
10.48333	223.80
10.50000	223.80
10.51667	223.80
10.53333	223.80
10.55000	223.80
10.56667	223.80
10.58333	223.80
10.60000	223.80
10.61667	223.80
10.63333	223.80
10.65000	223.80
10.66667	223.80
10.68333	223.80
10.70000	223.80
10.71667	223.80
10.73333	223.80
10.75000	223.80
10.76667	223.80
10.78333	223.80
10.80000	223.80
10.81667	223.80
10.83333	223.80
10.85000	223.80
10.86667	223.80
10.88333	223.80
10.90000	223.80
10.91667	223.80
10.93333	223.80
10.95000	223.80
10.96667	223.80
10.98333	223.80
11.00000	223.80
11.01667	223.80
11.03333	223.80
11.05000	223.80
11.06667	223.80
11.08333	223.80
11.10000	223.80
11.11667	223.80
11.13333	223.80
11.15000	223.80
11.16667	223.80
11.18333	223.80
11.20000	223.80
11.21667	223.80
11.23333	223.80
11.25000	223.80
11.26667	223.80
11.28333	223.80
11.30000	223.80
11.31667	223.80
11.33333	223.80
11.35000	223.80
11.36667	223.80
11.38333	223.80
11.40000	223.80
11.41667	223.80
11.43333	223.80
11.45000	223.80
11.46667	223.80
11.48333	223.80
11.50000	223.80
11.51667	223.80
11.53333	223.80
11.55000	223.80
11.56667	223.80
11.58333	223.80
11.60000	223.80
11.61667	223.80
11.63333	223.80
11.65000	223.80
11.66667	223.80
11.68333	223.80
11.70000	223.80
11.71667	223.80
11.73333	223.80
11.75000	223.80
11.76667	223.80
11.78333	223.80
11.80000	223.80
11.81667	223.80
11.83333	223.80
11.85000	223.80
11.86667	223.80
11.88333	223.80
11.90000	223.80
11.91667	223.80
11.93333	223.80
11.95000	223.80
11.96667	223.80
11.98333	223.80
12.00000	223.80
12.01667	223.80
12.03333	223.80
12.05000	223.80
12.06667	223.80
12.08333	223.80
12.10000	223.80
12.11667	223.80
12.13333	223.80
12.15000	223.80
12.16667	223.80
12.18333	223.80
12.20000	223.80
12.21667	223.80
12.23333	223.80
12.25000	223.80
12.26667	223.80
12.28333	223.80
12.30000	223.80
12.31667	223.80
12.33333	223.80
12.35000	223.80
12.36667	223.80
12.38333	223.80
12.40000	223.80
12.41667	223.80
12.43333	223.80
12.45000	223.80
12.46667	223.80
12.48333	223.80
12.50000	223.80
12.51667	223.80
12.53333	223.80
12.55000	223.80
12.56667	223.80
12.58333	223.80
12.60000	223.80
12.61667	223.80
12.63333	223.80
12.65000	223.80
12.66667	223.80
12.68333	223.80
12.70000	223.80
12.71667	223.80
12.73333	223.80
12.75000	223.80
12.76667	223.80
12.78333	223.80
12.80000	223.80
12.81667	223.80
12.83333	223.80
12.85000	223.80
12.86667	223.80
12.88333	223.80
12.90000	223.80
12.91667	223.80
12.93333	223.80
12.95000	223.80
12.96667	223.80
12.98333	223.80
13.00000	223.80
13.01667	223.80
13.03333	223.80
13.05000	223.80
13.06667	223.80
13.08333	223.80
13.10000	223.80
13.11667	223.80
13.13333	223.80
13.15000	223.80
13.16667	223.80
13.18333	223.80
13.20000	223.80
13.21667	223.80
13.23333	223.80
13.25000	223.80
13.26667	223.80
13.28333	223.80
13.30000	223.80
13.31667	223.80
13.33333	223.80
13.35000	223.80
13.36667	223.80
13.38333	223.80
13.40000	223.80
13.41667	223.80
13.43333	223.80
13.45000	223.80
13.46667	223.80
13.48333	223.80
13.50000	223.80
13.51667	223.80
13.53333	223.80
13.55000	223.80
13.56667	223.80
13.58333	223.80
13.60000	223.80
13.61667	223.80
13.63333	223.80
13.65000	223.80
13.66667	223.80
13.68333	223.80
13.70000	223.80
13.71667	223.80
13.73333	223.80
13.75000	223.80
13.76667	223.80
13.78333	223.80
13.80000	223.80
13.81667	223.80
13.83333	223.80
13.85000	223.80
13.86667	223.80
13.88333	223.80
13.90000	223.80
13.91667	223.80
13.93333	223.80
13.95000	223.80
13.96667	223.80
13.98333	223.80
14.00000	223.80
14.01667	223.80
14.03333	223.80
14.05000	223.80
14.06667	223.80
14.08333	223.80
14.10000	223.80
14.11667	223.80
14.13333	223.80
14.15000	223.80
14.16667	223.80
14.18333	223.80
14.20000	223.80
14.21667	223.80
14.23333	223.80
14.25000	223.80
14.26667	223.80
14.28333	223.80
14.30000	223.80
14.31667	223.80
14.33333	223.80
14.35000	223.80
14.36667	223.80
14.38333	223.80
14.40000	223.80
14.41667	223.80
14.43333	223.80
14.45000	223.80
14.46667	223.80
14.48333	223.80
14.50000	223.80
14.51667	223.80
14.53333	223.80
14.55000	223.80
14.56667	223.80
14.58333	223.80
14.60000	223.80
14.61667	223.80
14.63333	223.80
14.65000	223.80
14.66667	223.80
14.68333	223.80
14.70000	223.80
14.71667	223.80
14.73333	223.80
14.75000	223.80
14.76667	223.80
14.78333	223.80
14.80000	223.80
14.81667	223.80
14.83333	223.80
14.85000	223.80
14.86667	223.80
14.88333	223.80
14.90000	223.80
14.91667	223.80
14.93333	223.80
14.95000	223.80
14.96667	223.80
14.98333	223.80
15.00000	223.80

[Fraction Collection Report]
# of Fractions	0
