[Header]
Application Name	LabSolutions
Version	5.113
Data File Name	C:\LabSolutions\Data\Andreas\250414_tauJB6Solubility150mMNaClpH7p4_4142025_1808_7uMtau_700nMJB6_2h001_001_18.lcd
Output Date	5/26/2025
Output Time	4:41:43 PM

[File Information]
Type	Data File
Generated	4/15/2025 3:07:59 AM
Generated by	System Administrator
Modified	4/15/2025 6:33:27 PM
Modified by	System Administrator

[Sample Information]
Operator Name	System Administrator
Acquired	4/15/2025 3:08:39 AM
Sample Type	0:Unknown
Level	0
Sample Name	7uMtau_700nMJB6_2h001
Sample ID	001
ISTD Amount1	1
ISTD Amount2	1
ISTD Amount3	1
ISTD Amount4	1
ISTD Amount5	1
ISTD Amount6	1
ISTD Amount7	1
ISTD Amount8	1
ISTD Amount9	1
ISTD Amount10	1
ISTD Amount11	1
ISTD Amount12	1
ISTD Amount13	1
ISTD Amount14	1
ISTD Amount15	1
ISTD Amount16	1
ISTD Amount17	1
ISTD Amount18	1
ISTD Amount19	1
ISTD Amount20	1
ISTD Amount21	1
ISTD Amount22	1
ISTD Amount23	1
ISTD Amount24	1
ISTD Amount25	1
ISTD Amount26	1
ISTD Amount27	1
ISTD Amount28	1
ISTD Amount29	1
ISTD Amount30	1
ISTD Amount31	1
ISTD Amount32	1
Sample Amount	1
Dilution Factor	1
Vial#	D6
Injection Volume	40
Injection Count	0
Bar Code	

[Original Files]
Data File	C:\LabSolutions\Data\Andreas\250414_tauJB6Solubility150mMNaClpH7p4_4142025_1808_7uMtau_700nMJB6_2h001_001_18.lcd
Method File	C:\LabSolutions\Data\Andreas\BioShell_Tau-fragment_MS_QC+Quant.lcm
Batch File	C:\LabSolutions\Data\Andreas\250414_tauJB6Solubility150mMNaClpH7p4_4142025_1808.lcb
Report Format File	C:\LabSolutions\System\DEFAULT.lsr
Tuning File	C:\LabSolutions\Data\Max\Tuning 240115 no mz or resolution-max.lct

[File Description]


[Configuration]
Instrument Name	LCMSShimadzu
Instrument #	2
Line #	1
# of Detectors	2
Detector ID	Detector A	MS
Detector Name	Detector A	MS
# of Channels	2	1

[Peak Table(Detector A-Ch1)]
# of Peaks	13
Peak#	R.Time	I.Time	F.Time	Area	Height	A/H	Conc.	Mark	ID#	Name	k'	Plate #	Plate Ht.	Tailing	Resolution	Sep.Factor	Area Ratio	Height Ratio	Conc. %	Norm Conc.
1	0.525	0.500	0.708	2499	575	4.348	0.000	   			0.000	402	373.216	2.450	0.000	0.000	0	0	0.000	0.000
2	3.315	3.207	3.353	18709	6428	2.911	0.000	   M			5.314	37765	3.972	0.000	32.257	0.000	0	0	0.000	0.000
3	3.397	3.353	3.442	19112	6020	3.175	0.000	 V M			5.470	33170	4.522	0.000	1.144	1.029	0	0	0.000	0.000
4	3.527	3.442	3.535	270672	154277	1.754	0.000	 V M			5.717	24022	6.244	0.000	1.570	1.045	0	0	0.000	0.000
5	3.572	3.535	4.038	5265896	1720334	3.061	170.667	SV M	1	tau_205	5.803	36415	4.119	0.000	0.543	1.015	0	0	40.537	100.000
6	3.698	3.690	3.717	401	454	0.883	0.000	T  			6.044	372654	0.403	1.543	2.556	1.042	0	0	0.000	0.000
7	3.812	3.792	3.828	1075	956	1.125	0.000	T  			6.260	215198	0.697	0.924	3.970	1.036	0	0	0.000	0.000
8	3.853	3.832	3.877	970	706	1.373	0.000	T  			6.340	154999	0.968	1.016	1.157	1.013	0	0	0.000	0.000
9	3.917	3.882	3.953	1878	1126	1.668	0.000	T  			6.460	126683	1.184	1.065	1.523	1.019	0	0	0.000	0.000
10	4.992	4.843	5.310	2096107	813019	2.578	0.000	S  			8.508	93925	1.597	1.346	19.695	1.317	0	0	0.000	0.000
11	5.112	5.090	5.132	2479	1791	1.384	0.000	T  			8.737	263703	0.569	0.000	2.286	1.027	0	0	0.000	0.000
12	5.155	5.132	5.180	3096	2090	1.481	0.000	TV 			8.819	235027	0.638	0.000	1.052	1.009	0	0	0.000	0.000
13	5.203	5.185	5.227	719	553	1.300	0.000	T  			8.911	301582	0.497	1.130	1.202	1.010	0	0	0.000	0.000

[Peak Table(Detector A-Ch2)]
# of Peaks	16
Peak#	R.Time	I.Time	F.Time	Area	Height	A/H	Conc.	Mark	ID#	Name	k'	Plate #	Plate Ht.	Tailing	Resolution	Sep.Factor	Area Ratio	Height Ratio	Conc. %	Norm Conc.
1	0.520	0.502	0.572	48	23	2.078	0.000	   			0.000	1999	75.021	1.877	0.000	0.000	0	0	0.000	0.000
2	1.485	1.132	1.770	720	32	22.605	0.000	   			1.856	499	300.388	0.903	6.179	0.000	0	0	0.000	0.000
3	2.077	2.048	2.147	92	34	2.741	0.000	   			2.994	15287	9.812	1.704	3.554	1.613	0	0	0.000	0.000
4	2.617	2.557	2.633	43	14	3.166	0.000	   			4.032	18875	7.947	0.636	7.533	1.347	0	0	0.000	0.000
5	3.000	2.953	3.032	43	30	1.430	0.000	   			4.769	105281	1.425	0.831	6.775	1.183	0	0	0.000	0.000
6	3.393	3.362	3.435	82	30	2.746	0.000	   			5.526	22256	6.740	0.000	6.147	1.159	0	0	0.000	0.000
7	3.527	3.435	3.538	1639	885	1.852	0.000	 V 			5.782	12645	11.863	0.000	1.232	1.046	0	0	0.000	0.000
8	3.572	3.538	3.877	45443	18213	2.495	250.350	SV 	2	tau_280	5.869	47965	3.127	1.385	0.472	1.015	0	0	59.463	100.000
9	3.853	3.795	3.872	42	16	2.562	0.000	T  			6.410	38949	3.851	0.649	3.930	1.092	0	0	0.000	0.000
10	3.973	3.940	4.007	38	14	2.636	0.000	   			6.641	66281	2.263	0.996	1.716	1.036	0	0	0.000	0.000
11	4.132	4.083	4.212	74	17	4.401	0.000	   			6.946	55240	2.715	1.330	2.398	1.046	0	0	0.000	0.000
12	4.403	4.325	4.457	67	18	3.683	0.000	   			7.468	56986	2.632	1.962	3.771	1.075	0	0	0.000	0.000
13	4.992	4.903	5.253	34943	13979	2.500	0.000	S  			8.599	100658	1.490	1.389	8.607	1.152	0	0	0.000	0.000
14	5.112	5.092	5.138	49	33	1.479	0.000	T  			8.830	250531	0.599	0.000	2.313	1.027	0	0	0.000	0.000
15	5.155	5.138	5.172	27	21	1.258	0.000	TV 			8.913	307525	0.488	0.000	1.111	1.009	0	0	0.000	0.000
16	5.588	5.482	5.702	152	21	7.362	0.000	   			9.747	44569	3.366	1.032	6.058	1.093	0	0	0.000	0.000

[Compound Results(Detector A)]
# of IDs	2
ID#	Name	R.Time	Area	Height	Conc.	Curve	3rd	2nd	1st	Constant	Area Ratio	Height Ratio	Conc. %	Norm Conc.
1	tau_205	3.572	5265896	1720334	170.667	Linear	0.000000e+00	0.000000e+00	3.083937e+004	2.648347e+003	0	0	40.537	40.537
2	tau_280	3.572	45443	18213	250.350	Linear	0.000000e+00	0.000000e+00	1.814731e+002	1.094426e+001	0	0	59.463	59.463

[Group Results(Detector A)]
# of Groups	0

[LC Chromatogram(Detector A-Ch1)]
Interval(msec)	100
# of Points	9001
Start Time(min)	0.000
End Time(min)	15.000
Intensity Units	mAU
Intensity Multiplier	0.001
Wavelength(nm)	205nm
R.Time (min)	Intensity
0.00000	-1620
0.00167	-1620
0.00333	-1618
0.00500	-1618
0.00667	-1618
0.00833	-1
0.01000	-2
0.01167	-4
0.01333	-6
0.01500	-10
0.01667	-14
0.01833	-17
0.02000	-20
0.02167	-23
0.02333	-24
0.02500	-26
0.02667	-27
0.02833	0
0.03000	2
0.03167	4
0.03333	8
0.03500	11
0.03667	14
0.03833	16
0.04000	18
0.04167	20
0.04333	21
0.04500	22
0.04667	22
0.04833	22
0.05000	22
0.05167	21
0.05333	20
0.05500	19
0.05667	18
0.05833	17
0.06000	15
0.06167	14
0.06333	12
0.06500	10
0.06667	7
0.06833	5
0.07000	3
0.07167	2
0.07333	1
0.07500	-0
0.07667	-1
0.07833	-3
0.08000	-5
0.08167	-8
0.08333	-12
0.08500	-17
0.08667	-21
0.08833	-25
0.09000	-29
0.09167	-34
0.09333	-38
0.09500	-41
0.09667	-43
0.09833	-44
0.10000	-45
0.10167	-46
0.10333	-48
0.10500	-49
0.10667	-51
0.10833	-54
0.11000	-57
0.11167	-59
0.11333	-62
0.11500	-64
0.11667	-67
0.11833	-69
0.12000	-71
0.12167	-73
0.12333	-74
0.12500	-75
0.12667	-77
0.12833	-78
0.13000	-80
0.13167	-82
0.13333	-84
0.13500	-87
0.13667	-88
0.13833	-90
0.14000	-90
0.14167	-90
0.14333	-90
0.14500	-90
0.14667	-90
0.14833	-90
0.15000	-90
0.15167	-90
0.15333	-91
0.15500	-92
0.15667	-94
0.15833	-96
0.16000	-98
0.16167	-100
0.16333	-101
0.16500	-103
0.16667	-104
0.16833	-106
0.17000	-107
0.17167	-108
0.17333	-109
0.17500	-110
0.17667	-111
0.17833	-112
0.18000	-111
0.18167	-111
0.18333	-109
0.18500	-108
0.18667	-107
0.18833	-106
0.19000	-106
0.19167	-105
0.19333	-105
0.19500	-106
0.19667	-107
0.19833	-108
0.20000	-110
0.20167	-112
0.20333	-114
0.20500	-115
0.20667	-117
0.20833	-118
0.21000	-118
0.21167	-119
0.21333	-119
0.21500	-118
0.21667	-118
0.21833	-117
0.22000	-117
0.22167	-116
0.22333	-115
0.22500	-114
0.22667	-195
0.22833	-425
0.23000	-826
0.23167	-1397
0.23333	-2141
0.23500	-3582
0.23667	-6215
0.23833	-10235
0.24000	-15710
0.24167	-22631
0.24333	-27423
0.24500	-27429
0.24667	-22403
0.24833	-12779
0.25000	940
0.25167	17390
0.25333	36364
0.25500	58820
0.25667	85767
0.25833	117906
0.26000	147308
0.26167	168878
0.26333	183508
0.26500	193385
0.26667	200436
0.26833	202380
0.27000	197122
0.27167	184532
0.27333	165020
0.27500	139054
0.27667	111181
0.27833	83630
0.28000	55119
0.28167	23801
0.28333	-11778
0.28500	-45238
0.28667	-72794
0.28833	-95943
0.29000	-117139
0.29167	-138415
0.29333	-157206
0.29500	-171988
0.29667	-183835
0.29833	-194209
0.30000	-204275
0.30167	-213251
0.30333	-220731
0.30500	-227311
0.30667	-233686
0.30833	-240386
0.31000	-246546
0.31167	-251670
0.31333	-256097
0.31500	-260288
0.31667	-264609
0.31833	-267859
0.32000	-269160
0.32167	-268571
0.32333	-266375
0.32500	-262837
0.32667	-257861
0.32833	-251080
0.33000	-242123
0.33167	-230716
0.33333	-216694
0.33500	-201831
0.33667	-186866
0.33833	-170984
0.34000	-153188
0.34167	-132714
0.34333	-112361
0.34500	-93536
0.34667	-75156
0.34833	-55784
0.35000	-34298
0.35167	-14211
0.35333	2415
0.35500	16545
0.35667	29661
0.35833	42971
0.36000	54314
0.36167	62273
0.36333	67393
0.36500	70578
0.36667	72582
0.36833	73405
0.37000	72951
0.37167	71322
0.37333	68642
0.37500	65013
0.37667	60945
0.37833	56631
0.38000	51859
0.38167	46367
0.38333	39956
0.38500	33370
0.38667	26922
0.38833	20238
0.39000	12863
0.39167	4452
0.39333	-3939
0.39500	-11800
0.39667	-19597
0.39833	-27920
0.40000	-37228
0.40167	-46308
0.40333	-54541
0.40500	-62421
0.40667	-70599
0.40833	-79586
0.41000	-88213
0.41167	-95865
0.41333	-103013
0.41500	-110285
0.41667	-118171
0.41833	-125674
0.42000	-132260
0.42167	-138345
0.42333	-144479
0.42500	-151092
0.42667	-157377
0.42833	-162907
0.43000	-168036
0.43167	-173224
0.43333	-178833
0.43500	-184197
0.43667	-188973
0.43833	-193468
0.44000	-198072
0.44167	-203091
0.44333	-207886
0.44500	-212119
0.44667	-216056
0.44833	-220046
0.45000	-224350
0.45167	-226394
0.45333	-224151
0.45500	-217355
0.45667	-206259
0.45833	-191197
0.46000	-174530
0.46167	-157289
0.46333	-138653
0.46500	-117543
0.46667	-93135
0.46833	-70674
0.47000	-53449
0.47167	-40627
0.47333	-30536
0.47500	-21739
0.47667	-14757
0.47833	-9932
0.48000	-6753
0.48167	-4623
0.48333	-3082
0.48500	-1992
0.48667	-1272
0.48833	-796
0.49000	-461
0.49167	-195
0.49333	13
0.49500	167
0.49667	288
0.49833	394
0.50000	498
0.50167	590
0.50333	665
0.50500	728
0.50667	788
0.50833	849
0.51000	903
0.51167	943
0.51333	973
0.51500	996
0.51667	1016
0.51833	1032
0.52000	1042
0.52167	1047
0.52333	1049
0.52500	1048
0.52667	1047
0.52833	1044
0.53000	1041
0.53167	1038
0.53333	1035
0.53500	1031
0.53667	1027
0.53833	1022
0.54000	1018
0.54167	1012
0.54333	1006
0.54500	998
0.54667	987
0.54833	975
0.55000	960
0.55167	944
0.55333	930
0.55500	916
0.55667	901
0.55833	884
0.56000	867
0.56167	851
0.56333	835
0.56500	818
0.56667	799
0.56833	780
0.57000	762
0.57167	745
0.57333	725
0.57500	704
0.57667	683
0.57833	665
0.58000	649
0.58167	632
0.58333	614
0.58500	598
0.58667	583
0.58833	569
0.59000	556
0.59167	542
0.59333	529
0.59500	517
0.59667	508
0.59833	499
0.60000	490
0.60167	481
0.60333	474
0.60500	468
0.60667	461
0.60833	455
0.61000	448
0.61167	443
0.61333	437
0.61500	431
0.61667	424
0.61833	418
0.62000	412
0.62167	407
0.62333	403
0.62500	399
0.62667	395
0.62833	391
0.63000	389
0.63167	387
0.63333	385
0.63500	384
0.63667	382
0.63833	380
0.64000	377
0.64167	374
0.64333	370
0.64500	368
0.64667	366
0.64833	364
0.65000	363
0.65167	362
0.65333	362
0.65500	363
0.65667	365
0.65833	367
0.66000	370
0.66167	372
0.66333	374
0.66500	375
0.66667	377
0.66833	378
0.67000	379
0.67167	379
0.67333	378
0.67500	377
0.67667	375
0.67833	373
0.68000	371
0.68167	368
0.68333	365
0.68500	362
0.68667	358
0.68833	354
0.69000	350
0.69167	345
0.69333	339
0.69500	334
0.69667	329
0.69833	324
0.70000	317
0.70167	312
0.70333	307
0.70500	304
0.70667	301
0.70833	298
0.71000	295
0.71167	293
0.71333	290
0.71500	288
0.71667	286
0.71833	284
0.72000	282
0.72167	281
0.72333	281
0.72500	281
0.72667	281
0.72833	282
0.73000	284
0.73167	287
0.73333	290
0.73500	293
0.73667	297
0.73833	300
0.74000	303
0.74167	307
0.74333	310
0.74500	313
0.74667	316
0.74833	319
0.75000	321
0.75167	324
0.75333	325
0.75500	327
0.75667	328
0.75833	329
0.76000	330
0.76167	332
0.76333	333
0.76500	336
0.76667	338
0.76833	341
0.77000	344
0.77167	347
0.77333	350
0.77500	355
0.77667	358
0.77833	361
0.78000	363
0.78167	364
0.78333	364
0.78500	365
0.78667	365
0.78833	364
0.79000	363
0.79167	361
0.79333	359
0.79500	359
0.79667	359
0.79833	359
0.80000	361
0.80167	362
0.80333	364
0.80500	367
0.80667	370
0.80833	374
0.81000	377
0.81167	379
0.81333	380
0.81500	380
0.81667	379
0.81833	378
0.82000	376
0.82167	373
0.82333	369
0.82500	365
0.82667	360
0.82833	356
0.83000	351
0.83167	346
0.83333	340
0.83500	334
0.83667	327
0.83833	321
0.84000	314
0.84167	306
0.84333	298
0.84500	291
0.84667	285
0.84833	278
0.85000	271
0.85167	264
0.85333	258
0.85500	253
0.85667	248
0.85833	243
0.86000	238
0.86167	234
0.86333	232
0.86500	229
0.86667	227
0.86833	225
0.87000	223
0.87167	220
0.87333	217
0.87500	213
0.87667	209
0.87833	206
0.88000	202
0.88167	199
0.88333	196
0.88500	193
0.88667	191
0.88833	189
0.89000	187
0.89167	186
0.89333	185
0.89500	184
0.89667	183
0.89833	182
0.90000	182
0.90167	181
0.90333	181
0.90500	180
0.90667	179
0.90833	179
0.91000	178
0.91167	176
0.91333	174
0.91500	171
0.91667	168
0.91833	165
0.92000	163
0.92167	161
0.92333	161
0.92500	160
0.92667	160
0.92833	160
0.93000	160
0.93167	160
0.93333	160
0.93500	160
0.93667	160
0.93833	161
0.94000	163
0.94167	166
0.94333	169
0.94500	171
0.94667	174
0.94833	177
0.95000	181
0.95167	184
0.95333	186
0.95500	186
0.95667	186
0.95833	184
0.96000	182
0.96167	181
0.96333	179
0.96500	177
0.96667	175
0.96833	173
0.97000	172
0.97167	171
0.97333	172
0.97500	172
0.97667	173
0.97833	174
0.98000	174
0.98167	174
0.98333	174
0.98500	173
0.98667	173
0.98833	173
0.99000	174
0.99167	174
0.99333	175
0.99500	178
0.99667	181
0.99833	186
1.00000	193
1.00167	198
1.00333	202
1.00500	204
1.00667	205
1.00833	205
1.01000	204
1.01167	203
1.01333	201
1.01500	200
1.01667	198
1.01833	197
1.02000	196
1.02167	197
1.02333	198
1.02500	200
1.02667	201
1.02833	202
1.03000	202
1.03167	202
1.03333	201
1.03500	199
1.03667	198
1.03833	198
1.04000	197
1.04167	197
1.04333	197
1.04500	197
1.04667	196
1.04833	195
1.05000	195
1.05167	194
1.05333	193
1.05500	192
1.05667	192
1.05833	192
1.06000	192
1.06167	192
1.06333	193
1.06500	195
1.06667	197
1.06833	199
1.07000	202
1.07167	204
1.07333	206
1.07500	208
1.07667	210
1.07833	211
1.08000	211
1.08167	210
1.08333	208
1.08500	206
1.08667	204
1.08833	203
1.09000	202
1.09167	201
1.09333	201
1.09500	201
1.09667	203
1.09833	206
1.10000	210
1.10167	214
1.10333	216
1.10500	217
1.10667	218
1.10833	218
1.11000	217
1.11167	217
1.11333	217
1.11500	216
1.11667	217
1.11833	217
1.12000	218
1.12167	221
1.12333	223
1.12500	227
1.12667	230
1.12833	233
1.13000	234
1.13167	236
1.13333	237
1.13500	237
1.13667	237
1.13833	236
1.14000	235
1.14167	233
1.14333	231
1.14500	230
1.14667	229
1.14833	229
1.15000	229
1.15167	230
1.15333	231
1.15500	233
1.15667	236
1.15833	238
1.16000	241
1.16167	243
1.16333	245
1.16500	247
1.16667	249
1.16833	250
1.17000	252
1.17167	253
1.17333	254
1.17500	256
1.17667	257
1.17833	258
1.18000	259
1.18167	259
1.18333	260
1.18500	261
1.18667	261
1.18833	261
1.19000	261
1.19167	261
1.19333	261
1.19500	261
1.19667	262
1.19833	263
1.20000	265
1.20167	267
1.20333	269
1.20500	271
1.20667	274
1.20833	277
1.21000	280
1.21167	283
1.21333	284
1.21500	285
1.21667	285
1.21833	285
1.22000	285
1.22167	284
1.22333	283
1.22500	281
1.22667	280
1.22833	279
1.23000	278
1.23167	278
1.23333	279
1.23500	280
1.23667	282
1.23833	284
1.24000	288
1.24167	292
1.24333	296
1.24500	300
1.24667	303
1.24833	305
1.25000	307
1.25167	309
1.25333	311
1.25500	311
1.25667	311
1.25833	311
1.26000	311
1.26167	310
1.26333	310
1.26500	310
1.26667	311
1.26833	311
1.27000	312
1.27167	313
1.27333	313
1.27500	314
1.27667	315
1.27833	316
1.28000	317
1.28167	318
1.28333	320
1.28500	321
1.28667	322
1.28833	322
1.29000	323
1.29167	323
1.29333	324
1.29500	324
1.29667	324
1.29833	324
1.30000	324
1.30167	324
1.30333	324
1.30500	326
1.30667	328
1.30833	331
1.31000	334
1.31167	338
1.31333	341
1.31500	344
1.31667	348
1.31833	351
1.32000	352
1.32167	352
1.32333	351
1.32500	350
1.32667	347
1.32833	346
1.33000	345
1.33167	343
1.33333	343
1.33500	342
1.33667	343
1.33833	344
1.34000	346
1.34167	349
1.34333	353
1.34500	356
1.34667	361
1.34833	365
1.35000	371
1.35167	375
1.35333	379
1.35500	380
1.35667	381
1.35833	381
1.36000	380
1.36167	380
1.36333	381
1.36500	382
1.36667	384
1.36833	386
1.37000	388
1.37167	390
1.37333	392
1.37500	394
1.37667	397
1.37833	398
1.38000	399
1.38167	399
1.38333	399
1.38500	399
1.38667	400
1.38833	403
1.39000	407
1.39167	412
1.39333	418
1.39500	423
1.39667	428
1.39833	433
1.40000	438
1.40167	442
1.40333	446
1.40500	450
1.40667	453
1.40833	456
1.41000	459
1.41167	462
1.41333	466
1.41500	470
1.41667	474
1.41833	478
1.42000	482
1.42167	485
1.42333	489
1.42500	493
1.42667	496
1.42833	499
1.43000	501
1.43167	503
1.43333	504
1.43500	507
1.43667	510
1.43833	514
1.44000	520
1.44167	527
1.44333	533
1.44500	540
1.44667	545
1.44833	551
1.45000	558
1.45167	564
1.45333	570
1.45500	574
1.45667	579
1.45833	584
1.46000	589
1.46167	595
1.46333	601
1.46500	610
1.46667	619
1.46833	628
1.47000	636
1.47167	641
1.47333	646
1.47500	650
1.47667	654
1.47833	657
1.48000	660
1.48167	663
1.48333	667
1.48500	671
1.48667	676
1.48833	682
1.49000	690
1.49167	700
1.49333	709
1.49500	717
1.49667	725
1.49833	732
1.50000	739
1.50167	746
1.50333	753
1.50500	761
1.50667	770
1.50833	780
1.51000	790
1.51167	800
1.51333	809
1.51500	819
1.51667	831
1.51833	841
1.52000	851
1.52167	859
1.52333	867
1.52500	876
1.52667	884
1.52833	892
1.53000	901
1.53167	911
1.53333	922
1.53500	934
1.53667	944
1.53833	955
1.54000	967
1.54167	980
1.54333	992
1.54500	1004
1.54667	1015
1.54833	1026
1.55000	1038
1.55167	1050
1.55333	1062
1.55500	1073
1.55667	1086
1.55833	1100
1.56000	1113
1.56167	1126
1.56333	1139
1.56500	1152
1.56667	1166
1.56833	1180
1.57000	1193
1.57167	1206
1.57333	1220
1.57500	1235
1.57667	1250
1.57833	1265
1.58000	1279
1.58167	1295
1.58333	1313
1.58500	1331
1.58667	1346
1.58833	1361
1.59000	1376
1.59167	1391
1.59333	1407
1.59500	1420
1.59667	1433
1.59833	1447
1.60000	1462
1.60167	1477
1.60333	1490
1.60500	1503
1.60667	1516
1.60833	1530
1.61000	1545
1.61167	1558
1.61333	1570
1.61500	1584
1.61667	1599
1.61833	1613
1.62000	1626
1.62167	1639
1.62333	1652
1.62500	1666
1.62667	1680
1.62833	1693
1.63000	1707
1.63167	1722
1.63333	1739
1.63500	1757
1.63667	1775
1.63833	1793
1.64000	1813
1.64167	1836
1.64333	1859
1.64500	1879
1.64667	1899
1.64833	1919
1.65000	1941
1.65167	1962
1.65333	1981
1.65500	1999
1.65667	2017
1.65833	2037
1.66000	2056
1.66167	2073
1.66333	2090
1.66500	2107
1.66667	2125
1.66833	2144
1.67000	2161
1.67167	2178
1.67333	2197
1.67500	2217
1.67667	2238
1.67833	2257
1.68000	2276
1.68167	2296
1.68333	2318
1.68500	2340
1.68667	2360
1.68833	2380
1.69000	2401
1.69167	2424
1.69333	2446
1.69500	2467
1.69667	2487
1.69833	2508
1.70000	2530
1.70167	2552
1.70333	2572
1.70500	2591
1.70667	2610
1.70833	2631
1.71000	2652
1.71167	2673
1.71333	2693
1.71500	2716
1.71667	2742
1.71833	2767
1.72000	2791
1.72167	2814
1.72333	2839
1.72500	2866
1.72667	2893
1.72833	2916
1.73000	2938
1.73167	2961
1.73333	2985
1.73500	3009
1.73667	3030
1.73833	3050
1.74000	3072
1.74167	3095
1.74333	3118
1.74500	3140
1.74667	3162
1.74833	3185
1.75000	3211
1.75167	3237
1.75333	3262
1.75500	3285
1.75667	3311
1.75833	3339
1.76000	3366
1.76167	3391
1.76333	3415
1.76500	3439
1.76667	3466
1.76833	3491
1.77000	3515
1.77167	3538
1.77333	3561
1.77500	3588
1.77667	3613
1.77833	3637
1.78000	3659
1.78167	3683
1.78333	3709
1.78500	3735
1.78667	3759
1.78833	3783
1.79000	3808
1.79167	3837
1.79333	3864
1.79500	3889
1.79667	3913
1.79833	3937
1.80000	3963
1.80167	3989
1.80333	4012
1.80500	4034
1.80667	4057
1.80833	4082
1.81000	4106
1.81167	4129
1.81333	4151
1.81500	4174
1.81667	4200
1.81833	4225
1.82000	4248
1.82167	4270
1.82333	4294
1.82500	4320
1.82667	4346
1.82833	4370
1.83000	4395
1.83167	4421
1.83333	4451
1.83500	4480
1.83667	4506
1.83833	4531
1.84000	4557
1.84167	4585
1.84333	4613
1.84500	4639
1.84667	4664
1.84833	4691
1.85000	4720
1.85167	4749
1.85333	4775
1.85500	4800
1.85667	4827
1.85833	4857
1.86000	4886
1.86167	4912
1.86333	4938
1.86500	4964
1.86667	4992
1.86833	5020
1.87000	5046
1.87167	5072
1.87333	5100
1.87500	5131
1.87667	5162
1.87833	5189
1.88000	5214
1.88167	5240
1.88333	5269
1.88500	5296
1.88667	5321
1.88833	5345
1.89000	5371
1.89167	5399
1.89333	5427
1.89500	5453
1.89667	5479
1.89833	5506
1.90000	5536
1.90167	5565
1.90333	5591
1.90500	5615
1.90667	5639
1.90833	5664
1.91000	5690
1.91167	5713
1.91333	5737
1.91500	5763
1.91667	5792
1.91833	5820
1.92000	5847
1.92167	5874
1.92333	5902
1.92500	5933
1.92667	5964
1.92833	5992
1.93000	6018
1.93167	6045
1.93333	6075
1.93500	6104
1.93667	6130
1.93833	6154
1.94000	6180
1.94167	6208
1.94333	6235
1.94500	6259
1.94667	6283
1.94833	6308
1.95000	6336
1.95167	6363
1.95333	6388
1.95500	6413
1.95667	6439
1.95833	6468
1.96000	6497
1.96167	6523
1.96333	6548
1.96500	6574
1.96667	6603
1.96833	6631
1.97000	6655
1.97167	6678
1.97333	6701
1.97500	6726
1.97667	6751
1.97833	6773
1.98000	6794
1.98167	6817
1.98333	6843
1.98500	6868
1.98667	6891
1.98833	6914
1.99000	6939
1.99167	6967
1.99333	6995
1.99500	7021
1.99667	7046
1.99833	7073
2.00000	7104
2.00167	7134
2.00333	7161
2.00500	7188
2.00667	7217
2.00833	7249
2.01000	7279
2.01167	7305
2.01333	7329
2.01500	7353
2.01667	7379
2.01833	7404
2.02000	7427
2.02167	7452
2.02333	7478
2.02500	7507
2.02667	7537
2.02833	7564
2.03000	7592
2.03167	7621
2.03333	7654
2.03500	7685
2.03667	7714
2.03833	7742
2.04000	7771
2.04167	7803
2.04333	7834
2.04500	7862
2.04667	7889
2.04833	7917
2.05000	7949
2.05167	7979
2.05333	8007
2.05500	8033
2.05667	8061
2.05833	8091
2.06000	8121
2.06167	8148
2.06333	8174
2.06500	8202
2.06667	8233
2.06833	8263
2.07000	8291
2.07167	8318
2.07333	8347
2.07500	8379
2.07667	8409
2.07833	8435
2.08000	8459
2.08167	8482
2.08333	8506
2.08500	8529
2.08667	8549
2.08833	8567
2.09000	8585
2.09167	8603
2.09333	8622
2.09500	8641
2.09667	8660
2.09833	8682
2.10000	8707
2.10167	8733
2.10333	8756
2.10500	8780
2.10667	8805
2.10833	8833
2.11000	8861
2.11167	8887
2.11333	8912
2.11500	8939
2.11667	8970
2.11833	9000
2.12000	9027
2.12167	9055
2.12333	9084
2.12500	9116
2.12667	9148
2.12833	9179
2.13000	9211
2.13167	9245
2.13333	9284
2.13500	9324
2.13667	9363
2.13833	9402
2.14000	9446
2.14167	9496
2.14333	9545
2.14500	9589
2.14667	9632
2.14833	9675
2.15000	9723
2.15167	9768
2.15333	9807
2.15500	9841
2.15667	9874
2.15833	9908
2.16000	9941
2.16167	9970
2.16333	9998
2.16500	10026
2.16667	10057
2.16833	10087
2.17000	10114
2.17167	10140
2.17333	10167
2.17500	10197
2.17667	10225
2.17833	10250
2.18000	10272
2.18167	10294
2.18333	10317
2.18500	10339
2.18667	10358
2.18833	10377
2.19000	10396
2.19167	10417
2.19333	10437
2.19500	10457
2.19667	10476
2.19833	10498
2.20000	10522
2.20167	10545
2.20333	10568
2.20500	10591
2.20667	10615
2.20833	10643
2.21000	10670
2.21167	10695
2.21333	10718
2.21500	10744
2.21667	10771
2.21833	10799
2.22000	10824
2.22167	10848
2.22333	10874
2.22500	10903
2.22667	10932
2.22833	10958
2.23000	10983
2.23167	11009
2.23333	11038
2.23500	11066
2.23667	11091
2.23833	11116
2.24000	11142
2.24167	11171
2.24333	11199
2.24500	11224
2.24667	11250
2.24833	11277
2.25000	11307
2.25167	11336
2.25333	11363
2.25500	11389
2.25667	11416
2.25833	11446
2.26000	11475
2.26167	11501
2.26333	11525
2.26500	11550
2.26667	11577
2.26833	11604
2.27000	11628
2.27167	11651
2.27333	11676
2.27500	11703
2.27667	11731
2.27833	11756
2.28000	11782
2.28167	11810
2.28333	11842
2.28500	11872
2.28667	11900
2.28833	11925
2.29000	11952
2.29167	11981
2.29333	12009
2.29500	12034
2.29667	12058
2.29833	12083
2.30000	12110
2.30167	12137
2.30333	12163
2.30500	12189
2.30667	12218
2.30833	12250
2.31000	12282
2.31167	12312
2.31333	12341
2.31500	12372
2.31667	12406
2.31833	12440
2.32000	12470
2.32167	12499
2.32333	12529
2.32500	12562
2.32667	12594
2.32833	12624
2.33000	12653
2.33167	12684
2.33333	12719
2.33500	12753
2.33667	12784
2.33833	12816
2.34000	12849
2.34167	12885
2.34333	12921
2.34500	12953
2.34667	12984
2.34833	13017
2.35000	13052
2.35167	13086
2.35333	13117
2.35500	13147
2.35667	13178
2.35833	13212
2.36000	13246
2.36167	13277
2.36333	13307
2.36500	13339
2.36667	13375
2.36833	13409
2.37000	13439
2.37167	13468
2.37333	13497
2.37500	13528
2.37667	13558
2.37833	13584
2.38000	13608
2.38167	13632
2.38333	13659
2.38500	13684
2.38667	13707
2.38833	13730
2.39000	13755
2.39167	13782
2.39333	13808
2.39500	13832
2.39667	13855
2.39833	13878
2.40000	13904
2.40167	13930
2.40333	13953
2.40500	13976
2.40667	14000
2.40833	14027
2.41000	14054
2.41167	14078
2.41333	14101
2.41500	14126
2.41667	14153
2.41833	14179
2.42000	14202
2.42167	14224
2.42333	14247
2.42500	14271
2.42667	14296
2.42833	14319
2.43000	14342
2.43167	14368
2.43333	14396
2.43500	14424
2.43667	14450
2.43833	14476
2.44000	14503
2.44167	14533
2.44333	14562
2.44500	14589
2.44667	14615
2.44833	14641
2.45000	14670
2.45167	14699
2.45333	14725
2.45500	14750
2.45667	14776
2.45833	14805
2.46000	14833
2.46167	14860
2.46333	14886
2.46500	14914
2.46667	14946
2.46833	14977
2.47000	15005
2.47167	15031
2.47333	15058
2.47500	15087
2.47667	15115
2.47833	15141
2.48000	15166
2.48167	15191
2.48333	15220
2.48500	15248
2.48667	15275
2.48833	15301
2.49000	15330
2.49167	15362
2.49333	15395
2.49500	15425
2.49667	15456
2.49833	15490
2.50000	15528
2.50167	15566
2.50333	15601
2.50500	15635
2.50667	15672
2.50833	15712
2.51000	15751
2.51167	15784
2.51333	15814
2.51500	15844
2.51667	15875
2.51833	15904
2.52000	15929
2.52167	15952
2.52333	15975
2.52500	16000
2.52667	16024
2.52833	16046
2.53000	16067
2.53167	16089
2.53333	16114
2.53500	16138
2.53667	16161
2.53833	16183
2.54000	16207
2.54167	16234
2.54333	16261
2.54500	16285
2.54667	16308
2.54833	16332
2.55000	16358
2.55167	16384
2.55333	16408
2.55500	16432
2.55667	16457
2.55833	16485
2.56000	16512
2.56167	16539
2.56333	16565
2.56500	16593
2.56667	16625
2.56833	16656
2.57000	16685
2.57167	16714
2.57333	16745
2.57500	16779
2.57667	16812
2.57833	16842
2.58000	16870
2.58167	16899
2.58333	16931
2.58500	16961
2.58667	16985
2.58833	17006
2.59000	17024
2.59167	17043
2.59333	17060
2.59500	17074
2.59667	17088
2.59833	17101
2.60000	17115
2.60167	17129
2.60333	17142
2.60500	17155
2.60667	17169
2.60833	17184
2.61000	17201
2.61167	17216
2.61333	17233
2.61500	17252
2.61667	17273
2.61833	17295
2.62000	17317
2.62167	17341
2.62333	17367
2.62500	17398
2.62667	17428
2.62833	17457
2.63000	17486
2.63167	17516
2.63333	17550
2.63500	17584
2.63667	17614
2.63833	17643
2.64000	17673
2.64167	17707
2.64333	17739
2.64500	17767
2.64667	17793
2.64833	17820
2.65000	17848
2.65167	17875
2.65333	17900
2.65500	17923
2.65667	17948
2.65833	17974
2.66000	18000
2.66167	18024
2.66333	18047
2.66500	18071
2.66667	18097
2.66833	18123
2.67000	18146
2.67167	18169
2.67333	18192
2.67500	18217
2.67667	18242
2.67833	18266
2.68000	18290
2.68167	18316
2.68333	18345
2.68500	18374
2.68667	18402
2.68833	18429
2.69000	18458
2.69167	18491
2.69333	18522
2.69500	18549
2.69667	18575
2.69833	18600
2.70000	18628
2.70167	18654
2.70333	18677
2.70500	18698
2.70667	18720
2.70833	18743
2.71000	18765
2.71167	18783
2.71333	18799
2.71500	18814
2.71667	18829
2.71833	18844
2.72000	18858
2.72167	18872
2.72333	18886
2.72500	18902
2.72667	18918
2.72833	18934
2.73000	18951
2.73167	18970
2.73333	18992
2.73500	19014
2.73667	19033
2.73833	19051
2.74000	19070
2.74167	19091
2.74333	19111
2.74500	19130
2.74667	19147
2.74833	19166
2.75000	19186
2.75167	19206
2.75333	19224
2.75500	19243
2.75667	19262
2.75833	19284
2.76000	19306
2.76167	19327
2.76333	19347
2.76500	19368
2.76667	19392
2.76833	19415
2.77000	19436
2.77167	19455
2.77333	19474
2.77500	19495
2.77667	19516
2.77833	19535
2.78000	19556
2.78167	19578
2.78333	19602
2.78500	19627
2.78667	19651
2.78833	19675
2.79000	19701
2.79167	19730
2.79333	19759
2.79500	19785
2.79667	19811
2.79833	19838
2.80000	19868
2.80167	19898
2.80333	19925
2.80500	19952
2.80667	19980
2.80833	20012
2.81000	20043
2.81167	20071
2.81333	20098
2.81500	20126
2.81667	20157
2.81833	20187
2.82000	20214
2.82167	20238
2.82333	20262
2.82500	20288
2.82667	20313
2.82833	20335
2.83000	20356
2.83167	20378
2.83333	20402
2.83500	20425
2.83667	20448
2.83833	20471
2.84000	20497
2.84167	20526
2.84333	20554
2.84500	20579
2.84667	20603
2.84833	20627
2.85000	20653
2.85167	20678
2.85333	20698
2.85500	20717
2.85667	20734
2.85833	20753
2.86000	20770
2.86167	20785
2.86333	20799
2.86500	20813
2.86667	20828
2.86833	20843
2.87000	20856
2.87167	20869
2.87333	20883
2.87500	20899
2.87667	20914
2.87833	20927
2.88000	20940
2.88167	20952
2.88333	20966
2.88500	20980
2.88667	20994
2.88833	21007
2.89000	21022
2.89167	21039
2.89333	21057
2.89500	21073
2.89667	21090
2.89833	21108
2.90000	21128
2.90167	21148
2.90333	21165
2.90500	21181
2.90667	21197
2.90833	21213
2.91000	21230
2.91167	21245
2.91333	21261
2.91500	21279
2.91667	21299
2.91833	21319
2.92000	21339
2.92167	21361
2.92333	21385
2.92500	21412
2.92667	21440
2.92833	21467
2.93000	21493
2.93167	21521
2.93333	21553
2.93500	21584
2.93667	21613
2.93833	21642
2.94000	21672
2.94167	21706
2.94333	21738
2.94500	21766
2.94667	21792
2.94833	21817
2.95000	21844
2.95167	21870
2.95333	21893
2.95500	21915
2.95667	21938
2.95833	21963
2.96000	21988
2.96167	22013
2.96333	22038
2.96500	22065
2.96667	22097
2.96833	22130
2.97000	22164
2.97167	22202
2.97333	22245
2.97500	22294
2.97667	22348
2.97833	22404
2.98000	22467
2.98167	22540
2.98333	22625
2.98500	22709
2.98667	22784
2.98833	22853
2.99000	22923
2.99167	22999
2.99333	23064
2.99500	23108
2.99667	23134
2.99833	23146
3.00000	23149
3.00167	23144
3.00333	23130
3.00500	23109
3.00667	23079
3.00833	23042
3.01000	23006
3.01167	22977
3.01333	22953
3.01500	22932
3.01667	22913
3.01833	22897
3.02000	22886
3.02167	22880
3.02333	22877
3.02500	22876
3.02667	22877
3.02833	22879
3.03000	22882
3.03167	22887
3.03333	22893
3.03500	22900
3.03667	22909
3.03833	22921
3.04000	22936
3.04167	22953
3.04333	22974
3.04500	22997
3.04667	23024
3.04833	23057
3.05000	23096
3.05167	23135
3.05333	23172
3.05500	23207
3.05667	23245
3.05833	23286
3.06000	23324
3.06167	23353
3.06333	23375
3.06500	23393
3.06667	23409
3.06833	23422
3.07000	23433
3.07167	23442
3.07333	23450
3.07500	23458
3.07667	23468
3.07833	23481
3.08000	23498
3.08167	23519
3.08333	23545
3.08500	23572
3.08667	23597
3.08833	23621
3.09000	23647
3.09167	23675
3.09333	23701
3.09500	23723
3.09667	23741
3.09833	23759
3.10000	23776
3.10167	23793
3.10333	23808
3.10500	23822
3.10667	23838
3.10833	23855
3.11000	23873
3.11167	23890
3.11333	23908
3.11500	23928
3.11667	23950
3.11833	23973
3.12000	23994
3.12167	24015
3.12333	24038
3.12500	24064
3.12667	24089
3.12833	24112
3.13000	24134
3.13167	24157
3.13333	24183
3.13500	24208
3.13667	24231
3.13833	24252
3.14000	24275
3.14167	24300
3.14333	24325
3.14500	24346
3.14667	24366
3.14833	24386
3.15000	24408
3.15167	24430
3.15333	24451
3.15500	24472
3.15667	24495
3.15833	24520
3.16000	24547
3.16167	24572
3.16333	24597
3.16500	24625
3.16667	24657
3.16833	24687
3.17000	24711
3.17167	24731
3.17333	24750
3.17500	24768
3.17667	24784
3.17833	24794
3.18000	24801
3.18167	24805
3.18333	24808
3.18500	24810
3.18667	24811
3.18833	24812
3.19000	24812
3.19167	24813
3.19333	24814
3.19500	24817
3.19667	24822
3.19833	24829
3.20000	24838
3.20167	24849
3.20333	24860
3.20500	24873
3.20667	24889
3.20833	24907
3.21000	24926
3.21167	24945
3.21333	24964
3.21500	24984
3.21667	25007
3.21833	25030
3.22000	25051
3.22167	25072
3.22333	25094
3.22500	25118
3.22667	25142
3.22833	25165
3.23000	25188
3.23167	25214
3.23333	25243
3.23500	25272
3.23667	25301
3.23833	25330
3.24000	25362
3.24167	25398
3.24333	25435
3.24500	25469
3.24667	25503
3.24833	25540
3.25000	25581
3.25167	25626
3.25333	25674
3.25500	25730
3.25667	25796
3.25833	25874
3.26000	25961
3.26167	26059
3.26333	26174
3.26500	26310
3.26667	26473
3.26833	26637
3.27000	26789
3.27167	26938
3.27333	27094
3.27500	27268
3.27667	27425
3.27833	27545
3.28000	27636
3.28167	27708
3.28333	27772
3.28500	27834
3.28667	27898
3.28833	27971
3.29000	28057
3.29167	28160
3.29333	28299
3.29500	28497
3.29667	28766
3.29833	29116
3.30000	29549
3.30167	29985
3.30333	30379
3.30500	30749
3.30667	31126
3.30833	31535
3.31000	31880
3.31167	32099
3.31333	32202
3.31500	32217
3.31667	32168
3.31833	32066
3.32000	31912
3.32167	31700
3.32333	31427
3.32500	31090
3.32667	30748
3.32833	30431
3.33000	30124
3.33167	29802
3.33333	29448
3.33500	29118
3.33667	28847
3.33833	28619
3.34000	28408
3.34167	28196
3.34333	28012
3.34500	27872
3.34667	27769
3.34833	27686
3.35000	27614
3.35167	27571
3.35333	27574
3.35500	27624
3.35667	27716
3.35833	27845
3.36000	27990
3.36167	28143
3.36333	28309
3.36500	28498
3.36667	28717
3.36833	28922
3.37000	29086
3.37167	29215
3.37333	29326
3.37500	29431
3.37667	29549
3.37833	29698
3.38000	29889
3.38167	30131
3.38333	30429
3.38500	30735
3.38667	31027
3.38833	31321
3.39000	31637
3.39167	31991
3.39333	32285
3.39500	32448
3.39667	32487
3.39833	32426
3.40000	32286
3.40167	32102
3.40333	31889
3.40500	31641
3.40667	31346
3.40833	30998
3.41000	30674
3.41167	30424
3.41333	30237
3.41500	30088
3.41667	29957
3.41833	29857
3.42000	29795
3.42167	29767
3.42333	29762
3.42500	29774
3.42667	29790
3.42833	29800
3.43000	29803
3.43167	29800
3.43333	29792
3.43500	29784
3.43667	29778
3.43833	29775
3.44000	29774
3.44167	29776
3.44333	29793
3.44500	29839
3.44667	29917
3.44833	30027
3.45000	30168
3.45167	30346
3.45333	30570
3.45500	30855
3.45667	31211
3.45833	31645
3.46000	32118
3.46167	32621
3.46333	33184
3.46500	33836
3.46667	34602
3.46833	35361
3.47000	36049
3.47167	36703
3.47333	37378
3.47500	38115
3.47667	38804
3.47833	39380
3.48000	39878
3.48167	40348
3.48333	40834
3.48500	41369
3.48667	42004
3.48833	42784
3.49000	43746
3.49167	44914
3.49333	46498
3.49500	48739
3.49667	51792
3.49833	55747
3.50000	60653
3.50167	66225
3.50333	72496
3.50500	79834
3.50667	88595
3.50833	99031
3.51000	109579
3.51167	119447
3.51333	129171
3.51500	139484
3.51667	150959
3.51833	161227
3.52000	168773
3.52167	173993
3.52333	177667
3.52500	180466
3.52667	181824
3.52833	181228
3.53000	178722
3.53167	174478
3.53333	168690
3.53500	165848
3.53667	169410
3.53833	179927
3.54000	197065
3.54167	220407
3.54333	257651
3.54500	316913
3.54667	402219
3.54833	515502
3.55000	657471
3.55167	802221
3.55333	935761
3.55500	1064517
3.55667	1198450
3.55833	1345585
3.56000	1476283
3.56167	1571520
3.56333	1636478
3.56500	1681173
3.56667	1714202
3.56833	1736073
3.57000	1746696
3.57167	1748255
3.57333	1742939
3.57500	1732366
3.57667	1716818
3.57833	1695475
3.58000	1667294
3.58167	1631449
3.58333	1587410
3.58500	1538619
3.58667	1485572
3.58833	1425194
3.59000	1354301
3.59167	1270606
3.59333	1186206
3.59500	1107170
3.59667	1029140
3.59833	946232
3.60000	853830
3.60167	766508
3.60333	692617
3.60500	627865
3.60667	565855
3.60833	501405
3.61000	443197
3.61167	396350
3.61333	357720
3.61500	322871
3.61667	288244
3.61833	257821
3.62000	233985
3.62167	214960
3.62333	198371
3.62500	182330
3.62667	168302
3.62833	157130
3.63000	147922
3.63167	139577
3.63333	131234
3.63500	123566
3.63667	116895
3.63833	110722
3.64000	104468
3.64167	97692
3.64333	91366
3.64500	86044
3.64667	81399
3.64833	76960
3.65000	72352
3.65167	68203
3.65333	64884
3.65500	62174
3.65667	59756
3.65833	57373
3.66000	55273
3.66167	53596
3.66333	52215
3.66500	50966
3.66667	49719
3.66833	48617
3.67000	47742
3.67167	47029
3.67333	46393
3.67500	45766
3.67667	45218
3.67833	44794
3.68000	44460
3.68167	44175
3.68333	43903
3.68500	43666
3.68667	43477
3.68833	43318
3.69000	43173
3.69167	43026
3.69333	42873
3.69500	42709
3.69667	42520
3.69833	42296
3.70000	42029
3.70167	41750
3.70333	41469
3.70500	41171
3.70667	40836
3.70833	40451
3.71000	40080
3.71167	39762
3.71333	39478
3.71500	39202
3.71667	38912
3.71833	38648
3.72000	38434
3.72167	38254
3.72333	38090
3.72500	37924
3.72667	37779
3.72833	37669
3.73000	37584
3.73167	37515
3.73333	37451
3.73500	37390
3.73667	37328
3.73833	37260
3.74000	37181
3.74167	37089
3.74333	36983
3.74500	36862
3.74667	36718
3.74833	36544
3.75000	36336
3.75167	36131
3.75333	35950
3.75500	35785
3.75667	35622
3.75833	35448
3.76000	35288
3.76167	35157
3.76333	35048
3.76500	34947
3.76667	34846
3.76833	34754
3.77000	34675
3.77167	34604
3.77333	34533
3.77500	34458
3.77667	34385
3.77833	34319
3.78000	34255
3.78167	34187
3.78333	34113
3.78500	34044
3.78667	33992
3.78833	33951
3.79000	33917
3.79167	33886
3.79333	33873
3.79500	33890
3.79667	33938
3.79833	34016
3.80000	34121
3.80167	34223
3.80333	34301
3.80500	34358
3.80667	34400
3.80833	34435
3.81000	34443
3.81167	34407
3.81333	34324
3.81500	34197
3.81667	34029
3.81833	33858
3.82000	33706
3.82167	33568
3.82333	33432
3.82500	33288
3.82667	33166
3.82833	33087
3.83000	33046
3.83167	33034
3.83333	33042
3.83500	33064
3.83667	33099
3.83833	33147
3.84000	33209
3.84167	33284
3.84333	33354
3.84500	33405
3.84667	33440
3.84833	33462
3.85000	33478
3.85167	33480
3.85333	33460
3.85500	33419
3.85667	33358
3.85833	33276
3.86000	33189
3.86167	33105
3.86333	33019
3.86500	32926
3.86667	32820
3.86833	32723
3.87000	32647
3.87167	32588
3.87333	32537
3.87500	32491
3.87667	32453
3.87833	32427
3.88000	32412
3.88167	32405
3.88333	32402
3.88500	32402
3.88667	32404
3.88833	32408
3.89000	32413
3.89167	32419
3.89333	32431
3.89500	32456
3.89667	32494
3.89833	32545
3.90000	32611
3.90167	32684
3.90333	32761
3.90500	32847
3.90667	32947
3.90833	33063
3.91000	33166
3.91167	33233
3.91333	33269
3.91500	33279
3.91667	33273
3.91833	33247
3.92000	33196
3.92167	33120
3.92333	33018
3.92500	32889
3.92667	32762
3.92833	32654
3.93000	32561
3.93167	32473
3.93333	32383
3.93500	32303
3.93667	32240
3.93833	32190
3.94000	32146
3.94167	32104
3.94333	32066
3.94500	32033
3.94667	32001
3.94833	31968
3.95000	31933
3.95167	31901
3.95333	31877
3.95500	31860
3.95667	31848
3.95833	31839
3.96000	31834
3.96167	31836
3.96333	31844
3.96500	31858
3.96667	31877
3.96833	31894
3.97000	31906
3.97167	31912
3.97333	31913
3.97500	31912
3.97667	31906
3.97833	31895
3.98000	31879
3.98167	31856
3.98333	31828
3.98500	31800
3.98667	31776
3.98833	31754
3.99000	31734
3.99167	31712
3.99333	31694
3.99500	31680
3.99667	31670
3.99833	31663
4.00000	31658
4.00167	31654
4.00333	31654
4.00500	31655
4.00667	31659
4.00833	31664
4.01000	31670
4.01167	31677
4.01333	31684
4.01500	31692
4.01667	31701
4.01833	31710
4.02000	31717
4.02167	31725
4.02333	31732
4.02500	31740
4.02667	31747
4.02833	31754
4.03000	31761
4.03167	31768
4.03333	31776
4.03500	31784
4.03667	31791
4.03833	31798
4.04000	31805
4.04167	31813
4.04333	31820
4.04500	31824
4.04667	31827
4.04833	31828
4.05000	31827
4.05167	31826
4.05333	31824
4.05500	31820
4.05667	31816
4.05833	31811
4.06000	31806
4.06167	31801
4.06333	31796
4.06500	31792
4.06667	31786
4.06833	31782
4.07000	31778
4.07167	31776
4.07333	31774
4.07500	31773
4.07667	31773
4.07833	31775
4.08000	31778
4.08167	31784
4.08333	31792
4.08500	31800
4.08667	31807
4.08833	31815
4.09000	31823
4.09167	31832
4.09333	31840
4.09500	31846
4.09667	31850
4.09833	31854
4.10000	31857
4.10167	31859
4.10333	31862
4.10500	31866
4.10667	31870
4.10833	31875
4.11000	31880
4.11167	31884
4.11333	31888
4.11500	31891
4.11667	31895
4.11833	31898
4.12000	31897
4.12167	31894
4.12333	31888
4.12500	31879
4.12667	31870
4.12833	31861
4.13000	31851
4.13167	31840
4.13333	31828
4.13500	31817
4.13667	31808
4.13833	31801
4.14000	31795
4.14167	31790
4.14333	31787
4.14500	31786
4.14667	31788
4.14833	31793
4.15000	31799
4.15167	31807
4.15333	31816
4.15500	31826
4.15667	31838
4.15833	31852
4.16000	31866
4.16167	31880
4.16333	31893
4.16500	31908
4.16667	31924
4.16833	31940
4.17000	31955
4.17167	31969
4.17333	31985
4.17500	32002
4.17667	32018
4.17833	32031
4.18000	32043
4.18167	32055
4.18333	32067
4.18500	32079
4.18667	32089
4.18833	32097
4.19000	32106
4.19167	32115
4.19333	32124
4.19500	32131
4.19667	32137
4.19833	32143
4.20000	32150
4.20167	32155
4.20333	32158
4.20500	32161
4.20667	32162
4.20833	32162
4.21000	32163
4.21167	32163
4.21333	32163
4.21500	32164
4.21667	32165
4.21833	32166
4.22000	32167
4.22167	32168
4.22333	32169
4.22500	32169
4.22667	32170
4.22833	32169
4.23000	32168
4.23167	32166
4.23333	32164
4.23500	32161
4.23667	32158
4.23833	32154
4.24000	32150
4.24167	32145
4.24333	32141
4.24500	32138
4.24667	32136
4.24833	32136
4.25000	32136
4.25167	32137
4.25333	32139
4.25500	32141
4.25667	32144
4.25833	32148
4.26000	32152
4.26167	32153
4.26333	32152
4.26500	32150
4.26667	32146
4.26833	32142
4.27000	32138
4.27167	32133
4.27333	32128
4.27500	32122
4.27667	32117
4.27833	32114
4.28000	32112
4.28167	32110
4.28333	32110
4.28500	32110
4.28667	32113
4.28833	32118
4.29000	32126
4.29167	32135
4.29333	32149
4.29500	32169
4.29667	32196
4.29833	32232
4.30000	32276
4.30167	32325
4.30333	32376
4.30500	32433
4.30667	32498
4.30833	32575
4.31000	32648
4.31167	32708
4.31333	32759
4.31500	32804
4.31667	32850
4.31833	32887
4.32000	32908
4.32167	32915
4.32333	32910
4.32500	32897
4.32667	32881
4.32833	32866
4.33000	32852
4.33167	32837
4.33333	32821
4.33500	32807
4.33667	32800
4.33833	32797
4.34000	32798
4.34167	32803
4.34333	32809
4.34500	32816
4.34667	32824
4.34833	32832
4.35000	32843
4.35167	32852
4.35333	32859
4.35500	32864
4.35667	32867
4.35833	32869
4.36000	32870
4.36167	32869
4.36333	32867
4.36500	32862
4.36667	32856
4.36833	32850
4.37000	32846
4.37167	32842
4.37333	32839
4.37500	32837
4.37667	32836
4.37833	32838
4.38000	32843
4.38167	32851
4.38333	32862
4.38500	32874
4.38667	32887
4.38833	32902
4.39000	32920
4.39167	32941
4.39333	32967
4.39500	32998
4.39667	33038
4.39833	33087
4.40000	33147
4.40167	33211
4.40333	33276
4.40500	33347
4.40667	33427
4.40833	33520
4.41000	33602
4.41167	33658
4.41333	33690
4.41500	33705
4.41667	33708
4.41833	33695
4.42000	33662
4.42167	33606
4.42333	33529
4.42500	33429
4.42667	33329
4.42833	33240
4.43000	33159
4.43167	33077
4.43333	32989
4.43500	32911
4.43667	32851
4.43833	32806
4.44000	32770
4.44167	32738
4.44333	32712
4.44500	32695
4.44667	32686
4.44833	32682
4.45000	32681
4.45167	32682
4.45333	32685
4.45500	32690
4.45667	32696
4.45833	32704
4.46000	32711
4.46167	32719
4.46333	32727
4.46500	32736
4.46667	32746
4.46833	32756
4.47000	32766
4.47167	32775
4.47333	32784
4.47500	32795
4.47667	32805
4.47833	32815
4.48000	32824
4.48167	32834
4.48333	32845
4.48500	32857
4.48667	32868
4.48833	32879
4.49000	32892
4.49167	32906
4.49333	32920
4.49500	32932
4.49667	32942
4.49833	32951
4.50000	32961
4.50167	32970
4.50333	32977
4.50500	32982
4.50667	32987
4.50833	32992
4.51000	32996
4.51167	32999
4.51333	33000
4.51500	33000
4.51667	32999
4.51833	32997
4.52000	32991
4.52167	32982
4.52333	32970
4.52500	32955
4.52667	32939
4.52833	32924
4.53000	32910
4.53167	32895
4.53333	32878
4.53500	32863
4.53667	32853
4.53833	32846
4.54000	32842
4.54167	32839
4.54333	32840
4.54500	32846
4.54667	32857
4.54833	32872
4.55000	32893
4.55167	32915
4.55333	32936
4.55500	32956
4.55667	32977
4.55833	33001
4.56000	33020
4.56167	33030
4.56333	33030
4.56500	33022
4.56667	33008
4.56833	32991
4.57000	32971
4.57167	32948
4.57333	32920
4.57500	32888
4.57667	32858
4.57833	32833
4.58000	32813
4.58167	32795
4.58333	32778
4.58500	32764
4.58667	32752
4.58833	32742
4.59000	32733
4.59167	32724
4.59333	32717
4.59500	32710
4.59667	32705
4.59833	32699
4.60000	32694
4.60167	32690
4.60333	32688
4.60500	32687
4.60667	32687
4.60833	32687
4.61000	32689
4.61167	32692
4.61333	32696
4.61500	32701
4.61667	32708
4.61833	32715
4.62000	32722
4.62167	32729
4.62333	32736
4.62500	32745
4.62667	32754
4.62833	32762
4.63000	32771
4.63167	32779
4.63333	32789
4.63500	32799
4.63667	32810
4.63833	32821
4.64000	32833
4.64167	32847
4.64333	32861
4.64500	32872
4.64667	32881
4.64833	32889
4.65000	32898
4.65167	32904
4.65333	32909
4.65500	32910
4.65667	32910
4.65833	32908
4.66000	32906
4.66167	32902
4.66333	32898
4.66500	32892
4.66667	32885
4.66833	32879
4.67000	32874
4.67167	32872
4.67333	32870
4.67500	32869
4.67667	32869
4.67833	32869
4.68000	32869
4.68167	32869
4.68333	32870
4.68500	32868
4.68667	32865
4.68833	32858
4.69000	32848
4.69167	32835
4.69333	32821
4.69500	32808
4.69667	32795
4.69833	32781
4.70000	32765
4.70167	32750
4.70333	32736
4.70500	32724
4.70667	32713
4.70833	32700
4.71000	32689
4.71167	32679
4.71333	32671
4.71500	32664
4.71667	32656
4.71833	32649
4.72000	32645
4.72167	32643
4.72333	32643
4.72500	32644
4.72667	32646
4.72833	32649
4.73000	32654
4.73167	32660
4.73333	32667
4.73500	32675
4.73667	32683
4.73833	32691
4.74000	32699
4.74167	32710
4.74333	32720
4.74500	32729
4.74667	32739
4.74833	32749
4.75000	32760
4.75167	32771
4.75333	32781
4.75500	32789
4.75667	32797
4.75833	32805
4.76000	32814
4.76167	32822
4.76333	32830
4.76500	32840
4.76667	32851
4.76833	32862
4.77000	32874
4.77167	32887
4.77333	32902
4.77500	32919
4.77667	32936
4.77833	32950
4.78000	32962
4.78167	32974
4.78333	32987
4.78500	32999
4.78667	33010
4.78833	33021
4.79000	33033
4.79167	33047
4.79333	33060
4.79500	33074
4.79667	33088
4.79833	33104
4.80000	33123
4.80167	33141
4.80333	33158
4.80500	33174
4.80667	33191
4.80833	33209
4.81000	33227
4.81167	33241
4.81333	33253
4.81500	33265
4.81667	33277
4.81833	33287
4.82000	33293
4.82167	33295
4.82333	33294
4.82500	33292
4.82667	33287
4.82833	33281
4.83000	33273
4.83167	33263
4.83333	33250
4.83500	33239
4.83667	33231
4.83833	33226
4.84000	33224
4.84167	33223
4.84333	33223
4.84500	33226
4.84667	33231
4.84833	33238
4.85000	33247
4.85167	33256
4.85333	33264
4.85500	33269
4.85667	33274
4.85833	33279
4.86000	33283
4.86167	33287
4.86333	33290
4.86500	33294
4.86667	33299
4.86833	33305
4.87000	33313
4.87167	33324
4.87333	33338
4.87500	33355
4.87667	33374
4.87833	33395
4.88000	33419
4.88167	33446
4.88333	33478
4.88500	33512
4.88667	33546
4.88833	33583
4.89000	33625
4.89167	33673
4.89333	33722
4.89500	33769
4.89667	33817
4.89833	33869
4.90000	33928
4.90167	33988
4.90333	34045
4.90500	34104
4.90667	34168
4.90833	34241
4.91000	34314
4.91167	34386
4.91333	34459
4.91500	34539
4.91667	34631
4.91833	34723
4.92000	34810
4.92167	34897
4.92333	34992
4.92500	35098
4.92667	35207
4.92833	35316
4.93000	35431
4.93167	35559
4.93333	35708
4.93500	35882
4.93667	36095
4.93833	36360
4.94000	36689
4.94167	37089
4.94333	37664
4.94500	38525
4.94667	39732
4.94833	41317
4.95000	43299
4.95167	46219
4.95333	50651
4.95500	56904
4.95667	65135
4.95833	75432
4.96000	88683
4.96167	106237
4.96333	129230
4.96500	158447
4.96667	194356
4.96833	233896
4.97000	276440
4.97167	324433
4.97333	380466
4.97500	446404
4.97667	510994
4.97833	567959
4.98000	620307
4.98167	672631
4.98333	728635
4.98500	777018
4.98667	810336
4.98833	830488
4.99000	841267
4.99167	845933
4.99333	843254
4.99500	831509
4.99667	810473
4.99833	780358
5.00000	741479
5.00167	700585
5.00333	661074
5.00500	621056
5.00667	577780
5.00833	529059
5.01000	482612
5.01167	442808
5.01333	407371
5.01500	372920
5.01667	336724
5.01833	303689
5.02000	276666
5.02167	253877
5.02333	232827
5.02500	211515
5.02667	192368
5.02833	176777
5.03000	163621
5.03167	151433
5.03333	139054
5.03500	127868
5.03667	118659
5.03833	110768
5.04000	103343
5.04167	95712
5.04333	88811
5.04500	83184
5.04667	78440
5.04833	74055
5.05000	69609
5.05167	65642
5.05333	62469
5.05500	59864
5.05667	57523
5.05833	55201
5.06000	53150
5.06167	51520
5.06333	50186
5.06500	48990
5.06667	47806
5.06833	46758
5.07000	45919
5.07167	45226
5.07333	44598
5.07500	43970
5.07667	43419
5.07833	42991
5.08000	42656
5.08167	42369
5.08333	42096
5.08500	41877
5.08667	41735
5.08833	41661
5.09000	41635
5.09167	41643
5.09333	41676
5.09500	41733
5.09667	41813
5.09833	41918
5.10000	42048
5.10167	42164
5.10333	42240
5.10500	42278
5.10667	42287
5.10833	42275
5.11000	42227
5.11167	42130
5.11333	41978
5.11500	41769
5.11667	41504
5.11833	41228
5.12000	40966
5.12167	40704
5.12333	40423
5.12500	40110
5.12667	39827
5.12833	39614
5.13000	39461
5.13167	39345
5.13333	39249
5.13500	39192
5.13667	39189
5.13833	39238
5.14000	39334
5.14167	39471
5.14333	39606
5.14500	39715
5.14667	39801
5.14833	39872
5.15000	39937
5.15167	39965
5.15333	39932
5.15500	39835
5.15667	39678
5.15833	39465
5.16000	39231
5.16167	38991
5.16333	38734
5.16500	38446
5.16667	38113
5.16833	37793
5.17000	37518
5.17167	37271
5.17333	37031
5.17500	36779
5.17667	36554
5.17833	36381
5.18000	36249
5.18167	36140
5.18333	36041
5.18500	35963
5.18667	35911
5.18833	35882
5.19000	35869
5.19167	35867
5.19333	35864
5.19500	35851
5.19667	35828
5.19833	35792
5.20000	35745
5.20167	35688
5.20333	35616
5.20500	35527
5.20667	35417
5.20833	35284
5.21000	35148
5.21167	35021
5.21333	34894
5.21500	34759
5.21667	34609
5.21833	34467
5.22000	34345
5.22167	34237
5.22333	34132
5.22500	34021
5.22667	33920
5.22833	33836
5.23000	33763
5.23167	33695
5.23333	33624
5.23500	33560
5.23667	33505
5.23833	33458
5.24000	33412
5.24167	33364
5.24333	33319
5.24500	33281
5.24667	33247
5.24833	33214
5.25000	33178
5.25167	33145
5.25333	33114
5.25500	33084
5.25667	33053
5.25833	33018
5.26000	32984
5.26167	32953
5.26333	32922
5.26500	32890
5.26667	32854
5.26833	32819
5.27000	32787
5.27167	32756
5.27333	32725
5.27500	32690
5.27667	32656
5.27833	32626
5.28000	32599
5.28167	32571
5.28333	32540
5.28500	32512
5.28667	32487
5.28833	32465
5.29000	32444
5.29167	32421
5.29333	32400
5.29500	32381
5.29667	32362
5.29833	32344
5.30000	32324
5.30167	32305
5.30333	32290
5.30500	32278
5.30667	32268
5.30833	32258
5.31000	32250
5.31167	32244
5.31333	32240
5.31500	32237
5.31667	32236
5.31833	32234
5.32000	32232
5.32167	32229
5.32333	32226
5.32500	32221
5.32667	32215
5.32833	32208
5.33000	32200
5.33167	32189
5.33333	32177
5.33500	32164
5.33667	32152
5.33833	32140
5.34000	32127
5.34167	32113
5.34333	32100
5.34500	32090
5.34667	32082
5.34833	32075
5.35000	32069
5.35167	32063
5.35333	32059
5.35500	32055
5.35667	32053
5.35833	32050
5.36000	32048
5.36167	32046
5.36333	32044
5.36500	32043
5.36667	32041
5.36833	32040
5.37000	32037
5.37167	32034
5.37333	32029
5.37500	32024
5.37667	32018
5.37833	32013
5.38000	32007
5.38167	32002
5.38333	31996
5.38500	31989
5.38667	31983
5.38833	31977
5.39000	31969
5.39167	31961
5.39333	31951
5.39500	31942
5.39667	31931
5.39833	31919
5.40000	31905
5.40167	31891
5.40333	31878
5.40500	31865
5.40667	31852
5.40833	31837
5.41000	31822
5.41167	31808
5.41333	31794
5.41500	31779
5.41667	31762
5.41833	31745
5.42000	31728
5.42167	31711
5.42333	31692
5.42500	31671
5.42667	31650
5.42833	31630
5.43000	31611
5.43167	31591
5.43333	31569
5.43500	31548
5.43667	31529
5.43833	31511
5.44000	31492
5.44167	31473
5.44333	31453
5.44500	31437
5.44667	31421
5.44833	31405
5.45000	31388
5.45167	31371
5.45333	31356
5.45500	31342
5.45667	31328
5.45833	31312
5.46000	31297
5.46167	31284
5.46333	31272
5.46500	31260
5.46667	31247
5.46833	31235
5.47000	31224
5.47167	31215
5.47333	31206
5.47500	31197
5.47667	31188
5.47833	31180
5.48000	31173
5.48167	31166
5.48333	31158
5.48500	31152
5.48667	31147
5.48833	31145
5.49000	31143
5.49167	31142
5.49333	31142
5.49500	31143
5.49667	31146
5.49833	31149
5.50000	31154
5.50167	31159
5.50333	31163
5.50500	31168
5.50667	31174
5.50833	31180
5.51000	31186
5.51167	31192
5.51333	31197
5.51500	31203
5.51667	31209
5.51833	31215
5.52000	31220
5.52167	31225
5.52333	31230
5.52500	31235
5.52667	31240
5.52833	31243
5.53000	31244
5.53167	31244
5.53333	31244
5.53500	31242
5.53667	31238
5.53833	31231
5.54000	31222
5.54167	31211
5.54333	31199
5.54500	31187
5.54667	31174
5.54833	31159
5.55000	31143
5.55167	31126
5.55333	31110
5.55500	31094
5.55667	31078
5.55833	31059
5.56000	31041
5.56167	31024
5.56333	31007
5.56500	30989
5.56667	30969
5.56833	30949
5.57000	30931
5.57167	30913
5.57333	30894
5.57500	30874
5.57667	30853
5.57833	30835
5.58000	30816
5.58167	30797
5.58333	30776
5.58500	30754
5.58667	30733
5.58833	30710
5.59000	30684
5.59167	30654
5.59333	30623
5.59500	30593
5.59667	30562
5.59833	30528
5.60000	30489
5.60167	30451
5.60333	30417
5.60500	30386
5.60667	30355
5.60833	30321
5.61000	30288
5.61167	30260
5.61333	30233
5.61500	30206
5.61667	30177
5.61833	30149
5.62000	30126
5.62167	30105
5.62333	30084
5.62500	30063
5.62667	30044
5.62833	30028
5.63000	30015
5.63167	30004
5.63333	29992
5.63500	29982
5.63667	29974
5.63833	29967
5.64000	29960
5.64167	29954
5.64333	29948
5.64500	29942
5.64667	29938
5.64833	29933
5.65000	29929
5.65167	29925
5.65333	29921
5.65500	29917
5.65667	29913
5.65833	29909
5.66000	29904
5.66167	29900
5.66333	29897
5.66500	29893
5.66667	29889
5.66833	29885
5.67000	29880
5.67167	29875
5.67333	29868
5.67500	29859
5.67667	29850
5.67833	29840
5.68000	29830
5.68167	29817
5.68333	29802
5.68500	29787
5.68667	29770
5.68833	29753
5.69000	29733
5.69167	29709
5.69333	29686
5.69500	29664
5.69667	29643
5.69833	29621
5.70000	29597
5.70167	29573
5.70333	29551
5.70500	29530
5.70667	29508
5.70833	29483
5.71000	29459
5.71167	29436
5.71333	29412
5.71500	29387
5.71667	29359
5.71833	29331
5.72000	29305
5.72167	29279
5.72333	29251
5.72500	29219
5.72667	29189
5.72833	29160
5.73000	29133
5.73167	29105
5.73333	29073
5.73500	29043
5.73667	29016
5.73833	28991
5.74000	28965
5.74167	28937
5.74333	28910
5.74500	28886
5.74667	28864
5.74833	28841
5.75000	28816
5.75167	28792
5.75333	28771
5.75500	28752
5.75667	28733
5.75833	28712
5.76000	28692
5.76167	28675
5.76333	28658
5.76500	28641
5.76667	28622
5.76833	28604
5.77000	28588
5.77167	28573
5.77333	28559
5.77500	28542
5.77667	28527
5.77833	28515
5.78000	28504
5.78167	28494
5.78333	28484
5.78500	28474
5.78667	28466
5.78833	28458
5.79000	28451
5.79167	28442
5.79333	28435
5.79500	28429
5.79667	28425
5.79833	28422
5.80000	28419
5.80167	28418
5.80333	28417
5.80500	28418
5.80667	28420
5.80833	28424
5.81000	28427
5.81167	28429
5.81333	28430
5.81500	28431
5.81667	28431
5.81833	28430
5.82000	28429
5.82167	28428
5.82333	28426
5.82500	28423
5.82667	28420
5.82833	28415
5.83000	28409
5.83167	28401
5.83333	28391
5.83500	28381
5.83667	28371
5.83833	28360
5.84000	28348
5.84167	28335
5.84333	28321
5.84500	28308
5.84667	28295
5.84833	28281
5.85000	28265
5.85167	28248
5.85333	28230
5.85500	28211
5.85667	28188
5.85833	28162
5.86000	28135
5.86167	28109
5.86333	28083
5.86500	28055
5.86667	28023
5.86833	27991
5.87000	27963
5.87167	27935
5.87333	27906
5.87500	27873
5.87667	27842
5.87833	27814
5.88000	27786
5.88167	27757
5.88333	27726
5.88500	27695
5.88667	27666
5.88833	27638
5.89000	27608
5.89167	27574
5.89333	27542
5.89500	27511
5.89667	27482
5.89833	27451
5.90000	27416
5.90167	27383
5.90333	27353
5.90500	27325
5.90667	27297
5.90833	27266
5.91000	27237
5.91167	27212
5.91333	27190
5.91500	27169
5.91667	27146
5.91833	27126
5.92000	27108
5.92167	27094
5.92333	27080
5.92500	27065
5.92667	27052
5.92833	27041
5.93000	27031
5.93167	27021
5.93333	27011
5.93500	27001
5.93667	26992
5.93833	26984
5.94000	26976
5.94167	26967
5.94333	26959
5.94500	26952
5.94667	26946
5.94833	26940
5.95000	26934
5.95167	26929
5.95333	26926
5.95500	26924
5.95667	26924
5.95833	26924
5.96000	26924
5.96167	26925
5.96333	26926
5.96500	26927
5.96667	26928
5.96833	26928
5.97000	26927
5.97167	26925
5.97333	26921
5.97500	26916
5.97667	26910
5.97833	26903
5.98000	26895
5.98167	26885
5.98333	26873
5.98500	26861
5.98667	26850
5.98833	26838
5.99000	26825
5.99167	26810
5.99333	26795
5.99500	26781
5.99667	26766
5.99833	26749
6.00000	26730
6.00167	26711
6.00333	26691
6.00500	26671
6.00667	26647
6.00833	26620
6.01000	26592
6.01167	26566
6.01333	26538
6.01500	26508
6.01667	26474
6.01833	26440
6.02000	26407
6.02167	26376
6.02333	26342
6.02500	26304
6.02667	26266
6.02833	26232
6.03000	26198
6.03167	26162
6.03333	26122
6.03500	26083
6.03667	26047
6.03833	26012
6.04000	25975
6.04167	25934
6.04333	25894
6.04500	25858
6.04667	25823
6.04833	25787
6.05000	25748
6.05167	25710
6.05333	25677
6.05500	25647
6.05667	25617
6.05833	25585
6.06000	25554
6.06167	25526
6.06333	25499
6.06500	25472
6.06667	25442
6.06833	25412
6.07000	25386
6.07167	25362
6.07333	25337
6.07500	25310
6.07667	25285
6.07833	25267
6.08000	25252
6.08167	25240
6.08333	25230
6.08500	25221
6.08667	25213
6.08833	25207
6.09000	25201
6.09167	25195
6.09333	25189
6.09500	25182
6.09667	25175
6.09833	25167
6.10000	25156
6.10167	25147
6.10333	25139
6.10500	25132
6.10667	25125
6.10833	25118
6.11000	25113
6.11167	25109
6.11333	25106
6.11500	25105
6.11667	25104
6.11833	25104
6.12000	25103
6.12167	25101
6.12333	25098
6.12500	25095
6.12667	25091
6.12833	25085
6.13000	25077
6.13167	25066
6.13333	25054
6.13500	25040
6.13667	25028
6.13833	25014
6.14000	25000
6.14167	24984
6.14333	24967
6.14500	24951
6.14667	24934
6.14833	24915
6.15000	24893
6.15167	24871
6.15333	24850
6.15500	24827
6.15667	24803
6.15833	24775
6.16000	24746
6.16167	24718
6.16333	24689
6.16500	24657
6.16667	24622
6.16833	24586
6.17000	24552
6.17167	24518
6.17333	24482
6.17500	24441
6.17667	24401
6.17833	24364
6.18000	24327
6.18167	24288
6.18333	24244
6.18500	24201
6.18667	24162
6.18833	24124
6.19000	24085
6.19167	24042
6.19333	23999
6.19500	23960
6.19667	23923
6.19833	23883
6.20000	23840
6.20167	23797
6.20333	23758
6.20500	23720
6.20667	23680
6.20833	23636
6.21000	23594
6.21167	23557
6.21333	23524
6.21500	23490
6.21667	23455
6.21833	23421
6.22000	23393
6.22167	23368
6.22333	23344
6.22500	23319
6.22667	23296
6.22833	23277
6.23000	23261
6.23167	23245
6.23333	23230
6.23500	23216
6.23667	23204
6.23833	23193
6.24000	23182
6.24167	23170
6.24333	23160
6.24500	23150
6.24667	23142
6.24833	23134
6.25000	23126
6.25167	23117
6.25333	23110
6.25500	23103
6.25667	23095
6.25833	23087
6.26000	23079
6.26167	23072
6.26333	23066
6.26500	23059
6.26667	23052
6.26833	23046
6.27000	23039
6.27167	23033
6.27333	23027
6.27500	23020
6.27667	23012
6.27833	23005
6.28000	22996
6.28167	22987
6.28333	22975
6.28500	22963
6.28667	22951
6.28833	22938
6.29000	22922
6.29167	22905
6.29333	22886
6.29500	22866
6.29667	22844
6.29833	22819
6.30000	22789
6.30167	22759
6.30333	22730
6.30500	22700
6.30667	22667
6.30833	22630
6.31000	22593
6.31167	22557
6.31333	22521
6.31500	22482
6.31667	22438
6.31833	22394
6.32000	22352
6.32167	22309
6.32333	22263
6.32500	22212
6.32667	22160
6.32833	22113
6.33000	22066
6.33167	22016
6.33333	21960
6.33500	21905
6.33667	21855
6.33833	21807
6.34000	21756
6.34167	21700
6.34333	21646
6.34500	21596
6.34667	21549
6.34833	21500
6.35000	21446
6.35167	21393
6.35333	21345
6.35500	21298
6.35667	21249
6.35833	21195
6.36000	21143
6.36167	21096
6.36333	21052
6.36500	21008
6.36667	20959
6.36833	20913
6.37000	20872
6.37167	20835
6.37333	20798
6.37500	20758
6.37667	20721
6.37833	20688
6.38000	20658
6.38167	20628
6.38333	20595
6.38500	20565
6.38667	20538
6.38833	20514
6.39000	20489
6.39167	20464
6.39333	20439
6.39500	20419
6.39667	20402
6.39833	20385
6.40000	20368
6.40167	20353
6.40333	20341
6.40500	20332
6.40667	20325
6.40833	20318
6.41000	20312
6.41167	20306
6.41333	20301
6.41500	20294
6.41667	20287
6.41833	20280
6.42000	20271
6.42167	20260
6.42333	20248
6.42500	20233
6.42667	20218
6.42833	20204
6.43000	20191
6.43167	20177
6.43333	20162
6.43500	20147
6.43667	20133
6.43833	20118
6.44000	20102
6.44167	20084
6.44333	20065
6.44500	20046
6.44667	20026
6.44833	20002
6.45000	19975
6.45167	19947
6.45333	19919
6.45500	19890
6.45667	19857
6.45833	19820
6.46000	19782
6.46167	19747
6.46333	19711
6.46500	19673
6.46667	19630
6.46833	19588
6.47000	19547
6.47167	19506
6.47333	19462
6.47500	19411
6.47667	19361
6.47833	19314
6.48000	19267
6.48167	19216
6.48333	19159
6.48500	19103
6.48667	19052
6.48833	19004
6.49000	18954
6.49167	18899
6.49333	18845
6.49500	18797
6.49667	18750
6.49833	18700
6.50000	18646
6.50167	18593
6.50333	18545
6.50500	18500
6.50667	18453
6.50833	18401
6.51000	18352
6.51167	18308
6.51333	18266
6.51500	18224
6.51667	18178
6.51833	18134
6.52000	18095
6.52167	18059
6.52333	18023
6.52500	17984
6.52667	17947
6.52833	17914
6.53000	17885
6.53167	17856
6.53333	17825
6.53500	17796
6.53667	17770
6.53833	17746
6.54000	17721
6.54167	17695
6.54333	17671
6.54500	17651
6.54667	17635
6.54833	17620
6.55000	17606
6.55167	17593
6.55333	17583
6.55500	17574
6.55667	17566
6.55833	17559
6.56000	17551
6.56167	17544
6.56333	17537
6.56500	17529
6.56667	17521
6.56833	17513
6.57000	17505
6.57167	17497
6.57333	17489
6.57500	17479
6.57667	17470
6.57833	17461
6.58000	17452
6.58167	17441
6.58333	17430
6.58500	17418
6.58667	17406
6.58833	17393
6.59000	17378
6.59167	17361
6.59333	17343
6.59500	17325
6.59667	17304
6.59833	17281
6.60000	17253
6.60167	17225
6.60333	17197
6.60500	17168
6.60667	17136
6.60833	17100
6.61000	17063
6.61167	17026
6.61333	16989
6.61500	16948
6.61667	16901
6.61833	16854
6.62000	16810
6.62167	16766
6.62333	16720
6.62500	16668
6.62667	16616
6.62833	16566
6.63000	16516
6.63167	16461
6.63333	16400
6.63500	16338
6.63667	16281
6.63833	16224
6.64000	16163
6.64167	16095
6.64333	16029
6.64500	15968
6.64667	15911
6.64833	15852
6.65000	15786
6.65167	15723
6.65333	15664
6.65500	15606
6.65667	15546
6.65833	15478
6.66000	15413
6.66167	15355
6.66333	15301
6.66500	15246
6.66667	15185
6.66833	15128
6.67000	15077
6.67167	15030
6.67333	14983
6.67500	14933
6.67667	14884
6.67833	14841
6.68000	14800
6.68167	14758
6.68333	14712
6.68500	14668
6.68667	14630
6.68833	14596
6.69000	14561
6.69167	14525
6.69333	14490
6.69500	14461
6.69667	14434
6.69833	14407
6.70000	14379
6.70167	14352
6.70333	14330
6.70500	14309
6.70667	14289
6.70833	14267
6.71000	14247
6.71167	14230
6.71333	14214
6.71500	14199
6.71667	14182
6.71833	14167
6.72000	14153
6.72167	14141
6.72333	14128
6.72500	14114
6.72667	14099
6.72833	14086
6.73000	14072
6.73167	14056
6.73333	14039
6.73500	14020
6.73667	14002
6.73833	13982
6.74000	13959
6.74167	13933
6.74333	13906
6.74500	13880
6.74667	13854
6.74833	13825
6.75000	13792
6.75167	13759
6.75333	13726
6.75500	13691
6.75667	13653
6.75833	13608
6.76000	13564
6.76167	13522
6.76333	13480
6.76500	13434
6.76667	13382
6.76833	13331
6.77000	13282
6.77167	13232
6.77333	13178
6.77500	13117
6.77667	13056
6.77833	12998
6.78000	12939
6.78167	12876
6.78333	12804
6.78500	12734
6.78667	12671
6.78833	12610
6.79000	12546
6.79167	12477
6.79333	12408
6.79500	12345
6.79667	12284
6.79833	12219
6.80000	12146
6.80167	12075
6.80333	12007
6.80500	11940
6.80667	11869
6.80833	11789
6.81000	11711
6.81167	11641
6.81333	11574
6.81500	11505
6.81667	11430
6.81833	11359
6.82000	11296
6.82167	11238
6.82333	11179
6.82500	11116
6.82667	11056
6.82833	11001
6.83000	10950
6.83167	10897
6.83333	10839
6.83500	10784
6.83667	10735
6.83833	10690
6.84000	10644
6.84167	10595
6.84333	10549
6.84500	10509
6.84667	10474
6.84833	10439
6.85000	10403
6.85167	10370
6.85333	10341
6.85500	10315
6.85667	10290
6.85833	10263
6.86000	10238
6.86167	10215
6.86333	10194
6.86500	10171
6.86667	10147
6.86833	10123
6.87000	10102
6.87167	10083
6.87333	10064
6.87500	10043
6.87667	10023
6.87833	10003
6.88000	9984
6.88167	9963
6.88333	9939
6.88500	9916
6.88667	9894
6.88833	9873
6.89000	9851
6.89167	9826
6.89333	9801
6.89500	9778
6.89667	9755
6.89833	9730
6.90000	9703
6.90167	9674
6.90333	9646
6.90500	9616
6.90667	9582
6.90833	9544
6.91000	9504
6.91167	9465
6.91333	9425
6.91500	9381
6.91667	9330
6.91833	9279
6.92000	9230
6.92167	9179
6.92333	9124
6.92500	9061
6.92667	8997
6.92833	8938
6.93000	8878
6.93167	8813
6.93333	8740
6.93500	8668
6.93667	8600
6.93833	8532
6.94000	8459
6.94167	8378
6.94333	8297
6.94500	8223
6.94667	8151
6.94833	8075
6.95000	7990
6.95167	7909
6.95333	7835
6.95500	7764
6.95667	7692
6.95833	7612
6.96000	7534
6.96167	7463
6.96333	7393
6.96500	7319
6.96667	7238
6.96833	7158
6.97000	7085
6.97167	7014
6.97333	6940
6.97500	6859
6.97667	6781
6.97833	6712
6.98000	6648
6.98167	6583
6.98333	6512
6.98500	6446
6.98667	6387
6.98833	6333
6.99000	6279
6.99167	6221
6.99333	6166
6.99500	6118
6.99667	6073
6.99833	6029
7.00000	5981
7.00167	5936
7.00333	5897
7.00500	5861
7.00667	5825
7.00833	5786
7.01000	5750
7.01167	5719
7.01333	5690
7.01500	5662
7.01667	5633
7.01833	5605
7.02000	5580
7.02167	5556
7.02333	5533
7.02500	5507
7.02667	5483
7.02833	5462
7.03000	5443
7.03167	5424
7.03333	5403
7.03500	5384
7.03667	5365
7.03833	5347
7.04000	5327
7.04167	5305
7.04333	5282
7.04500	5258
7.04667	5233
7.04833	5205
7.05000	5171
7.05167	5137
7.05333	5104
7.05500	5070
7.05667	5033
7.05833	4990
7.06000	4948
7.06167	4907
7.06333	4866
7.06500	4822
7.06667	4772
7.06833	4721
7.07000	4673
7.07167	4624
7.07333	4571
7.07500	4511
7.07667	4451
7.07833	4393
7.08000	4333
7.08167	4268
7.08333	4195
7.08500	4121
7.08667	4052
7.08833	3983
7.09000	3909
7.09167	3827
7.09333	3745
7.09500	3670
7.09667	3597
7.09833	3519
7.10000	3433
7.10167	3349
7.10333	3271
7.10500	3195
7.10667	3115
7.10833	3027
7.11000	2941
7.11167	2862
7.11333	2786
7.11500	2707
7.11667	2619
7.11833	2534
7.12000	2457
7.12167	2383
7.12333	2306
7.12500	2221
7.12667	2139
7.12833	2067
7.13000	1999
7.13167	1931
7.13333	1856
7.13500	1785
7.13667	1722
7.13833	1663
7.14000	1602
7.14167	1536
7.14333	1473
7.14500	1416
7.14667	1363
7.14833	1308
7.15000	1249
7.15167	1192
7.15333	1142
7.15500	1096
7.15667	1049
7.15833	998
7.16000	950
7.16167	908
7.16333	868
7.16500	829
7.16667	786
7.16833	746
7.17000	711
7.17167	680
7.17333	648
7.17500	615
7.17667	584
7.17833	557
7.18000	531
7.18167	506
7.18333	478
7.18500	451
7.18667	426
7.18833	400
7.19000	373
7.19167	342
7.19333	311
7.19500	281
7.19667	250
7.19833	216
7.20000	178
7.20167	139
7.20333	102
7.20500	64
7.20667	22
7.20833	-24
7.21000	-72
7.21167	-117
7.21333	-164
7.21500	-216
7.21667	-274
7.21833	-332
7.22000	-387
7.22167	-441
7.22333	-498
7.22500	-562
7.22667	-626
7.22833	-687
7.23000	-749
7.23167	-815
7.23333	-890
7.23500	-965
7.23667	-1037
7.23833	-1110
7.24000	-1189
7.24167	-1279
7.24333	-1368
7.24500	-1451
7.24667	-1533
7.24833	-1621
7.25000	-1719
7.25167	-1815
7.25333	-1904
7.25500	-1989
7.25667	-2079
7.25833	-2179
7.26000	-2276
7.26167	-2363
7.26333	-2447
7.26500	-2534
7.26667	-2630
7.26833	-2724
7.27000	-2809
7.27167	-2892
7.27333	-2978
7.27500	-3074
7.27667	-3166
7.27833	-3250
7.28000	-3330
7.28167	-3412
7.28333	-3502
7.28500	-3589
7.28667	-3666
7.28833	-3739
7.29000	-3814
7.29167	-3895
7.29333	-3973
7.29500	-4042
7.29667	-4107
7.29833	-4173
7.30000	-4245
7.30167	-4313
7.30333	-4372
7.30500	-4427
7.30667	-4482
7.30833	-4540
7.31000	-4596
7.31167	-4645
7.31333	-4691
7.31500	-4737
7.31667	-4786
7.31833	-4833
7.32000	-4874
7.32167	-4912
7.32333	-4950
7.32500	-4990
7.32667	-5028
7.32833	-5061
7.33000	-5091
7.33167	-5121
7.33333	-5153
7.33500	-5183
7.33667	-5212
7.33833	-5239
7.34000	-5269
7.34167	-5302
7.34333	-5335
7.34500	-5367
7.34667	-5400
7.34833	-5437
7.35000	-5479
7.35167	-5520
7.35333	-5559
7.35500	-5597
7.35667	-5637
7.35833	-5681
7.36000	-5725
7.36167	-5765
7.36333	-5806
7.36500	-5848
7.36667	-5896
7.36833	-5945
7.37000	-5992
7.37167	-6042
7.37333	-6097
7.37500	-6161
7.37667	-6224
7.37833	-6284
7.38000	-6345
7.38167	-6410
7.38333	-6483
7.38500	-6556
7.38667	-6625
7.38833	-6693
7.39000	-6767
7.39167	-6850
7.39333	-6933
7.39500	-7011
7.39667	-7090
7.39833	-7175
7.40000	-7271
7.40167	-7366
7.40333	-7454
7.40500	-7541
7.40667	-7633
7.40833	-7735
7.41000	-7836
7.41167	-7929
7.41333	-8019
7.41500	-8115
7.41667	-8221
7.41833	-8325
7.42000	-8419
7.42167	-8509
7.42333	-8603
7.42500	-8706
7.42667	-8807
7.42833	-8898
7.43000	-8985
7.43167	-9075
7.43333	-9175
7.43500	-9272
7.43667	-9359
7.43833	-9443
7.44000	-9530
7.44167	-9625
7.44333	-9717
7.44500	-9800
7.44667	-9878
7.44833	-9959
7.45000	-10047
7.45167	-10131
7.45333	-10204
7.45500	-10270
7.45667	-10337
7.45833	-10408
7.46000	-10475
7.46167	-10532
7.46333	-10585
7.46500	-10637
7.46667	-10692
7.46833	-10745
7.47000	-10792
7.47167	-10837
7.47333	-10883
7.47500	-10933
7.47667	-10981
7.47833	-11024
7.48000	-11063
7.48167	-11103
7.48333	-11147
7.48500	-11188
7.48667	-11226
7.48833	-11262
7.49000	-11300
7.49167	-11341
7.49333	-11382
7.49500	-11420
7.49667	-11457
7.49833	-11497
7.50000	-11541
7.50167	-11585
7.50333	-11626
7.50500	-11667
7.50667	-11711
7.50833	-11759
7.51000	-11808
7.51167	-11853
7.51333	-11899
7.51500	-11948
7.51667	-12003
7.51833	-12059
7.52000	-12111
7.52167	-12165
7.52333	-12223
7.52500	-12289
7.52667	-12355
7.52833	-12418
7.53000	-12482
7.53167	-12551
7.53333	-12628
7.53500	-12706
7.53667	-12780
7.53833	-12855
7.54000	-12936
7.54167	-13028
7.54333	-13119
7.54500	-13206
7.54667	-13294
7.54833	-13390
7.55000	-13497
7.55167	-13603
7.55333	-13702
7.55500	-13798
7.55667	-13900
7.55833	-14013
7.56000	-14123
7.56167	-14225
7.56333	-14323
7.56500	-14426
7.56667	-14540
7.56833	-14652
7.57000	-14756
7.57167	-14858
7.57333	-14967
7.57500	-15088
7.57667	-15207
7.57833	-15316
7.58000	-15421
7.58167	-15532
7.58333	-15655
7.58500	-15774
7.58667	-15881
7.58833	-15984
7.59000	-16090
7.59167	-16206
7.59333	-16318
7.59500	-16418
7.59667	-16512
7.59833	-16609
7.60000	-16715
7.60167	-16817
7.60333	-16907
7.60500	-16992
7.60667	-17079
7.60833	-17174
7.61000	-17265
7.61167	-17345
7.61333	-17421
7.61500	-17499
7.61667	-17584
7.61833	-17665
7.62000	-17737
7.62167	-17805
7.62333	-17874
7.62500	-17950
7.62667	-18022
7.62833	-18086
7.63000	-18146
7.63167	-18207
7.63333	-18274
7.63500	-18337
7.63667	-18393
7.63833	-18446
7.64000	-18500
7.64167	-18559
7.64333	-18616
7.64500	-18668
7.64667	-18718
7.64833	-18772
7.65000	-18831
7.65167	-18889
7.65333	-18942
7.65500	-18995
7.65667	-19050
7.65833	-19111
7.66000	-19171
7.66167	-19226
7.66333	-19280
7.66500	-19337
7.66667	-19401
7.66833	-19463
7.67000	-19523
7.67167	-19582
7.67333	-19645
7.67500	-19716
7.67667	-19787
7.67833	-19855
7.68000	-19924
7.68167	-19999
7.68333	-20084
7.68500	-20169
7.68667	-20250
7.68833	-20331
7.69000	-20419
7.69167	-20519
7.69333	-20618
7.69500	-20710
7.69667	-20802
7.69833	-20899
7.70000	-21008
7.70167	-21116
7.70333	-21217
7.70500	-21317
7.70667	-21424
7.70833	-21543
7.71000	-21661
7.71167	-21770
7.71333	-21877
7.71500	-21991
7.71667	-22119
7.71833	-22244
7.72000	-22359
7.72167	-22473
7.72333	-22592
7.72500	-22725
7.72667	-22854
7.72833	-22973
7.73000	-23088
7.73167	-23209
7.73333	-23342
7.73500	-23472
7.73667	-23589
7.73833	-23701
7.74000	-23816
7.74167	-23943
7.74333	-24066
7.74500	-24178
7.74667	-24286
7.74833	-24398
7.75000	-24522
7.75167	-24641
7.75333	-24747
7.75500	-24848
7.75667	-24950
7.75833	-25062
7.76000	-25169
7.76167	-25263
7.76333	-25352
7.76500	-25442
7.76667	-25541
7.76833	-25635
7.77000	-25720
7.77167	-25801
7.77333	-25885
7.77500	-25978
7.77667	-26066
7.77833	-26145
7.78000	-26218
7.78167	-26293
7.78333	-26374
7.78500	-26452
7.78667	-26521
7.78833	-26586
7.79000	-26653
7.79167	-26726
7.79333	-26795
7.79500	-26858
7.79667	-26916
7.79833	-26976
7.80000	-27041
7.80167	-27103
7.80333	-27160
7.80500	-27213
7.80667	-27269
7.80833	-27329
7.81000	-27389
7.81167	-27445
7.81333	-27501
7.81500	-27560
7.81667	-27627
7.81833	-27693
7.82000	-27755
7.82167	-27816
7.82333	-27882
7.82500	-27956
7.82667	-28030
7.82833	-28098
7.83000	-28167
7.83167	-28240
7.83333	-28321
7.83500	-28403
7.83667	-28479
7.83833	-28555
7.84000	-28637
7.84167	-28729
7.84333	-28820
7.84500	-28907
7.84667	-28993
7.84833	-29086
7.85000	-29190
7.85167	-29294
7.85333	-29391
7.85500	-29487
7.85667	-29591
7.85833	-29707
7.86000	-29821
7.86167	-29928
7.86333	-30033
7.86500	-30144
7.86667	-30269
7.86833	-30391
7.87000	-30504
7.87167	-30614
7.87333	-30730
7.87500	-30858
7.87667	-30984
7.87833	-31101
7.88000	-31215
7.88167	-31335
7.88333	-31468
7.88500	-31598
7.88667	-31717
7.88833	-31833
7.89000	-31953
7.89167	-32087
7.89333	-32216
7.89500	-32333
7.89667	-32444
7.89833	-32559
7.90000	-32686
7.90167	-32808
7.90333	-32919
7.90500	-33025
7.90667	-33135
7.90833	-33256
7.91000	-33373
7.91167	-33477
7.91333	-33575
7.91500	-33675
7.91667	-33784
7.91833	-33888
7.92000	-33979
7.92167	-34064
7.92333	-34150
7.92500	-34243
7.92667	-34332
7.92833	-34412
7.93000	-34487
7.93167	-34565
7.93333	-34650
7.93500	-34731
7.93667	-34803
7.93833	-34869
7.94000	-34937
7.94167	-35009
7.94333	-35079
7.94500	-35141
7.94667	-35200
7.94833	-35260
7.95000	-35325
7.95167	-35388
7.95333	-35446
7.95500	-35502
7.95667	-35561
7.95833	-35625
7.96000	-35688
7.96167	-35744
7.96333	-35797
7.96500	-35852
7.96667	-35912
7.96833	-35970
7.97000	-36024
7.97167	-36077
7.97333	-36134
7.97500	-36197
7.97667	-36259
7.97833	-36318
7.98000	-36377
7.98167	-36440
7.98333	-36512
7.98500	-36582
7.98667	-36648
7.98833	-36712
7.99000	-36780
7.99167	-36856
7.99333	-36931
7.99500	-37002
7.99667	-37074
7.99833	-37151
8.00000	-37238
8.00167	-37325
8.00333	-37407
8.00500	-37490
8.00667	-37580
8.00833	-37681
8.01000	-37781
8.01167	-37874
8.01333	-37966
8.01500	-38063
8.01667	-38171
8.01833	-38277
8.02000	-38375
8.02167	-38472
8.02333	-38575
8.02500	-38690
8.02667	-38802
8.02833	-38906
8.03000	-39007
8.03167	-39114
8.03333	-39232
8.03500	-39347
8.03667	-39453
8.03833	-39554
8.04000	-39661
8.04167	-39778
8.04333	-39893
8.04500	-39998
8.04667	-40100
8.04833	-40208
8.05000	-40327
8.05167	-40443
8.05333	-40546
8.05500	-40644
8.05667	-40745
8.05833	-40855
8.06000	-40960
8.06167	-41054
8.06333	-41142
8.06500	-41232
8.06667	-41330
8.06833	-41425
8.07000	-41511
8.07167	-41594
8.07333	-41681
8.07500	-41777
8.07667	-41869
8.07833	-41952
8.08000	-42030
8.08167	-42110
8.08333	-42197
8.08500	-42281
8.08667	-42356
8.08833	-42425
8.09000	-42496
8.09167	-42573
8.09333	-42647
8.09500	-42713
8.09667	-42776
8.09833	-42841
8.10000	-42912
8.10167	-42981
8.10333	-43044
8.10500	-43105
8.10667	-43169
8.10833	-43240
8.11000	-43309
8.11167	-43373
8.11333	-43435
8.11500	-43500
8.11667	-43572
8.11833	-43643
8.12000	-43708
8.12167	-43771
8.12333	-43837
8.12500	-43910
8.12667	-43982
8.12833	-44048
8.13000	-44113
8.13167	-44181
8.13333	-44258
8.13500	-44334
8.13667	-44406
8.13833	-44479
8.14000	-44559
8.14167	-44650
8.14333	-44740
8.14500	-44827
8.14667	-44914
8.14833	-45010
8.15000	-45117
8.15167	-45223
8.15333	-45323
8.15500	-45421
8.15667	-45526
8.15833	-45643
8.16000	-45758
8.16167	-45867
8.16333	-45974
8.16500	-46089
8.16667	-46217
8.16833	-46344
8.17000	-46463
8.17167	-46580
8.17333	-46705
8.17500	-46844
8.17667	-46982
8.17833	-47109
8.18000	-47235
8.18167	-47369
8.18333	-47518
8.18500	-47665
8.18667	-47800
8.18833	-47931
8.19000	-48070
8.19167	-48225
8.19333	-48375
8.19500	-48513
8.19667	-48646
8.19833	-48784
8.20000	-48938
8.20167	-49088
8.20333	-49225
8.20500	-49358
8.20667	-49497
8.20833	-49652
8.21000	-49802
8.21167	-49938
8.21333	-50068
8.21500	-50204
8.21667	-50353
8.21833	-50497
8.22000	-50627
8.22167	-50749
8.22333	-50875
8.22500	-51013
8.22667	-51145
8.22833	-51264
8.23000	-51376
8.23167	-51491
8.23333	-51617
8.23500	-51739
8.23667	-51848
8.23833	-51952
8.24000	-52059
8.24167	-52177
8.24333	-52291
8.24500	-52392
8.24667	-52487
8.24833	-52585
8.25000	-52692
8.25167	-52794
8.25333	-52886
8.25500	-52973
8.25667	-53061
8.25833	-53158
8.26000	-53252
8.26167	-53338
8.26333	-53420
8.26500	-53507
8.26667	-53602
8.26833	-53695
8.27000	-53780
8.27167	-53863
8.27333	-53950
8.27500	-54046
8.27667	-54139
8.27833	-54224
8.28000	-54306
8.28167	-54391
8.28333	-54485
8.28500	-54576
8.28667	-54659
8.28833	-54740
8.29000	-54824
8.29167	-54918
8.29333	-55010
8.29500	-55097
8.29667	-55183
8.29833	-55275
8.30000	-55379
8.30167	-55483
8.30333	-55580
8.30500	-55677
8.30667	-55782
8.30833	-55900
8.31000	-56016
8.31167	-56125
8.31333	-56233
8.31500	-56348
8.31667	-56477
8.31833	-56604
8.32000	-56722
8.32167	-56838
8.32333	-56961
8.32500	-57099
8.32667	-57234
8.32833	-57360
8.33000	-57483
8.33167	-57615
8.33333	-57761
8.33500	-57905
8.33667	-58039
8.33833	-58172
8.34000	-58312
8.34167	-58469
8.34333	-58622
8.34500	-58763
8.34667	-58900
8.34833	-59044
8.35000	-59204
8.35167	-59359
8.35333	-59501
8.35500	-59637
8.35667	-59779
8.35833	-59936
8.36000	-60090
8.36167	-60230
8.36333	-60365
8.36500	-60507
8.36667	-60663
8.36833	-60815
8.37000	-60953
8.37167	-61085
8.37333	-61221
8.37500	-61371
8.37667	-61516
8.37833	-61646
8.38000	-61771
8.38167	-61899
8.38333	-62040
8.38500	-62175
8.38667	-62297
8.38833	-62413
8.39000	-62532
8.39167	-62662
8.39333	-62787
8.39500	-62898
8.39667	-63002
8.39833	-63107
8.40000	-63222
8.40167	-63332
8.40333	-63433
8.40500	-63531
8.40667	-63632
8.40833	-63745
8.41000	-63854
8.41167	-63954
8.41333	-64049
8.41500	-64148
8.41667	-64257
8.41833	-64362
8.42000	-64455
8.42167	-64543
8.42333	-64632
8.42500	-64729
8.42667	-64824
8.42833	-64910
8.43000	-64995
8.43167	-65084
8.43333	-65184
8.43500	-65281
8.43667	-65370
8.43833	-65456
8.44000	-65545
8.44167	-65645
8.44333	-65742
8.44500	-65831
8.44667	-65919
8.44833	-66012
8.45000	-66115
8.45167	-66217
8.45333	-66312
8.45500	-66408
8.45667	-66510
8.45833	-66624
8.46000	-66738
8.46167	-66844
8.46333	-66949
8.46500	-67061
8.46667	-67186
8.46833	-67310
8.47000	-67426
8.47167	-67541
8.47333	-67664
8.47500	-67802
8.47667	-67939
8.47833	-68065
8.48000	-68190
8.48167	-68323
8.48333	-68471
8.48500	-68617
8.48667	-68752
8.48833	-68884
8.49000	-69025
8.49167	-69181
8.49333	-69334
8.49500	-69476
8.49667	-69615
8.49833	-69762
8.50000	-69925
8.50167	-70085
8.50333	-70233
8.50500	-70377
8.50667	-70528
8.50833	-70695
8.51000	-70859
8.51167	-71008
8.51333	-71151
8.51500	-71301
8.51667	-71467
8.51833	-71628
8.52000	-71773
8.52167	-71913
8.52333	-72058
8.52500	-72218
8.52667	-72374
8.52833	-72516
8.53000	-72653
8.53167	-72796
8.53333	-72954
8.53500	-73107
8.53667	-73246
8.53833	-73379
8.54000	-73516
8.54167	-73668
8.54333	-73814
8.54500	-73944
8.54667	-74066
8.54833	-74192
8.55000	-74328
8.55167	-74460
8.55333	-74577
8.55500	-74689
8.55667	-74804
8.55833	-74929
8.56000	-75051
8.56167	-75161
8.56333	-75267
8.56500	-75376
8.56667	-75497
8.56833	-75613
8.57000	-75718
8.57167	-75819
8.57333	-75923
8.57500	-76037
8.57667	-76148
8.57833	-76248
8.58000	-76342
8.58167	-76440
8.58333	-76548
8.58500	-76652
8.58667	-76748
8.58833	-76840
8.59000	-76936
8.59167	-77043
8.59333	-77148
8.59500	-77245
8.59667	-77340
8.59833	-77442
8.60000	-77555
8.60167	-77666
8.60333	-77770
8.60500	-77871
8.60667	-77979
8.60833	-78098
8.61000	-78216
8.61167	-78324
8.61333	-78430
8.61500	-78542
8.61667	-78666
8.61833	-78788
8.62000	-78902
8.62167	-79015
8.62333	-79136
8.62500	-79271
8.62667	-79404
8.62833	-79528
8.63000	-79650
8.63167	-79780
8.63333	-79925
8.63500	-80067
8.63667	-80200
8.63833	-80329
8.64000	-80466
8.64167	-80619
8.64333	-80770
8.64500	-80909
8.64667	-81046
8.64833	-81191
8.65000	-81353
8.65167	-81511
8.65333	-81658
8.65500	-81802
8.65667	-81954
8.65833	-82123
8.66000	-82288
8.66167	-82439
8.66333	-82586
8.66500	-82739
8.66667	-82909
8.66833	-83074
8.67000	-83225
8.67167	-83372
8.67333	-83525
8.67500	-83695
8.67667	-83860
8.67833	-84011
8.68000	-84156
8.68167	-84307
8.68333	-84474
8.68500	-84636
8.68667	-84782
8.68833	-84921
8.69000	-85065
8.69167	-85224
8.69333	-85377
8.69500	-85515
8.69667	-85647
8.69833	-85784
8.70000	-85935
8.70167	-86081
8.70333	-86212
8.70500	-86338
8.70667	-86468
8.70833	-86611
8.71000	-86749
8.71167	-86873
8.71333	-86992
8.71500	-87116
8.71667	-87251
8.71833	-87381
8.72000	-87499
8.72167	-87611
8.72333	-87727
8.72500	-87855
8.72667	-87978
8.72833	-88089
8.73000	-88195
8.73167	-88304
8.73333	-88425
8.73500	-88541
8.73667	-88648
8.73833	-88750
8.74000	-88857
8.74167	-88975
8.74333	-89090
8.74500	-89195
8.74667	-89298
8.74833	-89406
8.75000	-89525
8.75167	-89642
8.75333	-89749
8.75500	-89853
8.75667	-89962
8.75833	-90083
8.76000	-90201
8.76167	-90311
8.76333	-90418
8.76500	-90532
8.76667	-90658
8.76833	-90783
8.77000	-90898
8.77167	-91012
8.77333	-91132
8.77500	-91266
8.77667	-91398
8.77833	-91521
8.78000	-91642
8.78167	-91771
8.78333	-91914
8.78500	-92056
8.78667	-92188
8.78833	-92319
8.79000	-92458
8.79167	-92614
8.79333	-92767
8.79500	-92908
8.79667	-93047
8.79833	-93194
8.80000	-93357
8.80167	-93517
8.80333	-93664
8.80500	-93807
8.80667	-93958
8.80833	-94126
8.81000	-94290
8.81167	-94440
8.81333	-94587
8.81500	-94742
8.81667	-94914
8.81833	-95082
8.82000	-95237
8.82167	-95387
8.82333	-95546
8.82500	-95722
8.82667	-95894
8.82833	-96051
8.83000	-96203
8.83167	-96362
8.83333	-96537
8.83500	-96708
8.83667	-96861
8.83833	-97008
8.84000	-97160
8.84167	-97327
8.84333	-97488
8.84500	-97635
8.84667	-97776
8.84833	-97923
8.85000	-98085
8.85167	-98242
8.85333	-98386
8.85500	-98525
8.85667	-98670
8.85833	-98830
8.86000	-98985
8.86167	-99125
8.86333	-99258
8.86500	-99396
8.86667	-99547
8.86833	-99693
8.87000	-99824
8.87167	-99949
8.87333	-100077
8.87500	-100218
8.87667	-100353
8.87833	-100476
8.88000	-100593
8.88167	-100715
8.88333	-100848
8.88500	-100978
8.88667	-101095
8.88833	-101209
8.89000	-101327
8.89167	-101457
8.89333	-101584
8.89500	-101699
8.89667	-101810
8.89833	-101925
8.90000	-102051
8.90167	-102175
8.90333	-102289
8.90500	-102399
8.90667	-102515
8.90833	-102643
8.91000	-102769
8.91167	-102885
8.91333	-103000
8.91500	-103120
8.91667	-103255
8.91833	-103386
8.92000	-103508
8.92167	-103627
8.92333	-103751
8.92500	-103890
8.92667	-104026
8.92833	-104152
8.93000	-104276
8.93167	-104406
8.93333	-104552
8.93500	-104695
8.93667	-104827
8.93833	-104957
8.94000	-105094
8.94167	-105247
8.94333	-105398
8.94500	-105539
8.94667	-105678
8.94833	-105826
8.95000	-105992
8.95167	-106155
8.95333	-106306
8.95500	-106454
8.95667	-106610
8.95833	-106784
8.96000	-106954
8.96167	-107111
8.96333	-107264
8.96500	-107425
8.96667	-107603
8.96833	-107778
8.97000	-107940
8.97167	-108098
8.97333	-108265
8.97500	-108451
8.97667	-108633
8.97833	-108800
8.98000	-108961
8.98167	-109130
8.98333	-109316
8.98500	-109498
8.98667	-109664
8.98833	-109824
8.99000	-109991
8.99167	-110176
8.99333	-110357
8.99500	-110521
8.99667	-110681
8.99833	-110849
9.00000	-111034
9.00167	-111215
9.00333	-111379
9.00500	-111537
9.00667	-111702
9.00833	-111884
9.01000	-112060
9.01167	-112220
9.01333	-112373
9.01500	-112532
9.01667	-112707
9.01833	-112877
9.02000	-113030
9.02167	-113177
9.02333	-113329
9.02500	-113497
9.02667	-113658
9.02833	-113805
9.03000	-113944
9.03167	-114089
9.03333	-114248
9.03500	-114403
9.03667	-114543
9.03833	-114679
9.04000	-114820
9.04167	-114976
9.04333	-115128
9.04500	-115266
9.04667	-115400
9.04833	-115539
9.05000	-115693
9.05167	-115842
9.05333	-115979
9.05500	-116110
9.05667	-116248
9.05833	-116399
9.06000	-116548
9.06167	-116683
9.06333	-116816
9.06500	-116955
9.06667	-117109
9.06833	-117259
9.07000	-117397
9.07167	-117531
9.07333	-117671
9.07500	-117827
9.07667	-117979
9.07833	-118118
9.08000	-118253
9.08167	-118395
9.08333	-118552
9.08500	-118706
9.08667	-118849
9.08833	-118988
9.09000	-119137
9.09167	-119302
9.09333	-119464
9.09500	-119615
9.09667	-119762
9.09833	-119918
9.10000	-120092
9.10167	-120263
9.10333	-120421
9.10500	-120576
9.10667	-120740
9.10833	-120922
9.11000	-121101
9.11167	-121266
9.11333	-121427
9.11500	-121596
9.11667	-121784
9.11833	-121968
9.12000	-122138
9.12167	-122303
9.12333	-122477
9.12500	-122669
9.12667	-122858
9.12833	-123032
9.13000	-123201
9.13167	-123379
9.13333	-123576
9.13500	-123769
9.13667	-123944
9.13833	-124112
9.14000	-124288
9.14167	-124482
9.14333	-124671
9.14500	-124844
9.14667	-125012
9.14833	-125188
9.15000	-125383
9.15167	-125573
9.15333	-125747
9.15500	-125916
9.15667	-126094
9.15833	-126290
9.16000	-126481
9.16167	-126654
9.16333	-126821
9.16500	-126994
9.16667	-127185
9.16833	-127370
9.17000	-127537
9.17167	-127698
9.17333	-127864
9.17500	-128046
9.17667	-128223
9.17833	-128384
9.18000	-128537
9.18167	-128697
9.18333	-128872
9.18500	-129042
9.18667	-129198
9.18833	-129348
9.19000	-129506
9.19167	-129679
9.19333	-129848
9.19500	-130000
9.19667	-130147
9.19833	-130298
9.20000	-130465
9.20167	-130627
9.20333	-130774
9.20500	-130915
9.20667	-131061
9.20833	-131223
9.21000	-131380
9.21167	-131523
9.21333	-131661
9.21500	-131806
9.21667	-131966
9.21833	-132121
9.22000	-132264
9.22167	-132402
9.22333	-132547
9.22500	-132707
9.22667	-132864
9.22833	-133007
9.23000	-133147
9.23167	-133294
9.23333	-133457
9.23500	-133617
9.23667	-133764
9.23833	-133906
9.24000	-134056
9.24167	-134222
9.24333	-134384
9.24500	-134535
9.24667	-134682
9.24833	-134838
9.25000	-135011
9.25167	-135181
9.25333	-135339
9.25500	-135494
9.25667	-135658
9.25833	-135841
9.26000	-136021
9.26167	-136186
9.26333	-136348
9.26500	-136518
9.26667	-136706
9.26833	-136891
9.27000	-137061
9.27167	-137226
9.27333	-137399
9.27500	-137590
9.27667	-137778
9.27833	-137952
9.28000	-138122
9.28167	-138302
9.28333	-138503
9.28500	-138699
9.28667	-138881
9.28833	-139057
9.29000	-139244
9.29167	-139451
9.29333	-139652
9.29500	-139836
9.29667	-140013
9.29833	-140198
9.30000	-140402
9.30167	-140601
9.30333	-140783
9.30500	-140959
9.30667	-141143
9.30833	-141346
9.31000	-141544
9.31167	-141724
9.31333	-141899
9.31500	-142081
9.31667	-142282
9.31833	-142478
9.32000	-142656
9.32167	-142827
9.32333	-143006
9.32500	-143204
9.32667	-143396
9.32833	-143571
9.33000	-143740
9.33167	-143916
9.33333	-144111
9.33500	-144301
9.33667	-144473
9.33833	-144638
9.34000	-144809
9.34167	-144998
9.34333	-145182
9.34500	-145349
9.34667	-145509
9.34833	-145676
9.35000	-145861
9.35167	-146039
9.35333	-146202
9.35500	-146358
9.35667	-146520
9.35833	-146699
9.36000	-146872
9.36167	-147029
9.36333	-147179
9.36500	-147335
9.36667	-147507
9.36833	-147675
9.37000	-147827
9.37167	-147975
9.37333	-148130
9.37500	-148300
9.37667	-148467
9.37833	-148621
9.38000	-148770
9.38167	-148927
9.38333	-149101
9.38500	-149271
9.38667	-149427
9.38833	-149578
9.39000	-149736
9.39167	-149911
9.39333	-150083
9.39500	-150239
9.39667	-150391
9.39833	-150551
9.40000	-150727
9.40167	-150900
9.40333	-151059
9.40500	-151214
9.40667	-151377
9.40833	-151559
9.41000	-151737
9.41167	-151901
9.41333	-152061
9.41500	-152231
9.41667	-152419
9.41833	-152603
9.42000	-152772
9.42167	-152938
9.42333	-153111
9.42500	-153304
9.42667	-153493
9.42833	-153667
9.43000	-153836
9.43167	-154014
9.43333	-154212
9.43500	-154406
9.43667	-154585
9.43833	-154759
9.44000	-154943
9.44167	-155147
9.44333	-155346
9.44500	-155529
9.44667	-155706
9.44833	-155892
9.45000	-156097
9.45167	-156298
9.45333	-156482
9.45500	-156661
9.45667	-156849
9.45833	-157057
9.46000	-157261
9.46167	-157447
9.46333	-157627
9.46500	-157816
9.46667	-158024
9.46833	-158228
9.47000	-158413
9.47167	-158591
9.47333	-158777
9.47500	-158983
9.47667	-159183
9.47833	-159366
9.48000	-159544
9.48167	-159730
9.48333	-159936
9.48500	-160137
9.48667	-160320
9.48833	-160496
9.49000	-160680
9.49167	-160883
9.49333	-161080
9.49500	-161259
9.49667	-161432
9.49833	-161611
9.50000	-161809
9.50167	-162001
9.50333	-162176
9.50500	-162343
9.50667	-162518
9.50833	-162711
9.51000	-162898
9.51167	-163067
9.51333	-163231
9.51500	-163401
9.51667	-163589
9.51833	-163772
9.52000	-163939
9.52167	-164100
9.52333	-164268
9.52500	-164454
9.52667	-164636
9.52833	-164801
9.53000	-164962
9.53167	-165130
9.53333	-165315
9.53500	-165497
9.53667	-165662
9.53833	-165822
9.54000	-165990
9.54167	-166176
9.54333	-166357
9.54500	-166522
9.54667	-166681
9.54833	-166847
9.55000	-167031
9.55167	-167211
9.55333	-167377
9.55500	-167538
9.55667	-167708
9.55833	-167897
9.56000	-168082
9.56167	-168252
9.56333	-168418
9.56500	-168594
9.56667	-168788
9.56833	-168978
9.57000	-169152
9.57167	-169321
9.57333	-169498
9.57500	-169693
9.57667	-169884
9.57833	-170060
9.58000	-170230
9.58167	-170409
9.58333	-170608
9.58500	-170802
9.58667	-170981
9.58833	-171155
9.59000	-171339
9.59167	-171543
9.59333	-171744
9.59500	-171929
9.59667	-172110
9.59833	-172302
9.60000	-172515
9.60167	-172723
9.60333	-172913
9.60500	-173097
9.60667	-173290
9.60833	-173502
9.61000	-173709
9.61167	-173897
9.61333	-174079
9.61500	-174269
9.61667	-174478
9.61833	-174683
9.62000	-174871
9.62167	-175054
9.62333	-175246
9.62500	-175459
9.62667	-175667
9.62833	-175857
9.63000	-176041
9.63167	-176233
9.63333	-176446
9.63500	-176653
9.63667	-176842
9.63833	-177024
9.64000	-177215
9.64167	-177425
9.64333	-177630
9.64500	-177818
9.64667	-177999
9.64833	-178188
9.65000	-178398
9.65167	-178602
9.65333	-178788
9.65500	-178967
9.65667	-179154
9.65833	-179359
9.66000	-179559
9.66167	-179741
9.66333	-179914
9.66500	-180095
9.66667	-180294
9.66833	-180488
9.67000	-180664
9.67167	-180835
9.67333	-181014
9.67500	-181211
9.67667	-181403
9.67833	-181579
9.68000	-181749
9.68167	-181927
9.68333	-182123
9.68500	-182314
9.68667	-182488
9.68833	-182655
9.69000	-182829
9.69167	-183020
9.69333	-183206
9.69500	-183377
9.69667	-183543
9.69833	-183718
9.70000	-183911
9.70167	-184100
9.70333	-184274
9.70500	-184443
9.70667	-184620
9.70833	-184817
9.71000	-185009
9.71167	-185185
9.71333	-185354
9.71500	-185532
9.71667	-185728
9.71833	-185919
9.72000	-186094
9.72167	-186265
9.72333	-186444
9.72500	-186643
9.72667	-186837
9.72833	-187016
9.73000	-187189
9.73167	-187371
9.73333	-187573
9.73500	-187771
9.73667	-187953
9.73833	-188130
9.74000	-188317
9.74167	-188524
9.74333	-188727
9.74500	-188914
9.74667	-189097
9.74833	-189289
9.75000	-189502
9.75167	-189711
9.75333	-189902
9.75500	-190087
9.75667	-190281
9.75833	-190496
9.76000	-190706
9.76167	-190897
9.76333	-191082
9.76500	-191276
9.76667	-191490
9.76833	-191699
9.77000	-191891
9.77167	-192077
9.77333	-192274
9.77500	-192491
9.77667	-192704
9.77833	-192900
9.78000	-193089
9.78167	-193288
9.78333	-193508
9.78500	-193723
9.78667	-193920
9.78833	-194110
9.79000	-194308
9.79167	-194528
9.79333	-194742
9.79500	-194937
9.79667	-195125
9.79833	-195322
9.80000	-195540
9.80167	-195751
9.80333	-195944
9.80500	-196129
9.80667	-196322
9.80833	-196535
9.81000	-196742
9.81167	-196932
9.81333	-197115
9.81500	-197306
9.81667	-197518
9.81833	-197724
9.82000	-197912
9.82167	-198094
9.82333	-198284
9.82500	-198494
9.82667	-198698
9.82833	-198885
9.83000	-199065
9.83167	-199253
9.83333	-199461
9.83500	-199664
9.83667	-199848
9.83833	-200026
9.84000	-200213
9.84167	-200418
9.84333	-200618
9.84500	-200800
9.84667	-200976
9.84833	-201160
9.85000	-201362
9.85167	-201561
9.85333	-201743
9.85500	-201920
9.85667	-202107
9.85833	-202314
9.86000	-202515
9.86167	-202700
9.86333	-202879
9.86500	-203065
9.86667	-203272
9.86833	-203473
9.87000	-203657
9.87167	-203833
9.87333	-204018
9.87500	-204221
9.87667	-204420
9.87833	-204603
9.88000	-204780
9.88167	-204967
9.88333	-205175
9.88500	-205378
9.88667	-205564
9.88833	-205745
9.89000	-205935
9.89167	-206146
9.89333	-206352
9.89500	-206540
9.89667	-206722
9.89833	-206913
9.90000	-207124
9.90167	-207331
9.90333	-207520
9.90500	-207705
9.90667	-207899
9.90833	-208114
9.91000	-208324
9.91167	-208518
9.91333	-208706
9.91500	-208904
9.91667	-209123
9.91833	-209337
9.92000	-209533
9.92167	-209722
9.92333	-209921
9.92500	-210141
9.92667	-210355
9.92833	-210551
9.93000	-210741
9.93167	-210940
9.93333	-211159
9.93500	-211373
9.93667	-211569
9.93833	-211758
9.94000	-211956
9.94167	-212174
9.94333	-212388
9.94500	-212583
9.94667	-212773
9.94833	-212971
9.95000	-213191
9.95167	-213405
9.95333	-213601
9.95500	-213790
9.95667	-213987
9.95833	-214205
9.96000	-214417
9.96167	-214611
9.96333	-214798
9.96500	-214994
9.96667	-215210
9.96833	-215421
9.97000	-215614
9.97167	-215800
9.97333	-215996
9.97500	-216213
9.97667	-216423
9.97833	-216615
9.98000	-216799
9.98167	-216991
9.98333	-217203
9.98500	-217409
9.98667	-217597
9.98833	-217779
9.99000	-217969
9.99167	-218179
9.99333	-218384
9.99500	-218571
9.99667	-218753
9.99833	-218943
10.00000	-219153
10.00167	-219358
10.00333	-219544
10.00500	-219724
10.00667	-219911
10.00833	-220117
10.01000	-220318
10.01167	-220502
10.01333	-220680
10.01500	-220866
10.01667	-221071
10.01833	-221271
10.02000	-221455
10.02167	-221632
10.02333	-221818
10.02500	-222023
10.02667	-222224
10.02833	-222407
10.03000	-222584
10.03167	-222769
10.03333	-222974
10.03500	-223174
10.03667	-223358
10.03833	-223536
10.04000	-223724
10.04167	-223932
10.04333	-224135
10.04500	-224322
10.04667	-224504
10.04833	-224695
10.05000	-224907
10.05167	-225114
10.05333	-225304
10.05500	-225489
10.05667	-225683
10.05833	-225897
10.06000	-226107
10.06167	-226298
10.06333	-226484
10.06500	-226678
10.06667	-226893
10.06833	-227102
10.07000	-227294
10.07167	-227479
10.07333	-227673
10.07500	-227888
10.07667	-228098
10.07833	-228291
10.08000	-228479
10.08167	-228677
10.08333	-228897
10.08500	-229112
10.08667	-229308
10.08833	-229498
10.09000	-229697
10.09167	-229918
10.09333	-230133
10.09500	-230330
10.09667	-230520
10.09833	-230720
10.10000	-230940
10.10167	-231156
10.10333	-231353
10.10500	-231544
10.10667	-231745
10.10833	-231967
10.11000	-232183
10.11167	-232381
10.11333	-232571
10.11500	-232770
10.11667	-232989
10.11833	-233203
10.12000	-233398
10.12167	-233587
10.12333	-233785
10.12500	-234004
10.12667	-234217
10.12833	-234413
10.13000	-234602
10.13167	-234800
10.13333	-235019
10.13500	-235233
10.13667	-235428
10.13833	-235617
10.14000	-235814
10.14167	-236032
10.14333	-236244
10.14500	-236438
10.14667	-236626
10.14833	-236822
10.15000	-237039
10.15167	-237250
10.15333	-237443
10.15500	-237628
10.15667	-237823
10.15833	-238037
10.16000	-238246
10.16167	-238437
10.16333	-238621
10.16500	-238813
10.16667	-239026
10.16833	-239234
10.17000	-239424
10.17167	-239608
10.17333	-239801
10.17500	-240015
10.17667	-240224
10.17833	-240416
10.18000	-240602
10.18167	-240797
10.18333	-241012
10.18500	-241223
10.18667	-241415
10.18833	-241601
10.19000	-241795
10.19167	-242010
10.19333	-242220
10.19500	-242412
10.19667	-242597
10.19833	-242792
10.20000	-243007
10.20167	-243217
10.20333	-243408
10.20500	-243594
10.20667	-243789
10.20833	-244004
10.21000	-244214
10.21167	-244407
10.21333	-244594
10.21500	-244791
10.21667	-245009
10.21833	-245222
10.22000	-245417
10.22167	-245607
10.22333	-245806
10.22500	-246026
10.22667	-246241
10.22833	-246437
10.23000	-246626
10.23167	-246824
10.23333	-247043
10.23500	-247257
10.23667	-247453
10.23833	-247643
10.24000	-247843
10.24167	-248065
10.24333	-248282
10.24500	-248480
10.24667	-248672
10.24833	-248874
10.25000	-249097
10.25167	-249315
10.25333	-249514
10.25500	-249707
10.25667	-249909
10.25833	-250133
10.26000	-250351
10.26167	-250550
10.26333	-250743
10.26500	-250946
10.26667	-251170
10.26833	-251389
10.27000	-251589
10.27167	-251783
10.27333	-251985
10.27500	-252209
10.27667	-252427
10.27833	-252626
10.28000	-252818
10.28167	-253019
10.28333	-253241
10.28500	-253457
10.28667	-253654
10.28833	-253845
10.29000	-254044
10.29167	-254265
10.29333	-254480
10.29500	-254676
10.29667	-254867
10.29833	-255067
10.30000	-255289
10.30167	-255505
10.30333	-255702
10.30500	-255892
10.30667	-256090
10.30833	-256308
10.31000	-256521
10.31167	-256715
10.31333	-256903
10.31500	-257098
10.31667	-257314
10.31833	-257525
10.32000	-257718
10.32167	-257906
10.32333	-258104
10.32500	-258322
10.32667	-258535
10.32833	-258730
10.33000	-258919
10.33167	-259117
10.33333	-259335
10.33500	-259548
10.33667	-259742
10.33833	-259929
10.34000	-260125
10.34167	-260341
10.34333	-260551
10.34500	-260744
10.34667	-260931
10.34833	-261127
10.35000	-261345
10.35167	-261557
10.35333	-261752
10.35500	-261940
10.35667	-262137
10.35833	-262355
10.36000	-262567
10.36167	-262761
10.36333	-262948
10.36500	-263143
10.36667	-263358
10.36833	-263568
10.37000	-263760
10.37167	-263946
10.37333	-264142
10.37500	-264358
10.37667	-264570
10.37833	-264763
10.38000	-264951
10.38167	-265148
10.38333	-265366
10.38500	-265578
10.38667	-265773
10.38833	-265962
10.39000	-266161
10.39167	-266381
10.39333	-266596
10.39500	-266793
10.39667	-266983
10.39833	-267184
10.40000	-267405
10.40167	-267622
10.40333	-267819
10.40500	-268011
10.40667	-268211
10.40833	-268433
10.41000	-268649
10.41167	-268847
10.41333	-269038
10.41500	-269239
10.41667	-269460
10.41833	-269677
10.42000	-269874
10.42167	-270066
10.42333	-270266
10.42500	-270488
10.42667	-270704
10.42833	-270901
10.43000	-271092
10.43167	-271293
10.43333	-271514
10.43500	-271730
10.43667	-271927
10.43833	-272118
10.44000	-272318
10.44167	-272538
10.44333	-272754
10.44500	-272951
10.44667	-273142
10.44833	-273343
10.45000	-273564
10.45167	-273781
10.45333	-273977
10.45500	-274167
10.45667	-274365
10.45833	-274584
10.46000	-274797
10.46167	-274992
10.46333	-275180
10.46500	-275377
10.46667	-275595
10.46833	-275807
10.47000	-276001
10.47167	-276189
10.47333	-276386
10.47500	-276603
10.47667	-276815
10.47833	-277008
10.48000	-277193
10.48167	-277387
10.48333	-277601
10.48500	-277810
10.48667	-278000
10.48833	-278185
10.49000	-278379
10.49167	-278593
10.49333	-278803
10.49500	-278995
10.49667	-279182
10.49833	-279378
10.50000	-279596
10.50167	-279809
10.50333	-280003
10.50500	-280191
10.50667	-280387
10.50833	-280605
10.51000	-280816
10.51167	-281008
10.51333	-281193
10.51500	-281385
10.51667	-281598
10.51833	-281805
10.52000	-281994
10.52167	-282178
10.52333	-282371
10.52500	-282585
10.52667	-282794
10.52833	-282986
10.53000	-283172
10.53167	-283368
10.53333	-283585
10.53500	-283797
10.53667	-283990
10.53833	-284176
10.54000	-284371
10.54167	-284586
10.54333	-284796
10.54500	-284988
10.54667	-285174
10.54833	-285370
10.55000	-285586
10.55167	-285798
10.55333	-285991
10.55500	-286179
10.55667	-286375
10.55833	-286593
10.56000	-286805
10.56167	-286999
10.56333	-287186
10.56500	-287382
10.56667	-287599
10.56833	-287811
10.57000	-288005
10.57167	-288192
10.57333	-288388
10.57500	-288606
10.57667	-288817
10.57833	-289011
10.58000	-289197
10.58167	-289392
10.58333	-289608
10.58500	-289818
10.58667	-290010
10.58833	-290195
10.59000	-290390
10.59167	-290605
10.59333	-290815
10.59500	-291007
10.59667	-291192
10.59833	-291386
10.60000	-291601
10.60167	-291811
10.60333	-292003
10.60500	-292189
10.60667	-292385
10.60833	-292601
10.61000	-292813
10.61167	-293005
10.61333	-293192
10.61500	-293387
10.61667	-293603
10.61833	-293814
10.62000	-294005
10.62167	-294190
10.62333	-294383
10.62500	-294595
10.62667	-294803
10.62833	-294992
10.63000	-295175
10.63167	-295366
10.63333	-295577
10.63500	-295783
10.63667	-295972
10.63833	-296154
10.64000	-296344
10.64167	-296555
10.64333	-296761
10.64500	-296949
10.64667	-297132
10.64833	-297324
10.65000	-297536
10.65167	-297743
10.65333	-297933
10.65500	-298117
10.65667	-298309
10.65833	-298522
10.66000	-298730
10.66167	-298919
10.66333	-299101
10.66500	-299290
10.66667	-299500
10.66833	-299704
10.67000	-299890
10.67167	-300070
10.67333	-300258
10.67500	-300465
10.67667	-300668
10.67833	-300853
10.68000	-301032
10.68167	-301221
10.68333	-301429
10.68500	-301633
10.68667	-301819
10.68833	-302001
10.69000	-302191
10.69167	-302403
10.69333	-302609
10.69500	-302797
10.69667	-302979
10.69833	-303169
10.70000	-303380
10.70167	-303585
10.70333	-303771
10.70500	-303951
10.70667	-304139
10.70833	-304347
10.71000	-304549
10.71167	-304735
10.71333	-304915
10.71500	-305104
10.71667	-305314
10.71833	-305519
10.72000	-305707
10.72167	-305889
10.72333	-306081
10.72500	-306293
10.72667	-306500
10.72833	-306690
10.73000	-306873
10.73167	-307065
10.73333	-307277
10.73500	-307484
10.73667	-307673
10.73833	-307855
10.74000	-308046
10.74167	-308257
10.74333	-308463
10.74500	-308651
10.74667	-308833
10.74833	-309023
10.75000	-309234
10.75167	-309439
10.75333	-309627
10.75500	-309808
10.75667	-309998
10.75833	-310209
10.76000	-310414
10.76167	-310602
10.76333	-310783
10.76500	-310974
10.76667	-311184
10.76833	-311389
10.77000	-311576
10.77167	-311757
10.77333	-311946
10.77500	-312154
10.77667	-312357
10.77833	-312542
10.78000	-312721
10.78167	-312907
10.78333	-313113
10.78500	-313314
10.78667	-313498
10.78833	-313676
10.79000	-313864
10.79167	-314072
10.79333	-314275
10.79500	-314461
10.79667	-314640
10.79833	-314827
10.80000	-315034
10.80167	-315235
10.80333	-315418
10.80500	-315595
10.80667	-315779
10.80833	-315982
10.81000	-316181
10.81167	-316363
10.81333	-316540
10.81500	-316726
10.81667	-316932
10.81833	-317133
10.82000	-317317
10.82167	-317495
10.82333	-317681
10.82500	-317888
10.82667	-318089
10.82833	-318272
10.83000	-318448
10.83167	-318631
10.83333	-318834
10.83500	-319032
10.83667	-319213
10.83833	-319389
10.84000	-319573
10.84167	-319777
10.84333	-319976
10.84500	-320159
10.84667	-320337
10.84833	-320523
10.85000	-320729
10.85167	-320931
10.85333	-321114
10.85500	-321291
10.85667	-321475
10.85833	-321679
10.86000	-321878
10.86167	-322060
10.86333	-322236
10.86500	-322420
10.86667	-322625
10.86833	-322824
10.87000	-323006
10.87167	-323183
10.87333	-323368
10.87500	-323573
10.87667	-323773
10.87833	-323955
10.88000	-324132
10.88167	-324316
10.88333	-324520
10.88500	-324718
10.88667	-324900
10.88833	-325075
10.89000	-325259
10.89167	-325462
10.89333	-325661
10.89500	-325842
10.89667	-326019
10.89833	-326204
10.90000	-326410
10.90167	-326610
10.90333	-326794
10.90500	-326971
10.90667	-327156
10.90833	-327361
10.91000	-327561
10.91167	-327743
10.91333	-327919
10.91500	-328103
10.91667	-328306
10.91833	-328504
10.92000	-328686
10.92167	-328861
10.92333	-329046
10.92500	-329250
10.92667	-329449
10.92833	-329631
10.93000	-329807
10.93167	-329991
10.93333	-330195
10.93500	-330393
10.93667	-330574
10.93833	-330749
10.94000	-330933
10.94167	-331136
10.94333	-331334
10.94500	-331515
10.94667	-331690
10.94833	-331874
10.95000	-332076
10.95167	-332274
10.95333	-332454
10.95500	-332628
10.95667	-332810
10.95833	-333012
10.96000	-333208
10.96167	-333387
10.96333	-333561
10.96500	-333743
10.96667	-333945
10.96833	-334141
10.97000	-334321
10.97167	-334495
10.97333	-334676
10.97500	-334877
10.97667	-335074
10.97833	-335254
10.98000	-335428
10.98167	-335611
10.98333	-335814
10.98500	-336011
10.98667	-336192
10.98833	-336366
10.99000	-336549
10.99167	-336751
10.99333	-336948
10.99500	-337127
10.99667	-337301
10.99833	-337483
11.00000	-337683
11.00167	-337878
11.00333	-338057
11.00500	-338230
11.00667	-338412
11.00833	-338613
11.01000	-338809
11.01167	-338988
11.01333	-339162
11.01500	-339344
11.01667	-339545
11.01833	-339741
11.02000	-339922
11.02167	-340097
11.02333	-340281
11.02500	-340486
11.02667	-340685
11.02833	-340867
11.03000	-341043
11.03167	-341226
11.03333	-341429
11.03500	-341627
11.03667	-341807
11.03833	-341982
11.04000	-342165
11.04167	-342368
11.04333	-342565
11.04500	-342745
11.04667	-342919
11.04833	-343102
11.05000	-343303
11.05167	-343499
11.05333	-343679
11.05500	-343853
11.05667	-344035
11.05833	-344237
11.06000	-344434
11.06167	-344615
11.06333	-344791
11.06500	-344976
11.06667	-345181
11.06833	-345381
11.07000	-345564
11.07167	-345741
11.07333	-345927
11.07500	-346133
11.07667	-346334
11.07833	-346517
11.08000	-346695
11.08167	-346881
11.08333	-347087
11.08500	-347288
11.08667	-347471
11.08833	-347648
11.09000	-347833
11.09167	-348037
11.09333	-348237
11.09500	-348419
11.09667	-348596
11.09833	-348781
11.10000	-348985
11.10167	-349184
11.10333	-349366
11.10500	-349543
11.10667	-349727
11.10833	-349931
11.11000	-350131
11.11167	-350314
11.11333	-350492
11.11500	-350679
11.11667	-350886
11.11833	-351088
11.12000	-351273
11.12167	-351451
11.12333	-351638
11.12500	-351844
11.12667	-352045
11.12833	-352229
11.13000	-352406
11.13167	-352590
11.13333	-352794
11.13500	-352994
11.13667	-353177
11.13833	-353354
11.14000	-353541
11.14167	-353749
11.14333	-353951
11.14500	-354136
11.14667	-354315
11.14833	-354502
11.15000	-354709
11.15167	-354910
11.15333	-355095
11.15500	-355273
11.15667	-355459
11.15833	-355665
11.16000	-355866
11.16167	-356051
11.16333	-356230
11.16500	-356418
11.16667	-356627
11.16833	-356830
11.17000	-357016
11.17167	-357197
11.17333	-357386
11.17500	-357595
11.17667	-357799
11.17833	-357985
11.18000	-358166
11.18167	-358356
11.18333	-358567
11.18500	-358772
11.18667	-358960
11.18833	-359142
11.19000	-359332
11.19167	-359543
11.19333	-359748
11.19500	-359936
11.19667	-360117
11.19833	-360307
11.20000	-360517
11.20167	-360723
11.20333	-360911
11.20500	-361093
11.20667	-361285
11.20833	-361497
11.21000	-361704
11.21167	-361894
11.21333	-362078
11.21500	-362272
11.21667	-362486
11.21833	-362695
11.22000	-362887
11.22167	-363072
11.22333	-363267
11.22500	-363483
11.22667	-363693
11.22833	-363886
11.23000	-364074
11.23167	-364271
11.23333	-364489
11.23500	-364702
11.23667	-364896
11.23833	-365084
11.24000	-365281
11.24167	-365498
11.24333	-365711
11.24500	-365905
11.24667	-366093
11.24833	-366291
11.25000	-366509
11.25167	-366722
11.25333	-366917
11.25500	-367106
11.25667	-367305
11.25833	-367524
11.26000	-367738
11.26167	-367933
11.26333	-368123
11.26500	-368320
11.26667	-368539
11.26833	-368753
11.27000	-368949
11.27167	-369139
11.27333	-369339
11.27500	-369560
11.27667	-369776
11.27833	-369973
11.28000	-370165
11.28167	-370366
11.28333	-370588
11.28500	-370804
11.28667	-371003
11.28833	-371194
11.29000	-371395
11.29167	-371616
11.29333	-371832
11.29500	-372030
11.29667	-372220
11.29833	-372420
11.30000	-372640
11.30167	-372855
11.30333	-373052
11.30500	-373243
11.30667	-373443
11.30833	-373665
11.31000	-373881
11.31167	-374079
11.31333	-374270
11.31500	-374471
11.31667	-374692
11.31833	-374909
11.32000	-375106
11.32167	-375297
11.32333	-375497
11.32500	-375718
11.32667	-375933
11.32833	-376130
11.33000	-376320
11.33167	-376519
11.33333	-376740
11.33500	-376955
11.33667	-377153
11.33833	-377344
11.34000	-377544
11.34167	-377766
11.34333	-377982
11.34500	-378179
11.34667	-378370
11.34833	-378569
11.35000	-378790
11.35167	-379004
11.35333	-379201
11.35500	-379391
11.35667	-379591
11.35833	-379811
11.36000	-380026
11.36167	-380223
11.36333	-380413
11.36500	-380612
11.36667	-380832
11.36833	-381046
11.37000	-381241
11.37167	-381429
11.37333	-381626
11.37500	-381842
11.37667	-382054
11.37833	-382248
11.38000	-382436
11.38167	-382633
11.38333	-382852
11.38500	-383065
11.38667	-383260
11.38833	-383448
11.39000	-383645
11.39167	-383862
11.39333	-384074
11.39500	-384268
11.39667	-384454
11.39833	-384650
11.40000	-384865
11.40167	-385075
11.40333	-385267
11.40500	-385453
11.40667	-385647
11.40833	-385862
11.41000	-386071
11.41167	-386262
11.41333	-386446
11.41500	-386638
11.41667	-386851
11.41833	-387058
11.42000	-387247
11.42167	-387430
11.42333	-387621
11.42500	-387832
11.42667	-388038
11.42833	-388226
11.43000	-388407
11.43167	-388597
11.43333	-388806
11.43500	-389010
11.43667	-389196
11.43833	-389375
11.44000	-389563
11.44167	-389770
11.44333	-389972
11.44500	-390157
11.44667	-390335
11.44833	-390522
11.45000	-390728
11.45167	-390929
11.45333	-391112
11.45500	-391289
11.45667	-391473
11.45833	-391677
11.46000	-391875
11.46167	-392055
11.46333	-392229
11.46500	-392410
11.46667	-392611
11.46833	-392806
11.47000	-392984
11.47167	-393156
11.47333	-393336
11.47500	-393534
11.47667	-393728
11.47833	-393904
11.48000	-394075
11.48167	-394253
11.48333	-394450
11.48500	-394642
11.48667	-394817
11.48833	-394986
11.49000	-395162
11.49167	-395356
11.49333	-395545
11.49500	-395718
11.49667	-395884
11.49833	-396057
11.50000	-396248
11.50167	-396434
11.50333	-396604
11.50500	-396768
11.50667	-396939
11.50833	-397128
11.51000	-397312
11.51167	-397480
11.51333	-397643
11.51500	-397813
11.51667	-398001
11.51833	-398184
11.52000	-398351
11.52167	-398513
11.52333	-398681
11.52500	-398868
11.52667	-399049
11.52833	-399214
11.53000	-399372
11.53167	-399538
11.53333	-399720
11.53500	-399898
11.53667	-400060
11.53833	-400217
11.54000	-400381
11.54167	-400563
11.54333	-400740
11.54500	-400901
11.54667	-401056
11.54833	-401218
11.55000	-401396
11.55167	-401570
11.55333	-401728
11.55500	-401879
11.55667	-402037
11.55833	-402211
11.56000	-402380
11.56167	-402534
11.56333	-402683
11.56500	-402840
11.56667	-403013
11.56833	-403181
11.57000	-403335
11.57167	-403484
11.57333	-403640
11.57500	-403812
11.57667	-403979
11.57833	-404131
11.58000	-404278
11.58167	-404431
11.58333	-404600
11.58500	-404764
11.58667	-404913
11.58833	-405057
11.59000	-405208
11.59167	-405373
11.59333	-405535
11.59500	-405682
11.59667	-405823
11.59833	-405971
11.60000	-406135
11.60167	-406294
11.60333	-406438
11.60500	-406577
11.60667	-406722
11.60833	-406881
11.61000	-407037
11.61167	-407178
11.61333	-407315
11.61500	-407457
11.61667	-407615
11.61833	-407769
11.62000	-407909
11.62167	-408044
11.62333	-408186
11.62500	-408342
11.62667	-408494
11.62833	-408633
11.63000	-408767
11.63167	-408907
11.63333	-409061
11.63500	-409212
11.63667	-409350
11.63833	-409483
11.64000	-409622
11.64167	-409776
11.64333	-409926
11.64500	-410062
11.64667	-410194
11.64833	-410331
11.65000	-410482
11.65167	-410628
11.65333	-410761
11.65500	-410889
11.65667	-411022
11.65833	-411168
11.66000	-411310
11.66167	-411440
11.66333	-411566
11.66500	-411698
11.66667	-411843
11.66833	-411985
11.67000	-412115
11.67167	-412240
11.67333	-412370
11.67500	-412514
11.67667	-412654
11.67833	-412782
11.68000	-412905
11.68167	-413033
11.68333	-413175
11.68500	-413314
11.68667	-413440
11.68833	-413562
11.69000	-413690
11.69167	-413831
11.69333	-413968
11.69500	-414094
11.69667	-414215
11.69833	-414342
11.70000	-414482
11.70167	-414619
11.70333	-414744
11.70500	-414864
11.70667	-414991
11.70833	-415131
11.71000	-415267
11.71167	-415390
11.71333	-415509
11.71500	-415632
11.71667	-415768
11.71833	-415900
11.72000	-416021
11.72167	-416137
11.72333	-416258
11.72500	-416393
11.72667	-416523
11.72833	-416643
11.73000	-416758
11.73167	-416879
11.73333	-417013
11.73500	-417144
11.73667	-417262
11.73833	-417376
11.74000	-417495
11.74167	-417627
11.74333	-417755
11.74500	-417872
11.74667	-417985
11.74833	-418104
11.75000	-418235
11.75167	-418363
11.75333	-418480
11.75500	-418593
11.75667	-418711
11.75833	-418843
11.76000	-418970
11.76167	-419087
11.76333	-419199
11.76500	-419317
11.76667	-419446
11.76833	-419572
11.77000	-419686
11.77167	-419795
11.77333	-419909
11.77500	-420034
11.77667	-420155
11.77833	-420266
11.78000	-420373
11.78167	-420484
11.78333	-420607
11.78500	-420727
11.78667	-420836
11.78833	-420942
11.79000	-421053
11.79167	-421176
11.79333	-421296
11.79500	-421405
11.79667	-421510
11.79833	-421620
11.80000	-421741
11.80167	-421859
11.80333	-421966
11.80500	-422070
11.80667	-422178
11.80833	-422298
11.81000	-422415
11.81167	-422521
11.81333	-422624
11.81500	-422731
11.81667	-422850
11.81833	-422965
11.82000	-423069
11.82167	-423170
11.82333	-423275
11.82500	-423390
11.82667	-423503
11.82833	-423605
11.83000	-423704
11.83167	-423807
11.83333	-423921
11.83500	-424032
11.83667	-424133
11.83833	-424231
11.84000	-424334
11.84167	-424447
11.84333	-424557
11.84500	-424657
11.84667	-424754
11.84833	-424854
11.85000	-424965
11.85167	-425072
11.85333	-425169
11.85500	-425263
11.85667	-425359
11.85833	-425466
11.86000	-425570
11.86167	-425665
11.86333	-425756
11.86500	-425851
11.86667	-425957
11.86833	-426059
11.87000	-426153
11.87167	-426244
11.87333	-426339
11.87500	-426444
11.87667	-426547
11.87833	-426639
11.88000	-426728
11.88167	-426820
11.88333	-426922
11.88500	-427020
11.88667	-427109
11.88833	-427195
11.89000	-427283
11.89167	-427380
11.89333	-427475
11.89500	-427561
11.89667	-427644
11.89833	-427730
11.90000	-427826
11.90167	-427919
11.90333	-428004
11.90500	-428085
11.90667	-428169
11.90833	-428263
11.91000	-428353
11.91167	-428436
11.91333	-428515
11.91500	-428598
11.91667	-428689
11.91833	-428778
11.92000	-428859
11.92167	-428937
11.92333	-429018
11.92500	-429107
11.92667	-429194
11.92833	-429272
11.93000	-429347
11.93167	-429424
11.93333	-429510
11.93500	-429592
11.93667	-429667
11.93833	-429739
11.94000	-429813
11.94167	-429895
11.94333	-429974
11.94500	-430046
11.94667	-430116
11.94833	-430188
11.95000	-430268
11.95167	-430346
11.95333	-430417
11.95500	-430485
11.95667	-430555
11.95833	-430633
11.96000	-430708
11.96167	-430776
11.96333	-430841
11.96500	-430908
11.96667	-430982
11.96833	-431054
11.97000	-431119
11.97167	-431182
11.97333	-431246
11.97500	-431318
11.97667	-431387
11.97833	-431450
11.98000	-431510
11.98167	-431572
11.98333	-431641
11.98500	-431708
11.98667	-431769
11.98833	-431827
11.99000	-431889
11.99167	-431957
11.99333	-432023
11.99500	-432082
11.99667	-432139
11.99833	-432197
12.00000	-432262
12.00167	-432324
12.00333	-432380
12.00500	-432434
12.00667	-432490
12.00833	-432552
12.01000	-432612
12.01167	-432666
12.01333	-432718
12.01500	-432772
12.01667	-432831
12.01833	-432888
12.02000	-432941
12.02167	-432991
12.02333	-433044
12.02500	-433102
12.02667	-433158
12.02833	-433210
12.03000	-433260
12.03167	-433313
12.03333	-433372
12.03500	-433428
12.03667	-433479
12.03833	-433527
12.04000	-433576
12.04167	-433630
12.04333	-433682
12.04500	-433728
12.04667	-433773
12.04833	-433820
12.05000	-433871
12.05167	-433921
12.05333	-433966
12.05500	-434010
12.05667	-434055
12.05833	-434105
12.06000	-434153
12.06167	-434197
12.06333	-434239
12.06500	-434282
12.06667	-434329
12.06833	-434374
12.07000	-434415
12.07167	-434454
12.07333	-434494
12.07500	-434538
12.07667	-434581
12.07833	-434620
12.08000	-434658
12.08167	-434698
12.08333	-434742
12.08500	-434784
12.08667	-434823
12.08833	-434861
12.09000	-434900
12.09167	-434943
12.09333	-434985
12.09500	-435022
12.09667	-435058
12.09833	-435094
12.10000	-435133
12.10167	-435171
12.10333	-435206
12.10500	-435239
12.10667	-435274
12.10833	-435312
12.11000	-435349
12.11167	-435383
12.11333	-435416
12.11500	-435450
12.11667	-435487
12.11833	-435523
12.12000	-435556
12.12167	-435587
12.12333	-435620
12.12500	-435656
12.12667	-435690
12.12833	-435721
12.13000	-435751
12.13167	-435782
12.13333	-435815
12.13500	-435848
12.13667	-435877
12.13833	-435905
12.14000	-435934
12.14167	-435965
12.14333	-435996
12.14500	-436025
12.14667	-436052
12.14833	-436081
12.15000	-436113
12.15167	-436145
12.15333	-436173
12.15500	-436199
12.15667	-436226
12.15833	-436255
12.16000	-436283
12.16167	-436308
12.16333	-436332
12.16500	-436357
12.16667	-436384
12.16833	-436410
12.17000	-436433
12.17167	-436456
12.17333	-436480
12.17500	-436507
12.17667	-436533
12.17833	-436557
12.18000	-436581
12.18167	-436606
12.18333	-436633
12.18500	-436660
12.18667	-436684
12.18833	-436708
12.19000	-436732
12.19167	-436758
12.19333	-436784
12.19500	-436807
12.19667	-436828
12.19833	-436851
12.20000	-436875
12.20167	-436898
12.20333	-436919
12.20500	-436940
12.20667	-436961
12.20833	-436984
12.21000	-437006
12.21167	-437027
12.21333	-437047
12.21500	-437069
12.21667	-437092
12.21833	-437115
12.22000	-437135
12.22167	-437155
12.22333	-437175
12.22500	-437197
12.22667	-437218
12.22833	-437237
12.23000	-437255
12.23167	-437273
12.23333	-437292
12.23500	-437311
12.23667	-437328
12.23833	-437344
12.24000	-437362
12.24167	-437381
12.24333	-437400
12.24500	-437417
12.24667	-437434
12.24833	-437452
12.25000	-437471
12.25167	-437490
12.25333	-437507
12.25500	-437522
12.25667	-437538
12.25833	-437555
12.26000	-437572
12.26167	-437587
12.26333	-437601
12.26500	-437615
12.26667	-437631
12.26833	-437646
12.27000	-437660
12.27167	-437674
12.27333	-437688
12.27500	-437705
12.27667	-437720
12.27833	-437735
12.28000	-437749
12.28167	-437763
12.28333	-437780
12.28500	-437795
12.28667	-437809
12.28833	-437823
12.29000	-437837
12.29167	-437852
12.29333	-437867
12.29500	-437880
12.29667	-437893
12.29833	-437907
12.30000	-437922
12.30167	-437936
12.30333	-437950
12.30500	-437962
12.30667	-437975
12.30833	-437989
12.31000	-438003
12.31167	-438015
12.31333	-438027
12.31500	-438039
12.31667	-438052
12.31833	-438065
12.32000	-438077
12.32167	-438088
12.32333	-438099
12.32500	-438112
12.32667	-438124
12.32833	-438134
12.33000	-438145
12.33167	-438156
12.33333	-438168
12.33500	-438179
12.33667	-438190
12.33833	-438201
12.34000	-438212
12.34167	-438224
12.34333	-438236
12.34500	-438247
12.34667	-438257
12.34833	-438269
12.35000	-438281
12.35167	-438293
12.35333	-438305
12.35500	-438315
12.35667	-438326
12.35833	-438338
12.36000	-438350
12.36167	-438361
12.36333	-438371
12.36500	-438381
12.36667	-438392
12.36833	-438403
12.37000	-438412
12.37167	-438420
12.37333	-438429
12.37500	-438437
12.37667	-438446
12.37833	-438454
12.38000	-438462
12.38167	-438471
12.38333	-438480
12.38500	-438489
12.38667	-438498
12.38833	-438506
12.39000	-438515
12.39167	-438525
12.39333	-438534
12.39500	-438543
12.39667	-438551
12.39833	-438560
12.40000	-438569
12.40167	-438579
12.40333	-438588
12.40500	-438596
12.40667	-438605
12.40833	-438614
12.41000	-438623
12.41167	-438631
12.41333	-438637
12.41500	-438643
12.41667	-438650
12.41833	-438656
12.42000	-438662
12.42167	-438668
12.42333	-438675
12.42500	-438684
12.42667	-438692
12.42833	-438699
12.43000	-438706
12.43167	-438714
12.43333	-438722
12.43500	-438730
12.43667	-438737
12.43833	-438743
12.44000	-438748
12.44167	-438754
12.44333	-438759
12.44500	-438765
12.44667	-438771
12.44833	-438777
12.45000	-438785
12.45167	-438793
12.45333	-438801
12.45500	-438809
12.45667	-438818
12.45833	-438828
12.46000	-438837
12.46167	-438846
12.46333	-438854
12.46500	-438862
12.46667	-438871
12.46833	-438879
12.47000	-438887
12.47167	-438895
12.47333	-438903
12.47500	-438912
12.47667	-438920
12.47833	-438928
12.48000	-438934
12.48167	-438940
12.48333	-438947
12.48500	-438953
12.48667	-438958
12.48833	-438964
12.49000	-438969
12.49167	-438976
12.49333	-438982
12.49500	-438988
12.49667	-438994
12.49833	-439000
12.50000	-439007
12.50167	-439015
12.50333	-439021
12.50500	-439028
12.50667	-439034
12.50833	-439041
12.51000	-439049
12.51167	-439055
12.51333	-439062
12.51500	-439069
12.51667	-439077
12.51833	-439085
12.52000	-439092
12.52167	-439098
12.52333	-439105
12.52500	-439112
12.52667	-439119
12.52833	-439125
12.53000	-439131
12.53167	-439138
12.53333	-439145
12.53500	-439152
12.53667	-439158
12.53833	-439164
12.54000	-439168
12.54167	-439173
12.54333	-439178
12.54500	-439183
12.54667	-439187
12.54833	-439191
12.55000	-439196
12.55167	-439201
12.55333	-439206
12.55500	-439211
12.55667	-439217
12.55833	-439224
12.56000	-439231
12.56167	-439237
12.56333	-439243
12.56500	-439249
12.56667	-439256
12.56833	-439263
12.57000	-439270
12.57167	-439277
12.57333	-439285
12.57500	-439293
12.57667	-439302
12.57833	-439309
12.58000	-439315
12.58167	-439321
12.58333	-439328
12.58500	-439334
12.58667	-439339
12.58833	-439344
12.59000	-439350
12.59167	-439356
12.59333	-439362
12.59500	-439368
12.59667	-439374
12.59833	-439380
12.60000	-439388
12.60167	-439395
12.60333	-439401
12.60500	-439407
12.60667	-439412
12.60833	-439418
12.61000	-439423
12.61167	-439428
12.61333	-439432
12.61500	-439437
12.61667	-439442
12.61833	-439447
12.62000	-439452
12.62167	-439458
12.62333	-439463
12.62500	-439470
12.62667	-439477
12.62833	-439483
12.63000	-439490
12.63167	-439497
12.63333	-439505
12.63500	-439513
12.63667	-439520
12.63833	-439526
12.64000	-439533
12.64167	-439540
12.64333	-439547
12.64500	-439553
12.64667	-439559
12.64833	-439565
12.65000	-439572
12.65167	-439579
12.65333	-439585
12.65500	-439591
12.65667	-439597
12.65833	-439604
12.66000	-439610
12.66167	-439616
12.66333	-439622
12.66500	-439628
12.66667	-439634
12.66833	-439641
12.67000	-439647
12.67167	-439654
12.67333	-439660
12.67500	-439667
12.67667	-439674
12.67833	-439680
12.68000	-439686
12.68167	-439692
12.68333	-439698
12.68500	-439704
12.68667	-439709
12.68833	-439714
12.69000	-439719
12.69167	-439725
12.69333	-439730
12.69500	-439734
12.69667	-439738
12.69833	-439742
12.70000	-439746
12.70167	-439750
12.70333	-439754
12.70500	-439757
12.70667	-439760
12.70833	-439764
12.71000	-439767
12.71167	-439770
12.71333	-439774
12.71500	-439779
12.71667	-439784
12.71833	-439789
12.72000	-439795
12.72167	-439800
12.72333	-439805
12.72500	-439811
12.72667	-439817
12.72833	-439822
12.73000	-439827
12.73167	-439832
12.73333	-439837
12.73500	-439841
12.73667	-439845
12.73833	-439848
12.74000	-439851
12.74167	-439853
12.74333	-439856
12.74500	-439858
12.74667	-439861
12.74833	-439865
12.75000	-439870
12.75167	-439874
12.75333	-439879
12.75500	-439884
12.75667	-439890
12.75833	-439896
12.76000	-439902
12.76167	-439907
12.76333	-439911
12.76500	-439914
12.76667	-439918
12.76833	-439921
12.77000	-439925
12.77167	-439928
12.77333	-439932
12.77500	-439937
12.77667	-439941
12.77833	-439945
12.78000	-439950
12.78167	-439954
12.78333	-439959
12.78500	-439963
12.78667	-439967
12.78833	-439971
12.79000	-439974
12.79167	-439977
12.79333	-439981
12.79500	-439984
12.79667	-439988
12.79833	-439992
12.80000	-439996
12.80167	-440000
12.80333	-440004
12.80500	-440009
12.80667	-440013
12.80833	-440018
12.81000	-440023
12.81167	-440028
12.81333	-440032
12.81500	-440036
12.81667	-440040
12.81833	-440044
12.82000	-440047
12.82167	-440050
12.82333	-440052
12.82500	-440054
12.82667	-440056
12.82833	-440059
12.83000	-440061
12.83167	-440064
12.83333	-440067
12.83500	-440070
12.83667	-440074
12.83833	-440078
12.84000	-440083
12.84167	-440089
12.84333	-440094
12.84500	-440099
12.84667	-440103
12.84833	-440106
12.85000	-440109
12.85167	-440111
12.85333	-440113
12.85500	-440115
12.85667	-440115
12.85833	-440116
12.86000	-440117
12.86167	-440118
12.86333	-440120
12.86500	-440122
12.86667	-440125
12.86833	-440128
12.87000	-440131
12.87167	-440134
12.87333	-440138
12.87500	-440142
12.87667	-440146
12.87833	-440150
12.88000	-440154
12.88167	-440157
12.88333	-440161
12.88500	-440165
12.88667	-440168
12.88833	-440171
12.89000	-440175
12.89167	-440178
12.89333	-440182
12.89500	-440185
12.89667	-440187
12.89833	-440190
12.90000	-440192
12.90167	-440194
12.90333	-440196
12.90500	-440198
12.90667	-440200
12.90833	-440202
12.91000	-440203
12.91167	-440206
12.91333	-440208
12.91500	-440210
12.91667	-440213
12.91833	-440216
12.92000	-440219
12.92167	-440221
12.92333	-440223
12.92500	-440225
12.92667	-440227
12.92833	-440230
12.93000	-440233
12.93167	-440237
12.93333	-440242
12.93500	-440246
12.93667	-440250
12.93833	-440254
12.94000	-440258
12.94167	-440262
12.94333	-440265
12.94500	-440268
12.94667	-440270
12.94833	-440271
12.95000	-440272
12.95167	-440272
12.95333	-440273
12.95500	-440274
12.95667	-440275
12.95833	-440276
12.96000	-440277
12.96167	-440278
12.96333	-440280
12.96500	-440281
12.96667	-440283
12.96833	-440285
12.97000	-440288
12.97167	-440290
12.97333	-440293
12.97500	-440297
12.97667	-440300
12.97833	-440303
12.98000	-440306
12.98167	-440308
12.98333	-440311
12.98500	-440314
12.98667	-440316
12.98833	-440318
12.99000	-440320
12.99167	-440321
12.99333	-440323
12.99500	-440326
12.99667	-440328
12.99833	-440332
13.00000	-440336
13.00167	-440339
13.00333	-440342
13.00500	-440344
13.00667	-440345
13.00833	-440345
13.01000	-440345
13.01167	-440346
13.01333	-440345
13.01500	-440345
13.01667	-440344
13.01833	-440344
13.02000	-440345
13.02167	-440346
13.02333	-440349
13.02500	-440353
13.02667	-440356
13.02833	-440359
13.03000	-440361
13.03167	-440362
13.03333	-440363
13.03500	-440364
13.03667	-440364
13.03833	-440363
13.04000	-440362
13.04167	-440361
13.04333	-440360
13.04500	-440359
13.04667	-440360
13.04833	-440361
13.05000	-440363
13.05167	-440366
13.05333	-440368
13.05500	-440369
13.05667	-440371
13.05833	-440372
13.06000	-440374
13.06167	-440375
13.06333	-440376
13.06500	-440377
13.06667	-440378
13.06833	-440380
13.07000	-440381
13.07167	-440383
13.07333	-440385
13.07500	-440387
13.07667	-440389
13.07833	-440391
13.08000	-440393
13.08167	-440394
13.08333	-440395
13.08500	-440397
13.08667	-440399
13.08833	-440401
13.09000	-440405
13.09167	-440409
13.09333	-440413
13.09500	-440416
13.09667	-440420
13.09833	-440423
13.10000	-440426
13.10167	-440430
13.10333	-440432
13.10500	-440433
13.10667	-440434
13.10833	-440434
13.11000	-440434
13.11167	-440434
13.11333	-440434
13.11500	-440435
13.11667	-440435
13.11833	-440436
13.12000	-440437
13.12167	-440438
13.12333	-440440
13.12500	-440441
13.12667	-440443
13.12833	-440445
13.13000	-440447
13.13167	-440450
13.13333	-440452
13.13500	-440455
13.13667	-440457
13.13833	-440459
13.14000	-440461
13.14167	-440462
13.14333	-440464
13.14500	-440466
13.14667	-440467
13.14833	-440468
13.15000	-440469
13.15167	-440471
13.15333	-440472
13.15500	-440474
13.15667	-440476
13.15833	-440478
13.16000	-440480
13.16167	-440482
13.16333	-440483
13.16500	-440484
13.16667	-440486
13.16833	-440487
13.17000	-440488
13.17167	-440489
13.17333	-440490
13.17500	-440492
13.17667	-440494
13.17833	-440496
13.18000	-440498
13.18167	-440500
13.18333	-440503
13.18500	-440506
13.18667	-440508
13.18833	-440510
13.19000	-440511
13.19167	-440513
13.19333	-440514
13.19500	-440515
13.19667	-440516
13.19833	-440517
13.20000	-440517
13.20167	-440518
13.20333	-440519
13.20500	-440521
13.20667	-440523
13.20833	-440526
13.21000	-440529
13.21167	-440532
13.21333	-440535
13.21500	-440538
13.21667	-440541
13.21833	-440543
13.22000	-440545
13.22167	-440546
13.22333	-440547
13.22500	-440547
13.22667	-440547
13.22833	-440547
13.23000	-440547
13.23167	-440548
13.23333	-440548
13.23500	-440549
13.23667	-440551
13.23833	-440553
13.24000	-440556
13.24167	-440559
13.24333	-440563
13.24500	-440566
13.24667	-440570
13.24833	-440573
13.25000	-440577
13.25167	-440580
13.25333	-440583
13.25500	-440585
13.25667	-440587
13.25833	-440590
13.26000	-440592
13.26167	-440594
13.26333	-440596
13.26500	-440598
13.26667	-440600
13.26833	-440602
13.27000	-440605
13.27167	-440607
13.27333	-440609
13.27500	-440611
13.27667	-440614
13.27833	-440616
13.28000	-440618
13.28167	-440620
13.28333	-440622
13.28500	-440625
13.28667	-440627
13.28833	-440630
13.29000	-440633
13.29167	-440636
13.29333	-440639
13.29500	-440642
13.29667	-440644
13.29833	-440646
13.30000	-440648
13.30167	-440649
13.30333	-440650
13.30500	-440651
13.30667	-440651
13.30833	-440652
13.31000	-440652
13.31167	-440653
13.31333	-440653
13.31500	-440654
13.31667	-440656
13.31833	-440657
13.32000	-440659
13.32167	-440661
13.32333	-440663
13.32500	-440666
13.32667	-440669
13.32833	-440672
13.33000	-440674
13.33167	-440676
13.33333	-440679
13.33500	-440681
13.33667	-440684
13.33833	-440686
13.34000	-440688
13.34167	-440691
13.34333	-440694
13.34500	-440696
13.34667	-440698
13.34833	-440700
13.35000	-440702
13.35167	-440704
13.35333	-440705
13.35500	-440706
13.35667	-440707
13.35833	-440708
13.36000	-440709
13.36167	-440710
13.36333	-440712
13.36500	-440714
13.36667	-440717
13.36833	-440721
13.37000	-440724
13.37167	-440727
13.37333	-440730
13.37500	-440733
13.37667	-440736
13.37833	-440739
13.38000	-440741
13.38167	-440744
13.38333	-440747
13.38500	-440750
13.38667	-440753
13.38833	-440756
13.39000	-440759
13.39167	-440763
13.39333	-440766
13.39500	-440770
13.39667	-440773
13.39833	-440777
13.40000	-440781
13.40167	-440784
13.40333	-440787
13.40500	-440790
13.40667	-440792
13.40833	-440794
13.41000	-440796
13.41167	-440798
13.41333	-440799
13.41500	-440800
13.41667	-440801
13.41833	-440803
13.42000	-440804
13.42167	-440805
13.42333	-440806
13.42500	-440808
13.42667	-440809
13.42833	-440812
13.43000	-440815
13.43167	-440819
13.43333	-440824
13.43500	-440829
13.43667	-440834
13.43833	-440838
13.44000	-440844
13.44167	-440849
13.44333	-440855
13.44500	-440860
13.44667	-440864
13.44833	-440868
13.45000	-440873
13.45167	-440877
13.45333	-440881
13.45500	-440884
13.45667	-440888
13.45833	-440892
13.46000	-440896
13.46167	-440899
13.46333	-440901
13.46500	-440903
13.46667	-440904
13.46833	-440906
13.47000	-440908
13.47167	-440910
13.47333	-440912
13.47500	-440915
13.47667	-440918
13.47833	-440921
13.48000	-440925
13.48167	-440929
13.48333	-440934
13.48500	-440938
13.48667	-440942
13.48833	-440945
13.49000	-440947
13.49167	-440950
13.49333	-440953
13.49500	-440955
13.49667	-440957
13.49833	-440959
13.50000	-440961
13.50167	-440963
13.50333	-440965
13.50500	-440966
13.50667	-440968
13.50833	-440970
13.51000	-440973
13.51167	-440975
13.51333	-440977
13.51500	-440980
13.51667	-440984
13.51833	-440987
13.52000	-440991
13.52167	-440995
13.52333	-440999
13.52500	-441004
13.52667	-441008
13.52833	-441011
13.53000	-441014
13.53167	-441016
13.53333	-441018
13.53500	-441020
13.53667	-441022
13.53833	-441025
13.54000	-441028
13.54167	-441031
13.54333	-441035
13.54500	-441039
13.54667	-441043
13.54833	-441047
13.55000	-441053
13.55167	-441057
13.55333	-441061
13.55500	-441064
13.55667	-441066
13.55833	-441069
13.56000	-441071
13.56167	-441073
13.56333	-441076
13.56500	-441078
13.56667	-441082
13.56833	-441085
13.57000	-441089
13.57167	-441092
13.57333	-441097
13.57500	-441102
13.57667	-441106
13.57833	-441110
13.58000	-441113
13.58167	-441115
13.58333	-441117
13.58500	-441119
13.58667	-441120
13.58833	-441122
13.59000	-441123
13.59167	-441125
13.59333	-441126
13.59500	-441128
13.59667	-441130
13.59833	-441133
13.60000	-441136
13.60167	-441139
13.60333	-441142
13.60500	-441144
13.60667	-441146
13.60833	-441149
13.61000	-441151
13.61167	-441153
13.61333	-441155
13.61500	-441156
13.61667	-441158
13.61833	-441160
13.62000	-441162
13.62167	-441165
13.62333	-441167
13.62500	-441170
13.62667	-441172
13.62833	-441175
13.63000	-441177
13.63167	-441180
13.63333	-441183
13.63500	-441185
13.63667	-441187
13.63833	-441189
13.64000	-441190
13.64167	-441191
13.64333	-441193
13.64500	-441194
13.64667	-441196
13.64833	-441199
13.65000	-441202
13.65167	-441204
13.65333	-441206
13.65500	-441208
13.65667	-441209
13.65833	-441210
13.66000	-441210
13.66167	-441211
13.66333	-441211
13.66500	-441210
13.66667	-441210
13.66833	-441209
13.67000	-441209
13.67167	-441210
13.67333	-441211
13.67500	-441213
13.67667	-441215
13.67833	-441217
13.68000	-441219
13.68167	-441221
13.68333	-441223
13.68500	-441225
13.68667	-441227
13.68833	-441229
13.69000	-441231
13.69167	-441233
13.69333	-441235
13.69500	-441237
13.69667	-441239
13.69833	-441241
13.70000	-441243
13.70167	-441245
13.70333	-441246
13.70500	-441247
13.70667	-441248
13.70833	-441248
13.71000	-441248
13.71167	-441249
13.71333	-441249
13.71500	-441249
13.71667	-441249
13.71833	-441249
13.72000	-441250
13.72167	-441251
13.72333	-441253
13.72500	-441255
13.72667	-441257
13.72833	-441259
13.73000	-441261
13.73167	-441264
13.73333	-441267
13.73500	-441269
13.73667	-441271
13.73833	-441273
13.74000	-441274
13.74167	-441276
13.74333	-441277
13.74500	-441278
13.74667	-441279
13.74833	-441279
13.75000	-441280
13.75167	-441281
13.75333	-441282
13.75500	-441284
13.75667	-441286
13.75833	-441289
13.76000	-441292
13.76167	-441295
13.76333	-441297
13.76500	-441298
13.76667	-441300
13.76833	-441301
13.77000	-441302
13.77167	-441303
13.77333	-441303
13.77500	-441303
13.77667	-441303
13.77833	-441303
13.78000	-441303
13.78167	-441304
13.78333	-441305
13.78500	-441307
13.78667	-441308
13.78833	-441309
13.79000	-441311
13.79167	-441313
13.79333	-441315
13.79500	-441316
13.79667	-441318
13.79833	-441320
13.80000	-441322
13.80167	-441324
13.80333	-441325
13.80500	-441326
13.80667	-441328
13.80833	-441329
13.81000	-441330
13.81167	-441331
13.81333	-441331
13.81500	-441332
13.81667	-441334
13.81833	-441335
13.82000	-441335
13.82167	-441336
13.82333	-441336
13.82500	-441335
13.82667	-441335
13.82833	-441334
13.83000	-441334
13.83167	-441334
13.83333	-441334
13.83500	-441334
13.83667	-441335
13.83833	-441336
13.84000	-441338
13.84167	-441340
13.84333	-441342
13.84500	-441344
13.84667	-441346
13.84833	-441348
13.85000	-441350
13.85167	-441352
13.85333	-441354
13.85500	-441355
13.85667	-441357
13.85833	-441357
13.86000	-441358
13.86167	-441359
13.86333	-441360
13.86500	-441362
13.86667	-441363
13.86833	-441365
13.87000	-441367
13.87167	-441369
13.87333	-441372
13.87500	-441375
13.87667	-441378
13.87833	-441380
13.88000	-441383
13.88167	-441386
13.88333	-441388
13.88500	-441391
13.88667	-441393
13.88833	-441395
13.89000	-441397
13.89167	-441398
13.89333	-441399
13.89500	-441400
13.89667	-441401
13.89833	-441401
13.90000	-441401
13.90167	-441402
13.90333	-441402
13.90500	-441403
13.90667	-441405
13.90833	-441406
13.91000	-441408
13.91167	-441410
13.91333	-441411
13.91500	-441413
13.91667	-441414
13.91833	-441415
13.92000	-441416
13.92167	-441417
13.92333	-441417
13.92500	-441416
13.92667	-441416
13.92833	-441417
13.93000	-441417
13.93167	-441419
13.93333	-441421
13.93500	-441423
13.93667	-441426
13.93833	-441428
13.94000	-441430
13.94167	-441433
13.94333	-441435
13.94500	-441437
13.94667	-441438
13.94833	-441438
13.95000	-441439
13.95167	-441439
13.95333	-441439
13.95500	-441439
13.95667	-441440
13.95833	-441441
13.96000	-441442
13.96167	-441442
13.96333	-441442
13.96500	-441443
13.96667	-441443
13.96833	-441442
13.97000	-441442
13.97167	-441442
13.97333	-441442
13.97500	-441442
13.97667	-441443
13.97833	-441443
13.98000	-441444
13.98167	-441445
13.98333	-441445
13.98500	-441446
13.98667	-441447
13.98833	-441447
13.99000	-441447
13.99167	-441447
13.99333	-441447
13.99500	-441447
13.99667	-441449
13.99833	-441451
14.00000	-441453
14.00167	-441456
14.00333	-441459
14.00500	-441462
14.00667	-441464
14.00833	-441467
14.01000	-441470
14.01167	-441471
14.01333	-441472
14.01500	-441472
14.01667	-441471
14.01833	-441471
14.02000	-441470
14.02167	-441470
14.02333	-441470
14.02500	-441471
14.02667	-441471
14.02833	-441472
14.03000	-441473
14.03167	-441474
14.03333	-441475
14.03500	-441476
14.03667	-441477
14.03833	-441478
14.04000	-441478
14.04167	-441478
14.04333	-441479
14.04500	-441479
14.04667	-441479
14.04833	-441480
14.05000	-441481
14.05167	-441481
14.05333	-441482
14.05500	-441483
14.05667	-441484
14.05833	-441485
14.06000	-441485
14.06167	-441486
14.06333	-441486
14.06500	-441486
14.06667	-441487
14.06833	-441487
14.07000	-441487
14.07167	-441487
14.07333	-441486
14.07500	-441485
14.07667	-441484
14.07833	-441484
14.08000	-441483
14.08167	-441482
14.08333	-441480
14.08500	-441479
14.08667	-441478
14.08833	-441478
14.09000	-441477
14.09167	-441477
14.09333	-441477
14.09500	-441476
14.09667	-441476
14.09833	-441475
14.10000	-441475
14.10167	-441474
14.10333	-441473
14.10500	-441473
14.10667	-441472
14.10833	-441472
14.11000	-441471
14.11167	-441471
14.11333	-441471
14.11500	-441471
14.11667	-441472
14.11833	-441472
14.12000	-441472
14.12167	-441471
14.12333	-441469
14.12500	-441468
14.12667	-441465
14.12833	-441463
14.13000	-441461
14.13167	-441459
14.13333	-441456
14.13500	-441453
14.13667	-441452
14.13833	-441450
14.14000	-441449
14.14167	-441448
14.14333	-441448
14.14500	-441447
14.14667	-441446
14.14833	-441445
14.15000	-441444
14.15167	-441443
14.15333	-441442
14.15500	-441441
14.15667	-441440
14.15833	-441440
14.16000	-441439
14.16167	-441438
14.16333	-441437
14.16500	-441436
14.16667	-441434
14.16833	-441432
14.17000	-441430
14.17167	-441428
14.17333	-441426
14.17500	-441424
14.17667	-441422
14.17833	-441420
14.18000	-441418
14.18167	-441416
14.18333	-441414
14.18500	-441412
14.18667	-441409
14.18833	-441405
14.19000	-441400
14.19167	-441394
14.19333	-441387
14.19500	-441381
14.19667	-441374
14.19833	-441366
14.20000	-441357
14.20167	-441347
14.20333	-441337
14.20500	-441327
14.20667	-441315
14.20833	-441301
14.21000	-441287
14.21167	-441272
14.21333	-441257
14.21500	-441239
14.21667	-441219
14.21833	-441198
14.22000	-441177
14.22167	-441155
14.22333	-441130
14.22500	-441102
14.22667	-441073
14.22833	-441043
14.23000	-441011
14.23167	-440975
14.23333	-440934
14.23500	-440891
14.23667	-440848
14.23833	-440803
14.24000	-440753
14.24167	-440694
14.24333	-440634
14.24500	-440575
14.24667	-440511
14.24833	-440440
14.25000	-440358
14.25167	-440274
14.25333	-440189
14.25500	-440100
14.25667	-440001
14.25833	-439886
14.26000	-439768
14.26167	-439652
14.26333	-439529
14.26500	-439393
14.26667	-439237
14.26833	-439076
14.27000	-438918
14.27167	-438752
14.27333	-438567
14.27500	-438355
14.27667	-438138
14.27833	-437923
14.28000	-437697
14.28167	-437447
14.28333	-437159
14.28500	-436864
14.28667	-436574
14.28833	-436270
14.29000	-435933
14.29167	-435547
14.29333	-435151
14.29500	-434763
14.29667	-434357
14.29833	-433908
14.30000	-433393
14.30167	-432868
14.30333	-432352
14.30500	-431815
14.30667	-431220
14.30833	-430540
14.31000	-429845
14.31167	-429165
14.31333	-428458
14.31500	-427675
14.31667	-426781
14.31833	-425869
14.32000	-424977
14.32167	-424051
14.32333	-423028
14.32500	-421860
14.32667	-420669
14.32833	-419506
14.33000	-418302
14.33167	-416973
14.33333	-415456
14.33500	-413911
14.33667	-412405
14.33833	-410847
14.34000	-409128
14.34167	-407168
14.34333	-405174
14.34500	-403230
14.34667	-401221
14.34833	-399006
14.35000	-396481
14.35167	-393915
14.35333	-391419
14.35500	-388842
14.35667	-386007
14.35833	-382777
14.36000	-379500
14.36167	-376324
14.36333	-373057
14.36500	-369469
14.36667	-365388
14.36833	-361263
14.37000	-357287
14.37167	-353220
14.37333	-348775
14.37500	-343730
14.37667	-338655
14.37833	-333801
14.38000	-328875
14.38167	-323521
14.38333	-317466
14.38500	-311405
14.38667	-305652
14.38833	-299859
14.39000	-293599
14.39167	-286545
14.39333	-279517
14.39500	-272894
14.39667	-266275
14.39833	-259164
14.40000	-251177
14.40167	-243286
14.40333	-235956
14.40500	-228744
14.40667	-221091
14.40833	-212561
14.41000	-204235
14.41167	-196659
14.41333	-189372
14.41500	-181779
14.41667	-173412
14.41833	-165326
14.42000	-158064
14.42167	-151176
14.42333	-144078
14.42500	-136314
14.42667	-128848
14.42833	-122178
14.43000	-115887
14.43167	-109433
14.43333	-102393
14.43500	-95650
14.43667	-89664
14.43833	-84060
14.44000	-78348
14.44167	-72143
14.44333	-66229
14.44500	-61021
14.44667	-56190
14.44833	-51306
14.45000	-46027
14.45167	-41025
14.45333	-36657
14.45500	-32647
14.45667	-28627
14.45833	-24309
14.46000	-20242
14.46167	-16724
14.46333	-13529
14.46500	-10358
14.46667	-6975
14.46833	-3810
14.47000	-1101
14.47167	1326
14.47333	3707
14.47500	6227
14.47667	8565
14.47833	10543
14.48000	12290
14.48167	13981
14.48333	15753
14.48500	17382
14.48667	18742
14.48833	19921
14.49000	21044
14.49167	22206
14.49333	23260
14.49500	24118
14.49667	24840
14.49833	25505
14.50000	26177
14.50167	26770
14.50333	27232
14.50500	27597
14.50667	27911
14.50833	28209
14.51000	28456
14.51167	28626
14.51333	28732
14.51500	28796
14.51667	28833
14.51833	28839
14.52000	28807
14.52167	28738
14.52333	28633
14.52500	28496
14.52667	28342
14.52833	28178
14.53000	27995
14.53167	27783
14.53333	27535
14.53500	27280
14.53667	27030
14.53833	26772
14.54000	26487
14.54167	26163
14.54333	25836
14.54500	25524
14.54667	25208
14.54833	24865
14.55000	24477
14.55167	24090
14.55333	23726
14.55500	23360
14.55667	22968
14.55833	22527
14.56000	22090
14.56167	21681
14.56333	21276
14.56500	20843
14.56667	20360
14.56833	19884
14.57000	19445
14.57167	19016
14.57333	18563
14.57500	18061
14.57667	17569
14.57833	17121
14.58000	16687
14.58167	16233
14.58333	15732
14.58500	15245
14.58667	14805
14.58833	14385
14.59000	13949
14.59167	13471
14.59333	13009
14.59500	12594
14.59667	12200
14.59833	11794
14.60000	11350
14.60167	10922
14.60333	10538
14.60500	10174
14.60667	9799
14.60833	9388
14.61000	8993
14.61167	8641
14.61333	8309
14.61500	7970
14.61667	7600
14.61833	7246
14.62000	6932
14.62167	6638
14.62333	6338
14.62500	6013
14.62667	5703
14.62833	5427
14.63000	5170
14.63167	4907
14.63333	4623
14.63500	4350
14.63667	4109
14.63833	3882
14.64000	3652
14.64167	3401
14.64333	3162
14.64500	2950
14.64667	2752
14.64833	2551
14.65000	2332
14.65167	2123
14.65333	1938
14.65500	1765
14.65667	1588
14.65833	1396
14.66000	1213
14.66167	1052
14.66333	903
14.66500	751
14.66667	588
14.66833	434
14.67000	300
14.67167	178
14.67333	58
14.67500	-71
14.67667	-193
14.67833	-300
14.68000	-398
14.68167	-497
14.68333	-603
14.68500	-705
14.68667	-794
14.68833	-876
14.69000	-959
14.69167	-1049
14.69333	-1135
14.69500	-1210
14.69667	-1280
14.69833	-1350
14.70000	-1426
14.70167	-1497
14.70333	-1559
14.70500	-1615
14.70667	-1670
14.70833	-1728
14.71000	-1782
14.71167	-1827
14.71333	-1867
14.71500	-1904
14.71667	-1943
14.71833	-1979
14.72000	-2010
14.72167	-2039
14.72333	-2067
14.72500	-2098
14.72667	-2127
14.72833	-2154
14.73000	-2180
14.73167	-2207
14.73333	-2237
14.73500	-2265
14.73667	-2290
14.73833	-2312
14.74000	-2335
14.74167	-2360
14.74333	-2383
14.74500	-2403
14.74667	-2421
14.74833	-2438
14.75000	-2457
14.75167	-2475
14.75333	-2490
14.75500	-2504
14.75667	-2519
14.75833	-2534
14.76000	-2549
14.76167	-2563
14.76333	-2577
14.76500	-2592
14.76667	-2609
14.76833	-2626
14.77000	-2643
14.77167	-2660
14.77333	-2678
14.77500	-2698
14.77667	-2719
14.77833	-2738
14.78000	-2756
14.78167	-2776
14.78333	-2798
14.78500	-2820
14.78667	-2839
14.78833	-2857
14.79000	-2876
14.79167	-2897
14.79333	-2917
14.79500	-2936
14.79667	-2954
14.79833	-2974
14.80000	-2996
14.80167	-3017
14.80333	-3037
14.80500	-3057
14.80667	-3078
14.80833	-3102
14.81000	-3125
14.81167	-3145
14.81333	-3162
14.81500	-3179
14.81667	-3197
14.81833	-3214
14.82000	-3228
14.82167	-3241
14.82333	-3253
14.82500	-3265
14.82667	-3277
14.82833	-3287
14.83000	-3296
14.83167	-3305
14.83333	-3314
14.83500	-3322
14.83667	-3328
14.83833	-3333
14.84000	-3337
14.84167	-3340
14.84333	-3343
14.84500	-3343
14.84667	-3342
14.84833	-3340
14.85000	-3336
14.85167	-3331
14.85333	-3325
14.85500	-3319
14.85667	-3310
14.85833	-3301
14.86000	-3290
14.86167	-3277
14.86333	-3261
14.86500	-3242
14.86667	-3219
14.86833	-3195
14.87000	-3171
14.87167	-3146
14.87333	-3118
14.87500	-3086
14.87667	-3054
14.87833	-3024
14.88000	-2994
14.88167	-2962
14.88333	-2927
14.88500	-2891
14.88667	-2858
14.88833	-2824
14.89000	-2788
14.89167	-2748
14.89333	-2708
14.89500	-2671
14.89667	-2634
14.89833	-2594
14.90000	-2550
14.90167	-2506
14.90333	-2465
14.90500	-2425
14.90667	-2382
14.90833	-2334
14.91000	-2287
14.91167	-2243
14.91333	-2202
14.91500	-2158
14.91667	-2110
14.91833	-2063
14.92000	-2019
14.92167	-1978
14.92333	-1934
14.92500	-1886
14.92667	-1840
14.92833	-1797
14.93000	-1757
14.93167	-1715
14.93333	-1669
14.93500	-1624
14.93667	-1583
14.93833	-1544
14.94000	-1503
14.94167	-1458
14.94333	-1414
14.94500	-1374
14.94667	-1337
14.94833	-1299
14.95000	-1257
14.95167	-1216
14.95333	-1180
14.95500	-1147
14.95667	-1113
14.95833	-1075
14.96000	-1040
14.96167	-1008
14.96333	-977
14.96500	-946
14.96667	-912
14.96833	-879
14.97000	-850
14.97167	-824
14.97333	-797
14.97500	-768
14.97667	-740
14.97833	-716
14.98000	-693
14.98167	-670
14.98333	-644
14.98500	-619
14.98667	-597
14.98833	-575
14.99000	-552
14.99167	-526
14.99333	-501
14.99500	-479
14.99667	-457
14.99833	-434
15.00000	-409

[LC Chromatogram(Detector A-Ch2)]
Interval(msec)	100
# of Points	9001
Start Time(min)	0.000
End Time(min)	15.000
Intensity Units	mAU
Intensity Multiplier	0.001
Wavelength(nm)	280nm
R.Time (min)	Intensity
0.00000	-366
0.00167	-366
0.00333	-366
0.00500	-366
0.00667	-365
0.00833	-365
0.01000	0
0.01167	1
0.01333	2
0.01500	2
0.01667	3
0.01833	3
0.02000	3
0.02167	3
0.02333	3
0.02500	4
0.02667	4
0.02833	4
0.03000	1
0.03167	1
0.03333	2
0.03500	2
0.03667	2
0.03833	1
0.04000	1
0.04167	1
0.04333	1
0.04500	1
0.04667	2
0.04833	3
0.05000	4
0.05167	4
0.05333	5
0.05500	5
0.05667	5
0.05833	5
0.06000	4
0.06167	2
0.06333	0
0.06500	-2
0.06667	-4
0.06833	-5
0.07000	-6
0.07167	-7
0.07333	-8
0.07500	-9
0.07667	-10
0.07833	-11
0.08000	-12
0.08167	-13
0.08333	-14
0.08500	-15
0.08667	-16
0.08833	-18
0.09000	-20
0.09167	-21
0.09333	-21
0.09500	-22
0.09667	-22
0.09833	-22
0.10000	-22
0.10167	-22
0.10333	-22
0.10500	-22
0.10667	-23
0.10833	-23
0.11000	-24
0.11167	-24
0.11333	-25
0.11500	-25
0.11667	-25
0.11833	-25
0.12000	-24
0.12167	-24
0.12333	-23
0.12500	-22
0.12667	-22
0.12833	-22
0.13000	-22
0.13167	-23
0.13333	-23
0.13500	-24
0.13667	-25
0.13833	-26
0.14000	-27
0.14167	-28
0.14333	-28
0.14500	-28
0.14667	-28
0.14833	-28
0.15000	-28
0.15167	-28
0.15333	-27
0.15500	-27
0.15667	-28
0.15833	-28
0.16000	-28
0.16167	-29
0.16333	-29
0.16500	-30
0.16667	-31
0.16833	-31
0.17000	-31
0.17167	-32
0.17333	-32
0.17500	-32
0.17667	-32
0.17833	-32
0.18000	-33
0.18167	-33
0.18333	-33
0.18500	-33
0.18667	-33
0.18833	-33
0.19000	-32
0.19167	-32
0.19333	-32
0.19500	-32
0.19667	-32
0.19833	-33
0.20000	-34
0.20167	-34
0.20333	-35
0.20500	-36
0.20667	-37
0.20833	-38
0.21000	-39
0.21167	-39
0.21333	-40
0.21500	-40
0.21667	-41
0.21833	-41
0.22000	-41
0.22167	-41
0.22333	-42
0.22500	-42
0.22667	-42
0.22833	-42
0.23000	-42
0.23167	-42
0.23333	-42
0.23500	-40
0.23667	-38
0.23833	-36
0.24000	-35
0.24167	-38
0.24333	-47
0.24500	-59
0.24667	-76
0.24833	-80
0.25000	-55
0.25167	1
0.25333	86
0.25500	200
0.25667	335
0.25833	492
0.26000	679
0.26167	904
0.26333	1173
0.26500	1436
0.26667	1663
0.26833	1865
0.27000	2060
0.27167	2265
0.27333	2457
0.27500	2625
0.27667	2781
0.27833	2939
0.28000	3109
0.28167	3284
0.28333	3465
0.28500	3663
0.28667	3892
0.28833	4158
0.29000	4419
0.29167	4650
0.29333	4864
0.29500	5078
0.29667	5309
0.29833	5513
0.30000	5665
0.30167	5773
0.30333	5854
0.30500	5920
0.30667	5968
0.30833	5996
0.31000	6009
0.31167	6010
0.31333	6004
0.31500	5991
0.31667	5974
0.31833	5951
0.32000	5923
0.32167	5889
0.32333	5851
0.32500	5809
0.32667	5761
0.32833	5705
0.33000	5638
0.33167	5569
0.33333	5501
0.33500	5431
0.33667	5354
0.33833	5266
0.34000	5189
0.34167	5136
0.34333	5105
0.34500	5091
0.34667	5088
0.34833	5085
0.35000	5074
0.35167	5052
0.35333	5019
0.35500	4975
0.35667	4908
0.35833	4803
0.36000	4655
0.36167	4459
0.36333	4214
0.36500	3963
0.36667	3730
0.36833	3504
0.37000	3266
0.37167	3004
0.37333	2757
0.37500	2548
0.37667	2366
0.37833	2192
0.38000	2011
0.38167	1844
0.38333	1704
0.38500	1582
0.38667	1463
0.38833	1340
0.39000	1228
0.39167	1140
0.39333	1068
0.39500	1006
0.39667	945
0.39833	891
0.40000	848
0.40167	812
0.40333	778
0.40500	744
0.40667	712
0.40833	681
0.41000	651
0.41167	618
0.41333	581
0.41500	545
0.41667	515
0.41833	488
0.42000	462
0.42167	434
0.42333	409
0.42500	388
0.42667	369
0.42833	351
0.43000	333
0.43167	316
0.43333	302
0.43500	291
0.43667	281
0.43833	270
0.44000	261
0.44167	253
0.44333	247
0.44500	241
0.44667	235
0.44833	230
0.45000	226
0.45167	224
0.45333	223
0.45500	223
0.45667	223
0.45833	223
0.46000	222
0.46167	221
0.46333	220
0.46500	217
0.46667	212
0.46833	206
0.47000	197
0.47167	187
0.47333	176
0.47500	167
0.47667	158
0.47833	149
0.48000	140
0.48167	132
0.48333	126
0.48500	120
0.48667	116
0.48833	111
0.49000	107
0.49167	105
0.49333	102
0.49500	101
0.49667	99
0.49833	98
0.50000	98
0.50167	98
0.50333	99
0.50500	100
0.50667	101
0.50833	102
0.51000	102
0.51167	103
0.51333	103
0.51500	102
0.51667	101
0.51833	100
0.52000	98
0.52167	95
0.52333	92
0.52500	89
0.52667	86
0.52833	82
0.53000	78
0.53167	74
0.53333	70
0.53500	67
0.53667	65
0.53833	62
0.54000	59
0.54167	57
0.54333	55
0.54500	53
0.54667	51
0.54833	49
0.55000	47
0.55167	44
0.55333	41
0.55500	38
0.55667	34
0.55833	31
0.56000	28
0.56167	25
0.56333	22
0.56500	19
0.56667	17
0.56833	14
0.57000	12
0.57167	9
0.57333	6
0.57500	3
0.57667	1
0.57833	-2
0.58000	-4
0.58167	-7
0.58333	-9
0.58500	-10
0.58667	-11
0.58833	-12
0.59000	-13
0.59167	-14
0.59333	-14
0.59500	-15
0.59667	-16
0.59833	-17
0.60000	-18
0.60167	-20
0.60333	-22
0.60500	-25
0.60667	-27
0.60833	-29
0.61000	-30
0.61167	-32
0.61333	-33
0.61500	-34
0.61667	-34
0.61833	-34
0.62000	-33
0.62167	-32
0.62333	-31
0.62500	-30
0.62667	-30
0.62833	-30
0.63000	-30
0.63167	-30
0.63333	-31
0.63500	-32
0.63667	-34
0.63833	-36
0.64000	-38
0.64167	-39
0.64333	-40
0.64500	-41
0.64667	-41
0.64833	-42
0.65000	-42
0.65167	-41
0.65333	-41
0.65500	-40
0.65667	-39
0.65833	-38
0.66000	-38
0.66167	-37
0.66333	-37
0.66500	-37
0.66667	-37
0.66833	-37
0.67000	-37
0.67167	-37
0.67333	-38
0.67500	-38
0.67667	-39
0.67833	-40
0.68000	-40
0.68167	-41
0.68333	-42
0.68500	-43
0.68667	-44
0.68833	-45
0.69000	-46
0.69167	-48
0.69333	-49
0.69500	-50
0.69667	-52
0.69833	-54
0.70000	-55
0.70167	-56
0.70333	-57
0.70500	-58
0.70667	-59
0.70833	-59
0.71000	-59
0.71167	-58
0.71333	-57
0.71500	-56
0.71667	-56
0.71833	-55
0.72000	-55
0.72167	-55
0.72333	-56
0.72500	-57
0.72667	-58
0.72833	-60
0.73000	-63
0.73167	-66
0.73333	-68
0.73500	-70
0.73667	-71
0.73833	-72
0.74000	-73
0.74167	-73
0.74333	-74
0.74500	-73
0.74667	-73
0.74833	-73
0.75000	-72
0.75167	-72
0.75333	-72
0.75500	-72
0.75667	-72
0.75833	-72
0.76000	-73
0.76167	-73
0.76333	-73
0.76500	-73
0.76667	-74
0.76833	-74
0.77000	-75
0.77167	-75
0.77333	-76
0.77500	-77
0.77667	-77
0.77833	-77
0.78000	-77
0.78167	-77
0.78333	-77
0.78500	-77
0.78667	-77
0.78833	-76
0.79000	-76
0.79167	-77
0.79333	-77
0.79500	-77
0.79667	-78
0.79833	-78
0.80000	-79
0.80167	-80
0.80333	-81
0.80500	-82
0.80667	-83
0.80833	-83
0.81000	-83
0.81167	-82
0.81333	-81
0.81500	-80
0.81667	-78
0.81833	-78
0.82000	-77
0.82167	-76
0.82333	-76
0.82500	-75
0.82667	-75
0.82833	-75
0.83000	-75
0.83167	-75
0.83333	-75
0.83500	-74
0.83667	-74
0.83833	-73
0.84000	-73
0.84167	-73
0.84333	-73
0.84500	-73
0.84667	-74
0.84833	-75
0.85000	-75
0.85167	-76
0.85333	-76
0.85500	-77
0.85667	-77
0.85833	-78
0.86000	-79
0.86167	-79
0.86333	-81
0.86500	-82
0.86667	-83
0.86833	-83
0.87000	-84
0.87167	-84
0.87333	-85
0.87500	-85
0.87667	-85
0.87833	-85
0.88000	-85
0.88167	-85
0.88333	-84
0.88500	-84
0.88667	-84
0.88833	-83
0.89000	-83
0.89167	-83
0.89333	-83
0.89500	-83
0.89667	-84
0.89833	-84
0.90000	-85
0.90167	-85
0.90333	-85
0.90500	-85
0.90667	-85
0.90833	-85
0.91000	-85
0.91167	-85
0.91333	-84
0.91500	-84
0.91667	-84
0.91833	-83
0.92000	-83
0.92167	-83
0.92333	-83
0.92500	-82
0.92667	-82
0.92833	-82
0.93000	-81
0.93167	-80
0.93333	-80
0.93500	-80
0.93667	-79
0.93833	-79
0.94000	-79
0.94167	-80
0.94333	-80
0.94500	-81
0.94667	-82
0.94833	-83
0.95000	-83
0.95167	-83
0.95333	-83
0.95500	-83
0.95667	-83
0.95833	-83
0.96000	-84
0.96167	-84
0.96333	-86
0.96500	-87
0.96667	-88
0.96833	-90
0.97000	-91
0.97167	-93
0.97333	-94
0.97500	-95
0.97667	-95
0.97833	-94
0.98000	-93
0.98167	-92
0.98333	-90
0.98500	-89
0.98667	-89
0.98833	-88
0.99000	-87
0.99167	-86
0.99333	-86
0.99500	-85
0.99667	-85
0.99833	-84
1.00000	-84
1.00167	-83
1.00333	-83
1.00500	-83
1.00667	-83
1.00833	-83
1.01000	-84
1.01167	-86
1.01333	-88
1.01500	-90
1.01667	-91
1.01833	-92
1.02000	-92
1.02167	-92
1.02333	-92
1.02500	-91
1.02667	-91
1.02833	-91
1.03000	-90
1.03167	-89
1.03333	-89
1.03500	-89
1.03667	-90
1.03833	-90
1.04000	-91
1.04167	-92
1.04333	-92
1.04500	-93
1.04667	-93
1.04833	-94
1.05000	-94
1.05167	-94
1.05333	-93
1.05500	-93
1.05667	-92
1.05833	-91
1.06000	-91
1.06167	-91
1.06333	-91
1.06500	-90
1.06667	-90
1.06833	-90
1.07000	-90
1.07167	-91
1.07333	-91
1.07500	-91
1.07667	-91
1.07833	-91
1.08000	-90
1.08167	-89
1.08333	-89
1.08500	-89
1.08667	-90
1.08833	-90
1.09000	-91
1.09167	-91
1.09333	-91
1.09500	-91
1.09667	-90
1.09833	-89
1.10000	-88
1.10167	-88
1.10333	-88
1.10500	-88
1.10667	-89
1.10833	-90
1.11000	-91
1.11167	-93
1.11333	-95
1.11500	-97
1.11667	-98
1.11833	-99
1.12000	-100
1.12167	-100
1.12333	-100
1.12500	-100
1.12667	-100
1.12833	-100
1.13000	-99
1.13167	-99
1.13333	-98
1.13500	-98
1.13667	-97
1.13833	-96
1.14000	-96
1.14167	-95
1.14333	-95
1.14500	-95
1.14667	-94
1.14833	-94
1.15000	-94
1.15167	-95
1.15333	-95
1.15500	-96
1.15667	-97
1.15833	-98
1.16000	-98
1.16167	-99
1.16333	-99
1.16500	-100
1.16667	-100
1.16833	-100
1.17000	-99
1.17167	-98
1.17333	-97
1.17500	-97
1.17667	-97
1.17833	-97
1.18000	-98
1.18167	-98
1.18333	-99
1.18500	-99
1.18667	-100
1.18833	-100
1.19000	-99
1.19167	-99
1.19333	-98
1.19500	-98
1.19667	-97
1.19833	-96
1.20000	-96
1.20167	-96
1.20333	-96
1.20500	-96
1.20667	-96
1.20833	-96
1.21000	-96
1.21167	-96
1.21333	-96
1.21500	-96
1.21667	-97
1.21833	-97
1.22000	-97
1.22167	-98
1.22333	-98
1.22500	-98
1.22667	-98
1.22833	-97
1.23000	-97
1.23167	-96
1.23333	-95
1.23500	-95
1.23667	-94
1.23833	-93
1.24000	-93
1.24167	-92
1.24333	-92
1.24500	-91
1.24667	-91
1.24833	-91
1.25000	-91
1.25167	-91
1.25333	-92
1.25500	-93
1.25667	-94
1.25833	-95
1.26000	-96
1.26167	-98
1.26333	-99
1.26500	-100
1.26667	-100
1.26833	-100
1.27000	-99
1.27167	-98
1.27333	-97
1.27500	-96
1.27667	-95
1.27833	-94
1.28000	-93
1.28167	-92
1.28333	-92
1.28500	-92
1.28667	-92
1.28833	-92
1.29000	-92
1.29167	-93
1.29333	-94
1.29500	-96
1.29667	-98
1.29833	-100
1.30000	-102
1.30167	-103
1.30333	-104
1.30500	-105
1.30667	-106
1.30833	-106
1.31000	-106
1.31167	-106
1.31333	-105
1.31500	-104
1.31667	-103
1.31833	-102
1.32000	-101
1.32167	-99
1.32333	-98
1.32500	-97
1.32667	-97
1.32833	-96
1.33000	-96
1.33167	-96
1.33333	-96
1.33500	-97
1.33667	-98
1.33833	-99
1.34000	-101
1.34167	-102
1.34333	-102
1.34500	-103
1.34667	-103
1.34833	-103
1.35000	-104
1.35167	-104
1.35333	-105
1.35500	-105
1.35667	-106
1.35833	-106
1.36000	-107
1.36167	-106
1.36333	-106
1.36500	-105
1.36667	-105
1.36833	-105
1.37000	-104
1.37167	-104
1.37333	-104
1.37500	-105
1.37667	-105
1.37833	-105
1.38000	-106
1.38167	-106
1.38333	-106
1.38500	-107
1.38667	-107
1.38833	-107
1.39000	-106
1.39167	-106
1.39333	-106
1.39500	-107
1.39667	-107
1.39833	-107
1.40000	-107
1.40167	-107
1.40333	-107
1.40500	-107
1.40667	-107
1.40833	-107
1.41000	-107
1.41167	-107
1.41333	-107
1.41500	-107
1.41667	-107
1.41833	-107
1.42000	-107
1.42167	-107
1.42333	-108
1.42500	-108
1.42667	-109
1.42833	-109
1.43000	-109
1.43167	-110
1.43333	-110
1.43500	-110
1.43667	-111
1.43833	-111
1.44000	-112
1.44167	-112
1.44333	-113
1.44500	-114
1.44667	-114
1.44833	-115
1.45000	-115
1.45167	-115
1.45333	-115
1.45500	-115
1.45667	-114
1.45833	-113
1.46000	-113
1.46167	-113
1.46333	-112
1.46500	-112
1.46667	-112
1.46833	-111
1.47000	-111
1.47167	-111
1.47333	-110
1.47500	-110
1.47667	-109
1.47833	-108
1.48000	-107
1.48167	-107
1.48333	-106
1.48500	-106
1.48667	-107
1.48833	-108
1.49000	-108
1.49167	-109
1.49333	-110
1.49500	-112
1.49667	-113
1.49833	-115
1.50000	-115
1.50167	-116
1.50333	-115
1.50500	-114
1.50667	-113
1.50833	-113
1.51000	-112
1.51167	-112
1.51333	-112
1.51500	-112
1.51667	-112
1.51833	-112
1.52000	-112
1.52167	-112
1.52333	-113
1.52500	-113
1.52667	-113
1.52833	-113
1.53000	-113
1.53167	-113
1.53333	-114
1.53500	-114
1.53667	-115
1.53833	-116
1.54000	-118
1.54167	-119
1.54333	-119
1.54500	-120
1.54667	-121
1.54833	-122
1.55000	-122
1.55167	-122
1.55333	-122
1.55500	-121
1.55667	-120
1.55833	-120
1.56000	-121
1.56167	-121
1.56333	-123
1.56500	-124
1.56667	-125
1.56833	-126
1.57000	-126
1.57167	-126
1.57333	-126
1.57500	-125
1.57667	-124
1.57833	-122
1.58000	-120
1.58167	-119
1.58333	-118
1.58500	-119
1.58667	-120
1.58833	-121
1.59000	-123
1.59167	-125
1.59333	-126
1.59500	-127
1.59667	-127
1.59833	-128
1.60000	-129
1.60167	-129
1.60333	-129
1.60500	-129
1.60667	-129
1.60833	-129
1.61000	-129
1.61167	-129
1.61333	-129
1.61500	-130
1.61667	-130
1.61833	-131
1.62000	-131
1.62167	-131
1.62333	-131
1.62500	-131
1.62667	-131
1.62833	-131
1.63000	-132
1.63167	-132
1.63333	-133
1.63500	-134
1.63667	-136
1.63833	-137
1.64000	-139
1.64167	-141
1.64333	-141
1.64500	-142
1.64667	-143
1.64833	-143
1.65000	-143
1.65167	-143
1.65333	-142
1.65500	-141
1.65667	-140
1.65833	-139
1.66000	-139
1.66167	-139
1.66333	-139
1.66500	-139
1.66667	-139
1.66833	-139
1.67000	-139
1.67167	-139
1.67333	-139
1.67500	-139
1.67667	-139
1.67833	-140
1.68000	-140
1.68167	-140
1.68333	-141
1.68500	-141
1.68667	-142
1.68833	-143
1.69000	-143
1.69167	-144
1.69333	-144
1.69500	-145
1.69667	-145
1.69833	-145
1.70000	-145
1.70167	-145
1.70333	-144
1.70500	-143
1.70667	-141
1.70833	-140
1.71000	-139
1.71167	-138
1.71333	-137
1.71500	-136
1.71667	-137
1.71833	-138
1.72000	-140
1.72167	-143
1.72333	-146
1.72500	-148
1.72667	-151
1.72833	-153
1.73000	-156
1.73167	-159
1.73333	-160
1.73500	-161
1.73667	-160
1.73833	-159
1.74000	-158
1.74167	-157
1.74333	-156
1.74500	-154
1.74667	-153
1.74833	-152
1.75000	-152
1.75167	-152
1.75333	-154
1.75500	-155
1.75667	-157
1.75833	-159
1.76000	-161
1.76167	-162
1.76333	-164
1.76500	-166
1.76667	-168
1.76833	-169
1.77000	-170
1.77167	-171
1.77333	-172
1.77500	-172
1.77667	-172
1.77833	-172
1.78000	-172
1.78167	-172
1.78333	-171
1.78500	-171
1.78667	-171
1.78833	-170
1.79000	-170
1.79167	-170
1.79333	-171
1.79500	-171
1.79667	-172
1.79833	-173
1.80000	-173
1.80167	-174
1.80333	-174
1.80500	-175
1.80667	-175
1.80833	-176
1.81000	-176
1.81167	-175
1.81333	-175
1.81500	-174
1.81667	-174
1.81833	-173
1.82000	-172
1.82167	-171
1.82333	-170
1.82500	-169
1.82667	-169
1.82833	-169
1.83000	-170
1.83167	-171
1.83333	-172
1.83500	-173
1.83667	-175
1.83833	-177
1.84000	-179
1.84167	-180
1.84333	-182
1.84500	-183
1.84667	-184
1.84833	-185
1.85000	-186
1.85167	-186
1.85333	-186
1.85500	-185
1.85667	-184
1.85833	-184
1.86000	-184
1.86167	-183
1.86333	-183
1.86500	-183
1.86667	-183
1.86833	-184
1.87000	-185
1.87167	-185
1.87333	-186
1.87500	-187
1.87667	-187
1.87833	-188
1.88000	-188
1.88167	-188
1.88333	-188
1.88500	-187
1.88667	-187
1.88833	-186
1.89000	-186
1.89167	-185
1.89333	-185
1.89500	-185
1.89667	-185
1.89833	-185
1.90000	-185
1.90167	-185
1.90333	-184
1.90500	-183
1.90667	-183
1.90833	-182
1.91000	-182
1.91167	-183
1.91333	-183
1.91500	-184
1.91667	-185
1.91833	-187
1.92000	-189
1.92167	-191
1.92333	-192
1.92500	-193
1.92667	-193
1.92833	-192
1.93000	-191
1.93167	-189
1.93333	-187
1.93500	-186
1.93667	-185
1.93833	-183
1.94000	-182
1.94167	-182
1.94333	-182
1.94500	-183
1.94667	-184
1.94833	-185
1.95000	-187
1.95167	-187
1.95333	-188
1.95500	-189
1.95667	-189
1.95833	-189
1.96000	-189
1.96167	-189
1.96333	-188
1.96500	-187
1.96667	-187
1.96833	-186
1.97000	-186
1.97167	-186
1.97333	-186
1.97500	-186
1.97667	-186
1.97833	-186
1.98000	-187
1.98167	-187
1.98333	-187
1.98500	-187
1.98667	-187
1.98833	-187
1.99000	-187
1.99167	-187
1.99333	-187
1.99500	-187
1.99667	-187
1.99833	-187
2.00000	-187
2.00167	-187
2.00333	-187
2.00500	-188
2.00667	-188
2.00833	-188
2.01000	-189
2.01167	-189
2.01333	-190
2.01500	-191
2.01667	-191
2.01833	-191
2.02000	-191
2.02167	-191
2.02333	-190
2.02500	-190
2.02667	-190
2.02833	-190
2.03000	-190
2.03167	-190
2.03333	-191
2.03500	-192
2.03667	-193
2.03833	-195
2.04000	-196
2.04167	-196
2.04333	-196
2.04500	-195
2.04667	-193
2.04833	-191
2.05000	-188
2.05167	-186
2.05333	-183
2.05500	-179
2.05667	-175
2.05833	-172
2.06000	-170
2.06167	-168
2.06333	-165
2.06500	-163
2.06667	-161
2.06833	-160
2.07000	-159
2.07167	-157
2.07333	-156
2.07500	-156
2.07667	-156
2.07833	-156
2.08000	-156
2.08167	-156
2.08333	-157
2.08500	-157
2.08667	-158
2.08833	-158
2.09000	-159
2.09167	-160
2.09333	-161
2.09500	-162
2.09667	-164
2.09833	-166
2.10000	-168
2.10167	-170
2.10333	-172
2.10500	-175
2.10667	-177
2.10833	-178
2.11000	-180
2.11167	-180
2.11333	-181
2.11500	-182
2.11667	-182
2.11833	-182
2.12000	-183
2.12167	-183
2.12333	-184
2.12500	-184
2.12667	-184
2.12833	-184
2.13000	-184
2.13167	-184
2.13333	-184
2.13500	-184
2.13667	-184
2.13833	-184
2.14000	-184
2.14167	-184
2.14333	-185
2.14500	-185
2.14667	-186
2.14833	-186
2.15000	-187
2.15167	-188
2.15333	-188
2.15500	-188
2.15667	-187
2.15833	-187
2.16000	-186
2.16167	-185
2.16333	-184
2.16500	-182
2.16667	-181
2.16833	-180
2.17000	-179
2.17167	-178
2.17333	-177
2.17500	-176
2.17667	-176
2.17833	-176
2.18000	-176
2.18167	-176
2.18333	-177
2.18500	-177
2.18667	-178
2.18833	-179
2.19000	-180
2.19167	-181
2.19333	-181
2.19500	-182
2.19667	-182
2.19833	-182
2.20000	-182
2.20167	-183
2.20333	-183
2.20500	-183
2.20667	-184
2.20833	-184
2.21000	-185
2.21167	-185
2.21333	-186
2.21500	-186
2.21667	-187
2.21833	-188
2.22000	-189
2.22167	-191
2.22333	-192
2.22500	-193
2.22667	-193
2.22833	-194
2.23000	-194
2.23167	-193
2.23333	-193
2.23500	-192
2.23667	-191
2.23833	-190
2.24000	-189
2.24167	-188
2.24333	-188
2.24500	-188
2.24667	-188
2.24833	-188
2.25000	-188
2.25167	-188
2.25333	-187
2.25500	-186
2.25667	-185
2.25833	-185
2.26000	-185
2.26167	-185
2.26333	-186
2.26500	-187
2.26667	-187
2.26833	-188
2.27000	-190
2.27167	-191
2.27333	-193
2.27500	-193
2.27667	-194
2.27833	-194
2.28000	-193
2.28167	-192
2.28333	-192
2.28500	-191
2.28667	-191
2.28833	-190
2.29000	-190
2.29167	-190
2.29333	-191
2.29500	-192
2.29667	-194
2.29833	-196
2.30000	-198
2.30167	-199
2.30333	-199
2.30500	-200
2.30667	-200
2.30833	-200
2.31000	-200
2.31167	-199
2.31333	-197
2.31500	-195
2.31667	-194
2.31833	-192
2.32000	-191
2.32167	-189
2.32333	-188
2.32500	-187
2.32667	-186
2.32833	-186
2.33000	-185
2.33167	-185
2.33333	-185
2.33500	-184
2.33667	-184
2.33833	-184
2.34000	-184
2.34167	-184
2.34333	-185
2.34500	-185
2.34667	-186
2.34833	-187
2.35000	-188
2.35167	-188
2.35333	-187
2.35500	-187
2.35667	-186
2.35833	-185
2.36000	-184
2.36167	-183
2.36333	-181
2.36500	-180
2.36667	-180
2.36833	-180
2.37000	-181
2.37167	-182
2.37333	-184
2.37500	-185
2.37667	-186
2.37833	-187
2.38000	-188
2.38167	-188
2.38333	-189
2.38500	-189
2.38667	-189
2.38833	-188
2.39000	-188
2.39167	-187
2.39333	-188
2.39500	-188
2.39667	-189
2.39833	-190
2.40000	-191
2.40167	-191
2.40333	-191
2.40500	-192
2.40667	-192
2.40833	-191
2.41000	-191
2.41167	-191
2.41333	-190
2.41500	-189
2.41667	-189
2.41833	-189
2.42000	-189
2.42167	-189
2.42333	-190
2.42500	-190
2.42667	-190
2.42833	-189
2.43000	-188
2.43167	-188
2.43333	-187
2.43500	-186
2.43667	-186
2.43833	-185
2.44000	-184
2.44167	-184
2.44333	-183
2.44500	-183
2.44667	-183
2.44833	-182
2.45000	-181
2.45167	-181
2.45333	-180
2.45500	-180
2.45667	-179
2.45833	-179
2.46000	-179
2.46167	-179
2.46333	-180
2.46500	-181
2.46667	-182
2.46833	-183
2.47000	-183
2.47167	-184
2.47333	-184
2.47500	-184
2.47667	-183
2.47833	-182
2.48000	-181
2.48167	-179
2.48333	-177
2.48500	-175
2.48667	-173
2.48833	-170
2.49000	-169
2.49167	-167
2.49333	-167
2.49500	-167
2.49667	-168
2.49833	-169
2.50000	-170
2.50167	-171
2.50333	-171
2.50500	-171
2.50667	-171
2.50833	-171
2.51000	-171
2.51167	-170
2.51333	-169
2.51500	-168
2.51667	-167
2.51833	-167
2.52000	-167
2.52167	-167
2.52333	-167
2.52500	-167
2.52667	-167
2.52833	-167
2.53000	-167
2.53167	-167
2.53333	-167
2.53500	-167
2.53667	-168
2.53833	-168
2.54000	-169
2.54167	-170
2.54333	-170
2.54500	-171
2.54667	-171
2.54833	-171
2.55000	-171
2.55167	-171
2.55333	-170
2.55500	-169
2.55667	-168
2.55833	-167
2.56000	-166
2.56167	-165
2.56333	-164
2.56500	-163
2.56667	-162
2.56833	-161
2.57000	-160
2.57167	-159
2.57333	-158
2.57500	-157
2.57667	-157
2.57833	-156
2.58000	-156
2.58167	-156
2.58333	-156
2.58500	-156
2.58667	-156
2.58833	-156
2.59000	-156
2.59167	-155
2.59333	-155
2.59500	-155
2.59667	-154
2.59833	-154
2.60000	-153
2.60167	-153
2.60333	-153
2.60500	-153
2.60667	-153
2.60833	-153
2.61000	-153
2.61167	-153
2.61333	-152
2.61500	-151
2.61667	-151
2.61833	-151
2.62000	-152
2.62167	-153
2.62333	-154
2.62500	-155
2.62667	-156
2.62833	-158
2.63000	-160
2.63167	-162
2.63333	-164
2.63500	-165
2.63667	-166
2.63833	-166
2.64000	-166
2.64167	-166
2.64333	-166
2.64500	-165
2.64667	-164
2.64833	-163
2.65000	-162
2.65167	-161
2.65333	-160
2.65500	-159
2.65667	-158
2.65833	-158
2.66000	-157
2.66167	-157
2.66333	-157
2.66500	-158
2.66667	-158
2.66833	-158
2.67000	-159
2.67167	-159
2.67333	-159
2.67500	-159
2.67667	-160
2.67833	-160
2.68000	-160
2.68167	-160
2.68333	-160
2.68500	-160
2.68667	-161
2.68833	-161
2.69000	-162
2.69167	-162
2.69333	-162
2.69500	-162
2.69667	-161
2.69833	-161
2.70000	-160
2.70167	-159
2.70333	-158
2.70500	-157
2.70667	-156
2.70833	-155
2.71000	-155
2.71167	-155
2.71333	-155
2.71500	-155
2.71667	-155
2.71833	-155
2.72000	-154
2.72167	-154
2.72333	-153
2.72500	-153
2.72667	-152
2.72833	-151
2.73000	-150
2.73167	-149
2.73333	-148
2.73500	-147
2.73667	-147
2.73833	-147
2.74000	-146
2.74167	-146
2.74333	-147
2.74500	-147
2.74667	-148
2.74833	-149
2.75000	-149
2.75167	-149
2.75333	-149
2.75500	-148
2.75667	-147
2.75833	-146
2.76000	-146
2.76167	-147
2.76333	-148
2.76500	-149
2.76667	-150
2.76833	-151
2.77000	-153
2.77167	-154
2.77333	-156
2.77500	-156
2.77667	-156
2.77833	-155
2.78000	-153
2.78167	-152
2.78333	-150
2.78500	-149
2.78667	-148
2.78833	-146
2.79000	-145
2.79167	-145
2.79333	-145
2.79500	-146
2.79667	-147
2.79833	-148
2.80000	-149
2.80167	-149
2.80333	-149
2.80500	-149
2.80667	-148
2.80833	-147
2.81000	-146
2.81167	-145
2.81333	-143
2.81500	-142
2.81667	-141
2.81833	-141
2.82000	-141
2.82167	-141
2.82333	-142
2.82500	-143
2.82667	-144
2.82833	-145
2.83000	-147
2.83167	-148
2.83333	-149
2.83500	-150
2.83667	-150
2.83833	-150
2.84000	-149
2.84167	-149
2.84333	-148
2.84500	-146
2.84667	-144
2.84833	-143
2.85000	-141
2.85167	-140
2.85333	-138
2.85500	-137
2.85667	-136
2.85833	-135
2.86000	-134
2.86167	-133
2.86333	-132
2.86500	-132
2.86667	-131
2.86833	-130
2.87000	-130
2.87167	-129
2.87333	-129
2.87500	-129
2.87667	-129
2.87833	-129
2.88000	-130
2.88167	-130
2.88333	-131
2.88500	-131
2.88667	-132
2.88833	-132
2.89000	-133
2.89167	-133
2.89333	-133
2.89500	-132
2.89667	-131
2.89833	-131
2.90000	-130
2.90167	-128
2.90333	-127
2.90500	-126
2.90667	-125
2.90833	-124
2.91000	-124
2.91167	-125
2.91333	-126
2.91500	-128
2.91667	-128
2.91833	-129
2.92000	-129
2.92167	-130
2.92333	-130
2.92500	-129
2.92667	-129
2.92833	-128
2.93000	-127
2.93167	-126
2.93333	-125
2.93500	-125
2.93667	-125
2.93833	-125
2.94000	-126
2.94167	-126
2.94333	-127
2.94500	-127
2.94667	-127
2.94833	-127
2.95000	-127
2.95167	-126
2.95333	-125
2.95500	-124
2.95667	-123
2.95833	-123
2.96000	-122
2.96167	-122
2.96333	-122
2.96500	-122
2.96667	-122
2.96833	-122
2.97000	-121
2.97167	-121
2.97333	-121
2.97500	-120
2.97667	-120
2.97833	-120
2.98000	-119
2.98167	-119
2.98333	-117
2.98500	-116
2.98667	-113
2.98833	-111
2.99000	-108
2.99167	-105
2.99333	-102
2.99500	-99
2.99667	-96
2.99833	-93
3.00000	-92
3.00167	-92
3.00333	-94
3.00500	-97
3.00667	-100
3.00833	-103
3.01000	-106
3.01167	-109
3.01333	-111
3.01500	-114
3.01667	-116
3.01833	-117
3.02000	-117
3.02167	-117
3.02333	-117
3.02500	-117
3.02667	-117
3.02833	-117
3.03000	-118
3.03167	-119
3.03333	-119
3.03500	-120
3.03667	-120
3.03833	-121
3.04000	-121
3.04167	-121
3.04333	-120
3.04500	-119
3.04667	-118
3.04833	-117
3.05000	-116
3.05167	-115
3.05333	-114
3.05500	-113
3.05667	-112
3.05833	-112
3.06000	-111
3.06167	-111
3.06333	-111
3.06500	-111
3.06667	-111
3.06833	-111
3.07000	-112
3.07167	-113
3.07333	-114
3.07500	-114
3.07667	-115
3.07833	-115
3.08000	-114
3.08167	-114
3.08333	-114
3.08500	-113
3.08667	-113
3.08833	-113
3.09000	-113
3.09167	-112
3.09333	-112
3.09500	-112
3.09667	-112
3.09833	-111
3.10000	-111
3.10167	-110
3.10333	-110
3.10500	-109
3.10667	-109
3.10833	-109
3.11000	-109
3.11167	-110
3.11333	-112
3.11500	-113
3.11667	-114
3.11833	-115
3.12000	-115
3.12167	-114
3.12333	-114
3.12500	-113
3.12667	-112
3.12833	-112
3.13000	-111
3.13167	-110
3.13333	-110
3.13500	-110
3.13667	-111
3.13833	-112
3.14000	-113
3.14167	-114
3.14333	-114
3.14500	-114
3.14667	-114
3.14833	-114
3.15000	-113
3.15167	-112
3.15333	-111
3.15500	-110
3.15667	-109
3.15833	-108
3.16000	-108
3.16167	-107
3.16333	-107
3.16500	-107
3.16667	-108
3.16833	-108
3.17000	-108
3.17167	-109
3.17333	-109
3.17500	-110
3.17667	-110
3.17833	-110
3.18000	-110
3.18167	-110
3.18333	-110
3.18500	-110
3.18667	-109
3.18833	-109
3.19000	-109
3.19167	-108
3.19333	-108
3.19500	-108
3.19667	-108
3.19833	-108
3.20000	-108
3.20167	-107
3.20333	-107
3.20500	-106
3.20667	-106
3.20833	-105
3.21000	-104
3.21167	-104
3.21333	-103
3.21500	-102
3.21667	-101
3.21833	-101
3.22000	-100
3.22167	-100
3.22333	-99
3.22500	-99
3.22667	-98
3.22833	-98
3.23000	-98
3.23167	-98
3.23333	-97
3.23500	-97
3.23667	-96
3.23833	-96
3.24000	-95
3.24167	-95
3.24333	-94
3.24500	-93
3.24667	-92
3.24833	-91
3.25000	-90
3.25167	-90
3.25333	-90
3.25500	-90
3.25667	-90
3.25833	-90
3.26000	-90
3.26167	-90
3.26333	-90
3.26500	-90
3.26667	-90
3.26833	-90
3.27000	-90
3.27167	-90
3.27333	-90
3.27500	-90
3.27667	-90
3.27833	-91
3.28000	-92
3.28167	-93
3.28333	-93
3.28500	-94
3.28667	-94
3.28833	-94
3.29000	-94
3.29167	-93
3.29333	-92
3.29500	-90
3.29667	-88
3.29833	-87
3.30000	-85
3.30167	-84
3.30333	-83
3.30500	-82
3.30667	-82
3.30833	-81
3.31000	-81
3.31167	-81
3.31333	-81
3.31500	-81
3.31667	-82
3.31833	-82
3.32000	-82
3.32167	-82
3.32333	-83
3.32500	-83
3.32667	-83
3.32833	-84
3.33000	-84
3.33167	-84
3.33333	-84
3.33500	-84
3.33667	-84
3.33833	-84
3.34000	-84
3.34167	-84
3.34333	-84
3.34500	-85
3.34667	-86
3.34833	-86
3.35000	-87
3.35167	-87
3.35333	-86
3.35500	-86
3.35667	-85
3.35833	-83
3.36000	-81
3.36167	-79
3.36333	-75
3.36500	-72
3.36667	-69
3.36833	-67
3.37000	-64
3.37167	-61
3.37333	-59
3.37500	-57
3.37667	-56
3.37833	-54
3.38000	-53
3.38167	-52
3.38333	-51
3.38500	-50
3.38667	-48
3.38833	-47
3.39000	-45
3.39167	-44
3.39333	-44
3.39500	-44
3.39667	-44
3.39833	-45
3.40000	-45
3.40167	-46
3.40333	-46
3.40500	-47
3.40667	-47
3.40833	-48
3.41000	-49
3.41167	-49
3.41333	-50
3.41500	-51
3.41667	-52
3.41833	-54
3.42000	-55
3.42167	-57
3.42333	-59
3.42500	-60
3.42667	-61
3.42833	-62
3.43000	-62
3.43167	-63
3.43333	-63
3.43500	-63
3.43667	-63
3.43833	-63
3.44000	-62
3.44167	-61
3.44333	-59
3.44500	-57
3.44667	-55
3.44833	-52
3.45000	-49
3.45167	-46
3.45333	-44
3.45500	-40
3.45667	-38
3.45833	-35
3.46000	-34
3.46167	-33
3.46333	-31
3.46500	-30
3.46667	-29
3.46833	-28
3.47000	-26
3.47167	-24
3.47333	-22
3.47500	-19
3.47667	-15
3.47833	-11
3.48000	-6
3.48167	-1
3.48333	4
3.48500	9
3.48667	14
3.48833	19
3.49000	26
3.49167	34
3.49333	44
3.49500	56
3.49667	70
3.49833	88
3.50000	110
3.50167	138
3.50333	172
3.50500	214
3.50667	259
3.50833	306
3.51000	358
3.51167	418
3.51333	488
3.51500	555
3.51667	612
3.51833	662
3.52000	709
3.52167	758
3.52333	798
3.52500	822
3.52667	831
3.52833	829
3.53000	818
3.53167	804
3.53333	790
3.53500	776
3.53667	761
3.53833	746
3.54000	803
3.54167	993
3.54333	1333
3.54500	1824
3.54667	2462
3.54833	3235
3.55000	4171
3.55167	5326
3.55333	6747
3.55500	8464
3.55667	10150
3.55833	11620
3.56000	12943
3.56167	14241
3.56333	15610
3.56500	16774
3.56667	17548
3.56833	17979
3.57000	18158
3.57167	18165
3.57333	18022
3.57500	17725
3.57667	17271
3.57833	16658
3.58000	15887
3.58167	15079
3.58333	14292
3.58500	13486
3.58667	12607
3.58833	11611
3.59000	10645
3.59167	9788
3.59333	8988
3.59500	8178
3.59667	7302
3.59833	6486
3.60000	5804
3.60167	5212
3.60333	4650
3.60500	4070
3.60667	3547
3.60833	3127
3.61000	2780
3.61167	2466
3.61333	2155
3.61500	1880
3.61667	1664
3.61833	1490
3.62000	1338
3.62167	1189
3.62333	1060
3.62500	959
3.62667	880
3.62833	810
3.63000	744
3.63167	684
3.63333	635
3.63500	591
3.63667	549
3.63833	504
3.64000	463
3.64167	426
3.64333	393
3.64500	359
3.64667	323
3.64833	290
3.65000	262
3.65167	239
3.65333	218
3.65500	197
3.65667	178
3.65833	163
3.66000	151
3.66167	140
3.66333	130
3.66500	120
3.66667	113
3.66833	107
3.67000	102
3.67167	97
3.67333	92
3.67500	88
3.67667	85
3.67833	83
3.68000	80
3.68167	78
3.68333	76
3.68500	74
3.68667	73
3.68833	71
3.69000	69
3.69167	67
3.69333	65
3.69500	63
3.69667	60
3.69833	58
3.70000	56
3.70167	54
3.70333	52
3.70500	50
3.70667	49
3.70833	47
3.71000	45
3.71167	43
3.71333	40
3.71500	38
3.71667	36
3.71833	35
3.72000	33
3.72167	32
3.72333	31
3.72500	31
3.72667	31
3.72833	31
3.73000	31
3.73167	32
3.73333	32
3.73500	32
3.73667	31
3.73833	30
3.74000	29
3.74167	27
3.74333	26
3.74500	25
3.74667	23
3.74833	21
3.75000	20
3.75167	19
3.75333	18
3.75500	16
3.75667	15
3.75833	14
3.76000	13
3.76167	12
3.76333	11
3.76500	10
3.76667	9
3.76833	8
3.77000	8
3.77167	7
3.77333	7
3.77500	7
3.77667	6
3.77833	5
3.78000	5
3.78167	4
3.78333	3
3.78500	3
3.78667	3
3.78833	3
3.79000	3
3.79167	3
3.79333	4
3.79500	5
3.79667	6
3.79833	8
3.80000	9
3.80167	10
3.80333	11
3.80500	12
3.80667	12
3.80833	12
3.81000	12
3.81167	12
3.81333	11
3.81500	11
3.81667	11
3.81833	11
3.82000	11
3.82167	11
3.82333	12
3.82500	12
3.82667	12
3.82833	13
3.83000	13
3.83167	13
3.83333	14
3.83500	14
3.83667	13
3.83833	13
3.84000	13
3.84167	13
3.84333	13
3.84500	14
3.84667	15
3.84833	16
3.85000	17
3.85167	17
3.85333	17
3.85500	17
3.85667	16
3.85833	15
3.86000	13
3.86167	11
3.86333	8
3.86500	6
3.86667	4
3.86833	2
3.87000	1
3.87167	-0
3.87333	-1
3.87500	-2
3.87667	-3
3.87833	-3
3.88000	-3
3.88167	-3
3.88333	-3
3.88500	-3
3.88667	-2
3.88833	-2
3.89000	-1
3.89167	-1
3.89333	-0
3.89500	0
3.89667	1
3.89833	2
3.90000	2
3.90167	2
3.90333	3
3.90500	3
3.90667	4
3.90833	4
3.91000	5
3.91167	5
3.91333	6
3.91500	7
3.91667	7
3.91833	6
3.92000	5
3.92167	4
3.92333	3
3.92500	2
3.92667	1
3.92833	-0
3.93000	-1
3.93167	-2
3.93333	-2
3.93500	-1
3.93667	-1
3.93833	1
3.94000	2
3.94167	4
3.94333	5
3.94500	7
3.94667	9
3.94833	11
3.95000	12
3.95167	13
3.95333	14
3.95500	14
3.95667	15
3.95833	15
3.96000	15
3.96167	15
3.96333	15
3.96500	15
3.96667	15
3.96833	15
3.97000	15
3.97167	15
3.97333	15
3.97500	15
3.97667	14
3.97833	13
3.98000	12
3.98167	11
3.98333	10
3.98500	9
3.98667	8
3.98833	8
3.99000	7
3.99167	7
3.99333	6
3.99500	6
3.99667	5
3.99833	5
4.00000	4
4.00167	3
4.00333	2
4.00500	0
4.00667	-1
4.00833	-2
4.01000	-3
4.01167	-3
4.01333	-3
4.01500	-3
4.01667	-3
4.01833	-2
4.02000	-2
4.02167	-1
4.02333	-1
4.02500	-0
4.02667	0
4.02833	0
4.03000	1
4.03167	1
4.03333	1
4.03500	1
4.03667	0
4.03833	-0
4.04000	-1
4.04167	-1
4.04333	-1
4.04500	-1
4.04667	-0
4.04833	1
4.05000	1
4.05167	2
4.05333	2
4.05500	3
4.05667	3
4.05833	4
4.06000	3
4.06167	3
4.06333	2
4.06500	2
4.06667	1
4.06833	0
4.07000	-0
4.07167	-1
4.07333	-1
4.07500	-1
4.07667	-1
4.07833	-0
4.08000	0
4.08167	1
4.08333	2
4.08500	4
4.08667	5
4.08833	7
4.09000	9
4.09167	11
4.09333	12
4.09500	14
4.09667	15
4.09833	16
4.10000	16
4.10167	16
4.10333	16
4.10500	15
4.10667	14
4.10833	13
4.11000	13
4.11167	13
4.11333	13
4.11500	14
4.11667	14
4.11833	16
4.12000	17
4.12167	19
4.12333	20
4.12500	22
4.12667	23
4.12833	23
4.13000	23
4.13167	24
4.13333	24
4.13500	24
4.13667	23
4.13833	23
4.14000	22
4.14167	22
4.14333	22
4.14500	22
4.14667	23
4.14833	24
4.15000	24
4.15167	25
4.15333	25
4.15500	26
4.15667	26
4.15833	25
4.16000	24
4.16167	23
4.16333	21
4.16500	18
4.16667	17
4.16833	16
4.17000	15
4.17167	15
4.17333	15
4.17500	16
4.17667	17
4.17833	18
4.18000	19
4.18167	21
4.18333	21
4.18500	22
4.18667	21
4.18833	21
4.19000	20
4.19167	19
4.19333	19
4.19500	18
4.19667	17
4.19833	17
4.20000	17
4.20167	16
4.20333	16
4.20500	16
4.20667	16
4.20833	16
4.21000	15
4.21167	15
4.21333	14
4.21500	13
4.21667	13
4.21833	13
4.22000	13
4.22167	14
4.22333	15
4.22500	16
4.22667	18
4.22833	19
4.23000	21
4.23167	22
4.23333	23
4.23500	23
4.23667	23
4.23833	22
4.24000	21
4.24167	20
4.24333	20
4.24500	19
4.24667	18
4.24833	17
4.25000	16
4.25167	16
4.25333	15
4.25500	15
4.25667	14
4.25833	14
4.26000	15
4.26167	15
4.26333	16
4.26500	17
4.26667	18
4.26833	20
4.27000	22
4.27167	24
4.27333	27
4.27500	28
4.27667	29
4.27833	29
4.28000	28
4.28167	28
4.28333	27
4.28500	26
4.28667	25
4.28833	25
4.29000	24
4.29167	24
4.29333	24
4.29500	25
4.29667	27
4.29833	28
4.30000	29
4.30167	30
4.30333	30
4.30500	30
4.30667	30
4.30833	30
4.31000	30
4.31167	30
4.31333	30
4.31500	30
4.31667	30
4.31833	30
4.32000	30
4.32167	30
4.32333	31
4.32500	31
4.32667	32
4.32833	34
4.33000	35
4.33167	37
4.33333	38
4.33500	39
4.33667	40
4.33833	41
4.34000	41
4.34167	41
4.34333	41
4.34500	40
4.34667	39
4.34833	38
4.35000	38
4.35167	37
4.35333	37
4.35500	37
4.35667	37
4.35833	38
4.36000	38
4.36167	39
4.36333	41
4.36500	42
4.36667	43
4.36833	43
4.37000	43
4.37167	44
4.37333	43
4.37500	43
4.37667	42
4.37833	41
4.38000	39
4.38167	38
4.38333	37
4.38500	37
4.38667	38
4.38833	39
4.39000	41
4.39167	43
4.39333	45
4.39500	48
4.39667	51
4.39833	53
4.40000	55
4.40167	56
4.40333	56
4.40500	56
4.40667	56
4.40833	56
4.41000	55
4.41167	55
4.41333	55
4.41500	55
4.41667	55
4.41833	55
4.42000	55
4.42167	55
4.42333	55
4.42500	55
4.42667	55
4.42833	55
4.43000	54
4.43167	53
4.43333	52
4.43500	52
4.43667	51
4.43833	51
4.44000	50
4.44167	50
4.44333	49
4.44500	49
4.44667	48
4.44833	47
4.45000	46
4.45167	46
4.45333	45
4.45500	44
4.45667	43
4.45833	42
4.46000	41
4.46167	41
4.46333	41
4.46500	42
4.46667	42
4.46833	42
4.47000	43
4.47167	43
4.47333	44
4.47500	44
4.47667	45
4.47833	46
4.48000	47
4.48167	47
4.48333	48
4.48500	49
4.48667	50
4.48833	51
4.49000	52
4.49167	52
4.49333	52
4.49500	52
4.49667	51
4.49833	50
4.50000	50
4.50167	49
4.50333	49
4.50500	49
4.50667	49
4.50833	49
4.51000	49
4.51167	49
4.51333	49
4.51500	49
4.51667	49
4.51833	50
4.52000	50
4.52167	50
4.52333	50
4.52500	50
4.52667	50
4.52833	50
4.53000	50
4.53167	50
4.53333	50
4.53500	51
4.53667	51
4.53833	51
4.54000	51
4.54167	52
4.54333	52
4.54500	53
4.54667	54
4.54833	55
4.55000	56
4.55167	57
4.55333	58
4.55500	59
4.55667	60
4.55833	61
4.56000	61
4.56167	61
4.56333	61
4.56500	61
4.56667	61
4.56833	61
4.57000	61
4.57167	61
4.57333	62
4.57500	62
4.57667	62
4.57833	62
4.58000	62
4.58167	62
4.58333	62
4.58500	61
4.58667	61
4.58833	61
4.59000	61
4.59167	61
4.59333	61
4.59500	61
4.59667	61
4.59833	61
4.60000	61
4.60167	61
4.60333	61
4.60500	61
4.60667	61
4.60833	61
4.61000	61
4.61167	61
4.61333	61
4.61500	61
4.61667	62
4.61833	62
4.62000	62
4.62167	63
4.62333	63
4.62500	64
4.62667	64
4.62833	65
4.63000	65
4.63167	66
4.63333	66
4.63500	67
4.63667	67
4.63833	68
4.64000	68
4.64167	69
4.64333	68
4.64500	68
4.64667	67
4.64833	66
4.65000	65
4.65167	64
4.65333	64
4.65500	63
4.65667	62
4.65833	62
4.66000	62
4.66167	63
4.66333	64
4.66500	65
4.66667	66
4.66833	67
4.67000	67
4.67167	66
4.67333	66
4.67500	66
4.67667	66
4.67833	66
4.68000	67
4.68167	67
4.68333	68
4.68500	68
4.68667	68
4.68833	68
4.69000	68
4.69167	68
4.69333	68
4.69500	68
4.69667	68
4.69833	68
4.70000	69
4.70167	71
4.70333	73
4.70500	76
4.70667	78
4.70833	80
4.71000	82
4.71167	82
4.71333	83
4.71500	83
4.71667	84
4.71833	84
4.72000	85
4.72167	86
4.72333	87
4.72500	88
4.72667	88
4.72833	89
4.73000	89
4.73167	89
4.73333	89
4.73500	89
4.73667	89
4.73833	89
4.74000	88
4.74167	88
4.74333	88
4.74500	89
4.74667	89
4.74833	90
4.75000	90
4.75167	90
4.75333	89
4.75500	87
4.75667	86
4.75833	84
4.76000	84
4.76167	83
4.76333	83
4.76500	83
4.76667	84
4.76833	86
4.77000	87
4.77167	89
4.77333	91
4.77500	93
4.77667	94
4.77833	95
4.78000	97
4.78167	98
4.78333	98
4.78500	99
4.78667	100
4.78833	100
4.79000	101
4.79167	101
4.79333	101
4.79500	100
4.79667	99
4.79833	98
4.80000	97
4.80167	97
4.80333	95
4.80500	94
4.80667	93
4.80833	93
4.81000	92
4.81167	92
4.81333	92
4.81500	93
4.81667	94
4.81833	95
4.82000	96
4.82167	98
4.82333	100
4.82500	101
4.82667	101
4.82833	101
4.83000	100
4.83167	100
4.83333	99
4.83500	98
4.83667	96
4.83833	95
4.84000	94
4.84167	94
4.84333	94
4.84500	95
4.84667	96
4.84833	98
4.85000	99
4.85167	100
4.85333	100
4.85500	100
4.85667	99
4.85833	99
4.86000	99
4.86167	99
4.86333	99
4.86500	100
4.86667	100
4.86833	101
4.87000	103
4.87167	104
4.87333	106
4.87500	107
4.87667	107
4.87833	108
4.88000	108
4.88167	108
4.88333	107
4.88500	107
4.88667	106
4.88833	105
4.89000	105
4.89167	104
4.89333	104
4.89500	104
4.89667	104
4.89833	105
4.90000	106
4.90167	107
4.90333	109
4.90500	111
4.90667	113
4.90833	116
4.91000	119
4.91167	121
4.91333	125
4.91500	128
4.91667	131
4.91833	134
4.92000	136
4.92167	139
4.92333	142
4.92500	144
4.92667	146
4.92833	147
4.93000	148
4.93167	149
4.93333	151
4.93500	153
4.93667	156
4.93833	159
4.94000	163
4.94167	169
4.94333	177
4.94500	187
4.94667	199
4.94833	218
4.95000	246
4.95167	288
4.95333	342
4.95500	411
4.95667	508
4.95833	651
4.96000	849
4.96167	1108
4.96333	1431
4.96500	1818
4.96667	2290
4.96833	2875
4.97000	3597
4.97167	4472
4.97333	5386
4.97500	6288
4.97667	7229
4.97833	8270
4.98000	9459
4.98167	10568
4.98333	11460
4.98500	12181
4.98667	12814
4.98833	13426
4.99000	13887
4.99167	14100
4.99333	14082
4.99500	13872
4.99667	13508
4.99833	13055
5.00000	12537
5.00167	11935
5.00333	11221
5.00500	10374
5.00667	9540
5.00833	8797
5.01000	8107
5.01167	7411
5.01333	6660
5.01500	5965
5.01667	5390
5.01833	4897
5.02000	4437
5.02167	3966
5.02333	3542
5.02500	3198
5.02667	2910
5.02833	2646
5.03000	2379
5.03167	2140
5.03333	1945
5.03500	1779
5.03667	1624
5.03833	1465
5.04000	1322
5.04167	1205
5.04333	1105
5.04500	1012
5.04667	917
5.04833	831
5.05000	762
5.05167	704
5.05333	652
5.05500	599
5.05667	553
5.05833	516
5.06000	485
5.06167	459
5.06333	433
5.06500	409
5.06667	391
5.06833	375
5.07000	361
5.07167	346
5.07333	333
5.07500	323
5.07667	315
5.07833	307
5.08000	300
5.08167	294
5.08333	290
5.08500	287
5.08667	285
5.08833	283
5.09000	282
5.09167	282
5.09333	283
5.09500	284
5.09667	285
5.09833	287
5.10000	289
5.10167	291
5.10333	293
5.10500	296
5.10667	298
5.10833	299
5.11000	299
5.11167	298
5.11333	296
5.11500	294
5.11667	290
5.11833	287
5.12000	283
5.12167	278
5.12333	273
5.12500	269
5.12667	265
5.12833	261
5.13000	257
5.13167	254
5.13333	251
5.13500	250
5.13667	249
5.13833	248
5.14000	248
5.14167	248
5.14333	248
5.14500	249
5.14667	250
5.14833	251
5.15000	251
5.15167	251
5.15333	250
5.15500	249
5.15667	247
5.15833	244
5.16000	241
5.16167	237
5.16333	233
5.16500	228
5.16667	224
5.16833	220
5.17000	217
5.17167	213
5.17333	210
5.17500	207
5.17667	206
5.17833	204
5.18000	203
5.18167	202
5.18333	201
5.18500	200
5.18667	199
5.18833	198
5.19000	197
5.19167	196
5.19333	195
5.19500	194
5.19667	194
5.19833	193
5.20000	192
5.20167	192
5.20333	191
5.20500	190
5.20667	189
5.20833	188
5.21000	186
5.21167	185
5.21333	183
5.21500	181
5.21667	179
5.21833	178
5.22000	177
5.22167	176
5.22333	174
5.22500	173
5.22667	172
5.22833	171
5.23000	171
5.23167	170
5.23333	168
5.23500	167
5.23667	166
5.23833	164
5.24000	163
5.24167	161
5.24333	160
5.24500	159
5.24667	158
5.24833	157
5.25000	156
5.25167	155
5.25333	154
5.25500	154
5.25667	153
5.25833	153
5.26000	153
5.26167	153
5.26333	153
5.26500	154
5.26667	155
5.26833	156
5.27000	156
5.27167	157
5.27333	158
5.27500	159
5.27667	159
5.27833	160
5.28000	160
5.28167	161
5.28333	161
5.28500	161
5.28667	161
5.28833	161
5.29000	160
5.29167	159
5.29333	158
5.29500	157
5.29667	155
5.29833	154
5.30000	153
5.30167	153
5.30333	153
5.30500	153
5.30667	154
5.30833	155
5.31000	156
5.31167	157
5.31333	158
5.31500	160
5.31667	161
5.31833	161
5.32000	162
5.32167	162
5.32333	162
5.32500	162
5.32667	162
5.32833	162
5.33000	162
5.33167	162
5.33333	162
5.33500	162
5.33667	161
5.33833	160
5.34000	160
5.34167	159
5.34333	158
5.34500	157
5.34667	157
5.34833	156
5.35000	156
5.35167	156
5.35333	157
5.35500	158
5.35667	159
5.35833	160
5.36000	161
5.36167	162
5.36333	163
5.36500	164
5.36667	164
5.36833	164
5.37000	164
5.37167	163
5.37333	163
5.37500	162
5.37667	162
5.37833	162
5.38000	163
5.38167	163
5.38333	163
5.38500	162
5.38667	161
5.38833	160
5.39000	158
5.39167	157
5.39333	156
5.39500	156
5.39667	156
5.39833	156
5.40000	156
5.40167	157
5.40333	158
5.40500	160
5.40667	162
5.40833	163
5.41000	164
5.41167	165
5.41333	165
5.41500	166
5.41667	166
5.41833	167
5.42000	167
5.42167	167
5.42333	168
5.42500	168
5.42667	167
5.42833	167
5.43000	167
5.43167	166
5.43333	166
5.43500	166
5.43667	167
5.43833	168
5.44000	170
5.44167	172
5.44333	174
5.44500	176
5.44667	179
5.44833	181
5.45000	183
5.45167	185
5.45333	186
5.45500	187
5.45667	187
5.45833	187
5.46000	186
5.46167	185
5.46333	183
5.46500	181
5.46667	179
5.46833	177
5.47000	176
5.47167	175
5.47333	175
5.47500	174
5.47667	175
5.47833	176
5.48000	177
5.48167	179
5.48333	180
5.48500	181
5.48667	182
5.48833	183
5.49000	184
5.49167	185
5.49333	185
5.49500	185
5.49667	185
5.49833	185
5.50000	186
5.50167	186
5.50333	187
5.50500	188
5.50667	188
5.50833	189
5.51000	189
5.51167	189
5.51333	188
5.51500	188
5.51667	187
5.51833	187
5.52000	187
5.52167	187
5.52333	187
5.52500	187
5.52667	188
5.52833	188
5.53000	189
5.53167	190
5.53333	191
5.53500	192
5.53667	192
5.53833	193
5.54000	194
5.54167	194
5.54333	194
5.54500	194
5.54667	194
5.54833	194
5.55000	194
5.55167	194
5.55333	194
5.55500	195
5.55667	196
5.55833	197
5.56000	198
5.56167	199
5.56333	201
5.56500	202
5.56667	203
5.56833	203
5.57000	203
5.57167	203
5.57333	203
5.57500	203
5.57667	203
5.57833	203
5.58000	204
5.58167	204
5.58333	205
5.58500	205
5.58667	205
5.58833	205
5.59000	205
5.59167	205
5.59333	205
5.59500	205
5.59667	205
5.59833	204
5.60000	204
5.60167	205
5.60333	205
5.60500	205
5.60667	205
5.60833	205
5.61000	205
5.61167	204
5.61333	203
5.61500	202
5.61667	201
5.61833	200
5.62000	199
5.62167	198
5.62333	198
5.62500	197
5.62667	197
5.62833	197
5.63000	197
5.63167	197
5.63333	198
5.63500	198
5.63667	198
5.63833	199
5.64000	199
5.64167	199
5.64333	200
5.64500	200
5.64667	200
5.64833	201
5.65000	201
5.65167	201
5.65333	202
5.65500	202
5.65667	203
5.65833	203
5.66000	203
5.66167	203
5.66333	202
5.66500	202
5.66667	201
5.66833	199
5.67000	198
5.67167	196
5.67333	195
5.67500	194
5.67667	193
5.67833	193
5.68000	194
5.68167	194
5.68333	195
5.68500	196
5.68667	197
5.68833	198
5.69000	199
5.69167	199
5.69333	198
5.69500	197
5.69667	195
5.69833	194
5.70000	192
5.70167	191
5.70333	190
5.70500	189
5.70667	188
5.70833	188
5.71000	188
5.71167	189
5.71333	190
5.71500	191
5.71667	193
5.71833	193
5.72000	194
5.72167	194
5.72333	194
5.72500	194
5.72667	194
5.72833	194
5.73000	194
5.73167	193
5.73333	193
5.73500	193
5.73667	194
5.73833	194
5.74000	195
5.74167	196
5.74333	196
5.74500	197
5.74667	197
5.74833	197
5.75000	197
5.75167	197
5.75333	196
5.75500	195
5.75667	194
5.75833	193
5.76000	192
5.76167	191
5.76333	190
5.76500	190
5.76667	189
5.76833	189
5.77000	190
5.77167	191
5.77333	192
5.77500	193
5.77667	194
5.77833	195
5.78000	196
5.78167	197
5.78333	198
5.78500	199
5.78667	199
5.78833	199
5.79000	200
5.79167	200
5.79333	200
5.79500	201
5.79667	201
5.79833	202
5.80000	203
5.80167	204
5.80333	204
5.80500	205
5.80667	206
5.80833	206
5.81000	207
5.81167	207
5.81333	207
5.81500	207
5.81667	206
5.81833	206
5.82000	206
5.82167	206
5.82333	207
5.82500	207
5.82667	207
5.82833	208
5.83000	208
5.83167	208
5.83333	209
5.83500	209
5.83667	209
5.83833	209
5.84000	209
5.84167	209
5.84333	208
5.84500	207
5.84667	206
5.84833	204
5.85000	203
5.85167	202
5.85333	201
5.85500	200
5.85667	199
5.85833	199
5.86000	199
5.86167	200
5.86333	201
5.86500	202
5.86667	203
5.86833	203
5.87000	204
5.87167	205
5.87333	205
5.87500	206
5.87667	206
5.87833	206
5.88000	207
5.88167	207
5.88333	207
5.88500	208
5.88667	208
5.88833	208
5.89000	208
5.89167	209
5.89333	208
5.89500	208
5.89667	208
5.89833	207
5.90000	207
5.90167	207
5.90333	208
5.90500	208
5.90667	209
5.90833	209
5.91000	210
5.91167	211
5.91333	212
5.91500	213
5.91667	214
5.91833	214
5.92000	214
5.92167	214
5.92333	214
5.92500	213
5.92667	213
5.92833	212
5.93000	211
5.93167	210
5.93333	210
5.93500	209
5.93667	209
5.93833	209
5.94000	209
5.94167	209
5.94333	209
5.94500	209
5.94667	210
5.94833	210
5.95000	211
5.95167	211
5.95333	210
5.95500	210
5.95667	210
5.95833	210
5.96000	210
5.96167	211
5.96333	212
5.96500	214
5.96667	215
5.96833	216
5.97000	216
5.97167	217
5.97333	217
5.97500	217
5.97667	216
5.97833	216
5.98000	215
5.98167	214
5.98333	214
5.98500	214
5.98667	215
5.98833	217
5.99000	219
5.99167	220
5.99333	222
5.99500	223
5.99667	225
5.99833	226
6.00000	227
6.00167	227
6.00333	227
6.00500	228
6.00667	228
6.00833	228
6.01000	228
6.01167	228
6.01333	228
6.01500	227
6.01667	227
6.01833	226
6.02000	225
6.02167	224
6.02333	223
6.02500	222
6.02667	222
6.02833	221
6.03000	221
6.03167	221
6.03333	220
6.03500	220
6.03667	221
6.03833	221
6.04000	222
6.04167	223
6.04333	224
6.04500	226
6.04667	228
6.04833	230
6.05000	231
6.05167	232
6.05333	232
6.05500	232
6.05667	232
6.05833	231
6.06000	229
6.06167	228
6.06333	225
6.06500	223
6.06667	222
6.06833	221
6.07000	222
6.07167	222
6.07333	223
6.07500	224
6.07667	224
6.07833	225
6.08000	226
6.08167	226
6.08333	227
6.08500	227
6.08667	227
6.08833	227
6.09000	227
6.09167	226
6.09333	226
6.09500	226
6.09667	226
6.09833	226
6.10000	226
6.10167	226
6.10333	226
6.10500	226
6.10667	227
6.10833	227
6.11000	228
6.11167	228
6.11333	229
6.11500	229
6.11667	230
6.11833	230
6.12000	231
6.12167	232
6.12333	233
6.12500	234
6.12667	234
6.12833	235
6.13000	235
6.13167	235
6.13333	235
6.13500	235
6.13667	234
6.13833	233
6.14000	232
6.14167	231
6.14333	231
6.14500	231
6.14667	231
6.14833	231
6.15000	231
6.15167	232
6.15333	234
6.15500	236
6.15667	238
6.15833	239
6.16000	241
6.16167	241
6.16333	242
6.16500	243
6.16667	243
6.16833	242
6.17000	241
6.17167	239
6.17333	238
6.17500	237
6.17667	236
6.17833	236
6.18000	236
6.18167	237
6.18333	237
6.18500	238
6.18667	238
6.18833	239
6.19000	240
6.19167	240
6.19333	241
6.19500	241
6.19667	241
6.19833	241
6.20000	241
6.20167	241
6.20333	241
6.20500	242
6.20667	242
6.20833	242
6.21000	242
6.21167	242
6.21333	242
6.21500	241
6.21667	241
6.21833	241
6.22000	241
6.22167	241
6.22333	241
6.22500	242
6.22667	243
6.22833	244
6.23000	245
6.23167	246
6.23333	247
6.23500	247
6.23667	247
6.23833	246
6.24000	246
6.24167	245
6.24333	245
6.24500	245
6.24667	245
6.24833	245
6.25000	245
6.25167	246
6.25333	246
6.25500	248
6.25667	249
6.25833	250
6.26000	250
6.26167	250
6.26333	249
6.26500	248
6.26667	248
6.26833	248
6.27000	248
6.27167	248
6.27333	248
6.27500	249
6.27667	250
6.27833	250
6.28000	251
6.28167	252
6.28333	252
6.28500	252
6.28667	251
6.28833	250
6.29000	249
6.29167	248
6.29333	247
6.29500	246
6.29667	245
6.29833	244
6.30000	244
6.30167	243
6.30333	243
6.30500	243
6.30667	243
6.30833	243
6.31000	243
6.31167	244
6.31333	245
6.31500	246
6.31667	247
6.31833	248
6.32000	250
6.32167	252
6.32333	253
6.32500	255
6.32667	256
6.32833	256
6.33000	256
6.33167	256
6.33333	257
6.33500	257
6.33667	256
6.33833	256
6.34000	256
6.34167	256
6.34333	257
6.34500	258
6.34667	259
6.34833	261
6.35000	262
6.35167	262
6.35333	262
6.35500	261
6.35667	260
6.35833	259
6.36000	258
6.36167	257
6.36333	256
6.36500	255
6.36667	255
6.36833	255
6.37000	255
6.37167	256
6.37333	258
6.37500	259
6.37667	261
6.37833	262
6.38000	264
6.38167	265
6.38333	267
6.38500	268
6.38667	268
6.38833	269
6.39000	269
6.39167	269
6.39333	268
6.39500	268
6.39667	267
6.39833	265
6.40000	265
6.40167	264
6.40333	264
6.40500	264
6.40667	264
6.40833	264
6.41000	265
6.41167	265
6.41333	266
6.41500	266
6.41667	267
6.41833	268
6.42000	268
6.42167	269
6.42333	269
6.42500	270
6.42667	270
6.42833	270
6.43000	270
6.43167	270
6.43333	270
6.43500	270
6.43667	270
6.43833	269
6.44000	269
6.44167	269
6.44333	269
6.44500	269
6.44667	270
6.44833	271
6.45000	272
6.45167	273
6.45333	273
6.45500	274
6.45667	274
6.45833	274
6.46000	274
6.46167	274
6.46333	274
6.46500	274
6.46667	274
6.46833	273
6.47000	273
6.47167	272
6.47333	271
6.47500	270
6.47667	269
6.47833	268
6.48000	267
6.48167	266
6.48333	266
6.48500	267
6.48667	269
6.48833	271
6.49000	273
6.49167	275
6.49333	277
6.49500	278
6.49667	280
6.49833	281
6.50000	282
6.50167	282
6.50333	282
6.50500	281
6.50667	280
6.50833	280
6.51000	280
6.51167	281
6.51333	281
6.51500	282
6.51667	283
6.51833	283
6.52000	282
6.52167	282
6.52333	281
6.52500	280
6.52667	279
6.52833	278
6.53000	277
6.53167	276
6.53333	276
6.53500	276
6.53667	276
6.53833	276
6.54000	277
6.54167	278
6.54333	280
6.54500	281
6.54667	283
6.54833	284
6.55000	285
6.55167	286
6.55333	286
6.55500	287
6.55667	287
6.55833	287
6.56000	287
6.56167	287
6.56333	286
6.56500	285
6.56667	285
6.56833	285
6.57000	285
6.57167	285
6.57333	285
6.57500	286
6.57667	286
6.57833	286
6.58000	287
6.58167	287
6.58333	287
6.58500	287
6.58667	287
6.58833	287
6.59000	287
6.59167	287
6.59333	288
6.59500	288
6.59667	289
6.59833	289
6.60000	290
6.60167	290
6.60333	290
6.60500	289
6.60667	289
6.60833	289
6.61000	289
6.61167	288
6.61333	288
6.61500	288
6.61667	289
6.61833	289
6.62000	290
6.62167	292
6.62333	293
6.62500	294
6.62667	295
6.62833	297
6.63000	298
6.63167	299
6.63333	299
6.63500	300
6.63667	301
6.63833	301
6.64000	302
6.64167	303
6.64333	303
6.64500	303
6.64667	302
6.64833	302
6.65000	302
6.65167	301
6.65333	301
6.65500	300
6.65667	300
6.65833	300
6.66000	299
6.66167	299
6.66333	299
6.66500	299
6.66667	299
6.66833	299
6.67000	299
6.67167	300
6.67333	301
6.67500	301
6.67667	303
6.67833	304
6.68000	306
6.68167	307
6.68333	309
6.68500	311
6.68667	312
6.68833	314
6.69000	316
6.69167	317
6.69333	317
6.69500	318
6.69667	318
6.69833	317
6.70000	317
6.70167	317
6.70333	316
6.70500	316
6.70667	316
6.70833	315
6.71000	316
6.71167	316
6.71333	316
6.71500	316
6.71667	316
6.71833	316
6.72000	315
6.72167	314
6.72333	313
6.72500	312
6.72667	312
6.72833	312
6.73000	312
6.73167	312
6.73333	313
6.73500	313
6.73667	314
6.73833	315
6.74000	316
6.74167	316
6.74333	316
6.74500	316
6.74667	316
6.74833	315
6.75000	315
6.75167	315
6.75333	315
6.75500	315
6.75667	316
6.75833	316
6.76000	317
6.76167	317
6.76333	318
6.76500	318
6.76667	318
6.76833	318
6.77000	318
6.77167	317
6.77333	316
6.77500	315
6.77667	314
6.77833	314
6.78000	313
6.78167	312
6.78333	312
6.78500	312
6.78667	313
6.78833	313
6.79000	314
6.79167	315
6.79333	315
6.79500	316
6.79667	318
6.79833	319
6.80000	320
6.80167	322
6.80333	323
6.80500	325
6.80667	327
6.80833	329
6.81000	330
6.81167	331
6.81333	331
6.81500	332
6.81667	332
6.81833	332
6.82000	332
6.82167	331
6.82333	331
6.82500	331
6.82667	331
6.82833	332
6.83000	333
6.83167	333
6.83333	334
6.83500	334
6.83667	333
6.83833	332
6.84000	331
6.84167	330
6.84333	328
6.84500	326
6.84667	324
6.84833	322
6.85000	321
6.85167	321
6.85333	321
6.85500	321
6.85667	322
6.85833	323
6.86000	324
6.86167	326
6.86333	328
6.86500	330
6.86667	331
6.86833	332
6.87000	333
6.87167	334
6.87333	335
6.87500	335
6.87667	336
6.87833	336
6.88000	336
6.88167	336
6.88333	336
6.88500	336
6.88667	336
6.88833	335
6.89000	335
6.89167	334
6.89333	334
6.89500	333
6.89667	333
6.89833	333
6.90000	333
6.90167	333
6.90333	334
6.90500	335
6.90667	335
6.90833	336
6.91000	337
6.91167	339
6.91333	340
6.91500	341
6.91667	342
6.91833	343
6.92000	343
6.92167	343
6.92333	343
6.92500	343
6.92667	343
6.92833	343
6.93000	342
6.93167	342
6.93333	342
6.93500	341
6.93667	341
6.93833	341
6.94000	341
6.94167	342
6.94333	342
6.94500	342
6.94667	342
6.94833	342
6.95000	343
6.95167	343
6.95333	344
6.95500	344
6.95667	345
6.95833	346
6.96000	347
6.96167	349
6.96333	350
6.96500	352
6.96667	352
6.96833	353
6.97000	352
6.97167	352
6.97333	350
6.97500	349
6.97667	348
6.97833	346
6.98000	344
6.98167	343
6.98333	342
6.98500	342
6.98667	342
6.98833	343
6.99000	345
6.99167	346
6.99333	346
6.99500	347
6.99667	347
6.99833	347
7.00000	347
7.00167	347
7.00333	347
7.00500	347
7.00667	347
7.00833	347
7.01000	347
7.01167	347
7.01333	347
7.01500	348
7.01667	349
7.01833	349
7.02000	350
7.02167	351
7.02333	352
7.02500	353
7.02667	353
7.02833	353
7.03000	353
7.03167	352
7.03333	352
7.03500	352
7.03667	351
7.03833	351
7.04000	351
7.04167	351
7.04333	351
7.04500	351
7.04667	351
7.04833	351
7.05000	352
7.05167	352
7.05333	353
7.05500	353
7.05667	353
7.05833	353
7.06000	353
7.06167	353
7.06333	352
7.06500	351
7.06667	350
7.06833	350
7.07000	350
7.07167	351
7.07333	351
7.07500	352
7.07667	353
7.07833	355
7.08000	357
7.08167	358
7.08333	359
7.08500	360
7.08667	359
7.08833	359
7.09000	358
7.09167	358
7.09333	358
7.09500	358
7.09667	358
7.09833	359
7.10000	360
7.10167	360
7.10333	361
7.10500	362
7.10667	363
7.10833	363
7.11000	364
7.11167	365
7.11333	365
7.11500	366
7.11667	366
7.11833	366
7.12000	366
7.12167	367
7.12333	367
7.12500	367
7.12667	367
7.12833	367
7.13000	368
7.13167	368
7.13333	368
7.13500	368
7.13667	368
7.13833	368
7.14000	368
7.14167	368
7.14333	368
7.14500	368
7.14667	369
7.14833	369
7.15000	370
7.15167	371
7.15333	372
7.15500	373
7.15667	374
7.15833	374
7.16000	374
7.16167	374
7.16333	374
7.16500	374
7.16667	373
7.16833	373
7.17000	372
7.17167	372
7.17333	371
7.17500	371
7.17667	371
7.17833	371
7.18000	371
7.18167	371
7.18333	372
7.18500	372
7.18667	373
7.18833	374
7.19000	375
7.19167	375
7.19333	376
7.19500	376
7.19667	376
7.19833	376
7.20000	375
7.20167	374
7.20333	373
7.20500	372
7.20667	371
7.20833	370
7.21000	369
7.21167	369
7.21333	369
7.21500	369
7.21667	368
7.21833	368
7.22000	368
7.22167	368
7.22333	368
7.22500	368
7.22667	368
7.22833	368
7.23000	368
7.23167	369
7.23333	369
7.23500	370
7.23667	371
7.23833	372
7.24000	374
7.24167	375
7.24333	376
7.24500	378
7.24667	379
7.24833	380
7.25000	381
7.25167	382
7.25333	383
7.25500	384
7.25667	385
7.25833	386
7.26000	386
7.26167	386
7.26333	386
7.26500	386
7.26667	385
7.26833	385
7.27000	385
7.27167	385
7.27333	385
7.27500	385
7.27667	386
7.27833	387
7.28000	388
7.28167	389
7.28333	389
7.28500	390
7.28667	390
7.28833	390
7.29000	390
7.29167	390
7.29333	389
7.29500	389
7.29667	389
7.29833	390
7.30000	390
7.30167	390
7.30333	389
7.30500	389
7.30667	389
7.30833	388
7.31000	388
7.31167	388
7.31333	388
7.31500	388
7.31667	389
7.31833	390
7.32000	392
7.32167	394
7.32333	396
7.32500	397
7.32667	398
7.32833	399
7.33000	400
7.33167	401
7.33333	401
7.33500	401
7.33667	400
7.33833	399
7.34000	398
7.34167	396
7.34333	394
7.34500	392
7.34667	390
7.34833	388
7.35000	386
7.35167	385
7.35333	383
7.35500	382
7.35667	381
7.35833	381
7.36000	381
7.36167	382
7.36333	383
7.36500	385
7.36667	387
7.36833	389
7.37000	392
7.37167	394
7.37333	397
7.37500	399
7.37667	399
7.37833	399
7.38000	399
7.38167	398
7.38333	398
7.38500	397
7.38667	396
7.38833	396
7.39000	395
7.39167	395
7.39333	395
7.39500	396
7.39667	397
7.39833	397
7.40000	398
7.40167	399
7.40333	399
7.40500	399
7.40667	399
7.40833	399
7.41000	399
7.41167	400
7.41333	401
7.41500	402
7.41667	403
7.41833	404
7.42000	404
7.42167	405
7.42333	406
7.42500	406
7.42667	406
7.42833	406
7.43000	405
7.43167	405
7.43333	405
7.43500	406
7.43667	407
7.43833	409
7.44000	410
7.44167	411
7.44333	412
7.44500	412
7.44667	412
7.44833	411
7.45000	410
7.45167	409
7.45333	409
7.45500	408
7.45667	407
7.45833	407
7.46000	407
7.46167	407
7.46333	408
7.46500	409
7.46667	410
7.46833	411
7.47000	412
7.47167	412
7.47333	413
7.47500	413
7.47667	413
7.47833	414
7.48000	414
7.48167	414
7.48333	414
7.48500	414
7.48667	414
7.48833	414
7.49000	415
7.49167	415
7.49333	415
7.49500	415
7.49667	416
7.49833	416
7.50000	416
7.50167	417
7.50333	417
7.50500	417
7.50667	418
7.50833	418
7.51000	419
7.51167	420
7.51333	421
7.51500	422
7.51667	422
7.51833	422
7.52000	422
7.52167	421
7.52333	421
7.52500	420
7.52667	419
7.52833	418
7.53000	418
7.53167	417
7.53333	417
7.53500	417
7.53667	417
7.53833	418
7.54000	419
7.54167	420
7.54333	420
7.54500	421
7.54667	422
7.54833	424
7.55000	424
7.55167	425
7.55333	426
7.55500	426
7.55667	427
7.55833	427
7.56000	428
7.56167	428
7.56333	428
7.56500	428
7.56667	428
7.56833	429
7.57000	430
7.57167	431
7.57333	433
7.57500	434
7.57667	435
7.57833	436
7.58000	436
7.58167	437
7.58333	437
7.58500	437
7.58667	437
7.58833	437
7.59000	437
7.59167	436
7.59333	436
7.59500	436
7.59667	436
7.59833	436
7.60000	436
7.60167	436
7.60333	436
7.60500	436
7.60667	435
7.60833	435
7.61000	435
7.61167	436
7.61333	436
7.61500	436
7.61667	436
7.61833	436
7.62000	436
7.62167	435
7.62333	434
7.62500	433
7.62667	433
7.62833	433
7.63000	433
7.63167	432
7.63333	432
7.63500	432
7.63667	433
7.63833	433
7.64000	433
7.64167	434
7.64333	434
7.64500	434
7.64667	433
7.64833	433
7.65000	432
7.65167	432
7.65333	432
7.65500	433
7.65667	433
7.65833	434
7.66000	435
7.66167	436
7.66333	437
7.66500	439
7.66667	440
7.66833	440
7.67000	440
7.67167	439
7.67333	439
7.67500	438
7.67667	437
7.67833	437
7.68000	436
7.68167	436
7.68333	435
7.68500	436
7.68667	437
7.68833	439
7.69000	440
7.69167	441
7.69333	442
7.69500	443
7.69667	443
7.69833	443
7.70000	443
7.70167	443
7.70333	444
7.70500	444
7.70667	445
7.70833	445
7.71000	445
7.71167	445
7.71333	445
7.71500	444
7.71667	443
7.71833	442
7.72000	441
7.72167	439
7.72333	438
7.72500	438
7.72667	438
7.72833	440
7.73000	442
7.73167	444
7.73333	446
7.73500	448
7.73667	450
7.73833	451
7.74000	453
7.74167	454
7.74333	454
7.74500	455
7.74667	455
7.74833	455
7.75000	455
7.75167	455
7.75333	454
7.75500	454
7.75667	454
7.75833	454
7.76000	454
7.76167	454
7.76333	454
7.76500	455
7.76667	455
7.76833	456
7.77000	457
7.77167	458
7.77333	459
7.77500	459
7.77667	460
7.77833	460
7.78000	460
7.78167	460
7.78333	460
7.78500	459
7.78667	459
7.78833	459
7.79000	460
7.79167	460
7.79333	459
7.79500	459
7.79667	459
7.79833	458
7.80000	458
7.80167	457
7.80333	457
7.80500	457
7.80667	456
7.80833	456
7.81000	456
7.81167	457
7.81333	457
7.81500	458
7.81667	459
7.81833	459
7.82000	460
7.82167	460
7.82333	461
7.82500	461
7.82667	461
7.82833	462
7.83000	462
7.83167	462
7.83333	463
7.83500	463
7.83667	463
7.83833	463
7.84000	463
7.84167	463
7.84333	462
7.84500	461
7.84667	460
7.84833	459
7.85000	459
7.85167	459
7.85333	459
7.85500	460
7.85667	460
7.85833	461
7.86000	461
7.86167	461
7.86333	461
7.86500	461
7.86667	461
7.86833	462
7.87000	462
7.87167	463
7.87333	464
7.87500	465
7.87667	466
7.87833	468
7.88000	470
7.88167	472
7.88333	474
7.88500	475
7.88667	477
7.88833	478
7.89000	479
7.89167	480
7.89333	480
7.89500	480
7.89667	481
7.89833	480
7.90000	480
7.90167	479
7.90333	477
7.90500	475
7.90667	473
7.90833	472
7.91000	471
7.91167	470
7.91333	470
7.91500	470
7.91667	470
7.91833	470
7.92000	471
7.92167	472
7.92333	473
7.92500	474
7.92667	476
7.92833	477
7.93000	479
7.93167	480
7.93333	482
7.93500	482
7.93667	483
7.93833	484
7.94000	484
7.94167	484
7.94333	484
7.94500	483
7.94667	481
7.94833	480
7.95000	479
7.95167	478
7.95333	477
7.95500	477
7.95667	477
7.95833	477
7.96000	478
7.96167	479
7.96333	480
7.96500	480
7.96667	481
7.96833	482
7.97000	483
7.97167	484
7.97333	484
7.97500	484
7.97667	484
7.97833	484
7.98000	483
7.98167	482
7.98333	482
7.98500	481
7.98667	482
7.98833	483
7.99000	484
7.99167	485
7.99333	485
7.99500	486
7.99667	487
7.99833	488
8.00000	487
8.00167	487
8.00333	485
8.00500	483
8.00667	481
8.00833	480
8.01000	479
8.01167	479
8.01333	480
8.01500	481
8.01667	482
8.01833	483
8.02000	484
8.02167	486
8.02333	487
8.02500	489
8.02667	490
8.02833	491
8.03000	492
8.03167	494
8.03333	494
8.03500	495
8.03667	496
8.03833	496
8.04000	497
8.04167	497
8.04333	497
8.04500	497
8.04667	497
8.04833	497
8.05000	498
8.05167	498
8.05333	499
8.05500	499
8.05667	500
8.05833	500
8.06000	499
8.06167	499
8.06333	498
8.06500	497
8.06667	496
8.06833	496
8.07000	495
8.07167	495
8.07333	494
8.07500	494
8.07667	495
8.07833	496
8.08000	497
8.08167	498
8.08333	500
8.08500	501
8.08667	501
8.08833	502
8.09000	503
8.09167	503
8.09333	503
8.09500	503
8.09667	503
8.09833	503
8.10000	503
8.10167	503
8.10333	504
8.10500	505
8.10667	506
8.10833	507
8.11000	508
8.11167	509
8.11333	510
8.11500	510
8.11667	511
8.11833	511
8.12000	512
8.12167	513
8.12333	513
8.12500	513
8.12667	514
8.12833	513
8.13000	513
8.13167	513
8.13333	512
8.13500	512
8.13667	511
8.13833	511
8.14000	510
8.14167	510
8.14333	510
8.14500	511
8.14667	511
8.14833	512
8.15000	513
8.15167	513
8.15333	513
8.15500	513
8.15667	513
8.15833	514
8.16000	514
8.16167	513
8.16333	513
8.16500	513
8.16667	514
8.16833	514
8.17000	515
8.17167	516
8.17333	517
8.17500	518
8.17667	519
8.17833	520
8.18000	521
8.18167	522
8.18333	523
8.18500	523
8.18667	523
8.18833	522
8.19000	522
8.19167	521
8.19333	522
8.19500	522
8.19667	524
8.19833	525
8.20000	526
8.20167	527
8.20333	528
8.20500	529
8.20667	529
8.20833	529
8.21000	529
8.21167	528
8.21333	527
8.21500	526
8.21667	524
8.21833	523
8.22000	522
8.22167	521
8.22333	520
8.22500	519
8.22667	519
8.22833	519
8.23000	519
8.23167	520
8.23333	521
8.23500	522
8.23667	523
8.23833	525
8.24000	527
8.24167	528
8.24333	529
8.24500	530
8.24667	532
8.24833	533
8.25000	534
8.25167	534
8.25333	535
8.25500	535
8.25667	535
8.25833	535
8.26000	535
8.26167	534
8.26333	534
8.26500	533
8.26667	533
8.26833	533
8.27000	532
8.27167	532
8.27333	532
8.27500	532
8.27667	532
8.27833	532
8.28000	532
8.28167	532
8.28333	532
8.28500	532
8.28667	532
8.28833	532
8.29000	532
8.29167	532
8.29333	532
8.29500	532
8.29667	533
8.29833	533
8.30000	533
8.30167	533
8.30333	533
8.30500	533
8.30667	532
8.30833	532
8.31000	531
8.31167	531
8.31333	531
8.31500	530
8.31667	531
8.31833	532
8.32000	533
8.32167	535
8.32333	538
8.32500	540
8.32667	541
8.32833	542
8.33000	543
8.33167	543
8.33333	544
8.33500	544
8.33667	544
8.33833	544
8.34000	544
8.34167	544
8.34333	545
8.34500	545
8.34667	545
8.34833	546
8.35000	546
8.35167	547
8.35333	547
8.35500	547
8.35667	547
8.35833	547
8.36000	547
8.36167	548
8.36333	549
8.36500	550
8.36667	550
8.36833	550
8.37000	550
8.37167	550
8.37333	550
8.37500	549
8.37667	549
8.37833	550
8.38000	550
8.38167	551
8.38333	551
8.38500	551
8.38667	551
8.38833	552
8.39000	552
8.39167	552
8.39333	551
8.39500	551
8.39667	551
8.39833	550
8.40000	550
8.40167	550
8.40333	551
8.40500	551
8.40667	552
8.40833	553
8.41000	553
8.41167	554
8.41333	554
8.41500	555
8.41667	555
8.41833	555
8.42000	554
8.42167	554
8.42333	554
8.42500	553
8.42667	554
8.42833	554
8.43000	555
8.43167	556
8.43333	556
8.43500	557
8.43667	557
8.43833	558
8.44000	558
8.44167	558
8.44333	557
8.44500	556
8.44667	555
8.44833	554
8.45000	553
8.45167	553
8.45333	554
8.45500	555
8.45667	556
8.45833	557
8.46000	559
8.46167	561
8.46333	563
8.46500	564
8.46667	565
8.46833	566
8.47000	565
8.47167	565
8.47333	564
8.47500	563
8.47667	562
8.47833	560
8.48000	559
8.48167	557
8.48333	557
8.48500	557
8.48667	558
8.48833	560
8.49000	561
8.49167	563
8.49333	565
8.49500	568
8.49667	571
8.49833	573
8.50000	575
8.50167	575
8.50333	575
8.50500	575
8.50667	574
8.50833	573
8.51000	572
8.51167	571
8.51333	570
8.51500	569
8.51667	569
8.51833	569
8.52000	569
8.52167	570
8.52333	571
8.52500	572
8.52667	573
8.52833	574
8.53000	574
8.53167	575
8.53333	576
8.53500	576
8.53667	576
8.53833	576
8.54000	576
8.54167	577
8.54333	577
8.54500	577
8.54667	577
8.54833	577
8.55000	577
8.55167	577
8.55333	577
8.55500	577
8.55667	577
8.55833	577
8.56000	577
8.56167	577
8.56333	577
8.56500	578
8.56667	578
8.56833	578
8.57000	579
8.57167	579
8.57333	580
8.57500	580
8.57667	580
8.57833	580
8.58000	580
8.58167	579
8.58333	579
8.58500	578
8.58667	578
8.58833	577
8.59000	577
8.59167	577
8.59333	578
8.59500	580
8.59667	582
8.59833	584
8.60000	586
8.60167	587
8.60333	587
8.60500	587
8.60667	587
8.60833	587
8.61000	586
8.61167	584
8.61333	583
8.61500	581
8.61667	580
8.61833	580
8.62000	581
8.62167	582
8.62333	584
8.62500	585
8.62667	587
8.62833	588
8.63000	589
8.63167	590
8.63333	591
8.63500	591
8.63667	591
8.63833	591
8.64000	591
8.64167	590
8.64333	590
8.64500	589
8.64667	589
8.64833	588
8.65000	588
8.65167	587
8.65333	587
8.65500	588
8.65667	588
8.65833	588
8.66000	588
8.66167	587
8.66333	587
8.66500	587
8.66667	587
8.66833	586
8.67000	586
8.67167	585
8.67333	585
8.67500	585
8.67667	585
8.67833	586
8.68000	587
8.68167	588
8.68333	588
8.68500	589
8.68667	590
8.68833	591
8.69000	592
8.69167	592
8.69333	593
8.69500	593
8.69667	594
8.69833	595
8.70000	595
8.70167	597
8.70333	598
8.70500	600
8.70667	601
8.70833	602
8.71000	601
8.71167	601
8.71333	600
8.71500	599
8.71667	598
8.71833	597
8.72000	597
8.72167	597
8.72333	598
8.72500	598
8.72667	600
8.72833	601
8.73000	604
8.73167	605
8.73333	606
8.73500	606
8.73667	605
8.73833	604
8.74000	602
8.74167	600
8.74333	599
8.74500	598
8.74667	596
8.74833	595
8.75000	595
8.75167	596
8.75333	597
8.75500	598
8.75667	600
8.75833	601
8.76000	602
8.76167	603
8.76333	603
8.76500	603
8.76667	603
8.76833	602
8.77000	602
8.77167	601
8.77333	600
8.77500	600
8.77667	599
8.77833	600
8.78000	600
8.78167	600
8.78333	601
8.78500	601
8.78667	602
8.78833	603
8.79000	604
8.79167	605
8.79333	606
8.79500	607
8.79667	608
8.79833	610
8.80000	611
8.80167	611
8.80333	611
8.80500	611
8.80667	611
8.80833	611
8.81000	610
8.81167	610
8.81333	609
8.81500	609
8.81667	608
8.81833	609
8.82000	609
8.82167	610
8.82333	611
8.82500	612
8.82667	613
8.82833	614
8.83000	615
8.83167	616
8.83333	616
8.83500	617
8.83667	618
8.83833	618
8.84000	619
8.84167	619
8.84333	619
8.84500	619
8.84667	618
8.84833	618
8.85000	617
8.85167	616
8.85333	616
8.85500	616
8.85667	616
8.85833	616
8.86000	616
8.86167	616
8.86333	617
8.86500	618
8.86667	619
8.86833	620
8.87000	621
8.87167	623
8.87333	624
8.87500	625
8.87667	626
8.87833	627
8.88000	627
8.88167	628
8.88333	628
8.88500	628
8.88667	627
8.88833	626
8.89000	625
8.89167	624
8.89333	623
8.89500	622
8.89667	621
8.89833	620
8.90000	618
8.90167	617
8.90333	615
8.90500	614
8.90667	612
8.90833	611
8.91000	610
8.91167	610
8.91333	611
8.91500	611
8.91667	612
8.91833	613
8.92000	614
8.92167	616
8.92333	617
8.92500	618
8.92667	619
8.92833	620
8.93000	620
8.93167	620
8.93333	621
8.93500	622
8.93667	623
8.93833	624
8.94000	626
8.94167	627
8.94333	627
8.94500	628
8.94667	628
8.94833	628
8.95000	628
8.95167	627
8.95333	626
8.95500	624
8.95667	622
8.95833	621
8.96000	620
8.96167	619
8.96333	619
8.96500	619
8.96667	619
8.96833	619
8.97000	620
8.97167	621
8.97333	623
8.97500	623
8.97667	624
8.97833	624
8.98000	624
8.98167	625
8.98333	626
8.98500	627
8.98667	628
8.98833	630
8.99000	631
8.99167	633
8.99333	635
8.99500	637
8.99667	639
8.99833	641
9.00000	642
9.00167	642
9.00333	641
9.00500	640
9.00667	638
9.00833	637
9.01000	635
9.01167	634
9.01333	632
9.01500	631
9.01667	631
9.01833	631
9.02000	631
9.02167	633
9.02333	634
9.02500	636
9.02667	636
9.02833	637
9.03000	638
9.03167	638
9.03333	638
9.03500	638
9.03667	638
9.03833	637
9.04000	637
9.04167	637
9.04333	637
9.04500	637
9.04667	637
9.04833	638
9.05000	638
9.05167	639
9.05333	639
9.05500	639
9.05667	639
9.05833	640
9.06000	640
9.06167	640
9.06333	640
9.06500	640
9.06667	640
9.06833	641
9.07000	641
9.07167	641
9.07333	641
9.07500	641
9.07667	641
9.07833	641
9.08000	641
9.08167	641
9.08333	642
9.08500	642
9.08667	642
9.08833	643
9.09000	643
9.09167	644
9.09333	645
9.09500	646
9.09667	648
9.09833	649
9.10000	651
9.10167	652
9.10333	653
9.10500	654
9.10667	655
9.10833	655
9.11000	655
9.11167	655
9.11333	654
9.11500	653
9.11667	653
9.11833	652
9.12000	652
9.12167	652
9.12333	652
9.12500	652
9.12667	653
9.12833	654
9.13000	655
9.13167	656
9.13333	657
9.13500	657
9.13667	657
9.13833	656
9.14000	656
9.14167	656
9.14333	655
9.14500	655
9.14667	655
9.14833	655
9.15000	654
9.15167	654
9.15333	654
9.15500	654
9.15667	653
9.15833	653
9.16000	653
9.16167	654
9.16333	654
9.16500	654
9.16667	655
9.16833	655
9.17000	656
9.17167	657
9.17333	658
9.17500	658
9.17667	659
9.17833	659
9.18000	660
9.18167	660
9.18333	661
9.18500	661
9.18667	661
9.18833	661
9.19000	661
9.19167	661
9.19333	661
9.19500	661
9.19667	660
9.19833	660
9.20000	660
9.20167	660
9.20333	659
9.20500	660
9.20667	660
9.20833	660
9.21000	660
9.21167	660
9.21333	660
9.21500	659
9.21667	659
9.21833	659
9.22000	658
9.22167	658
9.22333	657
9.22500	657
9.22667	657
9.22833	658
9.23000	659
9.23167	660
9.23333	661
9.23500	662
9.23667	664
9.23833	666
9.24000	668
9.24167	669
9.24333	670
9.24500	671
9.24667	671
9.24833	671
9.25000	672
9.25167	672
9.25333	672
9.25500	672
9.25667	672
9.25833	672
9.26000	672
9.26167	672
9.26333	672
9.26500	673
9.26667	673
9.26833	672
9.27000	672
9.27167	671
9.27333	670
9.27500	669
9.27667	669
9.27833	669
9.28000	670
9.28167	670
9.28333	671
9.28500	672
9.28667	673
9.28833	674
9.29000	676
9.29167	676
9.29333	677
9.29500	677
9.29667	677
9.29833	677
9.30000	677
9.30167	677
9.30333	677
9.30500	676
9.30667	676
9.30833	676
9.31000	676
9.31167	675
9.31333	675
9.31500	674
9.31667	674
9.31833	674
9.32000	675
9.32167	675
9.32333	676
9.32500	677
9.32667	678
9.32833	679
9.33000	680
9.33167	681
9.33333	682
9.33500	683
9.33667	683
9.33833	684
9.34000	684
9.34167	685
9.34333	684
9.34500	684
9.34667	683
9.34833	682
9.35000	682
9.35167	680
9.35333	679
9.35500	678
9.35667	677
9.35833	677
9.36000	677
9.36167	677
9.36333	678
9.36500	678
9.36667	679
9.36833	680
9.37000	681
9.37167	682
9.37333	683
9.37500	683
9.37667	683
9.37833	683
9.38000	683
9.38167	683
9.38333	682
9.38500	682
9.38667	681
9.38833	681
9.39000	681
9.39167	681
9.39333	681
9.39500	681
9.39667	681
9.39833	682
9.40000	683
9.40167	684
9.40333	686
9.40500	688
9.40667	689
9.40833	691
9.41000	691
9.41167	691
9.41333	691
9.41500	690
9.41667	689
9.41833	689
9.42000	687
9.42167	686
9.42333	685
9.42500	685
9.42667	685
9.42833	686
9.43000	687
9.43167	688
9.43333	689
9.43500	690
9.43667	690
9.43833	691
9.44000	692
9.44167	692
9.44333	692
9.44500	693
9.44667	693
9.44833	693
9.45000	694
9.45167	694
9.45333	695
9.45500	696
9.45667	697
9.45833	697
9.46000	698
9.46167	698
9.46333	698
9.46500	698
9.46667	697
9.46833	696
9.47000	695
9.47167	693
9.47333	691
9.47500	690
9.47667	689
9.47833	689
9.48000	689
9.48167	689
9.48333	689
9.48500	690
9.48667	691
9.48833	692
9.49000	693
9.49167	694
9.49333	695
9.49500	696
9.49667	697
9.49833	697
9.50000	698
9.50167	698
9.50333	699
9.50500	699
9.50667	700
9.50833	700
9.51000	700
9.51167	701
9.51333	701
9.51500	701
9.51667	701
9.51833	700
9.52000	700
9.52167	699
9.52333	699
9.52500	698
9.52667	698
9.52833	697
9.53000	697
9.53167	697
9.53333	697
9.53500	698
9.53667	699
9.53833	700
9.54000	702
9.54167	704
9.54333	706
9.54500	708
9.54667	711
9.54833	713
9.55000	715
9.55167	716
9.55333	716
9.55500	715
9.55667	714
9.55833	713
9.56000	711
9.56167	709
9.56333	706
9.56500	704
9.56667	702
9.56833	702
9.57000	702
9.57167	703
9.57333	704
9.57500	704
9.57667	705
9.57833	706
9.58000	707
9.58167	707
9.58333	707
9.58500	706
9.58667	705
9.58833	704
9.59000	702
9.59167	701
9.59333	701
9.59500	701
9.59667	701
9.59833	702
9.60000	703
9.60167	704
9.60333	706
9.60500	709
9.60667	711
9.60833	713
9.61000	714
9.61167	715
9.61333	716
9.61500	716
9.61667	716
9.61833	715
9.62000	714
9.62167	713
9.62333	712
9.62500	711
9.62667	710
9.62833	710
9.63000	710
9.63167	710
9.63333	711
9.63500	712
9.63667	713
9.63833	714
9.64000	715
9.64167	716
9.64333	717
9.64500	718
9.64667	720
9.64833	721
9.65000	721
9.65167	722
9.65333	722
9.65500	723
9.65667	723
9.65833	723
9.66000	723
9.66167	723
9.66333	722
9.66500	722
9.66667	721
9.66833	721
9.67000	721
9.67167	721
9.67333	720
9.67500	720
9.67667	720
9.67833	720
9.68000	720
9.68167	720
9.68333	721
9.68500	721
9.68667	722
9.68833	722
9.69000	723
9.69167	723
9.69333	724
9.69500	724
9.69667	725
9.69833	725
9.70000	726
9.70167	726
9.70333	726
9.70500	726
9.70667	726
9.70833	726
9.71000	726
9.71167	725
9.71333	725
9.71500	724
9.71667	724
9.71833	724
9.72000	724
9.72167	724
9.72333	725
9.72500	725
9.72667	726
9.72833	726
9.73000	727
9.73167	728
9.73333	729
9.73500	729
9.73667	730
9.73833	731
9.74000	732
9.74167	732
9.74333	732
9.74500	732
9.74667	732
9.74833	731
9.75000	731
9.75167	730
9.75333	730
9.75500	730
9.75667	730
9.75833	730
9.76000	730
9.76167	730
9.76333	730
9.76500	731
9.76667	731
9.76833	732
9.77000	733
9.77167	734
9.77333	736
9.77500	737
9.77667	738
9.77833	739
9.78000	740
9.78167	741
9.78333	741
9.78500	742
9.78667	742
9.78833	742
9.79000	741
9.79167	741
9.79333	741
9.79500	741
9.79667	740
9.79833	740
9.80000	740
9.80167	739
9.80333	738
9.80500	738
9.80667	737
9.80833	736
9.81000	736
9.81167	736
9.81333	737
9.81500	737
9.81667	738
9.81833	738
9.82000	738
9.82167	738
9.82333	739
9.82500	739
9.82667	739
9.82833	738
9.83000	738
9.83167	737
9.83333	737
9.83500	738
9.83667	739
9.83833	741
9.84000	742
9.84167	744
9.84333	745
9.84500	746
9.84667	747
9.84833	748
9.85000	749
9.85167	749
9.85333	748
9.85500	747
9.85667	746
9.85833	746
9.86000	745
9.86167	745
9.86333	745
9.86500	745
9.86667	745
9.86833	745
9.87000	745
9.87167	746
9.87333	746
9.87500	747
9.87667	748
9.87833	748
9.88000	749
9.88167	750
9.88333	751
9.88500	751
9.88667	751
9.88833	751
9.89000	751
9.89167	751
9.89333	751
9.89500	751
9.89667	751
9.89833	751
9.90000	751
9.90167	752
9.90333	752
9.90500	753
9.90667	754
9.90833	754
9.91000	753
9.91167	753
9.91333	751
9.91500	750
9.91667	749
9.91833	748
9.92000	748
9.92167	748
9.92333	748
9.92500	749
9.92667	750
9.92833	752
9.93000	754
9.93167	757
9.93333	758
9.93500	759
9.93667	760
9.93833	760
9.94000	761
9.94167	761
9.94333	761
9.94500	761
9.94667	761
9.94833	761
9.95000	760
9.95167	760
9.95333	759
9.95500	758
9.95667	758
9.95833	757
9.96000	757
9.96167	756
9.96333	756
9.96500	756
9.96667	756
9.96833	756
9.97000	758
9.97167	759
9.97333	761
9.97500	762
9.97667	764
9.97833	765
9.98000	766
9.98167	766
9.98333	766
9.98500	766
9.98667	765
9.98833	764
9.99000	763
9.99167	762
9.99333	762
9.99500	762
9.99667	763
9.99833	763
10.00000	764
10.00167	764
10.00333	765
10.00500	766
10.00667	767
10.00833	768
10.01000	768
10.01167	769
10.01333	770
10.01500	770
10.01667	770
10.01833	770
10.02000	770
10.02167	769
10.02333	768
10.02500	768
10.02667	767
10.02833	767
10.03000	767
10.03167	767
10.03333	767
10.03500	768
10.03667	769
10.03833	771
10.04000	772
10.04167	773
10.04333	772
10.04500	772
10.04667	770
10.04833	768
10.05000	767
10.05167	765
10.05333	763
10.05500	762
10.05667	760
10.05833	759
10.06000	759
10.06167	760
10.06333	761
10.06500	762
10.06667	763
10.06833	764
10.07000	765
10.07167	767
10.07333	768
10.07500	769
10.07667	770
10.07833	770
10.08000	770
10.08167	771
10.08333	771
10.08500	772
10.08667	772
10.08833	772
10.09000	773
10.09167	773
10.09333	773
10.09500	774
10.09667	774
10.09833	775
10.10000	776
10.10167	776
10.10333	776
10.10500	776
10.10667	776
10.10833	776
10.11000	776
10.11167	776
10.11333	775
10.11500	774
10.11667	774
10.11833	773
10.12000	772
10.12167	772
10.12333	771
10.12500	771
10.12667	771
10.12833	771
10.13000	772
10.13167	773
10.13333	773
10.13500	775
10.13667	776
10.13833	778
10.14000	780
10.14167	782
10.14333	783
10.14500	784
10.14667	785
10.14833	786
10.15000	787
10.15167	787
10.15333	786
10.15500	786
10.15667	785
10.15833	784
10.16000	784
10.16167	783
10.16333	783
10.16500	783
10.16667	783
10.16833	784
10.17000	785
10.17167	786
10.17333	787
10.17500	789
10.17667	790
10.17833	791
10.18000	792
10.18167	793
10.18333	794
10.18500	794
10.18667	795
10.18833	795
10.19000	796
10.19167	796
10.19333	796
10.19500	795
10.19667	795
10.19833	794
10.20000	793
10.20167	793
10.20333	792
10.20500	792
10.20667	791
10.20833	791
10.21000	791
10.21167	790
10.21333	790
10.21500	790
10.21667	789
10.21833	788
10.22000	787
10.22167	786
10.22333	785
10.22500	785
10.22667	785
10.22833	786
10.23000	787
10.23167	787
10.23333	788
10.23500	789
10.23667	789
10.23833	789
10.24000	789
10.24167	789
10.24333	789
10.24500	789
10.24667	788
10.24833	788
10.25000	789
10.25167	789
10.25333	790
10.25500	791
10.25667	792
10.25833	793
10.26000	793
10.26167	793
10.26333	793
10.26500	793
10.26667	792
10.26833	792
10.27000	792
10.27167	792
10.27333	792
10.27500	792
10.27667	792
10.27833	792
10.28000	792
10.28167	791
10.28333	791
10.28500	791
10.28667	790
10.28833	790
10.29000	789
10.29167	789
10.29333	790
10.29500	791
10.29667	792
10.29833	794
10.30000	795
10.30167	796
10.30333	797
10.30500	798
10.30667	798
10.30833	799
10.31000	799
10.31167	799
10.31333	799
10.31500	799
10.31667	799
10.31833	799
10.32000	799
10.32167	800
10.32333	801
10.32500	802
10.32667	802
10.32833	801
10.33000	800
10.33167	799
10.33333	798
10.33500	798
10.33667	797
10.33833	796
10.34000	796
10.34167	796
10.34333	796
10.34500	797
10.34667	799
10.34833	801
10.35000	802
10.35167	803
10.35333	804
10.35500	804
10.35667	805
10.35833	805
10.36000	805
10.36167	805
10.36333	805
10.36500	805
10.36667	805
10.36833	805
10.37000	804
10.37167	804
10.37333	803
10.37500	803
10.37667	803
10.37833	804
10.38000	805
10.38167	806
10.38333	807
10.38500	808
10.38667	809
10.38833	810
10.39000	810
10.39167	811
10.39333	811
10.39500	811
10.39667	810
10.39833	810
10.40000	810
10.40167	810
10.40333	810
10.40500	810
10.40667	811
10.40833	811
10.41000	812
10.41167	812
10.41333	813
10.41500	814
10.41667	815
10.41833	815
10.42000	816
10.42167	816
10.42333	816
10.42500	816
10.42667	816
10.42833	815
10.43000	814
10.43167	813
10.43333	812
10.43500	812
10.43667	811
10.43833	811
10.44000	811
10.44167	810
10.44333	810
10.44500	810
10.44667	810
10.44833	809
10.45000	809
10.45167	810
10.45333	810
10.45500	810
10.45667	811
10.45833	812
10.46000	812
10.46167	813
10.46333	814
10.46500	815
10.46667	816
10.46833	817
10.47000	818
10.47167	819
10.47333	820
10.47500	821
10.47667	821
10.47833	821
10.48000	820
10.48167	820
10.48333	819
10.48500	819
10.48667	818
10.48833	817
10.49000	817
10.49167	816
10.49333	816
10.49500	816
10.49667	816
10.49833	817
10.50000	817
10.50167	818
10.50333	818
10.50500	819
10.50667	820
10.50833	821
10.51000	822
10.51167	824
10.51333	826
10.51500	827
10.51667	828
10.51833	829
10.52000	830
10.52167	830
10.52333	830
10.52500	830
10.52667	830
10.52833	830
10.53000	829
10.53167	828
10.53333	828
10.53500	827
10.53667	827
10.53833	827
10.54000	827
10.54167	827
10.54333	827
10.54500	827
10.54667	827
10.54833	828
10.55000	828
10.55167	829
10.55333	829
10.55500	829
10.55667	829
10.55833	829
10.56000	829
10.56167	829
10.56333	829
10.56500	830
10.56667	830
10.56833	830
10.57000	831
10.57167	831
10.57333	831
10.57500	831
10.57667	832
10.57833	832
10.58000	832
10.58167	832
10.58333	833
10.58500	833
10.58667	834
10.58833	834
10.59000	834
10.59167	834
10.59333	834
10.59500	833
10.59667	832
10.59833	830
10.60000	829
10.60167	827
10.60333	826
10.60500	825
10.60667	823
10.60833	823
10.61000	823
10.61167	823
10.61333	824
10.61500	825
10.61667	827
10.61833	828
10.62000	830
10.62167	833
10.62333	835
10.62500	836
10.62667	837
10.62833	838
10.63000	839
10.63167	839
10.63333	840
10.63500	839
10.63667	839
10.63833	838
10.64000	837
10.64167	837
10.64333	836
10.64500	836
10.64667	835
10.64833	834
10.65000	834
10.65167	833
10.65333	833
10.65500	832
10.65667	831
10.65833	831
10.66000	830
10.66167	830
10.66333	830
10.66500	829
10.66667	830
10.66833	830
10.67000	831
10.67167	832
10.67333	833
10.67500	834
10.67667	834
10.67833	835
10.68000	836
10.68167	837
10.68333	837
10.68500	838
10.68667	838
10.68833	838
10.69000	839
10.69167	839
10.69333	839
10.69500	839
10.69667	839
10.69833	840
10.70000	840
10.70167	841
10.70333	842
10.70500	844
10.70667	845
10.70833	846
10.71000	846
10.71167	846
10.71333	846
10.71500	846
10.71667	845
10.71833	844
10.72000	843
10.72167	841
10.72333	840
10.72500	839
10.72667	838
10.72833	837
10.73000	835
10.73167	834
10.73333	833
10.73500	833
10.73667	832
10.73833	832
10.74000	832
10.74167	832
10.74333	833
10.74500	835
10.74667	837
10.74833	839
10.75000	841
10.75167	843
10.75333	845
10.75500	846
10.75667	847
10.75833	848
10.76000	848
10.76167	848
10.76333	848
10.76500	848
10.76667	847
10.76833	847
10.77000	847
10.77167	847
10.77333	847
10.77500	847
10.77667	847
10.77833	847
10.78000	848
10.78167	849
10.78333	850
10.78500	851
10.78667	852
10.78833	854
10.79000	855
10.79167	856
10.79333	856
10.79500	856
10.79667	856
10.79833	855
10.80000	855
10.80167	854
10.80333	854
10.80500	853
10.80667	852
10.80833	852
10.81000	853
10.81167	853
10.81333	854
10.81500	855
10.81667	856
10.81833	856
10.82000	856
10.82167	857
10.82333	857
10.82500	858
10.82667	858
10.82833	858
10.83000	859
10.83167	859
10.83333	859
10.83500	858
10.83667	857
10.83833	856
10.84000	855
10.84167	854
10.84333	853
10.84500	852
10.84667	852
10.84833	851
10.85000	851
10.85167	851
10.85333	851
10.85500	851
10.85667	852
10.85833	852
10.86000	852
10.86167	851
10.86333	851
10.86500	851
10.86667	851
10.86833	851
10.87000	852
10.87167	853
10.87333	854
10.87500	855
10.87667	855
10.87833	855
10.88000	854
10.88167	854
10.88333	854
10.88500	854
10.88667	854
10.88833	854
10.89000	855
10.89167	855
10.89333	856
10.89500	857
10.89667	859
10.89833	860
10.90000	861
10.90167	861
10.90333	861
10.90500	861
10.90667	861
10.90833	861
10.91000	861
10.91167	861
10.91333	861
10.91500	862
10.91667	862
10.91833	863
10.92000	863
10.92167	863
10.92333	863
10.92500	863
10.92667	862
10.92833	861
10.93000	861
10.93167	860
10.93333	859
10.93500	859
10.93667	859
10.93833	859
10.94000	859
10.94167	859
10.94333	860
10.94500	860
10.94667	860
10.94833	860
10.95000	860
10.95167	861
10.95333	862
10.95500	863
10.95667	864
10.95833	865
10.96000	865
10.96167	866
10.96333	867
10.96500	867
10.96667	867
10.96833	867
10.97000	866
10.97167	865
10.97333	864
10.97500	863
10.97667	863
10.97833	863
10.98000	863
10.98167	863
10.98333	864
10.98500	864
10.98667	864
10.98833	864
10.99000	864
10.99167	864
10.99333	864
10.99500	864
10.99667	864
10.99833	864
11.00000	864
11.00167	864
11.00333	864
11.00500	865
11.00667	865
11.00833	866
11.01000	866
11.01167	866
11.01333	865
11.01500	865
11.01667	865
11.01833	865
11.02000	865
11.02167	866
11.02333	867
11.02500	867
11.02667	868
11.02833	868
11.03000	868
11.03167	868
11.03333	868
11.03500	868
11.03667	867
11.03833	865
11.04000	864
11.04167	863
11.04333	862
11.04500	861
11.04667	860
11.04833	860
11.05000	859
11.05167	860
11.05333	861
11.05500	862
11.05667	863
11.05833	864
11.06000	866
11.06167	867
11.06333	868
11.06500	869
11.06667	869
11.06833	869
11.07000	869
11.07167	868
11.07333	867
11.07500	867
11.07667	867
11.07833	868
11.08000	869
11.08167	870
11.08333	871
11.08500	872
11.08667	874
11.08833	875
11.09000	876
11.09167	876
11.09333	877
11.09500	876
11.09667	876
11.09833	876
11.10000	875
11.10167	875
11.10333	875
11.10500	875
11.10667	875
11.10833	875
11.11000	875
11.11167	875
11.11333	875
11.11500	874
11.11667	874
11.11833	874
11.12000	875
11.12167	875
11.12333	875
11.12500	876
11.12667	876
11.12833	876
11.13000	876
11.13167	876
11.13333	876
11.13500	876
11.13667	876
11.13833	876
11.14000	876
11.14167	876
11.14333	876
11.14500	877
11.14667	878
11.14833	879
11.15000	879
11.15167	879
11.15333	879
11.15500	879
11.15667	878
11.15833	878
11.16000	878
11.16167	879
11.16333	880
11.16500	881
11.16667	882
11.16833	883
11.17000	884
11.17167	885
11.17333	886
11.17500	887
11.17667	887
11.17833	887
11.18000	886
11.18167	885
11.18333	885
11.18500	885
11.18667	885
11.18833	884
11.19000	884
11.19167	884
11.19333	884
11.19500	884
11.19667	885
11.19833	885
11.20000	885
11.20167	885
11.20333	885
11.20500	885
11.20667	885
11.20833	885
11.21000	884
11.21167	884
11.21333	884
11.21500	884
11.21667	884
11.21833	884
11.22000	884
11.22167	885
11.22333	885
11.22500	885
11.22667	886
11.22833	886
11.23000	887
11.23167	887
11.23333	888
11.23500	889
11.23667	889
11.23833	890
11.24000	891
11.24167	892
11.24333	892
11.24500	893
11.24667	893
11.24833	894
11.25000	895
11.25167	895
11.25333	896
11.25500	896
11.25667	897
11.25833	897
11.26000	897
11.26167	897
11.26333	897
11.26500	897
11.26667	897
11.26833	897
11.27000	898
11.27167	898
11.27333	899
11.27500	899
11.27667	900
11.27833	901
11.28000	901
11.28167	902
11.28333	902
11.28500	903
11.28667	903
11.28833	903
11.29000	902
11.29167	902
11.29333	901
11.29500	900
11.29667	898
11.29833	897
11.30000	896
11.30167	895
11.30333	895
11.30500	894
11.30667	894
11.30833	894
11.31000	894
11.31167	894
11.31333	895
11.31500	895
11.31667	896
11.31833	896
11.32000	896
11.32167	896
11.32333	896
11.32500	896
11.32667	896
11.32833	897
11.33000	897
11.33167	898
11.33333	899
11.33500	899
11.33667	899
11.33833	900
11.34000	900
11.34167	900
11.34333	901
11.34500	901
11.34667	901
11.34833	901
11.35000	900
11.35167	900
11.35333	899
11.35500	899
11.35667	898
11.35833	898
11.36000	898
11.36167	899
11.36333	900
11.36500	901
11.36667	902
11.36833	903
11.37000	905
11.37167	906
11.37333	908
11.37500	908
11.37667	909
11.37833	909
11.38000	908
11.38167	908
11.38333	907
11.38500	906
11.38667	904
11.38833	903
11.39000	901
11.39167	900
11.39333	900
11.39500	901
11.39667	901
11.39833	903
11.40000	904
11.40167	905
11.40333	906
11.40500	907
11.40667	908
11.40833	908
11.41000	909
11.41167	909
11.41333	909
11.41500	910
11.41667	910
11.41833	911
11.42000	912
11.42167	913
11.42333	914
11.42500	914
11.42667	914
11.42833	914
11.43000	912
11.43167	911
11.43333	910
11.43500	909
11.43667	908
11.43833	907
11.44000	907
11.44167	906
11.44333	906
11.44500	905
11.44667	905
11.44833	905
11.45000	905
11.45167	905
11.45333	905
11.45500	905
11.45667	905
11.45833	905
11.46000	905
11.46167	904
11.46333	903
11.46500	902
11.46667	901
11.46833	900
11.47000	900
11.47167	899
11.47333	899
11.47500	900
11.47667	900
11.47833	902
11.48000	904
11.48167	906
11.48333	907
11.48500	908
11.48667	909
11.48833	910
11.49000	910
11.49167	910
11.49333	910
11.49500	909
11.49667	908
11.49833	907
11.50000	905
11.50167	904
11.50333	903
11.50500	901
11.50667	899
11.50833	898
11.51000	898
11.51167	898
11.51333	898
11.51500	899
11.51667	900
11.51833	902
11.52000	904
11.52167	906
11.52333	908
11.52500	910
11.52667	911
11.52833	912
11.53000	913
11.53167	913
11.53333	913
11.53500	912
11.53667	911
11.53833	909
11.54000	907
11.54167	906
11.54333	905
11.54500	905
11.54667	905
11.54833	905
11.55000	906
11.55167	906
11.55333	907
11.55500	909
11.55667	909
11.55833	910
11.56000	910
11.56167	910
11.56333	909
11.56500	909
11.56667	908
11.56833	908
11.57000	908
11.57167	907
11.57333	907
11.57500	907
11.57667	907
11.57833	907
11.58000	907
11.58167	907
11.58333	906
11.58500	906
11.58667	907
11.58833	907
11.59000	908
11.59167	909
11.59333	910
11.59500	912
11.59667	914
11.59833	916
11.60000	916
11.60167	917
11.60333	916
11.60500	915
11.60667	914
11.60833	914
11.61000	913
11.61167	912
11.61333	912
11.61500	912
11.61667	912
11.61833	911
11.62000	911
11.62167	911
11.62333	910
11.62500	910
11.62667	909
11.62833	908
11.63000	908
11.63167	907
11.63333	907
11.63500	907
11.63667	908
11.63833	909
11.64000	911
11.64167	912
11.64333	912
11.64500	912
11.64667	912
11.64833	912
11.65000	912
11.65167	912
11.65333	912
11.65500	912
11.65667	912
11.65833	911
11.66000	911
11.66167	911
11.66333	912
11.66500	912
11.66667	912
11.66833	912
11.67000	911
11.67167	911
11.67333	910
11.67500	910
11.67667	910
11.67833	910
11.68000	910
11.68167	911
11.68333	911
11.68500	912
11.68667	913
11.68833	914
11.69000	915
11.69167	916
11.69333	916
11.69500	916
11.69667	915
11.69833	915
11.70000	914
11.70167	914
11.70333	913
11.70500	913
11.70667	912
11.70833	912
11.71000	912
11.71167	913
11.71333	914
11.71500	915
11.71667	916
11.71833	917
11.72000	917
11.72167	917
11.72333	917
11.72500	917
11.72667	916
11.72833	916
11.73000	915
11.73167	914
11.73333	914
11.73500	914
11.73667	914
11.73833	914
11.74000	914
11.74167	914
11.74333	914
11.74500	913
11.74667	913
11.74833	912
11.75000	911
11.75167	910
11.75333	909
11.75500	907
11.75667	906
11.75833	905
11.76000	904
11.76167	904
11.76333	904
11.76500	904
11.76667	904
11.76833	905
11.77000	907
11.77167	909
11.77333	911
11.77500	913
11.77667	914
11.77833	915
11.78000	915
11.78167	915
11.78333	915
11.78500	914
11.78667	913
11.78833	912
11.79000	911
11.79167	910
11.79333	910
11.79500	911
11.79667	912
11.79833	913
11.80000	913
11.80167	914
11.80333	914
11.80500	915
11.80667	915
11.80833	914
11.81000	913
11.81167	912
11.81333	910
11.81500	908
11.81667	907
11.81833	907
11.82000	907
11.82167	908
11.82333	909
11.82500	910
11.82667	911
11.82833	911
11.83000	912
11.83167	912
11.83333	913
11.83500	913
11.83667	913
11.83833	913
11.84000	912
11.84167	912
11.84333	912
11.84500	912
11.84667	913
11.84833	913
11.85000	913
11.85167	913
11.85333	912
11.85500	911
11.85667	910
11.85833	909
11.86000	908
11.86167	908
11.86333	908
11.86500	908
11.86667	909
11.86833	909
11.87000	908
11.87167	908
11.87333	908
11.87500	907
11.87667	907
11.87833	906
11.88000	906
11.88167	905
11.88333	906
11.88500	906
11.88667	907
11.88833	907
11.89000	908
11.89167	909
11.89333	909
11.89500	910
11.89667	910
11.89833	910
11.90000	910
11.90167	910
11.90333	910
11.90500	909
11.90667	908
11.90833	908
11.91000	907
11.91167	907
11.91333	907
11.91500	907
11.91667	907
11.91833	907
11.92000	907
11.92167	907
11.92333	907
11.92500	907
11.92667	907
11.92833	906
11.93000	905
11.93167	904
11.93333	903
11.93500	902
11.93667	902
11.93833	902
11.94000	902
11.94167	903
11.94333	903
11.94500	903
11.94667	903
11.94833	903
11.95000	903
11.95167	903
11.95333	903
11.95500	903
11.95667	903
11.95833	903
11.96000	903
11.96167	903
11.96333	904
11.96500	904
11.96667	904
11.96833	905
11.97000	905
11.97167	905
11.97333	904
11.97500	904
11.97667	904
11.97833	903
11.98000	903
11.98167	902
11.98333	902
11.98500	902
11.98667	902
11.98833	901
11.99000	901
11.99167	901
11.99333	901
11.99500	901
11.99667	901
11.99833	901
12.00000	901
12.00167	901
12.00333	901
12.00500	901
12.00667	901
12.00833	900
12.01000	900
12.01167	900
12.01333	900
12.01500	899
12.01667	899
12.01833	898
12.02000	897
12.02167	897
12.02333	896
12.02500	895
12.02667	895
12.02833	895
12.03000	895
12.03167	896
12.03333	896
12.03500	896
12.03667	897
12.03833	897
12.04000	897
12.04167	898
12.04333	899
12.04500	900
12.04667	901
12.04833	902
12.05000	903
12.05167	904
12.05333	905
12.05500	906
12.05667	907
12.05833	907
12.06000	907
12.06167	906
12.06333	904
12.06500	902
12.06667	901
12.06833	900
12.07000	898
12.07167	897
12.07333	896
12.07500	895
12.07667	894
12.07833	893
12.08000	892
12.08167	891
12.08333	891
12.08500	890
12.08667	890
12.08833	890
12.09000	889
12.09167	889
12.09333	889
12.09500	889
12.09667	890
12.09833	890
12.10000	890
12.10167	890
12.10333	890
12.10500	890
12.10667	890
12.10833	889
12.11000	889
12.11167	888
12.11333	888
12.11500	888
12.11667	888
12.11833	888
12.12000	888
12.12167	889
12.12333	890
12.12500	891
12.12667	892
12.12833	893
12.13000	895
12.13167	896
12.13333	897
12.13500	898
12.13667	898
12.13833	898
12.14000	897
12.14167	896
12.14333	895
12.14500	894
12.14667	893
12.14833	891
12.15000	890
12.15167	890
12.15333	889
12.15500	889
12.15667	890
12.15833	890
12.16000	890
12.16167	890
12.16333	890
12.16500	890
12.16667	890
12.16833	889
12.17000	889
12.17167	889
12.17333	889
12.17500	888
12.17667	887
12.17833	886
12.18000	885
12.18167	884
12.18333	884
12.18500	884
12.18667	884
12.18833	885
12.19000	886
12.19167	887
12.19333	888
12.19500	890
12.19667	892
12.19833	893
12.20000	894
12.20167	895
12.20333	894
12.20500	894
12.20667	893
12.20833	892
12.21000	891
12.21167	890
12.21333	890
12.21500	889
12.21667	888
12.21833	888
12.22000	887
12.22167	887
12.22333	887
12.22500	887
12.22667	887
12.22833	887
12.23000	888
12.23167	888
12.23333	889
12.23500	891
12.23667	892
12.23833	894
12.24000	895
12.24167	896
12.24333	896
12.24500	896
12.24667	895
12.24833	894
12.25000	893
12.25167	891
12.25333	890
12.25500	889
12.25667	887
12.25833	887
12.26000	887
12.26167	888
12.26333	889
12.26500	890
12.26667	892
12.26833	892
12.27000	893
12.27167	893
12.27333	893
12.27500	893
12.27667	892
12.27833	892
12.28000	892
12.28167	892
12.28333	892
12.28500	893
12.28667	894
12.28833	895
12.29000	897
12.29167	897
12.29333	898
12.29500	897
12.29667	897
12.29833	896
12.30000	895
12.30167	894
12.30333	894
12.30500	894
12.30667	893
12.30833	893
12.31000	892
12.31167	892
12.31333	891
12.31500	891
12.31667	890
12.31833	889
12.32000	888
12.32167	887
12.32333	886
12.32500	885
12.32667	885
12.32833	885
12.33000	885
12.33167	886
12.33333	887
12.33500	887
12.33667	888
12.33833	888
12.34000	889
12.34167	889
12.34333	888
12.34500	888
12.34667	887
12.34833	886
12.35000	886
12.35167	885
12.35333	885
12.35500	885
12.35667	885
12.35833	886
12.36000	886
12.36167	886
12.36333	887
12.36500	887
12.36667	886
12.36833	886
12.37000	885
12.37167	884
12.37333	883
12.37500	882
12.37667	882
12.37833	883
12.38000	884
12.38167	885
12.38333	886
12.38500	887
12.38667	888
12.38833	888
12.39000	889
12.39167	889
12.39333	889
12.39500	889
12.39667	889
12.39833	889
12.40000	889
12.40167	889
12.40333	889
12.40500	889
12.40667	889
12.40833	888
12.41000	888
12.41167	888
12.41333	887
12.41500	887
12.41667	886
12.41833	886
12.42000	885
12.42167	885
12.42333	885
12.42500	884
12.42667	884
12.42833	884
12.43000	884
12.43167	884
12.43333	884
12.43500	884
12.43667	885
12.43833	886
12.44000	888
12.44167	888
12.44333	888
12.44500	888
12.44667	887
12.44833	886
12.45000	885
12.45167	884
12.45333	882
12.45500	880
12.45667	879
12.45833	877
12.46000	877
12.46167	877
12.46333	877
12.46500	878
12.46667	878
12.46833	879
12.47000	879
12.47167	880
12.47333	881
12.47500	881
12.47667	881
12.47833	881
12.48000	880
12.48167	880
12.48333	880
12.48500	879
12.48667	880
12.48833	880
12.49000	880
12.49167	881
12.49333	883
12.49500	884
12.49667	886
12.49833	888
12.50000	889
12.50167	890
12.50333	890
12.50500	890
12.50667	889
12.50833	888
12.51000	888
12.51167	887
12.51333	885
12.51500	884
12.51667	884
12.51833	883
12.52000	883
12.52167	883
12.52333	883
12.52500	883
12.52667	883
12.52833	883
12.53000	883
12.53167	882
12.53333	882
12.53500	883
12.53667	883
12.53833	884
12.54000	885
12.54167	886
12.54333	887
12.54500	888
12.54667	889
12.54833	891
12.55000	891
12.55167	892
12.55333	892
12.55500	891
12.55667	891
12.55833	891
12.56000	891
12.56167	891
12.56333	890
12.56500	890
12.56667	890
12.56833	891
12.57000	891
12.57167	892
12.57333	893
12.57500	894
12.57667	894
12.57833	894
12.58000	894
12.58167	894
12.58333	894
12.58500	893
12.58667	893
12.58833	893
12.59000	893
12.59167	893
12.59333	893
12.59500	892
12.59667	891
12.59833	890
12.60000	889
12.60167	888
12.60333	886
12.60500	884
12.60667	882
12.60833	881
12.61000	881
12.61167	881
12.61333	881
12.61500	882
12.61667	883
12.61833	883
12.62000	884
12.62167	886
12.62333	887
12.62500	888
12.62667	888
12.62833	889
12.63000	889
12.63167	889
12.63333	889
12.63500	889
12.63667	889
12.63833	889
12.64000	889
12.64167	890
12.64333	890
12.64500	891
12.64667	892
12.64833	892
12.65000	893
12.65167	893
12.65333	893
12.65500	893
12.65667	893
12.65833	892
12.66000	891
12.66167	890
12.66333	889
12.66500	887
12.66667	885
12.66833	884
12.67000	883
12.67167	881
12.67333	880
12.67500	879
12.67667	880
12.67833	881
12.68000	882
12.68167	884
12.68333	885
12.68500	886
12.68667	888
12.68833	889
12.69000	890
12.69167	890
12.69333	890
12.69500	888
12.69667	887
12.69833	885
12.70000	883
12.70167	882
12.70333	882
12.70500	882
12.70667	881
12.70833	881
12.71000	882
12.71167	882
12.71333	882
12.71500	883
12.71667	883
12.71833	883
12.72000	883
12.72167	882
12.72333	882
12.72500	882
12.72667	882
12.72833	882
12.73000	882
12.73167	883
12.73333	883
12.73500	882
12.73667	881
12.73833	880
12.74000	880
12.74167	879
12.74333	879
12.74500	879
12.74667	879
12.74833	880
12.75000	881
12.75167	881
12.75333	882
12.75500	883
12.75667	884
12.75833	885
12.76000	885
12.76167	885
12.76333	885
12.76500	885
12.76667	884
12.76833	884
12.77000	884
12.77167	883
12.77333	883
12.77500	883
12.77667	882
12.77833	882
12.78000	881
12.78167	881
12.78333	880
12.78500	881
12.78667	881
12.78833	882
12.79000	883
12.79167	884
12.79333	885
12.79500	885
12.79667	885
12.79833	885
12.80000	885
12.80167	885
12.80333	884
12.80500	884
12.80667	883
12.80833	883
12.81000	882
12.81167	882
12.81333	882
12.81500	882
12.81667	882
12.81833	882
12.82000	882
12.82167	882
12.82333	881
12.82500	881
12.82667	882
12.82833	882
12.83000	883
12.83167	884
12.83333	885
12.83500	885
12.83667	886
12.83833	888
12.84000	889
12.84167	889
12.84333	890
12.84500	891
12.84667	892
12.84833	893
12.85000	893
12.85167	894
12.85333	894
12.85500	894
12.85667	894
12.85833	894
12.86000	893
12.86167	892
12.86333	891
12.86500	890
12.86667	889
12.86833	889
12.87000	889
12.87167	889
12.87333	889
12.87500	889
12.87667	888
12.87833	888
12.88000	887
12.88167	887
12.88333	886
12.88500	885
12.88667	885
12.88833	884
12.89000	884
12.89167	884
12.89333	884
12.89500	885
12.89667	886
12.89833	887
12.90000	888
12.90167	888
12.90333	888
12.90500	888
12.90667	888
12.90833	887
12.91000	887
12.91167	886
12.91333	885
12.91500	885
12.91667	885
12.91833	886
12.92000	887
12.92167	889
12.92333	892
12.92500	893
12.92667	895
12.92833	895
12.93000	896
12.93167	896
12.93333	896
12.93500	895
12.93667	894
12.93833	892
12.94000	891
12.94167	890
12.94333	889
12.94500	889
12.94667	888
12.94833	888
12.95000	887
12.95167	886
12.95333	885
12.95500	884
12.95667	882
12.95833	881
12.96000	880
12.96167	880
12.96333	879
12.96500	878
12.96667	878
12.96833	878
12.97000	878
12.97167	879
12.97333	880
12.97500	881
12.97667	882
12.97833	883
12.98000	884
12.98167	885
12.98333	886
12.98500	887
12.98667	888
12.98833	888
12.99000	889
12.99167	889
12.99333	889
12.99500	889
12.99667	889
12.99833	888
13.00000	888
13.00167	887
13.00333	886
13.00500	885
13.00667	884
13.00833	884
13.01000	883
13.01167	883
13.01333	883
13.01500	883
13.01667	883
13.01833	883
13.02000	882
13.02167	882
13.02333	881
13.02500	881
13.02667	881
13.02833	881
13.03000	882
13.03167	883
13.03333	884
13.03500	885
13.03667	886
13.03833	888
13.04000	889
13.04167	889
13.04333	890
13.04500	890
13.04667	889
13.04833	889
13.05000	888
13.05167	887
13.05333	887
13.05500	886
13.05667	886
13.05833	886
13.06000	886
13.06167	886
13.06333	886
13.06500	887
13.06667	888
13.06833	889
13.07000	890
13.07167	891
13.07333	892
13.07500	893
13.07667	894
13.07833	895
13.08000	895
13.08167	896
13.08333	895
13.08500	895
13.08667	894
13.08833	893
13.09000	892
13.09167	891
13.09333	890
13.09500	889
13.09667	888
13.09833	887
13.10000	887
13.10167	887
13.10333	887
13.10500	888
13.10667	889
13.10833	890
13.11000	890
13.11167	891
13.11333	891
13.11500	891
13.11667	891
13.11833	891
13.12000	890
13.12167	889
13.12333	889
13.12500	888
13.12667	887
13.12833	886
13.13000	885
13.13167	884
13.13333	882
13.13500	881
13.13667	880
13.13833	879
13.14000	878
13.14167	878
13.14333	878
13.14500	879
13.14667	880
13.14833	882
13.15000	883
13.15167	884
13.15333	885
13.15500	885
13.15667	886
13.15833	887
13.16000	887
13.16167	888
13.16333	889
13.16500	890
13.16667	891
13.16833	891
13.17000	892
13.17167	892
13.17333	893
13.17500	893
13.17667	893
13.17833	892
13.18000	892
13.18167	891
13.18333	890
13.18500	889
13.18667	889
13.18833	888
13.19000	887
13.19167	886
13.19333	885
13.19500	884
13.19667	883
13.19833	881
13.20000	881
13.20167	880
13.20333	880
13.20500	879
13.20667	879
13.20833	879
13.21000	880
13.21167	881
13.21333	882
13.21500	883
13.21667	884
13.21833	884
13.22000	884
13.22167	884
13.22333	884
13.22500	883
13.22667	883
13.22833	883
13.23000	883
13.23167	883
13.23333	884
13.23500	884
13.23667	885
13.23833	885
13.24000	886
13.24167	886
13.24333	886
13.24500	887
13.24667	887
13.24833	887
13.25000	887
13.25167	887
13.25333	887
13.25500	887
13.25667	887
13.25833	888
13.26000	888
13.26167	888
13.26333	888
13.26500	888
13.26667	887
13.26833	887
13.27000	887
13.27167	886
13.27333	886
13.27500	885
13.27667	885
13.27833	885
13.28000	884
13.28167	884
13.28333	883
13.28500	882
13.28667	882
13.28833	880
13.29000	879
13.29167	879
13.29333	878
13.29500	877
13.29667	877
13.29833	876
13.30000	876
13.30167	876
13.30333	877
13.30500	878
13.30667	878
13.30833	879
13.31000	879
13.31167	879
13.31333	880
13.31500	880
13.31667	880
13.31833	881
13.32000	881
13.32167	882
13.32333	883
13.32500	884
13.32667	885
13.32833	885
13.33000	886
13.33167	886
13.33333	887
13.33500	887
13.33667	887
13.33833	888
13.34000	888
13.34167	888
13.34333	888
13.34500	888
13.34667	888
13.34833	889
13.35000	889
13.35167	888
13.35333	888
13.35500	888
13.35667	887
13.35833	887
13.36000	887
13.36167	887
13.36333	887
13.36500	887
13.36667	887
13.36833	888
13.37000	888
13.37167	888
13.37333	888
13.37500	888
13.37667	888
13.37833	888
13.38000	887
13.38167	886
13.38333	886
13.38500	885
13.38667	884
13.38833	884
13.39000	883
13.39167	882
13.39333	882
13.39500	882
13.39667	883
13.39833	883
13.40000	884
13.40167	886
13.40333	887
13.40500	889
13.40667	891
13.40833	893
13.41000	894
13.41167	894
13.41333	895
13.41500	895
13.41667	895
13.41833	895
13.42000	894
13.42167	892
13.42333	891
13.42500	890
13.42667	889
13.42833	889
13.43000	889
13.43167	889
13.43333	889
13.43500	889
13.43667	889
13.43833	889
13.44000	888
13.44167	888
13.44333	887
13.44500	886
13.44667	884
13.44833	883
13.45000	882
13.45167	881
13.45333	881
13.45500	881
13.45667	881
13.45833	881
13.46000	881
13.46167	881
13.46333	880
13.46500	880
13.46667	880
13.46833	880
13.47000	880
13.47167	881
13.47333	881
13.47500	882
13.47667	883
13.47833	885
13.48000	887
13.48167	889
13.48333	890
13.48500	890
13.48667	890
13.48833	890
13.49000	890
13.49167	889
13.49333	888
13.49500	888
13.49667	887
13.49833	886
13.50000	885
13.50167	885
13.50333	884
13.50500	884
13.50667	883
13.50833	883
13.51000	883
13.51167	883
13.51333	884
13.51500	885
13.51667	885
13.51833	886
13.52000	886
13.52167	886
13.52333	887
13.52500	887
13.52667	886
13.52833	886
13.53000	885
13.53167	884
13.53333	884
13.53500	884
13.53667	884
13.53833	885
13.54000	885
13.54167	886
13.54333	887
13.54500	889
13.54667	890
13.54833	892
13.55000	893
13.55167	894
13.55333	894
13.55500	895
13.55667	895
13.55833	895
13.56000	895
13.56167	894
13.56333	894
13.56500	893
13.56667	892
13.56833	891
13.57000	890
13.57167	888
13.57333	887
13.57500	886
13.57667	885
13.57833	884
13.58000	884
13.58167	884
13.58333	884
13.58500	884
13.58667	886
13.58833	887
13.59000	888
13.59167	889
13.59333	889
13.59500	888
13.59667	887
13.59833	886
13.60000	885
13.60167	884
13.60333	883
13.60500	882
13.60667	882
13.60833	881
13.61000	881
13.61167	881
13.61333	881
13.61500	881
13.61667	881
13.61833	881
13.62000	881
13.62167	882
13.62333	883
13.62500	884
13.62667	885
13.62833	885
13.63000	886
13.63167	887
13.63333	887
13.63500	887
13.63667	886
13.63833	885
13.64000	884
13.64167	883
13.64333	883
13.64500	883
13.64667	883
13.64833	883
13.65000	883
13.65167	883
13.65333	883
13.65500	883
13.65667	883
13.65833	882
13.66000	881
13.66167	879
13.66333	877
13.66500	875
13.66667	874
13.66833	874
13.67000	874
13.67167	874
13.67333	875
13.67500	876
13.67667	877
13.67833	879
13.68000	880
13.68167	882
13.68333	883
13.68500	884
13.68667	885
13.68833	885
13.69000	885
13.69167	886
13.69333	886
13.69500	887
13.69667	888
13.69833	889
13.70000	889
13.70167	889
13.70333	888
13.70500	887
13.70667	885
13.70833	884
13.71000	883
13.71167	881
13.71333	880
13.71500	879
13.71667	879
13.71833	879
13.72000	881
13.72167	882
13.72333	884
13.72500	886
13.72667	887
13.72833	888
13.73000	889
13.73167	889
13.73333	890
13.73500	890
13.73667	889
13.73833	888
13.74000	887
13.74167	886
13.74333	886
13.74500	885
13.74667	885
13.74833	884
13.75000	884
13.75167	884
13.75333	885
13.75500	886
13.75667	887
13.75833	888
13.76000	888
13.76167	889
13.76333	889
13.76500	889
13.76667	889
13.76833	889
13.77000	889
13.77167	889
13.77333	889
13.77500	888
13.77667	888
13.77833	887
13.78000	885
13.78167	884
13.78333	883
13.78500	881
13.78667	880
13.78833	878
13.79000	877
13.79167	876
13.79333	876
13.79500	876
13.79667	877
13.79833	878
13.80000	879
13.80167	879
13.80333	880
13.80500	881
13.80667	882
13.80833	883
13.81000	883
13.81167	883
13.81333	883
13.81500	883
13.81667	882
13.81833	882
13.82000	883
13.82167	883
13.82333	883
13.82500	884
13.82667	885
13.82833	885
13.83000	886
13.83167	887
13.83333	888
13.83500	888
13.83667	888
13.83833	888
13.84000	888
13.84167	887
13.84333	886
13.84500	885
13.84667	884
13.84833	883
13.85000	882
13.85167	881
13.85333	881
13.85500	881
13.85667	881
13.85833	881
13.86000	882
13.86167	883
13.86333	884
13.86500	885
13.86667	885
13.86833	885
13.87000	885
13.87167	884
13.87333	883
13.87500	882
13.87667	881
13.87833	881
13.88000	881
13.88167	881
13.88333	881
13.88500	881
13.88667	881
13.88833	881
13.89000	881
13.89167	881
13.89333	880
13.89500	880
13.89667	879
13.89833	879
13.90000	879
13.90167	879
13.90333	880
13.90500	881
13.90667	882
13.90833	884
13.91000	884
13.91167	885
13.91333	886
13.91500	887
13.91667	887
13.91833	887
13.92000	887
13.92167	887
13.92333	886
13.92500	885
13.92667	885
13.92833	884
13.93000	882
13.93167	881
13.93333	881
13.93500	880
13.93667	880
13.93833	880
13.94000	880
13.94167	881
13.94333	881
13.94500	882
13.94667	883
13.94833	884
13.95000	884
13.95167	885
13.95333	885
13.95500	885
13.95667	885
13.95833	885
13.96000	885
13.96167	885
13.96333	885
13.96500	885
13.96667	885
13.96833	885
13.97000	885
13.97167	884
13.97333	884
13.97500	883
13.97667	882
13.97833	881
13.98000	880
13.98167	878
13.98333	878
13.98500	877
13.98667	877
13.98833	878
13.99000	879
13.99167	879
13.99333	880
13.99500	881
13.99667	882
13.99833	883
14.00000	883
14.00167	883
14.00333	883
14.00500	882
14.00667	880
14.00833	880
14.01000	879
14.01167	879
14.01333	879
14.01500	880
14.01667	881
14.01833	882
14.02000	884
14.02167	886
14.02333	887
14.02500	889
14.02667	890
14.02833	890
14.03000	891
14.03167	891
14.03333	891
14.03500	891
14.03667	890
14.03833	889
14.04000	888
14.04167	887
14.04333	886
14.04500	885
14.04667	885
14.04833	884
14.05000	884
14.05167	883
14.05333	883
14.05500	883
14.05667	883
14.05833	883
14.06000	883
14.06167	883
14.06333	883
14.06500	882
14.06667	882
14.06833	882
14.07000	881
14.07167	881
14.07333	881
14.07500	881
14.07667	881
14.07833	881
14.08000	881
14.08167	882
14.08333	882
14.08500	883
14.08667	884
14.08833	884
14.09000	885
14.09167	885
14.09333	886
14.09500	886
14.09667	886
14.09833	885
14.10000	884
14.10167	884
14.10333	883
14.10500	882
14.10667	881
14.10833	880
14.11000	880
14.11167	879
14.11333	879
14.11500	879
14.11667	879
14.11833	880
14.12000	881
14.12167	883
14.12333	884
14.12500	885
14.12667	886
14.12833	887
14.13000	888
14.13167	888
14.13333	889
14.13500	889
14.13667	889
14.13833	888
14.14000	888
14.14167	887
14.14333	886
14.14500	885
14.14667	884
14.14833	883
14.15000	883
14.15167	883
14.15333	883
14.15500	884
14.15667	884
14.15833	885
14.16000	885
14.16167	886
14.16333	887
14.16500	887
14.16667	888
14.16833	888
14.17000	888
14.17167	887
14.17333	887
14.17500	886
14.17667	886
14.17833	885
14.18000	884
14.18167	884
14.18333	883
14.18500	882
14.18667	882
14.18833	881
14.19000	881
14.19167	881
14.19333	880
14.19500	880
14.19667	880
14.19833	880
14.20000	880
14.20167	881
14.20333	882
14.20500	883
14.20667	884
14.20833	885
14.21000	886
14.21167	886
14.21333	886
14.21500	886
14.21667	886
14.21833	885
14.22000	884
14.22167	882
14.22333	881
14.22500	880
14.22667	880
14.22833	880
14.23000	881
14.23167	882
14.23333	882
14.23500	883
14.23667	884
14.23833	885
14.24000	885
14.24167	886
14.24333	885
14.24500	885
14.24667	884
14.24833	882
14.25000	882
14.25167	881
14.25333	881
14.25500	881
14.25667	881
14.25833	882
14.26000	881
14.26167	881
14.26333	880
14.26500	879
14.26667	878
14.26833	876
14.27000	875
14.27167	873
14.27333	871
14.27500	870
14.27667	868
14.27833	867
14.28000	866
14.28167	865
14.28333	864
14.28500	863
14.28667	863
14.28833	862
14.29000	861
14.29167	860
14.29333	859
14.29500	858
14.29667	857
14.29833	855
14.30000	853
14.30167	851
14.30333	848
14.30500	844
14.30667	841
14.30833	837
14.31000	834
14.31167	831
14.31333	827
14.31500	823
14.31667	819
14.31833	815
14.32000	811
14.32167	806
14.32333	802
14.32500	797
14.32667	792
14.32833	786
14.33000	779
14.33167	772
14.33333	765
14.33500	759
14.33667	751
14.33833	743
14.34000	735
14.34167	727
14.34333	719
14.34500	711
14.34667	701
14.34833	691
14.35000	681
14.35167	671
14.35333	659
14.35500	646
14.35667	632
14.35833	620
14.36000	607
14.36167	593
14.36333	577
14.36500	561
14.36667	545
14.36833	529
14.37000	511
14.37167	490
14.37333	468
14.37500	446
14.37667	423
14.37833	397
14.38000	367
14.38167	337
14.38333	309
14.38500	281
14.38667	252
14.38833	220
14.39000	188
14.39167	159
14.39333	131
14.39500	101
14.39667	69
14.39833	37
14.40000	8
14.40167	-19
14.40333	-48
14.40500	-80
14.40667	-110
14.40833	-138
14.41000	-165
14.41167	-193
14.41333	-223
14.41500	-253
14.41667	-281
14.41833	-308
14.42000	-337
14.42167	-369
14.42333	-400
14.42500	-429
14.42667	-456
14.42833	-485
14.43000	-517
14.43167	-547
14.43333	-572
14.43500	-594
14.43667	-615
14.43833	-636
14.44000	-655
14.44167	-668
14.44333	-677
14.44500	-684
14.44667	-689
14.44833	-692
14.45000	-693
14.45167	-692
14.45333	-688
14.45500	-684
14.45667	-678
14.45833	-672
14.46000	-664
14.46167	-656
14.46333	-647
14.46500	-637
14.46667	-628
14.46833	-618
14.47000	-607
14.47167	-596
14.47333	-583
14.47500	-571
14.47667	-559
14.47833	-546
14.48000	-530
14.48167	-515
14.48333	-500
14.48500	-486
14.48667	-471
14.48833	-453
14.49000	-437
14.49167	-422
14.49333	-407
14.49500	-392
14.49667	-376
14.49833	-360
14.50000	-346
14.50167	-332
14.50333	-318
14.50500	-302
14.50667	-286
14.50833	-272
14.51000	-259
14.51167	-246
14.51333	-231
14.51500	-217
14.51667	-205
14.51833	-193
14.52000	-182
14.52167	-170
14.52333	-159
14.52500	-149
14.52667	-139
14.52833	-129
14.53000	-118
14.53167	-108
14.53333	-98
14.53500	-88
14.53667	-78
14.53833	-67
14.54000	-56
14.54167	-47
14.54333	-37
14.54500	-28
14.54667	-18
14.54833	-8
14.55000	1
14.55167	10
14.55333	20
14.55500	30
14.55667	40
14.55833	49
14.56000	58
14.56167	67
14.56333	77
14.56500	86
14.56667	94
14.56833	102
14.57000	111
14.57167	120
14.57333	129
14.57500	137
14.57667	145
14.57833	154
14.58000	164
14.58167	173
14.58333	182
14.58500	189
14.58667	198
14.58833	206
14.59000	215
14.59167	223
14.59333	231
14.59500	239
14.59667	248
14.59833	257
14.60000	266
14.60167	274
14.60333	282
14.60500	291
14.60667	299
14.60833	307
14.61000	314
14.61167	322
14.61333	330
14.61500	337
14.61667	344
14.61833	351
14.62000	358
14.62167	365
14.62333	373
14.62500	379
14.62667	386
14.62833	393
14.63000	400
14.63167	407
14.63333	414
14.63500	421
14.63667	428
14.63833	436
14.64000	444
14.64167	451
14.64333	457
14.64500	464
14.64667	471
14.64833	478
14.65000	484
14.65167	490
14.65333	496
14.65500	502
14.65667	508
14.65833	513
14.66000	518
14.66167	522
14.66333	527
14.66500	532
14.66667	537
14.66833	541
14.67000	546
14.67167	551
14.67333	556
14.67500	561
14.67667	566
14.67833	570
14.68000	576
14.68167	580
14.68333	585
14.68500	589
14.68667	593
14.68833	597
14.69000	602
14.69167	606
14.69333	610
14.69500	615
14.69667	620
14.69833	624
14.70000	628
14.70167	632
14.70333	636
14.70500	640
14.70667	644
14.70833	646
14.71000	648
14.71167	650
14.71333	651
14.71500	652
14.71667	653
14.71833	653
14.72000	652
14.72167	652
14.72333	651
14.72500	651
14.72667	651
14.72833	651
14.73000	652
14.73167	654
14.73333	655
14.73500	657
14.73667	660
14.73833	662
14.74000	665
14.74167	666
14.74333	667
14.74500	667
14.74667	666
14.74833	665
14.75000	664
14.75167	662
14.75333	661
14.75500	659
14.75667	657
14.75833	655
14.76000	654
14.76167	653
14.76333	652
14.76500	651
14.76667	651
14.76833	650
14.77000	648
14.77167	647
14.77333	646
14.77500	645
14.77667	644
14.77833	643
14.78000	641
14.78167	640
14.78333	638
14.78500	636
14.78667	634
14.78833	631
14.79000	628
14.79167	625
14.79333	623
14.79500	621
14.79667	619
14.79833	617
14.80000	615
14.80167	614
14.80333	612
14.80500	610
14.80667	609
14.80833	607
14.81000	607
14.81167	606
14.81333	605
14.81500	605
14.81667	605
14.81833	605
14.82000	605
14.82167	605
14.82333	606
14.82500	606
14.82667	607
14.82833	607
14.83000	608
14.83167	609
14.83333	610
14.83500	612
14.83667	614
14.83833	616
14.84000	618
14.84167	619
14.84333	621
14.84500	622
14.84667	623
14.84833	624
14.85000	625
14.85167	625
14.85333	625
14.85500	625
14.85667	626
14.85833	626
14.86000	627
14.86167	629
14.86333	630
14.86500	632
14.86667	634
14.86833	636
14.87000	638
14.87167	641
14.87333	644
14.87500	646
14.87667	648
14.87833	650
14.88000	653
14.88167	655
14.88333	658
14.88500	661
14.88667	664
14.88833	669
14.89000	673
14.89167	678
14.89333	682
14.89500	688
14.89667	693
14.89833	699
14.90000	703
14.90167	707
14.90333	711
14.90500	714
14.90667	718
14.90833	721
14.91000	724
14.91167	727
14.91333	730
14.91500	734
14.91667	737
14.91833	740
14.92000	743
14.92167	747
14.92333	751
14.92500	754
14.92667	758
14.92833	761
14.93000	765
14.93167	769
14.93333	773
14.93500	776
14.93667	780
14.93833	785
14.94000	789
14.94167	792
14.94333	795
14.94500	797
14.94667	800
14.94833	802
14.95000	803
14.95167	804
14.95333	805
14.95500	806
14.95667	806
14.95833	808
14.96000	809
14.96167	810
14.96333	812
14.96500	814
14.96667	815
14.96833	816
14.97000	817
14.97167	818
14.97333	818
14.97500	819
14.97667	819
14.97833	819
14.98000	819
14.98167	820
14.98333	820
14.98500	820
14.98667	820
14.98833	820
14.99000	820
14.99167	819
14.99333	818
14.99500	817
14.99667	816
14.99833	815
15.00000	814

[LC Status Trace(Pump A Pressure)]
Interval(msec)	1000
# of Points	901
Start Time(min)	0.000
End Time(min)	15.000
Intensity Units	bar
Intensity Multiplier	0.980665
R.Time (min)	Intensity
0.00000	113.1
0.01667	113.1
0.03333	110.5
0.05000	113.8
0.06667	114.3
0.08333	114.7
0.10000	115.6
0.11667	115.5
0.13333	115.7
0.15000	116.2
0.16667	116.3
0.18333	116.8
0.20000	116.6
0.21667	117.1
0.23333	116.7
0.25000	117.1
0.26667	116.9
0.28333	116.6
0.30000	116.9
0.31667	116.5
0.33333	116.9
0.35000	116.4
0.36667	116.5
0.38333	116.7
0.40000	116.8
0.41667	116.8
0.43333	116.6
0.45000	117.0
0.46667	116.8
0.48333	117.1
0.50000	116.7
0.51667	116.7
0.53333	117.1
0.55000	116.7
0.56667	117.1
0.58333	116.6
0.60000	116.9
0.61667	116.9
0.63333	116.7
0.65000	116.7
0.66667	116.6
0.68333	117.1
0.70000	116.6
0.71667	116.9
0.73333	117.0
0.75000	117.1
0.76667	116.9
0.78333	116.7
0.80000	117.0
0.81667	116.7
0.83333	117.0
0.85000	116.6
0.86667	116.7
0.88333	117.0
0.90000	116.4
0.91667	117.0
0.93333	116.6
0.95000	116.9
0.96667	116.9
0.98333	116.7
1.00000	116.6
1.01667	116.6
1.03333	116.9
1.05000	116.6
1.06667	117.0
1.08333	116.9
1.10000	117.0
1.11667	116.9
1.13333	116.6
1.15000	116.9
1.16667	116.7
1.18333	117.0
1.20000	116.6
1.21667	116.7
1.23333	116.9
1.25000	117.0
1.26667	117.0
1.28333	116.7
1.30000	117.0
1.31667	116.8
1.33333	116.8
1.35000	116.8
1.36667	116.7
1.38333	117.1
1.40000	116.8
1.41667	117.2
1.43333	117.0
1.45000	117.3
1.46667	117.1
1.48333	117.0
1.50000	117.4
1.51667	117.0
1.53333	117.6
1.55000	117.1
1.56667	117.0
1.58333	117.6
1.60000	117.7
1.61667	117.7
1.63333	117.4
1.65000	117.9
1.66667	117.6
1.68333	117.7
1.70000	117.8
1.71667	117.9
1.73333	118.3
1.75000	118.0
1.76667	118.5
1.78333	118.2
1.80000	118.6
1.81667	118.6
1.83333	118.4
1.85000	118.6
1.86667	118.5
1.88333	119.0
1.90000	118.8
1.91667	119.1
1.93333	119.2
1.95000	119.5
1.96667	119.4
1.98333	119.1
2.00000	119.5
2.01667	119.4
2.03333	119.7
2.05000	119.5
2.06667	119.5
2.08333	119.9
2.10000	119.7
2.11667	120.2
2.13333	119.9
2.15000	120.3
2.16667	120.4
2.18333	120.1
2.20000	120.1
2.21667	120.2
2.23333	120.6
2.25000	120.4
2.26667	120.7
2.28333	120.8
2.30000	121.0
2.31667	120.9
2.33333	120.7
2.35000	121.1
2.36667	120.9
2.38333	121.3
2.40000	121.0
2.41667	121.1
2.43333	121.4
2.45000	121.5
2.46667	121.5
2.48333	121.3
2.50000	121.7
2.51667	121.4
2.53333	121.4
2.55000	121.6
2.56667	121.6
2.58333	121.9
2.60000	121.7
2.61667	122.1
2.63333	121.7
2.65000	122.0
2.66667	122.0
2.68333	121.8
2.70000	122.2
2.71667	121.9
2.73333	122.4
2.75000	121.9
2.76667	121.9
2.78333	122.4
2.80000	122.4
2.81667	122.5
2.83333	122.2
2.85000	122.5
2.86667	122.3
2.88333	122.4
2.90000	122.3
2.91667	122.3
2.93333	122.6
2.95000	122.4
2.96667	122.7
2.98333	122.4
3.00000	122.8
3.01667	122.8
3.03333	122.6
3.05000	122.5
3.06667	122.5
3.08333	122.9
3.10000	122.6
3.11667	122.8
3.13333	123.0
3.15000	123.1
3.16667	123.0
3.18333	122.6
3.20000	123.0
3.21667	122.7
3.23333	123.0
3.25000	122.7
3.26667	122.8
3.28333	123.1
3.30000	122.7
3.31667	123.1
3.33333	122.9
3.35000	123.1
3.36667	123.2
3.38333	122.9
3.40000	122.7
3.41667	122.8
3.43333	123.1
3.45000	122.9
3.46667	123.1
3.48333	122.9
3.50000	123.2
3.51667	123.1
3.53333	122.8
3.55000	123.1
3.56667	122.8
3.58333	123.2
3.60000	122.7
3.61667	122.8
3.63333	123.0
3.65000	123.0
3.66667	123.1
3.68333	122.7
3.70000	122.9
3.71667	122.6
3.73333	122.6
3.75000	122.6
3.76667	122.6
3.78333	122.9
3.80000	122.7
3.81667	123.0
3.83333	122.4
3.85000	122.8
3.86667	122.8
3.88333	122.5
3.90000	122.8
3.91667	122.4
3.93333	122.9
3.95000	122.4
3.96667	122.6
3.98333	122.6
4.00000	122.6
4.01667	122.6
4.03333	122.3
4.05000	122.6
4.06667	122.3
4.08333	122.5
4.10000	122.2
4.11667	122.3
4.13333	122.4
4.15000	122.1
4.16667	122.3
4.18333	121.9
4.20000	122.2
4.21667	122.3
4.23333	122.0
4.25000	121.9
4.26667	121.8
4.28333	122.1
4.30000	121.7
4.31667	121.9
4.33333	122.1
4.35000	122.0
4.36667	121.9
4.38333	121.5
4.40000	121.9
4.41667	121.5
4.43333	121.7
4.45000	121.3
4.46667	121.4
4.48333	121.5
4.50000	121.4
4.51667	121.6
4.53333	121.2
4.55000	121.4
4.56667	121.1
4.58333	121.2
4.60000	120.9
4.61667	121.0
4.63333	121.2
4.65000	120.9
4.66667	121.1
4.68333	120.8
4.70000	121.1
4.71667	121.0
4.73333	120.7
4.75000	121.0
4.76667	120.4
4.78333	120.8
4.80000	120.3
4.81667	120.3
4.83333	120.6
4.85000	120.4
4.86667	120.5
4.88333	120.2
4.90000	120.4
4.91667	119.9
4.93333	119.9
4.95000	119.8
4.96667	119.9
4.98333	120.1
5.00000	119.8
5.01667	120.0
5.03333	119.5
5.05000	119.7
5.06667	119.7
5.08333	119.4
5.10000	119.3
5.11667	119.1
5.13333	119.5
5.15000	119.0
5.16667	119.2
5.18333	119.2
5.20000	119.1
5.21667	119.1
5.23333	118.7
5.25000	118.9
5.26667	118.5
5.28333	118.7
5.30000	118.4
5.31667	118.5
5.33333	118.6
5.35000	118.2
5.36667	118.4
5.38333	118.0
5.40000	118.2
5.41667	118.3
5.43333	117.9
5.45000	117.6
5.46667	117.7
5.48333	117.9
5.50000	117.5
5.51667	117.6
5.53333	117.7
5.55000	117.6
5.56667	117.5
5.58333	117.1
5.60000	117.3
5.61667	116.9
5.63333	117.2
5.65000	116.8
5.66667	116.9
5.68333	116.9
5.70000	116.6
5.71667	116.6
5.73333	116.4
5.75000	116.6
5.76667	116.3
5.78333	116.2
5.80000	116.1
5.81667	116.1
5.83333	116.2
5.85000	115.8
5.86667	116.1
5.88333	115.6
5.90000	115.9
5.91667	115.8
5.93333	115.4
5.95000	115.7
5.96667	115.3
5.98333	115.5
6.00000	115.0
6.01667	114.9
6.03333	115.1
6.05000	115.0
6.06667	115.0
6.08333	114.6
6.10000	114.8
6.11667	114.6
6.13333	114.6
6.15000	114.3
6.16667	114.2
6.18333	114.3
6.20000	114.0
6.21667	114.3
6.23333	113.8
6.25000	113.9
6.26667	113.9
6.28333	113.5
6.30000	113.2
6.31667	113.2
6.33333	113.4
6.35000	113.0
6.36667	113.2
6.38333	113.2
6.40000	113.1
6.41667	113.0
6.43333	112.6
6.45000	112.7
6.46667	112.4
6.48333	112.5
6.50000	112.0
6.51667	112.1
6.53333	112.1
6.55000	112.0
6.56667	111.9
6.58333	111.6
6.60000	111.7
6.61667	111.3
6.63333	111.2
6.65000	111.0
6.66667	111.1
6.68333	111.2
6.70000	110.8
6.71667	111.1
6.73333	110.6
6.75000	110.7
6.76667	110.7
6.78333	110.3
6.80000	110.3
6.81667	110.0
6.83333	110.2
6.85000	109.7
6.86667	109.9
6.88333	109.8
6.90000	109.7
6.91667	109.6
6.93333	109.2
6.95000	109.2
6.96667	108.9
6.98333	109.0
7.00000	108.7
7.01667	108.7
7.03333	108.7
7.05000	108.2
7.06667	108.6
7.08333	108.2
7.10000	108.2
7.11667	108.1
7.13333	107.8
7.15000	107.6
7.16667	107.5
7.18333	107.7
7.20000	107.3
7.21667	107.5
7.23333	107.1
7.25000	107.1
7.26667	106.9
7.28333	106.6
7.30000	106.7
7.31667	106.4
7.33333	106.6
7.35000	106.1
7.36667	105.9
7.38333	106.1
7.40000	105.9
7.41667	105.8
7.43333	105.5
7.45000	105.6
7.46667	105.2
7.48333	105.4
7.50000	105.0
7.51667	104.9
7.53333	104.9
7.55000	104.5
7.56667	104.7
7.58333	104.4
7.60000	104.3
7.61667	104.3
7.63333	103.9
7.65000	103.8
7.66667	103.5
7.68333	103.7
7.70000	103.3
7.71667	103.4
7.73333	103.2
7.75000	103.1
7.76667	102.9
7.78333	102.6
7.80000	102.5
7.81667	102.3
7.83333	102.5
7.85000	102.0
7.86667	101.8
7.88333	101.8
7.90000	101.7
7.91667	101.6
7.93333	101.3
7.95000	101.3
7.96667	101.1
7.98333	100.7
8.00000	100.7
8.01667	100.5
8.03333	100.5
8.05000	100.1
8.06667	100.4
8.08333	100.0
8.10000	100.0
8.11667	99.8
8.13333	99.6
8.15000	99.4
8.16667	99.2
8.18333	99.4
8.20000	98.9
8.21667	99.1
8.23333	98.9
8.25000	98.8
8.26667	98.5
8.28333	98.1
8.30000	98.1
8.31667	97.9
8.33333	98.1
8.35000	97.5
8.36667	97.5
8.38333	97.5
8.40000	97.4
8.41667	97.2
8.43333	96.9
8.45000	96.8
8.46667	96.7
8.48333	96.4
8.50000	96.3
8.51667	96.1
8.53333	96.2
8.55000	95.7
8.56667	96.0
8.58333	95.6
8.60000	95.6
8.61667	95.4
8.63333	95.1
8.65000	95.0
8.66667	94.8
8.68333	94.9
8.70000	94.3
8.71667	94.6
8.73333	94.3
8.75000	94.3
8.76667	94.1
8.78333	93.7
8.80000	93.7
8.81667	93.6
8.83333	93.6
8.85000	93.1
8.86667	93.0
8.88333	93.1
8.90000	92.6
8.91667	92.9
8.93333	92.5
8.95000	92.4
8.96667	92.4
8.98333	92.0
9.00000	91.8
9.01667	91.7
9.03333	91.8
9.05000	91.3
9.06667	91.6
9.08333	91.2
9.10000	91.2
9.11667	90.9
9.13333	90.6
9.15000	90.6
9.16667	90.4
9.18333	90.6
9.20000	89.9
9.21667	90.1
9.23333	89.9
9.25000	89.9
9.26667	89.7
9.28333	89.3
9.30000	89.3
9.31667	89.1
9.33333	89.2
9.35000	88.8
9.36667	88.7
9.38333	88.7
9.40000	88.1
9.41667	88.5
9.43333	88.1
9.45000	88.0
9.46667	87.9
9.48333	87.6
9.50000	87.5
9.51667	87.3
9.53333	87.4
9.55000	87.0
9.56667	87.3
9.58333	87.0
9.60000	86.9
9.61667	86.7
9.63333	86.4
9.65000	86.5
9.66667	86.2
9.68333	86.4
9.70000	85.8
9.71667	85.5
9.73333	85.7
9.75000	85.8
9.76667	85.6
9.78333	85.2
9.80000	85.2
9.81667	85.1
9.83333	85.3
9.85000	84.8
9.86667	84.6
9.88333	84.7
9.90000	84.2
9.91667	84.5
9.93333	84.2
9.95000	84.2
9.96667	84.1
9.98333	83.8
10.00000	83.8
10.01667	83.6
10.03333	83.8
10.05000	83.3
10.06667	83.6
10.08333	83.4
10.10000	83.3
10.11667	83.1
10.13333	82.8
10.15000	82.9
10.16667	82.7
10.18333	82.6
10.20000	82.4
10.21667	82.2
10.23333	82.3
10.25000	82.1
10.26667	82.2
10.28333	82.1
10.30000	82.2
10.31667	81.8
10.33333	82.0
10.35000	81.6
10.36667	81.5
10.38333	81.7
10.40000	81.2
10.41667	81.5
10.43333	81.2
10.45000	81.2
10.46667	81.1
10.48333	80.8
10.50000	80.8
10.51667	80.7
10.53333	80.8
10.55000	80.5
10.56667	80.8
10.58333	80.6
10.60000	80.7
10.61667	80.5
10.63333	80.3
10.65000	80.3
10.66667	80.3
10.68333	80.4
10.70000	80.0
10.71667	80.0
10.73333	80.1
10.75000	80.2
10.76667	80.1
10.78333	79.9
10.80000	80.0
10.81667	80.0
10.83333	79.7
10.85000	79.9
10.86667	79.9
10.88333	80.0
10.90000	79.8
10.91667	80.2
10.93333	79.9
10.95000	80.1
10.96667	80.0
10.98333	79.9
11.00000	80.1
11.01667	80.0
11.03333	80.3
11.05000	80.1
11.06667	80.5
11.08333	80.4
11.10000	80.7
11.11667	80.6
11.13333	80.5
11.15000	80.9
11.16667	80.8
11.18333	80.9
11.20000	81.3
11.21667	81.3
11.23333	81.6
11.25000	81.6
11.26667	82.0
11.28333	82.0
11.30000	82.5
11.31667	82.5
11.33333	82.7
11.35000	83.0
11.36667	83.1
11.38333	83.5
11.40000	83.8
11.41667	84.2
11.43333	84.2
11.45000	84.8
11.46667	84.9
11.48333	85.1
11.50000	85.7
11.51667	85.6
11.53333	86.3
11.55000	86.5
11.56667	86.9
11.58333	87.2
11.60000	87.8
11.61667	87.9
11.63333	88.0
11.65000	88.7
11.66667	88.7
11.68333	89.2
11.70000	89.4
11.71667	89.6
11.73333	90.1
11.75000	90.2
11.76667	90.7
11.78333	90.8
11.80000	91.3
11.81667	91.4
11.83333	91.5
11.85000	91.8
11.86667	91.8
11.88333	92.2
11.90000	92.3
11.91667	92.6
11.93333	92.5
11.95000	93.0
11.96667	93.0
11.98333	92.9
12.00000	93.2
12.01667	93.1
12.03333	93.6
12.05000	93.4
12.06667	93.6
12.08333	93.7
12.10000	94.0
12.11667	93.8
12.13333	93.7
12.15000	94.0
12.16667	93.9
12.18333	93.9
12.20000	94.1
12.21667	94.1
12.23333	94.4
12.25000	94.2
12.26667	94.4
12.28333	94.4
12.30000	94.7
12.31667	94.5
12.33333	94.5
12.35000	94.7
12.36667	94.6
12.38333	94.9
12.40000	94.9
12.41667	95.2
12.43333	94.8
12.45000	95.1
12.46667	95.2
12.48333	95.0
12.50000	95.2
12.51667	95.1
12.53333	95.4
12.55000	95.2
12.56667	95.4
12.58333	95.5
12.60000	95.6
12.61667	95.5
12.63333	95.2
12.65000	95.5
12.66667	95.3
12.68333	95.6
12.70000	95.3
12.71667	95.3
12.73333	95.5
12.75000	95.5
12.76667	95.6
12.78333	95.4
12.80000	95.7
12.81667	95.4
12.83333	95.3
12.85000	95.4
12.86667	95.5
12.88333	95.7
12.90000	95.6
12.91667	95.8
12.93333	95.5
12.95000	95.7
12.96667	95.8
12.98333	95.6
13.00000	95.6
13.01667	95.6
13.03333	95.8
13.05000	95.6
13.06667	95.1
13.08333	95.2
13.10000	94.6
13.11667	94.8
13.13333	94.4
13.15000	94.9
13.16667	94.3
13.18333	94.6
13.20000	94.7
13.21667	94.7
13.23333	94.9
13.25000	94.4
13.26667	94.6
13.28333	94.9
13.30000	94.4
13.31667	95.1
13.33333	94.9
13.35000	95.0
13.36667	94.7
13.38333	94.8
13.40000	94.9
13.41667	94.7
13.43333	95.4
13.45000	94.8
13.46667	95.2
13.48333	94.8
13.50000	95.4
13.51667	94.9
13.53333	95.1
13.55000	95.2
13.56667	95.4
13.58333	95.7
13.60000	95.6
13.61667	95.9
13.63333	95.6
13.65000	95.9
13.66667	96.1
13.68333	95.8
13.70000	95.7
13.71667	95.7
13.73333	96.0
13.75000	95.8
13.76667	95.9
13.78333	96.1
13.80000	96.0
13.81667	95.8
13.83333	95.4
13.85000	95.5
13.86667	95.2
13.88333	95.3
13.90000	94.7
13.91667	94.7
13.93333	94.9
13.95000	94.5
13.96667	94.9
13.98333	94.6
14.00000	94.9
14.01667	95.0
14.03333	94.7
14.05000	94.6
14.06667	94.4
14.08333	94.2
14.10000	91.4
14.11667	90.4
14.13333	86.7
14.15000	80.6
14.16667	78.6
14.18333	77.1
14.20000	74.8
14.21667	74.2
14.23333	75.0
14.25000	76.1
14.26667	77.6
14.28333	78.8
14.30000	81.7
14.31667	84.2
14.33333	86.2
14.35000	89.0
14.36667	91.7
14.38333	94.1
14.40000	98.2
14.41667	99.2
14.43333	102.0
14.45000	105.1
14.46667	106.2
14.48333	108.6
14.50000	111.2
14.51667	112.1
14.53333	113.2
14.55000	115.4
14.56667	115.6
14.58333	116.5
14.60000	117.8
14.61667	118.1
14.63333	119.0
14.65000	119.4
14.66667	119.9
14.68333	119.7
14.70000	120.4
14.71667	120.5
14.73333	120.3
14.75000	120.6
14.76667	120.3
14.78333	120.8
14.80000	120.3
14.81667	120.5
14.83333	120.4
14.85000	120.3
14.86667	120.3
14.88333	119.8
14.90000	119.9
14.91667	119.7
14.93333	119.7
14.95000	119.2
14.96667	119.2
14.98333	119.3
15.00000	118.8

[LC Status Trace(Pump A Degasser Pressure)]
Interval(msec)	1000
# of Points	901
Start Time(min)	0.000
End Time(min)	15.000
Intensity Units	bar
Intensity Multiplier	0.980665
R.Time (min)	Intensity
0.00000	955.4
0.01667	955.4
0.03333	956.4
0.05000	956.4
0.06667	956.4
0.08333	957.5
0.10000	957.5
0.11667	957.5
0.13333	958.5
0.15000	958.5
0.16667	958.5
0.18333	958.5
0.20000	958.5
0.21667	958.5
0.23333	957.5
0.25000	957.5
0.26667	957.5
0.28333	957.5
0.30000	957.5
0.31667	957.5
0.33333	956.4
0.35000	956.4
0.36667	956.4
0.38333	957.5
0.40000	957.5
0.41667	957.5
0.43333	957.5
0.45000	957.5
0.46667	957.5
0.48333	956.4
0.50000	956.4
0.51667	956.4
0.53333	955.4
0.55000	955.4
0.56667	955.4
0.58333	956.4
0.60000	956.4
0.61667	956.4
0.63333	958.5
0.65000	958.5
0.66667	958.5
0.68333	958.5
0.70000	958.5
0.71667	958.5
0.73333	957.5
0.75000	957.5
0.76667	957.5
0.78333	957.5
0.80000	957.5
0.81667	957.5
0.83333	957.5
0.85000	957.5
0.86667	957.5
0.88333	956.4
0.90000	956.4
0.91667	956.4
0.93333	955.4
0.95000	955.4
0.96667	955.4
0.98333	956.4
1.00000	956.4
1.01667	956.4
1.03333	957.5
1.05000	957.5
1.06667	957.5
1.08333	958.5
1.10000	958.5
1.11667	958.5
1.13333	957.5
1.15000	957.5
1.16667	957.5
1.18333	956.4
1.20000	956.4
1.21667	956.4
1.23333	957.5
1.25000	957.5
1.26667	957.5
1.28333	957.5
1.30000	957.5
1.31667	957.5
1.33333	956.4
1.35000	956.4
1.36667	956.4
1.38333	955.4
1.40000	955.4
1.41667	955.4
1.43333	957.5
1.45000	957.5
1.46667	957.5
1.48333	958.5
1.50000	958.5
1.51667	958.5
1.53333	958.5
1.55000	958.5
1.56667	958.5
1.58333	957.5
1.60000	957.5
1.61667	957.5
1.63333	957.5
1.65000	957.5
1.66667	957.5
1.68333	957.5
1.70000	957.5
1.71667	957.5
1.73333	956.4
1.75000	956.4
1.76667	956.4
1.78333	955.4
1.80000	955.4
1.81667	955.4
1.83333	956.4
1.85000	956.4
1.86667	956.4
1.88333	958.5
1.90000	958.5
1.91667	958.5
1.93333	958.5
1.95000	958.5
1.96667	958.5
1.98333	957.5
2.00000	957.5
2.01667	957.5
2.03333	956.4
2.05000	956.4
2.06667	956.4
2.08333	957.5
2.10000	957.5
2.11667	957.5
2.13333	957.5
2.15000	957.5
2.16667	957.5
2.18333	956.4
2.20000	956.4
2.21667	956.4
2.23333	955.4
2.25000	955.4
2.26667	955.4
2.28333	957.5
2.30000	957.5
2.31667	957.5
2.33333	958.5
2.35000	958.5
2.36667	958.5
2.38333	957.5
2.40000	957.5
2.41667	957.5
2.43333	956.4
2.45000	956.4
2.46667	956.4
2.48333	957.5
2.50000	957.5
2.51667	957.5
2.53333	957.5
2.55000	957.5
2.56667	957.5
2.58333	956.4
2.60000	956.4
2.61667	956.4
2.63333	955.4
2.65000	955.4
2.66667	955.4
2.68333	956.4
2.70000	956.4
2.71667	956.4
2.73333	958.5
2.75000	958.5
2.76667	958.5
2.78333	958.5
2.80000	958.5
2.81667	958.5
2.83333	957.5
2.85000	957.5
2.86667	957.5
2.88333	956.4
2.90000	956.4
2.91667	956.4
2.93333	957.5
2.95000	957.5
2.96667	957.5
2.98333	957.5
3.00000	957.5
3.01667	957.5
3.03333	956.4
3.05000	956.4
3.06667	956.4
3.08333	956.4
3.10000	956.4
3.11667	956.4
3.13333	957.5
3.15000	957.5
3.16667	957.5
3.18333	958.5
3.20000	958.5
3.21667	958.5
3.23333	957.5
3.25000	957.5
3.26667	957.5
3.28333	956.4
3.30000	956.4
3.31667	956.4
3.33333	957.5
3.35000	957.5
3.36667	957.5
3.38333	957.5
3.40000	957.5
3.41667	957.5
3.43333	956.4
3.45000	956.4
3.46667	956.4
3.48333	955.4
3.50000	955.4
3.51667	955.4
3.53333	957.5
3.55000	957.5
3.56667	957.5
3.58333	958.5
3.60000	958.5
3.61667	958.5
3.63333	958.5
3.65000	958.5
3.66667	958.5
3.68333	957.5
3.70000	957.5
3.71667	957.5
3.73333	957.5
3.75000	957.5
3.76667	957.5
3.78333	957.5
3.80000	957.5
3.81667	957.5
3.83333	956.4
3.85000	956.4
3.86667	956.4
3.88333	956.4
3.90000	956.4
3.91667	956.4
3.93333	956.4
3.95000	956.4
3.96667	956.4
3.98333	957.5
4.00000	957.5
4.01667	957.5
4.03333	958.5
4.05000	958.5
4.06667	958.5
4.08333	957.5
4.10000	957.5
4.11667	957.5
4.13333	956.4
4.15000	956.4
4.16667	956.4
4.18333	957.5
4.20000	957.5
4.21667	957.5
4.23333	957.5
4.25000	957.5
4.26667	957.5
4.28333	956.4
4.30000	956.4
4.31667	956.4
4.33333	955.4
4.35000	955.4
4.36667	955.4
4.38333	957.5
4.40000	957.5
4.41667	957.5
4.43333	958.5
4.45000	958.5
4.46667	958.5
4.48333	957.5
4.50000	957.5
4.51667	957.5
4.53333	957.5
4.55000	957.5
4.56667	957.5
4.58333	957.5
4.60000	957.5
4.61667	957.5
4.63333	957.5
4.65000	957.5
4.66667	957.5
4.68333	956.4
4.70000	956.4
4.71667	956.4
4.73333	955.4
4.75000	955.4
4.76667	955.4
4.78333	956.4
4.80000	956.4
4.81667	956.4
4.83333	958.5
4.85000	958.5
4.86667	958.5
4.88333	958.5
4.90000	958.5
4.91667	958.5
4.93333	957.5
4.95000	957.5
4.96667	957.5
4.98333	956.4
5.00000	956.4
5.01667	956.4
5.03333	957.5
5.05000	957.5
5.06667	957.5
5.08333	957.5
5.10000	957.5
5.11667	957.5
5.13333	956.4
5.15000	956.4
5.16667	956.4
5.18333	955.4
5.20000	955.4
5.21667	955.4
5.23333	957.5
5.25000	957.5
5.26667	957.5
5.28333	958.5
5.30000	958.5
5.31667	958.5
5.33333	957.5
5.35000	957.5
5.36667	957.5
5.38333	957.5
5.40000	957.5
5.41667	957.5
5.43333	957.5
5.45000	957.5
5.46667	957.5
5.48333	957.5
5.50000	957.5
5.51667	957.5
5.53333	956.4
5.55000	956.4
5.56667	956.4
5.58333	955.4
5.60000	955.4
5.61667	955.4
5.63333	956.4
5.65000	956.4
5.66667	956.4
5.68333	958.5
5.70000	958.5
5.71667	958.5
5.73333	958.5
5.75000	958.5
5.76667	958.5
5.78333	957.5
5.80000	957.5
5.81667	957.5
5.83333	956.4
5.85000	956.4
5.86667	956.4
5.88333	957.5
5.90000	957.5
5.91667	957.5
5.93333	957.5
5.95000	957.5
5.96667	957.5
5.98333	956.4
6.00000	956.4
6.01667	956.4
6.03333	956.4
6.05000	956.4
6.06667	956.4
6.08333	957.5
6.10000	957.5
6.11667	957.5
6.13333	958.5
6.15000	958.5
6.16667	958.5
6.18333	957.5
6.20000	957.5
6.21667	957.5
6.23333	956.4
6.25000	956.4
6.26667	956.4
6.28333	957.5
6.30000	957.5
6.31667	957.5
6.33333	957.5
6.35000	957.5
6.36667	957.5
6.38333	956.4
6.40000	956.4
6.41667	956.4
6.43333	955.4
6.45000	955.4
6.46667	955.4
6.48333	957.5
6.50000	957.5
6.51667	957.5
6.53333	958.5
6.55000	958.5
6.56667	958.5
6.58333	958.5
6.60000	958.5
6.61667	958.5
6.63333	957.5
6.65000	957.5
6.66667	957.5
6.68333	956.4
6.70000	956.4
6.71667	956.4
6.73333	957.5
6.75000	957.5
6.76667	957.5
6.78333	956.4
6.80000	956.4
6.81667	956.4
6.83333	955.4
6.85000	955.4
6.86667	955.4
6.88333	956.4
6.90000	956.4
6.91667	956.4
6.93333	957.5
6.95000	957.5
6.96667	957.5
6.98333	958.5
7.00000	958.5
7.01667	958.5
7.03333	957.5
7.05000	957.5
7.06667	957.5
7.08333	956.4
7.10000	956.4
7.11667	956.4
7.13333	957.5
7.15000	957.5
7.16667	957.5
7.18333	957.5
7.20000	957.5
7.21667	957.5
7.23333	956.4
7.25000	956.4
7.26667	956.4
7.28333	955.4
7.30000	955.4
7.31667	955.4
7.33333	957.5
7.35000	957.5
7.36667	957.5
7.38333	958.5
7.40000	958.5
7.41667	958.5
7.43333	957.5
7.45000	957.5
7.46667	957.5
7.48333	957.5
7.50000	957.5
7.51667	957.5
7.53333	957.5
7.55000	957.5
7.56667	957.5
7.58333	957.5
7.60000	957.5
7.61667	957.5
7.63333	956.4
7.65000	956.4
7.66667	956.4
7.68333	955.4
7.70000	955.4
7.71667	955.4
7.73333	956.4
7.75000	956.4
7.76667	956.4
7.78333	958.5
7.80000	958.5
7.81667	958.5
7.83333	958.5
7.85000	958.5
7.86667	958.5
7.88333	957.5
7.90000	957.5
7.91667	957.5
7.93333	956.4
7.95000	956.4
7.96667	956.4
7.98333	957.5
8.00000	957.5
8.01667	957.5
8.03333	957.5
8.05000	957.5
8.06667	957.5
8.08333	956.4
8.10000	956.4
8.11667	956.4
8.13333	955.4
8.15000	955.4
8.16667	955.4
8.18333	957.5
8.20000	957.5
8.21667	957.5
8.23333	958.5
8.25000	958.5
8.26667	958.5
8.28333	957.5
8.30000	957.5
8.31667	957.5
8.33333	956.4
8.35000	956.4
8.36667	956.4
8.38333	957.5
8.40000	957.5
8.41667	957.5
8.43333	957.5
8.45000	957.5
8.46667	957.5
8.48333	956.4
8.50000	956.4
8.51667	956.4
8.53333	955.4
8.55000	955.4
8.56667	955.4
8.58333	956.4
8.60000	956.4
8.61667	956.4
8.63333	958.5
8.65000	958.5
8.66667	958.5
8.68333	958.5
8.70000	958.5
8.71667	958.5
8.73333	957.5
8.75000	957.5
8.76667	957.5
8.78333	956.4
8.80000	956.4
8.81667	956.4
8.83333	957.5
8.85000	957.5
8.86667	957.5
8.88333	957.5
8.90000	957.5
8.91667	957.5
8.93333	955.4
8.95000	955.4
8.96667	955.4
8.98333	956.4
9.00000	956.4
9.01667	956.4
9.03333	957.5
9.05000	957.5
9.06667	957.5
9.08333	958.5
9.10000	958.5
9.11667	958.5
9.13333	957.5
9.15000	957.5
9.16667	957.5
9.18333	956.4
9.20000	956.4
9.21667	956.4
9.23333	957.5
9.25000	957.5
9.26667	957.5
9.28333	957.5
9.30000	957.5
9.31667	957.5
9.33333	956.4
9.35000	956.4
9.36667	956.4
9.38333	955.4
9.40000	955.4
9.41667	955.4
9.43333	957.5
9.45000	957.5
9.46667	957.5
9.48333	958.5
9.50000	958.5
9.51667	958.5
9.53333	958.5
9.55000	958.5
9.56667	958.5
9.58333	957.5
9.60000	957.5
9.61667	957.5
9.63333	957.5
9.65000	957.5
9.66667	957.5
9.68333	957.5
9.70000	957.5
9.71667	957.5
9.73333	956.4
9.75000	956.4
9.76667	956.4
9.78333	955.4
9.80000	955.4
9.81667	955.4
9.83333	956.4
9.85000	956.4
9.86667	956.4
9.88333	957.5
9.90000	957.5
9.91667	957.5
9.93333	958.5
9.95000	958.5
9.96667	958.5
9.98333	957.5
10.00000	957.5
10.01667	957.5
10.03333	956.4
10.05000	956.4
10.06667	956.4
10.08333	957.5
10.10000	957.5
10.11667	957.5
10.13333	957.5
10.15000	957.5
10.16667	957.5
10.18333	957.5
10.20000	956.4
10.21667	956.4
10.23333	955.4
10.25000	955.4
10.26667	955.4
10.28333	955.4
10.30000	957.5
10.31667	957.5
10.33333	958.5
10.35000	958.5
10.36667	958.5
10.38333	958.5
10.40000	957.5
10.41667	957.5
10.43333	957.5
10.45000	957.5
10.46667	957.5
10.48333	957.5
10.50000	957.5
10.51667	957.5
10.53333	957.5
10.55000	957.5
10.56667	957.5
10.58333	956.4
10.60000	956.4
10.61667	956.4
10.63333	955.4
10.65000	955.4
10.66667	955.4
10.68333	956.4
10.70000	956.4
10.71667	956.4
10.73333	958.5
10.75000	958.5
10.76667	958.5
10.78333	958.5
10.80000	958.5
10.81667	958.5
10.83333	957.5
10.85000	957.5
10.86667	957.5
10.88333	957.5
10.90000	957.5
10.91667	957.5
10.93333	957.5
10.95000	957.5
10.96667	957.5
10.98333	957.5
11.00000	957.5
11.01667	957.5
11.03333	956.4
11.05000	956.4
11.06667	956.4
11.08333	956.4
11.10000	956.4
11.11667	956.4
11.13333	957.5
11.15000	957.5
11.16667	957.5
11.18333	957.5
11.20000	958.5
11.21667	958.5
11.23333	957.5
11.25000	957.5
11.26667	957.5
11.28333	957.5
11.30000	956.4
11.31667	956.4
11.33333	957.5
11.35000	957.5
11.36667	957.5
11.38333	957.5
11.40000	957.5
11.41667	957.5
11.43333	956.4
11.45000	956.4
11.46667	956.4
11.48333	955.4
11.50000	955.4
11.51667	955.4
11.53333	956.4
11.55000	956.4
11.56667	956.4
11.58333	958.5
11.60000	958.5
11.61667	958.5
11.63333	958.5
11.65000	958.5
11.66667	958.5
11.68333	957.5
11.70000	957.5
11.71667	957.5
11.73333	957.5
11.75000	957.5
11.76667	957.5
11.78333	957.5
11.80000	957.5
11.81667	957.5
11.83333	956.4
11.85000	956.4
11.86667	956.4
11.88333	955.4
11.90000	955.4
11.91667	955.4
11.93333	956.4
11.95000	956.4
11.96667	956.4
11.98333	957.5
12.00000	957.5
12.01667	957.5
12.03333	958.5
12.05000	958.5
12.06667	958.5
12.08333	958.5
12.10000	957.5
12.11667	957.5
12.13333	956.4
12.15000	956.4
12.16667	956.4
12.18333	956.4
12.20000	957.5
12.21667	957.5
12.23333	957.5
12.25000	957.5
12.26667	957.5
12.28333	957.5
12.30000	956.4
12.31667	956.4
12.33333	955.4
12.35000	955.4
12.36667	955.4
12.38333	957.5
12.40000	957.5
12.41667	957.5
12.43333	958.5
12.45000	958.5
12.46667	958.5
12.48333	958.5
12.50000	958.5
12.51667	958.5
12.53333	957.5
12.55000	957.5
12.56667	957.5
12.58333	957.5
12.60000	957.5
12.61667	957.5
12.63333	957.5
12.65000	957.5
12.66667	957.5
12.68333	956.4
12.70000	956.4
12.71667	956.4
12.73333	955.4
12.75000	955.4
12.76667	955.4
12.78333	956.4
12.80000	956.4
12.81667	956.4
12.83333	958.5
12.85000	958.5
12.86667	958.5
12.88333	958.5
12.90000	958.5
12.91667	958.5
12.93333	957.5
12.95000	957.5
12.96667	957.5
12.98333	956.4
13.00000	956.4
13.01667	956.4
13.03333	957.5
13.05000	957.5
13.06667	957.5
13.08333	957.5
13.10000	957.5
13.11667	957.5
13.13333	956.4
13.15000	956.4
13.16667	956.4
13.18333	956.4
13.20000	955.4
13.21667	955.4
13.23333	957.5
13.25000	957.5
13.26667	957.5
13.28333	957.5
13.30000	958.5
13.31667	958.5
13.33333	957.5
13.35000	957.5
13.36667	957.5
13.38333	956.4
13.40000	956.4
13.41667	956.4
13.43333	957.5
13.45000	957.5
13.46667	957.5
13.48333	957.5
13.50000	957.5
13.51667	957.5
13.53333	956.4
13.55000	956.4
13.56667	956.4
13.58333	955.4
13.60000	955.4
13.61667	955.4
13.63333	956.4
13.65000	956.4
13.66667	956.4
13.68333	958.5
13.70000	958.5
13.71667	958.5
13.73333	958.5
13.75000	958.5
13.76667	958.5
13.78333	957.5
13.80000	957.5
13.81667	957.5
13.83333	956.4
13.85000	956.4
13.86667	956.4
13.88333	957.5
13.90000	957.5
13.91667	957.5
13.93333	957.5
13.95000	957.5
13.96667	957.5
13.98333	956.4
14.00000	956.4
14.01667	956.4
14.03333	956.4
14.05000	956.4
14.06667	956.4
14.08333	956.4
14.10000	957.5
14.11667	957.5
14.13333	958.5
14.15000	958.5
14.16667	958.5
14.18333	958.5
14.20000	957.5
14.21667	957.5
14.23333	956.4
14.25000	956.4
14.26667	956.4
14.28333	956.4
14.30000	957.5
14.31667	957.5
14.33333	957.5
14.35000	957.5
14.36667	957.5
14.38333	957.5
14.40000	957.5
14.41667	957.5
14.43333	955.4
14.45000	955.4
14.46667	955.4
14.48333	955.4
14.50000	955.4
14.51667	955.4
14.53333	956.4
14.55000	956.4
14.56667	956.4
14.58333	957.5
14.60000	957.5
14.61667	957.5
14.63333	958.5
14.65000	958.5
14.66667	958.5
14.68333	958.5
14.70000	958.5
14.71667	958.5
14.73333	957.5
14.75000	957.5
14.76667	957.5
14.78333	957.5
14.80000	957.5
14.81667	957.5
14.83333	956.4
14.85000	956.4
14.86667	956.4
14.88333	957.5
14.90000	957.5
14.91667	957.5
14.93333	957.5
14.95000	957.5
14.96667	957.5
14.98333	957.5
15.00000	957.5

[LC Status Trace(Sample Cooler Temp.)]
Interval(msec)	1000
# of Points	901
Start Time(min)	0.000
End Time(min)	15.000
Intensity Units	C
Intensity Multiplier	1
R.Time (min)	Intensity
0.00000	10.0
0.01667	10.0
0.03333	10.0
0.05000	10.0
0.06667	10.0
0.08333	10.0
0.10000	10.0
0.11667	10.0
0.13333	10.0
0.15000	10.0
0.16667	10.0
0.18333	10.0
0.20000	10.0
0.21667	10.0
0.23333	10.0
0.25000	10.0
0.26667	10.0
0.28333	10.0
0.30000	10.0
0.31667	10.0
0.33333	10.0
0.35000	10.0
0.36667	10.0
0.38333	10.0
0.40000	10.0
0.41667	10.0
0.43333	10.0
0.45000	10.0
0.46667	10.0
0.48333	10.0
0.50000	10.0
0.51667	10.0
0.53333	10.0
0.55000	10.0
0.56667	10.0
0.58333	10.0
0.60000	10.0
0.61667	10.0
0.63333	10.0
0.65000	10.0
0.66667	10.0
0.68333	10.0
0.70000	10.0
0.71667	10.0
0.73333	10.0
0.75000	10.0
0.76667	10.0
0.78333	10.0
0.80000	10.0
0.81667	10.0
0.83333	10.0
0.85000	10.0
0.86667	10.0
0.88333	10.0
0.90000	10.0
0.91667	10.0
0.93333	10.0
0.95000	10.0
0.96667	10.0
0.98333	10.0
1.00000	10.0
1.01667	10.0
1.03333	10.0
1.05000	10.0
1.06667	10.0
1.08333	10.0
1.10000	10.0
1.11667	10.0
1.13333	10.0
1.15000	10.0
1.16667	10.0
1.18333	10.0
1.20000	10.0
1.21667	10.0
1.23333	10.0
1.25000	10.0
1.26667	10.0
1.28333	10.0
1.30000	10.0
1.31667	10.0
1.33333	10.0
1.35000	10.0
1.36667	10.0
1.38333	10.0
1.40000	10.0
1.41667	10.0
1.43333	10.0
1.45000	10.0
1.46667	10.0
1.48333	10.0
1.50000	10.0
1.51667	10.0
1.53333	10.0
1.55000	10.0
1.56667	10.0
1.58333	10.0
1.60000	10.0
1.61667	10.0
1.63333	10.0
1.65000	10.0
1.66667	10.0
1.68333	10.0
1.70000	10.0
1.71667	10.0
1.73333	10.0
1.75000	10.0
1.76667	10.0
1.78333	10.0
1.80000	10.0
1.81667	10.0
1.83333	10.0
1.85000	10.0
1.86667	10.0
1.88333	10.0
1.90000	10.0
1.91667	10.0
1.93333	10.0
1.95000	10.0
1.96667	10.0
1.98333	10.0
2.00000	10.0
2.01667	10.0
2.03333	10.0
2.05000	10.0
2.06667	10.0
2.08333	10.0
2.10000	10.0
2.11667	10.0
2.13333	10.0
2.15000	10.0
2.16667	10.0
2.18333	10.0
2.20000	10.0
2.21667	10.0
2.23333	10.0
2.25000	10.0
2.26667	10.0
2.28333	10.0
2.30000	10.0
2.31667	10.0
2.33333	10.0
2.35000	10.0
2.36667	10.0
2.38333	10.0
2.40000	10.0
2.41667	10.0
2.43333	10.0
2.45000	10.0
2.46667	10.0
2.48333	10.0
2.50000	10.0
2.51667	10.0
2.53333	10.0
2.55000	10.0
2.56667	10.0
2.58333	10.0
2.60000	10.0
2.61667	10.0
2.63333	10.0
2.65000	10.0
2.66667	10.0
2.68333	10.0
2.70000	10.0
2.71667	10.0
2.73333	10.0
2.75000	10.0
2.76667	10.0
2.78333	10.0
2.80000	10.0
2.81667	10.0
2.83333	10.0
2.85000	10.0
2.86667	10.0
2.88333	10.0
2.90000	10.0
2.91667	10.0
2.93333	10.0
2.95000	10.0
2.96667	10.0
2.98333	10.0
3.00000	10.0
3.01667	10.0
3.03333	10.0
3.05000	10.0
3.06667	10.0
3.08333	10.0
3.10000	10.0
3.11667	10.0
3.13333	10.0
3.15000	10.0
3.16667	10.0
3.18333	10.0
3.20000	10.0
3.21667	10.0
3.23333	10.0
3.25000	10.0
3.26667	10.0
3.28333	10.0
3.30000	10.0
3.31667	10.0
3.33333	10.0
3.35000	10.0
3.36667	10.0
3.38333	10.0
3.40000	10.0
3.41667	10.0
3.43333	10.0
3.45000	10.0
3.46667	10.0
3.48333	10.0
3.50000	10.0
3.51667	10.0
3.53333	10.0
3.55000	10.0
3.56667	10.0
3.58333	10.0
3.60000	10.0
3.61667	10.0
3.63333	10.0
3.65000	10.0
3.66667	10.0
3.68333	10.0
3.70000	10.0
3.71667	10.0
3.73333	10.0
3.75000	10.0
3.76667	10.0
3.78333	10.0
3.80000	10.0
3.81667	10.0
3.83333	10.0
3.85000	10.0
3.86667	10.0
3.88333	10.0
3.90000	10.0
3.91667	10.0
3.93333	10.0
3.95000	10.0
3.96667	10.0
3.98333	10.0
4.00000	10.0
4.01667	10.0
4.03333	10.0
4.05000	10.0
4.06667	10.0
4.08333	10.0
4.10000	10.0
4.11667	10.0
4.13333	10.0
4.15000	10.0
4.16667	10.0
4.18333	10.0
4.20000	10.0
4.21667	10.0
4.23333	10.0
4.25000	10.0
4.26667	10.0
4.28333	10.0
4.30000	10.0
4.31667	10.0
4.33333	10.0
4.35000	10.0
4.36667	10.0
4.38333	10.0
4.40000	10.0
4.41667	10.0
4.43333	10.0
4.45000	10.0
4.46667	10.0
4.48333	10.0
4.50000	10.0
4.51667	10.0
4.53333	10.0
4.55000	10.0
4.56667	10.0
4.58333	10.0
4.60000	10.0
4.61667	10.0
4.63333	10.0
4.65000	10.0
4.66667	10.0
4.68333	10.0
4.70000	10.0
4.71667	10.0
4.73333	10.0
4.75000	10.0
4.76667	10.0
4.78333	10.0
4.80000	10.0
4.81667	10.0
4.83333	10.0
4.85000	10.0
4.86667	10.0
4.88333	10.0
4.90000	10.0
4.91667	10.0
4.93333	10.0
4.95000	10.0
4.96667	10.0
4.98333	10.0
5.00000	10.0
5.01667	10.0
5.03333	10.0
5.05000	10.0
5.06667	10.0
5.08333	10.0
5.10000	10.0
5.11667	10.0
5.13333	10.0
5.15000	10.0
5.16667	10.0
5.18333	10.0
5.20000	10.0
5.21667	10.0
5.23333	10.0
5.25000	10.0
5.26667	10.0
5.28333	10.0
5.30000	10.0
5.31667	10.0
5.33333	10.0
5.35000	10.0
5.36667	10.0
5.38333	10.0
5.40000	10.0
5.41667	10.0
5.43333	10.0
5.45000	10.0
5.46667	10.0
5.48333	10.0
5.50000	10.0
5.51667	10.0
5.53333	10.0
5.55000	10.0
5.56667	10.0
5.58333	10.0
5.60000	10.0
5.61667	10.0
5.63333	10.0
5.65000	10.0
5.66667	10.0
5.68333	10.0
5.70000	10.0
5.71667	10.0
5.73333	10.0
5.75000	10.0
5.76667	10.0
5.78333	10.0
5.80000	10.0
5.81667	10.0
5.83333	10.0
5.85000	10.0
5.86667	10.0
5.88333	10.0
5.90000	10.0
5.91667	10.0
5.93333	10.0
5.95000	10.0
5.96667	10.0
5.98333	10.0
6.00000	10.0
6.01667	10.0
6.03333	10.0
6.05000	10.0
6.06667	10.0
6.08333	10.0
6.10000	10.0
6.11667	10.0
6.13333	10.0
6.15000	10.0
6.16667	10.0
6.18333	10.0
6.20000	10.0
6.21667	10.0
6.23333	10.0
6.25000	10.0
6.26667	10.0
6.28333	10.0
6.30000	10.0
6.31667	10.0
6.33333	10.0
6.35000	10.0
6.36667	10.0
6.38333	10.0
6.40000	10.0
6.41667	10.0
6.43333	10.0
6.45000	10.0
6.46667	10.0
6.48333	10.0
6.50000	10.0
6.51667	10.0
6.53333	10.0
6.55000	10.0
6.56667	10.0
6.58333	10.0
6.60000	10.0
6.61667	10.0
6.63333	10.0
6.65000	10.0
6.66667	10.0
6.68333	10.0
6.70000	10.0
6.71667	10.0
6.73333	10.0
6.75000	10.0
6.76667	10.0
6.78333	10.0
6.80000	10.0
6.81667	10.0
6.83333	10.0
6.85000	10.0
6.86667	10.0
6.88333	10.0
6.90000	10.0
6.91667	10.0
6.93333	10.0
6.95000	10.0
6.96667	10.0
6.98333	10.0
7.00000	10.0
7.01667	10.0
7.03333	10.0
7.05000	10.0
7.06667	10.0
7.08333	10.0
7.10000	10.0
7.11667	10.0
7.13333	10.0
7.15000	10.0
7.16667	10.0
7.18333	10.0
7.20000	10.0
7.21667	10.0
7.23333	10.0
7.25000	10.0
7.26667	10.0
7.28333	10.0
7.30000	10.0
7.31667	10.0
7.33333	10.0
7.35000	10.0
7.36667	10.0
7.38333	10.0
7.40000	10.0
7.41667	10.0
7.43333	10.0
7.45000	10.0
7.46667	10.0
7.48333	10.0
7.50000	10.0
7.51667	10.0
7.53333	10.0
7.55000	10.0
7.56667	10.0
7.58333	10.0
7.60000	10.0
7.61667	10.0
7.63333	10.0
7.65000	10.0
7.66667	10.0
7.68333	10.0
7.70000	10.0
7.71667	10.0
7.73333	10.0
7.75000	10.0
7.76667	10.0
7.78333	10.0
7.80000	10.0
7.81667	10.0
7.83333	10.0
7.85000	10.0
7.86667	10.0
7.88333	10.0
7.90000	10.0
7.91667	10.0
7.93333	10.0
7.95000	10.0
7.96667	10.0
7.98333	10.0
8.00000	10.0
8.01667	10.0
8.03333	10.0
8.05000	10.0
8.06667	10.0
8.08333	10.0
8.10000	10.0
8.11667	10.0
8.13333	10.0
8.15000	10.0
8.16667	10.0
8.18333	10.0
8.20000	10.0
8.21667	10.0
8.23333	10.0
8.25000	10.0
8.26667	10.0
8.28333	10.0
8.30000	10.0
8.31667	10.0
8.33333	10.0
8.35000	10.0
8.36667	10.0
8.38333	10.0
8.40000	10.0
8.41667	10.0
8.43333	10.0
8.45000	10.0
8.46667	10.0
8.48333	10.0
8.50000	10.0
8.51667	10.0
8.53333	10.0
8.55000	10.0
8.56667	10.0
8.58333	10.0
8.60000	10.0
8.61667	10.0
8.63333	10.0
8.65000	10.0
8.66667	10.0
8.68333	10.0
8.70000	10.0
8.71667	10.0
8.73333	10.0
8.75000	10.0
8.76667	10.0
8.78333	10.0
8.80000	10.0
8.81667	10.0
8.83333	10.0
8.85000	10.0
8.86667	10.0
8.88333	10.0
8.90000	10.0
8.91667	10.0
8.93333	10.0
8.95000	10.0
8.96667	10.0
8.98333	10.0
9.00000	10.0
9.01667	10.0
9.03333	10.0
9.05000	10.0
9.06667	10.0
9.08333	10.0
9.10000	10.0
9.11667	10.0
9.13333	10.0
9.15000	10.0
9.16667	10.0
9.18333	10.0
9.20000	10.0
9.21667	10.0
9.23333	10.0
9.25000	10.0
9.26667	10.0
9.28333	10.0
9.30000	10.0
9.31667	10.0
9.33333	10.0
9.35000	10.0
9.36667	10.0
9.38333	10.0
9.40000	10.0
9.41667	10.0
9.43333	10.0
9.45000	10.0
9.46667	10.0
9.48333	10.0
9.50000	10.0
9.51667	10.0
9.53333	10.0
9.55000	10.0
9.56667	10.0
9.58333	10.0
9.60000	10.0
9.61667	10.0
9.63333	10.0
9.65000	10.0
9.66667	10.0
9.68333	10.0
9.70000	10.0
9.71667	10.0
9.73333	10.0
9.75000	10.0
9.76667	10.0
9.78333	10.0
9.80000	10.0
9.81667	10.0
9.83333	10.0
9.85000	10.0
9.86667	10.0
9.88333	10.0
9.90000	10.0
9.91667	10.0
9.93333	10.0
9.95000	10.0
9.96667	10.0
9.98333	10.0
10.00000	10.0
10.01667	10.0
10.03333	10.0
10.05000	10.0
10.06667	10.0
10.08333	10.0
10.10000	10.0
10.11667	10.0
10.13333	10.0
10.15000	10.0
10.16667	10.0
10.18333	10.0
10.20000	10.0
10.21667	10.0
10.23333	10.0
10.25000	10.0
10.26667	10.0
10.28333	10.0
10.30000	10.0
10.31667	10.0
10.33333	10.0
10.35000	10.0
10.36667	10.0
10.38333	10.0
10.40000	10.0
10.41667	10.0
10.43333	10.0
10.45000	10.0
10.46667	10.0
10.48333	10.0
10.50000	10.0
10.51667	10.0
10.53333	10.0
10.55000	10.0
10.56667	10.0
10.58333	10.0
10.60000	10.0
10.61667	10.0
10.63333	10.0
10.65000	10.0
10.66667	10.0
10.68333	10.0
10.70000	10.0
10.71667	10.0
10.73333	10.0
10.75000	10.0
10.76667	10.0
10.78333	10.0
10.80000	10.0
10.81667	10.0
10.83333	10.0
10.85000	10.0
10.86667	10.0
10.88333	10.0
10.90000	10.0
10.91667	10.0
10.93333	10.0
10.95000	10.0
10.96667	10.0
10.98333	10.0
11.00000	10.0
11.01667	10.0
11.03333	10.0
11.05000	10.0
11.06667	10.0
11.08333	10.0
11.10000	10.0
11.11667	10.0
11.13333	10.0
11.15000	10.0
11.16667	10.0
11.18333	10.0
11.20000	10.0
11.21667	10.0
11.23333	10.0
11.25000	10.0
11.26667	10.0
11.28333	10.0
11.30000	10.0
11.31667	10.0
11.33333	10.0
11.35000	10.0
11.36667	10.0
11.38333	10.0
11.40000	10.0
11.41667	10.0
11.43333	10.0
11.45000	10.0
11.46667	10.0
11.48333	10.0
11.50000	10.0
11.51667	10.0
11.53333	10.0
11.55000	10.0
11.56667	10.0
11.58333	10.0
11.60000	10.0
11.61667	10.0
11.63333	10.0
11.65000	10.0
11.66667	10.0
11.68333	10.0
11.70000	10.0
11.71667	10.0
11.73333	10.0
11.75000	10.0
11.76667	10.0
11.78333	10.0
11.80000	10.0
11.81667	10.0
11.83333	10.0
11.85000	10.0
11.86667	10.0
11.88333	10.0
11.90000	10.0
11.91667	10.0
11.93333	10.0
11.95000	10.0
11.96667	10.0
11.98333	10.0
12.00000	10.0
12.01667	10.0
12.03333	10.0
12.05000	10.0
12.06667	10.0
12.08333	10.0
12.10000	10.0
12.11667	10.0
12.13333	10.0
12.15000	10.0
12.16667	10.0
12.18333	10.0
12.20000	10.0
12.21667	10.0
12.23333	10.0
12.25000	10.0
12.26667	10.0
12.28333	10.0
12.30000	10.0
12.31667	10.0
12.33333	10.0
12.35000	10.0
12.36667	10.0
12.38333	10.0
12.40000	10.0
12.41667	10.0
12.43333	10.0
12.45000	10.0
12.46667	10.0
12.48333	10.0
12.50000	10.0
12.51667	10.0
12.53333	10.0
12.55000	10.0
12.56667	10.0
12.58333	10.0
12.60000	10.0
12.61667	10.0
12.63333	10.0
12.65000	10.0
12.66667	10.0
12.68333	10.0
12.70000	10.0
12.71667	10.0
12.73333	10.0
12.75000	10.0
12.76667	10.0
12.78333	10.0
12.80000	10.0
12.81667	10.0
12.83333	10.0
12.85000	10.0
12.86667	10.0
12.88333	10.0
12.90000	10.0
12.91667	10.0
12.93333	10.0
12.95000	10.0
12.96667	10.0
12.98333	10.0
13.00000	10.0
13.01667	10.0
13.03333	10.0
13.05000	10.0
13.06667	10.0
13.08333	10.0
13.10000	10.0
13.11667	10.0
13.13333	10.0
13.15000	10.0
13.16667	10.0
13.18333	10.0
13.20000	10.0
13.21667	10.0
13.23333	10.0
13.25000	10.0
13.26667	10.0
13.28333	10.0
13.30000	10.0
13.31667	10.0
13.33333	10.0
13.35000	10.0
13.36667	10.0
13.38333	10.0
13.40000	10.0
13.41667	10.0
13.43333	10.0
13.45000	10.0
13.46667	10.0
13.48333	10.0
13.50000	10.0
13.51667	10.0
13.53333	10.0
13.55000	10.0
13.56667	10.0
13.58333	10.0
13.60000	10.0
13.61667	10.0
13.63333	10.0
13.65000	10.0
13.66667	10.0
13.68333	10.0
13.70000	10.0
13.71667	10.0
13.73333	10.0
13.75000	10.0
13.76667	10.0
13.78333	10.0
13.80000	10.0
13.81667	10.0
13.83333	10.0
13.85000	10.0
13.86667	10.0
13.88333	10.0
13.90000	10.0
13.91667	10.0
13.93333	10.0
13.95000	10.0
13.96667	10.0
13.98333	10.0
14.00000	10.0
14.01667	10.0
14.03333	10.0
14.05000	10.0
14.06667	10.0
14.08333	10.0
14.10000	10.0
14.11667	10.0
14.13333	10.0
14.15000	10.0
14.16667	10.0
14.18333	10.0
14.20000	10.0
14.21667	10.0
14.23333	10.0
14.25000	10.0
14.26667	10.0
14.28333	10.0
14.30000	10.0
14.31667	10.0
14.33333	10.0
14.35000	10.0
14.36667	10.0
14.38333	10.0
14.40000	10.0
14.41667	10.0
14.43333	10.0
14.45000	10.0
14.46667	10.0
14.48333	10.0
14.50000	10.0
14.51667	10.0
14.53333	10.0
14.55000	10.0
14.56667	10.0
14.58333	10.0
14.60000	10.0
14.61667	10.0
14.63333	10.0
14.65000	10.0
14.66667	10.0
14.68333	10.0
14.70000	10.0
14.71667	10.0
14.73333	10.0
14.75000	10.0
14.76667	10.0
14.78333	10.0
14.80000	10.0
14.81667	10.0
14.83333	10.0
14.85000	10.0
14.86667	10.0
14.88333	10.0
14.90000	10.0
14.91667	10.0
14.93333	10.0
14.95000	10.0
14.96667	10.0
14.98333	10.0
15.00000	10.0

[LC Status Trace(Oven Temp.)]
Interval(msec)	1000
# of Points	901
Start Time(min)	0.000
End Time(min)	15.000
Intensity Units	C
Intensity Multiplier	1
R.Time (min)	Intensity
0.00000	59.99
0.01667	59.99
0.03333	59.99
0.05000	59.99
0.06667	59.99
0.08333	59.99
0.10000	59.99
0.11667	59.99
0.13333	59.99
0.15000	59.99
0.16667	59.99
0.18333	59.99
0.20000	59.99
0.21667	59.99
0.23333	59.99
0.25000	59.99
0.26667	59.99
0.28333	59.99
0.30000	59.99
0.31667	59.99
0.33333	59.99
0.35000	59.99
0.36667	59.99
0.38333	59.99
0.40000	59.99
0.41667	59.99
0.43333	59.99
0.45000	59.99
0.46667	59.99
0.48333	59.99
0.50000	59.99
0.51667	59.99
0.53333	59.99
0.55000	59.99
0.56667	59.99
0.58333	59.99
0.60000	59.99
0.61667	59.99
0.63333	59.99
0.65000	59.99
0.66667	59.99
0.68333	59.99
0.70000	59.99
0.71667	59.99
0.73333	59.99
0.75000	59.99
0.76667	59.99
0.78333	59.99
0.80000	59.99
0.81667	59.99
0.83333	59.99
0.85000	59.99
0.86667	59.99
0.88333	59.99
0.90000	59.99
0.91667	59.99
0.93333	59.99
0.95000	59.99
0.96667	59.99
0.98333	59.99
1.00000	59.99
1.01667	59.99
1.03333	59.99
1.05000	59.99
1.06667	59.99
1.08333	59.99
1.10000	59.99
1.11667	59.99
1.13333	60.00
1.15000	60.00
1.16667	60.00
1.18333	60.00
1.20000	60.00
1.21667	60.00
1.23333	60.00
1.25000	60.00
1.26667	60.00
1.28333	60.00
1.30000	60.00
1.31667	60.00
1.33333	60.00
1.35000	60.00
1.36667	60.00
1.38333	60.00
1.40000	60.00
1.41667	60.00
1.43333	60.00
1.45000	60.00
1.46667	60.00
1.48333	60.00
1.50000	60.00
1.51667	60.00
1.53333	60.00
1.55000	60.00
1.56667	60.00
1.58333	60.00
1.60000	60.00
1.61667	60.00
1.63333	60.00
1.65000	60.00
1.66667	60.00
1.68333	60.00
1.70000	60.00
1.71667	60.00
1.73333	60.00
1.75000	60.00
1.76667	60.00
1.78333	60.00
1.80000	60.00
1.81667	60.00
1.83333	60.00
1.85000	60.00
1.86667	60.00
1.88333	60.00
1.90000	60.00
1.91667	60.00
1.93333	59.99
1.95000	59.99
1.96667	59.99
1.98333	59.99
2.00000	59.99
2.01667	59.99
2.03333	59.99
2.05000	59.99
2.06667	59.99
2.08333	59.99
2.10000	59.99
2.11667	59.99
2.13333	59.99
2.15000	59.99
2.16667	59.99
2.18333	59.99
2.20000	59.99
2.21667	59.99
2.23333	59.99
2.25000	59.99
2.26667	59.99
2.28333	59.99
2.30000	59.99
2.31667	59.99
2.33333	59.99
2.35000	59.99
2.36667	59.99
2.38333	59.99
2.40000	59.99
2.41667	59.99
2.43333	59.99
2.45000	59.99
2.46667	59.99
2.48333	59.99
2.50000	60.00
2.51667	60.00
2.53333	60.00
2.55000	60.00
2.56667	60.00
2.58333	60.00
2.60000	60.00
2.61667	60.00
2.63333	60.00
2.65000	60.00
2.66667	60.00
2.68333	60.00
2.70000	60.00
2.71667	60.00
2.73333	60.00
2.75000	60.00
2.76667	60.00
2.78333	60.00
2.80000	60.00
2.81667	60.00
2.83333	60.00
2.85000	60.00
2.86667	60.00
2.88333	60.00
2.90000	60.00
2.91667	60.00
2.93333	60.00
2.95000	60.00
2.96667	60.00
2.98333	60.00
3.00000	60.00
3.01667	60.00
3.03333	60.00
3.05000	60.00
3.06667	60.00
3.08333	60.00
3.10000	60.00
3.11667	60.00
3.13333	60.00
3.15000	60.00
3.16667	60.00
3.18333	60.00
3.20000	60.00
3.21667	60.00
3.23333	60.00
3.25000	60.00
3.26667	60.00
3.28333	60.00
3.30000	60.00
3.31667	60.00
3.33333	60.00
3.35000	60.00
3.36667	60.00
3.38333	60.00
3.40000	60.00
3.41667	60.00
3.43333	60.00
3.45000	60.00
3.46667	60.00
3.48333	60.00
3.50000	60.00
3.51667	60.00
3.53333	60.00
3.55000	60.00
3.56667	60.00
3.58333	60.00
3.60000	60.00
3.61667	60.00
3.63333	60.00
3.65000	60.00
3.66667	60.00
3.68333	60.00
3.70000	60.00
3.71667	60.00
3.73333	60.00
3.75000	60.00
3.76667	60.00
3.78333	60.00
3.80000	60.00
3.81667	60.00
3.83333	60.00
3.85000	60.00
3.86667	60.00
3.88333	60.00
3.90000	60.00
3.91667	60.00
3.93333	60.00
3.95000	60.00
3.96667	60.00
3.98333	60.00
4.00000	60.00
4.01667	60.00
4.03333	60.00
4.05000	60.00
4.06667	59.99
4.08333	59.99
4.10000	59.99
4.11667	59.99
4.13333	59.99
4.15000	59.99
4.16667	59.99
4.18333	59.99
4.20000	59.99
4.21667	59.99
4.23333	59.99
4.25000	59.99
4.26667	59.99
4.28333	59.99
4.30000	59.99
4.31667	59.99
4.33333	59.99
4.35000	59.99
4.36667	59.99
4.38333	59.99
4.40000	59.99
4.41667	59.99
4.43333	59.99
4.45000	59.99
4.46667	59.99
4.48333	59.99
4.50000	59.99
4.51667	59.99
4.53333	59.99
4.55000	59.99
4.56667	59.99
4.58333	59.99
4.60000	59.99
4.61667	59.99
4.63333	59.99
4.65000	59.99
4.66667	59.99
4.68333	59.99
4.70000	59.99
4.71667	59.99
4.73333	59.99
4.75000	59.99
4.76667	59.99
4.78333	59.99
4.80000	59.99
4.81667	59.99
4.83333	59.99
4.85000	59.99
4.86667	60.00
4.88333	60.00
4.90000	60.00
4.91667	60.00
4.93333	60.00
4.95000	60.00
4.96667	60.00
4.98333	60.00
5.00000	60.00
5.01667	60.00
5.03333	60.00
5.05000	60.00
5.06667	60.00
5.08333	60.00
5.10000	60.00
5.11667	60.00
5.13333	60.00
5.15000	60.00
5.16667	60.00
5.18333	60.00
5.20000	60.00
5.21667	60.00
5.23333	60.00
5.25000	60.00
5.26667	60.00
5.28333	60.00
5.30000	60.00
5.31667	60.00
5.33333	60.00
5.35000	60.00
5.36667	60.00
5.38333	60.00
5.40000	60.00
5.41667	60.00
5.43333	60.00
5.45000	60.00
5.46667	60.00
5.48333	60.00
5.50000	60.00
5.51667	60.00
5.53333	60.00
5.55000	60.00
5.56667	60.00
5.58333	60.00
5.60000	60.00
5.61667	60.00
5.63333	60.00
5.65000	60.00
5.66667	60.00
5.68333	60.00
5.70000	60.00
5.71667	60.00
5.73333	60.00
5.75000	60.00
5.76667	60.00
5.78333	60.00
5.80000	60.00
5.81667	60.00
5.83333	60.00
5.85000	60.00
5.86667	60.00
5.88333	60.00
5.90000	60.00
5.91667	60.00
5.93333	60.00
5.95000	60.00
5.96667	59.99
5.98333	59.99
6.00000	59.99
6.01667	59.99
6.03333	59.99
6.05000	59.99
6.06667	59.99
6.08333	59.99
6.10000	59.99
6.11667	59.99
6.13333	59.99
6.15000	59.99
6.16667	59.99
6.18333	59.99
6.20000	59.99
6.21667	59.99
6.23333	59.99
6.25000	59.99
6.26667	59.99
6.28333	59.99
6.30000	59.99
6.31667	59.99
6.33333	59.99
6.35000	59.99
6.36667	59.99
6.38333	59.99
6.40000	59.99
6.41667	59.99
6.43333	59.99
6.45000	59.99
6.46667	59.99
6.48333	59.99
6.50000	59.99
6.51667	59.99
6.53333	59.99
6.55000	59.99
6.56667	59.99
6.58333	59.99
6.60000	59.99
6.61667	59.99
6.63333	59.99
6.65000	59.99
6.66667	59.99
6.68333	59.99
6.70000	59.99
6.71667	59.99
6.73333	59.99
6.75000	59.99
6.76667	59.99
6.78333	59.99
6.80000	59.99
6.81667	59.99
6.83333	59.99
6.85000	59.99
6.86667	59.99
6.88333	59.99
6.90000	59.99
6.91667	59.99
6.93333	59.99
6.95000	59.99
6.96667	59.99
6.98333	60.00
7.00000	60.00
7.01667	60.00
7.03333	60.00
7.05000	60.00
7.06667	60.00
7.08333	60.00
7.10000	60.00
7.11667	60.00
7.13333	60.00
7.15000	60.00
7.16667	60.00
7.18333	60.00
7.20000	60.00
7.21667	60.00
7.23333	60.00
7.25000	60.00
7.26667	60.00
7.28333	60.00
7.30000	60.00
7.31667	60.00
7.33333	60.00
7.35000	60.00
7.36667	60.00
7.38333	60.00
7.40000	60.00
7.41667	60.00
7.43333	60.00
7.45000	60.00
7.46667	60.00
7.48333	60.00
7.50000	60.00
7.51667	60.00
7.53333	60.00
7.55000	60.00
7.56667	60.00
7.58333	60.00
7.60000	60.00
7.61667	60.00
7.63333	60.00
7.65000	60.00
7.66667	60.00
7.68333	60.00
7.70000	60.00
7.71667	60.00
7.73333	59.99
7.75000	59.99
7.76667	59.99
7.78333	59.99
7.80000	59.99
7.81667	59.99
7.83333	59.99
7.85000	59.99
7.86667	59.99
7.88333	59.99
7.90000	59.99
7.91667	59.99
7.93333	60.00
7.95000	60.00
7.96667	60.00
7.98333	60.00
8.00000	60.00
8.01667	60.00
8.03333	60.00
8.05000	60.00
8.06667	60.00
8.08333	60.00
8.10000	60.00
8.11667	60.00
8.13333	60.00
8.15000	60.00
8.16667	60.00
8.18333	60.00
8.20000	60.00
8.21667	60.00
8.23333	60.00
8.25000	60.00
8.26667	60.00
8.28333	60.00
8.30000	60.00
8.31667	60.00
8.33333	60.00
8.35000	60.00
8.36667	60.00
8.38333	60.00
8.40000	60.00
8.41667	60.00
8.43333	60.00
8.45000	60.00
8.46667	59.99
8.48333	59.99
8.50000	59.99
8.51667	59.99
8.53333	59.99
8.55000	59.99
8.56667	59.99
8.58333	59.99
8.60000	59.99
8.61667	59.99
8.63333	59.99
8.65000	59.99
8.66667	59.99
8.68333	59.99
8.70000	59.99
8.71667	59.99
8.73333	59.99
8.75000	59.99
8.76667	59.99
8.78333	59.99
8.80000	59.99
8.81667	59.99
8.83333	59.99
8.85000	59.99
8.86667	59.99
8.88333	59.99
8.90000	59.99
8.91667	59.99
8.93333	59.99
8.95000	59.99
8.96667	59.99
8.98333	59.99
9.00000	59.99
9.01667	59.99
9.03333	59.99
9.05000	59.99
9.06667	59.99
9.08333	59.99
9.10000	59.99
9.11667	60.00
9.13333	60.00
9.15000	60.00
9.16667	60.00
9.18333	60.00
9.20000	60.00
9.21667	60.00
9.23333	60.00
9.25000	60.00
9.26667	60.00
9.28333	60.00
9.30000	60.00
9.31667	60.00
9.33333	60.00
9.35000	60.00
9.36667	60.00
9.38333	60.00
9.40000	60.00
9.41667	60.00
9.43333	60.00
9.45000	60.00
9.46667	60.00
9.48333	60.00
9.50000	60.00
9.51667	60.00
9.53333	60.00
9.55000	60.00
9.56667	60.00
9.58333	60.00
9.60000	60.00
9.61667	60.00
9.63333	60.00
9.65000	60.00
9.66667	60.00
9.68333	60.00
9.70000	60.00
9.71667	60.00
9.73333	60.00
9.75000	60.00
9.76667	60.00
9.78333	59.99
9.80000	59.99
9.81667	59.99
9.83333	59.99
9.85000	59.99
9.86667	59.99
9.88333	59.99
9.90000	59.99
9.91667	59.99
9.93333	59.99
9.95000	59.99
9.96667	59.99
9.98333	59.99
10.00000	59.99
10.01667	59.99
10.03333	59.99
10.05000	59.99
10.06667	59.99
10.08333	59.99
10.10000	59.99
10.11667	59.99
10.13333	59.99
10.15000	59.99
10.16667	59.99
10.18333	59.99
10.20000	59.99
10.21667	59.99
10.23333	59.99
10.25000	59.99
10.26667	59.99
10.28333	59.99
10.30000	59.99
10.31667	59.99
10.33333	59.99
10.35000	59.99
10.36667	59.99
10.38333	59.99
10.40000	59.99
10.41667	59.99
10.43333	59.99
10.45000	59.99
10.46667	59.99
10.48333	59.99
10.50000	59.99
10.51667	59.99
10.53333	60.00
10.55000	60.00
10.56667	60.00
10.58333	60.00
10.60000	60.00
10.61667	60.00
10.63333	60.00
10.65000	60.00
10.66667	60.00
10.68333	60.00
10.70000	60.00
10.71667	60.00
10.73333	60.01
10.75000	60.01
10.76667	60.01
10.78333	60.01
10.80000	60.01
10.81667	60.01
10.83333	60.01
10.85000	60.01
10.86667	60.01
10.88333	60.01
10.90000	60.01
10.91667	60.01
10.93333	60.01
10.95000	60.01
10.96667	60.01
10.98333	60.01
11.00000	60.01
11.01667	60.01
11.03333	60.01
11.05000	60.01
11.06667	60.01
11.08333	60.01
11.10000	60.01
11.11667	60.01
11.13333	60.01
11.15000	60.01
11.16667	60.00
11.18333	60.00
11.20000	60.00
11.21667	60.00
11.23333	60.00
11.25000	60.00
11.26667	60.00
11.28333	60.00
11.30000	60.00
11.31667	60.00
11.33333	59.99
11.35000	59.99
11.36667	59.99
11.38333	59.99
11.40000	59.99
11.41667	59.99
11.43333	59.99
11.45000	59.99
11.46667	59.99
11.48333	59.99
11.50000	59.99
11.51667	59.99
11.53333	59.99
11.55000	59.99
11.56667	59.99
11.58333	59.99
11.60000	59.99
11.61667	59.99
11.63333	59.99
11.65000	59.99
11.66667	59.99
11.68333	59.99
11.70000	59.99
11.71667	59.99
11.73333	59.99
11.75000	59.99
11.76667	59.99
11.78333	59.99
11.80000	59.99
11.81667	59.99
11.83333	59.99
11.85000	59.99
11.86667	59.99
11.88333	59.99
11.90000	59.99
11.91667	59.99
11.93333	59.99
11.95000	59.99
11.96667	59.99
11.98333	59.99
12.00000	60.00
12.01667	60.00
12.03333	60.00
12.05000	60.00
12.06667	60.00
12.08333	60.00
12.10000	60.00
12.11667	60.00
12.13333	60.00
12.15000	60.00
12.16667	60.00
12.18333	60.00
12.20000	60.00
12.21667	60.00
12.23333	59.99
12.25000	60.00
12.26667	60.00
12.28333	59.99
12.30000	59.99
12.31667	59.99
12.33333	59.99
12.35000	59.99
12.36667	59.99
12.38333	59.99
12.40000	59.99
12.41667	59.99
12.43333	59.99
12.45000	59.99
12.46667	59.99
12.48333	59.99
12.50000	59.99
12.51667	59.99
12.53333	59.99
12.55000	59.99
12.56667	59.99
12.58333	59.99
12.60000	59.99
12.61667	59.99
12.63333	59.99
12.65000	59.99
12.66667	59.99
12.68333	59.99
12.70000	59.99
12.71667	59.99
12.73333	59.99
12.75000	59.99
12.76667	59.99
12.78333	59.99
12.80000	59.99
12.81667	59.99
12.83333	59.99
12.85000	59.99
12.86667	59.99
12.88333	59.99
12.90000	59.99
12.91667	59.99
12.93333	60.00
12.95000	60.00
12.96667	60.00
12.98333	60.00
13.00000	60.00
13.01667	60.00
13.03333	60.00
13.05000	60.00
13.06667	60.00
13.08333	60.00
13.10000	60.00
13.11667	60.00
13.13333	60.00
13.15000	60.00
13.16667	60.00
13.18333	60.00
13.20000	60.00
13.21667	60.00
13.23333	60.00
13.25000	60.00
13.26667	59.99
13.28333	59.99
13.30000	59.99
13.31667	59.99
13.33333	59.99
13.35000	59.99
13.36667	59.99
13.38333	59.99
13.40000	59.99
13.41667	59.99
13.43333	59.99
13.45000	59.99
13.46667	59.99
13.48333	59.99
13.50000	59.99
13.51667	59.99
13.53333	59.99
13.55000	59.99
13.56667	59.99
13.58333	59.99
13.60000	59.99
13.61667	59.99
13.63333	59.99
13.65000	59.99
13.66667	59.99
13.68333	59.99
13.70000	59.99
13.71667	59.99
13.73333	59.99
13.75000	59.99
13.76667	59.99
13.78333	59.99
13.80000	59.99
13.81667	59.99
13.83333	59.99
13.85000	59.99
13.86667	59.99
13.88333	59.99
13.90000	59.99
13.91667	59.99
13.93333	59.99
13.95000	59.99
13.96667	59.99
13.98333	59.99
14.00000	59.99
14.01667	59.99
14.03333	59.99
14.05000	59.99
14.06667	59.99
14.08333	59.99
14.10000	59.99
14.11667	59.99
14.13333	59.99
14.15000	59.99
14.16667	59.99
14.18333	59.99
14.20000	59.99
14.21667	59.99
14.23333	59.99
14.25000	59.99
14.26667	59.99
14.28333	59.99
14.30000	59.99
14.31667	60.00
14.33333	60.00
14.35000	60.00
14.36667	60.00
14.38333	60.00
14.40000	60.00
14.41667	60.00
14.43333	60.00
14.45000	60.00
14.46667	60.00
14.48333	60.00
14.50000	59.99
14.51667	59.99
14.53333	59.99
14.55000	59.99
14.56667	59.99
14.58333	59.99
14.60000	59.99
14.61667	59.99
14.63333	59.99
14.65000	59.99
14.66667	59.99
14.68333	59.99
14.70000	59.99
14.71667	59.99
14.73333	59.99
14.75000	59.99
14.76667	59.99
14.78333	59.99
14.80000	59.99
14.81667	59.99
14.83333	59.99
14.85000	59.99
14.86667	59.99
14.88333	59.99
14.90000	59.99
14.91667	59.99
14.93333	59.99
14.95000	59.99
14.96667	59.99
14.98333	59.99
15.00000	59.99

[LC Status Trace(Room Temp.)]
Interval(msec)	1000
# of Points	901
Start Time(min)	0.000
End Time(min)	15.000
Intensity Units	C
Intensity Multiplier	1
R.Time (min)	Intensity
0.00000	26.52
0.01667	26.52
0.03333	26.52
0.05000	26.52
0.06667	26.52
0.08333	26.52
0.10000	26.52
0.11667	26.51
0.13333	26.51
0.15000	26.51
0.16667	26.51
0.18333	26.51
0.20000	26.51
0.21667	26.51
0.23333	26.51
0.25000	26.51
0.26667	26.51
0.28333	26.51
0.30000	26.51
0.31667	26.51
0.33333	26.51
0.35000	26.51
0.36667	26.51
0.38333	26.51
0.40000	26.51
0.41667	26.51
0.43333	26.51
0.45000	26.50
0.46667	26.50
0.48333	26.50
0.50000	26.50
0.51667	26.50
0.53333	26.50
0.55000	26.50
0.56667	26.50
0.58333	26.50
0.60000	26.50
0.61667	26.51
0.63333	26.51
0.65000	26.51
0.66667	26.51
0.68333	26.51
0.70000	26.52
0.71667	26.52
0.73333	26.52
0.75000	26.52
0.76667	26.52
0.78333	26.53
0.80000	26.53
0.81667	26.53
0.83333	26.53
0.85000	26.53
0.86667	26.53
0.88333	26.54
0.90000	26.54
0.91667	26.54
0.93333	26.53
0.95000	26.53
0.96667	26.53
0.98333	26.53
1.00000	26.53
1.01667	26.53
1.03333	26.53
1.05000	26.53
1.06667	26.53
1.08333	26.53
1.10000	26.53
1.11667	26.53
1.13333	26.53
1.15000	26.53
1.16667	26.53
1.18333	26.53
1.20000	26.53
1.21667	26.53
1.23333	26.53
1.25000	26.53
1.26667	26.53
1.28333	26.53
1.30000	26.53
1.31667	26.53
1.33333	26.53
1.35000	26.53
1.36667	26.54
1.38333	26.54
1.40000	26.54
1.41667	26.54
1.43333	26.54
1.45000	26.54
1.46667	26.54
1.48333	26.54
1.50000	26.53
1.51667	26.53
1.53333	26.53
1.55000	26.53
1.56667	26.53
1.58333	26.53
1.60000	26.53
1.61667	26.53
1.63333	26.52
1.65000	26.52
1.66667	26.52
1.68333	26.52
1.70000	26.52
1.71667	26.52
1.73333	26.52
1.75000	26.52
1.76667	26.52
1.78333	26.52
1.80000	26.52
1.81667	26.52
1.83333	26.52
1.85000	26.52
1.86667	26.52
1.88333	26.52
1.90000	26.52
1.91667	26.52
1.93333	26.52
1.95000	26.52
1.96667	26.52
1.98333	26.52
2.00000	26.52
2.01667	26.52
2.03333	26.52
2.05000	26.52
2.06667	26.52
2.08333	26.51
2.10000	26.51
2.11667	26.51
2.13333	26.51
2.15000	26.51
2.16667	26.51
2.18333	26.51
2.20000	26.51
2.21667	26.51
2.23333	26.51
2.25000	26.51
2.26667	26.51
2.28333	26.51
2.30000	26.51
2.31667	26.51
2.33333	26.51
2.35000	26.51
2.36667	26.51
2.38333	26.51
2.40000	26.51
2.41667	26.51
2.43333	26.51
2.45000	26.52
2.46667	26.52
2.48333	26.52
2.50000	26.52
2.51667	26.52
2.53333	26.52
2.55000	26.52
2.56667	26.53
2.58333	26.53
2.60000	26.53
2.61667	26.53
2.63333	26.54
2.65000	26.54
2.66667	26.54
2.68333	26.54
2.70000	26.54
2.71667	26.54
2.73333	26.54
2.75000	26.54
2.76667	26.53
2.78333	26.53
2.80000	26.53
2.81667	26.53
2.83333	26.53
2.85000	26.53
2.86667	26.53
2.88333	26.53
2.90000	26.53
2.91667	26.53
2.93333	26.53
2.95000	26.53
2.96667	26.53
2.98333	26.53
3.00000	26.53
3.01667	26.53
3.03333	26.53
3.05000	26.53
3.06667	26.53
3.08333	26.53
3.10000	26.53
3.11667	26.53
3.13333	26.53
3.15000	26.53
3.16667	26.53
3.18333	26.53
3.20000	26.53
3.21667	26.53
3.23333	26.53
3.25000	26.53
3.26667	26.53
3.28333	26.53
3.30000	26.53
3.31667	26.53
3.33333	26.53
3.35000	26.53
3.36667	26.53
3.38333	26.53
3.40000	26.53
3.41667	26.53
3.43333	26.52
3.45000	26.52
3.46667	26.52
3.48333	26.52
3.50000	26.52
3.51667	26.52
3.53333	26.52
3.55000	26.52
3.56667	26.52
3.58333	26.52
3.60000	26.52
3.61667	26.53
3.63333	26.53
3.65000	26.53
3.66667	26.53
3.68333	26.53
3.70000	26.53
3.71667	26.53
3.73333	26.54
3.75000	26.54
3.76667	26.54
3.78333	26.55
3.80000	26.55
3.81667	26.55
3.83333	26.55
3.85000	26.55
3.86667	26.56
3.88333	26.56
3.90000	26.56
3.91667	26.56
3.93333	26.56
3.95000	26.55
3.96667	26.55
3.98333	26.55
4.00000	26.55
4.01667	26.54
4.03333	26.54
4.05000	26.54
4.06667	26.54
4.08333	26.54
4.10000	26.54
4.11667	26.53
4.13333	26.53
4.15000	26.53
4.16667	26.53
4.18333	26.53
4.20000	26.53
4.21667	26.53
4.23333	26.53
4.25000	26.53
4.26667	26.53
4.28333	26.52
4.30000	26.52
4.31667	26.52
4.33333	26.52
4.35000	26.52
4.36667	26.52
4.38333	26.52
4.40000	26.52
4.41667	26.52
4.43333	26.52
4.45000	26.52
4.46667	26.52
4.48333	26.52
4.50000	26.52
4.51667	26.52
4.53333	26.52
4.55000	26.52
4.56667	26.52
4.58333	26.52
4.60000	26.51
4.61667	26.51
4.63333	26.51
4.65000	26.51
4.66667	26.51
4.68333	26.51
4.70000	26.51
4.71667	26.51
4.73333	26.50
4.75000	26.50
4.76667	26.50
4.78333	26.50
4.80000	26.50
4.81667	26.50
4.83333	26.49
4.85000	26.49
4.86667	26.49
4.88333	26.49
4.90000	26.49
4.91667	26.49
4.93333	26.49
4.95000	26.49
4.96667	26.49
4.98333	26.49
5.00000	26.49
5.01667	26.48
5.03333	26.48
5.05000	26.48
5.06667	26.48
5.08333	26.48
5.10000	26.48
5.11667	26.48
5.13333	26.48
5.15000	26.48
5.16667	26.48
5.18333	26.48
5.20000	26.48
5.21667	26.48
5.23333	26.48
5.25000	26.48
5.26667	26.48
5.28333	26.48
5.30000	26.48
5.31667	26.48
5.33333	26.48
5.35000	26.48
5.36667	26.48
5.38333	26.48
5.40000	26.48
5.41667	26.48
5.43333	26.48
5.45000	26.48
5.46667	26.48
5.48333	26.48
5.50000	26.48
5.51667	26.48
5.53333	26.49
5.55000	26.49
5.56667	26.49
5.58333	26.49
5.60000	26.49
5.61667	26.50
5.63333	26.50
5.65000	26.50
5.66667	26.50
5.68333	26.50
5.70000	26.50
5.71667	26.50
5.73333	26.50
5.75000	26.50
5.76667	26.50
5.78333	26.50
5.80000	26.50
5.81667	26.50
5.83333	26.50
5.85000	26.50
5.86667	26.50
5.88333	26.50
5.90000	26.50
5.91667	26.49
5.93333	26.49
5.95000	26.49
5.96667	26.49
5.98333	26.49
6.00000	26.49
6.01667	26.49
6.03333	26.49
6.05000	26.48
6.06667	26.48
6.08333	26.48
6.10000	26.48
6.11667	26.49
6.13333	26.49
6.15000	26.49
6.16667	26.49
6.18333	26.49
6.20000	26.49
6.21667	26.49
6.23333	26.49
6.25000	26.49
6.26667	26.49
6.28333	26.49
6.30000	26.49
6.31667	26.49
6.33333	26.49
6.35000	26.49
6.36667	26.49
6.38333	26.49
6.40000	26.49
6.41667	26.49
6.43333	26.49
6.45000	26.49
6.46667	26.49
6.48333	26.49
6.50000	26.49
6.51667	26.50
6.53333	26.50
6.55000	26.50
6.56667	26.50
6.58333	26.50
6.60000	26.50
6.61667	26.50
6.63333	26.50
6.65000	26.50
6.66667	26.50
6.68333	26.50
6.70000	26.50
6.71667	26.50
6.73333	26.50
6.75000	26.50
6.76667	26.50
6.78333	26.50
6.80000	26.50
6.81667	26.50
6.83333	26.50
6.85000	26.50
6.86667	26.50
6.88333	26.50
6.90000	26.50
6.91667	26.50
6.93333	26.50
6.95000	26.50
6.96667	26.50
6.98333	26.50
7.00000	26.50
7.01667	26.50
7.03333	26.49
7.05000	26.49
7.06667	26.49
7.08333	26.49
7.10000	26.49
7.11667	26.49
7.13333	26.49
7.15000	26.49
7.16667	26.49
7.18333	26.49
7.20000	26.49
7.21667	26.49
7.23333	26.49
7.25000	26.49
7.26667	26.49
7.28333	26.48
7.30000	26.48
7.31667	26.48
7.33333	26.48
7.35000	26.48
7.36667	26.48
7.38333	26.48
7.40000	26.48
7.41667	26.48
7.43333	26.48
7.45000	26.48
7.46667	26.48
7.48333	26.49
7.50000	26.49
7.51667	26.49
7.53333	26.49
7.55000	26.49
7.56667	26.49
7.58333	26.49
7.60000	26.49
7.61667	26.49
7.63333	26.49
7.65000	26.49
7.66667	26.48
7.68333	26.48
7.70000	26.48
7.71667	26.48
7.73333	26.48
7.75000	26.48
7.76667	26.48
7.78333	26.48
7.80000	26.48
7.81667	26.48
7.83333	26.48
7.85000	26.48
7.86667	26.48
7.88333	26.48
7.90000	26.49
7.91667	26.49
7.93333	26.49
7.95000	26.48
7.96667	26.48
7.98333	26.48
8.00000	26.48
8.01667	26.49
8.03333	26.49
8.05000	26.49
8.06667	26.49
8.08333	26.49
8.10000	26.49
8.11667	26.49
8.13333	26.49
8.15000	26.49
8.16667	26.49
8.18333	26.49
8.20000	26.49
8.21667	26.49
8.23333	26.49
8.25000	26.49
8.26667	26.49
8.28333	26.49
8.30000	26.49
8.31667	26.49
8.33333	26.49
8.35000	26.49
8.36667	26.49
8.38333	26.49
8.40000	26.49
8.41667	26.49
8.43333	26.48
8.45000	26.48
8.46667	26.48
8.48333	26.48
8.50000	26.48
8.51667	26.48
8.53333	26.48
8.55000	26.47
8.56667	26.47
8.58333	26.47
8.60000	26.47
8.61667	26.47
8.63333	26.47
8.65000	26.47
8.66667	26.47
8.68333	26.47
8.70000	26.48
8.71667	26.48
8.73333	26.48
8.75000	26.48
8.76667	26.48
8.78333	26.48
8.80000	26.48
8.81667	26.48
8.83333	26.48
8.85000	26.48
8.86667	26.48
8.88333	26.48
8.90000	26.48
8.91667	26.48
8.93333	26.48
8.95000	26.48
8.96667	26.48
8.98333	26.48
9.00000	26.48
9.01667	26.47
9.03333	26.47
9.05000	26.47
9.06667	26.47
9.08333	26.47
9.10000	26.47
9.11667	26.47
9.13333	26.47
9.15000	26.47
9.16667	26.47
9.18333	26.47
9.20000	26.47
9.21667	26.46
9.23333	26.46
9.25000	26.46
9.26667	26.46
9.28333	26.46
9.30000	26.46
9.31667	26.46
9.33333	26.46
9.35000	26.46
9.36667	26.46
9.38333	26.46
9.40000	26.46
9.41667	26.46
9.43333	26.46
9.45000	26.47
9.46667	26.47
9.48333	26.47
9.50000	26.47
9.51667	26.47
9.53333	26.47
9.55000	26.47
9.56667	26.47
9.58333	26.48
9.60000	26.48
9.61667	26.48
9.63333	26.48
9.65000	26.48
9.66667	26.48
9.68333	26.48
9.70000	26.48
9.71667	26.48
9.73333	26.49
9.75000	26.49
9.76667	26.49
9.78333	26.49
9.80000	26.49
9.81667	26.49
9.83333	26.49
9.85000	26.49
9.86667	26.49
9.88333	26.49
9.90000	26.49
9.91667	26.49
9.93333	26.49
9.95000	26.48
9.96667	26.48
9.98333	26.48
10.00000	26.48
10.01667	26.48
10.03333	26.48
10.05000	26.48
10.06667	26.48
10.08333	26.48
10.10000	26.48
10.11667	26.48
10.13333	26.48
10.15000	26.48
10.16667	26.48
10.18333	26.48
10.20000	26.48
10.21667	26.48
10.23333	26.48
10.25000	26.49
10.26667	26.49
10.28333	26.49
10.30000	26.49
10.31667	26.49
10.33333	26.49
10.35000	26.49
10.36667	26.49
10.38333	26.49
10.40000	26.49
10.41667	26.49
10.43333	26.49
10.45000	26.49
10.46667	26.49
10.48333	26.49
10.50000	26.48
10.51667	26.48
10.53333	26.48
10.55000	26.47
10.56667	26.47
10.58333	26.47
10.60000	26.47
10.61667	26.47
10.63333	26.47
10.65000	26.47
10.66667	26.47
10.68333	26.47
10.70000	26.47
10.71667	26.47
10.73333	26.47
10.75000	26.47
10.76667	26.46
10.78333	26.47
10.80000	26.47
10.81667	26.47
10.83333	26.47
10.85000	26.47
10.86667	26.47
10.88333	26.47
10.90000	26.47
10.91667	26.47
10.93333	26.47
10.95000	26.48
10.96667	26.48
10.98333	26.48
11.00000	26.48
11.01667	26.49
11.03333	26.49
11.05000	26.49
11.06667	26.49
11.08333	26.49
11.10000	26.49
11.11667	26.49
11.13333	26.49
11.15000	26.49
11.16667	26.49
11.18333	26.50
11.20000	26.50
11.21667	26.50
11.23333	26.50
11.25000	26.50
11.26667	26.50
11.28333	26.50
11.30000	26.50
11.31667	26.50
11.33333	26.50
11.35000	26.50
11.36667	26.50
11.38333	26.50
11.40000	26.50
11.41667	26.49
11.43333	26.49
11.45000	26.49
11.46667	26.49
11.48333	26.49
11.50000	26.49
11.51667	26.49
11.53333	26.49
11.55000	26.49
11.56667	26.48
11.58333	26.48
11.60000	26.48
11.61667	26.48
11.63333	26.48
11.65000	26.48
11.66667	26.48
11.68333	26.48
11.70000	26.48
11.71667	26.48
11.73333	26.48
11.75000	26.48
11.76667	26.48
11.78333	26.48
11.80000	26.48
11.81667	26.48
11.83333	26.49
11.85000	26.49
11.86667	26.49
11.88333	26.49
11.90000	26.49
11.91667	26.49
11.93333	26.49
11.95000	26.49
11.96667	26.49
11.98333	26.49
12.00000	26.49
12.01667	26.49
12.03333	26.50
12.05000	26.50
12.06667	26.50
12.08333	26.50
12.10000	26.50
12.11667	26.50
12.13333	26.49
12.15000	26.49
12.16667	26.49
12.18333	26.49
12.20000	26.49
12.21667	26.49
12.23333	26.48
12.25000	26.48
12.26667	26.48
12.28333	26.48
12.30000	26.48
12.31667	26.48
12.33333	26.48
12.35000	26.48
12.36667	26.48
12.38333	26.48
12.40000	26.48
12.41667	26.48
12.43333	26.48
12.45000	26.48
12.46667	26.48
12.48333	26.48
12.50000	26.48
12.51667	26.48
12.53333	26.48
12.55000	26.48
12.56667	26.48
12.58333	26.47
12.60000	26.47
12.61667	26.47
12.63333	26.47
12.65000	26.46
12.66667	26.46
12.68333	26.46
12.70000	26.46
12.71667	26.46
12.73333	26.47
12.75000	26.47
12.76667	26.47
12.78333	26.47
12.80000	26.47
12.81667	26.48
12.83333	26.48
12.85000	26.48
12.86667	26.48
12.88333	26.48
12.90000	26.49
12.91667	26.50
12.93333	26.50
12.95000	26.50
12.96667	26.50
12.98333	26.50
13.00000	26.50
13.01667	26.51
13.03333	26.51
13.05000	26.51
13.06667	26.51
13.08333	26.51
13.10000	26.51
13.11667	26.51
13.13333	26.51
13.15000	26.51
13.16667	26.51
13.18333	26.51
13.20000	26.51
13.21667	26.51
13.23333	26.50
13.25000	26.50
13.26667	26.50
13.28333	26.50
13.30000	26.50
13.31667	26.50
13.33333	26.49
13.35000	26.49
13.36667	26.49
13.38333	26.49
13.40000	26.49
13.41667	26.49
13.43333	26.48
13.45000	26.48
13.46667	26.48
13.48333	26.48
13.50000	26.48
13.51667	26.48
13.53333	26.48
13.55000	26.48
13.56667	26.49
13.58333	26.49
13.60000	26.49
13.61667	26.49
13.63333	26.49
13.65000	26.49
13.66667	26.49
13.68333	26.49
13.70000	26.49
13.71667	26.49
13.73333	26.49
13.75000	26.49
13.76667	26.49
13.78333	26.49
13.80000	26.49
13.81667	26.49
13.83333	26.49
13.85000	26.49
13.86667	26.49
13.88333	26.49
13.90000	26.49
13.91667	26.50
13.93333	26.50
13.95000	26.50
13.96667	26.50
13.98333	26.50
14.00000	26.50
14.01667	26.50
14.03333	26.50
14.05000	26.50
14.06667	26.50
14.08333	26.51
14.10000	26.51
14.11667	26.51
14.13333	26.51
14.15000	26.51
14.16667	26.50
14.18333	26.50
14.20000	26.50
14.21667	26.50
14.23333	26.50
14.25000	26.50
14.26667	26.50
14.28333	26.50
14.30000	26.50
14.31667	26.50
14.33333	26.50
14.35000	26.51
14.36667	26.51
14.38333	26.51
14.40000	26.51
14.41667	26.52
14.43333	26.52
14.45000	26.52
14.46667	26.52
14.48333	26.53
14.50000	26.53
14.51667	26.53
14.53333	26.53
14.55000	26.53
14.56667	26.53
14.58333	26.53
14.60000	26.53
14.61667	26.52
14.63333	26.52
14.65000	26.52
14.66667	26.52
14.68333	26.52
14.70000	26.52
14.71667	26.51
14.73333	26.51
14.75000	26.51
14.76667	26.51
14.78333	26.51
14.80000	26.51
14.81667	26.51
14.83333	26.51
14.85000	26.51
14.86667	26.51
14.88333	26.51
14.90000	26.50
14.91667	26.50
14.93333	26.50
14.95000	26.50
14.96667	26.50
14.98333	26.50
15.00000	26.50

[LC Status Trace(UV Cell Temp.)]
Interval(msec)	1000
# of Points	901
Start Time(min)	0.000
End Time(min)	15.000
Intensity Units	C
Intensity Multiplier	1
R.Time (min)	Intensity
0.00000	40.02
0.01667	40.02
0.03333	40.02
0.05000	40.02
0.06667	40.02
0.08333	40.02
0.10000	40.02
0.11667	40.02
0.13333	40.02
0.15000	40.02
0.16667	40.02
0.18333	40.02
0.20000	40.02
0.21667	40.01
0.23333	40.01
0.25000	40.01
0.26667	40.01
0.28333	40.01
0.30000	40.01
0.31667	40.01
0.33333	40.02
0.35000	40.02
0.36667	40.02
0.38333	40.02
0.40000	40.02
0.41667	40.02
0.43333	40.02
0.45000	40.02
0.46667	40.02
0.48333	40.02
0.50000	40.02
0.51667	40.02
0.53333	40.02
0.55000	40.02
0.56667	40.02
0.58333	40.02
0.60000	40.02
0.61667	40.02
0.63333	40.02
0.65000	40.02
0.66667	40.02
0.68333	40.02
0.70000	40.02
0.71667	40.02
0.73333	40.02
0.75000	40.02
0.76667	40.02
0.78333	40.02
0.80000	40.02
0.81667	40.02
0.83333	40.02
0.85000	40.02
0.86667	40.02
0.88333	40.02
0.90000	40.02
0.91667	40.02
0.93333	40.01
0.95000	40.01
0.96667	40.01
0.98333	40.01
1.00000	40.01
1.01667	40.01
1.03333	40.01
1.05000	40.01
1.06667	40.01
1.08333	40.01
1.10000	40.01
1.11667	40.01
1.13333	40.01
1.15000	40.01
1.16667	40.01
1.18333	40.01
1.20000	40.01
1.21667	40.01
1.23333	40.01
1.25000	40.01
1.26667	40.01
1.28333	40.01
1.30000	40.01
1.31667	40.01
1.33333	40.01
1.35000	40.01
1.36667	40.01
1.38333	40.01
1.40000	40.01
1.41667	40.01
1.43333	40.01
1.45000	40.01
1.46667	40.01
1.48333	40.01
1.50000	40.01
1.51667	40.01
1.53333	40.01
1.55000	40.01
1.56667	40.01
1.58333	40.01
1.60000	40.01
1.61667	40.01
1.63333	40.01
1.65000	40.01
1.66667	40.01
1.68333	40.01
1.70000	40.01
1.71667	40.01
1.73333	40.01
1.75000	40.01
1.76667	40.01
1.78333	40.01
1.80000	40.01
1.81667	40.01
1.83333	40.01
1.85000	40.01
1.86667	40.01
1.88333	40.01
1.90000	40.01
1.91667	40.01
1.93333	40.01
1.95000	40.01
1.96667	40.01
1.98333	40.01
2.00000	40.01
2.01667	40.01
2.03333	40.01
2.05000	40.01
2.06667	40.01
2.08333	40.01
2.10000	40.01
2.11667	40.01
2.13333	40.01
2.15000	40.01
2.16667	40.01
2.18333	40.01
2.20000	40.01
2.21667	40.01
2.23333	40.01
2.25000	40.01
2.26667	40.01
2.28333	40.01
2.30000	40.01
2.31667	40.01
2.33333	40.01
2.35000	40.01
2.36667	40.01
2.38333	40.01
2.40000	40.01
2.41667	40.01
2.43333	40.00
2.45000	40.00
2.46667	40.00
2.48333	40.00
2.50000	40.00
2.51667	40.00
2.53333	40.00
2.55000	40.00
2.56667	40.00
2.58333	40.00
2.60000	40.00
2.61667	40.00
2.63333	40.00
2.65000	40.00
2.66667	40.00
2.68333	40.00
2.70000	40.00
2.71667	40.00
2.73333	40.00
2.75000	40.00
2.76667	40.00
2.78333	40.00
2.80000	40.00
2.81667	40.00
2.83333	40.00
2.85000	40.00
2.86667	40.01
2.88333	40.01
2.90000	40.01
2.91667	40.01
2.93333	40.01
2.95000	40.01
2.96667	40.01
2.98333	40.01
3.00000	40.01
3.01667	40.01
3.03333	40.01
3.05000	40.01
3.06667	40.01
3.08333	40.01
3.10000	40.01
3.11667	40.00
3.13333	40.00
3.15000	40.00
3.16667	40.00
3.18333	40.00
3.20000	40.00
3.21667	40.00
3.23333	40.00
3.25000	40.00
3.26667	40.00
3.28333	40.00
3.30000	40.00
3.31667	40.00
3.33333	40.00
3.35000	40.00
3.36667	40.00
3.38333	40.00
3.40000	40.00
3.41667	40.00
3.43333	40.00
3.45000	40.00
3.46667	40.00
3.48333	40.00
3.50000	40.00
3.51667	40.00
3.53333	40.00
3.55000	40.00
3.56667	40.00
3.58333	40.00
3.60000	40.00
3.61667	40.00
3.63333	40.00
3.65000	40.00
3.66667	40.00
3.68333	40.00
3.70000	40.00
3.71667	40.00
3.73333	40.00
3.75000	40.00
3.76667	40.00
3.78333	40.00
3.80000	40.00
3.81667	40.00
3.83333	40.00
3.85000	40.00
3.86667	40.00
3.88333	40.00
3.90000	40.00
3.91667	40.00
3.93333	40.00
3.95000	40.00
3.96667	40.00
3.98333	40.00
4.00000	40.00
4.01667	40.00
4.03333	40.00
4.05000	40.00
4.06667	40.00
4.08333	40.00
4.10000	40.00
4.11667	40.00
4.13333	40.00
4.15000	40.00
4.16667	40.00
4.18333	40.00
4.20000	40.00
4.21667	40.00
4.23333	40.00
4.25000	40.00
4.26667	40.00
4.28333	40.00
4.30000	40.00
4.31667	40.00
4.33333	40.00
4.35000	40.00
4.36667	40.00
4.38333	40.00
4.40000	40.00
4.41667	40.00
4.43333	40.00
4.45000	40.00
4.46667	40.00
4.48333	40.00
4.50000	40.00
4.51667	39.99
4.53333	40.00
4.55000	39.99
4.56667	39.99
4.58333	39.99
4.60000	39.99
4.61667	39.99
4.63333	39.99
4.65000	39.99
4.66667	39.99
4.68333	40.00
4.70000	40.00
4.71667	40.00
4.73333	40.00
4.75000	40.00
4.76667	40.00
4.78333	40.00
4.80000	40.00
4.81667	40.00
4.83333	40.00
4.85000	40.00
4.86667	40.00
4.88333	40.00
4.90000	40.00
4.91667	40.00
4.93333	40.00
4.95000	40.00
4.96667	40.00
4.98333	40.00
5.00000	39.99
5.01667	39.99
5.03333	39.99
5.05000	39.99
5.06667	39.99
5.08333	39.99
5.10000	39.99
5.11667	39.99
5.13333	39.99
5.15000	39.99
5.16667	39.99
5.18333	39.99
5.20000	39.99
5.21667	39.99
5.23333	39.99
5.25000	39.99
5.26667	39.99
5.28333	39.99
5.30000	40.00
5.31667	40.00
5.33333	40.00
5.35000	40.00
5.36667	40.00
5.38333	40.00
5.40000	40.00
5.41667	40.00
5.43333	40.00
5.45000	40.00
5.46667	40.00
5.48333	40.00
5.50000	40.00
5.51667	40.00
5.53333	40.00
5.55000	40.00
5.56667	40.00
5.58333	40.00
5.60000	40.00
5.61667	40.00
5.63333	40.00
5.65000	40.00
5.66667	40.00
5.68333	40.00
5.70000	40.00
5.71667	40.00
5.73333	40.00
5.75000	39.99
5.76667	39.99
5.78333	39.99
5.80000	39.99
5.81667	39.99
5.83333	39.99
5.85000	39.99
5.86667	39.99
5.88333	39.99
5.90000	39.99
5.91667	39.99
5.93333	39.99
5.95000	39.99
5.96667	39.99
5.98333	39.99
6.00000	39.99
6.01667	39.99
6.03333	39.99
6.05000	39.99
6.06667	39.99
6.08333	39.99
6.10000	39.99
6.11667	39.99
6.13333	39.99
6.15000	39.99
6.16667	39.99
6.18333	39.99
6.20000	40.00
6.21667	40.00
6.23333	40.00
6.25000	40.00
6.26667	40.00
6.28333	40.00
6.30000	40.00
6.31667	40.00
6.33333	40.00
6.35000	40.00
6.36667	40.00
6.38333	40.00
6.40000	40.00
6.41667	40.00
6.43333	40.00
6.45000	39.99
6.46667	39.99
6.48333	39.99
6.50000	39.99
6.51667	39.99
6.53333	39.99
6.55000	39.99
6.56667	39.99
6.58333	39.99
6.60000	39.99
6.61667	39.99
6.63333	39.99
6.65000	39.99
6.66667	39.99
6.68333	39.99
6.70000	39.99
6.71667	39.99
6.73333	39.99
6.75000	39.99
6.76667	39.99
6.78333	39.99
6.80000	39.99
6.81667	39.99
6.83333	39.99
6.85000	39.99
6.86667	39.99
6.88333	39.99
6.90000	40.00
6.91667	40.00
6.93333	40.00
6.95000	40.00
6.96667	40.00
6.98333	40.00
7.00000	40.00
7.01667	40.00
7.03333	40.00
7.05000	40.00
7.06667	40.00
7.08333	40.00
7.10000	39.99
7.11667	40.00
7.13333	39.99
7.15000	39.99
7.16667	39.99
7.18333	39.99
7.20000	39.99
7.21667	39.99
7.23333	39.99
7.25000	39.99
7.26667	39.99
7.28333	39.99
7.30000	39.99
7.31667	39.99
7.33333	39.99
7.35000	39.99
7.36667	39.99
7.38333	39.99
7.40000	39.99
7.41667	39.99
7.43333	39.99
7.45000	39.99
7.46667	39.99
7.48333	39.99
7.50000	39.99
7.51667	39.99
7.53333	39.99
7.55000	39.99
7.56667	39.99
7.58333	39.99
7.60000	40.00
7.61667	40.00
7.63333	40.00
7.65000	40.00
7.66667	40.00
7.68333	40.00
7.70000	40.00
7.71667	40.00
7.73333	40.00
7.75000	40.00
7.76667	40.00
7.78333	40.00
7.80000	40.00
7.81667	40.00
7.83333	40.00
7.85000	40.00
7.86667	39.99
7.88333	39.99
7.90000	39.99
7.91667	39.99
7.93333	39.99
7.95000	39.99
7.96667	39.99
7.98333	39.99
8.00000	39.99
8.01667	39.99
8.03333	39.99
8.05000	39.99
8.06667	39.99
8.08333	39.99
8.10000	39.99
8.11667	39.99
8.13333	39.99
8.15000	39.99
8.16667	39.99
8.18333	39.99
8.20000	39.99
8.21667	39.99
8.23333	39.99
8.25000	39.99
8.26667	39.99
8.28333	39.99
8.30000	39.99
8.31667	39.99
8.33333	39.99
8.35000	39.99
8.36667	39.99
8.38333	39.99
8.40000	39.99
8.41667	39.99
8.43333	39.99
8.45000	39.99
8.46667	39.99
8.48333	39.99
8.50000	39.99
8.51667	39.99
8.53333	39.99
8.55000	40.00
8.56667	40.00
8.58333	40.00
8.60000	40.00
8.61667	40.00
8.63333	40.00
8.65000	40.00
8.66667	40.00
8.68333	40.00
8.70000	40.00
8.71667	40.00
8.73333	40.00
8.75000	39.99
8.76667	39.99
8.78333	39.99
8.80000	39.99
8.81667	39.99
8.83333	39.99
8.85000	39.99
8.86667	39.99
8.88333	39.99
8.90000	39.99
8.91667	39.99
8.93333	39.99
8.95000	39.99
8.96667	39.99
8.98333	39.99
9.00000	39.99
9.01667	39.99
9.03333	39.99
9.05000	39.99
9.06667	39.99
9.08333	39.99
9.10000	39.99
9.11667	39.99
9.13333	39.99
9.15000	39.99
9.16667	39.99
9.18333	39.99
9.20000	39.99
9.21667	39.99
9.23333	39.99
9.25000	40.00
9.26667	40.00
9.28333	40.00
9.30000	40.00
9.31667	40.00
9.33333	40.00
9.35000	40.00
9.36667	40.00
9.38333	40.00
9.40000	40.00
9.41667	40.00
9.43333	40.00
9.45000	39.99
9.46667	39.99
9.48333	39.99
9.50000	39.99
9.51667	39.99
9.53333	39.99
9.55000	39.99
9.56667	39.99
9.58333	39.99
9.60000	39.99
9.61667	39.99
9.63333	39.99
9.65000	39.99
9.66667	39.99
9.68333	39.99
9.70000	39.99
9.71667	39.99
9.73333	39.99
9.75000	39.99
9.76667	39.99
9.78333	39.99
9.80000	39.99
9.81667	39.99
9.83333	39.99
9.85000	39.99
9.86667	39.99
9.88333	39.99
9.90000	39.99
9.91667	39.99
9.93333	39.99
9.95000	40.00
9.96667	40.00
9.98333	40.00
10.00000	40.00
10.01667	40.00
10.03333	40.00
10.05000	40.00
10.06667	40.00
10.08333	40.00
10.10000	40.00
10.11667	40.00
10.13333	40.00
10.15000	39.99
10.16667	39.99
10.18333	39.99
10.20000	39.99
10.21667	39.99
10.23333	39.99
10.25000	39.99
10.26667	39.99
10.28333	39.99
10.30000	39.99
10.31667	39.99
10.33333	39.99
10.35000	39.99
10.36667	39.99
10.38333	39.99
10.40000	39.99
10.41667	39.99
10.43333	39.99
10.45000	39.99
10.46667	39.99
10.48333	39.99
10.50000	39.99
10.51667	39.99
10.53333	39.99
10.55000	39.99
10.56667	39.99
10.58333	39.99
10.60000	39.99
10.61667	39.99
10.63333	39.99
10.65000	39.99
10.66667	39.99
10.68333	39.99
10.70000	39.99
10.71667	39.99
10.73333	39.99
10.75000	39.99
10.76667	39.99
10.78333	40.00
10.80000	40.00
10.81667	40.00
10.83333	40.00
10.85000	40.00
10.86667	40.00
10.88333	40.00
10.90000	40.00
10.91667	40.00
10.93333	40.00
10.95000	40.00
10.96667	40.00
10.98333	39.99
11.00000	39.99
11.01667	39.99
11.03333	39.99
11.05000	39.99
11.06667	39.99
11.08333	39.99
11.10000	39.99
11.11667	39.99
11.13333	39.99
11.15000	39.99
11.16667	39.99
11.18333	39.99
11.20000	39.99
11.21667	39.99
11.23333	39.99
11.25000	39.99
11.26667	39.99
11.28333	39.99
11.30000	39.99
11.31667	39.99
11.33333	39.99
11.35000	39.99
11.36667	39.99
11.38333	39.99
11.40000	39.99
11.41667	39.99
11.43333	39.99
11.45000	39.99
11.46667	39.99
11.48333	39.99
11.50000	39.99
11.51667	39.99
11.53333	39.99
11.55000	39.99
11.56667	39.99
11.58333	39.99
11.60000	39.99
11.61667	39.99
11.63333	39.99
11.65000	39.99
11.66667	40.00
11.68333	40.00
11.70000	40.00
11.71667	40.00
11.73333	40.00
11.75000	40.00
11.76667	40.00
11.78333	40.00
11.80000	40.00
11.81667	39.99
11.83333	40.00
11.85000	39.99
11.86667	39.99
11.88333	39.99
11.90000	39.99
11.91667	39.99
11.93333	39.99
11.95000	39.99
11.96667	39.99
11.98333	39.99
12.00000	39.99
12.01667	39.99
12.03333	39.99
12.05000	39.99
12.06667	39.99
12.08333	39.99
12.10000	39.99
12.11667	39.99
12.13333	39.99
12.15000	39.99
12.16667	39.99
12.18333	39.99
12.20000	39.99
12.21667	39.99
12.23333	40.00
12.25000	39.99
12.26667	40.00
12.28333	40.00
12.30000	40.00
12.31667	40.00
12.33333	40.00
12.35000	40.00
12.36667	40.00
12.38333	40.00
12.40000	40.00
12.41667	40.00
12.43333	39.99
12.45000	39.99
12.46667	39.99
12.48333	39.99
12.50000	39.99
12.51667	39.99
12.53333	39.99
12.55000	39.99
12.56667	39.99
12.58333	39.99
12.60000	39.99
12.61667	39.99
12.63333	39.99
12.65000	39.99
12.66667	39.99
12.68333	39.99
12.70000	39.99
12.71667	39.99
12.73333	39.99
12.75000	39.99
12.76667	39.99
12.78333	39.99
12.80000	39.99
12.81667	39.99
12.83333	39.99
12.85000	39.99
12.86667	39.99
12.88333	39.99
12.90000	39.99
12.91667	39.99
12.93333	40.00
12.95000	40.00
12.96667	40.00
12.98333	40.00
13.00000	40.00
13.01667	40.00
13.03333	40.00
13.05000	40.00
13.06667	40.00
13.08333	40.00
13.10000	40.00
13.11667	40.00
13.13333	40.00
13.15000	40.00
13.16667	40.00
13.18333	40.00
13.20000	40.00
13.21667	40.00
13.23333	40.00
13.25000	40.00
13.26667	40.00
13.28333	40.00
13.30000	40.00
13.31667	39.99
13.33333	40.00
13.35000	39.99
13.36667	39.99
13.38333	39.99
13.40000	39.99
13.41667	39.99
13.43333	39.99
13.45000	39.99
13.46667	39.99
13.48333	39.99
13.50000	39.99
13.51667	39.99
13.53333	39.99
13.55000	39.99
13.56667	39.99
13.58333	40.00
13.60000	40.00
13.61667	40.00
13.63333	40.00
13.65000	40.00
13.66667	40.00
13.68333	40.00
13.70000	40.00
13.71667	40.00
13.73333	40.00
13.75000	40.00
13.76667	40.00
13.78333	40.00
13.80000	40.00
13.81667	40.00
13.83333	40.00
13.85000	40.00
13.86667	40.00
13.88333	40.00
13.90000	40.00
13.91667	39.99
13.93333	40.00
13.95000	39.99
13.96667	39.99
13.98333	39.99
14.00000	39.99
14.01667	39.99
14.03333	39.99
14.05000	39.99
14.06667	39.99
14.08333	39.99
14.10000	39.99
14.11667	39.99
14.13333	39.99
14.15000	39.99
14.16667	39.99
14.18333	39.99
14.20000	39.99
14.21667	39.99
14.23333	39.99
14.25000	40.00
14.26667	40.00
14.28333	40.00
14.30000	40.00
14.31667	40.00
14.33333	40.00
14.35000	40.00
14.36667	40.00
14.38333	40.00
14.40000	40.00
14.41667	40.00
14.43333	40.00
14.45000	40.00
14.46667	40.00
14.48333	40.00
14.50000	40.00
14.51667	40.00
14.53333	40.00
14.55000	40.00
14.56667	40.00
14.58333	40.00
14.60000	40.00
14.61667	40.00
14.63333	40.00
14.65000	40.00
14.66667	40.00
14.68333	40.00
14.70000	40.00
14.71667	40.00
14.73333	40.00
14.75000	40.00
14.76667	40.00
14.78333	40.00
14.80000	40.00
14.81667	40.00
14.83333	40.01
14.85000	40.01
14.86667	40.01
14.88333	40.01
14.90000	40.01
14.91667	40.01
14.93333	40.01
14.95000	40.02
14.96667	40.02
14.98333	40.02
15.00000	40.02

[LC Status Trace(UV A-Ch1 Reference Energy)]
Interval(msec)	1000
# of Points	901
Start Time(min)	0.000
End Time(min)	15.000
Intensity Units	mV
Intensity Multiplier	1
R.Time (min)	Intensity
0.00000	511.40
0.01667	511.40
0.03333	511.40
0.05000	511.40
0.06667	511.40
0.08333	511.40
0.10000	511.40
0.11667	511.40
0.13333	511.40
0.15000	511.40
0.16667	511.40
0.18333	511.40
0.20000	511.40
0.21667	511.40
0.23333	511.40
0.25000	511.40
0.26667	511.40
0.28333	511.40
0.30000	511.40
0.31667	511.40
0.33333	511.40
0.35000	511.40
0.36667	511.40
0.38333	511.40
0.40000	511.40
0.41667	511.40
0.43333	511.40
0.45000	511.40
0.46667	511.40
0.48333	511.40
0.50000	511.40
0.51667	511.40
0.53333	511.40
0.55000	511.40
0.56667	511.40
0.58333	511.40
0.60000	511.40
0.61667	511.40
0.63333	511.40
0.65000	511.40
0.66667	511.40
0.68333	511.40
0.70000	511.40
0.71667	511.40
0.73333	511.40
0.75000	511.40
0.76667	511.40
0.78333	511.40
0.80000	511.40
0.81667	511.40
0.83333	511.40
0.85000	511.40
0.86667	511.40
0.88333	511.40
0.90000	511.40
0.91667	511.40
0.93333	511.40
0.95000	511.40
0.96667	511.40
0.98333	511.40
1.00000	511.40
1.01667	511.40
1.03333	511.40
1.05000	511.40
1.06667	511.40
1.08333	511.40
1.10000	511.40
1.11667	511.40
1.13333	511.40
1.15000	511.40
1.16667	511.40
1.18333	511.40
1.20000	511.40
1.21667	511.40
1.23333	511.40
1.25000	511.40
1.26667	511.40
1.28333	511.40
1.30000	511.40
1.31667	511.40
1.33333	511.40
1.35000	511.40
1.36667	511.40
1.38333	511.40
1.40000	511.40
1.41667	511.40
1.43333	511.40
1.45000	511.40
1.46667	511.40
1.48333	511.40
1.50000	511.40
1.51667	511.40
1.53333	511.40
1.55000	511.40
1.56667	511.40
1.58333	511.40
1.60000	511.40
1.61667	511.40
1.63333	511.40
1.65000	511.40
1.66667	511.40
1.68333	511.40
1.70000	511.40
1.71667	511.40
1.73333	511.40
1.75000	511.40
1.76667	511.40
1.78333	511.40
1.80000	511.40
1.81667	511.40
1.83333	511.40
1.85000	511.40
1.86667	511.40
1.88333	511.40
1.90000	511.40
1.91667	511.40
1.93333	511.40
1.95000	511.40
1.96667	511.40
1.98333	511.40
2.00000	511.40
2.01667	511.40
2.03333	511.40
2.05000	511.40
2.06667	511.40
2.08333	511.40
2.10000	511.40
2.11667	511.40
2.13333	511.40
2.15000	511.40
2.16667	511.40
2.18333	511.40
2.20000	511.40
2.21667	511.40
2.23333	511.40
2.25000	511.40
2.26667	511.40
2.28333	511.40
2.30000	511.40
2.31667	511.40
2.33333	511.40
2.35000	511.40
2.36667	511.40
2.38333	511.40
2.40000	511.40
2.41667	511.40
2.43333	511.40
2.45000	511.40
2.46667	511.40
2.48333	511.40
2.50000	511.40
2.51667	511.40
2.53333	511.40
2.55000	511.40
2.56667	511.40
2.58333	511.40
2.60000	511.40
2.61667	511.40
2.63333	511.40
2.65000	511.40
2.66667	511.40
2.68333	511.40
2.70000	511.40
2.71667	511.40
2.73333	511.40
2.75000	511.40
2.76667	511.40
2.78333	511.40
2.80000	511.40
2.81667	511.40
2.83333	511.40
2.85000	511.40
2.86667	511.40
2.88333	511.40
2.90000	511.40
2.91667	511.40
2.93333	511.40
2.95000	511.40
2.96667	511.40
2.98333	511.40
3.00000	511.40
3.01667	511.40
3.03333	511.40
3.05000	511.40
3.06667	511.40
3.08333	511.40
3.10000	511.40
3.11667	511.40
3.13333	511.40
3.15000	511.40
3.16667	511.40
3.18333	511.40
3.20000	511.40
3.21667	511.40
3.23333	511.40
3.25000	511.40
3.26667	511.40
3.28333	511.40
3.30000	511.40
3.31667	511.40
3.33333	511.40
3.35000	511.40
3.36667	511.40
3.38333	511.40
3.40000	511.40
3.41667	511.40
3.43333	511.40
3.45000	511.40
3.46667	511.40
3.48333	511.40
3.50000	511.40
3.51667	511.40
3.53333	511.40
3.55000	511.40
3.56667	511.40
3.58333	511.40
3.60000	511.40
3.61667	511.40
3.63333	511.40
3.65000	511.40
3.66667	511.40
3.68333	511.40
3.70000	511.40
3.71667	511.40
3.73333	511.40
3.75000	511.40
3.76667	511.40
3.78333	511.40
3.80000	511.40
3.81667	511.40
3.83333	511.40
3.85000	511.40
3.86667	511.40
3.88333	511.40
3.90000	511.40
3.91667	511.40
3.93333	511.40
3.95000	511.40
3.96667	511.40
3.98333	511.40
4.00000	511.40
4.01667	511.40
4.03333	511.40
4.05000	511.40
4.06667	511.40
4.08333	511.40
4.10000	511.40
4.11667	511.40
4.13333	511.40
4.15000	511.40
4.16667	511.40
4.18333	511.40
4.20000	511.40
4.21667	511.40
4.23333	511.40
4.25000	511.40
4.26667	511.40
4.28333	511.40
4.30000	511.40
4.31667	511.40
4.33333	511.40
4.35000	511.40
4.36667	511.40
4.38333	511.40
4.40000	511.40
4.41667	511.40
4.43333	511.40
4.45000	511.40
4.46667	511.40
4.48333	511.40
4.50000	511.40
4.51667	511.40
4.53333	511.40
4.55000	511.40
4.56667	511.40
4.58333	511.40
4.60000	511.40
4.61667	511.40
4.63333	511.40
4.65000	511.40
4.66667	511.40
4.68333	511.40
4.70000	511.40
4.71667	511.40
4.73333	511.40
4.75000	511.40
4.76667	511.40
4.78333	511.40
4.80000	511.40
4.81667	511.40
4.83333	511.40
4.85000	511.40
4.86667	511.40
4.88333	511.40
4.90000	511.40
4.91667	511.40
4.93333	511.40
4.95000	511.40
4.96667	511.40
4.98333	511.40
5.00000	511.40
5.01667	511.40
5.03333	511.40
5.05000	511.40
5.06667	511.40
5.08333	511.40
5.10000	511.40
5.11667	511.40
5.13333	511.40
5.15000	511.40
5.16667	511.40
5.18333	511.40
5.20000	511.40
5.21667	511.40
5.23333	511.40
5.25000	511.40
5.26667	511.40
5.28333	511.40
5.30000	511.40
5.31667	511.40
5.33333	511.40
5.35000	511.40
5.36667	511.40
5.38333	511.40
5.40000	511.40
5.41667	511.40
5.43333	511.40
5.45000	511.40
5.46667	511.40
5.48333	511.40
5.50000	511.40
5.51667	511.40
5.53333	511.40
5.55000	511.40
5.56667	511.40
5.58333	511.40
5.60000	511.40
5.61667	511.40
5.63333	511.40
5.65000	511.40
5.66667	511.40
5.68333	511.40
5.70000	511.40
5.71667	511.40
5.73333	511.40
5.75000	511.40
5.76667	511.40
5.78333	511.40
5.80000	511.40
5.81667	511.40
5.83333	511.40
5.85000	511.40
5.86667	511.40
5.88333	511.40
5.90000	511.40
5.91667	511.40
5.93333	511.40
5.95000	511.40
5.96667	511.40
5.98333	511.40
6.00000	511.40
6.01667	511.40
6.03333	511.40
6.05000	511.40
6.06667	511.40
6.08333	511.40
6.10000	511.40
6.11667	511.40
6.13333	511.40
6.15000	511.40
6.16667	511.40
6.18333	511.40
6.20000	511.40
6.21667	511.40
6.23333	511.40
6.25000	511.40
6.26667	511.40
6.28333	511.40
6.30000	511.40
6.31667	511.40
6.33333	511.40
6.35000	511.40
6.36667	511.40
6.38333	511.40
6.40000	511.40
6.41667	511.40
6.43333	511.40
6.45000	511.40
6.46667	511.40
6.48333	511.40
6.50000	511.40
6.51667	511.40
6.53333	511.40
6.55000	511.40
6.56667	511.40
6.58333	511.40
6.60000	511.40
6.61667	511.40
6.63333	511.40
6.65000	511.40
6.66667	511.40
6.68333	511.40
6.70000	511.40
6.71667	511.40
6.73333	511.40
6.75000	511.40
6.76667	511.40
6.78333	511.40
6.80000	511.40
6.81667	511.40
6.83333	511.40
6.85000	511.40
6.86667	511.40
6.88333	511.40
6.90000	511.40
6.91667	511.40
6.93333	511.40
6.95000	511.40
6.96667	511.40
6.98333	511.40
7.00000	511.40
7.01667	511.40
7.03333	511.40
7.05000	511.40
7.06667	511.40
7.08333	511.40
7.10000	511.40
7.11667	511.40
7.13333	511.40
7.15000	511.40
7.16667	511.40
7.18333	511.40
7.20000	511.40
7.21667	511.40
7.23333	511.40
7.25000	511.40
7.26667	511.40
7.28333	511.40
7.30000	511.40
7.31667	511.40
7.33333	511.40
7.35000	511.40
7.36667	511.40
7.38333	511.40
7.40000	511.40
7.41667	511.40
7.43333	511.40
7.45000	511.40
7.46667	511.40
7.48333	511.40
7.50000	511.40
7.51667	511.40
7.53333	511.40
7.55000	511.40
7.56667	511.40
7.58333	511.40
7.60000	511.40
7.61667	511.40
7.63333	511.40
7.65000	511.40
7.66667	511.40
7.68333	511.40
7.70000	511.40
7.71667	511.40
7.73333	511.40
7.75000	511.40
7.76667	511.40
7.78333	511.40
7.80000	511.40
7.81667	511.40
7.83333	511.40
7.85000	511.40
7.86667	511.40
7.88333	511.40
7.90000	511.40
7.91667	511.40
7.93333	511.40
7.95000	511.40
7.96667	511.40
7.98333	511.40
8.00000	511.40
8.01667	511.40
8.03333	511.40
8.05000	511.40
8.06667	511.40
8.08333	511.40
8.10000	511.40
8.11667	511.40
8.13333	511.40
8.15000	511.40
8.16667	511.40
8.18333	511.40
8.20000	511.40
8.21667	511.40
8.23333	511.40
8.25000	511.40
8.26667	511.40
8.28333	511.40
8.30000	511.40
8.31667	511.40
8.33333	511.40
8.35000	511.40
8.36667	511.40
8.38333	511.40
8.40000	511.40
8.41667	511.40
8.43333	511.40
8.45000	511.40
8.46667	511.40
8.48333	511.40
8.50000	511.40
8.51667	511.40
8.53333	511.40
8.55000	511.40
8.56667	511.40
8.58333	511.40
8.60000	511.40
8.61667	511.40
8.63333	511.40
8.65000	511.40
8.66667	511.40
8.68333	511.40
8.70000	511.40
8.71667	511.40
8.73333	511.40
8.75000	511.40
8.76667	511.40
8.78333	511.40
8.80000	511.40
8.81667	511.40
8.83333	511.40
8.85000	511.40
8.86667	511.40
8.88333	511.40
8.90000	511.40
8.91667	511.40
8.93333	511.40
8.95000	511.40
8.96667	511.40
8.98333	511.40
9.00000	511.40
9.01667	511.40
9.03333	511.40
9.05000	511.40
9.06667	511.40
9.08333	511.40
9.10000	511.40
9.11667	511.40
9.13333	511.40
9.15000	511.40
9.16667	511.40
9.18333	511.40
9.20000	511.40
9.21667	511.40
9.23333	511.40
9.25000	511.40
9.26667	511.40
9.28333	511.40
9.30000	511.40
9.31667	511.40
9.33333	511.40
9.35000	511.40
9.36667	511.40
9.38333	511.40
9.40000	511.40
9.41667	511.40
9.43333	511.40
9.45000	511.40
9.46667	511.40
9.48333	511.40
9.50000	511.40
9.51667	511.40
9.53333	511.40
9.55000	511.40
9.56667	511.40
9.58333	511.40
9.60000	511.40
9.61667	511.40
9.63333	511.40
9.65000	511.40
9.66667	511.40
9.68333	511.40
9.70000	511.40
9.71667	511.40
9.73333	511.40
9.75000	511.40
9.76667	511.40
9.78333	511.40
9.80000	511.40
9.81667	511.40
9.83333	511.40
9.85000	511.40
9.86667	511.40
9.88333	511.40
9.90000	511.40
9.91667	511.40
9.93333	511.40
9.95000	511.40
9.96667	511.40
9.98333	511.40
10.00000	511.40
10.01667	511.40
10.03333	511.40
10.05000	511.40
10.06667	511.40
10.08333	511.40
10.10000	511.40
10.11667	511.40
10.13333	511.40
10.15000	511.40
10.16667	511.40
10.18333	511.40
10.20000	511.40
10.21667	511.40
10.23333	511.40
10.25000	511.40
10.26667	511.40
10.28333	511.40
10.30000	511.40
10.31667	511.40
10.33333	511.40
10.35000	511.40
10.36667	511.40
10.38333	511.40
10.40000	511.40
10.41667	511.40
10.43333	511.40
10.45000	511.40
10.46667	511.40
10.48333	511.40
10.50000	511.40
10.51667	511.40
10.53333	511.40
10.55000	511.40
10.56667	511.40
10.58333	511.40
10.60000	511.40
10.61667	511.40
10.63333	511.40
10.65000	511.40
10.66667	511.40
10.68333	511.40
10.70000	511.40
10.71667	511.40
10.73333	511.40
10.75000	511.40
10.76667	511.40
10.78333	511.40
10.80000	511.40
10.81667	511.40
10.83333	511.40
10.85000	511.40
10.86667	511.40
10.88333	511.40
10.90000	511.40
10.91667	511.40
10.93333	511.40
10.95000	511.40
10.96667	511.40
10.98333	511.40
11.00000	511.40
11.01667	511.40
11.03333	511.40
11.05000	511.40
11.06667	511.40
11.08333	511.40
11.10000	511.40
11.11667	511.40
11.13333	511.40
11.15000	511.40
11.16667	511.40
11.18333	511.40
11.20000	511.40
11.21667	511.40
11.23333	511.40
11.25000	511.40
11.26667	511.40
11.28333	511.40
11.30000	511.40
11.31667	511.40
11.33333	511.40
11.35000	511.40
11.36667	511.40
11.38333	511.40
11.40000	511.40
11.41667	511.40
11.43333	511.40
11.45000	511.40
11.46667	511.40
11.48333	511.40
11.50000	511.40
11.51667	511.40
11.53333	511.40
11.55000	511.40
11.56667	511.40
11.58333	511.40
11.60000	511.40
11.61667	511.40
11.63333	511.40
11.65000	511.40
11.66667	511.40
11.68333	511.40
11.70000	511.40
11.71667	511.40
11.73333	511.40
11.75000	511.40
11.76667	511.40
11.78333	511.40
11.80000	511.40
11.81667	511.40
11.83333	511.40
11.85000	511.40
11.86667	511.40
11.88333	511.40
11.90000	511.40
11.91667	511.40
11.93333	511.40
11.95000	511.40
11.96667	511.40
11.98333	511.40
12.00000	511.40
12.01667	511.40
12.03333	511.40
12.05000	511.40
12.06667	511.40
12.08333	511.40
12.10000	511.40
12.11667	511.40
12.13333	511.40
12.15000	511.40
12.16667	511.40
12.18333	511.40
12.20000	511.40
12.21667	511.40
12.23333	511.40
12.25000	511.40
12.26667	511.40
12.28333	511.40
12.30000	511.40
12.31667	511.40
12.33333	511.40
12.35000	511.40
12.36667	511.40
12.38333	511.40
12.40000	511.40
12.41667	511.40
12.43333	511.40
12.45000	511.40
12.46667	511.40
12.48333	511.40
12.50000	511.40
12.51667	511.40
12.53333	511.40
12.55000	511.40
12.56667	511.40
12.58333	511.40
12.60000	511.40
12.61667	511.40
12.63333	511.40
12.65000	511.40
12.66667	511.40
12.68333	511.40
12.70000	511.40
12.71667	511.40
12.73333	511.40
12.75000	511.40
12.76667	511.40
12.78333	511.40
12.80000	511.40
12.81667	511.40
12.83333	511.40
12.85000	511.40
12.86667	511.40
12.88333	511.40
12.90000	511.40
12.91667	511.40
12.93333	511.40
12.95000	511.40
12.96667	511.40
12.98333	511.40
13.00000	511.40
13.01667	511.40
13.03333	511.40
13.05000	511.40
13.06667	511.40
13.08333	511.40
13.10000	511.40
13.11667	511.40
13.13333	511.40
13.15000	511.40
13.16667	511.40
13.18333	511.40
13.20000	511.40
13.21667	511.40
13.23333	511.40
13.25000	511.40
13.26667	511.40
13.28333	511.40
13.30000	511.40
13.31667	511.40
13.33333	511.40
13.35000	511.40
13.36667	511.40
13.38333	511.40
13.40000	511.40
13.41667	511.40
13.43333	511.40
13.45000	511.40
13.46667	511.40
13.48333	511.40
13.50000	511.40
13.51667	511.40
13.53333	511.40
13.55000	511.40
13.56667	511.40
13.58333	511.40
13.60000	511.40
13.61667	511.40
13.63333	511.40
13.65000	511.40
13.66667	511.40
13.68333	511.40
13.70000	511.40
13.71667	511.40
13.73333	511.40
13.75000	511.40
13.76667	511.40
13.78333	511.40
13.80000	511.40
13.81667	511.40
13.83333	511.40
13.85000	511.40
13.86667	511.40
13.88333	511.40
13.90000	511.40
13.91667	511.40
13.93333	511.40
13.95000	511.40
13.96667	511.40
13.98333	511.40
14.00000	511.40
14.01667	511.40
14.03333	511.40
14.05000	511.40
14.06667	511.40
14.08333	511.40
14.10000	511.40
14.11667	511.40
14.13333	511.40
14.15000	511.40
14.16667	511.40
14.18333	511.40
14.20000	511.40
14.21667	511.40
14.23333	511.40
14.25000	511.40
14.26667	511.40
14.28333	511.40
14.30000	511.40
14.31667	511.40
14.33333	511.40
14.35000	511.40
14.36667	511.40
14.38333	511.40
14.40000	511.40
14.41667	511.40
14.43333	511.40
14.45000	511.40
14.46667	511.40
14.48333	511.40
14.50000	511.40
14.51667	511.40
14.53333	511.40
14.55000	511.40
14.56667	511.40
14.58333	511.40
14.60000	511.40
14.61667	511.40
14.63333	511.40
14.65000	511.40
14.66667	511.40
14.68333	511.40
14.70000	511.40
14.71667	511.40
14.73333	511.40
14.75000	511.40
14.76667	511.40
14.78333	511.40
14.80000	511.40
14.81667	511.40
14.83333	511.40
14.85000	511.40
14.86667	511.40
14.88333	511.40
14.90000	511.40
14.91667	511.40
14.93333	511.40
14.95000	511.40
14.96667	511.40
14.98333	511.40
15.00000	511.40

[LC Status Trace(UV A-Ch2 Reference Energy)]
Interval(msec)	1000
# of Points	901
Start Time(min)	0.000
End Time(min)	15.000
Intensity Units	mV
Intensity Multiplier	1
R.Time (min)	Intensity
0.00000	223.90
0.01667	223.90
0.03333	223.90
0.05000	223.90
0.06667	223.90
0.08333	223.90
0.10000	223.90
0.11667	223.90
0.13333	223.90
0.15000	223.90
0.16667	223.90
0.18333	223.90
0.20000	223.90
0.21667	223.90
0.23333	223.90
0.25000	223.90
0.26667	223.80
0.28333	223.80
0.30000	223.90
0.31667	223.90
0.33333	223.90
0.35000	223.90
0.36667	223.90
0.38333	223.90
0.40000	223.90
0.41667	223.90
0.43333	223.90
0.45000	223.90
0.46667	223.90
0.48333	223.90
0.50000	223.90
0.51667	223.90
0.53333	223.90
0.55000	223.90
0.56667	223.90
0.58333	223.90
0.60000	223.90
0.61667	223.90
0.63333	223.90
0.65000	223.90
0.66667	223.90
0.68333	223.90
0.70000	223.90
0.71667	223.90
0.73333	223.90
0.75000	223.90
0.76667	223.90
0.78333	223.90
0.80000	223.90
0.81667	223.90
0.83333	223.90
0.85000	223.90
0.86667	223.90
0.88333	223.90
0.90000	223.90
0.91667	223.90
0.93333	223.90
0.95000	223.90
0.96667	223.90
0.98333	223.90
1.00000	223.90
1.01667	223.90
1.03333	223.90
1.05000	223.90
1.06667	223.90
1.08333	223.90
1.10000	223.90
1.11667	223.90
1.13333	223.90
1.15000	223.90
1.16667	223.90
1.18333	223.90
1.20000	223.90
1.21667	223.90
1.23333	223.90
1.25000	223.90
1.26667	223.90
1.28333	223.90
1.30000	223.90
1.31667	223.90
1.33333	223.90
1.35000	223.90
1.36667	223.90
1.38333	223.90
1.40000	223.90
1.41667	223.90
1.43333	223.90
1.45000	223.90
1.46667	223.90
1.48333	223.90
1.50000	223.90
1.51667	223.90
1.53333	223.90
1.55000	223.90
1.56667	223.90
1.58333	223.90
1.60000	223.90
1.61667	223.90
1.63333	223.90
1.65000	223.90
1.66667	223.90
1.68333	223.90
1.70000	223.90
1.71667	223.90
1.73333	223.90
1.75000	223.90
1.76667	223.90
1.78333	223.90
1.80000	223.90
1.81667	223.90
1.83333	223.90
1.85000	223.90
1.86667	223.90
1.88333	223.90
1.90000	223.90
1.91667	223.90
1.93333	223.90
1.95000	223.90
1.96667	223.90
1.98333	223.90
2.00000	223.90
2.01667	223.90
2.03333	223.90
2.05000	223.90
2.06667	223.90
2.08333	223.90
2.10000	223.90
2.11667	223.90
2.13333	223.90
2.15000	223.90
2.16667	223.90
2.18333	223.90
2.20000	223.90
2.21667	223.90
2.23333	223.90
2.25000	223.90
2.26667	223.90
2.28333	223.90
2.30000	223.90
2.31667	223.90
2.33333	223.90
2.35000	223.90
2.36667	223.90
2.38333	223.90
2.40000	223.90
2.41667	223.90
2.43333	223.90
2.45000	223.90
2.46667	223.90
2.48333	223.90
2.50000	223.90
2.51667	223.90
2.53333	223.90
2.55000	223.90
2.56667	223.90
2.58333	223.90
2.60000	223.90
2.61667	223.90
2.63333	223.90
2.65000	223.90
2.66667	223.90
2.68333	223.90
2.70000	223.90
2.71667	223.90
2.73333	223.90
2.75000	223.90
2.76667	223.90
2.78333	223.90
2.80000	223.90
2.81667	223.90
2.83333	223.90
2.85000	223.90
2.86667	223.90
2.88333	223.90
2.90000	223.90
2.91667	223.90
2.93333	223.90
2.95000	223.90
2.96667	223.90
2.98333	223.90
3.00000	223.90
3.01667	223.90
3.03333	223.90
3.05000	223.90
3.06667	223.90
3.08333	223.90
3.10000	223.90
3.11667	223.90
3.13333	223.90
3.15000	223.90
3.16667	223.90
3.18333	223.90
3.20000	223.90
3.21667	223.90
3.23333	223.90
3.25000	223.90
3.26667	223.90
3.28333	223.90
3.30000	223.90
3.31667	223.90
3.33333	223.90
3.35000	223.90
3.36667	223.90
3.38333	223.90
3.40000	223.90
3.41667	223.90
3.43333	223.90
3.45000	223.90
3.46667	223.90
3.48333	223.90
3.50000	223.90
3.51667	223.90
3.53333	223.90
3.55000	223.90
3.56667	223.90
3.58333	223.90
3.60000	223.90
3.61667	223.90
3.63333	223.90
3.65000	223.90
3.66667	223.90
3.68333	223.90
3.70000	223.90
3.71667	223.90
3.73333	223.90
3.75000	223.90
3.76667	223.90
3.78333	223.90
3.80000	223.90
3.81667	223.90
3.83333	223.90
3.85000	223.90
3.86667	223.90
3.88333	223.90
3.90000	223.90
3.91667	223.90
3.93333	223.90
3.95000	223.90
3.96667	223.90
3.98333	223.90
4.00000	223.90
4.01667	223.90
4.03333	223.90
4.05000	223.90
4.06667	223.90
4.08333	223.90
4.10000	223.90
4.11667	223.90
4.13333	223.90
4.15000	223.90
4.16667	223.90
4.18333	223.90
4.20000	223.90
4.21667	223.90
4.23333	223.90
4.25000	223.90
4.26667	223.90
4.28333	223.90
4.30000	223.90
4.31667	223.90
4.33333	223.90
4.35000	223.90
4.36667	223.90
4.38333	223.90
4.40000	223.90
4.41667	223.90
4.43333	223.90
4.45000	223.90
4.46667	223.90
4.48333	223.90
4.50000	223.90
4.51667	223.90
4.53333	223.90
4.55000	223.90
4.56667	223.90
4.58333	223.90
4.60000	223.90
4.61667	223.90
4.63333	223.90
4.65000	223.90
4.66667	223.90
4.68333	223.90
4.70000	223.90
4.71667	223.90
4.73333	223.90
4.75000	223.90
4.76667	223.90
4.78333	223.90
4.80000	223.90
4.81667	223.90
4.83333	223.90
4.85000	223.90
4.86667	223.90
4.88333	223.90
4.90000	223.90
4.91667	223.90
4.93333	223.90
4.95000	223.90
4.96667	223.90
4.98333	223.90
5.00000	223.90
5.01667	223.90
5.03333	223.90
5.05000	223.90
5.06667	223.90
5.08333	223.90
5.10000	223.90
5.11667	223.90
5.13333	223.90
5.15000	223.90
5.16667	223.90
5.18333	223.90
5.20000	223.90
5.21667	223.90
5.23333	223.90
5.25000	223.90
5.26667	223.90
5.28333	223.90
5.30000	223.90
5.31667	223.90
5.33333	223.90
5.35000	223.90
5.36667	223.90
5.38333	223.90
5.40000	223.90
5.41667	223.90
5.43333	223.90
5.45000	223.90
5.46667	223.90
5.48333	223.90
5.50000	223.90
5.51667	223.90
5.53333	223.90
5.55000	223.90
5.56667	223.90
5.58333	223.90
5.60000	223.90
5.61667	223.90
5.63333	223.90
5.65000	223.90
5.66667	223.90
5.68333	223.90
5.70000	223.90
5.71667	223.90
5.73333	223.90
5.75000	223.90
5.76667	223.90
5.78333	223.90
5.80000	223.90
5.81667	223.90
5.83333	223.90
5.85000	223.90
5.86667	223.90
5.88333	223.90
5.90000	223.90
5.91667	223.90
5.93333	223.90
5.95000	223.90
5.96667	223.90
5.98333	223.90
6.00000	223.90
6.01667	223.90
6.03333	223.90
6.05000	223.90
6.06667	223.90
6.08333	223.90
6.10000	223.90
6.11667	223.90
6.13333	223.90
6.15000	223.90
6.16667	223.90
6.18333	223.90
6.20000	223.90
6.21667	223.90
6.23333	223.90
6.25000	223.90
6.26667	223.90
6.28333	223.90
6.30000	223.90
6.31667	223.90
6.33333	223.90
6.35000	223.90
6.36667	223.90
6.38333	223.90
6.40000	223.90
6.41667	223.90
6.43333	223.90
6.45000	223.90
6.46667	223.90
6.48333	223.90
6.50000	223.90
6.51667	223.90
6.53333	223.90
6.55000	223.90
6.56667	223.90
6.58333	223.90
6.60000	223.90
6.61667	223.90
6.63333	223.90
6.65000	223.90
6.66667	223.90
6.68333	223.90
6.70000	223.90
6.71667	223.90
6.73333	223.90
6.75000	223.90
6.76667	223.90
6.78333	223.90
6.80000	223.90
6.81667	223.90
6.83333	223.90
6.85000	223.90
6.86667	223.90
6.88333	223.90
6.90000	223.90
6.91667	223.90
6.93333	223.90
6.95000	223.90
6.96667	223.90
6.98333	223.90
7.00000	223.90
7.01667	223.90
7.03333	223.90
7.05000	223.90
7.06667	223.90
7.08333	223.90
7.10000	223.90
7.11667	223.90
7.13333	223.90
7.15000	223.90
7.16667	223.90
7.18333	223.90
7.20000	223.90
7.21667	223.90
7.23333	223.90
7.25000	223.90
7.26667	223.90
7.28333	223.90
7.30000	223.90
7.31667	223.90
7.33333	223.90
7.35000	223.90
7.36667	223.90
7.38333	223.90
7.40000	223.90
7.41667	223.90
7.43333	223.90
7.45000	223.90
7.46667	223.90
7.48333	223.90
7.50000	223.90
7.51667	223.90
7.53333	223.90
7.55000	223.90
7.56667	223.90
7.58333	223.90
7.60000	223.90
7.61667	223.90
7.63333	223.90
7.65000	223.90
7.66667	223.90
7.68333	223.90
7.70000	223.90
7.71667	223.90
7.73333	223.90
7.75000	223.90
7.76667	223.90
7.78333	223.90
7.80000	223.90
7.81667	223.90
7.83333	223.90
7.85000	223.90
7.86667	223.90
7.88333	223.90
7.90000	223.90
7.91667	223.90
7.93333	223.90
7.95000	223.90
7.96667	223.90
7.98333	223.90
8.00000	223.90
8.01667	223.90
8.03333	223.90
8.05000	223.90
8.06667	223.90
8.08333	223.90
8.10000	223.90
8.11667	223.90
8.13333	223.90
8.15000	223.90
8.16667	223.90
8.18333	223.90
8.20000	223.90
8.21667	223.90
8.23333	223.90
8.25000	223.90
8.26667	223.90
8.28333	223.90
8.30000	223.90
8.31667	223.90
8.33333	223.90
8.35000	223.90
8.36667	223.90
8.38333	223.90
8.40000	223.90
8.41667	223.90
8.43333	223.90
8.45000	223.90
8.46667	223.90
8.48333	223.90
8.50000	223.90
8.51667	223.90
8.53333	223.90
8.55000	223.90
8.56667	223.90
8.58333	223.90
8.60000	223.90
8.61667	223.90
8.63333	223.90
8.65000	223.90
8.66667	223.90
8.68333	223.90
8.70000	223.90
8.71667	223.90
8.73333	223.90
8.75000	223.90
8.76667	223.90
8.78333	223.90
8.80000	223.90
8.81667	223.90
8.83333	223.90
8.85000	223.90
8.86667	223.90
8.88333	223.90
8.90000	223.90
8.91667	223.90
8.93333	223.90
8.95000	223.90
8.96667	223.90
8.98333	223.90
9.00000	223.90
9.01667	223.90
9.03333	223.90
9.05000	223.90
9.06667	223.90
9.08333	223.90
9.10000	223.90
9.11667	223.90
9.13333	223.90
9.15000	223.90
9.16667	223.90
9.18333	223.90
9.20000	223.90
9.21667	223.90
9.23333	223.90
9.25000	223.90
9.26667	223.90
9.28333	223.90
9.30000	223.90
9.31667	223.90
9.33333	223.90
9.35000	223.90
9.36667	223.90
9.38333	223.90
9.40000	223.90
9.41667	223.90
9.43333	223.90
9.45000	223.90
9.46667	223.90
9.48333	223.90
9.50000	223.90
9.51667	223.90
9.53333	223.90
9.55000	223.90
9.56667	223.90
9.58333	223.90
9.60000	223.90
9.61667	223.90
9.63333	223.90
9.65000	223.90
9.66667	223.90
9.68333	223.90
9.70000	223.90
9.71667	223.90
9.73333	223.90
9.75000	223.90
9.76667	223.90
9.78333	223.90
9.80000	223.90
9.81667	223.90
9.83333	223.90
9.85000	223.90
9.86667	223.90
9.88333	223.90
9.90000	223.90
9.91667	223.90
9.93333	223.90
9.95000	223.90
9.96667	223.90
9.98333	223.90
10.00000	223.90
10.01667	223.90
10.03333	223.90
10.05000	223.90
10.06667	223.90
10.08333	223.90
10.10000	223.90
10.11667	223.90
10.13333	223.90
10.15000	223.90
10.16667	223.90
10.18333	223.90
10.20000	223.90
10.21667	223.90
10.23333	223.90
10.25000	223.90
10.26667	223.90
10.28333	223.90
10.30000	223.90
10.31667	223.90
10.33333	223.90
10.35000	223.90
10.36667	223.90
10.38333	223.90
10.40000	223.90
10.41667	223.90
10.43333	223.90
10.45000	223.90
10.46667	223.90
10.48333	223.90
10.50000	223.90
10.51667	223.90
10.53333	223.90
10.55000	223.90
10.56667	223.90
10.58333	223.90
10.60000	223.90
10.61667	223.90
10.63333	223.90
10.65000	223.90
10.66667	223.90
10.68333	223.90
10.70000	223.90
10.71667	223.90
10.73333	223.90
10.75000	223.90
10.76667	223.90
10.78333	223.90
10.80000	223.90
10.81667	223.90
10.83333	223.90
10.85000	223.90
10.86667	223.90
10.88333	223.90
10.90000	223.90
10.91667	223.90
10.93333	223.90
10.95000	223.90
10.96667	223.90
10.98333	223.90
11.00000	223.90
11.01667	223.90
11.03333	223.90
11.05000	223.90
11.06667	223.90
11.08333	223.90
11.10000	223.90
11.11667	223.90
11.13333	223.90
11.15000	223.90
11.16667	223.90
11.18333	223.90
11.20000	223.90
11.21667	223.90
11.23333	223.90
11.25000	223.90
11.26667	223.90
11.28333	223.90
11.30000	223.90
11.31667	223.90
11.33333	223.90
11.35000	223.90
11.36667	223.90
11.38333	223.90
11.40000	223.90
11.41667	223.90
11.43333	223.90
11.45000	223.90
11.46667	223.90
11.48333	223.90
11.50000	223.90
11.51667	223.90
11.53333	223.90
11.55000	223.90
11.56667	223.90
11.58333	223.90
11.60000	223.90
11.61667	223.90
11.63333	223.90
11.65000	223.90
11.66667	223.90
11.68333	223.90
11.70000	223.90
11.71667	223.90
11.73333	223.90
11.75000	223.90
11.76667	223.90
11.78333	223.90
11.80000	223.90
11.81667	223.90
11.83333	223.90
11.85000	223.90
11.86667	223.90
11.88333	223.90
11.90000	223.90
11.91667	223.90
11.93333	223.90
11.95000	223.90
11.96667	223.90
11.98333	223.90
12.00000	223.90
12.01667	223.90
12.03333	223.90
12.05000	223.90
12.06667	223.90
12.08333	223.90
12.10000	223.90
12.11667	223.90
12.13333	223.90
12.15000	223.90
12.16667	223.90
12.18333	223.90
12.20000	223.90
12.21667	223.90
12.23333	223.90
12.25000	223.90
12.26667	223.90
12.28333	223.90
12.30000	223.90
12.31667	223.90
12.33333	223.90
12.35000	223.90
12.36667	223.90
12.38333	223.90
12.40000	223.90
12.41667	223.90
12.43333	223.90
12.45000	223.90
12.46667	223.90
12.48333	223.90
12.50000	223.90
12.51667	223.90
12.53333	223.90
12.55000	223.90
12.56667	223.90
12.58333	223.90
12.60000	223.90
12.61667	223.90
12.63333	223.90
12.65000	223.90
12.66667	223.90
12.68333	223.90
12.70000	223.90
12.71667	223.90
12.73333	223.90
12.75000	223.90
12.76667	223.90
12.78333	223.90
12.80000	223.90
12.81667	223.90
12.83333	223.90
12.85000	223.90
12.86667	223.90
12.88333	223.90
12.90000	223.90
12.91667	223.90
12.93333	223.90
12.95000	223.90
12.96667	223.90
12.98333	223.90
13.00000	223.90
13.01667	223.90
13.03333	223.90
13.05000	223.90
13.06667	223.90
13.08333	223.90
13.10000	223.90
13.11667	223.90
13.13333	223.90
13.15000	223.90
13.16667	223.90
13.18333	223.90
13.20000	223.90
13.21667	223.90
13.23333	223.90
13.25000	223.90
13.26667	223.90
13.28333	223.90
13.30000	223.90
13.31667	223.90
13.33333	223.90
13.35000	223.90
13.36667	223.90
13.38333	223.90
13.40000	223.90
13.41667	223.90
13.43333	223.90
13.45000	223.90
13.46667	223.90
13.48333	223.90
13.50000	223.90
13.51667	223.90
13.53333	223.90
13.55000	223.90
13.56667	223.90
13.58333	223.90
13.60000	223.90
13.61667	223.90
13.63333	223.90
13.65000	223.90
13.66667	223.90
13.68333	223.90
13.70000	223.90
13.71667	223.90
13.73333	223.90
13.75000	223.90
13.76667	223.90
13.78333	223.90
13.80000	223.90
13.81667	223.90
13.83333	223.90
13.85000	223.90
13.86667	223.90
13.88333	223.90
13.90000	223.90
13.91667	223.90
13.93333	223.90
13.95000	223.90
13.96667	223.90
13.98333	223.90
14.00000	223.90
14.01667	223.90
14.03333	223.90
14.05000	223.90
14.06667	223.90
14.08333	223.90
14.10000	223.90
14.11667	223.90
14.13333	223.90
14.15000	223.90
14.16667	223.90
14.18333	223.90
14.20000	223.90
14.21667	223.90
14.23333	223.90
14.25000	223.90
14.26667	223.90
14.28333	223.90
14.30000	223.90
14.31667	223.90
14.33333	223.90
14.35000	223.90
14.36667	223.90
14.38333	223.90
14.40000	223.90
14.41667	223.90
14.43333	223.90
14.45000	223.90
14.46667	223.90
14.48333	223.90
14.50000	223.90
14.51667	223.90
14.53333	223.90
14.55000	223.90
14.56667	223.90
14.58333	223.90
14.60000	223.90
14.61667	223.90
14.63333	223.90
14.65000	223.90
14.66667	223.90
14.68333	223.90
14.70000	223.90
14.71667	223.90
14.73333	223.90
14.75000	223.90
14.76667	223.90
14.78333	223.90
14.80000	223.90
14.81667	223.90
14.83333	223.90
14.85000	223.90
14.86667	223.90
14.88333	223.90
14.90000	223.90
14.91667	223.90
14.93333	223.90
14.95000	223.90
14.96667	223.90
14.98333	223.90
15.00000	223.90

[Fraction Collection Report]
# of Fractions	0
