[Header]
Application Name	LabSolutions
Version	5.113
Data File Name	C:\LabSolutions\Data\Andreas\250414_tauJB6Solubility150mMNaClpH7p4_4142025_2239_4152025_1330_7uMtau_700nMJB6_44h001_001_07.lcd
Output Date	5/27/2025
Output Time	8:24:22 AM

[File Information]
Type	Data File
Generated	4/16/2025 10:28:03 AM
Generated by	System Administrator
Modified	4/16/2025 10:43:44 AM
Modified by	System Administrator

[Sample Information]
Operator Name	System Administrator
Acquired	4/16/2025 10:28:43 AM
Sample Type	0:Unknown
Level	0
Sample Name	7uMtau_700nMJB6_44h001
Sample ID	001
ISTD Amount1	1
ISTD Amount2	1
ISTD Amount3	1
ISTD Amount4	1
ISTD Amount5	1
ISTD Amount6	1
ISTD Amount7	1
ISTD Amount8	1
ISTD Amount9	1
ISTD Amount10	1
ISTD Amount11	1
ISTD Amount12	1
ISTD Amount13	1
ISTD Amount14	1
ISTD Amount15	1
ISTD Amount16	1
ISTD Amount17	1
ISTD Amount18	1
ISTD Amount19	1
ISTD Amount20	1
ISTD Amount21	1
ISTD Amount22	1
ISTD Amount23	1
ISTD Amount24	1
ISTD Amount25	1
ISTD Amount26	1
ISTD Amount27	1
ISTD Amount28	1
ISTD Amount29	1
ISTD Amount30	1
ISTD Amount31	1
ISTD Amount32	1
Sample Amount	1
Dilution Factor	1
Vial#	F11
Injection Volume	40
Injection Count	0
Bar Code	

[Original Files]
Data File	C:\LabSolutions\Data\Andreas\250414_tauJB6Solubility150mMNaClpH7p4_4142025_2239_4152025_1330_7uMtau_700nMJB6_44h001_001_07.lcd
Method File	C:\LabSolutions\Data\Andreas\BioShell_Tau-fragment_MS_QC+Quant.lcm
Batch File	C:\LabSolutions\Data\Andreas\250414_tauJB6Solubility150mMNaClpH7p4_4142025_2239_4152025_1330.lcb
Report Format File	C:\LabSolutions\System\DEFAULT.lsr
Tuning File	C:\LabSolutions\Data\Max\Tuning 240115 no mz or resolution-max.lct

[File Description]


[Configuration]
Instrument Name	LCMSShimadzu
Instrument #	2
Line #	1
# of Detectors	2
Detector ID	Detector A	MS
Detector Name	Detector A	MS
# of Channels	2	1

[Peak Table(Detector A-Ch1)]
# of Peaks	19
Peak#	R.Time	I.Time	F.Time	Area	Height	A/H	Conc.	Mark	ID#	Name	k'	Plate #	Plate Ht.	Tailing	Resolution	Sep.Factor	Area Ratio	Height Ratio	Conc. %	Norm Conc.
1	0.523	0.500	0.655	2361	427	5.526	0.000	   			0.000	488	307.524	3.145	0.000	0.000	0	0	0.000	0.000
2	3.027	2.993	3.070	6997	3887	1.800	0.000	   			4.783	63308	2.369	0.000	35.036	0.000	0	0	0.000	0.000
3	3.097	3.070	3.158	2904	1280	2.268	0.000	 V 			4.917	44101	3.401	0.000	1.307	1.028	0	0	0.000	0.000
4	3.197	3.163	3.223	1922	949	2.024	0.000	   			5.108	41567	3.609	0.000	1.643	1.039	0	0	0.000	0.000
5	3.318	3.223	3.318	18460	13125	1.407	0.000	 V 			5.341	0	0.000	0.000	0.000	1.046	0	0	0.000	0.000
6	3.347	3.318	3.385	84085	35989	2.336	0.000	 V 			5.395	41223	3.639	0.000	0.000	1.010	0	0	0.000	0.000
7	3.408	3.385	3.408	14377	14592	0.985	0.000	 V 			5.513	0	0.000	0.000	0.000	1.022	0	0	0.000	0.000
8	3.428	3.408	3.473	49998	22550	2.217	0.000	 V 			5.551	34142	4.393	0.000	0.000	1.007	0	0	0.000	0.000
9	3.515	3.473	3.515	22289	14369	1.551	0.000	 V 			5.717	0	0.000	0.000	0.000	1.030	0	0	0.000	0.000
10	3.558	3.515	3.588	249973	85482	2.924	0.000	 V 			5.799	14910	10.061	0.000	0.000	1.014	0	0	0.000	0.000
11	3.617	3.588	3.770	695439	343754	2.023	22.464	SV 	1	tau_205	5.911	81151	1.848	0.000	0.697	1.019	0	0	50.863	100.000
12	3.722	3.703	3.752	1789	1207	1.483	0.000	T  			6.111	121736	1.232	1.285	2.247	1.034	0	0	0.000	0.000
13	3.935	3.885	4.002	15255	8053	1.894	0.000	   			6.519	102417	1.465	1.093	4.645	1.067	0	0	0.000	0.000
14	4.352	4.322	4.378	2724	1505	1.811	0.000	   			7.315	118184	1.269	0.000	8.349	1.122	0	0	0.000	0.000
15	4.450	4.378	4.502	7942	2990	2.656	0.000	 V 			7.503	99959	1.501	0.000	1.839	1.026	0	0	0.000	0.000
16	4.878	4.790	4.902	8181	2392	3.421	0.000	   			8.322	12529	11.973	0.000	3.714	1.109	0	0	0.000	0.000
17	4.972	4.902	5.007	22593	4747	4.759	0.000	 V 			8.500	13850	10.831	0.000	0.544	1.021	0	0	0.000	0.000
18	5.032	5.007	5.078	12382	4374	2.831	0.000	 V 			8.615	33336	4.500	0.000	0.430	1.013	0	0	0.000	0.000
19	5.132	5.078	5.250	13656	3594	3.800	0.000	 V 			8.806	65020	2.307	0.000	1.049	1.022	0	0	0.000	0.000

[Peak Table(Detector A-Ch2)]
# of Peaks	19
Peak#	R.Time	I.Time	F.Time	Area	Height	A/H	Conc.	Mark	ID#	Name	k'	Plate #	Plate Ht.	Tailing	Resolution	Sep.Factor	Area Ratio	Height Ratio	Conc. %	Norm Conc.
1	0.677	0.662	0.717	39	20	1.983	0.000	   			0.000	2600	57.695	1.811	0.000	0.000	0	0	0.000	0.000
2	1.565	1.272	1.685	359	23	15.503	0.000	   			1.313	592	253.442	0.702	5.724	0.000	0	0	0.000	0.000
3	2.143	2.067	2.210	112	28	3.976	0.000	   			2.167	10945	13.705	0.918	3.409	1.651	0	0	0.000	0.000
4	2.618	2.515	2.733	369	74	4.960	0.000	   			2.869	14923	10.051	1.102	5.665	1.324	0	0	0.000	0.000
5	3.027	2.967	3.073	236	130	1.817	0.000	   			3.473	64284	2.333	0.866	6.118	1.210	0	0	0.000	0.000
6	3.412	3.313	3.412	137	69	1.983	0.000	   			4.042	0	0.000	0.000	0.000	1.164	0	0	0.000	0.000
7	3.432	3.412	3.472	262	120	2.177	0.000	 V 			4.071	39386	3.809	0.000	0.000	1.007	0	0	0.000	0.000
8	3.512	3.472	3.515	160	89	1.797	0.000	 V 			4.190	275	544.902	0.000	0.175	1.029	0	0	0.000	0.000
9	3.560	3.515	3.590	1367	458	2.987	0.000	 V 			4.261	12432	12.066	0.000	0.099	1.017	0	0	0.000	0.000
10	3.618	3.590	3.693	3949	2018	1.957	21.702	 V 	2	tau_280	4.347	78270	1.916	0.000	0.650	1.020	0	0	49.137	100.000
11	3.798	3.693	3.842	223	46	4.881	0.000	 V 			4.613	29462	5.091	0.000	2.567	1.061	0	0	0.000	0.000
12	4.207	4.102	4.240	60	12	4.995	0.000	   			5.217	72136	2.079	0.653	5.402	1.131	0	0	0.000	0.000
13	4.305	4.283	4.337	30	16	1.862	0.000	   			5.362	107175	1.400	1.238	1.706	1.028	0	0	0.000	0.000
14	4.400	4.357	4.440	69	23	3.051	0.000	   			5.502	58797	2.551	0.943	1.518	1.026	0	0	0.000	0.000
15	4.877	4.805	4.898	119	44	2.694	0.000	   			6.207	32105	4.672	0.000	5.254	1.128	0	0	0.000	0.000
16	4.975	4.898	5.012	496	106	4.691	0.000	 V 			6.352	16891	8.880	0.000	0.751	1.023	0	0	0.000	0.000
17	5.033	5.012	5.080	228	89	2.548	0.000	 V 			6.438	47409	3.164	0.000	0.475	1.014	0	0	0.000	0.000
18	5.133	5.080	5.245	277	79	3.496	0.000	 V 			6.586	78329	1.915	0.000	1.206	1.023	0	0	0.000	0.000
19	5.427	5.412	5.445	17	13	1.248	0.000	   			7.020	401666	0.373	1.111	5.451	1.066	0	0	0.000	0.000

[Compound Results(Detector A)]
# of IDs	2
ID#	Name	R.Time	Area	Height	Conc.	Curve	3rd	2nd	1st	Constant	Area Ratio	Height Ratio	Conc. %	Norm Conc.
1	tau_205	3.617	695439	343754	22.464	Linear	0.000000e+00	0.000000e+00	3.083937e+004	2.648347e+003	0	0	50.863	50.863
2	tau_280	3.618	3949	2018	21.702	Linear	0.000000e+00	0.000000e+00	1.814731e+002	1.094426e+001	0	0	49.137	49.137

[Group Results(Detector A)]
# of Groups	0

[LC Chromatogram(Detector A-Ch1)]
Interval(msec)	100
# of Points	9001
Start Time(min)	0.000
End Time(min)	15.000
Intensity Units	mAU
Intensity Multiplier	0.001
Wavelength(nm)	205nm
R.Time (min)	Intensity
0.00000	-1670
0.00167	-1670
0.00333	-1670
0.00500	-1670
0.00667	-1670
0.00833	-1671
0.01000	-1672
0.01167	0
0.01333	-1
0.01500	-1
0.01667	-2
0.01833	-3
0.02000	-4
0.02167	0
0.02333	-0
0.02500	-0
0.02667	-0
0.02833	0
0.03000	1
0.03167	3
0.03333	5
0.03500	7
0.03667	8
0.03833	9
0.04000	9
0.04167	10
0.04333	10
0.04500	10
0.04667	10
0.04833	9
0.05000	9
0.05167	9
0.05333	9
0.05500	8
0.05667	8
0.05833	8
0.06000	9
0.06167	9
0.06333	9
0.06500	9
0.06667	9
0.06833	9
0.07000	9
0.07167	8
0.07333	8
0.07500	6
0.07667	5
0.07833	3
0.08000	1
0.08167	-2
0.08333	-5
0.08500	-9
0.08667	-12
0.08833	-15
0.09000	-18
0.09167	-21
0.09333	-24
0.09500	-27
0.09667	-30
0.09833	-32
0.10000	-35
0.10167	-38
0.10333	-41
0.10500	-43
0.10667	-46
0.10833	-48
0.11000	-50
0.11167	-52
0.11333	-53
0.11500	-53
0.11667	-53
0.11833	-53
0.12000	-54
0.12167	-55
0.12333	-56
0.12500	-59
0.12667	-61
0.12833	-65
0.13000	-68
0.13167	-72
0.13333	-77
0.13500	-82
0.13667	-85
0.13833	-86
0.14000	-87
0.14167	-87
0.14333	-87
0.14500	-88
0.14667	-89
0.14833	-92
0.15000	-95
0.15167	-99
0.15333	-102
0.15500	-107
0.15667	-111
0.15833	-117
0.16000	-121
0.16167	-124
0.16333	-126
0.16500	-126
0.16667	-126
0.16833	-125
0.17000	-124
0.17167	-124
0.17333	-124
0.17500	-124
0.17667	-125
0.17833	-125
0.18000	-125
0.18167	-125
0.18333	-125
0.18500	-126
0.18667	-127
0.18833	-128
0.19000	-130
0.19167	-132
0.19333	-135
0.19500	-137
0.19667	-139
0.19833	-142
0.20000	-144
0.20167	-147
0.20333	-148
0.20500	-148
0.20667	-148
0.20833	-146
0.21000	-145
0.21167	-143
0.21333	-142
0.21500	-140
0.21667	-139
0.21833	-138
0.22000	-137
0.22167	-136
0.22333	-135
0.22500	-135
0.22667	-221
0.22833	-467
0.23000	-892
0.23167	-1499
0.23333	-2288
0.23500	-3775
0.23667	-6451
0.23833	-10512
0.24000	-16028
0.24167	-22996
0.24333	-27825
0.24500	-27849
0.24667	-22824
0.24833	-13188
0.25000	557
0.25167	17070
0.25333	36169
0.25500	58822
0.25667	86041
0.25833	118524
0.26000	148305
0.26167	170273
0.26333	185343
0.26500	195726
0.26667	203367
0.26833	205804
0.27000	200813
0.27167	188276
0.27333	168639
0.27500	142407
0.27667	114153
0.27833	86099
0.28000	56942
0.28167	24815
0.28333	-11750
0.28500	-46151
0.28667	-74466
0.28833	-98225
0.29000	-119952
0.29167	-141736
0.29333	-160950
0.29500	-176027
0.29667	-188068
0.29833	-198567
0.30000	-208718
0.30167	-217775
0.30333	-225363
0.30500	-232089
0.30667	-238656
0.30833	-245596
0.31000	-252000
0.31167	-257347
0.31333	-261986
0.31500	-266398
0.31667	-270959
0.31833	-274384
0.32000	-275734
0.32167	-275067
0.32333	-272681
0.32500	-268856
0.32667	-263570
0.32833	-256494
0.33000	-247250
0.33167	-235542
0.33333	-221187
0.33500	-206058
0.33667	-190963
0.33833	-175081
0.34000	-157392
0.34167	-137114
0.34333	-116935
0.34500	-98187
0.34667	-79780
0.34833	-60290
0.35000	-38610
0.35167	-18262
0.35333	-1297
0.35500	13263
0.35667	26917
0.35833	40882
0.36000	52880
0.36167	61429
0.36333	67106
0.36500	70857
0.36667	73476
0.36833	74911
0.37000	75045
0.37167	74018
0.37333	71999
0.37500	69121
0.37667	65739
0.37833	61953
0.38000	57576
0.38167	52398
0.38333	46263
0.38500	39865
0.38667	33480
0.38833	26740
0.39000	19210
0.39167	10559
0.39333	1928
0.39500	-6121
0.39667	-14055
0.39833	-22482
0.40000	-31876
0.40167	-41018
0.40333	-49280
0.40500	-57163
0.40667	-65324
0.40833	-74276
0.41000	-82883
0.41167	-90552
0.41333	-97760
0.41500	-105130
0.41667	-113153
0.41833	-120801
0.42000	-127529
0.42167	-133760
0.42333	-140050
0.42500	-146841
0.42667	-153292
0.42833	-158961
0.43000	-164208
0.43167	-169507
0.43333	-175228
0.43500	-180695
0.43667	-185560
0.43833	-190136
0.44000	-194822
0.44167	-199927
0.44333	-204732
0.44500	-208832
0.44667	-212481
0.44833	-216031
0.45000	-219752
0.45167	-221171
0.45333	-218311
0.45500	-210876
0.45667	-199078
0.45833	-183220
0.46000	-165921
0.46167	-148398
0.46333	-129824
0.46500	-109068
0.46667	-85254
0.46833	-63485
0.47000	-46979
0.47167	-34926
0.47333	-25698
0.47500	-17892
0.47667	-11811
0.47833	-7657
0.48000	-4951
0.48167	-3165
0.48333	-1896
0.48500	-1014
0.48667	-443
0.48833	-77
0.49000	168
0.49167	352
0.49333	489
0.49500	589
0.49667	667
0.49833	734
0.50000	801
0.50167	860
0.50333	910
0.50500	955
0.50667	999
0.50833	1046
0.51000	1087
0.51167	1118
0.51333	1139
0.51500	1155
0.51667	1167
0.51833	1176
0.52000	1180
0.52167	1180
0.52333	1176
0.52500	1170
0.52667	1162
0.52833	1154
0.53000	1145
0.53167	1135
0.53333	1123
0.53500	1110
0.53667	1098
0.53833	1085
0.54000	1070
0.54167	1054
0.54333	1037
0.54500	1022
0.54667	1009
0.54833	995
0.55000	980
0.55167	966
0.55333	954
0.55500	944
0.55667	935
0.55833	925
0.56000	917
0.56167	911
0.56333	906
0.56500	903
0.56667	900
0.56833	898
0.57000	896
0.57167	895
0.57333	895
0.57500	895
0.57667	896
0.57833	897
0.58000	899
0.58167	903
0.58333	907
0.58500	911
0.58667	916
0.58833	921
0.59000	927
0.59167	935
0.59333	941
0.59500	945
0.59667	947
0.59833	948
0.60000	948
0.60167	945
0.60333	938
0.60500	928
0.60667	913
0.60833	895
0.61000	875
0.61167	855
0.61333	833
0.61500	809
0.61667	781
0.61833	753
0.62000	729
0.62167	707
0.62333	685
0.62500	662
0.62667	640
0.62833	621
0.63000	604
0.63167	588
0.63333	570
0.63500	555
0.63667	542
0.63833	532
0.64000	522
0.64167	513
0.64333	505
0.64500	498
0.64667	491
0.64833	484
0.65000	476
0.65167	469
0.65333	463
0.65500	457
0.65667	452
0.65833	446
0.66000	441
0.66167	439
0.66333	440
0.66500	443
0.66667	447
0.66833	452
0.67000	457
0.67167	460
0.67333	464
0.67500	467
0.67667	469
0.67833	470
0.68000	467
0.68167	463
0.68333	458
0.68500	451
0.68667	445
0.68833	438
0.69000	431
0.69167	423
0.69333	415
0.69500	408
0.69667	403
0.69833	397
0.70000	392
0.70167	387
0.70333	383
0.70500	379
0.70667	376
0.70833	373
0.71000	370
0.71167	368
0.71333	366
0.71500	365
0.71667	365
0.71833	364
0.72000	363
0.72167	362
0.72333	360
0.72500	358
0.72667	356
0.72833	354
0.73000	352
0.73167	350
0.73333	348
0.73500	346
0.73667	346
0.73833	348
0.74000	351
0.74167	355
0.74333	360
0.74500	366
0.74667	372
0.74833	380
0.75000	389
0.75167	398
0.75333	408
0.75500	418
0.75667	429
0.75833	442
0.76000	456
0.76167	468
0.76333	480
0.76500	493
0.76667	507
0.76833	520
0.77000	532
0.77167	543
0.77333	554
0.77500	565
0.77667	576
0.77833	583
0.78000	589
0.78167	593
0.78333	596
0.78500	598
0.78667	598
0.78833	595
0.79000	589
0.79167	582
0.79333	574
0.79500	567
0.79667	559
0.79833	552
0.80000	543
0.80167	536
0.80333	531
0.80500	528
0.80667	526
0.80833	526
0.81000	526
0.81167	527
0.81333	529
0.81500	531
0.81667	535
0.81833	537
0.82000	539
0.82167	539
0.82333	537
0.82500	535
0.82667	532
0.82833	528
0.83000	523
0.83167	517
0.83333	509
0.83500	501
0.83667	493
0.83833	484
0.84000	473
0.84167	461
0.84333	449
0.84500	437
0.84667	427
0.84833	416
0.85000	404
0.85167	394
0.85333	385
0.85500	378
0.85667	372
0.85833	367
0.86000	362
0.86167	356
0.86333	351
0.86500	345
0.86667	338
0.86833	331
0.87000	324
0.87167	317
0.87333	310
0.87500	302
0.87667	295
0.87833	290
0.88000	286
0.88167	283
0.88333	280
0.88500	277
0.88667	276
0.88833	274
0.89000	273
0.89167	271
0.89333	270
0.89500	267
0.89667	263
0.89833	258
0.90000	251
0.90167	245
0.90333	239
0.90500	234
0.90667	228
0.90833	223
0.91000	218
0.91167	215
0.91333	214
0.91500	214
0.91667	216
0.91833	218
0.92000	220
0.92167	222
0.92333	225
0.92500	229
0.92667	233
0.92833	236
0.93000	239
0.93167	242
0.93333	245
0.93500	249
0.93667	252
0.93833	254
0.94000	257
0.94167	259
0.94333	261
0.94500	263
0.94667	265
0.94833	266
0.95000	267
0.95167	268
0.95333	267
0.95500	264
0.95667	261
0.95833	255
0.96000	250
0.96167	245
0.96333	240
0.96500	235
0.96667	229
0.96833	224
0.97000	220
0.97167	218
0.97333	217
0.97500	216
0.97667	214
0.97833	213
0.98000	211
0.98167	208
0.98333	204
0.98500	200
0.98667	195
0.98833	190
0.99000	185
0.99167	178
0.99333	172
0.99500	166
0.99667	161
0.99833	157
1.00000	152
1.00167	147
1.00333	144
1.00500	142
1.00667	140
1.00833	139
1.01000	138
1.01167	137
1.01333	137
1.01500	138
1.01667	139
1.01833	140
1.02000	140
1.02167	140
1.02333	140
1.02500	139
1.02667	139
1.02833	138
1.03000	138
1.03167	138
1.03333	138
1.03500	139
1.03667	139
1.03833	140
1.04000	141
1.04167	142
1.04333	143
1.04500	144
1.04667	144
1.04833	144
1.05000	144
1.05167	143
1.05333	143
1.05500	143
1.05667	143
1.05833	143
1.06000	143
1.06167	143
1.06333	143
1.06500	143
1.06667	143
1.06833	143
1.07000	143
1.07167	143
1.07333	143
1.07500	143
1.07667	142
1.07833	143
1.08000	143
1.08167	145
1.08333	146
1.08500	148
1.08667	150
1.08833	153
1.09000	156
1.09167	160
1.09333	163
1.09500	166
1.09667	167
1.09833	168
1.10000	168
1.10167	167
1.10333	167
1.10500	166
1.10667	165
1.10833	164
1.11000	163
1.11167	162
1.11333	162
1.11500	161
1.11667	160
1.11833	159
1.12000	159
1.12167	158
1.12333	157
1.12500	157
1.12667	156
1.12833	155
1.13000	155
1.13167	154
1.13333	153
1.13500	153
1.13667	152
1.13833	151
1.14000	151
1.14167	150
1.14333	150
1.14500	149
1.14667	149
1.14833	148
1.15000	148
1.15167	147
1.15333	147
1.15500	146
1.15667	146
1.15833	145
1.16000	145
1.16167	144
1.16333	144
1.16500	143
1.16667	143
1.16833	143
1.17000	143
1.17167	143
1.17333	143
1.17500	144
1.17667	144
1.17833	145
1.18000	147
1.18167	149
1.18333	152
1.18500	155
1.18667	157
1.18833	160
1.19000	163
1.19167	165
1.19333	168
1.19500	171
1.19667	174
1.19833	177
1.20000	180
1.20167	184
1.20333	187
1.20500	191
1.20667	195
1.20833	200
1.21000	205
1.21167	208
1.21333	210
1.21500	211
1.21667	212
1.21833	212
1.22000	213
1.22167	214
1.22333	216
1.22500	219
1.22667	222
1.22833	224
1.23000	226
1.23167	228
1.23333	230
1.23500	232
1.23667	233
1.23833	234
1.24000	233
1.24167	233
1.24333	232
1.24500	231
1.24667	231
1.24833	231
1.25000	231
1.25167	231
1.25333	231
1.25500	231
1.25667	231
1.25833	230
1.26000	230
1.26167	229
1.26333	228
1.26500	227
1.26667	226
1.26833	225
1.27000	223
1.27167	220
1.27333	216
1.27500	212
1.27667	208
1.27833	205
1.28000	203
1.28167	201
1.28333	200
1.28500	200
1.28667	200
1.28833	202
1.29000	204
1.29167	207
1.29333	210
1.29500	213
1.29667	216
1.29833	219
1.30000	223
1.30167	226
1.30333	228
1.30500	229
1.30667	230
1.30833	230
1.31000	229
1.31167	230
1.31333	230
1.31500	231
1.31667	232
1.31833	234
1.32000	234
1.32167	234
1.32333	234
1.32500	232
1.32667	231
1.32833	230
1.33000	229
1.33167	229
1.33333	228
1.33500	228
1.33667	230
1.33833	233
1.34000	237
1.34167	243
1.34333	249
1.34500	253
1.34667	256
1.34833	258
1.35000	259
1.35167	260
1.35333	261
1.35500	261
1.35667	262
1.35833	264
1.36000	265
1.36167	267
1.36333	269
1.36500	272
1.36667	276
1.36833	279
1.37000	282
1.37167	284
1.37333	285
1.37500	286
1.37667	287
1.37833	288
1.38000	290
1.38167	292
1.38333	295
1.38500	298
1.38667	302
1.38833	307
1.39000	314
1.39167	322
1.39333	330
1.39500	337
1.39667	343
1.39833	349
1.40000	356
1.40167	362
1.40333	367
1.40500	371
1.40667	375
1.40833	379
1.41000	383
1.41167	387
1.41333	391
1.41500	396
1.41667	400
1.41833	405
1.42000	410
1.42167	416
1.42333	421
1.42500	428
1.42667	434
1.42833	440
1.43000	447
1.43167	454
1.43333	462
1.43500	470
1.43667	476
1.43833	482
1.44000	487
1.44167	492
1.44333	497
1.44500	501
1.44667	505
1.44833	508
1.45000	512
1.45167	515
1.45333	518
1.45500	522
1.45667	526
1.45833	531
1.46000	536
1.46167	541
1.46333	546
1.46500	551
1.46667	557
1.46833	562
1.47000	567
1.47167	572
1.47333	577
1.47500	582
1.47667	587
1.47833	593
1.48000	599
1.48167	607
1.48333	615
1.48500	624
1.48667	633
1.48833	641
1.49000	650
1.49167	660
1.49333	670
1.49500	678
1.49667	685
1.49833	692
1.50000	698
1.50167	705
1.50333	710
1.50500	715
1.50667	720
1.50833	725
1.51000	730
1.51167	736
1.51333	742
1.51500	749
1.51667	758
1.51833	767
1.52000	776
1.52167	785
1.52333	795
1.52500	807
1.52667	819
1.52833	829
1.53000	838
1.53167	847
1.53333	856
1.53500	865
1.53667	872
1.53833	878
1.54000	884
1.54167	889
1.54333	895
1.54500	901
1.54667	906
1.54833	912
1.55000	919
1.55167	927
1.55333	935
1.55500	945
1.55667	956
1.55833	969
1.56000	982
1.56167	994
1.56333	1006
1.56500	1018
1.56667	1031
1.56833	1043
1.57000	1054
1.57167	1065
1.57333	1076
1.57500	1088
1.57667	1100
1.57833	1111
1.58000	1122
1.58167	1133
1.58333	1146
1.58500	1159
1.58667	1172
1.58833	1185
1.59000	1199
1.59167	1216
1.59333	1232
1.59500	1247
1.59667	1262
1.59833	1277
1.60000	1294
1.60167	1310
1.60333	1324
1.60500	1336
1.60667	1347
1.60833	1359
1.61000	1370
1.61167	1381
1.61333	1392
1.61500	1403
1.61667	1416
1.61833	1430
1.62000	1444
1.62167	1459
1.62333	1475
1.62500	1495
1.62667	1514
1.62833	1531
1.63000	1549
1.63167	1567
1.63333	1587
1.63500	1606
1.63667	1623
1.63833	1639
1.64000	1655
1.64167	1672
1.64333	1689
1.64500	1705
1.64667	1721
1.64833	1739
1.65000	1758
1.65167	1777
1.65333	1794
1.65500	1811
1.65667	1829
1.65833	1848
1.66000	1867
1.66167	1884
1.66333	1902
1.66500	1920
1.66667	1940
1.66833	1960
1.67000	1979
1.67167	1998
1.67333	2018
1.67500	2040
1.67667	2061
1.67833	2080
1.68000	2097
1.68167	2115
1.68333	2133
1.68500	2151
1.68667	2166
1.68833	2182
1.69000	2197
1.69167	2215
1.69333	2232
1.69500	2247
1.69667	2262
1.69833	2277
1.70000	2294
1.70167	2311
1.70333	2326
1.70500	2341
1.70667	2357
1.70833	2374
1.71000	2391
1.71167	2407
1.71333	2422
1.71500	2438
1.71667	2456
1.71833	2473
1.72000	2489
1.72167	2505
1.72333	2522
1.72500	2541
1.72667	2560
1.72833	2577
1.73000	2593
1.73167	2611
1.73333	2631
1.73500	2650
1.73667	2668
1.73833	2685
1.74000	2703
1.74167	2723
1.74333	2743
1.74500	2762
1.74667	2782
1.74833	2803
1.75000	2828
1.75167	2852
1.75333	2873
1.75500	2892
1.75667	2912
1.75833	2933
1.76000	2954
1.76167	2973
1.76333	2992
1.76500	3012
1.76667	3035
1.76833	3057
1.77000	3078
1.77167	3098
1.77333	3120
1.77500	3144
1.77667	3167
1.77833	3189
1.78000	3210
1.78167	3231
1.78333	3256
1.78500	3279
1.78667	3301
1.78833	3322
1.79000	3344
1.79167	3369
1.79333	3393
1.79500	3414
1.79667	3435
1.79833	3456
1.80000	3479
1.80167	3502
1.80333	3524
1.80500	3545
1.80667	3569
1.80833	3596
1.81000	3622
1.81167	3646
1.81333	3670
1.81500	3695
1.81667	3724
1.81833	3751
1.82000	3776
1.82167	3799
1.82333	3824
1.82500	3851
1.82667	3877
1.82833	3902
1.83000	3926
1.83167	3951
1.83333	3979
1.83500	4006
1.83667	4032
1.83833	4057
1.84000	4083
1.84167	4112
1.84333	4141
1.84500	4166
1.84667	4190
1.84833	4214
1.85000	4240
1.85167	4264
1.85333	4287
1.85500	4307
1.85667	4329
1.85833	4352
1.86000	4375
1.86167	4396
1.86333	4417
1.86500	4439
1.86667	4464
1.86833	4489
1.87000	4512
1.87167	4536
1.87333	4561
1.87500	4589
1.87667	4618
1.87833	4645
1.88000	4672
1.88167	4701
1.88333	4734
1.88500	4766
1.88667	4794
1.88833	4821
1.89000	4849
1.89167	4878
1.89333	4907
1.89500	4932
1.89667	4956
1.89833	4980
1.90000	5007
1.90167	5032
1.90333	5057
1.90500	5082
1.90667	5109
1.90833	5139
1.91000	5169
1.91167	5198
1.91333	5226
1.91500	5256
1.91667	5290
1.91833	5322
1.92000	5352
1.92167	5380
1.92333	5409
1.92500	5441
1.92667	5472
1.92833	5500
1.93000	5527
1.93167	5556
1.93333	5587
1.93500	5618
1.93667	5645
1.93833	5671
1.94000	5699
1.94167	5728
1.94333	5758
1.94500	5784
1.94667	5810
1.94833	5837
1.95000	5867
1.95167	5896
1.95333	5924
1.95500	5951
1.95667	5979
1.95833	6011
1.96000	6042
1.96167	6070
1.96333	6096
1.96500	6123
1.96667	6151
1.96833	6180
1.97000	6206
1.97167	6232
1.97333	6260
1.97500	6291
1.97667	6322
1.97833	6351
1.98000	6380
1.98167	6412
1.98333	6447
1.98500	6482
1.98667	6513
1.98833	6542
1.99000	6572
1.99167	6605
1.99333	6636
1.99500	6665
1.99667	6692
1.99833	6721
2.00000	6753
2.00167	6784
2.00333	6812
2.00500	6838
2.00667	6865
2.00833	6894
2.01000	6923
2.01167	6948
2.01333	6973
2.01500	6998
2.01667	7025
2.01833	7052
2.02000	7077
2.02167	7102
2.02333	7128
2.02500	7157
2.02667	7185
2.02833	7211
2.03000	7235
2.03167	7259
2.03333	7286
2.03500	7311
2.03667	7334
2.03833	7355
2.04000	7378
2.04167	7402
2.04333	7426
2.04500	7449
2.04667	7473
2.04833	7498
2.05000	7527
2.05167	7556
2.05333	7583
2.05500	7610
2.05667	7640
2.05833	7673
2.06000	7706
2.06167	7735
2.06333	7763
2.06500	7792
2.06667	7824
2.06833	7855
2.07000	7883
2.07167	7909
2.07333	7937
2.07500	7968
2.07667	7998
2.07833	8026
2.08000	8054
2.08167	8084
2.08333	8118
2.08500	8151
2.08667	8181
2.08833	8211
2.09000	8241
2.09167	8275
2.09333	8308
2.09500	8338
2.09667	8366
2.09833	8394
2.10000	8425
2.10167	8456
2.10333	8484
2.10500	8511
2.10667	8541
2.10833	8574
2.11000	8606
2.11167	8637
2.11333	8667
2.11500	8699
2.11667	8736
2.11833	8771
2.12000	8803
2.12167	8832
2.12333	8863
2.12500	8897
2.12667	8929
2.12833	8957
2.13000	8983
2.13167	9009
2.13333	9038
2.13500	9065
2.13667	9091
2.13833	9115
2.14000	9141
2.14167	9170
2.14333	9199
2.14500	9226
2.14667	9255
2.14833	9286
2.15000	9321
2.15167	9357
2.15333	9390
2.15500	9423
2.15667	9459
2.15833	9499
2.16000	9540
2.16167	9580
2.16333	9623
2.16500	9671
2.16667	9727
2.16833	9787
2.17000	9855
2.17167	9933
2.17333	10026
2.17500	10137
2.17667	10254
2.17833	10375
2.18000	10505
2.18167	10654
2.18333	10826
2.18500	10995
2.18667	11147
2.18833	11289
2.19000	11435
2.19167	11593
2.19333	11736
2.19500	11845
2.19667	11927
2.19833	11994
2.20000	12053
2.20167	12097
2.20333	12119
2.20500	12121
2.20667	12108
2.20833	12082
2.21000	12051
2.21167	12017
2.21333	11980
2.21500	11938
2.21667	11889
2.21833	11841
2.22000	11798
2.22167	11757
2.22333	11715
2.22500	11669
2.22667	11627
2.22833	11590
2.23000	11557
2.23167	11525
2.23333	11491
2.23500	11460
2.23667	11436
2.23833	11416
2.24000	11399
2.24167	11383
2.24333	11371
2.24500	11364
2.24667	11362
2.24833	11365
2.25000	11371
2.25167	11379
2.25333	11391
2.25500	11405
2.25667	11422
2.25833	11444
2.26000	11466
2.26167	11486
2.26333	11505
2.26500	11526
2.26667	11548
2.26833	11570
2.27000	11592
2.27167	11613
2.27333	11635
2.27500	11661
2.27667	11686
2.27833	11711
2.28000	11737
2.28167	11766
2.28333	11798
2.28500	11830
2.28667	11860
2.28833	11889
2.29000	11919
2.29167	11954
2.29333	11987
2.29500	12016
2.29667	12044
2.29833	12073
2.30000	12105
2.30167	12135
2.30333	12162
2.30500	12187
2.30667	12214
2.30833	12242
2.31000	12270
2.31167	12295
2.31333	12318
2.31500	12342
2.31667	12368
2.31833	12394
2.32000	12417
2.32167	12441
2.32333	12466
2.32500	12493
2.32667	12521
2.32833	12548
2.33000	12576
2.33167	12605
2.33333	12639
2.33500	12673
2.33667	12703
2.33833	12733
2.34000	12764
2.34167	12799
2.34333	12832
2.34500	12861
2.34667	12888
2.34833	12916
2.35000	12946
2.35167	12974
2.35333	13000
2.35500	13025
2.35667	13050
2.35833	13078
2.36000	13105
2.36167	13131
2.36333	13156
2.36500	13183
2.36667	13213
2.36833	13242
2.37000	13268
2.37167	13293
2.37333	13318
2.37500	13345
2.37667	13371
2.37833	13395
2.38000	13418
2.38167	13443
2.38333	13470
2.38500	13498
2.38667	13523
2.38833	13548
2.39000	13575
2.39167	13605
2.39333	13635
2.39500	13663
2.39667	13691
2.39833	13722
2.40000	13756
2.40167	13790
2.40333	13821
2.40500	13851
2.40667	13883
2.40833	13918
2.41000	13952
2.41167	13982
2.41333	14010
2.41500	14039
2.41667	14070
2.41833	14100
2.42000	14128
2.42167	14154
2.42333	14182
2.42500	14212
2.42667	14241
2.42833	14268
2.43000	14293
2.43167	14320
2.43333	14349
2.43500	14377
2.43667	14403
2.43833	14427
2.44000	14452
2.44167	14479
2.44333	14505
2.44500	14529
2.44667	14552
2.44833	14576
2.45000	14602
2.45167	14629
2.45333	14654
2.45500	14679
2.45667	14706
2.45833	14737
2.46000	14767
2.46167	14795
2.46333	14821
2.46500	14848
2.46667	14878
2.46833	14906
2.47000	14931
2.47167	14955
2.47333	14978
2.47500	15004
2.47667	15029
2.47833	15053
2.48000	15077
2.48167	15104
2.48333	15134
2.48500	15164
2.48667	15194
2.48833	15223
2.49000	15256
2.49167	15292
2.49333	15327
2.49500	15358
2.49667	15386
2.49833	15414
2.50000	15445
2.50167	15473
2.50333	15498
2.50500	15520
2.50667	15543
2.50833	15566
2.51000	15588
2.51167	15607
2.51333	15623
2.51500	15639
2.51667	15656
2.51833	15674
2.52000	15694
2.52167	15717
2.52333	15745
2.52500	15779
2.52667	15816
2.52833	15858
2.53000	15905
2.53167	15962
2.53333	16029
2.53500	16095
2.53667	16153
2.53833	16206
2.54000	16259
2.54167	16316
2.54333	16367
2.54500	16404
2.54667	16430
2.54833	16450
2.55000	16466
2.55167	16478
2.55333	16488
2.55500	16496
2.55667	16502
2.55833	16509
2.56000	16517
2.56167	16527
2.56333	16540
2.56500	16557
2.56667	16577
2.56833	16599
2.57000	16620
2.57167	16641
2.57333	16665
2.57500	16692
2.57667	16720
2.57833	16747
2.58000	16775
2.58167	16806
2.58333	16841
2.58500	16877
2.58667	16915
2.58833	16956
2.59000	17002
2.59167	17056
2.59333	17112
2.59500	17168
2.59667	17227
2.59833	17294
2.60000	17370
2.60167	17447
2.60333	17519
2.60500	17590
2.60667	17667
2.60833	17752
2.61000	17834
2.61167	17903
2.61333	17964
2.61500	18023
2.61667	18084
2.61833	18137
2.62000	18174
2.62167	18198
2.62333	18212
2.62500	18220
2.62667	18222
2.62833	18218
2.63000	18208
2.63167	18193
2.63333	18172
2.63500	18151
2.63667	18134
2.63833	18119
2.64000	18105
2.64167	18092
2.64333	18082
2.64500	18081
2.64667	18088
2.64833	18101
2.65000	18122
2.65167	18150
2.65333	18188
2.65500	18240
2.65667	18306
2.65833	18388
2.66000	18471
2.66167	18548
2.66333	18622
2.66500	18700
2.66667	18786
2.66833	18861
2.67000	18912
2.67167	18943
2.67333	18960
2.67500	18966
2.67667	18964
2.67833	18951
2.68000	18928
2.68167	18897
2.68333	18856
2.68500	18816
2.68667	18784
2.68833	18759
2.69000	18737
2.69167	18717
2.69333	18702
2.69500	18694
2.69667	18694
2.69833	18700
2.70000	18711
2.70167	18725
2.70333	18742
2.70500	18763
2.70667	18788
2.70833	18818
2.71000	18849
2.71167	18877
2.71333	18904
2.71500	18932
2.71667	18963
2.71833	18993
2.72000	19017
2.72167	19038
2.72333	19057
2.72500	19077
2.72667	19095
2.72833	19112
2.73000	19127
2.73167	19142
2.73333	19158
2.73500	19175
2.73667	19191
2.73833	19208
2.74000	19226
2.74167	19248
2.74333	19269
2.74500	19289
2.74667	19308
2.74833	19329
2.75000	19352
2.75167	19374
2.75333	19395
2.75500	19416
2.75667	19437
2.75833	19461
2.76000	19485
2.76167	19508
2.76333	19531
2.76500	19557
2.76667	19585
2.76833	19614
2.77000	19641
2.77167	19668
2.77333	19698
2.77500	19730
2.77667	19762
2.77833	19790
2.78000	19817
2.78167	19843
2.78333	19872
2.78500	19898
2.78667	19919
2.78833	19936
2.79000	19950
2.79167	19965
2.79333	19978
2.79500	19988
2.79667	19997
2.79833	20005
2.80000	20013
2.80167	20021
2.80333	20030
2.80500	20039
2.80667	20050
2.80833	20063
2.81000	20076
2.81167	20091
2.81333	20106
2.81500	20125
2.81667	20146
2.81833	20168
2.82000	20188
2.82167	20209
2.82333	20230
2.82500	20255
2.82667	20279
2.82833	20300
2.83000	20320
2.83167	20340
2.83333	20363
2.83500	20385
2.83667	20406
2.83833	20428
2.84000	20453
2.84167	20480
2.84333	20508
2.84500	20534
2.84667	20560
2.84833	20588
2.85000	20619
2.85167	20649
2.85333	20676
2.85500	20701
2.85667	20727
2.85833	20755
2.86000	20782
2.86167	20808
2.86333	20834
2.86500	20862
2.86667	20894
2.86833	20926
2.87000	20956
2.87167	20986
2.87333	21018
2.87500	21055
2.87667	21090
2.87833	21121
2.88000	21150
2.88167	21180
2.88333	21212
2.88500	21244
2.88667	21272
2.88833	21300
2.89000	21329
2.89167	21361
2.89333	21392
2.89500	21421
2.89667	21449
2.89833	21478
2.90000	21510
2.90167	21541
2.90333	21568
2.90500	21594
2.90667	21620
2.90833	21648
2.91000	21675
2.91167	21699
2.91333	21722
2.91500	21746
2.91667	21772
2.91833	21796
2.92000	21818
2.92167	21837
2.92333	21857
2.92500	21877
2.92667	21897
2.92833	21914
2.93000	21930
2.93167	21945
2.93333	21962
2.93500	21979
2.93667	21994
2.93833	22011
2.94000	22028
2.94167	22049
2.94333	22069
2.94500	22089
2.94667	22109
2.94833	22131
2.95000	22156
2.95167	22183
2.95333	22213
2.95500	22247
2.95667	22287
2.95833	22335
2.96000	22384
2.96167	22434
2.96333	22487
2.96500	22546
2.96667	22613
2.96833	22676
2.97000	22723
2.97167	22759
2.97333	22787
2.97500	22811
2.97667	22829
2.97833	22838
2.98000	22838
2.98167	22833
2.98333	22821
2.98500	22812
2.98667	22808
2.98833	22812
2.99000	22821
2.99167	22836
2.99333	22859
2.99500	22894
2.99667	22945
2.99833	23011
3.00000	23094
3.00167	23199
3.00333	23338
3.00500	23518
3.00667	23745
3.00833	24025
3.01000	24325
3.01167	24634
3.01333	24970
3.01500	25353
3.01667	25797
3.01833	26205
3.02000	26515
3.02167	26743
3.02333	26917
3.02500	27065
3.02667	27148
3.02833	27133
3.03000	27023
3.03167	26825
3.03333	26550
3.03500	26262
3.03667	25995
3.03833	25741
3.04000	25480
3.04167	25196
3.04333	24938
3.04500	24738
3.04667	24582
3.04833	24453
3.05000	24333
3.05167	24234
3.05333	24161
3.05500	24110
3.05667	24071
3.05833	24038
3.06000	24013
3.06167	23998
3.06333	23990
3.06500	23988
3.06667	23990
3.06833	23999
3.07000	24019
3.07167	24051
3.07333	24094
3.07500	24150
3.07667	24216
3.07833	24295
3.08000	24390
3.08167	24506
3.08333	24646
3.08500	24783
3.08667	24902
3.08833	25008
3.09000	25112
3.09167	25220
3.09333	25310
3.09500	25363
3.09667	25384
3.09833	25380
3.10000	25356
3.10167	25322
3.10333	25284
3.10500	25239
3.10667	25187
3.10833	25127
3.11000	25070
3.11167	25027
3.11333	24995
3.11500	24970
3.11667	24948
3.11833	24930
3.12000	24916
3.12167	24905
3.12333	24896
3.12500	24888
3.12667	24879
3.12833	24869
3.13000	24858
3.13167	24846
3.13333	24830
3.13500	24816
3.13667	24805
3.13833	24796
3.14000	24789
3.14167	24783
3.14333	24779
3.14500	24778
3.14667	24780
3.14833	24784
3.15000	24791
3.15167	24799
3.15333	24808
3.15500	24819
3.15667	24832
3.15833	24848
3.16000	24865
3.16167	24884
3.16333	24906
3.16500	24931
3.16667	24961
3.16833	24996
3.17000	25036
3.17167	25083
3.17333	25141
3.17500	25210
3.17667	25284
3.17833	25363
3.18000	25451
3.18167	25552
3.18333	25671
3.18500	25785
3.18667	25881
3.18833	25966
3.19000	26046
3.19167	26128
3.19333	26197
3.19500	26243
3.19667	26268
3.19833	26277
3.20000	26276
3.20167	26267
3.20333	26253
3.20500	26234
3.20667	26208
3.20833	26177
3.21000	26147
3.21167	26124
3.21333	26108
3.21500	26095
3.21667	26084
3.21833	26078
3.22000	26079
3.22167	26087
3.22333	26103
3.22500	26124
3.22667	26148
3.22833	26176
3.23000	26209
3.23167	26247
3.23333	26292
3.23500	26340
3.23667	26389
3.23833	26442
3.24000	26502
3.24167	26572
3.24333	26640
3.24500	26700
3.24667	26754
3.24833	26808
3.25000	26865
3.25167	26920
3.25333	26970
3.25500	27017
3.25667	27065
3.25833	27118
3.26000	27175
3.26167	27237
3.26333	27307
3.26500	27391
3.26667	27490
3.26833	27589
3.27000	27677
3.27167	27760
3.27333	27845
3.27500	27938
3.27667	28025
3.27833	28100
3.28000	28168
3.28167	28236
3.28333	28308
3.28500	28404
3.28667	28541
3.28833	28730
3.29000	28977
3.29167	29285
3.29333	29671
3.29500	30168
3.29667	30808
3.29833	31614
3.30000	32600
3.30167	33601
3.30333	34531
3.30500	35437
3.30667	36389
3.30833	37441
3.31000	38368
3.31167	39020
3.31333	39433
3.31500	39677
3.31667	39815
3.31833	39949
3.32000	40158
3.32167	40471
3.32333	40899
3.32500	41447
3.32667	42233
3.32833	43394
3.33000	45008
3.33167	47118
3.33333	49743
3.33500	52336
3.33667	54575
3.33833	56564
3.34000	58483
3.34167	60485
3.34333	62092
3.34500	62969
3.34667	63164
3.34833	62811
3.35000	62030
3.35167	60993
3.35333	59769
3.35500	58316
3.35667	56576
3.35833	54504
3.36000	52435
3.36167	50546
3.36333	48738
3.36500	46864
3.36667	44810
3.36833	42892
3.37000	41294
3.37167	39922
3.37333	38633
3.37500	37312
3.37667	36158
3.37833	35293
3.38000	34660
3.38167	34168
3.38333	33744
3.38500	33508
3.38667	33557
3.38833	33892
3.39000	34486
3.39167	35311
3.39333	36204
3.39500	37081
3.39667	37980
3.39833	38958
3.40000	40063
3.40167	41042
3.40333	41729
3.40500	42158
3.40667	42403
3.40833	42530
3.41000	42682
3.41167	42967
3.41333	43425
3.41500	44065
3.41667	44887
3.41833	45758
3.42000	46611
3.42167	47488
3.42333	48446
3.42500	49532
3.42667	50381
3.42833	50736
3.43000	50600
3.43167	50044
3.43333	49139
3.43500	48069
3.43667	46921
3.43833	45649
3.44000	44187
3.44167	42485
3.44333	40879
3.44500	39571
3.44667	38497
3.44833	37538
3.45000	36597
3.45167	35787
3.45333	35180
3.45500	34729
3.45667	34370
3.45833	34052
3.46000	33788
3.46167	33587
3.46333	33428
3.46500	33289
3.46667	33155
3.46833	33049
3.47000	32988
3.47167	32968
3.47333	32981
3.47500	33018
3.47667	33099
3.47833	33245
3.48000	33465
3.48167	33762
3.48333	34138
3.48500	34551
3.48667	34990
3.48833	35479
3.49000	36044
3.49167	36705
3.49333	37370
3.49500	37991
3.49667	38602
3.49833	39252
3.50000	39975
3.50167	40652
3.50333	41212
3.50500	41687
3.50667	42128
3.50833	42574
3.51000	42962
3.51167	43252
3.51333	43464
3.51500	43628
3.51667	43770
3.51833	43983
3.52000	44350
3.52167	44901
3.52333	45650
3.52500	46601
3.52667	47891
3.52833	49692
3.53000	52123
3.53167	55258
3.53333	59137
3.53500	63284
3.53667	67512
3.53833	72050
3.54000	77176
3.54167	83097
3.54333	88784
3.54500	93644
3.54667	97937
3.54833	102075
3.55000	106392
3.55167	110080
3.55333	112606
3.55500	114127
3.55667	114934
3.55833	115277
3.56000	115239
3.56167	114838
3.56333	114099
3.56500	113041
3.56667	111680
3.56833	110273
3.57000	108958
3.57167	107674
3.57333	106325
3.57500	104833
3.57667	103249
3.57833	101550
3.58000	99625
3.58167	97365
3.58333	94698
3.58500	92496
3.58667	91366
3.58833	91286
3.59000	92081
3.59167	93593
3.59333	97492
3.59500	105348
3.59667	117721
3.59833	134768
3.60000	156481
3.60167	180019
3.60333	204238
3.60500	230406
3.60667	260076
3.60833	294406
3.61000	325187
3.61167	347076
3.61333	361047
3.61500	369429
3.61667	374272
3.61833	374023
3.62000	367042
3.62167	353166
3.62333	332653
3.62500	305837
3.62667	278497
3.62833	253905
3.63000	231016
3.63167	207955
3.63333	183159
3.63500	160571
3.63667	142558
3.63833	128013
3.64000	115234
3.64167	102822
3.64333	92101
3.64500	83869
3.64667	77477
3.64833	72076
3.65000	66994
3.65167	62642
3.65333	59263
3.65500	56570
3.65667	54215
3.65833	51926
3.66000	49901
3.66167	48247
3.66333	46833
3.66500	45501
3.66667	44130
3.66833	42888
3.67000	41872
3.67167	41011
3.67333	40211
3.67500	39398
3.67667	38668
3.67833	38081
3.68000	37594
3.68167	37152
3.68333	36709
3.68500	36313
3.68667	35991
3.68833	35717
3.69000	35463
3.69167	35203
3.69333	34977
3.69500	34807
3.69667	34683
3.69833	34587
3.70000	34503
3.70167	34449
3.70333	34436
3.70500	34464
3.70667	34526
3.70833	34617
3.71000	34711
3.71167	34790
3.71333	34857
3.71500	34918
3.71667	34979
3.71833	35017
3.72000	35016
3.72167	34975
3.72333	34898
3.72500	34790
3.72667	34668
3.72833	34543
3.73000	34408
3.73167	34257
3.73333	34082
3.73500	33911
3.73667	33760
3.73833	33619
3.74000	33477
3.74167	33325
3.74333	33183
3.74500	33064
3.74667	32961
3.74833	32864
3.75000	32764
3.75167	32674
3.75333	32605
3.75500	32550
3.75667	32503
3.75833	32459
3.76000	32424
3.76167	32401
3.76333	32391
3.76500	32389
3.76667	32392
3.76833	32401
3.77000	32416
3.77167	32436
3.77333	32463
3.77500	32496
3.77667	32530
3.77833	32561
3.78000	32592
3.78167	32625
3.78333	32661
3.78500	32695
3.78667	32723
3.78833	32749
3.79000	32773
3.79167	32798
3.79333	32822
3.79500	32844
3.79667	32865
3.79833	32887
3.80000	32912
3.80167	32945
3.80333	32995
3.80500	33063
3.80667	33154
3.80833	33266
3.81000	33384
3.81167	33500
3.81333	33620
3.81500	33751
3.81667	33900
3.81833	34028
3.82000	34107
3.82167	34142
3.82333	34142
3.82500	34115
3.82667	34068
3.82833	34000
3.83000	33909
3.83167	33792
3.83333	33649
3.83500	33514
3.83667	33407
3.83833	33326
3.84000	33259
3.84167	33199
3.84333	33150
3.84500	33115
3.84667	33091
3.84833	33075
3.85000	33062
3.85167	33046
3.85333	33019
3.85500	32980
3.85667	32927
3.85833	32861
3.86000	32791
3.86167	32723
3.86333	32654
3.86500	32579
3.86667	32493
3.86833	32413
3.87000	32347
3.87167	32290
3.87333	32238
3.87500	32185
3.87667	32142
3.87833	32113
3.88000	32098
3.88167	32092
3.88333	32093
3.88500	32103
3.88667	32125
3.88833	32159
3.89000	32205
3.89167	32263
3.89333	32322
3.89500	32374
3.89667	32421
3.89833	32467
3.90000	32516
3.90167	32566
3.90333	32616
3.90500	32670
3.90667	32732
3.90833	32804
3.91000	32918
3.91167	33106
3.91333	33380
3.91500	33747
3.91667	34209
3.91833	34725
3.92000	35284
3.92167	35920
3.92333	36664
3.92500	37541
3.92667	38353
3.92833	38977
3.93000	39440
3.93167	39802
3.93333	40115
3.93500	40296
3.93667	40274
3.93833	40053
3.94000	39652
3.94167	39091
3.94333	38497
3.94500	37941
3.94667	37402
3.94833	36839
3.95000	36221
3.95167	35651
3.95333	35194
3.95500	34823
3.95667	34494
3.95833	34174
3.96000	33894
3.96167	33677
3.96333	33503
3.96500	33351
3.96667	33205
3.96833	33077
3.97000	32978
3.97167	32898
3.97333	32829
3.97500	32762
3.97667	32703
3.97833	32657
3.98000	32621
3.98167	32588
3.98333	32557
3.98500	32530
3.98667	32508
3.98833	32490
3.99000	32473
3.99167	32457
3.99333	32443
3.99500	32434
3.99667	32429
3.99833	32426
4.00000	32426
4.00167	32429
4.00333	32437
4.00500	32449
4.00667	32465
4.00833	32487
4.01000	32508
4.01167	32528
4.01333	32547
4.01500	32566
4.01667	32587
4.01833	32605
4.02000	32618
4.02167	32626
4.02333	32632
4.02500	32636
4.02667	32637
4.02833	32636
4.03000	32633
4.03167	32627
4.03333	32619
4.03500	32610
4.03667	32599
4.03833	32588
4.04000	32574
4.04167	32558
4.04333	32542
4.04500	32529
4.04667	32518
4.04833	32508
4.05000	32498
4.05167	32489
4.05333	32482
4.05500	32477
4.05667	32473
4.05833	32469
4.06000	32467
4.06167	32466
4.06333	32467
4.06500	32470
4.06667	32473
4.06833	32479
4.07000	32488
4.07167	32500
4.07333	32516
4.07500	32536
4.07667	32557
4.07833	32579
4.08000	32601
4.08167	32626
4.08333	32654
4.08500	32683
4.08667	32713
4.08833	32746
4.09000	32783
4.09167	32825
4.09333	32869
4.09500	32911
4.09667	32954
4.09833	33001
4.10000	33054
4.10167	33106
4.10333	33151
4.10500	33193
4.10667	33235
4.10833	33279
4.11000	33321
4.11167	33358
4.11333	33392
4.11500	33426
4.11667	33463
4.11833	33496
4.12000	33521
4.12167	33541
4.12333	33557
4.12500	33571
4.12667	33580
4.12833	33581
4.13000	33574
4.13167	33558
4.13333	33537
4.13500	33514
4.13667	33494
4.13833	33475
4.14000	33457
4.14167	33437
4.14333	33421
4.14500	33411
4.14667	33406
4.14833	33405
4.15000	33408
4.15167	33410
4.15333	33407
4.15500	33400
4.15667	33389
4.15833	33373
4.16000	33354
4.16167	33331
4.16333	33305
4.16500	33273
4.16667	33234
4.16833	33196
4.17000	33163
4.17167	33132
4.17333	33101
4.17500	33068
4.17667	33038
4.17833	33016
4.18000	32998
4.18167	32985
4.18333	32972
4.18500	32964
4.18667	32963
4.18833	32967
4.19000	32977
4.19167	32992
4.19333	33008
4.19500	33025
4.19667	33042
4.19833	33062
4.20000	33083
4.20167	33104
4.20333	33122
4.20500	33138
4.20667	33154
4.20833	33170
4.21000	33185
4.21167	33198
4.21333	33209
4.21500	33220
4.21667	33232
4.21833	33241
4.22000	33247
4.22167	33249
4.22333	33249
4.22500	33246
4.22667	33242
4.22833	33237
4.23000	33231
4.23167	33224
4.23333	33215
4.23500	33206
4.23667	33200
4.23833	33195
4.24000	33192
4.24167	33189
4.24333	33188
4.24500	33188
4.24667	33192
4.24833	33197
4.25000	33204
4.25167	33212
4.25333	33220
4.25500	33228
4.25667	33238
4.25833	33248
4.26000	33258
4.26167	33267
4.26333	33275
4.26500	33284
4.26667	33293
4.26833	33304
4.27000	33318
4.27167	33335
4.27333	33356
4.27500	33382
4.27667	33410
4.27833	33438
4.28000	33468
4.28167	33502
4.28333	33541
4.28500	33579
4.28667	33609
4.28833	33635
4.29000	33659
4.29167	33683
4.29333	33701
4.29500	33709
4.29667	33708
4.29833	33699
4.30000	33684
4.30167	33665
4.30333	33644
4.30500	33619
4.30667	33591
4.30833	33557
4.31000	33525
4.31167	33500
4.31333	33481
4.31500	33466
4.31667	33451
4.31833	33443
4.32000	33443
4.32167	33451
4.32333	33467
4.32500	33491
4.32667	33525
4.32833	33576
4.33000	33646
4.33167	33737
4.33333	33850
4.33500	33971
4.33667	34094
4.33833	34224
4.34000	34370
4.34167	34539
4.34333	34691
4.34500	34803
4.34667	34879
4.34833	34932
4.35000	34971
4.35167	34986
4.35333	34970
4.35500	34921
4.35667	34843
4.35833	34737
4.36000	34629
4.36167	34532
4.36333	34443
4.36500	34354
4.36667	34258
4.36833	34174
4.37000	34112
4.37167	34069
4.37333	34036
4.37500	34011
4.37667	33994
4.37833	33990
4.38000	33996
4.38167	34012
4.38333	34036
4.38500	34062
4.38667	34088
4.38833	34115
4.39000	34145
4.39167	34178
4.39333	34208
4.39500	34230
4.39667	34246
4.39833	34256
4.40000	34264
4.40167	34268
4.40333	34269
4.40500	34266
4.40667	34261
4.40833	34253
4.41000	34246
4.41167	34245
4.41333	34248
4.41500	34256
4.41667	34269
4.41833	34288
4.42000	34316
4.42167	34356
4.42333	34407
4.42500	34472
4.42667	34550
4.42833	34646
4.43000	34765
4.43167	34912
4.43333	35090
4.43500	35275
4.43667	35457
4.43833	35644
4.44000	35849
4.44167	36083
4.44333	36289
4.44500	36431
4.44667	36515
4.44833	36557
4.45000	36571
4.45167	36547
4.45333	36474
4.45500	36347
4.45667	36168
4.45833	35938
4.46000	35704
4.46167	35494
4.46333	35298
4.46500	35100
4.46667	34887
4.46833	34693
4.47000	34537
4.47167	34412
4.47333	34302
4.47500	34195
4.47667	34101
4.47833	34027
4.48000	33967
4.48167	33913
4.48333	33860
4.48500	33813
4.48667	33776
4.48833	33746
4.49000	33719
4.49167	33694
4.49333	33672
4.49500	33657
4.49667	33646
4.49833	33640
4.50000	33635
4.50167	33633
4.50333	33634
4.50500	33636
4.50667	33641
4.50833	33648
4.51000	33656
4.51167	33665
4.51333	33677
4.51500	33691
4.51667	33707
4.51833	33725
4.52000	33743
4.52167	33762
4.52333	33784
4.52500	33809
4.52667	33834
4.52833	33855
4.53000	33874
4.53167	33892
4.53333	33912
4.53500	33930
4.53667	33944
4.53833	33956
4.54000	33966
4.54167	33977
4.54333	33986
4.54500	33993
4.54667	33999
4.54833	34004
4.55000	34010
4.55167	34014
4.55333	34016
4.55500	34018
4.55667	34017
4.55833	34017
4.56000	34015
4.56167	34014
4.56333	34014
4.56500	34013
4.56667	34012
4.56833	34013
4.57000	34016
4.57167	34021
4.57333	34028
4.57500	34038
4.57667	34046
4.57833	34052
4.58000	34055
4.58167	34056
4.58333	34054
4.58500	34050
4.58667	34040
4.58833	34025
4.59000	34004
4.59167	33978
4.59333	33952
4.59500	33929
4.59667	33911
4.59833	33893
4.60000	33876
4.60167	33861
4.60333	33851
4.60500	33845
4.60667	33842
4.60833	33840
4.61000	33838
4.61167	33834
4.61333	33826
4.61500	33815
4.61667	33801
4.61833	33786
4.62000	33769
4.62167	33751
4.62333	33729
4.62500	33704
4.62667	33680
4.62833	33660
4.63000	33643
4.63167	33627
4.63333	33610
4.63500	33596
4.63667	33585
4.63833	33578
4.64000	33572
4.64167	33567
4.64333	33564
4.64500	33562
4.64667	33562
4.64833	33564
4.65000	33566
4.65167	33570
4.65333	33573
4.65500	33577
4.65667	33581
4.65833	33587
4.66000	33592
4.66167	33597
4.66333	33601
4.66500	33605
4.66667	33610
4.66833	33614
4.67000	33618
4.67167	33620
4.67333	33623
4.67500	33626
4.67667	33629
4.67833	33632
4.68000	33637
4.68167	33643
4.68333	33650
4.68500	33658
4.68667	33666
4.68833	33676
4.69000	33687
4.69167	33699
4.69333	33712
4.69500	33723
4.69667	33733
4.69833	33742
4.70000	33753
4.70167	33762
4.70333	33770
4.70500	33777
4.70667	33783
4.70833	33789
4.71000	33795
4.71167	33800
4.71333	33804
4.71500	33809
4.71667	33813
4.71833	33817
4.72000	33819
4.72167	33820
4.72333	33820
4.72500	33819
4.72667	33817
4.72833	33814
4.73000	33810
4.73167	33805
4.73333	33800
4.73500	33794
4.73667	33788
4.73833	33783
4.74000	33778
4.74167	33772
4.74333	33767
4.74500	33762
4.74667	33758
4.74833	33754
4.75000	33750
4.75167	33747
4.75333	33745
4.75500	33744
4.75667	33744
4.75833	33745
4.76000	33746
4.76167	33745
4.76333	33744
4.76500	33741
4.76667	33737
4.76833	33730
4.77000	33721
4.77167	33708
4.77333	33692
4.77500	33671
4.77667	33650
4.77833	33632
4.78000	33614
4.78167	33596
4.78333	33577
4.78500	33561
4.78667	33550
4.78833	33544
4.79000	33541
4.79167	33540
4.79333	33542
4.79500	33545
4.79667	33550
4.79833	33558
4.80000	33567
4.80167	33577
4.80333	33588
4.80500	33601
4.80667	33616
4.80833	33633
4.81000	33652
4.81167	33671
4.81333	33691
4.81500	33713
4.81667	33738
4.81833	33764
4.82000	33791
4.82167	33820
4.82333	33852
4.82500	33890
4.82667	33930
4.82833	33971
4.83000	34016
4.83167	34067
4.83333	34126
4.83500	34187
4.83667	34245
4.83833	34304
4.84000	34368
4.84167	34441
4.84333	34513
4.84500	34582
4.84667	34651
4.84833	34725
4.85000	34808
4.85167	34890
4.85333	34965
4.85500	35037
4.85667	35113
4.85833	35196
4.86000	35275
4.86167	35343
4.86333	35404
4.86500	35463
4.86667	35526
4.86833	35581
4.87000	35622
4.87167	35652
4.87333	35675
4.87500	35695
4.87667	35706
4.87833	35705
4.88000	35693
4.88167	35670
4.88333	35638
4.88500	35602
4.88667	35566
4.88833	35529
4.89000	35487
4.89167	35439
4.89333	35395
4.89500	35362
4.89667	35337
4.89833	35318
4.90000	35302
4.90167	35291
4.90333	35291
4.90500	35300
4.90667	35317
4.90833	35341
4.91000	35371
4.91167	35406
4.91333	35448
4.91500	35499
4.91667	35560
4.91833	35623
4.92000	35686
4.92167	35752
4.92333	35825
4.92500	35908
4.92667	35994
4.92833	36076
4.93000	36162
4.93167	36256
4.93333	36362
4.93500	36468
4.93667	36565
4.93833	36660
4.94000	36760
4.94167	36870
4.94333	36973
4.94500	37057
4.94667	37127
4.94833	37190
4.95000	37253
4.95167	37311
4.95333	37361
4.95500	37407
4.95667	37453
4.95833	37502
4.96000	37551
4.96167	37597
4.96333	37642
4.96500	37692
4.96667	37747
4.96833	37792
4.97000	37817
4.97167	37821
4.97333	37809
4.97500	37784
4.97667	37746
4.97833	37691
4.98000	37617
4.98167	37523
4.98333	37406
4.98500	37288
4.98667	37179
4.98833	37074
4.99000	36966
4.99167	36847
4.99333	36736
4.99500	36645
4.99667	36570
4.99833	36500
5.00000	36431
5.00167	36372
5.00333	36334
5.00500	36311
5.00667	36301
5.00833	36299
5.01000	36309
5.01167	36338
5.01333	36386
5.01500	36452
5.01667	36538
5.01833	36630
5.02000	36723
5.02167	36822
5.02333	36932
5.02500	37058
5.02667	37168
5.02833	37241
5.03000	37280
5.03167	37293
5.03333	37288
5.03500	37255
5.03667	37182
5.03833	37065
5.04000	36904
5.04167	36699
5.04333	36484
5.04500	36276
5.04667	36066
5.04833	35839
5.05000	35582
5.05167	35339
5.05333	35133
5.05500	34952
5.05667	34779
5.05833	34599
5.06000	34438
5.06167	34309
5.06333	34206
5.06500	34114
5.06667	34025
5.06833	33949
5.07000	33895
5.07167	33856
5.07333	33828
5.07500	33805
5.07667	33788
5.07833	33778
5.08000	33774
5.08167	33775
5.08333	33778
5.08500	33784
5.08667	33791
5.08833	33799
5.09000	33810
5.09167	33823
5.09333	33839
5.09500	33861
5.09667	33890
5.09833	33927
5.10000	33973
5.10167	34027
5.10333	34091
5.10500	34168
5.10667	34263
5.10833	34377
5.11000	34500
5.11167	34631
5.11333	34777
5.11500	34946
5.11667	35143
5.11833	35336
5.12000	35506
5.12167	35663
5.12333	35819
5.12500	35985
5.12667	36125
5.12833	36213
5.13000	36253
5.13167	36256
5.13333	36233
5.13500	36184
5.13667	36107
5.13833	35999
5.14000	35858
5.14167	35683
5.14333	35506
5.14500	35346
5.14667	35195
5.14833	35040
5.15000	34873
5.15167	34719
5.15333	34596
5.15500	34497
5.15667	34409
5.15833	34324
5.16000	34250
5.16167	34191
5.16333	34143
5.16500	34100
5.16667	34058
5.16833	34017
5.17000	33977
5.17167	33935
5.17333	33889
5.17500	33835
5.17667	33780
5.17833	33727
5.18000	33673
5.18167	33614
5.18333	33546
5.18500	33480
5.18667	33421
5.18833	33364
5.19000	33306
5.19167	33242
5.19333	33181
5.19500	33129
5.19667	33083
5.19833	33039
5.20000	32991
5.20167	32948
5.20333	32912
5.20500	32880
5.20667	32850
5.20833	32820
5.21000	32792
5.21167	32768
5.21333	32747
5.21500	32726
5.21667	32705
5.21833	32684
5.22000	32664
5.22167	32644
5.22333	32622
5.22500	32597
5.22667	32573
5.22833	32551
5.23000	32531
5.23167	32509
5.23333	32486
5.23500	32464
5.23667	32447
5.23833	32432
5.24000	32418
5.24167	32404
5.24333	32392
5.24500	32382
5.24667	32373
5.24833	32366
5.25000	32358
5.25167	32352
5.25333	32348
5.25500	32344
5.25667	32342
5.25833	32341
5.26000	32340
5.26167	32339
5.26333	32338
5.26500	32336
5.26667	32335
5.26833	32334
5.27000	32333
5.27167	32333
5.27333	32334
5.27500	32335
5.27667	32336
5.27833	32337
5.28000	32338
5.28167	32339
5.28333	32340
5.28500	32340
5.28667	32339
5.28833	32337
5.29000	32334
5.29167	32329
5.29333	32324
5.29500	32319
5.29667	32314
5.29833	32307
5.30000	32301
5.30167	32293
5.30333	32285
5.30500	32276
5.30667	32266
5.30833	32253
5.31000	32241
5.31167	32229
5.31333	32217
5.31500	32204
5.31667	32190
5.31833	32175
5.32000	32163
5.32167	32151
5.32333	32140
5.32500	32127
5.32667	32114
5.32833	32102
5.33000	32090
5.33167	32076
5.33333	32061
5.33500	32046
5.33667	32030
5.33833	32013
5.34000	31995
5.34167	31973
5.34333	31951
5.34500	31932
5.34667	31913
5.34833	31894
5.35000	31872
5.35167	31852
5.35333	31835
5.35500	31819
5.35667	31804
5.35833	31787
5.36000	31771
5.36167	31756
5.36333	31741
5.36500	31724
5.36667	31706
5.36833	31688
5.37000	31671
5.37167	31656
5.37333	31639
5.37500	31621
5.37667	31604
5.37833	31590
5.38000	31577
5.38167	31565
5.38333	31552
5.38500	31541
5.38667	31533
5.38833	31527
5.39000	31523
5.39167	31519
5.39333	31516
5.39500	31514
5.39667	31511
5.39833	31509
5.40000	31506
5.40167	31503
5.40333	31501
5.40500	31499
5.40667	31498
5.40833	31496
5.41000	31495
5.41167	31495
5.41333	31496
5.41500	31499
5.41667	31502
5.41833	31505
5.42000	31508
5.42167	31509
5.42333	31510
5.42500	31510
5.42667	31511
5.42833	31511
5.43000	31511
5.43167	31512
5.43333	31513
5.43500	31513
5.43667	31514
5.43833	31515
5.44000	31517
5.44167	31518
5.44333	31519
5.44500	31519
5.44667	31517
5.44833	31514
5.45000	31509
5.45167	31505
5.45333	31499
5.45500	31493
5.45667	31486
5.45833	31478
5.46000	31470
5.46167	31462
5.46333	31455
5.46500	31447
5.46667	31438
5.46833	31428
5.47000	31416
5.47167	31403
5.47333	31387
5.47500	31368
5.47667	31349
5.47833	31329
5.48000	31308
5.48167	31285
5.48333	31258
5.48500	31232
5.48667	31209
5.48833	31188
5.49000	31166
5.49167	31143
5.49333	31121
5.49500	31100
5.49667	31080
5.49833	31058
5.50000	31034
5.50167	31010
5.50333	30987
5.50500	30964
5.50667	30939
5.50833	30910
5.51000	30883
5.51167	30859
5.51333	30838
5.51500	30817
5.51667	30795
5.51833	30774
5.52000	30756
5.52167	30741
5.52333	30725
5.52500	30709
5.52667	30694
5.52833	30680
5.53000	30666
5.53167	30653
5.53333	30637
5.53500	30623
5.53667	30612
5.53833	30602
5.54000	30592
5.54167	30583
5.54333	30574
5.54500	30568
5.54667	30563
5.54833	30560
5.55000	30557
5.55167	30554
5.55333	30552
5.55500	30551
5.55667	30549
5.55833	30547
5.56000	30546
5.56167	30544
5.56333	30543
5.56500	30542
5.56667	30541
5.56833	30540
5.57000	30540
5.57167	30541
5.57333	30542
5.57500	30544
5.57667	30546
5.57833	30548
5.58000	30548
5.58167	30548
5.58333	30547
5.58500	30546
5.58667	30545
5.58833	30543
5.59000	30542
5.59167	30539
5.59333	30537
5.59500	30535
5.59667	30533
5.59833	30530
5.60000	30527
5.60167	30525
5.60333	30521
5.60500	30517
5.60667	30513
5.60833	30508
5.61000	30502
5.61167	30495
5.61333	30486
5.61500	30475
5.61667	30462
5.61833	30448
5.62000	30433
5.62167	30415
5.62333	30395
5.62500	30372
5.62667	30348
5.62833	30325
5.63000	30302
5.63167	30278
5.63333	30251
5.63500	30225
5.63667	30202
5.63833	30180
5.64000	30158
5.64167	30134
5.64333	30111
5.64500	30090
5.64667	30071
5.64833	30051
5.65000	30029
5.65167	30006
5.65333	29984
5.65500	29961
5.65667	29936
5.65833	29907
5.66000	29878
5.66167	29852
5.66333	29827
5.66500	29802
5.66667	29775
5.66833	29750
5.67000	29729
5.67167	29711
5.67333	29695
5.67500	29678
5.67667	29663
5.67833	29649
5.68000	29637
5.68167	29625
5.68333	29611
5.68500	29598
5.68667	29588
5.68833	29578
5.69000	29568
5.69167	29558
5.69333	29549
5.69500	29541
5.69667	29534
5.69833	29528
5.70000	29521
5.70167	29515
5.70333	29510
5.70500	29507
5.70667	29505
5.70833	29502
5.71000	29500
5.71167	29499
5.71333	29499
5.71500	29498
5.71667	29499
5.71833	29499
5.72000	29500
5.72167	29501
5.72333	29502
5.72500	29503
5.72667	29504
5.72833	29505
5.73000	29504
5.73167	29503
5.73333	29502
5.73500	29500
5.73667	29497
5.73833	29493
5.74000	29489
5.74167	29484
5.74333	29478
5.74500	29472
5.74667	29466
5.74833	29458
5.75000	29449
5.75167	29440
5.75333	29431
5.75500	29422
5.75667	29412
5.75833	29401
5.76000	29389
5.76167	29377
5.76333	29365
5.76500	29351
5.76667	29335
5.76833	29318
5.77000	29300
5.77167	29280
5.77333	29256
5.77500	29228
5.77667	29200
5.77833	29174
5.78000	29147
5.78167	29118
5.78333	29086
5.78500	29055
5.78667	29027
5.78833	29001
5.79000	28974
5.79167	28945
5.79333	28917
5.79500	28890
5.79667	28863
5.79833	28834
5.80000	28802
5.80167	28770
5.80333	28740
5.80500	28710
5.80667	28678
5.80833	28642
5.81000	28607
5.81167	28575
5.81333	28545
5.81500	28514
5.81667	28480
5.81833	28448
5.82000	28420
5.82167	28394
5.82333	28369
5.82500	28341
5.82667	28315
5.82833	28292
5.83000	28271
5.83167	28250
5.83333	28228
5.83500	28207
5.83667	28188
5.83833	28171
5.84000	28154
5.84167	28136
5.84333	28119
5.84500	28105
5.84667	28094
5.84833	28084
5.85000	28074
5.85167	28065
5.85333	28057
5.85500	28051
5.85667	28044
5.85833	28038
5.86000	28031
5.86167	28025
5.86333	28018
5.86500	28011
5.86667	28003
5.86833	27996
5.87000	27991
5.87167	27989
5.87333	27989
5.87500	27990
5.87667	27992
5.87833	27993
5.88000	27994
5.88167	27994
5.88333	27994
5.88500	27993
5.88667	27990
5.88833	27985
5.89000	27977
5.89167	27969
5.89333	27960
5.89500	27952
5.89667	27946
5.89833	27940
5.90000	27934
5.90167	27928
5.90333	27921
5.90500	27913
5.90667	27904
5.90833	27893
5.91000	27880
5.91167	27867
5.91333	27852
5.91500	27834
5.91667	27813
5.91833	27792
5.92000	27770
5.92167	27748
5.92333	27723
5.92500	27695
5.92667	27666
5.92833	27640
5.93000	27614
5.93167	27586
5.93333	27555
5.93500	27524
5.93667	27496
5.93833	27469
5.94000	27440
5.94167	27409
5.94333	27377
5.94500	27348
5.94667	27319
5.94833	27287
5.95000	27252
5.95167	27217
5.95333	27185
5.95500	27153
5.95667	27119
5.95833	27082
5.96000	27045
5.96167	27012
5.96333	26981
5.96500	26949
5.96667	26914
5.96833	26880
5.97000	26851
5.97167	26823
5.97333	26796
5.97500	26767
5.97667	26739
5.97833	26713
5.98000	26689
5.98167	26664
5.98333	26637
5.98500	26611
5.98667	26589
5.98833	26569
5.99000	26550
5.99167	26531
5.99333	26513
5.99500	26499
5.99667	26489
5.99833	26481
6.00000	26474
6.00167	26468
6.00333	26462
6.00500	26457
6.00667	26451
6.00833	26445
6.01000	26439
6.01167	26433
6.01333	26428
6.01500	26423
6.01667	26417
6.01833	26413
6.02000	26409
6.02167	26407
6.02333	26406
6.02500	26406
6.02667	26405
6.02833	26404
6.03000	26404
6.03167	26403
6.03333	26402
6.03500	26400
6.03667	26398
6.03833	26396
6.04000	26393
6.04167	26389
6.04333	26385
6.04500	26381
6.04667	26375
6.04833	26369
6.05000	26361
6.05167	26352
6.05333	26342
6.05500	26330
6.05667	26315
6.05833	26297
6.06000	26279
6.06167	26262
6.06333	26245
6.06500	26226
6.06667	26205
6.06833	26184
6.07000	26164
6.07167	26145
6.07333	26124
6.07500	26101
6.07667	26077
6.07833	26052
6.08000	26025
6.08167	25994
6.08333	25959
6.08500	25923
6.08667	25889
6.08833	25857
6.09000	25822
6.09167	25784
6.09333	25747
6.09500	25713
6.09667	25680
6.09833	25646
6.10000	25609
6.10167	25572
6.10333	25536
6.10500	25501
6.10667	25462
6.10833	25418
6.11000	25375
6.11167	25337
6.11333	25302
6.11500	25267
6.11667	25229
6.11833	25193
6.12000	25161
6.12167	25132
6.12333	25104
6.12500	25073
6.12667	25043
6.12833	25016
6.13000	24991
6.13167	24964
6.13333	24935
6.13500	24907
6.13667	24883
6.13833	24862
6.14000	24841
6.14167	24818
6.14333	24797
6.14500	24779
6.14667	24763
6.14833	24747
6.15000	24730
6.15167	24715
6.15333	24701
6.15500	24689
6.15667	24678
6.15833	24666
6.16000	24656
6.16167	24649
6.16333	24644
6.16500	24642
6.16667	24640
6.16833	24640
6.17000	24640
6.17167	24640
6.17333	24641
6.17500	24641
6.17667	24642
6.17833	24641
6.18000	24639
6.18167	24636
6.18333	24632
6.18500	24628
6.18667	24624
6.18833	24619
6.19000	24615
6.19167	24610
6.19333	24605
6.19500	24600
6.19667	24594
6.19833	24586
6.20000	24578
6.20167	24569
6.20333	24558
6.20500	24546
6.20667	24531
6.20833	24513
6.21000	24494
6.21167	24475
6.21333	24456
6.21500	24434
6.21667	24408
6.21833	24383
6.22000	24359
6.22167	24335
6.22333	24309
6.22500	24280
6.22667	24250
6.22833	24222
6.23000	24191
6.23167	24158
6.23333	24120
6.23500	24082
6.23667	24044
6.23833	24006
6.24000	23964
6.24167	23917
6.24333	23870
6.24500	23825
6.24667	23781
6.24833	23733
6.25000	23680
6.25167	23628
6.25333	23580
6.25500	23533
6.25667	23485
6.25833	23431
6.26000	23379
6.26167	23332
6.26333	23288
6.26500	23243
6.26667	23193
6.26833	23146
6.27000	23104
6.27167	23064
6.27333	23024
6.27500	22981
6.27667	22939
6.27833	22902
6.28000	22868
6.28167	22832
6.28333	22793
6.28500	22755
6.28667	22720
6.28833	22687
6.29000	22651
6.29167	22612
6.29333	22574
6.29500	22541
6.29667	22512
6.29833	22483
6.30000	22452
6.30167	22423
6.30333	22399
6.30500	22377
6.30667	22357
6.30833	22335
6.31000	22315
6.31167	22296
6.31333	22278
6.31500	22260
6.31667	22239
6.31833	22219
6.32000	22201
6.32167	22186
6.32333	22171
6.32500	22156
6.32667	22141
6.32833	22130
6.33000	22120
6.33167	22110
6.33333	22101
6.33500	22091
6.33667	22082
6.33833	22072
6.34000	22061
6.34167	22049
6.34333	22035
6.34500	22023
6.34667	22009
6.34833	21995
6.35000	21978
6.35167	21962
6.35333	21947
6.35500	21933
6.35667	21918
6.35833	21902
6.36000	21885
6.36167	21868
6.36333	21848
6.36500	21825
6.36667	21798
6.36833	21770
6.37000	21743
6.37167	21714
6.37333	21682
6.37500	21646
6.37667	21610
6.37833	21577
6.38000	21545
6.38167	21511
6.38333	21473
6.38500	21436
6.38667	21400
6.38833	21364
6.39000	21324
6.39167	21279
6.39333	21234
6.39500	21192
6.39667	21150
6.39833	21105
6.40000	21054
6.40167	21005
6.40333	20958
6.40500	20912
6.40667	20864
6.40833	20810
6.41000	20757
6.41167	20710
6.41333	20666
6.41500	20619
6.41667	20569
6.41833	20521
6.42000	20478
6.42167	20438
6.42333	20398
6.42500	20354
6.42667	20311
6.42833	20274
6.43000	20239
6.43167	20203
6.43333	20163
6.43500	20126
6.43667	20092
6.43833	20061
6.44000	20028
6.44167	19993
6.44333	19960
6.44500	19930
6.44667	19903
6.44833	19875
6.45000	19844
6.45167	19816
6.45333	19792
6.45500	19772
6.45667	19754
6.45833	19735
6.46000	19718
6.46167	19704
6.46333	19691
6.46500	19679
6.46667	19666
6.46833	19655
6.47000	19645
6.47167	19636
6.47333	19628
6.47500	19619
6.47667	19611
6.47833	19605
6.48000	19600
6.48167	19595
6.48333	19590
6.48500	19586
6.48667	19582
6.48833	19578
6.49000	19573
6.49167	19568
6.49333	19563
6.49500	19557
6.49667	19549
6.49833	19541
6.50000	19531
6.50167	19520
6.50333	19509
6.50500	19496
6.50667	19482
6.50833	19465
6.51000	19447
6.51167	19430
6.51333	19413
6.51500	19394
6.51667	19372
6.51833	19349
6.52000	19326
6.52167	19300
6.52333	19271
6.52500	19238
6.52667	19204
6.52833	19172
6.53000	19140
6.53167	19107
6.53333	19069
6.53500	19031
6.53667	18995
6.53833	18959
6.54000	18921
6.54167	18877
6.54333	18833
6.54500	18790
6.54667	18747
6.54833	18698
6.55000	18644
6.55167	18589
6.55333	18539
6.55500	18491
6.55667	18439
6.55833	18383
6.56000	18327
6.56167	18276
6.56333	18226
6.56500	18173
6.56667	18115
6.56833	18058
6.57000	18007
6.57167	17957
6.57333	17905
6.57500	17848
6.57667	17793
6.57833	17744
6.58000	17698
6.58167	17651
6.58333	17600
6.58500	17551
6.58667	17507
6.58833	17466
6.59000	17424
6.59167	17379
6.59333	17335
6.59500	17297
6.59667	17262
6.59833	17226
6.60000	17188
6.60167	17152
6.60333	17122
6.60500	17095
6.60667	17069
6.60833	17042
6.61000	17018
6.61167	16998
6.61333	16981
6.61500	16965
6.61667	16949
6.61833	16935
6.62000	16922
6.62167	16910
6.62333	16898
6.62500	16885
6.62667	16872
6.62833	16860
6.63000	16849
6.63167	16838
6.63333	16825
6.63500	16813
6.63667	16803
6.63833	16794
6.64000	16785
6.64167	16776
6.64333	16768
6.64500	16759
6.64667	16750
6.64833	16740
6.65000	16729
6.65167	16717
6.65333	16704
6.65500	16691
6.65667	16676
6.65833	16659
6.66000	16640
6.66167	16622
6.66333	16603
6.66500	16581
6.66667	16556
6.66833	16531
6.67000	16505
6.67167	16477
6.67333	16445
6.67500	16409
6.67667	16372
6.67833	16337
6.68000	16301
6.68167	16262
6.68333	16217
6.68500	16173
6.68667	16132
6.68833	16091
6.69000	16048
6.69167	15999
6.69333	15950
6.69500	15904
6.69667	15857
6.69833	15806
6.70000	15748
6.70167	15691
6.70333	15638
6.70500	15585
6.70667	15528
6.70833	15465
6.71000	15403
6.71167	15346
6.71333	15290
6.71500	15231
6.71667	15166
6.71833	15102
6.72000	15043
6.72167	14986
6.72333	14927
6.72500	14861
6.72667	14797
6.72833	14740
6.73000	14686
6.73167	14630
6.73333	14569
6.73500	14510
6.73667	14458
6.73833	14410
6.74000	14362
6.74167	14309
6.74333	14259
6.74500	14215
6.74667	14174
6.74833	14133
6.75000	14088
6.75167	14046
6.75333	14008
6.75500	13974
6.75667	13939
6.75833	13901
6.76000	13866
6.76167	13837
6.76333	13811
6.76500	13786
6.76667	13760
6.76833	13735
6.77000	13713
6.77167	13692
6.77333	13670
6.77500	13645
6.77667	13622
6.77833	13602
6.78000	13583
6.78167	13564
6.78333	13544
6.78500	13525
6.78667	13509
6.78833	13495
6.79000	13481
6.79167	13467
6.79333	13453
6.79500	13438
6.79667	13424
6.79833	13407
6.80000	13387
6.80167	13368
6.80333	13351
6.80500	13334
6.80667	13316
6.80833	13297
6.81000	13279
6.81167	13261
6.81333	13242
6.81500	13223
6.81667	13200
6.81833	13177
6.82000	13154
6.82167	13128
6.82333	13098
6.82500	13064
6.82667	13029
6.82833	12993
6.83000	12956
6.83167	12913
6.83333	12865
6.83500	12815
6.83667	12768
6.83833	12720
6.84000	12669
6.84167	12610
6.84333	12551
6.84500	12496
6.84667	12441
6.84833	12382
6.85000	12316
6.85167	12251
6.85333	12190
6.85500	12131
6.85667	12068
6.85833	11997
6.86000	11928
6.86167	11864
6.86333	11801
6.86500	11734
6.86667	11659
6.86833	11586
6.87000	11517
6.87167	11450
6.87333	11378
6.87500	11298
6.87667	11221
6.87833	11151
6.88000	11084
6.88167	11016
6.88333	10941
6.88500	10869
6.88667	10805
6.88833	10744
6.89000	10683
6.89167	10616
6.89333	10552
6.89500	10495
6.89667	10441
6.89833	10386
6.90000	10326
6.90167	10269
6.90333	10218
6.90500	10170
6.90667	10120
6.90833	10067
6.91000	10016
6.91167	9973
6.91333	9933
6.91500	9894
6.91667	9852
6.91833	9814
6.92000	9780
6.92167	9750
6.92333	9720
6.92500	9688
6.92667	9657
6.92833	9629
6.93000	9603
6.93167	9575
6.93333	9545
6.93500	9517
6.93667	9493
6.93833	9472
6.94000	9453
6.94167	9433
6.94333	9413
6.94500	9396
6.94667	9379
6.94833	9361
6.95000	9341
6.95167	9321
6.95333	9301
6.95500	9280
6.95667	9256
6.95833	9229
6.96000	9202
6.96167	9177
6.96333	9153
6.96500	9128
6.96667	9101
6.96833	9073
6.97000	9047
6.97167	9021
6.97333	8992
6.97500	8959
6.97667	8926
6.97833	8893
6.98000	8858
6.98167	8819
6.98333	8775
6.98500	8730
6.98667	8686
6.98833	8641
6.99000	8591
6.99167	8534
6.99333	8478
6.99500	8423
6.99667	8369
6.99833	8309
7.00000	8242
7.00167	8176
7.00333	8113
7.00500	8052
7.00667	7986
7.00833	7913
7.01000	7841
7.01167	7775
7.01333	7711
7.01500	7645
7.01667	7572
7.01833	7500
7.02000	7433
7.02167	7369
7.02333	7301
7.02500	7226
7.02667	7152
7.02833	7085
7.03000	7018
7.03167	6948
7.03333	6871
7.03500	6796
7.03667	6729
7.03833	6665
7.04000	6601
7.04167	6530
7.04333	6463
7.04500	6403
7.04667	6347
7.04833	6290
7.05000	6228
7.05167	6168
7.05333	6115
7.05500	6065
7.05667	6014
7.05833	5958
7.06000	5906
7.06167	5860
7.06333	5819
7.06500	5779
7.06667	5736
7.06833	5695
7.07000	5661
7.07167	5630
7.07333	5600
7.07500	5568
7.07667	5537
7.07833	5511
7.08000	5486
7.08167	5461
7.08333	5435
7.08500	5409
7.08667	5385
7.08833	5363
7.09000	5339
7.09167	5313
7.09333	5288
7.09500	5265
7.09667	5244
7.09833	5222
7.10000	5198
7.10167	5175
7.10333	5154
7.10500	5135
7.10667	5115
7.10833	5093
7.11000	5071
7.11167	5050
7.11333	5029
7.11500	5006
7.11667	4980
7.11833	4954
7.12000	4927
7.12167	4899
7.12333	4867
7.12500	4831
7.12667	4793
7.12833	4757
7.13000	4719
7.13167	4677
7.13333	4630
7.13500	4582
7.13667	4537
7.13833	4491
7.14000	4441
7.14167	4385
7.14333	4328
7.14500	4273
7.14667	4216
7.14833	4155
7.15000	4084
7.15167	4014
7.15333	3948
7.15500	3881
7.15667	3809
7.15833	3729
7.16000	3648
7.16167	3573
7.16333	3499
7.16500	3420
7.16667	3331
7.16833	3244
7.17000	3163
7.17167	3084
7.17333	3001
7.17500	2909
7.17667	2819
7.17833	2737
7.18000	2659
7.18167	2578
7.18333	2490
7.18500	2404
7.18667	2325
7.18833	2249
7.19000	2169
7.19167	2082
7.19333	1996
7.19500	1919
7.19667	1846
7.19833	1771
7.20000	1688
7.20167	1608
7.20333	1537
7.20500	1471
7.20667	1403
7.20833	1329
7.21000	1259
7.21167	1197
7.21333	1140
7.21500	1082
7.21667	1020
7.21833	961
7.22000	909
7.22167	862
7.22333	814
7.22500	762
7.22667	712
7.22833	668
7.23000	627
7.23167	584
7.23333	538
7.23500	494
7.23667	454
7.23833	417
7.24000	379
7.24167	339
7.24333	300
7.24500	265
7.24667	233
7.24833	201
7.25000	166
7.25167	133
7.25333	104
7.25500	76
7.25667	48
7.25833	18
7.26000	-11
7.26167	-40
7.26333	-69
7.26500	-101
7.26667	-137
7.26833	-174
7.27000	-209
7.27167	-245
7.27333	-284
7.27500	-329
7.27667	-374
7.27833	-417
7.28000	-459
7.28167	-506
7.28333	-558
7.28500	-610
7.28667	-660
7.28833	-710
7.29000	-765
7.29167	-827
7.29333	-888
7.29500	-948
7.29667	-1008
7.29833	-1073
7.30000	-1147
7.30167	-1220
7.30333	-1291
7.30500	-1361
7.30667	-1438
7.30833	-1523
7.31000	-1609
7.31167	-1689
7.31333	-1770
7.31500	-1856
7.31667	-1953
7.31833	-2049
7.32000	-2137
7.32167	-2223
7.32333	-2313
7.32500	-2413
7.32667	-2511
7.32833	-2600
7.33000	-2686
7.33167	-2775
7.33333	-2874
7.33500	-2970
7.33667	-3057
7.33833	-3142
7.34000	-3230
7.34167	-3328
7.34333	-3422
7.34500	-3508
7.34667	-3589
7.34833	-3673
7.35000	-3765
7.35167	-3853
7.35333	-3932
7.35500	-4006
7.35667	-4082
7.35833	-4165
7.36000	-4245
7.36167	-4316
7.36333	-4383
7.36500	-4451
7.36667	-4525
7.36833	-4596
7.37000	-4659
7.37167	-4718
7.37333	-4777
7.37500	-4842
7.37667	-4904
7.37833	-4959
7.38000	-5010
7.38167	-5062
7.38333	-5118
7.38500	-5171
7.38667	-5217
7.38833	-5258
7.39000	-5300
7.39167	-5345
7.39333	-5387
7.39500	-5423
7.39667	-5457
7.39833	-5490
7.40000	-5526
7.40167	-5561
7.40333	-5594
7.40500	-5625
7.40667	-5658
7.40833	-5695
7.41000	-5731
7.41167	-5764
7.41333	-5797
7.41500	-5831
7.41667	-5868
7.41833	-5906
7.42000	-5940
7.42167	-5975
7.42333	-6011
7.42500	-6052
7.42667	-6092
7.42833	-6131
7.43000	-6170
7.43167	-6211
7.43333	-6259
7.43500	-6307
7.43667	-6353
7.43833	-6401
7.44000	-6454
7.44167	-6515
7.44333	-6576
7.44500	-6635
7.44667	-6695
7.44833	-6760
7.45000	-6834
7.45167	-6908
7.45333	-6976
7.45500	-7042
7.45667	-7113
7.45833	-7191
7.46000	-7268
7.46167	-7342
7.46333	-7417
7.46500	-7497
7.46667	-7588
7.46833	-7679
7.47000	-7764
7.47167	-7849
7.47333	-7941
7.47500	-8043
7.47667	-8144
7.47833	-8237
7.48000	-8327
7.48167	-8422
7.48333	-8527
7.48500	-8629
7.48667	-8723
7.48833	-8813
7.49000	-8908
7.49167	-9012
7.49333	-9113
7.49500	-9205
7.49667	-9292
7.49833	-9383
7.50000	-9483
7.50167	-9580
7.50333	-9669
7.50500	-9755
7.50667	-9845
7.50833	-9944
7.51000	-10040
7.51167	-10125
7.51333	-10204
7.51500	-10284
7.51667	-10371
7.51833	-10454
7.52000	-10528
7.52167	-10596
7.52333	-10665
7.52500	-10740
7.52667	-10812
7.52833	-10877
7.53000	-10939
7.53167	-11004
7.53333	-11074
7.53500	-11143
7.53667	-11203
7.53833	-11260
7.54000	-11318
7.54167	-11381
7.54333	-11441
7.54500	-11492
7.54667	-11538
7.54833	-11584
7.55000	-11632
7.55167	-11678
7.55333	-11720
7.55500	-11758
7.55667	-11798
7.55833	-11841
7.56000	-11884
7.56167	-11924
7.56333	-11964
7.56500	-12006
7.56667	-12053
7.56833	-12100
7.57000	-12143
7.57167	-12186
7.57333	-12231
7.57500	-12281
7.57667	-12331
7.57833	-12378
7.58000	-12425
7.58167	-12476
7.58333	-12534
7.58500	-12592
7.58667	-12647
7.58833	-12703
7.59000	-12764
7.59167	-12833
7.59333	-12902
7.59500	-12968
7.59667	-13034
7.59833	-13105
7.60000	-13186
7.60167	-13266
7.60333	-13342
7.60500	-13418
7.60667	-13500
7.60833	-13592
7.61000	-13684
7.61167	-13769
7.61333	-13855
7.61500	-13946
7.61667	-14049
7.61833	-14150
7.62000	-14245
7.62167	-14337
7.62333	-14435
7.62500	-14545
7.62667	-14653
7.62833	-14753
7.63000	-14851
7.63167	-14954
7.63333	-15070
7.63500	-15184
7.63667	-15290
7.63833	-15396
7.64000	-15508
7.64167	-15634
7.64333	-15757
7.64500	-15870
7.64667	-15979
7.64833	-16093
7.65000	-16219
7.65167	-16340
7.65333	-16449
7.65500	-16551
7.65667	-16656
7.65833	-16770
7.66000	-16880
7.66167	-16979
7.66333	-17074
7.66500	-17173
7.66667	-17281
7.66833	-17385
7.67000	-17479
7.67167	-17568
7.67333	-17659
7.67500	-17759
7.67667	-17854
7.67833	-17939
7.68000	-18019
7.68167	-18100
7.68333	-18187
7.68500	-18272
7.68667	-18348
7.68833	-18421
7.69000	-18495
7.69167	-18577
7.69333	-18656
7.69500	-18725
7.69667	-18790
7.69833	-18855
7.70000	-18926
7.70167	-18993
7.70333	-19052
7.70500	-19106
7.70667	-19161
7.70833	-19220
7.71000	-19278
7.71167	-19330
7.71333	-19381
7.71500	-19436
7.71667	-19496
7.71833	-19554
7.72000	-19607
7.72167	-19658
7.72333	-19712
7.72500	-19770
7.72667	-19827
7.72833	-19880
7.73000	-19931
7.73167	-19986
7.73333	-20046
7.73500	-20107
7.73667	-20165
7.73833	-20223
7.74000	-20287
7.74167	-20359
7.74333	-20431
7.74500	-20500
7.74667	-20568
7.74833	-20641
7.75000	-20723
7.75167	-20804
7.75333	-20880
7.75500	-20955
7.75667	-21036
7.75833	-21126
7.76000	-21216
7.76167	-21301
7.76333	-21386
7.76500	-21477
7.76667	-21580
7.76833	-21682
7.77000	-21778
7.77167	-21873
7.77333	-21975
7.77500	-22090
7.77667	-22202
7.77833	-22307
7.78000	-22408
7.78167	-22516
7.78333	-22635
7.78500	-22753
7.78667	-22862
7.78833	-22969
7.79000	-23083
7.79167	-23210
7.79333	-23335
7.79500	-23451
7.79667	-23564
7.79833	-23683
7.80000	-23816
7.80167	-23946
7.80333	-24063
7.80500	-24175
7.80667	-24292
7.80833	-24420
7.81000	-24543
7.81167	-24655
7.81333	-24761
7.81500	-24870
7.81667	-24990
7.81833	-25106
7.82000	-25211
7.82167	-25310
7.82333	-25413
7.82500	-25526
7.82667	-25634
7.82833	-25731
7.83000	-25822
7.83167	-25915
7.83333	-26016
7.83500	-26114
7.83667	-26200
7.83833	-26281
7.84000	-26364
7.84167	-26454
7.84333	-26540
7.84500	-26617
7.84667	-26690
7.84833	-26765
7.85000	-26847
7.85167	-26925
7.85333	-26996
7.85500	-27062
7.85667	-27129
7.85833	-27202
7.86000	-27272
7.86167	-27334
7.86333	-27393
7.86500	-27452
7.86667	-27517
7.86833	-27579
7.87000	-27635
7.87167	-27689
7.87333	-27744
7.87500	-27804
7.87667	-27863
7.87833	-27918
7.88000	-27972
7.88167	-28029
7.88333	-28093
7.88500	-28156
7.88667	-28215
7.88833	-28273
7.89000	-28336
7.89167	-28406
7.89333	-28475
7.89500	-28540
7.89667	-28604
7.89833	-28673
7.90000	-28749
7.90167	-28826
7.90333	-28897
7.90500	-28969
7.90667	-29046
7.90833	-29132
7.91000	-29218
7.91167	-29299
7.91333	-29380
7.91500	-29466
7.91667	-29563
7.91833	-29660
7.92000	-29751
7.92167	-29843
7.92333	-29942
7.92500	-30053
7.92667	-30164
7.92833	-30267
7.93000	-30369
7.93167	-30477
7.93333	-30599
7.93500	-30718
7.93667	-30828
7.93833	-30935
7.94000	-31047
7.94167	-31172
7.94333	-31295
7.94500	-31409
7.94667	-31521
7.94833	-31641
7.95000	-31775
7.95167	-31906
7.95333	-32027
7.95500	-32146
7.95667	-32271
7.95833	-32411
7.96000	-32546
7.96167	-32668
7.96333	-32785
7.96500	-32906
7.96667	-33039
7.96833	-33167
7.97000	-33282
7.97167	-33392
7.97333	-33505
7.97500	-33629
7.97667	-33748
7.97833	-33856
7.98000	-33959
7.98167	-34065
7.98333	-34182
7.98500	-34294
7.98667	-34395
7.98833	-34492
7.99000	-34591
7.99167	-34700
7.99333	-34806
7.99500	-34900
7.99667	-34989
7.99833	-35080
8.00000	-35180
8.00167	-35276
8.00333	-35361
8.00500	-35441
8.00667	-35522
8.00833	-35610
8.01000	-35694
8.01167	-35769
8.01333	-35838
8.01500	-35909
8.01667	-35985
8.01833	-36059
8.02000	-36124
8.02167	-36186
8.02333	-36250
8.02500	-36320
8.02667	-36388
8.02833	-36450
8.03000	-36509
8.03167	-36572
8.03333	-36641
8.03500	-36708
8.03667	-36770
8.03833	-36830
8.04000	-36893
8.04167	-36963
8.04333	-37031
8.04500	-37093
8.04667	-37152
8.04833	-37214
8.05000	-37283
8.05167	-37349
8.05333	-37411
8.05500	-37471
8.05667	-37534
8.05833	-37604
8.06000	-37673
8.06167	-37738
8.06333	-37803
8.06500	-37873
8.06667	-37952
8.06833	-38031
8.07000	-38105
8.07167	-38180
8.07333	-38261
8.07500	-38351
8.07667	-38442
8.07833	-38527
8.08000	-38612
8.08167	-38704
8.08333	-38807
8.08500	-38908
8.08667	-39002
8.08833	-39095
8.09000	-39192
8.09167	-39300
8.09333	-39407
8.09500	-39504
8.09667	-39599
8.09833	-39698
8.10000	-39808
8.10167	-39917
8.10333	-40017
8.10500	-40115
8.10667	-40220
8.10833	-40336
8.11000	-40450
8.11167	-40554
8.11333	-40656
8.11500	-40762
8.11667	-40880
8.11833	-40995
8.12000	-41099
8.12167	-41199
8.12333	-41303
8.12500	-41417
8.12667	-41528
8.12833	-41629
8.13000	-41727
8.13167	-41829
8.13333	-41942
8.13500	-42051
8.13667	-42150
8.13833	-42244
8.14000	-42341
8.14167	-42448
8.14333	-42550
8.14500	-42640
8.14667	-42724
8.14833	-42809
8.15000	-42901
8.15167	-42990
8.15333	-43069
8.15500	-43145
8.15667	-43223
8.15833	-43308
8.16000	-43391
8.16167	-43466
8.16333	-43538
8.16500	-43613
8.16667	-43695
8.16833	-43775
8.17000	-43846
8.17167	-43914
8.17333	-43984
8.17500	-44061
8.17667	-44135
8.17833	-44202
8.18000	-44266
8.18167	-44333
8.18333	-44406
8.18500	-44477
8.18667	-44542
8.18833	-44606
8.19000	-44673
8.19167	-44748
8.19333	-44821
8.19500	-44889
8.19667	-44956
8.19833	-45027
8.20000	-45106
8.20167	-45185
8.20333	-45258
8.20500	-45332
8.20667	-45410
8.20833	-45498
8.21000	-45585
8.21167	-45668
8.21333	-45751
8.21500	-45840
8.21667	-45940
8.21833	-46039
8.22000	-46132
8.22167	-46222
8.22333	-46319
8.22500	-46426
8.22667	-46533
8.22833	-46633
8.23000	-46733
8.23167	-46841
8.23333	-46963
8.23500	-47083
8.23667	-47197
8.23833	-47310
8.24000	-47431
8.24167	-47567
8.24333	-47702
8.24500	-47826
8.24667	-47949
8.24833	-48079
8.25000	-48224
8.25167	-48366
8.25333	-48498
8.25500	-48625
8.25667	-48760
8.25833	-48910
8.26000	-49057
8.26167	-49191
8.26333	-49322
8.26500	-49459
8.26667	-49611
8.26833	-49759
8.27000	-49894
8.27167	-50024
8.27333	-50160
8.27500	-50310
8.27667	-50455
8.27833	-50586
8.28000	-50712
8.28167	-50843
8.28333	-50987
8.28500	-51126
8.28667	-51253
8.28833	-51374
8.29000	-51501
8.29167	-51640
8.29333	-51775
8.29500	-51896
8.29667	-52011
8.29833	-52130
8.30000	-52260
8.30167	-52386
8.30333	-52498
8.30500	-52605
8.30667	-52715
8.30833	-52836
8.31000	-52952
8.31167	-53056
8.31333	-53154
8.31500	-53256
8.31667	-53367
8.31833	-53474
8.32000	-53571
8.32167	-53663
8.32333	-53758
8.32500	-53863
8.32667	-53964
8.32833	-54055
8.33000	-54141
8.33167	-54231
8.33333	-54329
8.33500	-54423
8.33667	-54508
8.33833	-54589
8.34000	-54672
8.34167	-54764
8.34333	-54852
8.34500	-54933
8.34667	-55012
8.34833	-55094
8.35000	-55185
8.35167	-55274
8.35333	-55357
8.35500	-55438
8.35667	-55524
8.35833	-55619
8.36000	-55714
8.36167	-55803
8.36333	-55892
8.36500	-55986
8.36667	-56093
8.36833	-56198
8.37000	-56297
8.37167	-56396
8.37333	-56501
8.37500	-56619
8.37667	-56735
8.37833	-56842
8.38000	-56947
8.38167	-57057
8.38333	-57179
8.38500	-57300
8.38667	-57413
8.38833	-57525
8.39000	-57645
8.39167	-57780
8.39333	-57913
8.39500	-58037
8.39667	-58160
8.39833	-58291
8.40000	-58438
8.40167	-58581
8.40333	-58714
8.40500	-58842
8.40667	-58978
8.40833	-59128
8.41000	-59275
8.41167	-59411
8.41333	-59545
8.41500	-59686
8.41667	-59844
8.41833	-59998
8.42000	-60140
8.42167	-60277
8.42333	-60421
8.42500	-60581
8.42667	-60736
8.42833	-60878
8.43000	-61014
8.43167	-61156
8.43333	-61313
8.43500	-61465
8.43667	-61603
8.43833	-61735
8.44000	-61871
8.44167	-62022
8.44333	-62167
8.44500	-62299
8.44667	-62425
8.44833	-62556
8.45000	-62699
8.45167	-62838
8.45333	-62962
8.45500	-63080
8.45667	-63202
8.45833	-63335
8.46000	-63464
8.46167	-63578
8.46333	-63687
8.46500	-63798
8.46667	-63920
8.46833	-64038
8.47000	-64144
8.47167	-64246
8.47333	-64352
8.47500	-64469
8.47667	-64582
8.47833	-64682
8.48000	-64778
8.48167	-64876
8.48333	-64984
8.48500	-65088
8.48667	-65181
8.48833	-65271
8.49000	-65364
8.49167	-65465
8.49333	-65564
8.49500	-65655
8.49667	-65742
8.49833	-65834
8.50000	-65935
8.50167	-66034
8.50333	-66126
8.50500	-66216
8.50667	-66311
8.50833	-66417
8.51000	-66522
8.51167	-66618
8.51333	-66711
8.51500	-66809
8.51667	-66917
8.51833	-67024
8.52000	-67121
8.52167	-67215
8.52333	-67313
8.52500	-67422
8.52667	-67530
8.52833	-67631
8.53000	-67732
8.53167	-67840
8.53333	-67961
8.53500	-68081
8.53667	-68194
8.53833	-68308
8.54000	-68429
8.54167	-68566
8.54333	-68701
8.54500	-68826
8.54667	-68949
8.54833	-69079
8.55000	-69224
8.55167	-69366
8.55333	-69498
8.55500	-69626
8.55667	-69761
8.55833	-69911
8.56000	-70058
8.56167	-70194
8.56333	-70327
8.56500	-70468
8.56667	-70626
8.56833	-70780
8.57000	-70923
8.57167	-71062
8.57333	-71210
8.57500	-71375
8.57667	-71535
8.57833	-71682
8.58000	-71823
8.58167	-71970
8.58333	-72133
8.58500	-72291
8.58667	-72434
8.58833	-72572
8.59000	-72715
8.59167	-72872
8.59333	-73026
8.59500	-73167
8.59667	-73304
8.59833	-73448
8.60000	-73607
8.60167	-73762
8.60333	-73901
8.60500	-74034
8.60667	-74172
8.60833	-74322
8.61000	-74467
8.61167	-74597
8.61333	-74720
8.61500	-74845
8.61667	-74982
8.61833	-75115
8.62000	-75234
8.62167	-75347
8.62333	-75464
8.62500	-75592
8.62667	-75716
8.62833	-75828
8.63000	-75936
8.63167	-76047
8.63333	-76170
8.63500	-76289
8.63667	-76397
8.63833	-76500
8.64000	-76607
8.64167	-76724
8.64333	-76837
8.64500	-76939
8.64667	-77036
8.64833	-77136
8.65000	-77246
8.65167	-77353
8.65333	-77450
8.65500	-77546
8.65667	-77646
8.65833	-77757
8.66000	-77866
8.66167	-77966
8.66333	-78063
8.66500	-78164
8.66667	-78277
8.66833	-78388
8.67000	-78490
8.67167	-78590
8.67333	-78696
8.67500	-78814
8.67667	-78931
8.67833	-79040
8.68000	-79148
8.68167	-79263
8.68333	-79393
8.68500	-79520
8.68667	-79637
8.68833	-79752
8.69000	-79874
8.69167	-80009
8.69333	-80142
8.69500	-80265
8.69667	-80387
8.69833	-80516
8.70000	-80660
8.70167	-80802
8.70333	-80934
8.70500	-81065
8.70667	-81203
8.70833	-81358
8.71000	-81510
8.71167	-81650
8.71333	-81786
8.71500	-81930
8.71667	-82089
8.71833	-82246
8.72000	-82390
8.72167	-82531
8.72333	-82679
8.72500	-82845
8.72667	-83006
8.72833	-83156
8.73000	-83301
8.73167	-83454
8.73333	-83624
8.73500	-83790
8.73667	-83942
8.73833	-84088
8.74000	-84242
8.74167	-84411
8.74333	-84576
8.74500	-84725
8.74667	-84868
8.74833	-85016
8.75000	-85179
8.75167	-85337
8.75333	-85480
8.75500	-85618
8.75667	-85762
8.75833	-85920
8.76000	-86074
8.76167	-86213
8.76333	-86347
8.76500	-86486
8.76667	-86639
8.76833	-86787
8.77000	-86920
8.77167	-87047
8.77333	-87179
8.77500	-87323
8.77667	-87462
8.77833	-87589
8.78000	-87710
8.78167	-87837
8.78333	-87976
8.78500	-88110
8.78667	-88232
8.78833	-88348
8.79000	-88467
8.79167	-88598
8.79333	-88725
8.79500	-88839
8.79667	-88949
8.79833	-89061
8.80000	-89185
8.80167	-89306
8.80333	-89415
8.80500	-89520
8.80667	-89629
8.80833	-89750
8.81000	-89868
8.81167	-89975
8.81333	-90079
8.81500	-90187
8.81667	-90306
8.81833	-90423
8.82000	-90530
8.82167	-90634
8.82333	-90744
8.82500	-90865
8.82667	-90984
8.82833	-91094
8.83000	-91201
8.83167	-91315
8.83333	-91441
8.83500	-91566
8.83667	-91681
8.83833	-91794
8.84000	-91914
8.84167	-92048
8.84333	-92180
8.84500	-92302
8.84667	-92422
8.84833	-92549
8.85000	-92690
8.85167	-92829
8.85333	-92958
8.85500	-93086
8.85667	-93221
8.85833	-93372
8.86000	-93521
8.86167	-93659
8.86333	-93795
8.86500	-93939
8.86667	-94100
8.86833	-94257
8.87000	-94403
8.87167	-94544
8.87333	-94693
8.87500	-94858
8.87667	-95020
8.87833	-95170
8.88000	-95317
8.88167	-95474
8.88333	-95648
8.88500	-95818
8.88667	-95975
8.88833	-96127
8.89000	-96288
8.89167	-96466
8.89333	-96639
8.89500	-96796
8.89667	-96947
8.89833	-97105
8.90000	-97278
8.90167	-97447
8.90333	-97601
8.90500	-97750
8.90667	-97905
8.90833	-98078
8.91000	-98245
8.91167	-98398
8.91333	-98545
8.91500	-98698
8.91667	-98867
8.91833	-99031
8.92000	-99181
8.92167	-99325
8.92333	-99476
8.92500	-99642
8.92667	-99803
8.92833	-99947
8.93000	-100085
8.93167	-100226
8.93333	-100381
8.93500	-100531
8.93667	-100666
8.93833	-100795
8.94000	-100928
8.94167	-101074
8.94333	-101216
8.94500	-101346
8.94667	-101473
8.94833	-101605
8.95000	-101753
8.95167	-101896
8.95333	-102026
8.95500	-102150
8.95667	-102280
8.95833	-102422
8.96000	-102559
8.96167	-102683
8.96333	-102802
8.96500	-102925
8.96667	-103060
8.96833	-103191
8.97000	-103311
8.97167	-103427
8.97333	-103550
8.97500	-103685
8.97667	-103817
8.97833	-103939
8.98000	-104059
8.98167	-104185
8.98333	-104325
8.98500	-104463
8.98667	-104589
8.98833	-104712
8.99000	-104841
8.99167	-104985
8.99333	-105126
8.99500	-105257
8.99667	-105385
8.99833	-105522
9.00000	-105674
9.00167	-105824
9.00333	-105963
9.00500	-106099
9.00667	-106243
9.00833	-106403
9.01000	-106560
9.01167	-106705
9.01333	-106846
9.01500	-106996
9.01667	-107162
9.01833	-107325
9.02000	-107476
9.02167	-107625
9.02333	-107783
9.02500	-107959
9.02667	-108132
9.02833	-108291
9.03000	-108447
9.03167	-108611
9.03333	-108793
9.03500	-108971
9.03667	-109134
9.03833	-109292
9.04000	-109459
9.04167	-109643
9.04333	-109824
9.04500	-109989
9.04667	-110150
9.04833	-110319
9.05000	-110506
9.05167	-110688
9.05333	-110855
9.05500	-111016
9.05667	-111184
9.05833	-111370
9.06000	-111551
9.06167	-111716
9.06333	-111876
9.06500	-112044
9.06667	-112230
9.06833	-112411
9.07000	-112576
9.07167	-112736
9.07333	-112903
9.07500	-113087
9.07667	-113266
9.07833	-113427
9.08000	-113580
9.08167	-113739
9.08333	-113912
9.08500	-114081
9.08667	-114234
9.08833	-114381
9.09000	-114535
9.09167	-114704
9.09333	-114868
9.09500	-115017
9.09667	-115161
9.09833	-115311
9.10000	-115476
9.10167	-115636
9.10333	-115780
9.10500	-115918
9.10667	-116060
9.10833	-116216
9.11000	-116368
9.11167	-116506
9.11333	-116639
9.11500	-116777
9.11667	-116930
9.11833	-117078
9.12000	-117214
9.12167	-117344
9.12333	-117480
9.12500	-117630
9.12667	-117776
9.12833	-117910
9.13000	-118039
9.13167	-118175
9.13333	-118325
9.13500	-118471
9.13667	-118605
9.13833	-118734
9.14000	-118871
9.14167	-119021
9.14333	-119168
9.14500	-119304
9.14667	-119436
9.14833	-119576
9.15000	-119730
9.15167	-119882
9.15333	-120024
9.15500	-120163
9.15667	-120311
9.15833	-120477
9.16000	-120639
9.16167	-120789
9.16333	-120935
9.16500	-121088
9.16667	-121259
9.16833	-121426
9.17000	-121579
9.17167	-121727
9.17333	-121883
9.17500	-122056
9.17667	-122226
9.17833	-122384
9.18000	-122539
9.18167	-122703
9.18333	-122886
9.18500	-123065
9.18667	-123232
9.18833	-123394
9.19000	-123567
9.19167	-123758
9.19333	-123946
9.19500	-124117
9.19667	-124283
9.19833	-124456
9.20000	-124648
9.20167	-124835
9.20333	-125007
9.20500	-125174
9.20667	-125349
9.20833	-125543
9.21000	-125733
9.21167	-125907
9.21333	-126076
9.21500	-126254
9.21667	-126450
9.21833	-126641
9.22000	-126815
9.22167	-126983
9.22333	-127157
9.22500	-127350
9.22667	-127537
9.22833	-127708
9.23000	-127873
9.23167	-128046
9.23333	-128237
9.23500	-128424
9.23667	-128593
9.23833	-128756
9.24000	-128927
9.24167	-129115
9.24333	-129297
9.24500	-129462
9.24667	-129620
9.24833	-129785
9.25000	-129965
9.25167	-130140
9.25333	-130299
9.25500	-130450
9.25667	-130607
9.25833	-130779
9.26000	-130946
9.26167	-131097
9.26333	-131242
9.26500	-131392
9.26667	-131557
9.26833	-131717
9.27000	-131864
9.27167	-132005
9.27333	-132153
9.27500	-132317
9.27667	-132476
9.27833	-132620
9.28000	-132759
9.28167	-132904
9.28333	-133063
9.28500	-133219
9.28667	-133361
9.28833	-133498
9.29000	-133642
9.29167	-133802
9.29333	-133958
9.29500	-134103
9.29667	-134245
9.29833	-134395
9.30000	-134563
9.30167	-134726
9.30333	-134875
9.30500	-135019
9.30667	-135170
9.30833	-135337
9.31000	-135500
9.31167	-135649
9.31333	-135793
9.31500	-135944
9.31667	-136111
9.31833	-136275
9.32000	-136427
9.32167	-136577
9.32333	-136736
9.32500	-136914
9.32667	-137088
9.32833	-137250
9.33000	-137409
9.33167	-137577
9.33333	-137764
9.33500	-137948
9.33667	-138117
9.33833	-138282
9.34000	-138456
9.34167	-138648
9.34333	-138836
9.34500	-139009
9.34667	-139177
9.34833	-139353
9.35000	-139548
9.35167	-139739
9.35333	-139914
9.35500	-140084
9.35667	-140262
9.35833	-140460
9.36000	-140653
9.36167	-140831
9.36333	-141004
9.36500	-141186
9.36667	-141389
9.36833	-141586
9.37000	-141767
9.37167	-141942
9.37333	-142125
9.37500	-142328
9.37667	-142525
9.37833	-142705
9.38000	-142879
9.38167	-143061
9.38333	-143262
9.38500	-143457
9.38667	-143636
9.38833	-143809
9.39000	-143990
9.39167	-144191
9.39333	-144386
9.39500	-144563
9.39667	-144733
9.39833	-144910
9.40000	-145106
9.40167	-145295
9.40333	-145466
9.40500	-145630
9.40667	-145799
9.40833	-145985
9.41000	-146166
9.41167	-146330
9.41333	-146489
9.41500	-146655
9.41667	-146838
9.41833	-147016
9.42000	-147179
9.42167	-147336
9.42333	-147500
9.42500	-147681
9.42667	-147857
9.42833	-148017
9.43000	-148170
9.43167	-148330
9.43333	-148506
9.43500	-148677
9.43667	-148833
9.43833	-148983
9.44000	-149140
9.44167	-149313
9.44333	-149482
9.44500	-149635
9.44667	-149784
9.44833	-149939
9.45000	-150110
9.45167	-150278
9.45333	-150432
9.45500	-150581
9.45667	-150738
9.45833	-150913
9.46000	-151083
9.46167	-151239
9.46333	-151391
9.46500	-151551
9.46667	-151728
9.46833	-151901
9.47000	-152061
9.47167	-152217
9.47333	-152382
9.47500	-152564
9.47667	-152744
9.47833	-152909
9.48000	-153071
9.48167	-153241
9.48333	-153431
9.48500	-153616
9.48667	-153787
9.48833	-153953
9.49000	-154128
9.49167	-154322
9.49333	-154512
9.49500	-154686
9.49667	-154854
9.49833	-155031
9.50000	-155226
9.50167	-155417
9.50333	-155593
9.50500	-155764
9.50667	-155944
9.50833	-156144
9.51000	-156340
9.51167	-156520
9.51333	-156697
9.51500	-156882
9.51667	-157089
9.51833	-157290
9.52000	-157475
9.52167	-157653
9.52333	-157840
9.52500	-158046
9.52667	-158247
9.52833	-158431
9.53000	-158609
9.53167	-158796
9.53333	-159003
9.53500	-159205
9.53667	-159389
9.53833	-159568
9.54000	-159756
9.54167	-159963
9.54333	-160165
9.54500	-160349
9.54667	-160526
9.54833	-160710
9.55000	-160913
9.55167	-161110
9.55333	-161289
9.55500	-161463
9.55667	-161644
9.55833	-161844
9.56000	-162038
9.56167	-162215
9.56333	-162386
9.56500	-162564
9.56667	-162761
9.56833	-162952
9.57000	-163125
9.57167	-163292
9.57333	-163467
9.57500	-163659
9.57667	-163846
9.57833	-164017
9.58000	-164181
9.58167	-164353
9.58333	-164542
9.58500	-164726
9.58667	-164894
9.58833	-165056
9.59000	-165224
9.59167	-165410
9.59333	-165591
9.59500	-165757
9.59667	-165917
9.59833	-166084
9.60000	-166269
9.60167	-166450
9.60333	-166615
9.60500	-166774
9.60667	-166941
9.60833	-167125
9.61000	-167304
9.61167	-167468
9.61333	-167626
9.61500	-167791
9.61667	-167973
9.61833	-168150
9.62000	-168312
9.62167	-168470
9.62333	-168634
9.62500	-168816
9.62667	-168995
9.62833	-169159
9.63000	-169320
9.63167	-169490
9.63333	-169679
9.63500	-169865
9.63667	-170037
9.63833	-170205
9.64000	-170383
9.64167	-170580
9.64333	-170774
9.64500	-170951
9.64667	-171123
9.64833	-171304
9.65000	-171504
9.65167	-171699
9.65333	-171879
9.65500	-172054
9.65667	-172238
9.65833	-172442
9.66000	-172642
9.66167	-172825
9.66333	-173003
9.66500	-173190
9.66667	-173397
9.66833	-173600
9.67000	-173785
9.67167	-173964
9.67333	-174152
9.67500	-174361
9.67667	-174564
9.67833	-174751
9.68000	-174933
9.68167	-175124
9.68333	-175335
9.68500	-175542
9.68667	-175731
9.68833	-175913
9.69000	-176104
9.69167	-176315
9.69333	-176520
9.69500	-176708
9.69667	-176889
9.69833	-177079
9.70000	-177289
9.70167	-177493
9.70333	-177679
9.70500	-177860
9.70667	-178048
9.70833	-178256
9.71000	-178459
9.71167	-178645
9.71333	-178825
9.71500	-179013
9.71667	-179221
9.71833	-179423
9.72000	-179607
9.72167	-179783
9.72333	-179966
9.72500	-180168
9.72667	-180364
9.72833	-180543
9.73000	-180715
9.73167	-180895
9.73333	-181094
9.73500	-181287
9.73667	-181464
9.73833	-181636
9.74000	-181815
9.74167	-182014
9.74333	-182208
9.74500	-182384
9.74667	-182554
9.74833	-182731
9.75000	-182925
9.75167	-183115
9.75333	-183287
9.75500	-183454
9.75667	-183627
9.75833	-183819
9.76000	-184007
9.76167	-184178
9.76333	-184345
9.76500	-184519
9.76667	-184712
9.76833	-184901
9.77000	-185074
9.77167	-185241
9.77333	-185417
9.77500	-185611
9.77667	-185801
9.77833	-185975
9.78000	-186143
9.78167	-186319
9.78333	-186514
9.78500	-186705
9.78667	-186880
9.78833	-187050
9.79000	-187229
9.79167	-187427
9.79333	-187621
9.79500	-187798
9.79667	-187971
9.79833	-188151
9.80000	-188352
9.80167	-188548
9.80333	-188728
9.80500	-188902
9.80667	-189086
9.80833	-189290
9.81000	-189490
9.81167	-189673
9.81333	-189850
9.81500	-190037
9.81667	-190244
9.81833	-190446
9.82000	-190632
9.82167	-190812
9.82333	-191002
9.82500	-191213
9.82667	-191420
9.82833	-191610
9.83000	-191795
9.83167	-191991
9.83333	-192207
9.83500	-192419
9.83667	-192612
9.83833	-192799
9.84000	-192995
9.84167	-193212
9.84333	-193423
9.84500	-193616
9.84667	-193802
9.84833	-193996
9.85000	-194210
9.85167	-194419
9.85333	-194610
9.85500	-194794
9.85667	-194987
9.85833	-195200
9.86000	-195408
9.86167	-195599
9.86333	-195784
9.86500	-195978
9.86667	-196193
9.86833	-196403
9.87000	-196595
9.87167	-196780
9.87333	-196974
9.87500	-197189
9.87667	-197398
9.87833	-197587
9.88000	-197770
9.88167	-197960
9.88333	-198169
9.88500	-198372
9.88667	-198557
9.88833	-198735
9.89000	-198920
9.89167	-199125
9.89333	-199324
9.89500	-199505
9.89667	-199680
9.89833	-199863
9.90000	-200065
9.90167	-200262
9.90333	-200442
9.90500	-200616
9.90667	-200799
9.90833	-201001
9.91000	-201199
9.91167	-201379
9.91333	-201554
9.91500	-201737
9.91667	-201939
9.91833	-202136
9.92000	-202315
9.92167	-202488
9.92333	-202669
9.92500	-202868
9.92667	-203063
9.92833	-203239
9.93000	-203410
9.93167	-203588
9.93333	-203784
9.93500	-203976
9.93667	-204153
9.93833	-204325
9.94000	-204507
9.94167	-204710
9.94333	-204908
9.94500	-205090
9.94667	-205268
9.94833	-205456
9.95000	-205664
9.95167	-205867
9.95333	-206052
9.95500	-206231
9.95667	-206418
9.95833	-206625
9.96000	-206826
9.96167	-207011
9.96333	-207189
9.96500	-207376
9.96667	-207583
9.96833	-207785
9.97000	-207971
9.97167	-208150
9.97333	-208339
9.97500	-208548
9.97667	-208752
9.97833	-208940
9.98000	-209122
9.98167	-209314
9.98333	-209527
9.98500	-209735
9.98667	-209926
9.98833	-210112
9.99000	-210309
9.99167	-210526
9.99333	-210739
9.99500	-210935
9.99667	-211125
9.99833	-211326
10.00000	-211548
10.00167	-211765
10.00333	-211962
10.00500	-212153
10.00667	-212352
10.00833	-212572
10.01000	-212787
10.01167	-212983
10.01333	-213172
10.01500	-213371
10.01667	-213591
10.01833	-213805
10.02000	-214001
10.02167	-214192
10.02333	-214391
10.02500	-214612
10.02667	-214827
10.02833	-215023
10.03000	-215210
10.03167	-215406
10.03333	-215622
10.03500	-215833
10.03667	-216025
10.03833	-216211
10.04000	-216406
10.04167	-216621
10.04333	-216831
10.04500	-217023
10.04667	-217208
10.04833	-217401
10.05000	-217614
10.05167	-217821
10.05333	-218010
10.05500	-218193
10.05667	-218383
10.05833	-218593
10.06000	-218798
10.06167	-218986
10.06333	-219168
10.06500	-219360
10.06667	-219572
10.06833	-219780
10.07000	-219969
10.07167	-220153
10.07333	-220345
10.07500	-220557
10.07667	-220764
10.07833	-220954
10.08000	-221136
10.08167	-221327
10.08333	-221539
10.08500	-221744
10.08667	-221932
10.08833	-222113
10.09000	-222302
10.09167	-222511
10.09333	-222715
10.09500	-222902
10.09667	-223084
10.09833	-223274
10.10000	-223485
10.10167	-223691
10.10333	-223880
10.10500	-224064
10.10667	-224257
10.10833	-224471
10.11000	-224680
10.11167	-224871
10.11333	-225057
10.11500	-225251
10.11667	-225465
10.11833	-225674
10.12000	-225866
10.12167	-226051
10.12333	-226245
10.12500	-226459
10.12667	-226668
10.12833	-226860
10.13000	-227046
10.13167	-227242
10.13333	-227459
10.13500	-227671
10.13667	-227865
10.13833	-228055
10.14000	-228254
10.14167	-228475
10.14333	-228691
10.14500	-228889
10.14667	-229080
10.14833	-229281
10.15000	-229502
10.15167	-229719
10.15333	-229917
10.15500	-230109
10.15667	-230311
10.15833	-230534
10.16000	-230751
10.16167	-230951
10.16333	-231145
10.16500	-231348
10.16667	-231573
10.16833	-231793
10.17000	-231994
10.17167	-232189
10.17333	-232392
10.17500	-232618
10.17667	-232838
10.17833	-233038
10.18000	-233232
10.18167	-233435
10.18333	-233658
10.18500	-233877
10.18667	-234076
10.18833	-234268
10.19000	-234469
10.19167	-234691
10.19333	-234907
10.19500	-235104
10.19667	-235294
10.19833	-235492
10.20000	-235711
10.20167	-235924
10.20333	-236119
10.20500	-236308
10.20667	-236506
10.20833	-236725
10.21000	-236938
10.21167	-237134
10.21333	-237323
10.21500	-237521
10.21667	-237741
10.21833	-237955
10.22000	-238150
10.22167	-238338
10.22333	-238534
10.22500	-238751
10.22667	-238962
10.22833	-239154
10.23000	-239341
10.23167	-239536
10.23333	-239752
10.23500	-239963
10.23667	-240155
10.23833	-240341
10.24000	-240535
10.24167	-240750
10.24333	-240960
10.24500	-241151
10.24667	-241337
10.24833	-241531
10.25000	-241746
10.25167	-241955
10.25333	-242146
10.25500	-242331
10.25667	-242525
10.25833	-242740
10.26000	-242949
10.26167	-243140
10.26333	-243325
10.26500	-243519
10.26667	-243733
10.26833	-243943
10.27000	-244136
10.27167	-244324
10.27333	-244521
10.27500	-244741
10.27667	-244955
10.27833	-245151
10.28000	-245341
10.28167	-245539
10.28333	-245758
10.28500	-245972
10.28667	-246168
10.28833	-246358
10.29000	-246557
10.29167	-246778
10.29333	-246994
10.29500	-247191
10.29667	-247383
10.29833	-247585
10.30000	-247808
10.30167	-248026
10.30333	-248224
10.30500	-248416
10.30667	-248616
10.30833	-248837
10.31000	-249053
10.31167	-249250
10.31333	-249441
10.31500	-249641
10.31667	-249863
10.31833	-250079
10.32000	-250278
10.32167	-250471
10.32333	-250674
10.32500	-250898
10.32667	-251117
10.32833	-251317
10.33000	-251511
10.33167	-251714
10.33333	-251938
10.33500	-252156
10.33667	-252356
10.33833	-252548
10.34000	-252749
10.34167	-252972
10.34333	-253189
10.34500	-253388
10.34667	-253581
10.34833	-253783
10.35000	-254006
10.35167	-254224
10.35333	-254423
10.35500	-254615
10.35667	-254817
10.35833	-255039
10.36000	-255256
10.36167	-255454
10.36333	-255644
10.36500	-255844
10.36667	-256064
10.36833	-256279
10.37000	-256475
10.37167	-256664
10.37333	-256863
10.37500	-257082
10.37667	-257296
10.37833	-257491
10.38000	-257679
10.38167	-257876
10.38333	-258093
10.38500	-258305
10.38667	-258498
10.38833	-258686
10.39000	-258881
10.39167	-259098
10.39333	-259309
10.39500	-259503
10.39667	-259691
10.39833	-259889
10.40000	-260108
10.40167	-260321
10.40333	-260515
10.40500	-260701
10.40667	-260894
10.40833	-261108
10.41000	-261316
10.41167	-261505
10.41333	-261689
10.41500	-261881
10.41667	-262094
10.41833	-262301
10.42000	-262492
10.42167	-262678
10.42333	-262874
10.42500	-263091
10.42667	-263303
10.42833	-263497
10.43000	-263684
10.43167	-263880
10.43333	-264096
10.43500	-264307
10.43667	-264500
10.43833	-264687
10.44000	-264884
10.44167	-265102
10.44333	-265314
10.44500	-265509
10.44667	-265699
10.44833	-265898
10.45000	-266118
10.45167	-266333
10.45333	-266528
10.45500	-266717
10.45667	-266913
10.45833	-267130
10.46000	-267342
10.46167	-267535
10.46333	-267721
10.46500	-267916
10.46667	-268132
10.46833	-268343
10.47000	-268536
10.47167	-268723
10.47333	-268921
10.47500	-269139
10.47667	-269352
10.47833	-269547
10.48000	-269737
10.48167	-269935
10.48333	-270155
10.48500	-270369
10.48667	-270566
10.48833	-270755
10.49000	-270954
10.49167	-271174
10.49333	-271388
10.49500	-271583
10.49667	-271771
10.49833	-271967
10.50000	-272184
10.50167	-272394
10.50333	-272587
10.50500	-272774
10.50667	-272969
10.50833	-273185
10.51000	-273396
10.51167	-273589
10.51333	-273776
10.51500	-273972
10.51667	-274189
10.51833	-274400
10.52000	-274592
10.52167	-274777
10.52333	-274970
10.52500	-275182
10.52667	-275388
10.52833	-275576
10.53000	-275757
10.53167	-275946
10.53333	-276155
10.53500	-276359
10.53667	-276545
10.53833	-276726
10.54000	-276915
10.54167	-277125
10.54333	-277330
10.54500	-277517
10.54667	-277697
10.54833	-277886
10.55000	-278096
10.55167	-278299
10.55333	-278485
10.55500	-278665
10.55667	-278852
10.55833	-279059
10.56000	-279261
10.56167	-279446
10.56333	-279624
10.56500	-279810
10.56667	-280016
10.56833	-280218
10.57000	-280402
10.57167	-280580
10.57333	-280766
10.57500	-280973
10.57667	-281174
10.57833	-281358
10.58000	-281536
10.58167	-281723
10.58333	-281929
10.58500	-282129
10.58667	-282313
10.58833	-282490
10.59000	-282676
10.59167	-282881
10.59333	-283081
10.59500	-283264
10.59667	-283442
10.59833	-283630
10.60000	-283837
10.60167	-284039
10.60333	-284224
10.60500	-284404
10.60667	-284593
10.60833	-284801
10.61000	-285004
10.61167	-285190
10.61333	-285368
10.61500	-285555
10.61667	-285761
10.61833	-285961
10.62000	-286145
10.62167	-286323
10.62333	-286509
10.62500	-286715
10.62667	-286917
10.62833	-287101
10.63000	-287281
10.63167	-287469
10.63333	-287678
10.63500	-287881
10.63667	-288067
10.63833	-288247
10.64000	-288434
10.64167	-288642
10.64333	-288844
10.64500	-289029
10.64667	-289208
10.64833	-289396
10.65000	-289603
10.65167	-289805
10.65333	-289990
10.65500	-290169
10.65667	-290357
10.65833	-290565
10.66000	-290768
10.66167	-290953
10.66333	-291132
10.66500	-291318
10.66667	-291525
10.66833	-291726
10.67000	-291909
10.67167	-292087
10.67333	-292272
10.67500	-292477
10.67667	-292677
10.67833	-292859
10.68000	-293035
10.68167	-293219
10.68333	-293422
10.68500	-293620
10.68667	-293801
10.68833	-293977
10.69000	-294160
10.69167	-294364
10.69333	-294562
10.69500	-294744
10.69667	-294920
10.69833	-295105
10.70000	-295309
10.70167	-295509
10.70333	-295691
10.70500	-295867
10.70667	-296050
10.70833	-296254
10.71000	-296451
10.71167	-296632
10.71333	-296806
10.71500	-296988
10.71667	-297188
10.71833	-297384
10.72000	-297563
10.72167	-297736
10.72333	-297917
10.72500	-298118
10.72667	-298313
10.72833	-298492
10.73000	-298666
10.73167	-298849
10.73333	-299051
10.73500	-299248
10.73667	-299427
10.73833	-299601
10.74000	-299782
10.74167	-299982
10.74333	-300176
10.74500	-300355
10.74667	-300527
10.74833	-300708
10.75000	-300908
10.75167	-301104
10.75333	-301283
10.75500	-301457
10.75667	-301640
10.75833	-301843
10.76000	-302041
10.76167	-302221
10.76333	-302396
10.76500	-302578
10.76667	-302779
10.76833	-302976
10.77000	-303156
10.77167	-303330
10.77333	-303513
10.77500	-303716
10.77667	-303915
10.77833	-304097
10.78000	-304274
10.78167	-304460
10.78333	-304666
10.78500	-304867
10.78667	-305050
10.78833	-305227
10.79000	-305413
10.79167	-305618
10.79333	-305818
10.79500	-306002
10.79667	-306180
10.79833	-306368
10.80000	-306575
10.80167	-306778
10.80333	-306963
10.80500	-307142
10.80667	-307330
10.80833	-307538
10.81000	-307741
10.81167	-307925
10.81333	-308104
10.81500	-308290
10.81667	-308496
10.81833	-308697
10.82000	-308880
10.82167	-309058
10.82333	-309244
10.82500	-309450
10.82667	-309651
10.82833	-309834
10.83000	-310013
10.83167	-310200
10.83333	-310406
10.83500	-310608
10.83667	-310793
10.83833	-310972
10.84000	-311160
10.84167	-311368
10.84333	-311570
10.84500	-311754
10.84667	-311931
10.84833	-312117
10.85000	-312322
10.85167	-312521
10.85333	-312703
10.85500	-312879
10.85667	-313063
10.85833	-313267
10.86000	-313465
10.86167	-313647
10.86333	-313822
10.86500	-314005
10.86667	-314208
10.86833	-314406
10.87000	-314587
10.87167	-314762
10.87333	-314946
10.87500	-315150
10.87667	-315349
10.87833	-315532
10.88000	-315709
10.88167	-315894
10.88333	-316100
10.88500	-316300
10.88667	-316484
10.88833	-316661
10.89000	-316846
10.89167	-317051
10.89333	-317251
10.89500	-317433
10.89667	-317608
10.89833	-317790
10.90000	-317991
10.90167	-318188
10.90333	-318367
10.90500	-318541
10.90667	-318724
10.90833	-318925
10.91000	-319122
10.91167	-319303
10.91333	-319478
10.91500	-319663
10.91667	-319867
10.91833	-320066
10.92000	-320248
10.92167	-320425
10.92333	-320609
10.92500	-320814
10.92667	-321013
10.92833	-321196
10.93000	-321373
10.93167	-321559
10.93333	-321766
10.93500	-321967
10.93667	-322150
10.93833	-322328
10.94000	-322514
10.94167	-322720
10.94333	-322921
10.94500	-323104
10.94667	-323281
10.94833	-323465
10.95000	-323670
10.95167	-323869
10.95333	-324051
10.95500	-324228
10.95667	-324413
10.95833	-324618
10.96000	-324818
10.96167	-325001
10.96333	-325178
10.96500	-325364
10.96667	-325569
10.96833	-325770
10.97000	-325954
10.97167	-326132
10.97333	-326320
10.97500	-326528
10.97667	-326731
10.97833	-326917
10.98000	-327096
10.98167	-327284
10.98333	-327491
10.98500	-327693
10.98667	-327878
10.98833	-328056
10.99000	-328243
10.99167	-328449
10.99333	-328650
10.99500	-328835
10.99667	-329014
10.99833	-329202
11.00000	-329410
11.00167	-329613
11.00333	-329797
11.00500	-329974
11.00667	-330159
11.00833	-330362
11.01000	-330561
11.01167	-330742
11.01333	-330918
11.01500	-331102
11.01667	-331306
11.01833	-331505
11.02000	-331686
11.02167	-331863
11.02333	-332047
11.02500	-332251
11.02667	-332450
11.02833	-332632
11.03000	-332807
11.03167	-332990
11.03333	-333192
11.03500	-333389
11.03667	-333569
11.03833	-333744
11.04000	-333926
11.04167	-334128
11.04333	-334325
11.04500	-334506
11.04667	-334681
11.04833	-334865
11.05000	-335068
11.05167	-335266
11.05333	-335447
11.05500	-335622
11.05667	-335804
11.05833	-336006
11.06000	-336203
11.06167	-336383
11.06333	-336557
11.06500	-336739
11.06667	-336941
11.06833	-337137
11.07000	-337318
11.07167	-337493
11.07333	-337677
11.07500	-337880
11.07667	-338079
11.07833	-338260
11.08000	-338435
11.08167	-338619
11.08333	-338821
11.08500	-339018
11.08667	-339199
11.08833	-339374
11.09000	-339558
11.09167	-339761
11.09333	-339961
11.09500	-340143
11.09667	-340320
11.09833	-340507
11.10000	-340713
11.10167	-340915
11.10333	-341100
11.10500	-341280
11.10667	-341468
11.10833	-341677
11.11000	-341880
11.11167	-342066
11.11333	-342246
11.11500	-342433
11.11667	-342641
11.11833	-342843
11.12000	-343028
11.12167	-343207
11.12333	-343394
11.12500	-343602
11.12667	-343804
11.12833	-343990
11.13000	-344169
11.13167	-344358
11.13333	-344567
11.13500	-344771
11.13667	-344958
11.13833	-345139
11.14000	-345328
11.14167	-345537
11.14333	-345742
11.14500	-345929
11.14667	-346112
11.14833	-346303
11.15000	-346515
11.15167	-346722
11.15333	-346911
11.15500	-347095
11.15667	-347287
11.15833	-347501
11.16000	-347708
11.16167	-347898
11.16333	-348082
11.16500	-348274
11.16667	-348486
11.16833	-348693
11.17000	-348882
11.17167	-349066
11.17333	-349258
11.17500	-349471
11.17667	-349679
11.17833	-349870
11.18000	-350055
11.18167	-350249
11.18333	-350465
11.18500	-350674
11.18667	-350866
11.18833	-351052
11.19000	-351245
11.19167	-351460
11.19333	-351668
11.19500	-351859
11.19667	-352043
11.19833	-352235
11.20000	-352447
11.20167	-352654
11.20333	-352844
11.20500	-353029
11.20667	-353223
11.20833	-353438
11.21000	-353648
11.21167	-353841
11.21333	-354028
11.21500	-354224
11.21667	-354441
11.21833	-354653
11.22000	-354847
11.22167	-355034
11.22333	-355230
11.22500	-355446
11.22667	-355658
11.22833	-355851
11.23000	-356038
11.23167	-356235
11.23333	-356452
11.23500	-356665
11.23667	-356859
11.23833	-357047
11.24000	-357244
11.24167	-357463
11.24333	-357676
11.24500	-357872
11.24667	-358062
11.24833	-358261
11.25000	-358482
11.25167	-358698
11.25333	-358896
11.25500	-359087
11.25667	-359286
11.25833	-359507
11.26000	-359722
11.26167	-359919
11.26333	-360109
11.26500	-360307
11.26667	-360527
11.26833	-360741
11.27000	-360937
11.27167	-361128
11.27333	-361327
11.27500	-361548
11.27667	-361764
11.27833	-361962
11.28000	-362154
11.28167	-362356
11.28333	-362580
11.28500	-362799
11.28667	-362999
11.28833	-363193
11.29000	-363397
11.29167	-363622
11.29333	-363842
11.29500	-364042
11.29667	-364236
11.29833	-364439
11.30000	-364663
11.30167	-364881
11.30333	-365079
11.30500	-365271
11.30667	-365471
11.30833	-365692
11.31000	-365908
11.31167	-366106
11.31333	-366298
11.31500	-366499
11.31667	-366722
11.31833	-366940
11.32000	-367141
11.32167	-367335
11.32333	-367540
11.32500	-367767
11.32667	-367988
11.32833	-368190
11.33000	-368385
11.33167	-368589
11.33333	-368814
11.33500	-369033
11.33667	-369233
11.33833	-369425
11.34000	-369626
11.34167	-369848
11.34333	-370064
11.34500	-370261
11.34667	-370452
11.34833	-370652
11.35000	-370872
11.35167	-371087
11.35333	-371284
11.35500	-371475
11.35667	-371675
11.35833	-371896
11.36000	-372112
11.36167	-372310
11.36333	-372501
11.36500	-372701
11.36667	-372922
11.36833	-373138
11.37000	-373334
11.37167	-373523
11.37333	-373721
11.37500	-373939
11.37667	-374151
11.37833	-374345
11.38000	-374532
11.38167	-374728
11.38333	-374944
11.38500	-375155
11.38667	-375347
11.38833	-375534
11.39000	-375730
11.39167	-375946
11.39333	-376157
11.39500	-376349
11.39667	-376535
11.39833	-376729
11.40000	-376943
11.40167	-377152
11.40333	-377343
11.40500	-377528
11.40667	-377722
11.40833	-377936
11.41000	-378144
11.41167	-378335
11.41333	-378520
11.41500	-378714
11.41667	-378928
11.41833	-379137
11.42000	-379328
11.42167	-379511
11.42333	-379704
11.42500	-379915
11.42667	-380122
11.42833	-380310
11.43000	-380492
11.43167	-380682
11.43333	-380891
11.43500	-381096
11.43667	-381283
11.43833	-381463
11.44000	-381653
11.44167	-381862
11.44333	-382066
11.44500	-382252
11.44667	-382431
11.44833	-382619
11.45000	-382826
11.45167	-383028
11.45333	-383212
11.45500	-383390
11.45667	-383577
11.45833	-383783
11.46000	-383984
11.46167	-384167
11.46333	-384344
11.46500	-384529
11.46667	-384734
11.46833	-384933
11.47000	-385115
11.47167	-385291
11.47333	-385476
11.47500	-385679
11.47667	-385878
11.47833	-386059
11.48000	-386233
11.48167	-386416
11.48333	-386618
11.48500	-386815
11.48667	-386993
11.48833	-387165
11.49000	-387345
11.49167	-387543
11.49333	-387735
11.49500	-387911
11.49667	-388080
11.49833	-388257
11.50000	-388453
11.50167	-388644
11.50333	-388818
11.50500	-388987
11.50667	-389163
11.50833	-389358
11.51000	-389548
11.51167	-389721
11.51333	-389888
11.51500	-390063
11.51667	-390255
11.51833	-390442
11.52000	-390613
11.52167	-390778
11.52333	-390951
11.52500	-391141
11.52667	-391327
11.52833	-391495
11.53000	-391657
11.53167	-391826
11.53333	-392012
11.53500	-392193
11.53667	-392358
11.53833	-392516
11.54000	-392682
11.54167	-392864
11.54333	-393042
11.54500	-393205
11.54667	-393363
11.54833	-393528
11.55000	-393712
11.55167	-393890
11.55333	-394052
11.55500	-394208
11.55667	-394371
11.55833	-394550
11.56000	-394724
11.56167	-394883
11.56333	-395036
11.56500	-395196
11.56667	-395373
11.56833	-395545
11.57000	-395702
11.57167	-395855
11.57333	-396015
11.57500	-396192
11.57667	-396364
11.57833	-396521
11.58000	-396673
11.58167	-396832
11.58333	-397008
11.58500	-397179
11.58667	-397334
11.58833	-397484
11.59000	-397641
11.59167	-397813
11.59333	-397981
11.59500	-398133
11.59667	-398279
11.59833	-398432
11.60000	-398600
11.60167	-398763
11.60333	-398912
11.60500	-399057
11.60667	-399208
11.60833	-399375
11.61000	-399538
11.61167	-399687
11.61333	-399831
11.61500	-399983
11.61667	-400151
11.61833	-400315
11.62000	-400464
11.62167	-400608
11.62333	-400758
11.62500	-400923
11.62667	-401085
11.62833	-401233
11.63000	-401376
11.63167	-401526
11.63333	-401691
11.63500	-401853
11.63667	-401999
11.63833	-402140
11.64000	-402286
11.64167	-402447
11.64333	-402604
11.64500	-402747
11.64667	-402883
11.64833	-403026
11.65000	-403183
11.65167	-403336
11.65333	-403476
11.65500	-403612
11.65667	-403754
11.65833	-403911
11.66000	-404063
11.66167	-404203
11.66333	-404337
11.66500	-404478
11.66667	-404633
11.66833	-404784
11.67000	-404922
11.67167	-405055
11.67333	-405194
11.67500	-405347
11.67667	-405496
11.67833	-405632
11.68000	-405763
11.68167	-405900
11.68333	-406051
11.68500	-406198
11.68667	-406332
11.68833	-406462
11.69000	-406597
11.69167	-406747
11.69333	-406893
11.69500	-407026
11.69667	-407154
11.69833	-407287
11.70000	-407434
11.70167	-407578
11.70333	-407708
11.70500	-407834
11.70667	-407965
11.70833	-408110
11.71000	-408250
11.71167	-408379
11.71333	-408504
11.71500	-408635
11.71667	-408779
11.71833	-408920
11.72000	-409049
11.72167	-409173
11.72333	-409302
11.72500	-409444
11.72667	-409583
11.72833	-409709
11.73000	-409830
11.73167	-409957
11.73333	-410097
11.73500	-410233
11.73667	-410358
11.73833	-410478
11.74000	-410605
11.74167	-410744
11.74333	-410880
11.74500	-411004
11.74667	-411123
11.74833	-411247
11.75000	-411384
11.75167	-411517
11.75333	-411639
11.75500	-411757
11.75667	-411880
11.75833	-412016
11.76000	-412148
11.76167	-412269
11.76333	-412385
11.76500	-412507
11.76667	-412640
11.76833	-412770
11.77000	-412889
11.77167	-413003
11.77333	-413122
11.77500	-413253
11.77667	-413380
11.77833	-413497
11.78000	-413610
11.78167	-413728
11.78333	-413859
11.78500	-413987
11.78667	-414103
11.78833	-414215
11.79000	-414331
11.79167	-414460
11.79333	-414585
11.79500	-414698
11.79667	-414808
11.79833	-414922
11.80000	-415048
11.80167	-415171
11.80333	-415284
11.80500	-415392
11.80667	-415505
11.80833	-415630
11.81000	-415752
11.81167	-415863
11.81333	-415969
11.81500	-416079
11.81667	-416201
11.81833	-416320
11.82000	-416428
11.82167	-416533
11.82333	-416642
11.82500	-416763
11.82667	-416880
11.82833	-416987
11.83000	-417091
11.83167	-417199
11.83333	-417318
11.83500	-417433
11.83667	-417538
11.83833	-417638
11.84000	-417742
11.84167	-417856
11.84333	-417967
11.84500	-418068
11.84667	-418165
11.84833	-418266
11.85000	-418377
11.85167	-418486
11.85333	-418584
11.85500	-418679
11.85667	-418779
11.85833	-418888
11.86000	-418995
11.86167	-419093
11.86333	-419187
11.86500	-419284
11.86667	-419393
11.86833	-419498
11.87000	-419593
11.87167	-419686
11.87333	-419782
11.87500	-419888
11.87667	-419992
11.87833	-420085
11.88000	-420174
11.88167	-420267
11.88333	-420370
11.88500	-420469
11.88667	-420558
11.88833	-420643
11.89000	-420731
11.89167	-420827
11.89333	-420921
11.89500	-421008
11.89667	-421091
11.89833	-421179
11.90000	-421277
11.90167	-421372
11.90333	-421459
11.90500	-421542
11.90667	-421629
11.90833	-421726
11.91000	-421819
11.91167	-421904
11.91333	-421985
11.91500	-422069
11.91667	-422162
11.91833	-422253
11.92000	-422335
11.92167	-422414
11.92333	-422498
11.92500	-422589
11.92667	-422678
11.92833	-422759
11.93000	-422837
11.93167	-422917
11.93333	-423006
11.93500	-423092
11.93667	-423170
11.93833	-423244
11.94000	-423321
11.94167	-423405
11.94333	-423487
11.94500	-423561
11.94667	-423632
11.94833	-423705
11.95000	-423785
11.95167	-423863
11.95333	-423935
11.95500	-424004
11.95667	-424076
11.95833	-424155
11.96000	-424233
11.96167	-424304
11.96333	-424372
11.96500	-424443
11.96667	-424521
11.96833	-424597
11.97000	-424665
11.97167	-424730
11.97333	-424797
11.97500	-424870
11.97667	-424940
11.97833	-425004
11.98000	-425065
11.98167	-425128
11.98333	-425198
11.98500	-425265
11.98667	-425326
11.98833	-425386
11.99000	-425448
11.99167	-425517
11.99333	-425584
11.99500	-425645
11.99667	-425703
11.99833	-425762
12.00000	-425828
12.00167	-425892
12.00333	-425949
12.00500	-426004
12.00667	-426061
12.00833	-426123
12.01000	-426183
12.01167	-426238
12.01333	-426290
12.01500	-426345
12.01667	-426405
12.01833	-426463
12.02000	-426515
12.02167	-426565
12.02333	-426617
12.02500	-426675
12.02667	-426730
12.02833	-426780
12.03000	-426828
12.03167	-426879
12.03333	-426934
12.03500	-426987
12.03667	-427036
12.03833	-427083
12.04000	-427132
12.04167	-427186
12.04333	-427238
12.04500	-427285
12.04667	-427330
12.04833	-427376
12.05000	-427428
12.05167	-427477
12.05333	-427522
12.05500	-427566
12.05667	-427611
12.05833	-427660
12.06000	-427708
12.06167	-427752
12.06333	-427795
12.06500	-427840
12.06667	-427889
12.06833	-427936
12.07000	-427979
12.07167	-428020
12.07333	-428061
12.07500	-428107
12.07667	-428151
12.07833	-428191
12.08000	-428229
12.08167	-428269
12.08333	-428313
12.08500	-428356
12.08667	-428395
12.08833	-428433
12.09000	-428472
12.09167	-428516
12.09333	-428558
12.09500	-428595
12.09667	-428631
12.09833	-428668
12.10000	-428709
12.10167	-428748
12.10333	-428784
12.10500	-428819
12.10667	-428855
12.10833	-428896
12.11000	-428934
12.11167	-428970
12.11333	-429003
12.11500	-429039
12.11667	-429077
12.11833	-429115
12.12000	-429148
12.12167	-429180
12.12333	-429214
12.12500	-429250
12.12667	-429285
12.12833	-429317
12.13000	-429348
12.13167	-429381
12.13333	-429417
12.13500	-429452
12.13667	-429483
12.13833	-429513
12.14000	-429544
12.14167	-429578
12.14333	-429611
12.14500	-429640
12.14667	-429668
12.14833	-429697
12.15000	-429728
12.15167	-429758
12.15333	-429786
12.15500	-429813
12.15667	-429841
12.15833	-429872
12.16000	-429901
12.16167	-429928
12.16333	-429954
12.16500	-429980
12.16667	-430009
12.16833	-430036
12.17000	-430061
12.17167	-430085
12.17333	-430110
12.17500	-430137
12.17667	-430163
12.17833	-430188
12.18000	-430211
12.18167	-430236
12.18333	-430264
12.18500	-430291
12.18667	-430316
12.18833	-430339
12.19000	-430364
12.19167	-430391
12.19333	-430417
12.19500	-430441
12.19667	-430463
12.19833	-430486
12.20000	-430511
12.20167	-430536
12.20333	-430558
12.20500	-430579
12.20667	-430601
12.20833	-430625
12.21000	-430649
12.21167	-430672
12.21333	-430694
12.21500	-430718
12.21667	-430744
12.21833	-430770
12.22000	-430793
12.22167	-430815
12.22333	-430838
12.22500	-430862
12.22667	-430886
12.22833	-430907
12.23000	-430927
12.23167	-430948
12.23333	-430970
12.23500	-430992
12.23667	-431012
12.23833	-431033
12.24000	-431054
12.24167	-431079
12.24333	-431102
12.24500	-431123
12.24667	-431143
12.24833	-431164
12.25000	-431186
12.25167	-431207
12.25333	-431226
12.25500	-431244
12.25667	-431261
12.25833	-431280
12.26000	-431299
12.26167	-431316
12.26333	-431332
12.26500	-431350
12.26667	-431370
12.26833	-431389
12.27000	-431407
12.27167	-431425
12.27333	-431443
12.27500	-431463
12.27667	-431483
12.27833	-431501
12.28000	-431517
12.28167	-431534
12.28333	-431553
12.28500	-431571
12.28667	-431587
12.28833	-431603
12.29000	-431619
12.29167	-431636
12.29333	-431653
12.29500	-431668
12.29667	-431682
12.29833	-431697
12.30000	-431712
12.30167	-431728
12.30333	-431742
12.30500	-431756
12.30667	-431771
12.30833	-431788
12.31000	-431805
12.31167	-431820
12.31333	-431835
12.31500	-431849
12.31667	-431866
12.31833	-431881
12.32000	-431895
12.32167	-431907
12.32333	-431920
12.32500	-431933
12.32667	-431945
12.32833	-431957
12.33000	-431968
12.33167	-431980
12.33333	-431994
12.33500	-432007
12.33667	-432019
12.33833	-432030
12.34000	-432042
12.34167	-432054
12.34333	-432067
12.34500	-432078
12.34667	-432089
12.34833	-432102
12.35000	-432115
12.35167	-432129
12.35333	-432141
12.35500	-432154
12.35667	-432168
12.35833	-432183
12.36000	-432198
12.36167	-432211
12.36333	-432222
12.36500	-432234
12.36667	-432246
12.36833	-432258
12.37000	-432269
12.37167	-432279
12.37333	-432290
12.37500	-432302
12.37667	-432313
12.37833	-432324
12.38000	-432335
12.38167	-432347
12.38333	-432360
12.38500	-432373
12.38667	-432384
12.38833	-432395
12.39000	-432406
12.39167	-432418
12.39333	-432429
12.39500	-432439
12.39667	-432449
12.39833	-432459
12.40000	-432471
12.40167	-432482
12.40333	-432492
12.40500	-432502
12.40667	-432513
12.40833	-432526
12.41000	-432538
12.41167	-432548
12.41333	-432557
12.41500	-432567
12.41667	-432577
12.41833	-432586
12.42000	-432595
12.42167	-432604
12.42333	-432614
12.42500	-432625
12.42667	-432636
12.42833	-432646
12.43000	-432655
12.43167	-432665
12.43333	-432675
12.43500	-432684
12.43667	-432692
12.43833	-432699
12.44000	-432706
12.44167	-432713
12.44333	-432719
12.44500	-432726
12.44667	-432734
12.44833	-432742
12.45000	-432752
12.45167	-432762
12.45333	-432771
12.45500	-432779
12.45667	-432788
12.45833	-432797
12.46000	-432806
12.46167	-432815
12.46333	-432823
12.46500	-432831
12.46667	-432840
12.46833	-432849
12.47000	-432857
12.47167	-432865
12.47333	-432873
12.47500	-432882
12.47667	-432890
12.47833	-432897
12.48000	-432903
12.48167	-432909
12.48333	-432914
12.48500	-432920
12.48667	-432924
12.48833	-432929
12.49000	-432933
12.49167	-432938
12.49333	-432942
12.49500	-432947
12.49667	-432951
12.49833	-432956
12.50000	-432961
12.50167	-432966
12.50333	-432972
12.50500	-432977
12.50667	-432984
12.50833	-432991
12.51000	-432998
12.51167	-433004
12.51333	-433011
12.51500	-433018
12.51667	-433026
12.51833	-433034
12.52000	-433040
12.52167	-433047
12.52333	-433053
12.52500	-433060
12.52667	-433066
12.52833	-433073
12.53000	-433079
12.53167	-433085
12.53333	-433092
12.53500	-433099
12.53667	-433105
12.53833	-433111
12.54000	-433118
12.54167	-433125
12.54333	-433133
12.54500	-433139
12.54667	-433145
12.54833	-433151
12.55000	-433158
12.55167	-433164
12.55333	-433169
12.55500	-433174
12.55667	-433178
12.55833	-433182
12.56000	-433186
12.56167	-433190
12.56333	-433193
12.56500	-433196
12.56667	-433200
12.56833	-433203
12.57000	-433206
12.57167	-433209
12.57333	-433212
12.57500	-433216
12.57667	-433219
12.57833	-433223
12.58000	-433227
12.58167	-433231
12.58333	-433235
12.58500	-433239
12.58667	-433243
12.58833	-433247
12.59000	-433251
12.59167	-433256
12.59333	-433260
12.59500	-433264
12.59667	-433267
12.59833	-433271
12.60000	-433274
12.60167	-433277
12.60333	-433280
12.60500	-433282
12.60667	-433285
12.60833	-433287
12.61000	-433289
12.61167	-433291
12.61333	-433293
12.61500	-433295
12.61667	-433296
12.61833	-433298
12.62000	-433300
12.62167	-433303
12.62333	-433305
12.62500	-433309
12.62667	-433312
12.62833	-433315
12.63000	-433317
12.63167	-433319
12.63333	-433321
12.63500	-433323
12.63667	-433325
12.63833	-433326
12.64000	-433328
12.64167	-433329
12.64333	-433331
12.64500	-433332
12.64667	-433334
12.64833	-433336
12.65000	-433338
12.65167	-433340
12.65333	-433342
12.65500	-433344
12.65667	-433346
12.65833	-433348
12.66000	-433350
12.66167	-433352
12.66333	-433354
12.66500	-433356
12.66667	-433358
12.66833	-433361
12.67000	-433363
12.67167	-433364
12.67333	-433366
12.67500	-433368
12.67667	-433370
12.67833	-433372
12.68000	-433374
12.68167	-433376
12.68333	-433379
12.68500	-433382
12.68667	-433385
12.68833	-433388
12.69000	-433392
12.69167	-433395
12.69333	-433399
12.69500	-433402
12.69667	-433404
12.69833	-433407
12.70000	-433409
12.70167	-433412
12.70333	-433414
12.70500	-433417
12.70667	-433420
12.70833	-433423
12.71000	-433427
12.71167	-433431
12.71333	-433435
12.71500	-433439
12.71667	-433443
12.71833	-433448
12.72000	-433452
12.72167	-433455
12.72333	-433458
12.72500	-433461
12.72667	-433464
12.72833	-433467
12.73000	-433470
12.73167	-433473
12.73333	-433476
12.73500	-433480
12.73667	-433484
12.73833	-433488
12.74000	-433492
12.74167	-433497
12.74333	-433501
12.74500	-433505
12.74667	-433509
12.74833	-433513
12.75000	-433516
12.75167	-433520
12.75333	-433524
12.75500	-433528
12.75667	-433532
12.75833	-433536
12.76000	-433541
12.76167	-433545
12.76333	-433548
12.76500	-433552
12.76667	-433556
12.76833	-433559
12.77000	-433563
12.77167	-433567
12.77333	-433571
12.77500	-433576
12.77667	-433581
12.77833	-433585
12.78000	-433589
12.78167	-433593
12.78333	-433597
12.78500	-433601
12.78667	-433605
12.78833	-433609
12.79000	-433612
12.79167	-433615
12.79333	-433619
12.79500	-433624
12.79667	-433628
12.79833	-433634
12.80000	-433640
12.80167	-433647
12.80333	-433652
12.80500	-433657
12.80667	-433661
12.80833	-433665
12.81000	-433670
12.81167	-433674
12.81333	-433679
12.81500	-433684
12.81667	-433690
12.81833	-433696
12.82000	-433702
12.82167	-433707
12.82333	-433714
12.82500	-433721
12.82667	-433728
12.82833	-433734
12.83000	-433739
12.83167	-433744
12.83333	-433750
12.83500	-433756
12.83667	-433761
12.83833	-433766
12.84000	-433771
12.84167	-433777
12.84333	-433784
12.84500	-433790
12.84667	-433796
12.84833	-433803
12.85000	-433811
12.85167	-433819
12.85333	-433826
12.85500	-433833
12.85667	-433840
12.85833	-433848
12.86000	-433855
12.86167	-433861
12.86333	-433866
12.86500	-433871
12.86667	-433876
12.86833	-433882
12.87000	-433887
12.87167	-433893
12.87333	-433900
12.87500	-433907
12.87667	-433915
12.87833	-433923
12.88000	-433931
12.88167	-433940
12.88333	-433950
12.88500	-433959
12.88667	-433968
12.88833	-433976
12.89000	-433983
12.89167	-433992
12.89333	-434000
12.89500	-434007
12.89667	-434013
12.89833	-434020
12.90000	-434027
12.90167	-434034
12.90333	-434040
12.90500	-434046
12.90667	-434052
12.90833	-434059
12.91000	-434065
12.91167	-434071
12.91333	-434076
12.91500	-434082
12.91667	-434089
12.91833	-434096
12.92000	-434102
12.92167	-434109
12.92333	-434115
12.92500	-434123
12.92667	-434130
12.92833	-434136
12.93000	-434142
12.93167	-434148
12.93333	-434155
12.93500	-434162
12.93667	-434168
12.93833	-434174
12.94000	-434181
12.94167	-434188
12.94333	-434195
12.94500	-434202
12.94667	-434207
12.94833	-434213
12.95000	-434220
12.95167	-434226
12.95333	-434231
12.95500	-434236
12.95667	-434242
12.95833	-434248
12.96000	-434253
12.96167	-434259
12.96333	-434265
12.96500	-434271
12.96667	-434278
12.96833	-434286
12.97000	-434293
12.97167	-434299
12.97333	-434306
12.97500	-434314
12.97667	-434322
12.97833	-434329
12.98000	-434335
12.98167	-434342
12.98333	-434350
12.98500	-434357
12.98667	-434364
12.98833	-434371
12.99000	-434379
12.99167	-434387
12.99333	-434395
12.99500	-434403
12.99667	-434410
12.99833	-434418
13.00000	-434426
13.00167	-434435
13.00333	-434442
13.00500	-434449
13.00667	-434455
13.00833	-434463
13.01000	-434469
13.01167	-434475
13.01333	-434480
13.01500	-434485
13.01667	-434490
13.01833	-434495
13.02000	-434500
13.02167	-434505
13.02333	-434510
13.02500	-434516
13.02667	-434522
13.02833	-434527
13.03000	-434533
13.03167	-434538
13.03333	-434545
13.03500	-434551
13.03667	-434557
13.03833	-434562
13.04000	-434568
13.04167	-434574
13.04333	-434580
13.04500	-434586
13.04667	-434591
13.04833	-434597
13.05000	-434604
13.05167	-434610
13.05333	-434615
13.05500	-434620
13.05667	-434624
13.05833	-434629
13.06000	-434633
13.06167	-434637
13.06333	-434641
13.06500	-434645
13.06667	-434650
13.06833	-434655
13.07000	-434659
13.07167	-434664
13.07333	-434669
13.07500	-434675
13.07667	-434681
13.07833	-434686
13.08000	-434690
13.08167	-434694
13.08333	-434698
13.08500	-434701
13.08667	-434704
13.08833	-434707
13.09000	-434709
13.09167	-434712
13.09333	-434714
13.09500	-434717
13.09667	-434719
13.09833	-434722
13.10000	-434725
13.10167	-434728
13.10333	-434732
13.10500	-434735
13.10667	-434739
13.10833	-434743
13.11000	-434747
13.11167	-434751
13.11333	-434754
13.11500	-434757
13.11667	-434760
13.11833	-434763
13.12000	-434766
13.12167	-434768
13.12333	-434771
13.12500	-434773
13.12667	-434776
13.12833	-434778
13.13000	-434780
13.13167	-434782
13.13333	-434784
13.13500	-434786
13.13667	-434788
13.13833	-434790
13.14000	-434791
13.14167	-434793
13.14333	-434794
13.14500	-434796
13.14667	-434798
13.14833	-434800
13.15000	-434802
13.15167	-434804
13.15333	-434807
13.15500	-434810
13.15667	-434813
13.15833	-434817
13.16000	-434820
13.16167	-434823
13.16333	-434827
13.16500	-434830
13.16667	-434833
13.16833	-434837
13.17000	-434839
13.17167	-434842
13.17333	-434844
13.17500	-434846
13.17667	-434848
13.17833	-434850
13.18000	-434852
13.18167	-434853
13.18333	-434854
13.18500	-434855
13.18667	-434856
13.18833	-434857
13.19000	-434858
13.19167	-434859
13.19333	-434860
13.19500	-434861
13.19667	-434862
13.19833	-434864
13.20000	-434866
13.20167	-434868
13.20333	-434869
13.20500	-434870
13.20667	-434871
13.20833	-434871
13.21000	-434872
13.21167	-434872
13.21333	-434873
13.21500	-434873
13.21667	-434874
13.21833	-434874
13.22000	-434874
13.22167	-434874
13.22333	-434873
13.22500	-434872
13.22667	-434871
13.22833	-434869
13.23000	-434868
13.23167	-434867
13.23333	-434865
13.23500	-434864
13.23667	-434864
13.23833	-434864
13.24000	-434864
13.24167	-434865
13.24333	-434865
13.24500	-434865
13.24667	-434865
13.24833	-434864
13.25000	-434863
13.25167	-434862
13.25333	-434861
13.25500	-434860
13.25667	-434859
13.25833	-434858
13.26000	-434856
13.26167	-434855
13.26333	-434854
13.26500	-434852
13.26667	-434850
13.26833	-434848
13.27000	-434846
13.27167	-434845
13.27333	-434843
13.27500	-434842
13.27667	-434840
13.27833	-434840
13.28000	-434840
13.28167	-434840
13.28333	-434841
13.28500	-434842
13.28667	-434843
13.28833	-434843
13.29000	-434842
13.29167	-434842
13.29333	-434840
13.29500	-434839
13.29667	-434836
13.29833	-434834
13.30000	-434830
13.30167	-434827
13.30333	-434825
13.30500	-434822
13.30667	-434821
13.30833	-434819
13.31000	-434818
13.31167	-434818
13.31333	-434817
13.31500	-434818
13.31667	-434819
13.31833	-434819
13.32000	-434820
13.32167	-434820
13.32333	-434819
13.32500	-434818
13.32667	-434817
13.32833	-434816
13.33000	-434815
13.33167	-434813
13.33333	-434811
13.33500	-434809
13.33667	-434807
13.33833	-434806
13.34000	-434805
13.34167	-434805
13.34333	-434805
13.34500	-434805
13.34667	-434805
13.34833	-434805
13.35000	-434804
13.35167	-434804
13.35333	-434803
13.35500	-434802
13.35667	-434800
13.35833	-434798
13.36000	-434796
13.36167	-434793
13.36333	-434790
13.36500	-434787
13.36667	-434784
13.36833	-434780
13.37000	-434777
13.37167	-434773
13.37333	-434770
13.37500	-434766
13.37667	-434762
13.37833	-434759
13.38000	-434757
13.38167	-434755
13.38333	-434752
13.38500	-434750
13.38667	-434748
13.38833	-434746
13.39000	-434743
13.39167	-434740
13.39333	-434737
13.39500	-434734
13.39667	-434731
13.39833	-434727
13.40000	-434722
13.40167	-434718
13.40333	-434713
13.40500	-434709
13.40667	-434705
13.40833	-434701
13.41000	-434697
13.41167	-434693
13.41333	-434690
13.41500	-434688
13.41667	-434685
13.41833	-434682
13.42000	-434680
13.42167	-434677
13.42333	-434673
13.42500	-434670
13.42667	-434666
13.42833	-434663
13.43000	-434659
13.43167	-434655
13.43333	-434651
13.43500	-434648
13.43667	-434644
13.43833	-434642
13.44000	-434640
13.44167	-434638
13.44333	-434636
13.44500	-434634
13.44667	-434632
13.44833	-434630
13.45000	-434627
13.45167	-434625
13.45333	-434623
13.45500	-434621
13.45667	-434619
13.45833	-434617
13.46000	-434615
13.46167	-434614
13.46333	-434613
13.46500	-434612
13.46667	-434612
13.46833	-434611
13.47000	-434611
13.47167	-434611
13.47333	-434611
13.47500	-434611
13.47667	-434611
13.47833	-434611
13.48000	-434610
13.48167	-434609
13.48333	-434607
13.48500	-434606
13.48667	-434604
13.48833	-434603
13.49000	-434603
13.49167	-434602
13.49333	-434602
13.49500	-434602
13.49667	-434603
13.49833	-434604
13.50000	-434605
13.50167	-434607
13.50333	-434607
13.50500	-434608
13.50667	-434607
13.50833	-434606
13.51000	-434606
13.51167	-434605
13.51333	-434605
13.51500	-434606
13.51667	-434607
13.51833	-434608
13.52000	-434609
13.52167	-434610
13.52333	-434611
13.52500	-434612
13.52667	-434613
13.52833	-434614
13.53000	-434615
13.53167	-434615
13.53333	-434616
13.53500	-434617
13.53667	-434617
13.53833	-434618
13.54000	-434618
13.54167	-434619
13.54333	-434619
13.54500	-434619
13.54667	-434619
13.54833	-434618
13.55000	-434618
13.55167	-434618
13.55333	-434618
13.55500	-434620
13.55667	-434623
13.55833	-434627
13.56000	-434631
13.56167	-434634
13.56333	-434638
13.56500	-434642
13.56667	-434646
13.56833	-434650
13.57000	-434653
13.57167	-434656
13.57333	-434658
13.57500	-434659
13.57667	-434661
13.57833	-434663
13.58000	-434664
13.58167	-434666
13.58333	-434669
13.58500	-434671
13.58667	-434674
13.58833	-434676
13.59000	-434679
13.59167	-434682
13.59333	-434685
13.59500	-434688
13.59667	-434691
13.59833	-434693
13.60000	-434696
13.60167	-434699
13.60333	-434702
13.60500	-434705
13.60667	-434708
13.60833	-434712
13.61000	-434716
13.61167	-434720
13.61333	-434724
13.61500	-434729
13.61667	-434734
13.61833	-434739
13.62000	-434745
13.62167	-434750
13.62333	-434756
13.62500	-434763
13.62667	-434770
13.62833	-434776
13.63000	-434782
13.63167	-434788
13.63333	-434794
13.63500	-434801
13.63667	-434806
13.63833	-434811
13.64000	-434816
13.64167	-434821
13.64333	-434826
13.64500	-434830
13.64667	-434833
13.64833	-434836
13.65000	-434840
13.65167	-434843
13.65333	-434846
13.65500	-434849
13.65667	-434852
13.65833	-434855
13.66000	-434859
13.66167	-434862
13.66333	-434866
13.66500	-434870
13.66667	-434875
13.66833	-434879
13.67000	-434884
13.67167	-434888
13.67333	-434892
13.67500	-434897
13.67667	-434902
13.67833	-434907
13.68000	-434911
13.68167	-434916
13.68333	-434921
13.68500	-434926
13.68667	-434930
13.68833	-434935
13.69000	-434939
13.69167	-434944
13.69333	-434948
13.69500	-434952
13.69667	-434957
13.69833	-434961
13.70000	-434965
13.70167	-434970
13.70333	-434974
13.70500	-434977
13.70667	-434980
13.70833	-434983
13.71000	-434986
13.71167	-434989
13.71333	-434992
13.71500	-434996
13.71667	-435000
13.71833	-435004
13.72000	-435008
13.72167	-435011
13.72333	-435015
13.72500	-435019
13.72667	-435022
13.72833	-435025
13.73000	-435028
13.73167	-435030
13.73333	-435032
13.73500	-435034
13.73667	-435037
13.73833	-435039
13.74000	-435042
13.74167	-435045
13.74333	-435049
13.74500	-435052
13.74667	-435055
13.74833	-435057
13.75000	-435060
13.75167	-435063
13.75333	-435066
13.75500	-435068
13.75667	-435071
13.75833	-435074
13.76000	-435076
13.76167	-435078
13.76333	-435081
13.76500	-435083
13.76667	-435085
13.76833	-435088
13.77000	-435090
13.77167	-435092
13.77333	-435094
13.77500	-435095
13.77667	-435098
13.77833	-435100
13.78000	-435103
13.78167	-435107
13.78333	-435111
13.78500	-435115
13.78667	-435119
13.78833	-435123
13.79000	-435128
13.79167	-435133
13.79333	-435137
13.79500	-435141
13.79667	-435145
13.79833	-435148
13.80000	-435151
13.80167	-435153
13.80333	-435155
13.80500	-435157
13.80667	-435159
13.80833	-435161
13.81000	-435162
13.81167	-435164
13.81333	-435166
13.81500	-435168
13.81667	-435170
13.81833	-435172
13.82000	-435175
13.82167	-435177
13.82333	-435180
13.82500	-435183
13.82667	-435186
13.82833	-435188
13.83000	-435189
13.83167	-435190
13.83333	-435190
13.83500	-435190
13.83667	-435191
13.83833	-435191
13.84000	-435190
13.84167	-435190
13.84333	-435190
13.84500	-435190
13.84667	-435190
13.84833	-435191
13.85000	-435192
13.85167	-435194
13.85333	-435195
13.85500	-435196
13.85667	-435197
13.85833	-435199
13.86000	-435200
13.86167	-435200
13.86333	-435201
13.86500	-435201
13.86667	-435201
13.86833	-435201
13.87000	-435200
13.87167	-435199
13.87333	-435198
13.87500	-435196
13.87667	-435195
13.87833	-435193
13.88000	-435191
13.88167	-435190
13.88333	-435188
13.88500	-435187
13.88667	-435186
13.88833	-435185
13.89000	-435185
13.89167	-435185
13.89333	-435185
13.89500	-435185
13.89667	-435185
13.89833	-435185
13.90000	-435185
13.90167	-435185
13.90333	-435185
13.90500	-435185
13.90667	-435185
13.90833	-435185
13.91000	-435185
13.91167	-435185
13.91333	-435185
13.91500	-435184
13.91667	-435184
13.91833	-435184
13.92000	-435183
13.92167	-435182
13.92333	-435181
13.92500	-435180
13.92667	-435179
13.92833	-435179
13.93000	-435178
13.93167	-435177
13.93333	-435176
13.93500	-435175
13.93667	-435174
13.93833	-435174
13.94000	-435173
13.94167	-435172
13.94333	-435171
13.94500	-435170
13.94667	-435170
13.94833	-435170
13.95000	-435171
13.95167	-435171
13.95333	-435172
13.95500	-435172
13.95667	-435171
13.95833	-435171
13.96000	-435170
13.96167	-435169
13.96333	-435167
13.96500	-435165
13.96667	-435163
13.96833	-435161
13.97000	-435159
13.97167	-435158
13.97333	-435157
13.97500	-435156
13.97667	-435156
13.97833	-435155
13.98000	-435155
13.98167	-435154
13.98333	-435154
13.98500	-435153
13.98667	-435153
13.98833	-435152
13.99000	-435150
13.99167	-435149
13.99333	-435148
13.99500	-435146
13.99667	-435144
13.99833	-435142
14.00000	-435140
14.00167	-435138
14.00333	-435136
14.00500	-435134
14.00667	-435133
14.00833	-435131
14.01000	-435130
14.01167	-435128
14.01333	-435126
14.01500	-435125
14.01667	-435123
14.01833	-435121
14.02000	-435118
14.02167	-435116
14.02333	-435113
14.02500	-435110
14.02667	-435107
14.02833	-435104
14.03000	-435101
14.03167	-435098
14.03333	-435094
14.03500	-435091
14.03667	-435087
14.03833	-435084
14.04000	-435080
14.04167	-435076
14.04333	-435072
14.04500	-435069
14.04667	-435067
14.04833	-435064
14.05000	-435062
14.05167	-435061
14.05333	-435060
14.05500	-435059
14.05667	-435058
14.05833	-435058
14.06000	-435058
14.06167	-435057
14.06333	-435056
14.06500	-435055
14.06667	-435053
14.06833	-435052
14.07000	-435051
14.07167	-435050
14.07333	-435050
14.07500	-435050
14.07667	-435051
14.07833	-435052
14.08000	-435052
14.08167	-435052
14.08333	-435052
14.08500	-435052
14.08667	-435051
14.08833	-435050
14.09000	-435047
14.09167	-435044
14.09333	-435041
14.09500	-435038
14.09667	-435036
14.09833	-435035
14.10000	-435033
14.10167	-435032
14.10333	-435031
14.10500	-435031
14.10667	-435032
14.10833	-435033
14.11000	-435034
14.11167	-435036
14.11333	-435038
14.11500	-435040
14.11667	-435042
14.11833	-435045
14.12000	-435046
14.12167	-435047
14.12333	-435047
14.12500	-435046
14.12667	-435046
14.12833	-435045
14.13000	-435045
14.13167	-435045
14.13333	-435045
14.13500	-435045
14.13667	-435046
14.13833	-435046
14.14000	-435046
14.14167	-435046
14.14333	-435046
14.14500	-435045
14.14667	-435044
14.14833	-435043
14.15000	-435041
14.15167	-435040
14.15333	-435039
14.15500	-435040
14.15667	-435042
14.15833	-435044
14.16000	-435047
14.16167	-435049
14.16333	-435051
14.16500	-435053
14.16667	-435055
14.16833	-435056
14.17000	-435056
14.17167	-435055
14.17333	-435053
14.17500	-435051
14.17667	-435048
14.17833	-435046
14.18000	-435043
14.18167	-435041
14.18333	-435038
14.18500	-435035
14.18667	-435033
14.18833	-435030
14.19000	-435027
14.19167	-435024
14.19333	-435020
14.19500	-435015
14.19667	-435010
14.19833	-435003
14.20000	-434995
14.20167	-434987
14.20333	-434978
14.20500	-434969
14.20667	-434959
14.20833	-434948
14.21000	-434936
14.21167	-434923
14.21333	-434909
14.21500	-434893
14.21667	-434874
14.21833	-434854
14.22000	-434834
14.22167	-434812
14.22333	-434787
14.22500	-434758
14.22667	-434727
14.22833	-434698
14.23000	-434667
14.23167	-434633
14.23333	-434594
14.23500	-434554
14.23667	-434513
14.23833	-434470
14.24000	-434422
14.24167	-434366
14.24333	-434307
14.24500	-434249
14.24667	-434186
14.24833	-434115
14.25000	-434033
14.25167	-433948
14.25333	-433863
14.25500	-433773
14.25667	-433673
14.25833	-433558
14.26000	-433439
14.26167	-433321
14.26333	-433196
14.26500	-433057
14.26667	-432898
14.26833	-432733
14.27000	-432570
14.27167	-432398
14.27333	-432206
14.27500	-431986
14.27667	-431761
14.27833	-431538
14.28000	-431305
14.28167	-431046
14.28333	-430750
14.28500	-430446
14.28667	-430147
14.28833	-429833
14.29000	-429485
14.29167	-429086
14.29333	-428677
14.29500	-428274
14.29667	-427853
14.29833	-427386
14.30000	-426851
14.30167	-426303
14.30333	-425766
14.30500	-425205
14.30667	-424584
14.30833	-423874
14.31000	-423149
14.31167	-422438
14.31333	-421699
14.31500	-420882
14.31667	-419948
14.31833	-418996
14.32000	-418064
14.32167	-417098
14.32333	-416030
14.32500	-414811
14.32667	-413568
14.32833	-412355
14.33000	-411096
14.33167	-409706
14.33333	-408120
14.33500	-406505
14.33667	-404930
14.33833	-403300
14.34000	-401503
14.34167	-399454
14.34333	-397370
14.34500	-395341
14.34667	-393246
14.34833	-390939
14.35000	-388310
14.35167	-385640
14.35333	-383048
14.35500	-380375
14.35667	-377437
14.35833	-374092
14.36000	-370704
14.36167	-367426
14.36333	-364060
14.36500	-360372
14.36667	-356179
14.36833	-351947
14.37000	-347878
14.37167	-343726
14.37333	-339196
14.37500	-334060
14.37667	-328901
14.37833	-323977
14.38000	-318991
14.38167	-313581
14.38333	-307469
14.38500	-301361
14.38667	-295580
14.38833	-289776
14.39000	-283519
14.39167	-276478
14.39333	-269482
14.39500	-262921
14.39667	-256397
14.39833	-249416
14.40000	-241594
14.40167	-233885
14.40333	-226750
14.40500	-219756
14.40667	-212355
14.40833	-204121
14.41000	-196081
14.41167	-188750
14.41333	-181682
14.41500	-174299
14.41667	-166153
14.41833	-158266
14.42000	-151158
14.42167	-144393
14.42333	-137401
14.42500	-129737
14.42667	-122363
14.42833	-115777
14.43000	-109568
14.43167	-103203
14.43333	-96263
14.43500	-89622
14.43667	-83739
14.43833	-78245
14.44000	-72658
14.44167	-66597
14.44333	-60832
14.44500	-55771
14.44667	-51096
14.44833	-46384
14.45000	-41303
14.45167	-36500
14.45333	-32319
14.45500	-28496
14.45667	-24676
14.45833	-20583
14.46000	-16735
14.46167	-13416
14.46333	-10412
14.46500	-7440
14.46667	-4275
14.46833	-1320
14.47000	1201
14.47167	3454
14.47333	5655
14.47500	7981
14.47667	10132
14.47833	11943
14.48000	13532
14.48167	15061
14.48333	16656
14.48500	18113
14.48667	19315
14.48833	20343
14.49000	21306
14.49167	22292
14.49333	23174
14.49500	23879
14.49667	24454
14.49833	24967
14.50000	25472
14.50167	25905
14.50333	26226
14.50500	26457
14.50667	26635
14.50833	26785
14.51000	26889
14.51167	26929
14.51333	26911
14.51500	26845
14.51667	26740
14.51833	26606
14.52000	26446
14.52167	26252
14.52333	26015
14.52500	25732
14.52667	25435
14.52833	25138
14.53000	24826
14.53167	24478
14.53333	24078
14.53500	23676
14.53667	23292
14.53833	22905
14.54000	22487
14.54167	22015
14.54333	21549
14.54500	21115
14.54667	20689
14.54833	20237
14.55000	19733
14.55167	19240
14.55333	18787
14.55500	18347
14.55667	17884
14.55833	17371
14.56000	16872
14.56167	16417
14.56333	15978
14.56500	15521
14.56667	15016
14.56833	14528
14.57000	14086
14.57167	13665
14.57333	13228
14.57500	12749
14.57667	12287
14.57833	11872
14.58000	11478
14.58167	11072
14.58333	10627
14.58500	10199
14.58667	9814
14.58833	9449
14.59000	9072
14.59167	8660
14.59333	8263
14.59500	7908
14.59667	7574
14.59833	7230
14.60000	6855
14.60167	6495
14.60333	6176
14.60500	5878
14.60667	5574
14.60833	5244
14.61000	4929
14.61167	4652
14.61333	4394
14.61500	4133
14.61667	3850
14.61833	3581
14.62000	3343
14.62167	3121
14.62333	2896
14.62500	2652
14.62667	2419
14.62833	2211
14.63000	2016
14.63167	1816
14.63333	1598
14.63500	1390
14.63667	1205
14.63833	1034
14.64000	859
14.64167	670
14.64333	491
14.64500	334
14.64667	189
14.64833	43
14.65000	-113
14.65167	-261
14.65333	-391
14.65500	-510
14.65667	-629
14.65833	-758
14.66000	-879
14.66167	-986
14.66333	-1085
14.66500	-1184
14.66667	-1291
14.66833	-1393
14.67000	-1483
14.67167	-1568
14.67333	-1654
14.67500	-1747
14.67667	-1836
14.67833	-1915
14.68000	-1987
14.68167	-2060
14.68333	-2138
14.68500	-2212
14.68667	-2276
14.68833	-2333
14.69000	-2389
14.69167	-2449
14.69333	-2506
14.69500	-2554
14.69667	-2599
14.69833	-2643
14.70000	-2691
14.70167	-2736
14.70333	-2775
14.70500	-2810
14.70667	-2844
14.70833	-2881
14.71000	-2916
14.71167	-2945
14.71333	-2970
14.71500	-2994
14.71667	-3020
14.71833	-3043
14.72000	-3063
14.72167	-3081
14.72333	-3098
14.72500	-3116
14.72667	-3132
14.72833	-3146
14.73000	-3158
14.73167	-3170
14.73333	-3182
14.73500	-3193
14.73667	-3200
14.73833	-3205
14.74000	-3207
14.74167	-3208
14.74333	-3207
14.74500	-3202
14.74667	-3195
14.74833	-3184
14.75000	-3171
14.75167	-3157
14.75333	-3144
14.75500	-3131
14.75667	-3117
14.75833	-3102
14.76000	-3087
14.76167	-3074
14.76333	-3061
14.76500	-3049
14.76667	-3035
14.76833	-3020
14.77000	-3005
14.77167	-2989
14.77333	-2969
14.77500	-2947
14.77667	-2923
14.77833	-2900
14.78000	-2875
14.78167	-2847
14.78333	-2816
14.78500	-2784
14.78667	-2755
14.78833	-2727
14.79000	-2698
14.79167	-2666
14.79333	-2635
14.79500	-2607
14.79667	-2580
14.79833	-2553
14.80000	-2523
14.80167	-2493
14.80333	-2464
14.80500	-2435
14.80667	-2403
14.80833	-2367
14.81000	-2332
14.81167	-2300
14.81333	-2269
14.81500	-2237
14.81667	-2202
14.81833	-2167
14.82000	-2135
14.82167	-2103
14.82333	-2070
14.82500	-2032
14.82667	-1996
14.82833	-1962
14.83000	-1930
14.83167	-1897
14.83333	-1859
14.83500	-1824
14.83667	-1794
14.83833	-1766
14.84000	-1739
14.84167	-1710
14.84333	-1682
14.84500	-1656
14.84667	-1629
14.84833	-1601
14.85000	-1570
14.85167	-1539
14.85333	-1512
14.85500	-1488
14.85667	-1463
14.85833	-1437
14.86000	-1412
14.86167	-1389
14.86333	-1368
14.86500	-1347
14.86667	-1323
14.86833	-1300
14.87000	-1277
14.87167	-1254
14.87333	-1228
14.87500	-1199
14.87667	-1171
14.87833	-1146
14.88000	-1125
14.88167	-1103
14.88333	-1080
14.88500	-1058
14.88667	-1039
14.88833	-1021
14.89000	-1004
14.89167	-984
14.89333	-965
14.89500	-948
14.89667	-930
14.89833	-910
14.90000	-888
14.90167	-866
14.90333	-845
14.90500	-824
14.90667	-802
14.90833	-776
14.91000	-751
14.91167	-728
14.91333	-705
14.91500	-681
14.91667	-654
14.91833	-628
14.92000	-606
14.92167	-586
14.92333	-566
14.92500	-545
14.92667	-525
14.92833	-507
14.93000	-491
14.93167	-475
14.93333	-457
14.93500	-440
14.93667	-423
14.93833	-406
14.94000	-388
14.94167	-367
14.94333	-347
14.94500	-327
14.94667	-307
14.94833	-286
14.95000	-262
14.95167	-239
14.95333	-220
14.95500	-202
14.95667	-184
14.95833	-165
14.96000	-147
14.96167	-131
14.96333	-116
14.96500	-100
14.96667	-83
14.96833	-66
14.97000	-51
14.97167	-37
14.97333	-22
14.97500	-6
14.97667	8
14.97833	20
14.98000	30
14.98167	39
14.98333	47
14.98500	56
14.98667	65
14.98833	74
14.99000	85
14.99167	97
14.99333	110
14.99500	122
14.99667	135
14.99833	148
15.00000	164

[LC Chromatogram(Detector A-Ch2)]
Interval(msec)	100
# of Points	9001
Start Time(min)	0.000
End Time(min)	15.000
Intensity Units	mAU
Intensity Multiplier	0.001
Wavelength(nm)	280nm
R.Time (min)	Intensity
0.00000	-373
0.00167	-373
0.00333	-373
0.00500	-373
0.00667	-373
0.00833	-374
0.01000	-375
0.01167	-376
0.01333	0
0.01500	-2
0.01667	-3
0.01833	-3
0.02000	-3
0.02167	-3
0.02333	0
0.02500	1
0.02667	2
0.02833	3
0.03000	4
0.03167	5
0.03333	7
0.03500	8
0.03667	9
0.03833	11
0.04000	12
0.04167	13
0.04333	13
0.04500	14
0.04667	14
0.04833	14
0.05000	14
0.05167	13
0.05333	12
0.05500	11
0.05667	9
0.05833	8
0.06000	7
0.06167	7
0.06333	6
0.06500	6
0.06667	5
0.06833	4
0.07000	3
0.07167	2
0.07333	1
0.07500	-0
0.07667	-1
0.07833	-2
0.08000	-3
0.08167	-4
0.08333	-4
0.08500	-5
0.08667	-6
0.08833	-7
0.09000	-8
0.09167	-9
0.09333	-10
0.09500	-10
0.09667	-11
0.09833	-12
0.10000	-13
0.10167	-15
0.10333	-16
0.10500	-17
0.10667	-19
0.10833	-20
0.11000	-22
0.11167	-23
0.11333	-25
0.11500	-26
0.11667	-27
0.11833	-28
0.12000	-28
0.12167	-29
0.12333	-29
0.12500	-29
0.12667	-29
0.12833	-29
0.13000	-29
0.13167	-28
0.13333	-27
0.13500	-25
0.13667	-24
0.13833	-22
0.14000	-20
0.14167	-19
0.14333	-18
0.14500	-18
0.14667	-19
0.14833	-19
0.15000	-20
0.15167	-21
0.15333	-22
0.15500	-22
0.15667	-23
0.15833	-24
0.16000	-25
0.16167	-25
0.16333	-25
0.16500	-25
0.16667	-25
0.16833	-26
0.17000	-26
0.17167	-27
0.17333	-28
0.17500	-29
0.17667	-30
0.17833	-31
0.18000	-32
0.18167	-33
0.18333	-35
0.18500	-36
0.18667	-37
0.18833	-38
0.19000	-40
0.19167	-41
0.19333	-42
0.19500	-42
0.19667	-43
0.19833	-43
0.20000	-43
0.20167	-43
0.20333	-43
0.20500	-42
0.20667	-41
0.20833	-40
0.21000	-40
0.21167	-39
0.21333	-39
0.21500	-39
0.21667	-38
0.21833	-38
0.22000	-38
0.22167	-38
0.22333	-37
0.22500	-37
0.22667	-37
0.22833	-36
0.23000	-35
0.23167	-34
0.23333	-32
0.23500	-29
0.23667	-25
0.23833	-20
0.24000	-16
0.24167	-13
0.24333	-12
0.24500	-12
0.24667	-12
0.24833	5
0.25000	56
0.25167	145
0.25333	273
0.25500	438
0.25667	622
0.25833	819
0.26000	1039
0.26167	1294
0.26333	1593
0.26500	1877
0.26667	2111
0.26833	2307
0.27000	2486
0.27167	2665
0.27333	2827
0.27500	2966
0.27667	3092
0.27833	3218
0.28000	3352
0.28167	3493
0.28333	3646
0.28500	3821
0.28667	4027
0.28833	4272
0.29000	4513
0.29167	4730
0.29333	4932
0.29500	5137
0.29667	5358
0.29833	5554
0.30000	5699
0.30167	5800
0.30333	5872
0.30500	5928
0.30667	5967
0.30833	5985
0.31000	5985
0.31167	5972
0.31333	5949
0.31500	5919
0.31667	5885
0.31833	5846
0.32000	5801
0.32167	5747
0.32333	5691
0.32500	5635
0.32667	5576
0.32833	5509
0.33000	5432
0.33167	5355
0.33333	5283
0.33500	5212
0.33667	5137
0.33833	5053
0.34000	4981
0.34167	4935
0.34333	4912
0.34500	4906
0.34667	4913
0.34833	4922
0.35000	4926
0.35167	4925
0.35333	4917
0.35500	4905
0.35667	4870
0.35833	4798
0.36000	4684
0.36167	4525
0.36333	4323
0.36500	4114
0.36667	3918
0.36833	3727
0.37000	3526
0.37167	3303
0.37333	3091
0.37500	2909
0.37667	2746
0.37833	2587
0.38000	2419
0.38167	2260
0.38333	2119
0.38500	1985
0.38667	1848
0.38833	1699
0.39000	1560
0.39167	1448
0.39333	1355
0.39500	1271
0.39667	1188
0.39833	1114
0.40000	1055
0.40167	1006
0.40333	962
0.40500	918
0.40667	876
0.40833	838
0.41000	801
0.41167	762
0.41333	718
0.41500	677
0.41667	641
0.41833	609
0.42000	578
0.42167	546
0.42333	517
0.42500	492
0.42667	472
0.42833	453
0.43000	433
0.43167	415
0.43333	400
0.43500	386
0.43667	372
0.43833	357
0.44000	343
0.44167	331
0.44333	320
0.44500	309
0.44667	298
0.44833	289
0.45000	283
0.45167	280
0.45333	278
0.45500	279
0.45667	280
0.45833	281
0.46000	283
0.46167	284
0.46333	285
0.46500	285
0.46667	282
0.46833	278
0.47000	270
0.47167	260
0.47333	250
0.47500	240
0.47667	231
0.47833	220
0.48000	209
0.48167	198
0.48333	189
0.48500	181
0.48667	174
0.48833	167
0.49000	160
0.49167	155
0.49333	152
0.49500	150
0.49667	148
0.49833	147
0.50000	146
0.50167	145
0.50333	145
0.50500	145
0.50667	145
0.50833	144
0.51000	143
0.51167	141
0.51333	139
0.51500	136
0.51667	134
0.51833	132
0.52000	131
0.52167	129
0.52333	127
0.52500	125
0.52667	122
0.52833	119
0.53000	116
0.53167	112
0.53333	109
0.53500	106
0.53667	102
0.53833	98
0.54000	94
0.54167	91
0.54333	88
0.54500	86
0.54667	84
0.54833	82
0.55000	80
0.55167	77
0.55333	75
0.55500	72
0.55667	69
0.55833	67
0.56000	64
0.56167	61
0.56333	58
0.56500	55
0.56667	52
0.56833	49
0.57000	47
0.57167	44
0.57333	41
0.57500	39
0.57667	37
0.57833	35
0.58000	33
0.58167	31
0.58333	29
0.58500	28
0.58667	28
0.58833	29
0.59000	29
0.59167	29
0.59333	29
0.59500	29
0.59667	29
0.59833	29
0.60000	28
0.60167	27
0.60333	25
0.60500	23
0.60667	21
0.60833	18
0.61000	16
0.61167	14
0.61333	12
0.61500	9
0.61667	7
0.61833	5
0.62000	2
0.62167	-1
0.62333	-4
0.62500	-6
0.62667	-8
0.62833	-9
0.63000	-10
0.63167	-11
0.63333	-12
0.63500	-13
0.63667	-13
0.63833	-14
0.64000	-15
0.64167	-17
0.64333	-18
0.64500	-20
0.64667	-23
0.64833	-25
0.65000	-27
0.65167	-28
0.65333	-30
0.65500	-31
0.65667	-31
0.65833	-31
0.66000	-30
0.66167	-29
0.66333	-26
0.66500	-24
0.66667	-22
0.66833	-20
0.67000	-18
0.67167	-16
0.67333	-15
0.67500	-14
0.67667	-14
0.67833	-15
0.68000	-17
0.68167	-19
0.68333	-20
0.68500	-21
0.68667	-23
0.68833	-24
0.69000	-24
0.69167	-25
0.69333	-26
0.69500	-26
0.69667	-27
0.69833	-28
0.70000	-29
0.70167	-31
0.70333	-33
0.70500	-36
0.70667	-38
0.70833	-41
0.71000	-43
0.71167	-44
0.71333	-46
0.71500	-48
0.71667	-49
0.71833	-50
0.72000	-51
0.72167	-52
0.72333	-52
0.72500	-53
0.72667	-53
0.72833	-53
0.73000	-54
0.73167	-54
0.73333	-55
0.73500	-55
0.73667	-56
0.73833	-58
0.74000	-59
0.74167	-60
0.74333	-60
0.74500	-61
0.74667	-61
0.74833	-61
0.75000	-60
0.75167	-60
0.75333	-59
0.75500	-58
0.75667	-57
0.75833	-56
0.76000	-57
0.76167	-58
0.76333	-59
0.76500	-61
0.76667	-63
0.76833	-66
0.77000	-68
0.77167	-71
0.77333	-74
0.77500	-76
0.77667	-77
0.77833	-78
0.78000	-78
0.78167	-78
0.78333	-78
0.78500	-77
0.78667	-75
0.78833	-74
0.79000	-72
0.79167	-71
0.79333	-70
0.79500	-70
0.79667	-69
0.79833	-69
0.80000	-69
0.80167	-69
0.80333	-69
0.80500	-70
0.80667	-70
0.80833	-71
0.81000	-71
0.81167	-71
0.81333	-72
0.81500	-72
0.81667	-71
0.81833	-71
0.82000	-70
0.82167	-69
0.82333	-68
0.82500	-67
0.82667	-66
0.82833	-66
0.83000	-66
0.83167	-67
0.83333	-67
0.83500	-67
0.83667	-67
0.83833	-68
0.84000	-68
0.84167	-67
0.84333	-67
0.84500	-66
0.84667	-64
0.84833	-63
0.85000	-62
0.85167	-62
0.85333	-62
0.85500	-62
0.85667	-62
0.85833	-63
0.86000	-63
0.86167	-64
0.86333	-64
0.86500	-65
0.86667	-65
0.86833	-65
0.87000	-65
0.87167	-65
0.87333	-65
0.87500	-65
0.87667	-66
0.87833	-66
0.88000	-68
0.88167	-69
0.88333	-70
0.88500	-70
0.88667	-71
0.88833	-71
0.89000	-71
0.89167	-71
0.89333	-71
0.89500	-71
0.89667	-71
0.89833	-71
0.90000	-70
0.90167	-70
0.90333	-70
0.90500	-71
0.90667	-71
0.90833	-71
0.91000	-71
0.91167	-72
0.91333	-72
0.91500	-71
0.91667	-71
0.91833	-71
0.92000	-71
0.92167	-71
0.92333	-71
0.92500	-71
0.92667	-71
0.92833	-71
0.93000	-72
0.93167	-72
0.93333	-72
0.93500	-72
0.93667	-73
0.93833	-73
0.94000	-73
0.94167	-74
0.94333	-74
0.94500	-74
0.94667	-74
0.94833	-74
0.95000	-73
0.95167	-73
0.95333	-73
0.95500	-72
0.95667	-72
0.95833	-72
0.96000	-72
0.96167	-72
0.96333	-72
0.96500	-72
0.96667	-72
0.96833	-72
0.97000	-71
0.97167	-70
0.97333	-69
0.97500	-69
0.97667	-68
0.97833	-68
0.98000	-68
0.98167	-68
0.98333	-68
0.98500	-69
0.98667	-70
0.98833	-72
0.99000	-74
0.99167	-75
0.99333	-76
0.99500	-77
0.99667	-78
0.99833	-79
1.00000	-79
1.00167	-80
1.00333	-80
1.00500	-79
1.00667	-79
1.00833	-78
1.01000	-78
1.01167	-77
1.01333	-76
1.01500	-75
1.01667	-74
1.01833	-74
1.02000	-74
1.02167	-74
1.02333	-74
1.02500	-75
1.02667	-76
1.02833	-77
1.03000	-78
1.03167	-80
1.03333	-81
1.03500	-81
1.03667	-82
1.03833	-82
1.04000	-82
1.04167	-82
1.04333	-82
1.04500	-82
1.04667	-82
1.04833	-83
1.05000	-83
1.05167	-83
1.05333	-83
1.05500	-84
1.05667	-84
1.05833	-84
1.06000	-85
1.06167	-85
1.06333	-85
1.06500	-85
1.06667	-85
1.06833	-86
1.07000	-86
1.07167	-88
1.07333	-89
1.07500	-90
1.07667	-90
1.07833	-90
1.08000	-90
1.08167	-90
1.08333	-89
1.08500	-88
1.08667	-87
1.08833	-85
1.09000	-84
1.09167	-82
1.09333	-81
1.09500	-81
1.09667	-80
1.09833	-79
1.10000	-79
1.10167	-79
1.10333	-79
1.10500	-79
1.10667	-79
1.10833	-79
1.11000	-79
1.11167	-79
1.11333	-78
1.11500	-77
1.11667	-77
1.11833	-77
1.12000	-78
1.12167	-78
1.12333	-80
1.12500	-81
1.12667	-82
1.12833	-84
1.13000	-86
1.13167	-88
1.13333	-89
1.13500	-89
1.13667	-89
1.13833	-88
1.14000	-88
1.14167	-87
1.14333	-87
1.14500	-87
1.14667	-87
1.14833	-87
1.15000	-87
1.15167	-88
1.15333	-88
1.15500	-88
1.15667	-89
1.15833	-90
1.16000	-90
1.16167	-91
1.16333	-92
1.16500	-93
1.16667	-94
1.16833	-95
1.17000	-97
1.17167	-98
1.17333	-100
1.17500	-101
1.17667	-102
1.17833	-102
1.18000	-102
1.18167	-102
1.18333	-102
1.18500	-102
1.18667	-102
1.18833	-102
1.19000	-102
1.19167	-102
1.19333	-101
1.19500	-101
1.19667	-99
1.19833	-98
1.20000	-97
1.20167	-97
1.20333	-97
1.20500	-97
1.20667	-97
1.20833	-97
1.21000	-97
1.21167	-97
1.21333	-97
1.21500	-96
1.21667	-95
1.21833	-94
1.22000	-93
1.22167	-91
1.22333	-90
1.22500	-89
1.22667	-89
1.22833	-89
1.23000	-89
1.23167	-90
1.23333	-91
1.23500	-91
1.23667	-91
1.23833	-90
1.24000	-90
1.24167	-89
1.24333	-89
1.24500	-89
1.24667	-90
1.24833	-91
1.25000	-92
1.25167	-93
1.25333	-96
1.25500	-98
1.25667	-100
1.25833	-102
1.26000	-103
1.26167	-104
1.26333	-105
1.26500	-105
1.26667	-105
1.26833	-104
1.27000	-103
1.27167	-101
1.27333	-99
1.27500	-98
1.27667	-97
1.27833	-97
1.28000	-96
1.28167	-96
1.28333	-96
1.28500	-97
1.28667	-98
1.28833	-99
1.29000	-100
1.29167	-100
1.29333	-100
1.29500	-100
1.29667	-100
1.29833	-99
1.30000	-98
1.30167	-98
1.30333	-97
1.30500	-97
1.30667	-96
1.30833	-96
1.31000	-96
1.31167	-97
1.31333	-97
1.31500	-98
1.31667	-99
1.31833	-99
1.32000	-99
1.32167	-99
1.32333	-99
1.32500	-99
1.32667	-99
1.32833	-99
1.33000	-99
1.33167	-99
1.33333	-99
1.33500	-98
1.33667	-97
1.33833	-97
1.34000	-96
1.34167	-95
1.34333	-95
1.34500	-95
1.34667	-96
1.34833	-97
1.35000	-98
1.35167	-99
1.35333	-100
1.35500	-102
1.35667	-103
1.35833	-104
1.36000	-104
1.36167	-103
1.36333	-102
1.36500	-101
1.36667	-99
1.36833	-98
1.37000	-97
1.37167	-96
1.37333	-96
1.37500	-96
1.37667	-96
1.37833	-97
1.38000	-98
1.38167	-100
1.38333	-101
1.38500	-103
1.38667	-104
1.38833	-106
1.39000	-108
1.39167	-109
1.39333	-110
1.39500	-111
1.39667	-111
1.39833	-111
1.40000	-111
1.40167	-111
1.40333	-111
1.40500	-111
1.40667	-111
1.40833	-111
1.41000	-111
1.41167	-112
1.41333	-113
1.41500	-113
1.41667	-114
1.41833	-114
1.42000	-114
1.42167	-115
1.42333	-115
1.42500	-115
1.42667	-116
1.42833	-116
1.43000	-116
1.43167	-116
1.43333	-116
1.43500	-115
1.43667	-113
1.43833	-112
1.44000	-110
1.44167	-108
1.44333	-107
1.44500	-106
1.44667	-104
1.44833	-103
1.45000	-103
1.45167	-102
1.45333	-103
1.45500	-103
1.45667	-104
1.45833	-104
1.46000	-104
1.46167	-105
1.46333	-105
1.46500	-105
1.46667	-106
1.46833	-106
1.47000	-107
1.47167	-108
1.47333	-108
1.47500	-109
1.47667	-110
1.47833	-110
1.48000	-111
1.48167	-112
1.48333	-112
1.48500	-113
1.48667	-114
1.48833	-114
1.49000	-115
1.49167	-115
1.49333	-115
1.49500	-115
1.49667	-115
1.49833	-115
1.50000	-115
1.50167	-114
1.50333	-114
1.50500	-114
1.50667	-114
1.50833	-113
1.51000	-113
1.51167	-113
1.51333	-113
1.51500	-113
1.51667	-114
1.51833	-114
1.52000	-114
1.52167	-114
1.52333	-114
1.52500	-114
1.52667	-114
1.52833	-115
1.53000	-115
1.53167	-115
1.53333	-115
1.53500	-115
1.53667	-115
1.53833	-115
1.54000	-114
1.54167	-114
1.54333	-114
1.54500	-114
1.54667	-114
1.54833	-114
1.55000	-114
1.55167	-114
1.55333	-114
1.55500	-115
1.55667	-115
1.55833	-115
1.56000	-115
1.56167	-116
1.56333	-116
1.56500	-116
1.56667	-117
1.56833	-118
1.57000	-119
1.57167	-121
1.57333	-123
1.57500	-124
1.57667	-125
1.57833	-125
1.58000	-126
1.58167	-126
1.58333	-125
1.58500	-125
1.58667	-124
1.58833	-123
1.59000	-122
1.59167	-121
1.59333	-120
1.59500	-120
1.59667	-120
1.59833	-120
1.60000	-121
1.60167	-121
1.60333	-122
1.60500	-122
1.60667	-123
1.60833	-123
1.61000	-124
1.61167	-124
1.61333	-125
1.61500	-125
1.61667	-126
1.61833	-126
1.62000	-126
1.62167	-127
1.62333	-127
1.62500	-127
1.62667	-128
1.62833	-128
1.63000	-128
1.63167	-129
1.63333	-129
1.63500	-130
1.63667	-131
1.63833	-131
1.64000	-132
1.64167	-133
1.64333	-133
1.64500	-134
1.64667	-134
1.64833	-135
1.65000	-135
1.65167	-136
1.65333	-136
1.65500	-136
1.65667	-136
1.65833	-136
1.66000	-136
1.66167	-136
1.66333	-136
1.66500	-137
1.66667	-137
1.66833	-138
1.67000	-138
1.67167	-139
1.67333	-141
1.67500	-142
1.67667	-144
1.67833	-146
1.68000	-149
1.68167	-151
1.68333	-153
1.68500	-155
1.68667	-156
1.68833	-157
1.69000	-157
1.69167	-158
1.69333	-158
1.69500	-158
1.69667	-157
1.69833	-156
1.70000	-156
1.70167	-155
1.70333	-155
1.70500	-155
1.70667	-155
1.70833	-155
1.71000	-155
1.71167	-156
1.71333	-156
1.71500	-157
1.71667	-158
1.71833	-158
1.72000	-159
1.72167	-159
1.72333	-159
1.72500	-158
1.72667	-158
1.72833	-157
1.73000	-156
1.73167	-155
1.73333	-155
1.73500	-156
1.73667	-157
1.73833	-159
1.74000	-160
1.74167	-162
1.74333	-164
1.74500	-165
1.74667	-167
1.74833	-168
1.75000	-168
1.75167	-169
1.75333	-168
1.75500	-168
1.75667	-167
1.75833	-166
1.76000	-166
1.76167	-165
1.76333	-165
1.76500	-164
1.76667	-164
1.76833	-164
1.77000	-163
1.77167	-163
1.77333	-163
1.77500	-163
1.77667	-163
1.77833	-164
1.78000	-164
1.78167	-164
1.78333	-165
1.78500	-166
1.78667	-167
1.78833	-167
1.79000	-168
1.79167	-169
1.79333	-169
1.79500	-170
1.79667	-170
1.79833	-170
1.80000	-171
1.80167	-171
1.80333	-172
1.80500	-173
1.80667	-174
1.80833	-175
1.81000	-175
1.81167	-175
1.81333	-174
1.81500	-173
1.81667	-172
1.81833	-171
1.82000	-170
1.82167	-169
1.82333	-168
1.82500	-168
1.82667	-169
1.82833	-170
1.83000	-171
1.83167	-173
1.83333	-175
1.83500	-177
1.83667	-179
1.83833	-181
1.84000	-183
1.84167	-185
1.84333	-187
1.84500	-188
1.84667	-189
1.84833	-190
1.85000	-191
1.85167	-191
1.85333	-190
1.85500	-189
1.85667	-187
1.85833	-186
1.86000	-184
1.86167	-182
1.86333	-181
1.86500	-179
1.86667	-178
1.86833	-177
1.87000	-177
1.87167	-178
1.87333	-178
1.87500	-179
1.87667	-180
1.87833	-181
1.88000	-182
1.88167	-183
1.88333	-184
1.88500	-185
1.88667	-185
1.88833	-185
1.89000	-184
1.89167	-184
1.89333	-184
1.89500	-184
1.89667	-184
1.89833	-184
1.90000	-185
1.90167	-186
1.90333	-187
1.90500	-189
1.90667	-190
1.90833	-191
1.91000	-192
1.91167	-193
1.91333	-194
1.91500	-194
1.91667	-195
1.91833	-195
1.92000	-194
1.92167	-194
1.92333	-193
1.92500	-193
1.92667	-192
1.92833	-191
1.93000	-190
1.93167	-189
1.93333	-189
1.93500	-189
1.93667	-189
1.93833	-189
1.94000	-190
1.94167	-191
1.94333	-191
1.94500	-191
1.94667	-191
1.94833	-192
1.95000	-192
1.95167	-192
1.95333	-192
1.95500	-191
1.95667	-191
1.95833	-190
1.96000	-189
1.96167	-188
1.96333	-186
1.96500	-185
1.96667	-184
1.96833	-184
1.97000	-184
1.97167	-184
1.97333	-185
1.97500	-186
1.97667	-187
1.97833	-188
1.98000	-189
1.98167	-190
1.98333	-190
1.98500	-191
1.98667	-191
1.98833	-190
1.99000	-190
1.99167	-190
1.99333	-190
1.99500	-191
1.99667	-192
1.99833	-193
2.00000	-194
2.00167	-194
2.00333	-195
2.00500	-195
2.00667	-194
2.00833	-194
2.01000	-194
2.01167	-193
2.01333	-192
2.01500	-191
2.01667	-191
2.01833	-190
2.02000	-190
2.02167	-190
2.02333	-189
2.02500	-189
2.02667	-189
2.02833	-189
2.03000	-189
2.03167	-189
2.03333	-189
2.03500	-189
2.03667	-190
2.03833	-191
2.04000	-191
2.04167	-192
2.04333	-192
2.04500	-192
2.04667	-192
2.04833	-191
2.05000	-191
2.05167	-191
2.05333	-191
2.05500	-191
2.05667	-191
2.05833	-191
2.06000	-192
2.06167	-192
2.06333	-192
2.06500	-192
2.06667	-191
2.06833	-190
2.07000	-188
2.07167	-186
2.07333	-184
2.07500	-182
2.07667	-181
2.07833	-180
2.08000	-179
2.08167	-178
2.08333	-178
2.08500	-178
2.08667	-178
2.08833	-179
2.09000	-180
2.09167	-181
2.09333	-182
2.09500	-182
2.09667	-182
2.09833	-182
2.10000	-182
2.10167	-181
2.10333	-180
2.10500	-178
2.10667	-176
2.10833	-174
2.11000	-173
2.11167	-171
2.11333	-170
2.11500	-169
2.11667	-169
2.11833	-168
2.12000	-168
2.12167	-167
2.12333	-167
2.12500	-166
2.12667	-166
2.12833	-165
2.13000	-165
2.13167	-164
2.13333	-164
2.13500	-163
2.13667	-163
2.13833	-163
2.14000	-163
2.14167	-163
2.14333	-163
2.14500	-163
2.14667	-163
2.14833	-163
2.15000	-164
2.15167	-165
2.15333	-167
2.15500	-169
2.15667	-171
2.15833	-173
2.16000	-175
2.16167	-177
2.16333	-179
2.16500	-181
2.16667	-183
2.16833	-184
2.17000	-185
2.17167	-186
2.17333	-187
2.17500	-187
2.17667	-188
2.17833	-188
2.18000	-189
2.18167	-189
2.18333	-189
2.18500	-189
2.18667	-189
2.18833	-188
2.19000	-188
2.19167	-188
2.19333	-187
2.19500	-187
2.19667	-187
2.19833	-187
2.20000	-187
2.20167	-188
2.20333	-188
2.20500	-189
2.20667	-190
2.20833	-190
2.21000	-191
2.21167	-191
2.21333	-191
2.21500	-191
2.21667	-191
2.21833	-191
2.22000	-191
2.22167	-191
2.22333	-191
2.22500	-190
2.22667	-190
2.22833	-190
2.23000	-190
2.23167	-191
2.23333	-191
2.23500	-191
2.23667	-191
2.23833	-191
2.24000	-192
2.24167	-192
2.24333	-191
2.24500	-191
2.24667	-190
2.24833	-189
2.25000	-188
2.25167	-187
2.25333	-186
2.25500	-185
2.25667	-184
2.25833	-184
2.26000	-184
2.26167	-183
2.26333	-183
2.26500	-183
2.26667	-182
2.26833	-182
2.27000	-181
2.27167	-180
2.27333	-180
2.27500	-179
2.27667	-180
2.27833	-180
2.28000	-181
2.28167	-181
2.28333	-182
2.28500	-182
2.28667	-183
2.28833	-183
2.29000	-183
2.29167	-183
2.29333	-183
2.29500	-183
2.29667	-183
2.29833	-183
2.30000	-184
2.30167	-185
2.30333	-186
2.30500	-187
2.30667	-189
2.30833	-189
2.31000	-189
2.31167	-189
2.31333	-188
2.31500	-187
2.31667	-186
2.31833	-185
2.32000	-185
2.32167	-184
2.32333	-183
2.32500	-184
2.32667	-184
2.32833	-185
2.33000	-187
2.33167	-189
2.33333	-190
2.33500	-191
2.33667	-191
2.33833	-191
2.34000	-191
2.34167	-190
2.34333	-189
2.34500	-188
2.34667	-187
2.34833	-186
2.35000	-185
2.35167	-184
2.35333	-183
2.35500	-182
2.35667	-181
2.35833	-180
2.36000	-179
2.36167	-178
2.36333	-177
2.36500	-175
2.36667	-175
2.36833	-174
2.37000	-174
2.37167	-174
2.37333	-175
2.37500	-175
2.37667	-176
2.37833	-177
2.38000	-178
2.38167	-179
2.38333	-179
2.38500	-179
2.38667	-179
2.38833	-178
2.39000	-177
2.39167	-177
2.39333	-177
2.39500	-178
2.39667	-179
2.39833	-180
2.40000	-181
2.40167	-181
2.40333	-181
2.40500	-181
2.40667	-181
2.40833	-180
2.41000	-180
2.41167	-179
2.41333	-178
2.41500	-177
2.41667	-176
2.41833	-176
2.42000	-176
2.42167	-176
2.42333	-176
2.42500	-177
2.42667	-177
2.42833	-178
2.43000	-178
2.43167	-179
2.43333	-179
2.43500	-180
2.43667	-181
2.43833	-182
2.44000	-183
2.44167	-184
2.44333	-184
2.44500	-183
2.44667	-182
2.44833	-180
2.45000	-179
2.45167	-178
2.45333	-177
2.45500	-176
2.45667	-175
2.45833	-175
2.46000	-174
2.46167	-174
2.46333	-174
2.46500	-174
2.46667	-174
2.46833	-173
2.47000	-173
2.47167	-172
2.47333	-172
2.47500	-172
2.47667	-171
2.47833	-172
2.48000	-172
2.48167	-173
2.48333	-173
2.48500	-174
2.48667	-175
2.48833	-176
2.49000	-176
2.49167	-177
2.49333	-177
2.49500	-176
2.49667	-176
2.49833	-175
2.50000	-175
2.50167	-175
2.50333	-175
2.50500	-175
2.50667	-175
2.50833	-175
2.51000	-175
2.51167	-174
2.51333	-173
2.51500	-172
2.51667	-171
2.51833	-170
2.52000	-169
2.52167	-169
2.52333	-168
2.52500	-167
2.52667	-166
2.52833	-165
2.53000	-164
2.53167	-162
2.53333	-161
2.53500	-160
2.53667	-158
2.53833	-157
2.54000	-155
2.54167	-153
2.54333	-152
2.54500	-151
2.54667	-149
2.54833	-148
2.55000	-146
2.55167	-144
2.55333	-142
2.55500	-139
2.55667	-137
2.55833	-135
2.56000	-134
2.56167	-133
2.56333	-132
2.56500	-131
2.56667	-130
2.56833	-129
2.57000	-128
2.57167	-127
2.57333	-125
2.57500	-125
2.57667	-125
2.57833	-125
2.58000	-126
2.58167	-126
2.58333	-127
2.58500	-127
2.58667	-127
2.58833	-126
2.59000	-125
2.59167	-124
2.59333	-123
2.59500	-121
2.59667	-119
2.59833	-116
2.60000	-114
2.60167	-111
2.60333	-109
2.60500	-105
2.60667	-101
2.60833	-98
2.61000	-94
2.61167	-90
2.61333	-85
2.61500	-81
2.61667	-79
2.61833	-78
2.62000	-78
2.62167	-79
2.62333	-80
2.62500	-81
2.62667	-82
2.62833	-83
2.63000	-84
2.63167	-86
2.63333	-87
2.63500	-89
2.63667	-92
2.63833	-95
2.64000	-97
2.64167	-100
2.64333	-103
2.64500	-106
2.64667	-109
2.64833	-112
2.65000	-113
2.65167	-114
2.65333	-115
2.65500	-114
2.65667	-114
2.65833	-113
2.66000	-113
2.66167	-113
2.66333	-114
2.66500	-114
2.66667	-115
2.66833	-117
2.67000	-118
2.67167	-120
2.67333	-122
2.67500	-124
2.67667	-125
2.67833	-125
2.68000	-126
2.68167	-126
2.68333	-126
2.68500	-125
2.68667	-125
2.68833	-123
2.69000	-123
2.69167	-122
2.69333	-122
2.69500	-122
2.69667	-122
2.69833	-122
2.70000	-122
2.70167	-122
2.70333	-122
2.70500	-122
2.70667	-122
2.70833	-122
2.71000	-122
2.71167	-122
2.71333	-122
2.71500	-122
2.71667	-122
2.71833	-123
2.72000	-123
2.72167	-124
2.72333	-125
2.72500	-126
2.72667	-126
2.72833	-127
2.73000	-128
2.73167	-129
2.73333	-130
2.73500	-131
2.73667	-131
2.73833	-131
2.74000	-131
2.74167	-131
2.74333	-131
2.74500	-130
2.74667	-128
2.74833	-127
2.75000	-125
2.75167	-124
2.75333	-123
2.75500	-122
2.75667	-121
2.75833	-121
2.76000	-121
2.76167	-122
2.76333	-124
2.76500	-125
2.76667	-126
2.76833	-127
2.77000	-128
2.77167	-129
2.77333	-130
2.77500	-131
2.77667	-131
2.77833	-132
2.78000	-133
2.78167	-134
2.78333	-134
2.78500	-133
2.78667	-132
2.78833	-131
2.79000	-129
2.79167	-128
2.79333	-126
2.79500	-125
2.79667	-123
2.79833	-122
2.80000	-121
2.80167	-121
2.80333	-122
2.80500	-123
2.80667	-124
2.80833	-125
2.81000	-125
2.81167	-125
2.81333	-125
2.81500	-124
2.81667	-123
2.81833	-123
2.82000	-123
2.82167	-123
2.82333	-123
2.82500	-124
2.82667	-125
2.82833	-126
2.83000	-127
2.83167	-128
2.83333	-129
2.83500	-129
2.83667	-128
2.83833	-127
2.84000	-126
2.84167	-125
2.84333	-124
2.84500	-124
2.84667	-124
2.84833	-125
2.85000	-125
2.85167	-126
2.85333	-126
2.85500	-127
2.85667	-127
2.85833	-128
2.86000	-128
2.86167	-127
2.86333	-127
2.86500	-126
2.86667	-126
2.86833	-125
2.87000	-125
2.87167	-125
2.87333	-124
2.87500	-124
2.87667	-124
2.87833	-123
2.88000	-123
2.88167	-123
2.88333	-122
2.88500	-122
2.88667	-121
2.88833	-120
2.89000	-120
2.89167	-119
2.89333	-119
2.89500	-119
2.89667	-119
2.89833	-120
2.90000	-120
2.90167	-121
2.90333	-122
2.90500	-123
2.90667	-125
2.90833	-125
2.91000	-126
2.91167	-126
2.91333	-126
2.91500	-126
2.91667	-125
2.91833	-125
2.92000	-124
2.92167	-124
2.92333	-123
2.92500	-122
2.92667	-121
2.92833	-120
2.93000	-119
2.93167	-117
2.93333	-116
2.93500	-115
2.93667	-114
2.93833	-113
2.94000	-112
2.94167	-111
2.94333	-111
2.94500	-112
2.94667	-113
2.94833	-114
2.95000	-115
2.95167	-116
2.95333	-118
2.95500	-120
2.95667	-121
2.95833	-122
2.96000	-122
2.96167	-121
2.96333	-119
2.96500	-117
2.96667	-115
2.96833	-114
2.97000	-113
2.97167	-112
2.97333	-111
2.97500	-110
2.97667	-110
2.97833	-110
2.98000	-110
2.98167	-110
2.98333	-110
2.98500	-109
2.98667	-107
2.98833	-104
2.99000	-102
2.99167	-100
2.99333	-99
2.99500	-97
2.99667	-96
2.99833	-95
3.00000	-93
3.00167	-90
3.00333	-87
3.00500	-84
3.00667	-79
3.00833	-72
3.01000	-64
3.01167	-54
3.01333	-41
3.01500	-29
3.01667	-18
3.01833	-8
3.02000	2
3.02167	12
3.02333	20
3.02500	25
3.02667	26
3.02833	24
3.03000	19
3.03167	13
3.03333	6
3.03500	-2
3.03667	-13
3.03833	-25
3.04000	-37
3.04167	-47
3.04333	-56
3.04500	-64
3.04667	-72
3.04833	-79
3.05000	-84
3.05167	-88
3.05333	-91
3.05500	-93
3.05667	-94
3.05833	-95
3.06000	-96
3.06167	-96
3.06333	-96
3.06500	-96
3.06667	-96
3.06833	-95
3.07000	-96
3.07167	-96
3.07333	-96
3.07500	-96
3.07667	-96
3.07833	-96
3.08000	-96
3.08167	-95
3.08333	-95
3.08500	-95
3.08667	-95
3.08833	-96
3.09000	-96
3.09167	-97
3.09333	-99
3.09500	-100
3.09667	-102
3.09833	-104
3.10000	-105
3.10167	-106
3.10333	-106
3.10500	-105
3.10667	-105
3.10833	-103
3.11000	-102
3.11167	-100
3.11333	-98
3.11500	-96
3.11667	-95
3.11833	-94
3.12000	-94
3.12167	-93
3.12333	-93
3.12500	-93
3.12667	-93
3.12833	-93
3.13000	-94
3.13167	-94
3.13333	-94
3.13500	-94
3.13667	-94
3.13833	-93
3.14000	-93
3.14167	-93
3.14333	-93
3.14500	-92
3.14667	-92
3.14833	-93
3.15000	-93
3.15167	-94
3.15333	-95
3.15500	-96
3.15667	-97
3.15833	-97
3.16000	-98
3.16167	-98
3.16333	-98
3.16500	-98
3.16667	-98
3.16833	-97
3.17000	-97
3.17167	-95
3.17333	-94
3.17500	-93
3.17667	-91
3.17833	-90
3.18000	-88
3.18167	-86
3.18333	-85
3.18500	-84
3.18667	-83
3.18833	-83
3.19000	-82
3.19167	-82
3.19333	-82
3.19500	-83
3.19667	-84
3.19833	-85
3.20000	-86
3.20167	-86
3.20333	-87
3.20500	-88
3.20667	-89
3.20833	-89
3.21000	-89
3.21167	-89
3.21333	-89
3.21500	-88
3.21667	-88
3.21833	-87
3.22000	-86
3.22167	-85
3.22333	-84
3.22500	-83
3.22667	-82
3.22833	-82
3.23000	-81
3.23167	-81
3.23333	-80
3.23500	-80
3.23667	-80
3.23833	-81
3.24000	-81
3.24167	-82
3.24333	-82
3.24500	-82
3.24667	-82
3.24833	-82
3.25000	-82
3.25167	-81
3.25333	-80
3.25500	-79
3.25667	-77
3.25833	-76
3.26000	-75
3.26167	-73
3.26333	-72
3.26500	-71
3.26667	-69
3.26833	-68
3.27000	-67
3.27167	-66
3.27333	-65
3.27500	-65
3.27667	-64
3.27833	-64
3.28000	-65
3.28167	-65
3.28333	-65
3.28500	-65
3.28667	-65
3.28833	-65
3.29000	-65
3.29167	-65
3.29333	-65
3.29500	-65
3.29667	-65
3.29833	-65
3.30000	-66
3.30167	-66
3.30333	-67
3.30500	-67
3.30667	-68
3.30833	-68
3.31000	-67
3.31167	-66
3.31333	-64
3.31500	-62
3.31667	-61
3.31833	-59
3.32000	-58
3.32167	-57
3.32333	-56
3.32500	-55
3.32667	-54
3.32833	-54
3.33000	-53
3.33167	-52
3.33333	-51
3.33500	-50
3.33667	-48
3.33833	-47
3.34000	-45
3.34167	-44
3.34333	-44
3.34500	-44
3.34667	-44
3.34833	-44
3.35000	-44
3.35167	-44
3.35333	-44
3.35500	-43
3.35667	-42
3.35833	-41
3.36000	-39
3.36167	-37
3.36333	-35
3.36500	-32
3.36667	-31
3.36833	-29
3.37000	-28
3.37167	-27
3.37333	-27
3.37500	-27
3.37667	-27
3.37833	-28
3.38000	-30
3.38167	-31
3.38333	-32
3.38500	-32
3.38667	-31
3.38833	-29
3.39000	-26
3.39167	-23
3.39333	-18
3.39500	-13
3.39667	-6
3.39833	0
3.40000	5
3.40167	9
3.40333	12
3.40500	15
3.40667	17
3.40833	19
3.41000	21
3.41167	22
3.41333	23
3.41500	25
3.41667	29
3.41833	34
3.42000	40
3.42167	49
3.42333	57
3.42500	63
3.42667	68
3.42833	72
3.43000	75
3.43167	77
3.43333	77
3.43500	74
3.43667	70
3.43833	63
3.44000	56
3.44167	50
3.44333	44
3.44500	37
3.44667	30
3.44833	24
3.45000	18
3.45167	13
3.45333	9
3.45500	4
3.45667	0
3.45833	-3
3.46000	-5
3.46167	-7
3.46333	-9
3.46500	-11
3.46667	-12
3.46833	-13
3.47000	-13
3.47167	-13
3.47333	-12
3.47500	-11
3.47667	-8
3.47833	-5
3.48000	-0
3.48167	4
3.48333	8
3.48500	12
3.48667	16
3.48833	21
3.49000	25
3.49167	29
3.49333	32
3.49500	36
3.49667	39
3.49833	43
3.50000	46
3.50167	49
3.50333	51
3.50500	54
3.50667	56
3.50833	58
3.51000	59
3.51167	59
3.51333	59
3.51500	59
3.51667	60
3.51833	60
3.52000	61
3.52167	63
3.52333	65
3.52500	69
3.52667	76
3.52833	84
3.53000	94
3.53167	107
3.53333	122
3.53500	140
3.53667	161
3.53833	188
3.54000	214
3.54167	240
3.54333	266
3.54500	293
3.54667	325
3.54833	353
3.55000	375
3.55167	393
3.55333	407
3.55500	420
3.55667	430
3.55833	435
3.56000	436
3.56167	434
3.56333	429
3.56500	423
3.56667	417
3.56833	412
3.57000	407
3.57167	401
3.57333	395
3.57500	389
3.57667	382
3.57833	373
3.58000	364
3.58167	354
3.58333	346
3.58500	337
3.58667	329
3.58833	320
3.59000	318
3.59167	329
3.59333	355
3.59500	395
3.59667	448
3.59833	518
3.60000	610
3.60167	731
3.60333	884
3.60500	1071
3.60667	1255
3.60833	1414
3.61000	1556
3.61167	1693
3.61333	1837
3.61500	1950
3.61667	2006
3.61833	2006
3.62000	1961
3.62167	1879
3.62333	1779
3.62500	1669
3.62667	1546
3.62833	1403
3.63000	1236
3.63167	1076
3.63333	943
3.63500	829
3.63667	723
3.63833	615
3.64000	519
3.64167	445
3.64333	386
3.64500	336
3.64667	289
3.64833	248
3.65000	216
3.65167	192
3.65333	171
3.65500	152
3.65667	135
3.65833	122
3.66000	111
3.66167	100
3.66333	90
3.66500	81
3.66667	73
3.66833	65
3.67000	58
3.67167	51
3.67333	45
3.67500	39
3.67667	35
3.67833	30
3.68000	26
3.68167	23
3.68333	20
3.68500	18
3.68667	17
3.68833	16
3.69000	15
3.69167	14
3.69333	15
3.69500	15
3.69667	16
3.69833	17
3.70000	19
3.70167	20
3.70333	22
3.70500	24
3.70667	25
3.70833	26
3.71000	27
3.71167	27
3.71333	27
3.71500	27
3.71667	26
3.71833	26
3.72000	26
3.72167	27
3.72333	27
3.72500	27
3.72667	28
3.72833	28
3.73000	29
3.73167	29
3.73333	30
3.73500	30
3.73667	30
3.73833	30
3.74000	30
3.74167	30
3.74333	30
3.74500	30
3.74667	31
3.74833	31
3.75000	32
3.75167	32
3.75333	33
3.75500	33
3.75667	33
3.75833	34
3.76000	34
3.76167	35
3.76333	35
3.76500	36
3.76667	36
3.76833	37
3.77000	38
3.77167	39
3.77333	40
3.77500	42
3.77667	43
3.77833	45
3.78000	47
3.78167	49
3.78333	51
3.78500	53
3.78667	55
3.78833	57
3.79000	60
3.79167	62
3.79333	63
3.79500	64
3.79667	64
3.79833	65
3.80000	65
3.80167	65
3.80333	64
3.80500	64
3.80667	63
3.80833	61
3.81000	60
3.81167	58
3.81333	56
3.81500	54
3.81667	52
3.81833	51
3.82000	49
3.82167	48
3.82333	46
3.82500	45
3.82667	43
3.82833	42
3.83000	41
3.83167	40
3.83333	38
3.83500	36
3.83667	34
3.83833	31
3.84000	29
3.84167	27
3.84333	25
3.84500	25
3.84667	24
3.84833	25
3.85000	25
3.85167	26
3.85333	27
3.85500	28
3.85667	29
3.85833	30
3.86000	31
3.86167	32
3.86333	32
3.86500	33
3.86667	34
3.86833	36
3.87000	37
3.87167	38
3.87333	40
3.87500	40
3.87667	40
3.87833	39
3.88000	37
3.88167	36
3.88333	35
3.88500	33
3.88667	33
3.88833	32
3.89000	31
3.89167	30
3.89333	29
3.89500	29
3.89667	28
3.89833	28
3.90000	27
3.90167	26
3.90333	26
3.90500	25
3.90667	25
3.90833	24
3.91000	25
3.91167	25
3.91333	26
3.91500	27
3.91667	28
3.91833	28
3.92000	28
3.92167	28
3.92333	28
3.92500	28
3.92667	28
3.92833	28
3.93000	28
3.93167	28
3.93333	28
3.93500	28
3.93667	28
3.93833	29
3.94000	29
3.94167	29
3.94333	29
3.94500	29
3.94667	28
3.94833	28
3.95000	27
3.95167	27
3.95333	28
3.95500	28
3.95667	29
3.95833	30
3.96000	31
3.96167	32
3.96333	32
3.96500	33
3.96667	33
3.96833	32
3.97000	30
3.97167	28
3.97333	27
3.97500	26
3.97667	25
3.97833	26
3.98000	27
3.98167	28
3.98333	30
3.98500	31
3.98667	32
3.98833	34
3.99000	36
3.99167	36
3.99333	36
3.99500	36
3.99667	35
3.99833	34
4.00000	33
4.00167	31
4.00333	30
4.00500	29
4.00667	28
4.00833	27
4.01000	27
4.01167	27
4.01333	27
4.01500	28
4.01667	29
4.01833	29
4.02000	30
4.02167	31
4.02333	32
4.02500	32
4.02667	32
4.02833	32
4.03000	31
4.03167	30
4.03333	30
4.03500	30
4.03667	30
4.03833	30
4.04000	31
4.04167	32
4.04333	33
4.04500	34
4.04667	36
4.04833	37
4.05000	38
4.05167	39
4.05333	39
4.05500	40
4.05667	40
4.05833	40
4.06000	41
4.06167	41
4.06333	41
4.06500	41
4.06667	41
4.06833	41
4.07000	41
4.07167	41
4.07333	42
4.07500	42
4.07667	42
4.07833	42
4.08000	42
4.08167	43
4.08333	43
4.08500	42
4.08667	42
4.08833	41
4.09000	40
4.09167	40
4.09333	39
4.09500	39
4.09667	39
4.09833	40
4.10000	41
4.10167	42
4.10333	43
4.10500	45
4.10667	47
4.10833	48
4.11000	49
4.11167	50
4.11333	50
4.11500	49
4.11667	49
4.11833	49
4.12000	48
4.12167	47
4.12333	46
4.12500	46
4.12667	46
4.12833	47
4.13000	48
4.13167	49
4.13333	50
4.13500	51
4.13667	52
4.13833	53
4.14000	53
4.14167	54
4.14333	54
4.14500	54
4.14667	54
4.14833	54
4.15000	53
4.15167	53
4.15333	53
4.15500	53
4.15667	52
4.15833	52
4.16000	52
4.16167	52
4.16333	52
4.16500	52
4.16667	53
4.16833	53
4.17000	54
4.17167	55
4.17333	56
4.17500	56
4.17667	56
4.17833	56
4.18000	55
4.18167	55
4.18333	54
4.18500	54
4.18667	54
4.18833	54
4.19000	54
4.19167	54
4.19333	54
4.19500	55
4.19667	56
4.19833	57
4.20000	58
4.20167	58
4.20333	59
4.20500	59
4.20667	59
4.20833	59
4.21000	59
4.21167	59
4.21333	58
4.21500	57
4.21667	56
4.21833	56
4.22000	55
4.22167	54
4.22333	54
4.22500	53
4.22667	53
4.22833	53
4.23000	52
4.23167	52
4.23333	51
4.23500	51
4.23667	50
4.23833	50
4.24000	49
4.24167	49
4.24333	48
4.24500	48
4.24667	48
4.24833	48
4.25000	48
4.25167	49
4.25333	49
4.25500	51
4.25667	51
4.25833	52
4.26000	53
4.26167	53
4.26333	53
4.26500	53
4.26667	52
4.26833	51
4.27000	50
4.27167	49
4.27333	48
4.27500	47
4.27667	47
4.27833	48
4.28000	49
4.28167	50
4.28333	51
4.28500	52
4.28667	54
4.28833	56
4.29000	58
4.29167	60
4.29333	61
4.29500	63
4.29667	64
4.29833	66
4.30000	67
4.30167	67
4.30333	68
4.30500	68
4.30667	68
4.30833	68
4.31000	67
4.31167	66
4.31333	65
4.31500	64
4.31667	63
4.31833	62
4.32000	62
4.32167	61
4.32333	61
4.32500	60
4.32667	59
4.32833	58
4.33000	57
4.33167	56
4.33333	55
4.33500	54
4.33667	53
4.33833	52
4.34000	51
4.34167	50
4.34333	50
4.34500	50
4.34667	50
4.34833	51
4.35000	52
4.35167	52
4.35333	53
4.35500	54
4.35667	55
4.35833	57
4.36000	59
4.36167	62
4.36333	66
4.36500	70
4.36667	73
4.36833	75
4.37000	77
4.37167	79
4.37333	80
4.37500	81
4.37667	81
4.37833	81
4.38000	80
4.38167	79
4.38333	79
4.38500	79
4.38667	79
4.38833	81
4.39000	82
4.39167	83
4.39333	84
4.39500	86
4.39667	87
4.39833	88
4.40000	88
4.40167	89
4.40333	88
4.40500	88
4.40667	87
4.40833	86
4.41000	86
4.41167	84
4.41333	83
4.41500	82
4.41667	81
4.41833	80
4.42000	80
4.42167	80
4.42333	80
4.42500	80
4.42667	80
4.42833	79
4.43000	79
4.43167	78
4.43333	77
4.43500	77
4.43667	76
4.43833	76
4.44000	76
4.44167	76
4.44333	76
4.44500	76
4.44667	77
4.44833	77
4.45000	77
4.45167	77
4.45333	77
4.45500	77
4.45667	76
4.45833	76
4.46000	77
4.46167	78
4.46333	79
4.46500	80
4.46667	82
4.46833	83
4.47000	85
4.47167	87
4.47333	89
4.47500	89
4.47667	89
4.47833	88
4.48000	86
4.48167	84
4.48333	83
4.48500	82
4.48667	81
4.48833	81
4.49000	80
4.49167	80
4.49333	81
4.49500	81
4.49667	82
4.49833	82
4.50000	82
4.50167	81
4.50333	80
4.50500	78
4.50667	76
4.50833	75
4.51000	75
4.51167	75
4.51333	76
4.51500	77
4.51667	78
4.51833	79
4.52000	81
4.52167	83
4.52333	85
4.52500	86
4.52667	87
4.52833	88
4.53000	89
4.53167	90
4.53333	90
4.53500	90
4.53667	90
4.53833	90
4.54000	90
4.54167	90
4.54333	89
4.54500	89
4.54667	89
4.54833	88
4.55000	88
4.55167	88
4.55333	89
4.55500	90
4.55667	90
4.55833	91
4.56000	92
4.56167	92
4.56333	92
4.56500	93
4.56667	92
4.56833	92
4.57000	92
4.57167	91
4.57333	91
4.57500	90
4.57667	89
4.57833	88
4.58000	87
4.58167	87
4.58333	86
4.58500	86
4.58667	87
4.58833	88
4.59000	89
4.59167	89
4.59333	89
4.59500	89
4.59667	89
4.59833	88
4.60000	88
4.60167	87
4.60333	87
4.60500	87
4.60667	87
4.60833	87
4.61000	86
4.61167	86
4.61333	86
4.61500	86
4.61667	85
4.61833	84
4.62000	83
4.62167	82
4.62333	81
4.62500	81
4.62667	81
4.62833	81
4.63000	83
4.63167	84
4.63333	85
4.63500	87
4.63667	88
4.63833	90
4.64000	91
4.64167	92
4.64333	93
4.64500	94
4.64667	95
4.64833	96
4.65000	96
4.65167	95
4.65333	94
4.65500	93
4.65667	91
4.65833	89
4.66000	88
4.66167	87
4.66333	86
4.66500	85
4.66667	85
4.66833	85
4.67000	86
4.67167	87
4.67333	88
4.67500	89
4.67667	90
4.67833	90
4.68000	91
4.68167	91
4.68333	92
4.68500	92
4.68667	92
4.68833	92
4.69000	92
4.69167	92
4.69333	92
4.69500	92
4.69667	92
4.69833	92
4.70000	92
4.70167	93
4.70333	94
4.70500	95
4.70667	96
4.70833	97
4.71000	97
4.71167	98
4.71333	99
4.71500	99
4.71667	100
4.71833	100
4.72000	100
4.72167	101
4.72333	101
4.72500	101
4.72667	101
4.72833	101
4.73000	101
4.73167	101
4.73333	101
4.73500	101
4.73667	102
4.73833	102
4.74000	103
4.74167	104
4.74333	106
4.74500	107
4.74667	110
4.74833	112
4.75000	113
4.75167	115
4.75333	116
4.75500	116
4.75667	117
4.75833	117
4.76000	117
4.76167	117
4.76333	117
4.76500	117
4.76667	116
4.76833	116
4.77000	115
4.77167	115
4.77333	114
4.77500	114
4.77667	113
4.77833	113
4.78000	113
4.78167	113
4.78333	112
4.78500	112
4.78667	113
4.78833	113
4.79000	114
4.79167	114
4.79333	114
4.79500	114
4.79667	114
4.79833	114
4.80000	114
4.80167	114
4.80333	114
4.80500	115
4.80667	115
4.80833	116
4.81000	116
4.81167	117
4.81333	117
4.81500	118
4.81667	119
4.81833	119
4.82000	120
4.82167	121
4.82333	121
4.82500	122
4.82667	122
4.82833	123
4.83000	123
4.83167	124
4.83333	124
4.83500	124
4.83667	125
4.83833	125
4.84000	125
4.84167	125
4.84333	126
4.84500	126
4.84667	127
4.84833	129
4.85000	131
4.85167	133
4.85333	137
4.85500	141
4.85667	145
4.85833	148
4.86000	151
4.86167	153
4.86333	156
4.86500	159
4.86667	160
4.86833	162
4.87000	163
4.87167	164
4.87333	164
4.87500	165
4.87667	165
4.87833	165
4.88000	165
4.88167	165
4.88333	164
4.88500	163
4.88667	162
4.88833	161
4.89000	160
4.89167	159
4.89333	159
4.89500	158
4.89667	157
4.89833	157
4.90000	157
4.90167	157
4.90333	158
4.90500	158
4.90667	159
4.90833	160
4.91000	162
4.91167	163
4.91333	165
4.91500	166
4.91667	168
4.91833	169
4.92000	171
4.92167	172
4.92333	174
4.92500	176
4.92667	179
4.92833	182
4.93000	185
4.93167	188
4.93333	191
4.93500	194
4.93667	197
4.93833	199
4.94000	202
4.94167	204
4.94333	206
4.94500	208
4.94667	210
4.94833	212
4.95000	213
4.95167	214
4.95333	215
4.95500	216
4.95667	217
4.95833	218
4.96000	220
4.96167	221
4.96333	223
4.96500	225
4.96667	227
4.96833	229
4.97000	231
4.97167	233
4.97333	234
4.97500	235
4.97667	235
4.97833	233
4.98000	232
4.98167	230
4.98333	227
4.98500	225
4.98667	223
4.98833	220
4.99000	217
4.99167	215
4.99333	213
4.99500	211
4.99667	209
4.99833	206
5.00000	205
5.00167	203
5.00333	201
5.00500	198
5.00667	196
5.00833	195
5.01000	194
5.01167	194
5.01333	193
5.01500	194
5.01667	195
5.01833	197
5.02000	200
5.02167	204
5.02333	208
5.02500	211
5.02667	214
5.02833	217
5.03000	220
5.03167	223
5.03333	223
5.03500	223
5.03667	221
5.03833	218
5.04000	215
5.04167	212
5.04333	208
5.04500	205
5.04667	201
5.04833	197
5.05000	193
5.05167	190
5.05333	186
5.05500	183
5.05667	179
5.05833	176
5.06000	173
5.06167	170
5.06333	167
5.06500	164
5.06667	162
5.06833	160
5.07000	159
5.07167	157
5.07333	156
5.07500	155
5.07667	155
5.07833	155
5.08000	156
5.08167	157
5.08333	158
5.08500	159
5.08667	160
5.08833	161
5.09000	162
5.09167	162
5.09333	163
5.09500	163
5.09667	163
5.09833	163
5.10000	163
5.10167	164
5.10333	164
5.10500	165
5.10667	166
5.10833	168
5.11000	170
5.11167	172
5.11333	174
5.11500	177
5.11667	181
5.11833	185
5.12000	190
5.12167	196
5.12333	201
5.12500	206
5.12667	210
5.12833	214
5.13000	218
5.13167	221
5.13333	222
5.13500	221
5.13667	219
5.13833	216
5.14000	213
5.14167	209
5.14333	206
5.14500	203
5.14667	200
5.14833	197
5.15000	194
5.15167	192
5.15333	190
5.15500	188
5.15667	186
5.15833	184
5.16000	182
5.16167	179
5.16333	177
5.16500	174
5.16667	172
5.16833	171
5.17000	171
5.17167	171
5.17333	171
5.17500	170
5.17667	170
5.17833	169
5.18000	168
5.18167	166
5.18333	165
5.18500	164
5.18667	162
5.18833	161
5.19000	159
5.19167	158
5.19333	158
5.19500	157
5.19667	157
5.19833	157
5.20000	158
5.20167	158
5.20333	158
5.20500	159
5.20667	159
5.20833	159
5.21000	159
5.21167	159
5.21333	159
5.21500	158
5.21667	158
5.21833	158
5.22000	158
5.22167	158
5.22333	157
5.22500	157
5.22667	157
5.22833	156
5.23000	155
5.23167	155
5.23333	154
5.23500	154
5.23667	153
5.23833	153
5.24000	152
5.24167	152
5.24333	152
5.24500	152
5.24667	152
5.24833	152
5.25000	152
5.25167	152
5.25333	151
5.25500	151
5.25667	150
5.25833	150
5.26000	151
5.26167	152
5.26333	154
5.26500	155
5.26667	157
5.26833	158
5.27000	159
5.27167	160
5.27333	161
5.27500	161
5.27667	162
5.27833	162
5.28000	162
5.28167	162
5.28333	163
5.28500	163
5.28667	163
5.28833	163
5.29000	163
5.29167	163
5.29333	163
5.29500	163
5.29667	163
5.29833	163
5.30000	162
5.30167	162
5.30333	161
5.30500	160
5.30667	159
5.30833	159
5.31000	158
5.31167	158
5.31333	158
5.31500	158
5.31667	159
5.31833	159
5.32000	160
5.32167	161
5.32333	161
5.32500	162
5.32667	163
5.32833	163
5.33000	163
5.33167	164
5.33333	165
5.33500	166
5.33667	168
5.33833	170
5.34000	171
5.34167	172
5.34333	172
5.34500	172
5.34667	171
5.34833	170
5.35000	169
5.35167	169
5.35333	168
5.35500	167
5.35667	167
5.35833	167
5.36000	167
5.36167	168
5.36333	169
5.36500	171
5.36667	172
5.36833	173
5.37000	175
5.37167	176
5.37333	178
5.37500	179
5.37667	180
5.37833	180
5.38000	180
5.38167	180
5.38333	179
5.38500	178
5.38667	176
5.38833	173
5.39000	171
5.39167	169
5.39333	167
5.39500	165
5.39667	164
5.39833	162
5.40000	162
5.40167	161
5.40333	162
5.40500	162
5.40667	163
5.40833	165
5.41000	167
5.41167	169
5.41333	171
5.41500	174
5.41667	176
5.41833	179
5.42000	181
5.42167	183
5.42333	185
5.42500	186
5.42667	187
5.42833	188
5.43000	188
5.43167	188
5.43333	188
5.43500	187
5.43667	186
5.43833	185
5.44000	184
5.44167	182
5.44333	181
5.44500	180
5.44667	179
5.44833	178
5.45000	178
5.45167	178
5.45333	179
5.45500	181
5.45667	183
5.45833	185
5.46000	186
5.46167	187
5.46333	188
5.46500	189
5.46667	189
5.46833	189
5.47000	189
5.47167	188
5.47333	187
5.47500	186
5.47667	185
5.47833	185
5.48000	184
5.48167	184
5.48333	183
5.48500	183
5.48667	183
5.48833	183
5.49000	183
5.49167	183
5.49333	183
5.49500	183
5.49667	183
5.49833	183
5.50000	183
5.50167	183
5.50333	183
5.50500	183
5.50667	183
5.50833	184
5.51000	184
5.51167	185
5.51333	185
5.51500	186
5.51667	187
5.51833	187
5.52000	187
5.52167	187
5.52333	187
5.52500	187
5.52667	187
5.52833	187
5.53000	187
5.53167	187
5.53333	187
5.53500	187
5.53667	187
5.53833	188
5.54000	188
5.54167	188
5.54333	188
5.54500	188
5.54667	188
5.54833	188
5.55000	189
5.55167	189
5.55333	189
5.55500	190
5.55667	190
5.55833	191
5.56000	191
5.56167	191
5.56333	191
5.56500	191
5.56667	191
5.56833	192
5.57000	193
5.57167	194
5.57333	195
5.57500	196
5.57667	196
5.57833	197
5.58000	198
5.58167	199
5.58333	199
5.58500	199
5.58667	200
5.58833	199
5.59000	199
5.59167	199
5.59333	199
5.59500	199
5.59667	199
5.59833	199
5.60000	199
5.60167	199
5.60333	200
5.60500	202
5.60667	203
5.60833	204
5.61000	205
5.61167	205
5.61333	205
5.61500	204
5.61667	203
5.61833	201
5.62000	199
5.62167	196
5.62333	194
5.62500	192
5.62667	191
5.62833	191
5.63000	192
5.63167	193
5.63333	194
5.63500	195
5.63667	196
5.63833	198
5.64000	200
5.64167	201
5.64333	201
5.64500	202
5.64667	202
5.64833	202
5.65000	201
5.65167	201
5.65333	201
5.65500	201
5.65667	202
5.65833	202
5.66000	202
5.66167	203
5.66333	204
5.66500	205
5.66667	206
5.66833	207
5.67000	207
5.67167	207
5.67333	208
5.67500	208
5.67667	208
5.67833	208
5.68000	208
5.68167	208
5.68333	208
5.68500	208
5.68667	208
5.68833	208
5.69000	209
5.69167	209
5.69333	210
5.69500	210
5.69667	210
5.69833	210
5.70000	210
5.70167	210
5.70333	210
5.70500	209
5.70667	209
5.70833	209
5.71000	209
5.71167	210
5.71333	211
5.71500	212
5.71667	213
5.71833	214
5.72000	215
5.72167	215
5.72333	216
5.72500	216
5.72667	216
5.72833	215
5.73000	213
5.73167	212
5.73333	210
5.73500	209
5.73667	208
5.73833	207
5.74000	206
5.74167	206
5.74333	206
5.74500	206
5.74667	207
5.74833	208
5.75000	209
5.75167	209
5.75333	210
5.75500	210
5.75667	211
5.75833	211
5.76000	211
5.76167	211
5.76333	212
5.76500	212
5.76667	212
5.76833	212
5.77000	213
5.77167	213
5.77333	214
5.77500	215
5.77667	215
5.77833	216
5.78000	216
5.78167	217
5.78333	217
5.78500	218
5.78667	218
5.78833	218
5.79000	219
5.79167	219
5.79333	219
5.79500	219
5.79667	219
5.79833	219
5.80000	219
5.80167	219
5.80333	219
5.80500	219
5.80667	219
5.80833	219
5.81000	219
5.81167	220
5.81333	220
5.81500	220
5.81667	220
5.81833	220
5.82000	219
5.82167	219
5.82333	219
5.82500	218
5.82667	218
5.82833	217
5.83000	216
5.83167	216
5.83333	215
5.83500	215
5.83667	214
5.83833	214
5.84000	214
5.84167	215
5.84333	216
5.84500	217
5.84667	219
5.84833	221
5.85000	223
5.85167	224
5.85333	226
5.85500	228
5.85667	229
5.85833	231
5.86000	232
5.86167	232
5.86333	233
5.86500	233
5.86667	233
5.86833	233
5.87000	234
5.87167	234
5.87333	234
5.87500	234
5.87667	233
5.87833	233
5.88000	232
5.88167	231
5.88333	230
5.88500	229
5.88667	229
5.88833	228
5.89000	227
5.89167	227
5.89333	227
5.89500	228
5.89667	228
5.89833	229
5.90000	229
5.90167	229
5.90333	229
5.90500	228
5.90667	227
5.90833	227
5.91000	227
5.91167	227
5.91333	227
5.91500	227
5.91667	228
5.91833	229
5.92000	230
5.92167	231
5.92333	233
5.92500	234
5.92667	236
5.92833	238
5.93000	241
5.93167	242
5.93333	244
5.93500	245
5.93667	245
5.93833	245
5.94000	245
5.94167	244
5.94333	243
5.94500	241
5.94667	239
5.94833	237
5.95000	236
5.95167	236
5.95333	236
5.95500	236
5.95667	237
5.95833	238
5.96000	240
5.96167	241
5.96333	243
5.96500	245
5.96667	246
5.96833	247
5.97000	247
5.97167	248
5.97333	248
5.97500	248
5.97667	248
5.97833	247
5.98000	247
5.98167	246
5.98333	245
5.98500	244
5.98667	244
5.98833	243
5.99000	242
5.99167	242
5.99333	242
5.99500	241
5.99667	241
5.99833	241
6.00000	241
6.00167	242
6.00333	243
6.00500	244
6.00667	245
6.00833	247
6.01000	248
6.01167	249
6.01333	250
6.01500	250
6.01667	251
6.01833	251
6.02000	251
6.02167	251
6.02333	250
6.02500	250
6.02667	249
6.02833	249
6.03000	249
6.03167	249
6.03333	249
6.03500	250
6.03667	250
6.03833	250
6.04000	250
6.04167	250
6.04333	251
6.04500	251
6.04667	252
6.04833	253
6.05000	253
6.05167	253
6.05333	253
6.05500	253
6.05667	253
6.05833	252
6.06000	252
6.06167	252
6.06333	251
6.06500	251
6.06667	250
6.06833	250
6.07000	250
6.07167	250
6.07333	250
6.07500	250
6.07667	250
6.07833	250
6.08000	249
6.08167	249
6.08333	249
6.08500	250
6.08667	251
6.08833	252
6.09000	253
6.09167	255
6.09333	257
6.09500	258
6.09667	260
6.09833	262
6.10000	264
6.10167	264
6.10333	264
6.10500	264
6.10667	264
6.10833	263
6.11000	262
6.11167	260
6.11333	259
6.11500	257
6.11667	256
6.11833	256
6.12000	255
6.12167	255
6.12333	255
6.12500	255
6.12667	255
6.12833	255
6.13000	255
6.13167	255
6.13333	255
6.13500	254
6.13667	253
6.13833	253
6.14000	252
6.14167	252
6.14333	252
6.14500	252
6.14667	253
6.14833	254
6.15000	255
6.15167	256
6.15333	257
6.15500	259
6.15667	260
6.15833	262
6.16000	263
6.16167	263
6.16333	264
6.16500	264
6.16667	265
6.16833	265
6.17000	265
6.17167	265
6.17333	264
6.17500	264
6.17667	264
6.17833	264
6.18000	263
6.18167	263
6.18333	263
6.18500	262
6.18667	262
6.18833	261
6.19000	261
6.19167	260
6.19333	260
6.19500	259
6.19667	259
6.19833	258
6.20000	258
6.20167	259
6.20333	260
6.20500	261
6.20667	262
6.20833	263
6.21000	264
6.21167	265
6.21333	266
6.21500	267
6.21667	268
6.21833	269
6.22000	270
6.22167	271
6.22333	271
6.22500	272
6.22667	272
6.22833	273
6.23000	273
6.23167	273
6.23333	272
6.23500	272
6.23667	271
6.23833	270
6.24000	270
6.24167	269
6.24333	269
6.24500	270
6.24667	271
6.24833	272
6.25000	273
6.25167	273
6.25333	274
6.25500	274
6.25667	274
6.25833	274
6.26000	274
6.26167	274
6.26333	274
6.26500	275
6.26667	275
6.26833	276
6.27000	277
6.27167	279
6.27333	280
6.27500	281
6.27667	281
6.27833	282
6.28000	282
6.28167	282
6.28333	281
6.28500	281
6.28667	281
6.28833	281
6.29000	281
6.29167	281
6.29333	281
6.29500	282
6.29667	282
6.29833	282
6.30000	282
6.30167	282
6.30333	282
6.30500	281
6.30667	281
6.30833	280
6.31000	280
6.31167	280
6.31333	280
6.31500	280
6.31667	280
6.31833	280
6.32000	280
6.32167	280
6.32333	280
6.32500	280
6.32667	279
6.32833	278
6.33000	277
6.33167	277
6.33333	276
6.33500	276
6.33667	276
6.33833	276
6.34000	277
6.34167	278
6.34333	278
6.34500	279
6.34667	280
6.34833	280
6.35000	281
6.35167	282
6.35333	283
6.35500	284
6.35667	285
6.35833	286
6.36000	287
6.36167	287
6.36333	288
6.36500	288
6.36667	288
6.36833	288
6.37000	288
6.37167	289
6.37333	289
6.37500	290
6.37667	290
6.37833	291
6.38000	292
6.38167	293
6.38333	293
6.38500	293
6.38667	292
6.38833	291
6.39000	290
6.39167	289
6.39333	288
6.39500	287
6.39667	286
6.39833	285
6.40000	285
6.40167	285
6.40333	286
6.40500	287
6.40667	288
6.40833	288
6.41000	289
6.41167	290
6.41333	290
6.41500	291
6.41667	291
6.41833	291
6.42000	291
6.42167	290
6.42333	289
6.42500	289
6.42667	288
6.42833	289
6.43000	289
6.43167	290
6.43333	290
6.43500	291
6.43667	292
6.43833	294
6.44000	295
6.44167	296
6.44333	298
6.44500	299
6.44667	301
6.44833	302
6.45000	303
6.45167	304
6.45333	304
6.45500	305
6.45667	305
6.45833	306
6.46000	306
6.46167	306
6.46333	306
6.46500	306
6.46667	306
6.46833	307
6.47000	307
6.47167	307
6.47333	307
6.47500	307
6.47667	307
6.47833	307
6.48000	307
6.48167	308
6.48333	308
6.48500	308
6.48667	307
6.48833	307
6.49000	306
6.49167	305
6.49333	305
6.49500	304
6.49667	304
6.49833	303
6.50000	303
6.50167	303
6.50333	304
6.50500	305
6.50667	307
6.50833	308
6.51000	308
6.51167	309
6.51333	309
6.51500	309
6.51667	309
6.51833	309
6.52000	309
6.52167	310
6.52333	310
6.52500	311
6.52667	313
6.52833	314
6.53000	316
6.53167	317
6.53333	318
6.53500	318
6.53667	318
6.53833	317
6.54000	316
6.54167	315
6.54333	315
6.54500	314
6.54667	314
6.54833	314
6.55000	315
6.55167	315
6.55333	316
6.55500	318
6.55667	319
6.55833	320
6.56000	321
6.56167	320
6.56333	320
6.56500	319
6.56667	318
6.56833	318
6.57000	317
6.57167	316
6.57333	315
6.57500	315
6.57667	315
6.57833	315
6.58000	315
6.58167	316
6.58333	316
6.58500	317
6.58667	318
6.58833	319
6.59000	320
6.59167	321
6.59333	321
6.59500	321
6.59667	322
6.59833	321
6.60000	321
6.60167	320
6.60333	320
6.60500	319
6.60667	318
6.60833	317
6.61000	317
6.61167	317
6.61333	317
6.61500	318
6.61667	318
6.61833	319
6.62000	319
6.62167	319
6.62333	319
6.62500	319
6.62667	319
6.62833	319
6.63000	319
6.63167	318
6.63333	319
6.63500	319
6.63667	320
6.63833	321
6.64000	322
6.64167	323
6.64333	325
6.64500	327
6.64667	329
6.64833	331
6.65000	333
6.65167	334
6.65333	335
6.65500	336
6.65667	337
6.65833	337
6.66000	337
6.66167	337
6.66333	337
6.66500	336
6.66667	335
6.66833	334
6.67000	333
6.67167	331
6.67333	329
6.67500	328
6.67667	326
6.67833	325
6.68000	324
6.68167	324
6.68333	324
6.68500	325
6.68667	326
6.68833	329
6.69000	331
6.69167	333
6.69333	334
6.69500	335
6.69667	335
6.69833	335
6.70000	336
6.70167	336
6.70333	336
6.70500	336
6.70667	336
6.70833	336
6.71000	336
6.71167	337
6.71333	339
6.71500	340
6.71667	341
6.71833	342
6.72000	343
6.72167	343
6.72333	344
6.72500	344
6.72667	345
6.72833	345
6.73000	346
6.73167	347
6.73333	347
6.73500	347
6.73667	347
6.73833	346
6.74000	346
6.74167	345
6.74333	344
6.74500	344
6.74667	343
6.74833	342
6.75000	341
6.75167	341
6.75333	340
6.75500	340
6.75667	339
6.75833	339
6.76000	339
6.76167	338
6.76333	338
6.76500	338
6.76667	338
6.76833	339
6.77000	340
6.77167	342
6.77333	343
6.77500	344
6.77667	346
6.77833	347
6.78000	349
6.78167	350
6.78333	351
6.78500	352
6.78667	352
6.78833	352
6.79000	352
6.79167	351
6.79333	350
6.79500	348
6.79667	345
6.79833	343
6.80000	342
6.80167	341
6.80333	341
6.80500	341
6.80667	342
6.80833	343
6.81000	344
6.81167	345
6.81333	347
6.81500	348
6.81667	350
6.81833	350
6.82000	351
6.82167	351
6.82333	351
6.82500	351
6.82667	351
6.82833	352
6.83000	352
6.83167	353
6.83333	353
6.83500	354
6.83667	354
6.83833	354
6.84000	354
6.84167	355
6.84333	356
6.84500	357
6.84667	358
6.84833	359
6.85000	360
6.85167	361
6.85333	361
6.85500	362
6.85667	363
6.85833	363
6.86000	362
6.86167	361
6.86333	360
6.86500	359
6.86667	357
6.86833	356
6.87000	356
6.87167	355
6.87333	355
6.87500	355
6.87667	356
6.87833	357
6.88000	359
6.88167	361
6.88333	362
6.88500	363
6.88667	364
6.88833	365
6.89000	366
6.89167	366
6.89333	366
6.89500	367
6.89667	367
6.89833	368
6.90000	368
6.90167	368
6.90333	369
6.90500	369
6.90667	369
6.90833	369
6.91000	370
6.91167	369
6.91333	369
6.91500	369
6.91667	368
6.91833	368
6.92000	368
6.92167	368
6.92333	368
6.92500	368
6.92667	368
6.92833	368
6.93000	368
6.93167	369
6.93333	369
6.93500	369
6.93667	370
6.93833	370
6.94000	370
6.94167	370
6.94333	370
6.94500	370
6.94667	370
6.94833	369
6.95000	369
6.95167	368
6.95333	368
6.95500	368
6.95667	368
6.95833	368
6.96000	368
6.96167	368
6.96333	369
6.96500	369
6.96667	370
6.96833	370
6.97000	371
6.97167	371
6.97333	371
6.97500	372
6.97667	372
6.97833	372
6.98000	371
6.98167	371
6.98333	371
6.98500	370
6.98667	370
6.98833	371
6.99000	371
6.99167	371
6.99333	372
6.99500	372
6.99667	373
6.99833	374
7.00000	374
7.00167	374
7.00333	375
7.00500	375
7.00667	375
7.00833	375
7.01000	375
7.01167	375
7.01333	375
7.01500	375
7.01667	375
7.01833	376
7.02000	376
7.02167	377
7.02333	377
7.02500	378
7.02667	378
7.02833	379
7.03000	380
7.03167	381
7.03333	381
7.03500	381
7.03667	381
7.03833	381
7.04000	380
7.04167	380
7.04333	380
7.04500	380
7.04667	381
7.04833	382
7.05000	383
7.05167	385
7.05333	386
7.05500	389
7.05667	390
7.05833	392
7.06000	392
7.06167	392
7.06333	392
7.06500	392
7.06667	392
7.06833	391
7.07000	391
7.07167	390
7.07333	389
7.07500	389
7.07667	389
7.07833	389
7.08000	389
7.08167	390
7.08333	390
7.08500	390
7.08667	390
7.08833	390
7.09000	389
7.09167	388
7.09333	387
7.09500	386
7.09667	385
7.09833	384
7.10000	384
7.10167	384
7.10333	384
7.10500	385
7.10667	386
7.10833	387
7.11000	389
7.11167	391
7.11333	393
7.11500	394
7.11667	395
7.11833	395
7.12000	395
7.12167	394
7.12333	393
7.12500	393
7.12667	392
7.12833	392
7.13000	391
7.13167	391
7.13333	391
7.13500	392
7.13667	393
7.13833	394
7.14000	394
7.14167	395
7.14333	395
7.14500	394
7.14667	393
7.14833	393
7.15000	392
7.15167	392
7.15333	392
7.15500	393
7.15667	394
7.15833	395
7.16000	395
7.16167	396
7.16333	397
7.16500	398
7.16667	398
7.16833	398
7.17000	398
7.17167	397
7.17333	397
7.17500	396
7.17667	396
7.17833	396
7.18000	395
7.18167	395
7.18333	395
7.18500	395
7.18667	396
7.18833	396
7.19000	397
7.19167	398
7.19333	399
7.19500	400
7.19667	402
7.19833	403
7.20000	404
7.20167	404
7.20333	404
7.20500	404
7.20667	404
7.20833	404
7.21000	404
7.21167	404
7.21333	405
7.21500	405
7.21667	406
7.21833	407
7.22000	408
7.22167	409
7.22333	410
7.22500	411
7.22667	411
7.22833	410
7.23000	410
7.23167	409
7.23333	408
7.23500	407
7.23667	405
7.23833	404
7.24000	403
7.24167	402
7.24333	402
7.24500	403
7.24667	403
7.24833	404
7.25000	405
7.25167	406
7.25333	407
7.25500	408
7.25667	409
7.25833	410
7.26000	410
7.26167	411
7.26333	411
7.26500	412
7.26667	413
7.26833	414
7.27000	414
7.27167	415
7.27333	416
7.27500	416
7.27667	416
7.27833	416
7.28000	416
7.28167	416
7.28333	416
7.28500	415
7.28667	415
7.28833	415
7.29000	415
7.29167	415
7.29333	415
7.29500	414
7.29667	413
7.29833	413
7.30000	412
7.30167	411
7.30333	409
7.30500	408
7.30667	407
7.30833	407
7.31000	407
7.31167	409
7.31333	410
7.31500	412
7.31667	415
7.31833	417
7.32000	419
7.32167	421
7.32333	423
7.32500	424
7.32667	425
7.32833	425
7.33000	425
7.33167	424
7.33333	424
7.33500	424
7.33667	424
7.33833	425
7.34000	425
7.34167	426
7.34333	426
7.34500	427
7.34667	427
7.34833	428
7.35000	428
7.35167	427
7.35333	427
7.35500	425
7.35667	424
7.35833	423
7.36000	423
7.36167	423
7.36333	423
7.36500	424
7.36667	424
7.36833	424
7.37000	424
7.37167	425
7.37333	425
7.37500	425
7.37667	424
7.37833	425
7.38000	425
7.38167	425
7.38333	425
7.38500	425
7.38667	425
7.38833	425
7.39000	424
7.39167	424
7.39333	424
7.39500	424
7.39667	424
7.39833	424
7.40000	425
7.40167	426
7.40333	428
7.40500	430
7.40667	432
7.40833	433
7.41000	434
7.41167	434
7.41333	434
7.41500	433
7.41667	433
7.41833	432
7.42000	432
7.42167	432
7.42333	432
7.42500	432
7.42667	432
7.42833	433
7.43000	433
7.43167	434
7.43333	434
7.43500	433
7.43667	433
7.43833	432
7.44000	431
7.44167	430
7.44333	429
7.44500	429
7.44667	428
7.44833	428
7.45000	428
7.45167	429
7.45333	430
7.45500	431
7.45667	432
7.45833	433
7.46000	434
7.46167	435
7.46333	437
7.46500	438
7.46667	440
7.46833	440
7.47000	441
7.47167	441
7.47333	441
7.47500	441
7.47667	441
7.47833	441
7.48000	440
7.48167	440
7.48333	441
7.48500	441
7.48667	442
7.48833	442
7.49000	443
7.49167	444
7.49333	445
7.49500	445
7.49667	446
7.49833	447
7.50000	447
7.50167	448
7.50333	448
7.50500	449
7.50667	449
7.50833	450
7.51000	450
7.51167	450
7.51333	449
7.51500	449
7.51667	448
7.51833	447
7.52000	446
7.52167	445
7.52333	444
7.52500	443
7.52667	443
7.52833	442
7.53000	442
7.53167	443
7.53333	443
7.53500	444
7.53667	445
7.53833	447
7.54000	448
7.54167	450
7.54333	451
7.54500	453
7.54667	454
7.54833	456
7.55000	457
7.55167	457
7.55333	458
7.55500	458
7.55667	458
7.55833	457
7.56000	456
7.56167	454
7.56333	452
7.56500	450
7.56667	449
7.56833	448
7.57000	448
7.57167	447
7.57333	447
7.57500	447
7.57667	448
7.57833	449
7.58000	451
7.58167	453
7.58333	455
7.58500	456
7.58667	458
7.58833	459
7.59000	460
7.59167	461
7.59333	460
7.59500	459
7.59667	458
7.59833	457
7.60000	456
7.60167	455
7.60333	454
7.60500	453
7.60667	453
7.60833	452
7.61000	453
7.61167	453
7.61333	454
7.61500	455
7.61667	455
7.61833	455
7.62000	455
7.62167	454
7.62333	453
7.62500	453
7.62667	453
7.62833	454
7.63000	455
7.63167	456
7.63333	457
7.63500	458
7.63667	459
7.63833	460
7.64000	461
7.64167	461
7.64333	461
7.64500	462
7.64667	462
7.64833	463
7.65000	464
7.65167	465
7.65333	467
7.65500	469
7.65667	470
7.65833	472
7.66000	473
7.66167	473
7.66333	474
7.66500	474
7.66667	474
7.66833	475
7.67000	475
7.67167	475
7.67333	475
7.67500	475
7.67667	475
7.67833	475
7.68000	475
7.68167	475
7.68333	474
7.68500	474
7.68667	474
7.68833	473
7.69000	473
7.69167	473
7.69333	474
7.69500	475
7.69667	476
7.69833	477
7.70000	478
7.70167	478
7.70333	478
7.70500	478
7.70667	478
7.70833	477
7.71000	477
7.71167	476
7.71333	476
7.71500	476
7.71667	476
7.71833	476
7.72000	477
7.72167	478
7.72333	480
7.72500	481
7.72667	482
7.72833	483
7.73000	485
7.73167	486
7.73333	487
7.73500	487
7.73667	487
7.73833	486
7.74000	486
7.74167	485
7.74333	484
7.74500	484
7.74667	483
7.74833	483
7.75000	483
7.75167	483
7.75333	484
7.75500	485
7.75667	486
7.75833	486
7.76000	487
7.76167	488
7.76333	488
7.76500	489
7.76667	489
7.76833	489
7.77000	489
7.77167	488
7.77333	487
7.77500	486
7.77667	485
7.77833	485
7.78000	484
7.78167	483
7.78333	483
7.78500	483
7.78667	484
7.78833	485
7.79000	487
7.79167	489
7.79333	490
7.79500	492
7.79667	494
7.79833	495
7.80000	497
7.80167	497
7.80333	498
7.80500	498
7.80667	497
7.80833	497
7.81000	496
7.81167	496
7.81333	495
7.81500	495
7.81667	494
7.81833	495
7.82000	495
7.82167	496
7.82333	497
7.82500	497
7.82667	498
7.82833	499
7.83000	500
7.83167	501
7.83333	501
7.83500	501
7.83667	501
7.83833	501
7.84000	500
7.84167	499
7.84333	498
7.84500	496
7.84667	495
7.84833	493
7.85000	492
7.85167	492
7.85333	493
7.85500	494
7.85667	495
7.85833	496
7.86000	497
7.86167	499
7.86333	500
7.86500	501
7.86667	501
7.86833	501
7.87000	500
7.87167	499
7.87333	499
7.87500	498
7.87667	498
7.87833	499
7.88000	500
7.88167	501
7.88333	502
7.88500	503
7.88667	505
7.88833	506
7.89000	507
7.89167	508
7.89333	508
7.89500	508
7.89667	507
7.89833	507
7.90000	506
7.90167	505
7.90333	504
7.90500	503
7.90667	502
7.90833	502
7.91000	501
7.91167	501
7.91333	501
7.91500	501
7.91667	502
7.91833	504
7.92000	505
7.92167	507
7.92333	509
7.92500	510
7.92667	511
7.92833	511
7.93000	511
7.93167	511
7.93333	511
7.93500	511
7.93667	511
7.93833	510
7.94000	510
7.94167	510
7.94333	510
7.94500	511
7.94667	512
7.94833	513
7.95000	513
7.95167	514
7.95333	515
7.95500	515
7.95667	516
7.95833	516
7.96000	516
7.96167	516
7.96333	516
7.96500	515
7.96667	515
7.96833	515
7.97000	515
7.97167	515
7.97333	516
7.97500	517
7.97667	518
7.97833	519
7.98000	521
7.98167	523
7.98333	524
7.98500	524
7.98667	524
7.98833	523
7.99000	522
7.99167	522
7.99333	522
7.99500	521
7.99667	521
7.99833	521
8.00000	521
8.00167	522
8.00333	523
8.00500	524
8.00667	525
8.00833	526
8.01000	526
8.01167	525
8.01333	525
8.01500	524
8.01667	524
8.01833	524
8.02000	523
8.02167	523
8.02333	523
8.02500	523
8.02667	523
8.02833	523
8.03000	523
8.03167	523
8.03333	523
8.03500	523
8.03667	522
8.03833	521
8.04000	520
8.04167	519
8.04333	519
8.04500	520
8.04667	520
8.04833	521
8.05000	522
8.05167	523
8.05333	524
8.05500	525
8.05667	525
8.05833	526
8.06000	526
8.06167	527
8.06333	527
8.06500	528
8.06667	529
8.06833	529
8.07000	531
8.07167	532
8.07333	533
8.07500	534
8.07667	535
8.07833	535
8.08000	535
8.08167	535
8.08333	535
8.08500	535
8.08667	535
8.08833	535
8.09000	536
8.09167	536
8.09333	536
8.09500	536
8.09667	535
8.09833	535
8.10000	535
8.10167	535
8.10333	535
8.10500	535
8.10667	535
8.10833	536
8.11000	536
8.11167	536
8.11333	537
8.11500	537
8.11667	538
8.11833	539
8.12000	540
8.12167	541
8.12333	543
8.12500	544
8.12667	545
8.12833	545
8.13000	546
8.13167	547
8.13333	547
8.13500	547
8.13667	547
8.13833	547
8.14000	547
8.14167	547
8.14333	546
8.14500	545
8.14667	544
8.14833	544
8.15000	543
8.15167	544
8.15333	545
8.15500	546
8.15667	547
8.15833	549
8.16000	550
8.16167	552
8.16333	554
8.16500	556
8.16667	557
8.16833	557
8.17000	557
8.17167	557
8.17333	556
8.17500	555
8.17667	554
8.17833	554
8.18000	554
8.18167	553
8.18333	553
8.18500	553
8.18667	553
8.18833	554
8.19000	554
8.19167	555
8.19333	556
8.19500	557
8.19667	558
8.19833	559
8.20000	559
8.20167	560
8.20333	560
8.20500	560
8.20667	560
8.20833	559
8.21000	559
8.21167	558
8.21333	557
8.21500	557
8.21667	557
8.21833	557
8.22000	558
8.22167	559
8.22333	561
8.22500	561
8.22667	562
8.22833	562
8.23000	562
8.23167	562
8.23333	562
8.23500	562
8.23667	563
8.23833	563
8.24000	564
8.24167	565
8.24333	566
8.24500	567
8.24667	569
8.24833	570
8.25000	570
8.25167	569
8.25333	568
8.25500	565
8.25667	563
8.25833	561
8.26000	559
8.26167	557
8.26333	556
8.26500	555
8.26667	555
8.26833	555
8.27000	556
8.27167	558
8.27333	559
8.27500	561
8.27667	562
8.27833	563
8.28000	564
8.28167	564
8.28333	565
8.28500	566
8.28667	567
8.28833	568
8.29000	569
8.29167	569
8.29333	570
8.29500	570
8.29667	570
8.29833	571
8.30000	571
8.30167	571
8.30333	571
8.30500	571
8.30667	571
8.30833	571
8.31000	571
8.31167	571
8.31333	572
8.31500	573
8.31667	573
8.31833	573
8.32000	574
8.32167	574
8.32333	574
8.32500	574
8.32667	573
8.32833	573
8.33000	572
8.33167	571
8.33333	570
8.33500	569
8.33667	568
8.33833	567
8.34000	566
8.34167	566
8.34333	566
8.34500	566
8.34667	566
8.34833	567
8.35000	568
8.35167	569
8.35333	570
8.35500	572
8.35667	574
8.35833	575
8.36000	577
8.36167	578
8.36333	580
8.36500	582
8.36667	582
8.36833	582
8.37000	582
8.37167	581
8.37333	580
8.37500	579
8.37667	578
8.37833	576
8.38000	575
8.38167	574
8.38333	573
8.38500	574
8.38667	575
8.38833	576
8.39000	578
8.39167	580
8.39333	581
8.39500	583
8.39667	584
8.39833	585
8.40000	587
8.40167	587
8.40333	588
8.40500	588
8.40667	588
8.40833	588
8.41000	588
8.41167	588
8.41333	588
8.41500	588
8.41667	588
8.41833	588
8.42000	588
8.42167	588
8.42333	587
8.42500	587
8.42667	587
8.42833	586
8.43000	585
8.43167	584
8.43333	583
8.43500	582
8.43667	582
8.43833	581
8.44000	581
8.44167	581
8.44333	582
8.44500	583
8.44667	584
8.44833	586
8.45000	586
8.45167	586
8.45333	585
8.45500	584
8.45667	582
8.45833	581
8.46000	580
8.46167	580
8.46333	581
8.46500	581
8.46667	582
8.46833	584
8.47000	587
8.47167	590
8.47333	593
8.47500	595
8.47667	597
8.47833	598
8.48000	600
8.48167	600
8.48333	601
8.48500	601
8.48667	600
8.48833	599
8.49000	599
8.49167	598
8.49333	597
8.49500	596
8.49667	596
8.49833	595
8.50000	595
8.50167	594
8.50333	594
8.50500	594
8.50667	594
8.50833	594
8.51000	594
8.51167	595
8.51333	596
8.51500	597
8.51667	597
8.51833	598
8.52000	598
8.52167	599
8.52333	599
8.52500	599
8.52667	599
8.52833	599
8.53000	598
8.53167	598
8.53333	598
8.53500	599
8.53667	599
8.53833	601
8.54000	602
8.54167	604
8.54333	605
8.54500	606
8.54667	607
8.54833	607
8.55000	608
8.55167	608
8.55333	609
8.55500	609
8.55667	609
8.55833	609
8.56000	608
8.56167	607
8.56333	606
8.56500	605
8.56667	603
8.56833	602
8.57000	600
8.57167	598
8.57333	596
8.57500	594
8.57667	593
8.57833	593
8.58000	593
8.58167	593
8.58333	594
8.58500	595
8.58667	597
8.58833	599
8.59000	601
8.59167	603
8.59333	604
8.59500	605
8.59667	606
8.59833	607
8.60000	607
8.60167	608
8.60333	608
8.60500	608
8.60667	608
8.60833	608
8.61000	609
8.61167	610
8.61333	611
8.61500	612
8.61667	613
8.61833	614
8.62000	615
8.62167	615
8.62333	616
8.62500	617
8.62667	617
8.62833	617
8.63000	617
8.63167	617
8.63333	617
8.63500	616
8.63667	615
8.63833	614
8.64000	612
8.64167	611
8.64333	611
8.64500	610
8.64667	610
8.64833	610
8.65000	610
8.65167	610
8.65333	611
8.65500	612
8.65667	613
8.65833	614
8.66000	615
8.66167	615
8.66333	616
8.66500	617
8.66667	618
8.66833	619
8.67000	621
8.67167	622
8.67333	624
8.67500	625
8.67667	627
8.67833	628
8.68000	630
8.68167	631
8.68333	632
8.68500	632
8.68667	632
8.68833	631
8.69000	631
8.69167	630
8.69333	629
8.69500	628
8.69667	628
8.69833	627
8.70000	626
8.70167	625
8.70333	625
8.70500	625
8.70667	624
8.70833	624
8.71000	624
8.71167	623
8.71333	623
8.71500	623
8.71667	623
8.71833	623
8.72000	623
8.72167	623
8.72333	623
8.72500	624
8.72667	624
8.72833	625
8.73000	626
8.73167	627
8.73333	628
8.73500	629
8.73667	629
8.73833	630
8.74000	630
8.74167	631
8.74333	631
8.74500	632
8.74667	632
8.74833	632
8.75000	633
8.75167	633
8.75333	634
8.75500	635
8.75667	636
8.75833	636
8.76000	637
8.76167	637
8.76333	638
8.76500	639
8.76667	639
8.76833	639
8.77000	640
8.77167	640
8.77333	640
8.77500	640
8.77667	640
8.77833	640
8.78000	640
8.78167	641
8.78333	641
8.78500	641
8.78667	640
8.78833	639
8.79000	638
8.79167	638
8.79333	637
8.79500	637
8.79667	637
8.79833	637
8.80000	637
8.80167	637
8.80333	637
8.80500	637
8.80667	637
8.80833	637
8.81000	636
8.81167	635
8.81333	634
8.81500	633
8.81667	632
8.81833	632
8.82000	632
8.82167	633
8.82333	635
8.82500	636
8.82667	638
8.82833	640
8.83000	642
8.83167	644
8.83333	645
8.83500	646
8.83667	646
8.83833	646
8.84000	646
8.84167	646
8.84333	646
8.84500	645
8.84667	645
8.84833	645
8.85000	644
8.85167	644
8.85333	644
8.85500	643
8.85667	643
8.85833	643
8.86000	643
8.86167	643
8.86333	644
8.86500	644
8.86667	645
8.86833	645
8.87000	646
8.87167	646
8.87333	646
8.87500	646
8.87667	646
8.87833	645
8.88000	645
8.88167	644
8.88333	644
8.88500	644
8.88667	645
8.88833	647
8.89000	648
8.89167	650
8.89333	651
8.89500	653
8.89667	654
8.89833	655
8.90000	656
8.90167	656
8.90333	656
8.90500	655
8.90667	654
8.90833	653
8.91000	653
8.91167	654
8.91333	655
8.91500	655
8.91667	656
8.91833	656
8.92000	656
8.92167	656
8.92333	656
8.92500	656
8.92667	656
8.92833	656
8.93000	657
8.93167	657
8.93333	658
8.93500	658
8.93667	658
8.93833	658
8.94000	658
8.94167	658
8.94333	658
8.94500	658
8.94667	657
8.94833	657
8.95000	656
8.95167	657
8.95333	657
8.95500	659
8.95667	660
8.95833	660
8.96000	661
8.96167	661
8.96333	661
8.96500	660
8.96667	660
8.96833	659
8.97000	659
8.97167	658
8.97333	657
8.97500	657
8.97667	658
8.97833	659
8.98000	660
8.98167	662
8.98333	663
8.98500	665
8.98667	666
8.98833	667
8.99000	668
8.99167	668
8.99333	668
8.99500	668
8.99667	667
8.99833	666
9.00000	666
9.00167	666
9.00333	667
9.00500	668
9.00667	669
9.00833	670
9.01000	671
9.01167	671
9.01333	671
9.01500	671
9.01667	671
9.01833	670
9.02000	669
9.02167	668
9.02333	667
9.02500	667
9.02667	667
9.02833	668
9.03000	669
9.03167	670
9.03333	671
9.03500	672
9.03667	673
9.03833	674
9.04000	675
9.04167	676
9.04333	676
9.04500	677
9.04667	676
9.04833	676
9.05000	676
9.05167	675
9.05333	674
9.05500	673
9.05667	672
9.05833	671
9.06000	670
9.06167	670
9.06333	669
9.06500	669
9.06667	669
9.06833	670
9.07000	671
9.07167	673
9.07333	675
9.07500	676
9.07667	678
9.07833	679
9.08000	681
9.08167	682
9.08333	683
9.08500	683
9.08667	684
9.08833	684
9.09000	684
9.09167	684
9.09333	684
9.09500	683
9.09667	683
9.09833	683
9.10000	683
9.10167	683
9.10333	683
9.10500	684
9.10667	684
9.10833	685
9.11000	685
9.11167	686
9.11333	686
9.11500	687
9.11667	687
9.11833	688
9.12000	688
9.12167	688
9.12333	688
9.12500	688
9.12667	687
9.12833	687
9.13000	686
9.13167	686
9.13333	685
9.13500	685
9.13667	684
9.13833	683
9.14000	683
9.14167	682
9.14333	682
9.14500	682
9.14667	682
9.14833	683
9.15000	683
9.15167	684
9.15333	684
9.15500	685
9.15667	686
9.15833	686
9.16000	687
9.16167	687
9.16333	687
9.16500	688
9.16667	688
9.16833	688
9.17000	689
9.17167	689
9.17333	689
9.17500	689
9.17667	689
9.17833	689
9.18000	688
9.18167	688
9.18333	688
9.18500	688
9.18667	688
9.18833	689
9.19000	690
9.19167	690
9.19333	691
9.19500	691
9.19667	692
9.19833	693
9.20000	693
9.20167	693
9.20333	693
9.20500	693
9.20667	693
9.20833	693
9.21000	693
9.21167	693
9.21333	694
9.21500	695
9.21667	696
9.21833	697
9.22000	698
9.22167	700
9.22333	701
9.22500	702
9.22667	703
9.22833	703
9.23000	703
9.23167	703
9.23333	703
9.23500	702
9.23667	701
9.23833	700
9.24000	698
9.24167	697
9.24333	696
9.24500	695
9.24667	695
9.24833	695
9.25000	696
9.25167	697
9.25333	697
9.25500	698
9.25667	699
9.25833	700
9.26000	701
9.26167	701
9.26333	701
9.26500	701
9.26667	701
9.26833	701
9.27000	701
9.27167	701
9.27333	701
9.27500	701
9.27667	701
9.27833	702
9.28000	702
9.28167	703
9.28333	704
9.28500	704
9.28667	705
9.28833	705
9.29000	705
9.29167	705
9.29333	705
9.29500	704
9.29667	703
9.29833	702
9.30000	701
9.30167	701
9.30333	701
9.30500	702
9.30667	703
9.30833	704
9.31000	705
9.31167	706
9.31333	707
9.31500	709
9.31667	709
9.31833	710
9.32000	711
9.32167	711
9.32333	712
9.32500	712
9.32667	712
9.32833	712
9.33000	712
9.33167	711
9.33333	710
9.33500	709
9.33667	707
9.33833	705
9.34000	703
9.34167	701
9.34333	700
9.34500	700
9.34667	699
9.34833	700
9.35000	701
9.35167	703
9.35333	706
9.35500	710
9.35667	713
9.35833	716
9.36000	718
9.36167	719
9.36333	720
9.36500	721
9.36667	721
9.36833	721
9.37000	720
9.37167	719
9.37333	718
9.37500	717
9.37667	716
9.37833	715
9.38000	714
9.38167	714
9.38333	713
9.38500	713
9.38667	712
9.38833	712
9.39000	712
9.39167	713
9.39333	713
9.39500	713
9.39667	714
9.39833	714
9.40000	715
9.40167	715
9.40333	714
9.40500	714
9.40667	714
9.40833	714
9.41000	714
9.41167	715
9.41333	717
9.41500	718
9.41667	720
9.41833	721
9.42000	721
9.42167	722
9.42333	723
9.42500	723
9.42667	723
9.42833	722
9.43000	721
9.43167	720
9.43333	720
9.43500	719
9.43667	719
9.43833	719
9.44000	719
9.44167	720
9.44333	721
9.44500	722
9.44667	723
9.44833	724
9.45000	726
9.45167	727
9.45333	729
9.45500	730
9.45667	732
9.45833	733
9.46000	732
9.46167	732
9.46333	731
9.46500	730
9.46667	729
9.46833	728
9.47000	728
9.47167	728
9.47333	728
9.47500	729
9.47667	730
9.47833	732
9.48000	735
9.48167	737
9.48333	739
9.48500	739
9.48667	739
9.48833	738
9.49000	737
9.49167	736
9.49333	735
9.49500	734
9.49667	733
9.49833	732
9.50000	731
9.50167	731
9.50333	731
9.50500	732
9.50667	734
9.50833	735
9.51000	735
9.51167	736
9.51333	737
9.51500	738
9.51667	738
9.51833	738
9.52000	739
9.52167	739
9.52333	739
9.52500	739
9.52667	739
9.52833	740
9.53000	741
9.53167	742
9.53333	742
9.53500	743
9.53667	743
9.53833	742
9.54000	742
9.54167	742
9.54333	741
9.54500	741
9.54667	741
9.54833	741
9.55000	742
9.55167	742
9.55333	742
9.55500	743
9.55667	743
9.55833	744
9.56000	744
9.56167	745
9.56333	745
9.56500	746
9.56667	747
9.56833	748
9.57000	749
9.57167	751
9.57333	752
9.57500	753
9.57667	753
9.57833	753
9.58000	753
9.58167	753
9.58333	752
9.58500	751
9.58667	750
9.58833	749
9.59000	748
9.59167	747
9.59333	747
9.59500	747
9.59667	747
9.59833	748
9.60000	749
9.60167	749
9.60333	750
9.60500	751
9.60667	751
9.60833	752
9.61000	751
9.61167	751
9.61333	749
9.61500	748
9.61667	746
9.61833	745
9.62000	744
9.62167	742
9.62333	741
9.62500	740
9.62667	741
9.62833	741
9.63000	743
9.63167	745
9.63333	746
9.63500	749
9.63667	751
9.63833	753
9.64000	756
9.64167	757
9.64333	758
9.64500	759
9.64667	759
9.64833	758
9.65000	757
9.65167	757
9.65333	756
9.65500	755
9.65667	754
9.65833	753
9.66000	753
9.66167	753
9.66333	753
9.66500	753
9.66667	753
9.66833	753
9.67000	753
9.67167	754
9.67333	754
9.67500	754
9.67667	754
9.67833	755
9.68000	755
9.68167	756
9.68333	756
9.68500	757
9.68667	758
9.68833	759
9.69000	760
9.69167	760
9.69333	761
9.69500	762
9.69667	762
9.69833	763
9.70000	764
9.70167	765
9.70333	766
9.70500	767
9.70667	768
9.70833	769
9.71000	769
9.71167	768
9.71333	767
9.71500	766
9.71667	765
9.71833	764
9.72000	763
9.72167	761
9.72333	760
9.72500	760
9.72667	759
9.72833	760
9.73000	761
9.73167	762
9.73333	763
9.73500	765
9.73667	766
9.73833	768
9.74000	769
9.74167	771
9.74333	771
9.74500	772
9.74667	772
9.74833	772
9.75000	772
9.75167	771
9.75333	771
9.75500	770
9.75667	770
9.75833	770
9.76000	770
9.76167	770
9.76333	770
9.76500	771
9.76667	771
9.76833	771
9.77000	770
9.77167	770
9.77333	769
9.77500	769
9.77667	769
9.77833	770
9.78000	771
9.78167	771
9.78333	772
9.78500	772
9.78667	772
9.78833	772
9.79000	772
9.79167	772
9.79333	771
9.79500	771
9.79667	771
9.79833	770
9.80000	770
9.80167	771
9.80333	771
9.80500	772
9.80667	773
9.80833	774
9.81000	775
9.81167	775
9.81333	775
9.81500	775
9.81667	775
9.81833	775
9.82000	774
9.82167	774
9.82333	773
9.82500	773
9.82667	772
9.82833	771
9.83000	770
9.83167	769
9.83333	768
9.83500	768
9.83667	767
9.83833	768
9.84000	768
9.84167	769
9.84333	771
9.84500	773
9.84667	775
9.84833	778
9.85000	779
9.85167	781
9.85333	781
9.85500	782
9.85667	782
9.85833	782
9.86000	782
9.86167	781
9.86333	781
9.86500	780
9.86667	780
9.86833	780
9.87000	780
9.87167	780
9.87333	781
9.87500	782
9.87667	782
9.87833	783
9.88000	784
9.88167	786
9.88333	787
9.88500	787
9.88667	788
9.88833	789
9.89000	789
9.89167	790
9.89333	789
9.89500	789
9.89667	788
9.89833	787
9.90000	786
9.90167	784
9.90333	783
9.90500	782
9.90667	781
9.90833	780
9.91000	780
9.91167	779
9.91333	779
9.91500	779
9.91667	781
9.91833	783
9.92000	785
9.92167	789
9.92333	792
9.92500	795
9.92667	796
9.92833	798
9.93000	799
9.93167	799
9.93333	799
9.93500	798
9.93667	797
9.93833	795
9.94000	793
9.94167	792
9.94333	791
9.94500	791
9.94667	791
9.94833	792
9.95000	792
9.95167	792
9.95333	792
9.95500	791
9.95667	791
9.95833	790
9.96000	790
9.96167	789
9.96333	789
9.96500	789
9.96667	788
9.96833	788
9.97000	788
9.97167	788
9.97333	789
9.97500	789
9.97667	790
9.97833	790
9.98000	790
9.98167	791
9.98333	791
9.98500	792
9.98667	792
9.98833	793
9.99000	793
9.99167	794
9.99333	794
9.99500	794
9.99667	794
9.99833	794
10.00000	793
10.00167	793
10.00333	793
10.00500	793
10.00667	793
10.00833	793
10.01000	794
10.01167	795
10.01333	797
10.01500	799
10.01667	800
10.01833	801
10.02000	802
10.02167	803
10.02333	803
10.02500	804
10.02667	803
10.02833	803
10.03000	802
10.03167	801
10.03333	801
10.03500	800
10.03667	801
10.03833	801
10.04000	802
10.04167	802
10.04333	803
10.04500	803
10.04667	803
10.04833	804
10.05000	804
10.05167	804
10.05333	804
10.05500	804
10.05667	804
10.05833	804
10.06000	804
10.06167	804
10.06333	804
10.06500	805
10.06667	804
10.06833	804
10.07000	804
10.07167	803
10.07333	803
10.07500	802
10.07667	802
10.07833	803
10.08000	803
10.08167	804
10.08333	805
10.08500	806
10.08667	806
10.08833	807
10.09000	808
10.09167	809
10.09333	809
10.09500	810
10.09667	810
10.09833	810
10.10000	811
10.10167	811
10.10333	812
10.10500	812
10.10667	813
10.10833	813
10.11000	814
10.11167	815
10.11333	816
10.11500	817
10.11667	817
10.11833	818
10.12000	818
10.12167	819
10.12333	819
10.12500	819
10.12667	818
10.12833	817
10.13000	816
10.13167	814
10.13333	813
10.13500	812
10.13667	812
10.13833	812
10.14000	812
10.14167	812
10.14333	813
10.14500	815
10.14667	816
10.14833	818
10.15000	819
10.15167	820
10.15333	820
10.15500	820
10.15667	820
10.15833	820
10.16000	819
10.16167	818
10.16333	817
10.16500	817
10.16667	816
10.16833	816
10.17000	816
10.17167	817
10.17333	817
10.17500	818
10.17667	819
10.17833	820
10.18000	821
10.18167	823
10.18333	824
10.18500	824
10.18667	825
10.18833	825
10.19000	825
10.19167	825
10.19333	826
10.19500	826
10.19667	826
10.19833	827
10.20000	827
10.20167	828
10.20333	829
10.20500	830
10.20667	830
10.20833	831
10.21000	830
10.21167	830
10.21333	829
10.21500	829
10.21667	828
10.21833	828
10.22000	829
10.22167	829
10.22333	830
10.22500	830
10.22667	831
10.22833	830
10.23000	830
10.23167	829
10.23333	829
10.23500	828
10.23667	828
10.23833	829
10.24000	829
10.24167	829
10.24333	830
10.24500	830
10.24667	831
10.24833	832
10.25000	832
10.25167	832
10.25333	832
10.25500	831
10.25667	831
10.25833	830
10.26000	830
10.26167	830
10.26333	829
10.26500	829
10.26667	829
10.26833	828
10.27000	827
10.27167	826
10.27333	826
10.27500	825
10.27667	826
10.27833	826
10.28000	828
10.28167	829
10.28333	830
10.28500	831
10.28667	831
10.28833	832
10.29000	832
10.29167	832
10.29333	831
10.29500	831
10.29667	830
10.29833	829
10.30000	829
10.30167	828
10.30333	829
10.30500	829
10.30667	830
10.30833	831
10.31000	832
10.31167	833
10.31333	834
10.31500	835
10.31667	836
10.31833	837
10.32000	838
10.32167	839
10.32333	839
10.32500	840
10.32667	841
10.32833	841
10.33000	842
10.33167	843
10.33333	843
10.33500	844
10.33667	844
10.33833	844
10.34000	845
10.34167	845
10.34333	846
10.34500	846
10.34667	847
10.34833	847
10.35000	847
10.35167	847
10.35333	847
10.35500	847
10.35667	847
10.35833	846
10.36000	846
10.36167	846
10.36333	845
10.36500	845
10.36667	845
10.36833	845
10.37000	845
10.37167	845
10.37333	845
10.37500	845
10.37667	845
10.37833	845
10.38000	844
10.38167	844
10.38333	844
10.38500	844
10.38667	844
10.38833	845
10.39000	846
10.39167	846
10.39333	847
10.39500	847
10.39667	848
10.39833	848
10.40000	848
10.40167	848
10.40333	849
10.40500	849
10.40667	848
10.40833	848
10.41000	848
10.41167	848
10.41333	848
10.41500	847
10.41667	847
10.41833	847
10.42000	846
10.42167	846
10.42333	846
10.42500	846
10.42667	846
10.42833	846
10.43000	846
10.43167	846
10.43333	847
10.43500	847
10.43667	847
10.43833	846
10.44000	846
10.44167	846
10.44333	846
10.44500	845
10.44667	844
10.44833	844
10.45000	844
10.45167	844
10.45333	845
10.45500	846
10.45667	848
10.45833	849
10.46000	850
10.46167	851
10.46333	852
10.46500	853
10.46667	854
10.46833	855
10.47000	855
10.47167	856
10.47333	856
10.47500	856
10.47667	856
10.47833	856
10.48000	855
10.48167	854
10.48333	853
10.48500	852
10.48667	852
10.48833	851
10.49000	851
10.49167	851
10.49333	852
10.49500	854
10.49667	857
10.49833	859
10.50000	861
10.50167	863
10.50333	864
10.50500	865
10.50667	866
10.50833	866
10.51000	865
10.51167	864
10.51333	863
10.51500	861
10.51667	860
10.51833	860
10.52000	859
10.52167	860
10.52333	860
10.52500	861
10.52667	861
10.52833	862
10.53000	863
10.53167	864
10.53333	864
10.53500	865
10.53667	866
10.53833	867
10.54000	868
10.54167	868
10.54333	868
10.54500	868
10.54667	868
10.54833	868
10.55000	867
10.55167	866
10.55333	864
10.55500	862
10.55667	861
10.55833	860
10.56000	860
10.56167	861
10.56333	862
10.56500	863
10.56667	865
10.56833	866
10.57000	868
10.57167	869
10.57333	871
10.57500	871
10.57667	872
10.57833	872
10.58000	871
10.58167	870
10.58333	869
10.58500	869
10.58667	868
10.58833	868
10.59000	868
10.59167	868
10.59333	867
10.59500	867
10.59667	867
10.59833	866
10.60000	866
10.60167	866
10.60333	866
10.60500	865
10.60667	865
10.60833	865
10.61000	865
10.61167	865
10.61333	865
10.61500	865
10.61667	865
10.61833	866
10.62000	866
10.62167	866
10.62333	867
10.62500	867
10.62667	867
10.62833	866
10.63000	866
10.63167	866
10.63333	865
10.63500	865
10.63667	866
10.63833	866
10.64000	867
10.64167	867
10.64333	868
10.64500	869
10.64667	871
10.64833	872
10.65000	872
10.65167	872
10.65333	871
10.65500	870
10.65667	869
10.65833	868
10.66000	867
10.66167	866
10.66333	866
10.66500	866
10.66667	866
10.66833	868
10.67000	870
10.67167	873
10.67333	876
10.67500	878
10.67667	879
10.67833	880
10.68000	880
10.68167	880
10.68333	880
10.68500	879
10.68667	878
10.68833	877
10.69000	876
10.69167	875
10.69333	875
10.69500	875
10.69667	876
10.69833	878
10.70000	879
10.70167	879
10.70333	880
10.70500	881
10.70667	881
10.70833	881
10.71000	881
10.71167	881
10.71333	881
10.71500	881
10.71667	881
10.71833	880
10.72000	880
10.72167	880
10.72333	880
10.72500	879
10.72667	879
10.72833	879
10.73000	878
10.73167	878
10.73333	877
10.73500	877
10.73667	877
10.73833	878
10.74000	878
10.74167	878
10.74333	878
10.74500	877
10.74667	877
10.74833	876
10.75000	876
10.75167	876
10.75333	877
10.75500	877
10.75667	878
10.75833	879
10.76000	880
10.76167	881
10.76333	883
10.76500	884
10.76667	885
10.76833	886
10.77000	886
10.77167	887
10.77333	887
10.77500	887
10.77667	887
10.77833	887
10.78000	888
10.78167	888
10.78333	889
10.78500	890
10.78667	890
10.78833	891
10.79000	891
10.79167	891
10.79333	891
10.79500	891
10.79667	890
10.79833	890
10.80000	889
10.80167	888
10.80333	888
10.80500	887
10.80667	887
10.80833	886
10.81000	886
10.81167	886
10.81333	886
10.81500	886
10.81667	887
10.81833	888
10.82000	888
10.82167	889
10.82333	890
10.82500	891
10.82667	891
10.82833	891
10.83000	892
10.83167	892
10.83333	892
10.83500	892
10.83667	892
10.83833	892
10.84000	892
10.84167	892
10.84333	891
10.84500	891
10.84667	892
10.84833	892
10.85000	892
10.85167	892
10.85333	891
10.85500	891
10.85667	890
10.85833	889
10.86000	889
10.86167	888
10.86333	887
10.86500	886
10.86667	886
10.86833	886
10.87000	887
10.87167	888
10.87333	890
10.87500	891
10.87667	893
10.87833	894
10.88000	896
10.88167	898
10.88333	899
10.88500	900
10.88667	900
10.88833	901
10.89000	901
10.89167	901
10.89333	901
10.89500	900
10.89667	899
10.89833	898
10.90000	897
10.90167	896
10.90333	895
10.90500	894
10.90667	894
10.90833	894
10.91000	895
10.91167	896
10.91333	897
10.91500	899
10.91667	900
10.91833	901
10.92000	901
10.92167	902
10.92333	902
10.92500	903
10.92667	903
10.92833	903
10.93000	904
10.93167	904
10.93333	905
10.93500	905
10.93667	905
10.93833	906
10.94000	906
10.94167	906
10.94333	905
10.94500	904
10.94667	903
10.94833	903
10.95000	902
10.95167	901
10.95333	901
10.95500	901
10.95667	901
10.95833	901
10.96000	902
10.96167	902
10.96333	903
10.96500	904
10.96667	905
10.96833	906
10.97000	906
10.97167	906
10.97333	906
10.97500	906
10.97667	906
10.97833	905
10.98000	905
10.98167	905
10.98333	904
10.98500	904
10.98667	904
10.98833	904
10.99000	904
10.99167	904
10.99333	904
10.99500	904
10.99667	905
10.99833	905
11.00000	905
11.00167	904
11.00333	904
11.00500	903
11.00667	903
11.00833	902
11.01000	902
11.01167	903
11.01333	903
11.01500	904
11.01667	905
11.01833	906
11.02000	908
11.02167	910
11.02333	911
11.02500	912
11.02667	912
11.02833	912
11.03000	911
11.03167	910
11.03333	909
11.03500	909
11.03667	909
11.03833	909
11.04000	909
11.04167	910
11.04333	911
11.04500	912
11.04667	914
11.04833	916
11.05000	917
11.05167	918
11.05333	918
11.05500	918
11.05667	917
11.05833	916
11.06000	915
11.06167	914
11.06333	912
11.06500	910
11.06667	909
11.06833	908
11.07000	908
11.07167	908
11.07333	908
11.07500	909
11.07667	910
11.07833	912
11.08000	914
11.08167	916
11.08333	918
11.08500	919
11.08667	920
11.08833	920
11.09000	920
11.09167	920
11.09333	920
11.09500	919
11.09667	919
11.09833	919
11.10000	918
11.10167	918
11.10333	918
11.10500	919
11.10667	919
11.10833	920
11.11000	920
11.11167	921
11.11333	921
11.11500	921
11.11667	922
11.11833	922
11.12000	923
11.12167	924
11.12333	924
11.12500	925
11.12667	926
11.12833	926
11.13000	927
11.13167	927
11.13333	928
11.13500	929
11.13667	929
11.13833	930
11.14000	930
11.14167	931
11.14333	931
11.14500	931
11.14667	930
11.14833	930
11.15000	930
11.15167	929
11.15333	929
11.15500	928
11.15667	927
11.15833	927
11.16000	927
11.16167	926
11.16333	926
11.16500	925
11.16667	925
11.16833	925
11.17000	926
11.17167	926
11.17333	927
11.17500	927
11.17667	928
11.17833	929
11.18000	930
11.18167	930
11.18333	931
11.18500	931
11.18667	931
11.18833	931
11.19000	931
11.19167	931
11.19333	930
11.19500	930
11.19667	929
11.19833	929
11.20000	929
11.20167	929
11.20333	929
11.20500	930
11.20667	931
11.20833	932
11.21000	933
11.21167	934
11.21333	935
11.21500	937
11.21667	938
11.21833	938
11.22000	939
11.22167	939
11.22333	939
11.22500	939
11.22667	939
11.22833	939
11.23000	938
11.23167	938
11.23333	938
11.23500	938
11.23667	938
11.23833	939
11.24000	940
11.24167	940
11.24333	941
11.24500	942
11.24667	942
11.24833	943
11.25000	943
11.25167	943
11.25333	942
11.25500	941
11.25667	940
11.25833	940
11.26000	939
11.26167	939
11.26333	938
11.26500	938
11.26667	938
11.26833	938
11.27000	938
11.27167	938
11.27333	939
11.27500	939
11.27667	939
11.27833	939
11.28000	939
11.28167	939
11.28333	939
11.28500	939
11.28667	940
11.28833	940
11.29000	941
11.29167	942
11.29333	943
11.29500	944
11.29667	945
11.29833	946
11.30000	947
11.30167	947
11.30333	948
11.30500	948
11.30667	948
11.30833	949
11.31000	949
11.31167	949
11.31333	950
11.31500	950
11.31667	951
11.31833	951
11.32000	951
11.32167	952
11.32333	952
11.32500	952
11.32667	951
11.32833	950
11.33000	949
11.33167	947
11.33333	946
11.33500	946
11.33667	945
11.33833	945
11.34000	945
11.34167	945
11.34333	945
11.34500	945
11.34667	946
11.34833	946
11.35000	947
11.35167	948
11.35333	948
11.35500	948
11.35667	948
11.35833	948
11.36000	949
11.36167	949
11.36333	950
11.36500	950
11.36667	950
11.36833	950
11.37000	949
11.37167	948
11.37333	947
11.37500	946
11.37667	945
11.37833	945
11.38000	945
11.38167	945
11.38333	945
11.38500	946
11.38667	947
11.38833	949
11.39000	950
11.39167	951
11.39333	952
11.39500	952
11.39667	953
11.39833	953
11.40000	953
11.40167	954
11.40333	954
11.40500	954
11.40667	954
11.40833	953
11.41000	953
11.41167	953
11.41333	952
11.41500	951
11.41667	951
11.41833	950
11.42000	950
11.42167	950
11.42333	950
11.42500	949
11.42667	949
11.42833	949
11.43000	949
11.43167	949
11.43333	948
11.43500	948
11.43667	948
11.43833	949
11.44000	949
11.44167	950
11.44333	951
11.44500	953
11.44667	955
11.44833	957
11.45000	959
11.45167	960
11.45333	962
11.45500	963
11.45667	964
11.45833	965
11.46000	964
11.46167	963
11.46333	962
11.46500	960
11.46667	959
11.46833	957
11.47000	956
11.47167	954
11.47333	952
11.47500	951
11.47667	950
11.47833	950
11.48000	950
11.48167	951
11.48333	951
11.48500	953
11.48667	954
11.48833	956
11.49000	957
11.49167	958
11.49333	959
11.49500	959
11.49667	959
11.49833	958
11.50000	958
11.50167	957
11.50333	957
11.50500	957
11.50667	957
11.50833	958
11.51000	958
11.51167	960
11.51333	961
11.51500	963
11.51667	964
11.51833	965
11.52000	965
11.52167	965
11.52333	965
11.52500	965
11.52667	964
11.52833	963
11.53000	961
11.53167	960
11.53333	959
11.53500	957
11.53667	956
11.53833	955
11.54000	954
11.54167	954
11.54333	954
11.54500	955
11.54667	957
11.54833	959
11.55000	961
11.55167	962
11.55333	964
11.55500	965
11.55667	966
11.55833	966
11.56000	965
11.56167	963
11.56333	961
11.56500	959
11.56667	957
11.56833	956
11.57000	955
11.57167	955
11.57333	955
11.57500	955
11.57667	956
11.57833	957
11.58000	959
11.58167	961
11.58333	962
11.58500	963
11.58667	964
11.58833	964
11.59000	965
11.59167	966
11.59333	966
11.59500	967
11.59667	967
11.59833	967
11.60000	968
11.60167	968
11.60333	968
11.60500	968
11.60667	968
11.60833	967
11.61000	966
11.61167	965
11.61333	963
11.61500	961
11.61667	960
11.61833	959
11.62000	958
11.62167	958
11.62333	958
11.62500	959
11.62667	960
11.62833	961
11.63000	962
11.63167	963
11.63333	964
11.63500	965
11.63667	965
11.63833	965
11.64000	964
11.64167	963
11.64333	962
11.64500	961
11.64667	960
11.64833	959
11.65000	958
11.65167	959
11.65333	960
11.65500	961
11.65667	963
11.65833	965
11.66000	967
11.66167	969
11.66333	971
11.66500	972
11.66667	973
11.66833	974
11.67000	973
11.67167	972
11.67333	971
11.67500	969
11.67667	968
11.67833	966
11.68000	964
11.68167	962
11.68333	961
11.68500	959
11.68667	959
11.68833	958
11.69000	957
11.69167	957
11.69333	957
11.69500	958
11.69667	959
11.69833	960
11.70000	961
11.70167	962
11.70333	962
11.70500	963
11.70667	963
11.70833	963
11.71000	963
11.71167	962
11.71333	962
11.71500	961
11.71667	961
11.71833	961
11.72000	962
11.72167	963
11.72333	964
11.72500	965
11.72667	966
11.72833	967
11.73000	968
11.73167	968
11.73333	969
11.73500	970
11.73667	970
11.73833	970
11.74000	970
11.74167	970
11.74333	970
11.74500	970
11.74667	970
11.74833	971
11.75000	971
11.75167	971
11.75333	972
11.75500	972
11.75667	972
11.75833	973
11.76000	973
11.76167	974
11.76333	975
11.76500	976
11.76667	976
11.76833	977
11.77000	977
11.77167	977
11.77333	976
11.77500	976
11.77667	976
11.77833	975
11.78000	974
11.78167	974
11.78333	973
11.78500	973
11.78667	972
11.78833	972
11.79000	972
11.79167	971
11.79333	970
11.79500	969
11.79667	968
11.79833	967
11.80000	966
11.80167	965
11.80333	965
11.80500	964
11.80667	964
11.80833	965
11.81000	965
11.81167	966
11.81333	967
11.81500	967
11.81667	968
11.81833	969
11.82000	969
11.82167	969
11.82333	968
11.82500	968
11.82667	967
11.82833	966
11.83000	966
11.83167	965
11.83333	964
11.83500	963
11.83667	962
11.83833	961
11.84000	960
11.84167	960
11.84333	960
11.84500	960
11.84667	961
11.84833	962
11.85000	962
11.85167	963
11.85333	964
11.85500	965
11.85667	965
11.85833	966
11.86000	967
11.86167	967
11.86333	968
11.86500	969
11.86667	969
11.86833	970
11.87000	971
11.87167	972
11.87333	972
11.87500	973
11.87667	973
11.87833	973
11.88000	972
11.88167	971
11.88333	971
11.88500	970
11.88667	969
11.88833	968
11.89000	967
11.89167	967
11.89333	967
11.89500	966
11.89667	966
11.89833	966
11.90000	966
11.90167	966
11.90333	967
11.90500	967
11.90667	966
11.90833	966
11.91000	966
11.91167	966
11.91333	965
11.91500	965
11.91667	964
11.91833	964
11.92000	963
11.92167	962
11.92333	962
11.92500	961
11.92667	961
11.92833	962
11.93000	962
11.93167	962
11.93333	963
11.93500	963
11.93667	964
11.93833	964
11.94000	964
11.94167	965
11.94333	965
11.94500	965
11.94667	964
11.94833	964
11.95000	964
11.95167	964
11.95333	963
11.95500	963
11.95667	963
11.95833	963
11.96000	963
11.96167	962
11.96333	961
11.96500	961
11.96667	960
11.96833	959
11.97000	959
11.97167	958
11.97333	958
11.97500	958
11.97667	957
11.97833	957
11.98000	956
11.98167	956
11.98333	955
11.98500	955
11.98667	954
11.98833	953
11.99000	952
11.99167	952
11.99333	952
11.99500	952
11.99667	953
11.99833	954
12.00000	955
12.00167	956
12.00333	957
12.00500	959
12.00667	960
12.00833	961
12.01000	961
12.01167	961
12.01333	961
12.01500	960
12.01667	960
12.01833	959
12.02000	959
12.02167	958
12.02333	958
12.02500	957
12.02667	956
12.02833	956
12.03000	955
12.03167	954
12.03333	954
12.03500	953
12.03667	952
12.03833	951
12.04000	951
12.04167	950
12.04333	951
12.04500	951
12.04667	952
12.04833	954
12.05000	955
12.05167	956
12.05333	958
12.05500	959
12.05667	960
12.05833	961
12.06000	960
12.06167	959
12.06333	958
12.06500	957
12.06667	955
12.06833	954
12.07000	953
12.07167	952
12.07333	952
12.07500	952
12.07667	952
12.07833	953
12.08000	955
12.08167	956
12.08333	957
12.08500	959
12.08667	959
12.08833	960
12.09000	961
12.09167	962
12.09333	962
12.09500	962
12.09667	962
12.09833	961
12.10000	961
12.10167	960
12.10333	960
12.10500	959
12.10667	959
12.10833	958
12.11000	957
12.11167	956
12.11333	955
12.11500	954
12.11667	954
12.11833	953
12.12000	953
12.12167	953
12.12333	953
12.12500	953
12.12667	953
12.12833	954
12.13000	954
12.13167	955
12.13333	956
12.13500	956
12.13667	955
12.13833	955
12.14000	954
12.14167	954
12.14333	953
12.14500	952
12.14667	952
12.14833	951
12.15000	951
12.15167	951
12.15333	952
12.15500	953
12.15667	954
12.15833	955
12.16000	955
12.16167	955
12.16333	955
12.16500	955
12.16667	955
12.16833	955
12.17000	955
12.17167	955
12.17333	955
12.17500	956
12.17667	957
12.17833	959
12.18000	960
12.18167	962
12.18333	963
12.18500	963
12.18667	963
12.18833	963
12.19000	963
12.19167	962
12.19333	961
12.19500	959
12.19667	958
12.19833	957
12.20000	955
12.20167	955
12.20333	954
12.20500	953
12.20667	953
12.20833	952
12.21000	952
12.21167	951
12.21333	951
12.21500	951
12.21667	950
12.21833	950
12.22000	949
12.22167	949
12.22333	949
12.22500	948
12.22667	948
12.22833	947
12.23000	947
12.23167	947
12.23333	947
12.23500	947
12.23667	948
12.23833	948
12.24000	949
12.24167	949
12.24333	950
12.24500	951
12.24667	952
12.24833	953
12.25000	954
12.25167	954
12.25333	954
12.25500	954
12.25667	954
12.25833	954
12.26000	954
12.26167	953
12.26333	953
12.26500	953
12.26667	953
12.26833	953
12.27000	954
12.27167	955
12.27333	956
12.27500	956
12.27667	956
12.27833	956
12.28000	955
12.28167	954
12.28333	953
12.28500	952
12.28667	951
12.28833	950
12.29000	949
12.29167	948
12.29333	948
12.29500	948
12.29667	948
12.29833	948
12.30000	949
12.30167	949
12.30333	950
12.30500	951
12.30667	952
12.30833	953
12.31000	954
12.31167	954
12.31333	955
12.31500	955
12.31667	955
12.31833	954
12.32000	952
12.32167	950
12.32333	948
12.32500	946
12.32667	944
12.32833	942
12.33000	940
12.33167	938
12.33333	937
12.33500	937
12.33667	936
12.33833	936
12.34000	937
12.34167	938
12.34333	938
12.34500	939
12.34667	940
12.34833	942
12.35000	942
12.35167	943
12.35333	943
12.35500	944
12.35667	944
12.35833	944
12.36000	944
12.36167	943
12.36333	943
12.36500	942
12.36667	941
12.36833	941
12.37000	941
12.37167	941
12.37333	942
12.37500	943
12.37667	944
12.37833	944
12.38000	946
12.38167	947
12.38333	948
12.38500	949
12.38667	949
12.38833	950
12.39000	951
12.39167	951
12.39333	952
12.39500	952
12.39667	953
12.39833	953
12.40000	953
12.40167	953
12.40333	953
12.40500	952
12.40667	951
12.40833	950
12.41000	949
12.41167	947
12.41333	946
12.41500	944
12.41667	943
12.41833	942
12.42000	941
12.42167	940
12.42333	940
12.42500	940
12.42667	940
12.42833	940
12.43000	941
12.43167	943
12.43333	944
12.43500	945
12.43667	946
12.43833	947
12.44000	948
12.44167	949
12.44333	949
12.44500	948
12.44667	948
12.44833	947
12.45000	947
12.45167	946
12.45333	946
12.45500	946
12.45667	947
12.45833	947
12.46000	948
12.46167	948
12.46333	948
12.46500	949
12.46667	949
12.46833	949
12.47000	948
12.47167	947
12.47333	946
12.47500	946
12.47667	945
12.47833	945
12.48000	945
12.48167	945
12.48333	945
12.48500	945
12.48667	944
12.48833	944
12.49000	944
12.49167	944
12.49333	944
12.49500	944
12.49667	944
12.49833	944
12.50000	944
12.50167	945
12.50333	946
12.50500	946
12.50667	947
12.50833	947
12.51000	948
12.51167	948
12.51333	948
12.51500	948
12.51667	948
12.51833	949
12.52000	949
12.52167	949
12.52333	949
12.52500	949
12.52667	949
12.52833	949
12.53000	949
12.53167	950
12.53333	949
12.53500	949
12.53667	949
12.53833	948
12.54000	948
12.54167	948
12.54333	948
12.54500	948
12.54667	949
12.54833	949
12.55000	950
12.55167	950
12.55333	949
12.55500	949
12.55667	948
12.55833	947
12.56000	946
12.56167	945
12.56333	944
12.56500	943
12.56667	942
12.56833	942
12.57000	942
12.57167	942
12.57333	942
12.57500	942
12.57667	942
12.57833	943
12.58000	943
12.58167	943
12.58333	944
12.58500	944
12.58667	945
12.58833	946
12.59000	947
12.59167	947
12.59333	947
12.59500	946
12.59667	945
12.59833	944
12.60000	944
12.60167	944
12.60333	944
12.60500	944
12.60667	944
12.60833	944
12.61000	945
12.61167	945
12.61333	946
12.61500	946
12.61667	946
12.61833	947
12.62000	947
12.62167	947
12.62333	947
12.62500	947
12.62667	946
12.62833	946
12.63000	946
12.63167	945
12.63333	945
12.63500	944
12.63667	943
12.63833	943
12.64000	942
12.64167	942
12.64333	941
12.64500	942
12.64667	942
12.64833	943
12.65000	944
12.65167	945
12.65333	947
12.65500	948
12.65667	950
12.65833	951
12.66000	951
12.66167	952
12.66333	951
12.66500	951
12.66667	950
12.66833	949
12.67000	948
12.67167	946
12.67333	945
12.67500	944
12.67667	944
12.67833	944
12.68000	945
12.68167	946
12.68333	946
12.68500	947
12.68667	948
12.68833	948
12.69000	949
12.69167	949
12.69333	949
12.69500	949
12.69667	948
12.69833	948
12.70000	947
12.70167	947
12.70333	947
12.70500	947
12.70667	946
12.70833	946
12.71000	947
12.71167	947
12.71333	948
12.71500	949
12.71667	950
12.71833	951
12.72000	951
12.72167	951
12.72333	951
12.72500	951
12.72667	950
12.72833	949
12.73000	947
12.73167	945
12.73333	944
12.73500	943
12.73667	941
12.73833	940
12.74000	938
12.74167	938
12.74333	937
12.74500	937
12.74667	938
12.74833	938
12.75000	939
12.75167	940
12.75333	940
12.75500	941
12.75667	942
12.75833	943
12.76000	943
12.76167	943
12.76333	943
12.76500	942
12.76667	942
12.76833	942
12.77000	941
12.77167	942
12.77333	942
12.77500	942
12.77667	942
12.77833	942
12.78000	941
12.78167	941
12.78333	941
12.78500	942
12.78667	942
12.78833	944
12.79000	945
12.79167	946
12.79333	947
12.79500	948
12.79667	950
12.79833	951
12.80000	951
12.80167	951
12.80333	950
12.80500	948
12.80667	946
12.80833	945
12.81000	944
12.81167	943
12.81333	942
12.81500	941
12.81667	941
12.81833	941
12.82000	941
12.82167	941
12.82333	941
12.82500	941
12.82667	941
12.82833	942
12.83000	942
12.83167	942
12.83333	942
12.83500	943
12.83667	943
12.83833	944
12.84000	945
12.84167	946
12.84333	946
12.84500	947
12.84667	947
12.84833	948
12.85000	949
12.85167	949
12.85333	950
12.85500	950
12.85667	951
12.85833	952
12.86000	952
12.86167	953
12.86333	953
12.86500	954
12.86667	954
12.86833	954
12.87000	954
12.87167	953
12.87333	953
12.87500	952
12.87667	950
12.87833	949
12.88000	947
12.88167	946
12.88333	945
12.88500	944
12.88667	944
12.88833	944
12.89000	943
12.89167	944
12.89333	944
12.89500	944
12.89667	944
12.89833	944
12.90000	944
12.90167	944
12.90333	944
12.90500	944
12.90667	943
12.90833	943
12.91000	944
12.91167	944
12.91333	945
12.91500	946
12.91667	946
12.91833	947
12.92000	947
12.92167	948
12.92333	948
12.92500	948
12.92667	948
12.92833	948
12.93000	948
12.93167	948
12.93333	948
12.93500	948
12.93667	948
12.93833	948
12.94000	949
12.94167	949
12.94333	949
12.94500	949
12.94667	949
12.94833	949
12.95000	948
12.95167	948
12.95333	948
12.95500	947
12.95667	947
12.95833	947
12.96000	947
12.96167	948
12.96333	949
12.96500	949
12.96667	950
12.96833	951
12.97000	951
12.97167	952
12.97333	953
12.97500	953
12.97667	953
12.97833	953
12.98000	952
12.98167	952
12.98333	951
12.98500	951
12.98667	950
12.98833	950
12.99000	950
12.99167	950
12.99333	949
12.99500	949
12.99667	949
12.99833	948
13.00000	948
13.00167	948
13.00333	949
13.00500	949
13.00667	950
13.00833	951
13.01000	951
13.01167	951
13.01333	951
13.01500	950
13.01667	950
13.01833	949
13.02000	947
13.02167	946
13.02333	944
13.02500	944
13.02667	944
13.02833	945
13.03000	946
13.03167	948
13.03333	949
13.03500	950
13.03667	950
13.03833	951
13.04000	951
13.04167	951
13.04333	950
13.04500	949
13.04667	948
13.04833	947
13.05000	946
13.05167	945
13.05333	944
13.05500	944
13.05667	943
13.05833	943
13.06000	943
13.06167	943
13.06333	943
13.06500	943
13.06667	944
13.06833	944
13.07000	945
13.07167	945
13.07333	945
13.07500	945
13.07667	945
13.07833	945
13.08000	945
13.08167	944
13.08333	944
13.08500	943
13.08667	943
13.08833	943
13.09000	942
13.09167	942
13.09333	942
13.09500	942
13.09667	942
13.09833	942
13.10000	943
13.10167	944
13.10333	945
13.10500	946
13.10667	948
13.10833	949
13.11000	950
13.11167	951
13.11333	952
13.11500	952
13.11667	953
13.11833	954
13.12000	954
13.12167	954
13.12333	954
13.12500	954
13.12667	954
13.12833	953
13.13000	953
13.13167	952
13.13333	951
13.13500	951
13.13667	950
13.13833	950
13.14000	950
13.14167	949
13.14333	949
13.14500	949
13.14667	950
13.14833	950
13.15000	950
13.15167	950
13.15333	949
13.15500	949
13.15667	949
13.15833	948
13.16000	948
13.16167	948
13.16333	948
13.16500	948
13.16667	948
13.16833	948
13.17000	948
13.17167	948
13.17333	948
13.17500	948
13.17667	948
13.17833	948
13.18000	948
13.18167	948
13.18333	948
13.18500	948
13.18667	948
13.18833	949
13.19000	950
13.19167	950
13.19333	950
13.19500	949
13.19667	948
13.19833	947
13.20000	946
13.20167	945
13.20333	944
13.20500	943
13.20667	942
13.20833	941
13.21000	941
13.21167	941
13.21333	942
13.21500	943
13.21667	943
13.21833	944
13.22000	944
13.22167	945
13.22333	946
13.22500	946
13.22667	947
13.22833	947
13.23000	948
13.23167	948
13.23333	948
13.23500	948
13.23667	948
13.23833	947
13.24000	947
13.24167	946
13.24333	946
13.24500	946
13.24667	946
13.24833	946
13.25000	947
13.25167	947
13.25333	947
13.25500	947
13.25667	947
13.25833	947
13.26000	947
13.26167	947
13.26333	946
13.26500	946
13.26667	945
13.26833	945
13.27000	944
13.27167	944
13.27333	944
13.27500	944
13.27667	944
13.27833	945
13.28000	946
13.28167	948
13.28333	949
13.28500	950
13.28667	951
13.28833	952
13.29000	953
13.29167	953
13.29333	954
13.29500	954
13.29667	953
13.29833	953
13.30000	952
13.30167	951
13.30333	950
13.30500	948
13.30667	946
13.30833	944
13.31000	942
13.31167	940
13.31333	938
13.31500	936
13.31667	935
13.31833	935
13.32000	936
13.32167	937
13.32333	939
13.32500	940
13.32667	942
13.32833	944
13.33000	946
13.33167	947
13.33333	948
13.33500	949
13.33667	948
13.33833	947
13.34000	946
13.34167	944
13.34333	943
13.34500	942
13.34667	941
13.34833	941
13.35000	940
13.35167	940
13.35333	941
13.35500	942
13.35667	943
13.35833	944
13.36000	945
13.36167	945
13.36333	946
13.36500	947
13.36667	947
13.36833	948
13.37000	949
13.37167	949
13.37333	950
13.37500	951
13.37667	951
13.37833	951
13.38000	951
13.38167	952
13.38333	951
13.38500	951
13.38667	951
13.38833	950
13.39000	949
13.39167	948
13.39333	947
13.39500	947
13.39667	947
13.39833	947
13.40000	948
13.40167	948
13.40333	949
13.40500	950
13.40667	951
13.40833	951
13.41000	951
13.41167	951
13.41333	951
13.41500	950
13.41667	950
13.41833	949
13.42000	949
13.42167	948
13.42333	948
13.42500	948
13.42667	947
13.42833	947
13.43000	947
13.43167	947
13.43333	947
13.43500	946
13.43667	946
13.43833	945
13.44000	944
13.44167	944
13.44333	943
13.44500	942
13.44667	940
13.44833	939
13.45000	938
13.45167	938
13.45333	937
13.45500	936
13.45667	936
13.45833	936
13.46000	936
13.46167	936
13.46333	936
13.46500	937
13.46667	937
13.46833	937
13.47000	938
13.47167	938
13.47333	938
13.47500	939
13.47667	939
13.47833	939
13.48000	940
13.48167	940
13.48333	941
13.48500	941
13.48667	941
13.48833	942
13.49000	942
13.49167	942
13.49333	943
13.49500	943
13.49667	943
13.49833	943
13.50000	943
13.50167	943
13.50333	944
13.50500	944
13.50667	944
13.50833	944
13.51000	944
13.51167	943
13.51333	942
13.51500	941
13.51667	941
13.51833	941
13.52000	941
13.52167	942
13.52333	942
13.52500	943
13.52667	943
13.52833	944
13.53000	944
13.53167	945
13.53333	945
13.53500	946
13.53667	946
13.53833	946
13.54000	946
13.54167	947
13.54333	947
13.54500	947
13.54667	948
13.54833	948
13.55000	947
13.55167	947
13.55333	945
13.55500	943
13.55667	942
13.55833	940
13.56000	938
13.56167	937
13.56333	936
13.56500	935
13.56667	935
13.56833	936
13.57000	938
13.57167	940
13.57333	942
13.57500	944
13.57667	946
13.57833	948
13.58000	950
13.58167	952
13.58333	954
13.58500	955
13.58667	955
13.58833	955
13.59000	955
13.59167	955
13.59333	954
13.59500	952
13.59667	951
13.59833	949
13.60000	948
13.60167	947
13.60333	945
13.60500	944
13.60667	943
13.60833	943
13.61000	943
13.61167	943
13.61333	943
13.61500	944
13.61667	944
13.61833	945
13.62000	945
13.62167	946
13.62333	946
13.62500	946
13.62667	946
13.62833	946
13.63000	946
13.63167	947
13.63333	946
13.63500	946
13.63667	946
13.63833	946
13.64000	945
13.64167	944
13.64333	944
13.64500	944
13.64667	943
13.64833	943
13.65000	943
13.65167	944
13.65333	944
13.65500	945
13.65667	946
13.65833	947
13.66000	948
13.66167	949
13.66333	950
13.66500	951
13.66667	952
13.66833	952
13.67000	951
13.67167	951
13.67333	950
13.67500	950
13.67667	949
13.67833	948
13.68000	948
13.68167	947
13.68333	946
13.68500	946
13.68667	946
13.68833	946
13.69000	946
13.69167	946
13.69333	946
13.69500	946
13.69667	945
13.69833	945
13.70000	945
13.70167	945
13.70333	945
13.70500	945
13.70667	945
13.70833	945
13.71000	945
13.71167	945
13.71333	944
13.71500	943
13.71667	943
13.71833	942
13.72000	941
13.72167	940
13.72333	939
13.72500	939
13.72667	939
13.72833	941
13.73000	942
13.73167	944
13.73333	945
13.73500	946
13.73667	946
13.73833	946
13.74000	945
13.74167	945
13.74333	944
13.74500	943
13.74667	942
13.74833	942
13.75000	941
13.75167	941
13.75333	941
13.75500	942
13.75667	942
13.75833	943
13.76000	943
13.76167	943
13.76333	943
13.76500	943
13.76667	943
13.76833	944
13.77000	944
13.77167	944
13.77333	944
13.77500	945
13.77667	945
13.77833	945
13.78000	946
13.78167	946
13.78333	946
13.78500	945
13.78667	944
13.78833	943
13.79000	941
13.79167	940
13.79333	939
13.79500	938
13.79667	938
13.79833	938
13.80000	938
13.80167	938
13.80333	939
13.80500	940
13.80667	941
13.80833	942
13.81000	943
13.81167	944
13.81333	945
13.81500	946
13.81667	946
13.81833	946
13.82000	946
13.82167	946
13.82333	946
13.82500	946
13.82667	946
13.82833	946
13.83000	945
13.83167	945
13.83333	945
13.83500	945
13.83667	945
13.83833	946
13.84000	946
13.84167	947
13.84333	947
13.84500	948
13.84667	948
13.84833	948
13.85000	947
13.85167	946
13.85333	945
13.85500	944
13.85667	943
13.85833	942
13.86000	941
13.86167	941
13.86333	941
13.86500	941
13.86667	941
13.86833	941
13.87000	942
13.87167	942
13.87333	943
13.87500	943
13.87667	943
13.87833	942
13.88000	941
13.88167	940
13.88333	939
13.88500	938
13.88667	937
13.88833	937
13.89000	937
13.89167	937
13.89333	937
13.89500	938
13.89667	940
13.89833	941
13.90000	943
13.90167	944
13.90333	945
13.90500	946
13.90667	947
13.90833	947
13.91000	948
13.91167	948
13.91333	948
13.91500	947
13.91667	947
13.91833	947
13.92000	947
13.92167	946
13.92333	946
13.92500	946
13.92667	946
13.92833	946
13.93000	946
13.93167	946
13.93333	946
13.93500	946
13.93667	946
13.93833	946
13.94000	946
13.94167	946
13.94333	946
13.94500	946
13.94667	946
13.94833	946
13.95000	946
13.95167	947
13.95333	947
13.95500	946
13.95667	946
13.95833	946
13.96000	945
13.96167	945
13.96333	944
13.96500	943
13.96667	943
13.96833	942
13.97000	942
13.97167	941
13.97333	941
13.97500	941
13.97667	941
13.97833	943
13.98000	945
13.98167	947
13.98333	948
13.98500	950
13.98667	952
13.98833	953
13.99000	954
13.99167	955
13.99333	955
13.99500	954
13.99667	953
13.99833	952
14.00000	951
14.00167	951
14.00333	950
14.00500	949
14.00667	949
14.00833	948
14.01000	947
14.01167	946
14.01333	944
14.01500	943
14.01667	943
14.01833	942
14.02000	942
14.02167	942
14.02333	942
14.02500	943
14.02667	944
14.02833	945
14.03000	946
14.03167	947
14.03333	948
14.03500	948
14.03667	949
14.03833	949
14.04000	949
14.04167	949
14.04333	949
14.04500	948
14.04667	948
14.04833	947
14.05000	947
14.05167	947
14.05333	947
14.05500	947
14.05667	947
14.05833	947
14.06000	947
14.06167	948
14.06333	948
14.06500	948
14.06667	948
14.06833	949
14.07000	949
14.07167	949
14.07333	949
14.07500	949
14.07667	949
14.07833	950
14.08000	950
14.08167	951
14.08333	950
14.08500	950
14.08667	949
14.08833	947
14.09000	946
14.09167	944
14.09333	943
14.09500	942
14.09667	941
14.09833	940
14.10000	939
14.10167	939
14.10333	940
14.10500	941
14.10667	942
14.10833	943
14.11000	944
14.11167	944
14.11333	945
14.11500	946
14.11667	946
14.11833	946
14.12000	946
14.12167	947
14.12333	947
14.12500	947
14.12667	947
14.12833	947
14.13000	947
14.13167	947
14.13333	947
14.13500	947
14.13667	947
14.13833	947
14.14000	948
14.14167	948
14.14333	948
14.14500	947
14.14667	947
14.14833	946
14.15000	945
14.15167	944
14.15333	943
14.15500	941
14.15667	940
14.15833	939
14.16000	939
14.16167	940
14.16333	941
14.16500	942
14.16667	944
14.16833	945
14.17000	947
14.17167	948
14.17333	949
14.17500	950
14.17667	950
14.17833	949
14.18000	948
14.18167	946
14.18333	945
14.18500	944
14.18667	944
14.18833	944
14.19000	944
14.19167	944
14.19333	945
14.19500	945
14.19667	946
14.19833	947
14.20000	948
14.20167	949
14.20333	949
14.20500	950
14.20667	950
14.20833	950
14.21000	950
14.21167	950
14.21333	950
14.21500	950
14.21667	950
14.21833	950
14.22000	949
14.22167	949
14.22333	949
14.22500	948
14.22667	948
14.22833	948
14.23000	947
14.23167	947
14.23333	947
14.23500	946
14.23667	946
14.23833	946
14.24000	945
14.24167	944
14.24333	943
14.24500	943
14.24667	941
14.24833	940
14.25000	939
14.25167	939
14.25333	938
14.25500	938
14.25667	937
14.25833	936
14.26000	936
14.26167	935
14.26333	934
14.26500	934
14.26667	933
14.26833	932
14.27000	931
14.27167	930
14.27333	929
14.27500	928
14.27667	927
14.27833	926
14.28000	925
14.28167	924
14.28333	923
14.28500	923
14.28667	922
14.28833	921
14.29000	920
14.29167	919
14.29333	918
14.29500	917
14.29667	916
14.29833	914
14.30000	913
14.30167	911
14.30333	909
14.30500	907
14.30667	904
14.30833	901
14.31000	897
14.31167	893
14.31333	888
14.31500	883
14.31667	878
14.31833	874
14.32000	869
14.32167	864
14.32333	859
14.32500	854
14.32667	849
14.32833	844
14.33000	838
14.33167	832
14.33333	827
14.33500	820
14.33667	813
14.33833	805
14.34000	797
14.34167	788
14.34333	779
14.34500	769
14.34667	758
14.34833	747
14.35000	736
14.35167	725
14.35333	712
14.35500	699
14.35667	685
14.35833	671
14.36000	658
14.36167	643
14.36333	625
14.36500	608
14.36667	590
14.36833	572
14.37000	552
14.37167	528
14.37333	504
14.37500	481
14.37667	457
14.37833	431
14.38000	401
14.38167	371
14.38333	344
14.38500	317
14.38667	288
14.38833	256
14.39000	225
14.39167	196
14.39333	169
14.39500	139
14.39667	107
14.39833	76
14.40000	46
14.40167	18
14.40333	-12
14.40500	-45
14.40667	-77
14.40833	-107
14.41000	-135
14.41167	-165
14.41333	-198
14.41500	-230
14.41667	-259
14.41833	-288
14.42000	-318
14.42167	-352
14.42333	-384
14.42500	-413
14.42667	-441
14.42833	-469
14.43000	-500
14.43167	-529
14.43333	-552
14.43500	-572
14.43667	-590
14.43833	-607
14.44000	-622
14.44167	-633
14.44333	-640
14.44500	-645
14.44667	-649
14.44833	-651
14.45000	-650
14.45167	-648
14.45333	-644
14.45500	-638
14.45667	-631
14.45833	-624
14.46000	-616
14.46167	-607
14.46333	-596
14.46500	-586
14.46667	-576
14.46833	-566
14.47000	-555
14.47167	-544
14.47333	-532
14.47500	-520
14.47667	-508
14.47833	-494
14.48000	-478
14.48167	-462
14.48333	-446
14.48500	-431
14.48667	-415
14.48833	-397
14.49000	-380
14.49167	-364
14.49333	-351
14.49500	-337
14.49667	-322
14.49833	-308
14.50000	-295
14.50167	-283
14.50333	-271
14.50500	-257
14.50667	-243
14.50833	-231
14.51000	-219
14.51167	-206
14.51333	-192
14.51500	-179
14.51667	-167
14.51833	-156
14.52000	-144
14.52167	-132
14.52333	-120
14.52500	-109
14.52667	-99
14.52833	-88
14.53000	-76
14.53167	-65
14.53333	-55
14.53500	-46
14.53667	-37
14.53833	-27
14.54000	-17
14.54167	-8
14.54333	1
14.54500	10
14.54667	19
14.54833	29
14.55000	37
14.55167	46
14.55333	55
14.55500	65
14.55667	74
14.55833	83
14.56000	91
14.56167	99
14.56333	109
14.56500	118
14.56667	126
14.56833	134
14.57000	143
14.57167	152
14.57333	162
14.57500	170
14.57667	179
14.57833	187
14.58000	197
14.58167	206
14.58333	214
14.58500	222
14.58667	230
14.58833	238
14.59000	247
14.59167	254
14.59333	262
14.59500	270
14.59667	279
14.59833	287
14.60000	295
14.60167	303
14.60333	312
14.60500	321
14.60667	330
14.60833	338
14.61000	345
14.61167	353
14.61333	361
14.61500	369
14.61667	376
14.61833	383
14.62000	390
14.62167	397
14.62333	404
14.62500	411
14.62667	418
14.62833	426
14.63000	434
14.63167	442
14.63333	449
14.63500	455
14.63667	462
14.63833	469
14.64000	475
14.64167	481
14.64333	487
14.64500	492
14.64667	498
14.64833	504
14.65000	509
14.65167	515
14.65333	521
14.65500	527
14.65667	534
14.65833	540
14.66000	545
14.66167	551
14.66333	557
14.66500	563
14.66667	568
14.66833	573
14.67000	578
14.67167	583
14.67333	589
14.67500	594
14.67667	599
14.67833	605
14.68000	611
14.68167	617
14.68333	622
14.68500	626
14.68667	631
14.68833	635
14.69000	639
14.69167	643
14.69333	646
14.69500	649
14.69667	652
14.69833	655
14.70000	657
14.70167	660
14.70333	663
14.70500	667
14.70667	670
14.70833	673
14.71000	676
14.71167	678
14.71333	681
14.71500	684
14.71667	686
14.71833	688
14.72000	689
14.72167	691
14.72333	692
14.72500	693
14.72667	694
14.72833	695
14.73000	696
14.73167	696
14.73333	697
14.73500	698
14.73667	699
14.73833	700
14.74000	701
14.74167	702
14.74333	702
14.74500	702
14.74667	702
14.74833	702
14.75000	702
14.75167	701
14.75333	701
14.75500	700
14.75667	699
14.75833	699
14.76000	698
14.76167	697
14.76333	696
14.76500	696
14.76667	694
14.76833	693
14.77000	691
14.77167	690
14.77333	688
14.77500	686
14.77667	684
14.77833	682
14.78000	679
14.78167	677
14.78333	675
14.78500	673
14.78667	671
14.78833	668
14.79000	666
14.79167	663
14.79333	660
14.79500	657
14.79667	653
14.79833	649
14.80000	646
14.80167	643
14.80333	640
14.80500	637
14.80667	634
14.80833	632
14.81000	631
14.81167	630
14.81333	629
14.81500	629
14.81667	629
14.81833	628
14.82000	628
14.82167	627
14.82333	626
14.82500	625
14.82667	625
14.82833	624
14.83000	623
14.83167	622
14.83333	622
14.83500	622
14.83667	623
14.83833	623
14.84000	624
14.84167	625
14.84333	626
14.84500	627
14.84667	627
14.84833	627
14.85000	628
14.85167	629
14.85333	629
14.85500	630
14.85667	631
14.85833	633
14.86000	634
14.86167	636
14.86333	638
14.86500	639
14.86667	641
14.86833	642
14.87000	644
14.87167	645
14.87333	647
14.87500	649
14.87667	651
14.87833	655
14.88000	659
14.88167	662
14.88333	666
14.88500	669
14.88667	673
14.88833	677
14.89000	680
14.89167	682
14.89333	684
14.89500	686
14.89667	687
14.89833	688
14.90000	690
14.90167	693
14.90333	696
14.90500	699
14.90667	703
14.90833	707
14.91000	711
14.91167	716
14.91333	721
14.91500	726
14.91667	730
14.91833	733
14.92000	737
14.92167	740
14.92333	743
14.92500	746
14.92667	749
14.92833	751
14.93000	754
14.93167	756
14.93333	758
14.93500	760
14.93667	762
14.93833	765
14.94000	767
14.94167	769
14.94333	772
14.94500	775
14.94667	779
14.94833	782
14.95000	785
14.95167	787
14.95333	788
14.95500	789
14.95667	789
14.95833	790
14.96000	790
14.96167	790
14.96333	790
14.96500	789
14.96667	789
14.96833	789
14.97000	789
14.97167	789
14.97333	789
14.97500	790
14.97667	790
14.97833	791
14.98000	792
14.98167	792
14.98333	793
14.98500	793
14.98667	793
14.98833	794
14.99000	793
14.99167	793
14.99333	792
14.99500	790
14.99667	789
14.99833	787
15.00000	785

[LC Status Trace(Pump A Pressure)]
Interval(msec)	1000
# of Points	901
Start Time(min)	0.000
End Time(min)	15.000
Intensity Units	bar
Intensity Multiplier	0.980665
R.Time (min)	Intensity
0.00000	114.7
0.01667	114.7
0.03333	111.1
0.05000	115.5
0.06667	116.0
0.08333	116.2
0.10000	117.0
0.11667	117.2
0.13333	117.7
0.15000	118.0
0.16667	118.4
0.18333	118.2
0.20000	118.8
0.21667	118.8
0.23333	118.5
0.25000	118.8
0.26667	118.5
0.28333	118.9
0.30000	118.2
0.31667	118.5
0.33333	118.4
0.35000	118.4
0.36667	118.1
0.38333	117.9
0.40000	118.2
0.41667	118.1
0.43333	118.4
0.45000	118.1
0.46667	118.5
0.48333	118.3
0.50000	118.0
0.51667	118.5
0.53333	118.1
0.55000	118.4
0.56667	118.0
0.58333	118.1
0.60000	118.1
0.61667	118.1
0.63333	118.4
0.65000	118.0
0.66667	118.3
0.68333	118.4
0.70000	118.4
0.71667	118.3
0.73333	117.9
0.75000	118.2
0.76667	117.9
0.78333	118.2
0.80000	117.9
0.81667	118.0
0.83333	118.2
0.85000	118.0
0.86667	118.3
0.88333	117.9
0.90000	118.1
0.91667	118.1
0.93333	117.8
0.95000	117.9
0.96667	117.9
0.98333	118.2
1.00000	117.9
1.01667	118.4
1.03333	118.0
1.05000	118.3
1.06667	117.9
1.08333	117.8
1.10000	118.2
1.11667	117.9
1.13333	118.3
1.15000	117.9
1.16667	118.3
1.18333	118.2
1.20000	118.3
1.21667	118.3
1.23333	117.9
1.25000	118.3
1.26667	117.9
1.28333	117.8
1.30000	117.9
1.31667	118.0
1.33333	118.3
1.35000	118.1
1.36667	118.4
1.38333	118.1
1.40000	118.5
1.41667	118.4
1.43333	118.1
1.45000	118.5
1.46667	118.3
1.48333	118.7
1.50000	118.3
1.51667	118.7
1.53333	118.7
1.55000	118.9
1.56667	118.6
1.58333	118.5
1.60000	118.9
1.61667	118.7
1.63333	119.1
1.65000	118.9
1.66667	119.4
1.68333	119.3
1.70000	119.2
1.71667	119.5
1.73333	119.3
1.75000	119.7
1.76667	119.4
1.78333	119.5
1.80000	119.6
1.81667	119.7
1.83333	120.1
1.85000	119.8
1.86667	120.2
1.88333	120.3
1.90000	120.6
1.91667	120.4
1.93333	120.2
1.95000	120.6
1.96667	120.5
1.98333	120.8
2.00000	120.6
2.01667	120.7
2.03333	121.1
2.05000	120.9
2.06667	121.3
2.08333	121.1
2.10000	121.4
2.11667	121.4
2.13333	121.3
2.15000	121.4
2.16667	121.8
2.18333	121.8
2.20000	121.6
2.21667	121.9
2.23333	121.7
2.25000	122.2
2.26667	122.0
2.28333	122.0
2.30000	122.4
2.31667	122.1
2.33333	122.6
2.35000	122.3
2.36667	122.8
2.38333	122.6
2.40000	122.7
2.41667	122.8
2.43333	122.6
2.45000	123.0
2.46667	122.7
2.48333	122.7
2.50000	122.9
2.51667	122.8
2.53333	123.3
2.55000	123.1
2.56667	123.4
2.58333	123.2
2.60000	123.6
2.61667	123.5
2.63333	123.3
2.65000	123.7
2.66667	123.5
2.68333	123.8
2.70000	123.5
2.71667	123.7
2.73333	123.8
2.75000	123.9
2.76667	123.6
2.78333	123.6
2.80000	124.0
2.81667	123.7
2.83333	124.0
2.85000	123.9
2.86667	123.8
2.88333	124.2
2.90000	124.0
2.91667	124.3
2.93333	124.0
2.95000	124.3
2.96667	124.0
2.98333	124.2
3.00000	124.1
3.01667	124.0
3.03333	124.4
3.05000	124.2
3.06667	124.6
3.08333	124.6
3.10000	124.7
3.11667	124.6
3.13333	124.3
3.15000	124.6
3.16667	124.3
3.18333	124.6
3.20000	124.3
3.21667	124.4
3.23333	124.5
3.25000	124.5
3.26667	124.7
3.28333	124.4
3.30000	124.7
3.31667	124.4
3.33333	124.5
3.35000	124.4
3.36667	124.6
3.38333	124.8
3.40000	124.5
3.41667	124.7
3.43333	124.4
3.45000	124.9
3.46667	124.4
3.48333	124.5
3.50000	124.9
3.51667	124.5
3.53333	124.8
3.55000	124.5
3.56667	124.8
3.58333	124.8
3.60000	124.7
3.61667	124.7
3.63333	124.4
3.65000	124.7
3.66667	124.4
3.68333	124.5
3.70000	124.4
3.71667	124.5
3.73333	124.7
3.75000	124.5
3.76667	124.8
3.78333	124.3
3.80000	124.7
3.81667	124.7
3.83333	124.4
3.85000	124.3
3.86667	124.2
3.88333	124.6
3.90000	124.2
3.91667	124.4
3.93333	124.6
3.95000	124.5
3.96667	124.1
3.98333	124.0
4.00000	124.4
4.01667	124.1
4.03333	124.2
4.05000	123.8
4.06667	124.3
4.08333	124.3
4.10000	123.8
4.11667	124.3
4.13333	123.8
4.15000	124.3
4.16667	123.8
4.18333	123.9
4.20000	123.7
4.21667	123.7
4.23333	124.1
4.25000	123.8
4.26667	124.0
4.28333	123.7
4.30000	124.1
4.31667	124.0
4.33333	123.6
4.35000	123.9
4.36667	123.6
4.38333	123.8
4.40000	123.3
4.41667	123.4
4.43333	123.7
4.45000	123.5
4.46667	123.7
4.48333	123.2
4.50000	123.5
4.51667	123.1
4.53333	123.0
4.55000	122.9
4.56667	123.1
4.58333	123.1
4.60000	122.9
4.61667	123.2
4.63333	122.7
4.65000	123.1
4.66667	122.6
4.68333	122.6
4.70000	123.0
4.71667	122.5
4.73333	122.9
4.75000	122.4
4.76667	122.6
4.78333	122.7
4.80000	122.5
4.81667	122.5
4.83333	122.0
4.85000	122.4
4.86667	121.9
4.88333	122.1
4.90000	121.9
4.91667	122.0
4.93333	122.1
4.95000	121.8
4.96667	121.9
4.98333	121.5
5.00000	121.8
5.01667	121.9
5.03333	121.4
5.05000	121.2
5.06667	121.2
5.08333	121.6
5.10000	121.2
5.11667	121.2
5.13333	121.5
5.15000	121.2
5.16667	120.6
5.18333	120.7
5.20000	121.0
5.21667	120.5
5.23333	120.8
5.25000	120.4
5.26667	120.8
5.28333	120.7
5.30000	120.5
5.31667	120.6
5.33333	120.1
5.35000	120.4
5.36667	120.0
5.38333	120.1
5.40000	119.8
5.41667	119.9
5.43333	120.0
5.45000	119.7
5.46667	119.8
5.48333	119.4
5.50000	119.7
5.51667	119.6
5.53333	119.3
5.55000	119.7
5.56667	119.2
5.58333	119.4
5.60000	118.9
5.61667	118.9
5.63333	119.1
5.65000	118.9
5.66667	119.0
5.68333	118.6
5.70000	118.8
5.71667	118.4
5.73333	118.5
5.75000	118.2
5.76667	118.2
5.78333	118.3
5.80000	118.0
5.81667	118.3
5.83333	117.7
5.85000	118.1
5.86667	118.0
5.88333	117.7
5.90000	117.5
5.91667	117.4
5.93333	117.7
5.95000	117.2
5.96667	117.4
5.98333	117.5
6.00000	117.3
6.01667	117.2
6.03333	116.9
6.05000	117.0
6.06667	116.6
6.08333	116.7
6.10000	116.4
6.11667	116.5
6.13333	116.6
6.15000	116.4
6.16667	116.4
6.18333	116.1
6.20000	116.2
6.21667	115.9
6.23333	115.8
6.25000	115.5
6.26667	115.7
6.28333	115.6
6.30000	115.4
6.31667	115.6
6.33333	115.2
6.35000	115.3
6.36667	114.8
6.38333	114.8
6.40000	115.0
6.41667	114.6
6.43333	114.8
6.45000	114.4
6.46667	114.6
6.48333	114.5
6.50000	114.4
6.51667	114.4
6.53333	113.9
6.55000	114.0
6.56667	113.6
6.58333	113.7
6.60000	113.4
6.61667	113.4
6.63333	113.5
6.65000	113.2
6.66667	113.3
6.68333	113.0
6.70000	113.0
6.71667	113.1
6.73333	112.7
6.75000	112.4
6.76667	112.3
6.78333	112.6
6.80000	112.2
6.81667	112.4
6.83333	112.3
6.85000	112.1
6.86667	111.9
6.88333	111.5
6.90000	111.6
6.91667	111.3
6.93333	111.6
6.95000	111.1
6.96667	111.2
6.98333	111.1
7.00000	110.9
7.01667	110.8
7.03333	110.5
7.05000	110.6
7.06667	110.2
7.08333	110.1
7.10000	110.1
7.11667	110.1
7.13333	110.2
7.15000	109.8
7.16667	109.7
7.18333	109.4
7.20000	109.6
7.21667	109.5
7.23333	109.1
7.25000	109.0
7.26667	108.8
7.28333	109.1
7.30000	108.6
7.31667	108.7
7.33333	108.6
7.35000	108.5
7.36667	108.0
7.38333	108.0
7.40000	108.0
7.41667	107.8
7.43333	107.9
7.45000	107.4
7.46667	107.6
7.48333	107.4
7.50000	107.2
7.51667	107.2
7.53333	106.8
7.55000	106.8
7.56667	106.5
7.58333	106.4
7.60000	106.2
7.61667	106.0
7.63333	106.2
7.65000	105.7
7.66667	105.8
7.68333	105.5
7.70000	105.6
7.71667	105.5
7.73333	105.1
7.75000	105.1
7.76667	104.8
7.78333	104.9
7.80000	104.4
7.81667	104.6
7.83333	104.4
7.85000	104.3
7.86667	104.2
7.88333	103.8
7.90000	103.8
7.91667	103.5
7.93333	103.6
7.95000	103.1
7.96667	103.3
7.98333	103.1
8.00000	102.6
8.01667	102.9
8.03333	102.6
8.05000	102.5
8.06667	102.1
8.08333	102.1
8.10000	101.8
8.11667	101.7
8.13333	101.8
8.15000	101.5
8.16667	101.5
8.18333	101.3
8.20000	101.3
8.21667	101.1
8.23333	100.8
8.25000	100.8
8.26667	100.5
8.28333	100.6
8.30000	100.0
8.31667	100.3
8.33333	100.0
8.35000	100.0
8.36667	99.6
8.38333	99.4
8.40000	99.4
8.41667	99.2
8.43333	99.3
8.45000	98.9
8.46667	99.0
8.48333	98.8
8.50000	98.2
8.51667	98.6
8.53333	98.2
8.55000	98.2
8.56667	97.8
8.58333	97.8
8.60000	97.6
8.61667	97.4
8.63333	97.5
8.65000	97.1
8.66667	97.2
8.68333	97.0
8.70000	96.9
8.71667	96.6
8.73333	96.4
8.75000	96.4
8.76667	96.1
8.78333	96.3
8.80000	95.7
8.81667	95.6
8.83333	95.7
8.85000	95.6
8.86667	95.5
8.88333	95.1
8.90000	95.0
8.91667	94.9
8.93333	94.9
8.95000	94.4
8.96667	94.6
8.98333	94.5
9.00000	93.8
9.01667	94.2
9.03333	93.9
9.05000	93.7
9.06667	93.4
9.08333	93.4
9.10000	93.2
9.11667	93.0
9.13333	93.2
9.15000	92.7
9.16667	92.7
9.18333	92.7
9.20000	92.6
9.21667	92.3
9.23333	92.1
9.25000	92.0
9.26667	91.6
9.28333	91.9
9.30000	91.3
9.31667	91.0
9.33333	91.3
9.35000	91.3
9.36667	90.9
9.38333	90.8
9.40000	90.6
9.41667	90.5
9.43333	90.7
9.45000	90.2
9.46667	90.3
9.48333	90.1
9.50000	89.6
9.51667	89.9
9.53333	89.6
9.55000	89.5
9.56667	89.2
9.58333	89.1
9.60000	88.9
9.61667	88.8
9.63333	89.0
9.65000	88.5
9.66667	88.6
9.68333	88.5
9.70000	88.4
9.71667	88.2
9.73333	87.9
9.75000	87.9
9.76667	87.7
9.78333	87.9
9.80000	87.4
9.81667	87.2
9.83333	87.4
9.85000	87.4
9.86667	87.2
9.88333	86.9
9.90000	86.9
9.91667	86.8
9.93333	86.9
9.95000	86.4
9.96667	86.6
9.98333	86.4
10.00000	86.0
10.01667	86.3
10.03333	86.0
10.05000	86.0
10.06667	85.8
10.08333	85.6
10.10000	85.5
10.11667	85.3
10.13333	85.5
10.15000	85.1
10.16667	85.3
10.18333	85.2
10.20000	85.1
10.21667	84.8
10.23333	84.6
10.25000	84.7
10.26667	84.5
10.28333	84.7
10.30000	84.2
10.31667	84.1
10.33333	84.2
10.35000	84.3
10.36667	84.2
10.38333	83.9
10.40000	83.9
10.41667	83.8
10.43333	84.0
10.45000	83.5
10.46667	83.5
10.48333	83.5
10.50000	83.3
10.51667	83.6
10.53333	83.3
10.55000	83.3
10.56667	83.3
10.58333	83.1
10.60000	83.1
10.61667	82.9
10.63333	83.2
10.65000	82.9
10.66667	83.1
10.68333	82.9
10.70000	83.0
10.71667	82.8
10.73333	82.8
10.75000	82.8
10.76667	82.7
10.78333	82.9
10.80000	82.6
10.81667	82.6
10.83333	82.9
10.85000	82.9
10.86667	82.9
10.88333	82.7
10.90000	82.9
10.91667	82.8
10.93333	82.7
10.95000	82.9
10.96667	82.9
10.98333	83.1
11.00000	83.1
11.01667	83.3
11.03333	83.1
11.05000	83.5
11.06667	83.5
11.08333	83.4
11.10000	83.7
11.11667	83.7
11.13333	84.1
11.15000	84.1
11.16667	84.4
11.18333	84.6
11.20000	85.0
11.21667	85.0
11.23333	85.1
11.25000	85.6
11.26667	85.6
11.28333	86.1
11.30000	86.2
11.31667	86.4
11.33333	86.7
11.35000	87.3
11.36667	87.5
11.38333	87.5
11.40000	88.3
11.41667	88.3
11.43333	88.5
11.45000	89.2
11.46667	89.4
11.48333	89.9
11.50000	90.4
11.51667	90.9
11.53333	91.0
11.55000	91.8
11.56667	92.0
11.58333	92.3
11.60000	92.9
11.61667	93.0
11.63333	93.7
11.65000	94.2
11.66667	94.5
11.68333	94.9
11.70000	95.5
11.71667	95.6
11.73333	95.5
11.75000	96.5
11.76667	96.4
11.78333	97.0
11.80000	97.2
11.81667	97.4
11.83333	97.7
11.85000	98.1
11.86667	98.2
11.88333	98.2
11.90000	98.7
11.91667	98.6
11.93333	98.7
11.95000	99.2
11.96667	99.3
11.98333	99.6
12.00000	99.7
12.01667	100.0
12.03333	99.9
12.05000	100.3
12.06667	100.4
12.08333	100.3
12.10000	100.5
12.11667	100.5
12.13333	100.9
12.15000	100.8
12.16667	101.1
12.18333	101.0
12.20000	101.3
12.21667	101.2
12.23333	101.1
12.25000	101.5
12.26667	101.2
12.28333	101.6
12.30000	101.3
12.31667	101.4
12.33333	101.6
12.35000	101.8
12.36667	101.7
12.38333	101.5
12.40000	101.9
12.41667	101.7
12.43333	101.9
12.45000	101.7
12.46667	101.8
12.48333	102.0
12.50000	102.1
12.51667	102.1
12.53333	101.8
12.55000	102.0
12.56667	101.9
12.58333	101.9
12.60000	102.0
12.61667	102.1
12.63333	102.2
12.65000	102.3
12.66667	102.5
12.68333	102.2
12.70000	102.3
12.71667	102.3
12.73333	102.1
12.75000	102.2
12.76667	102.1
12.78333	102.5
12.80000	102.3
12.81667	102.6
12.83333	102.6
12.85000	102.8
12.86667	102.7
12.88333	102.5
12.90000	102.8
12.91667	102.5
12.93333	102.9
12.95000	102.6
12.96667	102.6
12.98333	102.9
13.00000	103.0
13.01667	102.9
13.03333	102.7
13.05000	102.3
13.06667	101.4
13.08333	101.3
13.10000	101.1
13.11667	101.5
13.13333	101.5
13.15000	101.4
13.16667	101.3
13.18333	100.7
13.20000	101.3
13.21667	101.5
13.23333	101.2
13.25000	100.6
13.26667	100.8
13.28333	101.1
13.30000	101.0
13.31667	100.8
13.33333	101.5
13.35000	101.0
13.36667	101.3
13.38333	100.9
13.40000	101.4
13.41667	100.7
13.43333	100.8
13.45000	101.0
13.46667	101.4
13.48333	101.6
13.50000	101.8
13.51667	101.8
13.53333	101.5
13.55000	102.1
13.56667	102.3
13.58333	102.2
13.60000	102.2
13.61667	102.3
13.63333	102.6
13.65000	102.4
13.66667	102.6
13.68333	102.7
13.70000	102.7
13.71667	102.7
13.73333	102.5
13.75000	102.7
13.76667	102.4
13.78333	102.6
13.80000	102.3
13.81667	102.2
13.83333	102.5
13.85000	101.9
13.86667	102.1
13.88333	101.5
13.90000	101.6
13.91667	101.5
13.93333	101.2
13.95000	101.2
13.96667	101.1
13.98333	101.4
14.00000	101.2
14.01667	101.5
14.03333	101.6
14.05000	101.6
14.06667	101.3
14.08333	100.1
14.10000	97.3
14.11667	95.5
14.13333	91.4
14.15000	83.8
14.16667	81.6
14.18333	78.7
14.20000	76.7
14.21667	77.1
14.23333	77.4
14.25000	79.6
14.26667	80.3
14.28333	82.1
14.30000	85.4
14.31667	86.5
14.33333	89.2
14.35000	92.7
14.36667	94.2
14.38333	96.9
14.40000	100.6
14.41667	101.8
14.43333	104.0
14.45000	107.7
14.46667	108.4
14.48333	110.4
14.50000	113.0
14.51667	113.9
14.53333	115.5
14.55000	117.0
14.56667	117.8
14.58333	118.1
14.60000	119.7
14.61667	120.0
14.63333	120.2
14.65000	121.1
14.66667	120.8
14.68333	121.6
14.70000	121.4
14.71667	121.8
14.73333	121.8
14.75000	122.0
14.76667	122.0
14.78333	121.6
14.80000	121.7
14.81667	121.5
14.83333	121.4
14.85000	121.2
14.86667	121.2
14.88333	121.4
14.90000	120.8
14.91667	121.1
14.93333	120.6
14.95000	120.7
14.96667	120.7
14.98333	120.2
15.00000	120.0

[LC Status Trace(Pump A Degasser Pressure)]
Interval(msec)	1000
# of Points	901
Start Time(min)	0.000
End Time(min)	15.000
Intensity Units	bar
Intensity Multiplier	0.980665
R.Time (min)	Intensity
0.00000	958.5
0.01667	958.5
0.03333	958.5
0.05000	957.5
0.06667	957.5
0.08333	956.4
0.10000	956.4
0.11667	956.4
0.13333	957.5
0.15000	957.5
0.16667	957.5
0.18333	957.5
0.20000	957.5
0.21667	957.5
0.23333	958.5
0.25000	958.5
0.26667	958.5
0.28333	957.5
0.30000	957.5
0.31667	957.5
0.33333	956.4
0.35000	956.4
0.36667	956.4
0.38333	958.5
0.40000	958.5
0.41667	958.5
0.43333	957.5
0.45000	957.5
0.46667	957.5
0.48333	957.5
0.50000	957.5
0.51667	957.5
0.53333	957.5
0.55000	957.5
0.56667	957.5
0.58333	956.4
0.60000	956.4
0.61667	956.4
0.63333	958.5
0.65000	958.5
0.66667	958.5
0.68333	957.5
0.70000	957.5
0.71667	957.5
0.73333	956.4
0.75000	956.4
0.76667	956.4
0.78333	957.5
0.80000	957.5
0.81667	957.5
0.83333	957.5
0.85000	957.5
0.86667	957.5
0.88333	958.5
0.90000	958.5
0.91667	958.5
0.93333	957.5
0.95000	957.5
0.96667	957.5
0.98333	956.4
1.00000	956.4
1.01667	956.4
1.03333	958.5
1.05000	958.5
1.06667	958.5
1.08333	957.5
1.10000	957.5
1.11667	957.5
1.13333	957.5
1.15000	957.5
1.16667	957.5
1.18333	957.5
1.20000	957.5
1.21667	957.5
1.23333	956.4
1.25000	956.4
1.26667	956.4
1.28333	958.5
1.30000	958.5
1.31667	958.5
1.33333	957.5
1.35000	957.5
1.36667	957.5
1.38333	956.4
1.40000	956.4
1.41667	956.4
1.43333	957.5
1.45000	957.5
1.46667	957.5
1.48333	957.5
1.50000	957.5
1.51667	957.5
1.53333	958.5
1.55000	958.5
1.56667	958.5
1.58333	957.5
1.60000	957.5
1.61667	957.5
1.63333	956.4
1.65000	956.4
1.66667	956.4
1.68333	958.5
1.70000	958.5
1.71667	958.5
1.73333	957.5
1.75000	957.5
1.76667	957.5
1.78333	957.5
1.80000	957.5
1.81667	957.5
1.83333	957.5
1.85000	957.5
1.86667	957.5
1.88333	956.4
1.90000	956.4
1.91667	956.4
1.93333	958.5
1.95000	958.5
1.96667	958.5
1.98333	957.5
2.00000	957.5
2.01667	957.5
2.03333	956.4
2.05000	956.4
2.06667	956.4
2.08333	957.5
2.10000	957.5
2.11667	957.5
2.13333	957.5
2.15000	957.5
2.16667	957.5
2.18333	958.5
2.20000	958.5
2.21667	958.5
2.23333	957.5
2.25000	957.5
2.26667	957.5
2.28333	955.4
2.30000	955.4
2.31667	955.4
2.33333	958.5
2.35000	958.5
2.36667	958.5
2.38333	957.5
2.40000	957.5
2.41667	957.5
2.43333	957.5
2.45000	957.5
2.46667	957.5
2.48333	957.5
2.50000	957.5
2.51667	957.5
2.53333	956.4
2.55000	956.4
2.56667	956.4
2.58333	958.5
2.60000	958.5
2.61667	958.5
2.63333	957.5
2.65000	957.5
2.66667	957.5
2.68333	956.4
2.70000	956.4
2.71667	956.4
2.73333	957.5
2.75000	957.5
2.76667	957.5
2.78333	957.5
2.80000	957.5
2.81667	957.5
2.83333	958.5
2.85000	958.5
2.86667	958.5
2.88333	957.5
2.90000	957.5
2.91667	957.5
2.93333	956.4
2.95000	956.4
2.96667	956.4
2.98333	958.5
3.00000	958.5
3.01667	958.5
3.03333	957.5
3.05000	957.5
3.06667	957.5
3.08333	957.5
3.10000	957.5
3.11667	957.5
3.13333	957.5
3.15000	957.5
3.16667	957.5
3.18333	956.4
3.20000	956.4
3.21667	956.4
3.23333	958.5
3.25000	958.5
3.26667	958.5
3.28333	957.5
3.30000	957.5
3.31667	957.5
3.33333	956.4
3.35000	956.4
3.36667	956.4
3.38333	957.5
3.40000	957.5
3.41667	957.5
3.43333	957.5
3.45000	957.5
3.46667	957.5
3.48333	958.5
3.50000	958.5
3.51667	958.5
3.53333	957.5
3.55000	957.5
3.56667	957.5
3.58333	956.4
3.60000	956.4
3.61667	956.4
3.63333	958.5
3.65000	958.5
3.66667	958.5
3.68333	957.5
3.70000	957.5
3.71667	957.5
3.73333	957.5
3.75000	957.5
3.76667	957.5
3.78333	957.5
3.80000	957.5
3.81667	957.5
3.83333	956.4
3.85000	956.4
3.86667	956.4
3.88333	958.5
3.90000	958.5
3.91667	958.5
3.93333	957.5
3.95000	957.5
3.96667	957.5
3.98333	956.4
4.00000	956.4
4.01667	956.4
4.03333	957.5
4.05000	957.5
4.06667	957.5
4.08333	957.5
4.10000	957.5
4.11667	957.5
4.13333	958.5
4.15000	958.5
4.16667	958.5
4.18333	957.5
4.20000	957.5
4.21667	957.5
4.23333	956.4
4.25000	956.4
4.26667	956.4
4.28333	958.5
4.30000	958.5
4.31667	958.5
4.33333	957.5
4.35000	957.5
4.36667	957.5
4.38333	958.5
4.40000	958.5
4.41667	958.5
4.43333	957.5
4.45000	957.5
4.46667	957.5
4.48333	956.4
4.50000	956.4
4.51667	956.4
4.53333	958.5
4.55000	958.5
4.56667	958.5
4.58333	957.5
4.60000	957.5
4.61667	957.5
4.63333	956.4
4.65000	956.4
4.66667	956.4
4.68333	957.5
4.70000	957.5
4.71667	957.5
4.73333	957.5
4.75000	957.5
4.76667	957.5
4.78333	958.5
4.80000	958.5
4.81667	958.5
4.83333	957.5
4.85000	957.5
4.86667	957.5
4.88333	956.4
4.90000	956.4
4.91667	956.4
4.93333	958.5
4.95000	958.5
4.96667	958.5
4.98333	957.5
5.00000	957.5
5.01667	957.5
5.03333	958.5
5.05000	958.5
5.06667	958.5
5.08333	957.5
5.10000	957.5
5.11667	957.5
5.13333	956.4
5.15000	956.4
5.16667	956.4
5.18333	958.5
5.20000	958.5
5.21667	958.5
5.23333	957.5
5.25000	957.5
5.26667	957.5
5.28333	956.4
5.30000	956.4
5.31667	956.4
5.33333	957.5
5.35000	957.5
5.36667	957.5
5.38333	956.4
5.40000	956.4
5.41667	956.4
5.43333	958.5
5.45000	958.5
5.46667	958.5
5.48333	957.5
5.50000	957.5
5.51667	957.5
5.53333	956.4
5.55000	956.4
5.56667	956.4
5.58333	958.5
5.60000	958.5
5.61667	958.5
5.63333	957.5
5.65000	957.5
5.66667	957.5
5.68333	958.5
5.70000	958.5
5.71667	958.5
5.73333	957.5
5.75000	957.5
5.76667	957.5
5.78333	956.4
5.80000	956.4
5.81667	956.4
5.83333	958.5
5.85000	958.5
5.86667	958.5
5.88333	957.5
5.90000	957.5
5.91667	957.5
5.93333	956.4
5.95000	956.4
5.96667	956.4
5.98333	957.5
6.00000	957.5
6.01667	957.5
6.03333	956.4
6.05000	956.4
6.06667	956.4
6.08333	958.5
6.10000	958.5
6.11667	958.5
6.13333	957.5
6.15000	957.5
6.16667	957.5
6.18333	956.4
6.20000	956.4
6.21667	956.4
6.23333	958.5
6.25000	958.5
6.26667	958.5
6.28333	957.5
6.30000	957.5
6.31667	957.5
6.33333	958.5
6.35000	958.5
6.36667	958.5
6.38333	957.5
6.40000	957.5
6.41667	957.5
6.43333	956.4
6.45000	956.4
6.46667	956.4
6.48333	958.5
6.50000	958.5
6.51667	958.5
6.53333	957.5
6.55000	957.5
6.56667	957.5
6.58333	957.5
6.60000	957.5
6.61667	957.5
6.63333	957.5
6.65000	957.5
6.66667	957.5
6.68333	956.4
6.70000	956.4
6.71667	956.4
6.73333	958.5
6.75000	958.5
6.76667	958.5
6.78333	957.5
6.80000	957.5
6.81667	957.5
6.83333	956.4
6.85000	956.4
6.86667	956.4
6.88333	957.5
6.90000	957.5
6.91667	957.5
6.93333	957.5
6.95000	957.5
6.96667	957.5
6.98333	958.5
7.00000	958.5
7.01667	958.5
7.03333	957.5
7.05000	957.5
7.06667	957.5
7.08333	956.4
7.10000	956.4
7.11667	956.4
7.13333	958.5
7.15000	958.5
7.16667	958.5
7.18333	957.5
7.20000	957.5
7.21667	957.5
7.23333	957.5
7.25000	957.5
7.26667	957.5
7.28333	957.5
7.30000	957.5
7.31667	957.5
7.33333	956.4
7.35000	956.4
7.36667	956.4
7.38333	958.5
7.40000	958.5
7.41667	958.5
7.43333	957.5
7.45000	957.5
7.46667	957.5
7.48333	956.4
7.50000	956.4
7.51667	956.4
7.53333	957.5
7.55000	957.5
7.56667	957.5
7.58333	957.5
7.60000	957.5
7.61667	957.5
7.63333	958.5
7.65000	958.5
7.66667	958.5
7.68333	957.5
7.70000	957.5
7.71667	957.5
7.73333	956.4
7.75000	956.4
7.76667	956.4
7.78333	958.5
7.80000	958.5
7.81667	958.5
7.83333	957.5
7.85000	957.5
7.86667	957.5
7.88333	957.5
7.90000	957.5
7.91667	957.5
7.93333	957.5
7.95000	957.5
7.96667	957.5
7.98333	956.4
8.00000	956.4
8.01667	956.4
8.03333	958.5
8.05000	958.5
8.06667	958.5
8.08333	957.5
8.10000	957.5
8.11667	957.5
8.13333	956.4
8.15000	956.4
8.16667	956.4
8.18333	957.5
8.20000	957.5
8.21667	957.5
8.23333	957.5
8.25000	957.5
8.26667	957.5
8.28333	958.5
8.30000	958.5
8.31667	958.5
8.33333	957.5
8.35000	957.5
8.36667	957.5
8.38333	956.4
8.40000	956.4
8.41667	956.4
8.43333	958.5
8.45000	958.5
8.46667	958.5
8.48333	957.5
8.50000	957.5
8.51667	957.5
8.53333	957.5
8.55000	957.5
8.56667	957.5
8.58333	957.5
8.60000	957.5
8.61667	957.5
8.63333	956.4
8.65000	956.4
8.66667	956.4
8.68333	958.5
8.70000	958.5
8.71667	958.5
8.73333	957.5
8.75000	957.5
8.76667	957.5
8.78333	956.4
8.80000	956.4
8.81667	956.4
8.83333	957.5
8.85000	957.5
8.86667	957.5
8.88333	957.5
8.90000	957.5
8.91667	957.5
8.93333	958.5
8.95000	958.5
8.96667	958.5
8.98333	957.5
9.00000	957.5
9.01667	957.5
9.03333	956.4
9.05000	956.4
9.06667	956.4
9.08333	958.5
9.10000	958.5
9.11667	958.5
9.13333	957.5
9.15000	957.5
9.16667	957.5
9.18333	957.5
9.20000	957.5
9.21667	957.5
9.23333	957.5
9.25000	957.5
9.26667	957.5
9.28333	956.4
9.30000	956.4
9.31667	956.4
9.33333	958.5
9.35000	958.5
9.36667	958.5
9.38333	957.5
9.40000	957.5
9.41667	957.5
9.43333	956.4
9.45000	956.4
9.46667	956.4
9.48333	957.5
9.50000	957.5
9.51667	957.5
9.53333	957.5
9.55000	957.5
9.56667	957.5
9.58333	958.5
9.60000	958.5
9.61667	958.5
9.63333	957.5
9.65000	957.5
9.66667	957.5
9.68333	956.4
9.70000	956.4
9.71667	956.4
9.73333	958.5
9.75000	958.5
9.76667	958.5
9.78333	957.5
9.80000	957.5
9.81667	957.5
9.83333	957.5
9.85000	957.5
9.86667	957.5
9.88333	957.5
9.90000	957.5
9.91667	957.5
9.93333	956.4
9.95000	956.4
9.96667	956.4
9.98333	958.5
10.00000	958.5
10.01667	958.5
10.03333	957.5
10.05000	957.5
10.06667	957.5
10.08333	956.4
10.10000	956.4
10.11667	956.4
10.13333	957.5
10.15000	957.5
10.16667	957.5
10.18333	957.5
10.20000	957.5
10.21667	957.5
10.23333	958.5
10.25000	958.5
10.26667	958.5
10.28333	957.5
10.30000	957.5
10.31667	957.5
10.33333	955.4
10.35000	955.4
10.36667	955.4
10.38333	958.5
10.40000	958.5
10.41667	958.5
10.43333	957.5
10.45000	957.5
10.46667	957.5
10.48333	957.5
10.50000	957.5
10.51667	957.5
10.53333	957.5
10.55000	957.5
10.56667	957.5
10.58333	956.4
10.60000	956.4
10.61667	956.4
10.63333	958.5
10.65000	958.5
10.66667	958.5
10.68333	957.5
10.70000	957.5
10.71667	957.5
10.73333	957.5
10.75000	956.4
10.76667	956.4
10.78333	957.5
10.80000	957.5
10.81667	957.5
10.83333	957.5
10.85000	957.5
10.86667	957.5
10.88333	958.5
10.90000	958.5
10.91667	958.5
10.93333	957.5
10.95000	957.5
10.96667	957.5
10.98333	956.4
11.00000	956.4
11.01667	956.4
11.03333	958.5
11.05000	958.5
11.06667	958.5
11.08333	957.5
11.10000	957.5
11.11667	957.5
11.13333	957.5
11.15000	957.5
11.16667	957.5
11.18333	957.5
11.20000	957.5
11.21667	957.5
11.23333	956.4
11.25000	956.4
11.26667	956.4
11.28333	958.5
11.30000	958.5
11.31667	958.5
11.33333	957.5
11.35000	957.5
11.36667	957.5
11.38333	956.4
11.40000	956.4
11.41667	956.4
11.43333	957.5
11.45000	957.5
11.46667	957.5
11.48333	957.5
11.50000	957.5
11.51667	957.5
11.53333	958.5
11.55000	958.5
11.56667	958.5
11.58333	957.5
11.60000	957.5
11.61667	957.5
11.63333	955.4
11.65000	955.4
11.66667	955.4
11.68333	958.5
11.70000	958.5
11.71667	958.5
11.73333	958.5
11.75000	957.5
11.76667	957.5
11.78333	957.5
11.80000	957.5
11.81667	957.5
11.83333	957.5
11.85000	957.5
11.86667	957.5
11.88333	956.4
11.90000	956.4
11.91667	956.4
11.93333	958.5
11.95000	958.5
11.96667	958.5
11.98333	957.5
12.00000	957.5
12.01667	957.5
12.03333	956.4
12.05000	956.4
12.06667	956.4
12.08333	957.5
12.10000	957.5
12.11667	957.5
12.13333	957.5
12.15000	957.5
12.16667	957.5
12.18333	958.5
12.20000	958.5
12.21667	958.5
12.23333	957.5
12.25000	957.5
12.26667	957.5
12.28333	955.4
12.30000	955.4
12.31667	955.4
12.33333	958.5
12.35000	958.5
12.36667	958.5
12.38333	957.5
12.40000	957.5
12.41667	957.5
12.43333	957.5
12.45000	957.5
12.46667	957.5
12.48333	957.5
12.50000	957.5
12.51667	957.5
12.53333	956.4
12.55000	956.4
12.56667	956.4
12.58333	958.5
12.60000	958.5
12.61667	958.5
12.63333	957.5
12.65000	957.5
12.66667	957.5
12.68333	956.4
12.70000	956.4
12.71667	956.4
12.73333	956.4
12.75000	957.5
12.76667	957.5
12.78333	957.5
12.80000	957.5
12.81667	957.5
12.83333	957.5
12.85000	958.5
12.86667	958.5
12.88333	957.5
12.90000	957.5
12.91667	957.5
12.93333	956.4
12.95000	956.4
12.96667	956.4
12.98333	958.5
13.00000	958.5
13.01667	958.5
13.03333	957.5
13.05000	957.5
13.06667	957.5
13.08333	957.5
13.10000	957.5
13.11667	957.5
13.13333	957.5
13.15000	957.5
13.16667	957.5
13.18333	956.4
13.20000	956.4
13.21667	956.4
13.23333	958.5
13.25000	958.5
13.26667	958.5
13.28333	957.5
13.30000	957.5
13.31667	957.5
13.33333	956.4
13.35000	956.4
13.36667	956.4
13.38333	957.5
13.40000	957.5
13.41667	957.5
13.43333	957.5
13.45000	957.5
13.46667	957.5
13.48333	958.5
13.50000	958.5
13.51667	958.5
13.53333	957.5
13.55000	957.5
13.56667	957.5
13.58333	956.4
13.60000	956.4
13.61667	956.4
13.63333	958.5
13.65000	958.5
13.66667	958.5
13.68333	957.5
13.70000	957.5
13.71667	957.5
13.73333	957.5
13.75000	958.5
13.76667	958.5
13.78333	957.5
13.80000	957.5
13.81667	957.5
13.83333	957.5
13.85000	956.4
13.86667	956.4
13.88333	958.5
13.90000	958.5
13.91667	958.5
13.93333	957.5
13.95000	957.5
13.96667	957.5
13.98333	957.5
14.00000	957.5
14.01667	957.5
14.03333	957.5
14.05000	957.5
14.06667	957.5
14.08333	957.5
14.10000	957.5
14.11667	957.5
14.13333	958.5
14.15000	958.5
14.16667	958.5
14.18333	957.5
14.20000	957.5
14.21667	957.5
14.23333	956.4
14.25000	956.4
14.26667	956.4
14.28333	957.5
14.30000	957.5
14.31667	957.5
14.33333	957.5
14.35000	957.5
14.36667	957.5
14.38333	958.5
14.40000	958.5
14.41667	958.5
14.43333	957.5
14.45000	957.5
14.46667	957.5
14.48333	956.4
14.50000	956.4
14.51667	956.4
14.53333	958.5
14.55000	958.5
14.56667	958.5
14.58333	957.5
14.60000	957.5
14.61667	957.5
14.63333	957.5
14.65000	957.5
14.66667	957.5
14.68333	957.5
14.70000	957.5
14.71667	957.5
14.73333	957.5
14.75000	956.4
14.76667	956.4
14.78333	958.5
14.80000	958.5
14.81667	958.5
14.83333	958.5
14.85000	957.5
14.86667	957.5
14.88333	956.4
14.90000	956.4
14.91667	956.4
14.93333	957.5
14.95000	957.5
14.96667	957.5
14.98333	957.5
15.00000	957.5

[LC Status Trace(Sample Cooler Temp.)]
Interval(msec)	1000
# of Points	901
Start Time(min)	0.000
End Time(min)	15.000
Intensity Units	C
Intensity Multiplier	1
R.Time (min)	Intensity
0.00000	9.9
0.01667	9.9
0.03333	9.9
0.05000	10.0
0.06667	10.0
0.08333	10.0
0.10000	10.0
0.11667	10.0
0.13333	10.0
0.15000	10.0
0.16667	10.0
0.18333	10.0
0.20000	10.0
0.21667	10.0
0.23333	10.0
0.25000	10.0
0.26667	10.0
0.28333	10.0
0.30000	10.0
0.31667	10.0
0.33333	10.0
0.35000	10.0
0.36667	10.0
0.38333	10.0
0.40000	10.0
0.41667	10.0
0.43333	10.0
0.45000	10.0
0.46667	10.0
0.48333	10.0
0.50000	10.0
0.51667	10.0
0.53333	10.0
0.55000	10.0
0.56667	10.0
0.58333	10.0
0.60000	10.0
0.61667	10.0
0.63333	10.0
0.65000	10.0
0.66667	10.0
0.68333	10.0
0.70000	10.0
0.71667	10.0
0.73333	10.1
0.75000	10.0
0.76667	10.0
0.78333	10.0
0.80000	10.0
0.81667	10.0
0.83333	10.0
0.85000	10.0
0.86667	10.0
0.88333	10.1
0.90000	10.1
0.91667	10.0
0.93333	10.0
0.95000	10.0
0.96667	10.1
0.98333	10.0
1.00000	10.0
1.01667	10.0
1.03333	10.0
1.05000	10.0
1.06667	10.0
1.08333	10.0
1.10000	10.0
1.11667	10.1
1.13333	10.1
1.15000	10.1
1.16667	10.1
1.18333	10.1
1.20000	10.1
1.21667	10.1
1.23333	10.1
1.25000	10.1
1.26667	10.1
1.28333	10.1
1.30000	10.1
1.31667	10.1
1.33333	10.1
1.35000	10.1
1.36667	10.1
1.38333	10.1
1.40000	10.1
1.41667	10.1
1.43333	10.1
1.45000	10.1
1.46667	10.1
1.48333	10.1
1.50000	10.1
1.51667	10.1
1.53333	10.1
1.55000	10.1
1.56667	10.1
1.58333	10.1
1.60000	10.1
1.61667	10.1
1.63333	10.1
1.65000	10.1
1.66667	10.1
1.68333	10.1
1.70000	10.1
1.71667	10.1
1.73333	10.1
1.75000	10.1
1.76667	10.1
1.78333	10.1
1.80000	10.1
1.81667	10.1
1.83333	10.1
1.85000	10.1
1.86667	10.1
1.88333	10.1
1.90000	10.1
1.91667	10.1
1.93333	10.1
1.95000	10.0
1.96667	10.1
1.98333	10.1
2.00000	10.0
2.01667	10.1
2.03333	10.1
2.05000	10.0
2.06667	10.1
2.08333	10.1
2.10000	10.0
2.11667	10.1
2.13333	10.1
2.15000	10.0
2.16667	10.1
2.18333	10.1
2.20000	10.0
2.21667	10.0
2.23333	10.0
2.25000	10.0
2.26667	10.0
2.28333	10.0
2.30000	10.0
2.31667	10.0
2.33333	10.0
2.35000	10.0
2.36667	10.0
2.38333	10.0
2.40000	10.0
2.41667	10.0
2.43333	10.0
2.45000	10.0
2.46667	10.0
2.48333	10.0
2.50000	10.0
2.51667	10.0
2.53333	10.0
2.55000	10.0
2.56667	10.0
2.58333	10.0
2.60000	10.0
2.61667	10.0
2.63333	10.0
2.65000	10.0
2.66667	10.0
2.68333	10.0
2.70000	10.0
2.71667	10.0
2.73333	10.0
2.75000	10.0
2.76667	10.0
2.78333	10.0
2.80000	10.0
2.81667	10.0
2.83333	10.0
2.85000	10.0
2.86667	10.0
2.88333	10.0
2.90000	10.0
2.91667	10.0
2.93333	10.0
2.95000	10.0
2.96667	10.0
2.98333	10.0
3.00000	10.0
3.01667	10.0
3.03333	10.0
3.05000	10.0
3.06667	10.0
3.08333	10.0
3.10000	10.0
3.11667	10.0
3.13333	10.0
3.15000	10.0
3.16667	10.0
3.18333	10.0
3.20000	10.0
3.21667	10.0
3.23333	10.0
3.25000	10.0
3.26667	10.0
3.28333	10.0
3.30000	10.0
3.31667	10.0
3.33333	10.0
3.35000	10.0
3.36667	10.0
3.38333	10.0
3.40000	10.0
3.41667	10.0
3.43333	10.0
3.45000	10.0
3.46667	10.0
3.48333	10.0
3.50000	10.0
3.51667	10.0
3.53333	10.0
3.55000	10.0
3.56667	10.0
3.58333	10.0
3.60000	10.0
3.61667	10.0
3.63333	10.0
3.65000	10.0
3.66667	10.0
3.68333	10.0
3.70000	10.0
3.71667	10.0
3.73333	10.0
3.75000	10.0
3.76667	10.0
3.78333	10.0
3.80000	10.0
3.81667	10.0
3.83333	10.0
3.85000	10.0
3.86667	10.0
3.88333	10.0
3.90000	10.0
3.91667	10.0
3.93333	10.0
3.95000	10.0
3.96667	10.0
3.98333	10.0
4.00000	10.0
4.01667	10.0
4.03333	10.0
4.05000	10.0
4.06667	10.0
4.08333	10.0
4.10000	10.0
4.11667	10.0
4.13333	10.0
4.15000	10.0
4.16667	10.0
4.18333	10.0
4.20000	10.0
4.21667	10.0
4.23333	10.0
4.25000	10.0
4.26667	10.0
4.28333	10.0
4.30000	10.0
4.31667	10.0
4.33333	10.0
4.35000	10.0
4.36667	10.0
4.38333	10.0
4.40000	10.0
4.41667	10.0
4.43333	10.0
4.45000	10.0
4.46667	10.0
4.48333	10.0
4.50000	10.0
4.51667	10.0
4.53333	10.0
4.55000	10.0
4.56667	10.0
4.58333	10.0
4.60000	10.0
4.61667	10.0
4.63333	10.0
4.65000	10.0
4.66667	10.0
4.68333	10.0
4.70000	10.0
4.71667	10.0
4.73333	10.0
4.75000	10.0
4.76667	10.0
4.78333	10.0
4.80000	10.0
4.81667	10.0
4.83333	10.0
4.85000	10.0
4.86667	10.0
4.88333	10.0
4.90000	10.0
4.91667	10.0
4.93333	10.0
4.95000	10.0
4.96667	10.0
4.98333	10.0
5.00000	10.0
5.01667	10.0
5.03333	10.0
5.05000	10.0
5.06667	10.0
5.08333	10.0
5.10000	10.0
5.11667	10.0
5.13333	10.0
5.15000	10.0
5.16667	10.0
5.18333	10.0
5.20000	10.0
5.21667	10.0
5.23333	10.0
5.25000	10.0
5.26667	10.0
5.28333	10.0
5.30000	10.0
5.31667	10.0
5.33333	10.0
5.35000	10.0
5.36667	10.0
5.38333	10.0
5.40000	10.0
5.41667	10.0
5.43333	10.0
5.45000	10.0
5.46667	10.0
5.48333	10.0
5.50000	10.0
5.51667	10.0
5.53333	10.0
5.55000	10.0
5.56667	10.0
5.58333	10.0
5.60000	10.0
5.61667	10.0
5.63333	10.0
5.65000	10.0
5.66667	10.0
5.68333	10.0
5.70000	10.0
5.71667	10.0
5.73333	10.0
5.75000	10.0
5.76667	10.0
5.78333	10.0
5.80000	10.0
5.81667	10.0
5.83333	10.0
5.85000	10.0
5.86667	10.0
5.88333	10.0
5.90000	10.0
5.91667	10.0
5.93333	10.0
5.95000	10.0
5.96667	10.0
5.98333	10.0
6.00000	10.0
6.01667	10.0
6.03333	10.0
6.05000	10.0
6.06667	10.0
6.08333	10.0
6.10000	10.0
6.11667	10.0
6.13333	10.0
6.15000	10.0
6.16667	10.0
6.18333	10.0
6.20000	10.0
6.21667	10.0
6.23333	10.0
6.25000	10.0
6.26667	10.0
6.28333	10.0
6.30000	10.0
6.31667	10.0
6.33333	10.0
6.35000	10.0
6.36667	10.0
6.38333	10.0
6.40000	10.0
6.41667	10.0
6.43333	10.0
6.45000	10.0
6.46667	10.0
6.48333	10.0
6.50000	10.0
6.51667	10.0
6.53333	10.0
6.55000	10.0
6.56667	10.0
6.58333	10.0
6.60000	10.0
6.61667	10.0
6.63333	10.0
6.65000	10.0
6.66667	10.0
6.68333	10.0
6.70000	10.0
6.71667	10.0
6.73333	10.0
6.75000	10.0
6.76667	10.0
6.78333	10.0
6.80000	10.0
6.81667	10.0
6.83333	10.0
6.85000	10.0
6.86667	10.0
6.88333	10.0
6.90000	10.0
6.91667	10.0
6.93333	10.0
6.95000	10.0
6.96667	10.0
6.98333	10.0
7.00000	10.0
7.01667	10.0
7.03333	10.0
7.05000	10.0
7.06667	10.0
7.08333	10.0
7.10000	10.0
7.11667	10.0
7.13333	10.0
7.15000	10.0
7.16667	10.0
7.18333	10.0
7.20000	10.0
7.21667	10.0
7.23333	10.0
7.25000	10.0
7.26667	10.0
7.28333	10.0
7.30000	10.0
7.31667	10.0
7.33333	10.0
7.35000	10.0
7.36667	10.0
7.38333	10.0
7.40000	10.0
7.41667	10.0
7.43333	10.0
7.45000	10.0
7.46667	10.0
7.48333	10.0
7.50000	10.0
7.51667	10.0
7.53333	10.0
7.55000	10.0
7.56667	10.0
7.58333	10.0
7.60000	10.0
7.61667	10.0
7.63333	10.0
7.65000	10.0
7.66667	10.0
7.68333	10.0
7.70000	10.0
7.71667	10.0
7.73333	10.0
7.75000	10.0
7.76667	10.0
7.78333	10.0
7.80000	10.0
7.81667	10.0
7.83333	10.0
7.85000	10.0
7.86667	10.0
7.88333	10.0
7.90000	10.0
7.91667	10.0
7.93333	10.0
7.95000	10.0
7.96667	10.0
7.98333	10.0
8.00000	10.0
8.01667	10.0
8.03333	10.0
8.05000	10.0
8.06667	10.0
8.08333	10.0
8.10000	10.0
8.11667	10.0
8.13333	10.0
8.15000	10.0
8.16667	10.0
8.18333	10.0
8.20000	10.0
8.21667	10.0
8.23333	10.0
8.25000	10.0
8.26667	10.0
8.28333	10.0
8.30000	10.0
8.31667	10.0
8.33333	10.0
8.35000	10.0
8.36667	10.0
8.38333	10.0
8.40000	10.0
8.41667	10.0
8.43333	10.0
8.45000	10.0
8.46667	10.0
8.48333	10.0
8.50000	10.0
8.51667	10.0
8.53333	10.0
8.55000	10.0
8.56667	10.0
8.58333	10.0
8.60000	10.0
8.61667	10.0
8.63333	10.0
8.65000	10.0
8.66667	10.0
8.68333	10.0
8.70000	10.0
8.71667	10.0
8.73333	10.0
8.75000	10.0
8.76667	10.0
8.78333	10.0
8.80000	10.0
8.81667	10.0
8.83333	10.0
8.85000	10.0
8.86667	10.0
8.88333	10.0
8.90000	10.0
8.91667	10.0
8.93333	10.0
8.95000	10.0
8.96667	10.0
8.98333	10.0
9.00000	10.0
9.01667	10.0
9.03333	10.0
9.05000	10.0
9.06667	10.0
9.08333	10.0
9.10000	10.0
9.11667	10.0
9.13333	10.0
9.15000	10.0
9.16667	10.0
9.18333	10.0
9.20000	10.0
9.21667	10.0
9.23333	10.0
9.25000	10.0
9.26667	10.0
9.28333	10.0
9.30000	10.0
9.31667	10.0
9.33333	10.0
9.35000	10.0
9.36667	10.0
9.38333	10.0
9.40000	10.0
9.41667	10.0
9.43333	10.0
9.45000	10.0
9.46667	10.0
9.48333	10.0
9.50000	10.0
9.51667	10.0
9.53333	10.0
9.55000	10.0
9.56667	10.0
9.58333	10.0
9.60000	10.0
9.61667	10.0
9.63333	10.0
9.65000	10.0
9.66667	10.0
9.68333	10.0
9.70000	10.0
9.71667	10.0
9.73333	10.0
9.75000	10.0
9.76667	10.0
9.78333	10.0
9.80000	10.0
9.81667	10.0
9.83333	10.0
9.85000	10.0
9.86667	10.0
9.88333	10.0
9.90000	10.0
9.91667	10.0
9.93333	10.0
9.95000	10.0
9.96667	10.0
9.98333	10.0
10.00000	10.0
10.01667	10.0
10.03333	10.0
10.05000	10.0
10.06667	10.0
10.08333	10.0
10.10000	10.0
10.11667	10.0
10.13333	10.0
10.15000	10.0
10.16667	10.0
10.18333	10.0
10.20000	10.0
10.21667	10.0
10.23333	10.0
10.25000	10.0
10.26667	10.0
10.28333	10.0
10.30000	10.0
10.31667	10.0
10.33333	10.0
10.35000	10.0
10.36667	10.0
10.38333	10.0
10.40000	10.0
10.41667	10.0
10.43333	10.0
10.45000	10.0
10.46667	10.0
10.48333	10.0
10.50000	10.0
10.51667	10.0
10.53333	10.0
10.55000	10.0
10.56667	10.0
10.58333	10.0
10.60000	10.0
10.61667	10.0
10.63333	10.0
10.65000	10.0
10.66667	10.0
10.68333	10.0
10.70000	10.0
10.71667	10.0
10.73333	10.0
10.75000	10.0
10.76667	10.0
10.78333	10.0
10.80000	10.0
10.81667	10.0
10.83333	10.0
10.85000	10.0
10.86667	10.0
10.88333	10.0
10.90000	10.0
10.91667	10.0
10.93333	10.0
10.95000	10.0
10.96667	10.0
10.98333	10.0
11.00000	10.0
11.01667	10.0
11.03333	10.0
11.05000	10.0
11.06667	10.0
11.08333	10.0
11.10000	10.0
11.11667	10.0
11.13333	10.0
11.15000	10.0
11.16667	10.0
11.18333	10.0
11.20000	10.0
11.21667	10.0
11.23333	10.0
11.25000	10.0
11.26667	10.0
11.28333	10.0
11.30000	10.0
11.31667	10.0
11.33333	10.0
11.35000	10.0
11.36667	10.0
11.38333	10.0
11.40000	10.0
11.41667	10.0
11.43333	10.0
11.45000	10.0
11.46667	10.0
11.48333	10.0
11.50000	10.0
11.51667	10.0
11.53333	10.0
11.55000	10.0
11.56667	10.0
11.58333	10.0
11.60000	10.0
11.61667	10.0
11.63333	10.0
11.65000	10.0
11.66667	10.0
11.68333	10.0
11.70000	10.0
11.71667	10.0
11.73333	10.0
11.75000	10.0
11.76667	10.0
11.78333	10.0
11.80000	10.0
11.81667	10.0
11.83333	10.0
11.85000	10.0
11.86667	10.0
11.88333	10.0
11.90000	10.0
11.91667	10.0
11.93333	10.0
11.95000	10.0
11.96667	10.0
11.98333	10.0
12.00000	10.0
12.01667	10.0
12.03333	10.0
12.05000	10.0
12.06667	10.0
12.08333	10.0
12.10000	10.0
12.11667	10.0
12.13333	10.0
12.15000	10.0
12.16667	10.0
12.18333	10.0
12.20000	10.0
12.21667	10.0
12.23333	10.0
12.25000	10.0
12.26667	10.0
12.28333	10.0
12.30000	10.0
12.31667	10.0
12.33333	10.0
12.35000	10.0
12.36667	10.0
12.38333	10.0
12.40000	10.0
12.41667	10.0
12.43333	10.0
12.45000	10.0
12.46667	10.0
12.48333	10.0
12.50000	10.0
12.51667	10.0
12.53333	10.0
12.55000	10.0
12.56667	10.0
12.58333	10.0
12.60000	10.0
12.61667	10.0
12.63333	10.0
12.65000	10.0
12.66667	10.0
12.68333	10.0
12.70000	10.0
12.71667	10.0
12.73333	10.0
12.75000	10.0
12.76667	10.0
12.78333	10.0
12.80000	10.0
12.81667	10.0
12.83333	10.0
12.85000	10.0
12.86667	10.0
12.88333	10.0
12.90000	10.0
12.91667	10.0
12.93333	10.0
12.95000	10.0
12.96667	10.0
12.98333	10.0
13.00000	10.0
13.01667	10.0
13.03333	10.0
13.05000	10.0
13.06667	10.0
13.08333	10.0
13.10000	10.0
13.11667	10.0
13.13333	10.0
13.15000	10.0
13.16667	10.0
13.18333	10.0
13.20000	10.0
13.21667	10.0
13.23333	10.0
13.25000	10.0
13.26667	10.0
13.28333	10.0
13.30000	10.0
13.31667	10.0
13.33333	10.0
13.35000	10.0
13.36667	10.0
13.38333	10.0
13.40000	10.0
13.41667	10.0
13.43333	10.0
13.45000	10.0
13.46667	10.0
13.48333	10.0
13.50000	10.0
13.51667	10.0
13.53333	10.0
13.55000	10.0
13.56667	10.0
13.58333	10.0
13.60000	10.0
13.61667	10.0
13.63333	10.0
13.65000	10.0
13.66667	10.0
13.68333	10.0
13.70000	10.0
13.71667	10.0
13.73333	10.0
13.75000	10.0
13.76667	10.0
13.78333	10.0
13.80000	10.0
13.81667	10.0
13.83333	10.0
13.85000	10.0
13.86667	10.0
13.88333	10.0
13.90000	10.0
13.91667	10.0
13.93333	10.0
13.95000	10.0
13.96667	10.0
13.98333	10.0
14.00000	10.0
14.01667	10.0
14.03333	10.0
14.05000	10.0
14.06667	10.0
14.08333	10.0
14.10000	10.0
14.11667	10.0
14.13333	10.0
14.15000	10.0
14.16667	10.0
14.18333	10.0
14.20000	10.0
14.21667	10.0
14.23333	10.0
14.25000	10.0
14.26667	10.0
14.28333	10.0
14.30000	10.0
14.31667	10.0
14.33333	10.0
14.35000	10.0
14.36667	10.0
14.38333	10.0
14.40000	10.0
14.41667	10.0
14.43333	10.0
14.45000	10.0
14.46667	10.0
14.48333	10.0
14.50000	10.0
14.51667	10.0
14.53333	10.0
14.55000	10.0
14.56667	10.0
14.58333	10.0
14.60000	10.0
14.61667	10.0
14.63333	10.0
14.65000	10.0
14.66667	10.0
14.68333	10.0
14.70000	10.0
14.71667	10.0
14.73333	10.0
14.75000	10.0
14.76667	10.0
14.78333	10.0
14.80000	10.0
14.81667	10.0
14.83333	10.0
14.85000	10.0
14.86667	10.0
14.88333	10.0
14.90000	10.0
14.91667	10.0
14.93333	10.0
14.95000	10.0
14.96667	10.0
14.98333	10.0
15.00000	10.0

[LC Status Trace(Oven Temp.)]
Interval(msec)	1000
# of Points	901
Start Time(min)	0.000
End Time(min)	15.000
Intensity Units	C
Intensity Multiplier	1
R.Time (min)	Intensity
0.00000	59.99
0.01667	59.99
0.03333	59.99
0.05000	59.99
0.06667	59.99
0.08333	59.99
0.10000	59.99
0.11667	59.99
0.13333	59.99
0.15000	59.99
0.16667	59.99
0.18333	59.99
0.20000	59.99
0.21667	59.99
0.23333	60.00
0.25000	60.00
0.26667	60.00
0.28333	60.00
0.30000	60.00
0.31667	60.00
0.33333	60.00
0.35000	60.00
0.36667	60.00
0.38333	60.00
0.40000	60.00
0.41667	60.00
0.43333	60.00
0.45000	60.00
0.46667	60.00
0.48333	60.00
0.50000	60.00
0.51667	60.00
0.53333	60.00
0.55000	60.00
0.56667	60.00
0.58333	60.00
0.60000	60.00
0.61667	60.00
0.63333	60.00
0.65000	60.00
0.66667	60.00
0.68333	60.00
0.70000	60.00
0.71667	60.00
0.73333	60.00
0.75000	60.00
0.76667	60.00
0.78333	60.00
0.80000	60.00
0.81667	60.00
0.83333	60.00
0.85000	60.00
0.86667	60.00
0.88333	60.00
0.90000	60.00
0.91667	60.00
0.93333	60.00
0.95000	60.00
0.96667	60.00
0.98333	60.00
1.00000	60.00
1.01667	60.00
1.03333	60.00
1.05000	60.00
1.06667	60.00
1.08333	60.00
1.10000	60.00
1.11667	60.00
1.13333	60.00
1.15000	60.00
1.16667	60.00
1.18333	60.00
1.20000	60.00
1.21667	60.00
1.23333	60.00
1.25000	60.00
1.26667	60.00
1.28333	60.00
1.30000	59.99
1.31667	59.99
1.33333	59.99
1.35000	59.99
1.36667	59.99
1.38333	59.99
1.40000	59.99
1.41667	59.99
1.43333	59.99
1.45000	59.99
1.46667	59.99
1.48333	59.99
1.50000	59.99
1.51667	59.99
1.53333	59.99
1.55000	59.99
1.56667	59.99
1.58333	59.99
1.60000	59.99
1.61667	59.99
1.63333	59.99
1.65000	59.99
1.66667	59.99
1.68333	59.99
1.70000	59.99
1.71667	59.99
1.73333	59.99
1.75000	59.99
1.76667	59.99
1.78333	59.99
1.80000	59.99
1.81667	59.99
1.83333	59.99
1.85000	60.00
1.86667	60.00
1.88333	60.00
1.90000	60.00
1.91667	60.00
1.93333	60.00
1.95000	60.00
1.96667	60.00
1.98333	60.00
2.00000	60.00
2.01667	60.00
2.03333	60.00
2.05000	60.00
2.06667	60.00
2.08333	60.00
2.10000	60.00
2.11667	60.00
2.13333	60.00
2.15000	60.00
2.16667	60.00
2.18333	60.00
2.20000	60.00
2.21667	60.00
2.23333	60.00
2.25000	60.00
2.26667	60.00
2.28333	60.00
2.30000	60.00
2.31667	60.00
2.33333	60.00
2.35000	60.00
2.36667	60.00
2.38333	60.00
2.40000	60.00
2.41667	60.00
2.43333	60.00
2.45000	60.00
2.46667	60.00
2.48333	60.00
2.50000	60.00
2.51667	60.00
2.53333	60.00
2.55000	60.00
2.56667	60.00
2.58333	60.00
2.60000	60.00
2.61667	59.99
2.63333	59.99
2.65000	59.99
2.66667	59.99
2.68333	59.99
2.70000	59.99
2.71667	59.99
2.73333	59.99
2.75000	59.99
2.76667	59.99
2.78333	59.99
2.80000	59.99
2.81667	59.99
2.83333	59.99
2.85000	59.99
2.86667	59.99
2.88333	59.99
2.90000	59.99
2.91667	59.99
2.93333	59.99
2.95000	59.99
2.96667	59.99
2.98333	59.99
3.00000	59.99
3.01667	59.99
3.03333	59.99
3.05000	59.99
3.06667	59.99
3.08333	59.99
3.10000	59.99
3.11667	59.99
3.13333	59.99
3.15000	59.99
3.16667	59.99
3.18333	59.99
3.20000	59.99
3.21667	59.99
3.23333	59.99
3.25000	60.00
3.26667	60.00
3.28333	60.00
3.30000	60.00
3.31667	60.00
3.33333	60.00
3.35000	60.00
3.36667	60.00
3.38333	60.00
3.40000	60.00
3.41667	60.00
3.43333	59.99
3.45000	59.99
3.46667	59.99
3.48333	59.99
3.50000	59.99
3.51667	60.00
3.53333	60.00
3.55000	60.00
3.56667	60.00
3.58333	59.99
3.60000	59.99
3.61667	59.99
3.63333	59.99
3.65000	59.99
3.66667	59.99
3.68333	59.99
3.70000	59.99
3.71667	59.99
3.73333	59.99
3.75000	59.99
3.76667	59.99
3.78333	59.99
3.80000	59.99
3.81667	59.99
3.83333	59.99
3.85000	59.99
3.86667	59.99
3.88333	59.99
3.90000	59.99
3.91667	59.99
3.93333	59.99
3.95000	59.99
3.96667	59.99
3.98333	59.99
4.00000	59.99
4.01667	59.99
4.03333	59.99
4.05000	59.99
4.06667	59.99
4.08333	59.99
4.10000	59.99
4.11667	59.99
4.13333	59.99
4.15000	59.99
4.16667	59.99
4.18333	60.00
4.20000	60.00
4.21667	60.00
4.23333	60.00
4.25000	60.00
4.26667	60.00
4.28333	60.00
4.30000	60.00
4.31667	60.00
4.33333	60.00
4.35000	60.00
4.36667	60.00
4.38333	60.00
4.40000	60.00
4.41667	60.00
4.43333	60.00
4.45000	60.00
4.46667	60.00
4.48333	60.00
4.50000	60.00
4.51667	60.00
4.53333	60.00
4.55000	60.00
4.56667	60.00
4.58333	60.00
4.60000	60.00
4.61667	60.00
4.63333	60.00
4.65000	60.00
4.66667	60.00
4.68333	60.00
4.70000	60.00
4.71667	59.99
4.73333	59.99
4.75000	59.99
4.76667	59.99
4.78333	59.99
4.80000	59.99
4.81667	59.99
4.83333	59.99
4.85000	59.99
4.86667	59.99
4.88333	59.99
4.90000	59.99
4.91667	59.99
4.93333	59.99
4.95000	59.99
4.96667	59.99
4.98333	59.99
5.00000	59.99
5.01667	59.99
5.03333	59.99
5.05000	59.99
5.06667	59.99
5.08333	59.99
5.10000	59.99
5.11667	59.99
5.13333	59.99
5.15000	59.99
5.16667	59.99
5.18333	59.99
5.20000	59.99
5.21667	59.99
5.23333	59.99
5.25000	59.99
5.26667	59.99
5.28333	60.00
5.30000	60.00
5.31667	60.00
5.33333	60.00
5.35000	60.00
5.36667	60.00
5.38333	60.00
5.40000	60.00
5.41667	60.00
5.43333	60.00
5.45000	60.00
5.46667	60.00
5.48333	60.00
5.50000	60.00
5.51667	60.00
5.53333	60.00
5.55000	60.00
5.56667	60.00
5.58333	60.00
5.60000	60.00
5.61667	60.00
5.63333	60.00
5.65000	60.00
5.66667	60.00
5.68333	60.00
5.70000	60.00
5.71667	60.00
5.73333	60.00
5.75000	60.00
5.76667	60.00
5.78333	60.00
5.80000	60.00
5.81667	60.00
5.83333	60.00
5.85000	60.00
5.86667	60.00
5.88333	60.00
5.90000	60.00
5.91667	60.00
5.93333	60.00
5.95000	60.00
5.96667	60.00
5.98333	60.00
6.00000	60.00
6.01667	60.00
6.03333	60.00
6.05000	60.00
6.06667	60.00
6.08333	60.00
6.10000	60.00
6.11667	59.99
6.13333	59.99
6.15000	59.99
6.16667	59.99
6.18333	59.99
6.20000	59.99
6.21667	59.99
6.23333	59.99
6.25000	59.99
6.26667	59.99
6.28333	60.00
6.30000	60.00
6.31667	60.00
6.33333	60.00
6.35000	60.00
6.36667	60.00
6.38333	60.00
6.40000	60.00
6.41667	60.00
6.43333	60.00
6.45000	60.00
6.46667	60.00
6.48333	60.00
6.50000	60.00
6.51667	60.00
6.53333	60.00
6.55000	60.00
6.56667	60.00
6.58333	60.00
6.60000	60.00
6.61667	60.00
6.63333	60.00
6.65000	60.00
6.66667	60.00
6.68333	60.00
6.70000	60.00
6.71667	60.00
6.73333	60.00
6.75000	60.00
6.76667	60.00
6.78333	60.00
6.80000	60.00
6.81667	60.00
6.83333	59.99
6.85000	59.99
6.86667	59.99
6.88333	59.99
6.90000	59.99
6.91667	59.99
6.93333	59.99
6.95000	59.99
6.96667	59.99
6.98333	59.99
7.00000	59.99
7.01667	59.99
7.03333	59.99
7.05000	59.99
7.06667	59.99
7.08333	59.99
7.10000	59.99
7.11667	59.99
7.13333	59.99
7.15000	59.99
7.16667	60.00
7.18333	60.00
7.20000	60.00
7.21667	60.00
7.23333	60.00
7.25000	60.00
7.26667	60.00
7.28333	60.00
7.30000	60.00
7.31667	60.00
7.33333	60.00
7.35000	60.00
7.36667	60.00
7.38333	60.00
7.40000	60.00
7.41667	60.00
7.43333	60.00
7.45000	60.00
7.46667	60.00
7.48333	60.00
7.50000	60.00
7.51667	60.00
7.53333	60.00
7.55000	60.00
7.56667	60.00
7.58333	60.00
7.60000	60.00
7.61667	60.00
7.63333	60.00
7.65000	60.00
7.66667	60.00
7.68333	60.00
7.70000	60.00
7.71667	60.00
7.73333	60.00
7.75000	60.00
7.76667	60.00
7.78333	60.00
7.80000	59.99
7.81667	59.99
7.83333	60.00
7.85000	60.00
7.86667	59.99
7.88333	59.99
7.90000	59.99
7.91667	59.99
7.93333	59.99
7.95000	60.00
7.96667	60.00
7.98333	60.00
8.00000	60.00
8.01667	60.00
8.03333	60.00
8.05000	60.00
8.06667	60.00
8.08333	60.00
8.10000	60.00
8.11667	60.00
8.13333	59.99
8.15000	59.99
8.16667	59.99
8.18333	59.99
8.20000	59.99
8.21667	59.99
8.23333	59.99
8.25000	59.99
8.26667	59.99
8.28333	59.99
8.30000	59.99
8.31667	59.99
8.33333	59.99
8.35000	59.99
8.36667	59.99
8.38333	59.99
8.40000	59.99
8.41667	59.99
8.43333	59.99
8.45000	59.99
8.46667	59.99
8.48333	59.99
8.50000	59.99
8.51667	59.99
8.53333	59.99
8.55000	59.99
8.56667	59.99
8.58333	59.99
8.60000	59.99
8.61667	59.99
8.63333	59.99
8.65000	59.99
8.66667	59.99
8.68333	59.99
8.70000	60.00
8.71667	60.00
8.73333	60.00
8.75000	60.00
8.76667	60.00
8.78333	60.00
8.80000	60.00
8.81667	60.00
8.83333	60.00
8.85000	60.00
8.86667	60.00
8.88333	60.00
8.90000	60.00
8.91667	60.00
8.93333	60.00
8.95000	60.00
8.96667	60.00
8.98333	60.00
9.00000	60.00
9.01667	60.00
9.03333	60.00
9.05000	60.00
9.06667	60.00
9.08333	60.00
9.10000	60.00
9.11667	60.00
9.13333	60.00
9.15000	60.00
9.16667	60.00
9.18333	60.00
9.20000	60.00
9.21667	60.00
9.23333	60.00
9.25000	60.00
9.26667	59.99
9.28333	59.99
9.30000	59.99
9.31667	59.99
9.33333	59.99
9.35000	59.99
9.36667	59.99
9.38333	59.99
9.40000	59.99
9.41667	59.99
9.43333	59.99
9.45000	59.99
9.46667	59.99
9.48333	59.99
9.50000	59.99
9.51667	59.99
9.53333	59.99
9.55000	59.99
9.56667	59.99
9.58333	59.99
9.60000	59.99
9.61667	59.99
9.63333	59.99
9.65000	59.99
9.66667	59.99
9.68333	59.99
9.70000	59.99
9.71667	59.99
9.73333	59.99
9.75000	59.99
9.76667	59.99
9.78333	59.99
9.80000	59.99
9.81667	59.99
9.83333	59.99
9.85000	59.99
9.86667	59.99
9.88333	59.99
9.90000	59.99
9.91667	59.99
9.93333	59.99
9.95000	60.00
9.96667	60.00
9.98333	60.00
10.00000	60.00
10.01667	60.00
10.03333	60.00
10.05000	60.00
10.06667	60.00
10.08333	60.00
10.10000	60.00
10.11667	60.00
10.13333	60.00
10.15000	60.00
10.16667	60.00
10.18333	60.00
10.20000	60.00
10.21667	60.00
10.23333	60.00
10.25000	60.00
10.26667	60.00
10.28333	60.00
10.30000	60.00
10.31667	60.00
10.33333	60.00
10.35000	60.00
10.36667	60.00
10.38333	60.00
10.40000	60.00
10.41667	60.00
10.43333	60.00
10.45000	60.00
10.46667	60.00
10.48333	60.00
10.50000	60.00
10.51667	60.00
10.53333	60.00
10.55000	60.00
10.56667	60.00
10.58333	60.00
10.60000	60.00
10.61667	60.00
10.63333	60.00
10.65000	60.00
10.66667	60.00
10.68333	60.00
10.70000	60.00
10.71667	60.00
10.73333	60.00
10.75000	60.00
10.76667	60.00
10.78333	60.00
10.80000	60.00
10.81667	60.00
10.83333	60.00
10.85000	60.00
10.86667	60.00
10.88333	60.00
10.90000	60.00
10.91667	60.00
10.93333	60.00
10.95000	60.00
10.96667	60.00
10.98333	60.00
11.00000	60.00
11.01667	60.00
11.03333	60.00
11.05000	60.00
11.06667	60.00
11.08333	60.00
11.10000	60.00
11.11667	60.00
11.13333	60.00
11.15000	60.00
11.16667	60.00
11.18333	60.00
11.20000	60.00
11.21667	60.00
11.23333	60.00
11.25000	60.00
11.26667	60.00
11.28333	60.00
11.30000	60.00
11.31667	60.00
11.33333	60.00
11.35000	60.00
11.36667	60.00
11.38333	60.00
11.40000	60.00
11.41667	60.00
11.43333	60.00
11.45000	60.00
11.46667	60.00
11.48333	60.00
11.50000	60.00
11.51667	59.99
11.53333	59.99
11.55000	59.99
11.56667	59.99
11.58333	59.99
11.60000	59.99
11.61667	59.99
11.63333	59.99
11.65000	59.99
11.66667	59.99
11.68333	59.99
11.70000	59.99
11.71667	59.99
11.73333	59.99
11.75000	59.99
11.76667	59.99
11.78333	59.99
11.80000	59.99
11.81667	59.99
11.83333	59.99
11.85000	59.99
11.86667	59.99
11.88333	59.99
11.90000	59.99
11.91667	59.99
11.93333	59.99
11.95000	59.99
11.96667	59.99
11.98333	59.99
12.00000	60.00
12.01667	60.00
12.03333	60.00
12.05000	60.00
12.06667	60.00
12.08333	60.00
12.10000	60.00
12.11667	60.00
12.13333	60.00
12.15000	60.00
12.16667	60.00
12.18333	60.00
12.20000	60.00
12.21667	60.00
12.23333	60.00
12.25000	60.00
12.26667	60.00
12.28333	60.00
12.30000	60.00
12.31667	60.00
12.33333	60.00
12.35000	60.00
12.36667	60.00
12.38333	60.00
12.40000	60.00
12.41667	60.00
12.43333	60.00
12.45000	60.00
12.46667	60.00
12.48333	60.00
12.50000	60.00
12.51667	60.00
12.53333	60.00
12.55000	60.00
12.56667	60.00
12.58333	60.00
12.60000	60.00
12.61667	60.00
12.63333	60.00
12.65000	60.00
12.66667	60.00
12.68333	60.00
12.70000	60.00
12.71667	60.00
12.73333	59.99
12.75000	59.99
12.76667	59.99
12.78333	59.99
12.80000	59.99
12.81667	59.99
12.83333	59.99
12.85000	59.99
12.86667	59.99
12.88333	59.99
12.90000	59.99
12.91667	59.99
12.93333	59.99
12.95000	59.99
12.96667	59.99
12.98333	59.99
13.00000	59.99
13.01667	59.99
13.03333	59.99
13.05000	59.99
13.06667	59.99
13.08333	59.99
13.10000	59.99
13.11667	59.99
13.13333	59.99
13.15000	59.99
13.16667	59.99
13.18333	59.99
13.20000	59.99
13.21667	59.99
13.23333	59.99
13.25000	59.99
13.26667	59.99
13.28333	59.99
13.30000	59.99
13.31667	59.99
13.33333	59.99
13.35000	59.99
13.36667	59.99
13.38333	59.99
13.40000	59.99
13.41667	59.99
13.43333	59.99
13.45000	59.99
13.46667	59.99
13.48333	59.99
13.50000	59.99
13.51667	59.99
13.53333	59.99
13.55000	59.99
13.56667	59.99
13.58333	59.99
13.60000	59.99
13.61667	59.99
13.63333	59.99
13.65000	59.99
13.66667	60.00
13.68333	60.00
13.70000	60.00
13.71667	60.00
13.73333	60.00
13.75000	60.00
13.76667	60.00
13.78333	60.00
13.80000	60.00
13.81667	60.00
13.83333	60.00
13.85000	60.00
13.86667	60.00
13.88333	60.00
13.90000	60.00
13.91667	60.00
13.93333	60.00
13.95000	60.00
13.96667	60.00
13.98333	60.01
14.00000	60.01
14.01667	60.01
14.03333	60.00
14.05000	60.00
14.06667	60.00
14.08333	60.00
14.10000	60.00
14.11667	60.00
14.13333	60.00
14.15000	60.00
14.16667	60.00
14.18333	60.00
14.20000	60.00
14.21667	60.00
14.23333	60.00
14.25000	60.00
14.26667	60.00
14.28333	60.00
14.30000	60.00
14.31667	60.00
14.33333	60.00
14.35000	60.00
14.36667	60.00
14.38333	60.00
14.40000	60.00
14.41667	59.99
14.43333	59.99
14.45000	59.99
14.46667	59.99
14.48333	59.99
14.50000	59.99
14.51667	59.99
14.53333	59.99
14.55000	59.99
14.56667	59.99
14.58333	59.99
14.60000	59.99
14.61667	59.99
14.63333	59.99
14.65000	59.99
14.66667	59.99
14.68333	59.99
14.70000	59.99
14.71667	59.99
14.73333	59.99
14.75000	59.98
14.76667	59.98
14.78333	59.98
14.80000	59.98
14.81667	59.98
14.83333	59.98
14.85000	59.98
14.86667	59.98
14.88333	59.98
14.90000	59.98
14.91667	59.98
14.93333	59.98
14.95000	59.98
14.96667	59.98
14.98333	59.98
15.00000	59.98

[LC Status Trace(Room Temp.)]
Interval(msec)	1000
# of Points	901
Start Time(min)	0.000
End Time(min)	15.000
Intensity Units	C
Intensity Multiplier	1
R.Time (min)	Intensity
0.00000	26.97
0.01667	26.97
0.03333	26.97
0.05000	26.97
0.06667	26.97
0.08333	26.97
0.10000	26.97
0.11667	26.97
0.13333	26.97
0.15000	26.97
0.16667	26.97
0.18333	26.97
0.20000	26.97
0.21667	26.97
0.23333	26.97
0.25000	26.97
0.26667	26.97
0.28333	26.97
0.30000	26.97
0.31667	26.97
0.33333	26.97
0.35000	26.97
0.36667	26.97
0.38333	26.97
0.40000	26.97
0.41667	26.97
0.43333	26.97
0.45000	26.97
0.46667	26.97
0.48333	26.97
0.50000	26.97
0.51667	26.97
0.53333	26.97
0.55000	26.97
0.56667	26.97
0.58333	26.97
0.60000	26.97
0.61667	26.97
0.63333	26.97
0.65000	26.97
0.66667	26.97
0.68333	26.97
0.70000	26.97
0.71667	26.97
0.73333	26.97
0.75000	26.97
0.76667	26.97
0.78333	26.97
0.80000	26.97
0.81667	26.97
0.83333	26.97
0.85000	26.97
0.86667	26.97
0.88333	26.96
0.90000	26.96
0.91667	26.96
0.93333	26.96
0.95000	26.97
0.96667	26.97
0.98333	26.97
1.00000	26.97
1.01667	26.97
1.03333	26.97
1.05000	26.97
1.06667	26.97
1.08333	26.97
1.10000	26.97
1.11667	26.97
1.13333	26.97
1.15000	26.97
1.16667	26.97
1.18333	26.97
1.20000	26.97
1.21667	26.97
1.23333	26.97
1.25000	26.97
1.26667	26.97
1.28333	26.97
1.30000	26.97
1.31667	26.97
1.33333	26.97
1.35000	26.97
1.36667	26.97
1.38333	26.97
1.40000	26.97
1.41667	26.97
1.43333	26.97
1.45000	26.97
1.46667	26.97
1.48333	26.97
1.50000	26.97
1.51667	26.97
1.53333	26.97
1.55000	26.98
1.56667	26.98
1.58333	26.98
1.60000	26.98
1.61667	26.98
1.63333	26.98
1.65000	26.98
1.66667	26.99
1.68333	26.99
1.70000	26.99
1.71667	26.99
1.73333	26.99
1.75000	26.99
1.76667	26.99
1.78333	26.99
1.80000	26.99
1.81667	26.99
1.83333	26.99
1.85000	26.99
1.86667	26.99
1.88333	26.99
1.90000	26.99
1.91667	26.99
1.93333	27.00
1.95000	27.00
1.96667	27.00
1.98333	27.00
2.00000	27.00
2.01667	27.01
2.03333	27.01
2.05000	27.01
2.06667	27.01
2.08333	27.01
2.10000	27.02
2.11667	27.02
2.13333	27.02
2.15000	27.02
2.16667	27.02
2.18333	27.02
2.20000	27.02
2.21667	27.02
2.23333	27.02
2.25000	27.02
2.26667	27.01
2.28333	27.01
2.30000	27.01
2.31667	27.01
2.33333	27.01
2.35000	27.01
2.36667	27.01
2.38333	27.02
2.40000	27.02
2.41667	27.02
2.43333	27.02
2.45000	27.02
2.46667	27.02
2.48333	27.02
2.50000	27.02
2.51667	27.02
2.53333	27.02
2.55000	27.01
2.56667	27.01
2.58333	27.01
2.60000	27.01
2.61667	27.00
2.63333	27.00
2.65000	27.00
2.66667	27.00
2.68333	27.00
2.70000	27.00
2.71667	27.00
2.73333	27.00
2.75000	27.00
2.76667	27.00
2.78333	27.00
2.80000	27.00
2.81667	27.00
2.83333	27.00
2.85000	27.00
2.86667	27.00
2.88333	27.00
2.90000	27.00
2.91667	27.00
2.93333	27.00
2.95000	27.00
2.96667	27.00
2.98333	27.00
3.00000	27.00
3.01667	27.00
3.03333	27.00
3.05000	27.00
3.06667	27.00
3.08333	27.00
3.10000	27.00
3.11667	27.00
3.13333	27.00
3.15000	27.00
3.16667	27.00
3.18333	27.00
3.20000	27.00
3.21667	27.00
3.23333	27.00
3.25000	27.00
3.26667	27.00
3.28333	27.00
3.30000	27.00
3.31667	27.00
3.33333	27.00
3.35000	27.00
3.36667	27.00
3.38333	27.00
3.40000	27.00
3.41667	27.00
3.43333	27.00
3.45000	27.00
3.46667	27.00
3.48333	27.00
3.50000	27.00
3.51667	27.00
3.53333	27.00
3.55000	27.00
3.56667	27.00
3.58333	27.00
3.60000	26.99
3.61667	26.99
3.63333	26.99
3.65000	26.99
3.66667	26.99
3.68333	26.99
3.70000	26.98
3.71667	26.98
3.73333	26.98
3.75000	26.98
3.76667	26.98
3.78333	26.98
3.80000	26.98
3.81667	26.98
3.83333	26.98
3.85000	26.98
3.86667	26.98
3.88333	26.98
3.90000	26.98
3.91667	26.98
3.93333	26.98
3.95000	26.98
3.96667	26.98
3.98333	26.98
4.00000	26.98
4.01667	26.98
4.03333	26.98
4.05000	26.98
4.06667	26.98
4.08333	26.98
4.10000	26.97
4.11667	26.97
4.13333	26.97
4.15000	26.97
4.16667	26.97
4.18333	26.97
4.20000	26.97
4.21667	26.97
4.23333	26.98
4.25000	26.98
4.26667	26.98
4.28333	26.98
4.30000	26.98
4.31667	26.98
4.33333	26.98
4.35000	26.98
4.36667	26.98
4.38333	26.98
4.40000	26.98
4.41667	26.98
4.43333	26.98
4.45000	26.98
4.46667	26.98
4.48333	26.98
4.50000	26.99
4.51667	26.99
4.53333	26.99
4.55000	26.99
4.56667	26.99
4.58333	26.99
4.60000	26.99
4.61667	27.00
4.63333	27.00
4.65000	27.00
4.66667	27.01
4.68333	27.01
4.70000	27.01
4.71667	27.01
4.73333	27.01
4.75000	27.02
4.76667	27.02
4.78333	27.02
4.80000	27.02
4.81667	27.02
4.83333	27.03
4.85000	27.03
4.86667	27.03
4.88333	27.03
4.90000	27.03
4.91667	27.03
4.93333	27.03
4.95000	27.04
4.96667	27.04
4.98333	27.04
5.00000	27.04
5.01667	27.04
5.03333	27.04
5.05000	27.04
5.06667	27.04
5.08333	27.04
5.10000	27.04
5.11667	27.05
5.13333	27.05
5.15000	27.05
5.16667	27.05
5.18333	27.06
5.20000	27.06
5.21667	27.06
5.23333	27.06
5.25000	27.06
5.26667	27.06
5.28333	27.06
5.30000	27.06
5.31667	27.07
5.33333	27.07
5.35000	27.07
5.36667	27.07
5.38333	27.07
5.40000	27.07
5.41667	27.07
5.43333	27.07
5.45000	27.07
5.46667	27.07
5.48333	27.07
5.50000	27.07
5.51667	27.08
5.53333	27.08
5.55000	27.08
5.56667	27.08
5.58333	27.08
5.60000	27.08
5.61667	27.08
5.63333	27.08
5.65000	27.08
5.66667	27.07
5.68333	27.07
5.70000	27.07
5.71667	27.07
5.73333	27.07
5.75000	27.07
5.76667	27.07
5.78333	27.06
5.80000	27.06
5.81667	27.06
5.83333	27.06
5.85000	27.06
5.86667	27.06
5.88333	27.06
5.90000	27.06
5.91667	27.06
5.93333	27.06
5.95000	27.06
5.96667	27.06
5.98333	27.06
6.00000	27.06
6.01667	27.06
6.03333	27.06
6.05000	27.07
6.06667	27.07
6.08333	27.07
6.10000	27.08
6.11667	27.08
6.13333	27.08
6.15000	27.09
6.16667	27.09
6.18333	27.09
6.20000	27.09
6.21667	27.09
6.23333	27.09
6.25000	27.09
6.26667	27.09
6.28333	27.09
6.30000	27.08
6.31667	27.08
6.33333	27.08
6.35000	27.09
6.36667	27.09
6.38333	27.09
6.40000	27.09
6.41667	27.09
6.43333	27.09
6.45000	27.09
6.46667	27.09
6.48333	27.09
6.50000	27.09
6.51667	27.09
6.53333	27.09
6.55000	27.09
6.56667	27.09
6.58333	27.09
6.60000	27.09
6.61667	27.09
6.63333	27.09
6.65000	27.09
6.66667	27.09
6.68333	27.09
6.70000	27.09
6.71667	27.09
6.73333	27.09
6.75000	27.09
6.76667	27.09
6.78333	27.09
6.80000	27.09
6.81667	27.09
6.83333	27.09
6.85000	27.10
6.86667	27.10
6.88333	27.10
6.90000	27.10
6.91667	27.10
6.93333	27.10
6.95000	27.10
6.96667	27.10
6.98333	27.11
7.00000	27.11
7.01667	27.11
7.03333	27.11
7.05000	27.11
7.06667	27.12
7.08333	27.12
7.10000	27.12
7.11667	27.13
7.13333	27.13
7.15000	27.14
7.16667	27.14
7.18333	27.14
7.20000	27.14
7.21667	27.15
7.23333	27.15
7.25000	27.15
7.26667	27.15
7.28333	27.15
7.30000	27.16
7.31667	27.16
7.33333	27.16
7.35000	27.16
7.36667	27.16
7.38333	27.16
7.40000	27.17
7.41667	27.17
7.43333	27.17
7.45000	27.17
7.46667	27.17
7.48333	27.17
7.50000	27.17
7.51667	27.18
7.53333	27.18
7.55000	27.18
7.56667	27.18
7.58333	27.18
7.60000	27.18
7.61667	27.18
7.63333	27.18
7.65000	27.18
7.66667	27.18
7.68333	27.18
7.70000	27.18
7.71667	27.18
7.73333	27.18
7.75000	27.19
7.76667	27.19
7.78333	27.19
7.80000	27.19
7.81667	27.19
7.83333	27.19
7.85000	27.19
7.86667	27.20
7.88333	27.20
7.90000	27.20
7.91667	27.20
7.93333	27.20
7.95000	27.19
7.96667	27.19
7.98333	27.19
8.00000	27.19
8.01667	27.19
8.03333	27.19
8.05000	27.19
8.06667	27.19
8.08333	27.19
8.10000	27.19
8.11667	27.19
8.13333	27.19
8.15000	27.18
8.16667	27.18
8.18333	27.18
8.20000	27.18
8.21667	27.18
8.23333	27.18
8.25000	27.18
8.26667	27.18
8.28333	27.18
8.30000	27.18
8.31667	27.18
8.33333	27.18
8.35000	27.18
8.36667	27.18
8.38333	27.18
8.40000	27.18
8.41667	27.18
8.43333	27.18
8.45000	27.18
8.46667	27.18
8.48333	27.18
8.50000	27.17
8.51667	27.17
8.53333	27.17
8.55000	27.17
8.56667	27.17
8.58333	27.17
8.60000	27.17
8.61667	27.17
8.63333	27.16
8.65000	27.16
8.66667	27.16
8.68333	27.16
8.70000	27.16
8.71667	27.16
8.73333	27.16
8.75000	27.16
8.76667	27.15
8.78333	27.15
8.80000	27.15
8.81667	27.15
8.83333	27.15
8.85000	27.15
8.86667	27.15
8.88333	27.14
8.90000	27.14
8.91667	27.14
8.93333	27.14
8.95000	27.13
8.96667	27.13
8.98333	27.13
9.00000	27.13
9.01667	27.13
9.03333	27.12
9.05000	27.12
9.06667	27.12
9.08333	27.12
9.10000	27.12
9.11667	27.11
9.13333	27.11
9.15000	27.11
9.16667	27.11
9.18333	27.11
9.20000	27.10
9.21667	27.10
9.23333	27.10
9.25000	27.10
9.26667	27.10
9.28333	27.10
9.30000	27.10
9.31667	27.10
9.33333	27.10
9.35000	27.10
9.36667	27.10
9.38333	27.10
9.40000	27.10
9.41667	27.10
9.43333	27.10
9.45000	27.10
9.46667	27.11
9.48333	27.11
9.50000	27.11
9.51667	27.11
9.53333	27.11
9.55000	27.11
9.56667	27.11
9.58333	27.11
9.60000	27.11
9.61667	27.11
9.63333	27.11
9.65000	27.11
9.66667	27.11
9.68333	27.11
9.70000	27.10
9.71667	27.10
9.73333	27.10
9.75000	27.10
9.76667	27.10
9.78333	27.10
9.80000	27.10
9.81667	27.10
9.83333	27.10
9.85000	27.10
9.86667	27.10
9.88333	27.10
9.90000	27.10
9.91667	27.10
9.93333	27.10
9.95000	27.10
9.96667	27.10
9.98333	27.10
10.00000	27.10
10.01667	27.11
10.03333	27.11
10.05000	27.11
10.06667	27.11
10.08333	27.11
10.10000	27.11
10.11667	27.11
10.13333	27.11
10.15000	27.11
10.16667	27.11
10.18333	27.11
10.20000	27.11
10.21667	27.11
10.23333	27.11
10.25000	27.11
10.26667	27.11
10.28333	27.11
10.30000	27.10
10.31667	27.10
10.33333	27.10
10.35000	27.10
10.36667	27.10
10.38333	27.10
10.40000	27.10
10.41667	27.11
10.43333	27.11
10.45000	27.11
10.46667	27.11
10.48333	27.11
10.50000	27.11
10.51667	27.11
10.53333	27.11
10.55000	27.11
10.56667	27.11
10.58333	27.11
10.60000	27.11
10.61667	27.11
10.63333	27.11
10.65000	27.12
10.66667	27.12
10.68333	27.12
10.70000	27.12
10.71667	27.12
10.73333	27.12
10.75000	27.12
10.76667	27.13
10.78333	27.13
10.80000	27.13
10.81667	27.13
10.83333	27.13
10.85000	27.13
10.86667	27.13
10.88333	27.14
10.90000	27.14
10.91667	27.14
10.93333	27.14
10.95000	27.15
10.96667	27.15
10.98333	27.15
11.00000	27.15
11.01667	27.15
11.03333	27.15
11.05000	27.15
11.06667	27.16
11.08333	27.16
11.10000	27.16
11.11667	27.16
11.13333	27.16
11.15000	27.16
11.16667	27.15
11.18333	27.15
11.20000	27.15
11.21667	27.15
11.23333	27.15
11.25000	27.15
11.26667	27.15
11.28333	27.15
11.30000	27.14
11.31667	27.14
11.33333	27.14
11.35000	27.14
11.36667	27.15
11.38333	27.15
11.40000	27.15
11.41667	27.15
11.43333	27.15
11.45000	27.15
11.46667	27.15
11.48333	27.15
11.50000	27.15
11.51667	27.15
11.53333	27.15
11.55000	27.15
11.56667	27.16
11.58333	27.16
11.60000	27.16
11.61667	27.16
11.63333	27.16
11.65000	27.16
11.66667	27.16
11.68333	27.16
11.70000	27.16
11.71667	27.16
11.73333	27.16
11.75000	27.16
11.76667	27.16
11.78333	27.16
11.80000	27.16
11.81667	27.16
11.83333	27.16
11.85000	27.16
11.86667	27.16
11.88333	27.15
11.90000	27.15
11.91667	27.15
11.93333	27.15
11.95000	27.15
11.96667	27.15
11.98333	27.15
12.00000	27.15
12.01667	27.14
12.03333	27.14
12.05000	27.14
12.06667	27.14
12.08333	27.14
12.10000	27.14
12.11667	27.14
12.13333	27.14
12.15000	27.14
12.16667	27.14
12.18333	27.14
12.20000	27.15
12.21667	27.15
12.23333	27.15
12.25000	27.15
12.26667	27.16
12.28333	27.16
12.30000	27.16
12.31667	27.16
12.33333	27.16
12.35000	27.16
12.36667	27.16
12.38333	27.16
12.40000	27.16
12.41667	27.15
12.43333	27.15
12.45000	27.15
12.46667	27.15
12.48333	27.15
12.50000	27.15
12.51667	27.15
12.53333	27.15
12.55000	27.15
12.56667	27.15
12.58333	27.15
12.60000	27.15
12.61667	27.15
12.63333	27.15
12.65000	27.15
12.66667	27.15
12.68333	27.15
12.70000	27.15
12.71667	27.15
12.73333	27.15
12.75000	27.15
12.76667	27.15
12.78333	27.15
12.80000	27.15
12.81667	27.15
12.83333	27.15
12.85000	27.14
12.86667	27.14
12.88333	27.14
12.90000	27.14
12.91667	27.14
12.93333	27.14
12.95000	27.14
12.96667	27.14
12.98333	27.14
13.00000	27.14
13.01667	27.14
13.03333	27.13
13.05000	27.13
13.06667	27.13
13.08333	27.13
13.10000	27.13
13.11667	27.13
13.13333	27.13
13.15000	27.13
13.16667	27.13
13.18333	27.13
13.20000	27.13
13.21667	27.13
13.23333	27.13
13.25000	27.13
13.26667	27.13
13.28333	27.13
13.30000	27.13
13.31667	27.13
13.33333	27.13
13.35000	27.13
13.36667	27.13
13.38333	27.13
13.40000	27.13
13.41667	27.13
13.43333	27.13
13.45000	27.13
13.46667	27.13
13.48333	27.13
13.50000	27.13
13.51667	27.13
13.53333	27.13
13.55000	27.13
13.56667	27.13
13.58333	27.14
13.60000	27.13
13.61667	27.13
13.63333	27.13
13.65000	27.13
13.66667	27.13
13.68333	27.13
13.70000	27.13
13.71667	27.13
13.73333	27.13
13.75000	27.13
13.76667	27.13
13.78333	27.13
13.80000	27.13
13.81667	27.13
13.83333	27.13
13.85000	27.12
13.86667	27.12
13.88333	27.12
13.90000	27.12
13.91667	27.12
13.93333	27.12
13.95000	27.12
13.96667	27.12
13.98333	27.12
14.00000	27.12
14.01667	27.12
14.03333	27.12
14.05000	27.12
14.06667	27.12
14.08333	27.12
14.10000	27.12
14.11667	27.12
14.13333	27.12
14.15000	27.12
14.16667	27.12
14.18333	27.12
14.20000	27.11
14.21667	27.11
14.23333	27.11
14.25000	27.11
14.26667	27.11
14.28333	27.11
14.30000	27.12
14.31667	27.12
14.33333	27.12
14.35000	27.12
14.36667	27.12
14.38333	27.12
14.40000	27.12
14.41667	27.12
14.43333	27.12
14.45000	27.12
14.46667	27.12
14.48333	27.12
14.50000	27.13
14.51667	27.13
14.53333	27.13
14.55000	27.13
14.56667	27.13
14.58333	27.13
14.60000	27.13
14.61667	27.13
14.63333	27.13
14.65000	27.13
14.66667	27.13
14.68333	27.13
14.70000	27.13
14.71667	27.13
14.73333	27.13
14.75000	27.13
14.76667	27.12
14.78333	27.12
14.80000	27.12
14.81667	27.12
14.83333	27.12
14.85000	27.12
14.86667	27.12
14.88333	27.12
14.90000	27.12
14.91667	27.12
14.93333	27.12
14.95000	27.12
14.96667	27.12
14.98333	27.12
15.00000	27.12

[LC Status Trace(UV Cell Temp.)]
Interval(msec)	1000
# of Points	901
Start Time(min)	0.000
End Time(min)	15.000
Intensity Units	C
Intensity Multiplier	1
R.Time (min)	Intensity
0.00000	40.02
0.01667	40.02
0.03333	40.02
0.05000	40.02
0.06667	40.02
0.08333	40.02
0.10000	40.02
0.11667	40.02
0.13333	40.02
0.15000	40.02
0.16667	40.02
0.18333	40.02
0.20000	40.02
0.21667	40.02
0.23333	40.01
0.25000	40.01
0.26667	40.01
0.28333	40.01
0.30000	40.01
0.31667	40.01
0.33333	40.01
0.35000	40.01
0.36667	40.02
0.38333	40.02
0.40000	40.02
0.41667	40.02
0.43333	40.02
0.45000	40.02
0.46667	40.02
0.48333	40.02
0.50000	40.02
0.51667	40.02
0.53333	40.02
0.55000	40.02
0.56667	40.02
0.58333	40.02
0.60000	40.02
0.61667	40.02
0.63333	40.02
0.65000	40.02
0.66667	40.02
0.68333	40.02
0.70000	40.02
0.71667	40.02
0.73333	40.02
0.75000	40.02
0.76667	40.02
0.78333	40.02
0.80000	40.02
0.81667	40.02
0.83333	40.02
0.85000	40.02
0.86667	40.02
0.88333	40.02
0.90000	40.02
0.91667	40.02
0.93333	40.01
0.95000	40.01
0.96667	40.01
0.98333	40.01
1.00000	40.01
1.01667	40.01
1.03333	40.01
1.05000	40.01
1.06667	40.01
1.08333	40.01
1.10000	40.01
1.11667	40.01
1.13333	40.01
1.15000	40.01
1.16667	40.01
1.18333	40.01
1.20000	40.01
1.21667	40.01
1.23333	40.01
1.25000	40.01
1.26667	40.01
1.28333	40.01
1.30000	40.01
1.31667	40.01
1.33333	40.01
1.35000	40.01
1.36667	40.01
1.38333	40.01
1.40000	40.01
1.41667	40.01
1.43333	40.01
1.45000	40.01
1.46667	40.01
1.48333	40.01
1.50000	40.01
1.51667	40.01
1.53333	40.01
1.55000	40.01
1.56667	40.01
1.58333	40.01
1.60000	40.01
1.61667	40.01
1.63333	40.01
1.65000	40.01
1.66667	40.01
1.68333	40.01
1.70000	40.01
1.71667	40.01
1.73333	40.01
1.75000	40.01
1.76667	40.01
1.78333	40.01
1.80000	40.02
1.81667	40.01
1.83333	40.01
1.85000	40.01
1.86667	40.01
1.88333	40.01
1.90000	40.01
1.91667	40.01
1.93333	40.01
1.95000	40.01
1.96667	40.01
1.98333	40.01
2.00000	40.01
2.01667	40.01
2.03333	40.01
2.05000	40.01
2.06667	40.01
2.08333	40.01
2.10000	40.01
2.11667	40.01
2.13333	40.01
2.15000	40.01
2.16667	40.01
2.18333	40.01
2.20000	40.01
2.21667	40.01
2.23333	40.01
2.25000	40.01
2.26667	40.01
2.28333	40.01
2.30000	40.01
2.31667	40.01
2.33333	40.01
2.35000	40.01
2.36667	40.01
2.38333	40.01
2.40000	40.01
2.41667	40.01
2.43333	40.01
2.45000	40.01
2.46667	40.01
2.48333	40.00
2.50000	40.00
2.51667	40.00
2.53333	40.00
2.55000	40.00
2.56667	40.00
2.58333	40.00
2.60000	40.00
2.61667	40.00
2.63333	40.00
2.65000	40.00
2.66667	40.00
2.68333	40.00
2.70000	40.00
2.71667	40.00
2.73333	40.00
2.75000	40.00
2.76667	40.00
2.78333	40.00
2.80000	40.00
2.81667	40.01
2.83333	40.01
2.85000	40.01
2.86667	40.01
2.88333	40.01
2.90000	40.01
2.91667	40.01
2.93333	40.01
2.95000	40.01
2.96667	40.01
2.98333	40.01
3.00000	40.01
3.01667	40.01
3.03333	40.00
3.05000	40.00
3.06667	40.00
3.08333	40.00
3.10000	40.00
3.11667	40.00
3.13333	40.00
3.15000	40.00
3.16667	40.00
3.18333	40.00
3.20000	40.00
3.21667	40.00
3.23333	40.00
3.25000	40.00
3.26667	40.00
3.28333	40.00
3.30000	40.00
3.31667	40.00
3.33333	40.00
3.35000	40.00
3.36667	40.00
3.38333	40.00
3.40000	40.00
3.41667	40.00
3.43333	40.00
3.45000	40.00
3.46667	40.00
3.48333	40.00
3.50000	40.00
3.51667	40.00
3.53333	40.00
3.55000	40.00
3.56667	40.00
3.58333	40.00
3.60000	40.00
3.61667	40.00
3.63333	40.01
3.65000	40.01
3.66667	40.01
3.68333	40.01
3.70000	40.01
3.71667	40.01
3.73333	40.01
3.75000	40.00
3.76667	40.00
3.78333	40.00
3.80000	40.00
3.81667	40.00
3.83333	40.00
3.85000	40.00
3.86667	40.00
3.88333	40.00
3.90000	40.00
3.91667	40.00
3.93333	40.00
3.95000	40.00
3.96667	40.00
3.98333	40.00
4.00000	40.00
4.01667	40.00
4.03333	40.00
4.05000	40.00
4.06667	40.00
4.08333	39.99
4.10000	39.99
4.11667	39.99
4.13333	39.99
4.15000	39.99
4.16667	39.99
4.18333	39.99
4.20000	39.99
4.21667	39.99
4.23333	39.99
4.25000	39.99
4.26667	39.99
4.28333	39.99
4.30000	39.99
4.31667	39.99
4.33333	39.99
4.35000	39.99
4.36667	40.00
4.38333	40.00
4.40000	40.00
4.41667	40.00
4.43333	40.00
4.45000	40.00
4.46667	40.00
4.48333	40.00
4.50000	40.00
4.51667	40.00
4.53333	40.00
4.55000	40.00
4.56667	40.00
4.58333	40.00
4.60000	40.00
4.61667	40.00
4.63333	40.00
4.65000	40.00
4.66667	40.00
4.68333	40.00
4.70000	40.00
4.71667	40.00
4.73333	40.00
4.75000	40.00
4.76667	40.00
4.78333	40.00
4.80000	40.00
4.81667	40.00
4.83333	40.00
4.85000	40.00
4.86667	40.00
4.88333	40.00
4.90000	40.00
4.91667	40.00
4.93333	40.00
4.95000	40.00
4.96667	40.00
4.98333	40.00
5.00000	40.00
5.01667	40.00
5.03333	40.00
5.05000	40.00
5.06667	40.00
5.08333	40.00
5.10000	39.99
5.11667	39.99
5.13333	39.99
5.15000	39.99
5.16667	39.99
5.18333	39.99
5.20000	39.99
5.21667	39.99
5.23333	39.99
5.25000	39.99
5.26667	39.99
5.28333	39.99
5.30000	40.00
5.31667	39.99
5.33333	39.99
5.35000	39.99
5.36667	39.99
5.38333	40.00
5.40000	40.00
5.41667	40.00
5.43333	40.00
5.45000	40.00
5.46667	40.00
5.48333	40.00
5.50000	40.00
5.51667	40.00
5.53333	40.00
5.55000	40.00
5.56667	40.00
5.58333	40.00
5.60000	40.00
5.61667	40.00
5.63333	39.99
5.65000	40.00
5.66667	39.99
5.68333	39.99
5.70000	39.99
5.71667	39.99
5.73333	39.99
5.75000	39.99
5.76667	39.99
5.78333	39.99
5.80000	39.99
5.81667	39.99
5.83333	39.99
5.85000	39.99
5.86667	39.99
5.88333	40.00
5.90000	40.00
5.91667	40.00
5.93333	40.00
5.95000	40.00
5.96667	40.00
5.98333	40.00
6.00000	40.00
6.01667	40.00
6.03333	40.00
6.05000	40.00
6.06667	40.00
6.08333	40.00
6.10000	40.00
6.11667	40.00
6.13333	40.00
6.15000	40.00
6.16667	39.99
6.18333	39.99
6.20000	39.99
6.21667	39.99
6.23333	39.99
6.25000	39.99
6.26667	39.99
6.28333	39.99
6.30000	39.99
6.31667	39.99
6.33333	39.99
6.35000	39.99
6.36667	39.99
6.38333	39.99
6.40000	39.99
6.41667	39.99
6.43333	39.99
6.45000	39.99
6.46667	40.00
6.48333	40.00
6.50000	40.00
6.51667	40.00
6.53333	40.00
6.55000	40.00
6.56667	40.00
6.58333	40.00
6.60000	40.00
6.61667	40.00
6.63333	40.00
6.65000	40.00
6.66667	40.00
6.68333	40.00
6.70000	40.00
6.71667	39.99
6.73333	39.99
6.75000	39.99
6.76667	39.99
6.78333	39.99
6.80000	39.99
6.81667	39.99
6.83333	39.99
6.85000	39.99
6.86667	39.99
6.88333	39.99
6.90000	39.99
6.91667	39.99
6.93333	39.99
6.95000	39.99
6.96667	39.99
6.98333	39.99
7.00000	39.99
7.01667	39.99
7.03333	39.99
7.05000	39.99
7.06667	39.99
7.08333	39.99
7.10000	40.00
7.11667	40.00
7.13333	40.00
7.15000	40.00
7.16667	40.00
7.18333	40.00
7.20000	40.00
7.21667	40.00
7.23333	40.00
7.25000	40.00
7.26667	40.00
7.28333	40.00
7.30000	40.00
7.31667	40.00
7.33333	40.00
7.35000	40.00
7.36667	40.00
7.38333	39.99
7.40000	40.00
7.41667	39.99
7.43333	39.99
7.45000	39.99
7.46667	39.99
7.48333	39.99
7.50000	39.99
7.51667	39.99
7.53333	39.99
7.55000	39.99
7.56667	39.99
7.58333	39.99
7.60000	39.99
7.61667	39.99
7.63333	39.99
7.65000	39.99
7.66667	39.99
7.68333	39.99
7.70000	39.99
7.71667	39.99
7.73333	39.99
7.75000	39.99
7.76667	39.99
7.78333	39.99
7.80000	39.99
7.81667	39.99
7.83333	40.00
7.85000	40.00
7.86667	40.00
7.88333	40.00
7.90000	40.00
7.91667	40.00
7.93333	40.00
7.95000	40.00
7.96667	40.00
7.98333	40.00
8.00000	40.00
8.01667	40.00
8.03333	40.00
8.05000	40.00
8.06667	40.00
8.08333	40.00
8.10000	40.00
8.11667	40.00
8.13333	40.00
8.15000	40.00
8.16667	40.00
8.18333	39.99
8.20000	39.99
8.21667	39.99
8.23333	39.99
8.25000	39.99
8.26667	39.99
8.28333	39.99
8.30000	39.99
8.31667	39.99
8.33333	39.99
8.35000	39.99
8.36667	39.99
8.38333	39.99
8.40000	39.99
8.41667	39.99
8.43333	39.99
8.45000	39.99
8.46667	39.99
8.48333	39.99
8.50000	39.99
8.51667	39.99
8.53333	39.99
8.55000	39.99
8.56667	39.99
8.58333	39.99
8.60000	39.99
8.61667	39.99
8.63333	39.99
8.65000	39.99
8.66667	40.00
8.68333	40.00
8.70000	40.00
8.71667	40.00
8.73333	40.00
8.75000	40.00
8.76667	40.00
8.78333	40.00
8.80000	40.00
8.81667	39.99
8.83333	39.99
8.85000	39.99
8.86667	39.99
8.88333	39.99
8.90000	39.99
8.91667	39.99
8.93333	39.99
8.95000	39.99
8.96667	39.99
8.98333	39.99
9.00000	39.99
9.01667	39.99
9.03333	39.99
9.05000	39.99
9.06667	39.99
9.08333	39.99
9.10000	39.99
9.11667	40.00
9.13333	40.00
9.15000	40.00
9.16667	40.00
9.18333	40.00
9.20000	40.00
9.21667	40.00
9.23333	40.00
9.25000	40.00
9.26667	40.00
9.28333	40.00
9.30000	40.00
9.31667	40.00
9.33333	39.99
9.35000	39.99
9.36667	39.99
9.38333	39.99
9.40000	39.99
9.41667	39.99
9.43333	39.99
9.45000	39.99
9.46667	39.99
9.48333	39.99
9.50000	39.99
9.51667	39.99
9.53333	39.99
9.55000	39.99
9.56667	39.99
9.58333	39.99
9.60000	39.99
9.61667	39.99
9.63333	39.99
9.65000	39.99
9.66667	39.99
9.68333	39.99
9.70000	39.99
9.71667	39.99
9.73333	39.99
9.75000	39.99
9.76667	39.99
9.78333	39.99
9.80000	39.99
9.81667	40.00
9.83333	40.00
9.85000	40.00
9.86667	40.00
9.88333	40.00
9.90000	40.00
9.91667	40.00
9.93333	40.00
9.95000	40.00
9.96667	40.00
9.98333	40.00
10.00000	40.00
10.01667	40.00
10.03333	40.00
10.05000	40.00
10.06667	39.99
10.08333	39.99
10.10000	39.99
10.11667	39.99
10.13333	39.99
10.15000	39.99
10.16667	39.99
10.18333	39.99
10.20000	39.99
10.21667	39.99
10.23333	39.99
10.25000	39.99
10.26667	39.99
10.28333	39.99
10.30000	39.99
10.31667	39.99
10.33333	39.99
10.35000	39.99
10.36667	39.99
10.38333	39.99
10.40000	39.99
10.41667	39.99
10.43333	39.99
10.45000	39.99
10.46667	39.99
10.48333	39.99
10.50000	39.99
10.51667	39.99
10.53333	39.99
10.55000	39.99
10.56667	39.99
10.58333	39.99
10.60000	39.99
10.61667	39.99
10.63333	39.99
10.65000	39.99
10.66667	40.00
10.68333	40.00
10.70000	40.00
10.71667	40.00
10.73333	40.00
10.75000	40.00
10.76667	40.00
10.78333	40.00
10.80000	40.00
10.81667	40.00
10.83333	40.00
10.85000	40.00
10.86667	40.00
10.88333	40.00
10.90000	40.00
10.91667	40.00
10.93333	40.00
10.95000	40.00
10.96667	39.99
10.98333	39.99
11.00000	39.99
11.01667	39.99
11.03333	39.99
11.05000	39.99
11.06667	39.99
11.08333	39.99
11.10000	39.99
11.11667	39.99
11.13333	39.99
11.15000	39.99
11.16667	39.99
11.18333	39.99
11.20000	39.99
11.21667	39.99
11.23333	39.99
11.25000	39.99
11.26667	39.99
11.28333	39.99
11.30000	39.99
11.31667	39.99
11.33333	39.99
11.35000	39.99
11.36667	39.99
11.38333	39.99
11.40000	39.99
11.41667	39.99
11.43333	39.99
11.45000	39.99
11.46667	39.99
11.48333	39.99
11.50000	39.99
11.51667	39.99
11.53333	39.99
11.55000	39.99
11.56667	39.99
11.58333	39.99
11.60000	40.00
11.61667	40.00
11.63333	40.00
11.65000	40.00
11.66667	40.00
11.68333	40.00
11.70000	40.00
11.71667	40.00
11.73333	40.00
11.75000	40.00
11.76667	40.00
11.78333	40.00
11.80000	39.99
11.81667	39.99
11.83333	39.99
11.85000	39.99
11.86667	39.99
11.88333	39.99
11.90000	39.99
11.91667	39.99
11.93333	39.99
11.95000	39.99
11.96667	39.99
11.98333	39.99
12.00000	39.99
12.01667	39.99
12.03333	39.99
12.05000	39.99
12.06667	39.99
12.08333	39.99
12.10000	39.99
12.11667	39.99
12.13333	39.99
12.15000	39.99
12.16667	39.99
12.18333	39.99
12.20000	39.99
12.21667	39.99
12.23333	39.99
12.25000	39.99
12.26667	39.99
12.28333	39.99
12.30000	39.99
12.31667	39.99
12.33333	39.99
12.35000	39.99
12.36667	39.99
12.38333	40.00
12.40000	40.00
12.41667	40.00
12.43333	40.00
12.45000	40.00
12.46667	40.00
12.48333	40.00
12.50000	40.00
12.51667	40.00
12.53333	40.00
12.55000	40.00
12.56667	40.00
12.58333	40.00
12.60000	40.00
12.61667	40.00
12.63333	40.00
12.65000	40.00
12.66667	39.99
12.68333	39.99
12.70000	39.99
12.71667	39.99
12.73333	39.99
12.75000	39.99
12.76667	39.99
12.78333	39.99
12.80000	39.99
12.81667	39.99
12.83333	39.99
12.85000	39.99
12.86667	39.99
12.88333	39.99
12.90000	39.99
12.91667	39.99
12.93333	39.99
12.95000	39.99
12.96667	39.99
12.98333	39.99
13.00000	39.99
13.01667	39.99
13.03333	39.99
13.05000	39.99
13.06667	39.99
13.08333	40.00
13.10000	40.00
13.11667	40.00
13.13333	40.00
13.15000	40.00
13.16667	40.00
13.18333	40.00
13.20000	40.00
13.21667	40.00
13.23333	40.00
13.25000	40.00
13.26667	40.00
13.28333	40.00
13.30000	40.00
13.31667	40.00
13.33333	40.00
13.35000	40.00
13.36667	40.00
13.38333	40.00
13.40000	40.00
13.41667	40.00
13.43333	40.00
13.45000	40.00
13.46667	40.00
13.48333	40.00
13.50000	40.00
13.51667	40.00
13.53333	40.00
13.55000	40.00
13.56667	40.00
13.58333	40.00
13.60000	40.00
13.61667	39.99
13.63333	39.99
13.65000	39.99
13.66667	39.99
13.68333	39.99
13.70000	39.99
13.71667	39.99
13.73333	39.99
13.75000	39.99
13.76667	39.99
13.78333	39.99
13.80000	39.99
13.81667	39.99
13.83333	39.99
13.85000	39.99
13.86667	39.99
13.88333	39.99
13.90000	39.99
13.91667	40.00
13.93333	40.00
13.95000	40.00
13.96667	40.00
13.98333	40.00
14.00000	40.00
14.01667	40.00
14.03333	40.00
14.05000	40.00
14.06667	40.00
14.08333	40.00
14.10000	40.00
14.11667	40.00
14.13333	40.00
14.15000	40.00
14.16667	40.00
14.18333	40.00
14.20000	40.00
14.21667	40.00
14.23333	40.00
14.25000	39.99
14.26667	39.99
14.28333	39.99
14.30000	39.99
14.31667	39.99
14.33333	39.99
14.35000	39.99
14.36667	39.99
14.38333	39.99
14.40000	39.99
14.41667	39.99
14.43333	39.99
14.45000	39.99
14.46667	39.99
14.48333	39.99
14.50000	39.99
14.51667	40.00
14.53333	40.00
14.55000	40.00
14.56667	40.00
14.58333	40.00
14.60000	40.00
14.61667	40.00
14.63333	40.00
14.65000	40.00
14.66667	40.00
14.68333	40.00
14.70000	40.00
14.71667	40.00
14.73333	40.00
14.75000	40.00
14.76667	40.00
14.78333	40.00
14.80000	40.01
14.81667	40.01
14.83333	40.01
14.85000	40.01
14.86667	40.01
14.88333	40.01
14.90000	40.01
14.91667	40.02
14.93333	40.02
14.95000	40.02
14.96667	40.02
14.98333	40.02
15.00000	40.02

[LC Status Trace(UV A-Ch1 Reference Energy)]
Interval(msec)	1000
# of Points	901
Start Time(min)	0.000
End Time(min)	15.000
Intensity Units	mV
Intensity Multiplier	1
R.Time (min)	Intensity
0.00000	512.60
0.01667	512.60
0.03333	512.60
0.05000	512.60
0.06667	512.60
0.08333	512.60
0.10000	512.60
0.11667	512.60
0.13333	512.60
0.15000	512.60
0.16667	512.60
0.18333	512.60
0.20000	512.60
0.21667	512.60
0.23333	512.60
0.25000	512.60
0.26667	512.60
0.28333	512.60
0.30000	512.60
0.31667	512.60
0.33333	512.60
0.35000	512.60
0.36667	512.60
0.38333	512.60
0.40000	512.60
0.41667	512.60
0.43333	512.60
0.45000	512.60
0.46667	512.60
0.48333	512.60
0.50000	512.60
0.51667	512.60
0.53333	512.60
0.55000	512.60
0.56667	512.60
0.58333	512.60
0.60000	512.60
0.61667	512.60
0.63333	512.60
0.65000	512.60
0.66667	512.60
0.68333	512.60
0.70000	512.60
0.71667	512.60
0.73333	512.60
0.75000	512.60
0.76667	512.60
0.78333	512.60
0.80000	512.60
0.81667	512.60
0.83333	512.60
0.85000	512.60
0.86667	512.60
0.88333	512.60
0.90000	512.60
0.91667	512.60
0.93333	512.60
0.95000	512.60
0.96667	512.60
0.98333	512.60
1.00000	512.60
1.01667	512.60
1.03333	512.60
1.05000	512.60
1.06667	512.60
1.08333	512.60
1.10000	512.60
1.11667	512.60
1.13333	512.60
1.15000	512.60
1.16667	512.60
1.18333	512.60
1.20000	512.60
1.21667	512.60
1.23333	512.60
1.25000	512.60
1.26667	512.60
1.28333	512.60
1.30000	512.60
1.31667	512.60
1.33333	512.60
1.35000	512.60
1.36667	512.60
1.38333	512.60
1.40000	512.60
1.41667	512.60
1.43333	512.60
1.45000	512.60
1.46667	512.60
1.48333	512.60
1.50000	512.60
1.51667	512.60
1.53333	512.60
1.55000	512.60
1.56667	512.60
1.58333	512.60
1.60000	512.60
1.61667	512.60
1.63333	512.60
1.65000	512.60
1.66667	512.60
1.68333	512.60
1.70000	512.60
1.71667	512.60
1.73333	512.60
1.75000	512.60
1.76667	512.60
1.78333	512.60
1.80000	512.60
1.81667	512.60
1.83333	512.60
1.85000	512.60
1.86667	512.60
1.88333	512.60
1.90000	512.60
1.91667	512.60
1.93333	512.60
1.95000	512.60
1.96667	512.60
1.98333	512.60
2.00000	512.60
2.01667	512.50
2.03333	512.60
2.05000	512.60
2.06667	512.50
2.08333	512.50
2.10000	512.60
2.11667	512.60
2.13333	512.60
2.15000	512.60
2.16667	512.50
2.18333	512.50
2.20000	512.60
2.21667	512.50
2.23333	512.60
2.25000	512.60
2.26667	512.50
2.28333	512.50
2.30000	512.50
2.31667	512.60
2.33333	512.50
2.35000	512.50
2.36667	512.50
2.38333	512.50
2.40000	512.50
2.41667	512.50
2.43333	512.50
2.45000	512.50
2.46667	512.60
2.48333	512.60
2.50000	512.50
2.51667	512.50
2.53333	512.50
2.55000	512.50
2.56667	512.50
2.58333	512.50
2.60000	512.60
2.61667	512.50
2.63333	512.50
2.65000	512.50
2.66667	512.50
2.68333	512.50
2.70000	512.50
2.71667	512.50
2.73333	512.50
2.75000	512.50
2.76667	512.50
2.78333	512.50
2.80000	512.50
2.81667	512.50
2.83333	512.50
2.85000	512.50
2.86667	512.50
2.88333	512.50
2.90000	512.50
2.91667	512.50
2.93333	512.50
2.95000	512.50
2.96667	512.50
2.98333	512.50
3.00000	512.50
3.01667	512.50
3.03333	512.50
3.05000	512.50
3.06667	512.50
3.08333	512.50
3.10000	512.50
3.11667	512.50
3.13333	512.50
3.15000	512.50
3.16667	512.50
3.18333	512.50
3.20000	512.50
3.21667	512.50
3.23333	512.50
3.25000	512.50
3.26667	512.50
3.28333	512.50
3.30000	512.50
3.31667	512.50
3.33333	512.50
3.35000	512.50
3.36667	512.50
3.38333	512.50
3.40000	512.50
3.41667	512.50
3.43333	512.50
3.45000	512.50
3.46667	512.50
3.48333	512.50
3.50000	512.50
3.51667	512.50
3.53333	512.50
3.55000	512.50
3.56667	512.50
3.58333	512.50
3.60000	512.50
3.61667	512.50
3.63333	512.50
3.65000	512.50
3.66667	512.50
3.68333	512.50
3.70000	512.50
3.71667	512.50
3.73333	512.50
3.75000	512.50
3.76667	512.50
3.78333	512.50
3.80000	512.50
3.81667	512.50
3.83333	512.50
3.85000	512.50
3.86667	512.50
3.88333	512.50
3.90000	512.50
3.91667	512.50
3.93333	512.50
3.95000	512.50
3.96667	512.50
3.98333	512.50
4.00000	512.50
4.01667	512.50
4.03333	512.50
4.05000	512.50
4.06667	512.50
4.08333	512.50
4.10000	512.50
4.11667	512.50
4.13333	512.50
4.15000	512.50
4.16667	512.50
4.18333	512.50
4.20000	512.50
4.21667	512.50
4.23333	512.50
4.25000	512.50
4.26667	512.50
4.28333	512.50
4.30000	512.50
4.31667	512.50
4.33333	512.50
4.35000	512.50
4.36667	512.50
4.38333	512.50
4.40000	512.50
4.41667	512.50
4.43333	512.50
4.45000	512.50
4.46667	512.50
4.48333	512.50
4.50000	512.50
4.51667	512.50
4.53333	512.50
4.55000	512.50
4.56667	512.50
4.58333	512.50
4.60000	512.50
4.61667	512.50
4.63333	512.50
4.65000	512.50
4.66667	512.50
4.68333	512.50
4.70000	512.50
4.71667	512.50
4.73333	512.50
4.75000	512.50
4.76667	512.50
4.78333	512.50
4.80000	512.50
4.81667	512.50
4.83333	512.50
4.85000	512.50
4.86667	512.50
4.88333	512.50
4.90000	512.50
4.91667	512.50
4.93333	512.50
4.95000	512.50
4.96667	512.50
4.98333	512.50
5.00000	512.50
5.01667	512.50
5.03333	512.50
5.05000	512.50
5.06667	512.50
5.08333	512.50
5.10000	512.50
5.11667	512.50
5.13333	512.50
5.15000	512.50
5.16667	512.50
5.18333	512.50
5.20000	512.50
5.21667	512.50
5.23333	512.50
5.25000	512.50
5.26667	512.50
5.28333	512.50
5.30000	512.50
5.31667	512.50
5.33333	512.50
5.35000	512.50
5.36667	512.50
5.38333	512.50
5.40000	512.50
5.41667	512.50
5.43333	512.50
5.45000	512.50
5.46667	512.50
5.48333	512.50
5.50000	512.50
5.51667	512.50
5.53333	512.50
5.55000	512.50
5.56667	512.50
5.58333	512.50
5.60000	512.50
5.61667	512.50
5.63333	512.50
5.65000	512.50
5.66667	512.50
5.68333	512.50
5.70000	512.50
5.71667	512.50
5.73333	512.50
5.75000	512.50
5.76667	512.50
5.78333	512.50
5.80000	512.50
5.81667	512.50
5.83333	512.50
5.85000	512.50
5.86667	512.50
5.88333	512.50
5.90000	512.50
5.91667	512.50
5.93333	512.50
5.95000	512.50
5.96667	512.50
5.98333	512.50
6.00000	512.50
6.01667	512.50
6.03333	512.50
6.05000	512.50
6.06667	512.50
6.08333	512.50
6.10000	512.50
6.11667	512.50
6.13333	512.50
6.15000	512.50
6.16667	512.50
6.18333	512.50
6.20000	512.50
6.21667	512.50
6.23333	512.50
6.25000	512.50
6.26667	512.50
6.28333	512.50
6.30000	512.50
6.31667	512.50
6.33333	512.50
6.35000	512.50
6.36667	512.50
6.38333	512.50
6.40000	512.50
6.41667	512.50
6.43333	512.50
6.45000	512.50
6.46667	512.50
6.48333	512.50
6.50000	512.50
6.51667	512.50
6.53333	512.50
6.55000	512.50
6.56667	512.50
6.58333	512.50
6.60000	512.50
6.61667	512.50
6.63333	512.50
6.65000	512.50
6.66667	512.50
6.68333	512.50
6.70000	512.50
6.71667	512.50
6.73333	512.50
6.75000	512.50
6.76667	512.50
6.78333	512.50
6.80000	512.50
6.81667	512.50
6.83333	512.50
6.85000	512.50
6.86667	512.50
6.88333	512.50
6.90000	512.50
6.91667	512.50
6.93333	512.50
6.95000	512.50
6.96667	512.50
6.98333	512.50
7.00000	512.50
7.01667	512.50
7.03333	512.50
7.05000	512.50
7.06667	512.50
7.08333	512.50
7.10000	512.50
7.11667	512.50
7.13333	512.50
7.15000	512.50
7.16667	512.50
7.18333	512.50
7.20000	512.50
7.21667	512.50
7.23333	512.50
7.25000	512.50
7.26667	512.50
7.28333	512.50
7.30000	512.50
7.31667	512.50
7.33333	512.50
7.35000	512.50
7.36667	512.50
7.38333	512.50
7.40000	512.50
7.41667	512.50
7.43333	512.50
7.45000	512.50
7.46667	512.50
7.48333	512.50
7.50000	512.50
7.51667	512.50
7.53333	512.50
7.55000	512.50
7.56667	512.50
7.58333	512.50
7.60000	512.50
7.61667	512.50
7.63333	512.50
7.65000	512.50
7.66667	512.50
7.68333	512.50
7.70000	512.50
7.71667	512.50
7.73333	512.50
7.75000	512.50
7.76667	512.50
7.78333	512.50
7.80000	512.50
7.81667	512.50
7.83333	512.50
7.85000	512.50
7.86667	512.50
7.88333	512.50
7.90000	512.50
7.91667	512.50
7.93333	512.50
7.95000	512.50
7.96667	512.50
7.98333	512.50
8.00000	512.50
8.01667	512.50
8.03333	512.50
8.05000	512.50
8.06667	512.50
8.08333	512.50
8.10000	512.50
8.11667	512.50
8.13333	512.50
8.15000	512.50
8.16667	512.50
8.18333	512.50
8.20000	512.50
8.21667	512.50
8.23333	512.50
8.25000	512.50
8.26667	512.50
8.28333	512.50
8.30000	512.50
8.31667	512.50
8.33333	512.50
8.35000	512.50
8.36667	512.50
8.38333	512.50
8.40000	512.50
8.41667	512.50
8.43333	512.50
8.45000	512.50
8.46667	512.50
8.48333	512.50
8.50000	512.50
8.51667	512.50
8.53333	512.50
8.55000	512.50
8.56667	512.50
8.58333	512.50
8.60000	512.50
8.61667	512.50
8.63333	512.50
8.65000	512.50
8.66667	512.50
8.68333	512.50
8.70000	512.50
8.71667	512.50
8.73333	512.50
8.75000	512.50
8.76667	512.50
8.78333	512.50
8.80000	512.50
8.81667	512.50
8.83333	512.50
8.85000	512.50
8.86667	512.50
8.88333	512.50
8.90000	512.50
8.91667	512.50
8.93333	512.50
8.95000	512.50
8.96667	512.50
8.98333	512.50
9.00000	512.50
9.01667	512.50
9.03333	512.50
9.05000	512.50
9.06667	512.50
9.08333	512.50
9.10000	512.50
9.11667	512.50
9.13333	512.50
9.15000	512.50
9.16667	512.50
9.18333	512.50
9.20000	512.50
9.21667	512.50
9.23333	512.50
9.25000	512.50
9.26667	512.50
9.28333	512.50
9.30000	512.50
9.31667	512.50
9.33333	512.50
9.35000	512.50
9.36667	512.50
9.38333	512.50
9.40000	512.50
9.41667	512.50
9.43333	512.50
9.45000	512.50
9.46667	512.50
9.48333	512.50
9.50000	512.50
9.51667	512.50
9.53333	512.50
9.55000	512.50
9.56667	512.50
9.58333	512.50
9.60000	512.50
9.61667	512.50
9.63333	512.50
9.65000	512.50
9.66667	512.50
9.68333	512.50
9.70000	512.50
9.71667	512.50
9.73333	512.50
9.75000	512.50
9.76667	512.50
9.78333	512.50
9.80000	512.50
9.81667	512.50
9.83333	512.50
9.85000	512.50
9.86667	512.50
9.88333	512.50
9.90000	512.50
9.91667	512.50
9.93333	512.50
9.95000	512.50
9.96667	512.50
9.98333	512.50
10.00000	512.50
10.01667	512.50
10.03333	512.50
10.05000	512.50
10.06667	512.50
10.08333	512.50
10.10000	512.50
10.11667	512.50
10.13333	512.50
10.15000	512.50
10.16667	512.50
10.18333	512.50
10.20000	512.50
10.21667	512.50
10.23333	512.50
10.25000	512.50
10.26667	512.50
10.28333	512.50
10.30000	512.50
10.31667	512.50
10.33333	512.50
10.35000	512.50
10.36667	512.50
10.38333	512.50
10.40000	512.50
10.41667	512.50
10.43333	512.50
10.45000	512.50
10.46667	512.50
10.48333	512.50
10.50000	512.50
10.51667	512.50
10.53333	512.50
10.55000	512.50
10.56667	512.50
10.58333	512.50
10.60000	512.50
10.61667	512.50
10.63333	512.50
10.65000	512.50
10.66667	512.50
10.68333	512.50
10.70000	512.50
10.71667	512.50
10.73333	512.50
10.75000	512.50
10.76667	512.50
10.78333	512.50
10.80000	512.50
10.81667	512.50
10.83333	512.50
10.85000	512.50
10.86667	512.50
10.88333	512.50
10.90000	512.50
10.91667	512.50
10.93333	512.50
10.95000	512.50
10.96667	512.50
10.98333	512.50
11.00000	512.50
11.01667	512.50
11.03333	512.50
11.05000	512.50
11.06667	512.50
11.08333	512.50
11.10000	512.50
11.11667	512.50
11.13333	512.50
11.15000	512.50
11.16667	512.50
11.18333	512.50
11.20000	512.50
11.21667	512.50
11.23333	512.50
11.25000	512.50
11.26667	512.50
11.28333	512.50
11.30000	512.50
11.31667	512.50
11.33333	512.50
11.35000	512.50
11.36667	512.50
11.38333	512.50
11.40000	512.50
11.41667	512.50
11.43333	512.50
11.45000	512.50
11.46667	512.50
11.48333	512.50
11.50000	512.50
11.51667	512.50
11.53333	512.50
11.55000	512.50
11.56667	512.50
11.58333	512.50
11.60000	512.50
11.61667	512.50
11.63333	512.50
11.65000	512.50
11.66667	512.50
11.68333	512.50
11.70000	512.50
11.71667	512.50
11.73333	512.50
11.75000	512.50
11.76667	512.50
11.78333	512.50
11.80000	512.50
11.81667	512.50
11.83333	512.50
11.85000	512.50
11.86667	512.50
11.88333	512.50
11.90000	512.50
11.91667	512.50
11.93333	512.50
11.95000	512.50
11.96667	512.50
11.98333	512.50
12.00000	512.50
12.01667	512.50
12.03333	512.50
12.05000	512.50
12.06667	512.50
12.08333	512.50
12.10000	512.50
12.11667	512.50
12.13333	512.50
12.15000	512.50
12.16667	512.50
12.18333	512.50
12.20000	512.50
12.21667	512.50
12.23333	512.50
12.25000	512.50
12.26667	512.50
12.28333	512.50
12.30000	512.50
12.31667	512.50
12.33333	512.50
12.35000	512.50
12.36667	512.50
12.38333	512.50
12.40000	512.50
12.41667	512.50
12.43333	512.50
12.45000	512.50
12.46667	512.50
12.48333	512.50
12.50000	512.50
12.51667	512.50
12.53333	512.50
12.55000	512.50
12.56667	512.50
12.58333	512.50
12.60000	512.50
12.61667	512.50
12.63333	512.50
12.65000	512.50
12.66667	512.50
12.68333	512.50
12.70000	512.50
12.71667	512.50
12.73333	512.50
12.75000	512.50
12.76667	512.50
12.78333	512.50
12.80000	512.50
12.81667	512.50
12.83333	512.50
12.85000	512.50
12.86667	512.50
12.88333	512.50
12.90000	512.50
12.91667	512.50
12.93333	512.50
12.95000	512.50
12.96667	512.50
12.98333	512.50
13.00000	512.50
13.01667	512.50
13.03333	512.50
13.05000	512.50
13.06667	512.50
13.08333	512.50
13.10000	512.50
13.11667	512.50
13.13333	512.50
13.15000	512.50
13.16667	512.50
13.18333	512.50
13.20000	512.50
13.21667	512.50
13.23333	512.50
13.25000	512.50
13.26667	512.50
13.28333	512.50
13.30000	512.50
13.31667	512.50
13.33333	512.50
13.35000	512.50
13.36667	512.50
13.38333	512.50
13.40000	512.50
13.41667	512.50
13.43333	512.50
13.45000	512.50
13.46667	512.50
13.48333	512.50
13.50000	512.50
13.51667	512.50
13.53333	512.50
13.55000	512.50
13.56667	512.50
13.58333	512.50
13.60000	512.50
13.61667	512.50
13.63333	512.50
13.65000	512.50
13.66667	512.50
13.68333	512.50
13.70000	512.50
13.71667	512.50
13.73333	512.50
13.75000	512.50
13.76667	512.50
13.78333	512.50
13.80000	512.50
13.81667	512.50
13.83333	512.50
13.85000	512.50
13.86667	512.50
13.88333	512.50
13.90000	512.50
13.91667	512.50
13.93333	512.50
13.95000	512.50
13.96667	512.50
13.98333	512.50
14.00000	512.50
14.01667	512.50
14.03333	512.50
14.05000	512.50
14.06667	512.50
14.08333	512.50
14.10000	512.50
14.11667	512.50
14.13333	512.50
14.15000	512.50
14.16667	512.50
14.18333	512.50
14.20000	512.50
14.21667	512.50
14.23333	512.50
14.25000	512.50
14.26667	512.50
14.28333	512.50
14.30000	512.50
14.31667	512.50
14.33333	512.50
14.35000	512.50
14.36667	512.50
14.38333	512.50
14.40000	512.50
14.41667	512.50
14.43333	512.50
14.45000	512.50
14.46667	512.50
14.48333	512.50
14.50000	512.50
14.51667	512.50
14.53333	512.50
14.55000	512.50
14.56667	512.50
14.58333	512.50
14.60000	512.50
14.61667	512.50
14.63333	512.50
14.65000	512.50
14.66667	512.50
14.68333	512.50
14.70000	512.50
14.71667	512.50
14.73333	512.50
14.75000	512.50
14.76667	512.50
14.78333	512.50
14.80000	512.50
14.81667	512.50
14.83333	512.50
14.85000	512.50
14.86667	512.50
14.88333	512.50
14.90000	512.50
14.91667	512.50
14.93333	512.50
14.95000	512.50
14.96667	512.50
14.98333	512.50
15.00000	512.50

[LC Status Trace(UV A-Ch2 Reference Energy)]
Interval(msec)	1000
# of Points	901
Start Time(min)	0.000
End Time(min)	15.000
Intensity Units	mV
Intensity Multiplier	1
R.Time (min)	Intensity
0.00000	223.80
0.01667	223.80
0.03333	223.80
0.05000	223.80
0.06667	223.80
0.08333	223.80
0.10000	223.80
0.11667	223.80
0.13333	223.80
0.15000	223.80
0.16667	223.80
0.18333	223.80
0.20000	223.80
0.21667	223.80
0.23333	223.80
0.25000	223.80
0.26667	223.80
0.28333	223.80
0.30000	223.90
0.31667	223.80
0.33333	223.80
0.35000	223.80
0.36667	223.80
0.38333	223.80
0.40000	223.80
0.41667	223.80
0.43333	223.80
0.45000	223.80
0.46667	223.80
0.48333	223.80
0.50000	223.80
0.51667	223.80
0.53333	223.80
0.55000	223.80
0.56667	223.80
0.58333	223.80
0.60000	223.80
0.61667	223.80
0.63333	223.80
0.65000	223.80
0.66667	223.80
0.68333	223.80
0.70000	223.80
0.71667	223.80
0.73333	223.80
0.75000	223.80
0.76667	223.80
0.78333	223.80
0.80000	223.80
0.81667	223.80
0.83333	223.80
0.85000	223.80
0.86667	223.80
0.88333	223.80
0.90000	223.80
0.91667	223.80
0.93333	223.80
0.95000	223.80
0.96667	223.80
0.98333	223.80
1.00000	223.80
1.01667	223.80
1.03333	223.80
1.05000	223.80
1.06667	223.80
1.08333	223.80
1.10000	223.80
1.11667	223.80
1.13333	223.80
1.15000	223.80
1.16667	223.80
1.18333	223.80
1.20000	223.80
1.21667	223.80
1.23333	223.80
1.25000	223.80
1.26667	223.80
1.28333	223.80
1.30000	223.80
1.31667	223.80
1.33333	223.80
1.35000	223.80
1.36667	223.80
1.38333	223.80
1.40000	223.80
1.41667	223.80
1.43333	223.80
1.45000	223.80
1.46667	223.80
1.48333	223.80
1.50000	223.80
1.51667	223.80
1.53333	223.80
1.55000	223.80
1.56667	223.80
1.58333	223.80
1.60000	223.80
1.61667	223.80
1.63333	223.80
1.65000	223.80
1.66667	223.80
1.68333	223.80
1.70000	223.80
1.71667	223.80
1.73333	223.80
1.75000	223.80
1.76667	223.80
1.78333	223.80
1.80000	223.80
1.81667	223.80
1.83333	223.80
1.85000	223.80
1.86667	223.80
1.88333	223.80
1.90000	223.80
1.91667	223.80
1.93333	223.80
1.95000	223.80
1.96667	223.80
1.98333	223.80
2.00000	223.80
2.01667	223.80
2.03333	223.80
2.05000	223.80
2.06667	223.80
2.08333	223.80
2.10000	223.80
2.11667	223.80
2.13333	223.80
2.15000	223.80
2.16667	223.80
2.18333	223.80
2.20000	223.80
2.21667	223.80
2.23333	223.80
2.25000	223.80
2.26667	223.80
2.28333	223.80
2.30000	223.80
2.31667	223.80
2.33333	223.80
2.35000	223.80
2.36667	223.80
2.38333	223.80
2.40000	223.80
2.41667	223.80
2.43333	223.80
2.45000	223.80
2.46667	223.80
2.48333	223.80
2.50000	223.80
2.51667	223.80
2.53333	223.80
2.55000	223.80
2.56667	223.80
2.58333	223.80
2.60000	223.80
2.61667	223.80
2.63333	223.80
2.65000	223.80
2.66667	223.80
2.68333	223.80
2.70000	223.80
2.71667	223.80
2.73333	223.80
2.75000	223.80
2.76667	223.80
2.78333	223.80
2.80000	223.80
2.81667	223.80
2.83333	223.80
2.85000	223.80
2.86667	223.80
2.88333	223.80
2.90000	223.80
2.91667	223.80
2.93333	223.80
2.95000	223.80
2.96667	223.80
2.98333	223.80
3.00000	223.80
3.01667	223.80
3.03333	223.80
3.05000	223.80
3.06667	223.80
3.08333	223.80
3.10000	223.80
3.11667	223.80
3.13333	223.80
3.15000	223.80
3.16667	223.80
3.18333	223.80
3.20000	223.80
3.21667	223.80
3.23333	223.80
3.25000	223.80
3.26667	223.80
3.28333	223.80
3.30000	223.80
3.31667	223.80
3.33333	223.80
3.35000	223.80
3.36667	223.80
3.38333	223.80
3.40000	223.80
3.41667	223.80
3.43333	223.80
3.45000	223.80
3.46667	223.80
3.48333	223.80
3.50000	223.80
3.51667	223.80
3.53333	223.80
3.55000	223.80
3.56667	223.80
3.58333	223.80
3.60000	223.80
3.61667	223.80
3.63333	223.80
3.65000	223.80
3.66667	223.80
3.68333	223.80
3.70000	223.80
3.71667	223.80
3.73333	223.80
3.75000	223.80
3.76667	223.80
3.78333	223.80
3.80000	223.80
3.81667	223.80
3.83333	223.80
3.85000	223.80
3.86667	223.80
3.88333	223.80
3.90000	223.80
3.91667	223.80
3.93333	223.80
3.95000	223.80
3.96667	223.80
3.98333	223.80
4.00000	223.80
4.01667	223.80
4.03333	223.80
4.05000	223.80
4.06667	223.80
4.08333	223.80
4.10000	223.80
4.11667	223.80
4.13333	223.80
4.15000	223.80
4.16667	223.80
4.18333	223.80
4.20000	223.80
4.21667	223.80
4.23333	223.80
4.25000	223.80
4.26667	223.80
4.28333	223.80
4.30000	223.80
4.31667	223.80
4.33333	223.80
4.35000	223.80
4.36667	223.80
4.38333	223.80
4.40000	223.80
4.41667	223.80
4.43333	223.80
4.45000	223.80
4.46667	223.80
4.48333	223.80
4.50000	223.80
4.51667	223.80
4.53333	223.80
4.55000	223.80
4.56667	223.80
4.58333	223.80
4.60000	223.80
4.61667	223.80
4.63333	223.80
4.65000	223.80
4.66667	223.80
4.68333	223.80
4.70000	223.80
4.71667	223.80
4.73333	223.80
4.75000	223.80
4.76667	223.80
4.78333	223.80
4.80000	223.80
4.81667	223.80
4.83333	223.80
4.85000	223.80
4.86667	223.80
4.88333	223.80
4.90000	223.80
4.91667	223.80
4.93333	223.80
4.95000	223.80
4.96667	223.80
4.98333	223.80
5.00000	223.80
5.01667	223.80
5.03333	223.80
5.05000	223.80
5.06667	223.80
5.08333	223.80
5.10000	223.80
5.11667	223.80
5.13333	223.80
5.15000	223.80
5.16667	223.80
5.18333	223.80
5.20000	223.80
5.21667	223.80
5.23333	223.80
5.25000	223.80
5.26667	223.80
5.28333	223.80
5.30000	223.80
5.31667	223.80
5.33333	223.80
5.35000	223.80
5.36667	223.80
5.38333	223.80
5.40000	223.80
5.41667	223.80
5.43333	223.80
5.45000	223.80
5.46667	223.80
5.48333	223.80
5.50000	223.80
5.51667	223.80
5.53333	223.80
5.55000	223.80
5.56667	223.80
5.58333	223.80
5.60000	223.80
5.61667	223.80
5.63333	223.80
5.65000	223.80
5.66667	223.80
5.68333	223.80
5.70000	223.80
5.71667	223.80
5.73333	223.80
5.75000	223.80
5.76667	223.80
5.78333	223.80
5.80000	223.80
5.81667	223.80
5.83333	223.80
5.85000	223.80
5.86667	223.80
5.88333	223.80
5.90000	223.80
5.91667	223.80
5.93333	223.80
5.95000	223.80
5.96667	223.80
5.98333	223.80
6.00000	223.80
6.01667	223.80
6.03333	223.80
6.05000	223.80
6.06667	223.80
6.08333	223.80
6.10000	223.80
6.11667	223.80
6.13333	223.80
6.15000	223.80
6.16667	223.80
6.18333	223.80
6.20000	223.80
6.21667	223.80
6.23333	223.80
6.25000	223.80
6.26667	223.80
6.28333	223.80
6.30000	223.80
6.31667	223.80
6.33333	223.80
6.35000	223.80
6.36667	223.80
6.38333	223.80
6.40000	223.80
6.41667	223.80
6.43333	223.80
6.45000	223.80
6.46667	223.80
6.48333	223.80
6.50000	223.80
6.51667	223.80
6.53333	223.80
6.55000	223.80
6.56667	223.80
6.58333	223.80
6.60000	223.80
6.61667	223.80
6.63333	223.80
6.65000	223.80
6.66667	223.80
6.68333	223.80
6.70000	223.80
6.71667	223.80
6.73333	223.80
6.75000	223.80
6.76667	223.80
6.78333	223.80
6.80000	223.80
6.81667	223.80
6.83333	223.80
6.85000	223.80
6.86667	223.80
6.88333	223.80
6.90000	223.80
6.91667	223.80
6.93333	223.80
6.95000	223.80
6.96667	223.80
6.98333	223.80
7.00000	223.80
7.01667	223.80
7.03333	223.80
7.05000	223.80
7.06667	223.80
7.08333	223.80
7.10000	223.80
7.11667	223.80
7.13333	223.80
7.15000	223.80
7.16667	223.80
7.18333	223.80
7.20000	223.80
7.21667	223.80
7.23333	223.80
7.25000	223.80
7.26667	223.80
7.28333	223.80
7.30000	223.80
7.31667	223.80
7.33333	223.80
7.35000	223.80
7.36667	223.80
7.38333	223.80
7.40000	223.80
7.41667	223.80
7.43333	223.80
7.45000	223.80
7.46667	223.80
7.48333	223.80
7.50000	223.80
7.51667	223.80
7.53333	223.80
7.55000	223.80
7.56667	223.80
7.58333	223.80
7.60000	223.80
7.61667	223.80
7.63333	223.80
7.65000	223.80
7.66667	223.80
7.68333	223.80
7.70000	223.80
7.71667	223.80
7.73333	223.80
7.75000	223.80
7.76667	223.80
7.78333	223.80
7.80000	223.80
7.81667	223.80
7.83333	223.80
7.85000	223.80
7.86667	223.80
7.88333	223.80
7.90000	223.80
7.91667	223.80
7.93333	223.80
7.95000	223.80
7.96667	223.80
7.98333	223.80
8.00000	223.80
8.01667	223.80
8.03333	223.80
8.05000	223.80
8.06667	223.80
8.08333	223.80
8.10000	223.80
8.11667	223.80
8.13333	223.80
8.15000	223.80
8.16667	223.80
8.18333	223.80
8.20000	223.80
8.21667	223.80
8.23333	223.80
8.25000	223.80
8.26667	223.80
8.28333	223.80
8.30000	223.80
8.31667	223.80
8.33333	223.80
8.35000	223.80
8.36667	223.80
8.38333	223.80
8.40000	223.80
8.41667	223.80
8.43333	223.80
8.45000	223.80
8.46667	223.80
8.48333	223.80
8.50000	223.80
8.51667	223.80
8.53333	223.80
8.55000	223.80
8.56667	223.80
8.58333	223.80
8.60000	223.80
8.61667	223.80
8.63333	223.80
8.65000	223.80
8.66667	223.80
8.68333	223.80
8.70000	223.80
8.71667	223.80
8.73333	223.80
8.75000	223.80
8.76667	223.80
8.78333	223.80
8.80000	223.80
8.81667	223.80
8.83333	223.80
8.85000	223.80
8.86667	223.80
8.88333	223.80
8.90000	223.80
8.91667	223.80
8.93333	223.80
8.95000	223.80
8.96667	223.80
8.98333	223.80
9.00000	223.80
9.01667	223.80
9.03333	223.80
9.05000	223.80
9.06667	223.80
9.08333	223.80
9.10000	223.80
9.11667	223.80
9.13333	223.80
9.15000	223.80
9.16667	223.80
9.18333	223.80
9.20000	223.80
9.21667	223.80
9.23333	223.80
9.25000	223.80
9.26667	223.80
9.28333	223.80
9.30000	223.80
9.31667	223.80
9.33333	223.80
9.35000	223.80
9.36667	223.80
9.38333	223.80
9.40000	223.80
9.41667	223.80
9.43333	223.80
9.45000	223.80
9.46667	223.80
9.48333	223.80
9.50000	223.80
9.51667	223.80
9.53333	223.80
9.55000	223.80
9.56667	223.80
9.58333	223.80
9.60000	223.80
9.61667	223.80
9.63333	223.80
9.65000	223.80
9.66667	223.80
9.68333	223.80
9.70000	223.80
9.71667	223.80
9.73333	223.80
9.75000	223.80
9.76667	223.80
9.78333	223.80
9.80000	223.80
9.81667	223.80
9.83333	223.80
9.85000	223.80
9.86667	223.80
9.88333	223.80
9.90000	223.80
9.91667	223.80
9.93333	223.80
9.95000	223.80
9.96667	223.80
9.98333	223.80
10.00000	223.80
10.01667	223.80
10.03333	223.80
10.05000	223.80
10.06667	223.80
10.08333	223.80
10.10000	223.80
10.11667	223.80
10.13333	223.80
10.15000	223.80
10.16667	223.80
10.18333	223.80
10.20000	223.80
10.21667	223.80
10.23333	223.80
10.25000	223.80
10.26667	223.80
10.28333	223.80
10.30000	223.80
10.31667	223.80
10.33333	223.80
10.35000	223.80
10.36667	223.80
10.38333	223.80
10.40000	223.80
10.41667	223.80
10.43333	223.80
10.45000	223.80
10.46667	223.80
10.48333	223.80
10.50000	223.80
10.51667	223.80
10.53333	223.80
10.55000	223.80
10.56667	223.80
10.58333	223.80
10.60000	223.80
10.61667	223.80
10.63333	223.80
10.65000	223.80
10.66667	223.80
10.68333	223.80
10.70000	223.80
10.71667	223.80
10.73333	223.80
10.75000	223.80
10.76667	223.80
10.78333	223.80
10.80000	223.80
10.81667	223.80
10.83333	223.80
10.85000	223.80
10.86667	223.80
10.88333	223.80
10.90000	223.80
10.91667	223.80
10.93333	223.80
10.95000	223.80
10.96667	223.80
10.98333	223.80
11.00000	223.80
11.01667	223.80
11.03333	223.80
11.05000	223.80
11.06667	223.80
11.08333	223.80
11.10000	223.80
11.11667	223.80
11.13333	223.80
11.15000	223.80
11.16667	223.80
11.18333	223.80
11.20000	223.80
11.21667	223.80
11.23333	223.80
11.25000	223.80
11.26667	223.80
11.28333	223.80
11.30000	223.80
11.31667	223.80
11.33333	223.80
11.35000	223.80
11.36667	223.80
11.38333	223.80
11.40000	223.80
11.41667	223.80
11.43333	223.80
11.45000	223.80
11.46667	223.80
11.48333	223.80
11.50000	223.80
11.51667	223.80
11.53333	223.80
11.55000	223.80
11.56667	223.80
11.58333	223.80
11.60000	223.80
11.61667	223.80
11.63333	223.80
11.65000	223.80
11.66667	223.80
11.68333	223.80
11.70000	223.80
11.71667	223.80
11.73333	223.80
11.75000	223.80
11.76667	223.80
11.78333	223.80
11.80000	223.80
11.81667	223.80
11.83333	223.80
11.85000	223.80
11.86667	223.80
11.88333	223.80
11.90000	223.80
11.91667	223.80
11.93333	223.80
11.95000	223.80
11.96667	223.80
11.98333	223.80
12.00000	223.80
12.01667	223.80
12.03333	223.80
12.05000	223.80
12.06667	223.80
12.08333	223.80
12.10000	223.80
12.11667	223.80
12.13333	223.80
12.15000	223.80
12.16667	223.80
12.18333	223.80
12.20000	223.80
12.21667	223.80
12.23333	223.80
12.25000	223.80
12.26667	223.80
12.28333	223.80
12.30000	223.80
12.31667	223.80
12.33333	223.80
12.35000	223.80
12.36667	223.80
12.38333	223.80
12.40000	223.80
12.41667	223.80
12.43333	223.80
12.45000	223.80
12.46667	223.80
12.48333	223.80
12.50000	223.80
12.51667	223.80
12.53333	223.80
12.55000	223.80
12.56667	223.80
12.58333	223.80
12.60000	223.80
12.61667	223.80
12.63333	223.80
12.65000	223.80
12.66667	223.80
12.68333	223.80
12.70000	223.80
12.71667	223.80
12.73333	223.80
12.75000	223.80
12.76667	223.80
12.78333	223.80
12.80000	223.80
12.81667	223.80
12.83333	223.80
12.85000	223.80
12.86667	223.80
12.88333	223.80
12.90000	223.80
12.91667	223.80
12.93333	223.80
12.95000	223.80
12.96667	223.80
12.98333	223.80
13.00000	223.80
13.01667	223.80
13.03333	223.80
13.05000	223.80
13.06667	223.80
13.08333	223.80
13.10000	223.80
13.11667	223.80
13.13333	223.80
13.15000	223.80
13.16667	223.80
13.18333	223.80
13.20000	223.80
13.21667	223.80
13.23333	223.80
13.25000	223.80
13.26667	223.80
13.28333	223.80
13.30000	223.80
13.31667	223.80
13.33333	223.80
13.35000	223.80
13.36667	223.80
13.38333	223.80
13.40000	223.80
13.41667	223.80
13.43333	223.80
13.45000	223.80
13.46667	223.80
13.48333	223.80
13.50000	223.80
13.51667	223.80
13.53333	223.80
13.55000	223.80
13.56667	223.80
13.58333	223.80
13.60000	223.80
13.61667	223.80
13.63333	223.80
13.65000	223.80
13.66667	223.80
13.68333	223.80
13.70000	223.80
13.71667	223.80
13.73333	223.80
13.75000	223.80
13.76667	223.80
13.78333	223.80
13.80000	223.80
13.81667	223.80
13.83333	223.80
13.85000	223.80
13.86667	223.80
13.88333	223.80
13.90000	223.80
13.91667	223.80
13.93333	223.80
13.95000	223.80
13.96667	223.80
13.98333	223.80
14.00000	223.80
14.01667	223.80
14.03333	223.80
14.05000	223.80
14.06667	223.80
14.08333	223.80
14.10000	223.80
14.11667	223.80
14.13333	223.80
14.15000	223.80
14.16667	223.80
14.18333	223.80
14.20000	223.80
14.21667	223.80
14.23333	223.80
14.25000	223.80
14.26667	223.80
14.28333	223.80
14.30000	223.80
14.31667	223.80
14.33333	223.80
14.35000	223.80
14.36667	223.80
14.38333	223.80
14.40000	223.80
14.41667	223.80
14.43333	223.80
14.45000	223.80
14.46667	223.80
14.48333	223.80
14.50000	223.80
14.51667	223.80
14.53333	223.80
14.55000	223.80
14.56667	223.80
14.58333	223.80
14.60000	223.80
14.61667	223.80
14.63333	223.80
14.65000	223.80
14.66667	223.80
14.68333	223.80
14.70000	223.80
14.71667	223.80
14.73333	223.80
14.75000	223.80
14.76667	223.80
14.78333	223.80
14.80000	223.80
14.81667	223.80
14.83333	223.80
14.85000	223.80
14.86667	223.80
14.88333	223.80
14.90000	223.80
14.91667	223.80
14.93333	223.80
14.95000	223.80
14.96667	223.80
14.98333	223.80
15.00000	223.80

[Fraction Collection Report]
# of Fractions	0
