[Header]
Application Name	LabSolutions
Version	5.113
Data File Name	C:\LabSolutions\Data\Andreas\250414_tauJB6Solubility150mMNaClpH7p4_4142025_1808_7uMtau_700nMJB6_0p5h001_001_14.lcd
Output Date	5/26/2025
Output Time	4:41:42 PM

[File Information]
Type	Data File
Generated	4/15/2025 2:05:20 AM
Generated by	System Administrator
Modified	4/15/2025 6:33:27 PM
Modified by	System Administrator

[Sample Information]
Operator Name	System Administrator
Acquired	4/15/2025 2:06:02 AM
Sample Type	0:Unknown
Level	0
Sample Name	7uMtau_700nMJB6_0p5h001
Sample ID	001
ISTD Amount1	1
ISTD Amount2	1
ISTD Amount3	1
ISTD Amount4	1
ISTD Amount5	1
ISTD Amount6	1
ISTD Amount7	1
ISTD Amount8	1
ISTD Amount9	1
ISTD Amount10	1
ISTD Amount11	1
ISTD Amount12	1
ISTD Amount13	1
ISTD Amount14	1
ISTD Amount15	1
ISTD Amount16	1
ISTD Amount17	1
ISTD Amount18	1
ISTD Amount19	1
ISTD Amount20	1
ISTD Amount21	1
ISTD Amount22	1
ISTD Amount23	1
ISTD Amount24	1
ISTD Amount25	1
ISTD Amount26	1
ISTD Amount27	1
ISTD Amount28	1
ISTD Amount29	1
ISTD Amount30	1
ISTD Amount31	1
ISTD Amount32	1
Sample Amount	1
Dilution Factor	1
Vial#	D3
Injection Volume	40
Injection Count	0
Bar Code	

[Original Files]
Data File	C:\LabSolutions\Data\Andreas\250414_tauJB6Solubility150mMNaClpH7p4_4142025_1808_7uMtau_700nMJB6_0p5h001_001_14.lcd
Method File	C:\LabSolutions\Data\Andreas\BioShell_Tau-fragment_MS_QC+Quant.lcm
Batch File	C:\LabSolutions\Data\Andreas\250414_tauJB6Solubility150mMNaClpH7p4_4142025_1808.lcb
Report Format File	C:\LabSolutions\System\DEFAULT.lsr
Tuning File	C:\LabSolutions\Data\Max\Tuning 240115 no mz or resolution-max.lct

[File Description]


[Configuration]
Instrument Name	LCMSShimadzu
Instrument #	2
Line #	1
# of Detectors	2
Detector ID	Detector A	MS
Detector Name	Detector A	MS
# of Channels	2	1

[Peak Table(Detector A-Ch1)]
# of Peaks	14
Peak#	R.Time	I.Time	F.Time	Area	Height	A/H	Conc.	Mark	ID#	Name	k'	Plate #	Plate Ht.	Tailing	Resolution	Sep.Factor	Area Ratio	Height Ratio	Conc. %	Norm Conc.
1	0.525	0.500	0.613	2070	558	3.713	0.000	   			0.000	465	322.348	2.161	0.000	0.000	0	0	0.000	0.000
2	3.323	3.248	3.358	10636	3644	2.919	0.000	   			5.330	33994	4.413	0.000	33.028	0.000	0	0	0.000	0.000
3	3.400	3.358	3.443	11230	3456	3.249	0.000	 V 			5.476	32809	4.572	0.000	1.042	1.027	0	0	0.000	0.000
4	3.485	3.443	3.485	15091	13016	1.159	0.000	 V 			5.638	0	0.000	0.000	0.000	1.030	0	0	0.000	0.000
5	3.527	3.485	3.538	265804	153325	1.734	0.000	 V 			5.717	22378	6.703	0.000	0.000	1.014	0	0	0.000	0.000
6	3.573	3.538	3.902	5222709	1716080	3.043	169.266	SV 	1	tau_205	5.806	36580	4.101	0.000	0.552	1.016	0	0	39.776	100.000
7	3.702	3.692	3.715	353	446	0.790	0.000	T  			6.051	350313	0.428	1.156	2.573	1.042	0	0	0.000	0.000
8	3.743	3.727	3.763	810	758	1.070	0.000	T  			6.130	235319	0.637	1.094	1.491	1.013	0	0	0.000	0.000
9	3.812	3.792	3.832	1476	1259	1.172	0.000	T  			6.260	213247	0.703	0.993	2.139	1.021	0	0	0.000	0.000
10	3.852	3.832	3.877	1433	1047	1.368	0.000	TV 			6.337	159448	0.941	1.143	1.117	1.012	0	0	0.000	0.000
11	4.992	4.848	5.357	1988066	775326	2.564	0.000	S  			8.508	95828	1.565	1.337	22.118	1.343	0	0	0.000	0.000
12	5.112	5.098	5.130	596	544	1.095	0.000	T  			8.737	430392	0.349	1.173	2.509	1.027	0	0	0.000	0.000
13	5.153	5.135	5.175	973	754	1.291	0.000	T  			8.816	325147	0.461	1.095	1.238	1.009	0	0	0.000	0.000
14	5.202	5.183	5.223	555	430	1.291	0.000	T  			8.908	305404	0.491	1.093	1.310	1.010	0	0	0.000	0.000

[Peak Table(Detector A-Ch2)]
# of Peaks	6
Peak#	R.Time	I.Time	F.Time	Area	Height	A/H	Conc.	Mark	ID#	Name	k'	Plate #	Plate Ht.	Tailing	Resolution	Sep.Factor	Area Ratio	Height Ratio	Conc. %	Norm Conc.
1	0.670	0.625	0.710	48	15	3.314	0.000	   			0.000	1038	144.567	0.943	0.000	0.000	0	0	0.000	0.000
2	1.453	1.108	1.790	918	40	23.163	0.000	   			1.169	210	714.672	0.987	3.234	0.000	0	0	0.000	0.000
3	2.083	2.038	2.137	97	33	2.929	0.000	   			2.109	12456	12.042	1.088	2.647	1.804	0	0	0.000	0.000
4	3.572	3.440	3.822	46519	18250	2.549	256.281	   M	2	tau_280	4.331	49062	3.057	1.398	21.389	2.053	0	0	60.224	100.000
5	4.992	4.907	5.252	32858	13021	2.523	0.000	   			6.450	97028	1.546	1.380	22.084	1.489	0	0	0.000	0.000
6	5.568	5.497	5.733	141	20	7.160	0.000	   			7.311	66740	2.248	1.612	7.673	1.133	0	0	0.000	0.000

[Compound Results(Detector A)]
# of IDs	2
ID#	Name	R.Time	Area	Height	Conc.	Curve	3rd	2nd	1st	Constant	Area Ratio	Height Ratio	Conc. %	Norm Conc.
1	tau_205	3.573	5222709	1716080	169.266	Linear	0.000000e+00	0.000000e+00	3.083937e+004	2.648347e+003	0	0	39.776	39.776
2	tau_280	3.572	46519	18250	256.281	Linear	0.000000e+00	0.000000e+00	1.814731e+002	1.094426e+001	0	0	60.224	60.224

[Group Results(Detector A)]
# of Groups	0

[LC Chromatogram(Detector A-Ch1)]
Interval(msec)	100
# of Points	9001
Start Time(min)	0.000
End Time(min)	15.000
Intensity Units	mAU
Intensity Multiplier	0.001
Wavelength(nm)	205nm
R.Time (min)	Intensity
0.00000	-1641
0.00167	-1641
0.00333	-1641
0.00500	-1640
0.00667	-1640
0.00833	-1
0.01000	-4
0.01167	-9
0.01333	-15
0.01500	-21
0.01667	-25
0.01833	-28
0.02000	-31
0.02167	-33
0.02333	-34
0.02500	-34
0.02667	-32
0.02833	3
0.03000	8
0.03167	12
0.03333	14
0.03500	15
0.03667	13
0.03833	11
0.04000	8
0.04167	5
0.04333	4
0.04500	2
0.04667	1
0.04833	-0
0.05000	-1
0.05167	-2
0.05333	-3
0.05500	-3
0.05667	-4
0.05833	-4
0.06000	-4
0.06167	-4
0.06333	-4
0.06500	-4
0.06667	-4
0.06833	-4
0.07000	-4
0.07167	-4
0.07333	-5
0.07500	-6
0.07667	-8
0.07833	-12
0.08000	-16
0.08167	-20
0.08333	-23
0.08500	-26
0.08667	-29
0.08833	-32
0.09000	-34
0.09167	-36
0.09333	-38
0.09500	-40
0.09667	-41
0.09833	-43
0.10000	-44
0.10167	-44
0.10333	-44
0.10500	-43
0.10667	-43
0.10833	-42
0.11000	-41
0.11167	-39
0.11333	-38
0.11500	-37
0.11667	-37
0.11833	-39
0.12000	-41
0.12167	-45
0.12333	-49
0.12500	-53
0.12667	-56
0.12833	-60
0.13000	-63
0.13167	-67
0.13333	-70
0.13500	-72
0.13667	-73
0.13833	-75
0.14000	-76
0.14167	-78
0.14333	-80
0.14500	-83
0.14667	-87
0.14833	-90
0.15000	-92
0.15167	-94
0.15333	-96
0.15500	-97
0.15667	-98
0.15833	-99
0.16000	-100
0.16167	-101
0.16333	-101
0.16500	-101
0.16667	-101
0.16833	-100
0.17000	-98
0.17167	-96
0.17333	-94
0.17500	-91
0.17667	-89
0.17833	-87
0.18000	-84
0.18167	-82
0.18333	-81
0.18500	-82
0.18667	-84
0.18833	-88
0.19000	-92
0.19167	-95
0.19333	-99
0.19500	-102
0.19667	-105
0.19833	-108
0.20000	-111
0.20167	-113
0.20333	-114
0.20500	-116
0.20667	-117
0.20833	-116
0.21000	-114
0.21167	-111
0.21333	-107
0.21500	-103
0.21667	-99
0.21833	-94
0.22000	-89
0.22167	-84
0.22333	-99
0.22500	-150
0.22667	-242
0.22833	-376
0.23000	-553
0.23167	-1280
0.23333	-3000
0.23500	-5853
0.23667	-9864
0.23833	-15006
0.24000	-19185
0.24167	-20915
0.24333	-20152
0.24500	-17234
0.24667	-12493
0.24833	-4567
0.25000	8091
0.25167	26280
0.25333	50395
0.25500	80581
0.25667	110410
0.25833	136118
0.26000	158846
0.26167	180691
0.26333	203398
0.26500	220902
0.26667	228840
0.26833	227596
0.27000	218661
0.27167	203438
0.27333	184600
0.27500	163132
0.27667	138162
0.27833	108572
0.28000	73522
0.28167	39567
0.28333	10500
0.28500	-15151
0.28667	-39816
0.28833	-65505
0.29000	-88531
0.29167	-106678
0.29333	-121148
0.29500	-133703
0.29667	-145777
0.29833	-156416
0.30000	-165106
0.30167	-172553
0.30333	-179588
0.30500	-186851
0.30667	-193611
0.30833	-199493
0.31000	-204907
0.31167	-210358
0.31333	-216232
0.31500	-221308
0.31667	-224777
0.31833	-226830
0.32000	-227865
0.32167	-228222
0.32333	-227183
0.32500	-224055
0.32667	-218660
0.32833	-210996
0.33000	-201117
0.33167	-190143
0.33333	-178437
0.33500	-165376
0.33667	-150247
0.33833	-132519
0.34000	-114516
0.34167	-97328
0.34333	-79981
0.34500	-61224
0.34667	-40092
0.34833	-19983
0.35000	-2836
0.35167	12324
0.35333	26961
0.35500	42261
0.35667	55631
0.35833	65415
0.36000	72235
0.36167	77134
0.36333	80981
0.36500	83458
0.36667	84268
0.36833	83588
0.37000	81669
0.37167	78719
0.37333	75200
0.37500	71276
0.37667	66774
0.37833	61477
0.38000	55223
0.38167	48760
0.38333	42407
0.38500	35800
0.38667	28496
0.38833	20155
0.39000	11805
0.39167	3927
0.39333	-3945
0.39500	-12396
0.39667	-21882
0.39833	-31170
0.40000	-39638
0.40167	-47791
0.40333	-56295
0.40500	-65668
0.40667	-74690
0.40833	-82720
0.41000	-90251
0.41167	-97936
0.41333	-106290
0.41500	-114246
0.41667	-121238
0.41833	-127704
0.42000	-134226
0.42167	-141262
0.42333	-147945
0.42500	-153815
0.42667	-159247
0.42833	-164732
0.43000	-170653
0.43167	-176299
0.43333	-181302
0.43500	-185981
0.43667	-190749
0.43833	-195928
0.44000	-200966
0.44167	-205603
0.44333	-210136
0.44500	-214929
0.44667	-220250
0.44833	-223910
0.45000	-224270
0.45167	-221248
0.45333	-215183
0.45500	-206434
0.45667	-195616
0.45833	-182634
0.46000	-166811
0.46167	-147496
0.46333	-124252
0.46500	-101927
0.46667	-83426
0.46833	-67882
0.47000	-53689
0.47167	-39492
0.47333	-27387
0.47500	-18722
0.47667	-12874
0.47833	-8879
0.48000	-5938
0.48167	-3842
0.48333	-2463
0.48500	-1570
0.48667	-965
0.48833	-508
0.49000	-169
0.49167	70
0.49333	247
0.49500	390
0.49667	523
0.49833	637
0.50000	729
0.50167	807
0.50333	880
0.50500	955
0.50667	1021
0.50833	1072
0.51000	1110
0.51167	1142
0.51333	1172
0.51500	1196
0.51667	1213
0.51833	1224
0.52000	1231
0.52167	1236
0.52333	1238
0.52500	1237
0.52667	1233
0.52833	1226
0.53000	1217
0.53167	1207
0.53333	1197
0.53500	1186
0.53667	1175
0.53833	1162
0.54000	1149
0.54167	1138
0.54333	1127
0.54500	1116
0.54667	1104
0.54833	1092
0.55000	1080
0.55167	1067
0.55333	1052
0.55500	1036
0.55667	1019
0.55833	1003
0.56000	986
0.56167	967
0.56333	946
0.56500	925
0.56667	905
0.56833	885
0.57000	863
0.57167	839
0.57333	815
0.57500	793
0.57667	773
0.57833	752
0.58000	730
0.58167	710
0.58333	693
0.58500	679
0.58667	667
0.58833	654
0.59000	643
0.59167	634
0.59333	626
0.59500	617
0.59667	609
0.59833	600
0.60000	591
0.60167	581
0.60333	569
0.60500	556
0.60667	543
0.60833	532
0.61000	522
0.61167	514
0.61333	505
0.61500	497
0.61667	491
0.61833	487
0.62000	485
0.62167	483
0.62333	482
0.62500	480
0.62667	477
0.62833	474
0.63000	470
0.63167	467
0.63333	463
0.63500	459
0.63667	455
0.63833	451
0.64000	446
0.64167	444
0.64333	442
0.64500	441
0.64667	440
0.64833	439
0.65000	439
0.65167	439
0.65333	439
0.65500	439
0.65667	439
0.65833	440
0.66000	440
0.66167	441
0.66333	441
0.66500	442
0.66667	441
0.66833	440
0.67000	437
0.67167	434
0.67333	430
0.67500	426
0.67667	421
0.67833	415
0.68000	409
0.68167	402
0.68333	397
0.68500	392
0.68667	387
0.68833	382
0.69000	378
0.69167	374
0.69333	372
0.69500	369
0.69667	367
0.69833	365
0.70000	362
0.70167	360
0.70333	358
0.70500	355
0.70667	352
0.70833	350
0.71000	347
0.71167	344
0.71333	342
0.71500	339
0.71667	336
0.71833	334
0.72000	333
0.72167	331
0.72333	329
0.72500	328
0.72667	327
0.72833	327
0.73000	326
0.73167	326
0.73333	327
0.73500	329
0.73667	332
0.73833	336
0.74000	340
0.74167	343
0.74333	346
0.74500	348
0.74667	350
0.74833	352
0.75000	353
0.75167	354
0.75333	355
0.75500	355
0.75667	355
0.75833	357
0.76000	360
0.76167	363
0.76333	368
0.76500	372
0.76667	375
0.76833	377
0.77000	378
0.77167	378
0.77333	377
0.77500	377
0.77667	376
0.77833	376
0.78000	375
0.78167	375
0.78333	376
0.78500	377
0.78667	379
0.78833	382
0.79000	385
0.79167	387
0.79333	389
0.79500	390
0.79667	391
0.79833	393
0.80000	395
0.80167	399
0.80333	403
0.80500	408
0.80667	414
0.80833	419
0.81000	423
0.81167	428
0.81333	433
0.81500	437
0.81667	439
0.81833	440
0.82000	438
0.82167	436
0.82333	432
0.82500	428
0.82667	422
0.82833	415
0.83000	407
0.83167	399
0.83333	392
0.83500	385
0.83667	379
0.83833	372
0.84000	366
0.84167	361
0.84333	357
0.84500	353
0.84667	350
0.84833	346
0.85000	342
0.85167	337
0.85333	331
0.85500	325
0.85667	318
0.85833	312
0.86000	305
0.86167	298
0.86333	291
0.86500	284
0.86667	278
0.86833	273
0.87000	269
0.87167	264
0.87333	260
0.87500	258
0.87667	255
0.87833	253
0.88000	252
0.88167	250
0.88333	249
0.88500	249
0.88667	249
0.88833	249
0.89000	249
0.89167	249
0.89333	249
0.89500	250
0.89667	250
0.89833	250
0.90000	249
0.90167	249
0.90333	248
0.90500	248
0.90667	247
0.90833	246
0.91000	245
0.91167	244
0.91333	243
0.91500	242
0.91667	241
0.91833	239
0.92000	237
0.92167	235
0.92333	232
0.92500	229
0.92667	227
0.92833	224
0.93000	220
0.93167	218
0.93333	216
0.93500	217
0.93667	218
0.93833	221
0.94000	225
0.94167	229
0.94333	234
0.94500	240
0.94667	247
0.94833	253
0.95000	257
0.95167	260
0.95333	261
0.95500	261
0.95667	260
0.95833	259
0.96000	256
0.96167	253
0.96333	249
0.96500	245
0.96667	242
0.96833	240
0.97000	238
0.97167	237
0.97333	236
0.97500	235
0.97667	234
0.97833	233
0.98000	233
0.98167	232
0.98333	231
0.98500	230
0.98667	230
0.98833	229
0.99000	229
0.99167	229
0.99333	229
0.99500	230
0.99667	232
0.99833	234
1.00000	236
1.00167	238
1.00333	241
1.00500	244
1.00667	246
1.00833	248
1.01000	248
1.01167	248
1.01333	247
1.01500	246
1.01667	245
1.01833	243
1.02000	242
1.02167	240
1.02333	238
1.02500	237
1.02667	236
1.02833	236
1.03000	236
1.03167	236
1.03333	237
1.03500	237
1.03667	238
1.03833	239
1.04000	240
1.04167	240
1.04333	240
1.04500	240
1.04667	240
1.04833	239
1.05000	238
1.05167	238
1.05333	236
1.05500	235
1.05667	234
1.05833	233
1.06000	232
1.06167	231
1.06333	230
1.06500	229
1.06667	229
1.06833	230
1.07000	231
1.07167	233
1.07333	235
1.07500	237
1.07667	238
1.07833	240
1.08000	241
1.08167	242
1.08333	242
1.08500	242
1.08667	241
1.08833	239
1.09000	237
1.09167	236
1.09333	236
1.09500	236
1.09667	236
1.09833	236
1.10000	236
1.10167	236
1.10333	235
1.10500	235
1.10667	233
1.10833	232
1.11000	229
1.11167	226
1.11333	222
1.11500	219
1.11667	217
1.11833	216
1.12000	216
1.12167	217
1.12333	219
1.12500	221
1.12667	223
1.12833	226
1.13000	230
1.13167	233
1.13333	236
1.13500	238
1.13667	239
1.13833	240
1.14000	241
1.14167	243
1.14333	244
1.14500	246
1.14667	248
1.14833	249
1.15000	250
1.15167	250
1.15333	249
1.15500	247
1.15667	245
1.15833	244
1.16000	243
1.16167	242
1.16333	242
1.16500	242
1.16667	242
1.16833	242
1.17000	242
1.17167	242
1.17333	243
1.17500	243
1.17667	243
1.17833	242
1.18000	242
1.18167	242
1.18333	243
1.18500	244
1.18667	247
1.18833	251
1.19000	255
1.19167	258
1.19333	261
1.19500	264
1.19667	266
1.19833	268
1.20000	270
1.20167	271
1.20333	272
1.20500	272
1.20667	273
1.20833	274
1.21000	276
1.21167	278
1.21333	281
1.21500	284
1.21667	287
1.21833	290
1.22000	292
1.22167	296
1.22333	298
1.22500	299
1.22667	299
1.22833	298
1.23000	296
1.23167	294
1.23333	292
1.23500	291
1.23667	290
1.23833	289
1.24000	289
1.24167	288
1.24333	288
1.24500	289
1.24667	289
1.24833	289
1.25000	289
1.25167	288
1.25333	286
1.25500	283
1.25667	280
1.25833	278
1.26000	276
1.26167	275
1.26333	274
1.26500	273
1.26667	273
1.26833	272
1.27000	273
1.27167	273
1.27333	274
1.27500	275
1.27667	276
1.27833	276
1.28000	277
1.28167	278
1.28333	280
1.28500	281
1.28667	283
1.28833	286
1.29000	288
1.29167	290
1.29333	291
1.29500	292
1.29667	293
1.29833	293
1.30000	294
1.30167	295
1.30333	296
1.30500	297
1.30667	298
1.30833	299
1.31000	301
1.31167	303
1.31333	305
1.31500	307
1.31667	308
1.31833	308
1.32000	308
1.32167	306
1.32333	305
1.32500	304
1.32667	304
1.32833	303
1.33000	304
1.33167	304
1.33333	306
1.33500	308
1.33667	311
1.33833	315
1.34000	319
1.34167	321
1.34333	323
1.34500	324
1.34667	324
1.34833	324
1.35000	324
1.35167	324
1.35333	324
1.35500	324
1.35667	324
1.35833	325
1.36000	327
1.36167	330
1.36333	333
1.36500	337
1.36667	340
1.36833	343
1.37000	347
1.37167	350
1.37333	354
1.37500	356
1.37667	358
1.37833	359
1.38000	360
1.38167	361
1.38333	361
1.38500	361
1.38667	360
1.38833	359
1.39000	359
1.39167	359
1.39333	361
1.39500	363
1.39667	367
1.39833	370
1.40000	374
1.40167	378
1.40333	383
1.40500	388
1.40667	392
1.40833	397
1.41000	400
1.41167	404
1.41333	408
1.41500	411
1.41667	414
1.41833	417
1.42000	420
1.42167	422
1.42333	425
1.42500	426
1.42667	427
1.42833	427
1.43000	427
1.43167	427
1.43333	429
1.43500	431
1.43667	435
1.43833	441
1.44000	446
1.44167	452
1.44333	459
1.44500	466
1.44667	474
1.44833	482
1.45000	489
1.45167	495
1.45333	500
1.45500	506
1.45667	512
1.45833	518
1.46000	525
1.46167	533
1.46333	542
1.46500	551
1.46667	559
1.46833	566
1.47000	573
1.47167	580
1.47333	587
1.47500	592
1.47667	597
1.47833	601
1.48000	604
1.48167	608
1.48333	613
1.48500	618
1.48667	624
1.48833	631
1.49000	639
1.49167	647
1.49333	656
1.49500	667
1.49667	679
1.49833	690
1.50000	701
1.50167	710
1.50333	720
1.50500	730
1.50667	740
1.50833	748
1.51000	755
1.51167	762
1.51333	769
1.51500	776
1.51667	783
1.51833	789
1.52000	796
1.52167	804
1.52333	812
1.52500	820
1.52667	829
1.52833	838
1.53000	849
1.53167	860
1.53333	870
1.53500	880
1.53667	890
1.53833	901
1.54000	912
1.54167	922
1.54333	932
1.54500	943
1.54667	955
1.54833	966
1.55000	977
1.55167	988
1.55333	1000
1.55500	1013
1.55667	1026
1.55833	1039
1.56000	1050
1.56167	1062
1.56333	1076
1.56500	1089
1.56667	1101
1.56833	1113
1.57000	1127
1.57167	1142
1.57333	1157
1.57500	1172
1.57667	1186
1.57833	1202
1.58000	1220
1.58167	1238
1.58333	1253
1.58500	1268
1.58667	1283
1.58833	1299
1.59000	1315
1.59167	1328
1.59333	1341
1.59500	1354
1.59667	1369
1.59833	1383
1.60000	1396
1.60167	1409
1.60333	1423
1.60500	1439
1.60667	1455
1.60833	1469
1.61000	1483
1.61167	1498
1.61333	1515
1.61500	1531
1.61667	1546
1.61833	1560
1.62000	1576
1.62167	1592
1.62333	1609
1.62500	1623
1.62667	1638
1.62833	1652
1.63000	1669
1.63167	1685
1.63333	1700
1.63500	1716
1.63667	1733
1.63833	1753
1.64000	1772
1.64167	1791
1.64333	1810
1.64500	1830
1.64667	1853
1.64833	1876
1.65000	1897
1.65167	1916
1.65333	1936
1.65500	1958
1.65667	1980
1.65833	1999
1.66000	2017
1.66167	2036
1.66333	2057
1.66500	2078
1.66667	2097
1.66833	2116
1.67000	2137
1.67167	2160
1.67333	2183
1.67500	2204
1.67667	2224
1.67833	2245
1.68000	2267
1.68167	2290
1.68333	2310
1.68500	2329
1.68667	2350
1.68833	2373
1.69000	2395
1.69167	2414
1.69333	2433
1.69500	2451
1.69667	2472
1.69833	2491
1.70000	2509
1.70167	2525
1.70333	2541
1.70500	2559
1.70667	2577
1.70833	2595
1.71000	2613
1.71167	2634
1.71333	2657
1.71500	2680
1.71667	2703
1.71833	2725
1.72000	2749
1.72167	2776
1.72333	2803
1.72500	2827
1.72667	2850
1.72833	2873
1.73000	2899
1.73167	2924
1.73333	2946
1.73500	2968
1.73667	2990
1.73833	3015
1.74000	3039
1.74167	3061
1.74333	3083
1.74500	3107
1.74667	3133
1.74833	3158
1.75000	3181
1.75167	3204
1.75333	3227
1.75500	3253
1.75667	3278
1.75833	3302
1.76000	3325
1.76167	3350
1.76333	3378
1.76500	3406
1.76667	3430
1.76833	3454
1.77000	3478
1.77167	3504
1.77333	3530
1.77500	3553
1.77667	3576
1.77833	3599
1.78000	3625
1.78167	3651
1.78333	3675
1.78500	3698
1.78667	3723
1.78833	3750
1.79000	3777
1.79167	3800
1.79333	3823
1.79500	3847
1.79667	3873
1.79833	3898
1.80000	3922
1.80167	3947
1.80333	3973
1.80500	4002
1.80667	4031
1.80833	4057
1.81000	4081
1.81167	4105
1.81333	4132
1.81500	4159
1.81667	4183
1.81833	4206
1.82000	4230
1.82167	4257
1.82333	4283
1.82500	4308
1.82667	4332
1.82833	4358
1.83000	4387
1.83167	4415
1.83333	4441
1.83500	4465
1.83667	4490
1.83833	4518
1.84000	4544
1.84167	4569
1.84333	4593
1.84500	4617
1.84667	4645
1.84833	4672
1.85000	4697
1.85167	4721
1.85333	4747
1.85500	4775
1.85667	4803
1.85833	4829
1.86000	4854
1.86167	4880
1.86333	4910
1.86500	4938
1.86667	4964
1.86833	4989
1.87000	5015
1.87167	5043
1.87333	5071
1.87500	5097
1.87667	5122
1.87833	5149
1.88000	5179
1.88167	5208
1.88333	5235
1.88500	5261
1.88667	5288
1.88833	5318
1.89000	5347
1.89167	5374
1.89333	5399
1.89500	5425
1.89667	5454
1.89833	5482
1.90000	5508
1.90167	5534
1.90333	5561
1.90500	5591
1.90667	5620
1.90833	5647
1.91000	5674
1.91167	5702
1.91333	5733
1.91500	5762
1.91667	5788
1.91833	5813
1.92000	5837
1.92167	5864
1.92333	5890
1.92500	5914
1.92667	5936
1.92833	5960
1.93000	5986
1.93167	6012
1.93333	6037
1.93500	6062
1.93667	6090
1.93833	6122
1.94000	6153
1.94167	6182
1.94333	6211
1.94500	6242
1.94667	6276
1.94833	6309
1.95000	6338
1.95167	6365
1.95333	6393
1.95500	6423
1.95667	6452
1.95833	6478
1.96000	6501
1.96167	6526
1.96333	6552
1.96500	6577
1.96667	6601
1.96833	6625
1.97000	6651
1.97167	6679
1.97333	6708
1.97500	6733
1.97667	6758
1.97833	6783
1.98000	6812
1.98167	6840
1.98333	6865
1.98500	6888
1.98667	6913
1.98833	6940
1.99000	6967
1.99167	6992
1.99333	7016
1.99500	7043
1.99667	7072
1.99833	7101
2.00000	7127
2.00167	7151
2.00333	7177
2.00500	7205
2.00667	7232
2.00833	7257
2.01000	7280
2.01167	7305
2.01333	7333
2.01500	7360
2.01667	7385
2.01833	7409
2.02000	7434
2.02167	7462
2.02333	7489
2.02500	7515
2.02667	7540
2.02833	7567
2.03000	7597
2.03167	7627
2.03333	7655
2.03500	7684
2.03667	7714
2.03833	7748
2.04000	7782
2.04167	7812
2.04333	7841
2.04500	7870
2.04667	7902
2.04833	7933
2.05000	7962
2.05167	7989
2.05333	8018
2.05500	8050
2.05667	8081
2.05833	8111
2.06000	8141
2.06167	8174
2.06333	8210
2.06500	8246
2.06667	8279
2.06833	8311
2.07000	8344
2.07167	8381
2.07333	8416
2.07500	8445
2.07667	8472
2.07833	8497
2.08000	8524
2.08167	8550
2.08333	8574
2.08500	8598
2.08667	8624
2.08833	8653
2.09000	8682
2.09167	8709
2.09333	8735
2.09500	8764
2.09667	8796
2.09833	8827
2.10000	8853
2.10167	8877
2.10333	8901
2.10500	8927
2.10667	8952
2.10833	8974
2.11000	8995
2.11167	9018
2.11333	9043
2.11500	9068
2.11667	9091
2.11833	9116
2.12000	9143
2.12167	9173
2.12333	9204
2.12500	9233
2.12667	9262
2.12833	9294
2.13000	9330
2.13167	9366
2.13333	9398
2.13500	9430
2.13667	9463
2.13833	9499
2.14000	9535
2.14167	9569
2.14333	9604
2.14500	9641
2.14667	9684
2.14833	9726
2.15000	9764
2.15167	9801
2.15333	9840
2.15500	9882
2.15667	9922
2.15833	9957
2.16000	9987
2.16167	10016
2.16333	10047
2.16500	10076
2.16667	10101
2.16833	10125
2.17000	10149
2.17167	10174
2.17333	10199
2.17500	10222
2.17667	10245
2.17833	10268
2.18000	10294
2.18167	10319
2.18333	10342
2.18500	10365
2.18667	10388
2.18833	10413
2.19000	10437
2.19167	10460
2.19333	10482
2.19500	10504
2.19667	10529
2.19833	10553
2.20000	10575
2.20167	10595
2.20333	10617
2.20500	10640
2.20667	10664
2.20833	10686
2.21000	10708
2.21167	10731
2.21333	10758
2.21500	10784
2.21667	10810
2.21833	10837
2.22000	10867
2.22167	10901
2.22333	10934
2.22500	10964
2.22667	10993
2.22833	11023
2.23000	11056
2.23167	11087
2.23333	11115
2.23500	11141
2.23667	11167
2.23833	11196
2.24000	11224
2.24167	11251
2.24333	11277
2.24500	11306
2.24667	11338
2.24833	11370
2.25000	11400
2.25167	11429
2.25333	11461
2.25500	11496
2.25667	11530
2.25833	11562
2.26000	11592
2.26167	11624
2.26333	11658
2.26500	11692
2.26667	11721
2.26833	11747
2.27000	11774
2.27167	11803
2.27333	11831
2.27500	11856
2.27667	11881
2.27833	11908
2.28000	11937
2.28167	11966
2.28333	11993
2.28500	12019
2.28667	12047
2.28833	12078
2.29000	12109
2.29167	12137
2.29333	12163
2.29500	12191
2.29667	12221
2.29833	12250
2.30000	12277
2.30167	12303
2.30333	12330
2.30500	12360
2.30667	12388
2.30833	12414
2.31000	12437
2.31167	12462
2.31333	12488
2.31500	12514
2.31667	12538
2.31833	12562
2.32000	12588
2.32167	12617
2.32333	12646
2.32500	12674
2.32667	12703
2.32833	12734
2.33000	12770
2.33167	12805
2.33333	12837
2.33500	12868
2.33667	12900
2.33833	12935
2.34000	12969
2.34167	12999
2.34333	13028
2.34500	13058
2.34667	13090
2.34833	13122
2.35000	13151
2.35167	13179
2.35333	13209
2.35500	13242
2.35667	13274
2.35833	13304
2.36000	13332
2.36167	13361
2.36333	13394
2.36500	13425
2.36667	13453
2.36833	13481
2.37000	13510
2.37167	13541
2.37333	13572
2.37500	13601
2.37667	13629
2.37833	13659
2.38000	13692
2.38167	13725
2.38333	13756
2.38500	13785
2.38667	13816
2.38833	13850
2.39000	13883
2.39167	13912
2.39333	13939
2.39500	13966
2.39667	13995
2.39833	14023
2.40000	14048
2.40167	14071
2.40333	14095
2.40500	14122
2.40667	14148
2.40833	14174
2.41000	14201
2.41167	14231
2.41333	14265
2.41500	14298
2.41667	14328
2.41833	14356
2.42000	14385
2.42167	14416
2.42333	14446
2.42500	14472
2.42667	14496
2.42833	14520
2.43000	14546
2.43167	14571
2.43333	14594
2.43500	14616
2.43667	14640
2.43833	14667
2.44000	14693
2.44167	14716
2.44333	14739
2.44500	14762
2.44667	14787
2.44833	14812
2.45000	14834
2.45167	14856
2.45333	14878
2.45500	14903
2.45667	14928
2.45833	14949
2.46000	14970
2.46167	14991
2.46333	15014
2.46500	15037
2.46667	15056
2.46833	15074
2.47000	15092
2.47167	15112
2.47333	15131
2.47500	15148
2.47667	15165
2.47833	15183
2.48000	15202
2.48167	15222
2.48333	15241
2.48500	15259
2.48667	15280
2.48833	15302
2.49000	15326
2.49167	15348
2.49333	15371
2.49500	15397
2.49667	15426
2.49833	15455
2.50000	15482
2.50167	15508
2.50333	15536
2.50500	15566
2.50667	15596
2.50833	15623
2.51000	15647
2.51167	15673
2.51333	15700
2.51500	15727
2.51667	15751
2.51833	15775
2.52000	15800
2.52167	15827
2.52333	15854
2.52500	15878
2.52667	15901
2.52833	15925
2.53000	15952
2.53167	15978
2.53333	16003
2.53500	16028
2.53667	16055
2.53833	16085
2.54000	16115
2.54167	16142
2.54333	16169
2.54500	16198
2.54667	16229
2.54833	16259
2.55000	16287
2.55167	16312
2.55333	16338
2.55500	16366
2.55667	16393
2.55833	16418
2.56000	16443
2.56167	16469
2.56333	16498
2.56500	16528
2.56667	16556
2.56833	16584
2.57000	16616
2.57167	16652
2.57333	16687
2.57500	16720
2.57667	16752
2.57833	16785
2.58000	16822
2.58167	16857
2.58333	16886
2.58500	16911
2.58667	16935
2.58833	16960
2.59000	16983
2.59167	17002
2.59333	17017
2.59500	17032
2.59667	17047
2.59833	17061
2.60000	17073
2.60167	17083
2.60333	17094
2.60500	17106
2.60667	17117
2.60833	17128
2.61000	17140
2.61167	17152
2.61333	17167
2.61500	17182
2.61667	17197
2.61833	17213
2.62000	17230
2.62167	17251
2.62333	17271
2.62500	17290
2.62667	17308
2.62833	17328
2.63000	17350
2.63167	17372
2.63333	17392
2.63500	17413
2.63667	17435
2.63833	17460
2.64000	17484
2.64167	17507
2.64333	17530
2.64500	17554
2.64667	17581
2.64833	17608
2.65000	17632
2.65167	17654
2.65333	17677
2.65500	17702
2.65667	17726
2.65833	17749
2.66000	17772
2.66167	17795
2.66333	17822
2.66500	17849
2.66667	17874
2.66833	17900
2.67000	17928
2.67167	17959
2.67333	17990
2.67500	18019
2.67667	18049
2.67833	18081
2.68000	18116
2.68167	18152
2.68333	18185
2.68500	18219
2.68667	18256
2.68833	18297
2.69000	18337
2.69167	18373
2.69333	18408
2.69500	18443
2.69667	18482
2.69833	18518
2.70000	18550
2.70167	18579
2.70333	18608
2.70500	18639
2.70667	18667
2.70833	18692
2.71000	18714
2.71167	18736
2.71333	18760
2.71500	18782
2.71667	18802
2.71833	18822
2.72000	18842
2.72167	18865
2.72333	18886
2.72500	18906
2.72667	18925
2.72833	18945
2.73000	18967
2.73167	18988
2.73333	19007
2.73500	19024
2.73667	19043
2.73833	19062
2.74000	19081
2.74167	19099
2.74333	19115
2.74500	19133
2.74667	19152
2.74833	19171
2.75000	19189
2.75167	19207
2.75333	19226
2.75500	19248
2.75667	19269
2.75833	19288
2.76000	19306
2.76167	19325
2.76333	19346
2.76500	19366
2.76667	19384
2.76833	19401
2.77000	19418
2.77167	19437
2.77333	19455
2.77500	19473
2.77667	19492
2.77833	19512
2.78000	19536
2.78167	19558
2.78333	19578
2.78500	19597
2.78667	19617
2.78833	19638
2.79000	19658
2.79167	19677
2.79333	19695
2.79500	19713
2.79667	19734
2.79833	19755
2.80000	19776
2.80167	19798
2.80333	19824
2.80500	19852
2.80667	19881
2.80833	19908
2.81000	19934
2.81167	19962
2.81333	19993
2.81500	20023
2.81667	20049
2.81833	20075
2.82000	20102
2.82167	20131
2.82333	20159
2.82500	20186
2.82667	20212
2.82833	20240
2.83000	20271
2.83167	20302
2.83333	20330
2.83500	20357
2.83667	20385
2.83833	20417
2.84000	20448
2.84167	20475
2.84333	20502
2.84500	20529
2.84667	20559
2.84833	20587
2.85000	20613
2.85167	20637
2.85333	20661
2.85500	20687
2.85667	20712
2.85833	20735
2.86000	20757
2.86167	20779
2.86333	20804
2.86500	20828
2.86667	20850
2.86833	20872
2.87000	20894
2.87167	20919
2.87333	20943
2.87500	20964
2.87667	20985
2.87833	21005
2.88000	21028
2.88167	21049
2.88333	21068
2.88500	21086
2.88667	21103
2.88833	21122
2.89000	21139
2.89167	21155
2.89333	21168
2.89500	21182
2.89667	21197
2.89833	21211
2.90000	21224
2.90167	21236
2.90333	21250
2.90500	21264
2.90667	21278
2.90833	21290
2.91000	21301
2.91167	21312
2.91333	21323
2.91500	21335
2.91667	21346
2.91833	21357
2.92000	21369
2.92167	21382
2.92333	21397
2.92500	21412
2.92667	21428
2.92833	21447
2.93000	21468
2.93167	21489
2.93333	21509
2.93500	21527
2.93667	21546
2.93833	21566
2.94000	21586
2.94167	21604
2.94333	21621
2.94500	21640
2.94667	21660
2.94833	21679
2.95000	21698
2.95167	21716
2.95333	21735
2.95500	21756
2.95667	21777
2.95833	21797
2.96000	21818
2.96167	21840
2.96333	21865
2.96500	21891
2.96667	21917
2.96833	21945
2.97000	21976
2.97167	22012
2.97333	22049
2.97500	22086
2.97667	22126
2.97833	22172
2.98000	22224
2.98167	22276
2.98333	22323
2.98500	22370
2.98667	22418
2.98833	22472
2.99000	22521
2.99167	22560
2.99333	22591
2.99500	22618
2.99667	22643
2.99833	22665
3.00000	22680
3.00167	22690
3.00333	22697
3.00500	22703
3.00667	22708
3.00833	22713
3.01000	22720
3.01167	22729
3.01333	22739
3.01500	22751
3.01667	22762
3.01833	22775
3.02000	22790
3.02167	22806
3.02333	22823
3.02500	22840
3.02667	22856
3.02833	22874
3.03000	22894
3.03167	22913
3.03333	22931
3.03500	22947
3.03667	22963
3.03833	22981
3.04000	22999
3.04167	23016
3.04333	23034
3.04500	23054
3.04667	23076
3.04833	23098
3.05000	23121
3.05167	23144
3.05333	23170
3.05500	23200
3.05667	23227
3.05833	23250
3.06000	23268
3.06167	23284
3.06333	23300
3.06500	23313
3.06667	23323
3.06833	23331
3.07000	23336
3.07167	23341
3.07333	23346
3.07500	23353
3.07667	23362
3.07833	23373
3.08000	23386
3.08167	23400
3.08333	23413
3.08500	23426
3.08667	23440
3.08833	23456
3.09000	23471
3.09167	23484
3.09333	23497
3.09500	23510
3.09667	23524
3.09833	23538
3.10000	23552
3.10167	23566
3.10333	23582
3.10500	23600
3.10667	23619
3.10833	23636
3.11000	23654
3.11167	23673
3.11333	23694
3.11500	23715
3.11667	23734
3.11833	23753
3.12000	23773
3.12167	23795
3.12333	23818
3.12500	23839
3.12667	23862
3.12833	23886
3.13000	23914
3.13167	23942
3.13333	23969
3.13500	23996
3.13667	24025
3.13833	24058
3.14000	24091
3.14167	24120
3.14333	24148
3.14500	24176
3.14667	24208
3.14833	24239
3.15000	24267
3.15167	24295
3.15333	24324
3.15500	24357
3.15667	24389
3.15833	24420
3.16000	24451
3.16167	24485
3.16333	24522
3.16500	24559
3.16667	24590
3.16833	24619
3.17000	24648
3.17167	24679
3.17333	24707
3.17500	24730
3.17667	24748
3.17833	24764
3.18000	24781
3.18167	24795
3.18333	24807
3.18500	24817
3.18667	24827
3.18833	24836
3.19000	24846
3.19167	24854
3.19333	24863
3.19500	24872
3.19667	24882
3.19833	24892
3.20000	24901
3.20167	24908
3.20333	24916
3.20500	24924
3.20667	24932
3.20833	24941
3.21000	24950
3.21167	24961
3.21333	24974
3.21500	24987
3.21667	25000
3.21833	25013
3.22000	25028
3.22167	25045
3.22333	25062
3.22500	25077
3.22667	25091
3.22833	25105
3.23000	25120
3.23167	25136
3.23333	25150
3.23500	25165
3.23667	25181
3.23833	25200
3.24000	25218
3.24167	25234
3.24333	25250
3.24500	25267
3.24667	25286
3.24833	25306
3.25000	25329
3.25167	25355
3.25333	25386
3.25500	25423
3.25667	25464
3.25833	25511
3.26000	25567
3.26167	25634
3.26333	25713
3.26500	25797
3.26667	25880
3.26833	25969
3.27000	26067
3.27167	26181
3.27333	26290
3.27500	26384
3.27667	26469
3.27833	26551
3.28000	26638
3.28167	26717
3.28333	26779
3.28500	26827
3.28667	26870
3.28833	26910
3.29000	26954
3.29167	27008
3.29333	27077
3.29500	27163
3.29667	27268
3.29833	27387
3.30000	27522
3.30167	27681
3.30333	27870
3.30500	28096
3.30667	28322
3.30833	28526
3.31000	28720
3.31167	28919
3.31333	29136
3.31500	29331
3.31667	29475
3.31833	29579
3.32000	29655
3.32167	29718
3.32333	29748
3.32500	29730
3.32667	29663
3.32833	29552
3.33000	29400
3.33167	29235
3.33333	29071
3.33500	28900
3.33667	28711
3.33833	28497
3.34000	28296
3.34167	28132
3.34333	27996
3.34500	27875
3.34667	27755
3.34833	27652
3.35000	27577
3.35167	27524
3.35333	27485
3.35500	27454
3.35667	27439
3.35833	27448
3.36000	27481
3.36167	27536
3.36333	27612
3.36500	27693
3.36667	27771
3.36833	27850
3.37000	27935
3.37167	28031
3.37333	28126
3.37500	28217
3.37667	28308
3.37833	28408
3.38000	28520
3.38167	28646
3.38333	28791
3.38500	28966
3.38667	29177
3.38833	29432
3.39000	29672
3.39167	29865
3.39333	30018
3.39500	30149
3.39667	30273
3.39833	30357
3.40000	30376
3.40167	30331
3.40333	30230
3.40500	30081
3.40667	29926
3.40833	29788
3.41000	29665
3.41167	29544
3.41333	29418
3.41500	29314
3.41667	29249
3.41833	29220
3.42000	29218
3.42167	29236
3.42333	29264
3.42500	29294
3.42667	29326
3.42833	29361
3.43000	29402
3.43167	29436
3.43333	29456
3.43500	29462
3.43667	29458
3.43833	29446
3.44000	29437
3.44167	29441
3.44333	29459
3.44500	29489
3.44667	29532
3.44833	29597
3.45000	29695
3.45167	29832
3.45333	30013
3.45500	30238
3.45667	30507
3.45833	30830
3.46000	31228
3.46167	31716
3.46333	32307
3.46500	32927
3.46667	33545
3.46833	34195
3.47000	34921
3.47167	35752
3.47333	36555
3.47500	37253
3.47667	37885
3.47833	38508
3.48000	39169
3.48167	39792
3.48333	40338
3.48500	40841
3.48667	41348
3.48833	41896
3.49000	42622
3.49167	43667
3.49333	45109
3.49500	46991
3.49667	49336
3.49833	52235
3.50000	55901
3.50167	60566
3.50333	66404
3.50500	73527
3.50667	81254
3.50833	89392
3.51000	98406
3.51167	108807
3.51333	120969
3.51500	132685
3.51667	142680
3.51833	151474
3.52000	159908
3.52167	168673
3.52333	175837
3.52500	180061
3.52667	181593
3.52833	181018
3.53000	178859
3.53167	176017
3.53333	172986
3.53500	169735
3.53667	166106
3.53833	162021
3.54000	167663
3.54167	191548
3.54333	235797
3.54500	300341
3.54667	384515
3.54833	479469
3.55000	582811
3.55167	700055
3.55333	837294
3.55500	998932
3.55667	1152152
3.55833	1277118
3.56000	1379940
3.56167	1471764
3.56333	1561972
3.56500	1637107
3.56667	1688258
3.56833	1719269
3.57000	1736244
3.57167	1744253
3.57333	1744844
3.57500	1738376
3.57667	1725414
3.57833	1706431
3.58000	1681754
3.58167	1652192
3.58333	1616898
3.58500	1573816
3.58667	1521121
3.58833	1457578
3.59000	1390557
3.59167	1322965
3.59333	1250998
3.59500	1170131
3.59667	1076952
3.59833	986059
3.60000	905426
3.60167	830570
3.60333	754996
3.60500	673498
3.60667	598232
3.60833	536293
3.61000	483849
3.61167	435278
3.61333	386030
3.61500	342197
3.61667	307386
3.61833	279125
3.62000	254030
3.62167	229401
3.62333	207900
3.62500	191117
3.62667	177766
3.62833	166156
3.63000	154951
3.63167	145002
3.63333	136755
3.63500	129546
3.63667	122601
3.63833	115330
3.64000	108517
3.64167	102570
3.64333	97087
3.64500	91563
3.64667	85604
3.64833	80112
3.65000	75615
3.65167	71837
3.65333	68366
3.65500	64869
3.65667	61761
3.65833	59288
3.66000	57270
3.66167	55467
3.66333	53687
3.66500	52116
3.66667	50861
3.66833	49825
3.67000	48887
3.67167	47951
3.67333	47124
3.67500	46471
3.67667	45944
3.67833	45479
3.68000	45024
3.68167	44627
3.68333	44316
3.68500	44067
3.68667	43850
3.68833	43638
3.69000	43442
3.69167	43265
3.69333	43093
3.69500	42911
3.69667	42707
3.69833	42491
3.70000	42259
3.70167	41997
3.70333	41690
3.70500	41328
3.70667	40965
3.70833	40633
3.71000	40312
3.71167	39977
3.71333	39608
3.71500	39265
3.71667	38981
3.71833	38742
3.72000	38520
3.72167	38295
3.72333	38100
3.72500	37955
3.72667	37850
3.72833	37769
3.73000	37701
3.73167	37650
3.73333	37622
3.73500	37612
3.73667	37616
3.73833	37631
3.74000	37631
3.74167	37597
3.74333	37524
3.74500	37412
3.74667	37264
3.74833	37100
3.75000	36931
3.75167	36747
3.75333	36537
3.75500	36295
3.75667	36066
3.75833	35881
3.76000	35730
3.76167	35596
3.76333	35465
3.76500	35351
3.76667	35260
3.76833	35186
3.77000	35120
3.77167	35055
3.77333	34995
3.77500	34941
3.77667	34890
3.77833	34836
3.78000	34777
3.78167	34717
3.78333	34659
3.78500	34599
3.78667	34532
3.78833	34455
3.79000	34393
3.79167	34362
3.79333	34361
3.79500	34386
3.79667	34432
3.79833	34495
3.80000	34577
3.80167	34681
3.80333	34810
3.80500	34967
3.80667	35100
3.80833	35174
3.81000	35189
3.81167	35156
3.81333	35086
3.81500	34986
3.81667	34858
3.81833	34696
3.82000	34495
3.82167	34252
3.82333	34023
3.82500	33845
3.82667	33709
3.82833	33600
3.83000	33502
3.83167	33434
3.83333	33408
3.83500	33421
3.83667	33468
3.83833	33543
3.84000	33624
3.84167	33700
3.84333	33773
3.84500	33849
3.84667	33932
3.84833	33996
3.85000	34023
3.85167	34014
3.85333	33975
3.85500	33910
3.85667	33828
3.85833	33731
3.86000	33614
3.86167	33473
3.86333	33304
3.86500	33140
3.86667	32999
3.86833	32876
3.87000	32757
3.87167	32634
3.87333	32525
3.87500	32445
3.87667	32386
3.87833	32341
3.88000	32303
3.88167	32273
3.88333	32254
3.88500	32243
3.88667	32237
3.88833	32235
3.89000	32234
3.89167	32234
3.89333	32235
3.89500	32236
3.89667	32237
3.89833	32239
3.90000	32246
3.90167	32257
3.90333	32273
3.90500	32293
3.90667	32313
3.90833	32331
3.91000	32348
3.91167	32366
3.91333	32385
3.91500	32398
3.91667	32401
3.91833	32394
3.92000	32377
3.92167	32353
3.92333	32326
3.92500	32301
3.92667	32276
3.92833	32249
3.93000	32219
3.93167	32193
3.93333	32176
3.93500	32168
3.93667	32165
3.93833	32166
3.94000	32168
3.94167	32169
3.94333	32168
3.94500	32166
3.94667	32162
3.94833	32156
3.95000	32146
3.95167	32134
3.95333	32117
3.95500	32097
3.95667	32079
3.95833	32071
3.96000	32071
3.96167	32078
3.96333	32092
3.96500	32107
3.96667	32123
3.96833	32139
3.97000	32157
3.97167	32176
3.97333	32189
3.97500	32189
3.97667	32174
3.97833	32146
3.98000	32107
3.98167	32064
3.98333	32020
3.98500	31975
3.98667	31925
3.98833	31867
3.99000	31814
3.99167	31770
3.99333	31735
3.99500	31702
3.99667	31671
3.99833	31644
4.00000	31623
4.00167	31607
4.00333	31593
4.00500	31581
4.00667	31571
4.00833	31565
4.01000	31561
4.01167	31560
4.01333	31560
4.01500	31561
4.01667	31564
4.01833	31569
4.02000	31575
4.02167	31583
4.02333	31592
4.02500	31601
4.02667	31611
4.02833	31623
4.03000	31636
4.03167	31649
4.03333	31661
4.03500	31673
4.03667	31686
4.03833	31700
4.04000	31713
4.04167	31723
4.04333	31732
4.04500	31740
4.04667	31748
4.04833	31756
4.05000	31763
4.05167	31770
4.05333	31778
4.05500	31787
4.05667	31796
4.05833	31805
4.06000	31815
4.06167	31827
4.06333	31842
4.06500	31856
4.06667	31869
4.06833	31881
4.07000	31894
4.07167	31909
4.07333	31922
4.07500	31933
4.07667	31944
4.07833	31953
4.08000	31963
4.08167	31973
4.08333	31981
4.08500	31989
4.08667	31996
4.08833	32004
4.09000	32012
4.09167	32019
4.09333	32026
4.09500	32033
4.09667	32041
4.09833	32050
4.10000	32058
4.10167	32067
4.10333	32076
4.10500	32087
4.10667	32099
4.10833	32113
4.11000	32129
4.11167	32148
4.11333	32172
4.11500	32193
4.11667	32208
4.11833	32218
4.12000	32224
4.12167	32227
4.12333	32225
4.12500	32215
4.12667	32198
4.12833	32172
4.13000	32140
4.13167	32106
4.13333	32076
4.13500	32048
4.13667	32019
4.13833	31988
4.14000	31960
4.14167	31938
4.14333	31921
4.14500	31906
4.14667	31892
4.14833	31880
4.15000	31870
4.15167	31863
4.15333	31857
4.15500	31850
4.15667	31846
4.15833	31843
4.16000	31842
4.16167	31843
4.16333	31845
4.16500	31848
4.16667	31854
4.16833	31861
4.17000	31872
4.17167	31884
4.17333	31897
4.17500	31910
4.17667	31923
4.17833	31938
4.18000	31955
4.18167	31972
4.18333	31987
4.18500	32001
4.18667	32015
4.18833	32031
4.19000	32045
4.19167	32058
4.19333	32069
4.19500	32080
4.19667	32092
4.19833	32103
4.20000	32113
4.20167	32123
4.20333	32134
4.20500	32146
4.20667	32158
4.20833	32169
4.21000	32179
4.21167	32190
4.21333	32202
4.21500	32214
4.21667	32225
4.21833	32236
4.22000	32247
4.22167	32259
4.22333	32271
4.22500	32280
4.22667	32289
4.22833	32296
4.23000	32304
4.23167	32310
4.23333	32315
4.23500	32318
4.23667	32320
4.23833	32322
4.24000	32323
4.24167	32323
4.24333	32324
4.24500	32324
4.24667	32324
4.24833	32324
4.25000	32325
4.25167	32325
4.25333	32327
4.25500	32328
4.25667	32328
4.25833	32327
4.26000	32323
4.26167	32317
4.26333	32309
4.26500	32299
4.26667	32289
4.26833	32277
4.27000	32263
4.27167	32246
4.27333	32230
4.27500	32218
4.27667	32207
4.27833	32198
4.28000	32189
4.28167	32181
4.28333	32175
4.28500	32170
4.28667	32165
4.28833	32161
4.29000	32158
4.29167	32160
4.29333	32165
4.29500	32174
4.29667	32186
4.29833	32202
4.30000	32223
4.30167	32251
4.30333	32285
4.30500	32327
4.30667	32370
4.30833	32408
4.31000	32444
4.31167	32480
4.31333	32519
4.31500	32553
4.31667	32576
4.31833	32590
4.32000	32596
4.32167	32597
4.32333	32596
4.32500	32592
4.32667	32586
4.32833	32578
4.33000	32568
4.33167	32560
4.33333	32556
4.33500	32556
4.33667	32560
4.33833	32567
4.34000	32576
4.34167	32588
4.34333	32603
4.34500	32621
4.34667	32644
4.34833	32666
4.35000	32687
4.35167	32707
4.35333	32728
4.35500	32750
4.35667	32771
4.35833	32787
4.36000	32800
4.36167	32812
4.36333	32823
4.36500	32833
4.36667	32842
4.36833	32852
4.37000	32862
4.37167	32873
4.37333	32884
4.37500	32896
4.37667	32909
4.37833	32923
4.38000	32939
4.38167	32956
4.38333	32972
4.38500	32988
4.38667	33006
4.38833	33027
4.39000	33048
4.39167	33071
4.39333	33097
4.39500	33127
4.39667	33162
4.39833	33201
4.40000	33244
4.40167	33294
4.40333	33353
4.40500	33423
4.40667	33488
4.40833	33540
4.41000	33579
4.41167	33612
4.41333	33642
4.41500	33658
4.41667	33651
4.41833	33621
4.42000	33569
4.42167	33498
4.42333	33423
4.42500	33350
4.42667	33278
4.42833	33201
4.43000	33115
4.43167	33035
4.43333	32971
4.43500	32920
4.43667	32874
4.43833	32830
4.44000	32791
4.44167	32762
4.44333	32739
4.44500	32720
4.44667	32702
4.44833	32687
4.45000	32676
4.45167	32668
4.45333	32663
4.45500	32658
4.45667	32655
4.45833	32653
4.46000	32653
4.46167	32654
4.46333	32656
4.46500	32658
4.46667	32662
4.46833	32666
4.47000	32671
4.47167	32677
4.47333	32684
4.47500	32692
4.47667	32702
4.47833	32713
4.48000	32726
4.48167	32740
4.48333	32754
4.48500	32768
4.48667	32784
4.48833	32803
4.49000	32822
4.49167	32841
4.49333	32861
4.49500	32882
4.49667	32906
4.49833	32930
4.50000	32950
4.50167	32969
4.50333	32988
4.50500	33008
4.50667	33025
4.50833	33040
4.51000	33051
4.51167	33060
4.51333	33069
4.51500	33077
4.51667	33084
4.51833	33091
4.52000	33098
4.52167	33106
4.52333	33112
4.52500	33116
4.52667	33118
4.52833	33119
4.53000	33118
4.53167	33116
4.53333	33112
4.53500	33107
4.53667	33099
4.53833	33090
4.54000	33082
4.54167	33080
4.54333	33082
4.54500	33089
4.54667	33100
4.54833	33114
4.55000	33130
4.55167	33148
4.55333	33169
4.55500	33195
4.55667	33218
4.55833	33234
4.56000	33242
4.56167	33246
4.56333	33247
4.56500	33242
4.56667	33232
4.56833	33216
4.57000	33193
4.57167	33163
4.57333	33132
4.57500	33102
4.57667	33071
4.57833	33037
4.58000	32998
4.58167	32961
4.58333	32931
4.58500	32904
4.58667	32879
4.58833	32853
4.59000	32830
4.59167	32812
4.59333	32798
4.59500	32787
4.59667	32777
4.59833	32768
4.60000	32761
4.60167	32756
4.60333	32752
4.60500	32747
4.60667	32744
4.60833	32741
4.61000	32740
4.61167	32740
4.61333	32740
4.61500	32742
4.61667	32743
4.61833	32745
4.62000	32748
4.62167	32752
4.62333	32756
4.62500	32762
4.62667	32770
4.62833	32779
4.63000	32792
4.63167	32806
4.63333	32821
4.63500	32840
4.63667	32861
4.63833	32887
4.64000	32912
4.64167	32935
4.64333	32957
4.64500	32980
4.64667	33005
4.64833	33027
4.65000	33045
4.65167	33058
4.65333	33070
4.65500	33081
4.65667	33090
4.65833	33098
4.66000	33104
4.66167	33109
4.66333	33115
4.66500	33120
4.66667	33126
4.66833	33131
4.67000	33138
4.67167	33145
4.67333	33152
4.67500	33158
4.67667	33165
4.67833	33171
4.68000	33178
4.68167	33184
4.68333	33186
4.68500	33186
4.68667	33183
4.68833	33178
4.69000	33171
4.69167	33161
4.69333	33149
4.69500	33134
4.69667	33115
4.69833	33097
4.70000	33081
4.70167	33066
4.70333	33052
4.70500	33038
4.70667	33024
4.70833	33012
4.71000	33002
4.71167	32992
4.71333	32982
4.71500	32973
4.71667	32966
4.71833	32960
4.72000	32955
4.72167	32950
4.72333	32945
4.72500	32940
4.72667	32934
4.72833	32928
4.73000	32920
4.73167	32913
4.73333	32907
4.73500	32901
4.73667	32896
4.73833	32891
4.74000	32887
4.74167	32883
4.74333	32881
4.74500	32878
4.74667	32876
4.74833	32875
4.75000	32874
4.75167	32873
4.75333	32874
4.75500	32874
4.75667	32876
4.75833	32878
4.76000	32882
4.76167	32887
4.76333	32894
4.76500	32901
4.76667	32908
4.76833	32916
4.77000	32924
4.77167	32934
4.77333	32945
4.77500	32956
4.77667	32969
4.77833	32983
4.78000	32999
4.78167	33016
4.78333	33033
4.78500	33050
4.78667	33068
4.78833	33089
4.79000	33110
4.79167	33130
4.79333	33151
4.79500	33172
4.79667	33197
4.79833	33221
4.80000	33244
4.80167	33266
4.80333	33290
4.80500	33316
4.80667	33342
4.80833	33365
4.81000	33387
4.81167	33409
4.81333	33433
4.81500	33454
4.81667	33471
4.81833	33485
4.82000	33496
4.82167	33508
4.82333	33517
4.82500	33523
4.82667	33527
4.82833	33530
4.83000	33532
4.83167	33532
4.83333	33532
4.83500	33531
4.83667	33529
4.83833	33525
4.84000	33522
4.84167	33518
4.84333	33515
4.84500	33512
4.84667	33508
4.84833	33505
4.85000	33502
4.85167	33500
4.85333	33499
4.85500	33498
4.85667	33497
4.85833	33496
4.86000	33495
4.86167	33495
4.86333	33494
4.86500	33494
4.86667	33494
4.86833	33495
4.87000	33496
4.87167	33497
4.87333	33500
4.87500	33504
4.87667	33509
4.87833	33516
4.88000	33525
4.88167	33535
4.88333	33547
4.88500	33562
4.88667	33581
4.88833	33603
4.89000	33627
4.89167	33651
4.89333	33678
4.89500	33708
4.89667	33744
4.89833	33781
4.90000	33819
4.90167	33860
4.90333	33907
4.90500	33961
4.90667	34018
4.90833	34075
4.91000	34136
4.91167	34205
4.91333	34284
4.91500	34364
4.91667	34441
4.91833	34518
4.92000	34601
4.92167	34695
4.92333	34790
4.92500	34882
4.92667	34979
4.92833	35085
4.93000	35206
4.93167	35342
4.93333	35497
4.93500	35683
4.93667	35907
4.93833	36177
4.94000	36539
4.94167	37049
4.94333	37743
4.94500	38641
4.94667	39758
4.94833	41385
4.95000	43839
4.95167	47290
4.95333	51826
4.95500	57499
4.95667	65123
4.95833	75718
4.96000	89988
4.96167	108374
4.96333	131126
4.96500	157467
4.96667	188010
4.96833	224592
4.97000	268882
4.97167	322013
4.97333	376254
4.97500	427801
4.97667	479444
4.97833	534927
4.98000	597165
4.98167	654144
4.98333	698410
4.98500	732339
4.98667	760195
4.98833	785560
4.99000	803064
4.99167	808569
4.99333	802671
4.99500	787020
4.99667	763125
4.99833	735148
5.00000	704811
5.00167	670814
5.00333	631425
5.00500	585311
5.00667	540131
5.00833	500107
5.01000	463092
5.01167	425871
5.01333	385849
5.01500	348837
5.01667	318195
5.01833	292007
5.02000	267509
5.02167	242476
5.02333	219921
5.02500	201583
5.02667	186177
5.02833	171978
5.03000	157618
5.03167	144669
5.03333	134021
5.03500	124906
5.03667	116333
5.03833	107525
5.04000	99537
5.04167	92975
5.04333	87384
5.04500	82155
5.04667	76808
5.04833	72007
5.05000	68140
5.05167	64938
5.05333	62032
5.05500	59130
5.05667	56560
5.05833	54513
5.06000	52840
5.06167	51341
5.06333	49858
5.06500	48546
5.06667	47493
5.06833	46621
5.07000	45827
5.07167	45032
5.07333	44324
5.07500	43755
5.07667	43284
5.07833	42855
5.08000	42425
5.08167	42050
5.08333	41762
5.08500	41540
5.08667	41355
5.08833	41184
5.09000	41044
5.09167	40946
5.09333	40883
5.09500	40842
5.09667	40814
5.09833	40792
5.10000	40769
5.10167	40743
5.10333	40711
5.10500	40672
5.10667	40622
5.10833	40553
5.11000	40463
5.11167	40347
5.11333	40204
5.11500	40052
5.11667	39896
5.11833	39730
5.12000	39543
5.12167	39327
5.12333	39118
5.12500	38937
5.12667	38773
5.12833	38613
5.13000	38443
5.13167	38294
5.13333	38187
5.13500	38114
5.13667	38064
5.13833	38027
5.14000	38003
5.14167	37992
5.14333	37993
5.14500	38002
5.14667	38018
5.14833	38024
5.15000	38006
5.15167	37963
5.15333	37894
5.15500	37802
5.15667	37696
5.15833	37578
5.16000	37443
5.16167	37283
5.16333	37094
5.16500	36907
5.16667	36741
5.16833	36587
5.17000	36432
5.17167	36264
5.17333	36111
5.17500	35990
5.17667	35893
5.17833	35808
5.18000	35727
5.18167	35660
5.18333	35615
5.18500	35589
5.18667	35575
5.18833	35570
5.19000	35568
5.19167	35566
5.19333	35561
5.19500	35553
5.19667	35542
5.19833	35524
5.20000	35493
5.20167	35446
5.20333	35383
5.20500	35304
5.20667	35220
5.20833	35136
5.21000	35049
5.21167	34951
5.21333	34840
5.21500	34733
5.21667	34640
5.21833	34556
5.22000	34474
5.22167	34387
5.22333	34308
5.22500	34242
5.22667	34186
5.22833	34135
5.23000	34082
5.23167	34034
5.23333	33995
5.23500	33961
5.23667	33928
5.23833	33895
5.24000	33864
5.24167	33839
5.24333	33817
5.24500	33797
5.24667	33776
5.24833	33757
5.25000	33739
5.25167	33723
5.25333	33706
5.25500	33687
5.25667	33668
5.25833	33650
5.26000	33632
5.26167	33612
5.26333	33589
5.26500	33566
5.26667	33547
5.26833	33529
5.27000	33512
5.27167	33493
5.27333	33474
5.27500	33456
5.27667	33438
5.27833	33418
5.28000	33395
5.28167	33372
5.28333	33350
5.28500	33329
5.28667	33305
5.28833	33279
5.29000	33254
5.29167	33231
5.29333	33211
5.29500	33189
5.29667	33166
5.29833	33145
5.30000	33126
5.30167	33110
5.30333	33094
5.30500	33077
5.30667	33061
5.30833	33047
5.31000	33035
5.31167	33023
5.31333	33011
5.31500	32999
5.31667	32989
5.31833	32978
5.32000	32968
5.32167	32956
5.32333	32944
5.32500	32932
5.32667	32918
5.32833	32902
5.33000	32884
5.33167	32865
5.33333	32845
5.33500	32824
5.33667	32800
5.33833	32773
5.34000	32746
5.34167	32723
5.34333	32702
5.34500	32681
5.34667	32659
5.34833	32638
5.35000	32622
5.35167	32608
5.35333	32596
5.35500	32584
5.35667	32574
5.35833	32567
5.36000	32563
5.36167	32560
5.36333	32559
5.36500	32559
5.36667	32560
5.36833	32562
5.37000	32565
5.37167	32568
5.37333	32571
5.37500	32573
5.37667	32575
5.37833	32576
5.38000	32577
5.38167	32578
5.38333	32580
5.38500	32583
5.38667	32586
5.38833	32591
5.39000	32595
5.39167	32599
5.39333	32603
5.39500	32607
5.39667	32612
5.39833	32616
5.40000	32619
5.40167	32622
5.40333	32625
5.40500	32628
5.40667	32630
5.40833	32631
5.41000	32631
5.41167	32631
5.41333	32630
5.41500	32627
5.41667	32623
5.41833	32618
5.42000	32610
5.42167	32600
5.42333	32590
5.42500	32581
5.42667	32572
5.42833	32563
5.43000	32553
5.43167	32543
5.43333	32533
5.43500	32523
5.43667	32511
5.43833	32498
5.44000	32485
5.44167	32471
5.44333	32456
5.44500	32440
5.44667	32420
5.44833	32401
5.45000	32384
5.45167	32366
5.45333	32349
5.45500	32329
5.45667	32309
5.45833	32291
5.46000	32273
5.46167	32254
5.46333	32233
5.46500	32213
5.46667	32193
5.46833	32174
5.47000	32154
5.47167	32131
5.47333	32109
5.47500	32091
5.47667	32076
5.47833	32061
5.48000	32045
5.48167	32031
5.48333	32018
5.48500	32006
5.48667	31995
5.48833	31982
5.49000	31970
5.49167	31960
5.49333	31951
5.49500	31943
5.49667	31933
5.49833	31925
5.50000	31920
5.50167	31916
5.50333	31913
5.50500	31911
5.50667	31910
5.50833	31911
5.51000	31913
5.51167	31916
5.51333	31920
5.51500	31925
5.51667	31930
5.51833	31936
5.52000	31943
5.52167	31951
5.52333	31959
5.52500	31965
5.52667	31971
5.52833	31976
5.53000	31980
5.53167	31985
5.53333	31989
5.53500	31993
5.53667	31997
5.53833	32001
5.54000	32006
5.54167	32010
5.54333	32015
5.54500	32020
5.54667	32026
5.54833	32031
5.55000	32034
5.55167	32037
5.55333	32038
5.55500	32039
5.55667	32039
5.55833	32038
5.56000	32035
5.56167	32030
5.56333	32024
5.56500	32018
5.56667	32012
5.56833	32008
5.57000	32003
5.57167	31999
5.57333	31995
5.57500	31990
5.57667	31984
5.57833	31978
5.58000	31970
5.58167	31962
5.58333	31954
5.58500	31944
5.58667	31933
5.58833	31919
5.59000	31904
5.59167	31888
5.59333	31870
5.59500	31848
5.59667	31822
5.59833	31795
5.60000	31767
5.60167	31736
5.60333	31701
5.60500	31660
5.60667	31619
5.60833	31583
5.61000	31549
5.61167	31514
5.61333	31476
5.61500	31439
5.61667	31407
5.61833	31377
5.62000	31346
5.62167	31313
5.62333	31282
5.62500	31254
5.62667	31230
5.62833	31206
5.63000	31180
5.63167	31156
5.63333	31135
5.63500	31117
5.63667	31098
5.63833	31079
5.64000	31060
5.64167	31044
5.64333	31028
5.64500	31011
5.64667	30994
5.64833	30977
5.65000	30962
5.65167	30949
5.65333	30935
5.65500	30921
5.65667	30908
5.65833	30898
5.66000	30889
5.66167	30881
5.66333	30873
5.66500	30866
5.66667	30860
5.66833	30854
5.67000	30848
5.67167	30842
5.67333	30835
5.67500	30828
5.67667	30820
5.67833	30811
5.68000	30800
5.68167	30790
5.68333	30782
5.68500	30775
5.68667	30768
5.68833	30762
5.69000	30757
5.69167	30752
5.69333	30749
5.69500	30746
5.69667	30743
5.69833	30740
5.70000	30736
5.70167	30730
5.70333	30723
5.70500	30714
5.70667	30703
5.70833	30692
5.71000	30680
5.71167	30665
5.71333	30647
5.71500	30630
5.71667	30614
5.71833	30599
5.72000	30583
5.72167	30566
5.72333	30549
5.72500	30534
5.72667	30521
5.72833	30507
5.73000	30493
5.73167	30478
5.73333	30463
5.73500	30446
5.73667	30427
5.73833	30405
5.74000	30383
5.74167	30361
5.74333	30338
5.74500	30313
5.74667	30285
5.74833	30256
5.75000	30230
5.75167	30205
5.75333	30179
5.75500	30150
5.75667	30122
5.75833	30097
5.76000	30072
5.76167	30046
5.76333	30018
5.76500	29990
5.76667	29965
5.76833	29940
5.77000	29914
5.77167	29885
5.77333	29856
5.77500	29830
5.77667	29805
5.77833	29779
5.78000	29750
5.78167	29723
5.78333	29699
5.78500	29678
5.78667	29658
5.78833	29636
5.79000	29616
5.79167	29600
5.79333	29585
5.79500	29571
5.79667	29556
5.79833	29542
5.80000	29531
5.80167	29521
5.80333	29512
5.80500	29503
5.80667	29495
5.80833	29488
5.81000	29483
5.81167	29479
5.81333	29474
5.81500	29471
5.81667	29468
5.81833	29466
5.82000	29465
5.82167	29464
5.82333	29463
5.82500	29463
5.82667	29463
5.82833	29463
5.83000	29464
5.83167	29465
5.83333	29465
5.83500	29465
5.83667	29465
5.83833	29465
5.84000	29464
5.84167	29464
5.84333	29464
5.84500	29464
5.84667	29464
5.84833	29464
5.85000	29463
5.85167	29462
5.85333	29460
5.85500	29457
5.85667	29454
5.85833	29449
5.86000	29443
5.86167	29436
5.86333	29427
5.86500	29416
5.86667	29405
5.86833	29391
5.87000	29375
5.87167	29356
5.87333	29337
5.87500	29319
5.87667	29302
5.87833	29283
5.88000	29263
5.88167	29243
5.88333	29225
5.88500	29207
5.88667	29189
5.88833	29168
5.89000	29147
5.89167	29125
5.89333	29102
5.89500	29077
5.89667	29047
5.89833	29016
5.90000	28987
5.90167	28958
5.90333	28926
5.90500	28890
5.90667	28855
5.90833	28823
5.91000	28792
5.91167	28760
5.91333	28724
5.91500	28690
5.91667	28659
5.91833	28630
5.92000	28600
5.92167	28568
5.92333	28537
5.92500	28509
5.92667	28483
5.92833	28455
5.93000	28425
5.93167	28397
5.93333	28372
5.93500	28349
5.93667	28327
5.93833	28303
5.94000	28282
5.94167	28264
5.94333	28248
5.94500	28234
5.94667	28219
5.94833	28206
5.95000	28195
5.95167	28185
5.95333	28175
5.95500	28165
5.95667	28155
5.95833	28147
5.96000	28140
5.96167	28134
5.96333	28127
5.96500	28121
5.96667	28117
5.96833	28114
5.97000	28112
5.97167	28112
5.97333	28111
5.97500	28112
5.97667	28112
5.97833	28114
5.98000	28115
5.98167	28116
5.98333	28117
5.98500	28119
5.98667	28120
5.98833	28122
5.99000	28124
5.99167	28126
5.99333	28129
5.99500	28132
5.99667	28136
5.99833	28140
6.00000	28141
6.00167	28141
6.00333	28139
6.00500	28136
6.00667	28131
6.00833	28126
6.01000	28119
6.01167	28111
6.01333	28100
6.01500	28089
6.01667	28079
6.01833	28068
6.02000	28057
6.02167	28044
6.02333	28031
6.02500	28017
6.02667	28002
6.02833	27984
6.03000	27964
6.03167	27943
6.03333	27923
6.03500	27901
6.03667	27878
6.03833	27851
6.04000	27824
6.04167	27797
6.04333	27770
6.04500	27740
6.04667	27705
6.04833	27671
6.05000	27638
6.05167	27605
6.05333	27569
6.05500	27529
6.05667	27489
6.05833	27453
6.06000	27417
6.06167	27381
6.06333	27340
6.06500	27300
6.06667	27264
6.06833	27228
6.07000	27192
6.07167	27151
6.07333	27112
6.07500	27078
6.07667	27047
6.07833	27016
6.08000	26982
6.08167	26950
6.08333	26922
6.08500	26897
6.08667	26872
6.08833	26845
6.09000	26819
6.09167	26795
6.09333	26772
6.09500	26747
6.09667	26720
6.09833	26694
6.10000	26671
6.10167	26651
6.10333	26631
6.10500	26609
6.10667	26590
6.10833	26574
6.11000	26562
6.11167	26550
6.11333	26538
6.11500	26528
6.11667	26519
6.11833	26512
6.12000	26504
6.12167	26497
6.12333	26489
6.12500	26483
6.12667	26478
6.12833	26472
6.13000	26467
6.13167	26462
6.13333	26459
6.13500	26458
6.13667	26458
6.13833	26460
6.14000	26462
6.14167	26463
6.14333	26464
6.14500	26464
6.14667	26463
6.14833	26462
6.15000	26458
6.15167	26452
6.15333	26445
6.15500	26435
6.15667	26424
6.15833	26414
6.16000	26404
6.16167	26393
6.16333	26380
6.16500	26367
6.16667	26353
6.16833	26338
6.17000	26319
6.17167	26298
6.17333	26276
6.17500	26255
6.17667	26232
6.17833	26207
6.18000	26178
6.18167	26148
6.18333	26121
6.18500	26093
6.18667	26063
6.18833	26029
6.19000	25995
6.19167	25962
6.19333	25930
6.19500	25894
6.19667	25853
6.19833	25813
6.20000	25775
6.20167	25737
6.20333	25696
6.20500	25649
6.20667	25604
6.20833	25561
6.21000	25520
6.21167	25476
6.21333	25428
6.21500	25380
6.21667	25337
6.21833	25296
6.22000	25253
6.22167	25206
6.22333	25161
6.22500	25120
6.22667	25081
6.22833	25041
6.23000	24996
6.23167	24954
6.23333	24915
6.23500	24878
6.23667	24840
6.23833	24797
6.24000	24756
6.24167	24720
6.24333	24687
6.24500	24653
6.24667	24616
6.24833	24582
6.25000	24554
6.25167	24530
6.25333	24507
6.25500	24484
6.25667	24462
6.25833	24443
6.26000	24426
6.26167	24408
6.26333	24389
6.26500	24371
6.26667	24355
6.26833	24340
6.27000	24324
6.27167	24308
6.27333	24292
6.27500	24280
6.27667	24270
6.27833	24261
6.28000	24252
6.28167	24244
6.28333	24237
6.28500	24230
6.28667	24223
6.28833	24215
6.29000	24208
6.29167	24201
6.29333	24194
6.29500	24187
6.29667	24179
6.29833	24171
6.30000	24163
6.30167	24154
6.30333	24144
6.30500	24132
6.30667	24120
6.30833	24107
6.31000	24092
6.31167	24075
6.31333	24056
6.31500	24036
6.31667	24018
6.31833	24000
6.32000	23980
6.32167	23959
6.32333	23937
6.32500	23916
6.32667	23895
6.32833	23871
6.33000	23845
6.33167	23817
6.33333	23788
6.33500	23758
6.33667	23723
6.33833	23684
6.34000	23643
6.34167	23604
6.34333	23565
6.34500	23521
6.34667	23472
6.34833	23423
6.35000	23378
6.35167	23333
6.35333	23286
6.35500	23233
6.35667	23182
6.35833	23134
6.36000	23086
6.36167	23035
6.36333	22979
6.36500	22923
6.36667	22872
6.36833	22823
6.37000	22772
6.37167	22715
6.37333	22660
6.37500	22610
6.37667	22561
6.37833	22511
6.38000	22454
6.38167	22400
6.38333	22352
6.38500	22306
6.38667	22258
6.38833	22207
6.39000	22157
6.39167	22114
6.39333	22074
6.39500	22034
6.39667	21990
6.39833	21949
6.40000	21914
6.40167	21881
6.40333	21849
6.40500	21814
6.40667	21781
6.40833	21754
6.41000	21731
6.41167	21708
6.41333	21685
6.41500	21663
6.41667	21644
6.41833	21626
6.42000	21609
6.42167	21589
6.42333	21572
6.42500	21556
6.42667	21542
6.42833	21528
6.43000	21513
6.43167	21499
6.43333	21488
6.43500	21479
6.43667	21470
6.43833	21462
6.44000	21454
6.44167	21446
6.44333	21439
6.44500	21431
6.44667	21421
6.44833	21412
6.45000	21403
6.45167	21393
6.45333	21383
6.45500	21371
6.45667	21359
6.45833	21347
6.46000	21336
6.46167	21323
6.46333	21309
6.46500	21294
6.46667	21279
6.46833	21262
6.47000	21243
6.47167	21220
6.47333	21197
6.47500	21173
6.47667	21149
6.47833	21122
6.48000	21091
6.48167	21059
6.48333	21028
6.48500	20995
6.48667	20958
6.48833	20917
6.49000	20874
6.49167	20833
6.49333	20790
6.49500	20743
6.49667	20690
6.49833	20638
6.50000	20589
6.50167	20541
6.50333	20490
6.50500	20433
6.50667	20378
6.50833	20326
6.51000	20276
6.51167	20222
6.51333	20163
6.51500	20105
6.51667	20052
6.51833	19999
6.52000	19943
6.52167	19881
6.52333	19820
6.52500	19764
6.52667	19709
6.52833	19651
6.53000	19587
6.53167	19525
6.53333	19469
6.53500	19416
6.53667	19362
6.53833	19303
6.54000	19246
6.54167	19196
6.54333	19150
6.54500	19104
6.54667	19054
6.54833	19005
6.55000	18961
6.55167	18919
6.55333	18876
6.55500	18827
6.55667	18782
6.55833	18742
6.56000	18706
6.56167	18671
6.56333	18634
6.56500	18600
6.56667	18572
6.56833	18548
6.57000	18525
6.57167	18503
6.57333	18482
6.57500	18463
6.57667	18446
6.57833	18428
6.58000	18409
6.58167	18390
6.58333	18375
6.58500	18360
6.58667	18347
6.58833	18332
6.59000	18318
6.59167	18306
6.59333	18294
6.59500	18283
6.59667	18271
6.59833	18259
6.60000	18247
6.60167	18236
6.60333	18225
6.60500	18211
6.60667	18198
6.60833	18186
6.61000	18174
6.61167	18161
6.61333	18147
6.61500	18132
6.61667	18116
6.61833	18099
6.62000	18080
6.62167	18057
6.62333	18034
6.62500	18010
6.62667	17984
6.62833	17955
6.63000	17922
6.63167	17887
6.63333	17853
6.63500	17817
6.63667	17778
6.63833	17732
6.64000	17686
6.64167	17643
6.64333	17600
6.64500	17555
6.64667	17504
6.64833	17453
6.65000	17404
6.65167	17355
6.65333	17303
6.65500	17243
6.65667	17184
6.65833	17128
6.66000	17072
6.66167	17012
6.66333	16944
6.66500	16878
6.66667	16817
6.66833	16758
6.67000	16696
6.67167	16627
6.67333	16561
6.67500	16499
6.67667	16439
6.67833	16376
6.68000	16306
6.68167	16238
6.68333	16175
6.68500	16116
6.68667	16054
6.68833	15985
6.69000	15919
6.69167	15860
6.69333	15804
6.69500	15747
6.69667	15685
6.69833	15625
6.70000	15572
6.70167	15522
6.70333	15471
6.70500	15416
6.70667	15363
6.70833	15317
6.71000	15274
6.71167	15231
6.71333	15184
6.71500	15141
6.71667	15104
6.71833	15071
6.72000	15039
6.72167	15006
6.72333	14974
6.72500	14947
6.72667	14923
6.72833	14898
6.73000	14872
6.73167	14847
6.73333	14825
6.73500	14805
6.73667	14784
6.73833	14761
6.74000	14739
6.74167	14720
6.74333	14703
6.74500	14685
6.74667	14666
6.74833	14647
6.75000	14631
6.75167	14616
6.75333	14601
6.75500	14584
6.75667	14567
6.75833	14549
6.76000	14530
6.76167	14508
6.76333	14482
6.76500	14456
6.76667	14431
6.76833	14405
6.77000	14377
6.77167	14345
6.77333	14313
6.77500	14283
6.77667	14253
6.77833	14220
6.78000	14183
6.78167	14146
6.78333	14111
6.78500	14074
6.78667	14034
6.78833	13989
6.79000	13944
6.79167	13900
6.79333	13856
6.79500	13808
6.79667	13754
6.79833	13700
6.80000	13648
6.80167	13596
6.80333	13540
6.80500	13477
6.80667	13414
6.80833	13355
6.81000	13295
6.81167	13230
6.81333	13158
6.81500	13085
6.81667	13017
6.81833	12948
6.82000	12875
6.82167	12792
6.82333	12711
6.82500	12636
6.82667	12563
6.82833	12487
6.83000	12402
6.83167	12320
6.83333	12247
6.83500	12177
6.83667	12107
6.83833	12029
6.84000	11955
6.84167	11889
6.84333	11825
6.84500	11760
6.84667	11689
6.84833	11621
6.85000	11559
6.85167	11501
6.85333	11441
6.85500	11376
6.85667	11314
6.85833	11260
6.86000	11211
6.86167	11163
6.86333	11111
6.86500	11063
6.86667	11020
6.86833	10980
6.87000	10941
6.87167	10898
6.87333	10857
6.87500	10821
6.87667	10788
6.87833	10755
6.88000	10720
6.88167	10686
6.88333	10657
6.88500	10629
6.88667	10602
6.88833	10572
6.89000	10544
6.89167	10519
6.89333	10495
6.89500	10472
6.89667	10446
6.89833	10421
6.90000	10399
6.90167	10380
6.90333	10359
6.90500	10338
6.90667	10317
6.90833	10298
6.91000	10279
6.91167	10259
6.91333	10237
6.91500	10215
6.91667	10194
6.91833	10173
6.92000	10151
6.92167	10126
6.92333	10100
6.92500	10075
6.92667	10048
6.92833	10019
6.93000	9984
6.93167	9949
6.93333	9914
6.93500	9876
6.93667	9833
6.93833	9784
6.94000	9734
6.94167	9686
6.94333	9638
6.94500	9586
6.94667	9527
6.94833	9468
6.95000	9413
6.95167	9356
6.95333	9295
6.95500	9226
6.95667	9157
6.95833	9092
6.96000	9026
6.96167	8956
6.96333	8877
6.96500	8800
6.96667	8728
6.96833	8657
6.97000	8583
6.97167	8499
6.97333	8418
6.97500	8342
6.97667	8268
6.97833	8190
6.98000	8103
6.98167	8018
6.98333	7941
6.98500	7867
6.98667	7789
6.98833	7703
6.99000	7620
6.99167	7543
6.99333	7468
6.99500	7389
6.99667	7302
6.99833	7217
7.00000	7141
7.00167	7068
7.00333	6993
7.00500	6910
7.00667	6831
7.00833	6763
7.01000	6700
7.01167	6637
7.01333	6570
7.01500	6506
7.01667	6451
7.01833	6400
7.02000	6350
7.02167	6295
7.02333	6243
7.02500	6197
7.02667	6153
7.02833	6108
7.03000	6059
7.03167	6013
7.03333	5972
7.03500	5934
7.03667	5897
7.03833	5857
7.04000	5820
7.04167	5787
7.04333	5758
7.04500	5729
7.04667	5698
7.04833	5669
7.05000	5641
7.05167	5615
7.05333	5588
7.05500	5557
7.05667	5527
7.05833	5499
7.06000	5471
7.06167	5441
7.06333	5408
7.06500	5375
7.06667	5345
7.06833	5317
7.07000	5287
7.07167	5254
7.07333	5222
7.07500	5191
7.07667	5160
7.07833	5125
7.08000	5086
7.08167	5046
7.08333	5008
7.08500	4968
7.08667	4924
7.08833	4873
7.09000	4823
7.09167	4775
7.09333	4726
7.09500	4674
7.09667	4615
7.09833	4555
7.10000	4499
7.10167	4441
7.10333	4379
7.10500	4309
7.10667	4239
7.10833	4172
7.11000	4105
7.11167	4034
7.11333	3953
7.11500	3872
7.11667	3796
7.11833	3720
7.12000	3638
7.12167	3546
7.12333	3455
7.12500	3373
7.12667	3292
7.12833	3208
7.13000	3115
7.13167	3024
7.13333	2941
7.13500	2860
7.13667	2775
7.13833	2681
7.14000	2588
7.14167	2503
7.14333	2419
7.14500	2331
7.14667	2233
7.14833	2138
7.15000	2053
7.15167	1972
7.15333	1888
7.15500	1797
7.15667	1709
7.15833	1631
7.16000	1558
7.16167	1483
7.16333	1402
7.16500	1325
7.16667	1256
7.16833	1191
7.17000	1124
7.17167	1052
7.17333	983
7.17500	922
7.17667	866
7.17833	811
7.18000	750
7.18167	693
7.18333	644
7.18500	598
7.18667	553
7.18833	504
7.19000	457
7.19167	417
7.19333	379
7.19500	340
7.19667	299
7.19833	259
7.20000	224
7.20167	192
7.20333	159
7.20500	124
7.20667	89
7.20833	59
7.21000	29
7.21167	-2
7.21333	-35
7.21500	-69
7.21667	-99
7.21833	-129
7.22000	-161
7.22167	-197
7.22333	-232
7.22500	-267
7.22667	-302
7.22833	-341
7.23000	-385
7.23167	-429
7.23333	-471
7.23500	-512
7.23667	-556
7.23833	-606
7.24000	-655
7.24167	-701
7.24333	-747
7.24500	-795
7.24667	-850
7.24833	-906
7.25000	-959
7.25167	-1014
7.25333	-1075
7.25500	-1144
7.25667	-1213
7.25833	-1279
7.26000	-1345
7.26167	-1417
7.26333	-1497
7.26500	-1578
7.26667	-1653
7.26833	-1729
7.27000	-1810
7.27167	-1901
7.27333	-1990
7.27500	-2074
7.27667	-2157
7.27833	-2245
7.28000	-2343
7.28167	-2440
7.28333	-2529
7.28500	-2616
7.28667	-2707
7.28833	-2809
7.29000	-2908
7.29167	-2999
7.29333	-3087
7.29500	-3179
7.29667	-3281
7.29833	-3380
7.30000	-3470
7.30167	-3556
7.30333	-3644
7.30500	-3742
7.30667	-3837
7.30833	-3921
7.31000	-4002
7.31167	-4084
7.31333	-4174
7.31500	-4261
7.31667	-4339
7.31833	-4412
7.32000	-4486
7.32167	-4568
7.32333	-4646
7.32500	-4716
7.32667	-4781
7.32833	-4848
7.33000	-4920
7.33167	-4989
7.33333	-5049
7.33500	-5103
7.33667	-5158
7.33833	-5216
7.34000	-5271
7.34167	-5318
7.34333	-5360
7.34500	-5401
7.34667	-5444
7.34833	-5485
7.35000	-5521
7.35167	-5555
7.35333	-5588
7.35500	-5624
7.35667	-5659
7.35833	-5690
7.36000	-5720
7.36167	-5751
7.36333	-5784
7.36500	-5818
7.36667	-5848
7.36833	-5879
7.37000	-5911
7.37167	-5948
7.37333	-5984
7.37500	-6018
7.37667	-6053
7.37833	-6090
7.38000	-6132
7.38167	-6174
7.38333	-6213
7.38500	-6253
7.38667	-6296
7.38833	-6344
7.39000	-6392
7.39167	-6437
7.39333	-6483
7.39500	-6534
7.39667	-6590
7.39833	-6647
7.40000	-6702
7.40167	-6759
7.40333	-6821
7.40500	-6891
7.40667	-6962
7.40833	-7029
7.41000	-7097
7.41167	-7170
7.41333	-7252
7.41500	-7334
7.41667	-7411
7.41833	-7487
7.42000	-7569
7.42167	-7661
7.42333	-7752
7.42500	-7837
7.42667	-7922
7.42833	-8012
7.43000	-8114
7.43167	-8214
7.43333	-8308
7.43500	-8401
7.43667	-8501
7.43833	-8612
7.44000	-8721
7.44167	-8822
7.44333	-8920
7.44500	-9025
7.44667	-9140
7.44833	-9252
7.45000	-9354
7.45167	-9450
7.45333	-9550
7.45500	-9659
7.45667	-9765
7.45833	-9860
7.46000	-9951
7.46167	-10045
7.46333	-10149
7.46500	-10249
7.46667	-10339
7.46833	-10426
7.47000	-10516
7.47167	-10614
7.47333	-10709
7.47500	-10794
7.47667	-10874
7.47833	-10955
7.48000	-11044
7.48167	-11128
7.48333	-11202
7.48500	-11270
7.48667	-11339
7.48833	-11413
7.49000	-11483
7.49167	-11545
7.49333	-11602
7.49500	-11660
7.49667	-11722
7.49833	-11782
7.50000	-11835
7.50167	-11885
7.50333	-11936
7.50500	-11991
7.50667	-12044
7.50833	-12091
7.51000	-12134
7.51167	-12178
7.51333	-12226
7.51500	-12271
7.51667	-12313
7.51833	-12352
7.52000	-12392
7.52167	-12437
7.52333	-12481
7.52500	-12522
7.52667	-12563
7.52833	-12607
7.53000	-12656
7.53167	-12704
7.53333	-12750
7.53500	-12794
7.53667	-12842
7.53833	-12895
7.54000	-12947
7.54167	-12995
7.54333	-13043
7.54500	-13094
7.54667	-13150
7.54833	-13207
7.55000	-13263
7.55167	-13320
7.55333	-13384
7.55500	-13457
7.55667	-13530
7.55833	-13600
7.56000	-13670
7.56167	-13747
7.56333	-13833
7.56500	-13919
7.56667	-14000
7.56833	-14081
7.57000	-14168
7.57167	-14265
7.57333	-14362
7.57500	-14453
7.57667	-14544
7.57833	-14642
7.58000	-14752
7.58167	-14860
7.58333	-14960
7.58500	-15058
7.58667	-15162
7.58833	-15277
7.59000	-15390
7.59167	-15496
7.59333	-15600
7.59500	-15711
7.59667	-15835
7.59833	-15957
7.60000	-16070
7.60167	-16181
7.60333	-16298
7.60500	-16428
7.60667	-16554
7.60833	-16668
7.61000	-16776
7.61167	-16889
7.61333	-17012
7.61500	-17130
7.61667	-17237
7.61833	-17339
7.62000	-17444
7.62167	-17559
7.62333	-17670
7.62500	-17771
7.62667	-17866
7.62833	-17964
7.63000	-18072
7.63167	-18176
7.63333	-18268
7.63500	-18354
7.63667	-18442
7.63833	-18538
7.64000	-18630
7.64167	-18712
7.64333	-18790
7.64500	-18870
7.64667	-18958
7.64833	-19042
7.65000	-19116
7.65167	-19184
7.65333	-19253
7.65500	-19327
7.65667	-19397
7.65833	-19459
7.66000	-19516
7.66167	-19574
7.66333	-19636
7.66500	-19697
7.66667	-19752
7.66833	-19806
7.67000	-19864
7.67167	-19927
7.67333	-19989
7.67500	-20045
7.67667	-20098
7.67833	-20152
7.68000	-20212
7.68167	-20270
7.68333	-20324
7.68500	-20376
7.68667	-20431
7.68833	-20492
7.69000	-20552
7.69167	-20608
7.69333	-20663
7.69500	-20722
7.69667	-20788
7.69833	-20854
7.70000	-20917
7.70167	-20981
7.70333	-21050
7.70500	-21128
7.70667	-21206
7.70833	-21280
7.71000	-21354
7.71167	-21434
7.71333	-21525
7.71500	-21614
7.71667	-21698
7.71833	-21780
7.72000	-21868
7.72167	-21966
7.72333	-22063
7.72500	-22154
7.72667	-22246
7.72833	-22344
7.73000	-22454
7.73167	-22564
7.73333	-22666
7.73500	-22769
7.73667	-22878
7.73833	-23001
7.74000	-23122
7.74167	-23234
7.74333	-23345
7.74500	-23463
7.74667	-23595
7.74833	-23723
7.75000	-23841
7.75167	-23956
7.75333	-24076
7.75500	-24209
7.75667	-24338
7.75833	-24456
7.76000	-24570
7.76167	-24689
7.76333	-24820
7.76500	-24948
7.76667	-25064
7.76833	-25176
7.77000	-25292
7.77167	-25419
7.77333	-25543
7.77500	-25655
7.77667	-25762
7.77833	-25873
7.78000	-25995
7.78167	-26112
7.78333	-26217
7.78500	-26317
7.78667	-26419
7.78833	-26530
7.79000	-26636
7.79167	-26730
7.79333	-26818
7.79500	-26907
7.79667	-27003
7.79833	-27096
7.80000	-27178
7.80167	-27256
7.80333	-27336
7.80500	-27422
7.80667	-27505
7.80833	-27579
7.81000	-27647
7.81167	-27717
7.81333	-27792
7.81500	-27864
7.81667	-27928
7.81833	-27989
7.82000	-28052
7.82167	-28121
7.82333	-28188
7.82500	-28248
7.82667	-28305
7.82833	-28364
7.83000	-28428
7.83167	-28491
7.83333	-28547
7.83500	-28601
7.83667	-28657
7.83833	-28719
7.84000	-28779
7.84167	-28836
7.84333	-28893
7.84500	-28953
7.84667	-29022
7.84833	-29089
7.85000	-29152
7.85167	-29213
7.85333	-29278
7.85500	-29351
7.85667	-29422
7.85833	-29490
7.86000	-29557
7.86167	-29629
7.86333	-29709
7.86500	-29790
7.86667	-29868
7.86833	-29948
7.87000	-30035
7.87167	-30133
7.87333	-30231
7.87500	-30324
7.87667	-30416
7.87833	-30514
7.88000	-30625
7.88167	-30734
7.88333	-30835
7.88500	-30934
7.88667	-31039
7.88833	-31156
7.89000	-31271
7.89167	-31379
7.89333	-31486
7.89500	-31599
7.89667	-31726
7.89833	-31851
7.90000	-31968
7.90167	-32083
7.90333	-32205
7.90500	-32342
7.90667	-32476
7.90833	-32599
7.91000	-32717
7.91167	-32841
7.91333	-32978
7.91500	-33111
7.91667	-33232
7.91833	-33349
7.92000	-33470
7.92167	-33604
7.92333	-33734
7.92500	-33851
7.92667	-33963
7.92833	-34080
7.93000	-34208
7.93167	-34333
7.93333	-34445
7.93500	-34552
7.93667	-34663
7.93833	-34784
7.94000	-34901
7.94167	-35007
7.94333	-35107
7.94500	-35211
7.94667	-35324
7.94833	-35432
7.95000	-35529
7.95167	-35619
7.95333	-35710
7.95500	-35810
7.95667	-35905
7.95833	-35991
7.96000	-36072
7.96167	-36156
7.96333	-36247
7.96500	-36335
7.96667	-36412
7.96833	-36484
7.97000	-36557
7.97167	-36635
7.97333	-36710
7.97500	-36776
7.97667	-36836
7.97833	-36896
7.98000	-36961
7.98167	-37024
7.98333	-37080
7.98500	-37133
7.98667	-37189
7.98833	-37250
7.99000	-37310
7.99167	-37365
7.99333	-37418
7.99500	-37474
7.99667	-37537
7.99833	-37599
8.00000	-37656
8.00167	-37712
8.00333	-37771
8.00500	-37837
8.00667	-37902
8.00833	-37962
8.01000	-38021
8.01167	-38083
8.01333	-38151
8.01500	-38219
8.01667	-38282
8.01833	-38346
8.02000	-38414
8.02167	-38491
8.02333	-38568
8.02500	-38640
8.02667	-38712
8.02833	-38790
8.03000	-38877
8.03167	-38964
8.03333	-39045
8.03500	-39126
8.03667	-39212
8.03833	-39309
8.04000	-39406
8.04167	-39495
8.04333	-39584
8.04500	-39680
8.04667	-39786
8.04833	-39891
8.05000	-39989
8.05167	-40085
8.05333	-40187
8.05500	-40302
8.05667	-40414
8.05833	-40518
8.06000	-40620
8.06167	-40727
8.06333	-40847
8.06500	-40964
8.06667	-41070
8.06833	-41174
8.07000	-41282
8.07167	-41402
8.07333	-41519
8.07500	-41626
8.07667	-41731
8.07833	-41840
8.08000	-41962
8.08167	-42080
8.08333	-42188
8.08500	-42291
8.08667	-42399
8.08833	-42518
8.09000	-42633
8.09167	-42737
8.09333	-42837
8.09500	-42940
8.09667	-43053
8.09833	-43162
8.10000	-43261
8.10167	-43354
8.10333	-43449
8.10500	-43554
8.10667	-43655
8.10833	-43746
8.11000	-43831
8.11167	-43919
8.11333	-44015
8.11500	-44108
8.11667	-44191
8.11833	-44270
8.12000	-44353
8.12167	-44443
8.12333	-44529
8.12500	-44606
8.12667	-44679
8.12833	-44753
8.13000	-44834
8.13167	-44913
8.13333	-44984
8.13500	-45052
8.13667	-45123
8.13833	-45202
8.14000	-45278
8.14167	-45346
8.14333	-45412
8.14500	-45480
8.14667	-45555
8.14833	-45628
8.15000	-45696
8.15167	-45763
8.15333	-45835
8.15500	-45914
8.15667	-45993
8.15833	-46067
8.16000	-46141
8.16167	-46221
8.16333	-46311
8.16500	-46400
8.16667	-46481
8.16833	-46561
8.17000	-46646
8.17167	-46740
8.17333	-46833
8.17500	-46921
8.17667	-47010
8.17833	-47105
8.18000	-47212
8.18167	-47319
8.18333	-47419
8.18500	-47518
8.18667	-47625
8.18833	-47744
8.19000	-47862
8.19167	-47973
8.19333	-48082
8.19500	-48198
8.19667	-48328
8.19833	-48457
8.20000	-48578
8.20167	-48697
8.20333	-48826
8.20500	-48970
8.20667	-49112
8.20833	-49243
8.21000	-49373
8.21167	-49511
8.21333	-49664
8.21500	-49814
8.21667	-49951
8.21833	-50084
8.22000	-50223
8.22167	-50376
8.22333	-50525
8.22500	-50661
8.22667	-50791
8.22833	-50926
8.23000	-51074
8.23167	-51219
8.23333	-51351
8.23500	-51480
8.23667	-51615
8.23833	-51764
8.24000	-51909
8.24167	-52040
8.24333	-52166
8.24500	-52297
8.24667	-52441
8.24833	-52580
8.25000	-52705
8.25167	-52824
8.25333	-52947
8.25500	-53082
8.25667	-53213
8.25833	-53330
8.26000	-53441
8.26167	-53555
8.26333	-53680
8.26500	-53800
8.26667	-53908
8.26833	-54010
8.27000	-54114
8.27167	-54228
8.27333	-54338
8.27500	-54436
8.27667	-54528
8.27833	-54624
8.28000	-54727
8.28167	-54827
8.28333	-54916
8.28500	-54999
8.28667	-55084
8.28833	-55176
8.29000	-55265
8.29167	-55347
8.29333	-55426
8.29500	-55508
8.29667	-55600
8.29833	-55689
8.30000	-55771
8.30167	-55851
8.30333	-55936
8.30500	-56029
8.30667	-56121
8.30833	-56204
8.31000	-56285
8.31167	-56369
8.31333	-56462
8.31500	-56554
8.31667	-56639
8.31833	-56723
8.32000	-56812
8.32167	-56911
8.32333	-57009
8.32500	-57100
8.32667	-57190
8.32833	-57286
8.33000	-57393
8.33167	-57499
8.33333	-57598
8.33500	-57695
8.33667	-57800
8.33833	-57917
8.34000	-58033
8.34167	-58142
8.34333	-58250
8.34500	-58366
8.34667	-58496
8.34833	-58625
8.35000	-58746
8.35167	-58866
8.35333	-58994
8.35500	-59138
8.35667	-59279
8.35833	-59411
8.36000	-59540
8.36167	-59677
8.36333	-59830
8.36500	-59980
8.36667	-60118
8.36833	-60253
8.37000	-60394
8.37167	-60551
8.37333	-60704
8.37500	-60844
8.37667	-60980
8.37833	-61123
8.38000	-61282
8.38167	-61436
8.38333	-61578
8.38500	-61715
8.38667	-61859
8.38833	-62018
8.39000	-62173
8.39167	-62314
8.39333	-62450
8.39500	-62591
8.39667	-62747
8.39833	-62898
8.40000	-63035
8.40167	-63165
8.40333	-63301
8.40500	-63450
8.40667	-63594
8.40833	-63724
8.41000	-63847
8.41167	-63975
8.41333	-64116
8.41500	-64251
8.41667	-64372
8.41833	-64488
8.42000	-64606
8.42167	-64736
8.42333	-64862
8.42500	-64974
8.42667	-65081
8.42833	-65192
8.43000	-65312
8.43167	-65429
8.43333	-65534
8.43500	-65635
8.43667	-65738
8.43833	-65852
8.44000	-65961
8.44167	-66059
8.44333	-66152
8.44500	-66248
8.44667	-66353
8.44833	-66454
8.45000	-66545
8.45167	-66633
8.45333	-66723
8.45500	-66822
8.45667	-66918
8.45833	-67007
8.46000	-67092
8.46167	-67182
8.46333	-67282
8.46500	-67379
8.46667	-67469
8.46833	-67558
8.47000	-67651
8.47167	-67755
8.47333	-67858
8.47500	-67953
8.47667	-68047
8.47833	-68147
8.48000	-68259
8.48167	-68369
8.48333	-68472
8.48500	-68573
8.48667	-68680
8.48833	-68800
8.49000	-68919
8.49167	-69029
8.49333	-69137
8.49500	-69252
8.49667	-69380
8.49833	-69507
8.50000	-69625
8.50167	-69742
8.50333	-69866
8.50500	-70004
8.50667	-70141
8.50833	-70270
8.51000	-70397
8.51167	-70532
8.51333	-70684
8.51500	-70834
8.51667	-70972
8.51833	-71106
8.52000	-71248
8.52167	-71406
8.52333	-71560
8.52500	-71702
8.52667	-71840
8.52833	-71986
8.53000	-72147
8.53167	-72306
8.53333	-72452
8.53500	-72595
8.53667	-72746
8.53833	-72913
8.54000	-73076
8.54167	-73225
8.54333	-73368
8.54500	-73517
8.54667	-73681
8.54833	-73841
8.55000	-73985
8.55167	-74125
8.55333	-74270
8.55500	-74430
8.55667	-74586
8.55833	-74726
8.56000	-74860
8.56167	-74999
8.56333	-75152
8.56500	-75300
8.56667	-75433
8.56833	-75560
8.57000	-75691
8.57167	-75834
8.57333	-75973
8.57500	-76098
8.57667	-76217
8.57833	-76340
8.58000	-76475
8.58167	-76605
8.58333	-76721
8.58500	-76832
8.58667	-76945
8.58833	-77070
8.59000	-77189
8.59167	-77296
8.59333	-77397
8.59500	-77501
8.59667	-77613
8.59833	-77723
8.60000	-77821
8.60167	-77916
8.60333	-78014
8.60500	-78122
8.60667	-78227
8.60833	-78323
8.61000	-78417
8.61167	-78514
8.61333	-78623
8.61500	-78729
8.61667	-78826
8.61833	-78919
8.62000	-79018
8.62167	-79127
8.62333	-79233
8.62500	-79330
8.62667	-79424
8.62833	-79523
8.63000	-79633
8.63167	-79740
8.63333	-79839
8.63500	-79936
8.63667	-80040
8.63833	-80154
8.64000	-80268
8.64167	-80374
8.64333	-80479
8.64500	-80592
8.64667	-80719
8.64833	-80844
8.65000	-80959
8.65167	-81073
8.65333	-81193
8.65500	-81327
8.65667	-81460
8.65833	-81583
8.66000	-81705
8.66167	-81836
8.66333	-81981
8.66500	-82125
8.66667	-82258
8.66833	-82389
8.67000	-82529
8.67167	-82684
8.67333	-82836
8.67500	-82976
8.67667	-83113
8.67833	-83257
8.68000	-83418
8.68167	-83575
8.68333	-83721
8.68500	-83863
8.68667	-84014
8.68833	-84182
8.69000	-84347
8.69167	-84498
8.69333	-84645
8.69500	-84799
8.69667	-84970
8.69833	-85136
8.70000	-85287
8.70167	-85432
8.70333	-85583
8.70500	-85749
8.70667	-85910
8.70833	-86057
8.71000	-86198
8.71167	-86345
8.71333	-86507
8.71500	-86666
8.71667	-86810
8.71833	-86950
8.72000	-87097
8.72167	-87259
8.72333	-87417
8.72500	-87559
8.72667	-87694
8.72833	-87833
8.73000	-87987
8.73167	-88135
8.73333	-88268
8.73500	-88395
8.73667	-88526
8.73833	-88670
8.74000	-88808
8.74167	-88933
8.74333	-89052
8.74500	-89175
8.74667	-89309
8.74833	-89439
8.75000	-89556
8.75167	-89668
8.75333	-89783
8.75500	-89909
8.75667	-90031
8.75833	-90143
8.76000	-90250
8.76167	-90361
8.76333	-90484
8.76500	-90603
8.76667	-90712
8.76833	-90816
8.77000	-90925
8.77167	-91046
8.77333	-91163
8.77500	-91271
8.77667	-91376
8.77833	-91486
8.78000	-91608
8.78167	-91727
8.78333	-91837
8.78500	-91945
8.78667	-92058
8.78833	-92183
8.79000	-92307
8.79167	-92421
8.79333	-92533
8.79500	-92652
8.79667	-92784
8.79833	-92914
8.80000	-93034
8.80167	-93152
8.80333	-93278
8.80500	-93418
8.80667	-93555
8.80833	-93682
8.81000	-93806
8.81167	-93937
8.81333	-94082
8.81500	-94226
8.81667	-94360
8.81833	-94492
8.82000	-94632
8.82167	-94789
8.82333	-94944
8.82500	-95087
8.82667	-95228
8.82833	-95376
8.83000	-95542
8.83167	-95705
8.83333	-95854
8.83500	-96001
8.83667	-96155
8.83833	-96326
8.84000	-96494
8.84167	-96649
8.84333	-96801
8.84500	-96961
8.84667	-97139
8.84833	-97314
8.85000	-97474
8.85167	-97628
8.85333	-97790
8.85500	-97969
8.85667	-98143
8.85833	-98301
8.86000	-98454
8.86167	-98613
8.86333	-98788
8.86500	-98958
8.86667	-99113
8.86833	-99262
8.87000	-99416
8.87167	-99587
8.87333	-99752
8.87500	-99902
8.87667	-100046
8.87833	-100195
8.88000	-100360
8.88167	-100519
8.88333	-100664
8.88500	-100802
8.88667	-100946
8.88833	-101103
8.89000	-101256
8.89167	-101395
8.89333	-101527
8.89500	-101664
8.89667	-101814
8.89833	-101960
8.90000	-102092
8.90167	-102217
8.90333	-102348
8.90500	-102491
8.90667	-102629
8.90833	-102755
8.91000	-102875
8.91167	-103000
8.91333	-103137
8.91500	-103270
8.91667	-103391
8.91833	-103506
8.92000	-103626
8.92167	-103758
8.92333	-103886
8.92500	-104003
8.92667	-104116
8.92833	-104234
8.93000	-104365
8.93167	-104492
8.93333	-104609
8.93500	-104722
8.93667	-104841
8.93833	-104973
8.94000	-105102
8.94167	-105220
8.94333	-105334
8.94500	-105454
8.94667	-105586
8.94833	-105716
8.95000	-105837
8.95167	-105956
8.95333	-106082
8.95500	-106222
8.95667	-106360
8.95833	-106489
8.96000	-106615
8.96167	-106750
8.96333	-106900
8.96500	-107048
8.96667	-107185
8.96833	-107319
8.97000	-107461
8.97167	-107620
8.97333	-107776
8.97500	-107920
8.97667	-108060
8.97833	-108208
8.98000	-108373
8.98167	-108534
8.98333	-108684
8.98500	-108831
8.98667	-108987
8.98833	-109160
8.99000	-109330
8.99167	-109488
8.99333	-109641
8.99500	-109803
8.99667	-109984
8.99833	-110160
9.00000	-110322
9.00167	-110479
9.00333	-110645
9.00500	-110827
9.00667	-111007
9.00833	-111172
9.01000	-111332
9.01167	-111502
9.01333	-111690
9.01500	-111874
9.01667	-112043
9.01833	-112205
9.02000	-112376
9.02167	-112565
9.02333	-112748
9.02500	-112915
9.02667	-113076
9.02833	-113244
9.03000	-113429
9.03167	-113609
9.03333	-113772
9.03500	-113928
9.03667	-114091
9.03833	-114270
9.04000	-114444
9.04167	-114600
9.04333	-114750
9.04500	-114905
9.04667	-115075
9.04833	-115240
9.05000	-115390
9.05167	-115535
9.05333	-115686
9.05500	-115852
9.05667	-116014
9.05833	-116161
9.06000	-116303
9.06167	-116450
9.06333	-116612
9.06500	-116770
9.06667	-116912
9.06833	-117049
9.07000	-117190
9.07167	-117346
9.07333	-117497
9.07500	-117635
9.07667	-117768
9.07833	-117907
9.08000	-118060
9.08167	-118209
9.08333	-118345
9.08500	-118476
9.08667	-118612
9.08833	-118764
9.09000	-118911
9.09167	-119047
9.09333	-119179
9.09500	-119317
9.09667	-119471
9.09833	-119622
9.10000	-119760
9.10167	-119895
9.10333	-120037
9.10500	-120194
9.10667	-120348
9.10833	-120489
9.11000	-120627
9.11167	-120772
9.11333	-120933
9.11500	-121091
9.11667	-121237
9.11833	-121380
9.12000	-121532
9.12167	-121701
9.12333	-121866
9.12500	-122020
9.12667	-122170
9.12833	-122330
9.13000	-122507
9.13167	-122682
9.13333	-122843
9.13500	-123002
9.13667	-123170
9.13833	-123357
9.14000	-123541
9.14167	-123711
9.14333	-123877
9.14500	-124053
9.14667	-124249
9.14833	-124441
9.15000	-124616
9.15167	-124786
9.15333	-124965
9.15500	-125163
9.15667	-125356
9.15833	-125533
9.16000	-125704
9.16167	-125884
9.16333	-126083
9.16500	-126278
9.16667	-126457
9.16833	-126631
9.17000	-126815
9.17167	-127018
9.17333	-127217
9.17500	-127399
9.17667	-127575
9.17833	-127759
9.18000	-127963
9.18167	-128162
9.18333	-128343
9.18500	-128517
9.18667	-128698
9.18833	-128898
9.19000	-129093
9.19167	-129269
9.19333	-129439
9.19500	-129616
9.19667	-129811
9.19833	-130001
9.20000	-130174
9.20167	-130341
9.20333	-130515
9.20500	-130708
9.20667	-130895
9.20833	-131065
9.21000	-131227
9.21167	-131396
9.21333	-131582
9.21500	-131762
9.21667	-131925
9.21833	-132081
9.22000	-132243
9.22167	-132420
9.22333	-132593
9.22500	-132750
9.22667	-132902
9.22833	-133059
9.23000	-133233
9.23167	-133402
9.23333	-133555
9.23500	-133703
9.23667	-133856
9.23833	-134026
9.24000	-134190
9.24167	-134341
9.24333	-134486
9.24500	-134638
9.24667	-134806
9.24833	-134971
9.25000	-135122
9.25167	-135269
9.25333	-135424
9.25500	-135595
9.25667	-135763
9.25833	-135917
9.26000	-136067
9.26167	-136225
9.26333	-136399
9.26500	-136569
9.26667	-136725
9.26833	-136876
9.27000	-137035
9.27167	-137210
9.27333	-137382
9.27500	-137541
9.27667	-137696
9.27833	-137860
9.28000	-138042
9.28167	-138221
9.28333	-138385
9.28500	-138546
9.28667	-138715
9.28833	-138902
9.29000	-139086
9.29167	-139255
9.29333	-139418
9.29500	-139590
9.29667	-139780
9.29833	-139967
9.30000	-140139
9.30167	-140309
9.30333	-140488
9.30500	-140688
9.30667	-140883
9.30833	-141063
9.31000	-141238
9.31167	-141423
9.31333	-141627
9.31500	-141827
9.31667	-142010
9.31833	-142188
9.32000	-142375
9.32167	-142581
9.32333	-142784
9.32500	-142969
9.32667	-143148
9.32833	-143336
9.33000	-143544
9.33167	-143747
9.33333	-143932
9.33500	-144111
9.33667	-144298
9.33833	-144504
9.34000	-144704
9.34167	-144887
9.34333	-145064
9.34500	-145248
9.34667	-145452
9.34833	-145650
9.35000	-145830
9.35167	-146004
9.35333	-146185
9.35500	-146385
9.35667	-146580
9.35833	-146757
9.36000	-146927
9.36167	-147105
9.36333	-147301
9.36500	-147491
9.36667	-147664
9.36833	-147830
9.37000	-148003
9.37167	-148194
9.37333	-148379
9.37500	-148547
9.37667	-148709
9.37833	-148878
9.38000	-149065
9.38167	-149245
9.38333	-149408
9.38500	-149564
9.38667	-149725
9.38833	-149902
9.39000	-150074
9.39167	-150232
9.39333	-150384
9.39500	-150543
9.39667	-150720
9.39833	-150892
9.40000	-151050
9.40167	-151203
9.40333	-151363
9.40500	-151541
9.40667	-151714
9.40833	-151871
9.41000	-152022
9.41167	-152180
9.41333	-152353
9.41500	-152522
9.41667	-152678
9.41833	-152829
9.42000	-152988
9.42167	-153165
9.42333	-153338
9.42500	-153497
9.42667	-153652
9.42833	-153815
9.43000	-153996
9.43167	-154173
9.43333	-154336
9.43500	-154495
9.43667	-154662
9.43833	-154848
9.44000	-155029
9.44167	-155195
9.44333	-155356
9.44500	-155524
9.44667	-155711
9.44833	-155894
9.45000	-156062
9.45167	-156226
9.45333	-156398
9.45500	-156590
9.45667	-156778
9.45833	-156952
9.46000	-157122
9.46167	-157302
9.46333	-157503
9.46500	-157699
9.46667	-157879
9.46833	-158054
9.47000	-158238
9.47167	-158442
9.47333	-158642
9.47500	-158825
9.47667	-159003
9.47833	-159189
9.48000	-159396
9.48167	-159598
9.48333	-159783
9.48500	-159962
9.48667	-160151
9.48833	-160359
9.49000	-160563
9.49167	-160749
9.49333	-160930
9.49500	-161119
9.49667	-161328
9.49833	-161532
9.50000	-161718
9.50167	-161897
9.50333	-162084
9.50500	-162291
9.50667	-162492
9.50833	-162675
9.51000	-162852
9.51167	-163036
9.51333	-163240
9.51500	-163438
9.51667	-163619
9.51833	-163794
9.52000	-163976
9.52167	-164177
9.52333	-164372
9.52500	-164550
9.52667	-164721
9.52833	-164899
9.53000	-165096
9.53167	-165287
9.53333	-165461
9.53500	-165628
9.53667	-165803
9.53833	-165996
9.54000	-166183
9.54167	-166353
9.54333	-166517
9.54500	-166688
9.54667	-166876
9.54833	-167059
9.55000	-167227
9.55167	-167389
9.55333	-167558
9.55500	-167746
9.55667	-167929
9.55833	-168097
9.56000	-168260
9.56167	-168430
9.56333	-168619
9.56500	-168803
9.56667	-168971
9.56833	-169132
9.57000	-169301
9.57167	-169488
9.57333	-169670
9.57500	-169837
9.57667	-169998
9.57833	-170168
9.58000	-170356
9.58167	-170540
9.58333	-170708
9.58500	-170871
9.58667	-171042
9.58833	-171231
9.59000	-171417
9.59167	-171587
9.59333	-171754
9.59500	-171929
9.59667	-172123
9.59833	-172313
9.60000	-172489
9.60167	-172660
9.60333	-172840
9.60500	-173040
9.60667	-173236
9.60833	-173416
9.61000	-173590
9.61167	-173774
9.61333	-173978
9.61500	-174178
9.61667	-174361
9.61833	-174540
9.62000	-174728
9.62167	-174936
9.62333	-175140
9.62500	-175327
9.62667	-175508
9.62833	-175699
9.63000	-175909
9.63167	-176115
9.63333	-176304
9.63500	-176487
9.63667	-176680
9.63833	-176894
9.64000	-177103
9.64167	-177294
9.64333	-177480
9.64500	-177674
9.64667	-177890
9.64833	-178100
9.65000	-178292
9.65167	-178478
9.65333	-178671
9.65500	-178885
9.65667	-179094
9.65833	-179285
9.66000	-179469
9.66167	-179663
9.66333	-179877
9.66500	-180086
9.66667	-180277
9.66833	-180460
9.67000	-180652
9.67167	-180863
9.67333	-181069
9.67500	-181257
9.67667	-181438
9.67833	-181627
9.68000	-181836
9.68167	-182040
9.68333	-182226
9.68500	-182405
9.68667	-182593
9.68833	-182801
9.69000	-183002
9.69167	-183186
9.69333	-183361
9.69500	-183544
9.69667	-183745
9.69833	-183941
9.70000	-184119
9.70167	-184291
9.70333	-184471
9.70500	-184670
9.70667	-184863
9.70833	-185041
9.71000	-185213
9.71167	-185394
9.71333	-185594
9.71500	-185789
9.71667	-185967
9.71833	-186137
9.72000	-186315
9.72167	-186511
9.72333	-186703
9.72500	-186877
9.72667	-187046
9.72833	-187223
9.73000	-187419
9.73167	-187610
9.73333	-187785
9.73500	-187955
9.73667	-188134
9.73833	-188331
9.74000	-188524
9.74167	-188700
9.74333	-188869
9.74500	-189046
9.74667	-189242
9.74833	-189433
9.75000	-189609
9.75167	-189781
9.75333	-189962
9.75500	-190162
9.75667	-190359
9.75833	-190539
9.76000	-190715
9.76167	-190900
9.76333	-191106
9.76500	-191307
9.76667	-191491
9.76833	-191670
9.77000	-191858
9.77167	-192066
9.77333	-192270
9.77500	-192457
9.77667	-192638
9.77833	-192830
9.78000	-193041
9.78167	-193249
9.78333	-193439
9.78500	-193624
9.78667	-193819
9.78833	-194035
9.79000	-194246
9.79167	-194439
9.79333	-194626
9.79500	-194822
9.79667	-195039
9.79833	-195250
9.80000	-195443
9.80167	-195630
9.80333	-195827
9.80500	-196044
9.80667	-196256
9.80833	-196451
9.81000	-196640
9.81167	-196839
9.81333	-197060
9.81500	-197276
9.81667	-197472
9.81833	-197661
9.82000	-197859
9.82167	-198077
9.82333	-198290
9.82500	-198484
9.82667	-198670
9.82833	-198866
9.83000	-199081
9.83167	-199292
9.83333	-199484
9.83500	-199670
9.83667	-199865
9.83833	-200081
9.84000	-200292
9.84167	-200483
9.84333	-200668
9.84500	-200861
9.84667	-201073
9.84833	-201280
9.85000	-201468
9.85167	-201650
9.85333	-201840
9.85500	-202049
9.85667	-202253
9.85833	-202439
9.86000	-202619
9.86167	-202808
9.86333	-203016
9.86500	-203220
9.86667	-203405
9.86833	-203584
9.87000	-203771
9.87167	-203978
9.87333	-204179
9.87500	-204364
9.87667	-204542
9.87833	-204730
9.88000	-204937
9.88167	-205139
9.88333	-205324
9.88500	-205502
9.88667	-205689
9.88833	-205895
9.89000	-206096
9.89167	-206280
9.89333	-206457
9.89500	-206643
9.89667	-206849
9.89833	-207050
9.90000	-207234
9.90167	-207412
9.90333	-207599
9.90500	-207806
9.90667	-208008
9.90833	-208193
9.91000	-208374
9.91167	-208563
9.91333	-208773
9.91500	-208978
9.91667	-209166
9.91833	-209348
9.92000	-209539
9.92167	-209751
9.92333	-209957
9.92500	-210146
9.92667	-210329
9.92833	-210521
9.93000	-210732
9.93167	-210940
9.93333	-211131
9.93500	-211316
9.93667	-211512
9.93833	-211730
9.94000	-211942
9.94167	-212137
9.94333	-212326
9.94500	-212525
9.94667	-212745
9.94833	-212960
9.95000	-213157
9.95167	-213347
9.95333	-213546
9.95500	-213765
9.95667	-213980
9.95833	-214175
9.96000	-214365
9.96167	-214564
9.96333	-214783
9.96500	-214998
9.96667	-215196
9.96833	-215389
9.97000	-215592
9.97167	-215818
9.97333	-216038
9.97500	-216240
9.97667	-216435
9.97833	-216639
9.98000	-216865
9.98167	-217084
9.98333	-217284
9.98500	-217475
9.98667	-217674
9.98833	-217894
9.99000	-218107
9.99167	-218303
9.99333	-218491
9.99500	-218689
9.99667	-218907
9.99833	-219120
10.00000	-219315
10.00167	-219503
10.00333	-219701
10.00500	-219919
10.00667	-220132
10.00833	-220325
10.01000	-220512
10.01167	-220707
10.01333	-220922
10.01500	-221131
10.01667	-221322
10.01833	-221507
10.02000	-221700
10.02167	-221913
10.02333	-222121
10.02500	-222310
10.02667	-222493
10.02833	-222685
10.03000	-222896
10.03167	-223103
10.03333	-223291
10.03500	-223473
10.03667	-223663
10.03833	-223873
10.04000	-224078
10.04167	-224265
10.04333	-224446
10.04500	-224635
10.04667	-224844
10.04833	-225048
10.05000	-225235
10.05167	-225416
10.05333	-225606
10.05500	-225817
10.05667	-226023
10.05833	-226212
10.06000	-226395
10.06167	-226588
10.06333	-226801
10.06500	-227009
10.06667	-227199
10.06833	-227382
10.07000	-227573
10.07167	-227784
10.07333	-227990
10.07500	-228178
10.07667	-228360
10.07833	-228551
10.08000	-228761
10.08167	-228967
10.08333	-229156
10.08500	-229341
10.08667	-229535
10.08833	-229751
10.09000	-229962
10.09167	-230156
10.09333	-230345
10.09500	-230544
10.09667	-230764
10.09833	-230979
10.10000	-231175
10.10167	-231364
10.10333	-231561
10.10500	-231780
10.10667	-231993
10.10833	-232188
10.11000	-232377
10.11167	-232576
10.11333	-232796
10.11500	-233011
10.11667	-233208
10.11833	-233399
10.12000	-233599
10.12167	-233822
10.12333	-234039
10.12500	-234237
10.12667	-234428
10.12833	-234629
10.13000	-234851
10.13167	-235067
10.13333	-235264
10.13500	-235455
10.13667	-235654
10.13833	-235874
10.14000	-236088
10.14167	-236283
10.14333	-236473
10.14500	-236671
10.14667	-236890
10.14833	-237104
10.15000	-237300
10.15167	-237490
10.15333	-237690
10.15500	-237911
10.15667	-238127
10.15833	-238323
10.16000	-238512
10.16167	-238710
10.16333	-238928
10.16500	-239140
10.16667	-239333
10.16833	-239520
10.17000	-239714
10.17167	-239929
10.17333	-240138
10.17500	-240330
10.17667	-240516
10.17833	-240711
10.18000	-240926
10.18167	-241137
10.18333	-241329
10.18500	-241515
10.18667	-241710
10.18833	-241926
10.19000	-242136
10.19167	-242327
10.19333	-242512
10.19500	-242706
10.19667	-242919
10.19833	-243127
10.20000	-243317
10.20167	-243500
10.20333	-243691
10.20500	-243902
10.20667	-244108
10.20833	-244296
10.21000	-244478
10.21167	-244668
10.21333	-244878
10.21500	-245084
10.21667	-245271
10.21833	-245452
10.22000	-245642
10.22167	-245852
10.22333	-246057
10.22500	-246245
10.22667	-246426
10.22833	-246617
10.23000	-246828
10.23167	-247033
10.23333	-247222
10.23500	-247404
10.23667	-247596
10.23833	-247808
10.24000	-248015
10.24167	-248204
10.24333	-248387
10.24500	-248578
10.24667	-248790
10.24833	-248996
10.25000	-249185
10.25167	-249369
10.25333	-249562
10.25500	-249776
10.25667	-249984
10.25833	-250176
10.26000	-250361
10.26167	-250556
10.26333	-250771
10.26500	-250982
10.26667	-251174
10.26833	-251361
10.27000	-251557
10.27167	-251773
10.27333	-251985
10.27500	-252179
10.27667	-252367
10.27833	-252564
10.28000	-252782
10.28167	-252996
10.28333	-253190
10.28500	-253379
10.28667	-253576
10.28833	-253794
10.29000	-254007
10.29167	-254201
10.29333	-254389
10.29500	-254586
10.29667	-254804
10.29833	-255016
10.30000	-255210
10.30167	-255397
10.30333	-255593
10.30500	-255809
10.30667	-256020
10.30833	-256213
10.31000	-256399
10.31167	-256595
10.31333	-256811
10.31500	-257022
10.31667	-257214
10.31833	-257401
10.32000	-257596
10.32167	-257811
10.32333	-258022
10.32500	-258213
10.32667	-258398
10.32833	-258590
10.33000	-258803
10.33167	-259010
10.33333	-259199
10.33500	-259383
10.33667	-259575
10.33833	-259788
10.34000	-259995
10.34167	-260185
10.34333	-260369
10.34500	-260562
10.34667	-260775
10.34833	-260983
10.35000	-261173
10.35167	-261357
10.35333	-261549
10.35500	-261762
10.35667	-261969
10.35833	-262158
10.36000	-262341
10.36167	-262533
10.36333	-262745
10.36500	-262952
10.36667	-263141
10.36833	-263324
10.37000	-263517
10.37167	-263729
10.37333	-263936
10.37500	-264126
10.37667	-264310
10.37833	-264502
10.38000	-264714
10.38167	-264922
10.38333	-265111
10.38500	-265295
10.38667	-265488
10.38833	-265700
10.39000	-265908
10.39167	-266099
10.39333	-266284
10.39500	-266478
10.39667	-266692
10.39833	-266902
10.40000	-267094
10.40167	-267279
10.40333	-267473
10.40500	-267687
10.40667	-267897
10.40833	-268088
10.41000	-268274
10.41167	-268469
10.41333	-268684
10.41500	-268895
10.41667	-269088
10.41833	-269275
10.42000	-269472
10.42167	-269690
10.42333	-269903
10.42500	-270098
10.42667	-270286
10.42833	-270483
10.43000	-270701
10.43167	-270913
10.43333	-271108
10.43500	-271296
10.43667	-271494
10.43833	-271712
10.44000	-271925
10.44167	-272121
10.44333	-272311
10.44500	-272510
10.44667	-272731
10.44833	-272947
10.45000	-273145
10.45167	-273337
10.45333	-273538
10.45500	-273761
10.45667	-273978
10.45833	-274177
10.46000	-274369
10.46167	-274570
10.46333	-274792
10.46500	-275008
10.46667	-275206
10.46833	-275397
10.47000	-275597
10.47167	-275819
10.47333	-276035
10.47500	-276232
10.47667	-276422
10.47833	-276621
10.48000	-276841
10.48167	-277056
10.48333	-277252
10.48500	-277441
10.48667	-277640
10.48833	-277860
10.49000	-278074
10.49167	-278270
10.49333	-278460
10.49500	-278660
10.49667	-278880
10.49833	-279094
10.50000	-279290
10.50167	-279479
10.50333	-279676
10.50500	-279893
10.50667	-280106
10.50833	-280299
10.51000	-280487
10.51167	-280684
10.51333	-280901
10.51500	-281114
10.51667	-281308
10.51833	-281497
10.52000	-281694
10.52167	-281913
10.52333	-282127
10.52500	-282322
10.52667	-282511
10.52833	-282708
10.53000	-282926
10.53167	-283139
10.53333	-283333
10.53500	-283521
10.53667	-283717
10.53833	-283934
10.54000	-284145
10.54167	-284339
10.54333	-284527
10.54500	-284724
10.54667	-284941
10.54833	-285154
10.55000	-285349
10.55167	-285537
10.55333	-285735
10.55500	-285954
10.55667	-286167
10.55833	-286362
10.56000	-286550
10.56167	-286748
10.56333	-286966
10.56500	-287179
10.56667	-287373
10.56833	-287562
10.57000	-287760
10.57167	-287978
10.57333	-288192
10.57500	-288387
10.57667	-288576
10.57833	-288774
10.58000	-288993
10.58167	-289207
10.58333	-289402
10.58500	-289591
10.58667	-289789
10.58833	-290007
10.59000	-290221
10.59167	-290416
10.59333	-290604
10.59500	-290802
10.59667	-291021
10.59833	-291234
10.60000	-291430
10.60167	-291620
10.60333	-291819
10.60500	-292040
10.60667	-292256
10.60833	-292453
10.61000	-292643
10.61167	-292842
10.61333	-293062
10.61500	-293276
10.61667	-293472
10.61833	-293661
10.62000	-293858
10.62167	-294076
10.62333	-294289
10.62500	-294483
10.62667	-294672
10.62833	-294869
10.63000	-295088
10.63167	-295300
10.63333	-295495
10.63500	-295682
10.63667	-295878
10.63833	-296095
10.64000	-296306
10.64167	-296498
10.64333	-296684
10.64500	-296879
10.64667	-297094
10.64833	-297303
10.65000	-297495
10.65167	-297680
10.65333	-297873
10.65500	-298087
10.65667	-298296
10.65833	-298486
10.66000	-298670
10.66167	-298863
10.66333	-299076
10.66500	-299284
10.66667	-299474
10.66833	-299658
10.67000	-299851
10.67167	-300064
10.67333	-300272
10.67500	-300462
10.67667	-300646
10.67833	-300838
10.68000	-301050
10.68167	-301257
10.68333	-301445
10.68500	-301626
10.68667	-301816
10.68833	-302024
10.69000	-302228
10.69167	-302415
10.69333	-302595
10.69500	-302785
10.69667	-302995
10.69833	-303200
10.70000	-303388
10.70167	-303569
10.70333	-303760
10.70500	-303970
10.70667	-304175
10.70833	-304363
10.71000	-304544
10.71167	-304733
10.71333	-304943
10.71500	-305147
10.71667	-305334
10.71833	-305515
10.72000	-305705
10.72167	-305915
10.72333	-306120
10.72500	-306307
10.72667	-306488
10.72833	-306678
10.73000	-306888
10.73167	-307092
10.73333	-307279
10.73500	-307460
10.73667	-307648
10.73833	-307857
10.74000	-308061
10.74167	-308247
10.74333	-308426
10.74500	-308614
10.74667	-308822
10.74833	-309025
10.75000	-309211
10.75167	-309392
10.75333	-309582
10.75500	-309792
10.75667	-309997
10.75833	-310185
10.76000	-310367
10.76167	-310558
10.76333	-310769
10.76500	-310975
10.76667	-311163
10.76833	-311345
10.77000	-311536
10.77167	-311748
10.77333	-311954
10.77500	-312142
10.77667	-312323
10.77833	-312513
10.78000	-312723
10.78167	-312928
10.78333	-313114
10.78500	-313293
10.78667	-313479
10.78833	-313685
10.79000	-313886
10.79167	-314069
10.79333	-314247
10.79500	-314432
10.79667	-314637
10.79833	-314838
10.80000	-315022
10.80167	-315200
10.80333	-315389
10.80500	-315597
10.80667	-315801
10.80833	-315987
10.81000	-316168
10.81167	-316356
10.81333	-316565
10.81500	-316768
10.81667	-316953
10.81833	-317131
10.82000	-317317
10.82167	-317521
10.82333	-317721
10.82500	-317903
10.82667	-318078
10.82833	-318262
10.83000	-318466
10.83167	-318664
10.83333	-318845
10.83500	-319021
10.83667	-319205
10.83833	-319408
10.84000	-319606
10.84167	-319787
10.84333	-319962
10.84500	-320145
10.84667	-320347
10.84833	-320545
10.85000	-320726
10.85167	-320901
10.85333	-321084
10.85500	-321287
10.85667	-321486
10.85833	-321667
10.86000	-321842
10.86167	-322026
10.86333	-322228
10.86500	-322426
10.86667	-322607
10.86833	-322781
10.87000	-322964
10.87167	-323166
10.87333	-323363
10.87500	-323543
10.87667	-323717
10.87833	-323900
10.88000	-324102
10.88167	-324299
10.88333	-324479
10.88500	-324654
10.88667	-324836
10.88833	-325038
10.89000	-325235
10.89167	-325415
10.89333	-325590
10.89500	-325773
10.89667	-325976
10.89833	-326174
10.90000	-326356
10.90167	-326531
10.90333	-326716
10.90500	-326920
10.90667	-327119
10.90833	-327301
10.91000	-327477
10.91167	-327662
10.91333	-327866
10.91500	-328065
10.91667	-328246
10.91833	-328421
10.92000	-328605
10.92167	-328807
10.92333	-329004
10.92500	-329185
10.92667	-329359
10.92833	-329542
10.93000	-329744
10.93167	-329942
10.93333	-330123
10.93500	-330299
10.93667	-330484
10.93833	-330689
10.94000	-330889
10.94167	-331072
10.94333	-331248
10.94500	-331431
10.94667	-331634
10.94833	-331832
10.95000	-332012
10.95167	-332187
10.95333	-332370
10.95500	-332572
10.95667	-332769
10.95833	-332949
10.96000	-333123
10.96167	-333305
10.96333	-333507
10.96500	-333704
10.96667	-333884
10.96833	-334058
10.97000	-334241
10.97167	-334442
10.97333	-334639
10.97500	-334820
10.97667	-334995
10.97833	-335179
10.98000	-335382
10.98167	-335581
10.98333	-335761
10.98500	-335936
10.98667	-336118
10.98833	-336320
10.99000	-336516
10.99167	-336695
10.99333	-336868
10.99500	-337050
10.99667	-337251
10.99833	-337447
11.00000	-337626
11.00167	-337800
11.00333	-337982
11.00500	-338183
11.00667	-338380
11.00833	-338559
11.01000	-338733
11.01167	-338914
11.01333	-339115
11.01500	-339310
11.01667	-339488
11.01833	-339661
11.02000	-339841
11.02167	-340041
11.02333	-340235
11.02500	-340414
11.02667	-340587
11.02833	-340769
11.03000	-340970
11.03167	-341166
11.03333	-341346
11.03500	-341518
11.03667	-341699
11.03833	-341899
11.04000	-342094
11.04167	-342272
11.04333	-342444
11.04500	-342625
11.04667	-342824
11.04833	-343019
11.05000	-343198
11.05167	-343371
11.05333	-343553
11.05500	-343755
11.05667	-343953
11.05833	-344133
11.06000	-344308
11.06167	-344491
11.06333	-344694
11.06500	-344892
11.06667	-345073
11.06833	-345250
11.07000	-345435
11.07167	-345639
11.07333	-345839
11.07500	-346022
11.07667	-346199
11.07833	-346384
11.08000	-346590
11.08167	-346789
11.08333	-346971
11.08500	-347147
11.08667	-347330
11.08833	-347532
11.09000	-347728
11.09167	-347909
11.09333	-348083
11.09500	-348267
11.09667	-348470
11.09833	-348669
11.10000	-348851
11.10167	-349029
11.10333	-349215
11.10500	-349422
11.10667	-349624
11.10833	-349809
11.11000	-349988
11.11167	-350175
11.11333	-350381
11.11500	-350583
11.11667	-350767
11.11833	-350946
11.12000	-351133
11.12167	-351340
11.12333	-351543
11.12500	-351728
11.12667	-351907
11.12833	-352094
11.13000	-352301
11.13167	-352503
11.13333	-352688
11.13500	-352866
11.13667	-353053
11.13833	-353260
11.14000	-353461
11.14167	-353647
11.14333	-353826
11.14500	-354015
11.14667	-354224
11.14833	-354428
11.15000	-354615
11.15167	-354796
11.15333	-354986
11.15500	-355196
11.15667	-355401
11.15833	-355588
11.16000	-355769
11.16167	-355959
11.16333	-356169
11.16500	-356374
11.16667	-356562
11.16833	-356743
11.17000	-356933
11.17167	-357142
11.17333	-357347
11.17500	-357534
11.17667	-357715
11.17833	-357905
11.18000	-358114
11.18167	-358319
11.18333	-358506
11.18500	-358688
11.18667	-358878
11.18833	-359089
11.19000	-359294
11.19167	-359483
11.19333	-359665
11.19500	-359857
11.19667	-360069
11.19833	-360276
11.20000	-360466
11.20167	-360650
11.20333	-360844
11.20500	-361058
11.20667	-361266
11.20833	-361457
11.21000	-361642
11.21167	-361836
11.21333	-362051
11.21500	-362260
11.21667	-362452
11.21833	-362638
11.22000	-362834
11.22167	-363050
11.22333	-363262
11.22500	-363455
11.22667	-363643
11.22833	-363841
11.23000	-364060
11.23167	-364273
11.23333	-364468
11.23500	-364656
11.23667	-364853
11.23833	-365071
11.24000	-365283
11.24167	-365477
11.24333	-365665
11.24500	-365862
11.24667	-366080
11.24833	-366293
11.25000	-366489
11.25167	-366679
11.25333	-366878
11.25500	-367100
11.25667	-367316
11.25833	-367514
11.26000	-367706
11.26167	-367907
11.26333	-368129
11.26500	-368345
11.26667	-368543
11.26833	-368735
11.27000	-368936
11.27167	-369158
11.27333	-369374
11.27500	-369573
11.27667	-369765
11.27833	-369967
11.28000	-370191
11.28167	-370410
11.28333	-370610
11.28500	-370803
11.28667	-371006
11.28833	-371231
11.29000	-371450
11.29167	-371650
11.29333	-371844
11.29500	-372048
11.29667	-372272
11.29833	-372492
11.30000	-372692
11.30167	-372887
11.30333	-373090
11.30500	-373315
11.30667	-373534
11.30833	-373734
11.31000	-373927
11.31167	-374130
11.31333	-374354
11.31500	-374572
11.31667	-374773
11.31833	-374966
11.32000	-375170
11.32167	-375394
11.32333	-375614
11.32500	-375814
11.32667	-376008
11.32833	-376211
11.33000	-376436
11.33167	-376655
11.33333	-376855
11.33500	-377048
11.33667	-377250
11.33833	-377474
11.34000	-377692
11.34167	-377892
11.34333	-378085
11.34500	-378288
11.34667	-378513
11.34833	-378731
11.35000	-378931
11.35167	-379124
11.35333	-379325
11.35500	-379547
11.35667	-379764
11.35833	-379961
11.36000	-380152
11.36167	-380351
11.36333	-380570
11.36500	-380785
11.36667	-380980
11.36833	-381170
11.37000	-381369
11.37167	-381589
11.37333	-381804
11.37500	-382001
11.37667	-382191
11.37833	-382391
11.38000	-382612
11.38167	-382827
11.38333	-383024
11.38500	-383214
11.38667	-383413
11.38833	-383633
11.39000	-383846
11.39167	-384041
11.39333	-384229
11.39500	-384425
11.39667	-384641
11.39833	-384852
11.40000	-385045
11.40167	-385231
11.40333	-385427
11.40500	-385644
11.40667	-385855
11.40833	-386048
11.41000	-386234
11.41167	-386428
11.41333	-386642
11.41500	-386850
11.41667	-387041
11.41833	-387224
11.42000	-387416
11.42167	-387628
11.42333	-387835
11.42500	-388024
11.42667	-388207
11.42833	-388399
11.43000	-388611
11.43167	-388818
11.43333	-389006
11.43500	-389187
11.43667	-389375
11.43833	-389583
11.44000	-389785
11.44167	-389970
11.44333	-390148
11.44500	-390334
11.44667	-390540
11.44833	-390740
11.45000	-390924
11.45167	-391101
11.45333	-391288
11.45500	-391494
11.45667	-391695
11.45833	-391878
11.46000	-392054
11.46167	-392238
11.46333	-392442
11.46500	-392639
11.46667	-392819
11.46833	-392992
11.47000	-393173
11.47167	-393372
11.47333	-393565
11.47500	-393742
11.47667	-393912
11.47833	-394089
11.48000	-394285
11.48167	-394475
11.48333	-394649
11.48500	-394817
11.48667	-394993
11.48833	-395187
11.49000	-395377
11.49167	-395550
11.49333	-395717
11.49500	-395891
11.49667	-396084
11.49833	-396272
11.50000	-396442
11.50167	-396606
11.50333	-396776
11.50500	-396963
11.50667	-397145
11.50833	-397311
11.51000	-397472
11.51167	-397639
11.51333	-397825
11.51500	-398005
11.51667	-398171
11.51833	-398331
11.52000	-398499
11.52167	-398685
11.52333	-398867
11.52500	-399032
11.52667	-399191
11.52833	-399358
11.53000	-399542
11.53167	-399720
11.53333	-399882
11.53500	-400037
11.53667	-400199
11.53833	-400376
11.54000	-400549
11.54167	-400706
11.54333	-400858
11.54500	-401016
11.54667	-401191
11.54833	-401362
11.55000	-401519
11.55167	-401671
11.55333	-401830
11.55500	-402007
11.55667	-402179
11.55833	-402336
11.56000	-402486
11.56167	-402643
11.56333	-402816
11.56500	-402984
11.56667	-403137
11.56833	-403285
11.57000	-403439
11.57167	-403609
11.57333	-403775
11.57500	-403926
11.57667	-404071
11.57833	-404222
11.58000	-404389
11.58167	-404552
11.58333	-404700
11.58500	-404842
11.58667	-404991
11.58833	-405155
11.59000	-405315
11.59167	-405461
11.59333	-405602
11.59500	-405749
11.59667	-405912
11.59833	-406071
11.60000	-406215
11.60167	-406353
11.60333	-406498
11.60500	-406657
11.60667	-406812
11.60833	-406954
11.61000	-407090
11.61167	-407233
11.61333	-407390
11.61500	-407543
11.61667	-407683
11.61833	-407818
11.62000	-407959
11.62167	-408115
11.62333	-408266
11.62500	-408405
11.62667	-408538
11.62833	-408677
11.63000	-408830
11.63167	-408980
11.63333	-409116
11.63500	-409248
11.63667	-409386
11.63833	-409538
11.64000	-409686
11.64167	-409821
11.64333	-409951
11.64500	-410086
11.64667	-410236
11.64833	-410381
11.65000	-410513
11.65167	-410641
11.65333	-410774
11.65500	-410921
11.65667	-411064
11.65833	-411195
11.66000	-411321
11.66167	-411454
11.66333	-411600
11.66500	-411742
11.66667	-411872
11.66833	-411997
11.67000	-412127
11.67167	-412270
11.67333	-412409
11.67500	-412536
11.67667	-412659
11.67833	-412786
11.68000	-412927
11.68167	-413064
11.68333	-413189
11.68500	-413310
11.68667	-413436
11.68833	-413576
11.69000	-413712
11.69167	-413836
11.69333	-413955
11.69500	-414080
11.69667	-414217
11.69833	-414351
11.70000	-414474
11.70167	-414593
11.70333	-414717
11.70500	-414855
11.70667	-414989
11.70833	-415112
11.71000	-415230
11.71167	-415354
11.71333	-415491
11.71500	-415624
11.71667	-415745
11.71833	-415860
11.72000	-415980
11.72167	-416112
11.72333	-416241
11.72500	-416358
11.72667	-416471
11.72833	-416590
11.73000	-416721
11.73167	-416849
11.73333	-416966
11.73500	-417079
11.73667	-417198
11.73833	-417329
11.74000	-417457
11.74167	-417573
11.74333	-417685
11.74500	-417803
11.74667	-417932
11.74833	-418058
11.75000	-418173
11.75167	-418284
11.75333	-418400
11.75500	-418527
11.75667	-418652
11.75833	-418765
11.76000	-418874
11.76167	-418987
11.76333	-419112
11.76500	-419234
11.76667	-419346
11.76833	-419454
11.77000	-419567
11.77167	-419692
11.77333	-419814
11.77500	-419925
11.77667	-420033
11.77833	-420145
11.78000	-420268
11.78167	-420388
11.78333	-420498
11.78500	-420603
11.78667	-420714
11.78833	-420835
11.79000	-420954
11.79167	-421062
11.79333	-421166
11.79500	-421275
11.79667	-421395
11.79833	-421512
11.80000	-421618
11.80167	-421720
11.80333	-421825
11.80500	-421942
11.80667	-422055
11.80833	-422158
11.81000	-422258
11.81167	-422362
11.81333	-422477
11.81500	-422589
11.81667	-422692
11.81833	-422791
11.82000	-422895
11.82167	-423011
11.82333	-423123
11.82500	-423225
11.82667	-423323
11.82833	-423425
11.83000	-423538
11.83167	-423648
11.83333	-423747
11.83500	-423843
11.83667	-423942
11.83833	-424051
11.84000	-424158
11.84167	-424256
11.84333	-424350
11.84500	-424448
11.84667	-424557
11.84833	-424662
11.85000	-424758
11.85167	-424851
11.85333	-424947
11.85500	-425053
11.85667	-425156
11.85833	-425250
11.86000	-425340
11.86167	-425434
11.86333	-425538
11.86500	-425639
11.86667	-425731
11.86833	-425820
11.87000	-425913
11.87167	-426016
11.87333	-426116
11.87500	-426207
11.87667	-426295
11.87833	-426386
11.88000	-426487
11.88167	-426585
11.88333	-426674
11.88500	-426759
11.88667	-426847
11.88833	-426944
11.89000	-427038
11.89167	-427124
11.89333	-427208
11.89500	-427295
11.89667	-427391
11.89833	-427484
11.90000	-427570
11.90167	-427652
11.90333	-427739
11.90500	-427834
11.90667	-427927
11.90833	-428011
11.91000	-428091
11.91167	-428174
11.91333	-428265
11.91500	-428354
11.91667	-428434
11.91833	-428512
11.92000	-428593
11.92167	-428682
11.92333	-428769
11.92500	-428847
11.92667	-428922
11.92833	-428999
11.93000	-429084
11.93167	-429167
11.93333	-429241
11.93500	-429313
11.93667	-429387
11.93833	-429469
11.94000	-429548
11.94167	-429621
11.94333	-429691
11.94500	-429764
11.94667	-429845
11.94833	-429924
11.95000	-429995
11.95167	-430064
11.95333	-430136
11.95500	-430214
11.95667	-430291
11.95833	-430360
11.96000	-430426
11.96167	-430496
11.96333	-430572
11.96500	-430645
11.96667	-430712
11.96833	-430776
11.97000	-430841
11.97167	-430914
11.97333	-430984
11.97500	-431047
11.97667	-431108
11.97833	-431171
11.98000	-431241
11.98167	-431309
11.98333	-431371
11.98500	-431430
11.98667	-431492
11.98833	-431560
11.99000	-431627
11.99167	-431688
11.99333	-431747
11.99500	-431808
11.99667	-431876
11.99833	-431942
12.00000	-432001
12.00167	-432058
12.00333	-432116
12.00500	-432180
12.00667	-432241
12.00833	-432297
12.01000	-432350
12.01167	-432405
12.01333	-432466
12.01500	-432524
12.01667	-432578
12.01833	-432631
12.02000	-432685
12.02167	-432746
12.02333	-432805
12.02500	-432858
12.02667	-432908
12.02833	-432959
12.03000	-433015
12.03167	-433070
12.03333	-433119
12.03500	-433166
12.03667	-433215
12.03833	-433269
12.04000	-433321
12.04167	-433369
12.04333	-433414
12.04500	-433462
12.04667	-433513
12.04833	-433564
12.05000	-433610
12.05167	-433654
12.05333	-433700
12.05500	-433751
12.05667	-433800
12.05833	-433845
12.06000	-433889
12.06167	-433934
12.06333	-433985
12.06500	-434034
12.06667	-434078
12.06833	-434119
12.07000	-434162
12.07167	-434209
12.07333	-434254
12.07500	-434295
12.07667	-434334
12.07833	-434374
12.08000	-434418
12.08167	-434461
12.08333	-434500
12.08500	-434538
12.08667	-434577
12.08833	-434621
12.09000	-434663
12.09167	-434702
12.09333	-434739
12.09500	-434777
12.09667	-434819
12.09833	-434859
12.10000	-434896
12.10167	-434931
12.10333	-434967
12.10500	-435007
12.10667	-435045
12.10833	-435080
12.11000	-435114
12.11167	-435148
12.11333	-435186
12.11500	-435223
12.11667	-435256
12.11833	-435288
12.12000	-435320
12.12167	-435356
12.12333	-435390
12.12500	-435421
12.12667	-435451
12.12833	-435481
12.13000	-435515
12.13167	-435548
12.13333	-435578
12.13500	-435608
12.13667	-435639
12.13833	-435674
12.14000	-435707
12.14167	-435738
12.14333	-435768
12.14500	-435799
12.14667	-435833
12.14833	-435866
12.15000	-435896
12.15167	-435923
12.15333	-435951
12.15500	-435981
12.15667	-436010
12.15833	-436036
12.16000	-436061
12.16167	-436086
12.16333	-436113
12.16500	-436140
12.16667	-436165
12.16833	-436189
12.17000	-436214
12.17167	-436243
12.17333	-436270
12.17500	-436295
12.17667	-436320
12.17833	-436345
12.18000	-436373
12.18167	-436400
12.18333	-436424
12.18500	-436448
12.18667	-436472
12.18833	-436499
12.19000	-436525
12.19167	-436549
12.19333	-436572
12.19500	-436597
12.19667	-436624
12.19833	-436650
12.20000	-436674
12.20167	-436697
12.20333	-436720
12.20500	-436745
12.20667	-436769
12.20833	-436791
12.21000	-436811
12.21167	-436832
12.21333	-436854
12.21500	-436876
12.21667	-436896
12.21833	-436916
12.22000	-436936
12.22167	-436958
12.22333	-436980
12.22500	-437000
12.22667	-437019
12.22833	-437038
12.23000	-437060
12.23167	-437082
12.23333	-437101
12.23500	-437120
12.23667	-437139
12.23833	-437160
12.24000	-437181
12.24167	-437200
12.24333	-437219
12.24500	-437239
12.24667	-437261
12.24833	-437282
12.25000	-437301
12.25167	-437319
12.25333	-437336
12.25500	-437356
12.25667	-437374
12.25833	-437391
12.26000	-437406
12.26167	-437422
12.26333	-437439
12.26500	-437456
12.26667	-437472
12.26833	-437487
12.27000	-437504
12.27167	-437522
12.27333	-437540
12.27500	-437556
12.27667	-437572
12.27833	-437589
12.28000	-437608
12.28167	-437626
12.28333	-437643
12.28500	-437658
12.28667	-437674
12.28833	-437692
12.29000	-437709
12.29167	-437723
12.29333	-437737
12.29500	-437751
12.29667	-437766
12.29833	-437781
12.30000	-437794
12.30167	-437807
12.30333	-437820
12.30500	-437835
12.30667	-437850
12.30833	-437863
12.31000	-437876
12.31167	-437888
12.31333	-437902
12.31500	-437916
12.31667	-437928
12.31833	-437940
12.32000	-437952
12.32167	-437965
12.32333	-437977
12.32500	-437989
12.32667	-438001
12.32833	-438013
12.33000	-438026
12.33167	-438040
12.33333	-438052
12.33500	-438065
12.33667	-438078
12.33833	-438093
12.34000	-438107
12.34167	-438120
12.34333	-438132
12.34500	-438145
12.34667	-438159
12.34833	-438172
12.35000	-438185
12.35167	-438196
12.35333	-438208
12.35500	-438222
12.35667	-438234
12.35833	-438246
12.36000	-438256
12.36167	-438267
12.36333	-438279
12.36500	-438291
12.36667	-438302
12.36833	-438312
12.37000	-438322
12.37167	-438333
12.37333	-438344
12.37500	-438354
12.37667	-438365
12.37833	-438376
12.38000	-438389
12.38167	-438401
12.38333	-438413
12.38500	-438424
12.38667	-438435
12.38833	-438447
12.39000	-438459
12.39167	-438469
12.39333	-438479
12.39500	-438488
12.39667	-438498
12.39833	-438507
12.40000	-438516
12.40167	-438525
12.40333	-438534
12.40500	-438544
12.40667	-438554
12.40833	-438563
12.41000	-438572
12.41167	-438581
12.41333	-438591
12.41500	-438601
12.41667	-438610
12.41833	-438618
12.42000	-438625
12.42167	-438633
12.42333	-438641
12.42500	-438648
12.42667	-438656
12.42833	-438663
12.43000	-438672
12.43167	-438681
12.43333	-438689
12.43500	-438696
12.43667	-438705
12.43833	-438714
12.44000	-438723
12.44167	-438731
12.44333	-438737
12.44500	-438744
12.44667	-438751
12.44833	-438757
12.45000	-438763
12.45167	-438770
12.45333	-438777
12.45500	-438784
12.45667	-438792
12.45833	-438799
12.46000	-438806
12.46167	-438813
12.46333	-438822
12.46500	-438829
12.46667	-438836
12.46833	-438842
12.47000	-438848
12.47167	-438854
12.47333	-438860
12.47500	-438866
12.47667	-438872
12.47833	-438878
12.48000	-438885
12.48167	-438892
12.48333	-438898
12.48500	-438904
12.48667	-438911
12.48833	-438918
12.49000	-438925
12.49167	-438932
12.49333	-438939
12.49500	-438946
12.49667	-438954
12.49833	-438962
12.50000	-438969
12.50167	-438975
12.50333	-438982
12.50500	-438988
12.50667	-438995
12.50833	-439000
12.51000	-439006
12.51167	-439011
12.51333	-439016
12.51500	-439022
12.51667	-439027
12.51833	-439033
12.52000	-439039
12.52167	-439046
12.52333	-439053
12.52500	-439059
12.52667	-439064
12.52833	-439069
12.53000	-439074
12.53167	-439078
12.53333	-439083
12.53500	-439087
12.53667	-439092
12.53833	-439098
12.54000	-439103
12.54167	-439108
12.54333	-439114
12.54500	-439119
12.54667	-439125
12.54833	-439131
12.55000	-439137
12.55167	-439142
12.55333	-439147
12.55500	-439152
12.55667	-439158
12.55833	-439163
12.56000	-439168
12.56167	-439174
12.56333	-439180
12.56500	-439186
12.56667	-439191
12.56833	-439196
12.57000	-439200
12.57167	-439205
12.57333	-439210
12.57500	-439214
12.57667	-439218
12.57833	-439222
12.58000	-439227
12.58167	-439231
12.58333	-439235
12.58500	-439238
12.58667	-439241
12.58833	-439245
12.59000	-439248
12.59167	-439251
12.59333	-439254
12.59500	-439256
12.59667	-439259
12.59833	-439262
12.60000	-439265
12.60167	-439268
12.60333	-439271
12.60500	-439275
12.60667	-439278
12.60833	-439281
12.61000	-439284
12.61167	-439286
12.61333	-439289
12.61500	-439292
12.61667	-439295
12.61833	-439298
12.62000	-439302
12.62167	-439307
12.62333	-439311
12.62500	-439316
12.62667	-439320
12.62833	-439325
12.63000	-439331
12.63167	-439336
12.63333	-439341
12.63500	-439345
12.63667	-439349
12.63833	-439353
12.64000	-439357
12.64167	-439360
12.64333	-439364
12.64500	-439367
12.64667	-439371
12.64833	-439374
12.65000	-439378
12.65167	-439381
12.65333	-439384
12.65500	-439388
12.65667	-439391
12.65833	-439394
12.66000	-439398
12.66167	-439401
12.66333	-439405
12.66500	-439408
12.66667	-439411
12.66833	-439414
12.67000	-439417
12.67167	-439421
12.67333	-439424
12.67500	-439428
12.67667	-439431
12.67833	-439435
12.68000	-439439
12.68167	-439443
12.68333	-439447
12.68500	-439450
12.68667	-439454
12.68833	-439458
12.69000	-439462
12.69167	-439466
12.69333	-439470
12.69500	-439474
12.69667	-439479
12.69833	-439484
12.70000	-439487
12.70167	-439491
12.70333	-439494
12.70500	-439498
12.70667	-439501
12.70833	-439504
12.71000	-439506
12.71167	-439507
12.71333	-439509
12.71500	-439510
12.71667	-439512
12.71833	-439514
12.72000	-439517
12.72167	-439521
12.72333	-439524
12.72500	-439527
12.72667	-439530
12.72833	-439534
12.73000	-439538
12.73167	-439541
12.73333	-439545
12.73500	-439548
12.73667	-439551
12.73833	-439554
12.74000	-439558
12.74167	-439561
12.74333	-439564
12.74500	-439566
12.74667	-439569
12.74833	-439572
12.75000	-439575
12.75167	-439577
12.75333	-439580
12.75500	-439583
12.75667	-439586
12.75833	-439589
12.76000	-439592
12.76167	-439597
12.76333	-439601
12.76500	-439606
12.76667	-439610
12.76833	-439614
12.77000	-439619
12.77167	-439623
12.77333	-439627
12.77500	-439631
12.77667	-439633
12.77833	-439635
12.78000	-439637
12.78167	-439638
12.78333	-439640
12.78500	-439642
12.78667	-439644
12.78833	-439646
12.79000	-439649
12.79167	-439652
12.79333	-439655
12.79500	-439659
12.79667	-439663
12.79833	-439668
12.80000	-439672
12.80167	-439677
12.80333	-439682
12.80500	-439687
12.80667	-439692
12.80833	-439697
12.81000	-439701
12.81167	-439705
12.81333	-439710
12.81500	-439714
12.81667	-439718
12.81833	-439720
12.82000	-439723
12.82167	-439725
12.82333	-439727
12.82500	-439729
12.82667	-439731
12.82833	-439733
12.83000	-439735
12.83167	-439738
12.83333	-439741
12.83500	-439744
12.83667	-439748
12.83833	-439753
12.84000	-439758
12.84167	-439762
12.84333	-439767
12.84500	-439771
12.84667	-439777
12.84833	-439782
12.85000	-439787
12.85167	-439791
12.85333	-439796
12.85500	-439802
12.85667	-439807
12.85833	-439812
12.86000	-439816
12.86167	-439820
12.86333	-439824
12.86500	-439828
12.86667	-439832
12.86833	-439835
12.87000	-439838
12.87167	-439842
12.87333	-439846
12.87500	-439849
12.87667	-439853
12.87833	-439856
12.88000	-439861
12.88167	-439865
12.88333	-439869
12.88500	-439873
12.88667	-439876
12.88833	-439880
12.89000	-439884
12.89167	-439887
12.89333	-439890
12.89500	-439893
12.89667	-439896
12.89833	-439899
12.90000	-439902
12.90167	-439905
12.90333	-439908
12.90500	-439912
12.90667	-439916
12.90833	-439920
12.91000	-439924
12.91167	-439928
12.91333	-439933
12.91500	-439939
12.91667	-439943
12.91833	-439948
12.92000	-439952
12.92167	-439957
12.92333	-439962
12.92500	-439966
12.92667	-439969
12.92833	-439971
12.93000	-439974
12.93167	-439976
12.93333	-439979
12.93500	-439981
12.93667	-439984
12.93833	-439988
12.94000	-439992
12.94167	-439996
12.94333	-440001
12.94500	-440007
12.94667	-440014
12.94833	-440021
12.95000	-440026
12.95167	-440032
12.95333	-440036
12.95500	-440041
12.95667	-440046
12.95833	-440050
12.96000	-440054
12.96167	-440058
12.96333	-440063
12.96500	-440067
12.96667	-440071
12.96833	-440074
12.97000	-440077
12.97167	-440081
12.97333	-440084
12.97500	-440086
12.97667	-440088
12.97833	-440090
12.98000	-440093
12.98167	-440095
12.98333	-440099
12.98500	-440104
12.98667	-440110
12.98833	-440117
12.99000	-440125
12.99167	-440132
12.99333	-440139
12.99500	-440146
12.99667	-440153
12.99833	-440161
13.00000	-440166
13.00167	-440171
13.00333	-440175
13.00500	-440179
13.00667	-440183
13.00833	-440187
13.01000	-440191
13.01167	-440195
13.01333	-440200
13.01500	-440205
13.01667	-440209
13.01833	-440214
13.02000	-440219
13.02167	-440225
13.02333	-440231
13.02500	-440235
13.02667	-440239
13.02833	-440242
13.03000	-440246
13.03167	-440250
13.03333	-440253
13.03500	-440257
13.03667	-440262
13.03833	-440268
13.04000	-440274
13.04167	-440279
13.04333	-440285
13.04500	-440290
13.04667	-440296
13.04833	-440302
13.05000	-440306
13.05167	-440309
13.05333	-440312
13.05500	-440314
13.05667	-440317
13.05833	-440320
13.06000	-440322
13.06167	-440326
13.06333	-440330
13.06500	-440334
13.06667	-440338
13.06833	-440342
13.07000	-440347
13.07167	-440353
13.07333	-440358
13.07500	-440363
13.07667	-440368
13.07833	-440372
13.08000	-440377
13.08167	-440382
13.08333	-440386
13.08500	-440390
13.08667	-440394
13.08833	-440398
13.09000	-440402
13.09167	-440406
13.09333	-440409
13.09500	-440414
13.09667	-440418
13.09833	-440422
13.10000	-440426
13.10167	-440429
13.10333	-440433
13.10500	-440436
13.10667	-440439
13.10833	-440443
13.11000	-440446
13.11167	-440450
13.11333	-440455
13.11500	-440459
13.11667	-440464
13.11833	-440468
13.12000	-440472
13.12167	-440477
13.12333	-440482
13.12500	-440486
13.12667	-440490
13.12833	-440494
13.13000	-440498
13.13167	-440503
13.13333	-440507
13.13500	-440511
13.13667	-440516
13.13833	-440521
13.14000	-440527
13.14167	-440531
13.14333	-440536
13.14500	-440540
13.14667	-440544
13.14833	-440548
13.15000	-440552
13.15167	-440555
13.15333	-440558
13.15500	-440561
13.15667	-440564
13.15833	-440567
13.16000	-440569
13.16167	-440571
13.16333	-440573
13.16500	-440575
13.16667	-440577
13.16833	-440579
13.17000	-440582
13.17167	-440585
13.17333	-440588
13.17500	-440591
13.17667	-440593
13.17833	-440596
13.18000	-440600
13.18167	-440603
13.18333	-440606
13.18500	-440608
13.18667	-440611
13.18833	-440614
13.19000	-440617
13.19167	-440620
13.19333	-440624
13.19500	-440627
13.19667	-440632
13.19833	-440636
13.20000	-440639
13.20167	-440642
13.20333	-440644
13.20500	-440647
13.20667	-440649
13.20833	-440650
13.21000	-440652
13.21167	-440653
13.21333	-440655
13.21500	-440657
13.21667	-440659
13.21833	-440661
13.22000	-440664
13.22167	-440668
13.22333	-440671
13.22500	-440674
13.22667	-440677
13.22833	-440679
13.23000	-440681
13.23167	-440683
13.23333	-440684
13.23500	-440685
13.23667	-440686
13.23833	-440686
13.24000	-440686
13.24167	-440687
13.24333	-440687
13.24500	-440688
13.24667	-440689
13.24833	-440690
13.25000	-440692
13.25167	-440694
13.25333	-440696
13.25500	-440698
13.25667	-440700
13.25833	-440702
13.26000	-440704
13.26167	-440707
13.26333	-440709
13.26500	-440711
13.26667	-440714
13.26833	-440716
13.27000	-440718
13.27167	-440720
13.27333	-440722
13.27500	-440724
13.27667	-440726
13.27833	-440728
13.28000	-440729
13.28167	-440731
13.28333	-440732
13.28500	-440734
13.28667	-440735
13.28833	-440737
13.29000	-440738
13.29167	-440739
13.29333	-440740
13.29500	-440740
13.29667	-440741
13.29833	-440741
13.30000	-440742
13.30167	-440742
13.30333	-440743
13.30500	-440743
13.30667	-440744
13.30833	-440744
13.31000	-440745
13.31167	-440746
13.31333	-440747
13.31500	-440749
13.31667	-440751
13.31833	-440753
13.32000	-440757
13.32167	-440760
13.32333	-440764
13.32500	-440766
13.32667	-440768
13.32833	-440769
13.33000	-440770
13.33167	-440770
13.33333	-440770
13.33500	-440769
13.33667	-440768
13.33833	-440767
13.34000	-440766
13.34167	-440765
13.34333	-440765
13.34500	-440765
13.34667	-440767
13.34833	-440768
13.35000	-440769
13.35167	-440771
13.35333	-440772
13.35500	-440774
13.35667	-440776
13.35833	-440777
13.36000	-440778
13.36167	-440778
13.36333	-440778
13.36500	-440778
13.36667	-440778
13.36833	-440778
13.37000	-440777
13.37167	-440776
13.37333	-440775
13.37500	-440774
13.37667	-440773
13.37833	-440772
13.38000	-440772
13.38167	-440771
13.38333	-440771
13.38500	-440771
13.38667	-440771
13.38833	-440771
13.39000	-440770
13.39167	-440770
13.39333	-440770
13.39500	-440770
13.39667	-440770
13.39833	-440770
13.40000	-440770
13.40167	-440770
13.40333	-440770
13.40500	-440770
13.40667	-440770
13.40833	-440769
13.41000	-440768
13.41167	-440767
13.41333	-440765
13.41500	-440763
13.41667	-440762
13.41833	-440760
13.42000	-440759
13.42167	-440757
13.42333	-440755
13.42500	-440755
13.42667	-440754
13.42833	-440754
13.43000	-440754
13.43167	-440754
13.43333	-440755
13.43500	-440756
13.43667	-440757
13.43833	-440758
13.44000	-440759
13.44167	-440760
13.44333	-440761
13.44500	-440762
13.44667	-440764
13.44833	-440765
13.45000	-440766
13.45167	-440767
13.45333	-440768
13.45500	-440769
13.45667	-440770
13.45833	-440771
13.46000	-440773
13.46167	-440774
13.46333	-440775
13.46500	-440777
13.46667	-440778
13.46833	-440778
13.47000	-440779
13.47167	-440779
13.47333	-440780
13.47500	-440780
13.47667	-440779
13.47833	-440779
13.48000	-440778
13.48167	-440777
13.48333	-440777
13.48500	-440777
13.48667	-440777
13.48833	-440777
13.49000	-440778
13.49167	-440778
13.49333	-440779
13.49500	-440780
13.49667	-440781
13.49833	-440783
13.50000	-440783
13.50167	-440784
13.50333	-440785
13.50500	-440785
13.50667	-440785
13.50833	-440786
13.51000	-440786
13.51167	-440787
13.51333	-440788
13.51500	-440789
13.51667	-440790
13.51833	-440792
13.52000	-440793
13.52167	-440796
13.52333	-440798
13.52500	-440800
13.52667	-440801
13.52833	-440802
13.53000	-440802
13.53167	-440803
13.53333	-440803
13.53500	-440802
13.53667	-440802
13.53833	-440801
13.54000	-440800
13.54167	-440800
13.54333	-440800
13.54500	-440800
13.54667	-440801
13.54833	-440801
13.55000	-440802
13.55167	-440803
13.55333	-440804
13.55500	-440805
13.55667	-440806
13.55833	-440807
13.56000	-440808
13.56167	-440810
13.56333	-440812
13.56500	-440814
13.56667	-440816
13.56833	-440818
13.57000	-440820
13.57167	-440823
13.57333	-440825
13.57500	-440828
13.57667	-440830
13.57833	-440832
13.58000	-440835
13.58167	-440837
13.58333	-440840
13.58500	-440842
13.58667	-440844
13.58833	-440846
13.59000	-440848
13.59167	-440850
13.59333	-440852
13.59500	-440855
13.59667	-440857
13.59833	-440860
13.60000	-440863
13.60167	-440866
13.60333	-440869
13.60500	-440872
13.60667	-440875
13.60833	-440877
13.61000	-440880
13.61167	-440882
13.61333	-440884
13.61500	-440886
13.61667	-440888
13.61833	-440890
13.62000	-440892
13.62167	-440894
13.62333	-440896
13.62500	-440898
13.62667	-440899
13.62833	-440901
13.63000	-440904
13.63167	-440906
13.63333	-440909
13.63500	-440911
13.63667	-440914
13.63833	-440918
13.64000	-440922
13.64167	-440925
13.64333	-440928
13.64500	-440930
13.64667	-440933
13.64833	-440935
13.65000	-440937
13.65167	-440939
13.65333	-440940
13.65500	-440942
13.65667	-440943
13.65833	-440945
13.66000	-440947
13.66167	-440950
13.66333	-440953
13.66500	-440956
13.66667	-440959
13.66833	-440961
13.67000	-440963
13.67167	-440966
13.67333	-440968
13.67500	-440970
13.67667	-440972
13.67833	-440973
13.68000	-440974
13.68167	-440976
13.68333	-440977
13.68500	-440979
13.68667	-440982
13.68833	-440984
13.69000	-440987
13.69167	-440990
13.69333	-440993
13.69500	-440996
13.69667	-440999
13.69833	-441003
13.70000	-441005
13.70167	-441007
13.70333	-441008
13.70500	-441009
13.70667	-441010
13.70833	-441011
13.71000	-441013
13.71167	-441014
13.71333	-441016
13.71500	-441018
13.71667	-441020
13.71833	-441022
13.72000	-441024
13.72167	-441027
13.72333	-441029
13.72500	-441031
13.72667	-441033
13.72833	-441036
13.73000	-441038
13.73167	-441041
13.73333	-441044
13.73500	-441047
13.73667	-441050
13.73833	-441055
13.74000	-441059
13.74167	-441062
13.74333	-441066
13.74500	-441070
13.74667	-441074
13.74833	-441078
13.75000	-441081
13.75167	-441084
13.75333	-441086
13.75500	-441088
13.75667	-441090
13.75833	-441092
13.76000	-441092
13.76167	-441093
13.76333	-441093
13.76500	-441093
13.76667	-441093
13.76833	-441095
13.77000	-441096
13.77167	-441099
13.77333	-441101
13.77500	-441104
13.77667	-441106
13.77833	-441110
13.78000	-441113
13.78167	-441116
13.78333	-441119
13.78500	-441120
13.78667	-441122
13.78833	-441123
13.79000	-441124
13.79167	-441125
13.79333	-441126
13.79500	-441127
13.79667	-441129
13.79833	-441130
13.80000	-441132
13.80167	-441133
13.80333	-441135
13.80500	-441138
13.80667	-441140
13.80833	-441142
13.81000	-441143
13.81167	-441144
13.81333	-441145
13.81500	-441146
13.81667	-441146
13.81833	-441145
13.82000	-441144
13.82167	-441142
13.82333	-441141
13.82500	-441140
13.82667	-441139
13.82833	-441140
13.83000	-441140
13.83167	-441141
13.83333	-441142
13.83500	-441143
13.83667	-441145
13.83833	-441146
13.84000	-441148
13.84167	-441149
13.84333	-441150
13.84500	-441150
13.84667	-441150
13.84833	-441150
13.85000	-441150
13.85167	-441150
13.85333	-441151
13.85500	-441153
13.85667	-441154
13.85833	-441155
13.86000	-441156
13.86167	-441156
13.86333	-441157
13.86500	-441157
13.86667	-441158
13.86833	-441159
13.87000	-441159
13.87167	-441160
13.87333	-441161
13.87500	-441162
13.87667	-441163
13.87833	-441164
13.88000	-441166
13.88167	-441167
13.88333	-441168
13.88500	-441168
13.88667	-441169
13.88833	-441169
13.89000	-441168
13.89167	-441168
13.89333	-441168
13.89500	-441168
13.89667	-441168
13.89833	-441168
13.90000	-441169
13.90167	-441170
13.90333	-441171
13.90500	-441172
13.90667	-441174
13.90833	-441175
13.91000	-441176
13.91167	-441176
13.91333	-441176
13.91500	-441176
13.91667	-441175
13.91833	-441175
13.92000	-441175
13.92167	-441174
13.92333	-441174
13.92500	-441174
13.92667	-441175
13.92833	-441177
13.93000	-441178
13.93167	-441180
13.93333	-441182
13.93500	-441184
13.93667	-441186
13.93833	-441188
13.94000	-441189
13.94167	-441191
13.94333	-441192
13.94500	-441193
13.94667	-441194
13.94833	-441195
13.95000	-441196
13.95167	-441196
13.95333	-441197
13.95500	-441197
13.95667	-441198
13.95833	-441198
13.96000	-441198
13.96167	-441198
13.96333	-441199
13.96500	-441199
13.96667	-441199
13.96833	-441199
13.97000	-441199
13.97167	-441198
13.97333	-441198
13.97500	-441197
13.97667	-441196
13.97833	-441196
13.98000	-441195
13.98167	-441194
13.98333	-441193
13.98500	-441193
13.98667	-441192
13.98833	-441191
13.99000	-441191
13.99167	-441190
13.99333	-441189
13.99500	-441189
13.99667	-441188
13.99833	-441188
14.00000	-441187
14.00167	-441187
14.00333	-441187
14.00500	-441186
14.00667	-441186
14.00833	-441186
14.01000	-441186
14.01167	-441186
14.01333	-441186
14.01500	-441187
14.01667	-441187
14.01833	-441187
14.02000	-441187
14.02167	-441187
14.02333	-441188
14.02500	-441189
14.02667	-441190
14.02833	-441191
14.03000	-441193
14.03167	-441195
14.03333	-441196
14.03500	-441197
14.03667	-441197
14.03833	-441196
14.04000	-441195
14.04167	-441195
14.04333	-441194
14.04500	-441193
14.04667	-441193
14.04833	-441192
14.05000	-441192
14.05167	-441193
14.05333	-441195
14.05500	-441197
14.05667	-441199
14.05833	-441200
14.06000	-441201
14.06167	-441201
14.06333	-441200
14.06500	-441199
14.06667	-441199
14.06833	-441198
14.07000	-441198
14.07167	-441198
14.07333	-441198
14.07500	-441198
14.07667	-441198
14.07833	-441199
14.08000	-441200
14.08167	-441201
14.08333	-441202
14.08500	-441202
14.08667	-441203
14.08833	-441203
14.09000	-441203
14.09167	-441203
14.09333	-441203
14.09500	-441203
14.09667	-441202
14.09833	-441202
14.10000	-441201
14.10167	-441201
14.10333	-441202
14.10500	-441202
14.10667	-441203
14.10833	-441204
14.11000	-441204
14.11167	-441205
14.11333	-441205
14.11500	-441206
14.11667	-441206
14.11833	-441207
14.12000	-441207
14.12167	-441207
14.12333	-441207
14.12500	-441207
14.12667	-441207
14.12833	-441206
14.13000	-441205
14.13167	-441203
14.13333	-441202
14.13500	-441200
14.13667	-441199
14.13833	-441196
14.14000	-441195
14.14167	-441193
14.14333	-441192
14.14500	-441191
14.14667	-441190
14.14833	-441189
14.15000	-441189
14.15167	-441189
14.15333	-441189
14.15500	-441189
14.15667	-441190
14.15833	-441192
14.16000	-441193
14.16167	-441195
14.16333	-441198
14.16500	-441200
14.16667	-441201
14.16833	-441202
14.17000	-441202
14.17167	-441201
14.17333	-441201
14.17500	-441200
14.17667	-441199
14.17833	-441198
14.18000	-441197
14.18167	-441196
14.18333	-441195
14.18500	-441194
14.18667	-441192
14.18833	-441190
14.19000	-441188
14.19167	-441186
14.19333	-441183
14.19500	-441180
14.19667	-441176
14.19833	-441171
14.20000	-441167
14.20167	-441163
14.20333	-441159
14.20500	-441154
14.20667	-441149
14.20833	-441143
14.21000	-441136
14.21167	-441128
14.21333	-441118
14.21500	-441107
14.21667	-441096
14.21833	-441084
14.22000	-441070
14.22167	-441053
14.22333	-441036
14.22500	-441019
14.22667	-441001
14.22833	-440981
14.23000	-440959
14.23167	-440935
14.23333	-440911
14.23500	-440886
14.23667	-440857
14.23833	-440825
14.24000	-440790
14.24167	-440755
14.24333	-440718
14.24500	-440675
14.24667	-440626
14.24833	-440575
14.25000	-440524
14.25167	-440469
14.25333	-440409
14.25500	-440338
14.25667	-440266
14.25833	-440193
14.26000	-440117
14.26167	-440032
14.26333	-439934
14.26500	-439832
14.26667	-439732
14.26833	-439625
14.27000	-439507
14.27167	-439370
14.27333	-439230
14.27500	-439090
14.27667	-438944
14.27833	-438781
14.28000	-438594
14.28167	-438401
14.28333	-438210
14.28500	-438010
14.28667	-437786
14.28833	-437529
14.29000	-437265
14.29167	-437005
14.29333	-436733
14.29500	-436431
14.29667	-436085
14.29833	-435731
14.30000	-435383
14.30167	-435019
14.30333	-434615
14.30500	-434153
14.30667	-433680
14.30833	-433214
14.31000	-432729
14.31167	-432190
14.31333	-431574
14.31500	-430944
14.31667	-430326
14.31833	-429683
14.32000	-428971
14.32167	-428157
14.32333	-427327
14.32500	-426515
14.32667	-425671
14.32833	-424739
14.33000	-423674
14.33167	-422588
14.33333	-421525
14.33500	-420423
14.33667	-419205
14.33833	-417815
14.34000	-416398
14.34167	-415015
14.34333	-413581
14.34500	-412000
14.34667	-410194
14.34833	-408357
14.35000	-406567
14.35167	-404714
14.35333	-402673
14.35500	-400345
14.35667	-397978
14.35833	-395674
14.36000	-393294
14.36167	-390674
14.36333	-387687
14.36500	-384654
14.36667	-381708
14.36833	-378673
14.37000	-375336
14.37167	-371536
14.37333	-367690
14.37500	-363974
14.37667	-360163
14.37833	-355990
14.38000	-351249
14.38167	-346471
14.38333	-341888
14.38500	-337222
14.38667	-332140
14.38833	-326386
14.39000	-320616
14.39167	-315129
14.39333	-309591
14.39500	-303598
14.39667	-296838
14.39833	-290094
14.40000	-283725
14.40167	-277346
14.40333	-270480
14.40500	-262761
14.40667	-255109
14.40833	-247961
14.41000	-240882
14.41167	-233332
14.41333	-224890
14.41500	-216614
14.41667	-209031
14.41833	-201683
14.42000	-193977
14.42167	-185453
14.42333	-177192
14.42500	-169749
14.42667	-162668
14.42833	-155352
14.43000	-147337
14.43167	-139622
14.43333	-132721
14.43500	-126206
14.43667	-119518
14.43833	-112218
14.44000	-105219
14.44167	-98996
14.44333	-93160
14.44500	-87202
14.44667	-80723
14.44833	-74540
14.45000	-69083
14.45167	-64009
14.45333	-58868
14.45500	-53304
14.45667	-48022
14.45833	-43398
14.46000	-39137
14.46167	-34854
14.46333	-30244
14.46500	-25894
14.46667	-22120
14.46833	-18682
14.47000	-15260
14.47167	-11602
14.47333	-8172
14.47500	-5227
14.47667	-2578
14.47833	31
14.48000	2799
14.48167	5374
14.48333	7560
14.48500	9500
14.48667	11386
14.48833	13369
14.49000	15198
14.49167	16731
14.49333	18070
14.49500	19352
14.49667	20686
14.49833	21902
14.50000	22905
14.50167	23762
14.50333	24565
14.50500	25387
14.50667	26126
14.50833	26720
14.51000	27211
14.51167	27656
14.51333	28100
14.51500	28488
14.51667	28790
14.51833	29027
14.52000	29229
14.52167	29422
14.52333	29581
14.52500	29694
14.52667	29769
14.52833	29818
14.53000	29854
14.53167	29869
14.53333	29858
14.53500	29820
14.53667	29759
14.53833	29676
14.54000	29578
14.54167	29462
14.54333	29324
14.54500	29158
14.54667	28958
14.54833	28744
14.55000	28523
14.55167	28282
14.55333	28005
14.55500	27683
14.55667	27352
14.55833	27027
14.56000	26687
14.56167	26312
14.56333	25882
14.56500	25450
14.56667	25037
14.56833	24620
14.57000	24168
14.57167	23658
14.57333	23153
14.57500	22682
14.57667	22218
14.57833	21725
14.58000	21175
14.58167	20636
14.58333	20142
14.58500	19662
14.58667	19160
14.58833	18603
14.59000	18062
14.59167	17568
14.59333	17093
14.59500	16598
14.59667	16051
14.59833	15521
14.60000	15043
14.60167	14587
14.60333	14115
14.60500	13597
14.60667	13098
14.60833	12651
14.61000	12227
14.61167	11792
14.61333	11317
14.61500	10861
14.61667	10455
14.61833	10074
14.62000	9685
14.62167	9262
14.62333	8857
14.62500	8497
14.62667	8159
14.62833	7813
14.63000	7437
14.63167	7078
14.63333	6758
14.63500	6458
14.63667	6152
14.63833	5819
14.64000	5501
14.64167	5219
14.64333	4956
14.64500	4688
14.64667	4398
14.64833	4121
14.65000	3875
14.65167	3646
14.65333	3413
14.65500	3160
14.65667	2918
14.65833	2705
14.66000	2508
14.66167	2307
14.66333	2091
14.66500	1885
14.66667	1704
14.66833	1537
14.67000	1368
14.67167	1186
14.67333	1013
14.67500	861
14.67667	720
14.67833	578
14.68000	424
14.68167	277
14.68333	146
14.68500	22
14.68667	-105
14.68833	-243
14.69000	-375
14.69167	-490
14.69333	-597
14.69500	-705
14.69667	-821
14.69833	-929
14.70000	-1021
14.70167	-1102
14.70333	-1180
14.70500	-1263
14.70667	-1339
14.70833	-1405
14.71000	-1464
14.71167	-1523
14.71333	-1586
14.71500	-1645
14.71667	-1698
14.71833	-1747
14.72000	-1797
14.72167	-1851
14.72333	-1903
14.72500	-1948
14.72667	-1989
14.72833	-2031
14.73000	-2076
14.73167	-2117
14.73333	-2151
14.73500	-2178
14.73667	-2203
14.73833	-2229
14.74000	-2250
14.74167	-2266
14.74333	-2278
14.74500	-2287
14.74667	-2294
14.74833	-2300
14.75000	-2305
14.75167	-2310
14.75333	-2314
14.75500	-2319
14.75667	-2323
14.75833	-2327
14.76000	-2331
14.76167	-2336
14.76333	-2340
14.76500	-2345
14.76667	-2350
14.76833	-2354
14.77000	-2359
14.77167	-2364
14.77333	-2369
14.77500	-2371
14.77667	-2371
14.77833	-2369
14.78000	-2366
14.78167	-2362
14.78333	-2359
14.78500	-2355
14.78667	-2351
14.78833	-2347
14.79000	-2344
14.79167	-2344
14.79333	-2346
14.79500	-2351
14.79667	-2358
14.79833	-2366
14.80000	-2373
14.80167	-2380
14.80333	-2388
14.80500	-2396
14.80667	-2404
14.80833	-2412
14.81000	-2418
14.81167	-2425
14.81333	-2433
14.81500	-2441
14.81667	-2448
14.81833	-2455
14.82000	-2463
14.82167	-2471
14.82333	-2480
14.82500	-2487
14.82667	-2493
14.82833	-2500
14.83000	-2506
14.83167	-2513
14.83333	-2519
14.83500	-2526
14.83667	-2533
14.83833	-2542
14.84000	-2551
14.84167	-2558
14.84333	-2565
14.84500	-2572
14.84667	-2579
14.84833	-2585
14.85000	-2589
14.85167	-2591
14.85333	-2592
14.85500	-2591
14.85667	-2590
14.85833	-2589
14.86000	-2588
14.86167	-2588
14.86333	-2587
14.86500	-2586
14.86667	-2583
14.86833	-2580
14.87000	-2575
14.87167	-2569
14.87333	-2562
14.87500	-2554
14.87667	-2544
14.87833	-2532
14.88000	-2518
14.88167	-2503
14.88333	-2489
14.88500	-2476
14.88667	-2462
14.88833	-2446
14.89000	-2430
14.89167	-2415
14.89333	-2399
14.89500	-2381
14.89667	-2361
14.89833	-2340
14.90000	-2320
14.90167	-2299
14.90333	-2276
14.90500	-2249
14.90667	-2222
14.90833	-2195
14.91000	-2168
14.91167	-2138
14.91333	-2105
14.91500	-2071
14.91667	-2041
14.91833	-2011
14.92000	-1980
14.92167	-1946
14.92333	-1913
14.92500	-1883
14.92667	-1853
14.92833	-1822
14.93000	-1788
14.93167	-1754
14.93333	-1722
14.93500	-1690
14.93667	-1656
14.93833	-1618
14.94000	-1580
14.94167	-1546
14.94333	-1512
14.94500	-1476
14.94667	-1436
14.94833	-1398
14.95000	-1363
14.95167	-1331
14.95333	-1298
14.95500	-1262
14.95667	-1227
14.95833	-1196
14.96000	-1167
14.96167	-1137
14.96333	-1105
14.96500	-1073
14.96667	-1044
14.96833	-1016
14.97000	-987
14.97167	-954
14.97333	-923
14.97500	-895
14.97667	-870
14.97833	-844
14.98000	-817
14.98167	-790
14.98333	-767
14.98500	-744
14.98667	-720
14.98833	-694
14.99000	-668
14.99167	-645
14.99333	-622
14.99500	-599
14.99667	-573
14.99833	-548
15.00000	-525

[LC Chromatogram(Detector A-Ch2)]
Interval(msec)	100
# of Points	9001
Start Time(min)	0.000
End Time(min)	15.000
Intensity Units	mAU
Intensity Multiplier	0.001
Wavelength(nm)	280nm
R.Time (min)	Intensity
0.00000	-371
0.00167	-371
0.00333	-372
0.00500	-373
0.00667	-373
0.00833	-373
0.01000	0
0.01167	0
0.01333	1
0.01500	2
0.01667	3
0.01833	4
0.02000	5
0.02167	6
0.02333	7
0.02500	7
0.02667	8
0.02833	9
0.03000	1
0.03167	1
0.03333	2
0.03500	2
0.03667	3
0.03833	3
0.04000	3
0.04167	3
0.04333	3
0.04500	3
0.04667	3
0.04833	2
0.05000	2
0.05167	2
0.05333	2
0.05500	1
0.05667	0
0.05833	-1
0.06000	-3
0.06167	-4
0.06333	-6
0.06500	-8
0.06667	-9
0.06833	-11
0.07000	-12
0.07167	-13
0.07333	-13
0.07500	-13
0.07667	-13
0.07833	-13
0.08000	-12
0.08167	-12
0.08333	-12
0.08500	-12
0.08667	-12
0.08833	-13
0.09000	-13
0.09167	-14
0.09333	-15
0.09500	-16
0.09667	-17
0.09833	-18
0.10000	-19
0.10167	-20
0.10333	-22
0.10500	-23
0.10667	-24
0.10833	-25
0.11000	-25
0.11167	-26
0.11333	-27
0.11500	-27
0.11667	-28
0.11833	-28
0.12000	-28
0.12167	-28
0.12333	-28
0.12500	-28
0.12667	-28
0.12833	-27
0.13000	-27
0.13167	-26
0.13333	-25
0.13500	-24
0.13667	-23
0.13833	-23
0.14000	-23
0.14167	-23
0.14333	-24
0.14500	-24
0.14667	-25
0.14833	-26
0.15000	-26
0.15167	-27
0.15333	-28
0.15500	-28
0.15667	-29
0.15833	-29
0.16000	-28
0.16167	-28
0.16333	-28
0.16500	-27
0.16667	-27
0.16833	-27
0.17000	-27
0.17167	-26
0.17333	-26
0.17500	-26
0.17667	-26
0.17833	-25
0.18000	-26
0.18167	-26
0.18333	-28
0.18500	-29
0.18667	-31
0.18833	-33
0.19000	-34
0.19167	-36
0.19333	-37
0.19500	-38
0.19667	-38
0.19833	-38
0.20000	-36
0.20167	-34
0.20333	-33
0.20500	-31
0.20667	-30
0.20833	-29
0.21000	-29
0.21167	-29
0.21333	-29
0.21500	-30
0.21667	-31
0.21833	-33
0.22000	-35
0.22167	-36
0.22333	-36
0.22500	-37
0.22667	-37
0.22833	-36
0.23000	-36
0.23167	-36
0.23333	-35
0.23500	-35
0.23667	-35
0.23833	-38
0.24000	-42
0.24167	-48
0.24333	-56
0.24500	-57
0.24667	-45
0.24833	-19
0.25000	22
0.25167	77
0.25333	153
0.25500	260
0.25667	405
0.25833	592
0.26000	824
0.26167	1060
0.26333	1281
0.26500	1496
0.26667	1723
0.26833	1974
0.27000	2208
0.27167	2404
0.27333	2571
0.27500	2728
0.27667	2888
0.27833	3049
0.28000	3212
0.28167	3390
0.28333	3594
0.28500	3832
0.28667	4071
0.28833	4295
0.29000	4516
0.29167	4752
0.29333	5014
0.29500	5254
0.29667	5442
0.29833	5587
0.30000	5709
0.30167	5822
0.30333	5913
0.30500	5973
0.30667	6008
0.30833	6026
0.31000	6031
0.31167	6029
0.31333	6020
0.31500	6006
0.31667	5988
0.31833	5964
0.32000	5936
0.32167	5903
0.32333	5864
0.32500	5816
0.32667	5759
0.32833	5698
0.33000	5637
0.33167	5571
0.33333	5498
0.33500	5413
0.33667	5336
0.33833	5279
0.34000	5240
0.34167	5213
0.34333	5192
0.34500	5177
0.34667	5165
0.34833	5156
0.35000	5147
0.35167	5139
0.35333	5110
0.35500	5044
0.35667	4936
0.35833	4783
0.36000	4588
0.36167	4379
0.36333	4172
0.36500	3955
0.36667	3714
0.36833	3440
0.37000	3178
0.37167	2953
0.37333	2754
0.37500	2561
0.37667	2360
0.37833	2173
0.38000	2013
0.38167	1870
0.38333	1730
0.38500	1582
0.38667	1447
0.38833	1339
0.39000	1251
0.39167	1172
0.39333	1095
0.39500	1028
0.39667	976
0.39833	935
0.40000	900
0.40167	866
0.40333	835
0.40500	805
0.40667	776
0.40833	744
0.41000	707
0.41167	671
0.41333	639
0.41500	608
0.41667	576
0.41833	541
0.42000	509
0.42167	481
0.42333	456
0.42500	432
0.42667	407
0.42833	384
0.43000	365
0.43167	349
0.43333	334
0.43500	320
0.43667	307
0.43833	297
0.44000	289
0.44167	284
0.44333	278
0.44500	274
0.44667	272
0.44833	270
0.45000	270
0.45167	270
0.45333	271
0.45500	271
0.45667	271
0.45833	270
0.46000	270
0.46167	268
0.46333	264
0.46500	259
0.46667	251
0.46833	241
0.47000	231
0.47167	221
0.47333	212
0.47500	201
0.47667	190
0.47833	179
0.48000	171
0.48167	163
0.48333	156
0.48500	149
0.48667	143
0.48833	138
0.49000	133
0.49167	130
0.49333	126
0.49500	123
0.49667	121
0.49833	119
0.50000	118
0.50167	118
0.50333	118
0.50500	117
0.50667	117
0.50833	116
0.51000	115
0.51167	114
0.51333	113
0.51500	112
0.51667	110
0.51833	108
0.52000	106
0.52167	103
0.52333	100
0.52500	96
0.52667	92
0.52833	89
0.53000	85
0.53167	82
0.53333	78
0.53500	75
0.53667	72
0.53833	69
0.54000	66
0.54167	64
0.54333	62
0.54500	60
0.54667	57
0.54833	55
0.55000	52
0.55167	50
0.55333	47
0.55500	44
0.55667	41
0.55833	38
0.56000	35
0.56167	31
0.56333	28
0.56500	25
0.56667	22
0.56833	18
0.57000	15
0.57167	13
0.57333	10
0.57500	8
0.57667	6
0.57833	4
0.58000	3
0.58167	2
0.58333	1
0.58500	0
0.58667	-0
0.58833	-1
0.59000	-2
0.59167	-2
0.59333	-3
0.59500	-4
0.59667	-5
0.59833	-7
0.60000	-9
0.60167	-12
0.60333	-15
0.60500	-18
0.60667	-20
0.60833	-23
0.61000	-26
0.61167	-29
0.61333	-31
0.61500	-32
0.61667	-32
0.61833	-33
0.62000	-32
0.62167	-32
0.62333	-31
0.62500	-29
0.62667	-28
0.62833	-27
0.63000	-26
0.63167	-26
0.63333	-26
0.63500	-28
0.63667	-29
0.63833	-30
0.64000	-30
0.64167	-31
0.64333	-31
0.64500	-31
0.64667	-30
0.64833	-30
0.65000	-29
0.65167	-28
0.65333	-27
0.65500	-27
0.65667	-27
0.65833	-27
0.66000	-28
0.66167	-28
0.66333	-29
0.66500	-30
0.66667	-30
0.66833	-31
0.67000	-31
0.67167	-32
0.67333	-33
0.67500	-34
0.67667	-36
0.67833	-37
0.68000	-38
0.68167	-39
0.68333	-40
0.68500	-40
0.68667	-41
0.68833	-41
0.69000	-42
0.69167	-43
0.69333	-43
0.69500	-44
0.69667	-45
0.69833	-46
0.70000	-48
0.70167	-50
0.70333	-52
0.70500	-54
0.70667	-56
0.70833	-58
0.71000	-61
0.71167	-63
0.71333	-65
0.71500	-66
0.71667	-67
0.71833	-67
0.72000	-67
0.72167	-67
0.72333	-66
0.72500	-65
0.72667	-63
0.72833	-62
0.73000	-61
0.73167	-60
0.73333	-61
0.73500	-62
0.73667	-63
0.73833	-64
0.74000	-65
0.74167	-67
0.74333	-69
0.74500	-70
0.74667	-72
0.74833	-73
0.75000	-74
0.75167	-74
0.75333	-75
0.75500	-76
0.75667	-77
0.75833	-78
0.76000	-79
0.76167	-80
0.76333	-81
0.76500	-82
0.76667	-82
0.76833	-83
0.77000	-83
0.77167	-84
0.77333	-84
0.77500	-84
0.77667	-84
0.77833	-85
0.78000	-85
0.78167	-85
0.78333	-85
0.78500	-86
0.78667	-86
0.78833	-86
0.79000	-86
0.79167	-85
0.79333	-85
0.79500	-84
0.79667	-83
0.79833	-82
0.80000	-82
0.80167	-81
0.80333	-80
0.80500	-80
0.80667	-79
0.80833	-79
0.81000	-79
0.81167	-79
0.81333	-79
0.81500	-79
0.81667	-79
0.81833	-79
0.82000	-78
0.82167	-78
0.82333	-78
0.82500	-78
0.82667	-78
0.82833	-78
0.83000	-78
0.83167	-78
0.83333	-78
0.83500	-78
0.83667	-78
0.83833	-78
0.84000	-77
0.84167	-76
0.84333	-75
0.84500	-75
0.84667	-74
0.84833	-74
0.85000	-74
0.85167	-74
0.85333	-75
0.85500	-75
0.85667	-76
0.85833	-77
0.86000	-78
0.86167	-79
0.86333	-79
0.86500	-78
0.86667	-77
0.86833	-76
0.87000	-74
0.87167	-73
0.87333	-72
0.87500	-72
0.87667	-71
0.87833	-72
0.88000	-72
0.88167	-74
0.88333	-76
0.88500	-79
0.88667	-81
0.88833	-83
0.89000	-85
0.89167	-85
0.89333	-85
0.89500	-85
0.89667	-85
0.89833	-84
0.90000	-84
0.90167	-84
0.90333	-84
0.90500	-84
0.90667	-84
0.90833	-85
0.91000	-86
0.91167	-86
0.91333	-87
0.91500	-87
0.91667	-87
0.91833	-87
0.92000	-87
0.92167	-87
0.92333	-87
0.92500	-86
0.92667	-86
0.92833	-86
0.93000	-85
0.93167	-84
0.93333	-84
0.93500	-83
0.93667	-82
0.93833	-81
0.94000	-81
0.94167	-80
0.94333	-79
0.94500	-78
0.94667	-77
0.94833	-76
0.95000	-76
0.95167	-76
0.95333	-76
0.95500	-76
0.95667	-76
0.95833	-76
0.96000	-77
0.96167	-78
0.96333	-78
0.96500	-78
0.96667	-78
0.96833	-77
0.97000	-77
0.97167	-77
0.97333	-77
0.97500	-77
0.97667	-78
0.97833	-79
0.98000	-80
0.98167	-81
0.98333	-83
0.98500	-85
0.98667	-87
0.98833	-88
0.99000	-89
0.99167	-90
0.99333	-90
0.99500	-90
0.99667	-90
0.99833	-90
1.00000	-90
1.00167	-90
1.00333	-89
1.00500	-89
1.00667	-89
1.00833	-89
1.01000	-89
1.01167	-90
1.01333	-90
1.01500	-90
1.01667	-90
1.01833	-89
1.02000	-89
1.02167	-89
1.02333	-89
1.02500	-89
1.02667	-90
1.02833	-90
1.03000	-91
1.03167	-91
1.03333	-92
1.03500	-92
1.03667	-93
1.03833	-93
1.04000	-93
1.04167	-93
1.04333	-93
1.04500	-93
1.04667	-93
1.04833	-93
1.05000	-93
1.05167	-93
1.05333	-94
1.05500	-94
1.05667	-94
1.05833	-94
1.06000	-94
1.06167	-93
1.06333	-94
1.06500	-94
1.06667	-95
1.06833	-96
1.07000	-97
1.07167	-98
1.07333	-98
1.07500	-99
1.07667	-99
1.07833	-98
1.08000	-98
1.08167	-98
1.08333	-98
1.08500	-97
1.08667	-97
1.08833	-98
1.09000	-98
1.09167	-100
1.09333	-101
1.09500	-103
1.09667	-104
1.09833	-105
1.10000	-105
1.10167	-105
1.10333	-105
1.10500	-104
1.10667	-104
1.10833	-103
1.11000	-102
1.11167	-101
1.11333	-101
1.11500	-100
1.11667	-100
1.11833	-99
1.12000	-99
1.12167	-98
1.12333	-97
1.12500	-96
1.12667	-95
1.12833	-94
1.13000	-93
1.13167	-93
1.13333	-92
1.13500	-92
1.13667	-92
1.13833	-92
1.14000	-93
1.14167	-94
1.14333	-95
1.14500	-96
1.14667	-96
1.14833	-97
1.15000	-97
1.15167	-98
1.15333	-98
1.15500	-98
1.15667	-98
1.15833	-97
1.16000	-97
1.16167	-96
1.16333	-96
1.16500	-96
1.16667	-96
1.16833	-96
1.17000	-97
1.17167	-97
1.17333	-98
1.17500	-98
1.17667	-98
1.17833	-99
1.18000	-99
1.18167	-100
1.18333	-100
1.18500	-100
1.18667	-99
1.18833	-99
1.19000	-99
1.19167	-99
1.19333	-99
1.19500	-99
1.19667	-99
1.19833	-98
1.20000	-96
1.20167	-94
1.20333	-92
1.20500	-91
1.20667	-90
1.20833	-89
1.21000	-89
1.21167	-90
1.21333	-91
1.21500	-92
1.21667	-94
1.21833	-97
1.22000	-99
1.22167	-101
1.22333	-102
1.22500	-102
1.22667	-102
1.22833	-101
1.23000	-101
1.23167	-100
1.23333	-99
1.23500	-98
1.23667	-98
1.23833	-97
1.24000	-97
1.24167	-97
1.24333	-98
1.24500	-98
1.24667	-99
1.24833	-99
1.25000	-98
1.25167	-97
1.25333	-96
1.25500	-96
1.25667	-95
1.25833	-95
1.26000	-95
1.26167	-95
1.26333	-95
1.26500	-96
1.26667	-96
1.26833	-98
1.27000	-98
1.27167	-99
1.27333	-99
1.27500	-100
1.27667	-100
1.27833	-99
1.28000	-99
1.28167	-99
1.28333	-100
1.28500	-100
1.28667	-100
1.28833	-100
1.29000	-100
1.29167	-100
1.29333	-100
1.29500	-99
1.29667	-99
1.29833	-98
1.30000	-98
1.30167	-97
1.30333	-97
1.30500	-96
1.30667	-96
1.30833	-96
1.31000	-95
1.31167	-95
1.31333	-95
1.31500	-94
1.31667	-94
1.31833	-93
1.32000	-93
1.32167	-93
1.32333	-93
1.32500	-94
1.32667	-96
1.32833	-97
1.33000	-98
1.33167	-99
1.33333	-100
1.33500	-100
1.33667	-101
1.33833	-101
1.34000	-101
1.34167	-101
1.34333	-101
1.34500	-101
1.34667	-100
1.34833	-99
1.35000	-99
1.35167	-98
1.35333	-97
1.35500	-97
1.35667	-97
1.35833	-97
1.36000	-97
1.36167	-98
1.36333	-99
1.36500	-99
1.36667	-100
1.36833	-101
1.37000	-102
1.37167	-102
1.37333	-103
1.37500	-103
1.37667	-102
1.37833	-102
1.38000	-101
1.38167	-101
1.38333	-101
1.38500	-101
1.38667	-101
1.38833	-102
1.39000	-102
1.39167	-102
1.39333	-102
1.39500	-101
1.39667	-101
1.39833	-100
1.40000	-98
1.40167	-97
1.40333	-95
1.40500	-94
1.40667	-94
1.40833	-94
1.41000	-95
1.41167	-96
1.41333	-96
1.41500	-97
1.41667	-99
1.41833	-100
1.42000	-101
1.42167	-101
1.42333	-101
1.42500	-101
1.42667	-101
1.42833	-100
1.43000	-100
1.43167	-99
1.43333	-99
1.43500	-99
1.43667	-99
1.43833	-99
1.44000	-99
1.44167	-99
1.44333	-99
1.44500	-99
1.44667	-99
1.44833	-99
1.45000	-99
1.45167	-99
1.45333	-99
1.45500	-99
1.45667	-99
1.45833	-100
1.46000	-101
1.46167	-102
1.46333	-103
1.46500	-104
1.46667	-105
1.46833	-106
1.47000	-107
1.47167	-108
1.47333	-109
1.47500	-110
1.47667	-110
1.47833	-110
1.48000	-111
1.48167	-111
1.48333	-112
1.48500	-113
1.48667	-113
1.48833	-114
1.49000	-114
1.49167	-113
1.49333	-113
1.49500	-112
1.49667	-111
1.49833	-111
1.50000	-110
1.50167	-110
1.50333	-110
1.50500	-110
1.50667	-110
1.50833	-111
1.51000	-112
1.51167	-113
1.51333	-113
1.51500	-114
1.51667	-114
1.51833	-115
1.52000	-115
1.52167	-115
1.52333	-114
1.52500	-114
1.52667	-113
1.52833	-113
1.53000	-113
1.53167	-113
1.53333	-113
1.53500	-114
1.53667	-114
1.53833	-115
1.54000	-115
1.54167	-115
1.54333	-114
1.54500	-114
1.54667	-113
1.54833	-113
1.55000	-113
1.55167	-113
1.55333	-113
1.55500	-113
1.55667	-114
1.55833	-115
1.56000	-116
1.56167	-118
1.56333	-119
1.56500	-119
1.56667	-120
1.56833	-120
1.57000	-120
1.57167	-120
1.57333	-121
1.57500	-122
1.57667	-122
1.57833	-123
1.58000	-124
1.58167	-125
1.58333	-125
1.58500	-126
1.58667	-126
1.58833	-127
1.59000	-127
1.59167	-127
1.59333	-127
1.59500	-128
1.59667	-128
1.59833	-129
1.60000	-130
1.60167	-132
1.60333	-133
1.60500	-134
1.60667	-135
1.60833	-136
1.61000	-137
1.61167	-138
1.61333	-138
1.61500	-137
1.61667	-136
1.61833	-134
1.62000	-132
1.62167	-131
1.62333	-130
1.62500	-129
1.62667	-129
1.62833	-129
1.63000	-130
1.63167	-131
1.63333	-132
1.63500	-134
1.63667	-135
1.63833	-136
1.64000	-137
1.64167	-138
1.64333	-139
1.64500	-139
1.64667	-140
1.64833	-140
1.65000	-141
1.65167	-142
1.65333	-142
1.65500	-143
1.65667	-143
1.65833	-142
1.66000	-142
1.66167	-142
1.66333	-142
1.66500	-142
1.66667	-142
1.66833	-142
1.67000	-142
1.67167	-143
1.67333	-143
1.67500	-143
1.67667	-143
1.67833	-143
1.68000	-142
1.68167	-142
1.68333	-141
1.68500	-141
1.68667	-140
1.68833	-139
1.69000	-139
1.69167	-139
1.69333	-138
1.69500	-138
1.69667	-138
1.69833	-138
1.70000	-138
1.70167	-138
1.70333	-139
1.70500	-139
1.70667	-140
1.70833	-141
1.71000	-143
1.71167	-144
1.71333	-146
1.71500	-147
1.71667	-149
1.71833	-151
1.72000	-153
1.72167	-155
1.72333	-156
1.72500	-157
1.72667	-158
1.72833	-159
1.73000	-159
1.73167	-160
1.73333	-160
1.73500	-160
1.73667	-160
1.73833	-160
1.74000	-160
1.74167	-161
1.74333	-162
1.74500	-162
1.74667	-163
1.74833	-164
1.75000	-164
1.75167	-164
1.75333	-165
1.75500	-165
1.75667	-165
1.75833	-165
1.76000	-165
1.76167	-166
1.76333	-166
1.76500	-167
1.76667	-167
1.76833	-168
1.77000	-168
1.77167	-168
1.77333	-169
1.77500	-168
1.77667	-168
1.77833	-168
1.78000	-168
1.78167	-168
1.78333	-169
1.78500	-170
1.78667	-171
1.78833	-172
1.79000	-173
1.79167	-174
1.79333	-175
1.79500	-175
1.79667	-176
1.79833	-176
1.80000	-176
1.80167	-176
1.80333	-176
1.80500	-176
1.80667	-175
1.80833	-174
1.81000	-173
1.81167	-172
1.81333	-171
1.81500	-170
1.81667	-171
1.81833	-171
1.82000	-172
1.82167	-172
1.82333	-173
1.82500	-174
1.82667	-176
1.82833	-177
1.83000	-177
1.83167	-177
1.83333	-177
1.83500	-177
1.83667	-176
1.83833	-176
1.84000	-176
1.84167	-176
1.84333	-177
1.84500	-178
1.84667	-178
1.84833	-178
1.85000	-178
1.85167	-177
1.85333	-176
1.85500	-175
1.85667	-174
1.85833	-174
1.86000	-174
1.86167	-174
1.86333	-175
1.86500	-177
1.86667	-179
1.86833	-181
1.87000	-184
1.87167	-186
1.87333	-187
1.87500	-188
1.87667	-189
1.87833	-189
1.88000	-189
1.88167	-189
1.88333	-189
1.88500	-189
1.88667	-188
1.88833	-188
1.89000	-187
1.89167	-186
1.89333	-186
1.89500	-185
1.89667	-184
1.89833	-183
1.90000	-183
1.90167	-182
1.90333	-181
1.90500	-181
1.90667	-180
1.90833	-180
1.91000	-180
1.91167	-180
1.91333	-181
1.91500	-181
1.91667	-182
1.91833	-183
1.92000	-184
1.92167	-185
1.92333	-185
1.92500	-185
1.92667	-185
1.92833	-186
1.93000	-186
1.93167	-186
1.93333	-187
1.93500	-188
1.93667	-188
1.93833	-189
1.94000	-190
1.94167	-190
1.94333	-191
1.94500	-192
1.94667	-193
1.94833	-193
1.95000	-193
1.95167	-192
1.95333	-192
1.95500	-192
1.95667	-192
1.95833	-192
1.96000	-193
1.96167	-193
1.96333	-194
1.96500	-195
1.96667	-196
1.96833	-197
1.97000	-198
1.97167	-198
1.97333	-199
1.97500	-199
1.97667	-198
1.97833	-197
1.98000	-196
1.98167	-195
1.98333	-194
1.98500	-193
1.98667	-191
1.98833	-190
1.99000	-189
1.99167	-188
1.99333	-187
1.99500	-186
1.99667	-185
1.99833	-185
2.00000	-184
2.00167	-184
2.00333	-184
2.00500	-184
2.00667	-185
2.00833	-185
2.01000	-186
2.01167	-186
2.01333	-187
2.01500	-188
2.01667	-189
2.01833	-190
2.02000	-192
2.02167	-193
2.02333	-194
2.02500	-195
2.02667	-197
2.02833	-198
2.03000	-198
2.03167	-198
2.03333	-198
2.03500	-197
2.03667	-195
2.03833	-194
2.04000	-192
2.04167	-191
2.04333	-189
2.04500	-187
2.04667	-185
2.04833	-183
2.05000	-181
2.05167	-179
2.05333	-177
2.05500	-175
2.05667	-174
2.05833	-172
2.06000	-171
2.06167	-170
2.06333	-169
2.06500	-168
2.06667	-167
2.06833	-167
2.07000	-166
2.07167	-165
2.07333	-164
2.07500	-163
2.07667	-162
2.07833	-161
2.08000	-160
2.08167	-160
2.08333	-160
2.08500	-160
2.08667	-160
2.08833	-161
2.09000	-162
2.09167	-164
2.09333	-165
2.09500	-167
2.09667	-169
2.09833	-171
2.10000	-173
2.10167	-176
2.10333	-179
2.10500	-181
2.10667	-182
2.10833	-184
2.11000	-185
2.11167	-186
2.11333	-187
2.11500	-187
2.11667	-187
2.11833	-186
2.12000	-186
2.12167	-186
2.12333	-186
2.12500	-186
2.12667	-186
2.12833	-187
2.13000	-188
2.13167	-188
2.13333	-189
2.13500	-190
2.13667	-191
2.13833	-192
2.14000	-193
2.14167	-193
2.14333	-194
2.14500	-194
2.14667	-193
2.14833	-193
2.15000	-191
2.15167	-190
2.15333	-188
2.15500	-187
2.15667	-187
2.15833	-186
2.16000	-186
2.16167	-187
2.16333	-187
2.16500	-188
2.16667	-190
2.16833	-192
2.17000	-193
2.17167	-194
2.17333	-195
2.17500	-196
2.17667	-196
2.17833	-195
2.18000	-195
2.18167	-194
2.18333	-193
2.18500	-191
2.18667	-190
2.18833	-189
2.19000	-188
2.19167	-187
2.19333	-186
2.19500	-186
2.19667	-186
2.19833	-186
2.20000	-186
2.20167	-187
2.20333	-188
2.20500	-189
2.20667	-190
2.20833	-192
2.21000	-194
2.21167	-195
2.21333	-196
2.21500	-197
2.21667	-198
2.21833	-198
2.22000	-198
2.22167	-198
2.22333	-198
2.22500	-198
2.22667	-197
2.22833	-196
2.23000	-196
2.23167	-196
2.23333	-197
2.23500	-197
2.23667	-198
2.23833	-199
2.24000	-199
2.24167	-200
2.24333	-200
2.24500	-200
2.24667	-199
2.24833	-199
2.25000	-198
2.25167	-197
2.25333	-196
2.25500	-195
2.25667	-195
2.25833	-194
2.26000	-193
2.26167	-193
2.26333	-192
2.26500	-190
2.26667	-189
2.26833	-188
2.27000	-187
2.27167	-186
2.27333	-186
2.27500	-185
2.27667	-186
2.27833	-186
2.28000	-187
2.28167	-188
2.28333	-189
2.28500	-191
2.28667	-192
2.28833	-193
2.29000	-193
2.29167	-193
2.29333	-193
2.29500	-193
2.29667	-192
2.29833	-192
2.30000	-192
2.30167	-191
2.30333	-190
2.30500	-189
2.30667	-188
2.30833	-186
2.31000	-184
2.31167	-182
2.31333	-181
2.31500	-180
2.31667	-180
2.31833	-181
2.32000	-182
2.32167	-182
2.32333	-184
2.32500	-185
2.32667	-187
2.32833	-189
2.33000	-190
2.33167	-189
2.33333	-188
2.33500	-186
2.33667	-184
2.33833	-183
2.34000	-182
2.34167	-181
2.34333	-181
2.34500	-181
2.34667	-182
2.34833	-183
2.35000	-185
2.35167	-187
2.35333	-189
2.35500	-191
2.35667	-192
2.35833	-192
2.36000	-192
2.36167	-192
2.36333	-191
2.36500	-191
2.36667	-191
2.36833	-190
2.37000	-190
2.37167	-189
2.37333	-189
2.37500	-189
2.37667	-188
2.37833	-187
2.38000	-187
2.38167	-186
2.38333	-186
2.38500	-185
2.38667	-185
2.38833	-184
2.39000	-184
2.39167	-184
2.39333	-184
2.39500	-184
2.39667	-184
2.39833	-184
2.40000	-184
2.40167	-183
2.40333	-183
2.40500	-182
2.40667	-182
2.40833	-181
2.41000	-180
2.41167	-179
2.41333	-179
2.41500	-180
2.41667	-180
2.41833	-182
2.42000	-183
2.42167	-184
2.42333	-185
2.42500	-185
2.42667	-186
2.42833	-186
2.43000	-186
2.43167	-186
2.43333	-186
2.43500	-185
2.43667	-185
2.43833	-184
2.44000	-183
2.44167	-183
2.44333	-182
2.44500	-181
2.44667	-181
2.44833	-180
2.45000	-180
2.45167	-180
2.45333	-180
2.45500	-180
2.45667	-181
2.45833	-182
2.46000	-182
2.46167	-183
2.46333	-184
2.46500	-185
2.46667	-185
2.46833	-186
2.47000	-186
2.47167	-186
2.47333	-186
2.47500	-186
2.47667	-186
2.47833	-185
2.48000	-184
2.48167	-184
2.48333	-183
2.48500	-181
2.48667	-180
2.48833	-180
2.49000	-179
2.49167	-179
2.49333	-179
2.49500	-180
2.49667	-180
2.49833	-180
2.50000	-179
2.50167	-179
2.50333	-179
2.50500	-179
2.50667	-179
2.50833	-179
2.51000	-180
2.51167	-181
2.51333	-181
2.51500	-182
2.51667	-181
2.51833	-181
2.52000	-180
2.52167	-180
2.52333	-179
2.52500	-178
2.52667	-177
2.52833	-176
2.53000	-175
2.53167	-175
2.53333	-175
2.53500	-176
2.53667	-176
2.53833	-176
2.54000	-176
2.54167	-176
2.54333	-175
2.54500	-174
2.54667	-174
2.54833	-173
2.55000	-172
2.55167	-171
2.55333	-170
2.55500	-169
2.55667	-169
2.55833	-170
2.56000	-170
2.56167	-171
2.56333	-172
2.56500	-173
2.56667	-174
2.56833	-175
2.57000	-175
2.57167	-175
2.57333	-175
2.57500	-173
2.57667	-171
2.57833	-169
2.58000	-166
2.58167	-164
2.58333	-162
2.58500	-160
2.58667	-159
2.58833	-158
2.59000	-157
2.59167	-157
2.59333	-158
2.59500	-159
2.59667	-159
2.59833	-160
2.60000	-162
2.60167	-163
2.60333	-164
2.60500	-166
2.60667	-167
2.60833	-167
2.61000	-168
2.61167	-169
2.61333	-169
2.61500	-169
2.61667	-168
2.61833	-167
2.62000	-165
2.62167	-164
2.62333	-163
2.62500	-162
2.62667	-160
2.62833	-159
2.63000	-159
2.63167	-159
2.63333	-160
2.63500	-161
2.63667	-162
2.63833	-163
2.64000	-164
2.64167	-164
2.64333	-165
2.64500	-164
2.64667	-164
2.64833	-164
2.65000	-163
2.65167	-162
2.65333	-161
2.65500	-161
2.65667	-160
2.65833	-160
2.66000	-159
2.66167	-159
2.66333	-158
2.66500	-158
2.66667	-158
2.66833	-158
2.67000	-159
2.67167	-159
2.67333	-160
2.67500	-161
2.67667	-162
2.67833	-163
2.68000	-163
2.68167	-164
2.68333	-164
2.68500	-164
2.68667	-164
2.68833	-164
2.69000	-164
2.69167	-164
2.69333	-164
2.69500	-164
2.69667	-164
2.69833	-164
2.70000	-163
2.70167	-162
2.70333	-161
2.70500	-160
2.70667	-159
2.70833	-158
2.71000	-158
2.71167	-158
2.71333	-158
2.71500	-158
2.71667	-159
2.71833	-160
2.72000	-161
2.72167	-162
2.72333	-162
2.72500	-163
2.72667	-163
2.72833	-163
2.73000	-162
2.73167	-161
2.73333	-160
2.73500	-158
2.73667	-157
2.73833	-155
2.74000	-154
2.74167	-153
2.74333	-152
2.74500	-151
2.74667	-151
2.74833	-151
2.75000	-152
2.75167	-153
2.75333	-154
2.75500	-155
2.75667	-156
2.75833	-157
2.76000	-157
2.76167	-158
2.76333	-158
2.76500	-159
2.76667	-159
2.76833	-159
2.77000	-159
2.77167	-159
2.77333	-158
2.77500	-158
2.77667	-158
2.77833	-157
2.78000	-157
2.78167	-156
2.78333	-155
2.78500	-154
2.78667	-153
2.78833	-152
2.79000	-151
2.79167	-151
2.79333	-151
2.79500	-151
2.79667	-151
2.79833	-151
2.80000	-150
2.80167	-150
2.80333	-149
2.80500	-148
2.80667	-147
2.80833	-146
2.81000	-145
2.81167	-143
2.81333	-143
2.81500	-143
2.81667	-144
2.81833	-145
2.82000	-146
2.82167	-148
2.82333	-148
2.82500	-149
2.82667	-149
2.82833	-150
2.83000	-149
2.83167	-149
2.83333	-148
2.83500	-147
2.83667	-145
2.83833	-144
2.84000	-143
2.84167	-143
2.84333	-142
2.84500	-141
2.84667	-141
2.84833	-141
2.85000	-140
2.85167	-141
2.85333	-141
2.85500	-141
2.85667	-141
2.85833	-141
2.86000	-142
2.86167	-142
2.86333	-142
2.86500	-141
2.86667	-140
2.86833	-139
2.87000	-138
2.87167	-137
2.87333	-137
2.87500	-136
2.87667	-136
2.87833	-136
2.88000	-136
2.88167	-136
2.88333	-136
2.88500	-136
2.88667	-137
2.88833	-137
2.89000	-137
2.89167	-137
2.89333	-137
2.89500	-137
2.89667	-137
2.89833	-137
2.90000	-138
2.90167	-138
2.90333	-139
2.90500	-139
2.90667	-139
2.90833	-140
2.91000	-141
2.91167	-141
2.91333	-142
2.91500	-142
2.91667	-143
2.91833	-143
2.92000	-143
2.92167	-143
2.92333	-143
2.92500	-142
2.92667	-141
2.92833	-140
2.93000	-138
2.93167	-137
2.93333	-135
2.93500	-134
2.93667	-132
2.93833	-131
2.94000	-131
2.94167	-131
2.94333	-131
2.94500	-132
2.94667	-133
2.94833	-134
2.95000	-135
2.95167	-136
2.95333	-137
2.95500	-137
2.95667	-137
2.95833	-137
2.96000	-137
2.96167	-136
2.96333	-135
2.96500	-134
2.96667	-133
2.96833	-132
2.97000	-130
2.97167	-129
2.97333	-128
2.97500	-126
2.97667	-124
2.97833	-122
2.98000	-121
2.98167	-120
2.98333	-119
2.98500	-118
2.98667	-117
2.98833	-117
2.99000	-117
2.99167	-118
2.99333	-118
2.99500	-119
2.99667	-120
2.99833	-121
3.00000	-121
3.00167	-122
3.00333	-123
3.00500	-123
3.00667	-124
3.00833	-125
3.01000	-126
3.01167	-127
3.01333	-128
3.01500	-128
3.01667	-128
3.01833	-128
3.02000	-128
3.02167	-128
3.02333	-127
3.02500	-127
3.02667	-126
3.02833	-126
3.03000	-126
3.03167	-125
3.03333	-125
3.03500	-124
3.03667	-124
3.03833	-123
3.04000	-122
3.04167	-121
3.04333	-120
3.04500	-119
3.04667	-118
3.04833	-118
3.05000	-118
3.05167	-118
3.05333	-118
3.05500	-118
3.05667	-119
3.05833	-119
3.06000	-120
3.06167	-121
3.06333	-122
3.06500	-123
3.06667	-123
3.06833	-124
3.07000	-124
3.07167	-124
3.07333	-124
3.07500	-124
3.07667	-123
3.07833	-122
3.08000	-121
3.08167	-121
3.08333	-121
3.08500	-121
3.08667	-121
3.08833	-122
3.09000	-122
3.09167	-122
3.09333	-123
3.09500	-123
3.09667	-123
3.09833	-122
3.10000	-122
3.10167	-120
3.10333	-119
3.10500	-118
3.10667	-117
3.10833	-116
3.11000	-115
3.11167	-114
3.11333	-114
3.11500	-113
3.11667	-114
3.11833	-114
3.12000	-115
3.12167	-115
3.12333	-115
3.12500	-116
3.12667	-116
3.12833	-116
3.13000	-115
3.13167	-115
3.13333	-114
3.13500	-113
3.13667	-112
3.13833	-111
3.14000	-110
3.14167	-110
3.14333	-110
3.14500	-109
3.14667	-109
3.14833	-109
3.15000	-110
3.15167	-110
3.15333	-110
3.15500	-111
3.15667	-111
3.15833	-111
3.16000	-111
3.16167	-110
3.16333	-110
3.16500	-110
3.16667	-110
3.16833	-110
3.17000	-110
3.17167	-110
3.17333	-110
3.17500	-110
3.17667	-110
3.17833	-110
3.18000	-111
3.18167	-111
3.18333	-110
3.18500	-110
3.18667	-109
3.18833	-109
3.19000	-108
3.19167	-108
3.19333	-107
3.19500	-107
3.19667	-106
3.19833	-106
3.20000	-106
3.20167	-106
3.20333	-106
3.20500	-106
3.20667	-107
3.20833	-108
3.21000	-109
3.21167	-110
3.21333	-111
3.21500	-112
3.21667	-112
3.21833	-112
3.22000	-111
3.22167	-110
3.22333	-109
3.22500	-108
3.22667	-106
3.22833	-104
3.23000	-103
3.23167	-103
3.23333	-103
3.23500	-103
3.23667	-104
3.23833	-104
3.24000	-104
3.24167	-104
3.24333	-104
3.24500	-104
3.24667	-104
3.24833	-103
3.25000	-102
3.25167	-101
3.25333	-100
3.25500	-100
3.25667	-99
3.25833	-98
3.26000	-97
3.26167	-96
3.26333	-95
3.26500	-94
3.26667	-93
3.26833	-92
3.27000	-92
3.27167	-92
3.27333	-92
3.27500	-92
3.27667	-92
3.27833	-93
3.28000	-94
3.28167	-95
3.28333	-96
3.28500	-98
3.28667	-99
3.28833	-100
3.29000	-101
3.29167	-102
3.29333	-103
3.29500	-103
3.29667	-104
3.29833	-104
3.30000	-103
3.30167	-103
3.30333	-102
3.30500	-101
3.30667	-100
3.30833	-99
3.31000	-98
3.31167	-97
3.31333	-96
3.31500	-96
3.31667	-96
3.31833	-96
3.32000	-96
3.32167	-96
3.32333	-96
3.32500	-96
3.32667	-96
3.32833	-95
3.33000	-95
3.33167	-94
3.33333	-93
3.33500	-92
3.33667	-91
3.33833	-90
3.34000	-89
3.34167	-88
3.34333	-87
3.34500	-85
3.34667	-84
3.34833	-84
3.35000	-83
3.35167	-83
3.35333	-82
3.35500	-82
3.35667	-82
3.35833	-83
3.36000	-83
3.36167	-84
3.36333	-84
3.36500	-84
3.36667	-83
3.36833	-82
3.37000	-81
3.37167	-80
3.37333	-79
3.37500	-79
3.37667	-78
3.37833	-78
3.38000	-77
3.38167	-77
3.38333	-76
3.38500	-75
3.38667	-74
3.38833	-72
3.39000	-70
3.39167	-68
3.39333	-65
3.39500	-63
3.39667	-61
3.39833	-60
3.40000	-59
3.40167	-58
3.40333	-58
3.40500	-58
3.40667	-58
3.40833	-59
3.41000	-60
3.41167	-61
3.41333	-63
3.41500	-64
3.41667	-65
3.41833	-66
3.42000	-68
3.42167	-69
3.42333	-69
3.42500	-70
3.42667	-70
3.42833	-70
3.43000	-69
3.43167	-69
3.43333	-69
3.43500	-69
3.43667	-68
3.43833	-68
3.44000	-67
3.44167	-67
3.44333	-66
3.44500	-66
3.44667	-65
3.44833	-63
3.45000	-62
3.45167	-60
3.45333	-58
3.45500	-57
3.45667	-55
3.45833	-53
3.46000	-52
3.46167	-50
3.46333	-48
3.46500	-46
3.46667	-45
3.46833	-43
3.47000	-41
3.47167	-39
3.47333	-36
3.47500	-34
3.47667	-31
3.47833	-27
3.48000	-24
3.48167	-20
3.48333	-15
3.48500	-9
3.48667	-3
3.48833	2
3.49000	8
3.49167	15
3.49333	23
3.49500	33
3.49667	45
3.49833	61
3.50000	81
3.50167	106
3.50333	135
3.50500	168
3.50667	208
3.50833	255
3.51000	312
3.51167	371
3.51333	426
3.51500	482
3.51667	542
3.51833	609
3.52000	671
3.52167	717
3.52333	752
3.52500	779
3.52667	803
3.52833	818
3.53000	821
3.53167	813
3.53333	794
3.53500	766
3.53667	754
3.53833	776
3.54000	834
3.54167	928
3.54333	1056
3.54500	1308
3.54667	1771
3.54833	2477
3.55000	3439
3.55167	4659
3.55333	5967
3.55500	7288
3.55667	8692
3.55833	10265
3.56000	12074
3.56167	13741
3.56333	15030
3.56500	16005
3.56667	16792
3.56833	17494
3.57000	17996
3.57167	18209
3.57333	18158
3.57500	17888
3.57667	17440
3.57833	16900
3.58000	16303
3.58167	15627
3.58333	14837
3.58500	13911
3.58667	12984
3.58833	12129
3.59000	11299
3.59167	10428
3.59333	9465
3.59500	8551
3.59667	7762
3.59833	7052
3.60000	6354
3.60167	5614
3.60333	4935
3.60500	4378
3.60667	3908
3.60833	3472
3.61000	3029
3.61167	2635
3.61333	2321
3.61500	2066
3.61667	1837
3.61833	1612
3.62000	1415
3.62167	1262
3.62333	1139
3.62500	1033
3.62667	930
3.62833	840
3.63000	770
3.63167	713
3.63333	662
3.63500	613
3.63667	567
3.63833	528
3.64000	491
3.64167	454
3.64333	413
3.64500	375
3.64667	343
3.64833	314
3.65000	286
3.65167	257
3.65333	230
3.65500	209
3.65667	191
3.65833	176
3.66000	160
3.66167	146
3.66333	135
3.66500	126
3.66667	117
3.66833	109
3.67000	101
3.67167	94
3.67333	89
3.67500	83
3.67667	78
3.67833	73
3.68000	70
3.68167	67
3.68333	65
3.68500	64
3.68667	62
3.68833	62
3.69000	61
3.69167	61
3.69333	62
3.69500	62
3.69667	62
3.69833	61
3.70000	59
3.70167	57
3.70333	55
3.70500	53
3.70667	51
3.70833	49
3.71000	46
3.71167	44
3.71333	42
3.71500	40
3.71667	38
3.71833	37
3.72000	35
3.72167	34
3.72333	33
3.72500	31
3.72667	30
3.72833	28
3.73000	27
3.73167	25
3.73333	24
3.73500	23
3.73667	22
3.73833	21
3.74000	21
3.74167	22
3.74333	23
3.74500	23
3.74667	24
3.74833	24
3.75000	24
3.75167	24
3.75333	23
3.75500	22
3.75667	21
3.75833	19
3.76000	17
3.76167	15
3.76333	14
3.76500	13
3.76667	12
3.76833	12
3.77000	12
3.77167	12
3.77333	12
3.77500	12
3.77667	12
3.77833	11
3.78000	11
3.78167	11
3.78333	11
3.78500	10
3.78667	10
3.78833	10
3.79000	10
3.79167	10
3.79333	10
3.79500	10
3.79667	9
3.79833	9
3.80000	9
3.80167	9
3.80333	9
3.80500	9
3.80667	10
3.80833	10
3.81000	11
3.81167	12
3.81333	13
3.81500	13
3.81667	12
3.81833	12
3.82000	11
3.82167	10
3.82333	10
3.82500	10
3.82667	9
3.82833	9
3.83000	10
3.83167	10
3.83333	12
3.83500	13
3.83667	15
3.83833	16
3.84000	17
3.84167	17
3.84333	17
3.84500	17
3.84667	16
3.84833	15
3.85000	13
3.85167	12
3.85333	10
3.85500	8
3.85667	7
3.85833	6
3.86000	5
3.86167	4
3.86333	3
3.86500	2
3.86667	1
3.86833	0
3.87000	-1
3.87167	-1
3.87333	-1
3.87500	-2
3.87667	-2
3.87833	-2
3.88000	-2
3.88167	-2
3.88333	-3
3.88500	-4
3.88667	-5
3.88833	-5
3.89000	-6
3.89167	-6
3.89333	-6
3.89500	-6
3.89667	-6
3.89833	-6
3.90000	-5
3.90167	-4
3.90333	-3
3.90500	-3
3.90667	-2
3.90833	-2
3.91000	-1
3.91167	-1
3.91333	-1
3.91500	-1
3.91667	-2
3.91833	-3
3.92000	-4
3.92167	-4
3.92333	-4
3.92500	-4
3.92667	-4
3.92833	-3
3.93000	-2
3.93167	-1
3.93333	0
3.93500	2
3.93667	4
3.93833	5
3.94000	6
3.94167	6
3.94333	6
3.94500	6
3.94667	5
3.94833	5
3.95000	4
3.95167	4
3.95333	4
3.95500	4
3.95667	3
3.95833	3
3.96000	3
3.96167	2
3.96333	2
3.96500	1
3.96667	1
3.96833	0
3.97000	-0
3.97167	-1
3.97333	-1
3.97500	-1
3.97667	-1
3.97833	-1
3.98000	-0
3.98167	-0
3.98333	-0
3.98500	0
3.98667	0
3.98833	1
3.99000	2
3.99167	3
3.99333	4
3.99500	5
3.99667	5
3.99833	5
4.00000	5
4.00167	3
4.00333	2
4.00500	1
4.00667	-1
4.00833	-2
4.01000	-3
4.01167	-4
4.01333	-5
4.01500	-4
4.01667	-3
4.01833	-2
4.02000	-0
4.02167	1
4.02333	2
4.02500	2
4.02667	3
4.02833	3
4.03000	3
4.03167	3
4.03333	3
4.03500	2
4.03667	2
4.03833	2
4.04000	1
4.04167	1
4.04333	1
4.04500	1
4.04667	1
4.04833	1
4.05000	1
4.05167	1
4.05333	2
4.05500	3
4.05667	3
4.05833	4
4.06000	5
4.06167	6
4.06333	7
4.06500	7
4.06667	7
4.06833	7
4.07000	7
4.07167	7
4.07333	7
4.07500	7
4.07667	8
4.07833	8
4.08000	9
4.08167	9
4.08333	10
4.08500	10
4.08667	10
4.08833	11
4.09000	11
4.09167	11
4.09333	11
4.09500	11
4.09667	11
4.09833	11
4.10000	12
4.10167	13
4.10333	13
4.10500	14
4.10667	14
4.10833	13
4.11000	13
4.11167	12
4.11333	12
4.11500	12
4.11667	13
4.11833	14
4.12000	14
4.12167	15
4.12333	15
4.12500	15
4.12667	15
4.12833	14
4.13000	13
4.13167	12
4.13333	11
4.13500	10
4.13667	9
4.13833	8
4.14000	8
4.14167	8
4.14333	9
4.14500	10
4.14667	11
4.14833	12
4.15000	13
4.15167	14
4.15333	15
4.15500	16
4.15667	16
4.15833	17
4.16000	17
4.16167	18
4.16333	18
4.16500	18
4.16667	18
4.16833	17
4.17000	17
4.17167	17
4.17333	16
4.17500	16
4.17667	15
4.17833	15
4.18000	15
4.18167	15
4.18333	14
4.18500	14
4.18667	14
4.18833	14
4.19000	14
4.19167	14
4.19333	15
4.19500	16
4.19667	16
4.19833	17
4.20000	17
4.20167	17
4.20333	18
4.20500	18
4.20667	18
4.20833	18
4.21000	18
4.21167	18
4.21333	18
4.21500	18
4.21667	17
4.21833	17
4.22000	16
4.22167	16
4.22333	15
4.22500	15
4.22667	15
4.22833	16
4.23000	16
4.23167	16
4.23333	17
4.23500	18
4.23667	18
4.23833	18
4.24000	19
4.24167	18
4.24333	18
4.24500	18
4.24667	17
4.24833	17
4.25000	16
4.25167	15
4.25333	15
4.25500	14
4.25667	14
4.25833	13
4.26000	13
4.26167	13
4.26333	13
4.26500	14
4.26667	14
4.26833	15
4.27000	16
4.27167	17
4.27333	18
4.27500	19
4.27667	20
4.27833	21
4.28000	22
4.28167	23
4.28333	23
4.28500	24
4.28667	24
4.28833	25
4.29000	26
4.29167	27
4.29333	28
4.29500	29
4.29667	30
4.29833	31
4.30000	31
4.30167	31
4.30333	31
4.30500	31
4.30667	31
4.30833	30
4.31000	30
4.31167	29
4.31333	28
4.31500	27
4.31667	26
4.31833	24
4.32000	23
4.32167	22
4.32333	21
4.32500	21
4.32667	21
4.32833	21
4.33000	22
4.33167	23
4.33333	25
4.33500	28
4.33667	31
4.33833	33
4.34000	35
4.34167	36
4.34333	38
4.34500	39
4.34667	40
4.34833	41
4.35000	42
4.35167	43
4.35333	44
4.35500	44
4.35667	43
4.35833	42
4.36000	41
4.36167	39
4.36333	38
4.36500	38
4.36667	37
4.36833	36
4.37000	36
4.37167	36
4.37333	37
4.37500	37
4.37667	39
4.37833	40
4.38000	41
4.38167	42
4.38333	43
4.38500	44
4.38667	44
4.38833	45
4.39000	45
4.39167	45
4.39333	45
4.39500	45
4.39667	44
4.39833	43
4.40000	42
4.40167	40
4.40333	39
4.40500	37
4.40667	37
4.40833	36
4.41000	36
4.41167	37
4.41333	37
4.41500	37
4.41667	38
4.41833	38
4.42000	39
4.42167	39
4.42333	39
4.42500	38
4.42667	37
4.42833	36
4.43000	35
4.43167	34
4.43333	34
4.43500	34
4.43667	34
4.43833	34
4.44000	34
4.44167	35
4.44333	36
4.44500	37
4.44667	37
4.44833	38
4.45000	38
4.45167	38
4.45333	38
4.45500	38
4.45667	38
4.45833	38
4.46000	38
4.46167	38
4.46333	38
4.46500	39
4.46667	39
4.46833	40
4.47000	41
4.47167	42
4.47333	42
4.47500	41
4.47667	41
4.47833	40
4.48000	40
4.48167	40
4.48333	40
4.48500	40
4.48667	40
4.48833	41
4.49000	42
4.49167	45
4.49333	47
4.49500	50
4.49667	51
4.49833	52
4.50000	53
4.50167	53
4.50333	52
4.50500	52
4.50667	51
4.50833	51
4.51000	50
4.51167	49
4.51333	49
4.51500	49
4.51667	49
4.51833	50
4.52000	51
4.52167	51
4.52333	51
4.52500	52
4.52667	52
4.52833	51
4.53000	51
4.53167	50
4.53333	50
4.53500	49
4.53667	48
4.53833	47
4.54000	47
4.54167	47
4.54333	47
4.54500	47
4.54667	47
4.54833	48
4.55000	49
4.55167	50
4.55333	52
4.55500	53
4.55667	54
4.55833	55
4.56000	56
4.56167	57
4.56333	58
4.56500	59
4.56667	60
4.56833	62
4.57000	62
4.57167	63
4.57333	63
4.57500	63
4.57667	62
4.57833	61
4.58000	60
4.58167	60
4.58333	59
4.58500	58
4.58667	57
4.58833	56
4.59000	56
4.59167	56
4.59333	55
4.59500	55
4.59667	55
4.59833	55
4.60000	55
4.60167	56
4.60333	56
4.60500	56
4.60667	56
4.60833	56
4.61000	56
4.61167	55
4.61333	55
4.61500	55
4.61667	55
4.61833	56
4.62000	57
4.62167	58
4.62333	59
4.62500	60
4.62667	61
4.62833	61
4.63000	62
4.63167	61
4.63333	61
4.63500	59
4.63667	58
4.63833	57
4.64000	57
4.64167	57
4.64333	58
4.64500	59
4.64667	59
4.64833	60
4.65000	60
4.65167	61
4.65333	62
4.65500	62
4.65667	63
4.65833	63
4.66000	64
4.66167	64
4.66333	64
4.66500	64
4.66667	65
4.66833	65
4.67000	64
4.67167	64
4.67333	64
4.67500	64
4.67667	64
4.67833	64
4.68000	65
4.68167	65
4.68333	66
4.68500	66
4.68667	67
4.68833	68
4.69000	68
4.69167	68
4.69333	68
4.69500	68
4.69667	67
4.69833	67
4.70000	66
4.70167	65
4.70333	64
4.70500	64
4.70667	64
4.70833	64
4.71000	65
4.71167	66
4.71333	66
4.71500	67
4.71667	67
4.71833	67
4.72000	67
4.72167	67
4.72333	67
4.72500	66
4.72667	66
4.72833	66
4.73000	66
4.73167	67
4.73333	68
4.73500	69
4.73667	71
4.73833	72
4.74000	74
4.74167	75
4.74333	76
4.74500	77
4.74667	78
4.74833	79
4.75000	79
4.75167	80
4.75333	80
4.75500	81
4.75667	81
4.75833	81
4.76000	82
4.76167	82
4.76333	82
4.76500	82
4.76667	81
4.76833	81
4.77000	80
4.77167	80
4.77333	79
4.77500	78
4.77667	77
4.77833	76
4.78000	76
4.78167	76
4.78333	77
4.78500	79
4.78667	81
4.78833	83
4.79000	85
4.79167	87
4.79333	90
4.79500	92
4.79667	94
4.79833	95
4.80000	96
4.80167	96
4.80333	96
4.80500	96
4.80667	95
4.80833	94
4.81000	92
4.81167	91
4.81333	90
4.81500	89
4.81667	89
4.81833	88
4.82000	88
4.82167	88
4.82333	88
4.82500	89
4.82667	90
4.82833	91
4.83000	92
4.83167	93
4.83333	93
4.83500	94
4.83667	94
4.83833	94
4.84000	93
4.84167	92
4.84333	91
4.84500	90
4.84667	89
4.84833	89
4.85000	88
4.85167	87
4.85333	87
4.85500	87
4.85667	87
4.85833	88
4.86000	89
4.86167	91
4.86333	92
4.86500	94
4.86667	95
4.86833	96
4.87000	97
4.87167	98
4.87333	98
4.87500	98
4.87667	97
4.87833	97
4.88000	96
4.88167	96
4.88333	97
4.88500	97
4.88667	98
4.88833	98
4.89000	98
4.89167	99
4.89333	99
4.89500	99
4.89667	99
4.89833	99
4.90000	99
4.90167	99
4.90333	100
4.90500	101
4.90667	102
4.90833	103
4.91000	105
4.91167	108
4.91333	110
4.91500	112
4.91667	114
4.91833	116
4.92000	119
4.92167	121
4.92333	123
4.92500	125
4.92667	127
4.92833	129
4.93000	131
4.93167	132
4.93333	134
4.93500	136
4.93667	139
4.93833	142
4.94000	147
4.94167	153
4.94333	161
4.94500	172
4.94667	189
4.94833	213
4.95000	244
4.95167	282
4.95333	337
4.95500	419
4.95667	531
4.95833	679
4.96000	863
4.96167	1095
4.96333	1397
4.96500	1787
4.96667	2279
4.96833	2882
4.97000	3542
4.97167	4245
4.97333	5032
4.97500	5946
4.97667	7018
4.97833	8064
4.98000	8978
4.98167	9809
4.98333	10633
4.98500	11508
4.98667	12254
4.98833	12750
4.99000	13024
4.99167	13136
4.99333	13136
4.99500	13018
4.99667	12763
4.99833	12364
5.00000	11818
5.00167	11128
5.00333	10415
5.00500	9743
5.00667	9081
5.00833	8379
5.01000	7599
5.01167	6862
5.01333	6238
5.01500	5690
5.01667	5166
5.01833	4620
5.02000	4124
5.02167	3721
5.02333	3383
5.02500	3073
5.02667	2761
5.02833	2480
5.03000	2252
5.03167	2059
5.03333	1880
5.03500	1698
5.03667	1533
5.03833	1397
5.04000	1280
5.04167	1170
5.04333	1057
5.04500	954
5.04667	870
5.04833	800
5.05000	736
5.05167	671
5.05333	613
5.05500	567
5.05667	530
5.05833	497
5.06000	464
5.06167	435
5.06333	412
5.06500	393
5.06667	376
5.06833	359
5.07000	343
5.07167	331
5.07333	321
5.07500	312
5.07667	303
5.07833	295
5.08000	288
5.08167	283
5.08333	279
5.08500	275
5.08667	271
5.08833	268
5.09000	265
5.09167	263
5.09333	261
5.09500	260
5.09667	258
5.09833	258
5.10000	257
5.10167	256
5.10333	256
5.10500	255
5.10667	253
5.10833	251
5.11000	249
5.11167	246
5.11333	243
5.11500	240
5.11667	236
5.11833	231
5.12000	227
5.12167	223
5.12333	220
5.12500	217
5.12667	213
5.12833	210
5.13000	207
5.13167	206
5.13333	204
5.13500	203
5.13667	203
5.13833	202
5.14000	202
5.14167	202
5.14333	202
5.14500	202
5.14667	202
5.14833	201
5.15000	200
5.15167	198
5.15333	196
5.15500	194
5.15667	192
5.15833	190
5.16000	187
5.16167	185
5.16333	183
5.16500	182
5.16667	181
5.16833	181
5.17000	181
5.17167	180
5.17333	180
5.17500	179
5.17667	178
5.17833	177
5.18000	176
5.18167	175
5.18333	174
5.18500	173
5.18667	171
5.18833	170
5.19000	170
5.19167	169
5.19333	169
5.19500	168
5.19667	168
5.19833	167
5.20000	166
5.20167	166
5.20333	165
5.20500	164
5.20667	164
5.20833	163
5.21000	163
5.21167	163
5.21333	162
5.21500	162
5.21667	162
5.21833	162
5.22000	162
5.22167	163
5.22333	163
5.22500	163
5.22667	164
5.22833	164
5.23000	164
5.23167	164
5.23333	164
5.23500	163
5.23667	163
5.23833	162
5.24000	161
5.24167	160
5.24333	159
5.24500	157
5.24667	156
5.24833	155
5.25000	155
5.25167	154
5.25333	154
5.25500	154
5.25667	154
5.25833	154
5.26000	155
5.26167	156
5.26333	156
5.26500	157
5.26667	157
5.26833	157
5.27000	157
5.27167	156
5.27333	156
5.27500	155
5.27667	154
5.27833	153
5.28000	153
5.28167	152
5.28333	151
5.28500	150
5.28667	150
5.28833	149
5.29000	148
5.29167	147
5.29333	145
5.29500	144
5.29667	143
5.29833	143
5.30000	143
5.30167	143
5.30333	144
5.30500	145
5.30667	146
5.30833	149
5.31000	151
5.31167	154
5.31333	156
5.31500	158
5.31667	160
5.31833	161
5.32000	162
5.32167	163
5.32333	163
5.32500	162
5.32667	161
5.32833	160
5.33000	159
5.33167	158
5.33333	158
5.33500	157
5.33667	156
5.33833	155
5.34000	154
5.34167	153
5.34333	151
5.34500	150
5.34667	149
5.34833	149
5.35000	148
5.35167	148
5.35333	148
5.35500	148
5.35667	149
5.35833	149
5.36000	150
5.36167	151
5.36333	152
5.36500	153
5.36667	154
5.36833	155
5.37000	156
5.37167	158
5.37333	159
5.37500	160
5.37667	162
5.37833	163
5.38000	164
5.38167	165
5.38333	166
5.38500	166
5.38667	166
5.38833	167
5.39000	167
5.39167	167
5.39333	168
5.39500	168
5.39667	168
5.39833	168
5.40000	168
5.40167	167
5.40333	166
5.40500	166
5.40667	166
5.40833	166
5.41000	166
5.41167	166
5.41333	167
5.41500	167
5.41667	168
5.41833	169
5.42000	170
5.42167	170
5.42333	170
5.42500	170
5.42667	169
5.42833	167
5.43000	167
5.43167	166
5.43333	166
5.43500	166
5.43667	166
5.43833	167
5.44000	168
5.44167	169
5.44333	170
5.44500	171
5.44667	171
5.44833	171
5.45000	170
5.45167	169
5.45333	168
5.45500	167
5.45667	166
5.45833	166
5.46000	165
5.46167	165
5.46333	165
5.46500	166
5.46667	168
5.46833	170
5.47000	172
5.47167	173
5.47333	175
5.47500	177
5.47667	178
5.47833	180
5.48000	180
5.48167	181
5.48333	181
5.48500	180
5.48667	180
5.48833	179
5.49000	179
5.49167	178
5.49333	178
5.49500	178
5.49667	178
5.49833	178
5.50000	179
5.50167	180
5.50333	181
5.50500	183
5.50667	184
5.50833	186
5.51000	188
5.51167	190
5.51333	192
5.51500	193
5.51667	193
5.51833	194
5.52000	195
5.52167	195
5.52333	195
5.52500	195
5.52667	194
5.52833	194
5.53000	193
5.53167	193
5.53333	194
5.53500	195
5.53667	195
5.53833	195
5.54000	194
5.54167	193
5.54333	192
5.54500	191
5.54667	190
5.54833	189
5.55000	189
5.55167	189
5.55333	190
5.55500	191
5.55667	192
5.55833	194
5.56000	196
5.56167	198
5.56333	200
5.56500	201
5.56667	202
5.56833	202
5.57000	202
5.57167	202
5.57333	201
5.57500	200
5.57667	200
5.57833	199
5.58000	198
5.58167	197
5.58333	197
5.58500	197
5.58667	196
5.58833	196
5.59000	196
5.59167	196
5.59333	197
5.59500	197
5.59667	198
5.59833	198
5.60000	198
5.60167	198
5.60333	197
5.60500	197
5.60667	196
5.60833	195
5.61000	194
5.61167	193
5.61333	193
5.61500	193
5.61667	194
5.61833	195
5.62000	196
5.62167	197
5.62333	199
5.62500	201
5.62667	202
5.62833	204
5.63000	205
5.63167	206
5.63333	205
5.63500	205
5.63667	204
5.63833	203
5.64000	201
5.64167	199
5.64333	197
5.64500	195
5.64667	194
5.64833	193
5.65000	192
5.65167	192
5.65333	192
5.65500	192
5.65667	192
5.65833	193
5.66000	195
5.66167	196
5.66333	196
5.66500	197
5.66667	196
5.66833	195
5.67000	194
5.67167	193
5.67333	193
5.67500	192
5.67667	192
5.67833	192
5.68000	193
5.68167	194
5.68333	196
5.68500	198
5.68667	199
5.68833	201
5.69000	201
5.69167	201
5.69333	200
5.69500	199
5.69667	199
5.69833	198
5.70000	198
5.70167	197
5.70333	197
5.70500	197
5.70667	196
5.70833	196
5.71000	196
5.71167	196
5.71333	196
5.71500	196
5.71667	195
5.71833	194
5.72000	193
5.72167	192
5.72333	192
5.72500	192
5.72667	193
5.72833	193
5.73000	193
5.73167	193
5.73333	193
5.73500	192
5.73667	192
5.73833	191
5.74000	191
5.74167	191
5.74333	191
5.74500	192
5.74667	192
5.74833	194
5.75000	195
5.75167	197
5.75333	200
5.75500	201
5.75667	202
5.75833	203
5.76000	204
5.76167	205
5.76333	205
5.76500	204
5.76667	203
5.76833	201
5.77000	199
5.77167	197
5.77333	196
5.77500	195
5.77667	193
5.77833	192
5.78000	192
5.78167	192
5.78333	193
5.78500	194
5.78667	195
5.78833	196
5.79000	197
5.79167	197
5.79333	198
5.79500	198
5.79667	198
5.79833	198
5.80000	197
5.80167	196
5.80333	195
5.80500	195
5.80667	194
5.80833	194
5.81000	194
5.81167	194
5.81333	195
5.81500	196
5.81667	197
5.81833	198
5.82000	199
5.82167	200
5.82333	200
5.82500	200
5.82667	200
5.82833	200
5.83000	200
5.83167	200
5.83333	200
5.83500	200
5.83667	200
5.83833	200
5.84000	200
5.84167	201
5.84333	201
5.84500	202
5.84667	202
5.84833	201
5.85000	200
5.85167	199
5.85333	197
5.85500	196
5.85667	195
5.85833	195
5.86000	195
5.86167	195
5.86333	196
5.86500	196
5.86667	197
5.86833	198
5.87000	199
5.87167	200
5.87333	200
5.87500	200
5.87667	200
5.87833	200
5.88000	200
5.88167	200
5.88333	201
5.88500	202
5.88667	203
5.88833	204
5.89000	204
5.89167	204
5.89333	204
5.89500	204
5.89667	204
5.89833	204
5.90000	204
5.90167	205
5.90333	205
5.90500	205
5.90667	206
5.90833	206
5.91000	206
5.91167	207
5.91333	207
5.91500	207
5.91667	207
5.91833	207
5.92000	207
5.92167	207
5.92333	207
5.92500	207
5.92667	208
5.92833	208
5.93000	208
5.93167	208
5.93333	207
5.93500	206
5.93667	205
5.93833	204
5.94000	203
5.94167	203
5.94333	203
5.94500	203
5.94667	203
5.94833	204
5.95000	205
5.95167	207
5.95333	208
5.95500	209
5.95667	209
5.95833	209
5.96000	209
5.96167	208
5.96333	207
5.96500	207
5.96667	206
5.96833	205
5.97000	205
5.97167	205
5.97333	206
5.97500	207
5.97667	209
5.97833	211
5.98000	212
5.98167	213
5.98333	215
5.98500	216
5.98667	218
5.98833	219
5.99000	219
5.99167	219
5.99333	218
5.99500	217
5.99667	216
5.99833	215
6.00000	214
6.00167	212
6.00333	210
6.00500	209
6.00667	208
6.00833	208
6.01000	207
6.01167	207
6.01333	207
6.01500	208
6.01667	209
6.01833	210
6.02000	212
6.02167	213
6.02333	214
6.02500	215
6.02667	216
6.02833	217
6.03000	218
6.03167	219
6.03333	220
6.03500	221
6.03667	222
6.03833	222
6.04000	223
6.04167	223
6.04333	223
6.04500	223
6.04667	223
6.04833	222
6.05000	222
6.05167	221
6.05333	220
6.05500	219
6.05667	219
6.05833	219
6.06000	219
6.06167	220
6.06333	220
6.06500	221
6.06667	221
6.06833	221
6.07000	222
6.07167	222
6.07333	223
6.07500	224
6.07667	225
6.07833	227
6.08000	228
6.08167	229
6.08333	229
6.08500	230
6.08667	230
6.08833	230
6.09000	230
6.09167	228
6.09333	227
6.09500	225
6.09667	224
6.09833	223
6.10000	223
6.10167	223
6.10333	223
6.10500	224
6.10667	225
6.10833	226
6.11000	227
6.11167	228
6.11333	229
6.11500	230
6.11667	230
6.11833	231
6.12000	231
6.12167	231
6.12333	231
6.12500	231
6.12667	231
6.12833	232
6.13000	232
6.13167	233
6.13333	234
6.13500	235
6.13667	236
6.13833	237
6.14000	238
6.14167	239
6.14333	239
6.14500	240
6.14667	240
6.14833	240
6.15000	240
6.15167	240
6.15333	239
6.15500	239
6.15667	238
6.15833	237
6.16000	235
6.16167	234
6.16333	234
6.16500	233
6.16667	233
6.16833	233
6.17000	233
6.17167	233
6.17333	234
6.17500	235
6.17667	235
6.17833	236
6.18000	236
6.18167	236
6.18333	236
6.18500	235
6.18667	235
6.18833	234
6.19000	234
6.19167	233
6.19333	233
6.19500	233
6.19667	234
6.19833	234
6.20000	235
6.20167	235
6.20333	236
6.20500	237
6.20667	238
6.20833	240
6.21000	241
6.21167	242
6.21333	244
6.21500	246
6.21667	247
6.21833	249
6.22000	251
6.22167	252
6.22333	253
6.22500	253
6.22667	253
6.22833	253
6.23000	252
6.23167	251
6.23333	249
6.23500	247
6.23667	245
6.23833	243
6.24000	242
6.24167	242
6.24333	241
6.24500	241
6.24667	241
6.24833	241
6.25000	241
6.25167	242
6.25333	243
6.25500	244
6.25667	245
6.25833	247
6.26000	248
6.26167	249
6.26333	250
6.26500	251
6.26667	251
6.26833	251
6.27000	251
6.27167	250
6.27333	249
6.27500	247
6.27667	245
6.27833	242
6.28000	241
6.28167	240
6.28333	239
6.28500	239
6.28667	239
6.28833	239
6.29000	239
6.29167	239
6.29333	240
6.29500	241
6.29667	242
6.29833	243
6.30000	244
6.30167	245
6.30333	246
6.30500	247
6.30667	248
6.30833	250
6.31000	251
6.31167	253
6.31333	254
6.31500	255
6.31667	255
6.31833	254
6.32000	254
6.32167	253
6.32333	252
6.32500	251
6.32667	249
6.32833	248
6.33000	247
6.33167	247
6.33333	247
6.33500	247
6.33667	248
6.33833	249
6.34000	251
6.34167	253
6.34333	256
6.34500	258
6.34667	260
6.34833	262
6.35000	264
6.35167	266
6.35333	267
6.35500	268
6.35667	267
6.35833	266
6.36000	265
6.36167	263
6.36333	262
6.36500	262
6.36667	262
6.36833	262
6.37000	262
6.37167	263
6.37333	264
6.37500	266
6.37667	267
6.37833	269
6.38000	270
6.38167	270
6.38333	270
6.38500	269
6.38667	269
6.38833	268
6.39000	268
6.39167	268
6.39333	268
6.39500	268
6.39667	268
6.39833	269
6.40000	269
6.40167	270
6.40333	270
6.40500	270
6.40667	271
6.40833	271
6.41000	271
6.41167	272
6.41333	272
6.41500	272
6.41667	272
6.41833	272
6.42000	271
6.42167	271
6.42333	271
6.42500	271
6.42667	270
6.42833	271
6.43000	271
6.43167	271
6.43333	271
6.43500	271
6.43667	271
6.43833	270
6.44000	270
6.44167	269
6.44333	268
6.44500	267
6.44667	266
6.44833	266
6.45000	266
6.45167	266
6.45333	266
6.45500	266
6.45667	267
6.45833	268
6.46000	269
6.46167	271
6.46333	272
6.46500	273
6.46667	274
6.46833	276
6.47000	277
6.47167	278
6.47333	278
6.47500	279
6.47667	279
6.47833	279
6.48000	279
6.48167	279
6.48333	279
6.48500	278
6.48667	278
6.48833	277
6.49000	277
6.49167	277
6.49333	277
6.49500	276
6.49667	276
6.49833	277
6.50000	277
6.50167	278
6.50333	279
6.50500	280
6.50667	280
6.50833	280
6.51000	279
6.51167	279
6.51333	279
6.51500	278
6.51667	278
6.51833	278
6.52000	278
6.52167	279
6.52333	279
6.52500	280
6.52667	281
6.52833	282
6.53000	283
6.53167	284
6.53333	285
6.53500	286
6.53667	287
6.53833	289
6.54000	290
6.54167	291
6.54333	292
6.54500	293
6.54667	294
6.54833	294
6.55000	294
6.55167	293
6.55333	293
6.55500	292
6.55667	291
6.55833	289
6.56000	288
6.56167	287
6.56333	286
6.56500	285
6.56667	284
6.56833	284
6.57000	283
6.57167	283
6.57333	283
6.57500	284
6.57667	285
6.57833	286
6.58000	287
6.58167	288
6.58333	288
6.58500	288
6.58667	289
6.58833	289
6.59000	289
6.59167	290
6.59333	290
6.59500	291
6.59667	291
6.59833	290
6.60000	290
6.60167	289
6.60333	288
6.60500	287
6.60667	287
6.60833	287
6.61000	288
6.61167	288
6.61333	289
6.61500	290
6.61667	291
6.61833	293
6.62000	294
6.62167	294
6.62333	294
6.62500	293
6.62667	291
6.62833	290
6.63000	288
6.63167	287
6.63333	286
6.63500	285
6.63667	284
6.63833	284
6.64000	284
6.64167	285
6.64333	286
6.64500	288
6.64667	289
6.64833	291
6.65000	292
6.65167	294
6.65333	295
6.65500	296
6.65667	296
6.65833	296
6.66000	296
6.66167	296
6.66333	296
6.66500	297
6.66667	297
6.66833	298
6.67000	299
6.67167	299
6.67333	300
6.67500	300
6.67667	301
6.67833	301
6.68000	301
6.68167	301
6.68333	301
6.68500	300
6.68667	300
6.68833	299
6.69000	299
6.69167	298
6.69333	298
6.69500	298
6.69667	298
6.69833	299
6.70000	300
6.70167	301
6.70333	303
6.70500	304
6.70667	305
6.70833	305
6.71000	306
6.71167	306
6.71333	306
6.71500	306
6.71667	306
6.71833	305
6.72000	304
6.72167	304
6.72333	304
6.72500	304
6.72667	304
6.72833	304
6.73000	305
6.73167	305
6.73333	305
6.73500	305
6.73667	305
6.73833	305
6.74000	305
6.74167	305
6.74333	306
6.74500	306
6.74667	307
6.74833	309
6.75000	311
6.75167	314
6.75333	316
6.75500	318
6.75667	319
6.75833	320
6.76000	320
6.76167	320
6.76333	320
6.76500	319
6.76667	318
6.76833	317
6.77000	316
6.77167	315
6.77333	314
6.77500	315
6.77667	315
6.77833	316
6.78000	317
6.78167	318
6.78333	319
6.78500	320
6.78667	322
6.78833	323
6.79000	324
6.79167	324
6.79333	325
6.79500	326
6.79667	326
6.79833	326
6.80000	325
6.80167	325
6.80333	323
6.80500	322
6.80667	320
6.80833	319
6.81000	317
6.81167	315
6.81333	314
6.81500	313
6.81667	312
6.81833	311
6.82000	310
6.82167	310
6.82333	310
6.82500	311
6.82667	312
6.82833	314
6.83000	315
6.83167	316
6.83333	317
6.83500	318
6.83667	319
6.83833	320
6.84000	320
6.84167	320
6.84333	320
6.84500	321
6.84667	321
6.84833	322
6.85000	323
6.85167	324
6.85333	326
6.85500	327
6.85667	328
6.85833	329
6.86000	330
6.86167	331
6.86333	332
6.86500	332
6.86667	332
6.86833	331
6.87000	330
6.87167	330
6.87333	329
6.87500	328
6.87667	327
6.87833	326
6.88000	326
6.88167	325
6.88333	324
6.88500	323
6.88667	322
6.88833	322
6.89000	322
6.89167	322
6.89333	322
6.89500	323
6.89667	323
6.89833	324
6.90000	325
6.90167	326
6.90333	328
6.90500	329
6.90667	330
6.90833	331
6.91000	332
6.91167	333
6.91333	334
6.91500	335
6.91667	335
6.91833	336
6.92000	336
6.92167	336
6.92333	335
6.92500	334
6.92667	332
6.92833	331
6.93000	329
6.93167	328
6.93333	327
6.93500	326
6.93667	326
6.93833	325
6.94000	325
6.94167	325
6.94333	326
6.94500	327
6.94667	327
6.94833	328
6.95000	329
6.95167	330
6.95333	331
6.95500	333
6.95667	334
6.95833	335
6.96000	336
6.96167	338
6.96333	339
6.96500	340
6.96667	340
6.96833	341
6.97000	341
6.97167	342
6.97333	343
6.97500	344
6.97667	345
6.97833	346
6.98000	347
6.98167	347
6.98333	348
6.98500	349
6.98667	349
6.98833	349
6.99000	350
6.99167	350
6.99333	350
6.99500	350
6.99667	350
6.99833	349
7.00000	349
7.00167	348
7.00333	348
7.00500	347
7.00667	347
7.00833	346
7.01000	345
7.01167	345
7.01333	344
7.01500	344
7.01667	343
7.01833	343
7.02000	344
7.02167	344
7.02333	344
7.02500	344
7.02667	343
7.02833	343
7.03000	343
7.03167	342
7.03333	342
7.03500	341
7.03667	341
7.03833	341
7.04000	341
7.04167	342
7.04333	342
7.04500	343
7.04667	344
7.04833	345
7.05000	347
7.05167	349
7.05333	350
7.05500	351
7.05667	352
7.05833	352
7.06000	351
7.06167	350
7.06333	350
7.06500	349
7.06667	349
7.06833	349
7.07000	348
7.07167	348
7.07333	348
7.07500	348
7.07667	349
7.07833	349
7.08000	350
7.08167	350
7.08333	349
7.08500	349
7.08667	348
7.08833	348
7.09000	348
7.09167	349
7.09333	350
7.09500	351
7.09667	352
7.09833	353
7.10000	354
7.10167	355
7.10333	355
7.10500	356
7.10667	356
7.10833	356
7.11000	356
7.11167	357
7.11333	357
7.11500	358
7.11667	359
7.11833	361
7.12000	362
7.12167	363
7.12333	363
7.12500	362
7.12667	361
7.12833	360
7.13000	359
7.13167	358
7.13333	357
7.13500	356
7.13667	355
7.13833	355
7.14000	355
7.14167	356
7.14333	358
7.14500	360
7.14667	361
7.14833	362
7.15000	363
7.15167	364
7.15333	364
7.15500	364
7.15667	365
7.15833	365
7.16000	366
7.16167	366
7.16333	366
7.16500	367
7.16667	367
7.16833	367
7.17000	368
7.17167	368
7.17333	368
7.17500	368
7.17667	368
7.17833	368
7.18000	367
7.18167	368
7.18333	368
7.18500	369
7.18667	369
7.18833	370
7.19000	370
7.19167	370
7.19333	371
7.19500	371
7.19667	371
7.19833	371
7.20000	371
7.20167	371
7.20333	371
7.20500	371
7.20667	371
7.20833	371
7.21000	371
7.21167	371
7.21333	371
7.21500	372
7.21667	372
7.21833	373
7.22000	374
7.22167	375
7.22333	376
7.22500	377
7.22667	378
7.22833	379
7.23000	380
7.23167	380
7.23333	380
7.23500	379
7.23667	379
7.23833	378
7.24000	377
7.24167	376
7.24333	375
7.24500	374
7.24667	373
7.24833	373
7.25000	372
7.25167	371
7.25333	370
7.25500	369
7.25667	369
7.25833	370
7.26000	370
7.26167	371
7.26333	372
7.26500	373
7.26667	375
7.26833	376
7.27000	378
7.27167	379
7.27333	379
7.27500	379
7.27667	379
7.27833	379
7.28000	378
7.28167	378
7.28333	377
7.28500	376
7.28667	375
7.28833	375
7.29000	375
7.29167	377
7.29333	379
7.29500	381
7.29667	382
7.29833	384
7.30000	385
7.30167	386
7.30333	386
7.30500	387
7.30667	386
7.30833	386
7.31000	385
7.31167	385
7.31333	384
7.31500	383
7.31667	382
7.31833	381
7.32000	381
7.32167	380
7.32333	380
7.32500	379
7.32667	379
7.32833	379
7.33000	379
7.33167	380
7.33333	381
7.33500	382
7.33667	384
7.33833	385
7.34000	385
7.34167	385
7.34333	385
7.34500	385
7.34667	385
7.34833	385
7.35000	385
7.35167	385
7.35333	385
7.35500	385
7.35667	385
7.35833	385
7.36000	385
7.36167	386
7.36333	387
7.36500	388
7.36667	389
7.36833	391
7.37000	392
7.37167	393
7.37333	394
7.37500	395
7.37667	395
7.37833	395
7.38000	395
7.38167	395
7.38333	393
7.38500	392
7.38667	390
7.38833	390
7.39000	389
7.39167	390
7.39333	390
7.39500	391
7.39667	392
7.39833	393
7.40000	394
7.40167	395
7.40333	396
7.40500	397
7.40667	397
7.40833	397
7.41000	397
7.41167	396
7.41333	396
7.41500	396
7.41667	396
7.41833	397
7.42000	397
7.42167	398
7.42333	398
7.42500	398
7.42667	399
7.42833	399
7.43000	399
7.43167	399
7.43333	399
7.43500	398
7.43667	398
7.43833	398
7.44000	398
7.44167	398
7.44333	399
7.44500	400
7.44667	401
7.44833	403
7.45000	404
7.45167	405
7.45333	407
7.45500	408
7.45667	410
7.45833	412
7.46000	414
7.46167	415
7.46333	416
7.46500	417
7.46667	417
7.46833	417
7.47000	416
7.47167	415
7.47333	413
7.47500	411
7.47667	409
7.47833	407
7.48000	405
7.48167	403
7.48333	402
7.48500	401
7.48667	400
7.48833	400
7.49000	400
7.49167	400
7.49333	401
7.49500	401
7.49667	402
7.49833	402
7.50000	403
7.50167	403
7.50333	404
7.50500	404
7.50667	404
7.50833	404
7.51000	404
7.51167	404
7.51333	404
7.51500	404
7.51667	405
7.51833	405
7.52000	406
7.52167	407
7.52333	408
7.52500	409
7.52667	410
7.52833	410
7.53000	411
7.53167	411
7.53333	412
7.53500	412
7.53667	412
7.53833	413
7.54000	413
7.54167	413
7.54333	413
7.54500	414
7.54667	414
7.54833	414
7.55000	414
7.55167	414
7.55333	414
7.55500	414
7.55667	413
7.55833	412
7.56000	411
7.56167	410
7.56333	410
7.56500	410
7.56667	411
7.56833	411
7.57000	413
7.57167	414
7.57333	415
7.57500	416
7.57667	418
7.57833	419
7.58000	420
7.58167	421
7.58333	421
7.58500	422
7.58667	423
7.58833	424
7.59000	424
7.59167	425
7.59333	426
7.59500	427
7.59667	427
7.59833	426
7.60000	425
7.60167	424
7.60333	423
7.60500	422
7.60667	422
7.60833	422
7.61000	422
7.61167	423
7.61333	424
7.61500	425
7.61667	427
7.61833	428
7.62000	430
7.62167	431
7.62333	431
7.62500	430
7.62667	429
7.62833	428
7.63000	427
7.63167	426
7.63333	425
7.63500	425
7.63667	424
7.63833	423
7.64000	423
7.64167	423
7.64333	423
7.64500	424
7.64667	424
7.64833	425
7.65000	425
7.65167	425
7.65333	426
7.65500	426
7.65667	426
7.65833	427
7.66000	427
7.66167	427
7.66333	427
7.66500	427
7.66667	428
7.66833	428
7.67000	428
7.67167	428
7.67333	428
7.67500	429
7.67667	429
7.67833	430
7.68000	430
7.68167	430
7.68333	430
7.68500	431
7.68667	431
7.68833	430
7.69000	430
7.69167	430
7.69333	430
7.69500	430
7.69667	431
7.69833	431
7.70000	432
7.70167	432
7.70333	433
7.70500	434
7.70667	435
7.70833	436
7.71000	438
7.71167	439
7.71333	440
7.71500	441
7.71667	442
7.71833	444
7.72000	444
7.72167	445
7.72333	445
7.72500	444
7.72667	444
7.72833	443
7.73000	442
7.73167	442
7.73333	441
7.73500	441
7.73667	440
7.73833	440
7.74000	440
7.74167	441
7.74333	442
7.74500	443
7.74667	444
7.74833	444
7.75000	445
7.75167	446
7.75333	447
7.75500	447
7.75667	447
7.75833	447
7.76000	447
7.76167	447
7.76333	447
7.76500	446
7.76667	445
7.76833	444
7.77000	444
7.77167	444
7.77333	444
7.77500	446
7.77667	448
7.77833	450
7.78000	452
7.78167	453
7.78333	455
7.78500	457
7.78667	459
7.78833	460
7.79000	460
7.79167	459
7.79333	458
7.79500	456
7.79667	455
7.79833	454
7.80000	453
7.80167	452
7.80333	451
7.80500	451
7.80667	450
7.80833	451
7.81000	451
7.81167	451
7.81333	452
7.81500	453
7.81667	454
7.81833	455
7.82000	456
7.82167	456
7.82333	457
7.82500	457
7.82667	457
7.82833	457
7.83000	456
7.83167	456
7.83333	455
7.83500	454
7.83667	454
7.83833	453
7.84000	453
7.84167	454
7.84333	454
7.84500	455
7.84667	456
7.84833	457
7.85000	458
7.85167	459
7.85333	460
7.85500	460
7.85667	460
7.85833	459
7.86000	458
7.86167	457
7.86333	457
7.86500	456
7.86667	456
7.86833	457
7.87000	458
7.87167	458
7.87333	460
7.87500	461
7.87667	463
7.87833	465
7.88000	466
7.88167	467
7.88333	467
7.88500	466
7.88667	466
7.88833	465
7.89000	464
7.89167	464
7.89333	464
7.89500	464
7.89667	464
7.89833	464
7.90000	464
7.90167	464
7.90333	464
7.90500	464
7.90667	464
7.90833	464
7.91000	464
7.91167	464
7.91333	463
7.91500	464
7.91667	464
7.91833	464
7.92000	465
7.92167	465
7.92333	466
7.92500	467
7.92667	467
7.92833	468
7.93000	468
7.93167	469
7.93333	469
7.93500	469
7.93667	470
7.93833	470
7.94000	471
7.94167	471
7.94333	471
7.94500	470
7.94667	470
7.94833	470
7.95000	470
7.95167	470
7.95333	470
7.95500	470
7.95667	471
7.95833	472
7.96000	473
7.96167	475
7.96333	476
7.96500	477
7.96667	478
7.96833	479
7.97000	479
7.97167	480
7.97333	480
7.97500	480
7.97667	480
7.97833	479
7.98000	479
7.98167	479
7.98333	478
7.98500	478
7.98667	478
7.98833	478
7.99000	478
7.99167	479
7.99333	479
7.99500	480
7.99667	480
7.99833	480
8.00000	481
8.00167	481
8.00333	481
8.00500	480
8.00667	480
8.00833	480
8.01000	479
8.01167	479
8.01333	479
8.01500	479
8.01667	479
8.01833	479
8.02000	480
8.02167	480
8.02333	481
8.02500	482
8.02667	483
8.02833	483
8.03000	484
8.03167	485
8.03333	486
8.03500	486
8.03667	487
8.03833	487
8.04000	487
8.04167	486
8.04333	486
8.04500	485
8.04667	485
8.04833	485
8.05000	485
8.05167	485
8.05333	486
8.05500	487
8.05667	488
8.05833	490
8.06000	492
8.06167	493
8.06333	495
8.06500	495
8.06667	495
8.06833	496
8.07000	495
8.07167	495
8.07333	495
8.07500	495
8.07667	495
8.07833	495
8.08000	495
8.08167	496
8.08333	497
8.08500	499
8.08667	500
8.08833	502
8.09000	502
8.09167	503
8.09333	503
8.09500	504
8.09667	504
8.09833	504
8.10000	504
8.10167	503
8.10333	503
8.10500	502
8.10667	502
8.10833	502
8.11000	502
8.11167	502
8.11333	502
8.11500	502
8.11667	501
8.11833	500
8.12000	499
8.12167	498
8.12333	498
8.12500	498
8.12667	498
8.12833	498
8.13000	499
8.13167	501
8.13333	503
8.13500	505
8.13667	507
8.13833	509
8.14000	510
8.14167	511
8.14333	511
8.14500	510
8.14667	510
8.14833	510
8.15000	510
8.15167	511
8.15333	511
8.15500	512
8.15667	513
8.15833	514
8.16000	515
8.16167	516
8.16333	516
8.16500	516
8.16667	515
8.16833	514
8.17000	512
8.17167	511
8.17333	509
8.17500	508
8.17667	507
8.17833	506
8.18000	505
8.18167	506
8.18333	506
8.18500	508
8.18667	509
8.18833	511
8.19000	512
8.19167	512
8.19333	513
8.19500	514
8.19667	514
8.19833	514
8.20000	514
8.20167	515
8.20333	515
8.20500	515
8.20667	516
8.20833	518
8.21000	519
8.21167	521
8.21333	522
8.21500	523
8.21667	524
8.21833	524
8.22000	525
8.22167	525
8.22333	525
8.22500	524
8.22667	523
8.22833	521
8.23000	520
8.23167	520
8.23333	519
8.23500	519
8.23667	519
8.23833	519
8.24000	519
8.24167	520
8.24333	521
8.24500	522
8.24667	523
8.24833	523
8.25000	523
8.25167	522
8.25333	522
8.25500	522
8.25667	522
8.25833	521
8.26000	521
8.26167	522
8.26333	522
8.26500	523
8.26667	524
8.26833	525
8.27000	526
8.27167	527
8.27333	528
8.27500	528
8.27667	528
8.27833	529
8.28000	529
8.28167	528
8.28333	528
8.28500	527
8.28667	526
8.28833	525
8.29000	524
8.29167	524
8.29333	525
8.29500	525
8.29667	526
8.29833	526
8.30000	527
8.30167	528
8.30333	529
8.30500	530
8.30667	530
8.30833	530
8.31000	529
8.31167	529
8.31333	528
8.31500	527
8.31667	527
8.31833	526
8.32000	526
8.32167	526
8.32333	527
8.32500	527
8.32667	529
8.32833	530
8.33000	531
8.33167	532
8.33333	532
8.33500	533
8.33667	533
8.33833	532
8.34000	532
8.34167	531
8.34333	530
8.34500	529
8.34667	529
8.34833	529
8.35000	530
8.35167	531
8.35333	532
8.35500	532
8.35667	533
8.35833	534
8.36000	534
8.36167	534
8.36333	535
8.36500	535
8.36667	535
8.36833	535
8.37000	536
8.37167	536
8.37333	537
8.37500	537
8.37667	538
8.37833	539
8.38000	539
8.38167	539
8.38333	539
8.38500	539
8.38667	539
8.38833	539
8.39000	539
8.39167	539
8.39333	539
8.39500	540
8.39667	540
8.39833	541
8.40000	542
8.40167	542
8.40333	543
8.40500	543
8.40667	543
8.40833	543
8.41000	542
8.41167	542
8.41333	541
8.41500	541
8.41667	541
8.41833	541
8.42000	540
8.42167	541
8.42333	541
8.42500	542
8.42667	544
8.42833	545
8.43000	546
8.43167	547
8.43333	547
8.43500	548
8.43667	549
8.43833	549
8.44000	550
8.44167	550
8.44333	551
8.44500	551
8.44667	552
8.44833	552
8.45000	552
8.45167	552
8.45333	553
8.45500	553
8.45667	553
8.45833	553
8.46000	552
8.46167	552
8.46333	552
8.46500	552
8.46667	552
8.46833	553
8.47000	553
8.47167	554
8.47333	554
8.47500	554
8.47667	555
8.47833	555
8.48000	555
8.48167	555
8.48333	554
8.48500	554
8.48667	553
8.48833	552
8.49000	552
8.49167	552
8.49333	551
8.49500	551
8.49667	551
8.49833	551
8.50000	551
8.50167	551
8.50333	552
8.50500	552
8.50667	553
8.50833	553
8.51000	554
8.51167	555
8.51333	556
8.51500	557
8.51667	558
8.51833	559
8.52000	560
8.52167	560
8.52333	561
8.52500	561
8.52667	561
8.52833	561
8.53000	560
8.53167	560
8.53333	559
8.53500	558
8.53667	557
8.53833	556
8.54000	556
8.54167	555
8.54333	555
8.54500	554
8.54667	554
8.54833	554
8.55000	554
8.55167	554
8.55333	554
8.55500	555
8.55667	555
8.55833	556
8.56000	557
8.56167	557
8.56333	558
8.56500	559
8.56667	559
8.56833	560
8.57000	561
8.57167	562
8.57333	563
8.57500	563
8.57667	564
8.57833	565
8.58000	566
8.58167	567
8.58333	568
8.58500	569
8.58667	570
8.58833	571
8.59000	571
8.59167	572
8.59333	572
8.59500	572
8.59667	572
8.59833	571
8.60000	570
8.60167	569
8.60333	568
8.60500	567
8.60667	566
8.60833	565
8.61000	565
8.61167	564
8.61333	564
8.61500	565
8.61667	566
8.61833	567
8.62000	569
8.62167	570
8.62333	570
8.62500	570
8.62667	571
8.62833	570
8.63000	570
8.63167	569
8.63333	567
8.63500	566
8.63667	564
8.63833	563
8.64000	563
8.64167	563
8.64333	562
8.64500	563
8.64667	563
8.64833	564
8.65000	564
8.65167	565
8.65333	566
8.65500	567
8.65667	568
8.65833	568
8.66000	569
8.66167	570
8.66333	570
8.66500	571
8.66667	571
8.66833	570
8.67000	571
8.67167	571
8.67333	572
8.67500	573
8.67667	575
8.67833	576
8.68000	578
8.68167	579
8.68333	581
8.68500	582
8.68667	584
8.68833	585
8.69000	585
8.69167	585
8.69333	585
8.69500	585
8.69667	585
8.69833	585
8.70000	584
8.70167	584
8.70333	584
8.70500	583
8.70667	582
8.70833	582
8.71000	581
8.71167	580
8.71333	580
8.71500	580
8.71667	580
8.71833	581
8.72000	582
8.72167	583
8.72333	583
8.72500	584
8.72667	584
8.72833	584
8.73000	584
8.73167	584
8.73333	585
8.73500	585
8.73667	585
8.73833	586
8.74000	587
8.74167	588
8.74333	589
8.74500	591
8.74667	592
8.74833	592
8.75000	593
8.75167	593
8.75333	593
8.75500	593
8.75667	593
8.75833	593
8.76000	593
8.76167	593
8.76333	593
8.76500	592
8.76667	592
8.76833	591
8.77000	591
8.77167	590
8.77333	590
8.77500	590
8.77667	590
8.77833	591
8.78000	591
8.78167	592
8.78333	593
8.78500	594
8.78667	595
8.78833	595
8.79000	595
8.79167	595
8.79333	594
8.79500	593
8.79667	593
8.79833	592
8.80000	592
8.80167	592
8.80333	592
8.80500	593
8.80667	593
8.80833	594
8.81000	595
8.81167	596
8.81333	597
8.81500	597
8.81667	597
8.81833	598
8.82000	598
8.82167	598
8.82333	597
8.82500	597
8.82667	597
8.82833	597
8.83000	597
8.83167	597
8.83333	597
8.83500	597
8.83667	598
8.83833	598
8.84000	598
8.84167	598
8.84333	598
8.84500	598
8.84667	598
8.84833	598
8.85000	598
8.85167	598
8.85333	599
8.85500	600
8.85667	602
8.85833	603
8.86000	605
8.86167	606
8.86333	608
8.86500	609
8.86667	610
8.86833	611
8.87000	611
8.87167	612
8.87333	612
8.87500	612
8.87667	612
8.87833	613
8.88000	613
8.88167	613
8.88333	613
8.88500	613
8.88667	613
8.88833	613
8.89000	613
8.89167	613
8.89333	612
8.89500	612
8.89667	611
8.89833	611
8.90000	611
8.90167	610
8.90333	610
8.90500	610
8.90667	610
8.90833	610
8.91000	610
8.91167	609
8.91333	610
8.91500	610
8.91667	611
8.91833	612
8.92000	614
8.92167	616
8.92333	617
8.92500	619
8.92667	621
8.92833	623
8.93000	624
8.93167	624
8.93333	624
8.93500	623
8.93667	622
8.93833	621
8.94000	620
8.94167	618
8.94333	617
8.94500	615
8.94667	614
8.94833	613
8.95000	612
8.95167	612
8.95333	611
8.95500	610
8.95667	610
8.95833	609
8.96000	608
8.96167	607
8.96333	606
8.96500	606
8.96667	606
8.96833	605
8.97000	605
8.97167	605
8.97333	606
8.97500	606
8.97667	607
8.97833	608
8.98000	608
8.98167	609
8.98333	611
8.98500	612
8.98667	613
8.98833	614
8.99000	616
8.99167	617
8.99333	618
8.99500	619
8.99667	619
8.99833	620
9.00000	619
9.00167	618
9.00333	618
9.00500	617
9.00667	617
9.00833	616
9.01000	616
9.01167	616
9.01333	617
9.01500	618
9.01667	619
9.01833	620
9.02000	621
9.02167	622
9.02333	622
9.02500	623
9.02667	623
9.02833	623
9.03000	624
9.03167	624
9.03333	625
9.03500	625
9.03667	626
9.03833	627
9.04000	628
9.04167	630
9.04333	631
9.04500	633
9.04667	634
9.04833	634
9.05000	634
9.05167	634
9.05333	633
9.05500	633
9.05667	633
9.05833	632
9.06000	632
9.06167	631
9.06333	631
9.06500	630
9.06667	630
9.06833	629
9.07000	629
9.07167	628
9.07333	628
9.07500	627
9.07667	627
9.07833	627
9.08000	628
9.08167	629
9.08333	630
9.08500	633
9.08667	635
9.08833	636
9.09000	638
9.09167	640
9.09333	641
9.09500	643
9.09667	644
9.09833	644
9.10000	644
9.10167	643
9.10333	642
9.10500	642
9.10667	642
9.10833	642
9.11000	641
9.11167	641
9.11333	641
9.11500	641
9.11667	641
9.11833	641
9.12000	641
9.12167	641
9.12333	641
9.12500	641
9.12667	640
9.12833	640
9.13000	640
9.13167	639
9.13333	639
9.13500	638
9.13667	637
9.13833	637
9.14000	636
9.14167	636
9.14333	636
9.14500	637
9.14667	637
9.14833	638
9.15000	638
9.15167	639
9.15333	640
9.15500	641
9.15667	641
9.15833	641
9.16000	642
9.16167	642
9.16333	643
9.16500	643
9.16667	644
9.16833	644
9.17000	645
9.17167	645
9.17333	645
9.17500	644
9.17667	644
9.17833	643
9.18000	643
9.18167	643
9.18333	643
9.18500	644
9.18667	645
9.18833	646
9.19000	647
9.19167	648
9.19333	649
9.19500	649
9.19667	650
9.19833	650
9.20000	651
9.20167	651
9.20333	651
9.20500	651
9.20667	651
9.20833	651
9.21000	651
9.21167	652
9.21333	652
9.21500	652
9.21667	652
9.21833	652
9.22000	653
9.22167	653
9.22333	653
9.22500	654
9.22667	654
9.22833	655
9.23000	655
9.23167	655
9.23333	655
9.23500	655
9.23667	655
9.23833	654
9.24000	654
9.24167	653
9.24333	653
9.24500	652
9.24667	652
9.24833	652
9.25000	652
9.25167	653
9.25333	654
9.25500	655
9.25667	657
9.25833	659
9.26000	661
9.26167	663
9.26333	665
9.26500	666
9.26667	666
9.26833	667
9.27000	668
9.27167	668
9.27333	668
9.27500	668
9.27667	668
9.27833	668
9.28000	668
9.28167	668
9.28333	669
9.28500	669
9.28667	670
9.28833	670
9.29000	671
9.29167	671
9.29333	671
9.29500	671
9.29667	670
9.29833	670
9.30000	670
9.30167	669
9.30333	669
9.30500	668
9.30667	668
9.30833	667
9.31000	667
9.31167	667
9.31333	666
9.31500	666
9.31667	666
9.31833	666
9.32000	666
9.32167	666
9.32333	666
9.32500	667
9.32667	668
9.32833	669
9.33000	671
9.33167	672
9.33333	673
9.33500	674
9.33667	676
9.33833	676
9.34000	676
9.34167	675
9.34333	674
9.34500	673
9.34667	672
9.34833	671
9.35000	670
9.35167	668
9.35333	667
9.35500	667
9.35667	667
9.35833	668
9.36000	669
9.36167	671
9.36333	672
9.36500	674
9.36667	675
9.36833	676
9.37000	676
9.37167	677
9.37333	676
9.37500	676
9.37667	674
9.37833	673
9.38000	673
9.38167	673
9.38333	673
9.38500	674
9.38667	675
9.38833	675
9.39000	676
9.39167	677
9.39333	678
9.39500	678
9.39667	679
9.39833	679
9.40000	679
9.40167	679
9.40333	679
9.40500	680
9.40667	680
9.40833	680
9.41000	680
9.41167	680
9.41333	680
9.41500	680
9.41667	680
9.41833	679
9.42000	679
9.42167	678
9.42333	679
9.42500	679
9.42667	680
9.42833	681
9.43000	682
9.43167	682
9.43333	683
9.43500	683
9.43667	682
9.43833	682
9.44000	682
9.44167	681
9.44333	680
9.44500	679
9.44667	679
9.44833	679
9.45000	679
9.45167	680
9.45333	680
9.45500	681
9.45667	681
9.45833	682
9.46000	682
9.46167	682
9.46333	682
9.46500	681
9.46667	681
9.46833	680
9.47000	679
9.47167	679
9.47333	679
9.47500	680
9.47667	681
9.47833	683
9.48000	685
9.48167	687
9.48333	689
9.48500	691
9.48667	694
9.48833	695
9.49000	697
9.49167	697
9.49333	698
9.49500	698
9.49667	698
9.49833	698
9.50000	697
9.50167	696
9.50333	695
9.50500	694
9.50667	693
9.50833	693
9.51000	692
9.51167	692
9.51333	691
9.51500	691
9.51667	692
9.51833	692
9.52000	693
9.52167	693
9.52333	694
9.52500	695
9.52667	695
9.52833	696
9.53000	697
9.53167	697
9.53333	697
9.53500	697
9.53667	697
9.53833	697
9.54000	696
9.54167	696
9.54333	694
9.54500	693
9.54667	693
9.54833	693
9.55000	693
9.55167	694
9.55333	694
9.55500	695
9.55667	696
9.55833	697
9.56000	698
9.56167	699
9.56333	699
9.56500	700
9.56667	701
9.56833	702
9.57000	702
9.57167	703
9.57333	704
9.57500	704
9.57667	705
9.57833	706
9.58000	706
9.58167	706
9.58333	706
9.58500	705
9.58667	704
9.58833	703
9.59000	703
9.59167	702
9.59333	701
9.59500	701
9.59667	700
9.59833	700
9.60000	701
9.60167	701
9.60333	702
9.60500	703
9.60667	704
9.60833	705
9.61000	706
9.61167	707
9.61333	707
9.61500	708
9.61667	708
9.61833	708
9.62000	708
9.62167	708
9.62333	708
9.62500	707
9.62667	707
9.62833	707
9.63000	707
9.63167	707
9.63333	707
9.63500	708
9.63667	709
9.63833	711
9.64000	712
9.64167	713
9.64333	715
9.64500	716
9.64667	716
9.64833	716
9.65000	716
9.65167	715
9.65333	714
9.65500	714
9.65667	714
9.65833	714
9.66000	714
9.66167	715
9.66333	715
9.66500	716
9.66667	716
9.66833	717
9.67000	718
9.67167	718
9.67333	718
9.67500	718
9.67667	718
9.67833	718
9.68000	718
9.68167	718
9.68333	718
9.68500	717
9.68667	717
9.68833	718
9.69000	718
9.69167	718
9.69333	718
9.69500	718
9.69667	717
9.69833	717
9.70000	716
9.70167	715
9.70333	715
9.70500	714
9.70667	714
9.70833	715
9.71000	716
9.71167	717
9.71333	718
9.71500	719
9.71667	721
9.71833	722
9.72000	723
9.72167	724
9.72333	725
9.72500	725
9.72667	724
9.72833	724
9.73000	724
9.73167	724
9.73333	724
9.73500	725
9.73667	725
9.73833	726
9.74000	726
9.74167	726
9.74333	725
9.74500	725
9.74667	724
9.74833	722
9.75000	721
9.75167	719
9.75333	717
9.75500	715
9.75667	715
9.75833	714
9.76000	714
9.76167	714
9.76333	715
9.76500	716
9.76667	718
9.76833	719
9.77000	721
9.77167	723
9.77333	725
9.77500	727
9.77667	729
9.77833	730
9.78000	732
9.78167	732
9.78333	733
9.78500	733
9.78667	733
9.78833	733
9.79000	732
9.79167	731
9.79333	730
9.79500	729
9.79667	729
9.79833	728
9.80000	728
9.80167	727
9.80333	727
9.80500	727
9.80667	727
9.80833	728
9.81000	729
9.81167	730
9.81333	730
9.81500	731
9.81667	732
9.81833	733
9.82000	733
9.82167	734
9.82333	734
9.82500	735
9.82667	736
9.82833	736
9.83000	737
9.83167	738
9.83333	739
9.83500	740
9.83667	741
9.83833	742
9.84000	743
9.84167	743
9.84333	744
9.84500	745
9.84667	745
9.84833	746
9.85000	747
9.85167	748
9.85333	749
9.85500	749
9.85667	749
9.85833	749
9.86000	748
9.86167	747
9.86333	747
9.86500	746
9.86667	745
9.86833	743
9.87000	742
9.87167	741
9.87333	740
9.87500	740
9.87667	739
9.87833	739
9.88000	739
9.88167	739
9.88333	739
9.88500	739
9.88667	740
9.88833	740
9.89000	741
9.89167	741
9.89333	741
9.89500	741
9.89667	741
9.89833	740
9.90000	740
9.90167	739
9.90333	738
9.90500	737
9.90667	738
9.90833	738
9.91000	739
9.91167	740
9.91333	741
9.91500	742
9.91667	742
9.91833	742
9.92000	741
9.92167	741
9.92333	741
9.92500	740
9.92667	740
9.92833	740
9.93000	740
9.93167	742
9.93333	743
9.93500	746
9.93667	748
9.93833	750
9.94000	751
9.94167	752
9.94333	753
9.94500	753
9.94667	753
9.94833	754
9.95000	754
9.95167	754
9.95333	755
9.95500	755
9.95667	755
9.95833	756
9.96000	757
9.96167	757
9.96333	758
9.96500	758
9.96667	758
9.96833	757
9.97000	757
9.97167	756
9.97333	755
9.97500	754
9.97667	753
9.97833	752
9.98000	751
9.98167	751
9.98333	751
9.98500	752
9.98667	753
9.98833	753
9.99000	754
9.99167	754
9.99333	754
9.99500	754
9.99667	753
9.99833	753
10.00000	753
10.00167	753
10.00333	753
10.00500	754
10.00667	755
10.00833	756
10.01000	757
10.01167	758
10.01333	759
10.01500	759
10.01667	759
10.01833	758
10.02000	757
10.02167	757
10.02333	756
10.02500	756
10.02667	757
10.02833	757
10.03000	758
10.03167	758
10.03333	759
10.03500	760
10.03667	761
10.03833	761
10.04000	761
10.04167	761
10.04333	761
10.04500	760
10.04667	760
10.04833	760
10.05000	759
10.05167	759
10.05333	759
10.05500	759
10.05667	759
10.05833	759
10.06000	760
10.06167	760
10.06333	760
10.06500	760
10.06667	759
10.06833	759
10.07000	758
10.07167	758
10.07333	758
10.07500	758
10.07667	758
10.07833	758
10.08000	759
10.08167	760
10.08333	760
10.08500	761
10.08667	762
10.08833	763
10.09000	764
10.09167	764
10.09333	764
10.09500	764
10.09667	765
10.09833	765
10.10000	765
10.10167	766
10.10333	766
10.10500	767
10.10667	769
10.10833	770
10.11000	772
10.11167	774
10.11333	776
10.11500	776
10.11667	776
10.11833	776
10.12000	776
10.12167	775
10.12333	773
10.12500	771
10.12667	769
10.12833	766
10.13000	764
10.13167	763
10.13333	763
10.13500	762
10.13667	762
10.13833	763
10.14000	763
10.14167	764
10.14333	765
10.14500	765
10.14667	766
10.14833	766
10.15000	767
10.15167	767
10.15333	767
10.15500	768
10.15667	769
10.15833	770
10.16000	772
10.16167	773
10.16333	775
10.16500	776
10.16667	777
10.16833	779
10.17000	780
10.17167	781
10.17333	781
10.17500	781
10.17667	781
10.17833	781
10.18000	781
10.18167	780
10.18333	780
10.18500	780
10.18667	779
10.18833	778
10.19000	777
10.19167	776
10.19333	775
10.19500	774
10.19667	773
10.19833	772
10.20000	772
10.20167	771
10.20333	772
10.20500	772
10.20667	772
10.20833	772
10.21000	773
10.21167	773
10.21333	773
10.21500	774
10.21667	774
10.21833	774
10.22000	775
10.22167	775
10.22333	776
10.22500	777
10.22667	778
10.22833	779
10.23000	780
10.23167	781
10.23333	782
10.23500	783
10.23667	784
10.23833	785
10.24000	785
10.24167	786
10.24333	786
10.24500	786
10.24667	785
10.24833	785
10.25000	784
10.25167	782
10.25333	781
10.25500	780
10.25667	779
10.25833	778
10.26000	778
10.26167	777
10.26333	777
10.26500	778
10.26667	780
10.26833	782
10.27000	785
10.27167	787
10.27333	788
10.27500	789
10.27667	790
10.27833	790
10.28000	790
10.28167	790
10.28333	789
10.28500	787
10.28667	786
10.28833	785
10.29000	786
10.29167	786
10.29333	788
10.29500	789
10.29667	790
10.29833	791
10.30000	792
10.30167	792
10.30333	793
10.30500	793
10.30667	793
10.30833	793
10.31000	793
10.31167	793
10.31333	792
10.31500	792
10.31667	792
10.31833	791
10.32000	791
10.32167	791
10.32333	791
10.32500	790
10.32667	790
10.32833	790
10.33000	790
10.33167	790
10.33333	791
10.33500	792
10.33667	793
10.33833	793
10.34000	794
10.34167	794
10.34333	794
10.34500	794
10.34667	794
10.34833	794
10.35000	793
10.35167	793
10.35333	792
10.35500	792
10.35667	793
10.35833	794
10.36000	795
10.36167	796
10.36333	797
10.36500	798
10.36667	799
10.36833	799
10.37000	799
10.37167	799
10.37333	799
10.37500	798
10.37667	797
10.37833	797
10.38000	796
10.38167	796
10.38333	795
10.38500	795
10.38667	795
10.38833	795
10.39000	795
10.39167	795
10.39333	796
10.39500	796
10.39667	797
10.39833	798
10.40000	798
10.40167	799
10.40333	800
10.40500	801
10.40667	802
10.40833	802
10.41000	802
10.41167	802
10.41333	802
10.41500	802
10.41667	803
10.41833	803
10.42000	802
10.42167	802
10.42333	801
10.42500	800
10.42667	799
10.42833	798
10.43000	797
10.43167	796
10.43333	796
10.43500	796
10.43667	796
10.43833	797
10.44000	799
10.44167	801
10.44333	805
10.44500	808
10.44667	810
10.44833	812
10.45000	813
10.45167	813
10.45333	813
10.45500	812
10.45667	811
10.45833	810
10.46000	808
10.46167	806
10.46333	805
10.46500	804
10.46667	804
10.46833	803
10.47000	803
10.47167	803
10.47333	803
10.47500	803
10.47667	802
10.47833	802
10.48000	802
10.48167	802
10.48333	802
10.48500	803
10.48667	803
10.48833	804
10.49000	804
10.49167	804
10.49333	805
10.49500	805
10.49667	806
10.49833	806
10.50000	807
10.50167	808
10.50333	809
10.50500	810
10.50667	811
10.50833	811
10.51000	812
10.51167	812
10.51333	812
10.51500	811
10.51667	810
10.51833	808
10.52000	807
10.52167	806
10.52333	805
10.52500	804
10.52667	804
10.52833	804
10.53000	805
10.53167	806
10.53333	807
10.53500	808
10.53667	809
10.53833	810
10.54000	811
10.54167	812
10.54333	813
10.54500	813
10.54667	814
10.54833	814
10.55000	815
10.55167	815
10.55333	815
10.55500	816
10.55667	816
10.55833	817
10.56000	818
10.56167	819
10.56333	820
10.56500	821
10.56667	822
10.56833	823
10.57000	823
10.57167	823
10.57333	823
10.57500	822
10.57667	821
10.57833	820
10.58000	818
10.58167	817
10.58333	816
10.58500	815
10.58667	815
10.58833	815
10.59000	815
10.59167	816
10.59333	818
10.59500	820
10.59667	821
10.59833	822
10.60000	823
10.60167	823
10.60333	823
10.60500	823
10.60667	823
10.60833	823
10.61000	822
10.61167	822
10.61333	822
10.61500	822
10.61667	823
10.61833	824
10.62000	825
10.62167	825
10.62333	826
10.62500	826
10.62667	826
10.62833	826
10.63000	826
10.63167	825
10.63333	824
10.63500	823
10.63667	822
10.63833	821
10.64000	821
10.64167	822
10.64333	823
10.64500	824
10.64667	825
10.64833	826
10.65000	827
10.65167	828
10.65333	830
10.65500	830
10.65667	831
10.65833	831
10.66000	831
10.66167	830
10.66333	830
10.66500	830
10.66667	831
10.66833	832
10.67000	833
10.67167	833
10.67333	834
10.67500	835
10.67667	837
10.67833	838
10.68000	838
10.68167	838
10.68333	838
10.68500	837
10.68667	836
10.68833	834
10.69000	833
10.69167	832
10.69333	830
10.69500	828
10.69667	827
10.69833	827
10.70000	827
10.70167	827
10.70333	828
10.70500	828
10.70667	829
10.70833	830
10.71000	830
10.71167	830
10.71333	831
10.71500	831
10.71667	830
10.71833	830
10.72000	830
10.72167	829
10.72333	829
10.72500	829
10.72667	830
10.72833	830
10.73000	831
10.73167	831
10.73333	831
10.73500	831
10.73667	831
10.73833	831
10.74000	831
10.74167	831
10.74333	831
10.74500	831
10.74667	831
10.74833	831
10.75000	832
10.75167	833
10.75333	834
10.75500	835
10.75667	836
10.75833	837
10.76000	838
10.76167	840
10.76333	841
10.76500	841
10.76667	842
10.76833	842
10.77000	842
10.77167	842
10.77333	842
10.77500	842
10.77667	842
10.77833	842
10.78000	842
10.78167	841
10.78333	841
10.78500	841
10.78667	841
10.78833	841
10.79000	842
10.79167	842
10.79333	842
10.79500	842
10.79667	842
10.79833	842
10.80000	842
10.80167	842
10.80333	842
10.80500	841
10.80667	842
10.80833	842
10.81000	843
10.81167	844
10.81333	845
10.81500	847
10.81667	849
10.81833	851
10.82000	853
10.82167	853
10.82333	853
10.82500	853
10.82667	851
10.82833	850
10.83000	849
10.83167	848
10.83333	847
10.83500	846
10.83667	845
10.83833	844
10.84000	844
10.84167	845
10.84333	845
10.84500	846
10.84667	846
10.84833	846
10.85000	846
10.85167	845
10.85333	845
10.85500	844
10.85667	843
10.85833	843
10.86000	842
10.86167	842
10.86333	842
10.86500	843
10.86667	844
10.86833	846
10.87000	848
10.87167	848
10.87333	849
10.87500	848
10.87667	848
10.87833	847
10.88000	846
10.88167	845
10.88333	844
10.88500	843
10.88667	842
10.88833	841
10.89000	842
10.89167	843
10.89333	844
10.89500	846
10.89667	848
10.89833	850
10.90000	851
10.90167	853
10.90333	854
10.90500	855
10.90667	855
10.90833	854
10.91000	853
10.91167	852
10.91333	850
10.91500	849
10.91667	847
10.91833	845
10.92000	843
10.92167	842
10.92333	841
10.92500	841
10.92667	841
10.92833	842
10.93000	843
10.93167	843
10.93333	844
10.93500	845
10.93667	846
10.93833	847
10.94000	848
10.94167	848
10.94333	849
10.94500	850
10.94667	851
10.94833	852
10.95000	853
10.95167	855
10.95333	856
10.95500	857
10.95667	858
10.95833	858
10.96000	859
10.96167	859
10.96333	860
10.96500	860
10.96667	860
10.96833	860
10.97000	860
10.97167	860
10.97333	860
10.97500	860
10.97667	859
10.97833	859
10.98000	858
10.98167	858
10.98333	858
10.98500	858
10.98667	858
10.98833	857
10.99000	857
10.99167	857
10.99333	857
10.99500	857
10.99667	856
10.99833	856
11.00000	856
11.00167	857
11.00333	857
11.00500	858
11.00667	859
11.00833	860
11.01000	861
11.01167	863
11.01333	864
11.01500	865
11.01667	865
11.01833	866
11.02000	866
11.02167	866
11.02333	866
11.02500	866
11.02667	865
11.02833	865
11.03000	865
11.03167	864
11.03333	864
11.03500	864
11.03667	864
11.03833	864
11.04000	864
11.04167	864
11.04333	864
11.04500	864
11.04667	864
11.04833	865
11.05000	865
11.05167	865
11.05333	865
11.05500	865
11.05667	866
11.05833	866
11.06000	866
11.06167	865
11.06333	865
11.06500	865
11.06667	865
11.06833	865
11.07000	865
11.07167	866
11.07333	866
11.07500	867
11.07667	868
11.07833	869
11.08000	869
11.08167	870
11.08333	870
11.08500	871
11.08667	871
11.08833	872
11.09000	872
11.09167	872
11.09333	873
11.09500	873
11.09667	874
11.09833	874
11.10000	874
11.10167	874
11.10333	874
11.10500	873
11.10667	873
11.10833	873
11.11000	873
11.11167	872
11.11333	872
11.11500	872
11.11667	873
11.11833	873
11.12000	873
11.12167	874
11.12333	874
11.12500	875
11.12667	875
11.12833	876
11.13000	876
11.13167	876
11.13333	877
11.13500	877
11.13667	877
11.13833	877
11.14000	877
11.14167	877
11.14333	877
11.14500	877
11.14667	877
11.14833	877
11.15000	878
11.15167	879
11.15333	880
11.15500	881
11.15667	881
11.15833	882
11.16000	882
11.16167	882
11.16333	882
11.16500	881
11.16667	881
11.16833	880
11.17000	880
11.17167	879
11.17333	878
11.17500	878
11.17667	878
11.17833	878
11.18000	878
11.18167	877
11.18333	877
11.18500	877
11.18667	878
11.18833	878
11.19000	878
11.19167	879
11.19333	880
11.19500	881
11.19667	881
11.19833	882
11.20000	883
11.20167	884
11.20333	885
11.20500	886
11.20667	886
11.20833	886
11.21000	885
11.21167	885
11.21333	884
11.21500	884
11.21667	883
11.21833	882
11.22000	881
11.22167	881
11.22333	881
11.22500	881
11.22667	881
11.22833	881
11.23000	882
11.23167	882
11.23333	881
11.23500	881
11.23667	880
11.23833	880
11.24000	879
11.24167	879
11.24333	878
11.24500	878
11.24667	878
11.24833	878
11.25000	878
11.25167	879
11.25333	879
11.25500	880
11.25667	880
11.25833	880
11.26000	881
11.26167	881
11.26333	881
11.26500	881
11.26667	882
11.26833	882
11.27000	883
11.27167	884
11.27333	884
11.27500	885
11.27667	886
11.27833	887
11.28000	887
11.28167	888
11.28333	888
11.28500	888
11.28667	889
11.28833	889
11.29000	889
11.29167	889
11.29333	889
11.29500	890
11.29667	890
11.29833	890
11.30000	890
11.30167	890
11.30333	890
11.30500	890
11.30667	890
11.30833	890
11.31000	890
11.31167	891
11.31333	891
11.31500	892
11.31667	892
11.31833	893
11.32000	893
11.32167	894
11.32333	894
11.32500	894
11.32667	894
11.32833	894
11.33000	893
11.33167	893
11.33333	892
11.33500	890
11.33667	889
11.33833	889
11.34000	889
11.34167	889
11.34333	890
11.34500	891
11.34667	892
11.34833	892
11.35000	893
11.35167	894
11.35333	895
11.35500	895
11.35667	894
11.35833	894
11.36000	892
11.36167	891
11.36333	890
11.36500	889
11.36667	888
11.36833	888
11.37000	888
11.37167	888
11.37333	888
11.37500	889
11.37667	889
11.37833	890
11.38000	891
11.38167	891
11.38333	892
11.38500	892
11.38667	892
11.38833	892
11.39000	892
11.39167	893
11.39333	893
11.39500	894
11.39667	895
11.39833	897
11.40000	899
11.40167	902
11.40333	904
11.40500	905
11.40667	906
11.40833	906
11.41000	905
11.41167	904
11.41333	903
11.41500	901
11.41667	900
11.41833	898
11.42000	896
11.42167	895
11.42333	894
11.42500	894
11.42667	894
11.42833	894
11.43000	894
11.43167	895
11.43333	895
11.43500	895
11.43667	895
11.43833	896
11.44000	896
11.44167	896
11.44333	897
11.44500	897
11.44667	897
11.44833	897
11.45000	897
11.45167	896
11.45333	896
11.45500	895
11.45667	895
11.45833	895
11.46000	895
11.46167	895
11.46333	896
11.46500	897
11.46667	897
11.46833	898
11.47000	899
11.47167	900
11.47333	901
11.47500	902
11.47667	902
11.47833	903
11.48000	904
11.48167	904
11.48333	905
11.48500	906
11.48667	906
11.48833	906
11.49000	906
11.49167	905
11.49333	904
11.49500	903
11.49667	902
11.49833	902
11.50000	902
11.50167	902
11.50333	903
11.50500	903
11.50667	903
11.50833	904
11.51000	904
11.51167	904
11.51333	904
11.51500	904
11.51667	904
11.51833	903
11.52000	903
11.52167	903
11.52333	903
11.52500	904
11.52667	905
11.52833	906
11.53000	906
11.53167	907
11.53333	907
11.53500	906
11.53667	906
11.53833	906
11.54000	906
11.54167	906
11.54333	907
11.54500	907
11.54667	907
11.54833	907
11.55000	907
11.55167	906
11.55333	906
11.55500	905
11.55667	905
11.55833	904
11.56000	904
11.56167	903
11.56333	903
11.56500	903
11.56667	904
11.56833	904
11.57000	905
11.57167	906
11.57333	906
11.57500	906
11.57667	906
11.57833	905
11.58000	905
11.58167	905
11.58333	905
11.58500	905
11.58667	905
11.58833	906
11.59000	906
11.59167	907
11.59333	907
11.59500	908
11.59667	908
11.59833	908
11.60000	907
11.60167	907
11.60333	906
11.60500	905
11.60667	904
11.60833	903
11.61000	901
11.61167	900
11.61333	899
11.61500	899
11.61667	898
11.61833	898
11.62000	898
11.62167	899
11.62333	899
11.62500	899
11.62667	900
11.62833	901
11.63000	902
11.63167	903
11.63333	904
11.63500	905
11.63667	906
11.63833	906
11.64000	906
11.64167	905
11.64333	904
11.64500	903
11.64667	902
11.64833	901
11.65000	901
11.65167	900
11.65333	900
11.65500	900
11.65667	900
11.65833	901
11.66000	902
11.66167	904
11.66333	904
11.66500	905
11.66667	905
11.66833	905
11.67000	906
11.67167	905
11.67333	905
11.67500	905
11.67667	905
11.67833	904
11.68000	904
11.68167	903
11.68333	903
11.68500	903
11.68667	903
11.68833	903
11.69000	902
11.69167	902
11.69333	902
11.69500	902
11.69667	902
11.69833	901
11.70000	900
11.70167	900
11.70333	899
11.70500	898
11.70667	897
11.70833	896
11.71000	896
11.71167	895
11.71333	895
11.71500	895
11.71667	896
11.71833	897
11.72000	898
11.72167	900
11.72333	901
11.72500	903
11.72667	904
11.72833	906
11.73000	906
11.73167	906
11.73333	906
11.73500	905
11.73667	903
11.73833	902
11.74000	901
11.74167	900
11.74333	899
11.74500	899
11.74667	898
11.74833	898
11.75000	898
11.75167	899
11.75333	900
11.75500	900
11.75667	900
11.75833	900
11.76000	900
11.76167	899
11.76333	899
11.76500	898
11.76667	898
11.76833	898
11.77000	898
11.77167	898
11.77333	898
11.77500	898
11.77667	899
11.77833	899
11.78000	899
11.78167	899
11.78333	898
11.78500	897
11.78667	896
11.78833	895
11.79000	894
11.79167	893
11.79333	891
11.79500	890
11.79667	890
11.79833	890
11.80000	891
11.80167	892
11.80333	894
11.80500	896
11.80667	897
11.80833	899
11.81000	901
11.81167	903
11.81333	903
11.81500	903
11.81667	902
11.81833	901
11.82000	899
11.82167	897
11.82333	896
11.82500	896
11.82667	895
11.82833	895
11.83000	895
11.83167	895
11.83333	896
11.83500	897
11.83667	897
11.83833	898
11.84000	898
11.84167	898
11.84333	897
11.84500	896
11.84667	896
11.84833	895
11.85000	895
11.85167	894
11.85333	894
11.85500	894
11.85667	894
11.85833	894
11.86000	894
11.86167	895
11.86333	895
11.86500	896
11.86667	897
11.86833	898
11.87000	900
11.87167	901
11.87333	901
11.87500	902
11.87667	903
11.87833	904
11.88000	904
11.88167	904
11.88333	904
11.88500	903
11.88667	902
11.88833	902
11.89000	902
11.89167	902
11.89333	903
11.89500	903
11.89667	904
11.89833	905
11.90000	905
11.90167	905
11.90333	905
11.90500	905
11.90667	904
11.90833	903
11.91000	901
11.91167	900
11.91333	898
11.91500	897
11.91667	896
11.91833	894
11.92000	893
11.92167	893
11.92333	892
11.92500	892
11.92667	892
11.92833	891
11.93000	892
11.93167	892
11.93333	892
11.93500	893
11.93667	894
11.93833	894
11.94000	895
11.94167	895
11.94333	895
11.94500	896
11.94667	896
11.94833	895
11.95000	895
11.95167	894
11.95333	894
11.95500	893
11.95667	893
11.95833	892
11.96000	892
11.96167	892
11.96333	891
11.96500	891
11.96667	890
11.96833	890
11.97000	889
11.97167	889
11.97333	888
11.97500	888
11.97667	888
11.97833	888
11.98000	889
11.98167	889
11.98333	890
11.98500	890
11.98667	891
11.98833	892
11.99000	893
11.99167	894
11.99333	895
11.99500	896
11.99667	896
11.99833	896
12.00000	896
12.00167	896
12.00333	895
12.00500	894
12.00667	893
12.00833	891
12.01000	889
12.01167	887
12.01333	886
12.01500	885
12.01667	885
12.01833	884
12.02000	884
12.02167	885
12.02333	886
12.02500	887
12.02667	889
12.02833	891
12.03000	892
12.03167	893
12.03333	893
12.03500	894
12.03667	894
12.03833	894
12.04000	893
12.04167	892
12.04333	891
12.04500	890
12.04667	889
12.04833	888
12.05000	888
12.05167	887
12.05333	887
12.05500	887
12.05667	887
12.05833	887
12.06000	887
12.06167	887
12.06333	888
12.06500	888
12.06667	889
12.06833	889
12.07000	890
12.07167	890
12.07333	889
12.07500	889
12.07667	887
12.07833	886
12.08000	885
12.08167	884
12.08333	884
12.08500	883
12.08667	883
12.08833	883
12.09000	883
12.09167	883
12.09333	884
12.09500	884
12.09667	885
12.09833	885
12.10000	885
12.10167	885
12.10333	885
12.10500	885
12.10667	886
12.10833	886
12.11000	887
12.11167	887
12.11333	887
12.11500	888
12.11667	888
12.11833	887
12.12000	887
12.12167	886
12.12333	885
12.12500	884
12.12667	883
12.12833	882
12.13000	881
12.13167	880
12.13333	879
12.13500	878
12.13667	877
12.13833	877
12.14000	877
12.14167	878
12.14333	880
12.14500	881
12.14667	882
12.14833	883
12.15000	884
12.15167	885
12.15333	885
12.15500	885
12.15667	885
12.15833	885
12.16000	885
12.16167	884
12.16333	884
12.16500	883
12.16667	883
12.16833	883
12.17000	884
12.17167	884
12.17333	884
12.17500	885
12.17667	886
12.17833	886
12.18000	887
12.18167	887
12.18333	887
12.18500	886
12.18667	885
12.18833	885
12.19000	884
12.19167	882
12.19333	881
12.19500	879
12.19667	879
12.19833	878
12.20000	879
12.20167	880
12.20333	881
12.20500	882
12.20667	882
12.20833	882
12.21000	882
12.21167	882
12.21333	881
12.21500	879
12.21667	878
12.21833	875
12.22000	874
12.22167	872
12.22333	872
12.22500	872
12.22667	872
12.22833	873
12.23000	874
12.23167	875
12.23333	877
12.23500	879
12.23667	881
12.23833	882
12.24000	883
12.24167	883
12.24333	883
12.24500	883
12.24667	883
12.24833	882
12.25000	882
12.25167	882
12.25333	881
12.25500	881
12.25667	881
12.25833	880
12.26000	880
12.26167	880
12.26333	880
12.26500	880
12.26667	880
12.26833	880
12.27000	880
12.27167	880
12.27333	880
12.27500	880
12.27667	880
12.27833	880
12.28000	880
12.28167	881
12.28333	882
12.28500	883
12.28667	884
12.28833	885
12.29000	885
12.29167	886
12.29333	886
12.29500	887
12.29667	886
12.29833	886
12.30000	885
12.30167	884
12.30333	883
12.30500	883
12.30667	882
12.30833	882
12.31000	882
12.31167	883
12.31333	883
12.31500	883
12.31667	884
12.31833	884
12.32000	884
12.32167	884
12.32333	883
12.32500	882
12.32667	881
12.32833	879
12.33000	878
12.33167	877
12.33333	876
12.33500	875
12.33667	874
12.33833	873
12.34000	872
12.34167	872
12.34333	871
12.34500	871
12.34667	870
12.34833	870
12.35000	870
12.35167	870
12.35333	871
12.35500	872
12.35667	873
12.35833	875
12.36000	877
12.36167	879
12.36333	881
12.36500	883
12.36667	884
12.36833	885
12.37000	887
12.37167	887
12.37333	888
12.37500	888
12.37667	888
12.37833	888
12.38000	887
12.38167	887
12.38333	886
12.38500	886
12.38667	885
12.38833	885
12.39000	885
12.39167	884
12.39333	884
12.39500	883
12.39667	882
12.39833	882
12.40000	881
12.40167	880
12.40333	880
12.40500	879
12.40667	879
12.40833	879
12.41000	879
12.41167	880
12.41333	880
12.41500	880
12.41667	880
12.41833	880
12.42000	880
12.42167	880
12.42333	879
12.42500	878
12.42667	877
12.42833	876
12.43000	875
12.43167	874
12.43333	874
12.43500	874
12.43667	874
12.43833	874
12.44000	874
12.44167	875
12.44333	875
12.44500	876
12.44667	877
12.44833	877
12.45000	876
12.45167	876
12.45333	876
12.45500	876
12.45667	876
12.45833	877
12.46000	878
12.46167	879
12.46333	881
12.46500	882
12.46667	883
12.46833	884
12.47000	885
12.47167	885
12.47333	884
12.47500	883
12.47667	881
12.47833	879
12.48000	878
12.48167	876
12.48333	875
12.48500	874
12.48667	873
12.48833	873
12.49000	873
12.49167	874
12.49333	875
12.49500	876
12.49667	877
12.49833	877
12.50000	877
12.50167	877
12.50333	876
12.50500	876
12.50667	875
12.50833	874
12.51000	874
12.51167	873
12.51333	873
12.51500	874
12.51667	875
12.51833	877
12.52000	879
12.52167	880
12.52333	881
12.52500	882
12.52667	883
12.52833	883
12.53000	883
12.53167	882
12.53333	882
12.53500	881
12.53667	879
12.53833	879
12.54000	878
12.54167	878
12.54333	878
12.54500	879
12.54667	880
12.54833	880
12.55000	881
12.55167	883
12.55333	884
12.55500	884
12.55667	884
12.55833	884
12.56000	883
12.56167	882
12.56333	881
12.56500	880
12.56667	879
12.56833	879
12.57000	878
12.57167	877
12.57333	876
12.57500	876
12.57667	876
12.57833	875
12.58000	875
12.58167	875
12.58333	875
12.58500	875
12.58667	875
12.58833	875
12.59000	875
12.59167	876
12.59333	876
12.59500	877
12.59667	877
12.59833	877
12.60000	878
12.60167	877
12.60333	877
12.60500	877
12.60667	877
12.60833	878
12.61000	878
12.61167	878
12.61333	879
12.61500	879
12.61667	878
12.61833	878
12.62000	877
12.62167	877
12.62333	876
12.62500	875
12.62667	875
12.62833	874
12.63000	874
12.63167	874
12.63333	875
12.63500	876
12.63667	877
12.63833	877
12.64000	878
12.64167	877
12.64333	877
12.64500	876
12.64667	876
12.64833	876
12.65000	875
12.65167	875
12.65333	875
12.65500	876
12.65667	877
12.65833	878
12.66000	879
12.66167	881
12.66333	882
12.66500	882
12.66667	882
12.66833	882
12.67000	882
12.67167	881
12.67333	881
12.67500	880
12.67667	879
12.67833	878
12.68000	878
12.68167	877
12.68333	877
12.68500	877
12.68667	878
12.68833	878
12.69000	878
12.69167	878
12.69333	879
12.69500	879
12.69667	879
12.69833	880
12.70000	880
12.70167	881
12.70333	881
12.70500	881
12.70667	881
12.70833	881
12.71000	880
12.71167	880
12.71333	879
12.71500	878
12.71667	877
12.71833	876
12.72000	875
12.72167	874
12.72333	873
12.72500	873
12.72667	873
12.72833	873
12.73000	873
12.73167	873
12.73333	873
12.73500	873
12.73667	873
12.73833	874
12.74000	874
12.74167	875
12.74333	876
12.74500	877
12.74667	877
12.74833	878
12.75000	879
12.75167	880
12.75333	880
12.75500	880
12.75667	880
12.75833	879
12.76000	878
12.76167	877
12.76333	876
12.76500	875
12.76667	873
12.76833	872
12.77000	870
12.77167	869
12.77333	869
12.77500	870
12.77667	870
12.77833	872
12.78000	873
12.78167	874
12.78333	874
12.78500	875
12.78667	876
12.78833	877
12.79000	878
12.79167	878
12.79333	879
12.79500	880
12.79667	881
12.79833	882
12.80000	882
12.80167	883
12.80333	884
12.80500	884
12.80667	884
12.80833	884
12.81000	884
12.81167	883
12.81333	883
12.81500	883
12.81667	884
12.81833	885
12.82000	886
12.82167	887
12.82333	888
12.82500	888
12.82667	888
12.82833	887
12.83000	886
12.83167	885
12.83333	884
12.83500	883
12.83667	881
12.83833	880
12.84000	880
12.84167	879
12.84333	879
12.84500	879
12.84667	879
12.84833	880
12.85000	880
12.85167	880
12.85333	881
12.85500	881
12.85667	881
12.85833	882
12.86000	882
12.86167	882
12.86333	881
12.86500	881
12.86667	879
12.86833	878
12.87000	876
12.87167	875
12.87333	874
12.87500	873
12.87667	872
12.87833	871
12.88000	870
12.88167	870
12.88333	871
12.88500	871
12.88667	872
12.88833	872
12.89000	873
12.89167	874
12.89333	875
12.89500	876
12.89667	876
12.89833	877
12.90000	877
12.90167	877
12.90333	876
12.90500	876
12.90667	875
12.90833	874
12.91000	873
12.91167	872
12.91333	871
12.91500	871
12.91667	870
12.91833	870
12.92000	870
12.92167	870
12.92333	871
12.92500	872
12.92667	873
12.92833	875
12.93000	876
12.93167	877
12.93333	878
12.93500	878
12.93667	879
12.93833	879
12.94000	878
12.94167	877
12.94333	876
12.94500	875
12.94667	875
12.94833	875
12.95000	876
12.95167	877
12.95333	878
12.95500	879
12.95667	880
12.95833	881
12.96000	883
12.96167	883
12.96333	883
12.96500	883
12.96667	881
12.96833	879
12.97000	878
12.97167	876
12.97333	875
12.97500	874
12.97667	873
12.97833	873
12.98000	873
12.98167	873
12.98333	873
12.98500	874
12.98667	875
12.98833	876
12.99000	876
12.99167	877
12.99333	877
12.99500	877
12.99667	877
12.99833	877
13.00000	878
13.00167	878
13.00333	879
13.00500	880
13.00667	882
13.00833	883
13.01000	884
13.01167	885
13.01333	886
13.01500	886
13.01667	887
13.01833	887
13.02000	887
13.02167	886
13.02333	886
13.02500	885
13.02667	883
13.02833	882
13.03000	880
13.03167	879
13.03333	877
13.03500	875
13.03667	873
13.03833	872
13.04000	871
13.04167	870
13.04333	869
13.04500	869
13.04667	869
13.04833	869
13.05000	870
13.05167	871
13.05333	872
13.05500	873
13.05667	874
13.05833	876
13.06000	877
13.06167	878
13.06333	878
13.06500	879
13.06667	880
13.06833	881
13.07000	881
13.07167	881
13.07333	881
13.07500	881
13.07667	880
13.07833	879
13.08000	878
13.08167	877
13.08333	876
13.08500	875
13.08667	875
13.08833	874
13.09000	874
13.09167	875
13.09333	875
13.09500	876
13.09667	876
13.09833	877
13.10000	877
13.10167	877
13.10333	877
13.10500	877
13.10667	877
13.10833	878
13.11000	879
13.11167	880
13.11333	881
13.11500	882
13.11667	883
13.11833	884
13.12000	886
13.12167	886
13.12333	886
13.12500	885
13.12667	884
13.12833	882
13.13000	881
13.13167	879
13.13333	878
13.13500	876
13.13667	874
13.13833	874
13.14000	873
13.14167	874
13.14333	874
13.14500	875
13.14667	875
13.14833	876
13.15000	876
13.15167	876
13.15333	876
13.15500	876
13.15667	875
13.15833	874
13.16000	872
13.16167	870
13.16333	869
13.16500	868
13.16667	868
13.16833	867
13.17000	867
13.17167	867
13.17333	867
13.17500	868
13.17667	869
13.17833	870
13.18000	871
13.18167	873
13.18333	874
13.18500	875
13.18667	876
13.18833	877
13.19000	878
13.19167	878
13.19333	879
13.19500	880
13.19667	880
13.19833	880
13.20000	880
13.20167	880
13.20333	880
13.20500	879
13.20667	878
13.20833	877
13.21000	876
13.21167	874
13.21333	874
13.21500	873
13.21667	873
13.21833	873
13.22000	873
13.22167	872
13.22333	872
13.22500	872
13.22667	871
13.22833	870
13.23000	869
13.23167	869
13.23333	868
13.23500	868
13.23667	868
13.23833	868
13.24000	868
13.24167	869
13.24333	870
13.24500	870
13.24667	871
13.24833	872
13.25000	873
13.25167	874
13.25333	875
13.25500	876
13.25667	876
13.25833	877
13.26000	877
13.26167	877
13.26333	876
13.26500	876
13.26667	874
13.26833	873
13.27000	872
13.27167	871
13.27333	870
13.27500	870
13.27667	870
13.27833	871
13.28000	871
13.28167	872
13.28333	873
13.28500	875
13.28667	876
13.28833	877
13.29000	878
13.29167	878
13.29333	878
13.29500	878
13.29667	878
13.29833	877
13.30000	877
13.30167	876
13.30333	876
13.30500	875
13.30667	876
13.30833	876
13.31000	877
13.31167	878
13.31333	879
13.31500	879
13.31667	880
13.31833	880
13.32000	880
13.32167	880
13.32333	880
13.32500	879
13.32667	879
13.32833	878
13.33000	878
13.33167	878
13.33333	878
13.33500	879
13.33667	880
13.33833	880
13.34000	880
13.34167	881
13.34333	881
13.34500	880
13.34667	880
13.34833	879
13.35000	878
13.35167	877
13.35333	876
13.35500	875
13.35667	874
13.35833	873
13.36000	873
13.36167	872
13.36333	872
13.36500	873
13.36667	873
13.36833	874
13.37000	875
13.37167	876
13.37333	877
13.37500	878
13.37667	879
13.37833	879
13.38000	880
13.38167	880
13.38333	881
13.38500	881
13.38667	881
13.38833	881
13.39000	880
13.39167	879
13.39333	877
13.39500	876
13.39667	874
13.39833	873
13.40000	872
13.40167	871
13.40333	870
13.40500	870
13.40667	871
13.40833	872
13.41000	874
13.41167	876
13.41333	878
13.41500	879
13.41667	880
13.41833	880
13.42000	880
13.42167	880
13.42333	879
13.42500	877
13.42667	876
13.42833	874
13.43000	873
13.43167	873
13.43333	873
13.43500	874
13.43667	874
13.43833	875
13.44000	875
13.44167	875
13.44333	875
13.44500	876
13.44667	876
13.44833	875
13.45000	875
13.45167	874
13.45333	873
13.45500	873
13.45667	874
13.45833	875
13.46000	876
13.46167	878
13.46333	879
13.46500	880
13.46667	880
13.46833	880
13.47000	880
13.47167	880
13.47333	879
13.47500	878
13.47667	877
13.47833	876
13.48000	875
13.48167	874
13.48333	872
13.48500	871
13.48667	869
13.48833	868
13.49000	867
13.49167	867
13.49333	867
13.49500	867
13.49667	868
13.49833	869
13.50000	870
13.50167	872
13.50333	873
13.50500	874
13.50667	874
13.50833	874
13.51000	873
13.51167	872
13.51333	872
13.51500	872
13.51667	871
13.51833	871
13.52000	871
13.52167	872
13.52333	872
13.52500	873
13.52667	874
13.52833	875
13.53000	876
13.53167	876
13.53333	877
13.53500	878
13.53667	879
13.53833	880
13.54000	880
13.54167	880
13.54333	880
13.54500	880
13.54667	879
13.54833	879
13.55000	878
13.55167	877
13.55333	876
13.55500	875
13.55667	873
13.55833	872
13.56000	871
13.56167	869
13.56333	868
13.56500	868
13.56667	867
13.56833	867
13.57000	867
13.57167	867
13.57333	868
13.57500	868
13.57667	869
13.57833	869
13.58000	870
13.58167	870
13.58333	869
13.58500	869
13.58667	868
13.58833	868
13.59000	868
13.59167	868
13.59333	868
13.59500	869
13.59667	870
13.59833	870
13.60000	871
13.60167	872
13.60333	873
13.60500	874
13.60667	875
13.60833	875
13.61000	876
13.61167	876
13.61333	876
13.61500	876
13.61667	875
13.61833	875
13.62000	874
13.62167	873
13.62333	873
13.62500	873
13.62667	872
13.62833	872
13.63000	872
13.63167	872
13.63333	872
13.63500	873
13.63667	874
13.63833	874
13.64000	874
13.64167	874
13.64333	874
13.64500	873
13.64667	872
13.64833	872
13.65000	871
13.65167	871
13.65333	870
13.65500	870
13.65667	870
13.65833	870
13.66000	871
13.66167	872
13.66333	872
13.66500	873
13.66667	874
13.66833	875
13.67000	877
13.67167	878
13.67333	879
13.67500	880
13.67667	881
13.67833	882
13.68000	883
13.68167	883
13.68333	883
13.68500	882
13.68667	881
13.68833	881
13.69000	880
13.69167	879
13.69333	879
13.69500	878
13.69667	878
13.69833	878
13.70000	879
13.70167	879
13.70333	879
13.70500	879
13.70667	878
13.70833	877
13.71000	875
13.71167	874
13.71333	872
13.71500	872
13.71667	871
13.71833	871
13.72000	871
13.72167	872
13.72333	873
13.72500	874
13.72667	875
13.72833	876
13.73000	877
13.73167	878
13.73333	879
13.73500	879
13.73667	880
13.73833	880
13.74000	880
13.74167	880
13.74333	880
13.74500	880
13.74667	880
13.74833	879
13.75000	879
13.75167	879
13.75333	879
13.75500	879
13.75667	880
13.75833	880
13.76000	881
13.76167	882
13.76333	882
13.76500	881
13.76667	880
13.76833	878
13.77000	876
13.77167	874
13.77333	872
13.77500	871
13.77667	870
13.77833	870
13.78000	870
13.78167	870
13.78333	871
13.78500	873
13.78667	874
13.78833	876
13.79000	877
13.79167	877
13.79333	878
13.79500	878
13.79667	879
13.79833	879
13.80000	879
13.80167	880
13.80333	880
13.80500	881
13.80667	881
13.80833	881
13.81000	881
13.81167	881
13.81333	881
13.81500	881
13.81667	880
13.81833	879
13.82000	878
13.82167	877
13.82333	876
13.82500	875
13.82667	874
13.82833	873
13.83000	873
13.83167	872
13.83333	872
13.83500	873
13.83667	873
13.83833	873
13.84000	874
13.84167	874
13.84333	875
13.84500	875
13.84667	875
13.84833	875
13.85000	874
13.85167	873
13.85333	873
13.85500	872
13.85667	872
13.85833	872
13.86000	872
13.86167	872
13.86333	873
13.86500	873
13.86667	874
13.86833	875
13.87000	876
13.87167	876
13.87333	876
13.87500	876
13.87667	875
13.87833	874
13.88000	873
13.88167	872
13.88333	872
13.88500	871
13.88667	870
13.88833	870
13.89000	870
13.89167	870
13.89333	871
13.89500	872
13.89667	873
13.89833	874
13.90000	875
13.90167	876
13.90333	877
13.90500	878
13.90667	880
13.90833	881
13.91000	882
13.91167	883
13.91333	884
13.91500	885
13.91667	885
13.91833	885
13.92000	885
13.92167	885
13.92333	884
13.92500	882
13.92667	880
13.92833	877
13.93000	875
13.93167	873
13.93333	871
13.93500	868
13.93667	867
13.93833	866
13.94000	865
13.94167	866
13.94333	867
13.94500	868
13.94667	869
13.94833	870
13.95000	871
13.95167	872
13.95333	873
13.95500	874
13.95667	874
13.95833	875
13.96000	875
13.96167	875
13.96333	875
13.96500	876
13.96667	876
13.96833	877
13.97000	877
13.97167	878
13.97333	878
13.97500	878
13.97667	878
13.97833	878
13.98000	878
13.98167	878
13.98333	879
13.98500	879
13.98667	879
13.98833	878
13.99000	877
13.99167	876
13.99333	874
13.99500	872
13.99667	871
13.99833	870
14.00000	869
14.00167	869
14.00333	869
14.00500	869
14.00667	870
14.00833	872
14.01000	873
14.01167	875
14.01333	876
14.01500	876
14.01667	877
14.01833	877
14.02000	876
14.02167	876
14.02333	876
14.02500	876
14.02667	876
14.02833	876
14.03000	876
14.03167	876
14.03333	876
14.03500	875
14.03667	875
14.03833	875
14.04000	874
14.04167	874
14.04333	873
14.04500	872
14.04667	871
14.04833	870
14.05000	869
14.05167	868
14.05333	867
14.05500	866
14.05667	865
14.05833	865
14.06000	864
14.06167	864
14.06333	864
14.06500	864
14.06667	865
14.06833	866
14.07000	867
14.07167	868
14.07333	869
14.07500	870
14.07667	871
14.07833	872
14.08000	873
14.08167	873
14.08333	873
14.08500	873
14.08667	873
14.08833	873
14.09000	872
14.09167	872
14.09333	871
14.09500	870
14.09667	869
14.09833	869
14.10000	869
14.10167	869
14.10333	869
14.10500	870
14.10667	871
14.10833	872
14.11000	873
14.11167	874
14.11333	875
14.11500	876
14.11667	877
14.11833	878
14.12000	878
14.12167	879
14.12333	879
14.12500	879
14.12667	878
14.12833	878
14.13000	877
14.13167	877
14.13333	876
14.13500	876
14.13667	876
14.13833	876
14.14000	876
14.14167	876
14.14333	877
14.14500	878
14.14667	878
14.14833	878
14.15000	877
14.15167	876
14.15333	875
14.15500	874
14.15667	873
14.15833	873
14.16000	872
14.16167	872
14.16333	872
14.16500	873
14.16667	874
14.16833	875
14.17000	876
14.17167	877
14.17333	877
14.17500	877
14.17667	877
14.17833	876
14.18000	876
14.18167	875
14.18333	873
14.18500	872
14.18667	870
14.18833	869
14.19000	869
14.19167	868
14.19333	868
14.19500	868
14.19667	869
14.19833	869
14.20000	870
14.20167	870
14.20333	870
14.20500	870
14.20667	870
14.20833	870
14.21000	869
14.21167	868
14.21333	867
14.21500	866
14.21667	866
14.21833	866
14.22000	866
14.22167	866
14.22333	867
14.22500	868
14.22667	869
14.22833	870
14.23000	871
14.23167	872
14.23333	873
14.23500	874
14.23667	874
14.23833	874
14.24000	874
14.24167	873
14.24333	873
14.24500	872
14.24667	872
14.24833	871
14.25000	871
14.25167	871
14.25333	872
14.25500	872
14.25667	872
14.25833	872
14.26000	873
14.26167	873
14.26333	872
14.26500	872
14.26667	871
14.26833	870
14.27000	868
14.27167	867
14.27333	866
14.27500	865
14.27667	863
14.27833	862
14.28000	862
14.28167	861
14.28333	861
14.28500	860
14.28667	860
14.28833	860
14.29000	860
14.29167	859
14.29333	858
14.29500	857
14.29667	855
14.29833	853
14.30000	850
14.30167	847
14.30333	844
14.30500	841
14.30667	838
14.30833	835
14.31000	832
14.31167	830
14.31333	827
14.31500	825
14.31667	823
14.31833	821
14.32000	819
14.32167	816
14.32333	813
14.32500	809
14.32667	805
14.32833	801
14.33000	796
14.33167	792
14.33333	787
14.33500	782
14.33667	776
14.33833	770
14.34000	763
14.34167	756
14.34333	748
14.34500	739
14.34667	731
14.34833	723
14.35000	714
14.35167	705
14.35333	695
14.35500	687
14.35667	678
14.35833	669
14.36000	659
14.36167	649
14.36333	638
14.36500	626
14.36667	612
14.36833	596
14.37000	580
14.37167	564
14.37333	547
14.37500	529
14.37667	509
14.37833	488
14.38000	468
14.38167	447
14.38333	424
14.38500	398
14.38667	372
14.38833	347
14.39000	321
14.39167	293
14.39333	262
14.39500	231
14.39667	202
14.39833	174
14.40000	145
14.40167	112
14.40333	80
14.40500	51
14.40667	23
14.40833	-7
14.41000	-40
14.41167	-72
14.41333	-102
14.41500	-130
14.41667	-160
14.41833	-193
14.42000	-226
14.42167	-255
14.42333	-283
14.42500	-313
14.42667	-345
14.42833	-376
14.43000	-405
14.43167	-434
14.43333	-463
14.43500	-496
14.43667	-528
14.43833	-555
14.44000	-579
14.44167	-604
14.44333	-629
14.44500	-652
14.44667	-670
14.44833	-682
14.45000	-692
14.45167	-701
14.45333	-707
14.45500	-710
14.45667	-711
14.45833	-709
14.46000	-706
14.46167	-701
14.46333	-696
14.46500	-689
14.46667	-681
14.46833	-672
14.47000	-662
14.47167	-653
14.47333	-643
14.47500	-633
14.47667	-621
14.47833	-609
14.48000	-598
14.48167	-588
14.48333	-576
14.48500	-562
14.48667	-549
14.48833	-536
14.49000	-523
14.49167	-508
14.49333	-492
14.49500	-476
14.49667	-460
14.49833	-445
14.50000	-429
14.50167	-411
14.50333	-394
14.50500	-378
14.50667	-364
14.50833	-350
14.51000	-334
14.51167	-319
14.51333	-305
14.51500	-292
14.51667	-279
14.51833	-264
14.52000	-250
14.52167	-236
14.52333	-223
14.52500	-210
14.52667	-195
14.52833	-180
14.53000	-168
14.53167	-156
14.53333	-145
14.53500	-132
14.53667	-120
14.53833	-109
14.54000	-99
14.54167	-88
14.54333	-76
14.54500	-65
14.54667	-55
14.54833	-46
14.55000	-38
14.55167	-28
14.55333	-20
14.55500	-11
14.55667	-4
14.55833	5
14.56000	14
14.56167	23
14.56333	32
14.56500	41
14.56667	50
14.56833	61
14.57000	72
14.57167	81
14.57333	89
14.57500	98
14.57667	107
14.57833	116
14.58000	124
14.58167	132
14.58333	141
14.58500	151
14.58667	160
14.58833	169
14.59000	177
14.59167	186
14.59333	196
14.59500	205
14.59667	213
14.59833	221
14.60000	228
14.60167	236
14.60333	244
14.60500	251
14.60667	258
14.60833	266
14.61000	274
14.61167	282
14.61333	290
14.61500	297
14.61667	305
14.61833	314
14.62000	322
14.62167	329
14.62333	336
14.62500	343
14.62667	350
14.62833	357
14.63000	364
14.63167	371
14.63333	378
14.63500	386
14.63667	394
14.63833	401
14.64000	408
14.64167	416
14.64333	424
14.64500	432
14.64667	439
14.64833	446
14.65000	453
14.65167	460
14.65333	467
14.65500	473
14.65667	479
14.65833	485
14.66000	492
14.66167	498
14.66333	503
14.66500	509
14.66667	514
14.66833	520
14.67000	526
14.67167	531
14.67333	536
14.67500	541
14.67667	546
14.67833	551
14.68000	556
14.68167	561
14.68333	566
14.68500	571
14.68667	576
14.68833	581
14.69000	586
14.69167	591
14.69333	597
14.69500	603
14.69667	607
14.69833	612
14.70000	615
14.70167	619
14.70333	622
14.70500	625
14.70667	628
14.70833	630
14.71000	633
14.71167	636
14.71333	638
14.71500	641
14.71667	644
14.71833	648
14.72000	651
14.72167	654
14.72333	656
14.72500	658
14.72667	660
14.72833	662
14.73000	664
14.73167	665
14.73333	665
14.73500	666
14.73667	667
14.73833	667
14.74000	668
14.74167	669
14.74333	670
14.74500	671
14.74667	672
14.74833	672
14.75000	673
14.75167	674
14.75333	674
14.75500	674
14.75667	674
14.75833	673
14.76000	672
14.76167	671
14.76333	670
14.76500	668
14.76667	667
14.76833	666
14.77000	665
14.77167	663
14.77333	662
14.77500	661
14.77667	659
14.77833	657
14.78000	656
14.78167	654
14.78333	653
14.78500	651
14.78667	649
14.78833	647
14.79000	645
14.79167	644
14.79333	642
14.79500	640
14.79667	638
14.79833	636
14.80000	633
14.80167	630
14.80333	627
14.80500	624
14.80667	621
14.80833	619
14.81000	616
14.81167	613
14.81333	611
14.81500	610
14.81667	610
14.81833	610
14.82000	610
14.82167	610
14.82333	610
14.82500	610
14.82667	611
14.82833	611
14.83000	611
14.83167	611
14.83333	610
14.83500	610
14.83667	609
14.83833	609
14.84000	608
14.84167	608
14.84333	607
14.84500	607
14.84667	607
14.84833	607
14.85000	608
14.85167	609
14.85333	610
14.85500	611
14.85667	612
14.85833	614
14.86000	616
14.86167	619
14.86333	620
14.86500	622
14.86667	623
14.86833	624
14.87000	625
14.87167	626
14.87333	627
14.87500	628
14.87667	630
14.87833	632
14.88000	635
14.88167	638
14.88333	642
14.88500	647
14.88667	652
14.88833	656
14.89000	661
14.89167	665
14.89333	669
14.89500	673
14.89667	676
14.89833	679
14.90000	681
14.90167	684
14.90333	686
14.90500	689
14.90667	692
14.90833	695
14.91000	699
14.91167	702
14.91333	707
14.91500	711
14.91667	716
14.91833	722
14.92000	728
14.92167	734
14.92333	738
14.92500	743
14.92667	748
14.92833	753
14.93000	757
14.93167	761
14.93333	764
14.93500	768
14.93667	771
14.93833	774
14.94000	776
14.94167	778
14.94333	780
14.94500	782
14.94667	784
14.94833	785
14.95000	787
14.95167	790
14.95333	792
14.95500	794
14.95667	797
14.95833	799
14.96000	801
14.96167	804
14.96333	806
14.96500	808
14.96667	809
14.96833	811
14.97000	813
14.97167	814
14.97333	815
14.97500	816
14.97667	816
14.97833	817
14.98000	816
14.98167	816
14.98333	815
14.98500	814
14.98667	813
14.98833	813
14.99000	812
14.99167	812
14.99333	812
14.99500	812
14.99667	812
14.99833	812
15.00000	811

[LC Status Trace(Pump A Pressure)]
Interval(msec)	1000
# of Points	901
Start Time(min)	0.000
End Time(min)	15.000
Intensity Units	bar
Intensity Multiplier	0.980665
R.Time (min)	Intensity
0.00000	109.5
0.01667	109.5
0.03333	112.2
0.05000	114.1
0.06667	115.1
0.08333	115.2
0.10000	115.3
0.11667	116.2
0.13333	116.0
0.15000	116.3
0.16667	116.5
0.18333	116.5
0.20000	116.9
0.21667	116.7
0.23333	117.1
0.25000	116.8
0.26667	117.0
0.28333	116.8
0.30000	116.6
0.31667	116.6
0.33333	116.4
0.35000	116.8
0.36667	116.4
0.38333	116.7
0.40000	116.8
0.41667	117.0
0.43333	116.9
0.45000	116.6
0.46667	116.9
0.48333	116.8
0.50000	117.0
0.51667	116.7
0.53333	116.7
0.55000	116.9
0.56667	116.5
0.58333	117.0
0.60000	116.7
0.61667	116.9
0.63333	117.0
0.65000	116.7
0.66667	116.7
0.68333	116.6
0.70000	117.1
0.71667	116.7
0.73333	117.0
0.75000	117.1
0.76667	117.1
0.78333	116.9
0.80000	116.6
0.81667	116.9
0.83333	116.6
0.85000	117.0
0.86667	116.6
0.88333	116.6
0.90000	116.8
0.91667	116.9
0.93333	116.9
0.95000	116.6
0.96667	116.9
0.98333	116.8
1.00000	116.6
1.01667	116.7
1.03333	116.7
1.05000	117.0
1.06667	116.6
1.08333	117.0
1.10000	116.7
1.11667	117.0
1.13333	116.9
1.15000	116.7
1.16667	117.0
1.18333	116.7
1.20000	117.0
1.21667	116.5
1.23333	116.5
1.25000	116.8
1.26667	116.9
1.28333	116.9
1.30000	116.7
1.31667	117.0
1.33333	116.8
1.35000	116.6
1.36667	116.8
1.38333	116.8
1.40000	117.1
1.41667	116.9
1.43333	117.3
1.45000	117.0
1.46667	117.4
1.48333	117.2
1.50000	117.0
1.51667	117.3
1.53333	117.2
1.55000	117.7
1.56667	117.3
1.58333	117.6
1.60000	117.6
1.61667	117.9
1.63333	117.8
1.65000	117.6
1.66667	118.0
1.68333	117.8
1.70000	118.1
1.71667	117.9
1.73333	118.0
1.75000	118.3
1.76667	118.2
1.78333	118.7
1.80000	118.4
1.81667	118.8
1.83333	118.8
1.85000	118.5
1.86667	118.7
1.88333	118.7
1.90000	119.2
1.91667	118.9
1.93333	119.3
1.95000	119.4
1.96667	119.5
1.98333	119.5
2.00000	119.3
2.01667	119.7
2.03333	119.5
2.05000	119.8
2.06667	119.5
2.08333	119.7
2.10000	120.0
2.11667	120.0
2.13333	120.2
2.15000	120.0
2.16667	120.4
2.18333	120.2
2.20000	120.2
2.21667	120.4
2.23333	120.4
2.25000	120.7
2.26667	120.5
2.28333	121.0
2.30000	120.7
2.31667	121.1
2.33333	121.0
2.35000	120.8
2.36667	121.3
2.38333	121.0
2.40000	121.4
2.41667	121.0
2.43333	121.1
2.45000	121.4
2.46667	121.5
2.48333	121.6
2.50000	121.4
2.51667	121.8
2.53333	121.5
2.55000	121.4
2.56667	121.6
2.58333	121.7
2.60000	122.0
2.61667	121.8
2.63333	122.2
2.65000	121.8
2.66667	122.2
2.68333	122.2
2.70000	121.9
2.71667	122.2
2.73333	122.0
2.75000	122.3
2.76667	122.1
2.78333	122.4
2.80000	122.4
2.81667	122.4
2.83333	122.5
2.85000	122.2
2.86667	122.5
2.88333	122.3
2.90000	122.6
2.91667	122.3
2.93333	122.4
2.95000	122.7
2.96667	122.4
2.98333	122.9
3.00000	122.5
3.01667	122.7
3.03333	122.9
3.05000	122.6
3.06667	122.6
3.08333	122.6
3.10000	122.9
3.11667	122.7
3.13333	122.9
3.15000	123.0
3.16667	123.1
3.18333	123.0
3.20000	122.8
3.21667	123.0
3.23333	122.7
3.25000	123.0
3.26667	122.8
3.28333	122.8
3.30000	123.0
3.31667	122.9
3.33333	123.0
3.35000	122.8
3.36667	123.1
3.38333	122.7
3.40000	122.8
3.41667	122.8
3.43333	122.8
3.45000	123.1
3.46667	122.9
3.48333	123.1
3.50000	122.8
3.51667	123.1
3.53333	123.0
3.55000	122.8
3.56667	123.1
3.58333	122.6
3.60000	123.1
3.61667	122.7
3.63333	122.6
3.65000	122.9
3.66667	122.9
3.68333	123.0
3.70000	122.6
3.71667	122.9
3.73333	122.6
3.75000	122.8
3.76667	122.7
3.78333	122.6
3.80000	122.9
3.81667	122.6
3.83333	122.9
3.85000	122.5
3.86667	122.7
3.88333	122.7
3.90000	122.5
3.91667	122.4
3.93333	122.3
3.95000	122.7
3.96667	122.4
3.98333	122.4
4.00000	122.6
4.01667	122.6
4.03333	122.5
4.05000	122.2
4.06667	122.5
4.08333	122.2
4.10000	122.3
4.11667	122.1
4.13333	122.1
4.15000	122.3
4.16667	121.9
4.18333	122.3
4.20000	121.9
4.21667	122.1
4.23333	122.2
4.25000	122.0
4.26667	121.8
4.28333	121.8
4.30000	122.0
4.31667	121.7
4.33333	121.8
4.35000	121.6
4.36667	121.9
4.38333	121.8
4.40000	121.6
4.41667	121.7
4.43333	121.3
4.45000	121.7
4.46667	121.3
4.48333	121.3
4.50000	121.5
4.51667	121.3
4.53333	121.4
4.55000	121.2
4.56667	121.3
4.58333	121.0
4.60000	121.1
4.61667	120.9
4.63333	120.8
4.65000	121.0
4.66667	120.8
4.68333	121.0
4.70000	120.7
4.71667	121.0
4.73333	120.9
4.75000	120.7
4.76667	120.9
4.78333	120.3
4.80000	120.6
4.81667	120.3
4.83333	120.2
4.85000	120.5
4.86667	120.3
4.88333	120.4
4.90000	120.1
4.91667	120.2
4.93333	119.8
4.95000	119.9
4.96667	119.7
4.98333	119.7
5.00000	119.9
5.01667	119.6
5.03333	119.8
5.05000	119.4
5.06667	119.6
5.08333	119.5
5.10000	119.2
5.11667	119.0
5.13333	118.9
5.15000	119.3
5.16667	119.0
5.18333	119.0
5.20000	119.3
5.21667	118.9
5.23333	118.9
5.25000	118.6
5.26667	118.7
5.28333	118.4
5.30000	118.6
5.31667	118.3
5.33333	118.3
5.35000	118.4
5.36667	117.9
5.38333	118.3
5.40000	117.9
5.41667	118.0
5.43333	118.0
5.45000	117.8
5.46667	117.5
5.48333	117.4
5.50000	117.7
5.51667	117.5
5.53333	117.6
5.55000	117.2
5.56667	117.5
5.58333	117.4
5.60000	117.0
5.61667	117.3
5.63333	116.8
5.65000	117.1
5.66667	116.7
5.68333	116.6
5.70000	116.8
5.71667	116.5
5.73333	116.5
5.75000	116.2
5.76667	116.4
5.78333	116.1
5.80000	115.8
5.81667	115.9
5.83333	115.9
5.85000	116.0
5.86667	115.8
5.88333	116.0
5.90000	115.5
5.91667	115.8
5.93333	115.7
5.95000	115.4
5.96667	115.3
5.98333	115.1
6.00000	115.4
6.01667	114.9
6.03333	115.0
6.05000	115.2
6.06667	115.0
6.08333	114.9
6.10000	114.6
6.11667	114.7
6.13333	114.4
6.15000	114.5
6.16667	114.0
6.18333	114.1
6.20000	114.1
6.21667	113.6
6.23333	114.0
6.25000	113.7
6.26667	113.8
6.28333	113.8
6.30000	113.4
6.31667	113.1
6.33333	113.1
6.35000	113.3
6.36667	112.9
6.38333	113.0
6.40000	112.8
6.41667	112.9
6.43333	112.7
6.45000	112.4
6.46667	112.6
6.48333	112.2
6.50000	112.3
6.51667	111.8
6.53333	111.7
6.55000	111.9
6.56667	111.8
6.58333	111.8
6.60000	111.4
6.61667	111.5
6.63333	111.2
6.65000	111.0
6.66667	110.9
6.68333	110.9
6.70000	111.0
6.71667	110.6
6.73333	110.8
6.75000	110.5
6.76667	110.6
6.78333	110.5
6.80000	110.1
6.81667	110.0
6.83333	109.8
6.85000	110.0
6.86667	109.5
6.88333	109.7
6.90000	109.7
6.91667	109.5
6.93333	109.4
6.95000	109.0
6.96667	109.1
6.98333	108.8
7.00000	108.9
7.01667	108.5
7.03333	108.5
7.05000	108.6
7.06667	108.5
7.08333	108.4
7.10000	108.0
7.11667	108.0
7.13333	107.8
7.15000	107.5
7.16667	107.4
7.18333	107.3
7.20000	107.4
7.21667	107.1
7.23333	107.4
7.25000	106.9
7.26667	106.9
7.28333	106.8
7.30000	106.4
7.31667	106.5
7.33333	106.2
7.35000	106.4
7.36667	105.9
7.38333	106.1
7.40000	105.9
7.41667	105.8
7.43333	105.6
7.45000	105.2
7.46667	105.2
7.48333	105.1
7.50000	105.1
7.51667	104.7
7.53333	104.7
7.55000	104.7
7.56667	104.1
7.58333	104.5
7.60000	104.0
7.61667	104.0
7.63333	103.9
7.65000	103.6
7.66667	103.5
7.68333	103.4
7.70000	103.5
7.71667	103.0
7.73333	103.2
7.75000	102.9
7.76667	102.9
7.78333	102.6
7.80000	102.3
7.81667	102.3
7.83333	102.0
7.85000	102.2
7.86667	101.6
7.88333	101.4
7.90000	101.6
7.91667	101.4
7.93333	101.3
7.95000	101.0
7.96667	100.9
7.98333	100.8
8.00000	100.9
8.01667	100.4
8.03333	100.3
8.05000	100.4
8.06667	99.8
8.08333	100.2
8.10000	99.8
8.11667	99.7
8.13333	99.7
8.15000	99.3
8.16667	99.1
8.18333	98.9
8.20000	99.1
8.21667	98.5
8.23333	98.8
8.25000	98.5
8.26667	98.5
8.28333	98.2
8.30000	97.9
8.31667	97.9
8.33333	97.6
8.35000	97.7
8.36667	97.2
8.38333	97.1
8.40000	97.2
8.41667	97.1
8.43333	97.0
8.45000	96.6
8.46667	96.6
8.48333	96.3
8.50000	96.1
8.51667	96.1
8.53333	95.9
8.55000	95.9
8.56667	95.6
8.58333	95.7
8.60000	95.4
8.61667	95.3
8.63333	95.2
8.65000	94.9
8.66667	94.8
8.68333	94.5
8.70000	94.7
8.71667	94.2
8.73333	94.4
8.75000	94.2
8.76667	94.2
8.78333	93.9
8.80000	93.6
8.81667	93.5
8.83333	93.3
8.85000	93.4
8.86667	92.9
8.88333	92.8
8.90000	92.7
8.91667	92.8
8.93333	92.6
8.95000	92.3
8.96667	92.2
8.98333	92.1
9.00000	91.6
9.01667	91.6
9.03333	91.4
9.05000	91.5
9.06667	91.1
9.08333	91.4
9.10000	91.0
9.11667	91.0
9.13333	90.7
9.15000	90.4
9.16667	90.4
9.18333	90.1
9.20000	90.3
9.21667	89.7
9.23333	89.9
9.25000	89.7
9.26667	89.6
9.28333	89.3
9.30000	89.0
9.31667	88.9
9.33333	88.9
9.35000	88.9
9.36667	88.4
9.38333	88.3
9.40000	88.4
9.41667	88.3
9.43333	88.2
9.45000	87.8
9.46667	87.8
9.48333	87.8
9.50000	87.3
9.51667	87.2
9.53333	87.1
9.55000	87.2
9.56667	86.8
9.58333	87.1
9.60000	86.7
9.61667	86.6
9.63333	86.4
9.65000	86.2
9.66667	86.3
9.68333	86.0
9.70000	86.2
9.71667	85.5
9.73333	85.8
9.75000	85.5
9.76667	85.6
9.78333	85.4
9.80000	85.0
9.81667	84.9
9.83333	84.9
9.85000	85.0
9.86667	84.5
9.88333	84.4
9.90000	84.5
9.91667	84.3
9.93333	84.4
9.95000	84.0
9.96667	83.9
9.98333	84.0
10.00000	83.6
10.01667	83.6
10.03333	83.4
10.05000	83.4
10.06667	83.1
10.08333	83.5
10.10000	83.2
10.11667	83.0
10.13333	82.8
10.15000	82.6
10.16667	82.6
10.18333	82.5
10.20000	82.7
10.21667	82.2
10.23333	82.5
10.25000	82.2
10.26667	82.2
10.28333	82.0
10.30000	81.8
10.31667	81.7
10.33333	81.7
10.35000	81.8
10.36667	81.4
10.38333	81.4
10.40000	81.4
10.41667	80.9
10.43333	81.4
10.45000	81.0
10.46667	81.0
10.48333	80.9
10.50000	80.7
10.51667	80.8
10.53333	80.6
10.55000	80.8
10.56667	80.4
10.58333	80.7
10.60000	80.6
10.61667	80.6
10.63333	80.4
10.65000	80.2
10.66667	80.3
10.68333	80.2
10.70000	80.4
10.71667	80.0
10.73333	79.8
10.75000	80.0
10.76667	80.2
10.78333	80.1
10.80000	80.0
10.81667	80.0
10.83333	80.0
10.85000	80.2
10.86667	79.9
10.88333	79.8
10.90000	80.1
10.91667	79.9
10.93333	80.2
10.95000	80.0
10.96667	80.2
10.98333	80.2
11.00000	80.0
11.01667	80.2
11.03333	80.0
11.05000	80.5
11.06667	80.3
11.08333	80.6
11.10000	80.6
11.11667	81.0
11.13333	80.9
11.15000	80.9
11.16667	81.2
11.18333	81.2
11.20000	81.6
11.21667	81.6
11.23333	81.6
11.25000	81.9
11.26667	82.4
11.28333	82.4
11.30000	82.5
11.31667	83.0
11.33333	83.0
11.35000	83.0
11.36667	83.5
11.38333	83.7
11.40000	84.1
11.41667	84.4
11.43333	84.8
11.45000	84.8
11.46667	85.5
11.48333	85.5
11.50000	85.7
11.51667	86.3
11.53333	86.3
11.55000	87.0
11.56667	87.2
11.58333	87.5
11.60000	87.9
11.61667	88.4
11.63333	88.5
11.65000	88.6
11.66667	89.2
11.68333	89.3
11.70000	89.8
11.71667	90.0
11.73333	90.2
11.75000	90.6
11.76667	91.0
11.78333	91.2
11.80000	91.3
11.81667	91.7
11.83333	91.6
11.85000	91.7
11.86667	92.0
11.88333	92.1
11.90000	92.5
11.91667	92.6
11.93333	93.0
11.95000	92.7
11.96667	93.2
11.98333	93.2
12.00000	93.1
12.01667	93.4
12.03333	93.3
12.05000	93.7
12.06667	93.6
12.08333	93.9
12.10000	94.0
12.11667	94.1
12.13333	94.1
12.15000	93.9
12.16667	94.3
12.18333	94.1
12.20000	94.4
12.21667	94.2
12.23333	94.3
12.25000	94.5
12.26667	94.6
12.28333	94.6
12.30000	94.4
12.31667	94.7
12.33333	94.6
12.35000	94.4
12.36667	94.6
12.38333	94.6
12.40000	94.8
12.41667	94.7
12.43333	94.9
12.45000	94.8
12.46667	95.0
12.48333	95.1
12.50000	94.9
12.51667	94.9
12.53333	94.8
12.55000	95.2
12.56667	94.9
12.58333	95.1
12.60000	95.2
12.61667	95.3
12.63333	95.2
12.65000	95.0
12.66667	95.3
12.68333	95.1
12.70000	95.4
12.71667	95.2
12.73333	95.1
12.75000	95.4
12.76667	95.5
12.78333	95.5
12.80000	95.5
12.81667	95.6
12.83333	95.5
12.85000	95.7
12.86667	95.5
12.88333	95.6
12.90000	95.8
12.91667	95.5
12.93333	95.9
12.95000	95.7
12.96667	95.9
12.98333	95.9
13.00000	95.8
13.01667	95.8
13.03333	95.7
13.05000	95.3
13.06667	94.8
13.08333	94.6
13.10000	94.2
13.11667	94.6
13.13333	94.8
13.15000	94.5
13.16667	94.9
13.18333	94.3
13.20000	94.4
13.21667	94.4
13.23333	94.8
13.25000	94.8
13.26667	94.2
13.28333	94.7
13.30000	94.3
13.31667	94.8
13.33333	94.5
13.35000	94.7
13.36667	94.1
13.38333	94.5
13.40000	94.8
13.41667	94.7
13.43333	94.5
13.45000	94.9
13.46667	94.7
13.48333	95.0
13.50000	94.8
13.51667	95.3
13.53333	94.9
13.55000	95.2
13.56667	95.2
13.58333	95.5
13.60000	95.7
13.61667	95.7
13.63333	95.9
13.65000	95.5
13.66667	95.9
13.68333	95.9
13.70000	95.6
13.71667	95.6
13.73333	95.6
13.75000	95.8
13.76667	95.5
13.78333	95.7
13.80000	95.8
13.81667	95.6
13.83333	95.4
13.85000	95.1
13.86667	94.9
13.88333	94.9
13.90000	94.7
13.91667	94.5
13.93333	94.5
13.95000	94.6
13.96667	94.4
13.98333	94.8
14.00000	94.6
14.01667	95.0
14.03333	95.0
14.05000	94.6
14.06667	94.1
14.08333	93.6
14.10000	92.4
14.11667	87.3
14.13333	85.7
14.15000	81.2
14.16667	76.5
14.18333	75.2
14.20000	74.1
14.21667	74.6
14.23333	75.2
14.25000	76.6
14.26667	79.1
14.28333	80.2
14.30000	82.6
14.31667	86.0
14.33333	87.4
14.35000	89.6
14.36667	93.9
14.38333	95.2
14.40000	97.5
14.41667	101.4
14.43333	102.4
14.45000	105.0
14.46667	107.9
14.48333	109.0
14.50000	110.9
14.51667	113.2
14.53333	114.0
14.55000	114.8
14.56667	116.7
14.58333	116.8
14.60000	117.5
14.61667	118.6
14.63333	118.9
14.65000	119.6
14.66667	119.8
14.68333	120.3
14.70000	120.0
14.71667	120.6
14.73333	120.5
14.75000	120.3
14.76667	120.3
14.78333	120.3
14.80000	120.3
14.81667	120.0
14.83333	120.4
14.85000	120.2
14.86667	120.3
14.88333	120.1
14.90000	119.7
14.91667	119.7
14.93333	119.5
14.95000	119.5
14.96667	119.5
14.98333	119.1
15.00000	119.0

[LC Status Trace(Pump A Degasser Pressure)]
Interval(msec)	1000
# of Points	901
Start Time(min)	0.000
End Time(min)	15.000
Intensity Units	bar
Intensity Multiplier	0.980665
R.Time (min)	Intensity
0.00000	955.4
0.01667	955.4
0.03333	955.4
0.05000	957.5
0.06667	957.5
0.08333	957.5
0.10000	958.5
0.11667	958.5
0.13333	958.5
0.15000	957.5
0.16667	957.5
0.18333	957.5
0.20000	957.5
0.21667	957.5
0.23333	957.5
0.25000	957.5
0.26667	957.5
0.28333	957.5
0.30000	957.5
0.31667	957.5
0.33333	957.5
0.35000	956.4
0.36667	956.4
0.38333	956.4
0.40000	955.4
0.41667	955.4
0.43333	955.4
0.45000	956.4
0.46667	956.4
0.48333	956.4
0.50000	958.5
0.51667	958.5
0.53333	958.5
0.55000	958.5
0.56667	958.5
0.58333	958.5
0.60000	957.5
0.61667	957.5
0.63333	957.5
0.65000	956.4
0.66667	956.4
0.68333	956.4
0.70000	957.5
0.71667	957.5
0.73333	957.5
0.75000	957.5
0.76667	957.5
0.78333	957.5
0.80000	956.4
0.81667	956.4
0.83333	956.4
0.85000	956.4
0.86667	956.4
0.88333	956.4
0.90000	957.5
0.91667	957.5
0.93333	957.5
0.95000	958.5
0.96667	958.5
0.98333	958.5
1.00000	957.5
1.01667	957.5
1.03333	957.5
1.05000	956.4
1.06667	956.4
1.08333	956.4
1.10000	957.5
1.11667	957.5
1.13333	957.5
1.15000	957.5
1.16667	957.5
1.18333	957.5
1.20000	956.4
1.21667	956.4
1.23333	956.4
1.25000	955.4
1.26667	955.4
1.28333	955.4
1.30000	956.4
1.31667	956.4
1.33333	956.4
1.35000	958.5
1.36667	958.5
1.38333	958.5
1.40000	958.5
1.41667	958.5
1.43333	958.5
1.45000	957.5
1.46667	957.5
1.48333	957.5
1.50000	956.4
1.51667	956.4
1.53333	956.4
1.55000	957.5
1.56667	957.5
1.58333	957.5
1.60000	956.4
1.61667	956.4
1.63333	956.4
1.65000	955.4
1.66667	955.4
1.68333	955.4
1.70000	956.4
1.71667	956.4
1.73333	956.4
1.75000	957.5
1.76667	957.5
1.78333	957.5
1.80000	958.5
1.81667	958.5
1.83333	958.5
1.85000	957.5
1.86667	957.5
1.88333	957.5
1.90000	956.4
1.91667	956.4
1.93333	956.4
1.95000	957.5
1.96667	957.5
1.98333	957.5
2.00000	957.5
2.01667	957.5
2.03333	957.5
2.05000	956.4
2.06667	956.4
2.08333	956.4
2.10000	955.4
2.11667	955.4
2.13333	955.4
2.15000	957.5
2.16667	957.5
2.18333	957.5
2.20000	958.5
2.21667	958.5
2.23333	958.5
2.25000	957.5
2.26667	957.5
2.28333	957.5
2.30000	956.4
2.31667	956.4
2.33333	956.4
2.35000	957.5
2.36667	957.5
2.38333	957.5
2.40000	957.5
2.41667	957.5
2.43333	957.5
2.45000	956.4
2.46667	956.4
2.48333	956.4
2.50000	955.4
2.51667	955.4
2.53333	955.4
2.55000	956.4
2.56667	956.4
2.58333	956.4
2.60000	958.5
2.61667	958.5
2.63333	958.5
2.65000	958.5
2.66667	958.5
2.68333	958.5
2.70000	957.5
2.71667	957.5
2.73333	957.5
2.75000	956.4
2.76667	956.4
2.78333	956.4
2.80000	957.5
2.81667	957.5
2.83333	957.5
2.85000	957.5
2.86667	957.5
2.88333	957.5
2.90000	956.4
2.91667	956.4
2.93333	956.4
2.95000	956.4
2.96667	956.4
2.98333	956.4
3.00000	957.5
3.01667	957.5
3.03333	957.5
3.05000	958.5
3.06667	958.5
3.08333	958.5
3.10000	957.5
3.11667	957.5
3.13333	957.5
3.15000	956.4
3.16667	956.4
3.18333	956.4
3.20000	957.5
3.21667	957.5
3.23333	957.5
3.25000	957.5
3.26667	957.5
3.28333	957.5
3.30000	956.4
3.31667	956.4
3.33333	956.4
3.35000	955.4
3.36667	955.4
3.38333	955.4
3.40000	956.4
3.41667	956.4
3.43333	956.4
3.45000	958.5
3.46667	958.5
3.48333	958.5
3.50000	957.5
3.51667	957.5
3.53333	957.5
3.55000	957.5
3.56667	957.5
3.58333	957.5
3.60000	957.5
3.61667	957.5
3.63333	957.5
3.65000	957.5
3.66667	957.5
3.68333	957.5
3.70000	956.4
3.71667	956.4
3.73333	956.4
3.75000	955.4
3.76667	955.4
3.78333	955.4
3.80000	956.4
3.81667	956.4
3.83333	956.4
3.85000	957.5
3.86667	957.5
3.88333	957.5
3.90000	958.5
3.91667	958.5
3.93333	958.5
3.95000	957.5
3.96667	957.5
3.98333	957.5
4.00000	956.4
4.01667	956.4
4.03333	956.4
4.05000	957.5
4.06667	957.5
4.08333	957.5
4.10000	957.5
4.11667	957.5
4.13333	957.5
4.15000	956.4
4.16667	956.4
4.18333	956.4
4.20000	955.4
4.21667	955.4
4.23333	955.4
4.25000	957.5
4.26667	957.5
4.28333	957.5
4.30000	958.5
4.31667	958.5
4.33333	958.5
4.35000	957.5
4.36667	957.5
4.38333	957.5
4.40000	957.5
4.41667	957.5
4.43333	957.5
4.45000	957.5
4.46667	957.5
4.48333	957.5
4.50000	957.5
4.51667	957.5
4.53333	957.5
4.55000	956.4
4.56667	956.4
4.58333	956.4
4.60000	955.4
4.61667	955.4
4.63333	955.4
4.65000	956.4
4.66667	956.4
4.68333	956.4
4.70000	958.5
4.71667	958.5
4.73333	958.5
4.75000	958.5
4.76667	958.5
4.78333	958.5
4.80000	957.5
4.81667	957.5
4.83333	957.5
4.85000	956.4
4.86667	956.4
4.88333	956.4
4.90000	957.5
4.91667	957.5
4.93333	957.5
4.95000	957.5
4.96667	957.5
4.98333	957.5
5.00000	956.4
5.01667	956.4
5.03333	956.4
5.05000	956.4
5.06667	956.4
5.08333	956.4
5.10000	957.5
5.11667	957.5
5.13333	957.5
5.15000	958.5
5.16667	958.5
5.18333	958.5
5.20000	957.5
5.21667	957.5
5.23333	957.5
5.25000	956.4
5.26667	956.4
5.28333	956.4
5.30000	957.5
5.31667	957.5
5.33333	957.5
5.35000	957.5
5.36667	957.5
5.38333	957.5
5.40000	956.4
5.41667	956.4
5.43333	956.4
5.45000	955.4
5.46667	955.4
5.48333	955.4
5.50000	957.5
5.51667	957.5
5.53333	957.5
5.55000	958.5
5.56667	958.5
5.58333	958.5
5.60000	958.5
5.61667	958.5
5.63333	958.5
5.65000	957.5
5.66667	957.5
5.68333	957.5
5.70000	957.5
5.71667	957.5
5.73333	957.5
5.75000	957.5
5.76667	957.5
5.78333	957.5
5.80000	956.4
5.81667	956.4
5.83333	956.4
5.85000	955.4
5.86667	955.4
5.88333	955.4
5.90000	956.4
5.91667	956.4
5.93333	956.4
5.95000	957.5
5.96667	957.5
5.98333	957.5
6.00000	958.5
6.01667	958.5
6.03333	958.5
6.05000	957.5
6.06667	957.5
6.08333	957.5
6.10000	956.4
6.11667	956.4
6.13333	956.4
6.15000	957.5
6.16667	957.5
6.18333	957.5
6.20000	957.5
6.21667	957.5
6.23333	957.5
6.25000	956.4
6.26667	956.4
6.28333	956.4
6.30000	955.4
6.31667	955.4
6.33333	955.4
6.35000	957.5
6.36667	957.5
6.38333	957.5
6.40000	958.5
6.41667	958.5
6.43333	958.5
6.45000	957.5
6.46667	957.5
6.48333	957.5
6.50000	957.5
6.51667	957.5
6.53333	957.5
6.55000	957.5
6.56667	957.5
6.58333	957.5
6.60000	957.5
6.61667	957.5
6.63333	957.5
6.65000	956.4
6.66667	956.4
6.68333	956.4
6.70000	955.4
6.71667	955.4
6.73333	955.4
6.75000	956.4
6.76667	956.4
6.78333	956.4
6.80000	958.5
6.81667	958.5
6.83333	958.5
6.85000	958.5
6.86667	958.5
6.88333	958.5
6.90000	957.5
6.91667	957.5
6.93333	957.5
6.95000	956.4
6.96667	956.4
6.98333	956.4
7.00000	957.5
7.01667	957.5
7.03333	957.5
7.05000	957.5
7.06667	957.5
7.08333	957.5
7.10000	956.4
7.11667	956.4
7.13333	956.4
7.15000	956.4
7.16667	956.4
7.18333	956.4
7.20000	957.5
7.21667	957.5
7.23333	957.5
7.25000	958.5
7.26667	958.5
7.28333	958.5
7.30000	957.5
7.31667	957.5
7.33333	957.5
7.35000	956.4
7.36667	956.4
7.38333	956.4
7.40000	957.5
7.41667	957.5
7.43333	957.5
7.45000	957.5
7.46667	957.5
7.48333	957.5
7.50000	956.4
7.51667	956.4
7.53333	956.4
7.55000	955.4
7.56667	955.4
7.58333	955.4
7.60000	957.5
7.61667	957.5
7.63333	957.5
7.65000	958.5
7.66667	958.5
7.68333	958.5
7.70000	958.5
7.71667	958.5
7.73333	958.5
7.75000	957.5
7.76667	957.5
7.78333	957.5
7.80000	957.5
7.81667	957.5
7.83333	957.5
7.85000	957.5
7.86667	957.5
7.88333	957.5
7.90000	956.4
7.91667	956.4
7.93333	956.4
7.95000	955.4
7.96667	955.4
7.98333	955.4
8.00000	956.4
8.01667	956.4
8.03333	956.4
8.05000	957.5
8.06667	957.5
8.08333	957.5
8.10000	958.5
8.11667	958.5
8.13333	958.5
8.15000	957.5
8.16667	957.5
8.18333	957.5
8.20000	956.4
8.21667	956.4
8.23333	956.4
8.25000	957.5
8.26667	957.5
8.28333	957.5
8.30000	957.5
8.31667	957.5
8.33333	957.5
8.35000	956.4
8.36667	956.4
8.38333	956.4
8.40000	955.4
8.41667	955.4
8.43333	955.4
8.45000	957.5
8.46667	957.5
8.48333	957.5
8.50000	958.5
8.51667	958.5
8.53333	958.5
8.55000	957.5
8.56667	957.5
8.58333	957.5
8.60000	957.5
8.61667	957.5
8.63333	957.5
8.65000	957.5
8.66667	957.5
8.68333	957.5
8.70000	957.5
8.71667	957.5
8.73333	957.5
8.75000	956.4
8.76667	956.4
8.78333	956.4
8.80000	955.4
8.81667	955.4
8.83333	955.4
8.85000	956.4
8.86667	956.4
8.88333	956.4
8.90000	958.5
8.91667	958.5
8.93333	958.5
8.95000	958.5
8.96667	958.5
8.98333	958.5
9.00000	957.5
9.01667	957.5
9.03333	957.5
9.05000	956.4
9.06667	956.4
9.08333	956.4
9.10000	957.5
9.11667	957.5
9.13333	957.5
9.15000	957.5
9.16667	957.5
9.18333	957.5
9.20000	956.4
9.21667	956.4
9.23333	956.4
9.25000	956.4
9.26667	956.4
9.28333	956.4
9.30000	957.5
9.31667	957.5
9.33333	957.5
9.35000	958.5
9.36667	958.5
9.38333	958.5
9.40000	957.5
9.41667	957.5
9.43333	957.5
9.45000	956.4
9.46667	956.4
9.48333	956.4
9.50000	957.5
9.51667	957.5
9.53333	957.5
9.55000	957.5
9.56667	957.5
9.58333	957.5
9.60000	956.4
9.61667	956.4
9.63333	956.4
9.65000	955.4
9.66667	955.4
9.68333	955.4
9.70000	957.5
9.71667	957.5
9.73333	957.5
9.75000	958.5
9.76667	958.5
9.78333	958.5
9.80000	957.5
9.81667	957.5
9.83333	957.5
9.85000	957.5
9.86667	957.5
9.88333	957.5
9.90000	956.4
9.91667	956.4
9.93333	956.4
9.95000	957.5
9.96667	957.5
9.98333	957.5
10.00000	956.4
10.01667	956.4
10.03333	956.4
10.05000	955.4
10.06667	955.4
10.08333	955.4
10.10000	956.4
10.11667	956.4
10.13333	956.4
10.15000	957.5
10.16667	957.5
10.18333	957.5
10.20000	958.5
10.21667	958.5
10.23333	958.5
10.25000	957.5
10.26667	957.5
10.28333	957.5
10.30000	956.4
10.31667	956.4
10.33333	956.4
10.35000	957.5
10.36667	957.5
10.38333	957.5
10.40000	957.5
10.41667	957.5
10.43333	957.5
10.45000	956.4
10.46667	956.4
10.48333	956.4
10.50000	955.4
10.51667	955.4
10.53333	955.4
10.55000	957.5
10.56667	957.5
10.58333	957.5
10.60000	958.5
10.61667	958.5
10.63333	958.5
10.65000	957.5
10.66667	957.5
10.68333	957.5
10.70000	956.4
10.71667	956.4
10.73333	956.4
10.75000	957.5
10.76667	957.5
10.78333	957.5
10.80000	957.5
10.81667	957.5
10.83333	957.5
10.85000	956.4
10.86667	956.4
10.88333	956.4
10.90000	956.4
10.91667	955.4
10.93333	955.4
10.95000	956.4
10.96667	956.4
10.98333	956.4
11.00000	956.4
11.01667	958.5
11.03333	958.5
11.05000	958.5
11.06667	958.5
11.08333	958.5
11.10000	957.5
11.11667	957.5
11.13333	957.5
11.15000	956.4
11.16667	956.4
11.18333	956.4
11.20000	957.5
11.21667	957.5
11.23333	957.5
11.25000	957.5
11.26667	957.5
11.28333	957.5
11.30000	956.4
11.31667	956.4
11.33333	956.4
11.35000	956.4
11.36667	956.4
11.38333	956.4
11.40000	957.5
11.41667	957.5
11.43333	957.5
11.45000	958.5
11.46667	958.5
11.48333	958.5
11.50000	957.5
11.51667	957.5
11.53333	957.5
11.55000	956.4
11.56667	956.4
11.58333	956.4
11.60000	957.5
11.61667	957.5
11.63333	957.5
11.65000	957.5
11.66667	957.5
11.68333	957.5
11.70000	956.4
11.71667	956.4
11.73333	956.4
11.75000	955.4
11.76667	955.4
11.78333	955.4
11.80000	955.4
11.81667	956.4
11.83333	956.4
11.85000	958.5
11.86667	958.5
11.88333	958.5
11.90000	958.5
11.91667	958.5
11.93333	958.5
11.95000	957.5
11.96667	957.5
11.98333	957.5
12.00000	957.5
12.01667	957.5
12.03333	957.5
12.05000	957.5
12.06667	957.5
12.08333	957.5
12.10000	956.4
12.11667	956.4
12.13333	956.4
12.15000	956.4
12.16667	956.4
12.18333	956.4
12.20000	956.4
12.21667	956.4
12.23333	956.4
12.25000	957.5
12.26667	957.5
12.28333	957.5
12.30000	958.5
12.31667	958.5
12.33333	958.5
12.35000	957.5
12.36667	957.5
12.38333	957.5
12.40000	956.4
12.41667	956.4
12.43333	956.4
12.45000	957.5
12.46667	957.5
12.48333	957.5
12.50000	957.5
12.51667	957.5
12.53333	957.5
12.55000	956.4
12.56667	956.4
12.58333	956.4
12.60000	955.4
12.61667	955.4
12.63333	955.4
12.65000	957.5
12.66667	957.5
12.68333	957.5
12.70000	958.5
12.71667	958.5
12.73333	958.5
12.75000	957.5
12.76667	957.5
12.78333	957.5
12.80000	957.5
12.81667	957.5
12.83333	957.5
12.85000	957.5
12.86667	957.5
12.88333	957.5
12.90000	957.5
12.91667	957.5
12.93333	957.5
12.95000	956.4
12.96667	956.4
12.98333	956.4
13.00000	955.4
13.01667	955.4
13.03333	955.4
13.05000	956.4
13.06667	956.4
13.08333	956.4
13.10000	957.5
13.11667	957.5
13.13333	957.5
13.15000	958.5
13.16667	958.5
13.18333	958.5
13.20000	957.5
13.21667	957.5
13.23333	957.5
13.25000	956.4
13.26667	956.4
13.28333	956.4
13.30000	957.5
13.31667	957.5
13.33333	957.5
13.35000	957.5
13.36667	957.5
13.38333	957.5
13.40000	956.4
13.41667	956.4
13.43333	956.4
13.45000	956.4
13.46667	956.4
13.48333	956.4
13.50000	957.5
13.51667	957.5
13.53333	957.5
13.55000	958.5
13.56667	958.5
13.58333	958.5
13.60000	957.5
13.61667	957.5
13.63333	957.5
13.65000	956.4
13.66667	956.4
13.68333	956.4
13.70000	957.5
13.71667	957.5
13.73333	957.5
13.75000	957.5
13.76667	957.5
13.78333	957.5
13.80000	957.5
13.81667	956.4
13.83333	956.4
13.85000	955.4
13.86667	955.4
13.88333	955.4
13.90000	955.4
13.91667	956.4
13.93333	956.4
13.95000	958.5
13.96667	958.5
13.98333	958.5
14.00000	958.5
14.01667	958.5
14.03333	958.5
14.05000	957.5
14.06667	957.5
14.08333	957.5
14.10000	956.4
14.11667	956.4
14.13333	956.4
14.15000	957.5
14.16667	957.5
14.18333	957.5
14.20000	956.4
14.21667	956.4
14.23333	956.4
14.25000	956.4
14.26667	956.4
14.28333	956.4
14.30000	956.4
14.31667	956.4
14.33333	956.4
14.35000	957.5
14.36667	957.5
14.38333	957.5
14.40000	958.5
14.41667	958.5
14.43333	958.5
14.45000	957.5
14.46667	957.5
14.48333	957.5
14.50000	956.4
14.51667	956.4
14.53333	956.4
14.55000	957.5
14.56667	957.5
14.58333	957.5
14.60000	957.5
14.61667	957.5
14.63333	957.5
14.65000	956.4
14.66667	956.4
14.68333	956.4
14.70000	955.4
14.71667	955.4
14.73333	955.4
14.75000	957.5
14.76667	957.5
14.78333	957.5
14.80000	957.5
14.81667	958.5
14.83333	958.5
14.85000	957.5
14.86667	957.5
14.88333	957.5
14.90000	957.5
14.91667	957.5
14.93333	957.5
14.95000	957.5
14.96667	957.5
14.98333	957.5
15.00000	957.5

[LC Status Trace(Sample Cooler Temp.)]
Interval(msec)	1000
# of Points	901
Start Time(min)	0.000
End Time(min)	15.000
Intensity Units	C
Intensity Multiplier	1
R.Time (min)	Intensity
0.00000	10.0
0.01667	10.0
0.03333	10.0
0.05000	10.0
0.06667	10.0
0.08333	10.0
0.10000	10.0
0.11667	10.0
0.13333	10.0
0.15000	10.0
0.16667	10.0
0.18333	10.0
0.20000	10.0
0.21667	10.0
0.23333	10.0
0.25000	10.0
0.26667	10.0
0.28333	10.0
0.30000	10.0
0.31667	10.0
0.33333	10.0
0.35000	10.0
0.36667	10.0
0.38333	10.0
0.40000	10.0
0.41667	10.0
0.43333	10.0
0.45000	10.0
0.46667	10.0
0.48333	10.0
0.50000	10.0
0.51667	10.0
0.53333	10.0
0.55000	10.0
0.56667	10.0
0.58333	10.0
0.60000	10.0
0.61667	10.0
0.63333	10.0
0.65000	10.0
0.66667	10.0
0.68333	10.0
0.70000	10.0
0.71667	10.0
0.73333	10.0
0.75000	10.0
0.76667	10.0
0.78333	10.0
0.80000	10.0
0.81667	10.0
0.83333	10.0
0.85000	10.0
0.86667	10.0
0.88333	10.0
0.90000	10.0
0.91667	10.0
0.93333	10.0
0.95000	10.0
0.96667	10.0
0.98333	10.0
1.00000	10.0
1.01667	10.0
1.03333	10.0
1.05000	10.0
1.06667	10.0
1.08333	10.0
1.10000	10.0
1.11667	10.0
1.13333	10.0
1.15000	10.0
1.16667	10.0
1.18333	10.0
1.20000	10.0
1.21667	10.0
1.23333	10.0
1.25000	10.0
1.26667	10.0
1.28333	10.0
1.30000	10.0
1.31667	10.0
1.33333	10.0
1.35000	10.0
1.36667	10.0
1.38333	10.0
1.40000	10.0
1.41667	10.0
1.43333	10.0
1.45000	10.0
1.46667	10.0
1.48333	10.0
1.50000	10.0
1.51667	10.0
1.53333	10.0
1.55000	10.0
1.56667	10.0
1.58333	10.0
1.60000	10.0
1.61667	10.0
1.63333	10.0
1.65000	10.0
1.66667	10.0
1.68333	10.0
1.70000	10.0
1.71667	10.0
1.73333	10.0
1.75000	10.0
1.76667	10.0
1.78333	10.0
1.80000	10.0
1.81667	10.0
1.83333	10.0
1.85000	10.0
1.86667	10.0
1.88333	10.0
1.90000	10.0
1.91667	10.0
1.93333	10.0
1.95000	10.0
1.96667	10.0
1.98333	10.0
2.00000	10.0
2.01667	10.0
2.03333	10.0
2.05000	10.0
2.06667	10.0
2.08333	10.0
2.10000	10.0
2.11667	10.0
2.13333	10.0
2.15000	10.0
2.16667	10.0
2.18333	10.0
2.20000	10.0
2.21667	10.0
2.23333	10.0
2.25000	10.0
2.26667	10.0
2.28333	10.0
2.30000	10.0
2.31667	10.0
2.33333	10.0
2.35000	10.0
2.36667	10.0
2.38333	10.0
2.40000	10.0
2.41667	10.0
2.43333	10.0
2.45000	10.0
2.46667	10.0
2.48333	10.0
2.50000	10.0
2.51667	10.0
2.53333	10.0
2.55000	10.0
2.56667	10.0
2.58333	10.0
2.60000	10.0
2.61667	10.0
2.63333	10.0
2.65000	10.0
2.66667	10.0
2.68333	10.0
2.70000	10.0
2.71667	10.0
2.73333	10.0
2.75000	10.0
2.76667	10.0
2.78333	10.0
2.80000	10.0
2.81667	10.0
2.83333	10.0
2.85000	10.0
2.86667	10.0
2.88333	10.0
2.90000	10.0
2.91667	10.0
2.93333	10.0
2.95000	10.0
2.96667	10.0
2.98333	10.0
3.00000	10.0
3.01667	10.0
3.03333	10.0
3.05000	10.0
3.06667	10.0
3.08333	10.0
3.10000	10.0
3.11667	10.0
3.13333	10.0
3.15000	10.0
3.16667	10.0
3.18333	10.0
3.20000	10.0
3.21667	10.0
3.23333	10.0
3.25000	10.0
3.26667	10.0
3.28333	10.0
3.30000	10.0
3.31667	10.0
3.33333	10.0
3.35000	10.0
3.36667	10.0
3.38333	10.0
3.40000	10.0
3.41667	10.0
3.43333	10.0
3.45000	10.0
3.46667	10.0
3.48333	10.0
3.50000	10.0
3.51667	10.0
3.53333	10.0
3.55000	10.0
3.56667	10.0
3.58333	10.0
3.60000	10.0
3.61667	10.0
3.63333	10.0
3.65000	10.0
3.66667	10.0
3.68333	10.0
3.70000	10.0
3.71667	10.0
3.73333	10.0
3.75000	10.0
3.76667	10.0
3.78333	10.0
3.80000	10.0
3.81667	10.0
3.83333	10.0
3.85000	10.0
3.86667	10.0
3.88333	10.0
3.90000	10.0
3.91667	10.0
3.93333	10.0
3.95000	10.0
3.96667	10.0
3.98333	10.0
4.00000	10.0
4.01667	10.0
4.03333	10.0
4.05000	10.0
4.06667	10.0
4.08333	10.0
4.10000	10.0
4.11667	10.0
4.13333	10.0
4.15000	10.0
4.16667	10.0
4.18333	10.0
4.20000	10.0
4.21667	10.0
4.23333	10.0
4.25000	10.0
4.26667	10.0
4.28333	10.0
4.30000	10.0
4.31667	10.0
4.33333	10.0
4.35000	10.0
4.36667	10.0
4.38333	10.0
4.40000	10.0
4.41667	10.0
4.43333	10.0
4.45000	10.0
4.46667	10.0
4.48333	10.0
4.50000	10.0
4.51667	10.0
4.53333	10.0
4.55000	10.0
4.56667	10.0
4.58333	10.0
4.60000	10.0
4.61667	10.0
4.63333	10.0
4.65000	10.0
4.66667	10.0
4.68333	10.0
4.70000	10.0
4.71667	10.0
4.73333	10.0
4.75000	10.0
4.76667	10.0
4.78333	10.0
4.80000	10.0
4.81667	10.0
4.83333	10.0
4.85000	10.0
4.86667	10.0
4.88333	10.0
4.90000	10.0
4.91667	10.0
4.93333	10.0
4.95000	10.0
4.96667	10.0
4.98333	10.0
5.00000	10.0
5.01667	10.0
5.03333	10.0
5.05000	10.0
5.06667	10.0
5.08333	10.0
5.10000	10.0
5.11667	10.0
5.13333	10.0
5.15000	10.0
5.16667	10.0
5.18333	10.0
5.20000	10.0
5.21667	10.0
5.23333	10.0
5.25000	10.0
5.26667	10.0
5.28333	10.0
5.30000	10.0
5.31667	10.0
5.33333	10.0
5.35000	10.0
5.36667	10.0
5.38333	10.0
5.40000	10.0
5.41667	10.0
5.43333	10.0
5.45000	10.0
5.46667	10.0
5.48333	10.0
5.50000	10.0
5.51667	10.0
5.53333	10.0
5.55000	10.0
5.56667	10.0
5.58333	10.0
5.60000	10.0
5.61667	10.0
5.63333	10.0
5.65000	10.0
5.66667	10.0
5.68333	10.0
5.70000	10.0
5.71667	10.0
5.73333	10.0
5.75000	10.0
5.76667	10.0
5.78333	10.0
5.80000	10.0
5.81667	10.0
5.83333	10.0
5.85000	10.0
5.86667	10.0
5.88333	10.0
5.90000	10.0
5.91667	10.0
5.93333	10.0
5.95000	10.0
5.96667	10.0
5.98333	10.0
6.00000	10.0
6.01667	10.0
6.03333	10.0
6.05000	10.0
6.06667	10.0
6.08333	10.0
6.10000	10.0
6.11667	10.0
6.13333	10.0
6.15000	10.0
6.16667	10.0
6.18333	10.0
6.20000	10.0
6.21667	10.0
6.23333	10.0
6.25000	10.0
6.26667	10.0
6.28333	10.0
6.30000	10.0
6.31667	10.0
6.33333	10.0
6.35000	10.0
6.36667	10.0
6.38333	10.0
6.40000	10.0
6.41667	10.0
6.43333	10.0
6.45000	10.0
6.46667	10.0
6.48333	10.0
6.50000	10.0
6.51667	10.0
6.53333	10.0
6.55000	10.0
6.56667	10.0
6.58333	10.0
6.60000	10.0
6.61667	10.0
6.63333	10.0
6.65000	10.0
6.66667	10.0
6.68333	10.0
6.70000	10.0
6.71667	10.0
6.73333	10.0
6.75000	10.0
6.76667	10.0
6.78333	10.0
6.80000	10.0
6.81667	10.0
6.83333	10.0
6.85000	10.0
6.86667	10.0
6.88333	10.0
6.90000	10.0
6.91667	10.0
6.93333	10.0
6.95000	10.0
6.96667	10.0
6.98333	10.0
7.00000	10.0
7.01667	10.0
7.03333	10.0
7.05000	10.0
7.06667	10.0
7.08333	10.0
7.10000	10.0
7.11667	10.0
7.13333	10.0
7.15000	10.0
7.16667	10.0
7.18333	10.0
7.20000	10.0
7.21667	10.0
7.23333	10.0
7.25000	10.0
7.26667	10.0
7.28333	10.0
7.30000	10.0
7.31667	10.0
7.33333	10.0
7.35000	10.0
7.36667	10.0
7.38333	10.0
7.40000	10.0
7.41667	10.0
7.43333	10.0
7.45000	10.0
7.46667	10.0
7.48333	10.0
7.50000	10.0
7.51667	10.0
7.53333	10.0
7.55000	10.0
7.56667	10.0
7.58333	10.0
7.60000	10.0
7.61667	10.0
7.63333	10.0
7.65000	10.0
7.66667	10.0
7.68333	10.0
7.70000	10.0
7.71667	10.0
7.73333	10.0
7.75000	10.0
7.76667	10.0
7.78333	10.0
7.80000	10.0
7.81667	10.0
7.83333	10.0
7.85000	10.0
7.86667	10.0
7.88333	10.0
7.90000	10.0
7.91667	10.0
7.93333	10.0
7.95000	10.0
7.96667	10.0
7.98333	10.0
8.00000	10.0
8.01667	10.0
8.03333	10.0
8.05000	10.0
8.06667	10.0
8.08333	10.0
8.10000	10.0
8.11667	10.0
8.13333	10.0
8.15000	10.0
8.16667	10.0
8.18333	10.0
8.20000	10.0
8.21667	10.0
8.23333	10.0
8.25000	10.0
8.26667	10.0
8.28333	10.0
8.30000	10.0
8.31667	10.0
8.33333	10.0
8.35000	10.0
8.36667	10.0
8.38333	10.0
8.40000	10.0
8.41667	10.0
8.43333	10.0
8.45000	10.0
8.46667	10.0
8.48333	10.0
8.50000	10.0
8.51667	10.0
8.53333	10.0
8.55000	10.0
8.56667	10.0
8.58333	10.0
8.60000	10.0
8.61667	10.0
8.63333	10.0
8.65000	10.0
8.66667	10.0
8.68333	10.0
8.70000	10.0
8.71667	10.0
8.73333	10.0
8.75000	10.0
8.76667	10.0
8.78333	10.0
8.80000	10.0
8.81667	10.0
8.83333	10.0
8.85000	10.0
8.86667	10.0
8.88333	10.0
8.90000	10.0
8.91667	10.0
8.93333	10.0
8.95000	10.0
8.96667	10.0
8.98333	10.0
9.00000	10.0
9.01667	10.0
9.03333	10.0
9.05000	10.0
9.06667	10.0
9.08333	10.0
9.10000	10.0
9.11667	10.0
9.13333	10.0
9.15000	10.0
9.16667	10.0
9.18333	10.0
9.20000	10.0
9.21667	10.0
9.23333	10.0
9.25000	10.0
9.26667	10.0
9.28333	10.0
9.30000	10.0
9.31667	10.0
9.33333	10.0
9.35000	10.0
9.36667	10.0
9.38333	10.0
9.40000	10.0
9.41667	10.0
9.43333	10.0
9.45000	10.0
9.46667	10.0
9.48333	10.0
9.50000	10.0
9.51667	10.0
9.53333	10.0
9.55000	10.0
9.56667	10.0
9.58333	10.0
9.60000	10.0
9.61667	10.0
9.63333	10.0
9.65000	10.0
9.66667	10.0
9.68333	10.0
9.70000	10.0
9.71667	10.0
9.73333	10.0
9.75000	10.0
9.76667	10.0
9.78333	10.0
9.80000	10.0
9.81667	10.0
9.83333	10.0
9.85000	10.0
9.86667	10.0
9.88333	10.0
9.90000	10.0
9.91667	10.0
9.93333	10.0
9.95000	10.0
9.96667	10.0
9.98333	10.0
10.00000	10.0
10.01667	10.0
10.03333	10.0
10.05000	10.0
10.06667	10.0
10.08333	10.0
10.10000	10.0
10.11667	10.0
10.13333	10.0
10.15000	10.0
10.16667	10.0
10.18333	10.0
10.20000	10.0
10.21667	10.0
10.23333	10.0
10.25000	10.0
10.26667	10.0
10.28333	10.0
10.30000	10.0
10.31667	10.0
10.33333	10.0
10.35000	10.0
10.36667	10.0
10.38333	10.0
10.40000	10.0
10.41667	10.0
10.43333	10.0
10.45000	10.0
10.46667	10.0
10.48333	10.0
10.50000	10.0
10.51667	10.0
10.53333	10.0
10.55000	10.0
10.56667	10.0
10.58333	10.0
10.60000	10.0
10.61667	10.0
10.63333	10.0
10.65000	10.0
10.66667	10.0
10.68333	10.0
10.70000	10.0
10.71667	10.0
10.73333	10.0
10.75000	10.0
10.76667	10.0
10.78333	10.0
10.80000	10.0
10.81667	10.0
10.83333	10.0
10.85000	10.0
10.86667	10.0
10.88333	10.0
10.90000	10.0
10.91667	10.0
10.93333	10.0
10.95000	10.0
10.96667	10.0
10.98333	10.0
11.00000	10.0
11.01667	10.0
11.03333	10.0
11.05000	10.0
11.06667	10.0
11.08333	10.0
11.10000	10.0
11.11667	10.0
11.13333	10.0
11.15000	10.0
11.16667	10.0
11.18333	10.0
11.20000	10.0
11.21667	10.0
11.23333	10.0
11.25000	10.0
11.26667	10.0
11.28333	10.0
11.30000	10.0
11.31667	10.0
11.33333	10.0
11.35000	10.0
11.36667	10.0
11.38333	10.0
11.40000	10.0
11.41667	10.0
11.43333	10.0
11.45000	10.0
11.46667	10.0
11.48333	10.0
11.50000	10.0
11.51667	10.0
11.53333	10.0
11.55000	10.0
11.56667	10.0
11.58333	10.0
11.60000	10.0
11.61667	10.0
11.63333	10.0
11.65000	10.0
11.66667	10.0
11.68333	10.0
11.70000	10.0
11.71667	10.0
11.73333	10.0
11.75000	10.0
11.76667	10.0
11.78333	10.0
11.80000	10.0
11.81667	10.0
11.83333	10.0
11.85000	10.0
11.86667	10.0
11.88333	10.0
11.90000	10.0
11.91667	10.0
11.93333	10.0
11.95000	10.0
11.96667	10.0
11.98333	10.0
12.00000	10.0
12.01667	10.0
12.03333	10.0
12.05000	10.0
12.06667	10.0
12.08333	10.0
12.10000	10.0
12.11667	10.0
12.13333	10.0
12.15000	10.0
12.16667	10.0
12.18333	10.0
12.20000	10.0
12.21667	10.0
12.23333	10.0
12.25000	10.0
12.26667	10.0
12.28333	10.0
12.30000	10.0
12.31667	10.0
12.33333	10.0
12.35000	10.0
12.36667	10.0
12.38333	10.0
12.40000	10.0
12.41667	10.0
12.43333	10.0
12.45000	10.0
12.46667	10.0
12.48333	10.0
12.50000	10.0
12.51667	10.0
12.53333	10.0
12.55000	10.0
12.56667	10.0
12.58333	10.0
12.60000	10.0
12.61667	10.0
12.63333	10.0
12.65000	10.0
12.66667	10.0
12.68333	10.0
12.70000	10.0
12.71667	10.0
12.73333	10.0
12.75000	10.0
12.76667	10.0
12.78333	10.0
12.80000	10.0
12.81667	10.0
12.83333	10.0
12.85000	10.0
12.86667	10.0
12.88333	10.0
12.90000	10.0
12.91667	10.0
12.93333	10.0
12.95000	10.0
12.96667	10.0
12.98333	10.0
13.00000	10.0
13.01667	10.0
13.03333	10.0
13.05000	10.0
13.06667	10.0
13.08333	10.0
13.10000	10.0
13.11667	10.0
13.13333	10.0
13.15000	10.0
13.16667	10.0
13.18333	10.0
13.20000	10.0
13.21667	10.0
13.23333	10.0
13.25000	10.0
13.26667	10.0
13.28333	10.0
13.30000	10.0
13.31667	10.0
13.33333	10.0
13.35000	10.0
13.36667	10.0
13.38333	10.0
13.40000	10.0
13.41667	10.0
13.43333	10.0
13.45000	10.0
13.46667	10.0
13.48333	10.0
13.50000	10.0
13.51667	10.0
13.53333	10.0
13.55000	10.0
13.56667	10.0
13.58333	10.0
13.60000	10.0
13.61667	10.0
13.63333	10.0
13.65000	10.0
13.66667	10.0
13.68333	10.0
13.70000	10.0
13.71667	10.0
13.73333	10.0
13.75000	10.0
13.76667	10.0
13.78333	10.0
13.80000	10.0
13.81667	10.0
13.83333	10.0
13.85000	10.0
13.86667	10.0
13.88333	10.0
13.90000	10.0
13.91667	10.0
13.93333	10.0
13.95000	10.0
13.96667	10.0
13.98333	10.0
14.00000	10.0
14.01667	10.0
14.03333	10.0
14.05000	10.0
14.06667	10.0
14.08333	10.0
14.10000	10.0
14.11667	10.0
14.13333	10.0
14.15000	10.0
14.16667	10.0
14.18333	10.0
14.20000	10.0
14.21667	10.0
14.23333	10.0
14.25000	10.0
14.26667	10.0
14.28333	10.0
14.30000	10.0
14.31667	10.0
14.33333	10.0
14.35000	10.0
14.36667	10.0
14.38333	10.0
14.40000	10.0
14.41667	10.0
14.43333	10.0
14.45000	10.0
14.46667	10.0
14.48333	10.0
14.50000	10.0
14.51667	10.0
14.53333	10.0
14.55000	10.0
14.56667	10.0
14.58333	10.0
14.60000	10.0
14.61667	10.0
14.63333	10.0
14.65000	10.0
14.66667	10.0
14.68333	10.0
14.70000	10.0
14.71667	10.0
14.73333	10.0
14.75000	10.0
14.76667	10.0
14.78333	10.0
14.80000	10.0
14.81667	10.0
14.83333	10.0
14.85000	10.0
14.86667	10.0
14.88333	10.0
14.90000	10.0
14.91667	10.0
14.93333	10.0
14.95000	10.0
14.96667	10.0
14.98333	10.0
15.00000	10.0

[LC Status Trace(Oven Temp.)]
Interval(msec)	1000
# of Points	901
Start Time(min)	0.000
End Time(min)	15.000
Intensity Units	C
Intensity Multiplier	1
R.Time (min)	Intensity
0.00000	59.99
0.01667	59.99
0.03333	59.99
0.05000	59.99
0.06667	60.00
0.08333	60.00
0.10000	60.00
0.11667	60.00
0.13333	60.00
0.15000	60.00
0.16667	60.00
0.18333	60.00
0.20000	60.00
0.21667	60.00
0.23333	60.00
0.25000	60.00
0.26667	60.00
0.28333	60.00
0.30000	60.00
0.31667	60.00
0.33333	60.00
0.35000	60.00
0.36667	60.00
0.38333	60.00
0.40000	60.00
0.41667	60.00
0.43333	60.00
0.45000	60.00
0.46667	60.00
0.48333	60.00
0.50000	60.00
0.51667	60.00
0.53333	60.00
0.55000	60.00
0.56667	60.00
0.58333	60.00
0.60000	60.00
0.61667	60.00
0.63333	60.00
0.65000	60.00
0.66667	60.00
0.68333	60.00
0.70000	60.00
0.71667	60.00
0.73333	60.00
0.75000	60.00
0.76667	60.00
0.78333	60.00
0.80000	60.00
0.81667	60.00
0.83333	60.00
0.85000	60.00
0.86667	60.00
0.88333	60.00
0.90000	60.00
0.91667	60.00
0.93333	60.00
0.95000	60.00
0.96667	60.00
0.98333	60.00
1.00000	60.00
1.01667	60.00
1.03333	60.00
1.05000	60.00
1.06667	60.00
1.08333	60.00
1.10000	60.00
1.11667	60.00
1.13333	60.00
1.15000	60.00
1.16667	60.00
1.18333	60.00
1.20000	60.00
1.21667	60.00
1.23333	60.00
1.25000	60.00
1.26667	60.00
1.28333	60.00
1.30000	60.00
1.31667	60.00
1.33333	60.00
1.35000	60.00
1.36667	60.00
1.38333	60.00
1.40000	60.00
1.41667	60.00
1.43333	59.99
1.45000	59.99
1.46667	59.99
1.48333	59.99
1.50000	59.99
1.51667	59.99
1.53333	59.99
1.55000	59.99
1.56667	59.99
1.58333	59.99
1.60000	59.99
1.61667	59.99
1.63333	59.99
1.65000	59.99
1.66667	59.99
1.68333	59.99
1.70000	59.99
1.71667	59.99
1.73333	59.99
1.75000	59.99
1.76667	59.99
1.78333	59.99
1.80000	59.99
1.81667	59.99
1.83333	59.99
1.85000	59.99
1.86667	59.99
1.88333	59.99
1.90000	59.99
1.91667	59.99
1.93333	59.99
1.95000	59.99
1.96667	59.99
1.98333	59.99
2.00000	59.99
2.01667	60.00
2.03333	60.00
2.05000	60.00
2.06667	60.00
2.08333	60.00
2.10000	60.00
2.11667	60.00
2.13333	60.00
2.15000	60.00
2.16667	60.00
2.18333	60.00
2.20000	60.00
2.21667	60.00
2.23333	60.00
2.25000	60.00
2.26667	60.00
2.28333	60.00
2.30000	60.00
2.31667	60.00
2.33333	60.00
2.35000	60.00
2.36667	60.00
2.38333	60.00
2.40000	60.00
2.41667	60.00
2.43333	60.00
2.45000	60.00
2.46667	60.00
2.48333	60.00
2.50000	60.00
2.51667	60.00
2.53333	60.00
2.55000	60.00
2.56667	60.00
2.58333	60.00
2.60000	60.00
2.61667	60.00
2.63333	60.00
2.65000	60.00
2.66667	60.00
2.68333	60.00
2.70000	60.00
2.71667	60.00
2.73333	60.00
2.75000	60.00
2.76667	60.00
2.78333	60.00
2.80000	60.00
2.81667	60.00
2.83333	60.00
2.85000	60.00
2.86667	60.00
2.88333	60.00
2.90000	60.00
2.91667	60.00
2.93333	60.00
2.95000	60.00
2.96667	60.00
2.98333	60.00
3.00000	60.00
3.01667	60.00
3.03333	60.00
3.05000	60.00
3.06667	60.00
3.08333	60.00
3.10000	60.00
3.11667	60.00
3.13333	60.00
3.15000	60.00
3.16667	60.00
3.18333	60.00
3.20000	60.00
3.21667	60.00
3.23333	60.00
3.25000	60.00
3.26667	60.00
3.28333	60.00
3.30000	59.99
3.31667	59.99
3.33333	59.99
3.35000	59.99
3.36667	59.99
3.38333	59.99
3.40000	59.99
3.41667	59.99
3.43333	59.99
3.45000	59.99
3.46667	59.99
3.48333	59.99
3.50000	59.99
3.51667	59.99
3.53333	59.99
3.55000	59.99
3.56667	59.99
3.58333	59.99
3.60000	59.99
3.61667	59.99
3.63333	59.99
3.65000	59.99
3.66667	59.99
3.68333	59.99
3.70000	59.99
3.71667	59.99
3.73333	59.99
3.75000	59.99
3.76667	59.99
3.78333	59.99
3.80000	59.99
3.81667	59.99
3.83333	59.99
3.85000	59.99
3.86667	59.99
3.88333	59.99
3.90000	59.99
3.91667	59.99
3.93333	59.99
3.95000	59.99
3.96667	59.99
3.98333	60.00
4.00000	60.00
4.01667	60.00
4.03333	60.00
4.05000	60.00
4.06667	60.00
4.08333	60.00
4.10000	60.00
4.11667	60.00
4.13333	60.00
4.15000	60.00
4.16667	60.00
4.18333	60.00
4.20000	60.00
4.21667	60.00
4.23333	60.00
4.25000	60.00
4.26667	60.00
4.28333	60.00
4.30000	60.00
4.31667	60.00
4.33333	60.00
4.35000	60.00
4.36667	60.00
4.38333	60.00
4.40000	60.00
4.41667	60.00
4.43333	60.00
4.45000	60.00
4.46667	60.00
4.48333	60.00
4.50000	60.00
4.51667	60.00
4.53333	60.00
4.55000	60.00
4.56667	60.00
4.58333	60.00
4.60000	60.00
4.61667	60.00
4.63333	60.00
4.65000	60.00
4.66667	60.00
4.68333	60.00
4.70000	60.00
4.71667	60.00
4.73333	60.00
4.75000	60.00
4.76667	60.00
4.78333	60.00
4.80000	60.00
4.81667	60.00
4.83333	60.00
4.85000	60.00
4.86667	60.00
4.88333	60.00
4.90000	60.00
4.91667	60.00
4.93333	60.00
4.95000	60.00
4.96667	60.00
4.98333	60.00
5.00000	60.00
5.01667	60.00
5.03333	60.00
5.05000	60.00
5.06667	60.00
5.08333	60.00
5.10000	60.00
5.11667	60.00
5.13333	60.00
5.15000	59.99
5.16667	60.00
5.18333	60.00
5.20000	60.00
5.21667	60.00
5.23333	60.00
5.25000	59.99
5.26667	59.99
5.28333	59.99
5.30000	59.99
5.31667	59.99
5.33333	59.99
5.35000	59.99
5.36667	59.99
5.38333	59.99
5.40000	59.99
5.41667	59.99
5.43333	59.99
5.45000	60.00
5.46667	60.00
5.48333	60.00
5.50000	60.00
5.51667	60.00
5.53333	60.00
5.55000	60.00
5.56667	60.00
5.58333	59.99
5.60000	59.99
5.61667	59.99
5.63333	59.99
5.65000	59.99
5.66667	59.99
5.68333	59.99
5.70000	59.99
5.71667	59.99
5.73333	59.99
5.75000	59.99
5.76667	59.99
5.78333	59.99
5.80000	59.99
5.81667	59.99
5.83333	59.99
5.85000	59.99
5.86667	59.99
5.88333	59.99
5.90000	59.99
5.91667	59.99
5.93333	59.99
5.95000	59.99
5.96667	59.99
5.98333	59.99
6.00000	59.99
6.01667	59.99
6.03333	59.99
6.05000	59.99
6.06667	59.99
6.08333	59.99
6.10000	60.00
6.11667	60.00
6.13333	60.00
6.15000	60.00
6.16667	60.00
6.18333	60.00
6.20000	60.00
6.21667	60.00
6.23333	60.00
6.25000	59.99
6.26667	59.99
6.28333	59.99
6.30000	59.99
6.31667	59.99
6.33333	59.99
6.35000	59.99
6.36667	59.99
6.38333	59.99
6.40000	60.00
6.41667	60.00
6.43333	60.00
6.45000	60.00
6.46667	60.00
6.48333	60.00
6.50000	60.00
6.51667	60.00
6.53333	60.00
6.55000	60.00
6.56667	60.00
6.58333	60.00
6.60000	60.00
6.61667	60.00
6.63333	60.00
6.65000	60.00
6.66667	60.00
6.68333	60.00
6.70000	60.00
6.71667	60.00
6.73333	60.00
6.75000	60.00
6.76667	60.00
6.78333	60.00
6.80000	60.00
6.81667	60.00
6.83333	60.00
6.85000	60.00
6.86667	60.00
6.88333	60.00
6.90000	60.00
6.91667	60.00
6.93333	60.00
6.95000	60.00
6.96667	60.00
6.98333	60.00
7.00000	60.00
7.01667	60.00
7.03333	60.00
7.05000	60.00
7.06667	60.00
7.08333	60.00
7.10000	60.00
7.11667	59.99
7.13333	59.99
7.15000	59.99
7.16667	59.99
7.18333	59.99
7.20000	59.99
7.21667	59.99
7.23333	59.99
7.25000	59.99
7.26667	59.99
7.28333	59.99
7.30000	59.99
7.31667	59.99
7.33333	59.99
7.35000	59.99
7.36667	59.99
7.38333	59.99
7.40000	59.99
7.41667	59.99
7.43333	59.99
7.45000	59.99
7.46667	59.99
7.48333	59.99
7.50000	59.99
7.51667	59.99
7.53333	59.99
7.55000	59.99
7.56667	59.99
7.58333	59.99
7.60000	59.99
7.61667	59.99
7.63333	60.00
7.65000	60.00
7.66667	60.00
7.68333	60.00
7.70000	60.00
7.71667	60.00
7.73333	60.00
7.75000	60.00
7.76667	60.00
7.78333	60.00
7.80000	60.00
7.81667	60.00
7.83333	60.00
7.85000	60.00
7.86667	60.00
7.88333	60.00
7.90000	60.00
7.91667	60.00
7.93333	60.00
7.95000	60.00
7.96667	60.00
7.98333	60.00
8.00000	60.00
8.01667	60.00
8.03333	59.99
8.05000	59.99
8.06667	59.99
8.08333	59.99
8.10000	59.99
8.11667	59.99
8.13333	59.99
8.15000	59.99
8.16667	59.99
8.18333	59.99
8.20000	59.99
8.21667	59.99
8.23333	59.99
8.25000	59.99
8.26667	60.00
8.28333	60.00
8.30000	60.00
8.31667	60.00
8.33333	60.00
8.35000	60.00
8.36667	60.00
8.38333	60.00
8.40000	60.00
8.41667	60.00
8.43333	60.00
8.45000	60.00
8.46667	60.00
8.48333	60.00
8.50000	60.00
8.51667	60.00
8.53333	60.00
8.55000	60.00
8.56667	60.00
8.58333	60.00
8.60000	60.00
8.61667	60.00
8.63333	60.00
8.65000	60.00
8.66667	60.00
8.68333	60.00
8.70000	60.00
8.71667	60.00
8.73333	60.00
8.75000	60.00
8.76667	60.00
8.78333	60.00
8.80000	60.00
8.81667	60.00
8.83333	60.00
8.85000	60.00
8.86667	60.00
8.88333	60.00
8.90000	60.00
8.91667	60.00
8.93333	60.00
8.95000	60.00
8.96667	60.00
8.98333	60.00
9.00000	60.00
9.01667	60.00
9.03333	60.00
9.05000	60.00
9.06667	60.00
9.08333	60.00
9.10000	60.00
9.11667	60.00
9.13333	60.00
9.15000	60.00
9.16667	60.00
9.18333	60.00
9.20000	60.00
9.21667	60.00
9.23333	60.00
9.25000	60.00
9.26667	60.00
9.28333	60.00
9.30000	60.00
9.31667	60.00
9.33333	60.00
9.35000	60.00
9.36667	60.00
9.38333	60.00
9.40000	60.00
9.41667	60.00
9.43333	60.00
9.45000	60.00
9.46667	60.00
9.48333	60.00
9.50000	60.00
9.51667	60.00
9.53333	60.00
9.55000	60.00
9.56667	60.00
9.58333	60.00
9.60000	60.00
9.61667	60.00
9.63333	60.00
9.65000	60.00
9.66667	60.00
9.68333	60.00
9.70000	60.00
9.71667	60.00
9.73333	60.00
9.75000	60.00
9.76667	60.00
9.78333	60.00
9.80000	60.00
9.81667	60.00
9.83333	60.00
9.85000	60.00
9.86667	60.00
9.88333	60.00
9.90000	60.00
9.91667	60.00
9.93333	60.00
9.95000	60.00
9.96667	60.00
9.98333	60.00
10.00000	60.00
10.01667	60.00
10.03333	60.00
10.05000	60.00
10.06667	59.99
10.08333	59.99
10.10000	59.99
10.11667	59.99
10.13333	59.99
10.15000	59.99
10.16667	59.99
10.18333	59.99
10.20000	59.99
10.21667	59.99
10.23333	59.99
10.25000	59.99
10.26667	59.99
10.28333	59.99
10.30000	59.99
10.31667	59.99
10.33333	59.99
10.35000	59.99
10.36667	59.99
10.38333	59.99
10.40000	59.99
10.41667	59.99
10.43333	59.99
10.45000	59.99
10.46667	59.99
10.48333	59.99
10.50000	59.99
10.51667	59.99
10.53333	59.99
10.55000	59.99
10.56667	59.99
10.58333	59.99
10.60000	59.99
10.61667	60.00
10.63333	60.00
10.65000	60.00
10.66667	60.00
10.68333	60.00
10.70000	60.00
10.71667	60.00
10.73333	60.00
10.75000	60.00
10.76667	60.00
10.78333	60.00
10.80000	60.00
10.81667	60.00
10.83333	60.00
10.85000	60.00
10.86667	60.00
10.88333	60.00
10.90000	60.00
10.91667	60.00
10.93333	60.00
10.95000	60.00
10.96667	60.00
10.98333	60.00
11.00000	60.00
11.01667	60.00
11.03333	60.00
11.05000	60.00
11.06667	60.00
11.08333	60.00
11.10000	60.00
11.11667	60.00
11.13333	60.00
11.15000	60.00
11.16667	60.00
11.18333	60.00
11.20000	60.00
11.21667	60.00
11.23333	60.00
11.25000	60.00
11.26667	60.00
11.28333	60.00
11.30000	60.00
11.31667	60.00
11.33333	60.00
11.35000	60.00
11.36667	60.00
11.38333	60.00
11.40000	60.00
11.41667	60.00
11.43333	60.00
11.45000	60.00
11.46667	60.00
11.48333	60.00
11.50000	60.00
11.51667	60.00
11.53333	60.00
11.55000	60.00
11.56667	60.00
11.58333	60.00
11.60000	60.00
11.61667	60.00
11.63333	60.00
11.65000	60.00
11.66667	60.00
11.68333	59.99
11.70000	59.99
11.71667	59.99
11.73333	59.99
11.75000	59.99
11.76667	59.99
11.78333	59.99
11.80000	59.99
11.81667	59.99
11.83333	59.99
11.85000	59.99
11.86667	59.99
11.88333	59.99
11.90000	59.99
11.91667	59.99
11.93333	59.99
11.95000	59.99
11.96667	59.99
11.98333	59.99
12.00000	59.99
12.01667	59.99
12.03333	59.99
12.05000	59.99
12.06667	59.99
12.08333	59.99
12.10000	59.99
12.11667	59.99
12.13333	59.99
12.15000	59.99
12.16667	59.99
12.18333	59.99
12.20000	59.99
12.21667	59.99
12.23333	59.99
12.25000	60.00
12.26667	60.00
12.28333	60.00
12.30000	60.00
12.31667	60.00
12.33333	60.00
12.35000	60.00
12.36667	60.00
12.38333	60.00
12.40000	60.00
12.41667	60.00
12.43333	60.00
12.45000	60.00
12.46667	60.00
12.48333	60.00
12.50000	60.00
12.51667	60.00
12.53333	60.00
12.55000	60.00
12.56667	60.00
12.58333	60.00
12.60000	60.00
12.61667	60.00
12.63333	60.00
12.65000	60.00
12.66667	60.00
12.68333	60.00
12.70000	60.00
12.71667	60.00
12.73333	60.00
12.75000	60.00
12.76667	60.00
12.78333	60.00
12.80000	60.00
12.81667	60.00
12.83333	60.00
12.85000	60.00
12.86667	60.00
12.88333	60.00
12.90000	60.00
12.91667	60.00
12.93333	60.00
12.95000	60.00
12.96667	60.00
12.98333	60.00
13.00000	60.00
13.01667	60.00
13.03333	60.00
13.05000	60.00
13.06667	60.00
13.08333	60.00
13.10000	60.00
13.11667	60.00
13.13333	60.00
13.15000	60.00
13.16667	60.00
13.18333	60.00
13.20000	60.00
13.21667	60.00
13.23333	60.00
13.25000	60.00
13.26667	60.00
13.28333	60.00
13.30000	60.00
13.31667	60.00
13.33333	60.00
13.35000	60.00
13.36667	60.00
13.38333	60.00
13.40000	60.00
13.41667	60.00
13.43333	60.00
13.45000	59.99
13.46667	59.99
13.48333	59.99
13.50000	59.99
13.51667	59.99
13.53333	59.99
13.55000	59.99
13.56667	59.99
13.58333	59.99
13.60000	59.99
13.61667	59.99
13.63333	59.99
13.65000	59.99
13.66667	59.99
13.68333	59.99
13.70000	59.99
13.71667	59.99
13.73333	59.99
13.75000	59.99
13.76667	59.99
13.78333	59.99
13.80000	59.99
13.81667	59.99
13.83333	59.99
13.85000	59.99
13.86667	59.99
13.88333	59.99
13.90000	59.99
13.91667	59.99
13.93333	59.99
13.95000	59.99
13.96667	59.99
13.98333	59.99
14.00000	59.99
14.01667	59.99
14.03333	59.99
14.05000	59.99
14.06667	59.99
14.08333	59.99
14.10000	59.99
14.11667	59.99
14.13333	60.00
14.15000	60.00
14.16667	60.00
14.18333	60.00
14.20000	60.00
14.21667	60.00
14.23333	60.00
14.25000	60.00
14.26667	60.00
14.28333	60.00
14.30000	59.99
14.31667	59.99
14.33333	59.99
14.35000	60.00
14.36667	60.00
14.38333	60.00
14.40000	60.00
14.41667	60.00
14.43333	60.00
14.45000	60.00
14.46667	60.00
14.48333	60.00
14.50000	60.00
14.51667	60.00
14.53333	60.00
14.55000	60.00
14.56667	60.00
14.58333	59.99
14.60000	59.99
14.61667	59.99
14.63333	59.99
14.65000	59.99
14.66667	59.99
14.68333	59.99
14.70000	59.99
14.71667	59.99
14.73333	59.99
14.75000	59.99
14.76667	59.99
14.78333	59.98
14.80000	59.98
14.81667	59.98
14.83333	59.98
14.85000	59.98
14.86667	59.98
14.88333	59.98
14.90000	59.98
14.91667	59.98
14.93333	59.98
14.95000	59.98
14.96667	59.98
14.98333	59.98
15.00000	59.98

[LC Status Trace(Room Temp.)]
Interval(msec)	1000
# of Points	901
Start Time(min)	0.000
End Time(min)	15.000
Intensity Units	C
Intensity Multiplier	1
R.Time (min)	Intensity
0.00000	26.56
0.01667	26.56
0.03333	26.56
0.05000	26.56
0.06667	26.56
0.08333	26.56
0.10000	26.56
0.11667	26.56
0.13333	26.56
0.15000	26.56
0.16667	26.56
0.18333	26.56
0.20000	26.56
0.21667	26.56
0.23333	26.56
0.25000	26.56
0.26667	26.56
0.28333	26.56
0.30000	26.56
0.31667	26.56
0.33333	26.56
0.35000	26.56
0.36667	26.55
0.38333	26.55
0.40000	26.55
0.41667	26.55
0.43333	26.55
0.45000	26.55
0.46667	26.55
0.48333	26.55
0.50000	26.55
0.51667	26.55
0.53333	26.55
0.55000	26.55
0.56667	26.55
0.58333	26.56
0.60000	26.56
0.61667	26.56
0.63333	26.56
0.65000	26.56
0.66667	26.56
0.68333	26.56
0.70000	26.56
0.71667	26.56
0.73333	26.56
0.75000	26.57
0.76667	26.57
0.78333	26.57
0.80000	26.57
0.81667	26.57
0.83333	26.57
0.85000	26.57
0.86667	26.57
0.88333	26.57
0.90000	26.57
0.91667	26.57
0.93333	26.57
0.95000	26.57
0.96667	26.57
0.98333	26.57
1.00000	26.57
1.01667	26.57
1.03333	26.56
1.05000	26.56
1.06667	26.56
1.08333	26.56
1.10000	26.56
1.11667	26.56
1.13333	26.56
1.15000	26.56
1.16667	26.55
1.18333	26.55
1.20000	26.55
1.21667	26.55
1.23333	26.55
1.25000	26.55
1.26667	26.55
1.28333	26.55
1.30000	26.55
1.31667	26.55
1.33333	26.55
1.35000	26.55
1.36667	26.55
1.38333	26.55
1.40000	26.55
1.41667	26.55
1.43333	26.54
1.45000	26.54
1.46667	26.54
1.48333	26.54
1.50000	26.54
1.51667	26.54
1.53333	26.55
1.55000	26.55
1.56667	26.55
1.58333	26.55
1.60000	26.55
1.61667	26.55
1.63333	26.55
1.65000	26.55
1.66667	26.55
1.68333	26.55
1.70000	26.55
1.71667	26.55
1.73333	26.55
1.75000	26.55
1.76667	26.54
1.78333	26.54
1.80000	26.54
1.81667	26.54
1.83333	26.54
1.85000	26.54
1.86667	26.53
1.88333	26.53
1.90000	26.53
1.91667	26.53
1.93333	26.53
1.95000	26.53
1.96667	26.53
1.98333	26.54
2.00000	26.54
2.01667	26.54
2.03333	26.54
2.05000	26.54
2.06667	26.54
2.08333	26.54
2.10000	26.54
2.11667	26.54
2.13333	26.55
2.15000	26.55
2.16667	26.55
2.18333	26.56
2.20000	26.56
2.21667	26.56
2.23333	26.56
2.25000	26.57
2.26667	26.57
2.28333	26.57
2.30000	26.57
2.31667	26.57
2.33333	26.58
2.35000	26.58
2.36667	26.58
2.38333	26.58
2.40000	26.57
2.41667	26.57
2.43333	26.57
2.45000	26.57
2.46667	26.57
2.48333	26.56
2.50000	26.56
2.51667	26.56
2.53333	26.56
2.55000	26.56
2.56667	26.56
2.58333	26.56
2.60000	26.56
2.61667	26.56
2.63333	26.57
2.65000	26.57
2.66667	26.56
2.68333	26.56
2.70000	26.56
2.71667	26.56
2.73333	26.56
2.75000	26.56
2.76667	26.56
2.78333	26.56
2.80000	26.56
2.81667	26.56
2.83333	26.56
2.85000	26.56
2.86667	26.56
2.88333	26.56
2.90000	26.56
2.91667	26.55
2.93333	26.55
2.95000	26.55
2.96667	26.55
2.98333	26.55
3.00000	26.55
3.01667	26.55
3.03333	26.55
3.05000	26.55
3.06667	26.55
3.08333	26.55
3.10000	26.56
3.11667	26.56
3.13333	26.56
3.15000	26.56
3.16667	26.56
3.18333	26.56
3.20000	26.57
3.21667	26.57
3.23333	26.57
3.25000	26.57
3.26667	26.57
3.28333	26.58
3.30000	26.58
3.31667	26.58
3.33333	26.58
3.35000	26.59
3.36667	26.59
3.38333	26.59
3.40000	26.59
3.41667	26.59
3.43333	26.59
3.45000	26.59
3.46667	26.59
3.48333	26.58
3.50000	26.58
3.51667	26.58
3.53333	26.58
3.55000	26.58
3.56667	26.58
3.58333	26.58
3.60000	26.58
3.61667	26.57
3.63333	26.57
3.65000	26.57
3.66667	26.57
3.68333	26.57
3.70000	26.57
3.71667	26.57
3.73333	26.58
3.75000	26.58
3.76667	26.58
3.78333	26.58
3.80000	26.58
3.81667	26.58
3.83333	26.58
3.85000	26.58
3.86667	26.58
3.88333	26.58
3.90000	26.58
3.91667	26.58
3.93333	26.58
3.95000	26.58
3.96667	26.58
3.98333	26.58
4.00000	26.58
4.01667	26.58
4.03333	26.58
4.05000	26.58
4.06667	26.58
4.08333	26.58
4.10000	26.57
4.11667	26.57
4.13333	26.57
4.15000	26.57
4.16667	26.57
4.18333	26.56
4.20000	26.56
4.21667	26.56
4.23333	26.56
4.25000	26.56
4.26667	26.56
4.28333	26.56
4.30000	26.56
4.31667	26.56
4.33333	26.56
4.35000	26.56
4.36667	26.56
4.38333	26.56
4.40000	26.56
4.41667	26.56
4.43333	26.56
4.45000	26.55
4.46667	26.55
4.48333	26.55
4.50000	26.55
4.51667	26.55
4.53333	26.55
4.55000	26.55
4.56667	26.55
4.58333	26.55
4.60000	26.55
4.61667	26.55
4.63333	26.54
4.65000	26.54
4.66667	26.54
4.68333	26.54
4.70000	26.54
4.71667	26.54
4.73333	26.54
4.75000	26.54
4.76667	26.53
4.78333	26.53
4.80000	26.53
4.81667	26.53
4.83333	26.53
4.85000	26.53
4.86667	26.53
4.88333	26.53
4.90000	26.53
4.91667	26.53
4.93333	26.53
4.95000	26.53
4.96667	26.54
4.98333	26.54
5.00000	26.54
5.01667	26.54
5.03333	26.54
5.05000	26.54
5.06667	26.54
5.08333	26.54
5.10000	26.54
5.11667	26.54
5.13333	26.54
5.15000	26.54
5.16667	26.54
5.18333	26.54
5.20000	26.54
5.21667	26.54
5.23333	26.54
5.25000	26.54
5.26667	26.54
5.28333	26.54
5.30000	26.54
5.31667	26.54
5.33333	26.54
5.35000	26.55
5.36667	26.55
5.38333	26.55
5.40000	26.55
5.41667	26.55
5.43333	26.56
5.45000	26.56
5.46667	26.56
5.48333	26.57
5.50000	26.57
5.51667	26.57
5.53333	26.57
5.55000	26.57
5.56667	26.57
5.58333	26.57
5.60000	26.57
5.61667	26.57
5.63333	26.57
5.65000	26.57
5.66667	26.57
5.68333	26.57
5.70000	26.57
5.71667	26.57
5.73333	26.56
5.75000	26.56
5.76667	26.56
5.78333	26.56
5.80000	26.56
5.81667	26.55
5.83333	26.55
5.85000	26.55
5.86667	26.55
5.88333	26.55
5.90000	26.55
5.91667	26.55
5.93333	26.55
5.95000	26.55
5.96667	26.55
5.98333	26.55
6.00000	26.55
6.01667	26.55
6.03333	26.55
6.05000	26.56
6.06667	26.56
6.08333	26.56
6.10000	26.56
6.11667	26.56
6.13333	26.56
6.15000	26.56
6.16667	26.56
6.18333	26.56
6.20000	26.56
6.21667	26.56
6.23333	26.56
6.25000	26.56
6.26667	26.56
6.28333	26.56
6.30000	26.56
6.31667	26.56
6.33333	26.56
6.35000	26.56
6.36667	26.56
6.38333	26.57
6.40000	26.57
6.41667	26.57
6.43333	26.57
6.45000	26.57
6.46667	26.57
6.48333	26.57
6.50000	26.57
6.51667	26.57
6.53333	26.57
6.55000	26.57
6.56667	26.57
6.58333	26.57
6.60000	26.57
6.61667	26.57
6.63333	26.58
6.65000	26.58
6.66667	26.58
6.68333	26.58
6.70000	26.58
6.71667	26.58
6.73333	26.58
6.75000	26.58
6.76667	26.58
6.78333	26.58
6.80000	26.58
6.81667	26.57
6.83333	26.57
6.85000	26.57
6.86667	26.57
6.88333	26.56
6.90000	26.56
6.91667	26.56
6.93333	26.56
6.95000	26.56
6.96667	26.56
6.98333	26.56
7.00000	26.56
7.01667	26.56
7.03333	26.55
7.05000	26.55
7.06667	26.55
7.08333	26.56
7.10000	26.56
7.11667	26.56
7.13333	26.56
7.15000	26.56
7.16667	26.56
7.18333	26.56
7.20000	26.56
7.21667	26.56
7.23333	26.56
7.25000	26.56
7.26667	26.56
7.28333	26.56
7.30000	26.56
7.31667	26.56
7.33333	26.56
7.35000	26.56
7.36667	26.56
7.38333	26.56
7.40000	26.56
7.41667	26.56
7.43333	26.56
7.45000	26.56
7.46667	26.56
7.48333	26.56
7.50000	26.56
7.51667	26.57
7.53333	26.57
7.55000	26.57
7.56667	26.57
7.58333	26.58
7.60000	26.58
7.61667	26.58
7.63333	26.58
7.65000	26.58
7.66667	26.59
7.68333	26.59
7.70000	26.59
7.71667	26.59
7.73333	26.60
7.75000	26.60
7.76667	26.60
7.78333	26.60
7.80000	26.60
7.81667	26.60
7.83333	26.60
7.85000	26.60
7.86667	26.60
7.88333	26.60
7.90000	26.60
7.91667	26.60
7.93333	26.60
7.95000	26.60
7.96667	26.60
7.98333	26.60
8.00000	26.59
8.01667	26.59
8.03333	26.59
8.05000	26.59
8.06667	26.59
8.08333	26.58
8.10000	26.58
8.11667	26.58
8.13333	26.58
8.15000	26.58
8.16667	26.58
8.18333	26.58
8.20000	26.59
8.21667	26.59
8.23333	26.59
8.25000	26.59
8.26667	26.59
8.28333	26.59
8.30000	26.59
8.31667	26.59
8.33333	26.59
8.35000	26.60
8.36667	26.60
8.38333	26.60
8.40000	26.60
8.41667	26.60
8.43333	26.60
8.45000	26.60
8.46667	26.60
8.48333	26.59
8.50000	26.59
8.51667	26.59
8.53333	26.59
8.55000	26.58
8.56667	26.58
8.58333	26.58
8.60000	26.58
8.61667	26.58
8.63333	26.57
8.65000	26.57
8.66667	26.57
8.68333	26.56
8.70000	26.56
8.71667	26.56
8.73333	26.56
8.75000	26.56
8.76667	26.56
8.78333	26.56
8.80000	26.56
8.81667	26.56
8.83333	26.56
8.85000	26.56
8.86667	26.56
8.88333	26.56
8.90000	26.56
8.91667	26.56
8.93333	26.56
8.95000	26.56
8.96667	26.56
8.98333	26.56
9.00000	26.56
9.01667	26.56
9.03333	26.56
9.05000	26.56
9.06667	26.56
9.08333	26.56
9.10000	26.56
9.11667	26.56
9.13333	26.56
9.15000	26.56
9.16667	26.56
9.18333	26.56
9.20000	26.56
9.21667	26.56
9.23333	26.56
9.25000	26.56
9.26667	26.56
9.28333	26.56
9.30000	26.57
9.31667	26.57
9.33333	26.57
9.35000	26.57
9.36667	26.57
9.38333	26.57
9.40000	26.57
9.41667	26.57
9.43333	26.57
9.45000	26.57
9.46667	26.57
9.48333	26.58
9.50000	26.58
9.51667	26.58
9.53333	26.58
9.55000	26.58
9.56667	26.57
9.58333	26.57
9.60000	26.57
9.61667	26.57
9.63333	26.56
9.65000	26.56
9.66667	26.56
9.68333	26.56
9.70000	26.56
9.71667	26.56
9.73333	26.56
9.75000	26.56
9.76667	26.56
9.78333	26.56
9.80000	26.56
9.81667	26.56
9.83333	26.57
9.85000	26.57
9.86667	26.57
9.88333	26.57
9.90000	26.57
9.91667	26.57
9.93333	26.57
9.95000	26.57
9.96667	26.57
9.98333	26.57
10.00000	26.57
10.01667	26.57
10.03333	26.57
10.05000	26.57
10.06667	26.57
10.08333	26.57
10.10000	26.57
10.11667	26.57
10.13333	26.57
10.15000	26.56
10.16667	26.56
10.18333	26.56
10.20000	26.56
10.21667	26.56
10.23333	26.56
10.25000	26.55
10.26667	26.55
10.28333	26.55
10.30000	26.55
10.31667	26.55
10.33333	26.54
10.35000	26.54
10.36667	26.54
10.38333	26.54
10.40000	26.54
10.41667	26.54
10.43333	26.54
10.45000	26.54
10.46667	26.54
10.48333	26.54
10.50000	26.54
10.51667	26.54
10.53333	26.54
10.55000	26.54
10.56667	26.54
10.58333	26.54
10.60000	26.54
10.61667	26.54
10.63333	26.54
10.65000	26.54
10.66667	26.54
10.68333	26.54
10.70000	26.54
10.71667	26.54
10.73333	26.54
10.75000	26.54
10.76667	26.53
10.78333	26.53
10.80000	26.53
10.81667	26.53
10.83333	26.53
10.85000	26.53
10.86667	26.53
10.88333	26.53
10.90000	26.53
10.91667	26.53
10.93333	26.53
10.95000	26.53
10.96667	26.53
10.98333	26.53
11.00000	26.53
11.01667	26.53
11.03333	26.53
11.05000	26.54
11.06667	26.54
11.08333	26.54
11.10000	26.54
11.11667	26.54
11.13333	26.54
11.15000	26.54
11.16667	26.54
11.18333	26.54
11.20000	26.54
11.21667	26.53
11.23333	26.53
11.25000	26.53
11.26667	26.53
11.28333	26.53
11.30000	26.53
11.31667	26.53
11.33333	26.53
11.35000	26.54
11.36667	26.54
11.38333	26.54
11.40000	26.53
11.41667	26.53
11.43333	26.53
11.45000	26.53
11.46667	26.53
11.48333	26.53
11.50000	26.53
11.51667	26.53
11.53333	26.52
11.55000	26.52
11.56667	26.52
11.58333	26.52
11.60000	26.52
11.61667	26.52
11.63333	26.52
11.65000	26.52
11.66667	26.52
11.68333	26.52
11.70000	26.52
11.71667	26.52
11.73333	26.52
11.75000	26.52
11.76667	26.52
11.78333	26.52
11.80000	26.52
11.81667	26.52
11.83333	26.52
11.85000	26.53
11.86667	26.53
11.88333	26.53
11.90000	26.53
11.91667	26.53
11.93333	26.53
11.95000	26.53
11.96667	26.53
11.98333	26.52
12.00000	26.52
12.01667	26.52
12.03333	26.52
12.05000	26.52
12.06667	26.52
12.08333	26.52
12.10000	26.52
12.11667	26.52
12.13333	26.52
12.15000	26.53
12.16667	26.53
12.18333	26.53
12.20000	26.53
12.21667	26.53
12.23333	26.53
12.25000	26.53
12.26667	26.54
12.28333	26.54
12.30000	26.54
12.31667	26.54
12.33333	26.54
12.35000	26.55
12.36667	26.55
12.38333	26.55
12.40000	26.55
12.41667	26.55
12.43333	26.55
12.45000	26.55
12.46667	26.55
12.48333	26.56
12.50000	26.56
12.51667	26.56
12.53333	26.56
12.55000	26.56
12.56667	26.56
12.58333	26.56
12.60000	26.56
12.61667	26.56
12.63333	26.56
12.65000	26.56
12.66667	26.56
12.68333	26.56
12.70000	26.56
12.71667	26.55
12.73333	26.55
12.75000	26.55
12.76667	26.54
12.78333	26.54
12.80000	26.54
12.81667	26.54
12.83333	26.54
12.85000	26.53
12.86667	26.53
12.88333	26.53
12.90000	26.52
12.91667	26.52
12.93333	26.52
12.95000	26.52
12.96667	26.52
12.98333	26.52
13.00000	26.52
13.01667	26.52
13.03333	26.52
13.05000	26.52
13.06667	26.52
13.08333	26.52
13.10000	26.52
13.11667	26.52
13.13333	26.52
13.15000	26.52
13.16667	26.52
13.18333	26.52
13.20000	26.52
13.21667	26.52
13.23333	26.52
13.25000	26.52
13.26667	26.51
13.28333	26.51
13.30000	26.51
13.31667	26.51
13.33333	26.51
13.35000	26.51
13.36667	26.51
13.38333	26.51
13.40000	26.52
13.41667	26.52
13.43333	26.52
13.45000	26.52
13.46667	26.52
13.48333	26.52
13.50000	26.51
13.51667	26.51
13.53333	26.51
13.55000	26.51
13.56667	26.51
13.58333	26.51
13.60000	26.51
13.61667	26.51
13.63333	26.50
13.65000	26.50
13.66667	26.50
13.68333	26.50
13.70000	26.50
13.71667	26.50
13.73333	26.50
13.75000	26.50
13.76667	26.51
13.78333	26.51
13.80000	26.51
13.81667	26.51
13.83333	26.51
13.85000	26.51
13.86667	26.51
13.88333	26.51
13.90000	26.51
13.91667	26.51
13.93333	26.51
13.95000	26.51
13.96667	26.51
13.98333	26.51
14.00000	26.51
14.01667	26.51
14.03333	26.50
14.05000	26.50
14.06667	26.50
14.08333	26.50
14.10000	26.50
14.11667	26.50
14.13333	26.50
14.15000	26.50
14.16667	26.50
14.18333	26.50
14.20000	26.50
14.21667	26.50
14.23333	26.50
14.25000	26.50
14.26667	26.50
14.28333	26.50
14.30000	26.49
14.31667	26.49
14.33333	26.49
14.35000	26.49
14.36667	26.49
14.38333	26.49
14.40000	26.49
14.41667	26.49
14.43333	26.49
14.45000	26.49
14.46667	26.49
14.48333	26.49
14.50000	26.49
14.51667	26.49
14.53333	26.49
14.55000	26.49
14.56667	26.49
14.58333	26.49
14.60000	26.49
14.61667	26.49
14.63333	26.49
14.65000	26.50
14.66667	26.50
14.68333	26.50
14.70000	26.50
14.71667	26.50
14.73333	26.50
14.75000	26.50
14.76667	26.50
14.78333	26.50
14.80000	26.51
14.81667	26.51
14.83333	26.51
14.85000	26.51
14.86667	26.51
14.88333	26.51
14.90000	26.51
14.91667	26.51
14.93333	26.51
14.95000	26.51
14.96667	26.51
14.98333	26.52
15.00000	26.52

[LC Status Trace(UV Cell Temp.)]
Interval(msec)	1000
# of Points	901
Start Time(min)	0.000
End Time(min)	15.000
Intensity Units	C
Intensity Multiplier	1
R.Time (min)	Intensity
0.00000	40.02
0.01667	40.02
0.03333	40.02
0.05000	40.02
0.06667	40.02
0.08333	40.02
0.10000	40.02
0.11667	40.02
0.13333	40.02
0.15000	40.02
0.16667	40.02
0.18333	40.02
0.20000	40.02
0.21667	40.02
0.23333	40.02
0.25000	40.02
0.26667	40.02
0.28333	40.02
0.30000	40.02
0.31667	40.02
0.33333	40.02
0.35000	40.02
0.36667	40.02
0.38333	40.02
0.40000	40.02
0.41667	40.02
0.43333	40.02
0.45000	40.02
0.46667	40.02
0.48333	40.02
0.50000	40.02
0.51667	40.02
0.53333	40.02
0.55000	40.02
0.56667	40.02
0.58333	40.02
0.60000	40.02
0.61667	40.02
0.63333	40.02
0.65000	40.02
0.66667	40.02
0.68333	40.02
0.70000	40.02
0.71667	40.02
0.73333	40.02
0.75000	40.01
0.76667	40.01
0.78333	40.01
0.80000	40.01
0.81667	40.01
0.83333	40.01
0.85000	40.01
0.86667	40.01
0.88333	40.01
0.90000	40.01
0.91667	40.01
0.93333	40.01
0.95000	40.01
0.96667	40.01
0.98333	40.01
1.00000	40.01
1.01667	40.01
1.03333	40.01
1.05000	40.01
1.06667	40.01
1.08333	40.01
1.10000	40.01
1.11667	40.01
1.13333	40.01
1.15000	40.01
1.16667	40.01
1.18333	40.01
1.20000	40.01
1.21667	40.01
1.23333	40.01
1.25000	40.01
1.26667	40.01
1.28333	40.01
1.30000	40.01
1.31667	40.01
1.33333	40.01
1.35000	40.02
1.36667	40.02
1.38333	40.02
1.40000	40.02
1.41667	40.02
1.43333	40.02
1.45000	40.02
1.46667	40.02
1.48333	40.02
1.50000	40.02
1.51667	40.02
1.53333	40.01
1.55000	40.01
1.56667	40.01
1.58333	40.01
1.60000	40.01
1.61667	40.01
1.63333	40.01
1.65000	40.01
1.66667	40.01
1.68333	40.01
1.70000	40.01
1.71667	40.01
1.73333	40.01
1.75000	40.01
1.76667	40.01
1.78333	40.01
1.80000	40.01
1.81667	40.01
1.83333	40.01
1.85000	40.01
1.86667	40.01
1.88333	40.01
1.90000	40.01
1.91667	40.01
1.93333	40.01
1.95000	40.01
1.96667	40.01
1.98333	40.01
2.00000	40.01
2.01667	40.01
2.03333	40.01
2.05000	40.01
2.06667	40.01
2.08333	40.01
2.10000	40.01
2.11667	40.01
2.13333	40.00
2.15000	40.00
2.16667	40.00
2.18333	40.00
2.20000	40.00
2.21667	40.00
2.23333	40.00
2.25000	40.00
2.26667	40.00
2.28333	40.00
2.30000	40.00
2.31667	40.01
2.33333	40.01
2.35000	40.01
2.36667	40.01
2.38333	40.01
2.40000	40.01
2.41667	40.01
2.43333	40.01
2.45000	40.01
2.46667	40.01
2.48333	40.01
2.50000	40.01
2.51667	40.01
2.53333	40.01
2.55000	40.01
2.56667	40.01
2.58333	40.01
2.60000	40.01
2.61667	40.01
2.63333	40.01
2.65000	40.01
2.66667	40.01
2.68333	40.01
2.70000	40.01
2.71667	40.01
2.73333	40.00
2.75000	40.00
2.76667	40.00
2.78333	40.00
2.80000	40.00
2.81667	40.00
2.83333	40.00
2.85000	40.00
2.86667	40.00
2.88333	40.00
2.90000	40.00
2.91667	40.00
2.93333	40.00
2.95000	40.00
2.96667	40.00
2.98333	40.00
3.00000	40.00
3.01667	40.00
3.03333	40.00
3.05000	40.00
3.06667	40.00
3.08333	40.00
3.10000	40.00
3.11667	40.00
3.13333	40.00
3.15000	40.00
3.16667	40.00
3.18333	40.00
3.20000	40.00
3.21667	40.00
3.23333	40.00
3.25000	40.00
3.26667	40.00
3.28333	40.00
3.30000	40.00
3.31667	40.01
3.33333	40.01
3.35000	40.01
3.36667	40.01
3.38333	40.01
3.40000	40.01
3.41667	40.01
3.43333	40.01
3.45000	40.01
3.46667	40.00
3.48333	40.00
3.50000	40.00
3.51667	40.00
3.53333	40.00
3.55000	40.00
3.56667	40.00
3.58333	40.00
3.60000	40.00
3.61667	40.00
3.63333	40.00
3.65000	40.00
3.66667	40.00
3.68333	40.00
3.70000	40.00
3.71667	40.00
3.73333	40.00
3.75000	40.00
3.76667	40.00
3.78333	40.00
3.80000	40.00
3.81667	40.00
3.83333	40.00
3.85000	40.00
3.86667	40.00
3.88333	40.00
3.90000	40.00
3.91667	40.00
3.93333	40.00
3.95000	40.00
3.96667	40.00
3.98333	40.00
4.00000	40.00
4.01667	40.00
4.03333	40.00
4.05000	40.00
4.06667	40.00
4.08333	40.00
4.10000	40.00
4.11667	40.00
4.13333	40.00
4.15000	40.00
4.16667	40.00
4.18333	40.00
4.20000	40.00
4.21667	40.00
4.23333	40.00
4.25000	40.00
4.26667	40.00
4.28333	40.00
4.30000	40.00
4.31667	40.00
4.33333	40.00
4.35000	40.00
4.36667	40.00
4.38333	40.00
4.40000	40.00
4.41667	40.00
4.43333	40.00
4.45000	40.00
4.46667	39.99
4.48333	39.99
4.50000	39.99
4.51667	39.99
4.53333	39.99
4.55000	39.99
4.56667	39.99
4.58333	39.99
4.60000	39.99
4.61667	39.99
4.63333	39.99
4.65000	39.99
4.66667	39.99
4.68333	39.99
4.70000	39.99
4.71667	40.00
4.73333	40.00
4.75000	40.00
4.76667	40.00
4.78333	40.00
4.80000	40.00
4.81667	40.00
4.83333	40.00
4.85000	40.00
4.86667	40.00
4.88333	40.00
4.90000	40.00
4.91667	40.00
4.93333	40.00
4.95000	40.00
4.96667	40.00
4.98333	40.00
5.00000	40.00
5.01667	40.00
5.03333	40.00
5.05000	40.00
5.06667	40.00
5.08333	40.00
5.10000	40.00
5.11667	40.00
5.13333	39.99
5.15000	39.99
5.16667	39.99
5.18333	39.99
5.20000	39.99
5.21667	39.99
5.23333	39.99
5.25000	39.99
5.26667	39.99
5.28333	39.99
5.30000	39.99
5.31667	39.99
5.33333	39.99
5.35000	39.99
5.36667	39.99
5.38333	39.99
5.40000	39.99
5.41667	39.99
5.43333	39.99
5.45000	39.99
5.46667	39.99
5.48333	39.99
5.50000	40.00
5.51667	40.00
5.53333	40.00
5.55000	40.00
5.56667	40.00
5.58333	40.00
5.60000	40.00
5.61667	40.00
5.63333	40.00
5.65000	40.00
5.66667	40.00
5.68333	40.00
5.70000	40.00
5.71667	40.00
5.73333	40.00
5.75000	40.00
5.76667	40.00
5.78333	40.00
5.80000	40.00
5.81667	40.00
5.83333	40.00
5.85000	40.00
5.86667	40.00
5.88333	40.00
5.90000	40.00
5.91667	40.00
5.93333	39.99
5.95000	39.99
5.96667	39.99
5.98333	39.99
6.00000	39.99
6.01667	39.99
6.03333	39.99
6.05000	39.99
6.06667	39.99
6.08333	39.99
6.10000	39.99
6.11667	39.99
6.13333	39.99
6.15000	39.99
6.16667	39.99
6.18333	39.99
6.20000	39.99
6.21667	39.99
6.23333	39.99
6.25000	39.99
6.26667	39.99
6.28333	39.99
6.30000	39.99
6.31667	39.99
6.33333	39.99
6.35000	39.99
6.36667	39.99
6.38333	40.00
6.40000	40.00
6.41667	40.00
6.43333	40.00
6.45000	40.00
6.46667	40.00
6.48333	40.00
6.50000	40.00
6.51667	40.00
6.53333	40.00
6.55000	40.00
6.56667	40.00
6.58333	40.00
6.60000	40.00
6.61667	40.00
6.63333	39.99
6.65000	39.99
6.66667	39.99
6.68333	39.99
6.70000	39.99
6.71667	39.99
6.73333	39.99
6.75000	39.99
6.76667	39.99
6.78333	39.99
6.80000	39.99
6.81667	39.99
6.83333	39.99
6.85000	39.99
6.86667	39.99
6.88333	39.99
6.90000	39.99
6.91667	39.99
6.93333	39.99
6.95000	40.00
6.96667	40.00
6.98333	40.00
7.00000	40.00
7.01667	40.00
7.03333	40.00
7.05000	40.00
7.06667	40.00
7.08333	40.00
7.10000	40.00
7.11667	40.00
7.13333	40.00
7.15000	40.00
7.16667	40.00
7.18333	39.99
7.20000	39.99
7.21667	39.99
7.23333	39.99
7.25000	39.99
7.26667	39.99
7.28333	39.99
7.30000	39.99
7.31667	39.99
7.33333	39.99
7.35000	39.99
7.36667	39.99
7.38333	39.99
7.40000	39.99
7.41667	39.99
7.43333	39.99
7.45000	39.99
7.46667	39.99
7.48333	39.99
7.50000	39.99
7.51667	39.99
7.53333	39.99
7.55000	39.99
7.56667	39.99
7.58333	39.99
7.60000	40.00
7.61667	40.00
7.63333	40.00
7.65000	40.00
7.66667	40.00
7.68333	40.00
7.70000	40.00
7.71667	40.00
7.73333	40.00
7.75000	40.00
7.76667	40.00
7.78333	40.00
7.80000	40.00
7.81667	40.00
7.83333	40.00
7.85000	40.00
7.86667	40.00
7.88333	39.99
7.90000	39.99
7.91667	39.99
7.93333	39.99
7.95000	39.99
7.96667	39.99
7.98333	39.99
8.00000	39.99
8.01667	39.99
8.03333	39.99
8.05000	39.99
8.06667	39.99
8.08333	39.99
8.10000	39.99
8.11667	39.99
8.13333	39.99
8.15000	39.99
8.16667	39.99
8.18333	39.99
8.20000	39.99
8.21667	39.99
8.23333	39.99
8.25000	39.99
8.26667	39.99
8.28333	39.99
8.30000	39.99
8.31667	39.99
8.33333	39.99
8.35000	39.99
8.36667	39.99
8.38333	39.99
8.40000	39.99
8.41667	39.99
8.43333	40.00
8.45000	40.00
8.46667	40.00
8.48333	40.00
8.50000	40.00
8.51667	40.00
8.53333	40.00
8.55000	40.00
8.56667	40.00
8.58333	40.00
8.60000	40.00
8.61667	40.00
8.63333	40.00
8.65000	40.00
8.66667	40.00
8.68333	40.00
8.70000	39.99
8.71667	39.99
8.73333	39.99
8.75000	39.99
8.76667	39.99
8.78333	39.99
8.80000	39.99
8.81667	39.99
8.83333	39.99
8.85000	39.99
8.86667	39.99
8.88333	39.99
8.90000	39.99
8.91667	39.99
8.93333	39.99
8.95000	39.99
8.96667	39.99
8.98333	39.99
9.00000	39.99
9.01667	39.99
9.03333	39.99
9.05000	39.99
9.06667	39.99
9.08333	39.99
9.10000	39.99
9.11667	39.99
9.13333	39.99
9.15000	39.99
9.16667	39.99
9.18333	39.99
9.20000	39.99
9.21667	39.99
9.23333	39.99
9.25000	39.99
9.26667	39.99
9.28333	39.99
9.30000	39.99
9.31667	39.99
9.33333	39.99
9.35000	39.99
9.36667	39.99
9.38333	39.99
9.40000	39.99
9.41667	39.99
9.43333	39.99
9.45000	40.00
9.46667	40.00
9.48333	40.00
9.50000	40.00
9.51667	40.00
9.53333	40.00
9.55000	40.00
9.56667	40.00
9.58333	40.00
9.60000	40.00
9.61667	40.00
9.63333	39.99
9.65000	39.99
9.66667	39.99
9.68333	39.99
9.70000	39.99
9.71667	39.99
9.73333	39.99
9.75000	39.99
9.76667	39.99
9.78333	39.99
9.80000	39.99
9.81667	39.99
9.83333	39.99
9.85000	39.99
9.86667	39.99
9.88333	39.99
9.90000	39.99
9.91667	39.99
9.93333	39.99
9.95000	39.99
9.96667	39.99
9.98333	39.99
10.00000	39.99
10.01667	39.99
10.03333	39.99
10.05000	39.99
10.06667	39.99
10.08333	39.99
10.10000	39.99
10.11667	39.99
10.13333	39.99
10.15000	40.00
10.16667	40.00
10.18333	40.00
10.20000	40.00
10.21667	40.00
10.23333	40.00
10.25000	40.00
10.26667	40.00
10.28333	40.00
10.30000	40.00
10.31667	40.00
10.33333	40.00
10.35000	40.00
10.36667	39.99
10.38333	39.99
10.40000	39.99
10.41667	39.99
10.43333	39.99
10.45000	39.99
10.46667	39.99
10.48333	39.99
10.50000	39.99
10.51667	39.99
10.53333	39.99
10.55000	39.99
10.56667	39.99
10.58333	39.99
10.60000	39.99
10.61667	39.99
10.63333	39.99
10.65000	39.99
10.66667	39.99
10.68333	39.99
10.70000	39.99
10.71667	39.99
10.73333	39.99
10.75000	39.99
10.76667	39.99
10.78333	39.99
10.80000	39.99
10.81667	39.99
10.83333	39.99
10.85000	39.99
10.86667	39.99
10.88333	39.99
10.90000	39.99
10.91667	39.99
10.93333	39.99
10.95000	39.99
10.96667	39.99
10.98333	39.99
11.00000	40.00
11.01667	40.00
11.03333	40.00
11.05000	40.00
11.06667	40.00
11.08333	40.00
11.10000	40.00
11.11667	40.00
11.13333	40.00
11.15000	40.00
11.16667	40.00
11.18333	40.00
11.20000	40.00
11.21667	39.99
11.23333	39.99
11.25000	39.99
11.26667	39.99
11.28333	39.99
11.30000	39.99
11.31667	39.99
11.33333	39.99
11.35000	39.99
11.36667	39.99
11.38333	39.99
11.40000	39.99
11.41667	39.99
11.43333	39.99
11.45000	39.99
11.46667	39.99
11.48333	39.99
11.50000	39.99
11.51667	39.99
11.53333	39.99
11.55000	39.99
11.56667	39.99
11.58333	39.99
11.60000	39.99
11.61667	39.99
11.63333	39.99
11.65000	39.99
11.66667	39.99
11.68333	39.99
11.70000	39.99
11.71667	39.99
11.73333	39.99
11.75000	39.99
11.76667	39.99
11.78333	39.99
11.80000	39.99
11.81667	39.99
11.83333	39.99
11.85000	39.99
11.86667	39.99
11.88333	39.99
11.90000	39.99
11.91667	39.99
11.93333	39.99
11.95000	39.99
11.96667	39.99
11.98333	39.99
12.00000	39.99
12.01667	39.99
12.03333	39.99
12.05000	39.99
12.06667	39.99
12.08333	39.99
12.10000	39.99
12.11667	39.99
12.13333	39.99
12.15000	39.99
12.16667	39.99
12.18333	39.99
12.20000	40.00
12.21667	40.00
12.23333	40.00
12.25000	40.00
12.26667	40.00
12.28333	40.00
12.30000	40.00
12.31667	40.00
12.33333	40.00
12.35000	40.00
12.36667	40.00
12.38333	40.00
12.40000	40.00
12.41667	40.00
12.43333	40.00
12.45000	40.00
12.46667	40.00
12.48333	39.99
12.50000	39.99
12.51667	39.99
12.53333	39.99
12.55000	39.99
12.56667	39.99
12.58333	39.99
12.60000	39.99
12.61667	39.99
12.63333	39.99
12.65000	39.99
12.66667	39.99
12.68333	39.99
12.70000	39.99
12.71667	39.99
12.73333	39.99
12.75000	39.99
12.76667	39.99
12.78333	39.99
12.80000	39.99
12.81667	39.99
12.83333	39.99
12.85000	40.00
12.86667	40.00
12.88333	40.00
12.90000	40.00
12.91667	40.00
12.93333	40.00
12.95000	40.00
12.96667	40.00
12.98333	40.00
13.00000	40.00
13.01667	40.00
13.03333	40.00
13.05000	40.00
13.06667	40.00
13.08333	39.99
13.10000	39.99
13.11667	39.99
13.13333	39.99
13.15000	39.99
13.16667	39.99
13.18333	39.99
13.20000	39.99
13.21667	39.99
13.23333	39.99
13.25000	39.99
13.26667	39.99
13.28333	39.99
13.30000	39.99
13.31667	39.99
13.33333	39.99
13.35000	39.99
13.36667	39.99
13.38333	40.00
13.40000	40.00
13.41667	40.00
13.43333	40.00
13.45000	40.00
13.46667	40.00
13.48333	40.00
13.50000	40.00
13.51667	40.00
13.53333	40.00
13.55000	40.00
13.56667	40.00
13.58333	40.00
13.60000	40.00
13.61667	40.00
13.63333	40.00
13.65000	40.00
13.66667	40.00
13.68333	40.00
13.70000	40.00
13.71667	40.00
13.73333	40.00
13.75000	40.00
13.76667	40.00
13.78333	40.00
13.80000	39.99
13.81667	39.99
13.83333	39.99
13.85000	39.99
13.86667	39.99
13.88333	39.99
13.90000	39.99
13.91667	39.99
13.93333	39.99
13.95000	39.99
13.96667	39.99
13.98333	39.99
14.00000	39.99
14.01667	39.99
14.03333	39.99
14.05000	39.99
14.06667	39.99
14.08333	40.00
14.10000	40.00
14.11667	40.00
14.13333	40.00
14.15000	40.00
14.16667	40.00
14.18333	40.00
14.20000	40.00
14.21667	40.00
14.23333	40.00
14.25000	40.00
14.26667	40.00
14.28333	40.00
14.30000	40.00
14.31667	40.00
14.33333	40.00
14.35000	40.00
14.36667	40.00
14.38333	39.99
14.40000	39.99
14.41667	39.99
14.43333	39.99
14.45000	39.99
14.46667	39.99
14.48333	39.99
14.50000	39.99
14.51667	39.99
14.53333	39.99
14.55000	39.99
14.56667	39.99
14.58333	40.00
14.60000	40.00
14.61667	40.00
14.63333	40.00
14.65000	40.00
14.66667	40.00
14.68333	40.00
14.70000	40.00
14.71667	40.00
14.73333	40.00
14.75000	40.00
14.76667	40.00
14.78333	40.00
14.80000	40.00
14.81667	40.01
14.83333	40.01
14.85000	40.01
14.86667	40.01
14.88333	40.01
14.90000	40.01
14.91667	40.01
14.93333	40.02
14.95000	40.02
14.96667	40.02
14.98333	40.02
15.00000	40.02

[LC Status Trace(UV A-Ch1 Reference Energy)]
Interval(msec)	1000
# of Points	901
Start Time(min)	0.000
End Time(min)	15.000
Intensity Units	mV
Intensity Multiplier	1
R.Time (min)	Intensity
0.00000	511.40
0.01667	511.40
0.03333	511.40
0.05000	511.40
0.06667	511.40
0.08333	511.40
0.10000	511.40
0.11667	511.40
0.13333	511.40
0.15000	511.40
0.16667	511.40
0.18333	511.40
0.20000	511.40
0.21667	511.40
0.23333	511.40
0.25000	511.40
0.26667	511.40
0.28333	511.40
0.30000	511.40
0.31667	511.40
0.33333	511.40
0.35000	511.40
0.36667	511.40
0.38333	511.40
0.40000	511.40
0.41667	511.40
0.43333	511.40
0.45000	511.40
0.46667	511.40
0.48333	511.40
0.50000	511.40
0.51667	511.40
0.53333	511.40
0.55000	511.40
0.56667	511.40
0.58333	511.40
0.60000	511.40
0.61667	511.40
0.63333	511.40
0.65000	511.40
0.66667	511.40
0.68333	511.40
0.70000	511.40
0.71667	511.40
0.73333	511.40
0.75000	511.40
0.76667	511.40
0.78333	511.40
0.80000	511.40
0.81667	511.40
0.83333	511.40
0.85000	511.40
0.86667	511.40
0.88333	511.40
0.90000	511.40
0.91667	511.40
0.93333	511.40
0.95000	511.40
0.96667	511.40
0.98333	511.40
1.00000	511.40
1.01667	511.40
1.03333	511.40
1.05000	511.40
1.06667	511.40
1.08333	511.40
1.10000	511.40
1.11667	511.40
1.13333	511.40
1.15000	511.40
1.16667	511.40
1.18333	511.40
1.20000	511.40
1.21667	511.40
1.23333	511.40
1.25000	511.40
1.26667	511.40
1.28333	511.40
1.30000	511.40
1.31667	511.40
1.33333	511.40
1.35000	511.40
1.36667	511.40
1.38333	511.40
1.40000	511.40
1.41667	511.40
1.43333	511.40
1.45000	511.40
1.46667	511.40
1.48333	511.40
1.50000	511.40
1.51667	511.40
1.53333	511.40
1.55000	511.40
1.56667	511.40
1.58333	511.40
1.60000	511.40
1.61667	511.40
1.63333	511.40
1.65000	511.40
1.66667	511.40
1.68333	511.40
1.70000	511.40
1.71667	511.40
1.73333	511.40
1.75000	511.40
1.76667	511.40
1.78333	511.40
1.80000	511.40
1.81667	511.40
1.83333	511.40
1.85000	511.40
1.86667	511.40
1.88333	511.40
1.90000	511.40
1.91667	511.40
1.93333	511.40
1.95000	511.40
1.96667	511.40
1.98333	511.40
2.00000	511.40
2.01667	511.40
2.03333	511.40
2.05000	511.40
2.06667	511.40
2.08333	511.40
2.10000	511.40
2.11667	511.40
2.13333	511.40
2.15000	511.40
2.16667	511.40
2.18333	511.40
2.20000	511.40
2.21667	511.40
2.23333	511.40
2.25000	511.40
2.26667	511.40
2.28333	511.40
2.30000	511.40
2.31667	511.40
2.33333	511.40
2.35000	511.40
2.36667	511.40
2.38333	511.40
2.40000	511.40
2.41667	511.40
2.43333	511.40
2.45000	511.40
2.46667	511.40
2.48333	511.40
2.50000	511.40
2.51667	511.40
2.53333	511.40
2.55000	511.40
2.56667	511.40
2.58333	511.40
2.60000	511.40
2.61667	511.40
2.63333	511.40
2.65000	511.40
2.66667	511.40
2.68333	511.40
2.70000	511.40
2.71667	511.40
2.73333	511.40
2.75000	511.40
2.76667	511.40
2.78333	511.40
2.80000	511.40
2.81667	511.40
2.83333	511.40
2.85000	511.40
2.86667	511.40
2.88333	511.40
2.90000	511.40
2.91667	511.40
2.93333	511.40
2.95000	511.40
2.96667	511.40
2.98333	511.40
3.00000	511.40
3.01667	511.40
3.03333	511.40
3.05000	511.40
3.06667	511.40
3.08333	511.40
3.10000	511.40
3.11667	511.40
3.13333	511.40
3.15000	511.40
3.16667	511.40
3.18333	511.40
3.20000	511.40
3.21667	511.40
3.23333	511.40
3.25000	511.40
3.26667	511.40
3.28333	511.40
3.30000	511.40
3.31667	511.40
3.33333	511.40
3.35000	511.40
3.36667	511.40
3.38333	511.40
3.40000	511.40
3.41667	511.40
3.43333	511.40
3.45000	511.40
3.46667	511.40
3.48333	511.40
3.50000	511.40
3.51667	511.40
3.53333	511.40
3.55000	511.40
3.56667	511.40
3.58333	511.40
3.60000	511.40
3.61667	511.40
3.63333	511.40
3.65000	511.40
3.66667	511.40
3.68333	511.40
3.70000	511.40
3.71667	511.40
3.73333	511.40
3.75000	511.40
3.76667	511.40
3.78333	511.40
3.80000	511.40
3.81667	511.40
3.83333	511.40
3.85000	511.40
3.86667	511.40
3.88333	511.40
3.90000	511.40
3.91667	511.40
3.93333	511.40
3.95000	511.40
3.96667	511.40
3.98333	511.40
4.00000	511.40
4.01667	511.40
4.03333	511.40
4.05000	511.40
4.06667	511.40
4.08333	511.40
4.10000	511.40
4.11667	511.40
4.13333	511.40
4.15000	511.40
4.16667	511.40
4.18333	511.40
4.20000	511.40
4.21667	511.40
4.23333	511.40
4.25000	511.40
4.26667	511.40
4.28333	511.40
4.30000	511.40
4.31667	511.40
4.33333	511.40
4.35000	511.40
4.36667	511.40
4.38333	511.40
4.40000	511.40
4.41667	511.40
4.43333	511.40
4.45000	511.40
4.46667	511.40
4.48333	511.40
4.50000	511.40
4.51667	511.40
4.53333	511.40
4.55000	511.40
4.56667	511.40
4.58333	511.40
4.60000	511.40
4.61667	511.40
4.63333	511.40
4.65000	511.40
4.66667	511.40
4.68333	511.40
4.70000	511.40
4.71667	511.40
4.73333	511.40
4.75000	511.40
4.76667	511.40
4.78333	511.40
4.80000	511.40
4.81667	511.40
4.83333	511.40
4.85000	511.40
4.86667	511.40
4.88333	511.40
4.90000	511.40
4.91667	511.40
4.93333	511.40
4.95000	511.40
4.96667	511.40
4.98333	511.40
5.00000	511.40
5.01667	511.40
5.03333	511.40
5.05000	511.40
5.06667	511.40
5.08333	511.40
5.10000	511.40
5.11667	511.40
5.13333	511.40
5.15000	511.40
5.16667	511.40
5.18333	511.40
5.20000	511.40
5.21667	511.40
5.23333	511.40
5.25000	511.40
5.26667	511.40
5.28333	511.40
5.30000	511.40
5.31667	511.40
5.33333	511.40
5.35000	511.40
5.36667	511.40
5.38333	511.40
5.40000	511.40
5.41667	511.40
5.43333	511.40
5.45000	511.40
5.46667	511.40
5.48333	511.40
5.50000	511.40
5.51667	511.40
5.53333	511.40
5.55000	511.40
5.56667	511.40
5.58333	511.40
5.60000	511.40
5.61667	511.40
5.63333	511.40
5.65000	511.40
5.66667	511.40
5.68333	511.40
5.70000	511.40
5.71667	511.40
5.73333	511.40
5.75000	511.40
5.76667	511.40
5.78333	511.40
5.80000	511.40
5.81667	511.40
5.83333	511.40
5.85000	511.40
5.86667	511.40
5.88333	511.40
5.90000	511.40
5.91667	511.40
5.93333	511.40
5.95000	511.40
5.96667	511.40
5.98333	511.40
6.00000	511.40
6.01667	511.40
6.03333	511.40
6.05000	511.40
6.06667	511.40
6.08333	511.40
6.10000	511.40
6.11667	511.40
6.13333	511.40
6.15000	511.40
6.16667	511.40
6.18333	511.40
6.20000	511.40
6.21667	511.40
6.23333	511.40
6.25000	511.40
6.26667	511.40
6.28333	511.40
6.30000	511.40
6.31667	511.40
6.33333	511.40
6.35000	511.40
6.36667	511.40
6.38333	511.40
6.40000	511.40
6.41667	511.40
6.43333	511.40
6.45000	511.40
6.46667	511.40
6.48333	511.40
6.50000	511.40
6.51667	511.40
6.53333	511.40
6.55000	511.40
6.56667	511.40
6.58333	511.40
6.60000	511.40
6.61667	511.40
6.63333	511.40
6.65000	511.40
6.66667	511.40
6.68333	511.40
6.70000	511.40
6.71667	511.40
6.73333	511.40
6.75000	511.40
6.76667	511.40
6.78333	511.40
6.80000	511.40
6.81667	511.40
6.83333	511.40
6.85000	511.40
6.86667	511.40
6.88333	511.40
6.90000	511.40
6.91667	511.40
6.93333	511.40
6.95000	511.40
6.96667	511.40
6.98333	511.40
7.00000	511.40
7.01667	511.40
7.03333	511.40
7.05000	511.40
7.06667	511.40
7.08333	511.40
7.10000	511.40
7.11667	511.40
7.13333	511.40
7.15000	511.40
7.16667	511.40
7.18333	511.40
7.20000	511.40
7.21667	511.40
7.23333	511.40
7.25000	511.40
7.26667	511.40
7.28333	511.40
7.30000	511.40
7.31667	511.40
7.33333	511.40
7.35000	511.40
7.36667	511.40
7.38333	511.40
7.40000	511.40
7.41667	511.40
7.43333	511.40
7.45000	511.40
7.46667	511.40
7.48333	511.40
7.50000	511.40
7.51667	511.40
7.53333	511.40
7.55000	511.40
7.56667	511.40
7.58333	511.40
7.60000	511.40
7.61667	511.40
7.63333	511.40
7.65000	511.40
7.66667	511.40
7.68333	511.40
7.70000	511.40
7.71667	511.40
7.73333	511.40
7.75000	511.40
7.76667	511.40
7.78333	511.40
7.80000	511.40
7.81667	511.40
7.83333	511.40
7.85000	511.40
7.86667	511.40
7.88333	511.40
7.90000	511.40
7.91667	511.40
7.93333	511.40
7.95000	511.40
7.96667	511.40
7.98333	511.40
8.00000	511.40
8.01667	511.40
8.03333	511.40
8.05000	511.40
8.06667	511.40
8.08333	511.40
8.10000	511.40
8.11667	511.40
8.13333	511.40
8.15000	511.40
8.16667	511.40
8.18333	511.40
8.20000	511.40
8.21667	511.40
8.23333	511.40
8.25000	511.40
8.26667	511.40
8.28333	511.40
8.30000	511.40
8.31667	511.40
8.33333	511.40
8.35000	511.40
8.36667	511.40
8.38333	511.40
8.40000	511.40
8.41667	511.40
8.43333	511.40
8.45000	511.40
8.46667	511.40
8.48333	511.40
8.50000	511.40
8.51667	511.40
8.53333	511.40
8.55000	511.40
8.56667	511.40
8.58333	511.40
8.60000	511.40
8.61667	511.40
8.63333	511.40
8.65000	511.40
8.66667	511.40
8.68333	511.40
8.70000	511.40
8.71667	511.40
8.73333	511.40
8.75000	511.40
8.76667	511.40
8.78333	511.40
8.80000	511.40
8.81667	511.40
8.83333	511.40
8.85000	511.40
8.86667	511.40
8.88333	511.40
8.90000	511.40
8.91667	511.40
8.93333	511.40
8.95000	511.40
8.96667	511.40
8.98333	511.40
9.00000	511.40
9.01667	511.40
9.03333	511.40
9.05000	511.40
9.06667	511.40
9.08333	511.40
9.10000	511.40
9.11667	511.40
9.13333	511.40
9.15000	511.40
9.16667	511.40
9.18333	511.40
9.20000	511.40
9.21667	511.40
9.23333	511.40
9.25000	511.40
9.26667	511.40
9.28333	511.40
9.30000	511.40
9.31667	511.40
9.33333	511.40
9.35000	511.40
9.36667	511.40
9.38333	511.40
9.40000	511.40
9.41667	511.40
9.43333	511.40
9.45000	511.40
9.46667	511.40
9.48333	511.40
9.50000	511.40
9.51667	511.40
9.53333	511.40
9.55000	511.40
9.56667	511.40
9.58333	511.40
9.60000	511.40
9.61667	511.40
9.63333	511.40
9.65000	511.40
9.66667	511.40
9.68333	511.40
9.70000	511.40
9.71667	511.40
9.73333	511.40
9.75000	511.40
9.76667	511.40
9.78333	511.40
9.80000	511.40
9.81667	511.40
9.83333	511.40
9.85000	511.40
9.86667	511.40
9.88333	511.40
9.90000	511.40
9.91667	511.40
9.93333	511.40
9.95000	511.40
9.96667	511.40
9.98333	511.40
10.00000	511.40
10.01667	511.40
10.03333	511.40
10.05000	511.40
10.06667	511.40
10.08333	511.40
10.10000	511.40
10.11667	511.40
10.13333	511.40
10.15000	511.40
10.16667	511.40
10.18333	511.40
10.20000	511.40
10.21667	511.40
10.23333	511.40
10.25000	511.40
10.26667	511.40
10.28333	511.40
10.30000	511.40
10.31667	511.40
10.33333	511.40
10.35000	511.40
10.36667	511.40
10.38333	511.40
10.40000	511.40
10.41667	511.40
10.43333	511.40
10.45000	511.40
10.46667	511.40
10.48333	511.40
10.50000	511.40
10.51667	511.40
10.53333	511.40
10.55000	511.40
10.56667	511.40
10.58333	511.40
10.60000	511.40
10.61667	511.40
10.63333	511.40
10.65000	511.40
10.66667	511.40
10.68333	511.40
10.70000	511.40
10.71667	511.40
10.73333	511.40
10.75000	511.40
10.76667	511.40
10.78333	511.40
10.80000	511.40
10.81667	511.40
10.83333	511.40
10.85000	511.40
10.86667	511.40
10.88333	511.40
10.90000	511.40
10.91667	511.40
10.93333	511.40
10.95000	511.40
10.96667	511.40
10.98333	511.40
11.00000	511.40
11.01667	511.40
11.03333	511.40
11.05000	511.40
11.06667	511.40
11.08333	511.40
11.10000	511.40
11.11667	511.40
11.13333	511.40
11.15000	511.40
11.16667	511.40
11.18333	511.40
11.20000	511.40
11.21667	511.40
11.23333	511.40
11.25000	511.40
11.26667	511.40
11.28333	511.40
11.30000	511.40
11.31667	511.40
11.33333	511.40
11.35000	511.40
11.36667	511.40
11.38333	511.40
11.40000	511.40
11.41667	511.40
11.43333	511.40
11.45000	511.40
11.46667	511.40
11.48333	511.40
11.50000	511.40
11.51667	511.40
11.53333	511.40
11.55000	511.40
11.56667	511.40
11.58333	511.40
11.60000	511.40
11.61667	511.40
11.63333	511.40
11.65000	511.40
11.66667	511.40
11.68333	511.40
11.70000	511.40
11.71667	511.40
11.73333	511.40
11.75000	511.40
11.76667	511.40
11.78333	511.40
11.80000	511.40
11.81667	511.40
11.83333	511.40
11.85000	511.40
11.86667	511.40
11.88333	511.40
11.90000	511.40
11.91667	511.40
11.93333	511.40
11.95000	511.40
11.96667	511.40
11.98333	511.40
12.00000	511.40
12.01667	511.40
12.03333	511.40
12.05000	511.40
12.06667	511.40
12.08333	511.40
12.10000	511.40
12.11667	511.40
12.13333	511.40
12.15000	511.40
12.16667	511.40
12.18333	511.40
12.20000	511.40
12.21667	511.40
12.23333	511.40
12.25000	511.40
12.26667	511.40
12.28333	511.40
12.30000	511.40
12.31667	511.40
12.33333	511.40
12.35000	511.40
12.36667	511.40
12.38333	511.40
12.40000	511.40
12.41667	511.40
12.43333	511.40
12.45000	511.40
12.46667	511.40
12.48333	511.40
12.50000	511.40
12.51667	511.40
12.53333	511.40
12.55000	511.40
12.56667	511.40
12.58333	511.40
12.60000	511.40
12.61667	511.40
12.63333	511.40
12.65000	511.40
12.66667	511.40
12.68333	511.40
12.70000	511.40
12.71667	511.40
12.73333	511.40
12.75000	511.40
12.76667	511.40
12.78333	511.40
12.80000	511.40
12.81667	511.40
12.83333	511.40
12.85000	511.40
12.86667	511.40
12.88333	511.40
12.90000	511.40
12.91667	511.40
12.93333	511.40
12.95000	511.40
12.96667	511.40
12.98333	511.40
13.00000	511.40
13.01667	511.40
13.03333	511.40
13.05000	511.40
13.06667	511.40
13.08333	511.40
13.10000	511.40
13.11667	511.40
13.13333	511.40
13.15000	511.40
13.16667	511.40
13.18333	511.40
13.20000	511.40
13.21667	511.40
13.23333	511.40
13.25000	511.40
13.26667	511.40
13.28333	511.40
13.30000	511.40
13.31667	511.40
13.33333	511.40
13.35000	511.40
13.36667	511.40
13.38333	511.40
13.40000	511.40
13.41667	511.40
13.43333	511.40
13.45000	511.40
13.46667	511.40
13.48333	511.40
13.50000	511.40
13.51667	511.40
13.53333	511.40
13.55000	511.40
13.56667	511.40
13.58333	511.40
13.60000	511.40
13.61667	511.40
13.63333	511.40
13.65000	511.40
13.66667	511.40
13.68333	511.40
13.70000	511.40
13.71667	511.40
13.73333	511.40
13.75000	511.40
13.76667	511.40
13.78333	511.40
13.80000	511.40
13.81667	511.40
13.83333	511.40
13.85000	511.40
13.86667	511.40
13.88333	511.40
13.90000	511.40
13.91667	511.40
13.93333	511.40
13.95000	511.40
13.96667	511.40
13.98333	511.40
14.00000	511.40
14.01667	511.40
14.03333	511.40
14.05000	511.40
14.06667	511.40
14.08333	511.40
14.10000	511.40
14.11667	511.40
14.13333	511.40
14.15000	511.40
14.16667	511.40
14.18333	511.40
14.20000	511.40
14.21667	511.40
14.23333	511.40
14.25000	511.40
14.26667	511.40
14.28333	511.40
14.30000	511.40
14.31667	511.40
14.33333	511.40
14.35000	511.40
14.36667	511.40
14.38333	511.40
14.40000	511.40
14.41667	511.40
14.43333	511.40
14.45000	511.40
14.46667	511.40
14.48333	511.40
14.50000	511.40
14.51667	511.40
14.53333	511.40
14.55000	511.40
14.56667	511.40
14.58333	511.40
14.60000	511.40
14.61667	511.40
14.63333	511.40
14.65000	511.40
14.66667	511.40
14.68333	511.40
14.70000	511.40
14.71667	511.40
14.73333	511.40
14.75000	511.40
14.76667	511.40
14.78333	511.40
14.80000	511.40
14.81667	511.40
14.83333	511.40
14.85000	511.40
14.86667	511.40
14.88333	511.40
14.90000	511.40
14.91667	511.40
14.93333	511.40
14.95000	511.40
14.96667	511.40
14.98333	511.40
15.00000	511.40

[LC Status Trace(UV A-Ch2 Reference Energy)]
Interval(msec)	1000
# of Points	901
Start Time(min)	0.000
End Time(min)	15.000
Intensity Units	mV
Intensity Multiplier	1
R.Time (min)	Intensity
0.00000	223.90
0.01667	223.90
0.03333	223.90
0.05000	223.90
0.06667	223.90
0.08333	223.90
0.10000	223.90
0.11667	223.90
0.13333	223.90
0.15000	223.90
0.16667	223.90
0.18333	223.90
0.20000	223.90
0.21667	223.90
0.23333	223.90
0.25000	223.90
0.26667	223.80
0.28333	223.90
0.30000	223.90
0.31667	223.90
0.33333	223.80
0.35000	223.80
0.36667	223.90
0.38333	223.90
0.40000	223.90
0.41667	223.90
0.43333	223.90
0.45000	223.90
0.46667	223.90
0.48333	223.90
0.50000	223.90
0.51667	223.90
0.53333	223.90
0.55000	223.90
0.56667	223.90
0.58333	223.90
0.60000	223.90
0.61667	223.90
0.63333	223.90
0.65000	223.90
0.66667	223.90
0.68333	223.90
0.70000	223.90
0.71667	223.90
0.73333	223.90
0.75000	223.90
0.76667	223.90
0.78333	223.90
0.80000	223.90
0.81667	223.90
0.83333	223.90
0.85000	223.90
0.86667	223.90
0.88333	223.90
0.90000	223.90
0.91667	223.90
0.93333	223.90
0.95000	223.90
0.96667	223.90
0.98333	223.90
1.00000	223.90
1.01667	223.90
1.03333	223.90
1.05000	223.90
1.06667	223.90
1.08333	223.90
1.10000	223.90
1.11667	223.90
1.13333	223.90
1.15000	223.90
1.16667	223.90
1.18333	223.90
1.20000	223.90
1.21667	223.90
1.23333	223.90
1.25000	223.90
1.26667	223.90
1.28333	223.90
1.30000	223.90
1.31667	223.90
1.33333	223.90
1.35000	223.90
1.36667	223.90
1.38333	223.90
1.40000	223.90
1.41667	223.90
1.43333	223.90
1.45000	223.90
1.46667	223.90
1.48333	223.90
1.50000	223.90
1.51667	223.90
1.53333	223.90
1.55000	223.90
1.56667	223.90
1.58333	223.90
1.60000	223.90
1.61667	223.90
1.63333	223.90
1.65000	223.90
1.66667	223.90
1.68333	223.90
1.70000	223.90
1.71667	223.90
1.73333	223.90
1.75000	223.90
1.76667	223.90
1.78333	223.90
1.80000	223.90
1.81667	223.90
1.83333	223.90
1.85000	223.90
1.86667	223.90
1.88333	223.90
1.90000	223.90
1.91667	223.90
1.93333	223.90
1.95000	223.90
1.96667	223.90
1.98333	223.90
2.00000	223.90
2.01667	223.90
2.03333	223.90
2.05000	223.90
2.06667	223.90
2.08333	223.90
2.10000	223.90
2.11667	223.90
2.13333	223.90
2.15000	223.90
2.16667	223.90
2.18333	223.90
2.20000	223.90
2.21667	223.90
2.23333	223.90
2.25000	223.90
2.26667	223.90
2.28333	223.90
2.30000	223.90
2.31667	223.90
2.33333	223.90
2.35000	223.90
2.36667	223.90
2.38333	223.90
2.40000	223.90
2.41667	223.90
2.43333	223.90
2.45000	223.90
2.46667	223.90
2.48333	223.90
2.50000	223.90
2.51667	223.90
2.53333	223.90
2.55000	223.90
2.56667	223.90
2.58333	223.90
2.60000	223.90
2.61667	223.90
2.63333	223.90
2.65000	223.90
2.66667	223.90
2.68333	223.90
2.70000	223.90
2.71667	223.90
2.73333	223.90
2.75000	223.90
2.76667	223.90
2.78333	223.90
2.80000	223.90
2.81667	223.90
2.83333	223.90
2.85000	223.90
2.86667	223.90
2.88333	223.90
2.90000	223.90
2.91667	223.90
2.93333	223.90
2.95000	223.90
2.96667	223.90
2.98333	223.90
3.00000	223.90
3.01667	223.90
3.03333	223.90
3.05000	223.90
3.06667	223.90
3.08333	223.90
3.10000	223.90
3.11667	223.90
3.13333	223.90
3.15000	223.90
3.16667	223.90
3.18333	223.90
3.20000	223.90
3.21667	223.90
3.23333	223.90
3.25000	223.90
3.26667	223.90
3.28333	223.90
3.30000	223.90
3.31667	223.90
3.33333	223.90
3.35000	223.90
3.36667	223.90
3.38333	223.90
3.40000	223.90
3.41667	223.90
3.43333	223.90
3.45000	223.90
3.46667	223.90
3.48333	223.90
3.50000	223.90
3.51667	223.90
3.53333	223.90
3.55000	223.90
3.56667	223.90
3.58333	223.90
3.60000	223.90
3.61667	223.90
3.63333	223.90
3.65000	223.90
3.66667	223.90
3.68333	223.90
3.70000	223.90
3.71667	223.90
3.73333	223.90
3.75000	223.90
3.76667	223.90
3.78333	223.90
3.80000	223.90
3.81667	223.90
3.83333	223.90
3.85000	223.90
3.86667	223.90
3.88333	223.90
3.90000	223.90
3.91667	223.90
3.93333	223.90
3.95000	223.90
3.96667	223.90
3.98333	223.90
4.00000	223.90
4.01667	223.90
4.03333	223.90
4.05000	223.90
4.06667	223.90
4.08333	223.90
4.10000	223.90
4.11667	223.90
4.13333	223.90
4.15000	223.90
4.16667	223.90
4.18333	223.90
4.20000	223.90
4.21667	223.90
4.23333	223.90
4.25000	223.90
4.26667	223.90
4.28333	223.90
4.30000	223.90
4.31667	223.90
4.33333	223.90
4.35000	223.90
4.36667	223.90
4.38333	223.90
4.40000	223.90
4.41667	223.90
4.43333	223.90
4.45000	223.90
4.46667	223.90
4.48333	223.90
4.50000	223.90
4.51667	223.90
4.53333	223.90
4.55000	223.90
4.56667	223.90
4.58333	223.90
4.60000	223.90
4.61667	223.90
4.63333	223.90
4.65000	223.90
4.66667	223.90
4.68333	223.90
4.70000	223.90
4.71667	223.90
4.73333	223.90
4.75000	223.90
4.76667	223.90
4.78333	223.90
4.80000	223.90
4.81667	223.90
4.83333	223.90
4.85000	223.90
4.86667	223.90
4.88333	223.90
4.90000	223.90
4.91667	223.90
4.93333	223.90
4.95000	223.90
4.96667	223.90
4.98333	223.90
5.00000	223.90
5.01667	223.90
5.03333	223.90
5.05000	223.90
5.06667	223.90
5.08333	223.90
5.10000	223.90
5.11667	223.90
5.13333	223.90
5.15000	223.90
5.16667	223.90
5.18333	223.90
5.20000	223.90
5.21667	223.90
5.23333	223.90
5.25000	223.90
5.26667	223.90
5.28333	223.90
5.30000	223.90
5.31667	223.90
5.33333	223.90
5.35000	223.90
5.36667	223.90
5.38333	223.90
5.40000	223.90
5.41667	223.90
5.43333	223.90
5.45000	223.90
5.46667	223.90
5.48333	223.90
5.50000	223.90
5.51667	223.90
5.53333	223.90
5.55000	223.90
5.56667	223.90
5.58333	223.90
5.60000	223.90
5.61667	223.90
5.63333	223.90
5.65000	223.90
5.66667	223.90
5.68333	223.90
5.70000	223.90
5.71667	223.90
5.73333	223.90
5.75000	223.90
5.76667	223.90
5.78333	223.90
5.80000	223.90
5.81667	223.90
5.83333	223.90
5.85000	223.90
5.86667	223.90
5.88333	223.90
5.90000	223.90
5.91667	223.90
5.93333	223.90
5.95000	223.90
5.96667	223.90
5.98333	223.90
6.00000	223.90
6.01667	223.90
6.03333	223.90
6.05000	223.90
6.06667	223.90
6.08333	223.90
6.10000	223.90
6.11667	223.90
6.13333	223.90
6.15000	223.90
6.16667	223.90
6.18333	223.90
6.20000	223.90
6.21667	223.90
6.23333	223.90
6.25000	223.90
6.26667	223.90
6.28333	223.90
6.30000	223.90
6.31667	223.90
6.33333	223.90
6.35000	223.90
6.36667	223.90
6.38333	223.90
6.40000	223.90
6.41667	223.90
6.43333	223.90
6.45000	223.90
6.46667	223.90
6.48333	223.90
6.50000	223.90
6.51667	223.90
6.53333	223.90
6.55000	223.90
6.56667	223.90
6.58333	223.90
6.60000	223.90
6.61667	223.90
6.63333	223.90
6.65000	223.90
6.66667	223.90
6.68333	223.90
6.70000	223.90
6.71667	223.90
6.73333	223.90
6.75000	223.90
6.76667	223.90
6.78333	223.90
6.80000	223.90
6.81667	223.90
6.83333	223.90
6.85000	223.90
6.86667	223.90
6.88333	223.90
6.90000	223.90
6.91667	223.90
6.93333	223.90
6.95000	223.90
6.96667	223.90
6.98333	223.90
7.00000	223.90
7.01667	223.90
7.03333	223.90
7.05000	223.90
7.06667	223.90
7.08333	223.90
7.10000	223.90
7.11667	223.90
7.13333	223.90
7.15000	223.90
7.16667	223.90
7.18333	223.90
7.20000	223.90
7.21667	223.90
7.23333	223.90
7.25000	223.90
7.26667	223.90
7.28333	223.90
7.30000	223.90
7.31667	223.90
7.33333	223.90
7.35000	223.90
7.36667	223.90
7.38333	223.90
7.40000	223.90
7.41667	223.90
7.43333	223.90
7.45000	223.90
7.46667	223.90
7.48333	223.90
7.50000	223.90
7.51667	223.90
7.53333	223.90
7.55000	223.90
7.56667	223.90
7.58333	223.90
7.60000	223.90
7.61667	223.90
7.63333	223.90
7.65000	223.90
7.66667	223.90
7.68333	223.90
7.70000	223.90
7.71667	223.90
7.73333	223.90
7.75000	223.90
7.76667	223.90
7.78333	223.90
7.80000	223.90
7.81667	223.90
7.83333	223.90
7.85000	223.90
7.86667	223.90
7.88333	223.90
7.90000	223.90
7.91667	223.90
7.93333	223.90
7.95000	223.90
7.96667	223.90
7.98333	223.90
8.00000	223.90
8.01667	223.90
8.03333	223.90
8.05000	223.90
8.06667	223.90
8.08333	223.90
8.10000	223.90
8.11667	223.90
8.13333	223.90
8.15000	223.90
8.16667	223.90
8.18333	223.90
8.20000	223.90
8.21667	223.90
8.23333	223.90
8.25000	223.90
8.26667	223.90
8.28333	223.90
8.30000	223.90
8.31667	223.90
8.33333	223.90
8.35000	223.90
8.36667	223.90
8.38333	223.90
8.40000	223.90
8.41667	223.90
8.43333	223.90
8.45000	223.90
8.46667	223.90
8.48333	223.90
8.50000	223.90
8.51667	223.90
8.53333	223.90
8.55000	223.90
8.56667	223.90
8.58333	223.90
8.60000	223.90
8.61667	223.90
8.63333	223.90
8.65000	223.90
8.66667	223.90
8.68333	223.90
8.70000	223.90
8.71667	223.90
8.73333	223.90
8.75000	223.90
8.76667	223.90
8.78333	223.90
8.80000	223.90
8.81667	223.90
8.83333	223.90
8.85000	223.90
8.86667	223.90
8.88333	223.90
8.90000	223.90
8.91667	223.90
8.93333	223.90
8.95000	223.90
8.96667	223.90
8.98333	223.90
9.00000	223.90
9.01667	223.90
9.03333	223.90
9.05000	223.90
9.06667	223.90
9.08333	223.90
9.10000	223.90
9.11667	223.90
9.13333	223.90
9.15000	223.90
9.16667	223.90
9.18333	223.90
9.20000	223.90
9.21667	223.90
9.23333	223.90
9.25000	223.90
9.26667	223.90
9.28333	223.90
9.30000	223.90
9.31667	223.90
9.33333	223.90
9.35000	223.90
9.36667	223.90
9.38333	223.90
9.40000	223.90
9.41667	223.90
9.43333	223.90
9.45000	223.90
9.46667	223.90
9.48333	223.90
9.50000	223.90
9.51667	223.90
9.53333	223.90
9.55000	223.90
9.56667	223.90
9.58333	223.90
9.60000	223.90
9.61667	223.90
9.63333	223.90
9.65000	223.90
9.66667	223.90
9.68333	223.90
9.70000	223.90
9.71667	223.90
9.73333	223.90
9.75000	223.90
9.76667	223.90
9.78333	223.90
9.80000	223.90
9.81667	223.90
9.83333	223.90
9.85000	223.90
9.86667	223.90
9.88333	223.90
9.90000	223.90
9.91667	223.90
9.93333	223.90
9.95000	223.90
9.96667	223.90
9.98333	223.90
10.00000	223.90
10.01667	223.90
10.03333	223.90
10.05000	223.90
10.06667	223.90
10.08333	223.90
10.10000	223.90
10.11667	223.90
10.13333	223.90
10.15000	223.90
10.16667	223.90
10.18333	223.90
10.20000	223.90
10.21667	223.90
10.23333	223.90
10.25000	223.90
10.26667	223.90
10.28333	223.90
10.30000	223.90
10.31667	223.90
10.33333	223.90
10.35000	223.90
10.36667	223.90
10.38333	223.90
10.40000	223.90
10.41667	223.90
10.43333	223.90
10.45000	223.90
10.46667	223.90
10.48333	223.90
10.50000	223.90
10.51667	223.90
10.53333	223.90
10.55000	223.90
10.56667	223.90
10.58333	223.90
10.60000	223.90
10.61667	223.90
10.63333	223.90
10.65000	223.90
10.66667	223.90
10.68333	223.90
10.70000	223.90
10.71667	223.90
10.73333	223.90
10.75000	223.90
10.76667	223.90
10.78333	223.90
10.80000	223.90
10.81667	223.90
10.83333	223.90
10.85000	223.90
10.86667	223.90
10.88333	223.90
10.90000	223.90
10.91667	223.90
10.93333	223.90
10.95000	223.90
10.96667	223.90
10.98333	223.90
11.00000	223.90
11.01667	223.90
11.03333	223.90
11.05000	223.90
11.06667	223.90
11.08333	223.90
11.10000	223.90
11.11667	223.90
11.13333	223.90
11.15000	223.90
11.16667	223.90
11.18333	223.90
11.20000	223.90
11.21667	223.90
11.23333	223.90
11.25000	223.90
11.26667	223.90
11.28333	223.90
11.30000	223.90
11.31667	223.90
11.33333	223.90
11.35000	223.90
11.36667	223.90
11.38333	223.90
11.40000	223.90
11.41667	223.90
11.43333	223.90
11.45000	223.90
11.46667	223.90
11.48333	223.90
11.50000	223.90
11.51667	223.90
11.53333	223.90
11.55000	223.90
11.56667	223.90
11.58333	223.90
11.60000	223.90
11.61667	223.90
11.63333	223.90
11.65000	223.90
11.66667	223.90
11.68333	223.90
11.70000	223.90
11.71667	223.90
11.73333	223.90
11.75000	223.90
11.76667	223.90
11.78333	223.90
11.80000	223.90
11.81667	223.90
11.83333	223.90
11.85000	223.90
11.86667	223.90
11.88333	223.90
11.90000	223.90
11.91667	223.90
11.93333	223.90
11.95000	223.90
11.96667	223.90
11.98333	223.90
12.00000	223.90
12.01667	223.90
12.03333	223.90
12.05000	223.90
12.06667	223.90
12.08333	223.90
12.10000	223.90
12.11667	223.90
12.13333	223.90
12.15000	223.90
12.16667	223.90
12.18333	223.90
12.20000	223.90
12.21667	223.90
12.23333	223.90
12.25000	223.90
12.26667	223.90
12.28333	223.90
12.30000	223.90
12.31667	223.90
12.33333	223.90
12.35000	223.90
12.36667	223.90
12.38333	223.90
12.40000	223.90
12.41667	223.90
12.43333	223.90
12.45000	223.90
12.46667	223.90
12.48333	223.90
12.50000	223.90
12.51667	223.90
12.53333	223.90
12.55000	223.90
12.56667	223.90
12.58333	223.90
12.60000	223.90
12.61667	223.90
12.63333	223.90
12.65000	223.90
12.66667	223.90
12.68333	223.90
12.70000	223.90
12.71667	223.90
12.73333	223.90
12.75000	223.90
12.76667	223.90
12.78333	223.90
12.80000	223.90
12.81667	223.90
12.83333	223.90
12.85000	223.90
12.86667	223.90
12.88333	223.90
12.90000	223.90
12.91667	223.90
12.93333	223.90
12.95000	223.90
12.96667	223.90
12.98333	223.90
13.00000	223.90
13.01667	223.90
13.03333	223.90
13.05000	223.90
13.06667	223.90
13.08333	223.90
13.10000	223.90
13.11667	223.90
13.13333	223.90
13.15000	223.90
13.16667	223.90
13.18333	223.90
13.20000	223.90
13.21667	223.90
13.23333	223.90
13.25000	223.90
13.26667	223.90
13.28333	223.90
13.30000	223.90
13.31667	223.90
13.33333	223.90
13.35000	223.90
13.36667	223.90
13.38333	223.90
13.40000	223.90
13.41667	223.90
13.43333	223.90
13.45000	223.90
13.46667	223.90
13.48333	223.90
13.50000	223.90
13.51667	223.90
13.53333	223.90
13.55000	223.90
13.56667	223.90
13.58333	223.90
13.60000	223.90
13.61667	223.90
13.63333	223.90
13.65000	223.90
13.66667	223.90
13.68333	223.90
13.70000	223.90
13.71667	223.90
13.73333	223.90
13.75000	223.90
13.76667	223.90
13.78333	223.90
13.80000	223.90
13.81667	223.90
13.83333	223.90
13.85000	223.90
13.86667	223.90
13.88333	223.90
13.90000	223.90
13.91667	223.90
13.93333	223.90
13.95000	223.90
13.96667	223.90
13.98333	223.90
14.00000	223.90
14.01667	223.90
14.03333	223.90
14.05000	223.90
14.06667	223.90
14.08333	223.90
14.10000	223.90
14.11667	223.90
14.13333	223.90
14.15000	223.90
14.16667	223.90
14.18333	223.90
14.20000	223.90
14.21667	223.90
14.23333	223.90
14.25000	223.90
14.26667	223.90
14.28333	223.90
14.30000	223.90
14.31667	223.90
14.33333	223.90
14.35000	223.90
14.36667	223.90
14.38333	223.90
14.40000	223.90
14.41667	223.90
14.43333	223.90
14.45000	223.90
14.46667	223.90
14.48333	223.90
14.50000	223.90
14.51667	223.90
14.53333	223.90
14.55000	223.90
14.56667	223.90
14.58333	223.90
14.60000	223.90
14.61667	223.90
14.63333	223.90
14.65000	223.90
14.66667	223.90
14.68333	223.90
14.70000	223.90
14.71667	223.90
14.73333	223.90
14.75000	223.90
14.76667	223.90
14.78333	223.90
14.80000	223.90
14.81667	223.90
14.83333	223.90
14.85000	223.90
14.86667	223.90
14.88333	223.90
14.90000	223.90
14.91667	223.90
14.93333	223.90
14.95000	223.90
14.96667	223.90
14.98333	223.90
15.00000	223.90

[Fraction Collection Report]
# of Fractions	0
