[Header]
Application Name	LabSolutions
Version	5.113
Data File Name	C:\LabSolutions\Data\Andreas\250414_tauJB6Solubility150mMNaClpH7p4_4142025_1808_7uMtau_700nMJB6_4h001_001_24.lcd
Output Date	5/26/2025
Output Time	4:41:43 PM

[File Information]
Type	Data File
Generated	4/15/2025 4:41:36 AM
Generated by	System Administrator
Modified	4/15/2025 6:33:27 PM
Modified by	System Administrator

[Sample Information]
Operator Name	System Administrator
Acquired	4/15/2025 4:42:16 AM
Sample Type	0:Unknown
Level	0
Sample Name	7uMtau_700nMJB6_4h001
Sample ID	001
ISTD Amount1	1
ISTD Amount2	1
ISTD Amount3	1
ISTD Amount4	1
ISTD Amount5	1
ISTD Amount6	1
ISTD Amount7	1
ISTD Amount8	1
ISTD Amount9	1
ISTD Amount10	1
ISTD Amount11	1
ISTD Amount12	1
ISTD Amount13	1
ISTD Amount14	1
ISTD Amount15	1
ISTD Amount16	1
ISTD Amount17	1
ISTD Amount18	1
ISTD Amount19	1
ISTD Amount20	1
ISTD Amount21	1
ISTD Amount22	1
ISTD Amount23	1
ISTD Amount24	1
ISTD Amount25	1
ISTD Amount26	1
ISTD Amount27	1
ISTD Amount28	1
ISTD Amount29	1
ISTD Amount30	1
ISTD Amount31	1
ISTD Amount32	1
Sample Amount	1
Dilution Factor	1
Vial#	D10
Injection Volume	40
Injection Count	0
Bar Code	

[Original Files]
Data File	C:\LabSolutions\Data\Andreas\250414_tauJB6Solubility150mMNaClpH7p4_4142025_1808_7uMtau_700nMJB6_4h001_001_24.lcd
Method File	C:\LabSolutions\Data\Andreas\BioShell_Tau-fragment_MS_QC+Quant.lcm
Batch File	C:\LabSolutions\Data\Andreas\250414_tauJB6Solubility150mMNaClpH7p4_4142025_1808.lcb
Report Format File	C:\LabSolutions\System\DEFAULT.lsr
Tuning File	C:\LabSolutions\Data\Max\Tuning 240115 no mz or resolution-max.lct

[File Description]


[Configuration]
Instrument Name	LCMSShimadzu
Instrument #	2
Line #	1
# of Detectors	2
Detector ID	Detector A	MS
Detector Name	Detector A	MS
# of Channels	2	1

[Peak Table(Detector A-Ch1)]
# of Peaks	17
Peak#	R.Time	I.Time	F.Time	Area	Height	A/H	Conc.	Mark	ID#	Name	k'	Plate #	Plate Ht.	Tailing	Resolution	Sep.Factor	Area Ratio	Height Ratio	Conc. %	Norm Conc.
1	0.522	0.500	0.640	2127	517	4.115	0.000	   			0.000	400	374.880	2.867	0.000	0.000	0	0	0.000	0.000
2	2.995	2.970	3.032	1212	785	1.544	0.000	   			4.741	73908	2.030	1.184	33.337	0.000	0	0	0.000	0.000
3	3.283	3.135	3.283	6027	2895	2.082	0.000	   M			5.294	0	0.000	0.000	0.000	1.117	0	0	0.000	0.000
4	3.313	3.283	3.352	21646	8921	2.426	0.000	 V M			5.351	38955	3.851	0.000	0.000	1.011	0	0	0.000	0.000
5	3.395	3.352	3.442	23705	7652	3.098	0.000	 V M			5.508	33571	4.468	0.000	1.156	1.029	0	0	0.000	0.000
6	3.482	3.442	3.482	15869	13214	1.201	0.000	 V M			5.674	0	0.000	0.000	0.000	1.030	0	0	0.000	0.000
7	3.527	3.482	3.535	260384	155890	1.670	0.000	 V M			5.760	18440	8.135	0.000	0.000	1.015	0	0	0.000	0.000
8	3.570	3.535	3.960	5178527	1722917	3.006	167.833	SV M	1	tau_205	5.843	37356	4.015	0.000	0.488	1.014	0	0	40.168	100.000
9	3.697	3.687	3.712	473	553	0.857	0.000	T  			6.086	337571	0.444	1.207	2.550	1.042	0	0	0.000	0.000
10	3.807	3.785	3.828	1648	1194	1.380	0.000	T  			6.297	157508	0.952	0.000	3.447	1.035	0	0	0.000	0.000
11	3.847	3.828	3.875	1341	855	1.569	0.000	TV 			6.374	108016	1.389	0.000	0.939	1.012	0	0	0.000	0.000
12	3.913	3.887	3.953	2781	1834	1.516	0.000	T  			6.502	138026	1.087	1.273	1.499	1.020	0	0	0.000	0.000
13	4.418	4.348	4.477	3975	1668	2.383	0.000	   			7.470	94526	1.587	0.904	10.139	1.149	0	0	0.000	0.000
14	4.992	4.770	5.392	2080019	791581	2.628	0.000	S  			8.569	92032	1.630	1.353	9.300	1.147	0	0	0.000	0.000
15	5.112	5.087	5.132	5648	3448	1.638	0.000	T  			8.799	156309	0.960	0.000	2.042	1.027	0	0	0.000	0.000
16	5.155	5.132	5.187	9425	4718	1.998	0.000	TV 			8.882	129801	1.156	0.000	0.795	1.009	0	0	0.000	0.000
17	5.202	5.187	5.232	2061	1269	1.624	0.000	TV 			8.971	69543	2.157	0.000	0.686	1.010	0	0	0.000	0.000

[Peak Table(Detector A-Ch2)]
# of Peaks	19
Peak#	R.Time	I.Time	F.Time	Area	Height	A/H	Conc.	Mark	ID#	Name	k'	Plate #	Plate Ht.	Tailing	Resolution	Sep.Factor	Area Ratio	Height Ratio	Conc. %	Norm Conc.
1	0.677	0.630	0.730	70	26	2.738	0.000	   			0.000	1746	85.886	1.082	0.000	0.000	0	0	0.000	0.000
2	0.947	0.922	1.012	43	13	3.373	0.000	   			0.399	2164	69.315	1.803	3.694	0.000	0	0	0.000	0.000
3	1.148	1.062	1.205	118	21	5.607	0.000	   			0.697	1164	128.867	0.000	1.867	1.747	0	0	0.000	0.000
4	1.422	1.205	1.478	428	38	11.335	0.000	 V 			1.101	401	374.077	0.000	1.306	1.580	0	0	0.000	0.000
5	1.583	1.478	1.645	257	33	7.848	0.000	 V 			1.340	835	179.656	0.000	0.643	1.217	0	0	0.000	0.000
6	1.677	1.645	1.713	54	26	2.049	0.000	 V 			1.478	15569	9.635	0.000	0.684	1.103	0	0	0.000	0.000
7	2.082	2.035	2.158	116	37	3.143	0.000	   			2.076	9608	15.613	1.122	5.840	1.405	0	0	0.000	0.000
8	2.595	2.545	2.643	55	19	2.976	0.000	   			2.835	29780	5.037	0.980	7.076	1.365	0	0	0.000	0.000
9	2.998	2.973	3.052	64	38	1.715	0.000	   			3.431	70875	2.116	1.094	7.668	1.210	0	0	0.000	0.000
10	3.400	3.337	3.428	90	38	2.392	0.000	   			4.025	54699	2.742	0.000	7.784	1.173	0	0	0.000	0.000
11	3.527	3.428	3.535	1504	892	1.685	0.000	 V 			4.212	5064	29.621	0.000	0.988	1.047	0	0	0.000	0.000
12	3.570	3.535	3.882	45379	18447	2.460	249.997	SV 	2	tau_280	4.276	49449	3.033	1.391	0.330	1.015	0	0	59.832	100.000
13	3.850	3.812	3.867	32	18	1.807	0.000	T  			4.690	108667	1.380	0.717	5.048	1.097	0	0	0.000	0.000
14	4.393	4.317	4.440	87	21	4.159	0.000	   			5.493	79823	1.879	0.784	9.977	1.171	0	0	0.000	0.000
15	4.567	4.545	4.592	28	16	1.732	0.000	   			5.749	153765	0.976	1.054	3.187	1.047	0	0	0.000	0.000
16	4.993	4.880	5.252	34355	13541	2.537	0.000	S  			6.379	98367	1.525	1.325	7.739	1.110	0	0	0.000	0.000
17	5.112	5.087	5.135	113	68	1.669	0.000	T  			6.554	181831	0.825	0.000	2.120	1.027	0	0	0.000	0.000
18	5.155	5.135	5.187	106	62	1.706	0.000	TV 			6.618	175175	0.856	0.000	0.891	1.010	0	0	0.000	0.000
19	5.577	5.498	5.672	113	18	6.272	0.000	   			7.241	39916	3.758	1.112	5.241	1.094	0	0	0.000	0.000

[Compound Results(Detector A)]
# of IDs	2
ID#	Name	R.Time	Area	Height	Conc.	Curve	3rd	2nd	1st	Constant	Area Ratio	Height Ratio	Conc. %	Norm Conc.
1	tau_205	3.570	5178527	1722917	167.833	Linear	0.000000e+00	0.000000e+00	3.083937e+004	2.648347e+003	0	0	40.168	40.168
2	tau_280	3.570	45379	18447	249.997	Linear	0.000000e+00	0.000000e+00	1.814731e+002	1.094426e+001	0	0	59.832	59.832

[Group Results(Detector A)]
# of Groups	0

[LC Chromatogram(Detector A-Ch1)]
Interval(msec)	100
# of Points	9001
Start Time(min)	0.000
End Time(min)	15.000
Intensity Units	mAU
Intensity Multiplier	0.001
Wavelength(nm)	205nm
R.Time (min)	Intensity
0.00000	-1638
0.00167	-1638
0.00333	-1638
0.00500	-1638
0.00667	-1639
0.00833	-0
0.01000	-2
0.01167	-3
0.01333	-5
0.01500	-6
0.01667	-8
0.01833	-10
0.02000	-11
0.02167	-12
0.02333	-12
0.02500	-13
0.02667	-13
0.02833	0
0.03000	1
0.03167	1
0.03333	3
0.03500	4
0.03667	4
0.03833	4
0.04000	4
0.04167	4
0.04333	3
0.04500	3
0.04667	4
0.04833	5
0.05000	7
0.05167	9
0.05333	11
0.05500	12
0.05667	14
0.05833	16
0.06000	18
0.06167	17
0.06333	15
0.06500	12
0.06667	6
0.06833	1
0.07000	-3
0.07167	-6
0.07333	-8
0.07500	-9
0.07667	-10
0.07833	-10
0.08000	-10
0.08167	-9
0.08333	-8
0.08500	-7
0.08667	-8
0.08833	-11
0.09000	-15
0.09167	-21
0.09333	-28
0.09500	-33
0.09667	-38
0.09833	-43
0.10000	-48
0.10167	-52
0.10333	-56
0.10500	-58
0.10667	-60
0.10833	-61
0.11000	-62
0.11167	-63
0.11333	-64
0.11500	-66
0.11667	-67
0.11833	-68
0.12000	-69
0.12167	-70
0.12333	-71
0.12500	-73
0.12667	-74
0.12833	-75
0.13000	-77
0.13167	-79
0.13333	-82
0.13500	-84
0.13667	-87
0.13833	-91
0.14000	-94
0.14167	-99
0.14333	-104
0.14500	-108
0.14667	-112
0.14833	-115
0.15000	-119
0.15167	-123
0.15333	-124
0.15500	-125
0.15667	-124
0.15833	-123
0.16000	-121
0.16167	-121
0.16333	-121
0.16500	-121
0.16667	-123
0.16833	-125
0.17000	-127
0.17167	-130
0.17333	-134
0.17500	-138
0.17667	-142
0.17833	-145
0.18000	-146
0.18167	-146
0.18333	-146
0.18500	-146
0.18667	-145
0.18833	-145
0.19000	-145
0.19167	-145
0.19333	-145
0.19500	-145
0.19667	-145
0.19833	-144
0.20000	-144
0.20167	-143
0.20333	-143
0.20500	-142
0.20667	-142
0.20833	-142
0.21000	-141
0.21167	-141
0.21333	-141
0.21500	-141
0.21667	-141
0.21833	-141
0.22000	-140
0.22167	-140
0.22333	-138
0.22500	-137
0.22667	-228
0.22833	-491
0.23000	-949
0.23167	-1603
0.23333	-2453
0.23500	-3996
0.23667	-6712
0.23833	-10796
0.24000	-16325
0.24167	-23296
0.24333	-27998
0.24500	-27662
0.24667	-22014
0.24833	-11487
0.25000	3407
0.25167	21069
0.25333	41164
0.25500	64702
0.25667	92773
0.25833	126145
0.26000	156600
0.26167	178847
0.26333	193812
0.26500	203768
0.26667	210711
0.26833	212473
0.27000	207023
0.27167	194242
0.27333	174531
0.27500	148348
0.27667	120350
0.27833	92850
0.28000	64573
0.28167	33661
0.28333	-1357
0.28500	-34199
0.28667	-61128
0.28833	-83609
0.29000	-104060
0.29167	-124481
0.29333	-142476
0.29500	-156624
0.29667	-167968
0.29833	-177909
0.30000	-187564
0.30167	-196198
0.30333	-203435
0.30500	-209850
0.30667	-216111
0.30833	-222725
0.31000	-228833
0.31167	-233947
0.31333	-238401
0.31500	-242653
0.31667	-247061
0.31833	-250413
0.32000	-251827
0.32167	-251369
0.32333	-249327
0.32500	-245970
0.32667	-241198
0.32833	-234645
0.33000	-225958
0.33167	-214873
0.33333	-201236
0.33500	-186783
0.33667	-172241
0.33833	-156820
0.34000	-139549
0.34167	-119686
0.34333	-99953
0.34500	-81718
0.34667	-63933
0.34833	-45206
0.35000	-24447
0.35167	-5084
0.35333	10858
0.35500	24301
0.35667	36678
0.35833	49158
0.36000	59704
0.36167	66972
0.36333	71468
0.36500	74035
0.36667	75383
0.36833	75615
0.37000	74700
0.37167	72709
0.37333	69721
0.37500	65803
0.37667	61479
0.37833	56950
0.38000	51986
0.38167	46305
0.38333	39692
0.38500	32915
0.38667	26301
0.38833	19464
0.39000	11935
0.39167	3357
0.39333	-5177
0.39500	-13138
0.39667	-20994
0.39833	-29348
0.40000	-38669
0.40167	-47744
0.40333	-55953
0.40500	-63791
0.40667	-71908
0.40833	-80817
0.41000	-89366
0.41167	-96949
0.41333	-104035
0.41500	-111246
0.41667	-119069
0.41833	-126515
0.42000	-133059
0.42167	-139113
0.42333	-145222
0.42500	-151815
0.42667	-158083
0.42833	-163604
0.43000	-168730
0.43167	-173919
0.43333	-179532
0.43500	-184901
0.43667	-189683
0.43833	-194185
0.44000	-198797
0.44167	-203824
0.44333	-208540
0.44500	-212533
0.44667	-216048
0.44833	-219433
0.45000	-222953
0.45167	-224164
0.45333	-221102
0.45500	-213461
0.45667	-201438
0.45833	-185325
0.46000	-167791
0.46167	-150080
0.46333	-131358
0.46500	-110475
0.46667	-86542
0.46833	-64669
0.47000	-48081
0.47167	-35961
0.47333	-26673
0.47500	-18808
0.47667	-12671
0.47833	-8469
0.48000	-5717
0.48167	-3885
0.48333	-2566
0.48500	-1635
0.48667	-1020
0.48833	-612
0.49000	-322
0.49167	-90
0.49333	93
0.49500	229
0.49667	337
0.49833	432
0.50000	525
0.50167	607
0.50333	675
0.50500	733
0.50667	787
0.50833	842
0.51000	890
0.51167	926
0.51333	953
0.51500	973
0.51667	991
0.51833	1004
0.52000	1011
0.52167	1013
0.52333	1010
0.52500	1005
0.52667	998
0.52833	991
0.53000	983
0.53167	974
0.53333	963
0.53500	953
0.53667	945
0.53833	937
0.54000	930
0.54167	922
0.54333	915
0.54500	907
0.54667	900
0.54833	893
0.55000	885
0.55167	876
0.55333	868
0.55500	859
0.55667	849
0.55833	838
0.56000	827
0.56167	816
0.56333	804
0.56500	791
0.56667	776
0.56833	761
0.57000	746
0.57167	729
0.57333	711
0.57500	690
0.57667	669
0.57833	651
0.58000	633
0.58167	616
0.58333	596
0.58500	579
0.58667	564
0.58833	553
0.59000	542
0.59167	532
0.59333	522
0.59500	513
0.59667	505
0.59833	496
0.60000	486
0.60167	476
0.60333	467
0.60500	459
0.60667	451
0.60833	441
0.61000	433
0.61167	425
0.61333	419
0.61500	413
0.61667	407
0.61833	401
0.62000	395
0.62167	389
0.62333	382
0.62500	375
0.62667	369
0.62833	363
0.63000	359
0.63167	354
0.63333	350
0.63500	347
0.63667	344
0.63833	341
0.64000	338
0.64167	335
0.64333	332
0.64500	330
0.64667	328
0.64833	326
0.65000	323
0.65167	321
0.65333	320
0.65500	320
0.65667	320
0.65833	321
0.66000	322
0.66167	322
0.66333	323
0.66500	324
0.66667	325
0.66833	326
0.67000	327
0.67167	327
0.67333	328
0.67500	329
0.67667	329
0.67833	328
0.68000	326
0.68167	324
0.68333	320
0.68500	316
0.68667	312
0.68833	308
0.69000	303
0.69167	298
0.69333	293
0.69500	288
0.69667	285
0.69833	281
0.70000	277
0.70167	274
0.70333	271
0.70500	269
0.70667	267
0.70833	265
0.71000	263
0.71167	262
0.71333	261
0.71500	260
0.71667	259
0.71833	258
0.72000	257
0.72167	256
0.72333	255
0.72500	254
0.72667	253
0.72833	253
0.73000	254
0.73167	255
0.73333	257
0.73500	258
0.73667	260
0.73833	261
0.74000	263
0.74167	264
0.74333	265
0.74500	268
0.74667	270
0.74833	274
0.75000	278
0.75167	282
0.75333	287
0.75500	291
0.75667	295
0.75833	300
0.76000	304
0.76167	308
0.76333	310
0.76500	311
0.76667	312
0.76833	313
0.77000	314
0.77167	315
0.77333	316
0.77500	317
0.77667	319
0.77833	320
0.78000	322
0.78167	325
0.78333	327
0.78500	330
0.78667	332
0.78833	335
0.79000	339
0.79167	343
0.79333	347
0.79500	350
0.79667	353
0.79833	356
0.80000	360
0.80167	364
0.80333	368
0.80500	373
0.80667	379
0.80833	386
0.81000	392
0.81167	397
0.81333	400
0.81500	403
0.81667	405
0.81833	406
0.82000	405
0.82167	402
0.82333	397
0.82500	390
0.82667	383
0.82833	375
0.83000	367
0.83167	359
0.83333	349
0.83500	340
0.83667	332
0.83833	325
0.84000	318
0.84167	311
0.84333	305
0.84500	300
0.84667	297
0.84833	295
0.85000	293
0.85167	290
0.85333	287
0.85500	283
0.85667	277
0.85833	271
0.86000	264
0.86167	258
0.86333	252
0.86500	247
0.86667	241
0.86833	235
0.87000	230
0.87167	226
0.87333	221
0.87500	216
0.87667	212
0.87833	208
0.88000	206
0.88167	204
0.88333	202
0.88500	199
0.88667	197
0.88833	195
0.89000	193
0.89167	190
0.89333	187
0.89500	185
0.89667	183
0.89833	182
0.90000	180
0.90167	179
0.90333	179
0.90500	179
0.90667	179
0.90833	180
0.91000	180
0.91167	180
0.91333	179
0.91500	176
0.91667	174
0.91833	171
0.92000	170
0.92167	169
0.92333	171
0.92500	173
0.92667	175
0.92833	177
0.93000	179
0.93167	181
0.93333	182
0.93500	183
0.93667	182
0.93833	180
0.94000	176
0.94167	171
0.94333	166
0.94500	162
0.94667	159
0.94833	156
0.95000	154
0.95167	153
0.95333	152
0.95500	152
0.95667	153
0.95833	155
0.96000	156
0.96167	157
0.96333	156
0.96500	153
0.96667	150
0.96833	147
0.97000	144
0.97167	143
0.97333	142
0.97500	141
0.97667	142
0.97833	142
0.98000	144
0.98167	146
0.98333	148
0.98500	150
0.98667	151
0.98833	151
0.99000	151
0.99167	150
0.99333	149
0.99500	148
0.99667	148
0.99833	148
1.00000	149
1.00167	150
1.00333	151
1.00500	153
1.00667	155
1.00833	157
1.01000	160
1.01167	162
1.01333	164
1.01500	166
1.01667	168
1.01833	170
1.02000	171
1.02167	170
1.02333	169
1.02500	166
1.02667	164
1.02833	162
1.03000	160
1.03167	158
1.03333	156
1.03500	154
1.03667	153
1.03833	153
1.04000	153
1.04167	154
1.04333	155
1.04500	154
1.04667	153
1.04833	151
1.05000	148
1.05167	146
1.05333	145
1.05500	144
1.05667	145
1.05833	146
1.06000	147
1.06167	149
1.06333	151
1.06500	153
1.06667	155
1.06833	157
1.07000	159
1.07167	160
1.07333	161
1.07500	162
1.07667	163
1.07833	164
1.08000	166
1.08167	169
1.08333	173
1.08500	176
1.08667	179
1.08833	182
1.09000	183
1.09167	185
1.09333	187
1.09500	187
1.09667	187
1.09833	185
1.10000	183
1.10167	181
1.10333	179
1.10500	178
1.10667	177
1.10833	176
1.11000	176
1.11167	176
1.11333	176
1.11500	177
1.11667	179
1.11833	180
1.12000	181
1.12167	181
1.12333	180
1.12500	178
1.12667	177
1.12833	176
1.13000	175
1.13167	175
1.13333	176
1.13500	176
1.13667	177
1.13833	178
1.14000	179
1.14167	180
1.14333	182
1.14500	183
1.14667	185
1.14833	186
1.15000	188
1.15167	190
1.15333	192
1.15500	195
1.15667	198
1.15833	201
1.16000	205
1.16167	207
1.16333	209
1.16500	211
1.16667	212
1.16833	213
1.17000	213
1.17167	214
1.17333	214
1.17500	214
1.17667	214
1.17833	215
1.18000	216
1.18167	217
1.18333	218
1.18500	220
1.18667	221
1.18833	222
1.19000	223
1.19167	224
1.19333	225
1.19500	226
1.19667	226
1.19833	226
1.20000	226
1.20167	226
1.20333	226
1.20500	226
1.20667	226
1.20833	227
1.21000	227
1.21167	228
1.21333	229
1.21500	230
1.21667	232
1.21833	233
1.22000	234
1.22167	235
1.22333	235
1.22500	235
1.22667	234
1.22833	234
1.23000	234
1.23167	233
1.23333	233
1.23500	233
1.23667	232
1.23833	232
1.24000	231
1.24167	231
1.24333	231
1.24500	231
1.24667	233
1.24833	236
1.25000	239
1.25167	243
1.25333	248
1.25500	252
1.25667	257
1.25833	263
1.26000	268
1.26167	272
1.26333	274
1.26500	274
1.26667	275
1.26833	275
1.27000	275
1.27167	277
1.27333	280
1.27500	283
1.27667	287
1.27833	290
1.28000	291
1.28167	293
1.28333	294
1.28500	294
1.28667	294
1.28833	294
1.29000	293
1.29167	292
1.29333	291
1.29500	292
1.29667	293
1.29833	296
1.30000	300
1.30167	304
1.30333	306
1.30500	308
1.30667	309
1.30833	310
1.31000	311
1.31167	311
1.31333	311
1.31500	312
1.31667	312
1.31833	312
1.32000	313
1.32167	313
1.32333	314
1.32500	315
1.32667	316
1.32833	318
1.33000	319
1.33167	322
1.33333	324
1.33500	327
1.33667	330
1.33833	334
1.34000	337
1.34167	341
1.34333	345
1.34500	349
1.34667	353
1.34833	357
1.35000	362
1.35167	367
1.35333	371
1.35500	374
1.35667	377
1.35833	379
1.36000	381
1.36167	383
1.36333	384
1.36500	384
1.36667	383
1.36833	384
1.37000	385
1.37167	387
1.37333	391
1.37500	395
1.37667	400
1.37833	405
1.38000	410
1.38167	415
1.38333	421
1.38500	426
1.38667	430
1.38833	434
1.39000	437
1.39167	439
1.39333	442
1.39500	443
1.39667	443
1.39833	443
1.40000	442
1.40167	441
1.40333	440
1.40500	440
1.40667	440
1.40833	440
1.41000	441
1.41167	443
1.41333	446
1.41500	451
1.41667	456
1.41833	462
1.42000	467
1.42167	473
1.42333	478
1.42500	484
1.42667	489
1.42833	495
1.43000	500
1.43167	505
1.43333	511
1.43500	517
1.43667	521
1.43833	526
1.44000	530
1.44167	535
1.44333	539
1.44500	543
1.44667	547
1.44833	550
1.45000	554
1.45167	559
1.45333	563
1.45500	567
1.45667	572
1.45833	577
1.46000	583
1.46167	588
1.46333	593
1.46500	598
1.46667	604
1.46833	610
1.47000	615
1.47167	621
1.47333	628
1.47500	636
1.47667	643
1.47833	649
1.48000	655
1.48167	661
1.48333	668
1.48500	674
1.48667	679
1.48833	684
1.49000	688
1.49167	693
1.49333	698
1.49500	703
1.49667	710
1.49833	718
1.50000	727
1.50167	737
1.50333	746
1.50500	755
1.50667	764
1.50833	775
1.51000	786
1.51167	795
1.51333	804
1.51500	813
1.51667	823
1.51833	833
1.52000	843
1.52167	852
1.52333	862
1.52500	873
1.52667	883
1.52833	893
1.53000	902
1.53167	912
1.53333	922
1.53500	933
1.53667	942
1.53833	952
1.54000	962
1.54167	973
1.54333	984
1.54500	995
1.54667	1005
1.54833	1015
1.55000	1027
1.55167	1039
1.55333	1050
1.55500	1062
1.55667	1075
1.55833	1089
1.56000	1104
1.56167	1117
1.56333	1130
1.56500	1143
1.56667	1157
1.56833	1171
1.57000	1184
1.57167	1195
1.57333	1206
1.57500	1219
1.57667	1231
1.57833	1243
1.58000	1256
1.58167	1271
1.58333	1287
1.58500	1304
1.58667	1318
1.58833	1332
1.59000	1346
1.59167	1361
1.59333	1376
1.59500	1388
1.59667	1399
1.59833	1410
1.60000	1421
1.60167	1432
1.60333	1444
1.60500	1456
1.60667	1470
1.60833	1487
1.61000	1504
1.61167	1519
1.61333	1533
1.61500	1548
1.61667	1563
1.61833	1578
1.62000	1592
1.62167	1605
1.62333	1618
1.62500	1633
1.62667	1649
1.62833	1664
1.63000	1680
1.63167	1699
1.63333	1721
1.63500	1742
1.63667	1761
1.63833	1779
1.64000	1798
1.64167	1818
1.64333	1838
1.64500	1856
1.64667	1873
1.64833	1891
1.65000	1911
1.65167	1930
1.65333	1948
1.65500	1967
1.65667	1986
1.65833	2009
1.66000	2030
1.66167	2050
1.66333	2069
1.66500	2089
1.66667	2111
1.66833	2133
1.67000	2152
1.67167	2171
1.67333	2191
1.67500	2213
1.67667	2234
1.67833	2254
1.68000	2274
1.68167	2294
1.68333	2316
1.68500	2338
1.68667	2358
1.68833	2378
1.69000	2398
1.69167	2421
1.69333	2443
1.69500	2464
1.69667	2484
1.69833	2506
1.70000	2530
1.70167	2553
1.70333	2574
1.70500	2594
1.70667	2616
1.70833	2639
1.71000	2662
1.71167	2683
1.71333	2703
1.71500	2724
1.71667	2747
1.71833	2770
1.72000	2791
1.72167	2812
1.72333	2834
1.72500	2858
1.72667	2883
1.72833	2906
1.73000	2929
1.73167	2955
1.73333	2983
1.73500	3011
1.73667	3036
1.73833	3060
1.74000	3084
1.74167	3111
1.74333	3136
1.74500	3159
1.74667	3180
1.74833	3202
1.75000	3225
1.75167	3248
1.75333	3270
1.75500	3291
1.75667	3314
1.75833	3339
1.76000	3365
1.76167	3389
1.76333	3413
1.76500	3438
1.76667	3467
1.76833	3495
1.77000	3521
1.77167	3546
1.77333	3571
1.77500	3599
1.77667	3626
1.77833	3650
1.78000	3672
1.78167	3694
1.78333	3717
1.78500	3741
1.78667	3762
1.78833	3784
1.79000	3807
1.79167	3833
1.79333	3858
1.79500	3882
1.79667	3906
1.79833	3930
1.80000	3958
1.80167	3985
1.80333	4009
1.80500	4033
1.80667	4058
1.80833	4085
1.81000	4111
1.81167	4135
1.81333	4159
1.81500	4184
1.81667	4211
1.81833	4238
1.82000	4262
1.82167	4285
1.82333	4310
1.82500	4336
1.82667	4362
1.82833	4386
1.83000	4410
1.83167	4435
1.83333	4462
1.83500	4489
1.83667	4515
1.83833	4540
1.84000	4566
1.84167	4595
1.84333	4624
1.84500	4650
1.84667	4674
1.84833	4700
1.85000	4728
1.85167	4755
1.85333	4779
1.85500	4802
1.85667	4826
1.85833	4852
1.86000	4878
1.86167	4902
1.86333	4925
1.86500	4951
1.86667	4979
1.86833	5007
1.87000	5032
1.87167	5057
1.87333	5084
1.87500	5113
1.87667	5141
1.87833	5166
1.88000	5190
1.88167	5214
1.88333	5241
1.88500	5267
1.88667	5291
1.88833	5315
1.89000	5340
1.89167	5367
1.89333	5394
1.89500	5418
1.89667	5441
1.89833	5466
1.90000	5492
1.90167	5518
1.90333	5542
1.90500	5565
1.90667	5589
1.90833	5617
1.91000	5643
1.91167	5668
1.91333	5692
1.91500	5717
1.91667	5744
1.91833	5771
1.92000	5796
1.92167	5819
1.92333	5844
1.92500	5871
1.92667	5897
1.92833	5922
1.93000	5946
1.93167	5972
1.93333	6000
1.93500	6028
1.93667	6053
1.93833	6078
1.94000	6103
1.94167	6132
1.94333	6160
1.94500	6185
1.94667	6211
1.94833	6238
1.95000	6269
1.95167	6299
1.95333	6327
1.95500	6354
1.95667	6382
1.95833	6413
1.96000	6443
1.96167	6470
1.96333	6495
1.96500	6520
1.96667	6547
1.96833	6573
1.97000	6597
1.97167	6620
1.97333	6643
1.97500	6669
1.97667	6695
1.97833	6718
1.98000	6741
1.98167	6766
1.98333	6793
1.98500	6820
1.98667	6845
1.98833	6869
1.99000	6894
1.99167	6922
1.99333	6949
1.99500	6973
1.99667	6996
1.99833	7019
2.00000	7045
2.00167	7069
2.00333	7092
2.00500	7114
2.00667	7136
2.00833	7161
2.01000	7186
2.01167	7210
2.01333	7234
2.01500	7260
2.01667	7290
2.01833	7320
2.02000	7347
2.02167	7374
2.02333	7402
2.02500	7432
2.02667	7462
2.02833	7488
2.03000	7513
2.03167	7537
2.03333	7564
2.03500	7590
2.03667	7613
2.03833	7636
2.04000	7661
2.04167	7687
2.04333	7715
2.04500	7741
2.04667	7768
2.04833	7798
2.05000	7832
2.05167	7866
2.05333	7897
2.05500	7928
2.05667	7960
2.05833	7995
2.06000	8029
2.06167	8060
2.06333	8090
2.06500	8121
2.06667	8155
2.06833	8189
2.07000	8219
2.07167	8248
2.07333	8279
2.07500	8312
2.07667	8345
2.07833	8374
2.08000	8402
2.08167	8431
2.08333	8462
2.08500	8492
2.08667	8519
2.08833	8545
2.09000	8571
2.09167	8599
2.09333	8627
2.09500	8653
2.09667	8678
2.09833	8704
2.10000	8733
2.10167	8763
2.10333	8791
2.10500	8819
2.10667	8850
2.10833	8885
2.11000	8919
2.11167	8950
2.11333	8981
2.11500	9012
2.11667	9047
2.11833	9082
2.12000	9115
2.12167	9148
2.12333	9185
2.12500	9226
2.12667	9268
2.12833	9309
2.13000	9352
2.13167	9400
2.13333	9455
2.13500	9509
2.13667	9559
2.13833	9607
2.14000	9657
2.14167	9713
2.14333	9766
2.14500	9812
2.14667	9856
2.14833	9899
2.15000	9946
2.15167	9990
2.15333	10027
2.15500	10060
2.15667	10093
2.15833	10127
2.16000	10158
2.16167	10184
2.16333	10206
2.16500	10227
2.16667	10248
2.16833	10268
2.17000	10286
2.17167	10303
2.17333	10319
2.17500	10338
2.17667	10355
2.17833	10370
2.18000	10385
2.18167	10400
2.18333	10416
2.18500	10431
2.18667	10444
2.18833	10456
2.19000	10468
2.19167	10481
2.19333	10494
2.19500	10507
2.19667	10522
2.19833	10538
2.20000	10557
2.20167	10576
2.20333	10594
2.20500	10612
2.20667	10632
2.20833	10653
2.21000	10674
2.21167	10694
2.21333	10713
2.21500	10733
2.21667	10755
2.21833	10777
2.22000	10799
2.22167	10823
2.22333	10850
2.22500	10881
2.22667	10911
2.22833	10940
2.23000	10968
2.23167	10997
2.23333	11030
2.23500	11062
2.23667	11091
2.23833	11118
2.24000	11146
2.24167	11177
2.24333	11207
2.24500	11234
2.24667	11262
2.24833	11291
2.25000	11324
2.25167	11356
2.25333	11386
2.25500	11414
2.25667	11444
2.25833	11478
2.26000	11510
2.26167	11540
2.26333	11570
2.26500	11600
2.26667	11635
2.26833	11668
2.27000	11698
2.27167	11727
2.27333	11758
2.27500	11791
2.27667	11823
2.27833	11853
2.28000	11880
2.28167	11908
2.28333	11939
2.28500	11969
2.28667	11998
2.28833	12027
2.29000	12058
2.29167	12094
2.29333	12128
2.29500	12159
2.29667	12188
2.29833	12218
2.30000	12250
2.30167	12282
2.30333	12309
2.30500	12335
2.30667	12361
2.30833	12389
2.31000	12416
2.31167	12441
2.31333	12465
2.31500	12490
2.31667	12517
2.31833	12544
2.32000	12567
2.32167	12590
2.32333	12613
2.32500	12638
2.32667	12663
2.32833	12686
2.33000	12710
2.33167	12735
2.33333	12764
2.33500	12793
2.33667	12819
2.33833	12844
2.34000	12869
2.34167	12898
2.34333	12925
2.34500	12951
2.34667	12976
2.34833	13002
2.35000	13030
2.35167	13059
2.35333	13086
2.35500	13113
2.35667	13142
2.35833	13175
2.36000	13207
2.36167	13235
2.36333	13262
2.36500	13290
2.36667	13319
2.36833	13348
2.37000	13374
2.37167	13398
2.37333	13423
2.37500	13450
2.37667	13477
2.37833	13502
2.38000	13528
2.38167	13556
2.38333	13588
2.38500	13620
2.38667	13649
2.38833	13677
2.39000	13707
2.39167	13740
2.39333	13772
2.39500	13801
2.39667	13828
2.39833	13857
2.40000	13889
2.40167	13920
2.40333	13950
2.40500	13979
2.40667	14010
2.40833	14045
2.41000	14080
2.41167	14111
2.41333	14140
2.41500	14170
2.41667	14203
2.41833	14235
2.42000	14264
2.42167	14291
2.42333	14319
2.42500	14350
2.42667	14381
2.42833	14409
2.43000	14437
2.43167	14467
2.43333	14501
2.43500	14533
2.43667	14564
2.43833	14593
2.44000	14624
2.44167	14658
2.44333	14691
2.44500	14720
2.44667	14748
2.44833	14775
2.45000	14805
2.45167	14834
2.45333	14860
2.45500	14884
2.45667	14909
2.45833	14937
2.46000	14963
2.46167	14987
2.46333	15009
2.46500	15031
2.46667	15056
2.46833	15080
2.47000	15101
2.47167	15120
2.47333	15140
2.47500	15162
2.47667	15183
2.47833	15202
2.48000	15222
2.48167	15242
2.48333	15265
2.48500	15287
2.48667	15307
2.48833	15327
2.49000	15348
2.49167	15371
2.49333	15394
2.49500	15417
2.49667	15441
2.49833	15467
2.50000	15497
2.50167	15526
2.50333	15554
2.50500	15580
2.50667	15608
2.50833	15640
2.51000	15669
2.51167	15694
2.51333	15716
2.51500	15737
2.51667	15759
2.51833	15780
2.52000	15798
2.52167	15815
2.52333	15833
2.52500	15852
2.52667	15870
2.52833	15888
2.53000	15905
2.53167	15923
2.53333	15943
2.53500	15964
2.53667	15984
2.53833	16004
2.54000	16027
2.54167	16054
2.54333	16080
2.54500	16105
2.54667	16131
2.54833	16158
2.55000	16189
2.55167	16220
2.55333	16250
2.55500	16279
2.55667	16312
2.55833	16348
2.56000	16385
2.56167	16420
2.56333	16456
2.56500	16496
2.56667	16541
2.56833	16586
2.57000	16627
2.57167	16667
2.57333	16710
2.57500	16757
2.57667	16801
2.57833	16841
2.58000	16876
2.58167	16912
2.58333	16950
2.58500	16985
2.58667	17014
2.58833	17038
2.59000	17061
2.59167	17084
2.59333	17104
2.59500	17121
2.59667	17135
2.59833	17149
2.60000	17162
2.60167	17175
2.60333	17187
2.60500	17198
2.60667	17209
2.60833	17221
2.61000	17233
2.61167	17245
2.61333	17258
2.61500	17272
2.61667	17287
2.61833	17304
2.62000	17321
2.62167	17339
2.62333	17360
2.62500	17384
2.62667	17408
2.62833	17433
2.63000	17458
2.63167	17485
2.63333	17517
2.63500	17547
2.63667	17574
2.63833	17598
2.64000	17621
2.64167	17646
2.64333	17668
2.64500	17686
2.64667	17700
2.64833	17711
2.65000	17722
2.65167	17732
2.65333	17742
2.65500	17752
2.65667	17764
2.65833	17779
2.66000	17793
2.66167	17808
2.66333	17824
2.66500	17842
2.66667	17863
2.66833	17884
2.67000	17904
2.67167	17924
2.67333	17945
2.67500	17969
2.67667	17994
2.67833	18017
2.68000	18040
2.68167	18066
2.68333	18095
2.68500	18124
2.68667	18152
2.68833	18180
2.69000	18210
2.69167	18245
2.69333	18279
2.69500	18312
2.69667	18344
2.69833	18379
2.70000	18417
2.70167	18455
2.70333	18487
2.70500	18516
2.70667	18546
2.70833	18577
2.71000	18607
2.71167	18634
2.71333	18660
2.71500	18686
2.71667	18716
2.71833	18745
2.72000	18771
2.72167	18797
2.72333	18825
2.72500	18856
2.72667	18886
2.72833	18912
2.73000	18938
2.73167	18964
2.73333	18993
2.73500	19021
2.73667	19047
2.73833	19072
2.74000	19099
2.74167	19130
2.74333	19159
2.74500	19186
2.74667	19213
2.74833	19240
2.75000	19270
2.75167	19299
2.75333	19324
2.75500	19347
2.75667	19369
2.75833	19392
2.76000	19414
2.76167	19433
2.76333	19451
2.76500	19468
2.76667	19486
2.76833	19504
2.77000	19519
2.77167	19534
2.77333	19550
2.77500	19567
2.77667	19584
2.77833	19600
2.78000	19616
2.78167	19634
2.78333	19654
2.78500	19675
2.78667	19694
2.78833	19713
2.79000	19734
2.79167	19757
2.79333	19779
2.79500	19799
2.79667	19817
2.79833	19836
2.80000	19856
2.80167	19875
2.80333	19893
2.80500	19910
2.80667	19928
2.80833	19949
2.81000	19969
2.81167	19987
2.81333	20005
2.81500	20025
2.81667	20046
2.81833	20067
2.82000	20087
2.82167	20107
2.82333	20129
2.82500	20153
2.82667	20177
2.82833	20201
2.83000	20224
2.83167	20249
2.83333	20277
2.83500	20304
2.83667	20330
2.83833	20354
2.84000	20380
2.84167	20409
2.84333	20438
2.84500	20464
2.84667	20490
2.84833	20517
2.85000	20547
2.85167	20577
2.85333	20603
2.85500	20628
2.85667	20654
2.85833	20682
2.86000	20710
2.86167	20735
2.86333	20760
2.86500	20786
2.86667	20815
2.86833	20843
2.87000	20870
2.87167	20897
2.87333	20925
2.87500	20957
2.87667	20988
2.87833	21016
2.88000	21042
2.88167	21069
2.88333	21098
2.88500	21127
2.88667	21152
2.88833	21176
2.89000	21200
2.89167	21227
2.89333	21253
2.89500	21277
2.89667	21299
2.89833	21323
2.90000	21350
2.90167	21375
2.90333	21397
2.90500	21419
2.90667	21440
2.90833	21463
2.91000	21485
2.91167	21505
2.91333	21523
2.91500	21541
2.91667	21560
2.91833	21579
2.92000	21596
2.92167	21614
2.92333	21632
2.92500	21652
2.92667	21672
2.92833	21690
2.93000	21708
2.93167	21728
2.93333	21749
2.93500	21770
2.93667	21788
2.93833	21805
2.94000	21822
2.94167	21839
2.94333	21856
2.94500	21870
2.94667	21882
2.94833	21894
2.95000	21906
2.95167	21918
2.95333	21929
2.95500	21940
2.95667	21951
2.95833	21964
2.96000	21977
2.96167	21990
2.96333	22004
2.96500	22019
2.96667	22036
2.96833	22057
2.97000	22083
2.97167	22117
2.97333	22158
2.97500	22209
2.97667	22268
2.97833	22334
2.98000	22414
2.98167	22509
2.98333	22623
2.98500	22735
2.98667	22832
2.98833	22920
2.99000	23005
2.99167	23096
2.99333	23171
2.99500	23217
2.99667	23236
2.99833	23235
3.00000	23219
3.00167	23194
3.00333	23163
3.00500	23127
3.00667	23083
3.00833	23031
3.01000	22983
3.01167	22946
3.01333	22919
3.01500	22898
3.01667	22880
3.01833	22867
3.02000	22861
3.02167	22862
3.02333	22869
3.02500	22879
3.02667	22892
3.02833	22907
3.03000	22923
3.03167	22942
3.03333	22965
3.03500	22988
3.03667	23012
3.03833	23037
3.04000	23065
3.04167	23097
3.04333	23132
3.04500	23170
3.04667	23212
3.04833	23262
3.05000	23321
3.05167	23378
3.05333	23430
3.05500	23477
3.05667	23525
3.05833	23577
3.06000	23622
3.06167	23654
3.06333	23675
3.06500	23688
3.06667	23696
3.06833	23701
3.07000	23703
3.07167	23703
3.07333	23702
3.07500	23700
3.07667	23700
3.07833	23702
3.08000	23708
3.08167	23718
3.08333	23731
3.08500	23743
3.08667	23754
3.08833	23763
3.09000	23772
3.09167	23780
3.09333	23787
3.09500	23792
3.09667	23794
3.09833	23794
3.10000	23793
3.10167	23792
3.10333	23791
3.10500	23791
3.10667	23790
3.10833	23790
3.11000	23790
3.11167	23791
3.11333	23792
3.11500	23793
3.11667	23795
3.11833	23797
3.12000	23801
3.12167	23806
3.12333	23812
3.12500	23819
3.12667	23828
3.12833	23839
3.13000	23852
3.13167	23867
3.13333	23886
3.13500	23907
3.13667	23928
3.13833	23951
3.14000	23977
3.14167	24008
3.14333	24038
3.14500	24067
3.14667	24095
3.14833	24124
3.15000	24157
3.15167	24190
3.15333	24221
3.15500	24253
3.15667	24287
3.15833	24326
3.16000	24365
3.16167	24401
3.16333	24438
3.16500	24477
3.16667	24520
3.16833	24562
3.17000	24598
3.17167	24629
3.17333	24660
3.17500	24691
3.17667	24721
3.17833	24745
3.18000	24766
3.18167	24786
3.18333	24807
3.18500	24827
3.18667	24844
3.18833	24860
3.19000	24877
3.19167	24895
3.19333	24914
3.19500	24931
3.19667	24950
3.19833	24969
3.20000	24992
3.20167	25015
3.20333	25037
3.20500	25061
3.20667	25086
3.20833	25116
3.21000	25145
3.21167	25171
3.21333	25196
3.21500	25222
3.21667	25251
3.21833	25278
3.22000	25302
3.22167	25324
3.22333	25346
3.22500	25370
3.22667	25394
3.22833	25415
3.23000	25437
3.23167	25461
3.23333	25488
3.23500	25514
3.23667	25538
3.23833	25561
3.24000	25585
3.24167	25612
3.24333	25638
3.24500	25661
3.24667	25684
3.24833	25709
3.25000	25735
3.25167	25768
3.25333	25810
3.25500	25864
3.25667	25933
3.25833	26018
3.26000	26118
3.26167	26236
3.26333	26380
3.26500	26556
3.26667	26769
3.26833	26982
3.27000	27176
3.27167	27362
3.27333	27554
3.27500	27764
3.27667	27950
3.27833	28086
3.28000	28177
3.28167	28240
3.28333	28286
3.28500	28337
3.28667	28409
3.28833	28510
3.29000	28645
3.29167	28814
3.29333	29040
3.29500	29351
3.29667	29769
3.29833	30305
3.30000	30967
3.30167	31624
3.30333	32200
3.30500	32722
3.30667	33237
3.30833	33781
3.31000	34232
3.31167	34504
3.31333	34613
3.31500	34594
3.31667	34481
3.31833	34299
3.32000	34055
3.32167	33743
3.32333	33353
3.32500	32878
3.32667	32399
3.32833	31958
3.33000	31532
3.33167	31089
3.33333	30601
3.33500	30148
3.33667	29776
3.33833	29465
3.34000	29180
3.34167	28894
3.34333	28647
3.34500	28465
3.34667	28334
3.34833	28236
3.35000	28155
3.35167	28116
3.35333	28141
3.35500	28231
3.35667	28382
3.35833	28587
3.36000	28812
3.36167	29040
3.36333	29282
3.36500	29553
3.36667	29864
3.36833	30148
3.37000	30365
3.37167	30525
3.37333	30649
3.37500	30756
3.37667	30875
3.37833	31032
3.38000	31241
3.38167	31510
3.38333	31844
3.38500	32191
3.38667	32525
3.38833	32865
3.39000	33234
3.39167	33650
3.39333	33988
3.39500	34161
3.39667	34174
3.39833	34053
3.40000	33827
3.40167	33544
3.40333	33227
3.40500	32866
3.40667	32444
3.40833	31947
3.41000	31484
3.41167	31120
3.41333	30837
3.41500	30603
3.41667	30387
3.41833	30212
3.42000	30092
3.42167	30017
3.42333	29971
3.42500	29944
3.42667	29923
3.42833	29903
3.43000	29878
3.43167	29847
3.43333	29809
3.43500	29775
3.43667	29750
3.43833	29735
3.44000	29726
3.44167	29723
3.44333	29739
3.44500	29791
3.44667	29881
3.44833	30010
3.45000	30176
3.45167	30380
3.45333	30630
3.45500	30942
3.45667	31328
3.45833	31796
3.46000	32300
3.46167	32828
3.46333	33407
3.46500	34074
3.46667	34851
3.46833	35618
3.47000	36309
3.47167	36961
3.47333	37631
3.47500	38359
3.47667	39041
3.47833	39614
3.48000	40114
3.48167	40591
3.48333	41087
3.48500	41642
3.48667	42310
3.48833	43140
3.49000	44169
3.49167	45423
3.49333	47117
3.49500	49505
3.49667	52751
3.49833	56951
3.50000	62159
3.50167	68046
3.50333	74626
3.50500	82281
3.50667	91392
3.50833	102223
3.51000	113108
3.51167	123182
3.51333	132989
3.51500	143288
3.51667	154678
3.51833	164800
3.52000	172134
3.52167	177070
3.52333	180382
3.52500	182734
3.52667	183717
3.52833	182926
3.53000	180400
3.53167	176284
3.53333	170752
3.53500	169780
3.53667	178118
3.53833	196704
3.54000	225260
3.54167	263296
3.54333	314847
3.54500	385779
3.54667	480560
3.54833	602135
3.55000	752088
3.55167	901904
3.55333	1035574
3.55500	1159512
3.55667	1284187
3.55833	1418149
3.56000	1535431
3.56167	1619221
3.56333	1674351
3.56500	1709922
3.56667	1733721
3.56833	1747306
3.57000	1751178
3.57167	1747030
3.57333	1736418
3.57500	1720453
3.57667	1699390
3.57833	1672205
3.58000	1637417
3.58167	1593813
3.58333	1540604
3.58500	1482909
3.58667	1422188
3.58833	1354976
3.59000	1277451
3.59167	1186808
3.59333	1096866
3.59500	1014912
3.59667	936436
3.59833	855092
3.60000	765844
3.60167	682514
3.60333	613121
3.60500	553522
3.60667	497549
3.60833	440203
3.61000	388869
3.61167	347916
3.61333	314503
3.61500	284690
3.61667	255320
3.61833	229647
3.62000	209620
3.62167	193714
3.62333	179918
3.62500	166632
3.62667	154947
3.62833	145460
3.63000	137407
3.63167	129873
3.63333	122151
3.63500	114974
3.63667	108707
3.63833	102906
3.64000	97035
3.64167	90681
3.64333	84792
3.64500	79921
3.64667	75767
3.64833	71893
3.65000	67943
3.65167	64416
3.65333	61607
3.65500	59319
3.65667	57281
3.65833	55275
3.66000	53506
3.66167	52093
3.66333	50929
3.66500	49875
3.66667	48823
3.66833	47895
3.67000	47164
3.67167	46575
3.67333	46056
3.67500	45551
3.67667	45114
3.67833	44777
3.68000	44514
3.68167	44291
3.68333	44080
3.68500	43890
3.68667	43722
3.68833	43563
3.69000	43398
3.69167	43216
3.69333	43019
3.69500	42804
3.69667	42555
3.69833	42259
3.70000	41907
3.70167	41550
3.70333	41214
3.70500	40879
3.70667	40521
3.70833	40121
3.71000	39742
3.71167	39423
3.71333	39143
3.71500	38876
3.71667	38599
3.71833	38347
3.72000	38142
3.72167	37968
3.72333	37808
3.72500	37646
3.72667	37500
3.72833	37381
3.73000	37280
3.73167	37186
3.73333	37091
3.73500	36993
3.73667	36889
3.73833	36772
3.74000	36634
3.74167	36471
3.74333	36304
3.74500	36141
3.74667	35974
3.74833	35791
3.75000	35584
3.75167	35389
3.75333	35228
3.75500	35093
3.75667	34968
3.75833	34843
3.76000	34730
3.76167	34639
3.76333	34562
3.76500	34491
3.76667	34420
3.76833	34354
3.77000	34298
3.77167	34247
3.77333	34198
3.77500	34145
3.77667	34096
3.77833	34054
3.78000	34016
3.78167	33979
3.78333	33939
3.78500	33911
3.78667	33905
3.78833	33920
3.79000	33955
3.79167	34007
3.79333	34071
3.79500	34148
3.79667	34241
3.79833	34355
3.80000	34491
3.80167	34610
3.80333	34682
3.80500	34711
3.80667	34705
3.80833	34674
3.81000	34617
3.81167	34532
3.81333	34416
3.81500	34265
3.81667	34079
3.81833	33902
3.82000	33761
3.82167	33651
3.82333	33558
3.82500	33472
3.82667	33408
3.82833	33376
3.83000	33373
3.83167	33394
3.83333	33435
3.83500	33479
3.83667	33519
3.83833	33554
3.84000	33588
3.84167	33623
3.84333	33646
3.84500	33649
3.84667	33630
3.84833	33592
3.85000	33537
3.85167	33472
3.85333	33397
3.85500	33309
3.85667	33204
3.85833	33080
3.86000	32957
3.86167	32849
3.86333	32751
3.86500	32654
3.86667	32550
3.86833	32458
3.87000	32387
3.87167	32334
3.87333	32291
3.87500	32253
3.87667	32222
3.87833	32200
3.88000	32184
3.88167	32173
3.88333	32163
3.88500	32159
3.88667	32164
3.88833	32177
3.89000	32198
3.89167	32227
3.89333	32274
3.89500	32351
3.89667	32463
3.89833	32612
3.90000	32799
3.90167	32991
3.90333	33168
3.90500	33340
3.90667	33520
3.90833	33717
3.91000	33880
3.91167	33970
3.91333	33992
3.91500	33959
3.91667	33883
3.91833	33782
3.92000	33665
3.92167	33527
3.92333	33364
3.92500	33171
3.92667	32989
3.92833	32845
3.93000	32730
3.93167	32633
3.93333	32542
3.93500	32464
3.93667	32407
3.93833	32364
3.94000	32329
3.94167	32298
3.94333	32271
3.94500	32247
3.94667	32226
3.94833	32204
3.95000	32181
3.95167	32161
3.95333	32150
3.95500	32146
3.95667	32148
3.95833	32155
3.96000	32166
3.96167	32180
3.96333	32199
3.96500	32221
3.96667	32249
3.96833	32273
3.97000	32288
3.97167	32294
3.97333	32292
3.97500	32284
3.97667	32271
3.97833	32253
3.98000	32228
3.98167	32197
3.98333	32158
3.98500	32119
3.98667	32084
3.98833	32051
3.99000	32018
3.99167	31982
3.99333	31948
3.99500	31921
3.99667	31898
3.99833	31878
4.00000	31857
4.00167	31839
4.00333	31822
4.00500	31808
4.00667	31794
4.00833	31778
4.01000	31763
4.01167	31748
4.01333	31731
4.01500	31713
4.01667	31692
4.01833	31672
4.02000	31655
4.02167	31641
4.02333	31627
4.02500	31614
4.02667	31602
4.02833	31593
4.03000	31586
4.03167	31579
4.03333	31573
4.03500	31568
4.03667	31564
4.03833	31561
4.04000	31557
4.04167	31554
4.04333	31552
4.04500	31549
4.04667	31548
4.04833	31546
4.05000	31545
4.05167	31544
4.05333	31544
4.05500	31545
4.05667	31547
4.05833	31549
4.06000	31553
4.06167	31559
4.06333	31567
4.06500	31577
4.06667	31590
4.06833	31604
4.07000	31618
4.07167	31634
4.07333	31652
4.07500	31674
4.07667	31696
4.07833	31717
4.08000	31740
4.08167	31766
4.08333	31795
4.08500	31824
4.08667	31850
4.08833	31876
4.09000	31903
4.09167	31933
4.09333	31962
4.09500	31987
4.09667	32009
4.09833	32032
4.10000	32056
4.10167	32079
4.10333	32099
4.10500	32119
4.10667	32139
4.10833	32161
4.11000	32180
4.11167	32194
4.11333	32204
4.11500	32211
4.11667	32216
4.11833	32218
4.12000	32216
4.12167	32210
4.12333	32199
4.12500	32184
4.12667	32168
4.12833	32152
4.13000	32136
4.13167	32118
4.13333	32099
4.13500	32080
4.13667	32064
4.13833	32050
4.14000	32036
4.14167	32022
4.14333	32008
4.14500	31996
4.14667	31984
4.14833	31971
4.15000	31958
4.15167	31944
4.15333	31932
4.15500	31920
4.15667	31908
4.15833	31894
4.16000	31882
4.16167	31874
4.16333	31869
4.16500	31867
4.16667	31866
4.16833	31865
4.17000	31866
4.17167	31866
4.17333	31866
4.17500	31867
4.17667	31867
4.17833	31866
4.18000	31863
4.18167	31860
4.18333	31856
4.18500	31852
4.18667	31848
4.18833	31845
4.19000	31842
4.19167	31839
4.19333	31838
4.19500	31838
4.19667	31842
4.19833	31847
4.20000	31855
4.20167	31864
4.20333	31875
4.20500	31888
4.20667	31904
4.20833	31923
4.21000	31941
4.21167	31958
4.21333	31974
4.21500	31991
4.21667	32009
4.21833	32026
4.22000	32042
4.22167	32058
4.22333	32074
4.22500	32092
4.22667	32111
4.22833	32128
4.23000	32144
4.23167	32162
4.23333	32183
4.23500	32202
4.23667	32218
4.23833	32233
4.24000	32247
4.24167	32261
4.24333	32276
4.24500	32289
4.24667	32302
4.24833	32317
4.25000	32333
4.25167	32350
4.25333	32365
4.25500	32381
4.25667	32398
4.25833	32417
4.26000	32434
4.26167	32446
4.26333	32453
4.26500	32456
4.26667	32458
4.26833	32457
4.27000	32454
4.27167	32449
4.27333	32442
4.27500	32432
4.27667	32423
4.27833	32416
4.28000	32409
4.28167	32404
4.28333	32398
4.28500	32394
4.28667	32392
4.28833	32393
4.29000	32395
4.29167	32400
4.29333	32408
4.29500	32424
4.29667	32446
4.29833	32477
4.30000	32516
4.30167	32558
4.30333	32605
4.30500	32657
4.30667	32718
4.30833	32790
4.31000	32856
4.31167	32908
4.31333	32946
4.31500	32976
4.31667	33002
4.31833	33018
4.32000	33017
4.32167	33000
4.32333	32970
4.32500	32926
4.32667	32880
4.32833	32838
4.33000	32799
4.33167	32759
4.33333	32715
4.33500	32676
4.33667	32646
4.33833	32622
4.34000	32602
4.34167	32583
4.34333	32569
4.34500	32562
4.34667	32561
4.34833	32564
4.35000	32571
4.35167	32580
4.35333	32590
4.35500	32601
4.35667	32613
4.35833	32627
4.36000	32640
4.36167	32649
4.36333	32656
4.36500	32660
4.36667	32664
4.36833	32668
4.37000	32674
4.37167	32683
4.37333	32696
4.37500	32712
4.37667	32729
4.37833	32748
4.38000	32770
4.38167	32795
4.38333	32824
4.38500	32855
4.38667	32884
4.38833	32914
4.39000	32947
4.39167	32984
4.39333	33026
4.39500	33075
4.39667	33133
4.39833	33203
4.40000	33288
4.40167	33378
4.40333	33471
4.40500	33572
4.40667	33686
4.40833	33820
4.41000	33941
4.41167	34031
4.41333	34094
4.41500	34139
4.41667	34173
4.41833	34186
4.42000	34165
4.42167	34111
4.42333	34026
4.42500	33911
4.42667	33792
4.42833	33682
4.43000	33576
4.43167	33467
4.43333	33348
4.43500	33238
4.43667	33149
4.43833	33075
4.44000	33009
4.44167	32943
4.44333	32886
4.44500	32841
4.44667	32805
4.44833	32773
4.45000	32742
4.45167	32715
4.45333	32693
4.45500	32674
4.45667	32657
4.45833	32640
4.46000	32624
4.46167	32608
4.46333	32592
4.46500	32575
4.46667	32555
4.46833	32537
4.47000	32522
4.47167	32510
4.47333	32499
4.47500	32488
4.47667	32479
4.47833	32474
4.48000	32472
4.48167	32473
4.48333	32476
4.48500	32481
4.48667	32488
4.48833	32497
4.49000	32509
4.49167	32524
4.49333	32538
4.49500	32551
4.49667	32563
4.49833	32575
4.50000	32588
4.50167	32600
4.50333	32611
4.50500	32621
4.50667	32632
4.50833	32644
4.51000	32656
4.51167	32668
4.51333	32681
4.51500	32696
4.51667	32713
4.51833	32729
4.52000	32742
4.52167	32752
4.52333	32760
4.52500	32768
4.52667	32775
4.52833	32780
4.53000	32785
4.53167	32789
4.53333	32793
4.53500	32798
4.53667	32805
4.53833	32813
4.54000	32823
4.54167	32836
4.54333	32851
4.54500	32869
4.54667	32891
4.54833	32917
4.55000	32949
4.55167	32981
4.55333	33013
4.55500	33046
4.55667	33081
4.55833	33121
4.56000	33157
4.56167	33183
4.56333	33199
4.56500	33210
4.56667	33217
4.56833	33219
4.57000	33213
4.57167	33198
4.57333	33177
4.57500	33148
4.57667	33119
4.57833	33092
4.58000	33066
4.58167	33040
4.58333	33012
4.58500	32986
4.58667	32964
4.58833	32945
4.59000	32927
4.59167	32909
4.59333	32891
4.59500	32875
4.59667	32859
4.59833	32843
4.60000	32824
4.60167	32806
4.60333	32789
4.60500	32772
4.60667	32754
4.60833	32734
4.61000	32715
4.61167	32697
4.61333	32680
4.61500	32663
4.61667	32643
4.61833	32625
4.62000	32611
4.62167	32600
4.62333	32590
4.62500	32581
4.62667	32574
4.62833	32570
4.63000	32568
4.63167	32569
4.63333	32572
4.63500	32576
4.63667	32583
4.63833	32593
4.64000	32606
4.64167	32622
4.64333	32638
4.64500	32653
4.64667	32667
4.64833	32682
4.65000	32697
4.65167	32711
4.65333	32722
4.65500	32731
4.65667	32738
4.65833	32744
4.66000	32751
4.66167	32757
4.66333	32765
4.66500	32775
4.66667	32786
4.66833	32797
4.67000	32808
4.67167	32819
4.67333	32830
4.67500	32843
4.67667	32855
4.67833	32866
4.68000	32876
4.68167	32886
4.68333	32896
4.68500	32906
4.68667	32913
4.68833	32919
4.69000	32924
4.69167	32928
4.69333	32930
4.69500	32931
4.69667	32929
4.69833	32926
4.70000	32920
4.70167	32915
4.70333	32910
4.70500	32905
4.70667	32901
4.70833	32896
4.71000	32892
4.71167	32889
4.71333	32887
4.71500	32886
4.71667	32885
4.71833	32884
4.72000	32883
4.72167	32882
4.72333	32880
4.72500	32879
4.72667	32876
4.72833	32873
4.73000	32869
4.73167	32864
4.73333	32858
4.73500	32851
4.73667	32845
4.73833	32838
4.74000	32831
4.74167	32823
4.74333	32815
4.74500	32807
4.74667	32800
4.74833	32792
4.75000	32782
4.75167	32773
4.75333	32764
4.75500	32754
4.75667	32743
4.75833	32731
4.76000	32720
4.76167	32711
4.76333	32704
4.76500	32698
4.76667	32693
4.76833	32689
4.77000	32688
4.77167	32689
4.77333	32693
4.77500	32699
4.77667	32705
4.77833	32710
4.78000	32716
4.78167	32722
4.78333	32729
4.78500	32736
4.78667	32743
4.78833	32752
4.79000	32761
4.79167	32773
4.79333	32786
4.79500	32800
4.79667	32817
4.79833	32838
4.80000	32862
4.80167	32888
4.80333	32912
4.80500	32938
4.80667	32966
4.80833	32999
4.81000	33030
4.81167	33059
4.81333	33086
4.81500	33113
4.81667	33144
4.81833	33172
4.82000	33195
4.82167	33214
4.82333	33232
4.82500	33250
4.82667	33266
4.82833	33279
4.83000	33289
4.83167	33298
4.83333	33307
4.83500	33316
4.83667	33327
4.83833	33340
4.84000	33355
4.84167	33374
4.84333	33394
4.84500	33415
4.84667	33436
4.84833	33460
4.85000	33488
4.85167	33513
4.85333	33534
4.85500	33551
4.85667	33566
4.85833	33581
4.86000	33593
4.86167	33601
4.86333	33606
4.86500	33609
4.86667	33611
4.86833	33613
4.87000	33616
4.87167	33621
4.87333	33628
4.87500	33638
4.87667	33649
4.87833	33663
4.88000	33679
4.88167	33700
4.88333	33724
4.88500	33750
4.88667	33776
4.88833	33804
4.89000	33835
4.89167	33872
4.89333	33909
4.89500	33946
4.89667	33985
4.89833	34028
4.90000	34078
4.90167	34129
4.90333	34181
4.90500	34236
4.90667	34299
4.90833	34372
4.91000	34446
4.91167	34518
4.91333	34592
4.91500	34674
4.91667	34766
4.91833	34858
4.92000	34945
4.92167	35032
4.92333	35125
4.92500	35229
4.92667	35335
4.92833	35439
4.93000	35548
4.93167	35669
4.93333	35808
4.93500	35971
4.93667	36170
4.93833	36419
4.94000	36727
4.94167	37102
4.94333	37647
4.94500	38470
4.94667	39629
4.94833	41154
4.95000	43063
4.95167	45893
4.95333	50210
4.95500	56315
4.95667	64361
4.95833	74431
4.96000	87360
4.96167	104437
4.96333	126766
4.96500	155114
4.96667	189940
4.96833	228222
4.97000	269306
4.97167	315548
4.97333	369461
4.97500	432856
4.97667	494998
4.97833	549917
4.98000	600523
4.98167	651233
4.98333	705607
4.98500	752782
4.98667	785639
4.98833	806055
4.99000	817715
4.99167	823777
4.99333	822737
4.99500	812752
4.99667	793664
4.99833	765789
5.00000	729519
5.00167	691110
5.00333	653670
5.00500	615412
5.00667	573768
5.00833	526699
5.01000	481681
5.01167	442929
5.01333	408238
5.01500	374342
5.01667	338600
5.01833	305899
5.02000	279069
5.02167	256360
5.02333	235307
5.02500	213932
5.02667	194690
5.02833	178987
5.03000	165700
5.03167	153358
5.03333	140796
5.03500	129428
5.03667	120049
5.03833	111993
5.04000	104393
5.04167	96567
5.04333	89484
5.04500	83701
5.04667	78820
5.04833	74303
5.05000	69720
5.05167	65628
5.05333	62354
5.05500	59665
5.05667	57247
5.05833	54848
5.06000	52729
5.06167	51044
5.06333	49666
5.06500	48431
5.06667	47207
5.06833	46126
5.07000	45265
5.07167	44557
5.07333	43920
5.07500	43286
5.07667	42736
5.07833	42319
5.08000	42004
5.08167	41749
5.08333	41518
5.08500	41349
5.08667	41270
5.08833	41275
5.09000	41347
5.09167	41474
5.09333	41632
5.09500	41812
5.09667	42021
5.09833	42268
5.10000	42561
5.10167	42830
5.10333	43032
5.10500	43176
5.10667	43281
5.10833	43364
5.11000	43395
5.11167	43345
5.11333	43212
5.11500	43001
5.11667	42718
5.11833	42416
5.12000	42123
5.12167	41826
5.12333	41505
5.12500	41144
5.12667	40822
5.12833	40589
5.13000	40435
5.13167	40335
5.13333	40268
5.13500	40253
5.13667	40312
5.13833	40444
5.14000	40647
5.14167	40916
5.14333	41187
5.14500	41424
5.14667	41635
5.14833	41841
5.15000	42055
5.15167	42215
5.15333	42274
5.15500	42234
5.15667	42109
5.15833	41912
5.16000	41672
5.16167	41398
5.16333	41076
5.16500	40693
5.16667	40237
5.16833	39790
5.17000	39395
5.17167	39033
5.17333	38671
5.17500	38284
5.17667	37933
5.17833	37654
5.18000	37430
5.18167	37235
5.18333	37047
5.18500	36888
5.18667	36774
5.18833	36694
5.19000	36636
5.19167	36589
5.19333	36547
5.19500	36502
5.19667	36450
5.19833	36386
5.20000	36310
5.20167	36221
5.20333	36115
5.20500	35985
5.20667	35825
5.20833	35633
5.21000	35436
5.21167	35250
5.21333	35064
5.21500	34865
5.21667	34642
5.21833	34430
5.22000	34249
5.22167	34089
5.22333	33934
5.22500	33771
5.22667	33623
5.22833	33502
5.23000	33399
5.23167	33303
5.23333	33207
5.23500	33119
5.23667	33046
5.23833	32984
5.24000	32925
5.24167	32864
5.24333	32809
5.24500	32763
5.24667	32724
5.24833	32688
5.25000	32652
5.25167	32619
5.25333	32593
5.25500	32572
5.25667	32553
5.25833	32535
5.26000	32519
5.26167	32504
5.26333	32490
5.26500	32476
5.26667	32460
5.26833	32444
5.27000	32430
5.27167	32416
5.27333	32401
5.27500	32385
5.27667	32369
5.27833	32356
5.28000	32344
5.28167	32333
5.28333	32322
5.28500	32311
5.28667	32301
5.28833	32292
5.29000	32283
5.29167	32273
5.29333	32263
5.29500	32253
5.29667	32242
5.29833	32230
5.30000	32217
5.30167	32205
5.30333	32195
5.30500	32187
5.30667	32180
5.30833	32173
5.31000	32168
5.31167	32164
5.31333	32162
5.31500	32160
5.31667	32159
5.31833	32157
5.32000	32153
5.32167	32147
5.32333	32139
5.32500	32128
5.32667	32116
5.32833	32100
5.33000	32080
5.33167	32056
5.33333	32026
5.33500	31996
5.33667	31966
5.33833	31935
5.34000	31902
5.34167	31863
5.34333	31826
5.34500	31793
5.34667	31762
5.34833	31730
5.35000	31696
5.35167	31664
5.35333	31636
5.35500	31612
5.35667	31589
5.35833	31564
5.36000	31542
5.36167	31523
5.36333	31507
5.36500	31491
5.36667	31476
5.36833	31461
5.37000	31447
5.37167	31435
5.37333	31422
5.37500	31407
5.37667	31393
5.37833	31381
5.38000	31370
5.38167	31360
5.38333	31348
5.38500	31338
5.38667	31329
5.38833	31322
5.39000	31315
5.39167	31309
5.39333	31303
5.39500	31299
5.39667	31296
5.39833	31295
5.40000	31294
5.40167	31293
5.40333	31294
5.40500	31295
5.40667	31296
5.40833	31299
5.41000	31301
5.41167	31303
5.41333	31305
5.41500	31307
5.41667	31309
5.41833	31312
5.42000	31314
5.42167	31316
5.42333	31318
5.42500	31320
5.42667	31323
5.42833	31325
5.43000	31327
5.43167	31329
5.43333	31330
5.43500	31331
5.43667	31331
5.43833	31330
5.44000	31327
5.44167	31324
5.44333	31320
5.44500	31315
5.44667	31311
5.44833	31305
5.45000	31299
5.45167	31292
5.45333	31285
5.45500	31276
5.45667	31267
5.45833	31255
5.46000	31242
5.46167	31228
5.46333	31212
5.46500	31193
5.46667	31170
5.46833	31147
5.47000	31126
5.47167	31105
5.47333	31082
5.47500	31057
5.47667	31032
5.47833	31009
5.48000	30988
5.48167	30965
5.48333	30941
5.48500	30917
5.48667	30896
5.48833	30875
5.49000	30854
5.49167	30830
5.49333	30807
5.49500	30787
5.49667	30768
5.49833	30749
5.50000	30728
5.50167	30708
5.50333	30689
5.50500	30672
5.50667	30653
5.50833	30633
5.51000	30614
5.51167	30596
5.51333	30580
5.51500	30562
5.51667	30544
5.51833	30526
5.52000	30511
5.52167	30498
5.52333	30484
5.52500	30470
5.52667	30458
5.52833	30447
5.53000	30437
5.53167	30428
5.53333	30418
5.53500	30409
5.53667	30402
5.53833	30397
5.54000	30391
5.54167	30387
5.54333	30382
5.54500	30378
5.54667	30375
5.54833	30372
5.55000	30369
5.55167	30366
5.55333	30364
5.55500	30363
5.55667	30362
5.55833	30362
5.56000	30362
5.56167	30363
5.56333	30365
5.56500	30368
5.56667	30371
5.56833	30375
5.57000	30378
5.57167	30382
5.57333	30385
5.57500	30389
5.57667	30392
5.57833	30396
5.58000	30401
5.58167	30406
5.58333	30412
5.58500	30417
5.58667	30419
5.58833	30420
5.59000	30418
5.59167	30415
5.59333	30410
5.59500	30402
5.59667	30391
5.59833	30376
5.60000	30357
5.60167	30337
5.60333	30317
5.60500	30296
5.60667	30273
5.60833	30246
5.61000	30218
5.61167	30192
5.61333	30166
5.61500	30138
5.61667	30106
5.61833	30075
5.62000	30046
5.62167	30017
5.62333	29986
5.62500	29952
5.62667	29919
5.62833	29889
5.63000	29860
5.63167	29830
5.63333	29797
5.63500	29766
5.63667	29738
5.63833	29712
5.64000	29685
5.64167	29656
5.64333	29628
5.64500	29601
5.64667	29575
5.64833	29547
5.65000	29515
5.65167	29484
5.65333	29456
5.65500	29429
5.65667	29401
5.65833	29370
5.66000	29341
5.66167	29315
5.66333	29290
5.66500	29265
5.66667	29238
5.66833	29213
5.67000	29190
5.67167	29167
5.67333	29144
5.67500	29119
5.67667	29095
5.67833	29075
5.68000	29056
5.68167	29039
5.68333	29020
5.68500	29003
5.68667	28988
5.68833	28975
5.69000	28961
5.69167	28947
5.69333	28933
5.69500	28922
5.69667	28912
5.69833	28902
5.70000	28891
5.70167	28881
5.70333	28874
5.70500	28868
5.70667	28863
5.70833	28859
5.71000	28855
5.71167	28852
5.71333	28850
5.71500	28849
5.71667	28847
5.71833	28845
5.72000	28843
5.72167	28840
5.72333	28835
5.72500	28830
5.72667	28825
5.72833	28820
5.73000	28814
5.73167	28808
5.73333	28802
5.73500	28796
5.73667	28790
5.73833	28786
5.74000	28782
5.74167	28777
5.74333	28772
5.74500	28766
5.74667	28758
5.74833	28749
5.75000	28738
5.75167	28725
5.75333	28712
5.75500	28697
5.75667	28680
5.75833	28661
5.76000	28640
5.76167	28620
5.76333	28599
5.76500	28576
5.76667	28550
5.76833	28524
5.77000	28499
5.77167	28474
5.77333	28448
5.77500	28418
5.77667	28389
5.77833	28360
5.78000	28330
5.78167	28298
5.78333	28261
5.78500	28225
5.78667	28191
5.78833	28159
5.79000	28124
5.79167	28085
5.79333	28048
5.79500	28015
5.79667	27985
5.79833	27954
5.80000	27921
5.80167	27888
5.80333	27858
5.80500	27828
5.80667	27796
5.80833	27760
5.81000	27725
5.81167	27694
5.81333	27664
5.81500	27633
5.81667	27600
5.81833	27569
5.82000	27543
5.82167	27521
5.82333	27500
5.82500	27479
5.82667	27459
5.82833	27442
5.83000	27426
5.83167	27409
5.83333	27392
5.83500	27375
5.83667	27359
5.83833	27345
5.84000	27330
5.84167	27314
5.84333	27299
5.84500	27287
5.84667	27277
5.84833	27269
5.85000	27260
5.85167	27253
5.85333	27247
5.85500	27243
5.85667	27240
5.85833	27238
5.86000	27236
5.86167	27234
5.86333	27232
5.86500	27230
5.86667	27228
5.86833	27225
5.87000	27223
5.87167	27221
5.87333	27218
5.87500	27215
5.87667	27212
5.87833	27210
5.88000	27207
5.88167	27204
5.88333	27202
5.88500	27198
5.88667	27193
5.88833	27186
5.89000	27176
5.89167	27165
5.89333	27153
5.89500	27141
5.89667	27128
5.89833	27114
5.90000	27097
5.90167	27081
5.90333	27066
5.90500	27050
5.90667	27034
5.90833	27015
5.91000	26996
5.91167	26978
5.91333	26959
5.91500	26938
5.91667	26914
5.91833	26889
5.92000	26865
5.92167	26839
5.92333	26811
5.92500	26778
5.92667	26745
5.92833	26713
5.93000	26682
5.93167	26648
5.93333	26609
5.93500	26571
5.93667	26537
5.93833	26505
5.94000	26471
5.94167	26435
5.94333	26400
5.94500	26368
5.94667	26337
5.94833	26305
5.95000	26270
5.95167	26236
5.95333	26205
5.95500	26174
5.95667	26141
5.95833	26104
5.96000	26068
5.96167	26036
5.96333	26006
5.96500	25975
5.96667	25941
5.96833	25909
5.97000	25882
5.97167	25859
5.97333	25836
5.97500	25813
5.97667	25790
5.97833	25771
5.98000	25753
5.98167	25734
5.98333	25714
5.98500	25695
5.98667	25679
5.98833	25664
5.99000	25650
5.99167	25635
5.99333	25622
5.99500	25610
5.99667	25601
5.99833	25592
6.00000	25583
6.00167	25575
6.00333	25569
6.00500	25564
6.00667	25559
6.00833	25555
6.01000	25551
6.01167	25547
6.01333	25545
6.01500	25543
6.01667	25541
6.01833	25540
6.02000	25538
6.02167	25535
6.02333	25533
6.02500	25530
6.02667	25526
6.02833	25522
6.03000	25518
6.03167	25513
6.03333	25507
6.03500	25500
6.03667	25493
6.03833	25484
6.04000	25475
6.04167	25463
6.04333	25451
6.04500	25439
6.04667	25426
6.04833	25412
6.05000	25396
6.05167	25380
6.05333	25364
6.05500	25348
6.05667	25331
6.05833	25311
6.06000	25290
6.06167	25270
6.06333	25249
6.06500	25226
6.06667	25199
6.06833	25172
6.07000	25145
6.07167	25118
6.07333	25087
6.07500	25052
6.07667	25017
6.07833	24985
6.08000	24953
6.08167	24919
6.08333	24881
6.08500	24845
6.08667	24810
6.08833	24777
6.09000	24741
6.09167	24702
6.09333	24663
6.09500	24627
6.09667	24592
6.09833	24554
6.10000	24513
6.10167	24473
6.10333	24436
6.10500	24400
6.10667	24362
6.10833	24321
6.11000	24281
6.11167	24245
6.11333	24212
6.11500	24179
6.11667	24143
6.11833	24108
6.12000	24079
6.12167	24052
6.12333	24025
6.12500	23997
6.12667	23970
6.12833	23948
6.13000	23928
6.13167	23908
6.13333	23888
6.13500	23870
6.13667	23855
6.13833	23844
6.14000	23834
6.14167	23824
6.14333	23815
6.14500	23807
6.14667	23799
6.14833	23791
6.15000	23781
6.15167	23772
6.15333	23764
6.15500	23756
6.15667	23749
6.15833	23741
6.16000	23734
6.16167	23728
6.16333	23724
6.16500	23720
6.16667	23716
6.16833	23712
6.17000	23709
6.17167	23705
6.17333	23702
6.17500	23698
6.17667	23695
6.17833	23692
6.18000	23689
6.18167	23686
6.18333	23682
6.18500	23678
6.18667	23673
6.18833	23667
6.19000	23659
6.19167	23650
6.19333	23640
6.19500	23629
6.19667	23617
6.19833	23602
6.20000	23586
6.20167	23569
6.20333	23552
6.20500	23534
6.20667	23514
6.20833	23491
6.21000	23468
6.21167	23444
6.21333	23419
6.21500	23391
6.21667	23359
6.21833	23326
6.22000	23294
6.22167	23261
6.22333	23225
6.22500	23184
6.22667	23143
6.22833	23105
6.23000	23067
6.23167	23026
6.23333	22980
6.23500	22935
6.23667	22893
6.23833	22852
6.24000	22809
6.24167	22761
6.24333	22714
6.24500	22671
6.24667	22628
6.24833	22584
6.25000	22534
6.25167	22486
6.25333	22441
6.25500	22398
6.25667	22353
6.25833	22302
6.26000	22254
6.26167	22210
6.26333	22170
6.26500	22128
6.26667	22083
6.26833	22040
6.27000	22001
6.27167	21964
6.27333	21925
6.27500	21883
6.27667	21842
6.27833	21806
6.28000	21771
6.28167	21736
6.28333	21697
6.28500	21660
6.28667	21628
6.28833	21600
6.29000	21572
6.29167	21543
6.29333	21516
6.29500	21494
6.29667	21475
6.29833	21456
6.30000	21437
6.30167	21420
6.30333	21405
6.30500	21393
6.30667	21381
6.30833	21369
6.31000	21358
6.31167	21349
6.31333	21341
6.31500	21333
6.31667	21324
6.31833	21316
6.32000	21309
6.32167	21301
6.32333	21293
6.32500	21284
6.32667	21275
6.32833	21267
6.33000	21258
6.33167	21247
6.33333	21236
6.33500	21224
6.33667	21213
6.33833	21202
6.34000	21190
6.34167	21177
6.34333	21163
6.34500	21149
6.34667	21134
6.34833	21117
6.35000	21098
6.35167	21077
6.35333	21056
6.35500	21034
6.35667	21009
6.35833	20981
6.36000	20952
6.36167	20924
6.36333	20896
6.36500	20866
6.36667	20831
6.36833	20797
6.37000	20763
6.37167	20729
6.37333	20691
6.37500	20649
6.37667	20606
6.37833	20564
6.38000	20520
6.38167	20473
6.38333	20419
6.38500	20366
6.38667	20316
6.38833	20268
6.39000	20218
6.39167	20162
6.39333	20107
6.39500	20057
6.39667	20009
6.39833	19958
6.40000	19901
6.40167	19846
6.40333	19795
6.40500	19745
6.40667	19692
6.40833	19634
6.41000	19577
6.41167	19525
6.41333	19476
6.41500	19426
6.41667	19370
6.41833	19316
6.42000	19269
6.42167	19224
6.42333	19179
6.42500	19130
6.42667	19083
6.42833	19042
6.43000	19003
6.43167	18964
6.43333	18921
6.43500	18881
6.43667	18845
6.43833	18812
6.44000	18779
6.44167	18743
6.44333	18709
6.44500	18680
6.44667	18654
6.44833	18629
6.45000	18602
6.45167	18577
6.45333	18556
6.45500	18536
6.45667	18516
6.45833	18495
6.46000	18475
6.46167	18458
6.46333	18443
6.46500	18428
6.46667	18413
6.46833	18399
6.47000	18386
6.47167	18375
6.47333	18364
6.47500	18353
6.47667	18342
6.47833	18332
6.48000	18322
6.48167	18312
6.48333	18301
6.48500	18290
6.48667	18280
6.48833	18269
6.49000	18258
6.49167	18246
6.49333	18233
6.49500	18220
6.49667	18206
6.49833	18190
6.50000	18172
6.50167	18152
6.50333	18133
6.50500	18112
6.50667	18089
6.50833	18062
6.51000	18035
6.51167	18009
6.51333	17981
6.51500	17951
6.51667	17917
6.51833	17883
6.52000	17850
6.52167	17817
6.52333	17782
6.52500	17742
6.52667	17702
6.52833	17663
6.53000	17624
6.53167	17580
6.53333	17531
6.53500	17481
6.53667	17433
6.53833	17385
6.54000	17332
6.54167	17273
6.54333	17215
6.54500	17161
6.54667	17108
6.54833	17052
6.55000	16990
6.55167	16930
6.55333	16875
6.55500	16822
6.55667	16767
6.55833	16707
6.56000	16648
6.56167	16596
6.56333	16546
6.56500	16495
6.56667	16439
6.56833	16385
6.57000	16337
6.57167	16290
6.57333	16242
6.57500	16188
6.57667	16137
6.57833	16092
6.58000	16051
6.58167	16009
6.58333	15964
6.58500	15921
6.58667	15884
6.58833	15850
6.59000	15817
6.59167	15781
6.59333	15747
6.59500	15718
6.59667	15692
6.59833	15667
6.60000	15640
6.60167	15614
6.60333	15594
6.60500	15576
6.60667	15559
6.60833	15542
6.61000	15526
6.61167	15513
6.61333	15502
6.61500	15491
6.61667	15480
6.61833	15469
6.62000	15459
6.62167	15450
6.62333	15440
6.62500	15429
6.62667	15418
6.62833	15409
6.63000	15400
6.63167	15391
6.63333	15381
6.63500	15371
6.63667	15363
6.63833	15354
6.64000	15346
6.64167	15336
6.64333	15326
6.64500	15315
6.64667	15302
6.64833	15286
6.65000	15267
6.65167	15247
6.65333	15229
6.65500	15210
6.65667	15190
6.65833	15168
6.66000	15144
6.66167	15121
6.66333	15096
6.66500	15068
6.66667	15036
6.66833	15003
6.67000	14969
6.67167	14934
6.67333	14894
6.67500	14848
6.67667	14801
6.67833	14757
6.68000	14713
6.68167	14665
6.68333	14611
6.68500	14558
6.68667	14506
6.68833	14454
6.69000	14398
6.69167	14334
6.69333	14271
6.69500	14212
6.69667	14154
6.69833	14092
6.70000	14023
6.70167	13955
6.70333	13893
6.70500	13832
6.70667	13769
6.70833	13698
6.71000	13629
6.71167	13567
6.71333	13507
6.71500	13445
6.71667	13376
6.71833	13310
6.72000	13249
6.72167	13191
6.72333	13131
6.72500	13065
6.72667	13001
6.72833	12943
6.73000	12889
6.73167	12832
6.73333	12770
6.73500	12711
6.73667	12658
6.73833	12609
6.74000	12559
6.74167	12504
6.74333	12453
6.74500	12407
6.74667	12366
6.74833	12324
6.75000	12279
6.75167	12237
6.75333	12200
6.75500	12167
6.75667	12133
6.75833	12098
6.76000	12064
6.76167	12035
6.76333	12009
6.76500	11983
6.76667	11956
6.76833	11930
6.77000	11909
6.77167	11889
6.77333	11871
6.77500	11851
6.77667	11833
6.77833	11817
6.78000	11802
6.78167	11787
6.78333	11771
6.78500	11756
6.78667	11741
6.78833	11727
6.79000	11711
6.79167	11694
6.79333	11677
6.79500	11661
6.79667	11644
6.79833	11625
6.80000	11604
6.80167	11583
6.80333	11563
6.80500	11542
6.80667	11519
6.80833	11494
6.81000	11467
6.81167	11442
6.81333	11414
6.81500	11384
6.81667	11349
6.81833	11313
6.82000	11278
6.82167	11241
6.82333	11199
6.82500	11152
6.82667	11103
6.82833	11057
6.83000	11010
6.83167	10958
6.83333	10899
6.83500	10841
6.83667	10785
6.83833	10729
6.84000	10669
6.84167	10602
6.84333	10535
6.84500	10473
6.84667	10412
6.84833	10348
6.85000	10276
6.85167	10205
6.85333	10140
6.85500	10077
6.85667	10010
6.85833	9937
6.86000	9865
6.86167	9799
6.86333	9736
6.86500	9669
6.86667	9596
6.86833	9525
6.87000	9460
6.87167	9397
6.87333	9331
6.87500	9258
6.87667	9188
6.87833	9125
6.88000	9066
6.88167	9006
6.88333	8941
6.88500	8879
6.88667	8824
6.88833	8772
6.89000	8720
6.89167	8662
6.89333	8608
6.89500	8560
6.89667	8515
6.89833	8470
6.90000	8421
6.90167	8375
6.90333	8335
6.90500	8299
6.90667	8263
6.90833	8226
6.91000	8190
6.91167	8159
6.91333	8130
6.91500	8102
6.91667	8070
6.91833	8041
6.92000	8016
6.92167	7992
6.92333	7969
6.92500	7945
6.92667	7922
6.92833	7902
6.93000	7884
6.93167	7867
6.93333	7848
6.93500	7830
6.93667	7815
6.93833	7800
6.94000	7786
6.94167	7770
6.94333	7754
6.94500	7739
6.94667	7722
6.94833	7703
6.95000	7682
6.95167	7660
6.95333	7638
6.95500	7615
6.95667	7590
6.95833	7561
6.96000	7531
6.96167	7502
6.96333	7473
6.96500	7441
6.96667	7404
6.96833	7366
6.97000	7329
6.97167	7290
6.97333	7247
6.97500	7198
6.97667	7148
6.97833	7100
6.98000	7051
6.98167	6999
6.98333	6939
6.98500	6879
6.98667	6822
6.98833	6764
6.99000	6701
6.99167	6630
6.99333	6559
6.99500	6492
6.99667	6426
6.99833	6354
7.00000	6274
7.00167	6195
7.00333	6122
7.00500	6050
7.00667	5975
7.00833	5891
7.01000	5809
7.01167	5733
7.01333	5660
7.01500	5582
7.01667	5496
7.01833	5412
7.02000	5336
7.02167	5262
7.02333	5185
7.02500	5099
7.02667	5017
7.02833	4942
7.03000	4870
7.03167	4796
7.03333	4714
7.03500	4635
7.03667	4564
7.03833	4496
7.04000	4427
7.04167	4352
7.04333	4280
7.04500	4216
7.04667	4156
7.04833	4096
7.05000	4030
7.05167	3967
7.05333	3912
7.05500	3861
7.05667	3809
7.05833	3754
7.06000	3701
7.06167	3656
7.06333	3616
7.06500	3576
7.06667	3534
7.06833	3495
7.07000	3460
7.07167	3430
7.07333	3399
7.07500	3367
7.07667	3336
7.07833	3308
7.08000	3282
7.08167	3254
7.08333	3224
7.08500	3195
7.08667	3169
7.08833	3145
7.09000	3120
7.09167	3094
7.09333	3068
7.09500	3044
7.09667	3021
7.09833	2998
7.10000	2972
7.10167	2946
7.10333	2922
7.10500	2897
7.10667	2870
7.10833	2840
7.11000	2810
7.11167	2781
7.11333	2753
7.11500	2722
7.11667	2688
7.11833	2653
7.12000	2619
7.12167	2584
7.12333	2545
7.12500	2501
7.12667	2455
7.12833	2410
7.13000	2363
7.13167	2310
7.13333	2250
7.13500	2189
7.13667	2130
7.13833	2072
7.14000	2008
7.14167	1936
7.14333	1865
7.14500	1798
7.14667	1732
7.14833	1661
7.15000	1581
7.15167	1502
7.15333	1428
7.15500	1353
7.15667	1273
7.15833	1183
7.16000	1094
7.16167	1013
7.16333	933
7.16500	850
7.16667	758
7.16833	669
7.17000	587
7.17167	509
7.17333	428
7.17500	339
7.17667	252
7.17833	172
7.18000	94
7.18167	13
7.18333	-77
7.18500	-165
7.18667	-244
7.18833	-320
7.19000	-399
7.19167	-486
7.19333	-569
7.19500	-642
7.19667	-710
7.19833	-778
7.20000	-852
7.20167	-922
7.20333	-983
7.20500	-1040
7.20667	-1097
7.20833	-1159
7.21000	-1218
7.21167	-1271
7.21333	-1320
7.21500	-1370
7.21667	-1424
7.21833	-1475
7.22000	-1521
7.22167	-1562
7.22333	-1604
7.22500	-1649
7.22667	-1693
7.22833	-1731
7.23000	-1768
7.23167	-1805
7.23333	-1846
7.23500	-1884
7.23667	-1917
7.23833	-1946
7.24000	-1974
7.24167	-2003
7.24333	-2031
7.24500	-2056
7.24667	-2079
7.24833	-2103
7.25000	-2129
7.25167	-2155
7.25333	-2181
7.25500	-2209
7.25667	-2240
7.25833	-2275
7.26000	-2311
7.26167	-2344
7.26333	-2377
7.26500	-2413
7.26667	-2452
7.26833	-2491
7.27000	-2529
7.27167	-2566
7.27333	-2607
7.27500	-2653
7.27667	-2700
7.27833	-2745
7.28000	-2793
7.28167	-2847
7.28333	-2907
7.28500	-2969
7.28667	-3028
7.28833	-3089
7.29000	-3154
7.29167	-3229
7.29333	-3303
7.29500	-3373
7.29667	-3443
7.29833	-3518
7.30000	-3602
7.30167	-3685
7.30333	-3762
7.30500	-3838
7.30667	-3918
7.30833	-4006
7.31000	-4094
7.31167	-4175
7.31333	-4254
7.31500	-4339
7.31667	-4433
7.31833	-4526
7.32000	-4613
7.32167	-4699
7.32333	-4791
7.32500	-4893
7.32667	-4993
7.32833	-5084
7.33000	-5170
7.33167	-5260
7.33333	-5358
7.33500	-5453
7.33667	-5539
7.33833	-5620
7.34000	-5704
7.34167	-5797
7.34333	-5886
7.34500	-5967
7.34667	-6044
7.34833	-6124
7.35000	-6212
7.35167	-6296
7.35333	-6370
7.35500	-6439
7.35667	-6509
7.35833	-6585
7.36000	-6657
7.36167	-6721
7.36333	-6780
7.36500	-6841
7.36667	-6906
7.36833	-6968
7.37000	-7022
7.37167	-7071
7.37333	-7120
7.37500	-7172
7.37667	-7221
7.37833	-7264
7.38000	-7305
7.38167	-7345
7.38333	-7389
7.38500	-7432
7.38667	-7469
7.38833	-7505
7.39000	-7541
7.39167	-7580
7.39333	-7618
7.39500	-7650
7.39667	-7678
7.39833	-7707
7.40000	-7736
7.40167	-7765
7.40333	-7792
7.40500	-7820
7.40667	-7849
7.40833	-7882
7.41000	-7915
7.41167	-7947
7.41333	-7981
7.41500	-8018
7.41667	-8060
7.41833	-8103
7.42000	-8142
7.42167	-8182
7.42333	-8224
7.42500	-8271
7.42667	-8318
7.42833	-8364
7.43000	-8411
7.43167	-8463
7.43333	-8521
7.43500	-8581
7.43667	-8638
7.43833	-8698
7.44000	-8763
7.44167	-8837
7.44333	-8911
7.44500	-8982
7.44667	-9053
7.44833	-9130
7.45000	-9216
7.45167	-9301
7.45333	-9381
7.45500	-9459
7.45667	-9542
7.45833	-9634
7.46000	-9726
7.46167	-9811
7.46333	-9895
7.46500	-9985
7.46667	-10085
7.46833	-10184
7.47000	-10277
7.47167	-10367
7.47333	-10464
7.47500	-10572
7.47667	-10678
7.47833	-10777
7.48000	-10874
7.48167	-10976
7.48333	-11090
7.48500	-11202
7.48667	-11304
7.48833	-11402
7.49000	-11506
7.49167	-11620
7.49333	-11730
7.49500	-11828
7.49667	-11920
7.49833	-12014
7.50000	-12117
7.50167	-12216
7.50333	-12304
7.50500	-12388
7.50667	-12474
7.50833	-12569
7.51000	-12659
7.51167	-12740
7.51333	-12816
7.51500	-12893
7.51667	-12977
7.51833	-13058
7.52000	-13129
7.52167	-13195
7.52333	-13263
7.52500	-13337
7.52667	-13407
7.52833	-13470
7.53000	-13528
7.53167	-13587
7.53333	-13652
7.53500	-13714
7.53667	-13768
7.53833	-13819
7.54000	-13870
7.54167	-13926
7.54333	-13979
7.54500	-14027
7.54667	-14072
7.54833	-14119
7.55000	-14169
7.55167	-14219
7.55333	-14264
7.55500	-14307
7.55667	-14351
7.55833	-14401
7.56000	-14449
7.56167	-14493
7.56333	-14536
7.56500	-14581
7.56667	-14631
7.56833	-14681
7.57000	-14728
7.57167	-14776
7.57333	-14827
7.57500	-14884
7.57667	-14942
7.57833	-14997
7.58000	-15053
7.58167	-15114
7.58333	-15184
7.58500	-15253
7.58667	-15317
7.58833	-15381
7.59000	-15450
7.59167	-15526
7.59333	-15603
7.59500	-15675
7.59667	-15748
7.59833	-15826
7.60000	-15913
7.60167	-16001
7.60333	-16084
7.60500	-16167
7.60667	-16257
7.60833	-16358
7.61000	-16458
7.61167	-16551
7.61333	-16643
7.61500	-16740
7.61667	-16849
7.61833	-16956
7.62000	-17057
7.62167	-17157
7.62333	-17264
7.62500	-17384
7.62667	-17502
7.62833	-17611
7.63000	-17719
7.63167	-17833
7.63333	-17960
7.63500	-18084
7.63667	-18197
7.63833	-18305
7.64000	-18417
7.64167	-18541
7.64333	-18660
7.64500	-18768
7.64667	-18871
7.64833	-18978
7.65000	-19095
7.65167	-19208
7.65333	-19309
7.65500	-19405
7.65667	-19503
7.65833	-19611
7.66000	-19714
7.66167	-19807
7.66333	-19895
7.66500	-19985
7.66667	-20084
7.66833	-20180
7.67000	-20266
7.67167	-20348
7.67333	-20433
7.67500	-20526
7.67667	-20616
7.67833	-20696
7.68000	-20771
7.68167	-20847
7.68333	-20930
7.68500	-21009
7.68667	-21078
7.68833	-21142
7.69000	-21206
7.69167	-21276
7.69333	-21342
7.69500	-21400
7.69667	-21456
7.69833	-21512
7.70000	-21574
7.70167	-21633
7.70333	-21687
7.70500	-21739
7.70667	-21793
7.70833	-21853
7.71000	-21910
7.71167	-21963
7.71333	-22013
7.71500	-22066
7.71667	-22124
7.71833	-22181
7.72000	-22234
7.72167	-22287
7.72333	-22344
7.72500	-22407
7.72667	-22470
7.72833	-22530
7.73000	-22588
7.73167	-22651
7.73333	-22722
7.73500	-22792
7.73667	-22858
7.73833	-22925
7.74000	-22997
7.74167	-23078
7.74333	-23158
7.74500	-23235
7.74667	-23312
7.74833	-23395
7.75000	-23488
7.75167	-23580
7.75333	-23667
7.75500	-23753
7.75667	-23845
7.75833	-23948
7.76000	-24050
7.76167	-24147
7.76333	-24243
7.76500	-24346
7.76667	-24462
7.76833	-24577
7.77000	-24683
7.77167	-24787
7.77333	-24897
7.77500	-25020
7.77667	-25140
7.77833	-25251
7.78000	-25359
7.78167	-25474
7.78333	-25600
7.78500	-25725
7.78667	-25839
7.78833	-25950
7.79000	-26067
7.79167	-26197
7.79333	-26325
7.79500	-26442
7.79667	-26556
7.79833	-26676
7.80000	-26808
7.80167	-26938
7.80333	-27055
7.80500	-27167
7.80667	-27283
7.80833	-27412
7.81000	-27535
7.81167	-27645
7.81333	-27749
7.81500	-27855
7.81667	-27970
7.81833	-28081
7.82000	-28180
7.82167	-28274
7.82333	-28369
7.82500	-28474
7.82667	-28574
7.82833	-28664
7.83000	-28749
7.83167	-28835
7.83333	-28930
7.83500	-29020
7.83667	-29101
7.83833	-29177
7.84000	-29254
7.84167	-29339
7.84333	-29420
7.84500	-29492
7.84667	-29561
7.84833	-29630
7.85000	-29706
7.85167	-29779
7.85333	-29844
7.85500	-29904
7.85667	-29966
7.85833	-30033
7.86000	-30098
7.86167	-30157
7.86333	-30214
7.86500	-30273
7.86667	-30339
7.86833	-30403
7.87000	-30461
7.87167	-30517
7.87333	-30575
7.87500	-30640
7.87667	-30704
7.87833	-30763
7.88000	-30821
7.88167	-30883
7.88333	-30952
7.88500	-31021
7.88667	-31086
7.88833	-31151
7.89000	-31222
7.89167	-31301
7.89333	-31380
7.89500	-31455
7.89667	-31529
7.89833	-31608
7.90000	-31698
7.90167	-31786
7.90333	-31871
7.90500	-31955
7.90667	-32046
7.90833	-32149
7.91000	-32251
7.91167	-32346
7.91333	-32440
7.91500	-32540
7.91667	-32652
7.91833	-32763
7.92000	-32868
7.92167	-32971
7.92333	-33082
7.92500	-33206
7.92667	-33329
7.92833	-33443
7.93000	-33556
7.93167	-33677
7.93333	-33812
7.93500	-33945
7.93667	-34066
7.93833	-34185
7.94000	-34309
7.94167	-34446
7.94333	-34581
7.94500	-34705
7.94667	-34825
7.94833	-34952
7.95000	-35093
7.95167	-35231
7.95333	-35356
7.95500	-35477
7.95667	-35603
7.95833	-35742
7.96000	-35876
7.96167	-35997
7.96333	-36111
7.96500	-36229
7.96667	-36358
7.96833	-36482
7.97000	-36594
7.97167	-36700
7.97333	-36810
7.97500	-36931
7.97667	-37047
7.97833	-37151
7.98000	-37249
7.98167	-37349
7.98333	-37458
7.98500	-37563
7.98667	-37656
7.98833	-37743
7.99000	-37832
7.99167	-37928
7.99333	-38021
7.99500	-38103
7.99667	-38179
7.99833	-38257
8.00000	-38341
8.00167	-38421
8.00333	-38492
8.00500	-38558
8.00667	-38625
8.00833	-38697
8.01000	-38766
8.01167	-38827
8.01333	-38884
8.01500	-38942
8.01667	-39006
8.01833	-39066
8.02000	-39120
8.02167	-39171
8.02333	-39223
8.02500	-39279
8.02667	-39334
8.02833	-39383
8.03000	-39431
8.03167	-39481
8.03333	-39536
8.03500	-39591
8.03667	-39642
8.03833	-39692
8.04000	-39746
8.04167	-39807
8.04333	-39867
8.04500	-39923
8.04667	-39979
8.04833	-40039
8.05000	-40106
8.05167	-40172
8.05333	-40235
8.05500	-40297
8.05667	-40364
8.05833	-40438
8.06000	-40513
8.06167	-40585
8.06333	-40658
8.06500	-40738
8.06667	-40828
8.06833	-40918
8.07000	-41003
8.07167	-41088
8.07333	-41179
8.07500	-41282
8.07667	-41383
8.07833	-41478
8.08000	-41571
8.08167	-41670
8.08333	-41781
8.08500	-41890
8.08667	-41993
8.08833	-42094
8.09000	-42202
8.09167	-42324
8.09333	-42444
8.09500	-42555
8.09667	-42665
8.09833	-42782
8.10000	-42913
8.10167	-43041
8.10333	-43159
8.10500	-43273
8.10667	-43394
8.10833	-43528
8.11000	-43658
8.11167	-43776
8.11333	-43891
8.11500	-44010
8.11667	-44141
8.11833	-44269
8.12000	-44384
8.12167	-44495
8.12333	-44611
8.12500	-44738
8.12667	-44862
8.12833	-44973
8.13000	-45080
8.13167	-45191
8.13333	-45313
8.13500	-45431
8.13667	-45537
8.13833	-45638
8.14000	-45743
8.14167	-45857
8.14333	-45967
8.14500	-46066
8.14667	-46159
8.14833	-46254
8.15000	-46358
8.15167	-46457
8.15333	-46545
8.15500	-46627
8.15667	-46711
8.15833	-46801
8.16000	-46888
8.16167	-46967
8.16333	-47042
8.16500	-47120
8.16667	-47206
8.16833	-47290
8.17000	-47366
8.17167	-47440
8.17333	-47517
8.17500	-47603
8.17667	-47686
8.17833	-47762
8.18000	-47834
8.18167	-47908
8.18333	-47990
8.18500	-48069
8.18667	-48143
8.18833	-48214
8.19000	-48289
8.19167	-48372
8.19333	-48454
8.19500	-48531
8.19667	-48607
8.19833	-48688
8.20000	-48778
8.20167	-48868
8.20333	-48953
8.20500	-49037
8.20667	-49128
8.20833	-49231
8.21000	-49333
8.21167	-49428
8.21333	-49522
8.21500	-49623
8.21667	-49736
8.21833	-49848
8.22000	-49953
8.22167	-50057
8.22333	-50169
8.22500	-50294
8.22667	-50418
8.22833	-50534
8.23000	-50648
8.23167	-50771
8.23333	-50908
8.23500	-51043
8.23667	-51169
8.23833	-51292
8.24000	-51423
8.24167	-51568
8.24333	-51711
8.24500	-51844
8.24667	-51974
8.24833	-52111
8.25000	-52264
8.25167	-52414
8.25333	-52552
8.25500	-52685
8.25667	-52826
8.25833	-52981
8.26000	-53132
8.26167	-53270
8.26333	-53403
8.26500	-53542
8.26667	-53695
8.26833	-53844
8.27000	-53980
8.27167	-54109
8.27333	-54244
8.27500	-54393
8.27667	-54537
8.27833	-54668
8.28000	-54793
8.28167	-54923
8.28333	-55067
8.28500	-55206
8.28667	-55331
8.28833	-55450
8.29000	-55573
8.29167	-55709
8.29333	-55839
8.29500	-55956
8.29667	-56067
8.29833	-56181
8.30000	-56305
8.30167	-56424
8.30333	-56531
8.30500	-56632
8.30667	-56735
8.30833	-56848
8.31000	-56957
8.31167	-57054
8.31333	-57146
8.31500	-57241
8.31667	-57344
8.31833	-57443
8.32000	-57533
8.32167	-57620
8.32333	-57710
8.32500	-57809
8.32667	-57905
8.32833	-57992
8.33000	-58076
8.33167	-58163
8.33333	-58259
8.33500	-58352
8.33667	-58437
8.33833	-58518
8.34000	-58602
8.34167	-58696
8.34333	-58787
8.34500	-58872
8.34667	-58955
8.34833	-59043
8.35000	-59141
8.35167	-59238
8.35333	-59328
8.35500	-59417
8.35667	-59511
8.35833	-59616
8.36000	-59720
8.36167	-59816
8.36333	-59911
8.36500	-60012
8.36667	-60124
8.36833	-60235
8.37000	-60340
8.37167	-60444
8.37333	-60556
8.37500	-60681
8.37667	-60805
8.37833	-60921
8.38000	-61035
8.38167	-61157
8.38333	-61293
8.38500	-61427
8.38667	-61552
8.38833	-61675
8.39000	-61806
8.39167	-61952
8.39333	-62096
8.39500	-62230
8.39667	-62363
8.39833	-62503
8.40000	-62660
8.40167	-62814
8.40333	-62957
8.40500	-63097
8.40667	-63245
8.40833	-63410
8.41000	-63571
8.41167	-63718
8.41333	-63861
8.41500	-64010
8.41667	-64175
8.41833	-64335
8.42000	-64481
8.42167	-64622
8.42333	-64769
8.42500	-64932
8.42667	-65090
8.42833	-65233
8.43000	-65370
8.43167	-65513
8.43333	-65670
8.43500	-65822
8.43667	-65960
8.43833	-66091
8.44000	-66227
8.44167	-66376
8.44333	-66521
8.44500	-66651
8.44667	-66775
8.44833	-66903
8.45000	-67044
8.45167	-67180
8.45333	-67302
8.45500	-67418
8.45667	-67537
8.45833	-67668
8.46000	-67795
8.46167	-67909
8.46333	-68017
8.46500	-68129
8.46667	-68252
8.46833	-68371
8.47000	-68477
8.47167	-68577
8.47333	-68680
8.47500	-68792
8.47667	-68900
8.47833	-68998
8.48000	-69091
8.48167	-69188
8.48333	-69294
8.48500	-69396
8.48667	-69489
8.48833	-69579
8.49000	-69671
8.49167	-69773
8.49333	-69871
8.49500	-69961
8.49667	-70048
8.49833	-70138
8.50000	-70237
8.50167	-70335
8.50333	-70425
8.50500	-70513
8.50667	-70605
8.50833	-70708
8.51000	-70810
8.51167	-70905
8.51333	-70998
8.51500	-71098
8.51667	-71209
8.51833	-71318
8.52000	-71420
8.52167	-71520
8.52333	-71627
8.52500	-71746
8.52667	-71864
8.52833	-71974
8.53000	-72082
8.53167	-72197
8.53333	-72326
8.53500	-72454
8.53667	-72574
8.53833	-72694
8.54000	-72822
8.54167	-72966
8.54333	-73108
8.54500	-73239
8.54667	-73369
8.54833	-73506
8.55000	-73659
8.55167	-73810
8.55333	-73948
8.55500	-74083
8.55667	-74225
8.55833	-74382
8.56000	-74536
8.56167	-74679
8.56333	-74818
8.56500	-74965
8.56667	-75129
8.56833	-75289
8.57000	-75437
8.57167	-75581
8.57333	-75733
8.57500	-75902
8.57667	-76067
8.57833	-76216
8.58000	-76360
8.58167	-76510
8.58333	-76675
8.58500	-76836
8.58667	-76981
8.58833	-77120
8.59000	-77264
8.59167	-77423
8.59333	-77578
8.59500	-77717
8.59667	-77851
8.59833	-77990
8.60000	-78142
8.60167	-78290
8.60333	-78424
8.60500	-78552
8.60667	-78684
8.60833	-78830
8.61000	-78970
8.61167	-79097
8.61333	-79217
8.61500	-79342
8.61667	-79478
8.61833	-79610
8.62000	-79729
8.62167	-79844
8.62333	-79962
8.62500	-80093
8.62667	-80219
8.62833	-80332
8.63000	-80441
8.63167	-80553
8.63333	-80675
8.63500	-80794
8.63667	-80901
8.63833	-81003
8.64000	-81108
8.64167	-81224
8.64333	-81336
8.64500	-81438
8.64667	-81537
8.64833	-81640
8.65000	-81754
8.65167	-81865
8.65333	-81967
8.65500	-82066
8.65667	-82170
8.65833	-82285
8.66000	-82398
8.66167	-82502
8.66333	-82604
8.66500	-82712
8.66667	-82832
8.66833	-82949
8.67000	-83059
8.67167	-83166
8.67333	-83279
8.67500	-83405
8.67667	-83530
8.67833	-83646
8.68000	-83760
8.68167	-83881
8.68333	-84017
8.68500	-84150
8.68667	-84274
8.68833	-84396
8.69000	-84525
8.69167	-84669
8.69333	-84810
8.69500	-84941
8.69667	-85068
8.69833	-85203
8.70000	-85352
8.70167	-85499
8.70333	-85636
8.70500	-85771
8.70667	-85914
8.70833	-86074
8.71000	-86231
8.71167	-86377
8.71333	-86521
8.71500	-86673
8.71667	-86842
8.71833	-87007
8.72000	-87158
8.72167	-87305
8.72333	-87458
8.72500	-87627
8.72667	-87793
8.72833	-87945
8.73000	-88092
8.73167	-88247
8.73333	-88419
8.73500	-88587
8.73667	-88740
8.73833	-88888
8.74000	-89043
8.74167	-89214
8.74333	-89380
8.74500	-89529
8.74667	-89672
8.74833	-89820
8.75000	-89982
8.75167	-90139
8.75333	-90281
8.75500	-90417
8.75667	-90559
8.75833	-90715
8.76000	-90866
8.76167	-91002
8.76333	-91131
8.76500	-91266
8.76667	-91413
8.76833	-91555
8.77000	-91682
8.77167	-91803
8.77333	-91926
8.77500	-92061
8.77667	-92192
8.77833	-92310
8.78000	-92423
8.78167	-92541
8.78333	-92670
8.78500	-92796
8.78667	-92910
8.78833	-93019
8.79000	-93133
8.79167	-93258
8.79333	-93379
8.79500	-93488
8.79667	-93592
8.79833	-93700
8.80000	-93819
8.80167	-93934
8.80333	-94038
8.80500	-94138
8.80667	-94243
8.80833	-94358
8.81000	-94471
8.81167	-94574
8.81333	-94675
8.81500	-94781
8.81667	-94899
8.81833	-95015
8.82000	-95122
8.82167	-95227
8.82333	-95337
8.82500	-95460
8.82667	-95582
8.82833	-95694
8.83000	-95806
8.83167	-95924
8.83333	-96057
8.83500	-96187
8.83667	-96308
8.83833	-96427
8.84000	-96553
8.84167	-96693
8.84333	-96831
8.84500	-96959
8.84667	-97083
8.84833	-97216
8.85000	-97363
8.85167	-97508
8.85333	-97643
8.85500	-97776
8.85667	-97917
8.85833	-98075
8.86000	-98231
8.86167	-98377
8.86333	-98520
8.86500	-98672
8.86667	-98842
8.86833	-99009
8.87000	-99162
8.87167	-99311
8.87333	-99468
8.87500	-99642
8.87667	-99812
8.87833	-99968
8.88000	-100120
8.88167	-100280
8.88333	-100457
8.88500	-100631
8.88667	-100789
8.88833	-100943
8.89000	-101105
8.89167	-101284
8.89333	-101458
8.89500	-101616
8.89667	-101768
8.89833	-101927
8.90000	-102101
8.90167	-102271
8.90333	-102427
8.90500	-102577
8.90667	-102734
8.90833	-102907
8.91000	-103076
8.91167	-103229
8.91333	-103375
8.91500	-103527
8.91667	-103695
8.91833	-103856
8.92000	-104002
8.92167	-104141
8.92333	-104284
8.92500	-104441
8.92667	-104592
8.92833	-104730
8.93000	-104861
8.93167	-104998
8.93333	-105148
8.93500	-105294
8.93667	-105425
8.93833	-105551
8.94000	-105682
8.94167	-105826
8.94333	-105966
8.94500	-106092
8.94667	-106214
8.94833	-106341
8.95000	-106481
8.95167	-106617
8.95333	-106740
8.95500	-106859
8.95667	-106982
8.95833	-107118
8.96000	-107251
8.96167	-107372
8.96333	-107488
8.96500	-107609
8.96667	-107743
8.96833	-107874
8.97000	-107995
8.97167	-108112
8.97333	-108235
8.97500	-108372
8.97667	-108507
8.97833	-108630
8.98000	-108750
8.98167	-108877
8.98333	-109017
8.98500	-109156
8.98667	-109284
8.98833	-109412
8.99000	-109548
8.99167	-109700
8.99333	-109849
8.99500	-109986
8.99667	-110120
8.99833	-110261
9.00000	-110416
9.00167	-110569
9.00333	-110709
9.00500	-110845
9.00667	-110989
9.00833	-111148
9.01000	-111305
9.01167	-111452
9.01333	-111598
9.01500	-111753
9.01667	-111928
9.01833	-112099
9.02000	-112258
9.02167	-112413
9.02333	-112577
9.02500	-112759
9.02667	-112937
9.02833	-113101
9.03000	-113261
9.03167	-113428
9.03333	-113614
9.03500	-113796
9.03667	-113963
9.03833	-114126
9.04000	-114298
9.04167	-114489
9.04333	-114675
9.04500	-114845
9.04667	-115010
9.04833	-115182
9.05000	-115372
9.05167	-115558
9.05333	-115728
9.05500	-115893
9.05667	-116065
9.05833	-116256
9.06000	-116442
9.06167	-116612
9.06333	-116777
9.06500	-116950
9.06667	-117142
9.06833	-117327
9.07000	-117495
9.07167	-117655
9.07333	-117821
9.07500	-118002
9.07667	-118179
9.07833	-118338
9.08000	-118490
9.08167	-118648
9.08333	-118822
9.08500	-118991
9.08667	-119145
9.08833	-119293
9.09000	-119447
9.09167	-119617
9.09333	-119782
9.09500	-119931
9.09667	-120074
9.09833	-120223
9.10000	-120386
9.10167	-120544
9.10333	-120688
9.10500	-120826
9.10667	-120970
9.10833	-121128
9.11000	-121281
9.11167	-121422
9.11333	-121557
9.11500	-121698
9.11667	-121854
9.11833	-122006
9.12000	-122144
9.12167	-122278
9.12333	-122417
9.12500	-122572
9.12667	-122722
9.12833	-122860
9.13000	-122994
9.13167	-123135
9.13333	-123291
9.13500	-123444
9.13667	-123586
9.13833	-123726
9.14000	-123873
9.14167	-124038
9.14333	-124199
9.14500	-124349
9.14667	-124494
9.14833	-124648
9.15000	-124819
9.15167	-124986
9.15333	-125139
9.15500	-125287
9.15667	-125443
9.15833	-125615
9.16000	-125784
9.16167	-125940
9.16333	-126092
9.16500	-126252
9.16667	-126430
9.16833	-126605
9.17000	-126767
9.17167	-126926
9.17333	-127095
9.17500	-127284
9.17667	-127469
9.17833	-127639
9.18000	-127806
9.18167	-127982
9.18333	-128177
9.18500	-128368
9.18667	-128544
9.18833	-128715
9.19000	-128896
9.19167	-129096
9.19333	-129291
9.19500	-129470
9.19667	-129643
9.19833	-129824
9.20000	-130025
9.20167	-130220
9.20333	-130399
9.20500	-130573
9.20667	-130754
9.20833	-130955
9.21000	-131151
9.21167	-131330
9.21333	-131504
9.21500	-131685
9.21667	-131886
9.21833	-132081
9.22000	-132259
9.22167	-132431
9.22333	-132611
9.22500	-132809
9.22667	-133002
9.22833	-133177
9.23000	-133347
9.23167	-133524
9.23333	-133720
9.23500	-133909
9.23667	-134081
9.23833	-134244
9.24000	-134414
9.24167	-134600
9.24333	-134780
9.24500	-134943
9.24667	-135099
9.24833	-135261
9.25000	-135439
9.25167	-135611
9.25333	-135769
9.25500	-135922
9.25667	-136082
9.25833	-136259
9.26000	-136431
9.26167	-136587
9.26333	-136738
9.26500	-136895
9.26667	-137069
9.26833	-137237
9.27000	-137391
9.27167	-137539
9.27333	-137694
9.27500	-137864
9.27667	-138031
9.27833	-138183
9.28000	-138330
9.28167	-138483
9.28333	-138653
9.28500	-138818
9.28667	-138968
9.28833	-139113
9.29000	-139264
9.29167	-139430
9.29333	-139592
9.29500	-139741
9.29667	-139887
9.29833	-140040
9.30000	-140211
9.30167	-140379
9.30333	-140533
9.30500	-140684
9.30667	-140843
9.30833	-141020
9.31000	-141194
9.31167	-141353
9.31333	-141509
9.31500	-141673
9.31667	-141854
9.31833	-142033
9.32000	-142197
9.32167	-142357
9.32333	-142527
9.32500	-142714
9.32667	-142898
9.32833	-143068
9.33000	-143234
9.33167	-143409
9.33333	-143603
9.33500	-143793
9.33667	-143968
9.33833	-144139
9.34000	-144319
9.34167	-144518
9.34333	-144713
9.34500	-144891
9.34667	-145064
9.34833	-145245
9.35000	-145444
9.35167	-145640
9.35333	-145819
9.35500	-145994
9.35667	-146177
9.35833	-146381
9.36000	-146580
9.36167	-146763
9.36333	-146940
9.36500	-147125
9.36667	-147331
9.36833	-147531
9.37000	-147714
9.37167	-147890
9.37333	-148075
9.37500	-148279
9.37667	-148477
9.37833	-148658
9.38000	-148833
9.38167	-149016
9.38333	-149217
9.38500	-149414
9.38667	-149592
9.38833	-149764
9.39000	-149943
9.39167	-150141
9.39333	-150333
9.39500	-150508
9.39667	-150676
9.39833	-150852
9.40000	-151046
9.40167	-151234
9.40333	-151405
9.40500	-151568
9.40667	-151738
9.40833	-151925
9.41000	-152106
9.41167	-152271
9.41333	-152429
9.41500	-152593
9.41667	-152774
9.41833	-152950
9.42000	-153111
9.42167	-153266
9.42333	-153428
9.42500	-153606
9.42667	-153781
9.42833	-153939
9.43000	-154092
9.43167	-154253
9.43333	-154429
9.43500	-154602
9.43667	-154759
9.43833	-154910
9.44000	-155068
9.44167	-155242
9.44333	-155412
9.44500	-155567
9.44667	-155717
9.44833	-155874
9.45000	-156047
9.45167	-156217
9.45333	-156374
9.45500	-156527
9.45667	-156689
9.45833	-156870
9.46000	-157046
9.46167	-157208
9.46333	-157364
9.46500	-157529
9.46667	-157711
9.46833	-157889
9.47000	-158053
9.47167	-158211
9.47333	-158377
9.47500	-158562
9.47667	-158742
9.47833	-158908
9.48000	-159070
9.48167	-159241
9.48333	-159431
9.48500	-159617
9.48667	-159789
9.48833	-159958
9.49000	-160135
9.49167	-160333
9.49333	-160527
9.49500	-160705
9.49667	-160880
9.49833	-161064
9.50000	-161269
9.50167	-161468
9.50333	-161651
9.50500	-161826
9.50667	-162010
9.50833	-162213
9.51000	-162410
9.51167	-162592
9.51333	-162768
9.51500	-162953
9.51667	-163158
9.51833	-163359
9.52000	-163545
9.52167	-163726
9.52333	-163917
9.52500	-164129
9.52667	-164336
9.52833	-164524
9.53000	-164705
9.53167	-164894
9.53333	-165101
9.53500	-165303
9.53667	-165487
9.53833	-165664
9.54000	-165849
9.54167	-166053
9.54333	-166252
9.54500	-166433
9.54667	-166610
9.54833	-166795
9.55000	-167000
9.55167	-167200
9.55333	-167381
9.55500	-167556
9.55667	-167738
9.55833	-167938
9.56000	-168133
9.56167	-168310
9.56333	-168481
9.56500	-168659
9.56667	-168856
9.56833	-169047
9.57000	-169223
9.57167	-169392
9.57333	-169570
9.57500	-169766
9.57667	-169957
9.57833	-170131
9.58000	-170297
9.58167	-170471
9.58333	-170662
9.58500	-170847
9.58667	-171017
9.58833	-171180
9.59000	-171350
9.59167	-171539
9.59333	-171722
9.59500	-171890
9.59667	-172052
9.59833	-172222
9.60000	-172409
9.60167	-172591
9.60333	-172758
9.60500	-172919
9.60667	-173087
9.60833	-173273
9.61000	-173455
9.61167	-173622
9.61333	-173785
9.61500	-173957
9.61667	-174148
9.61833	-174335
9.62000	-174507
9.62167	-174674
9.62333	-174851
9.62500	-175047
9.62667	-175238
9.62833	-175414
9.63000	-175585
9.63167	-175765
9.63333	-175965
9.63500	-176160
9.63667	-176339
9.63833	-176514
9.64000	-176697
9.64167	-176901
9.64333	-177100
9.64500	-177283
9.64667	-177460
9.64833	-177646
9.65000	-177851
9.65167	-178052
9.65333	-178236
9.65500	-178414
9.65667	-178601
9.65833	-178807
9.66000	-179009
9.66167	-179195
9.66333	-179376
9.66500	-179567
9.66667	-179779
9.66833	-179986
9.67000	-180177
9.67167	-180364
9.67333	-180560
9.67500	-180778
9.67667	-180990
9.67833	-181185
9.68000	-181373
9.68167	-181571
9.68333	-181789
9.68500	-182002
9.68667	-182197
9.68833	-182385
9.69000	-182582
9.69167	-182799
9.69333	-183011
9.69500	-183205
9.69667	-183392
9.69833	-183588
9.70000	-183805
9.70167	-184016
9.70333	-184208
9.70500	-184392
9.70667	-184585
9.70833	-184798
9.71000	-185005
9.71167	-185193
9.71333	-185375
9.71500	-185564
9.71667	-185772
9.71833	-185975
9.72000	-186161
9.72167	-186341
9.72333	-186529
9.72500	-186737
9.72667	-186941
9.72833	-187126
9.73000	-187305
9.73167	-187491
9.73333	-187697
9.73500	-187898
9.73667	-188081
9.73833	-188257
9.74000	-188441
9.74167	-188644
9.74333	-188841
9.74500	-189022
9.74667	-189196
9.74833	-189379
9.75000	-189580
9.75167	-189777
9.75333	-189955
9.75500	-190126
9.75667	-190305
9.75833	-190502
9.76000	-190694
9.76167	-190870
9.76333	-191040
9.76500	-191218
9.76667	-191416
9.76833	-191609
9.77000	-191786
9.77167	-191957
9.77333	-192136
9.77500	-192335
9.77667	-192529
9.77833	-192706
9.78000	-192878
9.78167	-193058
9.78333	-193257
9.78500	-193452
9.78667	-193631
9.78833	-193806
9.79000	-193990
9.79167	-194195
9.79333	-194394
9.79500	-194576
9.79667	-194753
9.79833	-194938
9.80000	-195143
9.80167	-195343
9.80333	-195527
9.80500	-195705
9.80667	-195893
9.80833	-196101
9.81000	-196306
9.81167	-196494
9.81333	-196677
9.81500	-196870
9.81667	-197085
9.81833	-197295
9.82000	-197486
9.82167	-197672
9.82333	-197866
9.82500	-198080
9.82667	-198289
9.82833	-198481
9.83000	-198666
9.83167	-198860
9.83333	-199075
9.83500	-199284
9.83667	-199477
9.83833	-199664
9.84000	-199861
9.84167	-200079
9.84333	-200292
9.84500	-200487
9.84667	-200675
9.84833	-200873
9.85000	-201091
9.85167	-201303
9.85333	-201497
9.85500	-201685
9.85667	-201881
9.85833	-202097
9.86000	-202308
9.86167	-202500
9.86333	-202687
9.86500	-202882
9.86667	-203098
9.86833	-203309
9.87000	-203501
9.87167	-203687
9.87333	-203882
9.87500	-204098
9.87667	-204308
9.87833	-204498
9.88000	-204682
9.88167	-204873
9.88333	-205084
9.88500	-205289
9.88667	-205475
9.88833	-205655
9.89000	-205842
9.89167	-206048
9.89333	-206249
9.89500	-206433
9.89667	-206610
9.89833	-206796
9.90000	-207002
9.90167	-207203
9.90333	-207387
9.90500	-207565
9.90667	-207752
9.90833	-207958
9.91000	-208160
9.91167	-208344
9.91333	-208521
9.91500	-208707
9.91667	-208913
9.91833	-209113
9.92000	-209295
9.92167	-209472
9.92333	-209656
9.92500	-209859
9.92667	-210058
9.92833	-210241
9.93000	-210418
9.93167	-210604
9.93333	-210810
9.93500	-211011
9.93667	-211195
9.93833	-211374
9.94000	-211561
9.94167	-211769
9.94333	-211971
9.94500	-212157
9.94667	-212336
9.94833	-212524
9.95000	-212732
9.95167	-212935
9.95333	-213121
9.95500	-213303
9.95667	-213493
9.95833	-213704
9.96000	-213910
9.96167	-214099
9.96333	-214283
9.96500	-214476
9.96667	-214690
9.96833	-214900
9.97000	-215092
9.97167	-215280
9.97333	-215477
9.97500	-215696
9.97667	-215909
9.97833	-216105
9.98000	-216295
9.98167	-216493
9.98333	-216713
9.98500	-216927
9.98667	-217123
9.98833	-217313
9.99000	-217512
9.99167	-217732
9.99333	-217947
9.99500	-218144
9.99667	-218335
9.99833	-218534
10.00000	-218756
10.00167	-218971
10.00333	-219168
10.00500	-219359
10.00667	-219558
10.00833	-219779
10.01000	-219994
10.01167	-220191
10.01333	-220382
10.01500	-220582
10.01667	-220804
10.01833	-221021
10.02000	-221218
10.02167	-221408
10.02333	-221607
10.02500	-221827
10.02667	-222040
10.02833	-222235
10.03000	-222423
10.03167	-222619
10.03333	-222835
10.03500	-223046
10.03667	-223239
10.03833	-223426
10.04000	-223621
10.04167	-223838
10.04333	-224048
10.04500	-224241
10.04667	-224426
10.04833	-224621
10.05000	-224835
10.05167	-225044
10.05333	-225234
10.05500	-225419
10.05667	-225612
10.05833	-225825
10.06000	-226033
10.06167	-226224
10.06333	-226408
10.06500	-226601
10.06667	-226814
10.06833	-227022
10.07000	-227211
10.07167	-227394
10.07333	-227585
10.07500	-227796
10.07667	-228002
10.07833	-228189
10.08000	-228369
10.08167	-228557
10.08333	-228765
10.08500	-228968
10.08667	-229154
10.08833	-229336
10.09000	-229527
10.09167	-229739
10.09333	-229946
10.09500	-230136
10.09667	-230320
10.09833	-230512
10.10000	-230725
10.10167	-230932
10.10333	-231121
10.10500	-231303
10.10667	-231492
10.10833	-231701
10.11000	-231905
10.11167	-232092
10.11333	-232274
10.11500	-232466
10.11667	-232678
10.11833	-232886
10.12000	-233077
10.12167	-233263
10.12333	-233460
10.12500	-233677
10.12667	-233890
10.12833	-234086
10.13000	-234276
10.13167	-234475
10.13333	-234697
10.13500	-234912
10.13667	-235109
10.13833	-235298
10.14000	-235495
10.14167	-235713
10.14333	-235926
10.14500	-236120
10.14667	-236308
10.14833	-236506
10.15000	-236724
10.15167	-236938
10.15333	-237134
10.15500	-237325
10.15667	-237526
10.15833	-237749
10.16000	-237967
10.16167	-238166
10.16333	-238360
10.16500	-238563
10.16667	-238787
10.16833	-239006
10.17000	-239206
10.17167	-239399
10.17333	-239601
10.17500	-239824
10.17667	-240042
10.17833	-240240
10.18000	-240432
10.18167	-240632
10.18333	-240854
10.18500	-241070
10.18667	-241268
10.18833	-241459
10.19000	-241659
10.19167	-241881
10.19333	-242097
10.19500	-242295
10.19667	-242485
10.19833	-242685
10.20000	-242905
10.20167	-243120
10.20333	-243316
10.20500	-243505
10.20667	-243704
10.20833	-243923
10.21000	-244136
10.21167	-244332
10.21333	-244521
10.21500	-244720
10.21667	-244939
10.21833	-245153
10.22000	-245348
10.22167	-245536
10.22333	-245733
10.22500	-245950
10.22667	-246161
10.22833	-246354
10.23000	-246541
10.23167	-246735
10.23333	-246951
10.23500	-247161
10.23667	-247353
10.23833	-247540
10.24000	-247736
10.24167	-247953
10.24333	-248165
10.24500	-248358
10.24667	-248546
10.24833	-248743
10.25000	-248960
10.25167	-249172
10.25333	-249365
10.25500	-249551
10.25667	-249746
10.25833	-249961
10.26000	-250170
10.26167	-250362
10.26333	-250547
10.26500	-250742
10.26667	-250957
10.26833	-251167
10.27000	-251361
10.27167	-251549
10.27333	-251747
10.27500	-251967
10.27667	-252182
10.27833	-252378
10.28000	-252568
10.28167	-252768
10.28333	-252988
10.28500	-253203
10.28667	-253399
10.28833	-253587
10.29000	-253785
10.29167	-254002
10.29333	-254215
10.29500	-254409
10.29667	-254598
10.29833	-254795
10.30000	-255014
10.30167	-255228
10.30333	-255425
10.30500	-255616
10.30667	-255816
10.30833	-256038
10.31000	-256255
10.31167	-256454
10.31333	-256645
10.31500	-256845
10.31667	-257066
10.31833	-257282
10.32000	-257479
10.32167	-257671
10.32333	-257871
10.32500	-258093
10.32667	-258309
10.32833	-258507
10.33000	-258698
10.33167	-258898
10.33333	-259119
10.33500	-259335
10.33667	-259531
10.33833	-259721
10.34000	-259920
10.34167	-260139
10.34333	-260353
10.34500	-260549
10.34667	-260738
10.34833	-260937
10.35000	-261157
10.35167	-261372
10.35333	-261568
10.35500	-261757
10.35667	-261956
10.35833	-262174
10.36000	-262388
10.36167	-262582
10.36333	-262769
10.36500	-262964
10.36667	-263179
10.36833	-263389
10.37000	-263580
10.37167	-263764
10.37333	-263957
10.37500	-264170
10.37667	-264378
10.37833	-264568
10.38000	-264753
10.38167	-264947
10.38333	-265162
10.38500	-265371
10.38667	-265562
10.38833	-265747
10.39000	-265940
10.39167	-266154
10.39333	-266362
10.39500	-266552
10.39667	-266735
10.39833	-266927
10.40000	-267140
10.40167	-267347
10.40333	-267536
10.40500	-267720
10.40667	-267912
10.40833	-268125
10.41000	-268333
10.41167	-268522
10.41333	-268706
10.41500	-268897
10.41667	-269109
10.41833	-269315
10.42000	-269504
10.42167	-269686
10.42333	-269877
10.42500	-270088
10.42667	-270294
10.42833	-270482
10.43000	-270665
10.43167	-270857
10.43333	-271070
10.43500	-271278
10.43667	-271469
10.43833	-271654
10.44000	-271849
10.44167	-272065
10.44333	-272275
10.44500	-272467
10.44667	-272652
10.44833	-272846
10.45000	-273060
10.45167	-273269
10.45333	-273459
10.45500	-273644
10.45667	-273836
10.45833	-274049
10.46000	-274257
10.46167	-274448
10.46333	-274632
10.46500	-274827
10.46667	-275042
10.46833	-275252
10.47000	-275444
10.47167	-275631
10.47333	-275827
10.47500	-276043
10.47667	-276255
10.47833	-276448
10.48000	-276635
10.48167	-276832
10.48333	-277048
10.48500	-277260
10.48667	-277453
10.48833	-277639
10.49000	-277834
10.49167	-278049
10.49333	-278260
10.49500	-278452
10.49667	-278639
10.49833	-278835
10.50000	-279052
10.50167	-279263
10.50333	-279457
10.50500	-279645
10.50667	-279841
10.50833	-280059
10.51000	-280271
10.51167	-280465
10.51333	-280652
10.51500	-280848
10.51667	-281065
10.51833	-281276
10.52000	-281468
10.52167	-281654
10.52333	-281848
10.52500	-282062
10.52667	-282271
10.52833	-282462
10.53000	-282647
10.53167	-282840
10.53333	-283054
10.53500	-283262
10.53667	-283453
10.53833	-283636
10.54000	-283829
10.54167	-284041
10.54333	-284248
10.54500	-284437
10.54667	-284620
10.54833	-284811
10.55000	-285023
10.55167	-285230
10.55333	-285420
10.55500	-285604
10.55667	-285797
10.55833	-286011
10.56000	-286219
10.56167	-286409
10.56333	-286593
10.56500	-286785
10.56667	-286998
10.56833	-287205
10.57000	-287394
10.57167	-287577
10.57333	-287769
10.57500	-287982
10.57667	-288189
10.57833	-288378
10.58000	-288562
10.58167	-288754
10.58333	-288967
10.58500	-289175
10.58667	-289365
10.58833	-289548
10.59000	-289741
10.59167	-289954
10.59333	-290162
10.59500	-290351
10.59667	-290535
10.59833	-290727
10.60000	-290939
10.60167	-291146
10.60333	-291337
10.60500	-291521
10.60667	-291715
10.60833	-291930
10.61000	-292140
10.61167	-292331
10.61333	-292517
10.61500	-292711
10.61667	-292926
10.61833	-293135
10.62000	-293326
10.62167	-293512
10.62333	-293706
10.62500	-293921
10.62667	-294131
10.62833	-294322
10.63000	-294508
10.63167	-294702
10.63333	-294917
10.63500	-295127
10.63667	-295318
10.63833	-295502
10.64000	-295695
10.64167	-295907
10.64333	-296115
10.64500	-296305
10.64667	-296490
10.64833	-296684
10.65000	-296899
10.65167	-297109
10.65333	-297302
10.65500	-297489
10.65667	-297685
10.65833	-297902
10.66000	-298114
10.66167	-298307
10.66333	-298494
10.66500	-298689
10.66667	-298906
10.66833	-299116
10.67000	-299308
10.67167	-299494
10.67333	-299688
10.67500	-299901
10.67667	-300110
10.67833	-300300
10.68000	-300484
10.68167	-300677
10.68333	-300889
10.68500	-301097
10.68667	-301286
10.68833	-301470
10.69000	-301661
10.69167	-301873
10.69333	-302080
10.69500	-302269
10.69667	-302453
10.69833	-302645
10.70000	-302857
10.70167	-303064
10.70333	-303253
10.70500	-303435
10.70667	-303626
10.70833	-303836
10.71000	-304041
10.71167	-304228
10.71333	-304409
10.71500	-304598
10.71667	-304806
10.71833	-305010
10.72000	-305197
10.72167	-305380
10.72333	-305571
10.72500	-305784
10.72667	-305991
10.72833	-306181
10.73000	-306364
10.73167	-306555
10.73333	-306766
10.73500	-306971
10.73667	-307159
10.73833	-307340
10.74000	-307529
10.74167	-307737
10.74333	-307941
10.74500	-308127
10.74667	-308308
10.74833	-308498
10.75000	-308709
10.75167	-308914
10.75333	-309102
10.75500	-309284
10.75667	-309474
10.75833	-309685
10.76000	-309890
10.76167	-310077
10.76333	-310259
10.76500	-310448
10.76667	-310658
10.76833	-310863
10.77000	-311050
10.77167	-311231
10.77333	-311421
10.77500	-311631
10.77667	-311837
10.77833	-312025
10.78000	-312207
10.78167	-312399
10.78333	-312611
10.78500	-312818
10.78667	-313007
10.78833	-313191
10.79000	-313384
10.79167	-313597
10.79333	-313805
10.79500	-313995
10.79667	-314178
10.79833	-314369
10.80000	-314579
10.80167	-314785
10.80333	-314972
10.80500	-315153
10.80667	-315342
10.80833	-315551
10.81000	-315755
10.81167	-315942
10.81333	-316123
10.81500	-316313
10.81667	-316523
10.81833	-316727
10.82000	-316915
10.82167	-317096
10.82333	-317286
10.82500	-317496
10.82667	-317700
10.82833	-317887
10.83000	-318068
10.83167	-318257
10.83333	-318466
10.83500	-318671
10.83667	-318857
10.83833	-319038
10.84000	-319227
10.84167	-319437
10.84333	-319641
10.84500	-319827
10.84667	-320007
10.84833	-320196
10.85000	-320404
10.85167	-320606
10.85333	-320791
10.85500	-320968
10.85667	-321154
10.85833	-321358
10.86000	-321558
10.86167	-321740
10.86333	-321916
10.86500	-322101
10.86667	-322305
10.86833	-322504
10.87000	-322687
10.87167	-322863
10.87333	-323049
10.87500	-323253
10.87667	-323453
10.87833	-323636
10.88000	-323813
10.88167	-323998
10.88333	-324203
10.88500	-324402
10.88667	-324583
10.88833	-324758
10.89000	-324941
10.89167	-325142
10.89333	-325339
10.89500	-325518
10.89667	-325692
10.89833	-325874
10.90000	-326075
10.90167	-326271
10.90333	-326452
10.90500	-326628
10.90667	-326813
10.90833	-327019
10.91000	-327219
10.91167	-327401
10.91333	-327577
10.91500	-327761
10.91667	-327963
10.91833	-328161
10.92000	-328340
10.92167	-328514
10.92333	-328695
10.92500	-328895
10.92667	-329090
10.92833	-329269
10.93000	-329444
10.93167	-329627
10.93333	-329830
10.93500	-330028
10.93667	-330209
10.93833	-330385
10.94000	-330569
10.94167	-330773
10.94333	-330972
10.94500	-331154
10.94667	-331330
10.94833	-331515
10.95000	-331719
10.95167	-331918
10.95333	-332100
10.95500	-332277
10.95667	-332461
10.95833	-332666
10.96000	-332865
10.96167	-333047
10.96333	-333222
10.96500	-333406
10.96667	-333608
10.96833	-333806
10.97000	-333987
10.97167	-334162
10.97333	-334346
10.97500	-334550
10.97667	-334748
10.97833	-334930
10.98000	-335106
10.98167	-335290
10.98333	-335493
10.98500	-335692
10.98667	-335873
10.98833	-336047
10.99000	-336230
10.99167	-336431
10.99333	-336628
10.99500	-336807
10.99667	-336982
10.99833	-337165
11.00000	-337367
11.00167	-337565
11.00333	-337746
11.00500	-337921
11.00667	-338105
11.00833	-338308
11.01000	-338506
11.01167	-338687
11.01333	-338862
11.01500	-339045
11.01667	-339247
11.01833	-339444
11.02000	-339624
11.02167	-339799
11.02333	-339981
11.02500	-340183
11.02667	-340380
11.02833	-340560
11.03000	-340734
11.03167	-340916
11.03333	-341117
11.03500	-341314
11.03667	-341492
11.03833	-341665
11.04000	-341846
11.04167	-342046
11.04333	-342241
11.04500	-342419
11.04667	-342591
11.04833	-342773
11.05000	-342973
11.05167	-343168
11.05333	-343347
11.05500	-343520
11.05667	-343702
11.05833	-343902
11.06000	-344097
11.06167	-344276
11.06333	-344449
11.06500	-344630
11.06667	-344830
11.06833	-345025
11.07000	-345204
11.07167	-345377
11.07333	-345559
11.07500	-345761
11.07667	-345958
11.07833	-346137
11.08000	-346311
11.08167	-346494
11.08333	-346695
11.08500	-346892
11.08667	-347071
11.08833	-347245
11.09000	-347428
11.09167	-347629
11.09333	-347826
11.09500	-348006
11.09667	-348180
11.09833	-348363
11.10000	-348565
11.10167	-348762
11.10333	-348942
11.10500	-349116
11.10667	-349299
11.10833	-349501
11.11000	-349698
11.11167	-349879
11.11333	-350055
11.11500	-350239
11.11667	-350443
11.11833	-350643
11.12000	-350825
11.12167	-351002
11.12333	-351186
11.12500	-351391
11.12667	-351590
11.12833	-351772
11.13000	-351948
11.13167	-352133
11.13333	-352337
11.13500	-352536
11.13667	-352720
11.13833	-352899
11.14000	-353087
11.14167	-353296
11.14333	-353501
11.14500	-353688
11.14667	-353869
11.14833	-354058
11.15000	-354268
11.15167	-354472
11.15333	-354658
11.15500	-354838
11.15667	-355025
11.15833	-355231
11.16000	-355433
11.16167	-355618
11.16333	-355798
11.16500	-355987
11.16667	-356197
11.16833	-356402
11.17000	-356590
11.17167	-356772
11.17333	-356963
11.17500	-357175
11.17667	-357381
11.17833	-357570
11.18000	-357753
11.18167	-357944
11.18333	-358156
11.18500	-358362
11.18667	-358551
11.18833	-358735
11.19000	-358928
11.19167	-359141
11.19333	-359350
11.19500	-359541
11.19667	-359726
11.19833	-359920
11.20000	-360135
11.20167	-360344
11.20333	-360535
11.20500	-360720
11.20667	-360913
11.20833	-361127
11.21000	-361335
11.21167	-361526
11.21333	-361711
11.21500	-361905
11.21667	-362119
11.21833	-362329
11.22000	-362521
11.22167	-362707
11.22333	-362903
11.22500	-363120
11.22667	-363332
11.22833	-363526
11.23000	-363714
11.23167	-363911
11.23333	-364130
11.23500	-364343
11.23667	-364538
11.23833	-364726
11.24000	-364924
11.24167	-365143
11.24333	-365357
11.24500	-365553
11.24667	-365742
11.24833	-365941
11.25000	-366161
11.25167	-366375
11.25333	-366571
11.25500	-366761
11.25667	-366960
11.25833	-367179
11.26000	-367394
11.26167	-367590
11.26333	-367779
11.26500	-367979
11.26667	-368199
11.26833	-368414
11.27000	-368610
11.27167	-368801
11.27333	-369001
11.27500	-369222
11.27667	-369438
11.27833	-369637
11.28000	-369830
11.28167	-370033
11.28333	-370257
11.28500	-370477
11.28667	-370678
11.28833	-370873
11.29000	-371078
11.29167	-371304
11.29333	-371525
11.29500	-371726
11.29667	-371920
11.29833	-372123
11.30000	-372346
11.30167	-372564
11.30333	-372762
11.30500	-372954
11.30667	-373154
11.30833	-373375
11.31000	-373591
11.31167	-373789
11.31333	-373980
11.31500	-374182
11.31667	-374404
11.31833	-374622
11.32000	-374821
11.32167	-375014
11.32333	-375217
11.32500	-375442
11.32667	-375661
11.32833	-375861
11.33000	-376054
11.33167	-376256
11.33333	-376479
11.33500	-376696
11.33667	-376894
11.33833	-377086
11.34000	-377287
11.34167	-377509
11.34333	-377726
11.34500	-377924
11.34667	-378116
11.34833	-378317
11.35000	-378540
11.35167	-378757
11.35333	-378955
11.35500	-379148
11.35667	-379349
11.35833	-379572
11.36000	-379790
11.36167	-379988
11.36333	-380179
11.36500	-380379
11.36667	-380600
11.36833	-380815
11.37000	-381011
11.37167	-381200
11.37333	-381397
11.37500	-381615
11.37667	-381827
11.37833	-382021
11.38000	-382208
11.38167	-382404
11.38333	-382622
11.38500	-382833
11.38667	-383027
11.38833	-383214
11.39000	-383410
11.39167	-383626
11.39333	-383837
11.39500	-384030
11.39667	-384216
11.39833	-384411
11.40000	-384627
11.40167	-384837
11.40333	-385029
11.40500	-385215
11.40667	-385409
11.40833	-385624
11.41000	-385833
11.41167	-386024
11.41333	-386207
11.41500	-386398
11.41667	-386609
11.41833	-386814
11.42000	-387001
11.42167	-387181
11.42333	-387370
11.42500	-387578
11.42667	-387782
11.42833	-387968
11.43000	-388149
11.43167	-388338
11.43333	-388548
11.43500	-388752
11.43667	-388940
11.43833	-389121
11.44000	-389311
11.44167	-389521
11.44333	-389725
11.44500	-389911
11.44667	-390091
11.44833	-390279
11.45000	-390486
11.45167	-390688
11.45333	-390871
11.45500	-391047
11.45667	-391231
11.45833	-391434
11.46000	-391631
11.46167	-391811
11.46333	-391985
11.46500	-392167
11.46667	-392368
11.46833	-392563
11.47000	-392742
11.47167	-392914
11.47333	-393095
11.47500	-393295
11.47667	-393489
11.47833	-393667
11.48000	-393839
11.48167	-394018
11.48333	-394217
11.48500	-394410
11.48667	-394586
11.48833	-394755
11.49000	-394933
11.49167	-395129
11.49333	-395319
11.49500	-395492
11.49667	-395659
11.49833	-395832
11.50000	-396024
11.50167	-396210
11.50333	-396380
11.50500	-396544
11.50667	-396716
11.50833	-396906
11.51000	-397091
11.51167	-397260
11.51333	-397424
11.51500	-397596
11.51667	-397786
11.51833	-397970
11.52000	-398139
11.52167	-398301
11.52333	-398469
11.52500	-398656
11.52667	-398837
11.52833	-399001
11.53000	-399158
11.53167	-399322
11.53333	-399502
11.53500	-399677
11.53667	-399837
11.53833	-399991
11.54000	-400152
11.54167	-400330
11.54333	-400503
11.54500	-400661
11.54667	-400815
11.54833	-400975
11.55000	-401152
11.55167	-401325
11.55333	-401482
11.55500	-401634
11.55667	-401792
11.55833	-401966
11.56000	-402136
11.56167	-402291
11.56333	-402441
11.56500	-402598
11.56667	-402771
11.56833	-402940
11.57000	-403095
11.57167	-403244
11.57333	-403400
11.57500	-403572
11.57667	-403740
11.57833	-403892
11.58000	-404039
11.58167	-404192
11.58333	-404361
11.58500	-404526
11.58667	-404675
11.58833	-404819
11.59000	-404969
11.59167	-405134
11.59333	-405294
11.59500	-405440
11.59667	-405580
11.59833	-405726
11.60000	-405886
11.60167	-406043
11.60333	-406186
11.60500	-406326
11.60667	-406472
11.60833	-406633
11.61000	-406791
11.61167	-406935
11.61333	-407073
11.61500	-407218
11.61667	-407378
11.61833	-407533
11.62000	-407675
11.62167	-407810
11.62333	-407952
11.62500	-408107
11.62667	-408259
11.62833	-408397
11.63000	-408530
11.63167	-408670
11.63333	-408823
11.63500	-408973
11.63667	-409111
11.63833	-409243
11.64000	-409382
11.64167	-409536
11.64333	-409686
11.64500	-409822
11.64667	-409953
11.64833	-410089
11.65000	-410239
11.65167	-410385
11.65333	-410517
11.65500	-410644
11.65667	-410777
11.65833	-410923
11.66000	-411066
11.66167	-411196
11.66333	-411323
11.66500	-411456
11.66667	-411603
11.66833	-411746
11.67000	-411877
11.67167	-412003
11.67333	-412134
11.67500	-412279
11.67667	-412420
11.67833	-412549
11.68000	-412673
11.68167	-412803
11.68333	-412947
11.68500	-413087
11.68667	-413214
11.68833	-413337
11.69000	-413465
11.69167	-413606
11.69333	-413743
11.69500	-413867
11.69667	-413987
11.69833	-414111
11.70000	-414248
11.70167	-414382
11.70333	-414503
11.70500	-414620
11.70667	-414742
11.70833	-414877
11.71000	-415008
11.71167	-415128
11.71333	-415244
11.71500	-415365
11.71667	-415499
11.71833	-415630
11.72000	-415750
11.72167	-415867
11.72333	-415989
11.72500	-416124
11.72667	-416255
11.72833	-416374
11.73000	-416488
11.73167	-416608
11.73333	-416739
11.73500	-416866
11.73667	-416983
11.73833	-417095
11.74000	-417212
11.74167	-417341
11.74333	-417468
11.74500	-417583
11.74667	-417695
11.74833	-417812
11.75000	-417942
11.75167	-418068
11.75333	-418183
11.75500	-418293
11.75667	-418409
11.75833	-418536
11.76000	-418660
11.76167	-418772
11.76333	-418881
11.76500	-418995
11.76667	-419120
11.76833	-419242
11.77000	-419354
11.77167	-419461
11.77333	-419574
11.77500	-419698
11.77667	-419819
11.77833	-419929
11.78000	-420035
11.78167	-420146
11.78333	-420268
11.78500	-420387
11.78667	-420496
11.78833	-420601
11.79000	-420712
11.79167	-420834
11.79333	-420954
11.79500	-421062
11.79667	-421167
11.79833	-421276
11.80000	-421397
11.80167	-421514
11.80333	-421620
11.80500	-421722
11.80667	-421829
11.80833	-421946
11.81000	-422060
11.81167	-422164
11.81333	-422264
11.81500	-422369
11.81667	-422486
11.81833	-422599
11.82000	-422702
11.82167	-422802
11.82333	-422906
11.82500	-423022
11.82667	-423135
11.82833	-423237
11.83000	-423336
11.83167	-423438
11.83333	-423551
11.83500	-423661
11.83667	-423761
11.83833	-423857
11.84000	-423957
11.84167	-424067
11.84333	-424174
11.84500	-424271
11.84667	-424365
11.84833	-424463
11.85000	-424571
11.85167	-424677
11.85333	-424772
11.85500	-424864
11.85667	-424960
11.85833	-425066
11.86000	-425168
11.86167	-425262
11.86333	-425353
11.86500	-425447
11.86667	-425552
11.86833	-425654
11.87000	-425746
11.87167	-425836
11.87333	-425929
11.87500	-426031
11.87667	-426131
11.87833	-426222
11.88000	-426309
11.88167	-426400
11.88333	-426500
11.88500	-426597
11.88667	-426686
11.88833	-426772
11.89000	-426862
11.89167	-426961
11.89333	-427057
11.89500	-427144
11.89667	-427228
11.89833	-427316
11.90000	-427412
11.90167	-427505
11.90333	-427590
11.90500	-427671
11.90667	-427756
11.90833	-427849
11.91000	-427939
11.91167	-428022
11.91333	-428101
11.91500	-428184
11.91667	-428275
11.91833	-428364
11.92000	-428444
11.92167	-428521
11.92333	-428601
11.92500	-428689
11.92667	-428774
11.92833	-428852
11.93000	-428926
11.93167	-429005
11.93333	-429091
11.93500	-429175
11.93667	-429252
11.93833	-429326
11.94000	-429403
11.94167	-429489
11.94333	-429572
11.94500	-429648
11.94667	-429721
11.94833	-429796
11.95000	-429879
11.95167	-429960
11.95333	-430033
11.95500	-430102
11.95667	-430174
11.95833	-430254
11.96000	-430330
11.96167	-430400
11.96333	-430467
11.96500	-430536
11.96667	-430612
11.96833	-430686
11.97000	-430754
11.97167	-430818
11.97333	-430886
11.97500	-430959
11.97667	-431031
11.97833	-431097
11.98000	-431159
11.98167	-431225
11.98333	-431297
11.98500	-431366
11.98667	-431430
11.98833	-431490
11.99000	-431553
11.99167	-431623
11.99333	-431690
11.99500	-431751
11.99667	-431809
11.99833	-431869
12.00000	-431936
12.00167	-432000
12.00333	-432058
12.00500	-432114
12.00667	-432171
12.00833	-432235
12.01000	-432296
12.01167	-432352
12.01333	-432406
12.01500	-432463
12.01667	-432526
12.01833	-432586
12.02000	-432642
12.02167	-432696
12.02333	-432751
12.02500	-432813
12.02667	-432873
12.02833	-432926
12.03000	-432977
12.03167	-433029
12.03333	-433086
12.03500	-433141
12.03667	-433191
12.03833	-433239
12.04000	-433290
12.04167	-433346
12.04333	-433400
12.04500	-433449
12.04667	-433497
12.04833	-433546
12.05000	-433601
12.05167	-433654
12.05333	-433701
12.05500	-433747
12.05667	-433793
12.05833	-433844
12.06000	-433893
12.06167	-433937
12.06333	-433980
12.06500	-434024
12.06667	-434073
12.06833	-434121
12.07000	-434164
12.07167	-434206
12.07333	-434249
12.07500	-434297
12.07667	-434343
12.07833	-434385
12.08000	-434425
12.08167	-434467
12.08333	-434513
12.08500	-434558
12.08667	-434599
12.08833	-434638
12.09000	-434679
12.09167	-434723
12.09333	-434767
12.09500	-434806
12.09667	-434844
12.09833	-434883
12.10000	-434926
12.10167	-434968
12.10333	-435005
12.10500	-435041
12.10667	-435078
12.10833	-435118
12.11000	-435157
12.11167	-435193
12.11333	-435227
12.11500	-435262
12.11667	-435301
12.11833	-435339
12.12000	-435373
12.12167	-435405
12.12333	-435437
12.12500	-435473
12.12667	-435507
12.12833	-435538
12.13000	-435568
12.13167	-435598
12.13333	-435632
12.13500	-435664
12.13667	-435695
12.13833	-435725
12.14000	-435757
12.14167	-435792
12.14333	-435827
12.14500	-435858
12.14667	-435887
12.14833	-435917
12.15000	-435950
12.15167	-435981
12.15333	-436010
12.15500	-436037
12.15667	-436065
12.15833	-436096
12.16000	-436126
12.16167	-436153
12.16333	-436179
12.16500	-436207
12.16667	-436237
12.16833	-436267
12.17000	-436293
12.17167	-436317
12.17333	-436343
12.17500	-436370
12.17667	-436396
12.17833	-436420
12.18000	-436443
12.18167	-436468
12.18333	-436494
12.18500	-436520
12.18667	-436544
12.18833	-436567
12.19000	-436591
12.19167	-436618
12.19333	-436643
12.19500	-436667
12.19667	-436689
12.19833	-436712
12.20000	-436737
12.20167	-436761
12.20333	-436784
12.20500	-436806
12.20667	-436829
12.20833	-436855
12.21000	-436880
12.21167	-436903
12.21333	-436924
12.21500	-436946
12.21667	-436970
12.21833	-436993
12.22000	-437013
12.22167	-437033
12.22333	-437052
12.22500	-437073
12.22667	-437094
12.22833	-437113
12.23000	-437132
12.23167	-437151
12.23333	-437173
12.23500	-437194
12.23667	-437213
12.23833	-437232
12.24000	-437252
12.24167	-437273
12.24333	-437294
12.24500	-437313
12.24667	-437331
12.24833	-437349
12.25000	-437369
12.25167	-437388
12.25333	-437405
12.25500	-437421
12.25667	-437438
12.25833	-437456
12.26000	-437473
12.26167	-437490
12.26333	-437506
12.26500	-437523
12.26667	-437541
12.26833	-437560
12.27000	-437576
12.27167	-437593
12.27333	-437610
12.27500	-437628
12.27667	-437646
12.27833	-437662
12.28000	-437677
12.28167	-437692
12.28333	-437708
12.28500	-437723
12.28667	-437738
12.28833	-437752
12.29000	-437767
12.29167	-437783
12.29333	-437799
12.29500	-437814
12.29667	-437828
12.29833	-437842
12.30000	-437858
12.30167	-437873
12.30333	-437887
12.30500	-437900
12.30667	-437914
12.30833	-437929
12.31000	-437943
12.31167	-437957
12.31333	-437970
12.31500	-437983
12.31667	-437999
12.31833	-438013
12.32000	-438026
12.32167	-438039
12.32333	-438052
12.32500	-438066
12.32667	-438079
12.32833	-438092
12.33000	-438104
12.33167	-438116
12.33333	-438129
12.33500	-438142
12.33667	-438154
12.33833	-438166
12.34000	-438178
12.34167	-438192
12.34333	-438205
12.34500	-438217
12.34667	-438228
12.34833	-438239
12.35000	-438252
12.35167	-438264
12.35333	-438274
12.35500	-438284
12.35667	-438293
12.35833	-438304
12.36000	-438314
12.36167	-438323
12.36333	-438333
12.36500	-438343
12.36667	-438354
12.36833	-438366
12.37000	-438376
12.37167	-438386
12.37333	-438396
12.37500	-438408
12.37667	-438419
12.37833	-438428
12.38000	-438438
12.38167	-438447
12.38333	-438458
12.38500	-438468
12.38667	-438477
12.38833	-438487
12.39000	-438497
12.39167	-438508
12.39333	-438519
12.39500	-438529
12.39667	-438538
12.39833	-438548
12.40000	-438559
12.40167	-438570
12.40333	-438579
12.40500	-438588
12.40667	-438597
12.40833	-438607
12.41000	-438617
12.41167	-438626
12.41333	-438634
12.41500	-438643
12.41667	-438652
12.41833	-438662
12.42000	-438671
12.42167	-438679
12.42333	-438688
12.42500	-438697
12.42667	-438707
12.42833	-438716
12.43000	-438724
12.43167	-438733
12.43333	-438743
12.43500	-438752
12.43667	-438761
12.43833	-438769
12.44000	-438778
12.44167	-438788
12.44333	-438797
12.44500	-438806
12.44667	-438813
12.44833	-438821
12.45000	-438829
12.45167	-438837
12.45333	-438844
12.45500	-438851
12.45667	-438858
12.45833	-438866
12.46000	-438873
12.46167	-438880
12.46333	-438887
12.46500	-438895
12.46667	-438903
12.46833	-438911
12.47000	-438919
12.47167	-438925
12.47333	-438932
12.47500	-438939
12.47667	-438945
12.47833	-438951
12.48000	-438957
12.48167	-438962
12.48333	-438969
12.48500	-438975
12.48667	-438980
12.48833	-438986
12.49000	-438993
12.49167	-439000
12.49333	-439008
12.49500	-439014
12.49667	-439021
12.49833	-439028
12.50000	-439036
12.50167	-439044
12.50333	-439051
12.50500	-439057
12.50667	-439064
12.50833	-439071
12.51000	-439078
12.51167	-439084
12.51333	-439090
12.51500	-439095
12.51667	-439101
12.51833	-439107
12.52000	-439113
12.52167	-439119
12.52333	-439125
12.52500	-439132
12.52667	-439139
12.52833	-439146
12.53000	-439153
12.53167	-439161
12.53333	-439169
12.53500	-439177
12.53667	-439184
12.53833	-439190
12.54000	-439197
12.54167	-439204
12.54333	-439210
12.54500	-439217
12.54667	-439223
12.54833	-439229
12.55000	-439236
12.55167	-439243
12.55333	-439249
12.55500	-439255
12.55667	-439260
12.55833	-439267
12.56000	-439273
12.56167	-439278
12.56333	-439284
12.56500	-439291
12.56667	-439298
12.56833	-439305
12.57000	-439311
12.57167	-439317
12.57333	-439324
12.57500	-439331
12.57667	-439337
12.57833	-439343
12.58000	-439349
12.58167	-439355
12.58333	-439361
12.58500	-439367
12.58667	-439374
12.58833	-439380
12.59000	-439386
12.59167	-439394
12.59333	-439401
12.59500	-439408
12.59667	-439414
12.59833	-439419
12.60000	-439426
12.60167	-439432
12.60333	-439438
12.60500	-439443
12.60667	-439450
12.60833	-439457
12.61000	-439464
12.61167	-439471
12.61333	-439477
12.61500	-439483
12.61667	-439490
12.61833	-439496
12.62000	-439502
12.62167	-439508
12.62333	-439513
12.62500	-439520
12.62667	-439525
12.62833	-439531
12.63000	-439536
12.63167	-439541
12.63333	-439547
12.63500	-439552
12.63667	-439557
12.63833	-439562
12.64000	-439567
12.64167	-439572
12.64333	-439577
12.64500	-439583
12.64667	-439588
12.64833	-439594
12.65000	-439600
12.65167	-439607
12.65333	-439612
12.65500	-439618
12.65667	-439623
12.65833	-439628
12.66000	-439633
12.66167	-439638
12.66333	-439643
12.66500	-439648
12.66667	-439654
12.66833	-439660
12.67000	-439666
12.67167	-439672
12.67333	-439678
12.67500	-439686
12.67667	-439693
12.67833	-439700
12.68000	-439706
12.68167	-439711
12.68333	-439718
12.68500	-439724
12.68667	-439729
12.68833	-439734
12.69000	-439739
12.69167	-439745
12.69333	-439751
12.69500	-439756
12.69667	-439762
12.69833	-439768
12.70000	-439775
12.70167	-439781
12.70333	-439787
12.70500	-439793
12.70667	-439798
12.70833	-439804
12.71000	-439810
12.71167	-439815
12.71333	-439819
12.71500	-439824
12.71667	-439828
12.71833	-439832
12.72000	-439837
12.72167	-439841
12.72333	-439845
12.72500	-439850
12.72667	-439855
12.72833	-439860
12.73000	-439864
12.73167	-439869
12.73333	-439875
12.73500	-439880
12.73667	-439884
12.73833	-439889
12.74000	-439893
12.74167	-439897
12.74333	-439902
12.74500	-439906
12.74667	-439911
12.74833	-439916
12.75000	-439921
12.75167	-439927
12.75333	-439932
12.75500	-439936
12.75667	-439941
12.75833	-439946
12.76000	-439950
12.76167	-439954
12.76333	-439957
12.76500	-439960
12.76667	-439963
12.76833	-439966
12.77000	-439969
12.77167	-439972
12.77333	-439975
12.77500	-439979
12.77667	-439983
12.77833	-439987
12.78000	-439991
12.78167	-439995
12.78333	-440000
12.78500	-440005
12.78667	-440009
12.78833	-440012
12.79000	-440015
12.79167	-440019
12.79333	-440022
12.79500	-440025
12.79667	-440028
12.79833	-440031
12.80000	-440035
12.80167	-440038
12.80333	-440042
12.80500	-440047
12.80667	-440052
12.80833	-440058
12.81000	-440064
12.81167	-440068
12.81333	-440072
12.81500	-440075
12.81667	-440078
12.81833	-440080
12.82000	-440082
12.82167	-440082
12.82333	-440083
12.82500	-440082
12.82667	-440082
12.82833	-440083
12.83000	-440085
12.83167	-440087
12.83333	-440090
12.83500	-440094
12.83667	-440098
12.83833	-440101
12.84000	-440106
12.84167	-440110
12.84333	-440114
12.84500	-440118
12.84667	-440122
12.84833	-440125
12.85000	-440129
12.85167	-440132
12.85333	-440135
12.85500	-440139
12.85667	-440143
12.85833	-440147
12.86000	-440151
12.86167	-440154
12.86333	-440157
12.86500	-440160
12.86667	-440163
12.86833	-440166
12.87000	-440169
12.87167	-440172
12.87333	-440175
12.87500	-440178
12.87667	-440181
12.87833	-440184
12.88000	-440186
12.88167	-440189
12.88333	-440192
12.88500	-440195
12.88667	-440197
12.88833	-440198
12.89000	-440199
12.89167	-440200
12.89333	-440201
12.89500	-440202
12.89667	-440204
12.89833	-440205
12.90000	-440208
12.90167	-440210
12.90333	-440212
12.90500	-440215
12.90667	-440218
12.90833	-440221
12.91000	-440224
12.91167	-440227
12.91333	-440229
12.91500	-440231
12.91667	-440233
12.91833	-440235
12.92000	-440237
12.92167	-440239
12.92333	-440240
12.92500	-440242
12.92667	-440243
12.92833	-440245
12.93000	-440246
12.93167	-440246
12.93333	-440247
12.93500	-440248
12.93667	-440249
12.93833	-440251
12.94000	-440253
12.94167	-440255
12.94333	-440258
12.94500	-440261
12.94667	-440263
12.94833	-440265
12.95000	-440268
12.95167	-440271
12.95333	-440272
12.95500	-440273
12.95667	-440274
12.95833	-440274
12.96000	-440274
12.96167	-440275
12.96333	-440275
12.96500	-440276
12.96667	-440277
12.96833	-440279
12.97000	-440280
12.97167	-440282
12.97333	-440285
12.97500	-440288
12.97667	-440291
12.97833	-440294
12.98000	-440296
12.98167	-440299
12.98333	-440301
12.98500	-440304
12.98667	-440306
12.98833	-440309
12.99000	-440311
12.99167	-440314
12.99333	-440317
12.99500	-440319
12.99667	-440322
12.99833	-440325
13.00000	-440328
13.00167	-440331
13.00333	-440334
13.00500	-440337
13.00667	-440341
13.00833	-440344
13.01000	-440347
13.01167	-440351
13.01333	-440354
13.01500	-440358
13.01667	-440362
13.01833	-440365
13.02000	-440369
13.02167	-440371
13.02333	-440374
13.02500	-440376
13.02667	-440379
13.02833	-440381
13.03000	-440383
13.03167	-440385
13.03333	-440387
13.03500	-440389
13.03667	-440391
13.03833	-440394
13.04000	-440396
13.04167	-440400
13.04333	-440403
13.04500	-440406
13.04667	-440410
13.04833	-440413
13.05000	-440417
13.05167	-440421
13.05333	-440425
13.05500	-440429
13.05667	-440433
13.05833	-440437
13.06000	-440442
13.06167	-440447
13.06333	-440451
13.06500	-440457
13.06667	-440462
13.06833	-440468
13.07000	-440473
13.07167	-440477
13.07333	-440481
13.07500	-440485
13.07667	-440488
13.07833	-440491
13.08000	-440493
13.08167	-440495
13.08333	-440497
13.08500	-440499
13.08667	-440501
13.08833	-440504
13.09000	-440507
13.09167	-440510
13.09333	-440514
13.09500	-440517
13.09667	-440520
13.09833	-440523
13.10000	-440527
13.10167	-440530
13.10333	-440534
13.10500	-440537
13.10667	-440540
13.10833	-440544
13.11000	-440548
13.11167	-440551
13.11333	-440554
13.11500	-440558
13.11667	-440561
13.11833	-440565
13.12000	-440568
13.12167	-440571
13.12333	-440574
13.12500	-440577
13.12667	-440580
13.12833	-440583
13.13000	-440586
13.13167	-440589
13.13333	-440593
13.13500	-440596
13.13667	-440599
13.13833	-440602
13.14000	-440605
13.14167	-440609
13.14333	-440612
13.14500	-440615
13.14667	-440619
13.14833	-440623
13.15000	-440627
13.15167	-440632
13.15333	-440636
13.15500	-440640
13.15667	-440644
13.15833	-440649
13.16000	-440653
13.16167	-440657
13.16333	-440660
13.16500	-440663
13.16667	-440666
13.16833	-440668
13.17000	-440671
13.17167	-440675
13.17333	-440679
13.17500	-440683
13.17667	-440688
13.17833	-440692
13.18000	-440696
13.18167	-440700
13.18333	-440704
13.18500	-440708
13.18667	-440712
13.18833	-440715
13.19000	-440718
13.19167	-440722
13.19333	-440725
13.19500	-440727
13.19667	-440730
13.19833	-440733
13.20000	-440736
13.20167	-440739
13.20333	-440742
13.20500	-440745
13.20667	-440748
13.20833	-440751
13.21000	-440754
13.21167	-440757
13.21333	-440760
13.21500	-440764
13.21667	-440767
13.21833	-440770
13.22000	-440774
13.22167	-440777
13.22333	-440780
13.22500	-440783
13.22667	-440786
13.22833	-440789
13.23000	-440793
13.23167	-440796
13.23333	-440801
13.23500	-440805
13.23667	-440809
13.23833	-440813
13.24000	-440817
13.24167	-440821
13.24333	-440825
13.24500	-440827
13.24667	-440829
13.24833	-440830
13.25000	-440831
13.25167	-440831
13.25333	-440832
13.25500	-440832
13.25667	-440832
13.25833	-440832
13.26000	-440833
13.26167	-440834
13.26333	-440836
13.26500	-440839
13.26667	-440842
13.26833	-440845
13.27000	-440849
13.27167	-440852
13.27333	-440855
13.27500	-440859
13.27667	-440863
13.27833	-440865
13.28000	-440868
13.28167	-440869
13.28333	-440871
13.28500	-440872
13.28667	-440873
13.28833	-440874
13.29000	-440876
13.29167	-440877
13.29333	-440879
13.29500	-440880
13.29667	-440882
13.29833	-440884
13.30000	-440887
13.30167	-440890
13.30333	-440892
13.30500	-440895
13.30667	-440899
13.30833	-440903
13.31000	-440906
13.31167	-440911
13.31333	-440915
13.31500	-440920
13.31667	-440926
13.31833	-440931
13.32000	-440935
13.32167	-440939
13.32333	-440942
13.32500	-440946
13.32667	-440948
13.32833	-440950
13.33000	-440951
13.33167	-440952
13.33333	-440952
13.33500	-440952
13.33667	-440952
13.33833	-440952
13.34000	-440952
13.34167	-440953
13.34333	-440954
13.34500	-440956
13.34667	-440957
13.34833	-440960
13.35000	-440963
13.35167	-440966
13.35333	-440969
13.35500	-440971
13.35667	-440974
13.35833	-440976
13.36000	-440979
13.36167	-440981
13.36333	-440983
13.36500	-440985
13.36667	-440988
13.36833	-440990
13.37000	-440992
13.37167	-440994
13.37333	-440996
13.37500	-440998
13.37667	-441001
13.37833	-441003
13.38000	-441006
13.38167	-441009
13.38333	-441012
13.38500	-441015
13.38667	-441018
13.38833	-441020
13.39000	-441023
13.39167	-441026
13.39333	-441029
13.39500	-441031
13.39667	-441032
13.39833	-441033
13.40000	-441034
13.40167	-441035
13.40333	-441036
13.40500	-441037
13.40667	-441039
13.40833	-441041
13.41000	-441044
13.41167	-441046
13.41333	-441048
13.41500	-441050
13.41667	-441052
13.41833	-441054
13.42000	-441055
13.42167	-441056
13.42333	-441056
13.42500	-441056
13.42667	-441056
13.42833	-441056
13.43000	-441056
13.43167	-441057
13.43333	-441059
13.43500	-441061
13.43667	-441063
13.43833	-441065
13.44000	-441067
13.44167	-441070
13.44333	-441073
13.44500	-441075
13.44667	-441077
13.44833	-441078
13.45000	-441079
13.45167	-441080
13.45333	-441081
13.45500	-441083
13.45667	-441086
13.45833	-441089
13.46000	-441091
13.46167	-441094
13.46333	-441097
13.46500	-441100
13.46667	-441103
13.46833	-441106
13.47000	-441108
13.47167	-441109
13.47333	-441111
13.47500	-441112
13.47667	-441113
13.47833	-441114
13.48000	-441116
13.48167	-441118
13.48333	-441121
13.48500	-441123
13.48667	-441126
13.48833	-441128
13.49000	-441130
13.49167	-441132
13.49333	-441134
13.49500	-441136
13.49667	-441137
13.49833	-441138
13.50000	-441139
13.50167	-441140
13.50333	-441141
13.50500	-441142
13.50667	-441144
13.50833	-441145
13.51000	-441147
13.51167	-441148
13.51333	-441150
13.51500	-441151
13.51667	-441153
13.51833	-441154
13.52000	-441156
13.52167	-441158
13.52333	-441160
13.52500	-441162
13.52667	-441165
13.52833	-441167
13.53000	-441168
13.53167	-441170
13.53333	-441171
13.53500	-441173
13.53667	-441174
13.53833	-441176
13.54000	-441178
13.54167	-441180
13.54333	-441183
13.54500	-441185
13.54667	-441187
13.54833	-441188
13.55000	-441190
13.55167	-441192
13.55333	-441193
13.55500	-441193
13.55667	-441193
13.55833	-441192
13.56000	-441191
13.56167	-441191
13.56333	-441190
13.56500	-441190
13.56667	-441190
13.56833	-441191
13.57000	-441191
13.57167	-441193
13.57333	-441194
13.57500	-441196
13.57667	-441199
13.57833	-441201
13.58000	-441204
13.58167	-441206
13.58333	-441209
13.58500	-441212
13.58667	-441214
13.58833	-441215
13.59000	-441216
13.59167	-441217
13.59333	-441217
13.59500	-441218
13.59667	-441219
13.59833	-441220
13.60000	-441222
13.60167	-441223
13.60333	-441224
13.60500	-441225
13.60667	-441226
13.60833	-441227
13.61000	-441227
13.61167	-441228
13.61333	-441228
13.61500	-441228
13.61667	-441228
13.61833	-441228
13.62000	-441228
13.62167	-441229
13.62333	-441230
13.62500	-441232
13.62667	-441234
13.62833	-441235
13.63000	-441236
13.63167	-441237
13.63333	-441237
13.63500	-441237
13.63667	-441237
13.63833	-441238
13.64000	-441238
13.64167	-441239
13.64333	-441241
13.64500	-441242
13.64667	-441244
13.64833	-441246
13.65000	-441248
13.65167	-441249
13.65333	-441251
13.65500	-441251
13.65667	-441251
13.65833	-441251
13.66000	-441251
13.66167	-441251
13.66333	-441251
13.66500	-441250
13.66667	-441250
13.66833	-441250
13.67000	-441250
13.67167	-441250
13.67333	-441250
13.67500	-441250
13.67667	-441251
13.67833	-441251
13.68000	-441252
13.68167	-441253
13.68333	-441255
13.68500	-441256
13.68667	-441257
13.68833	-441259
13.69000	-441260
13.69167	-441262
13.69333	-441264
13.69500	-441265
13.69667	-441266
13.69833	-441266
13.70000	-441267
13.70167	-441266
13.70333	-441266
13.70500	-441265
13.70667	-441264
13.70833	-441263
13.71000	-441261
13.71167	-441260
13.71333	-441259
13.71500	-441258
13.71667	-441257
13.71833	-441256
13.72000	-441255
13.72167	-441254
13.72333	-441254
13.72500	-441254
13.72667	-441253
13.72833	-441253
13.73000	-441252
13.73167	-441251
13.73333	-441250
13.73500	-441249
13.73667	-441249
13.73833	-441248
13.74000	-441248
13.74167	-441248
13.74333	-441248
13.74500	-441249
13.74667	-441249
13.74833	-441250
13.75000	-441250
13.75167	-441251
13.75333	-441251
13.75500	-441252
13.75667	-441252
13.75833	-441252
13.76000	-441252
13.76167	-441252
13.76333	-441253
13.76500	-441254
13.76667	-441256
13.76833	-441257
13.77000	-441258
13.77167	-441259
13.77333	-441259
13.77500	-441259
13.77667	-441259
13.77833	-441259
13.78000	-441259
13.78167	-441258
13.78333	-441258
13.78500	-441258
13.78667	-441258
13.78833	-441259
13.79000	-441260
13.79167	-441262
13.79333	-441264
13.79500	-441265
13.79667	-441266
13.79833	-441266
13.80000	-441266
13.80167	-441265
13.80333	-441265
13.80500	-441264
13.80667	-441264
13.80833	-441263
13.81000	-441263
13.81167	-441263
13.81333	-441264
13.81500	-441266
13.81667	-441268
13.81833	-441269
13.82000	-441271
13.82167	-441272
13.82333	-441273
13.82500	-441274
13.82667	-441274
13.82833	-441274
13.83000	-441274
13.83167	-441274
13.83333	-441274
13.83500	-441273
13.83667	-441273
13.83833	-441273
13.84000	-441273
13.84167	-441274
13.84333	-441275
13.84500	-441276
13.84667	-441277
13.84833	-441279
13.85000	-441281
13.85167	-441283
13.85333	-441284
13.85500	-441286
13.85667	-441287
13.85833	-441289
13.86000	-441290
13.86167	-441291
13.86333	-441292
13.86500	-441293
13.86667	-441293
13.86833	-441294
13.87000	-441294
13.87167	-441294
13.87333	-441294
13.87500	-441295
13.87667	-441294
13.87833	-441294
13.88000	-441293
13.88167	-441292
13.88333	-441291
13.88500	-441289
13.88667	-441288
13.88833	-441288
13.89000	-441288
13.89167	-441288
13.89333	-441289
13.89500	-441290
13.89667	-441292
13.89833	-441293
13.90000	-441295
13.90167	-441297
13.90333	-441299
13.90500	-441301
13.90667	-441302
13.90833	-441303
13.91000	-441305
13.91167	-441306
13.91333	-441307
13.91500	-441308
13.91667	-441308
13.91833	-441309
13.92000	-441310
13.92167	-441311
13.92333	-441313
13.92500	-441314
13.92667	-441316
13.92833	-441317
13.93000	-441319
13.93167	-441321
13.93333	-441322
13.93500	-441324
13.93667	-441325
13.93833	-441326
13.94000	-441327
13.94167	-441327
13.94333	-441328
13.94500	-441330
13.94667	-441331
13.94833	-441333
13.95000	-441336
13.95167	-441339
13.95333	-441341
13.95500	-441343
13.95667	-441345
13.95833	-441348
13.96000	-441350
13.96167	-441351
13.96333	-441353
13.96500	-441354
13.96667	-441354
13.96833	-441355
13.97000	-441356
13.97167	-441357
13.97333	-441357
13.97500	-441358
13.97667	-441358
13.97833	-441359
13.98000	-441359
13.98167	-441358
13.98333	-441358
13.98500	-441357
13.98667	-441357
13.98833	-441357
13.99000	-441358
13.99167	-441360
13.99333	-441362
13.99500	-441364
13.99667	-441366
13.99833	-441368
14.00000	-441371
14.00167	-441374
14.00333	-441376
14.00500	-441377
14.00667	-441377
14.00833	-441378
14.01000	-441378
14.01167	-441377
14.01333	-441377
14.01500	-441376
14.01667	-441375
14.01833	-441374
14.02000	-441373
14.02167	-441373
14.02333	-441373
14.02500	-441373
14.02667	-441373
14.02833	-441373
14.03000	-441374
14.03167	-441374
14.03333	-441374
14.03500	-441375
14.03667	-441375
14.03833	-441375
14.04000	-441375
14.04167	-441375
14.04333	-441375
14.04500	-441376
14.04667	-441377
14.04833	-441378
14.05000	-441379
14.05167	-441381
14.05333	-441383
14.05500	-441385
14.05667	-441387
14.05833	-441389
14.06000	-441390
14.06167	-441392
14.06333	-441393
14.06500	-441393
14.06667	-441394
14.06833	-441394
14.07000	-441395
14.07167	-441395
14.07333	-441396
14.07500	-441396
14.07667	-441397
14.07833	-441398
14.08000	-441399
14.08167	-441400
14.08333	-441402
14.08500	-441403
14.08667	-441404
14.08833	-441405
14.09000	-441405
14.09167	-441406
14.09333	-441406
14.09500	-441407
14.09667	-441407
14.09833	-441407
14.10000	-441407
14.10167	-441407
14.10333	-441407
14.10500	-441407
14.10667	-441408
14.10833	-441409
14.11000	-441410
14.11167	-441411
14.11333	-441412
14.11500	-441413
14.11667	-441414
14.11833	-441414
14.12000	-441415
14.12167	-441416
14.12333	-441416
14.12500	-441417
14.12667	-441417
14.12833	-441418
14.13000	-441418
14.13167	-441419
14.13333	-441420
14.13500	-441421
14.13667	-441422
14.13833	-441422
14.14000	-441421
14.14167	-441421
14.14333	-441420
14.14500	-441419
14.14667	-441418
14.14833	-441417
14.15000	-441416
14.15167	-441415
14.15333	-441414
14.15500	-441414
14.15667	-441414
14.15833	-441413
14.16000	-441413
14.16167	-441413
14.16333	-441412
14.16500	-441412
14.16667	-441411
14.16833	-441410
14.17000	-441410
14.17167	-441409
14.17333	-441409
14.17500	-441409
14.17667	-441409
14.17833	-441408
14.18000	-441407
14.18167	-441406
14.18333	-441404
14.18500	-441401
14.18667	-441399
14.18833	-441396
14.19000	-441393
14.19167	-441389
14.19333	-441385
14.19500	-441381
14.19667	-441377
14.19833	-441373
14.20000	-441368
14.20167	-441363
14.20333	-441356
14.20500	-441349
14.20667	-441340
14.20833	-441329
14.21000	-441317
14.21167	-441305
14.21333	-441291
14.21500	-441275
14.21667	-441257
14.21833	-441238
14.22000	-441219
14.22167	-441199
14.22333	-441178
14.22500	-441153
14.22667	-441128
14.22833	-441103
14.23000	-441075
14.23167	-441044
14.23333	-441009
14.23500	-440972
14.23667	-440935
14.23833	-440896
14.24000	-440852
14.24167	-440801
14.24333	-440749
14.24500	-440697
14.24667	-440641
14.24833	-440579
14.25000	-440507
14.25167	-440433
14.25333	-440358
14.25500	-440279
14.25667	-440190
14.25833	-440088
14.26000	-439982
14.26167	-439877
14.26333	-439766
14.26500	-439642
14.26667	-439500
14.26833	-439354
14.27000	-439209
14.27167	-439057
14.27333	-438887
14.27500	-438692
14.27667	-438491
14.27833	-438293
14.28000	-438084
14.28167	-437851
14.28333	-437584
14.28500	-437310
14.28667	-437039
14.28833	-436756
14.29000	-436442
14.29167	-436081
14.29333	-435712
14.29500	-435349
14.29667	-434970
14.29833	-434549
14.30000	-434067
14.30167	-433575
14.30333	-433090
14.30500	-432585
14.30667	-432025
14.30833	-431384
14.31000	-430729
14.31167	-430087
14.31333	-429418
14.31500	-428677
14.31667	-427831
14.31833	-426966
14.32000	-426120
14.32167	-425240
14.32333	-424267
14.32500	-423155
14.32667	-422021
14.32833	-420914
14.33000	-419765
14.33167	-418496
14.33333	-417047
14.33500	-415571
14.33667	-414129
14.33833	-412634
14.34000	-410983
14.34167	-409099
14.34333	-407180
14.34500	-405308
14.34667	-403370
14.34833	-401233
14.35000	-398795
14.35167	-396315
14.35333	-393901
14.35500	-391408
14.35667	-388662
14.35833	-385532
14.36000	-382354
14.36167	-379267
14.36333	-376084
14.36500	-372584
14.36667	-368599
14.36833	-364564
14.37000	-360668
14.37167	-356675
14.37333	-352302
14.37500	-347336
14.37667	-342334
14.37833	-337541
14.38000	-332667
14.38167	-327363
14.38333	-321360
14.38500	-315345
14.38667	-309627
14.38833	-303861
14.39000	-297624
14.39167	-290591
14.39333	-283576
14.39500	-276953
14.39667	-270321
14.39833	-263184
14.40000	-255162
14.40167	-247221
14.40333	-239823
14.40500	-232520
14.40667	-224749
14.40833	-216074
14.41000	-207593
14.41167	-199858
14.41333	-192401
14.41500	-184615
14.41667	-176026
14.41833	-167722
14.42000	-160265
14.42167	-153196
14.42333	-145915
14.42500	-137951
14.42667	-130299
14.42833	-123470
14.43000	-117038
14.43167	-110449
14.43333	-103266
14.43500	-96390
14.43667	-90291
14.43833	-84587
14.44000	-78777
14.44167	-72468
14.44333	-66459
14.44500	-61170
14.44667	-56270
14.44833	-51319
14.45000	-45971
14.45167	-40904
14.45333	-36482
14.45500	-32422
14.45667	-28354
14.45833	-23984
14.46000	-19870
14.46167	-16315
14.46333	-13090
14.46500	-9894
14.46667	-6486
14.46833	-3302
14.47000	-583
14.47167	1846
14.47333	4223
14.47500	6733
14.47667	9056
14.47833	11011
14.48000	12727
14.48167	14378
14.48333	16101
14.48500	17675
14.48667	18974
14.48833	20085
14.49000	21127
14.49167	22194
14.49333	23152
14.49500	23918
14.49667	24548
14.49833	25114
14.50000	25675
14.50167	26160
14.50333	26523
14.50500	26792
14.50667	27004
14.50833	27191
14.51000	27330
14.51167	27402
14.51333	27415
14.51500	27382
14.51667	27314
14.51833	27217
14.52000	27093
14.52167	26937
14.52333	26742
14.52500	26506
14.52667	26256
14.52833	26004
14.53000	25735
14.53167	25433
14.53333	25085
14.53500	24734
14.53667	24400
14.53833	24063
14.54000	23699
14.54167	23289
14.54333	22882
14.54500	22503
14.54667	22128
14.54833	21729
14.55000	21282
14.55167	20843
14.55333	20435
14.55500	20035
14.55667	19611
14.55833	19139
14.56000	18676
14.56167	18250
14.56333	17835
14.56500	17398
14.56667	16914
14.56833	16441
14.57000	16010
14.57167	15594
14.57333	15160
14.57500	14680
14.57667	14215
14.57833	13793
14.58000	13390
14.58167	12972
14.58333	12513
14.58500	12068
14.58667	11667
14.58833	11284
14.59000	10887
14.59167	10451
14.59333	10031
14.59500	9654
14.59667	9298
14.59833	8931
14.60000	8530
14.60167	8145
14.60333	7802
14.60500	7480
14.60667	7151
14.60833	6792
14.61000	6449
14.61167	6145
14.61333	5860
14.61500	5569
14.61667	5254
14.61833	4953
14.62000	4688
14.62167	4443
14.62333	4195
14.62500	3927
14.62667	3673
14.62833	3447
14.63000	3237
14.63167	3024
14.63333	2793
14.63500	2572
14.63667	2375
14.63833	2189
14.64000	2000
14.64167	1793
14.64333	1596
14.64500	1422
14.64667	1260
14.64833	1096
14.65000	919
14.65167	751
14.65333	606
14.65500	473
14.65667	341
14.65833	200
14.66000	67
14.66167	-49
14.66333	-155
14.66500	-260
14.66667	-374
14.66833	-481
14.67000	-576
14.67167	-664
14.67333	-753
14.67500	-850
14.67667	-941
14.67833	-1020
14.68000	-1094
14.68167	-1167
14.68333	-1245
14.68500	-1319
14.68667	-1383
14.68833	-1441
14.69000	-1497
14.69167	-1558
14.69333	-1614
14.69500	-1662
14.69667	-1704
14.69833	-1746
14.70000	-1789
14.70167	-1829
14.70333	-1861
14.70500	-1888
14.70667	-1913
14.70833	-1938
14.71000	-1961
14.71167	-1979
14.71333	-1996
14.71500	-2011
14.71667	-2027
14.71833	-2041
14.72000	-2054
14.72167	-2065
14.72333	-2077
14.72500	-2089
14.72667	-2100
14.72833	-2109
14.73000	-2116
14.73167	-2122
14.73333	-2127
14.73500	-2132
14.73667	-2136
14.73833	-2140
14.74000	-2144
14.74167	-2149
14.74333	-2153
14.74500	-2157
14.74667	-2161
14.74833	-2166
14.75000	-2171
14.75167	-2176
14.75333	-2181
14.75500	-2186
14.75667	-2193
14.75833	-2200
14.76000	-2207
14.76167	-2214
14.76333	-2221
14.76500	-2229
14.76667	-2238
14.76833	-2247
14.77000	-2256
14.77167	-2264
14.77333	-2274
14.77500	-2284
14.77667	-2295
14.77833	-2305
14.78000	-2315
14.78167	-2326
14.78333	-2338
14.78500	-2350
14.78667	-2362
14.78833	-2373
14.79000	-2386
14.79167	-2400
14.79333	-2414
14.79500	-2428
14.79667	-2443
14.79833	-2459
14.80000	-2478
14.80167	-2496
14.80333	-2512
14.80500	-2528
14.80667	-2544
14.80833	-2562
14.81000	-2578
14.81167	-2593
14.81333	-2605
14.81500	-2617
14.81667	-2630
14.81833	-2641
14.82000	-2651
14.82167	-2659
14.82333	-2666
14.82500	-2674
14.82667	-2681
14.82833	-2686
14.83000	-2691
14.83167	-2696
14.83333	-2701
14.83500	-2705
14.83667	-2708
14.83833	-2710
14.84000	-2711
14.84167	-2712
14.84333	-2711
14.84500	-2708
14.84667	-2703
14.84833	-2695
14.85000	-2686
14.85167	-2675
14.85333	-2663
14.85500	-2651
14.85667	-2636
14.85833	-2620
14.86000	-2603
14.86167	-2586
14.86333	-2569
14.86500	-2551
14.86667	-2529
14.86833	-2508
14.87000	-2487
14.87167	-2465
14.87333	-2442
14.87500	-2416
14.87667	-2389
14.87833	-2363
14.88000	-2337
14.88167	-2308
14.88333	-2276
14.88500	-2243
14.88667	-2212
14.88833	-2181
14.89000	-2147
14.89167	-2109
14.89333	-2071
14.89500	-2036
14.89667	-2002
14.89833	-1966
14.90000	-1925
14.90167	-1885
14.90333	-1848
14.90500	-1812
14.90667	-1774
14.90833	-1731
14.91000	-1689
14.91167	-1652
14.91333	-1617
14.91500	-1580
14.91667	-1541
14.91833	-1502
14.92000	-1466
14.92167	-1432
14.92333	-1396
14.92500	-1356
14.92667	-1317
14.92833	-1280
14.93000	-1243
14.93167	-1203
14.93333	-1158
14.93500	-1114
14.93667	-1075
14.93833	-1039
14.94000	-1001
14.94167	-960
14.94333	-921
14.94500	-886
14.94667	-854
14.94833	-821
14.95000	-786
14.95167	-752
14.95333	-721
14.95500	-692
14.95667	-662
14.95833	-629
14.96000	-598
14.96167	-571
14.96333	-546
14.96500	-521
14.96667	-495
14.96833	-469
14.97000	-446
14.97167	-423
14.97333	-400
14.97500	-374
14.97667	-348
14.97833	-326
14.98000	-304
14.98167	-281
14.98333	-257
14.98500	-233
14.98667	-213
14.98833	-195
14.99000	-177
14.99167	-158
14.99333	-139
14.99500	-122
14.99667	-104
14.99833	-86
15.00000	-65

[LC Chromatogram(Detector A-Ch2)]
Interval(msec)	100
# of Points	9001
Start Time(min)	0.000
End Time(min)	15.000
Intensity Units	mAU
Intensity Multiplier	0.001
Wavelength(nm)	280nm
R.Time (min)	Intensity
0.00000	-352
0.00167	-352
0.00333	-354
0.00500	-356
0.00667	-359
0.00833	-361
0.01000	-0
0.01167	-2
0.01333	-4
0.01500	-6
0.01667	-6
0.01833	-7
0.02000	-6
0.02167	-5
0.02333	-3
0.02500	-2
0.02667	0
0.02833	3
0.03000	0
0.03167	3
0.03333	5
0.03500	7
0.03667	9
0.03833	11
0.04000	12
0.04167	13
0.04333	13
0.04500	13
0.04667	13
0.04833	12
0.05000	11
0.05167	10
0.05333	9
0.05500	8
0.05667	6
0.05833	5
0.06000	3
0.06167	1
0.06333	-1
0.06500	-3
0.06667	-5
0.06833	-6
0.07000	-7
0.07167	-7
0.07333	-7
0.07500	-8
0.07667	-8
0.07833	-7
0.08000	-7
0.08167	-7
0.08333	-7
0.08500	-8
0.08667	-8
0.08833	-9
0.09000	-10
0.09167	-11
0.09333	-12
0.09500	-12
0.09667	-12
0.09833	-13
0.10000	-14
0.10167	-14
0.10333	-16
0.10500	-17
0.10667	-18
0.10833	-19
0.11000	-20
0.11167	-20
0.11333	-20
0.11500	-20
0.11667	-20
0.11833	-19
0.12000	-19
0.12167	-18
0.12333	-18
0.12500	-18
0.12667	-19
0.12833	-20
0.13000	-22
0.13167	-24
0.13333	-25
0.13500	-26
0.13667	-26
0.13833	-26
0.14000	-25
0.14167	-25
0.14333	-24
0.14500	-23
0.14667	-22
0.14833	-21
0.15000	-21
0.15167	-22
0.15333	-22
0.15500	-23
0.15667	-25
0.15833	-26
0.16000	-26
0.16167	-27
0.16333	-27
0.16500	-27
0.16667	-28
0.16833	-28
0.17000	-29
0.17167	-29
0.17333	-30
0.17500	-30
0.17667	-30
0.17833	-31
0.18000	-31
0.18167	-32
0.18333	-32
0.18500	-32
0.18667	-32
0.18833	-31
0.19000	-31
0.19167	-30
0.19333	-30
0.19500	-29
0.19667	-29
0.19833	-28
0.20000	-28
0.20167	-28
0.20333	-27
0.20500	-27
0.20667	-27
0.20833	-27
0.21000	-27
0.21167	-27
0.21333	-28
0.21500	-28
0.21667	-29
0.21833	-30
0.22000	-30
0.22167	-31
0.22333	-32
0.22500	-32
0.22667	-32
0.22833	-31
0.23000	-30
0.23167	-29
0.23333	-27
0.23500	-26
0.23667	-24
0.23833	-22
0.24000	-23
0.24167	-28
0.24333	-39
0.24500	-56
0.24667	-77
0.24833	-85
0.25000	-63
0.25167	-9
0.25333	75
0.25500	189
0.25667	324
0.25833	479
0.26000	663
0.26167	885
0.26333	1151
0.26500	1409
0.26667	1632
0.26833	1829
0.27000	2019
0.27167	2217
0.27333	2404
0.27500	2568
0.27667	2721
0.27833	2877
0.28000	3046
0.28167	3221
0.28333	3400
0.28500	3597
0.28667	3824
0.28833	4088
0.29000	4346
0.29167	4573
0.29333	4781
0.29500	4988
0.29667	5210
0.29833	5406
0.30000	5550
0.30167	5650
0.30333	5722
0.30500	5778
0.30667	5817
0.30833	5839
0.31000	5846
0.31167	5843
0.31333	5831
0.31500	5815
0.31667	5796
0.31833	5773
0.32000	5745
0.32167	5711
0.32333	5674
0.32500	5632
0.32667	5584
0.32833	5527
0.33000	5460
0.33167	5390
0.33333	5321
0.33500	5249
0.33667	5170
0.33833	5081
0.34000	5001
0.34167	4945
0.34333	4911
0.34500	4893
0.34667	4885
0.34833	4877
0.35000	4861
0.35167	4835
0.35333	4798
0.35500	4750
0.35667	4679
0.35833	4573
0.36000	4423
0.36167	4227
0.36333	3983
0.36500	3734
0.36667	3504
0.36833	3283
0.37000	3052
0.37167	2799
0.37333	2562
0.37500	2362
0.37667	2188
0.37833	2022
0.38000	1850
0.38167	1691
0.38333	1557
0.38500	1438
0.38667	1321
0.38833	1198
0.39000	1088
0.39167	1001
0.39333	932
0.39500	873
0.39667	816
0.39833	767
0.40000	728
0.40167	696
0.40333	666
0.40500	637
0.40667	609
0.40833	582
0.41000	556
0.41167	527
0.41333	494
0.41500	463
0.41667	436
0.41833	411
0.42000	386
0.42167	360
0.42333	336
0.42500	315
0.42667	297
0.42833	280
0.43000	263
0.43167	247
0.43333	235
0.43500	226
0.43667	217
0.43833	210
0.44000	203
0.44167	198
0.44333	194
0.44500	190
0.44667	187
0.44833	184
0.45000	184
0.45167	186
0.45333	190
0.45500	195
0.45667	200
0.45833	204
0.46000	207
0.46167	209
0.46333	210
0.46500	211
0.46667	209
0.46833	205
0.47000	199
0.47167	191
0.47333	182
0.47500	174
0.47667	167
0.47833	159
0.48000	150
0.48167	142
0.48333	136
0.48500	130
0.48667	125
0.48833	120
0.49000	115
0.49167	112
0.49333	109
0.49500	108
0.49667	107
0.49833	106
0.50000	105
0.50167	105
0.50333	105
0.50500	105
0.50667	105
0.50833	105
0.51000	104
0.51167	102
0.51333	99
0.51500	96
0.51667	94
0.51833	90
0.52000	87
0.52167	83
0.52333	79
0.52500	76
0.52667	74
0.52833	73
0.53000	71
0.53167	70
0.53333	69
0.53500	67
0.53667	66
0.53833	64
0.54000	62
0.54167	60
0.54333	58
0.54500	56
0.54667	53
0.54833	51
0.55000	48
0.55167	46
0.55333	43
0.55500	40
0.55667	37
0.55833	34
0.56000	31
0.56167	28
0.56333	25
0.56500	22
0.56667	19
0.56833	17
0.57000	14
0.57167	11
0.57333	8
0.57500	6
0.57667	3
0.57833	1
0.58000	-1
0.58167	-3
0.58333	-5
0.58500	-6
0.58667	-8
0.58833	-9
0.59000	-10
0.59167	-11
0.59333	-12
0.59500	-13
0.59667	-13
0.59833	-14
0.60000	-16
0.60167	-17
0.60333	-18
0.60500	-20
0.60667	-22
0.60833	-24
0.61000	-25
0.61167	-27
0.61333	-29
0.61500	-31
0.61667	-32
0.61833	-34
0.62000	-35
0.62167	-36
0.62333	-36
0.62500	-37
0.62667	-37
0.62833	-37
0.63000	-36
0.63167	-36
0.63333	-35
0.63500	-35
0.63667	-34
0.63833	-34
0.64000	-34
0.64167	-34
0.64333	-34
0.64500	-34
0.64667	-35
0.64833	-35
0.65000	-35
0.65167	-35
0.65333	-35
0.65500	-35
0.65667	-34
0.65833	-34
0.66000	-33
0.66167	-32
0.66333	-31
0.66500	-30
0.66667	-29
0.66833	-28
0.67000	-27
0.67167	-27
0.67333	-26
0.67500	-26
0.67667	-26
0.67833	-27
0.68000	-28
0.68167	-30
0.68333	-31
0.68500	-33
0.68667	-35
0.68833	-37
0.69000	-39
0.69167	-41
0.69333	-43
0.69500	-45
0.69667	-47
0.69833	-49
0.70000	-50
0.70167	-52
0.70333	-53
0.70500	-54
0.70667	-55
0.70833	-55
0.71000	-56
0.71167	-56
0.71333	-56
0.71500	-56
0.71667	-57
0.71833	-57
0.72000	-59
0.72167	-60
0.72333	-62
0.72500	-63
0.72667	-65
0.72833	-67
0.73000	-70
0.73167	-72
0.73333	-73
0.73500	-74
0.73667	-75
0.73833	-75
0.74000	-75
0.74167	-75
0.74333	-75
0.74500	-75
0.74667	-75
0.74833	-74
0.75000	-74
0.75167	-74
0.75333	-74
0.75500	-75
0.75667	-75
0.75833	-75
0.76000	-76
0.76167	-77
0.76333	-77
0.76500	-78
0.76667	-79
0.76833	-80
0.77000	-80
0.77167	-81
0.77333	-81
0.77500	-81
0.77667	-81
0.77833	-80
0.78000	-79
0.78167	-78
0.78333	-77
0.78500	-76
0.78667	-76
0.78833	-76
0.79000	-75
0.79167	-75
0.79333	-76
0.79500	-76
0.79667	-77
0.79833	-78
0.80000	-79
0.80167	-80
0.80333	-81
0.80500	-83
0.80667	-84
0.80833	-84
0.81000	-84
0.81167	-84
0.81333	-84
0.81500	-83
0.81667	-82
0.81833	-81
0.82000	-80
0.82167	-79
0.82333	-79
0.82500	-78
0.82667	-78
0.82833	-79
0.83000	-80
0.83167	-81
0.83333	-82
0.83500	-83
0.83667	-83
0.83833	-83
0.84000	-83
0.84167	-84
0.84333	-84
0.84500	-84
0.84667	-83
0.84833	-83
0.85000	-83
0.85167	-83
0.85333	-83
0.85500	-83
0.85667	-83
0.85833	-83
0.86000	-83
0.86167	-83
0.86333	-83
0.86500	-83
0.86667	-83
0.86833	-83
0.87000	-83
0.87167	-83
0.87333	-83
0.87500	-83
0.87667	-83
0.87833	-83
0.88000	-83
0.88167	-83
0.88333	-82
0.88500	-82
0.88667	-81
0.88833	-81
0.89000	-80
0.89167	-80
0.89333	-80
0.89500	-80
0.89667	-81
0.89833	-82
0.90000	-84
0.90167	-86
0.90333	-88
0.90500	-90
0.90667	-92
0.90833	-94
0.91000	-95
0.91167	-95
0.91333	-95
0.91500	-95
0.91667	-94
0.91833	-93
0.92000	-92
0.92167	-91
0.92333	-89
0.92500	-88
0.92667	-87
0.92833	-86
0.93000	-85
0.93167	-84
0.93333	-83
0.93500	-82
0.93667	-82
0.93833	-81
0.94000	-80
0.94167	-80
0.94333	-79
0.94500	-79
0.94667	-79
0.94833	-79
0.95000	-80
0.95167	-80
0.95333	-80
0.95500	-81
0.95667	-81
0.95833	-82
0.96000	-82
0.96167	-82
0.96333	-83
0.96500	-83
0.96667	-83
0.96833	-83
0.97000	-82
0.97167	-82
0.97333	-82
0.97500	-81
0.97667	-82
0.97833	-82
0.98000	-82
0.98167	-83
0.98333	-84
0.98500	-85
0.98667	-86
0.98833	-88
0.99000	-89
0.99167	-90
0.99333	-91
0.99500	-91
0.99667	-92
0.99833	-92
1.00000	-92
1.00167	-92
1.00333	-93
1.00500	-93
1.00667	-94
1.00833	-94
1.01000	-95
1.01167	-96
1.01333	-96
1.01500	-97
1.01667	-98
1.01833	-98
1.02000	-98
1.02167	-98
1.02333	-97
1.02500	-96
1.02667	-96
1.02833	-95
1.03000	-94
1.03167	-94
1.03333	-93
1.03500	-93
1.03667	-94
1.03833	-95
1.04000	-95
1.04167	-97
1.04333	-98
1.04500	-99
1.04667	-101
1.04833	-102
1.05000	-103
1.05167	-104
1.05333	-104
1.05500	-105
1.05667	-104
1.05833	-104
1.06000	-103
1.06167	-102
1.06333	-101
1.06500	-99
1.06667	-98
1.06833	-96
1.07000	-95
1.07167	-94
1.07333	-93
1.07500	-92
1.07667	-92
1.07833	-91
1.08000	-91
1.08167	-91
1.08333	-91
1.08500	-91
1.08667	-91
1.08833	-92
1.09000	-92
1.09167	-93
1.09333	-93
1.09500	-94
1.09667	-94
1.09833	-95
1.10000	-95
1.10167	-96
1.10333	-96
1.10500	-96
1.10667	-96
1.10833	-96
1.11000	-96
1.11167	-96
1.11333	-95
1.11500	-95
1.11667	-94
1.11833	-94
1.12000	-93
1.12167	-93
1.12333	-93
1.12500	-92
1.12667	-92
1.12833	-92
1.13000	-91
1.13167	-91
1.13333	-91
1.13500	-91
1.13667	-90
1.13833	-90
1.14000	-89
1.14167	-89
1.14333	-89
1.14500	-89
1.14667	-88
1.14833	-88
1.15000	-89
1.15167	-89
1.15333	-90
1.15500	-91
1.15667	-93
1.15833	-94
1.16000	-95
1.16167	-95
1.16333	-96
1.16500	-96
1.16667	-96
1.16833	-96
1.17000	-96
1.17167	-95
1.17333	-94
1.17500	-93
1.17667	-93
1.17833	-93
1.18000	-94
1.18167	-94
1.18333	-95
1.18500	-96
1.18667	-97
1.18833	-99
1.19000	-100
1.19167	-101
1.19333	-101
1.19500	-102
1.19667	-102
1.19833	-103
1.20000	-103
1.20167	-103
1.20333	-103
1.20500	-103
1.20667	-103
1.20833	-103
1.21000	-103
1.21167	-103
1.21333	-103
1.21500	-103
1.21667	-103
1.21833	-103
1.22000	-102
1.22167	-102
1.22333	-101
1.22500	-100
1.22667	-100
1.22833	-99
1.23000	-99
1.23167	-98
1.23333	-98
1.23500	-98
1.23667	-98
1.23833	-98
1.24000	-98
1.24167	-98
1.24333	-99
1.24500	-99
1.24667	-100
1.24833	-100
1.25000	-101
1.25167	-102
1.25333	-102
1.25500	-103
1.25667	-104
1.25833	-104
1.26000	-104
1.26167	-104
1.26333	-103
1.26500	-102
1.26667	-101
1.26833	-100
1.27000	-99
1.27167	-97
1.27333	-96
1.27500	-95
1.27667	-94
1.27833	-94
1.28000	-94
1.28167	-94
1.28333	-94
1.28500	-94
1.28667	-94
1.28833	-94
1.29000	-94
1.29167	-94
1.29333	-94
1.29500	-94
1.29667	-95
1.29833	-95
1.30000	-95
1.30167	-96
1.30333	-96
1.30500	-96
1.30667	-96
1.30833	-97
1.31000	-97
1.31167	-97
1.31333	-97
1.31500	-96
1.31667	-96
1.31833	-96
1.32000	-95
1.32167	-94
1.32333	-93
1.32500	-93
1.32667	-93
1.32833	-94
1.33000	-94
1.33167	-95
1.33333	-96
1.33500	-97
1.33667	-97
1.33833	-98
1.34000	-99
1.34167	-99
1.34333	-99
1.34500	-99
1.34667	-99
1.34833	-98
1.35000	-98
1.35167	-97
1.35333	-97
1.35500	-96
1.35667	-95
1.35833	-95
1.36000	-95
1.36167	-94
1.36333	-94
1.36500	-94
1.36667	-94
1.36833	-93
1.37000	-93
1.37167	-93
1.37333	-92
1.37500	-92
1.37667	-93
1.37833	-93
1.38000	-94
1.38167	-95
1.38333	-96
1.38500	-97
1.38667	-99
1.38833	-101
1.39000	-102
1.39167	-104
1.39333	-104
1.39500	-105
1.39667	-106
1.39833	-106
1.40000	-106
1.40167	-106
1.40333	-106
1.40500	-105
1.40667	-105
1.40833	-104
1.41000	-102
1.41167	-101
1.41333	-99
1.41500	-97
1.41667	-96
1.41833	-96
1.42000	-95
1.42167	-95
1.42333	-96
1.42500	-96
1.42667	-97
1.42833	-99
1.43000	-100
1.43167	-102
1.43333	-104
1.43500	-105
1.43667	-106
1.43833	-108
1.44000	-109
1.44167	-109
1.44333	-109
1.44500	-109
1.44667	-108
1.44833	-107
1.45000	-106
1.45167	-106
1.45333	-106
1.45500	-106
1.45667	-107
1.45833	-107
1.46000	-108
1.46167	-109
1.46333	-110
1.46500	-111
1.46667	-112
1.46833	-112
1.47000	-113
1.47167	-114
1.47333	-114
1.47500	-115
1.47667	-115
1.47833	-115
1.48000	-116
1.48167	-116
1.48333	-116
1.48500	-115
1.48667	-115
1.48833	-114
1.49000	-113
1.49167	-113
1.49333	-112
1.49500	-112
1.49667	-111
1.49833	-111
1.50000	-111
1.50167	-111
1.50333	-110
1.50500	-110
1.50667	-110
1.50833	-110
1.51000	-110
1.51167	-111
1.51333	-113
1.51500	-114
1.51667	-115
1.51833	-116
1.52000	-117
1.52167	-117
1.52333	-118
1.52500	-118
1.52667	-117
1.52833	-117
1.53000	-116
1.53167	-115
1.53333	-115
1.53500	-115
1.53667	-116
1.53833	-116
1.54000	-117
1.54167	-118
1.54333	-118
1.54500	-118
1.54667	-118
1.54833	-118
1.55000	-117
1.55167	-117
1.55333	-116
1.55500	-115
1.55667	-114
1.55833	-114
1.56000	-113
1.56167	-113
1.56333	-113
1.56500	-113
1.56667	-113
1.56833	-114
1.57000	-114
1.57167	-114
1.57333	-114
1.57500	-115
1.57667	-115
1.57833	-115
1.58000	-114
1.58167	-114
1.58333	-114
1.58500	-115
1.58667	-115
1.58833	-117
1.59000	-118
1.59167	-119
1.59333	-121
1.59500	-122
1.59667	-124
1.59833	-125
1.60000	-126
1.60167	-127
1.60333	-127
1.60500	-127
1.60667	-127
1.60833	-126
1.61000	-126
1.61167	-126
1.61333	-126
1.61500	-126
1.61667	-126
1.61833	-127
1.62000	-128
1.62167	-130
1.62333	-131
1.62500	-133
1.62667	-134
1.62833	-135
1.63000	-136
1.63167	-137
1.63333	-137
1.63500	-137
1.63667	-137
1.63833	-136
1.64000	-135
1.64167	-135
1.64333	-135
1.64500	-135
1.64667	-136
1.64833	-137
1.65000	-138
1.65167	-139
1.65333	-139
1.65500	-139
1.65667	-139
1.65833	-139
1.66000	-139
1.66167	-138
1.66333	-136
1.66500	-135
1.66667	-134
1.66833	-133
1.67000	-131
1.67167	-130
1.67333	-129
1.67500	-128
1.67667	-129
1.67833	-129
1.68000	-131
1.68167	-132
1.68333	-134
1.68500	-137
1.68667	-140
1.68833	-144
1.69000	-147
1.69167	-150
1.69333	-152
1.69500	-153
1.69667	-154
1.69833	-155
1.70000	-155
1.70167	-155
1.70333	-156
1.70500	-156
1.70667	-156
1.70833	-157
1.71000	-157
1.71167	-158
1.71333	-158
1.71500	-159
1.71667	-159
1.71833	-159
1.72000	-159
1.72167	-159
1.72333	-159
1.72500	-159
1.72667	-159
1.72833	-159
1.73000	-160
1.73167	-160
1.73333	-160
1.73500	-160
1.73667	-160
1.73833	-160
1.74000	-159
1.74167	-159
1.74333	-159
1.74500	-158
1.74667	-158
1.74833	-159
1.75000	-159
1.75167	-159
1.75333	-159
1.75500	-159
1.75667	-160
1.75833	-160
1.76000	-160
1.76167	-160
1.76333	-161
1.76500	-161
1.76667	-161
1.76833	-162
1.77000	-163
1.77167	-164
1.77333	-165
1.77500	-166
1.77667	-167
1.77833	-168
1.78000	-169
1.78167	-170
1.78333	-170
1.78500	-171
1.78667	-172
1.78833	-173
1.79000	-173
1.79167	-173
1.79333	-173
1.79500	-172
1.79667	-171
1.79833	-170
1.80000	-169
1.80167	-168
1.80333	-168
1.80500	-168
1.80667	-168
1.80833	-168
1.81000	-169
1.81167	-170
1.81333	-171
1.81500	-172
1.81667	-173
1.81833	-173
1.82000	-174
1.82167	-174
1.82333	-174
1.82500	-174
1.82667	-174
1.82833	-174
1.83000	-174
1.83167	-174
1.83333	-174
1.83500	-174
1.83667	-174
1.83833	-175
1.84000	-176
1.84167	-177
1.84333	-178
1.84500	-180
1.84667	-181
1.84833	-183
1.85000	-184
1.85167	-185
1.85333	-186
1.85500	-187
1.85667	-188
1.85833	-188
1.86000	-189
1.86167	-190
1.86333	-191
1.86500	-192
1.86667	-192
1.86833	-192
1.87000	-191
1.87167	-190
1.87333	-189
1.87500	-189
1.87667	-188
1.87833	-187
1.88000	-186
1.88167	-185
1.88333	-185
1.88500	-184
1.88667	-184
1.88833	-184
1.89000	-184
1.89167	-184
1.89333	-184
1.89500	-184
1.89667	-184
1.89833	-184
1.90000	-184
1.90167	-185
1.90333	-186
1.90500	-187
1.90667	-188
1.90833	-188
1.91000	-189
1.91167	-189
1.91333	-189
1.91500	-189
1.91667	-188
1.91833	-188
1.92000	-187
1.92167	-185
1.92333	-184
1.92500	-184
1.92667	-183
1.92833	-183
1.93000	-184
1.93167	-184
1.93333	-185
1.93500	-186
1.93667	-186
1.93833	-188
1.94000	-189
1.94167	-189
1.94333	-190
1.94500	-190
1.94667	-190
1.94833	-190
1.95000	-191
1.95167	-191
1.95333	-191
1.95500	-191
1.95667	-190
1.95833	-190
1.96000	-190
1.96167	-190
1.96333	-190
1.96500	-190
1.96667	-190
1.96833	-189
1.97000	-189
1.97167	-189
1.97333	-188
1.97500	-188
1.97667	-188
1.97833	-187
1.98000	-187
1.98167	-187
1.98333	-187
1.98500	-187
1.98667	-187
1.98833	-187
1.99000	-188
1.99167	-188
1.99333	-188
1.99500	-189
1.99667	-189
1.99833	-189
2.00000	-189
2.00167	-189
2.00333	-189
2.00500	-188
2.00667	-187
2.00833	-187
2.01000	-187
2.01167	-188
2.01333	-189
2.01500	-190
2.01667	-191
2.01833	-192
2.02000	-193
2.02167	-194
2.02333	-195
2.02500	-196
2.02667	-195
2.02833	-194
2.03000	-193
2.03167	-191
2.03333	-190
2.03500	-189
2.03667	-187
2.03833	-186
2.04000	-185
2.04167	-184
2.04333	-182
2.04500	-181
2.04667	-179
2.04833	-177
2.05000	-175
2.05167	-174
2.05333	-173
2.05500	-171
2.05667	-169
2.05833	-168
2.06000	-167
2.06167	-166
2.06333	-164
2.06500	-163
2.06667	-162
2.06833	-160
2.07000	-159
2.07167	-157
2.07333	-156
2.07500	-155
2.07667	-154
2.07833	-154
2.08000	-154
2.08167	-154
2.08333	-154
2.08500	-155
2.08667	-157
2.08833	-159
2.09000	-161
2.09167	-162
2.09333	-164
2.09500	-166
2.09667	-168
2.09833	-169
2.10000	-171
2.10167	-172
2.10333	-174
2.10500	-175
2.10667	-176
2.10833	-177
2.11000	-178
2.11167	-178
2.11333	-179
2.11500	-179
2.11667	-180
2.11833	-181
2.12000	-181
2.12167	-182
2.12333	-183
2.12500	-183
2.12667	-184
2.12833	-186
2.13000	-187
2.13167	-188
2.13333	-189
2.13500	-190
2.13667	-191
2.13833	-191
2.14000	-191
2.14167	-191
2.14333	-191
2.14500	-191
2.14667	-191
2.14833	-191
2.15000	-191
2.15167	-191
2.15333	-191
2.15500	-192
2.15667	-193
2.15833	-193
2.16000	-194
2.16167	-195
2.16333	-195
2.16500	-195
2.16667	-195
2.16833	-195
2.17000	-195
2.17167	-195
2.17333	-195
2.17500	-194
2.17667	-194
2.17833	-193
2.18000	-193
2.18167	-192
2.18333	-191
2.18500	-190
2.18667	-190
2.18833	-189
2.19000	-188
2.19167	-188
2.19333	-187
2.19500	-188
2.19667	-188
2.19833	-188
2.20000	-189
2.20167	-189
2.20333	-189
2.20500	-189
2.20667	-190
2.20833	-190
2.21000	-190
2.21167	-191
2.21333	-191
2.21500	-191
2.21667	-192
2.21833	-192
2.22000	-193
2.22167	-194
2.22333	-194
2.22500	-195
2.22667	-195
2.22833	-195
2.23000	-195
2.23167	-194
2.23333	-194
2.23500	-193
2.23667	-192
2.23833	-192
2.24000	-191
2.24167	-190
2.24333	-190
2.24500	-190
2.24667	-190
2.24833	-190
2.25000	-190
2.25167	-190
2.25333	-190
2.25500	-190
2.25667	-190
2.25833	-190
2.26000	-189
2.26167	-189
2.26333	-189
2.26500	-188
2.26667	-188
2.26833	-188
2.27000	-189
2.27167	-189
2.27333	-190
2.27500	-190
2.27667	-190
2.27833	-191
2.28000	-191
2.28167	-191
2.28333	-191
2.28500	-191
2.28667	-191
2.28833	-190
2.29000	-189
2.29167	-188
2.29333	-188
2.29500	-187
2.29667	-186
2.29833	-186
2.30000	-185
2.30167	-185
2.30333	-184
2.30500	-183
2.30667	-183
2.30833	-182
2.31000	-182
2.31167	-182
2.31333	-181
2.31500	-181
2.31667	-181
2.31833	-182
2.32000	-182
2.32167	-183
2.32333	-184
2.32500	-184
2.32667	-184
2.32833	-184
2.33000	-184
2.33167	-183
2.33333	-183
2.33500	-182
2.33667	-181
2.33833	-180
2.34000	-179
2.34167	-179
2.34333	-179
2.34500	-180
2.34667	-180
2.34833	-181
2.35000	-182
2.35167	-183
2.35333	-184
2.35500	-185
2.35667	-186
2.35833	-187
2.36000	-187
2.36167	-187
2.36333	-186
2.36500	-186
2.36667	-185
2.36833	-185
2.37000	-185
2.37167	-185
2.37333	-185
2.37500	-185
2.37667	-185
2.37833	-185
2.38000	-185
2.38167	-185
2.38333	-185
2.38500	-185
2.38667	-185
2.38833	-184
2.39000	-184
2.39167	-183
2.39333	-183
2.39500	-184
2.39667	-184
2.39833	-185
2.40000	-186
2.40167	-187
2.40333	-188
2.40500	-189
2.40667	-190
2.40833	-191
2.41000	-191
2.41167	-191
2.41333	-191
2.41500	-190
2.41667	-189
2.41833	-188
2.42000	-187
2.42167	-187
2.42333	-186
2.42500	-186
2.42667	-186
2.42833	-187
2.43000	-187
2.43167	-188
2.43333	-188
2.43500	-188
2.43667	-187
2.43833	-185
2.44000	-184
2.44167	-183
2.44333	-182
2.44500	-181
2.44667	-180
2.44833	-179
2.45000	-178
2.45167	-178
2.45333	-177
2.45500	-177
2.45667	-177
2.45833	-177
2.46000	-177
2.46167	-176
2.46333	-176
2.46500	-176
2.46667	-175
2.46833	-175
2.47000	-175
2.47167	-175
2.47333	-175
2.47500	-176
2.47667	-176
2.47833	-177
2.48000	-177
2.48167	-178
2.48333	-178
2.48500	-179
2.48667	-178
2.48833	-178
2.49000	-178
2.49167	-177
2.49333	-177
2.49500	-176
2.49667	-176
2.49833	-175
2.50000	-175
2.50167	-174
2.50333	-174
2.50500	-173
2.50667	-172
2.50833	-172
2.51000	-171
2.51167	-170
2.51333	-168
2.51500	-167
2.51667	-166
2.51833	-166
2.52000	-165
2.52167	-165
2.52333	-166
2.52500	-166
2.52667	-166
2.52833	-167
2.53000	-168
2.53167	-168
2.53333	-169
2.53500	-169
2.53667	-169
2.53833	-169
2.54000	-169
2.54167	-168
2.54333	-167
2.54500	-166
2.54667	-165
2.54833	-164
2.55000	-163
2.55167	-162
2.55333	-161
2.55500	-161
2.55667	-160
2.55833	-160
2.56000	-159
2.56167	-159
2.56333	-158
2.56500	-157
2.56667	-155
2.56833	-154
2.57000	-152
2.57167	-150
2.57333	-149
2.57500	-147
2.57667	-147
2.57833	-146
2.58000	-146
2.58167	-146
2.58333	-146
2.58500	-146
2.58667	-145
2.58833	-144
2.59000	-143
2.59167	-143
2.59333	-142
2.59500	-142
2.59667	-142
2.59833	-142
2.60000	-143
2.60167	-144
2.60333	-146
2.60500	-148
2.60667	-150
2.60833	-152
2.61000	-153
2.61167	-153
2.61333	-154
2.61500	-154
2.61667	-154
2.61833	-153
2.62000	-152
2.62167	-151
2.62333	-150
2.62500	-149
2.62667	-148
2.62833	-148
2.63000	-148
2.63167	-148
2.63333	-148
2.63500	-149
2.63667	-150
2.63833	-152
2.64000	-153
2.64167	-154
2.64333	-155
2.64500	-155
2.64667	-155
2.64833	-155
2.65000	-155
2.65167	-155
2.65333	-154
2.65500	-153
2.65667	-153
2.65833	-152
2.66000	-152
2.66167	-152
2.66333	-152
2.66500	-153
2.66667	-153
2.66833	-153
2.67000	-153
2.67167	-152
2.67333	-152
2.67500	-152
2.67667	-151
2.67833	-151
2.68000	-150
2.68167	-150
2.68333	-150
2.68500	-150
2.68667	-150
2.68833	-150
2.69000	-150
2.69167	-150
2.69333	-150
2.69500	-150
2.69667	-150
2.69833	-149
2.70000	-149
2.70167	-148
2.70333	-147
2.70500	-147
2.70667	-146
2.70833	-146
2.71000	-146
2.71167	-147
2.71333	-148
2.71500	-149
2.71667	-150
2.71833	-150
2.72000	-150
2.72167	-150
2.72333	-150
2.72500	-150
2.72667	-149
2.72833	-149
2.73000	-148
2.73167	-148
2.73333	-148
2.73500	-148
2.73667	-148
2.73833	-149
2.74000	-150
2.74167	-151
2.74333	-151
2.74500	-151
2.74667	-150
2.74833	-150
2.75000	-149
2.75167	-148
2.75333	-147
2.75500	-147
2.75667	-146
2.75833	-145
2.76000	-145
2.76167	-144
2.76333	-144
2.76500	-144
2.76667	-144
2.76833	-145
2.77000	-146
2.77167	-147
2.77333	-148
2.77500	-149
2.77667	-150
2.77833	-151
2.78000	-151
2.78167	-152
2.78333	-152
2.78500	-151
2.78667	-151
2.78833	-150
2.79000	-149
2.79167	-149
2.79333	-148
2.79500	-148
2.79667	-147
2.79833	-147
2.80000	-147
2.80167	-146
2.80333	-146
2.80500	-146
2.80667	-146
2.80833	-145
2.81000	-144
2.81167	-143
2.81333	-141
2.81500	-139
2.81667	-138
2.81833	-137
2.82000	-136
2.82167	-136
2.82333	-135
2.82500	-135
2.82667	-135
2.82833	-134
2.83000	-134
2.83167	-134
2.83333	-134
2.83500	-134
2.83667	-134
2.83833	-134
2.84000	-134
2.84167	-135
2.84333	-135
2.84500	-136
2.84667	-137
2.84833	-138
2.85000	-138
2.85167	-138
2.85333	-139
2.85500	-138
2.85667	-138
2.85833	-138
2.86000	-138
2.86167	-137
2.86333	-137
2.86500	-136
2.86667	-136
2.86833	-135
2.87000	-135
2.87167	-134
2.87333	-133
2.87500	-133
2.87667	-133
2.87833	-133
2.88000	-133
2.88167	-133
2.88333	-133
2.88500	-133
2.88667	-133
2.88833	-133
2.89000	-133
2.89167	-134
2.89333	-135
2.89500	-137
2.89667	-139
2.89833	-141
2.90000	-143
2.90167	-144
2.90333	-146
2.90500	-147
2.90667	-147
2.90833	-147
2.91000	-147
2.91167	-146
2.91333	-145
2.91500	-143
2.91667	-142
2.91833	-141
2.92000	-140
2.92167	-140
2.92333	-139
2.92500	-138
2.92667	-137
2.92833	-136
2.93000	-135
2.93167	-133
2.93333	-132
2.93500	-132
2.93667	-131
2.93833	-131
2.94000	-131
2.94167	-131
2.94333	-130
2.94500	-129
2.94667	-128
2.94833	-127
2.95000	-126
2.95167	-126
2.95333	-126
2.95500	-125
2.95667	-126
2.95833	-126
2.96000	-126
2.96167	-126
2.96333	-127
2.96500	-127
2.96667	-127
2.96833	-127
2.97000	-126
2.97167	-126
2.97333	-125
2.97500	-123
2.97667	-121
2.97833	-119
2.98000	-117
2.98167	-114
2.98333	-111
2.98500	-107
2.98667	-103
2.98833	-98
2.99000	-93
2.99167	-90
2.99333	-87
2.99500	-86
2.99667	-84
2.99833	-84
3.00000	-84
3.00167	-85
3.00333	-87
3.00500	-90
3.00667	-93
3.00833	-96
3.01000	-98
3.01167	-100
3.01333	-103
3.01500	-106
3.01667	-108
3.01833	-110
3.02000	-112
3.02167	-113
3.02333	-115
3.02500	-116
3.02667	-116
3.02833	-116
3.03000	-115
3.03167	-114
3.03333	-114
3.03500	-113
3.03667	-112
3.03833	-112
3.04000	-111
3.04167	-111
3.04333	-111
3.04500	-112
3.04667	-113
3.04833	-114
3.05000	-114
3.05167	-114
3.05333	-114
3.05500	-114
3.05667	-114
3.05833	-114
3.06000	-114
3.06167	-113
3.06333	-113
3.06500	-113
3.06667	-113
3.06833	-113
3.07000	-113
3.07167	-114
3.07333	-114
3.07500	-114
3.07667	-114
3.07833	-113
3.08000	-111
3.08167	-110
3.08333	-108
3.08500	-108
3.08667	-107
3.08833	-107
3.09000	-107
3.09167	-108
3.09333	-109
3.09500	-110
3.09667	-112
3.09833	-114
3.10000	-115
3.10167	-116
3.10333	-116
3.10500	-116
3.10667	-117
3.10833	-117
3.11000	-117
3.11167	-117
3.11333	-117
3.11500	-117
3.11667	-117
3.11833	-117
3.12000	-117
3.12167	-117
3.12333	-117
3.12500	-117
3.12667	-117
3.12833	-117
3.13000	-116
3.13167	-116
3.13333	-115
3.13500	-114
3.13667	-113
3.13833	-111
3.14000	-110
3.14167	-109
3.14333	-109
3.14500	-108
3.14667	-108
3.14833	-108
3.15000	-108
3.15167	-108
3.15333	-109
3.15500	-109
3.15667	-109
3.15833	-109
3.16000	-109
3.16167	-109
3.16333	-109
3.16500	-108
3.16667	-108
3.16833	-107
3.17000	-107
3.17167	-107
3.17333	-106
3.17500	-106
3.17667	-105
3.17833	-105
3.18000	-104
3.18167	-104
3.18333	-103
3.18500	-102
3.18667	-101
3.18833	-100
3.19000	-99
3.19167	-98
3.19333	-98
3.19500	-98
3.19667	-98
3.19833	-99
3.20000	-100
3.20167	-102
3.20333	-104
3.20500	-106
3.20667	-108
3.20833	-109
3.21000	-110
3.21167	-110
3.21333	-110
3.21500	-109
3.21667	-108
3.21833	-107
3.22000	-105
3.22167	-103
3.22333	-101
3.22500	-99
3.22667	-97
3.22833	-96
3.23000	-94
3.23167	-93
3.23333	-93
3.23500	-93
3.23667	-94
3.23833	-95
3.24000	-97
3.24167	-98
3.24333	-99
3.24500	-100
3.24667	-101
3.24833	-102
3.25000	-102
3.25167	-102
3.25333	-101
3.25500	-100
3.25667	-98
3.25833	-97
3.26000	-95
3.26167	-94
3.26333	-92
3.26500	-90
3.26667	-89
3.26833	-87
3.27000	-86
3.27167	-85
3.27333	-84
3.27500	-84
3.27667	-84
3.27833	-85
3.28000	-86
3.28167	-87
3.28333	-88
3.28500	-89
3.28667	-89
3.28833	-89
3.29000	-89
3.29167	-89
3.29333	-88
3.29500	-87
3.29667	-86
3.29833	-85
3.30000	-83
3.30167	-83
3.30333	-82
3.30500	-81
3.30667	-80
3.30833	-80
3.31000	-80
3.31167	-79
3.31333	-79
3.31500	-79
3.31667	-80
3.31833	-80
3.32000	-80
3.32167	-80
3.32333	-80
3.32500	-79
3.32667	-79
3.32833	-79
3.33000	-79
3.33167	-78
3.33333	-78
3.33500	-77
3.33667	-77
3.33833	-77
3.34000	-76
3.34167	-76
3.34333	-75
3.34500	-74
3.34667	-73
3.34833	-72
3.35000	-72
3.35167	-71
3.35333	-71
3.35500	-70
3.35667	-69
3.35833	-68
3.36000	-67
3.36167	-66
3.36333	-64
3.36500	-62
3.36667	-61
3.36833	-59
3.37000	-58
3.37167	-56
3.37333	-55
3.37500	-54
3.37667	-54
3.37833	-53
3.38000	-53
3.38167	-52
3.38333	-51
3.38500	-49
3.38667	-47
3.38833	-44
3.39000	-41
3.39167	-38
3.39333	-36
3.39500	-34
3.39667	-32
3.39833	-31
3.40000	-30
3.40167	-30
3.40333	-31
3.40500	-32
3.40667	-34
3.40833	-36
3.41000	-38
3.41167	-41
3.41333	-44
3.41500	-47
3.41667	-49
3.41833	-51
3.42000	-52
3.42167	-54
3.42333	-56
3.42500	-56
3.42667	-56
3.42833	-56
3.43000	-55
3.43167	-54
3.43333	-53
3.43500	-52
3.43667	-51
3.43833	-50
3.44000	-49
3.44167	-48
3.44333	-47
3.44500	-46
3.44667	-46
3.44833	-45
3.45000	-44
3.45167	-43
3.45333	-41
3.45500	-40
3.45667	-38
3.45833	-36
3.46000	-34
3.46167	-31
3.46333	-28
3.46500	-26
3.46667	-23
3.46833	-20
3.47000	-17
3.47167	-14
3.47333	-11
3.47500	-7
3.47667	-4
3.47833	-1
3.48000	3
3.48167	7
3.48333	11
3.48500	14
3.48667	17
3.48833	20
3.49000	25
3.49167	31
3.49333	41
3.49500	53
3.49667	69
3.49833	88
3.50000	112
3.50167	142
3.50333	179
3.50500	224
3.50667	273
3.50833	323
3.51000	376
3.51167	437
3.51333	508
3.51500	575
3.51667	632
3.51833	681
3.52000	727
3.52167	773
3.52333	812
3.52500	834
3.52667	843
3.52833	841
3.53000	830
3.53167	818
3.53333	811
3.53500	807
3.53667	808
3.53833	812
3.54000	906
3.54167	1164
3.54333	1606
3.54500	2237
3.54667	3050
3.54833	3994
3.55000	5070
3.55167	6340
3.55333	7863
3.55500	9679
3.55667	11428
3.55833	12898
3.56000	14159
3.56167	15337
3.56333	16537
3.56500	17521
3.56667	18128
3.56833	18395
3.57000	18404
3.57167	18224
3.57333	17907
3.57500	17467
3.57667	16893
3.57833	16170
3.58000	15288
3.58167	14384
3.58333	13528
3.58500	12675
3.58667	11762
3.58833	10741
3.59000	9762
3.59167	8907
3.59333	8126
3.59500	7348
3.59667	6516
3.59833	5749
3.60000	5114
3.60167	4572
3.60333	4065
3.60500	3547
3.60667	3083
3.60833	2713
3.61000	2410
3.61167	2139
3.61333	1871
3.61500	1636
3.61667	1452
3.61833	1305
3.62000	1177
3.62167	1053
3.62333	945
3.62500	860
3.62667	793
3.62833	734
3.63000	677
3.63167	626
3.63333	583
3.63500	544
3.63667	505
3.63833	464
3.64000	425
3.64167	391
3.64333	360
3.64500	329
3.64667	296
3.64833	266
3.65000	242
3.65167	222
3.65333	205
3.65500	188
3.65667	173
3.65833	161
3.66000	151
3.66167	141
3.66333	132
3.66500	123
3.66667	115
3.66833	109
3.67000	102
3.67167	96
3.67333	90
3.67500	86
3.67667	83
3.67833	80
3.68000	79
3.68167	78
3.68333	77
3.68500	76
3.68667	76
3.68833	77
3.69000	77
3.69167	76
3.69333	75
3.69500	74
3.69667	71
3.69833	69
3.70000	66
3.70167	64
3.70333	61
3.70500	58
3.70667	55
3.70833	53
3.71000	51
3.71167	50
3.71333	50
3.71500	49
3.71667	48
3.71833	47
3.72000	46
3.72167	44
3.72333	43
3.72500	41
3.72667	39
3.72833	36
3.73000	33
3.73167	31
3.73333	29
3.73500	28
3.73667	27
3.73833	26
3.74000	26
3.74167	25
3.74333	25
3.74500	25
3.74667	24
3.74833	24
3.75000	24
3.75167	24
3.75333	24
3.75500	23
3.75667	23
3.75833	23
3.76000	22
3.76167	22
3.76333	21
3.76500	19
3.76667	18
3.76833	17
3.77000	16
3.77167	15
3.77333	14
3.77500	14
3.77667	14
3.77833	15
3.78000	17
3.78167	19
3.78333	20
3.78500	21
3.78667	22
3.78833	23
3.79000	23
3.79167	23
3.79333	23
3.79500	22
3.79667	21
3.79833	19
3.80000	19
3.80167	18
3.80333	18
3.80500	19
3.80667	19
3.80833	20
3.81000	20
3.81167	21
3.81333	21
3.81500	21
3.81667	22
3.81833	22
3.82000	22
3.82167	22
3.82333	22
3.82500	22
3.82667	23
3.82833	24
3.83000	25
3.83167	27
3.83333	28
3.83500	28
3.83667	29
3.83833	29
3.84000	28
3.84167	28
3.84333	28
3.84500	29
3.84667	29
3.84833	29
3.85000	29
3.85167	28
3.85333	26
3.85500	24
3.85667	22
3.85833	20
3.86000	18
3.86167	15
3.86333	12
3.86500	9
3.86667	7
3.86833	5
3.87000	5
3.87167	4
3.87333	4
3.87500	4
3.87667	3
3.87833	3
3.88000	3
3.88167	2
3.88333	2
3.88500	2
3.88667	2
3.88833	2
3.89000	2
3.89167	3
3.89333	3
3.89500	4
3.89667	5
3.89833	5
3.90000	5
3.90167	6
3.90333	5
3.90500	5
3.90667	5
3.90833	5
3.91000	6
3.91167	6
3.91333	8
3.91500	9
3.91667	10
3.91833	11
3.92000	12
3.92167	13
3.92333	14
3.92500	14
3.92667	14
3.92833	14
3.93000	13
3.93167	13
3.93333	12
3.93500	12
3.93667	13
3.93833	13
3.94000	14
3.94167	14
3.94333	14
3.94500	15
3.94667	15
3.94833	15
3.95000	14
3.95167	14
3.95333	13
3.95500	12
3.95667	11
3.95833	10
3.96000	9
3.96167	8
3.96333	7
3.96500	6
3.96667	6
3.96833	5
3.97000	5
3.97167	4
3.97333	4
3.97500	4
3.97667	4
3.97833	4
3.98000	4
3.98167	4
3.98333	4
3.98500	4
3.98667	4
3.98833	3
3.99000	3
3.99167	3
3.99333	3
3.99500	4
3.99667	5
3.99833	6
4.00000	7
4.00167	8
4.00333	9
4.00500	10
4.00667	11
4.00833	12
4.01000	12
4.01167	11
4.01333	9
4.01500	8
4.01667	7
4.01833	7
4.02000	6
4.02167	7
4.02333	7
4.02500	8
4.02667	9
4.02833	10
4.03000	12
4.03167	13
4.03333	14
4.03500	14
4.03667	14
4.03833	13
4.04000	12
4.04167	12
4.04333	11
4.04500	10
4.04667	10
4.04833	9
4.05000	9
4.05167	9
4.05333	9
4.05500	9
4.05667	9
4.05833	10
4.06000	10
4.06167	10
4.06333	10
4.06500	10
4.06667	10
4.06833	10
4.07000	10
4.07167	10
4.07333	11
4.07500	11
4.07667	12
4.07833	12
4.08000	13
4.08167	13
4.08333	14
4.08500	14
4.08667	14
4.08833	15
4.09000	15
4.09167	15
4.09333	15
4.09500	15
4.09667	15
4.09833	15
4.10000	15
4.10167	14
4.10333	13
4.10500	12
4.10667	11
4.10833	11
4.11000	11
4.11167	12
4.11333	13
4.11500	14
4.11667	15
4.11833	15
4.12000	16
4.12167	16
4.12333	16
4.12500	16
4.12667	15
4.12833	15
4.13000	14
4.13167	14
4.13333	14
4.13500	14
4.13667	15
4.13833	16
4.14000	18
4.14167	19
4.14333	19
4.14500	20
4.14667	20
4.14833	20
4.15000	20
4.15167	20
4.15333	19
4.15500	18
4.15667	17
4.15833	16
4.16000	16
4.16167	16
4.16333	16
4.16500	16
4.16667	16
4.16833	17
4.17000	17
4.17167	17
4.17333	18
4.17500	18
4.17667	19
4.17833	20
4.18000	21
4.18167	22
4.18333	22
4.18500	23
4.18667	24
4.18833	24
4.19000	25
4.19167	25
4.19333	25
4.19500	25
4.19667	25
4.19833	24
4.20000	24
4.20167	24
4.20333	25
4.20500	25
4.20667	26
4.20833	26
4.21000	26
4.21167	27
4.21333	27
4.21500	27
4.21667	28
4.21833	28
4.22000	28
4.22167	27
4.22333	27
4.22500	26
4.22667	26
4.22833	25
4.23000	24
4.23167	24
4.23333	23
4.23500	23
4.23667	23
4.23833	22
4.24000	23
4.24167	23
4.24333	24
4.24500	25
4.24667	26
4.24833	27
4.25000	27
4.25167	27
4.25333	27
4.25500	27
4.25667	26
4.25833	25
4.26000	25
4.26167	24
4.26333	24
4.26500	23
4.26667	23
4.26833	24
4.27000	25
4.27167	27
4.27333	29
4.27500	30
4.27667	31
4.27833	31
4.28000	31
4.28167	31
4.28333	31
4.28500	30
4.28667	30
4.28833	29
4.29000	28
4.29167	27
4.29333	27
4.29500	27
4.29667	27
4.29833	27
4.30000	27
4.30167	27
4.30333	26
4.30500	26
4.30667	26
4.30833	26
4.31000	26
4.31167	26
4.31333	27
4.31500	27
4.31667	28
4.31833	30
4.32000	31
4.32167	33
4.32333	35
4.32500	37
4.32667	38
4.32833	40
4.33000	41
4.33167	42
4.33333	43
4.33500	44
4.33667	45
4.33833	45
4.34000	45
4.34167	46
4.34333	46
4.34500	46
4.34667	46
4.34833	46
4.35000	46
4.35167	47
4.35333	47
4.35500	47
4.35667	47
4.35833	47
4.36000	47
4.36167	47
4.36333	47
4.36500	47
4.36667	47
4.36833	46
4.37000	46
4.37167	46
4.37333	46
4.37500	46
4.37667	46
4.37833	47
4.38000	48
4.38167	49
4.38333	50
4.38500	51
4.38667	53
4.38833	55
4.39000	57
4.39167	58
4.39333	58
4.39500	58
4.39667	58
4.39833	58
4.40000	57
4.40167	56
4.40333	55
4.40500	54
4.40667	53
4.40833	52
4.41000	51
4.41167	51
4.41333	52
4.41500	52
4.41667	52
4.41833	52
4.42000	52
4.42167	52
4.42333	51
4.42500	50
4.42667	49
4.42833	48
4.43000	47
4.43167	45
4.43333	44
4.43500	44
4.43667	43
4.43833	43
4.44000	43
4.44167	43
4.44333	43
4.44500	44
4.44667	44
4.44833	45
4.45000	45
4.45167	45
4.45333	45
4.45500	44
4.45667	44
4.45833	44
4.46000	44
4.46167	44
4.46333	45
4.46500	46
4.46667	47
4.46833	49
4.47000	51
4.47167	54
4.47333	56
4.47500	57
4.47667	58
4.47833	58
4.48000	58
4.48167	57
4.48333	56
4.48500	56
4.48667	54
4.48833	53
4.49000	52
4.49167	51
4.49333	51
4.49500	51
4.49667	51
4.49833	51
4.50000	52
4.50167	52
4.50333	53
4.50500	53
4.50667	54
4.50833	55
4.51000	56
4.51167	57
4.51333	59
4.51500	60
4.51667	61
4.51833	62
4.52000	62
4.52167	62
4.52333	62
4.52500	62
4.52667	61
4.52833	60
4.53000	58
4.53167	57
4.53333	56
4.53500	55
4.53667	55
4.53833	55
4.54000	55
4.54167	56
4.54333	58
4.54500	61
4.54667	64
4.54833	66
4.55000	69
4.55167	71
4.55333	72
4.55500	73
4.55667	75
4.55833	75
4.56000	76
4.56167	77
4.56333	77
4.56500	78
4.56667	78
4.56833	78
4.57000	78
4.57167	78
4.57333	77
4.57500	76
4.57667	75
4.57833	73
4.58000	71
4.58167	69
4.58333	68
4.58500	67
4.58667	66
4.58833	65
4.59000	64
4.59167	63
4.59333	63
4.59500	62
4.59667	61
4.59833	61
4.60000	60
4.60167	61
4.60333	62
4.60500	63
4.60667	65
4.60833	66
4.61000	67
4.61167	68
4.61333	70
4.61500	70
4.61667	71
4.61833	71
4.62000	71
4.62167	71
4.62333	70
4.62500	70
4.62667	69
4.62833	69
4.63000	68
4.63167	68
4.63333	67
4.63500	66
4.63667	65
4.63833	63
4.64000	62
4.64167	61
4.64333	60
4.64500	59
4.64667	59
4.64833	59
4.65000	59
4.65167	60
4.65333	61
4.65500	62
4.65667	63
4.65833	64
4.66000	65
4.66167	65
4.66333	65
4.66500	66
4.66667	66
4.66833	66
4.67000	67
4.67167	67
4.67333	67
4.67500	68
4.67667	68
4.67833	69
4.68000	69
4.68167	69
4.68333	69
4.68500	70
4.68667	70
4.68833	70
4.69000	71
4.69167	72
4.69333	73
4.69500	74
4.69667	75
4.69833	76
4.70000	77
4.70167	78
4.70333	78
4.70500	78
4.70667	78
4.70833	78
4.71000	78
4.71167	79
4.71333	79
4.71500	79
4.71667	80
4.71833	80
4.72000	81
4.72167	81
4.72333	81
4.72500	81
4.72667	81
4.72833	80
4.73000	79
4.73167	78
4.73333	77
4.73500	77
4.73667	77
4.73833	78
4.74000	80
4.74167	82
4.74333	84
4.74500	86
4.74667	89
4.74833	92
4.75000	93
4.75167	94
4.75333	94
4.75500	94
4.75667	93
4.75833	93
4.76000	92
4.76167	91
4.76333	89
4.76500	88
4.76667	88
4.76833	87
4.77000	87
4.77167	87
4.77333	87
4.77500	87
4.77667	88
4.77833	89
4.78000	90
4.78167	91
4.78333	92
4.78500	93
4.78667	94
4.78833	96
4.79000	97
4.79167	99
4.79333	99
4.79500	100
4.79667	101
4.79833	101
4.80000	102
4.80167	103
4.80333	104
4.80500	105
4.80667	106
4.80833	107
4.81000	108
4.81167	108
4.81333	108
4.81500	109
4.81667	109
4.81833	109
4.82000	108
4.82167	108
4.82333	108
4.82500	107
4.82667	107
4.82833	107
4.83000	107
4.83167	107
4.83333	106
4.83500	105
4.83667	104
4.83833	102
4.84000	101
4.84167	100
4.84333	100
4.84500	100
4.84667	101
4.84833	102
4.85000	103
4.85167	104
4.85333	105
4.85500	107
4.85667	107
4.85833	108
4.86000	108
4.86167	108
4.86333	107
4.86500	107
4.86667	106
4.86833	106
4.87000	106
4.87167	105
4.87333	105
4.87500	106
4.87667	106
4.87833	107
4.88000	109
4.88167	110
4.88333	112
4.88500	113
4.88667	114
4.88833	116
4.89000	117
4.89167	118
4.89333	119
4.89500	120
4.89667	121
4.89833	122
4.90000	124
4.90167	125
4.90333	128
4.90500	130
4.90667	133
4.90833	135
4.91000	137
4.91167	138
4.91333	139
4.91500	140
4.91667	141
4.91833	142
4.92000	143
4.92167	144
4.92333	146
4.92500	148
4.92667	150
4.92833	152
4.93000	155
4.93167	158
4.93333	161
4.93500	163
4.93667	166
4.93833	169
4.94000	173
4.94167	179
4.94333	187
4.94500	197
4.94667	209
4.94833	228
4.95000	258
4.95167	299
4.95333	354
4.95500	423
4.95667	520
4.95833	661
4.96000	854
4.96167	1106
4.96333	1419
4.96500	1795
4.96667	2250
4.96833	2813
4.97000	3507
4.97167	4347
4.97333	5224
4.97500	6090
4.97667	6992
4.97833	7991
4.98000	9130
4.98167	10195
4.98333	11055
4.98500	11755
4.98667	12375
4.98833	12978
4.99000	13438
4.99167	13662
4.99333	13666
4.99500	13490
4.99667	13171
4.99833	12764
5.00000	12289
5.00167	11727
5.00333	11054
5.00500	10254
5.00667	9461
5.00833	8750
5.01000	8084
5.01167	7408
5.01333	6675
5.01500	5995
5.01667	5429
5.01833	4943
5.02000	4486
5.02167	4017
5.02333	3594
5.02500	3250
5.02667	2961
5.02833	2695
5.03000	2427
5.03167	2185
5.03333	1987
5.03500	1817
5.03667	1659
5.03833	1497
5.04000	1349
5.04167	1229
5.04333	1126
5.04500	1029
5.04667	931
5.04833	843
5.05000	771
5.05167	712
5.05333	658
5.05500	604
5.05667	557
5.05833	518
5.06000	486
5.06167	458
5.06333	429
5.06500	403
5.06667	383
5.06833	367
5.07000	353
5.07167	339
5.07333	327
5.07500	317
5.07667	310
5.07833	304
5.08000	298
5.08167	294
5.08333	291
5.08500	290
5.08667	289
5.08833	289
5.09000	291
5.09167	293
5.09333	296
5.09500	301
5.09667	307
5.09833	313
5.10000	318
5.10167	323
5.10333	327
5.10500	332
5.10667	336
5.10833	338
5.11000	339
5.11167	338
5.11333	336
5.11500	334
5.11667	330
5.11833	325
5.12000	320
5.12167	312
5.12333	305
5.12500	299
5.12667	293
5.12833	287
5.13000	281
5.13167	276
5.13333	272
5.13500	271
5.13667	271
5.13833	272
5.14000	274
5.14167	277
5.14333	280
5.14500	285
5.14667	290
5.14833	295
5.15000	298
5.15167	300
5.15333	301
5.15500	300
5.15667	299
5.15833	297
5.16000	293
5.16167	288
5.16333	282
5.16500	276
5.16667	270
5.16833	265
5.17000	259
5.17167	252
5.17333	246
5.17500	241
5.17667	236
5.17833	232
5.18000	227
5.18167	223
5.18333	220
5.18500	217
5.18667	214
5.18833	212
5.19000	210
5.19167	208
5.19333	207
5.19500	206
5.19667	205
5.19833	204
5.20000	204
5.20167	203
5.20333	203
5.20500	202
5.20667	202
5.20833	201
5.21000	200
5.21167	199
5.21333	197
5.21500	196
5.21667	194
5.21833	192
5.22000	191
5.22167	188
5.22333	186
5.22500	184
5.22667	182
5.22833	180
5.23000	178
5.23167	176
5.23333	175
5.23500	173
5.23667	171
5.23833	169
5.24000	168
5.24167	166
5.24333	165
5.24500	165
5.24667	164
5.24833	163
5.25000	163
5.25167	162
5.25333	162
5.25500	161
5.25667	161
5.25833	161
5.26000	161
5.26167	161
5.26333	162
5.26500	163
5.26667	164
5.26833	165
5.27000	166
5.27167	168
5.27333	169
5.27500	169
5.27667	169
5.27833	168
5.28000	167
5.28167	166
5.28333	165
5.28500	164
5.28667	163
5.28833	163
5.29000	162
5.29167	161
5.29333	160
5.29500	160
5.29667	159
5.29833	158
5.30000	158
5.30167	158
5.30333	157
5.30500	157
5.30667	157
5.30833	158
5.31000	158
5.31167	159
5.31333	161
5.31500	162
5.31667	163
5.31833	164
5.32000	165
5.32167	166
5.32333	167
5.32500	167
5.32667	167
5.32833	167
5.33000	166
5.33167	165
5.33333	164
5.33500	163
5.33667	162
5.33833	161
5.34000	161
5.34167	161
5.34333	161
5.34500	162
5.34667	164
5.34833	165
5.35000	166
5.35167	167
5.35333	167
5.35500	168
5.35667	168
5.35833	168
5.36000	168
5.36167	168
5.36333	168
5.36500	168
5.36667	168
5.36833	168
5.37000	169
5.37167	170
5.37333	170
5.37500	171
5.37667	172
5.37833	173
5.38000	174
5.38167	175
5.38333	176
5.38500	177
5.38667	178
5.38833	178
5.39000	179
5.39167	179
5.39333	179
5.39500	180
5.39667	180
5.39833	180
5.40000	179
5.40167	179
5.40333	179
5.40500	179
5.40667	179
5.40833	178
5.41000	178
5.41167	178
5.41333	178
5.41500	177
5.41667	177
5.41833	177
5.42000	178
5.42167	178
5.42333	179
5.42500	180
5.42667	180
5.42833	181
5.43000	182
5.43167	182
5.43333	183
5.43500	183
5.43667	184
5.43833	184
5.44000	184
5.44167	184
5.44333	184
5.44500	183
5.44667	182
5.44833	182
5.45000	181
5.45167	181
5.45333	181
5.45500	181
5.45667	182
5.45833	182
5.46000	183
5.46167	184
5.46333	185
5.46500	186
5.46667	187
5.46833	187
5.47000	187
5.47167	187
5.47333	187
5.47500	186
5.47667	185
5.47833	184
5.48000	183
5.48167	181
5.48333	181
5.48500	180
5.48667	180
5.48833	180
5.49000	180
5.49167	180
5.49333	180
5.49500	181
5.49667	182
5.49833	183
5.50000	184
5.50167	184
5.50333	185
5.50500	186
5.50667	187
5.50833	188
5.51000	189
5.51167	190
5.51333	191
5.51500	192
5.51667	193
5.51833	194
5.52000	195
5.52167	196
5.52333	197
5.52500	197
5.52667	198
5.52833	198
5.53000	198
5.53167	198
5.53333	197
5.53500	197
5.53667	196
5.53833	195
5.54000	195
5.54167	195
5.54333	195
5.54500	196
5.54667	197
5.54833	198
5.55000	199
5.55167	200
5.55333	201
5.55500	201
5.55667	202
5.55833	203
5.56000	203
5.56167	204
5.56333	204
5.56500	204
5.56667	204
5.56833	205
5.57000	205
5.57167	206
5.57333	206
5.57500	206
5.57667	207
5.57833	207
5.58000	207
5.58167	206
5.58333	206
5.58500	206
5.58667	206
5.58833	205
5.59000	205
5.59167	205
5.59333	205
5.59500	204
5.59667	204
5.59833	204
5.60000	203
5.60167	203
5.60333	203
5.60500	203
5.60667	203
5.60833	203
5.61000	203
5.61167	203
5.61333	203
5.61500	204
5.61667	204
5.61833	203
5.62000	202
5.62167	201
5.62333	200
5.62500	199
5.62667	198
5.62833	198
5.63000	198
5.63167	198
5.63333	199
5.63500	200
5.63667	201
5.63833	203
5.64000	204
5.64167	205
5.64333	205
5.64500	206
5.64667	205
5.64833	205
5.65000	205
5.65167	205
5.65333	205
5.65500	204
5.65667	204
5.65833	204
5.66000	203
5.66167	202
5.66333	200
5.66500	199
5.66667	198
5.66833	197
5.67000	196
5.67167	196
5.67333	195
5.67500	195
5.67667	194
5.67833	194
5.68000	195
5.68167	195
5.68333	195
5.68500	196
5.68667	196
5.68833	197
5.69000	198
5.69167	198
5.69333	198
5.69500	198
5.69667	198
5.69833	198
5.70000	198
5.70167	198
5.70333	198
5.70500	198
5.70667	199
5.70833	200
5.71000	201
5.71167	201
5.71333	202
5.71500	203
5.71667	204
5.71833	204
5.72000	203
5.72167	202
5.72333	202
5.72500	201
5.72667	201
5.72833	202
5.73000	202
5.73167	203
5.73333	204
5.73500	204
5.73667	205
5.73833	205
5.74000	205
5.74167	205
5.74333	205
5.74500	204
5.74667	203
5.74833	202
5.75000	201
5.75167	201
5.75333	200
5.75500	200
5.75667	199
5.75833	199
5.76000	199
5.76167	199
5.76333	199
5.76500	199
5.76667	200
5.76833	200
5.77000	201
5.77167	202
5.77333	203
5.77500	204
5.77667	204
5.77833	204
5.78000	204
5.78167	203
5.78333	202
5.78500	202
5.78667	201
5.78833	200
5.79000	200
5.79167	199
5.79333	199
5.79500	200
5.79667	201
5.79833	202
5.80000	202
5.80167	203
5.80333	204
5.80500	205
5.80667	205
5.80833	206
5.81000	207
5.81167	207
5.81333	208
5.81500	208
5.81667	209
5.81833	209
5.82000	209
5.82167	209
5.82333	208
5.82500	208
5.82667	207
5.82833	207
5.83000	206
5.83167	205
5.83333	205
5.83500	205
5.83667	205
5.83833	206
5.84000	207
5.84167	208
5.84333	209
5.84500	210
5.84667	210
5.84833	211
5.85000	211
5.85167	211
5.85333	211
5.85500	210
5.85667	209
5.85833	209
5.86000	208
5.86167	207
5.86333	206
5.86500	205
5.86667	204
5.86833	204
5.87000	204
5.87167	204
5.87333	204
5.87500	204
5.87667	205
5.87833	205
5.88000	207
5.88167	208
5.88333	209
5.88500	209
5.88667	210
5.88833	210
5.89000	210
5.89167	211
5.89333	211
5.89500	211
5.89667	212
5.89833	212
5.90000	212
5.90167	212
5.90333	212
5.90500	212
5.90667	212
5.90833	212
5.91000	212
5.91167	211
5.91333	211
5.91500	211
5.91667	211
5.91833	210
5.92000	210
5.92167	210
5.92333	209
5.92500	209
5.92667	209
5.92833	209
5.93000	209
5.93167	209
5.93333	210
5.93500	211
5.93667	212
5.93833	213
5.94000	215
5.94167	216
5.94333	218
5.94500	219
5.94667	220
5.94833	221
5.95000	222
5.95167	222
5.95333	222
5.95500	222
5.95667	222
5.95833	222
5.96000	221
5.96167	221
5.96333	220
5.96500	219
5.96667	219
5.96833	219
5.97000	218
5.97167	218
5.97333	219
5.97500	219
5.97667	219
5.97833	220
5.98000	220
5.98167	220
5.98333	221
5.98500	221
5.98667	221
5.98833	222
5.99000	222
5.99167	222
5.99333	222
5.99500	222
5.99667	222
5.99833	222
6.00000	222
6.00167	222
6.00333	222
6.00500	223
6.00667	223
6.00833	223
6.01000	223
6.01167	223
6.01333	223
6.01500	223
6.01667	222
6.01833	222
6.02000	223
6.02167	223
6.02333	224
6.02500	225
6.02667	226
6.02833	227
6.03000	228
6.03167	229
6.03333	230
6.03500	230
6.03667	230
6.03833	229
6.04000	229
6.04167	228
6.04333	228
6.04500	227
6.04667	227
6.04833	227
6.05000	227
6.05167	227
6.05333	227
6.05500	227
6.05667	227
6.05833	228
6.06000	228
6.06167	229
6.06333	229
6.06500	230
6.06667	231
6.06833	231
6.07000	232
6.07167	233
6.07333	233
6.07500	233
6.07667	233
6.07833	232
6.08000	232
6.08167	231
6.08333	231
6.08500	231
6.08667	231
6.08833	232
6.09000	232
6.09167	233
6.09333	234
6.09500	236
6.09667	238
6.09833	239
6.10000	240
6.10167	241
6.10333	242
6.10500	242
6.10667	242
6.10833	241
6.11000	241
6.11167	241
6.11333	240
6.11500	240
6.11667	239
6.11833	239
6.12000	240
6.12167	240
6.12333	241
6.12500	241
6.12667	241
6.12833	241
6.13000	240
6.13167	239
6.13333	239
6.13500	238
6.13667	238
6.13833	238
6.14000	238
6.14167	237
6.14333	238
6.14500	238
6.14667	238
6.14833	238
6.15000	239
6.15167	239
6.15333	239
6.15500	239
6.15667	239
6.15833	239
6.16000	240
6.16167	240
6.16333	241
6.16500	242
6.16667	242
6.16833	243
6.17000	243
6.17167	243
6.17333	244
6.17500	244
6.17667	245
6.17833	246
6.18000	247
6.18167	248
6.18333	249
6.18500	249
6.18667	248
6.18833	247
6.19000	246
6.19167	245
6.19333	244
6.19500	242
6.19667	240
6.19833	238
6.20000	237
6.20167	237
6.20333	238
6.20500	240
6.20667	241
6.20833	243
6.21000	245
6.21167	247
6.21333	249
6.21500	252
6.21667	253
6.21833	254
6.22000	255
6.22167	255
6.22333	255
6.22500	255
6.22667	254
6.22833	253
6.23000	252
6.23167	250
6.23333	249
6.23500	249
6.23667	248
6.23833	248
6.24000	248
6.24167	249
6.24333	249
6.24500	250
6.24667	251
6.24833	253
6.25000	254
6.25167	255
6.25333	255
6.25500	256
6.25667	257
6.25833	258
6.26000	259
6.26167	260
6.26333	261
6.26500	262
6.26667	262
6.26833	262
6.27000	262
6.27167	261
6.27333	260
6.27500	259
6.27667	258
6.27833	258
6.28000	257
6.28167	257
6.28333	256
6.28500	256
6.28667	256
6.28833	257
6.29000	257
6.29167	257
6.29333	258
6.29500	258
6.29667	258
6.29833	259
6.30000	259
6.30167	259
6.30333	258
6.30500	258
6.30667	258
6.30833	257
6.31000	257
6.31167	257
6.31333	256
6.31500	256
6.31667	256
6.31833	256
6.32000	257
6.32167	259
6.32333	260
6.32500	261
6.32667	262
6.32833	263
6.33000	264
6.33167	265
6.33333	265
6.33500	266
6.33667	266
6.33833	266
6.34000	265
6.34167	265
6.34333	264
6.34500	263
6.34667	262
6.34833	261
6.35000	261
6.35167	261
6.35333	261
6.35500	262
6.35667	263
6.35833	263
6.36000	264
6.36167	265
6.36333	266
6.36500	267
6.36667	267
6.36833	268
6.37000	268
6.37167	268
6.37333	268
6.37500	268
6.37667	267
6.37833	267
6.38000	267
6.38167	266
6.38333	266
6.38500	266
6.38667	266
6.38833	266
6.39000	266
6.39167	266
6.39333	266
6.39500	266
6.39667	265
6.39833	264
6.40000	264
6.40167	263
6.40333	263
6.40500	262
6.40667	261
6.40833	261
6.41000	262
6.41167	263
6.41333	264
6.41500	265
6.41667	266
6.41833	267
6.42000	267
6.42167	268
6.42333	268
6.42500	269
6.42667	269
6.42833	269
6.43000	270
6.43167	270
6.43333	271
6.43500	271
6.43667	272
6.43833	274
6.44000	275
6.44167	275
6.44333	275
6.44500	275
6.44667	275
6.44833	274
6.45000	274
6.45167	274
6.45333	274
6.45500	274
6.45667	274
6.45833	274
6.46000	274
6.46167	274
6.46333	274
6.46500	275
6.46667	275
6.46833	275
6.47000	276
6.47167	276
6.47333	276
6.47500	277
6.47667	277
6.47833	278
6.48000	279
6.48167	280
6.48333	280
6.48500	281
6.48667	282
6.48833	284
6.49000	285
6.49167	286
6.49333	287
6.49500	287
6.49667	288
6.49833	288
6.50000	288
6.50167	288
6.50333	288
6.50500	287
6.50667	286
6.50833	285
6.51000	285
6.51167	284
6.51333	284
6.51500	285
6.51667	285
6.51833	285
6.52000	286
6.52167	286
6.52333	286
6.52500	286
6.52667	286
6.52833	287
6.53000	287
6.53167	287
6.53333	287
6.53500	287
6.53667	287
6.53833	287
6.54000	287
6.54167	287
6.54333	288
6.54500	288
6.54667	289
6.54833	289
6.55000	290
6.55167	290
6.55333	291
6.55500	291
6.55667	292
6.55833	293
6.56000	293
6.56167	294
6.56333	295
6.56500	295
6.56667	296
6.56833	296
6.57000	296
6.57167	296
6.57333	295
6.57500	295
6.57667	295
6.57833	295
6.58000	296
6.58167	296
6.58333	296
6.58500	297
6.58667	297
6.58833	297
6.59000	297
6.59167	297
6.59333	297
6.59500	298
6.59667	298
6.59833	299
6.60000	299
6.60167	299
6.60333	299
6.60500	298
6.60667	298
6.60833	297
6.61000	296
6.61167	295
6.61333	295
6.61500	294
6.61667	294
6.61833	294
6.62000	295
6.62167	297
6.62333	298
6.62500	300
6.62667	301
6.62833	301
6.63000	302
6.63167	302
6.63333	303
6.63500	302
6.63667	302
6.63833	302
6.64000	301
6.64167	301
6.64333	301
6.64500	302
6.64667	303
6.64833	304
6.65000	305
6.65167	305
6.65333	305
6.65500	305
6.65667	305
6.65833	304
6.66000	304
6.66167	304
6.66333	304
6.66500	304
6.66667	304
6.66833	304
6.67000	305
6.67167	307
6.67333	308
6.67500	309
6.67667	309
6.67833	310
6.68000	310
6.68167	309
6.68333	309
6.68500	309
6.68667	309
6.68833	309
6.69000	309
6.69167	309
6.69333	309
6.69500	310
6.69667	311
6.69833	312
6.70000	312
6.70167	313
6.70333	312
6.70500	312
6.70667	312
6.70833	311
6.71000	311
6.71167	311
6.71333	311
6.71500	311
6.71667	311
6.71833	312
6.72000	313
6.72167	313
6.72333	314
6.72500	315
6.72667	315
6.72833	316
6.73000	316
6.73167	316
6.73333	317
6.73500	317
6.73667	318
6.73833	319
6.74000	320
6.74167	320
6.74333	320
6.74500	319
6.74667	317
6.74833	315
6.75000	314
6.75167	313
6.75333	313
6.75500	313
6.75667	313
6.75833	313
6.76000	314
6.76167	315
6.76333	316
6.76500	316
6.76667	317
6.76833	318
6.77000	318
6.77167	318
6.77333	318
6.77500	319
6.77667	319
6.77833	319
6.78000	320
6.78167	320
6.78333	321
6.78500	321
6.78667	322
6.78833	322
6.79000	323
6.79167	323
6.79333	324
6.79500	324
6.79667	325
6.79833	326
6.80000	326
6.80167	327
6.80333	327
6.80500	327
6.80667	327
6.80833	327
6.81000	327
6.81167	325
6.81333	324
6.81500	322
6.81667	321
6.81833	321
6.82000	320
6.82167	320
6.82333	320
6.82500	321
6.82667	322
6.82833	323
6.83000	325
6.83167	327
6.83333	328
6.83500	329
6.83667	329
6.83833	329
6.84000	329
6.84167	329
6.84333	329
6.84500	329
6.84667	330
6.84833	331
6.85000	332
6.85167	332
6.85333	333
6.85500	333
6.85667	333
6.85833	334
6.86000	334
6.86167	334
6.86333	334
6.86500	334
6.86667	335
6.86833	335
6.87000	336
6.87167	337
6.87333	338
6.87500	338
6.87667	338
6.87833	337
6.88000	336
6.88167	335
6.88333	333
6.88500	333
6.88667	332
6.88833	332
6.89000	331
6.89167	332
6.89333	332
6.89500	333
6.89667	335
6.89833	336
6.90000	337
6.90167	338
6.90333	338
6.90500	338
6.90667	338
6.90833	338
6.91000	339
6.91167	339
6.91333	340
6.91500	340
6.91667	341
6.91833	341
6.92000	342
6.92167	342
6.92333	342
6.92500	342
6.92667	342
6.92833	341
6.93000	340
6.93167	340
6.93333	339
6.93500	339
6.93667	339
6.93833	339
6.94000	340
6.94167	340
6.94333	341
6.94500	341
6.94667	342
6.94833	343
6.95000	344
6.95167	344
6.95333	344
6.95500	344
6.95667	344
6.95833	344
6.96000	344
6.96167	343
6.96333	343
6.96500	343
6.96667	342
6.96833	343
6.97000	343
6.97167	344
6.97333	345
6.97500	346
6.97667	347
6.97833	348
6.98000	349
6.98167	350
6.98333	351
6.98500	352
6.98667	352
6.98833	353
6.99000	353
6.99167	354
6.99333	354
6.99500	354
6.99667	354
6.99833	354
7.00000	355
7.00167	355
7.00333	355
7.00500	355
7.00667	355
7.00833	355
7.01000	356
7.01167	356
7.01333	356
7.01500	356
7.01667	356
7.01833	356
7.02000	357
7.02167	357
7.02333	358
7.02500	358
7.02667	358
7.02833	359
7.03000	359
7.03167	359
7.03333	360
7.03500	359
7.03667	359
7.03833	359
7.04000	358
7.04167	358
7.04333	357
7.04500	357
7.04667	356
7.04833	355
7.05000	355
7.05167	355
7.05333	355
7.05500	356
7.05667	356
7.05833	357
7.06000	357
7.06167	357
7.06333	357
7.06500	357
7.06667	358
7.06833	358
7.07000	357
7.07167	357
7.07333	357
7.07500	357
7.07667	357
7.07833	357
7.08000	357
7.08167	357
7.08333	357
7.08500	357
7.08667	357
7.08833	357
7.09000	358
7.09167	358
7.09333	358
7.09500	358
7.09667	358
7.09833	358
7.10000	358
7.10167	358
7.10333	358
7.10500	358
7.10667	359
7.10833	359
7.11000	360
7.11167	361
7.11333	363
7.11500	364
7.11667	365
7.11833	367
7.12000	368
7.12167	370
7.12333	372
7.12500	373
7.12667	374
7.12833	374
7.13000	374
7.13167	374
7.13333	374
7.13500	374
7.13667	373
7.13833	372
7.14000	371
7.14167	371
7.14333	370
7.14500	370
7.14667	370
7.14833	371
7.15000	371
7.15167	371
7.15333	372
7.15500	372
7.15667	373
7.15833	373
7.16000	373
7.16167	373
7.16333	373
7.16500	372
7.16667	372
7.16833	371
7.17000	370
7.17167	369
7.17333	368
7.17500	367
7.17667	367
7.17833	367
7.18000	366
7.18167	366
7.18333	367
7.18500	367
7.18667	368
7.18833	369
7.19000	370
7.19167	372
7.19333	373
7.19500	375
7.19667	378
7.19833	380
7.20000	381
7.20167	382
7.20333	383
7.20500	383
7.20667	383
7.20833	384
7.21000	384
7.21167	383
7.21333	383
7.21500	383
7.21667	382
7.21833	382
7.22000	382
7.22167	381
7.22333	381
7.22500	381
7.22667	382
7.22833	382
7.23000	383
7.23167	385
7.23333	386
7.23500	387
7.23667	389
7.23833	391
7.24000	393
7.24167	394
7.24333	395
7.24500	395
7.24667	395
7.24833	395
7.25000	395
7.25167	394
7.25333	394
7.25500	394
7.25667	394
7.25833	393
7.26000	393
7.26167	393
7.26333	392
7.26500	392
7.26667	392
7.26833	391
7.27000	390
7.27167	390
7.27333	389
7.27500	389
7.27667	388
7.27833	388
7.28000	388
7.28167	388
7.28333	388
7.28500	388
7.28667	389
7.28833	390
7.29000	391
7.29167	392
7.29333	392
7.29500	392
7.29667	392
7.29833	392
7.30000	392
7.30167	392
7.30333	392
7.30500	391
7.30667	391
7.30833	391
7.31000	392
7.31167	393
7.31333	394
7.31500	396
7.31667	397
7.31833	399
7.32000	400
7.32167	401
7.32333	401
7.32500	402
7.32667	402
7.32833	402
7.33000	401
7.33167	401
7.33333	400
7.33500	400
7.33667	399
7.33833	398
7.34000	398
7.34167	397
7.34333	397
7.34500	397
7.34667	397
7.34833	397
7.35000	397
7.35167	397
7.35333	396
7.35500	396
7.35667	396
7.35833	396
7.36000	397
7.36167	398
7.36333	400
7.36500	402
7.36667	404
7.36833	405
7.37000	407
7.37167	409
7.37333	410
7.37500	411
7.37667	411
7.37833	410
7.38000	410
7.38167	409
7.38333	408
7.38500	407
7.38667	405
7.38833	404
7.39000	403
7.39167	402
7.39333	401
7.39500	400
7.39667	399
7.39833	398
7.40000	398
7.40167	398
7.40333	398
7.40500	399
7.40667	400
7.40833	401
7.41000	402
7.41167	403
7.41333	404
7.41500	404
7.41667	405
7.41833	405
7.42000	406
7.42167	406
7.42333	406
7.42500	405
7.42667	405
7.42833	405
7.43000	406
7.43167	406
7.43333	406
7.43500	407
7.43667	408
7.43833	409
7.44000	411
7.44167	412
7.44333	413
7.44500	414
7.44667	415
7.44833	416
7.45000	417
7.45167	418
7.45333	418
7.45500	418
7.45667	418
7.45833	417
7.46000	417
7.46167	416
7.46333	415
7.46500	413
7.46667	413
7.46833	412
7.47000	412
7.47167	412
7.47333	412
7.47500	413
7.47667	414
7.47833	415
7.48000	416
7.48167	417
7.48333	418
7.48500	419
7.48667	420
7.48833	421
7.49000	421
7.49167	422
7.49333	422
7.49500	422
7.49667	422
7.49833	422
7.50000	421
7.50167	421
7.50333	421
7.50500	420
7.50667	420
7.50833	420
7.51000	421
7.51167	421
7.51333	421
7.51500	422
7.51667	423
7.51833	423
7.52000	424
7.52167	425
7.52333	425
7.52500	426
7.52667	426
7.52833	426
7.53000	426
7.53167	427
7.53333	427
7.53500	426
7.53667	426
7.53833	425
7.54000	425
7.54167	424
7.54333	425
7.54500	425
7.54667	426
7.54833	427
7.55000	428
7.55167	429
7.55333	430
7.55500	430
7.55667	431
7.55833	431
7.56000	430
7.56167	429
7.56333	428
7.56500	426
7.56667	425
7.56833	425
7.57000	425
7.57167	425
7.57333	425
7.57500	426
7.57667	426
7.57833	426
7.58000	426
7.58167	426
7.58333	426
7.58500	427
7.58667	428
7.58833	429
7.59000	430
7.59167	431
7.59333	433
7.59500	435
7.59667	437
7.59833	438
7.60000	440
7.60167	440
7.60333	441
7.60500	441
7.60667	441
7.60833	440
7.61000	440
7.61167	439
7.61333	439
7.61500	438
7.61667	438
7.61833	437
7.62000	437
7.62167	436
7.62333	436
7.62500	436
7.62667	437
7.62833	437
7.63000	438
7.63167	439
7.63333	440
7.63500	440
7.63667	441
7.63833	441
7.64000	440
7.64167	440
7.64333	440
7.64500	440
7.64667	440
7.64833	440
7.65000	440
7.65167	440
7.65333	440
7.65500	441
7.65667	441
7.65833	441
7.66000	442
7.66167	442
7.66333	442
7.66500	443
7.66667	443
7.66833	443
7.67000	442
7.67167	442
7.67333	441
7.67500	441
7.67667	441
7.67833	440
7.68000	441
7.68167	441
7.68333	442
7.68500	442
7.68667	444
7.68833	445
7.69000	447
7.69167	448
7.69333	448
7.69500	449
7.69667	449
7.69833	449
7.70000	449
7.70167	448
7.70333	448
7.70500	448
7.70667	448
7.70833	448
7.71000	448
7.71167	448
7.71333	449
7.71500	450
7.71667	451
7.71833	452
7.72000	452
7.72167	453
7.72333	454
7.72500	454
7.72667	454
7.72833	455
7.73000	455
7.73167	455
7.73333	455
7.73500	455
7.73667	455
7.73833	455
7.74000	455
7.74167	456
7.74333	456
7.74500	457
7.74667	459
7.74833	460
7.75000	460
7.75167	461
7.75333	461
7.75500	461
7.75667	460
7.75833	460
7.76000	459
7.76167	459
7.76333	458
7.76500	458
7.76667	458
7.76833	459
7.77000	460
7.77167	462
7.77333	464
7.77500	465
7.77667	466
7.77833	467
7.78000	468
7.78167	468
7.78333	468
7.78500	468
7.78667	467
7.78833	466
7.79000	465
7.79167	463
7.79333	462
7.79500	461
7.79667	461
7.79833	460
7.80000	460
7.80167	460
7.80333	460
7.80500	461
7.80667	462
7.80833	463
7.81000	465
7.81167	466
7.81333	468
7.81500	470
7.81667	472
7.81833	473
7.82000	474
7.82167	475
7.82333	475
7.82500	475
7.82667	475
7.82833	475
7.83000	474
7.83167	473
7.83333	473
7.83500	472
7.83667	472
7.83833	471
7.84000	471
7.84167	470
7.84333	470
7.84500	469
7.84667	468
7.84833	467
7.85000	467
7.85167	467
7.85333	468
7.85500	469
7.85667	471
7.85833	472
7.86000	473
7.86167	475
7.86333	476
7.86500	478
7.86667	479
7.86833	479
7.87000	479
7.87167	480
7.87333	479
7.87500	479
7.87667	479
7.87833	478
7.88000	477
7.88167	476
7.88333	475
7.88500	474
7.88667	473
7.88833	472
7.89000	472
7.89167	472
7.89333	472
7.89500	472
7.89667	473
7.89833	474
7.90000	475
7.90167	475
7.90333	476
7.90500	476
7.90667	476
7.90833	476
7.91000	477
7.91167	477
7.91333	478
7.91500	478
7.91667	479
7.91833	479
7.92000	480
7.92167	480
7.92333	480
7.92500	481
7.92667	481
7.92833	481
7.93000	480
7.93167	480
7.93333	480
7.93500	480
7.93667	481
7.93833	482
7.94000	482
7.94167	483
7.94333	483
7.94500	484
7.94667	484
7.94833	484
7.95000	483
7.95167	483
7.95333	483
7.95500	482
7.95667	482
7.95833	482
7.96000	482
7.96167	482
7.96333	482
7.96500	482
7.96667	483
7.96833	484
7.97000	484
7.97167	485
7.97333	486
7.97500	488
7.97667	489
7.97833	490
7.98000	491
7.98167	493
7.98333	494
7.98500	494
7.98667	495
7.98833	495
7.99000	495
7.99167	494
7.99333	494
7.99500	494
7.99667	494
7.99833	495
8.00000	495
8.00167	495
8.00333	495
8.00500	495
8.00667	495
8.00833	495
8.01000	495
8.01167	495
8.01333	495
8.01500	495
8.01667	496
8.01833	496
8.02000	497
8.02167	498
8.02333	499
8.02500	499
8.02667	499
8.02833	499
8.03000	498
8.03167	497
8.03333	497
8.03500	497
8.03667	498
8.03833	498
8.04000	499
8.04167	501
8.04333	502
8.04500	505
8.04667	507
8.04833	510
8.05000	511
8.05167	513
8.05333	513
8.05500	513
8.05667	513
8.05833	513
8.06000	512
8.06167	512
8.06333	510
8.06500	509
8.06667	508
8.06833	508
8.07000	507
8.07167	507
8.07333	507
8.07500	506
8.07667	507
8.07833	507
8.08000	507
8.08167	508
8.08333	508
8.08500	508
8.08667	509
8.08833	509
8.09000	509
8.09167	509
8.09333	510
8.09500	510
8.09667	511
8.09833	512
8.10000	512
8.10167	513
8.10333	514
8.10500	515
8.10667	516
8.10833	517
8.11000	517
8.11167	518
8.11333	520
8.11500	521
8.11667	521
8.11833	522
8.12000	521
8.12167	521
8.12333	521
8.12500	520
8.12667	519
8.12833	518
8.13000	518
8.13167	517
8.13333	517
8.13500	517
8.13667	518
8.13833	519
8.14000	520
8.14167	521
8.14333	522
8.14500	522
8.14667	522
8.14833	523
8.15000	523
8.15167	522
8.15333	522
8.15500	522
8.15667	522
8.15833	522
8.16000	522
8.16167	522
8.16333	523
8.16500	524
8.16667	525
8.16833	526
8.17000	528
8.17167	530
8.17333	531
8.17500	532
8.17667	532
8.17833	532
8.18000	532
8.18167	532
8.18333	531
8.18500	531
8.18667	531
8.18833	532
8.19000	532
8.19167	532
8.19333	533
8.19500	533
8.19667	534
8.19833	534
8.20000	534
8.20167	534
8.20333	533
8.20500	532
8.20667	531
8.20833	530
8.21000	530
8.21167	529
8.21333	529
8.21500	529
8.21667	528
8.21833	528
8.22000	528
8.22167	528
8.22333	528
8.22500	528
8.22667	528
8.22833	529
8.23000	529
8.23167	530
8.23333	530
8.23500	531
8.23667	532
8.23833	532
8.24000	533
8.24167	534
8.24333	535
8.24500	537
8.24667	539
8.24833	541
8.25000	542
8.25167	544
8.25333	545
8.25500	545
8.25667	546
8.25833	546
8.26000	545
8.26167	544
8.26333	543
8.26500	542
8.26667	541
8.26833	540
8.27000	539
8.27167	537
8.27333	536
8.27500	536
8.27667	535
8.27833	535
8.28000	535
8.28167	536
8.28333	536
8.28500	537
8.28667	538
8.28833	539
8.29000	540
8.29167	541
8.29333	543
8.29500	544
8.29667	546
8.29833	547
8.30000	548
8.30167	549
8.30333	550
8.30500	550
8.30667	550
8.30833	550
8.31000	551
8.31167	551
8.31333	551
8.31500	551
8.31667	551
8.31833	551
8.32000	552
8.32167	552
8.32333	553
8.32500	553
8.32667	553
8.32833	553
8.33000	552
8.33167	551
8.33333	550
8.33500	549
8.33667	547
8.33833	546
8.34000	544
8.34167	543
8.34333	542
8.34500	541
8.34667	541
8.34833	540
8.35000	541
8.35167	542
8.35333	544
8.35500	546
8.35667	548
8.35833	550
8.36000	552
8.36167	553
8.36333	553
8.36500	554
8.36667	554
8.36833	554
8.37000	554
8.37167	553
8.37333	553
8.37500	553
8.37667	554
8.37833	555
8.38000	557
8.38167	559
8.38333	560
8.38500	560
8.38667	561
8.38833	561
8.39000	560
8.39167	560
8.39333	559
8.39500	559
8.39667	558
8.39833	557
8.40000	557
8.40167	557
8.40333	557
8.40500	558
8.40667	559
8.40833	559
8.41000	560
8.41167	560
8.41333	561
8.41500	561
8.41667	562
8.41833	562
8.42000	562
8.42167	562
8.42333	561
8.42500	561
8.42667	561
8.42833	560
8.43000	560
8.43167	560
8.43333	560
8.43500	559
8.43667	559
8.43833	559
8.44000	559
8.44167	559
8.44333	559
8.44500	559
8.44667	560
8.44833	560
8.45000	560
8.45167	561
8.45333	561
8.45500	562
8.45667	562
8.45833	563
8.46000	564
8.46167	565
8.46333	566
8.46500	567
8.46667	569
8.46833	570
8.47000	571
8.47167	573
8.47333	574
8.47500	575
8.47667	574
8.47833	574
8.48000	573
8.48167	572
8.48333	571
8.48500	570
8.48667	570
8.48833	569
8.49000	569
8.49167	570
8.49333	571
8.49500	572
8.49667	574
8.49833	575
8.50000	576
8.50167	577
8.50333	577
8.50500	577
8.50667	576
8.50833	576
8.51000	574
8.51167	573
8.51333	571
8.51500	570
8.51667	569
8.51833	568
8.52000	568
8.52167	568
8.52333	569
8.52500	569
8.52667	570
8.52833	571
8.53000	573
8.53167	575
8.53333	576
8.53500	576
8.53667	577
8.53833	577
8.54000	577
8.54167	577
8.54333	578
8.54500	578
8.54667	578
8.54833	578
8.55000	578
8.55167	579
8.55333	579
8.55500	579
8.55667	579
8.55833	579
8.56000	578
8.56167	577
8.56333	576
8.56500	575
8.56667	574
8.56833	573
8.57000	573
8.57167	573
8.57333	573
8.57500	574
8.57667	575
8.57833	576
8.58000	578
8.58167	581
8.58333	582
8.58500	583
8.58667	584
8.58833	584
8.59000	584
8.59167	584
8.59333	583
8.59500	583
8.59667	582
8.59833	581
8.60000	581
8.60167	581
8.60333	582
8.60500	583
8.60667	584
8.60833	585
8.61000	585
8.61167	585
8.61333	585
8.61500	585
8.61667	584
8.61833	584
8.62000	585
8.62167	585
8.62333	585
8.62500	586
8.62667	587
8.62833	587
8.63000	588
8.63167	589
8.63333	590
8.63500	590
8.63667	590
8.63833	590
8.64000	589
8.64167	589
8.64333	589
8.64500	589
8.64667	589
8.64833	589
8.65000	589
8.65167	589
8.65333	588
8.65500	588
8.65667	588
8.65833	588
8.66000	588
8.66167	588
8.66333	589
8.66500	590
8.66667	591
8.66833	592
8.67000	593
8.67167	595
8.67333	596
8.67500	597
8.67667	597
8.67833	598
8.68000	598
8.68167	598
8.68333	598
8.68500	598
8.68667	598
8.68833	598
8.69000	598
8.69167	598
8.69333	598
8.69500	598
8.69667	598
8.69833	598
8.70000	598
8.70167	598
8.70333	598
8.70500	598
8.70667	597
8.70833	597
8.71000	597
8.71167	598
8.71333	599
8.71500	600
8.71667	601
8.71833	602
8.72000	603
8.72167	604
8.72333	604
8.72500	605
8.72667	605
8.72833	605
8.73000	605
8.73167	604
8.73333	604
8.73500	604
8.73667	605
8.73833	605
8.74000	606
8.74167	607
8.74333	608
8.74500	608
8.74667	609
8.74833	609
8.75000	610
8.75167	610
8.75333	611
8.75500	611
8.75667	611
8.75833	611
8.76000	612
8.76167	612
8.76333	612
8.76500	612
8.76667	612
8.76833	611
8.77000	611
8.77167	611
8.77333	611
8.77500	611
8.77667	611
8.77833	611
8.78000	611
8.78167	611
8.78333	611
8.78500	612
8.78667	613
8.78833	614
8.79000	616
8.79167	617
8.79333	618
8.79500	618
8.79667	619
8.79833	619
8.80000	619
8.80167	618
8.80333	617
8.80500	615
8.80667	613
8.80833	612
8.81000	610
8.81167	609
8.81333	608
8.81500	607
8.81667	607
8.81833	606
8.82000	607
8.82167	607
8.82333	607
8.82500	608
8.82667	609
8.82833	610
8.83000	612
8.83167	613
8.83333	614
8.83500	615
8.83667	615
8.83833	615
8.84000	615
8.84167	615
8.84333	615
8.84500	615
8.84667	615
8.84833	615
8.85000	615
8.85167	616
8.85333	616
8.85500	617
8.85667	618
8.85833	618
8.86000	619
8.86167	620
8.86333	620
8.86500	621
8.86667	621
8.86833	621
8.87000	621
8.87167	621
8.87333	620
8.87500	620
8.87667	619
8.87833	619
8.88000	618
8.88167	618
8.88333	618
8.88500	618
8.88667	618
8.88833	619
8.89000	620
8.89167	621
8.89333	622
8.89500	623
8.89667	625
8.89833	626
8.90000	627
8.90167	628
8.90333	629
8.90500	630
8.90667	631
8.90833	632
8.91000	632
8.91167	631
8.91333	630
8.91500	629
8.91667	629
8.91833	628
8.92000	628
8.92167	629
8.92333	629
8.92500	630
8.92667	631
8.92833	632
8.93000	633
8.93167	634
8.93333	634
8.93500	634
8.93667	633
8.93833	632
8.94000	632
8.94167	631
8.94333	630
8.94500	629
8.94667	628
8.94833	627
8.95000	627
8.95167	626
8.95333	626
8.95500	626
8.95667	626
8.95833	626
8.96000	627
8.96167	627
8.96333	628
8.96500	628
8.96667	629
8.96833	630
8.97000	630
8.97167	630
8.97333	631
8.97500	630
8.97667	630
8.97833	630
8.98000	629
8.98167	629
8.98333	629
8.98500	629
8.98667	629
8.98833	630
8.99000	631
8.99167	631
8.99333	632
8.99500	632
8.99667	633
8.99833	634
9.00000	634
9.00167	633
9.00333	633
9.00500	631
9.00667	631
9.00833	630
9.01000	630
9.01167	630
9.01333	631
9.01500	631
9.01667	632
9.01833	634
9.02000	635
9.02167	637
9.02333	639
9.02500	640
9.02667	641
9.02833	641
9.03000	642
9.03167	642
9.03333	642
9.03500	641
9.03667	641
9.03833	640
9.04000	640
9.04167	639
9.04333	639
9.04500	639
9.04667	640
9.04833	640
9.05000	641
9.05167	642
9.05333	644
9.05500	646
9.05667	647
9.05833	648
9.06000	649
9.06167	649
9.06333	649
9.06500	649
9.06667	648
9.06833	648
9.07000	647
9.07167	647
9.07333	646
9.07500	646
9.07667	646
9.07833	646
9.08000	646
9.08167	646
9.08333	646
9.08500	646
9.08667	646
9.08833	646
9.09000	646
9.09167	646
9.09333	647
9.09500	648
9.09667	650
9.09833	652
9.10000	653
9.10167	654
9.10333	655
9.10500	656
9.10667	656
9.10833	656
9.11000	656
9.11167	656
9.11333	655
9.11500	654
9.11667	653
9.11833	653
9.12000	652
9.12167	651
9.12333	650
9.12500	650
9.12667	649
9.12833	649
9.13000	649
9.13167	649
9.13333	650
9.13500	651
9.13667	652
9.13833	654
9.14000	656
9.14167	657
9.14333	658
9.14500	659
9.14667	660
9.14833	661
9.15000	661
9.15167	662
9.15333	661
9.15500	661
9.15667	661
9.15833	660
9.16000	660
9.16167	660
9.16333	660
9.16500	660
9.16667	660
9.16833	661
9.17000	661
9.17167	662
9.17333	663
9.17500	663
9.17667	664
9.17833	664
9.18000	664
9.18167	664
9.18333	665
9.18500	665
9.18667	665
9.18833	665
9.19000	665
9.19167	665
9.19333	665
9.19500	665
9.19667	666
9.19833	667
9.20000	668
9.20167	668
9.20333	669
9.20500	670
9.20667	671
9.20833	671
9.21000	672
9.21167	672
9.21333	672
9.21500	672
9.21667	672
9.21833	672
9.22000	672
9.22167	672
9.22333	671
9.22500	671
9.22667	671
9.22833	671
9.23000	671
9.23167	671
9.23333	671
9.23500	671
9.23667	671
9.23833	671
9.24000	670
9.24167	670
9.24333	669
9.24500	668
9.24667	668
9.24833	667
9.25000	667
9.25167	668
9.25333	669
9.25500	671
9.25667	673
9.25833	676
9.26000	678
9.26167	680
9.26333	682
9.26500	685
9.26667	686
9.26833	686
9.27000	686
9.27167	685
9.27333	683
9.27500	682
9.27667	681
9.27833	680
9.28000	679
9.28167	679
9.28333	678
9.28500	678
9.28667	677
9.28833	677
9.29000	676
9.29167	676
9.29333	676
9.29500	676
9.29667	676
9.29833	676
9.30000	676
9.30167	676
9.30333	676
9.30500	676
9.30667	676
9.30833	676
9.31000	676
9.31167	676
9.31333	676
9.31500	677
9.31667	677
9.31833	678
9.32000	680
9.32167	682
9.32333	684
9.32500	685
9.32667	687
9.32833	688
9.33000	690
9.33167	691
9.33333	692
9.33500	693
9.33667	694
9.33833	694
9.34000	694
9.34167	694
9.34333	693
9.34500	691
9.34667	689
9.34833	687
9.35000	685
9.35167	684
9.35333	683
9.35500	683
9.35667	683
9.35833	684
9.36000	685
9.36167	686
9.36333	687
9.36500	689
9.36667	689
9.36833	689
9.37000	689
9.37167	688
9.37333	687
9.37500	687
9.37667	687
9.37833	687
9.38000	689
9.38167	690
9.38333	691
9.38500	692
9.38667	694
9.38833	695
9.39000	696
9.39167	697
9.39333	698
9.39500	698
9.39667	699
9.39833	699
9.40000	699
9.40167	699
9.40333	698
9.40500	697
9.40667	696
9.40833	695
9.41000	695
9.41167	695
9.41333	696
9.41500	696
9.41667	697
9.41833	698
9.42000	698
9.42167	699
9.42333	700
9.42500	700
9.42667	700
9.42833	700
9.43000	699
9.43167	698
9.43333	697
9.43500	697
9.43667	696
9.43833	695
9.44000	695
9.44167	694
9.44333	694
9.44500	695
9.44667	695
9.44833	696
9.45000	697
9.45167	698
9.45333	700
9.45500	702
9.45667	704
9.45833	705
9.46000	706
9.46167	707
9.46333	708
9.46500	708
9.46667	709
9.46833	709
9.47000	708
9.47167	707
9.47333	707
9.47500	705
9.47667	704
9.47833	703
9.48000	701
9.48167	700
9.48333	699
9.48500	699
9.48667	699
9.48833	700
9.49000	701
9.49167	702
9.49333	703
9.49500	704
9.49667	705
9.49833	706
9.50000	706
9.50167	706
9.50333	707
9.50500	707
9.50667	706
9.50833	706
9.51000	706
9.51167	706
9.51333	706
9.51500	706
9.51667	705
9.51833	705
9.52000	704
9.52167	703
9.52333	703
9.52500	702
9.52667	702
9.52833	703
9.53000	703
9.53167	704
9.53333	705
9.53500	705
9.53667	706
9.53833	706
9.54000	707
9.54167	707
9.54333	708
9.54500	709
9.54667	710
9.54833	711
9.55000	712
9.55167	712
9.55333	712
9.55500	712
9.55667	712
9.55833	712
9.56000	712
9.56167	711
9.56333	711
9.56500	710
9.56667	710
9.56833	711
9.57000	711
9.57167	712
9.57333	713
9.57500	714
9.57667	714
9.57833	715
9.58000	715
9.58167	715
9.58333	715
9.58500	715
9.58667	715
9.58833	715
9.59000	715
9.59167	715
9.59333	715
9.59500	715
9.59667	715
9.59833	716
9.60000	716
9.60167	716
9.60333	716
9.60500	716
9.60667	716
9.60833	717
9.61000	716
9.61167	716
9.61333	716
9.61500	716
9.61667	716
9.61833	717
9.62000	717
9.62167	718
9.62333	719
9.62500	720
9.62667	720
9.62833	720
9.63000	721
9.63167	721
9.63333	721
9.63500	721
9.63667	721
9.63833	721
9.64000	721
9.64167	721
9.64333	721
9.64500	722
9.64667	723
9.64833	724
9.65000	725
9.65167	727
9.65333	728
9.65500	730
9.65667	731
9.65833	732
9.66000	732
9.66167	732
9.66333	731
9.66500	730
9.66667	730
9.66833	730
9.67000	729
9.67167	729
9.67333	728
9.67500	728
9.67667	728
9.67833	728
9.68000	729
9.68167	729
9.68333	729
9.68500	730
9.68667	730
9.68833	730
9.69000	731
9.69167	731
9.69333	730
9.69500	730
9.69667	729
9.69833	729
9.70000	728
9.70167	728
9.70333	728
9.70500	728
9.70667	728
9.70833	728
9.71000	729
9.71167	730
9.71333	732
9.71500	733
9.71667	734
9.71833	735
9.72000	735
9.72167	735
9.72333	734
9.72500	734
9.72667	734
9.72833	734
9.73000	734
9.73167	735
9.73333	735
9.73500	736
9.73667	736
9.73833	737
9.74000	737
9.74167	737
9.74333	737
9.74500	736
9.74667	735
9.74833	735
9.75000	734
9.75167	733
9.75333	733
9.75500	733
9.75667	733
9.75833	733
9.76000	733
9.76167	734
9.76333	734
9.76500	735
9.76667	736
9.76833	737
9.77000	738
9.77167	740
9.77333	741
9.77500	742
9.77667	744
9.77833	745
9.78000	746
9.78167	747
9.78333	747
9.78500	747
9.78667	747
9.78833	747
9.79000	746
9.79167	745
9.79333	744
9.79500	744
9.79667	743
9.79833	743
9.80000	743
9.80167	743
9.80333	743
9.80500	743
9.80667	743
9.80833	743
9.81000	743
9.81167	743
9.81333	743
9.81500	743
9.81667	743
9.81833	743
9.82000	744
9.82167	744
9.82333	745
9.82500	745
9.82667	746
9.82833	746
9.83000	746
9.83167	746
9.83333	746
9.83500	746
9.83667	747
9.83833	747
9.84000	747
9.84167	748
9.84333	748
9.84500	748
9.84667	748
9.84833	748
9.85000	748
9.85167	748
9.85333	748
9.85500	748
9.85667	748
9.85833	748
9.86000	748
9.86167	749
9.86333	750
9.86500	751
9.86667	752
9.86833	753
9.87000	754
9.87167	755
9.87333	756
9.87500	757
9.87667	758
9.87833	759
9.88000	759
9.88167	760
9.88333	759
9.88500	759
9.88667	759
9.88833	758
9.89000	757
9.89167	756
9.89333	755
9.89500	755
9.89667	754
9.89833	754
9.90000	754
9.90167	754
9.90333	755
9.90500	756
9.90667	757
9.90833	758
9.91000	758
9.91167	759
9.91333	759
9.91500	759
9.91667	759
9.91833	758
9.92000	758
9.92167	757
9.92333	756
9.92500	755
9.92667	754
9.92833	754
9.93000	754
9.93167	754
9.93333	755
9.93500	755
9.93667	756
9.93833	758
9.94000	759
9.94167	760
9.94333	761
9.94500	762
9.94667	763
9.94833	764
9.95000	765
9.95167	766
9.95333	766
9.95500	767
9.95667	767
9.95833	767
9.96000	768
9.96167	768
9.96333	768
9.96500	768
9.96667	768
9.96833	768
9.97000	768
9.97167	768
9.97333	768
9.97500	768
9.97667	768
9.97833	768
9.98000	767
9.98167	767
9.98333	768
9.98500	769
9.98667	770
9.98833	772
9.99000	774
9.99167	775
9.99333	776
9.99500	777
9.99667	777
9.99833	778
10.00000	778
10.00167	778
10.00333	777
10.00500	775
10.00667	774
10.00833	773
10.01000	772
10.01167	772
10.01333	771
10.01500	771
10.01667	770
10.01833	771
10.02000	771
10.02167	771
10.02333	772
10.02500	772
10.02667	773
10.02833	773
10.03000	773
10.03167	773
10.03333	773
10.03500	773
10.03667	773
10.03833	773
10.04000	773
10.04167	773
10.04333	774
10.04500	774
10.04667	775
10.04833	776
10.05000	777
10.05167	777
10.05333	778
10.05500	778
10.05667	778
10.05833	778
10.06000	779
10.06167	779
10.06333	780
10.06500	781
10.06667	782
10.06833	784
10.07000	785
10.07167	788
10.07333	789
10.07500	791
10.07667	791
10.07833	792
10.08000	792
10.08167	792
10.08333	791
10.08500	790
10.08667	789
10.08833	787
10.09000	786
10.09167	785
10.09333	784
10.09500	783
10.09667	783
10.09833	783
10.10000	783
10.10167	782
10.10333	782
10.10500	782
10.10667	781
10.10833	781
10.11000	780
10.11167	779
10.11333	777
10.11500	776
10.11667	775
10.11833	775
10.12000	775
10.12167	775
10.12333	776
10.12500	776
10.12667	777
10.12833	778
10.13000	779
10.13167	780
10.13333	781
10.13500	781
10.13667	781
10.13833	780
10.14000	779
10.14167	778
10.14333	778
10.14500	778
10.14667	778
10.14833	778
10.15000	778
10.15167	779
10.15333	779
10.15500	780
10.15667	780
10.15833	781
10.16000	781
10.16167	781
10.16333	782
10.16500	782
10.16667	783
10.16833	784
10.17000	785
10.17167	787
10.17333	788
10.17500	790
10.17667	791
10.17833	792
10.18000	793
10.18167	793
10.18333	794
10.18500	795
10.18667	795
10.18833	796
10.19000	796
10.19167	797
10.19333	797
10.19500	797
10.19667	797
10.19833	798
10.20000	797
10.20167	797
10.20333	796
10.20500	795
10.20667	794
10.20833	794
10.21000	794
10.21167	795
10.21333	796
10.21500	798
10.21667	800
10.21833	801
10.22000	802
10.22167	803
10.22333	803
10.22500	803
10.22667	803
10.22833	801
10.23000	800
10.23167	798
10.23333	797
10.23500	797
10.23667	797
10.23833	798
10.24000	799
10.24167	799
10.24333	800
10.24500	800
10.24667	800
10.24833	800
10.25000	800
10.25167	800
10.25333	800
10.25500	800
10.25667	799
10.25833	799
10.26000	799
10.26167	799
10.26333	799
10.26500	800
10.26667	800
10.26833	801
10.27000	801
10.27167	801
10.27333	801
10.27500	801
10.27667	801
10.27833	801
10.28000	801
10.28167	801
10.28333	801
10.28500	802
10.28667	802
10.28833	803
10.29000	804
10.29167	804
10.29333	805
10.29500	807
10.29667	808
10.29833	809
10.30000	810
10.30167	810
10.30333	811
10.30500	810
10.30667	810
10.30833	809
10.31000	807
10.31167	805
10.31333	803
10.31500	800
10.31667	798
10.31833	797
10.32000	796
10.32167	796
10.32333	796
10.32500	796
10.32667	797
10.32833	799
10.33000	801
10.33167	803
10.33333	805
10.33500	806
10.33667	806
10.33833	807
10.34000	807
10.34167	807
10.34333	807
10.34500	807
10.34667	806
10.34833	806
10.35000	806
10.35167	806
10.35333	807
10.35500	808
10.35667	809
10.35833	810
10.36000	810
10.36167	810
10.36333	810
10.36500	810
10.36667	810
10.36833	811
10.37000	811
10.37167	811
10.37333	811
10.37500	812
10.37667	812
10.37833	812
10.38000	813
10.38167	813
10.38333	813
10.38500	812
10.38667	812
10.38833	811
10.39000	809
10.39167	809
10.39333	808
10.39500	808
10.39667	807
10.39833	807
10.40000	807
10.40167	808
10.40333	810
10.40500	811
10.40667	813
10.40833	815
10.41000	816
10.41167	818
10.41333	819
10.41500	820
10.41667	820
10.41833	820
10.42000	820
10.42167	820
10.42333	820
10.42500	820
10.42667	820
10.42833	820
10.43000	820
10.43167	821
10.43333	821
10.43500	822
10.43667	822
10.43833	823
10.44000	823
10.44167	824
10.44333	824
10.44500	824
10.44667	825
10.44833	825
10.45000	825
10.45167	825
10.45333	825
10.45500	824
10.45667	824
10.45833	823
10.46000	822
10.46167	822
10.46333	821
10.46500	820
10.46667	820
10.46833	820
10.47000	820
10.47167	820
10.47333	821
10.47500	821
10.47667	821
10.47833	821
10.48000	822
10.48167	822
10.48333	822
10.48500	822
10.48667	822
10.48833	823
10.49000	823
10.49167	823
10.49333	823
10.49500	823
10.49667	823
10.49833	823
10.50000	823
10.50167	823
10.50333	823
10.50500	822
10.50667	822
10.50833	821
10.51000	820
10.51167	820
10.51333	819
10.51500	818
10.51667	817
10.51833	816
10.52000	816
10.52167	816
10.52333	816
10.52500	816
10.52667	817
10.52833	818
10.53000	820
10.53167	821
10.53333	823
10.53500	824
10.53667	825
10.53833	826
10.54000	827
10.54167	828
10.54333	828
10.54500	829
10.54667	830
10.54833	831
10.55000	831
10.55167	831
10.55333	831
10.55500	830
10.55667	830
10.55833	829
10.56000	828
10.56167	827
10.56333	826
10.56500	825
10.56667	824
10.56833	823
10.57000	823
10.57167	823
10.57333	823
10.57500	823
10.57667	824
10.57833	825
10.58000	827
10.58167	828
10.58333	829
10.58500	830
10.58667	831
10.58833	832
10.59000	833
10.59167	833
10.59333	833
10.59500	832
10.59667	831
10.59833	830
10.60000	829
10.60167	830
10.60333	831
10.60500	832
10.60667	833
10.60833	835
10.61000	835
10.61167	836
10.61333	836
10.61500	837
10.61667	837
10.61833	837
10.62000	837
10.62167	837
10.62333	837
10.62500	837
10.62667	837
10.62833	837
10.63000	838
10.63167	839
10.63333	840
10.63500	840
10.63667	840
10.63833	840
10.64000	840
10.64167	840
10.64333	840
10.64500	841
10.64667	841
10.64833	842
10.65000	843
10.65167	844
10.65333	845
10.65500	846
10.65667	846
10.65833	847
10.66000	848
10.66167	849
10.66333	849
10.66500	849
10.66667	849
10.66833	849
10.67000	848
10.67167	847
10.67333	846
10.67500	845
10.67667	844
10.67833	843
10.68000	841
10.68167	840
10.68333	840
10.68500	841
10.68667	842
10.68833	844
10.69000	846
10.69167	848
10.69333	849
10.69500	850
10.69667	851
10.69833	852
10.70000	852
10.70167	852
10.70333	851
10.70500	850
10.70667	849
10.70833	848
10.71000	848
10.71167	847
10.71333	847
10.71500	847
10.71667	846
10.71833	846
10.72000	846
10.72167	846
10.72333	846
10.72500	846
10.72667	847
10.72833	848
10.73000	850
10.73167	851
10.73333	853
10.73500	854
10.73667	855
10.73833	857
10.74000	858
10.74167	858
10.74333	858
10.74500	858
10.74667	857
10.74833	856
10.75000	854
10.75167	853
10.75333	852
10.75500	851
10.75667	849
10.75833	848
10.76000	848
10.76167	848
10.76333	848
10.76500	848
10.76667	849
10.76833	849
10.77000	850
10.77167	852
10.77333	853
10.77500	853
10.77667	854
10.77833	854
10.78000	854
10.78167	854
10.78333	854
10.78500	854
10.78667	854
10.78833	854
10.79000	853
10.79167	853
10.79333	853
10.79500	853
10.79667	853
10.79833	853
10.80000	853
10.80167	853
10.80333	853
10.80500	853
10.80667	853
10.80833	853
10.81000	853
10.81167	853
10.81333	853
10.81500	854
10.81667	854
10.81833	855
10.82000	856
10.82167	858
10.82333	859
10.82500	860
10.82667	861
10.82833	862
10.83000	863
10.83167	864
10.83333	864
10.83500	865
10.83667	865
10.83833	865
10.84000	865
10.84167	864
10.84333	864
10.84500	864
10.84667	863
10.84833	863
10.85000	863
10.85167	863
10.85333	864
10.85500	864
10.85667	865
10.85833	865
10.86000	865
10.86167	866
10.86333	866
10.86500	866
10.86667	866
10.86833	866
10.87000	866
10.87167	866
10.87333	866
10.87500	866
10.87667	865
10.87833	865
10.88000	865
10.88167	865
10.88333	865
10.88500	865
10.88667	865
10.88833	865
10.89000	864
10.89167	864
10.89333	864
10.89500	864
10.89667	865
10.89833	866
10.90000	866
10.90167	867
10.90333	868
10.90500	868
10.90667	869
10.90833	869
10.91000	870
10.91167	870
10.91333	870
10.91500	870
10.91667	870
10.91833	869
10.92000	869
10.92167	868
10.92333	867
10.92500	867
10.92667	866
10.92833	866
10.93000	865
10.93167	865
10.93333	866
10.93500	867
10.93667	868
10.93833	870
10.94000	873
10.94167	874
10.94333	875
10.94500	876
10.94667	876
10.94833	876
10.95000	876
10.95167	876
10.95333	875
10.95500	874
10.95667	873
10.95833	872
10.96000	872
10.96167	872
10.96333	872
10.96500	872
10.96667	872
10.96833	872
10.97000	872
10.97167	872
10.97333	871
10.97500	871
10.97667	871
10.97833	871
10.98000	872
10.98167	872
10.98333	873
10.98500	874
10.98667	875
10.98833	877
10.99000	878
10.99167	879
10.99333	879
10.99500	879
10.99667	879
10.99833	879
11.00000	879
11.00167	878
11.00333	878
11.00500	878
11.00667	879
11.00833	879
11.01000	879
11.01167	879
11.01333	879
11.01500	880
11.01667	880
11.01833	880
11.02000	880
11.02167	879
11.02333	879
11.02500	878
11.02667	877
11.02833	876
11.03000	875
11.03167	874
11.03333	874
11.03500	873
11.03667	873
11.03833	873
11.04000	873
11.04167	874
11.04333	874
11.04500	875
11.04667	875
11.04833	876
11.05000	877
11.05167	877
11.05333	878
11.05500	879
11.05667	880
11.05833	881
11.06000	881
11.06167	881
11.06333	881
11.06500	881
11.06667	881
11.06833	880
11.07000	880
11.07167	878
11.07333	878
11.07500	877
11.07667	877
11.07833	878
11.08000	879
11.08167	881
11.08333	882
11.08500	884
11.08667	885
11.08833	887
11.09000	888
11.09167	889
11.09333	890
11.09500	890
11.09667	890
11.09833	890
11.10000	889
11.10167	889
11.10333	889
11.10500	889
11.10667	889
11.10833	889
11.11000	889
11.11167	889
11.11333	889
11.11500	889
11.11667	889
11.11833	890
11.12000	890
11.12167	890
11.12333	890
11.12500	889
11.12667	889
11.12833	888
11.13000	888
11.13167	887
11.13333	886
11.13500	886
11.13667	886
11.13833	886
11.14000	887
11.14167	887
11.14333	887
11.14500	888
11.14667	888
11.14833	889
11.15000	889
11.15167	889
11.15333	889
11.15500	889
11.15667	890
11.15833	890
11.16000	891
11.16167	892
11.16333	893
11.16500	894
11.16667	894
11.16833	895
11.17000	895
11.17167	894
11.17333	894
11.17500	894
11.17667	894
11.17833	894
11.18000	894
11.18167	894
11.18333	894
11.18500	895
11.18667	895
11.18833	896
11.19000	897
11.19167	897
11.19333	898
11.19500	898
11.19667	898
11.19833	898
11.20000	899
11.20167	899
11.20333	900
11.20500	901
11.20667	902
11.20833	903
11.21000	903
11.21167	904
11.21333	903
11.21500	903
11.21667	903
11.21833	902
11.22000	901
11.22167	900
11.22333	899
11.22500	898
11.22667	898
11.22833	898
11.23000	898
11.23167	899
11.23333	900
11.23500	900
11.23667	901
11.23833	901
11.24000	901
11.24167	902
11.24333	902
11.24500	902
11.24667	902
11.24833	902
11.25000	902
11.25167	902
11.25333	902
11.25500	903
11.25667	903
11.25833	904
11.26000	905
11.26167	905
11.26333	906
11.26500	907
11.26667	907
11.26833	907
11.27000	907
11.27167	907
11.27333	906
11.27500	905
11.27667	904
11.27833	904
11.28000	903
11.28167	902
11.28333	902
11.28500	902
11.28667	903
11.28833	903
11.29000	904
11.29167	905
11.29333	905
11.29500	905
11.29667	905
11.29833	905
11.30000	905
11.30167	904
11.30333	904
11.30500	904
11.30667	904
11.30833	905
11.31000	905
11.31167	906
11.31333	907
11.31500	908
11.31667	909
11.31833	910
11.32000	911
11.32167	912
11.32333	913
11.32500	914
11.32667	914
11.32833	914
11.33000	914
11.33167	914
11.33333	914
11.33500	913
11.33667	913
11.33833	913
11.34000	912
11.34167	912
11.34333	912
11.34500	912
11.34667	913
11.34833	913
11.35000	913
11.35167	913
11.35333	913
11.35500	913
11.35667	913
11.35833	913
11.36000	913
11.36167	914
11.36333	914
11.36500	914
11.36667	915
11.36833	915
11.37000	915
11.37167	915
11.37333	915
11.37500	916
11.37667	916
11.37833	916
11.38000	916
11.38167	916
11.38333	917
11.38500	917
11.38667	916
11.38833	916
11.39000	916
11.39167	915
11.39333	914
11.39500	913
11.39667	912
11.39833	911
11.40000	911
11.40167	911
11.40333	911
11.40500	911
11.40667	912
11.40833	913
11.41000	914
11.41167	916
11.41333	918
11.41500	919
11.41667	920
11.41833	921
11.42000	921
11.42167	922
11.42333	921
11.42500	921
11.42667	919
11.42833	918
11.43000	916
11.43167	914
11.43333	913
11.43500	912
11.43667	911
11.43833	911
11.44000	910
11.44167	910
11.44333	911
11.44500	911
11.44667	912
11.44833	913
11.45000	914
11.45167	915
11.45333	916
11.45500	916
11.45667	917
11.45833	918
11.46000	919
11.46167	920
11.46333	922
11.46500	923
11.46667	924
11.46833	924
11.47000	924
11.47167	924
11.47333	924
11.47500	923
11.47667	922
11.47833	921
11.48000	919
11.48167	918
11.48333	917
11.48500	917
11.48667	918
11.48833	918
11.49000	919
11.49167	920
11.49333	920
11.49500	921
11.49667	921
11.49833	922
11.50000	922
11.50167	922
11.50333	923
11.50500	923
11.50667	923
11.50833	924
11.51000	925
11.51167	925
11.51333	926
11.51500	927
11.51667	927
11.51833	927
11.52000	927
11.52167	927
11.52333	926
11.52500	926
11.52667	925
11.52833	924
11.53000	923
11.53167	923
11.53333	922
11.53500	922
11.53667	922
11.53833	923
11.54000	924
11.54167	925
11.54333	926
11.54500	927
11.54667	928
11.54833	929
11.55000	930
11.55167	930
11.55333	929
11.55500	928
11.55667	927
11.55833	926
11.56000	925
11.56167	923
11.56333	921
11.56500	920
11.56667	919
11.56833	918
11.57000	919
11.57167	919
11.57333	920
11.57500	920
11.57667	921
11.57833	921
11.58000	921
11.58167	921
11.58333	921
11.58500	920
11.58667	920
11.58833	919
11.59000	918
11.59167	918
11.59333	918
11.59500	919
11.59667	920
11.59833	922
11.60000	922
11.60167	922
11.60333	922
11.60500	921
11.60667	920
11.60833	919
11.61000	918
11.61167	918
11.61333	917
11.61500	916
11.61667	916
11.61833	917
11.62000	917
11.62167	919
11.62333	920
11.62500	921
11.62667	922
11.62833	922
11.63000	922
11.63167	921
11.63333	921
11.63500	921
11.63667	921
11.63833	921
11.64000	921
11.64167	921
11.64333	921
11.64500	921
11.64667	921
11.64833	922
11.65000	922
11.65167	921
11.65333	921
11.65500	920
11.65667	919
11.65833	918
11.66000	918
11.66167	917
11.66333	917
11.66500	917
11.66667	917
11.66833	917
11.67000	917
11.67167	917
11.67333	916
11.67500	916
11.67667	917
11.67833	917
11.68000	918
11.68167	918
11.68333	919
11.68500	920
11.68667	920
11.68833	921
11.69000	921
11.69167	922
11.69333	922
11.69500	921
11.69667	920
11.69833	919
11.70000	919
11.70167	919
11.70333	919
11.70500	919
11.70667	919
11.70833	920
11.71000	920
11.71167	921
11.71333	921
11.71500	922
11.71667	922
11.71833	923
11.72000	923
11.72167	923
11.72333	923
11.72500	923
11.72667	923
11.72833	923
11.73000	923
11.73167	923
11.73333	923
11.73500	922
11.73667	922
11.73833	922
11.74000	921
11.74167	921
11.74333	921
11.74500	920
11.74667	920
11.74833	920
11.75000	920
11.75167	919
11.75333	919
11.75500	919
11.75667	919
11.75833	919
11.76000	918
11.76167	916
11.76333	915
11.76500	914
11.76667	913
11.76833	912
11.77000	912
11.77167	912
11.77333	912
11.77500	913
11.77667	914
11.77833	916
11.78000	918
11.78167	921
11.78333	922
11.78500	923
11.78667	924
11.78833	924
11.79000	924
11.79167	924
11.79333	924
11.79500	923
11.79667	922
11.79833	922
11.80000	921
11.80167	921
11.80333	921
11.80500	921
11.80667	922
11.80833	922
11.81000	922
11.81167	923
11.81333	923
11.81500	923
11.81667	923
11.81833	922
11.82000	922
11.82167	921
11.82333	920
11.82500	920
11.82667	919
11.82833	919
11.83000	920
11.83167	921
11.83333	922
11.83500	923
11.83667	924
11.83833	925
11.84000	927
11.84167	928
11.84333	928
11.84500	928
11.84667	927
11.84833	926
11.85000	926
11.85167	925
11.85333	925
11.85500	924
11.85667	924
11.85833	923
11.86000	923
11.86167	922
11.86333	922
11.86500	921
11.86667	921
11.86833	920
11.87000	919
11.87167	919
11.87333	918
11.87500	918
11.87667	918
11.87833	918
11.88000	919
11.88167	920
11.88333	920
11.88500	920
11.88667	920
11.88833	920
11.89000	919
11.89167	919
11.89333	919
11.89500	918
11.89667	918
11.89833	918
11.90000	918
11.90167	918
11.90333	918
11.90500	918
11.90667	919
11.90833	919
11.91000	920
11.91167	920
11.91333	921
11.91500	921
11.91667	921
11.91833	921
11.92000	921
11.92167	920
11.92333	919
11.92500	918
11.92667	916
11.92833	915
11.93000	913
11.93167	911
11.93333	910
11.93500	909
11.93667	909
11.93833	909
11.94000	910
11.94167	911
11.94333	911
11.94500	913
11.94667	914
11.94833	916
11.95000	917
11.95167	918
11.95333	919
11.95500	921
11.95667	922
11.95833	922
11.96000	922
11.96167	922
11.96333	921
11.96500	920
11.96667	919
11.96833	918
11.97000	917
11.97167	916
11.97333	916
11.97500	915
11.97667	915
11.97833	915
11.98000	915
11.98167	914
11.98333	914
11.98500	914
11.98667	913
11.98833	912
11.99000	911
11.99167	910
11.99333	909
11.99500	908
11.99667	906
11.99833	905
12.00000	905
12.00167	904
12.00333	904
12.00500	905
12.00667	906
12.00833	906
12.01000	907
12.01167	908
12.01333	909
12.01500	910
12.01667	911
12.01833	911
12.02000	912
12.02167	912
12.02333	912
12.02500	912
12.02667	912
12.02833	912
12.03000	913
12.03167	913
12.03333	913
12.03500	913
12.03667	913
12.03833	912
12.04000	912
12.04167	911
12.04333	911
12.04500	911
12.04667	911
12.04833	911
12.05000	911
12.05167	912
12.05333	912
12.05500	912
12.05667	913
12.05833	912
12.06000	912
12.06167	911
12.06333	909
12.06500	908
12.06667	906
12.06833	905
12.07000	903
12.07167	902
12.07333	901
12.07500	900
12.07667	899
12.07833	899
12.08000	898
12.08167	898
12.08333	898
12.08500	899
12.08667	900
12.08833	902
12.09000	903
12.09167	904
12.09333	905
12.09500	906
12.09667	906
12.09833	906
12.10000	906
12.10167	905
12.10333	904
12.10500	903
12.10667	901
12.10833	900
12.11000	900
12.11167	899
12.11333	899
12.11500	899
12.11667	900
12.11833	901
12.12000	902
12.12167	903
12.12333	904
12.12500	905
12.12667	905
12.12833	906
12.13000	906
12.13167	905
12.13333	905
12.13500	904
12.13667	903
12.13833	902
12.14000	901
12.14167	900
12.14333	900
12.14500	900
12.14667	899
12.14833	899
12.15000	899
12.15167	899
12.15333	899
12.15500	899
12.15667	899
12.15833	900
12.16000	900
12.16167	901
12.16333	901
12.16500	901
12.16667	902
12.16833	902
12.17000	902
12.17167	903
12.17333	903
12.17500	903
12.17667	903
12.17833	903
12.18000	902
12.18167	902
12.18333	902
12.18500	901
12.18667	901
12.18833	900
12.19000	900
12.19167	899
12.19333	899
12.19500	899
12.19667	899
12.19833	899
12.20000	899
12.20167	899
12.20333	899
12.20500	899
12.20667	900
12.20833	900
12.21000	900
12.21167	901
12.21333	902
12.21500	902
12.21667	903
12.21833	903
12.22000	902
12.22167	902
12.22333	901
12.22500	901
12.22667	900
12.22833	900
12.23000	900
12.23167	900
12.23333	900
12.23500	900
12.23667	901
12.23833	901
12.24000	901
12.24167	902
12.24333	903
12.24500	904
12.24667	905
12.24833	906
12.25000	907
12.25167	908
12.25333	908
12.25500	909
12.25667	909
12.25833	908
12.26000	907
12.26167	905
12.26333	903
12.26500	900
12.26667	898
12.26833	897
12.27000	896
12.27167	896
12.27333	896
12.27500	896
12.27667	897
12.27833	898
12.28000	899
12.28167	900
12.28333	901
12.28500	902
12.28667	902
12.28833	902
12.29000	902
12.29167	902
12.29333	902
12.29500	902
12.29667	902
12.29833	902
12.30000	903
12.30167	903
12.30333	904
12.30500	905
12.30667	905
12.30833	906
12.31000	907
12.31167	907
12.31333	907
12.31500	908
12.31667	908
12.31833	908
12.32000	907
12.32167	907
12.32333	906
12.32500	905
12.32667	905
12.32833	905
12.33000	905
12.33167	905
12.33333	904
12.33500	904
12.33667	903
12.33833	902
12.34000	901
12.34167	900
12.34333	900
12.34500	899
12.34667	899
12.34833	898
12.35000	898
12.35167	898
12.35333	898
12.35500	899
12.35667	900
12.35833	900
12.36000	901
12.36167	901
12.36333	901
12.36500	902
12.36667	902
12.36833	902
12.37000	902
12.37167	902
12.37333	902
12.37500	901
12.37667	901
12.37833	900
12.38000	900
12.38167	899
12.38333	899
12.38500	899
12.38667	899
12.38833	900
12.39000	900
12.39167	901
12.39333	901
12.39500	902
12.39667	902
12.39833	902
12.40000	902
12.40167	902
12.40333	901
12.40500	901
12.40667	901
12.40833	901
12.41000	901
12.41167	902
12.41333	903
12.41500	904
12.41667	905
12.41833	906
12.42000	906
12.42167	907
12.42333	907
12.42500	908
12.42667	908
12.42833	908
12.43000	907
12.43167	907
12.43333	906
12.43500	905
12.43667	903
12.43833	902
12.44000	900
12.44167	899
12.44333	898
12.44500	897
12.44667	896
12.44833	896
12.45000	896
12.45167	897
12.45333	898
12.45500	899
12.45667	900
12.45833	901
12.46000	902
12.46167	903
12.46333	903
12.46500	903
12.46667	903
12.46833	903
12.47000	902
12.47167	901
12.47333	900
12.47500	899
12.47667	898
12.47833	898
12.48000	897
12.48167	897
12.48333	897
12.48500	897
12.48667	898
12.48833	898
12.49000	899
12.49167	900
12.49333	900
12.49500	900
12.49667	900
12.49833	900
12.50000	899
12.50167	899
12.50333	898
12.50500	897
12.50667	896
12.50833	895
12.51000	894
12.51167	893
12.51333	892
12.51500	891
12.51667	891
12.51833	891
12.52000	891
12.52167	892
12.52333	893
12.52500	894
12.52667	896
12.52833	897
12.53000	899
12.53167	901
12.53333	903
12.53500	904
12.53667	905
12.53833	905
12.54000	906
12.54167	906
12.54333	906
12.54500	906
12.54667	905
12.54833	905
12.55000	905
12.55167	905
12.55333	905
12.55500	905
12.55667	905
12.55833	905
12.56000	904
12.56167	903
12.56333	902
12.56500	901
12.56667	900
12.56833	900
12.57000	899
12.57167	898
12.57333	897
12.57500	897
12.57667	897
12.57833	897
12.58000	897
12.58167	897
12.58333	898
12.58500	899
12.58667	900
12.58833	901
12.59000	902
12.59167	903
12.59333	903
12.59500	903
12.59667	903
12.59833	903
12.60000	902
12.60167	902
12.60333	901
12.60500	900
12.60667	899
12.60833	899
12.61000	899
12.61167	900
12.61333	902
12.61500	904
12.61667	905
12.61833	905
12.62000	906
12.62167	906
12.62333	905
12.62500	905
12.62667	904
12.62833	903
12.63000	902
12.63167	902
12.63333	901
12.63500	900
12.63667	899
12.63833	899
12.64000	898
12.64167	898
12.64333	898
12.64500	898
12.64667	898
12.64833	899
12.65000	900
12.65167	901
12.65333	903
12.65500	905
12.65667	907
12.65833	908
12.66000	909
12.66167	909
12.66333	908
12.66500	906
12.66667	905
12.66833	904
12.67000	903
12.67167	902
12.67333	901
12.67500	900
12.67667	900
12.67833	900
12.68000	900
12.68167	901
12.68333	901
12.68500	901
12.68667	901
12.68833	900
12.69000	899
12.69167	898
12.69333	898
12.69500	897
12.69667	897
12.69833	897
12.70000	896
12.70167	896
12.70333	896
12.70500	895
12.70667	894
12.70833	894
12.71000	894
12.71167	894
12.71333	894
12.71500	895
12.71667	895
12.71833	896
12.72000	896
12.72167	896
12.72333	895
12.72500	895
12.72667	894
12.72833	893
12.73000	891
12.73167	890
12.73333	889
12.73500	889
12.73667	890
12.73833	891
12.74000	892
12.74167	893
12.74333	894
12.74500	895
12.74667	897
12.74833	897
12.75000	898
12.75167	898
12.75333	898
12.75500	898
12.75667	898
12.75833	898
12.76000	898
12.76167	898
12.76333	898
12.76500	898
12.76667	898
12.76833	897
12.77000	897
12.77167	897
12.77333	897
12.77500	898
12.77667	898
12.77833	898
12.78000	899
12.78167	899
12.78333	900
12.78500	900
12.78667	900
12.78833	900
12.79000	899
12.79167	898
12.79333	897
12.79500	895
12.79667	893
12.79833	891
12.80000	890
12.80167	889
12.80333	888
12.80500	888
12.80667	888
12.80833	888
12.81000	889
12.81167	890
12.81333	891
12.81500	892
12.81667	893
12.81833	893
12.82000	894
12.82167	894
12.82333	894
12.82500	894
12.82667	893
12.82833	892
12.83000	891
12.83167	890
12.83333	890
12.83500	889
12.83667	889
12.83833	890
12.84000	890
12.84167	891
12.84333	892
12.84500	893
12.84667	894
12.84833	896
12.85000	897
12.85167	898
12.85333	899
12.85500	900
12.85667	900
12.85833	901
12.86000	902
12.86167	902
12.86333	903
12.86500	904
12.86667	904
12.86833	904
12.87000	904
12.87167	904
12.87333	903
12.87500	902
12.87667	901
12.87833	900
12.88000	898
12.88167	896
12.88333	895
12.88500	894
12.88667	893
12.88833	893
12.89000	892
12.89167	893
12.89333	893
12.89500	894
12.89667	895
12.89833	897
12.90000	898
12.90167	898
12.90333	899
12.90500	899
12.90667	899
12.90833	899
12.91000	899
12.91167	898
12.91333	898
12.91500	897
12.91667	897
12.91833	897
12.92000	897
12.92167	897
12.92333	896
12.92500	896
12.92667	895
12.92833	894
12.93000	893
12.93167	892
12.93333	892
12.93500	892
12.93667	892
12.93833	892
12.94000	893
12.94167	894
12.94333	895
12.94500	896
12.94667	897
12.94833	897
12.95000	898
12.95167	898
12.95333	897
12.95500	897
12.95667	896
12.95833	896
12.96000	896
12.96167	897
12.96333	899
12.96500	901
12.96667	902
12.96833	902
12.97000	902
12.97167	902
12.97333	902
12.97500	901
12.97667	900
12.97833	899
12.98000	898
12.98167	897
12.98333	896
12.98500	895
12.98667	895
12.98833	895
12.99000	895
12.99167	895
12.99333	895
12.99500	895
12.99667	894
12.99833	893
13.00000	892
13.00167	892
13.00333	892
13.00500	893
13.00667	893
13.00833	894
13.01000	894
13.01167	895
13.01333	895
13.01500	895
13.01667	895
13.01833	895
13.02000	894
13.02167	894
13.02333	893
13.02500	893
13.02667	893
13.02833	893
13.03000	893
13.03167	894
13.03333	894
13.03500	895
13.03667	895
13.03833	896
13.04000	896
13.04167	897
13.04333	897
13.04500	897
13.04667	897
13.04833	896
13.05000	896
13.05167	895
13.05333	895
13.05500	894
13.05667	894
13.05833	893
13.06000	893
13.06167	893
13.06333	893
13.06500	893
13.06667	893
13.06833	894
13.07000	895
13.07167	896
13.07333	897
13.07500	898
13.07667	898
13.07833	899
13.08000	899
13.08167	900
13.08333	900
13.08500	899
13.08667	898
13.08833	897
13.09000	896
13.09167	895
13.09333	894
13.09500	893
13.09667	893
13.09833	892
13.10000	892
13.10167	892
13.10333	892
13.10500	892
13.10667	892
13.10833	892
13.11000	892
13.11167	892
13.11333	892
13.11500	892
13.11667	892
13.11833	891
13.12000	891
13.12167	891
13.12333	891
13.12500	891
13.12667	891
13.12833	892
13.13000	893
13.13167	894
13.13333	895
13.13500	896
13.13667	897
13.13833	897
13.14000	898
13.14167	898
13.14333	898
13.14500	898
13.14667	898
13.14833	897
13.15000	897
13.15167	897
13.15333	897
13.15500	897
13.15667	898
13.15833	898
13.16000	898
13.16167	898
13.16333	898
13.16500	898
13.16667	898
13.16833	898
13.17000	898
13.17167	897
13.17333	896
13.17500	895
13.17667	894
13.17833	894
13.18000	893
13.18167	892
13.18333	892
13.18500	893
13.18667	893
13.18833	894
13.19000	896
13.19167	897
13.19333	899
13.19500	900
13.19667	901
13.19833	903
13.20000	903
13.20167	903
13.20333	902
13.20500	901
13.20667	899
13.20833	898
13.21000	897
13.21167	896
13.21333	895
13.21500	895
13.21667	895
13.21833	897
13.22000	899
13.22167	902
13.22333	904
13.22500	906
13.22667	907
13.22833	907
13.23000	906
13.23167	905
13.23333	904
13.23500	902
13.23667	900
13.23833	898
13.24000	896
13.24167	895
13.24333	895
13.24500	896
13.24667	897
13.24833	898
13.25000	899
13.25167	900
13.25333	901
13.25500	901
13.25667	901
13.25833	901
13.26000	901
13.26167	900
13.26333	899
13.26500	898
13.26667	897
13.26833	896
13.27000	895
13.27167	895
13.27333	894
13.27500	894
13.27667	894
13.27833	894
13.28000	895
13.28167	895
13.28333	896
13.28500	896
13.28667	897
13.28833	898
13.29000	898
13.29167	898
13.29333	898
13.29500	898
13.29667	898
13.29833	897
13.30000	897
13.30167	897
13.30333	897
13.30500	897
13.30667	897
13.30833	897
13.31000	898
13.31167	898
13.31333	899
13.31500	899
13.31667	899
13.31833	898
13.32000	897
13.32167	895
13.32333	894
13.32500	892
13.32667	892
13.32833	892
13.33000	892
13.33167	893
13.33333	894
13.33500	895
13.33667	897
13.33833	899
13.34000	901
13.34167	902
13.34333	901
13.34500	900
13.34667	898
13.34833	896
13.35000	894
13.35167	893
13.35333	892
13.35500	891
13.35667	891
13.35833	890
13.36000	890
13.36167	891
13.36333	891
13.36500	892
13.36667	892
13.36833	893
13.37000	892
13.37167	892
13.37333	891
13.37500	891
13.37667	891
13.37833	892
13.38000	892
13.38167	893
13.38333	894
13.38500	894
13.38667	895
13.38833	895
13.39000	895
13.39167	895
13.39333	894
13.39500	893
13.39667	892
13.39833	891
13.40000	890
13.40167	891
13.40333	891
13.40500	893
13.40667	894
13.40833	895
13.41000	896
13.41167	897
13.41333	897
13.41500	897
13.41667	897
13.41833	897
13.42000	897
13.42167	896
13.42333	896
13.42500	895
13.42667	895
13.42833	896
13.43000	896
13.43167	897
13.43333	897
13.43500	897
13.43667	897
13.43833	897
13.44000	896
13.44167	896
13.44333	895
13.44500	895
13.44667	894
13.44833	893
13.45000	893
13.45167	892
13.45333	891
13.45500	890
13.45667	890
13.45833	890
13.46000	890
13.46167	890
13.46333	892
13.46500	893
13.46667	894
13.46833	895
13.47000	896
13.47167	897
13.47333	897
13.47500	898
13.47667	897
13.47833	897
13.48000	896
13.48167	896
13.48333	895
13.48500	895
13.48667	895
13.48833	895
13.49000	895
13.49167	895
13.49333	895
13.49500	896
13.49667	896
13.49833	897
13.50000	898
13.50167	898
13.50333	899
13.50500	899
13.50667	899
13.50833	899
13.51000	899
13.51167	899
13.51333	898
13.51500	897
13.51667	897
13.51833	895
13.52000	894
13.52167	893
13.52333	892
13.52500	892
13.52667	891
13.52833	892
13.53000	892
13.53167	892
13.53333	893
13.53500	894
13.53667	894
13.53833	895
13.54000	895
13.54167	895
13.54333	895
13.54500	895
13.54667	894
13.54833	894
13.55000	894
13.55167	894
13.55333	895
13.55500	896
13.55667	897
13.55833	897
13.56000	898
13.56167	898
13.56333	898
13.56500	897
13.56667	897
13.56833	896
13.57000	895
13.57167	894
13.57333	893
13.57500	892
13.57667	891
13.57833	891
13.58000	891
13.58167	892
13.58333	892
13.58500	892
13.58667	892
13.58833	892
13.59000	893
13.59167	893
13.59333	893
13.59500	894
13.59667	895
13.59833	896
13.60000	897
13.60167	897
13.60333	896
13.60500	895
13.60667	894
13.60833	893
13.61000	891
13.61167	890
13.61333	888
13.61500	887
13.61667	886
13.61833	886
13.62000	886
13.62167	887
13.62333	889
13.62500	890
13.62667	891
13.62833	892
13.63000	893
13.63167	894
13.63333	894
13.63500	895
13.63667	896
13.63833	896
13.64000	897
13.64167	897
13.64333	897
13.64500	897
13.64667	896
13.64833	896
13.65000	895
13.65167	895
13.65333	895
13.65500	895
13.65667	895
13.65833	895
13.66000	895
13.66167	895
13.66333	894
13.66500	894
13.66667	893
13.66833	893
13.67000	894
13.67167	894
13.67333	895
13.67500	895
13.67667	896
13.67833	897
13.68000	897
13.68167	898
13.68333	898
13.68500	898
13.68667	898
13.68833	897
13.69000	896
13.69167	896
13.69333	896
13.69500	896
13.69667	896
13.69833	896
13.70000	896
13.70167	895
13.70333	895
13.70500	894
13.70667	893
13.70833	893
13.71000	892
13.71167	892
13.71333	892
13.71500	892
13.71667	893
13.71833	893
13.72000	894
13.72167	894
13.72333	895
13.72500	895
13.72667	896
13.72833	896
13.73000	896
13.73167	896
13.73333	896
13.73500	896
13.73667	897
13.73833	897
13.74000	898
13.74167	899
13.74333	900
13.74500	901
13.74667	902
13.74833	903
13.75000	903
13.75167	903
13.75333	904
13.75500	904
13.75667	903
13.75833	903
13.76000	903
13.76167	902
13.76333	902
13.76500	901
13.76667	900
13.76833	900
13.77000	899
13.77167	899
13.77333	898
13.77500	897
13.77667	897
13.77833	896
13.78000	895
13.78167	894
13.78333	894
13.78500	894
13.78667	894
13.78833	894
13.79000	895
13.79167	895
13.79333	896
13.79500	896
13.79667	897
13.79833	897
13.80000	897
13.80167	897
13.80333	896
13.80500	894
13.80667	892
13.80833	891
13.81000	891
13.81167	891
13.81333	891
13.81500	891
13.81667	892
13.81833	892
13.82000	893
13.82167	893
13.82333	893
13.82500	894
13.82667	895
13.82833	896
13.83000	897
13.83167	899
13.83333	901
13.83500	902
13.83667	904
13.83833	906
13.84000	908
13.84167	909
13.84333	908
13.84500	907
13.84667	905
13.84833	903
13.85000	900
13.85167	898
13.85333	896
13.85500	893
13.85667	891
13.85833	890
13.86000	889
13.86167	889
13.86333	889
13.86500	890
13.86667	890
13.86833	890
13.87000	890
13.87167	890
13.87333	890
13.87500	890
13.87667	890
13.87833	890
13.88000	890
13.88167	891
13.88333	892
13.88500	893
13.88667	895
13.88833	897
13.89000	898
13.89167	900
13.89333	900
13.89500	901
13.89667	901
13.89833	901
13.90000	901
13.90167	902
13.90333	903
13.90500	904
13.90667	905
13.90833	905
13.91000	906
13.91167	905
13.91333	905
13.91500	904
13.91667	903
13.91833	903
13.92000	902
13.92167	901
13.92333	901
13.92500	901
13.92667	901
13.92833	901
13.93000	901
13.93167	901
13.93333	901
13.93500	901
13.93667	900
13.93833	899
13.94000	898
13.94167	897
13.94333	896
13.94500	895
13.94667	894
13.94833	893
13.95000	893
13.95167	892
13.95333	892
13.95500	892
13.95667	891
13.95833	891
13.96000	891
13.96167	891
13.96333	891
13.96500	891
13.96667	891
13.96833	891
13.97000	891
13.97167	891
13.97333	891
13.97500	892
13.97667	893
13.97833	894
13.98000	895
13.98167	897
13.98333	898
13.98500	899
13.98667	899
13.98833	900
13.99000	900
13.99167	900
13.99333	899
13.99500	898
13.99667	897
13.99833	895
14.00000	894
14.00167	893
14.00333	892
14.00500	892
14.00667	891
14.00833	890
14.01000	890
14.01167	890
14.01333	890
14.01500	891
14.01667	891
14.01833	892
14.02000	893
14.02167	895
14.02333	896
14.02500	897
14.02667	898
14.02833	898
14.03000	899
14.03167	899
14.03333	899
14.03500	899
14.03667	899
14.03833	899
14.04000	898
14.04167	897
14.04333	896
14.04500	896
14.04667	895
14.04833	894
14.05000	893
14.05167	893
14.05333	892
14.05500	891
14.05667	890
14.05833	890
14.06000	890
14.06167	890
14.06333	890
14.06500	891
14.06667	892
14.06833	892
14.07000	893
14.07167	894
14.07333	894
14.07500	895
14.07667	895
14.07833	895
14.08000	894
14.08167	894
14.08333	894
14.08500	894
14.08667	894
14.08833	894
14.09000	894
14.09167	895
14.09333	896
14.09500	897
14.09667	899
14.09833	900
14.10000	901
14.10167	902
14.10333	902
14.10500	902
14.10667	902
14.10833	902
14.11000	901
14.11167	901
14.11333	900
14.11500	900
14.11667	899
14.11833	899
14.12000	899
14.12167	899
14.12333	899
14.12500	898
14.12667	898
14.12833	898
14.13000	897
14.13167	897
14.13333	897
14.13500	896
14.13667	896
14.13833	896
14.14000	896
14.14167	896
14.14333	895
14.14500	895
14.14667	894
14.14833	894
14.15000	893
14.15167	893
14.15333	894
14.15500	894
14.15667	895
14.15833	895
14.16000	896
14.16167	897
14.16333	898
14.16500	898
14.16667	899
14.16833	899
14.17000	899
14.17167	898
14.17333	898
14.17500	897
14.17667	896
14.17833	896
14.18000	895
14.18167	894
14.18333	893
14.18500	893
14.18667	893
14.18833	893
14.19000	894
14.19167	894
14.19333	894
14.19500	895
14.19667	895
14.19833	895
14.20000	896
14.20167	896
14.20333	896
14.20500	896
14.20667	896
14.20833	896
14.21000	896
14.21167	896
14.21333	896
14.21500	895
14.21667	895
14.21833	895
14.22000	894
14.22167	894
14.22333	894
14.22500	894
14.22667	894
14.22833	895
14.23000	897
14.23167	898
14.23333	899
14.23500	899
14.23667	899
14.23833	899
14.24000	899
14.24167	898
14.24333	898
14.24500	897
14.24667	895
14.24833	894
14.25000	893
14.25167	892
14.25333	891
14.25500	891
14.25667	890
14.25833	889
14.26000	888
14.26167	887
14.26333	886
14.26500	885
14.26667	884
14.26833	884
14.27000	884
14.27167	884
14.27333	884
14.27500	884
14.27667	883
14.27833	882
14.28000	881
14.28167	880
14.28333	879
14.28500	879
14.28667	878
14.28833	878
14.29000	877
14.29167	876
14.29333	875
14.29500	874
14.29667	873
14.29833	871
14.30000	870
14.30167	868
14.30333	866
14.30500	864
14.30667	862
14.30833	860
14.31000	858
14.31167	856
14.31333	854
14.31500	852
14.31667	848
14.31833	844
14.32000	839
14.32167	833
14.32333	827
14.32500	821
14.32667	815
14.32833	809
14.33000	802
14.33167	795
14.33333	789
14.33500	782
14.33667	775
14.33833	767
14.34000	759
14.34167	751
14.34333	743
14.34500	735
14.34667	725
14.34833	716
14.35000	706
14.35167	696
14.35333	686
14.35500	673
14.35667	661
14.35833	649
14.36000	636
14.36167	622
14.36333	605
14.36500	589
14.36667	572
14.36833	556
14.37000	537
14.37167	516
14.37333	495
14.37500	474
14.37667	452
14.37833	427
14.38000	399
14.38167	371
14.38333	343
14.38500	316
14.38667	287
14.38833	253
14.39000	220
14.39167	190
14.39333	161
14.39500	130
14.39667	96
14.39833	62
14.40000	32
14.40167	4
14.40333	-25
14.40500	-57
14.40667	-88
14.40833	-116
14.41000	-143
14.41167	-172
14.41333	-203
14.41500	-234
14.41667	-263
14.41833	-292
14.42000	-323
14.42167	-357
14.42333	-391
14.42500	-421
14.42667	-450
14.42833	-480
14.43000	-513
14.43167	-544
14.43333	-570
14.43500	-592
14.43667	-613
14.43833	-635
14.44000	-654
14.44167	-668
14.44333	-679
14.44500	-687
14.44667	-693
14.44833	-698
14.45000	-700
14.45167	-699
14.45333	-696
14.45500	-691
14.45667	-685
14.45833	-678
14.46000	-670
14.46167	-660
14.46333	-649
14.46500	-637
14.46667	-626
14.46833	-616
14.47000	-604
14.47167	-591
14.47333	-578
14.47500	-566
14.47667	-553
14.47833	-540
14.48000	-525
14.48167	-509
14.48333	-495
14.48500	-480
14.48667	-464
14.48833	-446
14.49000	-429
14.49167	-413
14.49333	-399
14.49500	-384
14.49667	-368
14.49833	-353
14.50000	-339
14.50167	-325
14.50333	-311
14.50500	-296
14.50667	-281
14.50833	-268
14.51000	-256
14.51167	-244
14.51333	-230
14.51500	-217
14.51667	-205
14.51833	-194
14.52000	-183
14.52167	-172
14.52333	-160
14.52500	-149
14.52667	-138
14.52833	-126
14.53000	-113
14.53167	-101
14.53333	-89
14.53500	-78
14.53667	-68
14.53833	-56
14.54000	-45
14.54167	-35
14.54333	-26
14.54500	-16
14.54667	-7
14.54833	3
14.55000	12
14.55167	20
14.55333	29
14.55500	38
14.55667	48
14.55833	56
14.56000	64
14.56167	73
14.56333	82
14.56500	91
14.56667	99
14.56833	107
14.57000	116
14.57167	125
14.57333	134
14.57500	142
14.57667	151
14.57833	160
14.58000	171
14.58167	182
14.58333	191
14.58500	201
14.58667	211
14.58833	222
14.59000	232
14.59167	241
14.59333	250
14.59500	259
14.59667	268
14.59833	277
14.60000	284
14.60167	291
14.60333	297
14.60500	304
14.60667	311
14.60833	317
14.61000	323
14.61167	330
14.61333	337
14.61500	344
14.61667	352
14.61833	360
14.62000	369
14.62167	379
14.62333	389
14.62500	397
14.62667	405
14.62833	412
14.63000	420
14.63167	427
14.63333	433
14.63500	439
14.63667	445
14.63833	452
14.64000	459
14.64167	465
14.64333	472
14.64500	479
14.64667	487
14.64833	496
14.65000	503
14.65167	509
14.65333	515
14.65500	521
14.65667	527
14.65833	533
14.66000	537
14.66167	542
14.66333	547
14.66500	552
14.66667	556
14.66833	561
14.67000	566
14.67167	571
14.67333	577
14.67500	582
14.67667	587
14.67833	593
14.68000	599
14.68167	605
14.68333	610
14.68500	615
14.68667	620
14.68833	626
14.69000	631
14.69167	636
14.69333	639
14.69500	643
14.69667	647
14.69833	651
14.70000	653
14.70167	656
14.70333	657
14.70500	659
14.70667	660
14.70833	662
14.71000	663
14.71167	665
14.71333	667
14.71500	669
14.71667	671
14.71833	674
14.72000	676
14.72167	679
14.72333	682
14.72500	685
14.72667	686
14.72833	687
14.73000	687
14.73167	688
14.73333	688
14.73500	689
14.73667	689
14.73833	690
14.74000	690
14.74167	690
14.74333	690
14.74500	689
14.74667	689
14.74833	687
14.75000	686
14.75167	683
14.75333	681
14.75500	678
14.75667	675
14.75833	672
14.76000	669
14.76167	667
14.76333	665
14.76500	663
14.76667	661
14.76833	659
14.77000	658
14.77167	657
14.77333	655
14.77500	654
14.77667	653
14.77833	652
14.78000	652
14.78167	651
14.78333	650
14.78500	649
14.78667	648
14.78833	646
14.79000	645
14.79167	644
14.79333	643
14.79500	642
14.79667	641
14.79833	640
14.80000	639
14.80167	638
14.80333	637
14.80500	636
14.80667	635
14.80833	633
14.81000	631
14.81167	628
14.81333	625
14.81500	623
14.81667	620
14.81833	619
14.82000	618
14.82167	618
14.82333	618
14.82500	619
14.82667	620
14.82833	621
14.83000	623
14.83167	625
14.83333	626
14.83500	627
14.83667	628
14.83833	628
14.84000	628
14.84167	628
14.84333	629
14.84500	629
14.84667	629
14.84833	629
14.85000	630
14.85167	631
14.85333	633
14.85500	635
14.85667	638
14.85833	640
14.86000	643
14.86167	646
14.86333	650
14.86500	653
14.86667	656
14.86833	658
14.87000	660
14.87167	663
14.87333	665
14.87500	667
14.87667	670
14.87833	672
14.88000	676
14.88167	679
14.88333	682
14.88500	685
14.88667	689
14.88833	693
14.89000	697
14.89167	700
14.89333	703
14.89500	707
14.89667	710
14.89833	713
14.90000	716
14.90167	719
14.90333	722
14.90500	725
14.90667	728
14.90833	731
14.91000	734
14.91167	738
14.91333	743
14.91500	747
14.91667	752
14.91833	756
14.92000	761
14.92167	767
14.92333	772
14.92500	777
14.92667	781
14.92833	785
14.93000	789
14.93167	792
14.93333	795
14.93500	798
14.93667	800
14.93833	802
14.94000	804
14.94167	806
14.94333	808
14.94500	810
14.94667	812
14.94833	813
14.95000	814
14.95167	815
14.95333	815
14.95500	815
14.95667	815
14.95833	815
14.96000	814
14.96167	814
14.96333	814
14.96500	814
14.96667	814
14.96833	814
14.97000	815
14.97167	816
14.97333	817
14.97500	818
14.97667	818
14.97833	819
14.98000	819
14.98167	819
14.98333	818
14.98500	817
14.98667	816
14.98833	814
14.99000	812
14.99167	811
14.99333	810
14.99500	809
14.99667	808
14.99833	807
15.00000	806

[LC Status Trace(Pump A Pressure)]
Interval(msec)	1000
# of Points	901
Start Time(min)	0.000
End Time(min)	15.000
Intensity Units	bar
Intensity Multiplier	0.980665
R.Time (min)	Intensity
0.00000	108.6
0.01667	108.6
0.03333	112.4
0.05000	113.8
0.06667	114.5
0.08333	115.1
0.10000	115.2
0.11667	116.0
0.13333	115.9
0.15000	116.5
0.16667	116.7
0.18333	116.5
0.20000	117.0
0.21667	116.7
0.23333	117.1
0.25000	116.7
0.26667	117.0
0.28333	116.9
0.30000	116.5
0.31667	116.7
0.33333	116.3
0.35000	116.7
0.36667	116.5
0.38333	116.7
0.40000	116.8
0.41667	116.6
0.43333	116.9
0.45000	116.6
0.46667	117.1
0.48333	116.8
0.50000	117.1
0.51667	116.9
0.53333	116.7
0.55000	116.9
0.56667	116.7
0.58333	117.0
0.60000	116.6
0.61667	117.0
0.63333	116.7
0.65000	116.7
0.66667	116.9
0.68333	116.6
0.70000	116.9
0.71667	116.7
0.73333	117.1
0.75000	116.7
0.76667	116.6
0.78333	116.8
0.80000	116.6
0.81667	116.9
0.83333	116.6
0.85000	117.0
0.86667	116.7
0.88333	116.5
0.90000	116.9
0.91667	116.7
0.93333	116.9
0.95000	116.6
0.96667	117.0
0.98333	116.6
1.00000	116.4
1.01667	116.8
1.03333	116.6
1.05000	116.8
1.06667	116.6
1.08333	117.0
1.10000	116.6
1.11667	116.6
1.13333	116.8
1.15000	116.6
1.16667	117.0
1.18333	116.7
1.20000	117.2
1.21667	116.7
1.23333	117.0
1.25000	117.0
1.26667	116.8
1.28333	117.0
1.30000	116.8
1.31667	117.2
1.33333	116.8
1.35000	117.1
1.36667	117.1
1.38333	116.9
1.40000	117.1
1.41667	116.9
1.43333	117.3
1.45000	117.0
1.46667	117.3
1.48333	117.3
1.50000	117.1
1.51667	117.3
1.53333	117.1
1.55000	117.6
1.56667	117.3
1.58333	117.7
1.60000	117.7
1.61667	117.4
1.63333	117.8
1.65000	117.6
1.66667	118.0
1.68333	117.9
1.70000	118.2
1.71667	118.2
1.73333	118.1
1.75000	118.3
1.76667	118.1
1.78333	118.5
1.80000	118.4
1.81667	118.7
1.83333	118.7
1.85000	118.5
1.86667	118.9
1.88333	118.8
1.90000	119.1
1.91667	118.9
1.93333	119.4
1.95000	119.1
1.96667	119.2
1.98333	119.4
2.00000	119.3
2.01667	119.7
2.03333	119.5
2.05000	119.9
2.06667	119.6
2.08333	119.7
2.10000	119.9
2.11667	119.8
2.13333	120.2
2.15000	120.0
2.16667	120.4
2.18333	120.2
2.20000	120.1
2.21667	120.6
2.23333	120.4
2.25000	120.7
2.26667	120.4
2.28333	121.0
2.30000	120.7
2.31667	120.5
2.33333	121.0
2.35000	120.8
2.36667	121.1
2.38333	120.8
2.40000	121.4
2.41667	121.0
2.43333	121.4
2.45000	121.5
2.46667	121.3
2.48333	121.6
2.50000	121.4
2.51667	121.8
2.53333	121.5
2.55000	121.8
2.56667	121.8
2.58333	121.6
2.60000	121.9
2.61667	121.7
2.63333	122.2
2.65000	121.8
2.66667	122.0
2.68333	122.2
2.70000	121.9
2.71667	122.2
2.73333	121.9
2.75000	122.4
2.76667	122.0
2.78333	122.4
2.80000	122.5
2.81667	122.2
2.83333	122.5
2.85000	122.2
2.86667	122.6
2.88333	122.3
2.90000	122.6
2.91667	122.7
2.93333	122.5
2.95000	122.7
2.96667	122.4
2.98333	122.7
3.00000	122.5
3.01667	122.7
3.03333	122.5
3.05000	122.6
3.06667	122.8
3.08333	122.6
3.10000	122.9
3.11667	122.5
3.13333	123.0
3.15000	122.5
3.16667	122.6
3.18333	122.9
3.20000	122.7
3.21667	123.0
3.23333	122.7
3.25000	123.0
3.26667	122.6
3.28333	122.7
3.30000	123.0
3.31667	122.7
3.33333	123.0
3.35000	122.7
3.36667	123.1
3.38333	122.7
3.40000	122.5
3.41667	123.0
3.43333	122.7
3.45000	123.0
3.46667	122.7
3.48333	123.2
3.50000	122.8
3.51667	123.0
3.53333	123.1
3.55000	122.8
3.56667	123.0
3.58333	122.7
3.60000	122.9
3.61667	122.5
3.63333	122.9
3.65000	123.0
3.66667	122.7
3.68333	123.0
3.70000	122.7
3.71667	123.0
3.73333	122.7
3.75000	122.8
3.76667	123.0
3.78333	122.6
3.80000	122.8
3.81667	122.4
3.83333	122.9
3.85000	122.5
3.86667	122.7
3.88333	122.9
3.90000	122.4
3.91667	122.7
3.93333	122.4
3.95000	122.7
3.96667	122.3
3.98333	122.6
4.00000	122.6
4.01667	122.3
4.03333	122.5
4.05000	122.1
4.06667	122.4
4.08333	122.1
4.10000	122.3
4.11667	122.1
4.13333	122.1
4.15000	122.2
4.16667	121.9
4.18333	122.2
4.20000	121.9
4.21667	122.1
4.23333	121.8
4.25000	121.8
4.26667	122.1
4.28333	121.8
4.30000	122.0
4.31667	121.7
4.33333	122.0
4.35000	121.6
4.36667	121.6
4.38333	121.8
4.40000	121.5
4.41667	121.7
4.43333	121.4
4.45000	121.8
4.46667	121.3
4.48333	121.1
4.50000	121.5
4.51667	121.2
4.53333	121.4
4.55000	121.1
4.56667	121.5
4.58333	121.0
4.60000	121.2
4.61667	121.3
4.63333	120.9
4.65000	121.1
4.66667	120.7
4.68333	121.0
4.70000	120.5
4.71667	120.8
4.73333	120.8
4.75000	120.5
4.76667	120.7
4.78333	120.4
4.80000	120.6
4.81667	120.2
4.83333	120.4
4.85000	120.5
4.86667	120.1
4.88333	120.2
4.90000	119.9
4.91667	120.3
4.93333	119.8
4.95000	120.0
4.96667	120.1
4.98333	119.7
5.00000	119.8
5.01667	119.4
5.03333	119.7
5.05000	119.2
5.06667	119.5
5.08333	119.7
5.10000	119.3
5.11667	119.4
5.13333	119.0
5.15000	119.2
5.16667	118.8
5.18333	119.0
5.20000	118.9
5.21667	118.8
5.23333	118.9
5.25000	118.5
5.26667	118.7
5.28333	118.4
5.30000	118.5
5.31667	118.2
5.33333	118.2
5.35000	118.2
5.36667	118.0
5.38333	118.2
5.40000	117.9
5.41667	118.1
5.43333	117.7
5.45000	117.7
5.46667	117.9
5.48333	117.6
5.50000	117.8
5.51667	117.4
5.53333	117.7
5.55000	117.3
5.56667	117.1
5.58333	117.4
5.60000	117.1
5.61667	117.2
5.63333	116.8
5.65000	117.1
5.66667	116.7
5.68333	116.8
5.70000	116.8
5.71667	116.6
5.73333	116.6
5.75000	116.3
5.76667	116.5
5.78333	116.1
5.80000	116.2
5.81667	116.2
5.83333	116.0
5.85000	116.1
5.86667	115.7
5.88333	116.0
5.90000	115.5
5.91667	115.5
5.93333	115.7
5.95000	115.3
5.96667	115.4
5.98333	115.1
6.00000	115.3
6.01667	114.9
6.03333	115.0
6.05000	115.1
6.06667	114.7
6.08333	114.8
6.10000	114.5
6.11667	114.7
6.13333	114.4
6.15000	114.5
6.16667	114.3
6.18333	114.2
6.20000	114.1
6.21667	113.8
6.23333	113.9
6.25000	113.5
6.26667	113.7
6.28333	113.4
6.30000	113.2
6.31667	113.4
6.33333	113.2
6.35000	113.3
6.36667	112.9
6.38333	113.1
6.40000	112.6
6.41667	112.4
6.43333	112.7
6.45000	112.4
6.46667	112.6
6.48333	112.2
6.50000	112.4
6.51667	111.9
6.53333	112.0
6.55000	111.9
6.56667	111.7
6.58333	111.7
6.60000	111.4
6.61667	111.6
6.63333	111.3
6.65000	111.2
6.66667	111.3
6.68333	111.0
6.70000	111.0
6.71667	110.6
6.73333	110.8
6.75000	110.4
6.76667	110.5
6.78333	110.5
6.80000	110.1
6.81667	110.2
6.83333	109.9
6.85000	109.9
6.86667	109.6
6.88333	109.7
6.90000	109.5
6.91667	109.3
6.93333	109.3
6.95000	109.0
6.96667	109.2
6.98333	108.9
7.00000	108.9
7.01667	108.6
7.03333	108.4
7.05000	108.5
7.06667	108.3
7.08333	108.4
7.10000	108.0
7.11667	108.2
7.13333	107.7
7.15000	107.4
7.16667	107.6
7.18333	107.4
7.20000	107.5
7.21667	107.1
7.23333	107.3
7.25000	106.9
7.26667	107.0
7.28333	106.8
7.30000	106.5
7.31667	106.4
7.33333	106.2
7.35000	106.4
7.36667	106.1
7.38333	106.0
7.40000	105.9
7.41667	105.6
7.43333	105.6
7.45000	105.3
7.46667	105.4
7.48333	105.1
7.50000	105.1
7.51667	104.9
7.53333	104.7
7.55000	104.7
7.56667	104.4
7.58333	104.6
7.60000	104.2
7.61667	104.3
7.63333	103.9
7.65000	103.7
7.66667	103.7
7.68333	103.4
7.70000	103.4
7.71667	103.1
7.73333	103.3
7.75000	102.8
7.76667	102.4
7.78333	102.6
7.80000	102.4
7.81667	102.4
7.83333	102.1
7.85000	102.2
7.86667	101.8
7.88333	101.9
7.90000	101.7
7.91667	101.3
7.93333	101.4
7.95000	101.0
7.96667	101.2
7.98333	100.7
8.00000	100.8
8.01667	100.6
8.03333	100.3
8.05000	100.3
8.06667	100.0
8.08333	100.1
8.10000	99.8
8.11667	99.8
8.13333	99.5
8.15000	99.3
8.16667	99.3
8.18333	99.0
8.20000	99.1
8.21667	98.8
8.23333	98.9
8.25000	98.5
8.26667	98.1
8.28333	98.3
8.30000	98.0
8.31667	98.1
8.33333	97.7
8.35000	97.9
8.36667	97.4
8.38333	97.3
8.40000	97.2
8.41667	96.9
8.43333	96.9
8.45000	96.6
8.46667	96.8
8.48333	96.4
8.50000	96.5
8.51667	96.2
8.53333	95.9
8.55000	95.9
8.56667	95.6
8.58333	95.7
8.60000	95.3
8.61667	95.4
8.63333	95.2
8.65000	94.8
8.66667	94.9
8.68333	94.5
8.70000	94.6
8.71667	94.3
8.73333	94.4
8.75000	94.2
8.76667	93.8
8.78333	93.7
8.80000	93.5
8.81667	93.6
8.83333	93.3
8.85000	93.5
8.86667	93.1
8.88333	92.6
8.90000	92.8
8.91667	92.5
8.93333	92.5
8.95000	92.2
8.96667	92.4
8.98333	92.0
9.00000	92.1
9.01667	91.7
9.03333	91.5
9.05000	91.5
9.06667	91.2
9.08333	91.4
9.10000	91.0
9.11667	91.1
9.13333	90.9
9.15000	90.4
9.16667	90.5
9.18333	90.1
9.20000	90.2
9.21667	89.9
9.23333	90.0
9.25000	89.7
9.26667	89.4
9.28333	89.4
9.30000	89.1
9.31667	89.3
9.33333	88.9
9.35000	89.0
9.36667	88.8
9.38333	88.3
9.40000	88.4
9.41667	88.2
9.43333	88.2
9.45000	87.9
9.46667	88.1
9.48333	87.7
9.50000	87.5
9.51667	87.4
9.53333	87.2
9.55000	87.2
9.56667	86.9
9.58333	87.1
9.60000	86.7
9.61667	86.8
9.63333	86.5
9.65000	86.2
9.66667	86.2
9.68333	86.0
9.70000	86.1
9.71667	85.8
9.73333	85.9
9.75000	85.6
9.76667	85.3
9.78333	85.4
9.80000	85.1
9.81667	85.2
9.83333	84.9
9.85000	85.0
9.86667	84.8
9.88333	84.4
9.90000	84.4
9.91667	84.1
9.93333	84.3
9.95000	84.1
9.96667	84.2
9.98333	83.9
10.00000	83.5
10.01667	83.7
10.03333	83.4
10.05000	83.4
10.06667	83.2
10.08333	83.5
10.10000	83.1
10.11667	83.2
10.13333	82.9
10.15000	82.6
10.16667	82.7
10.18333	82.4
10.20000	82.7
10.21667	82.3
10.23333	82.5
10.25000	82.2
10.26667	82.0
10.28333	82.0
10.30000	81.8
10.31667	81.9
10.33333	81.8
10.35000	81.8
10.36667	81.6
10.38333	81.3
10.40000	81.4
10.41667	81.2
10.43333	81.2
10.45000	81.0
10.46667	81.0
10.48333	81.0
10.50000	80.7
10.51667	80.8
10.53333	80.7
10.55000	80.8
10.56667	80.7
10.58333	80.7
10.60000	80.6
10.61667	80.3
10.63333	80.3
10.65000	80.2
10.66667	80.5
10.68333	80.2
10.70000	80.4
10.71667	80.2
10.73333	80.3
10.75000	80.1
10.76667	80.0
10.78333	80.1
10.80000	79.9
10.81667	80.2
10.83333	79.9
10.85000	80.1
10.86667	80.0
10.88333	79.8
10.90000	79.9
10.91667	79.9
10.93333	80.1
10.95000	79.9
10.96667	80.2
10.98333	80.1
11.00000	80.0
11.01667	80.2
11.03333	80.0
11.05000	80.3
11.06667	80.3
11.08333	80.5
11.10000	80.6
11.11667	80.5
11.13333	80.7
11.15000	80.8
11.16667	81.1
11.18333	81.0
11.20000	81.4
11.21667	81.4
11.23333	81.4
11.25000	81.8
11.26667	81.8
11.28333	82.2
11.30000	82.3
11.31667	82.7
11.33333	82.7
11.35000	83.1
11.36667	83.1
11.38333	83.4
11.40000	83.8
11.41667	83.9
11.43333	84.4
11.45000	84.5
11.46667	84.6
11.48333	85.2
11.50000	85.4
11.51667	85.9
11.53333	86.0
11.55000	86.6
11.56667	86.6
11.58333	87.2
11.60000	87.5
11.61667	87.6
11.63333	88.1
11.65000	88.3
11.66667	88.6
11.68333	88.9
11.70000	89.4
11.71667	89.5
11.73333	89.7
11.75000	90.2
11.76667	90.1
11.78333	90.8
11.80000	90.8
11.81667	91.3
11.83333	91.3
11.85000	91.7
11.86667	91.8
11.88333	91.8
11.90000	92.1
11.91667	92.2
11.93333	92.5
11.95000	92.4
11.96667	92.6
11.98333	93.0
12.00000	92.9
12.01667	93.2
12.03333	93.0
12.05000	93.3
12.06667	93.2
12.08333	93.6
12.10000	93.5
12.11667	93.5
12.13333	93.7
12.15000	93.6
12.16667	93.9
12.18333	93.7
12.20000	94.1
12.21667	93.9
12.23333	93.7
12.25000	94.1
12.26667	94.1
12.28333	94.3
12.30000	94.1
12.31667	94.5
12.33333	94.2
12.35000	94.4
12.36667	94.4
12.38333	94.4
12.40000	94.6
12.41667	94.5
12.43333	94.7
12.45000	94.5
12.46667	94.6
12.48333	94.8
12.50000	94.7
12.51667	94.9
12.53333	94.7
12.55000	95.0
12.56667	94.9
12.58333	95.1
12.60000	94.9
12.61667	94.8
12.63333	95.0
12.65000	94.9
12.66667	95.1
12.68333	94.9
12.70000	95.3
12.71667	95.1
12.73333	95.3
12.75000	95.3
12.76667	95.1
12.78333	95.4
12.80000	95.2
12.81667	95.5
12.83333	95.2
12.85000	95.5
12.86667	95.5
12.88333	95.4
12.90000	95.6
12.91667	95.3
12.93333	95.6
12.95000	95.5
12.96667	95.7
12.98333	95.6
13.00000	95.5
13.01667	95.7
13.03333	95.6
13.05000	95.7
13.06667	94.7
13.08333	94.7
13.10000	94.1
13.11667	94.5
13.13333	94.8
13.15000	94.4
13.16667	94.6
13.18333	94.2
13.20000	94.4
13.21667	94.0
13.23333	94.6
13.25000	94.8
13.26667	94.5
13.28333	94.6
13.30000	94.2
13.31667	94.4
13.33333	94.0
13.35000	94.6
13.36667	94.6
13.38333	94.5
13.40000	94.6
13.41667	94.3
13.43333	94.5
13.45000	94.2
13.46667	94.5
13.48333	94.9
13.50000	94.7
13.51667	95.0
13.53333	94.8
13.55000	95.1
13.56667	95.3
13.58333	95.3
13.60000	95.4
13.61667	95.3
13.63333	95.6
13.65000	95.4
13.66667	95.4
13.68333	95.4
13.70000	95.5
13.71667	95.6
13.73333	95.4
13.75000	95.7
13.76667	95.7
13.78333	95.7
13.80000	95.4
13.81667	95.3
13.83333	95.3
13.85000	94.9
13.86667	95.0
13.88333	94.6
13.90000	94.7
13.91667	94.4
13.93333	94.3
13.95000	94.4
13.96667	94.2
13.98333	94.5
14.00000	94.4
14.01667	94.7
14.03333	94.5
14.05000	94.5
14.06667	94.2
14.08333	93.1
14.10000	91.7
14.11667	88.6
14.13333	84.8
14.15000	80.5
14.16667	76.8
14.18333	75.0
14.20000	74.0
14.21667	74.6
14.23333	75.4
14.25000	77.0
14.26667	78.7
14.28333	80.7
14.30000	83.1
14.31667	85.3
14.33333	88.0
14.35000	90.2
14.36667	90.2
14.38333	95.9
14.40000	98.2
14.41667	100.9
14.43333	103.1
14.45000	105.5
14.46667	106.6
14.48333	109.6
14.50000	111.5
14.51667	112.9
14.53333	114.4
14.55000	115.3
14.56667	115.9
14.58333	117.2
14.60000	118.0
14.61667	118.8
14.63333	119.0
14.65000	119.7
14.66667	119.5
14.68333	120.2
14.70000	120.1
14.71667	120.5
14.73333	120.6
14.75000	120.4
14.76667	120.7
14.78333	120.2
14.80000	120.6
14.81667	120.2
14.83333	120.4
14.85000	120.3
14.86667	120.0
14.88333	120.0
14.90000	119.6
14.91667	119.8
14.93333	119.4
14.95000	119.4
14.96667	119.1
14.98333	118.9
15.00000	119.0

[LC Status Trace(Pump A Degasser Pressure)]
Interval(msec)	1000
# of Points	901
Start Time(min)	0.000
End Time(min)	15.000
Intensity Units	bar
Intensity Multiplier	0.980665
R.Time (min)	Intensity
0.00000	958.5
0.01667	958.5
0.03333	958.5
0.05000	958.5
0.06667	957.5
0.08333	957.5
0.10000	957.5
0.11667	957.5
0.13333	957.5
0.15000	957.5
0.16667	957.5
0.18333	957.5
0.20000	957.5
0.21667	957.5
0.23333	957.5
0.25000	957.5
0.26667	957.5
0.28333	957.5
0.30000	957.5
0.31667	957.5
0.33333	957.5
0.35000	957.5
0.36667	957.5
0.38333	957.5
0.40000	957.5
0.41667	957.5
0.43333	957.5
0.45000	957.5
0.46667	956.4
0.48333	956.4
0.50000	956.4
0.51667	956.4
0.53333	956.4
0.55000	956.4
0.56667	956.4
0.58333	956.4
0.60000	956.4
0.61667	957.5
0.63333	957.5
0.65000	957.5
0.66667	957.5
0.68333	957.5
0.70000	957.5
0.71667	957.5
0.73333	957.5
0.75000	957.5
0.76667	957.5
0.78333	957.5
0.80000	957.5
0.81667	957.5
0.83333	957.5
0.85000	957.5
0.86667	957.5
0.88333	957.5
0.90000	957.5
0.91667	957.5
0.93333	957.5
0.95000	957.5
0.96667	957.5
0.98333	957.5
1.00000	957.5
1.01667	957.5
1.03333	957.5
1.05000	957.5
1.06667	957.5
1.08333	957.5
1.10000	957.5
1.11667	957.5
1.13333	957.5
1.15000	957.5
1.16667	957.5
1.18333	957.5
1.20000	957.5
1.21667	956.4
1.23333	956.4
1.25000	956.4
1.26667	956.4
1.28333	956.4
1.30000	956.4
1.31667	956.4
1.33333	956.4
1.35000	956.4
1.36667	956.4
1.38333	956.4
1.40000	956.4
1.41667	956.4
1.43333	956.4
1.45000	956.4
1.46667	956.4
1.48333	956.4
1.50000	956.4
1.51667	956.4
1.53333	956.4
1.55000	956.4
1.56667	955.4
1.58333	955.4
1.60000	955.4
1.61667	955.4
1.63333	955.4
1.65000	955.4
1.66667	955.4
1.68333	955.4
1.70000	955.4
1.71667	956.4
1.73333	956.4
1.75000	956.4
1.76667	956.4
1.78333	956.4
1.80000	956.4
1.81667	956.4
1.83333	956.4
1.85000	956.4
1.86667	956.4
1.88333	956.4
1.90000	956.4
1.91667	956.4
1.93333	956.4
1.95000	956.4
1.96667	957.5
1.98333	957.5
2.00000	957.5
2.01667	957.5
2.03333	957.5
2.05000	957.5
2.06667	957.5
2.08333	957.5
2.10000	957.5
2.11667	957.5
2.13333	957.5
2.15000	957.5
2.16667	958.5
2.18333	958.5
2.20000	958.5
2.21667	958.5
2.23333	958.5
2.25000	958.5
2.26667	958.5
2.28333	958.5
2.30000	958.5
2.31667	958.5
2.33333	958.5
2.35000	958.5
2.36667	958.5
2.38333	958.5
2.40000	958.5
2.41667	958.5
2.43333	958.5
2.45000	958.5
2.46667	958.5
2.48333	958.5
2.50000	958.5
2.51667	958.5
2.53333	958.5
2.55000	958.5
2.56667	957.5
2.58333	957.5
2.60000	957.5
2.61667	957.5
2.63333	957.5
2.65000	957.5
2.66667	957.5
2.68333	957.5
2.70000	957.5
2.71667	957.5
2.73333	957.5
2.75000	957.5
2.76667	957.5
2.78333	957.5
2.80000	957.5
2.81667	957.5
2.83333	957.5
2.85000	957.5
2.86667	957.5
2.88333	957.5
2.90000	957.5
2.91667	956.4
2.93333	956.4
2.95000	956.4
2.96667	956.4
2.98333	956.4
3.00000	956.4
3.01667	956.4
3.03333	956.4
3.05000	956.4
3.06667	956.4
3.08333	956.4
3.10000	956.4
3.11667	956.4
3.13333	956.4
3.15000	956.4
3.16667	956.4
3.18333	956.4
3.20000	956.4
3.21667	957.5
3.23333	957.5
3.25000	957.5
3.26667	957.5
3.28333	957.5
3.30000	957.5
3.31667	957.5
3.33333	957.5
3.35000	957.5
3.36667	957.5
3.38333	957.5
3.40000	957.5
3.41667	957.5
3.43333	957.5
3.45000	957.5
3.46667	957.5
3.48333	957.5
3.50000	957.5
3.51667	957.5
3.53333	957.5
3.55000	957.5
3.56667	957.5
3.58333	957.5
3.60000	957.5
3.61667	957.5
3.63333	957.5
3.65000	957.5
3.66667	957.5
3.68333	957.5
3.70000	957.5
3.71667	956.4
3.73333	956.4
3.75000	956.4
3.76667	956.4
3.78333	956.4
3.80000	956.4
3.81667	956.4
3.83333	956.4
3.85000	956.4
3.86667	956.4
3.88333	956.4
3.90000	956.4
3.91667	956.4
3.93333	956.4
3.95000	956.4
3.96667	956.4
3.98333	956.4
4.00000	956.4
4.01667	955.4
4.03333	955.4
4.05000	955.4
4.06667	955.4
4.08333	955.4
4.10000	955.4
4.11667	955.4
4.13333	955.4
4.15000	955.4
4.16667	955.4
4.18333	955.4
4.20000	955.4
4.21667	955.4
4.23333	955.4
4.25000	955.4
4.26667	956.4
4.28333	956.4
4.30000	956.4
4.31667	956.4
4.33333	956.4
4.35000	956.4
4.36667	956.4
4.38333	956.4
4.40000	956.4
4.41667	956.4
4.43333	956.4
4.45000	956.4
4.46667	957.5
4.48333	957.5
4.50000	957.5
4.51667	957.5
4.53333	957.5
4.55000	957.5
4.56667	957.5
4.58333	957.5
4.60000	957.5
4.61667	957.5
4.63333	957.5
4.65000	957.5
4.66667	958.5
4.68333	958.5
4.70000	958.5
4.71667	958.5
4.73333	958.5
4.75000	958.5
4.76667	958.5
4.78333	958.5
4.80000	958.5
4.81667	958.5
4.83333	958.5
4.85000	958.5
4.86667	958.5
4.88333	958.5
4.90000	958.5
4.91667	958.5
4.93333	958.5
4.95000	958.5
4.96667	958.5
4.98333	958.5
5.00000	958.5
5.01667	958.5
5.03333	958.5
5.05000	958.5
5.06667	958.5
5.08333	958.5
5.10000	958.5
5.11667	957.5
5.13333	957.5
5.15000	957.5
5.16667	957.5
5.18333	957.5
5.20000	957.5
5.21667	957.5
5.23333	957.5
5.25000	957.5
5.26667	957.5
5.28333	957.5
5.30000	957.5
5.31667	957.5
5.33333	957.5
5.35000	957.5
5.36667	957.5
5.38333	957.5
5.40000	957.5
5.41667	957.5
5.43333	957.5
5.45000	957.5
5.46667	957.5
5.48333	957.5
5.50000	957.5
5.51667	957.5
5.53333	957.5
5.55000	957.5
5.56667	956.4
5.58333	956.4
5.60000	956.4
5.61667	957.5
5.63333	957.5
5.65000	957.5
5.66667	957.5
5.68333	957.5
5.70000	957.5
5.71667	957.5
5.73333	957.5
5.75000	957.5
5.76667	957.5
5.78333	957.5
5.80000	957.5
5.81667	957.5
5.83333	957.5
5.85000	957.5
5.86667	957.5
5.88333	957.5
5.90000	957.5
5.91667	957.5
5.93333	957.5
5.95000	957.5
5.96667	957.5
5.98333	957.5
6.00000	957.5
6.01667	957.5
6.03333	957.5
6.05000	957.5
6.06667	957.5
6.08333	957.5
6.10000	957.5
6.11667	957.5
6.13333	957.5
6.15000	957.5
6.16667	957.5
6.18333	957.5
6.20000	957.5
6.21667	957.5
6.23333	957.5
6.25000	957.5
6.26667	956.4
6.28333	956.4
6.30000	956.4
6.31667	956.4
6.33333	956.4
6.35000	956.4
6.36667	956.4
6.38333	956.4
6.40000	956.4
6.41667	956.4
6.43333	956.4
6.45000	956.4
6.46667	956.4
6.48333	956.4
6.50000	956.4
6.51667	956.4
6.53333	956.4
6.55000	956.4
6.56667	955.4
6.58333	955.4
6.60000	955.4
6.61667	955.4
6.63333	955.4
6.65000	955.4
6.66667	955.4
6.68333	955.4
6.70000	955.4
6.71667	955.4
6.73333	955.4
6.75000	955.4
6.76667	955.4
6.78333	955.4
6.80000	955.4
6.81667	956.4
6.83333	956.4
6.85000	956.4
6.86667	956.4
6.88333	956.4
6.90000	956.4
6.91667	956.4
6.93333	956.4
6.95000	956.4
6.96667	956.4
6.98333	956.4
7.00000	956.4
7.01667	957.5
7.03333	957.5
7.05000	957.5
7.06667	957.5
7.08333	957.5
7.10000	957.5
7.11667	957.5
7.13333	957.5
7.15000	957.5
7.16667	957.5
7.18333	957.5
7.20000	957.5
7.21667	958.5
7.23333	958.5
7.25000	958.5
7.26667	958.5
7.28333	958.5
7.30000	958.5
7.31667	958.5
7.33333	958.5
7.35000	958.5
7.36667	958.5
7.38333	958.5
7.40000	958.5
7.41667	958.5
7.43333	958.5
7.45000	958.5
7.46667	958.5
7.48333	958.5
7.50000	958.5
7.51667	958.5
7.53333	958.5
7.55000	958.5
7.56667	958.5
7.58333	958.5
7.60000	958.5
7.61667	957.5
7.63333	957.5
7.65000	957.5
7.66667	957.5
7.68333	957.5
7.70000	957.5
7.71667	957.5
7.73333	957.5
7.75000	957.5
7.76667	957.5
7.78333	957.5
7.80000	957.5
7.81667	957.5
7.83333	957.5
7.85000	957.5
7.86667	957.5
7.88333	957.5
7.90000	957.5
7.91667	956.4
7.93333	956.4
7.95000	956.4
7.96667	956.4
7.98333	956.4
8.00000	956.4
8.01667	956.4
8.03333	956.4
8.05000	956.4
8.06667	956.4
8.08333	956.4
8.10000	956.4
8.11667	956.4
8.13333	956.4
8.15000	956.4
8.16667	956.4
8.18333	956.4
8.20000	956.4
8.21667	957.5
8.23333	957.5
8.25000	957.5
8.26667	957.5
8.28333	957.5
8.30000	957.5
8.31667	957.5
8.33333	957.5
8.35000	957.5
8.36667	957.5
8.38333	957.5
8.40000	957.5
8.41667	957.5
8.43333	957.5
8.45000	957.5
8.46667	957.5
8.48333	957.5
8.50000	957.5
8.51667	957.5
8.53333	957.5
8.55000	957.5
8.56667	957.5
8.58333	957.5
8.60000	957.5
8.61667	957.5
8.63333	957.5
8.65000	957.5
8.66667	957.5
8.68333	957.5
8.70000	957.5
8.71667	957.5
8.73333	957.5
8.75000	957.5
8.76667	957.5
8.78333	957.5
8.80000	957.5
8.81667	956.4
8.83333	956.4
8.85000	956.4
8.86667	956.4
8.88333	956.4
8.90000	956.4
8.91667	956.4
8.93333	956.4
8.95000	956.4
8.96667	956.4
8.98333	956.4
9.00000	956.4
9.01667	956.4
9.03333	956.4
9.05000	956.4
9.06667	956.4
9.08333	956.4
9.10000	956.4
9.11667	955.4
9.13333	955.4
9.15000	955.4
9.16667	955.4
9.18333	955.4
9.20000	955.4
9.21667	955.4
9.23333	955.4
9.25000	955.4
9.26667	956.4
9.28333	956.4
9.30000	956.4
9.31667	956.4
9.33333	956.4
9.35000	956.4
9.36667	956.4
9.38333	956.4
9.40000	956.4
9.41667	956.4
9.43333	956.4
9.45000	956.4
9.46667	956.4
9.48333	956.4
9.50000	956.4
9.51667	957.5
9.53333	957.5
9.55000	957.5
9.56667	957.5
9.58333	957.5
9.60000	957.5
9.61667	957.5
9.63333	957.5
9.65000	957.5
9.66667	957.5
9.68333	957.5
9.70000	957.5
9.71667	958.5
9.73333	958.5
9.75000	958.5
9.76667	958.5
9.78333	958.5
9.80000	958.5
9.81667	958.5
9.83333	958.5
9.85000	958.5
9.86667	958.5
9.88333	958.5
9.90000	958.5
9.91667	958.5
9.93333	958.5
9.95000	958.5
9.96667	958.5
9.98333	958.5
10.00000	958.5
10.01667	958.5
10.03333	958.5
10.05000	958.5
10.06667	958.5
10.08333	958.5
10.10000	958.5
10.11667	957.5
10.13333	957.5
10.15000	957.5
10.16667	957.5
10.18333	957.5
10.20000	957.5
10.21667	957.5
10.23333	957.5
10.25000	957.5
10.26667	957.5
10.28333	957.5
10.30000	957.5
10.31667	957.5
10.33333	957.5
10.35000	957.5
10.36667	957.5
10.38333	957.5
10.40000	957.5
10.41667	957.5
10.43333	957.5
10.45000	957.5
10.46667	957.5
10.48333	957.5
10.50000	957.5
10.51667	956.4
10.53333	956.4
10.55000	956.4
10.56667	956.4
10.58333	956.4
10.60000	956.4
10.61667	956.4
10.63333	956.4
10.65000	956.4
10.66667	956.4
10.68333	957.5
10.70000	957.5
10.71667	957.5
10.73333	957.5
10.75000	957.5
10.76667	957.5
10.78333	957.5
10.80000	957.5
10.81667	957.5
10.83333	957.5
10.85000	957.5
10.86667	957.5
10.88333	957.5
10.90000	957.5
10.91667	957.5
10.93333	957.5
10.95000	957.5
10.96667	957.5
10.98333	957.5
11.00000	957.5
11.01667	957.5
11.03333	957.5
11.05000	957.5
11.06667	957.5
11.08333	957.5
11.10000	957.5
11.11667	957.5
11.13333	957.5
11.15000	957.5
11.16667	957.5
11.18333	957.5
11.20000	957.5
11.21667	957.5
11.23333	957.5
11.25000	957.5
11.26667	957.5
11.28333	957.5
11.30000	957.5
11.31667	956.4
11.33333	956.4
11.35000	956.4
11.36667	956.4
11.38333	956.4
11.40000	956.4
11.41667	956.4
11.43333	956.4
11.45000	956.4
11.46667	956.4
11.48333	956.4
11.50000	956.4
11.51667	956.4
11.53333	956.4
11.55000	956.4
11.56667	956.4
11.58333	956.4
11.60000	956.4
11.61667	955.4
11.63333	955.4
11.65000	955.4
11.66667	955.4
11.68333	955.4
11.70000	955.4
11.71667	955.4
11.73333	955.4
11.75000	955.4
11.76667	955.4
11.78333	956.4
11.80000	956.4
11.81667	956.4
11.83333	956.4
11.85000	956.4
11.86667	956.4
11.88333	956.4
11.90000	956.4
11.91667	956.4
11.93333	956.4
11.95000	956.4
11.96667	956.4
11.98333	956.4
12.00000	956.4
12.01667	957.5
12.03333	957.5
12.05000	957.5
12.06667	957.5
12.08333	957.5
12.10000	957.5
12.11667	957.5
12.13333	957.5
12.15000	957.5
12.16667	957.5
12.18333	957.5
12.20000	957.5
12.21667	958.5
12.23333	958.5
12.25000	958.5
12.26667	958.5
12.28333	958.5
12.30000	958.5
12.31667	958.5
12.33333	958.5
12.35000	958.5
12.36667	958.5
12.38333	958.5
12.40000	958.5
12.41667	958.5
12.43333	958.5
12.45000	958.5
12.46667	958.5
12.48333	958.5
12.50000	958.5
12.51667	958.5
12.53333	958.5
12.55000	958.5
12.56667	958.5
12.58333	958.5
12.60000	958.5
12.61667	957.5
12.63333	957.5
12.65000	957.5
12.66667	957.5
12.68333	957.5
12.70000	957.5
12.71667	957.5
12.73333	957.5
12.75000	957.5
12.76667	957.5
12.78333	957.5
12.80000	957.5
12.81667	957.5
12.83333	957.5
12.85000	957.5
12.86667	957.5
12.88333	957.5
12.90000	957.5
12.91667	957.5
12.93333	957.5
12.95000	957.5
12.96667	957.5
12.98333	957.5
13.00000	957.5
13.01667	957.5
13.03333	957.5
13.05000	957.5
13.06667	956.4
13.08333	956.4
13.10000	956.4
13.11667	957.5
13.13333	957.5
13.15000	957.5
13.16667	957.5
13.18333	957.5
13.20000	957.5
13.21667	957.5
13.23333	957.5
13.25000	957.5
13.26667	957.5
13.28333	957.5
13.30000	957.5
13.31667	957.5
13.33333	957.5
13.35000	957.5
13.36667	957.5
13.38333	957.5
13.40000	957.5
13.41667	957.5
13.43333	957.5
13.45000	957.5
13.46667	957.5
13.48333	957.5
13.50000	957.5
13.51667	957.5
13.53333	957.5
13.55000	957.5
13.56667	957.5
13.58333	957.5
13.60000	957.5
13.61667	957.5
13.63333	957.5
13.65000	957.5
13.66667	957.5
13.68333	957.5
13.70000	957.5
13.71667	957.5
13.73333	957.5
13.75000	957.5
13.76667	957.5
13.78333	957.5
13.80000	957.5
13.81667	956.4
13.83333	956.4
13.85000	956.4
13.86667	956.4
13.88333	956.4
13.90000	956.4
13.91667	956.4
13.93333	956.4
13.95000	956.4
13.96667	956.4
13.98333	956.4
14.00000	956.4
14.01667	956.4
14.03333	956.4
14.05000	956.4
14.06667	956.4
14.08333	956.4
14.10000	956.4
14.11667	955.4
14.13333	955.4
14.15000	955.4
14.16667	955.4
14.18333	955.4
14.20000	955.4
14.21667	955.4
14.23333	955.4
14.25000	955.4
14.26667	955.4
14.28333	955.4
14.30000	955.4
14.31667	956.4
14.33333	956.4
14.35000	956.4
14.36667	956.4
14.38333	956.4
14.40000	956.4
14.41667	956.4
14.43333	956.4
14.45000	956.4
14.46667	956.4
14.48333	956.4
14.50000	956.4
14.51667	957.5
14.53333	957.5
14.55000	957.5
14.56667	957.5
14.58333	957.5
14.60000	957.5
14.61667	957.5
14.63333	957.5
14.65000	957.5
14.66667	957.5
14.68333	957.5
14.70000	957.5
14.71667	958.5
14.73333	958.5
14.75000	958.5
14.76667	958.5
14.78333	958.5
14.80000	958.5
14.81667	958.5
14.83333	958.5
14.85000	958.5
14.86667	958.5
14.88333	958.5
14.90000	958.5
14.91667	958.5
14.93333	958.5
14.95000	958.5
14.96667	958.5
14.98333	958.5
15.00000	958.5

[LC Status Trace(Sample Cooler Temp.)]
Interval(msec)	1000
# of Points	901
Start Time(min)	0.000
End Time(min)	15.000
Intensity Units	C
Intensity Multiplier	1
R.Time (min)	Intensity
0.00000	10.0
0.01667	10.0
0.03333	10.0
0.05000	10.0
0.06667	10.0
0.08333	10.0
0.10000	10.0
0.11667	10.0
0.13333	10.0
0.15000	10.0
0.16667	10.0
0.18333	10.0
0.20000	10.0
0.21667	10.0
0.23333	10.0
0.25000	10.0
0.26667	10.0
0.28333	10.0
0.30000	10.0
0.31667	10.0
0.33333	10.0
0.35000	10.0
0.36667	10.0
0.38333	10.0
0.40000	10.0
0.41667	10.0
0.43333	10.0
0.45000	10.0
0.46667	10.0
0.48333	10.0
0.50000	10.0
0.51667	10.0
0.53333	10.0
0.55000	10.0
0.56667	10.0
0.58333	10.0
0.60000	10.0
0.61667	10.0
0.63333	10.0
0.65000	10.0
0.66667	10.0
0.68333	10.0
0.70000	10.0
0.71667	10.0
0.73333	10.0
0.75000	10.0
0.76667	10.0
0.78333	10.0
0.80000	10.0
0.81667	10.0
0.83333	10.0
0.85000	10.0
0.86667	10.0
0.88333	10.0
0.90000	10.0
0.91667	10.0
0.93333	10.0
0.95000	10.0
0.96667	10.0
0.98333	10.0
1.00000	10.0
1.01667	10.0
1.03333	10.0
1.05000	10.0
1.06667	10.0
1.08333	10.0
1.10000	10.0
1.11667	10.0
1.13333	10.0
1.15000	10.1
1.16667	10.1
1.18333	10.0
1.20000	10.0
1.21667	10.0
1.23333	10.0
1.25000	10.1
1.26667	10.1
1.28333	10.0
1.30000	10.0
1.31667	10.0
1.33333	10.0
1.35000	10.0
1.36667	10.1
1.38333	10.1
1.40000	10.0
1.41667	10.0
1.43333	10.1
1.45000	10.0
1.46667	10.0
1.48333	10.0
1.50000	10.0
1.51667	10.0
1.53333	10.0
1.55000	10.0
1.56667	10.0
1.58333	10.0
1.60000	10.0
1.61667	10.0
1.63333	10.0
1.65000	10.0
1.66667	10.0
1.68333	10.0
1.70000	10.0
1.71667	10.0
1.73333	10.0
1.75000	10.0
1.76667	10.0
1.78333	10.0
1.80000	10.0
1.81667	10.0
1.83333	10.0
1.85000	10.0
1.86667	10.0
1.88333	10.0
1.90000	10.0
1.91667	10.0
1.93333	10.0
1.95000	10.0
1.96667	10.0
1.98333	10.0
2.00000	10.0
2.01667	10.0
2.03333	10.0
2.05000	10.0
2.06667	10.0
2.08333	10.0
2.10000	10.0
2.11667	10.0
2.13333	10.0
2.15000	10.0
2.16667	10.0
2.18333	10.0
2.20000	10.0
2.21667	10.0
2.23333	10.0
2.25000	10.0
2.26667	10.0
2.28333	10.0
2.30000	10.0
2.31667	10.0
2.33333	10.0
2.35000	10.0
2.36667	10.0
2.38333	10.0
2.40000	10.0
2.41667	10.0
2.43333	10.0
2.45000	10.0
2.46667	10.0
2.48333	10.0
2.50000	10.0
2.51667	10.0
2.53333	10.0
2.55000	10.0
2.56667	10.0
2.58333	10.0
2.60000	10.0
2.61667	10.0
2.63333	10.0
2.65000	10.0
2.66667	10.0
2.68333	10.0
2.70000	10.0
2.71667	10.0
2.73333	10.0
2.75000	10.0
2.76667	10.0
2.78333	10.0
2.80000	10.0
2.81667	10.0
2.83333	10.0
2.85000	10.0
2.86667	10.0
2.88333	10.0
2.90000	10.0
2.91667	10.0
2.93333	10.0
2.95000	10.0
2.96667	10.0
2.98333	10.0
3.00000	10.0
3.01667	10.0
3.03333	10.0
3.05000	10.0
3.06667	10.0
3.08333	10.0
3.10000	10.0
3.11667	10.0
3.13333	10.0
3.15000	10.0
3.16667	10.0
3.18333	10.0
3.20000	10.0
3.21667	10.0
3.23333	10.0
3.25000	10.0
3.26667	10.0
3.28333	10.0
3.30000	10.0
3.31667	10.0
3.33333	10.0
3.35000	10.0
3.36667	10.0
3.38333	10.0
3.40000	10.0
3.41667	10.0
3.43333	10.0
3.45000	10.0
3.46667	10.0
3.48333	10.0
3.50000	10.0
3.51667	10.0
3.53333	10.0
3.55000	10.0
3.56667	10.0
3.58333	10.0
3.60000	10.0
3.61667	10.0
3.63333	10.0
3.65000	10.0
3.66667	10.0
3.68333	10.0
3.70000	10.0
3.71667	10.0
3.73333	10.0
3.75000	10.0
3.76667	10.0
3.78333	10.0
3.80000	10.0
3.81667	10.0
3.83333	10.0
3.85000	10.0
3.86667	10.0
3.88333	10.0
3.90000	10.0
3.91667	10.0
3.93333	10.0
3.95000	10.0
3.96667	10.0
3.98333	10.0
4.00000	10.0
4.01667	10.0
4.03333	10.0
4.05000	10.0
4.06667	10.0
4.08333	10.0
4.10000	10.0
4.11667	10.0
4.13333	10.0
4.15000	10.0
4.16667	10.0
4.18333	10.0
4.20000	10.0
4.21667	10.0
4.23333	10.0
4.25000	10.0
4.26667	10.0
4.28333	10.0
4.30000	10.0
4.31667	10.0
4.33333	10.0
4.35000	10.0
4.36667	10.0
4.38333	10.0
4.40000	10.0
4.41667	10.0
4.43333	10.0
4.45000	10.0
4.46667	10.0
4.48333	10.0
4.50000	10.0
4.51667	10.0
4.53333	10.0
4.55000	10.0
4.56667	10.0
4.58333	10.0
4.60000	10.0
4.61667	10.0
4.63333	10.0
4.65000	10.0
4.66667	10.0
4.68333	10.0
4.70000	10.0
4.71667	10.0
4.73333	10.0
4.75000	10.0
4.76667	10.0
4.78333	10.0
4.80000	10.0
4.81667	10.0
4.83333	10.0
4.85000	10.0
4.86667	10.0
4.88333	10.0
4.90000	10.0
4.91667	10.0
4.93333	10.0
4.95000	10.0
4.96667	10.0
4.98333	10.0
5.00000	10.0
5.01667	10.0
5.03333	10.0
5.05000	10.0
5.06667	10.0
5.08333	10.0
5.10000	10.0
5.11667	10.0
5.13333	10.0
5.15000	10.0
5.16667	10.0
5.18333	10.0
5.20000	10.0
5.21667	10.0
5.23333	10.0
5.25000	10.0
5.26667	10.0
5.28333	10.0
5.30000	10.0
5.31667	10.0
5.33333	10.0
5.35000	10.0
5.36667	10.0
5.38333	10.0
5.40000	10.0
5.41667	10.0
5.43333	10.0
5.45000	10.0
5.46667	10.0
5.48333	10.0
5.50000	10.0
5.51667	10.0
5.53333	10.0
5.55000	10.0
5.56667	10.0
5.58333	10.0
5.60000	10.0
5.61667	10.0
5.63333	10.0
5.65000	10.0
5.66667	10.0
5.68333	10.0
5.70000	10.0
5.71667	10.0
5.73333	10.0
5.75000	10.0
5.76667	10.0
5.78333	10.0
5.80000	10.0
5.81667	10.0
5.83333	10.0
5.85000	10.0
5.86667	10.0
5.88333	10.0
5.90000	10.0
5.91667	10.0
5.93333	10.0
5.95000	10.0
5.96667	10.0
5.98333	10.0
6.00000	10.0
6.01667	10.0
6.03333	10.0
6.05000	10.0
6.06667	10.0
6.08333	10.0
6.10000	10.0
6.11667	10.0
6.13333	10.0
6.15000	10.0
6.16667	10.0
6.18333	10.0
6.20000	10.0
6.21667	10.0
6.23333	10.0
6.25000	10.0
6.26667	10.0
6.28333	10.0
6.30000	10.0
6.31667	10.0
6.33333	10.0
6.35000	10.0
6.36667	10.0
6.38333	10.0
6.40000	10.0
6.41667	10.0
6.43333	10.0
6.45000	10.0
6.46667	10.0
6.48333	10.0
6.50000	10.0
6.51667	10.0
6.53333	10.0
6.55000	10.0
6.56667	10.0
6.58333	10.0
6.60000	10.0
6.61667	10.0
6.63333	10.0
6.65000	10.0
6.66667	10.0
6.68333	10.0
6.70000	10.0
6.71667	10.0
6.73333	10.0
6.75000	10.0
6.76667	10.0
6.78333	10.0
6.80000	10.0
6.81667	10.0
6.83333	10.0
6.85000	10.0
6.86667	10.0
6.88333	10.0
6.90000	10.0
6.91667	10.0
6.93333	10.0
6.95000	10.0
6.96667	10.0
6.98333	10.0
7.00000	10.0
7.01667	10.0
7.03333	10.0
7.05000	10.0
7.06667	10.0
7.08333	10.0
7.10000	10.0
7.11667	10.0
7.13333	10.0
7.15000	10.0
7.16667	10.0
7.18333	10.0
7.20000	10.0
7.21667	10.0
7.23333	10.0
7.25000	10.0
7.26667	10.0
7.28333	10.0
7.30000	10.0
7.31667	10.0
7.33333	10.0
7.35000	10.0
7.36667	10.0
7.38333	10.0
7.40000	10.0
7.41667	10.0
7.43333	10.0
7.45000	10.0
7.46667	10.0
7.48333	10.0
7.50000	10.0
7.51667	10.0
7.53333	10.0
7.55000	10.0
7.56667	10.0
7.58333	10.0
7.60000	10.0
7.61667	10.0
7.63333	10.0
7.65000	10.0
7.66667	10.0
7.68333	10.0
7.70000	10.0
7.71667	10.0
7.73333	10.0
7.75000	10.0
7.76667	10.0
7.78333	10.0
7.80000	10.0
7.81667	10.0
7.83333	10.0
7.85000	10.0
7.86667	10.0
7.88333	10.0
7.90000	10.0
7.91667	10.0
7.93333	10.0
7.95000	10.0
7.96667	10.0
7.98333	10.0
8.00000	10.0
8.01667	10.0
8.03333	10.0
8.05000	10.0
8.06667	10.0
8.08333	10.0
8.10000	10.0
8.11667	10.0
8.13333	10.0
8.15000	10.0
8.16667	10.0
8.18333	10.0
8.20000	10.0
8.21667	10.0
8.23333	10.0
8.25000	10.0
8.26667	10.0
8.28333	10.0
8.30000	10.0
8.31667	10.0
8.33333	10.0
8.35000	10.0
8.36667	10.0
8.38333	10.0
8.40000	10.0
8.41667	10.0
8.43333	10.0
8.45000	10.0
8.46667	10.0
8.48333	10.0
8.50000	10.0
8.51667	10.0
8.53333	10.0
8.55000	10.0
8.56667	10.0
8.58333	10.0
8.60000	10.0
8.61667	10.0
8.63333	10.0
8.65000	10.0
8.66667	10.0
8.68333	10.0
8.70000	10.0
8.71667	10.0
8.73333	10.0
8.75000	10.0
8.76667	10.0
8.78333	10.0
8.80000	10.0
8.81667	10.0
8.83333	10.0
8.85000	10.0
8.86667	10.0
8.88333	10.0
8.90000	10.0
8.91667	10.0
8.93333	10.0
8.95000	10.0
8.96667	10.0
8.98333	10.0
9.00000	10.0
9.01667	10.0
9.03333	10.0
9.05000	10.0
9.06667	10.0
9.08333	10.0
9.10000	10.0
9.11667	10.0
9.13333	10.0
9.15000	10.0
9.16667	10.0
9.18333	10.0
9.20000	10.0
9.21667	10.0
9.23333	10.0
9.25000	10.0
9.26667	10.0
9.28333	10.0
9.30000	10.0
9.31667	10.0
9.33333	10.0
9.35000	10.0
9.36667	10.0
9.38333	10.0
9.40000	10.0
9.41667	10.0
9.43333	10.0
9.45000	10.0
9.46667	10.0
9.48333	10.0
9.50000	10.0
9.51667	10.0
9.53333	10.0
9.55000	10.0
9.56667	10.0
9.58333	10.0
9.60000	10.0
9.61667	10.0
9.63333	10.0
9.65000	10.0
9.66667	10.0
9.68333	10.0
9.70000	10.0
9.71667	10.0
9.73333	10.0
9.75000	10.0
9.76667	10.0
9.78333	10.0
9.80000	10.0
9.81667	10.0
9.83333	10.0
9.85000	10.0
9.86667	10.0
9.88333	10.0
9.90000	10.0
9.91667	10.0
9.93333	10.0
9.95000	10.0
9.96667	10.0
9.98333	10.0
10.00000	10.0
10.01667	10.0
10.03333	10.0
10.05000	10.0
10.06667	10.0
10.08333	10.0
10.10000	10.0
10.11667	10.0
10.13333	10.0
10.15000	10.0
10.16667	10.0
10.18333	10.0
10.20000	10.0
10.21667	10.0
10.23333	10.0
10.25000	10.0
10.26667	10.0
10.28333	10.0
10.30000	10.0
10.31667	10.0
10.33333	10.0
10.35000	10.0
10.36667	10.0
10.38333	10.0
10.40000	10.0
10.41667	10.0
10.43333	10.0
10.45000	10.0
10.46667	10.0
10.48333	10.0
10.50000	10.0
10.51667	10.0
10.53333	10.0
10.55000	10.0
10.56667	10.0
10.58333	10.0
10.60000	10.0
10.61667	10.0
10.63333	10.0
10.65000	10.0
10.66667	10.0
10.68333	10.0
10.70000	10.0
10.71667	10.0
10.73333	10.0
10.75000	10.0
10.76667	10.0
10.78333	10.0
10.80000	10.0
10.81667	10.0
10.83333	10.0
10.85000	10.0
10.86667	10.0
10.88333	10.0
10.90000	10.0
10.91667	10.0
10.93333	10.0
10.95000	10.0
10.96667	10.0
10.98333	10.0
11.00000	10.0
11.01667	10.0
11.03333	10.0
11.05000	10.0
11.06667	10.0
11.08333	10.0
11.10000	10.0
11.11667	10.0
11.13333	10.0
11.15000	10.0
11.16667	10.0
11.18333	10.0
11.20000	10.0
11.21667	10.0
11.23333	10.0
11.25000	10.0
11.26667	10.0
11.28333	10.0
11.30000	10.0
11.31667	10.0
11.33333	10.0
11.35000	10.0
11.36667	10.0
11.38333	10.0
11.40000	10.0
11.41667	10.0
11.43333	10.0
11.45000	10.0
11.46667	10.0
11.48333	10.0
11.50000	10.0
11.51667	10.0
11.53333	10.0
11.55000	10.0
11.56667	10.0
11.58333	10.0
11.60000	10.0
11.61667	10.0
11.63333	10.0
11.65000	10.0
11.66667	10.0
11.68333	10.0
11.70000	10.0
11.71667	10.0
11.73333	10.0
11.75000	10.0
11.76667	10.0
11.78333	10.0
11.80000	10.0
11.81667	10.0
11.83333	10.0
11.85000	10.0
11.86667	10.0
11.88333	10.0
11.90000	10.0
11.91667	10.0
11.93333	10.0
11.95000	10.0
11.96667	10.0
11.98333	10.0
12.00000	10.0
12.01667	10.0
12.03333	10.0
12.05000	10.0
12.06667	10.0
12.08333	10.0
12.10000	10.0
12.11667	10.0
12.13333	10.0
12.15000	10.0
12.16667	10.0
12.18333	10.0
12.20000	10.0
12.21667	10.0
12.23333	10.0
12.25000	10.0
12.26667	10.0
12.28333	10.0
12.30000	10.0
12.31667	10.0
12.33333	10.0
12.35000	10.0
12.36667	10.0
12.38333	10.0
12.40000	10.0
12.41667	10.0
12.43333	10.0
12.45000	10.0
12.46667	10.0
12.48333	10.0
12.50000	10.0
12.51667	10.0
12.53333	10.0
12.55000	10.0
12.56667	10.0
12.58333	10.0
12.60000	10.0
12.61667	10.0
12.63333	10.0
12.65000	10.0
12.66667	10.0
12.68333	10.0
12.70000	10.0
12.71667	10.0
12.73333	10.0
12.75000	10.0
12.76667	10.0
12.78333	10.0
12.80000	10.0
12.81667	10.0
12.83333	10.0
12.85000	10.0
12.86667	10.0
12.88333	10.0
12.90000	10.0
12.91667	10.0
12.93333	10.0
12.95000	10.0
12.96667	10.0
12.98333	10.0
13.00000	10.0
13.01667	10.0
13.03333	10.0
13.05000	10.0
13.06667	10.0
13.08333	10.0
13.10000	10.0
13.11667	10.0
13.13333	10.0
13.15000	10.0
13.16667	10.0
13.18333	10.0
13.20000	10.0
13.21667	10.0
13.23333	10.0
13.25000	10.0
13.26667	10.0
13.28333	10.0
13.30000	10.0
13.31667	10.0
13.33333	10.0
13.35000	10.0
13.36667	10.0
13.38333	10.0
13.40000	10.0
13.41667	10.0
13.43333	10.0
13.45000	10.0
13.46667	10.0
13.48333	10.0
13.50000	10.0
13.51667	10.0
13.53333	10.0
13.55000	10.0
13.56667	10.0
13.58333	10.0
13.60000	10.0
13.61667	10.0
13.63333	10.0
13.65000	10.0
13.66667	10.0
13.68333	10.0
13.70000	10.0
13.71667	10.0
13.73333	10.0
13.75000	10.0
13.76667	10.0
13.78333	10.0
13.80000	10.0
13.81667	10.0
13.83333	10.0
13.85000	10.0
13.86667	10.0
13.88333	10.0
13.90000	10.0
13.91667	10.0
13.93333	10.0
13.95000	10.0
13.96667	10.0
13.98333	10.0
14.00000	10.0
14.01667	10.0
14.03333	10.0
14.05000	10.0
14.06667	10.0
14.08333	10.0
14.10000	10.0
14.11667	10.0
14.13333	10.0
14.15000	10.0
14.16667	10.0
14.18333	10.0
14.20000	10.0
14.21667	10.0
14.23333	10.0
14.25000	10.0
14.26667	10.0
14.28333	10.0
14.30000	10.0
14.31667	10.0
14.33333	10.0
14.35000	10.0
14.36667	10.0
14.38333	10.0
14.40000	10.0
14.41667	10.0
14.43333	10.0
14.45000	10.0
14.46667	10.0
14.48333	10.0
14.50000	10.0
14.51667	10.0
14.53333	10.0
14.55000	10.0
14.56667	10.0
14.58333	10.0
14.60000	10.0
14.61667	10.0
14.63333	10.0
14.65000	10.0
14.66667	10.0
14.68333	10.0
14.70000	10.0
14.71667	10.0
14.73333	10.0
14.75000	10.0
14.76667	10.0
14.78333	10.0
14.80000	10.0
14.81667	10.0
14.83333	10.0
14.85000	10.0
14.86667	10.0
14.88333	10.0
14.90000	10.0
14.91667	10.0
14.93333	10.0
14.95000	10.0
14.96667	10.0
14.98333	10.0
15.00000	10.0

[LC Status Trace(Oven Temp.)]
Interval(msec)	1000
# of Points	901
Start Time(min)	0.000
End Time(min)	15.000
Intensity Units	C
Intensity Multiplier	1
R.Time (min)	Intensity
0.00000	59.99
0.01667	59.99
0.03333	59.99
0.05000	59.99
0.06667	59.99
0.08333	59.99
0.10000	59.99
0.11667	59.99
0.13333	59.99
0.15000	59.99
0.16667	59.99
0.18333	59.99
0.20000	59.99
0.21667	59.99
0.23333	59.99
0.25000	59.99
0.26667	59.99
0.28333	59.99
0.30000	59.99
0.31667	59.99
0.33333	59.99
0.35000	59.99
0.36667	60.00
0.38333	60.00
0.40000	60.00
0.41667	60.00
0.43333	60.00
0.45000	60.00
0.46667	60.00
0.48333	60.00
0.50000	60.00
0.51667	60.00
0.53333	60.00
0.55000	60.00
0.56667	60.00
0.58333	60.00
0.60000	60.00
0.61667	60.00
0.63333	60.00
0.65000	60.00
0.66667	60.00
0.68333	60.00
0.70000	60.00
0.71667	60.00
0.73333	60.00
0.75000	60.00
0.76667	60.00
0.78333	60.00
0.80000	60.00
0.81667	60.00
0.83333	59.99
0.85000	59.99
0.86667	59.99
0.88333	59.99
0.90000	59.99
0.91667	59.99
0.93333	59.99
0.95000	59.99
0.96667	59.99
0.98333	59.99
1.00000	59.99
1.01667	59.99
1.03333	59.99
1.05000	59.99
1.06667	59.99
1.08333	59.99
1.10000	59.99
1.11667	59.99
1.13333	59.99
1.15000	59.99
1.16667	59.99
1.18333	59.99
1.20000	59.99
1.21667	59.99
1.23333	59.99
1.25000	59.99
1.26667	60.00
1.28333	60.00
1.30000	60.00
1.31667	60.00
1.33333	60.00
1.35000	60.00
1.36667	60.00
1.38333	60.00
1.40000	60.00
1.41667	60.00
1.43333	60.00
1.45000	60.00
1.46667	60.00
1.48333	60.00
1.50000	60.00
1.51667	60.00
1.53333	60.00
1.55000	60.00
1.56667	60.00
1.58333	60.00
1.60000	60.00
1.61667	60.00
1.63333	60.00
1.65000	60.00
1.66667	60.00
1.68333	60.00
1.70000	60.00
1.71667	60.00
1.73333	60.00
1.75000	60.00
1.76667	60.00
1.78333	60.00
1.80000	60.00
1.81667	60.00
1.83333	60.00
1.85000	60.00
1.86667	60.00
1.88333	60.00
1.90000	60.00
1.91667	60.00
1.93333	60.00
1.95000	60.00
1.96667	60.00
1.98333	60.00
2.00000	60.00
2.01667	60.00
2.03333	60.00
2.05000	60.00
2.06667	60.00
2.08333	60.00
2.10000	60.00
2.11667	60.00
2.13333	60.00
2.15000	60.00
2.16667	60.00
2.18333	60.00
2.20000	60.00
2.21667	60.00
2.23333	60.00
2.25000	60.00
2.26667	60.00
2.28333	60.00
2.30000	60.00
2.31667	60.00
2.33333	60.00
2.35000	60.00
2.36667	60.00
2.38333	60.00
2.40000	60.00
2.41667	60.00
2.43333	60.00
2.45000	60.00
2.46667	60.00
2.48333	60.00
2.50000	60.00
2.51667	60.00
2.53333	60.00
2.55000	60.00
2.56667	60.00
2.58333	60.00
2.60000	60.00
2.61667	60.00
2.63333	60.00
2.65000	60.00
2.66667	60.00
2.68333	60.00
2.70000	60.00
2.71667	60.00
2.73333	60.00
2.75000	60.00
2.76667	60.00
2.78333	60.00
2.80000	60.00
2.81667	60.00
2.83333	60.00
2.85000	60.00
2.86667	60.00
2.88333	60.00
2.90000	60.00
2.91667	60.00
2.93333	60.00
2.95000	60.00
2.96667	60.00
2.98333	60.00
3.00000	60.00
3.01667	60.00
3.03333	60.00
3.05000	60.00
3.06667	60.00
3.08333	60.00
3.10000	60.00
3.11667	60.00
3.13333	60.00
3.15000	60.00
3.16667	60.00
3.18333	60.00
3.20000	60.00
3.21667	60.00
3.23333	60.00
3.25000	60.00
3.26667	60.00
3.28333	60.00
3.30000	60.00
3.31667	60.00
3.33333	60.00
3.35000	60.00
3.36667	59.99
3.38333	59.99
3.40000	59.99
3.41667	59.99
3.43333	59.99
3.45000	59.99
3.46667	59.99
3.48333	59.99
3.50000	59.99
3.51667	59.99
3.53333	59.99
3.55000	59.99
3.56667	59.99
3.58333	59.99
3.60000	59.99
3.61667	59.99
3.63333	59.99
3.65000	59.99
3.66667	59.99
3.68333	59.99
3.70000	59.99
3.71667	59.99
3.73333	59.99
3.75000	60.00
3.76667	60.00
3.78333	60.00
3.80000	60.00
3.81667	60.00
3.83333	60.00
3.85000	60.00
3.86667	60.00
3.88333	60.00
3.90000	60.00
3.91667	60.00
3.93333	60.00
3.95000	60.00
3.96667	60.00
3.98333	60.00
4.00000	60.00
4.01667	60.00
4.03333	60.00
4.05000	60.00
4.06667	60.00
4.08333	60.00
4.10000	60.00
4.11667	60.00
4.13333	60.00
4.15000	60.00
4.16667	60.00
4.18333	60.00
4.20000	60.00
4.21667	60.00
4.23333	60.00
4.25000	60.00
4.26667	60.00
4.28333	60.00
4.30000	60.00
4.31667	59.99
4.33333	59.99
4.35000	59.99
4.36667	59.99
4.38333	59.99
4.40000	59.99
4.41667	59.99
4.43333	59.99
4.45000	59.99
4.46667	59.99
4.48333	59.99
4.50000	59.99
4.51667	59.99
4.53333	59.99
4.55000	59.99
4.56667	59.99
4.58333	59.99
4.60000	59.99
4.61667	59.99
4.63333	59.99
4.65000	59.99
4.66667	59.99
4.68333	59.99
4.70000	59.99
4.71667	59.99
4.73333	59.99
4.75000	59.99
4.76667	59.99
4.78333	59.99
4.80000	59.99
4.81667	59.99
4.83333	59.99
4.85000	59.99
4.86667	59.99
4.88333	59.99
4.90000	59.99
4.91667	59.99
4.93333	59.99
4.95000	59.99
4.96667	59.99
4.98333	59.99
5.00000	59.99
5.01667	59.99
5.03333	59.99
5.05000	60.00
5.06667	60.00
5.08333	60.00
5.10000	60.00
5.11667	60.00
5.13333	60.00
5.15000	60.00
5.16667	60.00
5.18333	60.00
5.20000	60.00
5.21667	60.00
5.23333	60.00
5.25000	60.00
5.26667	60.00
5.28333	60.00
5.30000	60.00
5.31667	60.00
5.33333	60.00
5.35000	60.00
5.36667	60.00
5.38333	60.00
5.40000	60.00
5.41667	60.00
5.43333	60.00
5.45000	60.00
5.46667	60.00
5.48333	60.00
5.50000	60.00
5.51667	60.00
5.53333	60.00
5.55000	60.00
5.56667	60.00
5.58333	60.00
5.60000	60.00
5.61667	60.00
5.63333	60.00
5.65000	60.00
5.66667	60.00
5.68333	60.00
5.70000	60.00
5.71667	60.00
5.73333	60.00
5.75000	60.00
5.76667	60.00
5.78333	60.00
5.80000	60.00
5.81667	60.00
5.83333	60.00
5.85000	60.00
5.86667	60.00
5.88333	59.99
5.90000	59.99
5.91667	59.99
5.93333	59.99
5.95000	59.99
5.96667	59.99
5.98333	59.99
6.00000	59.99
6.01667	59.99
6.03333	59.99
6.05000	59.99
6.06667	59.99
6.08333	59.99
6.10000	59.99
6.11667	59.99
6.13333	59.99
6.15000	59.99
6.16667	59.99
6.18333	59.99
6.20000	59.99
6.21667	59.99
6.23333	59.99
6.25000	59.99
6.26667	59.99
6.28333	59.99
6.30000	59.99
6.31667	59.99
6.33333	59.99
6.35000	59.99
6.36667	59.99
6.38333	59.99
6.40000	59.99
6.41667	59.99
6.43333	59.99
6.45000	59.99
6.46667	59.99
6.48333	59.99
6.50000	59.99
6.51667	59.99
6.53333	59.99
6.55000	59.99
6.56667	59.99
6.58333	59.99
6.60000	60.00
6.61667	60.00
6.63333	60.00
6.65000	60.00
6.66667	60.00
6.68333	60.00
6.70000	60.00
6.71667	60.00
6.73333	60.00
6.75000	60.00
6.76667	60.00
6.78333	60.00
6.80000	60.00
6.81667	60.00
6.83333	60.00
6.85000	60.00
6.86667	60.00
6.88333	60.01
6.90000	60.01
6.91667	60.01
6.93333	60.01
6.95000	60.01
6.96667	60.01
6.98333	60.01
7.00000	60.01
7.01667	60.01
7.03333	60.00
7.05000	60.00
7.06667	60.00
7.08333	60.00
7.10000	60.00
7.11667	60.01
7.13333	60.01
7.15000	60.00
7.16667	60.00
7.18333	60.00
7.20000	60.00
7.21667	60.00
7.23333	60.00
7.25000	60.00
7.26667	60.00
7.28333	60.00
7.30000	60.01
7.31667	60.01
7.33333	60.01
7.35000	60.01
7.36667	60.01
7.38333	60.01
7.40000	60.01
7.41667	60.01
7.43333	60.01
7.45000	60.01
7.46667	60.01
7.48333	60.01
7.50000	60.00
7.51667	60.00
7.53333	60.00
7.55000	60.00
7.56667	60.00
7.58333	60.00
7.60000	60.00
7.61667	60.00
7.63333	60.00
7.65000	60.00
7.66667	60.00
7.68333	60.00
7.70000	60.00
7.71667	60.00
7.73333	60.00
7.75000	60.00
7.76667	60.00
7.78333	60.00
7.80000	60.00
7.81667	60.00
7.83333	60.00
7.85000	60.00
7.86667	60.00
7.88333	60.00
7.90000	60.00
7.91667	60.00
7.93333	60.00
7.95000	60.00
7.96667	60.00
7.98333	60.00
8.00000	60.00
8.01667	60.00
8.03333	60.00
8.05000	60.00
8.06667	60.00
8.08333	60.00
8.10000	60.00
8.11667	60.00
8.13333	60.00
8.15000	60.00
8.16667	60.00
8.18333	60.00
8.20000	60.00
8.21667	60.00
8.23333	60.00
8.25000	60.00
8.26667	60.00
8.28333	60.00
8.30000	60.00
8.31667	59.99
8.33333	59.99
8.35000	59.99
8.36667	59.99
8.38333	59.99
8.40000	59.99
8.41667	59.99
8.43333	59.99
8.45000	59.99
8.46667	59.99
8.48333	59.99
8.50000	59.99
8.51667	59.99
8.53333	59.99
8.55000	59.99
8.56667	59.99
8.58333	59.99
8.60000	59.99
8.61667	59.99
8.63333	59.99
8.65000	59.99
8.66667	59.99
8.68333	59.99
8.70000	59.99
8.71667	59.99
8.73333	59.99
8.75000	59.99
8.76667	59.99
8.78333	59.99
8.80000	59.99
8.81667	59.99
8.83333	59.99
8.85000	59.99
8.86667	59.99
8.88333	59.99
8.90000	59.99
8.91667	59.99
8.93333	59.99
8.95000	59.99
8.96667	59.99
8.98333	59.99
9.00000	59.99
9.01667	59.99
9.03333	59.99
9.05000	59.99
9.06667	59.99
9.08333	59.99
9.10000	59.99
9.11667	59.99
9.13333	59.99
9.15000	59.99
9.16667	60.00
9.18333	60.00
9.20000	60.00
9.21667	60.00
9.23333	60.00
9.25000	60.00
9.26667	60.00
9.28333	60.00
9.30000	60.00
9.31667	60.00
9.33333	60.00
9.35000	60.00
9.36667	60.00
9.38333	60.00
9.40000	60.00
9.41667	60.00
9.43333	60.00
9.45000	60.00
9.46667	60.00
9.48333	60.00
9.50000	60.00
9.51667	60.00
9.53333	60.00
9.55000	60.00
9.56667	60.00
9.58333	60.00
9.60000	60.00
9.61667	60.00
9.63333	60.00
9.65000	60.00
9.66667	60.00
9.68333	60.00
9.70000	60.00
9.71667	60.00
9.73333	60.00
9.75000	60.00
9.76667	60.00
9.78333	60.00
9.80000	60.00
9.81667	60.00
9.83333	59.99
9.85000	59.99
9.86667	59.99
9.88333	59.99
9.90000	59.99
9.91667	60.00
9.93333	60.00
9.95000	60.00
9.96667	60.00
9.98333	60.00
10.00000	60.00
10.01667	60.00
10.03333	60.00
10.05000	60.00
10.06667	60.00
10.08333	60.00
10.10000	60.00
10.11667	60.00
10.13333	60.00
10.15000	60.00
10.16667	60.00
10.18333	60.00
10.20000	60.00
10.21667	60.00
10.23333	60.00
10.25000	60.00
10.26667	60.00
10.28333	60.00
10.30000	60.00
10.31667	60.00
10.33333	60.00
10.35000	60.00
10.36667	60.00
10.38333	60.00
10.40000	60.00
10.41667	60.00
10.43333	60.00
10.45000	60.00
10.46667	60.00
10.48333	60.00
10.50000	60.00
10.51667	60.00
10.53333	60.00
10.55000	60.00
10.56667	60.00
10.58333	60.00
10.60000	60.00
10.61667	60.00
10.63333	60.00
10.65000	60.00
10.66667	60.00
10.68333	60.00
10.70000	60.00
10.71667	60.00
10.73333	60.00
10.75000	60.00
10.76667	60.00
10.78333	60.00
10.80000	60.00
10.81667	60.00
10.83333	60.00
10.85000	60.00
10.86667	60.00
10.88333	60.00
10.90000	60.00
10.91667	60.00
10.93333	60.00
10.95000	60.00
10.96667	60.00
10.98333	60.00
11.00000	60.00
11.01667	60.00
11.03333	59.99
11.05000	59.99
11.06667	59.99
11.08333	59.99
11.10000	59.99
11.11667	59.99
11.13333	59.99
11.15000	59.99
11.16667	59.99
11.18333	59.99
11.20000	59.99
11.21667	60.00
11.23333	60.00
11.25000	60.00
11.26667	60.00
11.28333	60.00
11.30000	60.00
11.31667	59.99
11.33333	59.99
11.35000	59.99
11.36667	59.99
11.38333	59.99
11.40000	59.99
11.41667	59.99
11.43333	59.99
11.45000	59.99
11.46667	59.99
11.48333	59.99
11.50000	59.99
11.51667	59.99
11.53333	59.99
11.55000	59.99
11.56667	59.99
11.58333	59.99
11.60000	59.99
11.61667	59.99
11.63333	59.99
11.65000	59.99
11.66667	59.99
11.68333	59.99
11.70000	59.99
11.71667	59.99
11.73333	59.99
11.75000	59.99
11.76667	59.99
11.78333	59.99
11.80000	59.99
11.81667	59.99
11.83333	59.99
11.85000	59.99
11.86667	59.99
11.88333	59.99
11.90000	59.99
11.91667	59.99
11.93333	59.99
11.95000	59.99
11.96667	59.99
11.98333	59.99
12.00000	59.99
12.01667	59.99
12.03333	59.99
12.05000	59.99
12.06667	59.99
12.08333	59.99
12.10000	59.99
12.11667	59.99
12.13333	59.99
12.15000	59.99
12.16667	59.99
12.18333	59.99
12.20000	59.99
12.21667	59.99
12.23333	59.99
12.25000	59.99
12.26667	59.99
12.28333	59.99
12.30000	60.00
12.31667	60.00
12.33333	60.00
12.35000	60.00
12.36667	60.00
12.38333	60.00
12.40000	60.00
12.41667	60.00
12.43333	60.00
12.45000	60.00
12.46667	60.00
12.48333	60.00
12.50000	60.00
12.51667	60.00
12.53333	60.00
12.55000	60.00
12.56667	60.00
12.58333	60.00
12.60000	60.00
12.61667	60.00
12.63333	60.00
12.65000	60.00
12.66667	60.00
12.68333	60.00
12.70000	60.00
12.71667	60.00
12.73333	60.00
12.75000	60.00
12.76667	60.00
12.78333	60.00
12.80000	60.00
12.81667	60.00
12.83333	60.00
12.85000	60.00
12.86667	60.00
12.88333	60.00
12.90000	60.00
12.91667	60.00
12.93333	60.00
12.95000	60.00
12.96667	60.00
12.98333	60.00
13.00000	60.00
13.01667	60.00
13.03333	60.00
13.05000	60.00
13.06667	60.00
13.08333	60.00
13.10000	60.00
13.11667	60.00
13.13333	60.00
13.15000	60.00
13.16667	60.00
13.18333	60.00
13.20000	60.00
13.21667	60.00
13.23333	60.00
13.25000	60.00
13.26667	60.00
13.28333	60.00
13.30000	60.00
13.31667	59.99
13.33333	59.99
13.35000	59.99
13.36667	59.99
13.38333	59.99
13.40000	59.99
13.41667	59.99
13.43333	59.99
13.45000	59.99
13.46667	59.99
13.48333	59.99
13.50000	59.99
13.51667	59.99
13.53333	59.99
13.55000	59.99
13.56667	59.99
13.58333	59.99
13.60000	59.99
13.61667	59.99
13.63333	59.99
13.65000	59.99
13.66667	59.99
13.68333	59.99
13.70000	59.99
13.71667	59.99
13.73333	59.99
13.75000	60.00
13.76667	60.00
13.78333	60.00
13.80000	60.00
13.81667	60.00
13.83333	60.00
13.85000	60.00
13.86667	60.00
13.88333	60.00
13.90000	60.00
13.91667	60.00
13.93333	60.00
13.95000	60.00
13.96667	60.00
13.98333	60.00
14.00000	60.00
14.01667	59.99
14.03333	59.99
14.05000	59.99
14.06667	59.99
14.08333	59.99
14.10000	59.99
14.11667	59.99
14.13333	59.99
14.15000	59.99
14.16667	59.99
14.18333	59.99
14.20000	59.99
14.21667	59.99
14.23333	59.99
14.25000	59.99
14.26667	59.99
14.28333	59.99
14.30000	59.99
14.31667	59.99
14.33333	59.99
14.35000	59.99
14.36667	59.99
14.38333	59.99
14.40000	59.99
14.41667	59.99
14.43333	59.99
14.45000	59.99
14.46667	59.99
14.48333	59.99
14.50000	59.99
14.51667	59.99
14.53333	59.99
14.55000	59.99
14.56667	59.99
14.58333	59.99
14.60000	59.99
14.61667	59.99
14.63333	59.99
14.65000	59.99
14.66667	59.99
14.68333	59.99
14.70000	59.99
14.71667	59.99
14.73333	59.99
14.75000	59.99
14.76667	59.99
14.78333	59.99
14.80000	59.99
14.81667	59.99
14.83333	59.99
14.85000	59.99
14.86667	59.99
14.88333	59.99
14.90000	59.99
14.91667	59.99
14.93333	59.99
14.95000	59.99
14.96667	59.99
14.98333	59.99
15.00000	59.99

[LC Status Trace(Room Temp.)]
Interval(msec)	1000
# of Points	901
Start Time(min)	0.000
End Time(min)	15.000
Intensity Units	C
Intensity Multiplier	1
R.Time (min)	Intensity
0.00000	26.43
0.01667	26.43
0.03333	26.43
0.05000	26.43
0.06667	26.43
0.08333	26.42
0.10000	26.42
0.11667	26.42
0.13333	26.41
0.15000	26.41
0.16667	26.41
0.18333	26.41
0.20000	26.41
0.21667	26.40
0.23333	26.40
0.25000	26.40
0.26667	26.41
0.28333	26.41
0.30000	26.41
0.31667	26.41
0.33333	26.41
0.35000	26.41
0.36667	26.41
0.38333	26.41
0.40000	26.41
0.41667	26.40
0.43333	26.40
0.45000	26.40
0.46667	26.40
0.48333	26.40
0.50000	26.39
0.51667	26.39
0.53333	26.39
0.55000	26.38
0.56667	26.38
0.58333	26.38
0.60000	26.38
0.61667	26.37
0.63333	26.37
0.65000	26.37
0.66667	26.37
0.68333	26.37
0.70000	26.37
0.71667	26.37
0.73333	26.37
0.75000	26.37
0.76667	26.37
0.78333	26.37
0.80000	26.37
0.81667	26.37
0.83333	26.37
0.85000	26.37
0.86667	26.37
0.88333	26.37
0.90000	26.38
0.91667	26.38
0.93333	26.38
0.95000	26.38
0.96667	26.38
0.98333	26.38
1.00000	26.38
1.01667	26.38
1.03333	26.38
1.05000	26.38
1.06667	26.38
1.08333	26.38
1.10000	26.38
1.11667	26.38
1.13333	26.37
1.15000	26.37
1.16667	26.37
1.18333	26.36
1.20000	26.36
1.21667	26.36
1.23333	26.36
1.25000	26.36
1.26667	26.35
1.28333	26.35
1.30000	26.35
1.31667	26.35
1.33333	26.35
1.35000	26.35
1.36667	26.35
1.38333	26.35
1.40000	26.36
1.41667	26.36
1.43333	26.36
1.45000	26.36
1.46667	26.37
1.48333	26.37
1.50000	26.37
1.51667	26.37
1.53333	26.37
1.55000	26.38
1.56667	26.38
1.58333	26.38
1.60000	26.38
1.61667	26.38
1.63333	26.38
1.65000	26.39
1.66667	26.39
1.68333	26.39
1.70000	26.39
1.71667	26.39
1.73333	26.40
1.75000	26.40
1.76667	26.40
1.78333	26.40
1.80000	26.40
1.81667	26.40
1.83333	26.40
1.85000	26.40
1.86667	26.40
1.88333	26.40
1.90000	26.40
1.91667	26.40
1.93333	26.40
1.95000	26.41
1.96667	26.41
1.98333	26.41
2.00000	26.41
2.01667	26.41
2.03333	26.41
2.05000	26.41
2.06667	26.42
2.08333	26.42
2.10000	26.42
2.11667	26.42
2.13333	26.43
2.15000	26.43
2.16667	26.43
2.18333	26.43
2.20000	26.43
2.21667	26.44
2.23333	26.44
2.25000	26.44
2.26667	26.44
2.28333	26.44
2.30000	26.44
2.31667	26.44
2.33333	26.44
2.35000	26.44
2.36667	26.44
2.38333	26.44
2.40000	26.45
2.41667	26.45
2.43333	26.45
2.45000	26.45
2.46667	26.45
2.48333	26.45
2.50000	26.45
2.51667	26.45
2.53333	26.45
2.55000	26.45
2.56667	26.45
2.58333	26.45
2.60000	26.44
2.61667	26.44
2.63333	26.44
2.65000	26.43
2.66667	26.43
2.68333	26.43
2.70000	26.43
2.71667	26.43
2.73333	26.43
2.75000	26.42
2.76667	26.42
2.78333	26.42
2.80000	26.42
2.81667	26.42
2.83333	26.42
2.85000	26.42
2.86667	26.42
2.88333	26.42
2.90000	26.43
2.91667	26.43
2.93333	26.43
2.95000	26.43
2.96667	26.43
2.98333	26.43
3.00000	26.43
3.01667	26.43
3.03333	26.43
3.05000	26.43
3.06667	26.43
3.08333	26.43
3.10000	26.43
3.11667	26.43
3.13333	26.42
3.15000	26.42
3.16667	26.42
3.18333	26.42
3.20000	26.42
3.21667	26.42
3.23333	26.42
3.25000	26.42
3.26667	26.42
3.28333	26.42
3.30000	26.42
3.31667	26.42
3.33333	26.42
3.35000	26.42
3.36667	26.42
3.38333	26.42
3.40000	26.43
3.41667	26.43
3.43333	26.43
3.45000	26.43
3.46667	26.43
3.48333	26.43
3.50000	26.44
3.51667	26.44
3.53333	26.44
3.55000	26.44
3.56667	26.44
3.58333	26.44
3.60000	26.44
3.61667	26.44
3.63333	26.44
3.65000	26.44
3.66667	26.44
3.68333	26.44
3.70000	26.44
3.71667	26.44
3.73333	26.44
3.75000	26.44
3.76667	26.44
3.78333	26.45
3.80000	26.45
3.81667	26.45
3.83333	26.45
3.85000	26.45
3.86667	26.45
3.88333	26.45
3.90000	26.45
3.91667	26.45
3.93333	26.45
3.95000	26.46
3.96667	26.46
3.98333	26.46
4.00000	26.46
4.01667	26.46
4.03333	26.47
4.05000	26.47
4.06667	26.47
4.08333	26.47
4.10000	26.47
4.11667	26.48
4.13333	26.48
4.15000	26.48
4.16667	26.48
4.18333	26.48
4.20000	26.48
4.21667	26.48
4.23333	26.48
4.25000	26.48
4.26667	26.47
4.28333	26.47
4.30000	26.47
4.31667	26.47
4.33333	26.47
4.35000	26.47
4.36667	26.47
4.38333	26.47
4.40000	26.47
4.41667	26.47
4.43333	26.47
4.45000	26.47
4.46667	26.47
4.48333	26.47
4.50000	26.47
4.51667	26.48
4.53333	26.48
4.55000	26.48
4.56667	26.48
4.58333	26.48
4.60000	26.48
4.61667	26.48
4.63333	26.48
4.65000	26.48
4.66667	26.48
4.68333	26.48
4.70000	26.48
4.71667	26.48
4.73333	26.48
4.75000	26.48
4.76667	26.48
4.78333	26.48
4.80000	26.48
4.81667	26.47
4.83333	26.47
4.85000	26.47
4.86667	26.47
4.88333	26.47
4.90000	26.47
4.91667	26.47
4.93333	26.47
4.95000	26.47
4.96667	26.47
4.98333	26.47
5.00000	26.47
5.01667	26.47
5.03333	26.47
5.05000	26.47
5.06667	26.47
5.08333	26.47
5.10000	26.47
5.11667	26.47
5.13333	26.47
5.15000	26.47
5.16667	26.48
5.18333	26.48
5.20000	26.48
5.21667	26.48
5.23333	26.48
5.25000	26.48
5.26667	26.48
5.28333	26.48
5.30000	26.48
5.31667	26.48
5.33333	26.48
5.35000	26.48
5.36667	26.48
5.38333	26.48
5.40000	26.48
5.41667	26.49
5.43333	26.49
5.45000	26.49
5.46667	26.49
5.48333	26.49
5.50000	26.49
5.51667	26.48
5.53333	26.48
5.55000	26.48
5.56667	26.48
5.58333	26.48
5.60000	26.48
5.61667	26.47
5.63333	26.47
5.65000	26.47
5.66667	26.47
5.68333	26.47
5.70000	26.47
5.71667	26.47
5.73333	26.47
5.75000	26.47
5.76667	26.47
5.78333	26.47
5.80000	26.47
5.81667	26.47
5.83333	26.47
5.85000	26.47
5.86667	26.47
5.88333	26.47
5.90000	26.47
5.91667	26.46
5.93333	26.46
5.95000	26.46
5.96667	26.45
5.98333	26.45
6.00000	26.44
6.01667	26.44
6.03333	26.43
6.05000	26.43
6.06667	26.42
6.08333	26.41
6.10000	26.41
6.11667	26.41
6.13333	26.41
6.15000	26.41
6.16667	26.40
6.18333	26.40
6.20000	26.40
6.21667	26.40
6.23333	26.40
6.25000	26.40
6.26667	26.40
6.28333	26.40
6.30000	26.40
6.31667	26.40
6.33333	26.40
6.35000	26.40
6.36667	26.41
6.38333	26.41
6.40000	26.41
6.41667	26.41
6.43333	26.41
6.45000	26.41
6.46667	26.42
6.48333	26.42
6.50000	26.42
6.51667	26.42
6.53333	26.42
6.55000	26.42
6.56667	26.42
6.58333	26.42
6.60000	26.43
6.61667	26.43
6.63333	26.43
6.65000	26.43
6.66667	26.43
6.68333	26.43
6.70000	26.43
6.71667	26.43
6.73333	26.43
6.75000	26.43
6.76667	26.43
6.78333	26.44
6.80000	26.44
6.81667	26.44
6.83333	26.44
6.85000	26.44
6.86667	26.45
6.88333	26.45
6.90000	26.45
6.91667	26.45
6.93333	26.45
6.95000	26.45
6.96667	26.45
6.98333	26.45
7.00000	26.45
7.01667	26.45
7.03333	26.45
7.05000	26.45
7.06667	26.45
7.08333	26.45
7.10000	26.45
7.11667	26.45
7.13333	26.45
7.15000	26.45
7.16667	26.44
7.18333	26.44
7.20000	26.44
7.21667	26.44
7.23333	26.44
7.25000	26.44
7.26667	26.44
7.28333	26.44
7.30000	26.44
7.31667	26.44
7.33333	26.44
7.35000	26.44
7.36667	26.44
7.38333	26.44
7.40000	26.44
7.41667	26.44
7.43333	26.44
7.45000	26.44
7.46667	26.43
7.48333	26.43
7.50000	26.43
7.51667	26.43
7.53333	26.42
7.55000	26.42
7.56667	26.42
7.58333	26.42
7.60000	26.42
7.61667	26.42
7.63333	26.42
7.65000	26.42
7.66667	26.42
7.68333	26.41
7.70000	26.41
7.71667	26.41
7.73333	26.41
7.75000	26.41
7.76667	26.42
7.78333	26.42
7.80000	26.42
7.81667	26.42
7.83333	26.42
7.85000	26.42
7.86667	26.42
7.88333	26.42
7.90000	26.43
7.91667	26.43
7.93333	26.43
7.95000	26.43
7.96667	26.44
7.98333	26.44
8.00000	26.44
8.01667	26.45
8.03333	26.45
8.05000	26.45
8.06667	26.46
8.08333	26.46
8.10000	26.46
8.11667	26.46
8.13333	26.46
8.15000	26.47
8.16667	26.47
8.18333	26.47
8.20000	26.47
8.21667	26.47
8.23333	26.47
8.25000	26.47
8.26667	26.47
8.28333	26.47
8.30000	26.47
8.31667	26.47
8.33333	26.47
8.35000	26.47
8.36667	26.47
8.38333	26.47
8.40000	26.47
8.41667	26.47
8.43333	26.48
8.45000	26.48
8.46667	26.48
8.48333	26.48
8.50000	26.48
8.51667	26.48
8.53333	26.48
8.55000	26.48
8.56667	26.48
8.58333	26.48
8.60000	26.48
8.61667	26.48
8.63333	26.48
8.65000	26.48
8.66667	26.48
8.68333	26.48
8.70000	26.48
8.71667	26.48
8.73333	26.48
8.75000	26.48
8.76667	26.48
8.78333	26.48
8.80000	26.48
8.81667	26.48
8.83333	26.48
8.85000	26.48
8.86667	26.48
8.88333	26.48
8.90000	26.48
8.91667	26.48
8.93333	26.48
8.95000	26.48
8.96667	26.48
8.98333	26.49
9.00000	26.49
9.01667	26.49
9.03333	26.49
9.05000	26.49
9.06667	26.49
9.08333	26.49
9.10000	26.49
9.11667	26.48
9.13333	26.48
9.15000	26.48
9.16667	26.47
9.18333	26.47
9.20000	26.47
9.21667	26.46
9.23333	26.46
9.25000	26.46
9.26667	26.46
9.28333	26.46
9.30000	26.45
9.31667	26.45
9.33333	26.45
9.35000	26.45
9.36667	26.45
9.38333	26.45
9.40000	26.45
9.41667	26.45
9.43333	26.45
9.45000	26.45
9.46667	26.45
9.48333	26.45
9.50000	26.46
9.51667	26.46
9.53333	26.46
9.55000	26.46
9.56667	26.47
9.58333	26.47
9.60000	26.47
9.61667	26.47
9.63333	26.47
9.65000	26.47
9.66667	26.47
9.68333	26.47
9.70000	26.47
9.71667	26.47
9.73333	26.47
9.75000	26.47
9.76667	26.47
9.78333	26.47
9.80000	26.47
9.81667	26.47
9.83333	26.47
9.85000	26.47
9.86667	26.47
9.88333	26.47
9.90000	26.48
9.91667	26.48
9.93333	26.48
9.95000	26.48
9.96667	26.48
9.98333	26.48
10.00000	26.48
10.01667	26.48
10.03333	26.48
10.05000	26.48
10.06667	26.47
10.08333	26.47
10.10000	26.47
10.11667	26.47
10.13333	26.47
10.15000	26.47
10.16667	26.47
10.18333	26.47
10.20000	26.47
10.21667	26.47
10.23333	26.47
10.25000	26.47
10.26667	26.47
10.28333	26.47
10.30000	26.47
10.31667	26.47
10.33333	26.47
10.35000	26.46
10.36667	26.46
10.38333	26.45
10.40000	26.45
10.41667	26.45
10.43333	26.44
10.45000	26.44
10.46667	26.44
10.48333	26.43
10.50000	26.43
10.51667	26.43
10.53333	26.43
10.55000	26.43
10.56667	26.42
10.58333	26.42
10.60000	26.42
10.61667	26.42
10.63333	26.41
10.65000	26.41
10.66667	26.41
10.68333	26.41
10.70000	26.41
10.71667	26.41
10.73333	26.41
10.75000	26.41
10.76667	26.41
10.78333	26.41
10.80000	26.41
10.81667	26.41
10.83333	26.41
10.85000	26.42
10.86667	26.42
10.88333	26.42
10.90000	26.42
10.91667	26.42
10.93333	26.42
10.95000	26.42
10.96667	26.42
10.98333	26.42
11.00000	26.42
11.01667	26.42
11.03333	26.42
11.05000	26.42
11.06667	26.42
11.08333	26.41
11.10000	26.41
11.11667	26.41
11.13333	26.41
11.15000	26.41
11.16667	26.40
11.18333	26.40
11.20000	26.40
11.21667	26.40
11.23333	26.40
11.25000	26.39
11.26667	26.39
11.28333	26.39
11.30000	26.39
11.31667	26.39
11.33333	26.39
11.35000	26.39
11.36667	26.39
11.38333	26.40
11.40000	26.40
11.41667	26.40
11.43333	26.40
11.45000	26.40
11.46667	26.40
11.48333	26.40
11.50000	26.40
11.51667	26.40
11.53333	26.40
11.55000	26.40
11.56667	26.39
11.58333	26.39
11.60000	26.39
11.61667	26.39
11.63333	26.39
11.65000	26.39
11.66667	26.39
11.68333	26.39
11.70000	26.39
11.71667	26.39
11.73333	26.39
11.75000	26.39
11.76667	26.39
11.78333	26.39
11.80000	26.39
11.81667	26.39
11.83333	26.39
11.85000	26.39
11.86667	26.40
11.88333	26.40
11.90000	26.40
11.91667	26.40
11.93333	26.40
11.95000	26.40
11.96667	26.40
11.98333	26.40
12.00000	26.41
12.01667	26.41
12.03333	26.41
12.05000	26.41
12.06667	26.41
12.08333	26.41
12.10000	26.41
12.11667	26.42
12.13333	26.42
12.15000	26.42
12.16667	26.43
12.18333	26.43
12.20000	26.43
12.21667	26.43
12.23333	26.43
12.25000	26.44
12.26667	26.44
12.28333	26.44
12.30000	26.44
12.31667	26.44
12.33333	26.44
12.35000	26.44
12.36667	26.44
12.38333	26.44
12.40000	26.44
12.41667	26.44
12.43333	26.43
12.45000	26.43
12.46667	26.43
12.48333	26.43
12.50000	26.43
12.51667	26.43
12.53333	26.43
12.55000	26.43
12.56667	26.43
12.58333	26.43
12.60000	26.43
12.61667	26.44
12.63333	26.44
12.65000	26.44
12.66667	26.44
12.68333	26.44
12.70000	26.44
12.71667	26.45
12.73333	26.45
12.75000	26.45
12.76667	26.46
12.78333	26.46
12.80000	26.46
12.81667	26.46
12.83333	26.46
12.85000	26.47
12.86667	26.47
12.88333	26.47
12.90000	26.47
12.91667	26.47
12.93333	26.47
12.95000	26.47
12.96667	26.47
12.98333	26.47
13.00000	26.47
13.01667	26.47
13.03333	26.47
13.05000	26.47
13.06667	26.47
13.08333	26.47
13.10000	26.47
13.11667	26.47
13.13333	26.47
13.15000	26.47
13.16667	26.47
13.18333	26.47
13.20000	26.47
13.21667	26.47
13.23333	26.47
13.25000	26.47
13.26667	26.47
13.28333	26.47
13.30000	26.46
13.31667	26.46
13.33333	26.46
13.35000	26.46
13.36667	26.46
13.38333	26.45
13.40000	26.45
13.41667	26.45
13.43333	26.45
13.45000	26.44
13.46667	26.44
13.48333	26.44
13.50000	26.44
13.51667	26.44
13.53333	26.44
13.55000	26.44
13.56667	26.44
13.58333	26.44
13.60000	26.44
13.61667	26.45
13.63333	26.45
13.65000	26.45
13.66667	26.46
13.68333	26.46
13.70000	26.46
13.71667	26.46
13.73333	26.46
13.75000	26.46
13.76667	26.46
13.78333	26.47
13.80000	26.47
13.81667	26.47
13.83333	26.47
13.85000	26.47
13.86667	26.47
13.88333	26.47
13.90000	26.47
13.91667	26.47
13.93333	26.47
13.95000	26.47
13.96667	26.47
13.98333	26.47
14.00000	26.47
14.01667	26.46
14.03333	26.46
14.05000	26.46
14.06667	26.46
14.08333	26.46
14.10000	26.46
14.11667	26.45
14.13333	26.45
14.15000	26.45
14.16667	26.45
14.18333	26.45
14.20000	26.45
14.21667	26.45
14.23333	26.45
14.25000	26.45
14.26667	26.45
14.28333	26.44
14.30000	26.44
14.31667	26.44
14.33333	26.45
14.35000	26.45
14.36667	26.45
14.38333	26.45
14.40000	26.45
14.41667	26.45
14.43333	26.45
14.45000	26.45
14.46667	26.45
14.48333	26.45
14.50000	26.45
14.51667	26.45
14.53333	26.46
14.55000	26.46
14.56667	26.46
14.58333	26.46
14.60000	26.46
14.61667	26.46
14.63333	26.46
14.65000	26.46
14.66667	26.46
14.68333	26.46
14.70000	26.46
14.71667	26.46
14.73333	26.46
14.75000	26.46
14.76667	26.45
14.78333	26.45
14.80000	26.46
14.81667	26.46
14.83333	26.46
14.85000	26.46
14.86667	26.46
14.88333	26.46
14.90000	26.46
14.91667	26.46
14.93333	26.46
14.95000	26.46
14.96667	26.46
14.98333	26.45
15.00000	26.45

[LC Status Trace(UV Cell Temp.)]
Interval(msec)	1000
# of Points	901
Start Time(min)	0.000
End Time(min)	15.000
Intensity Units	C
Intensity Multiplier	1
R.Time (min)	Intensity
0.00000	40.02
0.01667	40.02
0.03333	40.02
0.05000	40.02
0.06667	40.02
0.08333	40.02
0.10000	40.02
0.11667	40.02
0.13333	40.01
0.15000	40.01
0.16667	40.01
0.18333	40.01
0.20000	40.01
0.21667	40.01
0.23333	40.01
0.25000	40.01
0.26667	40.01
0.28333	40.01
0.30000	40.02
0.31667	40.02
0.33333	40.02
0.35000	40.02
0.36667	40.02
0.38333	40.02
0.40000	40.02
0.41667	40.02
0.43333	40.02
0.45000	40.02
0.46667	40.02
0.48333	40.02
0.50000	40.02
0.51667	40.02
0.53333	40.02
0.55000	40.02
0.56667	40.02
0.58333	40.02
0.60000	40.02
0.61667	40.02
0.63333	40.02
0.65000	40.02
0.66667	40.02
0.68333	40.02
0.70000	40.02
0.71667	40.02
0.73333	40.02
0.75000	40.02
0.76667	40.02
0.78333	40.02
0.80000	40.02
0.81667	40.02
0.83333	40.02
0.85000	40.02
0.86667	40.02
0.88333	40.02
0.90000	40.02
0.91667	40.02
0.93333	40.02
0.95000	40.02
0.96667	40.02
0.98333	40.02
1.00000	40.02
1.01667	40.02
1.03333	40.01
1.05000	40.01
1.06667	40.01
1.08333	40.01
1.10000	40.01
1.11667	40.01
1.13333	40.01
1.15000	40.01
1.16667	40.01
1.18333	40.01
1.20000	40.01
1.21667	40.01
1.23333	40.01
1.25000	40.01
1.26667	40.01
1.28333	40.01
1.30000	40.01
1.31667	40.01
1.33333	40.01
1.35000	40.01
1.36667	40.01
1.38333	40.01
1.40000	40.01
1.41667	40.01
1.43333	40.01
1.45000	40.01
1.46667	40.01
1.48333	40.01
1.50000	40.01
1.51667	40.01
1.53333	40.01
1.55000	40.01
1.56667	40.01
1.58333	40.01
1.60000	40.01
1.61667	40.01
1.63333	40.01
1.65000	40.01
1.66667	40.01
1.68333	40.01
1.70000	40.01
1.71667	40.01
1.73333	40.01
1.75000	40.01
1.76667	40.01
1.78333	40.01
1.80000	40.01
1.81667	40.01
1.83333	40.01
1.85000	40.01
1.86667	40.02
1.88333	40.01
1.90000	40.01
1.91667	40.01
1.93333	40.01
1.95000	40.01
1.96667	40.02
1.98333	40.02
2.00000	40.01
2.01667	40.01
2.03333	40.01
2.05000	40.01
2.06667	40.01
2.08333	40.01
2.10000	40.01
2.11667	40.01
2.13333	40.01
2.15000	40.01
2.16667	40.01
2.18333	40.01
2.20000	40.01
2.21667	40.01
2.23333	40.01
2.25000	40.01
2.26667	40.01
2.28333	40.01
2.30000	40.01
2.31667	40.01
2.33333	40.01
2.35000	40.01
2.36667	40.01
2.38333	40.01
2.40000	40.01
2.41667	40.01
2.43333	40.01
2.45000	40.01
2.46667	40.00
2.48333	40.00
2.50000	40.00
2.51667	40.00
2.53333	40.00
2.55000	40.00
2.56667	40.00
2.58333	40.00
2.60000	40.00
2.61667	40.00
2.63333	40.00
2.65000	40.00
2.66667	40.00
2.68333	40.00
2.70000	40.01
2.71667	40.01
2.73333	40.01
2.75000	40.01
2.76667	40.01
2.78333	40.01
2.80000	40.01
2.81667	40.01
2.83333	40.01
2.85000	40.01
2.86667	40.01
2.88333	40.01
2.90000	40.01
2.91667	40.01
2.93333	40.01
2.95000	40.01
2.96667	40.00
2.98333	40.00
3.00000	40.00
3.01667	40.00
3.03333	40.00
3.05000	40.00
3.06667	40.00
3.08333	40.00
3.10000	40.00
3.11667	40.00
3.13333	40.00
3.15000	40.00
3.16667	40.00
3.18333	40.00
3.20000	40.00
3.21667	40.00
3.23333	40.00
3.25000	40.00
3.26667	40.00
3.28333	40.00
3.30000	40.00
3.31667	40.00
3.33333	40.00
3.35000	40.00
3.36667	40.00
3.38333	40.00
3.40000	40.00
3.41667	40.00
3.43333	40.00
3.45000	40.00
3.46667	40.00
3.48333	40.00
3.50000	40.00
3.51667	40.00
3.53333	40.00
3.55000	40.00
3.56667	40.00
3.58333	40.00
3.60000	40.00
3.61667	40.00
3.63333	40.00
3.65000	40.00
3.66667	40.00
3.68333	40.00
3.70000	40.00
3.71667	40.00
3.73333	40.00
3.75000	40.00
3.76667	40.00
3.78333	40.00
3.80000	40.00
3.81667	40.00
3.83333	40.00
3.85000	40.00
3.86667	40.00
3.88333	40.00
3.90000	40.00
3.91667	40.00
3.93333	40.00
3.95000	40.00
3.96667	40.00
3.98333	40.00
4.00000	40.00
4.01667	40.00
4.03333	40.00
4.05000	40.00
4.06667	40.00
4.08333	40.00
4.10000	40.00
4.11667	40.00
4.13333	40.00
4.15000	40.00
4.16667	40.00
4.18333	40.00
4.20000	40.00
4.21667	40.00
4.23333	40.00
4.25000	40.00
4.26667	40.00
4.28333	39.99
4.30000	39.99
4.31667	39.99
4.33333	39.99
4.35000	39.99
4.36667	39.99
4.38333	39.99
4.40000	39.99
4.41667	39.99
4.43333	39.99
4.45000	39.99
4.46667	39.99
4.48333	39.99
4.50000	39.99
4.51667	39.99
4.53333	39.99
4.55000	40.00
4.56667	40.00
4.58333	40.00
4.60000	40.00
4.61667	40.00
4.63333	40.00
4.65000	40.00
4.66667	40.00
4.68333	40.00
4.70000	40.00
4.71667	40.00
4.73333	40.00
4.75000	40.00
4.76667	40.00
4.78333	40.00
4.80000	40.00
4.81667	40.00
4.83333	40.00
4.85000	40.00
4.86667	40.00
4.88333	40.00
4.90000	40.00
4.91667	40.00
4.93333	40.00
4.95000	40.00
4.96667	40.00
4.98333	40.00
5.00000	40.00
5.01667	40.00
5.03333	40.00
5.05000	40.00
5.06667	40.00
5.08333	40.00
5.10000	40.00
5.11667	40.00
5.13333	40.00
5.15000	40.00
5.16667	39.99
5.18333	39.99
5.20000	39.99
5.21667	39.99
5.23333	39.99
5.25000	39.99
5.26667	39.99
5.28333	39.99
5.30000	39.99
5.31667	39.99
5.33333	39.99
5.35000	39.99
5.36667	39.99
5.38333	39.99
5.40000	39.99
5.41667	39.99
5.43333	39.99
5.45000	39.99
5.46667	40.00
5.48333	40.00
5.50000	40.00
5.51667	40.00
5.53333	40.00
5.55000	40.00
5.56667	40.00
5.58333	40.00
5.60000	40.00
5.61667	40.00
5.63333	40.00
5.65000	40.00
5.66667	40.00
5.68333	40.00
5.70000	40.00
5.71667	40.00
5.73333	40.00
5.75000	40.00
5.76667	40.00
5.78333	39.99
5.80000	39.99
5.81667	39.99
5.83333	39.99
5.85000	39.99
5.86667	39.99
5.88333	39.99
5.90000	39.99
5.91667	39.99
5.93333	39.99
5.95000	39.99
5.96667	39.99
5.98333	39.99
6.00000	39.99
6.01667	39.99
6.03333	39.99
6.05000	39.99
6.06667	39.99
6.08333	39.99
6.10000	39.99
6.11667	39.99
6.13333	39.99
6.15000	39.99
6.16667	39.99
6.18333	39.99
6.20000	39.99
6.21667	39.99
6.23333	39.99
6.25000	39.99
6.26667	39.99
6.28333	39.99
6.30000	39.99
6.31667	39.99
6.33333	40.00
6.35000	40.00
6.36667	40.00
6.38333	40.00
6.40000	40.00
6.41667	40.00
6.43333	40.00
6.45000	40.00
6.46667	40.00
6.48333	40.00
6.50000	40.00
6.51667	40.00
6.53333	40.00
6.55000	40.00
6.56667	40.00
6.58333	39.99
6.60000	39.99
6.61667	39.99
6.63333	39.99
6.65000	39.99
6.66667	39.99
6.68333	39.99
6.70000	39.99
6.71667	39.99
6.73333	39.99
6.75000	39.99
6.76667	39.99
6.78333	39.99
6.80000	39.99
6.81667	39.99
6.83333	39.99
6.85000	39.99
6.86667	39.99
6.88333	39.99
6.90000	39.99
6.91667	39.99
6.93333	39.99
6.95000	39.99
6.96667	39.99
6.98333	39.99
7.00000	40.00
7.01667	40.00
7.03333	40.00
7.05000	40.00
7.06667	40.00
7.08333	40.00
7.10000	40.00
7.11667	40.00
7.13333	40.00
7.15000	40.00
7.16667	40.00
7.18333	40.00
7.20000	40.00
7.21667	40.00
7.23333	40.00
7.25000	40.00
7.26667	40.00
7.28333	40.00
7.30000	40.00
7.31667	40.00
7.33333	39.99
7.35000	39.99
7.36667	39.99
7.38333	39.99
7.40000	39.99
7.41667	39.99
7.43333	39.99
7.45000	39.99
7.46667	39.99
7.48333	39.99
7.50000	39.99
7.51667	39.99
7.53333	39.99
7.55000	39.99
7.56667	39.99
7.58333	39.99
7.60000	39.99
7.61667	39.99
7.63333	39.99
7.65000	39.99
7.66667	39.99
7.68333	39.99
7.70000	39.99
7.71667	39.99
7.73333	39.99
7.75000	39.99
7.76667	39.99
7.78333	39.99
7.80000	39.99
7.81667	39.99
7.83333	39.99
7.85000	39.99
7.86667	40.00
7.88333	40.00
7.90000	40.00
7.91667	40.00
7.93333	40.00
7.95000	40.00
7.96667	40.00
7.98333	40.00
8.00000	40.00
8.01667	40.00
8.03333	40.00
8.05000	40.00
8.06667	40.00
8.08333	40.00
8.10000	40.00
8.11667	40.00
8.13333	40.00
8.15000	39.99
8.16667	40.00
8.18333	39.99
8.20000	39.99
8.21667	39.99
8.23333	39.99
8.25000	39.99
8.26667	39.99
8.28333	39.99
8.30000	39.99
8.31667	39.99
8.33333	39.99
8.35000	39.99
8.36667	39.99
8.38333	39.99
8.40000	39.99
8.41667	39.99
8.43333	39.99
8.45000	39.99
8.46667	39.99
8.48333	39.99
8.50000	39.99
8.51667	39.99
8.53333	39.99
8.55000	39.99
8.56667	39.99
8.58333	39.99
8.60000	39.99
8.61667	40.00
8.63333	40.00
8.65000	40.00
8.66667	40.00
8.68333	40.00
8.70000	40.00
8.71667	40.00
8.73333	40.00
8.75000	40.00
8.76667	40.00
8.78333	40.00
8.80000	40.00
8.81667	39.99
8.83333	39.99
8.85000	39.99
8.86667	39.99
8.88333	39.99
8.90000	39.99
8.91667	39.99
8.93333	39.99
8.95000	39.99
8.96667	39.99
8.98333	39.99
9.00000	39.99
9.01667	39.99
9.03333	39.99
9.05000	39.99
9.06667	39.99
9.08333	39.99
9.10000	39.99
9.11667	39.99
9.13333	39.99
9.15000	40.00
9.16667	39.99
9.18333	40.00
9.20000	40.00
9.21667	40.00
9.23333	40.00
9.25000	40.00
9.26667	40.00
9.28333	40.00
9.30000	40.00
9.31667	40.00
9.33333	40.00
9.35000	40.00
9.36667	39.99
9.38333	39.99
9.40000	39.99
9.41667	39.99
9.43333	39.99
9.45000	39.99
9.46667	39.99
9.48333	39.99
9.50000	39.99
9.51667	39.99
9.53333	39.99
9.55000	39.99
9.56667	39.99
9.58333	39.99
9.60000	39.99
9.61667	39.99
9.63333	39.99
9.65000	39.99
9.66667	39.99
9.68333	39.99
9.70000	39.99
9.71667	39.99
9.73333	39.99
9.75000	39.99
9.76667	39.99
9.78333	39.99
9.80000	39.99
9.81667	39.99
9.83333	39.99
9.85000	39.99
9.86667	39.99
9.88333	39.99
9.90000	39.99
9.91667	40.00
9.93333	40.00
9.95000	40.00
9.96667	40.00
9.98333	40.00
10.00000	40.00
10.01667	40.00
10.03333	40.00
10.05000	40.00
10.06667	40.00
10.08333	40.00
10.10000	40.00
10.11667	40.00
10.13333	39.99
10.15000	39.99
10.16667	39.99
10.18333	39.99
10.20000	39.99
10.21667	39.99
10.23333	39.99
10.25000	39.99
10.26667	39.99
10.28333	39.99
10.30000	39.99
10.31667	39.99
10.33333	39.99
10.35000	39.99
10.36667	39.99
10.38333	39.99
10.40000	39.99
10.41667	39.99
10.43333	39.99
10.45000	39.99
10.46667	39.99
10.48333	39.99
10.50000	39.99
10.51667	39.99
10.53333	39.99
10.55000	39.99
10.56667	39.99
10.58333	39.99
10.60000	39.99
10.61667	39.99
10.63333	39.99
10.65000	39.99
10.66667	39.99
10.68333	39.99
10.70000	39.99
10.71667	39.99
10.73333	39.99
10.75000	39.99
10.76667	39.99
10.78333	39.99
10.80000	39.99
10.81667	40.00
10.83333	40.00
10.85000	40.00
10.86667	40.00
10.88333	40.00
10.90000	40.00
10.91667	40.00
10.93333	40.00
10.95000	40.00
10.96667	40.00
10.98333	40.00
11.00000	39.99
11.01667	39.99
11.03333	39.99
11.05000	39.99
11.06667	39.99
11.08333	39.99
11.10000	39.99
11.11667	39.99
11.13333	39.99
11.15000	39.99
11.16667	39.99
11.18333	39.99
11.20000	39.99
11.21667	39.99
11.23333	39.99
11.25000	39.99
11.26667	39.99
11.28333	39.99
11.30000	39.99
11.31667	39.99
11.33333	39.99
11.35000	39.99
11.36667	39.99
11.38333	39.99
11.40000	39.99
11.41667	39.99
11.43333	39.99
11.45000	39.99
11.46667	39.99
11.48333	39.99
11.50000	39.99
11.51667	39.99
11.53333	39.99
11.55000	39.99
11.56667	39.99
11.58333	40.00
11.60000	40.00
11.61667	40.00
11.63333	40.00
11.65000	40.00
11.66667	40.00
11.68333	40.00
11.70000	40.00
11.71667	40.00
11.73333	40.00
11.75000	40.00
11.76667	40.00
11.78333	40.00
11.80000	39.99
11.81667	39.99
11.83333	39.99
11.85000	39.99
11.86667	39.99
11.88333	39.99
11.90000	39.99
11.91667	39.99
11.93333	39.99
11.95000	39.99
11.96667	39.99
11.98333	39.99
12.00000	39.99
12.01667	39.99
12.03333	39.99
12.05000	39.99
12.06667	39.99
12.08333	39.99
12.10000	39.99
12.11667	39.99
12.13333	39.99
12.15000	39.99
12.16667	39.99
12.18333	39.99
12.20000	39.99
12.21667	39.99
12.23333	39.99
12.25000	39.99
12.26667	39.99
12.28333	39.99
12.30000	39.99
12.31667	39.99
12.33333	39.99
12.35000	39.99
12.36667	39.99
12.38333	39.99
12.40000	39.99
12.41667	39.99
12.43333	39.99
12.45000	39.99
12.46667	39.99
12.48333	40.00
12.50000	40.00
12.51667	40.00
12.53333	40.00
12.55000	40.00
12.56667	40.00
12.58333	40.00
12.60000	40.00
12.61667	40.00
12.63333	40.00
12.65000	40.00
12.66667	39.99
12.68333	39.99
12.70000	39.99
12.71667	39.99
12.73333	39.99
12.75000	39.99
12.76667	39.99
12.78333	39.99
12.80000	39.99
12.81667	39.99
12.83333	39.99
12.85000	39.99
12.86667	39.99
12.88333	39.99
12.90000	39.99
12.91667	39.99
12.93333	39.99
12.95000	39.99
12.96667	40.00
12.98333	40.00
13.00000	40.00
13.01667	40.00
13.03333	40.00
13.05000	40.00
13.06667	40.00
13.08333	40.00
13.10000	40.00
13.11667	40.00
13.13333	40.00
13.15000	40.00
13.16667	40.00
13.18333	40.00
13.20000	40.00
13.21667	40.00
13.23333	40.00
13.25000	40.00
13.26667	40.00
13.28333	40.00
13.30000	40.00
13.31667	40.00
13.33333	40.00
13.35000	39.99
13.36667	39.99
13.38333	39.99
13.40000	39.99
13.41667	39.99
13.43333	39.99
13.45000	39.99
13.46667	39.99
13.48333	39.99
13.50000	39.99
13.51667	39.99
13.53333	39.99
13.55000	39.99
13.56667	39.99
13.58333	39.99
13.60000	39.99
13.61667	39.99
13.63333	39.99
13.65000	39.99
13.66667	39.99
13.68333	39.99
13.70000	39.99
13.71667	40.00
13.73333	40.00
13.75000	40.00
13.76667	40.00
13.78333	40.00
13.80000	40.00
13.81667	40.00
13.83333	40.00
13.85000	40.00
13.86667	40.00
13.88333	40.00
13.90000	40.00
13.91667	40.00
13.93333	40.00
13.95000	40.00
13.96667	40.00
13.98333	40.00
14.00000	40.00
14.01667	40.00
14.03333	40.00
14.05000	40.00
14.06667	40.00
14.08333	40.00
14.10000	40.00
14.11667	40.00
14.13333	40.00
14.15000	40.00
14.16667	40.00
14.18333	40.00
14.20000	40.00
14.21667	40.00
14.23333	40.00
14.25000	40.00
14.26667	39.99
14.28333	39.99
14.30000	39.99
14.31667	39.99
14.33333	39.99
14.35000	39.99
14.36667	39.99
14.38333	39.99
14.40000	39.99
14.41667	39.99
14.43333	40.00
14.45000	39.99
14.46667	40.00
14.48333	40.00
14.50000	40.00
14.51667	40.00
14.53333	40.00
14.55000	40.00
14.56667	40.00
14.58333	40.00
14.60000	40.00
14.61667	40.00
14.63333	40.00
14.65000	40.00
14.66667	40.00
14.68333	40.00
14.70000	40.00
14.71667	40.00
14.73333	40.00
14.75000	40.00
14.76667	40.00
14.78333	40.00
14.80000	40.00
14.81667	40.00
14.83333	40.00
14.85000	40.00
14.86667	40.00
14.88333	40.01
14.90000	40.01
14.91667	40.01
14.93333	40.01
14.95000	40.01
14.96667	40.01
14.98333	40.02
15.00000	40.02

[LC Status Trace(UV A-Ch1 Reference Energy)]
Interval(msec)	1000
# of Points	901
Start Time(min)	0.000
End Time(min)	15.000
Intensity Units	mV
Intensity Multiplier	1
R.Time (min)	Intensity
0.00000	511.50
0.01667	511.50
0.03333	511.50
0.05000	511.50
0.06667	511.50
0.08333	511.50
0.10000	511.50
0.11667	511.50
0.13333	511.50
0.15000	511.50
0.16667	511.50
0.18333	511.50
0.20000	511.50
0.21667	511.50
0.23333	511.50
0.25000	511.50
0.26667	511.50
0.28333	511.50
0.30000	511.50
0.31667	511.50
0.33333	511.50
0.35000	511.50
0.36667	511.50
0.38333	511.50
0.40000	511.50
0.41667	511.50
0.43333	511.50
0.45000	511.50
0.46667	511.50
0.48333	511.50
0.50000	511.50
0.51667	511.50
0.53333	511.50
0.55000	511.50
0.56667	511.50
0.58333	511.50
0.60000	511.50
0.61667	511.50
0.63333	511.50
0.65000	511.50
0.66667	511.50
0.68333	511.50
0.70000	511.50
0.71667	511.50
0.73333	511.50
0.75000	511.50
0.76667	511.50
0.78333	511.50
0.80000	511.50
0.81667	511.50
0.83333	511.50
0.85000	511.50
0.86667	511.50
0.88333	511.50
0.90000	511.50
0.91667	511.50
0.93333	511.50
0.95000	511.50
0.96667	511.50
0.98333	511.50
1.00000	511.50
1.01667	511.50
1.03333	511.50
1.05000	511.50
1.06667	511.50
1.08333	511.50
1.10000	511.50
1.11667	511.50
1.13333	511.50
1.15000	511.50
1.16667	511.50
1.18333	511.50
1.20000	511.50
1.21667	511.50
1.23333	511.50
1.25000	511.50
1.26667	511.50
1.28333	511.50
1.30000	511.50
1.31667	511.50
1.33333	511.50
1.35000	511.50
1.36667	511.50
1.38333	511.50
1.40000	511.50
1.41667	511.50
1.43333	511.50
1.45000	511.50
1.46667	511.50
1.48333	511.50
1.50000	511.50
1.51667	511.50
1.53333	511.50
1.55000	511.50
1.56667	511.50
1.58333	511.50
1.60000	511.50
1.61667	511.50
1.63333	511.50
1.65000	511.50
1.66667	511.50
1.68333	511.50
1.70000	511.50
1.71667	511.50
1.73333	511.50
1.75000	511.50
1.76667	511.50
1.78333	511.50
1.80000	511.50
1.81667	511.50
1.83333	511.50
1.85000	511.50
1.86667	511.50
1.88333	511.50
1.90000	511.50
1.91667	511.50
1.93333	511.50
1.95000	511.50
1.96667	511.50
1.98333	511.50
2.00000	511.50
2.01667	511.50
2.03333	511.50
2.05000	511.50
2.06667	511.50
2.08333	511.50
2.10000	511.50
2.11667	511.50
2.13333	511.50
2.15000	511.50
2.16667	511.50
2.18333	511.50
2.20000	511.50
2.21667	511.50
2.23333	511.50
2.25000	511.50
2.26667	511.50
2.28333	511.50
2.30000	511.50
2.31667	511.50
2.33333	511.50
2.35000	511.50
2.36667	511.50
2.38333	511.50
2.40000	511.50
2.41667	511.50
2.43333	511.50
2.45000	511.50
2.46667	511.50
2.48333	511.50
2.50000	511.50
2.51667	511.50
2.53333	511.50
2.55000	511.50
2.56667	511.50
2.58333	511.50
2.60000	511.50
2.61667	511.50
2.63333	511.50
2.65000	511.50
2.66667	511.50
2.68333	511.50
2.70000	511.50
2.71667	511.50
2.73333	511.50
2.75000	511.50
2.76667	511.50
2.78333	511.50
2.80000	511.50
2.81667	511.50
2.83333	511.50
2.85000	511.50
2.86667	511.50
2.88333	511.50
2.90000	511.50
2.91667	511.50
2.93333	511.50
2.95000	511.50
2.96667	511.50
2.98333	511.50
3.00000	511.50
3.01667	511.50
3.03333	511.50
3.05000	511.50
3.06667	511.50
3.08333	511.50
3.10000	511.50
3.11667	511.50
3.13333	511.50
3.15000	511.50
3.16667	511.50
3.18333	511.50
3.20000	511.50
3.21667	511.50
3.23333	511.50
3.25000	511.50
3.26667	511.50
3.28333	511.50
3.30000	511.50
3.31667	511.50
3.33333	511.50
3.35000	511.50
3.36667	511.50
3.38333	511.50
3.40000	511.50
3.41667	511.50
3.43333	511.50
3.45000	511.50
3.46667	511.50
3.48333	511.50
3.50000	511.50
3.51667	511.50
3.53333	511.50
3.55000	511.50
3.56667	511.50
3.58333	511.50
3.60000	511.50
3.61667	511.50
3.63333	511.50
3.65000	511.50
3.66667	511.50
3.68333	511.50
3.70000	511.50
3.71667	511.50
3.73333	511.50
3.75000	511.50
3.76667	511.50
3.78333	511.50
3.80000	511.50
3.81667	511.50
3.83333	511.50
3.85000	511.50
3.86667	511.50
3.88333	511.50
3.90000	511.50
3.91667	511.50
3.93333	511.50
3.95000	511.50
3.96667	511.50
3.98333	511.50
4.00000	511.50
4.01667	511.50
4.03333	511.50
4.05000	511.50
4.06667	511.50
4.08333	511.50
4.10000	511.50
4.11667	511.50
4.13333	511.50
4.15000	511.50
4.16667	511.50
4.18333	511.50
4.20000	511.50
4.21667	511.50
4.23333	511.50
4.25000	511.50
4.26667	511.50
4.28333	511.50
4.30000	511.50
4.31667	511.50
4.33333	511.50
4.35000	511.50
4.36667	511.50
4.38333	511.50
4.40000	511.50
4.41667	511.50
4.43333	511.50
4.45000	511.50
4.46667	511.50
4.48333	511.50
4.50000	511.50
4.51667	511.50
4.53333	511.50
4.55000	511.50
4.56667	511.50
4.58333	511.50
4.60000	511.50
4.61667	511.50
4.63333	511.50
4.65000	511.50
4.66667	511.50
4.68333	511.50
4.70000	511.50
4.71667	511.50
4.73333	511.50
4.75000	511.50
4.76667	511.50
4.78333	511.50
4.80000	511.50
4.81667	511.50
4.83333	511.50
4.85000	511.50
4.86667	511.50
4.88333	511.50
4.90000	511.50
4.91667	511.50
4.93333	511.50
4.95000	511.50
4.96667	511.50
4.98333	511.50
5.00000	511.50
5.01667	511.50
5.03333	511.50
5.05000	511.50
5.06667	511.50
5.08333	511.50
5.10000	511.50
5.11667	511.50
5.13333	511.50
5.15000	511.50
5.16667	511.50
5.18333	511.50
5.20000	511.50
5.21667	511.50
5.23333	511.50
5.25000	511.50
5.26667	511.50
5.28333	511.50
5.30000	511.50
5.31667	511.50
5.33333	511.50
5.35000	511.50
5.36667	511.50
5.38333	511.50
5.40000	511.50
5.41667	511.50
5.43333	511.50
5.45000	511.50
5.46667	511.50
5.48333	511.50
5.50000	511.50
5.51667	511.50
5.53333	511.50
5.55000	511.50
5.56667	511.50
5.58333	511.50
5.60000	511.50
5.61667	511.50
5.63333	511.50
5.65000	511.50
5.66667	511.50
5.68333	511.50
5.70000	511.50
5.71667	511.50
5.73333	511.50
5.75000	511.50
5.76667	511.50
5.78333	511.50
5.80000	511.50
5.81667	511.50
5.83333	511.50
5.85000	511.50
5.86667	511.50
5.88333	511.50
5.90000	511.50
5.91667	511.50
5.93333	511.50
5.95000	511.50
5.96667	511.50
5.98333	511.50
6.00000	511.50
6.01667	511.50
6.03333	511.50
6.05000	511.50
6.06667	511.50
6.08333	511.50
6.10000	511.50
6.11667	511.50
6.13333	511.50
6.15000	511.50
6.16667	511.50
6.18333	511.50
6.20000	511.50
6.21667	511.50
6.23333	511.50
6.25000	511.50
6.26667	511.50
6.28333	511.50
6.30000	511.50
6.31667	511.50
6.33333	511.50
6.35000	511.50
6.36667	511.50
6.38333	511.50
6.40000	511.50
6.41667	511.50
6.43333	511.50
6.45000	511.50
6.46667	511.50
6.48333	511.50
6.50000	511.50
6.51667	511.50
6.53333	511.50
6.55000	511.50
6.56667	511.50
6.58333	511.50
6.60000	511.50
6.61667	511.50
6.63333	511.50
6.65000	511.50
6.66667	511.50
6.68333	511.50
6.70000	511.50
6.71667	511.50
6.73333	511.50
6.75000	511.50
6.76667	511.50
6.78333	511.50
6.80000	511.50
6.81667	511.50
6.83333	511.50
6.85000	511.50
6.86667	511.50
6.88333	511.50
6.90000	511.50
6.91667	511.50
6.93333	511.50
6.95000	511.50
6.96667	511.50
6.98333	511.50
7.00000	511.50
7.01667	511.50
7.03333	511.50
7.05000	511.50
7.06667	511.50
7.08333	511.50
7.10000	511.50
7.11667	511.50
7.13333	511.50
7.15000	511.50
7.16667	511.50
7.18333	511.50
7.20000	511.50
7.21667	511.50
7.23333	511.50
7.25000	511.50
7.26667	511.50
7.28333	511.50
7.30000	511.50
7.31667	511.50
7.33333	511.50
7.35000	511.50
7.36667	511.50
7.38333	511.50
7.40000	511.50
7.41667	511.50
7.43333	511.50
7.45000	511.50
7.46667	511.50
7.48333	511.50
7.50000	511.50
7.51667	511.50
7.53333	511.50
7.55000	511.50
7.56667	511.50
7.58333	511.50
7.60000	511.50
7.61667	511.50
7.63333	511.50
7.65000	511.50
7.66667	511.50
7.68333	511.50
7.70000	511.50
7.71667	511.50
7.73333	511.50
7.75000	511.50
7.76667	511.50
7.78333	511.50
7.80000	511.50
7.81667	511.50
7.83333	511.50
7.85000	511.50
7.86667	511.50
7.88333	511.50
7.90000	511.50
7.91667	511.50
7.93333	511.50
7.95000	511.50
7.96667	511.50
7.98333	511.50
8.00000	511.50
8.01667	511.50
8.03333	511.50
8.05000	511.50
8.06667	511.50
8.08333	511.50
8.10000	511.50
8.11667	511.50
8.13333	511.50
8.15000	511.50
8.16667	511.50
8.18333	511.50
8.20000	511.50
8.21667	511.50
8.23333	511.50
8.25000	511.50
8.26667	511.50
8.28333	511.50
8.30000	511.50
8.31667	511.50
8.33333	511.50
8.35000	511.50
8.36667	511.50
8.38333	511.50
8.40000	511.50
8.41667	511.50
8.43333	511.50
8.45000	511.50
8.46667	511.50
8.48333	511.50
8.50000	511.50
8.51667	511.50
8.53333	511.50
8.55000	511.50
8.56667	511.50
8.58333	511.50
8.60000	511.50
8.61667	511.50
8.63333	511.50
8.65000	511.50
8.66667	511.50
8.68333	511.50
8.70000	511.50
8.71667	511.50
8.73333	511.50
8.75000	511.50
8.76667	511.50
8.78333	511.50
8.80000	511.50
8.81667	511.50
8.83333	511.50
8.85000	511.50
8.86667	511.50
8.88333	511.50
8.90000	511.50
8.91667	511.50
8.93333	511.50
8.95000	511.50
8.96667	511.50
8.98333	511.50
9.00000	511.50
9.01667	511.50
9.03333	511.50
9.05000	511.50
9.06667	511.50
9.08333	511.50
9.10000	511.50
9.11667	511.50
9.13333	511.50
9.15000	511.50
9.16667	511.50
9.18333	511.50
9.20000	511.50
9.21667	511.50
9.23333	511.50
9.25000	511.50
9.26667	511.50
9.28333	511.50
9.30000	511.50
9.31667	511.50
9.33333	511.50
9.35000	511.50
9.36667	511.50
9.38333	511.50
9.40000	511.50
9.41667	511.50
9.43333	511.50
9.45000	511.50
9.46667	511.50
9.48333	511.50
9.50000	511.50
9.51667	511.50
9.53333	511.50
9.55000	511.50
9.56667	511.50
9.58333	511.50
9.60000	511.50
9.61667	511.50
9.63333	511.50
9.65000	511.50
9.66667	511.50
9.68333	511.50
9.70000	511.50
9.71667	511.50
9.73333	511.50
9.75000	511.50
9.76667	511.50
9.78333	511.50
9.80000	511.50
9.81667	511.50
9.83333	511.50
9.85000	511.50
9.86667	511.50
9.88333	511.50
9.90000	511.50
9.91667	511.50
9.93333	511.50
9.95000	511.50
9.96667	511.50
9.98333	511.50
10.00000	511.50
10.01667	511.50
10.03333	511.50
10.05000	511.50
10.06667	511.50
10.08333	511.50
10.10000	511.50
10.11667	511.50
10.13333	511.50
10.15000	511.50
10.16667	511.50
10.18333	511.50
10.20000	511.50
10.21667	511.50
10.23333	511.50
10.25000	511.50
10.26667	511.50
10.28333	511.50
10.30000	511.50
10.31667	511.50
10.33333	511.50
10.35000	511.50
10.36667	511.50
10.38333	511.50
10.40000	511.50
10.41667	511.50
10.43333	511.50
10.45000	511.50
10.46667	511.50
10.48333	511.50
10.50000	511.50
10.51667	511.50
10.53333	511.50
10.55000	511.50
10.56667	511.50
10.58333	511.50
10.60000	511.50
10.61667	511.50
10.63333	511.50
10.65000	511.50
10.66667	511.50
10.68333	511.50
10.70000	511.50
10.71667	511.50
10.73333	511.50
10.75000	511.50
10.76667	511.50
10.78333	511.50
10.80000	511.50
10.81667	511.50
10.83333	511.50
10.85000	511.50
10.86667	511.50
10.88333	511.50
10.90000	511.50
10.91667	511.50
10.93333	511.50
10.95000	511.50
10.96667	511.50
10.98333	511.50
11.00000	511.50
11.01667	511.50
11.03333	511.50
11.05000	511.50
11.06667	511.50
11.08333	511.50
11.10000	511.50
11.11667	511.50
11.13333	511.50
11.15000	511.50
11.16667	511.50
11.18333	511.50
11.20000	511.50
11.21667	511.50
11.23333	511.50
11.25000	511.50
11.26667	511.50
11.28333	511.50
11.30000	511.50
11.31667	511.50
11.33333	511.50
11.35000	511.50
11.36667	511.50
11.38333	511.50
11.40000	511.50
11.41667	511.50
11.43333	511.50
11.45000	511.50
11.46667	511.50
11.48333	511.50
11.50000	511.50
11.51667	511.50
11.53333	511.50
11.55000	511.50
11.56667	511.50
11.58333	511.50
11.60000	511.50
11.61667	511.50
11.63333	511.50
11.65000	511.50
11.66667	511.50
11.68333	511.50
11.70000	511.50
11.71667	511.50
11.73333	511.50
11.75000	511.50
11.76667	511.50
11.78333	511.50
11.80000	511.50
11.81667	511.50
11.83333	511.50
11.85000	511.50
11.86667	511.50
11.88333	511.50
11.90000	511.50
11.91667	511.50
11.93333	511.50
11.95000	511.50
11.96667	511.50
11.98333	511.50
12.00000	511.50
12.01667	511.50
12.03333	511.50
12.05000	511.50
12.06667	511.50
12.08333	511.50
12.10000	511.50
12.11667	511.50
12.13333	511.50
12.15000	511.50
12.16667	511.50
12.18333	511.50
12.20000	511.50
12.21667	511.50
12.23333	511.50
12.25000	511.50
12.26667	511.50
12.28333	511.50
12.30000	511.50
12.31667	511.50
12.33333	511.50
12.35000	511.50
12.36667	511.50
12.38333	511.50
12.40000	511.50
12.41667	511.50
12.43333	511.50
12.45000	511.50
12.46667	511.50
12.48333	511.50
12.50000	511.50
12.51667	511.50
12.53333	511.50
12.55000	511.50
12.56667	511.50
12.58333	511.50
12.60000	511.50
12.61667	511.50
12.63333	511.50
12.65000	511.50
12.66667	511.50
12.68333	511.50
12.70000	511.50
12.71667	511.50
12.73333	511.50
12.75000	511.50
12.76667	511.50
12.78333	511.50
12.80000	511.50
12.81667	511.50
12.83333	511.50
12.85000	511.50
12.86667	511.50
12.88333	511.50
12.90000	511.50
12.91667	511.50
12.93333	511.50
12.95000	511.50
12.96667	511.50
12.98333	511.50
13.00000	511.50
13.01667	511.50
13.03333	511.50
13.05000	511.50
13.06667	511.50
13.08333	511.50
13.10000	511.50
13.11667	511.50
13.13333	511.50
13.15000	511.50
13.16667	511.50
13.18333	511.50
13.20000	511.50
13.21667	511.50
13.23333	511.50
13.25000	511.50
13.26667	511.50
13.28333	511.50
13.30000	511.50
13.31667	511.50
13.33333	511.50
13.35000	511.50
13.36667	511.50
13.38333	511.50
13.40000	511.50
13.41667	511.50
13.43333	511.50
13.45000	511.50
13.46667	511.50
13.48333	511.50
13.50000	511.50
13.51667	511.50
13.53333	511.50
13.55000	511.50
13.56667	511.50
13.58333	511.50
13.60000	511.50
13.61667	511.50
13.63333	511.50
13.65000	511.50
13.66667	511.50
13.68333	511.50
13.70000	511.50
13.71667	511.50
13.73333	511.50
13.75000	511.50
13.76667	511.50
13.78333	511.50
13.80000	511.50
13.81667	511.50
13.83333	511.50
13.85000	511.50
13.86667	511.50
13.88333	511.50
13.90000	511.50
13.91667	511.50
13.93333	511.50
13.95000	511.50
13.96667	511.50
13.98333	511.50
14.00000	511.50
14.01667	511.50
14.03333	511.50
14.05000	511.50
14.06667	511.50
14.08333	511.50
14.10000	511.50
14.11667	511.50
14.13333	511.50
14.15000	511.50
14.16667	511.50
14.18333	511.50
14.20000	511.50
14.21667	511.50
14.23333	511.50
14.25000	511.50
14.26667	511.50
14.28333	511.50
14.30000	511.50
14.31667	511.50
14.33333	511.50
14.35000	511.50
14.36667	511.50
14.38333	511.50
14.40000	511.50
14.41667	511.50
14.43333	511.50
14.45000	511.50
14.46667	511.50
14.48333	511.50
14.50000	511.50
14.51667	511.50
14.53333	511.50
14.55000	511.50
14.56667	511.50
14.58333	511.50
14.60000	511.50
14.61667	511.50
14.63333	511.50
14.65000	511.50
14.66667	511.50
14.68333	511.50
14.70000	511.50
14.71667	511.50
14.73333	511.50
14.75000	511.50
14.76667	511.50
14.78333	511.50
14.80000	511.50
14.81667	511.50
14.83333	511.50
14.85000	511.50
14.86667	511.50
14.88333	511.50
14.90000	511.50
14.91667	511.50
14.93333	511.50
14.95000	511.50
14.96667	511.50
14.98333	511.50
15.00000	511.50

[LC Status Trace(UV A-Ch2 Reference Energy)]
Interval(msec)	1000
# of Points	901
Start Time(min)	0.000
End Time(min)	15.000
Intensity Units	mV
Intensity Multiplier	1
R.Time (min)	Intensity
0.00000	223.90
0.01667	223.90
0.03333	223.90
0.05000	223.90
0.06667	223.90
0.08333	223.90
0.10000	223.90
0.11667	223.90
0.13333	223.90
0.15000	223.90
0.16667	223.90
0.18333	223.90
0.20000	223.90
0.21667	223.90
0.23333	223.90
0.25000	223.80
0.26667	223.80
0.28333	223.90
0.30000	223.90
0.31667	223.90
0.33333	223.90
0.35000	223.80
0.36667	223.80
0.38333	223.90
0.40000	223.90
0.41667	223.90
0.43333	223.90
0.45000	223.90
0.46667	223.90
0.48333	223.90
0.50000	223.90
0.51667	223.90
0.53333	223.90
0.55000	223.90
0.56667	223.90
0.58333	223.90
0.60000	223.90
0.61667	223.90
0.63333	223.90
0.65000	223.90
0.66667	223.90
0.68333	223.90
0.70000	223.90
0.71667	223.90
0.73333	223.90
0.75000	223.90
0.76667	223.90
0.78333	223.90
0.80000	223.90
0.81667	223.90
0.83333	223.90
0.85000	223.90
0.86667	223.90
0.88333	223.90
0.90000	223.90
0.91667	223.90
0.93333	223.90
0.95000	223.90
0.96667	223.90
0.98333	223.90
1.00000	223.90
1.01667	223.90
1.03333	223.90
1.05000	223.90
1.06667	223.90
1.08333	223.90
1.10000	223.90
1.11667	223.90
1.13333	223.90
1.15000	223.90
1.16667	223.90
1.18333	223.90
1.20000	223.90
1.21667	223.90
1.23333	223.90
1.25000	223.90
1.26667	223.90
1.28333	223.90
1.30000	223.90
1.31667	223.90
1.33333	223.90
1.35000	223.90
1.36667	223.90
1.38333	223.90
1.40000	223.90
1.41667	223.90
1.43333	223.90
1.45000	223.90
1.46667	223.90
1.48333	223.90
1.50000	223.90
1.51667	223.90
1.53333	223.90
1.55000	223.90
1.56667	223.90
1.58333	223.90
1.60000	223.90
1.61667	223.90
1.63333	223.90
1.65000	223.90
1.66667	223.90
1.68333	223.90
1.70000	223.90
1.71667	223.90
1.73333	223.90
1.75000	223.90
1.76667	223.90
1.78333	223.90
1.80000	223.90
1.81667	223.90
1.83333	223.90
1.85000	223.90
1.86667	223.90
1.88333	223.90
1.90000	223.90
1.91667	223.90
1.93333	223.90
1.95000	223.90
1.96667	223.90
1.98333	223.90
2.00000	223.90
2.01667	223.90
2.03333	223.90
2.05000	223.90
2.06667	223.90
2.08333	223.90
2.10000	223.90
2.11667	223.90
2.13333	223.90
2.15000	223.90
2.16667	223.90
2.18333	223.90
2.20000	223.90
2.21667	223.90
2.23333	223.90
2.25000	223.90
2.26667	223.90
2.28333	223.90
2.30000	223.90
2.31667	223.90
2.33333	223.90
2.35000	223.90
2.36667	223.90
2.38333	223.90
2.40000	223.90
2.41667	223.90
2.43333	223.90
2.45000	223.90
2.46667	223.90
2.48333	223.90
2.50000	223.90
2.51667	223.90
2.53333	223.90
2.55000	223.90
2.56667	223.90
2.58333	223.90
2.60000	223.90
2.61667	223.90
2.63333	223.90
2.65000	223.90
2.66667	223.90
2.68333	223.90
2.70000	223.90
2.71667	223.90
2.73333	223.90
2.75000	223.90
2.76667	223.90
2.78333	223.90
2.80000	223.90
2.81667	223.90
2.83333	223.90
2.85000	223.90
2.86667	223.90
2.88333	223.90
2.90000	223.90
2.91667	223.90
2.93333	223.90
2.95000	223.90
2.96667	223.90
2.98333	223.90
3.00000	223.90
3.01667	223.90
3.03333	223.90
3.05000	223.90
3.06667	223.90
3.08333	223.90
3.10000	223.90
3.11667	223.90
3.13333	223.90
3.15000	223.90
3.16667	223.90
3.18333	223.90
3.20000	223.90
3.21667	223.90
3.23333	223.90
3.25000	223.90
3.26667	223.90
3.28333	223.90
3.30000	223.90
3.31667	223.90
3.33333	223.90
3.35000	223.90
3.36667	223.90
3.38333	223.90
3.40000	223.90
3.41667	223.90
3.43333	223.90
3.45000	223.90
3.46667	223.90
3.48333	223.90
3.50000	223.90
3.51667	223.90
3.53333	223.90
3.55000	223.90
3.56667	223.90
3.58333	223.90
3.60000	223.90
3.61667	223.90
3.63333	223.90
3.65000	223.90
3.66667	223.90
3.68333	223.90
3.70000	223.90
3.71667	223.90
3.73333	223.90
3.75000	223.90
3.76667	223.90
3.78333	223.90
3.80000	223.90
3.81667	223.90
3.83333	223.90
3.85000	223.90
3.86667	223.90
3.88333	223.90
3.90000	223.90
3.91667	223.90
3.93333	223.90
3.95000	223.90
3.96667	223.90
3.98333	223.90
4.00000	223.90
4.01667	223.90
4.03333	223.90
4.05000	223.90
4.06667	223.90
4.08333	223.90
4.10000	223.90
4.11667	223.90
4.13333	223.90
4.15000	223.90
4.16667	223.90
4.18333	223.90
4.20000	223.90
4.21667	223.90
4.23333	223.90
4.25000	223.90
4.26667	223.90
4.28333	223.90
4.30000	223.90
4.31667	223.90
4.33333	223.90
4.35000	223.90
4.36667	223.90
4.38333	223.90
4.40000	223.90
4.41667	223.90
4.43333	223.90
4.45000	223.90
4.46667	223.90
4.48333	223.90
4.50000	223.90
4.51667	223.90
4.53333	223.90
4.55000	223.90
4.56667	223.90
4.58333	223.90
4.60000	223.90
4.61667	223.90
4.63333	223.90
4.65000	223.90
4.66667	223.90
4.68333	223.90
4.70000	223.90
4.71667	223.90
4.73333	223.90
4.75000	223.90
4.76667	223.90
4.78333	223.90
4.80000	223.90
4.81667	223.90
4.83333	223.90
4.85000	223.90
4.86667	223.90
4.88333	223.90
4.90000	223.90
4.91667	223.90
4.93333	223.90
4.95000	223.90
4.96667	223.90
4.98333	223.90
5.00000	223.90
5.01667	223.90
5.03333	223.90
5.05000	223.90
5.06667	223.90
5.08333	223.90
5.10000	223.90
5.11667	223.90
5.13333	223.90
5.15000	223.90
5.16667	223.90
5.18333	223.90
5.20000	223.90
5.21667	223.90
5.23333	223.90
5.25000	223.90
5.26667	223.90
5.28333	223.90
5.30000	223.90
5.31667	223.90
5.33333	223.90
5.35000	223.90
5.36667	223.90
5.38333	223.90
5.40000	223.90
5.41667	223.90
5.43333	223.90
5.45000	223.90
5.46667	223.90
5.48333	223.90
5.50000	223.90
5.51667	223.90
5.53333	223.90
5.55000	223.90
5.56667	223.90
5.58333	223.90
5.60000	223.90
5.61667	223.90
5.63333	223.90
5.65000	223.90
5.66667	223.90
5.68333	223.90
5.70000	223.90
5.71667	223.90
5.73333	223.90
5.75000	223.90
5.76667	223.90
5.78333	223.90
5.80000	223.90
5.81667	223.90
5.83333	223.90
5.85000	223.90
5.86667	223.90
5.88333	223.90
5.90000	223.90
5.91667	223.90
5.93333	223.90
5.95000	223.90
5.96667	223.90
5.98333	223.90
6.00000	223.90
6.01667	223.90
6.03333	223.90
6.05000	223.90
6.06667	223.90
6.08333	223.90
6.10000	223.90
6.11667	223.90
6.13333	223.90
6.15000	223.90
6.16667	223.90
6.18333	223.90
6.20000	223.90
6.21667	223.90
6.23333	223.90
6.25000	223.90
6.26667	223.90
6.28333	223.90
6.30000	223.90
6.31667	223.90
6.33333	223.90
6.35000	223.90
6.36667	223.90
6.38333	223.90
6.40000	223.90
6.41667	223.90
6.43333	223.90
6.45000	223.90
6.46667	223.90
6.48333	223.90
6.50000	223.90
6.51667	223.90
6.53333	223.90
6.55000	223.90
6.56667	223.90
6.58333	223.90
6.60000	223.90
6.61667	223.90
6.63333	223.90
6.65000	223.90
6.66667	223.90
6.68333	223.90
6.70000	223.90
6.71667	223.90
6.73333	223.90
6.75000	223.90
6.76667	223.90
6.78333	223.90
6.80000	223.90
6.81667	223.90
6.83333	223.90
6.85000	223.90
6.86667	223.90
6.88333	223.90
6.90000	223.90
6.91667	223.90
6.93333	223.90
6.95000	223.90
6.96667	223.90
6.98333	223.90
7.00000	223.90
7.01667	223.90
7.03333	223.90
7.05000	223.90
7.06667	223.90
7.08333	223.90
7.10000	223.90
7.11667	223.90
7.13333	223.90
7.15000	223.90
7.16667	223.90
7.18333	223.90
7.20000	223.90
7.21667	223.90
7.23333	223.90
7.25000	223.90
7.26667	223.90
7.28333	223.90
7.30000	223.90
7.31667	223.90
7.33333	223.90
7.35000	223.90
7.36667	223.90
7.38333	223.90
7.40000	223.90
7.41667	223.90
7.43333	223.90
7.45000	223.90
7.46667	223.90
7.48333	223.90
7.50000	223.90
7.51667	223.90
7.53333	223.90
7.55000	223.90
7.56667	223.90
7.58333	223.90
7.60000	223.90
7.61667	223.90
7.63333	223.90
7.65000	223.90
7.66667	223.90
7.68333	223.90
7.70000	223.90
7.71667	223.90
7.73333	223.90
7.75000	223.90
7.76667	223.90
7.78333	223.90
7.80000	223.90
7.81667	223.90
7.83333	223.90
7.85000	223.90
7.86667	223.90
7.88333	223.90
7.90000	223.90
7.91667	223.90
7.93333	223.90
7.95000	223.90
7.96667	223.90
7.98333	223.90
8.00000	223.90
8.01667	223.90
8.03333	223.90
8.05000	223.90
8.06667	223.90
8.08333	223.90
8.10000	223.90
8.11667	223.90
8.13333	223.90
8.15000	223.90
8.16667	223.90
8.18333	223.90
8.20000	223.90
8.21667	223.90
8.23333	223.90
8.25000	223.90
8.26667	223.90
8.28333	223.90
8.30000	223.90
8.31667	223.90
8.33333	223.90
8.35000	223.90
8.36667	223.90
8.38333	223.90
8.40000	223.90
8.41667	223.90
8.43333	223.90
8.45000	223.90
8.46667	223.90
8.48333	223.90
8.50000	223.90
8.51667	223.90
8.53333	223.90
8.55000	223.90
8.56667	223.90
8.58333	223.90
8.60000	223.90
8.61667	223.90
8.63333	223.90
8.65000	223.90
8.66667	223.90
8.68333	223.90
8.70000	223.90
8.71667	223.90
8.73333	223.90
8.75000	223.90
8.76667	223.90
8.78333	223.90
8.80000	223.90
8.81667	223.90
8.83333	223.90
8.85000	223.90
8.86667	223.90
8.88333	223.90
8.90000	223.90
8.91667	223.90
8.93333	223.90
8.95000	223.90
8.96667	223.90
8.98333	223.90
9.00000	223.90
9.01667	223.90
9.03333	223.90
9.05000	223.90
9.06667	223.90
9.08333	223.90
9.10000	223.90
9.11667	223.90
9.13333	223.90
9.15000	223.90
9.16667	223.90
9.18333	223.90
9.20000	223.90
9.21667	223.90
9.23333	223.90
9.25000	223.90
9.26667	223.90
9.28333	223.90
9.30000	223.90
9.31667	223.90
9.33333	223.90
9.35000	223.90
9.36667	223.90
9.38333	223.90
9.40000	223.90
9.41667	223.90
9.43333	223.90
9.45000	223.90
9.46667	223.90
9.48333	223.90
9.50000	223.90
9.51667	223.90
9.53333	223.90
9.55000	223.90
9.56667	223.90
9.58333	223.90
9.60000	223.90
9.61667	223.90
9.63333	223.90
9.65000	223.90
9.66667	223.90
9.68333	223.90
9.70000	223.90
9.71667	223.90
9.73333	223.90
9.75000	223.90
9.76667	223.90
9.78333	223.90
9.80000	223.90
9.81667	223.90
9.83333	223.90
9.85000	223.90
9.86667	223.90
9.88333	223.90
9.90000	223.90
9.91667	223.90
9.93333	223.90
9.95000	223.90
9.96667	223.90
9.98333	223.90
10.00000	223.90
10.01667	223.90
10.03333	223.90
10.05000	223.90
10.06667	223.90
10.08333	223.90
10.10000	223.90
10.11667	223.90
10.13333	223.90
10.15000	223.90
10.16667	223.90
10.18333	223.90
10.20000	223.90
10.21667	223.90
10.23333	223.90
10.25000	223.90
10.26667	223.90
10.28333	223.90
10.30000	223.90
10.31667	223.90
10.33333	223.90
10.35000	223.90
10.36667	223.90
10.38333	223.90
10.40000	223.90
10.41667	223.90
10.43333	223.90
10.45000	223.90
10.46667	223.90
10.48333	223.90
10.50000	223.90
10.51667	223.90
10.53333	223.90
10.55000	223.90
10.56667	223.90
10.58333	223.90
10.60000	223.90
10.61667	223.90
10.63333	223.90
10.65000	223.90
10.66667	223.90
10.68333	223.90
10.70000	223.90
10.71667	223.90
10.73333	223.90
10.75000	223.90
10.76667	223.90
10.78333	223.90
10.80000	223.90
10.81667	223.90
10.83333	223.90
10.85000	223.90
10.86667	223.90
10.88333	223.90
10.90000	223.90
10.91667	223.90
10.93333	223.90
10.95000	223.90
10.96667	223.90
10.98333	223.90
11.00000	223.90
11.01667	223.90
11.03333	223.90
11.05000	223.90
11.06667	223.90
11.08333	223.90
11.10000	223.90
11.11667	223.90
11.13333	223.90
11.15000	223.90
11.16667	223.90
11.18333	223.90
11.20000	223.90
11.21667	223.90
11.23333	223.90
11.25000	223.90
11.26667	223.90
11.28333	223.90
11.30000	223.90
11.31667	223.90
11.33333	223.90
11.35000	223.90
11.36667	223.90
11.38333	223.90
11.40000	223.90
11.41667	223.90
11.43333	223.90
11.45000	223.90
11.46667	223.90
11.48333	223.90
11.50000	223.90
11.51667	223.90
11.53333	223.90
11.55000	223.90
11.56667	223.90
11.58333	223.90
11.60000	223.90
11.61667	223.90
11.63333	223.90
11.65000	223.90
11.66667	223.90
11.68333	223.90
11.70000	223.90
11.71667	223.90
11.73333	223.90
11.75000	223.90
11.76667	223.90
11.78333	223.90
11.80000	223.90
11.81667	223.90
11.83333	223.90
11.85000	223.90
11.86667	223.90
11.88333	223.90
11.90000	223.90
11.91667	223.90
11.93333	223.90
11.95000	223.90
11.96667	223.90
11.98333	223.90
12.00000	223.90
12.01667	223.90
12.03333	223.90
12.05000	223.90
12.06667	223.90
12.08333	223.90
12.10000	223.90
12.11667	223.90
12.13333	223.90
12.15000	223.90
12.16667	223.90
12.18333	223.90
12.20000	223.90
12.21667	223.90
12.23333	223.90
12.25000	223.90
12.26667	223.90
12.28333	223.90
12.30000	223.90
12.31667	223.90
12.33333	223.90
12.35000	223.90
12.36667	223.90
12.38333	223.90
12.40000	223.90
12.41667	223.90
12.43333	223.90
12.45000	223.90
12.46667	223.90
12.48333	223.90
12.50000	223.90
12.51667	223.90
12.53333	223.90
12.55000	223.90
12.56667	223.90
12.58333	223.90
12.60000	223.90
12.61667	223.90
12.63333	223.90
12.65000	223.90
12.66667	223.90
12.68333	223.90
12.70000	223.90
12.71667	223.90
12.73333	223.90
12.75000	223.90
12.76667	223.90
12.78333	223.90
12.80000	223.90
12.81667	223.90
12.83333	223.90
12.85000	223.90
12.86667	223.90
12.88333	223.90
12.90000	223.90
12.91667	223.90
12.93333	223.90
12.95000	223.90
12.96667	223.90
12.98333	223.90
13.00000	223.90
13.01667	223.90
13.03333	223.90
13.05000	223.90
13.06667	223.90
13.08333	223.90
13.10000	223.90
13.11667	223.90
13.13333	223.90
13.15000	223.90
13.16667	223.90
13.18333	223.90
13.20000	223.90
13.21667	223.90
13.23333	223.90
13.25000	223.90
13.26667	223.90
13.28333	223.90
13.30000	223.90
13.31667	223.90
13.33333	223.90
13.35000	223.90
13.36667	223.90
13.38333	223.90
13.40000	223.90
13.41667	223.90
13.43333	223.90
13.45000	223.90
13.46667	223.90
13.48333	223.90
13.50000	223.90
13.51667	223.90
13.53333	223.90
13.55000	223.90
13.56667	223.90
13.58333	223.90
13.60000	223.90
13.61667	223.90
13.63333	223.90
13.65000	223.90
13.66667	223.90
13.68333	223.90
13.70000	223.90
13.71667	223.90
13.73333	223.90
13.75000	223.90
13.76667	223.90
13.78333	223.90
13.80000	223.90
13.81667	223.90
13.83333	223.90
13.85000	223.90
13.86667	223.90
13.88333	223.90
13.90000	223.90
13.91667	223.90
13.93333	223.90
13.95000	223.90
13.96667	223.90
13.98333	223.90
14.00000	223.90
14.01667	223.90
14.03333	223.90
14.05000	223.90
14.06667	223.90
14.08333	223.90
14.10000	223.90
14.11667	223.90
14.13333	223.90
14.15000	223.90
14.16667	223.90
14.18333	223.90
14.20000	223.90
14.21667	223.90
14.23333	223.90
14.25000	223.90
14.26667	223.90
14.28333	223.90
14.30000	223.90
14.31667	223.90
14.33333	223.90
14.35000	223.90
14.36667	223.90
14.38333	223.90
14.40000	223.90
14.41667	223.90
14.43333	223.90
14.45000	223.90
14.46667	223.90
14.48333	223.90
14.50000	223.90
14.51667	223.90
14.53333	223.90
14.55000	223.90
14.56667	223.90
14.58333	223.90
14.60000	223.90
14.61667	223.90
14.63333	223.90
14.65000	223.90
14.66667	223.90
14.68333	223.90
14.70000	223.90
14.71667	223.90
14.73333	223.90
14.75000	223.90
14.76667	223.90
14.78333	223.90
14.80000	223.90
14.81667	223.90
14.83333	223.90
14.85000	223.90
14.86667	223.90
14.88333	223.90
14.90000	223.90
14.91667	223.90
14.93333	223.90
14.95000	223.90
14.96667	223.90
14.98333	223.90
15.00000	223.90

[Fraction Collection Report]
# of Fractions	0
