[Header]
Application Name	LabSolutions
Version	5.113
Data File Name	C:\LabSolutions\Data\Andreas\250414_tauJB6Solubility150mMNaClpH7p4_4142025_1808_7uMtau_700nMJB6_18h_002_04.lcd
Output Date	5/26/2025
Output Time	4:41:42 PM

[File Information]
Type	Data File
Generated	4/15/2025 8:51:29 AM
Generated by	System Administrator
Modified	4/15/2025 6:33:27 PM
Modified by	System Administrator

[Sample Information]
Operator Name	System Administrator
Acquired	4/15/2025 8:52:09 AM
Sample Type	0:Unknown
Level	0
Sample Name	7uMtau_700nMJB6_18h
Sample ID	002
ISTD Amount1	1
ISTD Amount2	1
ISTD Amount3	1
ISTD Amount4	1
ISTD Amount5	1
ISTD Amount6	1
ISTD Amount7	1
ISTD Amount8	1
ISTD Amount9	1
ISTD Amount10	1
ISTD Amount11	1
ISTD Amount12	1
ISTD Amount13	1
ISTD Amount14	1
ISTD Amount15	1
ISTD Amount16	1
ISTD Amount17	1
ISTD Amount18	1
ISTD Amount19	1
ISTD Amount20	1
ISTD Amount21	1
ISTD Amount22	1
ISTD Amount23	1
ISTD Amount24	1
ISTD Amount25	1
ISTD Amount26	1
ISTD Amount27	1
ISTD Amount28	1
ISTD Amount29	1
ISTD Amount30	1
ISTD Amount31	1
ISTD Amount32	1
Sample Amount	1
Dilution Factor	1
Vial#	E7
Injection Volume	40
Injection Count	0
Bar Code	

[Original Files]
Data File	C:\LabSolutions\Data\Andreas\250414_tauJB6Solubility150mMNaClpH7p4_4142025_1808_7uMtau_700nMJB6_18h_002_04.lcd
Method File	C:\LabSolutions\Data\Andreas\BioShell_Tau-fragment_MS_QC+Quant.lcm
Batch File	C:\LabSolutions\Data\Andreas\250414_tauJB6Solubility150mMNaClpH7p4_4142025_1808.lcb
Report Format File	C:\LabSolutions\System\DEFAULT.lsr
Tuning File	C:\LabSolutions\Data\Max\Tuning 240115 no mz or resolution-max.lct

[File Description]


[Configuration]
Instrument Name	LCMSShimadzu
Instrument #	2
Line #	1
# of Detectors	2
Detector ID	Detector A	MS
Detector Name	Detector A	MS
# of Channels	2	1

[Peak Table(Detector A-Ch1)]
# of Peaks	18
Peak#	R.Time	I.Time	F.Time	Area	Height	A/H	Conc.	Mark	ID#	Name	k'	Plate #	Plate Ht.	Tailing	Resolution	Sep.Factor	Area Ratio	Height Ratio	Conc. %	Norm Conc.
1	0.527	0.500	0.718	2921	558	5.232	0.000	   			0.000	309	484.810	2.585	0.000	0.000	0	0	0.000	0.000
2	2.988	2.958	3.028	4202	2587	1.625	0.000	   			4.674	69628	2.154	1.145	29.826	0.000	0	0	0.000	0.000
3	3.282	3.247	3.283	7341	7342	1.000	0.000	   			5.231	503	298.035	0.000	0.931	1.119	0	0	0.000	0.000
4	3.312	3.283	3.350	52388	24007	2.182	0.000	 V 			5.288	47993	3.125	0.000	0.093	1.011	0	0	0.000	0.000
5	3.375	3.350	3.375	10009	10207	0.981	0.000	 V 			5.408	0	0.000	0.000	0.000	1.023	0	0	0.000	0.000
6	3.395	3.375	3.438	36299	16788	2.162	0.000	 V 			5.446	37210	4.031	0.000	0.000	1.007	0	0	0.000	0.000
7	3.480	3.438	3.480	19405	14544	1.334	0.000	 V 			5.608	0	0.000	0.000	0.000	1.030	0	0	0.000	0.000
8	3.523	3.480	3.533	274026	153641	1.784	0.000	 V 			5.690	10493	14.295	0.000	0.000	1.015	0	0	0.000	0.000
9	3.568	3.533	4.052	4987081	1704760	2.925	161.626	SV 	1	tau_205	5.775	38795	3.866	0.000	0.428	1.015	0	0	41.162	100.000
10	3.695	3.682	3.712	687	676	1.016	0.000	T  			6.016	263064	0.570	1.063	2.501	1.042	0	0	0.000	0.000
11	3.802	3.777	3.862	3536	1674	2.112	0.000	T  			6.218	118902	1.262	1.830	2.926	1.034	0	0	0.000	0.000
12	3.910	3.865	3.955	12289	7394	1.662	0.000	T  			6.424	121967	1.230	1.123	2.438	1.033	0	0	0.000	0.000
13	4.313	4.278	4.372	3344	1702	1.965	0.000	   			7.190	120756	1.242	0.000	8.542	1.119	0	0	0.000	0.000
14	4.413	4.372	4.478	6371	3123	2.040	0.000	 V 			7.380	113067	1.327	1.190	1.958	1.026	0	0	0.000	0.000
15	4.988	4.772	5.070	1084332	426137	2.545	0.000	   			8.472	96546	1.554	1.242	9.853	1.148	0	0	0.000	0.000
16	5.105	5.070	5.128	58055	24030	2.416	0.000	 V 			8.693	55643	2.696	0.000	1.547	1.026	0	0	0.000	0.000
17	5.147	5.128	5.188	56083	21692	2.585	0.000	 V 			8.772	38637	3.882	0.000	0.436	1.009	0	0	0.000	0.000
18	5.188	5.188	5.293	13761	8146	1.689	0.000	 V 			8.851	226051	0.664	0.000	0.562	1.009	0	0	0.000	0.000

[Peak Table(Detector A-Ch2)]
# of Peaks	18
Peak#	R.Time	I.Time	F.Time	Area	Height	A/H	Conc.	Mark	ID#	Name	k'	Plate #	Plate Ht.	Tailing	Resolution	Sep.Factor	Area Ratio	Height Ratio	Conc. %	Norm Conc.
1	0.527	0.503	0.577	42	16	2.684	0.000	   			0.000	1036	144.857	1.582	0.000	0.000	0	0	0.000	0.000
2	1.507	1.297	1.657	273	22	12.452	0.000	   			1.861	3235	46.374	0.854	11.433	0.000	0	0	0.000	0.000
3	2.083	2.013	2.160	113	29	3.968	0.000	   			2.956	10598	14.154	1.054	6.170	1.588	0	0	0.000	0.000
4	2.580	2.497	2.680	174	36	4.842	0.000	   			3.899	6867	21.843	1.120	4.834	1.319	0	0	0.000	0.000
5	2.990	2.940	3.057	202	87	2.314	0.000	   			4.677	48395	3.100	1.412	4.584	1.200	0	0	0.000	0.000
6	3.378	3.357	3.378	35	41	0.846	0.000	   			5.415	0	0.000	0.000	0.000	1.158	0	0	0.000	0.000
7	3.398	3.378	3.428	145	86	1.679	0.000	 V 			5.453	68864	2.178	0.000	0.000	1.007	0	0	0.000	0.000
8	3.470	3.438	3.472	51	44	1.151	0.000	   M			5.589	125	1199.713	0.000	0.111	1.025	0	0	0.000	0.000
9	3.525	3.472	3.532	1350	841	1.605	0.000	 V M			5.693	5982	25.074	0.000	0.077	1.019	0	0	0.000	0.000
10	3.568	3.532	3.747	41937	17632	2.379	231.031	 V M	2	tau_280	5.775	52885	2.836	1.314	0.355	1.014	0	0	58.838	100.000
11	3.947	3.898	3.972	36	13	2.711	0.000	   			6.494	108168	1.387	0.756	6.875	1.124	0	0	0.000	0.000
12	4.120	4.060	4.137	43	16	2.728	0.000	   			6.823	138287	1.085	0.633	3.755	1.051	0	0	0.000	0.000
13	4.418	4.343	4.617	163	15	10.676	0.000	   			7.389	25643	5.850	1.837	3.857	1.083	0	0	0.000	0.000
14	4.858	4.800	4.868	91	33	2.755	0.000	   			8.225	33963	4.417	0.000	4.078	1.113	0	0	0.000	0.000
15	4.990	4.868	5.070	17536	6896	2.543	0.000	 V 			8.475	94977	1.579	1.216	1.547	1.030	0	0	0.000	0.000
16	5.107	5.070	5.130	1199	498	2.409	0.000	 V 			8.696	60787	2.468	0.000	1.581	1.026	0	0	0.000	0.000
17	5.150	5.130	5.190	1049	407	2.580	0.000	 V 			8.778	32596	4.602	0.000	0.440	1.009	0	0	0.000	0.000
18	5.190	5.190	5.288	248	146	1.702	0.000	 V 			8.854	239919	0.625	0.000	0.511	1.009	0	0	0.000	0.000

[Compound Results(Detector A)]
# of IDs	2
ID#	Name	R.Time	Area	Height	Conc.	Curve	3rd	2nd	1st	Constant	Area Ratio	Height Ratio	Conc. %	Norm Conc.
1	tau_205	3.568	4987081	1704760	161.626	Linear	0.000000e+00	0.000000e+00	3.083937e+004	2.648347e+003	0	0	41.162	41.162
2	tau_280	3.568	41937	17632	231.031	Linear	0.000000e+00	0.000000e+00	1.814731e+002	1.094426e+001	0	0	58.838	58.838

[Group Results(Detector A)]
# of Groups	0

[LC Chromatogram(Detector A-Ch1)]
Interval(msec)	100
# of Points	9001
Start Time(min)	0.000
End Time(min)	15.000
Intensity Units	mAU
Intensity Multiplier	0.001
Wavelength(nm)	205nm
R.Time (min)	Intensity
0.00000	-1603
0.00167	-1603
0.00333	-1605
0.00500	-0
0.00667	-1
0.00833	-1
0.01000	-2
0.01167	-3
0.01333	-5
0.01500	-9
0.01667	-14
0.01833	-18
0.02000	-22
0.02167	-24
0.02333	-27
0.02500	-1
0.02667	-3
0.02833	-3
0.03000	-4
0.03167	-3
0.03333	-2
0.03500	-1
0.03667	-1
0.03833	-2
0.04000	-3
0.04167	-5
0.04333	-6
0.04500	-7
0.04667	-7
0.04833	-6
0.05000	-5
0.05167	-3
0.05333	-2
0.05500	-2
0.05667	-2
0.05833	-2
0.06000	-3
0.06167	-5
0.06333	-7
0.06500	-10
0.06667	-13
0.06833	-17
0.07000	-20
0.07167	-22
0.07333	-25
0.07500	-28
0.07667	-31
0.07833	-33
0.08000	-36
0.08167	-39
0.08333	-43
0.08500	-46
0.08667	-50
0.08833	-55
0.09000	-60
0.09167	-66
0.09333	-71
0.09500	-76
0.09667	-80
0.09833	-84
0.10000	-89
0.10167	-93
0.10333	-96
0.10500	-98
0.10667	-100
0.10833	-102
0.11000	-104
0.11167	-105
0.11333	-107
0.11500	-108
0.11667	-110
0.11833	-112
0.12000	-113
0.12167	-114
0.12333	-116
0.12500	-117
0.12667	-119
0.12833	-121
0.13000	-122
0.13167	-124
0.13333	-125
0.13500	-127
0.13667	-130
0.13833	-133
0.14000	-137
0.14167	-141
0.14333	-146
0.14500	-150
0.14667	-154
0.14833	-158
0.15000	-162
0.15167	-166
0.15333	-169
0.15500	-171
0.15667	-172
0.15833	-173
0.16000	-173
0.16167	-172
0.16333	-172
0.16500	-171
0.16667	-170
0.16833	-168
0.17000	-168
0.17167	-167
0.17333	-167
0.17500	-167
0.17667	-168
0.17833	-169
0.18000	-170
0.18167	-171
0.18333	-172
0.18500	-174
0.18667	-175
0.18833	-176
0.19000	-177
0.19167	-178
0.19333	-180
0.19500	-181
0.19667	-181
0.19833	-182
0.20000	-183
0.20167	-184
0.20333	-184
0.20500	-184
0.20667	-184
0.20833	-184
0.21000	-184
0.21167	-184
0.21333	-185
0.21500	-187
0.21667	-189
0.21833	-191
0.22000	-192
0.22167	-191
0.22333	-190
0.22500	-188
0.22667	-249
0.22833	-427
0.23000	-738
0.23167	-1184
0.23333	-1764
0.23500	-3037
0.23667	-5516
0.23833	-9387
0.24000	-14707
0.24167	-21462
0.24333	-26273
0.24500	-26652
0.24667	-22388
0.24833	-13906
0.25000	-1689
0.25167	13466
0.25333	31740
0.25500	54094
0.25667	81437
0.25833	114371
0.26000	145063
0.26167	168574
0.26333	185902
0.26500	199300
0.26667	210724
0.26833	216879
0.27000	215050
0.27167	205252
0.27333	188196
0.27500	164609
0.27667	138652
0.27833	112287
0.28000	84325
0.28167	53080
0.28333	17232
0.28500	-16666
0.28667	-44734
0.28833	-68464
0.29000	-90334
0.29167	-112394
0.29333	-131903
0.29500	-147224
0.29667	-159458
0.29833	-170118
0.30000	-180418
0.30167	-189587
0.30333	-197233
0.30500	-203969
0.30667	-210506
0.30833	-217387
0.31000	-223778
0.31167	-229217
0.31333	-234067
0.31500	-238804
0.31667	-243799
0.31833	-247794
0.32000	-249900
0.32167	-250223
0.32333	-249092
0.32500	-246809
0.32667	-243090
0.32833	-237469
0.33000	-229641
0.33167	-219419
0.33333	-206708
0.33500	-193101
0.33667	-179241
0.33833	-164380
0.34000	-147611
0.34167	-128244
0.34333	-108873
0.34500	-90775
0.34667	-72909
0.34833	-53915
0.35000	-32734
0.35167	-12825
0.35333	3797
0.35500	18087
0.35667	31510
0.35833	45255
0.36000	57028
0.36167	65331
0.36333	70720
0.36500	74125
0.36667	76329
0.36833	77309
0.37000	76949
0.37167	75361
0.37333	72682
0.37500	69026
0.37667	64918
0.37833	60562
0.38000	55744
0.38167	50202
0.38333	43733
0.38500	37090
0.38667	30589
0.38833	23852
0.39000	16422
0.39167	7948
0.39333	-492
0.39500	-8376
0.39667	-16168
0.39833	-24465
0.40000	-33728
0.40167	-42763
0.40333	-50962
0.40500	-58819
0.40667	-66983
0.40833	-75960
0.41000	-84596
0.41167	-92288
0.41333	-99510
0.41500	-106887
0.41667	-114912
0.41833	-122555
0.42000	-129270
0.42167	-135477
0.42333	-141734
0.42500	-148482
0.42667	-154891
0.42833	-160525
0.43000	-165744
0.43167	-171017
0.43333	-176713
0.43500	-182153
0.43667	-186984
0.43833	-191517
0.44000	-196149
0.44167	-201189
0.44333	-206026
0.44500	-210348
0.44667	-214427
0.44833	-218614
0.45000	-223170
0.45167	-225489
0.45333	-223529
0.45500	-217040
0.45667	-206292
0.45833	-191634
0.46000	-175319
0.46167	-158309
0.46333	-139793
0.46500	-118719
0.46667	-94286
0.46833	-71761
0.47000	-54442
0.47167	-41495
0.47333	-31248
0.47500	-22261
0.47667	-15106
0.47833	-10157
0.48000	-6898
0.48167	-4721
0.48333	-3153
0.48500	-2049
0.48667	-1323
0.48833	-846
0.49000	-513
0.49167	-252
0.49333	-49
0.49500	100
0.49667	218
0.49833	320
0.50000	420
0.50167	510
0.50333	583
0.50500	645
0.50667	704
0.50833	765
0.51000	818
0.51167	857
0.51333	886
0.51500	909
0.51667	928
0.51833	943
0.52000	952
0.52167	958
0.52333	960
0.52500	961
0.52667	960
0.52833	958
0.53000	954
0.53167	948
0.53333	940
0.53500	933
0.53667	926
0.53833	918
0.54000	911
0.54167	903
0.54333	895
0.54500	889
0.54667	884
0.54833	880
0.55000	877
0.55167	874
0.55333	872
0.55500	871
0.55667	870
0.55833	870
0.56000	869
0.56167	868
0.56333	867
0.56500	865
0.56667	862
0.56833	859
0.57000	854
0.57167	848
0.57333	840
0.57500	830
0.57667	818
0.57833	806
0.58000	793
0.58167	777
0.58333	758
0.58500	739
0.58667	720
0.58833	701
0.59000	680
0.59167	656
0.59333	633
0.59500	613
0.59667	594
0.59833	576
0.60000	556
0.60167	538
0.60333	523
0.60500	509
0.60667	496
0.60833	483
0.61000	471
0.61167	461
0.61333	452
0.61500	444
0.61667	436
0.61833	428
0.62000	422
0.62167	415
0.62333	408
0.62500	400
0.62667	392
0.62833	385
0.63000	378
0.63167	372
0.63333	364
0.63500	358
0.63667	352
0.63833	348
0.64000	344
0.64167	340
0.64333	337
0.64500	335
0.64667	333
0.64833	333
0.65000	332
0.65167	332
0.65333	332
0.65500	333
0.65667	334
0.65833	335
0.66000	337
0.66167	337
0.66333	338
0.66500	337
0.66667	336
0.66833	335
0.67000	333
0.67167	330
0.67333	327
0.67500	324
0.67667	320
0.67833	317
0.68000	313
0.68167	310
0.68333	306
0.68500	303
0.68667	300
0.68833	299
0.69000	298
0.69167	298
0.69333	298
0.69500	299
0.69667	299
0.69833	300
0.70000	300
0.70167	300
0.70333	300
0.70500	298
0.70667	295
0.70833	292
0.71000	288
0.71167	285
0.71333	281
0.71500	278
0.71667	274
0.71833	271
0.72000	269
0.72167	267
0.72333	267
0.72500	266
0.72667	267
0.72833	267
0.73000	267
0.73167	266
0.73333	266
0.73500	266
0.73667	266
0.73833	267
0.74000	269
0.74167	271
0.74333	273
0.74500	276
0.74667	279
0.74833	283
0.75000	288
0.75167	293
0.75333	300
0.75500	307
0.75667	317
0.75833	328
0.76000	340
0.76167	352
0.76333	366
0.76500	381
0.76667	400
0.76833	417
0.77000	433
0.77167	446
0.77333	460
0.77500	474
0.77667	486
0.77833	494
0.78000	498
0.78167	501
0.78333	502
0.78500	500
0.78667	497
0.78833	492
0.79000	484
0.79167	475
0.79333	465
0.79500	457
0.79667	451
0.79833	445
0.80000	439
0.80167	435
0.80333	432
0.80500	432
0.80667	433
0.80833	435
0.81000	438
0.81167	439
0.81333	439
0.81500	439
0.81667	437
0.81833	435
0.82000	431
0.82167	426
0.82333	419
0.82500	410
0.82667	402
0.82833	396
0.83000	390
0.83167	385
0.83333	381
0.83500	376
0.83667	372
0.83833	368
0.84000	363
0.84167	358
0.84333	352
0.84500	346
0.84667	339
0.84833	330
0.85000	320
0.85167	310
0.85333	301
0.85500	293
0.85667	284
0.85833	274
0.86000	265
0.86167	258
0.86333	252
0.86500	248
0.86667	243
0.86833	239
0.87000	235
0.87167	231
0.87333	228
0.87500	223
0.87667	219
0.87833	215
0.88000	212
0.88167	208
0.88333	204
0.88500	201
0.88667	199
0.88833	198
0.89000	198
0.89167	198
0.89333	199
0.89500	200
0.89667	201
0.89833	202
0.90000	203
0.90167	204
0.90333	205
0.90500	206
0.90667	207
0.90833	208
0.91000	210
0.91167	211
0.91333	211
0.91500	212
0.91667	212
0.91833	212
0.92000	213
0.92167	214
0.92333	216
0.92500	219
0.92667	221
0.92833	225
0.93000	229
0.93167	233
0.93333	239
0.93500	243
0.93667	247
0.93833	249
0.94000	250
0.94167	250
0.94333	249
0.94500	246
0.94667	242
0.94833	235
0.95000	227
0.95167	219
0.95333	213
0.95500	207
0.95667	203
0.95833	198
0.96000	194
0.96167	191
0.96333	189
0.96500	187
0.96667	186
0.96833	184
0.97000	182
0.97167	181
0.97333	178
0.97500	176
0.97667	174
0.97833	171
0.98000	170
0.98167	168
0.98333	166
0.98500	164
0.98667	163
0.98833	161
0.99000	159
0.99167	156
0.99333	155
0.99500	153
0.99667	153
0.99833	154
1.00000	155
1.00167	157
1.00333	157
1.00500	158
1.00667	158
1.00833	158
1.01000	157
1.01167	156
1.01333	156
1.01500	155
1.01667	154
1.01833	153
1.02000	153
1.02167	153
1.02333	153
1.02500	154
1.02667	155
1.02833	156
1.03000	156
1.03167	155
1.03333	154
1.03500	153
1.03667	151
1.03833	150
1.04000	148
1.04167	146
1.04333	145
1.04500	145
1.04667	146
1.04833	148
1.05000	151
1.05167	154
1.05333	157
1.05500	160
1.05667	162
1.05833	165
1.06000	168
1.06167	170
1.06333	171
1.06500	172
1.06667	173
1.06833	174
1.07000	174
1.07167	174
1.07333	175
1.07500	175
1.07667	175
1.07833	175
1.08000	176
1.08167	176
1.08333	178
1.08500	179
1.08667	180
1.08833	182
1.09000	184
1.09167	186
1.09333	187
1.09500	188
1.09667	188
1.09833	187
1.10000	186
1.10167	185
1.10333	183
1.10500	182
1.10667	181
1.10833	180
1.11000	179
1.11167	179
1.11333	179
1.11500	180
1.11667	181
1.11833	183
1.12000	185
1.12167	186
1.12333	188
1.12500	190
1.12667	192
1.12833	193
1.13000	195
1.13167	196
1.13333	198
1.13500	199
1.13667	199
1.13833	199
1.14000	199
1.14167	198
1.14333	196
1.14500	195
1.14667	193
1.14833	191
1.15000	189
1.15167	187
1.15333	186
1.15500	185
1.15667	186
1.15833	186
1.16000	188
1.16167	191
1.16333	195
1.16500	201
1.16667	208
1.16833	214
1.17000	220
1.17167	223
1.17333	227
1.17500	229
1.17667	231
1.17833	233
1.18000	234
1.18167	236
1.18333	237
1.18500	238
1.18667	241
1.18833	244
1.19000	248
1.19167	254
1.19333	258
1.19500	262
1.19667	264
1.19833	265
1.20000	266
1.20167	266
1.20333	267
1.20500	268
1.20667	269
1.20833	270
1.21000	271
1.21167	272
1.21333	273
1.21500	273
1.21667	274
1.21833	275
1.22000	275
1.22167	276
1.22333	277
1.22500	277
1.22667	278
1.22833	278
1.23000	278
1.23167	277
1.23333	276
1.23500	275
1.23667	274
1.23833	274
1.24000	274
1.24167	274
1.24333	275
1.24500	275
1.24667	275
1.24833	274
1.25000	273
1.25167	272
1.25333	271
1.25500	270
1.25667	269
1.25833	267
1.26000	266
1.26167	266
1.26333	267
1.26500	270
1.26667	273
1.26833	276
1.27000	278
1.27167	279
1.27333	279
1.27500	278
1.27667	277
1.27833	276
1.28000	276
1.28167	277
1.28333	278
1.28500	279
1.28667	281
1.28833	282
1.29000	284
1.29167	287
1.29333	289
1.29500	290
1.29667	291
1.29833	291
1.30000	290
1.30167	290
1.30333	289
1.30500	290
1.30667	291
1.30833	293
1.31000	294
1.31167	295
1.31333	296
1.31500	296
1.31667	297
1.31833	297
1.32000	298
1.32167	299
1.32333	301
1.32500	303
1.32667	305
1.32833	308
1.33000	310
1.33167	313
1.33333	317
1.33500	320
1.33667	322
1.33833	325
1.34000	326
1.34167	328
1.34333	331
1.34500	334
1.34667	339
1.34833	345
1.35000	352
1.35167	359
1.35333	366
1.35500	371
1.35667	377
1.35833	383
1.36000	388
1.36167	392
1.36333	396
1.36500	398
1.36667	401
1.36833	404
1.37000	406
1.37167	409
1.37333	412
1.37500	415
1.37667	419
1.37833	422
1.38000	426
1.38167	430
1.38333	435
1.38500	439
1.38667	443
1.38833	447
1.39000	450
1.39167	454
1.39333	457
1.39500	459
1.39667	460
1.39833	460
1.40000	460
1.40167	460
1.40333	461
1.40500	461
1.40667	462
1.40833	463
1.41000	464
1.41167	466
1.41333	469
1.41500	472
1.41667	475
1.41833	479
1.42000	483
1.42167	486
1.42333	490
1.42500	494
1.42667	498
1.42833	501
1.43000	504
1.43167	506
1.43333	508
1.43500	511
1.43667	513
1.43833	515
1.44000	518
1.44167	521
1.44333	525
1.44500	529
1.44667	534
1.44833	540
1.45000	547
1.45167	554
1.45333	560
1.45500	567
1.45667	574
1.45833	582
1.46000	589
1.46167	596
1.46333	602
1.46500	609
1.46667	615
1.46833	622
1.47000	627
1.47167	633
1.47333	638
1.47500	644
1.47667	650
1.47833	655
1.48000	660
1.48167	665
1.48333	671
1.48500	677
1.48667	684
1.48833	691
1.49000	699
1.49167	708
1.49333	718
1.49500	727
1.49667	737
1.49833	747
1.50000	759
1.50167	770
1.50333	779
1.50500	787
1.50667	794
1.50833	801
1.51000	808
1.51167	815
1.51333	822
1.51500	830
1.51667	838
1.51833	848
1.52000	857
1.52167	868
1.52333	880
1.52500	894
1.52667	908
1.52833	921
1.53000	934
1.53167	947
1.53333	962
1.53500	976
1.53667	988
1.53833	999
1.54000	1011
1.54167	1023
1.54333	1035
1.54500	1047
1.54667	1059
1.54833	1072
1.55000	1088
1.55167	1103
1.55333	1118
1.55500	1132
1.55667	1148
1.55833	1166
1.56000	1183
1.56167	1198
1.56333	1212
1.56500	1226
1.56667	1240
1.56833	1254
1.57000	1267
1.57167	1278
1.57333	1290
1.57500	1302
1.57667	1314
1.57833	1324
1.58000	1334
1.58167	1343
1.58333	1353
1.58500	1364
1.58667	1374
1.58833	1385
1.59000	1397
1.59167	1411
1.59333	1426
1.59500	1439
1.59667	1452
1.59833	1465
1.60000	1481
1.60167	1495
1.60333	1508
1.60500	1520
1.60667	1533
1.60833	1546
1.61000	1560
1.61167	1573
1.61333	1587
1.61500	1603
1.61667	1621
1.61833	1640
1.62000	1656
1.62167	1672
1.62333	1688
1.62500	1706
1.62667	1723
1.62833	1737
1.63000	1750
1.63167	1762
1.63333	1775
1.63500	1787
1.63667	1800
1.63833	1813
1.64000	1827
1.64167	1844
1.64333	1861
1.64500	1877
1.64667	1893
1.64833	1911
1.65000	1931
1.65167	1952
1.65333	1970
1.65500	1989
1.65667	2008
1.65833	2030
1.66000	2051
1.66167	2071
1.66333	2091
1.66500	2112
1.66667	2136
1.66833	2159
1.67000	2181
1.67167	2202
1.67333	2225
1.67500	2250
1.67667	2274
1.67833	2295
1.68000	2316
1.68167	2336
1.68333	2359
1.68500	2381
1.68667	2401
1.68833	2420
1.69000	2439
1.69167	2461
1.69333	2482
1.69500	2501
1.69667	2520
1.69833	2540
1.70000	2563
1.70167	2585
1.70333	2606
1.70500	2627
1.70667	2649
1.70833	2675
1.71000	2700
1.71167	2723
1.71333	2745
1.71500	2769
1.71667	2795
1.71833	2820
1.72000	2842
1.72167	2864
1.72333	2885
1.72500	2909
1.72667	2932
1.72833	2952
1.73000	2973
1.73167	2993
1.73333	3017
1.73500	3039
1.73667	3059
1.73833	3078
1.74000	3097
1.74167	3118
1.74333	3139
1.74500	3160
1.74667	3181
1.74833	3205
1.75000	3231
1.75167	3259
1.75333	3285
1.75500	3312
1.75667	3341
1.75833	3374
1.76000	3405
1.76167	3434
1.76333	3460
1.76500	3486
1.76667	3515
1.76833	3542
1.77000	3566
1.77167	3587
1.77333	3609
1.77500	3633
1.77667	3656
1.77833	3678
1.78000	3700
1.78167	3725
1.78333	3752
1.78500	3780
1.78667	3806
1.78833	3831
1.79000	3857
1.79167	3887
1.79333	3915
1.79500	3940
1.79667	3964
1.79833	3988
1.80000	4014
1.80167	4040
1.80333	4064
1.80500	4089
1.80667	4116
1.80833	4147
1.81000	4177
1.81167	4204
1.81333	4231
1.81500	4259
1.81667	4291
1.81833	4321
1.82000	4349
1.82167	4375
1.82333	4402
1.82500	4432
1.82667	4461
1.82833	4488
1.83000	4514
1.83167	4542
1.83333	4572
1.83500	4602
1.83667	4628
1.83833	4653
1.84000	4678
1.84167	4706
1.84333	4733
1.84500	4758
1.84667	4782
1.84833	4807
1.85000	4835
1.85167	4862
1.85333	4888
1.85500	4913
1.85667	4940
1.85833	4971
1.86000	5000
1.86167	5026
1.86333	5051
1.86500	5077
1.86667	5104
1.86833	5132
1.87000	5157
1.87167	5182
1.87333	5209
1.87500	5239
1.87667	5268
1.87833	5295
1.88000	5320
1.88167	5347
1.88333	5377
1.88500	5405
1.88667	5430
1.88833	5452
1.89000	5474
1.89167	5497
1.89333	5520
1.89500	5543
1.89667	5565
1.89833	5590
1.90000	5618
1.90167	5646
1.90333	5672
1.90500	5697
1.90667	5724
1.90833	5755
1.91000	5784
1.91167	5810
1.91333	5835
1.91500	5861
1.91667	5889
1.91833	5916
1.92000	5942
1.92167	5966
1.92333	5993
1.92500	6022
1.92667	6051
1.92833	6078
1.93000	6105
1.93167	6133
1.93333	6164
1.93500	6195
1.93667	6223
1.93833	6250
1.94000	6278
1.94167	6309
1.94333	6338
1.94500	6365
1.94667	6390
1.94833	6415
1.95000	6443
1.95167	6469
1.95333	6493
1.95500	6517
1.95667	6541
1.95833	6568
1.96000	6595
1.96167	6620
1.96333	6645
1.96500	6672
1.96667	6701
1.96833	6730
1.97000	6757
1.97167	6782
1.97333	6808
1.97500	6837
1.97667	6864
1.97833	6889
1.98000	6912
1.98167	6935
1.98333	6960
1.98500	6985
1.98667	7007
1.98833	7030
1.99000	7054
1.99167	7081
1.99333	7107
1.99500	7131
1.99667	7153
1.99833	7177
2.00000	7202
2.00167	7227
2.00333	7250
2.00500	7272
2.00667	7295
2.00833	7321
2.01000	7346
2.01167	7370
2.01333	7394
2.01500	7418
2.01667	7446
2.01833	7473
2.02000	7497
2.02167	7519
2.02333	7541
2.02500	7566
2.02667	7589
2.02833	7611
2.03000	7634
2.03167	7657
2.03333	7684
2.03500	7710
2.03667	7735
2.03833	7759
2.04000	7784
2.04167	7812
2.04333	7840
2.04500	7865
2.04667	7890
2.04833	7916
2.05000	7944
2.05167	7973
2.05333	8000
2.05500	8026
2.05667	8054
2.05833	8086
2.06000	8117
2.06167	8144
2.06333	8169
2.06500	8194
2.06667	8221
2.06833	8247
2.07000	8271
2.07167	8295
2.07333	8320
2.07500	8348
2.07667	8376
2.07833	8402
2.08000	8427
2.08167	8453
2.08333	8482
2.08500	8511
2.08667	8537
2.08833	8562
2.09000	8589
2.09167	8619
2.09333	8649
2.09500	8676
2.09667	8702
2.09833	8730
2.10000	8762
2.10167	8793
2.10333	8822
2.10500	8851
2.10667	8883
2.10833	8918
2.11000	8955
2.11167	8993
2.11333	9035
2.11500	9083
2.11667	9139
2.11833	9198
2.12000	9261
2.12167	9331
2.12333	9413
2.12500	9508
2.12667	9606
2.12833	9702
2.13000	9800
2.13167	9907
2.13333	10030
2.13500	10146
2.13667	10247
2.13833	10336
2.14000	10422
2.14167	10513
2.14333	10594
2.14500	10655
2.14667	10700
2.14833	10736
2.15000	10767
2.15167	10792
2.15333	10808
2.15500	10816
2.15667	10820
2.15833	10819
2.16000	10817
2.16167	10812
2.16333	10804
2.16500	10794
2.16667	10782
2.16833	10770
2.17000	10757
2.17167	10743
2.17333	10729
2.17500	10712
2.17667	10696
2.17833	10685
2.18000	10677
2.18167	10672
2.18333	10668
2.18500	10665
2.18667	10663
2.18833	10663
2.19000	10664
2.19167	10665
2.19333	10667
2.19500	10670
2.19667	10673
2.19833	10676
2.20000	10681
2.20167	10687
2.20333	10695
2.20500	10706
2.20667	10721
2.20833	10739
2.21000	10758
2.21167	10776
2.21333	10795
2.21500	10814
2.21667	10836
2.21833	10858
2.22000	10879
2.22167	10899
2.22333	10921
2.22500	10946
2.22667	10971
2.22833	10994
2.23000	11016
2.23167	11041
2.23333	11068
2.23500	11095
2.23667	11119
2.23833	11143
2.24000	11168
2.24167	11195
2.24333	11222
2.24500	11249
2.24667	11276
2.24833	11306
2.25000	11341
2.25167	11374
2.25333	11406
2.25500	11436
2.25667	11468
2.25833	11504
2.26000	11538
2.26167	11569
2.26333	11599
2.26500	11630
2.26667	11664
2.26833	11697
2.27000	11727
2.27167	11758
2.27333	11791
2.27500	11827
2.27667	11863
2.27833	11897
2.28000	11931
2.28167	11967
2.28333	12007
2.28500	12046
2.28667	12081
2.28833	12113
2.29000	12145
2.29167	12181
2.29333	12214
2.29500	12244
2.29667	12271
2.29833	12299
2.30000	12329
2.30167	12359
2.30333	12387
2.30500	12416
2.30667	12448
2.30833	12484
2.31000	12520
2.31167	12552
2.31333	12582
2.31500	12613
2.31667	12648
2.31833	12680
2.32000	12709
2.32167	12736
2.32333	12763
2.32500	12792
2.32667	12820
2.32833	12845
2.33000	12870
2.33167	12895
2.33333	12924
2.33500	12951
2.33667	12977
2.33833	13001
2.34000	13026
2.34167	13055
2.34333	13082
2.34500	13108
2.34667	13133
2.34833	13160
2.35000	13190
2.35167	13219
2.35333	13246
2.35500	13274
2.35667	13303
2.35833	13335
2.36000	13366
2.36167	13394
2.36333	13419
2.36500	13444
2.36667	13472
2.36833	13498
2.37000	13520
2.37167	13541
2.37333	13562
2.37500	13585
2.37667	13607
2.37833	13629
2.38000	13652
2.38167	13677
2.38333	13706
2.38500	13734
2.38667	13761
2.38833	13787
2.39000	13814
2.39167	13845
2.39333	13875
2.39500	13902
2.39667	13929
2.39833	13956
2.40000	13987
2.40167	14016
2.40333	14044
2.40500	14070
2.40667	14098
2.40833	14129
2.41000	14160
2.41167	14189
2.41333	14216
2.41500	14246
2.41667	14278
2.41833	14311
2.42000	14341
2.42167	14371
2.42333	14404
2.42500	14440
2.42667	14476
2.42833	14510
2.43000	14543
2.43167	14578
2.43333	14617
2.43500	14655
2.43667	14689
2.43833	14721
2.44000	14753
2.44167	14788
2.44333	14822
2.44500	14853
2.44667	14883
2.44833	14914
2.45000	14948
2.45167	14981
2.45333	15011
2.45500	15040
2.45667	15071
2.45833	15105
2.46000	15138
2.46167	15168
2.46333	15196
2.46500	15226
2.46667	15258
2.46833	15288
2.47000	15316
2.47167	15341
2.47333	15367
2.47500	15394
2.47667	15421
2.47833	15445
2.48000	15468
2.48167	15491
2.48333	15518
2.48500	15545
2.48667	15572
2.48833	15603
2.49000	15638
2.49167	15679
2.49333	15720
2.49500	15760
2.49667	15800
2.49833	15844
2.50000	15893
2.50167	15938
2.50333	15975
2.50500	16005
2.50667	16031
2.50833	16057
2.51000	16079
2.51167	16094
2.51333	16104
2.51500	16110
2.51667	16114
2.51833	16117
2.52000	16120
2.52167	16124
2.52333	16129
2.52500	16135
2.52667	16142
2.52833	16151
2.53000	16163
2.53167	16177
2.53333	16194
2.53500	16213
2.53667	16232
2.53833	16253
2.54000	16277
2.54167	16305
2.54333	16334
2.54500	16362
2.54667	16392
2.54833	16424
2.55000	16461
2.55167	16500
2.55333	16538
2.55500	16579
2.55667	16625
2.55833	16677
2.56000	16731
2.56167	16783
2.56333	16838
2.56500	16898
2.56667	16966
2.56833	17032
2.57000	17090
2.57167	17143
2.57333	17196
2.57500	17252
2.57667	17303
2.57833	17344
2.58000	17376
2.58167	17403
2.58333	17429
2.58500	17451
2.58667	17468
2.58833	17480
2.59000	17489
2.59167	17497
2.59333	17503
2.59500	17508
2.59667	17511
2.59833	17513
2.60000	17514
2.60167	17516
2.60333	17519
2.60500	17523
2.60667	17530
2.60833	17538
2.61000	17548
2.61167	17563
2.61333	17582
2.61500	17607
2.61667	17637
2.61833	17671
2.62000	17710
2.62167	17756
2.62333	17811
2.62500	17876
2.62667	17941
2.62833	18000
2.63000	18056
2.63167	18114
2.63333	18178
2.63500	18234
2.63667	18273
2.63833	18298
2.64000	18313
2.64167	18323
2.64333	18326
2.64500	18322
2.64667	18312
2.64833	18297
2.65000	18277
2.65167	18257
2.65333	18241
2.65500	18227
2.65667	18216
2.65833	18205
2.66000	18198
2.66167	18196
2.66333	18199
2.66500	18206
2.66667	18218
2.66833	18231
2.67000	18247
2.67167	18264
2.67333	18284
2.67500	18307
2.67667	18331
2.67833	18353
2.68000	18374
2.68167	18396
2.68333	18421
2.68500	18445
2.68667	18467
2.68833	18488
2.69000	18510
2.69167	18535
2.69333	18558
2.69500	18578
2.69667	18596
2.69833	18614
2.70000	18633
2.70167	18652
2.70333	18669
2.70500	18686
2.70667	18705
2.70833	18726
2.71000	18748
2.71167	18768
2.71333	18789
2.71500	18812
2.71667	18837
2.71833	18862
2.72000	18886
2.72167	18909
2.72333	18933
2.72500	18959
2.72667	18986
2.72833	19012
2.73000	19038
2.73167	19067
2.73333	19099
2.73500	19131
2.73667	19163
2.73833	19194
2.74000	19229
2.74167	19268
2.74333	19306
2.74500	19339
2.74667	19370
2.74833	19401
2.75000	19435
2.75167	19467
2.75333	19494
2.75500	19518
2.75667	19541
2.75833	19565
2.76000	19588
2.76167	19607
2.76333	19623
2.76500	19639
2.76667	19656
2.76833	19672
2.77000	19687
2.77167	19702
2.77333	19718
2.77500	19735
2.77667	19754
2.77833	19771
2.78000	19789
2.78167	19809
2.78333	19832
2.78500	19854
2.78667	19873
2.78833	19891
2.79000	19908
2.79167	19927
2.79333	19945
2.79500	19961
2.79667	19976
2.79833	19992
2.80000	20009
2.80167	20026
2.80333	20042
2.80500	20057
2.80667	20074
2.80833	20093
2.81000	20111
2.81167	20127
2.81333	20142
2.81500	20157
2.81667	20174
2.81833	20190
2.82000	20204
2.82167	20218
2.82333	20234
2.82500	20250
2.82667	20267
2.82833	20282
2.83000	20296
2.83167	20312
2.83333	20329
2.83500	20345
2.83667	20361
2.83833	20376
2.84000	20391
2.84167	20409
2.84333	20426
2.84500	20444
2.84667	20463
2.84833	20484
2.85000	20508
2.85167	20531
2.85333	20553
2.85500	20573
2.85667	20594
2.85833	20617
2.86000	20639
2.86167	20659
2.86333	20677
2.86500	20696
2.86667	20716
2.86833	20735
2.87000	20754
2.87167	20774
2.87333	20795
2.87500	20818
2.87667	20842
2.87833	20865
2.88000	20888
2.88167	20912
2.88333	20940
2.88500	20967
2.88667	20993
2.88833	21017
2.89000	21043
2.89167	21072
2.89333	21100
2.89500	21125
2.89667	21149
2.89833	21174
2.90000	21201
2.90167	21228
2.90333	21253
2.90500	21277
2.90667	21303
2.90833	21332
2.91000	21361
2.91167	21389
2.91333	21416
2.91500	21446
2.91667	21479
2.91833	21513
2.92000	21549
2.92167	21587
2.92333	21630
2.92500	21681
2.92667	21731
2.92833	21777
2.93000	21820
2.93167	21864
2.93333	21913
2.93500	21956
2.93667	21988
2.93833	22010
2.94000	22026
2.94167	22038
2.94333	22046
2.94500	22052
2.94667	22055
2.94833	22056
2.95000	22057
2.95167	22059
2.95333	22065
2.95500	22076
2.95667	22093
2.95833	22114
2.96000	22143
2.96167	22186
2.96333	22244
2.96500	22320
2.96667	22414
2.96833	22528
2.97000	22669
2.97167	22847
2.97333	23069
2.97500	23339
2.97667	23610
2.97833	23860
2.98000	24100
2.98167	24349
2.98333	24623
2.98500	24855
2.98667	24999
2.98833	25061
2.99000	25060
2.99167	25013
2.99333	24930
2.99500	24815
2.99667	24662
2.99833	24469
3.00000	24233
3.00167	24006
3.00333	23817
3.00500	23658
3.00667	23513
3.00833	23368
3.01000	23243
3.01167	23151
3.01333	23086
3.01500	23036
3.01667	22995
3.01833	22965
3.02000	22946
3.02167	22937
3.02333	22934
3.02500	22937
3.02667	22943
3.02833	22955
3.03000	22973
3.03167	22996
3.03333	23024
3.03500	23061
3.03667	23108
3.03833	23169
3.04000	23245
3.04167	23339
3.04333	23438
3.04500	23538
3.04667	23644
3.04833	23762
3.05000	23899
3.05167	24026
3.05333	24127
3.05500	24207
3.05667	24277
3.05833	24343
3.06000	24394
3.06167	24421
3.06333	24428
3.06500	24418
3.06667	24395
3.06833	24369
3.07000	24346
3.07167	24326
3.07333	24308
3.07500	24290
3.07667	24275
3.07833	24267
3.08000	24265
3.08167	24268
3.08333	24275
3.08500	24282
3.08667	24286
3.08833	24289
3.09000	24289
3.09167	24287
3.09333	24284
3.09500	24279
3.09667	24273
3.09833	24265
3.10000	24256
3.10167	24247
3.10333	24238
3.10500	24231
3.10667	24223
3.10833	24215
3.11000	24208
3.11167	24203
3.11333	24200
3.11500	24198
3.11667	24198
3.11833	24198
3.12000	24199
3.12167	24201
3.12333	24204
3.12500	24208
3.12667	24213
3.12833	24220
3.13000	24229
3.13167	24241
3.13333	24256
3.13500	24274
3.13667	24296
3.13833	24322
3.14000	24354
3.14167	24393
3.14333	24434
3.14500	24475
3.14667	24517
3.14833	24565
3.15000	24619
3.15167	24672
3.15333	24717
3.15500	24758
3.15667	24797
3.15833	24839
3.16000	24877
3.16167	24906
3.16333	24929
3.16500	24948
3.16667	24966
3.16833	24980
3.17000	24990
3.17167	24995
3.17333	24997
3.17500	24998
3.17667	24998
3.17833	24999
3.18000	25001
3.18167	25004
3.18333	25009
3.18500	25015
3.18667	25025
3.18833	25039
3.19000	25057
3.19167	25079
3.19333	25105
3.19500	25134
3.19667	25168
3.19833	25209
3.20000	25257
3.20167	25307
3.20333	25356
3.20500	25407
3.20667	25463
3.20833	25527
3.21000	25589
3.21167	25641
3.21333	25688
3.21500	25732
3.21667	25779
3.21833	25823
3.22000	25864
3.22167	25904
3.22333	25946
3.22500	25993
3.22667	26041
3.22833	26089
3.23000	26139
3.23167	26195
3.23333	26259
3.23500	26321
3.23667	26375
3.23833	26425
3.24000	26474
3.24167	26526
3.24333	26578
3.24500	26628
3.24667	26680
3.24833	26738
3.25000	26803
3.25167	26893
3.25333	27025
3.25500	27208
3.25667	27447
3.25833	27744
3.26000	28093
3.26167	28504
3.26333	29000
3.26500	29605
3.26667	30333
3.26833	31043
3.27000	31653
3.27167	32194
3.27333	32716
3.27500	33260
3.27667	33719
3.27833	34020
3.28000	34181
3.28167	34240
3.28333	34228
3.28500	34281
3.28667	34503
3.28833	34923
3.29000	35542
3.29167	36353
3.29333	37328
3.29500	38493
3.29667	39915
3.29833	41654
3.30000	43749
3.30167	45721
3.30333	47272
3.30500	48471
3.30667	49460
3.30833	50364
3.31000	50964
3.31167	51091
3.31333	50758
3.31500	50025
3.31667	48946
3.31833	47750
3.32000	46552
3.32167	45305
3.32333	43932
3.32500	42371
3.32667	40866
3.32833	39556
3.33000	38365
3.33167	37184
3.33333	35928
3.33500	34781
3.33667	33855
3.33833	33091
3.34000	32403
3.34167	31720
3.34333	31146
3.34500	30749
3.34667	30499
3.34833	30351
3.35000	30266
3.35167	30304
3.35333	30522
3.35500	30931
3.35667	31527
3.35833	32303
3.36000	33099
3.36167	33826
3.36333	34517
3.36500	35227
3.36667	35999
3.36833	36672
3.37000	37142
3.37167	37433
3.37333	37598
3.37500	37684
3.37667	37810
3.37833	38074
3.38000	38507
3.38167	39118
3.38333	39903
3.38500	40707
3.38667	41441
3.38833	42137
3.39000	42851
3.39167	43627
3.39333	44203
3.39500	44389
3.39667	44185
3.39833	43641
3.40000	42809
3.40167	41872
3.40333	40923
3.40500	39926
3.40667	38821
3.40833	37560
3.41000	36391
3.41167	35463
3.41333	34728
3.41500	34100
3.41667	33505
3.41833	33006
3.42000	32640
3.42167	32379
3.42333	32180
3.42500	32012
3.42667	31874
3.42833	31764
3.43000	31669
3.43167	31580
3.43333	31486
3.43500	31410
3.43667	31366
3.43833	31353
3.44000	31363
3.44167	31392
3.44333	31457
3.44500	31578
3.44667	31762
3.44833	32011
3.45000	32326
3.45167	32682
3.45333	33075
3.45500	33527
3.45667	34060
3.45833	34692
3.46000	35338
3.46167	35958
3.46333	36588
3.46500	37271
3.46667	38042
3.46833	38781
3.47000	39420
3.47167	39998
3.47333	40566
3.47500	41168
3.47667	41733
3.47833	42224
3.48000	42672
3.48167	43119
3.48333	43600
3.48500	44275
3.48667	45301
3.48833	46755
3.49000	48677
3.49167	51084
3.49333	54115
3.49500	58024
3.49667	63060
3.49833	69404
3.50000	77168
3.50167	85418
3.50333	93783
3.50500	102725
3.50667	112798
3.50833	124417
3.51000	135503
3.51167	144842
3.51333	152929
3.51500	160570
3.51667	168423
3.51833	174976
3.52000	179207
3.52167	181385
3.52333	182039
3.52500	181626
3.52667	180605
3.52833	179215
3.53000	177480
3.53167	175366
3.53333	172882
3.53500	177386
3.53667	195042
3.53833	227417
3.54000	274495
3.54167	335845
3.54333	409023
3.54500	495705
3.54667	600878
3.54833	729076
3.55000	883306
3.55167	1033234
3.55333	1161126
3.55500	1273183
3.55667	1380101
3.55833	1490755
3.56000	1585441
3.56167	1651245
3.56333	1692390
3.56500	1716374
3.56667	1729553
3.56833	1733436
3.57000	1728275
3.57167	1714951
3.57333	1694276
3.57500	1666836
3.57667	1633810
3.57833	1594431
3.58000	1546459
3.58167	1487863
3.58333	1417264
3.58500	1343591
3.58667	1270713
3.58833	1194587
3.59000	1110201
3.59167	1013731
3.59333	920569
3.59500	839300
3.59667	765382
3.59833	692105
3.60000	614063
3.60167	542607
3.60333	484405
3.60500	435761
3.60667	391299
3.60833	346672
3.61000	307231
3.61167	276163
3.61333	251208
3.61500	229304
3.61667	208009
3.61833	189469
3.62000	174956
3.62167	163331
3.62333	153131
3.62500	143208
3.62667	134308
3.62833	126807
3.63000	120113
3.63167	113540
3.63333	106564
3.63500	100053
3.63667	94485
3.63833	89494
3.64000	84599
3.64167	79418
3.64333	74688
3.64500	70846
3.64667	67643
3.64833	64723
3.65000	61798
3.65167	59195
3.65333	57103
3.65500	55368
3.65667	53790
3.65833	52209
3.66000	50807
3.66167	49691
3.66333	48778
3.66500	47961
3.66667	47154
3.66833	46452
3.67000	45916
3.67167	45505
3.67333	45164
3.67500	44848
3.67667	44583
3.67833	44381
3.68000	44227
3.68167	44097
3.68333	43975
3.68500	43851
3.68667	43713
3.68833	43550
3.69000	43352
3.69167	43115
3.69333	42860
3.69500	42593
3.69667	42299
3.69833	41961
3.70000	41566
3.70167	41178
3.70333	40831
3.70500	40507
3.70667	40178
3.70833	39821
3.71000	39485
3.71167	39194
3.71333	38930
3.71500	38669
3.71667	38390
3.71833	38129
3.72000	37903
3.72167	37697
3.72333	37492
3.72500	37273
3.72667	37066
3.72833	36885
3.73000	36718
3.73167	36550
3.73333	36368
3.73500	36193
3.73667	36035
3.73833	35882
3.74000	35722
3.74167	35546
3.74333	35380
3.74500	35238
3.74667	35113
3.74833	34992
3.75000	34865
3.75167	34749
3.75333	34653
3.75500	34572
3.75667	34496
3.75833	34418
3.76000	34347
3.76167	34284
3.76333	34227
3.76500	34169
3.76667	34106
3.76833	34048
3.77000	33999
3.77167	33957
3.77333	33917
3.77500	33876
3.77667	33848
3.77833	33843
3.78000	33863
3.78167	33905
3.78333	33965
3.78500	34044
3.78667	34145
3.78833	34273
3.79000	34433
3.79167	34628
3.79333	34810
3.79500	34947
3.79667	35045
3.79833	35118
3.80000	35177
3.80167	35203
3.80333	35177
3.80500	35099
3.80667	34973
3.80833	34803
3.81000	34631
3.81167	34482
3.81333	34350
3.81500	34224
3.81667	34094
3.81833	33982
3.82000	33904
3.82167	33856
3.82333	33827
3.82500	33811
3.82667	33801
3.82833	33793
3.83000	33784
3.83167	33773
3.83333	33760
3.83500	33741
3.83667	33716
3.83833	33681
3.84000	33636
3.84167	33580
3.84333	33520
3.84500	33458
3.84667	33391
3.84833	33316
3.85000	33229
3.85167	33144
3.85333	33070
3.85500	33002
3.85667	32936
3.85833	32864
3.86000	32804
3.86167	32763
3.86333	32739
3.86500	32729
3.86667	32727
3.86833	32731
3.87000	32739
3.87167	32751
3.87333	32767
3.87500	32787
3.87667	32808
3.87833	32831
3.88000	32857
3.88167	32887
3.88333	32922
3.88500	32998
3.88667	33148
3.88833	33384
3.89000	33710
3.89167	34124
3.89333	34597
3.89500	35127
3.89667	35743
3.89833	36476
3.90000	37347
3.90167	38149
3.90333	38751
3.90500	39179
3.90667	39494
3.90833	39745
3.91000	39860
3.91167	39774
3.91333	39487
3.91500	39013
3.91667	38369
3.91833	37704
3.92000	37105
3.92167	36546
3.92333	35985
3.92500	35382
3.92667	34835
3.92833	34403
3.93000	34059
3.93167	33763
3.93333	33481
3.93500	33237
3.93667	33048
3.93833	32898
3.94000	32767
3.94167	32641
3.94333	32532
3.94500	32449
3.94667	32386
3.94833	32332
3.95000	32283
3.95167	32244
3.95333	32217
3.95500	32203
3.95667	32197
3.95833	32196
3.96000	32198
3.96167	32203
3.96333	32210
3.96500	32219
3.96667	32229
3.96833	32239
3.97000	32246
3.97167	32251
3.97333	32253
3.97500	32255
3.97667	32256
3.97833	32257
3.98000	32258
3.98167	32260
3.98333	32261
3.98500	32263
3.98667	32265
3.98833	32268
3.99000	32271
3.99167	32275
3.99333	32279
3.99500	32280
3.99667	32280
3.99833	32278
4.00000	32274
4.00167	32268
4.00333	32258
4.00500	32243
4.00667	32224
4.00833	32199
4.01000	32174
4.01167	32148
4.01333	32121
4.01500	32091
4.01667	32057
4.01833	32025
4.02000	31996
4.02167	31970
4.02333	31945
4.02500	31917
4.02667	31892
4.02833	31870
4.03000	31850
4.03167	31830
4.03333	31809
4.03500	31789
4.03667	31772
4.03833	31757
4.04000	31742
4.04167	31726
4.04333	31712
4.04500	31701
4.04667	31693
4.04833	31686
4.05000	31680
4.05167	31676
4.05333	31675
4.05500	31677
4.05667	31681
4.05833	31687
4.06000	31695
4.06167	31705
4.06333	31718
4.06500	31735
4.06667	31755
4.06833	31776
4.07000	31799
4.07167	31823
4.07333	31851
4.07500	31884
4.07667	31918
4.07833	31952
4.08000	31988
4.08167	32028
4.08333	32074
4.08500	32119
4.08667	32159
4.08833	32196
4.09000	32233
4.09167	32273
4.09333	32308
4.09500	32334
4.09667	32351
4.09833	32363
4.10000	32372
4.10167	32378
4.10333	32381
4.10500	32383
4.10667	32384
4.10833	32385
4.11000	32385
4.11167	32386
4.11333	32388
4.11500	32392
4.11667	32396
4.11833	32400
4.12000	32401
4.12167	32400
4.12333	32398
4.12500	32393
4.12667	32387
4.12833	32381
4.13000	32373
4.13167	32363
4.13333	32351
4.13500	32340
4.13667	32331
4.13833	32322
4.14000	32314
4.14167	32306
4.14333	32299
4.14500	32294
4.14667	32291
4.14833	32288
4.15000	32287
4.15167	32286
4.15333	32287
4.15500	32289
4.15667	32292
4.15833	32297
4.16000	32303
4.16167	32310
4.16333	32319
4.16500	32329
4.16667	32341
4.16833	32353
4.17000	32361
4.17167	32367
4.17333	32372
4.17500	32375
4.17667	32376
4.17833	32375
4.18000	32369
4.18167	32361
4.18333	32349
4.18500	32337
4.18667	32325
4.18833	32312
4.19000	32299
4.19167	32284
4.19333	32270
4.19500	32256
4.19667	32243
4.19833	32228
4.20000	32213
4.20167	32198
4.20333	32187
4.20500	32178
4.20667	32170
4.20833	32163
4.21000	32158
4.21167	32157
4.21333	32158
4.21500	32162
4.21667	32168
4.21833	32175
4.22000	32182
4.22167	32190
4.22333	32200
4.22500	32211
4.22667	32223
4.22833	32234
4.23000	32247
4.23167	32261
4.23333	32278
4.23500	32296
4.23667	32317
4.23833	32341
4.24000	32369
4.24167	32403
4.24333	32437
4.24500	32470
4.24667	32504
4.24833	32540
4.25000	32580
4.25167	32618
4.25333	32649
4.25500	32676
4.25667	32700
4.25833	32725
4.26000	32746
4.26167	32761
4.26333	32771
4.26500	32777
4.26667	32780
4.26833	32782
4.27000	32783
4.27167	32783
4.27333	32781
4.27500	32779
4.27667	32779
4.27833	32781
4.28000	32786
4.28167	32794
4.28333	32806
4.28500	32823
4.28667	32849
4.28833	32885
4.29000	32932
4.29167	32991
4.29333	33062
4.29500	33148
4.29667	33255
4.29833	33387
4.30000	33546
4.30167	33705
4.30333	33850
4.30500	33986
4.30667	34125
4.30833	34276
4.31000	34403
4.31167	34480
4.31333	34511
4.31500	34505
4.31667	34474
4.31833	34421
4.32000	34349
4.32167	34255
4.32333	34136
4.32500	33992
4.32667	33850
4.32833	33728
4.33000	33621
4.33167	33519
4.33333	33412
4.33500	33318
4.33667	33246
4.33833	33191
4.34000	33147
4.34167	33107
4.34333	33075
4.34500	33055
4.34667	33044
4.34833	33040
4.35000	33040
4.35167	33042
4.35333	33043
4.35500	33044
4.35667	33042
4.35833	33040
4.36000	33037
4.36167	33031
4.36333	33022
4.36500	33011
4.36667	32997
4.36833	32985
4.37000	32978
4.37167	32976
4.37333	32979
4.37500	32985
4.37667	32996
4.37833	33014
4.38000	33040
4.38167	33075
4.38333	33119
4.38500	33172
4.38667	33237
4.38833	33318
4.39000	33419
4.39167	33541
4.39333	33680
4.39500	33841
4.39667	34033
4.39833	34266
4.40000	34544
4.40167	34818
4.40333	35057
4.40500	35275
4.40667	35490
4.40833	35719
4.41000	35902
4.41167	35998
4.41333	36013
4.41500	35961
4.41667	35857
4.41833	35721
4.42000	35564
4.42167	35380
4.42333	35161
4.42500	34901
4.42667	34652
4.42833	34445
4.43000	34271
4.43167	34111
4.43333	33950
4.43500	33808
4.43667	33699
4.43833	33614
4.44000	33542
4.44167	33475
4.44333	33416
4.44500	33370
4.44667	33331
4.44833	33296
4.45000	33261
4.45167	33228
4.45333	33201
4.45500	33176
4.45667	33152
4.45833	33126
4.46000	33102
4.46167	33080
4.46333	33061
4.46500	33041
4.46667	33020
4.46833	33000
4.47000	32985
4.47167	32973
4.47333	32963
4.47500	32954
4.47667	32947
4.47833	32943
4.48000	32942
4.48167	32943
4.48333	32946
4.48500	32950
4.48667	32955
4.48833	32961
4.49000	32968
4.49167	32976
4.49333	32984
4.49500	32991
4.49667	32997
4.49833	33003
4.50000	33009
4.50167	33014
4.50333	33019
4.50500	33023
4.50667	33027
4.50833	33031
4.51000	33035
4.51167	33039
4.51333	33041
4.51500	33044
4.51667	33047
4.51833	33049
4.52000	33052
4.52167	33054
4.52333	33056
4.52500	33058
4.52667	33061
4.52833	33066
4.53000	33072
4.53167	33081
4.53333	33091
4.53500	33103
4.53667	33116
4.53833	33130
4.54000	33147
4.54167	33166
4.54333	33186
4.54500	33203
4.54667	33220
4.54833	33238
4.55000	33257
4.55167	33274
4.55333	33287
4.55500	33296
4.55667	33302
4.55833	33306
4.56000	33309
4.56167	33311
4.56333	33312
4.56500	33312
4.56667	33312
4.56833	33313
4.57000	33315
4.57167	33319
4.57333	33326
4.57500	33335
4.57667	33343
4.57833	33349
4.58000	33353
4.58167	33355
4.58333	33357
4.58500	33355
4.58667	33348
4.58833	33336
4.59000	33319
4.59167	33296
4.59333	33271
4.59500	33246
4.59667	33220
4.59833	33190
4.60000	33156
4.60167	33123
4.60333	33095
4.60500	33069
4.60667	33043
4.60833	33016
4.61000	32991
4.61167	32970
4.61333	32951
4.61500	32934
4.61667	32916
4.61833	32900
4.62000	32889
4.62167	32882
4.62333	32878
4.62500	32876
4.62667	32876
4.62833	32878
4.63000	32883
4.63167	32890
4.63333	32899
4.63500	32907
4.63667	32913
4.63833	32917
4.64000	32919
4.64167	32920
4.64333	32920
4.64500	32919
4.64667	32917
4.64833	32915
4.65000	32912
4.65167	32909
4.65333	32908
4.65500	32907
4.65667	32908
4.65833	32910
4.66000	32912
4.66167	32916
4.66333	32920
4.66500	32925
4.66667	32931
4.66833	32938
4.67000	32945
4.67167	32952
4.67333	32960
4.67500	32970
4.67667	32978
4.67833	32985
4.68000	32990
4.68167	32994
4.68333	32997
4.68500	32999
4.68667	32999
4.68833	32998
4.69000	32996
4.69167	32993
4.69333	32990
4.69500	32988
4.69667	32987
4.69833	32987
4.70000	32989
4.70167	32991
4.70333	32994
4.70500	32999
4.70667	33005
4.70833	33013
4.71000	33021
4.71167	33028
4.71333	33034
4.71500	33041
4.71667	33047
4.71833	33054
4.72000	33061
4.72167	33069
4.72333	33077
4.72500	33087
4.72667	33097
4.72833	33105
4.73000	33111
4.73167	33118
4.73333	33124
4.73500	33128
4.73667	33129
4.73833	33126
4.74000	33119
4.74167	33109
4.74333	33099
4.74500	33088
4.74667	33078
4.74833	33068
4.75000	33056
4.75167	33045
4.75333	33036
4.75500	33029
4.75667	33023
4.75833	33016
4.76000	33010
4.76167	33005
4.76333	32999
4.76500	32993
4.76667	32986
4.76833	32981
4.77000	32976
4.77167	32974
4.77333	32972
4.77500	32971
4.77667	32971
4.77833	32971
4.78000	32971
4.78167	32971
4.78333	32972
4.78500	32973
4.78667	32977
4.78833	32982
4.79000	32990
4.79167	33000
4.79333	33012
4.79500	33028
4.79667	33049
4.79833	33074
4.80000	33106
4.80167	33139
4.80333	33172
4.80500	33206
4.80667	33243
4.80833	33286
4.81000	33329
4.81167	33371
4.81333	33412
4.81500	33457
4.81667	33507
4.81833	33557
4.82000	33603
4.82167	33649
4.82333	33699
4.82500	33753
4.82667	33807
4.82833	33856
4.83000	33904
4.83167	33954
4.83333	34010
4.83500	34063
4.83667	34109
4.83833	34152
4.84000	34195
4.84167	34241
4.84333	34283
4.84500	34314
4.84667	34338
4.84833	34356
4.85000	34372
4.85167	34384
4.85333	34391
4.85500	34393
4.85667	34390
4.85833	34385
4.86000	34380
4.86167	34378
4.86333	34378
4.86500	34381
4.86667	34386
4.86833	34394
4.87000	34407
4.87167	34426
4.87333	34451
4.87500	34482
4.87667	34517
4.87833	34557
4.88000	34604
4.88167	34659
4.88333	34725
4.88500	34795
4.88667	34864
4.88833	34938
4.89000	35022
4.89167	35118
4.89333	35217
4.89500	35316
4.89667	35420
4.89833	35537
4.90000	35672
4.90167	35809
4.90333	35943
4.90500	36081
4.90667	36233
4.90833	36407
4.91000	36575
4.91167	36723
4.91333	36860
4.91500	36998
4.91667	37145
4.91833	37284
4.92000	37401
4.92167	37504
4.92333	37604
4.92500	37709
4.92667	37819
4.92833	37941
4.93000	38083
4.93167	38252
4.93333	38454
4.93500	38714
4.93667	39064
4.93833	39529
4.94000	40122
4.94167	40855
4.94333	41844
4.94500	43231
4.94667	45109
4.94833	47534
4.95000	50542
4.95167	54409
4.95333	59538
4.95500	66266
4.95667	74822
4.95833	85346
4.96000	97563
4.96167	111823
4.96333	128994
4.96500	149849
4.96667	174911
4.96833	201013
4.97000	226773
4.97167	253624
4.97333	283344
4.97500	317286
4.97667	349156
4.97833	375179
4.98000	396740
4.98167	416179
4.98333	435430
4.98500	450320
4.98667	457849
4.98833	458531
4.99000	453638
4.99167	444314
4.99333	432106
4.99500	417457
4.99667	399784
4.99833	378389
5.00000	352764
5.00167	327313
5.00333	304447
5.00500	282985
5.00667	261137
5.00833	237454
5.01000	215463
5.01167	197203
5.01333	181553
5.01500	166876
5.01667	151853
5.01833	138325
5.02000	127364
5.02167	118203
5.02333	109809
5.02500	101359
5.02667	93781
5.02833	87607
5.03000	82386
5.03167	77537
5.03333	72603
5.03500	68159
5.03667	64541
5.03833	61491
5.04000	58670
5.04167	55808
5.04333	53252
5.04500	51203
5.04667	49516
5.04833	47995
5.05000	46482
5.05167	45148
5.05333	44094
5.05500	43240
5.05667	42484
5.05833	41742
5.06000	41099
5.06167	40608
5.06333	40230
5.06500	39915
5.06667	39622
5.06833	39408
5.07000	39315
5.07167	39334
5.07333	39446
5.07500	39635
5.07667	39923
5.07833	40346
5.08000	40928
5.08167	41685
5.08333	42624
5.08500	43643
5.08667	44706
5.08833	45873
5.09000	47210
5.09167	48768
5.09333	50258
5.09500	51514
5.09667	52600
5.09833	53624
5.10000	54674
5.10167	55517
5.10333	55986
5.10500	56112
5.10667	55963
5.10833	55602
5.11000	55106
5.11167	54504
5.11333	53774
5.11500	52889
5.11667	51830
5.11833	50837
5.12000	50060
5.12167	49464
5.12333	48978
5.12500	48538
5.12667	48253
5.12833	48207
5.13000	48393
5.13167	48783
5.13333	49351
5.13500	49968
5.13667	50566
5.13833	51168
5.14000	51816
5.14167	52540
5.14333	53151
5.14500	53521
5.14667	53663
5.14833	53626
5.15000	53455
5.15167	53153
5.15333	52701
5.15500	52079
5.15667	51274
5.15833	50278
5.16000	49268
5.16167	48337
5.16333	47440
5.16500	46507
5.16667	45482
5.16833	44531
5.17000	43752
5.17167	43099
5.17333	42502
5.17500	41902
5.17667	41385
5.17833	41001
5.18000	40724
5.18167	40513
5.18333	40334
5.18500	40191
5.18667	40085
5.18833	40005
5.19000	39937
5.19167	39873
5.19333	39791
5.19500	39671
5.19667	39503
5.19833	39281
5.20000	39004
5.20167	38702
5.20333	38388
5.20500	38042
5.20667	37646
5.20833	37185
5.21000	36733
5.21167	36330
5.21333	35954
5.21500	35573
5.21667	35162
5.21833	34781
5.22000	34465
5.22167	34196
5.22333	33944
5.22500	33687
5.22667	33456
5.22833	33270
5.23000	33115
5.23167	32974
5.23333	32833
5.23500	32707
5.23667	32604
5.23833	32516
5.24000	32435
5.24167	32351
5.24333	32276
5.24500	32213
5.24667	32159
5.24833	32107
5.25000	32054
5.25167	32005
5.25333	31964
5.25500	31928
5.25667	31894
5.25833	31859
5.26000	31827
5.26167	31800
5.26333	31777
5.26500	31756
5.26667	31735
5.26833	31716
5.27000	31700
5.27167	31687
5.27333	31675
5.27500	31662
5.27667	31651
5.27833	31642
5.28000	31634
5.28167	31627
5.28333	31619
5.28500	31612
5.28667	31606
5.28833	31599
5.29000	31592
5.29167	31585
5.29333	31578
5.29500	31573
5.29667	31568
5.29833	31565
5.30000	31562
5.30167	31560
5.30333	31558
5.30500	31558
5.30667	31559
5.30833	31561
5.31000	31562
5.31167	31561
5.31333	31559
5.31500	31554
5.31667	31549
5.31833	31542
5.32000	31534
5.32167	31525
5.32333	31515
5.32500	31503
5.32667	31490
5.32833	31478
5.33000	31465
5.33167	31451
5.33333	31435
5.33500	31418
5.33667	31401
5.33833	31383
5.34000	31362
5.34167	31338
5.34333	31315
5.34500	31293
5.34667	31272
5.34833	31251
5.35000	31228
5.35167	31205
5.35333	31183
5.35500	31162
5.35667	31140
5.35833	31116
5.36000	31091
5.36167	31069
5.36333	31047
5.36500	31024
5.36667	30999
5.36833	30975
5.37000	30954
5.37167	30935
5.37333	30916
5.37500	30895
5.37667	30876
5.37833	30858
5.38000	30841
5.38167	30822
5.38333	30802
5.38500	30782
5.38667	30765
5.38833	30749
5.39000	30732
5.39167	30714
5.39333	30698
5.39500	30685
5.39667	30674
5.39833	30664
5.40000	30654
5.40167	30646
5.40333	30639
5.40500	30634
5.40667	30630
5.40833	30625
5.41000	30621
5.41167	30617
5.41333	30613
5.41500	30607
5.41667	30601
5.41833	30595
5.42000	30590
5.42167	30585
5.42333	30581
5.42500	30577
5.42667	30574
5.42833	30573
5.43000	30572
5.43167	30573
5.43333	30575
5.43500	30577
5.43667	30579
5.43833	30580
5.44000	30582
5.44167	30584
5.44333	30586
5.44500	30587
5.44667	30587
5.44833	30587
5.45000	30587
5.45167	30585
5.45333	30582
5.45500	30578
5.45667	30573
5.45833	30567
5.46000	30559
5.46167	30552
5.46333	30543
5.46500	30534
5.46667	30522
5.46833	30511
5.47000	30499
5.47167	30487
5.47333	30474
5.47500	30459
5.47667	30444
5.47833	30430
5.48000	30416
5.48167	30401
5.48333	30383
5.48500	30366
5.48667	30349
5.48833	30332
5.49000	30314
5.49167	30294
5.49333	30273
5.49500	30252
5.49667	30231
5.49833	30208
5.50000	30181
5.50167	30155
5.50333	30131
5.50500	30108
5.50667	30084
5.50833	30058
5.51000	30033
5.51167	30010
5.51333	29988
5.51500	29965
5.51667	29939
5.51833	29914
5.52000	29890
5.52167	29867
5.52333	29841
5.52500	29813
5.52667	29786
5.52833	29761
5.53000	29739
5.53167	29716
5.53333	29690
5.53500	29667
5.53667	29645
5.53833	29625
5.54000	29605
5.54167	29583
5.54333	29562
5.54500	29544
5.54667	29529
5.54833	29514
5.55000	29499
5.55167	29485
5.55333	29474
5.55500	29464
5.55667	29455
5.55833	29447
5.56000	29439
5.56167	29433
5.56333	29430
5.56500	29427
5.56667	29425
5.56833	29423
5.57000	29423
5.57167	29422
5.57333	29423
5.57500	29424
5.57667	29424
5.57833	29425
5.58000	29424
5.58167	29423
5.58333	29421
5.58500	29418
5.58667	29416
5.58833	29415
5.59000	29413
5.59167	29411
5.59333	29408
5.59500	29406
5.59667	29403
5.59833	29400
5.60000	29397
5.60167	29393
5.60333	29388
5.60500	29381
5.60667	29373
5.60833	29363
5.61000	29352
5.61167	29342
5.61333	29331
5.61500	29319
5.61667	29306
5.61833	29292
5.62000	29280
5.62167	29268
5.62333	29255
5.62500	29241
5.62667	29226
5.62833	29212
5.63000	29196
5.63167	29179
5.63333	29159
5.63500	29138
5.63667	29118
5.63833	29096
5.64000	29073
5.64167	29047
5.64333	29020
5.64500	28994
5.64667	28968
5.64833	28939
5.65000	28906
5.65167	28873
5.65333	28843
5.65500	28813
5.65667	28781
5.65833	28746
5.66000	28712
5.66167	28681
5.66333	28654
5.66500	28626
5.66667	28596
5.66833	28568
5.67000	28542
5.67167	28518
5.67333	28493
5.67500	28466
5.67667	28439
5.67833	28413
5.68000	28386
5.68167	28356
5.68333	28322
5.68500	28290
5.68667	28261
5.68833	28235
5.69000	28209
5.69167	28181
5.69333	28155
5.69500	28134
5.69667	28116
5.69833	28098
5.70000	28080
5.70167	28064
5.70333	28050
5.70500	28037
5.70667	28025
5.70833	28012
5.71000	28000
5.71167	27989
5.71333	27979
5.71500	27969
5.71667	27958
5.71833	27947
5.72000	27939
5.72167	27932
5.72333	27927
5.72500	27921
5.72667	27916
5.72833	27913
5.73000	27912
5.73167	27912
5.73333	27912
5.73500	27914
5.73667	27915
5.73833	27916
5.74000	27918
5.74167	27920
5.74333	27921
5.74500	27922
5.74667	27923
5.74833	27922
5.75000	27922
5.75167	27921
5.75333	27920
5.75500	27919
5.75667	27917
5.75833	27916
5.76000	27913
5.76167	27911
5.76333	27907
5.76500	27903
5.76667	27898
5.76833	27891
5.77000	27884
5.77167	27874
5.77333	27863
5.77500	27849
5.77667	27834
5.77833	27819
5.78000	27803
5.78167	27785
5.78333	27763
5.78500	27742
5.78667	27723
5.78833	27703
5.79000	27682
5.79167	27659
5.79333	27636
5.79500	27615
5.79667	27593
5.79833	27569
5.80000	27542
5.80167	27515
5.80333	27489
5.80500	27462
5.80667	27434
5.80833	27401
5.81000	27370
5.81167	27342
5.81333	27317
5.81500	27292
5.81667	27264
5.81833	27238
5.82000	27214
5.82167	27189
5.82333	27164
5.82500	27135
5.82667	27106
5.82833	27080
5.83000	27055
5.83167	27029
5.83333	27000
5.83500	26972
5.83667	26947
5.83833	26925
5.84000	26904
5.84167	26881
5.84333	26859
5.84500	26840
5.84667	26823
5.84833	26807
5.85000	26789
5.85167	26773
5.85333	26760
5.85500	26749
5.85667	26739
5.85833	26730
5.86000	26721
5.86167	26714
5.86333	26707
5.86500	26701
5.86667	26694
5.86833	26688
5.87000	26682
5.87167	26677
5.87333	26671
5.87500	26665
5.87667	26660
5.87833	26656
5.88000	26653
5.88167	26650
5.88333	26647
5.88500	26645
5.88667	26645
5.88833	26646
5.89000	26648
5.89167	26651
5.89333	26654
5.89500	26656
5.89667	26658
5.89833	26658
5.90000	26659
5.90167	26658
5.90333	26655
5.90500	26650
5.90667	26643
5.90833	26635
5.91000	26626
5.91167	26617
5.91333	26607
5.91500	26596
5.91667	26583
5.91833	26570
5.92000	26557
5.92167	26544
5.92333	26530
5.92500	26514
5.92667	26498
5.92833	26482
5.93000	26467
5.93167	26450
5.93333	26432
5.93500	26412
5.93667	26393
5.93833	26371
5.94000	26347
5.94167	26318
5.94333	26289
5.94500	26261
5.94667	26232
5.94833	26201
5.95000	26166
5.95167	26132
5.95333	26101
5.95500	26071
5.95667	26040
5.95833	26005
5.96000	25972
5.96167	25940
5.96333	25908
5.96500	25874
5.96667	25836
5.96833	25797
5.97000	25761
5.97167	25725
5.97333	25686
5.97500	25643
5.97667	25601
5.97833	25564
5.98000	25531
5.98167	25497
5.98333	25461
5.98500	25427
5.98667	25398
5.98833	25371
5.99000	25345
5.99167	25317
5.99333	25291
5.99500	25268
5.99667	25246
5.99833	25224
6.00000	25201
6.00167	25179
6.00333	25159
6.00500	25140
6.00667	25121
6.00833	25100
6.01000	25080
6.01167	25062
6.01333	25046
6.01500	25029
6.01667	25012
6.01833	24996
6.02000	24983
6.02167	24972
6.02333	24962
6.02500	24953
6.02667	24944
6.02833	24938
6.03000	24933
6.03167	24929
6.03333	24925
6.03500	24922
6.03667	24920
6.03833	24919
6.04000	24918
6.04167	24917
6.04333	24916
6.04500	24914
6.04667	24912
6.04833	24908
6.05000	24904
6.05167	24899
6.05333	24893
6.05500	24887
6.05667	24879
6.05833	24869
6.06000	24859
6.06167	24849
6.06333	24838
6.06500	24827
6.06667	24813
6.06833	24799
6.07000	24786
6.07167	24773
6.07333	24758
6.07500	24742
6.07667	24725
6.07833	24708
6.08000	24690
6.08167	24669
6.08333	24645
6.08500	24621
6.08667	24597
6.08833	24573
6.09000	24546
6.09167	24516
6.09333	24486
6.09500	24458
6.09667	24431
6.09833	24401
6.10000	24369
6.10167	24336
6.10333	24305
6.10500	24274
6.10667	24241
6.10833	24204
6.11000	24167
6.11167	24132
6.11333	24097
6.11500	24059
6.11667	24017
6.11833	23975
6.12000	23936
6.12167	23897
6.12333	23857
6.12500	23811
6.12667	23768
6.12833	23729
6.13000	23694
6.13167	23659
6.13333	23621
6.13500	23584
6.13667	23552
6.13833	23522
6.14000	23491
6.14167	23457
6.14333	23425
6.14500	23397
6.14667	23371
6.14833	23344
6.15000	23316
6.15167	23290
6.15333	23266
6.15500	23243
6.15667	23220
6.15833	23195
6.16000	23171
6.16167	23150
6.16333	23132
6.16500	23115
6.16667	23096
6.16833	23079
6.17000	23066
6.17167	23055
6.17333	23045
6.17500	23036
6.17667	23028
6.17833	23021
6.18000	23016
6.18167	23011
6.18333	23006
6.18500	23002
6.18667	22999
6.18833	22996
6.19000	22994
6.19167	22991
6.19333	22988
6.19500	22986
6.19667	22983
6.19833	22980
6.20000	22976
6.20167	22973
6.20333	22968
6.20500	22963
6.20667	22957
6.20833	22950
6.21000	22942
6.21167	22934
6.21333	22924
6.21500	22912
6.21667	22898
6.21833	22884
6.22000	22870
6.22167	22855
6.22333	22839
6.22500	22820
6.22667	22801
6.22833	22780
6.23000	22758
6.23167	22732
6.23333	22703
6.23500	22672
6.23667	22643
6.23833	22613
6.24000	22579
6.24167	22542
6.24333	22505
6.24500	22470
6.24667	22436
6.24833	22401
6.25000	22361
6.25167	22322
6.25333	22284
6.25500	22247
6.25667	22206
6.25833	22161
6.26000	22116
6.26167	22073
6.26333	22030
6.26500	21984
6.26667	21932
6.26833	21881
6.27000	21835
6.27167	21791
6.27333	21744
6.27500	21694
6.27667	21644
6.27833	21599
6.28000	21555
6.28167	21510
6.28333	21460
6.28500	21411
6.28667	21368
6.28833	21327
6.29000	21285
6.29167	21239
6.29333	21195
6.29500	21156
6.29667	21119
6.29833	21082
6.30000	21041
6.30167	21002
6.30333	20967
6.30500	20935
6.30667	20903
6.30833	20868
6.31000	20835
6.31167	20807
6.31333	20782
6.31500	20757
6.31667	20731
6.31833	20707
6.32000	20686
6.32167	20667
6.32333	20648
6.32500	20628
6.32667	20609
6.32833	20593
6.33000	20577
6.33167	20561
6.33333	20544
6.33500	20529
6.33667	20515
6.33833	20503
6.34000	20492
6.34167	20480
6.34333	20469
6.34500	20460
6.34667	20453
6.34833	20446
6.35000	20440
6.35167	20433
6.35333	20427
6.35500	20420
6.35667	20412
6.35833	20403
6.36000	20393
6.36167	20382
6.36333	20369
6.36500	20353
6.36667	20334
6.36833	20315
6.37000	20296
6.37167	20276
6.37333	20253
6.37500	20228
6.37667	20202
6.37833	20178
6.38000	20152
6.38167	20125
6.38333	20094
6.38500	20061
6.38667	20029
6.38833	19994
6.39000	19954
6.39167	19909
6.39333	19864
6.39500	19822
6.39667	19781
6.39833	19739
6.40000	19692
6.40167	19646
6.40333	19604
6.40500	19563
6.40667	19520
6.40833	19473
6.41000	19425
6.41167	19380
6.41333	19334
6.41500	19284
6.41667	19228
6.41833	19173
6.42000	19121
6.42167	19070
6.42333	19016
6.42500	18957
6.42667	18898
6.42833	18846
6.43000	18795
6.43167	18742
6.43333	18685
6.43500	18629
6.43667	18578
6.43833	18530
6.44000	18481
6.44167	18426
6.44333	18374
6.44500	18327
6.44667	18283
6.44833	18239
6.45000	18190
6.45167	18144
6.45333	18104
6.45500	18068
6.45667	18032
6.45833	17993
6.46000	17957
6.46167	17925
6.46333	17897
6.46500	17869
6.46667	17839
6.46833	17811
6.47000	17787
6.47167	17766
6.47333	17745
6.47500	17723
6.47667	17702
6.47833	17683
6.48000	17665
6.48167	17647
6.48333	17627
6.48500	17608
6.48667	17593
6.48833	17580
6.49000	17568
6.49167	17556
6.49333	17545
6.49500	17536
6.49667	17528
6.49833	17521
6.50000	17513
6.50167	17506
6.50333	17499
6.50500	17492
6.50667	17484
6.50833	17476
6.51000	17467
6.51167	17458
6.51333	17450
6.51500	17440
6.51667	17429
6.51833	17416
6.52000	17403
6.52167	17386
6.52333	17367
6.52500	17344
6.52667	17321
6.52833	17298
6.53000	17276
6.53167	17252
6.53333	17225
6.53500	17198
6.53667	17171
6.53833	17144
6.54000	17114
6.54167	17079
6.54333	17044
6.54500	17009
6.54667	16972
6.54833	16931
6.55000	16884
6.55167	16836
6.55333	16791
6.55500	16746
6.55667	16698
6.55833	16644
6.56000	16591
6.56167	16541
6.56333	16493
6.56500	16441
6.56667	16384
6.56833	16328
6.57000	16275
6.57167	16224
6.57333	16169
6.57500	16109
6.57667	16050
6.57833	15995
6.58000	15943
6.58167	15888
6.58333	15828
6.58500	15770
6.58667	15717
6.58833	15667
6.59000	15614
6.59167	15557
6.59333	15501
6.59500	15451
6.59667	15404
6.59833	15356
6.60000	15303
6.60167	15253
6.60333	15209
6.60500	15169
6.60667	15129
6.60833	15087
6.61000	15046
6.61167	15011
6.61333	14977
6.61500	14943
6.61667	14906
6.61833	14872
6.62000	14842
6.62167	14816
6.62333	14790
6.62500	14763
6.62667	14738
6.62833	14717
6.63000	14698
6.63167	14680
6.63333	14661
6.63500	14644
6.63667	14628
6.63833	14615
6.64000	14601
6.64167	14587
6.64333	14573
6.64500	14562
6.64667	14551
6.64833	14540
6.65000	14528
6.65167	14516
6.65333	14506
6.65500	14496
6.65667	14485
6.65833	14473
6.66000	14461
6.66167	14450
6.66333	14439
6.66500	14427
6.66667	14414
6.66833	14400
6.67000	14386
6.67167	14370
6.67333	14351
6.67500	14329
6.67667	14307
6.67833	14286
6.68000	14266
6.68167	14243
6.68333	14218
6.68500	14192
6.68667	14166
6.68833	14140
6.69000	14110
6.69167	14077
6.69333	14042
6.69500	14007
6.69667	13969
6.69833	13928
6.70000	13879
6.70167	13830
6.70333	13783
6.70500	13735
6.70667	13683
6.70833	13624
6.71000	13566
6.71167	13511
6.71333	13457
6.71500	13399
6.71667	13335
6.71833	13271
6.72000	13213
6.72167	13156
6.72333	13096
6.72500	13029
6.72667	12964
6.72833	12903
6.73000	12843
6.73167	12780
6.73333	12709
6.73500	12640
6.73667	12577
6.73833	12516
6.74000	12454
6.74167	12385
6.74333	12318
6.74500	12259
6.74667	12204
6.74833	12147
6.75000	12086
6.75167	12027
6.75333	11975
6.75500	11926
6.75667	11875
6.75833	11819
6.76000	11767
6.76167	11720
6.76333	11678
6.76500	11635
6.76667	11589
6.76833	11546
6.77000	11510
6.77167	11477
6.77333	11445
6.77500	11412
6.77667	11381
6.77833	11355
6.78000	11331
6.78167	11308
6.78333	11284
6.78500	11262
6.78667	11242
6.78833	11224
6.79000	11206
6.79167	11187
6.79333	11168
6.79500	11153
6.79667	11138
6.79833	11124
6.80000	11109
6.80167	11095
6.80333	11082
6.80500	11070
6.80667	11058
6.80833	11045
6.81000	11032
6.81167	11019
6.81333	11007
6.81500	10993
6.81667	10978
6.81833	10962
6.82000	10947
6.82167	10930
6.82333	10912
6.82500	10891
6.82667	10869
6.82833	10848
6.83000	10826
6.83167	10801
6.83333	10773
6.83500	10745
6.83667	10717
6.83833	10689
6.84000	10657
6.84167	10622
6.84333	10585
6.84500	10550
6.84667	10512
6.84833	10470
6.85000	10423
6.85167	10374
6.85333	10327
6.85500	10279
6.85667	10225
6.85833	10165
6.86000	10104
6.86167	10047
6.86333	9991
6.86500	9931
6.86667	9864
6.86833	9798
6.87000	9737
6.87167	9677
6.87333	9613
6.87500	9542
6.87667	9471
6.87833	9405
6.88000	9340
6.88167	9270
6.88333	9191
6.88500	9114
6.88667	9045
6.88833	8978
6.89000	8909
6.89167	8833
6.89333	8759
6.89500	8693
6.89667	8630
6.89833	8565
6.90000	8494
6.90167	8425
6.90333	8362
6.90500	8302
6.90667	8239
6.90833	8170
6.91000	8103
6.91167	8044
6.91333	7989
6.91500	7933
6.91667	7873
6.91833	7815
6.92000	7765
6.92167	7719
6.92333	7673
6.92500	7623
6.92667	7575
6.92833	7533
6.93000	7495
6.93167	7456
6.93333	7413
6.93500	7373
6.93667	7338
6.93833	7306
6.94000	7274
6.94167	7240
6.94333	7208
6.94500	7181
6.94667	7157
6.94833	7133
6.95000	7109
6.95167	7086
6.95333	7067
6.95500	7050
6.95667	7034
6.95833	7017
6.96000	7001
6.96167	6985
6.96333	6970
6.96500	6953
6.96667	6934
6.96833	6915
6.97000	6896
6.97167	6875
6.97333	6853
6.97500	6827
6.97667	6800
6.97833	6776
6.98000	6751
6.98167	6724
6.98333	6693
6.98500	6663
6.98667	6633
6.98833	6603
6.99000	6569
6.99167	6531
6.99333	6493
6.99500	6454
6.99667	6413
6.99833	6368
7.00000	6316
7.00167	6264
7.00333	6213
7.00500	6162
7.00667	6106
7.00833	6042
7.01000	5979
7.01167	5919
7.01333	5859
7.01500	5795
7.01667	5722
7.01833	5650
7.02000	5582
7.02167	5512
7.02333	5438
7.02500	5354
7.02667	5271
7.02833	5195
7.03000	5121
7.03167	5043
7.03333	4958
7.03500	4874
7.03667	4798
7.03833	4725
7.04000	4649
7.04167	4565
7.04333	4483
7.04500	4407
7.04667	4334
7.04833	4257
7.05000	4171
7.05167	4089
7.05333	4015
7.05500	3945
7.05667	3873
7.05833	3794
7.06000	3719
7.06167	3652
7.06333	3590
7.06500	3526
7.06667	3456
7.06833	3389
7.07000	3330
7.07167	3274
7.07333	3217
7.07500	3155
7.07667	3096
7.07833	3043
7.08000	2994
7.08167	2944
7.08333	2890
7.08500	2839
7.08667	2795
7.08833	2756
7.09000	2718
7.09167	2678
7.09333	2640
7.09500	2607
7.09667	2577
7.09833	2547
7.10000	2515
7.10167	2483
7.10333	2455
7.10500	2428
7.10667	2399
7.10833	2368
7.11000	2338
7.11167	2311
7.11333	2287
7.11500	2262
7.11667	2235
7.11833	2209
7.12000	2185
7.12167	2162
7.12333	2137
7.12500	2110
7.12667	2082
7.12833	2055
7.13000	2027
7.13167	1997
7.13333	1961
7.13500	1926
7.13667	1891
7.13833	1856
7.14000	1817
7.14167	1774
7.14333	1730
7.14500	1687
7.14667	1643
7.14833	1595
7.15000	1540
7.15167	1485
7.15333	1433
7.15500	1382
7.15667	1327
7.15833	1266
7.16000	1205
7.16167	1148
7.16333	1091
7.16500	1030
7.16667	962
7.16833	894
7.17000	828
7.17167	760
7.17333	687
7.17500	603
7.17667	519
7.17833	441
7.18000	364
7.18167	282
7.18333	191
7.18500	101
7.18667	20
7.18833	-58
7.19000	-139
7.19167	-229
7.19333	-316
7.19500	-396
7.19667	-474
7.19833	-556
7.20000	-646
7.20167	-735
7.20333	-816
7.20500	-894
7.20667	-977
7.20833	-1068
7.21000	-1156
7.21167	-1234
7.21333	-1307
7.21500	-1381
7.21667	-1462
7.21833	-1539
7.22000	-1607
7.22167	-1671
7.22333	-1736
7.22500	-1806
7.22667	-1873
7.22833	-1933
7.23000	-1988
7.23167	-2044
7.23333	-2105
7.23500	-2162
7.23667	-2211
7.23833	-2254
7.24000	-2297
7.24167	-2342
7.24333	-2385
7.24500	-2422
7.24667	-2457
7.24833	-2492
7.25000	-2530
7.25167	-2567
7.25333	-2599
7.25500	-2629
7.25667	-2660
7.25833	-2693
7.26000	-2725
7.26167	-2754
7.26333	-2782
7.26500	-2810
7.26667	-2842
7.26833	-2872
7.27000	-2900
7.27167	-2927
7.27333	-2954
7.27500	-2984
7.27667	-3014
7.27833	-3041
7.28000	-3068
7.28167	-3097
7.28333	-3129
7.28500	-3161
7.28667	-3193
7.28833	-3226
7.29000	-3263
7.29167	-3306
7.29333	-3349
7.29500	-3392
7.29667	-3436
7.29833	-3484
7.30000	-3539
7.30167	-3594
7.30333	-3647
7.30500	-3700
7.30667	-3758
7.30833	-3823
7.31000	-3888
7.31167	-3950
7.31333	-4013
7.31500	-4081
7.31667	-4158
7.31833	-4235
7.32000	-4308
7.32167	-4381
7.32333	-4460
7.32500	-4549
7.32667	-4637
7.32833	-4719
7.33000	-4800
7.33167	-4886
7.33333	-4982
7.33500	-5077
7.33667	-5165
7.33833	-5251
7.34000	-5343
7.34167	-5445
7.34333	-5545
7.34500	-5637
7.34667	-5726
7.34833	-5820
7.35000	-5924
7.35167	-6025
7.35333	-6118
7.35500	-6207
7.35667	-6301
7.35833	-6404
7.36000	-6505
7.36167	-6595
7.36333	-6680
7.36500	-6769
7.36667	-6865
7.36833	-6958
7.37000	-7041
7.37167	-7120
7.37333	-7200
7.37500	-7287
7.37667	-7370
7.37833	-7445
7.38000	-7514
7.38167	-7586
7.38333	-7664
7.38500	-7737
7.38667	-7802
7.38833	-7861
7.39000	-7920
7.39167	-7984
7.39333	-8044
7.39500	-8099
7.39667	-8150
7.39833	-8203
7.40000	-8260
7.40167	-8315
7.40333	-8363
7.40500	-8406
7.40667	-8449
7.40833	-8495
7.41000	-8538
7.41167	-8576
7.41333	-8611
7.41500	-8646
7.41667	-8685
7.41833	-8721
7.42000	-8755
7.42167	-8788
7.42333	-8823
7.42500	-8862
7.42667	-8900
7.42833	-8935
7.43000	-8968
7.43167	-9002
7.43333	-9039
7.43500	-9077
7.43667	-9113
7.43833	-9149
7.44000	-9189
7.44167	-9235
7.44333	-9281
7.44500	-9324
7.44667	-9368
7.44833	-9415
7.45000	-9469
7.45167	-9522
7.45333	-9572
7.45500	-9623
7.45667	-9677
7.45833	-9737
7.46000	-9799
7.46167	-9858
7.46333	-9919
7.46500	-9986
7.46667	-10061
7.46833	-10137
7.47000	-10209
7.47167	-10282
7.47333	-10360
7.47500	-10448
7.47667	-10535
7.47833	-10616
7.48000	-10697
7.48167	-10783
7.48333	-10880
7.48500	-10975
7.48667	-11065
7.48833	-11155
7.49000	-11250
7.49167	-11358
7.49333	-11464
7.49500	-11560
7.49667	-11654
7.49833	-11752
7.50000	-11860
7.50167	-11966
7.50333	-12063
7.50500	-12156
7.50667	-12254
7.50833	-12362
7.51000	-12467
7.51167	-12564
7.51333	-12657
7.51500	-12755
7.51667	-12864
7.51833	-12968
7.52000	-13062
7.52167	-13150
7.52333	-13241
7.52500	-13339
7.52667	-13433
7.52833	-13517
7.53000	-13596
7.53167	-13676
7.53333	-13763
7.53500	-13847
7.53667	-13923
7.53833	-13995
7.54000	-14070
7.54167	-14151
7.54333	-14230
7.54500	-14299
7.54667	-14363
7.54833	-14428
7.55000	-14498
7.55167	-14565
7.55333	-14623
7.55500	-14676
7.55667	-14729
7.55833	-14786
7.56000	-14841
7.56167	-14890
7.56333	-14936
7.56500	-14983
7.56667	-15035
7.56833	-15085
7.57000	-15131
7.57167	-15175
7.57333	-15221
7.57500	-15271
7.57667	-15321
7.57833	-15367
7.58000	-15411
7.58167	-15457
7.58333	-15508
7.58500	-15558
7.58667	-15604
7.58833	-15647
7.59000	-15693
7.59167	-15744
7.59333	-15794
7.59500	-15842
7.59667	-15889
7.59833	-15941
7.60000	-15998
7.60167	-16056
7.60333	-16110
7.60500	-16164
7.60667	-16222
7.60833	-16287
7.61000	-16353
7.61167	-16415
7.61333	-16478
7.61500	-16546
7.61667	-16623
7.61833	-16701
7.62000	-16775
7.62167	-16851
7.62333	-16933
7.62500	-17026
7.62667	-17119
7.62833	-17207
7.63000	-17294
7.63167	-17388
7.63333	-17493
7.63500	-17597
7.63667	-17694
7.63833	-17791
7.64000	-17893
7.64167	-18008
7.64333	-18122
7.64500	-18228
7.64667	-18333
7.64833	-18445
7.65000	-18571
7.65167	-18693
7.65333	-18805
7.65500	-18914
7.65667	-19027
7.65833	-19152
7.66000	-19274
7.66167	-19384
7.66333	-19489
7.66500	-19598
7.66667	-19718
7.66833	-19835
7.67000	-19942
7.67167	-20045
7.67333	-20154
7.67500	-20275
7.67667	-20391
7.67833	-20496
7.68000	-20595
7.68167	-20697
7.68333	-20809
7.68500	-20916
7.68667	-21012
7.68833	-21102
7.69000	-21195
7.69167	-21295
7.69333	-21392
7.69500	-21478
7.69667	-21560
7.69833	-21643
7.70000	-21734
7.70167	-21822
7.70333	-21899
7.70500	-21970
7.70667	-22043
7.70833	-22122
7.71000	-22197
7.71167	-22263
7.71333	-22324
7.71500	-22385
7.71667	-22452
7.71833	-22516
7.72000	-22573
7.72167	-22628
7.72333	-22685
7.72500	-22748
7.72667	-22808
7.72833	-22863
7.73000	-22914
7.73167	-22968
7.73333	-23027
7.73500	-23084
7.73667	-23135
7.73833	-23184
7.74000	-23236
7.74167	-23292
7.74333	-23347
7.74500	-23400
7.74667	-23453
7.74833	-23510
7.75000	-23574
7.75167	-23638
7.75333	-23699
7.75500	-23761
7.75667	-23827
7.75833	-23902
7.76000	-23977
7.76167	-24046
7.76333	-24116
7.76500	-24190
7.76667	-24273
7.76833	-24356
7.77000	-24434
7.77167	-24512
7.77333	-24596
7.77500	-24690
7.77667	-24784
7.77833	-24872
7.78000	-24961
7.78167	-25057
7.78333	-25165
7.78500	-25272
7.78667	-25373
7.78833	-25472
7.79000	-25578
7.79167	-25696
7.79333	-25813
7.79500	-25922
7.79667	-26029
7.79833	-26143
7.80000	-26270
7.80167	-26395
7.80333	-26511
7.80500	-26624
7.80667	-26744
7.80833	-26877
7.81000	-27008
7.81167	-27128
7.81333	-27245
7.81500	-27368
7.81667	-27504
7.81833	-27636
7.82000	-27757
7.82167	-27873
7.82333	-27994
7.82500	-28128
7.82667	-28257
7.82833	-28374
7.83000	-28484
7.83167	-28599
7.83333	-28724
7.83500	-28844
7.83667	-28952
7.83833	-29053
7.84000	-29156
7.84167	-29269
7.84333	-29378
7.84500	-29476
7.84667	-29570
7.84833	-29667
7.85000	-29773
7.85167	-29876
7.85333	-29968
7.85500	-30055
7.85667	-30146
7.85833	-30245
7.86000	-30339
7.86167	-30423
7.86333	-30500
7.86500	-30578
7.86667	-30663
7.86833	-30744
7.87000	-30816
7.87167	-30886
7.87333	-30957
7.87500	-31035
7.87667	-31111
7.87833	-31179
7.88000	-31243
7.88167	-31308
7.88333	-31380
7.88500	-31450
7.88667	-31513
7.88833	-31573
7.89000	-31635
7.89167	-31703
7.89333	-31770
7.89500	-31832
7.89667	-31893
7.89833	-31958
7.90000	-32030
7.90167	-32101
7.90333	-32166
7.90500	-32229
7.90667	-32295
7.90833	-32369
7.91000	-32441
7.91167	-32509
7.91333	-32577
7.91500	-32649
7.91667	-32730
7.91833	-32811
7.92000	-32887
7.92167	-32964
7.92333	-33046
7.92500	-33138
7.92667	-33230
7.92833	-33317
7.93000	-33403
7.93167	-33496
7.93333	-33601
7.93500	-33705
7.93667	-33802
7.93833	-33900
7.94000	-34004
7.94167	-34122
7.94333	-34238
7.94500	-34346
7.94667	-34452
7.94833	-34565
7.95000	-34692
7.95167	-34816
7.95333	-34932
7.95500	-35047
7.95667	-35168
7.95833	-35304
7.96000	-35437
7.96167	-35559
7.96333	-35677
7.96500	-35801
7.96667	-35939
7.96833	-36073
7.97000	-36195
7.97167	-36313
7.97333	-36435
7.97500	-36571
7.97667	-36702
7.97833	-36822
7.98000	-36936
7.98167	-37054
7.98333	-37185
7.98500	-37310
7.98667	-37423
7.98833	-37529
7.99000	-37639
7.99167	-37758
7.99333	-37873
7.99500	-37977
7.99667	-38075
7.99833	-38177
8.00000	-38289
8.00167	-38395
8.00333	-38490
8.00500	-38579
8.00667	-38669
8.00833	-38766
8.01000	-38859
8.01167	-38941
8.01333	-39017
8.01500	-39093
8.01667	-39176
8.01833	-39254
8.02000	-39323
8.02167	-39386
8.02333	-39449
8.02500	-39517
8.02667	-39581
8.02833	-39637
8.03000	-39689
8.03167	-39741
8.03333	-39797
8.03500	-39850
8.03667	-39896
8.03833	-39939
8.04000	-39982
8.04167	-40029
8.04333	-40074
8.04500	-40115
8.04667	-40155
8.04833	-40196
8.05000	-40243
8.05167	-40288
8.05333	-40331
8.05500	-40374
8.05667	-40420
8.05833	-40472
8.06000	-40523
8.06167	-40569
8.06333	-40615
8.06500	-40663
8.06667	-40716
8.06833	-40769
8.07000	-40821
8.07167	-40875
8.07333	-40934
8.07500	-41001
8.07667	-41070
8.07833	-41136
8.08000	-41204
8.08167	-41279
8.08333	-41363
8.08500	-41448
8.08667	-41529
8.08833	-41610
8.09000	-41697
8.09167	-41795
8.09333	-41892
8.09500	-41985
8.09667	-42077
8.09833	-42176
8.10000	-42288
8.10167	-42399
8.10333	-42504
8.10500	-42608
8.10667	-42720
8.10833	-42846
8.11000	-42971
8.11167	-43087
8.11333	-43202
8.11500	-43324
8.11667	-43460
8.11833	-43593
8.12000	-43715
8.12167	-43834
8.12333	-43958
8.12500	-44095
8.12667	-44229
8.12833	-44353
8.13000	-44473
8.13167	-44600
8.13333	-44741
8.13500	-44879
8.13667	-45006
8.13833	-45130
8.14000	-45262
8.14167	-45407
8.14333	-45548
8.14500	-45676
8.14667	-45797
8.14833	-45923
8.15000	-46060
8.15167	-46192
8.15333	-46312
8.15500	-46426
8.15667	-46543
8.15833	-46672
8.16000	-46797
8.16167	-46909
8.16333	-47016
8.16500	-47127
8.16667	-47249
8.16833	-47366
8.17000	-47470
8.17167	-47567
8.17333	-47666
8.17500	-47773
8.17667	-47876
8.17833	-47968
8.18000	-48056
8.18167	-48146
8.18333	-48244
8.18500	-48339
8.18667	-48424
8.18833	-48505
8.19000	-48589
8.19167	-48681
8.19333	-48770
8.19500	-48851
8.19667	-48929
8.19833	-49011
8.20000	-49101
8.20167	-49189
8.20333	-49270
8.20500	-49348
8.20667	-49430
8.20833	-49521
8.21000	-49610
8.21167	-49691
8.21333	-49770
8.21500	-49852
8.21667	-49944
8.21833	-50034
8.22000	-50117
8.22167	-50201
8.22333	-50289
8.22500	-50388
8.22667	-50487
8.22833	-50579
8.23000	-50671
8.23167	-50768
8.23333	-50878
8.23500	-50985
8.23667	-51085
8.23833	-51183
8.24000	-51286
8.24167	-51401
8.24333	-51515
8.24500	-51621
8.24667	-51726
8.24833	-51838
8.25000	-51964
8.25167	-52089
8.25333	-52206
8.25500	-52323
8.25667	-52448
8.25833	-52587
8.26000	-52726
8.26167	-52854
8.26333	-52981
8.26500	-53115
8.26667	-53265
8.26833	-53412
8.27000	-53548
8.27167	-53681
8.27333	-53821
8.27500	-53977
8.27667	-54129
8.27833	-54267
8.28000	-54400
8.28167	-54538
8.28333	-54690
8.28500	-54838
8.28667	-54973
8.28833	-55103
8.29000	-55239
8.29167	-55388
8.29333	-55534
8.29500	-55666
8.29667	-55793
8.29833	-55926
8.30000	-56072
8.30167	-56214
8.30333	-56342
8.30500	-56464
8.30667	-56591
8.30833	-56730
8.31000	-56864
8.31167	-56985
8.31333	-57100
8.31500	-57218
8.31667	-57347
8.31833	-57471
8.32000	-57582
8.32167	-57687
8.32333	-57794
8.32500	-57912
8.32667	-58024
8.32833	-58125
8.33000	-58220
8.33167	-58318
8.33333	-58425
8.33500	-58527
8.33667	-58619
8.33833	-58707
8.34000	-58797
8.34167	-58895
8.34333	-58991
8.34500	-59077
8.34667	-59159
8.34833	-59244
8.35000	-59337
8.35167	-59428
8.35333	-59511
8.35500	-59591
8.35667	-59674
8.35833	-59766
8.36000	-59855
8.36167	-59937
8.36333	-60017
8.36500	-60101
8.36667	-60193
8.36833	-60284
8.37000	-60368
8.37167	-60450
8.37333	-60536
8.37500	-60633
8.37667	-60727
8.37833	-60816
8.38000	-60904
8.38167	-60999
8.38333	-61104
8.38500	-61209
8.38667	-61306
8.38833	-61403
8.39000	-61506
8.39167	-61621
8.39333	-61735
8.39500	-61841
8.39667	-61946
8.39833	-62057
8.40000	-62182
8.40167	-62305
8.40333	-62420
8.40500	-62534
8.40667	-62657
8.40833	-62794
8.41000	-62929
8.41167	-63055
8.41333	-63180
8.41500	-63312
8.41667	-63460
8.41833	-63606
8.42000	-63741
8.42167	-63872
8.42333	-64011
8.42500	-64166
8.42667	-64317
8.42833	-64457
8.43000	-64593
8.43167	-64737
8.43333	-64896
8.43500	-65053
8.43667	-65197
8.43833	-65337
8.44000	-65485
8.44167	-65649
8.44333	-65809
8.44500	-65955
8.44667	-66096
8.44833	-66243
8.45000	-66406
8.45167	-66563
8.45333	-66704
8.45500	-66838
8.45667	-66976
8.45833	-67128
8.46000	-67274
8.46167	-67407
8.46333	-67535
8.46500	-67668
8.46667	-67815
8.46833	-67957
8.47000	-68085
8.47167	-68207
8.47333	-68334
8.47500	-68474
8.47667	-68608
8.47833	-68729
8.48000	-68843
8.48167	-68961
8.48333	-69091
8.48500	-69215
8.48667	-69328
8.48833	-69436
8.49000	-69547
8.49167	-69670
8.49333	-69788
8.49500	-69894
8.49667	-69994
8.49833	-70097
8.50000	-70210
8.50167	-70318
8.50333	-70417
8.50500	-70510
8.50667	-70607
8.50833	-70714
8.51000	-70818
8.51167	-70912
8.51333	-71004
8.51500	-71099
8.51667	-71204
8.51833	-71307
8.52000	-71401
8.52167	-71491
8.52333	-71587
8.52500	-71692
8.52667	-71795
8.52833	-71889
8.53000	-71982
8.53167	-72079
8.53333	-72187
8.53500	-72294
8.53667	-72394
8.53833	-72493
8.54000	-72599
8.54167	-72717
8.54333	-72834
8.54500	-72943
8.54667	-73050
8.54833	-73164
8.55000	-73291
8.55167	-73417
8.55333	-73533
8.55500	-73649
8.55667	-73772
8.55833	-73909
8.56000	-74045
8.56167	-74172
8.56333	-74297
8.56500	-74431
8.56667	-74581
8.56833	-74729
8.57000	-74865
8.57167	-74998
8.57333	-75139
8.57500	-75295
8.57667	-75448
8.57833	-75589
8.58000	-75727
8.58167	-75873
8.58333	-76034
8.58500	-76193
8.58667	-76339
8.58833	-76481
8.59000	-76631
8.59167	-76797
8.59333	-76960
8.59500	-77109
8.59667	-77253
8.59833	-77405
8.60000	-77572
8.60167	-77736
8.60333	-77884
8.60500	-78026
8.60667	-78175
8.60833	-78338
8.61000	-78496
8.61167	-78640
8.61333	-78778
8.61500	-78921
8.61667	-79078
8.61833	-79231
8.62000	-79369
8.62167	-79502
8.62333	-79639
8.62500	-79790
8.62667	-79937
8.62833	-80069
8.63000	-80194
8.63167	-80324
8.63333	-80466
8.63500	-80604
8.63667	-80727
8.63833	-80844
8.64000	-80964
8.64167	-81096
8.64333	-81223
8.64500	-81337
8.64667	-81445
8.64833	-81557
8.65000	-81680
8.65167	-81798
8.65333	-81906
8.65500	-82009
8.65667	-82116
8.65833	-82234
8.66000	-82349
8.66167	-82453
8.66333	-82552
8.66500	-82655
8.66667	-82769
8.66833	-82880
8.67000	-82980
8.67167	-83077
8.67333	-83178
8.67500	-83290
8.67667	-83398
8.67833	-83498
8.68000	-83595
8.68167	-83697
8.68333	-83811
8.68500	-83922
8.68667	-84024
8.68833	-84125
8.69000	-84231
8.69167	-84348
8.69333	-84464
8.69500	-84572
8.69667	-84678
8.69833	-84790
8.70000	-84915
8.70167	-85039
8.70333	-85153
8.70500	-85266
8.70667	-85387
8.70833	-85521
8.71000	-85653
8.71167	-85776
8.71333	-85896
8.71500	-86024
8.71667	-86166
8.71833	-86307
8.72000	-86437
8.72167	-86565
8.72333	-86701
8.72500	-86853
8.72667	-87002
8.72833	-87141
8.73000	-87278
8.73167	-87424
8.73333	-87586
8.73500	-87745
8.73667	-87893
8.73833	-88037
8.74000	-88190
8.74167	-88359
8.74333	-88525
8.74500	-88678
8.74667	-88827
8.74833	-88983
8.75000	-89156
8.75167	-89325
8.75333	-89478
8.75500	-89626
8.75667	-89780
8.75833	-89949
8.76000	-90114
8.76167	-90265
8.76333	-90411
8.76500	-90563
8.76667	-90732
8.76833	-90896
8.77000	-91045
8.77167	-91190
8.77333	-91341
8.77500	-91508
8.77667	-91670
8.77833	-91816
8.78000	-91955
8.78167	-92099
8.78333	-92258
8.78500	-92411
8.78667	-92549
8.78833	-92681
8.79000	-92817
8.79167	-92966
8.79333	-93111
8.79500	-93241
8.79667	-93365
8.79833	-93493
8.80000	-93634
8.80167	-93770
8.80333	-93893
8.80500	-94011
8.80667	-94134
8.80833	-94268
8.81000	-94398
8.81167	-94516
8.81333	-94628
8.81500	-94745
8.81667	-94873
8.81833	-94997
8.82000	-95110
8.82167	-95219
8.82333	-95332
8.82500	-95457
8.82667	-95579
8.82833	-95689
8.83000	-95796
8.83167	-95908
8.83333	-96031
8.83500	-96152
8.83667	-96263
8.83833	-96371
8.84000	-96486
8.84167	-96613
8.84333	-96737
8.84500	-96852
8.84667	-96965
8.84833	-97084
8.85000	-97216
8.85167	-97345
8.85333	-97465
8.85500	-97581
8.85667	-97704
8.85833	-97840
8.86000	-97974
8.86167	-98098
8.86333	-98220
8.86500	-98349
8.86667	-98494
8.86833	-98636
8.87000	-98769
8.87167	-98901
8.87333	-99041
8.87500	-99197
8.87667	-99351
8.87833	-99493
8.88000	-99633
8.88167	-99782
8.88333	-99947
8.88500	-100109
8.88667	-100260
8.88833	-100407
8.89000	-100564
8.89167	-100738
8.89333	-100908
8.89500	-101066
8.89667	-101220
8.89833	-101382
8.90000	-101562
8.90167	-101738
8.90333	-101899
8.90500	-102054
8.90667	-102216
8.90833	-102395
8.91000	-102569
8.91167	-102728
8.91333	-102883
8.91500	-103044
8.91667	-103223
8.91833	-103398
8.92000	-103557
8.92167	-103711
8.92333	-103872
8.92500	-104050
8.92667	-104223
8.92833	-104381
8.93000	-104533
8.93167	-104692
8.93333	-104868
8.93500	-105038
8.93667	-105192
8.93833	-105339
8.94000	-105491
8.94167	-105658
8.94333	-105820
8.94500	-105965
8.94667	-106103
8.94833	-106246
8.95000	-106402
8.95167	-106554
8.95333	-106692
8.95500	-106824
8.95667	-106962
8.95833	-107114
8.96000	-107262
8.96167	-107396
8.96333	-107525
8.96500	-107659
8.96667	-107806
8.96833	-107949
8.97000	-108078
8.97167	-108201
8.97333	-108328
8.97500	-108467
8.97667	-108603
8.97833	-108726
8.98000	-108845
8.98167	-108969
8.98333	-109105
8.98500	-109239
8.98667	-109361
8.98833	-109479
8.99000	-109603
8.99167	-109740
8.99333	-109874
8.99500	-109996
8.99667	-110115
8.99833	-110239
9.00000	-110377
9.00167	-110512
9.00333	-110637
9.00500	-110759
9.00667	-110888
9.00833	-111032
9.01000	-111173
9.01167	-111304
9.01333	-111431
9.01500	-111566
9.01667	-111716
9.01833	-111864
9.02000	-112000
9.02167	-112134
9.02333	-112275
9.02500	-112432
9.02667	-112587
9.02833	-112730
9.03000	-112870
9.03167	-113020
9.03333	-113186
9.03500	-113349
9.03667	-113501
9.03833	-113649
9.04000	-113806
9.04167	-113981
9.04333	-114153
9.04500	-114311
9.04667	-114466
9.04833	-114630
9.05000	-114813
9.05167	-114991
9.05333	-115156
9.05500	-115316
9.05667	-115484
9.05833	-115671
9.06000	-115854
9.06167	-116022
9.06333	-116185
9.06500	-116357
9.06667	-116547
9.06833	-116733
9.07000	-116903
9.07167	-117067
9.07333	-117238
9.07500	-117427
9.07667	-117611
9.07833	-117779
9.08000	-117942
9.08167	-118112
9.08333	-118300
9.08500	-118484
9.08667	-118651
9.08833	-118813
9.09000	-118982
9.09167	-119169
9.09333	-119351
9.09500	-119515
9.09667	-119673
9.09833	-119836
9.10000	-120016
9.10167	-120191
9.10333	-120349
9.10500	-120500
9.10667	-120658
9.10833	-120831
9.11000	-121000
9.11167	-121153
9.11333	-121300
9.11500	-121453
9.11667	-121622
9.11833	-121787
9.12000	-121936
9.12167	-122079
9.12333	-122228
9.12500	-122392
9.12667	-122552
9.12833	-122696
9.13000	-122834
9.13167	-122978
9.13333	-123136
9.13500	-123290
9.13667	-123430
9.13833	-123565
9.14000	-123705
9.14167	-123861
9.14333	-124012
9.14500	-124151
9.14667	-124285
9.14833	-124426
9.15000	-124582
9.15167	-124734
9.15333	-124875
9.15500	-125011
9.15667	-125155
9.15833	-125314
9.16000	-125470
9.16167	-125614
9.16333	-125754
9.16500	-125902
9.16667	-126067
9.16833	-126228
9.17000	-126376
9.17167	-126520
9.17333	-126672
9.17500	-126839
9.17667	-127004
9.17833	-127156
9.18000	-127305
9.18167	-127462
9.18333	-127637
9.18500	-127809
9.18667	-127969
9.18833	-128126
9.19000	-128293
9.19167	-128479
9.19333	-128662
9.19500	-128830
9.19667	-128993
9.19833	-129166
9.20000	-129357
9.20167	-129545
9.20333	-129717
9.20500	-129884
9.20667	-130060
9.20833	-130256
9.21000	-130447
9.21167	-130624
9.21333	-130797
9.21500	-130980
9.21667	-131183
9.21833	-131382
9.22000	-131565
9.22167	-131743
9.22333	-131930
9.22500	-132137
9.22667	-132339
9.22833	-132524
9.23000	-132703
9.23167	-132890
9.23333	-133098
9.23500	-133300
9.23667	-133485
9.23833	-133663
9.24000	-133849
9.24167	-134054
9.24333	-134254
9.24500	-134436
9.24667	-134611
9.24833	-134794
9.25000	-134996
9.25167	-135192
9.25333	-135370
9.25500	-135543
9.25667	-135722
9.25833	-135920
9.26000	-136112
9.26167	-136287
9.26333	-136456
9.26500	-136631
9.26667	-136824
9.26833	-137012
9.27000	-137182
9.27167	-137346
9.27333	-137516
9.27500	-137703
9.27667	-137884
9.27833	-138049
9.28000	-138208
9.28167	-138373
9.28333	-138555
9.28500	-138732
9.28667	-138894
9.28833	-139050
9.29000	-139214
9.29167	-139394
9.29333	-139570
9.29500	-139731
9.29667	-139885
9.29833	-140047
9.30000	-140225
9.30167	-140398
9.30333	-140556
9.30500	-140708
9.30667	-140867
9.30833	-141042
9.31000	-141213
9.31167	-141369
9.31333	-141519
9.31500	-141677
9.31667	-141852
9.31833	-142023
9.32000	-142181
9.32167	-142336
9.32333	-142499
9.32500	-142681
9.32667	-142858
9.32833	-143022
9.33000	-143181
9.33167	-143348
9.33333	-143534
9.33500	-143716
9.33667	-143883
9.33833	-144045
9.34000	-144215
9.34167	-144403
9.34333	-144588
9.34500	-144757
9.34667	-144923
9.34833	-145097
9.35000	-145290
9.35167	-145480
9.35333	-145655
9.35500	-145826
9.35667	-146007
9.35833	-146209
9.36000	-146406
9.36167	-146588
9.36333	-146765
9.36500	-146952
9.36667	-147160
9.36833	-147363
9.37000	-147548
9.37167	-147727
9.37333	-147915
9.37500	-148123
9.37667	-148325
9.37833	-148512
9.38000	-148693
9.38167	-148883
9.38333	-149094
9.38500	-149301
9.38667	-149490
9.38833	-149673
9.39000	-149865
9.39167	-150077
9.39333	-150284
9.39500	-150473
9.39667	-150655
9.39833	-150846
9.40000	-151057
9.40167	-151262
9.40333	-151449
9.40500	-151629
9.40667	-151817
9.40833	-152024
9.41000	-152225
9.41167	-152407
9.41333	-152582
9.41500	-152765
9.41667	-152966
9.41833	-153162
9.42000	-153340
9.42167	-153511
9.42333	-153691
9.42500	-153888
9.42667	-154081
9.42833	-154256
9.43000	-154425
9.43167	-154602
9.43333	-154797
9.43500	-154987
9.43667	-155159
9.43833	-155324
9.44000	-155497
9.44167	-155686
9.44333	-155870
9.44500	-156036
9.44667	-156195
9.44833	-156360
9.45000	-156541
9.45167	-156717
9.45333	-156878
9.45500	-157033
9.45667	-157195
9.45833	-157374
9.46000	-157548
9.46167	-157708
9.46333	-157862
9.46500	-158024
9.46667	-158203
9.46833	-158378
9.47000	-158538
9.47167	-158694
9.47333	-158858
9.47500	-159040
9.47667	-159218
9.47833	-159381
9.48000	-159539
9.48167	-159705
9.48333	-159889
9.48500	-160069
9.48667	-160233
9.48833	-160393
9.49000	-160561
9.49167	-160747
9.49333	-160929
9.49500	-161097
9.49667	-161260
9.49833	-161432
9.50000	-161624
9.50167	-161811
9.50333	-161983
9.50500	-162151
9.50667	-162328
9.50833	-162524
9.51000	-162716
9.51167	-162892
9.51333	-163064
9.51500	-163244
9.51667	-163443
9.51833	-163639
9.52000	-163819
9.52167	-163994
9.52333	-164179
9.52500	-164385
9.52667	-164586
9.52833	-164771
9.53000	-164951
9.53167	-165140
9.53333	-165349
9.53500	-165553
9.53667	-165740
9.53833	-165921
9.54000	-166111
9.54167	-166320
9.54333	-166525
9.54500	-166713
9.54667	-166895
9.54833	-167087
9.55000	-167300
9.55167	-167508
9.55333	-167697
9.55500	-167879
9.55667	-168070
9.55833	-168280
9.56000	-168485
9.56167	-168671
9.56333	-168852
9.56500	-169041
9.56667	-169249
9.56833	-169452
9.57000	-169637
9.57167	-169816
9.57333	-170002
9.57500	-170209
9.57667	-170409
9.57833	-170592
9.58000	-170768
9.58167	-170951
9.58333	-171154
9.58500	-171350
9.58667	-171530
9.58833	-171703
9.59000	-171884
9.59167	-172084
9.59333	-172278
9.59500	-172454
9.59667	-172623
9.59833	-172799
9.60000	-172992
9.60167	-173181
9.60333	-173354
9.60500	-173522
9.60667	-173698
9.60833	-173893
9.61000	-174083
9.61167	-174256
9.61333	-174424
9.61500	-174600
9.61667	-174794
9.61833	-174982
9.62000	-175154
9.62167	-175320
9.62333	-175493
9.62500	-175683
9.62667	-175868
9.62833	-176038
9.63000	-176202
9.63167	-176374
9.63333	-176564
9.63500	-176749
9.63667	-176919
9.63833	-177083
9.64000	-177255
9.64167	-177445
9.64333	-177631
9.64500	-177802
9.64667	-177969
9.64833	-178146
9.65000	-178341
9.65167	-178533
9.65333	-178710
9.65500	-178882
9.65667	-179064
9.65833	-179266
9.66000	-179463
9.66167	-179644
9.66333	-179820
9.66500	-180005
9.66667	-180209
9.66833	-180409
9.67000	-180591
9.67167	-180769
9.67333	-180954
9.67500	-181160
9.67667	-181361
9.67833	-181547
9.68000	-181727
9.68167	-181917
9.68333	-182128
9.68500	-182335
9.68667	-182524
9.68833	-182707
9.69000	-182900
9.69167	-183113
9.69333	-183321
9.69500	-183512
9.69667	-183697
9.69833	-183891
9.70000	-184106
9.70167	-184316
9.70333	-184509
9.70500	-184696
9.70667	-184893
9.70833	-185110
9.71000	-185323
9.71167	-185516
9.71333	-185703
9.71500	-185897
9.71667	-186112
9.71833	-186321
9.72000	-186512
9.72167	-186697
9.72333	-186890
9.72500	-187104
9.72667	-187313
9.72833	-187503
9.73000	-187687
9.73167	-187879
9.73333	-188092
9.73500	-188299
9.73667	-188487
9.73833	-188669
9.74000	-188859
9.74167	-189068
9.74333	-189272
9.74500	-189458
9.74667	-189636
9.74833	-189823
9.75000	-190028
9.75167	-190229
9.75333	-190411
9.75500	-190586
9.75667	-190768
9.75833	-190969
9.76000	-191165
9.76167	-191345
9.76333	-191520
9.76500	-191703
9.76667	-191906
9.76833	-192103
9.77000	-192284
9.77167	-192459
9.77333	-192641
9.77500	-192843
9.77667	-193040
9.77833	-193218
9.78000	-193388
9.78167	-193565
9.78333	-193760
9.78500	-193951
9.78667	-194125
9.78833	-194295
9.79000	-194473
9.79167	-194671
9.79333	-194865
9.79500	-195042
9.79667	-195214
9.79833	-195395
9.80000	-195596
9.80167	-195791
9.80333	-195970
9.80500	-196142
9.80667	-196322
9.80833	-196521
9.81000	-196715
9.81167	-196894
9.81333	-197067
9.81500	-197250
9.81667	-197452
9.81833	-197649
9.82000	-197831
9.82167	-198007
9.82333	-198193
9.82500	-198398
9.82667	-198599
9.82833	-198784
9.83000	-198965
9.83167	-199155
9.83333	-199366
9.83500	-199573
9.83667	-199763
9.83833	-199947
9.84000	-200141
9.84167	-200356
9.84333	-200566
9.84500	-200758
9.84667	-200944
9.84833	-201138
9.85000	-201354
9.85167	-201564
9.85333	-201757
9.85500	-201944
9.85667	-202140
9.85833	-202356
9.86000	-202568
9.86167	-202762
9.86333	-202950
9.86500	-203147
9.86667	-203365
9.86833	-203578
9.87000	-203773
9.87167	-203961
9.87333	-204159
9.87500	-204377
9.87667	-204591
9.87833	-204786
9.88000	-204974
9.88167	-205172
9.88333	-205391
9.88500	-205605
9.88667	-205800
9.88833	-205988
9.89000	-206185
9.89167	-206403
9.89333	-206615
9.89500	-206809
9.89667	-206995
9.89833	-207190
9.90000	-207404
9.90167	-207613
9.90333	-207803
9.90500	-207986
9.90667	-208177
9.90833	-208388
9.91000	-208593
9.91167	-208780
9.91333	-208960
9.91500	-209150
9.91667	-209359
9.91833	-209563
9.92000	-209750
9.92167	-209931
9.92333	-210121
9.92500	-210332
9.92667	-210537
9.92833	-210724
9.93000	-210904
9.93167	-211092
9.93333	-211300
9.93500	-211502
9.93667	-211686
9.93833	-211863
9.94000	-212048
9.94167	-212252
9.94333	-212451
9.94500	-212633
9.94667	-212810
9.94833	-212995
9.95000	-213199
9.95167	-213399
9.95333	-213583
9.95500	-213761
9.95667	-213949
9.95833	-214157
9.96000	-214359
9.96167	-214545
9.96333	-214724
9.96500	-214912
9.96667	-215120
9.96833	-215323
9.97000	-215508
9.97167	-215687
9.97333	-215874
9.97500	-216081
9.97667	-216283
9.97833	-216469
9.98000	-216649
9.98167	-216839
9.98333	-217050
9.98500	-217257
9.98667	-217446
9.98833	-217630
9.99000	-217824
9.99167	-218039
9.99333	-218249
9.99500	-218442
9.99667	-218630
9.99833	-218827
10.00000	-219045
10.00167	-219259
10.00333	-219455
10.00500	-219644
10.00667	-219843
10.00833	-220063
10.01000	-220278
10.01167	-220475
10.01333	-220665
10.01500	-220865
10.01667	-221086
10.01833	-221302
10.02000	-221499
10.02167	-221689
10.02333	-221888
10.02500	-222109
10.02667	-222324
10.02833	-222520
10.03000	-222709
10.03167	-222908
10.03333	-223127
10.03500	-223342
10.03667	-223538
10.03833	-223729
10.04000	-223930
10.04167	-224152
10.04333	-224368
10.04500	-224566
10.04667	-224758
10.04833	-224958
10.05000	-225179
10.05167	-225395
10.05333	-225592
10.05500	-225782
10.05667	-225981
10.05833	-226200
10.06000	-226414
10.06167	-226609
10.06333	-226798
10.06500	-226995
10.06667	-227212
10.06833	-227424
10.07000	-227618
10.07167	-227804
10.07333	-227998
10.07500	-228212
10.07667	-228421
10.07833	-228612
10.08000	-228796
10.08167	-228988
10.08333	-229200
10.08500	-229408
10.08667	-229597
10.08833	-229780
10.09000	-229972
10.09167	-230184
10.09333	-230390
10.09500	-230580
10.09667	-230763
10.09833	-230956
10.10000	-231168
10.10167	-231376
10.10333	-231566
10.10500	-231749
10.10667	-231941
10.10833	-232153
10.11000	-232360
10.11167	-232550
10.11333	-232733
10.11500	-232925
10.11667	-233137
10.11833	-233344
10.12000	-233533
10.12167	-233717
10.12333	-233911
10.12500	-234125
10.12667	-234334
10.12833	-234526
10.13000	-234712
10.13167	-234907
10.13333	-235124
10.13500	-235334
10.13667	-235527
10.13833	-235713
10.14000	-235908
10.14167	-236122
10.14333	-236332
10.14500	-236524
10.14667	-236709
10.14833	-236904
10.15000	-237119
10.15167	-237330
10.15333	-237523
10.15500	-237712
10.15667	-237910
10.15833	-238130
10.16000	-238344
10.16167	-238541
10.16333	-238731
10.16500	-238931
10.16667	-239151
10.16833	-239366
10.17000	-239563
10.17167	-239753
10.17333	-239953
10.17500	-240173
10.17667	-240389
10.17833	-240585
10.18000	-240776
10.18167	-240976
10.18333	-241196
10.18500	-241412
10.18667	-241608
10.18833	-241799
10.19000	-241998
10.19167	-242218
10.19333	-242433
10.19500	-242630
10.19667	-242821
10.19833	-243022
10.20000	-243243
10.20167	-243460
10.20333	-243658
10.20500	-243849
10.20667	-244049
10.20833	-244270
10.21000	-244485
10.21167	-244681
10.21333	-244870
10.21500	-245068
10.21667	-245286
10.21833	-245499
10.22000	-245693
10.22167	-245881
10.22333	-246079
10.22500	-246297
10.22667	-246510
10.22833	-246704
10.23000	-246890
10.23167	-247085
10.23333	-247300
10.23500	-247509
10.23667	-247700
10.23833	-247884
10.24000	-248076
10.24167	-248289
10.24333	-248496
10.24500	-248685
10.24667	-248869
10.24833	-249062
10.25000	-249275
10.25167	-249483
10.25333	-249674
10.25500	-249858
10.25667	-250051
10.25833	-250264
10.26000	-250472
10.26167	-250661
10.26333	-250844
10.26500	-251035
10.26667	-251246
10.26833	-251452
10.27000	-251639
10.27167	-251819
10.27333	-252007
10.27500	-252215
10.27667	-252418
10.27833	-252604
10.28000	-252785
10.28167	-252975
10.28333	-253185
10.28500	-253391
10.28667	-253578
10.28833	-253760
10.29000	-253950
10.29167	-254160
10.29333	-254365
10.29500	-254552
10.29667	-254734
10.29833	-254924
10.30000	-255135
10.30167	-255341
10.30333	-255531
10.30500	-255716
10.30667	-255911
10.30833	-256127
10.31000	-256338
10.31167	-256531
10.31333	-256718
10.31500	-256914
10.31667	-257130
10.31833	-257341
10.32000	-257534
10.32167	-257720
10.32333	-257915
10.32500	-258130
10.32667	-258341
10.32833	-258534
10.33000	-258721
10.33167	-258917
10.33333	-259135
10.33500	-259347
10.33667	-259541
10.33833	-259728
10.34000	-259924
10.34167	-260141
10.34333	-260352
10.34500	-260545
10.34667	-260731
10.34833	-260926
10.35000	-261142
10.35167	-261352
10.35333	-261545
10.35500	-261733
10.35667	-261930
10.35833	-262148
10.36000	-262361
10.36167	-262556
10.36333	-262745
10.36500	-262942
10.36667	-263161
10.36833	-263374
10.37000	-263569
10.37167	-263757
10.37333	-263954
10.37500	-264171
10.37667	-264384
10.37833	-264578
10.38000	-264766
10.38167	-264963
10.38333	-265181
10.38500	-265393
10.38667	-265587
10.38833	-265773
10.39000	-265969
10.39167	-266184
10.39333	-266393
10.39500	-266585
10.39667	-266770
10.39833	-266963
10.40000	-267177
10.40167	-267386
10.40333	-267577
10.40500	-267762
10.40667	-267957
10.40833	-268172
10.41000	-268382
10.41167	-268574
10.41333	-268760
10.41500	-268954
10.41667	-269169
10.41833	-269378
10.42000	-269570
10.42167	-269754
10.42333	-269948
10.42500	-270161
10.42667	-270369
10.42833	-270560
10.43000	-270745
10.43167	-270939
10.43333	-271153
10.43500	-271363
10.43667	-271555
10.43833	-271740
10.44000	-271935
10.44167	-272149
10.44333	-272359
10.44500	-272550
10.44667	-272735
10.44833	-272929
10.45000	-273142
10.45167	-273351
10.45333	-273543
10.45500	-273729
10.45667	-273924
10.45833	-274140
10.46000	-274352
10.46167	-274546
10.46333	-274735
10.46500	-274934
10.46667	-275153
10.46833	-275368
10.47000	-275563
10.47167	-275753
10.47333	-275951
10.47500	-276170
10.47667	-276383
10.47833	-276578
10.48000	-276767
10.48167	-276965
10.48333	-277184
10.48500	-277398
10.48667	-277594
10.48833	-277785
10.49000	-277985
10.49167	-278206
10.49333	-278422
10.49500	-278619
10.49667	-278809
10.49833	-279007
10.50000	-279225
10.50167	-279439
10.50333	-279634
10.50500	-279823
10.50667	-280021
10.50833	-280241
10.51000	-280456
10.51167	-280652
10.51333	-280843
10.51500	-281044
10.51667	-281266
10.51833	-281482
10.52000	-281680
10.52167	-281872
10.52333	-282073
10.52500	-282294
10.52667	-282511
10.52833	-282708
10.53000	-282899
10.53167	-283099
10.53333	-283320
10.53500	-283535
10.53667	-283731
10.53833	-283920
10.54000	-284118
10.54167	-284337
10.54333	-284549
10.54500	-284744
10.54667	-284932
10.54833	-285128
10.55000	-285346
10.55167	-285558
10.55333	-285752
10.55500	-285939
10.55667	-286136
10.55833	-286353
10.56000	-286565
10.56167	-286759
10.56333	-286947
10.56500	-287144
10.56667	-287363
10.56833	-287575
10.57000	-287770
10.57167	-287957
10.57333	-288153
10.57500	-288370
10.57667	-288580
10.57833	-288773
10.58000	-288958
10.58167	-289152
10.58333	-289366
10.58500	-289574
10.58667	-289765
10.58833	-289951
10.59000	-290146
10.59167	-290361
10.59333	-290572
10.59500	-290765
10.59667	-290951
10.59833	-291147
10.60000	-291363
10.60167	-291574
10.60333	-291767
10.60500	-291953
10.60667	-292147
10.60833	-292362
10.61000	-292572
10.61167	-292763
10.61333	-292948
10.61500	-293141
10.61667	-293355
10.61833	-293563
10.62000	-293754
10.62167	-293939
10.62333	-294132
10.62500	-294347
10.62667	-294556
10.62833	-294748
10.63000	-294933
10.63167	-295128
10.63333	-295344
10.63500	-295555
10.63667	-295747
10.63833	-295933
10.64000	-296127
10.64167	-296341
10.64333	-296550
10.64500	-296741
10.64667	-296926
10.64833	-297120
10.65000	-297334
10.65167	-297543
10.65333	-297735
10.65500	-297920
10.65667	-298115
10.65833	-298331
10.66000	-298541
10.66167	-298733
10.66333	-298920
10.66500	-299115
10.66667	-299332
10.66833	-299543
10.67000	-299736
10.67167	-299923
10.67333	-300118
10.67500	-300335
10.67667	-300546
10.67833	-300738
10.68000	-300924
10.68167	-301118
10.68333	-301333
10.68500	-301542
10.68667	-301733
10.68833	-301917
10.69000	-302110
10.69167	-302323
10.69333	-302531
10.69500	-302719
10.69667	-302902
10.69833	-303092
10.70000	-303301
10.70167	-303506
10.70333	-303694
10.70500	-303877
10.70667	-304069
10.70833	-304281
10.71000	-304489
10.71167	-304679
10.71333	-304863
10.71500	-305056
10.71667	-305269
10.71833	-305476
10.72000	-305664
10.72167	-305844
10.72333	-306032
10.72500	-306239
10.72667	-306440
10.72833	-306625
10.73000	-306803
10.73167	-306991
10.73333	-307198
10.73500	-307401
10.73667	-307587
10.73833	-307767
10.74000	-307956
10.74167	-308165
10.74333	-308369
10.74500	-308555
10.74667	-308734
10.74833	-308921
10.75000	-309128
10.75167	-309330
10.75333	-309514
10.75500	-309692
10.75667	-309878
10.75833	-310084
10.76000	-310284
10.76167	-310468
10.76333	-310647
10.76500	-310834
10.76667	-311041
10.76833	-311244
10.77000	-311429
10.77167	-311609
10.77333	-311798
10.77500	-312007
10.77667	-312210
10.77833	-312396
10.78000	-312575
10.78167	-312762
10.78333	-312968
10.78500	-313169
10.78667	-313353
10.78833	-313530
10.79000	-313715
10.79167	-313920
10.79333	-314120
10.79500	-314304
10.79667	-314482
10.79833	-314669
10.80000	-314876
10.80167	-315078
10.80333	-315263
10.80500	-315443
10.80667	-315631
10.80833	-315839
10.81000	-316041
10.81167	-316225
10.81333	-316403
10.81500	-316589
10.81667	-316793
10.81833	-316993
10.82000	-317176
10.82167	-317353
10.82333	-317539
10.82500	-317745
10.82667	-317946
10.82833	-318131
10.83000	-318310
10.83167	-318499
10.83333	-318708
10.83500	-318912
10.83667	-319099
10.83833	-319279
10.84000	-319467
10.84167	-319675
10.84333	-319878
10.84500	-320062
10.84667	-320241
10.84833	-320427
10.85000	-320632
10.85167	-320833
10.85333	-321016
10.85500	-321193
10.85667	-321379
10.85833	-321585
10.86000	-321785
10.86167	-321969
10.86333	-322147
10.86500	-322333
10.86667	-322540
10.86833	-322742
10.87000	-322926
10.87167	-323105
10.87333	-323291
10.87500	-323498
10.87667	-323699
10.87833	-323883
10.88000	-324062
10.88167	-324248
10.88333	-324455
10.88500	-324656
10.88667	-324840
10.88833	-325017
10.89000	-325202
10.89167	-325406
10.89333	-325606
10.89500	-325788
10.89667	-325964
10.89833	-326148
10.90000	-326351
10.90167	-326550
10.90333	-326731
10.90500	-326906
10.90667	-327090
10.90833	-327293
10.91000	-327491
10.91167	-327672
10.91333	-327847
10.91500	-328029
10.91667	-328231
10.91833	-328427
10.92000	-328607
10.92167	-328781
10.92333	-328963
10.92500	-329165
10.92667	-329362
10.92833	-329542
10.93000	-329717
10.93167	-329900
10.93333	-330103
10.93500	-330301
10.93667	-330482
10.93833	-330658
10.94000	-330842
10.94167	-331046
10.94333	-331244
10.94500	-331426
10.94667	-331602
10.94833	-331786
10.95000	-331989
10.95167	-332188
10.95333	-332370
10.95500	-332546
10.95667	-332731
10.95833	-332935
10.96000	-333135
10.96167	-333317
10.96333	-333492
10.96500	-333676
10.96667	-333879
10.96833	-334077
10.97000	-334258
10.97167	-334434
10.97333	-334619
10.97500	-334823
10.97667	-335023
10.97833	-335205
10.98000	-335381
10.98167	-335566
10.98333	-335770
10.98500	-335968
10.98667	-336150
10.98833	-336326
10.99000	-336510
10.99167	-336713
10.99333	-336912
10.99500	-337094
10.99667	-337272
10.99833	-337459
11.00000	-337666
11.00167	-337869
11.00333	-338054
11.00500	-338232
11.00667	-338419
11.00833	-338625
11.01000	-338825
11.01167	-339009
11.01333	-339186
11.01500	-339371
11.01667	-339576
11.01833	-339775
11.02000	-339958
11.02167	-340134
11.02333	-340319
11.02500	-340523
11.02667	-340723
11.02833	-340905
11.03000	-341080
11.03167	-341265
11.03333	-341468
11.03500	-341667
11.03667	-341849
11.03833	-342026
11.04000	-342212
11.04167	-342418
11.04333	-342619
11.04500	-342803
11.04667	-342981
11.04833	-343167
11.05000	-343372
11.05167	-343573
11.05333	-343755
11.05500	-343932
11.05667	-344117
11.05833	-344321
11.06000	-344521
11.06167	-344703
11.06333	-344880
11.06500	-345065
11.06667	-345270
11.06833	-345470
11.07000	-345653
11.07167	-345830
11.07333	-346015
11.07500	-346219
11.07667	-346419
11.07833	-346601
11.08000	-346777
11.08167	-346962
11.08333	-347166
11.08500	-347365
11.08667	-347548
11.08833	-347726
11.09000	-347912
11.09167	-348119
11.09333	-348321
11.09500	-348506
11.09667	-348685
11.09833	-348874
11.10000	-349082
11.10167	-349286
11.10333	-349471
11.10500	-349649
11.10667	-349836
11.10833	-350041
11.11000	-350241
11.11167	-350425
11.11333	-350602
11.11500	-350789
11.11667	-350995
11.11833	-351197
11.12000	-351382
11.12167	-351563
11.12333	-351753
11.12500	-351963
11.12667	-352169
11.12833	-352357
11.13000	-352539
11.13167	-352730
11.13333	-352942
11.13500	-353148
11.13667	-353336
11.13833	-353519
11.14000	-353710
11.14167	-353921
11.14333	-354128
11.14500	-354317
11.14667	-354500
11.14833	-354692
11.15000	-354905
11.15167	-355112
11.15333	-355302
11.15500	-355485
11.15667	-355678
11.15833	-355890
11.16000	-356098
11.16167	-356288
11.16333	-356472
11.16500	-356666
11.16667	-356880
11.16833	-357089
11.17000	-357280
11.17167	-357466
11.17333	-357661
11.17500	-357878
11.17667	-358089
11.17833	-358282
11.18000	-358468
11.18167	-358664
11.18333	-358879
11.18500	-359090
11.18667	-359283
11.18833	-359469
11.19000	-359665
11.19167	-359882
11.19333	-360094
11.19500	-360288
11.19667	-360476
11.19833	-360675
11.20000	-360894
11.20167	-361109
11.20333	-361305
11.20500	-361495
11.20667	-361695
11.20833	-361915
11.21000	-362130
11.21167	-362327
11.21333	-362518
11.21500	-362718
11.21667	-362939
11.21833	-363155
11.22000	-363352
11.22167	-363543
11.22333	-363743
11.22500	-363964
11.22667	-364179
11.22833	-364376
11.23000	-364567
11.23167	-364766
11.23333	-364987
11.23500	-365203
11.23667	-365400
11.23833	-365591
11.24000	-365792
11.24167	-366014
11.24333	-366231
11.24500	-366430
11.24667	-366622
11.24833	-366824
11.25000	-367047
11.25167	-367265
11.25333	-367465
11.25500	-367658
11.25667	-367861
11.25833	-368086
11.26000	-368305
11.26167	-368506
11.26333	-368699
11.26500	-368902
11.26667	-369127
11.26833	-369346
11.27000	-369546
11.27167	-369740
11.27333	-369944
11.27500	-370169
11.27667	-370389
11.27833	-370591
11.28000	-370786
11.28167	-370991
11.28333	-371217
11.28500	-371438
11.28667	-371640
11.28833	-371834
11.29000	-372038
11.29167	-372263
11.29333	-372482
11.29500	-372683
11.29667	-372877
11.29833	-373080
11.30000	-373305
11.30167	-373524
11.30333	-373724
11.30500	-373918
11.30667	-374122
11.30833	-374346
11.31000	-374566
11.31167	-374766
11.31333	-374960
11.31500	-375163
11.31667	-375388
11.31833	-375607
11.32000	-375807
11.32167	-376001
11.32333	-376204
11.32500	-376428
11.32667	-376647
11.32833	-376848
11.33000	-377043
11.33167	-377247
11.33333	-377472
11.33500	-377692
11.33667	-377894
11.33833	-378088
11.34000	-378292
11.34167	-378517
11.34333	-378737
11.34500	-378936
11.34667	-379129
11.34833	-379330
11.35000	-379551
11.35167	-379767
11.35333	-379965
11.35500	-380156
11.35667	-380356
11.35833	-380577
11.36000	-380793
11.36167	-380990
11.36333	-381181
11.36500	-381382
11.36667	-381603
11.36833	-381819
11.37000	-382015
11.37167	-382205
11.37333	-382402
11.37500	-382621
11.37667	-382833
11.37833	-383027
11.38000	-383215
11.38167	-383411
11.38333	-383627
11.38500	-383838
11.38667	-384031
11.38833	-384217
11.39000	-384412
11.39167	-384628
11.39333	-384838
11.39500	-385029
11.39667	-385214
11.39833	-385408
11.40000	-385621
11.40167	-385829
11.40333	-386019
11.40500	-386203
11.40667	-386396
11.40833	-386608
11.41000	-386816
11.41167	-387005
11.41333	-387187
11.41500	-387377
11.41667	-387587
11.41833	-387792
11.42000	-387978
11.42167	-388157
11.42333	-388343
11.42500	-388549
11.42667	-388750
11.42833	-388934
11.43000	-389112
11.43167	-389299
11.43333	-389506
11.43500	-389708
11.43667	-389892
11.43833	-390070
11.44000	-390255
11.44167	-390461
11.44333	-390661
11.44500	-390842
11.44667	-391017
11.44833	-391200
11.45000	-391402
11.45167	-391598
11.45333	-391777
11.45500	-391950
11.45667	-392132
11.45833	-392332
11.46000	-392527
11.46167	-392705
11.46333	-392877
11.46500	-393056
11.46667	-393255
11.46833	-393447
11.47000	-393623
11.47167	-393792
11.47333	-393967
11.47500	-394161
11.47667	-394350
11.47833	-394522
11.48000	-394689
11.48167	-394863
11.48333	-395055
11.48500	-395243
11.48667	-395414
11.48833	-395579
11.49000	-395752
11.49167	-395944
11.49333	-396130
11.49500	-396300
11.49667	-396463
11.49833	-396633
11.50000	-396821
11.50167	-397004
11.50333	-397171
11.50500	-397332
11.50667	-397501
11.50833	-397688
11.51000	-397869
11.51167	-398035
11.51333	-398194
11.51500	-398361
11.51667	-398545
11.51833	-398724
11.52000	-398886
11.52167	-399043
11.52333	-399205
11.52500	-399385
11.52667	-399559
11.52833	-399718
11.53000	-399871
11.53167	-400030
11.53333	-400207
11.53500	-400378
11.53667	-400535
11.53833	-400687
11.54000	-400845
11.54167	-401021
11.54333	-401192
11.54500	-401348
11.54667	-401498
11.54833	-401655
11.55000	-401828
11.55167	-401996
11.55333	-402150
11.55500	-402298
11.55667	-402453
11.55833	-402624
11.56000	-402791
11.56167	-402942
11.56333	-403088
11.56500	-403240
11.56667	-403408
11.56833	-403571
11.57000	-403719
11.57167	-403863
11.57333	-404013
11.57500	-404178
11.57667	-404339
11.57833	-404487
11.58000	-404629
11.58167	-404778
11.58333	-404943
11.58500	-405103
11.58667	-405249
11.58833	-405390
11.59000	-405536
11.59167	-405697
11.59333	-405854
11.59500	-405996
11.59667	-406134
11.59833	-406277
11.60000	-406435
11.60167	-406589
11.60333	-406729
11.60500	-406863
11.60667	-407004
11.60833	-407158
11.61000	-407309
11.61167	-407446
11.61333	-407579
11.61500	-407718
11.61667	-407872
11.61833	-408022
11.62000	-408160
11.62167	-408292
11.62333	-408431
11.62500	-408584
11.62667	-408734
11.62833	-408870
11.63000	-409001
11.63167	-409138
11.63333	-409289
11.63500	-409436
11.63667	-409570
11.63833	-409700
11.64000	-409835
11.64167	-409985
11.64333	-410130
11.64500	-410262
11.64667	-410389
11.64833	-410521
11.65000	-410666
11.65167	-410807
11.65333	-410936
11.65500	-411060
11.65667	-411190
11.65833	-411333
11.66000	-411473
11.66167	-411600
11.66333	-411724
11.66500	-411854
11.66667	-411998
11.66833	-412138
11.67000	-412265
11.67167	-412388
11.67333	-412517
11.67500	-412658
11.67667	-412795
11.67833	-412921
11.68000	-413042
11.68167	-413168
11.68333	-413307
11.68500	-413443
11.68667	-413566
11.68833	-413685
11.69000	-413809
11.69167	-413946
11.69333	-414079
11.69500	-414200
11.69667	-414317
11.69833	-414439
11.70000	-414574
11.70167	-414705
11.70333	-414825
11.70500	-414942
11.70667	-415064
11.70833	-415199
11.71000	-415331
11.71167	-415450
11.71333	-415565
11.71500	-415684
11.71667	-415816
11.71833	-415944
11.72000	-416060
11.72167	-416172
11.72333	-416290
11.72500	-416419
11.72667	-416545
11.72833	-416661
11.73000	-416773
11.73167	-416890
11.73333	-417021
11.73500	-417147
11.73667	-417263
11.73833	-417374
11.74000	-417490
11.74167	-417617
11.74333	-417742
11.74500	-417855
11.74667	-417965
11.74833	-418079
11.75000	-418206
11.75167	-418329
11.75333	-418441
11.75500	-418549
11.75667	-418662
11.75833	-418786
11.76000	-418907
11.76167	-419017
11.76333	-419122
11.76500	-419232
11.76667	-419354
11.76833	-419472
11.77000	-419581
11.77167	-419686
11.77333	-419797
11.77500	-419920
11.77667	-420039
11.77833	-420148
11.78000	-420253
11.78167	-420363
11.78333	-420484
11.78500	-420602
11.78667	-420708
11.78833	-420811
11.79000	-420917
11.79167	-421033
11.79333	-421147
11.79500	-421251
11.79667	-421351
11.79833	-421457
11.80000	-421573
11.80167	-421687
11.80333	-421790
11.80500	-421891
11.80667	-421996
11.80833	-422111
11.81000	-422224
11.81167	-422327
11.81333	-422427
11.81500	-422530
11.81667	-422645
11.81833	-422756
11.82000	-422857
11.82167	-422955
11.82333	-423056
11.82500	-423168
11.82667	-423277
11.82833	-423375
11.83000	-423469
11.83167	-423567
11.83333	-423675
11.83500	-423780
11.83667	-423876
11.83833	-423969
11.84000	-424066
11.84167	-424173
11.84333	-424278
11.84500	-424373
11.84667	-424465
11.84833	-424561
11.85000	-424666
11.85167	-424769
11.85333	-424863
11.85500	-424954
11.85667	-425048
11.85833	-425152
11.86000	-425253
11.86167	-425345
11.86333	-425434
11.86500	-425527
11.86667	-425630
11.86833	-425730
11.87000	-425821
11.87167	-425908
11.87333	-425998
11.87500	-426098
11.87667	-426194
11.87833	-426282
11.88000	-426366
11.88167	-426455
11.88333	-426552
11.88500	-426646
11.88667	-426732
11.88833	-426815
11.89000	-426902
11.89167	-426997
11.89333	-427090
11.89500	-427174
11.89667	-427254
11.89833	-427338
11.90000	-427430
11.90167	-427520
11.90333	-427601
11.90500	-427680
11.90667	-427762
11.90833	-427853
11.91000	-427941
11.91167	-428021
11.91333	-428097
11.91500	-428176
11.91667	-428264
11.91833	-428348
11.92000	-428425
11.92167	-428499
11.92333	-428575
11.92500	-428660
11.92667	-428742
11.92833	-428816
11.93000	-428889
11.93167	-428964
11.93333	-429048
11.93500	-429129
11.93667	-429204
11.93833	-429275
11.94000	-429350
11.94167	-429433
11.94333	-429514
11.94500	-429587
11.94667	-429657
11.94833	-429730
11.95000	-429811
11.95167	-429889
11.95333	-429960
11.95500	-430027
11.95667	-430097
11.95833	-430173
11.96000	-430247
11.96167	-430314
11.96333	-430378
11.96500	-430444
11.96667	-430517
11.96833	-430587
11.97000	-430652
11.97167	-430715
11.97333	-430782
11.97500	-430855
11.97667	-430927
11.97833	-430992
11.98000	-431054
11.98167	-431119
11.98333	-431191
11.98500	-431260
11.98667	-431322
11.98833	-431381
11.99000	-431441
11.99167	-431507
11.99333	-431571
11.99500	-431629
11.99667	-431685
11.99833	-431744
12.00000	-431809
12.00167	-431873
12.00333	-431930
12.00500	-431985
12.00667	-432042
12.00833	-432105
12.01000	-432166
12.01167	-432222
12.01333	-432275
12.01500	-432330
12.01667	-432391
12.01833	-432450
12.02000	-432504
12.02167	-432555
12.02333	-432609
12.02500	-432668
12.02667	-432726
12.02833	-432777
12.03000	-432826
12.03167	-432876
12.03333	-432931
12.03500	-432984
12.03667	-433032
12.03833	-433078
12.04000	-433126
12.04167	-433179
12.04333	-433230
12.04500	-433277
12.04667	-433322
12.04833	-433368
12.05000	-433420
12.05167	-433469
12.05333	-433515
12.05500	-433559
12.05667	-433605
12.05833	-433656
12.06000	-433705
12.06167	-433750
12.06333	-433794
12.06500	-433838
12.06667	-433887
12.06833	-433935
12.07000	-433977
12.07167	-434018
12.07333	-434059
12.07500	-434104
12.07667	-434148
12.07833	-434189
12.08000	-434228
12.08167	-434269
12.08333	-434314
12.08500	-434358
12.08667	-434397
12.08833	-434435
12.09000	-434474
12.09167	-434517
12.09333	-434559
12.09500	-434596
12.09667	-434632
12.09833	-434670
12.10000	-434711
12.10167	-434751
12.10333	-434788
12.10500	-434824
12.10667	-434862
12.10833	-434904
12.11000	-434945
12.11167	-434981
12.11333	-435017
12.11500	-435053
12.11667	-435093
12.11833	-435132
12.12000	-435166
12.12167	-435199
12.12333	-435233
12.12500	-435270
12.12667	-435306
12.12833	-435339
12.13000	-435370
12.13167	-435402
12.13333	-435437
12.13500	-435471
12.13667	-435502
12.13833	-435532
12.14000	-435562
12.14167	-435596
12.14333	-435628
12.14500	-435658
12.14667	-435687
12.14833	-435717
12.15000	-435750
12.15167	-435782
12.15333	-435811
12.15500	-435840
12.15667	-435869
12.15833	-435902
12.16000	-435933
12.16167	-435961
12.16333	-435988
12.16500	-436016
12.16667	-436045
12.16833	-436074
12.17000	-436100
12.17167	-436124
12.17333	-436149
12.17500	-436177
12.17667	-436203
12.17833	-436228
12.18000	-436251
12.18167	-436276
12.18333	-436303
12.18500	-436330
12.18667	-436354
12.18833	-436378
12.19000	-436403
12.19167	-436431
12.19333	-436457
12.19500	-436481
12.19667	-436503
12.19833	-436525
12.20000	-436550
12.20167	-436573
12.20333	-436595
12.20500	-436615
12.20667	-436636
12.20833	-436659
12.21000	-436682
12.21167	-436703
12.21333	-436723
12.21500	-436745
12.21667	-436769
12.21833	-436792
12.22000	-436813
12.22167	-436833
12.22333	-436853
12.22500	-436875
12.22667	-436896
12.22833	-436915
12.23000	-436934
12.23167	-436954
12.23333	-436976
12.23500	-436997
12.23667	-437016
12.23833	-437035
12.24000	-437054
12.24167	-437075
12.24333	-437095
12.24500	-437113
12.24667	-437130
12.24833	-437147
12.25000	-437166
12.25167	-437184
12.25333	-437201
12.25500	-437219
12.25667	-437237
12.25833	-437258
12.26000	-437278
12.26167	-437296
12.26333	-437313
12.26500	-437331
12.26667	-437350
12.26833	-437369
12.27000	-437385
12.27167	-437400
12.27333	-437415
12.27500	-437431
12.27667	-437447
12.27833	-437462
12.28000	-437476
12.28167	-437491
12.28333	-437508
12.28500	-437525
12.28667	-437540
12.28833	-437555
12.29000	-437570
12.29167	-437588
12.29333	-437605
12.29500	-437619
12.29667	-437633
12.29833	-437647
12.30000	-437662
12.30167	-437676
12.30333	-437689
12.30500	-437701
12.30667	-437712
12.30833	-437725
12.31000	-437738
12.31167	-437750
12.31333	-437762
12.31500	-437775
12.31667	-437790
12.31833	-437805
12.32000	-437818
12.32167	-437831
12.32333	-437845
12.32500	-437860
12.32667	-437875
12.32833	-437888
12.33000	-437900
12.33167	-437912
12.33333	-437925
12.33500	-437937
12.33667	-437948
12.33833	-437958
12.34000	-437968
12.34167	-437979
12.34333	-437989
12.34500	-437998
12.34667	-438007
12.34833	-438017
12.35000	-438027
12.35167	-438037
12.35333	-438047
12.35500	-438056
12.35667	-438066
12.35833	-438077
12.36000	-438088
12.36167	-438098
12.36333	-438108
12.36500	-438118
12.36667	-438129
12.36833	-438140
12.37000	-438150
12.37167	-438159
12.37333	-438169
12.37500	-438179
12.37667	-438188
12.37833	-438197
12.38000	-438205
12.38167	-438214
12.38333	-438223
12.38500	-438231
12.38667	-438240
12.38833	-438247
12.39000	-438255
12.39167	-438264
12.39333	-438272
12.39500	-438280
12.39667	-438288
12.39833	-438296
12.40000	-438305
12.40167	-438314
12.40333	-438323
12.40500	-438331
12.40667	-438340
12.40833	-438349
12.41000	-438359
12.41167	-438367
12.41333	-438375
12.41500	-438384
12.41667	-438393
12.41833	-438402
12.42000	-438410
12.42167	-438419
12.42333	-438428
12.42500	-438438
12.42667	-438448
12.42833	-438457
12.43000	-438464
12.43167	-438472
12.43333	-438480
12.43500	-438487
12.43667	-438494
12.43833	-438501
12.44000	-438508
12.44167	-438516
12.44333	-438523
12.44500	-438530
12.44667	-438537
12.44833	-438544
12.45000	-438552
12.45167	-438559
12.45333	-438566
12.45500	-438572
12.45667	-438579
12.45833	-438586
12.46000	-438593
12.46167	-438600
12.46333	-438607
12.46500	-438614
12.46667	-438621
12.46833	-438629
12.47000	-438635
12.47167	-438641
12.47333	-438647
12.47500	-438654
12.47667	-438660
12.47833	-438665
12.48000	-438670
12.48167	-438675
12.48333	-438681
12.48500	-438686
12.48667	-438691
12.48833	-438697
12.49000	-438703
12.49167	-438710
12.49333	-438717
12.49500	-438724
12.49667	-438730
12.49833	-438737
12.50000	-438745
12.50167	-438752
12.50333	-438759
12.50500	-438765
12.50667	-438770
12.50833	-438777
12.51000	-438783
12.51167	-438789
12.51333	-438794
12.51500	-438800
12.51667	-438807
12.51833	-438813
12.52000	-438818
12.52167	-438823
12.52333	-438828
12.52500	-438834
12.52667	-438839
12.52833	-438844
12.53000	-438850
12.53167	-438855
12.53333	-438861
12.53500	-438867
12.53667	-438873
12.53833	-438878
12.54000	-438882
12.54167	-438888
12.54333	-438892
12.54500	-438897
12.54667	-438900
12.54833	-438904
12.55000	-438908
12.55167	-438912
12.55333	-438916
12.55500	-438920
12.55667	-438925
12.55833	-438930
12.56000	-438935
12.56167	-438939
12.56333	-438944
12.56500	-438949
12.56667	-438955
12.56833	-438961
12.57000	-438966
12.57167	-438972
12.57333	-438978
12.57500	-438985
12.57667	-438992
12.57833	-438998
12.58000	-439003
12.58167	-439009
12.58333	-439016
12.58500	-439022
12.58667	-439028
12.58833	-439033
12.59000	-439038
12.59167	-439044
12.59333	-439050
12.59500	-439055
12.59667	-439060
12.59833	-439065
12.60000	-439070
12.60167	-439075
12.60333	-439079
12.60500	-439083
12.60667	-439087
12.60833	-439090
12.61000	-439094
12.61167	-439098
12.61333	-439102
12.61500	-439106
12.61667	-439111
12.61833	-439116
12.62000	-439121
12.62167	-439125
12.62333	-439130
12.62500	-439135
12.62667	-439140
12.62833	-439144
12.63000	-439147
12.63167	-439151
12.63333	-439155
12.63500	-439159
12.63667	-439162
12.63833	-439166
12.64000	-439170
12.64167	-439175
12.64333	-439180
12.64500	-439184
12.64667	-439189
12.64833	-439194
12.65000	-439200
12.65167	-439206
12.65333	-439211
12.65500	-439216
12.65667	-439221
12.65833	-439226
12.66000	-439231
12.66167	-439235
12.66333	-439239
12.66500	-439241
12.66667	-439244
12.66833	-439246
12.67000	-439249
12.67167	-439252
12.67333	-439255
12.67500	-439259
12.67667	-439263
12.67833	-439267
12.68000	-439271
12.68167	-439274
12.68333	-439279
12.68500	-439283
12.68667	-439287
12.68833	-439291
12.69000	-439294
12.69167	-439298
12.69333	-439302
12.69500	-439306
12.69667	-439311
12.69833	-439316
12.70000	-439323
12.70167	-439329
12.70333	-439334
12.70500	-439339
12.70667	-439343
12.70833	-439347
12.71000	-439352
12.71167	-439356
12.71333	-439359
12.71500	-439363
12.71667	-439368
12.71833	-439373
12.72000	-439377
12.72167	-439382
12.72333	-439387
12.72500	-439394
12.72667	-439400
12.72833	-439405
12.73000	-439410
12.73167	-439415
12.73333	-439421
12.73500	-439426
12.73667	-439431
12.73833	-439435
12.74000	-439439
12.74167	-439444
12.74333	-439448
12.74500	-439452
12.74667	-439457
12.74833	-439462
12.75000	-439467
12.75167	-439473
12.75333	-439478
12.75500	-439483
12.75667	-439488
12.75833	-439493
12.76000	-439498
12.76167	-439503
12.76333	-439506
12.76500	-439509
12.76667	-439513
12.76833	-439516
12.77000	-439519
12.77167	-439522
12.77333	-439526
12.77500	-439530
12.77667	-439535
12.77833	-439539
12.78000	-439542
12.78167	-439547
12.78333	-439551
12.78500	-439556
12.78667	-439560
12.78833	-439564
12.79000	-439569
12.79167	-439574
12.79333	-439579
12.79500	-439584
12.79667	-439588
12.79833	-439594
12.80000	-439600
12.80167	-439605
12.80333	-439611
12.80500	-439615
12.80667	-439620
12.80833	-439625
12.81000	-439630
12.81167	-439635
12.81333	-439639
12.81500	-439643
12.81667	-439648
12.81833	-439653
12.82000	-439657
12.82167	-439662
12.82333	-439666
12.82500	-439672
12.82667	-439677
12.82833	-439681
12.83000	-439685
12.83167	-439689
12.83333	-439692
12.83500	-439696
12.83667	-439699
12.83833	-439701
12.84000	-439704
12.84167	-439706
12.84333	-439709
12.84500	-439712
12.84667	-439716
12.84833	-439721
12.85000	-439726
12.85167	-439732
12.85333	-439737
12.85500	-439742
12.85667	-439747
12.85833	-439753
12.86000	-439758
12.86167	-439762
12.86333	-439766
12.86500	-439770
12.86667	-439773
12.86833	-439777
12.87000	-439781
12.87167	-439785
12.87333	-439790
12.87500	-439795
12.87667	-439801
12.87833	-439806
12.88000	-439811
12.88167	-439815
12.88333	-439820
12.88500	-439825
12.88667	-439830
12.88833	-439835
12.89000	-439840
12.89167	-439845
12.89333	-439851
12.89500	-439856
12.89667	-439861
12.89833	-439865
12.90000	-439871
12.90167	-439876
12.90333	-439880
12.90500	-439883
12.90667	-439887
12.90833	-439890
12.91000	-439893
12.91167	-439897
12.91333	-439901
12.91500	-439905
12.91667	-439911
12.91833	-439916
12.92000	-439920
12.92167	-439924
12.92333	-439928
12.92500	-439933
12.92667	-439937
12.92833	-439941
12.93000	-439944
12.93167	-439948
12.93333	-439952
12.93500	-439956
12.93667	-439959
12.93833	-439963
12.94000	-439966
12.94167	-439970
12.94333	-439974
12.94500	-439977
12.94667	-439980
12.94833	-439983
12.95000	-439985
12.95167	-439988
12.95333	-439991
12.95500	-439994
12.95667	-439997
12.95833	-440000
12.96000	-440004
12.96167	-440006
12.96333	-440009
12.96500	-440011
12.96667	-440013
12.96833	-440015
12.97000	-440017
12.97167	-440020
12.97333	-440023
12.97500	-440026
12.97667	-440029
12.97833	-440032
12.98000	-440035
12.98167	-440039
12.98333	-440042
12.98500	-440046
12.98667	-440049
12.98833	-440051
12.99000	-440053
12.99167	-440055
12.99333	-440057
12.99500	-440059
12.99667	-440062
12.99833	-440064
13.00000	-440068
13.00167	-440071
13.00333	-440074
13.00500	-440077
13.00667	-440080
13.00833	-440084
13.01000	-440087
13.01167	-440090
13.01333	-440093
13.01500	-440095
13.01667	-440098
13.01833	-440100
13.02000	-440103
13.02167	-440105
13.02333	-440108
13.02500	-440112
13.02667	-440115
13.02833	-440119
13.03000	-440122
13.03167	-440125
13.03333	-440129
13.03500	-440133
13.03667	-440136
13.03833	-440139
13.04000	-440143
13.04167	-440146
13.04333	-440149
13.04500	-440152
13.04667	-440155
13.04833	-440158
13.05000	-440161
13.05167	-440163
13.05333	-440166
13.05500	-440168
13.05667	-440170
13.05833	-440173
13.06000	-440176
13.06167	-440179
13.06333	-440182
13.06500	-440186
13.06667	-440191
13.06833	-440195
13.07000	-440199
13.07167	-440203
13.07333	-440207
13.07500	-440211
13.07667	-440215
13.07833	-440219
13.08000	-440222
13.08167	-440225
13.08333	-440228
13.08500	-440231
13.08667	-440234
13.08833	-440236
13.09000	-440238
13.09167	-440241
13.09333	-440243
13.09500	-440245
13.09667	-440248
13.09833	-440251
13.10000	-440254
13.10167	-440257
13.10333	-440260
13.10500	-440263
13.10667	-440267
13.10833	-440270
13.11000	-440273
13.11167	-440276
13.11333	-440277
13.11500	-440278
13.11667	-440279
13.11833	-440280
13.12000	-440281
13.12167	-440283
13.12333	-440285
13.12500	-440287
13.12667	-440290
13.12833	-440292
13.13000	-440294
13.13167	-440297
13.13333	-440300
13.13500	-440303
13.13667	-440305
13.13833	-440307
13.14000	-440309
13.14167	-440311
13.14333	-440312
13.14500	-440314
13.14667	-440316
13.14833	-440318
13.15000	-440320
13.15167	-440323
13.15333	-440325
13.15500	-440327
13.15667	-440330
13.15833	-440333
13.16000	-440336
13.16167	-440338
13.16333	-440341
13.16500	-440344
13.16667	-440347
13.16833	-440351
13.17000	-440354
13.17167	-440356
13.17333	-440359
13.17500	-440362
13.17667	-440366
13.17833	-440369
13.18000	-440372
13.18167	-440376
13.18333	-440380
13.18500	-440385
13.18667	-440388
13.18833	-440392
13.19000	-440395
13.19167	-440398
13.19333	-440401
13.19500	-440404
13.19667	-440406
13.19833	-440407
13.20000	-440409
13.20167	-440410
13.20333	-440412
13.20500	-440414
13.20667	-440416
13.20833	-440418
13.21000	-440420
13.21167	-440423
13.21333	-440425
13.21500	-440427
13.21667	-440430
13.21833	-440432
13.22000	-440434
13.22167	-440436
13.22333	-440438
13.22500	-440440
13.22667	-440443
13.22833	-440444
13.23000	-440446
13.23167	-440448
13.23333	-440450
13.23500	-440451
13.23667	-440453
13.23833	-440455
13.24000	-440457
13.24167	-440459
13.24333	-440462
13.24500	-440464
13.24667	-440466
13.24833	-440468
13.25000	-440469
13.25167	-440471
13.25333	-440472
13.25500	-440473
13.25667	-440474
13.25833	-440474
13.26000	-440475
13.26167	-440475
13.26333	-440476
13.26500	-440477
13.26667	-440478
13.26833	-440480
13.27000	-440482
13.27167	-440483
13.27333	-440486
13.27500	-440489
13.27667	-440491
13.27833	-440494
13.28000	-440496
13.28167	-440498
13.28333	-440501
13.28500	-440503
13.28667	-440505
13.28833	-440507
13.29000	-440509
13.29167	-440510
13.29333	-440512
13.29500	-440513
13.29667	-440515
13.29833	-440516
13.30000	-440518
13.30167	-440519
13.30333	-440521
13.30500	-440522
13.30667	-440524
13.30833	-440525
13.31000	-440526
13.31167	-440527
13.31333	-440528
13.31500	-440529
13.31667	-440529
13.31833	-440530
13.32000	-440531
13.32167	-440532
13.32333	-440534
13.32500	-440536
13.32667	-440538
13.32833	-440541
13.33000	-440544
13.33167	-440548
13.33333	-440552
13.33500	-440557
13.33667	-440560
13.33833	-440563
13.34000	-440566
13.34167	-440569
13.34333	-440572
13.34500	-440575
13.34667	-440578
13.34833	-440581
13.35000	-440585
13.35167	-440589
13.35333	-440592
13.35500	-440595
13.35667	-440598
13.35833	-440601
13.36000	-440603
13.36167	-440605
13.36333	-440607
13.36500	-440608
13.36667	-440610
13.36833	-440611
13.37000	-440613
13.37167	-440615
13.37333	-440618
13.37500	-440622
13.37667	-440625
13.37833	-440628
13.38000	-440630
13.38167	-440631
13.38333	-440632
13.38500	-440634
13.38667	-440635
13.38833	-440637
13.39000	-440639
13.39167	-440641
13.39333	-440644
13.39500	-440647
13.39667	-440650
13.39833	-440653
13.40000	-440657
13.40167	-440660
13.40333	-440663
13.40500	-440666
13.40667	-440668
13.40833	-440670
13.41000	-440673
13.41167	-440675
13.41333	-440677
13.41500	-440679
13.41667	-440681
13.41833	-440684
13.42000	-440686
13.42167	-440688
13.42333	-440690
13.42500	-440692
13.42667	-440694
13.42833	-440696
13.43000	-440698
13.43167	-440700
13.43333	-440703
13.43500	-440706
13.43667	-440708
13.43833	-440711
13.44000	-440714
13.44167	-440717
13.44333	-440720
13.44500	-440723
13.44667	-440726
13.44833	-440729
13.45000	-440732
13.45167	-440736
13.45333	-440738
13.45500	-440741
13.45667	-440744
13.45833	-440748
13.46000	-440751
13.46167	-440754
13.46333	-440757
13.46500	-440760
13.46667	-440763
13.46833	-440765
13.47000	-440768
13.47167	-440769
13.47333	-440771
13.47500	-440773
13.47667	-440774
13.47833	-440775
13.48000	-440777
13.48167	-440779
13.48333	-440780
13.48500	-440782
13.48667	-440785
13.48833	-440787
13.49000	-440790
13.49167	-440793
13.49333	-440796
13.49500	-440799
13.49667	-440802
13.49833	-440804
13.50000	-440807
13.50167	-440810
13.50333	-440812
13.50500	-440814
13.50667	-440817
13.50833	-440819
13.51000	-440821
13.51167	-440823
13.51333	-440826
13.51500	-440828
13.51667	-440832
13.51833	-440835
13.52000	-440837
13.52167	-440840
13.52333	-440842
13.52500	-440844
13.52667	-440847
13.52833	-440849
13.53000	-440850
13.53167	-440852
13.53333	-440853
13.53500	-440855
13.53667	-440857
13.53833	-440858
13.54000	-440861
13.54167	-440863
13.54333	-440866
13.54500	-440868
13.54667	-440871
13.54833	-440873
13.55000	-440875
13.55167	-440878
13.55333	-440880
13.55500	-440882
13.55667	-440885
13.55833	-440887
13.56000	-440890
13.56167	-440892
13.56333	-440894
13.56500	-440896
13.56667	-440898
13.56833	-440900
13.57000	-440902
13.57167	-440903
13.57333	-440904
13.57500	-440904
13.57667	-440905
13.57833	-440905
13.58000	-440905
13.58167	-440905
13.58333	-440904
13.58500	-440904
13.58667	-440903
13.58833	-440903
13.59000	-440903
13.59167	-440904
13.59333	-440904
13.59500	-440906
13.59667	-440907
13.59833	-440910
13.60000	-440913
13.60167	-440916
13.60333	-440918
13.60500	-440920
13.60667	-440921
13.60833	-440922
13.61000	-440922
13.61167	-440923
13.61333	-440923
13.61500	-440923
13.61667	-440924
13.61833	-440924
13.62000	-440925
13.62167	-440927
13.62333	-440930
13.62500	-440933
13.62667	-440936
13.62833	-440939
13.63000	-440940
13.63167	-440941
13.63333	-440942
13.63500	-440942
13.63667	-440943
13.63833	-440943
13.64000	-440943
13.64167	-440944
13.64333	-440944
13.64500	-440945
13.64667	-440946
13.64833	-440948
13.65000	-440950
13.65167	-440952
13.65333	-440954
13.65500	-440955
13.65667	-440956
13.65833	-440957
13.66000	-440958
13.66167	-440959
13.66333	-440960
13.66500	-440961
13.66667	-440962
13.66833	-440963
13.67000	-440964
13.67167	-440965
13.67333	-440966
13.67500	-440966
13.67667	-440967
13.67833	-440967
13.68000	-440968
13.68167	-440969
13.68333	-440969
13.68500	-440970
13.68667	-440971
13.68833	-440971
13.69000	-440972
13.69167	-440973
13.69333	-440974
13.69500	-440974
13.69667	-440975
13.69833	-440975
13.70000	-440975
13.70167	-440975
13.70333	-440975
13.70500	-440976
13.70667	-440976
13.70833	-440977
13.71000	-440977
13.71167	-440978
13.71333	-440979
13.71500	-440980
13.71667	-440981
13.71833	-440983
13.72000	-440983
13.72167	-440984
13.72333	-440984
13.72500	-440985
13.72667	-440985
13.72833	-440984
13.73000	-440984
13.73167	-440983
13.73333	-440982
13.73500	-440981
13.73667	-440980
13.73833	-440979
13.74000	-440978
13.74167	-440977
13.74333	-440976
13.74500	-440975
13.74667	-440974
13.74833	-440974
13.75000	-440973
13.75167	-440972
13.75333	-440972
13.75500	-440971
13.75667	-440971
13.75833	-440971
13.76000	-440971
13.76167	-440971
13.76333	-440970
13.76500	-440970
13.76667	-440970
13.76833	-440970
13.77000	-440970
13.77167	-440969
13.77333	-440969
13.77500	-440968
13.77667	-440967
13.77833	-440967
13.78000	-440966
13.78167	-440966
13.78333	-440966
13.78500	-440966
13.78667	-440965
13.78833	-440965
13.79000	-440965
13.79167	-440964
13.79333	-440964
13.79500	-440964
13.79667	-440963
13.79833	-440964
13.80000	-440964
13.80167	-440964
13.80333	-440965
13.80500	-440965
13.80667	-440966
13.80833	-440966
13.81000	-440967
13.81167	-440968
13.81333	-440968
13.81500	-440968
13.81667	-440968
13.81833	-440968
13.82000	-440968
13.82167	-440968
13.82333	-440968
13.82500	-440968
13.82667	-440967
13.82833	-440967
13.83000	-440967
13.83167	-440968
13.83333	-440968
13.83500	-440969
13.83667	-440970
13.83833	-440970
13.84000	-440970
13.84167	-440970
13.84333	-440970
13.84500	-440970
13.84667	-440970
13.84833	-440969
13.85000	-440968
13.85167	-440967
13.85333	-440966
13.85500	-440966
13.85667	-440966
13.85833	-440967
13.86000	-440967
13.86167	-440968
13.86333	-440968
13.86500	-440968
13.86667	-440968
13.86833	-440967
13.87000	-440967
13.87167	-440967
13.87333	-440967
13.87500	-440966
13.87667	-440966
13.87833	-440967
13.88000	-440967
13.88167	-440968
13.88333	-440969
13.88500	-440970
13.88667	-440971
13.88833	-440971
13.89000	-440972
13.89167	-440972
13.89333	-440973
13.89500	-440973
13.89667	-440974
13.89833	-440974
13.90000	-440974
13.90167	-440975
13.90333	-440975
13.90500	-440975
13.90667	-440974
13.90833	-440973
13.91000	-440972
13.91167	-440971
13.91333	-440969
13.91500	-440967
13.91667	-440966
13.91833	-440964
13.92000	-440963
13.92167	-440963
13.92333	-440964
13.92500	-440965
13.92667	-440966
13.92833	-440967
13.93000	-440968
13.93167	-440970
13.93333	-440972
13.93500	-440973
13.93667	-440975
13.93833	-440976
13.94000	-440977
13.94167	-440978
13.94333	-440979
13.94500	-440980
13.94667	-440981
13.94833	-440982
13.95000	-440983
13.95167	-440984
13.95333	-440985
13.95500	-440985
13.95667	-440986
13.95833	-440987
13.96000	-440988
13.96167	-440989
13.96333	-440990
13.96500	-440992
13.96667	-440993
13.96833	-440994
13.97000	-440995
13.97167	-440996
13.97333	-440996
13.97500	-440997
13.97667	-440997
13.97833	-440997
13.98000	-440998
13.98167	-440998
13.98333	-440998
13.98500	-440999
13.98667	-441000
13.98833	-441001
13.99000	-441003
13.99167	-441005
13.99333	-441007
13.99500	-441009
13.99667	-441011
13.99833	-441013
14.00000	-441015
14.00167	-441017
14.00333	-441019
14.00500	-441020
14.00667	-441022
14.00833	-441023
14.01000	-441025
14.01167	-441026
14.01333	-441028
14.01500	-441029
14.01667	-441030
14.01833	-441032
14.02000	-441033
14.02167	-441035
14.02333	-441037
14.02500	-441040
14.02667	-441042
14.02833	-441044
14.03000	-441046
14.03167	-441048
14.03333	-441049
14.03500	-441051
14.03667	-441052
14.03833	-441053
14.04000	-441054
14.04167	-441055
14.04333	-441056
14.04500	-441057
14.04667	-441058
14.04833	-441059
14.05000	-441061
14.05167	-441063
14.05333	-441064
14.05500	-441065
14.05667	-441066
14.05833	-441067
14.06000	-441067
14.06167	-441068
14.06333	-441069
14.06500	-441070
14.06667	-441071
14.06833	-441072
14.07000	-441073
14.07167	-441074
14.07333	-441075
14.07500	-441076
14.07667	-441077
14.07833	-441078
14.08000	-441080
14.08167	-441081
14.08333	-441083
14.08500	-441084
14.08667	-441086
14.08833	-441088
14.09000	-441090
14.09167	-441093
14.09333	-441095
14.09500	-441097
14.09667	-441099
14.09833	-441099
14.10000	-441100
14.10167	-441100
14.10333	-441101
14.10500	-441102
14.10667	-441103
14.10833	-441104
14.11000	-441105
14.11167	-441107
14.11333	-441109
14.11500	-441111
14.11667	-441114
14.11833	-441117
14.12000	-441119
14.12167	-441120
14.12333	-441121
14.12500	-441122
14.12667	-441123
14.12833	-441124
14.13000	-441125
14.13167	-441125
14.13333	-441126
14.13500	-441127
14.13667	-441128
14.13833	-441129
14.14000	-441131
14.14167	-441133
14.14333	-441135
14.14500	-441137
14.14667	-441138
14.14833	-441139
14.15000	-441140
14.15167	-441141
14.15333	-441141
14.15500	-441142
14.15667	-441143
14.15833	-441143
14.16000	-441144
14.16167	-441145
14.16333	-441146
14.16500	-441147
14.16667	-441147
14.16833	-441148
14.17000	-441148
14.17167	-441146
14.17333	-441144
14.17500	-441142
14.17667	-441139
14.17833	-441136
14.18000	-441134
14.18167	-441132
14.18333	-441131
14.18500	-441129
14.18667	-441128
14.18833	-441126
14.19000	-441125
14.19167	-441124
14.19333	-441122
14.19500	-441120
14.19667	-441116
14.19833	-441112
14.20000	-441107
14.20167	-441101
14.20333	-441095
14.20500	-441088
14.20667	-441080
14.20833	-441071
14.21000	-441062
14.21167	-441052
14.21333	-441041
14.21500	-441029
14.21667	-441014
14.21833	-440999
14.22000	-440984
14.22167	-440968
14.22333	-440949
14.22500	-440928
14.22667	-440905
14.22833	-440883
14.23000	-440859
14.23167	-440833
14.23333	-440803
14.23500	-440771
14.23667	-440740
14.23833	-440707
14.24000	-440670
14.24167	-440628
14.24333	-440584
14.24500	-440540
14.24667	-440493
14.24833	-440439
14.25000	-440377
14.25167	-440314
14.25333	-440250
14.25500	-440183
14.25667	-440109
14.25833	-440023
14.26000	-439935
14.26167	-439847
14.26333	-439754
14.26500	-439651
14.26667	-439531
14.26833	-439409
14.27000	-439286
14.27167	-439157
14.27333	-439012
14.27500	-438846
14.27667	-438675
14.27833	-438506
14.28000	-438329
14.28167	-438133
14.28333	-437907
14.28500	-437675
14.28667	-437447
14.28833	-437207
14.29000	-436941
14.29167	-436635
14.29333	-436322
14.29500	-436012
14.29667	-435687
14.29833	-435325
14.30000	-434911
14.30167	-434486
14.30333	-434068
14.30500	-433632
14.30667	-433148
14.30833	-432595
14.31000	-432028
14.31167	-431472
14.31333	-430892
14.31500	-430250
14.31667	-429515
14.31833	-428764
14.32000	-428027
14.32167	-427261
14.32333	-426413
14.32500	-425443
14.32667	-424453
14.32833	-423485
14.33000	-422479
14.33167	-421367
14.33333	-420098
14.33500	-418803
14.33667	-417537
14.33833	-416223
14.34000	-414772
14.34167	-413116
14.34333	-411428
14.34500	-409780
14.34667	-408071
14.34833	-406186
14.35000	-404034
14.35167	-401843
14.35333	-399708
14.35500	-397499
14.35667	-395065
14.35833	-392288
14.36000	-389466
14.36167	-386722
14.36333	-383890
14.36500	-380773
14.36667	-377223
14.36833	-373622
14.37000	-370132
14.37167	-366543
14.37333	-362604
14.37500	-358124
14.37667	-353598
14.37833	-349243
14.38000	-344794
14.38167	-339937
14.38333	-334429
14.38500	-328896
14.38667	-323617
14.38833	-318273
14.39000	-312476
14.39167	-305928
14.39333	-299384
14.39500	-293187
14.39667	-286963
14.39833	-280251
14.40000	-272696
14.40167	-265190
14.40333	-258151
14.40500	-251154
14.40667	-243668
14.40833	-235282
14.41000	-227035
14.41167	-219438
14.41333	-212030
14.41500	-204226
14.41667	-195566
14.41833	-187149
14.42000	-179534
14.42167	-172257
14.42333	-164711
14.42500	-156423
14.42667	-148433
14.42833	-141277
14.43000	-134510
14.43167	-127554
14.43333	-119957
14.43500	-112670
14.43667	-106188
14.43833	-100105
14.44000	-93893
14.44167	-87135
14.44333	-80685
14.44500	-74991
14.44667	-69694
14.44833	-64326
14.45000	-58515
14.45167	-52998
14.45333	-48167
14.45500	-43716
14.45667	-39240
14.45833	-34422
14.46000	-29873
14.46167	-25921
14.46333	-22315
14.46500	-18720
14.46667	-14873
14.46833	-11262
14.47000	-8156
14.47167	-5356
14.47333	-2593
14.47500	342
14.47667	3074
14.47833	5394
14.48000	7452
14.48167	9452
14.48333	11555
14.48500	13492
14.48667	15111
14.48833	16520
14.49000	17862
14.49167	19255
14.49333	20519
14.49500	21549
14.49667	22415
14.49833	23214
14.50000	24021
14.50167	24734
14.50333	25290
14.50500	25729
14.50667	26107
14.50833	26467
14.51000	26762
14.51167	26963
14.51333	27084
14.51500	27150
14.51667	27182
14.51833	27172
14.52000	27112
14.52167	27001
14.52333	26841
14.52500	26634
14.52667	26404
14.52833	26162
14.53000	25895
14.53167	25587
14.53333	25227
14.53500	24860
14.53667	24505
14.53833	24142
14.54000	23746
14.54167	23296
14.54333	22847
14.54500	22427
14.54667	22009
14.54833	21562
14.55000	21062
14.55167	20569
14.55333	20114
14.55500	19670
14.55667	19201
14.55833	18680
14.56000	18171
14.56167	17707
14.56333	17258
14.56500	16790
14.56667	16272
14.56833	15770
14.57000	15315
14.57167	14880
14.57333	14429
14.57500	13933
14.57667	13454
14.57833	13024
14.58000	12615
14.58167	12193
14.58333	11731
14.58500	11286
14.58667	10887
14.58833	10510
14.59000	10123
14.59167	9700
14.59333	9293
14.59500	8931
14.59667	8590
14.59833	8241
14.60000	7861
14.60167	7496
14.60333	7170
14.60500	6864
14.60667	6550
14.60833	6208
14.61000	5881
14.61167	5589
14.61333	5316
14.61500	5037
14.61667	4734
14.61833	4444
14.62000	4187
14.62167	3947
14.62333	3702
14.62500	3437
14.62667	3184
14.62833	2961
14.63000	2754
14.63167	2545
14.63333	2320
14.63500	2106
14.63667	1918
14.63833	1746
14.64000	1572
14.64167	1385
14.64333	1207
14.64500	1050
14.64667	905
14.64833	759
14.65000	600
14.65167	450
14.65333	318
14.65500	196
14.65667	73
14.65833	-60
14.66000	-185
14.66167	-295
14.66333	-394
14.66500	-494
14.66667	-601
14.66833	-701
14.67000	-787
14.67167	-864
14.67333	-940
14.67500	-1021
14.67667	-1096
14.67833	-1162
14.68000	-1222
14.68167	-1283
14.68333	-1348
14.68500	-1409
14.68667	-1462
14.68833	-1510
14.69000	-1558
14.69167	-1608
14.69333	-1656
14.69500	-1698
14.69667	-1738
14.69833	-1777
14.70000	-1820
14.70167	-1860
14.70333	-1894
14.70500	-1924
14.70667	-1953
14.70833	-1983
14.71000	-2010
14.71167	-2031
14.71333	-2048
14.71500	-2062
14.71667	-2075
14.71833	-2087
14.72000	-2097
14.72167	-2106
14.72333	-2115
14.72500	-2125
14.72667	-2135
14.72833	-2145
14.73000	-2156
14.73167	-2167
14.73333	-2180
14.73500	-2193
14.73667	-2204
14.73833	-2214
14.74000	-2225
14.74167	-2236
14.74333	-2247
14.74500	-2256
14.74667	-2264
14.74833	-2271
14.75000	-2279
14.75167	-2287
14.75333	-2295
14.75500	-2303
14.75667	-2312
14.75833	-2323
14.76000	-2334
14.76167	-2345
14.76333	-2356
14.76500	-2368
14.76667	-2381
14.76833	-2395
14.77000	-2407
14.77167	-2419
14.77333	-2432
14.77500	-2445
14.77667	-2460
14.77833	-2474
14.78000	-2489
14.78167	-2506
14.78333	-2526
14.78500	-2545
14.78667	-2563
14.78833	-2582
14.79000	-2601
14.79167	-2623
14.79333	-2643
14.79500	-2661
14.79667	-2677
14.79833	-2692
14.80000	-2709
14.80167	-2725
14.80333	-2740
14.80500	-2755
14.80667	-2771
14.80833	-2790
14.81000	-2807
14.81167	-2823
14.81333	-2837
14.81500	-2852
14.81667	-2867
14.81833	-2880
14.82000	-2890
14.82167	-2898
14.82333	-2903
14.82500	-2908
14.82667	-2912
14.82833	-2914
14.83000	-2914
14.83167	-2913
14.83333	-2911
14.83500	-2907
14.83667	-2902
14.83833	-2896
14.84000	-2887
14.84167	-2876
14.84333	-2864
14.84500	-2852
14.84667	-2838
14.84833	-2823
14.85000	-2805
14.85167	-2787
14.85333	-2769
14.85500	-2750
14.85667	-2729
14.85833	-2705
14.86000	-2680
14.86167	-2654
14.86333	-2627
14.86500	-2596
14.86667	-2561
14.86833	-2525
14.87000	-2490
14.87167	-2454
14.87333	-2416
14.87500	-2372
14.87667	-2328
14.87833	-2287
14.88000	-2246
14.88167	-2202
14.88333	-2153
14.88500	-2105
14.88667	-2059
14.88833	-2014
14.89000	-1965
14.89167	-1911
14.89333	-1858
14.89500	-1810
14.89667	-1763
14.89833	-1714
14.90000	-1660
14.90167	-1607
14.90333	-1559
14.90500	-1511
14.90667	-1461
14.90833	-1406
14.91000	-1351
14.91167	-1300
14.91333	-1250
14.91500	-1197
14.91667	-1138
14.91833	-1081
14.92000	-1031
14.92167	-985
14.92333	-938
14.92500	-887
14.92667	-838
14.92833	-795
14.93000	-754
14.93167	-711
14.93333	-665
14.93500	-620
14.93667	-579
14.93833	-538
14.94000	-496
14.94167	-449
14.94333	-403
14.94500	-364
14.94667	-327
14.94833	-289
14.95000	-249
14.95167	-211
14.95333	-178
14.95500	-147
14.95667	-117
14.95833	-84
14.96000	-52
14.96167	-25
14.96333	0
14.96500	26
14.96667	53
14.96833	79
14.97000	102
14.97167	123
14.97333	143
14.97500	166
14.97667	187
14.97833	205
14.98000	221
14.98167	237
14.98333	255
14.98500	271
14.98667	285
14.98833	298
14.99000	311
14.99167	325
14.99333	338
14.99500	348
14.99667	357
14.99833	364
15.00000	371

[LC Chromatogram(Detector A-Ch2)]
Interval(msec)	100
# of Points	9001
Start Time(min)	0.000
End Time(min)	15.000
Intensity Units	mAU
Intensity Multiplier	0.001
Wavelength(nm)	280nm
R.Time (min)	Intensity
0.00000	-378
0.00167	-378
0.00333	-378
0.00500	-377
0.00667	0
0.00833	0
0.01000	-0
0.01167	-1
0.01333	-2
0.01500	-3
0.01667	-3
0.01833	-3
0.02000	-3
0.02167	-2
0.02333	-0
0.02500	1
0.02667	1
0.02833	3
0.03000	5
0.03167	8
0.03333	9
0.03500	10
0.03667	10
0.03833	10
0.04000	9
0.04167	8
0.04333	7
0.04500	6
0.04667	4
0.04833	3
0.05000	1
0.05167	0
0.05333	-0
0.05500	-1
0.05667	-2
0.05833	-2
0.06000	-3
0.06167	-3
0.06333	-4
0.06500	-4
0.06667	-5
0.06833	-6
0.07000	-7
0.07167	-9
0.07333	-10
0.07500	-11
0.07667	-11
0.07833	-11
0.08000	-11
0.08167	-11
0.08333	-10
0.08500	-10
0.08667	-11
0.08833	-11
0.09000	-12
0.09167	-13
0.09333	-14
0.09500	-16
0.09667	-19
0.09833	-21
0.10000	-22
0.10167	-23
0.10333	-24
0.10500	-25
0.10667	-25
0.10833	-24
0.11000	-24
0.11167	-23
0.11333	-22
0.11500	-21
0.11667	-20
0.11833	-19
0.12000	-19
0.12167	-18
0.12333	-19
0.12500	-19
0.12667	-20
0.12833	-22
0.13000	-24
0.13167	-26
0.13333	-27
0.13500	-27
0.13667	-27
0.13833	-26
0.14000	-25
0.14167	-25
0.14333	-24
0.14500	-24
0.14667	-24
0.14833	-24
0.15000	-24
0.15167	-25
0.15333	-26
0.15500	-27
0.15667	-28
0.15833	-28
0.16000	-28
0.16167	-27
0.16333	-26
0.16500	-25
0.16667	-24
0.16833	-24
0.17000	-24
0.17167	-25
0.17333	-25
0.17500	-26
0.17667	-27
0.17833	-27
0.18000	-28
0.18167	-29
0.18333	-30
0.18500	-30
0.18667	-31
0.18833	-31
0.19000	-32
0.19167	-32
0.19333	-32
0.19500	-32
0.19667	-32
0.19833	-32
0.20000	-32
0.20167	-32
0.20333	-32
0.20500	-33
0.20667	-33
0.20833	-34
0.21000	-34
0.21167	-35
0.21333	-36
0.21500	-37
0.21667	-38
0.21833	-38
0.22000	-39
0.22167	-40
0.22333	-40
0.22500	-40
0.22667	-39
0.22833	-38
0.23000	-37
0.23167	-35
0.23333	-32
0.23500	-30
0.23667	-27
0.23833	-24
0.24000	-22
0.24167	-25
0.24333	-32
0.24500	-42
0.24667	-57
0.24833	-59
0.25000	-37
0.25167	14
0.25333	91
0.25500	194
0.25667	317
0.25833	461
0.26000	634
0.26167	845
0.26333	1097
0.26500	1345
0.26667	1559
0.26833	1752
0.27000	1940
0.27167	2138
0.27333	2324
0.27500	2483
0.27667	2629
0.27833	2773
0.28000	2927
0.28167	3086
0.28333	3254
0.28500	3441
0.28667	3659
0.28833	3915
0.29000	4167
0.29167	4394
0.29333	4608
0.29500	4826
0.29667	5062
0.29833	5272
0.30000	5430
0.30167	5542
0.30333	5627
0.30500	5696
0.30667	5748
0.30833	5779
0.31000	5792
0.31167	5794
0.31333	5786
0.31500	5774
0.31667	5756
0.31833	5734
0.32000	5706
0.32167	5672
0.32333	5635
0.32500	5593
0.32667	5545
0.32833	5488
0.33000	5420
0.33167	5350
0.33333	5281
0.33500	5210
0.33667	5132
0.33833	5044
0.34000	4963
0.34167	4902
0.34333	4857
0.34500	4823
0.34667	4794
0.34833	4768
0.35000	4741
0.35167	4710
0.35333	4675
0.35500	4632
0.35667	4571
0.35833	4477
0.36000	4344
0.36167	4169
0.36333	3951
0.36500	3725
0.36667	3509
0.36833	3293
0.37000	3062
0.37167	2802
0.37333	2557
0.37500	2350
0.37667	2170
0.37833	1999
0.38000	1821
0.38167	1658
0.38333	1521
0.38500	1400
0.38667	1284
0.38833	1162
0.39000	1052
0.39167	966
0.39333	897
0.39500	837
0.39667	779
0.39833	729
0.40000	690
0.40167	658
0.40333	629
0.40500	600
0.40667	573
0.40833	547
0.41000	520
0.41167	491
0.41333	458
0.41500	426
0.41667	398
0.41833	374
0.42000	350
0.42167	325
0.42333	302
0.42500	283
0.42667	267
0.42833	252
0.43000	236
0.43167	222
0.43333	211
0.43500	201
0.43667	192
0.43833	183
0.44000	175
0.44167	169
0.44333	165
0.44500	161
0.44667	157
0.44833	154
0.45000	153
0.45167	154
0.45333	156
0.45500	159
0.45667	163
0.45833	166
0.46000	170
0.46167	173
0.46333	177
0.46500	180
0.46667	181
0.46833	180
0.47000	178
0.47167	174
0.47333	170
0.47500	165
0.47667	160
0.47833	154
0.48000	148
0.48167	142
0.48333	137
0.48500	132
0.48667	128
0.48833	123
0.49000	119
0.49167	116
0.49333	114
0.49500	112
0.49667	110
0.49833	109
0.50000	108
0.50167	108
0.50333	107
0.50500	107
0.50667	107
0.50833	107
0.51000	106
0.51167	105
0.51333	104
0.51500	103
0.51667	102
0.51833	101
0.52000	99
0.52167	98
0.52333	97
0.52500	95
0.52667	93
0.52833	91
0.53000	88
0.53167	85
0.53333	83
0.53500	81
0.53667	78
0.53833	76
0.54000	74
0.54167	72
0.54333	70
0.54500	67
0.54667	65
0.54833	62
0.55000	59
0.55167	56
0.55333	52
0.55500	48
0.55667	44
0.55833	41
0.56000	38
0.56167	37
0.56333	35
0.56500	34
0.56667	32
0.56833	30
0.57000	27
0.57167	24
0.57333	20
0.57500	17
0.57667	13
0.57833	10
0.58000	5
0.58167	2
0.58333	-1
0.58500	-3
0.58667	-4
0.58833	-4
0.59000	-5
0.59167	-5
0.59333	-5
0.59500	-6
0.59667	-6
0.59833	-7
0.60000	-8
0.60167	-9
0.60333	-11
0.60500	-13
0.60667	-14
0.60833	-16
0.61000	-18
0.61167	-20
0.61333	-22
0.61500	-24
0.61667	-25
0.61833	-27
0.62000	-29
0.62167	-31
0.62333	-32
0.62500	-33
0.62667	-33
0.62833	-33
0.63000	-32
0.63167	-31
0.63333	-31
0.63500	-30
0.63667	-30
0.63833	-30
0.64000	-30
0.64167	-30
0.64333	-31
0.64500	-32
0.64667	-33
0.64833	-35
0.65000	-36
0.65167	-37
0.65333	-37
0.65500	-37
0.65667	-37
0.65833	-38
0.66000	-38
0.66167	-38
0.66333	-39
0.66500	-39
0.66667	-39
0.66833	-38
0.67000	-38
0.67167	-37
0.67333	-37
0.67500	-36
0.67667	-36
0.67833	-36
0.68000	-36
0.68167	-36
0.68333	-37
0.68500	-38
0.68667	-39
0.68833	-41
0.69000	-43
0.69167	-45
0.69333	-47
0.69500	-48
0.69667	-49
0.69833	-50
0.70000	-51
0.70167	-52
0.70333	-52
0.70500	-53
0.70667	-53
0.70833	-54
0.71000	-56
0.71167	-58
0.71333	-61
0.71500	-64
0.71667	-66
0.71833	-68
0.72000	-71
0.72167	-73
0.72333	-75
0.72500	-76
0.72667	-77
0.72833	-77
0.73000	-77
0.73167	-76
0.73333	-76
0.73500	-76
0.73667	-76
0.73833	-76
0.74000	-76
0.74167	-76
0.74333	-77
0.74500	-77
0.74667	-78
0.74833	-79
0.75000	-79
0.75167	-79
0.75333	-79
0.75500	-78
0.75667	-78
0.75833	-77
0.76000	-76
0.76167	-75
0.76333	-74
0.76500	-73
0.76667	-72
0.76833	-71
0.77000	-71
0.77167	-71
0.77333	-72
0.77500	-72
0.77667	-73
0.77833	-74
0.78000	-75
0.78167	-76
0.78333	-77
0.78500	-78
0.78667	-79
0.78833	-80
0.79000	-81
0.79167	-82
0.79333	-82
0.79500	-82
0.79667	-82
0.79833	-82
0.80000	-81
0.80167	-81
0.80333	-80
0.80500	-80
0.80667	-79
0.80833	-78
0.81000	-78
0.81167	-78
0.81333	-78
0.81500	-78
0.81667	-78
0.81833	-78
0.82000	-78
0.82167	-79
0.82333	-79
0.82500	-79
0.82667	-79
0.82833	-79
0.83000	-79
0.83167	-79
0.83333	-80
0.83500	-80
0.83667	-80
0.83833	-80
0.84000	-80
0.84167	-80
0.84333	-80
0.84500	-80
0.84667	-79
0.84833	-79
0.85000	-78
0.85167	-77
0.85333	-76
0.85500	-75
0.85667	-74
0.85833	-73
0.86000	-73
0.86167	-73
0.86333	-73
0.86500	-74
0.86667	-74
0.86833	-75
0.87000	-76
0.87167	-77
0.87333	-78
0.87500	-78
0.87667	-79
0.87833	-80
0.88000	-81
0.88167	-82
0.88333	-82
0.88500	-83
0.88667	-83
0.88833	-83
0.89000	-82
0.89167	-82
0.89333	-81
0.89500	-80
0.89667	-80
0.89833	-79
0.90000	-78
0.90167	-78
0.90333	-79
0.90500	-80
0.90667	-80
0.90833	-81
0.91000	-81
0.91167	-82
0.91333	-82
0.91500	-82
0.91667	-82
0.91833	-82
0.92000	-81
0.92167	-80
0.92333	-79
0.92500	-77
0.92667	-77
0.92833	-76
0.93000	-75
0.93167	-74
0.93333	-74
0.93500	-73
0.93667	-73
0.93833	-73
0.94000	-73
0.94167	-73
0.94333	-73
0.94500	-73
0.94667	-72
0.94833	-72
0.95000	-72
0.95167	-73
0.95333	-75
0.95500	-76
0.95667	-78
0.95833	-80
0.96000	-82
0.96167	-83
0.96333	-85
0.96500	-86
0.96667	-87
0.96833	-87
0.97000	-87
0.97167	-86
0.97333	-85
0.97500	-84
0.97667	-84
0.97833	-84
0.98000	-84
0.98167	-84
0.98333	-85
0.98500	-86
0.98667	-86
0.98833	-87
0.99000	-88
0.99167	-89
0.99333	-89
0.99500	-90
0.99667	-90
0.99833	-90
1.00000	-90
1.00167	-90
1.00333	-90
1.00500	-91
1.00667	-91
1.00833	-91
1.01000	-91
1.01167	-91
1.01333	-91
1.01500	-90
1.01667	-89
1.01833	-88
1.02000	-87
1.02167	-86
1.02333	-85
1.02500	-84
1.02667	-84
1.02833	-84
1.03000	-84
1.03167	-84
1.03333	-85
1.03500	-86
1.03667	-87
1.03833	-88
1.04000	-90
1.04167	-91
1.04333	-92
1.04500	-94
1.04667	-95
1.04833	-96
1.05000	-97
1.05167	-98
1.05333	-98
1.05500	-98
1.05667	-98
1.05833	-98
1.06000	-97
1.06167	-96
1.06333	-94
1.06500	-93
1.06667	-92
1.06833	-91
1.07000	-91
1.07167	-91
1.07333	-91
1.07500	-92
1.07667	-93
1.07833	-93
1.08000	-94
1.08167	-95
1.08333	-95
1.08500	-96
1.08667	-95
1.08833	-95
1.09000	-95
1.09167	-95
1.09333	-94
1.09500	-94
1.09667	-94
1.09833	-94
1.10000	-94
1.10167	-94
1.10333	-94
1.10500	-94
1.10667	-93
1.10833	-93
1.11000	-93
1.11167	-93
1.11333	-93
1.11500	-93
1.11667	-93
1.11833	-94
1.12000	-94
1.12167	-93
1.12333	-93
1.12500	-92
1.12667	-91
1.12833	-90
1.13000	-89
1.13167	-88
1.13333	-87
1.13500	-87
1.13667	-87
1.13833	-88
1.14000	-89
1.14167	-90
1.14333	-91
1.14500	-92
1.14667	-94
1.14833	-95
1.15000	-96
1.15167	-96
1.15333	-96
1.15500	-95
1.15667	-95
1.15833	-94
1.16000	-93
1.16167	-92
1.16333	-91
1.16500	-90
1.16667	-90
1.16833	-90
1.17000	-91
1.17167	-92
1.17333	-93
1.17500	-94
1.17667	-95
1.17833	-96
1.18000	-97
1.18167	-98
1.18333	-98
1.18500	-98
1.18667	-98
1.18833	-98
1.19000	-98
1.19167	-98
1.19333	-97
1.19500	-97
1.19667	-96
1.19833	-96
1.20000	-96
1.20167	-95
1.20333	-95
1.20500	-95
1.20667	-95
1.20833	-95
1.21000	-95
1.21167	-96
1.21333	-97
1.21500	-98
1.21667	-99
1.21833	-99
1.22000	-99
1.22167	-100
1.22333	-100
1.22500	-99
1.22667	-99
1.22833	-99
1.23000	-98
1.23167	-97
1.23333	-97
1.23500	-96
1.23667	-96
1.23833	-95
1.24000	-95
1.24167	-94
1.24333	-94
1.24500	-95
1.24667	-95
1.24833	-95
1.25000	-96
1.25167	-96
1.25333	-97
1.25500	-97
1.25667	-97
1.25833	-97
1.26000	-96
1.26167	-96
1.26333	-95
1.26500	-94
1.26667	-93
1.26833	-93
1.27000	-93
1.27167	-93
1.27333	-94
1.27500	-95
1.27667	-96
1.27833	-98
1.28000	-100
1.28167	-102
1.28333	-103
1.28500	-104
1.28667	-104
1.28833	-104
1.29000	-104
1.29167	-104
1.29333	-103
1.29500	-103
1.29667	-103
1.29833	-102
1.30000	-102
1.30167	-102
1.30333	-102
1.30500	-102
1.30667	-102
1.30833	-102
1.31000	-102
1.31167	-101
1.31333	-101
1.31500	-101
1.31667	-101
1.31833	-101
1.32000	-101
1.32167	-101
1.32333	-102
1.32500	-102
1.32667	-102
1.32833	-101
1.33000	-100
1.33167	-99
1.33333	-98
1.33500	-98
1.33667	-98
1.33833	-97
1.34000	-97
1.34167	-97
1.34333	-98
1.34500	-98
1.34667	-98
1.34833	-98
1.35000	-97
1.35167	-97
1.35333	-98
1.35500	-98
1.35667	-98
1.35833	-98
1.36000	-99
1.36167	-99
1.36333	-99
1.36500	-99
1.36667	-98
1.36833	-98
1.37000	-97
1.37167	-96
1.37333	-95
1.37500	-95
1.37667	-95
1.37833	-95
1.38000	-95
1.38167	-95
1.38333	-95
1.38500	-95
1.38667	-95
1.38833	-95
1.39000	-95
1.39167	-95
1.39333	-95
1.39500	-96
1.39667	-97
1.39833	-98
1.40000	-99
1.40167	-100
1.40333	-102
1.40500	-104
1.40667	-105
1.40833	-106
1.41000	-107
1.41167	-107
1.41333	-107
1.41500	-107
1.41667	-106
1.41833	-105
1.42000	-103
1.42167	-101
1.42333	-99
1.42500	-98
1.42667	-97
1.42833	-97
1.43000	-97
1.43167	-98
1.43333	-99
1.43500	-100
1.43667	-102
1.43833	-104
1.44000	-105
1.44167	-107
1.44333	-108
1.44500	-109
1.44667	-110
1.44833	-110
1.45000	-110
1.45167	-110
1.45333	-109
1.45500	-108
1.45667	-107
1.45833	-106
1.46000	-106
1.46167	-105
1.46333	-105
1.46500	-106
1.46667	-106
1.46833	-106
1.47000	-106
1.47167	-106
1.47333	-106
1.47500	-106
1.47667	-106
1.47833	-106
1.48000	-106
1.48167	-106
1.48333	-107
1.48500	-107
1.48667	-108
1.48833	-110
1.49000	-111
1.49167	-111
1.49333	-111
1.49500	-111
1.49667	-110
1.49833	-109
1.50000	-108
1.50167	-107
1.50333	-106
1.50500	-106
1.50667	-106
1.50833	-106
1.51000	-107
1.51167	-108
1.51333	-110
1.51500	-111
1.51667	-113
1.51833	-115
1.52000	-116
1.52167	-117
1.52333	-119
1.52500	-119
1.52667	-120
1.52833	-120
1.53000	-120
1.53167	-120
1.53333	-119
1.53500	-119
1.53667	-119
1.53833	-119
1.54000	-119
1.54167	-119
1.54333	-119
1.54500	-119
1.54667	-118
1.54833	-118
1.55000	-118
1.55167	-118
1.55333	-118
1.55500	-117
1.55667	-117
1.55833	-117
1.56000	-117
1.56167	-117
1.56333	-117
1.56500	-118
1.56667	-119
1.56833	-120
1.57000	-121
1.57167	-122
1.57333	-123
1.57500	-124
1.57667	-124
1.57833	-124
1.58000	-124
1.58167	-125
1.58333	-125
1.58500	-125
1.58667	-124
1.58833	-124
1.59000	-124
1.59167	-123
1.59333	-123
1.59500	-123
1.59667	-123
1.59833	-123
1.60000	-122
1.60167	-122
1.60333	-122
1.60500	-121
1.60667	-121
1.60833	-121
1.61000	-121
1.61167	-122
1.61333	-123
1.61500	-125
1.61667	-126
1.61833	-127
1.62000	-128
1.62167	-130
1.62333	-131
1.62500	-132
1.62667	-133
1.62833	-134
1.63000	-135
1.63167	-136
1.63333	-137
1.63500	-138
1.63667	-139
1.63833	-140
1.64000	-140
1.64167	-141
1.64333	-141
1.64500	-142
1.64667	-142
1.64833	-143
1.65000	-143
1.65167	-143
1.65333	-144
1.65500	-145
1.65667	-145
1.65833	-146
1.66000	-146
1.66167	-146
1.66333	-146
1.66500	-146
1.66667	-146
1.66833	-147
1.67000	-147
1.67167	-148
1.67333	-148
1.67500	-148
1.67667	-148
1.67833	-148
1.68000	-146
1.68167	-145
1.68333	-144
1.68500	-143
1.68667	-142
1.68833	-141
1.69000	-140
1.69167	-140
1.69333	-141
1.69500	-142
1.69667	-143
1.69833	-145
1.70000	-147
1.70167	-148
1.70333	-150
1.70500	-151
1.70667	-152
1.70833	-152
1.71000	-153
1.71167	-153
1.71333	-153
1.71500	-153
1.71667	-153
1.71833	-153
1.72000	-153
1.72167	-153
1.72333	-154
1.72500	-154
1.72667	-155
1.72833	-156
1.73000	-156
1.73167	-157
1.73333	-158
1.73500	-159
1.73667	-160
1.73833	-161
1.74000	-162
1.74167	-163
1.74333	-164
1.74500	-165
1.74667	-165
1.74833	-166
1.75000	-166
1.75167	-166
1.75333	-166
1.75500	-166
1.75667	-166
1.75833	-166
1.76000	-166
1.76167	-166
1.76333	-166
1.76500	-166
1.76667	-167
1.76833	-167
1.77000	-167
1.77167	-167
1.77333	-168
1.77500	-168
1.77667	-169
1.77833	-170
1.78000	-171
1.78167	-173
1.78333	-174
1.78500	-175
1.78667	-176
1.78833	-177
1.79000	-178
1.79167	-178
1.79333	-179
1.79500	-179
1.79667	-178
1.79833	-178
1.80000	-178
1.80167	-177
1.80333	-177
1.80500	-177
1.80667	-176
1.80833	-176
1.81000	-176
1.81167	-175
1.81333	-175
1.81500	-175
1.81667	-175
1.81833	-175
1.82000	-175
1.82167	-176
1.82333	-177
1.82500	-177
1.82667	-177
1.82833	-177
1.83000	-177
1.83167	-177
1.83333	-177
1.83500	-177
1.83667	-177
1.83833	-176
1.84000	-176
1.84167	-176
1.84333	-177
1.84500	-177
1.84667	-178
1.84833	-179
1.85000	-180
1.85167	-181
1.85333	-182
1.85500	-184
1.85667	-185
1.85833	-187
1.86000	-188
1.86167	-189
1.86333	-190
1.86500	-191
1.86667	-192
1.86833	-192
1.87000	-193
1.87167	-194
1.87333	-194
1.87500	-195
1.87667	-195
1.87833	-195
1.88000	-194
1.88167	-194
1.88333	-193
1.88500	-192
1.88667	-191
1.88833	-190
1.89000	-189
1.89167	-188
1.89333	-188
1.89500	-188
1.89667	-188
1.89833	-188
1.90000	-189
1.90167	-189
1.90333	-189
1.90500	-189
1.90667	-188
1.90833	-188
1.91000	-188
1.91167	-188
1.91333	-189
1.91500	-189
1.91667	-189
1.91833	-190
1.92000	-190
1.92167	-190
1.92333	-190
1.92500	-190
1.92667	-191
1.92833	-192
1.93000	-192
1.93167	-193
1.93333	-194
1.93500	-195
1.93667	-196
1.93833	-197
1.94000	-198
1.94167	-198
1.94333	-198
1.94500	-197
1.94667	-197
1.94833	-195
1.95000	-195
1.95167	-194
1.95333	-193
1.95500	-192
1.95667	-191
1.95833	-190
1.96000	-190
1.96167	-189
1.96333	-189
1.96500	-188
1.96667	-188
1.96833	-189
1.97000	-189
1.97167	-190
1.97333	-192
1.97500	-193
1.97667	-194
1.97833	-195
1.98000	-197
1.98167	-198
1.98333	-199
1.98500	-199
1.98667	-199
1.98833	-198
1.99000	-197
1.99167	-196
1.99333	-195
1.99500	-195
1.99667	-194
1.99833	-194
2.00000	-194
2.00167	-194
2.00333	-194
2.00500	-195
2.00667	-195
2.00833	-196
2.01000	-195
2.01167	-195
2.01333	-194
2.01500	-193
2.01667	-192
2.01833	-191
2.02000	-190
2.02167	-188
2.02333	-187
2.02500	-186
2.02667	-186
2.02833	-185
2.03000	-185
2.03167	-185
2.03333	-185
2.03500	-185
2.03667	-185
2.03833	-185
2.04000	-185
2.04167	-185
2.04333	-184
2.04500	-184
2.04667	-183
2.04833	-182
2.05000	-181
2.05167	-180
2.05333	-178
2.05500	-176
2.05667	-175
2.05833	-173
2.06000	-172
2.06167	-171
2.06333	-170
2.06500	-169
2.06667	-168
2.06833	-168
2.07000	-167
2.07167	-166
2.07333	-165
2.07500	-165
2.07667	-164
2.07833	-163
2.08000	-163
2.08167	-162
2.08333	-162
2.08500	-162
2.08667	-163
2.08833	-163
2.09000	-164
2.09167	-166
2.09333	-167
2.09500	-169
2.09667	-170
2.09833	-172
2.10000	-174
2.10167	-175
2.10333	-176
2.10500	-178
2.10667	-179
2.10833	-180
2.11000	-180
2.11167	-180
2.11333	-181
2.11500	-180
2.11667	-180
2.11833	-180
2.12000	-179
2.12167	-178
2.12333	-178
2.12500	-177
2.12667	-177
2.12833	-177
2.13000	-177
2.13167	-177
2.13333	-177
2.13500	-178
2.13667	-179
2.13833	-180
2.14000	-181
2.14167	-182
2.14333	-182
2.14500	-182
2.14667	-182
2.14833	-182
2.15000	-182
2.15167	-182
2.15333	-182
2.15500	-183
2.15667	-184
2.15833	-185
2.16000	-187
2.16167	-188
2.16333	-190
2.16500	-191
2.16667	-192
2.16833	-192
2.17000	-191
2.17167	-191
2.17333	-189
2.17500	-188
2.17667	-187
2.17833	-186
2.18000	-185
2.18167	-183
2.18333	-182
2.18500	-182
2.18667	-181
2.18833	-180
2.19000	-179
2.19167	-179
2.19333	-179
2.19500	-180
2.19667	-180
2.19833	-181
2.20000	-182
2.20167	-183
2.20333	-183
2.20500	-184
2.20667	-184
2.20833	-185
2.21000	-186
2.21167	-187
2.21333	-188
2.21500	-189
2.21667	-191
2.21833	-192
2.22000	-194
2.22167	-195
2.22333	-197
2.22500	-198
2.22667	-198
2.22833	-198
2.23000	-198
2.23167	-198
2.23333	-197
2.23500	-197
2.23667	-196
2.23833	-195
2.24000	-194
2.24167	-194
2.24333	-194
2.24500	-193
2.24667	-193
2.24833	-193
2.25000	-193
2.25167	-193
2.25333	-193
2.25500	-193
2.25667	-193
2.25833	-192
2.26000	-191
2.26167	-190
2.26333	-189
2.26500	-188
2.26667	-187
2.26833	-186
2.27000	-185
2.27167	-184
2.27333	-183
2.27500	-182
2.27667	-182
2.27833	-182
2.28000	-181
2.28167	-181
2.28333	-182
2.28500	-182
2.28667	-183
2.28833	-185
2.29000	-186
2.29167	-187
2.29333	-188
2.29500	-189
2.29667	-189
2.29833	-190
2.30000	-190
2.30167	-190
2.30333	-190
2.30500	-189
2.30667	-189
2.30833	-188
2.31000	-188
2.31167	-188
2.31333	-187
2.31500	-187
2.31667	-187
2.31833	-188
2.32000	-189
2.32167	-190
2.32333	-192
2.32500	-193
2.32667	-194
2.32833	-194
2.33000	-195
2.33167	-195
2.33333	-195
2.33500	-195
2.33667	-194
2.33833	-193
2.34000	-192
2.34167	-191
2.34333	-190
2.34500	-189
2.34667	-189
2.34833	-189
2.35000	-189
2.35167	-189
2.35333	-190
2.35500	-191
2.35667	-192
2.35833	-193
2.36000	-194
2.36167	-195
2.36333	-195
2.36500	-195
2.36667	-195
2.36833	-194
2.37000	-192
2.37167	-190
2.37333	-188
2.37500	-186
2.37667	-185
2.37833	-184
2.38000	-183
2.38167	-183
2.38333	-183
2.38500	-183
2.38667	-183
2.38833	-184
2.39000	-185
2.39167	-186
2.39333	-186
2.39500	-186
2.39667	-185
2.39833	-185
2.40000	-184
2.40167	-183
2.40333	-183
2.40500	-182
2.40667	-181
2.40833	-181
2.41000	-181
2.41167	-181
2.41333	-181
2.41500	-181
2.41667	-181
2.41833	-181
2.42000	-181
2.42167	-180
2.42333	-179
2.42500	-178
2.42667	-178
2.42833	-178
2.43000	-178
2.43167	-178
2.43333	-178
2.43500	-179
2.43667	-180
2.43833	-181
2.44000	-182
2.44167	-182
2.44333	-182
2.44500	-182
2.44667	-181
2.44833	-180
2.45000	-180
2.45167	-179
2.45333	-179
2.45500	-178
2.45667	-177
2.45833	-176
2.46000	-176
2.46167	-175
2.46333	-174
2.46500	-173
2.46667	-173
2.46833	-172
2.47000	-172
2.47167	-172
2.47333	-172
2.47500	-171
2.47667	-171
2.47833	-171
2.48000	-171
2.48167	-171
2.48333	-171
2.48500	-171
2.48667	-171
2.48833	-172
2.49000	-172
2.49167	-172
2.49333	-172
2.49500	-171
2.49667	-170
2.49833	-168
2.50000	-167
2.50167	-167
2.50333	-166
2.50500	-165
2.50667	-164
2.50833	-164
2.51000	-164
2.51167	-164
2.51333	-164
2.51500	-164
2.51667	-163
2.51833	-163
2.52000	-161
2.52167	-160
2.52333	-158
2.52500	-157
2.52667	-156
2.52833	-155
2.53000	-154
2.53167	-153
2.53333	-152
2.53500	-152
2.53667	-151
2.53833	-150
2.54000	-149
2.54167	-148
2.54333	-147
2.54500	-147
2.54667	-146
2.54833	-145
2.55000	-143
2.55167	-142
2.55333	-140
2.55500	-138
2.55667	-135
2.55833	-134
2.56000	-132
2.56167	-131
2.56333	-131
2.56500	-130
2.56667	-129
2.56833	-128
2.57000	-126
2.57167	-125
2.57333	-123
2.57500	-122
2.57667	-121
2.57833	-121
2.58000	-121
2.58167	-121
2.58333	-121
2.58500	-122
2.58667	-124
2.58833	-126
2.59000	-128
2.59167	-129
2.59333	-130
2.59500	-130
2.59667	-130
2.59833	-130
2.60000	-130
2.60167	-130
2.60333	-130
2.60500	-130
2.60667	-131
2.60833	-132
2.61000	-132
2.61167	-132
2.61333	-133
2.61500	-133
2.61667	-134
2.61833	-135
2.62000	-136
2.62167	-137
2.62333	-138
2.62500	-139
2.62667	-139
2.62833	-140
2.63000	-140
2.63167	-140
2.63333	-139
2.63500	-138
2.63667	-137
2.63833	-135
2.64000	-134
2.64167	-133
2.64333	-133
2.64500	-133
2.64667	-133
2.64833	-133
2.65000	-134
2.65167	-134
2.65333	-133
2.65500	-133
2.65667	-132
2.65833	-132
2.66000	-131
2.66167	-131
2.66333	-131
2.66500	-131
2.66667	-131
2.66833	-132
2.67000	-132
2.67167	-134
2.67333	-135
2.67500	-136
2.67667	-138
2.67833	-139
2.68000	-141
2.68167	-142
2.68333	-143
2.68500	-144
2.68667	-143
2.68833	-143
2.69000	-142
2.69167	-141
2.69333	-139
2.69500	-138
2.69667	-136
2.69833	-134
2.70000	-133
2.70167	-133
2.70333	-133
2.70500	-134
2.70667	-135
2.70833	-135
2.71000	-136
2.71167	-137
2.71333	-137
2.71500	-138
2.71667	-138
2.71833	-138
2.72000	-138
2.72167	-137
2.72333	-137
2.72500	-136
2.72667	-135
2.72833	-135
2.73000	-134
2.73167	-133
2.73333	-132
2.73500	-132
2.73667	-132
2.73833	-131
2.74000	-131
2.74167	-130
2.74333	-130
2.74500	-129
2.74667	-129
2.74833	-128
2.75000	-128
2.75167	-129
2.75333	-130
2.75500	-131
2.75667	-132
2.75833	-134
2.76000	-135
2.76167	-137
2.76333	-139
2.76500	-140
2.76667	-141
2.76833	-142
2.77000	-141
2.77167	-141
2.77333	-140
2.77500	-139
2.77667	-138
2.77833	-138
2.78000	-137
2.78167	-136
2.78333	-135
2.78500	-135
2.78667	-134
2.78833	-134
2.79000	-134
2.79167	-133
2.79333	-132
2.79500	-132
2.79667	-130
2.79833	-129
2.80000	-129
2.80167	-128
2.80333	-128
2.80500	-128
2.80667	-129
2.80833	-129
2.81000	-129
2.81167	-129
2.81333	-129
2.81500	-130
2.81667	-130
2.81833	-130
2.82000	-131
2.82167	-131
2.82333	-131
2.82500	-131
2.82667	-131
2.82833	-131
2.83000	-132
2.83167	-132
2.83333	-132
2.83500	-132
2.83667	-133
2.83833	-133
2.84000	-133
2.84167	-133
2.84333	-133
2.84500	-133
2.84667	-132
2.84833	-131
2.85000	-130
2.85167	-130
2.85333	-129
2.85500	-128
2.85667	-127
2.85833	-126
2.86000	-126
2.86167	-125
2.86333	-124
2.86500	-123
2.86667	-122
2.86833	-121
2.87000	-120
2.87167	-119
2.87333	-118
2.87500	-117
2.87667	-116
2.87833	-116
2.88000	-116
2.88167	-115
2.88333	-115
2.88500	-116
2.88667	-116
2.88833	-117
2.89000	-119
2.89167	-121
2.89333	-123
2.89500	-125
2.89667	-129
2.89833	-131
2.90000	-133
2.90167	-134
2.90333	-134
2.90500	-134
2.90667	-133
2.90833	-131
2.91000	-130
2.91167	-127
2.91333	-125
2.91500	-122
2.91667	-120
2.91833	-119
2.92000	-119
2.92167	-119
2.92333	-119
2.92500	-119
2.92667	-120
2.92833	-120
2.93000	-120
2.93167	-121
2.93333	-121
2.93500	-121
2.93667	-120
2.93833	-120
2.94000	-119
2.94167	-118
2.94333	-118
2.94500	-117
2.94667	-116
2.94833	-115
2.95000	-115
2.95167	-114
2.95333	-114
2.95500	-114
2.95667	-113
2.95833	-112
2.96000	-110
2.96167	-108
2.96333	-105
2.96500	-102
2.96667	-99
2.96833	-95
2.97000	-90
2.97167	-84
2.97333	-78
2.97500	-72
2.97667	-66
2.97833	-59
2.98000	-51
2.98167	-44
2.98333	-39
2.98500	-34
2.98667	-31
2.98833	-28
2.99000	-26
2.99167	-26
2.99333	-28
2.99500	-32
2.99667	-37
2.99833	-43
3.00000	-49
3.00167	-55
3.00333	-61
3.00500	-67
3.00667	-73
3.00833	-78
3.01000	-81
3.01167	-84
3.01333	-87
3.01500	-90
3.01667	-91
3.01833	-93
3.02000	-93
3.02167	-94
3.02333	-94
3.02500	-93
3.02667	-93
3.02833	-92
3.03000	-92
3.03167	-91
3.03333	-90
3.03500	-90
3.03667	-91
3.03833	-91
3.04000	-92
3.04167	-93
3.04333	-95
3.04500	-96
3.04667	-98
3.04833	-101
3.05000	-102
3.05167	-104
3.05333	-105
3.05500	-106
3.05667	-107
3.05833	-107
3.06000	-107
3.06167	-107
3.06333	-107
3.06500	-106
3.06667	-106
3.06833	-105
3.07000	-105
3.07167	-104
3.07333	-103
3.07500	-103
3.07667	-103
3.07833	-103
3.08000	-103
3.08167	-103
3.08333	-104
3.08500	-105
3.08667	-107
3.08833	-109
3.09000	-110
3.09167	-111
3.09333	-112
3.09500	-112
3.09667	-112
3.09833	-111
3.10000	-111
3.10167	-110
3.10333	-109
3.10500	-109
3.10667	-108
3.10833	-107
3.11000	-108
3.11167	-108
3.11333	-109
3.11500	-109
3.11667	-110
3.11833	-110
3.12000	-110
3.12167	-110
3.12333	-110
3.12500	-109
3.12667	-109
3.12833	-109
3.13000	-109
3.13167	-109
3.13333	-109
3.13500	-109
3.13667	-109
3.13833	-109
3.14000	-108
3.14167	-107
3.14333	-106
3.14500	-105
3.14667	-103
3.14833	-101
3.15000	-100
3.15167	-99
3.15333	-98
3.15500	-98
3.15667	-97
3.15833	-97
3.16000	-96
3.16167	-96
3.16333	-95
3.16500	-95
3.16667	-95
3.16833	-95
3.17000	-95
3.17167	-95
3.17333	-96
3.17500	-96
3.17667	-97
3.17833	-97
3.18000	-97
3.18167	-98
3.18333	-98
3.18500	-98
3.18667	-98
3.18833	-98
3.19000	-98
3.19167	-97
3.19333	-97
3.19500	-97
3.19667	-97
3.19833	-97
3.20000	-97
3.20167	-97
3.20333	-97
3.20500	-96
3.20667	-96
3.20833	-95
3.21000	-95
3.21167	-95
3.21333	-95
3.21500	-95
3.21667	-94
3.21833	-93
3.22000	-92
3.22167	-90
3.22333	-89
3.22500	-87
3.22667	-86
3.22833	-86
3.23000	-85
3.23167	-84
3.23333	-84
3.23500	-84
3.23667	-84
3.23833	-85
3.24000	-86
3.24167	-86
3.24333	-87
3.24500	-87
3.24667	-87
3.24833	-87
3.25000	-87
3.25167	-86
3.25333	-86
3.25500	-86
3.25667	-85
3.25833	-85
3.26000	-85
3.26167	-85
3.26333	-84
3.26500	-84
3.26667	-84
3.26833	-83
3.27000	-83
3.27167	-83
3.27333	-84
3.27500	-84
3.27667	-83
3.27833	-83
3.28000	-82
3.28167	-81
3.28333	-80
3.28500	-78
3.28667	-77
3.28833	-76
3.29000	-74
3.29167	-73
3.29333	-73
3.29500	-72
3.29667	-72
3.29833	-71
3.30000	-71
3.30167	-71
3.30333	-71
3.30500	-71
3.30667	-70
3.30833	-70
3.31000	-70
3.31167	-70
3.31333	-69
3.31500	-68
3.31667	-68
3.31833	-67
3.32000	-66
3.32167	-64
3.32333	-63
3.32500	-62
3.32667	-61
3.32833	-60
3.33000	-59
3.33167	-58
3.33333	-57
3.33500	-57
3.33667	-57
3.33833	-56
3.34000	-56
3.34167	-57
3.34333	-57
3.34500	-58
3.34667	-59
3.34833	-61
3.35000	-61
3.35167	-60
3.35333	-59
3.35500	-57
3.35667	-54
3.35833	-50
3.36000	-46
3.36167	-40
3.36333	-33
3.36500	-27
3.36667	-22
3.36833	-18
3.37000	-15
3.37167	-13
3.37333	-11
3.37500	-10
3.37667	-9
3.37833	-9
3.38000	-9
3.38167	-8
3.38333	-5
3.38500	-1
3.38667	5
3.38833	13
3.39000	20
3.39167	27
3.39333	31
3.39500	35
3.39667	38
3.39833	40
3.40000	39
3.40167	36
3.40333	31
3.40500	24
3.40667	16
3.40833	9
3.41000	4
3.41167	-2
3.41333	-8
3.41500	-13
3.41667	-18
3.41833	-22
3.42000	-26
3.42167	-31
3.42333	-35
3.42500	-38
3.42667	-39
3.42833	-41
3.43000	-42
3.43167	-43
3.43333	-42
3.43500	-41
3.43667	-40
3.43833	-37
3.44000	-35
3.44167	-32
3.44333	-30
3.44500	-27
3.44667	-24
3.44833	-21
3.45000	-18
3.45167	-15
3.45333	-11
3.45500	-7
3.45667	-3
3.45833	1
3.46000	3
3.46167	6
3.46333	8
3.46500	11
3.46667	12
3.46833	13
3.47000	14
3.47167	14
3.47333	14
3.47500	15
3.47667	16
3.47833	17
3.48000	20
3.48167	22
3.48333	26
3.48500	31
3.48667	37
3.48833	45
3.49000	55
3.49167	68
3.49333	86
3.49500	108
3.49667	136
3.49833	167
3.50000	201
3.50167	241
3.50333	287
3.50500	343
3.50667	399
3.50833	451
3.51000	502
3.51167	556
3.51333	617
3.51500	672
3.51667	714
3.51833	746
3.52000	773
3.52167	797
3.52333	814
3.52500	822
3.52667	822
3.52833	815
3.53000	802
3.53167	797
3.53333	809
3.53500	841
3.53667	891
3.53833	960
3.54000	1134
3.54167	1493
3.54333	2065
3.54500	2856
3.54667	3866
3.54833	4982
3.55000	6166
3.55167	7481
3.55333	9002
3.55500	10780
3.55667	12447
3.55833	13778
3.56000	14837
3.56167	15746
3.56333	16610
3.56500	17265
3.56667	17593
3.56833	17622
3.57000	17409
3.57167	17004
3.57333	16491
3.57500	15905
3.57667	15224
3.57833	14418
3.58000	13464
3.58167	12510
3.58333	11632
3.58500	10784
3.58667	9898
3.58833	8922
3.59000	7999
3.59167	7212
3.59333	6512
3.59500	5833
3.59667	5119
3.59833	4470
3.60000	3943
3.60167	3504
3.60333	3104
3.60500	2702
3.60667	2347
3.60833	2067
3.61000	1841
3.61167	1642
3.61333	1448
3.61500	1279
3.61667	1146
3.61833	1041
3.62000	950
3.62167	861
3.62333	784
3.62500	721
3.62667	669
3.62833	621
3.63000	572
3.63167	526
3.63333	487
3.63500	452
3.63667	417
3.63833	379
3.64000	344
3.64167	315
3.64333	289
3.64500	266
3.64667	242
3.64833	220
3.65000	203
3.65167	188
3.65333	175
3.65500	161
3.65667	150
3.65833	140
3.66000	132
3.66167	125
3.66333	119
3.66500	113
3.66667	108
3.66833	104
3.67000	101
3.67167	97
3.67333	94
3.67500	92
3.67667	90
3.67833	88
3.68000	86
3.68167	85
3.68333	84
3.68500	83
3.68667	83
3.68833	82
3.69000	82
3.69167	81
3.69333	79
3.69500	77
3.69667	74
3.69833	72
3.70000	69
3.70167	67
3.70333	64
3.70500	62
3.70667	60
3.70833	58
3.71000	56
3.71167	55
3.71333	54
3.71500	52
3.71667	50
3.71833	49
3.72000	47
3.72167	44
3.72333	42
3.72500	41
3.72667	39
3.72833	38
3.73000	36
3.73167	35
3.73333	34
3.73500	33
3.73667	33
3.73833	32
3.74000	32
3.74167	31
3.74333	30
3.74500	30
3.74667	29
3.74833	29
3.75000	29
3.75167	28
3.75333	29
3.75500	29
3.75667	30
3.75833	31
3.76000	32
3.76167	33
3.76333	34
3.76500	36
3.76667	37
3.76833	37
3.77000	38
3.77167	38
3.77333	38
3.77500	38
3.77667	38
3.77833	37
3.78000	36
3.78167	36
3.78333	36
3.78500	36
3.78667	37
3.78833	38
3.79000	40
3.79167	40
3.79333	41
3.79500	41
3.79667	40
3.79833	39
3.80000	38
3.80167	36
3.80333	33
3.80500	31
3.80667	28
3.80833	26
3.81000	24
3.81167	24
3.81333	23
3.81500	23
3.81667	22
3.81833	22
3.82000	23
3.82167	23
3.82333	24
3.82500	24
3.82667	25
3.82833	25
3.83000	26
3.83167	26
3.83333	27
3.83500	27
3.83667	27
3.83833	26
3.84000	26
3.84167	25
3.84333	25
3.84500	24
3.84667	23
3.84833	23
3.85000	22
3.85167	21
3.85333	20
3.85500	20
3.85667	19
3.85833	18
3.86000	17
3.86167	16
3.86333	16
3.86500	15
3.86667	14
3.86833	13
3.87000	13
3.87167	12
3.87333	12
3.87500	11
3.87667	12
3.87833	12
3.88000	12
3.88167	13
3.88333	13
3.88500	13
3.88667	12
3.88833	12
3.89000	11
3.89167	10
3.89333	11
3.89500	11
3.89667	12
3.89833	13
3.90000	14
3.90167	15
3.90333	16
3.90500	18
3.90667	20
3.90833	21
3.91000	22
3.91167	23
3.91333	23
3.91500	24
3.91667	24
3.91833	24
3.92000	23
3.92167	22
3.92333	21
3.92500	20
3.92667	20
3.92833	19
3.93000	18
3.93167	18
3.93333	18
3.93500	18
3.93667	19
3.93833	21
3.94000	22
3.94167	23
3.94333	24
3.94500	24
3.94667	24
3.94833	24
3.95000	23
3.95167	22
3.95333	21
3.95500	20
3.95667	18
3.95833	17
3.96000	16
3.96167	16
3.96333	15
3.96500	14
3.96667	13
3.96833	12
3.97000	11
3.97167	10
3.97333	9
3.97500	8
3.97667	7
3.97833	6
3.98000	6
3.98167	6
3.98333	7
3.98500	8
3.98667	9
3.98833	12
3.99000	14
3.99167	15
3.99333	17
3.99500	17
3.99667	18
3.99833	19
4.00000	19
4.00167	18
4.00333	18
4.00500	17
4.00667	17
4.00833	16
4.01000	16
4.01167	15
4.01333	15
4.01500	15
4.01667	16
4.01833	16
4.02000	16
4.02167	17
4.02333	17
4.02500	18
4.02667	17
4.02833	17
4.03000	17
4.03167	16
4.03333	15
4.03500	15
4.03667	15
4.03833	15
4.04000	14
4.04167	14
4.04333	14
4.04500	14
4.04667	14
4.04833	14
4.05000	14
4.05167	14
4.05333	14
4.05500	14
4.05667	15
4.05833	16
4.06000	17
4.06167	18
4.06333	20
4.06500	22
4.06667	23
4.06833	25
4.07000	26
4.07167	28
4.07333	29
4.07500	30
4.07667	31
4.07833	31
4.08000	31
4.08167	31
4.08333	31
4.08500	31
4.08667	30
4.08833	30
4.09000	30
4.09167	30
4.09333	30
4.09500	30
4.09667	30
4.09833	30
4.10000	31
4.10167	31
4.10333	32
4.10500	32
4.10667	32
4.10833	33
4.11000	34
4.11167	36
4.11333	37
4.11500	39
4.11667	40
4.11833	40
4.12000	41
4.12167	41
4.12333	41
4.12500	40
4.12667	39
4.12833	37
4.13000	34
4.13167	32
4.13333	30
4.13500	28
4.13667	27
4.13833	27
4.14000	26
4.14167	26
4.14333	26
4.14500	27
4.14667	29
4.14833	30
4.15000	31
4.15167	31
4.15333	31
4.15500	31
4.15667	31
4.15833	31
4.16000	30
4.16167	30
4.16333	29
4.16500	29
4.16667	29
4.16833	29
4.17000	30
4.17167	31
4.17333	32
4.17500	33
4.17667	34
4.17833	34
4.18000	34
4.18167	34
4.18333	35
4.18500	35
4.18667	35
4.18833	35
4.19000	35
4.19167	35
4.19333	35
4.19500	34
4.19667	33
4.19833	32
4.20000	31
4.20167	29
4.20333	28
4.20500	26
4.20667	24
4.20833	23
4.21000	23
4.21167	24
4.21333	25
4.21500	27
4.21667	28
4.21833	30
4.22000	31
4.22167	32
4.22333	32
4.22500	33
4.22667	33
4.22833	33
4.23000	32
4.23167	32
4.23333	31
4.23500	31
4.23667	32
4.23833	33
4.24000	33
4.24167	34
4.24333	35
4.24500	35
4.24667	36
4.24833	36
4.25000	36
4.25167	37
4.25333	37
4.25500	36
4.25667	36
4.25833	37
4.26000	37
4.26167	39
4.26333	40
4.26500	42
4.26667	44
4.26833	45
4.27000	45
4.27167	46
4.27333	47
4.27500	47
4.27667	47
4.27833	46
4.28000	46
4.28167	46
4.28333	45
4.28500	45
4.28667	45
4.28833	46
4.29000	46
4.29167	46
4.29333	45
4.29500	44
4.29667	43
4.29833	42
4.30000	41
4.30167	40
4.30333	40
4.30500	40
4.30667	40
4.30833	40
4.31000	41
4.31167	41
4.31333	42
4.31500	42
4.31667	43
4.31833	44
4.32000	44
4.32167	44
4.32333	45
4.32500	45
4.32667	46
4.32833	46
4.33000	46
4.33167	46
4.33333	46
4.33500	46
4.33667	46
4.33833	45
4.34000	45
4.34167	45
4.34333	45
4.34500	46
4.34667	48
4.34833	50
4.35000	51
4.35167	52
4.35333	54
4.35500	55
4.35667	56
4.35833	57
4.36000	58
4.36167	58
4.36333	59
4.36500	59
4.36667	60
4.36833	60
4.37000	60
4.37167	60
4.37333	60
4.37500	59
4.37667	59
4.37833	59
4.38000	59
4.38167	60
4.38333	60
4.38500	61
4.38667	62
4.38833	63
4.39000	64
4.39167	64
4.39333	65
4.39500	65
4.39667	66
4.39833	66
4.40000	66
4.40167	66
4.40333	66
4.40500	66
4.40667	66
4.40833	66
4.41000	66
4.41167	66
4.41333	67
4.41500	67
4.41667	68
4.41833	68
4.42000	68
4.42167	68
4.42333	68
4.42500	68
4.42667	67
4.42833	66
4.43000	65
4.43167	65
4.43333	64
4.43500	64
4.43667	63
4.43833	63
4.44000	63
4.44167	63
4.44333	64
4.44500	64
4.44667	65
4.44833	66
4.45000	66
4.45167	67
4.45333	67
4.45500	68
4.45667	68
4.45833	69
4.46000	69
4.46167	69
4.46333	69
4.46500	69
4.46667	68
4.46833	68
4.47000	69
4.47167	69
4.47333	69
4.47500	69
4.47667	69
4.47833	69
4.48000	68
4.48167	68
4.48333	68
4.48500	68
4.48667	69
4.48833	70
4.49000	72
4.49167	73
4.49333	73
4.49500	74
4.49667	74
4.49833	75
4.50000	75
4.50167	75
4.50333	75
4.50500	74
4.50667	73
4.50833	73
4.51000	73
4.51167	72
4.51333	72
4.51500	72
4.51667	71
4.51833	71
4.52000	71
4.52167	72
4.52333	72
4.52500	72
4.52667	73
4.52833	73
4.53000	74
4.53167	74
4.53333	75
4.53500	75
4.53667	75
4.53833	75
4.54000	76
4.54167	76
4.54333	76
4.54500	76
4.54667	77
4.54833	78
4.55000	78
4.55167	79
4.55333	78
4.55500	78
4.55667	77
4.55833	77
4.56000	76
4.56167	75
4.56333	74
4.56500	74
4.56667	74
4.56833	74
4.57000	75
4.57167	77
4.57333	78
4.57500	79
4.57667	80
4.57833	80
4.58000	80
4.58167	79
4.58333	79
4.58500	77
4.58667	76
4.58833	75
4.59000	73
4.59167	73
4.59333	73
4.59500	73
4.59667	74
4.59833	76
4.60000	76
4.60167	77
4.60333	77
4.60500	77
4.60667	76
4.60833	76
4.61000	75
4.61167	75
4.61333	74
4.61500	73
4.61667	73
4.61833	73
4.62000	73
4.62167	73
4.62333	74
4.62500	74
4.62667	74
4.62833	74
4.63000	74
4.63167	74
4.63333	74
4.63500	74
4.63667	74
4.63833	74
4.64000	74
4.64167	75
4.64333	75
4.64500	76
4.64667	77
4.64833	77
4.65000	78
4.65167	78
4.65333	79
4.65500	79
4.65667	79
4.65833	80
4.66000	80
4.66167	80
4.66333	80
4.66500	80
4.66667	79
4.66833	79
4.67000	79
4.67167	79
4.67333	79
4.67500	80
4.67667	80
4.67833	80
4.68000	81
4.68167	82
4.68333	83
4.68500	83
4.68667	84
4.68833	86
4.69000	87
4.69167	87
4.69333	88
4.69500	88
4.69667	88
4.69833	88
4.70000	89
4.70167	89
4.70333	90
4.70500	90
4.70667	91
4.70833	92
4.71000	93
4.71167	94
4.71333	94
4.71500	95
4.71667	96
4.71833	97
4.72000	97
4.72167	98
4.72333	99
4.72500	99
4.72667	99
4.72833	100
4.73000	100
4.73167	100
4.73333	101
4.73500	101
4.73667	102
4.73833	102
4.74000	102
4.74167	102
4.74333	103
4.74500	103
4.74667	103
4.74833	103
4.75000	102
4.75167	102
4.75333	102
4.75500	102
4.75667	102
4.75833	102
4.76000	103
4.76167	103
4.76333	103
4.76500	103
4.76667	104
4.76833	104
4.77000	104
4.77167	105
4.77333	105
4.77500	105
4.77667	106
4.77833	106
4.78000	106
4.78167	106
4.78333	106
4.78500	106
4.78667	105
4.78833	104
4.79000	104
4.79167	103
4.79333	103
4.79500	104
4.79667	104
4.79833	105
4.80000	106
4.80167	107
4.80333	108
4.80500	110
4.80667	111
4.80833	113
4.81000	115
4.81167	116
4.81333	119
4.81500	121
4.81667	123
4.81833	125
4.82000	127
4.82167	129
4.82333	131
4.82500	132
4.82667	133
4.82833	134
4.83000	134
4.83167	135
4.83333	136
4.83500	136
4.83667	137
4.83833	137
4.84000	138
4.84167	138
4.84333	139
4.84500	140
4.84667	140
4.84833	141
4.85000	142
4.85167	142
4.85333	143
4.85500	144
4.85667	145
4.85833	145
4.86000	145
4.86167	144
4.86333	143
4.86500	142
4.86667	141
4.86833	140
4.87000	140
4.87167	139
4.87333	139
4.87500	139
4.87667	140
4.87833	142
4.88000	144
4.88167	147
4.88333	149
4.88500	151
4.88667	153
4.88833	154
4.89000	156
4.89167	158
4.89333	159
4.89500	161
4.89667	164
4.89833	167
4.90000	170
4.90167	173
4.90333	177
4.90500	181
4.90667	186
4.90833	189
4.91000	193
4.91167	196
4.91333	199
4.91500	202
4.91667	205
4.91833	207
4.92000	210
4.92167	212
4.92333	215
4.92500	217
4.92667	219
4.92833	222
4.93000	224
4.93167	228
4.93333	232
4.93500	236
4.93667	242
4.93833	249
4.94000	258
4.94167	270
4.94333	284
4.94500	303
4.94667	326
4.94833	356
4.95000	397
4.95167	452
4.95333	523
4.95500	610
4.95667	718
4.95833	856
4.96000	1031
4.96167	1252
4.96333	1521
4.96500	1819
4.96667	2142
4.96833	2510
4.97000	2941
4.97167	3450
4.97333	3956
4.97500	4416
4.97667	4854
4.97833	5306
4.98000	5801
4.98167	6238
4.98333	6552
4.98500	6761
4.98667	6899
4.98833	6994
4.99000	7021
4.99167	6957
4.99333	6802
4.99500	6560
4.99667	6239
4.99833	5895
5.00000	5558
5.00167	5211
5.00333	4832
5.00500	4403
5.00667	3994
5.00833	3643
5.01000	3331
5.01167	3029
5.01333	2711
5.01500	2421
5.01667	2185
5.01833	1985
5.02000	1802
5.02167	1616
5.02333	1449
5.02500	1314
5.02667	1201
5.02833	1097
5.03000	992
5.03167	898
5.03333	822
5.03500	757
5.03667	697
5.03833	636
5.04000	581
5.04167	536
5.04333	498
5.04500	464
5.04667	429
5.04833	399
5.05000	375
5.05167	355
5.05333	338
5.05500	321
5.05667	306
5.05833	295
5.06000	286
5.06167	278
5.06333	271
5.06500	265
5.06667	261
5.06833	259
5.07000	259
5.07167	260
5.07333	262
5.07500	267
5.07667	274
5.07833	285
5.08000	298
5.08167	313
5.08333	330
5.08500	349
5.08667	372
5.08833	400
5.09000	428
5.09167	455
5.09333	482
5.09500	511
5.09667	543
5.09833	572
5.10000	594
5.10167	610
5.10333	621
5.10500	630
5.10667	635
5.10833	633
5.11000	625
5.11167	612
5.11333	594
5.11500	575
5.11667	556
5.11833	539
5.12000	521
5.12167	501
5.12333	484
5.12500	473
5.12667	466
5.12833	463
5.13000	462
5.13167	464
5.13333	468
5.13500	476
5.13667	486
5.13833	499
5.14000	511
5.14167	521
5.14333	529
5.14500	536
5.14667	543
5.14833	547
5.15000	548
5.15167	544
5.15333	538
5.15500	528
5.15667	517
5.15833	503
5.16000	488
5.16167	470
5.16333	448
5.16500	427
5.16667	409
5.16833	392
5.17000	375
5.17167	358
5.17333	342
5.17500	331
5.17667	322
5.17833	315
5.18000	308
5.18167	303
5.18333	299
5.18500	296
5.18667	294
5.18833	292
5.19000	291
5.19167	290
5.19333	288
5.19500	286
5.19667	284
5.19833	282
5.20000	279
5.20167	275
5.20333	270
5.20500	264
5.20667	258
5.20833	251
5.21000	245
5.21167	237
5.21333	228
5.21500	220
5.21667	213
5.21833	206
5.22000	199
5.22167	192
5.22333	186
5.22500	181
5.22667	177
5.22833	174
5.23000	171
5.23167	168
5.23333	167
5.23500	166
5.23667	165
5.23833	165
5.24000	165
5.24167	165
5.24333	165
5.24500	165
5.24667	165
5.24833	164
5.25000	163
5.25167	162
5.25333	161
5.25500	160
5.25667	159
5.25833	158
5.26000	157
5.26167	157
5.26333	156
5.26500	156
5.26667	155
5.26833	155
5.27000	156
5.27167	157
5.27333	158
5.27500	158
5.27667	159
5.27833	159
5.28000	159
5.28167	159
5.28333	158
5.28500	157
5.28667	156
5.28833	155
5.29000	154
5.29167	153
5.29333	153
5.29500	153
5.29667	153
5.29833	154
5.30000	155
5.30167	156
5.30333	157
5.30500	158
5.30667	159
5.30833	160
5.31000	161
5.31167	161
5.31333	161
5.31500	161
5.31667	161
5.31833	161
5.32000	160
5.32167	160
5.32333	159
5.32500	159
5.32667	159
5.32833	158
5.33000	158
5.33167	158
5.33333	157
5.33500	157
5.33667	157
5.33833	156
5.34000	156
5.34167	156
5.34333	155
5.34500	155
5.34667	155
5.34833	155
5.35000	156
5.35167	156
5.35333	157
5.35500	157
5.35667	158
5.35833	158
5.36000	159
5.36167	160
5.36333	160
5.36500	161
5.36667	161
5.36833	161
5.37000	161
5.37167	160
5.37333	160
5.37500	159
5.37667	159
5.37833	159
5.38000	158
5.38167	158
5.38333	158
5.38500	158
5.38667	158
5.38833	159
5.39000	160
5.39167	161
5.39333	161
5.39500	162
5.39667	163
5.39833	163
5.40000	164
5.40167	165
5.40333	166
5.40500	167
5.40667	167
5.40833	168
5.41000	169
5.41167	170
5.41333	171
5.41500	172
5.41667	173
5.41833	173
5.42000	173
5.42167	173
5.42333	172
5.42500	172
5.42667	171
5.42833	171
5.43000	171
5.43167	171
5.43333	171
5.43500	172
5.43667	172
5.43833	173
5.44000	173
5.44167	174
5.44333	174
5.44500	174
5.44667	173
5.44833	173
5.45000	172
5.45167	172
5.45333	171
5.45500	171
5.45667	171
5.45833	170
5.46000	170
5.46167	170
5.46333	170
5.46500	170
5.46667	170
5.46833	170
5.47000	170
5.47167	170
5.47333	170
5.47500	170
5.47667	170
5.47833	170
5.48000	170
5.48167	170
5.48333	170
5.48500	171
5.48667	171
5.48833	172
5.49000	173
5.49167	174
5.49333	174
5.49500	173
5.49667	172
5.49833	171
5.50000	170
5.50167	170
5.50333	169
5.50500	168
5.50667	167
5.50833	167
5.51000	168
5.51167	169
5.51333	171
5.51500	173
5.51667	174
5.51833	175
5.52000	176
5.52167	176
5.52333	176
5.52500	177
5.52667	177
5.52833	177
5.53000	178
5.53167	178
5.53333	179
5.53500	179
5.53667	180
5.53833	180
5.54000	181
5.54167	182
5.54333	182
5.54500	182
5.54667	182
5.54833	183
5.55000	183
5.55167	184
5.55333	185
5.55500	187
5.55667	188
5.55833	189
5.56000	190
5.56167	191
5.56333	191
5.56500	192
5.56667	192
5.56833	192
5.57000	191
5.57167	189
5.57333	188
5.57500	187
5.57667	186
5.57833	185
5.58000	185
5.58167	184
5.58333	184
5.58500	184
5.58667	184
5.58833	183
5.59000	183
5.59167	183
5.59333	183
5.59500	182
5.59667	181
5.59833	180
5.60000	180
5.60167	180
5.60333	180
5.60500	180
5.60667	180
5.60833	181
5.61000	181
5.61167	182
5.61333	183
5.61500	184
5.61667	185
5.61833	185
5.62000	186
5.62167	186
5.62333	186
5.62500	186
5.62667	186
5.62833	186
5.63000	186
5.63167	186
5.63333	186
5.63500	186
5.63667	187
5.63833	188
5.64000	189
5.64167	190
5.64333	191
5.64500	192
5.64667	193
5.64833	194
5.65000	195
5.65167	195
5.65333	195
5.65500	196
5.65667	196
5.65833	195
5.66000	195
5.66167	194
5.66333	193
5.66500	192
5.66667	192
5.66833	192
5.67000	192
5.67167	192
5.67333	192
5.67500	192
5.67667	192
5.67833	192
5.68000	193
5.68167	193
5.68333	193
5.68500	193
5.68667	194
5.68833	194
5.69000	195
5.69167	196
5.69333	197
5.69500	199
5.69667	201
5.69833	203
5.70000	204
5.70167	205
5.70333	205
5.70500	205
5.70667	204
5.70833	204
5.71000	204
5.71167	203
5.71333	203
5.71500	202
5.71667	202
5.71833	202
5.72000	202
5.72167	201
5.72333	201
5.72500	201
5.72667	201
5.72833	201
5.73000	201
5.73167	201
5.73333	201
5.73500	201
5.73667	201
5.73833	201
5.74000	201
5.74167	200
5.74333	200
5.74500	200
5.74667	200
5.74833	199
5.75000	200
5.75167	200
5.75333	201
5.75500	202
5.75667	203
5.75833	204
5.76000	204
5.76167	203
5.76333	203
5.76500	202
5.76667	201
5.76833	200
5.77000	200
5.77167	200
5.77333	201
5.77500	202
5.77667	203
5.77833	204
5.78000	205
5.78167	206
5.78333	207
5.78500	208
5.78667	208
5.78833	207
5.79000	207
5.79167	207
5.79333	208
5.79500	209
5.79667	211
5.79833	212
5.80000	214
5.80167	215
5.80333	216
5.80500	216
5.80667	217
5.80833	217
5.81000	216
5.81167	215
5.81333	213
5.81500	211
5.81667	209
5.81833	208
5.82000	206
5.82167	204
5.82333	203
5.82500	201
5.82667	201
5.82833	200
5.83000	200
5.83167	200
5.83333	200
5.83500	201
5.83667	201
5.83833	202
5.84000	203
5.84167	204
5.84333	205
5.84500	205
5.84667	206
5.84833	207
5.85000	207
5.85167	207
5.85333	207
5.85500	207
5.85667	207
5.85833	208
5.86000	208
5.86167	209
5.86333	209
5.86500	210
5.86667	211
5.86833	212
5.87000	214
5.87167	215
5.87333	216
5.87500	217
5.87667	218
5.87833	217
5.88000	217
5.88167	216
5.88333	216
5.88500	215
5.88667	215
5.88833	215
5.89000	215
5.89167	216
5.89333	217
5.89500	218
5.89667	219
5.89833	221
5.90000	222
5.90167	223
5.90333	223
5.90500	223
5.90667	223
5.90833	224
5.91000	224
5.91167	224
5.91333	224
5.91500	224
5.91667	224
5.91833	224
5.92000	224
5.92167	223
5.92333	223
5.92500	222
5.92667	221
5.92833	220
5.93000	220
5.93167	219
5.93333	219
5.93500	219
5.93667	218
5.93833	218
5.94000	218
5.94167	218
5.94333	218
5.94500	219
5.94667	219
5.94833	220
5.95000	221
5.95167	222
5.95333	224
5.95500	226
5.95667	227
5.95833	229
5.96000	229
5.96167	229
5.96333	229
5.96500	229
5.96667	228
5.96833	227
5.97000	226
5.97167	225
5.97333	224
5.97500	223
5.97667	222
5.97833	222
5.98000	222
5.98167	222
5.98333	223
5.98500	223
5.98667	224
5.98833	224
5.99000	225
5.99167	225
5.99333	226
5.99500	227
5.99667	228
5.99833	229
6.00000	230
6.00167	230
6.00333	231
6.00500	231
6.00667	231
6.00833	231
6.01000	232
6.01167	233
6.01333	233
6.01500	234
6.01667	235
6.01833	235
6.02000	236
6.02167	237
6.02333	238
6.02500	238
6.02667	238
6.02833	237
6.03000	235
6.03167	234
6.03333	233
6.03500	232
6.03667	231
6.03833	230
6.04000	229
6.04167	228
6.04333	228
6.04500	228
6.04667	229
6.04833	230
6.05000	231
6.05167	231
6.05333	232
6.05500	233
6.05667	234
6.05833	234
6.06000	234
6.06167	234
6.06333	234
6.06500	234
6.06667	233
6.06833	233
6.07000	234
6.07167	234
6.07333	235
6.07500	235
6.07667	236
6.07833	237
6.08000	238
6.08167	239
6.08333	240
6.08500	240
6.08667	240
6.08833	240
6.09000	239
6.09167	238
6.09333	238
6.09500	237
6.09667	236
6.09833	236
6.10000	236
6.10167	236
6.10333	236
6.10500	237
6.10667	237
6.10833	238
6.11000	238
6.11167	238
6.11333	237
6.11500	236
6.11667	236
6.11833	235
6.12000	233
6.12167	232
6.12333	231
6.12500	230
6.12667	230
6.12833	230
6.13000	230
6.13167	231
6.13333	232
6.13500	233
6.13667	234
6.13833	235
6.14000	236
6.14167	237
6.14333	239
6.14500	240
6.14667	241
6.14833	242
6.15000	242
6.15167	243
6.15333	243
6.15500	243
6.15667	244
6.15833	244
6.16000	245
6.16167	246
6.16333	247
6.16500	247
6.16667	248
6.16833	249
6.17000	249
6.17167	250
6.17333	250
6.17500	250
6.17667	250
6.17833	250
6.18000	249
6.18167	249
6.18333	248
6.18500	248
6.18667	248
6.18833	248
6.19000	248
6.19167	248
6.19333	248
6.19500	248
6.19667	247
6.19833	246
6.20000	246
6.20167	246
6.20333	245
6.20500	245
6.20667	245
6.20833	246
6.21000	246
6.21167	247
6.21333	248
6.21500	249
6.21667	249
6.21833	250
6.22000	250
6.22167	249
6.22333	249
6.22500	249
6.22667	248
6.22833	248
6.23000	248
6.23167	248
6.23333	249
6.23500	249
6.23667	250
6.23833	251
6.24000	251
6.24167	252
6.24333	252
6.24500	253
6.24667	253
6.24833	254
6.25000	255
6.25167	255
6.25333	256
6.25500	257
6.25667	258
6.25833	259
6.26000	259
6.26167	260
6.26333	260
6.26500	260
6.26667	260
6.26833	260
6.27000	260
6.27167	260
6.27333	260
6.27500	260
6.27667	260
6.27833	260
6.28000	260
6.28167	261
6.28333	261
6.28500	261
6.28667	261
6.28833	260
6.29000	260
6.29167	260
6.29333	260
6.29500	261
6.29667	262
6.29833	263
6.30000	264
6.30167	265
6.30333	265
6.30500	266
6.30667	267
6.30833	267
6.31000	267
6.31167	266
6.31333	266
6.31500	264
6.31667	263
6.31833	262
6.32000	261
6.32167	260
6.32333	259
6.32500	258
6.32667	258
6.32833	258
6.33000	259
6.33167	260
6.33333	261
6.33500	262
6.33667	263
6.33833	265
6.34000	266
6.34167	267
6.34333	268
6.34500	268
6.34667	267
6.34833	267
6.35000	266
6.35167	266
6.35333	265
6.35500	265
6.35667	265
6.35833	265
6.36000	266
6.36167	267
6.36333	268
6.36500	270
6.36667	271
6.36833	272
6.37000	272
6.37167	272
6.37333	273
6.37500	273
6.37667	273
6.37833	273
6.38000	273
6.38167	273
6.38333	273
6.38500	273
6.38667	274
6.38833	274
6.39000	275
6.39167	275
6.39333	275
6.39500	274
6.39667	273
6.39833	273
6.40000	272
6.40167	272
6.40333	272
6.40500	272
6.40667	273
6.40833	273
6.41000	274
6.41167	275
6.41333	276
6.41500	277
6.41667	278
6.41833	279
6.42000	280
6.42167	281
6.42333	282
6.42500	283
6.42667	283
6.42833	284
6.43000	284
6.43167	285
6.43333	285
6.43500	284
6.43667	283
6.43833	281
6.44000	280
6.44167	279
6.44333	278
6.44500	277
6.44667	277
6.44833	276
6.45000	277
6.45167	278
6.45333	279
6.45500	281
6.45667	283
6.45833	284
6.46000	286
6.46167	287
6.46333	288
6.46500	289
6.46667	289
6.46833	289
6.47000	289
6.47167	288
6.47333	287
6.47500	287
6.47667	286
6.47833	285
6.48000	285
6.48167	284
6.48333	283
6.48500	283
6.48667	282
6.48833	281
6.49000	280
6.49167	280
6.49333	279
6.49500	279
6.49667	278
6.49833	278
6.50000	278
6.50167	278
6.50333	279
6.50500	280
6.50667	281
6.50833	282
6.51000	283
6.51167	283
6.51333	284
6.51500	285
6.51667	286
6.51833	287
6.52000	288
6.52167	289
6.52333	290
6.52500	291
6.52667	292
6.52833	293
6.53000	294
6.53167	295
6.53333	295
6.53500	295
6.53667	293
6.53833	292
6.54000	290
6.54167	289
6.54333	288
6.54500	288
6.54667	288
6.54833	288
6.55000	289
6.55167	290
6.55333	291
6.55500	292
6.55667	294
6.55833	295
6.56000	296
6.56167	296
6.56333	297
6.56500	297
6.56667	298
6.56833	299
6.57000	299
6.57167	300
6.57333	301
6.57500	301
6.57667	301
6.57833	301
6.58000	300
6.58167	300
6.58333	300
6.58500	300
6.58667	300
6.58833	300
6.59000	301
6.59167	301
6.59333	301
6.59500	301
6.59667	301
6.59833	301
6.60000	301
6.60167	301
6.60333	300
6.60500	300
6.60667	299
6.60833	299
6.61000	299
6.61167	300
6.61333	300
6.61500	301
6.61667	302
6.61833	304
6.62000	305
6.62167	306
6.62333	308
6.62500	309
6.62667	310
6.62833	310
6.63000	311
6.63167	312
6.63333	312
6.63500	312
6.63667	313
6.63833	313
6.64000	313
6.64167	313
6.64333	314
6.64500	314
6.64667	314
6.64833	314
6.65000	314
6.65167	314
6.65333	314
6.65500	313
6.65667	313
6.65833	312
6.66000	312
6.66167	312
6.66333	312
6.66500	312
6.66667	313
6.66833	313
6.67000	314
6.67167	314
6.67333	315
6.67500	315
6.67667	315
6.67833	315
6.68000	315
6.68167	315
6.68333	316
6.68500	316
6.68667	317
6.68833	318
6.69000	319
6.69167	320
6.69333	321
6.69500	321
6.69667	321
6.69833	320
6.70000	320
6.70167	319
6.70333	319
6.70500	318
6.70667	317
6.70833	317
6.71000	317
6.71167	317
6.71333	318
6.71500	319
6.71667	320
6.71833	320
6.72000	320
6.72167	320
6.72333	320
6.72500	319
6.72667	319
6.72833	318
6.73000	318
6.73167	317
6.73333	317
6.73500	317
6.73667	318
6.73833	319
6.74000	320
6.74167	322
6.74333	323
6.74500	324
6.74667	325
6.74833	326
6.75000	326
6.75167	326
6.75333	325
6.75500	324
6.75667	323
6.75833	322
6.76000	321
6.76167	320
6.76333	319
6.76500	318
6.76667	318
6.76833	319
6.77000	321
6.77167	323
6.77333	325
6.77500	327
6.77667	329
6.77833	330
6.78000	332
6.78167	333
6.78333	333
6.78500	333
6.78667	333
6.78833	332
6.79000	332
6.79167	331
6.79333	330
6.79500	329
6.79667	329
6.79833	328
6.80000	327
6.80167	326
6.80333	324
6.80500	322
6.80667	321
6.80833	320
6.81000	321
6.81167	322
6.81333	324
6.81500	326
6.81667	328
6.81833	330
6.82000	332
6.82167	333
6.82333	335
6.82500	336
6.82667	336
6.82833	335
6.83000	334
6.83167	333
6.83333	333
6.83500	332
6.83667	332
6.83833	333
6.84000	333
6.84167	334
6.84333	335
6.84500	336
6.84667	337
6.84833	338
6.85000	339
6.85167	340
6.85333	340
6.85500	341
6.85667	341
6.85833	341
6.86000	341
6.86167	341
6.86333	341
6.86500	340
6.86667	340
6.86833	341
6.87000	341
6.87167	342
6.87333	343
6.87500	344
6.87667	345
6.87833	345
6.88000	345
6.88167	346
6.88333	346
6.88500	345
6.88667	345
6.88833	344
6.89000	343
6.89167	343
6.89333	343
6.89500	343
6.89667	344
6.89833	345
6.90000	345
6.90167	346
6.90333	346
6.90500	346
6.90667	346
6.90833	346
6.91000	346
6.91167	345
6.91333	345
6.91500	344
6.91667	344
6.91833	344
6.92000	344
6.92167	344
6.92333	345
6.92500	346
6.92667	346
6.92833	347
6.93000	348
6.93167	349
6.93333	350
6.93500	350
6.93667	350
6.93833	350
6.94000	349
6.94167	349
6.94333	349
6.94500	348
6.94667	347
6.94833	347
6.95000	347
6.95167	347
6.95333	348
6.95500	349
6.95667	350
6.95833	351
6.96000	352
6.96167	352
6.96333	352
6.96500	352
6.96667	352
6.96833	352
6.97000	351
6.97167	351
6.97333	351
6.97500	351
6.97667	352
6.97833	354
6.98000	357
6.98167	359
6.98333	361
6.98500	363
6.98667	364
6.98833	364
6.99000	365
6.99167	364
6.99333	363
6.99500	362
6.99667	359
6.99833	357
7.00000	355
7.00167	354
7.00333	353
7.00500	352
7.00667	351
7.00833	351
7.01000	352
7.01167	352
7.01333	353
7.01500	354
7.01667	355
7.01833	356
7.02000	357
7.02167	358
7.02333	358
7.02500	359
7.02667	359
7.02833	359
7.03000	359
7.03167	359
7.03333	358
7.03500	358
7.03667	357
7.03833	356
7.04000	355
7.04167	354
7.04333	354
7.04500	354
7.04667	354
7.04833	354
7.05000	355
7.05167	356
7.05333	357
7.05500	359
7.05667	360
7.05833	361
7.06000	362
7.06167	363
7.06333	363
7.06500	363
7.06667	364
7.06833	364
7.07000	365
7.07167	365
7.07333	366
7.07500	367
7.07667	368
7.07833	368
7.08000	370
7.08167	371
7.08333	371
7.08500	372
7.08667	373
7.08833	373
7.09000	374
7.09167	374
7.09333	374
7.09500	375
7.09667	375
7.09833	374
7.10000	374
7.10167	373
7.10333	372
7.10500	371
7.10667	370
7.10833	369
7.11000	368
7.11167	368
7.11333	368
7.11500	368
7.11667	368
7.11833	369
7.12000	370
7.12167	372
7.12333	373
7.12500	374
7.12667	374
7.12833	374
7.13000	374
7.13167	374
7.13333	373
7.13500	373
7.13667	373
7.13833	372
7.14000	372
7.14167	372
7.14333	372
7.14500	371
7.14667	371
7.14833	371
7.15000	372
7.15167	372
7.15333	372
7.15500	372
7.15667	373
7.15833	374
7.16000	374
7.16167	375
7.16333	376
7.16500	378
7.16667	378
7.16833	379
7.17000	380
7.17167	380
7.17333	380
7.17500	380
7.17667	380
7.17833	380
7.18000	379
7.18167	378
7.18333	378
7.18500	377
7.18667	377
7.18833	376
7.19000	376
7.19167	376
7.19333	377
7.19500	377
7.19667	379
7.19833	380
7.20000	381
7.20167	382
7.20333	383
7.20500	384
7.20667	385
7.20833	385
7.21000	386
7.21167	386
7.21333	387
7.21500	387
7.21667	387
7.21833	387
7.22000	387
7.22167	387
7.22333	387
7.22500	387
7.22667	387
7.22833	388
7.23000	389
7.23167	389
7.23333	390
7.23500	390
7.23667	389
7.23833	389
7.24000	388
7.24167	388
7.24333	388
7.24500	388
7.24667	388
7.24833	388
7.25000	388
7.25167	388
7.25333	389
7.25500	390
7.25667	390
7.25833	391
7.26000	391
7.26167	390
7.26333	390
7.26500	390
7.26667	389
7.26833	389
7.27000	389
7.27167	389
7.27333	389
7.27500	389
7.27667	389
7.27833	389
7.28000	389
7.28167	389
7.28333	388
7.28500	388
7.28667	388
7.28833	389
7.29000	389
7.29167	389
7.29333	390
7.29500	390
7.29667	391
7.29833	392
7.30000	393
7.30167	394
7.30333	395
7.30500	396
7.30667	397
7.30833	398
7.31000	398
7.31167	398
7.31333	398
7.31500	397
7.31667	397
7.31833	397
7.32000	397
7.32167	397
7.32333	397
7.32500	398
7.32667	399
7.32833	400
7.33000	400
7.33167	401
7.33333	402
7.33500	403
7.33667	403
7.33833	403
7.34000	404
7.34167	404
7.34333	404
7.34500	404
7.34667	404
7.34833	404
7.35000	405
7.35167	406
7.35333	407
7.35500	408
7.35667	409
7.35833	410
7.36000	411
7.36167	412
7.36333	412
7.36500	412
7.36667	413
7.36833	412
7.37000	412
7.37167	411
7.37333	410
7.37500	409
7.37667	409
7.37833	409
7.38000	409
7.38167	408
7.38333	408
7.38500	409
7.38667	409
7.38833	409
7.39000	410
7.39167	410
7.39333	411
7.39500	412
7.39667	413
7.39833	414
7.40000	415
7.40167	416
7.40333	416
7.40500	416
7.40667	416
7.40833	416
7.41000	416
7.41167	415
7.41333	414
7.41500	412
7.41667	411
7.41833	411
7.42000	410
7.42167	410
7.42333	410
7.42500	410
7.42667	410
7.42833	411
7.43000	412
7.43167	413
7.43333	413
7.43500	413
7.43667	413
7.43833	413
7.44000	412
7.44167	412
7.44333	411
7.44500	411
7.44667	411
7.44833	411
7.45000	412
7.45167	412
7.45333	413
7.45500	414
7.45667	415
7.45833	416
7.46000	417
7.46167	418
7.46333	419
7.46500	420
7.46667	421
7.46833	422
7.47000	423
7.47167	424
7.47333	425
7.47500	425
7.47667	425
7.47833	424
7.48000	424
7.48167	423
7.48333	422
7.48500	421
7.48667	421
7.48833	420
7.49000	420
7.49167	420
7.49333	419
7.49500	419
7.49667	419
7.49833	419
7.50000	420
7.50167	421
7.50333	422
7.50500	424
7.50667	426
7.50833	427
7.51000	428
7.51167	429
7.51333	430
7.51500	430
7.51667	431
7.51833	431
7.52000	430
7.52167	430
7.52333	430
7.52500	429
7.52667	429
7.52833	430
7.53000	431
7.53167	431
7.53333	432
7.53500	433
7.53667	433
7.53833	434
7.54000	434
7.54167	434
7.54333	435
7.54500	435
7.54667	436
7.54833	436
7.55000	436
7.55167	436
7.55333	435
7.55500	435
7.55667	433
7.55833	432
7.56000	431
7.56167	431
7.56333	430
7.56500	429
7.56667	429
7.56833	429
7.57000	430
7.57167	431
7.57333	433
7.57500	434
7.57667	435
7.57833	436
7.58000	437
7.58167	437
7.58333	437
7.58500	437
7.58667	436
7.58833	434
7.59000	433
7.59167	432
7.59333	431
7.59500	431
7.59667	431
7.59833	432
7.60000	433
7.60167	434
7.60333	436
7.60500	438
7.60667	440
7.60833	441
7.61000	441
7.61167	441
7.61333	440
7.61500	439
7.61667	439
7.61833	438
7.62000	438
7.62167	438
7.62333	439
7.62500	440
7.62667	441
7.62833	442
7.63000	444
7.63167	445
7.63333	447
7.63500	448
7.63667	448
7.63833	449
7.64000	450
7.64167	450
7.64333	450
7.64500	450
7.64667	450
7.64833	450
7.65000	450
7.65167	451
7.65333	451
7.65500	452
7.65667	452
7.65833	453
7.66000	453
7.66167	453
7.66333	453
7.66500	452
7.66667	452
7.66833	452
7.67000	452
7.67167	452
7.67333	453
7.67500	453
7.67667	454
7.67833	455
7.68000	456
7.68167	457
7.68333	457
7.68500	458
7.68667	457
7.68833	457
7.69000	456
7.69167	455
7.69333	455
7.69500	455
7.69667	455
7.69833	456
7.70000	456
7.70167	456
7.70333	457
7.70500	458
7.70667	458
7.70833	459
7.71000	459
7.71167	459
7.71333	458
7.71500	458
7.71667	458
7.71833	458
7.72000	459
7.72167	460
7.72333	461
7.72500	462
7.72667	463
7.72833	464
7.73000	465
7.73167	465
7.73333	466
7.73500	466
7.73667	465
7.73833	464
7.74000	463
7.74167	462
7.74333	462
7.74500	462
7.74667	461
7.74833	461
7.75000	462
7.75167	463
7.75333	464
7.75500	466
7.75667	468
7.75833	470
7.76000	471
7.76167	472
7.76333	472
7.76500	473
7.76667	473
7.76833	472
7.77000	471
7.77167	470
7.77333	468
7.77500	466
7.77667	465
7.77833	464
7.78000	462
7.78167	461
7.78333	461
7.78500	462
7.78667	463
7.78833	465
7.79000	468
7.79167	470
7.79333	472
7.79500	474
7.79667	476
7.79833	477
7.80000	478
7.80167	477
7.80333	476
7.80500	474
7.80667	472
7.80833	471
7.81000	470
7.81167	470
7.81333	470
7.81500	470
7.81667	471
7.81833	472
7.82000	473
7.82167	475
7.82333	476
7.82500	477
7.82667	478
7.82833	478
7.83000	479
7.83167	479
7.83333	479
7.83500	479
7.83667	478
7.83833	477
7.84000	476
7.84167	476
7.84333	475
7.84500	475
7.84667	475
7.84833	475
7.85000	476
7.85167	476
7.85333	477
7.85500	479
7.85667	481
7.85833	482
7.86000	483
7.86167	484
7.86333	485
7.86500	486
7.86667	486
7.86833	486
7.87000	486
7.87167	486
7.87333	486
7.87500	485
7.87667	484
7.87833	482
7.88000	481
7.88167	479
7.88333	478
7.88500	477
7.88667	476
7.88833	475
7.89000	474
7.89167	474
7.89333	474
7.89500	475
7.89667	476
7.89833	478
7.90000	479
7.90167	481
7.90333	482
7.90500	484
7.90667	485
7.90833	487
7.91000	488
7.91167	490
7.91333	491
7.91500	493
7.91667	494
7.91833	495
7.92000	495
7.92167	494
7.92333	494
7.92500	493
7.92667	493
7.92833	492
7.93000	492
7.93167	492
7.93333	492
7.93500	492
7.93667	492
7.93833	493
7.94000	493
7.94167	493
7.94333	493
7.94500	493
7.94667	493
7.94833	493
7.95000	493
7.95167	494
7.95333	494
7.95500	495
7.95667	496
7.95833	497
7.96000	498
7.96167	498
7.96333	499
7.96500	499
7.96667	500
7.96833	500
7.97000	500
7.97167	501
7.97333	501
7.97500	502
7.97667	502
7.97833	502
7.98000	502
7.98167	502
7.98333	501
7.98500	501
7.98667	501
7.98833	500
7.99000	500
7.99167	500
7.99333	500
7.99500	500
7.99667	500
7.99833	500
8.00000	500
8.00167	500
8.00333	500
8.00500	500
8.00667	500
8.00833	500
8.01000	500
8.01167	501
8.01333	502
8.01500	502
8.01667	503
8.01833	503
8.02000	503
8.02167	503
8.02333	503
8.02500	503
8.02667	504
8.02833	504
8.03000	504
8.03167	505
8.03333	505
8.03500	506
8.03667	508
8.03833	509
8.04000	511
8.04167	512
8.04333	512
8.04500	513
8.04667	513
8.04833	513
8.05000	513
8.05167	513
8.05333	513
8.05500	513
8.05667	513
8.05833	513
8.06000	513
8.06167	513
8.06333	513
8.06500	513
8.06667	513
8.06833	513
8.07000	513
8.07167	513
8.07333	514
8.07500	514
8.07667	515
8.07833	516
8.08000	517
8.08167	518
8.08333	519
8.08500	519
8.08667	519
8.08833	519
8.09000	519
8.09167	519
8.09333	518
8.09500	518
8.09667	517
8.09833	517
8.10000	517
8.10167	517
8.10333	518
8.10500	519
8.10667	520
8.10833	522
8.11000	523
8.11167	524
8.11333	525
8.11500	526
8.11667	527
8.11833	527
8.12000	528
8.12167	529
8.12333	530
8.12500	530
8.12667	531
8.12833	531
8.13000	532
8.13167	532
8.13333	533
8.13500	532
8.13667	532
8.13833	532
8.14000	531
8.14167	531
8.14333	531
8.14500	531
8.14667	531
8.14833	532
8.15000	532
8.15167	533
8.15333	533
8.15500	534
8.15667	534
8.15833	535
8.16000	535
8.16167	535
8.16333	535
8.16500	535
8.16667	535
8.16833	535
8.17000	535
8.17167	535
8.17333	535
8.17500	535
8.17667	535
8.17833	535
8.18000	535
8.18167	535
8.18333	535
8.18500	536
8.18667	536
8.18833	537
8.19000	538
8.19167	539
8.19333	539
8.19500	540
8.19667	541
8.19833	542
8.20000	543
8.20167	543
8.20333	544
8.20500	544
8.20667	544
8.20833	544
8.21000	543
8.21167	543
8.21333	542
8.21500	541
8.21667	540
8.21833	540
8.22000	540
8.22167	540
8.22333	541
8.22500	542
8.22667	543
8.22833	544
8.23000	545
8.23167	546
8.23333	547
8.23500	547
8.23667	547
8.23833	547
8.24000	547
8.24167	547
8.24333	547
8.24500	547
8.24667	547
8.24833	547
8.25000	547
8.25167	546
8.25333	545
8.25500	544
8.25667	543
8.25833	542
8.26000	542
8.26167	543
8.26333	544
8.26500	545
8.26667	547
8.26833	548
8.27000	548
8.27167	549
8.27333	550
8.27500	550
8.27667	550
8.27833	550
8.28000	550
8.28167	550
8.28333	551
8.28500	551
8.28667	552
8.28833	553
8.29000	554
8.29167	555
8.29333	555
8.29500	555
8.29667	555
8.29833	555
8.30000	555
8.30167	554
8.30333	554
8.30500	554
8.30667	554
8.30833	553
8.31000	553
8.31167	553
8.31333	552
8.31500	552
8.31667	551
8.31833	551
8.32000	551
8.32167	552
8.32333	552
8.32500	552
8.32667	553
8.32833	553
8.33000	553
8.33167	552
8.33333	552
8.33500	552
8.33667	551
8.33833	550
8.34000	549
8.34167	549
8.34333	549
8.34500	550
8.34667	551
8.34833	552
8.35000	553
8.35167	554
8.35333	555
8.35500	556
8.35667	557
8.35833	557
8.36000	557
8.36167	557
8.36333	557
8.36500	556
8.36667	556
8.36833	556
8.37000	557
8.37167	557
8.37333	558
8.37500	559
8.37667	559
8.37833	559
8.38000	559
8.38167	559
8.38333	559
8.38500	559
8.38667	558
8.38833	557
8.39000	557
8.39167	556
8.39333	556
8.39500	556
8.39667	556
8.39833	557
8.40000	558
8.40167	558
8.40333	558
8.40500	559
8.40667	559
8.40833	559
8.41000	560
8.41167	561
8.41333	562
8.41500	563
8.41667	564
8.41833	565
8.42000	566
8.42167	567
8.42333	567
8.42500	567
8.42667	567
8.42833	566
8.43000	565
8.43167	565
8.43333	564
8.43500	564
8.43667	564
8.43833	565
8.44000	566
8.44167	567
8.44333	568
8.44500	570
8.44667	572
8.44833	574
8.45000	575
8.45167	576
8.45333	577
8.45500	578
8.45667	579
8.45833	580
8.46000	579
8.46167	579
8.46333	578
8.46500	577
8.46667	577
8.46833	576
8.47000	576
8.47167	577
8.47333	577
8.47500	578
8.47667	579
8.47833	580
8.48000	581
8.48167	582
8.48333	583
8.48500	584
8.48667	584
8.48833	584
8.49000	584
8.49167	585
8.49333	585
8.49500	585
8.49667	585
8.49833	585
8.50000	584
8.50167	584
8.50333	583
8.50500	582
8.50667	581
8.50833	580
8.51000	579
8.51167	579
8.51333	578
8.51500	578
8.51667	577
8.51833	577
8.52000	577
8.52167	576
8.52333	576
8.52500	576
8.52667	576
8.52833	576
8.53000	576
8.53167	576
8.53333	576
8.53500	576
8.53667	577
8.53833	578
8.54000	580
8.54167	581
8.54333	583
8.54500	584
8.54667	586
8.54833	587
8.55000	588
8.55167	588
8.55333	588
8.55500	587
8.55667	586
8.55833	585
8.56000	584
8.56167	584
8.56333	583
8.56500	583
8.56667	584
8.56833	584
8.57000	584
8.57167	585
8.57333	585
8.57500	586
8.57667	586
8.57833	586
8.58000	585
8.58167	585
8.58333	585
8.58500	585
8.58667	585
8.58833	586
8.59000	587
8.59167	587
8.59333	587
8.59500	588
8.59667	588
8.59833	588
8.60000	588
8.60167	588
8.60333	589
8.60500	590
8.60667	590
8.60833	591
8.61000	592
8.61167	593
8.61333	594
8.61500	595
8.61667	596
8.61833	597
8.62000	597
8.62167	597
8.62333	597
8.62500	597
8.62667	597
8.62833	597
8.63000	598
8.63167	598
8.63333	598
8.63500	599
8.63667	599
8.63833	600
8.64000	600
8.64167	601
8.64333	601
8.64500	601
8.64667	601
8.64833	601
8.65000	602
8.65167	602
8.65333	603
8.65500	603
8.65667	604
8.65833	605
8.66000	605
8.66167	606
8.66333	607
8.66500	608
8.66667	608
8.66833	608
8.67000	607
8.67167	606
8.67333	605
8.67500	604
8.67667	604
8.67833	603
8.68000	603
8.68167	603
8.68333	602
8.68500	601
8.68667	601
8.68833	600
8.69000	600
8.69167	599
8.69333	599
8.69500	598
8.69667	598
8.69833	598
8.70000	598
8.70167	599
8.70333	600
8.70500	601
8.70667	603
8.70833	604
8.71000	606
8.71167	606
8.71333	607
8.71500	608
8.71667	608
8.71833	608
8.72000	608
8.72167	608
8.72333	607
8.72500	607
8.72667	607
8.72833	608
8.73000	608
8.73167	609
8.73333	609
8.73500	610
8.73667	610
8.73833	610
8.74000	610
8.74167	610
8.74333	610
8.74500	611
8.74667	611
8.74833	612
8.75000	613
8.75167	614
8.75333	615
8.75500	615
8.75667	616
8.75833	616
8.76000	616
8.76167	616
8.76333	615
8.76500	614
8.76667	613
8.76833	613
8.77000	612
8.77167	612
8.77333	611
8.77500	611
8.77667	612
8.77833	612
8.78000	613
8.78167	614
8.78333	614
8.78500	615
8.78667	616
8.78833	617
8.79000	618
8.79167	618
8.79333	619
8.79500	619
8.79667	618
8.79833	618
8.80000	617
8.80167	617
8.80333	617
8.80500	616
8.80667	615
8.80833	615
8.81000	614
8.81167	614
8.81333	614
8.81500	614
8.81667	614
8.81833	614
8.82000	615
8.82167	616
8.82333	617
8.82500	618
8.82667	618
8.82833	619
8.83000	620
8.83167	620
8.83333	620
8.83500	620
8.83667	620
8.83833	620
8.84000	619
8.84167	619
8.84333	619
8.84500	619
8.84667	619
8.84833	619
8.85000	619
8.85167	620
8.85333	621
8.85500	621
8.85667	622
8.85833	623
8.86000	624
8.86167	626
8.86333	627
8.86500	628
8.86667	629
8.86833	630
8.87000	631
8.87167	631
8.87333	632
8.87500	633
8.87667	633
8.87833	633
8.88000	633
8.88167	633
8.88333	633
8.88500	633
8.88667	633
8.88833	633
8.89000	632
8.89167	632
8.89333	632
8.89500	632
8.89667	633
8.89833	633
8.90000	633
8.90167	633
8.90333	633
8.90500	633
8.90667	633
8.90833	633
8.91000	633
8.91167	633
8.91333	633
8.91500	633
8.91667	634
8.91833	635
8.92000	636
8.92167	638
8.92333	640
8.92500	640
8.92667	641
8.92833	640
8.93000	640
8.93167	639
8.93333	638
8.93500	637
8.93667	636
8.93833	636
8.94000	635
8.94167	635
8.94333	635
8.94500	635
8.94667	636
8.94833	637
8.95000	637
8.95167	637
8.95333	637
8.95500	636
8.95667	636
8.95833	635
8.96000	634
8.96167	634
8.96333	633
8.96500	633
8.96667	633
8.96833	634
8.97000	635
8.97167	637
8.97333	639
8.97500	641
8.97667	642
8.97833	644
8.98000	646
8.98167	648
8.98333	649
8.98500	650
8.98667	649
8.98833	649
8.99000	648
8.99167	647
8.99333	646
8.99500	644
8.99667	642
8.99833	641
9.00000	640
9.00167	639
9.00333	639
9.00500	640
9.00667	640
9.00833	641
9.01000	642
9.01167	644
9.01333	646
9.01500	647
9.01667	649
9.01833	650
9.02000	650
9.02167	651
9.02333	652
9.02500	652
9.02667	652
9.02833	652
9.03000	652
9.03167	651
9.03333	650
9.03500	649
9.03667	648
9.03833	647
9.04000	646
9.04167	645
9.04333	645
9.04500	644
9.04667	643
9.04833	642
9.05000	642
9.05167	641
9.05333	642
9.05500	642
9.05667	642
9.05833	643
9.06000	644
9.06167	645
9.06333	647
9.06500	648
9.06667	650
9.06833	651
9.07000	652
9.07167	653
9.07333	654
9.07500	655
9.07667	656
9.07833	657
9.08000	658
9.08167	659
9.08333	659
9.08500	660
9.08667	660
9.08833	660
9.09000	661
9.09167	661
9.09333	661
9.09500	660
9.09667	660
9.09833	660
9.10000	659
9.10167	659
9.10333	658
9.10500	658
9.10667	657
9.10833	657
9.11000	657
9.11167	656
9.11333	657
9.11500	657
9.11667	658
9.11833	659
9.12000	660
9.12167	662
9.12333	663
9.12500	664
9.12667	665
9.12833	665
9.13000	664
9.13167	664
9.13333	663
9.13500	663
9.13667	663
9.13833	663
9.14000	663
9.14167	663
9.14333	663
9.14500	663
9.14667	664
9.14833	664
9.15000	665
9.15167	665
9.15333	665
9.15500	664
9.15667	664
9.15833	664
9.16000	664
9.16167	664
9.16333	664
9.16500	665
9.16667	665
9.16833	666
9.17000	667
9.17167	667
9.17333	668
9.17500	669
9.17667	670
9.17833	670
9.18000	671
9.18167	672
9.18333	672
9.18500	672
9.18667	672
9.18833	672
9.19000	672
9.19167	672
9.19333	671
9.19500	671
9.19667	670
9.19833	670
9.20000	669
9.20167	670
9.20333	670
9.20500	671
9.20667	672
9.20833	673
9.21000	674
9.21167	675
9.21333	675
9.21500	676
9.21667	676
9.21833	676
9.22000	676
9.22167	676
9.22333	676
9.22500	676
9.22667	677
9.22833	677
9.23000	678
9.23167	679
9.23333	680
9.23500	681
9.23667	681
9.23833	681
9.24000	682
9.24167	682
9.24333	682
9.24500	683
9.24667	683
9.24833	683
9.25000	684
9.25167	685
9.25333	686
9.25500	688
9.25667	689
9.25833	690
9.26000	691
9.26167	691
9.26333	691
9.26500	690
9.26667	690
9.26833	689
9.27000	687
9.27167	685
9.27333	683
9.27500	682
9.27667	681
9.27833	681
9.28000	680
9.28167	680
9.28333	681
9.28500	681
9.28667	682
9.28833	683
9.29000	684
9.29167	684
9.29333	684
9.29500	684
9.29667	683
9.29833	682
9.30000	681
9.30167	680
9.30333	679
9.30500	678
9.30667	677
9.30833	677
9.31000	677
9.31167	678
9.31333	679
9.31500	681
9.31667	682
9.31833	683
9.32000	685
9.32167	686
9.32333	687
9.32500	688
9.32667	689
9.32833	689
9.33000	690
9.33167	690
9.33333	691
9.33500	691
9.33667	691
9.33833	692
9.34000	692
9.34167	692
9.34333	692
9.34500	692
9.34667	693
9.34833	692
9.35000	692
9.35167	692
9.35333	692
9.35500	692
9.35667	692
9.35833	693
9.36000	693
9.36167	694
9.36333	694
9.36500	695
9.36667	696
9.36833	697
9.37000	698
9.37167	699
9.37333	700
9.37500	701
9.37667	701
9.37833	702
9.38000	702
9.38167	702
9.38333	702
9.38500	702
9.38667	703
9.38833	704
9.39000	705
9.39167	707
9.39333	708
9.39500	709
9.39667	711
9.39833	712
9.40000	713
9.40167	713
9.40333	712
9.40500	712
9.40667	711
9.40833	710
9.41000	709
9.41167	708
9.41333	707
9.41500	706
9.41667	705
9.41833	705
9.42000	704
9.42167	705
9.42333	705
9.42500	705
9.42667	705
9.42833	706
9.43000	706
9.43167	707
9.43333	707
9.43500	707
9.43667	707
9.43833	707
9.44000	706
9.44167	706
9.44333	707
9.44500	707
9.44667	708
9.44833	709
9.45000	710
9.45167	711
9.45333	712
9.45500	713
9.45667	714
9.45833	715
9.46000	715
9.46167	715
9.46333	714
9.46500	713
9.46667	713
9.46833	713
9.47000	713
9.47167	714
9.47333	715
9.47500	716
9.47667	717
9.47833	717
9.48000	718
9.48167	719
9.48333	720
9.48500	720
9.48667	721
9.48833	721
9.49000	721
9.49167	722
9.49333	722
9.49500	723
9.49667	723
9.49833	723
9.50000	723
9.50167	722
9.50333	720
9.50500	718
9.50667	716
9.50833	714
9.51000	714
9.51167	713
9.51333	713
9.51500	714
9.51667	714
9.51833	715
9.52000	716
9.52167	717
9.52333	719
9.52500	719
9.52667	720
9.52833	720
9.53000	720
9.53167	720
9.53333	720
9.53500	720
9.53667	721
9.53833	722
9.54000	722
9.54167	723
9.54333	723
9.54500	722
9.54667	721
9.54833	720
9.55000	719
9.55167	718
9.55333	717
9.55500	716
9.55667	715
9.55833	715
9.56000	715
9.56167	715
9.56333	716
9.56500	717
9.56667	718
9.56833	718
9.57000	719
9.57167	720
9.57333	720
9.57500	721
9.57667	722
9.57833	723
9.58000	724
9.58167	725
9.58333	725
9.58500	726
9.58667	726
9.58833	726
9.59000	727
9.59167	727
9.59333	728
9.59500	729
9.59667	730
9.59833	731
9.60000	732
9.60167	732
9.60333	731
9.60500	731
9.60667	730
9.60833	729
9.61000	728
9.61167	726
9.61333	725
9.61500	724
9.61667	724
9.61833	725
9.62000	726
9.62167	728
9.62333	730
9.62500	732
9.62667	733
9.62833	734
9.63000	735
9.63167	736
9.63333	736
9.63500	736
9.63667	735
9.63833	734
9.64000	734
9.64167	733
9.64333	732
9.64500	732
9.64667	732
9.64833	732
9.65000	732
9.65167	732
9.65333	733
9.65500	734
9.65667	735
9.65833	736
9.66000	737
9.66167	738
9.66333	739
9.66500	740
9.66667	741
9.66833	741
9.67000	742
9.67167	742
9.67333	742
9.67500	742
9.67667	742
9.67833	741
9.68000	740
9.68167	739
9.68333	738
9.68500	737
9.68667	737
9.68833	736
9.69000	736
9.69167	736
9.69333	736
9.69500	736
9.69667	736
9.69833	737
9.70000	737
9.70167	738
9.70333	739
9.70500	740
9.70667	741
9.70833	742
9.71000	743
9.71167	743
9.71333	743
9.71500	743
9.71667	744
9.71833	744
9.72000	744
9.72167	744
9.72333	744
9.72500	744
9.72667	744
9.72833	744
9.73000	743
9.73167	743
9.73333	743
9.73500	743
9.73667	743
9.73833	743
9.74000	744
9.74167	744
9.74333	745
9.74500	746
9.74667	747
9.74833	749
9.75000	750
9.75167	751
9.75333	751
9.75500	752
9.75667	753
9.75833	753
9.76000	754
9.76167	754
9.76333	754
9.76500	754
9.76667	754
9.76833	754
9.77000	753
9.77167	752
9.77333	750
9.77500	749
9.77667	749
9.77833	748
9.78000	748
9.78167	748
9.78333	748
9.78500	749
9.78667	749
9.78833	750
9.79000	751
9.79167	752
9.79333	752
9.79500	752
9.79667	752
9.79833	751
9.80000	751
9.80167	751
9.80333	751
9.80500	751
9.80667	751
9.80833	751
9.81000	752
9.81167	753
9.81333	753
9.81500	754
9.81667	755
9.81833	756
9.82000	757
9.82167	758
9.82333	759
9.82500	760
9.82667	761
9.82833	761
9.83000	762
9.83167	763
9.83333	763
9.83500	763
9.83667	763
9.83833	764
9.84000	763
9.84167	763
9.84333	763
9.84500	762
9.84667	761
9.84833	760
9.85000	759
9.85167	758
9.85333	757
9.85500	757
9.85667	756
9.85833	756
9.86000	756
9.86167	756
9.86333	756
9.86500	756
9.86667	756
9.86833	757
9.87000	758
9.87167	759
9.87333	760
9.87500	761
9.87667	762
9.87833	762
9.88000	763
9.88167	763
9.88333	763
9.88500	763
9.88667	762
9.88833	761
9.89000	761
9.89167	760
9.89333	761
9.89500	762
9.89667	763
9.89833	764
9.90000	765
9.90167	766
9.90333	767
9.90500	767
9.90667	768
9.90833	768
9.91000	768
9.91167	768
9.91333	767
9.91500	767
9.91667	766
9.91833	766
9.92000	765
9.92167	765
9.92333	764
9.92500	764
9.92667	764
9.92833	764
9.93000	765
9.93167	765
9.93333	766
9.93500	767
9.93667	769
9.93833	771
9.94000	772
9.94167	774
9.94333	774
9.94500	775
9.94667	775
9.94833	775
9.95000	775
9.95167	775
9.95333	775
9.95500	774
9.95667	773
9.95833	773
9.96000	773
9.96167	773
9.96333	774
9.96500	774
9.96667	775
9.96833	775
9.97000	775
9.97167	775
9.97333	776
9.97500	776
9.97667	775
9.97833	775
9.98000	775
9.98167	775
9.98333	774
9.98500	774
9.98667	775
9.98833	775
9.99000	775
9.99167	776
9.99333	776
9.99500	776
9.99667	775
9.99833	775
10.00000	774
10.00167	774
10.00333	774
10.00500	773
10.00667	773
10.00833	773
10.01000	773
10.01167	773
10.01333	774
10.01500	774
10.01667	775
10.01833	775
10.02000	776
10.02167	776
10.02333	776
10.02500	776
10.02667	777
10.02833	777
10.03000	778
10.03167	778
10.03333	779
10.03500	780
10.03667	781
10.03833	782
10.04000	783
10.04167	783
10.04333	784
10.04500	784
10.04667	784
10.04833	784
10.05000	784
10.05167	785
10.05333	785
10.05500	786
10.05667	787
10.05833	787
10.06000	788
10.06167	789
10.06333	789
10.06500	790
10.06667	790
10.06833	790
10.07000	789
10.07167	788
10.07333	787
10.07500	786
10.07667	785
10.07833	784
10.08000	783
10.08167	783
10.08333	782
10.08500	782
10.08667	782
10.08833	782
10.09000	783
10.09167	783
10.09333	784
10.09500	784
10.09667	784
10.09833	784
10.10000	785
10.10167	785
10.10333	785
10.10500	785
10.10667	785
10.10833	786
10.11000	787
10.11167	788
10.11333	789
10.11500	791
10.11667	792
10.11833	792
10.12000	793
10.12167	793
10.12333	793
10.12500	793
10.12667	793
10.12833	793
10.13000	793
10.13167	793
10.13333	793
10.13500	793
10.13667	793
10.13833	793
10.14000	793
10.14167	794
10.14333	794
10.14500	794
10.14667	794
10.14833	794
10.15000	794
10.15167	794
10.15333	794
10.15500	794
10.15667	794
10.15833	794
10.16000	794
10.16167	793
10.16333	791
10.16500	790
10.16667	789
10.16833	788
10.17000	788
10.17167	788
10.17333	789
10.17500	789
10.17667	790
10.17833	790
10.18000	791
10.18167	791
10.18333	791
10.18500	791
10.18667	790
10.18833	790
10.19000	789
10.19167	788
10.19333	788
10.19500	787
10.19667	787
10.19833	787
10.20000	788
10.20167	789
10.20333	791
10.20500	793
10.20667	795
10.20833	797
10.21000	799
10.21167	801
10.21333	802
10.21500	803
10.21667	804
10.21833	805
10.22000	805
10.22167	805
10.22333	805
10.22500	805
10.22667	805
10.22833	806
10.23000	806
10.23167	807
10.23333	807
10.23500	808
10.23667	808
10.23833	807
10.24000	807
10.24167	807
10.24333	807
10.24500	806
10.24667	806
10.24833	806
10.25000	806
10.25167	806
10.25333	805
10.25500	805
10.25667	805
10.25833	805
10.26000	805
10.26167	805
10.26333	805
10.26500	805
10.26667	806
10.26833	806
10.27000	806
10.27167	807
10.27333	807
10.27500	808
10.27667	808
10.27833	808
10.28000	808
10.28167	808
10.28333	807
10.28500	807
10.28667	806
10.28833	805
10.29000	805
10.29167	805
10.29333	805
10.29500	806
10.29667	808
10.29833	809
10.30000	811
10.30167	811
10.30333	812
10.30500	812
10.30667	813
10.30833	813
10.31000	813
10.31167	813
10.31333	813
10.31500	812
10.31667	812
10.31833	812
10.32000	813
10.32167	813
10.32333	813
10.32500	814
10.32667	814
10.32833	814
10.33000	814
10.33167	815
10.33333	815
10.33500	816
10.33667	816
10.33833	817
10.34000	817
10.34167	818
10.34333	818
10.34500	818
10.34667	818
10.34833	819
10.35000	819
10.35167	819
10.35333	819
10.35500	819
10.35667	819
10.35833	819
10.36000	818
10.36167	817
10.36333	815
10.36500	814
10.36667	813
10.36833	813
10.37000	813
10.37167	814
10.37333	815
10.37500	816
10.37667	818
10.37833	819
10.38000	821
10.38167	823
10.38333	824
10.38500	824
10.38667	824
10.38833	823
10.39000	822
10.39167	822
10.39333	822
10.39500	822
10.39667	822
10.39833	822
10.40000	823
10.40167	823
10.40333	823
10.40500	823
10.40667	824
10.40833	823
10.41000	822
10.41167	821
10.41333	819
10.41500	817
10.41667	816
10.41833	815
10.42000	816
10.42167	817
10.42333	818
10.42500	820
10.42667	822
10.42833	824
10.43000	827
10.43167	829
10.43333	831
10.43500	832
10.43667	832
10.43833	832
10.44000	832
10.44167	832
10.44333	831
10.44500	830
10.44667	829
10.44833	828
10.45000	827
10.45167	827
10.45333	826
10.45500	826
10.45667	826
10.45833	825
10.46000	825
10.46167	825
10.46333	825
10.46500	825
10.46667	825
10.46833	825
10.47000	826
10.47167	826
10.47333	827
10.47500	827
10.47667	827
10.47833	828
10.48000	828
10.48167	828
10.48333	828
10.48500	827
10.48667	827
10.48833	826
10.49000	826
10.49167	825
10.49333	825
10.49500	825
10.49667	825
10.49833	826
10.50000	826
10.50167	827
10.50333	828
10.50500	829
10.50667	830
10.50833	830
10.51000	830
10.51167	830
10.51333	830
10.51500	830
10.51667	830
10.51833	830
10.52000	829
10.52167	829
10.52333	828
10.52500	828
10.52667	828
10.52833	828
10.53000	828
10.53167	829
10.53333	829
10.53500	830
10.53667	831
10.53833	832
10.54000	833
10.54167	834
10.54333	835
10.54500	836
10.54667	837
10.54833	837
10.55000	838
10.55167	838
10.55333	837
10.55500	837
10.55667	836
10.55833	836
10.56000	836
10.56167	837
10.56333	838
10.56500	839
10.56667	840
10.56833	842
10.57000	843
10.57167	845
10.57333	847
10.57500	848
10.57667	849
10.57833	850
10.58000	850
10.58167	850
10.58333	850
10.58500	849
10.58667	848
10.58833	847
10.59000	846
10.59167	845
10.59333	844
10.59500	844
10.59667	843
10.59833	843
10.60000	843
10.60167	843
10.60333	844
10.60500	845
10.60667	846
10.60833	846
10.61000	847
10.61167	847
10.61333	848
10.61500	848
10.61667	848
10.61833	847
10.62000	847
10.62167	846
10.62333	845
10.62500	844
10.62667	843
10.62833	843
10.63000	842
10.63167	842
10.63333	842
10.63500	841
10.63667	841
10.63833	842
10.64000	842
10.64167	842
10.64333	842
10.64500	843
10.64667	843
10.64833	843
10.65000	843
10.65167	844
10.65333	845
10.65500	847
10.65667	849
10.65833	850
10.66000	852
10.66167	853
10.66333	854
10.66500	855
10.66667	856
10.66833	855
10.67000	855
10.67167	853
10.67333	852
10.67500	851
10.67667	851
10.67833	850
10.68000	851
10.68167	851
10.68333	851
10.68500	851
10.68667	852
10.68833	852
10.69000	852
10.69167	852
10.69333	852
10.69500	852
10.69667	852
10.69833	852
10.70000	852
10.70167	853
10.70333	854
10.70500	855
10.70667	856
10.70833	857
10.71000	858
10.71167	858
10.71333	858
10.71500	858
10.71667	859
10.71833	859
10.72000	860
10.72167	861
10.72333	862
10.72500	862
10.72667	862
10.72833	862
10.73000	862
10.73167	862
10.73333	862
10.73500	862
10.73667	862
10.73833	862
10.74000	861
10.74167	861
10.74333	861
10.74500	861
10.74667	860
10.74833	860
10.75000	859
10.75167	859
10.75333	858
10.75500	857
10.75667	856
10.75833	856
10.76000	856
10.76167	856
10.76333	857
10.76500	858
10.76667	858
10.76833	859
10.77000	860
10.77167	860
10.77333	861
10.77500	861
10.77667	861
10.77833	862
10.78000	862
10.78167	862
10.78333	862
10.78500	862
10.78667	862
10.78833	861
10.79000	861
10.79167	861
10.79333	862
10.79500	862
10.79667	863
10.79833	864
10.80000	865
10.80167	865
10.80333	865
10.80500	865
10.80667	865
10.80833	865
10.81000	865
10.81167	865
10.81333	864
10.81500	864
10.81667	864
10.81833	865
10.82000	865
10.82167	866
10.82333	866
10.82500	867
10.82667	867
10.82833	867
10.83000	867
10.83167	867
10.83333	867
10.83500	867
10.83667	867
10.83833	866
10.84000	866
10.84167	866
10.84333	866
10.84500	866
10.84667	867
10.84833	868
10.85000	869
10.85167	870
10.85333	871
10.85500	872
10.85667	873
10.85833	874
10.86000	875
10.86167	874
10.86333	874
10.86500	873
10.86667	873
10.86833	873
10.87000	872
10.87167	872
10.87333	872
10.87500	872
10.87667	872
10.87833	873
10.88000	874
10.88167	875
10.88333	875
10.88500	876
10.88667	877
10.88833	878
10.89000	879
10.89167	879
10.89333	880
10.89500	882
10.89667	883
10.89833	884
10.90000	885
10.90167	886
10.90333	886
10.90500	887
10.90667	887
10.90833	886
10.91000	886
10.91167	885
10.91333	884
10.91500	883
10.91667	882
10.91833	881
10.92000	880
10.92167	879
10.92333	878
10.92500	877
10.92667	876
10.92833	876
10.93000	876
10.93167	876
10.93333	877
10.93500	878
10.93667	879
10.93833	881
10.94000	882
10.94167	883
10.94333	883
10.94500	883
10.94667	882
10.94833	881
10.95000	880
10.95167	878
10.95333	877
10.95500	875
10.95667	873
10.95833	872
10.96000	871
10.96167	871
10.96333	872
10.96500	873
10.96667	874
10.96833	874
10.97000	875
10.97167	875
10.97333	876
10.97500	876
10.97667	876
10.97833	876
10.98000	875
10.98167	875
10.98333	875
10.98500	875
10.98667	876
10.98833	877
10.99000	878
10.99167	879
10.99333	880
10.99500	882
10.99667	883
10.99833	884
11.00000	884
11.00167	884
11.00333	884
11.00500	883
11.00667	883
11.00833	882
11.01000	881
11.01167	881
11.01333	880
11.01500	880
11.01667	880
11.01833	880
11.02000	881
11.02167	883
11.02333	884
11.02500	885
11.02667	885
11.02833	886
11.03000	886
11.03167	886
11.03333	886
11.03500	886
11.03667	886
11.03833	886
11.04000	887
11.04167	887
11.04333	888
11.04500	889
11.04667	890
11.04833	890
11.05000	891
11.05167	891
11.05333	892
11.05500	891
11.05667	891
11.05833	891
11.06000	891
11.06167	891
11.06333	890
11.06500	890
11.06667	890
11.06833	891
11.07000	891
11.07167	892
11.07333	893
11.07500	893
11.07667	894
11.07833	894
11.08000	894
11.08167	894
11.08333	894
11.08500	893
11.08667	891
11.08833	889
11.09000	887
11.09167	886
11.09333	885
11.09500	884
11.09667	883
11.09833	882
11.10000	882
11.10167	882
11.10333	883
11.10500	884
11.10667	885
11.10833	887
11.11000	888
11.11167	889
11.11333	890
11.11500	891
11.11667	893
11.11833	894
11.12000	895
11.12167	896
11.12333	897
11.12500	898
11.12667	899
11.12833	899
11.13000	899
11.13167	899
11.13333	899
11.13500	898
11.13667	898
11.13833	897
11.14000	896
11.14167	896
11.14333	896
11.14500	896
11.14667	896
11.14833	897
11.15000	897
11.15167	898
11.15333	898
11.15500	899
11.15667	900
11.15833	900
11.16000	900
11.16167	901
11.16333	900
11.16500	900
11.16667	901
11.16833	901
11.17000	902
11.17167	903
11.17333	904
11.17500	905
11.17667	906
11.17833	907
11.18000	908
11.18167	909
11.18333	909
11.18500	909
11.18667	908
11.18833	908
11.19000	906
11.19167	906
11.19333	905
11.19500	905
11.19667	905
11.19833	906
11.20000	906
11.20167	906
11.20333	907
11.20500	906
11.20667	906
11.20833	906
11.21000	905
11.21167	905
11.21333	904
11.21500	904
11.21667	903
11.21833	903
11.22000	904
11.22167	904
11.22333	905
11.22500	905
11.22667	906
11.22833	907
11.23000	908
11.23167	909
11.23333	910
11.23500	910
11.23667	911
11.23833	911
11.24000	912
11.24167	912
11.24333	913
11.24500	913
11.24667	913
11.24833	913
11.25000	912
11.25167	912
11.25333	912
11.25500	912
11.25667	912
11.25833	912
11.26000	912
11.26167	912
11.26333	913
11.26500	913
11.26667	914
11.26833	915
11.27000	916
11.27167	917
11.27333	918
11.27500	918
11.27667	919
11.27833	920
11.28000	920
11.28167	920
11.28333	921
11.28500	921
11.28667	921
11.28833	920
11.29000	920
11.29167	919
11.29333	919
11.29500	918
11.29667	918
11.29833	918
11.30000	918
11.30167	919
11.30333	919
11.30500	920
11.30667	920
11.30833	921
11.31000	921
11.31167	921
11.31333	921
11.31500	920
11.31667	920
11.31833	920
11.32000	919
11.32167	919
11.32333	919
11.32500	919
11.32667	918
11.32833	918
11.33000	917
11.33167	917
11.33333	916
11.33500	916
11.33667	916
11.33833	915
11.34000	915
11.34167	915
11.34333	915
11.34500	914
11.34667	914
11.34833	914
11.35000	914
11.35167	914
11.35333	915
11.35500	916
11.35667	916
11.35833	917
11.36000	918
11.36167	918
11.36333	918
11.36500	919
11.36667	919
11.36833	919
11.37000	918
11.37167	918
11.37333	918
11.37500	919
11.37667	919
11.37833	920
11.38000	922
11.38167	923
11.38333	924
11.38500	925
11.38667	925
11.38833	925
11.39000	924
11.39167	924
11.39333	924
11.39500	924
11.39667	925
11.39833	925
11.40000	926
11.40167	927
11.40333	929
11.40500	931
11.40667	933
11.40833	934
11.41000	934
11.41167	935
11.41333	935
11.41500	934
11.41667	934
11.41833	933
11.42000	932
11.42167	931
11.42333	929
11.42500	928
11.42667	927
11.42833	926
11.43000	926
11.43167	925
11.43333	924
11.43500	923
11.43667	923
11.43833	922
11.44000	921
11.44167	920
11.44333	920
11.44500	920
11.44667	919
11.44833	919
11.45000	920
11.45167	920
11.45333	920
11.45500	921
11.45667	921
11.45833	922
11.46000	922
11.46167	922
11.46333	922
11.46500	922
11.46667	922
11.46833	923
11.47000	924
11.47167	925
11.47333	926
11.47500	927
11.47667	928
11.47833	929
11.48000	930
11.48167	930
11.48333	930
11.48500	930
11.48667	930
11.48833	929
11.49000	928
11.49167	927
11.49333	927
11.49500	927
11.49667	927
11.49833	927
11.50000	927
11.50167	927
11.50333	927
11.50500	926
11.50667	926
11.50833	925
11.51000	924
11.51167	923
11.51333	922
11.51500	921
11.51667	921
11.51833	921
11.52000	921
11.52167	922
11.52333	923
11.52500	924
11.52667	924
11.52833	925
11.53000	926
11.53167	927
11.53333	928
11.53500	928
11.53667	929
11.53833	930
11.54000	930
11.54167	930
11.54333	930
11.54500	931
11.54667	931
11.54833	931
11.55000	930
11.55167	930
11.55333	930
11.55500	929
11.55667	929
11.55833	928
11.56000	928
11.56167	927
11.56333	926
11.56500	926
11.56667	925
11.56833	925
11.57000	925
11.57167	926
11.57333	926
11.57500	927
11.57667	927
11.57833	927
11.58000	927
11.58167	928
11.58333	928
11.58500	928
11.58667	928
11.58833	928
11.59000	927
11.59167	927
11.59333	927
11.59500	927
11.59667	927
11.59833	928
11.60000	928
11.60167	928
11.60333	928
11.60500	928
11.60667	928
11.60833	928
11.61000	929
11.61167	929
11.61333	930
11.61500	930
11.61667	931
11.61833	931
11.62000	930
11.62167	930
11.62333	929
11.62500	929
11.62667	928
11.62833	928
11.63000	928
11.63167	927
11.63333	927
11.63500	927
11.63667	927
11.63833	927
11.64000	927
11.64167	927
11.64333	927
11.64500	927
11.64667	928
11.64833	928
11.65000	929
11.65167	930
11.65333	931
11.65500	932
11.65667	933
11.65833	934
11.66000	934
11.66167	933
11.66333	932
11.66500	931
11.66667	930
11.66833	929
11.67000	928
11.67167	928
11.67333	927
11.67500	927
11.67667	927
11.67833	927
11.68000	927
11.68167	927
11.68333	927
11.68500	927
11.68667	926
11.68833	925
11.69000	924
11.69167	924
11.69333	924
11.69500	925
11.69667	926
11.69833	928
11.70000	928
11.70167	929
11.70333	929
11.70500	930
11.70667	930
11.70833	930
11.71000	930
11.71167	930
11.71333	930
11.71500	930
11.71667	931
11.71833	931
11.72000	931
11.72167	931
11.72333	932
11.72500	932
11.72667	932
11.72833	932
11.73000	933
11.73167	932
11.73333	932
11.73500	932
11.73667	932
11.73833	931
11.74000	931
11.74167	930
11.74333	930
11.74500	930
11.74667	930
11.74833	930
11.75000	930
11.75167	930
11.75333	931
11.75500	931
11.75667	931
11.75833	932
11.76000	932
11.76167	932
11.76333	933
11.76500	933
11.76667	934
11.76833	934
11.77000	935
11.77167	935
11.77333	935
11.77500	935
11.77667	934
11.77833	933
11.78000	931
11.78167	929
11.78333	928
11.78500	927
11.78667	927
11.78833	927
11.79000	927
11.79167	928
11.79333	930
11.79500	931
11.79667	934
11.79833	935
11.80000	937
11.80167	937
11.80333	937
11.80500	936
11.80667	935
11.80833	934
11.81000	933
11.81167	932
11.81333	931
11.81500	930
11.81667	929
11.81833	928
11.82000	928
11.82167	928
11.82333	928
11.82500	927
11.82667	926
11.82833	925
11.83000	923
11.83167	922
11.83333	921
11.83500	920
11.83667	920
11.83833	919
11.84000	919
11.84167	919
11.84333	920
11.84500	921
11.84667	923
11.84833	924
11.85000	925
11.85167	926
11.85333	927
11.85500	927
11.85667	927
11.85833	927
11.86000	927
11.86167	926
11.86333	924
11.86500	923
11.86667	922
11.86833	921
11.87000	920
11.87167	920
11.87333	919
11.87500	919
11.87667	920
11.87833	921
11.88000	923
11.88167	925
11.88333	926
11.88500	927
11.88667	928
11.88833	929
11.89000	929
11.89167	930
11.89333	930
11.89500	930
11.89667	930
11.89833	930
11.90000	930
11.90167	930
11.90333	930
11.90500	930
11.90667	930
11.90833	930
11.91000	930
11.91167	930
11.91333	930
11.91500	930
11.91667	930
11.91833	931
11.92000	931
11.92167	931
11.92333	931
11.92500	931
11.92667	931
11.92833	930
11.93000	929
11.93167	928
11.93333	927
11.93500	925
11.93667	924
11.93833	922
11.94000	921
11.94167	920
11.94333	919
11.94500	919
11.94667	920
11.94833	920
11.95000	920
11.95167	920
11.95333	920
11.95500	920
11.95667	919
11.95833	918
11.96000	918
11.96167	917
11.96333	916
11.96500	916
11.96667	916
11.96833	916
11.97000	917
11.97167	918
11.97333	919
11.97500	920
11.97667	920
11.97833	920
11.98000	920
11.98167	919
11.98333	918
11.98500	918
11.98667	917
11.98833	916
11.99000	915
11.99167	914
11.99333	914
11.99500	914
11.99667	914
11.99833	914
12.00000	914
12.00167	915
12.00333	916
12.00500	918
12.00667	919
12.00833	920
12.01000	921
12.01167	922
12.01333	922
12.01500	922
12.01667	922
12.01833	922
12.02000	921
12.02167	921
12.02333	920
12.02500	920
12.02667	919
12.02833	919
12.03000	919
12.03167	920
12.03333	920
12.03500	920
12.03667	920
12.03833	920
12.04000	919
12.04167	919
12.04333	918
12.04500	916
12.04667	915
12.04833	914
12.05000	913
12.05167	913
12.05333	912
12.05500	912
12.05667	913
12.05833	913
12.06000	913
12.06167	914
12.06333	914
12.06500	915
12.06667	915
12.06833	915
12.07000	915
12.07167	915
12.07333	915
12.07500	915
12.07667	915
12.07833	915
12.08000	915
12.08167	915
12.08333	915
12.08500	916
12.08667	917
12.08833	918
12.09000	918
12.09167	919
12.09333	919
12.09500	920
12.09667	920
12.09833	920
12.10000	919
12.10167	918
12.10333	917
12.10500	915
12.10667	913
12.10833	912
12.11000	911
12.11167	911
12.11333	911
12.11500	911
12.11667	911
12.11833	912
12.12000	913
12.12167	914
12.12333	915
12.12500	916
12.12667	916
12.12833	916
12.13000	916
12.13167	916
12.13333	916
12.13500	915
12.13667	915
12.13833	915
12.14000	914
12.14167	914
12.14333	913
12.14500	913
12.14667	912
12.14833	912
12.15000	911
12.15167	910
12.15333	910
12.15500	909
12.15667	908
12.15833	908
12.16000	907
12.16167	907
12.16333	907
12.16500	908
12.16667	908
12.16833	908
12.17000	909
12.17167	909
12.17333	909
12.17500	910
12.17667	910
12.17833	910
12.18000	910
12.18167	910
12.18333	910
12.18500	910
12.18667	910
12.18833	911
12.19000	912
12.19167	912
12.19333	913
12.19500	913
12.19667	913
12.19833	914
12.20000	914
12.20167	914
12.20333	915
12.20500	915
12.20667	915
12.20833	915
12.21000	914
12.21167	914
12.21333	915
12.21500	915
12.21667	915
12.21833	915
12.22000	914
12.22167	914
12.22333	913
12.22500	913
12.22667	913
12.22833	913
12.23000	912
12.23167	912
12.23333	912
12.23500	912
12.23667	912
12.23833	912
12.24000	912
12.24167	911
12.24333	911
12.24500	911
12.24667	910
12.24833	910
12.25000	909
12.25167	908
12.25333	908
12.25500	907
12.25667	906
12.25833	905
12.26000	905
12.26167	904
12.26333	904
12.26500	903
12.26667	903
12.26833	903
12.27000	903
12.27167	904
12.27333	904
12.27500	904
12.27667	904
12.27833	904
12.28000	904
12.28167	904
12.28333	904
12.28500	904
12.28667	905
12.28833	905
12.29000	906
12.29167	906
12.29333	907
12.29500	908
12.29667	908
12.29833	909
12.30000	910
12.30167	910
12.30333	910
12.30500	910
12.30667	909
12.30833	909
12.31000	908
12.31167	908
12.31333	907
12.31500	907
12.31667	906
12.31833	905
12.32000	904
12.32167	903
12.32333	902
12.32500	902
12.32667	901
12.32833	901
12.33000	901
12.33167	901
12.33333	901
12.33500	901
12.33667	902
12.33833	903
12.34000	904
12.34167	905
12.34333	906
12.34500	907
12.34667	907
12.34833	908
12.35000	908
12.35167	908
12.35333	908
12.35500	908
12.35667	908
12.35833	908
12.36000	907
12.36167	907
12.36333	908
12.36500	908
12.36667	908
12.36833	909
12.37000	909
12.37167	909
12.37333	910
12.37500	910
12.37667	910
12.37833	910
12.38000	909
12.38167	909
12.38333	909
12.38500	909
12.38667	909
12.38833	909
12.39000	909
12.39167	909
12.39333	909
12.39500	909
12.39667	909
12.39833	909
12.40000	909
12.40167	908
12.40333	908
12.40500	908
12.40667	908
12.40833	908
12.41000	908
12.41167	909
12.41333	910
12.41500	910
12.41667	911
12.41833	911
12.42000	911
12.42167	911
12.42333	911
12.42500	911
12.42667	911
12.42833	911
12.43000	911
12.43167	910
12.43333	910
12.43500	910
12.43667	910
12.43833	910
12.44000	910
12.44167	910
12.44333	910
12.44500	910
12.44667	910
12.44833	910
12.45000	910
12.45167	910
12.45333	910
12.45500	910
12.45667	911
12.45833	911
12.46000	911
12.46167	911
12.46333	912
12.46500	912
12.46667	912
12.46833	912
12.47000	911
12.47167	911
12.47333	911
12.47500	910
12.47667	910
12.47833	909
12.48000	909
12.48167	908
12.48333	907
12.48500	907
12.48667	907
12.48833	906
12.49000	906
12.49167	906
12.49333	907
12.49500	907
12.49667	908
12.49833	910
12.50000	911
12.50167	912
12.50333	913
12.50500	914
12.50667	915
12.50833	915
12.51000	914
12.51167	913
12.51333	911
12.51500	909
12.51667	907
12.51833	905
12.52000	903
12.52167	901
12.52333	900
12.52500	899
12.52667	900
12.52833	901
12.53000	903
12.53167	905
12.53333	907
12.53500	908
12.53667	910
12.53833	912
12.54000	914
12.54167	915
12.54333	915
12.54500	915
12.54667	915
12.54833	914
12.55000	913
12.55167	913
12.55333	912
12.55500	911
12.55667	910
12.55833	909
12.56000	909
12.56167	910
12.56333	910
12.56500	911
12.56667	912
12.56833	913
12.57000	914
12.57167	916
12.57333	916
12.57500	917
12.57667	916
12.57833	915
12.58000	914
12.58167	912
12.58333	911
12.58500	909
12.58667	908
12.58833	907
12.59000	906
12.59167	905
12.59333	905
12.59500	905
12.59667	905
12.59833	905
12.60000	906
12.60167	906
12.60333	905
12.60500	905
12.60667	904
12.60833	904
12.61000	903
12.61167	902
12.61333	901
12.61500	901
12.61667	900
12.61833	900
12.62000	900
12.62167	900
12.62333	900
12.62500	900
12.62667	900
12.62833	900
12.63000	901
12.63167	901
12.63333	902
12.63500	903
12.63667	905
12.63833	907
12.64000	908
12.64167	910
12.64333	910
12.64500	911
12.64667	911
12.64833	910
12.65000	909
12.65167	908
12.65333	907
12.65500	905
12.65667	903
12.65833	902
12.66000	901
12.66167	901
12.66333	901
12.66500	901
12.66667	902
12.66833	902
12.67000	902
12.67167	902
12.67333	902
12.67500	903
12.67667	903
12.67833	903
12.68000	904
12.68167	905
12.68333	905
12.68500	906
12.68667	907
12.68833	908
12.69000	908
12.69167	909
12.69333	910
12.69500	910
12.69667	911
12.69833	912
12.70000	912
12.70167	911
12.70333	910
12.70500	909
12.70667	908
12.70833	907
12.71000	906
12.71167	906
12.71333	906
12.71500	906
12.71667	906
12.71833	907
12.72000	908
12.72167	909
12.72333	910
12.72500	911
12.72667	911
12.72833	912
12.73000	912
12.73167	911
12.73333	911
12.73500	911
12.73667	911
12.73833	911
12.74000	911
12.74167	910
12.74333	910
12.74500	910
12.74667	910
12.74833	909
12.75000	909
12.75167	908
12.75333	908
12.75500	907
12.75667	907
12.75833	906
12.76000	906
12.76167	906
12.76333	905
12.76500	905
12.76667	905
12.76833	905
12.77000	906
12.77167	907
12.77333	908
12.77500	909
12.77667	910
12.77833	911
12.78000	912
12.78167	912
12.78333	913
12.78500	913
12.78667	912
12.78833	911
12.79000	911
12.79167	910
12.79333	909
12.79500	908
12.79667	907
12.79833	905
12.80000	905
12.80167	904
12.80333	903
12.80500	903
12.80667	903
12.80833	903
12.81000	903
12.81167	904
12.81333	905
12.81500	906
12.81667	906
12.81833	907
12.82000	907
12.82167	907
12.82333	907
12.82500	906
12.82667	906
12.82833	905
12.83000	905
12.83167	904
12.83333	904
12.83500	904
12.83667	905
12.83833	906
12.84000	907
12.84167	908
12.84333	908
12.84500	909
12.84667	910
12.84833	911
12.85000	912
12.85167	912
12.85333	911
12.85500	910
12.85667	910
12.85833	909
12.86000	908
12.86167	908
12.86333	907
12.86500	907
12.86667	907
12.86833	907
12.87000	907
12.87167	908
12.87333	908
12.87500	908
12.87667	908
12.87833	908
12.88000	907
12.88167	906
12.88333	905
12.88500	905
12.88667	904
12.88833	904
12.89000	904
12.89167	904
12.89333	904
12.89500	905
12.89667	906
12.89833	907
12.90000	908
12.90167	908
12.90333	909
12.90500	909
12.90667	909
12.90833	909
12.91000	908
12.91167	907
12.91333	906
12.91500	905
12.91667	904
12.91833	903
12.92000	903
12.92167	902
12.92333	902
12.92500	901
12.92667	901
12.92833	901
12.93000	901
12.93167	901
12.93333	901
12.93500	901
12.93667	901
12.93833	901
12.94000	901
12.94167	901
12.94333	901
12.94500	902
12.94667	903
12.94833	903
12.95000	904
12.95167	905
12.95333	905
12.95500	906
12.95667	906
12.95833	906
12.96000	906
12.96167	906
12.96333	906
12.96500	905
12.96667	904
12.96833	903
12.97000	902
12.97167	902
12.97333	901
12.97500	900
12.97667	900
12.97833	900
12.98000	900
12.98167	900
12.98333	900
12.98500	900
12.98667	901
12.98833	902
12.99000	903
12.99167	904
12.99333	905
12.99500	906
12.99667	908
12.99833	909
13.00000	910
13.00167	911
13.00333	911
13.00500	911
13.00667	911
13.00833	910
13.01000	909
13.01167	908
13.01333	906
13.01500	905
13.01667	903
13.01833	902
13.02000	901
13.02167	900
13.02333	899
13.02500	899
13.02667	900
13.02833	900
13.03000	902
13.03167	904
13.03333	905
13.03500	907
13.03667	909
13.03833	912
13.04000	914
13.04167	915
13.04333	915
13.04500	915
13.04667	915
13.04833	915
13.05000	914
13.05167	913
13.05333	912
13.05500	910
13.05667	909
13.05833	908
13.06000	907
13.06167	907
13.06333	906
13.06500	906
13.06667	906
13.06833	906
13.07000	907
13.07167	908
13.07333	910
13.07500	911
13.07667	912
13.07833	913
13.08000	914
13.08167	915
13.08333	915
13.08500	915
13.08667	915
13.08833	915
13.09000	915
13.09167	915
13.09333	916
13.09500	917
13.09667	918
13.09833	919
13.10000	919
13.10167	919
13.10333	918
13.10500	916
13.10667	914
13.10833	912
13.11000	910
13.11167	908
13.11333	905
13.11500	904
13.11667	902
13.11833	902
13.12000	902
13.12167	903
13.12333	904
13.12500	904
13.12667	904
13.12833	904
13.13000	904
13.13167	903
13.13333	902
13.13500	902
13.13667	902
13.13833	902
13.14000	902
13.14167	903
13.14333	904
13.14500	905
13.14667	907
13.14833	908
13.15000	909
13.15167	910
13.15333	910
13.15500	911
13.15667	911
13.15833	911
13.16000	910
13.16167	910
13.16333	910
13.16500	909
13.16667	909
13.16833	909
13.17000	909
13.17167	910
13.17333	910
13.17500	911
13.17667	911
13.17833	911
13.18000	910
13.18167	910
13.18333	909
13.18500	909
13.18667	908
13.18833	907
13.19000	906
13.19167	906
13.19333	905
13.19500	905
13.19667	905
13.19833	906
13.20000	906
13.20167	907
13.20333	907
13.20500	908
13.20667	908
13.20833	909
13.21000	909
13.21167	909
13.21333	910
13.21500	910
13.21667	910
13.21833	910
13.22000	910
13.22167	910
13.22333	910
13.22500	910
13.22667	910
13.22833	910
13.23000	909
13.23167	909
13.23333	909
13.23500	910
13.23667	910
13.23833	911
13.24000	912
13.24167	912
13.24333	911
13.24500	910
13.24667	908
13.24833	907
13.25000	905
13.25167	904
13.25333	902
13.25500	901
13.25667	900
13.25833	899
13.26000	899
13.26167	900
13.26333	901
13.26500	902
13.26667	904
13.26833	905
13.27000	906
13.27167	907
13.27333	908
13.27500	908
13.27667	909
13.27833	909
13.28000	909
13.28167	909
13.28333	909
13.28500	909
13.28667	909
13.28833	909
13.29000	909
13.29167	908
13.29333	908
13.29500	907
13.29667	907
13.29833	906
13.30000	905
13.30167	904
13.30333	903
13.30500	901
13.30667	900
13.30833	900
13.31000	900
13.31167	900
13.31333	901
13.31500	902
13.31667	903
13.31833	904
13.32000	905
13.32167	907
13.32333	907
13.32500	908
13.32667	907
13.32833	907
13.33000	905
13.33167	904
13.33333	903
13.33500	902
13.33667	902
13.33833	902
13.34000	902
13.34167	902
13.34333	902
13.34500	903
13.34667	904
13.34833	906
13.35000	907
13.35167	908
13.35333	909
13.35500	910
13.35667	911
13.35833	912
13.36000	912
13.36167	913
13.36333	913
13.36500	913
13.36667	913
13.36833	913
13.37000	912
13.37167	911
13.37333	911
13.37500	910
13.37667	910
13.37833	910
13.38000	910
13.38167	911
13.38333	911
13.38500	912
13.38667	913
13.38833	915
13.39000	916
13.39167	917
13.39333	917
13.39500	917
13.39667	917
13.39833	916
13.40000	915
13.40167	914
13.40333	913
13.40500	912
13.40667	912
13.40833	911
13.41000	910
13.41167	910
13.41333	910
13.41500	910
13.41667	910
13.41833	909
13.42000	908
13.42167	907
13.42333	906
13.42500	905
13.42667	904
13.42833	904
13.43000	903
13.43167	903
13.43333	903
13.43500	903
13.43667	903
13.43833	904
13.44000	905
13.44167	905
13.44333	906
13.44500	906
13.44667	906
13.44833	906
13.45000	906
13.45167	905
13.45333	905
13.45500	905
13.45667	904
13.45833	904
13.46000	904
13.46167	904
13.46333	904
13.46500	904
13.46667	905
13.46833	905
13.47000	905
13.47167	905
13.47333	905
13.47500	905
13.47667	905
13.47833	904
13.48000	904
13.48167	905
13.48333	905
13.48500	906
13.48667	907
13.48833	909
13.49000	910
13.49167	910
13.49333	910
13.49500	910
13.49667	909
13.49833	908
13.50000	907
13.50167	906
13.50333	906
13.50500	906
13.50667	906
13.50833	906
13.51000	906
13.51167	907
13.51333	908
13.51500	909
13.51667	909
13.51833	909
13.52000	909
13.52167	908
13.52333	907
13.52500	906
13.52667	906
13.52833	905
13.53000	904
13.53167	904
13.53333	903
13.53500	903
13.53667	904
13.53833	904
13.54000	904
13.54167	905
13.54333	906
13.54500	907
13.54667	908
13.54833	908
13.55000	909
13.55167	909
13.55333	909
13.55500	909
13.55667	908
13.55833	908
13.56000	908
13.56167	909
13.56333	909
13.56500	910
13.56667	910
13.56833	911
13.57000	911
13.57167	912
13.57333	912
13.57500	912
13.57667	912
13.57833	910
13.58000	908
13.58167	907
13.58333	906
13.58500	906
13.58667	907
13.58833	908
13.59000	909
13.59167	911
13.59333	912
13.59500	913
13.59667	914
13.59833	914
13.60000	914
13.60167	914
13.60333	913
13.60500	911
13.60667	910
13.60833	909
13.61000	909
13.61167	910
13.61333	910
13.61500	911
13.61667	912
13.61833	912
13.62000	913
13.62167	913
13.62333	913
13.62500	914
13.62667	914
13.62833	914
13.63000	915
13.63167	915
13.63333	916
13.63500	916
13.63667	916
13.63833	916
13.64000	916
13.64167	916
13.64333	915
13.64500	914
13.64667	912
13.64833	910
13.65000	909
13.65167	908
13.65333	906
13.65500	905
13.65667	904
13.65833	903
13.66000	902
13.66167	902
13.66333	903
13.66500	903
13.66667	904
13.66833	904
13.67000	904
13.67167	904
13.67333	904
13.67500	904
13.67667	904
13.67833	904
13.68000	904
13.68167	904
13.68333	904
13.68500	904
13.68667	904
13.68833	905
13.69000	906
13.69167	907
13.69333	908
13.69500	908
13.69667	909
13.69833	910
13.70000	911
13.70167	911
13.70333	912
13.70500	913
13.70667	913
13.70833	914
13.71000	914
13.71167	915
13.71333	916
13.71500	916
13.71667	916
13.71833	916
13.72000	916
13.72167	915
13.72333	914
13.72500	913
13.72667	912
13.72833	911
13.73000	909
13.73167	907
13.73333	906
13.73500	906
13.73667	905
13.73833	905
13.74000	905
13.74167	905
13.74333	905
13.74500	905
13.74667	905
13.74833	905
13.75000	905
13.75167	905
13.75333	906
13.75500	907
13.75667	908
13.75833	908
13.76000	909
13.76167	910
13.76333	910
13.76500	910
13.76667	910
13.76833	909
13.77000	907
13.77167	905
13.77333	903
13.77500	901
13.77667	900
13.77833	899
13.78000	898
13.78167	897
13.78333	897
13.78500	897
13.78667	898
13.78833	898
13.79000	899
13.79167	900
13.79333	900
13.79500	901
13.79667	901
13.79833	901
13.80000	901
13.80167	901
13.80333	902
13.80500	902
13.80667	903
13.80833	904
13.81000	905
13.81167	905
13.81333	906
13.81500	907
13.81667	908
13.81833	908
13.82000	909
13.82167	909
13.82333	909
13.82500	909
13.82667	910
13.82833	910
13.83000	911
13.83167	911
13.83333	911
13.83500	912
13.83667	912
13.83833	911
13.84000	911
13.84167	911
13.84333	911
13.84500	911
13.84667	911
13.84833	912
13.85000	912
13.85167	913
13.85333	914
13.85500	915
13.85667	916
13.85833	916
13.86000	916
13.86167	915
13.86333	914
13.86500	913
13.86667	911
13.86833	910
13.87000	909
13.87167	907
13.87333	906
13.87500	904
13.87667	904
13.87833	903
13.88000	903
13.88167	903
13.88333	903
13.88500	903
13.88667	904
13.88833	905
13.89000	905
13.89167	906
13.89333	907
13.89500	907
13.89667	908
13.89833	909
13.90000	910
13.90167	910
13.90333	910
13.90500	911
13.90667	911
13.90833	911
13.91000	911
13.91167	912
13.91333	912
13.91500	912
13.91667	912
13.91833	912
13.92000	912
13.92167	912
13.92333	912
13.92500	912
13.92667	911
13.92833	911
13.93000	910
13.93167	909
13.93333	908
13.93500	908
13.93667	908
13.93833	907
13.94000	907
13.94167	906
13.94333	906
13.94500	905
13.94667	905
13.94833	904
13.95000	903
13.95167	903
13.95333	902
13.95500	901
13.95667	900
13.95833	899
13.96000	899
13.96167	899
13.96333	899
13.96500	899
13.96667	899
13.96833	900
13.97000	901
13.97167	902
13.97333	902
13.97500	903
13.97667	903
13.97833	903
13.98000	903
13.98167	903
13.98333	903
13.98500	903
13.98667	903
13.98833	903
13.99000	903
13.99167	904
13.99333	904
13.99500	905
13.99667	906
13.99833	907
14.00000	908
14.00167	908
14.00333	908
14.00500	907
14.00667	907
14.00833	906
14.01000	906
14.01167	907
14.01333	907
14.01500	908
14.01667	909
14.01833	909
14.02000	909
14.02167	909
14.02333	909
14.02500	908
14.02667	908
14.02833	907
14.03000	906
14.03167	905
14.03333	904
14.03500	904
14.03667	904
14.03833	904
14.04000	903
14.04167	903
14.04333	903
14.04500	902
14.04667	901
14.04833	900
14.05000	899
14.05167	899
14.05333	899
14.05500	899
14.05667	899
14.05833	900
14.06000	900
14.06167	900
14.06333	900
14.06500	900
14.06667	901
14.06833	901
14.07000	901
14.07167	901
14.07333	902
14.07500	903
14.07667	904
14.07833	905
14.08000	906
14.08167	907
14.08333	908
14.08500	909
14.08667	910
14.08833	910
14.09000	910
14.09167	910
14.09333	910
14.09500	910
14.09667	910
14.09833	909
14.10000	909
14.10167	909
14.10333	909
14.10500	909
14.10667	910
14.10833	909
14.11000	909
14.11167	908
14.11333	907
14.11500	906
14.11667	905
14.11833	905
14.12000	904
14.12167	904
14.12333	905
14.12500	905
14.12667	905
14.12833	906
14.13000	907
14.13167	907
14.13333	908
14.13500	908
14.13667	908
14.13833	907
14.14000	907
14.14167	906
14.14333	906
14.14500	906
14.14667	906
14.14833	906
14.15000	906
14.15167	905
14.15333	904
14.15500	903
14.15667	902
14.15833	901
14.16000	900
14.16167	899
14.16333	899
14.16500	898
14.16667	899
14.16833	900
14.17000	901
14.17167	903
14.17333	905
14.17500	907
14.17667	908
14.17833	909
14.18000	909
14.18167	910
14.18333	910
14.18500	910
14.18667	909
14.18833	909
14.19000	909
14.19167	908
14.19333	908
14.19500	907
14.19667	907
14.19833	906
14.20000	905
14.20167	905
14.20333	904
14.20500	903
14.20667	902
14.20833	902
14.21000	902
14.21167	903
14.21333	904
14.21500	905
14.21667	906
14.21833	906
14.22000	906
14.22167	906
14.22333	906
14.22500	906
14.22667	906
14.22833	905
14.23000	905
14.23167	904
14.23333	904
14.23500	904
14.23667	904
14.23833	905
14.24000	906
14.24167	907
14.24333	907
14.24500	907
14.24667	908
14.24833	908
14.25000	908
14.25167	907
14.25333	906
14.25500	905
14.25667	904
14.25833	903
14.26000	902
14.26167	902
14.26333	901
14.26500	901
14.26667	901
14.26833	900
14.27000	900
14.27167	900
14.27333	900
14.27500	900
14.27667	899
14.27833	899
14.28000	898
14.28167	897
14.28333	896
14.28500	895
14.28667	895
14.28833	894
14.29000	893
14.29167	892
14.29333	891
14.29500	890
14.29667	888
14.29833	887
14.30000	885
14.30167	884
14.30333	881
14.30500	879
14.30667	876
14.30833	873
14.31000	870
14.31167	866
14.31333	862
14.31500	858
14.31667	854
14.31833	849
14.32000	845
14.32167	840
14.32333	835
14.32500	831
14.32667	827
14.32833	823
14.33000	819
14.33167	814
14.33333	810
14.33500	805
14.33667	800
14.33833	794
14.34000	788
14.34167	782
14.34333	776
14.34500	769
14.34667	761
14.34833	753
14.35000	744
14.35167	735
14.35333	724
14.35500	711
14.35667	698
14.35833	686
14.36000	673
14.36167	658
14.36333	642
14.36500	625
14.36667	610
14.36833	594
14.37000	578
14.37167	560
14.37333	541
14.37500	523
14.37667	504
14.37833	483
14.38000	459
14.38167	435
14.38333	412
14.38500	388
14.38667	361
14.38833	331
14.39000	301
14.39167	273
14.39333	244
14.39500	214
14.39667	180
14.39833	147
14.40000	116
14.40167	86
14.40333	54
14.40500	19
14.40667	-14
14.40833	-45
14.41000	-74
14.41167	-104
14.41333	-137
14.41500	-168
14.41667	-197
14.41833	-226
14.42000	-255
14.42167	-288
14.42333	-320
14.42500	-349
14.42667	-378
14.42833	-409
14.43000	-443
14.43167	-476
14.43333	-505
14.43500	-532
14.43667	-559
14.43833	-589
14.44000	-615
14.44167	-636
14.44333	-653
14.44500	-667
14.44667	-681
14.44833	-691
14.45000	-698
14.45167	-701
14.45333	-701
14.45500	-700
14.45667	-697
14.45833	-693
14.46000	-688
14.46167	-683
14.46333	-676
14.46500	-668
14.46667	-660
14.46833	-651
14.47000	-641
14.47167	-628
14.47333	-615
14.47500	-603
14.47667	-590
14.47833	-576
14.48000	-560
14.48167	-544
14.48333	-530
14.48500	-516
14.48667	-501
14.48833	-485
14.49000	-469
14.49167	-454
14.49333	-440
14.49500	-425
14.49667	-408
14.49833	-391
14.50000	-376
14.50167	-362
14.50333	-348
14.50500	-332
14.50667	-317
14.50833	-302
14.51000	-288
14.51167	-273
14.51333	-257
14.51500	-240
14.51667	-226
14.51833	-213
14.52000	-199
14.52167	-185
14.52333	-171
14.52500	-159
14.52667	-149
14.52833	-139
14.53000	-129
14.53167	-119
14.53333	-110
14.53500	-101
14.53667	-92
14.53833	-81
14.54000	-71
14.54167	-61
14.54333	-52
14.54500	-43
14.54667	-33
14.54833	-23
14.55000	-14
14.55167	-6
14.55333	3
14.55500	12
14.55667	21
14.55833	30
14.56000	38
14.56167	47
14.56333	56
14.56500	65
14.56667	74
14.56833	82
14.57000	91
14.57167	102
14.57333	112
14.57500	121
14.57667	130
14.57833	139
14.58000	150
14.58167	160
14.58333	169
14.58500	177
14.58667	186
14.58833	195
14.59000	204
14.59167	212
14.59333	220
14.59500	227
14.59667	236
14.59833	244
14.60000	252
14.60167	260
14.60333	268
14.60500	278
14.60667	288
14.60833	296
14.61000	305
14.61167	313
14.61333	323
14.61500	332
14.61667	340
14.61833	347
14.62000	354
14.62167	362
14.62333	369
14.62500	376
14.62667	384
14.62833	392
14.63000	401
14.63167	410
14.63333	418
14.63500	427
14.63667	435
14.63833	444
14.64000	453
14.64167	461
14.64333	468
14.64500	476
14.64667	484
14.64833	492
14.65000	499
14.65167	505
14.65333	511
14.65500	519
14.65667	525
14.65833	531
14.66000	537
14.66167	542
14.66333	548
14.66500	553
14.66667	558
14.66833	562
14.67000	567
14.67167	572
14.67333	577
14.67500	581
14.67667	586
14.67833	591
14.68000	597
14.68167	602
14.68333	607
14.68500	611
14.68667	616
14.68833	621
14.69000	625
14.69167	629
14.69333	633
14.69500	636
14.69667	640
14.69833	644
14.70000	648
14.70167	652
14.70333	656
14.70500	660
14.70667	664
14.70833	668
14.71000	671
14.71167	673
14.71333	676
14.71500	678
14.71667	680
14.71833	681
14.72000	682
14.72167	683
14.72333	684
14.72500	685
14.72667	685
14.72833	686
14.73000	686
14.73167	687
14.73333	687
14.73500	688
14.73667	688
14.73833	688
14.74000	688
14.74167	687
14.74333	687
14.74500	687
14.74667	686
14.74833	686
14.75000	685
14.75167	684
14.75333	683
14.75500	682
14.75667	681
14.75833	679
14.76000	677
14.76167	675
14.76333	673
14.76500	671
14.76667	669
14.76833	667
14.77000	666
14.77167	664
14.77333	663
14.77500	662
14.77667	661
14.77833	659
14.78000	658
14.78167	657
14.78333	655
14.78500	654
14.78667	652
14.78833	650
14.79000	649
14.79167	647
14.79333	647
14.79500	646
14.79667	646
14.79833	645
14.80000	644
14.80167	643
14.80333	642
14.80500	641
14.80667	639
14.80833	638
14.81000	636
14.81167	634
14.81333	632
14.81500	630
14.81667	628
14.81833	627
14.82000	627
14.82167	627
14.82333	627
14.82500	628
14.82667	627
14.82833	627
14.83000	626
14.83167	626
14.83333	625
14.83500	625
14.83667	625
14.83833	625
14.84000	625
14.84167	625
14.84333	625
14.84500	625
14.84667	625
14.84833	626
14.85000	626
14.85167	627
14.85333	628
14.85500	629
14.85667	631
14.85833	633
14.86000	635
14.86167	637
14.86333	641
14.86500	643
14.86667	646
14.86833	648
14.87000	650
14.87167	652
14.87333	654
14.87500	656
14.87667	658
14.87833	659
14.88000	661
14.88167	663
14.88333	665
14.88500	668
14.88667	671
14.88833	674
14.89000	678
14.89167	682
14.89333	686
14.89500	691
14.89667	697
14.89833	703
14.90000	708
14.90167	713
14.90333	717
14.90500	723
14.90667	727
14.90833	731
14.91000	735
14.91167	738
14.91333	741
14.91500	744
14.91667	746
14.91833	748
14.92000	750
14.92167	751
14.92333	753
14.92500	755
14.92667	757
14.92833	760
14.93000	763
14.93167	766
14.93333	770
14.93500	773
14.93667	777
14.93833	782
14.94000	787
14.94167	790
14.94333	794
14.94500	796
14.94667	799
14.94833	802
14.95000	805
14.95167	807
14.95333	809
14.95500	811
14.95667	813
14.95833	814
14.96000	815
14.96167	816
14.96333	816
14.96500	816
14.96667	816
14.96833	816
14.97000	815
14.97167	814
14.97333	813
14.97500	812
14.97667	811
14.97833	810
14.98000	809
14.98167	808
14.98333	807
14.98500	807
14.98667	807
14.98833	806
14.99000	806
14.99167	806
14.99333	806
14.99500	806
14.99667	806
14.99833	805
15.00000	804

[LC Status Trace(Pump A Pressure)]
Interval(msec)	1000
# of Points	901
Start Time(min)	0.000
End Time(min)	15.000
Intensity Units	bar
Intensity Multiplier	0.980665
R.Time (min)	Intensity
0.00000	113.4
0.01667	113.4
0.03333	112.9
0.05000	114.0
0.06667	114.7
0.08333	114.9
0.10000	115.8
0.11667	115.9
0.13333	116.4
0.15000	116.5
0.16667	116.6
0.18333	116.6
0.20000	116.9
0.21667	117.2
0.23333	116.9
0.25000	117.3
0.26667	117.0
0.28333	117.0
0.30000	116.9
0.31667	116.6
0.33333	117.0
0.35000	116.6
0.36667	117.0
0.38333	117.0
0.40000	116.7
0.41667	116.9
0.43333	116.8
0.45000	117.1
0.46667	117.2
0.48333	116.9
0.50000	117.0
0.51667	116.9
0.53333	117.1
0.55000	116.9
0.56667	117.1
0.58333	117.1
0.60000	117.3
0.61667	117.1
0.63333	117.0
0.65000	117.0
0.66667	116.8
0.68333	116.8
0.70000	116.8
0.71667	116.8
0.73333	116.8
0.75000	117.1
0.76667	117.1
0.78333	117.0
0.80000	117.1
0.81667	116.9
0.83333	117.2
0.85000	117.0
0.86667	116.8
0.88333	117.1
0.90000	116.9
0.91667	117.1
0.93333	116.8
0.95000	117.2
0.96667	117.0
0.98333	116.9
1.00000	117.1
1.01667	116.8
1.03333	117.0
1.05000	116.7
1.06667	117.1
1.08333	117.1
1.10000	117.1
1.11667	117.1
1.13333	116.8
1.15000	116.9
1.16667	116.8
1.18333	116.8
1.20000	117.0
1.21667	117.1
1.23333	117.2
1.25000	116.9
1.26667	117.1
1.28333	117.1
1.30000	117.3
1.31667	117.0
1.33333	117.3
1.35000	117.1
1.36667	116.9
1.38333	116.9
1.40000	117.0
1.41667	117.3
1.43333	117.0
1.45000	117.4
1.46667	117.3
1.48333	117.2
1.50000	117.4
1.51667	117.4
1.53333	117.7
1.55000	117.4
1.56667	117.4
1.58333	117.7
1.60000	117.6
1.61667	117.9
1.63333	117.7
1.65000	118.1
1.66667	118.1
1.68333	117.9
1.70000	118.1
1.71667	118.0
1.73333	118.4
1.75000	118.3
1.76667	118.6
1.78333	118.6
1.80000	118.9
1.81667	118.8
1.83333	118.5
1.85000	119.0
1.86667	118.8
1.88333	118.9
1.90000	119.0
1.91667	119.1
1.93333	119.2
1.95000	119.6
1.96667	119.6
1.98333	119.6
2.00000	119.8
2.01667	119.7
2.03333	120.1
2.05000	119.8
2.06667	120.1
2.08333	120.1
2.10000	120.0
2.11667	120.3
2.13333	120.1
2.15000	120.6
2.16667	120.3
2.18333	120.3
2.20000	120.7
2.21667	120.6
2.23333	120.8
2.25000	120.6
2.26667	121.1
2.28333	121.1
2.30000	121.1
2.31667	121.2
2.33333	121.0
2.35000	121.3
2.36667	121.1
2.38333	121.1
2.40000	121.2
2.41667	121.3
2.43333	121.7
2.45000	121.5
2.46667	121.8
2.48333	121.5
2.50000	122.0
2.51667	121.9
2.53333	121.9
2.55000	121.9
2.56667	121.8
2.58333	121.8
2.60000	121.9
2.61667	122.2
2.63333	122.0
2.65000	122.4
2.66667	122.4
2.68333	122.2
2.70000	122.4
2.71667	122.3
2.73333	122.6
2.75000	122.4
2.76667	122.4
2.78333	122.7
2.80000	122.4
2.81667	122.7
2.83333	122.5
2.85000	122.8
2.86667	122.9
2.88333	122.5
2.90000	122.5
2.91667	122.5
2.93333	122.9
2.95000	122.7
2.96667	123.0
2.98333	123.0
3.00000	123.0
3.01667	122.9
3.03333	122.8
3.05000	123.1
3.06667	122.9
3.08333	122.9
3.10000	122.9
3.11667	123.3
3.13333	122.9
3.15000	123.1
3.16667	123.2
3.18333	123.2
3.20000	123.2
3.21667	123.0
3.23333	123.3
3.25000	123.0
3.26667	123.2
3.28333	123.2
3.30000	123.1
3.31667	123.3
3.33333	123.1
3.35000	123.4
3.36667	123.1
3.38333	123.0
3.40000	123.4
3.41667	123.0
3.43333	123.3
3.45000	123.0
3.46667	122.9
3.48333	123.3
3.50000	123.2
3.51667	123.4
3.53333	123.2
3.55000	123.3
3.56667	123.1
3.58333	123.1
3.60000	123.0
3.61667	123.1
3.63333	123.0
3.65000	123.1
3.66667	123.3
3.68333	123.2
3.70000	123.2
3.71667	123.3
3.73333	123.2
3.75000	122.9
3.76667	122.8
3.78333	122.9
3.80000	122.9
3.81667	123.0
3.83333	122.9
3.85000	123.1
3.86667	123.1
3.88333	122.8
3.90000	123.0
3.91667	122.7
3.93333	122.9
3.95000	122.6
3.96667	122.7
3.98333	123.0
4.00000	122.5
4.01667	123.0
4.03333	122.6
4.05000	122.8
4.06667	122.5
4.08333	122.5
4.10000	122.3
4.11667	122.6
4.13333	122.7
4.15000	122.4
4.16667	122.6
4.18333	122.6
4.20000	122.6
4.21667	122.2
4.23333	122.3
4.25000	122.5
4.26667	122.3
4.28333	122.3
4.30000	122.1
4.31667	122.4
4.33333	122.0
4.35000	122.1
4.36667	122.3
4.38333	121.8
4.40000	122.1
4.41667	121.7
4.43333	122.0
4.45000	121.7
4.46667	121.7
4.48333	122.0
4.50000	121.6
4.51667	121.8
4.53333	121.5
4.55000	121.8
4.56667	121.8
4.58333	121.4
4.60000	121.7
4.61667	121.3
4.63333	121.5
4.65000	121.1
4.66667	121.3
4.68333	121.4
4.70000	121.2
4.71667	121.2
4.73333	121.0
4.75000	121.1
4.76667	120.8
4.78333	120.9
4.80000	120.7
4.81667	120.8
4.83333	120.5
4.85000	120.6
4.86667	120.7
4.88333	120.6
4.90000	120.6
4.91667	120.6
4.93333	120.5
4.95000	120.1
4.96667	120.1
4.98333	120.2
5.00000	120.0
5.01667	119.9
5.03333	119.7
5.05000	120.0
5.06667	119.6
5.08333	119.6
5.10000	119.8
5.11667	119.6
5.13333	119.7
5.15000	119.2
5.16667	119.6
5.18333	119.6
5.20000	119.1
5.21667	119.3
5.23333	119.0
5.25000	119.2
5.26667	118.9
5.28333	118.9
5.30000	118.7
5.31667	118.7
5.33333	118.8
5.35000	118.5
5.36667	118.7
5.38333	118.4
5.40000	118.6
5.41667	118.5
5.43333	118.3
5.45000	118.5
5.46667	118.0
5.48333	118.2
5.50000	117.8
5.51667	117.8
5.53333	117.7
5.55000	117.8
5.56667	117.8
5.58333	118.0
5.60000	117.6
5.61667	117.3
5.63333	117.4
5.65000	117.1
5.66667	117.1
5.68333	117.2
5.70000	117.0
5.71667	117.2
5.73333	116.8
5.75000	116.9
5.76667	116.8
5.78333	116.5
5.80000	116.4
5.81667	116.4
5.83333	116.4
5.85000	116.2
5.86667	116.3
5.88333	116.3
5.90000	116.2
5.91667	116.1
5.93333	115.7
5.95000	115.8
5.96667	115.6
5.98333	115.5
6.00000	115.3
6.01667	115.5
6.03333	115.3
6.05000	115.0
6.06667	115.3
6.08333	115.3
6.10000	115.1
6.11667	114.7
6.13333	115.0
6.15000	114.6
6.16667	114.6
6.18333	114.6
6.20000	114.3
6.21667	114.4
6.23333	114.0
6.25000	114.2
6.26667	113.8
6.28333	113.8
6.30000	114.0
6.31667	113.6
6.33333	113.7
6.35000	113.4
6.36667	113.3
6.38333	113.4
6.40000	113.1
6.41667	113.2
6.43333	112.9
6.45000	113.0
6.46667	112.7
6.48333	112.5
6.50000	112.5
6.51667	112.5
6.53333	112.4
6.55000	112.2
6.56667	112.3
6.58333	112.2
6.60000	112.1
6.61667	111.9
6.63333	111.9
6.65000	111.6
6.66667	111.4
6.68333	111.4
6.70000	111.1
6.71667	111.1
6.73333	110.9
6.75000	111.1
6.76667	110.9
6.78333	110.8
6.80000	110.6
6.81667	110.4
6.83333	110.5
6.85000	110.0
6.86667	110.1
6.88333	110.3
6.90000	109.9
6.91667	110.0
6.93333	109.6
6.95000	109.6
6.96667	109.5
6.98333	109.3
7.00000	109.2
7.01667	109.1
7.03333	109.1
7.05000	108.7
7.06667	108.7
7.08333	108.7
7.10000	108.6
7.11667	108.3
7.13333	108.3
7.15000	108.2
7.16667	107.9
7.18333	107.9
7.20000	107.7
7.21667	107.7
7.23333	107.3
7.25000	107.5
7.26667	107.3
7.28333	107.3
7.30000	107.0
7.31667	106.7
7.33333	106.8
7.35000	106.5
7.36667	106.4
7.38333	106.5
7.40000	106.0
7.41667	106.3
7.43333	105.8
7.45000	106.0
7.46667	105.9
7.48333	105.6
7.50000	105.3
7.51667	105.2
7.53333	105.2
7.55000	105.0
7.56667	105.1
7.58333	105.0
7.60000	104.8
7.61667	104.6
7.63333	104.4
7.65000	104.3
7.66667	103.9
7.68333	103.9
7.70000	103.7
7.71667	103.4
7.73333	103.4
7.75000	103.5
7.76667	103.4
7.78333	103.3
7.80000	102.9
7.81667	102.8
7.83333	102.7
7.85000	102.3
7.86667	102.3
7.88333	102.3
7.90000	101.9
7.91667	102.0
7.93333	101.6
7.95000	101.6
7.96667	101.6
7.98333	101.3
8.00000	101.1
8.01667	100.7
8.03333	100.9
8.05000	100.6
8.06667	100.6
8.08333	100.6
8.10000	100.4
8.11667	100.1
8.13333	100.1
8.15000	99.8
8.16667	99.6
8.18333	99.6
8.20000	99.3
8.21667	99.5
8.23333	99.1
8.25000	99.1
8.26667	99.0
8.28333	99.0
8.30000	98.6
8.31667	98.3
8.33333	98.4
8.35000	98.0
8.36667	97.9
8.38333	98.0
8.40000	97.6
8.41667	97.8
8.43333	97.2
8.45000	97.4
8.46667	97.2
8.48333	96.9
8.50000	96.8
8.51667	96.6
8.53333	96.5
8.55000	96.2
8.56667	96.4
8.58333	96.3
8.60000	96.1
8.61667	95.8
8.63333	95.4
8.65000	95.5
8.66667	95.4
8.68333	95.3
8.70000	94.9
8.71667	94.8
8.73333	94.7
8.75000	94.8
8.76667	94.7
8.78333	94.5
8.80000	94.2
8.81667	94.1
8.83333	94.1
8.85000	93.7
8.86667	93.5
8.88333	93.7
8.90000	93.2
8.91667	93.4
8.93333	92.8
8.95000	93.0
8.96667	92.9
8.98333	92.7
9.00000	92.6
9.01667	92.2
9.03333	92.2
9.05000	91.9
9.06667	92.0
9.08333	92.0
9.10000	91.7
9.11667	91.4
9.13333	91.0
9.15000	91.2
9.16667	90.8
9.18333	90.8
9.20000	90.6
9.21667	90.7
9.23333	90.2
9.25000	90.4
9.26667	90.0
9.28333	90.0
9.30000	89.8
9.31667	89.6
9.33333	89.7
9.35000	89.4
9.36667	89.2
9.38333	89.2
9.40000	88.8
9.41667	89.1
9.43333	88.5
9.45000	88.6
9.46667	88.4
9.48333	88.2
9.50000	88.3
9.51667	88.0
9.53333	87.8
9.55000	87.5
9.56667	87.9
9.58333	87.7
9.60000	87.6
9.61667	87.2
9.63333	86.8
9.65000	86.9
9.66667	86.8
9.68333	86.6
9.70000	86.4
9.71667	86.4
9.73333	86.3
9.75000	86.2
9.76667	86.3
9.78333	86.0
9.80000	85.9
9.81667	85.9
9.83333	85.8
9.85000	85.5
9.86667	85.3
9.88333	85.5
9.90000	85.0
9.91667	85.3
9.93333	84.8
9.95000	84.9
9.96667	84.7
9.98333	84.6
10.00000	84.4
10.01667	84.2
10.03333	84.2
10.05000	84.0
10.06667	84.1
10.08333	84.1
10.10000	84.0
10.11667	83.8
10.13333	83.4
10.15000	83.5
10.16667	83.3
10.18333	83.3
10.20000	83.1
10.21667	83.3
10.23333	83.0
10.25000	82.6
10.26667	82.8
10.28333	82.8
10.30000	82.7
10.31667	82.7
10.33333	82.7
10.35000	82.4
10.36667	82.2
10.38333	82.5
10.40000	82.1
10.41667	82.3
10.43333	81.8
10.45000	82.1
10.46667	81.9
10.48333	81.9
10.50000	81.9
10.51667	81.6
10.53333	81.9
10.55000	81.5
10.56667	81.4
10.58333	81.7
10.60000	81.5
10.61667	81.4
10.63333	81.2
10.65000	81.3
10.66667	81.2
10.68333	81.1
10.70000	81.2
10.71667	81.1
10.73333	81.2
10.75000	81.0
10.76667	81.3
10.78333	81.1
10.80000	81.2
10.81667	81.2
10.83333	81.3
10.85000	81.1
10.86667	81.0
10.88333	81.0
10.90000	81.1
10.91667	81.4
10.93333	81.1
10.95000	81.5
10.96667	81.3
10.98333	81.3
11.00000	81.5
11.01667	81.5
11.03333	81.8
11.05000	81.7
11.06667	82.1
11.08333	82.1
11.10000	82.4
11.11667	82.5
11.13333	82.5
11.15000	82.8
11.16667	82.8
11.18333	82.8
11.20000	83.3
11.21667	83.7
11.23333	83.9
11.25000	84.0
11.26667	84.4
11.28333	84.4
11.30000	85.1
11.31667	85.1
11.33333	85.7
11.35000	85.8
11.36667	85.9
11.38333	86.1
11.40000	86.9
11.41667	87.2
11.43333	87.6
11.45000	88.3
11.46667	88.4
11.48333	88.5
11.50000	89.4
11.51667	89.5
11.53333	90.1
11.55000	90.5
11.56667	90.8
11.58333	91.2
11.60000	92.0
11.61667	92.3
11.63333	92.5
11.65000	93.3
11.66667	93.3
11.68333	93.5
11.70000	94.4
11.71667	94.6
11.73333	95.4
11.75000	95.6
11.76667	95.9
11.78333	96.0
11.80000	96.7
11.81667	96.9
11.83333	97.3
11.85000	97.4
11.86667	97.5
11.88333	97.6
11.90000	98.2
11.91667	98.5
11.93333	98.6
11.95000	99.0
11.96667	99.0
11.98333	99.0
12.00000	99.6
12.01667	99.6
12.03333	99.8
12.05000	99.7
12.06667	100.1
12.08333	100.1
12.10000	100.3
12.11667	100.5
12.13333	100.5
12.15000	100.6
12.16667	100.5
12.18333	100.5
12.20000	100.7
12.21667	101.0
12.23333	100.9
12.25000	100.7
12.26667	101.1
12.28333	101.1
12.30000	101.3
12.31667	101.3
12.33333	101.5
12.35000	101.2
12.36667	101.3
12.38333	101.5
12.40000	101.4
12.41667	101.7
12.43333	101.5
12.45000	101.9
12.46667	101.8
12.48333	101.6
12.50000	101.9
12.51667	101.7
12.53333	102.1
12.55000	101.8
12.56667	102.0
12.58333	102.1
12.60000	102.2
12.61667	102.2
12.63333	102.0
12.65000	102.2
12.66667	102.0
12.68333	102.1
12.70000	102.2
12.71667	102.3
12.73333	102.3
12.75000	102.6
12.76667	102.6
12.78333	102.7
12.80000	102.7
12.81667	102.5
12.83333	102.8
12.85000	102.6
12.86667	102.6
12.88333	102.8
12.90000	102.8
12.91667	102.9
12.93333	102.8
12.95000	103.0
12.96667	102.8
12.98333	102.8
13.00000	102.9
13.01667	103.2
13.03333	103.2
13.05000	102.5
13.06667	102.3
13.08333	102.3
13.10000	101.8
13.11667	101.4
13.13333	101.5
13.15000	102.2
13.16667	102.0
13.18333	102.0
13.20000	101.7
13.21667	101.9
13.23333	101.5
13.25000	101.6
13.26667	102.3
13.28333	102.3
13.30000	102.2
13.31667	101.5
13.33333	102.0
13.35000	101.5
13.36667	101.9
13.38333	101.7
13.40000	102.1
13.41667	101.9
13.43333	101.8
13.45000	102.1
13.46667	102.3
13.48333	101.6
13.50000	102.5
13.51667	102.0
13.53333	102.6
13.55000	102.4
13.56667	102.7
13.58333	102.8
13.60000	103.0
13.61667	103.1
13.63333	102.9
13.65000	103.2
13.66667	103.1
13.68333	103.0
13.70000	103.0
13.71667	103.0
13.73333	103.3
13.75000	103.1
13.76667	103.3
13.78333	103.2
13.80000	103.3
13.81667	103.1
13.83333	103.0
13.85000	102.8
13.86667	102.5
13.88333	102.4
13.90000	102.0
13.91667	102.0
13.93333	101.9
13.95000	102.1
13.96667	102.2
13.98333	102.2
14.00000	102.3
14.01667	102.1
14.03333	102.4
14.05000	102.0
14.06667	101.8
14.08333	101.8
14.10000	98.3
14.11667	94.8
14.13333	89.4
14.15000	84.2
14.16667	79.5
14.18333	79.5
14.20000	75.3
14.21667	75.1
14.23333	76.0
14.25000	77.2
14.26667	78.0
14.28333	79.3
14.30000	83.4
14.31667	84.6
14.33333	88.1
14.35000	90.8
14.36667	91.9
14.38333	93.2
14.40000	98.2
14.41667	99.6
14.43333	102.3
14.45000	105.6
14.46667	106.8
14.48333	107.9
14.50000	111.6
14.51667	112.4
14.53333	113.6
14.55000	115.6
14.56667	115.9
14.58333	116.5
14.60000	118.0
14.61667	118.3
14.63333	119.0
14.65000	119.7
14.66667	119.9
14.68333	120.0
14.70000	120.5
14.71667	120.3
14.73333	120.8
14.75000	120.5
14.76667	120.4
14.78333	120.7
14.80000	120.5
14.81667	120.7
14.83333	120.3
14.85000	120.5
14.86667	120.2
14.88333	120.1
14.90000	120.1
14.91667	119.7
14.93333	119.8
14.95000	119.4
14.96667	119.6
14.98333	119.6
15.00000	119.2

[LC Status Trace(Pump A Degasser Pressure)]
Interval(msec)	1000
# of Points	901
Start Time(min)	0.000
End Time(min)	15.000
Intensity Units	bar
Intensity Multiplier	0.980665
R.Time (min)	Intensity
0.00000	957.5
0.01667	957.5
0.03333	957.5
0.05000	957.5
0.06667	957.5
0.08333	957.5
0.10000	957.5
0.11667	957.5
0.13333	957.5
0.15000	957.5
0.16667	957.5
0.18333	957.5
0.20000	957.5
0.21667	957.5
0.23333	957.5
0.25000	957.5
0.26667	957.5
0.28333	957.5
0.30000	956.4
0.31667	956.4
0.33333	956.4
0.35000	956.4
0.36667	956.4
0.38333	956.4
0.40000	956.4
0.41667	956.4
0.43333	956.4
0.45000	956.4
0.46667	956.4
0.48333	956.4
0.50000	956.4
0.51667	956.4
0.53333	956.4
0.55000	956.4
0.56667	956.4
0.58333	956.4
0.60000	957.5
0.61667	957.5
0.63333	957.5
0.65000	957.5
0.66667	957.5
0.68333	957.5
0.70000	957.5
0.71667	957.5
0.73333	957.5
0.75000	957.5
0.76667	957.5
0.78333	957.5
0.80000	957.5
0.81667	957.5
0.83333	957.5
0.85000	957.5
0.86667	957.5
0.88333	957.5
0.90000	957.5
0.91667	957.5
0.93333	957.5
0.95000	957.5
0.96667	957.5
0.98333	957.5
1.00000	957.5
1.01667	957.5
1.03333	957.5
1.05000	957.5
1.06667	957.5
1.08333	957.5
1.10000	957.5
1.11667	957.5
1.13333	956.4
1.15000	956.4
1.16667	956.4
1.18333	956.4
1.20000	956.4
1.21667	956.4
1.23333	956.4
1.25000	956.4
1.26667	956.4
1.28333	956.4
1.30000	956.4
1.31667	956.4
1.33333	956.4
1.35000	956.4
1.36667	956.4
1.38333	956.4
1.40000	956.4
1.41667	956.4
1.43333	955.4
1.45000	955.4
1.46667	955.4
1.48333	955.4
1.50000	955.4
1.51667	955.4
1.53333	955.4
1.55000	955.4
1.56667	955.4
1.58333	955.4
1.60000	955.4
1.61667	955.4
1.63333	956.4
1.65000	956.4
1.66667	956.4
1.68333	956.4
1.70000	956.4
1.71667	956.4
1.73333	956.4
1.75000	956.4
1.76667	956.4
1.78333	956.4
1.80000	956.4
1.81667	956.4
1.83333	957.5
1.85000	957.5
1.86667	957.5
1.88333	957.5
1.90000	957.5
1.91667	957.5
1.93333	957.5
1.95000	957.5
1.96667	957.5
1.98333	957.5
2.00000	957.5
2.01667	957.5
2.03333	958.5
2.05000	958.5
2.06667	958.5
2.08333	958.5
2.10000	958.5
2.11667	958.5
2.13333	958.5
2.15000	958.5
2.16667	958.5
2.18333	958.5
2.20000	958.5
2.21667	958.5
2.23333	958.5
2.25000	958.5
2.26667	958.5
2.28333	958.5
2.30000	958.5
2.31667	958.5
2.33333	958.5
2.35000	958.5
2.36667	958.5
2.38333	958.5
2.40000	958.5
2.41667	958.5
2.43333	958.5
2.45000	958.5
2.46667	958.5
2.48333	958.5
2.50000	957.5
2.51667	957.5
2.53333	957.5
2.55000	957.5
2.56667	957.5
2.58333	957.5
2.60000	957.5
2.61667	957.5
2.63333	957.5
2.65000	957.5
2.66667	957.5
2.68333	957.5
2.70000	957.5
2.71667	957.5
2.73333	957.5
2.75000	957.5
2.76667	957.5
2.78333	957.5
2.80000	957.5
2.81667	957.5
2.83333	956.4
2.85000	956.4
2.86667	956.4
2.88333	956.4
2.90000	956.4
2.91667	956.4
2.93333	956.4
2.95000	956.4
2.96667	956.4
2.98333	956.4
3.00000	956.4
3.01667	956.4
3.03333	957.5
3.05000	957.5
3.06667	957.5
3.08333	957.5
3.10000	957.5
3.11667	957.5
3.13333	957.5
3.15000	957.5
3.16667	957.5
3.18333	957.5
3.20000	957.5
3.21667	957.5
3.23333	957.5
3.25000	957.5
3.26667	957.5
3.28333	957.5
3.30000	957.5
3.31667	957.5
3.33333	957.5
3.35000	957.5
3.36667	957.5
3.38333	957.5
3.40000	957.5
3.41667	957.5
3.43333	957.5
3.45000	957.5
3.46667	957.5
3.48333	957.5
3.50000	957.5
3.51667	957.5
3.53333	957.5
3.55000	957.5
3.56667	957.5
3.58333	957.5
3.60000	956.4
3.61667	956.4
3.63333	956.4
3.65000	956.4
3.66667	956.4
3.68333	956.4
3.70000	956.4
3.71667	956.4
3.73333	956.4
3.75000	956.4
3.76667	956.4
3.78333	956.4
3.80000	956.4
3.81667	956.4
3.83333	956.4
3.85000	956.4
3.86667	956.4
3.88333	956.4
3.90000	956.4
3.91667	956.4
3.93333	955.4
3.95000	955.4
3.96667	955.4
3.98333	955.4
4.00000	955.4
4.01667	955.4
4.03333	955.4
4.05000	955.4
4.06667	955.4
4.08333	955.4
4.10000	955.4
4.11667	955.4
4.13333	956.4
4.15000	956.4
4.16667	956.4
4.18333	956.4
4.20000	956.4
4.21667	956.4
4.23333	956.4
4.25000	956.4
4.26667	956.4
4.28333	956.4
4.30000	956.4
4.31667	956.4
4.33333	957.5
4.35000	957.5
4.36667	957.5
4.38333	957.5
4.40000	957.5
4.41667	957.5
4.43333	957.5
4.45000	957.5
4.46667	957.5
4.48333	957.5
4.50000	957.5
4.51667	957.5
4.53333	958.5
4.55000	958.5
4.56667	958.5
4.58333	958.5
4.60000	958.5
4.61667	958.5
4.63333	958.5
4.65000	958.5
4.66667	958.5
4.68333	958.5
4.70000	958.5
4.71667	958.5
4.73333	958.5
4.75000	958.5
4.76667	958.5
4.78333	958.5
4.80000	958.5
4.81667	958.5
4.83333	958.5
4.85000	958.5
4.86667	958.5
4.88333	958.5
4.90000	958.5
4.91667	958.5
4.93333	957.5
4.95000	957.5
4.96667	957.5
4.98333	957.5
5.00000	957.5
5.01667	957.5
5.03333	957.5
5.05000	957.5
5.06667	957.5
5.08333	957.5
5.10000	957.5
5.11667	957.5
5.13333	957.5
5.15000	957.5
5.16667	957.5
5.18333	957.5
5.20000	957.5
5.21667	957.5
5.23333	957.5
5.25000	957.5
5.26667	957.5
5.28333	957.5
5.30000	956.4
5.31667	956.4
5.33333	956.4
5.35000	956.4
5.36667	956.4
5.38333	956.4
5.40000	956.4
5.41667	956.4
5.43333	956.4
5.45000	956.4
5.46667	956.4
5.48333	956.4
5.50000	956.4
5.51667	956.4
5.53333	956.4
5.55000	956.4
5.56667	956.4
5.58333	956.4
5.60000	957.5
5.61667	957.5
5.63333	957.5
5.65000	957.5
5.66667	957.5
5.68333	957.5
5.70000	957.5
5.71667	957.5
5.73333	957.5
5.75000	957.5
5.76667	957.5
5.78333	957.5
5.80000	957.5
5.81667	957.5
5.83333	957.5
5.85000	957.5
5.86667	957.5
5.88333	957.5
5.90000	957.5
5.91667	957.5
5.93333	957.5
5.95000	957.5
5.96667	957.5
5.98333	957.5
6.00000	957.5
6.01667	957.5
6.03333	957.5
6.05000	957.5
6.06667	957.5
6.08333	957.5
6.10000	956.4
6.11667	956.4
6.13333	956.4
6.15000	956.4
6.16667	956.4
6.18333	956.4
6.20000	956.4
6.21667	956.4
6.23333	956.4
6.25000	956.4
6.26667	956.4
6.28333	956.4
6.30000	956.4
6.31667	956.4
6.33333	956.4
6.35000	956.4
6.36667	956.4
6.38333	956.4
6.40000	955.4
6.41667	955.4
6.43333	955.4
6.45000	955.4
6.46667	955.4
6.48333	955.4
6.50000	955.4
6.51667	955.4
6.53333	955.4
6.55000	955.4
6.56667	955.4
6.58333	955.4
6.60000	955.4
6.61667	955.4
6.63333	956.4
6.65000	956.4
6.66667	956.4
6.68333	956.4
6.70000	956.4
6.71667	956.4
6.73333	956.4
6.75000	956.4
6.76667	956.4
6.78333	956.4
6.80000	956.4
6.81667	956.4
6.83333	957.5
6.85000	957.5
6.86667	957.5
6.88333	957.5
6.90000	957.5
6.91667	957.5
6.93333	957.5
6.95000	957.5
6.96667	957.5
6.98333	957.5
7.00000	957.5
7.01667	957.5
7.03333	958.5
7.05000	958.5
7.06667	958.5
7.08333	958.5
7.10000	958.5
7.11667	958.5
7.13333	958.5
7.15000	958.5
7.16667	958.5
7.18333	958.5
7.20000	958.5
7.21667	958.5
7.23333	958.5
7.25000	958.5
7.26667	958.5
7.28333	958.5
7.30000	958.5
7.31667	958.5
7.33333	958.5
7.35000	958.5
7.36667	958.5
7.38333	958.5
7.40000	958.5
7.41667	958.5
7.43333	957.5
7.45000	957.5
7.46667	957.5
7.48333	957.5
7.50000	957.5
7.51667	957.5
7.53333	957.5
7.55000	957.5
7.56667	957.5
7.58333	957.5
7.60000	957.5
7.61667	957.5
7.63333	957.5
7.65000	957.5
7.66667	957.5
7.68333	957.5
7.70000	957.5
7.71667	957.5
7.73333	957.5
7.75000	957.5
7.76667	957.5
7.78333	957.5
7.80000	956.4
7.81667	956.4
7.83333	956.4
7.85000	956.4
7.86667	956.4
7.88333	956.4
7.90000	956.4
7.91667	956.4
7.93333	956.4
7.95000	956.4
7.96667	956.4
7.98333	956.4
8.00000	956.4
8.01667	956.4
8.03333	957.5
8.05000	957.5
8.06667	957.5
8.08333	957.5
8.10000	957.5
8.11667	957.5
8.13333	957.5
8.15000	957.5
8.16667	957.5
8.18333	957.5
8.20000	957.5
8.21667	957.5
8.23333	957.5
8.25000	957.5
8.26667	957.5
8.28333	957.5
8.30000	957.5
8.31667	957.5
8.33333	957.5
8.35000	957.5
8.36667	957.5
8.38333	957.5
8.40000	957.5
8.41667	957.5
8.43333	957.5
8.45000	957.5
8.46667	957.5
8.48333	957.5
8.50000	957.5
8.51667	957.5
8.53333	957.5
8.55000	957.5
8.56667	957.5
8.58333	957.5
8.60000	956.4
8.61667	956.4
8.63333	956.4
8.65000	956.4
8.66667	956.4
8.68333	956.4
8.70000	956.4
8.71667	956.4
8.73333	956.4
8.75000	956.4
8.76667	956.4
8.78333	956.4
8.80000	956.4
8.81667	956.4
8.83333	956.4
8.85000	956.4
8.86667	956.4
8.88333	956.4
8.90000	955.4
8.91667	955.4
8.93333	955.4
8.95000	955.4
8.96667	955.4
8.98333	955.4
9.00000	955.4
9.01667	955.4
9.03333	955.4
9.05000	955.4
9.06667	955.4
9.08333	955.4
9.10000	956.4
9.11667	956.4
9.13333	956.4
9.15000	956.4
9.16667	956.4
9.18333	956.4
9.20000	956.4
9.21667	956.4
9.23333	956.4
9.25000	956.4
9.26667	956.4
9.28333	956.4
9.30000	956.4
9.31667	956.4
9.33333	957.5
9.35000	957.5
9.36667	957.5
9.38333	957.5
9.40000	957.5
9.41667	957.5
9.43333	957.5
9.45000	957.5
9.46667	957.5
9.48333	957.5
9.50000	957.5
9.51667	957.5
9.53333	958.5
9.55000	958.5
9.56667	958.5
9.58333	958.5
9.60000	958.5
9.61667	958.5
9.63333	958.5
9.65000	958.5
9.66667	958.5
9.68333	958.5
9.70000	958.5
9.71667	958.5
9.73333	958.5
9.75000	958.5
9.76667	958.5
9.78333	958.5
9.80000	958.5
9.81667	958.5
9.83333	958.5
9.85000	958.5
9.86667	958.5
9.88333	958.5
9.90000	958.5
9.91667	958.5
9.93333	957.5
9.95000	957.5
9.96667	957.5
9.98333	957.5
10.00000	957.5
10.01667	957.5
10.03333	957.5
10.05000	957.5
10.06667	957.5
10.08333	957.5
10.10000	957.5
10.11667	957.5
10.13333	957.5
10.15000	957.5
10.16667	957.5
10.18333	957.5
10.20000	957.5
10.21667	957.5
10.23333	957.5
10.25000	957.5
10.26667	957.5
10.28333	957.5
10.30000	956.4
10.31667	956.4
10.33333	956.4
10.35000	956.4
10.36667	956.4
10.38333	956.4
10.40000	956.4
10.41667	956.4
10.43333	956.4
10.45000	956.4
10.46667	956.4
10.48333	956.4
10.50000	956.4
10.51667	956.4
10.53333	956.4
10.55000	957.5
10.56667	957.5
10.58333	957.5
10.60000	957.5
10.61667	957.5
10.63333	957.5
10.65000	957.5
10.66667	957.5
10.68333	957.5
10.70000	957.5
10.71667	957.5
10.73333	957.5
10.75000	957.5
10.76667	957.5
10.78333	957.5
10.80000	957.5
10.81667	957.5
10.83333	957.5
10.85000	957.5
10.86667	957.5
10.88333	957.5
10.90000	957.5
10.91667	957.5
10.93333	957.5
10.95000	957.5
10.96667	957.5
10.98333	957.5
11.00000	957.5
11.01667	957.5
11.03333	957.5
11.05000	957.5
11.06667	957.5
11.08333	957.5
11.10000	956.4
11.11667	956.4
11.13333	956.4
11.15000	956.4
11.16667	956.4
11.18333	956.4
11.20000	956.4
11.21667	956.4
11.23333	956.4
11.25000	956.4
11.26667	956.4
11.28333	956.4
11.30000	956.4
11.31667	956.4
11.33333	955.4
11.35000	955.4
11.36667	955.4
11.38333	955.4
11.40000	955.4
11.41667	955.4
11.43333	955.4
11.45000	955.4
11.46667	955.4
11.48333	955.4
11.50000	955.4
11.51667	955.4
11.53333	955.4
11.55000	955.4
11.56667	955.4
11.58333	955.4
11.60000	955.4
11.61667	955.4
11.63333	955.4
11.65000	956.4
11.66667	956.4
11.68333	956.4
11.70000	956.4
11.71667	956.4
11.73333	956.4
11.75000	956.4
11.76667	956.4
11.78333	956.4
11.80000	957.5
11.81667	957.5
11.83333	957.5
11.85000	957.5
11.86667	957.5
11.88333	957.5
11.90000	957.5
11.91667	957.5
11.93333	957.5
11.95000	957.5
11.96667	957.5
11.98333	957.5
12.00000	958.5
12.01667	958.5
12.03333	958.5
12.05000	958.5
12.06667	958.5
12.08333	958.5
12.10000	958.5
12.11667	958.5
12.13333	958.5
12.15000	958.5
12.16667	958.5
12.18333	958.5
12.20000	958.5
12.21667	958.5
12.23333	958.5
12.25000	958.5
12.26667	958.5
12.28333	958.5
12.30000	958.5
12.31667	958.5
12.33333	958.5
12.35000	958.5
12.36667	958.5
12.38333	958.5
12.40000	958.5
12.41667	958.5
12.43333	957.5
12.45000	957.5
12.46667	957.5
12.48333	957.5
12.50000	957.5
12.51667	957.5
12.53333	957.5
12.55000	957.5
12.56667	957.5
12.58333	957.5
12.60000	957.5
12.61667	957.5
12.63333	957.5
12.65000	957.5
12.66667	957.5
12.68333	957.5
12.70000	957.5
12.71667	957.5
12.73333	956.4
12.75000	956.4
12.76667	956.4
12.78333	956.4
12.80000	956.4
12.81667	956.4
12.83333	956.4
12.85000	956.4
12.86667	956.4
12.88333	956.4
12.90000	956.4
12.91667	956.4
12.93333	956.4
12.95000	956.4
12.96667	956.4
12.98333	956.4
13.00000	957.5
13.01667	957.5
13.03333	957.5
13.05000	957.5
13.06667	957.5
13.08333	957.5
13.10000	957.5
13.11667	957.5
13.13333	957.5
13.15000	957.5
13.16667	957.5
13.18333	957.5
13.20000	957.5
13.21667	957.5
13.23333	957.5
13.25000	957.5
13.26667	957.5
13.28333	957.5
13.30000	957.5
13.31667	957.5
13.33333	957.5
13.35000	957.5
13.36667	957.5
13.38333	957.5
13.40000	957.5
13.41667	957.5
13.43333	957.5
13.45000	957.5
13.46667	957.5
13.48333	957.5
13.50000	957.5
13.51667	957.5
13.53333	956.4
13.55000	956.4
13.56667	956.4
13.58333	956.4
13.60000	956.4
13.61667	956.4
13.63333	956.4
13.65000	956.4
13.66667	956.4
13.68333	956.4
13.70000	956.4
13.71667	956.4
13.73333	956.4
13.75000	956.4
13.76667	956.4
13.78333	956.4
13.80000	956.4
13.81667	956.4
13.83333	955.4
13.85000	955.4
13.86667	955.4
13.88333	955.4
13.90000	955.4
13.91667	955.4
13.93333	955.4
13.95000	955.4
13.96667	955.4
13.98333	955.4
14.00000	955.4
14.01667	955.4
14.03333	955.4
14.05000	955.4
14.06667	955.4
14.08333	955.4
14.10000	956.4
14.11667	956.4
14.13333	956.4
14.15000	956.4
14.16667	956.4
14.18333	956.4
14.20000	956.4
14.21667	956.4
14.23333	956.4
14.25000	956.4
14.26667	956.4
14.28333	956.4
14.30000	957.5
14.31667	957.5
14.33333	957.5
14.35000	957.5
14.36667	957.5
14.38333	957.5
14.40000	957.5
14.41667	957.5
14.43333	957.5
14.45000	957.5
14.46667	957.5
14.48333	957.5
14.50000	958.5
14.51667	958.5
14.53333	958.5
14.55000	958.5
14.56667	958.5
14.58333	958.5
14.60000	958.5
14.61667	958.5
14.63333	958.5
14.65000	958.5
14.66667	958.5
14.68333	958.5
14.70000	958.5
14.71667	958.5
14.73333	958.5
14.75000	958.5
14.76667	958.5
14.78333	958.5
14.80000	958.5
14.81667	958.5
14.83333	958.5
14.85000	958.5
14.86667	958.5
14.88333	958.5
14.90000	957.5
14.91667	957.5
14.93333	957.5
14.95000	957.5
14.96667	957.5
14.98333	957.5
15.00000	957.5

[LC Status Trace(Sample Cooler Temp.)]
Interval(msec)	1000
# of Points	901
Start Time(min)	0.000
End Time(min)	15.000
Intensity Units	C
Intensity Multiplier	1
R.Time (min)	Intensity
0.00000	10.0
0.01667	10.0
0.03333	10.0
0.05000	10.0
0.06667	10.0
0.08333	10.0
0.10000	10.0
0.11667	10.0
0.13333	10.0
0.15000	10.0
0.16667	10.0
0.18333	10.0
0.20000	10.0
0.21667	10.0
0.23333	10.0
0.25000	10.0
0.26667	10.0
0.28333	10.0
0.30000	10.0
0.31667	10.0
0.33333	10.0
0.35000	10.0
0.36667	10.0
0.38333	10.0
0.40000	10.0
0.41667	10.0
0.43333	10.0
0.45000	10.0
0.46667	10.0
0.48333	10.0
0.50000	10.0
0.51667	10.0
0.53333	10.0
0.55000	10.0
0.56667	10.0
0.58333	10.0
0.60000	10.0
0.61667	10.0
0.63333	10.0
0.65000	10.0
0.66667	10.0
0.68333	10.0
0.70000	10.0
0.71667	10.0
0.73333	10.0
0.75000	10.0
0.76667	10.0
0.78333	10.0
0.80000	10.0
0.81667	10.0
0.83333	10.0
0.85000	10.0
0.86667	10.0
0.88333	10.0
0.90000	10.0
0.91667	10.0
0.93333	10.0
0.95000	10.0
0.96667	10.0
0.98333	10.0
1.00000	10.0
1.01667	10.0
1.03333	10.0
1.05000	10.0
1.06667	10.0
1.08333	10.0
1.10000	10.1
1.11667	10.0
1.13333	10.1
1.15000	10.0
1.16667	10.0
1.18333	10.1
1.20000	10.1
1.21667	10.0
1.23333	10.0
1.25000	10.1
1.26667	10.0
1.28333	10.1
1.30000	10.1
1.31667	10.0
1.33333	10.1
1.35000	10.1
1.36667	10.0
1.38333	10.1
1.40000	10.1
1.41667	10.0
1.43333	10.1
1.45000	10.1
1.46667	10.0
1.48333	10.1
1.50000	10.1
1.51667	10.0
1.53333	10.0
1.55000	10.1
1.56667	10.0
1.58333	10.0
1.60000	10.0
1.61667	10.0
1.63333	10.0
1.65000	10.0
1.66667	10.0
1.68333	10.0
1.70000	10.0
1.71667	10.0
1.73333	10.0
1.75000	10.0
1.76667	10.0
1.78333	10.0
1.80000	10.0
1.81667	10.0
1.83333	10.0
1.85000	10.0
1.86667	10.0
1.88333	10.0
1.90000	10.0
1.91667	10.0
1.93333	10.0
1.95000	10.0
1.96667	10.0
1.98333	10.0
2.00000	10.0
2.01667	10.0
2.03333	10.0
2.05000	10.0
2.06667	10.0
2.08333	10.0
2.10000	10.0
2.11667	10.0
2.13333	10.0
2.15000	10.0
2.16667	10.0
2.18333	10.0
2.20000	10.0
2.21667	10.0
2.23333	10.0
2.25000	10.0
2.26667	10.0
2.28333	10.0
2.30000	10.0
2.31667	10.0
2.33333	10.0
2.35000	10.0
2.36667	10.0
2.38333	10.0
2.40000	10.0
2.41667	10.0
2.43333	10.0
2.45000	10.0
2.46667	10.0
2.48333	10.0
2.50000	10.0
2.51667	10.0
2.53333	10.0
2.55000	10.0
2.56667	10.0
2.58333	10.0
2.60000	10.0
2.61667	10.0
2.63333	10.0
2.65000	10.0
2.66667	10.0
2.68333	10.0
2.70000	10.0
2.71667	10.0
2.73333	10.0
2.75000	10.0
2.76667	10.0
2.78333	10.0
2.80000	10.0
2.81667	10.0
2.83333	10.0
2.85000	10.0
2.86667	10.0
2.88333	10.0
2.90000	10.0
2.91667	10.0
2.93333	10.0
2.95000	10.0
2.96667	10.0
2.98333	10.0
3.00000	10.0
3.01667	10.0
3.03333	10.0
3.05000	10.0
3.06667	10.0
3.08333	10.0
3.10000	10.0
3.11667	10.0
3.13333	10.0
3.15000	10.0
3.16667	10.0
3.18333	10.0
3.20000	10.0
3.21667	10.0
3.23333	10.0
3.25000	10.0
3.26667	10.0
3.28333	10.0
3.30000	10.0
3.31667	10.0
3.33333	10.0
3.35000	10.0
3.36667	10.0
3.38333	10.0
3.40000	10.0
3.41667	10.0
3.43333	10.0
3.45000	10.0
3.46667	10.0
3.48333	10.0
3.50000	10.0
3.51667	10.0
3.53333	10.0
3.55000	10.0
3.56667	10.0
3.58333	10.0
3.60000	10.0
3.61667	10.0
3.63333	10.0
3.65000	10.0
3.66667	10.0
3.68333	10.0
3.70000	10.0
3.71667	10.0
3.73333	10.0
3.75000	10.0
3.76667	10.0
3.78333	10.0
3.80000	10.0
3.81667	10.0
3.83333	10.0
3.85000	10.0
3.86667	10.0
3.88333	10.0
3.90000	10.0
3.91667	10.0
3.93333	10.0
3.95000	10.0
3.96667	10.0
3.98333	10.0
4.00000	10.0
4.01667	10.0
4.03333	10.0
4.05000	10.0
4.06667	10.0
4.08333	10.0
4.10000	10.0
4.11667	10.0
4.13333	10.0
4.15000	10.0
4.16667	10.0
4.18333	10.0
4.20000	10.0
4.21667	10.0
4.23333	10.0
4.25000	10.0
4.26667	10.0
4.28333	10.0
4.30000	10.0
4.31667	10.0
4.33333	10.0
4.35000	10.0
4.36667	10.0
4.38333	10.0
4.40000	10.0
4.41667	10.0
4.43333	10.0
4.45000	10.0
4.46667	10.0
4.48333	10.0
4.50000	10.0
4.51667	10.0
4.53333	10.0
4.55000	10.0
4.56667	10.0
4.58333	10.0
4.60000	10.0
4.61667	10.0
4.63333	10.0
4.65000	10.0
4.66667	10.0
4.68333	10.0
4.70000	10.0
4.71667	10.0
4.73333	10.0
4.75000	10.0
4.76667	10.0
4.78333	10.0
4.80000	10.0
4.81667	10.0
4.83333	10.0
4.85000	10.0
4.86667	10.0
4.88333	10.0
4.90000	10.0
4.91667	10.0
4.93333	10.0
4.95000	10.0
4.96667	10.0
4.98333	10.0
5.00000	10.0
5.01667	10.0
5.03333	10.0
5.05000	10.0
5.06667	10.0
5.08333	10.0
5.10000	10.0
5.11667	10.0
5.13333	10.0
5.15000	10.0
5.16667	10.0
5.18333	10.0
5.20000	10.0
5.21667	10.0
5.23333	10.0
5.25000	10.0
5.26667	10.0
5.28333	10.0
5.30000	10.0
5.31667	10.0
5.33333	10.0
5.35000	10.0
5.36667	10.0
5.38333	10.0
5.40000	10.0
5.41667	10.0
5.43333	10.0
5.45000	10.0
5.46667	10.0
5.48333	10.0
5.50000	10.0
5.51667	10.0
5.53333	10.0
5.55000	10.0
5.56667	10.0
5.58333	10.0
5.60000	10.0
5.61667	10.0
5.63333	10.0
5.65000	10.0
5.66667	10.0
5.68333	10.0
5.70000	10.0
5.71667	10.0
5.73333	10.0
5.75000	10.0
5.76667	10.0
5.78333	10.0
5.80000	10.0
5.81667	10.0
5.83333	10.0
5.85000	10.0
5.86667	10.0
5.88333	10.0
5.90000	10.0
5.91667	10.0
5.93333	10.0
5.95000	10.0
5.96667	10.0
5.98333	10.0
6.00000	10.0
6.01667	10.0
6.03333	10.0
6.05000	10.0
6.06667	10.0
6.08333	10.0
6.10000	10.0
6.11667	10.0
6.13333	10.0
6.15000	10.0
6.16667	10.0
6.18333	10.0
6.20000	10.0
6.21667	10.0
6.23333	10.0
6.25000	10.0
6.26667	10.0
6.28333	10.0
6.30000	10.0
6.31667	10.0
6.33333	10.0
6.35000	10.0
6.36667	10.0
6.38333	10.0
6.40000	10.0
6.41667	10.0
6.43333	10.0
6.45000	10.0
6.46667	10.0
6.48333	10.0
6.50000	10.0
6.51667	10.0
6.53333	10.0
6.55000	10.0
6.56667	10.0
6.58333	10.0
6.60000	10.0
6.61667	10.0
6.63333	10.0
6.65000	10.0
6.66667	10.0
6.68333	10.0
6.70000	10.0
6.71667	10.0
6.73333	10.0
6.75000	10.0
6.76667	10.0
6.78333	10.0
6.80000	10.0
6.81667	10.0
6.83333	10.0
6.85000	10.0
6.86667	10.0
6.88333	10.0
6.90000	10.0
6.91667	10.0
6.93333	10.0
6.95000	10.0
6.96667	10.0
6.98333	10.0
7.00000	10.0
7.01667	10.0
7.03333	10.0
7.05000	10.0
7.06667	10.0
7.08333	10.0
7.10000	10.0
7.11667	10.0
7.13333	10.0
7.15000	10.0
7.16667	10.0
7.18333	10.0
7.20000	10.0
7.21667	10.0
7.23333	10.0
7.25000	10.0
7.26667	10.0
7.28333	10.0
7.30000	10.0
7.31667	10.0
7.33333	10.0
7.35000	10.0
7.36667	10.0
7.38333	10.0
7.40000	10.0
7.41667	10.0
7.43333	10.0
7.45000	10.0
7.46667	10.0
7.48333	10.0
7.50000	10.0
7.51667	10.0
7.53333	10.0
7.55000	10.0
7.56667	10.0
7.58333	10.0
7.60000	10.0
7.61667	10.0
7.63333	10.0
7.65000	10.0
7.66667	10.0
7.68333	10.0
7.70000	10.0
7.71667	10.0
7.73333	10.0
7.75000	10.0
7.76667	10.0
7.78333	10.0
7.80000	10.0
7.81667	10.0
7.83333	10.0
7.85000	10.0
7.86667	10.0
7.88333	10.0
7.90000	10.0
7.91667	10.0
7.93333	10.0
7.95000	10.0
7.96667	10.0
7.98333	10.0
8.00000	10.0
8.01667	10.0
8.03333	10.0
8.05000	10.0
8.06667	10.0
8.08333	10.0
8.10000	10.0
8.11667	10.0
8.13333	10.0
8.15000	10.0
8.16667	10.0
8.18333	10.0
8.20000	10.0
8.21667	10.0
8.23333	10.0
8.25000	10.0
8.26667	10.0
8.28333	10.0
8.30000	10.0
8.31667	10.0
8.33333	10.0
8.35000	10.0
8.36667	10.0
8.38333	10.0
8.40000	10.0
8.41667	10.0
8.43333	10.0
8.45000	10.0
8.46667	10.0
8.48333	10.0
8.50000	10.0
8.51667	10.0
8.53333	10.0
8.55000	10.0
8.56667	10.0
8.58333	10.0
8.60000	10.0
8.61667	10.0
8.63333	10.0
8.65000	10.0
8.66667	10.0
8.68333	10.0
8.70000	10.0
8.71667	10.0
8.73333	10.0
8.75000	10.0
8.76667	10.0
8.78333	10.0
8.80000	10.0
8.81667	10.0
8.83333	10.0
8.85000	10.0
8.86667	10.0
8.88333	10.0
8.90000	10.0
8.91667	10.0
8.93333	10.0
8.95000	10.0
8.96667	10.0
8.98333	10.0
9.00000	10.0
9.01667	10.0
9.03333	10.0
9.05000	10.0
9.06667	10.0
9.08333	10.0
9.10000	10.0
9.11667	10.0
9.13333	10.0
9.15000	10.0
9.16667	10.0
9.18333	10.0
9.20000	10.0
9.21667	10.0
9.23333	10.0
9.25000	10.0
9.26667	10.0
9.28333	10.0
9.30000	10.0
9.31667	10.0
9.33333	10.0
9.35000	10.0
9.36667	10.0
9.38333	10.0
9.40000	10.0
9.41667	10.0
9.43333	10.0
9.45000	10.0
9.46667	10.0
9.48333	10.0
9.50000	10.0
9.51667	10.0
9.53333	10.0
9.55000	10.0
9.56667	10.0
9.58333	10.0
9.60000	10.0
9.61667	10.0
9.63333	10.0
9.65000	10.0
9.66667	10.0
9.68333	10.0
9.70000	10.0
9.71667	10.0
9.73333	10.0
9.75000	10.0
9.76667	10.0
9.78333	10.0
9.80000	10.0
9.81667	10.0
9.83333	10.0
9.85000	10.0
9.86667	10.0
9.88333	10.0
9.90000	10.0
9.91667	10.0
9.93333	10.0
9.95000	10.0
9.96667	10.0
9.98333	10.0
10.00000	10.0
10.01667	10.0
10.03333	10.0
10.05000	10.0
10.06667	10.0
10.08333	10.0
10.10000	10.0
10.11667	10.0
10.13333	10.0
10.15000	10.0
10.16667	10.0
10.18333	10.0
10.20000	10.0
10.21667	10.0
10.23333	10.0
10.25000	10.0
10.26667	10.0
10.28333	10.0
10.30000	10.0
10.31667	10.0
10.33333	10.0
10.35000	10.0
10.36667	10.0
10.38333	10.0
10.40000	10.0
10.41667	10.0
10.43333	10.0
10.45000	10.0
10.46667	10.0
10.48333	10.0
10.50000	10.0
10.51667	10.0
10.53333	10.0
10.55000	10.0
10.56667	10.0
10.58333	10.0
10.60000	10.0
10.61667	10.0
10.63333	10.0
10.65000	10.0
10.66667	10.0
10.68333	10.0
10.70000	10.0
10.71667	10.0
10.73333	10.0
10.75000	10.0
10.76667	10.0
10.78333	10.0
10.80000	10.0
10.81667	10.0
10.83333	10.0
10.85000	10.0
10.86667	10.0
10.88333	10.0
10.90000	10.0
10.91667	10.0
10.93333	10.0
10.95000	10.0
10.96667	10.0
10.98333	10.0
11.00000	10.0
11.01667	10.0
11.03333	10.0
11.05000	10.0
11.06667	10.0
11.08333	10.0
11.10000	10.0
11.11667	10.0
11.13333	10.0
11.15000	10.0
11.16667	10.0
11.18333	10.0
11.20000	10.0
11.21667	10.0
11.23333	10.0
11.25000	10.0
11.26667	10.0
11.28333	10.0
11.30000	10.0
11.31667	10.0
11.33333	10.0
11.35000	10.0
11.36667	10.0
11.38333	10.0
11.40000	10.0
11.41667	10.0
11.43333	10.0
11.45000	10.0
11.46667	10.0
11.48333	10.0
11.50000	10.0
11.51667	10.0
11.53333	10.0
11.55000	10.0
11.56667	10.0
11.58333	10.0
11.60000	10.0
11.61667	10.0
11.63333	10.0
11.65000	10.0
11.66667	10.0
11.68333	10.0
11.70000	10.0
11.71667	10.0
11.73333	10.0
11.75000	10.0
11.76667	10.0
11.78333	10.0
11.80000	10.0
11.81667	10.0
11.83333	10.0
11.85000	10.0
11.86667	10.0
11.88333	10.0
11.90000	10.0
11.91667	10.0
11.93333	10.0
11.95000	10.0
11.96667	10.0
11.98333	10.0
12.00000	10.0
12.01667	10.0
12.03333	10.0
12.05000	10.0
12.06667	10.0
12.08333	10.0
12.10000	10.0
12.11667	10.0
12.13333	10.0
12.15000	10.0
12.16667	10.0
12.18333	10.0
12.20000	10.0
12.21667	10.0
12.23333	10.0
12.25000	10.0
12.26667	10.0
12.28333	10.0
12.30000	10.0
12.31667	10.0
12.33333	10.0
12.35000	10.0
12.36667	10.0
12.38333	10.0
12.40000	10.0
12.41667	10.0
12.43333	10.0
12.45000	10.0
12.46667	10.0
12.48333	10.0
12.50000	10.0
12.51667	10.0
12.53333	10.0
12.55000	10.0
12.56667	10.0
12.58333	10.0
12.60000	10.0
12.61667	10.0
12.63333	10.0
12.65000	10.0
12.66667	10.0
12.68333	10.0
12.70000	10.0
12.71667	10.0
12.73333	10.0
12.75000	10.0
12.76667	10.0
12.78333	10.0
12.80000	10.0
12.81667	10.0
12.83333	10.0
12.85000	10.0
12.86667	10.0
12.88333	10.0
12.90000	10.0
12.91667	10.0
12.93333	10.0
12.95000	10.0
12.96667	10.0
12.98333	10.0
13.00000	10.0
13.01667	10.0
13.03333	10.0
13.05000	10.0
13.06667	10.0
13.08333	10.0
13.10000	10.0
13.11667	10.0
13.13333	10.0
13.15000	10.0
13.16667	10.0
13.18333	10.0
13.20000	10.0
13.21667	10.0
13.23333	10.0
13.25000	10.0
13.26667	10.0
13.28333	10.0
13.30000	10.0
13.31667	10.0
13.33333	10.0
13.35000	10.0
13.36667	10.0
13.38333	10.0
13.40000	10.0
13.41667	10.0
13.43333	10.0
13.45000	10.0
13.46667	10.0
13.48333	10.0
13.50000	10.0
13.51667	10.0
13.53333	10.0
13.55000	10.0
13.56667	10.0
13.58333	10.0
13.60000	10.0
13.61667	10.0
13.63333	10.0
13.65000	10.0
13.66667	10.0
13.68333	10.0
13.70000	10.0
13.71667	10.0
13.73333	10.0
13.75000	10.0
13.76667	10.0
13.78333	10.0
13.80000	10.0
13.81667	10.0
13.83333	10.0
13.85000	10.0
13.86667	10.0
13.88333	10.0
13.90000	10.0
13.91667	10.0
13.93333	10.0
13.95000	10.0
13.96667	10.0
13.98333	10.0
14.00000	10.0
14.01667	10.0
14.03333	10.0
14.05000	10.0
14.06667	10.0
14.08333	10.0
14.10000	10.0
14.11667	10.0
14.13333	10.0
14.15000	10.0
14.16667	10.0
14.18333	10.0
14.20000	10.0
14.21667	10.0
14.23333	10.0
14.25000	10.0
14.26667	10.0
14.28333	10.0
14.30000	10.0
14.31667	10.0
14.33333	10.0
14.35000	10.0
14.36667	10.0
14.38333	10.0
14.40000	10.0
14.41667	10.0
14.43333	10.0
14.45000	10.0
14.46667	10.0
14.48333	10.0
14.50000	10.0
14.51667	10.0
14.53333	10.0
14.55000	10.0
14.56667	10.0
14.58333	10.0
14.60000	10.0
14.61667	10.0
14.63333	10.0
14.65000	10.0
14.66667	10.0
14.68333	10.0
14.70000	10.0
14.71667	10.0
14.73333	10.0
14.75000	10.0
14.76667	10.0
14.78333	10.0
14.80000	10.0
14.81667	10.0
14.83333	10.0
14.85000	10.0
14.86667	10.0
14.88333	10.0
14.90000	10.0
14.91667	10.0
14.93333	10.0
14.95000	10.0
14.96667	10.0
14.98333	10.0
15.00000	10.0

[LC Status Trace(Oven Temp.)]
Interval(msec)	1000
# of Points	901
Start Time(min)	0.000
End Time(min)	15.000
Intensity Units	C
Intensity Multiplier	1
R.Time (min)	Intensity
0.00000	59.99
0.01667	59.99
0.03333	59.99
0.05000	59.99
0.06667	59.99
0.08333	59.99
0.10000	59.99
0.11667	59.99
0.13333	59.99
0.15000	59.99
0.16667	59.99
0.18333	59.99
0.20000	59.99
0.21667	59.99
0.23333	59.99
0.25000	59.99
0.26667	59.99
0.28333	59.99
0.30000	59.99
0.31667	59.99
0.33333	59.99
0.35000	59.99
0.36667	59.99
0.38333	59.99
0.40000	59.99
0.41667	59.99
0.43333	59.99
0.45000	59.99
0.46667	59.99
0.48333	59.99
0.50000	59.99
0.51667	59.99
0.53333	59.99
0.55000	59.99
0.56667	59.99
0.58333	59.99
0.60000	59.99
0.61667	59.99
0.63333	59.99
0.65000	59.99
0.66667	59.99
0.68333	59.99
0.70000	59.99
0.71667	59.99
0.73333	59.99
0.75000	59.99
0.76667	59.99
0.78333	59.99
0.80000	59.99
0.81667	59.99
0.83333	59.99
0.85000	59.99
0.86667	59.99
0.88333	59.99
0.90000	59.99
0.91667	59.99
0.93333	59.99
0.95000	59.99
0.96667	59.99
0.98333	59.99
1.00000	59.99
1.01667	59.99
1.03333	59.99
1.05000	59.99
1.06667	59.99
1.08333	59.99
1.10000	59.99
1.11667	59.99
1.13333	59.99
1.15000	59.99
1.16667	59.99
1.18333	59.99
1.20000	59.99
1.21667	59.99
1.23333	59.99
1.25000	59.99
1.26667	59.99
1.28333	60.00
1.30000	60.00
1.31667	60.00
1.33333	60.00
1.35000	60.00
1.36667	60.00
1.38333	60.00
1.40000	60.00
1.41667	60.00
1.43333	60.00
1.45000	60.00
1.46667	60.00
1.48333	60.00
1.50000	60.00
1.51667	60.00
1.53333	60.00
1.55000	60.00
1.56667	60.00
1.58333	60.00
1.60000	60.00
1.61667	60.00
1.63333	60.00
1.65000	60.00
1.66667	60.00
1.68333	60.00
1.70000	60.00
1.71667	60.00
1.73333	60.00
1.75000	60.00
1.76667	60.00
1.78333	59.99
1.80000	59.99
1.81667	59.99
1.83333	59.99
1.85000	59.99
1.86667	59.99
1.88333	59.99
1.90000	59.99
1.91667	59.99
1.93333	59.99
1.95000	59.99
1.96667	59.99
1.98333	59.99
2.00000	59.99
2.01667	59.99
2.03333	59.99
2.05000	59.99
2.06667	59.99
2.08333	59.99
2.10000	59.99
2.11667	59.99
2.13333	59.99
2.15000	59.99
2.16667	59.99
2.18333	59.99
2.20000	60.00
2.21667	60.00
2.23333	60.00
2.25000	60.00
2.26667	60.00
2.28333	60.00
2.30000	60.00
2.31667	60.00
2.33333	60.00
2.35000	60.00
2.36667	60.00
2.38333	60.00
2.40000	60.00
2.41667	60.00
2.43333	60.00
2.45000	60.00
2.46667	60.00
2.48333	60.00
2.50000	60.00
2.51667	60.01
2.53333	60.01
2.55000	60.00
2.56667	60.00
2.58333	60.00
2.60000	60.00
2.61667	60.00
2.63333	60.00
2.65000	60.00
2.66667	60.00
2.68333	60.00
2.70000	60.00
2.71667	60.00
2.73333	60.00
2.75000	60.00
2.76667	60.00
2.78333	60.00
2.80000	60.00
2.81667	60.00
2.83333	60.00
2.85000	60.00
2.86667	60.00
2.88333	60.00
2.90000	60.00
2.91667	59.99
2.93333	59.99
2.95000	59.99
2.96667	59.99
2.98333	59.99
3.00000	59.99
3.01667	59.99
3.03333	59.99
3.05000	59.99
3.06667	59.99
3.08333	59.99
3.10000	59.99
3.11667	59.99
3.13333	59.99
3.15000	59.99
3.16667	59.99
3.18333	59.99
3.20000	59.99
3.21667	59.99
3.23333	59.99
3.25000	59.99
3.26667	59.99
3.28333	59.99
3.30000	59.99
3.31667	59.99
3.33333	59.99
3.35000	59.99
3.36667	60.00
3.38333	60.00
3.40000	60.00
3.41667	60.00
3.43333	60.00
3.45000	60.00
3.46667	60.00
3.48333	60.00
3.50000	60.00
3.51667	60.00
3.53333	60.00
3.55000	60.00
3.56667	60.00
3.58333	60.00
3.60000	60.00
3.61667	60.00
3.63333	60.00
3.65000	60.00
3.66667	60.00
3.68333	60.00
3.70000	60.00
3.71667	60.00
3.73333	60.00
3.75000	60.00
3.76667	60.00
3.78333	60.00
3.80000	60.00
3.81667	60.00
3.83333	59.99
3.85000	59.99
3.86667	59.99
3.88333	59.99
3.90000	59.99
3.91667	59.99
3.93333	59.99
3.95000	59.99
3.96667	59.99
3.98333	59.99
4.00000	59.99
4.01667	59.99
4.03333	59.99
4.05000	59.99
4.06667	59.99
4.08333	59.99
4.10000	59.99
4.11667	59.99
4.13333	59.99
4.15000	59.99
4.16667	59.99
4.18333	59.99
4.20000	59.99
4.21667	59.99
4.23333	59.99
4.25000	59.99
4.26667	59.99
4.28333	59.99
4.30000	59.99
4.31667	59.99
4.33333	59.99
4.35000	59.99
4.36667	59.99
4.38333	59.99
4.40000	59.99
4.41667	59.99
4.43333	59.99
4.45000	59.99
4.46667	59.99
4.48333	59.99
4.50000	59.99
4.51667	59.99
4.53333	59.99
4.55000	59.99
4.56667	59.99
4.58333	59.99
4.60000	59.99
4.61667	59.99
4.63333	59.99
4.65000	60.00
4.66667	60.00
4.68333	60.00
4.70000	60.00
4.71667	60.00
4.73333	60.00
4.75000	60.00
4.76667	60.00
4.78333	60.00
4.80000	60.00
4.81667	60.00
4.83333	60.00
4.85000	60.00
4.86667	60.00
4.88333	60.00
4.90000	60.00
4.91667	60.00
4.93333	60.00
4.95000	60.00
4.96667	60.00
4.98333	60.00
5.00000	60.00
5.01667	60.00
5.03333	60.00
5.05000	60.00
5.06667	60.00
5.08333	60.00
5.10000	60.00
5.11667	60.00
5.13333	60.00
5.15000	60.00
5.16667	60.00
5.18333	60.00
5.20000	60.00
5.21667	60.00
5.23333	60.00
5.25000	60.00
5.26667	60.00
5.28333	60.00
5.30000	60.00
5.31667	60.00
5.33333	60.00
5.35000	60.00
5.36667	60.00
5.38333	60.00
5.40000	60.00
5.41667	60.00
5.43333	60.00
5.45000	60.00
5.46667	60.00
5.48333	60.00
5.50000	60.00
5.51667	60.00
5.53333	60.00
5.55000	60.00
5.56667	60.00
5.58333	60.00
5.60000	60.00
5.61667	60.00
5.63333	60.00
5.65000	60.00
5.66667	60.00
5.68333	60.00
5.70000	60.00
5.71667	60.00
5.73333	60.00
5.75000	60.00
5.76667	60.00
5.78333	60.00
5.80000	60.00
5.81667	60.00
5.83333	60.00
5.85000	60.00
5.86667	60.00
5.88333	60.00
5.90000	60.00
5.91667	60.00
5.93333	60.00
5.95000	59.99
5.96667	59.99
5.98333	59.99
6.00000	59.99
6.01667	59.99
6.03333	59.99
6.05000	59.99
6.06667	59.99
6.08333	59.99
6.10000	59.99
6.11667	59.99
6.13333	59.99
6.15000	59.99
6.16667	59.99
6.18333	59.99
6.20000	59.99
6.21667	59.99
6.23333	60.00
6.25000	60.00
6.26667	60.00
6.28333	60.00
6.30000	60.00
6.31667	60.00
6.33333	60.00
6.35000	60.00
6.36667	60.00
6.38333	60.00
6.40000	60.00
6.41667	60.00
6.43333	60.00
6.45000	60.00
6.46667	60.00
6.48333	60.00
6.50000	60.00
6.51667	60.00
6.53333	60.00
6.55000	60.00
6.56667	60.00
6.58333	60.00
6.60000	60.00
6.61667	60.00
6.63333	60.00
6.65000	60.00
6.66667	60.00
6.68333	60.00
6.70000	60.00
6.71667	60.00
6.73333	60.00
6.75000	60.00
6.76667	60.00
6.78333	60.00
6.80000	60.00
6.81667	60.00
6.83333	60.00
6.85000	60.00
6.86667	60.00
6.88333	60.00
6.90000	60.00
6.91667	60.00
6.93333	60.00
6.95000	60.00
6.96667	60.00
6.98333	60.00
7.00000	60.00
7.01667	60.00
7.03333	60.00
7.05000	60.00
7.06667	60.00
7.08333	60.00
7.10000	60.00
7.11667	60.00
7.13333	60.00
7.15000	60.00
7.16667	60.00
7.18333	60.00
7.20000	60.00
7.21667	60.00
7.23333	60.00
7.25000	60.00
7.26667	60.00
7.28333	60.00
7.30000	60.00
7.31667	60.00
7.33333	60.00
7.35000	60.00
7.36667	60.00
7.38333	60.00
7.40000	60.00
7.41667	59.99
7.43333	59.99
7.45000	59.99
7.46667	59.99
7.48333	59.99
7.50000	59.99
7.51667	59.99
7.53333	59.99
7.55000	59.99
7.56667	59.99
7.58333	59.99
7.60000	59.99
7.61667	59.99
7.63333	59.99
7.65000	59.99
7.66667	59.99
7.68333	59.99
7.70000	59.99
7.71667	59.99
7.73333	60.00
7.75000	60.00
7.76667	60.00
7.78333	60.00
7.80000	60.00
7.81667	60.00
7.83333	60.00
7.85000	60.00
7.86667	60.00
7.88333	60.00
7.90000	60.00
7.91667	60.00
7.93333	60.00
7.95000	60.00
7.96667	60.00
7.98333	60.00
8.00000	60.00
8.01667	60.00
8.03333	60.00
8.05000	60.00
8.06667	60.00
8.08333	59.99
8.10000	59.99
8.11667	59.99
8.13333	59.99
8.15000	59.99
8.16667	59.99
8.18333	59.99
8.20000	59.99
8.21667	59.99
8.23333	59.99
8.25000	59.99
8.26667	59.99
8.28333	59.99
8.30000	59.99
8.31667	59.99
8.33333	59.99
8.35000	59.99
8.36667	59.99
8.38333	59.99
8.40000	59.99
8.41667	59.99
8.43333	59.99
8.45000	59.99
8.46667	59.99
8.48333	59.99
8.50000	59.99
8.51667	59.99
8.53333	59.99
8.55000	59.99
8.56667	59.99
8.58333	59.99
8.60000	59.99
8.61667	59.99
8.63333	59.99
8.65000	59.99
8.66667	59.99
8.68333	59.99
8.70000	59.99
8.71667	59.99
8.73333	59.99
8.75000	59.99
8.76667	59.99
8.78333	59.99
8.80000	59.99
8.81667	59.99
8.83333	59.99
8.85000	60.00
8.86667	60.00
8.88333	60.00
8.90000	60.00
8.91667	60.00
8.93333	60.00
8.95000	60.00
8.96667	60.00
8.98333	60.00
9.00000	60.00
9.01667	60.00
9.03333	60.00
9.05000	60.00
9.06667	60.00
9.08333	60.00
9.10000	60.00
9.11667	60.00
9.13333	60.00
9.15000	60.00
9.16667	60.00
9.18333	60.00
9.20000	60.00
9.21667	60.00
9.23333	60.00
9.25000	60.00
9.26667	60.00
9.28333	60.00
9.30000	60.00
9.31667	60.00
9.33333	60.00
9.35000	60.00
9.36667	60.00
9.38333	60.00
9.40000	59.99
9.41667	59.99
9.43333	59.99
9.45000	59.99
9.46667	59.99
9.48333	59.99
9.50000	59.99
9.51667	59.99
9.53333	59.99
9.55000	59.99
9.56667	59.99
9.58333	59.99
9.60000	59.99
9.61667	59.99
9.63333	59.99
9.65000	59.99
9.66667	59.99
9.68333	59.98
9.70000	59.98
9.71667	59.98
9.73333	59.98
9.75000	59.98
9.76667	59.99
9.78333	59.99
9.80000	59.99
9.81667	59.99
9.83333	59.99
9.85000	59.99
9.86667	59.99
9.88333	59.99
9.90000	59.99
9.91667	59.99
9.93333	59.99
9.95000	59.99
9.96667	59.99
9.98333	60.00
10.00000	60.00
10.01667	60.00
10.03333	60.00
10.05000	60.00
10.06667	60.00
10.08333	60.00
10.10000	60.00
10.11667	60.00
10.13333	60.00
10.15000	60.00
10.16667	60.01
10.18333	60.01
10.20000	60.01
10.21667	60.01
10.23333	60.01
10.25000	60.01
10.26667	60.01
10.28333	60.01
10.30000	60.01
10.31667	60.01
10.33333	60.01
10.35000	60.01
10.36667	60.01
10.38333	60.01
10.40000	60.01
10.41667	60.01
10.43333	60.01
10.45000	60.01
10.46667	60.01
10.48333	60.01
10.50000	60.01
10.51667	60.01
10.53333	60.01
10.55000	60.00
10.56667	60.00
10.58333	60.00
10.60000	60.00
10.61667	60.00
10.63333	60.00
10.65000	60.00
10.66667	60.00
10.68333	60.00
10.70000	60.00
10.71667	60.00
10.73333	60.00
10.75000	60.00
10.76667	60.00
10.78333	59.99
10.80000	59.99
10.81667	59.99
10.83333	59.99
10.85000	59.99
10.86667	59.99
10.88333	59.99
10.90000	59.99
10.91667	59.99
10.93333	59.99
10.95000	59.99
10.96667	59.99
10.98333	59.99
11.00000	59.99
11.01667	59.99
11.03333	59.99
11.05000	59.99
11.06667	59.99
11.08333	59.99
11.10000	59.99
11.11667	60.00
11.13333	60.00
11.15000	60.00
11.16667	60.00
11.18333	60.00
11.20000	60.00
11.21667	60.00
11.23333	60.00
11.25000	60.00
11.26667	60.00
11.28333	60.00
11.30000	60.00
11.31667	60.00
11.33333	60.00
11.35000	60.00
11.36667	60.00
11.38333	60.00
11.40000	60.00
11.41667	60.00
11.43333	60.00
11.45000	60.00
11.46667	60.00
11.48333	60.00
11.50000	60.00
11.51667	60.00
11.53333	60.00
11.55000	60.00
11.56667	60.00
11.58333	60.00
11.60000	60.00
11.61667	60.00
11.63333	60.00
11.65000	60.00
11.66667	60.00
11.68333	60.00
11.70000	60.00
11.71667	60.00
11.73333	60.00
11.75000	60.00
11.76667	60.00
11.78333	60.00
11.80000	60.00
11.81667	60.00
11.83333	60.00
11.85000	60.00
11.86667	60.00
11.88333	60.00
11.90000	60.00
11.91667	60.00
11.93333	60.00
11.95000	60.00
11.96667	60.00
11.98333	60.00
12.00000	60.00
12.01667	60.00
12.03333	60.00
12.05000	60.00
12.06667	59.99
12.08333	59.99
12.10000	59.99
12.11667	59.99
12.13333	59.99
12.15000	59.99
12.16667	59.99
12.18333	59.99
12.20000	59.99
12.21667	59.99
12.23333	59.99
12.25000	59.99
12.26667	59.99
12.28333	59.99
12.30000	59.99
12.31667	59.99
12.33333	59.99
12.35000	59.99
12.36667	59.99
12.38333	59.99
12.40000	59.99
12.41667	59.99
12.43333	59.99
12.45000	59.99
12.46667	59.99
12.48333	59.99
12.50000	59.99
12.51667	59.99
12.53333	59.99
12.55000	59.99
12.56667	59.99
12.58333	59.99
12.60000	59.99
12.61667	59.99
12.63333	59.99
12.65000	59.99
12.66667	59.99
12.68333	59.99
12.70000	59.99
12.71667	59.99
12.73333	59.99
12.75000	59.99
12.76667	59.99
12.78333	59.99
12.80000	59.99
12.81667	59.99
12.83333	59.99
12.85000	59.99
12.86667	59.99
12.88333	60.00
12.90000	60.00
12.91667	60.00
12.93333	60.00
12.95000	60.00
12.96667	60.00
12.98333	60.00
13.00000	60.00
13.01667	60.00
13.03333	60.00
13.05000	60.00
13.06667	60.00
13.08333	60.00
13.10000	60.00
13.11667	60.00
13.13333	60.00
13.15000	60.00
13.16667	60.00
13.18333	60.00
13.20000	60.00
13.21667	60.00
13.23333	60.00
13.25000	60.00
13.26667	60.00
13.28333	60.00
13.30000	60.00
13.31667	60.00
13.33333	60.00
13.35000	60.00
13.36667	60.00
13.38333	60.00
13.40000	60.00
13.41667	60.00
13.43333	60.00
13.45000	60.00
13.46667	60.00
13.48333	60.00
13.50000	60.00
13.51667	60.00
13.53333	60.00
13.55000	60.00
13.56667	60.00
13.58333	60.00
13.60000	60.00
13.61667	60.00
13.63333	60.00
13.65000	60.00
13.66667	60.00
13.68333	60.00
13.70000	60.00
13.71667	60.00
13.73333	60.00
13.75000	60.00
13.76667	60.00
13.78333	60.00
13.80000	60.00
13.81667	60.00
13.83333	59.99
13.85000	59.99
13.86667	59.99
13.88333	59.99
13.90000	59.99
13.91667	59.99
13.93333	59.99
13.95000	59.99
13.96667	59.99
13.98333	59.99
14.00000	59.99
14.01667	59.99
14.03333	59.99
14.05000	59.99
14.06667	59.99
14.08333	59.99
14.10000	59.99
14.11667	59.99
14.13333	59.99
14.15000	59.99
14.16667	59.99
14.18333	59.99
14.20000	59.99
14.21667	59.98
14.23333	59.98
14.25000	59.98
14.26667	59.98
14.28333	59.98
14.30000	59.98
14.31667	59.98
14.33333	59.98
14.35000	59.98
14.36667	59.98
14.38333	59.98
14.40000	59.98
14.41667	59.98
14.43333	59.98
14.45000	59.98
14.46667	59.98
14.48333	59.98
14.50000	59.98
14.51667	59.98
14.53333	59.98
14.55000	59.98
14.56667	59.98
14.58333	59.98
14.60000	59.98
14.61667	59.99
14.63333	59.99
14.65000	59.99
14.66667	59.99
14.68333	59.99
14.70000	59.99
14.71667	59.99
14.73333	59.99
14.75000	59.99
14.76667	59.99
14.78333	59.99
14.80000	59.99
14.81667	59.99
14.83333	59.99
14.85000	59.99
14.86667	59.99
14.88333	59.99
14.90000	59.99
14.91667	59.99
14.93333	59.99
14.95000	59.99
14.96667	59.99
14.98333	59.99
15.00000	59.99

[LC Status Trace(Room Temp.)]
Interval(msec)	1000
# of Points	901
Start Time(min)	0.000
End Time(min)	15.000
Intensity Units	C
Intensity Multiplier	1
R.Time (min)	Intensity
0.00000	26.70
0.01667	26.70
0.03333	26.70
0.05000	26.69
0.06667	26.69
0.08333	26.68
0.10000	26.68
0.11667	26.68
0.13333	26.68
0.15000	26.68
0.16667	26.68
0.18333	26.68
0.20000	26.68
0.21667	26.68
0.23333	26.68
0.25000	26.68
0.26667	26.68
0.28333	26.68
0.30000	26.68
0.31667	26.68
0.33333	26.68
0.35000	26.68
0.36667	26.67
0.38333	26.67
0.40000	26.67
0.41667	26.67
0.43333	26.67
0.45000	26.68
0.46667	26.67
0.48333	26.67
0.50000	26.67
0.51667	26.67
0.53333	26.67
0.55000	26.67
0.56667	26.67
0.58333	26.67
0.60000	26.67
0.61667	26.67
0.63333	26.67
0.65000	26.67
0.66667	26.67
0.68333	26.67
0.70000	26.67
0.71667	26.67
0.73333	26.66
0.75000	26.66
0.76667	26.66
0.78333	26.66
0.80000	26.66
0.81667	26.66
0.83333	26.66
0.85000	26.66
0.86667	26.66
0.88333	26.66
0.90000	26.66
0.91667	26.66
0.93333	26.66
0.95000	26.66
0.96667	26.66
0.98333	26.66
1.00000	26.66
1.01667	26.66
1.03333	26.66
1.05000	26.66
1.06667	26.66
1.08333	26.66
1.10000	26.66
1.11667	26.66
1.13333	26.65
1.15000	26.65
1.16667	26.65
1.18333	26.65
1.20000	26.65
1.21667	26.65
1.23333	26.65
1.25000	26.65
1.26667	26.65
1.28333	26.65
1.30000	26.65
1.31667	26.65
1.33333	26.65
1.35000	26.65
1.36667	26.65
1.38333	26.65
1.40000	26.65
1.41667	26.65
1.43333	26.65
1.45000	26.65
1.46667	26.65
1.48333	26.65
1.50000	26.65
1.51667	26.65
1.53333	26.65
1.55000	26.65
1.56667	26.65
1.58333	26.65
1.60000	26.65
1.61667	26.65
1.63333	26.65
1.65000	26.65
1.66667	26.65
1.68333	26.65
1.70000	26.65
1.71667	26.65
1.73333	26.65
1.75000	26.65
1.76667	26.65
1.78333	26.65
1.80000	26.65
1.81667	26.66
1.83333	26.66
1.85000	26.66
1.86667	26.66
1.88333	26.66
1.90000	26.66
1.91667	26.66
1.93333	26.66
1.95000	26.67
1.96667	26.67
1.98333	26.67
2.00000	26.67
2.01667	26.67
2.03333	26.67
2.05000	26.68
2.06667	26.68
2.08333	26.68
2.10000	26.68
2.11667	26.68
2.13333	26.68
2.15000	26.68
2.16667	26.69
2.18333	26.69
2.20000	26.69
2.21667	26.69
2.23333	26.69
2.25000	26.69
2.26667	26.69
2.28333	26.69
2.30000	26.69
2.31667	26.69
2.33333	26.69
2.35000	26.69
2.36667	26.70
2.38333	26.70
2.40000	26.70
2.41667	26.70
2.43333	26.70
2.45000	26.70
2.46667	26.70
2.48333	26.70
2.50000	26.70
2.51667	26.70
2.53333	26.70
2.55000	26.70
2.56667	26.70
2.58333	26.70
2.60000	26.69
2.61667	26.69
2.63333	26.69
2.65000	26.69
2.66667	26.69
2.68333	26.69
2.70000	26.68
2.71667	26.68
2.73333	26.68
2.75000	26.68
2.76667	26.68
2.78333	26.67
2.80000	26.67
2.81667	26.67
2.83333	26.67
2.85000	26.67
2.86667	26.67
2.88333	26.67
2.90000	26.67
2.91667	26.67
2.93333	26.66
2.95000	26.66
2.96667	26.66
2.98333	26.66
3.00000	26.66
3.01667	26.66
3.03333	26.66
3.05000	26.66
3.06667	26.66
3.08333	26.66
3.10000	26.66
3.11667	26.66
3.13333	26.66
3.15000	26.66
3.16667	26.66
3.18333	26.66
3.20000	26.66
3.21667	26.66
3.23333	26.66
3.25000	26.66
3.26667	26.66
3.28333	26.66
3.30000	26.66
3.31667	26.66
3.33333	26.66
3.35000	26.66
3.36667	26.66
3.38333	26.66
3.40000	26.66
3.41667	26.67
3.43333	26.67
3.45000	26.67
3.46667	26.67
3.48333	26.67
3.50000	26.67
3.51667	26.67
3.53333	26.67
3.55000	26.67
3.56667	26.67
3.58333	26.67
3.60000	26.67
3.61667	26.67
3.63333	26.66
3.65000	26.66
3.66667	26.66
3.68333	26.66
3.70000	26.66
3.71667	26.66
3.73333	26.66
3.75000	26.66
3.76667	26.66
3.78333	26.66
3.80000	26.66
3.81667	26.67
3.83333	26.67
3.85000	26.67
3.86667	26.68
3.88333	26.68
3.90000	26.68
3.91667	26.68
3.93333	26.69
3.95000	26.69
3.96667	26.69
3.98333	26.69
4.00000	26.70
4.01667	26.70
4.03333	26.70
4.05000	26.70
4.06667	26.70
4.08333	26.70
4.10000	26.70
4.11667	26.70
4.13333	26.70
4.15000	26.70
4.16667	26.69
4.18333	26.69
4.20000	26.69
4.21667	26.69
4.23333	26.68
4.25000	26.68
4.26667	26.68
4.28333	26.68
4.30000	26.68
4.31667	26.68
4.33333	26.68
4.35000	26.68
4.36667	26.68
4.38333	26.68
4.40000	26.68
4.41667	26.67
4.43333	26.67
4.45000	26.67
4.46667	26.67
4.48333	26.67
4.50000	26.67
4.51667	26.67
4.53333	26.68
4.55000	26.68
4.56667	26.68
4.58333	26.68
4.60000	26.68
4.61667	26.68
4.63333	26.69
4.65000	26.69
4.66667	26.69
4.68333	26.69
4.70000	26.69
4.71667	26.69
4.73333	26.70
4.75000	26.70
4.76667	26.70
4.78333	26.70
4.80000	26.70
4.81667	26.71
4.83333	26.71
4.85000	26.71
4.86667	26.72
4.88333	26.72
4.90000	26.72
4.91667	26.72
4.93333	26.72
4.95000	26.72
4.96667	26.72
4.98333	26.73
5.00000	26.73
5.01667	26.73
5.03333	26.73
5.05000	26.74
5.06667	26.74
5.08333	26.74
5.10000	26.74
5.11667	26.74
5.13333	26.74
5.15000	26.74
5.16667	26.75
5.18333	26.75
5.20000	26.75
5.21667	26.75
5.23333	26.75
5.25000	26.75
5.26667	26.75
5.28333	26.75
5.30000	26.75
5.31667	26.76
5.33333	26.76
5.35000	26.76
5.36667	26.76
5.38333	26.76
5.40000	26.77
5.41667	26.77
5.43333	26.77
5.45000	26.78
5.46667	26.78
5.48333	26.78
5.50000	26.78
5.51667	26.78
5.53333	26.79
5.55000	26.79
5.56667	26.79
5.58333	26.79
5.60000	26.79
5.61667	26.80
5.63333	26.80
5.65000	26.80
5.66667	26.80
5.68333	26.80
5.70000	26.80
5.71667	26.81
5.73333	26.81
5.75000	26.81
5.76667	26.81
5.78333	26.81
5.80000	26.81
5.81667	26.81
5.83333	26.81
5.85000	26.81
5.86667	26.81
5.88333	26.81
5.90000	26.81
5.91667	26.81
5.93333	26.81
5.95000	26.81
5.96667	26.81
5.98333	26.81
6.00000	26.81
6.01667	26.81
6.03333	26.81
6.05000	26.81
6.06667	26.81
6.08333	26.81
6.10000	26.81
6.11667	26.81
6.13333	26.81
6.15000	26.81
6.16667	26.81
6.18333	26.81
6.20000	26.82
6.21667	26.82
6.23333	26.82
6.25000	26.82
6.26667	26.82
6.28333	26.82
6.30000	26.82
6.31667	26.82
6.33333	26.82
6.35000	26.82
6.36667	26.81
6.38333	26.81
6.40000	26.81
6.41667	26.81
6.43333	26.81
6.45000	26.81
6.46667	26.81
6.48333	26.81
6.50000	26.81
6.51667	26.81
6.53333	26.81
6.55000	26.81
6.56667	26.81
6.58333	26.81
6.60000	26.81
6.61667	26.81
6.63333	26.81
6.65000	26.81
6.66667	26.81
6.68333	26.81
6.70000	26.81
6.71667	26.81
6.73333	26.81
6.75000	26.81
6.76667	26.81
6.78333	26.81
6.80000	26.81
6.81667	26.81
6.83333	26.81
6.85000	26.81
6.86667	26.81
6.88333	26.81
6.90000	26.81
6.91667	26.81
6.93333	26.81
6.95000	26.81
6.96667	26.81
6.98333	26.81
7.00000	26.81
7.01667	26.81
7.03333	26.82
7.05000	26.82
7.06667	26.82
7.08333	26.82
7.10000	26.82
7.11667	26.82
7.13333	26.82
7.15000	26.82
7.16667	26.81
7.18333	26.81
7.20000	26.81
7.21667	26.80
7.23333	26.80
7.25000	26.80
7.26667	26.79
7.28333	26.79
7.30000	26.79
7.31667	26.79
7.33333	26.79
7.35000	26.79
7.36667	26.79
7.38333	26.79
7.40000	26.79
7.41667	26.79
7.43333	26.79
7.45000	26.79
7.46667	26.79
7.48333	26.79
7.50000	26.79
7.51667	26.79
7.53333	26.80
7.55000	26.80
7.56667	26.80
7.58333	26.80
7.60000	26.80
7.61667	26.80
7.63333	26.81
7.65000	26.81
7.66667	26.81
7.68333	26.81
7.70000	26.81
7.71667	26.81
7.73333	26.81
7.75000	26.81
7.76667	26.81
7.78333	26.81
7.80000	26.81
7.81667	26.81
7.83333	26.80
7.85000	26.80
7.86667	26.80
7.88333	26.80
7.90000	26.80
7.91667	26.80
7.93333	26.80
7.95000	26.80
7.96667	26.79
7.98333	26.79
8.00000	26.79
8.01667	26.79
8.03333	26.79
8.05000	26.79
8.06667	26.79
8.08333	26.79
8.10000	26.79
8.11667	26.79
8.13333	26.79
8.15000	26.79
8.16667	26.79
8.18333	26.79
8.20000	26.79
8.21667	26.79
8.23333	26.79
8.25000	26.79
8.26667	26.79
8.28333	26.79
8.30000	26.79
8.31667	26.79
8.33333	26.79
8.35000	26.80
8.36667	26.80
8.38333	26.80
8.40000	26.80
8.41667	26.80
8.43333	26.80
8.45000	26.80
8.46667	26.80
8.48333	26.80
8.50000	26.79
8.51667	26.79
8.53333	26.79
8.55000	26.79
8.56667	26.79
8.58333	26.78
8.60000	26.78
8.61667	26.78
8.63333	26.78
8.65000	26.78
8.66667	26.77
8.68333	26.77
8.70000	26.77
8.71667	26.77
8.73333	26.77
8.75000	26.77
8.76667	26.77
8.78333	26.77
8.80000	26.77
8.81667	26.77
8.83333	26.77
8.85000	26.77
8.86667	26.77
8.88333	26.77
8.90000	26.77
8.91667	26.77
8.93333	26.77
8.95000	26.77
8.96667	26.78
8.98333	26.78
9.00000	26.78
9.01667	26.78
9.03333	26.78
9.05000	26.78
9.06667	26.78
9.08333	26.79
9.10000	26.79
9.11667	26.79
9.13333	26.79
9.15000	26.79
9.16667	26.79
9.18333	26.79
9.20000	26.79
9.21667	26.79
9.23333	26.79
9.25000	26.79
9.26667	26.79
9.28333	26.79
9.30000	26.79
9.31667	26.78
9.33333	26.78
9.35000	26.78
9.36667	26.78
9.38333	26.78
9.40000	26.77
9.41667	26.77
9.43333	26.77
9.45000	26.77
9.46667	26.77
9.48333	26.77
9.50000	26.77
9.51667	26.77
9.53333	26.77
9.55000	26.77
9.56667	26.77
9.58333	26.77
9.60000	26.77
9.61667	26.77
9.63333	26.77
9.65000	26.77
9.66667	26.77
9.68333	26.77
9.70000	26.77
9.71667	26.77
9.73333	26.77
9.75000	26.77
9.76667	26.77
9.78333	26.77
9.80000	26.77
9.81667	26.77
9.83333	26.77
9.85000	26.77
9.86667	26.77
9.88333	26.77
9.90000	26.77
9.91667	26.77
9.93333	26.77
9.95000	26.77
9.96667	26.77
9.98333	26.78
10.00000	26.78
10.01667	26.78
10.03333	26.78
10.05000	26.78
10.06667	26.78
10.08333	26.78
10.10000	26.78
10.11667	26.78
10.13333	26.78
10.15000	26.78
10.16667	26.78
10.18333	26.78
10.20000	26.78
10.21667	26.78
10.23333	26.78
10.25000	26.78
10.26667	26.78
10.28333	26.78
10.30000	26.78
10.31667	26.79
10.33333	26.79
10.35000	26.79
10.36667	26.79
10.38333	26.79
10.40000	26.79
10.41667	26.79
10.43333	26.79
10.45000	26.80
10.46667	26.80
10.48333	26.80
10.50000	26.80
10.51667	26.80
10.53333	26.80
10.55000	26.80
10.56667	26.80
10.58333	26.80
10.60000	26.80
10.61667	26.79
10.63333	26.79
10.65000	26.79
10.66667	26.79
10.68333	26.79
10.70000	26.79
10.71667	26.79
10.73333	26.79
10.75000	26.79
10.76667	26.79
10.78333	26.80
10.80000	26.80
10.81667	26.80
10.83333	26.80
10.85000	26.80
10.86667	26.80
10.88333	26.80
10.90000	26.80
10.91667	26.80
10.93333	26.80
10.95000	26.80
10.96667	26.80
10.98333	26.80
11.00000	26.80
11.01667	26.80
11.03333	26.79
11.05000	26.79
11.06667	26.79
11.08333	26.79
11.10000	26.79
11.11667	26.79
11.13333	26.78
11.15000	26.78
11.16667	26.78
11.18333	26.78
11.20000	26.78
11.21667	26.78
11.23333	26.78
11.25000	26.78
11.26667	26.78
11.28333	26.78
11.30000	26.78
11.31667	26.79
11.33333	26.79
11.35000	26.79
11.36667	26.79
11.38333	26.79
11.40000	26.80
11.41667	26.80
11.43333	26.80
11.45000	26.81
11.46667	26.81
11.48333	26.81
11.50000	26.81
11.51667	26.81
11.53333	26.80
11.55000	26.80
11.56667	26.80
11.58333	26.80
11.60000	26.80
11.61667	26.79
11.63333	26.79
11.65000	26.78
11.66667	26.78
11.68333	26.78
11.70000	26.78
11.71667	26.78
11.73333	26.77
11.75000	26.77
11.76667	26.77
11.78333	26.77
11.80000	26.77
11.81667	26.77
11.83333	26.77
11.85000	26.77
11.86667	26.77
11.88333	26.77
11.90000	26.77
11.91667	26.77
11.93333	26.76
11.95000	26.76
11.96667	26.76
11.98333	26.76
12.00000	26.76
12.01667	26.76
12.03333	26.75
12.05000	26.75
12.06667	26.75
12.08333	26.74
12.10000	26.74
12.11667	26.74
12.13333	26.73
12.15000	26.73
12.16667	26.73
12.18333	26.73
12.20000	26.73
12.21667	26.73
12.23333	26.73
12.25000	26.73
12.26667	26.73
12.28333	26.73
12.30000	26.73
12.31667	26.73
12.33333	26.73
12.35000	26.73
12.36667	26.73
12.38333	26.73
12.40000	26.73
12.41667	26.73
12.43333	26.73
12.45000	26.73
12.46667	26.73
12.48333	26.73
12.50000	26.73
12.51667	26.72
12.53333	26.72
12.55000	26.72
12.56667	26.72
12.58333	26.71
12.60000	26.71
12.61667	26.71
12.63333	26.71
12.65000	26.71
12.66667	26.71
12.68333	26.71
12.70000	26.71
12.71667	26.71
12.73333	26.71
12.75000	26.71
12.76667	26.71
12.78333	26.71
12.80000	26.71
12.81667	26.71
12.83333	26.71
12.85000	26.71
12.86667	26.71
12.88333	26.72
12.90000	26.72
12.91667	26.72
12.93333	26.72
12.95000	26.72
12.96667	26.72
12.98333	26.72
13.00000	26.72
13.01667	26.73
13.03333	26.73
13.05000	26.73
13.06667	26.73
13.08333	26.73
13.10000	26.73
13.11667	26.73
13.13333	26.73
13.15000	26.73
13.16667	26.73
13.18333	26.73
13.20000	26.73
13.21667	26.73
13.23333	26.74
13.25000	26.74
13.26667	26.74
13.28333	26.74
13.30000	26.75
13.31667	26.75
13.33333	26.75
13.35000	26.75
13.36667	26.75
13.38333	26.75
13.40000	26.75
13.41667	26.75
13.43333	26.75
13.45000	26.75
13.46667	26.75
13.48333	26.75
13.50000	26.75
13.51667	26.75
13.53333	26.76
13.55000	26.76
13.56667	26.76
13.58333	26.76
13.60000	26.76
13.61667	26.77
13.63333	26.77
13.65000	26.77
13.66667	26.77
13.68333	26.77
13.70000	26.77
13.71667	26.77
13.73333	26.77
13.75000	26.78
13.76667	26.78
13.78333	26.78
13.80000	26.78
13.81667	26.78
13.83333	26.78
13.85000	26.78
13.86667	26.78
13.88333	26.78
13.90000	26.78
13.91667	26.78
13.93333	26.78
13.95000	26.78
13.96667	26.78
13.98333	26.77
14.00000	26.77
14.01667	26.77
14.03333	26.77
14.05000	26.77
14.06667	26.77
14.08333	26.77
14.10000	26.77
14.11667	26.77
14.13333	26.77
14.15000	26.77
14.16667	26.77
14.18333	26.77
14.20000	26.77
14.21667	26.77
14.23333	26.77
14.25000	26.77
14.26667	26.77
14.28333	26.77
14.30000	26.77
14.31667	26.77
14.33333	26.77
14.35000	26.76
14.36667	26.76
14.38333	26.76
14.40000	26.76
14.41667	26.76
14.43333	26.76
14.45000	26.76
14.46667	26.76
14.48333	26.76
14.50000	26.76
14.51667	26.76
14.53333	26.76
14.55000	26.76
14.56667	26.76
14.58333	26.76
14.60000	26.76
14.61667	26.76
14.63333	26.76
14.65000	26.76
14.66667	26.76
14.68333	26.76
14.70000	26.76
14.71667	26.76
14.73333	26.76
14.75000	26.75
14.76667	26.75
14.78333	26.75
14.80000	26.75
14.81667	26.75
14.83333	26.75
14.85000	26.75
14.86667	26.75
14.88333	26.75
14.90000	26.75
14.91667	26.75
14.93333	26.75
14.95000	26.75
14.96667	26.75
14.98333	26.75
15.00000	26.75

[LC Status Trace(UV Cell Temp.)]
Interval(msec)	1000
# of Points	901
Start Time(min)	0.000
End Time(min)	15.000
Intensity Units	C
Intensity Multiplier	1
R.Time (min)	Intensity
0.00000	40.02
0.01667	40.02
0.03333	40.02
0.05000	40.02
0.06667	40.02
0.08333	40.02
0.10000	40.02
0.11667	40.02
0.13333	40.02
0.15000	40.02
0.16667	40.02
0.18333	40.01
0.20000	40.01
0.21667	40.01
0.23333	40.01
0.25000	40.01
0.26667	40.01
0.28333	40.01
0.30000	40.01
0.31667	40.02
0.33333	40.02
0.35000	40.02
0.36667	40.02
0.38333	40.02
0.40000	40.02
0.41667	40.02
0.43333	40.02
0.45000	40.02
0.46667	40.02
0.48333	40.02
0.50000	40.02
0.51667	40.02
0.53333	40.02
0.55000	40.02
0.56667	40.02
0.58333	40.02
0.60000	40.02
0.61667	40.02
0.63333	40.02
0.65000	40.02
0.66667	40.02
0.68333	40.02
0.70000	40.02
0.71667	40.02
0.73333	40.02
0.75000	40.02
0.76667	40.02
0.78333	40.02
0.80000	40.02
0.81667	40.02
0.83333	40.02
0.85000	40.02
0.86667	40.02
0.88333	40.02
0.90000	40.01
0.91667	40.01
0.93333	40.01
0.95000	40.01
0.96667	40.01
0.98333	40.01
1.00000	40.01
1.01667	40.01
1.03333	40.01
1.05000	40.01
1.06667	40.01
1.08333	40.01
1.10000	40.01
1.11667	40.01
1.13333	40.01
1.15000	40.01
1.16667	40.01
1.18333	40.01
1.20000	40.01
1.21667	40.01
1.23333	40.01
1.25000	40.02
1.26667	40.02
1.28333	40.02
1.30000	40.02
1.31667	40.02
1.33333	40.02
1.35000	40.02
1.36667	40.02
1.38333	40.02
1.40000	40.02
1.41667	40.02
1.43333	40.01
1.45000	40.01
1.46667	40.01
1.48333	40.01
1.50000	40.01
1.51667	40.01
1.53333	40.01
1.55000	40.01
1.56667	40.01
1.58333	40.01
1.60000	40.01
1.61667	40.01
1.63333	40.01
1.65000	40.01
1.66667	40.01
1.68333	40.01
1.70000	40.01
1.71667	40.01
1.73333	40.01
1.75000	40.01
1.76667	40.01
1.78333	40.01
1.80000	40.01
1.81667	40.01
1.83333	40.01
1.85000	40.01
1.86667	40.01
1.88333	40.01
1.90000	40.01
1.91667	40.01
1.93333	40.01
1.95000	40.01
1.96667	40.01
1.98333	40.01
2.00000	40.01
2.01667	40.01
2.03333	40.01
2.05000	40.01
2.06667	40.01
2.08333	40.01
2.10000	40.01
2.11667	40.01
2.13333	40.01
2.15000	40.01
2.16667	40.01
2.18333	40.01
2.20000	40.01
2.21667	40.01
2.23333	40.01
2.25000	40.01
2.26667	40.01
2.28333	40.01
2.30000	40.01
2.31667	40.01
2.33333	40.01
2.35000	40.00
2.36667	40.00
2.38333	40.00
2.40000	40.00
2.41667	40.00
2.43333	40.00
2.45000	40.00
2.46667	40.00
2.48333	40.00
2.50000	40.00
2.51667	40.00
2.53333	40.00
2.55000	40.00
2.56667	40.00
2.58333	40.00
2.60000	40.00
2.61667	40.00
2.63333	40.00
2.65000	40.01
2.66667	40.01
2.68333	40.01
2.70000	40.01
2.71667	40.01
2.73333	40.01
2.75000	40.01
2.76667	40.01
2.78333	40.01
2.80000	40.01
2.81667	40.01
2.83333	40.01
2.85000	40.01
2.86667	40.01
2.88333	40.01
2.90000	40.01
2.91667	40.01
2.93333	40.01
2.95000	40.00
2.96667	40.00
2.98333	40.00
3.00000	40.00
3.01667	40.00
3.03333	40.00
3.05000	40.00
3.06667	40.00
3.08333	40.00
3.10000	40.00
3.11667	40.00
3.13333	40.00
3.15000	40.00
3.16667	40.00
3.18333	40.00
3.20000	40.00
3.21667	40.00
3.23333	40.00
3.25000	40.00
3.26667	40.00
3.28333	40.00
3.30000	40.00
3.31667	40.00
3.33333	40.00
3.35000	40.00
3.36667	40.00
3.38333	40.00
3.40000	40.00
3.41667	40.00
3.43333	40.00
3.45000	40.00
3.46667	40.00
3.48333	40.00
3.50000	40.00
3.51667	40.00
3.53333	40.00
3.55000	40.00
3.56667	40.00
3.58333	40.00
3.60000	40.00
3.61667	40.00
3.63333	40.00
3.65000	40.00
3.66667	40.00
3.68333	40.00
3.70000	40.00
3.71667	40.00
3.73333	40.00
3.75000	40.00
3.76667	40.00
3.78333	40.00
3.80000	40.00
3.81667	40.00
3.83333	40.00
3.85000	40.00
3.86667	40.00
3.88333	40.00
3.90000	40.00
3.91667	40.00
3.93333	40.00
3.95000	40.00
3.96667	40.00
3.98333	40.00
4.00000	40.00
4.01667	40.00
4.03333	40.00
4.05000	40.00
4.06667	40.00
4.08333	40.00
4.10000	40.00
4.11667	40.00
4.13333	40.00
4.15000	40.00
4.16667	40.00
4.18333	40.00
4.20000	40.00
4.21667	40.00
4.23333	40.00
4.25000	40.00
4.26667	39.99
4.28333	39.99
4.30000	39.99
4.31667	39.99
4.33333	39.99
4.35000	39.99
4.36667	39.99
4.38333	39.99
4.40000	39.99
4.41667	39.99
4.43333	39.99
4.45000	39.99
4.46667	39.99
4.48333	40.00
4.50000	40.00
4.51667	40.00
4.53333	40.00
4.55000	40.00
4.56667	40.00
4.58333	40.00
4.60000	40.00
4.61667	40.00
4.63333	40.00
4.65000	40.00
4.66667	40.00
4.68333	40.00
4.70000	40.00
4.71667	40.00
4.73333	40.00
4.75000	40.00
4.76667	40.00
4.78333	40.00
4.80000	40.00
4.81667	40.00
4.83333	40.00
4.85000	40.00
4.86667	40.00
4.88333	40.00
4.90000	40.00
4.91667	40.00
4.93333	40.00
4.95000	40.00
4.96667	40.00
4.98333	40.00
5.00000	40.00
5.01667	40.00
5.03333	40.00
5.05000	40.00
5.06667	40.00
5.08333	40.00
5.10000	40.00
5.11667	40.00
5.13333	40.00
5.15000	40.00
5.16667	40.00
5.18333	40.00
5.20000	40.00
5.21667	40.00
5.23333	40.00
5.25000	40.00
5.26667	40.00
5.28333	40.00
5.30000	40.00
5.31667	40.00
5.33333	40.00
5.35000	40.00
5.36667	39.99
5.38333	40.00
5.40000	39.99
5.41667	39.99
5.43333	39.99
5.45000	39.99
5.46667	39.99
5.48333	39.99
5.50000	39.99
5.51667	39.99
5.53333	39.99
5.55000	39.99
5.56667	39.99
5.58333	39.99
5.60000	39.99
5.61667	39.99
5.63333	39.99
5.65000	39.99
5.66667	39.99
5.68333	40.00
5.70000	40.00
5.71667	40.00
5.73333	40.00
5.75000	40.00
5.76667	40.00
5.78333	40.00
5.80000	40.00
5.81667	40.00
5.83333	40.00
5.85000	40.00
5.86667	40.00
5.88333	40.00
5.90000	40.00
5.91667	40.00
5.93333	40.00
5.95000	40.00
5.96667	40.00
5.98333	39.99
6.00000	39.99
6.01667	39.99
6.03333	39.99
6.05000	39.99
6.06667	39.99
6.08333	39.99
6.10000	39.99
6.11667	39.99
6.13333	39.99
6.15000	39.99
6.16667	39.99
6.18333	39.99
6.20000	39.99
6.21667	39.99
6.23333	39.99
6.25000	39.99
6.26667	39.99
6.28333	39.99
6.30000	39.99
6.31667	39.99
6.33333	39.99
6.35000	39.99
6.36667	40.00
6.38333	40.00
6.40000	40.00
6.41667	40.00
6.43333	40.00
6.45000	40.00
6.46667	40.00
6.48333	40.00
6.50000	40.00
6.51667	40.00
6.53333	40.00
6.55000	40.00
6.56667	40.00
6.58333	40.00
6.60000	40.00
6.61667	40.00
6.63333	40.00
6.65000	40.00
6.66667	40.00
6.68333	40.00
6.70000	40.00
6.71667	40.00
6.73333	40.00
6.75000	40.00
6.76667	39.99
6.78333	39.99
6.80000	39.99
6.81667	39.99
6.83333	39.99
6.85000	39.99
6.86667	39.99
6.88333	39.99
6.90000	39.99
6.91667	39.99
6.93333	39.99
6.95000	39.99
6.96667	39.99
6.98333	39.99
7.00000	39.99
7.01667	39.99
7.03333	39.99
7.05000	39.99
7.06667	39.99
7.08333	39.99
7.10000	39.99
7.11667	39.99
7.13333	39.99
7.15000	39.99
7.16667	39.99
7.18333	39.99
7.20000	39.99
7.21667	39.99
7.23333	39.99
7.25000	39.99
7.26667	39.99
7.28333	39.99
7.30000	40.00
7.31667	40.00
7.33333	40.00
7.35000	40.00
7.36667	40.00
7.38333	40.00
7.40000	40.00
7.41667	40.00
7.43333	40.00
7.45000	40.00
7.46667	40.00
7.48333	40.00
7.50000	40.00
7.51667	40.00
7.53333	40.00
7.55000	39.99
7.56667	39.99
7.58333	39.99
7.60000	39.99
7.61667	39.99
7.63333	39.99
7.65000	39.99
7.66667	39.99
7.68333	39.99
7.70000	39.99
7.71667	39.99
7.73333	39.99
7.75000	39.99
7.76667	39.99
7.78333	39.99
7.80000	39.99
7.81667	39.99
7.83333	39.99
7.85000	39.99
7.86667	39.99
7.88333	39.99
7.90000	39.99
7.91667	39.99
7.93333	39.99
7.95000	39.99
7.96667	39.99
7.98333	39.99
8.00000	39.99
8.01667	39.99
8.03333	39.99
8.05000	39.99
8.06667	39.99
8.08333	39.99
8.10000	40.00
8.11667	40.00
8.13333	40.00
8.15000	40.00
8.16667	40.00
8.18333	40.00
8.20000	40.00
8.21667	40.00
8.23333	40.00
8.25000	39.99
8.26667	39.99
8.28333	39.99
8.30000	39.99
8.31667	39.99
8.33333	39.99
8.35000	39.99
8.36667	39.99
8.38333	39.99
8.40000	39.99
8.41667	39.99
8.43333	39.99
8.45000	39.99
8.46667	39.99
8.48333	39.99
8.50000	39.99
8.51667	39.99
8.53333	39.99
8.55000	39.99
8.56667	39.99
8.58333	39.99
8.60000	39.99
8.61667	39.99
8.63333	40.00
8.65000	40.00
8.66667	40.00
8.68333	40.00
8.70000	40.00
8.71667	40.00
8.73333	40.00
8.75000	40.00
8.76667	40.00
8.78333	39.99
8.80000	39.99
8.81667	39.99
8.83333	39.99
8.85000	39.99
8.86667	39.99
8.88333	39.99
8.90000	39.99
8.91667	39.99
8.93333	39.99
8.95000	39.99
8.96667	39.99
8.98333	39.99
9.00000	39.99
9.01667	39.99
9.03333	39.99
9.05000	39.99
9.06667	39.99
9.08333	39.99
9.10000	39.99
9.11667	39.99
9.13333	39.99
9.15000	39.99
9.16667	39.99
9.18333	39.99
9.20000	39.99
9.21667	39.99
9.23333	39.99
9.25000	39.99
9.26667	39.99
9.28333	39.99
9.30000	39.99
9.31667	39.99
9.33333	39.99
9.35000	40.00
9.36667	40.00
9.38333	40.00
9.40000	40.00
9.41667	40.00
9.43333	40.00
9.45000	40.00
9.46667	40.00
9.48333	40.00
9.50000	40.00
9.51667	40.00
9.53333	40.00
9.55000	39.99
9.56667	39.99
9.58333	39.99
9.60000	39.99
9.61667	39.99
9.63333	39.99
9.65000	39.99
9.66667	39.99
9.68333	39.99
9.70000	39.99
9.71667	39.99
9.73333	39.99
9.75000	39.99
9.76667	39.99
9.78333	39.99
9.80000	39.99
9.81667	39.99
9.83333	39.99
9.85000	39.99
9.86667	39.99
9.88333	39.99
9.90000	39.99
9.91667	39.99
9.93333	39.99
9.95000	39.99
9.96667	39.99
9.98333	39.99
10.00000	39.99
10.01667	39.99
10.03333	39.99
10.05000	39.99
10.06667	39.99
10.08333	39.99
10.10000	39.99
10.11667	40.00
10.13333	40.00
10.15000	40.00
10.16667	40.00
10.18333	40.00
10.20000	40.00
10.21667	40.00
10.23333	40.00
10.25000	40.00
10.26667	40.00
10.28333	40.00
10.30000	40.00
10.31667	39.99
10.33333	39.99
10.35000	39.99
10.36667	39.99
10.38333	39.99
10.40000	39.99
10.41667	39.99
10.43333	39.99
10.45000	39.99
10.46667	39.99
10.48333	39.99
10.50000	39.99
10.51667	39.99
10.53333	39.99
10.55000	39.99
10.56667	39.99
10.58333	39.99
10.60000	39.99
10.61667	39.99
10.63333	39.99
10.65000	39.99
10.66667	39.99
10.68333	39.99
10.70000	39.99
10.71667	39.99
10.73333	39.99
10.75000	39.99
10.76667	39.99
10.78333	39.99
10.80000	39.99
10.81667	39.99
10.83333	39.99
10.85000	39.99
10.86667	39.99
10.88333	39.99
10.90000	39.99
10.91667	39.99
10.93333	39.99
10.95000	39.99
10.96667	39.99
10.98333	40.00
11.00000	40.00
11.01667	40.00
11.03333	40.00
11.05000	40.00
11.06667	40.00
11.08333	40.00
11.10000	40.00
11.11667	40.00
11.13333	40.00
11.15000	39.99
11.16667	39.99
11.18333	39.99
11.20000	39.99
11.21667	39.99
11.23333	39.99
11.25000	39.99
11.26667	39.99
11.28333	39.99
11.30000	39.99
11.31667	39.99
11.33333	39.99
11.35000	39.99
11.36667	39.99
11.38333	39.99
11.40000	39.99
11.41667	39.99
11.43333	39.99
11.45000	39.99
11.46667	39.99
11.48333	39.99
11.50000	39.99
11.51667	39.99
11.53333	39.99
11.55000	39.99
11.56667	39.99
11.58333	39.99
11.60000	39.99
11.61667	39.99
11.63333	39.99
11.65000	39.99
11.66667	39.99
11.68333	39.99
11.70000	39.99
11.71667	39.99
11.73333	39.99
11.75000	39.99
11.76667	39.99
11.78333	40.00
11.80000	40.00
11.81667	40.00
11.83333	40.00
11.85000	40.00
11.86667	40.00
11.88333	40.00
11.90000	40.00
11.91667	40.00
11.93333	39.99
11.95000	39.99
11.96667	39.99
11.98333	39.99
12.00000	39.99
12.01667	39.99
12.03333	39.99
12.05000	39.99
12.06667	39.99
12.08333	39.99
12.10000	39.99
12.11667	39.99
12.13333	39.99
12.15000	39.99
12.16667	39.99
12.18333	39.99
12.20000	39.99
12.21667	39.99
12.23333	39.99
12.25000	39.99
12.26667	39.99
12.28333	39.99
12.30000	39.99
12.31667	39.99
12.33333	39.99
12.35000	40.00
12.36667	40.00
12.38333	40.00
12.40000	40.00
12.41667	40.00
12.43333	40.00
12.45000	40.00
12.46667	40.00
12.48333	40.00
12.50000	40.00
12.51667	40.00
12.53333	39.99
12.55000	39.99
12.56667	39.99
12.58333	39.99
12.60000	39.99
12.61667	39.99
12.63333	39.99
12.65000	39.99
12.66667	39.99
12.68333	39.99
12.70000	39.99
12.71667	39.99
12.73333	39.99
12.75000	39.99
12.76667	39.99
12.78333	39.99
12.80000	39.99
12.81667	39.99
12.83333	39.99
12.85000	39.99
12.86667	39.99
12.88333	39.99
12.90000	39.99
12.91667	39.99
12.93333	40.00
12.95000	40.00
12.96667	40.00
12.98333	40.00
13.00000	40.00
13.01667	40.00
13.03333	40.00
13.05000	40.00
13.06667	40.00
13.08333	40.00
13.10000	40.00
13.11667	40.00
13.13333	40.00
13.15000	40.00
13.16667	40.00
13.18333	40.00
13.20000	40.00
13.21667	40.00
13.23333	40.00
13.25000	40.00
13.26667	40.00
13.28333	40.00
13.30000	40.00
13.31667	40.00
13.33333	40.00
13.35000	40.00
13.36667	39.99
13.38333	39.99
13.40000	39.99
13.41667	39.99
13.43333	39.99
13.45000	39.99
13.46667	39.99
13.48333	39.99
13.50000	39.99
13.51667	39.99
13.53333	39.99
13.55000	39.99
13.56667	39.99
13.58333	39.99
13.60000	39.99
13.61667	40.00
13.63333	40.00
13.65000	40.00
13.66667	40.00
13.68333	40.00
13.70000	40.00
13.71667	40.00
13.73333	40.00
13.75000	40.00
13.76667	40.00
13.78333	40.00
13.80000	40.00
13.81667	40.00
13.83333	40.00
13.85000	40.00
13.86667	40.00
13.88333	40.00
13.90000	40.00
13.91667	40.00
13.93333	40.00
13.95000	40.00
13.96667	40.00
13.98333	40.00
14.00000	39.99
14.01667	39.99
14.03333	39.99
14.05000	39.99
14.06667	39.99
14.08333	39.99
14.10000	39.99
14.11667	39.99
14.13333	39.99
14.15000	39.99
14.16667	39.99
14.18333	39.99
14.20000	39.99
14.21667	39.99
14.23333	39.99
14.25000	39.99
14.26667	39.99
14.28333	40.00
14.30000	40.00
14.31667	40.00
14.33333	40.00
14.35000	40.00
14.36667	40.00
14.38333	40.00
14.40000	40.00
14.41667	40.00
14.43333	40.00
14.45000	40.00
14.46667	40.00
14.48333	40.00
14.50000	40.00
14.51667	40.00
14.53333	40.00
14.55000	40.00
14.56667	40.00
14.58333	40.00
14.60000	40.00
14.61667	40.00
14.63333	40.00
14.65000	40.00
14.66667	40.00
14.68333	40.00
14.70000	40.00
14.71667	40.00
14.73333	40.00
14.75000	40.00
14.76667	40.00
14.78333	40.00
14.80000	40.00
14.81667	40.00
14.83333	40.01
14.85000	40.01
14.86667	40.01
14.88333	40.01
14.90000	40.01
14.91667	40.01
14.93333	40.01
14.95000	40.02
14.96667	40.02
14.98333	40.02
15.00000	40.02

[LC Status Trace(UV A-Ch1 Reference Energy)]
Interval(msec)	1000
# of Points	901
Start Time(min)	0.000
End Time(min)	15.000
Intensity Units	mV
Intensity Multiplier	1
R.Time (min)	Intensity
0.00000	511.70
0.01667	511.70
0.03333	511.70
0.05000	511.70
0.06667	511.70
0.08333	511.70
0.10000	511.70
0.11667	511.70
0.13333	511.70
0.15000	511.70
0.16667	511.70
0.18333	511.70
0.20000	511.70
0.21667	511.70
0.23333	511.70
0.25000	511.70
0.26667	511.70
0.28333	511.70
0.30000	511.70
0.31667	511.70
0.33333	511.70
0.35000	511.70
0.36667	511.70
0.38333	511.70
0.40000	511.70
0.41667	511.70
0.43333	511.70
0.45000	511.70
0.46667	511.70
0.48333	511.70
0.50000	511.70
0.51667	511.70
0.53333	511.70
0.55000	511.70
0.56667	511.70
0.58333	511.70
0.60000	511.70
0.61667	511.70
0.63333	511.70
0.65000	511.70
0.66667	511.70
0.68333	511.70
0.70000	511.70
0.71667	511.70
0.73333	511.70
0.75000	511.70
0.76667	511.70
0.78333	511.70
0.80000	511.70
0.81667	511.70
0.83333	511.70
0.85000	511.70
0.86667	511.70
0.88333	511.70
0.90000	511.70
0.91667	511.70
0.93333	511.70
0.95000	511.70
0.96667	511.70
0.98333	511.70
1.00000	511.70
1.01667	511.70
1.03333	511.70
1.05000	511.70
1.06667	511.70
1.08333	511.70
1.10000	511.70
1.11667	511.70
1.13333	511.70
1.15000	511.70
1.16667	511.70
1.18333	511.70
1.20000	511.70
1.21667	511.70
1.23333	511.70
1.25000	511.70
1.26667	511.70
1.28333	511.70
1.30000	511.70
1.31667	511.70
1.33333	511.70
1.35000	511.70
1.36667	511.70
1.38333	511.70
1.40000	511.70
1.41667	511.70
1.43333	511.70
1.45000	511.70
1.46667	511.70
1.48333	511.70
1.50000	511.70
1.51667	511.70
1.53333	511.70
1.55000	511.70
1.56667	511.70
1.58333	511.70
1.60000	511.70
1.61667	511.70
1.63333	511.70
1.65000	511.70
1.66667	511.70
1.68333	511.70
1.70000	511.70
1.71667	511.70
1.73333	511.70
1.75000	511.70
1.76667	511.70
1.78333	511.70
1.80000	511.70
1.81667	511.70
1.83333	511.70
1.85000	511.70
1.86667	511.70
1.88333	511.70
1.90000	511.70
1.91667	511.70
1.93333	511.70
1.95000	511.70
1.96667	511.70
1.98333	511.70
2.00000	511.70
2.01667	511.70
2.03333	511.70
2.05000	511.70
2.06667	511.70
2.08333	511.70
2.10000	511.70
2.11667	511.70
2.13333	511.70
2.15000	511.70
2.16667	511.70
2.18333	511.70
2.20000	511.70
2.21667	511.70
2.23333	511.70
2.25000	511.70
2.26667	511.70
2.28333	511.70
2.30000	511.70
2.31667	511.70
2.33333	511.70
2.35000	511.70
2.36667	511.70
2.38333	511.70
2.40000	511.70
2.41667	511.70
2.43333	511.70
2.45000	511.70
2.46667	511.70
2.48333	511.70
2.50000	511.70
2.51667	511.70
2.53333	511.70
2.55000	511.70
2.56667	511.70
2.58333	511.70
2.60000	511.70
2.61667	511.70
2.63333	511.70
2.65000	511.70
2.66667	511.70
2.68333	511.70
2.70000	511.70
2.71667	511.70
2.73333	511.70
2.75000	511.70
2.76667	511.70
2.78333	511.70
2.80000	511.70
2.81667	511.70
2.83333	511.70
2.85000	511.70
2.86667	511.70
2.88333	511.70
2.90000	511.70
2.91667	511.70
2.93333	511.70
2.95000	511.70
2.96667	511.70
2.98333	511.70
3.00000	511.70
3.01667	511.70
3.03333	511.70
3.05000	511.70
3.06667	511.70
3.08333	511.70
3.10000	511.70
3.11667	511.70
3.13333	511.70
3.15000	511.70
3.16667	511.70
3.18333	511.70
3.20000	511.70
3.21667	511.70
3.23333	511.70
3.25000	511.70
3.26667	511.70
3.28333	511.70
3.30000	511.70
3.31667	511.70
3.33333	511.70
3.35000	511.70
3.36667	511.70
3.38333	511.70
3.40000	511.70
3.41667	511.70
3.43333	511.70
3.45000	511.70
3.46667	511.70
3.48333	511.70
3.50000	511.70
3.51667	511.70
3.53333	511.70
3.55000	511.70
3.56667	511.70
3.58333	511.70
3.60000	511.70
3.61667	511.70
3.63333	511.70
3.65000	511.70
3.66667	511.70
3.68333	511.70
3.70000	511.70
3.71667	511.70
3.73333	511.70
3.75000	511.70
3.76667	511.70
3.78333	511.70
3.80000	511.70
3.81667	511.70
3.83333	511.70
3.85000	511.70
3.86667	511.70
3.88333	511.70
3.90000	511.70
3.91667	511.70
3.93333	511.70
3.95000	511.70
3.96667	511.70
3.98333	511.70
4.00000	511.70
4.01667	511.70
4.03333	511.70
4.05000	511.70
4.06667	511.70
4.08333	511.70
4.10000	511.70
4.11667	511.70
4.13333	511.70
4.15000	511.70
4.16667	511.70
4.18333	511.70
4.20000	511.70
4.21667	511.70
4.23333	511.70
4.25000	511.70
4.26667	511.70
4.28333	511.70
4.30000	511.70
4.31667	511.70
4.33333	511.70
4.35000	511.70
4.36667	511.70
4.38333	511.70
4.40000	511.70
4.41667	511.70
4.43333	511.70
4.45000	511.70
4.46667	511.70
4.48333	511.70
4.50000	511.70
4.51667	511.70
4.53333	511.70
4.55000	511.70
4.56667	511.70
4.58333	511.70
4.60000	511.70
4.61667	511.70
4.63333	511.70
4.65000	511.70
4.66667	511.70
4.68333	511.70
4.70000	511.70
4.71667	511.70
4.73333	511.70
4.75000	511.70
4.76667	511.70
4.78333	511.70
4.80000	511.70
4.81667	511.70
4.83333	511.70
4.85000	511.70
4.86667	511.70
4.88333	511.70
4.90000	511.70
4.91667	511.70
4.93333	511.70
4.95000	511.70
4.96667	511.70
4.98333	511.70
5.00000	511.70
5.01667	511.70
5.03333	511.70
5.05000	511.70
5.06667	511.70
5.08333	511.70
5.10000	511.70
5.11667	511.70
5.13333	511.70
5.15000	511.70
5.16667	511.70
5.18333	511.70
5.20000	511.70
5.21667	511.70
5.23333	511.70
5.25000	511.70
5.26667	511.70
5.28333	511.70
5.30000	511.70
5.31667	511.70
5.33333	511.70
5.35000	511.70
5.36667	511.70
5.38333	511.70
5.40000	511.70
5.41667	511.70
5.43333	511.70
5.45000	511.70
5.46667	511.70
5.48333	511.70
5.50000	511.70
5.51667	511.70
5.53333	511.70
5.55000	511.70
5.56667	511.70
5.58333	511.70
5.60000	511.70
5.61667	511.70
5.63333	511.70
5.65000	511.70
5.66667	511.70
5.68333	511.70
5.70000	511.70
5.71667	511.70
5.73333	511.70
5.75000	511.70
5.76667	511.70
5.78333	511.70
5.80000	511.70
5.81667	511.70
5.83333	511.70
5.85000	511.70
5.86667	511.70
5.88333	511.70
5.90000	511.70
5.91667	511.70
5.93333	511.70
5.95000	511.70
5.96667	511.70
5.98333	511.70
6.00000	511.70
6.01667	511.70
6.03333	511.70
6.05000	511.70
6.06667	511.70
6.08333	511.70
6.10000	511.70
6.11667	511.70
6.13333	511.70
6.15000	511.70
6.16667	511.70
6.18333	511.70
6.20000	511.70
6.21667	511.70
6.23333	511.70
6.25000	511.70
6.26667	511.70
6.28333	511.70
6.30000	511.70
6.31667	511.70
6.33333	511.70
6.35000	511.70
6.36667	511.70
6.38333	511.70
6.40000	511.70
6.41667	511.70
6.43333	511.70
6.45000	511.70
6.46667	511.70
6.48333	511.70
6.50000	511.70
6.51667	511.70
6.53333	511.70
6.55000	511.70
6.56667	511.70
6.58333	511.70
6.60000	511.70
6.61667	511.70
6.63333	511.70
6.65000	511.70
6.66667	511.70
6.68333	511.70
6.70000	511.70
6.71667	511.70
6.73333	511.70
6.75000	511.70
6.76667	511.70
6.78333	511.70
6.80000	511.70
6.81667	511.70
6.83333	511.70
6.85000	511.70
6.86667	511.70
6.88333	511.70
6.90000	511.70
6.91667	511.70
6.93333	511.70
6.95000	511.70
6.96667	511.70
6.98333	511.70
7.00000	511.70
7.01667	511.70
7.03333	511.70
7.05000	511.70
7.06667	511.70
7.08333	511.70
7.10000	511.70
7.11667	511.70
7.13333	511.70
7.15000	511.70
7.16667	511.70
7.18333	511.70
7.20000	511.70
7.21667	511.70
7.23333	511.70
7.25000	511.70
7.26667	511.70
7.28333	511.70
7.30000	511.70
7.31667	511.70
7.33333	511.70
7.35000	511.70
7.36667	511.70
7.38333	511.70
7.40000	511.70
7.41667	511.70
7.43333	511.70
7.45000	511.70
7.46667	511.70
7.48333	511.70
7.50000	511.70
7.51667	511.70
7.53333	511.70
7.55000	511.70
7.56667	511.70
7.58333	511.70
7.60000	511.70
7.61667	511.70
7.63333	511.70
7.65000	511.70
7.66667	511.70
7.68333	511.70
7.70000	511.70
7.71667	511.70
7.73333	511.70
7.75000	511.70
7.76667	511.70
7.78333	511.70
7.80000	511.70
7.81667	511.70
7.83333	511.70
7.85000	511.70
7.86667	511.70
7.88333	511.70
7.90000	511.70
7.91667	511.70
7.93333	511.70
7.95000	511.70
7.96667	511.70
7.98333	511.70
8.00000	511.70
8.01667	511.70
8.03333	511.70
8.05000	511.70
8.06667	511.70
8.08333	511.70
8.10000	511.70
8.11667	511.70
8.13333	511.70
8.15000	511.70
8.16667	511.70
8.18333	511.70
8.20000	511.70
8.21667	511.70
8.23333	511.70
8.25000	511.70
8.26667	511.70
8.28333	511.70
8.30000	511.70
8.31667	511.70
8.33333	511.70
8.35000	511.70
8.36667	511.70
8.38333	511.70
8.40000	511.70
8.41667	511.70
8.43333	511.70
8.45000	511.70
8.46667	511.70
8.48333	511.70
8.50000	511.70
8.51667	511.70
8.53333	511.70
8.55000	511.70
8.56667	511.70
8.58333	511.70
8.60000	511.70
8.61667	511.70
8.63333	511.70
8.65000	511.70
8.66667	511.70
8.68333	511.70
8.70000	511.70
8.71667	511.70
8.73333	511.70
8.75000	511.70
8.76667	511.70
8.78333	511.70
8.80000	511.70
8.81667	511.70
8.83333	511.70
8.85000	511.70
8.86667	511.70
8.88333	511.70
8.90000	511.70
8.91667	511.70
8.93333	511.70
8.95000	511.70
8.96667	511.70
8.98333	511.70
9.00000	511.70
9.01667	511.70
9.03333	511.70
9.05000	511.70
9.06667	511.70
9.08333	511.70
9.10000	511.70
9.11667	511.70
9.13333	511.70
9.15000	511.70
9.16667	511.70
9.18333	511.70
9.20000	511.70
9.21667	511.70
9.23333	511.70
9.25000	511.70
9.26667	511.70
9.28333	511.70
9.30000	511.70
9.31667	511.70
9.33333	511.70
9.35000	511.70
9.36667	511.70
9.38333	511.70
9.40000	511.70
9.41667	511.70
9.43333	511.70
9.45000	511.70
9.46667	511.70
9.48333	511.70
9.50000	511.70
9.51667	511.70
9.53333	511.70
9.55000	511.70
9.56667	511.70
9.58333	511.70
9.60000	511.70
9.61667	511.70
9.63333	511.70
9.65000	511.70
9.66667	511.70
9.68333	511.70
9.70000	511.70
9.71667	511.70
9.73333	511.70
9.75000	511.70
9.76667	511.70
9.78333	511.70
9.80000	511.70
9.81667	511.70
9.83333	511.70
9.85000	511.70
9.86667	511.70
9.88333	511.70
9.90000	511.70
9.91667	511.70
9.93333	511.70
9.95000	511.70
9.96667	511.70
9.98333	511.70
10.00000	511.70
10.01667	511.70
10.03333	511.70
10.05000	511.70
10.06667	511.70
10.08333	511.70
10.10000	511.70
10.11667	511.70
10.13333	511.70
10.15000	511.70
10.16667	511.70
10.18333	511.70
10.20000	511.70
10.21667	511.70
10.23333	511.70
10.25000	511.70
10.26667	511.70
10.28333	511.70
10.30000	511.70
10.31667	511.70
10.33333	511.70
10.35000	511.70
10.36667	511.70
10.38333	511.70
10.40000	511.70
10.41667	511.70
10.43333	511.70
10.45000	511.70
10.46667	511.70
10.48333	511.70
10.50000	511.70
10.51667	511.70
10.53333	511.70
10.55000	511.70
10.56667	511.70
10.58333	511.70
10.60000	511.70
10.61667	511.70
10.63333	511.70
10.65000	511.70
10.66667	511.70
10.68333	511.70
10.70000	511.70
10.71667	511.70
10.73333	511.70
10.75000	511.70
10.76667	511.70
10.78333	511.70
10.80000	511.70
10.81667	511.70
10.83333	511.70
10.85000	511.70
10.86667	511.70
10.88333	511.70
10.90000	511.70
10.91667	511.70
10.93333	511.70
10.95000	511.70
10.96667	511.70
10.98333	511.70
11.00000	511.70
11.01667	511.70
11.03333	511.70
11.05000	511.70
11.06667	511.70
11.08333	511.70
11.10000	511.70
11.11667	511.70
11.13333	511.70
11.15000	511.70
11.16667	511.70
11.18333	511.70
11.20000	511.70
11.21667	511.70
11.23333	511.70
11.25000	511.70
11.26667	511.70
11.28333	511.70
11.30000	511.70
11.31667	511.70
11.33333	511.70
11.35000	511.70
11.36667	511.70
11.38333	511.70
11.40000	511.70
11.41667	511.70
11.43333	511.70
11.45000	511.70
11.46667	511.70
11.48333	511.70
11.50000	511.70
11.51667	511.70
11.53333	511.70
11.55000	511.70
11.56667	511.70
11.58333	511.70
11.60000	511.70
11.61667	511.70
11.63333	511.70
11.65000	511.70
11.66667	511.70
11.68333	511.70
11.70000	511.70
11.71667	511.70
11.73333	511.70
11.75000	511.70
11.76667	511.70
11.78333	511.70
11.80000	511.70
11.81667	511.70
11.83333	511.70
11.85000	511.70
11.86667	511.70
11.88333	511.70
11.90000	511.70
11.91667	511.70
11.93333	511.70
11.95000	511.70
11.96667	511.70
11.98333	511.70
12.00000	511.70
12.01667	511.70
12.03333	511.70
12.05000	511.70
12.06667	511.70
12.08333	511.70
12.10000	511.70
12.11667	511.70
12.13333	511.70
12.15000	511.70
12.16667	511.70
12.18333	511.70
12.20000	511.70
12.21667	511.70
12.23333	511.70
12.25000	511.70
12.26667	511.70
12.28333	511.70
12.30000	511.70
12.31667	511.70
12.33333	511.70
12.35000	511.70
12.36667	511.70
12.38333	511.70
12.40000	511.70
12.41667	511.70
12.43333	511.70
12.45000	511.70
12.46667	511.70
12.48333	511.70
12.50000	511.70
12.51667	511.70
12.53333	511.70
12.55000	511.70
12.56667	511.70
12.58333	511.70
12.60000	511.70
12.61667	511.70
12.63333	511.70
12.65000	511.70
12.66667	511.70
12.68333	511.70
12.70000	511.70
12.71667	511.70
12.73333	511.70
12.75000	511.70
12.76667	511.70
12.78333	511.70
12.80000	511.70
12.81667	511.70
12.83333	511.70
12.85000	511.70
12.86667	511.70
12.88333	511.70
12.90000	511.70
12.91667	511.70
12.93333	511.70
12.95000	511.70
12.96667	511.70
12.98333	511.70
13.00000	511.70
13.01667	511.70
13.03333	511.70
13.05000	511.70
13.06667	511.70
13.08333	511.70
13.10000	511.70
13.11667	511.70
13.13333	511.70
13.15000	511.70
13.16667	511.70
13.18333	511.70
13.20000	511.70
13.21667	511.70
13.23333	511.70
13.25000	511.70
13.26667	511.70
13.28333	511.70
13.30000	511.70
13.31667	511.70
13.33333	511.70
13.35000	511.70
13.36667	511.70
13.38333	511.70
13.40000	511.70
13.41667	511.70
13.43333	511.70
13.45000	511.70
13.46667	511.70
13.48333	511.70
13.50000	511.70
13.51667	511.70
13.53333	511.70
13.55000	511.70
13.56667	511.70
13.58333	511.70
13.60000	511.70
13.61667	511.70
13.63333	511.70
13.65000	511.70
13.66667	511.70
13.68333	511.70
13.70000	511.70
13.71667	511.70
13.73333	511.70
13.75000	511.70
13.76667	511.70
13.78333	511.70
13.80000	511.70
13.81667	511.70
13.83333	511.70
13.85000	511.70
13.86667	511.70
13.88333	511.70
13.90000	511.70
13.91667	511.70
13.93333	511.70
13.95000	511.70
13.96667	511.70
13.98333	511.70
14.00000	511.70
14.01667	511.70
14.03333	511.70
14.05000	511.70
14.06667	511.70
14.08333	511.70
14.10000	511.70
14.11667	511.70
14.13333	511.70
14.15000	511.70
14.16667	511.70
14.18333	511.70
14.20000	511.70
14.21667	511.70
14.23333	511.70
14.25000	511.70
14.26667	511.70
14.28333	511.70
14.30000	511.70
14.31667	511.70
14.33333	511.70
14.35000	511.70
14.36667	511.70
14.38333	511.70
14.40000	511.70
14.41667	511.70
14.43333	511.70
14.45000	511.70
14.46667	511.70
14.48333	511.70
14.50000	511.70
14.51667	511.70
14.53333	511.70
14.55000	511.70
14.56667	511.70
14.58333	511.70
14.60000	511.70
14.61667	511.70
14.63333	511.70
14.65000	511.70
14.66667	511.70
14.68333	511.70
14.70000	511.70
14.71667	511.70
14.73333	511.70
14.75000	511.70
14.76667	511.70
14.78333	511.70
14.80000	511.70
14.81667	511.70
14.83333	511.70
14.85000	511.70
14.86667	511.70
14.88333	511.70
14.90000	511.70
14.91667	511.70
14.93333	511.70
14.95000	511.70
14.96667	511.70
14.98333	511.70
15.00000	511.70

[LC Status Trace(UV A-Ch2 Reference Energy)]
Interval(msec)	1000
# of Points	901
Start Time(min)	0.000
End Time(min)	15.000
Intensity Units	mV
Intensity Multiplier	1
R.Time (min)	Intensity
0.00000	223.90
0.01667	223.90
0.03333	223.90
0.05000	223.90
0.06667	223.90
0.08333	223.90
0.10000	223.90
0.11667	223.90
0.13333	223.90
0.15000	223.90
0.16667	223.90
0.18333	223.90
0.20000	223.90
0.21667	223.90
0.23333	223.90
0.25000	223.90
0.26667	223.90
0.28333	223.90
0.30000	223.90
0.31667	223.90
0.33333	223.90
0.35000	223.90
0.36667	223.90
0.38333	223.90
0.40000	223.90
0.41667	223.90
0.43333	223.90
0.45000	223.90
0.46667	223.90
0.48333	223.90
0.50000	223.90
0.51667	223.90
0.53333	223.90
0.55000	223.90
0.56667	223.90
0.58333	223.90
0.60000	223.90
0.61667	223.90
0.63333	223.90
0.65000	223.90
0.66667	223.90
0.68333	223.90
0.70000	223.90
0.71667	223.90
0.73333	223.90
0.75000	223.90
0.76667	223.90
0.78333	223.90
0.80000	223.90
0.81667	223.90
0.83333	223.90
0.85000	223.90
0.86667	223.90
0.88333	223.90
0.90000	223.90
0.91667	223.90
0.93333	223.90
0.95000	223.90
0.96667	223.90
0.98333	223.90
1.00000	223.90
1.01667	223.90
1.03333	223.90
1.05000	223.90
1.06667	223.90
1.08333	223.90
1.10000	223.90
1.11667	223.90
1.13333	223.90
1.15000	223.90
1.16667	223.90
1.18333	223.90
1.20000	223.90
1.21667	223.90
1.23333	223.90
1.25000	223.90
1.26667	223.90
1.28333	223.90
1.30000	223.90
1.31667	223.90
1.33333	223.90
1.35000	223.90
1.36667	223.90
1.38333	223.90
1.40000	223.90
1.41667	223.90
1.43333	223.90
1.45000	223.90
1.46667	223.90
1.48333	223.90
1.50000	223.90
1.51667	223.90
1.53333	223.90
1.55000	223.90
1.56667	223.90
1.58333	223.90
1.60000	223.90
1.61667	223.90
1.63333	223.90
1.65000	223.90
1.66667	223.90
1.68333	223.90
1.70000	223.90
1.71667	223.90
1.73333	223.90
1.75000	223.90
1.76667	223.90
1.78333	223.90
1.80000	223.90
1.81667	223.90
1.83333	223.90
1.85000	223.90
1.86667	223.90
1.88333	223.90
1.90000	223.90
1.91667	223.90
1.93333	223.90
1.95000	223.90
1.96667	223.90
1.98333	223.90
2.00000	223.90
2.01667	223.90
2.03333	223.90
2.05000	223.90
2.06667	223.90
2.08333	223.90
2.10000	223.90
2.11667	223.90
2.13333	223.90
2.15000	223.90
2.16667	223.90
2.18333	223.90
2.20000	223.90
2.21667	223.90
2.23333	223.90
2.25000	223.90
2.26667	223.90
2.28333	223.90
2.30000	223.90
2.31667	223.90
2.33333	223.90
2.35000	223.90
2.36667	223.90
2.38333	223.90
2.40000	223.90
2.41667	223.90
2.43333	223.90
2.45000	223.90
2.46667	223.90
2.48333	223.90
2.50000	223.90
2.51667	223.90
2.53333	223.90
2.55000	223.90
2.56667	223.90
2.58333	223.90
2.60000	223.90
2.61667	223.90
2.63333	223.90
2.65000	223.90
2.66667	223.90
2.68333	223.90
2.70000	223.90
2.71667	223.90
2.73333	223.90
2.75000	223.90
2.76667	223.90
2.78333	223.90
2.80000	223.90
2.81667	223.90
2.83333	223.90
2.85000	223.90
2.86667	223.90
2.88333	223.90
2.90000	223.90
2.91667	223.90
2.93333	223.90
2.95000	223.90
2.96667	223.90
2.98333	223.90
3.00000	223.90
3.01667	223.90
3.03333	223.90
3.05000	223.90
3.06667	223.90
3.08333	223.90
3.10000	223.90
3.11667	223.90
3.13333	223.90
3.15000	223.90
3.16667	223.90
3.18333	223.90
3.20000	223.90
3.21667	223.90
3.23333	223.90
3.25000	223.90
3.26667	223.90
3.28333	223.90
3.30000	223.90
3.31667	223.90
3.33333	223.90
3.35000	223.90
3.36667	223.90
3.38333	223.90
3.40000	223.90
3.41667	223.90
3.43333	223.90
3.45000	223.90
3.46667	223.90
3.48333	223.90
3.50000	223.90
3.51667	223.90
3.53333	223.90
3.55000	223.90
3.56667	223.90
3.58333	223.90
3.60000	223.90
3.61667	223.90
3.63333	223.90
3.65000	223.90
3.66667	223.90
3.68333	223.90
3.70000	223.90
3.71667	223.90
3.73333	223.90
3.75000	223.90
3.76667	223.90
3.78333	223.90
3.80000	223.90
3.81667	223.90
3.83333	223.90
3.85000	223.90
3.86667	223.90
3.88333	223.90
3.90000	223.90
3.91667	223.90
3.93333	223.90
3.95000	223.90
3.96667	223.90
3.98333	223.90
4.00000	223.90
4.01667	223.90
4.03333	223.90
4.05000	223.90
4.06667	223.90
4.08333	223.90
4.10000	223.90
4.11667	223.90
4.13333	223.90
4.15000	223.90
4.16667	223.90
4.18333	223.90
4.20000	223.90
4.21667	223.90
4.23333	223.90
4.25000	223.90
4.26667	223.90
4.28333	223.90
4.30000	223.90
4.31667	223.90
4.33333	223.90
4.35000	223.90
4.36667	223.90
4.38333	223.90
4.40000	223.90
4.41667	223.90
4.43333	223.90
4.45000	223.90
4.46667	223.90
4.48333	223.90
4.50000	223.90
4.51667	223.90
4.53333	223.90
4.55000	223.90
4.56667	223.90
4.58333	223.90
4.60000	223.90
4.61667	223.90
4.63333	223.90
4.65000	223.90
4.66667	223.90
4.68333	223.90
4.70000	223.90
4.71667	223.90
4.73333	223.90
4.75000	223.90
4.76667	223.90
4.78333	223.90
4.80000	223.90
4.81667	223.90
4.83333	223.90
4.85000	223.90
4.86667	223.90
4.88333	223.90
4.90000	223.90
4.91667	223.90
4.93333	223.90
4.95000	223.90
4.96667	223.90
4.98333	223.90
5.00000	223.90
5.01667	223.90
5.03333	223.90
5.05000	223.90
5.06667	223.90
5.08333	223.90
5.10000	223.90
5.11667	223.90
5.13333	223.90
5.15000	223.90
5.16667	223.90
5.18333	223.90
5.20000	223.90
5.21667	223.90
5.23333	223.90
5.25000	223.90
5.26667	223.90
5.28333	223.90
5.30000	223.90
5.31667	223.90
5.33333	223.90
5.35000	223.90
5.36667	223.90
5.38333	223.90
5.40000	223.90
5.41667	223.90
5.43333	223.90
5.45000	223.90
5.46667	223.90
5.48333	223.90
5.50000	223.90
5.51667	223.90
5.53333	223.90
5.55000	223.90
5.56667	223.90
5.58333	223.90
5.60000	223.90
5.61667	223.90
5.63333	223.90
5.65000	223.90
5.66667	223.90
5.68333	223.90
5.70000	223.90
5.71667	223.90
5.73333	223.90
5.75000	223.90
5.76667	223.90
5.78333	223.90
5.80000	223.90
5.81667	223.90
5.83333	223.90
5.85000	223.90
5.86667	223.90
5.88333	223.90
5.90000	223.90
5.91667	223.90
5.93333	223.90
5.95000	223.90
5.96667	223.90
5.98333	223.90
6.00000	223.90
6.01667	223.90
6.03333	223.90
6.05000	223.90
6.06667	223.90
6.08333	223.90
6.10000	223.90
6.11667	223.90
6.13333	223.90
6.15000	223.90
6.16667	223.90
6.18333	223.90
6.20000	223.90
6.21667	223.90
6.23333	223.90
6.25000	223.90
6.26667	223.90
6.28333	223.90
6.30000	223.90
6.31667	223.90
6.33333	223.90
6.35000	223.90
6.36667	223.90
6.38333	223.90
6.40000	223.90
6.41667	223.90
6.43333	223.90
6.45000	223.90
6.46667	223.90
6.48333	223.90
6.50000	223.90
6.51667	223.90
6.53333	223.90
6.55000	223.90
6.56667	223.90
6.58333	223.90
6.60000	223.90
6.61667	223.90
6.63333	223.90
6.65000	223.90
6.66667	223.90
6.68333	223.90
6.70000	223.90
6.71667	223.90
6.73333	223.90
6.75000	223.90
6.76667	223.90
6.78333	223.90
6.80000	223.90
6.81667	223.90
6.83333	223.90
6.85000	223.90
6.86667	223.90
6.88333	223.90
6.90000	223.90
6.91667	223.90
6.93333	223.90
6.95000	223.90
6.96667	223.90
6.98333	223.90
7.00000	223.90
7.01667	223.90
7.03333	223.90
7.05000	223.90
7.06667	223.90
7.08333	223.90
7.10000	223.90
7.11667	223.90
7.13333	223.90
7.15000	223.90
7.16667	223.90
7.18333	223.90
7.20000	223.90
7.21667	223.90
7.23333	223.90
7.25000	223.90
7.26667	223.90
7.28333	223.90
7.30000	223.90
7.31667	223.90
7.33333	223.90
7.35000	223.90
7.36667	223.90
7.38333	223.90
7.40000	223.90
7.41667	223.90
7.43333	223.90
7.45000	223.90
7.46667	223.90
7.48333	223.90
7.50000	223.90
7.51667	223.90
7.53333	223.90
7.55000	223.90
7.56667	223.90
7.58333	223.90
7.60000	223.90
7.61667	223.90
7.63333	223.90
7.65000	223.90
7.66667	223.90
7.68333	223.90
7.70000	223.90
7.71667	223.90
7.73333	223.90
7.75000	223.90
7.76667	223.90
7.78333	223.90
7.80000	223.90
7.81667	223.90
7.83333	223.90
7.85000	223.90
7.86667	223.90
7.88333	223.90
7.90000	223.90
7.91667	223.90
7.93333	223.90
7.95000	223.90
7.96667	223.90
7.98333	223.90
8.00000	223.90
8.01667	223.90
8.03333	223.90
8.05000	223.90
8.06667	223.90
8.08333	223.90
8.10000	223.90
8.11667	223.90
8.13333	223.90
8.15000	223.90
8.16667	223.90
8.18333	223.90
8.20000	223.90
8.21667	223.90
8.23333	223.90
8.25000	223.90
8.26667	223.90
8.28333	223.90
8.30000	223.90
8.31667	223.90
8.33333	223.90
8.35000	223.90
8.36667	223.90
8.38333	223.90
8.40000	223.90
8.41667	223.90
8.43333	223.90
8.45000	223.90
8.46667	223.90
8.48333	223.90
8.50000	223.90
8.51667	223.90
8.53333	223.90
8.55000	223.90
8.56667	223.90
8.58333	223.90
8.60000	223.90
8.61667	223.90
8.63333	223.90
8.65000	223.90
8.66667	223.90
8.68333	223.90
8.70000	223.90
8.71667	223.90
8.73333	223.90
8.75000	223.90
8.76667	223.90
8.78333	223.90
8.80000	223.90
8.81667	223.90
8.83333	223.90
8.85000	223.90
8.86667	223.90
8.88333	223.90
8.90000	223.90
8.91667	223.90
8.93333	223.90
8.95000	223.90
8.96667	223.90
8.98333	223.90
9.00000	223.90
9.01667	223.90
9.03333	223.90
9.05000	223.90
9.06667	223.90
9.08333	223.90
9.10000	223.90
9.11667	223.90
9.13333	223.90
9.15000	223.90
9.16667	223.90
9.18333	223.90
9.20000	223.90
9.21667	223.90
9.23333	223.90
9.25000	223.90
9.26667	223.90
9.28333	223.90
9.30000	223.90
9.31667	223.90
9.33333	223.90
9.35000	223.90
9.36667	223.90
9.38333	223.90
9.40000	223.90
9.41667	223.90
9.43333	223.90
9.45000	223.90
9.46667	223.90
9.48333	223.90
9.50000	223.90
9.51667	223.90
9.53333	223.90
9.55000	223.90
9.56667	223.90
9.58333	223.90
9.60000	223.90
9.61667	223.90
9.63333	223.90
9.65000	223.90
9.66667	223.90
9.68333	223.90
9.70000	223.90
9.71667	223.90
9.73333	223.90
9.75000	223.90
9.76667	223.90
9.78333	223.90
9.80000	223.90
9.81667	223.90
9.83333	223.90
9.85000	223.90
9.86667	223.90
9.88333	223.90
9.90000	223.90
9.91667	223.90
9.93333	223.90
9.95000	223.90
9.96667	223.90
9.98333	223.90
10.00000	223.90
10.01667	223.90
10.03333	223.90
10.05000	223.90
10.06667	223.90
10.08333	223.90
10.10000	223.90
10.11667	223.90
10.13333	223.90
10.15000	223.90
10.16667	223.90
10.18333	223.90
10.20000	223.90
10.21667	223.90
10.23333	223.90
10.25000	223.90
10.26667	223.90
10.28333	223.90
10.30000	223.90
10.31667	223.90
10.33333	223.90
10.35000	223.90
10.36667	223.90
10.38333	223.90
10.40000	223.90
10.41667	223.90
10.43333	223.90
10.45000	223.90
10.46667	223.90
10.48333	223.90
10.50000	223.90
10.51667	223.90
10.53333	223.90
10.55000	223.90
10.56667	223.90
10.58333	223.90
10.60000	223.90
10.61667	223.90
10.63333	223.90
10.65000	223.90
10.66667	223.90
10.68333	223.90
10.70000	223.90
10.71667	223.90
10.73333	223.90
10.75000	223.90
10.76667	223.90
10.78333	223.90
10.80000	223.90
10.81667	223.90
10.83333	223.90
10.85000	223.90
10.86667	223.90
10.88333	223.90
10.90000	223.90
10.91667	223.90
10.93333	223.90
10.95000	223.90
10.96667	223.90
10.98333	223.90
11.00000	223.90
11.01667	223.90
11.03333	223.90
11.05000	223.90
11.06667	223.90
11.08333	223.90
11.10000	223.90
11.11667	223.90
11.13333	223.90
11.15000	223.90
11.16667	223.90
11.18333	223.90
11.20000	223.90
11.21667	223.90
11.23333	223.90
11.25000	223.90
11.26667	223.90
11.28333	223.90
11.30000	223.90
11.31667	223.90
11.33333	223.90
11.35000	223.90
11.36667	223.90
11.38333	223.90
11.40000	223.90
11.41667	223.90
11.43333	223.90
11.45000	223.90
11.46667	223.90
11.48333	223.90
11.50000	223.90
11.51667	223.90
11.53333	223.90
11.55000	223.90
11.56667	223.90
11.58333	223.90
11.60000	223.90
11.61667	223.90
11.63333	223.90
11.65000	223.90
11.66667	223.90
11.68333	223.90
11.70000	223.90
11.71667	223.90
11.73333	223.90
11.75000	223.90
11.76667	223.90
11.78333	223.90
11.80000	223.90
11.81667	223.90
11.83333	223.90
11.85000	223.90
11.86667	223.90
11.88333	223.90
11.90000	223.90
11.91667	223.90
11.93333	223.90
11.95000	223.90
11.96667	223.90
11.98333	223.90
12.00000	223.90
12.01667	223.90
12.03333	223.90
12.05000	223.90
12.06667	223.90
12.08333	223.90
12.10000	223.90
12.11667	223.90
12.13333	223.90
12.15000	223.90
12.16667	223.90
12.18333	223.90
12.20000	223.90
12.21667	223.90
12.23333	223.90
12.25000	223.90
12.26667	223.90
12.28333	223.90
12.30000	223.90
12.31667	223.90
12.33333	223.90
12.35000	223.90
12.36667	223.90
12.38333	223.90
12.40000	223.90
12.41667	223.90
12.43333	223.90
12.45000	223.90
12.46667	223.90
12.48333	223.90
12.50000	223.90
12.51667	223.90
12.53333	223.90
12.55000	223.90
12.56667	223.90
12.58333	223.90
12.60000	223.90
12.61667	223.90
12.63333	223.90
12.65000	223.90
12.66667	223.90
12.68333	223.90
12.70000	223.90
12.71667	223.90
12.73333	223.90
12.75000	223.90
12.76667	223.90
12.78333	223.90
12.80000	223.90
12.81667	223.90
12.83333	223.90
12.85000	223.90
12.86667	223.90
12.88333	223.90
12.90000	223.90
12.91667	223.90
12.93333	223.90
12.95000	223.90
12.96667	223.90
12.98333	223.90
13.00000	223.90
13.01667	223.90
13.03333	223.90
13.05000	223.90
13.06667	223.90
13.08333	223.90
13.10000	223.90
13.11667	223.90
13.13333	223.90
13.15000	223.90
13.16667	223.90
13.18333	223.90
13.20000	223.90
13.21667	223.90
13.23333	223.90
13.25000	223.90
13.26667	223.90
13.28333	223.90
13.30000	223.90
13.31667	223.90
13.33333	223.90
13.35000	223.90
13.36667	223.90
13.38333	223.90
13.40000	223.90
13.41667	223.90
13.43333	223.90
13.45000	223.90
13.46667	223.90
13.48333	223.90
13.50000	223.90
13.51667	223.90
13.53333	223.90
13.55000	223.90
13.56667	223.90
13.58333	223.90
13.60000	223.90
13.61667	223.90
13.63333	223.90
13.65000	223.90
13.66667	223.90
13.68333	223.90
13.70000	223.90
13.71667	223.90
13.73333	223.90
13.75000	223.90
13.76667	223.90
13.78333	223.90
13.80000	223.90
13.81667	223.90
13.83333	223.90
13.85000	223.90
13.86667	223.90
13.88333	223.90
13.90000	223.90
13.91667	223.90
13.93333	223.90
13.95000	223.90
13.96667	223.90
13.98333	223.90
14.00000	223.90
14.01667	223.90
14.03333	223.90
14.05000	223.90
14.06667	223.90
14.08333	223.90
14.10000	223.90
14.11667	223.90
14.13333	223.90
14.15000	223.90
14.16667	223.90
14.18333	223.90
14.20000	223.90
14.21667	223.90
14.23333	223.90
14.25000	223.90
14.26667	223.90
14.28333	223.90
14.30000	223.90
14.31667	223.90
14.33333	223.90
14.35000	223.90
14.36667	223.90
14.38333	223.90
14.40000	223.90
14.41667	223.90
14.43333	223.90
14.45000	223.90
14.46667	223.90
14.48333	223.90
14.50000	223.90
14.51667	223.90
14.53333	223.90
14.55000	223.90
14.56667	223.90
14.58333	223.90
14.60000	223.90
14.61667	223.90
14.63333	223.90
14.65000	223.90
14.66667	223.90
14.68333	223.90
14.70000	223.90
14.71667	223.90
14.73333	223.90
14.75000	223.90
14.76667	223.90
14.78333	223.90
14.80000	223.90
14.81667	223.90
14.83333	223.90
14.85000	223.90
14.86667	223.90
14.88333	223.90
14.90000	223.90
14.91667	223.90
14.93333	223.90
14.95000	223.90
14.96667	223.90
14.98333	223.90
15.00000	223.90

[Fraction Collection Report]
# of Fractions	0
