frame_indices,x_coords,y_coords,contrasts,calibrated_values,fit_errors,diffblur_errors,neareast_neighbour_distances,selections
5.000000000000000000e+00,7.502125618681728270e+01,3.301171940278636185e+01,-1.550077879934051587e-03,4.378693809263204173e+01,3.278300151306523524e-01,nan,1.427573625932836165e+01,1.000000000000000000e+00
8.000000000000000000e+00,2.575680519272760449e+01,5.209827469400453737e+01,-2.181705202955442485e-02,6.004411005548338380e+02,8.363499361549897593e-03,nan,3.647404370053299516e+01,1.000000000000000000e+00
8.000000000000000000e+00,9.767056639958160247e+01,3.636539305917805365e+01,-1.341795294431235696e-03,3.806623369282386449e+01,3.748661533828613335e-01,nan,2.007434423029339499e+01,1.000000000000000000e+00
9.000000000000000000e+00,6.905947711877927020e+01,2.004044976216110996e+01,-1.747214750476780735e-03,4.920151348766889754e+01,2.770592107009057781e-01,nan,1.296681429729093615e+01,1.000000000000000000e+00
1.200000000000000000e+01,1.372312138102122674e+02,6.825933223179385223e+00,-1.896981337096186309e-03,5.331501327426676795e+01,3.121673963485059877e-01,nan,8.033966688180242954e+00,1.000000000000000000e+00
1.200000000000000000e+01,7.061261856475234744e+00,2.078002884225383440e+01,-1.669410145685736122e-03,4.706452664415072462e+01,2.865601045592196527e-01,nan,3.531792795960377163e+01,1.000000000000000000e+00
1.200000000000000000e+01,1.175955424072358966e+02,3.097918184611032899e+01,-1.680713354543182702e-03,4.737498138757847954e+01,2.753078129140666963e-01,nan,2.064015358802777200e+01,1.000000000000000000e+00
1.200000000000000000e+01,4.330541945103892232e+01,1.196456532363908210e+01,-1.851012888640077292e-03,5.205244057909699507e+01,2.688910385780914902e-01,nan,1.444573824483600433e+01,1.000000000000000000e+00
1.300000000000000000e+01,6.696005452254101442e+01,7.244720092352012308e+00,-1.522766019453064210e-02,4.194563928238506492e+02,1.357320366530012645e-02,nan,1.296681429729093615e+01,1.000000000000000000e+00
1.300000000000000000e+01,1.115115716872672209e+02,5.090519597746317260e+01,-3.349874314218895775e-03,9.322027576470152610e+01,1.314212762221248498e-01,nan,2.007434423029339499e+01,1.000000000000000000e+00
1.400000000000000000e+01,1.097925483379167702e+02,9.834435919200252840e+00,-1.452207172625439397e-03,4.109881424127363658e+01,3.479531631369795486e-01,nan,1.893221417690190478e+01,1.000000000000000000e+00
1.400000000000000000e+01,1.347254820333190821e+02,1.445914545716433786e+01,-1.479744575670758093e-03,4.185515852411582927e+01,3.125345034794441146e-01,nan,8.033966688180242954e+00,1.000000000000000000e+00
1.400000000000000000e+01,9.117152269588619617e+01,4.787840826653349779e+01,-1.611802036040740774e-03,4.548225818173862933e+01,3.181714179178207758e-01,nan,9.085264299733523785e+00,1.000000000000000000e+00
1.600000000000000000e+01,4.922797253789462246e+01,2.514040375508979608e+01,-1.464209442719525706e-03,4.142846945065741693e+01,3.098096080115377848e-01,nan,1.279827585129110723e+01,1.000000000000000000e+00
1.800000000000000000e+01,3.475920695675597472e+01,4.226456334108227963e+01,1.310976048205360865e-03,-3.721975007030924587e+01,3.736989589522714539e-01,nan,3.555155546595481830e+00,1.000000000000000000e+00
1.900000000000000000e+01,1.235113016647380419e+02,2.288144863468098222e+01,-1.662890606000351880e-03,4.688546050056093151e+01,2.718799192688743371e-01,nan,1.000067393082755629e+01,1.000000000000000000e+00
1.900000000000000000e+01,9.340204061222111420e+01,3.907120569018035638e+01,-1.732322344368120290e-03,4.879247759566729314e+01,3.095301418160736340e-01,nan,9.085264299733523785e+00,1.000000000000000000e+00
1.900000000000000000e+01,3.935679889299400713e+01,1.699449707517008434e+01,-1.598164702467167559e-03,4.510769420180888289e+01,3.126040735822263050e-01,nan,1.279827585129110723e+01,1.000000000000000000e+00
2.000000000000000000e+01,1.065278198331667454e+02,4.248912326351587865e+01,-1.511054975041615980e-03,4.271513219406144657e+01,2.962202976321980374e-01,nan,4.582973252944591458e+00,1.000000000000000000e+00
2.100000000000000000e+01,1.986965366567470781e+01,3.818105299818515164e+01,-7.486752110622351720e-03,2.068440573891814438e+02,3.706091811234180078e-02,nan,9.661028531832473121e+00,1.000000000000000000e+00
2.100000000000000000e+01,1.187697342472358457e+02,3.699009072936274833e+01,-1.379442126271969915e-03,3.910024427047350315e+01,3.374832980542631367e-01,nan,6.771039465217156383e+00,1.000000000000000000e+00
2.100000000000000000e+01,3.297042327362131431e+01,4.533692137611657813e+01,-1.702142908527971192e-03,4.796356705099702822e+01,3.260413893828452148e-01,nan,3.555155546595481830e+00,1.000000000000000000e+00
2.100000000000000000e+01,1.179966442340590049e+02,5.233471208317916989e+01,-1.361831134259909809e-03,3.861653950348511444e+01,3.699085401360778791e-01,nan,1.511520930534474871e+01,1.000000000000000000e+00
2.400000000000000000e+01,9.187803912345583512e+01,1.802670402163365537e+01,-2.010491548334701530e-03,5.643269285985339678e+01,3.365236798834897458e-01,nan,2.109961210580004121e+01,1.000000000000000000e+00
2.400000000000000000e+01,1.081919399925894112e+02,3.821895371978478551e+01,-1.487524877108752867e-03,4.206885284023314853e+01,2.685845618232666210e-01,nan,4.582973252944591458e+00,1.000000000000000000e+00
2.500000000000000000e+01,1.128222571299206436e+02,2.302149331842122493e+01,-2.010300284340454414e-03,5.642743958929900572e+01,3.004733806131201224e-01,nan,6.097159846752749246e+00,1.000000000000000000e+00
2.700000000000000000e+01,6.223450441282912493e+01,1.516800658618735653e+01,-1.507364180738087010e-03,4.261376057357760061e+01,3.603791814424783801e-01,nan,9.021465869561929196e+00,1.000000000000000000e+00
2.700000000000000000e+01,1.480054695948720678e+01,1.913910914167836097e+01,-1.710285152041828537e-03,4.818720249407349598e+01,3.348660270821555152e-01,nan,1.550163930229222231e+01,1.000000000000000000e+00
2.800000000000000000e+01,5.804822205318079398e+01,4.961572137680271943e+00,-2.852707985536761040e-03,7.956506979987103989e+01,1.296515745765184358e-01,nan,1.103160297265882051e+01,1.000000000000000000e+00
2.900000000000000000e+01,1.376172393706939943e+02,4.756670579530510423e+01,-1.801713657521204943e-03,5.069838436893400058e+01,3.160724822202113371e-01,nan,1.928858013034671615e+01,1.000000000000000000e+00
3.000000000000000000e+01,1.068991314398574843e+02,2.157513919284621906e+01,-3.288808276304327344e-02,9.045188230134165224e+02,1.116173893478122903e-02,nan,6.097159846752749246e+00,1.000000000000000000e+00
3.000000000000000000e+01,9.737547773120708428e+01,4.689956398434741658e+01,-1.623194213749291600e-03,4.579515654999813989e+01,2.826323456743566886e-01,nan,1.415399431826805454e+01,1.000000000000000000e+00
3.100000000000000000e+01,8.360420640108434043e+01,5.016875977440094658e+01,-1.457303153458131863e-02,4.014763151991565451e+02,2.395143025111567958e-02,nan,1.415399431826805454e+01,1.000000000000000000e+00
3.100000000000000000e+01,9.125036772010579966e+01,1.543394874840515918e+01,-1.511881526493866592e-03,4.273783431540367417e+01,3.396750233966329136e-01,nan,1.206201996196693749e+01,1.000000000000000000e+00
3.100000000000000000e+01,1.192640806154416850e+02,4.163282956224196596e+01,-1.843757417355530465e-03,5.185316128553537851e+01,2.156424723909071695e-01,nan,1.928858013034671615e+01,1.000000000000000000e+00
3.200000000000000000e+01,3.885170097814732770e+01,2.032234667552395990e+01,-1.450929873599081637e-03,4.106373185480183707e+01,3.735937965028468533e-01,nan,2.067174471914020373e+01,1.000000000000000000e+00
3.500000000000000000e+01,1.183588549358470203e+02,8.255223682176010769e+00,-1.494531856243672867e-03,4.226130703062900551e+01,3.231296850084486305e-01,nan,1.427231829395354801e+01,1.000000000000000000e+00
3.600000000000000000e+01,9.965057530408870434e+01,2.409009327751769902e+01,-7.689139071878442651e-03,2.124028321514904860e+02,3.790987429900705141e-02,nan,1.206201996196693749e+01,1.000000000000000000e+00
3.600000000000000000e+01,6.434938936254211228e+01,9.510241667786644371e+00,-2.042645499037617270e-03,5.731583557105667381e+01,2.113672822334289325e-01,nan,1.126373215701729613e+01,1.000000000000000000e+00
3.800000000000000000e+01,1.433951385989199707e+02,2.025869618666753524e+01,-1.120148434811812053e-02,3.088731588805494539e+02,1.501515768953110008e-02,nan,9.123588660645571835e+00,1.000000000000000000e+00
3.800000000000000000e+01,1.154166635720545884e+02,2.222098823205821105e+01,-1.903255012474452642e-03,5.348732649120122318e+01,2.159478533668148792e-01,nan,1.427231829395354801e+01,1.000000000000000000e+00
3.800000000000000000e+01,1.264700610190888952e+01,1.818193439252573640e+01,-1.640054002666295084e-03,4.625822871901552702e+01,3.473336830248702212e-01,nan,4.736430456276838896e+00,1.000000000000000000e+00
3.900000000000000000e+01,1.257660210160140579e+01,7.086411122025530140e+00,-1.958514062181576035e-03,5.500507550524199019e+01,2.483586224425180511e-01,nan,1.109574663415990514e+01,1.000000000000000000e+00
3.900000000000000000e+01,3.549690701129429726e+01,2.435550515370958991e+01,-1.509632855738807840e-03,4.267607216351215271e+01,3.328809955236889939e-01,nan,2.366919828621316668e+01,1.000000000000000000e+00
4.100000000000000000e+01,6.158642020173638798e+01,3.201560046293784012e+01,-6.135634721977253209e-03,1.697341704957577235e+02,4.550637837804760721e-02,nan,1.441089400634622741e+01,1.000000000000000000e+00
4.100000000000000000e+01,8.372120009097109516e+01,1.729567790302819219e+01,-1.483515976093811384e-03,4.195874407804735995e+01,3.528247731317926128e-01,nan,1.336086096562966397e+01,1.000000000000000000e+00
4.200000000000000000e+01,8.853762278224759541e+01,3.121334006671940742e+01,-1.357616445974908987e-03,3.850077857341207022e+01,3.376682252454612509e-01,nan,1.291792817698341622e+01,1.000000000000000000e+00
4.400000000000000000e+01,7.575210722259842555e+01,2.936849311922726713e+01,-1.423425220536498302e-02,3.921713778971094939e+02,1.520131737931529337e-02,nan,1.291792817698341622e+01,1.000000000000000000e+00
4.500000000000000000e+01,7.393633145898340331e+01,8.197933589318900260e+00,-1.832240223524972790e-03,5.153682921552165652e+01,3.513595385983476760e-01,nan,1.307468081258235593e+01,1.000000000000000000e+00
4.600000000000000000e+01,1.102732800875470929e+02,3.779264418770950584e+01,-1.399100184719135297e-03,3.964017391067313412e+01,3.464311166002413955e-01,nan,1.265378140001269180e+01,1.000000000000000000e+00
4.700000000000000000e+01,1.224111288838011262e+02,3.421621995132735350e+01,-1.924383148572429312e-03,5.406763338936870866e+01,3.008062108114998301e-01,nan,7.360585648704915940e+00,1.000000000000000000e+00
4.900000000000000000e+01,1.257153694811919564e+02,2.763897013347224529e+01,-1.933256110329667444e-03,5.431133879201397718e+01,2.597016296914537170e-01,nan,7.360585648704915940e+00,1.000000000000000000e+00
4.900000000000000000e+01,1.408414717877580813e+02,1.444110817925898260e+01,-2.030323056453205502e-03,5.697738648113947590e+01,2.542310970176879792e-01,nan,6.047855703330092147e+00,1.000000000000000000e+00
4.900000000000000000e+01,1.664091708350921905e+01,3.925676961213643068e+01,-1.312665150463336204e-03,3.726614307381262847e+01,3.080803531882201352e-01,nan,1.318786771041987826e+01,1.000000000000000000e+00
5.100000000000000000e+01,1.370342835115870059e+02,5.184229204593390961e+01,-1.514704577974537551e-03,4.281537244941220166e+01,3.322392651993294477e-01,nan,6.288619280453754179e+00,1.000000000000000000e+00
5.200000000000000000e+01,6.823454229508563174e+01,1.558878340870293044e+01,-1.757889384032714159e-03,4.949470373687935165e+01,3.283845357258843300e-01,nan,6.252463043930337250e+00,1.000000000000000000e+00
5.200000000000000000e+01,3.726570117258309267e+01,1.976958554998690332e+01,-1.511147889771790763e-03,4.271768419669015771e+01,3.425269779767602385e-01,nan,1.986390864958734070e+01,1.000000000000000000e+00
5.300000000000000000e+01,5.856145996037488999e+01,3.091409060884024385e+01,-1.959780769447719891e-03,5.503986697766972469e+01,2.779237091968459472e-01,nan,1.399817482179869899e+01,1.000000000000000000e+00
5.400000000000000000e+01,8.074747813032972488e+01,1.708526912925089647e+01,-1.973473947619189608e-03,5.541596478932198266e+01,2.152610488742174866e-01,nan,6.481186455707339533e+00,1.000000000000000000e+00
5.500000000000000000e+01,1.317432060049760025e+02,1.976003421503050816e+01,-1.605204858776670268e-03,4.530105963885625897e+01,2.907625091504981718e-01,nan,1.001245034860623129e+01,1.000000000000000000e+00
5.500000000000000000e+01,1.319616028358620952e+02,9.749966043056655707e+00,-1.637781061570192783e-03,4.619579995619992019e+01,3.162280471413891902e-01,nan,1.001245034860623129e+01,1.000000000000000000e+00
5.500000000000000000e+01,8.122296691934252522e+01,1.062154819737524747e+01,-1.362872689988671015e-03,3.864514694767342462e+01,3.653729260832450088e-01,nan,6.481186455707339533e+00,1.000000000000000000e+00
5.600000000000000000e+01,2.943307872983749718e+01,4.404972713314850097e+01,-1.770245275752795099e-03,4.983407154315072063e+01,3.370661900638045605e-01,nan,8.562460940282663913e+00,1.000000000000000000e+00
5.600000000000000000e+01,6.356979831607962694e+01,1.142543647071639690e+01,-1.426850093383716248e-03,4.040235488806261088e+01,3.548333932926333034e-01,nan,6.252463043930337250e+00,1.000000000000000000e+00
5.800000000000000000e+01,2.136699070623686225e+01,1.358956431343371563e+01,-1.506038863661230331e-03,4.257735931989424216e+01,3.698353368448040746e-01,nan,3.385533398482868161e+00,1.000000000000000000e+00
5.800000000000000000e+01,1.189447519071920567e+02,2.797269894925016942e+01,-1.392769965596118336e-03,3.946630765919863393e+01,3.582317481316567020e-01,nan,4.935767823515591957e+00,1.000000000000000000e+00
5.800000000000000000e+01,9.426299831098972959e+01,4.143473278584239949e+01,-1.787885977634363129e-03,5.031859232354129574e+01,2.849874050954694926e-01,nan,1.089349546362568155e+01,1.000000000000000000e+00
5.800000000000000000e+01,4.705374612737916351e+01,5.125432417088393322e+01,-1.682045429779119913e-03,4.741156826134281488e+01,2.673911890606647246e-01,nan,1.518019581392347561e+01,1.000000000000000000e+00
5.900000000000000000e+01,6.032932159269367389e+01,3.876154500948495496e+01,-2.101797580576833437e-03,5.894051087601456373e+01,2.515681553788465807e-01,nan,1.468317487890170092e+01,1.000000000000000000e+00
6.100000000000000000e+01,2.911318771439712094e+01,1.719329852355484789e+01,-1.967375210758008641e-03,5.524845644621780849e+01,2.615023180351928600e-01,nan,8.543445929273991268e+00,1.000000000000000000e+00
6.100000000000000000e+01,3.694100092158651449e+01,3.993307294357793324e+01,-1.703648478748881348e-03,4.800491915043534163e+01,2.925668666771258364e-01,nan,8.562460940282663913e+00,1.000000000000000000e+00
6.100000000000000000e+01,8.938299322101093480e+01,1.567289144015102664e+01,-1.678448024490680019e-03,4.731276167023108314e+01,2.777895435490741471e-01,nan,6.727829309268422264e+00,1.000000000000000000e+00
6.100000000000000000e+01,1.030606924735603513e+02,4.785881410832767102e+01,-1.683758417791286635e-03,4.745861731268027484e+01,3.714279879042663435e-01,nan,4.818999843489558010e+00,1.000000000000000000e+00
6.200000000000000000e+01,1.823277462303779828e+01,1.230951512060584818e+01,-2.000427421275692216e-03,5.615627082578023987e+01,3.347263195400871361e-01,nan,3.385533398482868161e+00,1.000000000000000000e+00
6.200000000000000000e+01,1.090356947394936782e+02,2.982733410412372521e+01,-1.814662458477301569e-03,5.105403706271516739e+01,2.163467053813167285e-01,nan,1.008112521053118726e+01,1.000000000000000000e+00
6.200000000000000000e+01,2.509002794546701409e+01,3.384433160299352039e+01,-1.499059077527672285e-03,4.238565201441993935e+01,3.645999145743266112e-01,nan,8.666650694498434504e+00,1.000000000000000000e+00
6.300000000000000000e+01,1.180457362662250489e+02,2.311949641020973445e+01,-1.854254623690748194e-03,5.214147830600352762e+01,2.967947026423282120e-01,nan,3.313302740617130482e+00,1.000000000000000000e+00
6.300000000000000000e+01,4.026845270204556471e+01,2.897801406790648926e+01,-1.719093997670990623e-03,4.842914687855635947e+01,3.130252500670744897e-01,nan,7.307992118450156838e+00,1.000000000000000000e+00
6.300000000000000000e+01,2.841732202207161251e+01,5.012769540462472406e+01,-1.706800982250857761e-03,4.809150603723929862e+01,2.622689003857163748e-01,nan,1.328846978042676241e+01,1.000000000000000000e+00
6.300000000000000000e+01,2.018094904086996166e+01,2.525620287677141107e+01,-1.394781684679901419e-03,3.952156167952871613e+01,3.525649770885607159e-01,nan,9.892169160994022548e+00,1.000000000000000000e+00
6.400000000000000000e+01,3.348878414538092585e+01,3.170617151664408340e+01,-1.688886485144614055e-03,4.759946517761277818e+01,2.703793291436468182e-01,nan,7.307992118450156838e+00,1.000000000000000000e+00
6.400000000000000000e+01,9.977748412764528041e+01,4.433130755994735495e+01,-1.877647724357806892e-03,5.278399488312460619e+01,3.143486030235990158e-01,nan,4.818999843489558010e+00,1.000000000000000000e+00
6.500000000000000000e+01,6.693251943428499828e+01,1.067654309053726003e+01,-9.077546058271547882e-03,2.505369178054064605e+02,2.105707184184646419e-02,nan,1.739351333229195617e+01,1.000000000000000000e+00
6.500000000000000000e+01,1.219356182805567670e+02,3.906923949026577247e+01,-1.594104423956627234e-03,4.499617430165198328e+01,3.073997338486598174e-01,nan,1.586886393323967859e+01,1.000000000000000000e+00
6.600000000000000000e+01,1.343140511523869236e+02,5.083208658132269164e+01,-2.273262718685434801e-03,6.364998463073867896e+01,2.403478386679459566e-01,nan,5.968767419037857458e+00,1.000000000000000000e+00
6.700000000000000000e+01,1.335536844718971565e+02,2.292986174366954089e+01,-1.911068915753472543e-03,5.370194371788895182e+01,2.868282950509588591e-01,nan,5.743229931348523110e+00,1.000000000000000000e+00
6.700000000000000000e+01,4.610994248538977303e+01,5.187052350553410918e+01,-1.484916528531542504e-03,4.199721175153695185e+01,2.437885273532622854e-01,nan,1.777825268828025074e+01,1.000000000000000000e+00
6.800000000000000000e+01,1.148839828109618111e+02,2.411009730820648400e+01,-1.780600440177017470e-03,5.011848723032580466e+01,3.011852598140968285e-01,nan,3.313302740617130482e+00,1.000000000000000000e+00
6.800000000000000000e+01,9.761576664372904943e+00,1.522317692965596159e+01,-1.717007637475685732e-03,4.837184276011529249e+01,2.823295949272207617e-01,nan,1.192663567994126339e+01,1.000000000000000000e+00
6.900000000000000000e+01,8.080876330704805355e+01,2.116387649918904046e+01,-1.704091674056907972e-03,4.801709198448424587e+01,2.891341788029194726e-01,nan,9.648924681812031778e+00,1.000000000000000000e+00
7.100000000000000000e+01,1.316915712898830009e+02,2.836283740546912924e+01,-1.853894366088580051e-03,5.213158344491942842e+01,2.238916649235546119e-01,nan,5.743229931348523110e+00,1.000000000000000000e+00
7.100000000000000000e+01,1.370318664009100758e+02,4.551798601984825865e+01,-1.256623248589439296e-03,3.572689218613202655e+01,3.397720842016164200e-01,nan,5.968767419037857458e+00,1.000000000000000000e+00
7.200000000000000000e+01,3.184695771092299310e+01,2.037926807001975149e+01,-1.624621202300480976e-03,4.583435031967196238e+01,2.856145144047500528e-01,nan,1.314614232418567674e+01,1.000000000000000000e+00
7.200000000000000000e+01,1.379906900325147774e+02,3.521489635495402126e+01,-1.883400639467965477e-03,5.294200486126539573e+01,2.338865930781144353e-01,nan,9.307502821970613738e+00,1.000000000000000000e+00
7.300000000000000000e+01,1.297203799317700543e+02,1.133371460451087920e+01,-1.407358446815479627e-02,3.877584663282106021e+02,9.668155344149775843e-03,nan,1.010192848778693886e+01,1.000000000000000000e+00
7.300000000000000000e+01,9.748747768970470418e+01,4.700964618262224803e+01,-1.515917454665648969e-03,4.284868540741354082e+01,3.123483001146476479e-01,nan,1.321592717153545671e+01,1.000000000000000000e+00
7.400000000000000000e+01,2.868195294732068490e+01,5.672056316474018978e+00,-1.949744031515038408e-03,5.476419721530048434e+01,3.068392455839875632e-01,nan,9.976597610882903311e+00,1.000000000000000000e+00
7.400000000000000000e+01,1.337639483448598980e+02,2.059106377482002159e+01,-1.609545967780778245e-03,4.542029284944798917e+01,3.265970594422256124e-01,nan,8.043333390084457690e+00,1.000000000000000000e+00
7.600000000000000000e+01,9.624506289725844965e+01,2.975505127108660020e+01,-1.326056140525926075e-02,3.654279166962101044e+02,1.760529837653479479e-02,nan,1.046713006145926528e+01,1.000000000000000000e+00
7.600000000000000000e+01,5.014136574226898801e+01,2.724114578031827349e+01,-1.856545068101158203e-03,5.220438781610258872e+01,2.594743982094698254e-01,nan,8.238070459307385462e+00,1.000000000000000000e+00
7.700000000000000000e+01,5.925726696929457660e+01,3.414944300022600032e+01,-1.292683024491509715e-03,3.671731257178775110e+01,3.504101790828436647e-01,nan,1.143784182700003349e+01,1.000000000000000000e+00
7.900000000000000000e+01,8.934285566927604805e+01,1.878836341582528391e+01,-6.570556346388247045e-03,1.816797589583421484e+02,3.458931703420575765e-02,nan,6.509309678119129750e+00,1.000000000000000000e+00
8.000000000000000000e+01,8.146633520536508399e+01,3.065048467264886511e+01,-1.368807841756613077e-03,3.880816225089922966e+01,3.691621989941419324e-01,nan,3.850618604014625745e+00,1.000000000000000000e+00
8.100000000000000000e+01,7.420019726114367664e+00,3.537262449942552678e+01,-2.360011148661914429e-02,6.494147392127417788e+02,1.127571990974396421e-02,nan,1.539228003992677074e+01,1.000000000000000000e+00
8.100000000000000000e+01,6.015672522591928129e+01,7.921037757053912998e+00,-1.551508764588502157e-03,4.382623887295687126e+01,2.986691977714300839e-01,nan,5.157233902433059569e+00,1.000000000000000000e+00
8.100000000000000000e+01,1.299699815032315371e+02,3.120368684870083342e+01,-1.598653740967779114e-03,4.512112616826623679e+01,3.058588538662726508e-01,nan,2.071177991457510004e+01,1.000000000000000000e+00
8.100000000000000000e+01,4.822005564973928671e+01,8.662357027510513063e+00,-1.714347790384887927e-03,4.829878720955925075e+01,2.714028970107736916e-01,nan,1.195966700337644895e+01,1.000000000000000000e+00
8.100000000000000000e+01,1.026650652917046074e+02,3.802211731526514171e+01,-1.631745108756440469e-03,4.603001604423575799e+01,3.691353404238433278e-01,nan,7.453021047965648904e+00,1.000000000000000000e+00
8.200000000000000000e+01,3.705850229449264077e+01,4.551187026730217866e+01,-1.881848159036968171e-02,5.180821502702120824e+02,1.625807711798243904e-02,nan,1.839556201631371479e+01,1.000000000000000000e+00
8.400000000000000000e+01,9.261467115951438700e+01,1.316107846804701964e+01,-1.298089140487841079e-03,3.686579734064841318e+01,3.422584856389614405e-01,nan,6.509309678119129750e+00,1.000000000000000000e+00
8.500000000000000000e+01,2.177546140540449215e+01,1.814414703502663428e+01,-1.730098962985914977e-03,4.873141004350047467e+01,2.604678029336817691e-01,nan,6.266059125929080764e+00,1.000000000000000000e+00
8.500000000000000000e+01,4.383220538554024870e+01,2.840883988288269890e+01,-1.747842700680840491e-03,4.921876081291480176e+01,2.420754297137588384e-01,nan,1.434864430132066282e+01,1.000000000000000000e+00
8.500000000000000000e+01,8.223116898747842640e+01,3.442438092444511000e+01,-1.901327154925728244e-03,5.343437581779486578e+01,2.235723494938867129e-01,nan,3.850618604014625745e+00,1.000000000000000000e+00
8.600000000000000000e+01,3.083212742075216539e+01,1.272737652418196497e+01,-2.229912881951900960e-03,6.245933491255021153e+01,1.856185844900499760e-01,nan,8.729493407675805727e+00,1.000000000000000000e+00
8.600000000000000000e+01,2.102545418536020705e+01,1.192313536974898724e+01,-1.730300428855118889e-03,4.873694351948255843e+01,3.207421581754759110e-01,nan,4.418028484510204024e+00,1.000000000000000000e+00
8.600000000000000000e+01,2.217790229928544932e+01,3.099916056519428764e+01,-1.492303199503840260e-03,4.220009458511204770e+01,3.199742285398117225e-01,nan,1.286131142356257229e+01,1.000000000000000000e+00
8.700000000000000000e+01,1.214295862639168462e+02,2.720757783615811931e+01,-1.180129892965164949e-03,3.362592020607197441e+01,3.335755814397735053e-01,nan,9.887559985872085733e+00,1.000000000000000000e+00
8.700000000000000000e+01,6.584702298155279721e+01,3.871998112995878927e+01,-1.848959729361052519e-03,5.199604835939860692e+01,2.846935257982844414e-01,nan,1.099784836418394640e+01,1.000000000000000000e+00
8.800000000000000000e+01,1.421884941167858472e+02,2.041250301208140172e+01,-1.543873510880718449e-03,4.361652844817832175e+01,2.769608411229907974e-01,nan,1.222987802420155035e+01,1.000000000000000000e+00
8.800000000000000000e+01,7.484781385380427032e+00,4.086993132201011747e+01,-1.304761099897023147e-03,3.704904985528042971e+01,3.142183904411761652e-01,nan,1.770084510762815810e+01,1.000000000000000000e+00
8.800000000000000000e+01,1.407769673592344475e+02,5.290063171047956558e+01,-1.600075826859714877e-03,4.516018528115012032e+01,2.791428661158569247e-01,nan,2.101890335076214456e+01,1.000000000000000000e+00
9.000000000000000000e+01,6.960483736959508860e+01,2.838404867726707081e+01,-1.093102407000789977e-02,3.014446775256472506e+02,2.647601266575660972e-02,nan,1.099784836418394640e+01,1.000000000000000000e+00
9.000000000000000000e+01,1.383453622763378235e+02,3.202285417575352255e+01,-1.888347615370350886e-03,5.307787885544595952e+01,3.079743124355408534e-01,nan,7.097079515245533265e+00,1.000000000000000000e+00
9.000000000000000000e+01,8.925667414029328484e+01,2.795883524440318979e+01,-1.385185051034775947e-03,3.925797985301891657e+01,3.242199953376913024e-01,nan,9.350146888200171702e+00,1.000000000000000000e+00
9.100000000000000000e+01,2.273763493455159690e+01,1.599590012750776857e+01,-2.036780869122033644e-03,5.715475722607486375e+01,2.754719976493673617e-01,nan,4.418028484510204024e+00,1.000000000000000000e+00
9.100000000000000000e+01,1.134217325376215797e+02,3.300741586600669564e+01,-1.581259940874113002e-03,4.464338681005246201e+01,2.418724224774364551e-01,nan,9.887559985872085733e+00,1.000000000000000000e+00
9.200000000000000000e+01,1.013091486011454521e+02,9.873322135675804745e+00,-1.487101028161500046e-03,4.205721137471383742e+01,3.360041856059320375e-01,nan,1.338031082157428564e+01,1.000000000000000000e+00
9.300000000000000000e+01,1.322136357324795597e+02,2.844927512428960270e+01,-1.497617910164008963e-03,4.234606880846796173e+01,2.791179906460536930e-01,nan,7.097079515245533265e+00,1.000000000000000000e+00
9.400000000000000000e+01,1.817513319104151748e+01,3.025883630238842059e+01,-1.404889164723873742e-03,3.979917444978955388e+01,3.235277474592092029e-01,nan,1.497490469045635209e+01,1.000000000000000000e+00
9.500000000000000000e+01,1.219265580266437468e+02,1.009220557554670172e+01,-1.273744251920911046e-03,3.619713888895181952e+01,3.571474046862187501e-01,nan,2.061857127394804934e+01,1.000000000000000000e+00
9.500000000000000000e+01,5.845647674710310326e+01,1.774517607377817541e+01,-1.240607773845473286e-03,3.528701001061723730e+01,3.555886782603571161e-01,nan,1.226127838515915691e+01,1.000000000000000000e+00
9.600000000000000000e+01,4.964859866498263585e+01,2.627513687842862922e+01,-1.364086968715661971e-03,3.867849841409257294e+01,3.413381864924365239e-01,nan,1.226127838515915691e+01,1.000000000000000000e+00
9.700000000000000000e+01,1.282133695055469218e+02,4.188357140956757263e+01,-1.578116054170558731e-03,4.455703659285066465e+01,3.057964126769487923e-01,nan,1.096655899869915984e+01,1.000000000000000000e+00
9.700000000000000000e+01,9.051111150096052427e+01,4.285804734940883520e+01,-1.894073255494533540e-03,5.323513969686991487e+01,2.850236375056278693e-01,nan,1.127459345339191898e+01,1.000000000000000000e+00
9.900000000000000000e+01,3.746110321874890303e+01,3.763236514586341031e+01,-1.848185132381931391e-03,5.197477322333363503e+01,3.154379046579947055e-01,nan,1.310217702359126157e+01,1.000000000000000000e+00
1.000000000000000000e+02,7.962000718092373575e+01,3.994251922755099571e+01,-1.571349737479887584e-03,4.437119245437229154e+01,2.721175615685289539e-01,nan,1.127459345339191898e+01,1.000000000000000000e+00
1.000000000000000000e+02,4.448471354098949604e+01,4.869292303409120848e+01,-1.366236497172989249e-03,3.873753751653918442e+01,3.479898915293141437e-01,nan,1.310217702359126157e+01,1.000000000000000000e+00
1.010000000000000000e+02,1.828204577549366761e+01,1.773755303417375728e+01,-1.871279390388834972e-03,5.260908176656329260e+01,2.782822702935875414e-01,nan,1.195603625028953410e+01,1.000000000000000000e+00
1.020000000000000000e+02,1.280413252562855462e+02,3.091836201584208865e+01,-2.156475166921233925e-03,6.044228937572055571e+01,3.043316121743651070e-01,nan,1.096655899869915984e+01,1.000000000000000000e+00
1.030000000000000000e+02,5.316032875392972201e+00,8.529344804841674232e+00,-1.907013062083598182e-03,5.359054535072246495e+01,2.387734911603789367e-01,nan,1.590309999089223858e+01,1.000000000000000000e+00
1.040000000000000000e+02,8.604997882139325327e+01,2.094389715856934231e+01,-2.247326206877592759e-03,6.293761054119775622e+01,2.050978681274713278e-01,nan,1.097888282203584609e+01,1.000000000000000000e+00
1.040000000000000000e+02,1.130561534905312300e+02,2.511357440269427599e+01,-1.587170027294244282e-03,4.480571366664141664e+01,2.724737228733247196e-01,nan,1.099510664266391480e+01,1.000000000000000000e+00
1.050000000000000000e+02,5.864513631991874476e+00,3.641255664307929862e+01,-1.563460542709651981e-03,4.415450726619836530e+01,3.278806455290798061e-01,nan,7.288169019057088249e+00,1.000000000000000000e+00
1.060000000000000000e+02,3.980149592795579139e+01,3.430165427877130924e+01,-2.193385110615264991e-02,6.036491123517680535e+02,1.106619943533693196e-02,nan,9.684290055437710265e+00,1.000000000000000000e+00
1.060000000000000000e+02,1.100576425118396315e+02,3.569191557672615289e+01,-1.078235344647333546e-02,2.973612795395736157e+02,4.180997637470307282e-02,nan,8.802627747302786076e+00,1.000000000000000000e+00
1.080000000000000000e+02,8.256757430416341492e+01,6.385171594428074471e+00,-3.496473703736396356e-03,9.724678508902822216e+01,9.900619869485149938e-02,nan,1.383418270929337268e+01,1.000000000000000000e+00
1.080000000000000000e+02,1.133646491688786142e+02,1.297592117939626810e+01,-1.736529207357285966e-03,4.890802359560488810e+01,3.735709696193543206e-01,nan,1.214157301804817735e+01,1.000000000000000000e+00
1.080000000000000000e+02,1.059367332745828492e+02,4.347037058500875162e+01,-7.507954084131560069e-03,2.074263923109702148e+02,4.009869768260965195e-02,nan,8.802627747302786076e+00,1.000000000000000000e+00
1.080000000000000000e+02,4.286153534734813064e+01,2.511352973512178721e+01,-2.029554554331154149e-03,5.695627874685498426e+01,3.259104999013022752e-01,nan,6.885739280608029311e+00,1.000000000000000000e+00
1.090000000000000000e+02,7.541293386111502173e+01,1.822559943149578743e+01,-1.750893323271662111e-02,4.821140013570319525e+02,1.376931621915200576e-02,nan,1.097888282203584609e+01,1.000000000000000000e+00
1.110000000000000000e+02,3.045284510025819813e+01,4.821013900916612016e+01,-6.060969444089991595e-03,1.676834086296545081e+02,6.185758691805831599e-02,nan,1.675837760028805690e+01,1.000000000000000000e+00
1.110000000000000000e+02,1.285289098965530457e+02,1.437838922925852003e+01,-1.550315645603780315e-03,4.379346858153324717e+01,3.095949719233234143e-01,nan,1.348962535399641460e+01,1.000000000000000000e+00
1.120000000000000000e+02,1.202566045394559637e+02,2.503385525708319648e+01,-1.813460657362448792e-03,5.102102830728400562e+01,3.100251543950724997e-01,nan,1.348962535399641460e+01,1.000000000000000000e+00
1.130000000000000000e+02,5.772045563944049462e+01,4.825013386481281685e+01,-1.664928346970855890e-03,4.694142923989402760e+01,3.033857639609965906e-01,nan,9.925793276832374445e+00,1.000000000000000000e+00
1.130000000000000000e+02,3.071906232550922411e+01,2.954406028628165259e+01,-1.664373797037295996e-03,4.692619793173079046e+01,3.250026206802970608e-01,nan,7.522016387620243272e+00,1.000000000000000000e+00
1.140000000000000000e+02,3.731594431765081055e+01,2.592993819130678190e+01,-1.789074160769598895e-03,5.035122704656968295e+01,2.445404568796768485e-01,nan,7.522016387620243272e+00,1.000000000000000000e+00
1.150000000000000000e+02,8.897922702721757560e+01,2.443777278827602117e+01,-1.632081829688460800e-03,4.603926444545309948e+01,2.679758012766501052e-01,nan,7.582951254409660891e+00,1.000000000000000000e+00
1.160000000000000000e+02,7.180022998591992689e+01,4.330606378537682843e+01,-1.445556560315381734e-03,4.091614804759393564e+01,3.728788155915686575e-01,nan,6.455657115777034605e+00,1.000000000000000000e+00
1.170000000000000000e+02,8.171233693427770106e+01,2.227133375061875142e+01,-1.730956470928406371e-03,4.875496241801915431e+01,2.730681104036699614e-01,nan,7.582951254409660891e+00,1.000000000000000000e+00
1.170000000000000000e+02,6.546866640263390025e+01,4.204637676580058780e+01,-2.114968135126557569e-03,5.930225426986878290e+01,2.320824233800168335e-01,nan,6.455657115777034605e+00,1.000000000000000000e+00
1.170000000000000000e+02,9.093349131152133680e+01,5.017442093090084398e+01,-1.904152326871957554e-03,5.351197219266217786e+01,3.608840473947798611e-01,nan,5.854782733653211224e+00,1.000000000000000000e+00
1.180000000000000000e+02,9.200916885865764527e+01,4.441930158610263391e+01,-1.782698815532945740e-03,5.017612135802846041e+01,2.655168321808586418e-01,nan,5.854782733653211224e+00,1.000000000000000000e+00
1.180000000000000000e+02,1.148428598030629217e+02,2.344070553224393905e+01,-1.843959726707100578e-03,5.185871792866449681e+01,2.769542738529440218e-01,nan,1.524601582503098562e+01,1.000000000000000000e+00
1.180000000000000000e+02,6.163865452029889447e+00,2.482656112423441996e+01,-1.486298826830885489e-03,4.203517805555515707e+01,3.541470301968703271e-01,nan,1.338768501142017442e+01,1.000000000000000000e+00
1.190000000000000000e+02,1.328535481704508356e+02,3.306537521040851146e+01,-1.514342273993586402e-03,4.280542138234199001e+01,2.967855852816998485e-01,nan,5.539607335420478229e+00,1.000000000000000000e+00
1.190000000000000000e+02,1.038983684471600810e+02,6.431009673821646899e+00,1.221473043999520437e-03,-3.476145415123213667e+01,3.672090347989691583e-01,nan,1.774122819979396937e+01,1.000000000000000000e+00
1.200000000000000000e+02,5.230308349371333065e+01,1.966066395745259854e+01,1.552025593243262953e-03,-4.384043412577697296e+01,3.194599135374102117e-01,nan,1.037303618223678825e+01,1.000000000000000000e+00
1.220000000000000000e+02,9.160891799495443522e+00,3.787447065172585070e+01,-2.225220551076900408e-02,6.123930572129791017e+02,1.500783779286918307e-02,nan,1.338768501142017442e+01,1.000000000000000000e+00
1.220000000000000000e+02,6.301028166188048374e+01,1.888983107923190730e+01,-1.165852664888937691e-02,3.214263154231795170e+02,1.900191574070042577e-02,nan,1.073490921892439864e+01,1.000000000000000000e+00
1.220000000000000000e+02,8.733938579120246004e+01,1.279899769492057260e+01,-1.753881557323204617e-03,4.938462448164343499e+01,3.153112149638865880e-01,nan,1.101765987813646319e+01,1.000000000000000000e+00
1.230000000000000000e+02,4.839455128071786305e+01,3.052965118567037450e+01,-2.150188814579257705e-03,6.026962797239357883e+01,2.812032103876861422e-01,nan,9.990197206440106115e+00,1.000000000000000000e+00
1.240000000000000000e+02,9.643136472139781290e+01,4.498857641641661331e+01,-1.905305703826338506e-03,5.354365092663619663e+01,2.544008879067058970e-01,nan,2.162504637719436928e+01,1.000000000000000000e+00
1.280000000000000000e+02,4.611718509721458048e+01,4.209014203041860469e+01,-1.741285690916236084e-03,4.903866551344747648e+01,3.170856442159915023e-01,nan,1.178267139935897312e+01,1.000000000000000000e+00
1.290000000000000000e+02,1.251497368794237133e+02,2.748611087773156925e+01,-1.589485881017974360e-03,4.486932107075862319e+01,2.632824336598015291e-01,nan,5.100187839119817212e+00,1.000000000000000000e+00
1.290000000000000000e+02,1.095772329072469908e+01,3.126295757124973917e+01,-1.451329816833175435e-03,4.107471672429262810e+01,3.338896604147848501e-01,nan,9.614180544449533627e+00,1.000000000000000000e+00
1.300000000000000000e+02,2.566866186360731916e+01,5.299670537591806152e+01,-7.734305746865273098e-03,2.136433832791716441e+02,3.643138036728932327e-02,nan,1.493597479500611414e+01,1.000000000000000000e+00
1.320000000000000000e+02,1.174464916266730370e+02,3.042296268095889644e+01,-2.603219856987584995e-03,7.271261100574930936e+01,1.853613868695709321e-01,nan,5.169752724596012428e+00,1.000000000000000000e+00
1.320000000000000000e+02,1.354537090989080070e+02,2.201485439367325725e+01,-1.562344851964810131e-03,4.412386362435267273e+01,3.284201269263381517e-01,nan,8.119162942704363672e+00,1.000000000000000000e+00
1.320000000000000000e+02,2.807453709755983340e+01,3.825577231739995909e+01,-1.364935578206593128e-03,3.870180638310385746e+01,3.498647286843274973e-01,nan,1.493597479500611414e+01,1.000000000000000000e+00
1.330000000000000000e+02,3.280036514594762309e+01,1.586119877501031006e+01,-2.367403935514720940e-03,6.623567402967938733e+01,2.349083881662699103e-01,nan,7.290542299710191188e+00,1.000000000000000000e+00
1.330000000000000000e+02,1.301990979378421400e+02,2.820435101587007409e+01,-1.775619181163547253e-03,4.998167161376261447e+01,2.979039964140322017e-01,nan,5.100187839119817212e+00,1.000000000000000000e+00
1.350000000000000000e+02,8.517463860449815627e+01,4.322741515547718905e+01,-1.754655461067777204e-03,4.940588057727868687e+01,2.605008006260746134e-01,nan,9.160231661699301142e+00,1.000000000000000000e+00
1.350000000000000000e+02,6.681651116504605170e+01,4.462168336306049099e+01,-1.544215766125137329e-03,4.362592885521608821e+01,2.953637734920736557e-01,nan,1.493089875179141401e+01,1.000000000000000000e+00
1.350000000000000000e+02,2.206365244852145935e+01,1.481368295704881533e+01,1.199558560927794972e-03,-3.415954939080631902e+01,3.735424509943524596e-01,nan,1.026102947540575450e+01,1.000000000000000000e+00
1.350000000000000000e+02,1.145889855681715801e+02,2.611471450343994505e+01,-1.684641649755282307e-03,4.748287622501460703e+01,3.343442228763995328e-01,nan,5.169752724596012428e+00,1.000000000000000000e+00
1.360000000000000000e+02,7.462852146620367932e+01,1.182359224633700201e+01,-1.976228833618841937e-03,5.549163068535037979e+01,2.434761742861775158e-01,nan,1.446046945426418340e+01,1.000000000000000000e+00
1.390000000000000000e+02,4.626785470107892451e+01,2.361806857707868090e+01,-2.582176406656555481e-03,7.213463009291760386e+01,1.604459535008130322e-01,nan,1.045558436821115045e+01,1.000000000000000000e+00
1.390000000000000000e+02,3.214385324849695280e+01,2.990570811934855300e+01,-1.267459522341555069e-03,3.602452205653910511e+01,3.356126922745965580e-01,nan,1.546033078708386910e+01,1.000000000000000000e+00
1.400000000000000000e+02,9.562549025538068292e+01,1.096730719241481111e+01,-1.686454746378233081e-03,4.753267486662044661e+01,2.041824307250903470e-01,nan,1.654360449844949699e+01,1.000000000000000000e+00
1.400000000000000000e+02,1.258898859338261076e+02,2.231137682046158588e+01,-1.474621372457826261e-03,4.171444425801155376e+01,2.555443526851400859e-01,nan,1.192374633264285144e+01,1.000000000000000000e+00
1.420000000000000000e+02,1.248290113580053742e+02,9.654083969875177473e+00,-1.454720443962363241e-03,4.116784393168362755e+01,3.464594755786971625e-01,nan,1.270167379407645747e+01,1.000000000000000000e+00
1.420000000000000000e+02,1.741999467792424738e+01,3.544663040491787598e+01,-1.564453419540574744e-03,4.418177769229478713e+01,2.960101004004602743e-01,nan,5.022707728422656004e+00,1.000000000000000000e+00
1.420000000000000000e+02,1.347156441144408916e+02,4.415199005823485834e+01,-1.740367816249115216e-03,4.901345510214979839e+01,2.704875648906405194e-01,nan,8.381931610086629902e+00,1.000000000000000000e+00
1.420000000000000000e+02,4.412501818521056407e+01,1.338442327606093940e+01,-2.089528574179307183e-03,5.860352946823069686e+01,2.703940101094677306e-01,nan,1.045558436821115045e+01,1.000000000000000000e+00
1.430000000000000000e+02,1.110107911168202435e+02,1.704870236162603092e+01,-1.468818193998261456e-03,4.155505374311871947e+01,3.430892744002295158e-01,nan,9.456027414602505843e+00,1.000000000000000000e+00
1.430000000000000000e+02,7.226821497389276772e+01,3.577152715322672094e+01,-1.409852555530145607e-03,3.993549929689503841e+01,3.626665684349628105e-01,nan,6.597786757759569909e+00,1.000000000000000000e+00
1.440000000000000000e+02,1.308858322437151287e+02,3.669616558665443762e+01,-1.467642911960146193e-03,4.152277336254714868e+01,3.234960626944679563e-01,nan,8.381931610086629902e+00,1.000000000000000000e+00
1.460000000000000000e+02,7.601304213498798390e+01,2.611643880335473256e+01,-2.021549850153468546e-03,5.673642096902923981e+01,2.529230477281156908e-01,nan,1.035589018434968978e+01,1.000000000000000000e+00
1.470000000000000000e+02,2.497768799517248084e+01,4.126015382272297671e+01,-3.004979162021905511e-03,8.374736083097002393e+01,1.768086188899972155e-01,nan,7.339358990098021174e+00,1.000000000000000000e+00
1.470000000000000000e+02,1.051258007390386524e+02,9.647125318918698511e+00,-1.481952314925047550e-03,4.191579644847783470e+01,3.734592452126805906e-01,nan,9.456027414602505843e+00,1.000000000000000000e+00
1.480000000000000000e+02,5.981894191418595597e+01,3.598621558144139243e+01,-1.526771616520977834e-03,4.314680659374369043e+01,3.543437854418267641e-01,nan,8.483835746112495357e+00,1.000000000000000000e+00
1.480000000000000000e+02,7.112685111724485409e+01,4.412986324468844401e+01,-2.148440034815053776e-03,6.022159586223311578e+01,2.300018197365243378e-01,nan,8.435905029757853058e+00,1.000000000000000000e+00
1.480000000000000000e+02,3.765134421680526344e+01,1.908151576017693785e+01,-1.312919238569674497e-03,3.727312187592591641e+01,3.522525223225252411e-01,nan,1.139149980496738301e+01,1.000000000000000000e+00
1.490000000000000000e+02,3.867116383953255365e+01,7.735757268843170387e+00,-1.692677139662736091e-03,4.770357956589744219e+01,2.860454447011449020e-01,nan,1.139149980496738301e+01,1.000000000000000000e+00
1.490000000000000000e+02,2.655478112725754158e+01,2.176321232430007768e+01,-1.293769399570900841e-03,3.674715102746810658e+01,3.431150106607495642e-01,nan,7.589087873138121054e+00,1.000000000000000000e+00
1.500000000000000000e+02,1.688386677079452625e+01,1.882809154866628631e+01,-2.347657873109369481e-03,6.569332726646594267e+01,2.298733546734809119e-01,nan,8.217050565147333785e+00,1.000000000000000000e+00
1.510000000000000000e+02,8.740754618415863320e+01,2.700262673454503215e+01,-1.467695562061587140e-02,4.043307015838304324e+02,2.569094890064338443e-02,nan,1.142891296563035652e+01,1.000000000000000000e+00
1.510000000000000000e+02,4.859754140919559973e+01,3.166148068441841090e+01,-2.317973576468975935e-03,6.487801625049233678e+01,2.034881845871978623e-01,nan,1.007243946934605106e+01,1.000000000000000000e+00
1.510000000000000000e+02,1.911482254871177844e+01,3.684506615176673705e+01,-1.488895366714578037e-03,4.210649480583007431e+01,3.547178369496992723e-01,nan,7.339358990098021174e+00,1.000000000000000000e+00
1.520000000000000000e+02,1.302982299009451310e+02,3.029558900534103927e+01,-1.560270187752636458e-03,4.406688074862135096e+01,3.054178689165404359e-01,nan,8.093138577644591436e+00,1.000000000000000000e+00
1.540000000000000000e+02,2.995358172097401095e+01,2.854866804004715419e+01,-8.034887750043321827e-03,2.218991900905412820e+02,3.239613959098286422e-02,nan,7.589087873138121054e+00,1.000000000000000000e+00
1.550000000000000000e+02,1.355581235935398752e+02,3.644639467448399728e+01,-1.381525945895194837e-03,3.915747860938000002e+01,3.397790607879621616e-01,nan,6.020879951206167036e+00,1.000000000000000000e+00
1.550000000000000000e+02,1.289363706840769623e+02,4.045846140985039341e+01,-1.534127218663493275e-03,4.334883608861645143e+01,3.308956951868897711e-01,nan,7.742369862194269814e+00,1.000000000000000000e+00
1.560000000000000000e+02,6.174863042987833239e+01,8.882592633950748606e+00,-7.310636036185362563e-03,2.020068406844031870e+02,3.345576283683793228e-02,nan,1.076877179346069191e+01,1.000000000000000000e+00
1.560000000000000000e+02,8.501953801178910908e+01,4.010457018006399466e+01,-1.432219471051557336e-02,3.945868130374531120e+02,1.356467081666945518e-02,nan,8.583352494248140729e+00,1.000000000000000000e+00
1.560000000000000000e+02,4.670543277239214319e+01,2.176835368785286917e+01,-1.513589557843840862e-03,4.278474722670262054e+01,3.329594642454475339e-01,nan,4.831770248735986151e+00,1.000000000000000000e+00
1.580000000000000000e+02,2.780143204567158222e+01,5.363412661222154654e+00,1.305066251789499532e-03,-3.705743117899832839e+01,3.412011042596174715e-01,nan,2.328492678120843351e+01,1.000000000000000000e+00
1.580000000000000000e+02,4.923584521362089106e+01,4.543816942977593243e+01,-1.609401593223440527e-03,4.541632744752354256e+01,2.948979856293383328e-01,nan,4.880059304975204348e+00,1.000000000000000000e+00
1.590000000000000000e+02,9.291891164297717864e+01,2.129285559779638604e+01,-1.998815139440272837e-03,5.611198777750067279e+01,2.421088915904461292e-01,nan,1.792859631260973785e+01,1.000000000000000000e+00
1.590000000000000000e+02,9.355615940291082211e+01,3.921012327545815168e+01,-4.005922891605788634e-03,1.112393529433567494e+02,9.947631243655141731e-02,nan,8.583352494248140729e+00,1.000000000000000000e+00
1.600000000000000000e+02,1.375351477592673461e+02,3.075935934533701044e+01,-1.795630478596392868e-03,5.053130334122358391e+01,2.884997730519496262e-01,nan,6.020879951206167036e+00,1.000000000000000000e+00
1.600000000000000000e+02,1.080928435888671117e+02,3.683737560308741621e+01,-1.577125593206408008e-03,4.452983252112389323e+01,3.248342282031129180e-01,nan,1.472905695008924987e+01,1.000000000000000000e+00
1.610000000000000000e+02,3.647315754997970316e+01,3.992033086413940879e+01,-1.892288653874095710e-03,5.318612370104242615e+01,2.142629372326388948e-01,nan,9.338759272621581786e+00,1.000000000000000000e+00
1.620000000000000000e+02,1.878414849284722621e+01,5.227704070760156441e+01,-1.621327045719857902e-03,4.574387277927205275e+01,3.185362433152132411e-01,nan,9.164869486216780103e+00,1.000000000000000000e+00
1.620000000000000000e+02,1.310385956574602346e+02,4.659267865761204064e+01,-1.377582376105274987e-03,3.904916423929628166e+01,3.457124511903788555e-01,nan,1.711429781369822578e+01,1.000000000000000000e+00
1.640000000000000000e+02,7.973463570644477194e+00,2.842535654447781823e+01,-2.894995536079329745e-02,7.963539339389429870e+02,9.170983365323515102e-03,nan,9.438288903567354282e+00,1.000000000000000000e+00
1.640000000000000000e+02,7.643781949275390275e+01,3.091139248274341256e+01,-1.693351977193380091e-03,4.772211470181094484e+01,3.489653050090106845e-01,nan,8.607726227123572826e+00,1.000000000000000000e+00
1.640000000000000000e+02,1.011395733744778482e+02,5.339906158551203674e+01,-1.508115309715239976e-03,4.263439113582095530e+01,3.497449412301126825e-01,nan,9.883751089127436273e+00,1.000000000000000000e+00
1.650000000000000000e+02,2.719290460709339641e+01,3.887662110178895603e+01,-2.122093065728228225e-03,5.949794812369198382e+01,1.775325436037278326e-01,nan,9.338759272621581786e+00,1.000000000000000000e+00
1.650000000000000000e+02,9.125584190068217083e+01,5.337937032530601300e+01,-1.397151676893248822e-03,3.958665605527634312e+01,3.271895247002466478e-01,nan,6.849814843313812851e+00,1.000000000000000000e+00
1.660000000000000000e+02,1.138405024585130043e+01,4.687025065858031070e+01,-1.546679423920999238e-03,4.369359585655652722e+01,2.976884896986123907e-01,nan,9.164869486216780103e+00,1.000000000000000000e+00
1.660000000000000000e+02,9.016749016321550414e+01,2.303017153954991869e+01,-1.666736305134016620e-03,4.699108674819552078e+01,3.590415112710787504e-01,nan,5.533927079848555586e+00,1.000000000000000000e+00
1.660000000000000000e+02,7.406149867472480253e+01,3.918460529101279377e+01,-1.577630462138947774e-03,4.454369928735754058e+01,3.232196124580239971e-01,nan,8.607726227123572826e+00,1.000000000000000000e+00
1.660000000000000000e+02,4.712653726513266861e+01,3.981150575693065718e+01,-1.559220443482765752e-03,4.403804839737688326e+01,3.502361846900138298e-01,nan,1.065393552914563458e+01,1.000000000000000000e+00
1.670000000000000000e+02,5.894577067191100639e+01,2.294610941915349756e+01,-1.362199073718424816e-02,3.753549605936705689e+02,1.679357568671058232e-02,nan,9.665125828202752345e+00,1.000000000000000000e+00
1.670000000000000000e+02,9.833082159946926026e+01,2.442993041662800735e+01,-2.086473267022340584e-03,5.851961218319493696e+01,3.268155477491023753e-01,nan,6.463864556885138946e+00,1.000000000000000000e+00
1.680000000000000000e+02,9.190529198845763403e+01,4.656041307575746657e+01,-1.311310644491814727e-03,3.722894011585940888e+01,2.971851166105513586e-01,nan,6.849814843313812851e+00,1.000000000000000000e+00
1.690000000000000000e+02,5.846993090063008047e+00,1.922973689583976409e+01,-1.591284216139640358e-03,4.491871427191372135e+01,2.898044942839156368e-01,nan,9.438288903567354282e+00,1.000000000000000000e+00
1.690000000000000000e+02,1.855495143064663210e+01,2.399997384814471957e+01,-1.693520408001607984e-03,4.772674083444400139e+01,2.755106633025190543e-01,nan,1.146960754953618178e+01,1.000000000000000000e+00
1.690000000000000000e+02,9.366040189675500471e+01,3.503365294039046773e+01,-1.481852478467018258e-03,4.191305433317650397e+01,3.351798059031736443e-01,nan,5.514065952417608329e+00,1.000000000000000000e+00
1.700000000000000000e+02,1.066841722699655470e+01,9.173529458082702703e+00,-1.476143095409302927e-03,4.175624000950362102e+01,3.046822985596964184e-01,nan,1.115228401447012274e+01,1.000000000000000000e+00
1.710000000000000000e+02,4.177788730785986360e+01,5.154972282404067840e+01,-1.500434408195870303e-02,4.133227764936410153e+02,1.421466471953558575e-02,nan,1.289937193354883327e+01,1.000000000000000000e+00
1.710000000000000000e+02,3.632051337454170437e+01,1.678954541200487682e+01,-1.384386137170223567e-03,3.923603682763837952e+01,3.251353308285966914e-01,nan,7.402899646405484368e+00,1.000000000000000000e+00
1.710000000000000000e+02,8.814636537062230559e+01,3.505166727039582497e+01,-1.551590236077532783e-03,4.382847657470534841e+01,3.339969253638143121e-01,nan,5.514065952417608329e+00,1.000000000000000000e+00
1.720000000000000000e+02,1.093330311486157882e+02,8.303517638574849258e+00,-2.603284416377688731e-02,7.162323490295993906e+02,1.102820961286632429e-02,nan,1.659009155911741118e+01,1.000000000000000000e+00
1.720000000000000000e+02,1.293102222771362051e+02,4.146128486448267125e+01,-1.699856656684602119e-02,4.680962339862601311e+02,1.258677950887254759e-02,nan,1.770810732059408110e+01,1.000000000000000000e+00
1.720000000000000000e+02,6.065806654949298604e+01,3.245834890849604193e+01,-1.288262349840327368e-03,3.659589400543912063e+01,3.369591998847683012e-01,nan,8.209115437276665261e+00,1.000000000000000000e+00
1.720000000000000000e+02,1.106559599129235920e+02,4.182846522460032190e+01,-1.766648876347914811e-03,4.973529257970882611e+01,2.963262659419445555e-01,nan,1.830350967051405320e+01,1.000000000000000000e+00
1.740000000000000000e+02,1.285353138921546190e+02,2.377014069932018003e+01,-1.459319925861318756e-03,4.129417363069649838e+01,2.872007017363576997e-01,nan,1.496094703749390931e+01,1.000000000000000000e+00
1.750000000000000000e+02,7.837175872203786753e+01,1.297454073662657414e+01,-2.926777294558021835e-03,8.159946274244832409e+01,1.414589922076272543e-01,nan,1.489192570631314894e+01,1.000000000000000000e+00
1.750000000000000000e+02,5.512041159621397668e+01,1.683145539762301368e+01,-1.453714057261591350e-03,4.114020244253504899e+01,2.982679435078114949e-01,nan,1.028010934092909956e+01,1.000000000000000000e+00
1.750000000000000000e+02,1.433257175055463506e+02,3.057398317124992460e+01,-1.874984011355755858e-03,5.271083315117341073e+01,2.918091135870805042e-01,nan,8.563288949956380236e+00,1.000000000000000000e+00
1.760000000000000000e+02,7.456846719694972592e+01,4.111643920866585944e+01,-2.259051017638606922e-03,6.325964503268213690e+01,2.350697145239900587e-01,nan,1.487080285249753508e+01,1.000000000000000000e+00
1.760000000000000000e+02,6.325672898416693357e+01,2.467140279251780655e+01,-1.208904288913619169e-03,3.441623982452091468e+01,3.461386916703736993e-01,nan,8.209115437276665261e+00,1.000000000000000000e+00
1.760000000000000000e+02,6.317025167292074528e+00,2.654805451672256567e+01,-1.583619525394407103e-03,4.470819532735783497e+01,3.442476061461321457e-01,nan,1.241577472920993586e+01,1.000000000000000000e+00
1.770000000000000000e+02,4.493976508725768326e+01,1.540489144142134137e+01,1.699775847615442835e-03,-4.789855318656749006e+01,3.173541554134162723e-01,nan,1.028010934092909956e+01,1.000000000000000000e+00
1.790000000000000000e+02,1.368668605808444738e+02,3.619653462647696074e+01,-1.577397610367622677e-03,4.453730376394156565e+01,2.832315109159290190e-01,nan,8.563288949956380236e+00,1.000000000000000000e+00
1.810000000000000000e+02,1.096624455986988096e+02,5.344106350599606969e+01,-1.662042232801471970e-03,4.686215902156403956e+01,2.880705002647240276e-01,nan,1.889056836808592266e+01,1.000000000000000000e+00
1.830000000000000000e+02,5.600126454813920418e+01,2.779919410247472200e+01,-1.210907351847737186e-02,3.338010679880644602e+02,2.230775108788474181e-02,nan,2.128300401951405263e+01,1.000000000000000000e+00
1.830000000000000000e+02,7.536876246939060309e+01,6.262949850568373833e+00,-1.621954328228731408e-03,4.576110176555418718e+01,3.252613247694178256e-01,nan,1.767844244229285877e+01,1.000000000000000000e+00
1.830000000000000000e+02,1.204855766839565661e+02,3.014160397191078644e+01,-1.892082104331513489e-03,5.318045059652350659e+01,3.191876299929877758e-01,nan,6.317191247972625767e+00,1.000000000000000000e+00
1.830000000000000000e+02,4.584473165885427903e+01,5.204961186521676098e+01,1.560671110844708432e-03,-4.407789253096149906e+01,3.204972728912753865e-01,nan,1.959245689256238521e+01,1.000000000000000000e+00
1.840000000000000000e+02,5.769322733644413859e+01,6.583550769838242722e+00,-1.514292383341289683e-02,4.171290178649707059e+02,1.731589544303524519e-02,nan,7.160584425797646091e+00,1.000000000000000000e+00
1.840000000000000000e+02,1.241619378296741445e+02,3.533492201625931273e+01,-1.884176564984121113e-03,5.296331648702363992e+01,3.445899967588005319e-01,nan,5.868718224028381059e+00,1.000000000000000000e+00
1.850000000000000000e+02,1.177207690120198720e+02,2.446157370784863616e+01,-1.515338957499700375e-03,4.283279636285165282e+01,2.713863943765788544e-01,nan,6.317191247972625767e+00,1.000000000000000000e+00
1.850000000000000000e+02,8.394564736528278104e+01,2.527490364219704944e+01,-1.905929748695635436e-03,5.356079098767800417e+01,2.090342799095623594e-01,nan,2.085706934093108345e+01,1.000000000000000000e+00
1.860000000000000000e+02,3.174317884052696215e+01,3.844775260999579558e+01,-1.682822775679621713e-02,4.634176960386080850e+02,1.622329582478321264e-02,nan,1.172662381298667711e+01,1.000000000000000000e+00
1.860000000000000000e+02,1.184600078876628970e+02,3.672411189868663683e+01,-1.572588743722475946e-03,4.440522308850454181e+01,3.179437936168025836e-01,nan,5.868718224028381059e+00,1.000000000000000000e+00
1.880000000000000000e+02,2.428496235839160278e+01,2.939851435714209771e+01,-1.690277705776944625e-02,4.654652724744902343e+02,2.352275266732573034e-02,nan,1.172662381298667711e+01,1.000000000000000000e+00
1.890000000000000000e+02,6.484429465007552551e+01,6.214490348106801676e+00,-1.795991147808551243e-03,5.054120950761713260e+01,2.276201152244968773e-01,nan,7.160584425797646091e+00,1.000000000000000000e+00
1.900000000000000000e+02,1.094548769689906180e+02,3.114819927484386852e+01,-1.283448754824272715e-03,3.646368346022833862e+01,3.655175820469467318e-01,nan,1.059165636013350742e+01,1.000000000000000000e+00
1.910000000000000000e+02,1.258123957283434180e+02,4.517080412109816479e+01,-2.229880084129025851e-03,6.245843408519984763e+01,2.701934791729460050e-01,nan,5.331183296988632137e+00,1.000000000000000000e+00
1.910000000000000000e+02,6.811840903807421910e+01,4.031843927430580976e+01,-1.376356056792766474e-03,3.901548206529358964e+01,3.239790029468695431e-01,nan,1.139871899454836601e+01,1.000000000000000000e+00
1.920000000000000000e+02,9.196369793093141709e+01,7.020561621409235897e+00,-1.487053579514719098e-03,4.205590814678554779e+01,3.504379443996042953e-01,nan,1.283359583053584885e+01,1.000000000000000000e+00
1.920000000000000000e+02,6.839943624195620941e+01,1.455042362832165992e+01,-1.682248191573732909e-03,4.741713733130492869e+01,2.716425574697295398e-01,nan,9.062384641501019189e+00,1.000000000000000000e+00
1.930000000000000000e+02,6.456674580365917393e+01,2.948716589644380548e+01,-1.626122192556775890e-03,4.587557662547436621e+01,2.916002396079795389e-01,nan,1.139871899454836601e+01,1.000000000000000000e+00
1.940000000000000000e+02,8.070138681803879876e+01,3.324692517943110914e+01,-1.841245348069210207e-03,5.178416461073329202e+01,2.908834955263293054e-01,nan,1.443390596495258826e+01,1.000000000000000000e+00
1.940000000000000000e+02,1.098190941756512018e+01,4.879458040097927807e+01,-1.742445212478855926e-03,4.907051301567114621e+01,3.032334529325099171e-01,nan,3.806615821687475432e+01,1.000000000000000000e+00
1.950000000000000000e+02,1.355172623953002073e+02,1.414757682482894197e+01,-1.620882496541916013e-03,4.573166275973516548e+01,3.112425496981852113e-01,nan,1.422503686559803349e+01,1.000000000000000000e+00
1.960000000000000000e+02,1.380968808268161183e+02,2.813675988086929536e+01,-1.631196901156581986e-03,4.601495893506386636e+01,2.457470627310762712e-01,nan,1.422503686559803349e+01,1.000000000000000000e+00
1.960000000000000000e+02,5.327680699613089388e+01,4.959307193898341382e+01,-1.529419365523844443e-03,4.321952985735077135e+01,3.298972708236389551e-01,nan,1.750119887996594059e+01,1.000000000000000000e+00
2.000000000000000000e+02,7.703496281150883362e+01,4.339852921812411068e+01,-1.767897787027523579e-02,4.867844595419876441e+02,1.493284945633133187e-02,nan,1.278603280477901549e+01,1.000000000000000000e+00
2.000000000000000000e+02,6.590546574737531671e+01,3.640676601426738301e+01,-1.395088214770754190e-02,3.843883156132350223e+02,1.533368732966489123e-02,nan,8.719939734727690350e+00,1.000000000000000000e+00
2.010000000000000000e+02,1.306175189922037205e+01,5.268953936453434039e+01,-4.117051331254040908e-02,1.132004653243680195e+03,1.094241517881511250e-02,nan,3.274411848200539055e+01,1.000000000000000000e+00
2.010000000000000000e+02,3.171912961403019082e+01,2.169363617449374715e+01,-1.635400236602283517e-03,4.613040804724021626e+01,3.068612831965622512e-01,nan,4.996474797654308020e+00,1.000000000000000000e+00
2.020000000000000000e+02,3.374125879786041793e+01,9.821778050682542727e+00,-1.576458404699416322e-03,4.451150747384144779e+01,3.749394089684082720e-01,nan,1.204284109950803838e+01,1.000000000000000000e+00
2.030000000000000000e+02,1.014014427498769351e+02,3.355613770846309762e+01,-2.799402062590615817e-02,7.700981620961050567e+02,1.068002582295057845e-02,nan,9.214276780256712485e+00,1.000000000000000000e+00
2.050000000000000000e+02,1.036164832821956594e+02,1.352876625493640539e+01,-1.561280640820690308e-03,4.409463392490471279e+01,3.542578710535065900e-01,nan,1.238844554602872705e+01,1.000000000000000000e+00
2.050000000000000000e+02,2.117530062442037320e+01,2.096655680854802029e+01,-1.554216108905525631e-03,4.390059898572771147e+01,2.079643279581023796e-01,nan,9.572449151665193057e+00,1.000000000000000000e+00
2.050000000000000000e+02,1.232670700061207611e+02,4.423711681472550339e+01,-1.460679625457700489e-03,4.133151923712182452e+01,3.053637594457989657e-01,nan,2.433493312046299550e+01,1.000000000000000000e+00
2.080000000000000000e+02,9.849912341038694308e+01,2.481088533733049672e+01,-1.325614537178995429e-03,3.762181185610786116e+01,3.735760886621364296e-01,nan,9.214276780256712485e+00,1.000000000000000000e+00
2.090000000000000000e+02,1.422389105613338529e+02,1.308733138310053867e+01,-1.344714895550704233e-03,3.814642366612147839e+01,3.557958673482601863e-01,nan,3.384651285084400030e+01,1.000000000000000000e+00
2.140000000000000000e+02,1.331733997603688238e+02,4.569719102830500645e+01,-8.229422941519220353e-03,2.272423075821313034e+02,2.757672766972296685e-02,nan,9.263742152054065926e+00,1.000000000000000000e+00
2.140000000000000000e+02,7.927019408636584785e+01,5.279329093403039508e+01,-1.825395716575094673e-03,5.134883749778798290e+01,2.266751458413177600e-01,nan,1.162164248002309108e+01,1.000000000000000000e+00
2.150000000000000000e+02,9.013874822131198528e+01,4.309552326852695359e+01,-1.609167006249821513e-03,4.540988426491717433e+01,2.799356836091752010e-01,nan,5.467583923584231620e+00,1.000000000000000000e+00
2.170000000000000000e+02,1.117632514022309493e+02,3.212900652451224204e+01,-1.780135715862289983e-03,5.010572307903806433e+01,2.564367829579232705e-01,nan,4.975971731841505097e+00,1.000000000000000000e+00
2.200000000000000000e+02,1.375894352165813075e+02,9.563721336601913592e+00,-1.827735264297176195e-03,5.141309568295964993e+01,2.010145589009451061e-01,nan,2.450615723946773272e+01,1.000000000000000000e+00
2.200000000000000000e+02,1.166900097726932728e+02,3.143090435780225533e+01,-1.404601081002893092e-03,3.979126192169149334e+01,3.447038332180750730e-01,nan,4.975971731841505097e+00,1.000000000000000000e+00
2.220000000000000000e+02,5.608734932365748449e+01,9.910651802306286839e+00,-1.970732818818449455e-03,5.534067674950348703e+01,2.842169799280668263e-01,nan,8.222104951358456759e+00,1.000000000000000000e+00
2.220000000000000000e+02,9.616846820480374447e+01,1.030227092603412231e+01,-1.987627691071148280e-03,5.580471251992993587e+01,2.376468355876253380e-01,nan,1.289044733978328416e+01,1.000000000000000000e+00
2.220000000000000000e+02,3.128114446257230696e+01,1.441386327214177498e+01,-1.755128396438414545e-03,4.941887025401569389e+01,2.995458553878083130e-01,nan,6.713445634837825970e+00,1.000000000000000000e+00
2.230000000000000000e+02,8.765762184649219080e+01,4.621463889366420119e+01,-1.823997018746985463e-03,5.131042076313899969e+01,2.697288950491210091e-01,nan,1.162208591251739875e+01,1.000000000000000000e+00
2.230000000000000000e+02,4.614098811897345342e+01,1.972412672665893041e+01,2.392921716652896425e-03,-6.693654723267950146e+01,2.075476243733388459e-01,nan,9.072199686151856568e+00,1.000000000000000000e+00
2.230000000000000000e+02,6.401701880153123625e+01,4.715023508894637416e+01,-1.403336829414798164e-03,3.975653789709280517e+01,3.282846793330562729e-01,nan,2.202996973192490060e+01,1.000000000000000000e+00
2.240000000000000000e+02,3.766923444359404982e+01,1.647848398459544228e+01,-1.786617569743616111e-03,5.028375414163649992e+01,3.179402804851536590e-01,nan,6.713445634837825970e+00,1.000000000000000000e+00
2.250000000000000000e+02,1.073845530089615181e+02,1.665546494838752523e+01,-1.840235434758911342e-03,5.175642625947504882e+01,2.405527988512212723e-01,nan,1.060821611855321400e+01,1.000000000000000000e+00
2.250000000000000000e+02,6.723302933129460257e+01,2.088182389528309457e+01,-1.766595977962266435e-03,4.973383966886277108e+01,2.496146208800958943e-01,nan,1.230037195922712279e+01,1.000000000000000000e+00
2.250000000000000000e+02,9.041549345662393478e+01,3.492450934879339286e+01,-1.996578423670727128e-03,5.605055398209684370e+01,2.691948558225564225e-01,nan,1.162208591251739875e+01,1.000000000000000000e+00
2.290000000000000000e+02,6.840336638127095625e+01,3.312639254937595723e+01,-1.442246575745513223e-03,4.082523577450864138e+01,3.312853790480753124e-01,nan,1.230037195922712279e+01,1.000000000000000000e+00
2.300000000000000000e+02,1.072411137277600659e+02,2.726271126355059948e+01,-3.913764198981184959e-03,1.087081156961073276e+02,7.176400093419244008e-02,nan,7.178681135203280661e+00,1.000000000000000000e+00
2.300000000000000000e+02,1.329464492016147403e+02,4.102701265078865589e+01,-2.339912001797289729e-03,6.548057861065110785e+01,1.491783328317203283e-01,nan,1.429632287401054036e+01,1.000000000000000000e+00
2.300000000000000000e+02,2.891703460956449945e+01,3.782564714622735380e+01,-9.265887018867614931e-04,2.666213970645252829e+01,3.524060431625398726e-01,nan,1.112059346262410209e+01,1.000000000000000000e+00
2.310000000000000000e+02,1.120766406186496340e+02,1.386159596966953345e+01,-1.563414013646467760e-02,4.306208000000059428e+02,1.332845188086817512e-02,nan,7.953969138344040957e+00,1.000000000000000000e+00
2.310000000000000000e+02,8.895957334235927760e+01,2.865450597750005812e+01,-1.466741906240782642e-03,4.149802627497584950e+01,2.676835269776234316e-01,nan,1.274385662162148947e+01,1.000000000000000000e+00
2.320000000000000000e+02,3.088662557349704940e+01,2.688086252542493426e+01,-1.708668196104686302e-03,4.814279106658148777e+01,2.684318940897236772e-01,nan,1.112059346262410209e+01,1.000000000000000000e+00
2.320000000000000000e+02,1.237322865238003544e+01,5.222241993746376920e+01,-1.666924658652644328e-03,4.699626007941825634e+01,3.697959954609603139e-01,nan,2.193090473171267263e+01,1.000000000000000000e+00
2.330000000000000000e+02,1.210019770695122361e+02,1.689189508008809426e+01,-3.659871383242562122e-03,1.017346774484051934e+02,1.489884352116461752e-01,nan,9.425727741649456703e+00,1.000000000000000000e+00
2.350000000000000000e+02,1.286374825353808262e+02,2.739551772223287429e+01,-2.980030599123926083e-03,8.306212181689299712e+01,1.178991740495706209e-01,nan,1.084799482244654101e+01,1.000000000000000000e+00
2.350000000000000000e+02,8.354524168391189676e+01,1.711800328886949174e+01,-1.528961079969692882e-03,4.320694255352182012e+01,3.282897286486620159e-01,nan,1.274385662162148947e+01,1.000000000000000000e+00
2.390000000000000000e+02,1.397595551549808306e+02,4.625949347988795068e+01,-1.679338017654563413e-03,4.733720628616541859e+01,2.593190007772805394e-01,nan,1.110925887037873494e+01,1.000000000000000000e+00
2.390000000000000000e+02,1.184145160997209985e+02,3.765752341557184479e+01,-1.490412275294821865e-03,4.214815832545730245e+01,3.062448913339133050e-01,nan,1.448508900886525019e+01,1.000000000000000000e+00
2.400000000000000000e+02,1.546887875303163185e+01,2.466660263125808328e+01,-1.924220524999707693e-03,5.406316675868166755e+01,1.887889782857177234e-01,nan,8.894095248424813249e+00,1.000000000000000000e+00
2.400000000000000000e+02,1.348225503418281335e+02,3.630752803963466846e+01,1.152980812812408589e-03,-3.288024162758842550e+01,3.727733459460048637e-01,nan,1.084799482244654101e+01,1.000000000000000000e+00
2.410000000000000000e+02,3.361302405052968112e+01,1.575418551056661087e+01,-2.217481145911652431e-03,6.211788396075308327e+01,3.564232921754836303e-01,nan,7.024121169380532770e+00,1.000000000000000000e+00
2.410000000000000000e+02,8.541382861252851910e+01,2.538344640238922878e+01,-1.696668236868220485e-03,4.781319932737849854e+01,3.656545143983960244e-01,nan,6.220750851693244599e+00,1.000000000000000000e+00
2.410000000000000000e+02,1.748112735610905943e+01,3.333007686781386525e+01,-1.576745121859577173e-03,4.451938246788223097e+01,3.218806693411738751e-01,nan,8.894095248424813249e+00,1.000000000000000000e+00
2.420000000000000000e+02,4.952894919732153056e+01,4.239830838446899719e+01,-2.567590640292586983e-03,7.173401639008933728e+01,1.629087543111839009e-01,nan,7.253934415239379874e+00,1.000000000000000000e+00
2.420000000000000000e+02,1.411047601614692439e+02,1.126657070651135051e+01,-1.693396306087213742e-03,4.772333224238151672e+01,3.133606294309272400e-01,nan,1.171222179991639045e+01,1.000000000000000000e+00
2.420000000000000000e+02,1.063601239778513445e+02,2.217338774714070837e+01,-1.534638070868005535e-03,4.336286719182630378e+01,3.329069783394134063e-01,nan,6.727207967306245706e+00,1.000000000000000000e+00
2.430000000000000000e+02,2.799362064532963501e+01,4.170015062184479859e+01,-1.589078600663968496e-03,4.485813467940722177e+01,3.436331856716063893e-01,nan,8.149145376181621714e+00,1.000000000000000000e+00
2.430000000000000000e+02,3.809531524831142946e+01,2.859490820876149542e+01,-1.525446583769768600e-03,4.311041314936890245e+01,3.459609683541017278e-01,nan,7.011397194913209674e+00,1.000000000000000000e+00
2.450000000000000000e+02,7.766403505604733937e+01,2.419650960458019995e+01,-1.665990785140036541e-03,4.697061024268542440e+01,2.370270734231224585e-01,nan,7.840160657159415791e+00,1.000000000000000000e+00
2.450000000000000000e+02,9.460933774956461662e+01,1.318158333257077963e+01,-1.394567279830340092e-03,3.951567282058611852e+01,3.241439578714263581e-01,nan,9.811911071215092761e+00,1.000000000000000000e+00
2.460000000000000000e+02,4.504397982434733194e+01,2.765909239644551931e+01,-1.256590198504356319e-03,3.572598443012980596e+01,3.746790547420635331e-01,nan,7.011397194913209674e+00,1.000000000000000000e+00
2.470000000000000000e+02,5.673280595001352822e+01,4.154741920996494287e+01,-1.769807846711708970e-03,4.982205708580228531e+01,2.675603873055351078e-01,nan,7.253934415239379874e+00,1.000000000000000000e+00
2.470000000000000000e+02,6.560627886492540028e+01,1.956981314833324248e+01,-1.612039057512313278e-03,4.548876823044001583e+01,3.218097251144030890e-01,nan,1.001555304146506131e+01,1.000000000000000000e+00
2.480000000000000000e+02,9.898770461871083626e+01,4.319069712154763607e+01,-2.155137648594331132e-03,6.040555300163020291e+01,2.095923388926761444e-01,nan,9.221847426427013161e+00,1.000000000000000000e+00
2.480000000000000000e+02,8.480596510614014960e+01,1.359083103701160944e+01,-2.241152489325008625e-03,6.276804277305727453e+01,1.882096492577666202e-01,nan,9.811911071215092761e+00,1.000000000000000000e+00
2.480000000000000000e+02,1.186243843025322775e+02,5.103619843471827267e+01,-1.534130570972426760e-03,4.334892816337353594e+01,3.370019559358008454e-01,nan,1.383349817226157263e+01,1.000000000000000000e+00
2.490000000000000000e+02,5.656735086904152610e+01,2.388363783318388656e+01,-1.482319038391005173e-03,4.192586890143952871e+01,3.190426070502361267e-01,nan,8.786595138304170050e+00,1.000000000000000000e+00
2.490000000000000000e+02,8.473131467139626238e+01,3.206849932468724518e+01,-1.574773103966574730e-03,4.446521888329945682e+01,2.761762287183736619e-01,nan,1.057897269658058192e+01,1.000000000000000000e+00
2.490000000000000000e+02,9.812686281273862221e+01,3.400911657452910930e+01,-1.650614613669336601e-03,4.654828721662787672e+01,2.886227526684007616e-01,nan,9.221847426427013161e+00,1.000000000000000000e+00
2.500000000000000000e+02,1.442988280668320158e+02,2.986465533786510562e+01,-1.540954288723228030e-03,4.353634888347752252e+01,2.281090602713433668e-01,nan,7.070261869246655451e+00,1.000000000000000000e+00
2.500000000000000000e+02,1.142530816682679387e+02,3.791151234469547404e+01,-1.772013219885953646e-03,4.988263002324045203e+01,2.388982702335427089e-01,nan,4.376304986350232795e+00,1.000000000000000000e+00
2.510000000000000000e+02,7.411467983971148499e+01,3.489970421328869321e+01,-1.795955854904655868e-03,5.054024015019290061e+01,2.264875706661046983e-01,nan,1.098765927168217260e+01,1.000000000000000000e+00
2.520000000000000000e+02,5.549572403651976238e+00,4.756610790967038582e+01,-1.754427160529748158e-03,4.939961005836214269e+01,3.292543374627192598e-01,nan,2.783257652744065069e+01,1.000000000000000000e+00
2.550000000000000000e+02,1.607078348742521356e+01,2.179875582439535364e+01,-1.789329720259429882e-03,5.035824626180728814e+01,2.573588353778286653e-01,nan,1.282091554306506609e+01,1.000000000000000000e+00
2.550000000000000000e+02,1.023543667290619368e+02,3.991017291718285520e+01,-1.407785925986154013e-03,3.987873710193503030e+01,3.046714411141638879e-01,nan,7.977393011438318915e+00,1.000000000000000000e+00
2.550000000000000000e+02,1.099120773363780330e+02,3.735678112683678620e+01,-1.162987098886493487e-03,3.315507499703006999e+01,3.545150034875123035e-01,nan,4.376304986350232795e+00,1.000000000000000000e+00
2.570000000000000000e+02,1.263134137449828671e+02,8.165191859504293603e+00,-1.584468551995069563e-03,4.473151475273484579e+01,3.290122337608798464e-01,nan,9.787377387216213975e+00,1.000000000000000000e+00
2.580000000000000000e+02,1.341662872120988368e+02,2.228890706555716505e+01,-1.667195963384128987e-03,4.700371175458997897e+01,3.517115346458598024e-01,nan,6.426773349068804819e+00,1.000000000000000000e+00
2.580000000000000000e+02,1.325426398015066241e+02,3.359732010833670302e+01,-1.571125448221453048e-03,4.436503210954817433e+01,3.410829090671518848e-01,nan,1.076197565080511076e+01,1.000000000000000000e+00
2.590000000000000000e+02,9.327047592405769194e+01,2.404092954853007669e+01,-1.849300767364451615e-03,5.200541533360740232e+01,2.233360713855757629e-01,nan,4.518731164102872455e+00,1.000000000000000000e+00
2.590000000000000000e+02,6.324600724864233570e+01,2.601276812258203464e+01,-1.376484082195370603e-03,3.901899842016404563e+01,3.034090873136431332e-01,nan,1.201431143942345336e+01,1.000000000000000000e+00
2.600000000000000000e+02,1.754457124507838017e+01,4.797246821816508522e+00,-1.584730788368720472e-03,4.473871735574129360e+01,3.113055880500921191e-01,nan,1.706526761347087628e+01,1.000000000000000000e+00
2.610000000000000000e+02,7.739564785729253060e+01,1.398517852635209735e+01,-2.151286859720440321e-03,6.029978695882629580e+01,2.784080044215906380e-01,nan,6.765886245518489162e+00,1.000000000000000000e+00
2.610000000000000000e+02,3.302482921207676014e+01,1.532447776325719246e+01,1.712943274536247009e-03,-4.826021067674195564e+01,2.672452714667218343e-01,nan,1.050045872072907471e+01,1.000000000000000000e+00
2.610000000000000000e+02,7.859468802636878593e+01,3.068299844449486713e+01,-1.032487538425289585e-02,2.847961543417936809e+02,1.940677670870549765e-02,nan,1.519623347954736303e+01,1.000000000000000000e+00
2.610000000000000000e+02,3.454995915208900925e+01,2.575078094790112715e+01,-1.431589201790382402e-03,4.053251957872906530e+01,3.354295743270312435e-01,nan,1.053725862983527684e+01,1.000000000000000000e+00
2.620000000000000000e+02,2.639139366830850264e+01,4.317040444095007956e+01,-2.148863583378342150e-03,6.023322907738495502e+01,2.017243683126672682e-01,nan,1.149852783792545097e+01,1.000000000000000000e+00
2.620000000000000000e+02,8.927208897175637503e+01,4.276634018223067102e+01,-1.476749561895425661e-03,4.177289726141511750e+01,2.970190290015903845e-01,nan,1.612495080611013520e+01,1.000000000000000000e+00
2.630000000000000000e+02,7.147415128036266196e+01,1.725826498666812725e+01,-1.734956050152288527e-03,4.886481514722456154e+01,3.688462641917663598e-01,nan,6.765886245518489162e+00,1.000000000000000000e+00
2.630000000000000000e+02,1.280771504601992774e+02,4.338912917771671118e+01,-2.006465326215174042e-03,5.632210835496940149e+01,2.527638648521576270e-01,nan,1.076197565080511076e+01,1.000000000000000000e+00
2.640000000000000000e+02,9.755172084604652127e+01,2.010526592079804686e+01,-1.881497951920332260e-03,5.288974550891038007e+01,2.177552687814646726e-01,nan,5.815368111539283902e+00,1.000000000000000000e+00
2.640000000000000000e+02,1.053502904889322167e+02,2.202565646449111014e+01,-1.496390358125646112e-03,4.231235277632872283e+01,2.926541196262868461e-01,nan,8.031537107879415771e+00,1.000000000000000000e+00
2.640000000000000000e+02,4.197312030165647201e+01,9.830142505750275816e+00,-1.570977373464104571e-03,4.436096507766541208e+01,2.460637631107337464e-01,nan,1.050045872072907471e+01,1.000000000000000000e+00
2.650000000000000000e+02,4.990423522868783124e+01,3.426128955552375288e+01,-1.122559318053335635e-02,3.095353337970894927e+02,2.022078262752091682e-02,nan,1.117607010803642531e+01,1.000000000000000000e+00
2.650000000000000000e+02,4.805380415422538221e+01,4.528310646102572434e+01,-1.469270361440411839e-03,4.156747300644558152e+01,3.618465872044485110e-01,nan,1.028531431824880649e+01,1.000000000000000000e+00
2.660000000000000000e+02,3.739179332618594032e+01,3.798264885392732992e+01,-1.805458667767160380e-03,5.080124508837266006e+01,3.010395215777659228e-01,nan,6.762172330506678541e+00,1.000000000000000000e+00
2.660000000000000000e+02,1.143056222603499208e+02,5.012295981280460921e+01,-1.397898249502222334e-03,3.960716147198519366e+01,3.596928388015845357e-01,nan,1.532969223374345269e+01,1.000000000000000000e+00
2.670000000000000000e+02,6.629135028208669667e+01,6.983884544156630625e+00,-1.649608563508008592e-03,4.652065497089574819e+01,3.302295308449323397e-01,nan,1.150757662000097525e+01,1.000000000000000000e+00
2.710000000000000000e+02,4.578577109228043440e+01,3.858728395178003723e+01,-2.060920816576562817e-03,5.781778675051101146e+01,2.936458292958720184e-01,nan,8.415726132618864597e+00,1.000000000000000000e+00
2.720000000000000000e+02,5.117122563119433210e+01,6.698822735177223819e+00,-1.581065216618589590e-03,4.463803849971421300e+01,3.054244893331349298e-01,nan,1.315454858030283347e+01,1.000000000000000000e+00
2.720000000000000000e+02,5.654591207379468187e+01,2.402772101625088297e+01,-1.993630026196043306e-03,5.596957308604599035e+01,2.936817141296612643e-01,nan,6.565044801979710520e+00,1.000000000000000000e+00
2.740000000000000000e+02,1.111588174867727048e+02,1.587109367655296666e+01,-1.576338411839927007e-03,4.450821174137505665e+01,3.182924135157544354e-01,nan,8.914251039530078913e+00,1.000000000000000000e+00
2.750000000000000000e+02,1.328087179396923148e+02,1.288353905893412232e+01,-2.244118228049942453e-03,6.284949996512857950e+01,1.879986534477660065e-01,nan,2.185506056305002431e+01,1.000000000000000000e+00
2.750000000000000000e+02,4.983623578505893903e+01,1.978545524557739554e+01,-1.767454151045317430e-03,4.975741031217966537e+01,2.933599274873126550e-01,nan,7.938297976811564460e+00,1.000000000000000000e+00
2.750000000000000000e+02,5.552114182281023602e+01,4.961015940476878683e+01,-1.466504668310409385e-03,4.149151028100154548e+01,3.053981796683009620e-01,nan,1.470650286481997959e+01,1.000000000000000000e+00
2.750000000000000000e+02,1.048622379706481809e+02,4.945680701240527810e+01,-1.468555913951492906e-03,4.154784994058329062e+01,3.193949787942810259e-01,nan,1.584837501396951254e+01,1.000000000000000000e+00
2.760000000000000000e+02,1.025664858491966811e+02,4.773804196585428983e+00,-1.857210907391733043e-02,5.113152651009201008e+02,1.083834548900419747e-02,nan,1.034089712695898022e+01,1.000000000000000000e+00
2.770000000000000000e+02,2.367385918658681732e+01,3.371648518153947549e+01,-1.683979466427646234e-03,4.746468865034655948e+01,2.646329020804980559e-01,nan,2.301708097988928969e+01,1.000000000000000000e+00
2.780000000000000000e+02,1.093834138277936745e+02,2.460675698528041266e+01,-2.247172578009416777e-03,6.293339095970950581e+01,2.015956738480100263e-01,nan,8.914251039530078913e+00,1.000000000000000000e+00
2.790000000000000000e+02,1.197312452375456218e+02,3.142315027270392491e+01,-1.259087697200644146e-02,3.470343161244491625e+02,2.933119138879003440e-02,nan,9.159738858262461036e+00,1.000000000000000000e+00
2.800000000000000000e+02,1.072979492998236140e+02,1.396877059161537282e+01,-5.380954136279478446e-03,1.490060595179308791e+02,4.127595673782102903e-02,nan,7.718337534491231722e+00,1.000000000000000000e+00
2.810000000000000000e+02,1.131109115464995369e+02,3.775339495760856323e+01,-1.727287845247205481e-02,4.756305038688437890e+02,1.634382314823645821e-02,nan,9.159738858262461036e+00,1.000000000000000000e+00
2.810000000000000000e+02,5.406044549848005865e+00,4.771909084022073699e+01,-1.645901202187736783e-03,4.641882831954437449e+01,3.087817306833079423e-01,nan,1.771142642407767909e+01,1.000000000000000000e+00
2.820000000000000000e+02,7.637877659940072306e+01,2.974192483304234003e+01,-1.667105656638516453e-03,4.700123138305190196e+01,3.647489750330901170e-01,nan,1.208618137350835831e+01,1.000000000000000000e+00
2.830000000000000000e+02,1.355863588852552084e+02,4.424875898036988531e+01,-1.552986408864634113e-02,4.277567466077894096e+02,1.227492173665278852e-02,nan,9.655798290532956685e+00,1.000000000000000000e+00
2.830000000000000000e+02,1.150160854089921827e+02,1.391300952379508438e+01,-1.672118047009460559e-03,4.713890205570748293e+01,2.775699855787869819e-01,nan,7.718337534491231722e+00,1.000000000000000000e+00
2.840000000000000000e+02,9.146332849944933230e+01,3.281831282410493600e+01,-1.631411961845467135e-02,4.492971651171791336e+02,1.642412476443833036e-02,nan,1.539505989260237584e+01,1.000000000000000000e+00
2.850000000000000000e+02,7.375475171173007993e+00,3.011750088353488053e+01,-1.517059488714577126e-03,4.288005259633460042e+01,3.705406148682118816e-01,nan,1.771142642407767909e+01,1.000000000000000000e+00
2.860000000000000000e+02,7.574776619167892022e+01,8.196044402633891224e+00,-1.815689934377242090e-02,4.999110849369906759e+02,1.335991769497058002e-02,nan,1.009787602115937055e+01,1.000000000000000000e+00
2.860000000000000000e+02,6.417450145739969969e+01,2.387302945704312407e+01,-1.585529345348411995e-03,4.476065057889670840e+01,3.087508343870323246e-01,nan,1.094366841672154855e+01,1.000000000000000000e+00
2.870000000000000000e+02,9.029950959702131286e+01,5.798816169541003873e+00,-2.419199897997140972e-03,6.765830564215990250e+01,2.146483641984768820e-01,nan,1.474787914706597647e+01,1.000000000000000000e+00
2.870000000000000000e+02,1.591188837016692226e+01,5.254797658692378093e+01,-1.532995490700311868e-03,4.331775196738409761e+01,3.523325036691536960e-01,nan,2.243022581876498833e+01,1.000000000000000000e+00
2.880000000000000000e+02,1.403183703849598203e+02,5.266555812221249511e+01,-1.173709668749851540e-02,3.235843257267260356e+02,1.501701392922705214e-02,nan,9.655798290532956685e+00,1.000000000000000000e+00
2.880000000000000000e+02,9.672688883213825761e+01,4.905550699749792187e+01,-1.806475657757273222e-03,5.082917780822513265e+01,3.114197822752787781e-01,nan,1.262592842284882444e+01,1.000000000000000000e+00
2.890000000000000000e+02,6.859669154855294160e+00,5.335946709666402832e+00,-1.245880477578963086e-02,3.434068117310027333e+02,1.924636561302794924e-02,nan,1.571158025972510330e+01,1.000000000000000000e+00
2.910000000000000000e+02,1.159352859202359909e+01,3.053737007307902118e+01,-1.679947693700281023e-03,4.735395169207045285e+01,3.406414098411304492e-01,nan,1.041522655116478546e+01,1.000000000000000000e+00
2.910000000000000000e+02,8.410359228406663590e+01,4.931329140033268033e+01,-1.251024817102525501e-03,3.557312526624337323e+01,3.283198705986314359e-01,nan,1.262592842284882444e+01,1.000000000000000000e+00
2.930000000000000000e+02,1.320167626032985879e+02,1.410296538231093244e+01,-1.713198752661062793e-03,4.826722765720222696e+01,2.918904927496513979e-01,nan,7.897821038382090819e+00,1.000000000000000000e+00
2.930000000000000000e+02,5.680883043664124443e+01,1.956507772082014540e+01,-1.380357304587865588e-03,3.912538062359546132e+01,3.201596664749469801e-01,nan,8.620376103931196354e+00,1.000000000000000000e+00
2.930000000000000000e+02,3.148103634126684014e+01,3.997556844401073306e+01,1.314490567489261285e-03,-3.731628010848830712e+01,3.689080595790992234e-01,nan,1.346982255719084165e+01,1.000000000000000000e+00
2.940000000000000000e+02,1.413765294248013049e+02,2.164334907556572674e+01,-1.326149289386003649e-03,3.763649939849674553e+01,3.690353040268827822e-01,nan,1.201926042626607938e+01,1.000000000000000000e+00
2.940000000000000000e+02,8.398356478294057581e+01,2.474732779952548967e+01,-1.627662136982491094e-03,4.591787284928194879e+01,2.874990239194451513e-01,nan,1.984655764516434928e+01,1.000000000000000000e+00
2.950000000000000000e+02,6.414799620283871207e+01,2.408697223855307712e+01,1.103739873385381227e-03,-3.152778646120546568e+01,3.748090206616281339e-01,nan,8.620376103931196354e+00,1.000000000000000000e+00
2.950000000000000000e+02,5.442721646903479638e+01,2.911155527280776667e+01,-1.972598940783300975e-03,5.539193178894489478e+01,2.595244481399610059e-01,nan,9.839071030402296358e+00,1.000000000000000000e+00
2.960000000000000000e+02,7.484402529757147704e+00,1.115465014127387633e+01,-1.371738309339722841e-03,3.888865068326489904e+01,3.175559457259770069e-01,nan,1.118286849938533400e+01,1.000000000000000000e+00
2.960000000000000000e+02,4.027873904962953588e+01,1.818815290901527959e+01,-1.363201436800348578e-03,3.865417633113074203e+01,3.693307097862159605e-01,nan,1.533144596315153230e+01,1.000000000000000000e+00
2.970000000000000000e+02,1.172442770946456392e+02,3.143818671144193999e+01,-1.772719267447544654e-03,4.990202237609758384e+01,2.597275177203335339e-01,nan,1.729192115863975587e+01,1.000000000000000000e+00
2.980000000000000000e+02,1.242694840789242647e+02,1.563764861349552326e+01,-1.374497861687554124e-03,3.896444474554633786e+01,3.374840362995940035e-01,nan,7.084938734759474777e+00,1.000000000000000000e+00
3.010000000000000000e+02,2.638451117212981956e+01,2.466917651714579662e+01,-1.694787219965330355e-03,4.776153518250291796e+01,3.608669640235606657e-01,nan,7.146648114002412733e+00,1.000000000000000000e+00
3.010000000000000000e+02,1.343610426481221509e+02,2.835021355463073078e+01,-1.867075822132817278e-03,5.249362626000214505e+01,2.971069551940299647e-01,nan,9.749172874100821673e+00,1.000000000000000000e+00
3.010000000000000000e+02,5.710834636573635947e+01,3.235060089139933837e+01,-1.575724456451411525e-03,4.449134879873447090e+01,3.446451242977117690e-01,nan,1.813503481315176202e+01,1.000000000000000000e+00
3.020000000000000000e+02,8.204428094815568784e+01,3.018845196373238693e+01,-2.199990469213284304e-03,6.163748378278129536e+01,2.939734958619685257e-01,nan,3.370430494376939645e+00,1.000000000000000000e+00
3.030000000000000000e+02,1.004786177354760781e+02,1.806201142916429703e+01,-1.007267527897768612e-02,2.778692082008237207e+02,2.455996381067482304e-02,nan,1.147569932918577607e+01,1.000000000000000000e+00
3.030000000000000000e+02,4.406865542022478621e+01,1.494426091307686377e+01,-1.574667744734353477e-03,4.446232507908690934e+01,3.523042572400467698e-01,nan,1.102928416826299696e+01,1.000000000000000000e+00
3.030000000000000000e+02,1.712830544972785418e+01,3.851469882496387953e+01,-1.647233829381222455e-03,4.645543035341424343e+01,2.642623890898738725e-01,nan,6.411895863607616874e+00,1.000000000000000000e+00
3.060000000000000000e+02,7.351808976655945571e+01,4.007069215986042821e+01,-1.604611643791090028e-03,4.528476635360704705e+01,3.208924660784665539e-01,nan,1.191625902240385848e+01,1.000000000000000000e+00
3.060000000000000000e+02,9.417419651792386048e+01,2.765085641725083221e+01,-1.788907388649481909e-03,5.034664647158298578e+01,2.687106329809904048e-01,nan,9.060761054167654649e+00,1.000000000000000000e+00
3.070000000000000000e+02,1.164367366606022216e+02,5.031868022820948738e+01,-5.115084142197572764e-02,1.406125059370499457e+03,8.544972698367403474e-03,nan,3.177185751461550112e+01,1.000000000000000000e+00
3.070000000000000000e+02,3.733661188885455573e+01,6.207860100612212051e+00,-1.971122726113965027e-03,5.535138597118704240e+01,2.924192183427399838e-01,nan,1.102928416826299696e+01,1.000000000000000000e+00
3.110000000000000000e+02,8.673060796672154993e+01,8.505458125267365332e+00,-1.617700494990356990e-03,4.564426567739025842e+01,2.380047060823925476e-01,nan,1.438000220180344435e+01,1.000000000000000000e+00
3.130000000000000000e+02,9.436034044728739900e+01,4.573559579069421943e+01,-1.438861394722569347e-03,4.073225815026150798e+01,3.073625031073200509e-01,nan,2.086568095181056393e+01,1.000000000000000000e+00
3.140000000000000000e+02,1.872537538699839033e+01,5.782429418799027943e+00,-1.703135611821898635e-03,4.799083271071392431e+01,3.508540660191962202e-01,nan,8.537109752232911575e+00,1.000000000000000000e+00
3.150000000000000000e+02,7.203545042376887864e+00,4.415873913637967263e+01,-1.425322681786635745e-03,4.036040289182326291e+01,3.578396184544110348e-01,nan,5.861116349508754375e+00,1.000000000000000000e+00
3.150000000000000000e+02,6.003113779359828328e+01,4.435249317934579238e+01,-2.345224847726828758e-03,6.562650161718208608e+01,1.720473797893914414e-01,nan,9.056461705066096712e+00,1.000000000000000000e+00
3.160000000000000000e+02,1.357886991069073872e+02,3.726317913220564293e+01,-1.620744626457718300e-03,4.572787601013548908e+01,2.875333673566955461e-01,nan,1.333029799017763217e+01,1.000000000000000000e+00
3.160000000000000000e+02,7.916288121371268005e+01,2.073304885752798299e+01,-1.430383504262020293e-03,4.049940380412559904e+01,3.275164162550755487e-01,nan,9.222173633529948233e+00,1.000000000000000000e+00
3.160000000000000000e+02,1.113571006079872916e+02,3.363242324700158292e+01,-1.477953592197700549e-03,4.180596724386755625e+01,3.545637356385014094e-01,nan,9.855775187953286220e+00,1.000000000000000000e+00
3.180000000000000000e+02,6.311897113329014530e+01,2.316569600327500567e+01,-2.350670561742596466e-03,6.577607398807853656e+01,1.916815055407725676e-01,nan,6.705381310089458147e+00,1.000000000000000000e+00
3.200000000000000000e+02,9.602697979041555243e+01,1.502648468081239130e+01,-1.222263151572938571e-03,3.478315530239013498e+01,3.366133442810912424e-01,nan,1.422496707531241533e+01,1.000000000000000000e+00
3.210000000000000000e+02,7.841241737727104066e+01,3.494433815164060064e+01,-1.422140729590266363e-03,4.027300716507152600e+01,3.107975152799831164e-01,nan,6.928223619996872529e+00,1.000000000000000000e+00
3.210000000000000000e+02,8.922802000985853965e+01,4.157123763426946539e+01,-1.520262472138765890e-03,4.296802596829478915e+01,3.493886506490418986e-01,nan,6.918745609928396156e+00,1.000000000000000000e+00
3.220000000000000000e+02,4.700516635552557432e+01,9.476136186835603326e+00,-1.492940052569404451e-03,4.221758643698919400e+01,2.920804760733716199e-01,nan,4.769445886073035545e+00,1.000000000000000000e+00
3.230000000000000000e+02,9.327593841646381279e+00,4.706611890279540233e+01,-2.341641933268492903e-02,6.443694373662871158e+02,1.084634584173738148e-02,nan,2.462328199515400229e+01,1.000000000000000000e+00
3.230000000000000000e+02,8.524575623120151135e+01,3.380163843778451849e+01,-1.782289613779222811e-03,5.016488219337491472e+01,2.681340584109346281e-01,nan,6.928223619996872529e+00,1.000000000000000000e+00
3.230000000000000000e+02,6.963174986769038810e+01,2.157012348206483310e+01,-1.772965519422713002e-03,4.990878595047134780e+01,2.957053133248734866e-01,nan,6.705381310089458147e+00,1.000000000000000000e+00
3.240000000000000000e+02,6.290896597912404076e+01,4.013422642249098260e+01,-9.241046928147257991e-03,2.550276443988584845e+02,1.890862430772766167e-02,nan,3.847923772952497767e+00,1.000000000000000000e+00
3.240000000000000000e+02,1.199629858344603264e+02,2.987961392918089842e+01,-1.454090030566640261e-03,4.115052895223921325e+01,3.528970633356441899e-01,nan,4.290481781861812394e+00,1.000000000000000000e+00
3.240000000000000000e+02,9.437384555954642451e+01,4.745170748930563320e+01,-2.130632958555171361e-03,5.973250543126066248e+01,2.557827205460622144e-01,nan,7.698348929184431810e+00,1.000000000000000000e+00
3.250000000000000000e+02,1.371863369588246258e+02,1.910235421665691291e+01,-1.408320798214613128e-03,3.989342794084167565e+01,3.099167139543478333e-01,nan,4.963983553005069993e+00,1.000000000000000000e+00
3.260000000000000000e+02,7.590799631602904185e+01,1.476526158826682611e+01,-1.686715760710166606e-03,4.753984390494163392e+01,2.516820793921306088e-01,nan,9.257289823374213356e+00,1.000000000000000000e+00
3.270000000000000000e+02,1.941068618879392460e+01,2.460198604769124842e+01,-1.664651389806283454e-03,4.693382231459058573e+01,2.983080610385285825e-01,nan,1.133577154914729057e+01,1.000000000000000000e+00
3.270000000000000000e+02,7.652055093461004276e+01,4.475344305490030195e+01,1.629620514583651975e-03,-4.597166178863278674e+01,3.535126489497035784e-01,nan,1.068361367048714605e+01,1.000000000000000000e+00
3.280000000000000000e+02,1.308846974137906045e+02,2.377316214150042128e+01,-1.594302210924972716e-03,4.500160673267979661e+01,2.535771966587138104e-01,nan,6.370695698710624910e+00,1.000000000000000000e+00
3.280000000000000000e+02,1.379519148746799146e+02,4.912857690068777572e+01,-1.457624981530988026e-03,4.124762016841569334e+01,3.575792658593125450e-01,nan,1.679797725512278461e+01,1.000000000000000000e+00
3.300000000000000000e+02,9.059031542388654046e+00,4.045283716974841326e+01,-7.322657314426793407e-03,2.023370179729222968e+02,3.051808330645167100e-02,nan,1.893161998382770861e+01,1.000000000000000000e+00
3.300000000000000000e+02,8.381775654200465908e+01,9.264161695289290677e+00,-1.261710241550835195e-03,3.586661189887612267e+01,3.264343539675095274e-01,nan,9.634646172275518339e+00,1.000000000000000000e+00
3.300000000000000000e+02,1.240436229918713877e+02,1.794619375892557755e+01,-1.316039233635198178e-03,3.735881588368769002e+01,3.533531548919458531e-01,nan,8.986315139019120934e+00,1.000000000000000000e+00
3.330000000000000000e+02,6.658497385978029115e+01,3.874225468124679139e+01,-1.912981042615428343e-03,5.375446233112671024e+01,2.618664193440499721e-01,nan,7.256620392268995801e+00,1.000000000000000000e+00
3.330000000000000000e+02,1.357557526086420694e+02,8.834391645066951071e+00,-2.189987799507658872e-03,6.136274974077457500e+01,1.987330462150959098e-01,nan,1.143653412432346883e+01,1.000000000000000000e+00
3.340000000000000000e+02,2.935211109001022933e+01,4.828241368315284276e+00,-1.886980421082399108e-03,5.304032739928558016e+01,3.424994538073038441e-01,nan,1.060361766768313174e+01,1.000000000000000000e+00
3.350000000000000000e+02,9.456634475928778727e+01,7.754549875834295669e+00,-1.115794642167803122e-03,3.185888360332030089e+01,3.510529420400829714e-01,nan,1.085408109929882237e+01,1.000000000000000000e+00
3.350000000000000000e+02,8.174738245392234148e+00,1.303704943456335741e+01,-1.388160206860391708e-03,3.933969569585151049e+01,3.748440132410065795e-01,nan,5.261754488261618512e+00,1.000000000000000000e+00
3.350000000000000000e+02,3.569946975961453006e+01,2.628159884952626513e+01,-1.526033773052664190e-03,4.312654093223693508e+01,3.412635668321072346e-01,nan,1.614388265790861610e+01,1.000000000000000000e+00
3.370000000000000000e+02,1.127841704864208197e+02,3.820922756940628062e+01,-1.567956069960632247e-03,4.427798173941010873e+01,3.489089876384509070e-01,nan,7.530603779289545940e+00,1.000000000000000000e+00
3.380000000000000000e+02,8.538274217181570691e+01,4.599406811251211735e+01,-1.798870368753810196e-03,5.062029039615997306e+01,2.587173727743015128e-01,nan,1.443308516437086730e+01,1.000000000000000000e+00
3.390000000000000000e+02,1.280744947850946858e+02,4.712718210097441585e+01,-2.188316523419518277e-03,6.131684635212765500e+01,2.512026422815232252e-01,nan,1.107314408739188494e+01,1.000000000000000000e+00
3.390000000000000000e+02,7.397755395870109396e+01,2.307835816889685887e+01,-1.676494825741151181e-03,4.725911497358980995e+01,3.016837638772121855e-01,nan,5.976820612971670776e+00,1.000000000000000000e+00
3.400000000000000000e+02,7.541475328517982746e+01,1.478337436336596333e+01,-1.712414165974796400e-03,4.824567814312585767e+01,3.433994131952029516e-01,nan,6.614395127712571210e+00,1.000000000000000000e+00
3.400000000000000000e+02,2.240245670430687142e+01,3.897707882140085900e+01,-1.558883693967055319e-03,4.402879921107786032e+01,3.486133560737540993e-01,nan,6.066238549157410453e+00,1.000000000000000000e+00
3.410000000000000000e+02,1.285620707552317867e+02,4.711677168421888773e+00,-1.986357283502937065e-03,5.576981941474079463e+01,2.980310846285373350e-01,nan,2.722724512665712737e+01,1.000000000000000000e+00
3.410000000000000000e+02,4.513187613992069203e+01,2.455702479714246778e+01,-1.547166300338696397e-03,4.370696843908981322e+01,3.338820824671454579e-01,nan,9.321434508265404872e+00,1.000000000000000000e+00
3.420000000000000000e+02,3.078286666001061533e+01,1.587960220330172767e+01,-1.653090025969228575e-03,4.661627706801725424e+01,2.903281309129177590e-01,nan,7.696377406785374298e+00,1.000000000000000000e+00
3.420000000000000000e+02,2.840132782809606127e+01,3.807552717260217889e+01,-1.632305759953429957e-03,4.604541493013700659e+01,2.707658184042921468e-01,nan,6.066238549157410453e+00,1.000000000000000000e+00
3.430000000000000000e+02,4.915269520649578894e+00,1.791815778616809141e+01,-1.468402819334559996e-03,4.154364503287791877e+01,3.517384581299489721e-01,nan,1.684509565391556762e+01,1.000000000000000000e+00
3.450000000000000000e+02,1.028289748235045806e+02,1.360721823996998303e+01,-1.858821035275793222e-03,5.226689969340775122e+01,2.697740959248851045e-01,nan,2.395787886402090194e+01,1.000000000000000000e+00
3.450000000000000000e+02,7.997821248439881003e+01,3.037903625088393511e+01,-1.588232825146100287e-03,4.483490454850291229e+01,2.959388551900777875e-01,nan,8.751968883831022339e+00,1.000000000000000000e+00
3.470000000000000000e+02,6.400145554493515476e+01,4.493425625816882274e+01,-5.883394517255220550e-03,1.628061229805114749e+02,3.924010787103848763e-02,nan,1.786223624906001817e+01,1.000000000000000000e+00
3.470000000000000000e+02,9.276123688094689612e+01,3.534705753061525257e+01,-1.857196861311612721e-03,5.222229001506853052e+01,3.476258070503129849e-01,nan,5.938778315726770174e+00,1.000000000000000000e+00
3.490000000000000000e+02,8.719080959647446605e+01,5.170648081964598930e+01,-1.142763729431205307e-02,3.150846918860474943e+02,2.497821681674528005e-02,nan,6.825520586139228740e+00,1.000000000000000000e+00
3.500000000000000000e+02,2.842590840684092868e+01,3.291482731569647058e+01,-1.606797769729095002e-03,4.534481064507716042e+01,2.908805954648748804e-01,nan,1.610989630616479573e+01,1.000000000000000000e+00
3.500000000000000000e+02,4.155649784272318215e+01,2.358121172142221766e+01,-1.397288894572404220e-03,3.959042488587243724e+01,3.499503460321855552e-01,nan,1.610989630616479573e+01,1.000000000000000000e+00
3.520000000000000000e+02,1.354600097967776833e+02,2.846578759071881848e+01,-1.143133030137532223e-02,3.151861242823487146e+02,2.835996690365838457e-02,nan,1.641146321159929755e+01,1.000000000000000000e+00
3.520000000000000000e+02,8.310415145437315232e+01,1.211882093671572136e+01,-1.746445669364482360e-03,4.918038985079683556e+01,3.140654261351144561e-01,nan,7.713004450394431721e+00,1.000000000000000000e+00
3.530000000000000000e+02,1.167900171219280168e+02,5.225831933620428060e+01,-1.761844459123620673e-03,4.960333411238337931e+01,3.297386908309491993e-01,nan,1.459352644558207501e+01,1.000000000000000000e+00
3.540000000000000000e+02,8.036745608883840930e+01,5.153449773431162839e+01,-1.338127956543144108e-03,3.796550632792515501e+01,3.375645463309773220e-01,nan,6.825520586139228740e+00,1.000000000000000000e+00
3.570000000000000000e+02,4.293498538145004062e+01,6.671575467382750091e+00,-1.617242111964658753e-03,4.563167569640082633e+01,2.775961732018927819e-01,nan,3.679736609724162122e+01,1.000000000000000000e+00
3.580000000000000000e+02,7.595636485730051390e+01,4.204881731829682678e+01,-1.488443499125184297e-02,4.100293448266212408e+02,1.920829727498740702e-02,nan,1.046115953456963688e+01,1.000000000000000000e+00
3.590000000000000000e+02,3.527252292972644909e+01,4.266230789769532805e+01,-8.536197474422569514e-03,2.356681988581235601e+02,2.436637046986245281e-02,nan,2.071537914058292529e+01,1.000000000000000000e+00
3.610000000000000000e+02,6.425491573944349000e+01,4.017863729320886534e+01,-2.082524931935741258e-02,5.732001763351322552e+02,9.420189116330690560e-03,nan,1.184995716380590736e+01,1.000000000000000000e+00
3.610000000000000000e+02,9.757217790332805407e+01,1.338570621119043835e+01,-1.881829041057839430e-03,5.289883922685657325e+01,2.568650060856569883e-01,nan,1.271804006264235731e+01,1.000000000000000000e+00
3.630000000000000000e+02,4.289170674840044484e+01,1.097848003522008042e+01,-1.433124248525284410e-02,3.948353198659190184e+02,1.674075463372814987e-02,nan,2.209121112700163181e+01,1.000000000000000000e+00
3.630000000000000000e+02,1.075479338453121727e+02,4.474889632702740982e+01,-1.662137832204261829e-03,4.686478476160293383e+01,3.025773415483851148e-01,nan,9.610101830934667078e+00,1.000000000000000000e+00
3.640000000000000000e+02,1.533014050316206855e+01,4.826840423032772520e+01,-2.384293027904073152e-03,6.669955104996550688e+01,1.665591179608048034e-01,nan,1.486946444279516655e+01,1.000000000000000000e+00
3.640000000000000000e+02,1.124279562651981337e+02,2.141060644229823851e+01,-1.696957658644846151e-03,4.782114860660866640e+01,2.840672497395791973e-01,nan,1.094790805394308997e+01,1.000000000000000000e+00
3.640000000000000000e+02,1.001864063321721403e+02,3.186327097912720419e+01,-1.157925787356129050e-03,3.301606065230865994e+01,3.719164277995613554e-01,nan,5.727724252673006333e+00,1.000000000000000000e+00
3.650000000000000000e+02,7.618921202169468643e+01,4.114240798304772539e+01,-2.942117698215857696e-02,8.092965407157954587e+02,8.620002161747630787e-03,nan,1.197314836186152043e+01,1.000000000000000000e+00
3.650000000000000000e+02,7.268618168393626888e+01,1.060127904817189659e+01,-1.472007113679003280e-03,4.164264083929487725e+01,3.551020562510706080e-01,nan,1.141683887842158640e+01,1.000000000000000000e+00
3.660000000000000000e+02,1.307409279486066680e+02,3.974092558301882150e+01,-1.469783268588422884e-03,4.158156055088064562e+01,3.675389978873165875e-01,nan,2.372751032974802499e+01,1.000000000000000000e+00
3.680000000000000000e+02,2.080235604234359315e+01,1.069178430350024556e+01,-1.609218533908998976e-03,4.541129952729188091e+01,3.258688073915446681e-01,nan,1.544865709811589660e+01,1.000000000000000000e+00
3.680000000000000000e+02,6.603545336058756732e+01,2.369835101348274264e+01,-1.451534814141356095e-03,4.108034719503038446e+01,3.657448323903841336e-01,nan,9.276341964643190607e+00,1.000000000000000000e+00
3.690000000000000000e+02,5.339949502075076282e+01,3.102593463537754204e+01,-1.983372921739372501e-03,5.568785072095764832e+01,3.337794894017186431e-01,nan,1.331243613869217945e+01,1.000000000000000000e+00
3.690000000000000000e+02,2.729066250979692043e+01,3.943398935755017476e+01,-1.321888156943173531e-03,3.751946282986084213e+01,3.539406074220413645e-01,nan,1.486946444279516655e+01,1.000000000000000000e+00
3.700000000000000000e+02,3.529960788629821167e+01,1.602945187540101912e+01,-1.484066261505644210e-03,4.197385825655163671e+01,3.623995402231783292e-01,nan,7.584954394468459427e+00,1.000000000000000000e+00
3.710000000000000000e+02,5.142479011805419553e+00,1.224302943174433089e+01,-1.340716557763319732e-03,3.803660503429975392e+01,3.255893733331178819e-01,nan,1.573652153620608907e+01,1.000000000000000000e+00
3.720000000000000000e+02,1.430279785573080176e+02,1.403859633226109516e+01,-2.050221081047265328e-03,5.752390704870363436e+01,2.103023666775450939e-01,nan,1.120330915781632974e+01,1.000000000000000000e+00
3.730000000000000000e+02,5.826356954770812990e+01,1.863393177292782354e+01,-2.005720974383685615e-03,5.630166393429389871e+01,2.875153892629426222e-01,nan,9.276341964643190607e+00,1.000000000000000000e+00
3.740000000000000000e+02,8.353134864604544418e+01,2.290473434194183611e+01,-1.068450116796173903e-02,2.946736618548729894e+02,2.686450033609666388e-02,nan,8.798451939734132310e+00,1.000000000000000000e+00
3.740000000000000000e+02,1.086733449721806544e+01,3.526783256420350909e+01,-1.015935181494561496e-02,2.802498721409933751e+02,4.735222497788571516e-02,nan,1.631559133200580547e+01,1.000000000000000000e+00
3.740000000000000000e+02,1.172393269678057521e+02,8.482560392336866428e+00,-1.590333251029059283e-03,4.489259499612774107e+01,2.939292473360831659e-01,nan,2.620824271989437193e+01,1.000000000000000000e+00
3.750000000000000000e+02,8.211175319312805243e+01,4.416724564914394335e+01,-1.314963230163153016e-03,3.732926229531697970e+01,3.482133659474534459e-01,nan,1.776454358494329711e+01,1.000000000000000000e+00
3.760000000000000000e+02,1.384314025910418025e+02,2.425552470980955633e+01,-1.296516666346993803e-03,3.682260765335692554e+01,3.295612610319760272e-01,nan,6.095429574351062918e+00,1.000000000000000000e+00
3.760000000000000000e+02,1.044040773548604051e+02,3.133268848471925239e+01,-1.664682365755552592e-03,4.693467310223010003e+01,3.503168092616739671e-01,nan,1.432828723718215080e+01,1.000000000000000000e+00
3.760000000000000000e+02,5.670413298301833294e+01,3.593788969177588655e+01,-1.659649592347196704e-03,4.679644258761019415e+01,2.455662206298566685e-01,nan,1.109661867409473324e+01,1.000000000000000000e+00
3.780000000000000000e+02,1.333512946866408697e+02,3.316505964396088757e+01,-1.557627694936825329e-03,4.399430185182410469e+01,3.219389552070104354e-01,nan,1.025608643992530844e+01,1.000000000000000000e+00
3.790000000000000000e+02,9.037094624932746001e+01,2.843941239590217762e+01,-2.557416859347334814e-02,7.036343329891057010e+02,8.078646621347163048e-03,nan,8.798451939734132310e+00,1.000000000000000000e+00
3.800000000000000000e+02,7.329854030607987170e+01,1.805021652336565552e+01,-1.353618988881245128e-03,3.839098413078711047e+01,3.593015806144044255e-01,nan,7.852659357468985135e+00,1.000000000000000000e+00
3.810000000000000000e+02,1.389051727624561181e+02,1.817853503394605141e+01,-1.488494027038305984e-03,4.209547158155847058e+01,3.540426744357240141e-01,nan,6.095429574351062918e+00,1.000000000000000000e+00
3.810000000000000000e+02,4.836574576032178641e+01,4.325951823484189873e+01,-2.288573235482913460e-03,6.407050438084274901e+01,2.704680618790100688e-01,nan,1.109661867409473324e+01,1.000000000000000000e+00
3.820000000000000000e+02,1.804797075999096734e+01,2.047543671638898388e+01,-1.883435300551739369e-02,5.185180756945460416e+02,1.202400859941954447e-02,nan,2.021174355512710719e+01,1.000000000000000000e+00
3.820000000000000000e+02,1.165582243069758732e+02,1.807733405366125723e+01,-1.693542157270662993e-03,4.772733820142442340e+01,3.132894623446123017e-01,nan,8.572316995568511899e+00,1.000000000000000000e+00
3.840000000000000000e+02,7.799889125161634240e+01,2.434076180761881147e+01,-3.156634572730881126e-03,8.791273919519156266e+01,1.365838268569385949e-01,nan,7.852659357468985135e+00,1.000000000000000000e+00
3.840000000000000000e+02,4.409454418485123028e+01,3.175692436349032022e+01,-1.663835735955395377e-03,4.691141950754730061e+01,3.357093639587329648e-01,nan,5.243258469144618239e+00,1.000000000000000000e+00
3.840000000000000000e+02,1.817419595179624991e+01,4.314537328772432545e+01,-1.257577073980341341e-03,3.575309002258200763e+01,2.784497175706094341e-01,nan,9.661743759295742251e+00,1.000000000000000000e+00
3.850000000000000000e+02,1.084108404992518757e+02,2.074280882603288489e+01,-1.282535032828951808e-03,3.643858710651150545e+01,3.278674371930468956e-01,nan,7.477518777433897590e+00,1.000000000000000000e+00
3.860000000000000000e+02,9.341035490164850330e+01,4.261432976195725786e+01,-1.611087980091635216e-03,4.546264586993687118e+01,3.285972007861559518e-01,nan,2.390473797426124491e+01,1.000000000000000000e+00
3.870000000000000000e+02,1.429549800594610929e+02,1.088735826518315264e+01,-1.526267625413334607e-03,4.313296393791147665e+01,2.339402684824530843e-01,nan,1.043022594755450960e+01,1.000000000000000000e+00
3.880000000000000000e+02,1.122829364942736561e+02,1.434592210887016606e+01,-1.362567300460496402e-03,3.863675909703643185e+01,3.090502889277900733e-01,nan,7.477518777433897590e+00,1.000000000000000000e+00
3.890000000000000000e+02,1.365223894887198526e+02,1.909780233759788715e+01,-1.308067060972202544e-03,3.713985161877264574e+01,3.545099107005276196e-01,nan,4.296305284238157718e+00,1.000000000000000000e+00
3.890000000000000000e+02,1.989440378731281811e+01,3.363799838857799784e+01,-1.372171986383680185e-03,3.890056208799167337e+01,2.859720818623561200e-01,nan,9.003534291218077357e+00,1.000000000000000000e+00
3.900000000000000000e+02,2.536377969787546505e+01,1.459097760272680588e+01,-1.965685200425154339e-03,5.520203850146481273e+01,2.466637995442748643e-01,nan,1.174616573359963745e+01,1.000000000000000000e+00
3.930000000000000000e+02,8.820765495353343510e+01,3.004436095030244758e+01,-1.721707684223507335e-03,4.850093458046435302e+01,2.690887942197669469e-01,nan,1.268972812380774329e+01,1.000000000000000000e+00
3.930000000000000000e+02,3.901799379628182152e+01,3.857874009617561484e+01,-2.160316465544629555e-03,6.054779475862516591e+01,2.663565342101466005e-01,nan,1.452442923355963700e+01,1.000000000000000000e+00
3.940000000000000000e+02,1.621507292536714928e+01,4.819370055088636917e+01,-1.655076402041805780e-03,4.667083501538780865e+01,2.837718576982241059e-01,nan,1.501352526988563341e+01,1.000000000000000000e+00
3.940000000000000000e+02,9.040650178642624724e+01,1.273282172513044763e+01,-1.749405606571325170e-03,4.926168769795705060e+01,2.505096622934115391e-01,nan,8.320863142114804489e+00,1.000000000000000000e+00
3.960000000000000000e+02,3.410632318631903104e+01,1.406588395555078108e+01,-8.126148915939011841e-03,2.244057758044200170e+02,5.706893162492110427e-02,nan,7.172932986093788266e+00,1.000000000000000000e+00
3.960000000000000000e+02,1.393882840836744208e+02,3.110467732094112137e+01,-2.263584432988578060e-03,6.338416014313234825e+01,1.948465035817521507e-01,nan,1.384673680588526956e+01,1.000000000000000000e+00
3.960000000000000000e+02,9.646713591461970339e+01,3.967816466999752123e+01,-1.643400366353008415e-02,4.525899088790931728e+02,1.183379787713456643e-02,nan,1.084189023478199587e+01,1.000000000000000000e+00
4.000000000000000000e+02,3.995555384310354441e+01,3.468309617644356990e+01,-1.463275095963338613e-03,4.140280661578255916e+01,3.508660011242183963e-01,nan,1.325895541409787448e+01,1.000000000000000000e+00
4.000000000000000000e+02,1.350169116525338531e+01,4.482282208328502549e+01,-1.448464775364719046e-03,4.099602529027444575e+01,3.348461218708070897e-01,nan,9.062496150354570901e+00,1.000000000000000000e+00
4.000000000000000000e+02,6.845406914256346909e+01,5.281575927045608410e+01,-1.404257870075152018e-03,3.978183526578720830e+01,2.974124896562247988e-01,nan,1.023753404074200013e+01,1.000000000000000000e+00
4.010000000000000000e+02,4.782201185187877712e+01,4.535636826466522109e+01,-1.928607894079796894e-03,5.418367055183104952e+01,3.446966470384338344e-01,nan,1.325895541409787448e+01,1.000000000000000000e+00
4.010000000000000000e+02,1.088393397415242276e+02,4.635974905616615160e+01,-1.374238997676577702e-03,3.895733476809445506e+01,2.914225048023271203e-01,nan,1.406111650773022426e+01,1.000000000000000000e+00
4.020000000000000000e+02,8.072255371508191502e+01,3.389486073346730421e+01,-1.691838740669452832e-03,4.768055203914530438e+01,3.331497380405011866e-01,nan,9.791266988896364154e+00,1.000000000000000000e+00
4.020000000000000000e+02,5.891482335257246739e+00,4.974354947250709102e+01,-1.955392429461370787e-03,5.491933651753952716e+01,2.714560300845512142e-01,nan,9.062496150354570901e+00,1.000000000000000000e+00
4.020000000000000000e+02,1.370401111008947623e+02,1.018503577110625358e+01,-1.247045908102014603e-03,3.546384026687240976e+01,3.207907840592393311e-01,nan,1.003841677840492252e+01,1.000000000000000000e+00
4.030000000000000000e+02,4.990875936936341617e+01,1.744926808806895124e+01,-1.593712543456528644e-03,4.498541088379013786e+01,3.050009615242610383e-01,nan,1.708443016015767313e+01,1.000000000000000000e+00
4.050000000000000000e+02,7.715381110992279901e+01,4.301258991709487134e+01,-1.697482618764932028e-03,4.783556719883733876e+01,2.250596794664947442e-01,nan,8.647574282292087133e+00,1.000000000000000000e+00
4.060000000000000000e+02,1.247763319338506705e+02,3.617639698546508242e+01,-1.442204142207193385e-03,4.082407029190825654e+01,3.641895217779478333e-01,nan,3.355457794238744462e+00,1.000000000000000000e+00
4.060000000000000000e+02,1.225798616466260285e+02,7.521771491523120190e+00,-1.922034882362209322e-03,5.400313574157785723e+01,2.245126759709781261e-01,nan,7.457379574756491714e+00,1.000000000000000000e+00
4.060000000000000000e+02,1.356289010167120637e+02,2.012376292880922080e+01,-1.736466962379808751e-03,4.890631397059874530e+01,2.381788910175585139e-01,nan,1.003841677840492252e+01,1.000000000000000000e+00
4.090000000000000000e+02,8.475237386908649739e+01,6.385765157842068440e+00,-5.775327907676402160e-03,1.598379577476982831e+02,5.575611617705400480e-02,nan,1.535895102373831023e+01,1.000000000000000000e+00
4.090000000000000000e+02,4.198035468143407201e+01,1.327288521846490532e+01,-2.677264307059332334e-03,7.474632117064015802e+01,2.061000178042401432e-01,nan,2.545393346994519490e+01,1.000000000000000000e+00
4.090000000000000000e+02,8.502925234836088464e+01,3.944076037641571020e+01,-1.358237212225735235e-03,3.851782858368432017e+01,3.721248410342091750e-01,nan,7.456932037233578114e+00,1.000000000000000000e+00
4.100000000000000000e+02,1.300094013909553325e+02,8.165548867194683424e+00,-1.412868226963680989e-03,4.001832794431438600e+01,3.476196441771851608e-01,nan,7.457379574756491714e+00,1.000000000000000000e+00
4.100000000000000000e+02,6.743394102327484063e+01,1.313995128429706760e+01,-1.615123871796536213e-03,4.557349596034476491e+01,2.714302819658487298e-01,nan,1.858889847370427617e+01,1.000000000000000000e+00
4.100000000000000000e+02,2.019145015204829718e+01,3.376288262865967482e+01,-1.238835405836448411e-03,3.523833002403635817e+01,3.143025470678357802e-01,nan,2.189331156365749109e+01,1.000000000000000000e+00
4.110000000000000000e+02,1.397066031582152767e+01,1.277195923218002882e+01,-1.701470572859464141e-03,4.794510063140803169e+01,3.001623535941517762e-01,nan,2.189331156365749109e+01,1.000000000000000000e+00
4.110000000000000000e+02,9.633432505360542564e+01,3.959559626988539804e+01,-1.310163080655635422e-03,3.719742104540594596e+01,3.542527055678528214e-01,nan,7.735477977518124604e+00,1.000000000000000000e+00
4.120000000000000000e+02,9.630114809495094619e+01,1.651113875241136242e+01,-2.084690367983092069e-03,5.847064295058424932e+01,1.732805816557304590e-01,nan,8.080859194215548769e+00,1.000000000000000000e+00
4.160000000000000000e+02,9.080991917536908886e+01,1.058267434166503307e+01,-1.637288700545147047e-03,4.618227673304867409e+01,3.669215910603027542e-01,nan,8.080859194215548769e+00,1.000000000000000000e+00
4.160000000000000000e+02,9.700423739493237463e+01,2.676044529599911925e+01,-1.773907737471355382e-03,4.993466497882810984e+01,2.978003719485218248e-01,nan,9.690146595427355791e+00,1.000000000000000000e+00
4.190000000000000000e+02,1.128908641527095114e+02,3.857538939577701598e+01,-1.545046895664764497e-02,4.255760742301548589e+02,1.809405950329123769e-02,nan,1.326207793971007831e+01,1.000000000000000000e+00
4.200000000000000000e+02,3.484727057107453874e+01,1.986348834105544015e+01,-1.407535948461535779e-03,3.987187120135344998e+01,3.660105029464556514e-01,nan,1.857291237259954642e+01,1.000000000000000000e+00
4.210000000000000000e+02,5.392194129760807897e+01,1.612947932313326405e+01,-1.687630725022243924e-03,4.756497438021939672e+01,2.508219390257449000e-01,nan,1.178163968501263525e+01,1.000000000000000000e+00
4.220000000000000000e+02,9.725327761667482207e+01,9.049948654160123951e+00,-2.472697861780587692e-03,6.912768454418339559e+01,1.651563704301247659e-01,nan,1.787032421337579891e+01,1.000000000000000000e+00
4.230000000000000000e+02,1.423121732201112764e+02,2.134007405462419982e+01,-1.573210229919486678e-03,4.442229287287022288e+01,3.099321179053291520e-01,nan,7.511149787986040494e+00,1.000000000000000000e+00
4.230000000000000000e+02,1.060747990286915687e+01,3.248904103003852839e+01,1.465266741836838710e-03,-4.145750930388241784e+01,3.215341507895151940e-01,nan,2.429979160033601815e+01,1.000000000000000000e+00
4.240000000000000000e+02,4.662054336630855289e+01,3.422813667261107184e+01,-1.262308200629986762e-03,3.588303548573888690e+01,3.597759419611968879e-01,nan,1.089824790021270751e+01,1.000000000000000000e+00
4.250000000000000000e+02,5.672737135294124755e+01,4.428752759563711550e+01,-1.960992063052552272e-03,5.507313645451002060e+01,2.554766090349613883e-01,nan,5.745354707614238166e+00,1.000000000000000000e+00
4.260000000000000000e+02,3.337932545912872229e+01,4.096977931049633526e+01,-1.620478164615488451e-02,4.462940805448828314e+02,1.239395413906629884e-02,nan,1.303987100522417286e+01,1.000000000000000000e+00
4.270000000000000000e+02,5.098246942350058930e+01,4.421539897847246436e+01,-1.570500218210810379e-03,4.434785949732934540e+01,3.133782745426422212e-01,nan,5.745354707614238166e+00,1.000000000000000000e+00
4.280000000000000000e+02,8.583901711606277729e+01,1.435600202638186751e+01,-2.111434702783059319e-03,5.920520476424124467e+01,2.045176275378540742e-01,nan,9.624940234730706479e+00,1.000000000000000000e+00
4.280000000000000000e+02,1.063390036927340674e+02,3.779627081058655591e+01,-1.503280967635273408e-03,4.250161075026794322e+01,3.607730710678569430e-01,nan,1.190959199707753413e+01,1.000000000000000000e+00
4.300000000000000000e+02,5.782994467157521257e+01,2.826646329715977046e+01,-1.685305884072830357e-03,4.750112013231836983e+01,2.706783534934359414e-01,nan,1.575685065050476652e+01,1.000000000000000000e+00
4.310000000000000000e+02,4.626462282408503057e+01,3.896794324090020467e+01,-2.647918805466456960e-03,7.394031552368859650e+01,1.681761049854080259e-01,nan,7.056477042646491782e+00,1.000000000000000000e+00
4.320000000000000000e+02,1.382091562249440244e+02,2.663279653373553657e+01,-1.029484915085938750e-02,2.839714516664872690e+02,2.369787454058658316e-02,nan,7.905617668507048279e+00,1.000000000000000000e+00
4.330000000000000000e+02,8.796589607983732151e+01,4.968997158182889784e+00,-1.067150955380598981e-02,2.943168332506860452e+02,2.620365156948312180e-02,nan,9.624940234730706479e+00,1.000000000000000000e+00
4.330000000000000000e+02,4.192415868113433675e+01,1.681098201051273122e+01,-2.447050254283768961e-02,6.733209622550700715e+02,1.302751978157046242e-02,nan,1.211989013626891776e+01,1.000000000000000000e+00
4.350000000000000000e+02,1.025586138309161583e+02,8.587247886451882195e+00,-1.864614388911911254e-03,5.242602035899665225e+01,2.258042274259532967e-01,nan,1.503459842148337877e+01,1.000000000000000000e+00
4.350000000000000000e+02,8.673866606934058154e+01,3.329510958483734129e+01,-1.344373228403181360e-02,3.704589011617679262e+02,1.333453214469404458e-02,nan,8.789419398219401103e+00,1.000000000000000000e+00
4.350000000000000000e+02,9.821569200305991387e+01,2.579808279593584430e+01,-1.297447858364979972e-03,3.684818383996657332e+01,3.410009823944961660e-01,nan,1.031168850505570056e+01,1.000000000000000000e+00
4.350000000000000000e+02,1.061430967466450142e+02,3.239256335597105618e+01,-1.688958076157566967e-03,4.760143150149817615e+01,2.352088552799223020e-01,nan,9.237124744045232205e+00,1.000000000000000000e+00
4.360000000000000000e+02,9.753532141407587730e+00,1.571059818351660908e+01,-3.399789370646659481e-03,9.459124627687198483e+01,9.090666678264791578e-02,nan,2.546454402421837671e+01,1.000000000000000000e+00
4.360000000000000000e+02,1.232205224360036055e+02,4.093310758306524377e+01,-1.171483700718293141e-03,3.338844327102788867e+01,3.492499090875593737e-01,nan,1.408086976714041150e+01,1.000000000000000000e+00
4.370000000000000000e+02,5.005653853609175030e+01,4.465910306910603822e+01,-1.681869059454053558e-02,4.631557476575370060e+02,1.613089697698377734e-02,nan,8.970682213013667194e+00,1.000000000000000000e+00
4.370000000000000000e+02,5.478962966761432796e+01,1.060915400962543309e+01,-2.203339909734404467e-03,6.172947975584745706e+01,2.423733207671032730e-01,nan,1.133101953795783245e+01,1.000000000000000000e+00
4.370000000000000000e+02,1.108533244371970881e+02,2.256579018058101127e+01,-2.348003624486311603e-03,6.570282369852979798e+01,2.309764987717519702e-01,nan,6.216558778677871544e+00,1.000000000000000000e+00
4.370000000000000000e+02,6.589857569078846211e+01,3.114252982042939522e+01,-2.469714131486469740e-03,6.904573319438524948e+01,2.874511161656422287e-01,nan,1.767390345923218220e+01,1.000000000000000000e+00
4.380000000000000000e+02,4.876196376111740705e+01,2.681778762486271361e+01,-1.847007888584775758e-03,5.194243896094786095e+01,2.580408080254996683e-01,nan,1.211989013626891776e+01,1.000000000000000000e+00
4.390000000000000000e+02,9.561271026532216410e+01,3.602829415782914424e+01,-2.031050010668989953e-03,5.699735305765694449e+01,3.080303718061200291e-01,nan,9.285416431279472249e+00,1.000000000000000000e+00
4.400000000000000000e+02,1.219939615846155334e+02,1.028225917570665970e+01,-1.479955445819840492e-03,4.186095029872210205e+01,3.084719814907864732e-01,nan,1.502785578927365151e+01,1.000000000000000000e+00
4.400000000000000000e+02,2.542978672007930996e+01,4.204234753541597769e+01,-1.365491680369228982e-03,3.871708032490198548e+01,3.260957943142965831e-01,nan,2.440618624344386944e+01,1.000000000000000000e+00
4.420000000000000000e+02,1.393083874692586335e+02,1.301078099487319761e+01,-1.706335876908294689e-03,4.807873142061375660e+01,2.484136807343170217e-01,nan,1.752809673160400195e+01,1.000000000000000000e+00
4.430000000000000000e+02,3.499337925768110580e+01,1.958795765894870300e+01,-1.738842611479833556e-03,4.897156371880070225e+01,2.890785234215815791e-01,nan,6.293090827126954778e+00,1.000000000000000000e+00
4.430000000000000000e+02,1.246187620396181046e+02,4.212116108203309750e+01,-1.677194680595261479e-03,4.727833723710008229e+01,3.381079726304812016e-01,nan,1.159694509719093247e+01,1.000000000000000000e+00
4.460000000000000000e+02,7.796448234588586956e+01,5.284305339061712914e+01,-2.081412276996573614e-03,5.838060666894180883e+01,3.149355852123433275e-01,nan,8.792845681908895372e+00,1.000000000000000000e+00
4.470000000000000000e+02,1.330623807544204169e+02,3.236128742113537982e+01,-1.650662131333386013e-03,4.654959234018940606e+01,3.042495244959915190e-01,nan,5.826089091149636801e+00,1.000000000000000000e+00
4.470000000000000000e+02,2.106513288559146702e+01,1.669400465852005055e+01,-3.540567968500749063e-02,9.736673202517010850e+02,1.256013454597970647e-02,nan,1.422571653627043808e+01,1.000000000000000000e+00
4.470000000000000000e+02,1.300186040273212313e+02,5.238424259272466799e+01,-1.710603313394187981e-03,4.819594113654760292e+01,3.489207012000298258e-01,nan,1.159694509719093247e+01,1.000000000000000000e+00
4.470000000000000000e+02,8.675442550362669181e+01,5.306896149040377253e+01,-1.672555342874718900e-03,4.715091285523909903e+01,2.483346396930314892e-01,nan,8.609694327865161867e+00,1.000000000000000000e+00
4.490000000000000000e+02,7.107206539644664645e+01,2.660361076174640971e+01,-1.615563560197528972e-03,4.558557247343409102e+01,2.665533204306881343e-01,nan,6.176412917563828486e+00,1.000000000000000000e+00
4.490000000000000000e+02,8.524587552139524860e+01,4.459245788512033926e+01,-2.475984215330614968e-03,6.921794776598650856e+01,1.779567870807036156e-01,nan,8.609694327865161867e+00,1.000000000000000000e+00
4.500000000000000000e+02,6.758162545575653724e+01,1.829812421255761379e+01,-1.298760096400269209e-03,3.688422586375820345e+01,3.613870774698256794e-01,nan,9.009121921603725269e+00,1.000000000000000000e+00
4.510000000000000000e+02,8.018477918523358028e+01,1.620824766591157129e+01,-1.789275174672284559e-03,5.035674810880703234e+01,3.340668914129470979e-01,nan,1.277525216616299453e+01,1.000000000000000000e+00
4.510000000000000000e+02,1.424463077460446812e+02,2.212686478777667176e+01,-1.413062900841050712e-03,4.002367487096265819e+01,2.861385535574830774e-01,nan,1.256978376945821196e+01,1.000000000000000000e+00
4.510000000000000000e+02,5.133508591971174440e+01,4.750424410040406542e+01,-1.354477592909101571e-03,3.841456661046486687e+01,3.226543857512058633e-01,nan,1.261754845454714946e+01,1.000000000000000000e+00
4.520000000000000000e+02,7.486473166931011747e+01,3.147841938064964040e+01,-1.544617868516751872e-03,4.363697302828187219e+01,3.289369612328465475e-01,nan,6.176412917563828486e+00,1.000000000000000000e+00
4.560000000000000000e+02,6.236436746071659343e+01,7.671283554722654330e+00,-1.828221333092880374e-02,5.033529678767112046e+02,1.978157718120354680e-02,nan,1.975972748463475170e+01,1.000000000000000000e+00
4.560000000000000000e+02,2.304951962045280567e+01,1.315456403245703676e+01,-1.426759826343722282e-03,4.039987560708190273e+01,3.710786651958706273e-01,nan,7.774726847521334250e+00,1.000000000000000000e+00
4.560000000000000000e+02,1.094617008354159822e+02,3.705993811257430082e+01,-1.515010022647134830e-03,4.282376181464984910e+01,3.450249943716878764e-01,nan,1.975902272679834937e+01,1.000000000000000000e+00
4.560000000000000000e+02,6.377131477449806596e+01,4.537287344417712376e+01,-1.295415734609511090e-03,3.679236938346363672e+01,3.252751129529830587e-01,nan,1.261754845454714946e+01,1.000000000000000000e+00
4.570000000000000000e+02,9.849394039644855070e+01,1.947743560370662763e+01,-1.253166092336224389e-03,3.563193768505913539e+01,3.119636942237679067e-01,nan,5.439197209892278728e+00,1.000000000000000000e+00
4.590000000000000000e+02,1.393885157649642679e+02,1.334836242280451657e+01,1.973511385230306697e-03,-5.541699305342826420e+01,3.457631268406501368e-01,nan,1.268117094414079737e+01,1.000000000000000000e+00
4.590000000000000000e+02,1.367656489036283176e+02,2.575532280567938415e+01,-1.451331881731525832e-03,4.107477343893850019e+01,3.667769881781187680e-01,nan,8.122817516662506065e+00,1.000000000000000000e+00
4.600000000000000000e+02,8.949643353226905163e+01,4.170847602403758003e+01,-1.278244297280148626e-03,3.632073745684831323e+01,3.446651532458850919e-01,nan,5.378497740038718611e+00,1.000000000000000000e+00
4.610000000000000000e+02,2.690119143735716634e+01,6.400972264483962171e+00,-1.699220656641256761e-03,4.788330427153653090e+01,2.789487996915627210e-01,nan,7.774726847521334250e+00,1.000000000000000000e+00
4.610000000000000000e+02,1.528819138327745542e+01,1.032403712520545191e+01,-1.563908775948699313e-03,4.416681847242123382e+01,3.285360038739385535e-01,nan,8.261361787129931855e+00,1.000000000000000000e+00
4.620000000000000000e+02,4.419685828343800438e+01,1.626220978345004298e+01,-1.504272331182486457e-03,4.252883961240569732e+01,3.333230780939727689e-01,nan,1.798632140478625274e+01,1.000000000000000000e+00
4.620000000000000000e+02,9.053341939325990495e+01,3.643089151370459433e+01,-1.474945800406004355e-03,4.172335501925490320e+01,3.529073465727944336e-01,nan,5.378497740038718611e+00,1.000000000000000000e+00
4.630000000000000000e+02,6.218103182684508567e+01,1.654016596145100948e+01,-2.214099740685239025e-03,6.202501004280368591e+01,2.807249799465265649e-01,nan,1.798632140478625274e+01,1.000000000000000000e+00
4.640000000000000000e+02,1.314382784967062037e+02,3.188714871289900543e+01,-1.569713193032666251e-02,4.323509371184218821e+02,1.599713678976688591e-02,nan,8.122817516662506065e+00,1.000000000000000000e+00
4.660000000000000000e+02,1.202308836134774737e+02,8.031487996258693585e+00,-2.014901453667395682e-03,5.655381563532969125e+01,1.949795519743182659e-01,nan,1.295357491939730288e+01,1.000000000000000000e+00
4.660000000000000000e+02,1.073180344305986580e+02,9.057854973837736523e+00,-1.336441058289960810e-03,3.791917385977512822e+01,3.682288462415775898e-01,nan,8.945823333615106066e+00,1.000000000000000000e+00
4.680000000000000000e+02,7.070239559856763378e+01,3.797482403735030942e+01,-2.057023836423482396e-02,5.661960271910869551e+02,1.550537121462536305e-02,nan,1.974601532373568347e+01,1.000000000000000000e+00
4.690000000000000000e+02,3.733735164431401188e+01,3.840321863173448236e+01,-1.818680092932745086e-03,5.116438569820282112e+01,3.344113002663011702e-01,nan,9.187355850786929068e+00,1.000000000000000000e+00
4.720000000000000000e+02,7.570817218241816704e+01,1.887384704773592858e+01,-1.573864760510466356e-03,4.444027025692557942e+01,2.821417846499933990e-01,nan,1.056274387005172954e+01,1.000000000000000000e+00
4.730000000000000000e+02,1.088026102799482686e+02,1.920340140715528676e+01,-1.420596882378755664e-03,4.023060374706997067e+01,2.894704739825127993e-01,nan,1.112678870531294528e+01,1.000000000000000000e+00
4.730000000000000000e+02,7.865818701853760331e+01,8.731412895571537547e+00,-1.332092792771270504e-03,3.779974408784170237e+01,3.617197072522082557e-01,nan,1.056274387005172954e+01,1.000000000000000000e+00
4.750000000000000000e+02,1.297476254934789210e+02,2.096966214539191142e+01,-1.190909147207395340e-03,3.392198397453976355e+01,3.435168841491677005e-01,nan,1.376135286359498977e+01,1.000000000000000000e+00
4.760000000000000000e+02,8.829012406653728817e+01,3.835108198597075813e+01,-1.622132910878200645e-03,4.576600672938533165e+01,2.892585413145339901e-01,nan,5.071397657126553327e+00,1.000000000000000000e+00
4.780000000000000000e+02,1.646644319711688098e+01,9.727943809059114599e+00,-1.706580571914607979e-03,4.808545223116951206e+01,3.716716157295339995e-01,nan,6.993510908709461127e+00,1.000000000000000000e+00
4.780000000000000000e+02,2.451929666601834867e+01,4.366576899062259542e+01,-1.972809162404096529e-03,5.539770575102682670e+01,2.856156726420912007e-01,nan,1.717719692365204054e+01,1.000000000000000000e+00
4.810000000000000000e+02,7.708239405408183131e+01,3.103142252698442860e+01,-1.071532528243740456e-02,2.955202791890847038e+02,2.600851338880227903e-02,nan,1.284262011574974238e+01,1.000000000000000000e+00
4.830000000000000000e+02,2.345062189754849769e+01,1.008911234406121160e+01,-1.769308612212004434e-03,4.980834507530413902e+01,2.962135390988817063e-01,nan,6.993510908709461127e+00,1.000000000000000000e+00
4.830000000000000000e+02,1.302408262761210267e+02,1.625300697417329232e+01,-1.246728204511460833e-03,3.545511419731681713e+01,3.582570187004286977e-01,nan,9.579695766484714881e+00,1.000000000000000000e+00
4.830000000000000000e+02,1.079379442047766275e+02,3.087770537906738966e+01,-1.343385846427961900e-03,3.810991990779871941e+01,3.527628736863833714e-01,nan,2.587124977105362689e+01,1.000000000000000000e+00
4.850000000000000000e+02,1.151284008941754067e+01,5.260646399834941889e+01,-1.693377660901138537e-03,4.772282013236637255e+01,2.740004362966885765e-01,nan,2.777364691793717810e+01,1.000000000000000000e+00
4.860000000000000000e+02,1.389703531517014312e+02,2.019837533554648346e+01,-1.745971834304739252e-03,4.916737546313446217e+01,2.520121249944563546e-01,nan,7.335883440721540083e+00,1.000000000000000000e+00
4.860000000000000000e+02,6.036455814367794659e+01,3.759420713555055471e+01,-1.260067831672130384e-03,3.582150135160346593e+01,3.356677397311346178e-01,nan,1.464007854223151206e+01,1.000000000000000000e+00
4.860000000000000000e+02,7.950865908276338700e+01,4.639496827747269236e+01,-2.051506465636424199e-03,5.755921151382199952e+01,2.071268732591452499e-01,nan,6.764116260625240962e+00,1.000000000000000000e+00
4.870000000000000000e+02,5.493948559976782775e+01,8.861824479547872002e+00,-1.857859293845673171e-03,5.224048443445806811e+01,2.687261123875985813e-01,nan,1.596663320594473845e+01,1.000000000000000000e+00
4.880000000000000000e+02,9.068799110972257438e+01,5.236908970144850350e+00,-1.706854988543201560e-03,4.809298937792993911e+01,2.951768649160880775e-01,nan,2.556764233263240982e+01,1.000000000000000000e+00
4.890000000000000000e+02,1.315249196489624524e+02,3.615831916901289134e+01,-1.801914089015923702e-03,5.070388943471244403e+01,2.401071141368594786e-01,nan,1.210637556002403770e+01,1.000000000000000000e+00
4.890000000000000000e+02,1.241837409582178253e+02,5.282888407299244449e+01,-1.250871150325775453e-03,3.556890464355551984e+01,3.629558189634177756e-01,nan,1.116459552735302552e+01,1.000000000000000000e+00
4.900000000000000000e+02,1.160430885641028880e+02,2.815517686183581958e+01,-1.485301745555670655e-03,4.200779214989090349e+01,3.090429232439605434e-01,nan,1.720586177630422142e+01,1.000000000000000000e+00
4.900000000000000000e+02,1.349912550572693419e+02,5.002784278657878758e+01,-1.530069388779345309e-03,4.323738344260728894e+01,2.858381769820387275e-01,nan,1.116459552735302552e+01,1.000000000000000000e+00
4.900000000000000000e+02,3.833130567823555879e+01,4.538528912277514848e+01,-1.344971426219748441e-03,3.815346955583685684e+01,3.706450070223025195e-01,nan,2.337017699414316851e+01,1.000000000000000000e+00
4.910000000000000000e+02,7.284167961248881795e+01,4.525275396737487910e+01,-1.229938440796938398e-02,3.390281604990398137e+02,1.629828117967802026e-02,nan,6.764116260625240962e+00,1.000000000000000000e+00
4.910000000000000000e+02,1.327681079425306052e+02,2.411594348698559287e+01,-1.424661788712123633e-03,4.034225075533985461e+01,3.167530758970418248e-01,nan,7.335883440721540083e+00,1.000000000000000000e+00
4.930000000000000000e+02,6.811140005267230890e+01,1.723698691539732764e+01,-1.597969873898454074e-02,4.401119373077873433e+02,2.041865145513055424e-02,nan,1.223810645055746171e+01,1.000000000000000000e+00
4.940000000000000000e+02,2.135971523981180553e+01,1.328386923960679589e+01,-1.879972468858277443e-03,5.284784648195206813e+01,3.070484983416011948e-01,nan,9.323712094415117946e+00,1.000000000000000000e+00
4.960000000000000000e+02,5.523807584112540070e+01,1.560846042223984398e+01,-1.683552912715935001e-03,4.745297289557306186e+01,3.398230358200393653e-01,nan,5.556066963901398204e+00,1.000000000000000000e+00
4.970000000000000000e+02,7.048326600946917608e+01,5.145530887932920905e+01,-2.991687361638296211e-02,8.229113799474662301e+02,7.723432098199922713e-03,nan,3.110482277584643285e+01,1.000000000000000000e+00
4.970000000000000000e+02,1.078807403904372251e+02,5.298524564427830086e+01,-1.530614268070416796e-03,4.325234913621182642e+01,3.016545963059638069e-01,nan,1.757655147508803140e+01,1.000000000000000000e+00
4.980000000000000000e+02,1.568364736865938092e+01,5.886987414025565357e+00,-2.229758576585426193e-03,6.245509675031127728e+01,2.557487338292639967e-01,nan,9.323712094415117946e+00,1.000000000000000000e+00
4.990000000000000000e+02,2.222342458887473526e+01,5.324418167147678815e+01,-1.583012797109512254e-03,4.469153088486252301e+01,3.144024538307679251e-01,nan,2.321735299252724971e+01,1.000000000000000000e+00
4.990000000000000000e+02,8.483158652763087559e+00,1.362640052275003733e+01,-1.956261935967654013e-03,5.494321844547002343e+01,2.922028687718026818e-01,nan,1.057097691867908829e+01,1.000000000000000000e+00
5.020000000000000000e+02,3.593133805064427122e+01,3.450548938774867480e+01,-1.389919931651865774e-02,3.829687912729593791e+02,1.992696362048207437e-02,nan,1.885376734536466969e+01,1.000000000000000000e+00
5.020000000000000000e+02,1.269291439816324214e+02,3.735053088763371676e+01,-1.747398991700735904e-03,4.920657387031184271e+01,2.621041514698427832e-01,nan,1.374859068514344074e+01,1.000000000000000000e+00
5.020000000000000000e+02,2.793474962345849733e+01,1.411422660545222207e+01,-1.725570796277704853e-03,4.860703909262051070e+01,2.080828681480758613e-01,nan,1.325383466877806704e+01,1.000000000000000000e+00
5.020000000000000000e+02,9.856554986114768724e+01,3.808013285841003182e+01,-1.723431633128678919e-03,4.854828468447352918e+01,3.433240870109972587e-01,nan,1.245752505681264033e+01,1.000000000000000000e+00
5.030000000000000000e+02,9.212164726279499405e+01,2.741870472499103073e+01,-1.356610229613191372e-03,3.847314176280814024e+01,3.342388178612263339e-01,nan,1.072049105873965047e+01,1.000000000000000000e+00
5.040000000000000000e+02,1.284392410548057342e+02,1.198565116775626826e+01,-1.067473729005180734e-02,2.944054864854166453e+02,2.623729717274092543e-02,nan,2.540979174204812097e+01,1.000000000000000000e+00
5.060000000000000000e+02,9.557149618079530740e+01,1.726845985191092936e+01,-1.728408554073237883e-03,4.868498115132553750e+01,2.792475787947056309e-01,nan,6.715747466061135817e+00,1.000000000000000000e+00
5.060000000000000000e+02,1.145639216715259323e+01,1.589303587971863685e+01,-2.323561399679664827e-03,6.503149180270698082e+01,2.932628705774769085e-01,nan,1.657408902148195295e+01,1.000000000000000000e+00
5.070000000000000000e+02,9.587209684206753479e+01,1.055944328684349287e+01,-1.596432258487799367e-03,4.506011077148384203e+01,3.221657754505914406e-01,nan,6.715747466061135817e+00,1.000000000000000000e+00
5.070000000000000000e+02,1.405725072390274590e+02,3.904828966154007475e+01,-1.343633934011126364e-03,3.811673389911307197e+01,3.505649161786169588e-01,nan,1.066220945945035403e+01,1.000000000000000000e+00
5.090000000000000000e+02,9.151972453799572804e+01,3.109657417592636719e+01,-1.783341228551067097e-03,5.019376591996045534e+01,3.540819057695845373e-01,nan,8.112397503922833764e+00,1.000000000000000000e+00
5.090000000000000000e+02,9.823580561693390223e+01,3.564687616621031907e+01,-4.620086903474772237e-03,1.281080256478985291e+02,8.829706708830076245e-02,nan,8.112397503922833764e+00,1.000000000000000000e+00
5.100000000000000000e+02,1.348449246464953717e+02,1.474172744977106930e+01,-1.654545988929799483e-03,4.665626665089278902e+01,3.406581818916798454e-01,nan,1.189288757066804614e+01,1.000000000000000000e+00
5.110000000000000000e+02,7.685451864567821190e+01,2.885339303347942064e+01,-1.587434639126722880e-03,4.481298151417004050e+01,3.650497743194955902e-01,nan,1.483577182022876784e+01,1.000000000000000000e+00
5.120000000000000000e+02,1.224840846691415095e+02,8.484683811638168649e+00,-1.698502901445346708e-03,4.786359035595729239e+01,2.259669258778186363e-01,nan,9.929756496583255654e+00,1.000000000000000000e+00
5.120000000000000000e+02,5.159358348955920803e+01,3.073978132897578419e+01,-1.997671659269663509e-03,5.608058086929802499e+01,3.032171573484134797e-01,nan,7.145394795077175232e+00,1.000000000000000000e+00
5.140000000000000000e+02,4.456814056624944698e+01,2.943601044847845216e+01,-2.597678934114530051e-03,7.256042362156469494e+01,1.729058822491865710e-01,nan,7.145394795077175232e+00,1.000000000000000000e+00
5.140000000000000000e+02,1.131492394733019466e+02,2.435150644585172586e+01,-1.302732690386352275e-03,3.699333741449094504e+01,3.608512390350466781e-01,nan,1.197331571182097854e+01,1.000000000000000000e+00
5.150000000000000000e+02,1.235160232752041765e+02,1.836067322003441404e+01,-1.315491166972002426e-03,3.734376264549226931e+01,2.864764027622955789e-01,nan,5.239223481851154496e+00,1.000000000000000000e+00
5.160000000000000000e+02,8.557785037064103051e+01,7.964997755334820795e+00,-1.397758331574113682e-03,3.960331847615810119e+01,2.470482095895958352e-01,nan,9.910231243022057157e+00,1.000000000000000000e+00
5.160000000000000000e+02,9.957240243251277434e+00,1.583031912409690811e+01,-1.379048887096721073e-03,3.908944353514273473e+01,2.800045040892522596e-01,nan,1.863595306375276195e+01,1.000000000000000000e+00
5.160000000000000000e+02,2.939190856630224502e+01,3.299697834766793392e+01,-1.702104488796611550e-03,4.796251181190587687e+01,3.032341759303234241e-01,nan,1.558840947933044774e+01,1.000000000000000000e+00
5.160000000000000000e+02,5.885994737744948857e+00,4.318173679665706999e+01,-1.557164853387410638e-03,4.398158941270319389e+01,3.671263029359842500e-01,nan,2.561751919253339338e+01,1.000000000000000000e+00
5.170000000000000000e+02,5.206681544440198905e+01,7.817483310158248599e+00,-1.524469215710347455e-03,4.308356868830047404e+01,3.671869945432367777e-01,nan,1.245528187325763092e+01,1.000000000000000000e+00
5.170000000000000000e+02,1.374241761265668345e+02,5.320198435130664194e+01,-1.322843164918700203e-03,3.754569314726475682e+01,3.557320808765919162e-01,nan,5.161475450834450029e+00,1.000000000000000000e+00
5.190000000000000000e+02,7.767062237359849064e+01,1.393897705668472753e+01,-1.904698346204713143e-03,5.352696919873320525e+01,2.555526132629184488e-01,nan,9.910231243022057157e+00,1.000000000000000000e+00
5.200000000000000000e+02,1.235825369571689549e+02,2.359947447823194366e+01,-1.662968530096478126e-03,4.688760076936200960e+01,2.571604206961392025e-01,nan,5.239223481851154496e+00,1.000000000000000000e+00
5.200000000000000000e+02,1.385558911414584884e+02,2.696548061859074963e+01,-1.412684511083509053e-03,4.001328199080138859e+01,3.114716351682376150e-01,nan,1.534703009917925698e+01,1.000000000000000000e+00
5.210000000000000000e+02,1.049142395246294512e+02,3.791986398539141589e+01,-1.915338781150228639e-03,5.381922014646239205e+01,2.634541034331029374e-01,nan,2.352825715318761368e+01,1.000000000000000000e+00
5.220000000000000000e+02,5.154661093655047921e+01,3.000980549777926853e+01,-1.053277921299021307e-02,2.905064557811737700e+02,2.728915434352918723e-02,nan,1.987600023500478486e+01,1.000000000000000000e+00
5.230000000000000000e+02,7.252098284613197166e+01,2.303544442219797972e+01,-1.356117850674717299e-03,3.845961804764539238e+01,3.686795646540025340e-01,nan,1.045296636341537244e+01,1.000000000000000000e+00
5.240000000000000000e+02,1.094096954592799591e+02,1.305438430778943726e+01,-2.037561011140183106e-02,5.608503536696027822e+02,1.850322096315282216e-02,nan,1.304322713126706645e+01,1.000000000000000000e+00
5.240000000000000000e+02,2.559833439107887898e+01,3.822942487229385478e+01,-2.169528783772639927e-02,5.970967165476540686e+02,1.557137961541299465e-02,nan,2.721902272937379053e+01,1.000000000000000000e+00
5.290000000000000000e+02,1.216390353821040407e+02,8.519076264244610286e+00,-1.529440391172069095e-03,4.322010734930967857e+01,2.922624241755203967e-01,nan,1.304322713126706645e+01,1.000000000000000000e+00
5.300000000000000000e+02,1.381941787854156587e+02,3.936559550374677485e+01,-2.785157400544730974e-03,7.770972059801326282e+01,1.440898579105184263e-01,nan,1.060641405431868201e+01,1.000000000000000000e+00
5.310000000000000000e+02,8.078126374867834159e+01,4.023850743881084924e+01,-1.757168829068003757e-02,4.838376362703151017e+02,1.947995942602187558e-02,nan,1.349367638596766561e+01,1.000000000000000000e+00
5.310000000000000000e+02,4.676704478952021304e+01,2.216610344557705758e+01,-1.661003698451958468e-03,4.683363456279437287e+01,3.238371361737336640e-01,nan,8.613135498057635786e+00,1.000000000000000000e+00
5.320000000000000000e+02,5.615325494882483071e+01,1.811358300860087311e+01,-1.430510020761944969e-03,4.050287871536707485e+01,3.429410469234378533e-01,nan,1.022369126327389033e+01,1.000000000000000000e+00
5.320000000000000000e+02,1.607327985485434496e+01,2.351665314472191426e+01,-1.989346458487032104e-03,5.585192030878350522e+01,2.629133144594516525e-01,nan,1.861675921496867758e+01,1.000000000000000000e+00
5.330000000000000000e+02,5.074940580967012949e+01,2.980330868133516731e+01,-1.518872232276763249e-03,4.292984154074820680e+01,3.361177612480922283e-01,nan,8.613135498057635786e+00,1.000000000000000000e+00
5.330000000000000000e+02,1.296752234476830097e+02,3.304709733999256827e+01,-1.569871602556607935e-03,4.433059389478219714e+01,3.373861377528403205e-01,nan,9.417359995678047824e+00,1.000000000000000000e+00
5.340000000000000000e+02,3.322825525976172401e+01,4.419350345032147942e+01,-1.646429939443287737e-03,4.643335065484605906e+01,3.149378107402011073e-01,nan,1.064506211892484622e+01,1.000000000000000000e+00
5.340000000000000000e+02,1.311238578058085409e+02,2.374182314818846606e+01,-1.638455979795083207e-03,4.621433730846737120e+01,3.453887001034423587e-01,nan,7.044438102166726168e+00,1.000000000000000000e+00
5.350000000000000000e+02,4.316859995222640123e+01,4.038471165885295022e+01,-1.267952602654630985e-03,3.603806503570686459e+01,3.542680478723065907e-01,nan,1.064506211892484622e+01,1.000000000000000000e+00
5.360000000000000000e+02,1.242368369847889369e+02,2.226092734290681108e+01,-1.433602887166794421e-03,4.058782760539322254e+01,3.077570104952872532e-01,nan,7.044438102166726168e+00,1.000000000000000000e+00
5.360000000000000000e+02,1.189909520023706477e+02,4.796325218006955282e+01,-1.395698279742369581e-03,3.954673694511343029e+01,3.613397593528936413e-01,nan,1.834789719641651828e+01,1.000000000000000000e+00
5.380000000000000000e+02,1.053406776787658004e+02,6.434974564867266267e+00,-1.644714712576305716e-03,4.638624011096201372e+01,3.016241781980705250e-01,nan,1.791487799866159847e+01,1.000000000000000000e+00
5.380000000000000000e+02,3.112909846911011869e+01,2.066651445341284443e+01,-1.735437582815580566e-03,4.887804095781692126e+01,2.830865546675354061e-01,nan,7.262778033415320245e+00,1.000000000000000000e+00
5.390000000000000000e+02,1.128272795496270078e+02,2.271052820012486606e+01,-1.367040665056658538e-03,3.875962484918480300e+01,3.477256758650116852e-01,nan,1.141841240265344659e+01,1.000000000000000000e+00
5.390000000000000000e+02,9.705140903317644074e+01,2.461618551813382894e+01,-1.404208809480277619e-03,3.978048776397721298e+01,3.001247543970114728e-01,nan,9.250633905445365457e+00,1.000000000000000000e+00
5.400000000000000000e+02,8.091271636489049968e+01,8.502469198347247570e+00,-1.275296013632015897e-02,3.514861039154730520e+02,2.631133539050722892e-02,nan,1.547604109581711107e+01,1.000000000000000000e+00
5.420000000000000000e+02,1.388324369431308298e+02,4.903090713411708990e+00,-1.701091179798830616e-03,4.793468019445223405e+01,3.277862127409942872e-01,nan,1.732485593335796636e+01,1.000000000000000000e+00
5.430000000000000000e+02,4.455742028724306181e+01,2.237123138338213835e+01,-4.618194447496116496e-03,1.280560473165492965e+02,5.020341130490213466e-02,nan,1.149580440333569875e+01,1.000000000000000000e+00
5.430000000000000000e+02,5.743126016151157387e+01,2.105199773180792633e+01,-1.870817796173848517e-03,5.259640358681905781e+01,3.206824263362971772e-01,nan,1.294125691483449714e+01,1.000000000000000000e+00
5.430000000000000000e+02,1.432232183157629493e+02,2.166231718868065670e+01,-1.637780344772915651e-03,4.619578026859460351e+01,3.243947161168162507e-01,nan,1.727556765039757281e+01,1.000000000000000000e+00
5.440000000000000000e+02,4.338450382235716063e+01,1.093541983167527931e+01,-1.324985412183093524e-03,3.760453226394514559e+01,2.970130773915911071e-01,nan,1.149580440333569875e+01,1.000000000000000000e+00
5.440000000000000000e+02,8.812289180335226035e+01,2.219630789120553871e+01,-1.525450996551254304e-03,4.311053435114100552e+01,3.589218870087601543e-01,nan,9.250633905445365457e+00,1.000000000000000000e+00
5.450000000000000000e+02,9.716319901709384510e+01,1.300265521016873294e+01,-1.525440941934127353e-03,4.311025819030740536e+01,2.788323206820503275e-01,nan,1.142769109488447121e+01,1.000000000000000000e+00
5.460000000000000000e+02,1.379563118046195029e+02,3.811543037270567424e+01,-4.570392572119358343e-03,1.267431175863621036e+02,5.516953567818261295e-02,nan,1.727556765039757281e+01,1.000000000000000000e+00
5.470000000000000000e+02,1.181375395695967541e+02,3.067106905482867418e+01,-1.492386354314108061e-03,4.220237852108209609e+01,3.524601987972060257e-01,nan,1.508249023839510805e+01,1.000000000000000000e+00
5.470000000000000000e+02,9.171700710932292111e+01,3.759650958012068855e+01,-1.837060914411692151e-03,5.166923465642395286e+01,2.878015744628924510e-01,nan,6.028559523829160050e+00,1.000000000000000000e+00
5.480000000000000000e+02,1.026294341122892604e+02,2.303821187854322972e+01,-1.573339848354402990e-03,4.442585298208017974e+01,2.992398747223499189e-01,nan,8.520132003816721422e+00,1.000000000000000000e+00
5.490000000000000000e+02,1.152223453772631068e+01,9.907738360866671812e+00,-1.739236602234732693e-03,4.898238509707193344e+01,3.518234980761226760e-01,nan,2.080856737737750706e+01,1.000000000000000000e+00
5.520000000000000000e+02,5.030496885808787511e+01,3.270045963535088163e+01,-1.883678552838492608e-03,5.294963804979002475e+01,1.779676249103924190e-01,nan,1.514581779027349384e+01,1.000000000000000000e+00
5.530000000000000000e+02,1.848803230385069085e+01,2.951575044216436083e+01,-1.347051656014073076e-03,3.821060529624585911e+01,3.402880544794394391e-01,nan,1.338085744355771745e+01,1.000000000000000000e+00
5.550000000000000000e+02,3.913482751980440355e+01,2.247188500254227250e+01,-1.530106424962387589e-03,4.323840068106133572e+01,2.790168419663273669e-01,nan,8.521023335476550997e+00,1.000000000000000000e+00
5.560000000000000000e+02,1.534457301583181099e+01,1.211517657571988593e+01,-1.695002479096363850e-03,4.776744750520157368e+01,2.989945719217113052e-01,nan,7.862991929669448155e+00,1.000000000000000000e+00
5.560000000000000000e+02,1.159429971969485251e+02,1.374629950571464398e+01,-1.305269927066886977e-03,3.706302533874370653e+01,3.568945966043171047e-01,nan,1.141081356387878820e+01,1.000000000000000000e+00
5.560000000000000000e+02,3.074407442566883475e+01,2.395616974510021535e+01,-1.887003143689511405e-03,5.304095150003874437e+01,3.013281983099931338e-01,nan,8.521023335476550997e+00,1.000000000000000000e+00
5.570000000000000000e+02,7.720593546834899712e+01,2.045459478528601949e+01,-2.338531718673236837e-02,6.435151835996327918e+02,1.419738819930183027e-02,nan,2.179244956615399431e+01,1.000000000000000000e+00
5.570000000000000000e+02,7.315520604933613669e+00,2.215216923039145058e+01,-1.575644393540898179e-03,4.448914978510435958e+01,3.527717452280187960e-01,nan,1.285328378924549675e+01,1.000000000000000000e+00
5.570000000000000000e+02,1.230077617955427769e+02,2.270709005990401863e+01,-1.270887593666063633e-03,3.611867770887859308e+01,3.675633336473133062e-01,nan,6.902831262235244125e+00,1.000000000000000000e+00
5.580000000000000000e+02,1.243012564332426564e+02,2.948764689965795327e+01,-1.728913568978626475e-03,4.869885192685989495e+01,3.112981799142079398e-01,nan,4.628727803466520463e+00,1.000000000000000000e+00
5.580000000000000000e+02,2.162145353527317582e+01,7.379417604794066499e+00,-1.407996279808061170e-03,3.988451469506215119e+01,3.456586798956328144e-01,nan,7.862991929669448155e+00,1.000000000000000000e+00
5.610000000000000000e+02,9.473232896595949626e+01,7.503286393456190417e+00,-1.028048803946306211e-02,2.835770083530783836e+02,1.782559810440009773e-02,nan,2.179244956615399431e+01,1.000000000000000000e+00
5.610000000000000000e+02,4.122544685169558676e+01,4.774220331542315421e+01,-1.409568847504146872e-03,3.992770695194851527e+01,3.473790244791182813e-01,nan,9.821890855130394726e+00,1.000000000000000000e+00
5.620000000000000000e+02,3.041241796131597397e+01,1.187366644935474191e+01,-1.707470539554088469e-03,4.810989614604876863e+01,2.492667360377672781e-01,nan,7.864208092736279632e+00,1.000000000000000000e+00
5.630000000000000000e+02,1.211740789331801267e+02,3.506171328314695046e+01,-1.510352099345044956e-03,4.269582695987595145e+01,3.045546960525485902e-01,nan,6.391357849818725789e+00,1.000000000000000000e+00
5.640000000000000000e+02,1.183440665521511903e+02,2.107271254739181643e+01,-1.550847151003055058e-03,4.380806694686855707e+01,3.308875973176621521e-01,nan,7.750406640532041536e+00,1.000000000000000000e+00
5.660000000000000000e+02,5.090163244821740562e+01,4.605668491690068578e+01,-1.537508352984865009e-03,4.344170256586858869e+01,2.580876743680705632e-01,nan,9.821890855130394726e+00,1.000000000000000000e+00
5.660000000000000000e+02,3.796552599929285776e+01,2.507319449442491077e+01,-1.409891291849206399e-03,3.993656323140665165e+01,3.139761585692638635e-01,nan,1.520779345092327617e+01,1.000000000000000000e+00
5.660000000000000000e+02,7.463988412217874213e+01,4.786980984111854553e+01,-1.557706505181770612e-03,4.399646645965206915e+01,3.359020313371355870e-01,nan,9.571654776080839255e+00,1.000000000000000000e+00
5.670000000000000000e+02,1.350892615766223628e+02,3.878429353376128574e+01,-1.539742666209360875e-03,4.350307037279813471e+01,2.639692214219893085e-01,nan,8.539932769623932884e+00,1.000000000000000000e+00
5.680000000000000000e+02,1.115736619570593149e+02,1.353773627520589073e+01,-1.965496132728284696e-03,5.519684555457137520e+01,3.220019233967054140e-01,nan,7.410828152531817814e+00,1.000000000000000000e+00
5.690000000000000000e+02,6.536659077272940976e+01,5.024101325026123277e+01,-1.405240068167566301e-03,3.980881238888750318e+01,3.549858050022920430e-01,nan,9.571654776080839255e+00,1.000000000000000000e+00
5.700000000000000000e+02,1.658558513084673081e+01,1.430597318524898398e+01,-1.744308580839353147e-03,4.912169242441828487e+01,3.369822742445575114e-01,nan,1.271937104249466621e+01,1.000000000000000000e+00
5.700000000000000000e+02,1.383084220253011551e+02,4.669425293412225386e+01,-1.275600800910190596e-03,3.624813099636104852e+01,3.741601017291189546e-01,nan,8.539932769623932884e+00,1.000000000000000000e+00
5.710000000000000000e+02,1.372267944792920673e+02,1.536088639094676367e+01,-2.090149960221721059e-03,5.862059650174305148e+01,2.218038466164957700e-01,nan,6.712939817520186203e+00,1.000000000000000000e+00
5.710000000000000000e+02,1.252543247662868851e+02,9.721423009897931067e+00,-1.647289688436701875e-03,4.645696458222976588e+01,2.000609108105378953e-01,nan,1.323418219063864676e+01,1.000000000000000000e+00
5.710000000000000000e+02,8.985582066277980573e+01,2.971672309184916116e+01,-1.397683211045982815e-03,3.960125521035622853e+01,3.143357575106375812e-01,nan,1.781511747338234386e+01,1.000000000000000000e+00
5.720000000000000000e+02,4.985896740508253089e+01,3.081879260814346111e+01,-1.618216713885792073e-03,4.565844418251707992e+01,2.457217929281521052e-01,nan,1.036493067622031994e+01,1.000000000000000000e+00
5.720000000000000000e+02,1.072922046033708057e+02,4.111079210423681474e+01,-1.446172876195118322e-03,4.093307582365533648e+01,3.387116954529274526e-01,nan,5.085804876112886674e+00,1.000000000000000000e+00
5.760000000000000000e+02,1.440961864231375955e+02,2.628920274615903097e+01,-4.019793976359067184e-03,1.116203371499174040e+02,7.495839122754410777e-02,nan,1.028485624888475236e+01,1.000000000000000000e+00
5.770000000000000000e+02,1.210862671871705203e+02,1.219607482531572096e+01,-2.868255389476828503e-03,7.999209590918701451e+01,1.862727717467127508e-01,nan,1.824218892368653044e+01,1.000000000000000000e+00
5.770000000000000000e+02,9.253774952473995086e+01,4.915231757091235210e+01,-1.926736855796353995e-03,5.413228048043136198e+01,2.903997080389669749e-01,nan,5.885998902893941676e+00,1.000000000000000000e+00
5.770000000000000000e+02,1.390112043523968453e+02,4.845424958280783301e+01,-1.555734295474827788e-03,4.394229760669388440e+01,2.986844009095158681e-01,nan,1.314985737451340775e+01,1.000000000000000000e+00
5.780000000000000000e+02,6.605510910905752553e+01,9.557833858791944692e+00,-1.828943112001605448e-03,5.144627051445286270e+01,2.374990422183088645e-01,nan,2.402445902980916514e+01,1.000000000000000000e+00
5.780000000000000000e+02,6.646089239532148696e+00,2.127541660288042635e+01,-1.702377443920276333e-03,4.797000881686733464e+01,3.049211395040697381e-01,nan,1.557301330347651458e+01,1.000000000000000000e+00
5.790000000000000000e+02,8.808856699258933531e+01,2.534781782913384873e+01,-1.688170583242960127e-03,4.757980216474621926e+01,2.856889139308498304e-01,nan,1.082066936666137380e+01,1.000000000000000000e+00
5.810000000000000000e+02,3.160971749923010421e+01,3.455860418068694884e+01,-1.981228670072794802e-03,5.562895655122341765e+01,2.526894058718336389e-01,nan,1.710295751386365026e+01,1.000000000000000000e+00
5.810000000000000000e+02,4.908018446123192291e+01,3.560030349113441872e+01,-1.511968295767884612e-03,4.274021752649376538e+01,2.996752119603155462e-01,nan,7.460794199253089509e+00,1.000000000000000000e+00
5.810000000000000000e+02,8.867528453184635850e+01,3.615256900959756337e+01,-1.590312957814096024e-03,4.489203762123321440e+01,3.387331861042298664e-01,nan,9.198165818774450386e+00,1.000000000000000000e+00
5.810000000000000000e+02,9.420078890335783228e+01,4.350614336973551133e+01,-1.618432257250545462e-03,4.566436431199942092e+01,3.277016567341805020e-01,nan,5.885998902893941676e+00,1.000000000000000000e+00
5.820000000000000000e+02,1.337808826741486996e+02,3.366259268922421199e+01,-1.398505478690544425e-03,3.962383967232988624e+01,2.936460834099553496e-01,nan,9.813029706999278901e+00,1.000000000000000000e+00
5.840000000000000000e+02,1.475909872894447261e+01,3.163152324919177971e+01,-1.585603686419136040e-03,4.476269243606566306e+01,3.262720412944121184e-01,nan,1.149124916211509273e+01,1.000000000000000000e+00
5.850000000000000000e+02,1.049387281911630652e+02,1.507041920085942444e+01,-5.222523514722086750e-03,1.446545927276578141e+02,6.293033363995481633e-02,nan,1.372507882843874505e+01,1.000000000000000000e+00
5.860000000000000000e+02,7.696363144094020470e+01,4.811669201775192306e+01,-1.909370197174762099e-02,5.256413729621368702e+02,1.197168257433023353e-02,nan,7.097708017143652626e+00,1.000000000000000000e+00
5.860000000000000000e+02,1.365662662730618138e+02,2.425317239691309723e+01,-1.521330857203596291e-03,4.299737030894770839e+01,3.182612211416889769e-01,nan,9.813029706999278901e+00,1.000000000000000000e+00
5.870000000000000000e+02,5.174696686851597605e+01,2.214554694945654489e+01,-1.146007251756212767e-03,3.268870530053447254e+01,3.708288661167723488e-01,nan,1.530333112179054922e+01,1.000000000000000000e+00
5.890000000000000000e+02,1.195761309086216357e+02,2.572160613639714910e+01,-1.352607693743818063e-03,3.836320782616606806e+01,3.216931126516204831e-01,nan,1.705347464152850989e+01,1.000000000000000000e+00
5.890000000000000000e+02,1.095356776690176872e+02,5.029093704952106236e+01,-2.503503628201951634e-03,6.997379792942258803e+01,1.813328200507270394e-01,nan,1.056439174839462147e+01,1.000000000000000000e+00
5.900000000000000000e+02,6.309904312388632519e+01,8.005386989328837188e+00,-1.633244235908702571e-03,4.607119117788946028e+01,2.878895145269321221e-01,nan,1.813322252126582512e+01,1.000000000000000000e+00
5.900000000000000000e+02,1.199558531660752436e+02,4.855130616221488538e+01,-1.649744933859357545e-03,4.652440052872566412e+01,2.602690101083213747e-01,nan,1.056439174839462147e+01,1.000000000000000000e+00
5.910000000000000000e+02,1.052287306958552620e+02,5.689500414594830247e+00,-1.378239436039430761e-03,3.906721109447233431e+01,3.458048563296647337e-01,nan,1.040722577871052401e+01,1.000000000000000000e+00
5.910000000000000000e+02,3.245502216322329758e+01,7.668783444649582393e+00,-1.444607242008681854e-03,4.089007400304121376e+01,3.367421953736347007e-01,nan,4.872287447265868821e+00,1.000000000000000000e+00
5.920000000000000000e+02,1.421012766494970663e+02,4.911443901703286485e+01,-1.557874880352748057e-03,4.400109106414842586e+01,2.853567568615347216e-01,nan,2.215258223937485127e+01,1.000000000000000000e+00
5.960000000000000000e+02,1.219630608242808023e+02,3.480569898504180770e+01,-1.028472794863340145e-02,2.836934620017931366e+02,2.028586763314399466e-02,nan,1.230166691932990020e+01,1.000000000000000000e+00
5.960000000000000000e+02,2.061529034499492141e+01,2.527629321837027732e+01,-1.693714800936932689e-03,4.773208004471796073e+01,3.301622103891006521e-01,nan,1.606004463949241412e+01,1.000000000000000000e+00
5.970000000000000000e+02,1.189883178835574640e+01,3.876511763167185620e+01,-3.935603712641144204e-03,1.093079613413041500e+02,8.072943074277916242e-02,nan,1.606004463949241412e+01,1.000000000000000000e+00
5.970000000000000000e+02,1.043251802666353285e+02,3.028712481890546471e+01,-2.218618161597867792e-03,6.214911331496472258e+01,2.608306143640833907e-01,nan,1.141227451893547773e+01,1.000000000000000000e+00
5.990000000000000000e+02,5.271058823713558894e+01,8.892544064827845318e+00,-1.586738509737185918e-03,4.479386157453636486e+01,3.421252654244311131e-01,nan,1.274408165520024383e+01,1.000000000000000000e+00
5.990000000000000000e+02,9.445297134244086124e+01,3.610252391203340494e+01,-1.517719233789419303e-03,4.289817320177691329e+01,3.199611645969375751e-01,nan,1.145772122436648210e+01,1.000000000000000000e+00
6.000000000000000000e+02,2.812940465551830727e+01,5.218955010495532676e+00,-2.257406564201796390e-02,6.212332906127794558e+02,1.189386693146310403e-02,nan,9.493395230894051906e+00,1.000000000000000000e+00
6.000000000000000000e+02,1.352871882708242879e+02,1.175069269825418949e+01,-1.394392497103439082e-03,3.951087222570019009e+01,3.742811308253604086e-01,nan,8.792516336771633689e+00,1.000000000000000000e+00
6.010000000000000000e+02,1.029076809134987229e+02,1.896322508076749003e+01,-1.934023167673973873e-03,5.433240684392951891e+01,1.725051346395929386e-01,nan,1.141227451893547773e+01,1.000000000000000000e+00
6.010000000000000000e+02,7.308292963871623726e+01,3.949135516834387261e+01,-2.109626581605694457e-03,5.915554277857994947e+01,2.074798802438132528e-01,nan,5.711713580199571538e+00,1.000000000000000000e+00
6.010000000000000000e+02,5.660335801190283433e+01,5.019065917820542921e+01,-1.370980799743061126e-02,3.777669557485111795e+02,1.741068958026270597e-02,nan,1.053036710515578811e+01,1.000000000000000000e+00
6.010000000000000000e+02,1.251630353581619630e+02,2.023575125277042730e+01,-1.976089546267187184e-03,5.548780500898129731e+01,2.814728772796457612e-01,nan,1.320964385865638135e+01,1.000000000000000000e+00
6.020000000000000000e+02,1.437524122360511853e+02,1.412731356640802360e+01,-2.216622639872400415e-03,6.209430417243734723e+01,2.111011209275165390e-01,nan,8.792516336771633689e+00,1.000000000000000000e+00
6.030000000000000000e+02,8.487913299334670114e+01,5.396566400479830605e+00,-1.721507345608524163e-03,4.849543206572737120e+01,2.352368784135226987e-01,nan,2.256286258116736221e+01,1.000000000000000000e+00
6.040000000000000000e+02,5.939348379908837927e+01,2.349693836177452511e+01,-1.973884738543418838e-02,5.433609830662802551e+02,1.472960755591901094e-02,nan,1.543543166341283879e+01,1.000000000000000000e+00
6.040000000000000000e+02,1.142086909637588263e+02,4.975383862703263560e+01,-1.725377804381216310e-03,4.860173836337948927e+01,2.623042537074038449e-01,nan,2.297345867632279592e+01,1.000000000000000000e+00
6.050000000000000000e+02,4.984372116525560159e+01,4.211625882456949199e+01,-2.199720172603420332e-03,6.163005979675016022e+01,2.263669220353762279e-01,nan,1.053036710515578811e+01,1.000000000000000000e+00
6.050000000000000000e+02,8.371230520686374632e+01,4.198059011223747206e+01,-1.476682004489613537e-03,4.177104172487212708e+01,3.415847034262750048e-01,nan,1.091695541690228488e+01,1.000000000000000000e+00
6.050000000000000000e+02,1.288783009422255255e+01,4.737878050922271456e+01,-1.754973791657366347e-03,4.941462386803465279e+01,2.916649995726431355e-01,nan,7.690516342487777379e+00,1.000000000000000000e+00
6.060000000000000000e+02,7.467065461214355082e+01,3.400475317521630103e+01,-2.283734334490182451e-03,6.393759877986547480e+01,2.173058537402671186e-01,nan,5.711713580199571538e+00,1.000000000000000000e+00
6.060000000000000000e+02,2.035087780988613559e+01,4.923537966030518476e+01,-1.456046802288995124e-03,4.120427378440783883e+01,3.574970505497038209e-01,nan,7.690516342487777379e+00,1.000000000000000000e+00
6.060000000000000000e+02,6.693393492910988130e+01,5.251869063278265770e+01,-1.508295602547648270e-03,4.263934307165909843e+01,3.075113750764313370e-01,nan,1.058964352071551218e+01,1.000000000000000000e+00
6.070000000000000000e+02,1.186889882992586678e+02,2.722148989596990631e+01,-1.476250615716743131e-03,4.175919316996279917e+01,3.519277630303025983e-01,nan,1.444952794333195989e+01,1.000000000000000000e+00
6.080000000000000000e+02,4.515179168680590038e+01,1.754490035661707736e+01,-1.781465758662232951e-03,5.014225412976993113e+01,3.123314852720077139e-01,nan,1.125359743454209926e+01,1.000000000000000000e+00
6.090000000000000000e+02,3.746518450947627343e+01,4.700812592444651017e+01,-1.383803619386350875e-03,3.922003735249683842e+01,3.641088975912365466e-01,nan,1.331009141446187272e+01,1.000000000000000000e+00
6.100000000000000000e+02,6.902253130039183304e+01,1.314274792331297803e+01,-1.501234523925201909e-02,4.135425368524868759e+02,1.495263942490054898e-02,nan,2.161306456926446629e+01,1.000000000000000000e+00
6.100000000000000000e+02,1.341652958334729817e+02,2.618514200176621287e+01,-2.257874161974920014e-03,6.322732143079799272e+01,2.652359659683176663e-01,nan,1.267949051362594837e+01,1.000000000000000000e+00
6.100000000000000000e+02,1.266320606188654239e+02,5.093337214172902350e+01,-1.510419808487598525e-03,4.269768666403114565e+01,2.881915967518871025e-01,nan,1.118554668369074534e+01,1.000000000000000000e+00
6.120000000000000000e+02,3.571429340557979515e+01,2.367491515354757325e+01,-2.734200652075056623e-02,7.521898960204941886e+02,1.173725827387006593e-02,nan,1.125359743454209926e+01,1.000000000000000000e+00
6.130000000000000000e+02,1.139578090144705982e+02,4.835676461692512618e+01,-1.497648351018582335e-03,4.234690489915826817e+01,2.626105705794617995e-01,nan,1.293350532796043240e+01,1.000000000000000000e+00
6.140000000000000000e+02,1.218676304064610036e+02,2.927332993814649953e+01,-1.827456988086911208e-03,5.140545252865280901e+01,2.788717825999610378e-01,nan,1.122958928954118463e+01,1.000000000000000000e+00
6.150000000000000000e+02,1.078217448251817530e+02,3.034500208967387636e+01,-9.184005759939746841e-03,2.534609475905432419e+02,2.221694152737141437e-02,nan,1.408670944410893000e+01,1.000000000000000000e+00
6.170000000000000000e+02,4.399891509839910242e+01,4.368570794756414699e+01,-1.366834743393447425e-03,3.875396899004562812e+01,3.583677816012140749e-01,nan,6.429353240746115361e+00,1.000000000000000000e+00
6.190000000000000000e+02,2.748430047286462141e+01,3.665209322536340153e+01,-1.489036348871337206e-03,4.211036703183744123e+01,3.232939331820536832e-01,nan,8.363616439215762810e+00,1.000000000000000000e+00
6.190000000000000000e+02,9.179185958936788836e+01,4.432863699130471957e+01,-1.315073744934543674e-03,3.733229770193732833e+01,3.711362749705249264e-01,nan,9.748219366519061069e+00,1.000000000000000000e+00
6.190000000000000000e+02,4.532373930178350463e+01,4.997708489735975235e+01,-2.052202639359543539e-03,5.757833267112502540e+01,2.803179658748732317e-01,nan,6.429353240746115361e+00,1.000000000000000000e+00
6.220000000000000000e+02,1.368043497343770412e+02,2.476157459434282515e+01,-1.397353308731682630e-03,3.959219408978117372e+01,3.203228652581046054e-01,nan,1.520477291412682419e+01,1.000000000000000000e+00
6.220000000000000000e+02,1.989275977764159720e+01,5.307868643068986358e+01,-1.525883348053761390e-03,4.312240934845144125e+01,3.031757124317093766e-01,nan,6.483169789766428437e+00,1.000000000000000000e+00
6.240000000000000000e+02,2.907743855166027558e+01,1.392683655325773096e+01,-1.539038660321917973e-03,4.348373409670926293e+01,3.100570393019148607e-01,nan,1.443912531155322831e+01,1.000000000000000000e+00
6.270000000000000000e+02,1.054677008990184675e+02,4.110983088988286482e+01,-1.534862446903708386e-03,4.336902992008108271e+01,2.854925389558281568e-01,nan,9.211574018577488587e+00,1.000000000000000000e+00
6.290000000000000000e+02,6.702324036717598688e+01,2.165260512034446094e+01,-1.794935254649074287e-03,5.051220827053067808e+01,3.232753902203728824e-01,nan,1.386939734725500806e+01,1.000000000000000000e+00
6.290000000000000000e+02,1.190114971860582394e+01,3.572918015962717675e+01,-1.224733710424925470e-03,3.485101184863199819e+01,3.609153083703118270e-01,nan,1.204109676989444644e+01,1.000000000000000000e+00
6.290000000000000000e+02,8.034747805461455528e+01,4.312515582768214273e+01,-1.585862538404249084e-03,4.476980208321432286e+01,2.943516759377418079e-01,nan,7.856344774014562660e+00,1.000000000000000000e+00
6.300000000000000000e+02,1.026275506936359676e+02,9.731963130420089314e+00,-1.537969649398386769e-03,4.345437256617648103e+01,3.647723168818258754e-01,nan,1.699267556373603583e+01,1.000000000000000000e+00
6.340000000000000000e+02,1.735902902510514068e+01,4.646228618247298670e+01,-2.095858597543842888e-03,5.877739034298874543e+01,1.990468396918014804e-01,nan,1.159129163367106763e+01,1.000000000000000000e+00
6.340000000000000000e+02,1.025961368688603415e+02,5.045028063191063694e+01,-1.598408613575252619e-03,4.511439348175979802e+01,2.627665406509493984e-01,nan,8.464507985873535034e+00,1.000000000000000000e+00
6.350000000000000000e+02,5.200404996078811592e+01,2.193437947210886918e+01,-2.026001396160818490e-03,5.685868745025577908e+01,1.902988684839900246e-01,nan,1.383909752014520933e+01,1.000000000000000000e+00
6.350000000000000000e+02,6.907342352711633282e+01,4.266814015990032516e+01,-1.470885655165554955e-03,4.161183877950385579e+01,3.647573515080508866e-01,nan,1.999825489298991954e+01,1.000000000000000000e+00
6.350000000000000000e+02,4.805472206535393553e+01,4.553655184437451453e+01,-1.438953422546472832e-03,4.073478579305909619e+01,3.360187804050738247e-01,nan,1.193607384467581234e+01,1.000000000000000000e+00
6.360000000000000000e+02,3.857431450242618354e+01,1.386958315618669957e+01,-1.779594658970857016e-02,4.899971307611720022e+02,1.381081025148234165e-02,nan,1.566520775792314879e+01,1.000000000000000000e+00
6.360000000000000000e+02,1.277032083760955317e+02,4.750479775559690587e+00,-1.680256438044458326e-03,4.736243168632387324e+01,2.640163472739120998e-01,nan,1.635008533339996006e+01,1.000000000000000000e+00
6.360000000000000000e+02,3.370917007203162541e+01,4.300872282740627384e+01,-9.271248419267307667e-03,2.558571607154248966e+02,2.752309783292661294e-02,nan,1.456656382034350372e+01,1.000000000000000000e+00
6.360000000000000000e+02,9.910859746354287836e+01,2.575252215087331464e+01,-1.383325617790806495e-03,3.920690852646395541e+01,3.359835153610085667e-01,nan,1.335770092903922190e+01,1.000000000000000000e+00
6.370000000000000000e+02,9.043906653754402214e+01,8.160106002620473475e+00,-1.713759749838702877e-03,4.828263604583278834e+01,2.405786306626730431e-01,nan,1.683979369248755376e+01,1.000000000000000000e+00
6.380000000000000000e+02,9.039605461691181176e+01,3.587772690214985971e+01,-1.722382054342559265e-03,4.851945687841761412e+01,2.339442727916285492e-01,nan,1.335770092903922190e+01,1.000000000000000000e+00
6.390000000000000000e+02,1.303407322177222625e+02,4.515308796080172016e+01,-1.513743679553138273e-03,4.278898034460037536e+01,2.799153266265840267e-01,nan,1.427515593341173883e+01,1.000000000000000000e+00
6.390000000000000000e+02,7.785174621716757670e+00,5.299676042295582334e+01,-2.478395834503152335e-03,6.928418547077440337e+01,1.604403879718488968e-01,nan,1.159129163367106763e+01,1.000000000000000000e+00
6.400000000000000000e+02,4.515285864208691180e+01,3.395859660615308684e+01,-1.553426830337143990e-03,4.387892060408137951e+01,3.067893727440759166e-01,nan,1.193607384467581234e+01,1.000000000000000000e+00
6.420000000000000000e+02,6.861048256946060064e+01,1.971872624586600153e+01,-2.415184084933966885e-03,6.754800703316266208e+01,1.774309772219176962e-01,nan,6.174720185783034943e+00,1.000000000000000000e+00
6.420000000000000000e+02,7.677623962806380575e+01,3.087414764261264466e+01,-2.111856627938117799e-03,5.921679339074646009e+01,1.636477115216261602e-01,nan,1.139565453289538333e+01,1.000000000000000000e+00
6.420000000000000000e+02,1.216361796407253308e+02,2.887545076475144867e+01,-1.601756531468349117e-03,4.520634763421569602e+01,3.105173115536246087e-01,nan,1.224176370418586046e+01,1.000000000000000000e+00
6.430000000000000000e+02,1.169569901324700965e+02,4.018765497679414267e+01,-1.239855870449030556e-03,3.526635817811825291e+01,3.570800357394464664e-01,nan,1.224176370418586046e+01,1.000000000000000000e+00
6.440000000000000000e+02,1.007438351887969787e+02,4.894548405036920968e+01,-1.496748427178245253e-03,4.232218752655373351e+01,3.531750028020034238e-01,nan,9.523068156279373753e+00,1.000000000000000000e+00
6.460000000000000000e+02,9.511152037941907622e+01,1.222528953897404058e+01,-1.397361506479962963e-03,3.959241924972214122e+01,3.650945096310991289e-01,nan,1.364758641089182412e+01,1.000000000000000000e+00
6.470000000000000000e+02,1.082241802991149768e+02,8.441803755578007440e+00,-1.398443097349239212e-03,3.962212630194508023e+01,3.685712908741278770e-01,nan,7.520069017906302555e+00,1.000000000000000000e+00
6.470000000000000000e+02,1.155874185149908158e+02,9.969599884104274778e+00,-1.809334013168888188e-03,5.090768560252760011e+01,3.244601497030575876e-01,nan,7.520069017906302555e+00,1.000000000000000000e+00
6.470000000000000000e+02,1.062429415745883965e+01,2.458969835518773550e+01,-2.040339317927318975e-03,5.725249383563222949e+01,2.403354573448096554e-01,nan,2.006270656763904014e+01,1.000000000000000000e+00
6.470000000000000000e+02,9.248050746889599338e+01,4.421196082737154143e+01,-1.544047552389956690e-03,4.362130868472687695e+01,3.092219486195151301e-01,nan,9.523068156279373753e+00,1.000000000000000000e+00
6.490000000000000000e+02,4.798729572270194410e+01,5.172817571576031526e+01,-1.285414763851075405e-03,3.651768200486201721e+01,3.605581266636590509e-01,nan,3.385165294474879971e+01,1.000000000000000000e+00
6.500000000000000000e+02,3.059640673735098204e+01,2.268525252626510635e+01,-1.736115007643120392e-02,4.780549786099377343e+02,1.682640068436858094e-02,nan,1.559433032081109971e+01,1.000000000000000000e+00
6.530000000000000000e+02,3.295456837431473929e+01,7.270252952845686956e+00,-1.544871694778447843e-03,4.364394463855147421e+01,3.145354960657762433e-01,nan,1.559433032081109971e+01,1.000000000000000000e+00
6.550000000000000000e+02,7.044844003853580716e+01,1.304611486710918555e+01,-2.934436315479463202e-03,8.180982595921817335e+01,1.662350254739313193e-01,nan,9.498677557859487308e+00,1.000000000000000000e+00
6.580000000000000000e+02,1.270766472407737524e+02,3.603322967509550523e+01,-2.155328650382230468e-02,5.931964977478792207e+02,1.424442148396343200e-02,nan,3.847075962340441180e+01,1.000000000000000000e+00
6.580000000000000000e+02,7.038533153223724526e+01,3.088245877353122282e+01,-1.647769260922300359e-03,4.647013655444130364e+01,2.956501805912619130e-01,nan,1.454311832675010763e+01,1.000000000000000000e+00
6.580000000000000000e+02,5.055011949028772023e+01,4.217611962678439141e+01,-1.652002300366769939e-03,4.658640151877367686e+01,3.604664966599493425e-01,nan,5.309054730084793228e+00,1.000000000000000000e+00
6.630000000000000000e+02,4.533172510009340073e+01,4.119917432871280738e+01,-1.942662940143590746e-03,5.456970745291208402e+01,2.475395317895583425e-01,nan,5.309054730084793228e+00,1.000000000000000000e+00
6.640000000000000000e+02,1.321113601250499130e+02,1.207072800702739990e+01,-1.640230375676381179e-03,4.626307299273323537e+01,3.304928619124014588e-01,nan,1.498938384995056339e+01,1.000000000000000000e+00
6.640000000000000000e+02,1.173539514906839969e+02,1.469761182621336992e+01,-1.455207229850626191e-03,4.118121402772899842e+01,3.498065677806656559e-01,nan,1.498938384995056339e+01,1.000000000000000000e+00
6.650000000000000000e+02,3.694359421778175090e+01,2.971497624303606599e+01,-1.197191893921158460e-03,3.409454634542419171e+01,3.458771155216449067e-01,nan,1.422137635286584079e+01,1.000000000000000000e+00
6.660000000000000000e+02,1.093592267254763470e+02,3.536034324194205425e+01,-1.921941045096568421e-02,5.290940910490566012e+02,1.237200918258551940e-02,nan,1.008087253003732897e+01,1.000000000000000000e+00
6.660000000000000000e+02,7.112491052117597690e+01,1.811114756728738229e+01,-1.995278424191630675e-03,5.601484810336549458e+01,2.470636300666378959e-01,nan,5.208006845018215536e+00,1.000000000000000000e+00
6.660000000000000000e+02,1.350955253876708184e+02,4.149781337367578260e+01,-1.494588956568512371e-03,4.226287535223761438e+01,3.213013758549297938e-01,nan,1.098060695780655571e+01,1.000000000000000000e+00
6.680000000000000000e+02,9.483925502917703909e+01,9.986608943685501671e+00,-1.440113028505002639e-03,4.076663561330686747e+01,3.218655611639161807e-01,nan,2.193166673960498869e+01,1.000000000000000000e+00
6.680000000000000000e+02,6.601690280623081719e+01,5.100251239420635585e+01,-1.600793708242852047e-03,4.517990266259676702e+01,2.398189988590812005e-01,nan,1.981180841061733489e+01,1.000000000000000000e+00
6.690000000000000000e+02,9.864600739349658198e+00,3.041016594365988723e+01,-1.329493154279758841e-03,3.772834223098266904e+01,3.376998684452566790e-01,nan,1.625410981651939224e+01,1.000000000000000000e+00
6.690000000000000000e+02,1.424815416179048100e+02,3.337251378482677922e+01,-1.468545279333811210e-03,4.154755784941294650e+01,2.837773503365240702e-01,nan,1.098060695780655571e+01,1.000000000000000000e+00
6.700000000000000000e+02,2.854728579417903589e+01,1.378876686306777088e+01,-1.320630223149013528e-03,3.748491233024251557e+01,2.937760990560108754e-01,nan,9.209687641875673236e+00,1.000000000000000000e+00
6.700000000000000000e+02,1.434481413145032604e+02,2.014477727442648813e+01,-1.207584897835953632e-03,3.438000133475544828e+01,3.466153002541896289e-01,nan,1.326300600022638498e+01,1.000000000000000000e+00
6.720000000000000000e+02,1.062334224509330767e+02,5.088588278691026545e+01,-1.461786391633169112e-03,4.136191775610639354e+01,3.561322184256204837e-01,nan,2.154733128536801701e+01,1.000000000000000000e+00
6.730000000000000000e+02,1.445251346291916406e+01,8.577188616550241562e+00,1.565002098297055841e-03,-4.419684774228819180e+01,3.680753432947858617e-01,nan,8.797169879044220764e+00,1.000000000000000000e+00
6.730000000000000000e+02,6.955134922211553317e+01,8.511668729239913134e+00,-1.556300123676714747e-03,4.395783868458215693e+01,3.184792770550259888e-01,nan,9.809240814782841156e+00,1.000000000000000000e+00
6.730000000000000000e+02,3.711490880945456894e+01,1.968482369642022789e+01,-1.568406705037790790e-03,4.429035891469043662e+01,2.995774304277931677e-01,nan,1.040036779705416059e+01,1.000000000000000000e+00
6.740000000000000000e+02,1.058623236645091907e+02,2.267986384875702655e+01,-1.683603644718154393e-03,4.745436630437681202e+01,3.487596744845568031e-01,nan,1.925452616363521585e+01,1.000000000000000000e+00
6.740000000000000000e+02,3.701505377527988117e+01,3.400809862886666224e+01,-1.440332094622831819e-03,4.077265249897730826e+01,3.309386186023047793e-01,nan,5.071794532202658523e+00,1.000000000000000000e+00
6.750000000000000000e+02,8.705737266590965362e+01,3.443360079807596463e+01,-6.078033258105571685e-03,1.681520845666310890e+02,5.163903479029341437e-02,nan,2.217603468462103322e+01,1.000000000000000000e+00
6.750000000000000000e+02,1.648953846529900602e+01,3.793813117243303878e+01,-1.909256233587764817e-03,5.365215645979542103e+01,2.097517210690581502e-01,nan,1.485755206534384243e+01,1.000000000000000000e+00
6.760000000000000000e+02,5.482036673504990176e+01,1.320219891755208330e+01,-2.014914619627365504e-03,5.655417725252848982e+01,2.745153568184748316e-01,nan,5.782502174661046546e+00,1.000000000000000000e+00
6.760000000000000000e+02,6.248457545513412015e+01,3.273576147126583180e+01,-1.544497999666286743e-03,4.363368070185621406e+01,2.943586614236448629e-01,nan,1.549420042063323777e+01,1.000000000000000000e+00
6.780000000000000000e+02,1.271306702562423396e+01,2.356854116994083626e+01,-1.795395978592155854e-03,5.052486254732449567e+01,3.104481023918232996e-01,nan,8.018395513769299043e+00,1.000000000000000000e+00
6.780000000000000000e+02,3.361301072533392187e+01,3.024655601137644112e+01,-1.283854412782361532e-03,3.647482529073737112e+01,3.283470628939852975e-01,nan,5.071794532202658523e+00,1.000000000000000000e+00
6.790000000000000000e+02,3.530482824873847392e+01,5.146966817580142362e+01,-6.721385574637014047e-03,1.858224453359833035e+02,4.498303414707993664e-02,nan,1.587511599310317578e+01,1.000000000000000000e+00
6.810000000000000000e+02,1.082826400695310269e+02,2.834047191443732672e+01,-2.001132088860155429e-03,5.617562527608682643e+01,2.258714566377507671e-01,nan,1.846899515106373002e+01,1.000000000000000000e+00
6.810000000000000000e+02,2.300878581226042741e+01,4.142842083322434377e+01,-1.403381339177850072e-03,3.975776040543026824e+01,3.082089536862190338e-01,nan,5.059431134929681662e+00,1.000000000000000000e+00
6.830000000000000000e+02,1.116653252439369197e+02,5.748891547456079110e+00,-1.394555300491821326e-03,3.951534379521702789e+01,2.525199324255761324e-01,nan,3.121989815750133346e+00,1.000000000000000000e+00
6.850000000000000000e+02,5.800795547282528020e+01,4.628350927111336688e+01,-1.537376416358146765e-02,4.234692948941834061e+02,1.386607065467049260e-02,nan,1.003951637914515338e+01,1.000000000000000000e+00
6.850000000000000000e+02,2.540944104698248651e+01,3.079685521433200535e+01,-1.504986384838770267e-03,4.254845186123264966e+01,3.061418892100199463e-01,nan,8.452437676063254912e+00,1.000000000000000000e+00
6.850000000000000000e+02,3.170534863851700536e+01,1.439300262021991550e+01,-1.365545230290526142e-03,3.871855113087279676e+01,2.927549487684513174e-01,nan,1.656081051231654300e+01,1.000000000000000000e+00
6.850000000000000000e+02,1.862476245533436625e+01,3.711351541499876561e+01,-1.302807005837472443e-03,3.699537856799002356e+01,3.158083472979710260e-01,nan,6.151265687832522033e+00,1.000000000000000000e+00
6.850000000000000000e+02,2.656588850411430158e+01,4.502631797582052542e+01,-1.720244671665629478e-03,4.846075137284465484e+01,2.384848184290560003e-01,nan,5.059431134929681662e+00,1.000000000000000000e+00
6.860000000000000000e+02,9.068429485256078237e+01,1.667480380608153467e+01,-1.578812572698250769e-03,4.457616722058075709e+01,2.950429975136688032e-01,nan,1.401216633286242974e+01,1.000000000000000000e+00
6.860000000000000000e+02,9.976244126563270243e+01,4.472674648287005539e+01,-1.195951719789993669e-03,3.406048363398072354e+01,3.485170845584872890e-01,nan,1.043339807938368935e+01,1.000000000000000000e+00
6.880000000000000000e+02,4.840269459409615393e+01,5.004795428593535433e+01,-1.898068150039708890e-03,5.334486375635469102e+01,2.835057780990581922e-01,nan,1.031659259727078393e+01,1.000000000000000000e+00
6.890000000000000000e+02,8.003199936429200534e+01,7.078823184437909255e+00,-1.030410175043504351e-02,2.842255842286231200e+02,2.860026952955685431e-02,nan,1.276673345781680169e+01,1.000000000000000000e+00
6.890000000000000000e+02,1.045671682071830304e+02,1.477569012877757260e+01,-1.291475721054926966e-03,3.668415268919416405e+01,3.011981212644581074e-01,nan,8.413402866066883590e+00,1.000000000000000000e+00
6.890000000000000000e+02,1.402702781336272437e+02,2.138610847552063277e+01,-1.506279469175205755e-03,4.258396780816076443e+01,2.973908616992984033e-01,nan,1.616851025849361534e+01,1.000000000000000000e+00
6.890000000000000000e+02,5.519529543887468037e+01,3.664603902936730861e+01,-1.887584506545929644e-03,5.305691925386015839e+01,2.195266917093413594e-01,nan,1.003951637914515338e+01,1.000000000000000000e+00
6.890000000000000000e+02,1.095243210834299106e+02,4.104415257289697649e+01,-1.476263989623170965e-03,4.175956049863388841e+01,3.230526029900895324e-01,nan,1.043339807938368935e+01,1.000000000000000000e+00
6.910000000000000000e+02,1.324540284622643469e+02,5.675531812108027374e+00,-1.393874975513081363e-03,3.949665794066139313e+01,3.583035232803397641e-01,nan,1.105833143027480503e+01,1.000000000000000000e+00
6.910000000000000000e+02,2.990033452111126877e+01,1.073602158112597138e+01,-1.347934829458853449e-03,3.823486260128724012e+01,3.430715522606636592e-01,nan,2.046389303662203929e+01,1.000000000000000000e+00
6.920000000000000000e+02,2.369958604067408814e+01,5.305576654987886087e+01,-9.858171888459535750e-03,2.719776427252531903e+02,3.026528089659674681e-02,nan,1.007924252238099783e+01,1.000000000000000000e+00
6.920000000000000000e+02,6.157879882408800398e+01,2.449588138452013197e+01,-1.538708644645601833e-03,4.347466986252496923e+01,3.442323242815998885e-01,nan,1.238733858604170557e+01,1.000000000000000000e+00
6.930000000000000000e+02,4.227671456020087248e+01,4.173661016048232852e+01,-2.047309918737334235e-03,5.744394885635272630e+01,2.303844512532032818e-01,nan,1.032502167297416129e+01,1.000000000000000000e+00
6.940000000000000000e+02,9.676232583152631150e+01,9.272478811112744523e+00,-2.183739557083316189e-03,6.119113506717276607e+01,2.419213384413083645e-01,nan,9.549916194172652695e+00,1.000000000000000000e+00
6.960000000000000000e+02,1.155237507355804638e+02,1.759260469780349823e+01,-1.520555920214873048e-02,4.188493653853631713e+02,1.281693278764262089e-02,nan,9.505941101893039757e+00,1.000000000000000000e+00
6.960000000000000000e+02,2.149542219936845200e+01,4.322048355518806062e+01,-1.875537687225565034e-02,5.163489115662075619e+02,1.201306298811277706e-02,nan,9.377954394980111630e+00,1.000000000000000000e+00
6.990000000000000000e+02,5.504773724060423490e+01,2.812280829699862039e+01,-1.743475571835368526e-03,4.909881293949797509e+01,2.549408377931481340e-01,nan,7.919575707672841247e+00,1.000000000000000000e+00
7.000000000000000000e+02,1.026476227828265735e+02,9.497662182472376813e+00,-1.993507516044819988e-03,5.596620821346467523e+01,2.712629470810566934e-01,nan,1.520929864859670033e+01,1.000000000000000000e+00
7.000000000000000000e+02,7.494265028046909549e+01,2.258248620612103252e+01,-1.577966971608705041e-03,4.455294188053723303e+01,3.116615408356070427e-01,nan,1.419882415919625984e+01,1.000000000000000000e+00
7.010000000000000000e+02,1.239288147221861465e+02,2.203307940370191531e+01,-2.085699982125016616e-03,5.849837308486251430e+01,2.416331019288017190e-01,nan,6.805008244081260038e+00,1.000000000000000000e+00
7.020000000000000000e+02,6.381123566045078377e+01,3.139714536351435470e+01,-1.493031598938227185e-02,4.112895156048872991e+02,1.485120633621228592e-02,nan,5.954983598366546005e+00,1.000000000000000000e+00
7.020000000000000000e+02,5.042347248159080664e+01,3.455210490145763913e+01,-1.948672452193010067e-03,5.473476514095074918e+01,2.078553369286040287e-01,nan,7.919575707672841247e+00,1.000000000000000000e+00
7.040000000000000000e+02,1.919163669219057411e+01,5.206618690225738533e+01,-1.817803601816508560e-02,5.004916263485711170e+02,1.168611286833731722e-02,nan,1.582456150258989247e+01,1.000000000000000000e+00
7.040000000000000000e+02,1.272424676447955392e+02,5.114496749328418446e+01,-2.656923418352779339e-03,7.418763686566731508e+01,1.837702076031484388e-01,nan,2.310794515315619435e+01,1.000000000000000000e+00
7.040000000000000000e+02,3.132257959722492302e+01,1.590160006430759410e+01,-1.868429138735083327e-03,5.253079655065427289e+01,2.891454463279905518e-01,nan,8.239015000365021990e+00,1.000000000000000000e+00
7.040000000000000000e+02,1.180480642922473322e+02,1.860891358079141256e+01,-2.405057049452195318e-03,6.726985715184768821e+01,1.862849938320201293e-01,nan,6.805008244081260038e+00,1.000000000000000000e+00
7.040000000000000000e+02,3.867916868899281013e+01,2.233845294152203209e+01,-1.973707894457178355e-03,5.542239038991731093e+01,2.933663134595284605e-01,nan,9.775094783582511937e+00,1.000000000000000000e+00
7.050000000000000000e+02,1.158810481104368080e+02,3.102295776846875341e+01,-2.027776817679708462e-03,5.690745130475715285e+01,2.429156313603466621e-01,nan,3.179422559395760128e+00,1.000000000000000000e+00
7.050000000000000000e+02,6.060069495503736192e+00,4.323563257604726573e+01,-1.613235789661331739e-03,4.552163776129279427e+01,2.198126788094945105e-01,nan,1.582456150258989247e+01,1.000000000000000000e+00
7.070000000000000000e+02,7.941310764568264347e+01,1.771952805172453083e+01,1.370139747776595888e-03,-3.884474447696604926e+01,3.615530534794203499e-01,nan,5.710697967869357683e+00,1.000000000000000000e+00
7.100000000000000000e+02,1.159386498805499315e+02,3.420185849785218579e+01,-2.118641313973681356e-03,5.940314206296630317e+01,1.984562754463788936e-01,nan,3.179422559395760128e+00,1.000000000000000000e+00
7.110000000000000000e+02,5.435508306635949083e+01,2.336426375669644173e+01,-1.647774276694338735e-03,4.647027431799508435e+01,2.353172718807567954e-01,nan,1.389279838907365239e+01,1.000000000000000000e+00
7.120000000000000000e+02,8.511809371253869472e+01,1.746417485083302878e+01,-1.918326184400443628e-03,5.390127237793554826e+01,2.751992354741376046e-01,nan,3.857833586817950522e+00,1.000000000000000000e+00
7.120000000000000000e+02,3.992557248556752825e+01,8.988165193077092496e+00,-1.242012524293935978e-03,3.532559298697002959e+01,3.610037407141107879e-01,nan,1.500997111921417826e+01,1.000000000000000000e+00
7.120000000000000000e+02,8.500011853420085473e+00,2.552572165006926141e+01,-1.526095543954958649e-03,4.312823753626017975e+01,2.555768281188159907e-01,nan,1.943796378530489832e+01,1.000000000000000000e+00
7.120000000000000000e+02,1.371763412782479747e+02,4.124512101959090415e+01,-1.934076450977596914e-03,5.433387032696022345e+01,2.126729263096065470e-01,nan,1.195912896082619703e+01,1.000000000000000000e+00
7.120000000000000000e+02,6.045059326444229697e+01,4.596020103095028730e+01,-1.389262697329365307e-03,3.936997677797548079e+01,3.368175854158310667e-01,nan,9.434567645448510120e+00,1.000000000000000000e+00
7.130000000000000000e+02,2.735872259168178644e+01,5.068820882694741670e+01,-3.023894138601017009e-03,8.426688093140073477e+01,1.111879760918305093e-01,nan,1.703173515591821996e+01,1.000000000000000000e+00
7.140000000000000000e+02,3.793506377098255200e+01,3.733826464427880154e+01,-2.601551734732471255e-02,7.157564494488767650e+02,1.040485910746180576e-02,nan,4.480268478568969037e+00,1.000000000000000000e+00
7.140000000000000000e+02,9.905031746856045061e+01,4.604255425696719861e+00,-2.214186472577415500e-03,6.202739222716143530e+01,1.846550975519162252e-01,nan,1.046976165405197889e+01,1.000000000000000000e+00
7.140000000000000000e+02,1.329003526082494773e+02,4.976178808053178138e+00,-1.705582955044178698e-03,4.805805161480876109e+01,3.729034612746818800e-01,nan,2.523090900878680287e+01,1.000000000000000000e+00
7.140000000000000000e+02,1.068621093543147254e+02,1.157503849693921083e+01,-1.551545540758420558e-03,4.382724896987185303e+01,3.549399205953365222e-01,nan,4.906104072378633774e+00,1.000000000000000000e+00
7.150000000000000000e+02,1.390803312329719290e+02,2.943853015880547019e+01,-1.526535771634409452e-03,4.314032886121022869e+01,3.674395580233227321e-01,nan,1.195912896082619703e+01,1.000000000000000000e+00
7.160000000000000000e+02,2.094633061663120444e+01,1.059509589749734637e+01,-1.199161776555152017e-03,3.414865128283020823e+01,3.522195866249759888e-01,nan,1.904714803345619245e+01,1.000000000000000000e+00
7.160000000000000000e+02,9.545241070015205764e+01,4.449103861156611117e+01,-1.260444771644472599e-03,3.583185441186069653e+01,3.473995395735846037e-01,nan,2.157934127032001825e+01,1.000000000000000000e+00
7.170000000000000000e+02,8.199863093660232494e+01,1.519441011123378793e+01,-1.581705962430110307e-03,4.465563727003039673e+01,2.416451548004435734e-01,nan,3.857833586817950522e+00,1.000000000000000000e+00
7.180000000000000000e+02,1.042285684588613748e+02,1.571440070880047557e+01,-1.598867407561784361e-03,4.512699475022889573e+01,2.895950301942333827e-01,nan,4.906104072378633774e+00,1.000000000000000000e+00
7.190000000000000000e+02,3.876150533397765230e+01,4.174164970386794948e+01,-1.528472976555946255e-03,4.319353627022722719e+01,3.135598403714398019e-01,nan,4.480268478568969037e+00,1.000000000000000000e+00
7.200000000000000000e+02,1.116560817914025989e+02,2.755744391988206132e+01,-1.061590583462731704e-02,2.927896175202723725e+02,1.952705881424710022e-02,nan,8.005149414326002244e+00,1.000000000000000000e+00
7.210000000000000000e+02,8.274629124166560246e+01,1.980371894174448499e+01,-1.240872527569654264e-03,3.529428175535351642e+01,3.606650788677766561e-01,nan,4.669552850840346103e+00,1.000000000000000000e+00
7.220000000000000000e+02,9.087228995503338069e+01,9.967535442455602634e+00,-1.271889756210149193e-03,3.614620317703730734e+01,3.476757277690578629e-01,nan,5.870879312314982279e+00,1.000000000000000000e+00
7.230000000000000000e+02,8.811439448577233691e+01,3.115423808021962060e+01,-1.356194897670159579e-03,3.846173422593631841e+01,2.715862976378005111e-01,nan,1.255590765943584053e+01,1.000000000000000000e+00
7.230000000000000000e+02,1.215733195477599971e+01,2.688516307567250507e+01,-1.460331623757901058e-03,4.132196099752931673e+01,3.659293713211164700e-01,nan,3.490332550680264934e+00,1.000000000000000000e+00
7.230000000000000000e+02,5.236534716867482331e+01,2.991081684617109815e+01,-1.293634994810886549e-03,3.674345945671046110e+01,3.741060621926290963e-01,nan,1.165845614754614878e+01,1.000000000000000000e+00
7.230000000000000000e+02,5.529177795726999989e+01,4.801371487521242898e+01,-1.584418296394132309e-03,4.473013442880280621e+01,3.055562966065548114e-01,nan,1.028211351099457538e+01,1.000000000000000000e+00
7.240000000000000000e+02,1.424099593502479308e+02,3.536362271556567549e+01,-1.644714844878419641e-03,4.638624374478133916e+01,3.047245401073895854e-01,nan,6.967200759524827092e+00,1.000000000000000000e+00
7.240000000000000000e+02,1.207195262382209506e+02,5.254902657698839619e+01,-1.261758065449507986e-03,3.586792543349973528e+01,3.744349233570345437e-01,nan,2.308399748394016981e+01,1.000000000000000000e+00
7.250000000000000000e+02,2.772854601541511599e+01,2.597772517156014516e+01,-9.383282194766586273e-03,2.589342884113319769e+02,2.704692547033427097e-02,nan,6.905549499898292254e+00,1.000000000000000000e+00
7.250000000000000000e+02,1.177534587103624659e+02,2.237049762617326465e+01,-1.891712735499156625e-03,5.317030548573897164e+01,3.356350948862868444e-01,nan,8.005149414326002244e+00,1.000000000000000000e+00
7.250000000000000000e+02,3.334064902021665233e+01,4.204402760252014559e+01,-1.818147884069213661e-03,5.114976801146789143e+01,2.374275007204952326e-01,nan,9.930938120851008577e+00,1.000000000000000000e+00
7.270000000000000000e+02,6.725672431432406029e+01,4.446889213857924972e+01,-1.365677132084842016e-03,3.872217395499543358e+01,3.008044031138673580e-01,nan,1.247901076052636249e+01,1.000000000000000000e+00
7.270000000000000000e+02,1.355205303725207067e+01,4.825577061769045883e+01,-1.323763784295722270e-03,3.757097894496101986e+01,3.307680248593850569e-01,nan,1.332908411463080434e+01,1.000000000000000000e+00
7.280000000000000000e+02,1.461870356666173976e+01,2.441047701426164451e+01,-1.394344962968099844e-03,3.950956664973703880e+01,3.573432660543442996e-01,nan,3.490332550680264934e+00,1.000000000000000000e+00
7.300000000000000000e+02,2.370899309146973266e+01,3.962437142231476628e+01,-3.412707025643132649e-03,9.494604351349707372e+01,1.144912252653936813e-01,nan,9.930938120851008577e+00,1.000000000000000000e+00
7.300000000000000000e+02,2.966627913022182739e+01,1.934961803065430175e+01,-1.412725633331669318e-03,4.001441145741239325e+01,2.757432527261406419e-01,nan,6.905549499898292254e+00,1.000000000000000000e+00
7.340000000000000000e+02,7.231953614944880826e+01,4.853660755510064462e+01,-1.382444891715944174e-03,3.918271844105989743e+01,3.514006504840377909e-01,nan,1.077834810302241131e+01,1.000000000000000000e+00
7.350000000000000000e+02,2.904713812876613943e+01,5.226975937658566274e+00,-2.212720678966519344e-03,6.198713263494050807e+01,2.125696136745155451e-01,nan,3.803871771619323550e+00,1.000000000000000000e+00
7.360000000000000000e+02,1.337521906212288059e+02,2.440285605677492953e+01,-1.792350011417897029e-02,4.935005249930387663e+02,1.182294351553980771e-02,nan,5.457754326455874327e+00,1.000000000000000000e+00
7.360000000000000000e+02,1.181152184652705870e+02,2.624833297869193061e+01,-1.465020102337825057e-02,4.035958579013263829e+02,1.795998475772297986e-02,nan,1.073277956515609155e+01,1.000000000000000000e+00
7.360000000000000000e+02,1.086761183603533993e+02,5.655065093757541739e+00,-1.806141316340003928e-03,5.081999476293023577e+01,3.648287726378052209e-01,nan,1.278308592796482834e+01,1.000000000000000000e+00
7.370000000000000000e+02,3.519164849326853783e+01,8.225557563217048340e+00,-1.670217503040092319e-03,4.708670157902650288e+01,3.470533785276888050e-01,nan,5.080641773823695750e+00,1.000000000000000000e+00
7.380000000000000000e+02,1.271229036587961332e+02,4.553714038696636379e+01,-1.966205090712964867e-03,5.521631784531737708e+01,2.497471621703650779e-01,nan,2.063593473985586613e+01,1.000000000000000000e+00
7.400000000000000000e+02,9.797568958127772021e+01,1.676558823521493835e+01,-1.487349238606339987e-03,4.206402874055576291e+01,2.801788745470067399e-01,nan,1.036346942115746295e+01,1.000000000000000000e+00
7.410000000000000000e+02,4.790428937939373810e+01,1.554427411743256471e+01,-1.929411307915162134e-03,5.420573717373198264e+01,2.781888429805300378e-01,nan,1.049908895887006999e+01,1.000000000000000000e+00
7.410000000000000000e+02,1.066424374392836114e+02,4.806544140128341525e+01,-1.754198858104733319e-03,4.939333948761751714e+01,2.872169833741117229e-01,nan,1.657359327355126766e+01,1.000000000000000000e+00
7.410000000000000000e+02,4.027109884772142578e+01,8.335579972619957090e+00,-1.414730534594888216e-03,4.006947821899493078e+01,2.845528464572196770e-01,nan,5.080641773823695750e+00,1.000000000000000000e+00
7.410000000000000000e+02,5.844096146587744300e+01,4.399427974399087304e+01,-1.463599083643081934e-03,4.141170528458157207e+01,3.386077279919927907e-01,nan,2.266154837901780184e+01,1.000000000000000000e+00
7.420000000000000000e+02,1.066319298520934922e+02,2.246392157200501316e+01,-1.457145891072274746e-03,4.123446143558908261e+01,3.401077282117039857e-01,nan,1.036346942115746295e+01,1.000000000000000000e+00
7.430000000000000000e+02,9.294909900378209855e+00,4.144907966368313623e+01,-2.011861794363484484e-03,5.647032813534584506e+01,2.287990348142188157e-01,nan,2.048901230092589643e+01,1.000000000000000000e+00
7.440000000000000000e+02,4.129935238279832532e+01,2.917162772158058104e+01,-1.971754371279568763e-03,5.536873478251115444e+01,2.333161291561177686e-01,nan,1.423456239491016007e+01,1.000000000000000000e+00
7.450000000000000000e+02,6.058312676459473778e+01,1.663206074482246777e+01,-1.601717795585045441e-03,4.520528371167262094e+01,3.207408409534673321e-01,nan,1.272541540332176346e+01,1.000000000000000000e+00
7.460000000000000000e+02,7.513780614154664761e+01,7.014532451632772059e+00,-1.619213426372186895e-03,4.568581995900121484e+01,3.130803807129471927e-01,nan,7.637521048206186158e+00,1.000000000000000000e+00
7.470000000000000000e+02,6.845383890115165570e+01,4.392614428126818638e+01,-1.253143881854191545e-02,3.454017835475170841e+02,2.405801232751780816e-02,nan,1.237172549904279606e+01,1.000000000000000000e+00
7.470000000000000000e+02,8.778844725676722760e+01,4.130382164841699222e+01,-1.533626049177586655e-03,4.333507093164879365e+01,3.694616455138894917e-01,nan,9.658425758032477049e+00,1.000000000000000000e+00
7.480000000000000000e+02,2.034406822062835118e+01,9.491392453077866165e+00,-1.649689590665185356e-03,4.652288046859372628e+01,2.976915360878651384e-01,nan,2.202325547998180966e+01,1.000000000000000000e+00
7.490000000000000000e+02,1.406933140963867856e+02,4.586629300385028074e+01,-2.281400624811901617e-02,6.278235164720430248e+02,1.062396748583449568e-02,nan,1.037616920833279721e+01,1.000000000000000000e+00
7.500000000000000000e+02,8.271224400951328448e+01,6.034931131653292091e+00,-1.348137192494716467e-03,3.824042071891298633e+01,3.666108271611340230e-01,nan,7.637521048206186158e+00,1.000000000000000000e+00
7.500000000000000000e+02,9.711277770382169194e+01,3.279886969098691196e+01,-1.607401511949728325e-03,4.536139307211775673e+01,2.949877202938643306e-01,nan,8.284015305105898008e+00,1.000000000000000000e+00
7.510000000000000000e+02,7.895833779298632749e+01,3.739046567418308342e+01,-7.453737833964741225e-03,2.059372849037346214e+02,2.661604552141061397e-02,nan,9.658425758032477049e+00,1.000000000000000000e+00
7.510000000000000000e+02,1.446243777807410993e+02,2.673724114288909703e+01,-1.473100346905520342e-03,4.167266766133501932e+01,3.333703309161689665e-01,nan,9.650506557077100922e+00,1.000000000000000000e+00
7.520000000000000000e+02,5.441944057166601567e+01,2.400017993244847858e+01,-1.421864490036580221e-03,4.026541994972004090e+01,3.589234967108639873e-01,nan,1.600099216567036819e+01,1.000000000000000000e+00
7.530000000000000000e+02,3.940320249804025821e+01,4.568414108422373232e+01,-1.762808153988767524e-03,4.962980302451930470e+01,2.667921661401945199e-01,nan,1.047915148375055416e+01,1.000000000000000000e+00
7.540000000000000000e+02,4.422512336373028319e+01,1.166698703888559763e+01,-1.520412292275589864e-03,4.297214093889514430e+01,2.931851456468044237e-01,nan,1.372738771665651036e+01,1.000000000000000000e+00
7.540000000000000000e+02,1.352425581187801242e+02,2.447588388702911644e+01,-1.684421640535347384e-03,4.747683343603423367e+01,2.403243684157532201e-01,nan,6.856419745705451874e+00,1.000000000000000000e+00
7.540000000000000000e+02,9.506977057850798474e+01,4.082700966617083793e+01,-1.599294220932566532e-03,4.513871763681701310e+01,3.391790953475766202e-01,nan,7.121685389535152844e+00,1.000000000000000000e+00
7.560000000000000000e+02,7.654238053515115325e+01,2.125779794274732382e+01,-1.391580126163940306e-03,3.943362744419988530e+01,3.539337921646104057e-01,nan,1.511410036246267019e+01,1.000000000000000000e+00
7.560000000000000000e+02,1.267881549480609209e+02,2.686479043096091956e+01,-1.526945043069778902e-03,4.315156993974486710e+01,3.186655387703195563e-01,nan,8.600903938352445266e+00,1.000000000000000000e+00
7.560000000000000000e+02,8.854718049220807075e+01,3.044043415233553063e+01,-1.624740882810943223e-03,4.583763747313761883e+01,2.513448880773688776e-01,nan,1.184267041106408236e+01,1.000000000000000000e+00
7.580000000000000000e+02,6.369270967848756726e+01,6.133215858968860346e+00,-3.047236768635360697e-03,8.490801127851158014e+01,1.347774544788499229e-01,nan,1.984608334995955659e+01,1.000000000000000000e+00
7.590000000000000000e+02,4.432234699445505299e+01,2.539403046014134802e+01,-1.360179068287679753e-03,3.857116374125662617e+01,3.254313362782679242e-01,nan,1.372738771665651036e+01,1.000000000000000000e+00
7.590000000000000000e+02,2.210345189363896168e+01,3.305437980879333537e+01,-1.603738240566441285e-03,4.526077739813104017e+01,3.107952745822630813e-01,nan,7.576102932561155967e+00,1.000000000000000000e+00
7.590000000000000000e+02,8.642479334817660686e+01,4.662073187278580377e+01,-1.732687766806763167e-03,4.880251431451964805e+01,2.837328960152932789e-01,nan,1.040686544163857974e+01,1.000000000000000000e+00
7.610000000000000000e+02,1.057202066772456277e+02,9.817702320877767619e+00,-1.117640496386849459e-02,3.081843267178654742e+02,2.154976662256913311e-02,nan,1.528708715875238866e+01,1.000000000000000000e+00
7.620000000000000000e+02,1.230760436032103939e+02,1.224680085852000744e+01,-1.685545389326466130e-03,4.750769840075566464e+01,3.441855221735612425e-01,nan,6.224799623781795965e+00,1.000000000000000000e+00
7.630000000000000000e+02,9.462581160982514561e+00,1.885413566044303124e+01,-1.550824251536665538e-03,4.380743798848583026e+01,3.026575458848738132e-01,nan,1.901153720119673451e+01,1.000000000000000000e+00
7.640000000000000000e+02,1.176424319878781688e+02,4.212401882481003668e+01,-1.575651407650306701e-03,4.448934243513536302e+01,2.719461685009466612e-01,nan,1.690261437244059906e+01,1.000000000000000000e+00
7.650000000000000000e+02,5.348161298360144400e+01,1.716721671707764685e+01,-1.505162663846275903e-03,4.255329355306874817e+01,2.431753552157133180e-01,nan,1.861838602421455846e+01,1.000000000000000000e+00
7.660000000000000000e+02,1.068867585366138258e+02,2.908508247121114110e+01,-1.598767681172932366e-03,4.512425565809545702e+01,2.786566708719605545e-01,nan,7.327296833476933280e+00,1.000000000000000000e+00
7.690000000000000000e+02,8.156046624923436639e+01,4.053240119812750208e+01,-1.055023356385004565e-02,2.909858582310645261e+02,2.649669573041191217e-02,nan,8.499013640152174531e+00,1.000000000000000000e+00
7.690000000000000000e+02,1.043614816109433718e+02,2.220669201016885808e+01,-1.294190587371238854e-03,3.675871940173579588e+01,3.623021284480466564e-01,nan,6.852399275630151720e+00,1.000000000000000000e+00
7.690000000000000000e+02,4.842837240488675832e+01,4.584819351942628884e+01,-1.916761934646024103e-03,5.385830858223029338e+01,2.195898826031710271e-01,nan,1.412858369328006880e+01,1.000000000000000000e+00
7.710000000000000000e+02,1.327144837570939444e+02,7.034449553416541434e+00,-1.522795151357394898e-03,4.303758871697268518e+01,3.498793004014764119e-01,nan,2.221764324151985903e+01,1.000000000000000000e+00
7.710000000000000000e+02,9.962269256841645415e+01,2.715636414507672924e+01,-1.363778471409581462e-03,3.867002520500520291e+01,3.490452143658160367e-01,nan,6.852399275630151720e+00,1.000000000000000000e+00
7.720000000000000000e+02,8.223636971645379390e+01,3.046950831527441395e+01,-1.726216054074967195e-03,4.862476178945998839e+01,3.601389369554224285e-01,nan,1.008556684915501300e+01,1.000000000000000000e+00
7.720000000000000000e+02,7.308429511967730718e+01,4.115510163811138966e+01,-1.578111668509696698e-03,4.455691613597554834e+01,3.158979704804211197e-01,nan,8.499013640152174531e+00,1.000000000000000000e+00
7.740000000000000000e+02,1.365328440564850609e+02,2.892151870009506354e+01,-1.657567206791776826e-03,4.673924763691266548e+01,2.566379710054291774e-01,nan,1.965472867733809537e+01,1.000000000000000000e+00
7.750000000000000000e+02,9.887418538682580049e+01,3.854762844743592609e+01,-1.490516169497747758e-03,4.215101189107037527e+01,3.533979439981138615e-01,nan,1.008958006688725639e+01,1.000000000000000000e+00
7.770000000000000000e+02,9.586301212476863043e+01,2.891785890128371150e+01,-2.316234610042339909e-03,6.483025367416384199e+01,1.708907711720253353e-01,nan,1.008958006688725639e+01,1.000000000000000000e+00
7.770000000000000000e+02,1.117498076351010781e+02,2.678258212823593709e+01,-1.728975073379456807e-03,4.870054121113485479e+01,2.705238422501184958e-01,nan,8.233396871271638773e+00,1.000000000000000000e+00
7.780000000000000000e+02,3.468475628180004833e+01,2.876591298055373258e+01,-1.558641190233666209e-03,4.402213858618106457e+01,3.327021499758415768e-01,nan,1.012626957040322395e+01,1.000000000000000000e+00
7.780000000000000000e+02,7.720450814312198418e+01,8.163111924670193531e+00,-1.237424402162856391e-03,3.519957529615463443e+01,3.612282780807453131e-01,nan,1.821285112233503867e+01,1.000000000000000000e+00
7.800000000000000000e+02,1.194241417989184555e+02,2.096911970564559269e+01,-1.579884383748854674e-03,4.460560565960411594e+01,3.122818039478409968e-01,nan,7.165109101347600706e+00,1.000000000000000000e+00
7.810000000000000000e+02,6.032725059362581987e+01,1.500899562309185242e+01,-2.909445614219494103e-02,8.003228027425661821e+02,1.157172964488317746e-02,nan,1.821285112233503867e+01,1.000000000000000000e+00
7.820000000000000000e+02,2.492948981104281359e+01,3.148181273882795495e+01,-1.796841360815411813e-03,5.056456151891169526e+01,3.042946383857167980e-01,nan,9.913935930947234354e+00,1.000000000000000000e+00
7.830000000000000000e+02,4.849264290095413799e+01,4.932534989533390046e+01,-1.671957778609882905e-03,4.713450011237457460e+01,3.235164510821496586e-01,nan,1.967081857381118226e+01,1.000000000000000000e+00
7.850000000000000000e+02,1.242136329605213660e+02,9.425753322091839692e+00,-1.439708121381186832e-03,4.075551440526570701e+01,3.115986393415997036e-01,nan,1.249754108022979260e+01,1.000000000000000000e+00
7.850000000000000000e+02,3.937848935658168870e+01,2.713927503122390661e+01,-1.286323970271060785e-03,3.654265433346350989e+01,3.193108520444138954e-01,nan,1.162262013052061427e+01,1.000000000000000000e+00
7.860000000000000000e+02,3.318355836632714073e+01,3.697330415078455701e+01,-1.720927138848461725e-03,4.847949606533120459e+01,3.057056197154423005e-01,nan,9.913935930947234354e+00,1.000000000000000000e+00
7.880000000000000000e+02,1.110377514595990505e+02,1.474673919602913763e+01,-2.175741725791801792e-03,6.097146606053048856e+01,2.250352302460364440e-01,nan,1.142125801754140113e+01,1.000000000000000000e+00
7.910000000000000000e+02,8.556441950708259014e+01,2.181820716715029818e+01,-1.250184466638326435e-02,3.445889484463305052e+02,1.719101006274159626e-02,nan,1.069886403793769070e+01,1.000000000000000000e+00
7.910000000000000000e+02,9.847963958371721560e+00,2.268515326692251222e+01,-1.388363719451867102e-03,3.934528538725398761e+01,3.686016266819448495e-01,nan,8.164721727781454774e+00,1.000000000000000000e+00
7.910000000000000000e+02,8.980493889205973801e+00,4.289605215900137836e+01,-1.969570068025017825e-03,5.530874055299523206e+01,2.185674055004543925e-01,nan,1.889279476119974888e+01,1.000000000000000000e+00
7.930000000000000000e+02,1.411826652559872457e+02,3.206007086602799916e+01,-1.170179561993158531e-03,3.335262370346861616e+01,3.485441188272441204e-01,nan,1.104523552700722355e+01,1.000000000000000000e+00
7.930000000000000000e+02,1.733182266729898657e+01,2.594928251021544696e+01,-1.471183342791901891e-03,4.162001508915403747e+01,3.581385455591852285e-01,nan,8.164721727781454774e+00,1.000000000000000000e+00
7.940000000000000000e+02,8.770449371122401416e+00,1.006433196647790140e+01,-1.448793621659326316e-03,4.100505740613703409e+01,3.313515851327658579e-01,nan,1.266673470092002418e+01,1.000000000000000000e+00
7.950000000000000000e+02,1.287176777937744703e+02,4.533022754639134888e+01,-2.085886834815968861e-03,5.850350519424489448e+01,1.873334040920403565e-01,nan,1.820639917047063250e+01,1.000000000000000000e+00
7.960000000000000000e+02,4.206506121211373284e+01,2.508893091694937283e+01,-1.881556711619455577e-02,5.180021011139346001e+02,1.123073237868521534e-02,nan,2.474819778850058682e+01,1.000000000000000000e+00
7.960000000000000000e+02,1.316207826580273661e+02,2.653127090311610559e+01,-1.582799043909709387e-03,4.468565992417882882e+01,3.041570097066415013e-01,nan,1.104523552700722355e+01,1.000000000000000000e+00
7.990000000000000000e+02,1.059543150112343568e+02,1.794342496332674486e+01,-1.575953361605993575e-03,4.449763592409252766e+01,3.019118055864002947e-01,nan,8.151964857706808232e+00,1.000000000000000000e+00
8.010000000000000000e+02,8.135641495011059021e+01,2.384910483900862133e+01,-1.498979904522431024e-03,4.238347744299171893e+01,3.212071031067853522e-01,nan,1.418341532040182429e+01,1.000000000000000000e+00
8.020000000000000000e+02,5.878112888679726922e+01,1.920211309273516775e+01,-1.674792868997025414e-03,4.721236890784985007e+01,2.487568534257708075e-01,nan,2.304860241165095758e+01,1.000000000000000000e+00
8.030000000000000000e+02,9.895236542825008996e+01,2.841510289990458915e+01,-2.037468553543162440e-03,5.717364521560185153e+01,2.066200240366224961e-01,nan,1.259695744098807246e+01,1.000000000000000000e+00
8.040000000000000000e+02,6.850272719629300866e+01,4.721596513670173323e+01,-2.134367985766157366e-03,5.983509195594638186e+01,2.765598610716945016e-01,nan,8.108977076765073733e+00,1.000000000000000000e+00
8.040000000000000000e+02,9.380794802300142621e+00,2.519790091435740820e+01,-1.469009407843017241e-03,4.156030563626359253e+01,3.579509264589274542e-01,nan,8.208184944156986518e+00,1.000000000000000000e+00
8.050000000000000000e+02,7.906376872381478904e+01,3.784599890276651024e+01,-1.645646220952279217e-03,4.641182498668278100e+01,2.953353643018051811e-01,nan,8.162233979931173167e+00,1.000000000000000000e+00
8.060000000000000000e+02,9.991309995005605060e+01,6.049958067993107313e+00,-7.405768749287454204e-03,2.046197625909322539e+02,2.615241251688216195e-02,nan,1.009653338297347069e+01,1.000000000000000000e+00
8.060000000000000000e+02,1.230659913302133504e+02,5.787120787864127536e+00,-1.562321282195707753e-03,4.412321625538766767e+01,2.937901695275974001e-01,nan,1.315288096486239411e+01,1.000000000000000000e+00
8.080000000000000000e+02,7.107634879706499476e+01,3.952623295101793843e+01,-1.302868806322130804e-03,3.699707598452459223e+01,3.017115512813512979e-01,nan,8.108977076765073733e+00,1.000000000000000000e+00
8.080000000000000000e+02,7.697289534209076578e+01,1.419004766271990903e+01,-1.345808750887190954e-03,3.817646757507856137e+01,3.304126189630524069e-01,nan,1.237694461757982545e+01,1.000000000000000000e+00
8.100000000000000000e+02,6.848575557662874758e+01,2.319877768798715323e+01,-1.645224969219967557e-03,4.640025485645492154e+01,3.610131388585574586e-01,nan,1.237694461757982545e+01,1.000000000000000000e+00
8.100000000000000000e+02,5.473773301569607241e+01,3.464798118397682458e+01,-1.446223068360211325e-03,4.093445440525393764e+01,2.804951892576670325e-01,nan,1.004168615747642690e+01,1.000000000000000000e+00
8.110000000000000000e+02,3.099681951767542643e+01,4.664523137186529311e+01,-2.075714247432287538e-03,5.822410418113200592e+01,2.588580248841555465e-01,nan,7.894231562363390076e+00,1.000000000000000000e+00
8.110000000000000000e+02,9.562451405135517746e+01,2.517525180648032546e+01,-1.899091402347819011e-03,5.337296847748146433e+01,2.437608721737267725e-01,nan,9.234141818775762900e+00,1.000000000000000000e+00
8.110000000000000000e+02,1.299759700130565250e+02,4.296821390703426147e+01,-1.274141124351915819e-03,3.620803941554520122e+01,3.191877380675526288e-01,nan,9.772526402777563348e+00,1.000000000000000000e+00
8.120000000000000000e+02,4.820684506501017097e+01,6.290698827498285794e+00,-1.481616159168207313e-03,4.190656357040244018e+01,3.307782581850479131e-01,nan,2.514571823294082975e+01,1.000000000000000000e+00
8.120000000000000000e+02,8.275957199682035537e+01,2.777567675807166481e+01,-1.728849744842646079e-03,4.869709892857328981e+01,2.870133541329306093e-01,nan,5.688782041105171494e+00,1.000000000000000000e+00
8.130000000000000000e+02,1.399298736543691462e+02,4.630175621772144723e+01,-1.593537125522861324e-03,4.498059284226970078e+01,2.973126126133658342e-01,nan,7.311860145517607101e+00,1.000000000000000000e+00
8.140000000000000000e+02,1.269294143860845452e+02,1.678922288539510888e+01,-1.336948404709439051e-03,3.793310867284233012e+01,3.091746474221402918e-01,nan,1.658583467843222792e+01,1.000000000000000000e+00
8.150000000000000000e+02,4.479664006916542718e+01,3.323018997449203482e+01,-1.540609494541411804e-03,4.352687874180349326e+01,2.593644558389225363e-01,nan,1.004168615747642690e+01,1.000000000000000000e+00
8.150000000000000000e+02,3.792463664036226589e+01,4.286049335255386694e+01,-1.637237616813908697e-03,4.618087366363051416e+01,3.392218362333160320e-01,nan,7.894231562363390076e+00,1.000000000000000000e+00
8.160000000000000000e+02,5.454945173018244020e+01,3.985242987349646882e+01,-1.400575290687513380e-03,3.968068927677113322e+01,3.342609321346347029e-01,nan,1.178861300472772733e+01,1.000000000000000000e+00
8.170000000000000000e+02,6.176613502785314580e+01,2.746740303646334880e+01,-4.719815005752092847e-03,1.308471648423976887e+02,7.136272100868001900e-02,nan,1.384316620527746622e+01,1.000000000000000000e+00
8.170000000000000000e+02,1.240600411580520870e+02,3.872707646416249361e+01,-1.623390520039329557e-02,4.470939901699123311e+02,1.518256219381963756e-02,nan,7.130180398925725527e+00,1.000000000000000000e+00
8.180000000000000000e+02,1.432368202386699352e+02,3.978045243119301233e+01,-2.149366707953762404e-02,5.915589863736275902e+02,1.205343414210191533e-02,nan,7.311860145517607101e+00,1.000000000000000000e+00
8.180000000000000000e+02,9.025557016612829386e+01,5.301411146763095417e+01,-2.042856887473321406e-03,5.732164158096038875e+01,2.234226136503366655e-01,nan,1.378486193764144652e+01,1.000000000000000000e+00
8.190000000000000000e+02,1.040817017010385115e+02,8.900649279149964954e+00,-8.171244440932978748e-03,2.256443727213051318e+02,2.650450474994192618e-02,nan,7.727288152423308354e+00,1.000000000000000000e+00
8.210000000000000000e+02,1.223090066500355420e+02,2.489930058054272877e+01,-1.768113527679148833e-03,4.977552079799480822e+01,2.988498991447470221e-01,nan,1.393820317458032676e+01,1.000000000000000000e+00
8.220000000000000000e+02,1.011244197139031371e+02,1.603965939534578666e+01,-1.926486588749035675e-03,5.412540662779856859e+01,3.381437724823176394e-01,nan,7.727288152423308354e+00,1.000000000000000000e+00
8.220000000000000000e+02,7.793106492298336718e+01,7.146941393358463124e+00,-1.033478993316404825e-03,2.959799610079362964e+01,3.671967810745010441e-01,nan,1.616046813631305668e+01,1.000000000000000000e+00
8.220000000000000000e+02,7.765945068794075645e+00,3.867536179152669717e+01,-1.833322560424659013e-03,5.156655675826922902e+01,2.022281900409347299e-01,nan,2.375622639076852494e+01,1.000000000000000000e+00
8.220000000000000000e+02,6.422920474816721992e+01,4.660280595202242182e+01,-1.577266833682545001e-03,4.453371184214978484e+01,2.922552915973524179e-01,nan,1.203968731861926855e+01,1.000000000000000000e+00
8.230000000000000000e+02,9.149259748150197424e+01,1.593588700981493034e+01,-1.242107748797939559e-02,3.423705913439367237e+02,1.802478186593303722e-02,nan,9.632381233349107674e+00,1.000000000000000000e+00
8.230000000000000000e+02,8.977242751433529122e+01,3.923771891305214865e+01,-1.841895901672612086e-03,5.180203276256320777e+01,2.708645857313253247e-01,nan,1.378486193764144652e+01,1.000000000000000000e+00
8.240000000000000000e+02,4.670672346862902202e+01,8.089069593550354043e+00,-5.417195099420869624e-03,1.500014564052690105e+02,5.127569586552804815e-02,nan,3.074874752002737921e+01,1.000000000000000000e+00
8.240000000000000000e+02,6.827116218114905166e+01,3.526187782245187208e+01,-2.075659207441241799e-03,5.822259244879883511e+01,2.063640463352326426e-01,nan,6.496698079246857382e+00,1.000000000000000000e+00
8.250000000000000000e+02,1.360700098216218805e+02,4.380511116140095140e+01,-1.720513092412970409e-03,4.846812383630147991e+01,3.346233681832573303e-01,nan,1.000627887804958505e+01,1.000000000000000000e+00
8.250000000000000000e+02,1.180068111549445291e+02,3.893248133254220988e+01,-1.706451779755532167e-03,4.808191481651092403e+01,2.547590814438499551e-01,nan,9.149201216448661356e+00,1.000000000000000000e+00
8.260000000000000000e+02,1.443011386656363015e+02,2.068916998479675229e+01,-1.790959225568675888e-03,5.040300237125163108e+01,3.297659115784478123e-01,nan,1.744741202258382273e+01,1.000000000000000000e+00
8.270000000000000000e+02,1.321726165458877347e+02,8.146796306877078564e+00,1.696696659574667811e-03,-4.781397998746793832e+01,3.222798139010655261e-01,nan,1.744741202258382273e+01,1.000000000000000000e+00
8.280000000000000000e+02,4.226203329705396783e+01,3.851488434565015950e+01,-1.545430431684932790e-03,4.365929094641273167e+01,3.106456893831721633e-01,nan,1.781905073244162807e+01,1.000000000000000000e+00
8.280000000000000000e+02,1.943037201024657179e+01,4.016812088855139251e+01,-1.768382271086577431e-03,4.978290212365669731e+01,3.302728021847131101e-01,nan,9.336206008110217169e+00,1.000000000000000000e+00
8.320000000000000000e+02,1.022848152290959973e+02,6.564002185502983977e+00,-1.485361742116386502e-03,4.200944001972136022e+01,2.798988775653739047e-01,nan,1.044105742821735916e+01,1.000000000000000000e+00
8.320000000000000000e+02,9.188894177965427446e+01,5.593695304910280441e+00,-1.291443302435583496e-03,3.668326227707513709e+01,3.327525207831067977e-01,nan,1.044105742821735916e+01,1.000000000000000000e+00
8.330000000000000000e+02,1.035223752839788425e+01,3.798816287167510808e+01,-1.647747112332024295e-03,4.646952821967565228e+01,3.259812920084809162e-01,nan,8.619532709740587606e+00,1.000000000000000000e+00
8.330000000000000000e+02,7.039942015666913733e+01,4.248251836887358479e+01,-1.662266530281513712e-03,4.686831959220340593e+01,2.875881934195843037e-01,nan,2.255590102170563327e+01,1.000000000000000000e+00
8.340000000000000000e+02,8.632894712812333182e+01,2.651320901102424088e+01,-9.178767719763624572e-03,2.533170792041892696e+02,2.344870752858163598e-02,nan,2.164577543599079590e+01,1.000000000000000000e+00
8.360000000000000000e+02,1.761644442694813151e+01,4.262795190452379046e+01,-1.898480147953720155e-03,5.335617972054682667e+01,2.982823279485034007e-01,nan,8.619532709740587606e+00,1.000000000000000000e+00
8.370000000000000000e+02,1.292107940827951609e+02,3.595927042462834322e+01,-1.622328189207866093e-03,4.577137025796361769e+01,2.754666935029735919e-01,nan,1.121934632297746681e+01,1.000000000000000000e+00
8.380000000000000000e+02,4.989393179509396248e+01,2.645020102854451949e+01,-1.806432904259444626e-03,5.082800353759398604e+01,2.928232321642267877e-01,nan,4.171276144236278682e+00,1.000000000000000000e+00
8.400000000000000000e+02,2.295978560678473102e+01,2.554880312084064187e+01,-1.849322018791516335e-03,5.200599902682408526e+01,2.298728707049082498e-01,nan,1.789549155903025834e+01,1.000000000000000000e+00
8.400000000000000000e+02,1.179976116427069428e+02,3.633111915759007360e+01,-1.577200577399504250e-03,4.453189204233795095e+01,2.703410639147074690e-01,nan,1.121934632297746681e+01,1.000000000000000000e+00
8.410000000000000000e+02,4.183453830164778964e+01,4.343242228730134258e+01,-1.662113715452132653e-03,4.686412236916296337e+01,2.979191004667852694e-01,nan,1.879759724974377377e+01,1.000000000000000000e+00
8.410000000000000000e+02,7.485408063573210313e+01,4.612175653658077579e+01,-1.358394649324347293e-03,3.852215276230226948e+01,3.117288909154315446e-01,nan,8.876638448483795685e+00,1.000000000000000000e+00
8.420000000000000000e+02,6.651028052158716264e+01,1.515182876293872027e+01,-1.668698413173811063e-03,4.704497814804085465e+01,3.055539517562899654e-01,nan,1.910888563550442854e+01,1.000000000000000000e+00
8.450000000000000000e+02,4.355940835860197780e+01,1.285867451369726666e+01,-1.637942031185539047e-03,4.620022115917530670e+01,3.230754267976603256e-01,nan,1.605206422715856007e+01,1.000000000000000000e+00
8.450000000000000000e+02,1.123128912901910041e+02,2.287143243332931064e+01,-1.554721570977574043e-03,4.391448204317354964e+01,3.294340470313513736e-01,nan,5.896000205934774918e+00,1.000000000000000000e+00
8.480000000000000000e+02,1.402272991730265517e+02,1.398683956562990716e+01,-1.994671611477604606e-03,5.599818134193363051e+01,3.483199473843708871e-01,nan,2.373348508593600314e+01,1.000000000000000000e+00
8.480000000000000000e+02,3.916493347906560274e+01,2.829750078015765524e+01,-1.335723700389860723e-03,3.789947085635103718e+01,3.644179858770861813e-01,nan,1.605206422715856007e+01,1.000000000000000000e+00
8.500000000000000000e+02,5.575934639152192673e+00,4.304119801476663554e+01,-1.587059707438058477e-03,4.480268361357603624e+01,3.587739289932260212e-01,nan,9.901757451429261891e+00,1.000000000000000000e+00
8.500000000000000000e+02,3.625855010223771302e+01,4.824197660272898958e+01,-1.569693361156937516e-03,4.432569830374244901e+01,3.516192639607643722e-01,nan,1.983210340113769021e+01,1.000000000000000000e+00
8.520000000000000000e+02,9.814522882262997427e+01,3.545635534494017094e+01,-1.444420197694054565e-03,4.088493663050925875e+01,3.270243516658046801e-01,nan,1.137922597798866420e+01,1.000000000000000000e+00
8.530000000000000000e+02,8.210931859193621563e+01,1.230183011804164472e+01,-1.506061110123237514e-03,4.257797034281186654e+01,2.975717849072606613e-01,nan,1.004413839775253514e+01,1.000000000000000000e+00
8.530000000000000000e+02,1.177403728219466217e+02,5.050372491189187940e+01,-1.334322686405246209e-03,3.786099050598171800e+01,3.408491303773552028e-01,nan,1.279982580437827622e+01,1.000000000000000000e+00
8.560000000000000000e+02,9.206156973807105715e+01,1.365734230074772881e+01,-1.498878629169606751e-03,4.238069580690296334e+01,2.706829230910936523e-01,nan,5.965471904519544566e+00,1.000000000000000000e+00
8.560000000000000000e+02,1.143779293265393306e+02,2.757002849813556722e+01,-1.509521444937106686e-03,4.267301214645916474e+01,3.395265632892057184e-01,nan,1.067461071678531326e+01,1.000000000000000000e+00
8.570000000000000000e+02,6.031472655037094199e+01,2.454852899565184643e+01,-1.652940047970856982e-03,4.661215776158034174e+01,2.714833375043586017e-01,nan,7.141973763472683423e+00,1.000000000000000000e+00
8.580000000000000000e+02,6.333632783045819536e+01,3.101982831976808086e+01,-1.300019926199372103e-03,3.691882843918398294e+01,3.490602222675214250e-01,nan,7.141973763472683423e+00,1.000000000000000000e+00
8.590000000000000000e+02,1.068535940634152865e+02,3.514179796128061639e+01,-1.218686923773449303e-02,3.359378107808719847e+02,1.282442541436024097e-02,nan,8.752812696723431429e+00,1.000000000000000000e+00
8.590000000000000000e+02,4.789489649627524415e+01,2.964277508458316390e+01,-1.387403896367058864e-03,3.931892281771393272e+01,3.604929787186642587e-01,nan,1.342399053140349707e+01,1.000000000000000000e+00
8.600000000000000000e+02,7.019833384138888732e+01,2.260871648018274982e+01,-2.157198800071623030e-03,6.046216473561818816e+01,2.797812182644338064e-01,nan,9.178396520435379458e+00,1.000000000000000000e+00
8.600000000000000000e+02,3.605269349798767564e+01,4.488305372852372521e+00,-1.816629206876250666e-03,5.110805591499713785e+01,2.931443952988582735e-01,nan,2.463597978183779347e+01,1.000000000000000000e+00
8.610000000000000000e+02,5.761751885546881624e+01,1.640005617248123926e+01,-1.415159945065411380e-03,4.008127243771041037e+01,3.584506139495345911e-01,nan,8.583270862520254951e+00,1.000000000000000000e+00
8.610000000000000000e+02,1.004403024178341468e+02,1.620465740874979232e+01,-1.321767368653015617e-03,3.751614525003877532e+01,3.726941557775738101e-01,nan,8.757395479158489593e+00,1.000000000000000000e+00
8.620000000000000000e+02,1.386163400610107033e+02,3.520434155787985731e+01,-1.248167657519460606e-02,3.440350102103509471e+02,2.032131279845683647e-02,nan,2.286660504435948837e+01,1.000000000000000000e+00
8.620000000000000000e+02,1.985360279865092537e+01,5.123841962983320286e+01,-1.686270359065011361e-03,4.752761047147924955e+01,3.354679850544837194e-01,nan,4.096129867438566663e+00,1.000000000000000000e+00
8.630000000000000000e+02,3.144011971129054217e+01,2.876541623828577343e+01,-1.887764965777219157e-03,5.306187576002187711e+01,2.730749693440077674e-01,nan,1.647815030847964479e+01,1.000000000000000000e+00
8.640000000000000000e+02,1.036664600732444228e+02,2.698987137717668006e+01,-1.615835876518822945e-03,4.559305193300391323e+01,3.047265990070142649e-01,nan,8.544473960495214016e+00,1.000000000000000000e+00
8.640000000000000000e+02,1.172252102090739356e+02,2.712342639236138098e+01,-1.332239243877266725e-03,3.780376652440021701e+01,3.315622351753958474e-01,nan,8.336196226075928806e+00,1.000000000000000000e+00
8.670000000000000000e+02,8.939890478595235379e+01,5.803190446388954982e+00,-1.760891997196981779e-03,4.957717372494042962e+01,2.603241733532377644e-01,nan,1.039094293693444193e+01,1.000000000000000000e+00
8.670000000000000000e+02,8.173270490141891287e+01,1.281753820288115975e+01,-1.616443465637558852e-03,4.560974001922310350e+01,2.752551530235261001e-01,nan,6.974201602190632343e+00,1.000000000000000000e+00
8.680000000000000000e+02,9.799835945112137381e+01,1.579264589835317523e+01,-7.664983294277514896e-03,2.117393678351204187e+02,3.569148772459795893e-02,nan,1.255010848901817155e+01,1.000000000000000000e+00
8.680000000000000000e+02,6.299336006788129438e+00,3.317953848703975694e+01,-1.316850650459199142e-03,3.738110231624725799e+01,2.820830994029337457e-01,nan,1.003027516692551657e+01,1.000000000000000000e+00
8.690000000000000000e+02,1.908213679679380448e+01,1.089841280181366123e+01,-2.115928854828675286e-03,5.932864146596403288e+01,1.704888951137515374e-01,nan,1.934857185031234295e+01,1.000000000000000000e+00
8.720000000000000000e+02,3.522674862852617395e+01,4.269919202758456578e+01,-1.412991141752984294e-03,4.002170393071416754e+01,3.453844021481775606e-01,nan,1.069370694545954237e+01,1.000000000000000000e+00
8.730000000000000000e+02,4.386123453023341767e+01,1.876136226369899163e+01,-1.339441839073568247e-03,3.800159351953784892e+01,3.324466252812943168e-01,nan,2.544747611437227164e+01,1.000000000000000000e+00
8.740000000000000000e+02,8.404678161924420010e+01,2.637848393694742910e+01,-1.519484670835485234e-03,4.294666282203312591e+01,2.922124769701995861e-01,nan,1.729433529047679130e+01,1.000000000000000000e+00
8.760000000000000000e+02,2.502772464962687593e+01,4.591404476343527108e+01,-1.548419775284171377e-03,4.374139647165104350e+01,2.504814035191632593e-01,nan,9.537957341401503086e+00,1.000000000000000000e+00
8.780000000000000000e+02,1.168738379926270170e+02,3.801851274265439429e+01,-1.400623510758756615e-03,3.968201369269891643e+01,2.868619758507426898e-01,nan,1.728053556135662205e+01,1.000000000000000000e+00
8.780000000000000000e+02,7.692075165211767285e+01,1.062051039822597254e+01,-1.727527210933710571e-03,4.866077411757922988e+01,3.364560740494143554e-01,nan,9.514959295305590814e+00,1.000000000000000000e+00
8.780000000000000000e+02,7.421036782628034700e+01,5.204180290811960674e+01,-2.071690407383090099e-03,5.811358510236218677e+01,1.867588630045726728e-01,nan,2.748383119076624226e+01,1.000000000000000000e+00
8.800000000000000000e+02,1.613604145090558006e+01,4.936521849710505450e+01,-1.438131210692989792e-03,4.071220286344719597e+01,3.346079757207954808e-01,nan,9.537957341401503086e+00,1.000000000000000000e+00
8.810000000000000000e+02,9.880496144403790026e+01,1.606282649986406952e+01,-1.296839913752210116e-03,3.683148598972279331e+01,3.233065023771682922e-01,nan,6.712235308352115126e+00,1.000000000000000000e+00
8.810000000000000000e+02,3.593637253148745003e+01,3.169609805684761028e+01,-1.883618621124649858e-03,5.294799196104842309e+01,2.726803317805511773e-01,nan,1.658167682620899086e+01,1.000000000000000000e+00
8.820000000000000000e+02,1.398992295711840370e+02,1.694539282973500249e+01,-1.445541397935553272e-03,4.091573159658442904e+01,3.349008541164585351e-01,nan,8.294366553568659484e+00,1.000000000000000000e+00
8.830000000000000000e+02,3.972515627430677654e+01,1.071682634975570281e+01,-1.375789461383801916e-03,3.899991991524080959e+01,3.529812621472174783e-01,nan,6.900176651957861118e+00,1.000000000000000000e+00
8.830000000000000000e+02,9.896814571510027747e+01,2.277307789071126010e+01,-1.254931629004912537e-03,3.568043004155742182e+01,3.527124176768980934e-01,nan,6.712235308352115126e+00,1.000000000000000000e+00
8.830000000000000000e+02,5.388413938786267288e+00,2.710167431961519213e+01,-1.298636915708273462e-03,3.688084257405603950e+01,3.382017281250914165e-01,nan,1.976152827163061332e+01,1.000000000000000000e+00
8.850000000000000000e+02,1.395428127843681807e+02,2.523209806155266932e+01,-1.375242142275126403e-03,3.898488720943134211e+01,3.253475885540718648e-01,nan,8.294366553568659484e+00,1.000000000000000000e+00
8.860000000000000000e+02,1.216138719151762047e+02,4.693121896840074925e+01,-1.815066050162754321e-03,5.106512214083209500e+01,2.794417180093407005e-01,nan,2.814780220232112029e+01,1.000000000000000000e+00
8.870000000000000000e+02,1.578105404260923983e+01,1.029360984737846607e+01,-1.635489710854730501e-03,4.613286555346142848e+01,2.827143671328854468e-01,nan,1.931023284967075071e+01,1.000000000000000000e+00
8.870000000000000000e+02,5.170938073881613661e+01,4.173987505499457029e+01,-1.788046661953451855e-03,5.032300569054925887e+01,3.149057280946969684e-01,nan,6.625201829884125537e+00,1.000000000000000000e+00
8.870000000000000000e+02,9.258617067895075081e+01,4.396918419667768774e+01,-2.225705892630105813e-03,6.234378544275157452e+01,2.475341924098501956e-01,nan,2.213604589568483760e+01,1.000000000000000000e+00
8.880000000000000000e+02,1.074569246140830643e+02,1.419723217616638422e+01,-1.548351300172073723e-03,4.373951572932153198e+01,2.729759404237960263e-01,nan,1.206666884088119573e+01,1.000000000000000000e+00
8.880000000000000000e+02,5.022869122146637011e+01,3.528225491752051113e+01,-1.529363366510938732e-03,4.321799178445456135e+01,2.780753506249431517e-01,nan,6.625201829884125537e+00,1.000000000000000000e+00
8.890000000000000000e+02,4.102424574997395723e+01,1.762289602716057502e+01,-2.121879453112045406e-03,5.949208102428805489e+01,2.414416439182507368e-01,nan,4.101153613586292934e+00,1.000000000000000000e+00
8.920000000000000000e+02,1.228142619884007871e+02,2.397103923189215635e+01,-1.138123167934492050e-03,3.247216049003822746e+01,3.568699912038724165e-01,nan,1.009291383733495451e+01,1.000000000000000000e+00
8.930000000000000000e+02,3.143359069191280142e+01,2.803254099177449987e+01,-1.592790389742882676e-03,4.496008294389434923e+01,3.428620562970152719e-01,nan,1.415419982662481857e+01,1.000000000000000000e+00
8.940000000000000000e+02,4.488582678708344531e+01,1.624171795896360138e+01,-1.231798824696974867e-03,3.504506278286487486e+01,3.649306960931025801e-01,nan,4.101153613586292934e+00,1.000000000000000000e+00
8.940000000000000000e+02,4.967225350096241776e+00,7.603913682153331521e+00,-1.635073419660474465e-03,4.612143166972682451e+01,3.702318810450206943e-01,nan,1.822034058450250171e+01,1.000000000000000000e+00
8.950000000000000000e+02,9.313081001576459528e+01,1.695890226256177158e+01,-1.974524421257236630e-03,5.544481717344498151e+01,2.561555397632528930e-01,nan,7.013966477940185129e+00,1.000000000000000000e+00
8.950000000000000000e+02,2.279168573298451506e+01,4.606343518636422374e+01,-1.502194571789628764e-03,4.247177172422018288e+01,3.111482131262399697e-01,nan,4.296980493865683925e+00,1.000000000000000000e+00
8.960000000000000000e+02,1.789838992667650430e+01,2.044002655594284334e+01,-1.248601848386404973e-03,3.550657583407915752e+01,3.005727111539142626e-01,nan,1.551927624644800652e+01,1.000000000000000000e+00
8.960000000000000000e+02,1.132006580511038152e+02,2.704439717795954223e+01,-1.874854011383325723e-03,5.270726256262679499e+01,3.077860073614783198e-01,nan,1.009291383733495451e+01,1.000000000000000000e+00
8.980000000000000000e+02,1.217535969747551263e+02,1.984730441971971615e+01,-1.436516434599847437e-02,3.957670201208814547e+02,1.316644486109741496e-02,nan,1.117814422891464687e+01,1.000000000000000000e+00
8.990000000000000000e+02,1.272756645263299760e+02,4.798445910637460798e+01,-1.457634450445938982e-03,4.124788024231141037e+01,3.363921055478475974e-01,nan,1.011516690097105631e+01,1.000000000000000000e+00
8.990000000000000000e+02,7.276730016044517413e+01,4.963766894901155524e+01,-1.570202970632914898e-03,4.433969527408142142e+01,2.893516236117972262e-01,nan,2.563141876005458641e+01,1.000000000000000000e+00
9.010000000000000000e+02,1.171884121560004957e+02,4.723349901969709919e+01,-1.169740441924953071e-03,3.334056280024829988e+01,3.628431730677840195e-01,nan,1.011516690097105631e+01,1.000000000000000000e+00
9.010000000000000000e+02,4.715887803946863244e+01,4.855215334472131872e+01,-1.424489762514812713e-03,4.033752587149292879e+01,2.998258432747036295e-01,nan,2.191762924429729154e+01,1.000000000000000000e+00
9.020000000000000000e+02,1.040383056024016817e+01,3.185399351867411610e+01,-1.920906517191293700e-03,5.397214398303854921e+01,2.353675849099950979e-01,nan,1.299163192816623713e+01,1.000000000000000000e+00
9.030000000000000000e+02,9.516884058084826847e+01,2.964545482364200168e+01,-2.167010029758218922e-03,6.073164067236125163e+01,2.580664751853849470e-01,nan,1.327766371166343262e+01,1.000000000000000000e+00
9.030000000000000000e+02,2.277099576403610826e+01,3.583340616113371624e+01,-1.624192216996801818e-03,4.582256777861944386e+01,3.001310167950115293e-01,nan,7.544715355769993970e+00,1.000000000000000000e+00
9.050000000000000000e+02,2.881086223369698374e+01,3.131204101018009922e+01,-1.558225968871991204e-03,4.401073408654469432e+01,3.266335734079726105e-01,nan,7.544715355769993970e+00,1.000000000000000000e+00
9.060000000000000000e+02,7.109527997683996148e+01,1.380490396118240604e+01,-1.552490519757211349e-03,4.385320383068298611e+01,2.883621900377656422e-01,nan,1.148133729163209971e+01,1.000000000000000000e+00
9.060000000000000000e+02,1.308485322163101046e+02,1.991736356590662993e+01,-1.342615677815161114e-03,3.808876640156003646e+01,3.215854550930877798e-01,nan,1.038369291566189467e+01,1.000000000000000000e+00
9.060000000000000000e+02,8.003903613669328365e+01,2.455473411862637079e+01,-1.727520482222476544e-03,4.866058930631491819e+01,2.548071295400707870e-01,nan,5.245387096516810566e+00,1.000000000000000000e+00
9.070000000000000000e+02,9.642019432511516186e+01,8.000951905939515996e+00,-8.155667109053365421e-03,2.252165246090597179e+02,2.616158485727504424e-02,nan,9.221586991065485961e+00,1.000000000000000000e+00
9.070000000000000000e+02,1.036603144987135892e+02,4.299667598977314498e+01,-1.867627679638155392e-03,5.250878361773914804e+01,3.308494618435201540e-01,nan,1.125943469720851198e+01,1.000000000000000000e+00
9.080000000000000000e+02,9.886488098399682656e+01,1.689258695095087859e+01,-1.965729455429574522e-03,5.520325401258346432e+01,3.152263255640411765e-01,nan,9.221586991065485961e+00,1.000000000000000000e+00
9.090000000000000000e+02,8.174549767352611696e+01,1.809372303144113658e+01,-1.379602070268140654e-03,3.910463730371921542e+01,2.880962194375700225e-01,nan,6.682565019917158011e+00,1.000000000000000000e+00
9.100000000000000000e+02,1.228929279461721649e+02,2.659040179925506564e+01,-1.590440107109252063e-03,4.489552991287380479e+01,2.536042889746725759e-01,nan,1.038369291566189467e+01,1.000000000000000000e+00
9.150000000000000000e+02,3.049118200800183587e+01,3.827841165973091364e+01,-1.696686083225617354e-03,4.781368949670798685e+01,2.861282864329162123e-01,nan,1.148426514793146680e+01,1.000000000000000000e+00
9.170000000000000000e+02,6.136503889176261595e+01,1.782105729968867536e+01,-2.101078803255200782e-03,5.892076888665707912e+01,2.421931181523007126e-01,nan,8.173887557191962472e+00,1.000000000000000000e+00
9.180000000000000000e+02,4.620034813491552228e+01,4.224193034915035838e+01,-1.957477157916436439e-03,5.497659581848640187e+01,2.287167302904006272e-01,nan,1.296092491504127864e+01,1.000000000000000000e+00
9.180000000000000000e+02,8.501068115882962672e+01,1.668306035725852254e+01,-1.414690178328785464e-03,4.006836979090193296e+01,2.950626057363960886e-01,nan,1.059431757318595935e+01,1.000000000000000000e+00
9.180000000000000000e+02,1.308070577085462389e+02,1.914294626126617871e+01,-1.356028370381166066e-03,3.845716037549878052e+01,3.657990976063213440e-01,nan,1.040390442292254924e+01,1.000000000000000000e+00
9.190000000000000000e+02,1.927989936414487460e+01,8.973633550446869833e+00,-1.269965437126125297e-03,3.609334969135565530e+01,3.488343421504939146e-01,nan,2.402917100861034072e+01,1.000000000000000000e+00
9.200000000000000000e+02,5.930520961761134657e+01,4.170158990400295806e+01,-1.662872410464893112e-03,4.688496074068179809e+01,2.729061074366051498e-01,nan,9.999926476215131643e+00,1.000000000000000000e+00
9.200000000000000000e+02,1.286396450249675354e+02,3.590983265493922971e+01,-1.375362638387444235e-03,3.898819676427594061e+01,3.354857464315273985e-01,nan,5.427672793725640155e+00,1.000000000000000000e+00
9.220000000000000000e+02,4.720042827955682974e+00,2.808937672215297354e+01,-2.538943486040579848e-03,7.094719160118145851e+01,1.507450998427322109e-01,nan,1.653260512799822379e+01,1.000000000000000000e+00
9.220000000000000000e+02,2.423196855875099232e+01,3.634731130855462311e+01,-1.438712531630359937e-03,4.072816946591703413e+01,3.563258004534247680e-01,nan,5.009618992833225093e+00,1.000000000000000000e+00
9.220000000000000000e+02,1.280685772985152369e+02,4.130737965404485124e+01,-1.648139400574271090e-03,4.648030283661252327e+01,3.101598185038902944e-01,nan,5.427672793725640155e+00,1.000000000000000000e+00
9.220000000000000000e+02,2.397275142314294172e+01,5.245560159733467742e+01,-1.439479285818188363e-03,4.074922919131506660e+01,3.183435276307733375e-01,nan,1.230565947224976320e+01,1.000000000000000000e+00
9.230000000000000000e+02,1.406568482141313723e+02,2.249299913210155566e+01,-2.086660506192998879e-02,5.743360561203822954e+02,9.551669176658728055e-03,nan,7.651197533271358431e+00,1.000000000000000000e+00
9.230000000000000000e+02,3.345891603886796162e+01,4.461711093073712675e+01,-2.653379269863863441e-03,7.409029302962279928e+01,1.457084611479463332e-01,nan,1.230565947224976320e+01,1.000000000000000000e+00
9.240000000000000000e+02,1.305981989888203429e+02,4.786260326211018423e+01,-1.641284241687955255e-03,4.629201855203031357e+01,3.159435951650526597e-01,nan,7.026374772797074897e+00,1.000000000000000000e+00
9.250000000000000000e+02,6.150943905815172030e+01,5.145555843497349002e+01,-1.352067999033767804e-03,3.834838453263490976e+01,3.736256885361373126e-01,nan,9.999926476215131643e+00,1.000000000000000000e+00
9.250000000000000000e+02,2.109605297168671001e+01,9.916067643045073154e+00,-1.447298042337879804e-03,4.096397971745842170e+01,3.373901685247320259e-01,nan,1.618801591015643027e+01,1.000000000000000000e+00
9.260000000000000000e+02,1.136644475539977037e+02,2.840679019077610690e+01,-1.585734818062655262e-03,4.476629410717140445e+01,3.334307974915298178e-01,nan,1.588633438576283119e+01,1.000000000000000000e+00
9.290000000000000000e+02,5.811255002718334595e+01,1.516971300927719390e+01,-1.759045449939150053e-03,4.952645632580295398e+01,2.938033231733088169e-01,nan,1.335616964733605450e+01,1.000000000000000000e+00
9.290000000000000000e+02,1.069893066398608106e+01,2.232379534904312379e+01,-1.583768739276276202e-03,4.471229364651620131e+01,3.053067136496163680e-01,nan,1.511472823214868377e+01,1.000000000000000000e+00
9.290000000000000000e+02,1.219942966642907436e+02,1.407686599289409024e+01,-1.403622865870061834e-03,3.976439419484415794e+01,3.742356623304580188e-01,nan,8.146775165891449788e+00,1.000000000000000000e+00
9.310000000000000000e+02,1.340701417400808850e+02,4.238632701945778791e+01,-1.572028334743426608e-03,4.438983085537856965e+01,3.219273354159726264e-01,nan,1.248204574519788856e+01,1.000000000000000000e+00
9.320000000000000000e+02,2.579883934059985862e+01,2.165464103975681454e+01,-1.515865460832336838e-03,4.284725734106668682e+01,2.945833172034874048e-01,nan,1.511472823214868377e+01,1.000000000000000000e+00
9.330000000000000000e+02,8.589485113230384172e+01,2.015832983275336332e+01,-1.435440115407041412e-03,4.063828904772677220e+01,3.192097479179948349e-01,nan,9.227938946802712650e+00,1.000000000000000000e+00
9.330000000000000000e+02,1.350601399376254790e+02,2.994360346092482672e+01,-1.422799494394149733e-03,4.029110084632152677e+01,3.031001335558497489e-01,nan,1.248204574519788856e+01,1.000000000000000000e+00
9.340000000000000000e+02,1.071566988525756727e+02,2.383076574281925275e+01,-1.645925408582486977e-03,4.641949317411499010e+01,2.689242108099861861e-01,nan,1.250736706085796790e+01,1.000000000000000000e+00
9.370000000000000000e+02,4.802157836981088224e+01,1.019698575137322472e+01,-1.302062133964882904e-03,3.697491986382841844e+01,3.609930560491033669e-01,nan,5.005462967823852694e+00,1.000000000000000000e+00
9.370000000000000000e+02,9.467763124242456740e+01,2.298987194672343648e+01,-1.336653941470443419e-03,3.792502092444590289e+01,3.443515637231883142e-01,nan,9.227938946802712650e+00,1.000000000000000000e+00
9.380000000000000000e+02,1.299729093334934475e+02,1.165827099868868721e+01,-1.430587930059520375e-03,4.050501857771009639e+01,3.228222035150563052e-01,nan,1.473215030717807039e+01,1.000000000000000000e+00
9.380000000000000000e+02,1.032009522321109074e+02,3.596283689625750668e+01,-1.123242390581382331e-03,3.206344399426883029e+01,3.518892469284934377e-01,nan,1.276068500502253578e+01,1.000000000000000000e+00
9.400000000000000000e+02,1.203247729751330155e+02,2.279154174379187126e+01,-1.670589648953396331e-03,4.709692296531508049e+01,3.080664941793359590e-01,nan,1.473215030717807039e+01,1.000000000000000000e+00
9.430000000000000000e+02,5.442046895010043528e+01,1.664793011717634741e+01,-1.654799319900097931e-03,4.666322465745341930e+01,3.213167681645333618e-01,nan,8.127304722005996851e+00,1.000000000000000000e+00
9.430000000000000000e+02,8.208150794455943355e+01,3.315561175249820280e+01,-1.882496868975998359e-03,5.291718183625189909e+01,2.382018251989376223e-01,nan,1.283897817346871761e+01,1.000000000000000000e+00
9.440000000000000000e+02,5.630412610083608627e+01,4.233154768458316397e+01,-1.249306541193681910e-02,3.443478168153898764e+02,1.397287479403119814e-02,nan,1.468203672550687422e+01,1.000000000000000000e+00
9.440000000000000000e+02,7.670303611082958639e+01,4.481371628422122200e+01,-1.574475671001176590e-03,4.445704956818512699e+01,2.719946113503446394e-01,nan,9.725387373108755895e+00,1.000000000000000000e+00
9.460000000000000000e+02,3.189481628670813862e+01,4.893540281061124375e+01,-1.436754618257083055e-03,4.067439327708247987e+01,3.145820047479466197e-01,nan,8.360514378515746969e+00,1.000000000000000000e+00
9.460000000000000000e+02,3.965433346816945459e+01,5.204797309640001401e+01,-1.394867137566611470e-03,3.952390873463080112e+01,3.710282019698512013e-01,nan,8.360514378515746969e+00,1.000000000000000000e+00
9.470000000000000000e+02,8.830585174061950227e+01,1.010563639276671744e+01,-1.179261643208091631e-03,3.360207279610521880e+01,3.583888190592626755e-01,nan,2.387559045920707490e+01,1.000000000000000000e+00
9.480000000000000000e+02,4.666349533917750136e+01,1.422255541544751800e+01,-1.555075257295903497e-03,4.392419641690544552e+01,3.675197169749272463e-01,nan,7.654447400588733963e+00,1.000000000000000000e+00
9.490000000000000000e+02,3.915237525521398254e+01,1.274822841893029768e+01,-1.893845320514161339e-03,5.322887921838614034e+01,2.671681820050659795e-01,nan,6.501994651193741426e+00,1.000000000000000000e+00
9.500000000000000000e+02,1.179215832350453894e+02,3.516821301788974097e+01,-2.646127340112796461e-02,7.279996171245484220e+02,8.268459370865288705e-03,nan,8.606239025266445353e+00,1.000000000000000000e+00
9.500000000000000000e+02,1.265945357155767823e+02,1.495267839688033717e+01,-1.303868763231745510e-03,3.702454087256908366e+01,3.357001611212120373e-01,nan,1.356738060885546027e+01,1.000000000000000000e+00
9.500000000000000000e+02,5.272413698849188535e+00,4.342025051504376165e+01,-1.440665832314585787e-03,4.078181896230399417e+01,3.291849186600122046e-01,nan,1.219553715104247082e+01,1.000000000000000000e+00
9.530000000000000000e+02,3.353533278084832148e+01,9.473359217675977106e+00,-3.318516387077121311e-03,9.235899669359844211e+01,1.258731764249630958e-01,nan,6.501994651193741426e+00,1.000000000000000000e+00
9.530000000000000000e+02,8.039043933562288657e+01,2.852709547862955475e+01,-4.254409962522762677e-03,1.180643166169086271e+02,1.013964155395794542e-01,nan,1.948359372922770660e+01,1.000000000000000000e+00
9.530000000000000000e+02,4.992197099469198918e+01,4.275006522737619008e+01,-1.560821995083765817e-03,4.408203672826994790e+01,2.857218421024912969e-01,nan,9.938232566801461942e+00,1.000000000000000000e+00
9.540000000000000000e+02,3.536156039993122846e+01,3.407405816104088103e+01,-1.551480194964878490e-03,4.382545417762975148e+01,3.470071839862962637e-01,nan,1.056573069332227277e+01,1.000000000000000000e+00
9.540000000000000000e+02,1.587107712259163961e+01,3.738705401296618902e+01,-1.242175152886325004e-03,3.533005975552760702e+01,3.148204815097835896e-01,nan,9.695878688858448058e+00,1.000000000000000000e+00
9.550000000000000000e+02,5.821048710707535889e+01,2.940777192670416795e+01,-1.812487930404612724e-03,5.099431131904385950e+01,2.537168035252861387e-01,nan,1.266548281634762851e+01,1.000000000000000000e+00
9.550000000000000000e+02,1.277125245443614077e+01,2.820004413076000560e+01,-1.437482803088239265e-03,4.069439365376982209e+01,3.512703638441484477e-01,nan,9.695878688858448058e+00,1.000000000000000000e+00
9.550000000000000000e+02,4.001671558124808570e+01,4.355900388158515568e+01,-1.633898903333999347e-03,4.608917232024596444e+01,2.316150117289290655e-01,nan,9.938232566801461942e+00,1.000000000000000000e+00
9.550000000000000000e+02,1.225209661787077238e+02,2.789407893213306266e+01,-1.361336185075717005e-03,3.860294519376950007e+01,3.474281860905897856e-01,nan,8.606239025266445353e+00,1.000000000000000000e+00
9.560000000000000000e+02,1.441797527279826454e+02,4.842308946949462012e+01,-1.259016529981026684e-03,3.579262622411595629e+01,3.156042080032501751e-01,nan,2.984197226106468648e+01,1.000000000000000000e+00
9.570000000000000000e+02,6.759503150550430917e+01,4.322022186706511349e+01,-1.021245300723876148e-02,2.817083532888680679e+02,3.199455185187571882e-02,nan,1.669890556057675468e+01,1.000000000000000000e+00
9.580000000000000000e+02,6.866864316412934954e+01,1.185270418773062140e+01,-1.458825539036358050e-03,4.128059476677979944e+01,2.918121359681375981e-01,nan,2.001722797583569857e+01,1.000000000000000000e+00
9.600000000000000000e+02,4.378935260777075200e+01,2.800705317998594523e+01,-1.517598761233213828e-03,4.289486429392618305e+01,2.975457481789284264e-01,nan,9.688249672965140391e+00,1.000000000000000000e+00
9.600000000000000000e+02,3.337118265529585415e+01,2.926807330239917704e+01,-1.299070721722581914e-03,3.689275752109170270e+01,3.676241288727655210e-01,nan,1.049420968476339766e+01,1.000000000000000000e+00
9.610000000000000000e+02,1.097846808164309920e+02,2.651005085919848270e+01,-1.584885640245065151e-03,4.474297052845943057e+01,2.862090299813940808e-01,nan,1.702005987370440110e+01,1.000000000000000000e+00
9.620000000000000000e+02,1.316416721075109137e+02,3.348987698662958934e+01,-1.614427005863721711e-03,4.555435579076070951e+01,3.020044822481070534e-01,nan,1.164154723362060828e+01,1.000000000000000000e+00
9.630000000000000000e+02,1.821911976701074565e+01,5.157464794172243217e+01,-5.196879847512803595e-03,1.439502619288192307e+02,6.516857651577723232e-02,nan,2.696605796015142786e+01,1.000000000000000000e+00
9.630000000000000000e+02,5.023116473654121172e+00,1.319456256467187849e+01,-1.566106676900687897e-03,4.422718617726813761e+01,3.151118083584686369e-01,nan,3.258789044529538614e+01,1.000000000000000000e+00
9.630000000000000000e+02,8.770308208585176146e+01,4.271679178743158900e+01,-1.360931888554689799e-03,3.859184075658823332e+01,3.191327320656809352e-01,nan,1.239080639053972099e+01,1.000000000000000000e+00
9.630000000000000000e+02,8.731662728682680097e+01,3.033201340038926830e+01,-1.370477662918997844e-03,3.885402567845120814e+01,3.688087618588127281e-01,nan,6.244736968975479030e+00,1.000000000000000000e+00
9.640000000000000000e+02,8.597964971092217468e+01,1.020428371318254435e+01,-1.330959292504053232e-02,3.667746199276149923e+02,1.778271254104768495e-02,nan,1.579884111717572104e+01,1.000000000000000000e+00
9.660000000000000000e+02,1.213734766287093265e+02,3.897529252255193910e+01,-1.527720434521470877e-03,4.317286689685032997e+01,3.225054402173606061e-01,nan,5.196836439855250234e+00,1.000000000000000000e+00
9.660000000000000000e+02,5.539590503613757022e+01,2.706572699678365979e+01,-1.631424127984154333e-03,4.602119996337216179e+01,2.939610793250019283e-01,nan,1.310984847743278614e+01,1.000000000000000000e+00
9.690000000000000000e+02,4.228613920413678073e+01,2.701917668688791707e+01,-1.417762375929880253e-03,4.015275099008493243e+01,2.976077696472394507e-01,nan,1.310984847743278614e+01,1.000000000000000000e+00
9.690000000000000000e+02,1.222639151308813155e+02,3.385530929440977133e+01,-1.614554929280958423e-03,4.555786934449376702e+01,3.014869820598424788e-01,nan,5.196836439855250234e+00,1.000000000000000000e+00
9.710000000000000000e+02,1.236419557168318448e+02,4.869533470374702944e+01,-2.117698461296634461e-03,5.937724560386035932e+01,2.043365712063359707e-01,nan,8.959922625700468046e+00,1.000000000000000000e+00
9.710000000000000000e+02,1.300423203850890275e+02,2.461228731701439187e+01,-1.698475607759398001e-03,4.786284070562567194e+01,2.190191817051660994e-01,nan,1.083775220984216503e+01,1.000000000000000000e+00
9.710000000000000000e+02,1.063042895182552741e+02,5.178196908979415269e+01,-2.021712212226890303e-03,5.674088041735778631e+01,2.410751592397739618e-01,nan,8.663217900670845850e+00,1.000000000000000000e+00
9.710000000000000000e+02,1.585713345890612658e+01,2.522505101931854199e+01,-1.629846931682359633e-03,4.597788057687013463e+01,2.997678108495672733e-01,nan,7.096287076883442957e+00,1.000000000000000000e+00
9.720000000000000000e+02,1.277970416104306821e+02,1.400966517973120773e+01,-1.422434697161211337e-03,4.028108129941379900e+01,2.968933740601317206e-01,nan,1.083775220984216503e+01,1.000000000000000000e+00
9.740000000000000000e+02,1.148859428680746078e+02,5.059597997599993846e+01,-2.475735594253930527e-03,6.921111912170094627e+01,1.874179268907840701e-01,nan,8.663217900670845850e+00,1.000000000000000000e+00
9.750000000000000000e+02,2.375500083805188112e+01,7.951904014022974643e+00,-1.349941122590762746e-03,3.828996759203483435e+01,3.718629294032588239e-01,nan,5.781811438061460251e+00,1.000000000000000000e+00
9.750000000000000000e+02,6.720892246810375070e+01,2.111896591318421912e+01,-2.125770150422242721e-03,5.959894319505973215e+01,2.222239866398110220e-01,nan,2.164430093823555268e+01,1.000000000000000000e+00
9.770000000000000000e+02,1.924672026003310776e+01,3.381301273173057353e+01,-1.390931878131739831e-03,3.941582261735359083e+01,3.195846261925335829e-01,nan,1.364182690952690713e+01,1.000000000000000000e+00
9.780000000000000000e+02,6.689597789586718690e+00,2.848214819661970409e+01,-1.420349862836795506e-03,4.022381909065177297e+01,3.406650940330655519e-01,nan,1.279486325952814241e+01,1.000000000000000000e+00
9.790000000000000000e+02,1.286617249976149822e+02,8.836357356773540062e+00,-1.193877117110483943e-03,3.400350244830994484e+01,3.564723994011490538e-01,nan,1.480580198984984364e+01,1.000000000000000000e+00
9.790000000000000000e+02,1.148173278571417910e+02,1.408463711108345429e+01,-1.324230207258629555e-03,3.758378975144123757e+01,2.913750954057129361e-01,nan,1.480580198984984364e+01,1.000000000000000000e+00
9.800000000000000000e+02,1.031579055890742183e+02,3.370611993567058562e+01,-2.926193066247927826e-02,8.049226699025281277e+02,1.238893386095485383e-02,nan,1.088117797220098915e+01,1.000000000000000000e+00
9.810000000000000000e+02,2.646311463882289416e+01,5.096806818662872018e+01,-1.813263590371891635e-03,5.101561565121765085e+01,2.966603308671754702e-01,nan,1.255224666871757933e+01,1.000000000000000000e+00
9.810000000000000000e+02,8.837901495491148296e+01,4.533471505846179639e+01,-1.442264470081982414e-03,4.082572726163476773e+01,3.060809453618688059e-01,nan,5.622983280767110514e+00,1.000000000000000000e+00
9.840000000000000000e+02,1.132323994050887705e+02,3.781764135891485523e+01,-5.773619918524052624e-03,1.597910459954022997e+02,6.315473628612833235e-02,nan,1.088117797220098915e+01,1.000000000000000000e+00
9.850000000000000000e+02,9.180605106244026103e+01,2.543800501296331973e+01,-1.573432895189148459e-02,4.333725931748412563e+02,1.222677264732741076e-02,nan,1.404372904783321552e+01,1.000000000000000000e+00
9.860000000000000000e+02,8.488071689696761268e+01,4.973697035246424747e+01,-1.533215214072699336e-03,4.332378690525526821e+01,2.742455902277545210e-01,nan,5.622983280767110514e+00,1.000000000000000000e+00
9.890000000000000000e+02,1.319080805285778695e+02,4.264034706285983134e+01,-1.830549559631800861e-03,5.149039332003420810e+01,2.538797151189334800e-01,nan,1.155809023589913132e+01,1.000000000000000000e+00
9.890000000000000000e+02,4.846756641814037181e+01,1.375845759093570386e+01,-2.032251245898978372e-03,5.703034627045391858e+01,2.457261945075200904e-01,nan,1.692974278830784840e+01,1.000000000000000000e+00
9.900000000000000000e+02,1.125817441780445023e+02,1.949011902448146216e+01,-2.134550888421083044e-03,5.984011557335657017e+01,1.963202186597317045e-01,nan,1.164905614114927168e+01,1.000000000000000000e+00
9.900000000000000000e+02,4.828492480267045295e+01,4.260077318381392786e+01,-1.358643462357515428e-03,3.852898667887833994e+01,3.249991609760167766e-01,nan,1.815935470788160444e+01,1.000000000000000000e+00
9.910000000000000000e+02,1.114918284296578435e+02,4.304430849331259878e+01,-1.261722318747410905e-03,3.586694361202160763e+01,3.734499640166166756e-01,nan,1.036817119154550504e+01,1.000000000000000000e+00
9.920000000000000000e+02,7.051310781575527642e+01,4.165380535064245748e+01,-1.644689150706062433e-02,4.529438873118613742e+02,1.651517573224370317e-02,nan,1.078690090088123377e+01,1.000000000000000000e+00
9.920000000000000000e+02,9.320856609092429323e+01,4.864146349750010501e+01,-1.431137970651356894e-03,4.052012603197083962e+01,3.663266757937068130e-01,nan,1.122645095069467480e+01,1.000000000000000000e+00
9.930000000000000000e+02,2.532821315929264117e+01,5.249366237631834409e+00,-1.614002330123237789e-03,4.554269161647934538e+01,2.944597237470195639e-01,nan,7.975860818149554277e+00,1.000000000000000000e+00
9.930000000000000000e+02,1.033388070084785539e+02,2.658015579865293176e+01,-1.389253021249272106e-03,3.936971101406714268e+01,3.538263487857320477e-01,nan,1.093150026072710901e+01,1.000000000000000000e+00
9.930000000000000000e+02,9.172108850437687977e+00,2.948225744505449342e+01,-1.308183988743112647e-03,3.714306316529675911e+01,3.305721793438463063e-01,nan,1.435713347566993647e+01,1.000000000000000000e+00
9.930000000000000000e+02,7.547307237198099017e+01,3.207487103379817484e+01,-2.410678082966189774e-03,6.742424486062972733e+01,3.054076703242473156e-01,nan,1.078690090088123377e+01,1.000000000000000000e+00
9.940000000000000000e+02,9.376658077243077116e+01,1.695388322388842184e+01,-1.374933612027754923e-03,3.897641309557612033e+01,2.981727808676214453e-01,nan,9.512087619876721689e+00,1.000000000000000000e+00
9.940000000000000000e+02,1.013462072346449219e+02,4.090764183131341980e+01,-1.349692336730168914e-03,3.828313442178263415e+01,3.286840997995472691e-01,nan,4.100085572553611613e+00,1.000000000000000000e+00
9.950000000000000000e+02,3.035669150569380648e+01,2.864001892497111257e+01,-1.410712399960546183e-03,3.995911584555785367e+01,3.031326086969546862e-01,nan,8.141829658980718420e+00,1.000000000000000000e+00
9.950000000000000000e+02,8.892221474466492026e+00,4.383666250743775805e+01,-1.323450977079436344e-03,3.756238735957149544e+01,3.395776952683535743e-01,nan,8.439689919066696078e+00,1.000000000000000000e+00
9.960000000000000000e+02,5.311108975930987697e+01,2.923000070741862544e+01,-1.447176501400620173e-02,3.986949216975884269e+02,2.088049553656046164e-02,nan,1.482977326239300098e+01,1.000000000000000000e+00
9.960000000000000000e+02,1.227853087958995530e+02,2.117550360271315313e+01,-1.582790895750812218e-03,4.468543612626341144e+01,2.669636220473301513e-01,nan,7.184237127526424516e+00,1.000000000000000000e+00
9.960000000000000000e+02,9.890314062711878407e+00,5.221712652294940682e+01,-1.402277279737526930e-03,3.972743622982692102e+01,3.235903589171702510e-01,nan,8.439689919066696078e+00,1.000000000000000000e+00
9.990000000000000000e+02,2.883380300626096115e+01,4.172980840172433403e+01,-1.851143259273336280e-03,5.205602134824046345e+01,2.934258988978193372e-01,nan,1.317807944760632388e+01,1.000000000000000000e+00
1.000000000000000000e+03,1.216843856553886241e+02,2.827488606481622568e+01,-1.293314892548736361e-03,3.673466750506913314e+01,3.221184581091854904e-01,nan,7.184237127526424516e+00,1.000000000000000000e+00
1.001000000000000000e+03,8.721864834773033692e+01,2.653091084659298104e+01,-1.632830943221840088e-03,4.605983965137352243e+01,3.014269488966302424e-01,nan,6.101535293491378020e+00,1.000000000000000000e+00
1.002000000000000000e+03,2.356339490603007292e+01,1.947732837289183649e+01,-1.843840649732438443e-03,5.185544735195631461e+01,2.988373168305303862e-01,nan,2.197063463272661465e+01,1.000000000000000000e+00
1.002000000000000000e+03,4.987274104987920964e+01,4.943025034371860471e+01,-1.433576899823511917e-03,4.058711383516276072e+01,3.183951270754890039e-01,nan,7.387228591513427034e+00,1.000000000000000000e+00
1.003000000000000000e+03,7.771297373744057779e+01,1.925194134468635809e+01,-1.716032070830811329e-02,4.725389848120936449e+02,1.055250802432616819e-02,nan,8.899967979420955189e+00,1.000000000000000000e+00
1.004000000000000000e+03,7.116234474011222666e+00,3.404440425956860139e+01,-1.484712169218623933e-03,4.199159880402272194e+01,3.531754312249787420e-01,nan,7.026009595918509376e+00,1.000000000000000000e+00
1.005000000000000000e+03,9.700056986957753224e+01,3.617354410859663005e+01,-1.431303565346833239e-03,4.052467426772808778e+01,3.291949492109963460e-01,nan,7.007358167962583373e+00,1.000000000000000000e+00
1.006000000000000000e+03,9.711114602787539241e+01,5.260961161968430133e+01,-1.070660004013839579e-03,3.061921240158347501e+01,3.434575737904688175e-01,nan,1.643643946588845495e+01,1.000000000000000000e+00
1.008000000000000000e+03,5.149064918517012757e+01,2.891149228897995727e+01,-1.227352464705029796e-03,3.492293874110859520e+01,3.658652670413093944e-01,nan,1.039516408657444657e+01,1.000000000000000000e+00
1.009000000000000000e+03,5.915892404774307067e+01,5.683632823117447330e+00,-1.982632781182552470e-03,5.566752196745357395e+01,2.853981393598720162e-01,nan,1.104796898321591492e+01,1.000000000000000000e+00
1.009000000000000000e+03,3.277491575126562395e+01,2.775780529465211188e+01,-1.641939030618045020e-03,4.631000303164615417e+01,3.095647639054918132e-01,nan,9.244701213059192568e+00,1.000000000000000000e+00
1.009000000000000000e+03,1.191670650936817566e+02,1.098595503565080023e+01,-1.218023432245704659e-03,3.466670686791969302e+01,3.143715411150732608e-01,nan,1.920276784658652858e+01,1.000000000000000000e+00
1.009000000000000000e+03,4.135209192167880587e+01,3.120694278979989988e+01,-1.715939771855252982e-03,4.834251268655937395e+01,2.630468004531003601e-01,nan,9.244701213059192568e+00,1.000000000000000000e+00
1.010000000000000000e+03,1.370514852461198245e+02,2.748049586190540339e+01,-1.342084409678681286e-03,3.807417455290163133e+01,3.456863029307861712e-01,nan,8.569603393566495697e+00,1.000000000000000000e+00
1.011000000000000000e+03,2.987147366040071716e+01,9.715685827277237507e+00,-1.426501597139341170e-03,4.039278306527339879e+01,2.746472302141388377e-01,nan,1.061178627480771475e+01,1.000000000000000000e+00
1.011000000000000000e+03,1.109732305705174866e+02,2.843135348532011264e+01,-1.323522360713190156e-03,3.756434798756497173e+01,3.523072708659112928e-01,nan,1.046040715504621055e+01,1.000000000000000000e+00
1.012000000000000000e+03,1.319149700433154671e+01,2.769792958718850073e+01,-1.658461309245433477e-03,4.676380511889400537e+01,2.958120800403662987e-01,nan,1.632313731739828100e+01,1.000000000000000000e+00
1.012000000000000000e+03,9.999664411949159160e+01,3.679996263353469033e+01,-1.867966711818195517e-03,5.251809549986001713e+01,2.294812183121988092e-01,nan,1.006812179042114863e+01,1.000000000000000000e+00
1.013000000000000000e+03,6.963761693785329498e+01,9.184291899470686360e+00,-1.576998517453086484e-03,4.452634224938859830e+01,3.578413536410790519e-01,nan,9.048795839425633147e+00,1.000000000000000000e+00
1.013000000000000000e+03,7.307974003809918884e+01,2.616268480533521412e+01,-1.884732161657444449e-03,5.297857654501613212e+01,3.013850687787521521e-01,nan,9.616919740366967062e+00,1.000000000000000000e+00
1.014000000000000000e+03,4.516782884795360786e+01,1.719506543137680410e+01,-1.510333948224032267e-03,4.269532841988717564e+01,3.483438535688203608e-01,nan,1.452214017967141402e+01,1.000000000000000000e+00
1.014000000000000000e+03,1.421758504036012596e+02,3.434919181207066430e+01,-1.351270070823357931e-03,3.832646857930159001e+01,3.540576671047509505e-01,nan,8.569603393566495697e+00,1.000000000000000000e+00
1.014000000000000000e+03,1.408573951541474685e+02,1.423655644054271718e+01,1.185315873871234642e-03,-3.376835872878885425e+01,3.648735467146888567e-01,nan,1.211555406505837951e+01,1.000000000000000000e+00
1.016000000000000000e+03,1.969581712769437942e+01,1.272666939923312590e+01,-1.512842970623849877e-03,4.276424140868652302e+01,2.814737721366052936e-01,nan,9.020694675492014980e+00,1.000000000000000000e+00
1.017000000000000000e+03,4.428519582372948804e+01,4.237877457347534005e+01,-1.477182372970364940e-03,4.178478488137486835e+01,2.934231763589493225e-01,nan,1.338724403546946640e+01,1.000000000000000000e+00
1.018000000000000000e+03,1.369309219091887257e+02,2.569820807370518168e+01,-1.491475738803182396e-03,4.217736749028799181e+01,3.289061534338372228e-01,nan,1.011675810489528970e+01,1.000000000000000000e+00
1.019000000000000000e+03,9.946787299549762906e+01,4.900602904568110318e+01,-1.385295459931736722e-03,3.926101235168459169e+01,2.922946391421125112e-01,nan,6.197767148691202266e+00,1.000000000000000000e+00
1.020000000000000000e+03,3.027395098496326398e+01,5.072820363346467332e+01,-1.271756784621760547e-03,3.614255096987410099e+01,3.660044444306991274e-01,nan,8.834813247443326745e+00,1.000000000000000000e+00
1.020000000000000000e+03,9.793883349994990795e+01,3.243124279074748983e+01,-1.942794409011222535e-03,5.457331838623943554e+01,1.985354634224670844e-01,nan,1.664516449830643907e+01,1.000000000000000000e+00
1.021000000000000000e+03,3.105017160539630794e+01,4.036570805561085962e+01,-1.203523002138496157e-03,3.426843701682694388e+01,3.418443688217983611e-01,nan,8.921993711150127737e+00,1.000000000000000000e+00
1.022000000000000000e+03,1.320458531593532712e+02,4.901388543824580069e+01,-1.168115750727189046e-02,3.220478961991610731e+02,1.428229150256898894e-02,nan,9.205696453136837931e+00,1.000000000000000000e+00
1.022000000000000000e+03,4.306125026713833392e+01,2.640315301279582272e+01,-1.320567695878953340e-03,3.748319495176809113e+01,3.442980447185418624e-01,nan,1.602243823441200021e+01,1.000000000000000000e+00
1.023000000000000000e+03,1.202468312630526697e+02,3.234255107176674926e+01,-1.762864005766489120e-03,4.963133705344340996e+01,2.439493222290342045e-01,nan,1.795845690933311900e+01,1.000000000000000000e+00
1.028000000000000000e+03,4.036632053130524156e+01,4.104613349802973232e+01,-1.839693086721422462e-03,5.174153008946256449e+01,2.954021922155900537e-01,nan,1.208154419939159396e+01,1.000000000000000000e+00
1.029000000000000000e+03,9.010691805014290878e+01,5.293505502848832123e+01,-1.521822860636311715e-03,4.301088371044242109e+01,3.468298487091653337e-01,nan,1.168014069178339120e+01,1.000000000000000000e+00
1.030000000000000000e+03,4.227789283346684357e+01,2.911677468980113304e+01,-1.575883960740291287e-03,4.449572975494826466e+01,3.221046431028578017e-01,nan,1.208154419939159396e+01,1.000000000000000000e+00
1.031000000000000000e+03,1.405423505466049221e+02,2.309288285392272400e+01,-1.367788499714501713e-02,3.768901563379987465e+02,1.178856991491272765e-02,nan,3.736329056462843301e+00,1.000000000000000000e+00
1.032000000000000000e+03,6.921940732285860598e+00,2.522705363137519186e+01,-1.383831438681345670e-03,3.922080143924414131e+01,3.646400820216303407e-01,nan,1.274476530598458446e+01,1.000000000000000000e+00
1.034000000000000000e+03,1.010840332264315862e+02,4.894398637631670113e+01,-1.623875341142212454e-03,4.581386444371909050e+01,2.199379754542758469e-01,nan,1.168014069178339120e+01,1.000000000000000000e+00
1.035000000000000000e+03,1.234849016189115929e+02,2.878792536499262056e+01,-1.452176433920583393e-03,4.109796996980615091e+01,3.145132068193733366e-01,nan,1.798304960577486966e+01,1.000000000000000000e+00
1.036000000000000000e+03,1.410032187821565515e+02,1.938508629968352892e+01,-1.121272896061599033e-03,3.200934971683549435e+01,3.643618787923913471e-01,nan,3.736329056462843301e+00,1.000000000000000000e+00
1.036000000000000000e+03,4.225155343491127979e+01,4.399727979366914354e+01,-1.301409116399615540e-03,3.695698403664556508e+01,3.198789895859595056e-01,nan,4.596925807961414812e+00,1.000000000000000000e+00
1.037000000000000000e+03,2.572597320835228629e+01,2.706779086838527704e+01,-1.220621724506799465e-03,3.473807174911775064e+01,3.253932120475524492e-01,nan,7.700387602533093734e+00,1.000000000000000000e+00
1.038000000000000000e+03,9.593614318429536070e+01,3.283258313564998332e+01,-1.513915021474921026e-03,4.279368643408668049e+01,3.201007161953687286e-01,nan,1.022080702710780464e+01,1.000000000000000000e+00
1.039000000000000000e+03,8.180624889648014175e+01,2.385956441348074364e+01,-1.924449778989382066e-03,5.406946346516933488e+01,2.615447976214524406e-01,nan,1.673824893987518792e+01,1.000000000000000000e+00
1.040000000000000000e+03,1.029749155317489766e+02,4.685178784837547994e+01,-1.658909083236299225e-03,4.677610371137345879e+01,2.700369853440675039e-01,nan,7.673323192459134745e+00,1.000000000000000000e+00
1.040000000000000000e+03,1.060347285356140787e+02,3.440848611093345255e+01,-2.045560464432584491e-03,5.739589821921335755e+01,2.861861035985933110e-01,nan,1.022080702710780464e+01,1.000000000000000000e+00
1.041000000000000000e+03,4.684655648149232832e+01,4.386433662606513195e+01,-1.364945546213158908e-03,3.870208016508558302e+01,2.772716166545912131e-01,nan,4.596925807961414812e+00,1.000000000000000000e+00
1.042000000000000000e+03,1.283022151617861653e+02,1.471196525249480480e+01,-1.472515121950546645e-03,4.165659383083827549e+01,2.614882477552534779e-01,nan,2.141492701322984615e+01,1.000000000000000000e+00
1.043000000000000000e+03,1.093400779518182020e+02,5.113718120045761140e+01,-1.319946947336776526e-03,3.746614542788287139e+01,3.592513707391253863e-01,nan,7.673323192459134745e+00,1.000000000000000000e+00
1.044000000000000000e+03,1.439978817030336984e+02,5.328404102537389520e+01,-1.401236825395371557e-03,3.969885903640194869e+01,2.964786563919915574e-01,nan,1.827595459153017998e+01,1.000000000000000000e+00
1.045000000000000000e+03,1.076202708185370369e+02,9.157122575631065686e+00,-1.954999852363784821e-03,5.490855396688123591e+01,2.559158381579971220e-01,nan,9.775279242096475585e+00,1.000000000000000000e+00
1.045000000000000000e+03,7.594063493868689818e+01,4.642486319744999435e+01,-1.720399598898243558e-03,4.846500661530347998e+01,3.044504661512079657e-01,nan,7.249055392003841192e+00,1.000000000000000000e+00
1.045000000000000000e+03,8.162799226657787699e+01,2.793193197408692896e+01,-1.345457347655643846e-03,3.816681590877163188e+01,3.593332210961461826e-01,nan,1.347624512313631406e+01,1.000000000000000000e+00
1.046000000000000000e+03,1.037793777681073948e+02,1.814620622393045934e+01,-1.670383980998639420e-03,4.709127407455046921e+01,3.023272543541999369e-01,nan,5.599758342294494540e+00,1.000000000000000000e+00
1.048000000000000000e+03,9.838967333707067553e+01,1.662687096199518066e+01,-1.497057733059635118e-03,4.233068294402841758e+01,2.973570593924834693e-01,nan,5.599758342294494540e+00,1.000000000000000000e+00
1.049000000000000000e+03,4.665821704324359587e+01,4.054552157110639854e+01,-1.376166588746928010e-03,3.901027812238672254e+01,3.448181996757327950e-01,nan,6.085433282133335453e+00,1.000000000000000000e+00
1.050000000000000000e+03,6.848570904947389693e+01,5.271581147505978038e+01,-1.749339239035947865e-03,4.925986484248057451e+01,3.062979294671789310e-01,nan,9.754586113476049647e+00,1.000000000000000000e+00
1.051000000000000000e+03,9.616075653853985727e+01,4.698477337352348826e+01,-1.449036719066979255e-03,4.101173433693364956e+01,3.564721078391308584e-01,nan,1.318188472280964163e+01,1.000000000000000000e+00
1.053000000000000000e+03,7.417047088539275990e+01,4.817948061163919604e+00,-1.897168848655680570e-02,5.222901418456132205e+02,1.316793088653023247e-02,nan,1.245530434951235854e+01,1.000000000000000000e+00
1.054000000000000000e+03,7.616969918623642855e+01,1.711175514603747416e+01,-1.317930013747897495e-03,3.741074818558262649e+01,3.659489570108425127e-01,nan,7.155403378320681185e+00,1.000000000000000000e+00
1.055000000000000000e+03,1.279350796665432739e+02,1.952870311235157175e+01,-1.645730270496428404e-03,4.641413349747764983e+01,3.253708195874558395e-01,nan,6.750969583754566905e+00,1.000000000000000000e+00
1.055000000000000000e+03,1.262638629067493667e+02,3.290168871759661329e+01,-1.821270500035501120e-03,5.123553400507761779e+01,2.603138096411340419e-01,nan,6.626271629346388359e+00,1.000000000000000000e+00
1.056000000000000000e+03,1.305569709101965827e+02,4.170959692077719438e+01,-1.570585492171356398e-03,4.435020163803259408e+01,2.872119146517307930e-01,nan,9.798470454357573800e+00,1.000000000000000000e+00
1.056000000000000000e+03,8.297893140126517153e+01,4.702440790083825561e+01,-2.046947631058307088e-03,5.743399823703232698e+01,2.935126150951690160e-01,nan,1.318188472280964163e+01,1.000000000000000000e+00
1.057000000000000000e+03,1.014470671583141836e+02,2.492849372923220130e+01,-1.791076869515950947e-03,5.040623358832704071e+01,3.193512549962241875e-01,nan,1.488664886437300794e+01,1.000000000000000000e+00
1.057000000000000000e+03,6.332756157399787611e+01,1.358668892708664622e+01,-1.459322013292258663e-03,4.129423096422408435e+01,3.063692573813958653e-01,nan,5.423950901078207210e+00,1.000000000000000000e+00
1.058000000000000000e+03,7.751423911346942930e+01,2.413970007258316386e+01,-1.564750784114811661e-03,4.418994512897259597e+01,3.596428879059209160e-01,nan,7.155403378320681185e+00,1.000000000000000000e+00
1.059000000000000000e+03,8.682433599250954614e+01,1.000801704945456905e+01,-2.423087592719544436e-02,6.667393604802198297e+02,1.363812766836525192e-02,nan,1.280563861814134974e+01,1.000000000000000000e+00
1.059000000000000000e+03,4.997143128968698989e+01,4.412117076141230143e+01,-1.150319933891221207e-03,3.280715773670505797e+01,3.417973619652373563e-01,nan,1.290872884941063958e+01,1.000000000000000000e+00
1.062000000000000000e+03,1.418753532366996524e+02,5.506320270233935332e+00,-1.732303705852734259e-03,4.879196566886977848e+01,2.261080558938870499e-01,nan,2.208482635848744380e+01,1.000000000000000000e+00
1.062000000000000000e+03,1.284234632415380020e+02,2.302163387983315701e+01,-1.549015191869140308e-03,4.375775022618663002e+01,2.878862265096924222e-01,nan,1.663555812531183165e+01,1.000000000000000000e+00
1.062000000000000000e+03,6.125956775973418900e+01,8.572444720680836738e+00,-1.654129257917664499e-03,4.664482068708884555e+01,2.286210382779604311e-01,nan,5.423950901078207210e+00,1.000000000000000000e+00
1.062000000000000000e+03,1.362739030840829173e+02,3.768834409102952776e+01,-1.265798166872451024e-03,3.597889114832464941e+01,3.708153102188641581e-01,nan,1.663555812531183165e+01,1.000000000000000000e+00
1.064000000000000000e+03,2.213004718213819899e+01,1.042643994641354332e+01,-1.362170933216246471e-03,3.862587244593861868e+01,3.683314155139015833e-01,nan,2.263881162141709069e+01,1.000000000000000000e+00
1.066000000000000000e+03,8.072954037618623602e+01,4.842375957409430498e+01,-1.832142048291918787e-03,5.153413272754438168e+01,1.950611573829171830e-01,nan,1.553038320211345713e+01,1.000000000000000000e+00
1.066000000000000000e+03,9.583647169122569665e+01,5.202562418109550890e+01,-1.412512625738122658e-03,4.000856097560349411e+01,3.142995836145295874e-01,nan,1.553038320211345713e+01,1.000000000000000000e+00
1.068000000000000000e+03,1.229921125135853543e+02,3.568059717192110014e+01,-1.349719674124289469e-03,3.828388527260603524e+01,2.872128856045099710e-01,nan,9.992725626468470068e+00,1.000000000000000000e+00
1.069000000000000000e+03,1.127133629300764710e+02,2.047890746787371796e+01,-1.903866218202940677e-02,5.241296461586434816e+02,1.165181233337486688e-02,nan,1.124715064965264055e+01,1.000000000000000000e+00
1.070000000000000000e+03,1.697587660035649293e+01,7.432162144517237223e+00,-2.438730892592121374e-03,6.819474533750170053e+01,1.600495348544919150e-01,nan,1.523970421817025844e+01,1.000000000000000000e+00
1.070000000000000000e+03,1.287545195416129502e+02,4.384449518017780889e+01,-1.729311186922136709e-03,4.870977292975310746e+01,2.599923809868559532e-01,nan,9.992725626468470068e+00,1.000000000000000000e+00
1.071000000000000000e+03,3.471701928526395875e+01,1.626268245318388495e+01,-1.652274046460362050e-03,4.659386531642862650e+01,3.136896723146255228e-01,nan,5.906282563378905337e+00,1.000000000000000000e+00
1.071000000000000000e+03,1.014662532667535970e+02,2.050927121551873711e+01,-1.404901067409318428e-03,3.979950136979982744e+01,2.871790705000529798e-01,nan,1.124715064965264055e+01,1.000000000000000000e+00
1.072000000000000000e+03,5.212830361912866550e+01,3.291415016921761350e+01,-1.536820437339907067e-03,4.342280822553136233e+01,2.986852651873932452e-01,nan,1.185610159424892096e+01,1.000000000000000000e+00
1.074000000000000000e+03,1.399463572863589604e+02,4.302407836977102562e+01,-1.557451654091992653e-03,4.398946670138101922e+01,3.063696974505638604e-01,nan,1.122186775218454891e+01,1.000000000000000000e+00
1.075000000000000000e+03,7.465497683579577881e+01,1.103461276124791368e+01,-2.453741337499999904e-03,6.860702329161044588e+01,2.853239912482578022e-01,nan,2.447720525938245473e+01,1.000000000000000000e+00
1.079000000000000000e+03,1.354181145976365030e+02,1.467075868293398955e+01,-1.632128424542555242e-03,4.604054422305036809e+01,2.693798692799236338e-01,nan,2.871264040648210880e+01,1.000000000000000000e+00
1.081000000000000000e+03,8.199062654341310008e+01,1.625499339331756943e+01,-1.149304491408798500e-03,3.277926752080954742e+01,3.700467325983576306e-01,nan,1.119415517873791366e+01,1.000000000000000000e+00
1.081000000000000000e+03,3.745402035162492638e+01,1.514813464824445433e+01,-1.132631963097410896e-03,3.232133866498789132e+01,3.708746336445042369e-01,nan,9.734030075045955854e+00,1.000000000000000000e+00
1.081000000000000000e+03,1.024212627759850420e+02,4.278603950146561630e+01,-1.533474043193359644e-03,4.333089592440723692e+01,3.243250686389574922e-01,nan,1.127176337903103764e+01,1.000000000000000000e+00
1.082000000000000000e+03,7.330787733147522545e+01,2.332032964067742498e+01,-1.139753133891188795e-03,3.251692925165841785e+01,3.632173041803595792e-01,nan,1.119415517873791366e+01,1.000000000000000000e+00
1.085000000000000000e+03,3.642543650459806059e+01,5.468601768423519083e+00,-1.558774288309052380e-03,4.402579426744519253e+01,3.631424880191648219e-01,nan,9.734030075045955854e+00,1.000000000000000000e+00
1.085000000000000000e+03,1.279104126125190817e+02,7.598705376372421938e+00,-1.327691421012204684e-03,3.767885569610940877e+01,3.204292584580361591e-01,nan,1.814778454686158327e+01,1.000000000000000000e+00
1.085000000000000000e+03,6.810948076692483255e+01,1.218520084858164942e+01,-1.423034361722271815e-03,4.029755172916473782e+01,3.682442476138756415e-01,nan,1.228879245731205572e+01,1.000000000000000000e+00
1.086000000000000000e+03,1.378979212850285592e+02,2.397552613201180804e+01,-2.743674252831118654e-03,7.657034149404134382e+01,1.486031096552212771e-01,nan,1.078949039798069798e+01,1.000000000000000000e+00
1.087000000000000000e+03,5.131240232201640339e+01,4.472857680530957225e+01,-1.325904808444856170e-02,3.653863517185179717e+02,1.604751222514644304e-02,nan,1.831464461504398855e+01,1.000000000000000000e+00
1.087000000000000000e+03,8.978963964798539621e+01,3.397925739664602673e+01,-1.407281713363801650e-03,3.986488836196396335e+01,3.355225634436703741e-01,nan,1.310275008139414865e+01,1.000000000000000000e+00
1.091000000000000000e+03,1.010852073629777692e+02,2.733906088663998801e+01,-1.595829783336663111e-03,4.504356314586473076e+01,2.502159998712787381e-01,nan,1.142557861836484179e+01,1.000000000000000000e+00
1.092000000000000000e+03,1.375737501407736474e+01,5.424494995157180810e+00,-1.746849112396294500e-03,4.919147084598223785e+01,3.118102883634346068e-01,nan,1.557735761433317734e+01,1.000000000000000000e+00
1.092000000000000000e+03,7.755203215913063275e+01,5.310650004430930693e+01,-1.409242309703509803e-03,3.991873824134653148e+01,3.236404506499237499e-01,nan,6.415969641245911959e+00,1.000000000000000000e+00
1.093000000000000000e+03,1.432062887522405106e+02,4.551537719942166405e+01,-1.401617128455322952e-03,3.970930446746413622e+01,3.417471431016572136e-01,nan,2.961494095987423236e+01,1.000000000000000000e+00
1.094000000000000000e+03,1.022125131006831964e+02,1.596923113689561191e+01,-1.758272242846697355e-03,4.950521936446468629e+01,3.115259538661693250e-01,nan,1.142557861836484179e+01,1.000000000000000000e+00
1.094000000000000000e+03,1.201164248388316480e+02,2.500155368965640434e+01,-2.473858642515784287e-03,6.915956663093116674e+01,2.200195222204379686e-01,nan,6.887645493608012259e+00,1.000000000000000000e+00
1.094000000000000000e+03,6.482259314608759482e+00,3.575332811037851855e+01,-1.304260408079854208e-03,3.703529781799650777e+01,3.575253308670975905e-01,nan,3.118918765488452038e+01,1.000000000000000000e+00
1.096000000000000000e+03,8.154749409601539867e+01,1.073352392114359510e+01,-1.246082486359655593e-03,3.543737885634651263e+01,3.685223677513033147e-01,nan,2.131796520572165221e+01,1.000000000000000000e+00
1.096000000000000000e+03,7.510587338927876999e+01,4.717514491162116030e+01,-1.645020910702359737e-03,4.639465017060622642e+01,3.345848938138703543e-01,nan,6.415969641245911959e+00,1.000000000000000000e+00
1.097000000000000000e+03,2.881650177353684583e+01,9.409061657588015493e+00,-2.922614358240364918e-02,8.039397393999578298e+02,1.046298484752883340e-02,nan,1.557735761433317734e+01,1.000000000000000000e+00
1.097000000000000000e+03,7.155053253588602047e+01,3.925935139151556541e+01,-1.712699672992183718e-03,4.825351989929860963e+01,2.894278421927337641e-01,nan,6.370761020803440644e+00,1.000000000000000000e+00
1.099000000000000000e+03,1.047493761580057168e+02,2.968654884324280374e+01,-1.588631816325358726e-03,4.484586326878746121e+01,3.154397906308937793e-01,nan,6.036654390182422780e+00,1.000000000000000000e+00
1.100000000000000000e+03,9.356789382132826915e+01,3.091391342900349670e+01,-1.493883679960675975e-03,4.224350417445147343e+01,3.007379850784017705e-01,nan,1.124864307691417764e+01,1.000000000000000000e+00
1.100000000000000000e+03,1.433871006685564566e+02,5.003473998856726723e+01,-1.302738831814654816e-03,3.699350609540022816e+01,2.639254161176577407e-01,nan,2.198512329956532696e+01,1.000000000000000000e+00
1.102000000000000000e+03,1.305277121908625304e+02,3.220269651405647693e+01,-4.223677192752057705e-03,1.172202081629006614e+02,6.591142279061701359e-02,nan,1.390318403458818253e+01,1.000000000000000000e+00
1.102000000000000000e+03,2.055711620239225468e+01,2.324444568319043825e+01,-1.138851038623293335e-03,3.249215223846916700e+01,3.662948316620626699e-01,nan,1.454458995628943718e+01,1.000000000000000000e+00
1.102000000000000000e+03,1.128715755121077393e+02,4.057502640691925677e+01,-1.472922155150551684e-03,4.166777343384020327e+01,2.796465517814566981e-01,nan,9.569371949003791400e+00,1.000000000000000000e+00
1.103000000000000000e+03,3.130939642543248524e+01,3.503030764796623231e+01,-1.518661529491872365e-03,4.292405436297880073e+01,3.391013294138472967e-01,nan,9.310701430426155056e+00,1.000000000000000000e+00
1.105000000000000000e+03,7.156582487030300754e+00,3.449576848788819206e+01,-1.612916935585540727e-03,4.551288009242733779e+01,2.987273663824722147e-01,nan,1.219918734546968508e+01,1.000000000000000000e+00
1.106000000000000000e+03,2.892290405909233186e+01,1.134660173845469089e+01,-1.405878750174311288e-03,3.982635447459401945e+01,3.463133583222538503e-01,nan,1.454458995628943718e+01,1.000000000000000000e+00
1.108000000000000000e+03,8.912337465367541256e+01,1.179297418158131450e+01,-5.336736296978628231e-03,1.477915691791072277e+02,8.196285768356170731e-02,nan,1.366067083732477094e+01,1.000000000000000000e+00
1.108000000000000000e+03,1.331669492153524743e+02,4.718251036039567481e+01,-1.269945434595609905e-03,3.609280030042098275e+01,2.571267744495429053e-01,nan,2.260138535491687151e+01,1.000000000000000000e+00
1.109000000000000000e+03,4.236412880884936527e+01,2.856588228596868362e+01,-1.714297552323643895e-03,4.829740736737367968e+01,2.059339274347907756e-01,nan,7.911994294840603459e+00,1.000000000000000000e+00
1.110000000000000000e+03,1.413613045549502942e+02,8.320412174396393468e+00,-1.551599252005996877e-03,4.382872420684179104e+01,3.142827794146045850e-01,nan,2.483317904147605049e+01,1.000000000000000000e+00
1.110000000000000000e+03,4.705090063898052222e+01,5.157435827575036313e+01,-1.374835879318899844e-03,3.897372876200015668e+01,3.138129573207208978e-01,nan,1.394913169580721224e+01,1.000000000000000000e+00
1.110000000000000000e+03,4.992238659381220600e+01,3.090519692441278821e+01,-1.232856520836348932e-03,3.507411354072621634e+01,3.683210893688448895e-01,nan,7.911994294840603459e+00,1.000000000000000000e+00
1.110000000000000000e+03,8.846743099739578398e+00,4.763947753301015808e+01,-1.209286490161705233e-03,3.442673739135426558e+01,3.726660547810711765e-01,nan,8.131386446348876973e+00,1.000000000000000000e+00
1.113000000000000000e+03,8.518181142185218846e+01,2.487265334489700663e+01,-1.413252526137214783e-03,4.002888313291822442e+01,3.660736616175942482e-01,nan,1.366067083732477094e+01,1.000000000000000000e+00
1.114000000000000000e+03,7.527976902423709760e+01,4.989092845618487537e+00,-1.790906236059496915e-03,5.040154695760016068e+01,2.668207235741966166e-01,nan,2.221275358375534381e+01,1.000000000000000000e+00
1.115000000000000000e+03,7.097478420780896613e+01,3.518372610085858554e+01,-1.428456197049106022e-03,4.044646824628198800e+01,3.344607524823731692e-01,nan,1.123697366483810001e+01,1.000000000000000000e+00
1.115000000000000000e+03,1.321959484136970389e+02,3.140033912640376812e+01,1.340499630597461172e-03,-3.803064689723721870e+01,3.712733612615619627e-01,nan,1.240806316733465842e+01,1.000000000000000000e+00
1.116000000000000000e+03,9.114393355631948168e+01,4.482559322424805970e+01,-1.052562006431496987e-03,3.012213150474764589e+01,3.724894796399519370e-01,nan,2.082466590789159611e+01,1.000000000000000000e+00
1.117000000000000000e+03,1.149806590854477264e+02,4.400936895643580726e+01,-1.935972285290491965e-02,5.329479215226108408e+02,1.438794540904941854e-02,nan,1.648179461835661641e+01,1.000000000000000000e+00
1.118000000000000000e+03,1.201650764822005186e+02,2.836419813288977210e+01,-1.210442354549029313e-02,3.336733514972116836e+02,1.697739837943101904e-02,nan,1.240806316733465842e+01,1.000000000000000000e+00
1.121000000000000000e+03,3.560775995648391046e+01,1.579639283394032034e+01,-1.714764112620982203e-02,4.721907265027284666e+02,1.156430560494370319e-02,nan,8.758537560051612658e+00,1.000000000000000000e+00
1.121000000000000000e+03,1.121851037291642967e+02,1.218782869455991680e+01,-1.506238467703460617e-03,4.258284165880341732e+01,2.721422650464601078e-01,nan,5.169780089656768496e+00,1.000000000000000000e+00
1.121000000000000000e+03,1.426277604028722976e+02,4.329286502460496422e+01,-1.238017667656673331e-03,3.521586996866669494e+01,3.673395924452285133e-01,nan,1.162455621202033917e+01,1.000000000000000000e+00
1.124000000000000000e+03,1.297037789911349535e+02,1.707443143753584991e+01,-1.398204612491784618e-03,3.961557605978232743e+01,2.878602244999118875e-01,nan,1.456467814685393947e+01,1.000000000000000000e+00
1.124000000000000000e+03,1.310268061529500585e+02,4.255248159851291945e+01,-1.547317935987603055e-03,4.371113327467495679e+01,3.539976834058622401e-01,nan,1.162455621202033917e+01,1.000000000000000000e+00
1.125000000000000000e+03,1.071168853915589807e+02,1.116812822002204797e+01,-1.553635261856163748e-03,4.388464539909982420e+01,3.590897080346733272e-01,nan,5.169780089656768496e+00,1.000000000000000000e+00
1.126000000000000000e+03,5.317779522312397233e+01,3.157324269303351016e+01,-1.566656444576300725e-02,4.315113683997398653e+02,1.727456232066149067e-02,nan,1.375337987736051737e+01,1.000000000000000000e+00
1.130000000000000000e+03,1.334351585627960333e+02,3.653417584928060791e+01,-1.475046502889800588e-03,4.172612092088193236e+01,3.190821089058296645e-01,nan,6.982029831750810267e+00,1.000000000000000000e+00
1.131000000000000000e+03,4.173318736266703866e+01,1.098111504516431047e+01,-2.694558205412337423e-03,7.522131662049514489e+01,1.426756296815059333e-01,nan,6.674098082996044567e+00,1.000000000000000000e+00
1.132000000000000000e+03,5.814702553772953308e+01,3.424871992260220566e+01,-1.369637141632612043e-03,3.883093986064482550e+01,3.301333085186555216e-01,nan,6.754959573596189593e+00,1.000000000000000000e+00
1.132000000000000000e+03,6.489742299306870166e+01,3.400050018956454068e+01,-1.508497678434367415e-03,4.264489330242591336e+01,3.212719268511292636e-01,nan,6.754959573596189593e+00,1.000000000000000000e+00
1.133000000000000000e+03,8.761965544560885633e+01,4.343218039807672426e+01,-1.545513278193654839e-03,4.366156641455045673e+01,2.798957157613118918e-01,nan,9.201327578164260501e+00,1.000000000000000000e+00
1.134000000000000000e+03,1.347649169396873674e+02,2.967994480338307639e+01,-1.493402361395444180e-03,4.223028424429176653e+01,3.230968233162400116e-01,nan,6.982029831750810267e+00,1.000000000000000000e+00
1.136000000000000000e+03,1.489829136178065205e+01,3.216940405710730744e+01,-1.511182410705019710e-03,4.271863235111282364e+01,2.278250515669716370e-01,nan,7.943672069111232581e+00,1.000000000000000000e+00
1.137000000000000000e+03,3.935744447134936053e+01,4.866391298360629492e+01,-1.482792032799755454e-03,4.193886019972157442e+01,3.287350242053840299e-01,nan,1.459811273833895129e+01,1.000000000000000000e+00
1.137000000000000000e+03,1.341721342162574331e+02,2.219873695878984776e+01,-1.994847683671580833e-03,5.600301735341452769e+01,2.584541157235836772e-01,nan,7.504656032837232260e+00,1.000000000000000000e+00
1.137000000000000000e+03,6.402504642676417745e+01,2.010865000891830334e+01,-1.315488975728975989e-03,3.734370246065448384e+01,3.720935151942221797e-01,nan,1.391921485986038576e+01,1.000000000000000000e+00
1.138000000000000000e+03,1.341261226616200588e+02,4.569028626415879479e+00,-1.639013268072567761e-03,4.622964382818082640e+01,2.558322413726052957e-01,nan,9.770861618145982419e+00,1.000000000000000000e+00
1.138000000000000000e+03,9.497016897510138733e+01,4.896701373372771116e+01,-1.399006205828820732e-03,3.963759267974586464e+01,2.994347926655331893e-01,nan,9.201327578164260501e+00,1.000000000000000000e+00
1.139000000000000000e+03,7.618495664954373581e+01,1.033486792085458461e+01,-1.676820345063562449e-03,4.726805571059595934e+01,2.752297822835942931e-01,nan,1.560096897410587147e+01,1.000000000000000000e+00
1.140000000000000000e+03,8.345466847711675129e+00,2.767914606570028724e+01,-1.809914700392985069e-03,5.092363479938332915e+01,3.637157416542966537e-01,nan,7.943672069111232581e+00,1.000000000000000000e+00
1.141000000000000000e+03,5.347032591291250014e+01,5.239640182319264738e+01,-1.668122186379596399e-03,4.702915146167149629e+01,2.954102404281608862e-01,nan,1.205396505329209411e+01,1.000000000000000000e+00
1.141000000000000000e+03,1.332954362607432870e+02,1.430451509933322995e+01,-1.519566424733461698e-03,4.294890828044592013e+01,2.826771744718166168e-01,nan,7.942753809071850135e+00,1.000000000000000000e+00
1.144000000000000000e+03,6.129176147947634234e+01,4.322453073905298737e+01,-1.817023028322288384e-03,5.111887264301905986e+01,3.019048479468520174e-01,nan,5.871740757070663896e+00,1.000000000000000000e+00
1.145000000000000000e+03,1.194489476727162867e+02,2.127922804801229617e+01,-1.834523664338487230e-03,5.159954636432715347e+01,2.508151640068906341e-01,nan,1.247362516875520910e+01,1.000000000000000000e+00
1.145000000000000000e+03,4.095740585941877043e+01,3.566247371545699707e+01,-1.352571635417063045e-03,3.836221744558279312e+01,3.295671414030685309e-01,nan,1.381766360318954767e+01,1.000000000000000000e+00
1.146000000000000000e+03,1.012236101082239514e+01,2.507116198831334941e+01,-1.548211318014722703e-03,4.373567096936947252e+01,3.382996047312318844e-01,nan,1.651541763829802534e+01,1.000000000000000000e+00
1.146000000000000000e+03,2.481735210739506314e+01,3.260881788647264301e+01,-1.388785349401996721e-03,3.935686590563949494e+01,3.494580238823896678e-01,nan,1.642638575707098880e+01,1.000000000000000000e+00
1.147000000000000000e+03,6.705089963351390736e+01,4.208012380052387869e+01,-1.451263653052354110e-03,4.107289946515337675e+01,3.503077149194582240e-01,nan,5.871740757070663896e+00,1.000000000000000000e+00
1.147000000000000000e+03,5.126095645416278046e+01,1.754635255749736444e+01,-1.700987840647078583e-03,4.793184187391442919e+01,3.701176812221187440e-01,nan,7.878481911155205353e+00,1.000000000000000000e+00
1.148000000000000000e+03,1.301211715033906273e+02,2.773639177201605932e+01,-1.742234513292772275e-03,4.906472593674683225e+01,2.946377032397717866e-01,nan,8.086273041103268611e+00,1.000000000000000000e+00
1.148000000000000000e+03,4.293679021810989127e+01,4.933762874242024310e+01,-1.462200650700283240e-03,4.137329582529148553e+01,3.407572976828765476e-01,nan,1.381766360318954767e+01,1.000000000000000000e+00
1.149000000000000000e+03,1.025525265502567862e+02,4.354136491411115628e+01,-1.396085983815168689e-03,3.955738565292417519e+01,3.011459063681347637e-01,nan,6.739945772193895124e+00,1.000000000000000000e+00
1.149000000000000000e+03,6.513273800098113497e+01,4.946584891374631354e+01,-1.902051676435704414e-03,5.345427557744049807e+01,3.325142666084925924e-01,nan,7.328516438987381143e+00,1.000000000000000000e+00
1.150000000000000000e+03,8.794241286072161756e+01,6.495904772342719014e+00,-1.844957214909011961e-03,5.188611501100652390e+01,3.364577156378781853e-01,nan,9.147719772662750159e+00,1.000000000000000000e+00
1.151000000000000000e+03,6.873015657619376384e+01,1.117553669209697453e+01,-1.961657371879529238e-03,5.509140987436665426e+01,2.419325562260496998e-01,nan,1.422712070890993985e+01,1.000000000000000000e+00
1.151000000000000000e+03,9.570791489496963322e+01,2.842197228994176683e+01,-1.526992110158133719e-03,4.315286268776212353e+01,2.900286916747465416e-01,nan,7.018655936972066911e+00,1.000000000000000000e+00
1.152000000000000000e+03,3.891170944691175748e+01,3.050131094757614036e+01,-1.377667400546900289e-03,3.905149952669499669e+01,2.606033886607076466e-01,nan,1.292959562235349935e+01,1.000000000000000000e+00
1.154000000000000000e+03,4.560159421592774542e+00,2.850919832566979295e+01,-1.816906520866683411e-03,5.111567264090519558e+01,2.463334891114723479e-01,nan,4.117670061493401867e+00,1.000000000000000000e+00
1.154000000000000000e+03,5.459122879837733677e+01,5.317341317766572217e+01,-6.071572446889671876e-03,1.679746314633872259e+02,6.417218248400713421e-02,nan,1.117449994584423578e+01,1.000000000000000000e+00
1.154000000000000000e+03,9.294321060874074192e+01,3.487316918441808156e+01,-2.000373434637803781e-03,5.615478802492027910e+01,2.249906500922482788e-01,nan,6.463000865514390014e+00,1.000000000000000000e+00
1.154000000000000000e+03,8.431505849785452256e+01,2.536399002443987172e+01,-1.509793667745097006e-03,4.268048903758589319e+01,3.027430532943345964e-01,nan,1.179611937975412417e+01,1.000000000000000000e+00
1.155000000000000000e+03,5.458593791415448493e+01,9.641899803418993997e+00,-1.742589642492155515e-03,4.907447994075300812e+01,2.903052741561662486e-01,nan,1.124499766983496585e+01,1.000000000000000000e+00
1.156000000000000000e+03,6.145897761877634480e+01,4.291693583943748536e+01,-1.345119036416024365e-03,3.815752382805194998e+01,3.735335456388551023e-01,nan,1.046830439562670989e+01,1.000000000000000000e+00
1.157000000000000000e+03,2.780612011837881781e+01,2.388010798862993056e+01,-1.739901593633798012e-03,4.900064979843082824e+01,2.196519158976859565e-01,nan,9.283327758793149087e+00,1.000000000000000000e+00
1.157000000000000000e+03,1.240334563772835708e+02,3.016559929881746172e+01,-1.947831593647553119e-03,5.471167005996259292e+01,1.688089276199830069e-01,nan,1.417867447531753378e+01,1.000000000000000000e+00
1.158000000000000000e+03,6.549575810888899241e+01,6.916868443387164334e+00,-1.565978089140014151e-03,4.422365437663069088e+01,2.992527212920518265e-01,nan,1.124499766983496585e+01,1.000000000000000000e+00
1.159000000000000000e+03,9.815323052523669389e+01,3.104876430818501376e+01,-1.488110432306899867e-03,4.208493574121252578e+01,3.301887383223391925e-01,nan,6.463000865514390014e+00,1.000000000000000000e+00
1.159000000000000000e+03,1.904679670441572270e+01,2.695491328438075840e+01,-1.344742711924551545e-03,3.814718767263632770e+01,3.435013498829775358e-01,nan,9.283327758793149087e+00,1.000000000000000000e+00
1.160000000000000000e+03,4.986149249664408956e+01,4.645179288668471429e+01,-1.844187113941478818e-03,5.186496336271760299e+01,2.160947393807806094e-01,nan,7.114174920367034360e+00,1.000000000000000000e+00
1.162000000000000000e+03,3.937807808964141998e+01,1.141088186790359593e+01,-2.250827327703212172e-03,6.303377257636276454e+01,2.034515055217180901e-01,nan,1.701151995967650166e+01,1.000000000000000000e+00
1.165000000000000000e+03,7.168874346201711489e+01,4.915501129801283753e+01,-1.422873117415261908e-02,3.920197368587010374e+02,1.802028475919636996e-02,nan,1.589425071231772968e+01,1.000000000000000000e+00
1.165000000000000000e+03,5.281422813511702685e+01,3.997932527016695303e+01,-1.835717697285016350e-03,5.163234175869119014e+01,3.009489269701650649e-01,nan,7.114174920367034360e+00,1.000000000000000000e+00
1.165000000000000000e+03,1.986046959254508337e+01,2.564291017033082554e+01,-1.311798840503134627e-03,3.724234894244558092e+01,3.610987688394049488e-01,nan,1.854756499617492693e+01,1.000000000000000000e+00
1.165000000000000000e+03,4.194755389527373524e+01,4.471613663245419446e+01,-1.081172055107318701e-03,3.090793714924443947e+01,3.587317044428742774e-01,nan,8.102032264753656676e+00,1.000000000000000000e+00
1.165000000000000000e+03,1.879428978719072774e+01,5.330845594149032962e+01,-1.460861479670619344e-03,4.133651405794881128e+01,3.414814078098928896e-01,nan,1.253456784160324133e+01,1.000000000000000000e+00
1.166000000000000000e+03,1.230748278111165916e+01,4.258293843222124764e+01,-1.437109850499738561e-03,4.068415011128255543e+01,2.718041449568328050e-01,nan,1.253456784160324133e+01,1.000000000000000000e+00
1.166000000000000000e+03,1.060648960499865012e+02,2.444334472423428650e+01,-1.571446114372138493e-03,4.437383954899236471e+01,3.072544813419835208e-01,nan,1.021704141966640300e+01,1.000000000000000000e+00
1.167000000000000000e+03,1.184939200651871829e+02,4.959197683221825059e+01,-1.708881080348181002e-03,4.814863816044903189e+01,2.595143068140826070e-01,nan,2.628437609452584667e+01,1.000000000000000000e+00
1.167000000000000000e+03,8.149852139130153716e+01,2.566141008273205415e+01,-1.409356170039642586e-03,3.992186553748751976e+01,2.887055585908209210e-01,nan,1.755042397046598168e+01,1.000000000000000000e+00
1.167000000000000000e+03,5.428989533330452844e+01,2.889437717641191838e+01,-1.595898831681541669e-03,4.504545963264682484e+01,2.915463671994923400e-01,nan,1.118273973233080021e+01,1.000000000000000000e+00
1.168000000000000000e+03,8.753366036390400495e+01,5.040633622716266871e+01,-1.645172173965832492e-03,4.639880477822639193e+01,2.996903669004702397e-01,nan,1.247645633475536009e+01,1.000000000000000000e+00
1.170000000000000000e+03,9.906673227722491504e+01,3.188737852189978383e+01,-1.845202719930571535e-03,5.189285806949900604e+01,2.362741957857147357e-01,nan,9.553279760738188742e+00,1.000000000000000000e+00
1.172000000000000000e+03,9.279459864874364428e+01,3.909331315478428337e+01,-1.810878066856069215e-03,5.095009469160469706e+01,2.415409604826210810e-01,nan,9.553279760738188742e+00,1.000000000000000000e+00
1.172000000000000000e+03,7.396166878257406552e+01,4.222780154808633313e+01,-1.738062018282299790e-03,4.895012389017167465e+01,2.804181055081222951e-01,nan,1.273199591921425800e+01,1.000000000000000000e+00
1.173000000000000000e+03,1.661687867916084826e+01,1.998421800603518506e+01,-1.838417507415740244e-03,5.170649493696191712e+01,2.688074645495309722e-01,nan,1.215583944400694349e+01,1.000000000000000000e+00
1.174000000000000000e+03,2.080726051110878672e+01,8.573471637328374584e+00,-2.164958210346554918e-02,5.958413595793732611e+02,1.369203121258844025e-02,nan,1.215583944400694349e+01,1.000000000000000000e+00
1.174000000000000000e+03,1.427553838880555759e+02,1.301850939432885568e+01,-1.555765673091987931e-03,4.394315942657244278e+01,3.219833524977286920e-01,nan,9.171612970138058429e+00,1.000000000000000000e+00
1.174000000000000000e+03,3.118793405823294052e+01,2.684685177845602411e+01,-1.667965585078771658e-03,4.702485023913538953e+01,2.404323732896699317e-01,nan,8.474925573676710400e+00,1.000000000000000000e+00
1.176000000000000000e+03,1.070706770026877734e+02,6.193570292592454507e+00,-1.294251728578921538e-03,3.676039871052176977e+01,3.480793162088325898e-01,nan,5.938602435451108441e+00,1.000000000000000000e+00
1.176000000000000000e+03,1.381566039152028793e+02,3.436266921860860180e+01,-1.323866075477448008e-03,3.757378848187908460e+01,3.392705892777041488e-01,nan,1.774373703579490424e+01,1.000000000000000000e+00
1.177000000000000000e+03,3.950711813619411572e+01,2.522958873356913756e+01,-1.790318752950995334e-03,5.038541110449700966e+01,2.396152232736881160e-01,nan,8.474925573676710400e+00,1.000000000000000000e+00
1.178000000000000000e+03,6.099341374616440703e+01,2.687679775376485480e+01,-1.417022559998565518e-03,4.013243115276821982e+01,3.421628743091355007e-01,nan,7.401413028576083519e+00,1.000000000000000000e+00
1.178000000000000000e+03,7.009529504405801958e+01,1.421544592075207980e+01,-1.359183140488057088e-03,3.854380951703553393e+01,3.303443624480336682e-01,nan,1.038641001152615573e+01,1.000000000000000000e+00
1.179000000000000000e+03,5.110249772372933563e+01,3.512208371830856635e+01,-1.455544604680666671e-03,4.119048038895616060e+01,3.457462999294308448e-01,nan,7.223956886460920046e+00,1.000000000000000000e+00
1.181000000000000000e+03,5.145271048606680608e+01,9.228908470180929413e+00,-1.769634828862910129e-03,4.981730496518461848e+01,2.832822918027239067e-01,nan,1.215360773058698207e+01,1.000000000000000000e+00
1.181000000000000000e+03,1.044612554742116970e+02,3.052128415177040921e+01,-2.768732144116232280e-03,7.725858332942381423e+01,1.626337440646546950e-01,nan,1.511811564333964242e+01,1.000000000000000000e+00
1.181000000000000000e+03,1.679045699684207094e+01,4.851615327715035875e+01,-2.095400635167091533e-03,5.876481191557339656e+01,2.093509698076289061e-01,nan,3.253168888272666237e+01,1.000000000000000000e+00
1.181000000000000000e+03,1.212740795010177379e+02,1.895295696110574468e+01,-1.337021943715460898e-03,3.793512850044477602e+01,3.532783047911077778e-01,nan,1.268948569563272422e+01,1.000000000000000000e+00
1.181000000000000000e+03,5.819045239158421623e+01,3.372693077906485826e+01,-1.414008746475165336e-03,4.004965353484161739e+01,3.274240354755764137e-01,nan,7.223956886460920046e+00,1.000000000000000000e+00
1.182000000000000000e+03,1.293395968308788042e+02,2.874940924861158109e+01,-1.512921553504500234e-03,4.276639977171048912e+01,3.749687190393152791e-01,nan,6.139955682085197708e+00,1.000000000000000000e+00
1.183000000000000000e+03,1.341182002269774216e+02,2.489402271017408452e+01,-1.655702785039198576e-03,4.668803929562324129e+01,3.528863276552532957e-01,nan,6.139955682085197708e+00,1.000000000000000000e+00
1.184000000000000000e+03,5.219797579440527358e+01,5.173649659568418713e+01,1.312652069520617651e-03,-3.726578379170373978e+01,3.485734372144475568e-01,nan,1.665048910582619257e+01,1.000000000000000000e+00
1.185000000000000000e+03,4.392529048130062108e+01,1.877082279283283128e+01,-1.543789300567821121e-03,4.361421552169750981e+01,3.019563852867980236e-01,nan,1.215360773058698207e+01,1.000000000000000000e+00
1.186000000000000000e+03,7.798213111145408050e+01,3.188401183883541989e+01,-1.723741553915327874e-03,4.855679699098007518e+01,2.603897212539006967e-01,nan,7.801997579398247673e+00,1.000000000000000000e+00
1.186000000000000000e+03,8.383041146233642849e+01,5.232213195136887407e+01,-2.170732322903235704e-03,6.083387744227970728e+01,1.702606165741458177e-01,nan,1.446371477664268745e+01,1.000000000000000000e+00
1.187000000000000000e+03,7.459274590627177304e+01,1.290099683307004419e+01,-1.497668744511455050e-03,4.234746502829302983e+01,2.811553554175429959e-01,nan,8.252699530861761446e+00,1.000000000000000000e+00
1.190000000000000000e+03,2.032566984691275991e+01,2.167164774189107490e+01,-1.615025900020490394e-03,4.557080506053223701e+01,2.773342904324268554e-01,nan,1.839386683490126728e+01,1.000000000000000000e+00
1.193000000000000000e+03,9.043482947560457319e+01,1.141947631653316719e+01,-2.130015271302787561e-02,5.862439069336163584e+02,1.138327395718352619e-02,nan,1.228480279153114552e+01,1.000000000000000000e+00
1.193000000000000000e+03,9.284699555178467278e+01,2.867702104468491697e+01,-1.782327704739292530e-03,5.016592840241028739e+01,2.945766738333090995e-01,nan,1.350340322001159343e+01,1.000000000000000000e+00
1.194000000000000000e+03,7.032630753664125223e+01,3.732465976166284349e+01,-1.877324132210811186e-03,5.277510707805635093e+01,3.214415980343912072e-01,nan,1.473840406852245088e+01,1.000000000000000000e+00
1.196000000000000000e+03,8.075897529962607280e+01,1.898877123693432978e+01,-1.641469243782611286e-03,4.629709983280238106e+01,3.255582830806061923e-01,nan,1.105125185026160928e+01,1.000000000000000000e+00
1.196000000000000000e+03,1.305543545562197494e+02,2.097446157554181667e+01,-1.762172510682324554e-03,4.961234439997276269e+01,2.486597042423432935e-01,nan,8.125164030553248651e+00,1.000000000000000000e+00
1.197000000000000000e+03,1.163188414571651634e+02,4.856129090601779552e+01,-1.466384041026183149e-03,4.148819712337992627e+01,3.067673600007871926e-01,nan,1.280663475278768004e+01,1.000000000000000000e+00
1.197000000000000000e+03,7.030965927453245001e+01,2.258626509594677501e+01,-1.407970058609074983e-03,3.988379450173419372e+01,2.928945462285222900e-01,nan,8.814187426981058948e+00,1.000000000000000000e+00
1.197000000000000000e+03,1.286144336073470527e+02,4.497962825192895764e+01,-1.349529732367501199e-03,3.827866831872032094e+01,3.353588108913565513e-01,nan,1.105997423724422468e+01,1.000000000000000000e+00
1.199000000000000000e+03,3.482770820513483301e+01,1.114638532743258459e+01,-1.516177752827150508e-03,4.285583477534638774e+01,3.409970215091134849e-01,nan,9.996547334283263808e+00,1.000000000000000000e+00
1.200000000000000000e+03,1.112749495896220431e+01,4.888262847830416291e+01,-1.663707169518553438e-03,4.690788829259174975e+01,3.069370871098133779e-01,nan,9.455468461165233762e+00,1.000000000000000000e+00
1.201000000000000000e+03,1.223913244442392312e+02,3.272011922201695455e+01,-1.546117705055137341e-02,4.258701835036725925e+02,9.097724203843804425e-03,nan,8.262776080549194546e+00,1.000000000000000000e+00
1.202000000000000000e+03,1.732659873531506278e+01,1.670321481037790790e+01,-1.155298477089676014e-02,3.185274946488031560e+02,1.674546014125766202e-02,nan,9.358835191307917967e+00,1.000000000000000000e+00
1.203000000000000000e+03,7.967234432946848699e+01,3.761531724578340175e+01,-1.820679180589007901e-03,5.121929278284063258e+01,3.082654646969379408e-01,nan,6.805318732469576304e+00,1.000000000000000000e+00
1.203000000000000000e+03,4.950005156284166929e+01,3.738802591442329515e+01,-1.707649900236660277e-03,4.811482247939279233e+01,2.744189038710573847e-01,nan,1.074951818638135492e+01,1.000000000000000000e+00
1.205000000000000000e+03,1.361746936017541145e+02,1.347300909054370877e+01,-1.821295142544067597e-03,5.123621083798152398e+01,2.450318093820929022e-01,nan,1.987976282664345007e+01,1.000000000000000000e+00
1.206000000000000000e+03,1.172030309938617165e+02,7.533228965329288762e+00,-1.863544796095584818e-03,5.239664284615470535e+01,2.871678488816514774e-01,nan,1.987976282664345007e+01,1.000000000000000000e+00
1.206000000000000000e+03,6.592368887459818438e+01,2.240716579850423074e+01,-1.391674824441741084e-03,3.943622843387534260e+01,3.543293960979070345e-01,nan,7.461325790396337254e+00,1.000000000000000000e+00
1.206000000000000000e+03,7.673943467187379497e+01,4.375619698657698819e+01,-1.666341343714901812e-03,4.698023870959148240e+01,2.934755102001173066e-01,nan,6.805318732469576304e+00,1.000000000000000000e+00
1.207000000000000000e+03,2.685526072903267902e+01,9.510438306992835322e+00,-1.755344072461312386e-03,4.942479402709612657e+01,3.115040664385951841e-01,nan,1.193865290634445842e+01,1.000000000000000000e+00
1.209000000000000000e+03,1.177919223386137446e+02,3.132713212191855590e+01,-1.873462903105362629e-03,5.266905428310528947e+01,2.480874288682284323e-01,nan,1.230980623873433721e+01,1.000000000000000000e+00
1.212000000000000000e+03,8.402163086003839965e+01,4.560555361342386504e+01,-1.607792894647401983e-03,4.537214281730257426e+01,2.234095381178012873e-01,nan,8.568842354890007229e+00,1.000000000000000000e+00
1.215000000000000000e+03,6.606150390992013399e+00,3.507362392628402858e+01,-8.750783861720875037e-03,2.415620439291977846e+02,3.050396628068952065e-02,nan,2.160632237064061201e+01,1.000000000000000000e+00
1.215000000000000000e+03,8.170359436424899968e+01,3.735620417803531979e+01,-1.474765844875412530e-03,4.171841234777259189e+01,3.333244432568138738e-01,nan,6.803556037122430844e+00,1.000000000000000000e+00
1.217000000000000000e+03,2.819825538588603564e+01,3.585731281450285479e+01,-1.708674775769549944e-02,4.705182248850917404e+02,1.820567159197661322e-02,nan,6.826167744949128036e+00,1.000000000000000000e+00
1.217000000000000000e+03,5.331717231580556415e+01,5.072619056556523987e+01,-1.586629436445625508e-03,4.479086575970419659e+01,2.439920622957894025e-01,nan,1.732309880652803002e+01,1.000000000000000000e+00
1.218000000000000000e+03,3.235346727999304051e+01,4.771495677703057936e+00,-1.770960515077918927e-03,4.985371635764288811e+01,3.087611999401965734e-01,nan,1.383708265388962388e+01,1.000000000000000000e+00
1.218000000000000000e+03,7.365952830158236964e+01,7.246243539303669934e+00,-1.575789913854284095e-03,4.449314665644643441e+01,3.018913942235623704e-01,nan,1.322735456598710613e+01,1.000000000000000000e+00
1.220000000000000000e+03,1.311749539209776572e+02,4.371510682298219308e+01,-1.010325102383466921e-02,2.787090037973134145e+02,1.747395981627952732e-02,nan,1.292350973161390826e+01,1.000000000000000000e+00
1.221000000000000000e+03,5.672130663593600985e+01,1.882425051106988079e+01,-1.595660775565367617e-03,4.503892116632276554e+01,2.847055268439967479e-01,nan,1.296338958091226168e+01,1.000000000000000000e+00
1.222000000000000000e+03,1.900114655415201526e+01,2.786671813570316303e+01,-1.682440552458374511e-03,4.742242072912939932e+01,2.580099196959928509e-01,nan,1.060857453464670996e+01,1.000000000000000000e+00
1.222000000000000000e+03,2.953030281074321550e+01,2.916237325240707534e+01,-2.122339099001991063e-03,5.950470569119728736e+01,2.215842092806606933e-01,nan,6.826167744949128036e+00,1.000000000000000000e+00
1.223000000000000000e+03,1.134877077869030302e+02,2.606769525057665149e+01,-1.755409119157498197e-03,4.942658060430883893e+01,3.312540932875273070e-01,nan,1.415951163626288611e+01,1.000000000000000000e+00
1.223000000000000000e+03,1.050936610231621415e+02,3.747084168941515259e+01,-1.323921890280845394e-03,3.757532149526375775e+01,3.529159262043083389e-01,nan,1.389509516778665699e+01,1.000000000000000000e+00
1.223000000000000000e+03,1.186199578173514624e+02,4.065093048650113872e+01,-1.475234410701255520e-03,4.173128201027955697e+01,2.820725555604919332e-01,nan,1.292350973161390826e+01,1.000000000000000000e+00
1.224000000000000000e+03,7.862595625416099665e+01,4.354230789325992390e+01,1.544705910824876408e-03,-4.363939120461784427e+01,3.080575995499200692e-01,nan,2.060466912236082138e+01,1.000000000000000000e+00
1.224000000000000000e+03,6.728305807536987970e+01,2.634082392973088460e+01,-1.648734357080739550e-03,4.649664395459908661e+01,3.223129496831942387e-01,nan,1.181553191315064311e+01,1.000000000000000000e+00
1.225000000000000000e+03,6.962387564213925373e+01,1.475948689509687739e+01,-2.821046943505493582e-03,7.869546535351977923e+01,1.275425826766543036e-01,nan,1.181553191315064311e+01,1.000000000000000000e+00
1.226000000000000000e+03,8.161508546453134727e+01,1.763914286879120397e+01,-1.164684123504244840e-03,3.320168559663405006e+01,3.183009600786684823e-01,nan,1.233213410288203171e+01,1.000000000000000000e+00
1.228000000000000000e+03,1.340727201467798864e+02,5.316955343805673806e+00,-1.557374412530720346e-03,4.398734517913108277e+01,2.847513341262009057e-01,nan,9.098917913600322649e+00,1.000000000000000000e+00
1.229000000000000000e+03,1.376894604475303652e+02,1.366617667249041546e+01,-1.660709291286669278e-03,4.682554835452238251e+01,3.126820065517921243e-01,nan,9.098917913600322649e+00,1.000000000000000000e+00
1.229000000000000000e+03,1.102006530020761659e+02,2.229136697048989291e+01,-1.184443809989354753e-03,3.374440655979719139e+01,3.577100466910796417e-01,nan,2.218647374286538820e+01,1.000000000000000000e+00
1.230000000000000000e+03,8.421737850570002593e+01,3.660332261272149168e+01,-1.237790615074037823e-03,3.520963372618230380e+01,3.653801320583810464e-01,nan,1.840189921362979319e+01,1.000000000000000000e+00
1.231000000000000000e+03,2.882176667111090396e+01,5.198023617055237189e+00,-2.171435941480075182e-02,5.976205378484946777e+02,1.446311246006537488e-02,nan,2.097150285140125092e+01,1.000000000000000000e+00
1.231000000000000000e+03,1.205686712072085669e+02,4.190625457253590724e+01,-1.459654470991015186e-03,4.130336227117149406e+01,3.327505482421169170e-01,nan,2.218647374286538820e+01,1.000000000000000000e+00
1.232000000000000000e+03,3.167184177887380869e+01,2.597495803304743589e+01,-1.644922444802648584e-02,4.530079640353938544e+02,1.535562717891014728e-02,nan,1.663909986737057878e+01,1.000000000000000000e+00
1.235000000000000000e+03,2.015180484323235532e+01,3.798113949918346322e+01,-1.813526744177615564e-03,5.102284345247907993e+01,2.307631841245630921e-01,nan,1.086843239998869137e+01,1.000000000000000000e+00
1.237000000000000000e+03,1.238950114985129147e+02,3.089283411291813763e+01,-9.202941849115469850e-03,2.539810475710634705e+02,2.714453519661985670e-02,nan,1.614874786550022634e+01,1.000000000000000000e+00
1.238000000000000000e+03,8.342527350662857089e+01,8.144846005234416708e+00,-1.932337570932086664e-03,5.428611012318189921e+01,1.774194162070286129e-01,nan,6.391134241112769843e+00,1.000000000000000000e+00
1.238000000000000000e+03,9.168475252250303242e+01,3.119667859192193049e+01,-8.511725835931824996e-03,2.349960590839482393e+02,3.254852980434230769e-02,nan,1.593626522338071538e+01,1.000000000000000000e+00
1.238000000000000000e+03,6.189269331109991157e+01,4.849502286615588531e+01,-1.361495166415668465e-03,3.860731178663060348e+01,3.454622945261446310e-01,nan,1.285002884824838532e+01,1.000000000000000000e+00
1.239000000000000000e+03,4.250907389385250923e+01,2.020230401357758865e+01,-1.358921654993723886e-03,3.853662753773416227e+01,3.614598969223238312e-01,nan,7.138384992569770660e+00,1.000000000000000000e+00
1.239000000000000000e+03,2.746789434226070270e+01,4.601840627809102102e+01,-1.359838133385082208e-03,3.856179959882182118e+01,3.590612357878679717e-01,nan,1.086843239998869137e+01,1.000000000000000000e+00
1.240000000000000000e+03,5.988986824572395840e+00,1.034567159386470614e+01,-1.748669677516244501e-03,4.924147461786116509e+01,3.131675945631009483e-01,nan,3.105325265693727843e+01,1.000000000000000000e+00
1.240000000000000000e+03,1.713875418558516373e+01,5.369742674103029856e+01,-1.248984324506393186e-03,3.551708095056383740e+01,3.700953238933283318e-01,nan,1.287083880896996213e+01,1.000000000000000000e+00
1.243000000000000000e+03,3.548625089459278570e+01,2.148156060363838904e+01,-2.213056595812854053e-03,6.199635895108286832e+01,2.008895914511724667e-01,nan,7.138384992569770660e+00,1.000000000000000000e+00
1.244000000000000000e+03,5.074396508026708119e+01,1.546091582853617652e+01,-1.962436210705188668e-03,5.511280151729223320e+01,3.321900778679407473e-01,nan,6.169468472755741395e+00,1.000000000000000000e+00
1.244000000000000000e+03,1.100709185287641390e+02,3.675389714860033052e+01,-1.601582290778057931e-03,4.520156192694608421e+01,3.509853642628071313e-01,nan,6.344964530571640893e+00,1.000000000000000000e+00
1.244000000000000000e+03,1.401459963009224339e+02,3.920167259760160761e+01,-1.646591312020803275e-03,4.643778292560922694e+01,3.495475348594699883e-01,nan,9.340726056759301343e+00,1.000000000000000000e+00
1.245000000000000000e+03,1.331407239075392965e+02,1.233315539515490400e+01,-1.129686311063341506e-03,3.224043317540543541e+01,3.700023242571366389e-01,nan,1.651170594538990954e+01,1.000000000000000000e+00
1.245000000000000000e+03,4.767975487683441571e+01,4.180393418501323310e+01,-1.556734949693073904e-03,4.396978164706715120e+01,2.608872913985319508e-01,nan,1.288878465823171382e+01,1.000000000000000000e+00
1.246000000000000000e+03,5.336008113678316533e+01,2.690587102675112163e+01,-1.534645367743639639e-03,4.336306760833468843e+01,3.101092397225689856e-01,nan,1.174014747395911229e+01,1.000000000000000000e+00
1.246000000000000000e+03,2.564185286584051582e+01,3.410648032590634671e+01,-2.258480711161100270e-03,6.324398095415519094e+01,1.930628494091535252e-01,nan,1.518758097475038937e+01,1.000000000000000000e+00
1.246000000000000000e+03,1.137866536340945487e+02,4.189703699904455192e+01,-1.505196737774793393e-03,4.255422943002801617e+01,3.371725235416695998e-01,nan,5.490897201273524431e+00,1.000000000000000000e+00
1.247000000000000000e+03,8.086859281127449606e+01,3.024082953078183778e+01,-1.420584875473588065e-03,4.023027396455332649e+01,3.387278912931763752e-01,nan,2.573262746311607430e+01,1.000000000000000000e+00
1.248000000000000000e+03,4.669814871645502308e+01,1.080326500578897964e+01,-2.183745979406956968e-03,6.119131146317351977e+01,3.725565937546020390e-01,nan,6.169468472755741395e+00,1.000000000000000000e+00
1.249000000000000000e+03,1.315197637654007679e+02,3.561875820977015650e+01,-1.769942106630898598e-02,4.873459538273311864e+02,9.964314278351649179e-03,nan,9.340726056759301343e+00,1.000000000000000000e+00
1.251000000000000000e+03,1.037003216158826575e+02,4.211012925521131933e+01,-1.738271428686041960e-03,4.895587557130796341e+01,2.463244096739518607e-01,nan,7.284604377313187662e+00,1.000000000000000000e+00
1.251000000000000000e+03,3.871538463813735120e+01,4.408597790118157178e+01,-1.319652651572619578e-03,3.745806227936234478e+01,3.263807951959535325e-01,nan,1.286840117789791194e+01,1.000000000000000000e+00
1.254000000000000000e+03,8.869257140160091524e+01,4.486250028775074128e+01,-1.439011955650569986e-03,4.073639346748532830e+01,2.893208030829003130e-01,nan,9.978471587438031420e+00,1.000000000000000000e+00
1.255000000000000000e+03,7.081658651640468349e+01,3.582284057251666809e+01,-1.541962396937340656e-03,4.356403765583472421e+01,3.565607506160538565e-01,nan,1.330718754714037821e+01,1.000000000000000000e+00
1.255000000000000000e+03,4.988692995189575186e+01,3.769909100865191931e+01,-1.295381093810264641e-03,3.679141793679235661e+01,3.230633002633500617e-01,nan,1.286840117789791194e+01,1.000000000000000000e+00
1.255000000000000000e+03,9.697850206241129456e+01,3.930253191503938837e+01,-1.470255168636471063e-03,4.159452179137332450e+01,2.859973387458502048e-01,nan,7.284604377313187662e+00,1.000000000000000000e+00
1.256000000000000000e+03,9.689036088732747132e+00,4.038869779922847414e+01,-1.495022823225377120e-03,4.227479196488607016e+01,3.560959060835721113e-01,nan,1.196386065805591947e+01,1.000000000000000000e+00
1.256000000000000000e+03,1.349244681741724321e+02,4.442610560017185151e+01,-1.149292421541680577e-03,3.277893600897547088e+01,3.649714864110185086e-01,nan,1.035448096283783137e+01,1.000000000000000000e+00
1.257000000000000000e+03,6.111234871786464140e+01,8.783324181651337881e+00,-1.983748210736374987e-03,5.569815843540803257e+01,1.490151523452769577e-01,nan,2.489252182565752136e+01,1.000000000000000000e+00
1.258000000000000000e+03,1.790639737900376360e+01,4.908403765863211277e+01,-1.620436842421700378e-03,4.571942239177470668e+01,2.991442988069198394e-01,nan,1.196386065805591947e+01,1.000000000000000000e+00
1.259000000000000000e+03,1.071216838037422718e+02,2.641744557779182401e+01,-1.490779465786620664e-03,4.215824360578417895e+01,3.309327954928659166e-01,nan,1.639846290833363440e+01,1.000000000000000000e+00
1.259000000000000000e+03,4.494225199506374935e+01,5.012987979082257795e+01,-1.745575958709025656e-03,4.915650231569053119e+01,2.657116136462537304e-01,nan,1.337812953456947795e+01,1.000000000000000000e+00
1.260000000000000000e+03,1.262249344051232072e+02,5.004156535080164758e+01,-8.836881949490001803e-03,2.439268201697406937e+02,1.814814960557631363e-02,nan,1.035448096283783137e+01,1.000000000000000000e+00
1.260000000000000000e+03,2.438272028122916169e+01,6.453929843034249103e+00,-1.404563663282241146e-03,3.979023420389815158e+01,3.419391340305355520e-01,nan,1.352626681367448924e+01,1.000000000000000000e+00
1.261000000000000000e+03,3.428960933941151268e+01,1.785704350006557206e+01,-1.696424441077604541e-03,4.780650321474544029e+01,3.280984281550695103e-01,nan,5.915314053506984138e+00,1.000000000000000000e+00
1.261000000000000000e+03,9.710291376866611301e+01,1.083623550173586381e+01,-1.444759609968843984e-03,4.089425895233971175e+01,3.264683159410995961e-01,nan,9.191427529362153237e+00,1.000000000000000000e+00
1.261000000000000000e+03,9.045976027181187362e+01,1.718846752243140585e+01,-1.168445397423758343e-03,3.330499301529461320e+01,3.665130609046070020e-01,nan,9.191427529362153237e+00,1.000000000000000000e+00
1.261000000000000000e+03,7.770946901502377102e+01,4.293822079055053109e+01,-2.360200168572919744e-03,6.603781485129600526e+01,2.172205383951769653e-01,nan,1.173300296324899428e+01,1.000000000000000000e+00
1.262000000000000000e+03,4.846638167577407330e+01,3.492228841245775328e+01,-1.307730419214397574e-03,3.713060539215996414e+01,3.051768944009052298e-01,nan,1.493968489020799950e+01,1.000000000000000000e+00
1.263000000000000000e+03,2.748545541957684790e+01,3.148012311177846456e+01,-1.391475386404937868e-03,3.943075065448309857e+01,3.405486870221500206e-01,nan,8.125557628515487352e+00,1.000000000000000000e+00
1.264000000000000000e+03,1.311013076031545381e+02,2.275941072724832992e+01,-2.011408323347137813e-03,5.645787306795681104e+01,2.583740267648736433e-01,nan,1.304849624937310359e+01,1.000000000000000000e+00
1.264000000000000000e+03,3.274012644130662864e+01,3.935415088692580809e+01,-1.588222096554284127e-03,4.483460987623226401e+01,2.944383637853320579e-01,nan,9.466355209392816050e+00,1.000000000000000000e+00
1.264000000000000000e+03,3.653879686044665931e+01,1.238602020941536708e+01,-1.775214724506711137e-03,4.997056277827976345e+01,3.644451463998680252e-01,nan,5.915314053506984138e+00,1.000000000000000000e+00
1.266000000000000000e+03,2.060558314710057104e+01,2.715669342127367614e+01,-1.476771618423230147e-03,4.177350306758633991e+01,2.991521014494281649e-01,nan,8.125557628515487352e+00,1.000000000000000000e+00
1.268000000000000000e+03,5.890543544759299266e+01,2.485260984992491018e+01,-1.681221234321200568e-03,4.738893084990950655e+01,3.260097054402528727e-01,nan,1.647311745580524089e+01,1.000000000000000000e+00
1.268000000000000000e+03,9.151616471672525677e+01,2.736513856121292321e+01,-1.448973593740839581e-03,4.101000053220813868e+01,3.391975456856949345e-01,nan,1.926440328168136062e+01,1.000000000000000000e+00
1.275000000000000000e+03,1.466681353260042897e+01,5.289997630346557855e+01,-1.678154879865410495e-02,4.621356084335527044e+02,1.412660278525279534e-02,nan,1.880163988371652550e+01,1.000000000000000000e+00
1.275000000000000000e+03,1.234024032079487370e+02,1.970690810875956700e+01,-1.582165886335288110e-03,4.466826957292589384e+01,2.868644139676498339e-01,nan,2.028370976509296142e+01,1.000000000000000000e+00
1.275000000000000000e+03,1.005890623266438126e+02,2.399080661500447675e+01,-1.228195032993756666e-03,3.494608078202777790e+01,3.348343732479852619e-01,nan,8.870438636559027756e+00,1.000000000000000000e+00
1.275000000000000000e+03,1.330892854608829268e+01,3.414743485756110886e+01,-2.051185628206919284e-03,5.755039937002149486e+01,3.034258686056475751e-01,nan,1.880163988371652550e+01,1.000000000000000000e+00
1.276000000000000000e+03,1.060783599102540364e+02,9.156723008292045662e+00,-2.233580325027107946e-02,6.146891587090740359e+02,9.037281831698162904e-03,nan,1.581715601530071247e+01,1.000000000000000000e+00
1.276000000000000000e+03,4.537377791555788775e+01,5.337625628764321561e+01,-1.492411223299448288e-02,4.111191227879492658e+02,1.438974071701992763e-02,nan,3.071065782817987966e+01,1.000000000000000000e+00
1.277000000000000000e+03,9.327077884369614935e+01,1.897808195987184021e+01,-2.260506732976592416e-03,6.329962781433802377e+01,2.010384441577747205e-01,nan,8.870438636559027756e+00,1.000000000000000000e+00
1.279000000000000000e+03,5.207521375420274268e+01,2.099052621737660829e+01,-8.091127065495808471e-03,2.234438631536999367e+02,3.264552039500667746e-02,nan,9.264311105849206029e+00,1.000000000000000000e+00
1.280000000000000000e+03,2.135808796003894372e+01,1.474952263366434124e+01,-8.240411833834369176e-03,2.275441292849132537e+02,3.286794902598388912e-02,nan,1.469608798227177893e+01,1.000000000000000000e+00
1.281000000000000000e+03,3.295047041722637715e+01,2.378233343368479069e+01,-1.766457409056705966e-03,4.973003372538553890e+01,2.593279066310574255e-01,nan,1.469608798227177893e+01,1.000000000000000000e+00
1.281000000000000000e+03,1.191294125246846676e+02,4.754969191964232067e+01,-1.493894435549368007e-03,4.224379958822024861e+01,3.219582867980759211e-01,nan,1.479785762808714189e+01,1.000000000000000000e+00
1.283000000000000000e+03,1.388425917536615088e+02,3.706026010428157491e+01,-1.695646456994459291e-03,4.778513504823893498e+01,2.800067089085599426e-01,nan,7.532337672481340007e+00,1.000000000000000000e+00
1.283000000000000000e+03,1.321936053844252399e+02,4.059962319302959344e+01,-2.458238273169284244e-03,6.873053644854012134e+01,1.444522264346871365e-01,nan,7.532337672481340007e+00,1.000000000000000000e+00
1.286000000000000000e+03,1.211326278061670365e+02,7.713814155525503757e+00,-1.637504698256651847e-03,4.618820934165140812e+01,2.719088231782670340e-01,nan,3.427618288031523974e+01,1.000000000000000000e+00
1.286000000000000000e+03,4.259910304909620749e+01,1.172593382919063565e+01,-7.958233413589794678e-03,2.197937965995038780e+02,2.707399701703816497e-02,nan,1.399508604601954964e+01,1.000000000000000000e+00
1.287000000000000000e+03,1.382862575662723437e+01,2.183215409954470587e+01,-1.271533193441139230e-03,3.613640979850516288e+01,3.525337908877506088e-01,nan,1.671244320745126899e+01,1.000000000000000000e+00
1.289000000000000000e+03,9.939200780672678093e+01,4.059659565019804717e+01,-2.427503280926376558e-02,6.679521765633322730e+02,1.007222981447686294e-02,nan,1.544483863461207385e+01,1.000000000000000000e+00
1.289000000000000000e+03,8.709044071624907701e+01,3.125772593445183745e+01,-1.718608918752491995e-03,4.841582366626469991e+01,3.199628195765147343e-01,nan,7.551297881731130701e+00,1.000000000000000000e+00
1.290000000000000000e+03,2.511717034575552887e+01,4.680182123007570283e+01,-1.754913456478985343e-03,4.941296669770716932e+01,2.905615243939666525e-01,nan,1.166238330947574475e+01,1.000000000000000000e+00
1.292000000000000000e+03,8.161213508646019932e+01,2.606058565105938740e+01,-1.661270126291450018e-03,4.684095228890158324e+01,3.388802540894513271e-01,nan,7.551297881731130701e+00,1.000000000000000000e+00
1.293000000000000000e+03,6.031084671882906179e+01,9.144757263189640994e+00,-1.536878758439459008e-03,4.342441007702558409e+01,3.620556372380364651e-01,nan,1.278998179717570594e+01,1.000000000000000000e+00
1.293000000000000000e+03,1.964719057880807185e+01,3.650179667639992687e+01,-1.647245667050249978e-03,4.645575548767895668e+01,3.089015472630077808e-01,nan,1.166238330947574475e+01,1.000000000000000000e+00
1.294000000000000000e+03,1.308529909666189326e+02,4.502122411051017536e+01,-2.352729468105097324e-02,6.474147476196463913e+02,9.896240053005045390e-03,nan,1.051126050750175622e+01,1.000000000000000000e+00
1.294000000000000000e+03,9.328576778661373226e+01,7.383370155841897819e+00,-1.313706989398192703e-03,3.729475829655982722e+01,2.952506338883567061e-01,nan,1.499253779993727420e+01,1.000000000000000000e+00
1.295000000000000000e+03,9.716243816052059401e+01,2.186603622582434525e+01,-2.174324533426174808e-03,6.093254135359041612e+01,1.536998741040646044e-01,nan,1.499253779993727420e+01,1.000000000000000000e+00
1.295000000000000000e+03,3.391848265882420321e+01,3.910090097821858279e+01,-1.260298165837836926e-03,3.582782772628333845e+01,3.610401056876554327e-01,nan,1.169475400158709633e+01,1.000000000000000000e+00
1.295000000000000000e+03,8.001467356279911769e+01,5.035000304494838019e+01,-1.802784789355560717e-03,5.072780415255527942e+01,2.832530640067369987e-01,nan,1.514741418739271417e+01,1.000000000000000000e+00
1.296000000000000000e+03,1.171738828406501369e+02,7.075463100400401828e+00,-1.507094692436783965e-03,4.260635878860725256e+01,3.748629073790155086e-01,nan,2.006983786623139920e+01,1.000000000000000000e+00
1.296000000000000000e+03,2.144178324712248696e+01,1.854502195083816929e+01,-1.566442419064590459e-03,4.423640769557031405e+01,2.858135972896207466e-01,nan,8.675412280734674297e+00,1.000000000000000000e+00
1.296000000000000000e+03,1.302005266224106776e+02,3.453023332145202318e+01,-1.842913730455175139e-03,5.182998852074915419e+01,3.223373467998090769e-01,nan,1.051126050750175622e+01,1.000000000000000000e+00
1.297000000000000000e+03,5.932025152690540182e+01,4.620745186666199089e+01,-1.541710979032278163e-03,4.355713219366077738e+01,3.110849380793270225e-01,nan,1.074026519206256758e+01,1.000000000000000000e+00
1.298000000000000000e+03,7.599109634531046709e+00,1.651641385727848288e+01,-1.479551443051001008e-03,4.184985392975944762e+01,3.463232240103458759e-01,nan,1.399052763629703833e+01,1.000000000000000000e+00
1.300000000000000000e+03,1.307317582098685307e+02,2.187351727821570435e+01,-1.802528230490691059e-03,5.072075748841134413e+01,3.450086574554319663e-01,nan,3.664311232317142952e+00,1.000000000000000000e+00
1.300000000000000000e+03,1.216171331312530128e+02,5.189524599633313784e+01,-1.463768955716668405e-03,4.141637100311211839e+01,3.457879135286203720e-01,nan,1.937055262564363645e+01,1.000000000000000000e+00
1.300000000000000000e+03,9.170748230911661381e+01,4.072075695885902746e+01,-1.612419396611346331e-03,4.549921465135420107e+01,2.589321351828560713e-01,nan,1.254133339050919815e+01,1.000000000000000000e+00
1.303000000000000000e+03,7.833885721271727220e+01,2.090734109141439134e+01,-1.719500411929761243e-03,4.844030948167404915e+01,3.088832618247552286e-01,nan,2.390170674459012901e+01,1.000000000000000000e+00
1.304000000000000000e+03,8.076140301887838291e+01,4.684189993903181914e+01,-1.722017583058902106e-03,4.850944628405617465e+01,2.338744810763313531e-01,nan,1.254133339050919815e+01,1.000000000000000000e+00
1.305000000000000000e+03,5.372915243496707660e+01,2.902309278829083183e+01,-1.244958546433507602e-03,3.540650864189669278e+01,3.748671777269781957e-01,nan,2.591337482562573413e+01,1.000000000000000000e+00
1.306000000000000000e+03,1.014523121950907267e+02,1.050982962148668243e+01,-2.142111034680406912e-03,6.004776309158042125e+01,2.539962818729809557e-01,nan,1.315861546202585508e+01,1.000000000000000000e+00
1.307000000000000000e+03,1.369302729346211720e+02,6.241506577639102105e+00,-1.438834326340589264e-03,4.073151468814480580e+01,3.420471691823137039e-01,nan,2.004854279449941856e+01,1.000000000000000000e+00
1.308000000000000000e+03,1.146096491378323634e+02,1.069325658960226377e+01,1.415117276368716998e-03,-4.008010049623328541e+01,3.662019447816358131e-01,nan,1.315861546202585508e+01,1.000000000000000000e+00
1.308000000000000000e+03,2.222818389410412721e+01,1.630296861695850907e+01,-1.592010536716939378e-03,4.493866344487119591e+01,2.705965205651094108e-01,nan,3.397223245455838736e+01,1.000000000000000000e+00
1.313000000000000000e+03,1.063869882533969218e+02,3.502573403983493705e+01,-1.736323159555710127e-03,4.890236427194035684e+01,3.598542426765188873e-01,nan,1.226422971371779980e+01,1.000000000000000000e+00
1.314000000000000000e+03,1.189163236732743343e+02,2.310699271680328692e+01,-1.474495489283693742e-02,4.061983744612325040e+02,1.655860882162063508e-02,nan,9.180583998966021397e+00,1.000000000000000000e+00
1.314000000000000000e+03,3.636404229010678080e+01,4.490039969844883672e+01,-1.415799722551741883e-03,4.009884461193761496e+01,3.447422756403324406e-01,nan,2.672900249642277259e+01,1.000000000000000000e+00
1.314000000000000000e+03,1.434301790337374030e+02,4.989010204275135862e+01,-1.785157730016170017e-03,5.024365807920452198e+01,2.882747668270054797e-01,nan,3.148951909846273267e+01,1.000000000000000000e+00
1.315000000000000000e+03,1.399658232901571466e+02,1.658748493954775327e+01,-1.345581166666636646e-03,3.817021673058904696e+01,3.676765087757224437e-01,nan,9.485292160674893225e+00,1.000000000000000000e+00
1.318000000000000000e+03,1.673266797875490397e+01,2.676069967057162557e+01,-1.612918097242847532e-03,4.551291199859006298e+01,2.657198752908184192e-01,nan,1.062747721135012036e+01,1.000000000000000000e+00
1.318000000000000000e+03,1.149457495035879617e+01,1.751377297552130585e+01,-1.465032471981258556e-03,4.145107483126280812e+01,3.346898468711848595e-01,nan,1.062747721135012036e+01,1.000000000000000000e+00
1.319000000000000000e+03,1.142337094597193925e+02,1.521039555795795373e+01,-1.484633321804579471e-03,4.198943317530561359e+01,2.664261819477716786e-01,nan,9.180583998966021397e+00,1.000000000000000000e+00
1.319000000000000000e+03,1.314514527089062881e+02,2.076794675356908115e+01,-1.668909155745091841e-03,4.705076641858609321e+01,2.687702066185723160e-01,nan,6.019877265200997307e+00,1.000000000000000000e+00
1.319000000000000000e+03,1.059716309162704988e+02,3.018823776527649017e+01,-1.606728455485083654e-03,4.534290685509045460e+01,3.011228896040546443e-01,nan,1.475496872276433535e+01,1.000000000000000000e+00
1.320000000000000000e+03,6.532605862231720550e+01,1.765470611685822533e+01,-5.123534096705960848e-03,1.419357422879428441e+02,4.834594657376845017e-02,nan,8.765516933815842293e+00,1.000000000000000000e+00
1.322000000000000000e+03,9.650950902911633023e+01,9.064766279122638437e+00,-1.419593122224862419e-03,4.020303439884593644e+01,3.497060484799858759e-01,nan,1.145599418938172853e+01,1.000000000000000000e+00
1.323000000000000000e+03,3.608186492432221826e+01,3.288845575694978152e+01,-1.427474914889364111e-03,4.041951628025402243e+01,3.242266988676106854e-01,nan,6.168689369889685636e+00,1.000000000000000000e+00
1.324000000000000000e+03,1.271713010176649163e+02,2.500105716886035623e+01,-1.267437655628195345e-03,3.602392146382500471e+01,3.069384380772955945e-01,nan,6.019877265200997307e+00,1.000000000000000000e+00
1.326000000000000000e+03,8.563388357052893696e+01,1.266484596597314827e+01,-1.153462797489560997e-03,3.289347985322581991e+01,3.710744100213657637e-01,nan,1.030073383135735199e+01,1.000000000000000000e+00
1.326000000000000000e+03,2.433914726620376001e+01,2.925550188478437974e+01,-1.290288954193518581e-03,3.665155686564408200e+01,3.633443433153301649e-01,nan,1.229185794888505079e+01,1.000000000000000000e+00
1.327000000000000000e+03,1.341055097816157797e+02,2.200659259342860352e+01,-1.435105977545603597e-03,4.062911159331090971e+01,3.512571434083585631e-01,nan,7.553149626186987931e+00,1.000000000000000000e+00
1.328000000000000000e+03,7.831437817668052048e+01,1.991260136015511861e+01,-1.355279312755884374e-03,3.843658670515416276e+01,3.423498220452054763e-01,nan,1.030073383135735199e+01,1.000000000000000000e+00
1.329000000000000000e+03,1.352286462386023800e+02,1.084932396138690258e+01,-1.326724111264037959e-03,3.765228749733774549e+01,3.194176384819329417e-01,nan,1.121365590824660963e+01,1.000000000000000000e+00
1.330000000000000000e+03,5.051198193638250444e+01,2.698346937953075297e+01,-2.340920246503081208e-03,6.550827113189852469e+01,2.269866810165033222e-01,nan,1.279259886711762206e+01,1.000000000000000000e+00
1.330000000000000000e+03,6.006050268788185065e+01,4.931531415156367615e+01,-1.656174095711275985e-03,4.670098434827332312e+01,2.912895486901873054e-01,nan,2.225673196168595780e+01,1.000000000000000000e+00
1.332000000000000000e+03,1.235835774988934759e+02,1.783063279776838783e+01,-1.876967042326781188e-03,5.276529922174533738e+01,3.024448286296019806e-01,nan,1.132032239722722267e+01,1.000000000000000000e+00
1.332000000000000000e+03,3.986351164036457817e+01,1.979917776428884935e+01,-1.548641497599370686e-03,4.374748631262855270e+01,3.092139307774457446e-01,nan,1.284538694076637100e+01,1.000000000000000000e+00
1.332000000000000000e+03,1.392245334615552395e+02,3.718248840250203102e+01,-1.746956549163622375e-03,4.919442171192270763e+01,3.125017664021118025e-01,nan,1.601599878382966580e+01,1.000000000000000000e+00
1.333000000000000000e+03,6.971656705768357654e+01,1.051275175715415067e+01,-1.630784872349160279e-03,4.600364212235110983e+01,2.885388945880970057e-01,nan,1.273889824894543032e+01,1.000000000000000000e+00
1.333000000000000000e+03,1.922862027935439144e+01,3.140155028168359763e+01,-1.311429209299702593e-03,3.723219662535831276e+01,3.671747234242593860e-01,nan,1.783495358606197101e+01,1.000000000000000000e+00
1.334000000000000000e+03,1.139434612010658299e+02,4.023249529403364733e+01,-1.778506764460431816e-03,5.006098218325367810e+01,2.654379268829867300e-01,nan,2.438801520290690306e+01,1.000000000000000000e+00
1.336000000000000000e+03,3.633208335699556812e+01,5.482276256412219162e+00,-1.053692947266649839e-02,2.906204471104688309e+02,2.554648146003546394e-02,nan,1.474600469641925393e+01,1.000000000000000000e+00
1.337000000000000000e+03,1.284221528213692842e+01,4.805385944973895818e+01,-1.282026137327167562e-03,3.642460974623882208e+01,3.241834514456236604e-01,nan,1.783495358606197101e+01,1.000000000000000000e+00
1.340000000000000000e+03,7.174284839424219129e+00,6.581148697091951050e+00,-1.725964559785699319e-03,4.861785422931198752e+01,2.950736200665774467e-01,nan,2.461569706835783933e+01,1.000000000000000000e+00
1.341000000000000000e+03,1.302342184993093497e+02,3.343501003063328625e+01,-1.463173893658108139e-03,4.140002698602424402e+01,2.819345467682541351e-01,nan,1.400925791485935434e+01,1.000000000000000000e+00
1.342000000000000000e+03,6.721017065761401454e+01,2.609337187692426951e+01,-1.275272683785842222e-03,3.623911890794097701e+01,3.098118315303767245e-01,nan,2.259074191399358256e+01,1.000000000000000000e+00
1.343000000000000000e+03,2.844519377425858053e+01,3.802003110847321210e+01,-1.401292053050550226e-03,3.970037592313162378e+01,3.379286804743337758e-01,nan,1.355703653589088731e+01,1.000000000000000000e+00
1.345000000000000000e+03,1.313965846784255689e+02,1.183473644833339122e+01,-1.877672643867556862e-03,5.278467932416284469e+01,2.644407223836400256e-01,nan,1.011107739899530777e+01,1.000000000000000000e+00
1.345000000000000000e+03,1.059064335356952569e+02,1.172358629709943934e+01,-1.511017427777181866e-03,4.271410091820931143e+01,3.721385490630990667e-01,nan,1.158935240354742646e+01,1.000000000000000000e+00
1.345000000000000000e+03,1.181748858526130164e+02,1.742006141647488704e+01,-1.386401656615113189e-03,3.929139522895859926e+01,3.541070487196775751e-01,nan,1.352644635660631600e+01,1.000000000000000000e+00
1.346000000000000000e+03,8.956767740318716164e+01,8.886538771685234650e+00,-9.141686575340665297e-03,2.522986058376414462e+02,2.575585995845330878e-02,nan,1.658323824284719450e+01,1.000000000000000000e+00
1.347000000000000000e+03,1.880844782601334231e+01,1.309872168505599888e+01,-1.374980939202664681e-03,3.897771298714930310e+01,3.480265351473400548e-01,nan,2.671962828799690826e+01,1.000000000000000000e+00
1.347000000000000000e+03,1.192610105263670448e+02,4.498155194211495456e+01,-1.555181803286018530e-03,4.392712281669523833e+01,2.568556938351854724e-01,nan,1.414138974496327883e+01,1.000000000000000000e+00
1.351000000000000000e+03,1.301656177974238915e+02,9.313869633608440779e+00,-1.242217529500229574e-02,3.424007437901956905e+02,1.508784076108571348e-02,nan,2.830813447639717850e+01,1.000000000000000000e+00
1.352000000000000000e+03,9.838052413498165549e+01,7.401821422569796916e+00,-1.619480435983708519e-03,4.569315366410063461e+01,3.033842047594229596e-01,nan,3.049663906040480299e+01,1.000000000000000000e+00
1.352000000000000000e+03,5.897274998489533004e+01,5.091982016597648908e+01,-1.220405173978173375e-03,3.473212395680039322e+01,3.087594184461911473e-01,nan,2.232040315668901798e+01,1.000000000000000000e+00
1.353000000000000000e+03,8.155216320118356066e+00,4.313044648973624362e+01,-1.995914106040039705e-03,5.603230778650844002e+01,2.606831845800673397e-01,nan,8.064503660781037198e+00,1.000000000000000000e+00
1.354000000000000000e+03,1.833811966185261255e+01,2.081223042420327829e+01,-1.717463135353001396e-03,4.838435349741276070e+01,3.019427217734994562e-01,nan,1.973986799865874886e+01,1.000000000000000000e+00
1.354000000000000000e+03,7.006883633139784706e+01,3.050402246313889876e+01,-1.823091418204316654e-03,5.128554747382194989e+01,2.627967092560197226e-01,nan,1.567944707170483909e+01,1.000000000000000000e+00
1.354000000000000000e+03,3.431897048555096319e+01,3.942067138045917574e+01,-1.602910348876190449e-03,4.523803846571598086e+01,2.882318029923726099e-01,nan,4.920030739368836947e+00,1.000000000000000000e+00
1.354000000000000000e+03,1.065159415381561558e+02,4.919636596393524286e+01,-1.279432520089708982e-03,3.635337326957453996e+01,3.169089250125864954e-01,nan,1.240146722074714880e+01,1.000000000000000000e+00
1.355000000000000000e+03,1.409989193099070235e+02,3.546707318257003294e+01,-1.523464611122165224e-03,4.305597614678382712e+01,2.945840930779641820e-01,nan,1.800216632072127965e+01,1.000000000000000000e+00
1.355000000000000000e+03,9.707407325751884741e+01,4.115599827343991990e+01,-1.697571079159416801e-03,4.783799685836319782e+01,2.518481014862377076e-01,nan,1.240146722074714880e+01,1.000000000000000000e+00
1.356000000000000000e+03,6.863792768156420721e+01,1.414147647233070870e+01,-1.721879131612394538e-03,4.850564356671768707e+01,2.870065467436362372e-01,nan,1.642499348144412252e+01,1.000000000000000000e+00
1.357000000000000000e+03,5.445591317219746941e+01,2.906121585818523201e+01,-1.427516649663865007e-03,4.042066257055734013e+01,3.668830657445371068e-01,nan,7.158517131032681391e+00,1.000000000000000000e+00
1.358000000000000000e+03,1.192027383709661166e+02,1.543798506158611339e+01,-1.898519180488078203e-02,5.226610249531063346e+02,1.111607186166085892e-02,nan,1.910290778553946822e+01,1.000000000000000000e+00
1.358000000000000000e+03,7.432750512707282553e+01,5.284456285616330007e+01,-1.149735410653628283e-02,3.169995388400976140e+02,1.657699374984433760e-02,nan,2.274282315288958500e+01,1.000000000000000000e+00
1.358000000000000000e+03,1.402176781185376342e+02,5.345227972683355233e+01,-6.312040686208657270e-03,1.745793493343762464e+02,4.168344555174607891e-02,nan,1.800216632072127965e+01,1.000000000000000000e+00
1.360000000000000000e+03,9.923010946630169826e+01,8.806600694149967268e+00,-1.248962615952361761e-03,3.551648470186516704e+01,3.204474817419848964e-01,nan,2.104474195594027819e+01,1.000000000000000000e+00
1.360000000000000000e+03,2.073562468684653126e+01,2.206796771480395591e+01,-1.444136644788283907e-03,4.087714854610602089e+01,2.527280686827387823e-01,nan,1.825847513746393602e+01,1.000000000000000000e+00
1.361000000000000000e+03,1.461595335778740434e+01,4.865597611539684841e+00,-1.339016473864696561e-03,3.798991040826840759e+01,3.466807664952079593e-01,nan,1.825847513746393602e+01,1.000000000000000000e+00
1.363000000000000000e+03,3.966395447670509355e+01,4.379622416856174283e+01,-2.243748862152918772e-03,6.283935493496611002e+01,1.582701275029677612e-01,nan,7.002761726946036269e+00,1.000000000000000000e+00
1.364000000000000000e+03,1.333485525876302233e+02,7.301913866702637534e+00,-1.585415203353207061e-03,4.475751554668747900e+01,3.306356812283944846e-01,nan,8.980687921881244762e+00,1.000000000000000000e+00
1.366000000000000000e+03,3.335672908941761250e+01,4.075359706056173081e+01,-1.282621204219956765e-03,3.644095389610397007e+01,3.740691890353609050e-01,nan,7.002761726946036269e+00,1.000000000000000000e+00
1.367000000000000000e+03,7.522592065290821495e+01,2.608747146069481460e+01,-1.899254513482643734e-03,5.337744849958411208e+01,2.567128095120919662e-01,nan,3.700893554555514697e+01,1.000000000000000000e+00
1.370000000000000000e+03,1.110095002046390391e+02,4.137141099402570887e+01,-1.313288666443270056e-03,3.728326860834134493e+01,3.647432348615002873e-01,nan,1.493770721628455789e+01,1.000000000000000000e+00
1.371000000000000000e+03,1.418351179265513622e+02,2.638449878633911894e+01,-1.561427236784121170e-03,4.409866034012789981e+01,3.366763932755230115e-01,nan,1.932872312885732313e+01,1.000000000000000000e+00
1.372000000000000000e+03,3.270722435090593194e+01,2.861685404268283150e+01,-1.229035230738020987e-03,3.496915771340309220e+01,3.728050852128660386e-01,nan,8.401525871231308784e+00,1.000000000000000000e+00
1.373000000000000000e+03,3.604369753705996260e+01,1.280038959961565403e+01,-1.614615387029927004e-03,4.555952988135378945e+01,2.475944210287170932e-01,nan,1.322792842991852957e+01,1.000000000000000000e+00
1.374000000000000000e+03,3.304188220821631461e+01,5.342903113905857992e+01,-1.995125801761175877e-02,5.491950686914937023e+02,1.133911296511125322e-02,nan,1.362321908042627605e+01,1.000000000000000000e+00
1.377000000000000000e+03,5.167752239803458103e+00,3.741210845776209482e+01,-1.836492375598034995e-03,5.165361912867880534e+01,2.310867524600338507e-01,nan,1.219456114106314892e+01,1.000000000000000000e+00
1.378000000000000000e+03,3.700248734993938626e+01,2.825414834103962036e+01,-1.648199229593656778e-02,4.539079680912246317e+02,1.246021910330796789e-02,nan,1.548347303234707084e+01,1.000000000000000000e+00
1.381000000000000000e+03,1.308729832125142991e+02,2.829706504442856385e+01,-1.546531534530776707e-02,4.259838462036215674e+02,1.638696106641701622e-02,nan,8.021150120373244263e+00,1.000000000000000000e+00
1.381000000000000000e+03,5.111238340340586461e+01,1.006050614215239314e+01,-1.555037508956736347e-03,4.392315961832030524e+01,3.237519656234156828e-01,nan,3.372291469277357567e+00,1.000000000000000000e+00
1.382000000000000000e+03,9.420628710537465977e+00,2.598318186127874796e+01,-1.688193907893942910e-03,4.758044280127941050e+01,3.188984397521564818e-01,nan,1.219456114106314892e+01,1.000000000000000000e+00
1.382000000000000000e+03,4.793913735691866407e+01,5.064380910561554572e+01,-1.638270153736917124e-03,4.620923339665456808e+01,3.134479806896048881e-01,nan,1.531865398894167107e+01,1.000000000000000000e+00
1.382000000000000000e+03,1.268455137316040009e+02,4.505495612818408091e+01,-1.536603868745384542e-03,4.341685993701480584e+01,3.620923113080082301e-01,nan,6.572339973941307534e+00,1.000000000000000000e+00
1.384000000000000000e+03,4.214976950317026194e+01,2.215385584397149188e+01,-1.357548632977621794e-03,3.849891601677533259e+01,3.464763759849712743e-01,nan,1.364553642777410047e+01,1.000000000000000000e+00
1.384000000000000000e+03,3.949299774694090814e+01,3.786398572179355426e+01,-1.571256501160052084e-03,4.436863161893894869e+01,3.117026044667695617e-01,nan,1.048947293680189219e+01,1.000000000000000000e+00
1.385000000000000000e+03,8.723273239829767078e+01,2.817536130654975679e+01,-9.055459942992047373e-03,2.499302989824784618e+02,2.775127758357931462e-02,nan,6.598221201909240996e+00,1.000000000000000000e+00
1.385000000000000000e+03,7.999512899495148588e+01,5.111213685208500834e+01,-7.070858624841792200e-03,1.954210971440281526e+02,2.964330488000133101e-02,nan,2.178496096837767482e+01,1.000000000000000000e+00
1.385000000000000000e+03,1.223932161358999195e+02,4.988948804475619880e+01,-1.399318718698192195e-03,3.964617618058197479e+01,3.493845597859478458e-01,nan,6.572339973941307534e+00,1.000000000000000000e+00
1.386000000000000000e+03,1.851580837292292969e+01,4.232863242450719099e+01,-1.555463965263641571e-03,4.393487269776642989e+01,3.223152679198285631e-01,nan,1.870550847226600055e+01,1.000000000000000000e+00
1.386000000000000000e+03,1.316225841647144534e+02,2.031101798308311146e+01,-2.390862573385790779e-03,6.687999065633621854e+01,2.235159119966230179e-01,nan,8.021150120373244263e+00,1.000000000000000000e+00
1.387000000000000000e+03,4.918293158440544488e+01,3.384724267332018854e+01,-1.599784063251051026e-03,4.515217168099358958e+01,2.730002326595463158e-01,nan,1.048947293680189219e+01,1.000000000000000000e+00
1.388000000000000000e+03,8.954270951593026950e+01,1.682956756475690696e+01,-1.273683417109090169e-03,3.619546799565651440e+01,3.285774553503916229e-01,nan,5.135791336176076527e+00,1.000000000000000000e+00
1.390000000000000000e+03,2.435811361781225770e+01,1.475455071699066423e+01,-1.430917705460052871e-03,4.051407621246251978e+01,3.067561319609862780e-01,nan,1.899403120830644909e+01,1.000000000000000000e+00
1.391000000000000000e+03,1.210841146600045732e+02,9.182623232530806590e+00,-1.651327966358770091e-03,4.656788021264915045e+01,2.637521946586527388e-01,nan,1.422599054605018765e+01,1.000000000000000000e+00
1.392000000000000000e+03,1.030264025334762934e+01,5.157937988525554118e+01,-1.957257436146026680e-02,5.387941162899689971e+02,7.810938051917792890e-03,nan,3.624025977924198827e+01,1.000000000000000000e+00
1.392000000000000000e+03,1.123417122336220046e+02,2.941679956359933001e+01,-1.473009274843883930e-03,4.167016626957225611e+01,3.539984117970874644e-01,nan,7.825862943809435812e+00,1.000000000000000000e+00
1.392000000000000000e+03,1.151541932403059860e+02,2.211378091359359743e+01,-1.449963327014216347e-03,4.103718461712802679e+01,3.577481502542015912e-01,nan,7.825862943809435812e+00,1.000000000000000000e+00
1.393000000000000000e+03,5.730116682923619642e+00,7.741950367392422372e+00,-1.777613352714397122e-03,5.003644367229731671e+01,2.292240544299136706e-01,nan,1.682176429543825336e+01,1.000000000000000000e+00
1.393000000000000000e+03,1.393502729550727679e+02,3.164455724414116489e+01,-1.261033515393276960e-02,3.475687559418227011e+02,1.517273238199501328e-02,nan,2.103308277125158199e+01,1.000000000000000000e+00
1.393000000000000000e+03,9.373517448266491670e+01,1.386315725068302562e+01,-1.663950210986191820e-03,4.691456368693592083e+01,2.773399189813543497e-01,nan,5.135791336176076527e+00,1.000000000000000000e+00
1.393000000000000000e+03,1.078186779440804628e+02,4.209238819834115475e+01,-1.654543320809284158e-03,4.665619336810376439e+01,3.191149182376116222e-01,nan,8.109133644155955167e+00,1.000000000000000000e+00
1.394000000000000000e+03,5.822110767382335439e+01,7.580704335095776791e+00,-1.614391297073502042e-03,4.555337501057292826e+01,3.290142919397364141e-01,nan,1.781078486080511425e+01,1.000000000000000000e+00
1.395000000000000000e+03,1.241355730469189922e+02,4.616707347126742889e+01,-1.854067119573881220e-03,5.213632830451034295e+01,2.985923878056175873e-01,nan,8.718596127502564741e+00,1.000000000000000000e+00
1.396000000000000000e+03,2.078784636927774798e+01,1.524105236056271906e+01,-1.542575109562741497e-03,4.358086646465465464e+01,3.236431450077090766e-01,nan,1.503310272343590981e+01,1.000000000000000000e+00
1.397000000000000000e+03,1.156119301340001897e+02,4.433365319005753236e+01,-7.132541017428676612e-03,1.971152701533108313e+02,3.279296533942732683e-02,nan,6.797062147927227294e+00,1.000000000000000000e+00
1.397000000000000000e+03,6.016516610295976619e+01,4.081833303870856611e+01,-2.010519181963276152e-03,5.643345184707351336e+01,2.432169449349722568e-01,nan,1.279768386139350511e+01,1.000000000000000000e+00
1.398000000000000000e+03,5.881333792659767568e+01,2.562953345949169304e+01,-1.186038358248815011e-02,3.269705324079195634e+02,2.580525861974547475e-02,nan,1.524883838448113060e+01,1.000000000000000000e+00
1.398000000000000000e+03,1.142121557399689209e+02,3.612004561763975374e+01,-2.364890449994347475e-03,6.616663845649144093e+01,2.644082408719016231e-01,nan,8.332029627159535323e+00,1.000000000000000000e+00
1.398000000000000000e+03,1.213791697989889862e+01,5.008690772129091329e+01,-1.433565333242291543e-03,4.058679614661516410e+01,3.392951892446715023e-01,nan,2.099799939350725353e+01,1.000000000000000000e+00
1.399000000000000000e+03,7.452094793402346795e+01,1.475978957277363612e+01,-1.318453299655024565e-03,3.742512079375835299e+01,3.439983108527179256e-01,nan,1.043665803504072898e+01,1.000000000000000000e+00
1.400000000000000000e+03,3.556055625324817271e+01,1.802694901647418391e+01,-1.730044948554150183e-02,4.763877718363355598e+02,1.524443800506303237e-02,nan,1.503310272343590981e+01,1.000000000000000000e+00
1.400000000000000000e+03,4.340839771142930914e+01,4.373698332217052354e+01,-1.407023530911666494e-03,3.985779710425599376e+01,3.324458567620146576e-01,nan,7.329930659886556121e+00,1.000000000000000000e+00
1.400000000000000000e+03,5.654106437539043384e+01,5.309215065526132094e+01,-1.387894998506706981e-03,3.933241146422874834e+01,2.872844472769393587e-01,nan,1.279768386139350511e+01,1.000000000000000000e+00
1.402000000000000000e+03,3.118583057190099694e+01,4.124988524076317020e+01,-2.165917637209797356e-03,6.070163694044585156e+01,2.179415799091010131e-01,nan,1.247304310690929441e+01,1.000000000000000000e+00
1.402000000000000000e+03,8.859138573666218974e+01,4.082255795024790501e+01,-1.544039962887927466e-03,4.362110023092098032e+01,3.182416912613998949e-01,nan,9.293830375006292499e+00,1.000000000000000000e+00
1.402000000000000000e+03,9.390545846839847854e+01,4.844724902865930716e+01,-1.315420554890075599e-03,3.734182320899649454e+01,2.542321901008898211e-01,nan,4.609803157299080745e+00,1.000000000000000000e+00
1.405000000000000000e+03,2.305402703941678766e+01,8.957806040282735083e+00,-1.671548097652571707e-03,4.712324778588098440e+01,2.663791815872357249e-01,nan,1.427377713549067195e+01,1.000000000000000000e+00
1.406000000000000000e+03,1.031036451425553935e+02,2.087041310210579326e+01,-1.917978099301617147e-03,5.389171184769939771e+01,2.713932823953104645e-01,nan,1.710814491276119398e+01,1.000000000000000000e+00
1.407000000000000000e+03,1.153476217402966739e+02,8.921619881449549538e+00,-1.572735986296890966e-03,4.440926726359129617e+01,3.239583134272923104e-01,nan,1.218069055002372991e+01,1.000000000000000000e+00
1.407000000000000000e+03,9.390400011529099800e+01,5.305705195527675500e+01,-1.649525546410213076e-03,4.651837481734632007e+01,2.701919435067071662e-01,nan,4.609803157299080745e+00,1.000000000000000000e+00
1.408000000000000000e+03,1.343893415356385219e+02,2.210496372580675484e+01,-1.853949966235158208e-03,5.213311056252453568e+01,3.257717067567997837e-01,nan,6.706216728465569155e+00,1.000000000000000000e+00
1.409000000000000000e+03,9.303293208285854377e+00,1.667039891416630581e+01,-1.191514679649071902e-03,3.393861557191965517e+01,3.553364390600581846e-01,nan,7.257778696436264276e+00,1.000000000000000000e+00
1.411000000000000000e+03,1.374984877349722865e+02,3.180394567217702217e+01,-1.386332673706856030e-03,3.928950053946343246e+01,3.399975401224009097e-01,nan,7.085477469130761818e+00,1.000000000000000000e+00
1.412000000000000000e+03,1.144692317989113093e+02,2.107059734403093287e+01,-9.038339578256959078e-03,2.494600698193926291e+02,3.671475043225957968e-02,nan,7.247813945809158831e+00,1.000000000000000000e+00
1.412000000000000000e+03,1.934979929515635533e+01,3.581441529703138826e+01,-1.504894334803040436e-03,4.254592360836344511e+01,2.773608270288410171e-01,nan,1.702317760607298425e+01,1.000000000000000000e+00
1.413000000000000000e+03,1.442500615672693129e+02,2.965447091014753767e+01,-1.385017344480124653e-03,3.925337361278642589e+01,3.340221510866970833e-01,nan,7.085477469130761818e+00,1.000000000000000000e+00
1.414000000000000000e+03,1.061790616840784907e+02,2.316930714390518276e+01,-2.009326764114138797e-03,5.640070081309003314e+01,2.669525135476590316e-01,nan,6.536330196899482914e+00,1.000000000000000000e+00
1.415000000000000000e+03,4.880411001718139374e+01,4.893339976271353464e+01,-9.441944472965034182e-03,2.605455107426780614e+02,3.097455306293017685e-02,nan,1.604122108490954801e+01,1.000000000000000000e+00
1.415000000000000000e+03,1.092356530963897967e+02,2.894692441931247728e+01,-1.693591195518317181e-03,4.772868508944406329e+01,3.634017810258977077e-01,nan,4.795026966054185102e+00,1.000000000000000000e+00
1.416000000000000000e+03,9.432676285086412804e+01,1.096913666062917514e+01,-1.165225605091650164e-03,3.321655796866652821e+01,3.197964170171874176e-01,nan,1.700944289072436533e+01,1.000000000000000000e+00
1.417000000000000000e+03,1.169230441572992163e+02,6.522412987577359544e+00,-1.634331051869322357e-03,4.610104174284519019e+01,3.036541176480761495e-01,nan,1.475367287015466289e+01,1.000000000000000000e+00
1.418000000000000000e+03,7.154131899755756763e+01,1.269082490198131019e+01,-1.118812024162573913e-03,3.194175923313695620e+01,3.500106959043278732e-01,nan,2.285039741432511562e+01,1.000000000000000000e+00
1.419000000000000000e+03,4.050830618266027017e+01,1.826161438943403681e+01,-1.704629242097920093e-03,4.803185686677140609e+01,3.481150704775352045e-01,nan,1.650289146951610419e+01,1.000000000000000000e+00
1.420000000000000000e+03,1.064185277337624314e+02,3.282714197718580351e+01,-1.234612549423199810e-03,3.512234474756828462e+01,3.411099507691348620e-01,nan,4.795026966054185102e+00,1.000000000000000000e+00
1.421000000000000000e+03,2.655468549919505250e+01,3.500202054022814480e+01,-1.481817188950911631e-03,4.191208506880150964e+01,3.349473550383320619e-01,nan,7.404484715540712081e+00,1.000000000000000000e+00
1.421000000000000000e+03,1.292622363935992382e+02,4.267973757051432671e+01,-1.956518917395667218e-03,5.495027671576350770e+01,2.086337542077839613e-01,nan,2.487787501498429421e+01,1.000000000000000000e+00
1.422000000000000000e+03,1.323148463991315893e+01,5.308996510491806475e+01,-3.461581243323627339e-03,9.628842627414418587e+01,9.862195194224987471e-02,nan,1.748776492245406899e+01,1.000000000000000000e+00
1.422000000000000000e+03,1.704286417611462667e+01,5.934150688036711863e+00,-1.647686076305047986e-03,4.646785179979048763e+01,2.529232983542524238e-01,nan,2.315069105991429765e+01,1.000000000000000000e+00
1.422000000000000000e+03,8.204082978647578273e+01,3.394313525256676201e+01,-1.505590083112180125e-03,4.256503308121565965e+01,2.474932286758536604e-01,nan,9.179801083158990238e+00,1.000000000000000000e+00
1.422000000000000000e+03,1.591582134975625884e+01,3.580944837620871368e+01,-1.504114906320448133e-03,4.252451576987835580e+01,3.209271806394355941e-01,nan,8.140404183664443849e+00,1.000000000000000000e+00
1.423000000000000000e+03,9.971934104975989044e+01,2.140327052935664653e+01,-1.404161814431134853e-03,3.977919699459411618e+01,3.612958165715937087e-01,nan,8.013325001247062929e+00,1.000000000000000000e+00
1.426000000000000000e+03,3.361489433859600950e+01,3.277046389816847949e+01,-1.486094789952543136e-03,4.202957396405207646e+01,3.004698127939458008e-01,nan,7.404484715540712081e+00,1.000000000000000000e+00
1.426000000000000000e+03,5.170569058809751084e+01,4.552723661164242230e+01,-1.986316873573886529e-03,5.576870951273743060e+01,1.719347576456075055e-01,nan,6.508315712367543249e+00,1.000000000000000000e+00
1.427000000000000000e+03,8.936301413979980168e+01,2.840649690224046608e+01,-2.182203470329247517e-03,6.114894479845071373e+01,1.790262657088258491e-01,nan,9.179801083158990238e+00,1.000000000000000000e+00
1.429000000000000000e+03,1.243573567169480185e+02,3.576428001901764731e+01,-1.670235081773421100e-03,4.708718439777418752e+01,3.244127898908740759e-01,nan,7.464879954761767245e+00,1.000000000000000000e+00
1.430000000000000000e+03,1.207791972327918302e+02,2.921285212542474241e+01,-1.720379942580956608e-03,4.846446673348611256e+01,2.142539930268309023e-01,nan,6.869871507303047409e+00,1.000000000000000000e+00
1.430000000000000000e+03,2.946148566254749923e+01,4.567614483892980104e+01,-1.446846199718924020e-03,4.095156937574866873e+01,3.423875554796862453e-01,nan,9.742866250539963247e+00,1.000000000000000000e+00
1.431000000000000000e+03,7.964833724010409455e+00,4.138016981925672155e+01,-1.667710079439455647e-03,4.701783250295988381e+01,3.281658610304408752e-01,nan,2.192171174740388651e+01,1.000000000000000000e+00
1.432000000000000000e+03,5.287809458174964305e+01,7.830775627142135598e+00,-1.292486834609337179e-03,3.671192400644306986e+01,3.123147336158260678e-01,nan,1.794709782129507758e+01,1.000000000000000000e+00
1.433000000000000000e+03,9.389719112996155559e+01,1.728396604615774734e+01,-1.234097655134797295e-03,3.510820262419301940e+01,3.394393878458034086e-01,nan,1.294194714992628015e+01,1.000000000000000000e+00
1.434000000000000000e+03,1.059240754532697366e+02,2.206392938338627374e+01,-1.626972317000045104e-03,4.589892620427498571e+01,2.617386812239914651e-01,nan,1.027999249779923652e+01,1.000000000000000000e+00
1.436000000000000000e+03,1.125161972259181766e+02,2.995203284932680177e+01,-1.272586666701247407e-03,3.616534457046236639e+01,3.323235635156981393e-01,nan,1.027999249779923652e+01,1.000000000000000000e+00
1.436000000000000000e+03,1.112508188288547615e+02,4.520622441746419895e+01,-1.483339447721966891e-03,4.195389553715247644e+01,3.388558962955847687e-01,nan,8.592944097375452728e+00,1.000000000000000000e+00
1.438000000000000000e+03,2.586597043012718089e+01,6.815536068650996704e+00,-1.771078343540998532e-03,4.985695264264258952e+01,2.565201342390842632e-01,nan,1.809620561340118527e+01,1.000000000000000000e+00
1.438000000000000000e+03,8.969539505374044097e+01,3.121707858020301884e+01,-1.880425354557021134e-03,5.286028547296592706e+01,2.145509550594612014e-01,nan,1.455289370374554103e+01,1.000000000000000000e+00
1.440000000000000000e+03,5.858664751254267600e+01,5.317123253181895137e+01,-2.006580313400872090e-03,5.632526660124120355e+01,2.457999886332957740e-01,nan,6.148952938127806078e+00,1.000000000000000000e+00
1.440000000000000000e+03,1.187590173802403939e+02,4.938541605863002815e+01,-1.578677349301016832e-03,4.457245316507464850e+01,3.000126381184887725e-01,nan,8.592944097375452728e+00,1.000000000000000000e+00
1.442000000000000000e+03,2.783758113397504275e+01,3.196181878772657825e+01,-1.245312195355379164e-03,3.541622198849479730e+01,3.677179384128448358e-01,nan,1.198378133737342743e+01,1.000000000000000000e+00
1.442000000000000000e+03,5.581158696556235554e+01,6.792257232553414958e+00,-1.308781300117389671e-03,3.715946896225108986e+01,3.489054457044915569e-01,nan,1.451763155826816565e+01,1.000000000000000000e+00
1.443000000000000000e+03,4.320877266011357420e+01,5.057859738491541890e+01,-1.146665922787834481e-03,3.270679640622882545e+01,3.657328851380021728e-01,nan,1.091880094120125655e+01,1.000000000000000000e+00
1.445000000000000000e+03,1.941224796698218569e+01,9.518202774634447749e+00,-2.058285454645133669e-02,5.665425441547619130e+02,1.189575309216528431e-02,nan,1.289859257471945853e+01,1.000000000000000000e+00
1.445000000000000000e+03,2.690968960851611769e+01,2.001401428401288740e+01,-1.381972796969662548e-03,3.916975185297160778e+01,3.044597951676522030e-01,nan,1.198378133737342743e+01,1.000000000000000000e+00
1.447000000000000000e+03,1.272005331320815316e+02,1.970687214244246377e+01,-1.629913679759228485e-03,4.597971388432645057e+01,3.223416379645343000e-01,nan,1.186705925532847239e+01,1.000000000000000000e+00
1.448000000000000000e+03,1.182713022169533730e+02,5.317471629943637623e+01,-1.634777998811083339e-03,4.611331761953474029e+01,3.411075322633810858e-01,nan,1.884166346381572410e+01,1.000000000000000000e+00
1.449000000000000000e+03,1.428992733941804829e+02,3.410895632018948476e+01,-1.127448324209873870e-02,3.108781517270128347e+02,3.008191533018444996e-02,nan,1.410734549453867892e+01,1.000000000000000000e+00
1.449000000000000000e+03,1.054526408507388453e+02,1.609492462644587718e+01,-1.312576717544695947e-03,3.726371416894028243e+01,3.352783756488094680e-01,nan,1.498611789867572597e+01,1.000000000000000000e+00
1.449000000000000000e+03,9.120300529065643502e+01,2.073514187112783702e+01,-1.459476171807230251e-03,4.129846509302912239e+01,3.507359286030511392e-01,nan,1.128535107387190095e+01,1.000000000000000000e+00
1.450000000000000000e+03,5.869932977002763153e+01,1.515215787852878648e+01,-1.680773671970654240e-03,4.737663807035821151e+01,2.847686406317461172e-01,nan,2.289987382481292144e+01,1.000000000000000000e+00
1.452000000000000000e+03,1.328160250729995653e+02,9.252526365161047650e+00,-2.300311131802303642e-03,6.439289828120999459e+01,1.552879798826262148e-01,nan,1.186705925532847239e+01,1.000000000000000000e+00
1.452000000000000000e+03,8.494457687765894605e+00,3.658546910850640899e+01,-1.186088006515440820e-03,3.378956617925468464e+01,3.306960501975150235e-01,nan,7.394361929418000301e+00,1.000000000000000000e+00
1.452000000000000000e+03,8.019750439340721471e+01,4.085984094988889126e+01,-1.408460275913105131e-03,3.989725884529060806e+01,2.718524517948781583e-01,nan,1.821780242293228369e+01,1.000000000000000000e+00
1.454000000000000000e+03,1.202979643125573119e+02,1.884635012309653845e+01,-2.552884491282721158e-02,7.023894695327494446e+02,9.662413030645855549e-03,nan,1.509814461944371367e+01,1.000000000000000000e+00
1.455000000000000000e+03,3.583816115300494687e+01,2.884832658237371206e+01,-1.425418456066229744e-02,3.927188413942261604e+02,2.098046645739559679e-02,nan,9.865368049390767169e+00,1.000000000000000000e+00
1.455000000000000000e+03,5.622395079880288193e+01,5.276547778959968582e+01,-1.429775821451137463e-02,3.939156384893283303e+02,1.719660489350838262e-02,nan,8.051831830976620807e+00,1.000000000000000000e+00
1.457000000000000000e+03,3.092044521024659787e+01,1.820523929995268020e+01,-1.880682884791563814e-02,5.177620952120047377e+02,1.038576137171431935e-02,nan,9.954294080930829125e+00,1.000000000000000000e+00
1.458000000000000000e+03,8.196087080475071218e+01,2.243371287934300540e+01,-1.643033780071989549e-03,4.634007149849732343e+01,2.379404647023400932e-01,nan,1.202782800673077190e+01,1.000000000000000000e+00
1.458000000000000000e+03,9.323896068282027727e+01,4.393915882066018952e+01,-1.314601469685824616e-03,3.731932615615617266e+01,3.496088060815351062e-01,nan,2.006194370275448335e+01,1.000000000000000000e+00
1.460000000000000000e+03,1.367670951396513601e+02,3.684083862246711760e+01,-1.787943210053435754e-03,5.032016427325955732e+01,3.031500944566699607e-01,nan,1.058034203728941414e+01,1.000000000000000000e+00
1.460000000000000000e+03,1.212224321825023736e+02,1.736229858527405767e+01,-1.525942288766344353e-03,4.312402821828151644e+01,3.741732542727987942e-01,nan,1.213611305469281554e+01,1.000000000000000000e+00
1.461000000000000000e+03,1.093170928504937365e+02,1.412285418551839378e+01,-1.314909493412325277e-03,3.732778635787290966e+01,3.242846717354358477e-01,nan,1.233819697643785496e+01,1.000000000000000000e+00
1.461000000000000000e+03,3.446973641216221296e+01,2.750526632215315104e+01,-1.497290047231344132e-03,4.233706370169485922e+01,3.121311834718656364e-01,nan,3.845548973598436504e+00,1.000000000000000000e+00
1.462000000000000000e+03,7.636851290244966606e+01,3.308238320253679632e+01,-3.386222878593890540e-02,9.312747873960429388e+02,8.977658844920188841e-03,nan,1.202782800673077190e+01,1.000000000000000000e+00
1.462000000000000000e+03,1.999170238250234632e+01,3.322253209281489461e+01,-1.677880489452330745e-03,4.729717371225038391e+01,2.040622825663834794e-01,nan,1.298774351158796492e+01,1.000000000000000000e+00
1.464000000000000000e+03,3.087604769510480907e+01,2.613645358359528004e+01,-1.523730154654880315e-03,4.306326958445782083e+01,3.480918566519335400e-01,nan,3.845548973598436504e+00,1.000000000000000000e+00
1.465000000000000000e+03,4.795059633409857724e+01,7.907768775513297932e+00,-1.995383660636126412e-03,5.601773853508159107e+01,2.773158941393675248e-01,nan,2.378645611110291469e+01,1.000000000000000000e+00
1.465000000000000000e+03,2.322015878420731738e+01,6.753631844525585848e+00,-1.299522059748370100e-03,3.690515400360940390e+01,3.517707427762715167e-01,nan,2.084001951977386824e+01,1.000000000000000000e+00
1.465000000000000000e+03,1.379157980794352625e+02,2.632303851112418869e+01,-1.207533612767941423e-03,3.437859273540705374e+01,3.606249413551313454e-01,nan,1.058034203728941414e+01,1.000000000000000000e+00
1.465000000000000000e+03,6.634144394097947206e+00,4.111931062166021178e+01,-1.596338773099158790e-03,4.505754309510886912e+01,2.404767293383226479e-01,nan,1.399869790285375792e+01,1.000000000000000000e+00
1.467000000000000000e+03,9.950418944809557331e+01,6.104314071647599427e+00,-1.968049913020939595e-03,5.526698786685862785e+01,2.460296916488587948e-01,nan,2.904401438986513995e+01,1.000000000000000000e+00
1.467000000000000000e+03,1.527936778008020546e+01,5.212947209104056157e+01,-1.810192893208540299e-03,5.093127566316509558e+01,2.708008314495639057e-01,nan,9.371465525355736403e+00,1.000000000000000000e+00
1.468000000000000000e+03,2.205799546296024616e+01,4.565841554439970906e+01,-2.004895737327296035e-03,5.627899791424245990e+01,2.563468866721424488e-01,nan,9.371465525355736403e+00,1.000000000000000000e+00
1.469000000000000000e+03,1.166814892837164592e+02,4.119090950673955831e+01,-5.489256988662168275e-03,1.519807134125026664e+02,4.337532306591274089e-02,nan,1.121524770467280341e+01,1.000000000000000000e+00
1.471000000000000000e+03,1.242214528590882168e+02,4.949336278027477931e+01,-2.995166992727597236e-03,8.347785908689428425e+01,1.525517006095562511e-01,nan,9.666215948154116333e+00,1.000000000000000000e+00
1.472000000000000000e+03,1.292601814112892953e+02,1.409290724071718692e+01,-1.362860748009058799e-03,3.864481894840672993e+01,3.659194623492393328e-01,nan,8.215711173083050767e+00,1.000000000000000000e+00
1.473000000000000000e+03,8.014352659224660158e+01,5.001625561470692816e+01,-1.277729458035542671e-03,3.630659684530989750e+01,3.143626884940747823e-01,nan,2.083620059840908212e+01,1.000000000000000000e+00
1.474000000000000000e+03,1.444500389586845301e+02,1.145563720923961704e+01,-1.190503544161322647e-03,3.391084365224809716e+01,3.629517108759885424e-01,nan,1.541709977684161181e+01,1.000000000000000000e+00
1.474000000000000000e+03,1.305288468685666601e+02,4.216857530448106672e+01,-1.590111379678793568e-03,4.488650106174243604e+01,3.045363611617882826e-01,nan,9.666215948154116333e+00,1.000000000000000000e+00
1.475000000000000000e+03,1.227974984633034836e+02,9.020270924822353820e+00,-1.961602501737317716e-03,5.508990280711372378e+01,2.619739747542191299e-01,nan,8.215711173083050767e+00,1.000000000000000000e+00
1.476000000000000000e+03,5.885679647628425215e+01,2.270840718947558656e+01,-1.621598034840724409e-03,4.575131578585995129e+01,3.150936016589546140e-01,nan,2.068466488567939265e+01,1.000000000000000000e+00
1.476000000000000000e+03,8.263679933771086894e+01,2.745693796825158017e+01,-1.198364979979683930e-03,3.412676641106318698e+01,3.555284156825979647e-01,nan,8.522164377171735694e+00,1.000000000000000000e+00
1.476000000000000000e+03,1.126526438484657149e+02,6.160421003539081397e+00,-1.217393609591797387e-03,3.464940811383226560e+01,3.250596968828899369e-01,nan,1.054024746998186579e+01,1.000000000000000000e+00
1.476000000000000000e+03,1.016264129155013194e+02,1.381905104587417377e+01,-1.480439690520105565e-03,4.187425059831605267e+01,3.600954364333422975e-01,nan,1.342506546399005529e+01,1.000000000000000000e+00
1.476000000000000000e+03,9.003912584964774624e+01,3.167983364328445361e+01,-1.267471446924992506e-03,3.602484957800121634e+01,2.971240777990467041e-01,nan,8.522164377171735694e+00,1.000000000000000000e+00
1.478000000000000000e+03,3.436704646457613421e+01,2.513369471941222599e+01,-9.168251491245289764e-03,2.530282397190782433e+02,2.934757650634267634e-02,nan,2.460954845662195467e+01,1.000000000000000000e+00
1.479000000000000000e+03,4.715097522961607979e+01,4.883893821810586644e+01,-1.567140010221688149e-03,4.425556778421642434e+01,2.473381604113907839e-01,nan,2.446482663398345281e+01,1.000000000000000000e+00
1.482000000000000000e+03,8.904646161967097839e+01,1.056308232534916591e+01,-1.316710550226816165e-03,3.737725431323791980e+01,3.277764828987996815e-01,nan,6.964972933157589807e+00,1.000000000000000000e+00
1.482000000000000000e+03,7.600754482893697173e+01,4.698439058141513414e+01,-1.342038301029761273e-03,3.807290812945048231e+01,3.013549472620807856e-01,nan,2.119687408656416494e+01,1.000000000000000000e+00
1.483000000000000000e+03,8.772074132276979697e+01,2.931779784431617131e+01,-1.833774424573101757e-03,5.157896769130941550e+01,3.736078649669496432e-01,nan,1.776400531709042596e+01,1.000000000000000000e+00
1.484000000000000000e+03,4.707216686391142701e+01,2.437423851685547405e+01,-1.985722790240410963e-03,5.575239237738277609e+01,2.797089571040595191e-01,nan,1.263284480370288243e+01,1.000000000000000000e+00
1.484000000000000000e+03,1.178644953413751324e+02,4.773713076566084368e+01,1.431092669856321581e-03,-4.051888179709230542e+01,3.614989569436730665e-01,nan,1.434484587641285103e+01,1.000000000000000000e+00
1.484000000000000000e+03,2.988781618187709554e+01,2.148469125088896092e+01,-1.423202760432497500e-03,4.030217698019176709e+01,2.727673861954408308e-01,nan,1.742559587977950386e+01,1.000000000000000000e+00
1.486000000000000000e+03,5.856156753679959337e+01,1.912233981140809647e+01,-1.364269092297484137e-02,3.759235133780678098e+02,3.271137895421050157e-02,nan,1.263284480370288243e+01,1.000000000000000000e+00
1.486000000000000000e+03,2.143838923552491948e+01,4.391974344476681580e+01,-1.225087921940198367e-03,3.486074064746072310e+01,3.679422372279760323e-01,nan,2.283378246605793294e+01,1.000000000000000000e+00
1.488000000000000000e+03,7.889639522368945279e+01,4.473502200527531869e+01,-1.490642797542997711e-03,4.215448986602374504e+01,2.920441352097701282e-01,nan,1.637504796342033231e+01,1.000000000000000000e+00
1.488000000000000000e+03,6.333733402748769237e+01,4.983970715689485331e+01,-1.445749448314368997e-03,4.092144592317875151e+01,3.415703515175516625e-01,nan,1.637504796342033231e+01,1.000000000000000000e+00
1.492000000000000000e+03,6.331074246609760081e+01,8.745630317273830556e+00,-1.372599103727721462e-03,3.891229332353108816e+01,2.917755721955527237e-01,nan,1.529016421389287572e+01,1.000000000000000000e+00
1.493000000000000000e+03,9.456459129247608075e+01,9.676912582018969644e+00,-1.341878161491900749e-02,3.697736042982437539e+02,1.789747285809784039e-02,nan,1.284336763190681907e+01,1.000000000000000000e+00
1.493000000000000000e+03,1.387305810236508989e+02,4.498705913052864958e+01,-1.420251118755469629e-03,4.022110697864714979e+01,3.481560510883360271e-01,nan,1.196871413528553596e+01,1.000000000000000000e+00
1.494000000000000000e+03,1.899769795235672376e+01,5.216085414104343698e+01,-1.328647410156751302e-03,3.770511296237184240e+01,3.702295861526323506e-01,nan,1.108714617542471181e+01,1.000000000000000000e+00
1.496000000000000000e+03,6.681098050764417451e+01,3.801011070504741696e+01,-2.213652715467526351e-03,6.201273201618124631e+01,1.986034638719063050e-01,nan,1.971196463107710883e+01,1.000000000000000000e+00
1.497000000000000000e+03,1.262597624003133348e+02,4.247164001773251840e+01,1.115735186427369713e-03,-3.185725058769842377e+01,3.621103156707379256e-01,nan,1.028474641598548089e+01,1.000000000000000000e+00
1.498000000000000000e+03,8.010732420070384663e+00,5.364793137763431474e+01,-1.151270288294740322e-03,3.283326023876716704e+01,3.520752797501224274e-01,nan,1.108714617542471181e+01,1.000000000000000000e+00
1.499000000000000000e+03,1.329165581291977958e+02,1.344066046824332616e+01,-1.265677766452304176e-03,3.597558422176806658e+01,3.444483110396302505e-01,nan,1.981686874535242993e+01,1.000000000000000000e+00
1.499000000000000000e+03,1.263638352823830147e+01,2.017314934515107083e+01,-1.380097453717102352e-03,3.911824354098204282e+01,3.459856582817055770e-01,nan,8.852041229258746924e+00,1.000000000000000000e+00
1.501000000000000000e+03,1.316632311434553912e+02,3.372072381524188955e+01,-1.413974994187075030e-03,4.004872649208134305e+01,3.242573583892786049e-01,nan,4.427390480460724476e+00,1.000000000000000000e+00
1.501000000000000000e+03,6.017738596531944495e+01,1.944786479931514478e+01,2.317240924634221978e-03,-6.485789318276448512e+01,3.165294523042553321e-01,nan,1.524684624603984773e+01,1.000000000000000000e+00
1.501000000000000000e+03,1.143953465853663687e+02,2.701209156777177611e+01,-1.436039037098919271e-03,4.065473907377957374e+01,3.510769581130980255e-01,nan,8.638986801955107708e+00,1.000000000000000000e+00
1.502000000000000000e+03,9.400075663703081830e+01,2.457429564777810782e+01,-1.718325626574054160e-02,4.731689344739868943e+02,1.403351385090900738e-02,nan,1.721172773182152227e+01,1.000000000000000000e+00
1.503000000000000000e+03,9.616267251762597112e+00,1.185224004381487362e+01,-2.152166213596059738e-03,6.032393935530774343e+01,1.737009900215266134e-01,nan,8.852041229258746924e+00,1.000000000000000000e+00
1.504000000000000000e+03,8.640543450058531505e+01,4.001951021922304363e+01,-1.899567773173641699e-02,5.229490321705810629e+02,1.014695709032753523e-02,nan,1.136017175401355850e+01,1.000000000000000000e+00
1.504000000000000000e+03,3.007306862027414951e+01,4.800462139873466327e+01,-1.237550568193006469e-02,3.411189128574985148e+02,1.733065481376905304e-02,nan,3.113908379837509699e+01,1.000000000000000000e+00
1.504000000000000000e+03,1.272736501548422865e+02,5.075742403064989361e+01,-1.502009996544655286e-03,4.246670216733204484e+01,3.294467410445017785e-01,nan,1.151117109330193422e+01,1.000000000000000000e+00
1.506000000000000000e+03,1.325453566181169265e+02,4.052433207834445028e+01,1.783084753565202093e-03,-5.018672155964326009e+01,1.900004773041412687e-01,nan,6.860556154628011605e+00,1.000000000000000000e+00
1.506000000000000000e+03,1.275468221084122717e+02,2.846376638944184023e+01,-1.229208976496763955e-03,3.497392982684738172e+01,3.189426796236551898e-01,nan,6.676857398541540256e+00,1.000000000000000000e+00
1.507000000000000000e+03,5.786332709607706448e+01,3.395670078213482412e+01,-1.493002397870282251e-02,4.112814952186668620e+02,1.345803416778745820e-02,nan,1.801188956465555790e+01,1.000000000000000000e+00
1.507000000000000000e+03,1.108726924612333846e+02,3.731487258448435540e+01,-1.642932149955879254e-03,4.633728011845476402e+01,2.588351215367596936e-01,nan,1.281995601175375654e+01,1.000000000000000000e+00
1.508000000000000000e+03,9.666595023785490071e+01,3.514351605536982248e+01,-1.112745428997374830e-02,3.068398440053658192e+02,1.907345675156613130e-02,nan,1.136017175401355850e+01,1.000000000000000000e+00
1.509000000000000000e+03,1.059342373540013824e+02,4.914546569291114508e+01,-1.488728477953973417e-03,4.210191102718739131e+01,3.464818305826704581e-01,nan,1.281995601175375654e+01,1.000000000000000000e+00
1.509000000000000000e+03,7.587370701083581537e+01,3.418989815648188824e+01,-1.459737190774010535e-03,4.130563425865134519e+01,2.669652478834724230e-01,nan,9.341545253022772499e+00,1.000000000000000000e+00
1.510000000000000000e+03,3.068323732605029974e+01,3.751819537761767265e+01,-1.860457855429376462e-03,5.231185671289016881e+01,2.731174203631222541e-01,nan,1.533342922404601083e+01,1.000000000000000000e+00
1.511000000000000000e+03,8.521348041787223337e+01,3.437183336332112304e+01,-1.706348780938203103e-03,4.807908584362273530e+01,2.848015895610009895e-01,nan,9.052857215115619027e+00,1.000000000000000000e+00
1.511000000000000000e+03,4.831305045451775015e+01,5.066648995036916858e+01,-1.595418590768741792e-03,4.503226930136593609e+01,2.812327486845850322e-01,nan,1.924642403089870868e+01,1.000000000000000000e+00
1.512000000000000000e+03,1.215077129654402910e+02,1.334349139664313455e+01,-1.461846964235967482e-03,4.136358144754991883e+01,3.299331670608983691e-01,nan,6.588149934352709458e+00,1.000000000000000000e+00
1.514000000000000000e+03,8.881296191039737664e+01,4.267833423566441553e+01,-1.692382326067399948e-03,4.769548219458869198e+01,3.114738121771922774e-01,nan,9.052857215115619027e+00,1.000000000000000000e+00
1.514000000000000000e+03,1.417195192766742764e+02,2.153602413860623344e+01,-1.702026972783306528e-03,4.796038275153676977e+01,3.248598057976592735e-01,nan,1.086080680694339407e+01,1.000000000000000000e+00
1.514000000000000000e+03,1.111141305973967519e+02,5.008153018589398542e+00,-1.474041652296148672e-03,4.169852162256145078e+01,3.086776095091345873e-01,nan,1.253419564939986230e+01,1.000000000000000000e+00
1.514000000000000000e+03,8.905656111447619594e+01,1.175681141760319370e+01,-1.643311836102758590e-03,4.634770860533836867e+01,3.108281645441830499e-01,nan,1.673544310152750825e+01,1.000000000000000000e+00
1.514000000000000000e+03,6.917568209318082140e+00,3.988235000001819941e+01,1.139434916330277214e-03,-3.250818906535619845e+01,3.509318163275568780e-01,nan,7.200288521568046995e+00,1.000000000000000000e+00
1.515000000000000000e+03,6.002344449540175653e+00,3.122027231039833950e+01,-1.695702711765702253e-03,4.778668014581194257e+01,2.787607541811680800e-01,nan,8.710294164462652589e+00,1.000000000000000000e+00
1.515000000000000000e+03,9.922874239169362909e+01,3.626632929081086587e+01,-1.531312689235973367e-03,4.327153202192967996e+01,3.716331884169310484e-01,nan,1.223120151282687296e+01,1.000000000000000000e+00
1.516000000000000000e+03,6.768227085338437199e+00,1.548583062564470403e+01,-1.405664721836225820e-03,3.982047595694255904e+01,3.069092666298551819e-01,nan,1.575307053696929671e+01,1.000000000000000000e+00
1.517000000000000000e+03,1.234796751819243354e+02,7.057388901911526347e+00,-1.569703247820105349e-03,4.432596985154058444e+01,2.983758358142059031e-01,nan,6.588149934352709458e+00,1.000000000000000000e+00
1.519000000000000000e+03,9.790619650360461890e+01,5.041196050066832868e+01,-9.094194861927170151e-03,2.509941950381349329e+02,2.325659153723136363e-02,nan,1.189137605069666392e+01,1.000000000000000000e+00
1.519000000000000000e+03,1.353370744914969066e+02,1.274844636871365822e+01,-1.373413235004613403e-03,3.893465431144802835e+01,3.200757380161142196e-01,nan,1.086080680694339407e+01,1.000000000000000000e+00
1.519000000000000000e+03,1.365600832646556029e+01,4.241958857402775607e+01,-1.172307131086238038e-03,3.341105966844520481e+01,3.647149848158405261e-01,nan,4.942606258705412259e+00,1.000000000000000000e+00
1.519000000000000000e+03,7.748706822675659112e+01,4.223646213431940311e+01,-1.576331874678678054e-03,4.450803219123633880e+01,3.519465419755070101e-01,nan,5.715907378184918564e+00,1.000000000000000000e+00
1.520000000000000000e+03,1.147482704689731463e+02,4.663216104641470849e+01,-1.785965386863267801e-03,5.026584123996936881e+01,2.457773852925264624e-01,nan,1.171259783982548974e+01,1.000000000000000000e+00
1.520000000000000000e+03,1.076479608065536411e+02,2.437459813788830587e+01,-1.584075356907980060e-03,4.472071522833262236e+01,3.630186407283265693e-01,nan,1.104511161807367969e+01,1.000000000000000000e+00
1.521000000000000000e+03,2.513146251119932728e+01,4.795519809918874188e+01,-1.436374583016233192e-03,4.066395520195889901e+01,3.228955492947126471e-01,nan,1.274084069286547383e+01,1.000000000000000000e+00
1.522000000000000000e+03,1.046838330440949250e+02,4.064116384409560112e+01,-1.563932697120468118e-02,4.307632619741867188e+02,1.643932670999070922e-02,nan,1.171259783982548974e+01,1.000000000000000000e+00
1.524000000000000000e+03,1.156319234982561994e+02,1.674237497597749780e+01,-1.996926988282183082e-03,5.606012768266120361e+01,2.272387319066649924e-01,nan,1.104511161807367969e+01,1.000000000000000000e+00
1.524000000000000000e+03,5.562566216168836064e+01,4.228039181476527375e+01,-1.502812556570172183e-03,4.248874533843058288e+01,3.208105971575685444e-01,nan,1.671868790988057896e+01,1.000000000000000000e+00
1.524000000000000000e+03,8.811485504719851747e+01,3.233484470323556792e+01,-1.442105671994080556e-03,4.082136570198757397e+01,3.641564731862525495e-01,nan,8.983440469981299970e+00,1.000000000000000000e+00
1.525000000000000000e+03,4.024036190132810731e+01,3.573768126587609828e+01,-1.527374670729218439e-03,4.316337012378666316e+01,2.791812186720337152e-01,nan,1.671868790988057896e+01,1.000000000000000000e+00
1.528000000000000000e+03,2.094101478885552936e+01,3.198851321716708895e+01,-1.500343573573202291e-03,4.242093207473539707e+01,3.319846376111250663e-01,nan,1.210629705510960719e+01,1.000000000000000000e+00
1.530000000000000000e+03,7.881261788642397903e+01,2.520026993329367215e+01,-1.362651502987283735e-02,3.754792251404504100e+02,2.173158816774689583e-02,nan,1.081883776713501710e+01,1.000000000000000000e+00
1.530000000000000000e+03,1.382079986838505192e+02,3.330994556842924226e+01,-1.548353873359970424e-03,4.373958640468446646e+01,3.003803034652988702e-01,nan,5.632221133997564522e+00,1.000000000000000000e+00
1.531000000000000000e+03,7.783067376699838746e+01,1.442608614156668523e+01,-2.755050173523325777e-02,7.579164405030811622e+02,8.960112668778164036e-03,nan,1.081883776713501710e+01,1.000000000000000000e+00
1.531000000000000000e+03,1.226373106986193449e+02,2.029585870502389611e+01,-1.796517416495991420e-03,5.055566404105041300e+01,3.317268811635806225e-01,nan,2.029317080255527728e+01,1.000000000000000000e+00
1.531000000000000000e+03,1.434862992543341775e+01,4.214247255326247199e+01,-9.756093938292202151e-04,2.800854553966163252e+01,3.545970018003816726e-01,nan,9.475302341319112642e+00,1.000000000000000000e+00
1.532000000000000000e+03,4.158426649516262330e+01,3.988366339539172856e+01,-1.331328607410343272e-03,3.777875491802718244e+01,3.300496424197960632e-01,nan,1.782209763751908937e+01,1.000000000000000000e+00
1.532000000000000000e+03,8.619429134393183745e+01,4.437509194320981720e+01,-1.525925535214839269e-03,4.312356806403685994e+01,3.309351736068654182e-01,nan,1.982292181885940252e+01,1.000000000000000000e+00
1.532000000000000000e+03,2.258888295242608280e+01,4.682003436584663802e+01,-1.262087318644740863e-03,3.587696872532401926e+01,3.269109903673630413e-01,nan,9.475302341319112642e+00,1.000000000000000000e+00
1.533000000000000000e+03,1.433637966294966191e+02,3.104286320426152912e+01,-1.271593194449969913e-03,3.613805779050786526e+01,3.708221478428347373e-01,nan,5.632221133997564522e+00,1.000000000000000000e+00
1.536000000000000000e+03,1.055792908071526703e+01,5.122270249127430475e+01,-1.243568165313111307e-03,3.536832033453696056e+01,3.636248990714924245e-01,nan,9.839714864837967312e+00,1.000000000000000000e+00
1.537000000000000000e+03,3.394091296215996323e+01,8.642012543266696767e+00,-1.842857059795071934e-03,5.182843200034294995e+01,2.501381127020768647e-01,nan,1.180916629575958687e+01,1.000000000000000000e+00
1.537000000000000000e+03,1.451979884138888721e+01,2.936318772705234537e+01,-1.413270152655395160e-03,4.002936726412806223e+01,3.689508077916460183e-01,nan,6.304980720426034857e+00,1.000000000000000000e+00
1.537000000000000000e+03,5.776622527024996145e+01,3.241563993515558906e+01,-1.567948382670957853e-03,4.427777059976174456e+01,3.169511675701172093e-01,nan,1.595069827737487955e+01,1.000000000000000000e+00
1.537000000000000000e+03,7.679607548912056814e+01,1.505222751482832422e+01,-1.448647074905589282e-03,4.100103234251081830e+01,3.071504938626766767e-01,nan,1.458593829824589250e+01,1.000000000000000000e+00
1.537000000000000000e+03,7.339690721361725423e+01,2.923655869663059192e+01,-1.213643040319367563e-03,3.454639470977461002e+01,3.306397248767793950e-01,nan,1.458593829824589250e+01,1.000000000000000000e+00
1.538000000000000000e+03,2.622415569016380132e+01,1.758114369825030465e+01,-1.404285881332274430e-03,3.978260462498004557e+01,2.930275179480752445e-01,nan,1.180916629575958687e+01,1.000000000000000000e+00
1.539000000000000000e+03,9.443218113454256013e+01,3.666697933120221364e+01,-1.952241388310462086e-03,5.483278979577465861e+01,3.293089265044950587e-01,nan,1.931162101326339098e+01,1.000000000000000000e+00
1.540000000000000000e+03,2.649946694935365343e+01,3.319537294191844978e+01,-1.471150143368181538e-03,4.161910323140611467e+01,3.403601677639318535e-01,nan,1.257768227846555575e+01,1.000000000000000000e+00
1.542000000000000000e+03,2.966998545003857757e+01,5.302999780410939223e+01,-1.867256197107322602e-02,5.140743115634263631e+02,1.349628876589792359e-02,nan,1.284829884237325359e+01,1.000000000000000000e+00
1.542000000000000000e+03,8.982212209952972870e+00,3.237780481455885706e+01,-1.479026643484974111e-03,4.183543974732005211e+01,2.989168446001041479e-01,nan,6.304980720426034857e+00,1.000000000000000000e+00
1.544000000000000000e+03,7.645883576666508930e+01,2.960315866198122592e+01,-1.792770402351097922e-03,5.045274828238010656e+01,2.913564145650573423e-01,nan,1.689257594578858601e+01,1.000000000000000000e+00
1.545000000000000000e+03,9.241967316193459681e+01,2.407045663439998151e+01,-1.550162002250606930e-03,4.378924860219902371e+01,3.659143701395418669e-01,nan,1.338383961719910431e+01,1.000000000000000000e+00
1.546000000000000000e+03,3.066907374973374800e+01,4.022060259151867001e+01,-1.360578903070490658e-03,3.858214563201672576e+01,3.583723254945992975e-01,nan,1.284829884237325359e+01,1.000000000000000000e+00
1.546000000000000000e+03,6.340100793258199730e+01,4.923570736239338430e+01,-2.149313601640651279e-03,6.024558931118448868e+01,2.939620890139278409e-01,nan,6.100129278979716574e+00,1.000000000000000000e+00
1.547000000000000000e+03,6.397818413391863146e+01,1.754407758789002258e+01,-1.459703933066077005e-03,4.130472080006504854e+01,3.315272437960687935e-01,nan,1.735477172219448860e+01,1.000000000000000000e+00
1.549000000000000000e+03,5.833706935603813548e+01,4.583451590743873538e+01,-1.639782819478641631e-03,4.625078038217537824e+01,3.565661316093537980e-01,nan,6.100129278979716574e+00,1.000000000000000000e+00
1.551000000000000000e+03,8.854702032125426570e+01,3.782752010419403632e+01,-1.253186428430290043e-03,3.563249623767416097e+01,3.733578831086123984e-01,nan,1.224144017155452424e+01,1.000000000000000000e+00
1.551000000000000000e+03,1.265089088273355884e+02,5.115983016090468283e+01,-1.404443761467425366e-03,3.978694097207127811e+01,3.297852110454052577e-01,nan,2.654429102523922523e+01,1.000000000000000000e+00
1.553000000000000000e+03,1.132730011117233175e+02,5.698066626652646072e+00,-1.279441964395199634e-03,3.635363266754505673e+01,3.324101542475647042e-01,nan,1.514781675716221798e+01,1.000000000000000000e+00
1.553000000000000000e+03,2.278941902851804358e+01,7.879602773505599345e+00,-1.338636365175467375e-03,3.797947031580638111e+01,2.906234288003873845e-01,nan,1.854788764507686949e+01,1.000000000000000000e+00
1.553000000000000000e+03,1.000893787899214402e+02,3.374992050951384925e+01,-1.570155871136726718e-03,4.433840163594829420e+01,3.028168655284471100e-01,nan,5.331671832602266292e+00,1.000000000000000000e+00
1.554000000000000000e+03,1.287712952075986834e+02,7.547096149506581142e+00,-1.398820769975705645e-03,3.963249948533291445e+01,2.846743673397489349e-01,nan,1.560820393442598153e+01,1.000000000000000000e+00
1.555000000000000000e+03,3.938640643412877296e+01,1.615994969573017670e+01,-1.572333329328822003e-03,4.439820785848892370e+01,3.119553204409140079e-01,nan,1.250285409244788504e+01,1.000000000000000000e+00
1.556000000000000000e+03,4.617096155363100962e+01,4.990255363609551154e+01,-6.962686254929913166e-03,1.924500270903380397e+02,3.090530047944273218e-02,nan,8.488800695384586703e+00,1.000000000000000000e+00
1.557000000000000000e+03,7.742756105932207333e+01,1.690917937733341958e+01,-1.510474274180767648e-03,4.269918262265773024e+01,3.626051283820528326e-01,nan,2.042550601890911111e+01,1.000000000000000000e+00
1.559000000000000000e+03,4.702083810979193856e+01,2.606130381760016235e+01,-1.833329786239871247e-03,5.156675522302698766e+01,2.594481777626728158e-01,nan,1.250285409244788504e+01,1.000000000000000000e+00
1.560000000000000000e+03,1.196844032066524761e+02,4.131054023046454660e+01,-1.196824868454584266e-03,3.408446559769195261e+01,3.495500168947850428e-01,nan,1.715454488863522542e+01,1.000000000000000000e+00
1.560000000000000000e+03,2.990534751980403882e+01,4.767136008799297997e+01,-1.508310354286779504e-03,4.263974824398182761e+01,3.003288427454483545e-01,nan,8.360844681309790971e+00,1.000000000000000000e+00
1.561000000000000000e+03,1.048186146059363466e+02,2.553811767176595993e+01,-2.518234584943968707e-02,6.928725014594698450e+02,1.151522692676909543e-02,nan,5.628352869285295768e+00,1.000000000000000000e+00
1.561000000000000000e+03,2.230741294676739983e+01,5.116064568949377644e+01,-2.168599458131794874e-03,6.077529602582225010e+01,1.951472723922278441e-01,nan,8.360844681309790971e+00,1.000000000000000000e+00
1.561000000000000000e+03,1.389304677783678699e+02,1.093669448074727235e+01,-1.361996038163799027e-03,3.862106876591118976e+01,3.589869148130724330e-01,nan,2.679252012916449033e+01,1.000000000000000000e+00
1.561000000000000000e+03,9.466345354960458280e+01,3.750101405251062658e+01,-1.264206586198391834e-03,3.593517667962453999e+01,3.542462856823973549e-01,nan,1.250694645644955649e+01,1.000000000000000000e+00
1.564000000000000000e+03,8.147083974385736838e+01,2.994754029034451648e+01,-1.688764947318735542e-03,4.759612701098896537e+01,2.287764845359298027e-01,nan,1.306041270876396432e+01,1.000000000000000000e+00
1.565000000000000000e+03,3.091296464627617269e+01,1.175109763865837031e+01,-2.283585160421113675e-02,6.284235225858997183e+02,1.111503172921035620e-02,nan,2.733877517758146780e+01,1.000000000000000000e+00
1.566000000000000000e+03,1.174774089504917782e+02,2.698678487922702729e+01,-1.567671966334440717e-03,4.427017852888037197e+01,2.967078996946399538e-01,nan,1.274141714785767476e+01,1.000000000000000000e+00
1.567000000000000000e+03,9.132170181080518034e+01,4.797296839032580351e+01,-2.352856336960018873e-03,6.583610864663202733e+01,2.125482273157480728e-01,nan,1.620850285438174510e+01,1.000000000000000000e+00
1.567000000000000000e+03,7.361135809423808496e+01,7.102024897325787123e+00,-1.888037157599388146e-03,5.306935180008981945e+01,2.568756420223482495e-01,nan,1.804626433882572201e+01,1.000000000000000000e+00
1.567000000000000000e+03,1.314082685853190640e+02,5.084362220458847759e+01,-1.481909596505562397e-03,4.191462314131098310e+01,3.224305786003404117e-01,nan,9.817772801705666907e+00,1.000000000000000000e+00
1.569000000000000000e+03,2.138965092018232284e+01,4.722586166324533963e+01,-1.695769480455642467e-03,4.778851401942834798e+01,2.957501437938203637e-01,nan,2.134884096009146504e+01,1.000000000000000000e+00
1.569000000000000000e+03,1.215969472604283368e+02,5.119948263461127880e+01,-1.171919347302186358e-03,3.340040877127949415e+01,3.591101442497250940e-01,nan,9.817772801705666907e+00,1.000000000000000000e+00
1.575000000000000000e+03,8.227693523236295903e+01,2.815306832280014859e+01,-1.672426661800597691e-03,4.714737849164782801e+01,3.005155477864457358e-01,nan,6.167021086358698945e+00,1.000000000000000000e+00
1.577000000000000000e+03,8.121183267971545661e+01,1.126953070740753660e+01,-1.276430490568240383e-03,3.627091931188834906e+01,3.596537911915559382e-01,nan,9.620642151003846010e+00,1.000000000000000000e+00
1.578000000000000000e+03,3.523881094891446253e+01,2.987421119661765445e+01,-1.480267694162969465e-03,4.186952653406149949e+01,3.267797603670571371e-01,nan,5.834320487347320672e+00,1.000000000000000000e+00
1.579000000000000000e+03,2.677085637892767878e+01,4.989194340476283429e+01,-1.784090486734922834e-02,4.912319580324286221e+02,1.508119392009543702e-02,nan,1.133119455102372264e+01,1.000000000000000000e+00
1.579000000000000000e+03,7.167325142241271863e+01,1.001564754079876352e+01,-1.554704610782430994e-03,4.391401621323994675e+01,3.014968029563911411e-01,nan,7.698602478739325683e+00,1.000000000000000000e+00
1.579000000000000000e+03,8.065141178123491272e+01,4.183327941083405221e+01,-1.391255167978205443e-03,3.942470211941385827e+01,2.736625454514722833e-01,nan,8.294365173409751435e+00,1.000000000000000000e+00
1.580000000000000000e+03,6.477389247159902652e+01,1.343139433959376206e+01,-2.159298982337763684e-03,6.051984849204605155e+01,2.119212379206351082e-01,nan,7.152102350357595562e+00,1.000000000000000000e+00
1.580000000000000000e+03,3.695567975560089735e+01,3.545020053033304208e+01,-1.503290673850288944e-03,4.250187734186421551e+01,3.604547596819452915e-01,nan,5.834320487347320672e+00,1.000000000000000000e+00
1.582000000000000000e+03,1.465904923181417807e+01,3.526985399764597418e+01,-1.636702019362605565e-03,4.616616290570133430e+01,2.761767969928631272e-01,nan,1.546471291121316405e+01,1.000000000000000000e+00
1.583000000000000000e+03,9.067323929135100968e+01,2.532294958225659443e+01,-1.513590703598870343e-03,4.278477869609226047e+01,2.780154627086028896e-01,nan,1.389500890133935229e+01,1.000000000000000000e+00
1.584000000000000000e+03,1.240442198993350758e+02,8.012190893518731372e+00,-1.456727528726025310e-02,4.013182136982724728e+02,1.570882193410516603e-02,nan,2.122297360909458064e+01,1.000000000000000000e+00
1.584000000000000000e+03,7.702327493220181509e+01,4.929204047649105291e+01,-1.320469881281306074e-03,3.748050836902870486e+01,3.180262358932195443e-01,nan,8.294365173409751435e+00,1.000000000000000000e+00
1.588000000000000000e+03,2.182673620788566637e+01,1.261170205922740095e+01,-1.640110434297523470e-03,4.625977867423755185e+01,2.259851223832329836e-01,nan,9.731777431121235722e+00,1.000000000000000000e+00
1.589000000000000000e+03,1.298502206226239650e+02,3.947458674836896364e+01,-1.744547599205002394e-03,4.912825731995529566e+01,2.447881568946973507e-01,nan,7.853259059646155116e+00,1.000000000000000000e+00
1.589000000000000000e+03,1.510320593284183666e+01,5.575962395947521522e+00,-1.227894362893159090e-03,3.493782255552637395e+01,3.211753514305769608e-01,nan,9.731777431121235722e+00,1.000000000000000000e+00
1.591000000000000000e+03,1.372403726166206752e+02,8.293801065607640410e+00,-1.502427858412098104e-02,4.138702989567045734e+02,1.524323550583928100e-02,nan,2.125313036609944817e+01,1.000000000000000000e+00
1.591000000000000000e+03,1.221439579721390487e+02,3.796223962563040288e+01,-1.395138562279371695e-03,3.953136370521681897e+01,3.464462209565141171e-01,nan,7.853259059646155116e+00,1.000000000000000000e+00
1.592000000000000000e+03,1.012766357297878983e+02,1.900162502571778234e+01,-1.300207077284691072e-03,3.692396874428740006e+01,3.129738522791430944e-01,nan,1.275032635079554133e+01,1.000000000000000000e+00
1.594000000000000000e+03,3.175504108751561461e+01,4.708843743089202860e+01,-1.874097369195937843e-03,5.268648057415655472e+01,2.165085290510071481e-01,nan,2.542202993305929226e+01,1.000000000000000000e+00
1.595000000000000000e+03,8.834762829855188215e+01,1.381207022439032528e+01,-1.586339998516363104e-03,4.478291603682455246e+01,2.725845356531338970e-01,nan,1.342458717101663801e+01,1.000000000000000000e+00
1.595000000000000000e+03,5.517986897892429710e+01,3.081368074276458913e+01,-1.690684047172999038e-03,4.764883714493249300e+01,3.385576175811160216e-01,nan,8.492144204121167661e+00,1.000000000000000000e+00
1.595000000000000000e+03,2.437076663061658977e+01,2.276248222533943633e+01,-1.630585192939098876e-03,4.599815771338368364e+01,2.883962517366269740e-01,nan,1.484275937668184930e+01,1.000000000000000000e+00
1.595000000000000000e+03,1.430886469311170401e+02,2.872645233510324658e+01,-1.152430981627129702e-03,3.286513992490318259e+01,3.535138970031581618e-01,nan,2.125313036609944817e+01,1.000000000000000000e+00
1.597000000000000000e+03,3.096119049623835551e+01,9.463090540547232976e+00,-1.229488722458751179e-03,3.498161334946020418e+01,3.673540208037191501e-01,nan,1.479182751360378489e+01,1.000000000000000000e+00
1.597000000000000000e+03,1.220431847978094027e+02,1.848337689105398951e+01,-1.305225015985755823e-03,3.706179180777515825e+01,3.379622054731989955e-01,nan,1.452917637524292260e+01,1.000000000000000000e+00
1.599000000000000000e+03,9.203974136255438054e+01,3.867101784737223369e+01,-1.139179385800924557e-03,3.250117064554916624e+01,3.711878451611237972e-01,nan,1.569154226266484820e+01,1.000000000000000000e+00
1.600000000000000000e+03,1.061896243754908795e+02,1.954439672510915216e+01,-1.511112592210042509e-03,4.271671471133299747e+01,3.527675493969359977e-01,nan,6.883238590951037850e+00,1.000000000000000000e+00
1.602000000000000000e+03,4.935843243577635775e+01,4.773739274429122759e+01,-1.479223591353079348e-03,4.184084913156060992e+01,3.237316266388183816e-01,nan,1.498706593332329717e+01,1.000000000000000000e+00
1.604000000000000000e+03,7.189244417962592593e+01,5.035530843528747624e+01,-2.071758114190625638e-03,5.811544474238360181e+01,2.449171161043105505e-01,nan,1.585813751084101497e+01,1.000000000000000000e+00
1.608000000000000000e+03,9.599660288460080437e+01,2.828149829746406496e+01,-1.649629104873363361e-03,4.652121916150669279e+01,2.547575953114138425e-01,nan,1.080223975301474226e+01,1.000000000000000000e+00
1.610000000000000000e+03,9.741491145316376787e+01,4.085688369478037174e+01,-1.462577046170575237e-03,4.138363393021642622e+01,2.708795711474630830e-01,nan,7.604076742710798698e+00,1.000000000000000000e+00
1.612000000000000000e+03,6.392964395854236415e+01,3.248720925749425703e+01,-1.226645555644769944e-02,3.381237343064900642e+02,1.645405034799507504e-02,nan,2.424912914293756572e+01,1.000000000000000000e+00
1.613000000000000000e+03,1.147191416109867106e+02,1.038713368822640248e+01,-1.560576509414895617e-03,4.407529420131981368e+01,2.702846954964783777e-01,nan,1.451973929097266591e+01,1.000000000000000000e+00
1.614000000000000000e+03,1.032270467881580345e+02,4.576005266563446128e+01,-1.629241911267310331e-03,4.596126304285023423e+01,2.547016175648516567e-01,nan,7.604076742710798698e+00,1.000000000000000000e+00
1.614000000000000000e+03,1.310313845346374535e+02,5.185503286016024305e+01,-1.483259120538203343e-03,4.195168926497436246e+01,3.062379858011921030e-01,nan,2.017286838604006505e+01,1.000000000000000000e+00
1.615000000000000000e+03,9.043338067660185686e+01,2.890593871582370866e+01,-1.529916995327119640e-03,4.323319779314194733e+01,3.222122504542394017e-01,nan,1.384076796547542187e+01,1.000000000000000000e+00
1.615000000000000000e+03,7.466449163744361073e+00,5.034129531515141309e+01,-1.875432476807253630e-03,5.272315073536006480e+01,2.090449814795186656e-01,nan,3.821069818988354427e+01,1.000000000000000000e+00
1.619000000000000000e+03,1.353971296588924815e+02,3.216023942558626914e+01,-1.568912453935938098e-03,4.430424985012243866e+01,2.706446108010202023e-01,nan,1.565893633381202044e+01,1.000000000000000000e+00
1.620000000000000000e+03,7.986247433243066496e+01,5.834885532366508087e+00,-1.821490953568266711e-03,5.124158899758599972e+01,2.891186785860510033e-01,nan,1.815141049227397119e+01,1.000000000000000000e+00
1.620000000000000000e+03,4.693218440355751397e+01,5.050337673155580376e+01,-1.537872570070079057e-03,4.345170617839740146e+01,2.961274201348349511e-01,nan,1.337585952933484812e+01,1.000000000000000000e+00
1.623000000000000000e+03,7.074248597542089101e+01,2.152881796585938901e+01,-1.966339847094526576e-03,5.522001907373760332e+01,1.916668927075868556e-01,nan,1.306889922151789563e+01,1.000000000000000000e+00
1.623000000000000000e+03,3.911935056088821483e+01,3.964643215698330891e+01,-1.061884751913673821e-03,3.037819069937224725e+01,3.536816246590003265e-01,nan,1.337585952933484812e+01,1.000000000000000000e+00
1.624000000000000000e+03,7.306244256479367039e+01,3.439015258889197924e+01,-2.171721900043031579e-03,6.086105723882349139e+01,1.843163599200213776e-01,nan,1.208027663428844711e+01,1.000000000000000000e+00
1.628000000000000000e+03,1.301232702585451477e+02,2.297420692701420109e+01,-2.348742195130944233e-02,6.463196003709501838e+02,1.091531916205534802e-02,nan,1.213165586647537530e+01,1.000000000000000000e+00
1.629000000000000000e+03,1.043541039779455737e+01,4.138656452162224042e+01,-1.519149190782860884e-02,4.184629920727972490e+02,1.849308485028966498e-02,nan,2.241789761417421900e+01,1.000000000000000000e+00
1.631000000000000000e+03,1.199752047035670159e+02,5.286263101841935708e+01,-1.416172290957899748e-03,4.010907760244516140e+01,3.594565313087930702e-01,nan,2.272870987750086158e+01,1.000000000000000000e+00
1.631000000000000000e+03,1.191539041875563925e+02,7.965343623451778932e+00,-1.438134278289479769e-03,4.071228711827193081e+01,2.892338831238023822e-01,nan,1.261749347053291181e+01,1.000000000000000000e+00
1.632000000000000000e+03,2.542078269311702954e+01,1.129193570398110147e+01,-1.919489986416461017e-03,5.393323744739858228e+01,2.224612599330690887e-01,nan,1.115442993392382931e+01,1.000000000000000000e+00
1.632000000000000000e+03,1.335295975946680755e+02,3.461783214177305013e+01,-1.338481899726815059e-03,3.797522775673889583e+01,3.485826871109336533e-01,nan,1.213165586647537530e+01,1.000000000000000000e+00
1.633000000000000000e+03,5.285176895893686577e+01,2.662740596416552563e+01,-1.467291013047166554e-03,4.151310808181851542e+01,3.485252934416898096e-01,nan,1.753715738202297558e+01,1.000000000000000000e+00
1.634000000000000000e+03,1.243252098888511767e+02,2.636813062938252372e+01,-2.300517812799632907e-03,6.439857499627440518e+01,1.829563834487757390e-01,nan,1.147843248680798389e+01,1.000000000000000000e+00
1.634000000000000000e+03,5.588788322823663890e+01,4.389975088851199558e+01,-1.271318264075522531e-03,3.613050653316705052e+01,3.650566867908734414e-01,nan,6.025315708590821551e+00,1.000000000000000000e+00
1.635000000000000000e+03,1.127477609437185180e+02,1.883559984022841149e+01,-1.471318565893158610e-03,4.162372913653081952e+01,3.485173517864218473e-01,nan,5.773946650698054128e+00,1.000000000000000000e+00
1.635000000000000000e+03,8.192728344254798856e+01,4.096693976352541711e+01,-1.886896851645687018e-03,5.303803207515593954e+01,2.121156109679069868e-01,nan,1.112814658494473008e+01,1.000000000000000000e+00
1.635000000000000000e+03,9.193110187195648564e+01,1.913197496359017080e+01,-1.778667357759030135e-03,5.006539305028633891e+01,2.776005135577837013e-01,nan,8.661083346521593285e+00,1.000000000000000000e+00
1.637000000000000000e+03,2.897247137587559962e+01,5.316130574360068550e+01,-2.063953438095694152e-03,5.790108095019441237e+01,1.989976161502927665e-01,nan,9.352328840108219410e+00,1.000000000000000000e+00
1.638000000000000000e+03,3.087896690939079392e+01,4.400536070694791135e+01,-1.420138417807179088e-03,4.021801152633560861e+01,3.436114857538806744e-01,nan,9.352328840108219410e+00,1.000000000000000000e+00
1.640000000000000000e+03,1.183220277481439240e+02,5.063250106284503005e+01,-2.031366696346386530e-03,5.700605116913691006e+01,2.043910689991100815e-01,nan,2.474854209205621558e+01,1.000000000000000000e+00
1.640000000000000000e+03,7.818190196962444105e+00,5.088049284546225692e+01,-1.381827598108136988e-03,3.916576381064933798e+01,3.618635888878992679e-01,nan,2.127688228272257831e+01,1.000000000000000000e+00
1.640000000000000000e+03,9.185411925016845203e+01,2.779271617963723173e+01,-1.445682874045308786e-03,4.091961738954015004e+01,3.181994884490226827e-01,nan,8.661083346521593285e+00,1.000000000000000000e+00
1.642000000000000000e+03,6.454552161757970907e+01,2.517687136168437689e+01,-1.556440317464711717e-03,4.396168925719668863e+01,3.299020842988550362e-01,nan,1.951171892792429574e+01,1.000000000000000000e+00
1.644000000000000000e+03,5.457539912429539442e+01,4.194898610584306908e+01,-1.066887601471930291e-02,2.942445002776537422e+02,2.378405093440127960e-02,nan,7.700509993394867969e+00,1.000000000000000000e+00
1.644000000000000000e+03,1.424103385228354739e+02,4.495415449855738643e+01,-1.868043539049217593e-03,5.252020564208564934e+01,2.540298818503539113e-01,nan,1.432569575644344262e+01,1.000000000000000000e+00
1.646000000000000000e+03,9.096884775612079466e+01,8.008860755235401641e+00,-1.532668101505068724e-03,4.330875987231692648e+01,2.292592843611975795e-01,nan,2.103667379543828986e+01,1.000000000000000000e+00
1.646000000000000000e+03,7.032018836664602190e+01,4.406811934678182041e+01,-1.454289142709640648e-03,4.115599778060894209e+01,3.730014131293830637e-01,nan,1.588675907725964187e+01,1.000000000000000000e+00
1.647000000000000000e+03,1.309096955193084568e+02,3.641244685830144334e+01,-1.479740237407364649e-02,4.076389007344463380e+02,1.323602416544278348e-02,nan,7.132964953298792210e+00,1.000000000000000000e+00
1.647000000000000000e+03,2.867881424113843991e+01,5.044505100825211308e+00,-1.504142086501107037e-03,4.252526230266556695e+01,2.651351915704044382e-01,nan,1.040628185374320935e+01,1.000000000000000000e+00
1.650000000000000000e+03,5.185489453615925726e+01,3.487405929349502287e+01,-1.285445949185559872e-03,3.651853854349084116e+01,3.686706583813668114e-01,nan,6.872119999955739189e+00,1.000000000000000000e+00
1.650000000000000000e+03,1.005144896198737925e+01,3.707618707497317700e+01,-1.622794901038431470e-03,4.578418899850360901e+01,2.713189570779316329e-01,nan,1.031987524402663858e+01,1.000000000000000000e+00
1.650000000000000000e+03,5.798827584884203645e+01,2.487870564083209501e+01,-1.831227255818648108e-03,5.150900697200357570e+01,2.983258764583025524e-01,nan,5.761687025093521264e+00,1.000000000000000000e+00
1.653000000000000000e+03,1.377662841040594515e+02,1.722263404802045272e+01,-1.303699551059328771e-03,3.701989327893129200e+01,3.137935239717337677e-01,nan,1.173635220869242879e+01,1.000000000000000000e+00
1.654000000000000000e+03,5.324055576283318914e+01,2.814308787335928130e+01,-1.850873301695113828e-03,5.204860667407665886e+01,2.733454237855401647e-01,nan,5.761687025093521264e+00,1.000000000000000000e+00
1.655000000000000000e+03,2.662701463011510228e+01,4.188786177499211050e+01,-1.621806698029193416e-03,4.575704694392806715e+01,3.234651732524952417e-01,nan,1.067963188461894042e+01,1.000000000000000000e+00
1.655000000000000000e+03,1.395830494718983346e+02,4.522650092868388327e+01,-1.492104920955169721e-03,4.219464865230384731e+01,3.439721025975392976e-01,nan,8.396475247035146694e+00,1.000000000000000000e+00
1.656000000000000000e+03,1.062633246059085934e+02,4.395023333568896362e+01,-6.948021181486655103e-03,1.920472351335941426e+02,3.179961883943227541e-02,nan,1.746511709688292413e+01,1.000000000000000000e+00
1.661000000000000000e+03,1.234165979034383582e+02,2.293347309689274027e+01,-1.847852204569561682e-03,5.196562900421207587e+01,2.534711681607481060e-01,nan,6.479894205718344402e+00,1.000000000000000000e+00
1.661000000000000000e+03,1.632624575056775029e+01,2.534694449444149456e+01,-1.585025409789807011e-03,4.474680944877835032e+01,3.605792795528800498e-01,nan,3.636435414362808416e+01,1.000000000000000000e+00
1.663000000000000000e+03,4.495411794396504490e+01,4.777039619041620000e+01,-1.701384531223636707e-03,4.794273740568056041e+01,3.261494305386276604e-01,nan,1.354469313117828833e+01,1.000000000000000000e+00
1.666000000000000000e+03,8.161325080222835027e+01,1.248872151862455304e+01,-1.462158836530772681e-03,4.137214735431914647e+01,3.001840675131224323e-01,nan,3.405410619486320201e+01,1.000000000000000000e+00
1.666000000000000000e+03,5.370678560157739412e+01,3.743359199892766043e+01,-1.695389947576856661e-03,4.777808974221716909e+01,2.937573877626944441e-01,nan,1.042217622090103823e+01,1.000000000000000000e+00
1.666000000000000000e+03,1.213347675339827560e+02,3.859201955451224109e+01,-1.356978305080738237e-03,3.848325134994224328e+01,2.949595774095765677e-01,nan,1.127096570626973104e+01,1.000000000000000000e+00
1.667000000000000000e+03,1.128025311200018699e+01,1.228694288287018033e+01,-1.366074176616720141e-02,3.764192991290536838e+02,1.210022470059513022e-02,nan,4.891834657212197612e+01,1.000000000000000000e+00
1.667000000000000000e+03,1.116852465469575009e+02,3.276781036588693041e+01,-1.650842313309881315e-03,4.655454123125110755e+01,2.854572396513042065e-01,nan,9.327710317824474018e+00,1.000000000000000000e+00
1.669000000000000000e+03,1.340094141585172451e+02,9.895369863265234045e+00,-1.708789672350834784e-03,4.814612754185202448e+01,2.717712287123321691e-01,nan,6.368477630019988567e+00,1.000000000000000000e+00
1.671000000000000000e+03,5.548882481916863441e+01,4.770228682380593455e+01,-1.047426323109245695e-02,2.888992516344926571e+02,1.587558564222224522e-02,nan,1.042217622090103823e+01,1.000000000000000000e+00
1.672000000000000000e+03,1.091724503463212130e+02,4.175068490733060855e+01,-1.354863832199525208e-03,3.842517508645805435e+01,3.501341749582883578e-01,nan,9.327710317824474018e+00,1.000000000000000000e+00
1.673000000000000000e+03,4.472487704005500575e+01,1.558734156916045777e+01,-1.709591565829237736e-03,4.816815240551983379e+01,3.512704676689175631e-01,nan,8.711391644255181532e+00,1.000000000000000000e+00
1.673000000000000000e+03,8.400613626723323080e+01,3.526436254025900752e+01,-1.237134977708739684e-03,3.519162594338430949e+01,2.850499156141683699e-01,nan,1.466916948935011966e+01,1.000000000000000000e+00
1.676000000000000000e+03,7.266875382372550973e+01,9.676048855108135172e+00,-1.491108362716720478e-03,4.216727711240482535e+01,3.412388328402776727e-01,nan,2.086387367409070492e+01,1.000000000000000000e+00
1.678000000000000000e+03,3.610565850560696788e+01,1.432345224052981791e+01,-1.751489705731137112e-03,4.931892971463545194e+01,2.238124920841892962e-01,nan,8.711391644255181532e+00,1.000000000000000000e+00
1.679000000000000000e+03,4.667248555806486365e+01,3.475836015896587128e+01,-1.575007795467974923e-03,4.447166493687333855e+01,2.924904554409966106e-01,nan,4.135486959597153955e+00,1.000000000000000000e+00
1.679000000000000000e+03,1.091800466559180478e+02,3.614348202977590319e+01,-1.657068361522333593e-03,4.672554631704073103e+01,3.642307406593850994e-01,nan,5.529840974878728943e+00,1.000000000000000000e+00
1.680000000000000000e+03,1.948876518180373552e+01,1.038073751660300914e+01,-1.820936579946968049e-03,5.122636253202794165e+01,2.328178434669206931e-01,nan,1.665052429309220372e+01,1.000000000000000000e+00
1.680000000000000000e+03,1.181297718869595883e+02,2.952101792929912705e+01,-1.235532419268747881e-03,3.514760995857944437e+01,3.692908656356510555e-01,nan,1.019770195784085054e+01,1.000000000000000000e+00
1.682000000000000000e+03,1.086062423824107839e+02,2.587471692733295470e+01,-1.802209938493877592e-03,5.071201525764730889e+01,2.597111921099025666e-01,nan,8.088870345712802390e+00,1.000000000000000000e+00
1.683000000000000000e+03,1.046712476148568527e+02,3.294193983658628611e+01,-1.509878461833526588e-03,4.268281799808725196e+01,2.923093944953237822e-01,nan,5.529840974878728943e+00,1.000000000000000000e+00
1.683000000000000000e+03,6.290985664583936199e+01,2.796254153182256275e+01,-1.452040260952888566e-03,4.109422983332980550e+01,3.055274867760690016e-01,nan,1.420641604263293800e+01,1.000000000000000000e+00
1.684000000000000000e+03,2.982171520633131934e+01,2.962637372510780764e+01,-1.647643780740796733e-03,4.646669010679575251e+01,3.109020473367537507e-01,nan,7.616735490737370995e+00,1.000000000000000000e+00
1.686000000000000000e+03,8.346903708442641801e+01,3.382379489476133472e+01,-6.923102847237541831e-03,1.913628263817502955e+02,4.279583993572078082e-02,nan,2.122054192805462236e+01,1.000000000000000000e+00
1.687000000000000000e+03,4.872577770290340737e+01,5.212248488477001729e+01,-1.562732218086335806e-02,4.304335375435119886e+02,1.531873638469172239e-02,nan,2.069091198310699298e+01,1.000000000000000000e+00
1.687000000000000000e+03,3.252423469972698200e+01,3.674754272490515206e+01,-2.987931274394828134e-03,8.327912232931987546e+01,1.099105094604025945e-01,nan,7.616735490737370995e+00,1.000000000000000000e+00
1.687000000000000000e+03,1.391659145511993145e+01,2.523013223420891293e+01,-1.791059452745084055e-03,5.040575521805192238e+01,3.410495220744060862e-01,nan,1.008228508707110649e+01,1.000000000000000000e+00
1.689000000000000000e+03,1.373263212253832819e+02,2.159551973138082204e+01,-2.258970619519938289e-03,6.325743681220084369e+01,1.580394078335279895e-01,nan,2.189570335414146740e+01,1.000000000000000000e+00
1.689000000000000000e+03,1.162278476521231880e+02,2.745011094264462415e+01,-1.276281483519551424e-03,3.626682667362490520e+01,3.564609750344188699e-01,nan,1.219969652291263529e+01,1.000000000000000000e+00
1.690000000000000000e+03,1.098118042255476041e+02,1.707384080355018696e+01,-1.285769969090954810e-03,3.652743809740190528e+01,3.684679737120214460e-01,nan,1.219969652291263529e+01,1.000000000000000000e+00
1.691000000000000000e+03,1.198382607771787463e+02,5.938882543360890054e+00,-1.457149403722957657e-03,4.123455791430413342e+01,3.332267283653740364e-01,nan,1.498389556950744606e+01,1.000000000000000000e+00
1.691000000000000000e+03,2.162784056190413651e+01,1.873481778530836550e+01,-1.706941315160612205e-02,4.700421113536361304e+02,1.523440421720434479e-02,nan,1.008228508707110649e+01,1.000000000000000000e+00
1.697000000000000000e+03,1.066064580936664328e+02,3.782621617473954245e+01,-1.455211047004185574e-03,4.118131886994184043e+01,2.748998442372313500e-01,nan,1.322333809424787177e+01,1.000000000000000000e+00
1.697000000000000000e+03,5.076746003001984775e+01,3.284557848408213232e+01,-1.484355490701346880e-03,4.198180224634038638e+01,3.314812365404279371e-01,nan,1.582212858382890097e+01,1.000000000000000000e+00
1.700000000000000000e+03,7.741613924998578966e+01,4.505863611603901830e+01,-1.816180630131377770e-03,5.109573527401867210e+01,3.074854231223392853e-01,nan,1.836882932098994559e+01,1.000000000000000000e+00
1.701000000000000000e+03,7.327905802244660549e+01,2.315218968815623413e+01,-1.340270308110593422e-03,3.802434830940073596e+01,3.407294562339471256e-01,nan,1.641687945966494766e+01,1.000000000000000000e+00
1.701000000000000000e+03,1.141577891691968318e+02,1.785464015414583017e+01,-1.188334717586247893e-03,3.385127450631830470e+01,3.531013295762862603e-01,nan,9.327216061332318731e+00,1.000000000000000000e+00
1.702000000000000000e+03,2.275595666894210822e+01,3.830164233760191195e+01,-1.435560035979033342e-03,4.064158279473959112e+01,3.325547580990335650e-01,nan,1.722805977905727559e+01,1.000000000000000000e+00
1.703000000000000000e+03,1.122092115721299592e+02,8.733236490071716318e+00,-1.592551073109019916e-03,4.495350985610124184e+01,2.667001897720077119e-01,nan,9.327216061332318731e+00,1.000000000000000000e+00
1.703000000000000000e+03,1.267793228392965972e+02,1.614622226808117489e+01,-1.647094291648872359e-03,4.645159780007107031e+01,3.247776445432507542e-01,nan,1.273663235941462268e+01,1.000000000000000000e+00
1.704000000000000000e+03,5.914114643466983523e+01,4.691296300842076050e+01,-1.848471100433756245e-02,5.089147834669288955e+02,1.726818482928316190e-02,nan,1.836882932098994559e+01,1.000000000000000000e+00
1.704000000000000000e+03,3.362496089541576083e+01,5.166842171319081700e+01,-1.834782009266694783e-02,5.051549278899620390e+02,1.248371172211615310e-02,nan,1.722805977905727559e+01,1.000000000000000000e+00
1.706000000000000000e+03,5.855546680105534030e+00,4.896645853979687502e+01,-1.187568772858469887e-03,3.383023701360794888e+01,3.467130486180098892e-01,nan,1.998404769853613416e+01,1.000000000000000000e+00
1.710000000000000000e+03,3.979673238817772329e+01,1.131097268989135074e+01,-7.830733924295391404e-03,2.162918865016482641e+02,2.659668499533740516e-02,nan,1.607961721683968292e+01,1.000000000000000000e+00
1.714000000000000000e+03,1.181839905134519455e+02,5.135110290642973041e+01,-1.434149782707457238e-03,4.060284867745334481e+01,2.804149065348938707e-01,nan,1.673553335675498843e+01,1.000000000000000000e+00
1.715000000000000000e+03,6.889286281211126095e+01,1.603851321606140345e+01,-3.296114350982210645e-02,9.065255147132623961e+02,1.229028245495167315e-02,nan,1.240873060723596844e+01,1.000000000000000000e+00
1.715000000000000000e+03,4.793622051057415945e+01,4.141528085078044796e+01,-1.514031240641197824e-03,4.279687851802522403e+01,3.252509732151950272e-01,nan,3.118526313405751083e+01,1.000000000000000000e+00
1.716000000000000000e+03,1.381356665200518137e+02,2.054103254726063810e+01,-1.458529951197918033e-03,4.127247613005454951e+01,3.123591071335144465e-01,nan,1.873938130112760092e+01,1.000000000000000000e+00
1.716000000000000000e+03,1.110010966362019929e+02,1.402970851521430085e+01,-1.394083135550373614e-03,3.950237527914327984e+01,3.517313848789747066e-01,nan,7.292278693192738359e+00,1.000000000000000000e+00
1.719000000000000000e+03,8.103139801498019779e+01,1.861388860843944215e+01,-1.748950246237398727e-03,4.924918073843615218e+01,2.859915805137625000e-01,nan,1.240873060723596844e+01,1.000000000000000000e+00
1.719000000000000000e+03,1.085256565621036628e+02,2.088897414491117388e+01,-1.847881183296106594e-03,5.196642493598931623e+01,2.513727559517645593e-01,nan,7.292278693192738359e+00,1.000000000000000000e+00
1.720000000000000000e+03,1.226909175182265130e+02,3.115348465879768725e+01,-1.530972336364526745e-03,4.326218386560412199e+01,3.159075051411580626e-01,nan,1.749327853904879859e+01,1.000000000000000000e+00
1.721000000000000000e+03,2.469147865548108101e+01,2.091043628248102948e+01,-1.613853174371772826e-03,4.553859489393481397e+01,3.462971359570559127e-01,nan,1.466417380950664295e+01,1.000000000000000000e+00
1.725000000000000000e+03,1.309779619658665162e+01,4.755464133046269382e+01,-1.453749860043433012e-03,4.114118580430344707e+01,2.786604404827504045e-01,nan,1.390695253211769078e+01,1.000000000000000000e+00
1.725000000000000000e+03,1.101514666546081145e+02,5.243531957797997478e+01,-1.522104676203034357e-03,4.301862407696702206e+01,3.734907140109424706e-01,nan,2.013214319922097317e+01,1.000000000000000000e+00
1.725000000000000000e+03,8.277864693807397600e+01,5.271798338739596801e+01,-1.300624525628373516e-03,3.693543441037095931e+01,3.622520119330557842e-01,nan,1.141884376532129863e+01,1.000000000000000000e+00
1.726000000000000000e+03,3.515892949184605953e+01,3.118031780583380197e+01,-1.686292884075389544e-03,4.752822914502637275e+01,2.517718554600028025e-01,nan,1.466417380950664295e+01,1.000000000000000000e+00
1.727000000000000000e+03,7.823263515807352242e+00,3.468674974986699056e+01,-1.493783508094479080e-03,4.224075284680539966e+01,3.028694582913182831e-01,nan,1.390695253211769078e+01,1.000000000000000000e+00
1.727000000000000000e+03,7.233495257970329817e+01,1.176330783447293626e+01,-3.287790330666800001e-03,9.151507262922723385e+01,1.018998289310216743e-01,nan,2.563872576757981747e+01,1.000000000000000000e+00
1.728000000000000000e+03,5.574808903248472092e+01,3.614135112732135724e+01,-1.490517957164484838e-03,4.215106099125291905e+01,3.611919014359850078e-01,nan,6.797085047346257625e+00,1.000000000000000000e+00
1.729000000000000000e+03,1.099238658780545990e+02,4.215183392479755931e+00,-1.478362668847954878e-03,4.181720297242028295e+01,3.416861212377101387e-01,nan,2.008577406667532017e+01,1.000000000000000000e+00
1.729000000000000000e+03,6.250936545138510780e+01,3.544456828591405184e+01,-1.423717393101092601e-03,4.031631191789868041e+01,3.630126683358592121e-01,nan,6.797085047346257625e+00,1.000000000000000000e+00
1.732000000000000000e+03,3.976053314630259194e+01,2.718504402863438685e+01,-1.724222104857296755e-03,4.856999583754430461e+01,2.887008828906817426e-01,nan,1.669654304651179189e+01,1.000000000000000000e+00
1.733000000000000000e+03,6.841555202499944244e+01,5.163867259709268609e+01,-1.399524191629089847e-03,3.965181971480731704e+01,3.163724751778431710e-01,nan,1.723751879719574731e+01,1.000000000000000000e+00
1.734000000000000000e+03,4.251724996683611124e+01,4.365243793524295057e+01,-1.275292374709046696e-03,3.623965974024694958e+01,3.713711129893981777e-01,nan,1.669654304651179189e+01,1.000000000000000000e+00
1.735000000000000000e+03,1.140301609431956109e+02,1.392299839978177722e+01,-2.901963323994690910e-02,7.982677115544892104e+02,1.043328118977682184e-02,nan,1.070834556703857920e+01,1.000000000000000000e+00
1.735000000000000000e+03,1.411147863142478798e+01,4.394908185934164635e+01,-5.106911853418945324e-03,1.414791945641993891e+02,6.721411824490897136e-02,nan,1.771624171522720559e+01,1.000000000000000000e+00
1.736000000000000000e+03,2.369646395140597050e+01,2.038043084941313055e+01,-1.716505479034326209e-03,4.835805044042638912e+01,2.834847386246133194e-01,nan,1.310851625992757086e+01,1.000000000000000000e+00
1.742000000000000000e+03,1.175603947546289696e+01,4.487514841051025627e+01,-1.531106406779711437e-03,4.326586625322274671e+01,2.740370441535585622e-01,nan,1.342877452052514897e+01,1.000000000000000000e+00
1.743000000000000000e+03,3.052587780260127559e+01,1.236981558215401122e+01,-1.861599640395281141e-02,5.125206776486072613e+02,1.471243678291223045e-02,nan,1.482007996632815328e+01,1.000000000000000000e+00
1.743000000000000000e+03,1.098680619798842599e+02,2.463321855648027991e+01,-2.037703786271697140e-03,5.718010613455894031e+01,2.486995894805760221e-01,nan,1.946190898732762520e+01,1.000000000000000000e+00
1.743000000000000000e+03,1.303421838071239165e+02,2.783493784576875996e+01,-1.463728945129905623e-03,4.141527206947261419e+01,3.066264392447358711e-01,nan,7.346063514469678424e+00,1.000000000000000000e+00
1.744000000000000000e+03,2.306438093169280634e+01,5.211762026978713180e+01,-1.442174110603576705e-03,4.082324544173401648e+01,2.864031256921827362e-01,nan,1.342877452052514897e+01,1.000000000000000000e+00
1.745000000000000000e+03,1.002708177978530273e+02,7.702217241097558897e+00,-1.176623624116096729e-02,3.243846747930813308e+02,2.025539490739935999e-02,nan,1.946190898732762520e+01,1.000000000000000000e+00
1.746000000000000000e+03,6.121749449039744917e+01,4.490254440916549328e+01,-1.695980542902609080e-03,4.779431107570206905e+01,3.316061931213014624e-01,nan,1.990341183304983730e+01,1.000000000000000000e+00
1.747000000000000000e+03,1.705503234389774647e+01,1.854809146107748319e+01,-1.428656490910899541e-03,4.045196953182465904e+01,3.443372633058773280e-01,nan,1.482007996632815328e+01,1.000000000000000000e+00
1.749000000000000000e+03,7.092557714059911689e+01,1.032139290466877490e+01,-1.716095266432965047e-03,4.834678351175926991e+01,3.239444335696572974e-01,nan,2.946189454853152512e+01,1.000000000000000000e+00
1.749000000000000000e+03,9.766410681032945718e+01,2.900883915700477189e+01,-1.708746793945751510e-03,4.814494984050928394e+01,2.870370311876553338e-01,nan,2.146548577693721072e+01,1.000000000000000000e+00
1.752000000000000000e+03,4.083384294862982244e+01,3.109818420524329241e+01,-1.358486631881569966e-03,3.852467916180196283e+01,3.622627594334133505e-01,nan,1.108464246339745607e+01,1.000000000000000000e+00
1.755000000000000000e+03,1.260495892234991722e+01,5.102156140834638620e+01,-1.391400627703144556e-03,3.942869732662931170e+01,3.258197803856880403e-01,nan,8.205165884998852022e+00,1.000000000000000000e+00
1.755000000000000000e+03,5.346063071711157733e+01,2.244633900443914243e+01,-1.600310690705753413e-03,4.516663606835417255e+01,3.293147238484320782e-01,nan,1.351066830752671777e+01,1.000000000000000000e+00
1.756000000000000000e+03,8.319138086288889156e+01,2.344052410712635393e+01,-1.263839081669204710e-03,3.592508277392428795e+01,3.369907142635675257e-01,nan,1.141525577472626196e+01,1.000000000000000000e+00
1.758000000000000000e+03,2.040645947348861355e+01,4.847964552639206914e+01,-1.652778480036851128e-03,4.660772012514182450e+01,2.768950114201252921e-01,nan,8.205165884998852022e+00,1.000000000000000000e+00
1.758000000000000000e+03,9.233310942386405884e+01,1.660408765822462129e+01,-1.606214959945820439e-03,4.532880314985915504e+01,2.556538846993001712e-01,nan,1.141525577472626196e+01,1.000000000000000000e+00
1.760000000000000000e+03,4.360959531011922508e+01,1.319997433900495487e+01,-2.013598058768592981e-03,5.651801649775769221e+01,2.721723466823811055e-01,nan,1.161673797069830272e+01,1.000000000000000000e+00
1.760000000000000000e+03,7.941951544191324786e+01,6.787564248632248720e+00,-1.453020166677572748e-03,4.112114399409396270e+01,3.124736618566915647e-01,nan,1.218298542229786818e+01,1.000000000000000000e+00
1.761000000000000000e+03,1.417672012094144804e+02,3.584812580770621082e+01,-1.675835127953944400e-03,4.724099566695307573e+01,2.550186779048347896e-01,nan,1.683637046798329706e+01,1.000000000000000000e+00
1.762000000000000000e+03,7.961739989449446853e+01,1.896894247703271930e+01,-1.757133707851723983e-03,4.947394828080997087e+01,2.665417181765614707e-01,nan,1.218298542229786818e+01,1.000000000000000000e+00
1.764000000000000000e+03,2.293691061341656834e+01,9.494255118159346196e+00,-1.497463264384390341e-03,4.234182129641725112e+01,2.419146938615699405e-01,nan,1.001047455599264602e+01,1.000000000000000000e+00
1.765000000000000000e+03,1.290954991673386019e+02,2.476248924988824385e+01,-1.232831899328481855e-02,3.398228798901067762e+02,2.370510692457927782e-02,nan,1.683637046798329706e+01,1.000000000000000000e+00
1.768000000000000000e+03,6.627650399138886428e+01,3.820449734519130658e+01,-1.755742887379328418e-02,4.834459861055842111e+02,1.607229785366670605e-02,nan,1.868375846238140525e+01,1.000000000000000000e+00
1.768000000000000000e+03,1.146365633191411177e+02,6.116957761045155095e+00,-1.494125097533718742e-03,4.225013496679046199e+01,3.425126280265149425e-01,nan,2.359484414790081885e+01,1.000000000000000000e+00
1.770000000000000000e+03,8.041942058932437476e+01,6.538318154829278583e+00,-1.887761254046784951e-02,5.197062451774977490e+02,1.484466427454100845e-02,nan,1.247934673747109002e+01,1.000000000000000000e+00
1.771000000000000000e+03,9.099215695948574023e+01,5.279398230333273290e+01,-1.233726393577150781e-03,3.509800552768021475e+01,3.389002241476148924e-01,nan,1.964295355609834814e+01,1.000000000000000000e+00
1.772000000000000000e+03,3.507239772576494374e+01,4.103592884520396922e+01,-1.504579311441204669e-03,4.253727115416164395e+01,3.154962299787095192e-01,nan,1.029777985720265754e+01,1.000000000000000000e+00
1.775000000000000000e+03,1.159619212452663817e+01,1.743292953396996481e+01,-1.514068586344173226e-03,4.279790425777590457e+01,2.573614261348790011e-01,nan,2.099029198525967033e+01,1.000000000000000000e+00
1.775000000000000000e+03,9.075306654296660724e+01,1.929478131389707229e+01,-1.356656936676812857e-03,3.847442462236030991e+01,3.399693633581916119e-01,nan,1.389561096008738872e+01,1.000000000000000000e+00
1.775000000000000000e+03,1.331049314591757593e+02,1.909049364420461004e+01,-1.774666625977129120e-03,4.995550866483989694e+01,2.641893678864942752e-01,nan,2.176092506521194281e+01,1.000000000000000000e+00
1.775000000000000000e+03,1.141550386243168447e+02,2.978812988970913267e+01,-1.306702847124949479e-03,3.710238202360980608e+01,3.350970986304832033e-01,nan,2.176092506521194281e+01,1.000000000000000000e+00
1.776000000000000000e+03,1.614347091060054851e+01,4.469125947292207712e+01,-1.891805449394209221e-02,5.208170267659749015e+02,1.124489845822107537e-02,nan,1.001002106025145189e+01,1.000000000000000000e+00
1.776000000000000000e+03,9.006063022944233865e+01,3.317312905077892538e+01,-1.542277102586397160e-03,4.357268138371459543e+01,3.084243200594921630e-01,nan,1.389561096008738872e+01,1.000000000000000000e+00
1.776000000000000000e+03,7.112235405291681900e+01,3.522428295467960879e+01,-1.525830500209062910e-03,4.312095782576673031e+01,2.756782809112516830e-01,nan,1.138884269931627991e+01,1.000000000000000000e+00
1.777000000000000000e+03,3.938320706405612270e+01,2.888612437139059708e+01,-1.484537324730002619e-03,4.198679651278496294e+01,3.320136314357808871e-01,nan,9.780848772306383054e+00,1.000000000000000000e+00
1.780000000000000000e+03,6.100344891366338373e+01,2.999805134743523283e+01,-1.408330378649321705e-03,3.989369107774702883e+01,3.740391562291117689e-01,nan,9.248119569448139288e+00,1.000000000000000000e+00
1.780000000000000000e+03,4.308962553195286205e+01,4.946531135569358639e+01,-1.285943218856085927e-03,3.653219658785015866e+01,3.419747298888801135e-01,nan,9.530529014432598700e+00,1.000000000000000000e+00
1.784000000000000000e+03,2.563160193514822893e+01,6.173561512952975505e+00,-1.742446969172113365e-03,4.907056126513387539e+01,2.789959799320670397e-01,nan,2.966135989850581467e+01,1.000000000000000000e+00
1.785000000000000000e+03,9.619341953442211945e+01,1.192993401893340888e+01,-2.331613908382058550e-03,6.525266258302963251e+01,1.484186424742460764e-01,nan,1.479761837539530234e+01,1.000000000000000000e+00
1.788000000000000000e+03,2.525802851628275647e+01,3.583256881140121664e+01,-1.210634970353912385e-03,3.446377484482158593e+01,3.589460480730662928e-01,nan,8.055921396518469280e+00,1.000000000000000000e+00
1.789000000000000000e+03,1.211442329119112031e+02,3.804962906955830704e+01,-1.817736267738879162e-03,5.113846252788032842e+01,2.400166340295790679e-01,nan,8.223128238553394809e+00,1.000000000000000000e+00
1.789000000000000000e+03,4.015102258658799883e+01,3.361132837427956588e+01,-1.275108235500654408e-03,3.623460215957075548e+01,3.237373562583309994e-01,nan,1.342136519439589115e+01,1.000000000000000000e+00
1.789000000000000000e+03,1.429328405958545147e+02,5.304731627810527073e+01,-1.684995567051185200e-03,4.749259694279306387e+01,2.853062050817055662e-01,nan,7.742396886070386230e+00,1.000000000000000000e+00
1.790000000000000000e+03,6.590323688332730079e+00,2.939473752872714130e+01,-1.684225958434888010e-03,4.747145881745842644e+01,2.609033748249208751e-01,nan,1.167296233275126127e+01,1.000000000000000000e+00
1.791000000000000000e+03,2.997536922763939415e+01,4.236284952204921694e+01,-1.596990818407387821e-03,4.507545221821033010e+01,2.916579559874645788e-01,nan,8.055921396518469280e+00,1.000000000000000000e+00
1.791000000000000000e+03,7.887091148802645080e+01,2.827532282812808617e+01,-1.532915563643642322e-03,4.331555668512537949e+01,3.181873136829089788e-01,nan,1.228720480461026376e+01,1.000000000000000000e+00
1.792000000000000000e+03,1.146695974810438656e+02,1.137850883959565707e+01,-1.937731764411595916e-03,5.443426742734225598e+01,3.085443908803039426e-01,nan,6.259399094835666588e+00,1.000000000000000000e+00
1.794000000000000000e+03,4.920675771978787338e+01,1.060683628612769702e+01,-2.675133871988150634e-03,7.468780648850389525e+01,1.523721635754515802e-01,nan,2.258492727994927307e+01,1.000000000000000000e+00
1.796000000000000000e+03,6.731202646555939850e+01,2.410788009332963355e+01,-1.693441743631161206e-02,4.663343093759709745e+02,1.409554305204774316e-02,nan,1.104862055303230584e+01,1.000000000000000000e+00
1.797000000000000000e+03,1.177084793154506315e+02,1.685073637734864604e+01,-1.548439777185180773e-03,4.374194584529566043e+01,2.909931334926351143e-01,nan,6.259399094835666588e+00,1.000000000000000000e+00
1.801000000000000000e+03,1.241353161839608248e+02,3.461550934251604872e+01,-1.558176736558577894e-03,4.400938186830101984e+01,2.732556357385174106e-01,nan,1.889156930057385608e+01,1.000000000000000000e+00
1.802000000000000000e+03,8.257653713220695124e+01,1.243614252823612532e+01,-1.977291588775286282e-03,5.552082039453664208e+01,2.279735727201505080e-01,nan,6.415955299604472195e+00,1.000000000000000000e+00
1.802000000000000000e+03,3.606525528684905169e+01,8.784875623578804138e+00,-1.520363444593094381e-03,4.297079928495178791e+01,2.945003470131647427e-01,nan,1.500701013810037665e+01,1.000000000000000000e+00
1.803000000000000000e+03,4.089749696329491968e+01,2.299261272930634092e+01,-1.403026676734714200e-03,3.974801922138458110e+01,3.318112653603145779e-01,nan,8.983712893932890964e+00,1.000000000000000000e+00
1.803000000000000000e+03,1.916319375096204070e+01,1.169500664874237117e+01,-1.227832541018786510e-03,3.493612455150038443e+01,3.428696916891740276e-01,nan,1.671324420675426836e+01,1.000000000000000000e+00
1.804000000000000000e+03,9.222646883101042192e+01,4.824930666558226022e+01,-1.414149369947805858e-03,4.005351590920531635e+01,3.269769849713675125e-01,nan,4.612039237135644676e+00,1.000000000000000000e+00
1.806000000000000000e+03,8.056005114159010816e+01,6.345307884595836612e+00,-1.978153458916524863e-03,5.554449258151829838e+01,2.313192484417605499e-01,nan,6.415955299604472195e+00,1.000000000000000000e+00
1.807000000000000000e+03,5.009376727494525738e+01,3.644992499900343574e+01,-1.806286318407667032e-03,5.082397740009819387e+01,2.000445984888689077e-01,nan,1.017835859771883023e+01,1.000000000000000000e+00
1.808000000000000000e+03,6.023100835573084311e+01,3.553596273840953756e+01,-1.335804215265831317e-03,3.790168228369674353e+01,3.165606209975823093e-01,nan,1.017835859771883023e+01,1.000000000000000000e+00
1.809000000000000000e+03,9.401688919401929923e+01,3.662733370532731669e+01,-1.715795869110099637e-03,4.833856024346214753e+01,2.756603030908638674e-01,nan,1.036161176507739867e+01,1.000000000000000000e+00
1.810000000000000000e+03,1.174602283247874084e+02,1.867871273948147604e+01,-1.517539866077724335e-03,4.289324667537049862e+01,2.603604968952635268e-01,nan,1.301538223421257179e+01,1.000000000000000000e+00
1.811000000000000000e+03,9.671310391436000486e+01,2.489248034330853443e+01,-1.714396612250878660e-03,4.830012815442464102e+01,3.269905760170301878e-01,nan,6.396706286356581117e+00,1.000000000000000000e+00
1.812000000000000000e+03,1.220051424492523040e+02,4.398254518362671917e+01,-1.302932213389728115e-03,3.699881752758114573e+01,3.241565701144905054e-01,nan,1.958360182796419835e+01,1.000000000000000000e+00
1.813000000000000000e+03,1.013461219077247648e+02,2.930303536360611361e+01,-1.482643575416230791e-03,4.193478265860087362e+01,3.141959172218157237e-01,nan,6.396706286356581117e+00,1.000000000000000000e+00
1.813000000000000000e+03,1.094598165580230642e+02,2.894485058508216824e+01,-1.812630174865502907e-03,5.099821821558683865e+01,2.807863667882790626e-01,nan,8.121596962041731871e+00,1.000000000000000000e+00
1.814000000000000000e+03,4.721877974964998970e+01,2.444830826162615267e+01,-1.413926516764474773e-03,4.004739500772276983e+01,3.433739584334026818e-01,nan,1.884408817322179175e+01,1.000000000000000000e+00
1.817000000000000000e+03,1.011175737821944551e+02,5.110641542278299454e+01,-3.207280632365257234e-02,8.821263819813299278e+02,9.877350000811468966e-03,nan,1.233694372509078541e+01,1.000000000000000000e+00
1.817000000000000000e+03,6.393053146561862832e+01,1.574101168553684182e+01,-1.769592321066252097e-03,4.981613744299941260e+01,1.945748189999773059e-01,nan,6.012874378711305923e+00,1.000000000000000000e+00
1.818000000000000000e+03,1.480995673321247352e+01,2.379201686586775821e+01,-1.575830234252894278e-03,4.449425409940031528e+01,2.553153873626713422e-01,nan,1.106641418482842276e+01,1.000000000000000000e+00
1.818000000000000000e+03,1.108940758542116072e+02,5.006695631393590418e+00,-4.395816621026693918e-03,1.219482020195827516e+02,1.046366019350766230e-01,nan,1.852554005267604609e+01,1.000000000000000000e+00
1.818000000000000000e+03,1.157705544304769916e+02,2.287889725678180497e+01,-1.430135509239324016e-03,4.049259235508368704e+01,3.076855362586884413e-01,nan,8.753353773037085617e+00,1.000000000000000000e+00
1.820000000000000000e+03,9.551615314622922881e+01,2.137171436908420930e+01,-1.441334191181981549e-02,3.970902685917070016e+02,1.585155147632077988e-02,nan,5.580386129783469151e+00,1.000000000000000000e+00
1.820000000000000000e+03,1.277218724010823934e+02,4.092326680254034699e+01,-1.780799847090449445e-02,4.903281485926294181e+02,1.093726326231769796e-02,nan,1.647507842623573637e+01,1.000000000000000000e+00
1.820000000000000000e+03,2.182065010924664961e+01,4.095027290134382270e+01,-1.602680576424494281e-03,4.523172751911331346e+01,2.338349899844813784e-01,nan,1.281077848926724805e+01,1.000000000000000000e+00
1.820000000000000000e+03,1.117016539715149293e+02,4.476784878496251707e+01,-1.701773018624989095e-03,4.795340762844941196e+01,3.050977705702917486e-01,nan,1.233694372509078541e+01,1.000000000000000000e+00
1.823000000000000000e+03,1.271035197105502448e+02,2.045054852716480553e+01,-1.451578163545045154e-03,4.108153783285454352e+01,2.929938240600039601e-01,nan,1.159021050680177822e+01,1.000000000000000000e+00
1.825000000000000000e+03,1.214854110053212288e+01,4.935065103715507462e+01,-1.150595763811601384e-02,3.172358440542049038e+02,1.920550739918758243e-02,nan,1.281077848926724805e+01,1.000000000000000000e+00
1.825000000000000000e+03,9.673062089005344433e+01,2.681834428644505763e+01,-1.644171864492567853e-03,4.637133020664346361e+01,3.121241036737157915e-01,nan,5.580386129783469151e+00,1.000000000000000000e+00
1.826000000000000000e+03,5.240130352177323658e+01,2.373757057920872526e+01,-1.904643840581940820e-02,5.243432284777892392e+02,1.022436011017724411e-02,nan,1.647182738555851245e+01,1.000000000000000000e+00
1.827000000000000000e+03,9.031151585816441241e+01,5.192343093871950543e+01,-2.022821921678851290e-02,5.568021048096678669e+02,1.371673245664106755e-02,nan,1.468271030582851822e+01,1.000000000000000000e+00
1.827000000000000000e+03,6.830560926563354940e+01,2.802407920808692054e+01,-1.728952054738659748e-03,4.869990897949931963e+01,2.616465852588512053e-01,nan,1.477717858384486860e+01,1.000000000000000000e+00
1.828000000000000000e+03,8.986126217036571973e+01,2.207398880521838080e+01,-1.671734154901514599e-03,4.712835804759620828e+01,2.066744972195543317e-01,nan,8.348472803572841272e+00,1.000000000000000000e+00
1.829000000000000000e+03,1.241345962778934364e+01,3.522880964721578323e+01,-1.455007272965656937e-03,4.117572199761589502e+01,3.060235495316364629e-01,nan,1.147470321528258985e+01,1.000000000000000000e+00
1.830000000000000000e+03,2.348497337353565939e+01,6.460601469851348533e+00,-1.308651185204871663e-02,3.606474592113344215e+02,1.457571793217338207e-02,nan,1.135535373166332640e+01,1.000000000000000000e+00
1.831000000000000000e+03,7.579857737777379612e+01,4.969708896380183916e+01,-1.806329760611430357e-03,5.082517058677583321e+01,2.083414201632289853e-01,nan,7.375231070445960491e+00,1.000000000000000000e+00
1.832000000000000000e+03,7.592494530856392032e+01,4.068546638184263031e+01,-1.859649636246722302e-03,5.228965810697668104e+01,3.339457322899739289e-01,nan,6.207287880379428024e+00,1.000000000000000000e+00
1.832000000000000000e+03,1.416840431431136835e+02,4.217323623537777877e+01,-1.339403393762159025e-03,3.800053757786322706e+01,3.655084635030326767e-01,nan,8.489571950387679422e+00,1.000000000000000000e+00
1.832000000000000000e+03,1.150348076038274030e+02,4.941447993021515828e+01,-1.483946409687997812e-03,4.197056639795059141e+01,2.583002116920467550e-01,nan,1.914149130575650659e+01,1.000000000000000000e+00
1.834000000000000000e+03,1.268255723793036367e+02,2.097210579202424441e+01,-1.343251616473288817e-03,3.810623313825708891e+01,3.040987190797308504e-01,nan,6.778593498534035255e+00,1.000000000000000000e+00
1.834000000000000000e+03,1.381860800417725841e+02,2.742434682732413975e+01,-1.099078187194328692e-03,3.139974825465401764e+01,3.412235121054965070e-01,nan,1.306493584854604428e+01,1.000000000000000000e+00
1.835000000000000000e+03,2.371359907002415213e+01,2.828583307070508113e+01,-1.589825887830011121e-03,4.487865972219166366e+01,2.768896471865572861e-01,nan,7.150819415404564339e+00,1.000000000000000000e+00
1.835000000000000000e+03,1.336139807532526049e+02,4.480893821484339412e+01,-1.657004201592065422e-03,4.672378409580418435e+01,2.939548661143106534e-01,nan,8.489571950387679422e+00,1.000000000000000000e+00
1.835000000000000000e+03,9.685418749112690762e+01,1.315461211406704045e+01,-1.352738896410652985e-03,3.836681144800328269e+01,3.550040264965839132e-01,nan,7.564709537892792213e+00,1.000000000000000000e+00
1.838000000000000000e+03,5.132064027901341774e+01,1.880817966393756535e+01,-1.664337778502785348e-03,4.692520864408414383e+01,2.939459474667382999e-01,nan,1.913474800215910321e+01,1.000000000000000000e+00
1.839000000000000000e+03,9.653033278552621255e+01,5.596838068599256921e+00,-1.667504893527490747e-02,4.592104755639873588e+02,1.561477303498881586e-02,nan,7.564709537892792213e+00,1.000000000000000000e+00
1.840000000000000000e+03,1.545771536892028841e+01,2.473261702159311071e+01,-1.513524168190058484e-03,4.278295122979201892e+01,2.878466039763619699e-01,nan,6.249609317234923189e+00,1.000000000000000000e+00
1.841000000000000000e+03,1.034838551388870940e+02,3.897489371979357031e+01,-1.166713350284057831e-03,3.325742048459628819e+01,3.481639052233809206e-01,nan,2.499701389481306890e+01,1.000000000000000000e+00
1.841000000000000000e+03,7.868773918700851766e+01,4.213769901864939271e+01,-1.379802752427993027e-03,3.911014925428415978e+01,3.085325436817517586e-01,nan,5.840107083230444474e+00,1.000000000000000000e+00
1.841000000000000000e+03,7.895523391810277758e+01,1.806939309887225775e+01,-1.525363832990424100e-03,4.310814031054111695e+01,2.287992425728950785e-01,nan,2.155107257615956584e+01,1.000000000000000000e+00
1.842000000000000000e+03,1.271443104079275628e+02,6.045402954048268107e+00,-2.041043540610644122e-03,5.727183606625231249e+01,2.247880224092080326e-01,nan,8.453181905244079530e+00,1.000000000000000000e+00
1.842000000000000000e+03,1.270634972957713593e+01,4.449447640360813949e+01,-1.590990221626589719e-03,4.491063939757764700e+01,2.839112763137702222e-01,nan,1.995247100275786778e+01,1.000000000000000000e+00
1.843000000000000000e+03,7.319077722388871621e+01,4.411007320211776062e+01,-1.306385652101547858e-03,3.709366992239601757e+01,3.623641662705403554e-01,nan,5.840107083230444474e+00,1.000000000000000000e+00
1.845000000000000000e+03,4.989096051881715255e+01,1.371312997988286497e+01,-1.176635981025326173e-03,3.352995617067973910e+01,3.274371994129737784e-01,nan,1.796655561992498207e+01,1.000000000000000000e+00
1.846000000000000000e+03,1.831085827165394164e+01,1.008515748443173443e+01,-1.706936594732837240e-03,4.809523077937487301e+01,3.211127061911821512e-01,nan,1.674798139688428122e+01,1.000000000000000000e+00
1.847000000000000000e+03,7.566116553421780111e+01,1.744335272109373847e+01,-1.452547790232647761e-03,4.110816966885057155e+01,3.590624120863156188e-01,nan,1.533968758693344192e+01,1.000000000000000000e+00
1.847000000000000000e+03,1.403823861691751915e+02,3.187300315620780822e+01,-1.444373233197548392e-03,4.088364670028705916e+01,2.675998819071033763e-01,nan,2.465187487258276278e+01,1.000000000000000000e+00
1.848000000000000000e+03,1.132059998517976140e+02,1.558757492739962558e+01,-1.909220970275936303e-03,5.365118791514901631e+01,2.314354125547077867e-01,nan,7.781019967639118740e+00,1.000000000000000000e+00
1.848000000000000000e+03,1.237244945251699448e+02,5.004522318321765084e+01,-1.840063271118018299e-03,5.175169760059286261e+01,2.424220832931498482e-01,nan,1.470579837746724472e+01,1.000000000000000000e+00
1.849000000000000000e+03,5.606767789318936934e+01,3.058456392371189381e+01,-1.641701821573698363e-03,4.630348783105753085e+01,3.379177264888997279e-01,nan,9.995023594404207401e+00,1.000000000000000000e+00
1.851000000000000000e+03,1.090257787216829257e+02,5.050157792137557777e+01,-1.466535204279309328e-03,4.149234898410875161e+01,3.277194291649437874e-01,nan,1.470579837746724472e+01,1.000000000000000000e+00
1.851000000000000000e+03,3.456870178499494983e+01,2.525263499605045681e+01,-1.348983310567041481e-03,3.826366025844252761e+01,3.313073113762090571e-01,nan,8.834127514772013967e+00,1.000000000000000000e+00
1.853000000000000000e+03,1.382022826633237003e+02,1.208062263193000163e+01,-1.719197105696961166e-03,4.843197885097691113e+01,2.754418354390582024e-01,nan,6.086887189499122108e+00,1.000000000000000000e+00
1.856000000000000000e+03,9.276328755145065941e+01,5.966059828087480810e+00,-1.764448778477443591e-03,4.967486453414165481e+01,2.645554055822513240e-01,nan,7.163018023685433278e+00,1.000000000000000000e+00
1.857000000000000000e+03,8.776446616373740994e+01,3.722295270751737917e+01,-2.085491374964832702e-03,5.849264346567128570e+01,2.320940713951508139e-01,nan,8.251934606943814643e+00,1.000000000000000000e+00
1.858000000000000000e+03,9.363791795798489659e+01,2.681615507777981477e+01,-1.620343150168000648e-03,4.571684903362921659e+01,3.361625770444141015e-01,nan,1.194984823693005715e+01,1.000000000000000000e+00
1.858000000000000000e+03,3.248231961171791937e+01,2.934501618578840265e+01,-1.378828192999064992e-03,3.908338193526186188e+01,3.025606669561924367e-01,nan,1.043265556091614776e+01,1.000000000000000000e+00
1.859000000000000000e+03,1.371218340915225724e+02,2.475322571786286829e+01,-1.893333528815652374e-03,5.321482231096693027e+01,2.623150847687872878e-01,nan,7.961615135545635269e+00,1.000000000000000000e+00
1.859000000000000000e+03,6.778485939858846621e+01,2.007027445910361507e+01,-1.358920410068783407e-03,3.853659334453664798e+01,3.396890347022476497e-01,nan,1.771315741283252265e+01,1.000000000000000000e+00
1.860000000000000000e+03,2.835549622655686974e+01,4.711843376696594987e+01,-1.408124687835149045e-03,3.988804155912406912e+01,3.189448093676221507e-01,nan,6.821820896648969956e+00,1.000000000000000000e+00
1.861000000000000000e+03,1.139918815220497663e+02,5.103429764291287540e+01,-1.513319447834267882e-03,4.277732836584842602e+01,3.552324131063305801e-01,nan,2.143947226591857458e+01,1.000000000000000000e+00
1.862000000000000000e+03,9.539243042263004213e+01,4.037074336484094772e+01,-1.195633843941974229e-03,3.405175283318925494e+01,3.742844341829471011e-01,nan,7.443205407463531209e+00,1.000000000000000000e+00
1.863000000000000000e+03,7.242738108837808397e+01,4.346283274701038124e+01,-1.551955911620206234e-03,4.383852024533111802e+01,2.833064216213442288e-01,nan,6.495000849774892338e+00,1.000000000000000000e+00
1.864000000000000000e+03,6.156476094640212438e+01,4.211378224194272946e+01,-2.013222172889166366e-03,5.650769238929191829e+01,3.072260954410810374e-01,nan,1.094607023612059216e+01,1.000000000000000000e+00
1.866000000000000000e+03,1.400242530163281174e+02,4.305170186322685311e+01,-1.529548786549003161e-03,4.322308454449019877e+01,3.205014761073121665e-01,nan,6.356909152287459897e+00,1.000000000000000000e+00
1.866000000000000000e+03,5.286710360375177942e+01,2.580631504884906491e+01,-1.659266994361457970e-02,4.569478482833372937e+02,1.424032241674699772e-02,nan,1.848195686349217937e+01,1.000000000000000000e+00
1.866000000000000000e+03,7.995987914636251048e+01,5.074729928681253455e+01,-1.197907950501508672e-03,3.411421360670689751e+01,3.581589522300901995e-01,nan,1.047864398493604376e+01,1.000000000000000000e+00
1.868000000000000000e+03,1.076310995648372710e+02,1.995291530794061430e+01,-1.696518644948581244e-03,4.780909062500767703e+01,2.417009476571531090e-01,nan,8.864395095053893670e+00,1.000000000000000000e+00
1.868000000000000000e+03,9.312648711888219566e+01,2.294803328712917789e+01,-1.262715156822344798e-03,3.589421297364327756e+01,3.225499865691539014e-01,nan,1.204000023120896046e+01,1.000000000000000000e+00
1.869000000000000000e+03,8.251346138419300758e+01,2.863356671173735890e+01,-2.047612171923101059e-03,5.745225056398468411e+01,3.005199452063582743e-01,nan,6.371775435770416607e+00,1.000000000000000000e+00
1.869000000000000000e+03,7.979008735628551108e+01,3.439401427316921200e+01,-2.185776871134934539e-03,6.124709208072120248e+01,2.898371591922599411e-01,nan,4.401226739819227518e+00,1.000000000000000000e+00
1.869000000000000000e+03,1.369384460806161883e+02,3.749399644408594412e+01,-1.692346578656898394e-03,4.769450035365348128e+01,2.655879146347407405e-01,nan,6.356909152287459897e+00,1.000000000000000000e+00
1.871000000000000000e+03,1.209518327002180911e+02,2.192974746856961232e+01,-1.794904291472735822e-02,4.942020853809503365e+02,1.219873181270025864e-02,nan,1.346661786252693993e+01,1.000000000000000000e+00
1.872000000000000000e+03,3.966867970602834248e+01,3.301666917021449876e+01,-1.618399461290614180e-03,4.566346353581680972e+01,3.737821782571777440e-01,nan,8.669385275545121061e+00,1.000000000000000000e+00
1.874000000000000000e+03,5.073863945529213737e+01,1.044921036295992067e+01,-1.160591035784184523e-02,3.199811526076202881e+02,1.890348303125732876e-02,nan,1.356004251537250127e+01,1.000000000000000000e+00
1.874000000000000000e+03,2.397419571116539672e+01,1.511903476706807048e+01,-9.286108940468485590e-03,2.562653208542756147e+02,2.149790990719124828e-02,nan,8.252529089561482678e+00,1.000000000000000000e+00
1.874000000000000000e+03,2.556435339860108868e+01,2.987826219798743210e+01,-1.404811832206953690e-03,3.979705042934528336e+01,2.971453909646506464e-01,nan,1.230600229662786127e+01,1.000000000000000000e+00
1.875000000000000000e+03,5.194709521293862764e+00,1.741021284361741550e+01,-1.474821549718843654e-02,4.062879304537061103e+02,1.260993374487295871e-02,nan,1.891873670555293785e+01,1.000000000000000000e+00
1.875000000000000000e+03,9.870129165692880235e+01,8.405955937697598301e+00,-1.593376355174535913e-03,4.497617711237656835e+01,2.982148893799999589e-01,nan,2.043307950805489170e+01,1.000000000000000000e+00
1.875000000000000000e+03,8.374321480526351991e+01,2.232596581851909079e+01,-1.568773485735320541e-03,4.430043293957858452e+01,3.010989544638499327e-01,nan,1.990719315454837357e+01,1.000000000000000000e+00
1.875000000000000000e+03,5.328482722708190522e+01,2.856224905962807625e+01,-1.685271826747874492e-03,4.750018471139371457e+01,3.688249888438592805e-01,nan,1.432624625771488702e+01,1.000000000000000000e+00
1.875000000000000000e+03,3.719715578726071215e+01,1.115841631834096859e+01,-1.304027415807793499e-03,3.702889843557727545e+01,3.386257047844456469e-01,nan,1.356004251537250127e+01,1.000000000000000000e+00
1.877000000000000000e+03,2.941130360947776978e+01,5.121635145189087979e+01,-1.373972513945554514e-03,3.895001550686644265e+01,3.350716347595651401e-01,nan,1.263818101041631792e+01,1.000000000000000000e+00
1.878000000000000000e+03,1.158956245121856625e+02,2.396083266444626858e+01,-1.481113747163599701e-03,4.189276428632721405e+01,3.097859160167577564e-01,nan,1.125725704880957778e+01,1.000000000000000000e+00
1.879000000000000000e+03,1.046922874776821999e+02,5.346824952336024950e+01,-1.494184788663574298e-03,4.225177444763505719e+01,2.925754593224305644e-01,nan,1.300005837727607449e+01,1.000000000000000000e+00
1.880000000000000000e+03,5.201256982386024674e+01,9.598322188661750687e+00,-1.618181442149291575e-03,4.565747540647802794e+01,2.730068851479311443e-01,nan,1.032242071580545151e+01,1.000000000000000000e+00
1.881000000000000000e+03,1.240800287330642107e+02,3.169008643258186453e+01,-1.745481790360956268e-03,4.915391588110300347e+01,3.430957918934522954e-01,nan,1.125725704880957778e+01,1.000000000000000000e+00
1.882000000000000000e+03,2.043214524969216583e+01,1.106956810870656227e+01,-1.769066045229020093e-03,4.980168271318943596e+01,2.612526120149235576e-01,nan,2.480710135631406033e+01,1.000000000000000000e+00
1.882000000000000000e+03,5.548745572490230415e+01,1.931827781658663667e+01,-1.382476086681295275e-03,3.918357524421080029e+01,3.553026662443292683e-01,nan,8.523873442944969625e+00,1.000000000000000000e+00
1.882000000000000000e+03,1.029819853611632254e+02,1.085291525913471666e+01,-1.444099652919103886e-03,4.087613252477968473e+01,2.622760392503782345e-01,nan,7.504047081987104129e+00,1.000000000000000000e+00
1.884000000000000000e+03,9.945350515167542937e+01,4.157049017324289508e+01,-9.589885842674054917e-03,2.646088789909879324e+02,2.996194679341124267e-02,nan,1.016363902213714177e+01,1.000000000000000000e+00
1.884000000000000000e+03,6.379683532794995671e+01,2.121844335774302692e+01,-1.159442029705804117e-03,3.305770587319941001e+01,3.730870240355513845e-01,nan,8.292112341159585398e+00,1.000000000000000000e+00
1.884000000000000000e+03,2.133356137374165939e+01,5.268378871511438888e+01,-1.428695234438998821e-03,4.045303366434023218e+01,3.013632553624253640e-01,nan,3.133047448991093731e+01,1.000000000000000000e+00
1.885000000000000000e+03,7.853335548996068383e+01,1.742872710592364882e+01,-1.497895266726367858e-02,4.126253740804123140e+02,1.220513033890890942e-02,nan,1.293937163333649742e+01,1.000000000000000000e+00
1.885000000000000000e+03,9.549677729512104918e+01,1.032151821667370228e+01,1.480333062285151121e-03,-4.187132193958361626e+01,2.981106031777113197e-01,nan,7.504047081987104129e+00,1.000000000000000000e+00
1.885000000000000000e+03,1.027979170213967137e+02,3.197286195487684779e+01,-1.601335351225181055e-03,4.519477946751377573e+01,3.036546012969387753e-01,nan,9.013155835934075100e+00,1.000000000000000000e+00
1.887000000000000000e+03,4.303017228596937827e+01,2.130291808660348707e+01,-1.965542144485414762e-03,5.519810931678568267e+01,2.282474033571252336e-01,nan,1.261438495049540975e+01,1.000000000000000000e+00
1.888000000000000000e+03,5.707173428893418077e+01,1.636744932626452709e+01,-2.131666606215761994e-03,5.976089567188263629e+01,1.755728166860108796e-01,nan,8.292112341159585398e+00,1.000000000000000000e+00
1.889000000000000000e+03,1.287028072095066875e+02,3.176510058872821318e+01,-2.350288802926890630e-03,6.576558857312461726e+01,1.829155948565710510e-01,nan,5.493963257674257861e+00,1.000000000000000000e+00
1.890000000000000000e+03,1.116969175273573711e+02,3.340281584145655813e+01,-1.729255873651826952e-03,4.870825369151211248e+01,3.119129916162624028e-01,nan,9.013155835934075100e+00,1.000000000000000000e+00
1.891000000000000000e+03,5.660922159798517583e+01,3.921951878899039912e+01,-2.849425086507349075e-03,7.947490146017837276e+01,1.392895398663045459e-01,nan,8.004672547454646292e+00,1.000000000000000000e+00
1.894000000000000000e+03,1.191568376479245046e+02,4.750719412203215342e+01,-1.487480671773905175e-03,4.206763869334253059e+01,3.164118311718793208e-01,nan,1.595568534682277395e+01,1.000000000000000000e+00
1.894000000000000000e+03,5.399753775388641230e+01,2.607460062952246460e+01,-1.761327736974784616e-03,4.958914178486262614e+01,2.770342962034577639e-01,nan,1.340185680869021745e+01,1.000000000000000000e+00
1.896000000000000000e+03,5.480421558393564929e+00,8.353906876304789009e+00,-1.466112225388981668e-03,4.148073141563521915e+01,3.582393660245615230e-01,nan,8.208573210293696576e+00,1.000000000000000000e+00
1.896000000000000000e+03,6.469217300117543346e+01,1.531089929259046656e+01,-1.044481671162215313e-03,2.990019643794735416e+01,3.400671164854123241e-01,nan,1.359100070501007629e+01,1.000000000000000000e+00
1.897000000000000000e+03,5.025294927663976452e+00,1.654985306321646732e+01,-1.318558654680893538e-03,3.742801448243892537e+01,3.367940343231019540e-01,nan,8.208573210293696576e+00,1.000000000000000000e+00
1.898000000000000000e+03,1.091132568783983885e+02,3.359091479532347790e+01,-1.986005952425059281e-03,5.576016973021170742e+01,3.085416077032528959e-01,nan,1.470248732732614450e+01,1.000000000000000000e+00
1.901000000000000000e+03,4.527618883642519165e+01,3.194074280667374666e+01,-1.230817989776276759e-02,3.392697380511814345e+02,2.368892665337496428e-02,nan,8.918201917986944949e+00,1.000000000000000000e+00
1.901000000000000000e+03,1.504132405501333558e+01,4.252420518239652836e+01,-1.564068297397775732e-03,4.417119989995821783e+01,3.169578470152788485e-01,nan,2.456975206322029592e+01,1.000000000000000000e+00
1.901000000000000000e+03,7.654501297415512795e+01,8.660674879947000804e+00,-1.609662476929818323e-03,4.542349289807386015e+01,3.096422508882736846e-01,nan,1.182485008204802845e+01,1.000000000000000000e+00
1.902000000000000000e+03,5.926586691129029560e+01,1.555483319465263214e+01,-1.371664391043495631e-03,3.888662043805053514e+01,3.132080711403744111e-01,nan,1.860371757284124428e+01,1.000000000000000000e+00
1.902000000000000000e+03,1.332655782629612133e+02,5.193237111455572830e+01,-1.722023608803791928e-03,4.850961178759656889e+01,2.064739948192012564e-01,nan,1.036589862186819211e+01,1.000000000000000000e+00
1.903000000000000000e+03,2.381566414176743507e+01,1.936451566852352002e+01,-1.659359791762762566e-03,4.678848290401764842e+01,3.686691290084372907e-01,nan,1.668370636031457366e+01,1.000000000000000000e+00
1.903000000000000000e+03,1.394700602189836616e+02,3.857095679295347423e+01,-1.182198730726110019e-03,3.368274305207686581e+01,3.416214905570194027e-01,nan,1.028261625748232966e+01,1.000000000000000000e+00
1.903000000000000000e+03,4.158231202078233224e+01,5.141879387412983959e+01,-1.605645567709772150e-03,4.531316418195353179e+01,2.865166321400318683e-01,nan,1.982521624889804812e+01,1.000000000000000000e+00
1.904000000000000000e+03,1.072130976367485431e+02,4.379773138591458803e+01,-1.473154681395551051e-03,4.167416001632681599e+01,3.144249674535981587e-01,nan,1.224654045917743517e+01,1.000000000000000000e+00
1.904000000000000000e+03,8.722296152460104679e+01,1.374088099948006381e+01,-2.229662942649306145e-03,6.245247006177746130e+01,1.708008856614053883e-01,nan,1.182485008204802845e+01,1.000000000000000000e+00
1.909000000000000000e+03,7.030569246089739011e+01,1.751757012967517468e+01,-1.792766297638065344e-03,5.045263554203818757e+01,2.076858641071455125e-01,nan,9.830984638954454624e+00,1.000000000000000000e+00
1.909000000000000000e+03,1.136738398998664081e+02,9.916157907634250535e+00,-1.810560511031630761e-03,5.094137268060380563e+01,2.367227640617963758e-01,nan,2.623879153005137965e+01,1.000000000000000000e+00
1.910000000000000000e+03,2.700471676689883438e+01,4.511449153488915442e+01,-1.522956081514441253e-03,4.304200883618358375e+01,2.515742871423196636e-01,nan,1.331181879528742407e+01,1.000000000000000000e+00
1.910000000000000000e+03,7.020983656353382685e+01,5.114937066941670452e+01,1.112898028537809888e-03,-3.177932500605378863e+01,3.480475984868809380e-01,nan,1.252539874199168146e+01,1.000000000000000000e+00
1.912000000000000000e+03,1.624583753205660486e+01,3.060755111683955221e+01,-1.577248260016188112e-03,4.453320169650034188e+01,2.949602122856607167e-01,nan,9.898521676732093155e+00,1.000000000000000000e+00
1.913000000000000000e+03,7.688340519155815400e+01,1.021127461113352730e+01,-1.997725568161776849e-03,5.608206153478696621e+01,2.103772381534332325e-01,nan,9.830984638954454624e+00,1.000000000000000000e+00
1.913000000000000000e+03,1.231961314756097714e+01,1.351050891814741917e+01,-1.472413249378141725e-03,4.165379579147377598e+01,2.936941587508156148e-01,nan,4.382933732269893135e+00,1.000000000000000000e+00
1.913000000000000000e+03,8.011120573456926763e+01,4.347809292807819048e+01,-1.099108777913401780e-03,3.140058846153339900e+01,3.420077942856933895e-01,nan,1.252539874199168146e+01,1.000000000000000000e+00
1.915000000000000000e+03,5.949365704145686351e+01,3.692472975314538530e+01,-1.450213351631115394e-03,4.104405181114956491e+01,3.211149788513096848e-01,nan,1.780946132667245507e+01,1.000000000000000000e+00
1.915000000000000000e+03,1.456972154345044501e+01,4.036313242076367658e+01,-1.277692882318573215e-03,3.630559225404996226e+01,3.627583297387847461e-01,nan,9.898521676732093155e+00,1.000000000000000000e+00
1.916000000000000000e+03,1.123398577608182762e+02,1.751932633296204145e+01,-1.356812462575586811e-02,3.738754701220836978e+02,1.271178373940928807e-02,nan,9.452403251975169951e+00,1.000000000000000000e+00
1.917000000000000000e+03,1.383229502043909633e+02,1.671512787020999369e+01,-1.602467280629010912e-03,4.522586912152939220e+01,3.144000962205962812e-01,nan,6.811478452736064781e+00,1.000000000000000000e+00
1.917000000000000000e+03,1.343882938635285313e+02,1.115502731433883632e+01,-1.339265146498245032e-03,3.799674046861847643e+01,3.623343129469400736e-01,nan,6.811478452736064781e+00,1.000000000000000000e+00
1.917000000000000000e+03,2.828454891417008810e+01,4.430039740518523672e+01,-1.485797048106220252e-03,4.202139616519215792e+01,2.556191325478853749e-01,nan,1.426879621293235800e+01,1.000000000000000000e+00
1.918000000000000000e+03,1.029287922324282931e+02,1.663627884935738521e+01,-1.845000215230618770e-03,5.188729606091722957e+01,2.249695335350460068e-01,nan,9.452403251975169951e+00,1.000000000000000000e+00
1.919000000000000000e+03,5.769381775877892693e+01,1.047947399238495869e+01,-1.530809002550002473e-03,4.325769772736490637e+01,2.641618491179436035e-01,nan,2.650643268520875750e+01,1.000000000000000000e+00
1.920000000000000000e+03,1.272451459992823857e+02,3.378194358284568466e+01,-1.560645761646768052e-03,4.407719628807667078e+01,2.961112355197157431e-01,nan,7.409274619845466425e+00,1.000000000000000000e+00
1.924000000000000000e+03,1.027069243991244178e+02,1.622755504456543107e+01,-1.364950300242623055e-03,3.870221073959908153e+01,3.519133780639331910e-01,nan,1.297836755968320332e+01,1.000000000000000000e+00
1.925000000000000000e+03,1.153634283764989021e+02,1.909999853137961168e+01,-1.590222403079441169e-02,4.379840114279199952e+02,3.911949048133078755e-02,nan,1.297836755968320332e+01,1.000000000000000000e+00
1.925000000000000000e+03,5.971722839943313232e+01,3.500244031507882880e+01,-1.730162712660471367e-03,4.873316099662427803e+01,2.484377900668206518e-01,nan,1.000089832761120867e+01,1.000000000000000000e+00
1.925000000000000000e+03,5.125964248184110517e+01,6.289321670894458371e+00,-1.492838651581022014e-03,4.221480135018520485e+01,3.020543742518558838e-01,nan,1.229962671016105702e+01,1.000000000000000000e+00
1.925000000000000000e+03,5.047582397177581726e+01,1.856394776510141753e+01,-1.645307223119605623e-03,4.640251404794913981e+01,2.725151787237745094e-01,nan,1.229962671016105702e+01,1.000000000000000000e+00
1.925000000000000000e+03,2.843076781273053655e+01,4.406497509864133377e+01,1.688416025223942818e-03,-4.758654349176170228e+01,2.256157453926819212e-01,nan,2.308598966769364580e+01,1.000000000000000000e+00
1.931000000000000000e+03,6.019383454770297703e+01,1.473829255283047424e+01,-1.780376192099430944e-03,5.011232801657780556e+01,3.419358203427280696e-01,nan,1.907353717380885882e+01,1.000000000000000000e+00
1.932000000000000000e+03,7.977133798193354153e+01,1.560194663135475146e+01,-1.638662572761355636e-03,4.622001160566447453e+01,3.480870715596510179e-01,nan,1.959654405972290903e+01,1.000000000000000000e+00
1.933000000000000000e+03,1.482056259455740133e+01,2.270457307753202159e+01,-1.614544283203257378e-03,4.555757693856171642e+01,2.849812368128914475e-01,nan,1.361994590819264239e+01,1.000000000000000000e+00
1.934000000000000000e+03,1.322265455337668243e+02,1.262732010995892296e+01,-1.297099695141958877e-03,3.683862116396569775e+01,3.299595989972607946e-01,nan,3.794852717140600618e+01,1.000000000000000000e+00
1.934000000000000000e+03,3.100515621843406322e+01,3.300785187931931119e+01,-1.355961358726734010e-03,3.845531982860224929e+01,3.153898421914935746e-01,nan,5.883896665835207429e+00,1.000000000000000000e+00
1.936000000000000000e+03,6.494318835905681908e+01,3.321106870302639180e+01,-1.579209727560831064e-03,4.458707550446000312e+01,2.880202197198961089e-01,nan,5.415797762538948845e+00,1.000000000000000000e+00
1.936000000000000000e+03,9.195419174630879411e+01,5.332337697139382016e+01,-1.592602446233077219e-03,4.495492087400327819e+01,2.706987068436517152e-01,nan,1.730780870085252943e+01,1.000000000000000000e+00
1.938000000000000000e+03,9.447189311218939167e+01,8.796271297320663152e+00,-1.035284878614141325e-03,2.964759667562503154e+01,3.436758105968241717e-01,nan,8.192804629498578350e+00,1.000000000000000000e+00
1.938000000000000000e+03,9.408430031358852830e+01,3.614714689850215734e+01,-1.355358719511224339e-03,3.843876769677932259e+01,2.909719239315211592e-01,nan,1.730780870085252943e+01,1.000000000000000000e+00
1.939000000000000000e+03,6.983834077922957739e+00,2.729589612590973147e+01,-1.234937492576280516e-03,3.513126965946636204e+01,3.557186645631941202e-01,nan,1.662463908288048486e+01,1.000000000000000000e+00
1.939000000000000000e+03,9.022585191947760563e+01,1.580292398508305851e+01,-1.290005678924887114e-03,3.664377640684237747e+01,3.504393861304483382e-01,nan,8.192804629498578350e+00,1.000000000000000000e+00
1.940000000000000000e+03,6.855632311626848718e+01,2.917670101639309976e+01,-2.147846750566438992e-03,6.020530067460043711e+01,1.668240243580133564e-01,nan,5.415797762538948845e+00,1.000000000000000000e+00
1.943000000000000000e+03,4.325012006577240697e+01,2.735708495744952984e+01,-1.675782731669880942e-03,4.723955654686508865e+01,3.186670886772174915e-01,nan,1.212353638760253638e+01,1.000000000000000000e+00
1.944000000000000000e+03,3.892822813814871807e+01,3.868410507341400972e+01,-1.345367300003775602e-03,3.816434265352087607e+01,2.982023019292353583e-01,nan,1.212353638760253638e+01,1.000000000000000000e+00
1.944000000000000000e+03,4.719422367443804056e+00,4.376559752701236761e+01,-1.447619108644559527e-03,4.097279814761579075e+01,2.668652182452518895e-01,nan,1.662463908288048486e+01,1.000000000000000000e+00
1.944000000000000000e+03,1.260689525645147313e+02,5.112525927557000216e+01,-1.506401863459321065e-03,4.258732949832780434e+01,3.627420310655596891e-01,nan,1.252167123728513154e+01,1.000000000000000000e+00
1.948000000000000000e+03,8.028369046223350836e+01,5.029717793978082341e+01,-1.746480828216725577e-03,4.918135552634880270e+01,1.978020758233466347e-01,nan,9.842009116823234649e+00,1.000000000000000000e+00
1.949000000000000000e+03,9.477016646955348733e+01,2.087031044060522333e+01,-1.736756902466302533e-03,4.891427748576484191e+01,2.966301067807296521e-01,nan,1.523734283171454784e+01,1.000000000000000000e+00
1.950000000000000000e+03,1.324108689367140244e+02,7.228152617157404869e+00,-1.564845514348346938e-03,4.419254699634653605e+01,2.962509727091199307e-01,nan,2.261824360056857586e+01,1.000000000000000000e+00
1.955000000000000000e+03,6.649117866287794243e+01,1.541717230903777391e+01,-1.519490976875229439e-03,4.294683602417205037e+01,3.048746987656755225e-01,nan,6.841370231162860804e+00,1.000000000000000000e+00
1.955000000000000000e+03,3.004052902990109075e+01,4.895266873473007507e+01,-2.016337848082250250e-03,5.659326774712810249e+01,2.140493808443150181e-01,nan,1.679132388599612824e+01,1.000000000000000000e+00
1.959000000000000000e+03,2.042613648166303619e+01,3.254333749089073535e+01,-1.608770438971588931e-03,4.539899211967167503e+01,3.277409001424390622e-01,nan,5.813171181936468201e+00,1.000000000000000000e+00
1.960000000000000000e+03,1.407684680080815838e+02,2.819694562253966907e+01,-2.036760122643065454e-02,5.606303810618037460e+02,1.501577011726551447e-02,nan,3.047273504621511009e+01,1.000000000000000000e+00
1.961000000000000000e+03,9.398377944636807513e+01,4.819352592067974683e+01,-1.281598623179471246e-03,3.641286761206182376e+01,2.523264706135431856e-01,nan,5.329133746492984436e+00,1.000000000000000000e+00
1.962000000000000000e+03,1.103116208126643869e+02,2.721305532792637294e+01,-1.633533082270149841e-03,4.607912465272515590e+01,2.804604407085276030e-01,nan,1.046354211426762149e+01,1.000000000000000000e+00
1.962000000000000000e+03,1.043536687733932311e+01,1.475989448096601997e+01,-1.808968046849468957e-03,5.089763394540692332e+01,1.900586581637738748e-01,nan,1.164595561211559627e+01,1.000000000000000000e+00
1.963000000000000000e+03,1.099688560581689387e+02,1.597868401231478508e+01,-1.388933578287115641e-03,3.936093717080662913e+01,3.236787862495320578e-01,nan,1.123959903795330106e+01,1.000000000000000000e+00
1.964000000000000000e+03,1.952100345889328281e+01,7.474327239680325086e+00,-1.702400989786486459e-03,4.797065552931379528e+01,2.849708656693681341e-01,nan,1.164595561211559627e+01,1.000000000000000000e+00
1.964000000000000000e+03,9.457101774043360365e+01,2.249812509669379779e+01,-2.037748240174241422e-03,5.718132710862770551e+01,2.177187452855151584e-01,nan,1.057022091836344480e+01,1.000000000000000000e+00
1.964000000000000000e+03,1.006228481348282315e+02,3.116443452692357141e+01,-1.267139006921722119e-03,3.601571875707929848e+01,3.531124398214127158e-01,nan,1.046354211426762149e+01,1.000000000000000000e+00
1.964000000000000000e+03,5.850305198943183171e+01,1.267333253738264176e+01,-1.093267890636644060e-03,3.124016223356879607e+01,3.487585715994165891e-01,nan,7.196807065317778473e+00,1.000000000000000000e+00
1.967000000000000000e+03,9.924520486915704964e+01,9.591813437707783052e+00,-1.175079730648625684e-03,3.348721208645540770e+01,3.565718756516699228e-01,nan,1.248153878976373932e+01,1.000000000000000000e+00
1.967000000000000000e+03,6.803703208596829199e+01,2.097099345895876255e+01,1.172264752264695750e-03,-3.340989568869974846e+01,3.216132792601226198e-01,nan,1.263914369135048865e+01,1.000000000000000000e+00
1.969000000000000000e+03,6.176341421893906158e+01,4.087296729251526273e+01,-1.283545385407021486e-03,3.646633752272978057e+01,3.268835644680699870e-01,nan,6.031802643752532056e+00,1.000000000000000000e+00
1.969000000000000000e+03,7.771595211067587172e+01,4.521815554122735392e+01,-1.362030449496714557e-03,3.862201391004380469e+01,2.670311167013956766e-01,nan,7.190907554481900554e+00,1.000000000000000000e+00
1.971000000000000000e+03,1.237987211904518006e+02,2.242290307477433231e+01,-1.938407637424569138e-03,5.445283100388753184e+01,2.694065337311887243e-01,nan,1.324220634495136828e+01,1.000000000000000000e+00
1.972000000000000000e+03,3.294298880450493527e+01,5.075872664671740608e+01,-1.017498155467966119e-03,2.915906526473029459e+01,3.608065507718579701e-01,nan,1.327251835127302115e+01,1.000000000000000000e+00
1.973000000000000000e+03,8.698269066221776313e+01,3.843520748903536344e+01,-2.246664905348238865e-03,6.291944718606443132e+01,1.568720699647166983e-01,nan,1.148393781162924121e+01,1.000000000000000000e+00
1.973000000000000000e+03,1.105973577319995371e+02,2.138365732899926641e+01,-1.527674174933931622e-03,4.317159632770826505e+01,2.790746062876924283e-01,nan,1.324220634495136828e+01,1.000000000000000000e+00
1.973000000000000000e+03,7.054127757484968697e+01,4.473525103506469947e+01,-1.303236798406611375e-03,3.700718328145342895e+01,3.068369519030713644e-01,nan,7.190907554481900554e+00,1.000000000000000000e+00
1.974000000000000000e+03,9.257976377617106678e+00,2.949430519035839993e+01,-1.655142746265573280e-03,4.667265723058594062e+01,3.298470298154121405e-01,nan,1.996431580857473520e+01,1.000000000000000000e+00
1.975000000000000000e+03,2.057590565771378621e+01,4.594053218974148933e+01,-1.624486311596793362e-03,4.583064540195060488e+01,2.285361388288038587e-01,nan,1.327251835127302115e+01,1.000000000000000000e+00
1.976000000000000000e+03,7.579420684878442671e+01,2.888214770498217376e+01,-1.265688342779888080e-03,3.597587471193840969e+01,2.692519638188433095e-01,nan,1.444648701556442383e+01,1.000000000000000000e+00
1.976000000000000000e+03,9.693586453230383881e+01,6.529404688079041286e+00,-1.224219753230705587e-03,3.483689546355261513e+01,3.615050761450945283e-01,nan,2.018130862866968300e+01,1.000000000000000000e+00
1.977000000000000000e+03,7.454802094435250126e+01,1.448951042814973533e+01,-2.011960267680373230e-03,5.647303281051505763e+01,2.390946561592373065e-01,nan,6.044391638218413298e+00,1.000000000000000000e+00
1.977000000000000000e+03,5.416382744463506782e+01,3.093765997190792305e+01,-1.533861927727666252e-03,4.334154958878665553e+01,3.463840116960013038e-01,nan,2.141481711137805988e+01,1.000000000000000000e+00
1.980000000000000000e+03,9.261042842850198298e+00,4.782051206464310589e+00,-1.559975044189871457e-02,4.296762501878522471e+02,9.948582292653163073e-03,nan,4.268543870419949116e+01,1.000000000000000000e+00
1.980000000000000000e+03,8.105583845483960204e+01,4.286214771920244004e+01,-1.514193662507540847e-03,4.280133960863042120e+01,3.479226155124015563e-01,nan,1.493737485488790284e+01,1.000000000000000000e+00
1.982000000000000000e+03,7.639570480738599656e+01,2.024457208016097098e+01,-2.255002722029645582e-03,6.314845425575759919e+01,1.509921962155180708e-01,nan,6.044391638218413298e+00,1.000000000000000000e+00
1.982000000000000000e+03,9.371915951291978786e+01,5.298257815562528350e+01,-1.613257222880185764e-03,4.552222644761577186e+01,2.790865591439938287e-01,nan,1.621057717783333629e+01,1.000000000000000000e+00
1.983000000000000000e+03,5.194085605314067777e+01,3.236224997085346899e+01,-1.642296854830430303e-03,4.631983105707232795e+01,2.236059701673041022e-01,nan,9.546294733158255497e+00,1.000000000000000000e+00
1.984000000000000000e+03,1.274640791531060842e+02,1.590089052486921162e+01,-1.650003651294438016e-03,4.653150648031350300e+01,2.808726679715436436e-01,nan,3.410262909351741456e+01,1.000000000000000000e+00
1.986000000000000000e+03,5.636303968142625109e+01,4.082251208795410236e+01,-1.485350007607223093e-03,4.200911771885286328e+01,2.868458658332448952e-01,nan,9.546294733158255497e+00,1.000000000000000000e+00
1.986000000000000000e+03,1.355936537356099905e+02,4.946561138669279245e+01,-1.555171635286616439e-03,4.392684354169595196e+01,2.776560382027055685e-01,nan,1.883040907253578666e+01,1.000000000000000000e+00
1.989000000000000000e+03,3.357996717345194071e+01,1.330961600542081591e+01,-1.592896081623273790e-03,4.496298588464534163e+01,2.866423083550847517e-01,nan,1.549419315143901521e+01,1.000000000000000000e+00
1.989000000000000000e+03,6.465696522248097722e+01,1.708274517637706325e+01,-1.680142508530224794e-03,4.735930249013221527e+01,2.363323411501950799e-01,nan,1.388027898276349603e+01,1.000000000000000000e+00
1.990000000000000000e+03,7.340577770834110538e+01,3.829663906703610365e+01,-1.478429877358286917e-02,4.072789963055668636e+02,1.644442408106994158e-02,nan,1.722889880322741263e+01,1.000000000000000000e+00
1.990000000000000000e+03,1.226628396945141048e+02,3.577699005093967344e+01,-1.432954508942751396e-03,4.057001920268846362e+01,3.345592320130994501e-01,nan,1.208479175754654733e+01,1.000000000000000000e+00
1.991000000000000000e+03,2.077811399715365326e+01,3.181731748090047773e+01,-6.288823687187178497e-03,1.739416695776559152e+02,4.408395086360306081e-02,nan,1.395896913219752555e+01,1.000000000000000000e+00
1.991000000000000000e+03,4.807999398881720765e+01,1.877031593929265085e+01,-1.565401541391583376e-03,4.420781887490986861e+01,2.957102347198092840e-01,nan,4.798088693506531222e+00,1.000000000000000000e+00
1.992000000000000000e+03,1.186072291670978274e+02,4.716093554769848595e+01,-1.532847606106143082e-03,4.331369015853683635e+01,2.967680590086476666e-01,nan,1.208479175754654733e+01,1.000000000000000000e+00
1.992000000000000000e+03,1.025979010622279901e+02,1.486912937385753963e+01,-1.608961296625884127e-03,4.540423422966386369e+01,2.879628660869477663e-01,nan,1.399689542632505557e+01,1.000000000000000000e+00
1.992000000000000000e+03,4.752874628038198068e+01,5.219473766923533020e+01,-1.785203778227032693e-03,5.024492284265965480e+01,1.934392837424067091e-01,nan,8.944073636890982115e+00,1.000000000000000000e+00
1.995000000000000000e+03,1.272781996841426917e+02,1.079167259387219779e+01,-1.488842383090313365e-03,4.210503955381408048e+01,3.026798172224732797e-01,nan,2.210123946165534292e+01,1.000000000000000000e+00
1.995000000000000000e+03,1.391207160783826566e+02,4.719792312947132018e+01,1.177384495010871338e-03,-3.355051490937644587e+01,3.297347846854629116e-01,nan,1.730282823460980524e+01,1.000000000000000000e+00
1.995000000000000000e+03,3.362209524063401744e+01,3.728403176379179484e+01,-1.698201364735500794e-03,4.785530832710426097e+01,3.211586138399697976e-01,nan,1.395896913219752555e+01,1.000000000000000000e+00
1.997000000000000000e+03,2.679341615790492170e+01,1.124093685991292979e+01,-1.242827788801154770e-03,3.534798510027222562e+01,3.374315016763815844e-01,nan,2.692347767632077904e+01,1.000000000000000000e+00
1.998000000000000000e+03,8.184356161192552293e+01,4.510680616735649551e+01,-3.436096805496355842e-03,9.558846888090768346e+01,1.163372041877530627e-01,nan,1.867133235265972857e+01,1.000000000000000000e+00
2.000000000000000000e+03,5.097472087244392469e+01,2.345323005588523912e+01,-1.655804740104662538e-03,4.669083960074799933e+01,3.092085434303147862e-01,nan,1.530654720583972050e+01,1.000000000000000000e+00
2.000000000000000000e+03,1.243024627288536692e+02,3.269166746406243362e+01,-1.187864362028681186e-03,3.383835568691172568e+01,3.688488964049391194e-01,nan,1.546156718307375399e+01,1.000000000000000000e+00
2.000000000000000000e+03,6.591164490482732674e+01,1.830526491928976185e+01,-1.378962260111425957e-03,3.908706423216489156e+01,2.748747176573925755e-01,nan,8.675256342760501838e+00,1.000000000000000000e+00
2.001000000000000000e+03,8.084378171156130222e+00,3.333084167902334372e+01,-1.331345502537117226e-03,3.777921896078830599e+01,2.996546990929398468e-01,nan,1.446565426223618189e+01,1.000000000000000000e+00
2.001000000000000000e+03,1.101758207785028247e+02,4.698826355960017409e+00,-1.579372855794214901e-03,4.459155599619290200e+01,2.864246607705813741e-01,nan,2.947200630033282920e+01,1.000000000000000000e+00
2.001000000000000000e+03,4.510052551885382144e+01,4.201188002050159298e+01,-1.186247219329402379e-03,3.379393912979751491e+01,3.585572447109769412e-01,nan,7.556308066235184917e+00,1.000000000000000000e+00
2.002000000000000000e+03,6.731852158010991616e+01,2.686568375443749801e+01,-1.258461124150805953e-03,3.577737140783377612e+01,3.644403188161324803e-01,nan,8.675256342760501838e+00,1.000000000000000000e+00
2.003000000000000000e+03,9.866291146306629400e+01,3.699951793956979174e+01,-1.395908100179202131e-03,3.955249988824792240e+01,3.550410965507246885e-01,nan,5.147119181012729250e+00,1.000000000000000000e+00
2.003000000000000000e+03,5.628335565084707781e+01,3.780971932569379845e+01,-1.245645602013954831e-03,3.542537935964051599e+01,3.077198786354096161e-01,nan,1.194628997915268442e+01,1.000000000000000000e+00
2.004000000000000000e+03,8.605672652570522985e+01,2.163601761636455478e+01,-1.808134835298815662e-03,5.087474889732531835e+01,2.986434539227950102e-01,nan,1.945429856095663723e+01,1.000000000000000000e+00
2.004000000000000000e+03,8.691638013643472505e+01,5.070355913452616647e+01,-1.072343984421881592e-03,3.066546472799002387e+01,3.694722125586152872e-01,nan,1.561346117136873346e+01,1.000000000000000000e+00
2.005000000000000000e+03,7.130872493130300427e+01,5.027780245805026738e+01,-1.595718562435363566e-03,4.504050834462977093e+01,3.299352219256448393e-01,nan,1.561346117136873346e+01,1.000000000000000000e+00
2.005000000000000000e+03,4.049424004654053988e+01,3.602189456647864318e+01,-2.599939836375128339e-03,7.262252172486275015e+01,1.541844240962245705e-01,nan,7.556308066235184917e+00,1.000000000000000000e+00
2.006000000000000000e+03,1.014310181226615981e+02,4.133892128388491471e+01,-1.484694995949425739e-03,4.199112712178186513e+01,3.366503771106315046e-01,nan,5.147119181012729250e+00,1.000000000000000000e+00
2.008000000000000000e+03,4.494702416053863914e+01,4.992283805269043739e+01,-9.585402574168538914e-03,2.644857412173564626e+02,2.675546590967214922e-02,nan,8.872491374653927565e+00,1.000000000000000000e+00
2.008000000000000000e+03,3.621906903126468080e+01,5.151779963676973040e+01,-1.783484705112572824e-03,5.019770665746711558e+01,2.487288051465504912e-01,nan,8.872491374653927565e+00,1.000000000000000000e+00
2.009000000000000000e+03,6.100928569421697034e+01,3.563585724916699604e+01,-1.439362661815189910e-03,4.074602598810215426e+01,3.479562299105443124e-01,nan,3.394044106601847854e+00,1.000000000000000000e+00
2.009000000000000000e+03,4.436011355796550504e+01,2.103006270365368024e+01,-1.541776126370008985e-03,4.355892153510136211e+01,2.660459999726746405e-01,nan,1.087694443947519929e+01,1.000000000000000000e+00
2.010000000000000000e+03,7.314683555072100773e+01,1.961210853939009979e+01,-1.393451335923042832e-03,3.948502222536231443e+01,3.006734593271501721e-01,nan,7.003415990584434425e+00,1.000000000000000000e+00
2.012000000000000000e+03,1.395476891207004542e+02,2.313431426700616100e+01,-1.379732117613831268e-03,3.910820919342319257e+01,3.231439733104303214e-01,nan,2.217677036073882135e+01,1.000000000000000000e+00
2.012000000000000000e+03,5.523454093154374078e+01,2.126404910540126281e+01,-1.418705224932449976e-03,4.017864734826741824e+01,3.401055637943509735e-01,nan,1.076686614348835391e+01,1.000000000000000000e+00
2.012000000000000000e+03,9.003272398012413191e+01,3.924392082090987799e+01,-1.315857553205304403e-03,3.735382583599771067e+01,3.308366403300310177e-01,nan,2.314025152886009806e+01,1.000000000000000000e+00
2.013000000000000000e+03,2.553441619812205587e+01,2.402378089365358704e+01,-1.523580548565148240e-02,4.196801119727186347e+02,1.490085867232748829e-02,nan,1.906224618678378491e+01,1.000000000000000000e+00
2.014000000000000000e+03,1.175392437212558292e+02,2.586148766314521197e+01,-1.558752877233399907e-03,4.402520618930897456e+01,2.834332637437563251e-01,nan,1.864709365350665138e+01,1.000000000000000000e+00
2.014000000000000000e+03,5.764866842189044149e+01,3.611102768858777523e+01,-1.314389626806027229e-03,3.731350766445846290e+01,3.334271629821649041e-01,nan,3.394044106601847854e+00,1.000000000000000000e+00
2.017000000000000000e+03,4.126484648853178072e+01,5.060716264732651837e+01,-1.380617544075711349e-03,3.913252837999347378e+01,3.081389998229473459e-01,nan,2.187618682234113265e+01,1.000000000000000000e+00
2.018000000000000000e+03,1.047843402916831650e+02,5.192400229455307681e+01,-1.840298249469474352e-03,5.175815153281090630e+01,2.942198066020369485e-01,nan,2.203532701210562905e+01,1.000000000000000000e+00
2.019000000000000000e+03,7.377060753663384673e+01,1.086835030392655987e+01,-2.430530229781174313e-03,6.796950534583041303e+01,2.095482643606577655e-01,nan,1.516218420478489648e+01,1.000000000000000000e+00
2.019000000000000000e+03,1.427086916340124958e+02,4.927981460517462864e+01,-1.794529630331459340e-03,5.050106736399330742e+01,2.941336267328535925e-01,nan,2.215379487869477160e+01,1.000000000000000000e+00
2.020000000000000000e+03,1.309294518823064664e+02,1.695216622341529344e+01,-1.604407395256474654e-03,4.527915644873762346e+01,2.795692110597565172e-01,nan,1.315338250640313689e+01,1.000000000000000000e+00
2.020000000000000000e+03,4.789553146563417840e+01,9.091770386743736054e+00,-1.286787486742734399e-03,3.655538531004748393e+01,3.484357135007238870e-01,nan,1.027692945279854086e+01,1.000000000000000000e+00
2.020000000000000000e+03,9.864318159227283900e+01,3.076172910949356520e+01,-1.733574795174744722e-03,4.882687749915756115e+01,2.162215318726367075e-01,nan,1.471765522937145221e+01,1.000000000000000000e+00
2.022000000000000000e+03,1.316457201460682995e+02,3.008603203413833782e+01,-1.447963653137748124e-03,4.098226143132409760e+01,2.611895185032374611e-01,nan,1.270228132100397112e+01,1.000000000000000000e+00
2.022000000000000000e+03,7.148684729770047852e+01,5.271308976163311399e+01,-2.059928615154710957e-02,5.669938557963010908e+02,1.078223642886178002e-02,nan,7.968722712166225186e+00,1.000000000000000000e+00
2.023000000000000000e+03,5.476991258650121353e+01,1.673102186727931340e+01,-1.559407654653295399e-03,4.404319035278499683e+01,3.617430903709697443e-01,nan,9.824372921565498018e+00,1.000000000000000000e+00
2.023000000000000000e+03,7.029274680507012363e+01,2.919921951034094576e+01,-1.468310582963171240e-03,4.154111166210017814e+01,2.715188905096160843e-01,nan,8.324338985397982782e+00,1.000000000000000000e+00
2.024000000000000000e+03,1.138552487260246409e+02,4.254578393489924792e+01,-1.124546072413413946e-03,3.209925101276943593e+01,3.378760357153119953e-01,nan,5.082804594006205434e+00,1.000000000000000000e+00
2.025000000000000000e+03,3.152662555342300976e+01,2.292958739343306007e+01,-1.551958642164023979e-03,4.383859524264303076e+01,2.696834614412307873e-01,nan,5.254197853334783730e+00,1.000000000000000000e+00
2.025000000000000000e+03,3.165588806762283269e+01,3.118124610638864169e+01,-1.557142825818543614e-03,4.398098440192021741e+01,2.762271908936650977e-01,nan,8.252671101690228994e+00,1.000000000000000000e+00
2.025000000000000000e+03,2.595259479623292975e+01,3.909899722646694897e+01,-1.512776087720700676e-03,4.276240439808194083e+01,2.596848530154165502e-01,nan,9.757988365384672846e+00,1.000000000000000000e+00
2.027000000000000000e+03,5.280954554402457291e+01,7.104222588143969119e+00,-1.585651532442746130e-03,4.476400657837438501e+01,2.272031539019062629e-01,nan,9.824372921565498018e+00,1.000000000000000000e+00
2.028000000000000000e+03,7.198871180378054646e+01,1.035685447953089167e+01,-1.334422321142650922e-03,3.786372708080994443e+01,3.564204459671311831e-01,nan,1.564762530856669720e+01,1.000000000000000000e+00
2.028000000000000000e+03,1.096011907040165880e+02,4.532749076457047011e+01,-1.427759469029118945e-03,4.042733186462152872e+01,2.993914850722017018e-01,nan,5.082804594006205434e+00,1.000000000000000000e+00
2.029000000000000000e+03,1.287376992544219831e+02,3.293327815558844662e+01,-1.914894084338875828e-03,5.380700607201566754e+01,1.729003847469610111e-01,nan,1.016002864950640827e+01,1.000000000000000000e+00
2.030000000000000000e+03,3.161919874964224775e+01,1.767620512242616115e+01,-1.434029398194434967e-03,4.059954218780298163e+01,3.096081789452014288e-01,nan,5.254197853334783730e+00,1.000000000000000000e+00
2.030000000000000000e+03,8.458963745605305462e+01,3.485045218934260447e+01,-1.417416452847476650e-03,4.014324984194657731e+01,2.817824633271494017e-01,nan,6.782772546404461700e+00,1.000000000000000000e+00
2.032000000000000000e+03,1.318648877508228523e+01,4.524727264464590348e+01,-1.369962162387692011e-03,3.883986690396496755e+01,3.147108352885134019e-01,nan,7.005817098476893712e+00,1.000000000000000000e+00
2.032000000000000000e+03,6.396633589089285010e+01,2.379149859501144704e+01,-1.282364774996679275e-03,3.643391079270528365e+01,3.478358669939461967e-01,nan,1.564762530856669720e+01,1.000000000000000000e+00
2.033000000000000000e+03,1.962671479421945264e+01,2.458185036554565173e+01,-1.325515356375975805e-03,3.761908774907394104e+01,2.933878512787596593e-01,nan,6.854071735735576709e+00,1.000000000000000000e+00
2.033000000000000000e+03,1.242775688975037980e+02,4.206199215910985600e+01,-1.394720656449969587e-03,3.951988547379773564e+01,3.672604213206959178e-01,nan,5.913334766424448219e+00,1.000000000000000000e+00
2.033000000000000000e+03,4.714536525078199958e+01,5.288774242272033632e+01,-1.215716962195046444e-03,3.460335719643864394e+01,3.375739861141832110e-01,nan,2.980665206562063219e+01,1.000000000000000000e+00
2.034000000000000000e+03,9.795700303371395989e+01,6.721067093091543931e+00,-1.588102420552819222e-03,4.483132284661104450e+01,3.375745036957918943e-01,nan,1.215443789357790649e+01,1.000000000000000000e+00
2.034000000000000000e+03,3.075979614185456157e+01,2.798895465428611473e+01,-1.628188853481749281e-03,4.593233968234667230e+01,3.572574157510497450e-01,nan,1.034849630377041585e+01,1.000000000000000000e+00
2.035000000000000000e+03,8.318589961304945746e+01,1.565935170567788326e+01,-1.520252670012819897e-03,4.296775674240203813e+01,3.294400539902301306e-01,nan,1.343025281310350572e+01,1.000000000000000000e+00
2.035000000000000000e+03,1.200935346275764459e+02,1.272911391129924930e+01,-1.195107109413053427e-03,3.403728550492052563e+01,3.470543530779846009e-01,nan,2.293736378871485826e+01,1.000000000000000000e+00
2.035000000000000000e+03,1.289619050473797301e+02,3.845304177225641240e+01,-1.399973162829049392e-03,3.966415118991741906e+01,3.723366819331367372e-01,nan,5.913334766424448219e+00,1.000000000000000000e+00
2.037000000000000000e+03,9.625435718369753602e+01,1.875565714087731806e+01,-1.297061914718234277e-03,3.683758348414379924e+01,3.427604088938253080e-01,nan,1.215443789357790649e+01,1.000000000000000000e+00
2.041000000000000000e+03,5.537459629553477214e+01,3.700557994519759575e+01,-1.288170480249190833e-03,3.659337070867402986e+01,3.569300104414847574e-01,nan,2.573444517519484620e+01,1.000000000000000000e+00
2.044000000000000000e+03,8.487163031455007456e+01,1.646001453475751219e+01,-1.620270137530815339e-03,4.571484366331090854e+01,2.867262375291478316e-01,nan,1.083718222636912643e+01,1.000000000000000000e+00
2.046000000000000000e+03,1.877894951270566182e+01,2.720193995328801861e+01,-1.010124520000854967e-02,2.786539116965521998e+02,1.882009390171701657e-02,nan,1.254095166583220688e+01,1.000000000000000000e+00
2.046000000000000000e+03,6.855834506148715946e+01,1.490466510097999020e+01,-1.919227154566927745e-03,5.392601848900892492e+01,2.009321017368400630e-01,nan,9.297698102415157706e+00,1.000000000000000000e+00
2.047000000000000000e+03,1.236753792294919521e+02,1.944559249061398276e+01,-1.505281475459042386e-03,4.255655684132811700e+01,2.621538370019435016e-01,nan,1.248495359765932555e+01,1.000000000000000000e+00
2.047000000000000000e+03,1.415275030126681770e+02,3.159221829685143135e+01,-2.121680182128620265e-03,5.948660783319585477e+01,1.620545052149962029e-01,nan,2.159256450833480301e+01,1.000000000000000000e+00
2.048000000000000000e+03,8.872352675697893432e+00,1.951202397236031416e+01,-1.498568581522214315e-03,4.237218001603016404e+01,3.549701696633568160e-01,nan,1.254095166583220688e+01,1.000000000000000000e+00
2.049000000000000000e+03,6.960415146705547329e+01,5.096019452743385614e+01,-1.392993115994090557e-03,3.947243672399978465e+01,2.992594756674387124e-01,nan,2.220680499445549216e+01,1.000000000000000000e+00
2.049000000000000000e+03,1.066138793694886999e+02,2.340464817337445780e+01,-1.287260558315835544e-03,3.656837872773111542e+01,3.693189851876677032e-01,nan,6.519214357584766972e+00,1.000000000000000000e+00
2.049000000000000000e+03,9.461628262099556252e+01,5.001712356994635655e+01,-1.542085549093522934e-03,4.356742016177019394e+01,2.696314834189610377e-01,nan,2.502990386902747844e+01,1.000000000000000000e+00
2.051000000000000000e+03,1.900116616037862372e+01,9.138714282283489254e+00,-1.351441646090259519e-03,3.833118107786162199e+01,3.505538586429867154e-01,nan,3.698902676693238245e+00,1.000000000000000000e+00
2.052000000000000000e+03,6.012235815034169661e+01,2.547067374463074785e+01,-1.481199923093672564e-03,4.189513120059004336e+01,3.257859650246481831e-01,nan,7.791607690916365847e+00,1.000000000000000000e+00
2.053000000000000000e+03,6.154033237049847571e+01,1.613322253274423090e+01,-1.192182983645142949e-03,3.395697125730498556e+01,3.571381367988306632e-01,nan,9.444503482099532832e+00,1.000000000000000000e+00
2.054000000000000000e+03,1.413825881412644208e+02,9.050799940268984045e+00,-1.386421552250751083e-03,3.929194168391092745e+01,3.094426462611721274e-01,nan,2.111135123485655285e+01,1.000000000000000000e+00
2.057000000000000000e+03,1.217144516095945050e+02,1.672240709477517484e+01,-1.849717365183078509e-03,5.201685763910892035e+01,2.306285678818710272e-01,nan,8.374003844775705474e+00,1.000000000000000000e+00
2.057000000000000000e+03,1.104731401268473974e+02,2.905303037229499097e+01,-1.164770594001911068e-02,3.211291130589312388e+02,2.019347569897300687e-02,nan,1.668566313528639711e+01,1.000000000000000000e+00
2.058000000000000000e+03,4.861476470001792727e+00,1.080545664587234000e+01,-1.262142153965428682e-03,3.587847483616649669e+01,3.747543721842787612e-01,nan,2.807901570111470235e+01,1.000000000000000000e+00
2.059000000000000000e+03,1.274519661331300853e+02,3.942482804192005119e+01,-1.649504894728392275e-03,4.651780759677543386e+01,3.190185141433684590e-01,nan,1.698269554535583836e+01,1.000000000000000000e+00
2.060000000000000000e+03,8.841588853982314333e+01,3.630040035227587225e+01,-1.572730331109555187e-03,4.440911193781119692e+01,2.939167185122798509e-01,nan,1.650672574288150329e+01,1.000000000000000000e+00
2.062000000000000000e+03,5.158735815672920921e+01,4.395537636720969488e+01,-1.471361732295573812e-03,4.162491474802889257e+01,3.248791907129990886e-01,nan,9.086471625873775437e+00,1.000000000000000000e+00
2.062000000000000000e+03,1.255219443537123141e+02,9.264060133429884658e+00,-1.802002550167784625e-03,5.070631911504045064e+01,2.397626219336798092e-01,nan,8.374003844775705474e+00,1.000000000000000000e+00
2.063000000000000000e+03,6.732156678653930726e+01,4.129280717053096339e+01,-1.651804349652614967e-02,4.548981529467338305e+02,1.232132980070477224e-02,nan,1.595790073704849732e+01,1.000000000000000000e+00
2.064000000000000000e+03,1.170189248182730779e+02,5.282496225426045555e+01,-1.929841818591685821e-03,5.421756161078420888e+01,1.688440246697044955e-01,nan,1.380664484313278173e+01,1.000000000000000000e+00
2.067000000000000000e+03,1.099412508815056668e+02,1.958028523795991305e+01,-1.510564730845700282e-02,4.161051781627222681e+02,1.377676192592602877e-02,nan,1.367410527619439264e+01,1.000000000000000000e+00
2.068000000000000000e+03,1.043021552108360623e+02,6.143170733621819757e+00,-1.286563652843791296e-03,3.654923747215975283e+01,3.253717570207621534e-01,nan,9.051912910975271842e+00,1.000000000000000000e+00
2.068000000000000000e+03,5.706311069093052879e+01,1.927454093448678663e+01,-1.859852395725940678e-03,5.229522711334400498e+01,2.788404928989751674e-01,nan,1.190696866960935729e+01,1.000000000000000000e+00
2.068000000000000000e+03,8.987244704685620889e+01,2.812702630769604184e+01,-1.601502541860381958e-03,4.519937153746571568e+01,2.139964769113974485e-01,nan,1.007083982145881684e+01,1.000000000000000000e+00
2.069000000000000000e+03,2.830277729890763183e+01,5.492831694895985883e+00,-1.793385139017587143e-03,5.046963268365743005e+01,2.732322998342711085e-01,nan,6.616039316514739532e+00,1.000000000000000000e+00
2.069000000000000000e+03,1.307800443664729926e+02,5.170468076974185578e+01,-1.410319028646523894e-03,3.994831148089407691e+01,3.298471141562360209e-01,nan,1.380664484313278173e+01,1.000000000000000000e+00
2.070000000000000000e+03,4.633960019535312824e+01,5.145382054379845727e+01,-1.307807329637996610e-03,3.713271781935886651e+01,3.300408698158594500e-01,nan,2.482441519111110750e+01,1.000000000000000000e+00
2.071000000000000000e+03,4.663501721829577562e+00,2.836373762160023304e+01,-1.422935853471103207e-03,4.029484609448809351e+01,2.444347772328835378e-01,nan,2.871387395040505197e+01,1.000000000000000000e+00
2.074000000000000000e+03,8.553654622490928716e+01,2.524899707126805737e+01,-1.386110301204606472e-03,3.928339284040187351e+01,3.672319417815440579e-01,nan,6.253377845223219822e+00,1.000000000000000000e+00
2.075000000000000000e+03,8.071776660212806576e+01,3.138911938732178797e+01,-1.403522659528729519e-03,3.976164192030154965e+01,3.538638132073610443e-01,nan,7.805237927765722894e+00,1.000000000000000000e+00
2.076000000000000000e+03,5.519912299009223489e+01,4.712255438704635679e+01,-1.327935003367918931e-03,3.768554594652417933e+01,3.044243746168516784e-01,nan,5.130163395978739160e+00,1.000000000000000000e+00
2.077000000000000000e+03,7.024375210675098913e+01,4.829449674530798120e+01,-1.304688600531358393e-03,3.704705858251444539e+01,2.765215364232355144e-01,nan,1.056148286498035205e+01,1.000000000000000000e+00
2.077000000000000000e+03,8.079159938741663893e+01,4.775799133897189819e+01,-1.402866752380308455e-03,3.974362672762099180e+01,3.109870539879081575e-01,nan,1.056148286498035205e+01,1.000000000000000000e+00
2.077000000000000000e+03,8.823164686044616900e+00,2.268232632150423811e+01,-1.299650283996983549e-03,3.690867581999858515e+01,3.141965648640629993e-01,nan,1.491812215762414873e+01,1.000000000000000000e+00
2.078000000000000000e+03,9.029073831767698266e+01,2.118668344228841960e+01,-1.386652216976802781e-03,3.929827713778489340e+01,3.036427859999398793e-01,nan,6.253377845223219822e+00,1.000000000000000000e+00
2.078000000000000000e+03,2.255287020787180197e+01,2.851718321723910066e+01,-1.396170894081065874e-03,3.955971780436416907e+01,3.197591113312487909e-01,nan,1.491812215762414873e+01,1.000000000000000000e+00
2.079000000000000000e+03,5.078776425083315615e+01,8.165887587700900951e+00,-1.889455973971138503e-03,5.310832111209830231e+01,2.990982945699114381e-01,nan,6.246832998482176436e+00,1.000000000000000000e+00
2.081000000000000000e+03,5.232726934961897314e+01,5.137355816699534472e+01,-1.491067119531432278e-03,4.216614432412600166e+01,3.324856080052882579e-01,nan,5.130163395978739160e+00,1.000000000000000000e+00
2.082000000000000000e+03,3.622708088355607003e+01,7.040986597167585792e+00,-2.118504887428617790e-03,5.939939496171579947e+01,1.847692923753759819e-01,nan,8.227614714402621487e+00,1.000000000000000000e+00
2.082000000000000000e+03,2.171068894258151616e+01,6.636373682485221970e+00,-1.411197758760152467e-03,3.997244674508404216e+01,3.012726186676908391e-01,nan,5.583577801489629344e+00,1.000000000000000000e+00
2.082000000000000000e+03,1.325795449518704174e+02,1.077983735622966144e+01,-1.285163652033102181e-03,3.651078494969797106e+01,3.218953411174314549e-01,nan,1.562159975588754435e+01,1.000000000000000000e+00
2.085000000000000000e+03,8.811848151375134108e+00,1.013367283881882130e+01,-1.484872291539325812e-03,4.199599673514276788e+01,3.215502752078992499e-01,nan,1.336454994175940847e+01,1.000000000000000000e+00
2.087000000000000000e+03,3.375788485996014288e+01,1.488934406135794930e+01,-1.574692190189395848e-03,4.446299649970462298e+01,2.603532437334722394e-01,nan,8.227614714402621487e+00,1.000000000000000000e+00
2.087000000000000000e+03,1.170984101817259386e+02,1.287001561699342922e+01,-1.308743106562729143e-03,3.715841993534534282e+01,2.729440150388733333e-01,nan,1.562159975588754435e+01,1.000000000000000000e+00
2.092000000000000000e+03,8.582951517198209501e+01,1.509433625278684943e+01,-1.438344372098562937e-03,4.071805756986822189e+01,2.981048993997463814e-01,nan,3.134790898004522219e+01,1.000000000000000000e+00
2.094000000000000000e+03,1.508636746169917409e+01,1.611149243411543708e+01,-2.885745457665767587e-03,8.047247937379526661e+01,1.203887180083426101e-01,nan,2.905270979929862563e+01,1.000000000000000000e+00
2.094000000000000000e+03,1.292540293372055658e+02,3.128229013271057113e+01,-1.289921348498790669e-03,3.664146018132384341e+01,3.438758594185258310e-01,nan,9.109685778163633785e+00,1.000000000000000000e+00
2.096000000000000000e+03,1.031895832229861121e+01,4.494701073249650847e+01,-1.663515285884632766e-03,4.690261800296973860e+01,3.135024962565794437e-01,nan,2.177590744435129011e+01,1.000000000000000000e+00
2.098000000000000000e+03,1.371321678816424310e+02,2.670830849178382138e+01,-7.503774690940674848e-03,2.073116007984781390e+02,3.513709701091849436e-02,nan,9.023777319037948885e+00,1.000000000000000000e+00
2.100000000000000000e+03,7.920389067169256236e+01,4.286660909513280870e+01,-1.599444720757374786e-03,4.514285127577618795e+01,3.027181961580488467e-01,nan,1.581352980454253832e+01,1.000000000000000000e+00
2.101000000000000000e+03,1.225245071967530350e+02,1.109247311027294991e+01,-1.449164092102628223e-03,4.101523277384662691e+01,3.410621546631124046e-01,nan,8.834290795845559430e+00,1.000000000000000000e+00
2.101000000000000000e+03,1.290954196600534090e+02,2.260474478125495779e+01,-1.448100176567577307e-03,4.098601119361850920e+01,3.264876156647805727e-01,nan,9.023777319037948885e+00,1.000000000000000000e+00
2.101000000000000000e+03,2.878461009045018670e+01,3.340535358101628560e+01,-1.485155021508615357e-03,4.200376221671371724e+01,3.696912480352818609e-01,nan,7.822945721361413085e+00,1.000000000000000000e+00
2.102000000000000000e+03,3.693179484045518990e+01,1.318824007325196490e+01,-1.619756302176874425e-03,4.570073062470535064e+01,2.931130430225861172e-01,nan,6.546794617416592743e+00,1.000000000000000000e+00
2.102000000000000000e+03,5.712540394681813183e+01,3.245229769288425103e+01,-1.479948380920312681e-03,4.186075625368604847e+01,3.376672812554288861e-01,nan,5.957133230280695635e+00,1.000000000000000000e+00
2.102000000000000000e+03,6.180511045013120963e+01,5.032547264220363559e+01,-1.397700632135002530e-03,3.960173369923403186e+01,3.679653207549813398e-01,nan,3.046482417372709417e+00,1.000000000000000000e+00
2.103000000000000000e+03,1.768480808000959215e+01,1.031271010154347145e+01,-1.728431902403917975e-02,4.759447314262863529e+02,1.726850604703156211e-02,nan,1.946060564255290615e+01,1.000000000000000000e+00
2.103000000000000000e+03,6.382359937199379374e+01,3.919042025129391504e+01,-1.149941873404753930e-03,3.279677390032667716e+01,3.271042440890945535e-01,nan,9.500953508253440205e+00,1.000000000000000000e+00
2.104000000000000000e+03,1.312820660012314704e+02,9.930639364996201479e+00,-9.452965640715115317e-03,2.608482189248657619e+02,1.657615237295317900e-02,nan,8.834290795845559430e+00,1.000000000000000000e+00
2.105000000000000000e+03,4.300517095802809564e+01,1.563254412494642054e+01,-1.444481774633336055e-03,4.088662790713051010e+01,3.591731733030564255e-01,nan,6.546794617416592743e+00,1.000000000000000000e+00
2.106000000000000000e+03,6.164814744746662001e+01,2.857515602012371403e+01,-1.802244335959182937e-03,5.071296002089114552e+01,3.610589043872676207e-01,nan,5.543540825800545413e+00,1.000000000000000000e+00
2.107000000000000000e+03,9.509888482108466690e+01,4.274962621977154953e+01,-1.553498860447121701e-03,4.388089898823708523e+01,3.425473215093871593e-01,nan,2.427683419918442453e+01,1.000000000000000000e+00
2.107000000000000000e+03,6.247393325179957202e+01,5.329763198842475447e+01,-1.497440403716882680e-03,4.234119340368739159e+01,2.979709675625593635e-01,nan,3.046482417372709417e+00,1.000000000000000000e+00
2.112000000000000000e+03,1.419034567726529588e+02,3.207575251206237255e+01,-1.336157626617761295e-03,3.791138910518183280e+01,3.434121089781810854e-01,nan,1.641140651675869222e+01,1.000000000000000000e+00
2.113000000000000000e+03,6.313151251738770497e+01,2.794984563802780286e+01,-1.622043642513061948e-03,4.576355487807966682e+01,2.788220732691150117e-01,nan,1.307087958703999675e+01,1.000000000000000000e+00
2.113000000000000000e+03,1.296259698015156800e+02,2.118550102130863522e+01,-1.815127643094519624e-03,5.106681385670405149e+01,2.235134392563518091e-01,nan,1.641140651675869222e+01,1.000000000000000000e+00
2.113000000000000000e+03,1.130261597399251201e+02,4.932593095070362210e+01,-1.510167201450420557e-03,4.269074854106941075e+01,3.495335655584688173e-01,nan,3.267166189057532932e+01,1.000000000000000000e+00
2.113000000000000000e+03,6.091303327636286724e+01,7.922918826574739448e+00,-1.379658445352864799e-03,3.910618570583090303e+01,3.107956154357620626e-01,nan,6.686259158912602807e+00,1.000000000000000000e+00
2.113000000000000000e+03,1.186343241550139460e+01,4.153162135936574373e+01,-1.545422719478780878e-03,4.365907912240660949e+01,2.878515390295423027e-01,nan,3.011481140781751265e+01,1.000000000000000000e+00
2.114000000000000000e+03,1.413644840344999807e+02,8.260212238348467295e+00,-1.549806591268097344e-03,4.377948685871732692e+01,3.142532886405857706e-01,nan,1.746012046123654216e+01,1.000000000000000000e+00
2.114000000000000000e+03,6.851122671895834060e+01,1.603739130282390590e+01,-1.414384730100514635e-03,4.005998032800389552e+01,3.073926331979129900e-01,nan,1.111652855701392539e+01,1.000000000000000000e+00
2.115000000000000000e+03,4.979715783821397679e+01,4.755846447360765694e+01,-2.250004643286862473e-03,6.301117666730534950e+01,2.039613486148017518e-01,nan,1.226254515170146320e+01,1.000000000000000000e+00
2.116000000000000000e+03,5.598113289152352934e+01,1.243760819951771701e+01,-1.605078327502263390e-03,4.529758432181779426e+01,3.053616571500192833e-01,nan,6.686259158912602807e+00,1.000000000000000000e+00
2.116000000000000000e+03,2.869082256143487086e+01,1.655681791659653612e+01,-1.453815793695229994e-03,4.114299674270245077e+01,3.371177675546658259e-01,nan,1.471040867172539279e+01,1.000000000000000000e+00
2.118000000000000000e+03,9.816932094089810334e+01,1.560159532541074334e+01,-1.681930666927070744e-03,4.740841617663507179e+01,2.989646445532107011e-01,nan,1.012120418615573847e+01,1.000000000000000000e+00
2.121000000000000000e+03,1.406985492386012382e+01,1.817651808334518293e+01,-1.973517037099037537e-03,5.541714828805931603e+01,1.964272488661464866e-01,nan,1.217080660470261577e+01,1.000000000000000000e+00
2.121000000000000000e+03,1.046719352565149705e+02,7.845643982075031886e+00,-1.322610272967251338e-03,3.753929652025863106e+01,3.691234652831104635e-01,nan,8.988580249645295339e+00,1.000000000000000000e+00
2.122000000000000000e+03,7.884638295507016892e+01,6.056605580545298295e+00,-1.343299945852110665e-03,3.810756055643464890e+01,2.923501758474178480e-01,nan,2.155186213842642928e+01,1.000000000000000000e+00
2.122000000000000000e+03,3.554584053624644469e+01,7.853073329120149104e+00,-1.713657641193257501e-03,4.827983152246926579e+01,3.118786639807662464e-01,nan,2.382837530376254165e+01,1.000000000000000000e+00
2.123000000000000000e+03,1.166841355862173479e+01,6.244979507855648926e+00,-1.259947104908822925e-03,3.581818546168228323e+01,3.056966789382763450e-01,nan,1.217080660470261577e+01,1.000000000000000000e+00
2.123000000000000000e+03,9.557495721819678636e+01,3.035891467036922009e+01,-1.764214340090974539e-03,4.966842543264058207e+01,2.167399662644773350e-01,nan,5.302749436877418177e+00,1.000000000000000000e+00
2.124000000000000000e+03,2.448197962098430125e+01,4.329110311731179195e+01,-1.475364320326377678e-03,4.173485011734054950e+01,3.420966787018167032e-01,nan,2.718740006210235194e+01,1.000000000000000000e+00
2.125000000000000000e+03,1.126462117764783386e+02,1.199359394410137902e+01,-2.381697133133776033e-03,6.662825201842127854e+01,1.926527446072715533e-01,nan,8.988580249645295339e+00,1.000000000000000000e+00
2.125000000000000000e+03,6.768534360210706780e+01,3.438355822398843031e+01,-1.542527232619646770e-03,4.357955147310915578e+01,2.300607114294183075e-01,nan,1.740605086627959608e+01,1.000000000000000000e+00
2.126000000000000000e+03,1.100366793874485012e+02,3.078708959248726273e+01,-1.884398186769596986e-02,5.187825427122621704e+02,1.278806871724491590e-02,nan,7.884171068327487930e+00,1.000000000000000000e+00
2.127000000000000000e+03,9.126373720487768537e+01,3.344639480586169356e+01,-1.250436641947235555e-03,3.555697040533360820e+01,2.724426478347197200e-01,nan,5.302749436877418177e+00,1.000000000000000000e+00
2.130000000000000000e+03,8.230733484575495140e+01,2.494067842859776363e+01,-1.471138662027427109e-03,4.161878788407926066e+01,3.003258686740819527e-01,nan,1.053522712970826092e+01,1.000000000000000000e+00
2.131000000000000000e+03,5.259213543219419051e+01,3.332995125770687395e+01,-1.653835342717539444e-03,4.663674799116726177e+01,3.103253048070098163e-01,nan,6.055583094716514125e+00,1.000000000000000000e+00
2.133000000000000000e+03,1.002595953098922621e+02,5.262407803777812809e+00,-1.334943036470227556e-03,3.787802908526376200e+01,3.525210478712834661e-01,nan,2.229112693476924179e+01,1.000000000000000000e+00
2.134000000000000000e+03,1.349120687840107564e+02,3.294973961191194434e+01,-1.995769674808136988e-03,5.602834082795632753e+01,1.958774293925182874e-01,nan,1.242675287178794541e+01,1.000000000000000000e+00
2.135000000000000000e+03,8.922735184744014703e+01,4.363291418904655217e+01,-1.232174222176833081e-03,3.505537347691313954e+01,3.158432841911158473e-01,nan,1.936529014962997408e+01,1.000000000000000000e+00
2.139000000000000000e+03,1.413109061129021597e+02,2.229708417888136651e+01,-2.045341851426098027e-03,5.738989377873149067e+01,2.016420300302027568e-01,nan,1.242675287178794541e+01,1.000000000000000000e+00
2.141000000000000000e+03,4.638882533079792836e+01,5.013853574934521617e+01,-1.847108615576273198e-03,5.194520553570517052e+01,2.904722618653297062e-01,nan,8.140478521153054814e+00,1.000000000000000000e+00
2.144000000000000000e+03,3.007515595570481892e+01,1.983961619564223966e+01,-1.392546338138611443e-03,3.946016549144615482e+01,3.050386298631967419e-01,nan,1.654645225282800425e+01,1.000000000000000000e+00
2.148000000000000000e+03,5.661093471770700347e+01,6.775444854672637796e+00,-1.331209462995767891e-03,3.777548248900951222e+01,3.323867370991470116e-01,nan,2.862145997287224830e+01,1.000000000000000000e+00
2.149000000000000000e+03,1.019588450723710906e+02,4.479051319169397516e+01,-1.667891392646391217e-03,4.702281246447781626e+01,3.366050403940175073e-01,nan,1.147302801485652246e+01,1.000000000000000000e+00
2.149000000000000000e+03,5.719576479571305327e+00,3.566547128175486137e+01,-1.889257969704479781e-03,5.310288271273946492e+01,2.263654944735520314e-01,nan,3.234798613215006391e+00,1.000000000000000000e+00
2.150000000000000000e+03,2.799270716403699666e+01,6.345302244494182453e+00,-1.722667630986236776e-03,4.852730054695103945e+01,2.346594727043007644e-01,nan,2.787062340596847676e+01,1.000000000000000000e+00
2.150000000000000000e+03,8.180908307321003292e+01,3.688295489356558932e+01,-1.299322041369709415e-03,3.689966028450617586e+01,3.158664187403975587e-01,nan,6.683037281145243647e+00,1.000000000000000000e+00
2.152000000000000000e+03,1.262966798293759467e+02,3.818602668789646515e+01,-1.420108878413926454e-03,4.021720019524645551e+01,2.887432987838270959e-01,nan,1.458674328319385971e+01,1.000000000000000000e+00
2.153000000000000000e+03,9.859328077301137228e+01,3.382222486686598728e+01,-1.400326548286415316e-03,3.967385730018055767e+01,3.170684404113385257e-01,nan,6.569370154533073602e+00,1.000000000000000000e+00
2.153000000000000000e+03,9.989434891302943598e+00,3.976947099660142015e+01,-1.410319402943021119e-03,3.994832176134845980e+01,3.657806634089783016e-01,nan,5.922373216515154581e+00,1.000000000000000000e+00
2.154000000000000000e+03,6.514047138366960610e+01,2.313548264122025699e+01,-1.311814034274953224e-03,3.724276625566973564e+01,3.734465369296177117e-01,nan,1.893035676364981867e+01,1.000000000000000000e+00
2.154000000000000000e+03,9.560548259677750593e+01,2.797161068668255268e+01,-1.464206271402900819e-03,4.142838234704802858e+01,3.300001789735568236e-01,nan,6.569370154533073602e+00,1.000000000000000000e+00
2.154000000000000000e+03,7.800642677732729346e+00,3.318896455918621768e+01,-1.558580226052461637e-03,4.402046413961700466e+01,2.616787346391798996e-01,nan,3.234798613215006391e+00,1.000000000000000000e+00
2.156000000000000000e+03,1.999667135033268650e+01,1.027062277281399183e+01,-1.519121803904408333e-02,4.184554699731612004e+02,2.489383062253724965e-02,nan,2.596138489410484951e+01,1.000000000000000000e+00
2.156000000000000000e+03,1.281112256598041199e+02,5.265946798701661891e+01,-1.539068693994161173e-03,4.348455900370054650e+01,3.242694587197992862e-01,nan,1.458674328319385971e+01,1.000000000000000000e+00
2.156000000000000000e+03,1.058086314456498656e+02,1.325316394198107872e+01,-1.907906304099198742e-03,5.361507919985058379e+01,2.827321926611165992e-01,nan,1.112021343193576683e+01,1.000000000000000000e+00
2.157000000000000000e+03,1.316643772499239518e+01,5.057377666769031066e+01,-1.324066062888135933e-03,3.757928135041375839e+01,3.318594358002411315e-01,nan,1.126172136218945674e+01,1.000000000000000000e+00
2.158000000000000000e+03,9.511928907096132946e+01,1.631863394974378423e+01,-1.498649338570495326e-03,4.237439809489787734e+01,3.356545014823876238e-01,nan,1.112021343193576683e+01,1.000000000000000000e+00
2.161000000000000000e+03,7.454326449998850990e+01,9.508895798083868200e+00,-1.404420626202849097e-03,3.978630553723868246e+01,3.189891930610061488e-01,nan,2.167360885592082909e+01,1.000000000000000000e+00
2.162000000000000000e+03,6.980814302031566854e+01,5.095198081178772753e+01,-1.741131394831100902e-03,4.903442760613047824e+01,2.619002766666559401e-01,nan,1.914832297904124658e+01,1.000000000000000000e+00
2.162000000000000000e+03,1.434317740002207984e+02,3.867794730375943857e+01,-1.191340093978412876e-03,3.393382038939456891e+01,3.492834704233739318e-01,nan,2.837742258304552223e+01,1.000000000000000000e+00
2.163000000000000000e+03,5.961734786330855940e+01,3.474068946971384975e+01,-1.546526468700505814e-03,4.368939477752373790e+01,2.489591220926670179e-01,nan,1.234094253838064859e+01,1.000000000000000000e+00
2.165000000000000000e+03,4.875617322444389146e+01,7.840606510410967012e+00,-1.883231327359845362e-03,5.293735452278642839e+01,2.164721002202516509e-01,nan,7.964032294025128245e+00,1.000000000000000000e+00
2.165000000000000000e+03,1.489673479074552276e+01,2.368828914640776517e+01,-1.216401762725739756e-03,3.462216597682454022e+01,3.284258979917021870e-01,nan,3.017330156993949686e+01,1.000000000000000000e+00
2.166000000000000000e+03,4.337196236716870601e+01,1.370883314412878562e+01,-1.413620578877662582e-03,4.003899209582819196e+01,3.087501420337481761e-01,nan,7.964032294025128245e+00,1.000000000000000000e+00
2.167000000000000000e+03,5.330795012672873412e+01,2.413454205713965095e+01,1.237706787663203850e-03,-3.520733131651697079e+01,3.528408684679025242e-01,nan,1.234094253838064859e+01,1.000000000000000000e+00
2.169000000000000000e+03,1.408396371225443318e+02,3.190732199466290098e+01,-1.466001816789903921e-03,4.147769892515121626e+01,2.878314896870187711e-01,nan,1.814157989285424577e+01,1.000000000000000000e+00
2.170000000000000000e+03,4.364146893498163848e+01,4.844419490855432997e+01,-6.144222983140001232e-03,1.699700562914992474e+02,3.727372080629665074e-02,nan,2.278830631583775457e+01,1.000000000000000000e+00
2.170000000000000000e+03,1.408891444495727967e+02,6.549098848998863964e+00,-1.307860852462913726e-03,3.713418788109856905e+01,3.050548270201424161e-01,nan,7.375091648507924980e+00,1.000000000000000000e+00
2.170000000000000000e+03,6.503987125396007229e+01,2.900526577573324261e+01,-1.292162472829826202e-03,3.670301506259306734e+01,3.158293241125360584e-01,nan,1.019649618561592419e+01,1.000000000000000000e+00
2.171000000000000000e+03,1.108422536162160696e+02,1.588388359241142744e+01,-1.756290492282509439e-03,4.945078846163858799e+01,2.247841305645098542e-01,nan,1.031475933510352405e+01,1.000000000000000000e+00
2.171000000000000000e+03,8.206134877400347705e+01,5.006975905974660890e+01,-1.396857189643129805e-03,3.957856764738868804e+01,3.053781902712616736e-01,nan,2.708216339729134603e+01,1.000000000000000000e+00
2.172000000000000000e+03,1.204579506253944317e+02,1.215123960071015752e+01,-1.995806253491652724e-03,5.602934550069564068e+01,2.712468517418312741e-01,nan,1.031475933510352405e+01,1.000000000000000000e+00
2.173000000000000000e+03,1.256222591556270913e+02,2.203066624381306227e+01,-1.537466945443973247e-03,4.344056526338699342e+01,3.101386810636039826e-01,nan,1.114778692799092497e+01,1.000000000000000000e+00
2.173000000000000000e+03,4.208418089885540070e+01,2.570916117827389868e+01,-1.633256284043847501e-03,4.607152209283161426e+01,2.756494746004568563e-01,nan,1.495240685689411109e+01,1.000000000000000000e+00
2.173000000000000000e+03,6.803598479402643306e+01,1.121337703683865961e+01,-1.504409265466517213e-03,4.253260065925100974e+01,3.290685031069258137e-01,nan,9.494122890400509718e+00,1.000000000000000000e+00
2.175000000000000000e+03,7.048698910642345083e+01,2.038566940672298244e+01,-1.429646076160983898e-03,4.047914955112620561e+01,3.493111920199015730e-01,nan,9.494122890400509718e+00,1.000000000000000000e+00
2.176000000000000000e+03,5.039452740318207447e+01,4.774084783457791303e+01,-1.589139773617232604e-03,4.485981486011960584e+01,2.822534791995802150e-01,nan,8.591662525353488178e+00,1.000000000000000000e+00
2.177000000000000000e+03,1.143327299130039307e+02,3.421159116969208469e+01,-2.447072569824412444e-02,6.733270914574339940e+02,1.183080295674165949e-02,nan,1.660808244710822379e+01,1.000000000000000000e+00
2.177000000000000000e+03,1.427030821983987607e+02,3.692049702067387784e+01,-1.483124829895857491e-03,4.194800082858076706e+01,3.364152090439944676e-01,nan,2.265969056236274071e+01,1.000000000000000000e+00
2.178000000000000000e+03,9.001126855427821738e+01,2.642781495151682591e+01,-1.403595521852523320e-03,3.976364316210148786e+01,3.025426582879308102e-01,nan,1.466532177501184364e+01,1.000000000000000000e+00
2.179000000000000000e+03,4.187834343323066122e+01,4.887719088995603300e+01,-1.586352837419364612e-03,4.478326867105324993e+01,3.182716614349961892e-01,nan,8.591662525353488178e+00,1.000000000000000000e+00
2.180000000000000000e+03,9.651808740075595949e+01,3.957060655999021748e+01,-1.414072208748838599e-02,3.896024729857384727e+02,1.236609785559505958e-02,nan,1.466532177501184364e+01,1.000000000000000000e+00
2.180000000000000000e+03,7.865262685021797040e+01,4.178294171597934081e+01,-1.417099307054451099e-03,4.013453909289781762e+01,2.636858288418431062e-01,nan,1.800191955112716968e+01,1.000000000000000000e+00
2.185000000000000000e+03,3.094353324251350301e+01,2.088488408359005177e+01,-1.158486834889452081e-03,3.303147042401201361e+01,3.388495138556250064e-01,nan,1.202673461268903310e+01,1.000000000000000000e+00
2.186000000000000000e+03,1.302884469534578784e+02,5.502237042798419075e+00,-1.362222781960320886e-03,3.862729652725408158e+01,3.331439503346814712e-01,nan,1.495533722485644645e+01,1.000000000000000000e+00
2.186000000000000000e+03,2.654814914665976389e+01,9.690111013359086201e+00,-1.433658739882548439e-03,4.058936166008139423e+01,3.656404105383349590e-01,nan,1.202673461268903310e+01,1.000000000000000000e+00
2.187000000000000000e+03,6.680969836305332876e+01,5.270123899156771330e+01,-1.437528876694381787e-03,4.069565911473353026e+01,2.954523726777400494e-01,nan,1.130390021845015625e+01,1.000000000000000000e+00
2.188000000000000000e+03,8.781639495776492765e+01,3.785142196655272784e+01,-1.549464601997415205e-03,4.377009375693325666e+01,2.816077232116518392e-01,nan,1.375090317671889828e+01,1.000000000000000000e+00
2.189000000000000000e+03,2.608076695543906354e+01,3.388574111800294730e+01,-1.914043233593843525e-03,5.378363654455885268e+01,2.521030212564745465e-01,nan,1.388051798716283436e+01,1.000000000000000000e+00
2.189000000000000000e+03,7.513304397573971016e+01,4.316366688205293656e+01,-1.164129566234267448e-03,3.318645408696824006e+01,3.507356543778599178e-01,nan,1.243244912368113297e+01,1.000000000000000000e+00
2.192000000000000000e+03,1.351986710709011845e+02,1.055481210194841779e+01,-1.485846838175860184e-03,4.202276370280826967e+01,2.720478433112039074e-01,nan,1.034440800780359559e+01,1.000000000000000000e+00
2.193000000000000000e+03,9.083147681414014585e+01,1.405153654990352763e+01,-1.319079285165575093e-03,3.744231415659172058e+01,3.060627588736490878e-01,nan,1.153508696388345989e+01,1.000000000000000000e+00
2.197000000000000000e+03,6.714632649839676048e+01,1.498539082304781367e+01,-5.421095171571022053e-03,1.501085760660658366e+02,4.382412089987386405e-02,nan,1.338340906322147994e+01,1.000000000000000000e+00
2.199000000000000000e+03,7.334818461580236715e+01,2.684509545870755076e+01,-1.392551798203087296e-03,3.946031545796781614e+01,3.686114098647240711e-01,nan,1.338340906322147994e+01,1.000000000000000000e+00
2.200000000000000000e+03,1.273401229469004292e+01,1.030413958811932140e+01,-1.525767780003939832e-03,4.311923514812405500e+01,3.356918696370172484e-01,nan,1.933409117023521162e+01,1.000000000000000000e+00
2.200000000000000000e+03,1.323873686953268134e+02,3.021440928088252065e+01,-1.465952118134460297e-03,4.147633389832396489e+01,2.634310981063933133e-01,nan,2.229885465657793020e+01,1.000000000000000000e+00
2.201000000000000000e+03,7.150414970240636592e+01,4.672780310795882031e+01,-1.402151596145180014e-03,3.972398419528458646e+01,2.678169700044844559e-01,nan,1.996803766591545681e+01,1.000000000000000000e+00
2.201000000000000000e+03,1.258732481454495087e+02,5.154057050265080875e+01,-1.566493755310804752e-03,4.423781770058287321e+01,3.273249738042302015e-01,nan,1.076632259680468628e+01,1.000000000000000000e+00
2.202000000000000000e+03,8.685467711714935035e+01,1.431164757433103141e+01,-1.380251738818225223e-03,3.912248114661137777e+01,3.547671571704604787e-01,nan,6.831644188669990569e+00,1.000000000000000000e+00
2.202000000000000000e+03,1.061397775812030346e+02,2.170766996031263574e+01,-1.251766357737187172e-03,3.559349247438564134e+01,3.464760396921012786e-01,nan,1.577903257332111586e+01,1.000000000000000000e+00
2.206000000000000000e+03,9.586343266452875866e+01,5.196140814833032096e+01,-1.319389980283772797e-03,3.745084773094399822e+01,3.380397613667400769e-01,nan,1.933126086216554640e+01,1.000000000000000000e+00
2.206000000000000000e+03,1.221509458518308122e+02,2.160519724480849746e+01,-1.817121639451883906e-03,5.112158110336194028e+01,2.337679195797582876e-01,nan,8.295821437068545023e+00,1.000000000000000000e+00
2.206000000000000000e+03,1.412202948368347393e+02,2.202628353026640085e+01,-1.315528991631943713e-03,3.734480154030925547e+01,3.365336934271331293e-01,nan,1.907399759808286888e+01,1.000000000000000000e+00
2.207000000000000000e+03,1.197202560454630742e+02,1.367346348850111681e+01,-1.241934347740878070e-03,3.532344578416878988e+01,3.597836175352194799e-01,nan,8.295821437068545023e+00,1.000000000000000000e+00
2.207000000000000000e+03,8.136117714702999137e+01,3.272554562892486274e+01,-1.541675248540901782e-03,4.355615081742747208e+01,3.045016833003397760e-01,nan,1.477674442035075586e+01,1.000000000000000000e+00
2.209000000000000000e+03,5.958253192200290727e+01,2.373990763515017122e+01,-1.455390766671027861e-03,4.118625506317352603e+01,3.121530843195423621e-01,nan,6.293853444336765079e+00,1.000000000000000000e+00
2.210000000000000000e+03,2.720552600007457755e+01,3.357550998912284257e+01,-1.686085095174370049e-03,4.752252200019991335e+01,3.553468502617486147e-01,nan,6.872980514640954830e+00,1.000000000000000000e+00
2.211000000000000000e+03,4.699527283052835003e+01,1.205122809861209454e+01,-1.236427062226149376e-03,3.517218228607532637e+01,3.407976014738443027e-01,nan,1.250239080200976893e+01,1.000000000000000000e+00
2.212000000000000000e+03,6.479254264328076829e+01,3.553374950581955005e+01,-1.409206556792747412e-03,3.991775624934076205e+01,3.364245590638823558e-01,nan,6.929313882948389569e+00,1.000000000000000000e+00
2.214000000000000000e+03,1.242263219644137422e+02,5.073789416767741756e+01,-1.066710510816519519e-03,3.051073533876817834e+01,3.691787573506172260e-01,nan,2.154977784551695663e+01,1.000000000000000000e+00
2.215000000000000000e+03,7.851495853013084059e+01,2.197561846536769536e+01,-1.047571157878579400e-02,2.889390320558933354e+02,1.921208636642812717e-02,nan,1.233879110555295533e+01,1.000000000000000000e+00
2.215000000000000000e+03,9.923072771676380910e+01,3.214929395339163420e+01,-1.855798343623748375e-02,5.109272893254604924e+02,1.523391526235717830e-02,nan,1.117077993878694286e+01,1.000000000000000000e+00
2.216000000000000000e+03,5.783471003664542565e+01,1.828150713095272550e+01,-1.312055968240283428e-03,3.724941123127624820e+01,3.166134796555111208e-01,nan,1.250239080200976893e+01,1.000000000000000000e+00
2.216000000000000000e+03,1.360719784117334257e+02,3.107485653692225114e+01,-1.457121348713635032e-03,4.123378735341023571e+01,2.963087516509907982e-01,nan,1.033203179867905774e+01,1.000000000000000000e+00
2.217000000000000000e+03,4.411762010512449450e+01,3.389626404827459538e+01,-1.180403625825701165e-03,3.363343857241000023e+01,3.372490822509686126e-01,nan,9.192689452895020708e+00,1.000000000000000000e+00
2.217000000000000000e+03,7.941954994522139089e+01,5.076136143647472920e+01,-1.440997015921373012e-03,4.079091527495018710e+01,3.002016748682376779e-01,nan,1.651987997887140125e+01,1.000000000000000000e+00
2.218000000000000000e+03,1.019679439042332945e+02,2.131905979230998938e+01,-1.419760782874047219e-03,4.020763937823559786e+01,3.656860840169717797e-01,nan,1.117077993878694286e+01,1.000000000000000000e+00
2.220000000000000000e+03,7.981126330271105473e+01,3.424612619255887580e+01,-2.022127419311613855e-02,5.566113522924403014e+02,1.402404265634626945e-02,nan,1.233879110555295533e+01,1.000000000000000000e+00
2.220000000000000000e+03,3.154804540552716574e+01,1.822889887084772909e+01,-1.268086433301902254e-03,3.604174083784282345e+01,3.580940670124611591e-01,nan,2.008632718372388837e+01,1.000000000000000000e+00
2.220000000000000000e+03,1.195585453233633473e+02,2.487053780886666132e+01,-1.442400784038001338e-03,4.082947127050650948e+01,3.142012535689051589e-01,nan,6.638923790674623682e+00,1.000000000000000000e+00
2.221000000000000000e+03,1.409585230639570170e+02,4.017829338520873961e+01,-1.349289875437379316e-03,3.827208039111148707e+01,3.593426019048163722e-01,nan,1.033203179867905774e+01,1.000000000000000000e+00
2.221000000000000000e+03,1.320594641629193973e+02,5.270654233406191480e+01,-1.618283674630741553e-03,4.566028333113011684e+01,3.611843626115789352e-01,nan,1.536718162346555872e+01,1.000000000000000000e+00
2.223000000000000000e+03,1.271299869002791496e+02,1.890566887624044767e+01,-1.410864318139124158e-03,3.996328844112316858e+01,3.403807263841746034e-01,nan,9.638796031458422675e+00,1.000000000000000000e+00
2.226000000000000000e+03,1.140095441532163392e+02,4.763485625832920789e+01,-2.145994094690002827e-03,6.015441549570719104e+01,1.609999563336332873e-01,nan,1.577398242249054938e+01,1.000000000000000000e+00
2.226000000000000000e+03,1.330870698856155627e+02,8.913806513160839273e+00,-1.621124166830197923e-03,4.573830049316899959e+01,2.304045938137545546e-01,nan,7.964641195070949919e+00,1.000000000000000000e+00
2.228000000000000000e+03,1.005507728279708317e+02,3.614380883976486558e+01,-1.732567948065359686e-02,4.770807406877470385e+02,1.066062199558903689e-02,nan,9.764611110384942450e+00,1.000000000000000000e+00
2.229000000000000000e+03,7.796661409740819693e+01,2.065896690562362537e+01,-1.637866688676463487e-03,4.619815179642892389e+01,3.041653088672946481e-01,nan,8.453707169233121377e+00,1.000000000000000000e+00
2.229000000000000000e+03,3.701673368319815438e+01,1.185517742802446506e+01,-1.274991753776483347e-03,3.623140286419830147e+01,3.289896042195047388e-01,nan,6.795673312678711220e+00,1.000000000000000000e+00
2.229000000000000000e+03,5.506794686878237854e+01,4.531498949285680311e+01,-1.348624152176709475e-03,3.825379558838938721e+01,2.948760520315263367e-01,nan,9.713394600708415538e+00,1.000000000000000000e+00
2.230000000000000000e+03,8.248155308931579555e+01,4.864579302351199175e+01,-8.608744191135204657e-03,2.376607721713831438e+02,2.827959322128859032e-02,nan,1.615658853211965962e+01,1.000000000000000000e+00
2.231000000000000000e+03,3.457041200092482569e+01,1.819526307409369181e+01,-1.334885815248593524e-03,3.787645744309514839e+01,3.445039369949129959e-01,nan,6.795673312678711220e+00,1.000000000000000000e+00
2.231000000000000000e+03,9.835974515183981737e+01,4.565942904338170649e+01,-1.426406843551825468e-03,4.039018055645735217e+01,3.347221732617852163e-01,nan,9.764611110384942450e+00,1.000000000000000000e+00
2.233000000000000000e+03,5.561808038487555450e+01,1.018205668890404780e+01,-1.618453319978268006e-03,4.566494282238647173e+01,2.596822233447653172e-01,nan,1.867644056354635040e+01,1.000000000000000000e+00
2.233000000000000000e+03,1.046120462291134743e+02,2.045946119920806794e+01,-1.685728361836827047e-03,4.751272393682022965e+01,2.317345428770634097e-01,nan,1.258243594375604246e+01,1.000000000000000000e+00
2.234000000000000000e+03,8.256425879933230760e+01,2.775310731148060484e+01,-1.368464947773437995e-02,3.770759500459871560e+02,1.821367594057887729e-02,nan,8.453707169233121377e+00,1.000000000000000000e+00
2.234000000000000000e+03,1.821872551679974350e+01,2.269528582141887796e+01,-1.549284490798089617e-03,4.376514680984236350e+01,2.952308777390796335e-01,nan,1.002414834723850490e+01,1.000000000000000000e+00
2.235000000000000000e+03,1.330383820954881742e+02,2.727980874469040273e+01,-1.413115797879581576e-03,4.002512774480868529e+01,2.794209248419148306e-01,nan,1.514749295193185041e+01,1.000000000000000000e+00
2.237000000000000000e+03,2.778453789535506147e+01,2.569174767262310866e+01,-1.801675532858834725e-03,5.069733723422883287e+01,2.449869332108021158e-01,nan,1.002414834723850490e+01,1.000000000000000000e+00
2.237000000000000000e+03,5.173964866669639662e+01,4.273414557090846699e+01,-1.389845807116455063e-03,3.938599251311974569e+01,3.641618722834096822e-01,nan,1.453337420931503132e+01,1.000000000000000000e+00
2.238000000000000000e+03,9.441355231791608560e+01,6.569664652316161479e+00,-1.545791170299560830e-03,4.366919901901948009e+01,2.830434229835204762e-01,nan,1.677572178914053325e+01,1.000000000000000000e+00
2.238000000000000000e+03,3.731663630711502577e+01,4.452179217562269997e+01,-1.504877479143316554e-03,4.254546064960714347e+01,3.734402289767442262e-01,nan,1.063559769937031874e+01,1.000000000000000000e+00
2.238000000000000000e+03,8.311770889452495226e+01,4.454153388611913300e+01,-1.363922255077892236e-03,3.867397437752934763e+01,3.431294303662891787e-01,nan,1.063503372694614590e+01,1.000000000000000000e+00
2.238000000000000000e+03,9.573218559215254686e+01,4.963761376420731608e+01,-1.597268708367943074e-03,4.508308476375498941e+01,2.412747410142618287e-01,nan,9.017194101975626097e+00,1.000000000000000000e+00
2.240000000000000000e+03,9.314552661819267598e+01,4.099938565740573182e+01,-1.503118648004454685e-03,4.249715246767096488e+01,2.926932320684032529e-01,nan,9.017194101975626097e+00,1.000000000000000000e+00
2.241000000000000000e+03,1.100884426463684918e+02,1.254650786070248358e+01,-1.352267812673284015e-03,3.835387262835813971e+01,3.115289939421169718e-01,nan,8.338190125184251400e+00,1.000000000000000000e+00
2.242000000000000000e+03,4.536777498722017299e+01,1.298450340487333143e+01,-1.275057679651359077e-03,3.623321358899582378e+01,3.283712879231249770e-01,nan,1.386742951656660239e+01,1.000000000000000000e+00
2.242000000000000000e+03,2.701636314273337547e+01,4.717137915512920898e+01,-1.319239076727209484e-03,3.744670300305954669e+01,2.880554634353680310e-01,nan,1.063559769937031874e+01,1.000000000000000000e+00
2.243000000000000000e+03,1.397913901547538842e+02,8.696779934475451057e+00,-1.288201231495008378e-03,3.659421532459246151e+01,3.288120305257514753e-01,nan,2.852878173419033203e+01,1.000000000000000000e+00
2.245000000000000000e+03,5.051277337818863344e+00,1.312594793847692465e+01,-1.332033245096885107e-03,3.779810854715531576e+01,3.240145385124498789e-01,nan,2.148519061580560674e+01,1.000000000000000000e+00
2.247000000000000000e+03,2.627974707908684948e+01,9.814530078772289556e+00,-1.554657173077707418e-03,4.391271328584697642e+01,3.032389653710167998e-01,nan,7.390124838632238458e+00,1.000000000000000000e+00
2.248000000000000000e+03,1.114961110925751058e+02,5.054175093088025150e+00,-1.298107865651956317e-03,3.686631164734613009e+01,3.650061992701876257e-01,nan,1.039115072051378696e+01,1.000000000000000000e+00
2.248000000000000000e+03,1.322817380765984865e+02,4.528261056259554351e+01,-1.411276646003721156e-03,3.997461346776170643e+01,3.616199129070666318e-01,nan,2.313464231738243271e+01,1.000000000000000000e+00
2.249000000000000000e+03,4.389286639290519787e+01,4.925505667774979557e+00,-1.621076230252791817e-03,4.573698386370323021e+01,2.589036552697731031e-01,nan,1.827907359945050914e+01,1.000000000000000000e+00
2.251000000000000000e+03,2.218332816644861794e+01,1.596540783912072392e+01,-3.188826304540551704e-03,8.879691960497689251e+01,1.012625584084829722e-01,nan,7.390124838632238458e+00,1.000000000000000000e+00
2.251000000000000000e+03,1.092762553900337252e+02,4.284141382505245588e+01,-1.623814992780807116e-03,4.581220691130571510e+01,3.664233538541780133e-01,nan,2.313464231738243271e+01,1.000000000000000000e+00
2.253000000000000000e+03,1.242446144837208521e+02,1.635167786574335835e+01,-6.207071603520356723e-03,1.716962609968221045e+02,4.473635497699712804e-02,nan,1.703402206210293457e+01,1.000000000000000000e+00
2.253000000000000000e+03,8.489233855915678362e+01,4.928693990958480953e+01,-1.419462992359873986e-03,4.019946024266101858e+01,3.086103519435986486e-01,nan,2.040065235975352920e+01,1.000000000000000000e+00
2.255000000000000000e+03,5.116326195204497829e+00,3.113979164859922832e+01,-1.470913565935126144e-03,4.161260537869841869e+01,2.387382935166254549e-01,nan,1.138702773416483360e+01,1.000000000000000000e+00
2.255000000000000000e+03,1.334213821504622466e+01,2.326575728031847490e+01,-1.395779890540274539e-03,3.954897847312941650e+01,2.876123330394867450e-01,nan,1.138702773416483360e+01,1.000000000000000000e+00
2.255000000000000000e+03,1.371020393532532751e+02,4.467867834665830884e+01,-1.304790938605055557e-03,3.704986940737074974e+01,3.553561153419108054e-01,nan,1.135280621438300486e+01,1.000000000000000000e+00
2.256000000000000000e+03,3.642711964922795431e+01,2.722391133856402945e+01,-9.602858612617287334e-03,2.649651900186852345e+02,2.515524073471397948e-02,nan,1.060516239702181807e+01,1.000000000000000000e+00
2.257000000000000000e+03,2.619449369733327515e+01,2.443772476982584152e+01,-1.582418972652922546e-03,4.467522085983894442e+01,2.914175306974141622e-01,nan,1.060516239702181807e+01,1.000000000000000000e+00
2.258000000000000000e+03,1.287764237364712585e+02,3.696049633643538357e+01,-1.711803442004761590e-03,4.822890395485653414e+01,2.730614741533029521e-01,nan,1.135280621438300486e+01,1.000000000000000000e+00
2.258000000000000000e+03,1.829526462142096932e+01,3.748917927933458571e+01,-1.384678105264646472e-03,3.924405604421539806e+01,3.592937884494614709e-01,nan,7.015237688595395760e+00,1.000000000000000000e+00
2.262000000000000000e+03,4.112429505690238329e+01,1.817239837807489877e+01,-1.316256274329704592e-03,3.736477713893619779e+01,3.251733068568255502e-01,nan,1.401955096849369653e+01,1.000000000000000000e+00
2.263000000000000000e+03,1.396660142319293563e+01,4.723872839174181593e+01,-1.829045287644974092e-03,5.144907687798614404e+01,2.678292284016871028e-01,nan,4.720883624298593872e+00,1.000000000000000000e+00
2.263000000000000000e+03,2.081836151845219973e+01,5.021692952750226624e+01,-1.426874094603724661e-03,4.040301410728908849e+01,3.562981275437937523e-01,nan,6.474986720375810911e+00,1.000000000000000000e+00
2.264000000000000000e+03,9.822737345050676083e+00,1.753787734708838286e+01,-1.742562079185305899e-03,4.907372288499442448e+01,2.782063785070156836e-01,nan,6.471626971761220481e+00,1.000000000000000000e+00
2.264000000000000000e+03,8.204574296708470627e+01,5.756773934723995012e+00,-1.417676035958565428e-03,4.015037957025361237e+01,3.723389670920334016e-01,nan,1.314856353486079676e+01,1.000000000000000000e+00
2.266000000000000000e+03,1.912056316739422712e+01,4.333924536872807920e+01,-1.707735560353886278e-03,4.811717522630305410e+01,2.626382123160524440e-01,nan,6.462916486189711485e+00,1.000000000000000000e+00
2.267000000000000000e+03,1.622140454181836944e+01,1.850690457407241851e+01,-1.826440797758571363e-03,5.137754177236782738e+01,2.594794547065757406e-01,nan,6.471626971761220481e+00,1.000000000000000000e+00
2.268000000000000000e+03,8.698816962389692264e+01,4.590252761254873093e+01,-1.342291837497600580e-03,3.807987178022128205e+01,3.729938652476693095e-01,nan,5.985803950070416768e+00,1.000000000000000000e+00
2.268000000000000000e+03,4.357182224819533189e+01,2.059402491019359616e+01,-1.511933256632110555e-03,4.273925513908291407e+01,3.209865003448441056e-01,nan,1.081622121418560489e+01,1.000000000000000000e+00
2.268000000000000000e+03,8.157158666576982853e+01,3.312884577805272102e+01,-1.292076497776960134e-03,3.670065366563797227e+01,3.732993191584795811e-01,nan,5.596782006663603148e+00,1.000000000000000000e+00
2.270000000000000000e+03,6.473140356393680861e+01,3.352179149673865055e+01,-1.375701842051269214e-03,3.899751335638271854e+01,3.281236875914125273e-01,nan,1.684476693935229363e+01,1.000000000000000000e+00
2.271000000000000000e+03,2.631647111464876687e+01,2.203725496815517459e+01,-1.321534986045410330e-03,3.750976261270711376e+01,3.305360950503692941e-01,nan,1.069456605079785128e+01,1.000000000000000000e+00
2.273000000000000000e+03,9.352719421617772255e+00,3.302823448354268976e+01,-5.848284575036991582e-03,1.618417907947939227e+02,5.685946274883602047e-02,nan,2.021312697754802556e+01,1.000000000000000000e+00
2.273000000000000000e+03,6.766452201229364505e+01,1.020027367969430010e+01,-1.350628018054429030e-03,3.830883391199969168e+01,2.859991837540617476e-01,nan,2.174958337016997945e+01,1.000000000000000000e+00
2.274000000000000000e+03,1.224026526349649515e+02,4.027722473996016106e+01,-1.183874642593953650e-03,3.372877376738087918e+01,3.508028208483562338e-01,nan,2.150691312127328558e+01,1.000000000000000000e+00
2.275000000000000000e+03,1.230439452158078097e+02,1.877987476765536812e+01,-1.247516477815199679e-03,3.547676496829252812e+01,3.396522331785579718e-01,nan,5.778942113415868498e+00,1.000000000000000000e+00
2.277000000000000000e+03,1.244038608210574495e+02,1.316322082631182333e+01,-1.507681274333732896e-03,4.262246988896939826e+01,2.825230766616123601e-01,nan,5.778942113415868498e+00,1.000000000000000000e+00
2.278000000000000000e+03,3.027067079699196839e+01,1.806601851764057187e+01,-1.462590401437867046e-03,4.138400074694367703e+01,3.472782494139933229e-01,nan,2.571825414667207710e+01,1.000000000000000000e+00
2.279000000000000000e+03,5.908141872474618594e+01,2.454000855315089780e+01,-1.629582911780983259e-02,4.487947969174517198e+02,1.511721235844198929e-02,nan,2.278435028290967779e+01,1.000000000000000000e+00
2.280000000000000000e+03,1.163295239876605365e+02,7.779390033206035504e+00,-1.799453109419312056e-03,5.063629599298428730e+01,2.366061647435705462e-01,nan,9.704666367678189687e+00,1.000000000000000000e+00
2.281000000000000000e+03,8.034818828674355018e+01,1.636375450797662268e+01,-1.964651019560117399e-03,5.517363361581135450e+01,2.243905104439517517e-01,nan,2.158861604413214863e+01,1.000000000000000000e+00
2.285000000000000000e+03,7.171073861086998136e+01,3.614917352799516692e+01,-1.350307659029386428e-03,3.830003490809038880e+01,3.576653957772069070e-01,nan,2.158861604413214863e+01,1.000000000000000000e+00
2.287000000000000000e+03,1.216920402694871370e+02,3.694766303009313901e+01,-1.330423267990098061e-03,3.775388880071730568e+01,3.136963841846223122e-01,nan,6.043894761922087078e+00,1.000000000000000000e+00
2.288000000000000000e+03,1.110822158666968207e+01,3.894555197960805515e+01,-1.473414796988427224e-03,4.168130436981672915e+01,3.600874854770182987e-01,nan,3.373008183708790853e+01,1.000000000000000000e+00
2.292000000000000000e+03,1.219642440569313777e+02,4.298542494915638201e+01,-1.438625824373516516e-03,4.072578795819509878e+01,2.538764775855815170e-01,nan,6.043894761922087078e+00,1.000000000000000000e+00
2.294000000000000000e+03,1.149646121827128020e+01,2.668020541357889996e+01,-2.112151824220367784e-03,5.922490127296136819e+01,1.879790969211029283e-01,nan,7.988970860522530693e+00,1.000000000000000000e+00
2.294000000000000000e+03,1.766728455061257819e+01,3.175411857910610891e+01,-1.708633056754063455e-03,4.814182592666242755e+01,2.777503565345663672e-01,nan,7.988970860522530693e+00,1.000000000000000000e+00
2.294000000000000000e+03,6.773958635930158323e+01,4.912123808870511255e+01,-1.678384128455664938e-03,4.731100669716044393e+01,2.402863126760576007e-01,nan,6.934572340719722838e+00,1.000000000000000000e+00
2.295000000000000000e+03,4.300875688017897147e+01,4.393239166375571614e+01,-1.399971909928496771e-03,3.966411677766117094e+01,3.607336500070600360e-01,nan,2.020898790262320688e+01,1.000000000000000000e+00
2.296000000000000000e+03,9.331848458888538289e+01,1.500912770765081206e+01,-1.280476738005820962e-03,3.638205383359115785e+01,3.028425238903986738e-01,nan,7.841453501773131052e+00,1.000000000000000000e+00
2.297000000000000000e+03,1.245809091661769656e+02,5.285447120189043346e+01,-1.596197291893222637e-03,4.505365716218108219e+01,3.151098406076631164e-01,nan,1.021004457544369615e+01,1.000000000000000000e+00
2.298000000000000000e+03,1.103468673013207990e+02,4.060713052066370210e+01,-1.541709534020533788e-03,4.355709250486479078e+01,2.563620419096122038e-01,nan,1.548259721671319866e+01,1.000000000000000000e+00
2.298000000000000000e+03,9.643689035963257083e+01,3.380835430308769674e+01,-1.430782212434368291e-03,4.051035475132209029e+01,3.030259144319464859e-01,nan,8.671811703762982049e+00,1.000000000000000000e+00
2.298000000000000000e+03,8.794239792792134836e+01,3.555303666762325321e+01,-1.145435325640483748e-03,3.267299673690819617e+01,3.703447255812030159e-01,nan,8.671811703762982049e+00,1.000000000000000000e+00
2.300000000000000000e+03,5.700656656285781310e+01,2.935622906395347442e+01,-1.482087315409298927e-03,4.191950438144001367e+01,3.039241067008561226e-01,nan,6.416139399844768221e+00,1.000000000000000000e+00
2.301000000000000000e+03,7.873956611646005399e+01,2.494478272201581248e+01,-1.910048406288290248e-03,5.367391433188235084e+01,2.649260751067107345e-01,nan,6.758612547342195853e+00,1.000000000000000000e+00
2.301000000000000000e+03,7.731172198765038672e+01,3.155084847319594488e+01,-1.755833918241923950e-03,4.943824816636373498e+01,2.831759490720661132e-01,nan,6.758612547342195853e+00,1.000000000000000000e+00
2.301000000000000000e+03,1.325850407721723343e+02,3.377761502506893976e+01,-1.384262210655356476e-03,3.923263305311185434e+01,3.321288228659499131e-01,nan,2.068798115711696184e+01,1.000000000000000000e+00
2.302000000000000000e+03,2.922920803786797350e+01,3.508141434473208875e+01,-1.238705252074310311e-03,3.523475521149061507e+01,3.434485158910974834e-01,nan,1.899788800441716319e+01,1.000000000000000000e+00
2.303000000000000000e+03,3.197359866108265081e+01,1.109051266305077377e+01,-1.733977034678004219e-03,4.883792543814159615e+01,2.510387945103940144e-01,nan,6.764219783995331525e+00,1.000000000000000000e+00
2.306000000000000000e+03,1.145562130990538492e+02,1.361154265540710639e+01,-1.558648599974909316e-03,4.402234210266434644e+01,2.258769502167613519e-01,nan,1.220085214908590565e+01,1.000000000000000000e+00
2.307000000000000000e+03,4.807222040508560212e+01,3.773604531054603939e+01,-1.615528994561812436e-03,4.558462309120969991e+01,3.150562916392235513e-01,nan,4.982111296106531029e+00,1.000000000000000000e+00
2.309000000000000000e+03,7.275645789499841953e+01,4.101580157788924907e+01,-1.550353871773209801e-03,4.379451850423857451e+01,3.673838773187348972e-01,nan,5.903870402587200417e+00,1.000000000000000000e+00
2.309000000000000000e+03,4.088097471780472603e+01,1.693397748207542364e+01,-1.479010516928349521e-03,4.183499681416164862e+01,2.969890090766986734e-01,nan,8.693929809030501943e+00,1.000000000000000000e+00
2.310000000000000000e+03,7.977454231901873527e+01,2.901599511998743708e+01,-1.718453441362734115e-03,4.841155331315039234e+01,2.042691094081247050e-01,nan,8.672666453461230773e+00,1.000000000000000000e+00
2.310000000000000000e+03,4.380495883387068545e+01,5.808890043972412265e+00,-1.324798574691178187e-03,3.759940057202059194e+01,3.362166980607577127e-01,nan,5.150039744167076883e+00,1.000000000000000000e+00
2.311000000000000000e+03,1.422578472573208899e+02,3.850929641452191277e+01,-1.753798724106017540e-03,4.938234937857195916e+01,2.868071482833102204e-01,nan,6.870238155531994906e+00,1.000000000000000000e+00
2.312000000000000000e+03,4.915636689026484163e+01,3.287332391553832167e+01,-1.606493977393749989e-03,4.533646666305273243e+01,2.917761815296576744e-01,nan,4.982111296106531029e+00,1.000000000000000000e+00
2.313000000000000000e+03,8.702051036620328262e+01,4.485675034284903262e+01,-6.263141363137508626e-03,1.732362770272726777e+02,3.155164709777003029e-02,nan,8.830782381740615250e+00,1.000000000000000000e+00
2.315000000000000000e+03,1.432440401800446637e+02,3.171020854680780232e+01,-1.252244615464484078e-03,3.560662833535157290e+01,3.235271388942292381e-01,nan,4.833813087107715845e+00,1.000000000000000000e+00
2.316000000000000000e+03,1.132749658530552779e+02,3.501722791590816541e+01,-1.869137019450568425e-03,5.255023925304745802e+01,2.013719384354396569e-01,nan,1.370421114707911769e+01,1.000000000000000000e+00
2.316000000000000000e+03,5.375555810995006567e+01,1.877088592449726079e+01,-1.740357127070852640e-03,4.901316151241463359e+01,3.062515762631580207e-01,nan,7.696567484375705703e+00,1.000000000000000000e+00
2.317000000000000000e+03,3.637672883673173629e+01,3.543544487788893349e+01,-1.703887417162990633e-03,4.801148185001763125e+01,2.733750689885514618e-01,nan,1.303394079336820610e+01,1.000000000000000000e+00
2.317000000000000000e+03,1.319139170099646208e+02,4.482511791253476474e+01,-2.069144292869135385e-03,5.804365333890133627e+01,2.364552439154897767e-01,nan,1.010993260524736925e+01,1.000000000000000000e+00
2.317000000000000000e+03,8.796110331535217597e+01,3.095222351229425328e+01,-1.296360387311075663e-03,3.681831528217180249e+01,2.917680306251292377e-01,nan,1.393630444119266265e+01,1.000000000000000000e+00
2.317000000000000000e+03,1.218430242523097746e+02,4.571273063577561402e+01,-1.551646961203510941e-03,4.383003459107516875e+01,3.524051875319996752e-01,nan,1.010993260524736925e+01,1.000000000000000000e+00
2.318000000000000000e+03,5.868801496273896845e+01,2.467918690167548590e+01,-2.279882061030914699e-03,6.383179196133335154e+01,1.906531574474664703e-01,nan,7.696567484375705703e+00,1.000000000000000000e+00
2.319000000000000000e+03,3.260042539114994042e+01,1.884069765880103731e+01,-1.582209049472491427e-03,4.466945509474142284e+01,2.524835536644766121e-01,nan,7.145778796288479562e+00,1.000000000000000000e+00
2.319000000000000000e+03,1.445677201814879140e+02,2.706116346046232479e+01,-2.049192306405654349e-03,5.749565065076971138e+01,1.629632475790839807e-01,nan,4.833813087107715845e+00,1.000000000000000000e+00
2.319000000000000000e+03,2.199775692998877119e+01,3.187944054180590570e+01,-1.563256658080826658e-03,4.414890735639141184e+01,3.146628740670321944e-01,nan,5.176998370933654670e+00,1.000000000000000000e+00
2.320000000000000000e+03,1.270038427888970745e+02,2.476820089210592002e+01,-1.690158747055224954e-03,4.763440921430297692e+01,2.787524001041380428e-01,nan,1.713256013718082826e+01,1.000000000000000000e+00
2.322000000000000000e+03,1.721352981451174458e+01,3.385744029918306097e+01,-1.453304555372102787e-03,4.112895503433108502e+01,3.134002860144783353e-01,nan,5.176998370933654670e+00,1.000000000000000000e+00
2.323000000000000000e+03,4.612310222053284292e+01,2.066777039990595100e+01,-1.251195623165647858e-03,3.557781663779736192e+01,3.598092759358259007e-01,nan,1.318971169396521681e+01,1.000000000000000000e+00
2.324000000000000000e+03,3.162081857518578332e+01,4.383411583884366536e+01,-1.301793439588135731e-03,3.696753988484673670e+01,3.374623847007210964e-01,nan,1.534658192839261126e+01,1.000000000000000000e+00
2.325000000000000000e+03,1.408595134864227134e+02,4.549400769026917146e+01,-1.833009152108755957e-03,5.155794866303460111e+01,2.164572801250912448e-01,nan,1.269597362099616866e+01,1.000000000000000000e+00
2.326000000000000000e+03,9.875001806539511762e+00,2.546322861192448173e+01,-1.565196668465513880e-03,4.420219182046007944e+01,2.486132388762597456e-01,nan,7.674953919105211853e+00,1.000000000000000000e+00
2.327000000000000000e+03,1.310534538447928981e+02,3.742995532871859155e+01,-1.974695859598085256e-03,5.544952591118424579e+01,1.744546076033383075e-01,nan,1.269597362099616866e+01,1.000000000000000000e+00
2.329000000000000000e+03,1.098035333883021991e+01,1.786828847717351465e+01,-1.316275349980807353e-03,3.736530107213459218e+01,3.403173967841575109e-01,nan,7.674953919105211853e+00,1.000000000000000000e+00
2.329000000000000000e+03,1.173675277092517604e+02,3.432464703011009277e+01,-1.590188321065097877e-03,4.488861433936521905e+01,2.337685134632074835e-01,nan,1.403379898020827454e+01,1.000000000000000000e+00
2.330000000000000000e+03,3.467550624615434174e+01,1.430811137782578335e+01,-1.685111936584309878e-03,4.749579315671821433e+01,3.159896490557043691e-01,nan,1.287166826979585288e+01,1.000000000000000000e+00
2.331000000000000000e+03,1.016977958016336316e+02,3.365338944075662653e+01,-1.564721124844615585e-03,4.418913050533473097e+01,3.035785334238761957e-01,nan,4.329094388381513170e+00,1.000000000000000000e+00
2.332000000000000000e+03,9.154823581584108183e+01,1.991372829828894098e+01,-1.657358692015425267e-03,4.673352055514239112e+01,2.736894484051066723e-01,nan,1.040461441824014344e+01,1.000000000000000000e+00
2.335000000000000000e+03,8.614486546926968913e+01,1.102218230841498503e+01,-7.925074949798280657e-03,2.188830638599180816e+02,2.980967869879724841e-02,nan,1.040461441824014344e+01,1.000000000000000000e+00
2.335000000000000000e+03,1.183772303098154595e+02,9.592601922760154665e+00,-1.349202407949964691e-03,3.826967800284227650e+01,3.355617285777025005e-01,nan,2.739322463088250714e+01,1.000000000000000000e+00
2.337000000000000000e+03,5.784649437093965219e+01,3.467471545846345293e+01,-1.269200422555029351e-02,3.498118845077694345e+02,2.108123951044593714e-02,nan,2.653880451012915742e+01,1.000000000000000000e+00
2.337000000000000000e+03,2.767804255865382856e+01,3.171543070756835192e+01,-2.919014549820790616e-03,8.138625063993067954e+01,1.335428324150261803e-01,nan,9.791203300665454634e+00,1.000000000000000000e+00
2.338000000000000000e+03,1.969001062486283260e+01,3.737749816563500360e+01,-4.032952974082280352e-03,1.119817631231475872e+02,7.457476802182594344e-02,nan,9.791203300665454634e+00,1.000000000000000000e+00
2.340000000000000000e+03,2.670333463883621405e+01,1.973685493567544569e+01,-1.440002163669450727e-03,4.076359059179920763e+01,2.754177467669042256e-01,nan,1.201816679248274156e+01,1.000000000000000000e+00
2.341000000000000000e+03,1.064384058521955865e+02,2.761900098046428909e+01,-1.616729289732566407e-03,4.561759048427246910e+01,3.470057866503454269e-01,nan,6.120467231060097824e+00,1.000000000000000000e+00
2.343000000000000000e+03,8.026287008608606754e+01,1.243833326244298121e+01,-1.315913358423054192e-03,3.735535858610229809e+01,3.126222364626252137e-01,nan,2.496029316668291997e+01,1.000000000000000000e+00
2.344000000000000000e+03,6.223945132367678212e+01,3.292632117924922852e+01,-1.570406580115604961e-03,4.434528762670493052e+01,2.535302160814029149e-01,nan,1.532536335570928365e+01,1.000000000000000000e+00
2.344000000000000000e+03,7.000160942105468109e+01,4.803824769026824981e+01,-1.347640813904872961e-03,3.822678714903947395e+01,3.707540824313501071e-01,nan,6.716376264748390668e+00,1.000000000000000000e+00
2.345000000000000000e+03,1.125243179722432814e+02,2.696954521327376142e+01,-2.063670606340863457e-03,5.789331267297450268e+01,1.820496563020828074e-01,nan,6.120467231060097824e+00,1.000000000000000000e+00
2.346000000000000000e+03,4.640866288603577772e+01,4.577734529156091980e+01,-1.642752224950423884e-03,4.633233828537804300e+01,3.018125353624616647e-01,nan,2.039025951999053277e+01,1.000000000000000000e+00
2.347000000000000000e+03,3.868873440403543640e+01,1.941329992611803945e+01,-1.468107462698900424e-03,4.153553274638478143e+01,3.331406607059426150e-01,nan,4.975220143765200831e+00,1.000000000000000000e+00
2.348000000000000000e+03,1.221764390625460983e+01,4.680617790897856167e+01,-1.344497622528368751e-03,3.814045602974019289e+01,3.636332831067311533e-01,nan,3.358628902554684004e+01,1.000000000000000000e+00
2.351000000000000000e+03,1.394673441350013547e+02,5.265507381676409437e+01,-1.301161037057321519e-03,3.695017027167554602e+01,3.359001429530732441e-01,nan,2.592646170972884789e+01,1.000000000000000000e+00
2.352000000000000000e+03,3.693871477726324315e+01,2.407057882960225470e+01,-1.249309631144358661e-03,3.552601584596377648e+01,3.451499717240897880e-01,nan,4.975220143765200831e+00,1.000000000000000000e+00
2.354000000000000000e+03,1.420599463738263637e+02,2.685856571164886475e+01,1.339113850881963694e-03,-3.799258497239375032e+01,2.735031899841137148e-01,nan,1.179883777591313532e+01,1.000000000000000000e+00
2.354000000000000000e+03,1.582983787207842319e+01,4.490148228903055383e+01,-1.687844416204547365e-03,4.757084363752601774e+01,2.818764979861941855e-01,nan,2.965655447172289172e+01,1.000000000000000000e+00
2.355000000000000000e+03,1.825251465385710503e+01,1.366141410186897431e+01,-1.358824161500495715e-03,3.853394977447172920e+01,3.150864923492276981e-01,nan,7.949659986420766877e+00,1.000000000000000000e+00
2.356000000000000000e+03,5.004854477542714619e+01,1.594744012918903309e+01,-1.420076840995204833e-03,4.021632025321098780e+01,3.171654727610939695e-01,nan,1.527097386425773173e+01,1.000000000000000000e+00
2.357000000000000000e+03,1.341299380959095799e+02,3.559512919934161346e+01,-1.610658365493611126e-03,4.545084604464084066e+01,2.062509386395676714e-01,nan,6.488586384057543732e+00,1.000000000000000000e+00
2.357000000000000000e+03,1.188236490943451429e+02,1.374490197263302349e+01,-1.275498471284617361e-03,3.624532040354151263e+01,3.189071633607879486e-01,nan,1.802311215429472924e+01,1.000000000000000000e+00
2.358000000000000000e+03,9.280399156881060208e+01,2.251172139052837551e+01,-1.614240515292553711e-03,4.554923362738623638e+01,2.625592117490326283e-01,nan,1.415159060629974697e+01,1.000000000000000000e+00
2.358000000000000000e+03,1.277151131830649291e+02,3.461953983853217665e+01,-1.345070258689911582e-03,3.815618409553560753e+01,3.681896951903737003e-01,nan,6.488586384057543732e+00,1.000000000000000000e+00
2.358000000000000000e+03,4.988902552858102979e+01,5.133962157828658945e+01,-1.603935406091291146e-03,4.526619276054732666e+01,3.011693911827457715e-01,nan,1.361850782271747207e+01,1.000000000000000000e+00
2.359000000000000000e+03,1.368211723722701549e+02,1.278483552345688246e+01,-1.358629784950698928e-03,3.852861101424385737e+01,3.036496369383374638e-01,nan,1.501714468364101407e+01,1.000000000000000000e+00
2.359000000000000000e+03,2.611752306916017474e+01,1.481845192619077167e+01,-1.461820212618710792e-03,4.136284668571578749e+01,3.111921471220274737e-01,nan,7.949659986420766877e+00,1.000000000000000000e+00
2.364000000000000000e+03,1.082482473307818083e+02,7.535557439397982726e+00,-1.359751188245640618e-03,3.855941155739942161e+01,3.164890841793168708e-01,nan,7.100468589025637378e+00,1.000000000000000000e+00
2.364000000000000000e+03,4.040201285502477191e+01,3.874825205031542907e+01,-1.307703592773610266e-03,3.712986857521738671e+01,3.530215571515973316e-01,nan,2.173208915997548019e+01,1.000000000000000000e+00
2.365000000000000000e+03,1.014734097359471576e+02,9.661170232771878474e+00,-1.468233481423151772e-03,4.153899398568399448e+01,2.570798166863685896e-01,nan,7.100468589025637378e+00,1.000000000000000000e+00
2.366000000000000000e+03,1.250136325406055562e+02,2.790602326256637511e+01,-1.373010655405873699e-03,3.892359703137718441e+01,3.600402809462618370e-01,nan,1.242963655413693402e+01,1.000000000000000000e+00
2.367000000000000000e+03,1.282744587171100648e+02,9.772091142447321133e+00,-1.807488314721031894e-03,5.085699151686566211e+01,2.172932955999113958e-01,nan,1.084802580428205943e+01,1.000000000000000000e+00
2.367000000000000000e+03,1.198460244847576917e+02,1.660152451874436963e+01,-1.405381094816010980e-03,3.981268583690669516e+01,3.160568293134398132e-01,nan,1.084802580428205943e+01,1.000000000000000000e+00
2.368000000000000000e+03,1.776032559429546254e+01,1.762340780942037100e+01,-1.955226819364054916e-03,5.491478785875424506e+01,2.192966165875810391e-01,nan,1.354034135911174097e+01,1.000000000000000000e+00
2.370000000000000000e+03,1.778951924766658621e+01,3.116371769700694827e+01,1.371788334904157011e-03,-3.889002468899788312e+01,3.469609628654801714e-01,nan,1.118552156132966857e+01,1.000000000000000000e+00
2.371000000000000000e+03,1.418646453129594818e+02,7.120852581861583097e+00,-1.499364589827236957e-03,4.239404323710471800e+01,3.438434483225788485e-01,nan,1.384637994622211465e+01,1.000000000000000000e+00
2.371000000000000000e+03,8.864808879157992294e+01,1.615964136820530683e+01,-2.238156480288867097e-03,6.268575417445195086e+01,1.816210138297789101e-01,nan,1.409129692220281704e+01,1.000000000000000000e+00
2.371000000000000000e+03,9.896292534473731450e+01,3.504584046712125911e+01,-1.489188694386549359e-03,4.211455136466133808e+01,2.771217373328919154e-01,nan,6.133505322965137729e+00,1.000000000000000000e+00
2.372000000000000000e+03,7.524916645807627447e+01,1.179689805116042933e+01,-1.423497795756306899e-03,4.031028044151063483e+01,2.729954111735086730e-01,nan,1.409129692220281704e+01,1.000000000000000000e+00
2.372000000000000000e+03,1.295619938593603706e+02,4.904947097813037971e+01,-1.539587780603113645e-03,4.349881627365207493e+01,2.957068797437424346e-01,nan,1.120050764336674121e+01,1.000000000000000000e+00
2.373000000000000000e+03,3.654177667694923315e+01,4.802606500526619726e+01,-1.851831840549277367e-02,5.098378467522755955e+02,1.708981911649198882e-02,nan,9.956833775808616949e+00,1.000000000000000000e+00
2.374000000000000000e+03,9.443209955105736242e+01,3.091165310148746315e+01,-1.382889424057982515e-03,3.919492799818065976e+01,3.268456152031216089e-01,nan,6.133505322965137729e+00,1.000000000000000000e+00
2.375000000000000000e+03,1.331337204116349824e+02,2.275449620776662130e+01,-1.413721893145837832e-03,4.004177480076876350e+01,3.532516828968728095e-01,nan,1.003397670320130963e+01,1.000000000000000000e+00
2.375000000000000000e+03,1.118606058199661533e+02,2.733674204342766956e+01,-1.320592849691849422e-03,3.748388582819330139e+01,3.414395831925002289e-01,nan,1.502598948979048643e+01,1.000000000000000000e+00
2.377000000000000000e+03,2.833077089540230631e+01,4.239419827260230988e+01,-1.902276771354171345e-03,5.346045805058072631e+01,3.109649746369399503e-01,nan,5.917620135391556957e+00,1.000000000000000000e+00
2.378000000000000000e+03,8.677357677524354074e+01,1.430572301392121659e+01,-2.111706820871982020e-03,5.921267877914656452e+01,2.607175127352208133e-01,nan,1.072895369008440092e+01,1.000000000000000000e+00
2.379000000000000000e+03,1.341060805809689214e+02,3.805003945020865075e+01,-1.795378018512824555e-03,5.052436925450020766e+01,2.409859385258072972e-01,nan,3.685655538536769971e+00,1.000000000000000000e+00
2.380000000000000000e+03,1.386005575377782293e+02,1.434055656473325513e+01,-1.644417507391522258e-03,4.637807705208633990e+01,2.559304255083746371e-01,nan,1.003397670320130963e+01,1.000000000000000000e+00
2.381000000000000000e+03,1.147285255229664358e+02,1.389756064162438776e+01,-2.611964596596848265e-02,7.186164535408333904e+02,1.058478288449782312e-02,nan,1.203644030907954310e+01,1.000000000000000000e+00
2.381000000000000000e+03,4.252591200938674376e+01,5.058274985034900340e+01,-2.950187427290014951e-03,8.224244712348384212e+01,1.435950123616678287e-01,nan,1.449663505115644568e+01,1.000000000000000000e+00
2.382000000000000000e+03,3.835858606990137787e+01,1.946327441943191872e+01,-1.337883281286572808e-02,3.686763676419887474e+02,1.612593708830700745e-02,nan,9.636332137716683732e+00,1.000000000000000000e+00
2.382000000000000000e+03,6.479380382785187464e+01,1.621921655686020713e+01,-1.743389931418763651e-03,4.909646073368638497e+01,2.656777709633045825e-01,nan,1.018262758416553204e+01,1.000000000000000000e+00
2.382000000000000000e+03,9.703622555492411550e+01,1.117706718291383439e+01,-1.407215426145313553e-03,3.986306771247691927e+01,3.697117201607034165e-01,nan,7.290459067143702399e+00,1.000000000000000000e+00
2.383000000000000000e+03,7.480298771064727248e+01,3.012186895728072145e+01,-1.333720025660549468e-03,3.784443778283659299e+01,2.930808682424949074e-01,nan,1.474417172095712836e+01,1.000000000000000000e+00
2.383000000000000000e+03,9.791243277757320129e+01,4.283103723564475729e+01,-1.707919718731854648e-03,4.812223333349219700e+01,2.979080009437845566e-01,nan,1.173780416859769993e+01,1.000000000000000000e+00
2.384000000000000000e+03,5.185675110183190384e+01,3.309521694504060463e+01,-1.557055201072835796e-03,4.397857769438346764e+01,2.986561691960087916e-01,nan,1.165243999360630234e+01,1.000000000000000000e+00
2.385000000000000000e+03,1.038839944004574534e+02,8.675296760224966874e+00,-1.378389014514384749e-03,3.907131942757046517e+01,3.605174741580378095e-01,nan,6.481072012829841356e+00,1.000000000000000000e+00
2.387000000000000000e+03,1.093285608691902979e+02,5.159476741646624731e+00,-1.659671459238182788e-03,4.679704318520298756e+01,3.230075368280378445e-01,nan,6.481072012829841356e+00,1.000000000000000000e+00
2.387000000000000000e+03,8.825303958171338081e+01,3.616229149239389074e+01,-1.167737545745873044e-03,3.328555111045022130e+01,3.749447373576380027e-01,nan,1.173780416859769993e+01,1.000000000000000000e+00
2.388000000000000000e+03,1.063592956636587985e+02,2.832541649490327273e+01,-1.462357727732364020e-03,4.137761011429631708e+01,2.984334028533921490e-01,nan,8.437908852994233655e+00,1.000000000000000000e+00
2.389000000000000000e+03,1.409986155756193114e+02,3.525819040427080608e+01,-1.214702895206222965e-03,3.457550475994877814e+01,3.219340214550627799e-01,nan,1.225912128536938184e+01,1.000000000000000000e+00
2.389000000000000000e+03,1.157783320989380371e+02,4.514331910995611707e+01,1.330363454581958219e-03,-3.775224596136860811e+01,3.426073299581798848e-01,nan,1.616211187460995191e+01,1.000000000000000000e+00
2.389000000000000000e+03,6.753907592213096223e+01,4.951716180098053144e+01,-1.317264040833326369e-03,3.739245652584860125e+01,3.438525327000530041e-01,nan,8.283217763692505287e+00,1.000000000000000000e+00
2.389000000000000000e+03,1.147955973308898194e+02,2.816073501168924054e+01,-1.533342032400176113e-03,4.332727010651389321e+01,2.511622780437494651e-01,nan,8.437908852994233655e+00,1.000000000000000000e+00
2.390000000000000000e+03,2.450510545143908558e+01,2.753077503523422820e+01,-1.723130467804962970e-03,4.854001285613851735e+01,3.106767793084987961e-01,nan,1.367485014402598331e+01,1.000000000000000000e+00
2.390000000000000000e+03,2.830149599315062758e+01,4.560844600902589008e+01,-1.083400663993961364e-03,3.096914828042226020e+01,3.452456294110590740e-01,nan,1.514654990968338133e+01,1.000000000000000000e+00
2.391000000000000000e+03,1.146601844879451590e+02,1.548122804400698804e+01,-1.507589143530247084e-03,4.261993941772723105e+01,2.839387981968158892e-01,nan,6.774851261278578285e+00,1.000000000000000000e+00
2.391000000000000000e+03,6.274029519393510412e+01,3.143465516924157299e+01,-1.197812560553172161e-03,3.411159361955900948e+01,3.722343472386177021e-01,nan,1.067348417997839150e+01,1.000000000000000000e+00
2.392000000000000000e+03,1.287417075689577359e+02,3.549112989347784008e+01,-1.672806961813058007e-03,4.715782383900740626e+01,2.618822701390192131e-01,nan,1.225912128536938184e+01,1.000000000000000000e+00
2.395000000000000000e+03,1.175060954361428145e+02,2.162934974802169208e+01,-1.685002745285193700e-03,4.749279410068207596e+01,2.401187032327869453e-01,nan,6.774851261278578285e+00,1.000000000000000000e+00
2.397000000000000000e+03,9.822121354441756935e+00,9.174045309395060244e+00,-1.527042018765109414e-03,4.315423348113318269e+01,3.635263647702199341e-01,nan,1.422047666041105884e+01,1.000000000000000000e+00
2.399000000000000000e+03,2.402882935241077433e+01,9.799668446546164091e+00,-1.298272255164920064e-03,3.687082678147423564e+01,3.261704005287697772e-01,nan,1.422047666041105884e+01,1.000000000000000000e+00
2.400000000000000000e+03,8.055688556095365982e+01,1.701392270905216719e+01,-1.329088098863280380e-03,3.771721694992462659e+01,3.541503345595069518e-01,nan,9.582985007393221011e+00,1.000000000000000000e+00
2.400000000000000000e+03,2.519648837268956143e+01,4.204375624663040867e+01,-1.601872636422040346e-03,4.520953658118318685e+01,3.055561831585880128e-01,nan,1.164449050232008531e+01,1.000000000000000000e+00
2.403000000000000000e+03,1.244246875779104613e+02,4.041926214114922544e+01,-1.600500431530244710e-02,4.408069820780068540e+02,9.902174918610451293e-03,nan,1.444841254631668015e+01,1.000000000000000000e+00
2.403000000000000000e+03,2.921314593933587034e+01,2.898883239829325120e+01,-1.540574235997316807e-03,4.352591032810799732e+01,2.867762556586243017e-01,nan,1.142930389886185161e+01,1.000000000000000000e+00
2.405000000000000000e+03,6.367549170616612031e+01,2.799093667529056972e+01,-1.654715072296635871e-03,4.666091070674729480e+01,2.936276697892125087e-01,nan,1.826241770975398282e+01,1.000000000000000000e+00
2.405000000000000000e+03,1.837217870412277776e+01,3.260855849533083273e+01,-1.346949156547505924e-03,3.820779003856143419e+01,3.332973236048260013e-01,nan,1.142930389886185161e+01,1.000000000000000000e+00
2.406000000000000000e+03,4.719235561709935212e+01,2.012823197049333146e+01,-2.518320366894399084e-03,7.038075553475511015e+01,1.530592789057695358e-01,nan,6.007841072969419827e+00,1.000000000000000000e+00
2.407000000000000000e+03,1.101463825189556900e+02,4.262983440913501454e+01,-1.101806557643377751e-03,3.147468587267187345e+01,3.745693342520146629e-01,nan,1.444841254631668015e+01,1.000000000000000000e+00
2.408000000000000000e+03,1.133530192947337696e+02,1.773496001842482528e+01,-2.086231623629671798e-03,5.851297518847793810e+01,2.218799801376559744e-01,nan,1.744965119747791604e+01,1.000000000000000000e+00
2.409000000000000000e+03,4.769907544252391318e+01,1.414179819264361271e+01,-1.423131702882673728e-03,4.030022530844285455e+01,3.039505665122638201e-01,nan,6.007841072969419827e+00,1.000000000000000000e+00
2.409000000000000000e+03,1.334370027955146440e+02,2.009036883546221475e+01,-1.422812556342841015e-03,4.029145960673910309e+01,3.424559957864656834e-01,nan,4.889457437629201486e+00,1.000000000000000000e+00
2.413000000000000000e+03,1.935389064699163697e+01,3.318071037416233082e+01,-1.510983078468379611e-03,4.271315747763543413e+01,3.306105646387546004e-01,nan,6.085447062188841905e+00,1.000000000000000000e+00
2.414000000000000000e+03,4.854222375896926067e+00,3.479905212985620722e+01,-1.240282882359348233e-03,3.527808651780746629e+01,3.730595666410362332e-01,nan,1.429579397707123256e+01,1.000000000000000000e+00
2.414000000000000000e+03,7.153481811778024735e+01,4.802400813498518062e+01,-1.478429640526145216e-03,4.181904242132649330e+01,3.490858796727632773e-01,nan,2.152574031982661751e+01,1.000000000000000000e+00
2.416000000000000000e+03,3.733306866778391253e+01,1.671481756585787437e+01,-2.004727287642858735e-03,5.627437126315408022e+01,2.324936563742973084e-01,nan,5.426842271938530082e+00,1.000000000000000000e+00
2.416000000000000000e+03,6.177721959690423148e+01,2.883685703269780731e+01,-1.793580329849089145e-03,5.047499380900489996e+01,2.384268669810503116e-01,nan,9.493643392759089750e+00,1.000000000000000000e+00
2.417000000000000000e+03,9.924374124143498932e+01,4.727284676242057770e+01,-1.893349116575224634e-03,5.321525044548693018e+01,1.783644022337751434e-01,nan,2.249561769709992731e+01,1.000000000000000000e+00
2.419000000000000000e+03,5.570049912906830514e+01,2.154283665812643989e+01,-1.446225094723765708e-03,4.093451006150034743e+01,2.789635284539698779e-01,nan,9.493643392759089750e+00,1.000000000000000000e+00
2.420000000000000000e+03,1.312415425407668579e+02,2.494823332880444866e+01,-1.514066391690497638e-03,4.279784397926098194e+01,3.275959764416375153e-01,nan,6.638012240224419713e+00,1.000000000000000000e+00
2.423000000000000000e+03,1.238971442078698573e+02,1.406449461408087664e+01,-2.003021322143765885e-03,5.622751509266329606e+01,2.113445394017698931e-01,nan,6.735257465230655605e+00,1.000000000000000000e+00
2.423000000000000000e+03,1.378664262227096344e+02,2.536551345305857907e+01,-1.950394898260580760e-03,5.478207396791484030e+01,1.765533407900513607e-01,nan,6.638012240224419713e+00,1.000000000000000000e+00
2.423000000000000000e+03,8.329991246063966059e+01,1.894689426920112751e+01,-1.603747623219852446e-03,4.526103510276112729e+01,3.057159393839707917e-01,nan,1.509728722775539111e+01,1.000000000000000000e+00
2.429000000000000000e+03,1.093247646808932387e+02,3.114627000791612232e+01,-1.850315585160215151e-03,5.203328839181442333e+01,2.155250259706349425e-01,nan,1.271883961462585155e+01,1.000000000000000000e+00
2.430000000000000000e+03,1.247658080018024833e+02,4.927753974160123285e+00,-1.278993073669826503e-03,3.634130340275570603e+01,2.916875972407125817e-01,nan,2.552321205760719280e+01,1.000000000000000000e+00
2.431000000000000000e+03,8.988538527464639571e+01,1.673955354495433312e+01,-1.458551210573237437e-03,4.127306004157856734e+01,3.555370583307965182e-01,nan,1.234291527263126298e+01,1.000000000000000000e+00
2.432000000000000000e+03,1.315918007643311114e+02,5.024414719985475841e+01,-1.569262367319611880e-03,4.431386059616105655e+01,2.770819079506710025e-01,nan,4.430788419871248607e+00,1.000000000000000000e+00
2.433000000000000000e+03,1.017778674626718072e+02,4.138410295831033636e+01,-1.255938866483587331e-02,3.461694560261441893e+02,1.868652116425639775e-02,nan,9.064035902550324764e+00,1.000000000000000000e+00
2.436000000000000000e+03,5.053351855041204743e+01,4.614142562976179818e+01,-1.757007323771120040e-03,4.947047700660703384e+01,2.599909906144147742e-01,nan,8.511408536613073395e+00,1.000000000000000000e+00
2.436000000000000000e+03,5.355676604452502687e+01,3.818504140912052236e+01,-1.245246077759338448e-03,3.541440599787003407e+01,3.276664219007627832e-01,nan,8.511408536613073395e+00,1.000000000000000000e+00
2.437000000000000000e+03,8.990015665457404737e+01,5.150739197748519871e+01,-1.215336654115718382e-02,3.350176233189554296e+02,2.058350487178850496e-02,nan,8.038526781068908278e+00,1.000000000000000000e+00
2.438000000000000000e+03,9.420845936571876678e+01,3.639804159642327619e+01,-1.967254650857006189e-03,5.524514513934862947e+01,2.180292766948729311e-01,nan,9.064035902550324764e+00,1.000000000000000000e+00
2.438000000000000000e+03,3.064203125598991662e+01,9.527965029154621845e+00,-1.368331066666835221e-03,3.879506711216150450e+01,3.468650708992612186e-01,nan,1.881732498014758548e+01,1.000000000000000000e+00
2.438000000000000000e+03,4.124300288088189603e+01,2.507502648837325765e+01,-1.506789854034260761e-03,4.259798607522684222e+01,3.013085139340295759e-01,nan,1.268088734093124081e+01,1.000000000000000000e+00
2.438000000000000000e+03,6.798074008954426972e+01,3.329169394530705972e+01,-1.325076853363701219e-03,3.760704379395598096e+01,3.487805800187966376e-01,nan,1.523141085562983577e+01,1.000000000000000000e+00
2.439000000000000000e+03,6.528791830946502728e+01,6.829193424096859921e+00,-1.597473478201321068e-03,4.508870898665353621e+01,3.069120078952013442e-01,nan,1.110382788556721145e+01,1.000000000000000000e+00
2.441000000000000000e+03,5.433972127274487463e+01,8.681752561466588247e+00,-1.615885112137597232e-03,4.559440424203286568e+01,2.594364448255785938e-01,nan,1.110382788556721145e+01,1.000000000000000000e+00
2.445000000000000000e+03,1.397290480250611324e+02,2.784699336244122492e+01,-1.369287436672436556e-03,3.882133483918092764e+01,3.616237630376053502e-01,nan,1.650574750443469441e+01,1.000000000000000000e+00
2.446000000000000000e+03,8.392968989925546452e+01,2.965115947712492783e+01,-1.279597023693717934e-03,3.635789153733546186e+01,3.536871352762176457e-01,nan,1.842792605435796816e+01,1.000000000000000000e+00
2.447000000000000000e+03,1.264545328398190094e+02,5.137402200438384625e+01,-1.588428190526094920e-03,4.484027046801177363e+01,2.749662889179452785e-01,nan,1.878974077970371326e+01,1.000000000000000000e+00
2.449000000000000000e+03,5.317043825275561630e+01,1.073816905168864189e+01,-1.229551415362350152e-03,3.498333527723726633e+01,3.134199477824962665e-01,nan,1.117293489563379616e+01,1.000000000000000000e+00
2.449000000000000000e+03,1.438350559196572362e+02,4.423456992178874714e+01,-1.525527469643106135e-03,4.311263476655484084e+01,2.677147381931050951e-01,nan,1.168029673678263691e+01,1.000000000000000000e+00
2.450000000000000000e+03,2.296621477650516852e+01,4.347800877211045645e+01,-2.267174218660996266e-03,6.348275745332510667e+01,1.567592620284246063e-01,nan,2.383852036135522567e+01,1.000000000000000000e+00
2.450000000000000000e+03,1.036387809603212560e+02,5.969605880068491466e+00,-1.391545508571099621e-03,3.943267663491741359e+01,3.721608759653670662e-01,nan,3.911886799447565011e+00,1.000000000000000000e+00
2.450000000000000000e+03,7.220539664628273613e+01,1.225593247773467276e+01,-1.377425897814701754e-03,3.904486639536854398e+01,3.353734890448418771e-01,nan,7.061321897836711159e+00,1.000000000000000000e+00
2.450000000000000000e+03,1.243361953971540999e+02,2.188882345418183561e+01,-1.374298479895147635e-03,3.895896851096672719e+01,3.087970742515876443e-01,nan,1.650574750443469441e+01,1.000000000000000000e+00
2.451000000000000000e+03,6.586626961398218327e+01,1.536683836078942100e+01,-1.423825077919360508e-03,4.031926959682402867e+01,3.072419762388712838e-01,nan,7.061321897836711159e+00,1.000000000000000000e+00
2.451000000000000000e+03,1.419003918333817751e+02,3.271561134331599163e+01,-1.779343002299714526e-03,5.008395035159536945e+01,2.634442615497308848e-01,nan,1.168029673678263691e+01,1.000000000000000000e+00
2.452000000000000000e+03,1.753456063640795648e+01,2.015107357444891178e+01,-1.478146235474160457e-02,4.072010910226756550e+02,1.258614834050653108e-02,nan,1.153861546651100767e+01,1.000000000000000000e+00
2.452000000000000000e+03,4.553945687833939360e+01,5.114115395086874827e+01,-1.599365424238478059e-03,4.514067331191306920e+01,2.433331892879990743e-01,nan,1.491107049318604183e+01,1.000000000000000000e+00
2.452000000000000000e+03,8.291349405364262282e+01,5.377387549578688919e+00,-1.249936148115133976e-03,3.554322380592171271e+01,3.617705797465355921e-01,nan,1.027478952561117431e+01,1.000000000000000000e+00
2.457000000000000000e+03,2.650524115639116118e+01,4.862706528005937834e+00,-1.536496940939045689e-03,4.341392305023327935e+01,2.771987929183930000e-01,nan,1.772589281075482504e+01,1.000000000000000000e+00
2.457000000000000000e+03,9.656098181276013293e+01,3.416056071222493529e+01,-8.794566590359450750e-03,2.427645834874313948e+02,3.074241151842149744e-02,nan,1.815222680579731218e+01,1.000000000000000000e+00
2.457000000000000000e+03,6.172983266460084550e+00,2.216457960888125456e+01,-1.596701520351693441e-03,4.506750633710811371e+01,2.627670318217810719e-01,nan,1.153861546651100767e+01,1.000000000000000000e+00
2.457000000000000000e+03,7.940418480877855245e+01,2.294616071483587660e+01,-1.359182543622256380e-03,3.854379312347673903e+01,2.887988126878413553e-01,nan,4.749204993314821266e+00,1.000000000000000000e+00
2.457000000000000000e+03,3.163805583964678902e+01,4.574753991070981129e+01,-1.181938962490039708e-03,3.367560823911384205e+01,3.610224214944423027e-01,nan,8.625466944756656318e+00,1.000000000000000000e+00
2.458000000000000000e+03,5.847692810050677537e+01,3.097313809062472956e+01,-1.488134295561431130e-03,4.208559117106932490e+01,3.346016169108985139e-01,nan,1.180262212485679463e+01,1.000000000000000000e+00
2.459000000000000000e+03,4.945747878120578633e+01,3.858572129205642653e+01,-1.166442270134871242e-03,3.324997497781803446e+01,3.055344458716933165e-01,nan,1.179637804595877881e+01,1.000000000000000000e+00
2.460000000000000000e+03,4.064112803379951089e+01,3.074821566195400990e+01,-1.874794952281868751e-03,5.270564044111942792e+01,2.372685603717402669e-01,nan,8.913332912041038725e+00,1.000000000000000000e+00
2.461000000000000000e+03,3.660318072522669297e+01,3.869444024562036333e+01,-1.582450531427647116e-03,4.467608765540413174e+01,2.562454332621789677e-01,nan,3.992939751732007991e+00,1.000000000000000000e+00
2.462000000000000000e+03,7.841454224647544891e+01,3.370222778052114165e+01,-3.051917113258367006e-03,8.503656195889041669e+01,1.952529625031763638e-01,nan,9.520459769225547930e+00,1.000000000000000000e+00
2.462000000000000000e+03,1.152976332681003129e+02,3.142088486657752355e+01,-1.328088627893730771e-03,3.768976540874474068e+01,3.700441875111953882e-01,nan,9.931764293505299435e+00,1.000000000000000000e+00
2.463000000000000000e+03,8.669541300790109517e+01,4.268525349999224971e+01,-1.599994111356347302e-03,4.515794087728639994e+01,3.120787472545428765e-01,nan,1.221751086122347552e+01,1.000000000000000000e+00
2.463000000000000000e+03,5.852103922229248667e+01,1.642183180448479618e+01,-1.431683531593688557e-03,4.053511044785767581e+01,3.338054187700517650e-01,nan,1.455137314565607376e+01,1.000000000000000000e+00
2.466000000000000000e+03,3.664116999680123854e+01,4.268719927619144272e+01,-1.593432690187158171e-03,4.497772441386504028e+01,3.090566379766850336e-01,nan,3.992939751732007991e+00,1.000000000000000000e+00
2.467000000000000000e+03,1.418921878084932473e+02,2.915668824578813556e+01,-1.547801185345611162e-03,4.372440623612724409e+01,2.809977214827238390e-01,nan,2.623823234511696256e+01,1.000000000000000000e+00
2.468000000000000000e+03,1.162145868041864389e+02,2.376172362496215840e+01,-1.740903775307942047e-02,4.793702649639874380e+02,1.456852543687769952e-02,nan,4.945722040853919310e+00,1.000000000000000000e+00
2.468000000000000000e+03,4.502499455845246956e+01,6.855378982772990071e+00,-1.220836580401687532e-03,3.474397299650357240e+01,3.135566934925565485e-01,nan,1.654267938268775140e+01,1.000000000000000000e+00
2.468000000000000000e+03,1.894989659440528129e+01,1.273171381294042348e+01,-1.447494737822714074e-03,4.096938216972200308e+01,3.115492715651494438e-01,nan,1.813313233337083119e+01,1.000000000000000000e+00
2.470000000000000000e+03,8.102376061721628275e+01,5.470315991287601598e+00,-1.562419347366907378e-03,4.412590972039816961e+01,3.316682074904435673e-01,nan,2.785451968148425905e+01,1.000000000000000000e+00
2.470000000000000000e+03,7.409310420687612009e+01,3.244883093203267066e+01,-1.559268312063747828e-03,4.403936315924799771e+01,3.224400429761034026e-01,nan,1.094931643106536789e+01,1.000000000000000000e+00
2.470000000000000000e+03,1.113796899847204571e+02,5.646147939408549199e+00,-1.444006021366054824e-03,4.087356083384260330e+01,3.474900966758812659e-01,nan,1.874967492181940187e+01,1.000000000000000000e+00
2.473000000000000000e+03,1.210305082653813429e+02,2.488736432473744387e+01,-1.563368898584521121e-03,4.415199016209871985e+01,3.202632772946438777e-01,nan,4.945722040853919310e+00,1.000000000000000000e+00
2.475000000000000000e+03,5.749403850144743089e+00,4.529511059541260920e+01,-1.437220541595226253e-03,4.068719036083317064e+01,2.589313633228533806e-01,nan,2.559603837059189857e+01,1.000000000000000000e+00
2.475000000000000000e+03,6.368680108705178355e+01,3.585417756430555869e+01,1.315862139075625907e-03,-3.735395179184016001e+01,3.725899108339226773e-01,nan,1.094931643106536789e+01,1.000000000000000000e+00
2.476000000000000000e+03,3.067955230783205778e+01,5.109553111003769033e+01,-2.481274255446165242e-02,6.827209509077994198e+02,1.190255721175492720e-02,nan,1.886113251573674177e+01,1.000000000000000000e+00
2.476000000000000000e+03,8.890920648616071276e+01,2.810775075137917156e+01,-1.595444616759687491e-03,4.503298413309588000e+01,2.796804766004701293e-01,nan,1.231568392757837138e+01,1.000000000000000000e+00
2.477000000000000000e+03,6.970955530838901382e+01,2.580855670337547636e+01,1.217323405949490359e-03,-3.464747989556832408e+01,3.320173002277302388e-01,nan,8.963515107989083575e+00,1.000000000000000000e+00
2.477000000000000000e+03,4.914041011076110266e+01,4.723042451950028919e+01,-1.538355077274274150e-03,4.346495875579994106e+01,2.484568740398696018e-01,nan,1.846663166960039604e+01,1.000000000000000000e+00
2.478000000000000000e+03,9.833998389872402868e+01,2.018711264585397558e+01,-1.507189695984164539e-03,4.260896816283882771e+01,3.537815866217295380e-01,nan,7.329211092206041833e+00,1.000000000000000000e+00
2.480000000000000000e+03,6.519501907542672825e+01,1.806494219254016187e+01,-1.739527815238270381e-03,4.899038357426866241e+01,2.658479452585345015e-01,nan,8.963515107989083575e+00,1.000000000000000000e+00
2.481000000000000000e+03,1.192242943524308458e+02,2.261244952822961451e+01,-1.403497627327980005e-03,3.976095438408425764e+01,3.388251369266720436e-01,nan,1.627047090499894821e+01,1.000000000000000000e+00
2.481000000000000000e+03,4.681108726357035010e+00,5.212720000083229621e+01,-1.374402804576362177e-03,3.896183390012728864e+01,3.717378110949934866e-01,nan,2.601890484550364846e+01,1.000000000000000000e+00
2.482000000000000000e+03,5.071030484074817934e+01,2.266694678970715060e+01,-1.642125816509090947e-03,4.631513330629753256e+01,2.760584059662278822e-01,nan,1.519820360347384813e+01,1.000000000000000000e+00
2.484000000000000000e+03,2.871280610361819541e+01,3.543289497728574133e+01,-1.310714123733181186e-03,3.721255603401092316e+01,3.593644262132663636e-01,nan,5.866259728397903217e+00,1.000000000000000000e+00
2.488000000000000000e+03,1.033092355510630398e+02,2.102242803578462826e+01,-1.563626580122797968e-02,4.306791836605245294e+02,1.347067444227512123e-02,nan,2.393011249189227385e+01,1.000000000000000000e+00
2.489000000000000000e+03,4.060513445099523722e+01,5.880942508692307058e+00,-2.853391833101451280e-02,7.849270311040612569e+02,1.001663905498273444e-02,nan,1.735953915983514406e+01,1.000000000000000000e+00
2.489000000000000000e+03,1.445215604693530054e+02,1.420438190203157269e+01,-1.185021414573726728e-02,3.266912179303125754e+02,1.715537973491663148e-01,nan,1.087812023671800254e+01,1.000000000000000000e+00
2.489000000000000000e+03,5.888001342612177780e+01,9.738793229117046479e+00,-1.414082602689997401e-03,4.005168207492394572e+01,3.034860837697019864e-01,nan,1.513312382630013708e+01,1.000000000000000000e+00
2.490000000000000000e+03,5.184776282965560057e+01,4.538602159810279346e+01,-1.206848641869146975e-03,3.435977927567869727e+01,3.655869071740199816e-01,nan,1.935366491550278312e+01,1.000000000000000000e+00
2.492000000000000000e+03,1.075004237752546175e+02,5.006328917743934426e+01,-1.705648016294645250e-03,4.805983859177038653e+01,2.742411250854814853e-01,nan,2.934173946069784478e+01,1.000000000000000000e+00
2.493000000000000000e+03,1.400735933823021071e+02,2.413157126644916062e+01,-1.721121313890780708e-03,4.848482929094027583e+01,2.333411686642975491e-01,nan,9.035900846405965581e+00,1.000000000000000000e+00
2.493000000000000000e+03,1.350743346857409790e+02,3.165851729993033459e+01,-1.429297025071798967e-03,4.046956248892973207e+01,3.301960533403616171e-01,nan,9.035900846405965581e+00,1.000000000000000000e+00
2.497000000000000000e+03,1.137098963369907523e+01,4.113638606378780338e+01,-1.310196750851836886e-03,3.719834583342453271e+01,3.217680984206898742e-01,nan,2.512878751476269912e+01,1.000000000000000000e+00
2.498000000000000000e+03,6.521660053762292364e+01,3.212272999658076600e+01,-1.475622907436290607e-03,4.174195248940800695e+01,2.788604193581980528e-01,nan,9.352193136226741643e+00,1.000000000000000000e+00
2.500000000000000000e+03,5.778166584555001606e+01,2.492086520916992853e+01,-1.636899292655628717e-03,4.617158122808598364e+01,2.364893253951135810e-01,nan,7.916257785331207053e+00,1.000000000000000000e+00
2.500000000000000000e+03,9.061908535983214108e+01,2.629202590288100083e+01,-1.647810108165759539e-03,4.647125846775351476e+01,2.467676789769912560e-01,nan,7.330924288368367847e+00,1.000000000000000000e+00
2.501000000000000000e+03,4.986618129076050820e+01,2.481022350498160378e+01,-1.448819558563238042e-03,4.100576979099612629e+01,3.170166400912469706e-01,nan,7.916257785331207053e+00,1.000000000000000000e+00
2.504000000000000000e+03,5.646296338010111526e+01,3.488379303382057373e+01,-1.765294481308536797e-03,4.969809266862579733e+01,2.107603694708743980e-01,nan,1.004982124376244990e+01,1.000000000000000000e+00
2.504000000000000000e+03,3.409722718189264867e+01,5.301754387872069429e+01,-1.163712854431273687e-03,3.317500865076394234e+01,3.392299695723147712e-01,nan,1.460304618464886772e+01,1.000000000000000000e+00
2.505000000000000000e+03,2.327081166792232381e+01,2.051104775924423862e+01,-1.614209401433242246e-03,4.554837905189963010e+01,2.905969858730172994e-01,nan,8.241663527817546964e+00,1.000000000000000000e+00
2.506000000000000000e+03,6.802003051469891659e+01,5.826179829089010553e+00,-1.573987075949150397e-03,4.444362978151835364e+01,2.990372888256852546e-01,nan,2.626701650233019336e+01,1.000000000000000000e+00
2.509000000000000000e+03,3.140273117409376979e+01,2.185153380949105895e+01,-1.336145869529356675e-03,3.791106618415027896e+01,2.652620154751591519e-01,nan,8.241663527817546964e+00,1.000000000000000000e+00
2.511000000000000000e+03,4.970021970439592707e+01,2.894870832910437386e+01,-1.565607428037900590e-03,4.421347377227252906e+01,3.693900195280162002e-01,nan,1.161271921789989037e+01,1.000000000000000000e+00
2.512000000000000000e+03,2.563385985095763431e+01,4.000187875320486341e+01,-4.297622492819464998e-03,1.192511950666763170e+02,7.759185614623143046e-02,nan,8.425711750550753720e+00,1.000000000000000000e+00
2.512000000000000000e+03,1.148542253225491834e+02,2.221854817722309861e+01,-1.732285332702778596e-03,4.879146103061816575e+01,3.282614343846808058e-01,nan,1.800356371470862626e+01,1.000000000000000000e+00
2.513000000000000000e+03,1.101060459021224247e+01,4.471787216871084070e+01,-1.466618188580025989e-03,4.149462823685126978e+01,2.839796129032617911e-01,nan,1.006100341713587021e+01,1.000000000000000000e+00
2.516000000000000000e+03,1.181369371113894857e+02,3.992030260273081410e+01,-1.571235711655128743e-03,4.436806061290885594e+01,2.359156921845114718e-01,nan,1.800356371470862626e+01,1.000000000000000000e+00
2.517000000000000000e+03,6.489670719104178431e+01,3.033358954399641050e+01,-1.517717729295309280e-03,4.289813187923401472e+01,2.914778734827960793e-01,nan,1.284870581077272256e+01,1.000000000000000000e+00
2.518000000000000000e+03,9.564032252583285754e+01,4.233543544089925348e+01,-1.508437521168781584e-03,4.264324101866399275e+01,3.108363532180491440e-01,nan,6.249803334731360849e+00,1.000000000000000000e+00
2.520000000000000000e+03,9.373666016477997687e+01,3.638261162879715016e+01,-1.355441868749916604e-03,3.844105147972008041e+01,3.242644088435570060e-01,nan,6.249803334731360849e+00,1.000000000000000000e+00
2.521000000000000000e+03,9.091740983333757242e+01,2.571812462297724267e+01,-1.117215617050764396e-03,3.189791220115218096e+01,3.448514954089568763e-01,nan,1.103084110703439435e+01,1.000000000000000000e+00
2.522000000000000000e+03,6.523779761824225432e+01,1.292621114882104294e+01,-1.720747935650976520e-03,4.847457405748384218e+01,2.413949390574356979e-01,nan,1.741071983785696276e+01,1.000000000000000000e+00
2.522000000000000000e+03,1.429084914409337159e+02,1.715973670849384902e+01,-1.241200323970808759e-03,3.530328503476738433e+01,3.436418629040211004e-01,nan,1.185553500956268280e+01,1.000000000000000000e+00
2.524000000000000000e+03,1.270040105698513599e+02,3.996643538716469379e+01,-1.090283769506082603e-03,3.115820014902893220e+01,3.395970942262914738e-01,nan,9.021113274192540388e+00,1.000000000000000000e+00
2.529000000000000000e+03,1.323455654752274597e+02,4.723611735398176847e+01,1.395537869822923186e-03,-3.954233111478568219e+01,3.745650365854075181e-01,nan,9.021113274192540388e+00,1.000000000000000000e+00
2.530000000000000000e+03,1.074005970275425597e+02,3.993555522422414583e+01,-1.696465262090377695e-03,4.780762440760374687e+01,2.780836369397604591e-01,nan,1.027996610622079032e+01,1.000000000000000000e+00
2.531000000000000000e+03,5.913521627404166026e+01,2.937838065592570302e+01,-1.880013108094329101e-03,5.284896268211793569e+01,2.131816163852264800e-01,nan,1.457561161862896526e+01,1.000000000000000000e+00
2.532000000000000000e+03,1.095884500566805144e+02,4.998000654164015089e+01,-1.422808002266512080e-03,4.029133452415272387e+01,2.866037285479708929e-01,nan,1.027996610622079032e+01,1.000000000000000000e+00
2.533000000000000000e+03,8.090565211390165246e+01,7.745559965762274679e+00,-1.484557291032551204e-03,4.198734490867970948e+01,2.638261974132175558e-01,nan,7.900383021794493921e+00,1.000000000000000000e+00
2.534000000000000000e+03,1.333433303368886591e+01,4.129014172716259168e+01,-1.775462238392724185e-03,4.997736101238709239e+01,2.149813810041535378e-01,nan,8.711946803090489411e+00,1.000000000000000000e+00
2.537000000000000000e+03,2.263063569043956846e+01,3.754008887266084571e+01,-1.385612541662355852e-03,3.926972134119071711e+01,3.172249559317040779e-01,nan,8.635343196075869088e+00,1.000000000000000000e+00
2.537000000000000000e+03,9.237601457054667264e+01,5.095051850471362798e+01,-1.510868596375274315e-03,4.271001310427293873e+01,3.659041315334879974e-01,nan,1.522005322778334069e+01,1.000000000000000000e+00
2.538000000000000000e+03,8.392634799427595738e+01,1.504565916298887096e+01,-1.331902066940245056e-03,3.779450559851687075e+01,2.946427653992155227e-01,nan,7.900383021794493921e+00,1.000000000000000000e+00
2.538000000000000000e+03,8.483656090897106594e+01,3.772907158156969132e+01,1.190937847385825556e-03,-3.392277225569454657e+01,3.656586418759331103e-01,nan,1.522005322778334069e+01,1.000000000000000000e+00
2.540000000000000000e+03,1.256697938806626524e+02,3.263183842258318634e+01,-8.642225843961832618e-03,2.385803816441374181e+02,2.562095240869843860e-02,nan,1.245397554139349339e+01,1.000000000000000000e+00
2.541000000000000000e+03,1.366791864941141625e+02,4.830157551743847222e+01,-1.396258104774763999e-03,3.956211313951878594e+01,2.988136179344785814e-01,nan,1.915064976284106280e+01,1.000000000000000000e+00
2.543000000000000000e+03,1.144346359769725119e+01,2.997910613916607048e+01,-1.935816490457722971e-02,5.329051308023431375e+02,1.012015746130134897e-02,nan,2.243714813163193966e+01,1.000000000000000000e+00
2.543000000000000000e+03,6.082723701367832803e+01,1.886256817231361183e+01,-1.305785144738651682e-03,3.707717634418953878e+01,3.322736717256468131e-01,nan,2.180658288695403257e+01,1.000000000000000000e+00
2.544000000000000000e+03,7.419788483510778576e+01,5.113325891621146013e+01,-1.259360043472251139e-02,3.471091189463217574e+02,1.944511090421396915e-02,nan,1.591263970942067019e+01,1.000000000000000000e+00
2.545000000000000000e+03,1.198619403244744461e+02,1.563209419234119935e+01,-2.221779013523148428e-03,6.223592950016062986e+01,1.877595586466936917e-01,nan,7.104437861364801599e+00,1.000000000000000000e+00
2.546000000000000000e+03,3.883433089554434048e+01,2.115743587706804263e+01,-1.631026103342005790e-03,4.601026779006504341e+01,2.544641639052965809e-01,nan,6.605770069981159232e+00,1.000000000000000000e+00
2.548000000000000000e+03,1.309231164688042668e+02,6.150161856589503984e+00,-1.819668151525067647e-03,5.119152378621302546e+01,3.156638884280870139e-01,nan,1.109027697133422485e+01,1.000000000000000000e+00
2.549000000000000000e+03,1.362908037702084982e+02,4.288093734471803486e+01,-1.488803767983917260e-03,4.210397894853819878e+01,2.708835861657106214e-01,nan,2.251154272761388597e+01,1.000000000000000000e+00
2.550000000000000000e+03,4.752706877488007109e+01,1.058144329392425220e+01,-1.541081461857525883e-03,4.353984182988568818e+01,2.820886224947010135e-01,nan,1.368997118176480043e+01,1.000000000000000000e+00
2.550000000000000000e+03,1.228384143378328019e+01,2.374954968884293294e+01,-1.504587223374508065e-03,4.253748846388799620e+01,2.917442155838585460e-01,nan,1.889668826520355438e+01,1.000000000000000000e+00
2.551000000000000000e+03,1.184989020412329239e+02,2.487067101492925758e+01,-1.478093174851835469e-03,4.180980103103568979e+01,3.025051032915929694e-01,nan,4.708319800480048833e+00,1.000000000000000000e+00
2.552000000000000000e+03,1.629417515104334768e+01,5.283308845929377107e+00,-2.037150508131278966e-03,5.716490975755715453e+01,1.963027479538180797e-01,nan,1.889668826520355438e+01,1.000000000000000000e+00
2.554000000000000000e+03,7.972609830732979219e+01,1.927238624873022488e+01,-8.394607318895892442e-03,2.317792735130902031e+02,4.455132156771379748e-02,nan,1.006243587010256135e+01,1.000000000000000000e+00
2.555000000000000000e+03,1.226716315212181883e+02,2.705163502895021210e+01,-1.647775591430841562e-03,4.647031042864195882e+01,3.131389301519593715e-01,nan,4.708319800480048833e+00,1.000000000000000000e+00
2.555000000000000000e+03,1.230075106907856082e+02,3.992407447696360379e+01,-1.378398369550346567e-03,3.907157637365771308e+01,3.291362855355366435e-01,nan,1.287682073181577813e+01,1.000000000000000000e+00
2.556000000000000000e+03,3.474153521028741665e+01,4.361020443783773715e+01,-1.390313246951262833e-03,3.939883124907635903e+01,3.194273242412103420e-01,nan,1.863560867254810560e+01,1.000000000000000000e+00
2.557000000000000000e+03,9.588578622951568775e+01,5.929799024744306202e+00,-1.675460819187462582e-03,4.723071487558431869e+01,2.521019696503566943e-01,nan,1.152347908003099164e+01,1.000000000000000000e+00
2.559000000000000000e+03,1.056552453614965259e+02,2.974120315987608620e+01,-1.657748132364590329e-03,4.674421695164406287e+01,2.841047493112532907e-01,nan,1.368565011852652091e+01,1.000000000000000000e+00
2.559000000000000000e+03,8.558192964246990186e+01,1.108936388444953636e+01,-1.930031100514816326e-03,5.422276044163147191e+01,1.991530450932283980e-01,nan,1.006243587010256135e+01,1.000000000000000000e+00
2.559000000000000000e+03,9.172029645446598067e+01,3.858350403906337789e+01,-1.374452733429818363e-03,3.896320524958962750e+01,3.403520062076875741e-01,nan,1.650360826848565665e+01,1.000000000000000000e+00
2.561000000000000000e+03,8.971024790689021700e+01,2.207869114460385163e+01,-1.317602562787704859e-03,3.740175439407492775e+01,3.595297028746474721e-01,nan,1.173917907364553059e+01,1.000000000000000000e+00
2.561000000000000000e+03,1.084849260394954840e+01,2.356609531410716585e+01,-1.376638280831800430e-03,3.902323365094792962e+01,3.136599623831750616e-01,nan,1.202433808052808750e+01,1.000000000000000000e+00
2.562000000000000000e+03,2.286892398634619283e+01,2.325960607134036451e+01,-1.373712147236349004e-03,3.894286425619745273e+01,3.440432398666742886e-01,nan,1.202433808052808750e+01,1.000000000000000000e+00
2.563000000000000000e+03,1.180919802725706944e+02,2.402940450110020620e+01,-1.114283308825814731e-03,3.181737321358600212e+01,3.414974310668809077e-01,nan,1.368565011852652091e+01,1.000000000000000000e+00
2.568000000000000000e+03,2.460037110638341318e+01,4.751076035584021184e+01,-1.247533397266506472e-03,3.547722967915301240e+01,3.311813464409287810e-01,nan,6.400434354705134332e+00,1.000000000000000000e+00
2.568000000000000000e+03,4.816183302015420509e+01,5.123545924971952559e+01,-1.217069267123246793e-03,3.464049970037848425e+01,3.402258877514473534e-01,nan,2.385405352061023265e+01,1.000000000000000000e+00
2.569000000000000000e+03,1.265204756931686774e+02,9.473975594765699171e+00,-9.098484860684407857e-03,2.511120244510282760e+02,3.319296416971273533e-02,nan,1.311297994110166343e+01,1.000000000000000000e+00
2.570000000000000000e+03,1.104936487677440127e+01,1.973596815623025691e+01,-1.619094536692095672e-03,4.568255452653912130e+01,2.852779086693592037e-01,nan,1.133567665058795093e+01,1.000000000000000000e+00
2.571000000000000000e+03,1.362227127267801485e+01,3.077579233076325238e+01,-1.407963458782265356e-03,3.988361323041870321e+01,3.664830035565351807e-01,nan,1.133567665058795093e+01,1.000000000000000000e+00
2.572000000000000000e+03,8.470365534680074404e+01,1.377484387595586490e+01,-1.548016740251198162e-03,4.373032668259094891e+01,2.887318441125460433e-01,nan,2.226915452366918657e+01,1.000000000000000000e+00
2.572000000000000000e+03,1.407455597713229736e+02,2.695297489901192023e+01,-1.315367494610994968e-03,3.734036585157384280e+01,3.522244828520572080e-01,nan,2.253593649503829255e+01,1.000000000000000000e+00
2.575000000000000000e+03,8.277332251259078078e+01,3.802168728174813594e+01,-1.290579330385709707e-03,3.665953235892047246e+01,3.622825766448896090e-01,nan,2.025231906974644147e+01,1.000000000000000000e+00
2.576000000000000000e+03,6.180633161872250980e+01,6.280320677417650543e+00,-1.457624394208230107e-03,4.124760403696679134e+01,3.244481807895186476e-01,nan,2.409264020156035002e+01,1.000000000000000000e+00
2.579000000000000000e+03,9.906854057535635150e+01,5.004758832864412454e+01,-1.958886806552881735e-03,5.501531332882087355e+01,1.656625803071880565e-01,nan,1.249886795511815407e+01,1.000000000000000000e+00
2.582000000000000000e+03,8.297705121989788779e+01,3.288120153772513277e+01,-1.403565430986449718e-03,3.976281668422036120e+01,3.524377056375354034e-01,nan,7.452134646588240763e+00,1.000000000000000000e+00
2.584000000000000000e+03,6.302318239661929056e+01,1.102379545198062161e+01,-1.399649389635069206e-03,3.965525841219972847e+01,2.542465624171494909e-01,nan,1.709284889729436685e+01,1.000000000000000000e+00
2.585000000000000000e+03,1.882447605372426835e+01,5.101898283907002707e+01,-3.307020506982472768e-02,9.095210073256224632e+02,9.130594446352668925e-03,nan,1.620749179533458317e+01,1.000000000000000000e+00
2.585000000000000000e+03,1.259362571532453501e+02,3.213346980991825319e+01,-2.102841405979245792e-02,5.787803136360346343e+02,7.541558463415864999e-03,nan,2.287802890001249168e+01,1.000000000000000000e+00
2.586000000000000000e+03,8.408173111241698905e+01,4.025100432517778160e+01,-1.537453315301025129e-03,4.344019089690529967e+01,2.785244530468500290e-01,nan,7.452134646588240763e+00,1.000000000000000000e+00
2.588000000000000000e+03,7.769996467367195692e+01,1.978493381510045168e+01,-1.522663584606949276e-03,4.303397509518896413e+01,2.510858638277470023e-01,nan,1.351235920398936408e+01,1.000000000000000000e+00
2.589000000000000000e+03,2.737615749708344381e+01,3.725121124061793410e+01,-1.151234829485768899e-02,3.174113702896387963e+02,1.518635132859746939e-02,nan,1.462688394011999371e+01,1.000000000000000000e+00
2.591000000000000000e+03,8.843701122597137143e+00,5.314464007149287994e+01,-1.593901613470435474e-03,4.499060389432348472e+01,3.261697844383839584e-01,nan,2.425975780886269106e+01,1.000000000000000000e+00
2.592000000000000000e+03,7.908060676864074878e+01,3.322657354629531312e+01,-1.662125130050923563e-03,4.686443588335027499e+01,3.046005299578554704e-01,nan,1.095606792648903394e+01,1.000000000000000000e+00
2.592000000000000000e+03,8.465250590920490481e+01,4.265999097463071621e+01,-1.206397300185799940e-03,3.434738269270222588e+01,3.289244939244607702e-01,nan,1.095606792648903394e+01,1.000000000000000000e+00
2.593000000000000000e+03,1.488066634090428408e+01,2.964802542389685414e+01,-1.643863657040712384e-03,4.636286495871298285e+01,2.521937690156508260e-01,nan,1.462688394011999371e+01,1.000000000000000000e+00
2.593000000000000000e+03,4.623100024716807610e+01,4.455296196049079072e+01,-1.479802438321350683e-03,4.185674778381812899e+01,2.473384044187391106e-01,nan,2.021931400185433603e+01,1.000000000000000000e+00
2.596000000000000000e+03,7.548235997532250963e+01,5.968022858411435649e+00,-1.782587445244269379e-03,5.017306245370911455e+01,2.783291883918951326e-01,nan,2.749501710473298743e+01,1.000000000000000000e+00
2.596000000000000000e+03,1.161187317141601625e+02,1.470801271849911807e+01,-1.348598078196347298e-03,3.825307943857869475e+01,3.191328433927190789e-01,nan,6.741515824196262940e+00,1.000000000000000000e+00
2.597000000000000000e+03,1.330790631208481614e+02,2.674941783469150280e+01,-1.280675096063651390e-03,3.638750195020363520e+01,3.048845992992261777e-01,nan,1.202047844065922888e+01,1.000000000000000000e+00
2.598000000000000000e+03,1.245601618449307750e+02,3.554614455996319577e+01,-1.620710665366410438e-03,4.572694323237109870e+01,3.398134700306552070e-01,nan,1.224557389540956187e+01,1.000000000000000000e+00
2.598000000000000000e+03,1.139504820572429793e+02,4.984536260457760193e+01,-1.758794755499116114e-03,4.951957073437125700e+01,3.096365039414468168e-01,nan,1.070687024025785483e+01,1.000000000000000000e+00
2.599000000000000000e+03,1.414431039808428068e+02,1.811606840155181786e+01,-1.691847330756562776e-03,4.768078797509264177e+01,2.789273402524259371e-01,nan,7.005830991261523089e+00,1.000000000000000000e+00
2.600000000000000000e+03,6.553095773403420310e+01,4.081307988756718430e+01,-1.743342604338246919e-03,4.909516084470580211e+01,2.158471827294264900e-01,nan,3.409760948527789282e+01,1.000000000000000000e+00
2.602000000000000000e+03,4.270019093376052410e+01,7.554305006047185245e+00,-1.717540023672738288e-03,4.838646531750540447e+01,2.220892975744431785e-01,nan,6.639265784544326365e+00,1.000000000000000000e+00
2.604000000000000000e+03,4.455826309621409820e+01,1.392826907850131946e+01,-1.490540767715627882e-03,4.215168750748312476e+01,3.154878582837684631e-01,nan,6.639265784544326365e+00,1.000000000000000000e+00
2.607000000000000000e+03,6.035949449678989964e+01,1.562789390054151717e+01,-1.164024502472868483e-02,3.209241910256008623e+02,1.554128187899173064e-02,nan,1.124111714321532673e+01,1.000000000000000000e+00
2.611000000000000000e+03,5.996966911563631442e+01,2.686224972540739842e+01,-1.176153577721706289e-03,3.351670644701783175e+01,3.421743756961814764e-01,nan,1.124111714321532673e+01,1.000000000000000000e+00
2.612000000000000000e+03,1.218809130526014783e+01,1.165436921007673554e+01,-6.024944245342786844e-03,1.666939379426089261e+02,3.546275593351699840e-02,nan,9.916915632177000006e+00,1.000000000000000000e+00
2.612000000000000000e+03,2.425034071286752635e+01,3.993458539244595329e+01,-2.437030470267880639e-02,6.705689212062976594e+02,1.248213198254566336e-02,nan,1.010046032528367377e+01,1.000000000000000000e+00
2.612000000000000000e+03,4.488475765806663986e+01,1.486311517793625647e+01,1.290306169484000580e-03,-3.665202970204452271e+01,3.561543598223080309e-01,nan,1.246477033569476944e+01,1.000000000000000000e+00
2.614000000000000000e+03,2.175339119658113773e+01,3.014762764778664916e+01,-2.493873400687685905e-03,6.970929341129873080e+01,1.831627469704817379e-01,nan,1.010046032528367377e+01,1.000000000000000000e+00
2.615000000000000000e+03,9.831406427287164718e+01,5.264822280725651638e+01,-1.574163180636085901e-03,4.444846668545320512e+01,2.869043207684164321e-01,nan,2.535620173886222517e+01,1.000000000000000000e+00
2.616000000000000000e+03,5.631716080838722149e+01,9.896158591639540703e+00,-1.698703547917679996e-02,4.677795203070792809e+02,1.427136633434167301e-02,nan,1.246477033569476944e+01,1.000000000000000000e+00
2.616000000000000000e+03,6.488359506744065186e+01,3.808616395044604275e+01,-1.307510541167328623e-03,3.712456620598291579e+01,3.405670171908304900e-01,nan,1.225246582492034619e+01,1.000000000000000000e+00
2.619000000000000000e+03,7.461490988231907373e+00,2.793891606986462151e+01,-1.588678594741139418e-03,4.484714808810313968e+01,2.527007888199316321e-01,nan,1.380929442803201646e+01,1.000000000000000000e+00
2.619000000000000000e+03,1.078084845436764141e+02,1.300377220952588431e+01,-1.379592213079584373e-03,3.910436656547286560e+01,3.027758429780951221e-01,nan,5.448754252451623259e+00,1.000000000000000000e+00
2.620000000000000000e+03,1.377032726983777593e+02,5.171289629632308760e+01,-1.190237269151095054e-02,3.281238082814203381e+02,1.644641387776246688e-02,nan,2.849009380061917085e+01,1.000000000000000000e+00
2.620000000000000000e+03,5.686460230081723211e+01,4.824300580941635275e+01,-1.372703396201221428e-03,3.891515782807225321e+01,2.646006347903365752e-01,nan,8.132680562846113403e+00,1.000000000000000000e+00
2.621000000000000000e+03,1.435402066023119119e+02,2.382713564022509090e+01,-1.340658407445197153e-03,3.803500787350048995e+01,3.527024950269415093e-01,nan,2.849009380061917085e+01,1.000000000000000000e+00
2.621000000000000000e+03,4.827863040405969031e+01,2.656609362750057812e+01,-1.445992932742620881e-03,4.092813348391083395e+01,2.992388383625191883e-01,nan,1.702633515204835746e+01,1.000000000000000000e+00
2.625000000000000000e+03,1.715641553077571402e+01,4.740614187393519074e+01,-1.493521707594373978e-03,4.223356221553294887e+01,3.201776641604205942e-01,nan,1.427284332674062739e+01,1.000000000000000000e+00
2.625000000000000000e+03,2.782823188181284380e+01,3.792846323412992149e+01,-1.226216256985321286e-03,3.489173157856286167e+01,3.359449264442858629e-01,nan,1.427284332674062739e+01,1.000000000000000000e+00
2.625000000000000000e+03,1.093009395721680903e+02,4.083924548208437955e+01,-1.599825508073979404e-03,4.515331000746626700e+01,2.596626754193877007e-01,nan,3.887387128536417435e+00,1.000000000000000000e+00
2.627000000000000000e+03,1.172488403556544370e+02,1.619028873997090301e+01,-4.331222228284963872e-03,1.201740478056407682e+02,7.198841324441629386e-02,nan,1.816554780228437949e+01,1.000000000000000000e+00
2.628000000000000000e+03,8.821901930859934282e+01,3.261044236963979870e+01,-1.526869781651347523e-03,4.314950280423991558e+01,2.456370145613028244e-01,nan,1.742146294440197352e+01,1.000000000000000000e+00
2.630000000000000000e+03,7.094763153944870737e+01,3.489222580607826529e+01,-1.702109419758968730e-03,4.796264724607087970e+01,2.108047510126053181e-01,nan,1.127314695942431655e+01,1.000000000000000000e+00
2.631000000000000000e+03,1.101442951893937590e+02,4.691548435004143158e+01,-1.977162344884827484e-03,5.551727057259155629e+01,1.883373937198723480e-01,nan,1.217610551572761857e+01,1.000000000000000000e+00
2.632000000000000000e+03,3.915966891974158415e+01,4.963547883561475516e+01,-1.133409788023357224e-03,3.234270246007137928e+01,3.156641687431951393e-01,nan,1.995025035855868367e+01,1.000000000000000000e+00
2.633000000000000000e+03,1.161071212737669072e+02,1.323169677530614052e+01,-2.449381484431432596e-02,6.739612595958443535e+02,1.153984153844989091e-02,nan,1.439442795072531389e+01,1.000000000000000000e+00
2.633000000000000000e+03,1.973118479654626256e+01,2.086043550213261000e+01,-1.269110346054361542e-03,3.606986369878135434e+01,3.038478562961830498e-01,nan,1.219034303378069062e+01,1.000000000000000000e+00
2.634000000000000000e+03,3.525179323933490139e+01,8.897407841650263549e+00,-1.647080549881475842e-02,4.536007107208592402e+02,1.447182521414891454e-02,nan,1.959600258317567167e+01,1.000000000000000000e+00
2.634000000000000000e+03,1.261230740469723486e+02,3.718259532347972396e+01,-1.423367491708131712e-03,4.030670150119784267e+01,3.451819851179209753e-01,nan,1.433202255630537714e+01,1.000000000000000000e+00
2.634000000000000000e+03,5.423302255722533260e+01,3.656618277620412272e+01,-1.491966296760315492e-03,4.219084119024690693e+01,2.644946034486780340e-01,nan,1.679822268475017211e+01,1.000000000000000000e+00
2.635000000000000000e+03,1.068555176412147460e+02,3.519194018589353590e+01,-1.913536621388176994e-03,5.376972189746074093e+01,2.506718088315458282e-01,nan,1.217610551572761857e+01,1.000000000000000000e+00
2.637000000000000000e+03,1.830286778366147971e+01,3.296681290381430784e+01,-1.351652385897552690e-03,3.833696927249098252e+01,3.031112127520017019e-01,nan,1.190671060214834220e+01,1.000000000000000000e+00
2.638000000000000000e+03,1.268013973289395864e+02,2.286663401871268064e+01,-1.838800847912421075e-03,5.171702379447869902e+01,2.209765222676416396e-01,nan,1.196548145654551121e+01,1.000000000000000000e+00
2.642000000000000000e+03,1.060923587609807299e+02,1.812167420636078674e+01,-1.452659721184596138e-02,4.002009467676912209e+02,1.673459740044325184e-02,nan,1.069142073699724627e+01,1.000000000000000000e+00
2.642000000000000000e+03,4.092027347728596709e+01,2.034179326143727806e+01,-1.755093789731804882e-02,4.832677044811686073e+02,1.016536395848344210e-02,nan,2.287588185796307272e+01,1.000000000000000000e+00
2.642000000000000000e+03,7.403448067764216489e+01,4.489877158934096002e+00,-6.058331646971114835e-03,1.676109587052053200e+02,4.023928591489345230e-02,nan,1.893464143544169431e+01,1.000000000000000000e+00
2.645000000000000000e+03,1.169926488459759071e+02,5.227130784701319044e+01,-1.252940158570771444e-03,3.562573217208755949e+01,3.489159565205762759e-01,nan,1.582417913553544153e+01,1.000000000000000000e+00
2.647000000000000000e+03,2.752129450468591543e+01,3.888291872003082261e+01,-2.166264348040736632e-03,6.071115972494185797e+01,2.342457690263559655e-01,nan,2.028084811191750703e+01,1.000000000000000000e+00
2.647000000000000000e+03,1.173987836188371574e+02,1.902345068455807819e+01,-1.652298297402365716e-03,4.659453139453729165e+01,2.695955962526306315e-01,nan,1.134232973788822818e+01,1.000000000000000000e+00
2.647000000000000000e+03,1.677926979260978158e+01,2.168054373214576103e+01,-1.442594039433740512e-03,4.083477923703680545e+01,3.114923410682819416e-01,nan,2.028084811191750703e+01,1.000000000000000000e+00
2.649000000000000000e+03,6.675578558459999101e+01,2.808027648670566379e+01,-1.182163633499399820e-03,3.368177906913620490e+01,3.572291261231081982e-01,nan,1.004462390298114371e+01,1.000000000000000000e+00
2.650000000000000000e+03,1.058956567861746549e+02,3.746248272952479397e+01,-1.751277637094281713e-03,4.931310502227822923e+01,2.290450001162875893e-01,nan,1.850525693244077274e+01,1.000000000000000000e+00
2.650000000000000000e+03,1.441666103942412747e+02,9.991679860957439985e+00,-1.630212698844627156e-03,4.598792676392623235e+01,3.291009712187086267e-01,nan,2.097207363662241519e+01,1.000000000000000000e+00
2.652000000000000000e+03,8.034181290314633372e+01,2.750240572868266398e+01,-1.437085103238526073e-03,4.068347040123497749e+01,3.274580464388350265e-01,nan,1.359831139933431565e+01,1.000000000000000000e+00
2.655000000000000000e+03,1.167392683280610441e+02,1.390363408829276359e+01,1.599901853605609735e-03,-4.515540691930193162e+01,3.638805952023204116e-01,nan,8.831623987793344455e+00,1.000000000000000000e+00
2.657000000000000000e+03,1.082620706318836170e+02,1.142680113435926792e+01,-1.408668295193506430e-03,3.990297231773365638e+01,2.813211155415157316e-01,nan,8.831623987793344455e+00,1.000000000000000000e+00
2.658000000000000000e+03,1.432886800928202149e+02,6.053004723256899311e+00,-1.355644298738070555e-03,3.844661143626224487e+01,3.043481047317099231e-01,nan,2.768580225461953503e+01,1.000000000000000000e+00
2.659000000000000000e+03,4.402427545646731488e+01,4.622108144229179771e+01,-1.843205528710995444e-03,5.183800307252695916e+01,2.510734262353280233e-01,nan,1.009239884522031794e+01,1.000000000000000000e+00
2.659000000000000000e+03,1.277508156758970728e+02,4.543027866320889530e+01,-1.620656011433642277e-03,4.572544210354221406e+01,2.708236675431852092e-01,nan,2.378485461246306087e+01,1.000000000000000000e+00
2.660000000000000000e+03,1.039982277631174412e+02,4.419178103233500821e+01,-1.692423402608167265e-03,4.769661040579717337e+01,2.846672381757929804e-01,nan,2.268098178939513332e+01,1.000000000000000000e+00
2.663000000000000000e+03,4.017494936328722588e+01,8.455364080540455518e+00,-1.853215642131682750e-03,5.211294156414430034e+01,3.142733203375359663e-01,nan,3.145816880842084373e+01,1.000000000000000000e+00
2.663000000000000000e+03,1.058430174444012977e+02,2.158594802484107333e+01,-1.373311753164950652e-03,3.893186700397698274e+01,2.992886207061663528e-01,nan,2.040872324989611641e+01,1.000000000000000000e+00
2.665000000000000000e+03,8.533476214587294351e+01,2.420184235410689766e+01,-1.235888987115143405e-03,3.515740347656742415e+01,3.578219750171117708e-01,nan,6.195706145988530089e+00,1.000000000000000000e+00
2.666000000000000000e+03,8.728680514351272279e+01,3.008200415313977416e+01,-1.703112514423822015e-03,4.799019831592531915e+01,2.945103422197397069e-01,nan,6.195706145988530089e+00,1.000000000000000000e+00
2.667000000000000000e+03,1.438864723891136919e+02,5.004761281760340097e+01,-1.195249459481127416e-03,3.404119530207797339e+01,3.474394839649035394e-01,nan,1.578894918066074204e+01,1.000000000000000000e+00
2.668000000000000000e+03,8.631728116584203292e+01,4.797976211024364801e+01,-7.178230159339345391e-03,1.983701713949141094e+02,3.385888273264348047e-02,nan,7.924870766698998814e+00,1.000000000000000000e+00
2.668000000000000000e+03,7.183045368984355150e+01,3.506683034256575837e+01,-1.459827561261935712e-03,4.130811638094034066e+01,3.665773242961936074e-01,nan,1.624029840853080842e+01,1.000000000000000000e+00
2.668000000000000000e+03,5.489747979797609645e+01,4.859967725000596062e+01,-1.353996431135423475e-03,3.840135098675319369e+01,3.536065518301059196e-01,nan,1.134124248474455499e+01,1.000000000000000000e+00
2.669000000000000000e+03,1.132916429546298644e+02,1.643875224285871894e+01,-1.598678280090687484e-03,4.512180016157225282e+01,2.440818427861632944e-01,nan,1.244203973736479796e+01,1.000000000000000000e+00
2.670000000000000000e+03,1.423905130030176380e+01,1.379500792562134492e+01,-1.752581740571898528e-03,4.934892362172665514e+01,2.488980137573663098e-01,nan,2.819003309645456667e+01,1.000000000000000000e+00
2.670000000000000000e+03,1.017105557300584735e+02,1.189092072409793488e+01,-1.342473127008054525e-03,3.808485109088995557e+01,3.657447338951915761e-01,nan,1.244203973736479796e+01,1.000000000000000000e+00
2.673000000000000000e+03,5.617903556080403860e+01,2.677541061705419168e+01,-1.446761056062513323e-03,4.094923081398812315e+01,3.518156631826405700e-01,nan,1.427483769552392090e+01,1.000000000000000000e+00
2.674000000000000000e+03,4.226745637955657031e+01,1.078062993134008352e+01,-1.226622933666562379e-03,3.490290138939490561e+01,3.253942212124057987e-01,nan,8.315648691333086262e+00,1.000000000000000000e+00
2.675000000000000000e+03,1.297337067633875733e+02,6.918216565769371051e+00,-1.333637590569632624e-03,3.784217361472974517e+01,3.147909596492158846e-01,nan,2.232005666382842790e+01,1.000000000000000000e+00
2.675000000000000000e+03,8.338997277330582492e+00,4.447460144555669359e+01,-1.563198048608245051e-03,4.414729758442291541e+01,2.419601190992148876e-01,nan,1.509035741758856908e+01,1.000000000000000000e+00
2.676000000000000000e+03,1.176811851897274721e+02,3.687192037301721115e+01,-1.233158083334146048e-03,3.508239627787296655e+01,3.627899197651269780e-01,nan,7.093429316987520217e+00,1.000000000000000000e+00
2.677000000000000000e+03,1.313200384679262527e+02,2.918182995622526832e+01,-1.971703938993214344e-03,5.536734960572480446e+01,2.439563881765972608e-01,nan,8.726979266139650804e+00,1.000000000000000000e+00
2.678000000000000000e+03,5.057048270990736683e+01,1.123863311383018448e+01,-1.789332607880793694e-03,5.035832557342232718e+01,2.206793369291808471e-01,nan,8.260157259882491942e+00,1.000000000000000000e+00
2.678000000000000000e+03,2.395037934571461236e+01,4.253675322502290612e+01,-3.303577987434537164e-03,9.194869753990242600e+01,1.432963482589350024e-01,nan,8.706763034643113741e+00,1.000000000000000000e+00
2.678000000000000000e+03,1.307202708784222978e+02,5.024424076679622431e+01,-1.379517189628946469e-03,3.910230596600835895e+01,3.131535138139841523e-01,nan,1.867717077908226386e+01,1.000000000000000000e+00
2.680000000000000000e+03,8.087697131550123686e+01,2.671439026753034085e+01,-1.871563128796867835e-03,5.261687494598494652e+01,2.432283088538331750e-01,nan,8.820889576130266363e+00,1.000000000000000000e+00
2.680000000000000000e+03,6.112611912402591940e+01,4.783022372794557242e+01,-1.166530698125579522e-03,3.325240374733945714e+01,3.450927961329562921e-01,nan,9.459099221041546102e+00,1.000000000000000000e+00
2.681000000000000000e+03,3.523501607526333146e+01,5.143330696287341652e+01,-1.837678291262695527e-03,5.168619157319810142e+01,2.186462857753713740e-01,nan,1.330037469153166896e+01,1.000000000000000000e+00
2.682000000000000000e+03,1.391639282930283628e+02,3.300721353480806641e+01,-1.264684432781411697e-03,3.594830124807233318e+01,3.223845074729371207e-01,nan,8.726979266139650804e+00,1.000000000000000000e+00
2.682000000000000000e+03,8.463576587273290386e+01,3.653102684921080368e+01,-1.422981986794274794e-03,4.029611319564399707e+01,3.347162578220241880e-01,nan,1.051165497437304097e+01,1.000000000000000000e+00
2.683000000000000000e+03,1.247676165431106341e+02,3.105633454332764387e+01,-1.378228120461624188e-03,3.906690030000246594e+01,2.846734193365378918e-01,nan,1.276817517272628777e+01,1.000000000000000000e+00
2.684000000000000000e+03,9.753787839317506325e+01,9.600365584287221310e+00,-1.751592560162515064e-03,4.932175472180877307e+01,2.617020757686552290e-01,nan,1.399721410387216380e+01,1.000000000000000000e+00
2.684000000000000000e+03,1.257300659747707527e+02,4.378818391146427302e+01,-1.370318661538573197e-03,3.884965853515704026e+01,3.391354465705896937e-01,nan,1.276817517272628777e+01,1.000000000000000000e+00
2.685000000000000000e+03,1.112759495656080304e+02,1.228129884171906028e+01,-1.170932950530748909e-03,3.337331632696065498e+01,3.744590635368306719e-01,nan,1.196443583191898696e+01,1.000000000000000000e+00
2.685000000000000000e+03,8.813167960185948857e+01,2.169669153263916428e+01,-1.292596029675908888e-03,3.671492316595640659e+01,3.440906995513268729e-01,nan,8.820889576130266363e+00,1.000000000000000000e+00
2.685000000000000000e+03,9.712851289173543989e+01,5.228220717962398822e+01,-1.083065213018225481e-03,3.095993475991511090e+01,3.359335259105982185e-01,nan,1.439832596274636778e+01,1.000000000000000000e+00
2.687000000000000000e+03,3.319121430422164565e+01,3.934339207445214015e+01,-2.115304264573648722e-03,5.931148642531873350e+01,1.664797282012064894e-01,nan,1.152183571966746101e+01,1.000000000000000000e+00
2.690000000000000000e+03,8.500612365065246934e+01,4.451307147369298889e+01,-1.387977075828224216e-03,3.933466580581566063e+01,2.515299504279124854e-01,nan,8.281346663935691410e+00,1.000000000000000000e+00
2.690000000000000000e+03,1.231298330950269104e+02,1.065859429464993369e+01,-1.636461740882604911e-03,4.615956339977336143e+01,2.317907286445324289e-01,nan,1.196443583191898696e+01,1.000000000000000000e+00
2.691000000000000000e+03,9.598454907622907228e+01,4.376795990974699180e+01,-2.264026462291260106e-03,6.339630095159500911e+01,1.728065003907870434e-01,nan,1.100368193232032965e+01,1.000000000000000000e+00
2.692000000000000000e+03,1.337984287816386768e+02,3.529444393491019127e+01,-1.514216755948782174e-03,4.280197389474030700e+01,3.657861248000658927e-01,nan,1.105476322758148200e+01,1.000000000000000000e+00
2.693000000000000000e+03,7.672667681691955011e+01,4.469044874300542602e+01,-1.209718548852339046e-03,3.443860434627283240e+01,2.975502039677877519e-01,nan,8.281346663935691410e+00,1.000000000000000000e+00
2.696000000000000000e+03,1.406547298345053036e+02,9.815050961859656198e+00,-1.279872322128095073e-03,3.636545290383664764e+01,3.732677234498577024e-01,nan,2.638575999289535545e+01,1.000000000000000000e+00
2.698000000000000000e+03,7.278577832271413683e+01,1.794889930529718214e+01,-1.295039520145753074e-03,3.678203625007710542e+01,3.319687437949048192e-01,nan,5.684671288391024646e+00,1.000000000000000000e+00
2.699000000000000000e+03,5.116418424395859432e+01,1.701278371613005191e+01,-1.446273927763619275e-03,4.093585131326785387e+01,3.138800111622207512e-01,nan,1.463782447783662555e+01,1.000000000000000000e+00
2.700000000000000000e+03,6.419582354512557743e+01,2.367928824010910560e+01,-1.615070037791534142e-03,4.557201735171057777e+01,2.227420502702528449e-01,nan,1.032592273965050822e+01,1.000000000000000000e+00
2.703000000000000000e+03,2.178309758979808919e+01,2.419751072025263383e+01,-1.255080359188133661e-03,3.568451507541411161e+01,3.480623472996399181e-01,nan,1.439131101356000109e+01,1.000000000000000000e+00
2.704000000000000000e+03,2.435635069567094035e+01,4.569906217647517366e+01,-1.899699411003648352e-03,5.338966808673649211e+01,2.232826077839974444e-01,nan,2.165498433551661250e+01,1.000000000000000000e+00
2.704000000000000000e+03,8.682651237934659605e+01,1.847290111773622456e+01,-1.336785471466671316e-03,3.792863353673565285e+01,3.214604606862803138e-01,nan,6.755990440861877389e+00,1.000000000000000000e+00
2.705000000000000000e+03,1.362688205752501958e+01,1.003507654682445782e+01,-1.250212293518115740e-03,3.555080843532321211e+01,3.556182049663008105e-01,nan,1.634314515402646251e+01,1.000000000000000000e+00
2.705000000000000000e+03,1.056185655008831930e+02,1.156419808004946859e+01,-1.801202866635638264e-03,5.068435494991469170e+01,2.169132350081210969e-01,nan,1.379301629074383051e+01,1.000000000000000000e+00
2.706000000000000000e+03,9.786153791982195571e+01,2.886297678840360348e+01,-1.544716774705289517e-03,4.363968959273477566e+01,2.948155840776955916e-01,nan,8.123492860214931000e+00,1.000000000000000000e+00
2.706000000000000000e+03,7.124888583757928018e+01,4.738656850968376233e+01,-1.382153824351078832e-03,3.917472396398537171e+01,3.432057923200744209e-01,nan,2.558081922038457634e+01,1.000000000000000000e+00
2.706000000000000000e+03,1.395879443022387534e+02,5.195954288588509939e+01,-1.676592678684881051e-03,4.726180260954544110e+01,2.638214998205716810e-01,nan,2.979141080504721018e+01,1.000000000000000000e+00
2.708000000000000000e+03,5.324793914930154415e+01,2.499059270063611038e+01,-1.935230552740935077e-03,5.436556896858893140e+01,2.384091840129147766e-01,nan,1.029373805970174161e+01,1.000000000000000000e+00
2.708000000000000000e+03,1.332575771422162063e+02,1.296018761780259609e+01,-1.506644235070922055e-03,4.259398649435811279e+01,2.731887714534116940e-01,nan,1.127250078741148087e+01,1.000000000000000000e+00
2.708000000000000000e+03,9.919926033382904507e+01,5.135730616304449114e+01,-1.253638128909393638e-03,3.564490267536056223e+01,3.144818583488356856e-01,nan,2.253407098754614424e+01,1.000000000000000000e+00
2.709000000000000000e+03,1.191748894372786651e+02,2.238318061821838256e+01,-2.388559067141773212e-02,6.572557309336211802e+02,1.114244165312083812e-02,nan,1.091358195849852031e+01,1.000000000000000000e+00
2.709000000000000000e+03,4.412229821456324430e+01,2.975333568887102942e+01,-1.236795308444036757e-03,3.518229656305049957e+01,3.511681770014661863e-01,nan,1.029373805970174161e+01,1.000000000000000000e+00
2.709000000000000000e+03,8.978774485390715654e+01,2.976019570190747032e+01,-1.603407010933459269e-03,4.525167982132607847e+01,2.699785952616781115e-01,nan,8.123492860214931000e+00,1.000000000000000000e+00
2.710000000000000000e+03,1.300022383589083290e+02,2.375240904844809720e+01,-2.430188789909791536e-02,6.686897803826846030e+02,1.270485067252113964e-02,nan,1.091358195849852031e+01,1.000000000000000000e+00
2.710000000000000000e+03,4.168940241309020678e+01,4.792188101729074390e+01,-1.510692715927571027e-03,4.270518235930889261e+01,2.897839003480532361e-01,nan,1.833071251565707627e+01,1.000000000000000000e+00
2.711000000000000000e+03,1.034324067033586232e+02,1.524938703152396435e+01,-1.269726749756069396e-03,3.608679388696729973e+01,3.072570744479629079e-01,nan,1.470933054465775314e+01,1.000000000000000000e+00
2.712000000000000000e+03,7.272531264739275692e+00,5.298882666204969638e+01,-1.667611825074248339e-03,4.701513384153322050e+01,2.879808394585046116e-01,nan,1.694622478573088387e+01,1.000000000000000000e+00
2.716000000000000000e+03,3.434580683794025191e+01,3.720384092428087541e+01,-1.487725470927253428e-03,4.207436236440820210e+01,2.742380815531040295e-01,nan,1.601233677341880224e+01,1.000000000000000000e+00
2.717000000000000000e+03,6.834954766064952025e+01,8.645531525492119229e+00,-1.230356678378207282e-03,3.500545268886193639e+01,3.514794248794096410e-01,nan,1.676194164657855623e+01,1.000000000000000000e+00
2.718000000000000000e+03,1.184767101393350686e+02,3.043817321304560508e+01,-1.500719066196340044e-03,4.243124538199579376e+01,3.185928937005960693e-01,nan,1.424465437015235914e+01,1.000000000000000000e+00
2.720000000000000000e+03,9.410465184639235758e+01,4.647250246805241858e+01,-1.608869655415169804e-03,4.540171720561180280e+01,2.777820339420031814e-01,nan,2.013124273177288259e+01,1.000000000000000000e+00
2.721000000000000000e+03,1.042940730660259305e+02,2.911039922177377193e+01,-1.407808524618955025e-03,3.987935779760088195e+01,3.745310276503674984e-01,nan,1.424465437015235914e+01,1.000000000000000000e+00
2.722000000000000000e+03,1.144111964528205476e+02,1.280006887487419220e+01,-1.724204248872507035e-03,4.856950540378814907e+01,2.581959388386723120e-01,nan,1.810058358670951861e+01,1.000000000000000000e+00
2.725000000000000000e+03,3.950692528799537229e+01,1.900152310324775939e+01,-1.412297810233531601e-03,4.000266083758046420e+01,3.114008893190601812e-01,nan,9.631284766805261910e+00,1.000000000000000000e+00
2.725000000000000000e+03,6.869812717762479792e+01,5.033426417013617282e+01,-1.418235234499581107e-03,4.016573855740192300e+01,3.168677112975585297e-01,nan,1.677637231442091448e+01,1.000000000000000000e+00
2.726000000000000000e+03,4.663162922280464073e+01,3.879077445225213694e+01,-1.837653759633095648e-03,5.168551778570382993e+01,2.737382579229651336e-01,nan,1.252145406541381867e+01,1.000000000000000000e+00
2.727000000000000000e+03,1.425349024112875043e+02,1.210251177322911431e+01,-1.702121035595006125e-03,4.796296628745481172e+01,2.766915591757459492e-01,nan,2.813235544259252308e+01,1.000000000000000000e+00
2.727000000000000000e+03,8.547449948587545521e+01,5.033380916556740914e+01,-1.525599506926549227e-03,4.311461334773746046e+01,3.228286854497576241e-01,nan,1.677637231442091448e+01,1.000000000000000000e+00
2.733000000000000000e+03,8.655596187848014722e+01,2.865149474537300733e+01,-1.435908473629622477e-02,3.956000371256934045e+02,2.151107227826420942e-02,nan,2.151464314824994872e+01,1.000000000000000000e+00
2.733000000000000000e+03,4.547730646033802770e+01,1.228231494665964973e+01,-1.678165358222959451e-03,4.730499793829198296e+01,2.830327192757950971e-01,nan,1.770331253766211788e+01,1.000000000000000000e+00
2.735000000000000000e+03,3.337760291822807801e+01,2.520533506578028238e+01,-1.562177153271809621e-03,4.411925760004884722e+01,2.963305879623776562e-01,nan,1.644931637316884121e+01,1.000000000000000000e+00
2.735000000000000000e+03,1.175094559380958401e+02,6.721761011405249064e+00,-1.293941189830179628e-03,3.675186943102416137e+01,3.730989258879640058e-01,nan,1.953160919877267787e+01,1.000000000000000000e+00
2.736000000000000000e+03,9.838298176169303133e+01,1.067925307999843909e+01,-2.260551238889138906e-03,6.330085021691722602e+01,1.949247927835616734e-01,nan,1.953160919877267787e+01,1.000000000000000000e+00
2.737000000000000000e+03,4.586026501401178734e+01,3.806680832257045921e+01,-1.536481848766157749e-03,4.341350852753262046e+01,2.758422873563436406e-01,nan,9.324189679583399837e+00,1.000000000000000000e+00
2.738000000000000000e+03,1.392053543358078400e+02,1.015128084111785078e+01,-1.396257235940844910e-03,3.956208927606418513e+01,3.303166840870894738e-01,nan,1.447022988970877933e+01,1.000000000000000000e+00
2.738000000000000000e+03,1.138575510546826024e+02,3.590685464671430083e+01,-1.640999971024292197e-03,4.628421075363743142e+01,2.348205673896910373e-01,nan,2.718100665437660624e+01,1.000000000000000000e+00
2.741000000000000000e+03,8.387155976059170825e+01,3.933922152520950277e+01,-1.223446788074673223e-03,3.481566514725738415e+01,3.325391621756910165e-01,nan,2.208120452256212474e+01,1.000000000000000000e+00
2.742000000000000000e+03,1.247605328524719823e+02,1.100841873876339960e+01,-1.602664928271888131e-03,4.523129772583392594e+01,2.890920962593757082e-01,nan,1.447022988970877933e+01,1.000000000000000000e+00
2.743000000000000000e+03,1.575649799251615413e+01,5.197155330950275953e+01,-1.299544739800335491e-03,3.690577693553985483e+01,3.730146316478856194e-01,nan,9.441644332558229991e+00,1.000000000000000000e+00
2.745000000000000000e+03,2.481251427362375139e+01,4.930074503880209846e+01,-1.702536475335836600e-03,4.797437678510868864e+01,2.845934376948270339e-01,nan,9.441644332558229991e+00,1.000000000000000000e+00
2.745000000000000000e+03,1.055849810237785391e+02,4.335256554417971842e+01,-1.240357780739057480e-03,3.528014368206488882e+01,3.635644143382416038e-01,nan,2.208120452256212474e+01,1.000000000000000000e+00
2.746000000000000000e+03,5.332929302549478479e+01,2.661292273045117796e+01,-1.401639142096368622e-03,3.970990909570456751e+01,3.465902383287029487e-01,nan,4.616671340322131556e+00,1.000000000000000000e+00
2.747000000000000000e+03,1.400900997263338752e+02,6.668824695635321653e+00,-2.574755816078576863e-03,7.193081562102531734e+01,1.653359130704031843e-01,nan,1.593197090756057577e+01,1.000000000000000000e+00
2.747000000000000000e+03,1.271118854568471512e+01,8.842815513393398774e+00,-1.468941133994230291e-03,4.155843042184658032e+01,3.032612834101018340e-01,nan,3.792428119039497147e+01,1.000000000000000000e+00
2.748000000000000000e+03,4.087931317015428334e+01,3.423588265677914677e+01,-1.514315928453719307e-03,4.280469777385849994e+01,3.472568893807959078e-01,nan,6.767676970669918468e+00,1.000000000000000000e+00
2.749000000000000000e+03,5.589038726354186082e+01,8.567689252382999499e+00,-1.333863815435731761e-03,3.784838712309250752e+01,3.525524198000870024e-01,nan,1.822607074972964014e+01,1.000000000000000000e+00
2.749000000000000000e+03,4.637020340772505733e+01,3.819208992868565389e+01,-1.521756263890674263e-03,4.300905455946053735e+01,3.237450227591769369e-01,nan,6.767676970669918468e+00,1.000000000000000000e+00
2.750000000000000000e+03,1.021821517251349007e+02,1.599203942362002628e+01,-1.515198590438116954e-03,4.282894103109240547e+01,2.595289848393238508e-01,nan,2.757131909846782492e+01,1.000000000000000000e+00
2.752000000000000000e+03,6.585822160710431206e+01,4.983279850855209503e+01,-1.946626681453186977e-03,5.467857585539886855e+01,1.696582725890822818e-01,nan,1.748120940314138494e+01,1.000000000000000000e+00
2.755000000000000000e+03,4.259224898779790180e+01,3.296818368233967789e+01,-1.438620804349114487e-03,4.072565007784560009e+01,3.155044183601357632e-01,nan,5.974631167021469125e+00,1.000000000000000000e+00
2.759000000000000000e+03,3.791053470936167713e+01,3.668002540809128931e+01,-1.397235189448575460e-03,3.958894981709778449e+01,2.922198291626425526e-01,nan,5.974631167021469125e+00,1.000000000000000000e+00
2.759000000000000000e+03,4.232610863474927498e+01,4.942244188902432711e+01,-1.481387139273151196e-03,4.190027329357430830e+01,2.952629208449120135e-01,nan,1.348578773613602166e+01,1.000000000000000000e+00
2.760000000000000000e+03,2.977462590136882170e+01,2.474413045049407955e+01,-1.580011323805800838e-03,4.460909220429305577e+01,2.735523797489424203e-01,nan,1.444501992282358138e+01,1.000000000000000000e+00
2.761000000000000000e+03,1.179605156251594309e+02,3.282581936282162616e+01,-1.566647838203628256e-03,4.424204975234457748e+01,3.084212181623707805e-01,nan,1.244096141438835090e+01,1.000000000000000000e+00
2.762000000000000000e+03,4.967509534053949949e+01,2.153725048025820143e+01,-1.066585385946200101e-02,2.941614935450667758e+02,2.028818669556298193e-02,nan,1.917572734890829267e+01,1.000000000000000000e+00
2.762000000000000000e+03,1.388591366157706943e+02,3.840477567459983987e+01,1.197284784526169571e-03,-3.409709768542943209e+01,3.641029547661335242e-01,nan,1.525063312085709555e+01,1.000000000000000000e+00
2.763000000000000000e+03,5.852114881783510469e+01,4.716901795022871369e+01,-1.832841634987409860e-03,5.155334762579082764e+01,1.969211736237443944e-01,nan,1.635106253366128470e+01,1.000000000000000000e+00
2.763000000000000000e+03,9.044923677844428411e+00,9.963122641023085535e+00,-1.287840843569894225e-03,3.658431688404900228e+01,3.119869675047297619e-01,nan,3.206891554676720713e+00,1.000000000000000000e+00
2.766000000000000000e+03,1.220174635014949018e+02,2.106492250743696104e+01,-1.888760091199857090e-03,5.308920794609928606e+01,2.187557956365955292e-01,nan,1.244096141438835090e+01,1.000000000000000000e+00
2.768000000000000000e+03,3.107665323661710133e+01,6.655264147583825896e+00,-1.571575578710646213e-03,4.437739542577933349e+01,2.621112035167156851e-01,nan,1.954409852493947142e+01,1.000000000000000000e+00
2.768000000000000000e+03,4.670276897242725056e+01,2.269464888890060550e+01,-1.284518598386883131e-03,3.649306786008565950e+01,3.390343813845293486e-01,nan,2.239279696395515273e+01,1.000000000000000000e+00
2.768000000000000000e+03,1.204424122916896778e+01,1.109813262766348707e+01,-1.295839677810448846e-03,3.680401343776139811e+01,3.141530927578130017e-01,nan,3.206891554676720713e+00,1.000000000000000000e+00
2.768000000000000000e+03,1.354443119442552756e+02,1.144644174150386817e+01,-1.412806588389862832e-03,4.001663497483453824e+01,3.123814258480180905e-01,nan,1.651651995274675144e+01,1.000000000000000000e+00
2.768000000000000000e+03,9.585088585829855390e+01,2.326317057132013133e+01,-1.276339234720487003e-03,3.626841287224294774e+01,3.401225833688584776e-01,nan,4.828379142436718396e+00,1.000000000000000000e+00
2.768000000000000000e+03,2.658533199463798624e+01,4.245955221891679088e+01,-1.911980484148303886e-03,5.372698092066060127e+01,2.523238554151410185e-01,nan,6.268258273025389293e+00,1.000000000000000000e+00
2.768000000000000000e+03,2.050671092431073816e+01,4.398972464734597310e+01,-1.684713806423027106e-03,4.748485808521500218e+01,3.615959736099223498e-01,nan,6.268258273025389293e+00,1.000000000000000000e+00
2.768000000000000000e+03,3.200475400089005973e+01,5.242485551333655280e+01,-1.416941047095006834e-03,4.013019231352535598e+01,3.345055621116882483e-01,nan,1.134360633271547414e+01,1.000000000000000000e+00
2.773000000000000000e+03,1.001167669660805615e+02,2.100142268143795121e+01,-1.645674684321298160e-03,4.641260676361332571e+01,2.253887841116124502e-01,nan,4.828379142436718396e+00,1.000000000000000000e+00
2.774000000000000000e+03,5.426900341649000126e+01,1.542137918006924835e+01,-1.611639392516155426e-03,4.547779100305228184e+01,3.148044443926741875e-01,nan,1.128287647950374684e+01,1.000000000000000000e+00
2.777000000000000000e+03,7.246170876126720373e+01,5.320042706934969345e+01,1.425442613896853129e-03,-4.036369695574580874e+01,3.467037006265483168e-01,nan,4.193126503198335797e+01,1.000000000000000000e+00
2.777000000000000000e+03,1.982617946775732065e+01,1.254252828465623892e+01,-1.357590337244477885e-03,3.850006146915349348e+01,3.236106311260463775e-01,nan,1.244144055146002614e+01,1.000000000000000000e+00
2.778000000000000000e+03,4.308890512956412522e+01,1.390193719486021706e+01,-1.405347974094093731e-03,3.981177614078812610e+01,2.453182440528148822e-01,nan,1.128287647950374684e+01,1.000000000000000000e+00
2.779000000000000000e+03,7.111042523279944128e+00,2.297553070770146277e+01,-1.160619296026437972e-02,3.199889145859829114e+02,2.249759053636490869e-02,nan,1.644756052051734940e+01,1.000000000000000000e+00
2.781000000000000000e+03,1.423344332819645217e+02,4.941935416977801765e+01,-1.361531263301920657e-03,3.860830322629178823e+01,3.453409639577862400e-01,nan,4.598086099209631072e+00,1.000000000000000000e+00
2.782000000000000000e+03,1.422127863835519292e+02,3.896931133756388732e+01,-1.779412472528132472e-03,5.008585842586094827e+01,2.202633013094555947e-01,nan,9.537158086713283467e+00,1.000000000000000000e+00
2.784000000000000000e+03,2.018778368978363602e+01,5.301651586506330460e+01,-1.331238908110265583e-03,3.777629123063164229e+01,3.053190790692984491e-01,nan,3.104175927929605905e+01,1.000000000000000000e+00
2.787000000000000000e+03,8.548773875446795500e+01,4.005226441828927619e+01,-1.666229403663493230e-02,4.588601486050980043e+02,1.342836126386948159e-02,nan,3.245988079320247977e+01,1.000000000000000000e+00
2.787000000000000000e+03,8.766806172098738159e+01,7.665692310846609736e+00,-1.394989295038767630e-03,3.952726392050361426e+01,2.808273843426069005e-01,nan,1.798726799968677170e+01,1.000000000000000000e+00
2.787000000000000000e+03,1.445607612365619765e+01,1.442828136773251479e+01,-1.381299168249176205e-03,3.915124991832440315e+01,3.741583805531139006e-01,nan,1.322885940180385944e+01,1.000000000000000000e+00
2.789000000000000000e+03,5.265343306019914138e+01,8.995163411523485308e+00,-1.317223133863278063e-03,3.739133297208162077e+01,3.519104277405945558e-01,nan,9.501101548104019301e+00,1.000000000000000000e+00
2.790000000000000000e+03,6.108086331836324234e+01,4.607755307509824760e+00,-1.494829582529671021e-03,4.226948440210793478e+01,3.244469955182612830e-01,nan,9.501101548104019301e+00,1.000000000000000000e+00
2.791000000000000000e+03,5.065444130400923228e+01,3.608326843047357357e+01,-9.148726854378106278e-04,2.634034676017266818e+01,3.735162966795346762e-01,nan,1.605428003346293053e+01,1.000000000000000000e+00
2.792000000000000000e+03,1.056527698288929713e+02,7.362238251736064498e+00,-1.707985170572789589e-03,4.812403103843957552e+01,2.587534769837857018e-01,nan,1.054092065259967903e+01,1.000000000000000000e+00
2.793000000000000000e+03,1.279828794432459205e+02,2.520266458971667589e+01,-1.418645293563832593e-03,4.017700126900779622e+01,3.249157554494325195e-01,nan,8.826092037014779734e+00,1.000000000000000000e+00
2.794000000000000000e+03,1.320082314017861052e+02,9.568705778351754176e+00,-1.242391260005426285e-03,3.533599536912721817e+01,3.248959050505741963e-01,nan,1.614385723752468493e+01,1.000000000000000000e+00
2.795000000000000000e+03,9.633461421635320221e+01,1.229001505115545712e+01,-1.675357127369267408e-03,4.722786686868474249e+01,2.629517493669581985e-01,nan,1.054092065259967903e+01,1.000000000000000000e+00
2.795000000000000000e+03,7.576935066567939714e+01,3.053916756403118171e+01,-9.895627421175896398e-04,2.839178920236453862e+01,3.623699717534302200e-01,nan,2.571955922371522618e+01,1.000000000000000000e+00
2.796000000000000000e+03,1.805013096898284175e+01,1.944254066588467822e+01,-1.447611850081812791e-03,4.097259878341190387e+01,3.725160169448746839e-01,nan,5.260880565124489650e+00,1.000000000000000000e+00
2.797000000000000000e+03,1.155412804421903559e+02,2.696438291431168111e+01,-8.021280008232448133e-03,2.215254388800836125e+02,2.624046882431430028e-02,nan,1.256570878057742746e+01,1.000000000000000000e+00
2.800000000000000000e+03,1.397750377570123987e+02,4.621203602725545778e+01,-1.348313195734392959e-03,3.824525483649016167e+01,3.206646123924478120e-01,nan,1.566307915952248742e+01,1.000000000000000000e+00
2.800000000000000000e+03,3.564099140961869949e+01,4.498965997642783066e+01,-1.447495704061700465e-03,4.096940870851115335e+01,2.957132027955251541e-01,nan,9.590169626365694810e+00,1.000000000000000000e+00
2.801000000000000000e+03,6.504530718693301594e+01,5.096166110251712666e+01,-1.334824285163365223e-03,3.787476745337067996e+01,2.950938419076559738e-01,nan,3.000464270378881793e+01,1.000000000000000000e+00
2.802000000000000000e+03,2.816227711755703567e+01,3.898631207711533619e+01,-1.486489371143413004e-03,4.204041155927993145e+01,2.983029986686822621e-01,nan,9.590169626365694810e+00,1.000000000000000000e+00
2.806000000000000000e+03,1.328772598986052458e+02,2.215316408751964872e+01,-1.348583523645247809e-03,3.825267968223655402e+01,3.251532449543411696e-01,nan,4.243324959132562668e+01,1.000000000000000000e+00
2.807000000000000000e+03,7.198889157376412129e+01,5.336716631239495712e+01,-1.292327244465138253e-03,3.670754069212093640e+01,2.934464991052919691e-01,nan,9.298581163757141610e+00,1.000000000000000000e+00
2.808000000000000000e+03,8.584505982708365934e+01,5.411018621895024694e+00,-1.413193780359324556e-03,4.002726961717836218e+01,2.706524769966113242e-01,nan,1.015254923803581022e+01,1.000000000000000000e+00
2.809000000000000000e+03,6.352228277583297711e+01,4.489812551715200328e+01,-1.926568500443103654e-03,5.412765642025011203e+01,1.889723117802499797e-01,nan,8.319795485453315820e+00,1.000000000000000000e+00
2.809000000000000000e+03,5.951232837228891981e+01,1.372280118627124068e+01,-1.378920108727128054e-03,3.908590649922707172e+01,3.279980117474210477e-01,nan,8.525591519724574852e+00,1.000000000000000000e+00
2.809000000000000000e+03,2.592035510695826517e+01,4.310251396992183004e+01,-1.466353105575931995e-03,4.148734744808933783e+01,3.167708111689990780e-01,nan,1.634598972077387558e+01,1.000000000000000000e+00
2.810000000000000000e+03,2.798926439590114157e+01,7.145155031252476086e+00,-1.512565246642706912e-03,4.275661342194427306e+01,3.121316051197480235e-01,nan,1.546240291809017542e+01,1.000000000000000000e+00
2.811000000000000000e+03,9.123133693824759405e+01,1.401696278349013802e+01,-1.993845306642773839e-03,5.597548599420310467e+01,3.037606598264529500e-01,nan,1.015254923803581022e+01,1.000000000000000000e+00
2.811000000000000000e+03,7.180080995343854511e+01,4.407048749880379290e+01,-1.296848289070909972e-03,3.683171602682561030e+01,3.508084765858932030e-01,nan,8.319795485453315820e+00,1.000000000000000000e+00
2.811000000000000000e+03,4.235573974070857162e+01,4.801213149856589268e+01,-1.338168206486380768e-03,3.796661183574670417e+01,2.602329081618832696e-01,nan,1.715302341678821207e+01,1.000000000000000000e+00
2.812000000000000000e+03,1.022634316372904273e+01,4.767300290190971168e+01,-1.826083471660233312e-02,5.027657813255936503e+02,1.488776504673783307e-02,nan,1.634598972077387558e+01,1.000000000000000000e+00
2.813000000000000000e+03,7.019889756035030359e+01,2.860314776940945691e+01,-1.423762388640789330e-03,4.031754776861223633e+01,2.998217477681147658e-01,nan,1.224928944875235715e+01,1.000000000000000000e+00
2.815000000000000000e+03,7.279252689842479640e+01,1.663159069207005558e+01,-1.374376514091770092e-03,3.896111180379592298e+01,3.239685945870394157e-01,nan,1.224928944875235715e+01,1.000000000000000000e+00
2.815000000000000000e+03,5.482353020018192780e+01,1.008153905700981134e+01,-1.170257279066501529e-03,3.335475828616711880e+01,3.500719327429082650e-01,nan,1.575832395524300189e+01,1.000000000000000000e+00
2.815000000000000000e+03,1.123758431290749513e+02,3.296959415283613737e+01,-1.473431005999711017e-03,4.168174956768069706e+01,2.895101161340787321e-01,nan,2.206306758946605129e+01,1.000000000000000000e+00
2.817000000000000000e+03,1.339016922131335434e+02,3.790290811142858018e+01,-1.453622086978492668e-03,4.113767638015732331e+01,3.178289052083888011e-01,nan,1.524265580370146367e+01,1.000000000000000000e+00
2.819000000000000000e+03,4.593699768154915120e+01,2.317149242629517047e+01,-1.292545913343613609e-03,3.671354666718685422e+01,3.317922520698757261e-01,nan,1.184086271324430584e+01,1.000000000000000000e+00
2.819000000000000000e+03,3.379843911634501552e+01,5.243802411353636472e+01,-1.438189679212355503e-03,4.071380876398457360e+01,3.132077757705663545e-01,nan,2.939041676551917348e+01,1.000000000000000000e+00
2.820000000000000000e+03,7.494163790105528733e+01,4.717610701035768273e+01,-2.310678660094607484e-03,6.467765355527066617e+01,1.997737972929001238e-01,nan,7.860075587605665604e+00,1.000000000000000000e+00
2.822000000000000000e+03,7.006452247566022606e+01,4.101213642556024297e+01,-1.939380081929357059e-03,5.447954023425202763e+01,2.517288793706322636e-01,nan,7.860075587605665604e+00,1.000000000000000000e+00
2.824000000000000000e+03,7.343181509266848650e+01,2.981620788753075502e+01,-1.757929221537849569e-03,4.949579791664649520e+01,3.103627934952457590e-01,nan,1.169134189891055442e+01,1.000000000000000000e+00
2.826000000000000000e+03,8.249265299199470292e+01,4.709846708484859334e+01,-1.287242884802709472e-03,3.656789330575473684e+01,3.340722802967676097e-01,nan,1.354851551663118414e+01,1.000000000000000000e+00
2.827000000000000000e+03,4.241292210008801788e+01,4.266886502993587982e+01,-1.872733554349563989e-03,5.264902193798042163e+01,2.450216926203634404e-01,nan,5.707620768795938382e+00,1.000000000000000000e+00
2.828000000000000000e+03,6.959116082554795746e+00,3.304323370112864922e+01,-1.512911303453341044e-03,4.276611824307177301e+01,2.752234648834348540e-01,nan,1.058064520879626258e+01,1.000000000000000000e+00
2.828000000000000000e+03,7.001866777720307766e+01,4.181055960026115059e+01,-1.516557587500810995e-03,4.286626734167718666e+01,2.321703181439714880e-01,nan,1.099497186135871907e+01,1.000000000000000000e+00
2.830000000000000000e+03,1.319339364471327656e+02,3.692436336937149832e+01,-1.083425342237926857e-03,3.096982609483719173e+01,3.166579249121354023e-01,nan,1.170246404028831222e+01,1.000000000000000000e+00
2.831000000000000000e+03,1.069918883623954997e+01,4.294080455622073345e+01,-1.769856269561746742e-02,4.873223777564859915e+02,1.529988756618150259e-02,nan,1.058064520879626258e+01,1.000000000000000000e+00
2.832000000000000000e+03,3.204439229272260548e+01,2.327967971908412892e+01,-2.026707606156852130e-03,5.687808426454894573e+01,3.405239628511043115e-01,nan,7.183313010166290091e+00,1.000000000000000000e+00
2.834000000000000000e+03,1.128849882425259921e+02,2.153227937400183478e+01,-1.586743599002477878e-03,4.479400135666109861e+01,2.802996201895874284e-01,nan,1.294954358683401274e+01,1.000000000000000000e+00
2.834000000000000000e+03,1.974891620279033333e+01,2.795257085408790232e+01,-1.790600440172875844e-03,5.039314794589299851e+01,3.274548462539974558e-01,nan,7.504299314859085079e+00,1.000000000000000000e+00
2.838000000000000000e+03,1.200798837514857276e+01,5.125702547253099084e+01,-1.808442851274974939e-03,5.088320888617062110e+01,2.284246243186205394e-01,nan,2.455645676183418757e+01,1.000000000000000000e+00
2.838000000000000000e+03,1.060589137587985959e+02,1.052794448951564554e+01,-1.415661906152511449e-03,4.009505933685309742e+01,3.247047345564487708e-01,nan,1.294954358683401274e+01,1.000000000000000000e+00
2.839000000000000000e+03,1.257911851844949069e+02,2.732748283463676486e+01,-1.662921794773597993e-03,4.688631713363902520e+01,2.232284795439042346e-01,nan,1.414758999459069777e+01,1.000000000000000000e+00
2.840000000000000000e+03,5.842832090155872748e+01,2.680391221166413729e+01,-1.354499872021673297e-03,3.841517853016523532e+01,3.348937165227293677e-01,nan,2.417778358611850820e+01,1.000000000000000000e+00
2.840000000000000000e+03,2.812219095521195911e+01,1.257743024643905549e+01,-1.122497921768689667e-03,3.204299636057920253e+01,3.685715512516434256e-01,nan,1.576097240546779155e+01,1.000000000000000000e+00
2.840000000000000000e+03,1.007023619028803694e+02,2.623677144497362690e+01,-1.531776132412555631e-03,4.328426098538542988e+01,2.654327721090056214e-01,nan,1.659698442795149020e+01,1.000000000000000000e+00
2.842000000000000000e+03,1.058248134772334623e+02,4.405581993491473725e+01,-1.583768628876851790e-03,4.471229061427771256e+01,2.994263569950899040e-01,nan,1.854071193936373874e+01,1.000000000000000000e+00
2.844000000000000000e+03,1.275594191684317309e+02,1.328069586892299725e+01,-2.157618541911445267e-02,5.938254409941251879e+02,1.338736664307682567e-02,nan,1.085413151367011686e+01,1.000000000000000000e+00
2.844000000000000000e+03,1.135201606055131585e+01,4.636377864059998188e+01,-1.552048716942658769e-03,4.384106924295949881e+01,2.808823740147741166e-01,nan,1.981429284940304925e+01,1.000000000000000000e+00
2.845000000000000000e+03,1.210624607989142021e+02,2.197561983988461165e+01,-1.048741957221631035e-02,2.892606046413746412e+02,2.768582478911807421e-02,nan,1.085413151367011686e+01,1.000000000000000000e+00

# Refeyn DiscoverMP; 2024.2.0; Refeyn Ltd; www.refeyn.com; email: support@refeyn.com
# Time created: 2025-05-05 12:28:38
# Time changed: 2025-05-05 12:40:05
# Version commit: 7e7eb900161f3a98afcd7f42c06596f8b321b884
