frame_indices,x_coords,y_coords,contrasts,calibrated_values,fit_errors,diffblur_errors,neareast_neighbour_distances,selections
5.000000000000000000e+00,1.245158352524139467e+01,5.866997743716908964e+00,-2.523013866807556019e-03,6.769398965021260040e+01,1.752039352697889463e-01,nan,1.741925213933425454e+01,1.000000000000000000e+00
5.000000000000000000e+00,1.215480801358212517e+02,1.414041978893850704e+01,-9.668219281449483976e-03,2.650086293823277401e+02,1.795067750981771404e-02,nan,2.841693296311611761e+01,1.000000000000000000e+00
5.000000000000000000e+00,7.402904157681547304e+01,3.652905142768698710e+01,-1.449057899880094608e-03,3.803672685575074297e+01,3.489909453847307441e-01,nan,1.961326510856375549e+01,1.000000000000000000e+00
6.000000000000000000e+00,2.844809587992227051e+01,3.963948422272244443e+01,-1.879168541617213823e-03,4.991421971906284938e+01,2.847871813653392037e-01,nan,1.853692312494236205e+01,1.000000000000000000e+00
6.000000000000000000e+00,2.644014665478078641e+01,1.624728900478430305e+01,-1.593201367162813860e-03,4.201724451285619466e+01,3.103622791914997237e-01,nan,1.741925213933425454e+01,1.000000000000000000e+00
6.000000000000000000e+00,9.280143094621790567e+01,4.719252657555546904e+01,-1.241997640721046858e-03,3.231876382069454934e+01,3.258026171351773304e-01,nan,2.158963419944076279e+01,1.000000000000000000e+00
8.000000000000000000e+00,5.790660844076540315e+01,7.760906268933016605e+00,-1.843518903330437775e-02,5.071082441232551901e+02,1.636057396835799427e-02,nan,9.283396096456884905e+00,1.000000000000000000e+00
8.000000000000000000e+00,5.922723629278824831e+01,4.978751069464223633e+01,-1.829755714284328700e-03,4.854968592926388027e+01,2.350598077447342282e-01,nan,7.341904246617959373e+00,1.000000000000000000e+00
9.000000000000000000e+00,5.225212762971882796e+01,4.749591363039190384e+01,-1.878287085060222940e-03,4.988987832187561366e+01,2.716571973633675752e-01,nan,6.568420917166384321e+00,1.000000000000000000e+00
9.000000000000000000e+00,4.623247420566877963e+01,4.486762026788622393e+01,-1.477003574139091257e-03,3.880844583771107636e+01,3.682654913667008367e-01,nan,4.885383060897639851e+00,1.000000000000000000e+00
1.000000000000000000e+01,7.514263243583931740e+01,1.694742525370687503e+01,-2.037168629906515628e-03,5.427738756229388883e+01,1.385774875499756753e-01,nan,1.086001636588180119e+01,1.000000000000000000e+00
1.100000000000000000e+01,8.716754901821202850e+01,2.528697761331403271e+01,-1.529516530369692904e-03,4.025858959686411964e+01,3.249962259770430295e-01,nan,8.750686606386933519e+00,1.000000000000000000e+00
1.100000000000000000e+01,1.262457765820225433e+02,4.229447437933235676e+01,-1.868536285791234063e-03,4.962061028363026338e+01,3.122321149604182500e-01,nan,3.873116415915156097e+00,1.000000000000000000e+00
1.100000000000000000e+01,6.734282408172511225e+01,3.707626894663713557e+01,-1.398230251407248624e-03,3.663312282131686004e+01,2.988730935895896890e-01,nan,8.365229635504054073e+00,1.000000000000000000e+00
1.200000000000000000e+01,2.407885763797798617e+01,3.307274534927525877e+01,-1.973463237469405204e-03,5.251816500279083755e+01,2.854199942555050162e-01,nan,2.023320348337858476e+01,1.000000000000000000e+00
1.200000000000000000e+01,5.827260666989005955e+01,3.443750126251796928e+01,-1.215354851554809393e-03,3.158302397268091255e+01,3.638521749580512221e-01,nan,9.446265864811735469e+00,1.000000000000000000e+00
1.300000000000000000e+01,1.109115906609719531e+02,2.594492323594398897e+01,-1.869126234676531453e-02,5.141797012274853387e+02,1.223309413027506842e-02,nan,1.705818607828027211e+01,1.000000000000000000e+00
1.300000000000000000e+01,1.371177204443253856e+02,1.421391088329434282e+01,-2.519218969534849258e-03,6.758919367238806331e+01,1.725810261861419059e-01,nan,1.096945995306011312e+01,1.000000000000000000e+00
1.400000000000000000e+01,4.656691641148535155e+01,3.999369822679096842e+01,-2.015662096041267917e-03,5.368348525504713109e+01,2.778944664679475762e-01,nan,4.885383060897639851e+00,1.000000000000000000e+00
1.500000000000000000e+01,1.311603555159947803e+02,5.003109898988686410e+00,-1.828935236079950143e-03,4.852702844751069478e+01,2.393300645200879817e-01,nan,1.096945995306011312e+01,1.000000000000000000e+00
1.500000000000000000e+01,2.501656412515653827e+01,1.286128251889837060e+01,-2.294925068028644093e-03,6.139532410509512061e+01,1.448767370038863689e-01,nan,1.606110596059914997e+01,1.000000000000000000e+00
1.500000000000000000e+01,9.439709821305048365e+01,3.021730564729010027e+01,-1.385687075311087257e-03,3.628674337819562368e+01,3.041872071192729399e-01,nan,8.750686606386933519e+00,1.000000000000000000e+00
1.600000000000000000e+01,1.173200810846810924e+02,4.316928804208976089e+01,-1.497575254496224346e-03,3.937653219251819081e+01,2.528773977137298568e-01,nan,8.968463583903792724e+00,1.000000000000000000e+00
1.600000000000000000e+01,6.406277229903831483e+01,4.477161345858775121e+01,-1.204675710562303978e-03,3.128811980473821208e+01,3.210194696546768700e-01,nan,7.316123304493287627e+00,1.000000000000000000e+00
1.700000000000000000e+01,8.002185216616403807e+01,5.121154027999531166e+01,-1.464646739579699569e-03,3.846721221070864516e+01,2.988201200222103671e-01,nan,1.133403255126726172e+01,1.000000000000000000e+00
1.700000000000000000e+01,4.835268924903675014e+01,9.359232441477715270e+00,-1.745953720954425241e-03,4.623549632054545100e+01,3.223065715410879939e-01,nan,7.271371490068797350e+00,1.000000000000000000e+00
1.700000000000000000e+01,7.133104522725722063e+01,4.393622801014496559e+01,-1.519556830295364395e-03,3.998355276895446053e+01,2.741779994372252061e-01,nan,7.316123304493287627e+00,1.000000000000000000e+00
1.900000000000000000e+01,1.201756099439032681e+02,2.083132932189319675e+01,-1.380388392541171631e-03,3.614042040759799335e+01,2.978261641181654262e-01,nan,9.871033245707966586e+00,1.000000000000000000e+00
2.000000000000000000e+01,2.342930509510339476e+01,3.173430281502624695e+01,-1.089411694388021587e-02,2.988617576794214870e+02,2.566724527984620696e-02,nan,9.526647391313620261e+00,1.000000000000000000e+00
2.000000000000000000e+01,5.041852882762029964e+01,2.960892170959817449e+01,-1.301291677844540256e-03,3.395616693150085297e+01,2.684496133573933685e-01,nan,1.513797392948223930e+01,1.000000000000000000e+00
2.100000000000000000e+01,1.315066339037771854e+02,2.367028360598884618e+01,-2.033870013274852694e-03,5.418629635993920601e+01,2.197677625971453663e-01,nan,1.074179400418471886e+01,1.000000000000000000e+00
2.100000000000000000e+01,1.252569532753586685e+02,1.236863192178809179e+01,-1.592654622140806742e-03,4.200214616497362385e+01,2.434462137699063833e-01,nan,9.871033245707966586e+00,1.000000000000000000e+00
2.200000000000000000e+01,1.056213448387373717e+02,2.895274985271757373e+01,-1.910017251436905115e-03,5.076610594360717243e+01,2.514885256254607571e-01,nan,7.961598333104423553e+00,1.000000000000000000e+00
2.300000000000000000e+01,1.056051962860110365e+02,2.099116789672817518e+01,-2.333747372284105184e-03,6.246740090809921497e+01,1.560395829467857709e-01,nan,7.961598333104423553e+00,1.000000000000000000e+00
2.400000000000000000e+01,7.040301849888243169e+01,2.938557459282371553e+01,-1.524196036627765939e-03,4.011166431690869416e+01,3.286532429434646518e-01,nan,1.671345470983966663e+01,1.000000000000000000e+00
2.500000000000000000e+01,6.688603752952197112e+01,4.572480386470242308e+01,-1.124997466295472263e-03,2.908780740647173957e+01,3.507570960912671509e-01,nan,6.458116249992194469e+00,1.000000000000000000e+00
2.600000000000000000e+01,7.334269096777389052e+01,4.586225158830278303e+01,-1.534023224673713905e-03,4.038304182900827044e+01,2.826293793107366170e-01,nan,6.458116249992194469e+00,1.000000000000000000e+00
2.800000000000000000e+01,1.298415091518189968e+02,1.972579511096139626e+01,-2.351307492491519317e-03,6.295232311695249194e+01,2.034995691728211931e-01,nan,1.663331869838755495e+01,1.000000000000000000e+00
2.800000000000000000e+01,2.405438997248997879e+01,4.400495608863423058e+01,-2.239252430208555147e-03,5.985792583073664019e+01,2.518183468015611215e-01,nan,6.348316706364030004e+00,1.000000000000000000e+00
2.900000000000000000e+01,1.050064377276627425e+02,4.440034482149633277e+01,-1.383267197954553664e-03,3.621991853536858486e+01,3.262142714664958421e-01,nan,1.720650176373041518e+01,1.000000000000000000e+00
3.000000000000000000e+01,9.036446055940456290e+01,2.066374130005963750e+01,-1.354083533014479408e-03,3.541401247675290165e+01,3.152858861065599427e-01,nan,1.432092920886629450e+01,1.000000000000000000e+00
3.100000000000000000e+01,1.524809426403090384e+01,1.188260450324152373e+01,-1.535410999378329731e-03,4.042136518711767934e+01,2.784733476929408535e-01,nan,2.508945963342173258e+01,1.000000000000000000e+00
3.100000000000000000e+01,7.849929054572729115e+01,3.704574965596936664e+01,-2.026005234857198353e-03,5.396911073265516023e+01,1.911388885920538572e-01,nan,6.920372082825720028e+00,1.000000000000000000e+00
3.200000000000000000e+01,2.470640051991815866e+01,5.031970131313403272e+01,-1.420776040113325102e-03,3.725572412077003293e+01,3.040450685252591434e-01,nan,6.348316706364030004e+00,1.000000000000000000e+00
3.200000000000000000e+01,1.419147471961017857e+02,8.284457162617600900e+00,-1.374028825624794021e-03,3.596480115214790629e+01,3.220847689138878200e-01,nan,1.663331869838755495e+01,1.000000000000000000e+00
3.200000000000000000e+01,2.463839220467847113e+01,3.514853000133784633e+01,-1.782649634139595735e-03,4.724885289598209681e+01,3.121128636826343561e-01,nan,8.446284229659346110e+00,1.000000000000000000e+00
3.400000000000000000e+01,4.590603907699259167e+01,7.865729831806408612e+00,-1.264003095453098639e-03,3.292644381316873847e+01,3.310418066371721979e-01,nan,1.500179993295558667e+01,1.000000000000000000e+00
3.400000000000000000e+01,1.281000513889693195e+02,2.909424575507427946e+01,-1.294633481042902238e-03,3.377230102045390936e+01,3.136708186730010617e-01,nan,1.373231705639715727e+01,1.000000000000000000e+00
3.500000000000000000e+01,7.085107841118602323e+01,9.101200701925773018e+00,-1.259004865241037871e-03,3.278841783121866627e+01,3.554394257959426762e-01,nan,1.206276117484487820e+01,1.000000000000000000e+00
3.500000000000000000e+01,1.145750051250301027e+02,2.671734540046954720e+01,-1.276389661495675896e-03,3.326849847421470940e+01,3.658348245360016904e-01,nan,1.066209127851586125e+01,1.000000000000000000e+00
3.600000000000000000e+01,1.121216579059312011e+02,4.034009390677702811e+01,-1.353913465324305555e-03,3.540931606243457708e+01,3.024623796873020520e-01,nan,1.384189977725467458e+01,1.000000000000000000e+00
3.600000000000000000e+01,3.046243727034872251e+01,4.126573658287767188e+01,-1.488006128294969317e-03,3.911228105075498007e+01,3.143048895007317656e-01,nan,8.446284229659346110e+00,1.000000000000000000e+00
3.700000000000000000e+01,8.674186668189558702e+01,1.845307968649300179e+01,-1.963202322088183210e-02,5.401587854074847428e+02,1.379811174708100996e-02,nan,1.429939468094900690e+01,1.000000000000000000e+00
3.700000000000000000e+01,1.072460027236650575e+02,1.897357924747981528e+01,-1.882819823028470448e-03,5.001504974904999301e+01,3.081320026644014387e-01,nan,1.066209127851586125e+01,1.000000000000000000e+00
3.800000000000000000e+01,2.425635072178620533e+01,2.723579525075294683e+01,-1.436350751960701645e-02,3.946688775330688372e+02,1.948849759114401614e-02,nan,1.437951188985547013e+01,1.000000000000000000e+00
3.800000000000000000e+01,7.267569958766949867e+01,2.102516668324562232e+01,-1.641905473054272330e-03,4.336220698066083656e+01,3.456305978305201920e-01,nan,6.759102539382104702e+00,1.000000000000000000e+00
3.800000000000000000e+01,4.965280529499150930e+01,3.484582532452340331e+01,-1.545847289194221671e-03,4.070956302688068007e+01,3.130145946999454143e-01,nan,6.530141082222156612e+00,1.000000000000000000e+00
3.800000000000000000e+01,1.957309995849684725e+01,4.083129172858134837e+01,-1.909966434005157037e-03,5.076470262170729342e+01,2.448804147197707337e-01,nan,1.089800024879399487e+01,1.000000000000000000e+00
3.900000000000000000e+01,1.354126624170595221e+02,9.667176736182456764e+00,-1.278299645719266136e-03,3.332124263300396905e+01,3.687022629120431105e-01,nan,1.037618932798191018e+01,1.000000000000000000e+00
3.900000000000000000e+01,5.084197132501184768e+01,2.203225989641255467e+01,-1.233808090165949226e-03,3.209260962027985897e+01,3.185025001267912659e-01,nan,1.286862754249387208e+01,1.000000000000000000e+00
4.000000000000000000e+01,1.406804162915642280e+02,1.860675581395599210e+01,-1.484508338111756092e-03,3.901568967656650244e+01,3.108800067677235379e-01,nan,1.037618932798191018e+01,1.000000000000000000e+00
4.100000000000000000e+01,6.862721119425096106e+01,5.190607164527093431e+01,-2.076801194464520522e-03,5.537183967998915080e+01,2.527284782222037895e-01,nan,9.387050863489731611e+00,1.000000000000000000e+00
4.100000000000000000e+01,1.212496367941220541e+02,1.575717480668120096e+01,-1.908815305356128741e-03,5.073291423754091056e+01,3.160367680259975609e-01,nan,1.101815526526226030e+01,1.000000000000000000e+00
4.100000000000000000e+01,5.020418887115977213e+01,4.135264626148313027e+01,-1.627979575816125134e-03,4.297764373341524902e+01,3.476593195037220863e-01,nan,6.530141082222156612e+00,1.000000000000000000e+00
4.200000000000000000e+01,1.269757918020110168e+02,2.517051078682419174e+01,-1.801060482783610993e-03,4.775726794587166069e+01,2.373752209091466447e-01,nan,1.101815526526226030e+01,1.000000000000000000e+00
4.400000000000000000e+01,1.286288667946252673e+01,1.962589278801766568e+01,-1.227983790716098049e-03,3.193177176035153053e+01,3.540152631020612173e-01,nan,1.186617132601237401e+01,1.000000000000000000e+00
4.400000000000000000e+01,6.373134197847063120e+01,2.081373926180190637e+01,-1.547417556937663021e-03,4.075292592495008392e+01,2.655577181485723193e-01,nan,1.294684009244017986e+01,1.000000000000000000e+00
4.400000000000000000e+01,1.072854150591613802e+02,3.669306575584485586e+01,-1.715059369490591450e-03,4.538234970332545970e+01,2.777832785714577923e-01,nan,1.084611841487639161e+01,1.000000000000000000e+00
4.400000000000000000e+01,1.205090539139420684e+02,4.202334187301507029e+01,-1.255919780884146714e-03,3.270322331642196900e+01,2.805000415737423092e-01,nan,1.425750567409814096e+01,1.000000000000000000e+00
4.500000000000000000e+01,8.024694185227416199e+01,3.014695895764626599e+01,-1.489130955262030686e-03,3.914334311473873385e+01,3.721295221336630155e-01,nan,5.907122934432760708e+00,1.000000000000000000e+00
4.500000000000000000e+01,2.421146806929731810e+01,4.047795886806394350e+01,-1.279288564717082945e-03,3.334855160236944016e+01,3.545701654407996672e-01,nan,1.338970072571303049e+01,1.000000000000000000e+00
4.600000000000000000e+01,9.829704582672228241e+01,4.276328018458318070e+01,-5.436619094421534133e-03,1.481531132787905563e+02,3.853887882023288025e-02,nan,1.084611841487639161e+01,1.000000000000000000e+00
4.600000000000000000e+01,5.947625860440709999e+01,4.981399358454441284e+01,-1.632887793578553792e-02,4.489425244199380813e+02,1.840029197262804672e-02,nan,9.387050863489731611e+00,1.000000000000000000e+00
4.600000000000000000e+01,1.097442521241330553e+02,5.235745416096303018e+01,-1.528100001342183644e-03,4.021947218896422527e+01,2.701115518219406875e-01,nan,1.492229320023542272e+01,1.000000000000000000e+00
4.600000000000000000e+01,1.411627327374261256e+02,5.276724989705806479e+01,-1.333928036119752221e-03,3.485741901615689642e+01,3.553083967678393185e-01,nan,2.328102249843698957e+01,1.000000000000000000e+00
4.700000000000000000e+01,2.530886959589660989e+01,1.569589463530196127e+01,-2.105438683173675458e-03,5.616266309787161504e+01,1.779328342243586825e-01,nan,1.207227891630044248e+01,1.000000000000000000e+00
4.800000000000000000e+01,2.192650941349919336e+01,2.728466324242690888e+01,-1.433271158886607497e-03,3.760077646231754755e+01,3.317304899356343650e-01,nan,1.186617132601237401e+01,1.000000000000000000e+00
5.100000000000000000e+01,3.559189691128895561e+01,2.608377225717326553e+01,-1.651330305106098054e-03,4.362247344368384461e+01,2.376030018553362266e-01,nan,1.350304327900628465e+01,1.000000000000000000e+00
5.200000000000000000e+01,1.360124295257900258e+02,1.498215416879856576e+01,-1.431451576478151577e-02,3.933159716483158377e+02,2.270461744349683286e-02,nan,1.690962161149457543e+01,1.000000000000000000e+00
5.300000000000000000e+01,6.381545682180321677e+01,9.679210520031615417e+00,-2.508322650482545761e-03,6.728829213863990333e+01,2.038211349815990392e-01,nan,1.074627428549617036e+01,1.000000000000000000e+00
5.400000000000000000e+01,2.227639472924715491e+01,2.384109987031938616e+01,-2.140094547058711202e-03,5.711968377121271345e+01,2.007441256904194393e-01,nan,1.350304327900628465e+01,1.000000000000000000e+00
5.500000000000000000e+01,1.247807666261601582e+02,2.762276537051671710e+01,-4.496246040640423935e-03,1.221847387460749985e+02,1.105637196716168225e-01,nan,1.009256186250320120e+01,1.000000000000000000e+00
5.500000000000000000e+01,1.067312156045729381e+02,5.108995699893053910e+01,-1.960071645977551347e-02,5.392942501099810215e+02,1.027943082118065732e-02,nan,1.243154609929251464e+01,1.000000000000000000e+00
5.500000000000000000e+01,4.932690913472374206e+01,3.423336369578560578e+01,-1.763150090412131778e-03,4.671037356302396404e+01,2.167541107842710923e-01,nan,1.566673933141086650e+01,1.000000000000000000e+00
5.600000000000000000e+01,9.399319046297887326e+01,4.569565664041218156e+01,-1.942233295106061573e-03,5.165575105264036182e+01,2.649866869382024870e-01,nan,1.342164019668298103e+01,1.000000000000000000e+00
5.700000000000000000e+01,3.577592236459233277e+01,4.209577292159544726e+01,-1.516478923362306894e-03,3.989855645850819599e+01,2.791354315700385058e-01,nan,9.308661190465340241e+00,1.000000000000000000e+00
5.800000000000000000e+01,7.016854156413953092e+01,5.268932995314786893e+01,-8.472569095644373605e-03,2.319907842726088631e+02,3.790936569888792018e-02,nan,2.201112624796354211e+01,1.000000000000000000e+00
5.900000000000000000e+01,2.309819501231181960e+01,8.104662820585076588e+00,-2.263232853485867488e-03,6.052014452215317419e+01,2.202753965689533411e-01,nan,1.428796455851285785e+01,1.000000000000000000e+00
5.900000000000000000e+01,8.751646732584130461e+01,1.339871083411270014e+01,-1.447955024765788714e-03,3.800627099154243638e+01,2.965163275623763361e-01,nan,1.173908000156970566e+01,1.000000000000000000e+00
5.900000000000000000e+01,1.318896686638997835e+02,3.478679473717033943e+01,-1.466981242811891918e-03,3.853167944957480273e+01,3.042975638786922232e-01,nan,5.782786160179911761e+00,1.000000000000000000e+00
5.900000000000000000e+01,1.323258938657716612e+02,1.740275213716327229e+01,-1.271267311830514722e-03,3.312704493717684784e+01,3.325421668759895866e-01,nan,5.128603764050324365e+00,1.000000000000000000e+00
6.000000000000000000e+01,1.161640116780706649e+02,4.299269223515747740e+01,-5.348770103271962249e-03,1.457271659429746933e+02,4.435872655076023019e-02,nan,9.354156893386745608e+00,1.000000000000000000e+00
6.100000000000000000e+01,5.575285675613208269e+01,1.270696738468711651e+01,-1.677022613550906713e-03,4.433196579421661454e+01,2.408113379175577107e-01,nan,1.009584629136767830e+01,1.000000000000000000e+00
6.100000000000000000e+01,1.321905572966190903e+02,7.168387757475088051e+00,-1.524769509896500711e-03,4.012750076454734938e+01,2.601888617005115867e-01,nan,8.239805319425910213e+00,1.000000000000000000e+00
6.100000000000000000e+01,7.906868053087538328e+01,3.126918990394128883e+01,-1.693560543038719014e-03,4.478866023607491798e+01,3.130153406196439780e-01,nan,7.352009252065493605e+00,1.000000000000000000e+00
6.100000000000000000e+01,1.069302556342550048e+02,4.149669741250850308e+01,-1.551559810882733453e-03,4.086731414718028788e+01,3.532875478850263651e-01,nan,9.354156893386745608e+00,1.000000000000000000e+00
6.200000000000000000e+01,1.263821260033789713e+02,3.654963041213033392e+01,-1.873402941967686718e-03,4.975500285241339071e+01,3.571425142896060834e-01,nan,5.782786160179911761e+00,1.000000000000000000e+00
6.200000000000000000e+01,5.512297247734736061e+00,5.446290105892412470e+00,-1.487420181670685805e-03,3.909610015176559017e+01,3.233898070534374503e-01,nan,1.132451093582491275e+01,1.000000000000000000e+00
6.300000000000000000e+01,5.103864523458294400e+01,2.859133488222861175e+01,-1.518873031987210635e-03,3.996466969856066243e+01,2.858700895420329680e-01,nan,6.600751733269515142e+00,1.000000000000000000e+00
6.300000000000000000e+01,3.226886195205217689e+01,2.392356272405096718e+01,-1.633257373639113727e-03,4.312338996681085490e+01,3.358001775590125915e-01,nan,9.543769332915594816e+00,1.000000000000000000e+00
6.300000000000000000e+01,1.278569554102057992e+01,3.915042261147192448e+01,-1.501790173853343856e-03,3.949292706798890862e+01,2.902432155223028110e-01,nan,1.675594073724970556e+01,1.000000000000000000e+00
6.400000000000000000e+01,8.000787511872755431e+01,2.242240422155248325e+01,-1.951246430242004363e-03,5.190464851730402529e+01,1.906228151571578433e-01,nan,8.896499501712478164e+00,1.000000000000000000e+00
6.500000000000000000e+01,1.402563573549495004e+02,8.852804903278546078e+00,-1.472178170693865277e-03,3.867519246190109072e+01,3.389473396534566918e-01,nan,8.239805319425910213e+00,1.000000000000000000e+00
6.700000000000000000e+01,4.708261635178276094e+01,2.312610045639316425e+01,-1.759223295357597618e-03,4.660193523179005837e+01,2.106050117442409553e-01,nan,6.746773440014581347e+00,1.000000000000000000e+00
6.700000000000000000e+01,2.954160501753572277e+01,3.918278933905275352e+01,-1.391241877338751003e-03,3.644013907464763236e+01,3.241297636891629086e-01,nan,9.742885356447397172e+00,1.000000000000000000e+00
6.800000000000000000e+01,1.442210433395464690e+02,3.724004808533994293e+01,-1.184497665923488208e-02,3.251197210665230273e+02,1.436119097846327852e-01,nan,7.267171516655378305e+00,1.000000000000000000e+00
6.800000000000000000e+01,1.387328612232228977e+02,3.247647391140779405e+01,-9.706537112339172144e-03,2.660667751680068704e+02,1.872209296607849627e-01,nan,7.267171516655378305e+00,1.000000000000000000e+00
6.800000000000000000e+01,7.847671929313416683e+01,4.013760436014981536e+01,-2.416974080466006806e-03,6.476570403418573108e+01,1.975216797853226458e-01,nan,1.778124725976239162e+01,1.000000000000000000e+00
6.800000000000000000e+01,2.664663787568282771e+01,4.826540559045306544e+00,-1.346618840990510902e-03,3.520787522359538002e+01,3.517030288048763609e-01,nan,1.037436526245651969e+01,1.000000000000000000e+00
6.900000000000000000e+01,1.013489681327525602e+02,4.191121812166985983e+00,-1.740684853487176921e-03,4.608999669866391002e+01,3.121525346235101139e-01,nan,2.012774282467790954e+01,1.000000000000000000e+00
7.000000000000000000e+01,3.928446598401495748e+01,3.920458972282073518e+01,-1.094526039207143137e-03,2.824633983358204148e+01,3.538129205898266072e-01,nan,9.742885356447397172e+00,1.000000000000000000e+00
7.100000000000000000e+01,8.215064724480851055e+01,1.023682328510660078e+01,-1.829048108419263803e-03,4.853014541387835123e+01,3.520354582030545965e-01,nan,1.576809972022256545e+01,1.000000000000000000e+00
7.200000000000000000e+01,5.035933652118905535e+00,1.724037325728248149e+01,-1.892971844505975110e-02,5.207646594472274728e+02,1.510838184953400276e-02,nan,2.082756070736025578e+01,1.000000000000000000e+00
7.200000000000000000e+01,6.725251282610372527e+01,5.071694087391717787e+00,-1.318404150761871103e-03,3.442872737345673073e+01,3.573309619223533629e-01,nan,1.576809972022256545e+01,1.000000000000000000e+00
7.400000000000000000e+01,5.741866100596556066e+01,3.208458350992241748e+01,-3.468496712332451003e-03,9.380347093333240593e+01,1.131354764062566520e-01,nan,9.853449611730596303e+00,1.000000000000000000e+00
7.400000000000000000e+01,4.311325610745722514e+01,5.253558050254600431e+01,-2.251908646199814960e-03,6.020742686727366078e+01,1.778906288479603637e-01,nan,8.614817076319113198e+00,1.000000000000000000e+00
7.400000000000000000e+01,2.568801457698662816e+01,1.454244099506914978e+01,-1.593965546365949150e-03,4.203834729932730596e+01,2.899199916879849903e-01,nan,1.009973896023192985e+01,1.000000000000000000e+00
7.400000000000000000e+01,2.858905097685349617e+01,2.421656704714611408e+01,-1.667813468631569943e-03,4.407765552508479345e+01,3.007440099857096039e-01,nan,1.009973896023192985e+01,1.000000000000000000e+00
7.400000000000000000e+01,8.317892618780701852e+00,4.860442939629130876e+01,-1.393280626018148774e-03,3.649643906013935180e+01,3.630498890337715556e-01,nan,3.153530199870851192e+01,1.000000000000000000e+00
7.500000000000000000e+01,8.555656393619003097e+01,4.899946064573914128e+01,-1.685983395957921455e-03,4.457941753979342536e+01,2.985433652208296929e-01,nan,1.804435349586856319e+01,1.000000000000000000e+00
7.600000000000000000e+01,4.848343069889941148e+01,4.579938735538431160e+01,-1.808047902979797832e-03,4.795022535138476627e+01,2.862037693392601723e-01,nan,8.614817076319113198e+00,1.000000000000000000e+00
7.700000000000000000e+01,1.035412685897613727e+02,9.047269623328082488e+00,-1.184319320094410479e-03,3.072597867396150306e+01,3.696810637485397066e-01,nan,1.509161602957978410e+01,1.000000000000000000e+00
7.900000000000000000e+01,5.616556623863419873e+01,1.405498557374482083e+01,-1.535060477811606454e-03,4.041168554424631054e+01,3.206136128976863064e-01,nan,1.807309182835445682e+01,1.000000000000000000e+00
8.000000000000000000e+01,1.200552016447884682e+02,3.156914948762563355e+01,-5.364401904761814492e-03,1.461588376865208829e+02,1.151246621598139841e-01,nan,1.670151729234162374e+01,1.000000000000000000e+00
8.000000000000000000e+01,8.845423261103270818e+01,9.419048806199199930e+00,-1.486353327855828793e-03,3.906663901469401878e+01,3.127953796768057071e-01,nan,1.509161602957978410e+01,1.000000000000000000e+00
8.000000000000000000e+01,9.570292540433051443e+01,2.289321377819641867e+01,-1.534783477923913403e-03,4.040403620040323318e+01,2.982796792914542694e-01,nan,1.007930833000520110e+01,1.000000000000000000e+00
8.200000000000000000e+01,3.786887453278491478e+01,1.815153242473745010e+01,-2.313229085225515513e-02,6.368185742548600956e+02,1.383985334196746741e-02,nan,1.833740296806022840e+01,1.000000000000000000e+00
8.200000000000000000e+01,7.873166820425363710e+01,2.108162455915627831e+01,-1.513841058962807438e-03,3.982571190982904596e+01,3.083402926145683010e-01,nan,9.766004888478803991e+00,1.000000000000000000e+00
8.300000000000000000e+01,8.022035806002251945e+01,3.073349764136797546e+01,-1.831405923973062700e-03,4.859525642182771321e+01,2.380384488833457990e-01,nan,9.766004888478803991e+00,1.000000000000000000e+00
8.300000000000000000e+01,2.257971012422656898e+01,3.879008844528638633e+01,-1.787837576439873935e-03,4.739211777173117923e+01,2.721819927446329501e-01,nan,1.711573397546675324e+01,1.000000000000000000e+00
8.400000000000000000e+01,4.194184041273520336e+01,4.464607420148762174e+01,-1.387900221294758631e-03,3.634785934017312314e+01,2.964350962751198804e-01,nan,1.829415980998904345e+01,1.000000000000000000e+00
8.500000000000000000e+01,1.101798648650615462e+02,4.503831439690486604e+01,-1.196354686953069683e-03,3.105833497975697455e+01,3.461825367088902095e-01,nan,7.173371383404705703e+00,1.000000000000000000e+00
8.500000000000000000e+01,1.342373555592700995e+02,4.643499601697019585e+01,-1.417498110484663844e-03,3.716520418940162784e+01,3.676100482073978437e-01,nan,8.305469686939870755e+00,1.000000000000000000e+00
8.600000000000000000e+01,1.991514961332789113e+01,2.188303468649368710e+01,-1.660886599064778342e-03,4.388637022344153138e+01,2.492769675804921148e-01,nan,5.854510000120303204e+00,1.000000000000000000e+00
8.600000000000000000e+01,1.435201065224429442e+02,2.375241025100207892e+01,-1.583240838027444829e-03,4.174218479045001118e+01,2.809066381178034755e-01,nan,1.018612634379820925e+01,1.000000000000000000e+00
8.700000000000000000e+01,1.121745652719657329e+02,8.337619594323665950e+00,-2.014238484372720892e-02,5.542524067802833088e+02,1.274220876016673998e-02,nan,2.050843084008724659e+01,1.000000000000000000e+00
8.700000000000000000e+01,1.003121205982002806e+02,2.506717852110040567e+01,-1.280709859351752185e-03,3.338780061237246599e+01,3.303221250078195448e-01,nan,7.017402046885207412e+00,1.000000000000000000e+00
8.700000000000000000e+01,9.424374407536700460e+01,2.859120148708042564e+01,-1.208363989327313273e-03,3.138997151557330056e+01,3.295176356303289866e-01,nan,7.017402046885207412e+00,1.000000000000000000e+00
8.700000000000000000e+01,1.173021771708610146e+02,4.418395825166624036e+01,-1.993356553026362065e-03,5.306751833336893753e+01,2.218069091500028955e-01,nan,7.173371383404705703e+00,1.000000000000000000e+00
8.800000000000000000e+01,1.265304385310468263e+02,4.333915095612506008e+01,-1.266302005109052470e-03,3.298992813646218991e+01,3.476321493216032454e-01,nan,8.305469686939870755e+00,1.000000000000000000e+00
8.900000000000000000e+01,1.432211108218959623e+02,3.393414740449775735e+01,-2.002548397652854049e-03,5.332135085541697350e+01,2.584786463017592073e-01,nan,1.018612634379820925e+01,1.000000000000000000e+00
8.900000000000000000e+01,2.371071616918426272e+01,4.616343769440137379e+01,-1.311275525291867930e-03,3.423187058841364916e+01,3.108539390405932190e-01,nan,1.829415980998904345e+01,1.000000000000000000e+00
9.000000000000000000e+01,1.696310917458431788e+01,2.693879818862976805e+01,-1.858139904376258748e-03,4.933351451319798286e+01,1.743392089721564897e-01,nan,5.854510000120303204e+00,1.000000000000000000e+00
9.000000000000000000e+01,6.515526307631921554e+01,4.223585437335363935e+01,-1.258211975953795825e-03,3.276652221660987863e+01,3.471016747991954032e-01,nan,1.634125888058067844e+01,1.000000000000000000e+00
9.100000000000000000e+01,4.965028650673489530e+00,1.649408138104377031e+01,-1.008976096650782486e-02,2.766494907561533978e+02,2.375336515446568875e-02,nan,1.344591601754116539e+01,1.000000000000000000e+00
9.100000000000000000e+01,7.228850993739464492e+00,3.517449795290951187e+01,-1.578383559349177912e-03,4.160805118100657296e+01,3.290222352231599867e-01,nan,5.381679704736074044e+00,1.000000000000000000e+00
9.200000000000000000e+01,7.466648285046342437e+01,1.845198164297645604e+01,-1.869741730704587400e-03,4.965389860985637682e+01,3.084308864824620855e-01,nan,1.239151061888886574e+01,1.000000000000000000e+00
9.300000000000000000e+01,1.178890193974552290e+02,8.544738645487946371e+00,-1.584717806282535772e-03,4.178297122586190682e+01,2.624530821640955747e-01,nan,1.419039207709891137e+01,1.000000000000000000e+00
9.300000000000000000e+01,9.879778474183832770e+01,4.793013801083462511e+01,-1.441463133160768685e-03,3.782699759366369108e+01,3.173391503472413611e-01,nan,1.220500007979462431e+01,1.000000000000000000e+00
9.400000000000000000e+01,4.443992347977980728e+01,9.867791635991075339e+00,-1.409750701909454756e-02,3.873232814471079450e+02,1.314501805466228301e-02,nan,1.436238567403682964e+01,1.000000000000000000e+00
9.400000000000000000e+01,9.555356795452456709e+01,1.290758072522392474e+01,-1.510837225766089101e-03,3.974276114345761357e+01,3.562728789782710903e-01,nan,8.453106803873168928e+00,1.000000000000000000e+00
9.600000000000000000e+01,1.033193852537752377e+02,9.568853975047163729e+00,-1.715246655267979765e-03,4.538752159462148938e+01,2.793098239905528191e-01,nan,8.453106803873168928e+00,1.000000000000000000e+00
9.700000000000000000e+01,1.238508100906913540e+02,2.142201627050771151e+01,-1.239511448149619409e-03,3.225010768513676140e+01,3.077353165502274557e-01,nan,1.348506581567636609e+01,1.000000000000000000e+00
9.700000000000000000e+01,8.751606098784864685e+01,4.327345076704727944e+01,-2.002696701139402603e-03,5.332544625188512555e+01,3.011643943429167525e-01,nan,8.130334961786132908e+00,1.000000000000000000e+00
9.700000000000000000e+01,6.245153548206984340e+01,4.510084771882567622e+01,-1.260018327125237174e-03,3.281640455167784864e+01,3.602907524124779881e-01,nan,1.298781237063348293e+01,1.000000000000000000e+00
9.800000000000000000e+01,2.079708508414361390e+01,3.906507872310123020e+01,-2.105763686119186285e-03,5.617163804476032851e+01,2.382977978950822084e-01,nan,9.810317526584835690e+00,1.000000000000000000e+00
9.900000000000000000e+01,6.827335421602418819e+01,2.233676860602349734e+01,-2.439600201843570605e-03,6.539052371802581831e+01,2.701734176707465407e-01,nan,7.963397751706740024e+00,1.000000000000000000e+00
9.900000000000000000e+01,1.113454786457976837e+02,1.637586075303929789e+01,-1.944199905310570187e-03,5.171005893624591465e+01,2.415187045180301473e-01,nan,1.052394965842659502e+01,1.000000000000000000e+00
9.900000000000000000e+01,2.221266692393801989e+01,2.935742926366657812e+01,-1.727588200425361374e-03,4.572833300523205935e+01,2.993820207033743852e-01,nan,4.187696332099507757e+00,1.000000000000000000e+00
9.900000000000000000e+01,1.134465792082068880e+01,4.677515946986204654e+01,-1.916210582419015582e-03,5.093713459856685688e+01,3.074355470004684898e-01,nan,1.219810331156024041e+01,1.000000000000000000e+00
1.000000000000000000e+02,1.193333297444374494e+02,6.690088645998884864e+00,-1.936020234156585933e-03,5.148417755520566885e+01,2.662093720885102544e-01,nan,1.255467827081055177e+01,1.000000000000000000e+00
1.000000000000000000e+02,4.371297948991258409e+01,1.419505648217449689e+01,-1.874434052014796893e-03,4.978347692637812116e+01,2.252655186473924154e-01,nan,7.147439438631638886e+00,1.000000000000000000e+00
1.000000000000000000e+02,2.260617136511475422e+01,5.305345155755152575e+01,-2.093465982744256281e-03,5.583203732369717898e+01,2.414986857522278818e-01,nan,1.289335629672740779e+01,1.000000000000000000e+00
1.010000000000000000e+02,6.085831840450993013e+01,2.524072240487241459e+01,-2.147092492944673980e-03,5.731293184334288071e+01,2.232873934625110302e-01,nan,7.963397751706740024e+00,1.000000000000000000e+00
1.020000000000000000e+02,8.167151797308815731e+01,2.197851486622133521e+01,-2.203396667422664271e-03,5.886776998414327977e+01,2.327908216073388825e-01,nan,8.501364973201418707e+00,1.000000000000000000e+00
1.020000000000000000e+02,1.404302258269314052e+02,3.527532117792566879e+01,-1.907211831693079226e-03,5.068863435896720659e+01,1.995675596569933541e-01,nan,7.523722960801173087e+00,1.000000000000000000e+00
1.020000000000000000e+02,8.097945762788403101e+01,4.810823753642410594e+01,-2.049189886129857904e-02,5.639042262111281616e+02,1.192044616002418955e-02,nan,8.130334961786132908e+00,1.000000000000000000e+00
1.020000000000000000e+02,5.645500689041089259e+01,3.358021774368122436e+01,-2.010779715044379475e-03,5.354865844580496770e+01,2.496184585570893066e-01,nan,9.430606279355057353e+00,1.000000000000000000e+00
1.030000000000000000e+02,1.033888119252602422e+02,2.383678572497874981e+01,-1.549808860058046875e-03,4.081896169107682226e+01,3.523534870176765477e-01,nan,1.090751789999070986e+01,1.000000000000000000e+00
1.040000000000000000e+02,8.934862291280386160e+01,2.563026323545061302e+01,-1.645201366883809789e-03,4.345322299291400725e+01,2.999177241929612547e-01,nan,8.501364973201418707e+00,1.000000000000000000e+00
1.050000000000000000e+02,2.333832560693018365e+01,1.164314562489829719e+01,-1.412744124545976029e-03,3.703392300595776021e+01,2.504261328201466963e-01,nan,1.366379732901230959e+01,1.000000000000000000e+00
1.060000000000000000e+02,1.900768902410180416e+01,4.336557792423040780e+01,-1.711847383021561364e-03,4.529365079039254738e+01,3.013254450094906556e-01,nan,1.015310751836367942e+01,1.000000000000000000e+00
1.060000000000000000e+02,1.369345261313134188e+02,2.861300245026462363e+01,-1.357806171408402042e-03,3.551681302774120752e+01,3.593655737970526953e-01,nan,7.523722960801173087e+00,1.000000000000000000e+00
1.070000000000000000e+02,1.211599088390910453e+02,6.203359172068581451e+00,-1.435778136066629285e-03,3.767000656423721949e+01,3.250152071311672719e-01,nan,2.503496789527887856e+01,1.000000000000000000e+00
1.070000000000000000e+02,4.437034746083624981e+01,4.264198555248357536e+01,-1.849905331821385251e-03,4.910611703156879315e+01,2.643397126405194753e-01,nan,8.179804842877040016e+00,1.000000000000000000e+00
1.080000000000000000e+02,8.850043850595530159e+01,1.509792676632728003e+01,-1.426479362971511166e-03,3.741322121563771219e+01,3.047385861430889076e-01,nan,1.056643403835212602e+01,1.000000000000000000e+00
1.090000000000000000e+02,5.056297558616078192e+01,2.272518683193766975e+01,-1.625662799321018386e-03,4.291366601787818524e+01,3.148895963486310068e-01,nan,1.209879026736408214e+01,1.000000000000000000e+00
1.100000000000000000e+02,7.199657560987915872e+01,1.993558062188809288e+01,-5.966639685364111961e-03,1.627896164838811615e+02,5.545971562928619925e-02,nan,1.504539901432954885e+01,1.000000000000000000e+00
1.110000000000000000e+02,2.903731366929946489e+01,4.178690070709677684e+01,-1.373168015698255327e-03,3.594102991106017697e+01,3.268603104102675294e-01,nan,1.015310751836367942e+01,1.000000000000000000e+00
1.120000000000000000e+02,6.154313921753504246e+01,9.114781247922962848e+00,-1.222665411224069937e-03,3.178490486534557391e+01,3.737212972692919299e-01,nan,1.504539901432954885e+01,1.000000000000000000e+00
1.120000000000000000e+02,1.740645135351175554e+01,2.705732485795586584e+01,-1.653029676169741162e-03,4.366940152618610682e+01,3.308613976313644622e-01,nan,7.489706170421121634e+00,1.000000000000000000e+00
1.120000000000000000e+02,4.037012384267989518e+01,2.924335369610143331e+01,-1.474279716275632771e-03,3.873322658202552304e+01,3.430429802763949043e-01,nan,1.209879026736408214e+01,1.000000000000000000e+00
1.120000000000000000e+02,5.175380078588883492e+01,5.244460437519898477e+01,-2.163364716039008553e-03,5.776228881087243394e+01,2.561914827907563197e-01,nan,1.227219290863228451e+01,1.000000000000000000e+00
1.130000000000000000e+02,6.305412049365622806e+01,4.647754459702218099e+01,-2.187644822134271992e-03,5.843278323459146151e+01,1.708915829434580758e-01,nan,1.277900731254550770e+01,1.000000000000000000e+00
1.130000000000000000e+02,2.235743088829460135e+01,5.010720263978782896e+01,-1.373541560396596573e-03,3.595134533704163715e+01,3.538542965281251673e-01,nan,8.052936787403345065e+00,1.000000000000000000e+00
1.140000000000000000e+02,1.182443759477171312e+02,3.169326804506243178e+01,-6.186118912735088030e-03,1.688505289649476708e+02,4.207698064935994076e-02,nan,1.707427628897669791e+01,1.000000000000000000e+00
1.140000000000000000e+02,8.749316959688160011e+01,3.695990065468865993e+01,-2.044459316524997392e-03,5.447871966123923215e+01,2.057530400230992429e-01,nan,1.250356019590307532e+01,1.000000000000000000e+00
1.160000000000000000e+02,9.931297146960879729e+01,4.103804989938856096e+01,-2.022601502574180362e-03,5.387511676464522026e+01,2.220972484605110431e-01,nan,1.250356019590307532e+01,1.000000000000000000e+00
1.160000000000000000e+02,1.777142112449378786e+01,1.957651637320546811e+01,-1.104218964554709234e-03,2.851400968517036461e+01,3.748708978803350078e-01,nan,7.489706170421121634e+00,1.000000000000000000e+00
1.170000000000000000e+02,9.958301463921193886e+01,9.083524278703354327e+00,-1.642938173628689935e-02,4.517179339479828855e+02,1.966694178215266930e-02,nan,1.672005375240907910e+01,1.000000000000000000e+00
1.170000000000000000e+02,8.662180703468256127e+01,5.153006157864131609e+01,-1.938113274289742600e-03,5.154197679761406192e+01,2.285752949411425927e-01,nan,1.459619341008740534e+01,1.000000000000000000e+00
1.180000000000000000e+02,7.072408195696685596e+01,1.027915245449031900e+01,-2.060157943680536452e-03,5.491223679359996623e+01,2.632457821564050393e-01,nan,7.583648589575689769e+00,1.000000000000000000e+00
1.180000000000000000e+02,5.128190847260912477e+01,3.761136316964226722e+01,-1.304830338426408087e-03,3.405388694055961452e+01,3.190938283007931364e-01,nan,8.023966687009487231e+00,1.000000000000000000e+00
1.190000000000000000e+02,8.707710959839754139e+01,2.195335050599445381e+01,-1.156794061749382352e-03,2.996586946523908424e+01,3.436708130242011050e-01,nan,1.358847766153040304e+01,1.000000000000000000e+00
1.200000000000000000e+02,3.508138511786113156e+01,3.151407486477465270e+01,-1.499191215924193001e-03,3.942115692035697805e+01,2.639919307624158940e-01,nan,1.241250058329356598e+01,1.000000000000000000e+00
1.210000000000000000e+02,6.314554899841790103e+01,1.000064908582024614e+01,-2.185233714938544965e-03,5.836620057950005247e+01,1.566231793638876990e-01,nan,7.583648589575689769e+00,1.000000000000000000e+00
1.210000000000000000e+02,1.833239243833550702e+01,6.788260735307177995e+00,-1.824611764117820521e-03,4.840763589500949848e+01,2.906123098384427728e-01,nan,1.280055354565538828e+01,1.000000000000000000e+00
1.210000000000000000e+02,2.122334723748385343e+01,4.961619128304299409e+01,-2.954756687298254990e-03,7.961655508233862122e+01,1.851601302078509370e-01,nan,8.230982469266932000e+00,1.000000000000000000e+00
1.220000000000000000e+02,2.137071996582234945e+01,4.138652824690830556e+01,-7.285175406631672415e-03,1.992009420817011289e+02,3.465900030887458794e-02,nan,5.521575109870358489e+00,1.000000000000000000e+00
1.240000000000000000e+02,1.049181747566316005e+02,2.011505936890634061e+01,-2.740031762935926218e-03,7.368693254059370190e+01,1.530744552029880134e-01,nan,7.441217001826086808e+00,1.000000000000000000e+00
1.240000000000000000e+02,3.750229805523879634e+01,9.725523071746732029e+00,-1.321422844577658726e-03,3.451208851539158928e+01,3.378554045139230411e-01,nan,9.008680681700029780e+00,1.000000000000000000e+00
1.240000000000000000e+02,8.357534834106353117e+01,4.095845743582579246e+01,-1.405466201837670456e-03,3.683294338202073703e+01,3.492511737821668572e-01,nan,8.727176250138843017e+00,1.000000000000000000e+00
1.240000000000000000e+02,5.292180362159187723e+01,5.040851901429191173e+01,-1.327816797559364581e-03,3.468865734103572152e+01,3.505466908461375430e-01,nan,1.506710780642260517e+01,1.000000000000000000e+00
1.250000000000000000e+02,1.030327115839630210e+02,2.969550325592205553e+01,-1.847716090196504677e-03,4.904566118776412509e+01,3.412797685525504887e-01,nan,4.873142741288766899e+00,1.000000000000000000e+00
1.250000000000000000e+02,7.625302305822708604e+01,4.570684218785691399e+01,-1.350213302545585871e-03,3.530713617490647493e+01,3.246612480163799663e-01,nan,8.727176250138843017e+00,1.000000000000000000e+00
1.260000000000000000e+02,3.787618965893614842e+01,4.960400789746381633e+01,-2.591552345790966612e-03,6.958667775413836409e+01,1.530751718495556579e-01,nan,1.506710780642260517e+01,1.000000000000000000e+00
1.270000000000000000e+02,9.432404638555277643e+01,4.610152580820307122e+01,-1.441961964895664304e-03,3.784077281751606137e+01,3.376513029293324308e-01,nan,9.307709283576608428e+00,1.000000000000000000e+00
1.280000000000000000e+02,8.519432605617105025e+01,1.067238770754480726e+01,-1.286048078667429047e-03,3.353521538353150788e+01,2.864820645130652377e-01,nan,8.460920521859454979e+00,1.000000000000000000e+00
1.280000000000000000e+02,3.362153281827544049e+01,1.873857332979696011e+01,-1.808781966509465751e-03,4.797049649440888430e+01,2.835057677809471599e-01,nan,9.813022662694839582e+00,1.000000000000000000e+00
1.290000000000000000e+02,1.594686323959055407e+01,2.463121606546683751e+01,-1.514246365962652234e-03,3.983690445084283027e+01,3.698156020544127731e-01,nan,6.584175233981121700e+00,1.000000000000000000e+00
1.290000000000000000e+02,1.409458634924951639e+02,6.822511414026340759e+00,-1.584764984608586945e-03,4.178427405396379157e+01,3.090104027084221716e-01,nan,2.104174907574624598e+01,1.000000000000000000e+00
1.300000000000000000e+02,5.010073413519859287e+01,2.940666664637958760e+01,-1.803112845293780011e-03,4.781394387690421865e+01,2.416327198930688924e-01,nan,1.332070238928493389e+01,1.000000000000000000e+00
1.300000000000000000e+02,1.037496953668891706e+02,8.959771934928458137e+00,-1.608571672491325259e-03,4.244169504751165078e+01,2.293156595941915343e-01,nan,1.488636723847058185e+01,1.000000000000000000e+00
1.310000000000000000e+02,7.678035110663357443e+01,9.782330616242056465e+00,-1.216200710604354836e-03,3.160638234573526972e+01,3.712168638867208159e-01,nan,8.460920521859454979e+00,1.000000000000000000e+00
1.310000000000000000e+02,4.451491025787184697e+01,1.077790635653049378e+01,-1.661156745327972304e-03,4.389383030464337310e+01,3.156635952101957132e-01,nan,6.998078933195133189e+00,1.000000000000000000e+00
1.310000000000000000e+02,8.398743844670528347e+01,2.102410375533279208e+01,-1.495433986334404131e-03,3.931740113450079122e+01,3.246442328822801704e-01,nan,1.042183298829497140e+01,1.000000000000000000e+00
1.320000000000000000e+02,1.144846810798679115e+01,1.622269686090210428e+01,-1.455798730848293027e-03,3.822287470690412903e+01,2.868986793336325558e-01,nan,9.536181309810041640e+00,1.000000000000000000e+00
1.320000000000000000e+02,1.450409582092306415e+01,3.132746009978746571e+01,-1.612723007483589420e-03,4.255633404259602059e+01,2.400033163534954772e-01,nan,6.849909633823139110e+00,1.000000000000000000e+00
1.330000000000000000e+02,9.961822786353539527e+01,2.326134198256105989e+01,-1.802733222091260253e-03,4.780346059320664409e+01,2.176146770025585431e-01,nan,1.488636723847058185e+01,1.000000000000000000e+00
1.340000000000000000e+02,4.902413499646740291e+01,1.612954171519118773e+01,-1.376629324134264658e-03,3.603661384286056801e+01,3.370082814155904716e-01,nan,6.998078933195133189e+00,1.000000000000000000e+00
1.340000000000000000e+02,1.437431688110352468e+02,4.363181345461132565e+01,-1.375466927588798842e-03,3.600451429606174969e+01,2.800493266488300881e-01,nan,1.829679061063579582e+01,1.000000000000000000e+00
1.350000000000000000e+02,6.850940694005336695e+01,3.690853681630353833e+01,-1.325663035250226060e-03,3.462918125750347542e+01,3.348963925053790591e-01,nan,8.160375328796321881e+00,1.000000000000000000e+00
1.360000000000000000e+02,1.328489106736582244e+02,1.714179565012772244e+01,-1.482391581234486500e-02,4.073830391476652153e+02,1.242744961531716541e-02,nan,1.180857300681630484e+01,1.000000000000000000e+00
1.360000000000000000e+02,3.728486618260397734e+01,4.397980666716597398e+01,-1.574973096921032959e-03,4.151387136023467406e+01,2.931312527242335708e-01,nan,1.551569897605962645e+01,1.000000000000000000e+00
1.360000000000000000e+02,1.285741297869556661e+02,2.814945865496181554e+01,-1.821978411323024825e-03,4.833491593416303544e+01,2.816282671510886848e-01,nan,9.485972727622206335e+00,1.000000000000000000e+00
1.360000000000000000e+02,1.091226081634767695e+02,4.797735547537511991e+01,-1.111561640128932993e-03,2.871677745761660461e+01,3.533111808918776298e-01,nan,1.664063073090401801e+01,1.000000000000000000e+00
1.370000000000000000e+02,6.299765162548114716e+01,4.292620072010479504e+01,1.751953711519720200e-03,-4.640118588551740686e+01,2.901276046090174310e-01,nan,8.160375328796321881e+00,1.000000000000000000e+00
1.380000000000000000e+02,1.254996828473582013e+02,4.502743752382510678e+01,2.608029408253749373e-03,-7.004169135487057929e+01,2.631197512395181404e-01,nan,1.567314253532874169e+01,1.000000000000000000e+00
1.380000000000000000e+02,6.909676294001995700e+01,1.196444472188685992e+01,-1.315387136506691694e-03,3.434541261253922073e+01,3.266939529967612943e-01,nan,1.188220036772428223e+01,1.000000000000000000e+00
1.390000000000000000e+02,5.593370536638338564e+01,2.593499642002520389e+01,-2.035551601948109007e-03,5.423273338224807105e+01,2.511395574701781319e-01,nan,7.327207359025214473e+00,1.000000000000000000e+00
1.390000000000000000e+02,2.469700906033937926e+01,3.490882172697617136e+01,-2.197551192222156440e-03,5.870634735647638536e+01,1.438284163811680560e-01,nan,1.165461350715270150e+01,1.000000000000000000e+00
1.410000000000000000e+02,1.194067123389385472e+02,3.058710832687604864e+01,-4.002196067708885772e-03,1.085415631112800412e+02,7.707628391436138759e-02,nan,8.874935366809880932e+00,1.000000000000000000e+00
1.410000000000000000e+02,3.607038271795792639e+01,1.295034852920260704e+01,-1.682180619454334098e-03,4.447440397723726591e+01,2.865048333390560753e-01,nan,6.354386691237309037e+00,1.000000000000000000e+00
1.410000000000000000e+02,3.521885134656439931e+01,2.580460107169887607e+01,-2.116452623434834576e-03,5.646681273788173172e+01,3.256775991159789330e-01,nan,1.181543309566459499e+01,1.000000000000000000e+00
1.420000000000000000e+02,4.168909527139609850e+01,1.591822646867554525e+01,-1.584705020267338643e-03,4.178261814042407707e+01,3.444646344066767396e-01,nan,6.354386691237309037e+00,1.000000000000000000e+00
1.420000000000000000e+02,9.009483349483905101e+01,4.693247954902888353e+01,-1.280262292084228875e-03,3.337544105529573102e+01,3.539836814298673584e-01,nan,9.114275483577308989e+00,1.000000000000000000e+00
1.430000000000000000e+02,1.444645497853777982e+01,2.573956526947414858e+01,-1.268927960266486542e-03,3.306244381176804126e+01,3.726690042724917218e-01,nan,7.199437716216555039e+00,1.000000000000000000e+00
1.430000000000000000e+02,1.023539328055554023e+02,4.770925174566873750e+01,-1.463909689194982117e-03,3.844685858576919202e+01,3.308650054140026553e-01,nan,6.205431063528123126e+00,1.000000000000000000e+00
1.430000000000000000e+02,1.322835021053922766e+01,3.283520648108149942e+01,-1.180863395083648834e-03,3.063054340529276942e+01,3.638233693599166596e-01,nan,7.199437716216555039e+00,1.000000000000000000e+00
1.440000000000000000e+02,6.359556558021788675e+01,5.193921554363829785e+01,-1.283467371590009138e-03,3.346394923263936505e+01,3.475594896050866467e-01,nan,2.696810348041901406e+01,1.000000000000000000e+00
1.450000000000000000e+02,2.314306368303581252e+01,1.507580241196976267e+01,-1.211619483426629824e-03,3.147987189045130663e+01,3.666062057222304604e-01,nan,1.310088285721346324e+01,1.000000000000000000e+00
1.450000000000000000e+02,9.831586259837000341e+01,4.299741943901334906e+01,-1.326118292203116566e-03,3.464175316501799529e+01,3.534318297305359957e-01,nan,6.205431063528123126e+00,1.000000000000000000e+00
1.450000000000000000e+02,1.269230429521570898e+02,3.530613914663624797e+01,-2.003898964034179792e-03,5.335864670676080124e+01,2.130789487916555647e-01,nan,8.874935366809880932e+00,1.000000000000000000e+00
1.450000000000000000e+02,1.332654700298627688e+02,4.869445594999329785e+01,-1.125171898877495554e-03,2.909262435715155348e+01,3.547598771482564084e-01,nan,5.661526398935840199e+00,1.000000000000000000e+00
1.480000000000000000e+02,6.356354653171332814e+01,5.991521666685038383e+00,-1.463912702763553670e-03,3.844694180537765504e+01,2.707252633034989975e-01,nan,1.408086330737604008e+01,1.000000000000000000e+00
1.490000000000000000e+02,5.321130487037243562e+00,3.447647527500667053e+01,-2.120024937882013585e-02,5.834653051525973524e+02,1.179251547996884586e-02,nan,1.718214906172642031e+01,1.000000000000000000e+00
1.490000000000000000e+02,3.915178292715667396e+01,9.185595535344873497e+00,-1.789645360303028596e-03,4.744203967053915250e+01,2.219934203394248184e-01,nan,1.677209710600527259e+01,1.000000000000000000e+00
1.490000000000000000e+02,1.080852607774699123e+02,3.237075458044758847e+01,-2.237665244084874501e-03,5.981409573208893704e+01,2.212803199571297119e-01,nan,1.149008123426542838e+01,1.000000000000000000e+00
1.500000000000000000e+02,5.613246738057016927e+01,3.266329873324583133e+01,-1.915714022427059127e-03,5.092342210882968345e+01,2.393945637309506935e-01,nan,8.156647194713855242e+00,1.000000000000000000e+00
1.500000000000000000e+02,1.282210757021917971e+02,5.126485806499560738e+01,-1.464121843695424590e-03,3.845271722612914544e+01,3.023215149624014497e-01,nan,5.661526398935840199e+00,1.000000000000000000e+00
1.500000000000000000e+02,8.940413380692716316e+01,3.157564383314444001e+01,-2.168179832791106154e-03,5.789525811995083870e+01,2.440531977671787089e-01,nan,7.516926855504603822e+00,1.000000000000000000e+00
1.510000000000000000e+02,1.029717905040700856e+02,4.687579122907860807e+01,-4.995443512169028127e-03,1.359700624049309852e+02,8.392551355702027038e-02,nan,1.537997615131677343e+01,1.000000000000000000e+00
1.520000000000000000e+02,1.037508868291237860e+02,1.700588968600326822e+01,-1.368320288083361329e-03,3.580716005395402135e+01,3.722528496780490581e-01,nan,4.203063191311778191e+00,1.000000000000000000e+00
1.520000000000000000e+02,8.553818816151709825e+01,2.007188937551995167e+01,-1.879901122186417679e-03,4.993444991017688039e+01,2.431657482465681142e-01,nan,5.928019131962888544e+00,1.000000000000000000e+00
1.530000000000000000e+02,3.479084197803401679e+01,2.538082431951262308e+01,-1.838921226201296064e-03,4.880279127430419095e+01,2.965097246970880285e-01,nan,1.536788350446389906e+01,1.000000000000000000e+00
1.530000000000000000e+02,4.266100435997928741e+01,4.904150927019433936e+01,-1.580894832775497439e-03,4.167739992364280965e+01,2.594362390486283365e-01,nan,8.584644817747376422e+00,1.000000000000000000e+00
1.540000000000000000e+02,9.679803325076905196e+01,3.022122869539643730e+01,-1.674834777664859203e-03,4.427154876984894116e+01,3.129382243525459240e-01,nan,7.516926855504603822e+00,1.000000000000000000e+00
1.550000000000000000e+02,1.741478469792723516e+01,3.284885717912190017e+01,-1.719168326485789227e-03,4.549581843125325520e+01,2.679749344507661446e-01,nan,1.040648688345945239e+01,1.000000000000000000e+00
1.550000000000000000e+02,8.080654579784055613e+01,2.364301964074124385e+01,-1.253543845930508559e-03,3.263761194177298108e+01,3.688605572208685235e-01,nan,5.928019131962888544e+00,1.000000000000000000e+00
1.550000000000000000e+02,4.841180387573692201e+01,3.529431536264394254e+01,-1.494456829200518271e-03,3.929041696866571698e+01,3.217155422992818981e-01,nan,7.558186035962759064e+00,1.000000000000000000e+00
1.560000000000000000e+02,2.667750154608057045e+01,3.843247365750830369e+01,-1.712560596806327788e-03,4.531334616831755824e+01,3.049968722545769451e-01,nan,6.042016275914231294e+00,1.000000000000000000e+00
1.570000000000000000e+02,1.073077881044722375e+02,1.476665019287518632e+01,-1.681474903039239816e-03,4.445491563895772202e+01,2.537336166620087763e-01,nan,4.203063191311778191e+00,1.000000000000000000e+00
1.570000000000000000e+02,7.802344381335877266e+00,5.121245488862179940e+01,-1.529394115799153145e-03,4.025520912205865898e+01,2.888531698247299717e-01,nan,1.522537308814803403e+01,1.000000000000000000e+00
1.580000000000000000e+02,1.213704772271076280e+02,2.056009720639179505e+01,-2.145694381633276703e-03,5.727432304013780140e+01,1.704525561762693098e-01,nan,7.731361032201155226e+00,1.000000000000000000e+00
1.580000000000000000e+02,7.493752730201006962e+00,3.599020942791028688e+01,-1.777580573222320697e-03,4.710887092616739125e+01,3.048281158140428992e-01,nan,1.040648688345945239e+01,1.000000000000000000e+00
1.580000000000000000e+02,4.860751037565993471e+01,4.284996722863871810e+01,-1.354933507021581843e-03,3.543748448424052810e+01,3.707140181466591633e-01,nan,7.558186035962759064e+00,1.000000000000000000e+00
1.590000000000000000e+02,6.157483539330942079e+01,1.049580874539880249e+01,-1.804578509168730874e-03,4.785441814218729206e+01,2.133934429153391266e-01,nan,8.270970932574076784e+00,1.000000000000000000e+00
1.600000000000000000e+02,9.591722217641539316e+00,1.391129094212915795e+01,-1.805620429413307831e-03,4.788319073944069260e+01,2.468043509222065390e-01,nan,7.090847213147610795e+00,1.000000000000000000e+00
1.620000000000000000e+02,1.310365698671518544e+02,3.430617323193823864e+01,-2.190382632130109374e-03,5.850838777800692014e+01,2.456901583745869644e-01,nan,1.263015211535171467e+01,1.000000000000000000e+00
1.620000000000000000e+02,3.570858193041808448e+01,3.664934506654773116e+01,-1.939784930443579775e-03,5.158813953368802174e+01,2.966291239885894271e-01,nan,1.239959261785345568e+01,1.000000000000000000e+00
1.630000000000000000e+02,5.927426541101814905e+01,2.693297038354179307e+01,-1.518024457989976001e-03,3.994123635230482705e+01,3.698417440444334847e-01,nan,1.039202476089825566e+01,1.000000000000000000e+00
1.630000000000000000e+02,7.628198913742501475e+01,3.511494677343295479e+01,-1.897304942617859249e-03,5.041505590526210057e+01,1.770356377715345264e-01,nan,1.094093989106631781e+01,1.000000000000000000e+00
1.630000000000000000e+02,6.852551220185799430e+00,7.370873795883777113e+00,-1.368750456682223246e-03,3.581903914730165184e+01,3.248596688613314409e-01,nan,7.090847213147610795e+00,1.000000000000000000e+00
1.630000000000000000e+02,1.030840467228439934e+02,1.093623770407058338e+01,-1.613339549615407965e-03,4.257335983563622506e+01,3.216731417520541925e-01,nan,1.751072063147067936e+01,1.000000000000000000e+00
1.640000000000000000e+02,1.205831353713764855e+02,1.157438620106340110e+01,-6.163754205426954548e-03,1.682329282230325873e+02,3.925983003838684482e-02,nan,1.751072063147067936e+01,1.000000000000000000e+00
1.640000000000000000e+02,9.848131147240620464e+01,5.285050291365409691e+01,-1.911558622023342563e-02,5.258973926533366239e+02,1.012362017221679622e-02,nan,1.386232562682247327e+01,1.000000000000000000e+00
1.640000000000000000e+02,6.482483535412767139e+01,1.810149480401091537e+01,-2.030955817530320871e-03,5.410582092920311226e+01,2.407824250094796614e-01,nan,7.811212785309572304e+00,1.000000000000000000e+00
1.640000000000000000e+02,5.385031060783151702e+01,1.806872236557032352e+01,-1.574094612967055209e-03,4.148961205139320185e+01,2.505554902182742794e-01,nan,1.039202476089825566e+01,1.000000000000000000e+00
1.640000000000000000e+02,3.743209120286881131e+01,4.892857195086346422e+01,-1.799707257083985826e-03,4.771989865753032944e+01,2.373792406859394077e-01,nan,1.239959261785345568e+01,1.000000000000000000e+00
1.640000000000000000e+02,7.584264185478355103e+01,5.276004470401215229e+01,-1.674414205847519306e-03,4.425993469134395752e+01,2.949346424848975357e-01,nan,1.422432076247442723e+01,1.000000000000000000e+00
1.650000000000000000e+02,6.434336828317934476e+01,1.030513445850506038e+01,-2.941124429884759556e-03,7.924010069031129433e+01,1.474033737807761701e-01,nan,7.811212785309572304e+00,1.000000000000000000e+00
1.650000000000000000e+02,1.932954506790323634e+01,5.041031893994017565e+01,-2.995969856867904124e-03,8.075465556146409085e+01,1.169966053565629771e-01,nan,1.125892682915833554e+01,1.000000000000000000e+00
1.650000000000000000e+02,1.367619773670612631e+02,2.304826705819063193e+01,-1.487861715356903316e-03,3.910829309167003487e+01,3.147238034045161115e-01,nan,1.263015211535171467e+01,1.000000000000000000e+00
1.670000000000000000e+02,7.718026711759198122e+01,2.421094464713669225e+01,-2.236044788857966762e-03,5.976934690812313278e+01,1.517180040708162592e-01,nan,1.094093989106631781e+01,1.000000000000000000e+00
1.680000000000000000e+02,1.130142063214269115e+02,4.591594848075180124e+01,-1.602526107734259658e-02,4.405581537036669602e+02,1.135880524838384087e-02,nan,1.610257985155103810e+01,1.000000000000000000e+00
1.680000000000000000e+02,8.976400912522326792e+01,3.874147688478478813e+01,-1.409246268697349549e-02,3.871839823622818244e+02,1.411900275303257235e-02,nan,1.396125293804009537e+01,1.000000000000000000e+00
1.690000000000000000e+02,1.028304925519047686e+02,2.375431403625308135e+01,-1.496432691526598151e-03,3.934498034933939437e+01,3.279750761435423767e-01,nan,1.988336086752316234e+01,1.000000000000000000e+00
1.690000000000000000e+02,2.564679349532237040e+01,4.109067272076362087e+01,-1.459241026251752301e-03,3.831793359436358060e+01,2.760208567842510341e-01,nan,1.125892682915833554e+01,1.000000000000000000e+00
1.700000000000000000e+02,4.237464138770010891e+01,1.960241131973405260e+01,-2.192832846871946729e-03,5.857605038684685894e+01,2.552636741522162911e-01,nan,8.206967506689716529e+00,1.000000000000000000e+00
1.710000000000000000e+02,6.109329202128051151e+01,1.929023072486835844e+01,-1.500038515285483966e-03,3.944455506757829966e+01,3.358691025075505321e-01,nan,1.062511125764176079e+01,1.000000000000000000e+00
1.720000000000000000e+02,1.327292646718660407e+01,1.765805086874891217e+01,-2.404659871857266467e-03,6.442564752157089458e+01,1.781379175016583050e-01,nan,3.185254880608807238e+00,1.000000000000000000e+00
1.720000000000000000e+02,5.053477326392129498e+01,2.047794739468455205e+01,-1.879118409920087825e-03,4.991283533370462067e+01,2.513784509075283058e-01,nan,8.206967506689716529e+00,1.000000000000000000e+00
1.740000000000000000e+02,8.025829403962332265e+01,2.007152839523697097e+01,-2.099535037908108540e-02,5.778070252335717214e+02,1.468589639823547621e-02,nan,9.220531900047651774e+00,1.000000000000000000e+00
1.740000000000000000e+02,1.220362871384103443e+02,3.265322777172086433e+01,-5.505039215632177678e-03,1.500425329362633704e+02,7.426239062188921825e-02,nan,7.526548176772566379e+00,1.000000000000000000e+00
1.740000000000000000e+02,7.028901506188041992e+01,2.582674595853909238e+01,-2.156110323086631812e-03,5.756195896046110505e+01,2.888929947668458231e-01,nan,6.759077208531026670e+00,1.000000000000000000e+00
1.750000000000000000e+02,6.738276344856538458e+01,4.682221760289410639e+01,-1.739251237128017994e-03,4.605040742459743086e+01,2.625912574829708523e-01,nan,1.323852788811973902e+01,1.000000000000000000e+00
1.750000000000000000e+02,7.262150694976570264e+01,3.466433180094829680e+01,-1.558915875005233544e-03,4.107045164399782067e+01,2.646994687010444380e-01,nan,9.140210168754450137e+00,1.000000000000000000e+00
1.760000000000000000e+02,5.696811893932699888e+01,7.015868096270247989e+00,-1.160783641094850598e-02,3.185711000064865743e+02,2.018029771248719406e-02,nan,1.294901659951054995e+01,1.000000000000000000e+00
1.760000000000000000e+02,1.001044713964110286e+02,2.386561581767531592e+01,-1.463172845010494733e-03,3.842651065504310282e+01,3.034728843755126748e-01,nan,1.398159226661832832e+01,1.000000000000000000e+00
1.760000000000000000e+02,1.349814983811452578e+02,1.812807966803003623e+01,-2.006042339084618004e-03,5.341783594644611100e+01,3.225591986717216697e-01,nan,1.945657784794601852e+01,1.000000000000000000e+00
1.760000000000000000e+02,9.614321312373989770e+01,4.955919572349208835e+01,-1.268477878801342303e-03,3.305001482519712397e+01,3.650818017631025647e-01,nan,1.561570628408322214e+01,1.000000000000000000e+00
1.770000000000000000e+02,2.701758567055716398e+01,2.818439951203917815e+01,-1.507039869220786442e-03,3.963789725289186805e+01,3.664934642840030898e-01,nan,9.275712732940736061e+00,1.000000000000000000e+00
1.770000000000000000e+02,1.105991928043561074e+02,4.365369538699497554e+01,-1.638043809787537207e-03,4.325556726185286749e+01,3.360724385007470838e-01,nan,6.380194973408785053e+00,1.000000000000000000e+00
1.790000000000000000e+02,4.650895151829985963e+01,3.569832654003047168e+01,-6.981965952666358693e-03,1.908278218282317766e+02,3.931686281108770498e-02,nan,1.404145737855711928e+01,1.000000000000000000e+00
1.790000000000000000e+02,1.069156002367881086e+02,1.159157134591795035e+01,-1.510275387752298528e-03,3.972724600304587739e+01,2.791117009075209099e-01,nan,1.403722350662316565e+01,1.000000000000000000e+00
1.800000000000000000e+02,1.140859051229397210e+02,2.379903308231957837e+01,-1.941776478140709843e-03,5.164313606542709323e+01,2.538805465659689231e-01,nan,1.398159226661832832e+01,1.000000000000000000e+00
1.800000000000000000e+02,1.443553077057130274e+01,1.672410415459478372e+01,-1.551479259882674547e-03,4.086508973365620534e+01,3.322986255462219152e-01,nan,3.450289343633177186e+00,1.000000000000000000e+00
1.820000000000000000e+02,5.997621069052755161e+01,3.172397681939877501e+01,-2.712095655678504851e-03,7.291547775110363716e+01,1.392378436108177020e-01,nan,9.575918015827936003e+00,1.000000000000000000e+00
1.820000000000000000e+02,3.448823523384853473e+01,2.054613491666508196e+01,-2.141059963883928247e-03,5.714634372876532353e+01,3.032807093545694110e-01,nan,1.068427306495163265e+01,1.000000000000000000e+00
1.830000000000000000e+02,5.946532314385726892e+01,4.364297158266791854e+01,-1.202068023336795100e-03,3.121610859784121672e+01,3.271719551195894082e-01,nan,1.192993890395839607e+01,1.000000000000000000e+00
1.840000000000000000e+02,1.227551566269112158e+02,5.182287246603132047e+01,-1.916999945639877561e-03,5.095893284095510012e+01,2.424546067082512524e-01,nan,2.546825010056497263e+01,1.000000000000000000e+00
1.850000000000000000e+02,9.880898355908301767e+01,1.930642345272269012e+01,-1.714406121714342947e-03,4.536431028498177653e+01,2.318284301550596060e-01,nan,7.263761471856057916e+00,1.000000000000000000e+00
1.850000000000000000e+02,6.944148265234044004e+01,3.027248361074196481e+01,-1.300795882376192935e-03,3.394247555406091266e+01,3.320839686832078863e-01,nan,9.575918015827936003e+00,1.000000000000000000e+00
1.860000000000000000e+02,1.421565413549704999e+02,3.532384116662602480e+01,-2.339551561482037557e-03,6.262768342400564592e+01,2.000457739922123501e-01,nan,1.806326588615005946e+01,1.000000000000000000e+00
1.860000000000000000e+02,6.884333879606548123e+01,1.848799026494873843e+01,-2.209373392749932122e-03,5.903281708024370289e+01,1.516303785745271027e-01,nan,1.179966353290823022e+01,1.000000000000000000e+00
1.880000000000000000e+02,9.377792894763970821e+00,5.311742727321386859e+00,-2.212789618020587559e-03,5.912715604174393036e+01,2.610248255137697093e-01,nan,9.603955348398557135e+00,1.000000000000000000e+00
1.890000000000000000e+02,3.342325413178521387e+01,3.043344682154213743e+01,-1.641431610362753882e-02,4.513018969402256744e+02,1.662085916359945514e-02,nan,1.389153812601388616e+01,1.000000000000000000e+00
1.890000000000000000e+02,4.747849621402346543e+01,3.725366789250464450e+01,-1.101135115007630637e-02,3.020991768741810688e+02,1.367845383446175678e-02,nan,9.849085043021606367e+00,1.000000000000000000e+00
1.890000000000000000e+02,1.046053869691545231e+02,1.492875989464380204e+01,-1.643379080571139754e-03,4.340290060938443162e+01,3.217501506208273465e-01,nan,6.447789630660672344e+00,1.000000000000000000e+00
1.890000000000000000e+02,4.898900603156171485e+01,5.066984825256210456e+01,-1.272735624572206119e-03,3.316759235083793556e+01,2.795408396015530705e-01,nan,1.350094572104009849e+01,1.000000000000000000e+00
1.900000000000000000e+02,1.251151470314524516e+02,2.020066463546725188e+01,-1.923667197079192374e-03,5.114304879555817251e+01,3.009521481315240443e-01,nan,6.399653378090314426e+00,1.000000000000000000e+00
1.910000000000000000e+02,1.264135480271236531e+02,2.646722016575203540e+01,-1.983338074316074850e-03,5.279085833513664738e+01,3.428682341166315872e-01,nan,6.399653378090314426e+00,1.000000000000000000e+00
1.910000000000000000e+02,7.705510761051199253e+00,1.476898496802233574e+01,-3.269127587276492858e-02,9.007896676067076669e+02,1.078869964581719021e-02,nan,9.603955348398557135e+00,1.000000000000000000e+00
1.920000000000000000e+02,9.049791754964093116e+01,3.599755220471399042e+01,-2.641974696371125406e-02,7.276015791685973682e+02,9.466589121510660121e-03,nan,1.589305682641287554e+01,1.000000000000000000e+00
1.920000000000000000e+02,2.247971352600112382e+01,9.974396163269368287e+00,-1.149768494930651121e-02,3.155292705966115250e+02,2.344638320307035340e-02,nan,1.106424805425288227e+01,1.000000000000000000e+00
1.930000000000000000e+02,1.394709844960549958e+02,1.964287324657662381e+01,-2.212876781032570295e-02,6.091063146359238090e+02,9.939628567792957448e-03,nan,1.436666977916616972e+01,1.000000000000000000e+00
1.930000000000000000e+02,2.377474276145835219e+01,4.533655012830229936e+01,-1.523773333899193852e-02,4.188105981115937766e+02,1.929908538526647899e-02,nan,1.211285313738907732e+01,1.000000000000000000e+00
1.930000000000000000e+02,3.125593171078234533e+01,1.671202032755414280e+01,-2.190286529955415284e-02,6.028680233705491673e+02,1.418565143143402096e-02,nan,1.106424805425288227e+01,1.000000000000000000e+00
1.930000000000000000e+02,7.341149717585356882e+01,4.709848693852161006e+01,-1.164859587492158514e-03,3.018859872406834199e+01,3.401387853449223675e-01,nan,5.462282489865996737e+00,1.000000000000000000e+00
1.940000000000000000e+02,1.009636452777340025e+02,5.201914864249664561e+01,-1.337309584519992588e-03,3.495080037688907026e+01,3.560678437019642040e-01,nan,1.913695402340053775e+01,1.000000000000000000e+00
1.960000000000000000e+02,1.097459434812305688e+02,7.312769987142010208e+00,-1.512615034909781976e-02,4.157292370906673113e+02,1.963175377117920561e-02,nan,1.331344564084526105e+01,1.000000000000000000e+00
1.960000000000000000e+02,7.134616301176933462e+01,1.104370602961581405e+01,-2.413200669126776450e-03,6.466150138978930784e+01,2.172701470105155019e-01,nan,1.496881929204410078e+01,1.000000000000000000e+00
1.960000000000000000e+02,5.031347995085437219e+01,4.064306813251445050e+01,-1.632986288512994644e-03,4.311590395893663441e+01,3.321853714861636719e-01,nan,6.393186097644657728e+00,1.000000000000000000e+00
1.970000000000000000e+02,7.587500420054372796e+01,4.222327790316744256e+01,-1.588564592177800928e-03,4.188920010648939041e+01,3.004305018137105598e-01,nan,5.462282489865996737e+00,1.000000000000000000e+00
1.970000000000000000e+02,2.133676027214502824e+01,3.347158268166520401e+01,-1.317594677103159188e-03,3.440637378191210161e+01,3.612371985596601887e-01,nan,1.009962581028300299e+01,1.000000000000000000e+00
1.980000000000000000e+02,8.945973341865527573e+01,1.014227185659305164e+01,-1.075097705619185379e-03,2.770982696655548239e+01,3.322273398781939724e-01,nan,1.742265083659924940e+01,1.000000000000000000e+00
1.980000000000000000e+02,1.452730768816166496e+01,2.601277600671934565e+01,-1.066941292186932054e-03,2.748458784682446421e+01,3.645681142575040168e-01,nan,8.310652222415010115e+00,1.000000000000000000e+00
1.980000000000000000e+02,1.081914851252388843e+01,3.650020718532667274e+01,-1.275013946369228397e-03,3.323050814100570705e+01,3.606060770123838966e-01,nan,1.094498622704933233e+01,1.000000000000000000e+00
1.990000000000000000e+02,6.903502814435648283e+00,2.270452275019816568e+01,-1.039210093367416276e-03,2.671879159788812430e+01,3.720123181907425414e-01,nan,8.310652222415010115e+00,1.000000000000000000e+00
1.990000000000000000e+02,8.493631425830373871e+01,2.696747441923155009e+01,-1.470452577330096187e-03,3.862754025134343294e+01,3.008187396217256726e-01,nan,9.874703801853137008e+00,1.000000000000000000e+00
2.000000000000000000e+02,1.031061503732470470e+02,2.539253684141833389e+01,-1.951398090021185189e-03,5.190883659769561120e+01,2.795857170286708548e-01,nan,1.653516772396006473e+01,1.000000000000000000e+00
2.000000000000000000e+02,6.938051358018884684e+01,2.588290322184959535e+01,-1.855866348109332879e-03,4.927073032300523181e+01,2.555762941706370972e-01,nan,6.442151525489682840e+00,1.000000000000000000e+00
2.000000000000000000e+02,4.400666919019709411e+01,4.169042982189137803e+01,-1.733836588523057212e-03,4.590088206083749611e+01,2.289929598730537919e-01,nan,6.393186097644657728e+00,1.000000000000000000e+00
2.000000000000000000e+02,5.504048531809793587e+01,5.020015107513767560e+00,-1.837237130468656740e-03,4.875628501962336969e+01,3.024626809717407827e-01,nan,1.346166289423667095e+01,1.000000000000000000e+00
2.000000000000000000e+02,6.754642632365138866e+01,5.207652126058935238e+01,-1.445519471680251642e-03,3.793901326391484474e+01,3.721564667802703674e-01,nan,1.143512199823405773e+01,1.000000000000000000e+00
2.010000000000000000e+02,3.975581475243613028e+01,9.649712978887439618e+00,-1.516138315892762243e-03,3.988915059314209088e+01,2.745148581098184604e-01,nan,9.763339243387054722e+00,1.000000000000000000e+00
2.010000000000000000e+02,1.207694620020950538e+02,3.018149981741130006e+01,-1.240595550615992190e-03,3.228004514321833085e+01,3.368505044777977409e-01,nan,9.822733489473742807e+00,1.000000000000000000e+00
2.020000000000000000e+02,9.222807570585167980e+01,4.977299156295303106e+01,-1.206875260306596899e-02,3.312992872476805815e+02,2.283088923483755917e-02,nan,1.493187281349958262e+01,1.000000000000000000e+00
2.020000000000000000e+02,4.720219872608663536e+01,1.596431184963311978e+01,-1.684048348403692020e-03,4.452598125785744543e+01,2.787553445517960693e-01,nan,9.763339243387054722e+00,1.000000000000000000e+00
2.020000000000000000e+02,1.339247352729908300e+02,2.629717731350325849e+01,-2.727560722448155520e-03,7.334254512020035577e+01,2.311915952691191434e-01,nan,1.020043160413792194e+01,1.000000000000000000e+00
2.020000000000000000e+02,7.776913464732359671e+01,3.376021404314496266e+01,-1.679786373089523638e-03,4.440828693350128020e+01,2.615969385622686216e-01,nan,8.672437952977068321e+00,1.000000000000000000e+00
2.030000000000000000e+02,6.130924248027569234e+01,3.427729507269882703e+01,-1.811837809649666708e-03,4.805488351385706380e+01,3.006551146480419545e-01,nan,5.212947282639467161e+00,1.000000000000000000e+00
2.040000000000000000e+02,1.068990734804421692e+02,4.699402592507824039e+01,-2.470608651646834155e-03,6.624682115757101997e+01,1.853830068144872723e-01,nan,1.493187281349958262e+01,1.000000000000000000e+00
2.040000000000000000e+02,7.479681233500024007e+01,2.239506376510884778e+01,-1.524559466836560061e-03,4.012170043155545329e+01,2.918066348485369721e-01,nan,6.442151525489682840e+00,1.000000000000000000e+00
2.040000000000000000e+02,1.345768079749558410e+02,4.716218601763026896e+01,-1.646434503213709205e-03,4.348727601680273835e+01,2.618968346588236296e-01,nan,2.087519549685568521e+01,1.000000000000000000e+00
2.040000000000000000e+02,5.655209112479169420e+01,4.893222346145975621e+01,2.017650551398462652e-03,-5.373839639190881456e+01,3.730559606416946616e-01,nan,1.143512199823405773e+01,1.000000000000000000e+00
2.050000000000000000e+02,2.060454092422072492e+01,3.446453715286885000e+01,-2.436141121110923721e-02,6.707606972199638449e+02,1.332895405198453176e-02,nan,2.449230761364562881e+01,1.000000000000000000e+00
2.050000000000000000e+02,9.479565884304919621e+01,1.109752015076699294e+01,-1.646200238067292449e-03,4.348080679159722450e+01,3.695918537319758945e-01,nan,6.354580155351066573e+00,1.000000000000000000e+00
2.070000000000000000e+02,5.610044878330374019e+01,3.406923836417092133e+01,-1.856615973940396042e-03,4.929143121852980158e+01,2.491157277429532080e-01,nan,5.212947282639467161e+00,1.000000000000000000e+00
2.100000000000000000e+02,6.438649646067044330e+01,3.102920586644084722e+01,-1.751612179693090316e-03,4.639175449405727392e+01,2.395147863314772696e-01,nan,8.826119402027659433e+00,1.000000000000000000e+00
2.110000000000000000e+02,2.200589276870200095e+01,5.114915683913643107e+01,-1.266800685144644795e-03,3.300369917114271345e+01,3.738475338963749284e-01,nan,1.261635763314495762e+01,1.000000000000000000e+00
2.120000000000000000e+02,1.088835546326121317e+02,1.239380504770381997e+01,-1.499153587611514165e-03,3.942011781559664030e+01,3.368129058471044379e-01,nan,8.582268185574161379e+00,1.000000000000000000e+00
2.120000000000000000e+02,3.855754689398460755e+01,8.232534012549235669e+00,-1.775786939603385883e-03,4.705933978594204348e+01,2.590488368930837781e-01,nan,6.451740969160895567e+00,1.000000000000000000e+00
2.120000000000000000e+02,2.383690816853664529e+01,3.376683311690446487e+01,-1.445076822810300362e-03,3.792678952824402927e+01,2.997405889717733585e-01,nan,7.427948822364784931e+00,1.000000000000000000e+00
2.120000000000000000e+02,1.213279600410408108e+02,4.101680689335843510e+01,-1.396222576562314950e-03,3.657768093886019756e+01,2.672927309555606090e-01,nan,1.459978629396699645e+01,1.000000000000000000e+00
2.130000000000000000e+02,9.011854688531070678e+01,2.250626505098221131e+01,-1.703296857029904920e-03,4.505752826379499965e+01,3.394579945019212674e-01,nan,6.894427063480001117e+00,1.000000000000000000e+00
2.130000000000000000e+02,9.224084402952644268e+01,4.795116207877499193e+01,-1.638575788070258327e-03,4.327025782665949549e+01,2.858807239338730932e-01,nan,1.013596871506701547e+01,1.000000000000000000e+00
2.130000000000000000e+02,5.592700406190769513e+01,4.470435700139359625e+01,-1.383625587728237261e-03,3.622981545854634788e+01,3.553024869080428916e-01,nan,8.308952565019351866e+00,1.000000000000000000e+00
2.130000000000000000e+02,4.868045734667069269e+01,4.876960649332265518e+01,-1.377139989979675591e-03,3.605071586533066608e+01,3.081635824258718293e-01,nan,8.308952565019351866e+00,1.000000000000000000e+00
2.140000000000000000e+02,1.099351367946607212e+02,2.799143293284792122e+01,-1.421565582788243730e-03,3.727752731877683345e+01,3.218225221235780920e-01,nan,7.488049062670206091e+00,1.000000000000000000e+00
2.140000000000000000e+02,7.544738640765375237e+01,3.186831017209046379e+01,-2.045493170303802968e-03,5.450726950327494080e+01,2.084651696515330555e-01,nan,9.405832450514131082e+00,1.000000000000000000e+00
2.150000000000000000e+02,8.218881533310431564e+01,4.925292276304969619e+01,-1.608551968121891846e-03,4.244115091192277589e+01,2.797402351773153883e-01,nan,1.013596871506701547e+01,1.000000000000000000e+00
2.170000000000000000e+02,1.442096741732670182e+02,4.558651899397752061e+01,-1.610214683274281775e-03,4.248706674250179560e+01,3.525124443581992839e-01,nan,7.594836119537254682e+00,1.000000000000000000e+00
2.180000000000000000e+02,2.797692897687939606e+01,4.620128946953644089e+01,-2.087931711681092432e-03,5.567920858923275773e+01,2.066287598668976599e-01,nan,6.211751502380921330e+00,1.000000000000000000e+00
2.190000000000000000e+02,6.611504775588309712e+01,3.304182599039549473e+01,-2.889686220431480351e-02,7.960070444996615606e+02,1.064727674285448344e-02,nan,9.405832450514131082e+00,1.000000000000000000e+00
2.190000000000000000e+02,4.844708678858817308e+01,4.136609448756713903e+01,-1.118989016897619683e-02,3.070295266889208392e+02,1.388228574596728215e-02,nan,9.430594257376283096e+00,1.000000000000000000e+00
2.190000000000000000e+02,1.392105887511752940e+02,3.986894252966524022e+01,-1.659780329118888415e-03,4.385582061105775864e+01,2.918439178596506922e-01,nan,3.954247476930938365e+00,1.000000000000000000e+00
2.190000000000000000e+02,1.428762289199847260e+02,1.015959357607411739e+01,-1.687651771246528746e-03,4.462548967486947049e+01,2.674660830483649443e-01,nan,1.942648091790407605e+01,1.000000000000000000e+00
2.200000000000000000e+02,1.032790838942554075e+02,1.698857260455847396e+01,-2.385211934176873806e-03,6.388859328810186611e+01,2.039406867627097109e-01,nan,1.308972805542351558e+01,1.000000000000000000e+00
2.200000000000000000e+02,2.715906104741329941e+01,7.369816050841458299e+00,-1.621029446751329466e-03,4.278571612141102776e+01,3.410954228837944635e-01,nan,6.005683370530723764e+00,1.000000000000000000e+00
2.230000000000000000e+02,1.086399074287065503e+01,8.553390559663426984e+00,-1.775784602924099405e-03,4.705927525861149974e+01,2.997193741276438228e-01,nan,1.633799757766907845e+01,1.000000000000000000e+00
2.250000000000000000e+02,2.895090770362831734e+01,2.629722136621709794e+01,-1.751733110882062973e-03,4.639509400532389805e+01,1.891947763617897182e-01,nan,7.041312190552456052e+00,1.000000000000000000e+00
2.250000000000000000e+02,3.951257898614466768e+01,1.782068790673159597e+01,-1.668914123409384999e-03,4.410805007476547246e+01,2.226406402071899882e-01,nan,1.018793591676740640e+01,1.000000000000000000e+00
2.250000000000000000e+02,1.020649927972243773e+02,3.108379715521424203e+01,-1.306503477904100282e-03,3.410009063857869194e+01,3.315304467928467114e-01,nan,8.833549733082945110e+00,1.000000000000000000e+00
2.250000000000000000e+02,7.497245023255769070e+01,4.097393164606302207e+01,-1.523670236926727775e-03,4.009714437345556348e+01,3.345565128278394917e-01,nan,7.638437159650806940e+00,1.000000000000000000e+00
2.260000000000000000e+02,1.223521670506047698e+01,4.669987616000036468e+01,-1.657091206097916977e-02,4.556262897484471637e+02,1.304770716843883793e-02,nan,1.364132640382321782e+01,1.000000000000000000e+00
2.260000000000000000e+02,3.627618949785149027e+01,8.160469414159869928e+00,-1.250857425302362306e-03,3.256342651425183732e+01,3.633029981624772420e-01,nan,1.018793591676740640e+01,1.000000000000000000e+00
2.270000000000000000e+02,7.300480020837079564e+01,4.796417249350863443e+00,-1.706423345727272473e-02,4.692493457605722824e+02,1.293388806950657166e-02,nan,1.418726012815769622e+01,1.000000000000000000e+00
2.270000000000000000e+02,2.918611978549553143e+01,3.333460387972070293e+01,-1.558485029033868704e-03,4.105855384502822147e+01,3.605346492460135277e-01,nan,7.041312190552456052e+00,1.000000000000000000e+00
2.270000000000000000e+02,1.158665591630248315e+02,1.783878123276093675e+01,-1.434308567043939822e-03,3.762942445841290606e+01,2.964125638119505801e-01,nan,1.279245126989043513e+01,1.000000000000000000e+00
2.270000000000000000e+02,8.003708098950630756e+01,4.669190659683924594e+01,-1.792857795633842361e-03,4.753075097877716360e+01,2.408651304144542316e-01,nan,6.711743522155378727e+00,1.000000000000000000e+00
2.280000000000000000e+02,4.456989932998034476e+01,5.343170601742474446e+01,-2.334729411916295488e-02,6.427558832179036017e+02,1.317896985912858643e-02,nan,1.656033737626216151e+01,1.000000000000000000e+00
2.280000000000000000e+02,1.223387095009596948e+02,3.227157665635950679e+01,1.815665289424110490e-03,-4.816057925651951166e+01,2.736235648249151220e-01,nan,1.555651183065794285e+01,1.000000000000000000e+00
2.280000000000000000e+02,6.277597973252934338e+01,2.342759873008061788e+01,-1.780323222864475027e-03,4.718460911627514065e+01,2.691943079381370341e-01,nan,9.335951936429307096e+00,1.000000000000000000e+00
2.290000000000000000e+02,5.401115380555962986e+01,2.664284755859103981e+01,-2.189524929181849069e-03,5.848470233603399038e+01,1.887455300716130990e-01,nan,9.335951936429307096e+00,1.000000000000000000e+00
2.300000000000000000e+02,1.327616234962399631e+02,7.662364333726443100e+00,-5.515278194654229561e-03,1.503252820441925621e+02,4.342689794896470445e-02,nan,1.972315034994239724e+01,1.000000000000000000e+00
2.300000000000000000e+02,1.471838255622258451e+01,3.328646222426920787e+01,-1.391332251096930690e-03,3.644263474335156161e+01,3.628810533385292691e-01,nan,5.499629103499771965e+00,1.000000000000000000e+00
2.310000000000000000e+02,9.853050373161634923e+01,2.309195154202343048e+01,-1.883499432638743171e-02,5.181488556648099575e+02,2.036251690157186989e-02,nan,1.672135664844618930e+01,1.000000000000000000e+00
2.310000000000000000e+02,8.565237107997698729e+01,4.301549281340076192e+01,-1.472869054030729674e-03,3.869427118515667985e+01,3.023248026483610351e-01,nan,6.711743522155378727e+00,1.000000000000000000e+00
2.320000000000000000e+02,1.069634798065772543e+02,8.652814355762174614e+00,-1.641580483710001863e-03,4.335323240936997991e+01,2.861704894902558083e-01,nan,6.364481957878938445e+00,1.000000000000000000e+00
2.320000000000000000e+02,1.433766310286733301e+02,4.373313260800853186e+01,-2.155297249943585822e-03,5.753950596926127048e+01,2.709998568161350319e-01,nan,1.660897503701747624e+01,1.000000000000000000e+00
2.330000000000000000e+02,3.316686785173644836e+01,4.074775365286436823e+01,-2.196438408272535347e-03,5.867561786006901769e+01,1.804398650146289418e-01,nan,1.620638613802572081e+01,1.000000000000000000e+00
2.330000000000000000e+02,7.243451994503756453e+01,2.934965495663708879e+01,-2.411024766296400793e-03,6.460141389640698151e+01,1.632416771830074165e-01,nan,9.158551977152628254e+00,1.000000000000000000e+00
2.350000000000000000e+02,1.009869943513178185e+02,6.464606825558755432e+00,-1.384349197497608108e-03,3.624979792128387146e+01,3.316585181404119176e-01,nan,6.364481957878938445e+00,1.000000000000000000e+00
2.350000000000000000e+02,1.989915295290700215e+01,3.144105214168591189e+01,-1.278921966907554811e-03,3.333842801452053095e+01,3.335099125967508904e-01,nan,5.499629103499771965e+00,1.000000000000000000e+00
2.360000000000000000e+02,2.611168627388710561e+01,8.843629685736525303e+00,-1.634843341065936968e-03,4.316718641118028188e+01,2.570981423566274238e-01,nan,9.139185603194770025e+00,1.000000000000000000e+00
2.360000000000000000e+02,5.812300891608840914e+01,1.078390416951930852e+01,-1.683613400623637383e-03,4.451397018756016166e+01,2.373719747758168408e-01,nan,1.057901205352464657e+01,1.000000000000000000e+00
2.360000000000000000e+02,5.187410414799295211e+01,2.751229936166169310e+01,-1.247814786898654828e-03,3.247940414321791280e+01,3.491980366564488847e-01,nan,1.785743588831326534e+01,1.000000000000000000e+00
2.370000000000000000e+02,1.317619211333583564e+02,2.520822746309481488e+01,-1.479077429733306748e-03,3.886571529963453031e+01,3.380082342930741390e-01,nan,7.006830268292344677e+00,1.000000000000000000e+00
2.380000000000000000e+02,9.000393085830326356e+01,1.587311403338814131e+01,-1.509797540231468940e-03,3.971405025765468366e+01,2.812704038152689101e-01,nan,8.048876044851873246e+00,1.000000000000000000e+00
2.380000000000000000e+02,9.705584325535855328e+01,2.469218978991579050e+01,-1.590266045296765372e-03,4.193618568488879816e+01,2.578382602068441942e-01,nan,1.129183623929765545e+01,1.000000000000000000e+00
2.400000000000000000e+02,4.771486887185810133e+01,8.890199639158435474e+00,-1.679775586669129180e-03,4.440798906681576597e+01,3.113332360178955316e-01,nan,6.047882065845804789e+00,1.000000000000000000e+00
2.410000000000000000e+02,7.874793135514656228e+01,4.305031947070872178e+01,-1.503949038105364955e-02,4.133361245933285772e+02,1.489902006456589323e-02,nan,6.433796834679362142e+00,1.000000000000000000e+00
2.420000000000000000e+02,1.809048297615007783e+01,4.502125770685223216e+01,-1.572599258439121494e-03,4.144831787959144975e+01,2.013796526170287260e-01,nan,3.352243796932425823e+01,1.000000000000000000e+00
2.430000000000000000e+02,9.071501315002754495e+01,6.671723609801105681e+00,-2.089511912843354351e-03,5.572284579837401708e+01,2.428515371032698988e-01,nan,7.007776179491933100e+00,1.000000000000000000e+00
2.440000000000000000e+02,5.274065738317342777e+01,5.525927456068875365e+00,-5.460070810521600385e-03,1.488007317368830229e+02,5.559050762086037434e-02,nan,6.047882065845804789e+00,1.000000000000000000e+00
2.440000000000000000e+02,8.875424152842979808e+00,1.255917880792116748e+01,-1.139795547128144310e-03,2.949645597831573340e+01,3.253880850382865342e-01,nan,2.583632266333091465e+01,1.000000000000000000e+00
2.440000000000000000e+02,1.073660730867961064e+02,4.334976410285410253e+01,-1.424774728815901906e-03,3.736614779300386147e+01,2.792903249947770172e-01,nan,1.802048806187345420e+01,1.000000000000000000e+00
2.450000000000000000e+02,3.450838341569556889e+01,1.579444822370192547e+01,-1.466015353230528144e-03,3.850500643687495028e+01,2.838923126895027682e-01,nan,1.490234567512790242e+01,1.000000000000000000e+00
2.490000000000000000e+02,9.012274751551191798e+01,2.209833590726656638e+01,-1.263710342576743152e-03,3.291835945100187644e+01,2.925280905906462170e-01,nan,1.848411494593245052e+01,1.000000000000000000e+00
2.490000000000000000e+02,1.423178299846100288e+02,4.572647457874086996e+01,-2.071086211783992014e-03,5.521402059946657204e+01,1.725875988889061796e-01,nan,8.459396381450403624e+00,1.000000000000000000e+00
2.500000000000000000e+02,6.293294350525665948e+01,4.988014985202658380e+01,-1.160705482616186971e-03,3.007388323872594782e+01,3.679949728281708410e-01,nan,1.476640168662418695e+01,1.000000000000000000e+00
2.510000000000000000e+02,7.124444621576162717e+01,3.767500579453975007e+01,-1.690211387878263203e-03,4.469617341371735364e+01,2.851201457708443243e-01,nan,1.097891172933695891e+01,1.000000000000000000e+00
2.510000000000000000e+02,1.128160965926990542e+02,4.156866136299516512e+01,-1.520604496525650943e-03,4.001248404143612447e+01,3.573148564835647578e-01,nan,8.987467924800583319e+00,1.000000000000000000e+00
2.520000000000000000e+02,1.341410290891618047e+02,4.355822315081714180e+01,-1.193560035930837926e-03,3.098116077305066085e+01,3.115495038645429426e-01,nan,8.459396381450403624e+00,1.000000000000000000e+00
2.530000000000000000e+02,7.266269393063723214e+01,1.603129098014198917e+01,-9.756354414255236085e-03,2.674424785116575549e+02,1.832388386155459070e-02,nan,1.549812035495371987e+01,1.000000000000000000e+00
2.550000000000000000e+02,1.001561576864816203e+02,3.188435529028156523e+01,-1.477212261215940688e-03,3.881420872526934573e+01,3.185702624754847001e-01,nan,1.593925460048729370e+01,1.000000000000000000e+00
2.560000000000000000e+02,8.452391884481137652e+01,6.056168019897070209e+00,-1.801061827138010930e-03,4.775730507017932069e+01,2.835269335088024256e-01,nan,1.266379653572975705e+01,1.000000000000000000e+00
2.560000000000000000e+02,1.174566990264886499e+02,2.222221755452151370e+01,-1.278708587603546044e-03,3.333253555124571932e+01,3.329288313366574048e-01,nan,1.509616483008147370e+01,1.000000000000000000e+00
2.560000000000000000e+02,1.128173080581540688e+02,5.055612920614602501e+01,-1.935598276013634871e-03,5.147252519335924603e+01,2.605545161984743618e-01,nan,8.987467924800583319e+00,1.000000000000000000e+00
2.570000000000000000e+02,1.380806213421445072e+01,6.745774564362224446e+00,-1.811216065983251022e-03,4.803771408059022718e+01,2.794844342301422424e-01,nan,1.707114758293143097e+01,1.000000000000000000e+00
2.580000000000000000e+02,7.407336097043796030e+01,4.499066413420769805e+01,-1.912404231782219646e-03,5.083202233642608547e+01,2.250696792901212273e-01,nan,2.614082989038021410e+01,1.000000000000000000e+00
2.590000000000000000e+02,1.333688034538313048e+02,4.231769288558309228e+01,-2.426776602052874415e-03,6.503640038273513824e+01,1.591903812429021903e-01,nan,9.557403897138186721e+00,1.000000000000000000e+00
2.600000000000000000e+02,3.988743164188019108e+01,1.136466606614943053e+01,-1.403342250573740707e-03,3.677429052963498890e+01,3.421239539430676047e-01,nan,1.583099763612782773e+01,1.000000000000000000e+00
2.600000000000000000e+02,1.221030719283168224e+02,4.261075246243241565e+01,-1.731583084812599515e-03,4.583865162140845229e+01,2.111509399068062232e-01,nan,3.065604272344470971e+00,1.000000000000000000e+00
2.610000000000000000e+02,4.886159733158323348e+01,3.808342433988187992e+01,-1.874041224262376366e-03,4.977262899941904095e+01,3.617024267843631513e-01,nan,5.209047593295986545e+00,1.000000000000000000e+00
2.610000000000000000e+02,8.019294169873731448e+01,1.795635203774087785e+01,-1.608055462413632286e-03,4.242743992122831997e+01,3.230040055102636476e-01,nan,1.080827399517819920e+01,1.000000000000000000e+00
2.610000000000000000e+02,1.128221059103993440e+02,3.658935850967631609e+01,-1.813016024715840679e-03,4.808741988864520778e+01,2.529453597913730034e-01,nan,1.106316027905348243e+01,1.000000000000000000e+00
2.620000000000000000e+02,1.431439604557563712e+02,1.009105215713632298e+01,-1.794642099438693980e-03,4.758002447645792898e+01,2.461499003486110615e-01,nan,7.300121982305715740e+00,1.000000000000000000e+00
2.640000000000000000e+02,1.809555019216901428e+01,9.294770279999889695e+00,-1.091714486302203420e-02,2.994976729968365703e+02,3.052117657599928702e-02,nan,1.304648325223464234e+01,1.000000000000000000e+00
2.650000000000000000e+02,4.469041874956763394e+01,2.644948628378785926e+01,-1.784664127643137421e-03,4.730448307549792020e+01,2.502824746633289799e-01,nan,8.633154421565892633e+00,1.000000000000000000e+00
2.650000000000000000e+02,3.402088814163504793e+01,3.208926426607781934e+01,-1.207858839285530419e-03,3.137602181185998163e+01,3.607431884570790892e-01,nan,6.429148108047973764e+00,1.000000000000000000e+00
2.660000000000000000e+02,5.402243289539067206e+01,3.737635071389723862e+01,-1.572160565343714731e-03,4.143620338251964341e+01,2.762284898340438000e-01,nan,5.209047593295986545e+00,1.000000000000000000e+00
2.660000000000000000e+02,1.417590925553897705e+02,1.936715058636844944e+01,-1.282416851288923233e-03,3.343493914507557463e+01,3.561273376072230379e-01,nan,9.378905115751438260e+00,1.000000000000000000e+00
2.660000000000000000e+02,8.399337103626339740e+01,2.807443108493735551e+01,-1.240329527570012500e-03,3.227269892453995226e+01,3.566361213648101547e-01,nan,1.080827399517819920e+01,1.000000000000000000e+00
2.670000000000000000e+02,1.456352856701314735e+01,2.185405164838519809e+01,-1.454464958957915176e-03,3.818604263493941886e+01,3.716256220647048414e-01,nan,6.607969004833210036e+00,1.000000000000000000e+00
2.670000000000000000e+02,1.378770742698509366e+02,4.910618562024922795e+01,-1.296592668740950910e-03,3.382640393175942251e+01,3.369766007704370070e-01,nan,1.395690877160811638e+01,1.000000000000000000e+00
2.680000000000000000e+02,6.742980049003612919e+01,2.483380570299154755e+01,-1.780833726363576820e-03,4.719870665555663436e+01,2.109800360122857654e-01,nan,1.687760415775766631e+01,1.000000000000000000e+00
2.680000000000000000e+02,1.037454367281285954e+02,1.402410241422694348e+01,-2.303685555664565770e-03,6.163724471639306302e+01,2.379698153552314288e-01,nan,1.869247683930839443e+01,1.000000000000000000e+00
2.680000000000000000e+02,2.012563629694156830e+01,2.542171362361588294e+01,-1.605948165545198481e-03,4.236924697948985141e+01,3.277744393584379745e-01,nan,6.607969004833210036e+00,1.000000000000000000e+00
2.680000000000000000e+02,1.239882164588172628e+02,5.048275060741129749e+01,-1.342328293623035879e-03,3.508939188281807020e+01,3.652572715641708712e-01,nan,1.395690877160811638e+01,1.000000000000000000e+00
2.690000000000000000e+02,6.208285262768059454e+01,4.437191118718843796e+01,-1.814934732513443817e-03,4.814040494867713704e+01,1.953289717778783352e-01,nan,1.067277998443530862e+01,1.000000000000000000e+00
2.700000000000000000e+02,3.477878495926454860e+01,2.500599607773699162e+01,-1.760603708060615689e-03,4.664005528843944148e+01,2.188361136358648595e-01,nan,7.123699587583272042e+00,1.000000000000000000e+00
2.700000000000000000e+02,1.000874584408183097e+02,4.225783097833275548e+01,-1.299869561419235474e-03,3.391689522777333110e+01,3.092747358320270257e-01,nan,1.523136785006035865e+01,1.000000000000000000e+00
2.710000000000000000e+02,3.351382652897181202e+01,4.332389529811237594e+01,-1.564211406633825817e-03,4.121668759591944564e+01,2.738528716863621870e-01,nan,1.161860918267401210e+01,1.000000000000000000e+00
2.740000000000000000e+02,5.038166914030063026e+01,1.142206297451335217e+01,-1.545161868734974122e-03,4.069063516083160437e+01,3.301038817587415020e-01,nan,1.507249136397453881e+01,1.000000000000000000e+00
2.750000000000000000e+02,2.296302715622610080e+01,2.391645120163684979e+01,-7.847339156200542135e-03,2.147250776774858423e+02,2.325656280105337093e-02,nan,1.186588557576298442e+01,1.000000000000000000e+00
2.750000000000000000e+02,1.108749339117121657e+01,1.268775724376429714e+01,-1.405428237586185984e-03,3.683189500032005270e+01,2.629731310544191070e-01,nan,1.634355745254142178e+01,1.000000000000000000e+00
2.750000000000000000e+02,7.372763871508121269e+01,3.197797723761119215e+01,-1.792313289342017165e-03,4.751571445336346500e+01,1.891502113927420181e-01,nan,1.744556264980690941e+01,1.000000000000000000e+00
2.750000000000000000e+02,1.140576049283801439e+02,4.832656838408001931e+01,-1.227913413298487412e-03,3.192982829001089229e+01,3.637690597869580600e-01,nan,5.616228963748567615e+00,1.000000000000000000e+00
2.760000000000000000e+02,5.813291547983346419e+01,3.979796850259108965e+01,-1.350588940339570538e-03,3.531750940166325847e+01,3.450212280536850695e-01,nan,7.294044883248002265e+00,1.000000000000000000e+00
2.770000000000000000e+02,1.215476263467749902e+02,1.095767910976920234e+01,2.765250479562008507e-03,-7.438334666682510488e+01,2.067328873089553376e-01,nan,2.564870255886616590e+01,1.000000000000000000e+00
2.780000000000000000e+02,9.314255661038487233e+01,4.114017304560042021e+01,-1.503686064180216869e-03,3.954528202423018968e+01,2.499006425386489649e-01,nan,8.707602335916398317e+00,1.000000000000000000e+00
2.780000000000000000e+02,1.317942232034665153e+02,4.611518754805273801e+01,-1.401524876145326341e-03,3.672410378764628547e+01,2.957260624445526842e-01,nan,7.846304507145601015e+00,1.000000000000000000e+00
2.790000000000000000e+02,5.095017523602550114e+01,3.852858544424428544e+01,-2.053476155827789734e-03,5.472771941636271720e+01,2.115710891162353446e-01,nan,7.294044883248002265e+00,1.000000000000000000e+00
2.790000000000000000e+02,2.661563908920973631e+01,4.064772074678430158e+01,-1.868455778450424333e-03,4.961838707575507357e+01,2.079230491044229412e-01,nan,7.050302372376094695e+00,1.000000000000000000e+00
2.800000000000000000e+02,2.826337681453617634e+01,4.750277172620582888e+01,-1.568070410506069426e-03,4.132325387562586627e+01,3.128706413787389895e-01,nan,7.050302372376094695e+00,1.000000000000000000e+00
2.810000000000000000e+02,2.259511226326587163e+01,3.027271358301182147e+01,-1.765037243519193859e-03,4.676248724119426470e+01,2.881101970213117980e-01,nan,7.582957652259119108e+00,1.000000000000000000e+00
2.810000000000000000e+02,1.007793997270627528e+02,4.532358859413326968e+01,-1.445320311756212797e-03,3.793351346840437799e+01,3.580648106123147656e-01,nan,8.707602335916398317e+00,1.000000000000000000e+00
2.820000000000000000e+02,3.011910645694609201e+01,2.932891374754804303e+01,-3.206111089256468739e-03,8.655769958265409514e+01,1.675414662596376170e-01,nan,7.582957652259119108e+00,1.000000000000000000e+00
2.820000000000000000e+02,1.205972488490099437e+01,1.427062848858505184e+01,-1.418665622219913557e-03,3.719744499201756582e+01,3.723407817254600349e-01,nan,1.181073977375843498e+01,1.000000000000000000e+00
2.830000000000000000e+02,1.162907765169718033e+02,1.114936900935712316e+01,-2.457344001681503656e-03,6.588051823453420752e+01,1.287602983863129769e-01,nan,1.304780413448604648e+01,1.000000000000000000e+00
2.830000000000000000e+02,1.102575477891783322e+02,2.911532390399768744e+01,-1.386205112683878450e-03,3.630104896517995172e+01,2.527567554985464815e-01,nan,4.721271878562221858e+00,1.000000000000000000e+00
2.830000000000000000e+02,5.904748542024285030e+01,2.146149418561710931e+01,-1.696821333665668279e-03,4.487870687440947393e+01,3.183174483782809094e-01,nan,1.439006396904859741e+01,1.000000000000000000e+00
2.830000000000000000e+02,8.284047933554568033e+00,2.794844651722134543e+01,-1.503746408188806356e-03,3.954694842227249296e+01,3.560687636195277728e-01,nan,8.273383327614478588e+00,1.000000000000000000e+00
2.840000000000000000e+02,7.722726870507774777e+01,2.725219181191634021e+01,-1.719057312095255636e-03,4.549275277208713675e+01,2.862655227391830426e-01,nan,1.463863730224401749e+01,1.000000000000000000e+00
2.840000000000000000e+02,7.345333853599395013e+01,5.104133734908055686e+01,-1.642351912935548566e-03,4.337453540499914340e+01,3.338848281117359207e-01,nan,2.408663518031319128e+01,1.000000000000000000e+00
2.850000000000000000e+02,9.757025477441524686e+01,1.321007391407605702e+01,-1.238145353333199462e-03,3.221238301650939917e+01,3.270294967570365197e-01,nan,1.883359867412134747e+01,1.000000000000000000e+00
2.850000000000000000e+02,5.225083006995386370e+01,3.414531920343798532e+01,-1.381637537000705851e-03,3.617491549552104857e+01,3.200217574011643418e-01,nan,9.252327084723026118e+00,1.000000000000000000e+00
2.860000000000000000e+02,1.389522740823173876e+02,4.110410179926691399e+01,-1.349871686299682115e-03,3.529770245221055802e+01,2.399613808440222984e-01,nan,1.060080464661646893e+01,1.000000000000000000e+00
2.860000000000000000e+02,1.262050082482755897e+02,1.963189233145416779e+01,-1.322196454565315385e-03,3.453345173270299995e+01,3.263648472781479626e-01,nan,1.304780413448604648e+01,1.000000000000000000e+00
2.860000000000000000e+02,3.473948047251900562e+01,4.133428962163509368e+01,-1.427865288403028839e-03,3.745149350612429373e+01,2.964241621453911346e-01,nan,1.286378272211921292e+01,1.000000000000000000e+00
2.880000000000000000e+02,1.336100433740661799e+02,5.026039090651681107e+01,-1.918701536474216483e-03,5.100592222236057438e+01,2.726825200715319308e-01,nan,1.060080464661646893e+01,1.000000000000000000e+00
2.880000000000000000e+02,1.110149262972617095e+02,4.625993012776214641e+01,1.305946746940280347e-03,-3.408471652920336936e+01,3.661213657021465950e-01,nan,1.168257120092405188e+01,1.000000000000000000e+00
2.890000000000000000e+02,5.889277824223920987e+01,2.770403975294255972e+01,-1.239586868053928204e-02,3.403325882140831027e+02,1.878122079636324049e-02,nan,9.252327084723026118e+00,1.000000000000000000e+00
2.900000000000000000e+02,8.518612489801313359e+01,4.247911747611806987e+01,-1.367814472924871972e-03,3.579319198306220073e+01,2.722264121068177500e-01,nan,1.475322177831843895e+01,1.000000000000000000e+00
2.900000000000000000e+02,6.580978747236441961e+01,4.482815671797884960e+01,-1.517520943167165095e-03,3.992733180511586255e+01,3.361034478131347258e-01,nan,1.235145536905350205e+01,1.000000000000000000e+00
2.910000000000000000e+02,5.394016052830741614e+01,4.824435430339989495e+01,-1.220239289806094403e-03,3.171790759294340489e+01,3.365639740973728200e-01,nan,1.235145536905350205e+01,1.000000000000000000e+00
2.930000000000000000e+02,3.699733023602263415e+01,2.623703807295303392e+01,-1.732647272890271714e-03,4.586803914422519313e+01,2.436858642024648525e-01,nan,8.953885452235724074e+00,1.000000000000000000e+00
2.930000000000000000e+02,4.490723534277332618e+01,3.290471936259515218e+01,-1.321567162776246095e-03,3.451607385824859620e+01,3.474558473145724635e-01,nan,7.010380439350258897e+00,1.000000000000000000e+00
2.950000000000000000e+02,1.102623102664979911e+02,3.125320917206425975e+01,-1.002387886801966478e-02,2.748301585223524626e+02,2.030648255898637178e-02,nan,1.820045894579886436e+01,1.000000000000000000e+00
2.950000000000000000e+02,1.428008200406740968e+02,3.953020327687894309e+01,-1.760312015029214406e-03,4.663200019386016493e+01,2.766006829703185899e-01,nan,2.528018487559399574e+01,1.000000000000000000e+00
2.950000000000000000e+02,1.206454664571290607e+02,1.481956568411449204e+01,-1.485985786224611237e-03,3.905648936323660081e+01,3.030004071610153948e-01,nan,1.943899613581097441e+01,1.000000000000000000e+00
2.960000000000000000e+02,6.412406947750842789e+01,3.050611333763246336e+01,-6.725722128112058239e-03,1.837516560651170323e+02,4.655848538940310366e-02,nan,1.394677138953021966e+01,1.000000000000000000e+00
2.970000000000000000e+02,4.796591199614155698e+01,2.163277668098591633e+01,-1.626418365131995303e-03,4.293453094577533591e+01,2.669269184820768359e-01,nan,5.272095874591014919e+00,1.000000000000000000e+00
2.990000000000000000e+02,8.331532851877936707e+01,3.947673458005780844e+01,-1.898418809167333118e-02,5.222688371544030588e+02,1.037506296262480365e-02,nan,1.677765512750723786e+01,1.000000000000000000e+00
2.990000000000000000e+02,3.791388839755767037e+01,5.071543370931775030e+01,-7.659312278901827566e-03,2.095327209289836503e+02,2.749808296021749587e-02,nan,2.204495579574912512e+01,1.000000000000000000e+00
2.990000000000000000e+02,1.187598760241604481e+02,4.734817987821692498e+01,-1.240684140504133429e-03,3.228249155040303009e+01,3.452961976421446977e-01,nan,1.820045894579886436e+01,1.000000000000000000e+00
3.010000000000000000e+02,6.384892002843412939e+01,4.445017031444135824e+01,-2.047318715462158930e-03,5.455768187973336580e+01,2.004944623682799465e-01,nan,1.394677138953021966e+01,1.000000000000000000e+00
3.020000000000000000e+02,1.038239685948563817e+02,2.708025644965361423e+01,-1.575851935388674144e-03,4.153814045896065466e+01,2.623117242259496162e-01,nan,6.676079415318911359e+00,1.000000000000000000e+00
3.030000000000000000e+02,3.596086654762545720e+01,1.250887024615532361e+01,-1.603879650223275508e-03,4.231212498903045827e+01,2.769230609725014114e-01,nan,1.437401699517105236e+01,1.000000000000000000e+00
3.030000000000000000e+02,5.031124829964458911e+01,1.333282907327144251e+01,-1.332883548741731509e-03,3.482857552758810726e+01,2.970321464481452400e-01,nan,1.400263196548108802e+01,1.000000000000000000e+00
3.030000000000000000e+02,9.702104820355381776e+01,1.737656576075032433e+01,-1.479771642008063633e-03,3.888488595141321014e+01,3.110316697226440663e-01,nan,1.185079486094956636e+01,1.000000000000000000e+00
3.030000000000000000e+02,1.700680246969026044e+01,4.372445137195617804e+01,-1.347178320160078227e-03,3.522332522459249304e+01,3.179418506551368040e-01,nan,1.328976054029997300e+01,1.000000000000000000e+00
3.040000000000000000e+02,8.443196043283424501e+01,1.581419478619629970e+01,-1.574579786909169983e-03,4.150301011569511900e+01,2.834273618031842856e-01,nan,1.236284440512580574e+01,1.000000000000000000e+00
3.050000000000000000e+02,1.319789822818406719e+02,1.737486554565748875e+01,-1.198080754650306286e-02,3.288706870682692056e+02,2.758444107450364058e-02,nan,1.658571052422555070e+01,1.000000000000000000e+00
3.050000000000000000e+02,1.186738062882382678e+02,4.142015698238150634e+01,-1.905632762842218416e-03,5.064502841857235893e+01,2.166473169868603499e-01,nan,6.427497392123081354e+00,1.000000000000000000e+00
3.050000000000000000e+02,1.264463631133781831e+02,4.219761609523465751e+01,-1.267461436319360958e-03,3.302194579561686538e+01,3.538394416532799625e-01,nan,7.811343179773084344e+00,1.000000000000000000e+00
3.050000000000000000e+02,3.264449439008437537e+01,4.913554334178181193e+01,-1.385077685997262217e-03,3.626991511001629220e+01,3.639284624856734540e-01,nan,6.196023756633001867e+00,1.000000000000000000e+00
3.070000000000000000e+02,7.219204020649746667e+01,1.407515061244386878e+01,-1.970398342451563142e-03,5.243352801600484270e+01,3.139983048683306910e-01,nan,1.102666904982208784e+01,1.000000000000000000e+00
3.080000000000000000e+02,1.159258262883277268e+02,2.154403527611289704e+01,-1.265684617470145103e-03,3.297287899476831541e+01,3.733822491168153901e-01,nan,1.191395436211728587e+01,1.000000000000000000e+00
3.080000000000000000e+02,7.046880762766730477e+00,3.366971812492768379e+01,-1.622195259498503735e-03,4.281791000652066970e+01,2.522036011885145923e-01,nan,1.415265703240726047e+01,1.000000000000000000e+00
3.080000000000000000e+02,2.723128681803326856e+01,5.221430737951031631e+01,-1.246653211745613358e-03,3.244732727914701087e+01,3.196240100158187492e-01,nan,6.227487793494400847e+00,1.000000000000000000e+00
3.090000000000000000e+02,4.957376141418539106e+01,2.677697787392462914e+01,-1.537420968064224028e-02,4.225793883173314498e+02,1.130050074690636119e-02,nan,2.142874935332192621e+01,1.000000000000000000e+00
3.090000000000000000e+02,6.914096062338248316e+01,4.446075374200100327e+01,-1.515611561506730260e-03,3.987460428609062291e+01,3.225153179579116625e-01,nan,7.228958866631676194e+00,1.000000000000000000e+00
3.100000000000000000e+02,3.880126815718461586e+01,4.983185302396844207e+01,-4.823373752529429119e-03,1.312183609965285029e+02,7.776335531200240236e-02,nan,6.196023756633001867e+00,1.000000000000000000e+00
3.110000000000000000e+02,1.071303854049020288e+02,1.015272325492098560e+01,-1.090297173834573743e-03,2.812955983930024217e+01,3.463696882985154435e-01,nan,1.439172574425970552e+01,1.000000000000000000e+00
3.120000000000000000e+02,1.012359224268721221e+02,3.907349274462648481e+01,-1.781777874939209205e-03,4.722477929101547289e+01,2.734713681561995458e-01,nan,1.291790076291561107e+01,1.000000000000000000e+00
3.150000000000000000e+02,1.453553389678135410e+01,8.113197698110324652e+00,-1.568237665222450578e-03,4.132787260975471355e+01,3.040194657170307568e-01,nan,8.173255172370414101e+00,1.000000000000000000e+00
3.150000000000000000e+02,8.714483895237310662e+01,4.967074626841810669e+01,-2.093395076846446805e-03,5.583007925939121918e+01,2.790729349476982479e-01,nan,1.763123409557065457e+01,1.000000000000000000e+00
3.160000000000000000e+02,1.442467720972682059e+02,4.792873626164939616e+00,-1.729285144455394371e-02,4.755626248307913784e+02,1.411455226191804524e-02,nan,1.424146077055544524e+01,1.000000000000000000e+00
3.170000000000000000e+02,1.427524756613277361e+02,1.895572231704649369e+01,-1.950314411124474175e-03,5.187891083647793522e+01,2.425969041868890619e-01,nan,1.220990278369758286e+01,1.000000000000000000e+00
3.170000000000000000e+02,2.786129778935156764e+01,3.996755523716565506e+01,-1.553194695009714205e-03,4.091246142480198955e+01,2.370311615003357630e-01,nan,9.466855575746141227e+00,1.000000000000000000e+00
3.170000000000000000e+02,1.139361270432011679e+02,4.143505214974635464e+01,-1.224426009093844631e-03,3.183352372431859223e+01,3.224379294625154824e-01,nan,8.972611319777973549e+00,1.000000000000000000e+00
3.190000000000000000e+02,9.335916902105682880e+01,2.452609992113660908e+01,-1.605403722826768964e-03,4.235421220965362465e+01,2.157839880273875188e-01,nan,8.263347110614070345e+00,1.000000000000000000e+00
3.190000000000000000e+02,1.060076474632483325e+02,4.869707807540968503e+01,-1.183160675622841685e-03,3.069398274057423848e+01,2.703770362876206645e-01,nan,1.075164215339849605e+01,1.000000000000000000e+00
3.190000000000000000e+02,1.332934550765599511e+02,2.667638650895934305e+01,-1.669160047005429325e-03,4.411484124771840953e+01,2.785301227505299071e-01,nan,1.220990278369758286e+01,1.000000000000000000e+00
3.190000000000000000e+02,1.223405669044431789e+02,4.757164562297853649e+01,-1.422981035848328458e-03,3.731661501386758317e+01,3.236365788325151760e-01,nan,5.481392480407941470e+00,1.000000000000000000e+00
3.200000000000000000e+02,1.863346014406761597e+01,3.785370403986814125e+01,-1.455055492898657890e-03,3.820235021253942165e+01,2.557689259240911728e-01,nan,9.466855575746141227e+00,1.000000000000000000e+00
3.210000000000000000e+02,1.591216134512199432e+01,4.466708875693667480e+00,-1.345301646652015490e-03,3.517150094024380280e+01,3.598610780856783542e-01,nan,9.175352160389639522e+00,1.000000000000000000e+00
3.210000000000000000e+02,2.784269316716030929e+01,5.069632027532141372e+00,-1.452257456013456580e-03,3.812508250532567189e+01,2.785037774530381149e-01,nan,1.194575681502397480e+01,1.000000000000000000e+00
3.220000000000000000e+02,7.299266669057520573e+01,5.456956596882506894e+00,1.738257645642263824e-03,-4.602296942461345708e+01,2.361867692524366458e-01,nan,1.328307745164755715e+01,1.000000000000000000e+00
3.220000000000000000e+02,2.636616320297099847e+01,2.005773221469254963e+01,-2.028315542127717436e-03,5.403290980074336147e+01,2.924768087505775771e-01,nan,1.506065363639662102e+01,1.000000000000000000e+00
3.230000000000000000e+02,8.594096694896781230e+01,2.011215621132026143e+01,-1.376085956131150581e-03,3.602160875125652240e+01,3.117548192973700338e-01,nan,8.632069337984553670e+00,1.000000000000000000e+00
3.230000000000000000e+02,1.009831635112573593e+02,2.133899881136838061e+01,-1.415033822164053203e-03,3.709715293909314227e+01,2.827039789102080425e-01,nan,8.263347110614070345e+00,1.000000000000000000e+00
3.230000000000000000e+02,8.864114409696134089e+01,5.247668775921057005e+01,-1.529320491833059551e-03,4.025317599837607929e+01,2.977739985461123062e-01,nan,1.361455385580042865e+01,1.000000000000000000e+00
3.240000000000000000e+02,9.482709999488264430e+01,4.034862005155561349e+01,-2.003244108264990667e-03,5.334056288373882637e+01,2.224401927922291522e-01,nan,1.107913410440244917e+01,1.000000000000000000e+00
3.260000000000000000e+02,4.175706282785984769e+01,1.124353041449600177e+01,-1.946521231069391370e-03,5.177416227956815220e+01,2.108163588573105374e-01,nan,5.930993485697443113e+00,1.000000000000000000e+00
3.260000000000000000e+02,1.226401096875391090e+02,2.049349755765702596e+01,-1.753318704331864120e-03,4.643888012232873308e+01,2.190974169980469677e-01,nan,6.988031945540696732e+00,1.000000000000000000e+00
3.280000000000000000e+02,8.618471344636304821e+01,3.341635005902784172e+01,-2.211430746396523400e-02,6.087069925917079445e+02,9.971668536542410699e-03,nan,1.107913410440244917e+01,1.000000000000000000e+00
3.280000000000000000e+02,1.282051258475380848e+02,1.122005025829191283e+01,-1.866047979779362695e-03,4.955189578547608420e+01,2.717071292384779513e-01,nan,1.081509267991503798e+01,1.000000000000000000e+00
3.280000000000000000e+02,2.100054384062586266e+01,6.523746545268069852e+00,-1.416993912108404068e-03,3.715128076590405470e+01,3.439035705079447336e-01,nan,9.690901031360899864e+00,1.000000000000000000e+00
3.290000000000000000e+02,7.403870625802662175e+01,4.961238999386098669e+01,-2.734960989014342467e-03,7.354690326621482654e+01,1.515888954804643918e-01,nan,8.245164196456340022e+00,1.000000000000000000e+00
3.290000000000000000e+02,9.142609890792006411e+01,4.584287734185028995e+00,-1.839361879329711119e-03,4.881495989763052279e+01,2.488497744420160585e-01,nan,1.883917797855106713e+01,1.000000000000000000e+00
3.290000000000000000e+02,2.298060882113466263e+01,3.440561351409892410e+01,-1.441169928091990370e-03,3.781890074421621506e+01,3.242206068633636251e-01,nan,1.616321274467829738e+01,1.000000000000000000e+00
3.300000000000000000e+02,1.260299357237138764e+02,4.047988864347267679e+01,-1.776963065014673659e-03,4.709181845497127483e+01,2.336049008063365573e-01,nan,6.797950704556489754e+00,1.000000000000000000e+00
3.300000000000000000e+02,8.208079868471027396e+01,5.143103840056387810e+01,-2.035221337381062576e-03,5.422361313583367348e+01,1.936338318431721772e-01,nan,8.245164196456340022e+00,1.000000000000000000e+00
3.310000000000000000e+02,5.316624596882820697e+01,2.429614311636650825e+01,-1.790427032398445939e-03,4.746362552272191238e+01,2.926850462137099429e-01,nan,1.472081680506694390e+01,1.000000000000000000e+00
3.310000000000000000e+02,4.037442210748405103e+01,1.701111122153669797e+01,-1.480150254468849376e-03,3.889534132350719631e+01,3.624890806530505216e-01,nan,5.930993485697443113e+00,1.000000000000000000e+00
3.320000000000000000e+02,3.883970669466279446e+01,3.128496280189379775e+01,-1.302619485232454129e-03,3.399283429390347777e+01,3.159788086521354566e-01,nan,1.435612030934590599e+01,1.000000000000000000e+00
3.330000000000000000e+02,1.195105560499212345e+02,3.855379870514699547e+01,-1.758384229255481775e-03,4.657876444578142383e+01,2.441137940145445828e-01,nan,6.797950704556489754e+00,1.000000000000000000e+00
3.330000000000000000e+02,1.128564125039303434e+02,1.521514070501990368e+01,-1.660612609783650986e-03,4.387880401741121261e+01,2.431684367685901238e-01,nan,1.586013079964284600e+01,1.000000000000000000e+00
3.340000000000000000e+02,4.641231774662654885e+01,6.615561299223140068e+00,-1.409441788015646652e-03,3.694272907870958278e+01,3.143609967059637356e-01,nan,1.202179861486996515e+01,1.000000000000000000e+00
3.380000000000000000e+02,1.245774596250190029e+02,2.617346783948397970e+01,-1.380842628011364013e-03,3.615296410689751383e+01,3.205307179843037702e-01,nan,1.337707382735951356e+01,1.000000000000000000e+00
3.390000000000000000e+02,2.111255366348377294e+01,2.901384700636848635e+01,-2.477770704271714530e-02,6.822566945033130423e+02,1.349729925318288171e-02,nan,4.949983085215334810e+00,1.000000000000000000e+00
3.390000000000000000e+02,1.096361622691902937e+01,3.055938767297672598e+01,-6.986402123029572704e-03,1.909503265438014807e+02,4.207254689305839346e-02,nan,1.026594501463188180e+01,1.000000000000000000e+00
3.390000000000000000e+02,5.559941355508081529e+01,4.261769299388501508e+01,-1.722954869998371804e-03,4.560038372023489472e+01,2.612858623012553894e-01,nan,1.155665433973564404e+01,1.000000000000000000e+00
3.400000000000000000e+02,1.055639885796549322e+02,8.098264326934577539e+00,-1.666655426061473474e-02,4.582674463099655782e+02,1.507291885923112140e-02,nan,1.638694383171671021e+01,1.000000000000000000e+00
3.400000000000000000e+02,5.287571637257669721e+01,1.948819369217903130e+01,-1.422260002333738081e-03,3.729670369433090116e+01,2.475675951115638984e-01,nan,1.348728407629164039e+01,1.000000000000000000e+00
3.430000000000000000e+02,6.721238747306281880e+01,1.781003505705959000e+01,-1.804425313485046641e-03,4.785018764783751521e+01,2.100062769256989537e-01,nan,1.074104667128141344e+01,1.000000000000000000e+00
3.440000000000000000e+02,6.068170309334537649e+01,5.299683518278373384e+01,-1.285195893624726127e-03,3.351168231836008005e+01,3.454946312789564100e-01,nan,7.344466029239568705e+00,1.000000000000000000e+00
3.450000000000000000e+02,1.284127636010188951e+02,1.775423027229557604e+01,-1.741708709455457721e-03,4.611827045145272308e+01,2.904572811432444279e-01,nan,1.232952074385820929e+01,1.000000000000000000e+00
3.450000000000000000e+02,1.129352937603758562e+02,2.273369353405095694e+01,-2.156167103589500325e-03,5.756352695239655759e+01,2.895956493075596550e-01,nan,1.259944898829668425e+01,1.000000000000000000e+00
3.470000000000000000e+02,1.162818426018632145e+01,1.126426161666082315e+01,-1.519973791805933738e-03,3.999506714894296522e+01,3.321710264912609567e-01,nan,1.107168640805990378e+01,1.000000000000000000e+00
3.470000000000000000e+02,2.930597835756944392e+01,4.298907391724599591e+01,-1.476255820146989053e-03,3.878779663296497660e+01,2.675953826528040258e-01,nan,1.166078301641980808e+01,1.000000000000000000e+00
3.470000000000000000e+02,5.334571932689670604e+01,5.334971396233219565e+01,-1.689994298566633441e-03,4.469017849868998127e+01,2.372834617506907051e-01,nan,7.344466029239568705e+00,1.000000000000000000e+00
3.480000000000000000e+02,7.536601081695911830e+01,3.188930026773477167e+01,-1.852217293347773125e-03,4.916996178188470878e+01,3.376588415368719787e-01,nan,4.931300379661973210e+00,1.000000000000000000e+00
3.480000000000000000e+02,8.348343765767837965e+01,4.060049554338351641e+01,-2.693868114600036796e-03,7.241212473430580587e+01,1.784286349787650439e-01,nan,1.135993691916458559e+01,1.000000000000000000e+00
3.480000000000000000e+02,5.769396352163288100e+01,2.278695067574255262e+01,-1.419598351338218281e-03,3.722320227949440152e+01,2.935468822436534397e-01,nan,1.074104667128141344e+01,1.000000000000000000e+00
3.480000000000000000e+02,1.073246917324653964e+02,3.665726045798345467e+01,-1.789431852690469629e-03,4.743614366402745475e+01,2.303121196648683089e-01,nan,1.501148130601440833e+01,1.000000000000000000e+00
3.490000000000000000e+02,2.038160185002345415e+01,1.804363624979242786e+01,-5.414067655480922850e-03,1.475303559482750018e+02,5.698621532636094500e-02,nan,1.107168640805990378e+01,1.000000000000000000e+00
3.490000000000000000e+02,7.276278190909640387e+01,3.684340795752731168e+01,-1.378688345299009530e-03,3.609347365244559569e+01,3.212131586654484172e-01,nan,5.596425979926267225e+00,1.000000000000000000e+00
3.490000000000000000e+02,5.503669501378777795e+01,3.440879336488662688e+01,-1.329843772959077861e-03,3.474463220775133721e+01,3.482490586389472842e-01,nan,6.485162949974717428e+00,1.000000000000000000e+00
3.500000000000000000e+02,7.302377433136366847e+01,9.701178292028551198e+00,-1.695478508610461952e-03,4.484162479956130198e+01,2.397252309925733682e-01,nan,3.592625847014456308e+00,1.000000000000000000e+00
3.510000000000000000e+02,1.342328627600737150e+02,3.874696809169206091e+01,-1.572617821195235622e-03,4.144883048956171478e+01,3.070621720460603443e-01,nan,1.393639259536437436e+01,1.000000000000000000e+00
3.520000000000000000e+02,4.645667306214881620e+01,1.598098132902632962e+01,-1.422989323576228900e-03,3.731684387923253610e+01,2.674985988002674953e-01,nan,9.293221407834858283e+00,1.000000000000000000e+00
3.520000000000000000e+02,1.343966721011413483e+02,2.159839245600335644e+01,-1.342068801069450871e-03,3.508222600349724729e+01,3.040216521631936564e-01,nan,1.015315059746389181e+01,1.000000000000000000e+00
3.530000000000000000e+02,1.260901169340133094e+02,2.743685186840315993e+01,-1.250665246433001589e-03,3.255811950036328994e+01,3.657452689053689587e-01,nan,1.015315059746389181e+01,1.000000000000000000e+00
3.550000000000000000e+02,7.613508160446623663e+01,7.904868872976421379e+00,-1.346956342079566778e-03,3.521719530635462547e+01,3.597023268428288789e-01,nan,3.592625847014456308e+00,1.000000000000000000e+00
3.560000000000000000e+02,9.285423727581635944e+01,1.402265706596823058e+01,-1.797561627680436527e-03,4.766064716394942025e+01,2.966688795971232917e-01,nan,8.040434892913429721e+00,1.000000000000000000e+00
3.560000000000000000e+02,5.182880053230691431e+01,8.397828252672612237e+00,-1.530864219895509840e-03,4.029580600392673517e+01,3.306023481885674853e-01,nan,9.293221407834858283e+00,1.000000000000000000e+00
3.570000000000000000e+02,8.484191486135198090e+01,1.553656840620903701e+01,-1.967062146416148627e-03,5.234139905950841865e+01,2.326955381165913828e-01,nan,8.154093329085583264e+00,1.000000000000000000e+00
3.570000000000000000e+02,6.343083430502982623e+01,1.765553438015218291e+01,-1.658130454831505856e-03,4.381025938059249114e+01,2.605347989423757449e-01,nan,6.847621552136239131e+00,1.000000000000000000e+00
3.570000000000000000e+02,7.948549493996351600e+01,4.727081348916058090e+01,-1.566798785114068048e-03,4.128813797740651381e+01,2.880698569268924647e-01,nan,2.079022319841050503e+01,1.000000000000000000e+00
3.570000000000000000e+02,6.464501571065606811e+01,1.091641838207704929e+01,-1.196929003221502063e-03,3.107419470680776286e+01,3.158872039635086670e-01,nan,6.847621552136239131e+00,1.000000000000000000e+00
3.570000000000000000e+02,7.039271606464326148e+00,4.902447551979347651e+01,-1.317197846688757936e-03,3.439541532155882919e+01,3.720291301583362742e-01,nan,5.877051923238299835e+00,1.000000000000000000e+00
3.590000000000000000e+02,3.078775310008403210e+01,5.041589776991035166e+01,-1.394384143884010163e-02,3.830798109172055206e+02,1.349310197377262543e-02,nan,1.303051784650093659e+01,1.000000000000000000e+00
3.590000000000000000e+02,8.925491086019374620e+01,6.832841865215079302e+00,-1.324074099970962235e-03,3.458530285597520759e+01,3.453005131826250018e-01,nan,8.040434892913429721e+00,1.000000000000000000e+00
3.590000000000000000e+02,1.163059715573840691e+01,5.269319041864049069e+01,-1.838961056807917379e-03,4.880389119534770259e+01,3.455834740976306829e-01,nan,4.863516560215394691e+00,1.000000000000000000e+00
3.600000000000000000e+02,1.053796426665479231e+02,9.898244806687813480e+00,-1.526934346751103715e-03,4.018728267133052867e+01,2.988803562779558387e-01,nan,1.318698436666510609e+01,1.000000000000000000e+00
3.600000000000000000e+02,9.324212189896522673e+00,3.208828506570139183e+01,-1.184049625466726107e-03,3.071853106466112138e+01,3.047975691975987056e-01,nan,1.598545751840269347e+01,1.000000000000000000e+00
3.610000000000000000e+02,1.308743309870206701e+02,2.586025979766096583e+01,-1.696986198586940883e-03,4.488325961441589840e+01,3.286964720080652880e-01,nan,1.459055948819506909e+01,1.000000000000000000e+00
3.610000000000000000e+02,6.655188716512746794e+01,3.099336987640532470e+01,-1.445151220908214669e-03,3.792884402955431966e+01,3.395206049635393075e-01,nan,1.369813223328764451e+01,1.000000000000000000e+00
3.620000000000000000e+02,1.161436502643022095e+02,5.018131830704366791e+01,-1.697082298197166543e-03,4.488591340235755922e+01,2.431051876519232380e-01,nan,1.528068424279949156e+01,1.000000000000000000e+00
3.630000000000000000e+02,6.841045778158103019e+01,4.468377314847469961e+01,-7.192346910655240955e-03,1.966374858649029704e+02,2.930340828096256178e-02,nan,7.174386887270122415e+00,1.000000000000000000e+00
3.630000000000000000e+02,2.472559548029809307e+01,3.888139993338315037e+01,-1.692185270554999975e-03,4.475068212643198962e+01,3.001081800458110793e-01,nan,1.303051784650093659e+01,1.000000000000000000e+00
3.630000000000000000e+02,5.775537023807417825e+01,5.309533660480076378e+01,-1.710105488749613222e-03,4.524554843072958477e+01,3.345039708417170132e-01,nan,8.434784562480709624e+00,1.000000000000000000e+00
3.640000000000000000e+02,1.018085507780044452e+01,4.805077281151535118e+01,-4.298087797223842411e-03,1.167126046168631177e+02,9.809273348607661092e-02,nan,4.863516560215394691e+00,1.000000000000000000e+00
3.650000000000000000e+02,4.898349345473989480e+00,1.626079066857785804e+01,-1.240425007993802096e-03,3.227533561366618642e+01,3.671863386770740645e-01,nan,1.271456577295968771e+01,1.000000000000000000e+00
3.650000000000000000e+02,5.354850454622419420e+01,3.639581829965970172e+01,-1.343984811885806955e-03,3.513513658647047322e+01,3.150635511342195771e-01,nan,6.595184788530684905e+00,1.000000000000000000e+00
3.670000000000000000e+02,1.425332719051934873e+02,5.111540319732845461e+01,-1.873227072714828394e-03,4.975014622811024623e+01,3.482744504840578070e-01,nan,1.270119898183046026e+01,1.000000000000000000e+00
3.670000000000000000e+02,1.094834378642970591e+02,5.266800042196597254e+00,-1.725225186485881143e-03,4.566307844401327998e+01,2.532564744053867889e-01,nan,6.643423423730380861e+00,1.000000000000000000e+00
3.670000000000000000e+02,1.427334310766042869e+01,2.484971811930669361e+01,-1.869155494630030459e-03,4.963770971770610885e+01,2.603606533260540701e-01,nan,1.271456577295968771e+01,1.000000000000000000e+00
3.670000000000000000e+02,1.308672643172059509e+02,4.609298121853492347e+01,-2.538748730287409064e-03,6.812850744761546196e+01,1.732455671654864471e-01,nan,1.270119898183046026e+01,1.000000000000000000e+00
3.670000000000000000e+02,4.753532914076209437e+01,3.910472655539894760e+01,-1.514235022468164975e-03,3.983659120057244962e+01,3.121578660197034116e-01,nan,6.595184788530684905e+00,1.000000000000000000e+00
3.680000000000000000e+02,1.161223696509181735e+02,5.022547059489583354e+00,-1.455584611699329862e-03,3.821696181283241600e+01,3.348086528630787040e-01,nan,6.643423423730380861e+00,1.000000000000000000e+00
3.690000000000000000e+02,8.024027389586430559e+01,5.245517647866164168e+01,-2.764672669648479339e-02,7.614845888067394526e+02,1.080277518529582093e-02,nan,1.079576672560767392e+01,1.000000000000000000e+00
3.700000000000000000e+02,3.597043715795384600e+01,2.809350914121311504e+01,-1.829175638703732856e-03,4.853366715897519157e+01,2.063782447931992170e-01,nan,1.097827977634683627e+01,1.000000000000000000e+00
3.720000000000000000e+02,1.338439560554469097e+02,1.391492193440551084e+01,-1.173126195146951146e-03,3.041688085405017006e+01,3.534033865401791097e-01,nan,1.253741596627531507e+01,1.000000000000000000e+00
3.720000000000000000e+02,5.189439376369445256e+01,3.076285408506255337e+01,-1.338866238406304218e-03,3.499378732868974851e+01,3.471266602777406396e-01,nan,9.412134757761208448e+00,1.000000000000000000e+00
3.720000000000000000e+02,1.710949070116036097e+01,5.184454315298306426e+01,-1.595828106032723707e-03,4.208978183035927145e+01,3.459208370762184570e-01,nan,2.423552544104122219e+01,1.000000000000000000e+00
3.730000000000000000e+02,2.673202012158284546e+01,2.216271851012218264e+01,-1.140732421725525582e-03,2.952232774307670837e+01,3.602685816926005646e-01,nan,1.097827977634683627e+01,1.000000000000000000e+00
3.730000000000000000e+02,7.949121679623837622e+01,4.168542751894870690e+01,-1.535375111410688248e-03,4.042037414193493561e+01,3.729094720465058188e-01,nan,7.083453558662319516e+00,1.000000000000000000e+00
3.740000000000000000e+02,1.116886742318049528e+02,3.639465702576517003e+01,-1.620602543911173763e-03,4.277392721189509928e+01,2.559001830658874654e-01,nan,1.407865568341641627e+01,1.000000000000000000e+00
3.740000000000000000e+02,1.443045265719063082e+02,7.003824801417469104e+00,-1.343838410253030960e-03,3.513109370963893952e+01,3.709399873187162466e-01,nan,1.253741596627531507e+01,1.000000000000000000e+00
3.760000000000000000e+02,6.362219843589942059e+01,8.788561934735470871e+00,-1.595799653190631750e-03,4.208899610595235430e+01,3.497492714773324796e-01,nan,1.186033292553769236e+01,1.000000000000000000e+00
3.760000000000000000e+02,1.424332610430521981e+02,4.198602332646450463e+01,-1.127081548296305323e-03,2.914535927031653273e+01,3.381619392976713545e-01,nan,2.455228719166830231e+01,1.000000000000000000e+00
3.770000000000000000e+02,7.615619067136641718e+01,1.249277944223529424e+01,-2.100087328486626576e-02,5.779595401162150665e+02,1.214294053174425070e-02,nan,1.166368506628150215e+01,1.000000000000000000e+00
3.770000000000000000e+02,4.030118638335988379e+01,4.480849704827309665e+01,-1.644483621786061193e-03,4.343340248291278272e+01,2.788523244228837683e-01,nan,1.487623649012995308e+01,1.000000000000000000e+00
3.780000000000000000e+02,1.226059550606183279e+02,2.750525180623460386e+01,-8.205309431678289508e-03,2.246104164244947583e+02,5.219383107969310931e-02,nan,9.905505198686073598e+00,1.000000000000000000e+00
3.790000000000000000e+02,4.953547173718056484e+01,3.314529053743368792e+01,-1.015857511744083785e-02,2.785497915329505076e+02,2.060211263976463592e-02,nan,1.486561880520352652e+01,1.000000000000000000e+00
3.800000000000000000e+02,2.128079990228055252e+01,2.748480366573303968e+01,-1.719968264169633538e-03,4.551790868712923555e+01,2.570620425061291847e-01,nan,1.746778679303037407e+01,1.000000000000000000e+00
3.810000000000000000e+02,2.370679139141372360e+01,9.889044677757590662e+00,-1.980930899998336811e-03,5.272438428635652485e+01,1.941620714854103147e-01,nan,9.749082406405451096e+00,1.000000000000000000e+00
3.810000000000000000e+02,6.728754500860483745e+01,2.006831067336214858e+01,-1.704152073004501326e-03,4.508114502806252233e+01,3.326906504274024234e-01,nan,6.357293404547766258e+00,1.000000000000000000e+00
3.820000000000000000e+02,2.270205896652949207e+01,4.841590324462523398e+01,-1.747351764789987051e-03,4.627410326040729416e+01,2.512392722620792052e-01,nan,1.336423896069212525e+01,1.000000000000000000e+00
3.830000000000000000e+02,1.381473686980570221e+02,9.667892863804020465e+00,-2.167521853415808886e-03,5.787708803863701945e+01,2.182475351297155086e-01,nan,1.825223680221425226e+01,1.000000000000000000e+00
3.830000000000000000e+02,7.258758077572231571e+01,1.655764117898048937e+01,-1.951065119986872742e-03,5.189964163988133805e+01,3.539947661024830383e-01,nan,6.357293404547766258e+00,1.000000000000000000e+00
3.840000000000000000e+02,5.015570260317363704e+01,1.829261616092862042e+01,-7.057301698858254452e-03,1.929082162684451873e+02,2.699678577550002068e-02,nan,1.486561880520352652e+01,1.000000000000000000e+00
3.840000000000000000e+02,3.605623332283487059e+01,4.893446882377330809e+01,-1.236448966120762835e-03,3.216553733297143225e+01,3.183313509456914270e-01,nan,1.336423896069212525e+01,1.000000000000000000e+00
3.850000000000000000e+02,1.354007109480329234e+02,2.771228311363892161e+01,-1.492708667647972857e-03,3.924214153823132278e+01,2.599482019081127415e-01,nan,1.664753762211096699e+01,1.000000000000000000e+00
3.870000000000000000e+02,4.307094946576408745e+01,4.874028075365986368e+00,-1.338507713132326042e-03,3.498388666367529254e+01,3.611883972939778920e-01,nan,1.330601339431738772e+01,1.000000000000000000e+00
3.880000000000000000e+02,8.171333669650253739e+01,1.509944624677603464e+01,1.575295707253139511e-03,-4.152278023517381200e+01,2.791712548664708748e-01,nan,9.241523336872662142e+00,1.000000000000000000e+00
3.890000000000000000e+02,6.566114488176718567e+01,3.569801579398882296e+01,-1.622090765089521979e-03,4.281502439645549174e+01,2.913280461077949468e-01,nan,1.341185831551479346e+01,1.000000000000000000e+00
3.890000000000000000e+02,1.137304275879160116e+02,3.426246390543212783e+01,-1.657395668896600094e-03,4.378996828836874045e+01,2.704791016745257126e-01,nan,4.731196023766620407e+00,1.000000000000000000e+00
3.890000000000000000e+02,8.075488640293139042e+01,4.472246049948033431e+01,-1.402748754908135454e-03,3.675790116408903430e+01,3.214003187286796903e-01,nan,1.137776459302929766e+01,1.000000000000000000e+00
3.900000000000000000e+02,9.194592096387826530e+01,4.266959114414284926e+01,-2.232255777525383317e-03,5.966471347036393524e+01,1.770967459745705908e-01,nan,1.070899521781413277e+01,1.000000000000000000e+00
3.900000000000000000e+02,9.769056516365338894e+00,2.749987357078057570e+01,-2.096272530981734862e-03,5.590954007165654360e+01,2.356722629877876507e-01,nan,8.304522239508129289e+00,1.000000000000000000e+00
3.900000000000000000e+02,1.426123516448230077e+02,4.271670737250340721e+01,-1.794892035258762461e-03,4.758692644686061612e+01,3.030712740600818300e-01,nan,1.664753762211096699e+01,1.000000000000000000e+00
3.910000000000000000e+02,1.620421861589364454e+01,4.207948920420002281e+01,-1.908147459715079600e-03,5.071447169958528889e+01,1.995309755667673546e-01,nan,8.100787724928810718e+00,1.000000000000000000e+00
3.910000000000000000e+02,5.680402103975313821e+01,4.576922727636122090e+01,-1.587197264226628251e-03,4.185144138488168863e+01,2.727169844343915184e-01,nan,1.283397615236872724e+01,1.000000000000000000e+00
3.920000000000000000e+02,9.421717128482710280e+01,3.220421964788167912e+01,-1.491122010329677325e-03,3.919832604252894726e+01,3.159376394138716515e-01,nan,1.070899521781413277e+01,1.000000000000000000e+00
3.920000000000000000e+02,2.130424191865557049e+01,3.578564109071312060e+01,-1.261016810750933623e-03,3.284397764796405994e+01,3.537964854174232565e-01,nan,8.100787724928810718e+00,1.000000000000000000e+00
3.920000000000000000e+02,1.202095485270140642e+02,2.980662592945943956e+01,-1.358352652685110122e-03,3.553190409230500535e+01,3.726906494321656771e-01,nan,6.232707120061600214e+00,1.000000000000000000e+00
3.930000000000000000e+02,1.182323553298476639e+02,3.571740803553858967e+01,-1.877515067888716523e-03,4.986855909013587507e+01,3.464314911604592373e-01,nan,4.731196023766620407e+00,1.000000000000000000e+00
3.930000000000000000e+02,7.103767239197650518e+00,4.579533704975816732e+01,-1.882501739393889614e-03,5.000626587873139073e+01,2.661605282547060414e-01,nan,9.829839290189189782e+00,1.000000000000000000e+00
3.930000000000000000e+02,4.594611838102103718e+00,1.011681797406707695e+01,-1.743457671474829855e-03,4.616656798675526119e+01,2.761444197774410858e-01,nan,1.813685473302466278e+01,1.000000000000000000e+00
3.950000000000000000e+02,8.104716515230836649e+01,5.336934128061767701e+00,-1.600064403006675124e-03,4.220676704809711310e+01,3.191785584238057139e-01,nan,1.652957321329591878e+01,1.000000000000000000e+00
3.960000000000000000e+02,5.234002601452943537e+01,5.577151546413246841e+00,-1.287822174318479888e-02,3.536527540114931298e+02,2.385245414187608937e-02,nan,1.153664343430360972e+01,1.000000000000000000e+00
3.960000000000000000e+02,9.698721122689845231e+01,9.712059469541157952e+00,-1.443393134953014972e-03,3.788029453702924343e+01,3.314101571520269296e-01,nan,8.832236669796106554e+00,1.000000000000000000e+00
3.970000000000000000e+02,3.260897455990122751e+01,1.297856877442125167e+01,-1.888858732280625664e-03,5.018181405242778226e+01,2.170735944625885594e-01,nan,8.720426338193163929e+00,1.000000000000000000e+00
3.970000000000000000e+02,2.182823721189253874e+01,2.629768434218823714e+01,-5.387387841691448735e-03,1.467935936663674283e+02,5.382500900725095683e-02,nan,9.502415184005242210e+00,1.000000000000000000e+00
3.970000000000000000e+02,1.182003206824179244e+02,9.593331397685993522e+00,-1.735759249765973658e-03,4.595397629514677362e+01,2.768373878132490695e-01,nan,1.028911734519116550e+01,1.000000000000000000e+00
3.980000000000000000e+02,3.817791916570352839e+01,6.267928603963706102e+00,-1.892052719203402098e-03,5.027001590841435075e+01,2.335980341851461306e-01,nan,8.720426338193163929e+00,1.000000000000000000e+00
3.980000000000000000e+02,4.950810884202230255e+01,4.115475975039584711e+01,-1.512079700354403101e-03,3.977707204308089217e+01,3.344674035257050315e-01,nan,1.748938663362014978e+01,1.000000000000000000e+00
3.990000000000000000e+02,1.089301078307082520e+02,5.129130525512953120e+00,-1.675058602815545196e-03,4.427772969487596555e+01,2.935567343565353982e-01,nan,1.028911734519116550e+01,1.000000000000000000e+00
3.990000000000000000e+02,1.305557984163620517e+02,1.685488202293524296e+01,-1.446269108707518708e-03,3.795971446862225918e+01,3.091815909049707711e-01,nan,8.932988047771614148e+00,1.000000000000000000e+00
3.990000000000000000e+02,1.419817568254605931e+02,2.192443222491105104e+01,-1.507048007095244946e-03,3.963812198005837928e+01,3.256980622801557423e-01,nan,8.885938985635256415e+00,1.000000000000000000e+00
4.000000000000000000e+02,1.363295680814692723e+01,4.714332663352759312e+01,-1.549239156771695103e-02,4.258429776919942356e+02,1.473408915715868073e-02,nan,8.417041883384309031e+00,1.000000000000000000e+00
4.000000000000000000e+02,6.254031948200962177e+01,1.096678556993855658e+01,-1.558349866444015382e-03,4.105482133404014888e+01,3.051178170338116891e-01,nan,1.153664343430360972e+01,1.000000000000000000e+00
4.000000000000000000e+02,3.263305204562561812e+01,4.694807500388099442e+01,-1.294923042927590209e-03,3.378029726347867268e+01,3.204008007123937407e-01,nan,1.088836332239122662e+01,1.000000000000000000e+00
4.020000000000000000e+02,5.031962482685981541e+01,6.765321806564444707e+00,-1.951797619256283312e-03,5.191986958590393897e+01,2.962198091622295637e-01,nan,1.215188941523696009e+01,1.000000000000000000e+00
4.030000000000000000e+02,7.274263836062607425e+01,4.177920888979728886e+01,-1.930682731066693048e-03,5.133678256260081696e+01,2.054818696436845338e-01,nan,6.182228959886291619e+00,1.000000000000000000e+00
4.030000000000000000e+02,8.291329863403272782e+01,3.969621680051393753e+01,-1.504002685880005078e-03,3.955402552326201260e+01,3.372845534563737591e-01,nan,7.337393239581639470e+00,1.000000000000000000e+00
4.040000000000000000e+02,1.358479969087447046e+02,2.835381018397692188e+01,-1.258065208553747457e-03,3.276246923912575681e+01,3.396153245109474472e-01,nan,8.885938985635256415e+00,1.000000000000000000e+00
4.050000000000000000e+02,8.188721943782444157e+01,4.696151108466835922e+01,-1.698128744516289902e-03,4.491481098702793417e+01,3.589236833381411751e-01,nan,6.339028203456840593e+00,1.000000000000000000e+00
4.060000000000000000e+02,1.745389491384376157e+01,4.542101284200026612e+01,-1.871222234509156094e-03,4.969478267936428750e+01,2.278838353269382333e-01,nan,2.291511867558605076e+01,1.000000000000000000e+00
4.060000000000000000e+02,5.495599712418844263e+01,4.661130981587027833e+01,-1.845809866759183862e-03,4.899302088297832825e+01,2.692150452696158158e-01,nan,1.267192781571094962e+01,1.000000000000000000e+00
4.070000000000000000e+02,3.988692385837980225e+01,5.009668138134314574e+01,-8.020625493976318160e-03,2.195103748557389451e+02,2.348798182556056657e-01,nan,1.546689316054505703e+01,1.000000000000000000e+00
4.070000000000000000e+02,3.237001961141129414e+01,2.043289673382123794e+01,-2.414686282936948439e-02,6.648359498976071791e+02,1.350741229256802178e-02,nan,8.361432036977847204e+00,1.000000000000000000e+00
4.070000000000000000e+02,8.451052578042597929e+01,5.273225994396624117e+01,-1.802048390154495838e-03,4.778454897918882693e+01,2.359455894436230938e-01,nan,6.339028203456840593e+00,1.000000000000000000e+00
4.080000000000000000e+02,7.470823585486313334e+01,6.159192984840040630e+00,-1.614005993182131542e-03,4.259176365535012110e+01,2.900942699856329243e-01,nan,3.192060583325689294e+01,1.000000000000000000e+00
4.100000000000000000e+02,7.338215301954130965e+00,1.195833826567201186e+01,-1.350970530746312083e-03,3.532804700964820910e+01,2.873989075167684426e-01,nan,2.642743589940268834e+01,1.000000000000000000e+00
4.100000000000000000e+02,5.995683713642409884e+01,3.496788447198578353e+01,-2.065229982383360880e-03,5.505230099487602047e+01,2.518723974872434379e-01,nan,1.267192781571094962e+01,1.000000000000000000e+00
4.120000000000000000e+02,1.251933588935690693e+02,4.008003499307891104e+01,-2.124626457820940131e-03,5.669253293674675120e+01,1.927352381642165602e-01,nan,1.269817657295397417e+01,1.000000000000000000e+00
4.120000000000000000e+02,1.269259546872532098e+02,2.750061528891031415e+01,-1.232357878809981280e-03,3.205256207585911454e+01,3.243238360774532980e-01,nan,7.507009426484529513e+00,1.000000000000000000e+00
4.120000000000000000e+02,1.301881321642673051e+01,4.989198169554165929e+01,-1.466111695863812946e-03,3.850766693589132217e+01,3.683421767582405471e-01,nan,2.686889040190531119e+01,1.000000000000000000e+00
4.130000000000000000e+02,1.194338813214303627e+02,2.702730016084498743e+01,-1.396153477878281021e-03,3.657577278071008919e+01,3.470890501438185227e-01,nan,7.507009426484529513e+00,1.000000000000000000e+00
4.130000000000000000e+02,1.007088902461861437e+02,2.467651050075279784e+01,-1.531832855800566856e-02,4.210362327408288934e+02,1.350875807844598153e-02,nan,1.887197665306874939e+01,1.000000000000000000e+00
4.130000000000000000e+02,4.022598511183413450e+01,3.218505671797252887e+01,-1.434270198387830111e-03,3.762836490909025144e+01,2.861231807545747685e-01,nan,1.157647635187598034e+01,1.000000000000000000e+00
4.160000000000000000e+02,7.384029245909179906e+01,5.441090193452029489e+00,-1.417812546156834233e-03,3.717388732134435259e+01,3.142058570980268417e-01,nan,1.718656660778680845e+01,1.000000000000000000e+00
4.170000000000000000e+02,5.486601409859974865e+01,3.455380585329794485e+01,-1.664190189378288946e-03,4.397759877387579763e+01,2.416814497928194694e-01,nan,1.483042215176096512e+01,1.000000000000000000e+00
4.180000000000000000e+02,1.356732552916422776e+02,4.383237892194361507e+01,-1.347298622011994674e-03,3.522664735673460967e+01,3.106113653894274629e-01,nan,8.524731275933440600e+00,1.000000000000000000e+00
4.180000000000000000e+02,9.462481748901983281e+01,5.102356019041728530e+00,-1.285354320750114023e-03,3.351605727882036945e+01,2.737279532712150187e-01,nan,1.213951640795927567e+01,1.000000000000000000e+00
4.180000000000000000e+02,6.102793740055578731e+00,2.189579104715130597e+01,-1.495329911882212204e-03,3.931452712153015483e+01,3.353088331289055812e-01,nan,2.260453461797004948e+01,1.000000000000000000e+00
4.180000000000000000e+02,8.918280834378387567e+01,5.014592184081448778e+01,-1.413006058440888051e-03,3.704115630284832861e+01,2.465551016709307541e-01,nan,1.351018885828583471e+01,1.000000000000000000e+00
4.190000000000000000e+02,9.435551180041861130e+01,3.766520303394003122e+01,-1.636727056916977788e-03,4.321920516962551062e+01,3.123979742623187450e-01,nan,1.218608824568512539e+01,1.000000000000000000e+00
4.190000000000000000e+02,1.394243348484165779e+02,5.148747170293769670e+01,-1.681718561513056553e-03,4.446164426062622255e+01,2.372442297100618713e-01,nan,8.524731275933440600e+00,1.000000000000000000e+00
4.200000000000000000e+02,3.969828640179638768e+01,2.033635369988462216e+01,-1.456613267596555857e-03,3.824536811551946869e+01,2.874909131835710063e-01,nan,1.091864791539472179e+01,1.000000000000000000e+00
4.200000000000000000e+02,3.807159681644870375e+01,3.338803244096431655e+01,-1.744354663776334071e-03,4.619133840307542727e+01,2.981127747605394340e-01,nan,9.051129958275240028e+00,1.000000000000000000e+00
4.210000000000000000e+02,2.962064229879263877e+01,3.014699537513244110e+01,-2.235406785047992870e-03,5.975172845146480682e+01,2.263570220261842403e-01,nan,9.033237720092946788e+00,1.000000000000000000e+00
4.220000000000000000e+02,1.351376053305512812e+02,2.156071629984062454e+01,-1.194121848505593723e-03,3.099667521096419520e+01,3.318561392349138606e-01,nan,1.276710435598318583e+01,1.000000000000000000e+00
4.240000000000000000e+02,1.058113728987895001e+02,4.182019921040730992e+01,-1.252364184530426697e-03,3.260503562651602749e+01,3.324396290651938646e-01,nan,1.218608824568512539e+01,1.000000000000000000e+00
4.260000000000000000e+02,3.091839952862601848e+01,2.120746463352607947e+01,-2.949840050277645342e-02,8.126185071180499335e+02,1.158825546012820507e-02,nan,9.033237720092946788e+00,1.000000000000000000e+00
4.260000000000000000e+02,9.418660306385187653e+01,3.026447996476424862e+01,-1.443074602645311177e-03,3.787149827661539803e+01,3.536401311782815249e-01,nan,1.312342400222548733e+01,1.000000000000000000e+00
4.260000000000000000e+02,8.549583072910969861e+01,4.009782800944709891e+01,-1.477321936420474859e-02,4.059830582066041984e+02,1.435998759971601757e-02,nan,1.312342400222548733e+01,1.000000000000000000e+00
4.260000000000000000e+02,5.053265339309760407e+01,2.050898596600544721e+01,-1.805425273631360451e-03,4.787780151819763574e+01,2.112330106516213668e-01,nan,9.244621033570640023e+00,1.000000000000000000e+00
4.260000000000000000e+02,4.121521849548636141e+01,4.058097550759730154e+01,-1.659594915691522087e-03,4.385070042465313378e+01,2.393174978358649785e-01,nan,1.559814535724065188e+01,1.000000000000000000e+00
4.270000000000000000e+02,8.861494759777677643e+00,9.697251702563010056e+00,-1.661395020781029647e-03,4.390041027435015053e+01,2.170977316890647657e-01,nan,1.305400829984161071e+01,1.000000000000000000e+00
4.270000000000000000e+02,1.299004254109168812e+02,9.836131517994687101e+00,-1.447311899096176803e-03,3.798851109487915778e+01,3.267858806287601281e-01,nan,9.288847609974604680e+00,1.000000000000000000e+00
4.270000000000000000e+02,1.297368448374228365e+02,3.312923996245323366e+01,-1.584661164430064195e-03,4.178140706275313221e+01,3.003094439216492662e-01,nan,7.259887605071782879e+00,1.000000000000000000e+00
4.280000000000000000e+02,2.170171378267297868e+01,1.205010276806020997e+01,-1.337852453643172644e-02,3.674686010974562009e+02,1.925311696568066111e-02,nan,9.169125901393080369e+00,1.000000000000000000e+00
4.280000000000000000e+02,1.168698383198988466e+02,8.660029260308743204e+00,-1.423839965751594024e-03,3.734033433816730252e+01,3.194320929058642733e-01,nan,1.308355519181005278e+01,1.000000000000000000e+00
4.290000000000000000e+02,6.381320699239402927e+01,4.499148382285397219e+01,-2.027039843229710460e-03,5.399768141277412781e+01,2.472798687707310483e-01,nan,6.416987693805933368e+00,1.000000000000000000e+00
4.300000000000000000e+02,1.094785657096713010e+02,2.094973957054773095e+01,-1.655368138219309206e-03,4.373397808767896322e+01,2.268826963472279079e-01,nan,1.017967500859247743e+01,1.000000000000000000e+00
4.320000000000000000e+02,1.393357915194450527e+02,4.164571297354763857e+01,-1.892704802859584198e-03,5.028802317961626045e+01,2.262404331434956228e-01,nan,4.201880685194767651e+00,1.000000000000000000e+00
4.320000000000000000e+02,1.391307176721243479e+02,1.087747425409289548e+01,-1.826478862633778297e-03,4.845919576622966218e+01,2.395086479440806659e-01,nan,9.288847609974604680e+00,1.000000000000000000e+00
4.320000000000000000e+02,1.228271685845863033e+02,3.090160845808322421e+01,-1.665610956842717566e-03,4.401683322608795379e+01,3.101823069448289560e-01,nan,7.259887605071782879e+00,1.000000000000000000e+00
4.330000000000000000e+02,9.814023456184267502e+01,4.009601072380718279e+01,-2.279396085487208831e-03,6.096649170381934368e+01,2.288588987137736286e-01,nan,5.743106990175844473e+00,1.000000000000000000e+00
4.330000000000000000e+02,5.317695715694995329e+00,1.681722172216764477e+01,-2.158419265634666136e-03,5.762572034177757985e+01,2.170545397437424473e-01,nan,1.039032543050837809e+01,1.000000000000000000e+00
4.330000000000000000e+02,2.437677653015207468e+01,2.082033133364771516e+01,-1.731076711649509950e-03,4.582466814123581855e+01,2.478521236299631170e-01,nan,9.169125901393080369e+00,1.000000000000000000e+00
4.330000000000000000e+02,6.373826920863674417e+01,2.255296921191290593e+01,-2.272160234625579013e-03,6.076667389270475894e+01,2.381853677854247620e-01,nan,7.440391704930445549e+00,1.000000000000000000e+00
4.340000000000000000e+02,1.109040824424886580e+02,4.155762114381189321e+01,-1.676436256607672075e-03,4.431577356428132930e+01,3.458605557711110778e-01,nan,7.452063566118704685e+00,1.000000000000000000e+00
4.340000000000000000e+02,3.168151638246128599e+01,1.006250846161971069e+01,-1.490002598683733831e-02,4.094848194028775765e+02,1.342334364492558940e-02,nan,8.222098750408800782e+00,1.000000000000000000e+00
4.340000000000000000e+02,4.859533084215713217e+01,2.701094727345684277e+01,-1.259899905917728508e-03,3.281313435347636442e+01,3.620425775828717274e-01,nan,1.433771061376012312e+01,1.000000000000000000e+00
4.340000000000000000e+02,5.947829624737023124e+01,4.026006966901645256e+01,-1.417799147820736740e-03,3.717351732668267061e+01,2.646013405637069882e-01,nan,6.416987693805933368e+00,1.000000000000000000e+00
4.350000000000000000e+02,9.864234936292842804e+01,5.686722000147710787e+00,-1.537236761841796447e-03,4.047178356445041914e+01,2.919442312630721181e-01,nan,8.539840413216813531e+00,1.000000000000000000e+00
4.350000000000000000e+02,1.172532411975563065e+02,4.545908682947691659e+01,-1.779652818277455400e-03,4.716609591310096050e+01,2.985407761269297522e-01,nan,7.452063566118704685e+00,1.000000000000000000e+00
4.360000000000000000e+02,1.405954674954466270e+02,4.565433090596491184e+01,-1.813405321118408044e-03,4.809817029748078454e+01,2.734725736411437458e-01,nan,4.201880685194767651e+00,1.000000000000000000e+00
4.360000000000000000e+02,1.431966281540502166e+02,3.528469430476724256e+01,-1.249483359418803764e-03,3.252548172483724898e+01,2.956500582991530290e-01,nan,7.441009207337540232e+00,1.000000000000000000e+00
4.370000000000000000e+02,2.447367790422399381e+01,4.340098399660662665e+01,-1.432439939919687849e-02,3.935889079252652891e+02,1.393613875325261375e-02,nan,2.258086058062204060e+01,1.000000000000000000e+00
4.370000000000000000e+02,6.356183330199343828e+01,1.511466973598127694e+01,-2.442486488751485687e-03,6.547022844705037414e+01,2.079889865368759194e-01,nan,7.440391704930445549e+00,1.000000000000000000e+00
4.380000000000000000e+02,1.889006384075553058e+01,6.773753335592938463e+00,-2.164695102001652684e-03,5.779902738054124001e+01,1.935376147067651154e-01,nan,6.077019412072367288e+00,1.000000000000000000e+00
4.380000000000000000e+02,5.368870083755215461e+01,4.501665444538856420e+00,-1.893702459129985695e-03,5.031557342851006354e+01,2.308991592868421261e-01,nan,1.449533044640858215e+01,1.000000000000000000e+00
4.380000000000000000e+02,1.570277890150734557e+01,1.714723653339091314e+01,-1.404951209151880914e-03,3.681872187397942042e+01,3.281959758800411242e-01,nan,5.701418604436866211e+00,1.000000000000000000e+00
4.380000000000000000e+02,9.473217664105523284e+01,4.933613445586668433e+01,-1.419194706775231147e-03,3.721205564662609788e+01,2.968328238271438213e-01,nan,3.926364591327789810e+00,1.000000000000000000e+00
4.390000000000000000e+02,3.815863971247924979e+01,4.997947154930751701e+00,-1.339540771338128310e-03,3.501241453598564846e+01,3.668063678002945194e-01,nan,8.222098750408800782e+00,1.000000000000000000e+00
4.390000000000000000e+02,6.293301981393664590e+01,2.703585896632975860e+01,-1.591366963258235637e-03,4.196658750237846647e+01,2.961033399731379800e-01,nan,1.193776189528584908e+01,1.000000000000000000e+00
4.410000000000000000e+02,1.021749121563162532e+02,3.186888733880999069e+01,-1.607767333056664893e-03,4.241948323741489446e+01,2.570672161928155841e-01,nan,3.465857219546074397e+00,1.000000000000000000e+00
4.410000000000000000e+02,9.981459261714459785e+01,1.813863328144914178e+01,-1.347796295676940894e-03,3.524039060051900663e+01,3.144895254750994518e-01,nan,1.068650648794421976e+01,1.000000000000000000e+00
4.410000000000000000e+02,1.229636851842793419e+02,4.978035615587258178e+01,-1.585115940100516752e-03,4.179396567966712439e+01,3.089429013436029159e-01,nan,1.810811508222949229e+01,1.000000000000000000e+00
4.420000000000000000e+02,1.504952748135990070e+01,1.148336535855879426e+01,-1.804187254602468296e-03,4.784361365871821903e+01,3.206363627520749660e-01,nan,5.701418604436866211e+00,1.000000000000000000e+00
4.430000000000000000e+02,3.437970387886850432e+01,1.662880091842424335e+01,-1.680801461656175957e-03,4.443631857474909452e+01,3.230732400492228873e-01,nan,7.069398817279648028e+00,1.000000000000000000e+00
4.440000000000000000e+02,9.840727920797164074e+01,4.200255775827162097e+01,-2.084495227790550322e-03,5.558431018653351430e+01,1.919383446986122621e-01,nan,7.958943849393707914e+00,1.000000000000000000e+00
4.440000000000000000e+02,1.310204460108052160e+02,3.253555242431622219e+01,-1.478578113829069575e-03,3.885192670545986715e+01,3.081778810307151950e-01,nan,1.903403926537249902e+01,1.000000000000000000e+00
4.440000000000000000e+02,1.074760338668177155e+02,4.738200602464964994e+00,-1.516955936430834954e-03,3.991172916052335040e+01,3.133941051808220024e-01,nan,1.049858951116812023e+01,1.000000000000000000e+00
4.440000000000000000e+02,8.912980670240926884e+00,9.040048265002374350e+00,-1.655599375166868061e-03,4.374036368926108764e+01,3.001598446978489543e-01,nan,6.605074199789085831e+00,1.000000000000000000e+00
4.440000000000000000e+02,2.532046073715616430e+01,2.037269433429214871e+01,-1.352554347950502131e-03,3.537178407568215022e+01,2.970311656112901710e-01,nan,9.802378497591343276e+00,1.000000000000000000e+00
4.440000000000000000e+02,5.147130533908090655e+01,1.997615919286355535e+01,-1.367712138841327201e-03,3.579036603032113817e+01,2.704124160036943669e-01,nan,9.717405593460055613e+00,1.000000000000000000e+00
4.450000000000000000e+02,1.190027802422900152e+02,5.518688591481435424e+00,-1.483281144033001160e-03,3.898180074777031479e+01,3.495550486655121247e-01,nan,1.155313998467354963e+01,1.000000000000000000e+00
4.450000000000000000e+02,3.955094748977013097e+01,2.144903319026177257e+01,-1.517802526401838088e-03,3.993510771795249781e+01,3.332729186664997734e-01,nan,7.069398817279648028e+00,1.000000000000000000e+00
4.460000000000000000e+02,6.023021260117305076e+01,1.576789172965755270e+01,-2.090086620664375044e-03,5.573871633813814697e+01,1.862762390225546349e-01,nan,6.760189090068929652e+00,1.000000000000000000e+00
4.460000000000000000e+02,7.567433605391366314e+01,5.142607314896694959e+01,-1.776698960919334503e-03,4.708452522805902163e+01,1.942690004554444849e-01,nan,1.693956126490347458e+01,1.000000000000000000e+00
4.460000000000000000e+02,3.781237484356483947e+01,2.864630340594133528e+01,-1.579956353847759235e-03,4.165148385534568831e+01,3.365801633183050923e-01,nan,7.404278047429162513e+00,1.000000000000000000e+00
4.470000000000000000e+02,2.377610524100074585e+01,3.848046772810259597e+01,-1.818791210359597304e-03,4.824690147224654169e+01,1.966506283775814046e-01,nan,1.567955635185534646e+01,1.000000000000000000e+00
4.510000000000000000e+02,2.990261592368464960e+01,8.644074694670273118e+00,-2.146996467248683121e-02,5.909134851434804432e+02,1.357592902897775122e-02,nan,1.577065455705333363e+01,1.000000000000000000e+00
4.510000000000000000e+02,6.683707887656660773e+01,1.433629312929701527e+01,-1.763242330439768581e-03,4.671292076870467724e+01,2.571227462346192816e-01,nan,6.760189090068929652e+00,1.000000000000000000e+00
4.510000000000000000e+02,1.052135334450369868e+02,3.896386986713861234e+01,-1.289369936438329502e-03,3.362694838927035335e+01,3.247306554377664689e-01,nan,1.923368764413648790e+01,1.000000000000000000e+00
4.530000000000000000e+02,6.504373431583937304e+01,5.346053934269521335e+01,-1.423723301991082664e-02,3.911818108962091856e+02,8.475730030216399591e-03,nan,1.668518566085738541e+01,1.000000000000000000e+00
4.530000000000000000e+02,4.650389974325794640e+01,4.838613693226952961e+01,-1.419769525168300970e-03,3.722792923983414681e+01,2.232508046239074506e-01,nan,1.922173316331333126e+01,1.000000000000000000e+00
4.540000000000000000e+02,2.660589325737385735e+01,2.406630426173805759e+01,-8.682595138271893484e-03,2.377906473318975031e+02,3.209653796828959571e-02,nan,1.367931642673724824e+01,1.000000000000000000e+00
4.560000000000000000e+02,6.915771297133440498e+01,3.729048677137027568e+01,-1.984942612069165273e-03,5.283516759852588507e+01,2.442160643429170941e-01,nan,1.064893030428657461e+01,1.000000000000000000e+00
4.560000000000000000e+02,5.957586146451559372e+00,5.042579851018657422e+01,-1.318024071630686730e-03,3.441823149930234393e+01,3.404245586708025684e-01,nan,1.299034040305746096e+01,1.000000000000000000e+00
4.570000000000000000e+02,1.373373549642329863e+02,5.349294751022996763e+01,-1.353973271001591028e-03,3.541096759447357556e+01,3.606610403590574387e-01,nan,1.223028193540017661e+01,1.000000000000000000e+00
4.570000000000000000e+02,1.267554680852440754e+02,4.736078098446941453e+01,-1.536843490133623117e-03,4.046092337766614122e+01,2.772180070010148434e-01,nan,7.694688816132719822e+00,1.000000000000000000e+00
4.580000000000000000e+02,6.405616839568853038e+01,1.971721469417941819e+01,-2.408712951425409296e-03,6.453757319597556830e+01,2.221903615913024543e-01,nan,1.671960882457551634e+01,1.000000000000000000e+00
4.580000000000000000e+02,1.308315233889448770e+01,2.200252715301549600e+01,-1.572999416383921321e-03,4.145936822959991019e+01,3.298452546479891945e-01,nan,4.017511194791603124e+00,1.000000000000000000e+00
4.580000000000000000e+02,1.199710362778537984e+02,4.373039243391603748e+01,-1.370120283081723705e-03,3.585686686348726226e+01,3.077906737994049458e-01,nan,7.694688816132719822e+00,1.000000000000000000e+00
4.590000000000000000e+02,1.112547682592013132e+02,1.476528271196191966e+01,-1.602807574050337360e-03,4.228251963669234215e+01,2.713244141644186591e-01,nan,9.764434793756739950e+00,1.000000000000000000e+00
4.590000000000000000e+02,1.999937024741179670e+01,1.016240378126922117e+01,-1.406725899760376177e-03,3.686772990352236690e+01,3.043144903859648087e-01,nan,1.371213300753270481e+01,1.000000000000000000e+00
4.590000000000000000e+02,5.913388582688452288e+01,4.496311086202802443e+01,-1.402281093577284173e-03,3.674498671003787109e+01,3.510161704685680339e-01,nan,1.262324328603199852e+01,1.000000000000000000e+00
4.590000000000000000e+02,7.737434874656575801e+01,4.406445260851037915e+01,-1.574282433177292629e-03,4.149479870103682089e+01,3.141374765389853829e-01,nan,1.064893030428657461e+01,1.000000000000000000e+00
4.600000000000000000e+02,9.190002673102438280e+01,1.675104820076402845e+01,-2.163627218965695834e-03,5.776953782155892725e+01,2.246466123599084597e-01,nan,1.945634303251909003e+01,1.000000000000000000e+00
4.610000000000000000e+02,2.236143118067613500e+01,4.964393713872395608e+01,-1.335464456950003409e-03,3.489984723270287503e+01,3.459833186115357506e-01,nan,5.594500825320619875e+00,1.000000000000000000e+00
4.620000000000000000e+02,9.797114544169854611e+00,1.969117434309721659e+01,-2.079976840522161727e-03,5.545953505351839397e+01,2.109090553786265865e-01,nan,4.017511194791603124e+00,1.000000000000000000e+00
4.620000000000000000e+02,3.375720283860377435e+01,3.543023979473437635e+01,-1.243302412308938676e-03,3.235479505014947677e+01,3.103170397934368330e-01,nan,5.536004652969476858e+00,1.000000000000000000e+00
4.630000000000000000e+02,1.284034313598166364e+02,7.580791800756901289e+00,-2.121128316893795829e-03,5.659593187677481296e+01,2.173895961879541705e-01,nan,1.790210357739919900e+01,1.000000000000000000e+00
4.630000000000000000e+02,1.305210117716210902e+02,4.036658187274763065e+01,-1.894667741241716713e-03,5.034222966595367410e+01,2.569671544303021582e-01,nan,1.107326530028602463e+01,1.000000000000000000e+00
4.640000000000000000e+02,4.136894034138965281e+01,2.556958470148947171e+01,-1.488465027543969506e-03,3.912495354017064386e+01,2.846166002487972024e-01,nan,4.652310965787143537e+00,1.000000000000000000e+00
4.640000000000000000e+02,6.213436650794154303e+01,1.769301139845921256e+01,-1.938910728877709126e-03,5.156399848286959298e+01,2.912534950426191038e-01,nan,1.119764064051048180e+01,1.000000000000000000e+00
4.650000000000000000e+02,1.416793487855599096e+02,1.959059317300179259e+01,-1.168465174090387027e-02,3.206923531092996882e+02,1.215768454643473273e-02,nan,1.006573613422056646e+01,1.000000000000000000e+00
4.650000000000000000e+02,1.896749271556307548e+01,4.519650853563889825e+01,-1.747888189039084042e-03,4.628891660044609324e+01,1.919813455741398167e-01,nan,5.594500825320619875e+00,1.000000000000000000e+00
4.650000000000000000e+02,2.397940334747001501e+01,5.316832226966381469e+00,-1.358083791798346020e-03,3.552447950673589361e+01,3.105111145942156536e-01,nan,8.036150789764128888e+00,1.000000000000000000e+00
4.660000000000000000e+02,1.090845923185474078e+02,1.482998861876524366e+01,-2.179432530203119500e-03,5.820600103173837425e+01,1.987994242591460958e-01,nan,4.117526006109315517e+00,1.000000000000000000e+00
4.660000000000000000e+02,6.525075802865136154e+01,4.490223935289277080e+01,-1.557316961103052608e-03,4.102629768308788982e+01,2.724993490255906980e-01,nan,7.281061661034387456e+00,1.000000000000000000e+00
4.660000000000000000e+02,8.352260451259921581e+01,4.707198858974879840e+01,-1.352822419839610178e-03,3.537918687310394006e+01,3.010527401889718790e-01,nan,8.103237333765594741e+00,1.000000000000000000e+00
4.670000000000000000e+02,4.995421698732879889e+01,5.289825126260242172e+01,-1.428484720707754807e-03,3.746859911120528608e+01,2.790578462505209911e-01,nan,1.726037005075743380e+01,1.000000000000000000e+00
4.670000000000000000e+02,5.804492123264527237e+01,7.268828300759469840e+00,-1.494695647885706767e-03,3.929701193971200013e+01,3.348856231222850921e-01,nan,1.119764064051048180e+01,1.000000000000000000e+00
4.670000000000000000e+02,4.516918622567659725e+01,2.825326287544093162e+01,-1.564886486830242059e-03,4.123532991591113728e+01,3.384496200235067587e-01,nan,4.652310965787143537e+00,1.000000000000000000e+00
4.680000000000000000e+02,7.592605110605886409e+01,4.320577947058421131e+00,-1.770264267272939800e-03,4.690683135014431571e+01,2.744609807805952206e-01,nan,1.616437853382779366e+01,1.000000000000000000e+00
4.680000000000000000e+02,1.112495656851962593e+02,3.497332669342988964e+01,-1.278101369651271201e-03,3.331576724515245047e+01,2.949248031030642370e-01,nan,1.367410283676105109e+01,1.000000000000000000e+00
4.680000000000000000e+02,7.170761009503326022e+01,4.826719407838977816e+01,-1.325636584128375489e-03,3.462845081054280882e+01,3.141582694097068140e-01,nan,7.281061661034387456e+00,1.000000000000000000e+00
4.690000000000000000e+02,1.684949688027096570e+01,2.736783919902677908e+01,-1.491982961327265218e-02,4.100316959709697926e+02,1.261893640915912052e-02,nan,9.368864372116210149e+00,1.000000000000000000e+00
4.690000000000000000e+02,2.988184476662653921e+01,1.077035446578160105e+01,-1.269630484465711145e-03,3.308184399709917756e+01,3.336343998168718183e-01,nan,8.036150789764128888e+00,1.000000000000000000e+00
4.700000000000000000e+02,1.312719502054187899e+02,1.304528393484174131e+01,-2.115562204197095082e-03,5.644222383652627428e+01,1.953368213518713592e-01,nan,1.186081750366720300e+01,1.000000000000000000e+00
4.700000000000000000e+02,1.144928176580328483e+02,2.168941141851910004e+01,-2.132906515475428352e-03,5.692118648807903014e+01,2.514682530222107637e-01,nan,8.735020461821221716e+00,1.000000000000000000e+00
4.710000000000000000e+02,1.311612520097983463e+02,5.095983455032480691e+01,-1.653869007057110841e-03,4.369257962423182562e+01,3.146688846046334920e-01,nan,1.830790763859323533e+01,1.000000000000000000e+00
4.720000000000000000e+02,8.520400900772780517e+01,1.982245053047040173e+01,-1.463677924620624023e-03,3.844045841378835604e+01,3.509268246258915314e-01,nan,6.220387345270926183e+00,1.000000000000000000e+00
4.730000000000000000e+02,1.394864170899221847e+02,2.160107294922816479e+01,-2.045978497724332615e-03,5.452067180587881978e+01,3.063353770904986284e-01,nan,7.897115452102748456e+00,1.000000000000000000e+00
4.740000000000000000e+02,7.544083339534059007e+01,4.191283003142540764e+01,-2.130093706056821953e-02,5.862457925559227760e+02,1.162064004162555175e-02,nan,2.391853450977432871e+01,1.000000000000000000e+00
4.740000000000000000e+02,9.151456593708383025e+01,6.287015398200408889e+00,-1.355954495361075219e-03,3.546567904754377309e+01,2.649642110735141998e-01,nan,1.493422689591035102e+01,1.000000000000000000e+00
4.740000000000000000e+02,6.174623234003050953e+01,2.230277661407935952e+01,-1.852815722615046854e-03,4.918648738869725889e+01,2.697832116026793736e-01,nan,1.307652141866184436e+01,1.000000000000000000e+00
4.740000000000000000e+02,7.520794458496381729e+00,2.823440180443130743e+01,-1.716715064093600604e-03,4.542807166163749599e+01,2.760492252883256503e-01,nan,9.368864372116210149e+00,1.000000000000000000e+00
4.760000000000000000e+02,1.019296650438125624e+02,4.062867831462653356e+01,-1.934621626619681140e-03,5.144555504874762875e+01,2.053000460599428978e-01,nan,1.114532712053502017e+01,1.000000000000000000e+00
4.760000000000000000e+02,1.166165090734539831e+02,1.422111596165589376e+01,-1.790863669559044019e-03,4.747568324521376582e+01,2.390122534285356037e-01,nan,1.915856821985066816e+01,1.000000000000000000e+00
4.760000000000000000e+02,7.442385462264121010e+00,1.759808947896425479e+01,-1.707442417632277273e-03,4.517200779927043186e+01,1.895037365558741582e-01,nan,6.339261682458483094e+00,1.000000000000000000e+00
4.760000000000000000e+02,3.801199940175311554e+01,3.874331136397028530e+01,-1.111212960903152280e-03,2.870714869093678345e+01,3.396421491874564991e-01,nan,2.887221841200954131e+01,1.000000000000000000e+00
4.770000000000000000e+02,2.596669941537352599e+01,1.102142406138617758e+01,-1.836117801074086363e-03,4.872537477094407876e+01,2.152949676822527580e-01,nan,1.242988243980046903e+01,1.000000000000000000e+00
4.790000000000000000e+02,1.416232325756510946e+01,7.128008980480434076e+00,-1.417992368022569965e-03,3.717885309693716067e+01,3.276306068822111284e-01,nan,1.242988243980046903e+01,1.000000000000000000e+00
4.790000000000000000e+02,1.343125745170646042e+02,2.393776086320897534e+01,-1.276988339751798478e-03,3.328503095684708057e+01,3.481820292595045885e-01,nan,2.018821241039997361e+01,1.000000000000000000e+00
4.800000000000000000e+02,6.946053656647070795e+01,4.108272948932322777e+01,-1.821845012119813938e-03,4.833123211904581495e+01,2.913898793402365239e-01,nan,1.349791716126642349e+01,1.000000000000000000e+00
4.800000000000000000e+02,1.130022632996938086e+02,5.358615442866435075e+01,-1.261600790918491598e-03,3.286010424330816448e+01,3.674057881926215963e-01,nan,1.354374728320511956e+01,1.000000000000000000e+00
4.810000000000000000e+02,7.418547343240795122e+00,2.393730634090925236e+01,-1.364965314522242337e-03,3.571451255663135527e+01,2.604387132903037694e-01,nan,6.339261682458483094e+00,1.000000000000000000e+00
4.810000000000000000e+02,1.246135061394344206e+02,4.661391445947952406e+01,-1.267992141931180471e-03,3.303660121565355468e+01,2.900187887225640360e-01,nan,1.354374728320511956e+01,1.000000000000000000e+00
4.820000000000000000e+02,8.122809902623276912e+01,4.769470661027648362e+01,-2.325969171282176590e-03,6.225260611363263763e+01,1.983628179931787860e-01,nan,1.349791716126642349e+01,1.000000000000000000e+00
4.830000000000000000e+02,9.601882206262192199e+01,5.301838938745844843e+01,-1.237598400970318490e-03,3.219727894291462889e+01,3.616803533326223841e-01,nan,1.571964014382125185e+01,1.000000000000000000e+00
4.840000000000000000e+02,8.191067406772360471e+01,7.689120435174486623e+00,-2.307672256951978119e-03,6.174733735650573863e+01,1.580971782371192180e-01,nan,1.706595464946166274e+01,1.000000000000000000e+00
4.840000000000000000e+02,6.663408797116663607e+01,2.120421813890405716e+01,-1.744326478699361003e-03,4.619056007299447941e+01,2.679291170303096381e-01,nan,9.608559406637992240e+00,1.000000000000000000e+00
4.840000000000000000e+02,8.077331097975324781e+01,2.471713304098391362e+01,-1.387593236672056635e-03,3.633938196874477455e+01,3.313562751556697883e-01,nan,1.432856008800767533e+01,1.000000000000000000e+00
4.840000000000000000e+02,1.544398565370403986e+01,4.334075968678670421e+01,-1.380471659126629013e-03,3.614271981193387973e+01,3.411678656925529740e-01,nan,2.099765848423804826e+01,1.000000000000000000e+00
4.850000000000000000e+02,6.469145485032188958e+01,1.141647736942730518e+01,-3.923407494093641285e-03,1.063658189421842053e+02,7.705266804798527325e-02,nan,9.978661874854783065e+00,1.000000000000000000e+00
4.860000000000000000e+02,1.397187605521259002e+02,1.662327152533375951e+01,-2.482812478706046197e-03,6.658382948690567105e+01,1.814526041016558677e-01,nan,1.019259882307040854e+01,1.000000000000000000e+00
4.860000000000000000e+02,6.904782698965719590e+01,3.295246299148666935e+01,-1.294483079779516895e-03,3.376814769393941162e+01,3.622302897040179381e-01,nan,1.199363969633978932e+01,1.000000000000000000e+00
4.860000000000000000e+02,4.024291643816611241e+01,4.301880231557070289e+01,-1.208312637948982284e-03,3.138855344875406672e+01,3.322431189478283198e-01,nan,8.785073753741309943e+00,1.000000000000000000e+00
4.880000000000000000e+02,5.110856545346747737e+01,1.509267117340075082e+01,-1.486952086485595747e-03,3.908317371684223929e+01,3.190243947646591582e-01,nan,7.323664791091916371e+00,1.000000000000000000e+00
4.910000000000000000e+02,1.618718889339532296e+01,9.598858926452793483e+00,-2.616077809420365441e-03,7.026394771902718617e+01,1.959874842092746983e-01,nan,5.484351727670182086e+00,1.000000000000000000e+00
4.910000000000000000e+02,3.391240431363857510e+01,1.238424150549771063e+01,-1.658612913452793070e-03,4.382358246138872460e+01,2.772529939850858494e-01,nan,1.111982413565214856e+01,1.000000000000000000e+00
4.910000000000000000e+02,4.930854212914137946e+01,7.993658424844693577e+00,-1.515213967663684488e-03,3.986362474367753350e+01,2.257058602763868382e-01,nan,3.991603485235423410e+00,1.000000000000000000e+00
4.910000000000000000e+02,1.016246150620634410e+02,5.226590998057770321e+01,-1.665904288712218148e-03,4.402493357713368738e+01,3.266871369344591658e-01,nan,1.701853158385105758e+01,1.000000000000000000e+00
4.920000000000000000e+02,8.503315901935599186e+01,3.043621103507680203e+01,-1.356004808510422304e-03,3.546706844369980871e+01,3.341170385363252393e-01,nan,8.315663141425737592e+00,1.000000000000000000e+00
4.940000000000000000e+02,6.627172420585306156e+01,1.543966620508006571e+01,-3.878028666487617210e-03,1.051126839375277768e+02,1.014211400950091324e-01,nan,1.001772166426318122e+01,1.000000000000000000e+00
4.940000000000000000e+02,9.996325754405661712e+01,2.103423655277959270e+01,-1.367623566488588346e-03,3.578792010737606688e+01,3.062422154141795083e-01,nan,5.023966305345346939e+00,1.000000000000000000e+00
4.960000000000000000e+02,1.336935852094593997e+02,1.068424299440831859e+01,-1.575353942810979804e-02,4.330545682621737456e+02,1.303540791568880142e-02,nan,2.033649169504851173e+01,1.000000000000000000e+00
4.960000000000000000e+02,2.306965670865808349e+01,9.917398749560099702e+00,-1.367840416014453513e-03,3.579390840072652935e+01,3.608165771673849109e-01,nan,6.889835328005523785e+00,1.000000000000000000e+00
4.960000000000000000e+02,6.223459144152060141e+00,5.216879133359066145e+01,-1.470651810465887664e-03,3.863304206859431389e+01,3.042454462010861782e-01,nan,1.791113651972687748e+01,1.000000000000000000e+00
4.960000000000000000e+02,6.021700535020640643e+01,7.458743518966339359e+00,-1.771201092977622588e-03,4.693270176473484412e+01,2.721815248769057227e-01,nan,1.001772166426318122e+01,1.000000000000000000e+00
4.960000000000000000e+02,5.031643826764612726e+01,1.185591731794479209e+01,-9.608186153826803622e-04,2.455401321308064411e+01,3.707763611795628078e-01,nan,3.991603485235423410e+00,1.000000000000000000e+00
4.960000000000000000e+02,8.989432043438768005e+01,2.368940711183480019e+01,-1.282387036600858262e-03,3.343411581333171512e+01,3.415457279153918391e-01,nan,6.535699316510489965e+00,1.000000000000000000e+00
4.970000000000000000e+02,9.637327031747047101e+01,2.454881037476621941e+01,-1.543251981961629455e-03,4.063789369312804212e+01,3.553313424789971142e-01,nan,5.023966305345346939e+00,1.000000000000000000e+00
4.970000000000000000e+02,9.677516375646111157e+01,1.450349664437533370e+01,-1.440512349988400153e-03,3.780074174400892417e+01,2.777701399699573637e-01,nan,7.267358925340698939e+00,1.000000000000000000e+00
4.970000000000000000e+02,4.908844259324331460e+01,3.065158438718972178e+01,-1.610996106713450966e-03,4.250864572804949404e+01,3.444880747194174475e-01,nan,1.883573927283583416e+01,1.000000000000000000e+00
4.980000000000000000e+02,1.139643261837158121e+02,1.561671020239788099e+01,-1.420902348226812549e-03,3.725921211565076163e+01,3.509854806769417968e-01,nan,4.713944099826287371e+00,1.000000000000000000e+00
4.990000000000000000e+02,9.078555887744097674e+01,9.787240045816083978e+00,-1.360224339181566018e-03,3.558359066047320596e+01,3.453644394854851196e-01,nan,4.958540921538730828e+00,1.000000000000000000e+00
4.990000000000000000e+02,7.627520910671329091e+01,3.558200569436831273e+01,-1.496366616840238235e-03,3.934315569879711916e+01,2.684541157992161864e-01,nan,8.730237457657521460e+00,1.000000000000000000e+00
5.000000000000000000e+02,7.800288106490968687e+01,7.295106238151133127e+00,-2.245988463505670888e-03,6.004394119434260091e+01,1.767266894958484658e-01,nan,1.127770389406414431e+01,1.000000000000000000e+00
5.010000000000000000e+02,2.289440755389191651e+01,4.561987611440466850e+01,-1.306643899353658426e-02,3.588503679063195477e+02,2.428179028038623954e-02,nan,1.371333895715399898e+01,1.000000000000000000e+00
5.020000000000000000e+02,8.299908449295112689e+01,4.296994026118132126e+01,-2.061474318798183370e-03,5.494858845419163629e+01,3.108664699022398725e-01,nan,4.880769032202009861e+00,1.000000000000000000e+00
5.030000000000000000e+02,1.092609498147431708e+02,1.593217764616473886e+01,-1.695249749879610681e-03,4.483530763386148976e+01,1.998076654281455422e-01,nan,4.713944099826287371e+00,1.000000000000000000e+00
5.030000000000000000e+02,3.173342826825381380e+01,2.517375193468778605e+01,-1.596983501970642956e-03,4.212168805558427920e+01,2.973018079443625616e-01,nan,1.051121297617947015e+01,1.000000000000000000e+00
5.030000000000000000e+02,1.340245442669802003e+02,8.873139069867068685e+00,-1.829161414971750476e-03,4.853327437103014574e+01,1.933130326043707159e-01,nan,1.937605105147179074e+01,1.000000000000000000e+00
5.030000000000000000e+02,9.954084445206296650e+00,2.440442912276728293e+01,-1.972525121253136150e-03,5.249225895076038029e+01,2.480984498750856693e-01,nan,1.186122438952631342e+01,1.000000000000000000e+00
5.040000000000000000e+02,3.945297828803773399e+01,4.780831013037583688e+01,-2.150620456138414589e-03,5.741035644433959817e+01,1.847473765403842005e-01,nan,1.670255992954283997e+01,1.000000000000000000e+00
5.040000000000000000e+02,1.440465447421566410e+02,2.727944271676132715e+01,-1.428308283868244110e-03,3.746372681301324548e+01,2.931086822487172228e-01,nan,1.846486582817836108e+01,1.000000000000000000e+00
5.060000000000000000e+02,9.409445318513293799e+00,4.312759626169753346e+01,-1.502325946235940832e-03,3.950772240675326685e+01,3.398609487005405105e-01,nan,1.371333895715399898e+01,1.000000000000000000e+00
5.060000000000000000e+02,1.260987965219482305e+02,3.252089652350202442e+01,-1.614211741277629935e-03,4.259744538302384598e+01,2.799630418165413026e-01,nan,1.416030112272966690e+01,1.000000000000000000e+00
5.060000000000000000e+02,6.015978166469860611e+01,4.116618010725677834e+01,1.566957732164922122e-03,-4.129252729559343038e+01,3.610197154783719720e-01,nan,1.481153669219595059e+01,1.000000000000000000e+00
5.070000000000000000e+02,1.181149592218509241e+02,1.993281619178342012e+01,-5.543530741820344374e-03,1.511054753125586672e+02,4.543313202268206563e-02,nan,9.715893749616785868e+00,1.000000000000000000e+00
5.080000000000000000e+02,4.391633648878917029e+01,2.048921645717370055e+01,-2.333182235202797827e-03,6.245179466403394031e+01,1.712838272589366495e-01,nan,1.305251413904907665e+01,1.000000000000000000e+00
5.090000000000000000e+02,9.261220380337320535e+01,2.283207050213109923e+01,-1.620197517828883809e-03,4.276274242841142126e+01,2.583823129946848374e-01,nan,7.760514042689566239e+00,1.000000000000000000e+00
5.100000000000000000e+02,8.485406351883715104e+01,2.264013944096386766e+01,-1.219584201229687113e-03,3.169981734095687287e+01,3.505304601710745871e-01,nan,7.760514042689566239e+00,1.000000000000000000e+00
5.110000000000000000e+02,4.539883374230856816e+01,4.238930545518977766e+01,-1.472623634071613952e-03,3.868749392012287558e+01,3.681231553094190811e-01,nan,1.225443463050523363e+01,1.000000000000000000e+00
5.120000000000000000e+02,6.860054146187231083e+01,2.602091723165967707e+01,-1.275282967971837428e-03,3.323793716473821291e+01,3.235695787308614513e-01,nan,1.234587970593620199e+01,1.000000000000000000e+00
5.120000000000000000e+02,9.026450876317755956e+01,3.998841384867622395e+01,-2.304177136348831666e-03,6.165081970269316969e+01,2.935362350043067003e-01,nan,1.001152108605934821e+01,1.000000000000000000e+00
5.150000000000000000e+02,6.661432490120978400e+01,1.383585713793846139e+01,-1.422903064765454386e-03,3.731446184468153149e+01,3.150295850140927278e-01,nan,6.610474624064812232e+00,1.000000000000000000e+00
5.150000000000000000e+02,5.536662956240267164e+01,3.191639267371357391e+01,-1.381881551934548797e-03,3.618165396082279983e+01,3.232550691407478638e-01,nan,1.438124188587871011e+01,1.000000000000000000e+00
5.160000000000000000e+02,1.182604237677270476e+02,1.392652752109717085e+01,-1.532471675046868540e-03,4.034019583118431029e+01,3.061243117750730436e-01,nan,1.048773544339411146e+01,1.000000000000000000e+00
5.160000000000000000e+02,4.101826038928706453e+01,3.094457980482471982e+01,-2.204651427513679585e-03,5.890242014756637445e+01,2.063674560098608390e-01,nan,1.225443463050523363e+01,1.000000000000000000e+00
5.160000000000000000e+02,3.365688630539836623e+01,4.927648609956531089e+01,-1.588736771530591682e-03,4.189395483430947564e+01,2.634015973679953992e-01,nan,1.361273619958247316e+01,1.000000000000000000e+00
5.180000000000000000e+02,1.250447201190515187e+02,5.928657945514523853e+00,-1.613433600513616319e-03,4.257595704845510909e+01,3.025844413653848708e-01,nan,1.048773544339411146e+01,1.000000000000000000e+00
5.180000000000000000e+02,3.641121346762422206e+01,8.023696506314353272e+00,-1.443372553967087321e-03,3.787972619370138005e+01,3.295543947699773879e-01,nan,1.070332631890824793e+01,1.000000000000000000e+00
5.180000000000000000e+02,7.727796356786127774e+01,3.115225447392156255e+01,-1.737883804003768256e-03,4.601264579863826754e+01,2.297445328801885900e-01,nan,1.008933640660433007e+01,1.000000000000000000e+00
5.200000000000000000e+02,1.304888783467809787e+01,1.261690406793240271e+01,-2.658155268456845535e-02,7.320698394445174699e+02,1.407292326070319621e-02,nan,1.304842862662539105e+01,1.000000000000000000e+00
5.200000000000000000e+02,2.486312561339443761e+01,2.277106959897180261e+01,-1.553805842943936557e-03,4.092933825723245178e+01,2.795645309357759345e-01,nan,1.557829553975007464e+01,1.000000000000000000e+00
5.200000000000000000e+02,6.959430918572589064e+01,7.935173413195891534e+00,-1.314604876320469348e-03,3.432381052024598489e+01,3.281125380089089383e-01,nan,6.610474624064812232e+00,1.000000000000000000e+00
5.210000000000000000e+02,8.733379172806168356e+01,3.033065290494053201e+01,-2.192818590559180575e-03,5.857565669918441387e+01,2.479866773485837061e-01,nan,6.461670345182859876e+00,1.000000000000000000e+00
5.210000000000000000e+02,1.324492817747605216e+02,1.772452444154322038e+01,-1.600923597051314611e-03,4.223049366665318871e+01,3.245729931137082414e-01,nan,8.698472312712654642e+00,1.000000000000000000e+00
5.220000000000000000e+02,4.710929080836910288e+01,7.688531620810318046e+00,-1.535929331155726435e-03,4.043567890407663157e+01,3.563679354129160037e-01,nan,1.070332631890824793e+01,1.000000000000000000e+00
5.220000000000000000e+02,1.067478972217262907e+02,1.208074208696488050e+01,-1.594276143132358986e-03,4.204692441999909391e+01,3.198204217176325859e-01,nan,5.958285470937647155e+00,1.000000000000000000e+00
5.220000000000000000e+02,1.155353238337413444e+02,1.220301096731751578e+01,-2.085024387339090048e-03,5.559892291207768977e+01,2.336928877617435729e-01,nan,5.078140126706649049e+00,1.000000000000000000e+00
5.220000000000000000e+02,8.688432714102123811e+00,2.491519341099063922e+01,-1.545810178550379018e-03,4.070853821753019730e+01,2.672815448242761294e-01,nan,1.304842862662539105e+01,1.000000000000000000e+00
5.240000000000000000e+02,1.320701598080963493e+02,9.034318051047000253e+00,-2.234810519450774330e-03,5.973526259433790386e+01,2.074778672931225643e-01,nan,8.698472312712654642e+00,1.000000000000000000e+00
5.260000000000000000e+02,1.117404127975238453e+02,8.828672902798365030e+00,-1.621329097578302989e-03,4.279399097028360899e+01,3.588642942070056074e-01,nan,3.293220774996480582e+00,1.000000000000000000e+00
5.270000000000000000e+02,5.636470317142670439e+01,4.217876947953757849e+01,-2.906254796437939686e-02,8.005824519454565689e+02,1.334680521950504239e-02,nan,1.847920292961720889e+01,1.000000000000000000e+00
5.280000000000000000e+02,1.391660909326080855e+02,2.826890053200410691e+01,-1.976715359728712512e-03,5.260797226440504204e+01,2.119968361401545209e-01,nan,1.170130067091316839e+01,1.000000000000000000e+00
5.280000000000000000e+02,9.312855804614808619e+01,2.936110062434034873e+01,-1.290280053542216003e-03,3.365208124662661504e+01,3.132925479572786776e-01,nan,9.816232923987776360e+00,1.000000000000000000e+00
5.290000000000000000e+02,8.918068522158350220e+01,2.037373566129105384e+01,-1.449649692721584641e-03,3.805306919785827091e+01,2.827207583088384713e-01,nan,8.097082395568662605e+00,1.000000000000000000e+00
5.300000000000000000e+02,2.009161121051753085e+01,1.649989780810683015e+01,-1.399916851279824808e-03,3.667969822774922051e+01,2.972924199638852238e-01,nan,1.108448243690896540e+01,1.000000000000000000e+00
5.310000000000000000e+02,1.279460892275624673e+01,3.080061439887788310e+01,-1.812434264042739199e-03,4.807135458457597821e+01,2.335156564953506653e-01,nan,5.341833731368772042e+00,1.000000000000000000e+00
5.310000000000000000e+02,1.210385051915097279e+02,2.599842383938698021e+01,-1.834750896182858401e-03,4.868762773212444728e+01,1.959602523453978229e-01,nan,6.569957550090188114e+00,1.000000000000000000e+00
5.320000000000000000e+02,3.425236083392974962e+01,4.569729361759814168e+01,-1.660038377162949491e-03,4.386294660029007986e+01,3.201616527048125604e-01,nan,1.948843588636585622e+01,1.000000000000000000e+00
5.320000000000000000e+02,1.015713648145346895e+02,4.577822637570789510e+01,-1.592191358401820554e-03,4.198935315029392257e+01,3.275247073504390372e-01,nan,1.436617869592022601e+01,1.000000000000000000e+00
5.330000000000000000e+02,9.341977673080890554e+01,1.347497878073343891e+01,-2.127954812639295742e-03,5.678444535826212558e+01,2.898531282089981120e-01,nan,8.097082395568662605e+00,1.000000000000000000e+00
5.330000000000000000e+02,1.357744496533011045e+02,1.029035894038712406e+01,-1.326714816668387101e-03,3.465822617077861878e+01,3.552269294584967652e-01,nan,6.256944176195125884e+00,1.000000000000000000e+00
5.340000000000000000e+02,7.252400849492487112e+01,5.319820457126871815e+01,-1.210907362105702843e-03,3.146020668088345928e+01,3.226289132793302983e-01,nan,1.559586948195915923e+01,1.000000000000000000e+00
5.350000000000000000e+02,1.154454439886826691e+02,5.224961637306988393e+01,-1.617623633140679749e-03,4.269166467759907135e+01,2.866450711048720290e-01,nan,1.530911367220465458e+01,1.000000000000000000e+00
5.350000000000000000e+02,4.037879139438510379e+01,1.426456950062720885e+01,-1.453062535595541199e-03,3.814731475457202237e+01,3.416178409268337823e-01,nan,3.338276172998924096e+00,1.000000000000000000e+00
5.360000000000000000e+02,1.097506066621558034e+02,3.396776096907655074e+01,-1.532508000757055837e-02,4.212226738242210899e+02,1.328293098537547401e-02,nan,1.381763320889794500e+01,1.000000000000000000e+00
5.360000000000000000e+02,6.195163824257645757e+01,7.525998561394742659e+00,-1.308345113589409834e-03,3.415094735447100760e+01,3.244481899930277136e-01,nan,3.778194363707233716e+00,1.000000000000000000e+00
5.370000000000000000e+02,1.297856433397573710e+02,3.057050152849694058e+01,-1.653741721463655116e-03,4.368906463627020287e+01,3.549875446850416782e-01,nan,4.264929282778216368e+00,1.000000000000000000e+00
5.380000000000000000e+02,5.730911827030386263e+01,4.977209010280197532e+01,-2.133229216782252247e-03,5.693009787528233545e+01,1.960469188825305631e-01,nan,1.492909065167887306e+01,1.000000000000000000e+00
5.400000000000000000e+02,1.407041147098119609e+02,4.150768488182867344e+01,-1.235683003269733016e-03,3.214438529111558296e+01,3.522268029450411619e-01,nan,1.545428732627611268e+01,1.000000000000000000e+00
5.400000000000000000e+02,3.704056542513901462e+01,1.424626142963786180e+01,-1.770201639778508709e-03,4.690510189370689886e+01,2.645985658397030926e-01,nan,3.338276172998924096e+00,1.000000000000000000e+00
5.410000000000000000e+02,1.291535286401541960e+01,2.064156043221152714e+01,-7.774847715765424022e-03,2.127232286580291714e+02,3.361167715744972639e-02,nan,6.918496946022966831e+00,1.000000000000000000e+00
5.410000000000000000e+02,6.318240455815264056e+00,7.936024284837420062e+00,-1.216991946794545492e-03,3.162823231011705616e+01,3.548219011692577141e-01,nan,8.972813984761383921e+00,1.000000000000000000e+00
5.420000000000000000e+02,4.242997671070239818e+01,4.855188760510496593e+01,-1.795007553241300541e-02,4.937118489039634710e+02,1.305304315396460524e-02,nan,1.423250840859869548e+01,1.000000000000000000e+00
5.420000000000000000e+02,6.000427269253584228e+01,2.607196116215825299e+01,-1.563292461603922818e-03,4.119131095564296174e+01,3.142155463980416119e-01,nan,1.109839695838775597e+01,1.000000000000000000e+00
5.420000000000000000e+02,4.890851679858567991e+01,2.582985336009304334e+01,-1.302884738992694542e-03,3.400015926877854611e+01,3.518612194568432328e-01,nan,1.109839695838775597e+01,1.000000000000000000e+00
5.430000000000000000e+02,1.211577867473278900e+02,2.865873390935579224e+01,-1.447501554945020402e-03,3.799374843562949877e+01,2.419569141590537376e-01,nan,1.124464931376163435e+01,1.000000000000000000e+00
5.450000000000000000e+02,1.491393812731156565e+01,5.362044419849637755e+00,-1.385231550138694371e-03,3.627416406380734060e+01,2.824618444460232913e-01,nan,8.972813984761383921e+00,1.000000000000000000e+00
5.460000000000000000e+02,1.062452544731780506e+02,4.874678362069472470e+00,-9.258954557063162755e-03,2.537067959204275667e+02,1.898579577959225162e-02,nan,2.385035179815131201e+01,1.000000000000000000e+00
5.460000000000000000e+02,1.629798082365348577e+01,1.460637790980146100e+01,-1.575671578285037320e-03,4.153315990278878189e+01,2.470704408961449383e-01,nan,6.918496946022966831e+00,1.000000000000000000e+00
5.460000000000000000e+02,3.361268210673573265e+01,3.737961785058807607e+01,-1.263586825607804481e-03,3.291494853349669114e+01,3.535982401248423113e-01,nan,7.637746405519354020e+00,1.000000000000000000e+00
5.470000000000000000e+02,1.262407464687596246e+02,1.862849669083585269e+01,1.513409883562885248e-03,-3.981380501369941527e+01,3.306259148788844859e-01,nan,1.124464931376163435e+01,1.000000000000000000e+00
5.480000000000000000e+02,7.118781328870794312e+01,1.507857840563591623e+01,-2.017741421629840829e-03,5.374090577070568031e+01,2.270990803054023788e-01,nan,2.333992081529962803e+01,1.000000000000000000e+00
5.490000000000000000e+02,1.159994304165505952e+02,4.733478824787990646e+01,-1.171521314761880296e-02,3.215363054669613234e+02,2.396439919345250136e-02,nan,2.156248034474046804e+01,1.000000000000000000e+00
5.500000000000000000e+02,5.194426107441967844e+01,4.207125761876508108e+01,-1.394872246143703419e-03,3.654039160361985950e+01,3.108301154911641273e-01,nan,9.853516425764043518e+00,1.000000000000000000e+00
5.500000000000000000e+02,3.267992114009779669e+01,4.496019349720888414e+01,-1.403666621279339418e-03,3.678324801723691451e+01,3.498312430193180056e-01,nan,7.637746405519354020e+00,1.000000000000000000e+00
5.520000000000000000e+02,1.085825574578827535e+01,7.220621762328834237e+00,-2.065619920268043502e-03,5.506306911822155570e+01,1.553770475956065544e-01,nan,1.055179012003048200e+01,1.000000000000000000e+00
5.520000000000000000e+02,1.417159877777031056e+02,2.117563277599100502e+01,-1.762574151288262342e-03,4.669446902086747997e+01,2.324964342219877356e-01,nan,1.277975017761133358e+01,1.000000000000000000e+00
5.530000000000000000e+02,2.522770502783574642e+01,2.877773047104767912e+01,-1.280938015866051440e-03,3.339410114787970940e+01,3.286675628335232746e-01,nan,5.934048412073669176e+00,1.000000000000000000e+00
5.550000000000000000e+02,5.970719820092423902e+01,4.813991423475011544e+01,-2.088740499538124362e-03,5.570154324238394139e+01,2.625752821401421411e-01,nan,9.853516425764043518e+00,1.000000000000000000e+00
5.550000000000000000e+02,4.463926618798954848e+01,5.229608737806729124e+01,-1.511555920998965174e-03,3.976260789141275609e+01,2.285581779651915113e-01,nan,1.256622830834624160e+01,1.000000000000000000e+00
5.550000000000000000e+02,1.929429414885616012e+01,2.869074830022671563e+01,-1.734798070634292538e-03,4.592743336137792198e+01,3.118627768965358538e-01,nan,5.934048412073669176e+00,1.000000000000000000e+00
5.560000000000000000e+02,2.963887610038982601e+01,1.917307885715474569e+01,-1.785159273622241973e-03,4.731815651731131567e+01,1.935513291096671029e-01,nan,3.377679596644309612e+00,1.000000000000000000e+00
5.560000000000000000e+02,9.185750777617809604e+01,2.666375039791749657e+01,-1.409226873187137364e-03,3.693679421197034429e+01,3.159131586562834437e-01,nan,1.339920299118904623e+01,1.000000000000000000e+00
5.570000000000000000e+02,3.085558143189389213e+01,1.055313282757220072e+01,-1.151134851601633884e-03,2.980959054158727639e+01,3.432343830564859033e-01,nan,8.705391514264380959e+00,1.000000000000000000e+00
5.570000000000000000e+02,1.110680427526407925e+02,4.101793891604061315e+01,-1.240471269787309832e-03,3.227661313174854030e+01,3.390829412749254423e-01,nan,1.378225303312185268e+01,1.000000000000000000e+00
5.570000000000000000e+02,8.311380535697600180e+01,5.108191167346913630e+01,-1.621036409021397659e-03,4.278590838429648358e+01,2.086142583091741276e-01,nan,1.207062057394515620e+01,1.000000000000000000e+00
5.580000000000000000e+02,7.916018229128442840e+01,3.967714312278913269e+01,-1.434931276286840378e-03,3.764662055604629387e+01,3.432610556893520570e-01,nan,1.207062057394515620e+01,1.000000000000000000e+00
5.600000000000000000e+02,6.313448907756825434e+01,3.630944188848898335e+01,-1.259844304161689740e-03,3.281159891260033135e+01,3.451227624219342927e-01,nan,9.585841947357204518e+00,1.000000000000000000e+00
5.620000000000000000e+02,8.431576464403332238e+01,2.277245970578299250e+01,-1.440931189046939370e-02,3.959337639023739825e+02,1.569097305936362208e-02,nan,1.511215668183663574e+01,1.000000000000000000e+00
5.620000000000000000e+02,9.583305477701497921e+01,5.315405832402813502e+01,-1.375395952408765962e-03,3.600255431852920651e+01,3.514595287638990762e-01,nan,1.288693514962284326e+01,1.000000000000000000e+00
5.630000000000000000e+02,4.466581440661965985e+01,1.293051580191163374e+01,-1.392773717008585245e-03,3.648244078258192502e+01,3.441397756878318281e-01,nan,7.621264978405482005e+00,1.000000000000000000e+00
5.630000000000000000e+02,1.431387558361888068e+02,1.325120488809734809e+01,-1.633204975296025227e-03,4.312194298809028226e+01,2.760945179743482525e-01,nan,5.009603798063917424e+00,1.000000000000000000e+00
5.630000000000000000e+02,3.896315896355521602e+01,2.796274709311355267e+01,-1.182485571168300203e-03,3.067533975069511953e+01,3.691599932662660288e-01,nan,1.005476701111438409e+01,1.000000000000000000e+00
5.640000000000000000e+02,1.359346828969468106e+02,2.799034489958157934e+01,1.763077737618581279e-03,-4.670837554273419556e+01,2.866007040393131478e-01,nan,1.565237367578312799e+01,1.000000000000000000e+00
5.640000000000000000e+02,7.349983850672050778e+01,4.246473443389550084e+01,-1.497928121407155313e-03,3.938627660200165082e+01,3.029429542189613356e-01,nan,1.142687075914541062e+01,1.000000000000000000e+00
5.660000000000000000e+02,1.901536150534682434e+01,2.767854156492964890e+01,-9.665384534004312078e-03,2.649303479140680224e+02,2.404068809753945324e-02,nan,1.174020157669994902e+01,1.000000000000000000e+00
5.660000000000000000e+02,4.111664338964146737e+01,6.186105897160003586e+00,-2.160165036978841345e-03,5.767392976667734672e+01,1.839188655944739015e-01,nan,7.621264978405482005e+00,1.000000000000000000e+00
5.660000000000000000e+02,1.164934444598821841e+02,4.106124601924226170e+01,-1.307979198727486419e-03,3.414084262620033883e+01,3.457096391420675374e-01,nan,1.619875276995373881e+01,1.000000000000000000e+00
5.670000000000000000e+02,6.223758213691939289e+01,1.644664736816361739e+01,-1.851775504791628585e-03,4.915776180375464577e+01,2.531563631316617879e-01,nan,1.732774117532164837e+01,1.000000000000000000e+00
5.680000000000000000e+02,7.830174272666713620e+00,2.411148120218866708e+01,-1.808040510934712198e-03,4.795002122027469937e+01,2.470822235404434020e-01,nan,1.174020157669994902e+01,1.000000000000000000e+00
5.680000000000000000e+02,7.905825089484554269e+01,2.060786314904597916e+01,-1.603736191540732631e-03,4.230816338168402524e+01,3.060222393116127648e-01,nan,1.248217432368647373e+01,1.000000000000000000e+00
5.680000000000000000e+02,1.205037534493585412e+02,2.536675612275282532e+01,-1.511007871363322184e-03,3.974747351666258055e+01,2.869436089395904776e-01,nan,1.068928494291749054e+01,1.000000000000000000e+00
5.690000000000000000e+02,3.217503446121574484e+01,4.365145140084401021e+01,-1.596639496851058300e-03,4.211218836421112854e+01,2.628345605730721957e-01,nan,1.320818190291600658e+01,1.000000000000000000e+00
5.690000000000000000e+02,1.239046345825964437e+02,1.523291084524493044e+01,-1.294243908481108526e-03,3.376154298548932076e+01,3.237467553272924681e-01,nan,1.068928494291749054e+01,1.000000000000000000e+00
5.690000000000000000e+02,1.688418019062523356e+01,4.296603378405787055e+01,-1.103434303923433654e-03,2.849234130465679016e+01,3.746274968529584859e-01,nan,8.882517652063462776e+00,1.000000000000000000e+00
5.700000000000000000e+02,1.329029334344048152e+02,3.000401070883307497e+01,-1.218117364416317116e-03,3.165931068501345891e+01,3.327388021364507953e-01,nan,8.689439893077210542e+00,1.000000000000000000e+00
5.700000000000000000e+02,1.366007525744091993e+02,3.786737508187461287e+01,-1.127722670954182894e-03,2.916306385386901923e+01,3.396594027908735880e-01,nan,8.689439893077210542e+00,1.000000000000000000e+00
5.710000000000000000e+02,8.582773527369535316e+01,1.012078743217398369e+01,-1.854065473173246688e-03,4.922099921401733980e+01,2.704646593491071283e-01,nan,5.822491534308118055e+00,1.000000000000000000e+00
5.720000000000000000e+02,4.914998697050623377e+01,3.164561481746639160e+01,-1.966557862262379840e-03,5.232747326726742898e+01,1.953756553282993691e-01,nan,1.141557919216160322e+01,1.000000000000000000e+00
5.720000000000000000e+02,5.305978769233754377e+01,5.030186780024079951e+01,-1.286050809749433909e-03,3.353529080228165071e+01,3.346298602971758962e-01,nan,1.906154025890121062e+01,1.000000000000000000e+00
5.720000000000000000e+02,1.028850436637401202e+02,1.994873500748170869e+01,-1.523161209286848141e-03,4.008308758998357035e+01,2.960712730263993508e-01,nan,1.843295655382960874e+01,1.000000000000000000e+00
5.720000000000000000e+02,2.818340506680712565e+01,2.259549701874292182e+01,-2.036153889488669100e-03,5.424936553516521798e+01,3.215291252835431601e-01,nan,1.243297501085603507e+01,1.000000000000000000e+00
5.730000000000000000e+02,6.453056634525317747e+01,3.485923838392125873e+01,-1.689314537362801918e-02,4.645247533062201910e+02,2.710880052428477072e-02,nan,8.930895447055650749e+00,1.000000000000000000e+00
5.730000000000000000e+02,9.037700794344037547e+01,4.450634507896138814e+01,-1.320512540293741245e-02,3.626801890687159471e+02,2.255774011209421559e-02,nan,1.140284548404003395e+01,1.000000000000000000e+00
5.730000000000000000e+02,2.175333410655107613e+01,3.553700558501036255e+01,-1.323027206256332383e-03,3.455639291649093536e+01,3.473825186450603120e-01,nan,8.882517652063462776e+00,1.000000000000000000e+00
5.740000000000000000e+02,8.817324565033838724e+01,3.331848036363728482e+01,-1.455684167920028851e-03,3.821971105497177490e+01,3.447587355437374823e-01,nan,1.140284548404003395e+01,1.000000000000000000e+00
5.750000000000000000e+02,5.973661163795098616e+01,2.732406142842947006e+01,-1.161008744465790929e-02,3.186332622369083083e+02,2.983670464958998458e-02,nan,8.930895447055650749e+00,1.000000000000000000e+00
5.750000000000000000e+02,2.182803279337533908e+01,5.074504787935183003e+01,-1.485973206121692656e-03,3.905614196406035177e+01,2.646769041097267738e-01,nan,1.520822574530941651e+01,1.000000000000000000e+00
5.760000000000000000e+02,4.051517142142736105e+01,2.417866036964104737e+01,-1.853782363187962776e-03,4.921318114000698074e+01,2.769651882922351538e-01,nan,9.832447912104571586e+00,1.000000000000000000e+00
5.780000000000000000e+02,1.202449173706655188e+02,1.556369558309408063e+01,-2.136621825069608127e-03,5.702378465447556266e+01,1.660194865880185722e-01,nan,1.299568457325645987e+01,1.000000000000000000e+00
5.780000000000000000e+02,4.192379178141445095e+01,1.444763675310001005e+01,-1.372130300761849071e-03,3.591237344326961534e+01,2.873544398294478608e-01,nan,9.832447912104571586e+00,1.000000000000000000e+00
5.780000000000000000e+02,7.123349964106314758e+01,1.871635454789437603e+01,-1.824639583238919262e-03,4.840840411922961550e+01,2.605546871000135045e-01,nan,1.121768043319258723e+01,1.000000000000000000e+00
5.780000000000000000e+02,3.520613146973389718e+01,4.306579714064144326e+01,-1.544299934388866256e-03,4.066683286893017168e+01,3.047960892589349768e-01,nan,1.541624011174581099e+01,1.000000000000000000e+00
5.790000000000000000e+02,6.481845614070324757e+01,6.054083273802068454e+00,-1.851771915518861996e-03,4.915766268609157663e+01,2.374015247465020018e-01,nan,1.419457279844001008e+01,1.000000000000000000e+00
5.790000000000000000e+02,5.931082893115024035e+01,4.123423298495315237e+01,1.539113542466694550e-03,-4.052361080682740635e+01,3.211074870451361418e-01,nan,1.391668651818136837e+01,1.000000000000000000e+00
5.790000000000000000e+02,1.058130091453051449e+02,4.766854161580525329e+01,-1.811742295796925015e-03,4.805224590159128439e+01,2.768867063798249317e-01,nan,4.462988878966973161e+00,1.000000000000000000e+00
5.800000000000000000e+02,1.424118277798172301e+02,1.839565683425448128e+01,-1.926878359802008858e-03,5.123172496076335136e+01,2.828951606606932012e-01,nan,2.152567723832601843e+01,1.000000000000000000e+00
5.800000000000000000e+02,7.266208763008121707e+01,2.984269674373147652e+01,-1.529702643440813839e-03,4.026372910391067705e+01,3.489326506510950221e-01,nan,1.121768043319258723e+01,1.000000000000000000e+00
5.820000000000000000e+02,1.197457455955834291e+02,2.854978987916852873e+01,-1.265566299924433466e-03,3.296961165918433778e+01,3.638305041715528265e-01,nan,1.299568457325645987e+01,1.000000000000000000e+00
5.840000000000000000e+02,4.287584441958537695e+01,1.586783434651997204e+01,-2.090054860104446476e-03,5.573783927119936266e+01,1.954434956289939906e-01,nan,1.101951836040422172e+01,1.000000000000000000e+00
5.840000000000000000e+02,8.079379724475565183e+00,5.092332873965143847e+01,-1.980665058822345809e-03,5.271704309001259503e+01,1.850430111811398604e-01,nan,2.023308864187573519e+01,1.000000000000000000e+00
5.840000000000000000e+02,8.537413805125576971e+01,5.274392834228471827e+01,-1.419504087331200466e-03,3.722059918168194059e+01,3.664838034986408477e-01,nan,1.278150966381112497e+01,1.000000000000000000e+00
5.840000000000000000e+02,1.065645941501839644e+02,4.326929284877420656e+01,-1.658556048001043727e-03,4.382201212359239406e+01,2.612774721752838536e-01,nan,4.462988878966973161e+00,1.000000000000000000e+00
5.840000000000000000e+02,1.171918121509387589e+02,5.171456079778425874e+01,-1.113358993979306254e-03,2.876641133192493527e+01,3.498716516456440440e-01,nan,1.207673089300074842e+01,1.000000000000000000e+00
5.840000000000000000e+02,7.261185555688521731e+01,5.344473845920663990e+01,-1.431544079144292120e-03,3.755308320545956491e+01,3.604352269452639757e-01,nan,1.278150966381112497e+01,1.000000000000000000e+00
5.850000000000000000e+02,7.593638083889948120e+01,1.706336657838869542e+01,-1.498017092247481931e-03,3.938873352916986903e+01,2.820882695837302334e-01,nan,1.002100370390789408e+01,1.000000000000000000e+00
5.850000000000000000e+02,1.345670016563759077e+02,3.844094265565297519e+01,-1.346214153228815361e-03,3.519669978282507827e+01,3.215449805746108947e-01,nan,6.335718254443171382e+00,1.000000000000000000e+00
5.860000000000000000e+02,1.066274330036873579e+02,2.586713007976063849e+01,-1.703589992709826162e-03,4.506562319707119713e+01,2.360575018772946843e-01,nan,3.379382887560112625e+00,1.000000000000000000e+00
5.860000000000000000e+02,3.314874415107947669e+01,1.068967779599755552e+01,-1.815591398135439410e-03,4.815853875073172929e+01,2.282591562222091586e-01,nan,1.101951836040422172e+01,1.000000000000000000e+00
5.860000000000000000e+02,9.443028860005139791e+01,2.087861501848745149e+01,-1.655130055881392495e-03,4.372740345084118729e+01,2.464474921242543193e-01,nan,5.118659041769488383e+00,1.000000000000000000e+00
5.860000000000000000e+02,1.352438462546574804e+01,3.143667182733849685e+01,-1.973376664445704830e-03,5.251577429125902086e+01,1.841850487773341039e-01,nan,8.140862256311669043e+00,1.000000000000000000e+00
5.860000000000000000e+02,5.770914348660731008e+01,2.083226644731198007e+01,-1.862749065917050379e-03,4.946079637510565874e+01,2.410680890206526872e-01,nan,1.564200585906704966e+01,1.000000000000000000e+00
5.870000000000000000e+02,1.570355145524663065e+01,2.359289275062919344e+01,-1.329591141793340934e-03,3.473765580545639864e+01,3.412987440265868866e-01,nan,3.714244986309266583e+00,1.000000000000000000e+00
5.870000000000000000e+02,5.650872586005069564e+01,3.704417197281526342e+01,-1.723540076138930632e-03,4.561654417078776191e+01,2.986326290596152955e-01,nan,1.625628749887229674e+01,1.000000000000000000e+00
5.870000000000000000e+02,1.190624222398551808e+02,1.044611837127601639e+01,-1.920701893573165033e-03,5.106116202547467253e+01,2.240741480297301358e-01,nan,1.400543768972030101e+01,1.000000000000000000e+00
5.880000000000000000e+02,1.287607243534354780e+02,4.097638535487597977e+01,-1.259480264823117750e-03,3.280154597685247353e+01,2.979470492894999989e-01,nan,6.335718254443171382e+00,1.000000000000000000e+00
5.880000000000000000e+02,8.505907432078724639e+01,1.291644255337229374e+01,-1.522331916625903683e-03,4.006018669726865511e+01,2.950435682151775207e-01,nan,8.331037502433742858e+00,1.000000000000000000e+00
5.890000000000000000e+02,8.932362554663073695e+01,2.052838246043936365e+01,-1.453532533915785716e-03,3.816029374451732536e+01,3.046865085484938840e-01,nan,5.118659041769488383e+00,1.000000000000000000e+00
5.890000000000000000e+02,1.276886178293770797e+02,2.147975034501661540e+01,-1.371392293071116344e-03,3.589199338235239622e+01,3.286422244014273186e-01,nan,1.400543768972030101e+01,1.000000000000000000e+00
5.900000000000000000e+02,1.442267247209837535e+02,1.918175916906466938e+01,-2.571150993290914708e-03,6.902329499815117231e+01,1.349522403014089544e-01,nan,1.669699802368561237e+01,1.000000000000000000e+00
5.900000000000000000e+02,1.382011955369816576e+02,4.971086286023125211e+01,-1.568259973522433473e-03,4.132848865280998751e+01,3.447652162287770938e-01,nan,5.723160560543076869e+00,1.000000000000000000e+00
5.900000000000000000e+02,3.701674049233523789e+01,2.389001896065414954e+01,-9.633445632126976009e-04,2.462376718894824279e+01,3.623814027245851888e-01,nan,6.984746881590556455e+00,1.000000000000000000e+00
5.910000000000000000e+02,1.096758051948023365e+02,2.732577866155509838e+01,-1.461489043718059832e-03,3.838001253131996293e+01,2.887333082745805468e-01,nan,3.379382887560112625e+00,1.000000000000000000e+00
5.920000000000000000e+02,1.076562130469974505e+02,3.563112500151208195e+01,-1.738139335259481291e-03,4.601970228683355657e+01,2.496969324948000724e-01,nan,7.991926637032788605e+00,1.000000000000000000e+00
5.920000000000000000e+02,1.897669989284334946e+01,2.534848812650077576e+01,-1.061525541798978957e-03,2.733503205735923203e+01,3.736097323296431183e-01,nan,3.714244986309266583e+00,1.000000000000000000e+00
5.930000000000000000e+02,7.319820547007849143e+01,5.255037435911827970e+01,-1.484827984695022765e-03,3.902451670766760827e+01,2.197059838797219555e-01,nan,2.740775179602534095e+01,1.000000000000000000e+00
5.930000000000000000e+02,1.135086019185993678e+02,5.258101290058939981e+01,-1.674883242189629390e-02,4.605395553409842933e+02,1.607805907045534166e-02,nan,7.663961358662223944e+00,1.000000000000000000e+00
5.930000000000000000e+02,8.409607104865868621e+01,2.119163503239217050e+01,-1.233007137152431062e-03,3.207049132610446662e+01,3.469265309094292649e-01,nan,5.269462022205856577e+00,1.000000000000000000e+00
5.930000000000000000e+02,5.231734187077112352e+01,3.266603577849944173e+01,-1.646883625548420382e-03,4.349967851701464383e+01,2.503046623965305972e-01,nan,1.440398093424384385e+01,1.000000000000000000e+00
5.940000000000000000e+02,6.372688867875240248e+01,2.171899545912414098e+01,-1.408677384649531690e-02,3.870268851979168403e+02,1.327688993402142970e-02,nan,1.581187686890915245e+01,1.000000000000000000e+00
5.940000000000000000e+02,3.773826612440209516e+01,3.083739902526552257e+01,-1.550606453543955376e-03,4.084098721199498527e+01,2.905116939942077314e-01,nan,6.984746881590556455e+00,1.000000000000000000e+00
5.960000000000000000e+02,2.547273450575458753e+01,3.582147920884613512e+01,-2.382497580076029225e-03,6.381363647854450249e+01,1.615866871317608311e-01,nan,1.232404186551742775e+01,1.000000000000000000e+00
5.960000000000000000e+02,1.210669651947868033e+02,5.131316105898926594e+01,-1.035267787727357260e-02,2.839099336009339822e+02,5.191401289671371266e-02,nan,7.663961358662223944e+00,1.000000000000000000e+00
5.980000000000000000e+02,4.150483015495318995e+01,4.218256125523516431e+01,-1.290128415427883694e-02,3.542896218231657031e+02,1.614562276735476143e-02,nan,1.195406669801415589e+01,1.000000000000000000e+00
5.980000000000000000e+02,8.338234254887603925e+01,2.710497771310799919e+01,-2.055234811635739487e-03,5.477628464535492014e+01,2.606143551389481505e-01,nan,5.956259735016384838e+00,1.000000000000000000e+00
6.010000000000000000e+02,8.499356965564950883e+01,9.990394672069200510e+00,-2.083722642819411941e-03,5.556297527502344735e+01,2.313057702797829407e-01,nan,1.719025902824662211e+01,1.000000000000000000e+00
6.010000000000000000e+02,1.212863025269434658e+01,5.672511674241967228e+00,-1.275780354085073775e-03,3.325167246779049890e+01,3.697935356436138354e-01,nan,1.145283932080273459e+01,1.000000000000000000e+00
6.010000000000000000e+02,1.362136792941824694e+02,9.644490729604976664e+00,-1.256273306400666799e-03,3.271298591327961702e+01,3.158814325682616220e-01,nan,1.788524392583383360e+01,1.000000000000000000e+00
6.020000000000000000e+02,9.562427323911663279e+00,2.229837458405653905e+01,-1.914705984643921355e-03,5.089558517476357480e+01,1.682298507221500206e-01,nan,1.442088563158719161e+01,1.000000000000000000e+00
6.030000000000000000e+02,4.928620302782114493e+01,2.470435089483136792e+01,-1.424845557436942196e-03,3.736810372331408558e+01,2.927648891056746638e-01,nan,5.956576174893566389e+00,1.000000000000000000e+00
6.030000000000000000e+02,1.354089438671433641e+02,2.751162119812297391e+01,-1.539722056671487911e-03,4.054041490889627397e+01,2.720010451081210645e-01,nan,7.799641202538017737e+00,1.000000000000000000e+00
6.040000000000000000e+02,2.677955828767067459e+01,3.668559910587050865e+01,-1.881056391755368470e-03,4.996635264572649504e+01,2.242068774199003078e-01,nan,1.886980062764591892e+01,1.000000000000000000e+00
6.040000000000000000e+02,7.404522419924298049e+01,4.106787808385747240e+01,-1.548944820772216050e-03,4.079510127132616049e+01,3.308415267180535579e-01,nan,5.848808882702810408e+00,1.000000000000000000e+00
6.050000000000000000e+02,4.817270731713226439e+01,4.886791973702632674e+01,-1.570427986736689426e-03,4.138835827467260486e+01,2.555774543278644950e-01,nan,1.154712608529664841e+01,1.000000000000000000e+00
6.050000000000000000e+02,1.063350074450630558e+02,2.186354273551680194e+01,-1.618288336314001015e-03,4.271002043639978041e+01,1.923827234732811142e-01,nan,1.124005549467834264e+01,1.000000000000000000e+00
6.060000000000000000e+02,1.363773033498668497e+02,4.903238081046976760e+01,-2.031975946599090879e-03,5.413399176377032518e+01,2.048252697150902968e-01,nan,1.810879481892138543e+01,1.000000000000000000e+00
6.060000000000000000e+02,9.381880489206596963e+01,2.641349308616472058e+01,-1.323675210595845302e-03,3.457428753748165207e+01,3.669313285240420885e-01,nan,6.612914208233913627e+00,1.000000000000000000e+00
6.080000000000000000e+02,1.119776866330045522e+02,5.996350225058113992e+00,-1.483744344991677448e-02,4.077566044658096303e+02,1.482733082803422420e-02,nan,4.973062410557821167e+00,1.000000000000000000e+00
6.080000000000000000e+02,4.412708502027050628e+01,2.768164851372612745e+01,-1.516532426022558933e-03,3.990003393291512168e+01,2.469278618846277862e-01,nan,5.956576174893566389e+00,1.000000000000000000e+00
6.080000000000000000e+02,5.139605107968938214e+00,4.697495328645243262e+01,-2.306155151071237388e-03,6.170544252172878430e+01,1.630053394051790283e-01,nan,2.396160226431325313e+01,1.000000000000000000e+00
6.080000000000000000e+02,7.513346809227149947e+01,4.681455456471746857e+01,-2.207718922702916683e-03,5.898712893800982471e+01,2.121146588190320204e-01,nan,5.848808882702810408e+00,1.000000000000000000e+00
6.080000000000000000e+02,5.895046366712088570e+01,1.231051171545161438e+01,-1.863690415506766458e-03,4.948679171664981880e+01,3.102041715726225890e-01,nan,7.532481004361667232e+00,1.000000000000000000e+00
6.080000000000000000e+02,1.419271592367015273e+02,3.179499268380856947e+01,-1.514269861404147826e-03,3.983755327677644686e+01,3.245369133317531629e-01,nan,7.799641202538017737e+00,1.000000000000000000e+00
6.080000000000000000e+02,1.081342218185421160e+02,3.295866216532535020e+01,-1.182213961135538663e-03,3.066783924753923429e+01,3.704403449033559781e-01,nan,9.355449519597527797e+00,1.000000000000000000e+00
6.090000000000000000e+02,3.555017923672185276e+01,1.542871217487650704e+01,-1.260750440153865981e-03,3.283662183167249538e+01,2.933952292285488817e-01,nan,8.624458502123635739e+00,1.000000000000000000e+00
6.090000000000000000e+02,4.562695152318916314e+01,3.760491621810015062e+01,-1.265664478788821636e-03,3.297232286566922710e+01,2.890912602814322829e-01,nan,1.003597735446079753e+01,1.000000000000000000e+00
6.110000000000000000e+02,1.336891961229795243e+02,1.255542095522333312e+01,-1.945045037790941664e-03,5.173339724511366455e+01,1.842334337918192233e-01,nan,1.223907596872042447e+01,1.000000000000000000e+00
6.110000000000000000e+02,9.351243960864142934e+01,1.502348146909585935e+01,-1.312094966338613706e-03,3.425449942908896617e+01,3.656917806660398007e-01,nan,5.758069353939553103e+00,1.000000000000000000e+00
6.120000000000000000e+02,1.057678740956291250e+02,1.970706328420946818e+01,-1.806454607547472706e-03,4.790622654435651384e+01,2.019207014803864331e-01,nan,1.007996033605669517e+01,1.000000000000000000e+00
6.120000000000000000e+02,2.954589946993673522e+01,3.108192738451316117e+01,-1.950247185785583320e-03,5.187705441069947199e+01,3.275473023385718774e-01,nan,1.497240356296820707e+01,1.000000000000000000e+00
6.120000000000000000e+02,7.345199600996301115e+01,1.746890203002064723e+01,-1.638375186267408256e-03,4.326471821370758875e+01,2.845451808649374081e-01,nan,5.415904271622279609e+00,1.000000000000000000e+00
6.130000000000000000e+02,1.171313114743786343e+02,3.552319203229455979e+01,-2.070074169569661570e-03,5.518607308314953031e+01,2.320144257552710920e-01,nan,8.284199144447359942e+00,1.000000000000000000e+00
6.130000000000000000e+02,4.366245436349313991e+01,1.250086711025635822e+01,-1.338004973868377710e-03,3.497000353352176205e+01,2.903542594735851745e-01,nan,8.624458502123635739e+00,1.000000000000000000e+00
6.140000000000000000e+02,6.179295471913335547e+01,9.043230246312509379e+00,-6.446961088392688319e-03,1.760536780600531017e+02,1.796457643356619283e-02,nan,7.661353749190014106e+00,1.000000000000000000e+00
6.140000000000000000e+02,8.778125661816945069e+01,1.557927298981431719e+01,-1.644344568249778236e-03,4.342956252355220670e+01,2.664894907204883312e-01,nan,5.758069353939553103e+00,1.000000000000000000e+00
6.150000000000000000e+02,1.009477064907594723e+02,4.201005512467813929e+01,-1.985145633303774665e-03,5.284077402401546664e+01,2.335167915573106434e-01,nan,1.491076729114230481e+01,1.000000000000000000e+00
6.150000000000000000e+02,2.508594728072329616e+01,1.467545897096254492e+01,-1.393082068344477561e-03,3.649095589575527754e+01,2.779193218265934018e-01,nan,6.263864564040058092e+00,1.000000000000000000e+00
6.150000000000000000e+02,6.953896212154450041e+01,1.372454829840490120e+01,-1.624983657102975097e-03,4.289491152527739359e+01,3.644845070539061149e-01,nan,5.415904271622279609e+00,1.000000000000000000e+00
6.150000000000000000e+02,4.674206018893514880e+01,3.058334638309220210e+01,-1.359148789595895305e-03,3.555388938994349246e+01,3.696796082489640645e-01,nan,1.216771965877703110e+01,1.000000000000000000e+00
6.160000000000000000e+02,6.678367227208180168e+01,3.297084730918152928e+01,-1.478149825880420258e-03,3.884009954621317462e+01,2.825831604373519879e-01,nan,9.034229320549348685e+00,1.000000000000000000e+00
6.180000000000000000e+02,1.192058103325988725e+02,2.404661530235461342e+01,1.866597454594465808e-03,-4.956706951651560900e+01,3.004731857360647407e-01,nan,1.003041818195580248e+01,1.000000000000000000e+00
6.180000000000000000e+02,7.578628594819018360e+01,3.221570069095439948e+01,-1.394194613219419980e-03,3.652167879012235119e+01,2.644160340029938494e-01,nan,9.034229320549348685e+00,1.000000000000000000e+00
6.180000000000000000e+02,1.253537173167369616e+02,3.451324271256905263e+01,-1.420437639197189841e-03,3.724637918931215808e+01,3.009692664148779784e-01,nan,8.284199144447359942e+00,1.000000000000000000e+00
6.190000000000000000e+02,2.328582199795896557e+01,2.067508797974211987e+01,-1.455391842076177340e-03,3.821163848529509011e+01,2.672393167305726625e-01,nan,6.263864564040058092e+00,1.000000000000000000e+00
6.190000000000000000e+02,5.994717807966817524e+00,4.064356630337253051e+01,-9.941305132973011181e-04,2.547392030523326056e+01,3.485583792015468640e-01,nan,2.641443564928960441e+01,1.000000000000000000e+00
6.200000000000000000e+02,1.418202613393414140e+02,2.439995046769021414e+01,-2.009715762398440412e-03,5.351927742442869373e+01,2.493555896420087681e-01,nan,1.729315564069027999e+01,1.000000000000000000e+00
6.200000000000000000e+02,8.624599213796118136e+01,4.449814200003517328e+01,-1.466441081885241915e-02,4.029783133910142396e+02,1.576652202620354437e-02,nan,1.491076729114230481e+01,1.000000000000000000e+00
6.200000000000000000e+02,3.580851731295335583e+01,2.524377319100495143e+01,-1.779869028003498504e-03,4.717206653839793518e+01,2.318385894961315641e-01,nan,1.216771965877703110e+01,1.000000000000000000e+00
6.220000000000000000e+02,6.600230453387919738e+01,1.556911111293051064e+01,4.732255042460177183e-03,-1.287021204678339927e+02,2.290917606716202926e-01,nan,8.334575148293630775e+00,1.000000000000000000e+00
6.230000000000000000e+02,6.027246880541113683e+01,4.864006100872768457e+01,-1.341275846680347814e-02,3.684139700890984273e+02,1.976790040141118698e-02,nan,9.557943286932395921e+00,1.000000000000000000e+00
6.230000000000000000e+02,1.097176982863537802e+02,3.995016956325821411e+01,-1.638815270386584713e-03,4.327687112386034585e+01,2.693547606424587793e-01,nan,1.207111262175732236e+01,1.000000000000000000e+00
6.240000000000000000e+02,1.302430002434385869e+02,3.724597154545717359e+01,-2.142876679527178172e-03,5.719651227842086882e+01,1.712987783946251508e-01,nan,9.195523954308253423e+00,1.000000000000000000e+00
6.250000000000000000e+02,6.410655915786745140e+01,3.903078398873805810e+01,-1.714156489919644233e-03,4.535741671023083654e+01,2.735983579715476344e-01,nan,1.034593899448954346e+01,1.000000000000000000e+00
6.260000000000000000e+02,5.080956297286870438e+01,4.998456578025155750e+01,-1.262059257445975399e-03,3.287276478313173556e+01,3.726079668074060436e-01,nan,9.557943286932395921e+00,1.000000000000000000e+00
6.270000000000000000e+02,1.190558677884191781e+02,4.864976967817167974e+01,-1.639034112715146612e-03,4.328291444839931756e+01,2.674635227189461339e-01,nan,3.563490083158038058e+00,1.000000000000000000e+00
6.270000000000000000e+02,1.089579373447136419e+02,2.790299050595575281e+01,2.556427905135223722e-03,-6.861671734690111180e+01,2.009465162327394028e-01,nan,1.207111262175732236e+01,1.000000000000000000e+00
6.270000000000000000e+02,1.288497423903077888e+01,3.471748204357362511e+01,1.649005447077564034e-03,-4.355827255683621502e+01,3.560343838340985778e-01,nan,1.268241132424663142e+01,1.000000000000000000e+00
6.280000000000000000e+02,1.423507409448439489e+02,4.551739083761601279e+01,-1.474344357519140856e-03,3.873501164808513408e+01,3.476335970748322124e-01,nan,7.344618030968940836e+00,1.000000000000000000e+00
6.290000000000000000e+02,4.478867525283736484e+01,9.468504164181924310e+00,-8.979112284120028750e-03,2.459789596913332730e+02,2.370769488991453233e-02,nan,4.882455603401623101e+00,1.000000000000000000e+00
6.290000000000000000e+02,5.071694834171865729e+00,7.123024878150411077e+00,-1.585069089306577255e-03,4.179267189635498170e+01,2.761585710516974990e-01,nan,9.587020193822093361e+00,1.000000000000000000e+00
6.290000000000000000e+02,1.350177264018284404e+02,4.510470241670124381e+01,-1.576249579716547389e-03,4.154912139551078809e+01,2.891469570628213415e-01,nan,7.344618030968940836e+00,1.000000000000000000e+00
6.310000000000000000e+02,1.387276666556371367e+02,1.344089743519418967e+01,-1.444199825970337008e-03,3.790257128601281522e+01,2.931397933195066807e-01,nan,1.338837467630575340e+01,1.000000000000000000e+00
6.320000000000000000e+02,1.397654313067841656e+02,3.177386012644017299e+01,-1.411979525114097659e-03,3.701280861488213247e+01,3.489325371929852260e-01,nan,9.964732059199956637e+00,1.000000000000000000e+00
6.330000000000000000e+02,1.170684286558815757e+02,2.434635666385458563e+01,-1.520986841818466927e-03,4.002304249557806770e+01,2.962514343595700206e-01,nan,8.186735015627332857e+00,1.000000000000000000e+00
6.350000000000000000e+02,5.825668753569606650e+01,2.182017672375012651e+01,-1.374135018984852172e-03,3.596773367869765536e+01,3.499716204397348429e-01,nan,9.361416564530472328e+00,1.000000000000000000e+00
6.360000000000000000e+02,1.249049895025906238e+02,4.665838453555723220e+01,-1.656201029047994636e-03,4.375697834369140793e+01,3.047721453161306160e-01,nan,1.243686788679936583e+01,1.000000000000000000e+00
6.360000000000000000e+02,1.234527936096968546e+02,3.430659074184598012e+01,-1.432922966753343496e-03,3.759116114668341169e+01,2.560297160782798453e-01,nan,9.588148033006204329e+00,1.000000000000000000e+00
6.370000000000000000e+02,1.073750865338477496e+02,6.603603835918430143e+00,-6.792623606959458625e-03,1.855991384578933037e+02,6.028720209166715804e-02,nan,1.391432950626514042e+01,1.000000000000000000e+00
6.370000000000000000e+02,4.751332877768545160e+01,4.954400785056437684e+01,-1.228907693684712539e-03,3.195728531396134287e+01,3.749833890995473151e-01,nan,2.332460837731334635e+01,1.000000000000000000e+00
6.390000000000000000e+02,8.321201440440167119e+01,4.922341904688858705e+01,-2.822575744892870820e-03,7.596638220183271528e+01,1.967953380979001743e-01,nan,6.696920539776967551e+00,1.000000000000000000e+00
6.410000000000000000e+02,4.592654386059530935e+01,2.627343695980341920e+01,-2.350345038623276317e-02,6.470681339917792911e+02,1.052987593361476293e-02,nan,2.332460837731334635e+01,1.000000000000000000e+00
6.430000000000000000e+02,2.298152814666546817e+01,3.582541200874589293e+01,-2.219594683775224890e-03,5.931507773465678923e+01,2.121077276481979634e-01,nan,1.165906084589640201e+01,1.000000000000000000e+00
6.430000000000000000e+02,7.797335955491670134e+00,1.828376513505875067e+01,-1.395534007439509219e-03,3.655866612255853454e+01,2.819046797367096291e-01,nan,1.047603316901111015e+01,1.000000000000000000e+00
6.450000000000000000e+02,1.386187932218238572e+01,2.856141138055078699e+01,-2.003894746750371162e-03,5.335853024659106580e+01,1.892940087064231003e-01,nan,8.479214346887999909e+00,1.000000000000000000e+00
6.460000000000000000e+02,5.107448872015746488e+00,4.722063309755964866e+01,-1.852183522758263845e-03,4.916902920803750732e+01,2.025575469133265027e-01,nan,9.738743445472355376e+00,1.000000000000000000e+00
6.470000000000000000e+02,9.936262499050360475e+01,7.763654003240790580e+00,-1.221187793167955241e-03,3.174410048569730236e+01,3.465373872038064462e-01,nan,3.278334414434564792e+01,1.000000000000000000e+00
6.480000000000000000e+02,4.670629046029724663e+01,2.770168254365687233e+01,-1.722177131805686890e-03,4.557890650266168819e+01,3.229278966936069972e-01,nan,7.873550026504835486e+00,1.000000000000000000e+00
6.490000000000000000e+02,2.319842408145312262e+01,8.917540524546742731e+00,-1.684735126638275092e-03,4.454494661883291684e+01,2.380374056685178319e-01,nan,8.067095087402925913e+00,1.000000000000000000e+00
6.490000000000000000e+02,5.373557064240684156e+01,4.037307495218301767e+01,-1.146242372922784891e-03,2.967448488515143268e+01,3.413192161301754624e-01,nan,1.117972989304783660e+01,1.000000000000000000e+00
6.500000000000000000e+02,1.400757067349789509e+02,3.217281301505943958e+01,-2.202414253240748618e-02,6.062170906288712331e+02,1.074215552250123995e-02,nan,1.683975767649304700e+01,1.000000000000000000e+00
6.500000000000000000e+02,3.821033318300349890e+01,5.021297970021735324e+01,-1.847404669461053407e-03,4.903706131321121831e+01,1.848823360550250205e-01,nan,1.838087929401772413e+01,1.000000000000000000e+00
6.510000000000000000e+02,5.443301636352933315e+01,2.921512128909607497e+01,-1.596731757781558094e-03,4.211473614712379288e+01,2.359231622982994603e-01,nan,7.873550026504835486e+00,1.000000000000000000e+00
6.520000000000000000e+02,2.221026403381879177e+01,1.692388568756961575e+01,-1.533443980676642325e-03,4.036704602287441901e+01,2.645311680679099942e-01,nan,8.067095087402925913e+00,1.000000000000000000e+00
6.530000000000000000e+02,5.240756610471273724e+00,1.638602744409770295e+01,-1.587030809670573334e-03,4.184684474715697888e+01,3.015933329699477250e-01,nan,1.697802914596147161e+01,1.000000000000000000e+00
6.540000000000000000e+02,1.664422120397612304e+01,3.316748728171000238e+01,-1.374365730834118272e-03,3.597410477970569076e+01,2.459479068944779856e-01,nan,1.295223998213491789e+01,1.000000000000000000e+00
6.550000000000000000e+02,1.415442411251374324e+02,4.894841569716682272e+01,-1.956055736442717519e-03,5.203745736817492684e+01,2.785145065284951871e-01,nan,9.505484743285233407e+00,1.000000000000000000e+00
6.560000000000000000e+02,1.005939530928085333e+02,5.106855413585343229e+01,-2.828198610288063658e-03,7.612165746619966455e+01,1.876015075738191040e-01,nan,1.854979836579962438e+01,1.000000000000000000e+00
6.560000000000000000e+02,9.427220849649246759e+01,3.362921456490720118e+01,-1.455525579015810823e-03,3.821533162699379460e+01,3.400870717896183892e-01,nan,5.087831312493968028e+00,1.000000000000000000e+00
6.570000000000000000e+02,5.634984047955001074e+01,2.651730836682495607e+01,-1.667888603343525150e-02,4.586079878577778572e+02,1.785354418021123379e-02,nan,1.418642729703128857e+01,1.000000000000000000e+00
6.570000000000000000e+02,5.175550622398326084e+01,4.422625596085128308e+01,-1.811446247974606363e-02,4.982513896739484380e+02,7.787897308528024531e-03,nan,1.654357034983235408e+01,1.000000000000000000e+00
6.580000000000000000e+02,4.714523379300572969e+01,4.885871848961587993e+00,-1.703659893187365595e-03,4.506755349672563682e+01,2.869577450798107554e-01,nan,1.443684921080643235e+01,1.000000000000000000e+00
6.580000000000000000e+02,2.645016969079155800e+01,2.465254403276489370e+01,-1.458414544902438383e-03,3.829511033593758640e+01,2.418493440549435158e-01,nan,1.298695053732144622e+01,1.000000000000000000e+00
6.580000000000000000e+02,8.186134634340992022e+01,3.975471735969403397e+01,-1.627265299131132976e-03,4.295791900353142267e+01,2.791596814330772336e-01,nan,1.170015105146597634e+01,1.000000000000000000e+00
6.580000000000000000e+02,1.140849005008565769e+02,1.477868855823490435e+01,-1.339953090583298739e-03,3.502380071995017374e+01,3.123984757770797982e-01,nan,6.463013417328118848e+00,1.000000000000000000e+00
6.580000000000000000e+02,3.760047828192738706e+01,1.571731946086009657e+01,-1.314837933944361425e-03,3.433024639975209880e+01,3.654203101103348228e-01,nan,1.428872351989248735e+01,1.000000000000000000e+00
6.580000000000000000e+02,1.204545933324504858e+02,1.587301742274705596e+01,-1.561409038899835974e-03,4.113930029244234277e+01,3.014500444650414224e-01,nan,6.463013417328118848e+00,1.000000000000000000e+00
6.590000000000000000e+02,1.124391663259139662e+01,1.302016671691129623e+01,-1.395386091482181835e-03,3.655458142769855101e+01,2.865800550702600757e-01,nan,1.088393448792475660e+01,1.000000000000000000e+00
6.590000000000000000e+02,6.832766063061771433e+01,3.723062637297841349e+01,-1.454547204857016595e-03,3.818831385305126958e+01,3.172837471621411387e-01,nan,7.298288331319615629e+00,1.000000000000000000e+00
6.620000000000000000e+02,4.269976940859407932e+01,3.038128031442065335e+01,-1.887209301072340171e-03,5.013626505757889618e+01,1.988122579564995940e-01,nan,1.418642729703128857e+01,1.000000000000000000e+00
6.620000000000000000e+02,1.356075250272421897e+02,3.636408751185604160e+01,-1.934498979405882774e-03,5.144216814950535621e+01,3.086408031660791140e-01,nan,5.875242220770326540e+00,1.000000000000000000e+00
6.630000000000000000e+02,1.189338202380133254e+02,9.312451992573656412e+00,-1.505853319269618911e-03,3.960513071049702205e+01,2.705318238384364360e-01,nan,6.018331886153378996e+00,1.000000000000000000e+00
6.630000000000000000e+02,1.429296346702340088e+02,1.041475874925578182e+01,-1.222122614043690426e-03,3.176991553699474480e+01,3.168213820400899161e-01,nan,8.379080048206731135e+00,1.000000000000000000e+00
6.640000000000000000e+02,1.400246362597003440e+02,3.241272684140609783e+01,-1.997233865271706883e-03,5.317459019826611666e+01,2.722085913144242086e-01,nan,5.926560789183437983e+00,1.000000000000000000e+00
6.640000000000000000e+02,9.037188630583210980e+00,3.763155357764958353e+01,-1.597406786346224680e-03,4.213337704130622541e+01,2.672341366787358563e-01,nan,5.612613263572006517e+00,1.000000000000000000e+00
6.660000000000000000e+02,4.578224726485090912e+01,4.585233254602660224e+01,-1.518762647538148642e-03,3.996162143520996324e+01,3.381312472467048469e-01,nan,9.298468077068585913e+00,1.000000000000000000e+00
6.660000000000000000e+02,5.495077128891149698e+01,4.740142124603296736e+01,-1.532584630607768941e-03,4.034331509571366325e+01,3.587229900189921050e-01,nan,9.298468077068585913e+00,1.000000000000000000e+00
6.670000000000000000e+02,1.129719331888641563e+02,1.013477887713836445e+01,-1.934548683767869058e-03,5.144354073401613192e+01,2.246431966388141577e-01,nan,6.018331886153378996e+00,1.000000000000000000e+00
6.670000000000000000e+02,1.347254324234307319e+02,1.211771146375028074e+01,-1.223942672717434708e-03,3.182017640434017380e+01,3.396326429731898466e-01,nan,8.379080048206731135e+00,1.000000000000000000e+00
6.690000000000000000e+02,1.098528843063403038e+01,2.845858404445580803e+01,-1.799990631450881827e-03,4.772772403243121175e+01,2.690171109841686947e-01,nan,9.377551006945218148e+00,1.000000000000000000e+00
6.690000000000000000e+02,1.270448932921979690e+01,4.188035731896360403e+01,-2.139742246527902292e-03,5.710995500229984856e+01,2.323256566308349313e-01,nan,5.612613263572006517e+00,1.000000000000000000e+00
6.690000000000000000e+02,7.425612383623733592e+01,2.529199651585770070e+01,-1.678256300088436887e-03,4.436603401207307229e+01,3.410938684202762250e-01,nan,7.059551441718918241e+00,1.000000000000000000e+00
6.690000000000000000e+02,3.969414508259967533e+01,2.597749157460725655e+01,-1.584090238794789085e-03,4.176564096793838132e+01,3.417149425215399994e-01,nan,2.078639679744282276e+01,1.000000000000000000e+00
6.690000000000000000e+02,1.295383173728875477e+02,2.988341150617540976e+01,-1.538779521562163785e-03,4.051438682926261237e+01,3.392400787999931833e-01,nan,1.078704407430320522e+01,1.000000000000000000e+00
6.700000000000000000e+02,8.811288513795638266e+01,2.851759169541781347e+01,-2.117885728675809268e-03,5.650638789743440782e+01,1.932867631916154183e-01,nan,1.422723789198802891e+01,1.000000000000000000e+00
6.700000000000000000e+02,1.212939788000728925e+02,2.047082523756398587e+01,-1.247125097655634417e-03,3.246035839482909324e+01,3.612107096962887676e-01,nan,1.251262957044808743e+01,1.000000000000000000e+00
6.720000000000000000e+02,5.167524319235032237e+01,4.866375252335114965e+01,-1.281268673579476604e-03,3.340323225101992932e+01,3.533551492935382843e-01,nan,2.200739403479221679e+01,1.000000000000000000e+00
6.740000000000000000e+02,1.973907957900291521e+01,1.617903176986782299e+01,-1.161067987207985847e-02,3.186496221029368030e+02,2.227468100911778048e-02,nan,1.457619666292741911e+01,1.000000000000000000e+00
6.760000000000000000e+02,4.212816703359973047e+01,2.219703065427181699e+01,-1.694055261066699809e-03,4.480232186003046735e+01,2.886423907680900625e-01,nan,8.808834703447715242e+00,1.000000000000000000e+00
6.770000000000000000e+02,6.973712895344147000e+01,1.136847795484836610e+01,-1.422400270462589053e-03,3.730057719462991628e+01,3.147823153838381627e-01,nan,1.910960497757962884e+01,1.000000000000000000e+00
6.770000000000000000e+02,1.131967196896523973e+02,4.195616830248827966e+01,-1.412070307566577320e-03,3.701531556966726555e+01,3.229420542756005208e-01,nan,1.920447228280869822e+01,1.000000000000000000e+00
6.780000000000000000e+02,8.896782365289008965e+01,4.306925583807299773e+01,-1.319928175834181577e-03,3.447081328150766666e+01,3.385760292461886811e-01,nan,2.425445045805223643e+01,1.000000000000000000e+00
6.780000000000000000e+02,3.285526554457106840e+01,8.747678926781368602e+00,-1.404578353597110869e-03,3.680842547867763415e+01,3.470358628281174918e-01,nan,1.507512319557674729e+01,1.000000000000000000e+00
6.790000000000000000e+02,1.322206592635684501e+02,1.674605345595499628e+01,-5.293138864785832537e-03,1.441909109100195394e+02,7.016400088812069225e-02,nan,1.591572921444776156e+01,1.000000000000000000e+00
6.790000000000000000e+02,6.176249196072402725e+01,4.178938727647786067e+01,-1.171521008938026034e-02,3.215362210137928969e+02,2.517044335489571072e-02,nan,2.362145388968021464e+01,1.000000000000000000e+00
6.800000000000000000e+02,1.709911201861316243e+01,3.997547960746739193e+01,-1.142749122815076013e-03,2.957801888501597176e+01,3.494702957598452286e-01,nan,1.380639551118341757e+01,1.000000000000000000e+00
6.810000000000000000e+02,1.055202870196667391e+02,2.435264203289262497e+01,-7.764647645214577468e-03,2.124415540064007928e+02,2.806142751171469829e-02,nan,1.463484498202653228e+01,1.000000000000000000e+00
6.810000000000000000e+02,8.883995754412481460e+01,1.187734162431893914e+01,-1.208939979642172091e-03,3.140587747136747154e+01,2.907135699006622165e-01,nan,1.910960497757962884e+01,1.000000000000000000e+00
6.810000000000000000e+02,1.413684966159121359e+02,2.977016602467504924e+01,-1.341693118111272204e-03,3.507185152953256591e+01,3.241690953762215166e-01,nan,1.591572921444776156e+01,1.000000000000000000e+00
6.830000000000000000e+02,1.200695894474354901e+02,4.411113782147177886e+01,-1.537898984502888283e-03,4.049007082397805135e+01,2.784295565282828289e-01,nan,2.453732579076167042e+01,1.000000000000000000e+00
6.850000000000000000e+02,1.158513550162039110e+02,1.158190037475790746e+01,-1.755370504319759065e-02,4.827660893713243127e+02,4.916414813013292306e-02,nan,6.479826940288829107e+00,1.000000000000000000e+00
6.850000000000000000e+02,8.577958381263755427e+01,3.447189361841776645e+01,-8.989926205807711665e-03,2.462775858242536628e+02,2.248142733437685781e-02,nan,7.470616944399186998e+00,1.000000000000000000e+00
6.850000000000000000e+02,2.278753004186319231e+01,2.737975596518680632e+01,-1.603782649313650801e-03,4.230944631173210269e+01,2.553531600112831645e-01,nan,1.382064953900292892e+01,1.000000000000000000e+00
6.850000000000000000e+02,3.247704846701743264e+01,1.238874732110194543e+01,-1.822896954916865698e-03,4.836028148879433530e+01,2.273245565631714094e-01,nan,1.784984894833652547e+01,1.000000000000000000e+00
6.850000000000000000e+02,6.063758603375040934e+01,4.273319159167719761e+01,3.259495169549311497e-03,-8.803189940745234310e+01,2.553505289438041670e-01,nan,1.048848848369773989e+01,1.000000000000000000e+00
6.860000000000000000e+02,1.184589901138683103e+02,1.751388118840874597e+01,-7.211181564774342412e-03,1.971576042906621353e+02,2.579414169498409626e-01,nan,6.479826940288829107e+00,1.000000000000000000e+00
6.860000000000000000e+02,5.024240995781696029e+01,4.133723134045191472e+01,-1.064209443556676619e-03,2.740914792634618991e+01,3.543373397998399454e-01,nan,1.048848848369773989e+01,1.000000000000000000e+00
6.880000000000000000e+02,7.442024429077231673e+01,1.450886059084342605e+01,-1.234164081453457962e-02,3.388350872713903641e+02,9.153559809009226278e-03,nan,6.481029442113530159e+00,1.000000000000000000e+00
6.890000000000000000e+02,5.203444885511707696e+01,6.657766263794127504e+00,-1.184546572235141513e-03,3.073225423521896005e+01,3.308251103697859019e-01,nan,1.541145817605424817e+01,1.000000000000000000e+00
6.890000000000000000e+02,1.434338494991309574e+02,7.392497319443432247e+00,-1.663842255415753013e-03,4.396799058761880730e+01,3.214918902833837633e-01,nan,5.294205199679366203e+00,1.000000000000000000e+00
6.900000000000000000e+02,1.319616892193500632e+02,3.304826104309209001e+01,-1.910803103213693215e-03,5.078780721756942995e+01,2.273122084626428840e-01,nan,1.503124505136374367e+01,1.000000000000000000e+00
6.910000000000000000e+02,6.889977225890226542e+00,1.574279868154703976e+01,-3.025549657703852091e-03,8.157150090132410014e+01,1.983111359287960118e-01,nan,1.260930163742212073e+01,1.000000000000000000e+00
6.930000000000000000e+02,4.420747193402169728e+01,3.947418780586689735e+01,-2.210434832607409417e-02,6.084319712884706632e+02,1.493230382861976402e-02,nan,1.208465680697172573e+01,1.000000000000000000e+00
6.930000000000000000e+02,1.430594188666458422e+02,4.318624528403857710e+01,-2.069880242443681087e-02,5.696178620901265504e+02,1.141652004268611797e-02,nan,1.503124505136374367e+01,1.000000000000000000e+00
6.930000000000000000e+02,8.505777803055923414e+01,3.635632488457135736e+01,1.158657060755961896e-03,-3.001731612862699095e+01,3.601509176089572328e-01,nan,8.374434284871465906e+00,1.000000000000000000e+00
6.940000000000000000e+02,4.114616819376113455e+01,1.756457089905790880e+01,-2.233759770735528009e-03,5.970624619912371855e+01,1.823465338848697659e-01,nan,1.175329456265718164e+01,1.000000000000000000e+00
6.940000000000000000e+02,7.208571604165018698e+01,1.628167678751823644e+01,-1.802905495688160485e-03,4.780821792357507150e+01,2.649083095534832122e-01,nan,1.073780778771879163e+01,1.000000000000000000e+00
6.940000000000000000e+02,4.545399710135198390e+00,2.813220722498090964e+01,-1.892033492259278908e-03,5.026948495691154051e+01,2.494971140584647529e-01,nan,1.260930163742212073e+01,1.000000000000000000e+00
6.950000000000000000e+02,1.108605066147607516e+02,1.206191380842949279e+01,-2.386786856854513673e-03,6.393208473204379061e+01,2.082073298698386976e-01,nan,4.638673947087828431e+00,1.000000000000000000e+00
6.960000000000000000e+02,1.002335968881512827e+02,3.786320060218494632e+01,-1.951894111193046982e-02,5.370360262573891532e+02,1.770928057071718964e-02,nan,1.525044761398103788e+01,1.000000000000000000e+00
6.970000000000000000e+02,8.263305227382748797e+01,1.426816878122814991e+01,-1.277319481863119785e-03,3.329417543662111001e+01,2.962314431513179969e-01,nan,1.073780778771879163e+01,1.000000000000000000e+00
6.970000000000000000e+02,2.105616740709950463e+01,3.531793143131054080e+01,-2.010157183974151107e-02,5.531253568621212935e+02,1.021054781006613954e-02,nan,1.556048203582671263e+01,1.000000000000000000e+00
6.970000000000000000e+02,1.135271825959054226e+01,4.748229231994720578e+01,-2.184850333111472073e-02,6.013668191930212288e+02,1.086083341318455631e-02,nan,1.556048203582671263e+01,1.000000000000000000e+00
6.970000000000000000e+02,4.704864446174639170e+01,2.772826643672813773e+01,-1.687086908213702996e-03,4.460989099864504936e+01,2.929207080023485954e-01,nan,6.625477982259209142e+00,1.000000000000000000e+00
6.990000000000000000e+02,1.259365853825751174e+02,4.217940826040167934e+01,-1.871893481244763305e-02,5.149438755625460544e+02,1.369054584686790754e-02,nan,9.213564789450678916e+00,1.000000000000000000e+00
6.990000000000000000e+02,1.488655608537229291e+01,8.281759109088714155e+00,-1.614134218642511573e-03,4.259530459770952859e+01,3.059473531234111476e-01,nan,2.238257817095329116e+01,1.000000000000000000e+00
7.000000000000000000e+02,3.328096434823113725e+01,4.609010506137710195e+01,-1.768920261541173482e-03,4.686971667094727678e+01,2.872535450477974317e-01,nan,1.248219823640925874e+01,1.000000000000000000e+00
7.010000000000000000e+02,7.014452100457924644e+01,1.652551074020234623e+01,-1.766437887991033828e-03,4.680116599755129414e+01,2.785127335522478154e-01,nan,1.269090248889875205e+01,1.000000000000000000e+00
7.010000000000000000e+02,8.185436682755225490e+01,3.185362608590514455e+01,-1.510120321704297528e-03,3.972296385863987922e+01,3.183074475869491771e-01,nan,1.130364443037582767e+01,1.000000000000000000e+00
7.010000000000000000e+02,1.304235003259957182e+02,2.684733252354208233e+01,-1.459098756038423525e-03,3.831400480655993590e+01,2.571117678257355266e-01,nan,7.130729967711258332e+00,1.000000000000000000e+00
7.020000000000000000e+02,5.269761449884584437e+01,2.426617227085769457e+01,-1.446115009123521153e-03,3.795545901309161252e+01,2.487370921242096911e-01,nan,6.625477982259209142e+00,1.000000000000000000e+00
7.030000000000000000e+02,4.167346236693965977e+01,2.641583406734944361e+01,-1.776200490330231193e-03,4.707075997723720207e+01,2.740303625509844521e-01,nan,1.123178418893043862e+01,1.000000000000000000e+00
7.030000000000000000e+02,3.022715508050312039e+01,3.398723260194182672e+01,-1.303148372838116133e-03,3.400743950975299867e+01,3.301084022838587373e-01,nan,1.248219823640925874e+01,1.000000000000000000e+00
7.060000000000000000e+02,7.068529630148522358e+01,3.359266058588126924e+01,-3.103981357219822226e-02,8.551845842035428404e+02,1.119226619929869493e-02,nan,1.115524325279343643e+01,1.000000000000000000e+00
7.060000000000000000e+02,1.236588946892655940e+02,3.602014294149718410e+01,-1.210050904980894968e-03,3.143655564228893695e+01,3.540449541524453014e-01,nan,6.780621513971921921e+00,1.000000000000000000e+00
7.080000000000000000e+02,1.018993699274302855e+02,2.892282142381344201e+01,-1.258284927742486054e-03,3.276853677813301147e+01,3.414276764350033799e-01,nan,8.418274829157446959e+00,1.000000000000000000e+00
7.080000000000000000e+02,1.163813017644527008e+02,3.314347072851078480e+01,-1.747695945566154737e-03,4.628360780253187556e+01,2.545767236968035085e-01,nan,6.580994552114948881e+00,1.000000000000000000e+00
7.080000000000000000e+02,7.532124873305058088e+01,4.621732022298741782e+01,-2.032264928560764943e-03,5.414197199223792722e+01,2.039610332172793195e-01,nan,1.344894367229314724e+01,1.000000000000000000e+00
7.090000000000000000e+02,1.319440294304827148e+02,2.678607285954367256e+01,-1.340806538626237304e-03,3.504736866283637653e+01,3.516362834526922665e-01,nan,6.079341129177817216e+00,1.000000000000000000e+00
7.090000000000000000e+02,9.231287782189549773e+01,4.398662811727603383e+01,-1.650871154606420700e-03,4.360979401598803662e+01,2.030383068098057242e-01,nan,7.633516075125185374e+00,1.000000000000000000e+00
7.100000000000000000e+02,5.977223781810580050e+01,3.128082007076481474e+01,-1.351611673543637055e-03,3.534575214935095033e+01,3.261529507093164915e-01,nan,9.012262738151829211e+00,1.000000000000000000e+00
7.110000000000000000e+02,3.873342819140962945e+01,5.005003104261539448e+01,2.725065100868412186e-03,-7.327362860285214197e+01,2.185922704027443153e-01,nan,9.708511789094680822e+00,1.000000000000000000e+00
7.130000000000000000e+02,1.911283239198712280e+01,2.671707956497488468e+01,-1.901718802932785089e-03,5.053694452949714133e+01,2.412155734114659333e-01,nan,1.483166686313213667e+01,1.000000000000000000e+00
7.130000000000000000e+02,1.195381316967312415e+02,1.086575589659549479e+01,-1.289963252071638176e-03,3.364333278322966692e+01,3.655204831689931044e-01,nan,1.658045706828704624e+01,1.000000000000000000e+00
7.130000000000000000e+02,3.891640120283754101e+01,4.034324362163622624e+01,-1.507834045527960956e-03,3.965982840851866342e+01,3.734371576203528997e-01,nan,9.708511789094680822e+00,1.000000000000000000e+00
7.140000000000000000e+02,5.602271752469262367e+01,3.947606120393244566e+01,-1.939019417690401523e-03,5.156699992127125398e+01,2.750230403936766432e-01,nan,9.012262738151829211e+00,1.000000000000000000e+00
7.140000000000000000e+02,9.511042618223657996e+01,5.108904255468726774e+01,-1.215622406708073656e-03,3.159041250045740412e+01,3.614572464546184083e-01,nan,7.633516075125185374e+00,1.000000000000000000e+00
7.150000000000000000e+02,1.143811212315604564e+01,5.193503608338167510e+01,-1.079969133288213434e-03,2.784435129996731462e+01,3.718660293117173055e-01,nan,1.819591166326245357e+01,1.000000000000000000e+00
7.170000000000000000e+02,7.429480924724485646e+01,4.897016658993025118e+01,-2.547173501855289762e-03,6.836115726945756421e+01,1.438740641841366186e-01,nan,2.059143931340872413e+01,1.000000000000000000e+00
7.180000000000000000e+02,1.052195892405583919e+02,3.477168544232823422e+01,-1.418299650097952502e-03,3.718733868251263175e+01,3.118852767228178502e-01,nan,1.485904669530260058e+01,1.000000000000000000e+00
7.180000000000000000e+02,2.807095087560996660e+01,3.853784329547498544e+01,-1.459307094747368987e-03,3.831975807394866251e+01,3.065065756577254330e-01,nan,1.099469249856783470e+01,1.000000000000000000e+00
7.200000000000000000e+02,9.134192994584317660e+01,2.826956131850894494e+01,-1.898514857173255743e-02,5.222953607833063643e+02,1.422446611797834048e-02,nan,1.532537260955662184e+01,1.000000000000000000e+00
7.200000000000000000e+02,5.101536475221416289e+00,3.487810170714476499e+01,-1.258055139168357504e-03,3.276219117334104425e+01,3.480079987882963577e-01,nan,1.819591166326245357e+01,1.000000000000000000e+00
7.210000000000000000e+02,2.290467068416257490e+01,8.571419894360049696e+00,-1.312431622076368470e-03,3.426379616749661494e+01,3.332665433359540685e-01,nan,1.625242546271124766e+01,1.000000000000000000e+00
7.210000000000000000e+02,3.877954484363896626e+01,5.088647458243429789e+00,-1.300550260860307891e-03,3.393569272304279139e+01,3.180892158688487514e-01,nan,1.625242546271124766e+01,1.000000000000000000e+00
7.220000000000000000e+02,6.146526713681623022e+01,6.141280647205409338e+00,-1.432140828604733804e-03,3.756956242445529881e+01,3.311609853305722551e-01,nan,1.013315408307348875e+01,1.000000000000000000e+00
7.230000000000000000e+02,5.421884301209094303e+01,4.134216687423029413e+01,-1.716901594693943239e-02,4.721429111654874760e+02,1.829690395576810680e-02,nan,2.587488761216474842e+01,1.000000000000000000e+00
7.230000000000000000e+02,8.151878110053917226e+01,5.209007581398277864e+01,-1.300279424798802793e-03,3.392821359308064189e+01,2.975892894253743259e-01,nan,1.386325254417968900e+01,1.000000000000000000e+00
7.240000000000000000e+02,1.386085017323480315e+02,1.885095643930047871e+01,-2.941722956555495663e-02,8.103769740472500871e+02,1.655488003745442249e-02,nan,2.666289801449158503e+01,1.000000000000000000e+00
7.240000000000000000e+02,9.685913472044465777e+01,9.464303317906088253e+00,-1.173634315144875045e-03,3.043091257301595220e+01,3.297765458098603775e-01,nan,3.508988343741960225e+00,1.000000000000000000e+00
7.240000000000000000e+02,5.845103102916026216e+01,1.581574147758825433e+01,-1.597438061755306450e-03,4.213424071081848155e+01,2.770152471271032368e-01,nan,5.002900454621578064e+00,1.000000000000000000e+00
7.260000000000000000e+02,1.200114281669601546e+01,2.239631686399217259e+01,-1.745421974488099411e-03,4.622081215734184667e+01,3.057896167893990880e-01,nan,4.507992975935795066e+00,1.000000000000000000e+00
7.280000000000000000e+02,7.135652028866607566e+01,1.105309905001503168e+01,-1.914628702906256454e-03,5.089345104182542912e+01,2.985593467000607903e-01,nan,1.375625006751987200e+01,1.000000000000000000e+00
7.280000000000000000e+02,6.540709808425933858e+00,3.515877285056674850e+01,-1.844909063417223775e-03,4.896814522488680410e+01,2.269855549471377909e-01,nan,1.388152050198603682e+01,1.000000000000000000e+00
7.280000000000000000e+02,5.371050891514052950e+01,1.421684715795900544e+01,-1.544313017928548469e-03,4.066719417049800711e+01,2.792165103834949313e-01,nan,5.002900454621578064e+00,1.000000000000000000e+00
7.290000000000000000e+02,1.205904367278110101e+02,3.850444121995598579e+01,-1.501136792406174234e-03,3.947488395832662178e+01,2.945749231684756664e-01,nan,1.467975996830142549e+01,1.000000000000000000e+00
7.300000000000000000e+02,7.642588261112112491e+01,3.324410025587713591e+01,-1.661169987201607237e-03,4.389419597859870947e+01,2.675714330654387352e-01,nan,8.114812063414554189e+00,1.000000000000000000e+00
7.300000000000000000e+02,3.843872380190077820e+01,5.252049567381251904e+01,-1.565970056666901719e-03,4.126525266543867332e+01,3.612820239945373491e-01,nan,2.009522724252821035e+01,1.000000000000000000e+00
7.310000000000000000e+02,6.323740518857824355e+01,4.270890041997919440e+01,-2.319141084156697060e-03,6.206404868623346971e+01,2.408434403957696590e-01,nan,1.389436660174386695e+01,1.000000000000000000e+00
7.310000000000000000e+02,1.053419104454786748e+02,8.595099751505681951e+00,-1.612004663019861233e-03,4.253649698112069188e+01,2.584980893332636809e-01,nan,3.033883556013539362e+01,1.000000000000000000e+00
7.330000000000000000e+02,3.055426473385336905e+01,3.403662532333849100e+01,-1.456305009609495460e-03,3.823685558017139385e+01,3.521843994115061438e-01,nan,6.369169403925736717e+00,1.000000000000000000e+00
7.340000000000000000e+02,4.678518419833189768e+01,3.012135358537589269e+01,-1.388055711647260236e-03,3.635215320173556108e+01,3.186321847033850574e-01,nan,9.432373171764698583e+00,1.000000000000000000e+00
7.350000000000000000e+02,7.500596594755661783e+01,9.013924970336029574e+00,-1.279930392111183453e-03,3.336627564719223216e+01,3.527880608044700050e-01,nan,8.960147674187144418e+00,1.000000000000000000e+00
7.350000000000000000e+02,7.559592115521037670e+01,2.517184290082205322e+01,-1.695750515434089282e-03,4.484913626008540888e+01,3.362520406602832468e-01,nan,8.114812063414554189e+00,1.000000000000000000e+00
7.350000000000000000e+02,6.655077199063923388e+01,1.197938302840210945e+01,-1.183949173094543152e-03,3.071575707532459276e+01,3.495136463832605456e-01,nan,8.960147674187144418e+00,1.000000000000000000e+00
7.360000000000000000e+02,2.920315251825086733e+01,7.604266878201253910e+00,-1.437948631257030679e-03,3.772994472579891578e+01,3.088134278486689421e-01,nan,1.853899759823637083e+01,1.000000000000000000e+00
7.360000000000000000e+02,1.224540866139532085e+02,4.058789256394812384e+01,-1.529749180626724034e-03,4.026501422694622079e+01,2.893758400931429886e-01,nan,1.128129461880967632e+01,1.000000000000000000e+00
7.360000000000000000e+02,2.986905639339735075e+01,4.163990787700570451e+01,-1.540977476438826991e-03,4.057508328926186181e+01,2.723192016124476034e-01,nan,6.326309152808825331e+00,1.000000000000000000e+00
7.370000000000000000e+02,1.044783321400184235e+02,2.539208015216304659e+01,2.608569419251727771e-03,-7.005660374287542425e+01,3.172939173214294195e-01,nan,2.353806414642775735e+01,1.000000000000000000e+00
7.390000000000000000e+02,3.435671285708833977e+01,4.609895788354355517e+01,-1.280136848020926778e-03,3.337197692113574732e+01,2.801791278601277746e-01,nan,6.326309152808825331e+00,1.000000000000000000e+00
7.390000000000000000e+02,8.754053057663217885e+01,4.964094910033320218e+01,-1.420815028972886775e-03,3.725680079699296954e+01,3.305302768131312963e-01,nan,1.188380667048720873e+01,1.000000000000000000e+00
7.390000000000000000e+02,1.317455866175921528e+02,4.698598884008852394e+01,-1.541600452793824745e-03,4.059228676318804929e+01,3.115949811021425653e-01,nan,1.128129461880967632e+01,1.000000000000000000e+00
7.410000000000000000e+02,5.548202649833895883e+00,5.014465943006335635e+01,-1.191426789770182616e-03,3.092225124236214029e+01,3.368928119698345602e-01,nan,2.576499031234130044e+01,1.000000000000000000e+00
7.420000000000000000e+02,7.627723090572824560e+01,4.512436768192347358e+01,-1.542015806384280409e-03,4.060375674050938244e+01,3.121354024104172620e-01,nan,7.056084311930871600e+00,1.000000000000000000e+00
7.440000000000000000e+02,9.090746856226849104e+01,3.824408156655903923e+01,-1.766342424814013740e-02,4.857959820250147231e+02,2.293675653756044319e-02,nan,9.772789139230500410e+00,1.000000000000000000e+00
7.440000000000000000e+02,1.927614954111062673e+01,2.038018689226037949e+01,-1.440024550245992468e-03,3.778727116830827981e+01,3.072066077562057851e-01,nan,1.338964670667943757e+01,1.000000000000000000e+00
7.440000000000000000e+02,1.183456446341713217e+02,3.771737944957245503e+01,-1.209810641503226373e-03,3.142992077334033851e+01,3.739002555894666013e-01,nan,1.381755377133491081e+01,1.000000000000000000e+00
7.450000000000000000e+02,1.371178919268698735e+02,3.649077428857437866e+01,-1.762050772063063469e-03,4.668001591878426382e+01,2.977784151074768237e-01,nan,1.209957476488507488e+01,1.000000000000000000e+00
7.450000000000000000e+02,1.045280592656104091e+02,2.441580774617230887e+01,-2.605725519078085344e-03,6.997806952228515343e+01,3.197499919069608509e-01,nan,1.026936371623488498e+01,1.000000000000000000e+00
7.460000000000000000e+02,1.306881386885591212e+02,2.624099464287095884e+01,-1.721224641400258574e-03,4.555260350781562551e+01,2.901890958352804084e-01,nan,1.209957476488507488e+01,1.000000000000000000e+00
7.460000000000000000e+02,4.892321008806716520e+01,1.839562004611816803e+01,-1.485156151719323149e-03,3.903357903050007849e+01,2.105920217795254068e-01,nan,1.011022805315122319e+01,1.000000000000000000e+00
7.460000000000000000e+02,3.583861032263747859e+01,2.600691842758175554e+01,-1.489084884275849703e-03,3.914207086579516215e+01,3.729222761646320272e-01,nan,1.390895936122640286e+01,1.000000000000000000e+00
7.470000000000000000e+02,6.264928477617324631e+01,4.340295106385537593e+01,-3.047188485768225711e-03,8.216905650903241565e+01,2.516022729867241070e-01,nan,9.860233052726000480e+00,1.000000000000000000e+00
7.470000000000000000e+02,7.658521808970986910e+01,1.227359969419024921e+01,1.353244946728515002e-03,-3.539085494085333750e+01,3.427043844122988903e-01,nan,2.833135753670064716e+01,1.000000000000000000e+00
7.490000000000000000e+02,1.140713384197422329e+02,2.062296526030045740e+01,-1.467415351701274132e-03,3.854366735393055876e+01,3.416077702345773348e-01,nan,1.026936371623488498e+01,1.000000000000000000e+00
7.490000000000000000e+02,1.046684081763838208e+02,3.575320147863906328e+01,-1.404351254603208822e-03,3.680215414656540673e+01,3.227279489690547676e-01,nan,1.133826240928175544e+01,1.000000000000000000e+00
7.510000000000000000e+02,1.314493635099512048e+01,5.103110591482077574e+00,-1.227979956208718896e-03,3.193166587054176730e+01,3.709832182859512661e-01,nan,2.984617941654719431e+01,1.000000000000000000e+00
7.510000000000000000e+02,7.501462296445581046e+01,4.762516452626751828e+01,-1.467639558506138439e-03,3.854985881832661931e+01,2.967513089963879080e-01,nan,6.381682206142242464e+00,1.000000000000000000e+00
7.520000000000000000e+02,7.445266193642972041e+01,4.126827318039944714e+01,-1.349404309211969409e-03,3.528479584752538756e+01,3.373853069624492829e-01,nan,6.381682206142242464e+00,1.000000000000000000e+00
7.520000000000000000e+02,5.491451948345574152e+01,4.951830892097567727e+01,-1.260161549729820136e-03,3.282035963973827819e+01,3.063980486351945975e-01,nan,9.860233052726000480e+00,1.000000000000000000e+00
7.530000000000000000e+02,1.281746540964727217e+02,2.746184380563655481e+01,-1.723260244596806030e-03,4.560881663088991189e+01,2.636682658153040038e-01,nan,6.907402944610171680e+00,1.000000000000000000e+00
7.540000000000000000e+02,1.283438999990775642e+02,1.682181295422111944e+01,-1.552595429163437573e-03,4.089591271588460586e+01,2.831958084952628241e-01,nan,1.064137682326026813e+01,1.000000000000000000e+00
7.540000000000000000e+02,6.222981630162833966e+01,4.031147289412736257e+01,-2.965786476724567144e-03,7.992114239658350527e+01,2.814599039190054386e-01,nan,1.175922604439757357e+01,1.000000000000000000e+00
7.550000000000000000e+02,1.420879274469951383e+02,2.826952580441161444e+01,-1.799597290209585315e-03,4.771686192549176297e+01,1.973389957566724640e-01,nan,1.393669708135692176e+01,1.000000000000000000e+00
7.570000000000000000e+02,7.566697959540374541e+01,1.769525297186877211e+01,-1.169559962312826003e-02,3.209946785585455018e+02,1.781008000084893794e-02,nan,2.150428547351831199e+01,1.000000000000000000e+00
7.570000000000000000e+02,4.543549612210332356e+01,2.696967513153471074e+01,-1.409483888781300513e-03,3.694389169012875840e+01,3.281634228367689143e-01,nan,8.598966594380870632e+00,1.000000000000000000e+00
7.580000000000000000e+02,4.907543620623021496e+01,1.917909988478659500e+01,-1.480498556691985275e-03,3.890495967926995036e+01,2.648724597781479950e-01,nan,8.598966594380870632e+00,1.000000000000000000e+00
7.580000000000000000e+02,1.241459157846127397e+02,3.307268002261534434e+01,-2.061212878159494975e-03,5.494136877855734014e+01,2.117586438884896394e-01,nan,6.907402944610171680e+00,1.000000000000000000e+00
7.580000000000000000e+02,2.149029521633063311e+01,3.323867567692788327e+01,-1.689124613686200562e-03,4.466616217600855521e+01,2.524034220864289635e-01,nan,6.478168214158626981e+00,1.000000000000000000e+00
7.580000000000000000e+02,3.533023217241121472e+01,4.482512100385124398e+01,-1.326240435379413742e-03,3.464512614527933465e+01,3.499458183694492686e-01,nan,8.202064132815042541e+00,1.000000000000000000e+00
7.590000000000000000e+02,4.609920510565270035e+01,5.999608485141234127e+00,-1.437580428946718357e-03,3.771977682970751289e+01,3.510052080273642350e-01,nan,7.496380171160332395e+00,1.000000000000000000e+00
7.600000000000000000e+02,3.913822576921911178e+01,8.781780720699345011e+00,-1.755798482255302136e-03,4.650735911756883922e+01,2.475236377828373691e-01,nan,7.496380171160332395e+00,1.000000000000000000e+00
7.600000000000000000e+02,5.518085394007429301e+01,1.115667901720380861e+01,-1.471788072753845615e-03,3.866441991863207761e+01,3.077934785737475032e-01,nan,1.008143651873905888e+01,1.000000000000000000e+00
7.600000000000000000e+02,3.210161587326919630e+01,2.017627533838262366e+01,-1.281265449881263067e-03,3.340314322868751162e+01,3.663588763762294365e-01,nan,1.260629389121775468e+01,1.000000000000000000e+00
7.610000000000000000e+02,1.067897770877901422e+02,1.076130791185329372e+01,1.504570352178806730e-03,-3.956970161159483723e+01,3.270095877044975063e-01,nan,9.635293792513436983e+00,1.000000000000000000e+00
7.620000000000000000e+02,3.270537432275083489e+01,5.259583379663204994e+01,-1.361871004431826175e-03,3.562906327347165814e+01,2.888600630932572910e-01,nan,8.202064132815042541e+00,1.000000000000000000e+00
7.630000000000000000e+02,1.432573792623766451e+02,2.660560631259464159e+01,-1.421658613834052287e-03,3.728009636840135244e+01,2.736001935474785540e-01,nan,2.017600254343621202e+01,1.000000000000000000e+00
7.640000000000000000e+02,3.979245700033418842e+01,3.490104820077652903e+01,-1.038505146105524364e-02,2.848039291755927707e+02,1.472862308475553217e-02,nan,1.297152378642179649e+01,1.000000000000000000e+00
7.640000000000000000e+02,9.681791615031102083e+01,2.154447486498963826e+01,-1.251490276481741215e-03,3.258090268116612975e+01,2.574534904672426405e-01,nan,1.468722914969442961e+01,1.000000000000000000e+00
7.640000000000000000e+02,5.974715609096733004e+01,5.339107653504163409e+01,-1.309147798241739073e-03,3.417311346780181225e+01,2.947922393262116803e-01,nan,2.705347246127267979e+01,1.000000000000000000e+00
7.650000000000000000e+02,8.177924940201393156e+01,3.168330252152158266e+01,-1.863413746280826811e-03,4.947915150402145201e+01,2.766562451675725898e-01,nan,1.813718070195016807e+01,1.000000000000000000e+00
7.660000000000000000e+02,6.685165034064270984e+00,7.873509766405939914e+00,-1.675465206941366284e-03,4.428895805598586577e+01,1.864478354363244827e-01,nan,2.901641507488341531e+01,1.000000000000000000e+00
7.660000000000000000e+02,1.079771222980915582e+02,5.013219234007983260e+01,-1.555032678281280346e-03,4.096321727939499624e+01,2.993655851972061299e-01,nan,1.525678113120091517e+01,1.000000000000000000e+00
7.680000000000000000e+02,2.695940305903002709e+01,3.301076888774255735e+01,-1.329664254161968965e-03,3.473967480138984598e+01,3.416728127076184007e-01,nan,8.994643606633854205e+00,1.000000000000000000e+00
7.680000000000000000e+02,1.138355124468909167e+02,1.719351867557918467e+01,-1.518830132667864201e-03,3.996348503510449035e+01,2.901524195125257943e-01,nan,1.120288582574326952e+01,1.000000000000000000e+00
7.700000000000000000e+02,1.387983363221084971e+02,3.475834105836916876e+01,-1.425160593587763546e-03,3.737680343745729772e+01,2.505733583364027073e-01,nan,9.398458550782841314e+00,1.000000000000000000e+00
7.710000000000000000e+02,9.838019670136052497e+00,4.490120641619397901e+01,-1.277744457088029898e-03,3.330591111509809110e+01,3.705233255656174007e-01,nan,1.324165763898269965e+01,1.000000000000000000e+00
7.710000000000000000e+02,3.996837968989801482e+01,5.068949674273470407e+01,-1.919842132864658241e-03,5.103741975851237811e+01,2.303223647909692362e-01,nan,1.670431004267584640e+01,1.000000000000000000e+00
7.710000000000000000e+02,3.796017754097938735e+01,2.489481892414647746e+01,-1.116240041307439788e-03,2.884597137010619150e+01,3.555494721609939734e-01,nan,1.367061384921333378e+01,1.000000000000000000e+00
7.720000000000000000e+02,1.131828337787119523e+02,3.448587072876020443e+01,-1.164590425013572366e-03,3.018116581004982990e+01,3.738921462626876302e-01,nan,9.545121236924169139e+00,1.000000000000000000e+00
7.750000000000000000e+02,6.446126533616151733e+00,1.961011069099155790e+01,-1.862569477804335016e-02,5.123690547240308888e+02,1.129615178832088507e-02,nan,2.551753244400647347e+01,1.000000000000000000e+00
7.760000000000000000e+02,1.197144970282183465e+02,4.296002081520150284e+01,-1.444292926608131385e-03,3.790514225741799947e+01,2.913505401571722109e-01,nan,1.051053472821914170e+01,1.000000000000000000e+00
7.760000000000000000e+02,8.157557718329638874e+01,4.447547237131709608e+01,-1.583256162920385415e-03,4.174260798692289143e+01,3.399980424006516788e-01,nan,4.913905014456584119e+00,1.000000000000000000e+00
7.760000000000000000e+02,2.416406990218387918e+01,4.528045189768079126e+01,-1.211499301751981688e-03,3.147655307700096117e+01,3.391545424864865765e-01,nan,1.433106912921662435e+01,1.000000000000000000e+00
7.770000000000000000e+02,3.925346569867843272e+01,2.030048790430423011e+01,-1.539561792519773169e-03,4.053598921900739072e+01,2.368200346975714021e-01,nan,1.382442301379878558e+01,1.000000000000000000e+00
7.770000000000000000e+02,1.002925114821004371e+02,4.473438892307249404e+01,-1.145388018757930544e-03,2.965089191973487104e+01,3.265853271422617388e-01,nan,1.406318317888572800e+01,1.000000000000000000e+00
7.780000000000000000e+02,4.287491815935158002e+01,3.506956475836781095e+01,-1.640542553961511470e-03,4.332457000954996573e+01,2.722755199513685609e-01,nan,1.520659557712219190e+01,1.000000000000000000e+00
7.790000000000000000e+02,7.492969856298786624e+01,2.067112412813099809e+01,-1.494352493984381879e-02,4.106860417251371587e+02,1.438342139841919387e-02,nan,1.646313718498079126e+01,1.000000000000000000e+00
7.810000000000000000e+02,5.193969205508953024e+00,1.443537783745009229e+01,-1.579356476874296420e-03,4.163491827016882496e+01,3.404390537377649517e-01,nan,1.291666578623725314e+01,1.000000000000000000e+00
7.820000000000000000e+02,1.830503717405261099e+01,2.459059996552250027e+01,-1.677090369374629845e-03,4.433383686931829004e+01,3.444253427675383339e-01,nan,3.822227279119213783e+00,1.000000000000000000e+00
7.830000000000000000e+02,1.418289844019438419e+02,2.967177656216973247e+01,-1.786894184424137446e-03,4.736606602865186488e+01,2.018136731548485496e-01,nan,1.236882004096866261e+01,1.000000000000000000e+00
7.830000000000000000e+02,1.419914750079047110e+02,5.171324374201503105e+01,-1.915720611648531399e-03,5.092360406998901823e+01,2.034785204007466541e-01,nan,1.588568105449004264e+01,1.000000000000000000e+00
7.840000000000000000e+02,1.232788328259632635e+02,3.107179335537012221e+01,-1.402186983631771230e-03,3.674238786662938594e+01,3.499614642687854937e-01,nan,6.371642860979866541e+00,1.000000000000000000e+00
7.840000000000000000e+02,1.297241053916589522e+02,3.221335350419456489e+01,-1.174917023509629288e-03,3.046633452720556789e+01,3.339678217601260712e-01,nan,6.545586147893370565e+00,1.000000000000000000e+00
7.840000000000000000e+02,3.884762431879840960e+01,4.002812748668077347e+01,-1.317839747143474379e-03,3.441314138394840683e+01,2.958643383289135675e-01,nan,8.180390804752404321e+00,1.000000000000000000e+00
7.840000000000000000e+02,3.746165556368183758e+01,3.196600094783766721e+01,-1.076097519887491381e-03,2.773743680849866067e+01,3.491011144174208658e-01,nan,8.180390804752404321e+00,1.000000000000000000e+00
7.850000000000000000e+02,1.040906077746606542e+02,4.574147729328918643e+01,-1.191869095329828494e-02,3.271553391533623767e+02,1.588927002498352614e-02,nan,2.093224716929620399e+01,1.000000000000000000e+00
7.850000000000000000e+02,4.523392293342755721e+01,5.290196051521211729e+01,-2.096783179956682869e-03,5.592364162824929963e+01,2.318891790456015789e-01,nan,1.154007546484253410e+01,1.000000000000000000e+00
7.850000000000000000e+02,4.461138582795797447e+01,2.212588654105208974e+01,-1.545609473448680523e-03,4.070299575198359321e+01,3.454431635782552190e-01,nan,6.797999508518407730e+00,1.000000000000000000e+00
7.860000000000000000e+02,3.161871984503509125e+01,9.716909270648940833e+00,-1.540041329516556859e-03,4.054923161922792474e+01,2.815246817127186052e-01,nan,1.796641550897627937e+01,1.000000000000000000e+00
7.870000000000000000e+02,1.022223494806854944e+02,1.166137791470165475e+01,-2.120040204409672901e-03,5.656588368216969087e+01,1.917849757106231401e-01,nan,5.982065997576778038e+00,1.000000000000000000e+00
7.880000000000000000e+02,1.171378420451758728e+02,2.937295110896818784e+01,-1.135311668195501493e-03,2.937263379198868307e+01,3.738720385218734510e-01,nan,6.371642860979866541e+00,1.000000000000000000e+00
7.890000000000000000e+02,2.565239727954037363e+01,4.570962909710692657e+01,-1.996062158547892533e-03,5.314223355116295977e+01,2.463776732401981029e-01,nan,1.436640098169480240e+01,1.000000000000000000e+00
7.900000000000000000e+02,4.303010005614590483e+01,2.873741681971536011e+01,-1.655993747783605138e-03,4.375125427760333707e+01,2.406735737044598533e-01,nan,6.797999508518407730e+00,1.000000000000000000e+00
7.900000000000000000e+02,7.945715308231876861e+01,3.558245335776028639e+01,-1.361735435125601551e-02,3.740638794883020068e+02,1.488590822496382859e-02,nan,1.033652329929127589e+01,1.000000000000000000e+00
7.910000000000000000e+02,1.345136333442757461e+02,2.114024802307270789e+01,-1.797782090955792533e-03,4.766673525088697261e+01,2.636941091428984807e-01,nan,8.211678218728327039e+00,1.000000000000000000e+00
7.910000000000000000e+02,1.421847019315037528e+02,1.820999788051133450e+01,-1.943079991653306462e-03,5.167913255316933174e+01,1.895167131119420700e-01,nan,8.211678218728327039e+00,1.000000000000000000e+00
7.920000000000000000e+02,9.328367434101404854e+01,1.866532313985358371e+01,-1.158710165617252629e-03,3.001878261782716706e+01,3.563353217281827190e-01,nan,1.135584263582006770e+01,1.000000000000000000e+00
7.940000000000000000e+02,2.711252393323166388e+01,2.225958426646075239e+01,-1.238241441198486333e-03,3.221503648011491805e+01,3.409543869792489579e-01,nan,6.518949160660982400e+00,1.000000000000000000e+00
7.940000000000000000e+02,1.107162904348630548e+02,1.020343502489465592e+01,-1.376315213303450991e-03,3.602793968140245795e+01,3.566163900964889333e-01,nan,1.664992370350711326e+01,1.000000000000000000e+00
7.940000000000000000e+02,7.037855436248707974e+01,3.064051454783337292e+01,-1.675996474034681643e-03,4.430362898131772909e+01,2.752939934557159241e-01,nan,1.033652329929127589e+01,1.000000000000000000e+00
7.950000000000000000e+02,1.349142247792814260e+02,5.283855742268396227e+01,-1.811375277264732709e-03,4.804211069549823776e+01,2.749195933945044468e-01,nan,2.530770143165663555e+01,1.000000000000000000e+00
7.970000000000000000e+02,8.089429505062244630e+01,4.545687030299929887e+01,-1.405236280820096372e-03,3.682659411980687736e+01,2.774948845093078154e-01,nan,1.816879743086327892e+01,1.000000000000000000e+00
7.980000000000000000e+02,5.704989382138072074e+01,9.767156816540802922e+00,-1.410605531668344655e-03,3.697486582583543679e+01,2.699617225677246601e-01,nan,7.799245075689563045e+00,1.000000000000000000e+00
7.980000000000000000e+02,8.248805707369740503e+01,1.114669665934456155e+01,-1.697586607622628488e-03,4.489983989247561880e+01,2.794090537198359314e-01,nan,1.767979992212240603e+01,1.000000000000000000e+00
7.990000000000000000e+02,4.205688435610779408e+01,1.895046621421165511e+01,-1.245879443163975869e-03,3.242595968226743253e+01,3.255080091391802100e-01,nan,8.560801117911097435e+00,1.000000000000000000e+00
8.000000000000000000e+02,1.814609132033229244e+01,2.504613449867267860e+01,-1.648461300059071710e-03,4.354324595274515275e+01,3.212941218617271222e-01,nan,1.690831460698244371e+01,1.000000000000000000e+00
8.010000000000000000e+02,6.484581113133165786e+01,9.994966050495968091e+00,-1.786648974691143607e-03,4.735929456900630186e+01,2.021669404542900672e-01,nan,7.799245075689563045e+00,1.000000000000000000e+00
8.010000000000000000e+02,8.812861822816033808e+00,1.094712992404443241e+01,-1.364486184917958591e-03,3.570128140654286142e+01,3.573549606256549716e-01,nan,1.690831460698244371e+01,1.000000000000000000e+00
8.030000000000000000e+02,1.137336255335251565e+02,1.111907750684613738e+01,-1.840149835169664671e-03,4.883671927523590739e+01,2.015459687223198904e-01,nan,5.886330466606577438e+00,1.000000000000000000e+00
8.040000000000000000e+02,5.607304218495686854e+01,7.191908098737614274e+00,-1.548964891941219998e-03,4.079565553607449857e+01,2.960285873437613624e-01,nan,9.209701888084845578e+00,1.000000000000000000e+00
8.060000000000000000e+02,7.574647546951243271e+01,4.716732844906859867e+01,-2.202870246253507604e-03,5.885323287886613031e+01,2.372895698348734816e-01,nan,1.305632711003480040e+01,1.000000000000000000e+00
8.060000000000000000e+02,7.296452920103698148e+01,2.711232977423925661e+01,-1.487126275542575374e-03,3.908798394258505482e+01,3.328122566910655111e-01,nan,1.714187975815325871e+01,1.000000000000000000e+00
8.060000000000000000e+02,8.564218828202467648e+01,3.865013727260022591e+01,-1.849752305919962619e-02,5.088295964355860974e+02,1.250146616866865124e-02,nan,1.305632711003480040e+01,1.000000000000000000e+00
8.070000000000000000e+02,2.219721678356962258e+01,5.903916092571932950e+00,-1.326803061051851172e-03,3.466066303686170613e+01,3.681485487339318796e-01,nan,9.070315755320292439e+00,1.000000000000000000e+00
8.070000000000000000e+02,1.188126571264813691e+02,4.128679046067323100e+01,-1.419278682110233477e-03,3.721437462306005983e+01,3.463610381544579564e-01,nan,1.206755128125932153e+01,1.000000000000000000e+00
8.080000000000000000e+02,6.750159921778768890e+00,1.215816647842358122e+01,-1.708819412300130328e-03,4.521003346697813186e+01,2.826548600879001949e-01,nan,6.816392244178529403e+00,1.000000000000000000e+00
8.090000000000000000e+02,2.032008556395244270e+01,3.395916312916293123e+01,-1.900028548070596679e-02,5.227133660844032192e+02,1.665093965322972380e-02,nan,1.904940316182108972e+01,1.000000000000000000e+00
8.090000000000000000e+02,5.941120880843292262e+00,1.892637592086398257e+01,-1.867174589194456769e-03,4.958300707171042632e+01,1.894808628080294488e-01,nan,6.816392244178529403e+00,1.000000000000000000e+00
8.090000000000000000e+02,1.028447193934041906e+02,7.132591052516804808e+00,-1.362822754823936507e-03,3.565534583287146830e+01,3.699746231577393241e-01,nan,1.500057433283247299e+01,1.000000000000000000e+00
8.090000000000000000e+02,1.300154849534874870e+02,3.680098589468054371e+01,-1.256410506259367449e-03,3.271677468338766204e+01,3.120169130829759663e-01,nan,1.206755128125932153e+01,1.000000000000000000e+00
8.090000000000000000e+02,1.298274318485535161e+02,5.306931889352595988e+01,-1.570476311645654065e-03,4.138969276562830402e+01,2.852289402882562941e-01,nan,5.877639262365737416e+00,1.000000000000000000e+00
8.100000000000000000e+02,2.144569758533782533e+01,1.494304474504173719e+01,-1.914038175864234918e-03,5.087714365473340905e+01,1.858979213501281702e-01,nan,9.070315755320292439e+00,1.000000000000000000e+00
8.100000000000000000e+02,9.964272051425554366e+01,5.085578291589659727e+01,-1.420148402620000040e-03,3.723839192964449296e+01,2.948746066778744623e-01,nan,1.857397879710901023e+01,1.000000000000000000e+00
8.120000000000000000e+02,4.557175915487560047e+01,2.042218540552878991e+01,-1.569820715896341323e-03,4.137158850807673360e+01,3.511082543084879104e-01,nan,8.806291424472780349e+00,1.000000000000000000e+00
8.120000000000000000e+02,1.356839138289851974e+02,5.257105981294412089e+01,-1.275218094089331433e-03,3.323614567435943457e+01,3.489706477095071424e-01,nan,5.877639262365737416e+00,1.000000000000000000e+00
8.150000000000000000e+02,1.279708133981254292e+02,7.548808392635423026e+00,-3.098271183971948450e-03,8.357970373436722866e+01,1.070863830033860209e-01,nan,1.340806563947389662e+01,1.000000000000000000e+00
8.160000000000000000e+02,1.730150627025927434e+01,5.049382890541608049e+00,-1.275965637720964142e-03,3.325678907000728657e+01,3.255940209052697876e-01,nan,1.515661549250098084e+01,1.000000000000000000e+00
8.170000000000000000e+02,3.000681329435589362e+01,1.331365337322559661e+01,-1.903335641984983976e-03,5.058159349290352935e+01,2.136176072010201876e-01,nan,1.515661549250098084e+01,1.000000000000000000e+00
8.170000000000000000e+02,1.104069034675398626e+02,1.433391076169905887e+01,-1.657585829384980447e-03,4.379521956472521538e+01,2.824614952357930031e-01,nan,1.292668868811513150e+01,1.000000000000000000e+00
8.170000000000000000e+02,5.851608039447781096e+01,2.752140903347127221e+01,1.522983428739205268e-03,-4.007817818533053611e+01,3.123573091136110369e-01,nan,4.843062136549396435e+00,1.000000000000000000e+00
8.180000000000000000e+02,9.775539736877155406e+01,1.698696068061728326e+01,-1.147658914264059957e-02,3.149467105090299128e+02,1.705226187518049663e-02,nan,9.769451931021469804e+00,1.000000000000000000e+00
8.180000000000000000e+02,5.052386232213544304e+01,1.865481255631201307e+01,-1.653008212363533090e-03,4.366880880380186625e+01,2.580489630074237484e-01,nan,7.223264027279992838e+00,1.000000000000000000e+00
8.190000000000000000e+02,1.355257066129079533e+02,1.862580314327395214e+01,-1.633827281727005462e-03,4.313912796208420275e+01,2.150449274776417008e-01,nan,8.270528862399299186e+00,1.000000000000000000e+00
8.190000000000000000e+02,7.703425541671157362e+01,3.289012450834961498e+01,-1.266915131427401699e-03,3.300685960191277246e+01,2.781697323414686895e-01,nan,1.821430538653513764e+01,1.000000000000000000e+00
8.190000000000000000e+02,5.904292072583642437e+01,3.573139126014805811e+01,-1.784115317776178164e-03,4.728932770698204990e+01,3.101662477064727197e-01,nan,8.226868717628521566e+00,1.000000000000000000e+00
8.200000000000000000e+02,5.468421685786291420e+01,2.455964052542754317e+01,-1.913997614790274426e-03,5.087602356185556829e+01,2.700796867504240417e-01,nan,4.843062136549396435e+00,1.000000000000000000e+00
8.200000000000000000e+02,5.823651396836440064e+00,3.523097136663560747e+01,-1.147047268746749461e-03,2.969671205992264262e+01,2.902699088484466117e-01,nan,9.909553483295109544e+00,1.000000000000000000e+00
8.200000000000000000e+02,1.329903877804584340e+02,4.488240023180423321e+01,-1.305977246099414551e-03,3.408555876259590178e+01,3.034848894678162656e-01,nan,1.043799448649673423e+01,1.000000000000000000e+00
8.210000000000000000e+02,1.570498033742319244e+01,3.597835922190817826e+01,-1.248555856184566538e-03,3.249986874999696340e+01,2.922057435294107552e-01,nan,9.909553483295109544e+00,1.000000000000000000e+00
8.220000000000000000e+02,1.230838146110657902e+02,3.563403521279558106e+01,-1.806946890109660704e-03,4.791982091299502144e+01,3.258273738950646647e-01,nan,4.546936861152982345e+00,1.000000000000000000e+00
8.230000000000000000e+02,1.016993201223684906e+02,2.592495063061160465e+01,-1.285825845002462522e-03,3.352907840733634259e+01,3.196645399375575014e-01,nan,8.605588689128644830e+00,1.000000000000000000e+00
8.240000000000000000e+02,5.866677288233037757e+01,4.588534650469509302e+01,-1.823184607472400553e-03,4.836822500575006956e+01,2.620982630112135281e-01,nan,1.016091995384465640e+01,1.000000000000000000e+00
8.250000000000000000e+02,9.902248083258137967e+01,3.410362338987462039e+01,-1.581071872319079683e-03,4.168228886549025702e+01,2.431562146571657479e-01,nan,8.605588689128644830e+00,1.000000000000000000e+00
8.250000000000000000e+02,8.108510956404418835e+01,3.495749375005768655e+01,-1.111135844931335909e-03,2.870501913561772156e+01,3.639536528210415289e-01,nan,1.620879694400520066e+01,1.000000000000000000e+00
8.260000000000000000e+02,7.750607117085579034e+00,2.504955904426943647e+01,-1.416942558302512105e-03,3.714986263204779249e+01,2.784900762922805084e-01,nan,6.184296493956426666e+00,1.000000000000000000e+00
8.260000000000000000e+02,1.191819778589709955e+02,3.855685398473007552e+01,-1.617753377659661125e-03,4.269524756871757631e+01,2.487255152357525922e-01,nan,4.875161496152750296e+00,1.000000000000000000e+00
8.260000000000000000e+02,1.444224905907138350e+02,4.808679774404931351e+01,-1.617247301741879355e-03,4.268127229696547431e+01,2.782388336627427128e-01,nan,2.469879690313059939e+01,1.000000000000000000e+00
8.260000000000000000e+02,1.195462732707298699e+02,5.136140764299681649e+01,-1.532403675945654808e-03,4.033831803798181426e+01,2.022489317853490842e-01,nan,5.471962254160970929e+00,1.000000000000000000e+00
8.270000000000000000e+02,3.397751517249749043e+01,4.405634895943049401e+01,-1.691794690920052227e-03,4.473989628117154638e+01,2.959867038039889486e-01,nan,9.910415052782486356e+00,1.000000000000000000e+00
8.270000000000000000e+02,1.314315253932645433e+01,4.701334141897836361e+01,-1.366621302140101938e-03,3.576024260653996123e+01,2.732403861547435531e-01,nan,1.837330361510448995e+01,1.000000000000000000e+00
8.270000000000000000e+02,2.865362468061766066e+01,2.912817857406404443e+01,-1.616639065714611714e-03,4.266447587676088915e+01,2.468346895548122477e-01,nan,7.074455139125326752e+00,1.000000000000000000e+00
8.280000000000000000e+02,7.583076952703329709e+01,1.873603714429044942e+01,-1.280551267340639815e-02,3.516448951640506948e+02,1.424540990162970200e-02,nan,1.307321473935586909e+01,1.000000000000000000e+00
8.300000000000000000e+02,6.649795070241248141e+01,2.789067730150661717e+01,-1.477365422717511183e-03,3.881843827568105354e+01,2.235981111341149852e-01,nan,1.307321473935586909e+01,1.000000000000000000e+00
8.300000000000000000e+02,1.198210171703407951e+02,4.589634710347952762e+01,-1.343443346900949310e-03,3.512018404666023486e+01,2.854496625517379815e-01,nan,5.471962254160970929e+00,1.000000000000000000e+00
8.300000000000000000e+02,1.692398402029090221e+01,1.819919922408501378e+01,-1.468531141439215074e-03,3.857447985509497101e+01,2.849755200286324675e-01,nan,8.348123554447786532e+00,1.000000000000000000e+00
8.300000000000000000e+02,1.297827829851388159e+01,2.835364396206827564e+01,-1.700864182020969543e-03,4.499035001416905999e+01,3.044449930310190178e-01,nan,6.184296493956426666e+00,1.000000000000000000e+00
8.310000000000000000e+02,6.450749678218724625e+01,4.588078025937914362e+01,-1.321678872784565282e-03,3.451915872687963827e+01,3.227792824161048735e-01,nan,1.809988152567286335e+01,1.000000000000000000e+00
8.320000000000000000e+02,9.145725148361885104e+00,1.485213512051214302e+01,-1.345395882785841270e-03,3.517410326833887524e+01,3.162710931181448304e-01,nan,8.467830252914174238e+00,1.000000000000000000e+00
8.340000000000000000e+02,1.380921770667715975e+02,3.828290327042335406e+01,-2.537941287161140941e-03,6.810620992916521743e+01,1.234270073966281522e-01,nan,5.105108045702265507e+00,1.000000000000000000e+00
8.350000000000000000e+02,5.739086667369195816e+00,4.126769130302255206e+01,-1.215310931995050754e-02,3.336287955312280360e+02,1.563931035512811096e-02,nan,1.480467879411246912e+01,1.000000000000000000e+00
8.350000000000000000e+02,2.148362197048130184e+01,1.120628362016775803e+01,-1.173950507842046838e-03,3.043964422515299617e+01,3.355292589224350142e-01,nan,8.348123554447786532e+00,1.000000000000000000e+00
8.350000000000000000e+02,1.405588470151631952e+02,1.715449210482756470e+01,-1.273569748069395928e-03,3.319062664695527332e+01,3.530512198143210822e-01,nan,2.127191150359485405e+01,1.000000000000000000e+00
8.370000000000000000e+02,5.822169536040406257e+01,1.920856447373055076e+01,-1.807434266906990123e-03,4.793327980907963592e+01,3.006730224343107105e-01,nan,1.121458613611197030e+01,1.000000000000000000e+00
8.370000000000000000e+02,2.073986822647663786e+01,2.094101013715124893e+01,-1.288976574429653204e-03,3.361608570884030911e+01,3.484853167600476809e-01,nan,9.763097356483877221e+00,1.000000000000000000e+00
8.370000000000000000e+02,1.065786047781140979e+02,5.012731721817714714e+01,-1.829680411725410254e-03,4.854760645128926200e+01,2.422945931846203216e-01,nan,2.516410522439618447e+01,1.000000000000000000e+00
8.370000000000000000e+02,4.770337277159577383e+01,1.531859890549731418e+01,-1.362203518348872704e-03,3.563824563562089764e+01,3.108663699799149027e-01,nan,1.028204549882496899e+01,1.000000000000000000e+00
8.380000000000000000e+02,7.994561904315905565e+01,4.392477327865762504e+01,-1.469705912365661723e-03,3.860692112006470467e+01,2.587826199765382862e-01,nan,2.220109265519839425e+01,1.000000000000000000e+00
8.390000000000000000e+02,2.523130036238534402e+01,4.354665206043404169e+01,-1.409602373069346066e-03,3.694716363029743889e+01,2.570670233915267611e-01,nan,1.104801781775621627e+01,1.000000000000000000e+00
8.400000000000000000e+02,1.160869925606661894e+02,1.499760375454816597e+01,-2.644450624787684709e-03,7.104746219027195764e+01,1.597072421038638890e-01,nan,1.071158347493808449e+01,1.000000000000000000e+00
8.410000000000000000e+02,6.751111233893166741e+01,8.903848999892655769e+00,-1.312216210216397838e-03,3.425784757524802160e+01,2.947541218250991912e-01,nan,1.281086808656741383e+01,1.000000000000000000e+00
8.410000000000000000e+02,9.114421774821191491e+01,2.475500796637765077e+01,-1.139721010934513501e-03,2.949439766349624392e+01,3.608601020025294925e-01,nan,6.419368562814162793e+00,1.000000000000000000e+00
8.410000000000000000e+02,3.393945611565131060e+01,2.924715098294481663e+01,-1.586530571563831045e-03,4.183303068638696232e+01,2.628587806805675609e-01,nan,1.540342397810584174e+01,1.000000000000000000e+00
8.410000000000000000e+02,1.276377484443627566e+02,3.635253374297209206e+01,-1.470771420444679780e-03,3.863634509468022316e+01,2.767640795983353774e-01,nan,7.316581753307233704e+00,1.000000000000000000e+00
8.420000000000000000e+02,4.889523295354887011e+01,4.600909251061524685e+01,-1.828898999262384972e-02,5.030709618665483731e+02,1.418879286663066175e-02,nan,1.099891512218082212e+01,1.000000000000000000e+00
8.420000000000000000e+02,9.249763914319552782e+01,1.847993479765305125e+01,-1.404152590481076452e-03,3.679666804261017177e+01,3.708541274552134004e-01,nan,6.419368562814162793e+00,1.000000000000000000e+00
8.430000000000000000e+02,3.806544254810446404e+01,4.408769363503468242e+01,-6.116008191765746546e-03,1.669144234443035373e+02,4.121636513027082671e-02,nan,1.099891512218082212e+01,1.000000000000000000e+00
8.430000000000000000e+02,6.521987188576068206e+01,2.617077885615009691e+01,-1.918670964710097668e-02,5.278614640179088155e+02,1.675854358944406375e-02,nan,1.741828491772831811e+01,1.000000000000000000e+00
8.430000000000000000e+02,1.321249590100807723e+02,2.920674608435779263e+01,-1.503200306205767015e-03,3.953186783189232045e+01,2.356113921271330014e-01,nan,8.437851617745824484e+00,1.000000000000000000e+00
8.440000000000000000e+02,8.032090263934290419e+01,9.070022375984093443e+00,-1.505201599020844928e-03,3.958713347478012423e+01,3.005710322739901796e-01,nan,1.281086808656741383e+01,1.000000000000000000e+00
8.450000000000000000e+02,6.416024272304490239e+00,1.691810583672010537e+01,-1.540005230766691669e-03,4.054823475330019988e+01,3.025152171185229166e-01,nan,1.153218646299944794e+01,1.000000000000000000e+00
8.450000000000000000e+02,1.273823719866624060e+02,4.366465733449328468e+01,-1.430881891146070081e-03,3.753479690314607353e+01,2.453989908749717452e-01,nan,7.316581753307233704e+00,1.000000000000000000e+00
8.460000000000000000e+02,1.312802155864697511e+02,8.785696631027427372e+00,-1.330303221367670850e-03,3.475731986219318514e+01,3.731910491202515834e-01,nan,1.643014962058077089e+01,1.000000000000000000e+00
8.460000000000000000e+02,1.065569198517717808e+01,4.695134546296796607e+00,-1.403844687354391082e-03,3.678816530672104079e+01,3.555331419168161755e-01,nan,6.037320349318012092e+00,1.000000000000000000e+00
8.460000000000000000e+02,1.024853459356519352e+02,8.002155226986310765e+00,-1.092456982064754717e-03,2.818920288076624914e+01,3.710951799830571884e-01,nan,9.371283798132404641e+00,1.000000000000000000e+00
8.460000000000000000e+02,8.822878803932161418e+01,4.064990811501733958e+01,-1.393367420218943799e-03,3.649883587947020658e+01,3.086629942235186164e-01,nan,5.214632598448256218e+00,1.000000000000000000e+00
8.470000000000000000e+02,4.367615122663070082e+01,4.823138462992354825e+00,-1.831359130565402525e-03,4.859396422323600007e+01,2.160694114995556081e-01,nan,2.100996981690613552e+01,1.000000000000000000e+00
8.470000000000000000e+02,1.899334221604549455e+01,3.320694713988317659e+01,-1.619015670768045399e-03,4.273010575619624518e+01,3.034159846588802001e-01,nan,2.057948681715801698e+01,1.000000000000000000e+00
8.490000000000000000e+02,2.271317583133843954e+01,6.227593618445221857e+00,-1.400863758720851575e-03,3.670584704919568964e+01,3.414964404834706091e-01,nan,8.359790148012713473e+00,1.000000000000000000e+00
8.510000000000000000e+02,9.127580856395042019e+01,3.641811664339565624e+01,-3.126661673572483577e-03,8.436370627904825881e+01,1.013186118036467631e-01,nan,5.214632598448256218e+00,1.000000000000000000e+00
8.510000000000000000e+02,1.361426313341073637e+02,2.447985891041641437e+01,-1.334491503242924695e-03,3.487297914437684199e+01,3.368728654698840419e-01,nan,1.399987507379062279e+01,1.000000000000000000e+00
8.520000000000000000e+02,6.842010992581258222e+01,3.957090866474629820e+01,-3.872747826412398231e-02,1.067479221102326846e+03,1.283117162423452751e-02,nan,1.025034164626502786e+01,1.000000000000000000e+00
8.520000000000000000e+02,8.144593783915269114e+01,6.123571194110801308e+00,-1.329020892910066833e-03,3.472190839912847338e+01,3.409655497758420362e-01,nan,1.802087711415887128e+01,1.000000000000000000e+00
8.540000000000000000e+02,1.861695207180776634e+01,3.900407251007555232e+01,-2.263835699960340189e-03,6.053679211001406202e+01,1.481746833436712318e-01,nan,1.009749267578949627e+01,1.000000000000000000e+00
8.540000000000000000e+02,6.735633601411473137e+01,2.937591533812041433e+01,-2.116279614437265380e-03,5.646203509944521670e+01,2.690758371923974712e-01,nan,6.633804955467930142e+00,1.000000000000000000e+00
8.540000000000000000e+02,1.319656449559460896e+02,3.784209251406214491e+01,-1.567842504859175796e-03,4.131696026781473563e+01,3.169043910644230300e-01,nan,5.825718925955915672e+00,1.000000000000000000e+00
8.540000000000000000e+02,2.697420913511807683e+01,4.467113636319847814e+01,1.515298991626053181e-03,-3.986597267792572552e+01,3.338529179461511287e-01,nan,1.009749267578949627e+01,1.000000000000000000e+00
8.550000000000000000e+02,1.389087137186522227e+02,4.309468780000921129e+01,-1.460110510317808117e-03,3.834194437156181579e+01,3.166358304378933397e-01,nan,8.706087587522826965e+00,1.000000000000000000e+00
8.560000000000000000e+02,2.707410446405430449e+01,5.544046627071640643e+00,-1.711565066969967727e-02,4.706692305864534092e+02,1.461286249111948266e-02,nan,1.611108265129754002e+01,1.000000000000000000e+00
8.560000000000000000e+02,1.282578022736921355e+02,1.100977865589951676e+01,-2.237046103137771240e-03,5.979699817284021890e+01,1.674287265072176289e-01,nan,1.560812581238037389e+01,1.000000000000000000e+00
8.560000000000000000e+02,4.028568387436926201e+01,3.519953662327900190e+01,-1.300764618064527986e-03,3.394161219100350024e+01,3.698327272576362734e-01,nan,1.513376208569771819e+01,1.000000000000000000e+00
8.570000000000000000e+02,1.043554308135348094e+02,1.295065365451051598e+01,-1.592406239531240705e-02,4.377635550424117810e+02,1.502010397627429050e-02,nan,8.931124042663926232e+00,1.000000000000000000e+00
8.570000000000000000e+02,1.270048021701427103e+02,4.089644021181751299e+01,-1.353714279505490803e-03,3.540381555184062279e+01,3.362592638335498707e-01,nan,5.825718925955915672e+00,1.000000000000000000e+00
8.580000000000000000e+02,2.319567664016315689e+01,2.118133481306500343e+01,-1.578760292657296199e-03,4.161845466035428842e+01,3.006292465995706875e-01,nan,1.611108265129754002e+01,1.000000000000000000e+00
8.610000000000000000e+02,4.762174573622912277e+01,2.196273371527032481e+01,-1.825797182245933285e-03,4.844037118214360760e+01,1.970447050671300104e-01,nan,1.338886646669396896e+01,1.000000000000000000e+00
8.620000000000000000e+02,9.012661659399626046e+01,1.652286352135289249e+01,-1.604348486258927453e-03,4.232507188252053254e+01,3.026783858873849375e-01,nan,1.138182293739283502e+01,1.000000000000000000e+00
8.620000000000000000e+02,6.048565219477096377e+01,1.825036844648981926e+01,-1.160725017481077171e-03,3.007442269345178687e+01,3.588898141546431608e-01,nan,1.338886646669396896e+01,1.000000000000000000e+00
8.630000000000000000e+02,8.587071696331859982e+01,4.695537447016723576e+01,-1.802530668341705694e-02,4.957893549511063611e+02,1.469700002362750446e-02,nan,1.751513912940361095e+01,1.000000000000000000e+00
8.630000000000000000e+02,1.350556685440153046e+02,6.108448501883988691e+00,-1.415550621299856409e-03,3.711142433219905712e+01,3.242928493865853135e-01,nan,8.419810470728300800e+00,1.000000000000000000e+00
8.630000000000000000e+02,1.089547134506850909e+02,1.106882786949996955e+01,-1.587670446431010442e-03,4.186450829769486148e+01,2.708898108018396034e-01,nan,8.942165636835285980e+00,1.000000000000000000e+00
8.640000000000000000e+02,1.434703963809642175e+02,6.400961395724621639e+00,-1.568873588694626392e-03,4.134543361794524685e+01,3.058344255518070653e-01,nan,8.419810470728300800e+00,1.000000000000000000e+00
8.650000000000000000e+02,2.986880240243288398e+01,5.726957722816144347e+00,-1.878407864718166509e-02,5.167428206642465511e+02,1.352242498975908536e-02,nan,2.113349523163332933e+01,1.000000000000000000e+00
8.650000000000000000e+02,1.004447880408960287e+02,2.132715653599552397e+01,-1.399750780059028825e-03,3.667511217581653682e+01,3.508564516955080537e-01,nan,5.594090508368023684e+00,1.000000000000000000e+00
8.650000000000000000e+02,3.536466992845690527e+01,3.806536453983769519e+01,-2.012957467596430440e-03,5.360879701919756712e+01,2.057855254590109650e-01,nan,2.023686306792093248e+01,1.000000000000000000e+00
8.660000000000000000e+02,1.297032010648899814e+02,2.945411039642506168e+01,-1.987714579174779984e-03,5.291171538953450693e+01,3.080178040672294504e-01,nan,1.452498257247253832e+01,1.000000000000000000e+00
8.660000000000000000e+02,1.157120071029547717e+02,5.212095950281392831e+00,-1.561910991470769755e-03,4.115316169809115365e+01,3.124175149728323220e-01,nan,8.942165636835285980e+00,1.000000000000000000e+00
8.680000000000000000e+02,1.304012373566511940e+02,1.494591050581095359e+01,-1.535725727850691330e-03,4.043005640472917150e+01,2.672290369528799170e-01,nan,9.988216274628843649e+00,1.000000000000000000e+00
8.680000000000000000e+02,6.908260974200564419e+01,4.196142266342487659e+01,-1.704541981553748175e-03,4.509191234131085224e+01,3.363524271207369853e-01,nan,1.293552006457305303e+01,1.000000000000000000e+00
8.690000000000000000e+02,1.128718007035527933e+02,4.380345322014142084e+01,-1.359779109230557954e-03,3.557129564832406743e+01,2.995910287784122605e-01,nan,1.677122724523143305e+01,1.000000000000000000e+00
8.700000000000000000e+02,7.043642498777238359e+01,2.072426090009234301e+01,-1.268312429756031281e-03,3.304544595462235890e+01,3.260278982398695513e-01,nan,9.712032816744125441e+00,1.000000000000000000e+00
8.710000000000000000e+02,4.312492056711477062e+01,2.401965230435092025e+01,-1.059932028920112373e-03,2.729102724555106008e+01,3.668037603823232073e-01,nan,1.106941003593077433e+01,1.000000000000000000e+00
8.710000000000000000e+02,6.195091641522266457e+01,1.599988520602438591e+01,-1.405918861978975752e-03,3.684544357865885189e+01,3.194029762400347749e-01,nan,9.712032816744125441e+00,1.000000000000000000e+00
8.720000000000000000e+02,4.892331810006492532e+01,1.459041985449358947e+01,-1.297872186250549099e-03,3.386173777057670264e+01,2.964664509907145584e-01,nan,1.106941003593077433e+01,1.000000000000000000e+00
8.720000000000000000e+02,2.289595167063576042e+01,3.025078607409539089e+01,1.437282662552544091e-03,-3.771155401939188323e+01,2.671643639466041442e-01,nan,9.799814469795014915e+00,1.000000000000000000e+00
8.730000000000000000e+02,3.166182925882797861e+01,2.586949017547896190e+01,-1.251259023429033678e-03,3.257451663484079063e+01,3.080200187567684322e-01,nan,9.799814469795014915e+00,1.000000000000000000e+00
8.740000000000000000e+02,9.179545654641560759e+01,1.872400116445622231e+01,-1.227424858011872452e-03,3.191633684997893639e+01,3.661961921841196954e-01,nan,6.935509014028776953e+00,1.000000000000000000e+00
8.760000000000000000e+02,9.744067950719048099e+01,1.469501332545563876e+01,-1.773068827921355211e-03,4.698427921088950399e+01,3.252760647632744195e-01,nan,4.944027712495496552e+00,1.000000000000000000e+00
8.760000000000000000e+02,9.610134576159182984e+00,2.809392472656526252e+01,-1.878645934814580747e-03,4.989978794740632395e+01,2.547417964818907699e-01,nan,1.345975433432406909e+01,1.000000000000000000e+00
8.770000000000000000e+02,1.145583598038929978e+02,7.884885138254178472e+00,-1.547945195167059387e-03,4.076749663931035883e+01,3.293373325736647095e-01,nan,9.939342199068978090e+00,1.000000000000000000e+00
8.770000000000000000e+02,1.100182390077905268e+02,5.005714764951415674e+01,-2.085187891519266895e-03,5.560343807525832460e+01,2.197422627541392171e-01,nan,8.597494546740318100e+00,1.000000000000000000e+00
8.780000000000000000e+02,1.419218255426021926e+02,2.477454032052753874e+01,-2.155652066021104471e-03,5.754930420492336651e+01,2.549764497311216571e-01,nan,8.027701561179075185e+00,1.000000000000000000e+00
8.780000000000000000e+02,2.480328594265477449e+01,4.219604528508951802e+01,-1.535093656423652591e-03,4.041260177065307602e+01,3.077654784568247814e-01,nan,4.889445055124073569e+00,1.000000000000000000e+00
8.790000000000000000e+02,8.357120810942083722e+01,2.481463156647900092e+01,-1.224023402192122353e-03,3.182240574643594044e+01,3.649976924315768700e-01,nan,1.023396506968120789e+01,1.000000000000000000e+00
8.790000000000000000e+02,1.123765831526126675e+02,2.855382324691394302e+01,-1.342012596523924940e-03,3.508067391660706136e+01,3.302380222921811326e-01,nan,1.384264344243735678e+01,1.000000000000000000e+00
8.800000000000000000e+02,4.922277817265916156e+01,3.219812457186542076e+01,-1.477264824954190297e-03,3.881566027137247943e+01,3.168978258914620927e-01,nan,1.089246720596766060e+01,1.000000000000000000e+00
8.810000000000000000e+02,9.284669060835713594e+01,1.652221775280344929e+01,-1.399352473116860767e-03,3.666411294119192377e+01,2.603423115023932866e-01,nan,4.944027712495496552e+00,1.000000000000000000e+00
8.820000000000000000e+02,1.259253478408448217e+02,9.444771373003998605e+00,-1.035790550395413248e-02,2.840542943596904593e+02,3.113484502613306226e-02,nan,8.157315751664048875e+00,1.000000000000000000e+00
8.820000000000000000e+02,1.424893125254492645e+02,4.150442023971169903e+01,-1.759643105276029185e-03,4.661352827047884517e+01,2.146149838143742716e-01,nan,9.244335605914118403e+00,1.000000000000000000e+00
8.830000000000000000e+02,2.067606472169970999e+01,3.957445837247810516e+01,-1.037050235899904423e-02,2.844021561454203493e+02,1.893489206341969489e-02,nan,4.889445055124073569e+00,1.000000000000000000e+00
8.830000000000000000e+02,1.102976927937105813e+02,4.351457886387789387e+01,-1.417511653060984618e-03,3.716557816725288887e+01,3.158972456122096650e-01,nan,6.095471430136635504e+00,1.000000000000000000e+00
8.830000000000000000e+02,8.787739921111372610e+01,1.305861055997952036e+01,-1.460201967771002172e-03,3.834446996647205452e+01,3.331363170185188682e-01,nan,6.057262729723634997e+00,1.000000000000000000e+00
8.830000000000000000e+02,1.833854033275713036e+01,5.337372198002251622e+01,-1.364320038522752075e-03,3.569669327867102027e+01,3.101677018957474941e-01,nan,1.291252849356543031e+01,1.000000000000000000e+00
8.840000000000000000e+02,6.269199190987340131e+00,5.165176976703087064e+00,-2.125048165670947054e-03,5.670417838676080180e+01,2.154242233234492376e-01,nan,3.730357115067747742e+01,1.000000000000000000e+00
8.840000000000000000e+02,4.584135526914828063e+01,1.101131095547573224e+01,-1.140308464607642236e-02,3.129168859740304356e+02,1.743192381097380395e-02,nan,1.973492632233818611e+01,1.000000000000000000e+00
8.840000000000000000e+02,6.549373627554356858e+01,1.281442984439854271e+01,-1.935421824675900805e-03,5.146765249479918936e+01,1.901511392995052230e-01,nan,1.876795384144677925e+01,1.000000000000000000e+00
8.840000000000000000e+02,4.307899496631083736e+01,4.726451211322145696e+01,-1.320078346417093498e-03,3.447496023778759167e+01,3.639075788998533678e-01,nan,1.627089750545236768e+01,1.000000000000000000e+00
8.850000000000000000e+02,1.390082928628920342e+02,5.006831204797629908e+01,-1.504100202927480560e-03,3.955671845369210615e+01,2.924716969794101118e-01,nan,5.823936098362250569e+00,1.000000000000000000e+00
8.870000000000000000e+02,1.438472447102292904e+02,2.005529634404832606e+01,-1.638783143785804220e-03,4.327598394871407805e+01,3.269088765636197769e-01,nan,1.065690896988734515e+01,1.000000000000000000e+00
8.880000000000000000e+02,1.356568656318250703e+02,2.687346320505310615e+01,-1.526506528683450273e-03,4.017546848783386082e+01,2.876440576972476570e-01,nan,1.065690896988734515e+01,1.000000000000000000e+00
8.890000000000000000e+02,1.191950735294134631e+02,6.426877564338389526e+00,-2.183846327474826474e-03,5.832788791503676151e+01,2.601325869797411761e-01,nan,2.624982787726621325e+01,1.000000000000000000e+00
8.890000000000000000e+02,1.444621010360871765e+02,5.211139992856215031e+01,1.469782201120906160e-03,-3.860902783182218911e+01,3.728455831288871591e-01,nan,5.823936098362250569e+00,1.000000000000000000e+00
8.900000000000000000e+02,1.972867228626028435e+01,1.790615838750374067e+01,-1.616036117135614091e-03,4.264782546928650930e+01,2.469009777120858562e-01,nan,2.262044908960723077e+01,1.000000000000000000e+00
8.910000000000000000e+02,7.861066858474434582e+01,4.841275552355111245e+01,-1.642960319175908873e-02,4.517240494344071067e+02,1.607443186282342396e-02,nan,1.443219469911835340e+01,1.000000000000000000e+00
8.930000000000000000e+02,7.027737841227710192e+01,1.293902750381022315e+01,-1.245333546111595992e-03,3.241088475104146482e+01,3.180383369559223183e-01,nan,8.010752019147700409e+00,1.000000000000000000e+00
8.940000000000000000e+02,1.355360527135921132e+02,4.177480176879286233e+01,-1.328021474983738948e-03,3.469430950215749476e+01,3.482366768419634662e-01,nan,5.881152888151159885e+00,1.000000000000000000e+00
8.950000000000000000e+02,4.232232708268608690e+01,1.680548588604931481e+01,-1.511696806534042117e-03,3.976649844136674972e+01,2.924173820642880228e-01,nan,1.379332607504958830e+01,1.000000000000000000e+00
8.960000000000000000e+02,9.295687184073206311e+01,4.683963888097583350e+01,-1.284134493223644145e-03,3.348237177715130741e+01,3.237794226568638800e-01,nan,1.443219469911835340e+01,1.000000000000000000e+00
8.970000000000000000e+02,5.460950543158040915e+01,2.323097195648117008e+01,-1.688477525453090187e-03,4.464829285326950270e+01,3.014350049954201971e-01,nan,3.212065408381870490e+00,1.000000000000000000e+00
8.970000000000000000e+02,6.321399895375083844e+01,1.671802453174609937e+01,-1.790358770381355854e-03,4.746174046910513056e+01,2.317016106850993129e-01,nan,5.454680065089569929e+00,1.000000000000000000e+00
8.970000000000000000e+02,2.814686056025306371e+01,4.873527716377206787e+01,-1.221140558235931772e-03,3.174279609442313799e+01,3.299046704470766089e-01,nan,6.866742774572041519e+00,1.000000000000000000e+00
8.970000000000000000e+02,2.872606857590345086e+01,1.448221258542717216e+01,-1.566520239632531982e-03,4.128044595203441247e+01,3.351397067374216610e-01,nan,9.899041938132508989e+00,1.000000000000000000e+00
8.970000000000000000e+02,1.332844761470436765e+02,3.634172140321950906e+01,-1.385436404540903903e-03,3.627982111216688565e+01,3.733757588645956194e-01,nan,5.881152888151159885e+00,1.000000000000000000e+00
8.970000000000000000e+02,3.461242524423074940e+01,4.642256670860525958e+01,-1.478534936660190263e-03,3.885073436919692114e+01,2.301158296741270259e-01,nan,6.866742774572041519e+00,1.000000000000000000e+00
8.980000000000000000e+02,2.816731398147016563e+01,4.598952769146619879e+00,-1.522048012106621932e-03,4.005234668222505690e+01,3.112341505808190467e-01,nan,9.899041938132508989e+00,1.000000000000000000e+00
8.980000000000000000e+02,8.175748561760931565e+00,3.927480450891064123e+01,1.430736843797813466e-03,-3.753079142484216391e+01,3.641635929253270731e-01,nan,8.878945321374359878e+00,1.000000000000000000e+00
8.990000000000000000e+02,9.646912389417577671e+00,3.051858688871924485e+01,-1.607334966142568702e-03,4.240754343765600254e+01,2.716246077019340843e-01,nan,8.878945321374359878e+00,1.000000000000000000e+00
9.020000000000000000e+02,3.450065370197464176e+01,3.587917316272659463e+01,-9.648466940149341697e-03,2.644631690517518336e+02,2.635271718298537458e-02,nan,9.122381241510833405e+00,1.000000000000000000e+00
9.020000000000000000e+02,6.218097856799787593e+01,1.136205557224826102e+01,-1.968155303922173530e-03,5.237158657224664893e+01,1.501450071904376626e-01,nan,5.454680065089569929e+00,1.000000000000000000e+00
9.030000000000000000e+02,1.123037166801147464e+02,3.517357761791013360e+01,-1.263183806081026594e-02,3.468488757879250670e+02,1.805592080039886138e-02,nan,2.278066836287520758e+01,1.000000000000000000e+00
9.030000000000000000e+02,1.139659661576742309e+02,1.058733026388324916e+01,1.630790495511692676e-03,-4.305526719906261235e+01,3.500902288787826055e-01,nan,1.517634270972970256e+01,1.000000000000000000e+00
9.030000000000000000e+02,8.957846970318281876e+01,2.908506778737305609e+01,-1.206435062426997442e-03,3.133670425531714798e+01,3.658147924545830376e-01,nan,7.403152955274247660e+00,1.000000000000000000e+00
9.030000000000000000e+02,8.746094818734451337e+01,3.617892261455606473e+01,-1.770655656915584315e-03,4.691763956374374800e+01,2.617514228367574525e-01,nan,7.403152955274247660e+00,1.000000000000000000e+00
9.040000000000000000e+02,1.918114483400804460e+01,3.805751715173615679e+01,-1.431756645154793478e-03,3.755895320965782247e+01,2.852910432508209970e-01,nan,1.215471339925848504e+01,1.000000000000000000e+00
9.050000000000000000e+02,2.210994102920793480e+01,4.617643600430210604e+00,-2.036970315523396833e-03,5.427191111637134213e+01,2.737129380053846539e-01,nan,3.292982786507043347e+00,1.000000000000000000e+00
9.050000000000000000e+02,4.291207094104030517e+01,3.234846508277751553e+01,-1.358636515121902253e-03,3.553974294524187627e+01,3.539270576807487245e-01,nan,7.676614163430228288e+00,1.000000000000000000e+00
9.060000000000000000e+02,4.752461465083069925e+01,1.325221191668446608e+01,-1.199956498686249916e-03,3.115779890602269475e+01,3.150414307496255395e-01,nan,1.477774320655398377e+01,1.000000000000000000e+00
9.060000000000000000e+02,1.372843561978921514e+02,4.906499549765869972e+01,-1.246306881470944606e-03,3.243776337868383308e+01,3.057642033044100094e-01,nan,6.002988936952447396e+00,1.000000000000000000e+00
9.080000000000000000e+02,2.945595527588866602e+01,3.063791245036841104e+01,-3.409006180283156908e-03,9.216064162086448164e+01,1.346450837043345894e-01,nan,1.267368389779141502e+01,1.000000000000000000e+00
9.080000000000000000e+02,9.879861762984869245e+01,1.006491598514045016e+01,-4.737203490416351352e-03,1.288387717142354916e+02,4.733674760079364940e-02,nan,9.700248981827465755e+00,1.000000000000000000e+00
9.090000000000000000e+02,1.409973013019685482e+02,6.747796253066567829e+00,-1.156359147057874374e-03,2.995385930868106072e+01,3.689349162613888566e-01,nan,1.447546135288038904e+01,1.000000000000000000e+00
9.090000000000000000e+02,1.409817115867975019e+02,4.433578422036244859e+01,-1.377661775203758900e-03,3.606512494911943634e+01,2.755021491948014267e-01,nan,6.002988936952447396e+00,1.000000000000000000e+00
9.090000000000000000e+02,1.243394691693867173e+02,5.174801678788551840e+01,-2.230825690912526492e-03,5.962522167013894858e+01,1.565352497123642106e-01,nan,1.322001147596244053e+01,1.000000000000000000e+00
9.100000000000000000e+02,2.129808319024062158e+01,7.808979133015121477e+00,-7.626177270701741881e-03,2.086176986411537086e+02,2.748492264802537832e-02,nan,3.292982786507043347e+00,1.000000000000000000e+00
9.110000000000000000e+02,1.139945695296921713e+02,4.253896931193219189e+01,-1.791565190125855161e-02,4.927612413307237489e+02,1.875006046898430867e-02,nan,1.077316412055683159e+01,1.000000000000000000e+00
9.110000000000000000e+02,6.775540112207637833e+01,2.661275274520945899e+01,-1.589815264877492184e-03,4.192373739671993604e+01,3.129115917619184062e-01,nan,1.459317606708795267e+01,1.000000000000000000e+00
9.120000000000000000e+02,1.049801228799416322e+02,4.843819102053531367e+01,-1.569162364126846718e-02,4.313447656091537397e+02,1.680057681888846854e-02,nan,1.077316412055683159e+01,1.000000000000000000e+00
9.120000000000000000e+02,1.745562572093299991e+01,3.893547602057687840e+01,-1.988896243441382050e-03,5.294434701389216258e+01,2.634897765586415863e-01,nan,9.783213109145773245e+00,1.000000000000000000e+00
9.130000000000000000e+02,6.379274778501999776e+01,1.256789011664151268e+01,-1.395132187020463451e-03,3.654756986337211799e+01,2.771290501617060809e-01,nan,9.060067471328395072e+00,1.000000000000000000e+00
9.130000000000000000e+02,7.745544478735303073e+01,1.077080163739567986e+01,-1.506739945143217374e-03,3.962961485821203667e+01,3.086068847977020413e-01,nan,1.174854524762276675e+01,1.000000000000000000e+00
9.130000000000000000e+02,8.965156649206871009e+01,1.329389195164790216e+01,-1.481624573568518597e-03,3.893605460256916473e+01,3.139312957682731664e-01,nan,5.568268711540517835e+00,1.000000000000000000e+00
9.130000000000000000e+02,1.431861905850944083e+02,5.212820725318254489e+01,-1.459638430050087419e-03,3.832890788869750764e+01,3.548997797755812922e-01,nan,8.098245759197313376e+00,1.000000000000000000e+00
9.140000000000000000e+02,4.568360278708136235e+01,3.615442156346948366e+01,-1.747014045314854809e-03,4.626477714692290277e+01,2.590431229217804443e-01,nan,1.216264946992935592e+01,1.000000000000000000e+00
9.150000000000000000e+02,1.752632779321795908e+01,1.880559415319122962e+01,-1.458025732029191333e-03,3.828437327975012749e+01,2.900691791302008049e-01,nan,6.885640402548263594e+00,1.000000000000000000e+00
9.150000000000000000e+02,1.924465655577503043e+01,5.100149690972040162e+01,-1.347094909107837473e-03,3.522102183081058513e+01,3.577753972525290482e-01,nan,1.219792980080076639e+01,1.000000000000000000e+00
9.150000000000000000e+02,9.859347792331755045e+01,8.220492676664425957e+00,-2.259449162329763960e-03,6.041565800091274951e+01,2.654292528705129994e-01,nan,3.403300536898045348e+00,1.000000000000000000e+00
9.160000000000000000e+02,7.711522423117421532e+00,3.806157118567705311e+01,-1.351671489537213753e-03,3.534740396627402959e+01,2.964101365756052209e-01,nan,9.783213109145773245e+00,1.000000000000000000e+00
9.170000000000000000e+02,8.881908976781596721e+01,7.788204079320001583e+00,-1.279811979224669289e-03,3.336300567877476198e+01,2.975855871094547078e-01,nan,5.568268711540517835e+00,1.000000000000000000e+00
9.180000000000000000e+02,1.271434140401827477e+02,3.528783221940210524e+01,-1.785963880217866090e-02,4.912144412285769590e+02,1.195674528356471811e-02,nan,1.457498652874878431e+01,1.000000000000000000e+00
9.180000000000000000e+02,1.664394634340468571e+01,5.911840979865281120e+00,-1.377108068113747216e-03,3.604983434393138708e+01,3.387680925253017117e-01,nan,1.265534992256255542e+01,1.000000000000000000e+00
9.190000000000000000e+02,6.804600645679390425e+01,5.585304289620065532e+00,-1.946701841748022096e-03,5.177914983820610928e+01,2.297429902802040624e-01,nan,9.395559338711439779e+00,1.000000000000000000e+00
9.190000000000000000e+02,2.223416591936575415e+01,3.611425155272367959e+01,-1.416710798403220117e-03,3.714346258916877019e+01,3.220164476945482912e-01,nan,8.119091759360562932e+00,1.000000000000000000e+00
9.200000000000000000e+02,9.577045221578372036e+01,1.012127683038984038e+01,-5.771606472214405904e-03,1.574037799746085398e+02,2.444649727681400542e-01,nan,3.403300536898045348e+00,1.000000000000000000e+00
9.200000000000000000e+02,1.286159459068730087e+02,1.396978221682139143e+01,-1.452153364322227545e-02,3.990327643410690257e+02,1.800608955450233584e-02,nan,2.136884662331942053e+01,1.000000000000000000e+00
9.200000000000000000e+02,9.099030140843582615e+01,2.897355812061918456e+01,-1.682778209521421705e-03,4.449090640956107734e+01,3.574123539472220390e-01,nan,1.573299647555018055e+01,1.000000000000000000e+00
9.200000000000000000e+02,1.608823451686908257e+01,3.080886012581445499e+01,-1.247316595830714895e-03,3.246564661136488894e+01,3.489044086512221865e-01,nan,8.119091759360562932e+00,1.000000000000000000e+00
9.200000000000000000e+02,4.306493545888906027e+01,3.283033030916521966e+01,-1.147910200850258983e-03,2.972054190486570846e+01,3.452550538084123710e-01,nan,6.437490470458525849e+00,1.000000000000000000e+00
9.220000000000000000e+02,1.058650851503431909e+02,2.384832771300210297e+01,-1.633375654839408020e-03,4.312665629871718664e+01,2.900303901187479827e-01,nan,8.892790228332192015e+00,1.000000000000000000e+00
9.220000000000000000e+02,1.188951137685173904e+02,4.730431152665569527e+01,-2.511498915691085920e-03,6.737600461000320706e+01,2.169573093620330573e-01,nan,5.993899261164974845e+00,1.000000000000000000e+00
9.230000000000000000e+02,3.244765375179721900e+01,2.158998850547083137e+01,-1.306884724548696992e-03,3.411061875358200979e+01,3.239758632309115427e-01,nan,9.155948017598218414e+00,1.000000000000000000e+00
9.240000000000000000e+02,3.754692953253935173e+01,2.951477693845712125e+01,-2.057626301111270799e-03,5.484232555767363948e+01,2.122012683266145672e-01,nan,6.437490470458525849e+00,1.000000000000000000e+00
9.240000000000000000e+02,4.058568177720285064e+01,1.739429023716396117e+01,-1.463255538014845026e-03,3.842879421995339584e+01,2.722806209301885660e-01,nan,9.155948017598218414e+00,1.000000000000000000e+00
9.260000000000000000e+02,5.476963522286085606e+01,5.007942522010905506e+00,-1.399990184827460456e-03,3.668172333153452769e+01,3.267511785644972022e-01,nan,9.537418661518810126e+00,1.000000000000000000e+00
9.260000000000000000e+02,1.277436344027555748e+02,1.289097412218632321e+01,-1.331935662581451314e-03,3.480239967883790797e+01,3.352942027060539232e-01,nan,1.728182653818322478e+01,1.000000000000000000e+00
9.260000000000000000e+02,9.784617511621017627e+01,2.000400723863977959e+01,-1.548627553437022892e-03,4.078633994309140576e+01,3.322535099274166459e-01,nan,7.399821896486376005e+00,1.000000000000000000e+00
9.270000000000000000e+02,4.025664207261642247e+01,4.113951844538276248e+01,-1.381602363676203739e-03,3.617394418518781407e+01,3.688788128300160007e-01,nan,1.193637956637986441e+01,1.000000000000000000e+00
9.280000000000000000e+02,9.089193393872375282e+01,1.747499681061235322e+01,-1.707892729190372281e-03,4.518444313985148852e+01,2.175924699296821752e-01,nan,7.399821896486376005e+00,1.000000000000000000e+00
9.280000000000000000e+02,4.604670446174662857e+01,8.864473821234911455e+00,-1.382115803252032763e-03,3.618812280414274341e+01,3.613752465430231098e-01,nan,4.541890332759041193e+00,1.000000000000000000e+00
9.290000000000000000e+02,1.435426529110824845e+02,5.158358298685264742e+01,-1.986167127117025380e-02,5.465005096376920619e+02,1.397338124725595598e-01,nan,2.381554745259644434e+01,1.000000000000000000e+00
9.310000000000000000e+02,1.269311624703630770e+01,2.631989726857412748e+01,-1.998770080258716747e-03,5.321701273045697178e+01,3.404199757361582312e-01,nan,9.073452552850637787e+00,1.000000000000000000e+00
9.320000000000000000e+02,2.740355060863574721e+01,4.290211302666812543e+01,-1.365179353541032823e-03,3.572042323791067986e+01,3.256969532742998163e-01,nan,1.297338428627740292e+01,1.000000000000000000e+00
9.320000000000000000e+02,1.004404782968627217e+02,2.153465555779781937e+01,-1.460429715896778124e-03,3.835075922434209872e+01,2.649997149031654287e-01,nan,1.037571821624638169e+01,1.000000000000000000e+00
9.340000000000000000e+02,1.057675290126270369e+02,8.634122270617121231e+00,-1.511050050496301912e-03,3.974863829219318490e+01,3.354708403590098698e-01,nan,8.374151764877680648e+00,1.000000000000000000e+00
9.340000000000000000e+02,2.675059878216316278e+01,1.160258440029649663e+01,-1.155766751961902813e-03,2.993750033533353871e+01,3.514955764075190503e-01,nan,1.620049380265730221e+01,1.000000000000000000e+00
9.340000000000000000e+02,1.432098684415234402e+02,2.634844486267057562e+01,-1.611813124459832765e-03,4.253120764935572851e+01,2.710333084793954406e-01,nan,1.253510310197469302e+01,1.000000000000000000e+00
9.350000000000000000e+02,6.220077935957836246e+01,5.112870202544515763e+01,-2.295843294478171984e-03,6.142068090179544271e+01,1.288028234722286003e-01,nan,1.343950157683873492e+01,1.000000000000000000e+00
9.360000000000000000e+02,7.098495749580401082e+01,3.229502172432141549e+01,-3.057886339259005548e-02,8.424554583987815022e+02,1.589386815351934157e-02,nan,7.345680735533917982e+00,1.000000000000000000e+00
9.370000000000000000e+02,1.314565723826410988e+02,2.199082607147320800e+01,-9.274503812698890737e-03,2.541361881626126831e+02,2.309817390143265037e-02,nan,1.253510310197469302e+01,1.000000000000000000e+00
9.370000000000000000e+02,9.867782566008425249e+01,5.249290134846044253e+01,-2.552345435078363228e-03,6.850398005500521492e+01,1.957744785371353657e-01,nan,5.715950536787988590e+00,1.000000000000000000e+00
9.370000000000000000e+02,8.591869249971614053e+00,4.113235582697052450e+01,-1.574626013372963955e-03,4.150428665814845886e+01,2.901123190557758358e-01,nan,1.231827615407972587e+01,1.000000000000000000e+00
9.380000000000000000e+02,9.296434507020292415e+01,5.266091946669834556e+01,-2.038248866913026924e-03,5.430721827581379557e+01,3.240667135656676301e-01,nan,5.715950536787988590e+00,1.000000000000000000e+00
9.390000000000000000e+02,6.771072134132403164e+01,3.887061318616652272e+01,-1.512429005102718278e-02,4.156778650135469206e+02,6.159591062617209012e-02,nan,7.345680735533917982e+00,1.000000000000000000e+00
9.390000000000000000e+02,4.176998794487577982e+01,3.296286086550757233e+01,-1.662989607562836980e-03,4.394444474195680073e+01,3.407978274274440222e-01,nan,1.181977534168189514e+01,1.000000000000000000e+00
9.400000000000000000e+02,9.512683141724697578e+01,1.306498853774799151e+01,-1.336485937344876126e-02,3.670912380190849262e+02,1.591644555589033505e-02,nan,1.871460252451125683e+01,1.000000000000000000e+00
9.400000000000000000e+02,7.684243041600596769e+01,1.705460351619639425e+01,-1.497863143299082338e-03,3.938448223343687715e+01,3.017181050804451647e-01,nan,1.632728808374029583e+01,1.000000000000000000e+00
9.420000000000000000e+02,1.441142306514499865e+02,5.039742297972915708e+01,-1.288737844381972631e-03,3.360949318551623577e+01,3.136071776310794812e-01,nan,1.374277461472552986e+01,1.000000000000000000e+00
9.430000000000000000e+02,2.970464141207417441e+01,3.109803935773816619e+01,3.633536446990550620e-03,-9.836103840631439255e+01,9.191905642441444702e-02,nan,8.359146249250358096e+00,1.000000000000000000e+00
9.430000000000000000e+02,1.379937894983536069e+02,3.809278750351009535e+01,-2.293963353335370502e-03,6.136876638180847010e+01,2.013240708129852008e-01,nan,1.282189850395046271e+01,1.000000000000000000e+00
9.440000000000000000e+02,1.290947910511317502e+02,2.886192037837227886e+01,-1.260704646837164638e-03,3.283535725056352561e+01,3.093930234431268023e-01,nan,1.078425536984105015e+01,1.000000000000000000e+00
9.450000000000000000e+02,5.953615242636686133e+01,2.940229655609396531e+01,-3.244292125155055339e-03,8.761206777863213802e+01,1.171977206452673448e-01,nan,1.204031447097075080e+01,1.000000000000000000e+00
9.450000000000000000e+02,3.653386763662737025e+01,2.627756270182215204e+01,-1.508978442736390530e-03,3.969143090414866748e+01,3.394001240949191534e-01,nan,7.077428774610122097e+00,1.000000000000000000e+00
9.460000000000000000e+02,1.164356098979046124e+02,1.692346147995572636e+01,-2.055720388864704790e-03,5.478969384641148821e+01,2.227372562646393606e-01,nan,6.013595926241316114e+00,1.000000000000000000e+00
9.460000000000000000e+02,3.872005442722714008e+01,1.954624890908552004e+01,-1.488558535853334213e-03,3.912753576941439349e+01,2.978490607658114131e-01,nan,5.106974032903623950e+00,1.000000000000000000e+00
9.460000000000000000e+02,8.748464261130079933e+01,2.634830645051620124e+01,-1.427703445465943865e-03,3.744702421812332460e+01,2.678304562717993553e-01,nan,5.411899748970787627e+00,1.000000000000000000e+00
9.460000000000000000e+02,1.157451729625339709e+02,4.200509363769519666e+01,-1.625055975132698796e-03,4.289690858556509312e+01,3.285247975751631744e-01,nan,1.873380117424112257e+01,1.000000000000000000e+00
9.490000000000000000e+02,1.123429568781457704e+02,2.132953992047003311e+01,-1.958818943460414151e-03,5.211376324961044304e+01,2.655332018224417778e-01,nan,6.013595926241316114e+00,1.000000000000000000e+00
9.490000000000000000e+02,1.391622526584795594e+02,2.499586545551831307e+01,-1.620879891902269254e-03,4.278158616860350349e+01,2.880830389653985524e-01,nan,1.078425536984105015e+01,1.000000000000000000e+00
9.500000000000000000e+02,8.139418707861727853e+01,2.139600836909196246e+01,-1.403537143710638282e-03,3.677967249794263438e+01,2.929529068290559479e-01,nan,7.428040363434496030e+00,1.000000000000000000e+00
9.500000000000000000e+02,6.469632142451415291e+01,4.548113866982435383e+01,-1.133894010886234063e-03,2.933348522662085145e+01,3.145575520400654135e-01,nan,1.635262318544689109e+01,1.000000000000000000e+00
9.510000000000000000e+02,7.945825044198514320e+01,1.422468122694055026e+01,-1.767280637757544237e-03,4.682443850784505912e+01,2.894949575427581134e-01,nan,7.074506182030439128e+00,1.000000000000000000e+00
9.510000000000000000e+02,8.425370033319951801e+01,3.068992721798170820e+01,-1.668061655389275165e-03,4.408450919518117672e+01,2.457636718560086697e-01,nan,5.411899748970787627e+00,1.000000000000000000e+00
9.520000000000000000e+02,8.489401532787849192e+01,9.696867425018503184e+00,-2.259621568929469793e-03,6.042041900414978528e+01,2.424539418133727642e-01,nan,7.074506182030439128e+00,1.000000000000000000e+00
9.530000000000000000e+02,4.869062690920261360e+01,4.883166521467389742e+01,-1.803618626627155868e-03,4.782791101371651621e+01,2.115268520915152273e-01,nan,1.104725147926338913e+01,1.000000000000000000e+00
9.530000000000000000e+02,3.674964006501887326e+01,2.329494493097310581e+01,-1.974148234245956188e-03,5.253708116885456292e+01,2.218702504826376432e-01,nan,8.936782429268498973e+00,1.000000000000000000e+00
9.530000000000000000e+02,1.158227836803076372e+02,3.073671889902167109e+01,1.781349340704327161e-03,-4.721294533058162557e+01,2.834769523912127331e-01,nan,4.330262832827895814e+00,1.000000000000000000e+00
9.530000000000000000e+02,1.281622011827585368e+02,5.316463812123826926e+01,-1.359602024514667109e-03,3.556640545904463124e+01,2.797351228710124316e-01,nan,2.297316247822451274e+01,1.000000000000000000e+00
9.550000000000000000e+02,5.991065336531163865e+01,2.955243677913225753e+01,3.136731740798045110e-03,-8.464179089262957234e+01,1.824861720587330760e-01,nan,8.136392629358491391e+00,1.000000000000000000e+00
9.550000000000000000e+02,1.221993349130655133e+02,1.913746076245820049e+01,-1.451717052201447096e-03,3.811015926977277957e+01,3.240012730643343497e-01,nan,1.323643437420440172e+01,1.000000000000000000e+00
9.550000000000000000e+02,5.298073803592000530e+01,2.528896887770013535e+01,-2.785036089878257029e-03,7.492972572031327161e+01,1.790936135359924020e-01,nan,8.136392629358491391e+00,1.000000000000000000e+00
9.560000000000000000e+02,1.021127029342808896e+02,9.048456188600814798e+00,-1.562468507643037215e-03,4.116855749097491923e+01,3.007264050818206913e-01,nan,1.265118621979192604e+01,1.000000000000000000e+00
9.560000000000000000e+02,1.143873972480613332e+02,5.985060642625865235e+00,-1.438288459023828519e-03,3.773932905969634533e+01,2.785116221516673596e-01,nan,1.265118621979192604e+01,1.000000000000000000e+00
9.570000000000000000e+02,5.910014846668980937e+01,5.253080378876063605e+01,-1.584142892802146638e-03,4.176709500682029841e+01,3.345081124347880630e-01,nan,1.104725147926338913e+01,1.000000000000000000e+00
9.570000000000000000e+02,9.541516778840534130e+01,3.304555432477488353e+01,-1.744882340298580447e-03,4.620591017489164187e+01,2.194967594840122604e-01,nan,1.620345462101775169e+01,1.000000000000000000e+00
9.590000000000000000e+02,8.389865719220592766e+00,3.070191152193015327e+01,-1.255528172175898217e-03,3.269240905333224845e+01,3.712076187948840644e-01,nan,2.363566686120264038e+01,1.000000000000000000e+00
9.600000000000000000e+02,5.253939644829409872e+01,6.321275070584045253e+00,-1.099099969178868753e-03,2.837264877673454322e+01,3.617391515978256589e-01,nan,6.198665003745047919e+00,1.000000000000000000e+00
9.600000000000000000e+02,1.228474459208270275e+02,4.721596045038187839e+01,-1.295143551947900915e-03,3.378638661366182561e+01,3.210227597956321066e-01,nan,1.318528033865677962e+01,1.000000000000000000e+00
9.620000000000000000e+02,1.153031119708080894e+02,3.136028014744274017e+01,-1.177051021570984070e-03,3.052526482161003685e+01,3.745975413386660735e-01,nan,1.309830986647423146e+01,1.000000000000000000e+00
9.640000000000000000e+02,1.957885967013713113e+01,5.152140148542603271e+01,-3.241290232238187158e-02,8.931023901083972305e+02,1.182257432272537656e-02,nan,1.613970031899485846e+01,1.000000000000000000e+00
9.640000000000000000e+02,4.555995670959034527e+01,9.035934064595103621e+00,-1.267905710021335940e-03,3.303421440097676509e+01,3.344263638638389491e-01,nan,7.488788454747686174e+00,1.000000000000000000e+00
9.640000000000000000e+02,1.030650235981565856e+02,2.669177778144267066e+01,-1.666300510477672185e-03,4.403587522966397927e+01,3.005973155737027280e-01,nan,9.339885439779548548e+00,1.000000000000000000e+00
9.650000000000000000e+02,1.288389194736896854e+02,2.288475910367163735e+01,-1.330320657309603952e-03,3.475780135522260395e+01,2.971902382952760213e-01,nan,1.238487869657854112e+01,1.000000000000000000e+00
9.660000000000000000e+02,4.937801066177142673e+01,2.296820506176878496e+01,-1.718418445577620792e-03,4.547511049178184095e+01,2.874506251288351244e-01,nan,1.317968285952901830e+01,1.000000000000000000e+00
9.670000000000000000e+02,1.069035425363959746e+02,1.817712967426973947e+01,-2.054924867233668632e-03,5.476772553970537416e+01,1.855829049088327798e-01,nan,9.339885439779548548e+00,1.000000000000000000e+00
9.670000000000000000e+02,6.527402640009094092e+00,4.202669792092839884e+01,-1.534361860491141377e-03,4.039239324725849656e+01,3.434734548381944697e-01,nan,1.613970031899485846e+01,1.000000000000000000e+00
9.680000000000000000e+02,1.030834694698500869e+02,4.037425774852740545e+01,-1.200765757322646123e-03,3.118014655973232863e+01,3.437515758183351533e-01,nan,7.948795846793651698e+00,1.000000000000000000e+00
9.690000000000000000e+02,7.731702595000064093e+01,9.883357972082043474e+00,-2.682419847831777823e-02,7.387704959824037587e+02,8.952777058334526750e-03,nan,2.146771940197145057e+01,1.000000000000000000e+00
9.690000000000000000e+02,2.730398559430336292e+01,2.680517631361226449e+01,-1.334501900793375918e-02,3.665433469023755606e+02,1.629617523717963312e-02,nan,1.556324898251817324e+01,1.000000000000000000e+00
9.710000000000000000e+02,9.151400071656713919e+01,3.213711951440731696e+01,-1.454972928894439355e-03,3.820007020996401081e+01,2.711883465657664027e-01,nan,1.318442001401212416e+01,1.000000000000000000e+00
9.710000000000000000e+02,5.202903687693614643e+01,3.616647679745038602e+01,-1.343137209540657502e-03,3.511173007235871069e+01,2.896798817039263341e-01,nan,1.211717545334694357e+01,1.000000000000000000e+00
9.720000000000000000e+02,1.334640271097550226e+02,2.375900763642562907e+01,-1.533560933749077626e-03,4.037027567856855370e+01,2.465588730420910091e-01,nan,1.390045186755236450e+01,1.000000000000000000e+00
9.720000000000000000e+02,4.286701177220039938e+01,2.688845342898347113e+01,-1.665900930720648010e-03,4.402484084629413275e+01,2.118573746602826491e-01,nan,1.107578743854038095e+01,1.000000000000000000e+00
9.730000000000000000e+02,5.328526208466635694e+01,2.312904818206849455e+01,-1.945663762037416929e-03,5.175048329718665485e+01,2.160767420106353143e-01,nan,1.107578743854038095e+01,1.000000000000000000e+00
9.730000000000000000e+02,1.376038648600307113e+02,4.672356644977298856e+01,-1.753187231120810225e-03,4.643524949342891972e+01,2.849092814267896179e-01,nan,2.333472129874915524e+01,1.000000000000000000e+00
9.740000000000000000e+02,1.031335237286261730e+01,4.428230678449519075e+01,-1.241876064297389726e-03,3.231540649129087939e+01,3.587646785273040928e-01,nan,2.105643972368934058e+01,1.000000000000000000e+00
9.750000000000000000e+02,1.201795346247061644e+02,1.966696394936406023e+01,-1.693371808317340301e-03,4.478344833223273014e+01,3.201772634091976100e-01,nan,7.693064163944868916e+00,1.000000000000000000e+00
9.750000000000000000e+02,2.845879649124008282e+01,3.359977377100990026e+01,-1.941477809684227914e-03,5.163488834468707012e+01,2.165795067930824658e-01,nan,1.589460563574309404e+01,1.000000000000000000e+00
9.760000000000000000e+02,6.190567635401401958e+01,4.318630112623672801e+01,-1.169674852364805577e-03,3.032157212349141062e+01,3.462033741477766879e-01,nan,8.043140347988170902e+00,1.000000000000000000e+00
9.770000000000000000e+02,1.170521955967265484e+02,1.263823811642333617e+01,-2.100107018533939503e-03,5.601542933389806223e+01,1.998359003597198758e-01,nan,7.693064163944868916e+00,1.000000000000000000e+00
9.770000000000000000e+02,1.095706363410156392e+01,1.163853476230003636e+01,-1.723938253707858487e-03,4.562753983277410441e+01,2.730139853428731334e-01,nan,1.357127795653223501e+01,1.000000000000000000e+00
9.780000000000000000e+02,3.693458794855886396e+01,5.036271242468336595e+01,-1.592247964778615915e-03,4.199091633374293053e+01,2.339877418404830989e-01,nan,1.485899222985333701e+01,1.000000000000000000e+00
9.780000000000000000e+02,1.279339243209900872e+02,1.069539395639435675e+01,-1.192881555795048025e-03,3.096242456383203745e+01,3.110259884588469914e-01,nan,1.105380764526961102e+01,1.000000000000000000e+00
9.800000000000000000e+02,2.370307119545966756e+01,1.629888631762929307e+01,-1.586551897203545246e-03,4.183361959330748903e+01,3.502836906240242021e-01,nan,1.357127795653223501e+01,1.000000000000000000e+00
9.810000000000000000e+02,5.697552536708025173e+01,4.954127696438680317e+01,-2.235001367491761762e-03,5.974053285743963215e+01,2.329663508798917038e-01,nan,7.872818444289304551e+00,1.000000000000000000e+00
9.810000000000000000e+02,1.230123809661615155e+02,3.215665793388272675e+01,-1.601456275768400103e-03,4.224520357393441117e+01,2.781752011436625649e-01,nan,1.031335156129108022e+01,1.000000000000000000e+00
9.810000000000000000e+02,1.042465603963326686e+02,3.254731353376074310e+01,-1.414360789296672648e-03,3.707856715603323039e+01,3.275740730902857445e-01,nan,1.558134658199121425e+01,1.000000000000000000e+00
9.830000000000000000e+02,7.224146973061647259e+01,3.211621666179895840e+01,1.181480276391103741e-03,-3.064757856465831054e+01,3.245285680779075310e-01,nan,6.982588525499750176e+00,1.000000000000000000e+00
9.840000000000000000e+02,1.356482655576747050e+02,4.562787329935381564e+01,-1.207569097563640894e-03,3.136802060263612546e+01,3.481210557933557270e-01,nan,1.357130228479342371e+01,1.000000000000000000e+00
9.860000000000000000e+02,1.174406914294168587e+02,4.083545371053948969e+01,-1.577232524758629371e-03,4.157626539426237144e+01,2.613468732564168118e-01,nan,1.031335156129108022e+01,1.000000000000000000e+00
9.860000000000000000e+02,2.294384975657382597e+01,2.561144577604684613e+01,-1.323227203717428297e-03,3.456191584056287525e+01,3.187274967691277050e-01,nan,9.217674422482659224e+00,1.000000000000000000e+00
9.860000000000000000e+02,4.410191591215574647e+01,5.263848573137055809e+01,-1.195646029885643084e-03,3.103876543544879141e+01,3.724710171986549412e-01,nan,5.504421721599161543e+00,1.000000000000000000e+00
9.870000000000000000e+02,1.007235952719717318e+02,1.447887566612153520e+01,-1.621601570789262935e-03,4.280151531008034027e+01,2.356104084172141455e-01,nan,7.443122399740103923e+00,1.000000000000000000e+00
9.870000000000000000e+02,5.017294508550861565e+01,9.934616097116503397e+00,-1.622190087664998875e-03,4.281776718648883673e+01,2.715500902055457688e-01,nan,4.825239868812654542e+00,1.000000000000000000e+00
9.870000000000000000e+02,8.745089162159824525e+01,2.247056360302480016e+01,-1.254873168449834910e-03,3.267432114448549640e+01,3.136305815256238416e-01,nan,9.752097538862965820e+00,1.000000000000000000e+00
9.870000000000000000e+02,7.592198114880287108e+01,3.805005001108003881e+01,-1.653782272728058361e-03,4.369018445825740571e+01,2.881521166544033230e-01,nan,6.982588525499750176e+00,1.000000000000000000e+00
9.870000000000000000e+02,8.444017504662852502e+01,4.913377631493914777e+01,-1.270320924617326843e-03,3.310091048180701279e+01,3.409765047435795449e-01,nan,1.397886318910849468e+01,1.000000000000000000e+00
9.880000000000000000e+02,1.067249374362459662e+02,2.893654385168020227e+01,-1.470154135848518407e-03,3.861929879850878677e+01,3.618660413238782292e-01,nan,1.348744513649362453e+01,1.000000000000000000e+00
9.880000000000000000e+02,1.411823085804910249e+02,3.323615777942449512e+01,-1.502442338753622042e-03,3.951093658274416498e+01,3.522228447081268143e-01,nan,1.357130228479342371e+01,1.000000000000000000e+00
9.900000000000000000e+02,3.864402384816235525e+01,5.192429198524095568e+01,-1.299929141884571815e-03,3.391854054059090373e+01,3.399706943756120037e-01,nan,5.504421721599161543e+00,1.000000000000000000e+00
9.910000000000000000e+02,8.964567119868942768e+01,3.197247651651125011e+01,-1.577136250823218781e-03,4.157360679233580214e+01,2.768691920792903938e-01,nan,9.752097538862965820e+00,1.000000000000000000e+00
9.910000000000000000e+02,3.516395325839031472e+01,1.434033513870075005e+01,-1.683108345852103250e-03,4.450002311473199512e+01,2.107180285842450429e-01,nan,1.250218996971802099e+01,1.000000000000000000e+00
9.910000000000000000e+02,4.984982534130580945e+01,1.730483258454605178e+01,-1.382987266573697379e-03,3.621218823842706058e+01,3.151543605042691487e-01,nan,7.377296079233369497e+00,1.000000000000000000e+00
9.920000000000000000e+02,1.080937217638503824e+02,1.551873457540749079e+01,-1.483880934784329725e-03,3.899836395192544103e+01,2.893306657664879156e-01,nan,7.443122399740103923e+00,1.000000000000000000e+00
9.930000000000000000e+02,9.066094506341924841e+01,1.958477164861420050e+01,-2.092301127652585087e-03,5.579986988421639893e+01,2.639045366714378726e-01,nan,8.011898977365049745e+00,1.000000000000000000e+00
9.930000000000000000e+02,2.429242631375434414e+01,2.548612877672395882e+01,-1.262016199413368983e-03,3.287157573681350442e+01,3.126061615460293819e-01,nan,1.556980455655576279e+01,1.000000000000000000e+00
9.940000000000000000e+02,6.953143391892663772e+01,2.979694843915128288e+01,-1.521762747752505385e-03,4.004446911538204290e+01,2.832811476467087530e-01,nan,1.134074112193101413e+01,1.000000000000000000e+00
9.950000000000000000e+02,1.228900116190032321e+02,2.809318178091030660e+01,-1.475477005715231668e-03,3.876628969508108469e+01,2.827411515556061961e-01,nan,1.189842964361935529e+01,1.000000000000000000e+00
9.970000000000000000e+02,8.300379437929642279e+01,1.722710996293059083e+01,-2.306733682709672262e-03,6.172141865609960121e+01,2.093647524666572002e-01,nan,8.011898977365049745e+00,1.000000000000000000e+00
9.970000000000000000e+02,1.129154776482089062e+02,3.458019188184508153e+01,-1.458885996910992385e-03,3.830812946944327280e+01,3.657755208040982531e-01,nan,1.189842964361935529e+01,1.000000000000000000e+00
9.990000000000000000e+02,1.096497138294585483e+01,2.219749557714944643e+01,-2.080103662453030178e-03,5.546303723745116088e+01,1.867261043381337471e-01,nan,4.941510979295743233e+00,1.000000000000000000e+00
9.990000000000000000e+02,1.383275721998034840e+02,3.329334510893885835e+01,-1.363959822630500269e-03,3.568674592728209660e+01,3.366761966744873380e-01,nan,1.628987339803630263e+01,1.000000000000000000e+00
1.000000000000000000e+03,4.785931070665122888e+01,4.527256255170998855e+01,-1.299652269651276016e-03,3.391089472192029319e+01,3.567621049628557639e-01,nan,1.713346333466876814e+01,1.000000000000000000e+00
1.001000000000000000e+03,5.413832306731629984e+01,6.722690022175626723e+00,-2.112268226153992279e-03,5.635126072865978131e+01,2.701973406705128200e-01,nan,2.468899891220146614e+01,1.000000000000000000e+00
1.001000000000000000e+03,2.967852526765963717e+01,1.007902118679514381e+01,-1.240045055516911764e-03,3.226484323706644375e+01,3.315476772728183086e-01,nan,1.454221761609494656e+01,1.000000000000000000e+00
1.001000000000000000e+03,1.098705647844284528e+02,4.638360401189809323e+01,-1.287339035969181167e-03,3.357086513187643106e+01,3.694062869991255882e-01,nan,7.275453656302706129e+00,1.000000000000000000e+00
1.002000000000000000e+03,2.406918456328475386e+01,2.349585352740763611e+01,-1.239233528530657132e-03,3.224243294294143425e+01,3.157835908615467257e-01,nan,9.302306798743458671e+00,1.000000000000000000e+00
1.003000000000000000e+03,3.408060128471757366e+01,2.555430653385795026e+01,-1.362295139735026847e-03,3.564077575753506011e+01,3.039829564328012657e-01,nan,6.674458690182275333e+00,1.000000000000000000e+00
1.004000000000000000e+03,1.491753630144051535e+01,2.516326045717376658e+01,-1.429775944546735197e-03,3.750425621996802050e+01,3.302325574288619281e-01,nan,4.941510979295743233e+00,1.000000000000000000e+00
1.005000000000000000e+03,3.914452966009364587e+01,2.990229781903904538e+01,-1.653070979633773380e-03,4.367054212014419079e+01,3.045121109269957049e-01,nan,6.674458690182275333e+00,1.000000000000000000e+00
1.007000000000000000e+03,9.294344815160120277e+01,1.526788861930371333e+01,-1.693806515278141077e-03,4.479545275231331658e+01,2.330007492113267409e-01,nan,8.789518669912999016e+00,1.000000000000000000e+00
1.008000000000000000e+03,1.256469552910571679e+02,5.628124645869246656e+00,-2.685983415197355523e-03,7.219438898959957385e+01,1.665960008139273363e-01,nan,2.296508474330923733e+01,1.000000000000000000e+00
1.009000000000000000e+03,6.034108314374762472e+01,2.960030518180564485e+01,-1.971474254377573315e-02,5.424430771035987391e+02,1.198353442939248392e-02,nan,8.651120106845278102e+00,1.000000000000000000e+00
1.009000000000000000e+03,1.322421818929015558e+02,3.134796082738032297e+01,-1.234346706476771279e-03,3.210748349403944957e+01,3.552220935834921045e-01,nan,1.508197851898074049e+01,1.000000000000000000e+00
1.010000000000000000e+03,4.232680115067473281e+01,4.351882643962661490e+01,-1.644637468970679573e-03,4.343765096844190765e+01,3.129021980656229163e-01,nan,8.804948591217170772e+00,1.000000000000000000e+00
1.010000000000000000e+03,7.598895211909812986e+01,3.203807205373658462e+01,-1.299386255704186154e-03,3.390354875450749006e+01,2.927938174088308143e-01,nan,7.767721346834782992e+00,1.000000000000000000e+00
1.012000000000000000e+03,1.627918241546107581e+01,4.683470060731167450e+01,-1.667173844885703809e-03,4.405999233394391013e+01,2.848194537005637184e-01,nan,1.927197562209664028e+01,1.000000000000000000e+00
1.012000000000000000e+03,2.480725407121900261e+01,1.923447145758493804e+01,-1.221774560172631495e-03,3.176030403946737835e+01,3.422867914240321774e-01,nan,7.973502800338817309e+00,1.000000000000000000e+00
1.012000000000000000e+03,1.147277707095192909e+02,2.852538439108522894e+01,-1.215011138293523767e-03,3.157353234096620653e+01,3.424436951068502433e-01,nan,9.445012016437489777e+00,1.000000000000000000e+00
1.012000000000000000e+03,5.091250094868794207e+01,4.156616705499928344e+01,1.404400059124191963e-03,-3.680350188199304995e+01,3.518422363111426421e-01,nan,8.804948591217170772e+00,1.000000000000000000e+00
1.014000000000000000e+03,6.372425440746908265e+01,8.821163064998930992e+00,-2.315817809160438268e-03,6.197227654385756779e+01,2.333901797165487402e-01,nan,2.055740344637647610e+01,1.000000000000000000e+00
1.014000000000000000e+03,8.210301063563613866e+01,3.945881616140700743e+01,-2.125591435895648595e-03,5.671918077821682402e+01,2.104729515782305382e-01,nan,9.615048343881390736e+00,1.000000000000000000e+00
1.014000000000000000e+03,6.895051674973822742e+01,2.875205280951169584e+01,-1.458249714872897427e-03,3.829055855946531040e+01,3.327233719673524659e-01,nan,7.767721346834782992e+00,1.000000000000000000e+00
1.015000000000000000e+03,6.544090131125894061e+01,4.216272827248292288e+01,-1.452964743221372632e-03,3.814461422100330878e+01,2.971952655462648529e-01,nan,6.423903200505867161e+00,1.000000000000000000e+00
1.015000000000000000e+03,1.987166612509908603e+01,2.549679678713519593e+01,1.457711308623578506e-03,-3.827569048654802941e+01,3.415492368225220288e-01,nan,4.460956663146813383e+00,1.000000000000000000e+00
1.015000000000000000e+03,5.249567916135305978e+01,2.604109147365969079e+01,-1.482761555715351749e-03,3.896745233148882903e+01,2.771931484297495141e-01,nan,1.560558954539572696e+01,1.000000000000000000e+00
1.016000000000000000e+03,1.011969694737506416e+02,3.036569072221807630e+01,-1.428772134105482606e-03,3.747653602382513327e+01,3.058544587259278691e-01,nan,8.517742123977981805e+00,1.000000000000000000e+00
1.016000000000000000e+03,1.004562829520652372e+02,8.155362989815564845e+00,-1.613056811856685259e-03,4.256555204065153220e+01,2.795813237228048642e-01,nan,2.222267478284588549e+01,1.000000000000000000e+00
1.016000000000000000e+03,6.519679200478931591e+01,3.574346484308820493e+01,-1.242615771697457103e-03,3.233583348963194481e+01,3.591020048786826013e-01,nan,6.423903200505867161e+00,1.000000000000000000e+00
1.017000000000000000e+03,1.591967828457200262e+01,2.756607841581700313e+01,-1.387783132252086091e-03,3.634462592966484351e+01,2.942231666470702667e-01,nan,4.460956663146813383e+00,1.000000000000000000e+00
1.018000000000000000e+03,1.375516987556285642e+02,2.398842374900338115e+01,-1.717977245408288832e-03,4.546292676193649385e+01,2.553230549127569748e-01,nan,6.307268604034785398e+00,1.000000000000000000e+00
1.021000000000000000e+03,1.101298130444438428e+01,3.648264851206890569e+01,1.948325639926170531e-03,-5.182399097767320484e+01,2.656428166019012549e-01,nan,1.017747009507604261e+01,1.000000000000000000e+00
1.021000000000000000e+03,9.272769177649945505e+01,3.127303088854633017e+01,-1.742373947781291786e-03,4.613664098847451100e+01,2.780934414156025491e-01,nan,8.517742123977981805e+00,1.000000000000000000e+00
1.021000000000000000e+03,2.820234735778811697e+01,4.771890445291633398e+01,-1.356532470258003682e-03,3.548163980751407820e+01,3.493463276801247464e-01,nan,6.457154424150436611e+00,1.000000000000000000e+00
1.022000000000000000e+03,1.025035834074349737e+02,3.457624045024935810e+01,-1.270636270850692730e-02,3.489068717667805686e+02,1.629062210029696978e-02,nan,1.031887835902339923e+01,1.000000000000000000e+00
1.022000000000000000e+03,3.848104410308980761e+01,4.579783975370308013e+01,-1.261153021006782352e-03,3.284773909021812699e+01,3.724613350797185696e-01,nan,5.893399467653735790e+00,1.000000000000000000e+00
1.023000000000000000e+03,2.023637053298011779e+01,4.685472465579805146e+01,-1.656013470746967248e-03,4.375179892666300674e+01,2.695614391818362821e-01,nan,8.012714489804658058e+00,1.000000000000000000e+00
1.023000000000000000e+03,2.759317463631992240e+01,5.414725975211570130e+01,-1.865964873977558197e-03,4.954960082117609232e+01,2.821355779852235957e-01,nan,6.457154424150436611e+00,1.000000000000000000e+00
1.024000000000000000e+03,1.365656260732392582e+02,3.779249588056245557e+01,-1.489480452618591536e-03,3.915299447407625877e+01,2.921782696805579338e-01,nan,3.421355067162848940e+01,1.000000000000000000e+00
1.024000000000000000e+03,1.854696987034403577e+01,2.517139010806635113e+01,-1.874613747659694372e-03,4.978843921638614489e+01,3.092844975193642654e-01,nan,1.359064201549084672e+01,1.000000000000000000e+00
1.026000000000000000e+03,6.380400921505342637e+01,3.255465630639800878e+01,-1.600820481033509227e-03,4.222764612082026048e+01,2.745705858834134316e-01,nan,6.953211329503603544e+00,1.000000000000000000e+00
1.027000000000000000e+03,7.992084659390890522e+01,2.372314965351124627e+01,-1.455035813464453272e-03,3.820180676553616905e+01,3.161448597797256177e-01,nan,1.034414401532030325e+01,1.000000000000000000e+00
1.027000000000000000e+03,1.078308046967473643e+02,1.619466361434909629e+01,-1.186585829263618911e-03,3.078856825875573122e+01,3.569382751174151602e-01,nan,1.518006995188066099e+01,1.000000000000000000e+00
1.028000000000000000e+03,4.573803547673148984e+01,3.857548676688568179e+01,-1.306936401193643706e-03,3.411204580262938180e+01,3.184348428358534377e-01,nan,1.904284134649223148e+01,1.000000000000000000e+00
1.030000000000000000e+03,1.232257423129625238e+02,4.142691348072455781e+01,-1.580683151420450875e-03,4.167155434917921042e+01,2.556616944637029043e-01,nan,1.219210653354420160e+01,1.000000000000000000e+00
1.031000000000000000e+03,9.265550978392623449e+01,1.657538405364186573e+01,-1.296063501040664980e-03,3.381179098110501258e+01,3.136908739032452376e-01,nan,1.146088267158650709e+01,1.000000000000000000e+00
1.031000000000000000e+03,1.707912573876512496e+01,3.771718049416229235e+01,-1.849450975503188089e-03,4.909356999505514096e+01,1.859677905635089834e-01,nan,8.996836174029914091e+00,1.000000000000000000e+00
1.033000000000000000e+03,1.113044055425667125e+02,4.398214171555994767e+01,-1.214923245335101324e-03,3.157110517947542760e+01,3.279223488879627890e-01,nan,1.081923943856801351e+01,1.000000000000000000e+00
1.033000000000000000e+03,1.326683771381077577e+02,5.176114336506220326e+01,-1.376239018221812535e-03,3.602583555643887792e+01,3.135794784239661626e-01,nan,9.528924403110783814e+00,1.000000000000000000e+00
1.034000000000000000e+03,8.232349471356862125e+01,6.236898987818567441e+00,-1.438834261394627894e-03,3.775440137629322379e+01,2.668116905561378482e-01,nan,1.461625153280923151e+01,1.000000000000000000e+00
1.034000000000000000e+03,1.409517267386430319e+02,2.886311351457755592e+01,-1.278885114337923899e-03,3.333741033188190528e+01,2.844917852973872785e-01,nan,1.935648133979143282e+01,1.000000000000000000e+00
1.035000000000000000e+03,1.119166724528428603e+02,3.318024043570895998e+01,-1.313800777308873251e-03,3.430160534942515937e+01,3.133287808742313274e-01,nan,1.081923943856801351e+01,1.000000000000000000e+00
1.036000000000000000e+03,4.091377409631960660e+01,3.990734311047247473e+01,-1.298622284236327848e-02,3.566352012244739171e+02,1.523636691246510466e-02,nan,1.029541416389242059e+01,1.000000000000000000e+00
1.036000000000000000e+03,2.993223375322516233e+01,7.630354457399668888e+00,-1.895876248982570570e-03,5.037560257207214676e+01,2.482671595821310806e-01,nan,2.701388013162056012e+01,1.000000000000000000e+00
1.036000000000000000e+03,1.031514005633972459e+02,2.117843829591267379e+01,1.291440176331776473e-03,-3.368411800372222586e+01,3.371217666252351863e-01,nan,4.740604420099669980e+00,1.000000000000000000e+00
1.037000000000000000e+03,8.213199918611442740e+01,3.002655742060593624e+01,-1.591520440366404063e-03,4.197082576825719258e+01,2.797790542051186158e-01,nan,1.443058438710776947e+01,1.000000000000000000e+00
1.037000000000000000e+03,1.263198146319226396e+02,8.531776789071253475e+00,-1.495441290908071635e-03,3.931760285009018929e+01,2.964293673622734326e-01,nan,8.649215748317082841e+00,1.000000000000000000e+00
1.038000000000000000e+03,1.415114778519746892e+02,4.821149971469300510e+01,-1.397500193030184372e-03,3.661296228046541756e+01,2.609639150821967402e-01,nan,9.528924403110783814e+00,1.000000000000000000e+00
1.039000000000000000e+03,1.572437999709134537e+01,5.205383403881170779e+01,-2.019079592787115848e-03,5.377785932829782212e+01,1.797062064343065702e-01,nan,1.584926281726505159e+01,1.000000000000000000e+00
1.039000000000000000e+03,9.941466852450092517e+01,2.409565682344095450e+01,-1.580854478111153559e-03,4.167628553076053066e+01,2.929961083302319302e-01,nan,4.740604420099669980e+00,1.000000000000000000e+00
1.040000000000000000e+03,6.914414764057032414e+01,3.631603100623662783e+01,-1.535274223562014054e-02,4.219865654473514951e+02,1.439180477483315013e-02,nan,9.920069433364254508e+00,1.000000000000000000e+00
1.040000000000000000e+03,1.155244969229355121e+02,6.100313016389421250e+00,-1.348250768712347305e-03,3.525294086017500206e+01,3.030499462006934763e-01,nan,9.534684174752792174e+00,1.000000000000000000e+00
1.040000000000000000e+03,1.346143954114450594e+02,1.098307496614263634e+01,-1.550690434670396432e-03,4.084330634835935570e+01,2.463625696234311713e-01,nan,8.649215748317082841e+00,1.000000000000000000e+00
1.040000000000000000e+03,9.832303552801825219e+01,5.085954822097278338e+01,-1.377880656718510032e-03,3.607116935578388706e+01,3.480079701464524611e-01,nan,1.797929607981609479e+01,1.000000000000000000e+00
1.041000000000000000e+03,3.708688853496219906e+01,4.946508864518676063e+01,-1.501831655128266002e-03,3.949407257218954470e+01,2.333926406823989552e-01,nan,6.457980718773096207e+00,1.000000000000000000e+00
1.042000000000000000e+03,3.751496931291788428e+01,1.995885698090114957e+01,-1.529543123037670075e-03,4.025932395261695262e+01,3.051174588804554944e-01,nan,4.387289883309652971e+00,1.000000000000000000e+00
1.042000000000000000e+03,6.701489267911502168e+01,2.662716879894490773e+01,-8.504357670528827490e-03,2.328686248435839161e+02,2.332825560430829004e-02,nan,9.920069433364254508e+00,1.000000000000000000e+00
1.043000000000000000e+03,3.155610860690845243e+01,5.279915348431075017e+01,-1.380995797065403142e-03,3.615719386587041839e+01,3.635076880965254498e-01,nan,6.457980718773096207e+00,1.000000000000000000e+00
1.044000000000000000e+03,8.225633771802367278e+01,8.869176292539098228e+00,-2.408703986923903164e-03,6.453732564152717543e+01,1.882234532057256438e-01,nan,1.231297871464189164e+01,1.000000000000000000e+00
1.044000000000000000e+03,1.055190577434241028e+01,2.040042483230146786e+01,-1.259679918994326912e-03,3.280705942098417438e+01,2.981873878962334468e-01,nan,1.804207812921929843e+01,1.000000000000000000e+00
1.044000000000000000e+03,8.852777378594790036e+01,3.578281333141452336e+01,-1.856989996006045947e-03,4.930175982699560677e+01,2.770804395929166164e-01,nan,9.434523166858658882e+00,1.000000000000000000e+00
1.044000000000000000e+03,4.886636876207608537e+01,4.895640625136270785e+01,-1.418537162573827760e-03,3.719389758262670398e+01,2.760682391105538924e-01,nan,1.179045852368573399e+01,1.000000000000000000e+00
1.045000000000000000e+03,7.101139515430185156e+01,1.388522170359964747e+01,-1.627997362781711957e-03,4.297813491995265878e+01,2.599855372762056582e-01,nan,3.857176175064719548e+00,1.000000000000000000e+00
1.046000000000000000e+03,1.829304552411020524e+01,3.669739812783761579e+01,-1.426140316371387641e-03,3.740385845363528006e+01,2.932230372766182480e-01,nan,1.162262271540300951e+01,1.000000000000000000e+00
1.046000000000000000e+03,1.094047548199149986e+02,4.132450214760525853e+01,-1.516273298354309414e-03,3.989287812989222459e+01,2.735930290025524458e-01,nan,5.579732916887869543e+00,1.000000000000000000e+00
1.046000000000000000e+03,1.231038124121576089e+02,1.316748423717847238e+01,-1.319949093619643453e-03,3.447139092554487405e+01,3.139153277954973564e-01,nan,1.049202407609674026e+01,1.000000000000000000e+00
1.047000000000000000e+03,6.694266541772807955e+01,4.755106132598660906e+01,-1.187856601265449910e-02,3.260472900843773232e+02,1.526397384469801999e-02,nan,1.813084375153059113e+01,1.000000000000000000e+00
1.047000000000000000e+03,1.269668776717455358e+02,2.471092263769205744e+01,-1.322741244221226466e-03,3.454849608320768795e+01,3.160566542203250284e-01,nan,9.726867492684261762e+00,1.000000000000000000e+00
1.047000000000000000e+03,1.182709119820694070e+02,2.906891895988112040e+01,-1.239349542596106333e-03,3.224563666798495376e+01,3.368399020567963698e-01,nan,9.726867492684261762e+00,1.000000000000000000e+00
1.047000000000000000e+03,1.373225247201684454e+02,3.229117311677414648e+01,-1.768174052099544908e-03,4.684911011891758648e+01,3.027769283488972452e-01,nan,6.016964698249202215e+00,1.000000000000000000e+00
1.047000000000000000e+03,4.004889165625492353e+01,1.637730004597347033e+01,-1.726744794858650579e-03,4.570504238503482952e+01,2.381752793022114956e-01,nan,4.387289883309652971e+00,1.000000000000000000e+00
1.048000000000000000e+03,1.705990866030899156e+01,4.825441903548230727e+01,1.733417149693765964e-03,-4.588929926976452123e+01,2.491665011470203250e-01,nan,1.162262271540300951e+01,1.000000000000000000e+00
1.049000000000000000e+03,1.322199042445583643e+02,7.973310682451031361e+00,-1.411367882240331098e-03,3.699591811471055536e+01,3.441075276932205051e-01,nan,1.049202407609674026e+01,1.000000000000000000e+00
1.050000000000000000e+03,2.697161716951493204e+01,2.732691733151537861e+01,-1.497942339173832836e-03,3.938666922521498037e+01,2.424824880364073731e-01,nan,8.198630342596457510e+00,1.000000000000000000e+00
1.050000000000000000e+03,7.475929283838834749e+01,1.479685265694972962e+01,-1.610052829208121709e-03,4.248259714717173807e+01,2.591604985438225039e-01,nan,3.857176175064719548e+00,1.000000000000000000e+00
1.050000000000000000e+03,5.314908384045596534e+01,2.933816228349212452e+01,-1.362702247370773745e-03,3.565201802305691103e+01,3.021258541752426252e-01,nan,1.842821166589257231e+01,1.000000000000000000e+00
1.052000000000000000e+03,8.582686202015115384e+01,4.082706811375675215e+01,-1.406477337241849625e-03,3.686086585680182282e+01,3.213949457779524677e-01,nan,1.063655363609778348e+01,1.000000000000000000e+00
1.054000000000000000e+03,1.377265195600346637e+01,4.874601529263611610e+01,-1.219704681813590062e-02,3.348421282658497375e+02,2.092818654813166646e-02,nan,8.776400041853925416e+00,1.000000000000000000e+00
1.054000000000000000e+03,7.424497961523466927e+01,3.665211686302601635e+01,-1.729392838095091109e-03,4.577816802200009505e+01,2.220100733234412482e-01,nan,1.231138570540669086e+01,1.000000000000000000e+00
1.054000000000000000e+03,1.216471800402369894e+02,1.953665905191627772e+01,-1.201839199017804959e-03,3.120978962092685549e+01,3.211972615270851650e-01,nan,1.198032231429110084e+01,1.000000000000000000e+00
1.055000000000000000e+03,1.267387141067695921e+02,3.489898539129759314e+01,-1.720557962923915680e-03,4.553419320107941815e+01,2.149687457950970604e-01,nan,9.141663966523426055e+00,1.000000000000000000e+00
1.056000000000000000e+03,1.245213014229045143e+02,4.376764374903508781e+01,-1.598500572028558296e-03,4.216358190111495219e+01,2.930619584687977897e-01,nan,9.141663966523426055e+00,1.000000000000000000e+00
1.056000000000000000e+03,3.009957666450278424e+01,3.054640201927375998e+01,-1.407551450324884745e-03,3.689052745835302716e+01,3.349073546162548709e-01,nan,1.258814402859407089e+01,1.000000000000000000e+00
1.057000000000000000e+03,8.678164888381931519e+01,2.083932362815727757e+01,-1.152410126127992145e-02,3.162587562835315680e+02,1.645860335199489377e-02,nan,1.681069452985300217e+01,1.000000000000000000e+00
1.057000000000000000e+03,1.404820608912142745e+02,2.019106335102326000e+01,1.701273575205185674e-03,-4.500165539504542522e+01,2.513449694558282932e-01,nan,1.884624582396187975e+01,1.000000000000000000e+00
1.058000000000000000e+03,1.169279348907031988e+02,8.524990333102445916e+00,-1.748717717236019384e-03,4.631182399748054479e+01,2.087297489184976040e-01,nan,1.198032231429110084e+01,1.000000000000000000e+00
1.058000000000000000e+03,2.224164254793015161e+01,4.644353922359416487e+01,-1.210880237942169773e-03,3.145945764789630417e+01,3.027722077810082180e-01,nan,8.776400041853925416e+00,1.000000000000000000e+00
1.059000000000000000e+03,1.133683920146290092e+02,4.771380196635176674e+01,-1.516602156742153902e-03,3.990195954470885908e+01,2.773423882934297202e-01,nan,8.296426107745702438e+00,1.000000000000000000e+00
1.061000000000000000e+03,7.226600139767536746e+01,1.209115175498344463e+01,-1.729523895146912321e-02,4.756285557648218401e+02,1.351595710709430076e-02,nan,1.694799495706164194e+01,1.000000000000000000e+00
1.061000000000000000e+03,9.971364830522192335e+01,3.158003317366087970e+01,-1.388887558421693976e-03,3.637512462622020593e+01,2.248054999037225610e-01,nan,9.512153477021403347e+00,1.000000000000000000e+00
1.062000000000000000e+03,4.728340898961477734e+01,5.325910930032505775e+01,-1.984101070197375957e-03,5.281192844420971966e+01,2.503237424701127978e-01,nan,6.970897190147771205e+00,1.000000000000000000e+00
1.062000000000000000e+03,4.445215390070107730e+01,4.688906987681201599e+01,-1.788496709462184843e-03,4.741031971097373088e+01,2.968149512156296188e-01,nan,6.970897190147771205e+00,1.000000000000000000e+00
1.063000000000000000e+03,8.247814892465930825e+01,3.240073946241830782e+01,-1.631723662339347502e-03,4.308103657387042063e+01,2.838785530412459845e-01,nan,6.132866637988895420e+00,1.000000000000000000e+00
1.063000000000000000e+03,1.217988875585461557e+02,3.030699754262457901e+01,-1.498554325419362062e-03,3.940356920758779324e+01,2.738694230747554803e-01,nan,1.328739826154835946e+01,1.000000000000000000e+00
1.066000000000000000e+03,1.251594820018965351e+02,1.745159566060156209e+01,-1.185946926029619528e-03,3.077092496452909742e+01,3.119954457438283146e-01,nan,6.958904584711032015e+00,1.000000000000000000e+00
1.066000000000000000e+03,1.113956180547642845e+02,5.240163995583365875e+01,-1.557568510498987977e-03,4.103324421234121644e+01,3.042889550454059844e-01,nan,8.684656008201571353e+00,1.000000000000000000e+00
1.067000000000000000e+03,1.319538083374554276e+02,1.895608316970328033e+01,-1.381659793923385726e-03,3.617553011979358502e+01,3.221642168955408669e-01,nan,6.958904584711032015e+00,1.000000000000000000e+00
1.068000000000000000e+03,6.424559820873355420e+01,1.472106154301319236e+01,-2.067682627261679604e-03,5.512003071186422432e+01,1.984066630967330491e-01,nan,4.807337534393341549e+00,1.000000000000000000e+00
1.068000000000000000e+03,7.663684488326698840e+01,3.426922020766856747e+01,1.799918323790446672e-03,-4.772572725849111208e+01,3.567465380664289754e-01,nan,3.028514606236461404e+00,1.000000000000000000e+00
1.068000000000000000e+03,1.199961580401075167e+02,5.119583651359944554e+01,-1.179323465614711634e-03,3.058801829779151404e+01,3.663077958364986397e-01,nan,8.684656008201571353e+00,1.000000000000000000e+00
1.070000000000000000e+03,1.697828042293726725e+01,5.796159171760863593e+00,-2.015754185190549337e-03,5.368602829422644618e+01,2.528014025794993458e-01,nan,7.434074023430214950e+00,1.000000000000000000e+00
1.070000000000000000e+03,3.046237144466734748e+01,8.709525774767586270e+00,-1.384040129974136281e-03,3.624126303061134280e+01,3.491377183652960570e-01,nan,5.861569267200303912e+00,1.000000000000000000e+00
1.070000000000000000e+03,6.064454807412325010e+01,5.182838183241695873e+00,-1.633867338647824845e-03,4.314023413278771812e+01,3.220495533489107221e-01,nan,9.664845741990111705e+00,1.000000000000000000e+00
1.070000000000000000e+03,7.672896248641211514e+01,3.729633353018861897e+01,-1.742249337017867791e-03,4.613319986586642329e+01,2.655516378648873355e-01,nan,3.028514606236461404e+00,1.000000000000000000e+00
1.071000000000000000e+03,1.276840084800612232e+02,2.679478058822399333e+01,-1.748303184475722338e-03,4.630037668736017054e+01,3.168963068822713280e-01,nan,8.926161999500504152e+00,1.000000000000000000e+00
1.071000000000000000e+03,6.537403950112064877e+01,4.578637236416550138e+01,-1.613830386634833866e-03,4.258691428565339976e+01,2.890679020938410337e-01,nan,5.837683750906022873e+00,1.000000000000000000e+00
1.071000000000000000e+03,6.788702399150854205e+01,1.158250894059777103e+01,-1.559367574708547767e-03,4.108292531816874060e+01,3.013371503978610200e-01,nan,4.807337534393341549e+00,1.000000000000000000e+00
1.072000000000000000e+03,3.576667073967563937e+01,6.215051228262521654e+00,-1.440907494727211623e-03,3.781165365447980520e+01,3.199314748078704307e-01,nan,5.861569267200303912e+00,1.000000000000000000e+00
1.072000000000000000e+03,6.880127187741209127e+01,2.144299983884273075e+01,-1.981343280714732268e-03,5.273577216784713784e+01,2.674852839078407651e-01,nan,8.120259665086498657e+00,1.000000000000000000e+00
1.073000000000000000e+03,1.106941144132820369e+02,5.189387869862451197e+01,1.597779077694101929e-03,-4.214365785605107106e+01,3.236060652143265548e-01,nan,9.328198032173153464e+00,1.000000000000000000e+00
1.073000000000000000e+03,2.344802202430357596e+01,4.666920184412516903e+01,-1.285401686276594832e-03,3.351736527645667962e+01,3.126184665734180745e-01,nan,1.471757966669217410e+01,1.000000000000000000e+00
1.076000000000000000e+03,4.559606758951755268e+01,4.608268827490297781e+01,-1.306694777865284943e-03,3.410537338144352049e+01,3.375375324857510240e-01,nan,7.638965437740343312e+00,1.000000000000000000e+00
1.076000000000000000e+03,1.363690059327857682e+02,5.027267149350565489e+01,-1.163274624440900629e-03,3.014483001550093988e+01,3.492295651975736437e-01,nan,2.503278933946712925e+01,1.000000000000000000e+00
1.077000000000000000e+03,9.312478312283688808e+01,4.172739390906702539e+01,-4.693419620511543600e-02,1.294107498379217986e+03,9.344707016954223455e-03,nan,1.980587286077394538e+01,1.000000000000000000e+00
1.077000000000000000e+03,1.104717885438689109e+02,2.101740705417719823e+01,-1.650119790219743612e-03,4.358904511030074502e+01,2.345165247549541032e-01,nan,1.056014885833922534e+01,1.000000000000000000e+00
1.077000000000000000e+03,1.675096190640674010e+01,2.913747331835003251e+01,-1.177294430765051187e-03,3.053198655942549777e+01,3.734604939326308104e-01,nan,4.985815132496728808e+00,1.000000000000000000e+00
1.078000000000000000e+03,4.758989083487109184e+01,1.518774206687425554e+01,-2.014211617978145866e-02,5.542449876332345866e+02,1.403557960477586075e-02,nan,9.628209382457084686e+00,1.000000000000000000e+00
1.078000000000000000e+03,6.038528063649879840e+01,3.750267163006885340e+01,-1.423642048907187898e-03,3.733486887026474221e+01,3.182499151622989464e-01,nan,1.496882228184936636e+01,1.000000000000000000e+00
1.079000000000000000e+03,6.447599808882880268e+01,1.499164523116713532e+01,-1.758555500444943702e-03,4.658349409469759195e+01,2.291247316182075666e-01,nan,1.580529886654582228e+01,1.000000000000000000e+00
1.080000000000000000e+03,2.056277289301715783e+01,3.235126384322708049e+01,-1.372567745251004022e-03,3.592445346011609075e+01,2.634222492685759365e-01,nan,4.985815132496728808e+00,1.000000000000000000e+00
1.081000000000000000e+03,1.048705232670133398e+02,1.206516871906930533e+01,-1.156011639730940722e-03,2.994426290395381685e+01,3.508218012933513874e-01,nan,1.056014885833922534e+01,1.000000000000000000e+00
1.081000000000000000e+03,3.857872849189416087e+01,1.857910892124863267e+01,-1.110329708112314621e-02,3.046382610861148805e+02,1.826053029888419221e-02,nan,8.264539874714721179e+00,1.000000000000000000e+00
1.082000000000000000e+03,7.811029490389701380e+01,2.881082535157244351e+01,-2.816131401222260119e-02,7.756949025658730079e+02,1.365157841441033693e-02,nan,8.758271607188598651e+00,1.000000000000000000e+00
1.082000000000000000e+03,4.582409587619429914e+01,3.403315597484172628e+01,-1.350738694866279949e-03,3.532164486856325425e+01,3.100083459440200473e-01,nan,6.825727866823127599e+00,1.000000000000000000e+00
1.082000000000000000e+03,3.514062747967022915e+01,3.688997435749492126e+01,-1.153191214400362289e-03,2.986637694047206537e+01,3.376482370342552830e-01,nan,1.105883846753327937e+01,1.000000000000000000e+00
1.082000000000000000e+03,1.406700744495888102e+02,3.701217689234861297e+01,-1.342893884233972886e-03,3.510501065109087904e+01,3.145432187279709746e-01,nan,1.784502899706654233e+01,1.000000000000000000e+00
1.084000000000000000e+03,3.184501796932665840e+01,1.378747434221265245e+01,-2.045989718386591327e-03,5.452098166414078406e+01,3.682314558720597431e-01,nan,8.264539874714721179e+00,1.000000000000000000e+00
1.084000000000000000e+03,5.958328223437965221e+01,5.115749570878766406e+01,-1.534016779475225059e-03,4.038286384503943793e+01,2.937649550576075796e-01,nan,1.680225036869474309e+01,1.000000000000000000e+00
1.084000000000000000e+03,5.027324324013546430e+01,2.192628487348110866e+01,-1.576501941474053783e-03,4.155609035810527274e+01,2.677742972772347851e-01,nan,7.072557514453422733e+00,1.000000000000000000e+00
1.085000000000000000e+03,8.577816869514100517e+01,3.304296819732321921e+01,-1.696445929732193908e-02,4.664940852351126068e+02,4.267526328502868616e-02,nan,8.758271607188598651e+00,1.000000000000000000e+00
1.085000000000000000e+03,1.188144018625964833e+02,9.733536983270033360e+00,-1.994931560708204828e-03,5.311101212469944954e+01,2.567818760342488460e-01,nan,4.189614167507773601e+00,1.000000000000000000e+00
1.085000000000000000e+03,5.085515841361858946e+01,1.156206754870424369e+01,-1.396981451078473449e-03,3.659863723655470835e+01,3.664394732268008159e-01,nan,1.038054073853259318e+01,1.000000000000000000e+00
1.085000000000000000e+03,1.263236695784618888e+02,2.434213156750912432e+01,-1.237553532603194581e-03,3.219603990426134743e+01,3.636104698116412459e-01,nan,1.289693962576597563e+01,1.000000000000000000e+00
1.085000000000000000e+03,5.595386307291003192e+01,2.613955297683506274e+01,-1.435015400873906975e-03,3.764894365407166532e+01,3.403609624777663711e-01,nan,4.728043605018106277e+00,1.000000000000000000e+00
1.087000000000000000e+03,5.236485657095700219e+01,3.598482460598101795e+01,-1.264903204669878215e-03,3.295130030301358914e+01,3.587552598848852137e-01,nan,6.825727866823127599e+00,1.000000000000000000e+00
1.087000000000000000e+03,1.031719538367138682e+02,2.933935081975653603e+01,-1.150556903400123650e-03,2.979363051881016489e+01,3.561180966330351749e-01,nan,1.616578480663863360e+01,1.000000000000000000e+00
1.092000000000000000e+03,4.253199357312891493e+01,8.034584554936337497e+00,-1.622614642793524225e-03,4.282949126401636875e+01,3.337299043133337140e-01,nan,9.306187843199776211e+00,1.000000000000000000e+00
1.093000000000000000e+03,1.439897132208621713e+02,2.354616144713378034e+01,-1.694521990259036928e-03,4.481521057310367695e+01,2.834457027946697405e-01,nan,1.618365185758256075e+01,1.000000000000000000e+00
1.093000000000000000e+03,1.026430665407180953e+02,1.062065889841557187e+01,-1.508870254527964506e-03,3.968844328991925607e+01,3.053185173082717530e-01,nan,8.284772252294485995e+00,1.000000000000000000e+00
1.093000000000000000e+03,4.994624084946818243e+01,1.365900181348099984e+01,-1.199955856470604019e-03,3.115778117125630686e+01,3.296101185700405223e-01,nan,9.306187843199776211e+00,1.000000000000000000e+00
1.094000000000000000e+03,2.778617864458687237e+01,4.153453236011827698e+01,-1.969509980438484669e-03,5.240899592484856839e+01,2.047258075273047373e-01,nan,6.382910744664019198e+00,1.000000000000000000e+00
1.095000000000000000e+03,1.339637791547763186e+02,3.625014639477657141e+01,-1.616126829177282022e-03,4.265033047967913404e+01,2.994164727411634530e-01,nan,4.129069988438294203e+00,1.000000000000000000e+00
1.096000000000000000e+03,5.431922848304624551e+01,5.256784612016141267e+01,-1.680665314181655325e-03,4.443255886619957806e+01,2.505453705554917532e-01,nan,1.870336597612499219e+01,1.000000000000000000e+00
1.096000000000000000e+03,9.531088359129320509e+01,1.693594421152682727e+01,-2.013868968119996317e-03,5.363396807964804225e+01,2.966059863829790810e-01,nan,5.949159222127414104e+00,1.000000000000000000e+00
1.096000000000000000e+03,3.228470051181033540e+01,3.377076636679489496e+01,-1.218973674585687372e-03,3.168295766543784353e+01,3.154525255820403995e-01,nan,4.976955839314248564e+00,1.000000000000000000e+00
1.097000000000000000e+03,4.449438116364082418e+01,3.151592068864986729e+01,-1.397615589888092204e-03,3.661614896134063457e+01,2.814005387771875144e-01,nan,1.241614395260996950e+01,1.000000000000000000e+00
1.098000000000000000e+03,1.105399275519777547e+02,8.115257245738755287e+00,-1.522274204987980693e-03,4.005859299206575486e+01,3.344275822757446504e-01,nan,8.284772252294485995e+00,1.000000000000000000e+00
1.098000000000000000e+03,2.380661346772682663e+01,5.156527923284641446e+01,-1.189600361036536680e-03,3.087181446599777956e+01,3.497147780994066535e-01,nan,1.079133086424572774e+01,1.000000000000000000e+00
1.099000000000000000e+03,4.122233643714357498e+01,4.623365874336179182e+00,-2.011084675114087686e-03,5.355707990926126882e+01,2.175180866526820189e-01,nan,1.468470417119501548e+01,1.000000000000000000e+00
1.100000000000000000e+03,1.054218379219925623e+02,4.969529995713581627e+01,-7.198201019065937623e-03,1.967991468984181438e+02,2.597282880899487445e-02,nan,2.093757156229265348e+01,1.000000000000000000e+00
1.100000000000000000e+03,5.468721334398463085e+01,1.048319748276408170e+01,-1.700179973243881116e-03,4.497145560868757741e+01,2.646335302923524813e-01,nan,1.468470417119501548e+01,1.000000000000000000e+00
1.100000000000000000e+03,1.263041675870704523e+02,5.121523768123307718e+01,-1.514624055946127293e-03,3.984733434875270319e+01,2.106247532026028768e-01,nan,1.681141298582929622e+01,1.000000000000000000e+00
1.101000000000000000e+03,3.044240188564261729e+01,2.914734499312531213e+01,-1.612939511701786928e-03,4.256231280028527664e+01,2.485959363079507378e-01,nan,4.976955839314248564e+00,1.000000000000000000e+00
1.104000000000000000e+03,4.293176009685168282e+01,2.427179539249598861e+01,-1.374852073462966371e-03,3.598753511725776377e+01,2.964362340364692372e-01,nan,1.175327869238588008e+01,1.000000000000000000e+00
1.107000000000000000e+03,8.627978380250338830e+01,3.211198932895088376e+01,-1.397995505985406969e-03,3.662664033331945035e+01,2.815206804853501721e-01,nan,7.591934954169746064e+00,1.000000000000000000e+00
1.107000000000000000e+03,2.925109469627986059e+01,1.452449830455754842e+01,-1.097700792480303233e-03,2.833401055289380110e+01,3.620946533792503974e-01,nan,1.281306354213304921e+01,1.000000000000000000e+00
1.108000000000000000e+03,3.153203995135486082e+01,2.713290367867563901e+01,-1.755795209585232514e-03,4.650726874288003643e+01,2.778601498943356063e-01,nan,1.175327869238588008e+01,1.000000000000000000e+00
1.108000000000000000e+03,9.370804456913133151e+01,3.054405491344734358e+01,-1.243952093887206161e-03,3.237273598803962926e+01,3.736851904534631563e-01,nan,3.914007829911746672e+00,1.000000000000000000e+00
1.109000000000000000e+03,1.369613185351225297e+02,3.118217606169588407e+01,-1.606321059738130422e-03,4.237954444178334512e+01,2.873166251617477185e-01,nan,1.301361805880627109e+01,1.000000000000000000e+00
1.110000000000000000e+03,1.178577798730279795e+02,2.818490550911047521e+01,-1.516016578738622715e-02,4.166685724297820457e+02,1.237321309932992719e-02,nan,6.918159146926722514e+00,1.000000000000000000e+00
1.111000000000000000e+03,1.003514334158810755e+02,2.759611553822729491e+01,-1.940463396471997504e-03,5.160687535333197218e+01,2.589456470084666728e-01,nan,7.268078283087741731e+00,1.000000000000000000e+00
1.112000000000000000e+03,1.241612612500209423e+01,3.856628403840925046e+01,-1.710250655059390593e-03,4.524955719415243038e+01,2.774873689310628500e-01,nan,6.363493550329862636e+00,1.000000000000000000e+00
1.112000000000000000e+03,7.231955606020520122e+01,2.755921336279430278e+01,2.064787335079468732e-03,-5.504007730245188412e+01,3.084586326204229456e-01,nan,6.469456664906050314e+00,1.000000000000000000e+00
1.112000000000000000e+03,1.075999327917693051e+02,2.859064167458016570e+01,-1.629142480504611017e-03,4.300975731256878731e+01,2.688863072155476264e-01,nan,7.316407960067633276e+00,1.000000000000000000e+00
1.113000000000000000e+03,9.131070104992205927e+01,3.363795234929032318e+01,-1.336715738899888579e-03,3.493440134735980962e+01,3.243785500634247532e-01,nan,3.914007829911746672e+00,1.000000000000000000e+00
1.113000000000000000e+03,6.193764788328230964e+01,1.904259906108574540e+01,-1.520513359856780905e-03,4.000996730497566745e+01,2.786017317657862868e-01,nan,1.342820675139182995e+01,1.000000000000000000e+00
1.113000000000000000e+03,6.049889062073414436e+01,4.671871067696778113e+01,-1.644855621961683083e-03,4.344367525694426035e+01,2.703488555627313605e-01,nan,1.548625342399910565e+01,1.000000000000000000e+00
1.114000000000000000e+03,6.397867302750245955e+00,3.649877081874714690e+01,-1.210240777241727156e-03,3.144179895925005042e+01,3.497889167950720690e-01,nan,6.363493550329862636e+00,1.000000000000000000e+00
1.114000000000000000e+03,8.967719342273962013e+01,1.301738251961097781e+01,-1.867116014799395478e-03,4.958138954149423938e+01,1.735723037304248706e-01,nan,1.067519819184723673e+01,1.000000000000000000e+00
1.114000000000000000e+03,1.246614594395868778e+02,2.693156184602568359e+01,-1.606775536953357819e-03,4.239209481686497583e+01,2.985301594262741443e-01,nan,6.918159146926722514e+00,1.000000000000000000e+00
1.115000000000000000e+03,1.026067759817770479e+02,1.260797872127237440e+01,-1.326913588809669302e-03,3.466371525767954154e+01,3.526011822799912654e-01,nan,6.189121860040225798e+00,1.000000000000000000e+00
1.116000000000000000e+03,7.550269083647319235e+01,4.288334574015760836e+01,-1.550114425003035592e-03,4.082739985814640704e+01,3.233317659996300941e-01,nan,9.181943389835597102e+00,1.000000000000000000e+00
1.116000000000000000e+03,1.276125630041020429e+02,4.629628005059599616e+01,-1.858201572703340344e-03,4.933521748225693671e+01,2.593140617532101455e-01,nan,1.605046799785680633e+01,1.000000000000000000e+00
1.116000000000000000e+03,1.139318302027529626e+02,3.790252803089009603e+01,-1.358682195439299238e-03,3.554100440587834697e+01,3.514310894753588377e-01,nan,1.126073498205390599e+01,1.000000000000000000e+00
1.117000000000000000e+03,1.301343809704671344e+02,1.639916581089465808e+01,-1.616479852627776201e-02,4.444114762980545947e+02,1.100241302463600412e-02,nan,1.155651523111875889e+01,1.000000000000000000e+00
1.117000000000000000e+03,4.462576617094732967e+01,3.450637756901094377e+01,-8.595323074132956917e-03,2.353806318187024544e+02,3.302196806543256091e-02,nan,7.051174205853797616e+00,1.000000000000000000e+00
1.117000000000000000e+03,1.193380013084278630e+02,2.101491274065435988e+01,-1.345689013689418262e-03,3.518219806971647046e+01,3.279065089666678423e-01,nan,7.959016466266062295e+00,1.000000000000000000e+00
1.117000000000000000e+03,7.366918876804272998e+01,3.388632653493153413e+01,-1.425205185428159724e-03,3.737803483983304176e+01,2.822876988534988030e-01,nan,6.469456664906050314e+00,1.000000000000000000e+00
1.118000000000000000e+03,1.464978422226070265e+01,4.211757230927147333e+01,-1.393284270410515436e-03,3.649653969992857583e+01,3.041174493831484416e-01,nan,9.983239105441747085e+00,1.000000000000000000e+00
1.118000000000000000e+03,7.797956005303024085e+01,5.321514344008304676e+01,-1.394332010312209500e-03,3.652547300684401677e+01,3.088929766034462787e-01,nan,1.062454351151674103e+01,1.000000000000000000e+00
1.119000000000000000e+03,1.123464067816722789e+01,1.567470574679398077e+01,-1.580346418101452165e-03,4.166225546836776772e+01,3.100272729572250974e-01,nan,2.137840178325036433e+01,1.000000000000000000e+00
1.119000000000000000e+03,1.006839417646463204e+02,1.849082989836831104e+01,-1.303885070400758210e-03,3.402778339152109055e+01,3.349330728703604487e-01,nan,5.846443055647474907e+00,1.000000000000000000e+00
1.120000000000000000e+03,3.762699967468310547e+01,3.536447151029437208e+01,-7.737316665995388337e-03,2.116868098100885049e+02,4.398525504595984792e-02,nan,7.051174205853797616e+00,1.000000000000000000e+00
1.121000000000000000e+03,1.416774117723675772e+02,1.034800662741525912e+01,-1.351804070949686083e-03,3.535106519812379133e+01,3.237995951034950970e-01,nan,1.303296158044783937e+01,1.000000000000000000e+00
1.122000000000000000e+03,9.577050693328327213e+01,1.532238318730041726e+01,-1.655731155054800943e-03,4.374400278703399891e+01,3.693680156352086019e-01,nan,5.846443055647474907e+00,1.000000000000000000e+00
1.122000000000000000e+03,1.229400979503487576e+02,7.355088405569320642e+00,-1.707015828950004654e-03,4.516022756521530823e+01,2.960898192959935393e-01,nan,1.155651523111875889e+01,1.000000000000000000e+00
1.123000000000000000e+03,1.067640351922212858e+02,3.329085885620524721e+01,-1.715256329816800462e-03,4.538778875700582205e+01,2.773146372671988491e-01,nan,1.600026228662681049e+01,1.000000000000000000e+00
1.126000000000000000e+03,8.195582396019938187e+01,3.602755003845677351e+01,-1.222106094485536079e-03,3.176945934987672615e+01,3.133329161363270776e-01,nan,1.464351672505379121e+01,1.000000000000000000e+00
1.128000000000000000e+03,1.385826489273127322e+02,2.866262748486684941e+01,-1.519200989678117517e-03,3.997372624065756241e+01,3.307376588196279110e-01,nan,3.215345557867133408e+01,1.000000000000000000e+00
1.129000000000000000e+03,4.713405072140982099e+01,4.644528286335734890e+01,-1.493476012525949987e-03,3.926333174472112830e+01,2.488421043130396582e-01,nan,7.084227554587292808e+00,1.000000000000000000e+00
1.129000000000000000e+03,1.785266541067793966e+01,8.744810397456287632e+00,-1.273717496961721939e-03,3.319470672832009939e+01,3.335149172725738742e-01,nan,2.344500494151947123e+01,1.000000000000000000e+00
1.131000000000000000e+03,4.659203001193567673e+01,3.938182099288087556e+01,-1.725224491745260859e-03,4.566305925877125560e+01,2.156747941100766175e-01,nan,7.084227554587292808e+00,1.000000000000000000e+00
1.132000000000000000e+03,3.385249617883325612e+01,2.588172004004537641e+01,-1.005846966212752512e-03,2.579746981176154108e+01,3.710223793903355549e-01,nan,8.853187681864216785e+00,1.000000000000000000e+00
1.132000000000000000e+03,5.979001521203463199e+01,1.915801068430241827e+01,-1.240664490143482922e-03,3.228194890626512858e+01,3.404067157202657068e-01,nan,1.028707019991967719e+01,1.000000000000000000e+00
1.132000000000000000e+03,6.762447280534405536e+01,3.589718360353455040e+01,-1.415886144054284874e-03,3.712068978330509594e+01,3.598501886132321470e-01,nan,7.035819936031218802e+00,1.000000000000000000e+00
1.134000000000000000e+03,1.282197928579790585e+02,3.896128722468361616e+01,-1.292546209780860321e-03,3.371466108525358152e+01,3.267436512418326888e-01,nan,7.196405440729637171e+00,1.000000000000000000e+00
1.135000000000000000e+03,9.237515638308673260e+01,3.584678184068344819e+01,-1.961738706018949230e-02,5.397546082556071951e+02,1.492409737177435858e-02,nan,2.366305546845241636e+01,1.000000000000000000e+00
1.135000000000000000e+03,1.218866195418652865e+02,3.554380759556691771e+01,-1.776222048052683621e-03,4.707135529311580058e+01,2.683199715859819756e-01,nan,7.196405440729637171e+00,1.000000000000000000e+00
1.135000000000000000e+03,1.429666958662907916e+02,1.194508362867542672e+01,-1.398618846567518687e-03,3.664385386536679334e+01,3.262825398820365930e-01,nan,3.077899291850724950e+01,1.000000000000000000e+00
1.137000000000000000e+03,2.485876593976473359e+01,4.048367501784666445e+01,-1.579605681864937545e-03,4.164180005873812718e+01,2.867623149816816985e-01,nan,1.206225285809534320e+01,1.000000000000000000e+00
1.138000000000000000e+03,6.898952912717419395e+01,3.223393919941376140e+01,-1.770304071670952481e-02,4.868899896524524138e+02,1.359987015183472536e-02,nan,8.322851518545256511e+00,1.000000000000000000e+00
1.138000000000000000e+03,2.564340855539984432e+01,2.792903277653353911e+01,-1.411056701157700419e-03,3.698732485816331916e+01,2.644096223715182159e-01,nan,1.257913772250048012e+01,1.000000000000000000e+00
1.142000000000000000e+03,3.691377598889523171e+01,4.090161846855740180e+01,-1.181370219773546530e-03,3.064453935436507948e+01,3.560544406312470267e-01,nan,1.206225285809534320e+01,1.000000000000000000e+00
1.144000000000000000e+03,1.260859566579711100e+02,2.347847540363448715e+01,-1.843473117401228266e-03,4.892849161741453656e+01,2.801117457017662238e-01,nan,3.982734849108734920e+01,1.000000000000000000e+00
1.145000000000000000e+03,2.085196905095120457e+01,4.367627850986359306e+01,-1.810722738525474352e-03,4.802409085719042281e+01,2.196205050944783910e-01,nan,1.040628380192107372e+01,1.000000000000000000e+00
1.149000000000000000e+03,1.474316535151016438e+01,1.773246155767512633e+01,-1.364882565415263208e-03,3.571222744244859371e+01,2.976153987535409273e-01,nan,1.244699116890453006e+01,1.000000000000000000e+00
1.150000000000000000e+03,7.965526889714151082e+01,6.097239524329584270e+00,-1.266807585247619466e-03,3.300388971728568777e+01,3.139743858223499329e-01,nan,1.446784721804061036e+01,1.000000000000000000e+00
1.150000000000000000e+03,7.454463266206371941e+01,3.360460075498820487e+01,-1.422415114653313543e-03,3.730098711652507859e+01,2.936805447899318855e-01,nan,1.071272886586712048e+01,1.000000000000000000e+00
1.150000000000000000e+03,3.010032742907034020e+01,3.380726980321509956e+01,-1.344638425351021111e-03,3.515318610330430715e+01,2.851110309386286623e-01,nan,1.352514197862744005e+01,1.000000000000000000e+00
1.150000000000000000e+03,8.339416955651843466e+01,3.964183990109360423e+01,-1.569993880746583083e-03,4.137637045038027139e+01,2.424328281923426864e-01,nan,1.071272886586712048e+01,1.000000000000000000e+00
1.151000000000000000e+03,5.170175812415907757e+01,3.653374111460764340e+01,-2.263091980324822249e-03,6.051625431390770871e+01,1.739166269319234459e-01,nan,2.177281456051487396e+01,1.000000000000000000e+00
1.151000000000000000e+03,1.268290963472280879e+02,4.646373263553195443e+01,-2.018756868136403933e-03,5.376894729645372450e+01,1.876292594043471595e-01,nan,1.978609680612432697e+01,1.000000000000000000e+00
1.152000000000000000e+03,3.859852062253893479e+01,1.243097738101809213e+01,-2.513064184239813953e-02,6.920029787326337782e+02,1.335058266534450144e-02,nan,9.298067450710597370e+00,1.000000000000000000e+00
1.152000000000000000e+03,9.730482772896988308e+01,3.076949055592690385e+01,-1.632449286172004722e-03,4.310107465490702339e+01,3.500439109859244668e-01,nan,1.112925173897145292e+01,1.000000000000000000e+00
1.154000000000000000e+03,1.440670453480757942e+02,1.014238180518786159e+01,-1.352250799128704986e-03,3.536340158379587706e+01,3.500785771864668439e-01,nan,2.041823280722428535e+01,1.000000000000000000e+00
1.155000000000000000e+03,1.336273897139155586e+01,5.036345697943292521e+01,-1.943486777006319874e-02,5.347143433667025647e+02,1.726935093240022923e-02,nan,2.354260395947274276e+01,1.000000000000000000e+00
1.155000000000000000e+03,9.179995321635269079e+01,1.396014267210340876e+01,-1.362540126455800233e-03,3.564754105870463974e+01,3.195856102127200282e-01,nan,9.483209293088789238e+00,1.000000000000000000e+00
1.157000000000000000e+03,1.073222936114174075e+02,3.894385500036939618e+01,-1.687774976353488901e-03,4.462889198031518845e+01,3.457855681583676954e-01,nan,9.290823301007360868e+00,1.000000000000000000e+00
1.158000000000000000e+03,3.881710961843471352e+01,3.253861269601630823e+01,-1.692901326737284926e-02,4.655152441488918953e+02,1.346524522389824785e-02,nan,1.647559761301993575e+01,1.000000000000000000e+00
1.158000000000000000e+03,6.751933403408675360e+01,3.637576625668523178e+01,-1.533695776823058854e-03,4.037399936613510221e+01,2.285181239199669534e-01,nan,1.076629213639443883e+01,1.000000000000000000e+00
1.159000000000000000e+03,9.447083778144468624e+01,2.794110011268121951e+01,-2.105628789401820834e-03,5.616791287583328085e+01,1.986702020149411219e-01,nan,9.702528459511217562e+00,1.000000000000000000e+00
1.159000000000000000e+03,7.057351421343349784e+01,2.605176365118990844e+01,-1.407952128952900950e-03,3.690159218701336385e+01,3.749249274724947290e-01,nan,8.543738467904553602e+00,1.000000000000000000e+00
1.160000000000000000e+03,9.549639811212043128e+01,4.655606519627808382e+01,-1.617270338321087587e-03,4.268190845143037393e+01,3.287468688595907018e-01,nan,5.810162476368716966e+00,1.000000000000000000e+00
1.161000000000000000e+03,6.305398806549001733e+01,1.404776472793191111e+01,-1.840651630883084061e-03,4.885057634926901926e+01,2.200081502959180257e-01,nan,1.350939992132970779e+01,1.000000000000000000e+00
1.161000000000000000e+03,9.627428023710226057e+01,1.840765090388187275e+01,-1.520619847161055246e-03,4.001290794878639900e+01,3.304876059805007538e-01,nan,9.525642810864653143e+00,1.000000000000000000e+00
1.162000000000000000e+03,7.557346255944105451e+01,1.912385028963519318e+01,1.250041822358522120e-03,-3.254090366267664081e+01,3.380135641150395776e-01,nan,6.096254204380978869e+00,1.000000000000000000e+00
1.163000000000000000e+03,1.386382479688581100e+02,2.953158157133185924e+01,-1.909929271265171447e-03,5.076367637372334229e+01,2.305071193809044017e-01,nan,1.537858245546001079e+01,1.000000000000000000e+00
1.163000000000000000e+03,1.004963892844641862e+02,9.868818070738807791e+00,-1.279681329178524677e-03,3.335939778154997981e+01,3.482019777611485845e-01,nan,4.542773100427393018e+00,1.000000000000000000e+00
1.164000000000000000e+03,8.068726894835594976e+01,2.244247945559001067e+01,-1.250996064686795512e-03,3.256725503682111622e+01,3.395772964667923555e-01,nan,6.096254204380978869e+00,1.000000000000000000e+00
1.164000000000000000e+03,1.218074085924100558e+02,4.648961038498933362e+01,-1.599489067908143897e-03,4.219087918608277477e+01,3.007183793117729209e-01,nan,2.389250709659058458e+01,1.000000000000000000e+00
1.166000000000000000e+03,1.012361335818374783e+02,3.047978751029512168e+01,-1.358404134564010230e-03,3.553332576289366784e+01,3.323676141752911484e-01,nan,1.305206768518164218e+01,1.000000000000000000e+00
1.167000000000000000e+03,5.021608947804233480e+01,5.282491762325629026e+01,-1.563461023819154479e-03,4.119596579631454603e+01,2.684710465190331963e-01,nan,1.148913988501646877e+01,1.000000000000000000e+00
1.168000000000000000e+03,9.703340733066563928e+01,1.280897851357731199e+01,-1.252094238003846702e-03,3.259758106103497255e+01,3.543787978083727808e-01,nan,4.542773100427393018e+00,1.000000000000000000e+00
1.168000000000000000e+03,1.264484955303853297e+02,1.216530126237293707e+01,-1.168921185939922596e-03,3.030075964708601077e+01,3.470617473029624644e-01,nan,1.258756293503398993e+01,1.000000000000000000e+00
1.170000000000000000e+03,6.996656124922787967e+01,5.298435367345886249e+01,-9.152720021334046982e-03,2.507731323057266763e+02,2.259539748778982560e-02,nan,1.953550932652244043e+01,1.000000000000000000e+00
1.170000000000000000e+03,4.364102823959039767e+01,1.517629722879790677e+01,-1.386234812568058706e-03,3.630186912661787346e+01,3.014443586528293695e-01,nan,1.580867237473646192e+01,1.000000000000000000e+00
1.170000000000000000e+03,1.344313873541345572e+02,4.073863075409960999e+01,-1.468004824450454054e-03,3.855994562675641646e+01,2.581675352787740074e-01,nan,1.452862978376920644e+01,1.000000000000000000e+00
1.171000000000000000e+03,1.135838823233939365e+02,5.968497752388400635e+00,-1.485637421912500318e-03,3.904686929288860853e+01,2.714527502565110550e-01,nan,1.427930834133271532e+01,1.000000000000000000e+00
1.171000000000000000e+03,2.527075602872030657e+01,4.186319220695118304e+01,-1.218428839128183304e-03,3.166791205012349408e+01,3.705202427353548877e-01,nan,5.849870425722911271e+00,1.000000000000000000e+00
1.171000000000000000e+03,3.878039499373752363e+01,5.171801791726808517e+01,-1.899789973776726823e-03,5.048367996844581995e+01,3.398674077782828373e-01,nan,7.966767296495142148e+00,1.000000000000000000e+00
1.172000000000000000e+03,8.675780401409407716e+01,4.127396813168413559e+01,-1.239989140831149368e-02,3.404436757245258036e+02,2.496456908554678389e-02,nan,2.047141820015599123e+01,1.000000000000000000e+00
1.172000000000000000e+03,6.243254174187885042e+01,3.496007352945506597e+01,-1.301979417045792849e-03,3.397515882954296274e+01,3.583388496293583581e-01,nan,7.133616833478343189e+00,1.000000000000000000e+00
1.173000000000000000e+03,5.359464274227587310e+01,2.745797791930949217e+01,-1.353610048179384627e-03,3.540093720680140166e+01,3.093676131122810036e-01,nan,9.741020385744283416e+00,1.000000000000000000e+00
1.173000000000000000e+03,1.362322621197845081e+02,2.202901505727992770e+01,-1.761373347571781140e-03,4.666130886115801246e+01,2.956581968693353657e-01,nan,1.389298162755864752e+01,1.000000000000000000e+00
1.173000000000000000e+03,4.348565693196319870e+01,4.528918511113684531e+01,-1.743255013047656683e-03,4.616097158018248336e+01,2.934752902125850049e-01,nan,7.966767296495142148e+00,1.000000000000000000e+00
1.174000000000000000e+03,1.213524035594446673e+02,3.441239440915762771e+01,-2.186268651731907223e-02,6.017584874675862920e+02,1.315492111546201492e-02,nan,1.452862978376920644e+01,1.000000000000000000e+00
1.174000000000000000e+03,6.388840402187814504e+01,2.797659630470801062e+01,-1.342219082288504750e-03,3.508637601499101777e+01,3.399110024037752531e-01,nan,7.133616833478343189e+00,1.000000000000000000e+00
1.176000000000000000e+03,3.044729131807771694e+01,3.913840480317360715e+01,-1.470198804789084584e-03,3.862053233000347774e+01,2.453354590339968944e-01,nan,5.849870425722911271e+00,1.000000000000000000e+00
1.176000000000000000e+03,4.404685467989162362e+01,2.938857919126559182e+01,-1.246857238088347301e-03,3.245296146066821308e+01,3.092449766966554048e-01,nan,9.741020385744283416e+00,1.000000000000000000e+00
1.177000000000000000e+03,1.091810922294160804e+02,1.511516830614909068e+01,-1.141956426625932892e-02,3.133719702061295038e+02,1.876251825812458307e-02,nan,2.226854408446118327e+01,1.000000000000000000e+00
1.177000000000000000e+03,3.923472518246386898e+01,1.590728920047554951e+01,-1.402285159061872257e-03,3.674509897827653759e+01,3.037406399035101900e-01,nan,8.510229510173052958e+00,1.000000000000000000e+00
1.178000000000000000e+03,3.469271622966416402e+01,2.310410523178464715e+01,-1.367955927752140212e-03,3.579709825400349388e+01,3.369522638487070232e-01,nan,8.510229510173052958e+00,1.000000000000000000e+00
1.178000000000000000e+03,9.182296285055909379e+01,3.202634142532076567e+01,-1.827165425842875238e-03,4.847815518928259593e+01,2.966864967893787508e-01,nan,2.124108532056985510e+01,1.000000000000000000e+00
1.179000000000000000e+03,2.032852264565485712e+01,2.159047803204395777e+01,-1.705248998692040444e-03,4.511143659902368341e+01,2.197972034718387313e-01,nan,1.444372267175914004e+01,1.000000000000000000e+00
1.179000000000000000e+03,7.920769679816096698e+01,5.170997151777578438e+01,-1.980973130295849219e-03,5.272555047479421120e+01,2.735223646052294955e-01,nan,2.337926926123632043e+01,1.000000000000000000e+00
1.182000000000000000e+03,1.293068085375429916e+02,5.583977471505937373e+00,-1.502964267758714369e-03,3.952534963704131599e+01,3.058263846752061754e-01,nan,2.042769618882902094e+01,1.000000000000000000e+00
1.185000000000000000e+03,5.007598579638474945e+01,9.595171714117020301e+00,-1.582296488203321916e-03,4.171610659751995343e+01,2.418585990449095835e-01,nan,1.119354897732442744e+01,1.000000000000000000e+00
1.185000000000000000e+03,4.579477219796216048e+01,2.054092024999837562e+01,-1.420041111346486426e-03,3.723542908424660425e+01,2.549116268966895582e-01,nan,1.175322087285299588e+01,1.000000000000000000e+00
1.185000000000000000e+03,1.417155965933076232e+02,4.951976814709561125e+01,-1.518636687875404064e-03,3.995814306278636963e+01,2.701793142455872765e-01,nan,1.110976754379965570e+01,1.000000000000000000e+00
1.186000000000000000e+03,1.309498466619474755e+02,2.594549011926502047e+01,-1.969336673425891096e-02,5.418527847454320181e+02,1.302540962555509552e-02,nan,2.011942655442657824e+01,1.000000000000000000e+00
1.187000000000000000e+03,1.020237925079610051e+02,8.835035299033991762e+00,-1.400957064240887333e-03,3.670842367841801490e+01,2.746201654021104277e-01,nan,2.444160938477621059e+01,1.000000000000000000e+00
1.188000000000000000e+03,1.311570188156365759e+02,4.606385000713115829e+01,-1.522664411821326351e-03,4.006936854242079704e+01,3.307565762202022697e-01,nan,1.110976754379965570e+01,1.000000000000000000e+00
1.188000000000000000e+03,3.048540563795648950e+01,5.037053168569698869e+01,-1.506829876569142253e-03,3.963209831192361321e+01,3.638787061927215571e-01,nan,1.557629218874177646e+01,1.000000000000000000e+00
1.190000000000000000e+03,5.218467519479462879e+01,4.421448387951519265e+01,-1.315263313140637444e-03,3.434199323388660474e+01,3.114962735349291467e-01,nan,6.726496463851427521e+00,1.000000000000000000e+00
1.190000000000000000e+03,3.785654875647889384e+01,7.057118488111075116e+00,-1.497095436863469164e-03,3.936328204254346730e+01,2.733719134025558439e-01,nan,1.248023860950832642e+01,1.000000000000000000e+00
1.190000000000000000e+03,6.027038652871628699e+01,1.421791250464366918e+01,-1.601600904993631582e-03,4.224919750578314392e+01,2.513163873537870296e-01,nan,5.600343169112073305e+00,1.000000000000000000e+00
1.190000000000000000e+03,7.859810925766788614e+01,2.420048582151975580e+01,-1.282565237263323839e-03,3.343903681944336626e+01,3.033798377691488968e-01,nan,1.130988002576553875e+01,1.000000000000000000e+00
1.191000000000000000e+03,6.812281734053938465e+01,4.646725840228010895e+01,-1.430329961243003095e-03,3.751955537492382575e+01,3.207479687855598893e-01,nan,5.308113136798827902e+00,1.000000000000000000e+00
1.191000000000000000e+03,8.868499231040351560e+01,2.931596981403161095e+01,-1.223103694439188786e-03,3.179700804358515143e+01,3.500489502445572887e-01,nan,1.130988002576553875e+01,1.000000000000000000e+00
1.191000000000000000e+03,5.043733769362876274e+01,5.071006440285759709e+01,-1.553240761279075371e-03,4.091373354349072855e+01,2.216922694520971904e-01,nan,6.726496463851427521e+00,1.000000000000000000e+00
1.191000000000000000e+03,9.007363593828038972e+01,5.093869102728762499e+01,-1.398477164121488502e-03,3.663994130874000632e+01,3.355824149688632074e-01,nan,3.854259021926466744e+00,1.000000000000000000e+00
1.193000000000000000e+03,1.303378545213128525e+01,1.116331243835023024e+01,-1.890075317274841774e-03,5.021541001166295359e+01,2.571108010212063144e-01,nan,2.516009552487126300e+01,1.000000000000000000e+00
1.193000000000000000e+03,6.296788229587764363e+01,1.912580005408556971e+01,1.154187535999749020e-03,-2.989389033246461480e+01,3.707614192389581120e-01,nan,5.600343169112073305e+00,1.000000000000000000e+00
1.194000000000000000e+03,8.165522283499971223e+00,3.810779408515573863e+01,-8.868440116974043302e-03,2.429227510141084281e+02,2.465313536879776279e-02,nan,1.815746708446151558e+01,1.000000000000000000e+00
1.194000000000000000e+03,7.714462893570107838e+01,7.094182662136278239e+00,-1.191977509020578172e-03,3.093745933844607876e+01,3.733559579984916388e-01,nan,1.716794142659736622e+01,1.000000000000000000e+00
1.194000000000000000e+03,1.067471661009171413e+02,4.000334392842754028e+01,-1.479821197945669926e-03,3.888625443718905217e+01,3.040257867859169627e-01,nan,1.395337441943950374e+01,1.000000000000000000e+00
1.195000000000000000e+03,1.097829953557868237e+02,1.615122439093737938e+01,-1.744060048280026863e-03,4.618320260471276129e+01,2.268406238394855556e-01,nan,1.123197006075043269e+01,1.000000000000000000e+00
1.195000000000000000e+03,1.163479485507011475e+02,5.012864066684405628e+01,-1.604532480122379664e-03,4.233015286770895358e+01,3.739121911625788997e-01,nan,1.042420461056369163e+01,1.000000000000000000e+00
1.195000000000000000e+03,7.340998368027017307e+01,4.693836048153048779e+01,-1.407086841319789760e-03,3.687769729418885589e+01,3.395964500914323558e-01,nan,5.308113136798827902e+00,1.000000000000000000e+00
1.196000000000000000e+03,1.019977899263931675e+02,2.424737951962245219e+01,-1.280219890113759801e-03,3.337427012611433952e+01,3.430870284940565895e-01,nan,1.083143769962534009e+01,1.000000000000000000e+00
1.196000000000000000e+03,1.441911300178465183e+02,2.829746670776339812e+01,-1.263349307922983535e-03,3.290838948953772558e+01,3.078865876408858337e-01,nan,1.174771146284873247e+01,1.000000000000000000e+00
1.197000000000000000e+03,9.082503822763328571e+01,4.524751141522325781e+01,-1.521764003887933481e-03,4.004450380352535888e+01,2.730688944572270405e-01,nan,3.215714791506248726e+00,1.000000000000000000e+00
1.197000000000000000e+03,6.299643924981389631e+01,4.351260898440261826e+01,-1.154206922621916218e-03,2.989442569347196965e+01,3.540128941967374265e-01,nan,7.112726323006616447e+00,1.000000000000000000e+00
1.199000000000000000e+03,1.214920181498900575e+02,2.740176087405162519e+01,-1.058433916822988305e-02,2.903072534136368859e+02,2.472054707252746564e-02,nan,1.623809674656219570e+01,1.000000000000000000e+00
1.199000000000000000e+03,6.619168853675174091e+01,2.549198756343825067e+01,-1.552237207782045840e-03,4.088602044285508441e+01,2.577021833842445542e-01,nan,1.025686350308039785e+01,1.000000000000000000e+00
1.199000000000000000e+03,3.978588529737999124e+01,3.295532768362283349e+01,-1.853599260274669484e-03,4.920812475838129529e+01,2.465074577388575161e-01,nan,1.036277945191037730e+01,1.000000000000000000e+00
1.199000000000000000e+03,5.890432067140918093e+01,3.270984863968482159e+01,-1.003931587563355399e-03,2.574457668606050476e+01,3.303461146397829173e-01,nan,1.025686350308039785e+01,1.000000000000000000e+00
1.199000000000000000e+03,6.995174471523344550e+01,4.202445521926402705e+01,-1.298426647170794479e-03,3.387704919276472992e+01,3.374658003160011521e-01,nan,6.008816993870616407e+00,1.000000000000000000e+00
1.199000000000000000e+03,9.395009661007296131e+01,5.182965956016629860e+01,-1.571163335910655615e-03,4.140866492072663618e+01,2.134977058861149413e-01,nan,4.109745367526869586e+00,1.000000000000000000e+00
1.200000000000000000e+03,6.544980950369990502e+00,3.796319517133199639e+01,1.267226119092641767e-03,-3.301544751724439664e+01,3.185422000128085296e-01,nan,1.347040080188152089e+01,1.000000000000000000e+00
1.201000000000000000e+03,2.620374622100889539e+01,2.083690583853502432e+01,-1.537987225807146627e-03,4.049250760502895474e+01,2.851981891866272045e-01,nan,1.051378437961682621e+01,1.000000000000000000e+00
1.201000000000000000e+03,1.047867749944116298e+02,1.378116697968064486e+01,-1.588031710484064324e-03,4.187448459401384326e+01,1.675651575877183941e-01,nan,6.280914257447586024e+00,1.000000000000000000e+00
1.201000000000000000e+03,8.140990539049379748e+00,1.830392994130220785e+01,-1.387791321696045434e-03,3.634485208092161912e+01,2.970439219546483489e-01,nan,1.800001611950699143e+01,1.000000000000000000e+00
1.204000000000000000e+03,7.412877660519642120e+01,1.356089702680576181e+01,-1.568745263627069255e-03,4.134188992493654524e+01,2.814185113300110563e-01,nan,6.746394183603690031e+00,1.000000000000000000e+00
1.204000000000000000e+03,9.189555779607027830e+01,3.454463517141134332e+01,-1.618835897500163056e-03,4.272514132263174957e+01,2.784468314206319794e-01,nan,1.153091336438018821e+01,1.000000000000000000e+00
1.204000000000000000e+03,3.597515783940885115e+01,4.259200523400298266e+01,-1.215809945098814734e-03,3.159559136766382181e+01,3.151543994507858271e-01,nan,1.027460529846075943e+01,1.000000000000000000e+00
1.205000000000000000e+03,5.773149750299465666e+01,1.480821942165997385e+01,-1.562119343160397935e-03,4.115891532394105923e+01,2.770804392328625188e-01,nan,1.117924256341500211e+01,1.000000000000000000e+00
1.205000000000000000e+03,8.212711298186572151e+01,4.772594937329243692e+01,-1.876941652365707704e-03,4.985272423714376799e+01,2.342741142260427178e-01,nan,7.617402261713236200e+00,1.000000000000000000e+00
1.205000000000000000e+03,1.149288497047140254e+02,2.026516076359456164e+01,-1.295418519417179627e-03,3.379397983232949088e+01,2.901085398822383921e-01,nan,1.203760170545569075e+01,1.000000000000000000e+00
1.205000000000000000e+03,9.720202811666874254e+01,2.430728513571122207e+01,-1.353207999071168828e-03,3.538983463237020999e+01,3.225019772818146224e-01,nan,1.153091336438018821e+01,1.000000000000000000e+00
1.205000000000000000e+03,1.314708103095152580e+02,2.914782870848431173e+01,-1.299553606958534814e-03,3.390817015452950756e+01,3.404889233688539463e-01,nan,7.751648671070704211e+00,1.000000000000000000e+00
1.205000000000000000e+03,1.950114824119441792e+01,4.164957915777474540e+01,-1.575540061264081105e-03,4.152952806407978414e+01,2.751765206854198675e-01,nan,7.078371286639942639e+00,1.000000000000000000e+00
1.206000000000000000e+03,7.501280720515159040e+00,3.629257501675417785e+01,-4.151699683601050780e-03,1.126701011163542319e+02,2.328461212441447215e-01,nan,3.330775315363678324e+00,1.000000000000000000e+00
1.207000000000000000e+03,5.961804785761957248e+01,3.001901302982590281e+01,-2.142700475763763442e-03,5.719164641661843973e+01,2.277203486120237264e-01,nan,1.302723790967313988e+01,1.000000000000000000e+00
1.207000000000000000e+03,1.317551428532063653e+02,3.689426092753266317e+01,-1.745490171535550453e-03,4.622269541682393168e+01,2.008761192735973866e-01,nan,7.751648671070704211e+00,1.000000000000000000e+00
1.207000000000000000e+03,2.682739718320051026e+01,4.995535396011743501e+01,-1.666942067966376700e-03,4.405359182105711113e+01,2.543129877063662336e-01,nan,4.394992284977511154e+00,1.000000000000000000e+00
1.208000000000000000e+03,2.314445784050363741e+01,2.182314843628137879e+01,-1.893776560431426319e-03,5.031761973379437336e+01,2.301890232524151925e-01,nan,1.502126325110188532e+01,1.000000000000000000e+00
1.210000000000000000e+03,6.163812015233433250e+00,1.962048840535706162e+01,-1.918613103976621152e-03,5.100348016151122721e+01,2.196107384432728349e-01,nan,1.356035877139179391e+01,1.000000000000000000e+00
1.210000000000000000e+03,8.961828242944785927e+01,4.910696259711249212e+01,-1.754557988470252603e-03,4.647310291777010605e+01,2.332337168207037070e-01,nan,7.617402261713236200e+00,1.000000000000000000e+00
1.211000000000000000e+03,5.150415445288674476e+01,4.021085591381200430e+01,-1.102342972034235126e-02,3.024327262408151000e+02,2.463931033999422482e-02,nan,6.072371616107071546e+00,1.000000000000000000e+00
1.211000000000000000e+03,6.092252803417900253e+01,1.032961748705824689e+01,-1.767423568788029867e-03,4.682838554409527632e+01,2.513376445824281324e-01,nan,1.069780242732347908e+01,1.000000000000000000e+00
1.212000000000000000e+03,3.560337195705515256e+01,8.763848207591101058e+00,-1.739334140169074413e-03,4.605269678966526214e+01,3.215856369174081575e-01,nan,9.954511874347543809e+00,1.000000000000000000e+00
1.212000000000000000e+03,2.255429754298165079e+01,4.518755214020573163e+01,-1.391657680933466000e-03,3.645162147882349757e+01,3.558640352165990395e-01,nan,6.402445995804407985e+00,1.000000000000000000e+00
1.213000000000000000e+03,1.088722055195381415e+02,1.281629933014857770e+01,-1.166651518601343612e-03,3.023808284953646108e+01,3.529024009732765199e-01,nan,9.581559222641255147e+00,1.000000000000000000e+00
1.214000000000000000e+03,2.823707296705289593e+01,3.583728114246077467e+01,-1.641517545422895540e-03,4.335149437040188047e+01,2.550108157730576197e-01,nan,1.094173223268137640e+01,1.000000000000000000e+00
1.216000000000000000e+03,1.213810992759380127e+02,1.984926991507724026e+01,-1.357653810705664174e-03,3.551260559136597550e+01,3.517625415406213651e-01,nan,6.134497606461098762e+00,1.000000000000000000e+00
1.216000000000000000e+03,5.757652371244540745e+01,4.021620564929968822e+01,-1.799373216459713813e-03,4.771067413540545488e+01,2.374097872897876771e-01,nan,6.072371616107071546e+00,1.000000000000000000e+00
1.217000000000000000e+03,1.283075529314485550e+02,2.985176576510058055e+01,-1.810439919161028165e-03,4.801628080866604620e+01,2.936861991351276124e-01,nan,6.558866747206561598e+00,1.000000000000000000e+00
1.217000000000000000e+03,7.767003645496833997e+01,4.451720379429978180e+01,-6.706750176276141291e-03,1.832277461669008289e+02,2.911526044269707736e-02,nan,1.430505712204268676e+01,1.000000000000000000e+00
1.219000000000000000e+03,1.155155613927101399e+02,1.805273819420626324e+01,-1.673849130435866575e-03,4.424433015028440508e+01,2.494765625039307988e-01,nan,6.134497606461098762e+00,1.000000000000000000e+00
1.219000000000000000e+03,1.064705836861775197e+02,2.482171649343660391e+01,-1.174606897554702351e-03,3.045777040797918644e+01,3.455682631619021450e-01,nan,1.020270181030033640e+01,1.000000000000000000e+00
1.219000000000000000e+03,1.793138730635785549e+01,4.758479849157146191e+01,-1.684719879334247231e-03,4.454452556497560778e+01,2.918482077232124050e-01,nan,1.562726210200340837e+01,1.000000000000000000e+00
1.220000000000000000e+03,4.679384641012703128e+01,3.207551706680915515e+01,-1.724357282613469232e-03,4.563911130381656278e+01,3.280079459562982303e-01,nan,1.351062324258298553e+01,1.000000000000000000e+00
1.220000000000000000e+03,9.879182876938035918e+01,1.810369244185200088e+01,-1.232202990730861016e-03,3.204828484605858563e+01,2.908813462166220942e-01,nan,1.020270181030033640e+01,1.000000000000000000e+00
1.220000000000000000e+03,9.963778572684633161e+01,3.797097140463640130e+01,-1.375437512504640910e-03,3.600370199936816817e+01,2.938918758111391805e-01,nan,7.333149321274481380e+00,1.000000000000000000e+00
1.220000000000000000e+03,1.249751919751833356e+02,5.277638314400007857e+01,-1.480728718242448321e-03,3.891131558379254329e+01,2.777258470151729997e-01,nan,1.782286752671410213e+01,1.000000000000000000e+00
1.222000000000000000e+03,1.310237529898675461e+02,1.501539527695540777e+01,-1.548954947624835328e-03,4.079538092406673400e+01,3.276684906493739780e-01,nan,9.257137814962199229e+00,1.000000000000000000e+00
1.224000000000000000e+03,7.392727836933462982e+01,2.060883814046310292e+01,-1.451123975236158015e-03,3.809378146662388076e+01,3.015278184429577291e-01,nan,8.816313333963060828e+00,1.000000000000000000e+00
1.225000000000000000e+03,8.767654065800290653e+01,5.188824484319687969e+01,-6.531672963365442626e-03,1.783929940238781455e+02,3.542241334597351354e-02,nan,1.631780471373445351e+01,1.000000000000000000e+00
1.227000000000000000e+03,1.218953403866828751e+02,1.655379830322075918e+01,-1.511093427085885999e-03,3.974983613545308714e+01,3.134007853341636007e-01,nan,8.541761311357463526e+00,1.000000000000000000e+00
1.227000000000000000e+03,3.899927251536866635e+01,2.629571324138390409e+01,-1.759868864234699366e-03,4.661976259755711993e+01,2.318978481810827219e-01,nan,1.406358323164186963e+01,1.000000000000000000e+00
1.228000000000000000e+03,1.146519805098179177e+02,1.202661109763426417e+01,-1.607470962982062313e-03,4.241129898642362406e+01,2.915806244394898439e-01,nan,8.541761311357463526e+00,1.000000000000000000e+00
1.228000000000000000e+03,2.880071413967251814e+01,1.363064151961568804e+01,-1.587189435922046208e-03,4.185122520647831124e+01,2.719575571999299779e-01,nan,1.626083130285825717e+01,1.000000000000000000e+00
1.228000000000000000e+03,1.039906463940206436e+02,5.223567067644410145e+01,-1.421812491411740022e-03,3.728434569323420789e+01,3.616082409375521722e-01,nan,1.305708030427509847e+01,1.000000000000000000e+00
1.229000000000000000e+03,1.682686512612071894e+01,3.729005641568689100e+01,-1.465991050205694892e-03,3.850433530955094596e+01,2.985243685076497400e-01,nan,2.474856018577888150e+01,1.000000000000000000e+00
1.229000000000000000e+03,1.170147938184039447e+02,3.795571871447080525e+01,-1.902973087730964064e-03,5.057158156772238300e+01,2.222834179785116993e-01,nan,1.689274306695923400e+01,1.000000000000000000e+00
1.234000000000000000e+03,5.679926962178272731e+01,5.203288301844179387e+01,-2.362579500202625221e-02,6.504466769989527393e+02,1.431052465892101999e-02,nan,2.756456272891264092e+01,1.000000000000000000e+00
1.235000000000000000e+03,5.891273802840117213e+01,2.454946311242599322e+01,-1.355346776086522632e-03,3.544889689745038197e+01,3.158549855581419541e-01,nan,1.077049732347891897e+01,1.000000000000000000e+00
1.236000000000000000e+03,1.166882900934147500e+02,1.432521825924974657e+01,-1.686586121156094867e-02,4.637713019642021095e+02,1.359173526271328925e-02,nan,1.362213483896542954e+01,1.000000000000000000e+00
1.236000000000000000e+03,4.978989283471626948e+01,1.716347166654635714e+01,-1.456819223428989759e-03,3.825105557984262816e+01,3.254044069359005587e-01,nan,1.173793738552676480e+01,1.000000000000000000e+00
1.237000000000000000e+03,9.127114022658435033e+01,2.147714351171878278e+01,-9.423726139239226376e-03,2.582569583704164415e+02,1.532910094390382838e-02,nan,1.164914750049394243e+01,1.000000000000000000e+00
1.237000000000000000e+03,6.960734783521665747e+01,2.327316625235283354e+01,-2.343220533806094838e-03,6.272900198803530714e+01,1.446108077275902737e-01,nan,1.077049732347891897e+01,1.000000000000000000e+00
1.237000000000000000e+03,1.352113978791857960e+02,2.521941914299436860e+01,-1.490674013352908181e-03,3.918595461904389055e+01,3.584707341352610932e-01,nan,1.152778455604037156e+01,1.000000000000000000e+00
1.237000000000000000e+03,1.438766412306982261e+02,3.282227218836835902e+01,-1.527339279971988905e-03,4.019846489044920901e+01,3.329690309834147932e-01,nan,1.152778455604037156e+01,1.000000000000000000e+00
1.239000000000000000e+03,1.079749596591077534e+02,2.479615089744082468e+01,-1.398021861218513330e-03,3.662736813231523314e+01,3.311777097426299443e-01,nan,1.362213483896542954e+01,1.000000000000000000e+00
1.241000000000000000e+03,8.453884236734835156e+01,3.098392020115409551e+01,-8.309669178482395960e-03,2.274923077975531953e+02,3.106678063776391330e-02,nan,1.164914750049394243e+01,1.000000000000000000e+00
1.241000000000000000e+03,1.290521350143838220e+02,3.947228850267725875e+01,-1.915470340187986351e-03,5.091669283088432962e+01,2.291159341139699102e-01,nan,1.058356999401141962e+01,1.000000000000000000e+00
1.241000000000000000e+03,7.125896743597061800e+01,4.571886732721569757e+00,-1.337154407229971002e-03,3.494651516053790630e+01,3.251059606868053065e-01,nan,1.877406996303610143e+01,1.000000000000000000e+00
1.244000000000000000e+03,1.620100813493947101e+01,3.063004950052982167e+01,-1.677444044433710991e-03,4.434360359578941768e+01,2.302375509703719070e-01,nan,7.996656367745637262e+00,1.000000000000000000e+00
1.245000000000000000e+03,1.089225337974936458e+01,4.391043193526268595e+01,-1.291079316967375622e-03,3.367415288286862562e+01,3.418401062688360970e-01,nan,6.910645313663928313e+00,1.000000000000000000e+00
1.245000000000000000e+03,8.710669528682646501e+01,4.854476841431245049e+01,-1.540718576902930540e-03,4.056793378610726819e+01,2.610391707260739658e-01,nan,1.390832631565340805e+01,1.000000000000000000e+00
1.245000000000000000e+03,1.358331977918714415e+02,4.759812024016178356e+01,-1.548549933689536470e-03,4.078419647602186870e+01,2.947331550302214609e-01,nan,1.058356999401141962e+01,1.000000000000000000e+00
1.246000000000000000e+03,4.419718907608445591e+01,6.465056933760118696e+00,-1.893986222264843616e-02,5.210447795703429392e+02,1.096049328999726402e-02,nan,2.712791811786712159e+01,1.000000000000000000e+00
1.246000000000000000e+03,9.824698765969820613e+01,4.021797871181408368e+01,-1.928413052864461638e-03,5.127410546505182509e+01,2.906067111999406372e-01,nan,1.390832631565340805e+01,1.000000000000000000e+00
1.248000000000000000e+03,4.464043784461328812e+01,4.521465979629944343e+01,-1.306459880968212535e-02,3.587995512826939830e+02,2.242771819632216612e-02,nan,2.175684654093291925e+01,1.000000000000000000e+00
1.248000000000000000e+03,1.629072810386064418e+01,3.862620253752102428e+01,-1.441538054620378120e-03,3.782906654759197806e+01,3.554147620787609929e-01,nan,5.689263499129373791e+00,1.000000000000000000e+00
1.248000000000000000e+03,1.182645926566252115e+02,3.810830598621345899e+01,-1.190165110542208389e-03,3.088741000717314478e+01,3.278186618329045343e-01,nan,1.996778558009478033e+01,1.000000000000000000e+00
1.250000000000000000e+03,1.083883283453669755e+01,3.699999309994879582e+01,-1.297984528803794013e-03,3.386484010691746960e+01,3.224460099940889002e-01,nan,5.689263499129373791e+00,1.000000000000000000e+00
1.251000000000000000e+03,6.592123166107114685e+01,4.068827205913930101e+01,-1.121037116695252711e-03,2.897844246743454377e+01,3.454100768050453185e-01,nan,2.175684654093291925e+01,1.000000000000000000e+00
1.252000000000000000e+03,4.380776451399302829e+01,1.774915501176900534e+01,-1.513401955135565630e-03,3.981358607040955633e+01,2.596206494581132507e-01,nan,1.181822584677696319e+01,1.000000000000000000e+00
1.253000000000000000e+03,3.252191572612777293e+01,1.424200812250596648e+01,-1.426857570561785226e-03,3.742366540724428603e+01,2.858674809103808334e-01,nan,4.897662705838187414e+00,1.000000000000000000e+00
1.255000000000000000e+03,5.494810782601555310e+00,2.770800843130351510e+01,-1.985698977703968717e-03,5.285605461353474510e+01,2.572199248163258289e-01,nan,1.071912080228168840e+01,1.000000000000000000e+00
1.255000000000000000e+03,1.338846748353184068e+02,4.270052424382336653e+01,-1.833580164624888827e-03,4.865529801419773293e+01,2.953136815389640901e-01,nan,1.188567650111922269e+01,1.000000000000000000e+00
1.256000000000000000e+03,2.251589268569001945e+01,2.681270689975708166e+01,-2.071772959179566005e-03,5.523298510882371204e+01,1.846026917918708321e-01,nan,5.974794011020374107e+00,1.000000000000000000e+00
1.256000000000000000e+03,9.726296816707404957e+01,2.634288283354685944e+01,-1.306651893072815823e-03,3.410418911914663909e+01,2.378375661355471848e-01,nan,1.075937321929496981e+01,1.000000000000000000e+00
1.257000000000000000e+03,1.167671391780407504e+02,1.182014263385094388e+01,-2.185905869903527390e-03,5.838476211931077131e+01,2.574554468970566834e-01,nan,2.431712708633356712e+01,1.000000000000000000e+00
1.257000000000000000e+03,6.067108609621087112e+01,2.988261785636263568e+01,-9.923456548009398914e-03,2.720569990756997072e+02,2.873348301350742151e-02,nan,1.154710326264300591e+01,1.000000000000000000e+00
1.258000000000000000e+03,2.971511183869100492e+01,1.022841223880914363e+01,-1.476894045424356197e-03,3.880542120543893247e+01,3.179219244347498696e-01,nan,4.897662705838187414e+00,1.000000000000000000e+00
1.258000000000000000e+03,2.163031286906087658e+01,1.514028429821376776e+01,-1.248116689330611541e-03,3.248774117009662632e+01,3.575002514472169768e-01,nan,8.254735730576722830e+00,1.000000000000000000e+00
1.258000000000000000e+03,4.490790421237907282e+01,4.408179793133065516e+01,1.400685042001637232e-03,-3.670091179219193833e+01,3.240853260757414755e-01,nan,1.447311058560129382e+01,1.000000000000000000e+00
1.258000000000000000e+03,1.566753298103098224e+01,4.908404981386745902e+01,-1.194695251571888496e-03,3.101250971996450900e+01,3.354115057751559936e-01,nan,9.910431208168843042e+00,1.000000000000000000e+00
1.259000000000000000e+03,8.333631431729145334e+01,4.627918824168267520e+01,-1.678792346763102522e-03,4.438083692540492819e+01,2.719399242325803989e-01,nan,1.552015301445490181e+01,1.000000000000000000e+00
1.260000000000000000e+03,1.490680752582552238e+01,3.920285841233852153e+01,-1.591685317677966416e-03,4.197537885042110872e+01,2.686516517339165855e-01,nan,9.910431208168843042e+00,1.000000000000000000e+00
1.261000000000000000e+03,7.810404090315915759e+00,1.488897462906512814e+01,-1.301830925409584163e-03,3.397105823732741925e+01,2.923410182509087463e-01,nan,1.382219357419941552e+01,1.000000000000000000e+00
1.261000000000000000e+03,8.746104586939434000e+01,3.077982224516058096e+01,-1.658656728802519091e-03,4.382479242099719130e+01,2.457816918273576512e-01,nan,1.064960989311498984e+01,1.000000000000000000e+00
1.261000000000000000e+03,2.613415363300518379e+01,2.205809322551824891e+01,-1.196166824331940841e-03,3.105314715893782562e+01,3.668382750985224039e-01,nan,5.974794011020374107e+00,1.000000000000000000e+00
1.261000000000000000e+03,3.280342689667988054e+01,3.614753306703680380e+01,-1.301606130990409999e-03,3.396485054597928155e+01,3.492917403308055668e-01,nan,1.207722728045562555e+01,1.000000000000000000e+00
1.262000000000000000e+03,1.223815857479483498e+02,3.901632883335741298e+01,-1.802444310214674746e-03,4.779548230013671883e+01,3.381033868426006617e-01,nan,4.914041754453727151e+00,1.000000000000000000e+00
1.265000000000000000e+03,1.184385522698132576e+02,1.310283797461445232e+01,-1.457967325949435528e-03,3.828276039755620275e+01,3.299559072751917510e-01,nan,1.668913181211565799e+01,1.000000000000000000e+00
1.266000000000000000e+03,2.072693425002870526e+01,3.628074019583139886e+01,-1.312190526846943213e-03,3.425713832974744122e+01,2.850862808157055284e-01,nan,1.207722728045562555e+01,1.000000000000000000e+00
1.268000000000000000e+03,1.058667311798448338e+02,2.407901377149362077e+01,1.784947066431702423e-03,-4.731229642191586748e+01,1.981872413958084556e-01,nan,9.544867971891243030e+00,1.000000000000000000e+00
1.269000000000000000e+03,7.165130686435738028e+00,3.101397680097651133e+01,-1.799341194058808610e-03,4.770978983773571969e+01,2.491693861966075563e-01,nan,1.454858455503030257e+01,1.000000000000000000e+00
1.270000000000000000e+03,3.606835444318637229e+01,2.472859792078885022e+01,-1.230387791532219863e-03,3.199815817297680809e+01,2.996421403067778266e-01,nan,7.878425880577948348e+00,1.000000000000000000e+00
1.271000000000000000e+03,4.649638190577846331e+00,4.843690511172731306e+01,-2.493822266573980043e-03,6.688786445869763497e+01,1.991024045670092280e-01,nan,1.760358297103970671e+01,1.000000000000000000e+00
1.271000000000000000e+03,3.770630440848235310e+01,3.897910427462397820e+01,-1.516490958032321121e-03,3.989888879557064882e+01,2.558771434662447941e-01,nan,6.466960099675210571e+00,1.000000000000000000e+00
1.272000000000000000e+03,9.670284536469856107e+01,3.247871636193279699e+01,-1.303500283818439425e-03,3.401715752124052727e+01,3.503516703409178534e-01,nan,6.498959156416585614e+00,1.000000000000000000e+00
1.273000000000000000e+03,4.640528260770091151e+01,2.945982692633777233e+01,-1.884683698537389885e-03,5.006652061702452983e+01,2.537438491465435764e-01,nan,5.828287376368970207e+00,1.000000000000000000e+00
1.275000000000000000e+03,9.035029048093915094e+01,3.385040020509617165e+01,-1.956469748473389347e-03,5.204889029836184022e+01,2.197639205696598763e-01,nan,6.498959156416585614e+00,1.000000000000000000e+00
1.275000000000000000e+03,3.703864020435986504e+01,1.315089400823169008e+01,-1.137141094271920064e-03,2.942315333988654658e+01,3.457361492051400642e-01,nan,1.161829085301178921e+01,1.000000000000000000e+00
1.275000000000000000e+03,5.188138370504877628e+01,3.145513404885485542e+01,-2.093030409510512804e-03,5.582000898151446933e+01,2.758908716436258013e-01,nan,5.828287376368970207e+00,1.000000000000000000e+00
1.276000000000000000e+03,1.310596274494151317e+02,7.151542405739493624e+00,-1.693394437217019943e-03,4.478407322863930062e+01,3.182012665694289311e-01,nan,1.398135430187428341e+01,1.000000000000000000e+00
1.276000000000000000e+03,7.737325393454275968e+01,3.676230358676860277e+01,-1.174939427176018361e-03,3.046695320380137062e+01,3.208112149897230925e-01,nan,1.329972401332835652e+01,1.000000000000000000e+00
1.277000000000000000e+03,1.096892311165565417e+02,5.237148861956381296e+01,-1.711133201377391206e-03,4.527392868505825874e+01,2.727534425211902702e-01,nan,2.259905654633643479e+01,1.000000000000000000e+00
1.277000000000000000e+03,1.237269035522783582e+02,1.905571933498990944e+01,-2.126806837996761141e-03,5.675274407189334624e+01,2.351282134580910954e-01,nan,1.398135430187428341e+01,1.000000000000000000e+00
1.278000000000000000e+03,1.314638690753845651e+02,4.632314185813573459e+01,-1.963923009203345782e-03,5.225471187666765616e+01,2.141280847811325438e-01,nan,1.584773416564655157e+01,1.000000000000000000e+00
1.279000000000000000e+03,1.480180864139506269e+01,5.262944021084128110e+01,-1.438159954195040741e-03,3.773578040258647803e+01,2.899962535330284918e-01,nan,2.513725288730589824e+01,1.000000000000000000e+00
1.279000000000000000e+03,4.828930936301613741e+01,5.210115261133688591e+01,-1.485389977714290759e-03,3.904003612855110106e+01,3.330390266040178515e-01,nan,2.095617046506927394e+01,1.000000000000000000e+00
1.280000000000000000e+03,1.720383478736150451e+01,1.985486188901223770e+01,-2.506386158758121437e-03,6.723481597598598114e+01,1.512711255858207871e-01,nan,9.353022412977290756e+00,1.000000000000000000e+00
1.283000000000000000e+03,1.168616796246138136e+02,5.248161093971764757e+01,-1.395380084810358056e-03,3.655441555363082529e+01,3.004456915814592843e-01,nan,1.584773416564655157e+01,1.000000000000000000e+00
1.285000000000000000e+03,4.084306445467132107e+01,1.862872550455870524e+01,-1.376530096365126540e-03,3.603387367090150661e+01,2.851957652329359938e-01,nan,1.153035707533609155e+01,1.000000000000000000e+00
1.286000000000000000e+03,3.078129603465992048e+01,3.334570755314792478e+01,1.713559138098307661e-03,-4.534092085705650987e+01,2.736926625695670356e-01,nan,1.083152728301775980e+01,1.000000000000000000e+00
1.286000000000000000e+03,6.833266238030522288e+01,4.771531071006486258e+01,-1.800061923980002037e-03,4.772969277354957285e+01,2.611632220170859719e-01,nan,1.655560615411284076e+01,1.000000000000000000e+00
1.287000000000000000e+03,5.154496601638134479e+01,1.433705482191987812e+01,-1.283607612738571447e-03,3.346782198787849438e+01,3.194138887759896406e-01,nan,6.983589126839503614e+00,1.000000000000000000e+00
1.288000000000000000e+03,1.119622034653378222e+02,1.385947429439174705e+01,-1.703384008210462102e-03,4.505993494111159947e+01,2.194266327673540795e-01,nan,9.717627699553997189e+00,1.000000000000000000e+00
1.288000000000000000e+03,1.582463427535296141e+01,1.485314315505836724e+01,-1.264147818583515178e-03,3.293044033820643079e+01,3.440329477704057171e-01,nan,1.763435917935402131e+01,1.000000000000000000e+00
1.288000000000000000e+03,7.119815047301842981e+01,1.848115357841784956e+01,-1.403680046915900884e-03,3.678361876580012080e+01,2.705372551152164240e-01,nan,4.766307443541775157e+00,1.000000000000000000e+00
1.289000000000000000e+03,5.194531022918329910e+01,4.536099879249346856e+01,-1.372999900372944351e-03,3.593638741124075864e+01,3.699169561827895247e-01,nan,1.655560615411284076e+01,1.000000000000000000e+00
1.290000000000000000e+03,1.438525570948502832e+02,4.888526209845576176e+00,-1.724520699956549538e-02,4.742469248680068290e+02,1.572640458386709295e-02,nan,1.752075274057581566e+01,1.000000000000000000e+00
1.290000000000000000e+03,1.292496717095897374e+01,3.224746850415319699e+01,-1.555838753593680440e-03,4.098547702570505891e+01,3.007712828498733115e-01,nan,1.763435917935402131e+01,1.000000000000000000e+00
1.290000000000000000e+03,1.023156182705530739e+02,5.191858988202940139e+01,-1.502347286143451395e-03,3.950831170767857259e+01,2.821085635202578157e-01,nan,1.018069483491470884e+01,1.000000000000000000e+00
1.292000000000000000e+03,1.067029416919796461e+02,4.273175470785430008e+01,-1.560157099605307676e-03,4.110472802523220537e+01,3.673124797027490507e-01,nan,6.785152032789801169e+00,1.000000000000000000e+00
1.293000000000000000e+03,6.232958882981542104e+01,2.536382285134173031e+01,-2.267105081307246254e-03,6.062707598083039073e+01,1.844527722171814821e-01,nan,5.288858191412455945e+00,1.000000000000000000e+00
1.293000000000000000e+03,6.984871147503601208e+01,1.390986261884352615e+01,-1.407055964304524407e-03,3.687684462631025184e+01,3.703058116476232176e-01,nan,4.766307443541775157e+00,1.000000000000000000e+00
1.295000000000000000e+03,1.409099231828689085e+02,2.216040167999797461e+01,-1.746896295222892309e-03,4.626152548155770461e+01,2.618497726250806901e-01,nan,1.541549058243832171e+01,1.000000000000000000e+00
1.295000000000000000e+03,1.133989863739625861e+02,4.382778104191729085e+01,-1.897353734877394241e-03,5.041640330209020959e+01,3.070202873335601268e-01,nan,6.785152032789801169e+00,1.000000000000000000e+00
1.296000000000000000e+03,1.377499950993832556e+01,4.403005220931732566e+01,1.691679460532025895e-03,-4.473671419735727284e+01,2.991343765320346737e-01,nan,1.330488446067865382e+01,1.000000000000000000e+00
1.296000000000000000e+03,8.051269534226747737e+01,4.686453838203517819e+01,1.162233248318324166e-03,-3.011607244416076057e+01,3.648338778323947373e-01,nan,1.143293090877635620e+01,1.000000000000000000e+00
1.297000000000000000e+03,5.585510917120236485e+01,1.066742611991943690e+01,-1.184498475357040684e-02,3.251199445913631507e+02,1.863331990480276978e-02,nan,1.436434126186834526e+01,1.000000000000000000e+00
1.298000000000000000e+03,1.100801103098599185e+02,7.739526394417055144e+00,-1.901272197582181810e-03,5.052461153572818375e+01,3.655479207602231329e-01,nan,2.323031821619197146e+01,1.000000000000000000e+00
1.298000000000000000e+03,8.411078390437734242e+01,3.601254926187532135e+01,-1.427576237246242028e-03,3.744351136683566494e+01,3.663981905450316434e-01,nan,1.136686591397058343e+01,1.000000000000000000e+00
1.299000000000000000e+03,9.980021976430499819e+01,4.307352489482657631e+01,-1.596854865423088859e-03,4.211813576106451507e+01,3.353941341590163105e-01,nan,7.336495412372058489e+00,1.000000000000000000e+00
1.299000000000000000e+03,7.468394466993682101e+01,2.966114447598746651e+01,-1.751384561933929220e-03,4.638546883625750183e+01,2.363840487314833316e-01,nan,9.956012886671727458e+00,1.000000000000000000e+00
1.300000000000000000e+03,8.704181495202465157e+01,1.072023628145512752e+01,-1.481752656360353681e-03,3.893959160514085482e+01,2.845057966989580356e-01,nan,1.124832882292233549e+01,1.000000000000000000e+00
1.300000000000000000e+03,3.965782258859885445e+01,3.420680171658375457e+01,-1.308825817008637833e-03,3.416422196541341805e+01,2.984453973463740972e-01,nan,7.935011841190225290e+00,1.000000000000000000e+00
1.301000000000000000e+03,2.308661432273519054e+01,2.543451866026017427e+01,-1.537044232335822887e-03,4.046646686774200674e+01,3.181394710496731060e-01,nan,4.387728428567696959e+00,1.000000000000000000e+00
1.302000000000000000e+03,1.277832718786795425e+02,5.056312526971796473e+01,-1.362498936404961131e-03,3.564640359664858238e+01,3.442231494747939324e-01,nan,1.300247909663528390e+01,1.000000000000000000e+00
1.303000000000000000e+03,3.041623441451871912e+01,6.874069881980847896e+00,-1.258590885461851163e-03,3.277698579165557646e+01,2.992340460212978837e-01,nan,1.660739576939421269e+01,1.000000000000000000e+00
1.304000000000000000e+03,1.181351243669929829e+02,1.145192352141580372e+01,-1.660788335990400931e-03,4.388365669150023507e+01,3.467775879644036108e-01,nan,7.777825024997204295e+00,1.000000000000000000e+00
1.306000000000000000e+03,1.160715021266798708e+01,5.145737957878088764e+01,-1.354465783043770893e-03,3.542456830019538927e+01,3.270412506477288206e-01,nan,1.420595265612219471e+01,1.000000000000000000e+00
1.306000000000000000e+03,6.525106055437889552e+01,2.390049144381716317e+01,-2.008395047342896589e-03,5.348280591657820793e+01,1.358847087503767259e-01,nan,1.529663310657069708e+01,1.000000000000000000e+00
1.306000000000000000e+03,1.180614382577933696e+02,4.192886712519594994e+01,-1.455528885194102250e-03,3.821542292701116850e+01,3.386962721919561936e-01,nan,6.231445609101434968e+00,1.000000000000000000e+00
1.306000000000000000e+03,7.270899702702270417e+01,4.794460518996260845e+01,-1.639315925320091513e-03,4.329069669528934128e+01,2.731952714008052396e-01,nan,1.088480132916972032e+01,1.000000000000000000e+00
1.306000000000000000e+03,3.375297190919307155e+01,4.882852010189455427e+01,-1.664244126889214900e-03,4.397908825667143162e+01,2.407609057783979267e-01,nan,1.054186529508521097e+01,1.000000000000000000e+00
1.307000000000000000e+03,8.121523204105884020e+01,4.115322345562602635e+01,-1.670606013152240625e-03,4.415477156081175281e+01,2.690440739388313407e-01,nan,1.088480132916972032e+01,1.000000000000000000e+00
1.308000000000000000e+03,1.288053344891839735e+01,3.115223242216449506e+01,-1.141150843378351161e-03,2.953388244485116232e+01,3.252076632111661203e-01,nan,1.511701425881216032e+01,1.000000000000000000e+00
1.308000000000000000e+03,8.898512781777124303e+01,1.431578065291177992e+01,-1.699667550732488668e-03,4.495730507593748371e+01,2.690622776787734427e-01,nan,1.379456819065105222e+01,1.000000000000000000e+00
1.309000000000000000e+03,3.084617306562910599e+01,3.552590784101249710e+01,-1.379961353221405328e-03,3.612862772920158250e+01,2.874905704747764412e-01,nan,9.569363552918501270e+00,1.000000000000000000e+00
1.310000000000000000e+03,1.156954225256042577e+02,4.769366408035605076e+01,-1.693197441819438041e-03,4.477863320646400069e+01,2.829177139666465557e-01,nan,6.231445609101434968e+00,1.000000000000000000e+00
1.311000000000000000e+03,1.836613869826058121e+01,4.789253037513539368e+00,-1.899033131869043434e-02,5.224384821898261180e+02,1.245680040964280977e-02,nan,1.493457000821304703e+01,1.000000000000000000e+00
1.311000000000000000e+03,4.705597674476710779e+01,8.426684436181389515e+00,-1.311231563830014954e-03,3.423065659392304383e+01,3.208531637914423529e-01,nan,1.431815830137246692e+01,1.000000000000000000e+00
1.314000000000000000e+03,6.695266821635249244e+01,4.920784438683826778e+01,-1.694618763012886980e-03,4.481788294988695043e+01,2.533218794152258813e-01,nan,1.664484930510558414e+01,1.000000000000000000e+00
1.314000000000000000e+03,6.088176872375932192e+01,1.214920150085628947e+01,-1.365934712246486471e-03,3.574128244659482334e+01,2.900369521699562858e-01,nan,1.431815830137246692e+01,1.000000000000000000e+00
1.315000000000000000e+03,9.158710401471718399e+01,1.269623418738831866e+01,-1.343435404976406821e-03,3.511996473064495916e+01,3.543921395752041015e-01,nan,1.120740003513449601e+01,1.000000000000000000e+00
1.315000000000000000e+03,4.486519455469856155e+01,3.318329877889757284e+01,-1.367806738621488681e-03,3.579297840049919444e+01,3.248844727324200488e-01,nan,1.608429355005139882e+01,1.000000000000000000e+00
1.315000000000000000e+03,1.091129030548286636e+02,4.882507677785057609e+01,-1.183836549375545883e-03,3.071264697459974968e+01,3.376998223242978492e-01,nan,6.679046135129749651e+00,1.000000000000000000e+00
1.316000000000000000e+03,1.075751736704322497e+02,1.390765039948082560e+01,-1.232187518016645677e-03,3.204785756750549552e+01,3.683078550576082133e-01,nan,1.603389848274328600e+01,1.000000000000000000e+00
1.316000000000000000e+03,3.157946803237539513e+01,2.411720977766535157e+01,-1.519042079095052735e-03,3.996933792952758324e+01,2.796618020766235002e-01,nan,6.951831266920759589e+00,1.000000000000000000e+00
1.316000000000000000e+03,9.759856363201720342e+01,4.027726194777406477e+01,-1.566573955875124853e-03,4.128192932451146646e+01,2.473450077189444096e-01,nan,1.434033300565178948e+01,1.000000000000000000e+00
1.317000000000000000e+03,1.330617822847909224e+02,3.389367734204835614e+01,-1.586950724263871699e-03,4.184463319097991274e+01,2.423264167545924330e-01,nan,7.862686507357905974e+00,1.000000000000000000e+00
1.319000000000000000e+03,7.579257933552894144e+01,2.224617445584349085e+01,-1.261228076693957263e-03,3.284981175083673577e+01,3.654312620238646669e-01,nan,7.268648089355150610e+00,1.000000000000000000e+00
1.319000000000000000e+03,1.252511139760112542e+02,3.479661681023712561e+01,-1.536182147736230236e-03,4.044266042659496208e+01,2.992822941293081795e-01,nan,7.862686507357905974e+00,1.000000000000000000e+00
1.320000000000000000e+03,1.295186798152865038e+02,4.395395300211100675e+01,-1.416132809580586014e-03,3.712750144464050095e+01,2.832148730361473410e-01,nan,1.010291662459669659e+01,1.000000000000000000e+00
1.320000000000000000e+03,5.606793686755410278e+01,4.502721692077613369e+01,-1.182864242374149014e-03,3.068579674503231303e+01,3.445889146460020536e-01,nan,1.630275535852035063e+01,1.000000000000000000e+00
1.320000000000000000e+03,3.777379349918990670e+01,5.009339037841741060e+01,-1.921406700900264979e-03,5.108062525931568842e+01,2.059766443868511487e-01,nan,5.976121598965886683e+00,1.000000000000000000e+00
1.321000000000000000e+03,5.442565269542894413e+01,2.038120014828200155e+01,-2.357157690411481460e-02,6.489494458018715477e+02,1.094267015373440177e-02,nan,1.899491436176528936e+01,1.000000000000000000e+00
1.321000000000000000e+03,1.395991692906190984e+01,2.456383729402875815e+01,-1.174645439698726850e-03,3.045883474816556102e+01,3.405288365700039899e-01,nan,9.993655750208215949e+00,1.000000000000000000e+00
1.321000000000000000e+03,1.141669435563521944e+02,3.153840252585057513e+01,-1.411033639639056687e-03,3.698668801499663061e+01,3.298916696443865426e-01,nan,1.155312919580775244e+01,1.000000000000000000e+00
1.322000000000000000e+03,3.827391637756868903e+01,1.038479151672280132e+01,-2.854850674108794228e-02,7.863872185133478752e+02,1.108005732042460778e-02,nan,1.394746105218177235e+01,1.000000000000000000e+00
1.322000000000000000e+03,9.423341587358757465e+01,5.235303576449838658e+01,-1.355401320329969366e-03,3.545040313514694219e+01,3.638803589640587921e-01,nan,7.358758101779634409e+00,1.000000000000000000e+00
1.324000000000000000e+03,3.182772742544296207e+01,4.949478565720133361e+01,-1.422365388502436689e-03,3.729961393031472738e+01,3.131052180623863368e-01,nan,5.976121598965886683e+00,1.000000000000000000e+00
1.325000000000000000e+03,8.687951359429644071e+01,5.262032225339012115e+01,-1.464780522382931344e-03,3.847090661892928409e+01,3.675776292582192406e-01,nan,7.358758101779634409e+00,1.000000000000000000e+00
1.326000000000000000e+03,1.076383207428743916e+01,1.509503605761287304e+01,-1.361521830807990415e-03,3.561942085400392699e+01,3.044552247258004440e-01,nan,9.993655750208215949e+00,1.000000000000000000e+00
1.327000000000000000e+03,1.191139987015187529e+02,3.806272506133428379e+01,-2.186630504754809735e-03,5.840477288965547586e+01,1.951663927122443409e-01,nan,2.119853815823477561e+01,1.000000000000000000e+00
1.328000000000000000e+03,9.031669023105349936e+01,1.007863903122323457e+01,-1.829090687497515744e-03,4.853132123388601116e+01,2.166337378884511944e-01,nan,1.026800027774553570e+01,1.000000000000000000e+00
1.329000000000000000e+03,8.951990795849933136e+01,2.031567804228135543e+01,-2.325368284034945270e-03,6.223601262977503978e+01,1.517262092491006298e-01,nan,1.026800027774553570e+01,1.000000000000000000e+00
1.330000000000000000e+03,1.281319454798076833e+02,1.590556177144187622e+01,-1.579817651977767634e-03,4.164765360723952625e+01,2.435975848876338334e-01,nan,1.071907472406913087e+01,1.000000000000000000e+00
1.330000000000000000e+03,7.502767181668687613e+01,2.756651980958097425e+01,-1.463498679647754017e-03,3.843550856907526025e+01,3.443470533324350935e-01,nan,4.622650853365032120e+00,1.000000000000000000e+00
1.330000000000000000e+03,3.100444987216852155e+01,3.304856705269672545e+01,-1.643366011919858167e-03,4.340253971895934626e+01,3.179584391874988869e-01,nan,1.155389425668129633e+01,1.000000000000000000e+00
1.331000000000000000e+03,3.777539983102683152e+01,1.076808897108613472e+01,-1.352622357549744742e-03,3.537366215878741826e+01,2.860066203678079955e-01,nan,1.157684469282632911e+01,1.000000000000000000e+00
1.332000000000000000e+03,1.038788372818853531e+02,2.332271567993123540e+01,-1.367298042487782254e-03,3.577893077156053181e+01,2.842627441177408842e-01,nan,1.467041671760682853e+01,1.000000000000000000e+00
1.333000000000000000e+03,1.607908924489153080e+01,1.171838668312252274e+01,-2.112795602759401630e-03,5.636582421828126144e+01,2.650732905000335871e-01,nan,6.864512653299358114e+00,1.000000000000000000e+00
1.334000000000000000e+03,6.417694726817336459e+01,4.876450159841523657e+01,-1.606187092150452092e-02,4.415691334855296759e+02,8.326341823198801784e-03,nan,8.259146733315546385e+00,1.000000000000000000e+00
1.335000000000000000e+03,1.386859270159512789e+02,1.403151890242372524e+01,-1.204015909366429327e-02,3.305096783170951653e+02,2.054362247696628341e-02,nan,1.071907472406913087e+01,1.000000000000000000e+00
1.335000000000000000e+03,4.926812020960711891e+01,1.216118313214867719e+01,-2.296998079195785095e-03,6.145257024818946689e+01,1.650215018568658154e-01,nan,9.059960845623068693e+00,1.000000000000000000e+00
1.335000000000000000e+03,2.057685563911695326e+01,1.690410085093812143e+01,-1.282879360156592924e-03,3.344771131400582931e+01,3.386721304620191608e-01,nan,6.433281190466820121e+00,1.000000000000000000e+00
1.337000000000000000e+03,1.139082125002859982e+02,4.931446592254251726e+01,-1.388017961433197882e-03,3.635111073067206178e+01,2.577491358424707224e-01,nan,2.785963833120869282e+01,1.000000000000000000e+00
1.338000000000000000e+03,1.197884388631782144e+02,2.141270801799934631e+01,-1.483117770453752388e-03,3.897728919113050949e+01,2.901162827592277393e-01,nan,2.028785378604869649e+01,1.000000000000000000e+00
1.339000000000000000e+03,8.652713168915328268e+00,1.017908764966280799e+01,-2.167174227658347913e-03,5.786748836345421410e+01,1.966158839557434757e-01,nan,6.548339067701629546e+00,1.000000000000000000e+00
1.339000000000000000e+03,1.581486389787931124e+01,1.162060347659467752e+01,2.567054411370279024e-03,-6.891016800754752580e+01,1.604014235707257319e-01,nan,7.112799016442793665e+00,1.000000000000000000e+00
1.339000000000000000e+03,2.411895706240916937e+01,2.227444761653207550e+01,-1.269522150189077462e-03,3.307885234920046003e+01,3.660644192834676680e-01,nan,6.433281190466820121e+00,1.000000000000000000e+00
1.340000000000000000e+03,3.733741298514056695e+01,4.814981055132960819e+01,-1.752154716088443615e-02,4.818780503864456932e+02,1.163275782332384711e-02,nan,1.808368934783302961e+01,1.000000000000000000e+00
1.342000000000000000e+03,5.531861896032955173e+01,4.622729862503168619e+01,-1.456676858307206840e-03,3.824712417114478313e+01,3.096332822345186919e-01,nan,1.477806511644718235e+01,1.000000000000000000e+00
1.344000000000000000e+03,5.977094447130318144e+01,5.153552871512711242e+00,-1.370580028294989981e-03,3.586956271418153364e+01,2.859238721099984781e-01,nan,1.347948867090069847e+01,1.000000000000000000e+00
1.344000000000000000e+03,1.218598806701179882e+02,3.787930127144739600e+01,-1.814071451463068318e-03,4.811656546757651398e+01,2.371175897124683241e-01,nan,2.309456669059012768e+01,1.000000000000000000e+00
1.345000000000000000e+03,1.179217642368369923e+02,1.512297798353383271e+01,-1.435822895351504319e-03,3.767124259058737579e+01,3.697873484230314034e-01,nan,1.704762144775333610e+01,1.000000000000000000e+00
1.345000000000000000e+03,8.861126346509826135e+01,1.794333624245078340e+01,-1.247786406796117702e-03,3.247862042751168588e+01,3.191695806786384315e-01,nan,7.779951399802116363e+00,1.000000000000000000e+00
1.345000000000000000e+03,9.574204988317617904e+01,2.449384952299747908e+01,-1.723155850844348838e-03,4.560593380045173006e+01,3.113541013080514119e-01,nan,9.682837351668318604e+00,1.000000000000000000e+00
1.346000000000000000e+03,8.597732055192724943e+01,3.756763145885926036e+01,-1.477039075673243799e-03,3.880942621154426320e+01,2.954373675099556396e-01,nan,8.934581526473792223e+00,1.000000000000000000e+00
1.346000000000000000e+03,3.825423048965938477e+01,4.815817537348227262e+01,-1.316964137052181781e-03,3.438896143674140404e+01,2.852803232237082209e-01,nan,1.717328270586750705e+01,1.000000000000000000e+00
1.347000000000000000e+03,6.964354251698658516e+01,2.639056505785390883e+01,-1.112708120155033245e-02,3.052950588800339347e+02,2.599518922943444554e-02,nan,4.901297887893749206e+00,1.000000000000000000e+00
1.348000000000000000e+03,1.741588045530560436e+01,4.856397138025815963e+01,-2.091262302791891195e-02,5.755225118370628934e+02,1.068461984393509479e-02,nan,2.084230079797735513e+01,1.000000000000000000e+00
1.350000000000000000e+03,8.316843832425507799e+01,4.604919544696158340e+01,-1.189702871352549523e-03,3.087464528539332065e+01,3.227268075212549325e-01,nan,8.934581526473792223e+00,1.000000000000000000e+00
1.351000000000000000e+03,8.751655674299540522e+01,2.513200488244641662e+01,-2.486075357001505098e-03,6.667393377614540384e+01,1.611698161154427877e-01,nan,1.051016910633242851e+01,1.000000000000000000e+00
1.353000000000000000e+03,5.330803757733706050e+01,4.946359607451778118e+01,-1.358470611719942789e-03,3.553516152762149005e+01,3.749297459000313637e-01,nan,2.507786190664192816e+01,1.000000000000000000e+00
1.354000000000000000e+03,1.397925949598028410e+02,1.428144037215507645e+01,-1.708368875785950744e-03,4.519759191424133604e+01,2.535092326103266513e-01,nan,1.061752792131290235e+01,1.000000000000000000e+00
1.356000000000000000e+03,1.411499549004460619e+02,2.481184744649916851e+01,-1.262248973472949055e-03,3.287800378569939141e+01,3.455358887511560395e-01,nan,1.061752792131290235e+01,1.000000000000000000e+00
1.357000000000000000e+03,8.182230852342189564e+01,2.635381566121287022e+01,-1.119634618913848897e-02,3.072078094979518141e+02,2.533376544389887020e-02,nan,1.367200130247653966e+01,1.000000000000000000e+00
1.357000000000000000e+03,1.039977666732369244e+02,5.280178272584527654e+00,-1.427847305378947057e-03,3.745099690543725046e+01,2.841073166113947668e-01,nan,1.265281430727891276e+01,1.000000000000000000e+00
1.357000000000000000e+03,1.159431113001418510e+02,2.136305909566239691e+01,-1.776986762904896738e-03,4.709247287152061290e+01,2.319803892496569153e-01,nan,1.835068833909766539e+01,1.000000000000000000e+00
1.358000000000000000e+03,4.394513863594840331e+01,2.619913216017096147e+01,-1.430137770066241404e-03,3.751424802116675750e+01,3.452474999426591307e-01,nan,4.132442154236017018e+00,1.000000000000000000e+00
1.359000000000000000e+03,4.674042781881547626e+01,7.425301774824315082e+00,-9.919453160327050198e-03,2.719464456412761137e+02,2.572081282939042701e-02,nan,1.637463503002387810e+01,1.000000000000000000e+00
1.359000000000000000e+03,1.368717429070991329e+02,4.645541297650560608e+01,-1.869246972193934703e-03,4.964023586797301846e+01,3.417234485600435523e-01,nan,7.357798530977397888e+00,1.000000000000000000e+00
1.360000000000000000e+03,3.237471142440711702e+01,4.832008247054927352e+01,-9.691031745588990845e-03,2.656385949161197573e+02,2.038478273529231721e-02,nan,2.283545420800757952e+01,1.000000000000000000e+00
1.360000000000000000e+03,1.203013861494072785e+02,3.918869240438260704e+01,-1.715906126746406454e-03,4.540573288031983168e+01,2.846843666359987202e-01,nan,1.142204438962443902e+01,1.000000000000000000e+00
1.361000000000000000e+03,5.309268504746281536e+00,2.931021086862992675e+01,-1.898257133154713800e-03,5.044135061924622221e+01,2.765537234236968844e-01,nan,2.160342786613772148e+01,1.000000000000000000e+00
1.361000000000000000e+03,1.377634640380936730e+02,5.669399288312241936e+00,-1.288828388138169934e-03,3.361199354871047973e+01,3.463434832512022332e-01,nan,6.177160217526314057e+00,1.000000000000000000e+00
1.361000000000000000e+03,9.232179820577280793e+01,1.015516239986797942e+01,-1.527632590141161104e-03,4.020656464224100546e+01,2.540314637113221252e-01,nan,3.646404025564996321e+00,1.000000000000000000e+00
1.361000000000000000e+03,8.197604445505241699e+01,5.194187329362647887e+01,-1.589815129609621494e-03,4.192373366130161827e+01,2.433053847671222680e-01,nan,1.379030487646388003e+01,1.000000000000000000e+00
1.363000000000000000e+03,1.295339264365724432e+02,4.591351938241135855e+01,-1.707465061394255589e-03,4.517263310609894233e+01,2.157059420441306274e-01,nan,7.357798530977397888e+00,1.000000000000000000e+00
1.364000000000000000e+03,2.771869072016954405e+01,8.194988831873301294e+00,-1.612250785194685281e-03,4.254329363782085949e+01,3.343427326791280629e-01,nan,8.657116815846842783e+00,1.000000000000000000e+00
1.364000000000000000e+03,6.246041414048657536e+00,5.089331889513558593e+01,-1.640881159984742968e-03,4.333392060503433640e+01,3.117744799724248006e-01,nan,9.152350170691452291e+00,1.000000000000000000e+00
1.364000000000000000e+03,9.626158241803976523e+01,3.054976238032613267e+01,-1.371399655882026133e-03,3.589219670616154900e+01,2.961584710556403044e-01,nan,7.501667034515471677e+00,1.000000000000000000e+00
1.364000000000000000e+03,6.577006464794781948e+01,3.752252056193010787e+01,-1.438530546411449220e-03,3.774601429586522272e+01,3.028255393524149630e-01,nan,1.570984298414153990e+01,1.000000000000000000e+00
1.365000000000000000e+03,8.298112156285407082e+01,3.440121350596395899e+01,-6.800046736020931397e-03,1.858041279510502193e+02,3.887165064516762136e-02,nan,1.053735395400002162e+01,1.000000000000000000e+00
1.366000000000000000e+03,6.614099265545664252e+01,1.689694969974029348e+01,-4.920634928161217274e-03,1.339042255331004014e+02,4.481245601242889176e-02,nan,7.857123114414679144e+00,1.000000000000000000e+00
1.366000000000000000e+03,4.271217588411358435e+01,4.452552982706001750e+00,-1.539572561515557911e-03,4.053628660451281007e+01,2.721718857748804954e-01,nan,1.260238665238744282e+01,1.000000000000000000e+00
1.366000000000000000e+03,8.873869623986503541e+01,1.083165528199200089e+01,-1.327242318527146678e-03,3.467279311926773033e+01,3.359037226828081035e-01,nan,3.646404025564996321e+00,1.000000000000000000e+00
1.366000000000000000e+03,9.844383714670328800e+01,2.337252247936407556e+01,-1.400531745168424142e-03,3.669667850460085390e+01,3.420384590663434476e-01,nan,7.501667034515471677e+00,1.000000000000000000e+00
1.366000000000000000e+03,5.447883777551046336e+01,2.659972960441702128e+01,-1.352950530535108149e-03,3.538272464623446467e+01,2.815111283000916176e-01,nan,9.242636401133498936e+00,1.000000000000000000e+00
1.367000000000000000e+03,5.506656171581547454e+01,6.940383374375976189e+00,-1.176317756705818739e-03,3.050501573368293151e+01,3.171018512523985367e-01,nan,8.352331363423653343e+00,1.000000000000000000e+00
1.367000000000000000e+03,9.613633369517133076e+01,4.626994201129260631e+01,-1.442325970672261480e-03,3.785082482645096036e+01,3.698310438693591662e-01,nan,7.802229355287735757e+00,1.000000000000000000e+00
1.368000000000000000e+03,5.186683888309492829e+01,1.547613302318490192e+01,-1.243095303894056021e-03,3.234907575729551610e+01,3.456769758462636677e-01,nan,6.871774096347480487e+00,1.000000000000000000e+00
1.368000000000000000e+03,1.316309894937772356e+02,2.588022406320998314e+01,-1.293864594290798468e-03,3.375106823515493204e+01,3.447469444548391104e-01,nan,1.704034594746397246e+01,1.000000000000000000e+00
1.368000000000000000e+03,1.168792278184797766e+02,3.531788069124675644e+01,1.211194854615141965e-03,-3.146814577817090708e+01,3.625466808937346519e-01,nan,1.650481615736633145e+01,1.000000000000000000e+00
1.368000000000000000e+03,8.904304880090676022e+01,4.302031244450937919e+01,-1.359016844583796129e-03,3.555024573227153439e+01,3.450081330767106325e-01,nan,7.802229355287735757e+00,1.000000000000000000e+00
1.368000000000000000e+03,1.515761187273917088e+01,5.297884655180916980e+01,-1.262965453663809218e-03,3.289778936533367926e+01,3.350255294325069633e-01,nan,9.152350170691452291e+00,1.000000000000000000e+00
1.369000000000000000e+03,5.866566114970331824e+01,1.447748642988865875e+01,-2.013942658141011643e-03,5.363600302743536474e+01,2.404840383219100097e-01,nan,6.871774096347480487e+00,1.000000000000000000e+00
1.370000000000000000e+03,9.076952505846808350e+00,3.776099773443417718e+01,-2.340894765401511229e-02,6.444584437898691931e+02,6.382616091952508786e-02,nan,1.638771921179568380e+01,1.000000000000000000e+00
1.371000000000000000e+03,1.395663866066346941e+02,4.628819510802262016e+01,-1.343120797335550180e-03,3.511127684979196317e+01,2.715155523832107898e-01,nan,1.203144552640766918e+01,1.000000000000000000e+00
1.372000000000000000e+03,3.264185144711379394e+01,1.428273768150264011e+01,-1.137904382890526705e-03,2.944423153289179851e+01,3.308738618753983562e-01,nan,8.294838686510583869e+00,1.000000000000000000e+00
1.373000000000000000e+03,1.432676436694365520e+02,1.177980704018539448e+01,-1.236339670124073998e-03,3.216251912720135664e+01,3.610275751652973764e-01,nan,1.828205351231340714e+01,1.000000000000000000e+00
1.375000000000000000e+03,6.636729067064065646e+01,1.698537781076195685e+01,4.928035276576640811e-03,-1.341085859393791679e+02,2.578030320988659030e-01,nan,4.086607392325321442e+00,1.000000000000000000e+00
1.375000000000000000e+03,7.037261392399122428e+01,1.779639298643821377e+01,-4.510469452858662485e-03,1.225775178608436278e+02,2.399432052932487514e-01,nan,4.086607392325321442e+00,1.000000000000000000e+00
1.375000000000000000e+03,1.285207352644890761e+02,4.151857584830472803e+01,-1.318468899785867933e-03,3.443051541587140463e+01,3.742469399524306350e-01,nan,1.203144552640766918e+01,1.000000000000000000e+00
1.377000000000000000e+03,2.573577370069218873e+01,1.887734745770920242e+01,-1.221660950924716854e-03,3.175716672339014224e+01,2.906165831122050625e-01,nan,8.294838686510583869e+00,1.000000000000000000e+00
1.379000000000000000e+03,1.033855547657718859e+02,4.042281611792273566e+01,-3.310781056373315184e-02,9.122922609843456030e+02,1.042579336754656527e-02,nan,2.515905379957322197e+01,1.000000000000000000e+00
1.379000000000000000e+03,1.602996194438924960e+01,2.215607226073764480e+01,-1.210472624876799807e-03,3.144820142495010629e+01,3.597025692511769401e-01,nan,1.024464827033033210e+01,1.000000000000000000e+00
1.380000000000000000e+03,5.983807817039203769e+01,1.723641509488983203e+01,-1.517420219352976548e-03,3.992455031991624992e+01,2.853981648060371912e-01,nan,6.534036699577460361e+00,1.000000000000000000e+00
1.380000000000000000e+03,3.396922436466419271e+01,2.738336088560556192e+01,-1.208221281928741411e-03,3.138603065491188104e+01,3.525596425289944102e-01,nan,1.067591982438160159e+01,1.000000000000000000e+00
1.380000000000000000e+03,4.097154358895027570e+01,3.544206981308381188e+01,-1.116552553272207818e-03,2.885460137892494714e+01,2.774682571051148017e-01,nan,7.083806589941977983e+00,1.000000000000000000e+00
1.381000000000000000e+03,1.076572591785562416e+01,5.911890392838317076e+00,-1.122564334075712433e-02,3.080168494878956267e+02,1.933525318434015094e-02,nan,1.707587846936267795e+01,1.000000000000000000e+00
1.381000000000000000e+03,3.401484102992128555e+01,8.115567749307656342e+00,-1.354866978187149046e-03,3.543564729241241906e+01,3.522225800026471676e-01,nan,1.326941449802190931e+01,1.000000000000000000e+00
1.382000000000000000e+03,1.369859173860076282e+02,1.241907610228503600e+01,-1.337594779291070672e-02,3.673974444000588164e+02,1.419363029872999782e-02,nan,2.709054679850545355e+01,1.000000000000000000e+00
1.382000000000000000e+03,6.923974859306592577e+01,4.783348392656251491e+01,-1.889062203408005446e-03,5.018743290169312843e+01,2.184426695782611949e-01,nan,5.916618750812199679e+00,1.000000000000000000e+00
1.382000000000000000e+03,4.769921261871257201e+01,2.332866982350457263e+01,-1.279910396449470463e-03,3.336572346757552765e+01,3.682469769312510799e-01,nan,6.303561897377854883e+00,1.000000000000000000e+00
1.382000000000000000e+03,4.313533008290121984e+01,4.218731582878263708e+01,-1.662854852165215414e-03,4.394072347557036551e+01,2.840466525944260745e-01,nan,7.083806589941977983e+00,1.000000000000000000e+00
1.383000000000000000e+03,2.845394761892542235e+01,4.633946536564540253e+01,-1.282241738100637664e-02,3.521117181728100149e+02,1.666056981812980009e-02,nan,1.525723883374726952e+01,1.000000000000000000e+00
1.384000000000000000e+03,5.393219779118233959e+01,2.238803789025654112e+01,-1.490844749844496024e-03,3.919066950229381519e+01,3.424215972925486184e-01,nan,6.303561897377854883e+00,1.000000000000000000e+00
1.384000000000000000e+03,5.208880033283678301e+01,4.781464950942408620e+01,-1.533564819940423131e-03,4.037038299562954080e+01,2.823617912460013590e-01,nan,1.057504202685563044e+01,1.000000000000000000e+00
1.385000000000000000e+03,1.040259395900147865e+02,2.916735933426589611e+01,-9.159583537604890080e-03,2.509626681079447224e+02,2.148877854426267664e-02,nan,1.320837968578325672e+01,1.000000000000000000e+00
1.387000000000000000e+03,1.205519544553779667e+02,3.395561686993628570e+01,-1.372253942381809018e-03,3.591578780300912399e+01,3.542135573144380434e-01,nan,4.380650878234678913e+00,1.000000000000000000e+00
1.388000000000000000e+03,1.305098807615433145e+02,8.345721659321311492e+00,-1.914977374225844972e-03,5.090307959017598449e+01,2.001333538857665850e-01,nan,1.059482771852409222e+01,1.000000000000000000e+00
1.388000000000000000e+03,9.033433443298562793e+01,2.811299444325192454e+01,-1.770415459387773057e-03,4.691100651599854388e+01,2.106612464269788099e-01,nan,1.217325077492403906e+01,1.000000000000000000e+00
1.389000000000000000e+03,3.045136621374970431e+01,5.236821630496224600e+01,-3.655635610293583859e-03,9.897130615825105338e+01,9.551880288124836582e-02,nan,2.211138905223417339e+01,1.000000000000000000e+00
1.389000000000000000e+03,1.417034751345096595e+02,1.029720976659343634e+01,-1.426901110081088076e-03,3.742486774980364572e+01,2.840625868013268995e-01,nan,8.984410013812412998e+00,1.000000000000000000e+00
1.390000000000000000e+03,1.170590825011834823e+02,3.131176596101954601e+01,1.838960830889206774e-03,-4.880388495660908177e+01,2.740538624096017228e-01,nan,4.380650878234678913e+00,1.000000000000000000e+00
1.391000000000000000e+03,1.361181168501227035e+02,1.733449590056033429e+01,-1.861194143925907043e-03,4.941785724953968639e+01,3.103898576592777347e-01,nan,8.984410013812412998e+00,1.000000000000000000e+00
1.392000000000000000e+03,8.182889233418359254e+01,3.682192601567312096e+01,-1.263793569261079282e-03,3.292065775346946310e+01,3.480362219096312382e-01,nan,1.122995501269434904e+01,1.000000000000000000e+00
1.392000000000000000e+03,1.170013934803078683e+02,3.939276078487527144e+01,-1.353223162174328840e-03,3.539025336102301367e+01,3.257109796448471872e-01,nan,6.307575170187815772e+00,1.000000000000000000e+00
1.393000000000000000e+03,6.383697675684811657e+01,3.013414998288116564e+01,-1.652903864805222063e-03,4.366592724901369138e+01,2.531823978003205911e-01,nan,1.644054535685619101e+01,1.000000000000000000e+00
1.393000000000000000e+03,8.980191609355603077e+01,4.473032545674977456e+01,-1.487602225884339206e-03,3.910112729743151760e+01,3.635092458629075596e-01,nan,8.896950622384526497e+00,1.000000000000000000e+00
1.394000000000000000e+03,4.334076640224624555e+01,1.431288508484903765e+01,-1.547167450449384073e-03,4.074601924154973176e+01,2.363211220478634855e-01,nan,1.115765870615763333e+01,1.000000000000000000e+00
1.394000000000000000e+03,8.601875580606562721e+01,2.020806842178581064e+01,-1.646415638820297907e-03,4.348675507712729171e+01,2.076293297708067254e-01,nan,1.713403688752240228e+01,1.000000000000000000e+00
1.394000000000000000e+03,6.852513737921766790e+01,4.589209025468411340e+01,-1.146443553515106174e-03,2.968004048135775363e+01,3.612765819711971638e-01,nan,6.215075645161387108e+00,1.000000000000000000e+00
1.395000000000000000e+03,3.651329193521158345e+01,2.313778962853023202e+01,-1.274178109640834722e-02,3.498849495186587433e+02,1.234233671084383754e-02,nan,1.115765870615763333e+01,1.000000000000000000e+00
1.396000000000000000e+03,1.319457044043897440e+02,3.627882616555830708e+01,-1.728134513252054232e-03,4.574341941805359113e+01,2.191289733523753558e-01,nan,6.048855037485898478e+00,1.000000000000000000e+00
1.396000000000000000e+03,3.027007327120558955e+01,5.197492569840462551e+01,2.561416645298685534e-03,-6.875448126143510308e+01,1.110485892623030990e-01,nan,1.606243203758350901e+01,1.000000000000000000e+00
1.397000000000000000e+03,2.096169627813823766e+01,3.888463002882849651e+01,-1.451184074773559417e-03,3.809544111360143859e+01,3.237235760624403991e-01,nan,1.606243203758350901e+01,1.000000000000000000e+00
1.397000000000000000e+03,9.721751799628943047e+01,4.964607349721372742e+01,-2.218527207540104979e-03,5.928559940946774987e+01,1.680730256604454631e-01,nan,8.896950622384526497e+00,1.000000000000000000e+00
1.398000000000000000e+03,1.175664477889423978e+02,6.352784441621801115e+00,-1.997337018633108148e-03,5.317743877534135777e+01,2.688163545839893365e-01,nan,1.870184902902529700e+01,1.000000000000000000e+00
1.402000000000000000e+03,6.396452238508850030e+01,4.711326942404740237e+01,-1.182598986543393618e-03,3.067847171298003772e+01,2.922579780079422873e-01,nan,3.368073747316641775e+00,1.000000000000000000e+00
1.403000000000000000e+03,1.621233051776040668e+01,3.444570865150370054e+01,-2.583460894481564869e-03,6.936323256154069838e+01,1.424089215757997628e-01,nan,8.622624147598365596e+00,1.000000000000000000e+00
1.403000000000000000e+03,1.334378447635490659e+02,1.624510040801211375e+01,-1.289974413613298281e-03,3.364364100887802067e+01,3.388871826896575623e-01,nan,1.422511448576983817e+01,1.000000000000000000e+00
1.403000000000000000e+03,4.512541802656452461e+01,2.866439886250076441e+01,-1.506843708967848736e-03,3.963248029321162846e+01,2.839397881259861922e-01,nan,1.567485357968585724e+01,1.000000000000000000e+00
1.404000000000000000e+03,6.351976203666133358e+01,3.408143543147235022e+01,-1.542719987293678791e-03,4.062320267584378541e+01,2.684323840349539525e-01,nan,1.303942134366275063e+01,1.000000000000000000e+00
1.404000000000000000e+03,3.557952642340058702e+01,4.211331942483165136e+01,-1.478636448425448436e-03,3.885353761364241620e+01,2.791876026886890294e-01,nan,1.397836729133767086e+01,1.000000000000000000e+00
1.404000000000000000e+03,1.196361607708949890e+02,1.280019096070074802e+01,-1.573843616716279073e-03,4.148268079722736701e+01,2.391915492765219753e-01,nan,1.422511448576983817e+01,1.000000000000000000e+00
1.405000000000000000e+03,7.038196899265884099e+01,4.733404089626326083e+01,-1.464674426660580791e-03,3.846797678864199810e+01,2.353736174541450898e-01,nan,6.421242948523318006e+00,1.000000000000000000e+00
1.405000000000000000e+03,2.381069523102519270e+01,4.965582328607764850e+01,-1.500753303161043647e-03,3.946429391397478526e+01,2.133487840803425239e-01,nan,1.397836729133767086e+01,1.000000000000000000e+00
1.406000000000000000e+03,9.672334179235838292e+01,3.445503087163896794e+01,-2.155039600116544652e-03,5.753239097678036984e+01,1.733050153447550645e-01,nan,1.144492894961261342e+01,1.000000000000000000e+00
1.406000000000000000e+03,1.864770175684073905e+01,8.348508569210682850e+00,-1.719293802893315628e-03,4.549928345859805745e+01,2.640850367146179156e-01,nan,1.047934287633524342e+01,1.000000000000000000e+00
1.410000000000000000e+03,6.981987841414353113e+01,5.557172139059975535e+00,-1.444996128769400782e-03,3.792456116465128702e+01,3.397748583517620213e-01,nan,2.541880806567306195e+01,1.000000000000000000e+00
1.410000000000000000e+03,1.281017859771565384e+02,1.591531382809692907e+01,-1.124285831943026663e-03,2.906815564452434231e+01,3.606240162182119402e-01,nan,1.037294983950804550e+01,1.000000000000000000e+00
1.410000000000000000e+03,7.657050468072115201e+00,3.124576906809106802e+01,-1.997108999637177765e-03,5.317114203739987488e+01,2.109156129875754404e-01,nan,1.245314255939661763e+01,1.000000000000000000e+00
1.412000000000000000e+03,1.140876168523680576e+02,3.248416212598608865e+01,-1.963282545622410322e-03,5.223702549350576163e+01,2.448053081121499552e-01,nan,6.151339710374865710e+00,1.000000000000000000e+00
1.412000000000000000e+03,1.225107427625318763e+02,7.178133267690183672e+00,-1.431098309423595042e-03,3.754077328758616261e+01,2.933322178807939995e-01,nan,1.037294983950804550e+01,1.000000000000000000e+00
1.417000000000000000e+03,3.573581933558202905e+01,1.362254526284015022e+01,-2.991820359825633074e-02,8.242113573912271249e+02,1.860507005554279392e-02,nan,9.673955817234791255e+00,1.000000000000000000e+00
1.417000000000000000e+03,5.395320630033108955e+01,3.695390115551388277e+01,-1.505776189898812073e-03,3.960300078516522859e+01,3.687929116408511510e-01,nan,1.787663340129537559e+01,1.000000000000000000e+00
1.418000000000000000e+03,1.424558462342423582e+02,4.573004355462389725e+01,-1.753145594458903117e-03,4.643409969822121042e+01,2.242454996049677574e-01,nan,2.574606326320487781e+01,1.000000000000000000e+00
1.419000000000000000e+03,2.959499112555727507e+01,2.109754693834331007e+01,-2.296908112922264183e-02,6.323115424996991578e+02,2.294838386104014472e-02,nan,9.673955817234791255e+00,1.000000000000000000e+00
1.419000000000000000e+03,9.281766757885502273e+01,6.889484807258706489e+00,-2.060101572562986552e-03,5.491068010682818823e+01,2.371341812775582536e-01,nan,1.400879246967864411e+01,1.000000000000000000e+00
1.419000000000000000e+03,9.082515400046436582e+01,4.678744969847227253e+01,-1.222859556177603507e-03,3.179026617259138021e+01,3.581383477136553806e-01,nan,2.761099073074575472e+01,1.000000000000000000e+00
1.421000000000000000e+03,6.975790182096993419e+01,2.320679416237755532e+01,-1.275699639275821229e-03,3.324944353068030267e+01,3.579320276109694277e-01,nan,7.927837743122118752e+00,1.000000000000000000e+00
1.422000000000000000e+03,7.714826890841634111e+01,2.033745876998082025e+01,-1.356299687284442295e-03,3.547521151246886006e+01,2.939024351365573384e-01,nan,7.927837743122118752e+00,1.000000000000000000e+00
1.424000000000000000e+03,4.587217830449677081e+01,1.802255270823218325e+01,-1.853775014098197650e-03,4.921297819510684235e+01,2.756935670271529748e-01,nan,5.842971288168302912e+00,1.000000000000000000e+00
1.424000000000000000e+03,4.392179583524833220e+01,3.574334234330149229e+01,-1.211243087888655857e-03,3.146947773861629827e+01,2.842097187554544213e-01,nan,1.115721548146651010e+01,1.000000000000000000e+00
1.425000000000000000e+03,9.031693258132297331e+01,1.902994327644185901e+01,-1.687665450299718822e-03,4.462586742152551267e+01,2.603104256383893533e-01,nan,1.323341602519830218e+01,1.000000000000000000e+00
1.426000000000000000e+03,8.957312740170596754e+00,2.119711695650159200e+01,-1.263591968967324019e-03,3.291509056722024695e+01,3.525495005192749165e-01,nan,1.884763772530999404e+01,1.000000000000000000e+00
1.427000000000000000e+03,3.560618516321916616e+01,1.054677742379789862e+01,-1.530475330941305718e-03,4.028506684676585792e+01,2.474224007150160887e-01,nan,1.269952090750345164e+01,1.000000000000000000e+00
1.427000000000000000e+03,8.469029102475737147e+01,3.404789401159150231e+01,-1.767693475701203991e-03,4.683583901565327778e+01,2.664856080795613424e-01,nan,1.564794338300651688e+01,1.000000000000000000e+00
1.427000000000000000e+03,5.480939108402412074e+01,3.818131834784108491e+01,-1.134181073107873002e-03,2.934141244152321448e+01,3.299952975153787049e-01,nan,1.115721548146651010e+01,1.000000000000000000e+00
1.427000000000000000e+03,1.140806886613784172e+02,4.468760279470291152e+01,-1.193837266666946881e-03,3.098881649176602693e+01,3.518412051365819027e-01,nan,1.059968408164742826e+01,1.000000000000000000e+00
1.427000000000000000e+03,8.506595123428908778e+01,5.242502866802610129e+01,-1.531976123537205636e-03,4.032651119065634759e+01,2.844780905317538799e-01,nan,1.838097382550105863e+01,1.000000000000000000e+00
1.428000000000000000e+03,5.081303397299691937e+01,2.114156837626097740e+01,-1.344084004015270485e-03,3.513787577424095332e+01,3.176970336546816043e-01,nan,5.842971288168302912e+00,1.000000000000000000e+00
1.428000000000000000e+03,1.277977614642025372e+02,4.504968330093566919e+01,-2.121814472108478691e-03,5.661488003307386663e+01,1.880283065749638327e-01,nan,1.372185077061294045e+01,1.000000000000000000e+00
1.429000000000000000e+03,3.455844990678564699e+01,2.348429039039783461e+01,-1.916623030608533397e-03,5.094852434332577928e+01,2.619806384418852385e-01,nan,1.256308197720461095e+01,1.000000000000000000e+00
1.429000000000000000e+03,7.382142531091096771e+01,1.891127351316233884e+01,-1.493382330978318016e-03,3.926074473150767119e+01,3.663482162888990201e-01,nan,1.649593412392678360e+01,1.000000000000000000e+00
1.430000000000000000e+03,1.796030710128502150e+01,4.638749272509598676e+00,-1.502152060492581735e-03,3.950292055700725768e+01,3.128541674512054227e-01,nan,1.860864877450976351e+01,1.000000000000000000e+00
1.432000000000000000e+03,1.252202239133130632e+02,8.576295878701358788e+00,-1.468873759350964366e-03,3.858394123876408344e+01,3.276503455312610447e-01,nan,8.032354823937897237e+00,1.000000000000000000e+00
1.433000000000000000e+03,1.077025985154844392e+02,2.113062181874862233e+01,-1.626273595962076258e-03,4.293053314935812637e+01,3.389407735644971442e-01,nan,9.840333036385548127e+00,1.000000000000000000e+00
1.434000000000000000e+03,9.203714154739968478e+01,1.357480439679503981e+01,-1.449023554828113378e-03,3.803577841813908833e+01,3.173356732271338521e-01,nan,1.409774604554695010e+01,1.000000000000000000e+00
1.436000000000000000e+03,4.384817861350173018e+01,4.567533803651843982e+01,-1.090888087385296149e-02,2.992694631762617519e+02,1.568497730532802947e-02,nan,9.002547813971158774e+00,1.000000000000000000e+00
1.436000000000000000e+03,1.120084503038856383e+02,5.248568834756933654e+01,-8.612418331447147662e-03,2.358527168522782631e+02,3.188104716538164851e-02,nan,1.006952245171353511e+01,1.000000000000000000e+00
1.436000000000000000e+03,1.165426261771617362e+02,1.680788365784168903e+01,-1.326161266446024929e-03,3.464293989748615843e+01,3.528862393743299464e-01,nan,9.840333036385548127e+00,1.000000000000000000e+00
1.437000000000000000e+03,5.284522078188740579e+01,4.599013854974366211e+01,-2.168825189878811552e-03,5.791307963715987484e+01,2.905813558758745252e-01,nan,5.619660748443476628e+00,1.000000000000000000e+00
1.438000000000000000e+03,1.205631322749713803e+02,4.717412560397460908e+01,-1.610104889864923073e-03,4.248403480069530502e+01,2.964128056450033855e-01,nan,7.960818133322732137e+00,1.000000000000000000e+00
1.438000000000000000e+03,2.457949091216325499e+01,4.604536439547187854e+01,-1.272217327807950238e-03,3.315327960076584901e+01,3.540230236534340769e-01,nan,1.869784173767760649e+01,1.000000000000000000e+00
1.439000000000000000e+03,5.278999039297804785e+01,5.160952788771778188e+01,-1.397713440713181090e-03,3.661885110902981211e+01,3.524978227726497382e-01,nan,5.619660748443476628e+00,1.000000000000000000e+00
1.440000000000000000e+03,6.387743157243424719e+01,4.762105351294520261e+01,-1.563782279514006014e-03,4.120483726298527216e+01,2.692861596755752318e-01,nan,1.115211004896619684e+01,1.000000000000000000e+00
1.440000000000000000e+03,2.275596866527992646e+01,2.743665535205996520e+01,-1.628697235553413494e-03,4.299746188618985343e+01,2.309759704376750378e-01,nan,1.274336808963971279e+01,1.000000000000000000e+00
1.440000000000000000e+03,6.279307205065264696e+01,3.450728841443866912e+01,2.310969043724985395e-03,-6.183837802736686484e+01,2.571206197557888151e-01,nan,3.731909398872501615e+00,1.000000000000000000e+00
1.440000000000000000e+03,3.458269162676683806e+01,2.269091470804179522e+01,-1.439195838873232698e-03,3.776438632784967808e+01,2.569824353051690657e-01,nan,1.274336808963971279e+01,1.000000000000000000e+00
1.440000000000000000e+03,1.408082534005967830e+02,4.463283533218653787e+01,-1.410764187074838808e-03,3.697924709027184065e+01,3.465305779426066657e-01,nan,7.953860710673091639e+00,1.000000000000000000e+00
1.441000000000000000e+03,8.463778518955207630e+01,1.244769612328404129e+01,-1.536379213384948643e-03,4.044810238875335529e+01,2.807807220000030357e-01,nan,7.202440181378084283e+00,1.000000000000000000e+00
1.441000000000000000e+03,1.225585072235276130e+02,3.946743343635079526e+01,-1.203119936827264959e-03,3.124515715828932727e+01,3.449478258238194428e-01,nan,7.960818133322732137e+00,1.000000000000000000e+00
1.442000000000000000e+03,5.632469183555032544e+01,2.866172867346415387e+01,-1.957722383270639899e-03,5.208348177185943229e+01,3.326774068072484436e-01,nan,5.565609014878288185e+00,1.000000000000000000e+00
1.442000000000000000e+03,4.454352296445221526e+01,4.787811854337588358e+01,-1.271758518999530638e-03,3.314060960886418883e+01,2.744143445531834757e-01,nan,8.513674594930424888e+00,1.000000000000000000e+00
1.445000000000000000e+03,7.745550774171765340e+01,1.190914693457550655e+01,-1.501874689286487961e-03,3.949526095921734736e+01,2.601187182356071714e-01,nan,7.202440181378084283e+00,1.000000000000000000e+00
1.445000000000000000e+03,1.111259387328101411e+02,3.331327873564882935e+01,-1.671154651377651252e-03,4.416992218945124904e+01,2.134064321416088150e-01,nan,1.008698656211507583e+01,1.000000000000000000e+00
1.447000000000000000e+03,8.485787709666831802e+01,1.557247826324672246e+01,-1.186115163750163992e-03,3.077557084428932654e+01,3.745663718265981323e-01,nan,8.259241399228910652e+00,1.000000000000000000e+00
1.447000000000000000e+03,5.561208629875348919e+01,4.574128227755351617e+01,-2.263066476230439408e-03,6.051555001908302955e+01,2.701005952176782632e-01,nan,1.127293943531908660e+01,1.000000000000000000e+00
1.448000000000000000e+03,6.315132370941187645e+01,2.061189070146746616e+01,-1.687260202021712702e-02,4.639574491992097478e+02,1.135763256982003089e-02,nan,1.674357876626882913e+01,1.000000000000000000e+00
1.448000000000000000e+03,1.371300188704903178e+02,3.706472264716254017e+01,-1.524840773703380623e-03,4.012946871250187542e+01,3.473845063447487114e-01,nan,1.621409594241924523e+01,1.000000000000000000e+00
1.449000000000000000e+03,8.165663058872529234e+01,3.238331362461911311e+01,-1.092233297207245886e-02,2.996409424773860906e+02,2.211068480283617799e-02,nan,1.121294740431280523e+01,1.000000000000000000e+00
1.449000000000000000e+03,1.007780949823342524e+02,3.743597386321354037e+01,-8.311176345970817947e-03,2.275339281839152932e+02,2.391915823539458863e-02,nan,1.113887271671189794e+01,1.000000000000000000e+00
1.450000000000000000e+03,1.211765328713548087e+02,3.416934845625672779e+01,-1.311860356674051601e-03,3.424802069002488025e+01,3.459021891189064668e-01,nan,1.008698656211507583e+01,1.000000000000000000e+00
1.451000000000000000e+03,9.676627056460777965e+01,1.407729720315167299e+01,-1.640409386746395984e-03,4.332089260077724902e+01,2.504035052911949277e-01,nan,1.200189157548634888e+01,1.000000000000000000e+00
1.451000000000000000e+03,3.359108162640985284e+01,2.079717478200460690e+01,-9.157424670476838058e-03,2.509030510549866335e+02,2.756881547872358507e-02,nan,2.764302757328947280e+01,1.000000000000000000e+00
1.453000000000000000e+03,9.227819685859179799e+01,2.878991419417453912e+01,-1.347704822653853591e-03,3.523786457564662555e+01,3.066399799294479145e-01,nan,7.896858636682393850e+00,1.000000000000000000e+00
1.455000000000000000e+03,8.449440683561715559e+01,3.012145060223318893e+01,-1.259919769274094698e-03,3.281368287948475881e+01,2.655669444324175732e-01,nan,7.896858636682393850e+00,1.000000000000000000e+00
1.457000000000000000e+03,6.595459669615806320e+01,2.560957827228390471e+01,-1.190058365286870978e-03,3.088446224005131313e+01,3.501795897301939187e-01,nan,1.342286903873219295e+01,1.000000000000000000e+00
1.458000000000000000e+03,6.493316634584384417e+01,1.222562918128642373e+01,-1.755308138335726900e-03,4.649381828448969856e+01,2.347338050637473028e-01,nan,1.341486204936909310e+01,1.000000000000000000e+00
1.458000000000000000e+03,1.157775210514112985e+02,2.390723674793969167e+01,-1.287581750769577899e-03,3.357756769403088271e+01,3.311175913195687492e-01,nan,1.871023787498706881e+01,1.000000000000000000e+00
1.458000000000000000e+03,3.135163483757232683e+01,3.448526826917336763e+01,-1.595866051158032926e-03,4.209082968389118662e+01,3.285465461227969897e-01,nan,8.499831390652051510e+00,1.000000000000000000e+00
1.459000000000000000e+03,3.327102748504772478e+01,7.888193258330653101e+00,-1.711930612640937075e-03,4.529594917391116837e+01,2.689576939669098277e-01,nan,1.770652805150298192e+01,1.000000000000000000e+00
1.459000000000000000e+03,4.647542631343289088e+01,3.137033030177814297e+01,1.490284116368560110e-03,-3.917518762515990005e+01,3.529324803898907792e-01,nan,9.319964523061427641e+00,1.000000000000000000e+00
1.463000000000000000e+03,1.207229504994769265e+01,2.911430448713693053e+01,-1.881461826060668073e-03,4.997754870227670665e+01,2.513030327198495506e-01,nan,6.876984358190701307e+00,1.000000000000000000e+00
1.464000000000000000e+03,1.767753772847430227e+01,2.513006448713399266e+01,-1.506633274993725334e-03,3.962666916513594373e+01,3.729740728456365506e-01,nan,6.876984358190701307e+00,1.000000000000000000e+00
1.464000000000000000e+03,1.156478157430698275e+02,5.111982720435373295e+01,-2.113773329275383649e-03,5.639282410758636388e+01,2.004747725181399431e-01,nan,1.287373173078034583e+01,1.000000000000000000e+00
1.465000000000000000e+03,4.888159430103519298e+01,4.943062086913010944e+01,-1.509239864321768564e-03,3.969865005362635202e+01,3.210847202021742675e-01,nan,1.480765686485800536e+01,1.000000000000000000e+00
1.465000000000000000e+03,1.008423179566414518e+01,7.144989847160156060e+00,-1.564451025226632971e-03,4.122330465639134900e+01,2.953511327268724118e-01,nan,1.952232580392715633e+01,1.000000000000000000e+00
1.466000000000000000e+03,5.496687631595052892e+01,1.856506315263731111e+01,-1.492100904507200369e-03,3.922535817677354686e+01,3.010968292534537127e-01,nan,6.709307870941561447e+00,1.000000000000000000e+00
1.467000000000000000e+03,5.703025840413200598e+01,2.494920494815299605e+01,-1.271560912960267202e-03,3.313515272383660459e+01,3.550653928238818313e-01,nan,3.592728369911852848e+00,1.000000000000000000e+00
1.467000000000000000e+03,9.241404966423503708e+01,3.031143004529135965e+01,-1.269457067701533059e-03,3.307705509819961520e+01,3.616214704616000919e-01,nan,1.691214393177369857e+01,1.000000000000000000e+00
1.468000000000000000e+03,1.012833567430913178e+02,1.506867310759827205e+01,-1.511791525445432350e-03,3.976911410135021896e+01,3.123014802215707819e-01,nan,1.763536920851505485e+01,1.000000000000000000e+00
1.468000000000000000e+03,1.282145452648913135e+02,2.045387849558460758e+01,-1.478954143105487085e-03,3.886231074299264776e+01,2.982286919338762443e-01,nan,6.697198610964115950e+00,1.000000000000000000e+00
1.469000000000000000e+03,1.082438093328883895e+02,4.058827187030677663e+01,-2.256419610310769763e-03,6.033199701001211679e+01,2.000817184054943798e-01,nan,1.287373173078034583e+01,1.000000000000000000e+00
1.469000000000000000e+03,8.605887995596111750e+01,4.972616796337543832e+01,-1.841061291194745573e-03,4.886188910686202291e+01,2.785941096868170819e-01,nan,1.983819362284978283e+01,1.000000000000000000e+00
1.470000000000000000e+03,7.568817341666385801e+01,3.281456330581988112e+01,-1.822591254072762536e-03,4.835183956887466650e+01,2.443840704777759942e-01,nan,1.691214393177369857e+01,1.000000000000000000e+00
1.472000000000000000e+03,5.389669609137476414e+01,2.670661337308926164e+01,-1.416268034327848547e-03,3.713123567210362097e+01,3.125232604934323755e-01,nan,3.592728369911852848e+00,1.000000000000000000e+00
1.472000000000000000e+03,1.216932405482120743e+02,5.230262893144391256e+01,-1.710685463282975334e-03,4.526156441060185642e+01,2.338625087959166349e-01,nan,1.783573271193355225e+01,1.000000000000000000e+00
1.472000000000000000e+03,3.110385939213620787e+01,1.044306745224321631e+01,-1.811088675553758093e-03,4.803419619758447823e+01,2.834083768684729776e-01,nan,2.043301276323910187e+01,1.000000000000000000e+00
1.473000000000000000e+03,8.766526759359454246e+00,1.474591046024587193e+01,-2.153619462135960769e-02,5.927424232555365506e+02,8.932382511616987486e-03,nan,2.274798644053646157e+01,1.000000000000000000e+00
1.473000000000000000e+03,1.207536482290686024e+02,1.017336665344972602e+01,-1.292129989111730172e-03,3.370316716357986309e+01,3.157631127138879057e-01,nan,9.338963871868315891e+00,1.000000000000000000e+00
1.475000000000000000e+03,9.075227747369584108e+01,4.287522433853251869e+01,-2.096832916359160290e-02,5.770608351536468490e+02,1.178188967096926998e-02,nan,1.811474900340134297e+01,1.000000000000000000e+00
1.475000000000000000e+03,5.524779772926162735e+01,4.622034572008547570e+01,-1.457243263986427763e-03,3.826276544750454178e+01,2.945360280283160215e-01,nan,9.274155606714067801e+00,1.000000000000000000e+00
1.476000000000000000e+03,1.325069919773621905e+02,3.264232303947558478e+01,-1.606549277686943056e-02,4.416691509161026943e+02,1.198721979187555853e-02,nan,1.497802714570611649e+01,1.000000000000000000e+00
1.477000000000000000e+03,7.237593274798355480e+01,1.659417018371544472e+01,-1.596359153156344263e-03,4.210444668123441403e+01,2.478232353120670695e-01,nan,7.863657623949547926e+00,1.000000000000000000e+00
1.479000000000000000e+03,1.218022083842735839e+02,4.421853358259649269e+01,-1.378420261221220645e-03,3.608607051843373625e+01,3.286245820024048525e-01,nan,1.433919192541908494e+01,1.000000000000000000e+00
1.479000000000000000e+03,1.208911079167299789e+02,1.499720638185950428e+01,-1.366538593592897749e-03,3.575795861241419971e+01,2.851881604849902940e-01,nan,1.828944827633140591e+01,1.000000000000000000e+00
1.479000000000000000e+03,5.601058502793797800e+01,2.558295367136294374e+01,-1.752764146216877986e-03,4.642356601611076883e+01,2.514411898604355100e-01,nan,1.237218883398567648e+01,1.000000000000000000e+00
1.479000000000000000e+03,9.428137034962112750e+01,2.009903379339856855e+01,-1.292182179232076455e-03,3.370460839223546401e+01,3.333891911164496014e-01,nan,9.107805873295355070e+00,1.000000000000000000e+00
1.479000000000000000e+03,1.079839282371481524e+01,5.294316352771080147e+01,-1.526916935229798893e-03,4.018680185267604799e+01,3.365230354569643811e-01,nan,6.672604252908298506e+00,1.000000000000000000e+00
1.480000000000000000e+03,2.325173226145730609e+01,3.967122547243516095e+01,-1.529248238955420751e-03,4.025118073726130774e+01,3.634888360921935124e-01,nan,6.832521411713461390e+00,1.000000000000000000e+00
1.480000000000000000e+03,2.817942688972340193e+01,3.061656031891202190e+01,-1.804620236003895515e-03,4.785557042752688517e+01,2.040589332969475755e-01,nan,1.030869222510153094e+01,1.000000000000000000e+00
1.480000000000000000e+03,2.097953937972306804e+01,4.611486484391764407e+01,-1.534276159038472712e-03,4.039002660413537882e+01,3.337464271204243493e-01,nan,6.559720513863274149e+00,1.000000000000000000e+00
1.480000000000000000e+03,1.362115835825844670e+02,4.715498296851774285e+01,-1.153726778031006041e-03,2.988116651455730377e+01,3.630824818744504690e-01,nan,1.470553734488386866e+01,1.000000000000000000e+00
1.481000000000000000e+03,1.021129186065296608e+02,2.474865525383449238e+01,-1.606146750056988443e-03,4.237473088500779994e+01,3.297690373298720612e-01,nan,7.630745136257943706e+00,1.000000000000000000e+00
1.482000000000000000e+03,4.764586657610319520e+01,1.049050256134541925e+01,-1.188001968367317050e-03,3.082767489892091817e+01,3.618584002727545101e-01,nan,1.725545117598304046e+01,1.000000000000000000e+00
1.482000000000000000e+03,1.370564632591576526e+01,3.970013803898984861e+01,-1.346247858911986525e-03,3.519763056428563885e+01,3.561271690938245804e-01,nan,6.184653244165319030e+00,1.000000000000000000e+00
1.484000000000000000e+03,6.513266987278288411e+01,4.000475311555158697e+01,-1.658007020596415819e-03,4.380685074778013188e+01,2.494804551080688215e-01,nan,6.783426386395474239e+00,1.000000000000000000e+00
1.486000000000000000e+03,5.430503157525836144e+01,4.460198734168289292e+01,-1.708549296926388820e-03,4.520257423878761927e+01,3.335255736097124668e-01,nan,1.176317617108291280e+01,1.000000000000000000e+00
1.486000000000000000e+03,1.037125276584676214e+02,1.728745412965331951e+01,-1.523170524787196677e-03,4.008334483725478492e+01,2.763258188222855738e-01,nan,7.630745136257943706e+00,1.000000000000000000e+00
1.487000000000000000e+03,9.800810390303412589e+01,2.808041965809629659e+01,-1.398104372115181824e-03,3.662964666832719729e+01,2.689087659949799258e-01,nan,1.220772522953037154e+01,1.000000000000000000e+00
1.487000000000000000e+03,1.174983031022839697e+01,5.004878635917630447e+01,-1.212050836130276451e-03,3.149178368281813079e+01,3.312407771318224281e-01,nan,1.053184401432708128e+01,1.000000000000000000e+00
1.488000000000000000e+03,8.530109203556062880e+01,9.319811612725006356e+00,-1.459262511536013000e-03,3.831852690986361409e+01,3.327067758881995241e-01,nan,9.475010567822137020e+00,1.000000000000000000e+00
1.492000000000000000e+03,7.867816182330457764e+01,5.318378960604953676e+01,-5.975388652847855517e-03,1.630312189665117444e+02,2.872423537981694253e-02,nan,2.290350676557688203e+01,1.000000000000000000e+00
1.493000000000000000e+03,9.920660511909758839e+01,4.302733165988360753e+01,-1.618705907059472815e-02,4.450262005819977844e+02,1.181498987492168862e-02,nan,1.624063107789657678e+01,1.000000000000000000e+00
1.493000000000000000e+03,5.835283714081827355e+01,2.642641644832756498e+01,-1.820792788918435250e-03,4.830217500593996505e+01,2.408745715568664236e-01,nan,8.622169966588444368e+00,1.000000000000000000e+00
1.494000000000000000e+03,6.844675897275189413e+01,2.235130290114598850e+01,-1.637993023183414521e-03,4.325416479125696867e+01,3.228513019142005280e-01,nan,9.697791945214417453e+00,1.000000000000000000e+00
1.495000000000000000e+03,1.005981769041986063e+01,4.571668271683599016e+01,-2.672848424768724338e-03,7.183166661089801153e+01,1.497162852815037137e-01,nan,8.776344774439147400e+00,1.000000000000000000e+00
1.496000000000000000e+03,4.066159382339445472e+01,2.601133275555376301e+01,-1.426744211623807860e-03,3.742053500346869299e+01,3.624674559378607830e-01,nan,1.260069249390186563e+01,1.000000000000000000e+00
1.498000000000000000e+03,3.979116433334437630e+01,1.156973042728191992e+01,-1.441424076542999547e-03,3.782591904629982338e+01,2.936245827398525909e-01,nan,1.368009206448900983e+01,1.000000000000000000e+00
1.498000000000000000e+03,9.395755307056354866e+01,2.032476084781555059e+01,-1.662046705978692529e-03,4.391840654213163475e+01,3.270240877320231832e-01,nan,1.269873937685239262e+01,1.000000000000000000e+00
1.499000000000000000e+03,5.329501712684935200e+01,1.375853800773366231e+01,-1.809222835854112357e-03,4.798267108854016527e+01,2.229600405571194877e-01,nan,1.368009206448900983e+01,1.000000000000000000e+00
1.500000000000000000e+03,7.931399602634479606e+01,1.052367642201370934e+01,-1.495069027265393631e-03,3.930732280042361992e+01,3.532223184808098715e-01,nan,9.336415205313407739e+00,1.000000000000000000e+00
1.500000000000000000e+03,1.094793145797392775e+01,3.698538948297273521e+01,-1.415302727052072419e-03,3.710457873975563814e+01,2.460847645256277749e-01,nan,8.776344774439147400e+00,1.000000000000000000e+00
1.501000000000000000e+03,1.374149867237011051e+02,7.996925282106563948e+00,-1.323296907659939894e-03,3.456384071290823812e+01,3.571569659642283012e-01,nan,3.540291748215077661e+01,1.000000000000000000e+00
1.501000000000000000e+03,1.011614476520310468e+01,4.574941927816772136e+01,2.625153896271304431e-03,-7.051458359346973737e+01,1.311739831177736182e-01,nan,8.803413392164205931e+00,1.000000000000000000e+00
1.503000000000000000e+03,6.196804556408349818e+00,1.986717805858096142e+01,-1.452041997042963651e-03,3.811913261212137627e+01,3.075164448584473131e-01,nan,7.230083443340973304e+00,1.000000000000000000e+00
1.503000000000000000e+03,7.646631064391053201e+01,1.941520817130626853e+01,-1.460022337815286434e-03,3.833950949046887047e+01,3.046358967865258061e-01,nan,9.336415205313407739e+00,1.000000000000000000e+00
1.504000000000000000e+03,3.234210914032319550e+01,2.496637933593430247e+01,-1.396367104892159983e-03,3.658167208448576702e+01,3.112322974369043926e-01,nan,1.943224272295557853e+01,1.000000000000000000e+00
1.505000000000000000e+03,6.209312803265900271e+01,2.996222949954625392e+01,-2.621448008741734600e-02,7.219331403492077470e+02,1.163053710580363997e-02,nan,7.521241265787336872e+00,1.000000000000000000e+00
1.507000000000000000e+03,7.812289160434900737e+01,4.250116970797679983e+01,-1.532226091401204344e-03,4.033341404595123691e+01,2.342106174424856135e-01,nan,1.194317109838017110e+01,1.000000000000000000e+00
1.507000000000000000e+03,1.077315700223303594e+02,4.784366783870213879e+01,1.655741897189466670e-03,-4.374429943077039695e+01,3.090095746765693097e-01,nan,1.166950920146924631e+01,1.000000000000000000e+00
1.508000000000000000e+03,1.390055045798012543e+02,4.451859241888271868e+01,-1.414858723086649976e-03,3.709231758316279581e+01,2.769860295936934502e-01,nan,2.064312737693061806e+01,1.000000000000000000e+00
1.508000000000000000e+03,1.250377341130284350e+02,2.931858925810240990e+01,-1.618249257516398386e-03,4.270894127654045036e+01,2.103222860284319484e-01,nan,1.490347568594435756e+01,1.000000000000000000e+00
1.509000000000000000e+03,4.377544029630188049e+01,7.513827025433114315e+00,-1.681066495375712830e-03,4.444363747320652891e+01,2.988265038669029039e-01,nan,2.057625980131316723e+01,1.000000000000000000e+00
1.511000000000000000e+03,9.402247950026437096e+00,1.435886388426239613e+01,-2.081751156678853226e-03,5.550853274258567183e+01,2.937108060902692275e-01,nan,6.359595044657314844e+00,1.000000000000000000e+00
1.511000000000000000e+03,7.774835207832882134e+01,2.730515140058228951e+01,-1.214232922988467108e-03,3.155204194794872663e+01,3.517622123878224594e-01,nan,9.560394339389048923e+00,1.000000000000000000e+00
1.513000000000000000e+03,3.365059731743529170e+01,4.276389844651993144e+01,-1.743077834949216531e-03,4.615607881214666719e+01,2.572667390540608334e-01,nan,1.043224315054204432e+01,1.000000000000000000e+00
1.513000000000000000e+03,4.960013949489074747e+01,4.783698437875644061e+01,-1.586242810447828716e-03,4.182508417153707825e+01,2.090584106360814376e-01,nan,1.373464384288124762e+01,1.000000000000000000e+00
1.514000000000000000e+03,1.182065042389548637e+02,1.579542308824251506e+01,-1.486117111118691195e-03,3.906011589636749193e+01,2.586039848105722294e-01,nan,8.017277976594282762e+00,1.000000000000000000e+00
1.514000000000000000e+03,3.681019371909596316e+01,2.687533026071568543e+01,-1.142664711864340311e-03,2.957568787906620145e+01,3.502756942051571398e-01,nan,1.619968050352654032e+01,1.000000000000000000e+00
1.514000000000000000e+03,1.193755345632399525e+02,3.531702404284282437e+01,-1.500366756127580409e-03,3.945361942888705897e+01,2.758033153977708096e-01,nan,7.308820266704437962e+00,1.000000000000000000e+00
1.514000000000000000e+03,3.676319834045506241e+01,5.272097693488827730e+01,-1.403274712243104483e-03,3.677242546059858341e+01,3.127959990268159851e-01,nan,1.043224315054204432e+01,1.000000000000000000e+00
1.515000000000000000e+03,9.529260371106879290e+01,5.344334040040268263e+01,-1.831676820845416342e-03,4.860273723107967925e+01,2.459234184033173287e-01,nan,2.325512837963886170e+01,1.000000000000000000e+00
1.516000000000000000e+03,4.258922365656568587e+01,6.453191957032971438e+00,-1.292261340464006007e-03,3.370679442735306708e+01,3.441716109465950968e-01,nan,1.001516879300572249e+01,1.000000000000000000e+00
1.520000000000000000e+03,1.186789203749528241e+02,1.297821129920262351e+01,-1.411570115543217801e-03,3.700150278148852578e+01,3.189136042587629172e-01,nan,1.974920215506773147e+01,1.000000000000000000e+00
1.520000000000000000e+03,3.014736912201960095e+01,1.088633921937992532e+01,-1.289688578971114096e-03,3.363574769354659821e+01,3.257813987061415339e-01,nan,9.022865441994264657e+00,1.000000000000000000e+00
1.520000000000000000e+03,1.498420775533349492e+01,1.605539729474390853e+01,-1.537267213203974588e-03,4.047262447793139728e+01,2.761619996995069437e-01,nan,1.602000699184140942e+01,1.000000000000000000e+00
1.522000000000000000e+03,3.045795150598470968e+01,3.203292085123293731e+01,-1.841577335847817279e-03,4.887613966494924966e+01,2.352593666439237730e-01,nan,1.587561565087734294e+01,1.000000000000000000e+00
1.522000000000000000e+03,7.422201755188564221e+01,1.069500749201215761e+01,-1.757257992924765979e-03,4.654766346226133322e+01,2.062538786584950934e-01,nan,2.006252162448151566e+01,1.000000000000000000e+00
1.522000000000000000e+03,9.256866299957694721e+00,3.766009494648116629e+01,-1.488768059023732639e-03,3.913332174567170085e+01,3.104710060274075145e-01,nan,7.259421655923259387e+00,1.000000000000000000e+00
1.523000000000000000e+03,9.343119079440025132e+01,4.906014723675922617e+00,-1.290433508270532768e-03,3.365631889448638958e+01,3.356372157827099967e-01,nan,2.006252162448151566e+01,1.000000000000000000e+00
1.523000000000000000e+03,1.041342385511303981e+01,4.482679414486396752e+01,-1.623944087268065382e-03,4.286620383451860050e+01,2.195557872567539537e-01,nan,7.259421655923259387e+00,1.000000000000000000e+00
1.524000000000000000e+03,1.015642058162998183e+02,4.823541568918282962e+01,-1.232836715062005659e-03,3.206578512503349287e+01,2.929688474904394990e-01,nan,1.387549497054100733e+01,1.000000000000000000e+00
1.527000000000000000e+03,1.345031275244657252e+02,4.281462218899704197e+01,-1.447527928627759643e-03,3.799447674411135267e+01,3.711212718194555338e-01,nan,1.103199440057454161e+01,1.000000000000000000e+00
1.527000000000000000e+03,1.412121405712541673e+02,5.157213578546553379e+01,-1.459054252449478416e-03,3.831277584124544688e+01,2.922784804604394715e-01,nan,1.103199440057454161e+01,1.000000000000000000e+00
1.527000000000000000e+03,1.041297674093968624e+02,3.459916787720998599e+01,-1.199047652410607703e-03,3.113270114255143639e+01,2.952449711095828100e-01,nan,1.212638077162693229e+01,1.000000000000000000e+00
1.528000000000000000e+03,9.218506912746293835e+01,3.250792576495990716e+01,-1.223744922065731844e-03,3.181471552584428508e+01,3.020976506869552658e-01,nan,8.960948882384528247e+00,1.000000000000000000e+00
1.529000000000000000e+03,2.208403311012003201e+01,2.620775767920354937e+01,-1.367724788690814113e-03,3.579071535554684402e+01,3.445546833695694033e-01,nan,1.247546428556610820e+01,1.000000000000000000e+00
1.529000000000000000e+03,8.383707006937260076e+01,3.576515105634387481e+01,-1.736426440191971314e-03,4.597240073935780913e+01,2.138106077986038356e-01,nan,8.960948882384528247e+00,1.000000000000000000e+00
1.530000000000000000e+03,1.097554423485691046e+02,7.112239444492612250e+00,-1.345314244162331210e-03,3.517184882012482205e+01,2.989871084405419932e-01,nan,1.415572632094354866e+01,1.000000000000000000e+00
1.531000000000000000e+03,7.389434278010230628e+01,1.466364581574191384e+01,-1.594782356278553852e-03,4.206090348130983614e+01,2.849575197927850523e-01,nan,7.726950776477304217e+00,1.000000000000000000e+00
1.533000000000000000e+03,5.096866300162718488e+01,1.158490892826285545e+01,-1.335108038032126708e-03,3.489000473465090835e+01,3.482289466192822758e-01,nan,2.248176982195092677e+01,1.000000000000000000e+00
1.533000000000000000e+03,1.210707701200101241e+02,4.001859561059712433e+01,-1.472350729514210199e-03,3.867995766870664198e+01,3.223210776653626652e-01,nan,4.620928865750711267e+00,1.000000000000000000e+00
1.534000000000000000e+03,1.285094192960739079e+01,1.781804752969449979e+01,-1.604569685084930109e-03,4.233118028166780533e+01,3.096514450671457030e-01,nan,1.247546428556610820e+01,1.000000000000000000e+00
1.535000000000000000e+03,1.180537621411316138e+02,2.745959835748564615e+01,-4.167053453072362169e-03,1.130940950137939893e+02,6.541200247700085235e-02,nan,9.802161716650543255e+00,1.000000000000000000e+00
1.535000000000000000e+03,1.055123190130603490e+02,3.083532258931894532e+01,-1.454920632119140406e-03,3.819862603603500162e+01,3.223129478785002888e-01,nan,1.007874871768368941e+01,1.000000000000000000e+00
1.536000000000000000e+03,7.098456505526945648e+01,2.182178537111311201e+01,-1.376039027498172050e-03,3.602031281842157284e+01,2.773943175789460591e-01,nan,7.726950776477304217e+00,1.000000000000000000e+00
1.536000000000000000e+03,1.403009459453053509e+01,4.498321093003612958e+01,-1.436472265289339811e-03,3.768917492253605417e+01,3.420762123132821131e-01,nan,6.245856543308130782e+00,1.000000000000000000e+00
1.537000000000000000e+03,1.173796529613576496e+02,3.723855285851048791e+01,-1.387647189624464233e-03,3.634087187795648077e+01,3.583288873893865079e-01,nan,4.620928865750711267e+00,1.000000000000000000e+00
1.538000000000000000e+03,5.395031324854031851e+01,5.253687675194816364e+01,-1.330392942356534939e-03,3.475979750469144847e+01,3.252486058097729948e-01,nan,1.406908564981318754e+01,1.000000000000000000e+00
1.539000000000000000e+03,8.566671096055308965e+01,4.495654249028967797e+01,-1.530626331140853315e-02,4.207030513069243511e+02,1.528755185318875220e-02,nan,2.238795078704027475e+01,1.000000000000000000e+00
1.539000000000000000e+03,4.843702229563872663e+01,3.476500990930398416e+01,-1.324283140936754555e-03,3.459107551616634169e+01,3.340539452383769481e-01,nan,8.951805908058981132e+00,1.000000000000000000e+00
1.540000000000000000e+03,3.779172232953716559e+01,5.213033577259371043e+01,-1.667317194290971524e-03,4.406395092360155985e+01,3.457836972381670426e-01,nan,4.103830284198852318e+00,1.000000000000000000e+00
1.542000000000000000e+03,1.442245465172479442e+02,2.644927032488231333e+01,-4.566107938131149825e-03,1.241139730135932950e+02,5.122831294553431558e-02,nan,1.744068694288615973e+01,1.000000000000000000e+00
1.543000000000000000e+03,3.530857235063467670e+01,6.110973231448729948e+00,-1.453095447058210280e-03,3.814822360365651832e+01,2.891482998419289130e-01,nan,5.011629777211141779e+00,1.000000000000000000e+00
1.543000000000000000e+03,3.573558018059651431e+01,3.558023072418197330e+01,-1.233229702503300506e-03,3.207663746179619579e+01,3.430923500968593443e-01,nan,1.055357888988873327e+01,1.000000000000000000e+00
1.545000000000000000e+03,1.150796473737192542e+02,4.098207074613046785e+01,-1.409586285438636918e-03,3.694671937084325464e+01,3.637885046041788861e-01,nan,1.680737155922640724e+01,1.000000000000000000e+00
1.545000000000000000e+03,1.357789167359389921e+02,1.118988309482530141e+01,-1.886229852344612976e-03,5.010921760944653869e+01,2.254307786372719002e-01,nan,6.528679322951839836e+00,1.000000000000000000e+00
1.545000000000000000e+03,1.895282616325167879e+01,1.901758614205543907e+01,-1.568789072717615470e-03,4.134309971169794551e+01,2.912495903452988477e-01,nan,1.323671033668513708e+01,1.000000000000000000e+00
1.545000000000000000e+03,3.376206582870516826e+01,5.290705418154901452e+01,-4.619506908680441441e-03,1.255885840323903437e+02,7.013971059485779591e-02,nan,4.103830284198852318e+00,1.000000000000000000e+00
1.546000000000000000e+03,1.011850664897596346e+02,2.780176693361174856e+01,-2.264821860683876101e-02,6.234509332752286355e+02,1.581703125930089548e-02,nan,1.915149567347656401e+01,1.000000000000000000e+00
1.546000000000000000e+03,4.645301967478496152e+01,4.830955985882201986e+01,-1.348385093593113850e-03,3.525665023785100516e+01,3.320530681308936360e-01,nan,1.349804665760325761e+01,1.000000000000000000e+00
1.548000000000000000e+03,1.062325457841093446e+01,2.930489569073340306e+01,-2.197147943408243875e-03,5.869521165220726999e+01,2.326001288223102925e-01,nan,1.017306382457530844e+01,1.000000000000000000e+00
1.550000000000000000e+03,1.293425121692424398e+02,1.228366093138382986e+01,-1.469071348407831150e-02,4.037046607263065425e+02,1.529639655756320771e-02,nan,6.528679322951839836e+00,1.000000000000000000e+00
1.550000000000000000e+03,6.075500804252725118e+01,1.011118454901080987e+01,-1.565254822517976119e-03,4.124550149521616760e+01,2.113881671841090215e-01,nan,1.722596037325157781e+01,1.000000000000000000e+00
1.551000000000000000e+03,4.381195860037740886e+01,2.642835892610106541e+01,-1.377530531656469357e-03,3.606150066237779583e+01,2.917694467232991862e-01,nan,1.083030121874063489e+01,1.000000000000000000e+00
1.553000000000000000e+03,3.447323580727448444e+01,5.331992264311033125e+01,4.698486377469798456e-03,-1.277695997661677865e+02,2.232104294072835282e-01,nan,1.256507975410952049e+01,1.000000000000000000e+00
1.553000000000000000e+03,7.500902101036974301e+00,1.962284308883542039e+01,-1.656294005965166507e-03,4.375954589855520283e+01,3.472035650367780724e-01,nan,7.635021738489500720e+00,1.000000000000000000e+00
1.553000000000000000e+03,9.550044105725488919e+01,3.619678436965177326e+01,-1.544453957618372722e-03,4.067108621593376938e+01,3.580024867233575492e-01,nan,1.546577656894777242e+01,1.000000000000000000e+00
1.554000000000000000e+03,2.554707596937626946e+01,4.302382977402407960e+01,-1.475866968401746103e-03,3.877705850332848314e+01,2.545261348292653381e-01,nan,1.362665981891952249e+01,1.000000000000000000e+00
1.554000000000000000e+03,1.033640466771412321e+02,5.280453562316952087e+01,-1.423317234558876127e-03,3.732589913148220262e+01,3.017843964937917400e-01,nan,1.837535564400940657e+01,1.000000000000000000e+00
1.555000000000000000e+03,8.964274933978112259e+00,1.212937280471357937e+01,-1.687357473542144739e-03,4.461736265232152476e+01,2.891442344643015971e-01,nan,7.635021738489500720e+00,1.000000000000000000e+00
1.556000000000000000e+03,8.004388082691535544e+01,3.673062959675439743e+01,-1.753114489929408736e-03,4.643324074754378472e+01,1.781162732805942062e-01,nan,1.320769829404561335e+01,1.000000000000000000e+00
1.556000000000000000e+03,6.687533738696303942e+01,1.014018329102768234e+01,-1.533520538521746749e-03,4.036916016554056341e+01,3.342070566741874860e-01,nan,1.152792047967296796e+01,1.000000000000000000e+00
1.556000000000000000e+03,4.400569054256188650e+01,4.513374307344355429e+01,-1.319944222133509915e-03,3.447125639959696741e+01,3.083852638704966953e-01,nan,1.256507975410952049e+01,1.000000000000000000e+00
1.556000000000000000e+03,7.678750217320485660e+01,4.953060195181024739e+01,-1.189507558841652228e-03,3.086925173608486972e+01,3.581656928680884144e-01,nan,6.067500950074470545e+00,1.000000000000000000e+00
1.558000000000000000e+03,6.303387667106039061e+01,4.826059506150932066e+01,-1.333459624860135586e-03,3.484448385284468230e+01,3.571417011736902625e-01,nan,9.280319995393613297e+00,1.000000000000000000e+00
1.560000000000000000e+03,1.369662637339571916e+02,4.427945661718632664e+01,-1.666178359554254139e-03,4.403250203546612340e+01,2.522654337277014935e-01,nan,2.239723686812729753e+01,1.000000000000000000e+00
1.561000000000000000e+03,7.254247154714817292e+00,4.618114730136931456e+01,-1.721749452803043173e-03,4.556709615944122760e+01,2.631615285000277193e-01,nan,2.613228995081509964e+01,1.000000000000000000e+00
1.562000000000000000e+03,1.342990595778533134e+02,1.038888930313507686e+01,-1.442724379265252497e-03,3.786182686816009380e+01,3.251486271906876002e-01,nan,9.326524064005912606e+00,1.000000000000000000e+00
1.562000000000000000e+03,3.281346740016452657e+01,5.162383400171001568e+01,4.538626475114899278e-03,-1.233550732116014359e+02,1.005647301280542250e-01,nan,2.613228995081509964e+01,1.000000000000000000e+00
1.562000000000000000e+03,9.414724686778060914e+01,1.439647193152000781e+01,-1.466344532886440337e-03,3.851409672349993230e+01,3.116641312383520157e-01,nan,1.027369024797803654e+01,1.000000000000000000e+00
1.562000000000000000e+03,1.300783522416438984e+02,2.296765484912694077e+01,-1.601812610133813899e-03,4.225504373707258310e+01,3.105515787296080354e-01,nan,7.830739303309647070e+00,1.000000000000000000e+00
1.563000000000000000e+03,1.435607945741880940e+02,1.148630261367442706e+01,-1.273168481457744418e-03,3.317954568114394931e+01,3.272719104270160884e-01,nan,9.326524064005912606e+00,1.000000000000000000e+00
1.563000000000000000e+03,1.098463218343336791e+02,6.125266727873438732e+00,-1.366121538595074011e-03,3.574644165077788216e+01,2.909798410347452791e-01,nan,8.206777668861962027e+00,1.000000000000000000e+00
1.563000000000000000e+03,5.057019544568288438e+01,1.270426471263773571e+01,-1.978065105598553544e-03,5.264524545734808214e+01,3.337864306096328670e-01,nan,1.347218469730463752e+01,1.000000000000000000e+00
1.564000000000000000e+03,7.528461936564023915e+01,2.861305930034320255e+01,-1.869494069525222792e-03,4.964705945359057893e+01,2.026804453188523203e-01,nan,1.563051890054604520e+01,1.000000000000000000e+00
1.565000000000000000e+03,1.142917979655210701e+02,2.093894097433560830e+01,-6.342690406247520653e-03,1.731742462049611220e+02,4.856445802565934056e-02,nan,7.317753211423326576e+00,1.000000000000000000e+00
1.565000000000000000e+03,1.371917715089301453e+02,1.969355277921536640e+01,-1.369741403716897427e-03,3.584640412084596051e+01,3.732978522972533186e-01,nan,7.830739303309647070e+00,1.000000000000000000e+00
1.568000000000000000e+03,2.527084134536327298e+01,2.649234044923836962e+01,-1.592685845542875451e-03,4.200300839831373167e+01,2.634821436493182123e-01,nan,1.021273268065607631e+01,1.000000000000000000e+00
1.569000000000000000e+03,1.254255427556914100e+02,5.204211958301889496e+01,-1.453189887384757385e-03,3.815083157052765017e+01,3.232927995004843957e-01,nan,1.287020421748639976e+01,1.000000000000000000e+00
1.570000000000000000e+03,8.629735345850190242e+01,3.167339151892046800e+01,-1.547684784626659560e-03,4.076030540981034278e+01,2.471785792331295806e-01,nan,1.118203060037070529e+01,1.000000000000000000e+00
1.570000000000000000e+03,1.383851227958448078e+02,3.402679738834719103e+01,-1.597326309000948567e-03,4.213115466175682400e+01,2.930716711013293674e-01,nan,1.438283658807216625e+01,1.000000000000000000e+00
1.570000000000000000e+03,2.462912646415685103e+01,3.782719450434461095e+01,-1.884542023634458658e-03,5.006260826870020253e+01,2.510958864062793339e-01,nan,1.135300464367561979e+01,1.000000000000000000e+00
1.570000000000000000e+03,4.301668043180116996e+01,4.356251317223027542e+01,-1.728492592873475233e-03,4.575330777638564683e+01,2.339436535403784934e-01,nan,7.618861531831293554e+00,1.000000000000000000e+00
1.571000000000000000e+03,6.022609449149828009e+01,4.492719978592111829e+01,-1.648029333228658933e-03,4.353131720128554605e+01,2.303875746955474924e-01,nan,5.349979813705684428e+00,1.000000000000000000e+00
1.572000000000000000e+03,9.225778525788282991e+01,4.113442006303529297e+01,-1.731399101140169592e-03,4.583357091764481339e+01,2.199006861223959941e-01,nan,1.118203060037070529e+01,1.000000000000000000e+00
1.572000000000000000e+03,1.169383691776728256e+02,4.236689135540648721e+01,-1.113742660819023447e-03,2.877700628054612153e+01,3.745246744018675411e-01,nan,1.287020421748639976e+01,1.000000000000000000e+00
1.573000000000000000e+03,3.577322733726650483e+01,4.120042970450631259e+01,-1.440185379233140626e-03,3.779171245611122743e+01,2.860551739358243584e-01,nan,7.618861531831293554e+00,1.000000000000000000e+00
1.574000000000000000e+03,1.570913414983141010e+01,2.745205949240352084e+01,-1.839844411030876637e-03,4.882828499652546839e+01,2.182543700251712293e-01,nan,1.368245918698940500e+01,1.000000000000000000e+00
1.575000000000000000e+03,9.139050253243136979e+01,6.221893291214884769e+00,-1.650625296569081324e-03,4.360300465343682674e+01,2.270122684563532500e-01,nan,1.216316825852214478e+01,1.000000000000000000e+00
1.575000000000000000e+03,7.082915270731430724e+01,2.492499033287713672e+01,1.170925465884027064e-03,-3.035610777945500871e+01,3.630185437935175008e-01,nan,1.244852248710713027e+01,1.000000000000000000e+00
1.577000000000000000e+03,3.615244369790676160e+01,9.370396755805581179e+00,-5.968881803888873537e-03,1.628515325217383065e+02,5.013983912108188612e-02,nan,1.204406697355912215e+01,1.000000000000000000e+00
1.577000000000000000e+03,1.384580903774672151e+02,5.199605030684529083e+01,-1.357320714992339174e-03,3.550340716292942744e+01,3.475074919323164480e-01,nan,1.880237889708437393e+01,1.000000000000000000e+00
1.578000000000000000e+03,1.051941738640665562e+02,5.077843810856767703e+01,-1.821150941489671840e-02,5.009313379658643157e+02,1.512621277749759408e-02,nan,1.844556902387306252e+01,1.000000000000000000e+00
1.578000000000000000e+03,1.219323535514369610e+02,4.302780217544798091e+01,-1.167313330108338786e-03,3.025635875505566830e+01,3.743971555858005562e-01,nan,1.189618660906366543e+01,1.000000000000000000e+00
1.578000000000000000e+03,2.454362983621849992e+01,1.257897743708072369e+01,-1.681116057144938598e-03,4.444500612002237006e+01,3.059311733950801360e-01,nan,1.204406697355912215e+01,1.000000000000000000e+00
1.579000000000000000e+03,8.436985689983148973e+01,3.464840775630374736e+01,-1.290212561514387287e-03,3.365021745624089533e+01,3.147622146322703873e-01,nan,1.667019845171162373e+01,1.000000000000000000e+00
1.580000000000000000e+03,7.106372044001432187e+01,1.247867802397262871e+01,-1.098531893402423902e-03,2.835696138068851013e+01,3.630726004531992235e-01,nan,1.022834368617860967e+01,1.000000000000000000e+00
1.580000000000000000e+03,4.782056461111874768e+01,3.367677122757348229e+01,-1.372408474434573967e-03,3.592005520115220918e+01,3.503289631497190637e-01,nan,1.159934402341697179e+01,1.000000000000000000e+00
1.581000000000000000e+03,8.595315862646820904e+01,6.731453898008613379e+00,-1.254487043738015039e-03,3.266365832179766926e+01,3.674248092220211426e-01,nan,7.805380070982171681e+00,1.000000000000000000e+00
1.581000000000000000e+03,6.170491928204339871e+01,5.024216809101163506e+01,-1.145869053003313208e-03,2.966417566643191961e+01,3.262745891827045774e-01,nan,8.928772285829944977e+00,1.000000000000000000e+00
1.583000000000000000e+03,7.115908193929453773e+01,4.496774777259308564e+01,-1.588178547850993723e-03,4.187853950363135169e+01,3.294956130863030408e-01,nan,5.960893785912293907e+00,1.000000000000000000e+00
1.584000000000000000e+03,3.709394250327008535e+01,1.000174231199037855e+01,4.573205004641905241e-03,-1.243099582988945286e+02,2.031899647243275986e-01,nan,1.509823623897084310e+01,1.000000000000000000e+00
1.585000000000000000e+03,1.066037739377541982e+02,7.969123789717992956e+00,-1.505775333139525076e-03,3.960297712578243079e+01,2.612202757398874864e-01,nan,1.534917584630532872e+01,1.000000000000000000e+00
1.585000000000000000e+03,1.386646072467959243e+02,3.671816540862261746e+01,-1.248113129771367177e-03,3.248764287297160536e+01,3.729434046699386940e-01,nan,1.141560885169219652e+01,1.000000000000000000e+00
1.586000000000000000e+03,9.613769538196413578e+01,1.919669693910492114e+01,-1.788518861766067152e-03,4.741093144620121791e+01,1.706402069295850366e-01,nan,9.799203103742973653e+00,1.000000000000000000e+00
1.586000000000000000e+03,8.185802682393487828e+01,2.839091566320669457e+01,-1.390967796759152476e-03,3.643257034741269251e+01,3.048476339781472921e-01,nan,8.616968384833723960e+00,1.000000000000000000e+00
1.588000000000000000e+03,2.788762430743067355e+01,2.196838105495945825e+01,-2.077732233833852124e-02,5.717861872290461633e+02,1.474357512635893208e-02,nan,1.028087123560970895e+01,1.000000000000000000e+00
1.588000000000000000e+03,7.939620851825328884e+01,4.468381200440896350e+01,-2.390466194972239253e-03,6.403368954716414407e+01,2.222350236632607556e-01,nan,6.459855559884621456e+00,1.000000000000000000e+00
1.589000000000000000e+03,9.956659924683955865e+01,3.724211845650695807e+01,-1.646624637574295837e-03,4.349252657164095126e+01,2.588005299268341108e-01,nan,1.737051404157365297e+01,1.000000000000000000e+00
1.589000000000000000e+03,1.310097300585201765e+02,4.518687137159292178e+01,-1.389869014193404221e-03,3.640222749881378661e+01,3.650411069901683403e-01,nan,1.141560885169219652e+01,1.000000000000000000e+00
1.590000000000000000e+03,4.175479151081259488e+01,4.789671551074836486e+01,-1.279672172150203525e-03,3.335914491047918773e+01,3.425353942071804880e-01,nan,2.470290946142473842e+01,1.000000000000000000e+00
1.590000000000000000e+03,8.576586543908175031e+01,4.947913441745790664e+01,-1.563572427824588091e-03,4.119904221468480188e+01,3.124291877661484751e-01,nan,6.453976791215823461e+00,1.000000000000000000e+00
1.591000000000000000e+03,1.092072105787911767e+02,1.612501355095113453e+01,-1.755228708385543970e-03,4.649162482872534241e+01,3.477877592975477938e-01,nan,1.342562722248584173e+01,1.000000000000000000e+00
1.592000000000000000e+03,8.789970507158673740e+01,2.437283959668116040e+01,-2.119183125796380868e-03,5.654221548118875518e+01,2.809101462105574321e-01,nan,3.495509831276097046e+00,1.000000000000000000e+00
1.593000000000000000e+03,1.421856069246196910e+02,2.841795238099488330e+01,-1.568866047822005828e-03,4.134522537696712874e+01,2.774182378750522648e-01,nan,2.015184527132584691e+01,1.000000000000000000e+00
1.593000000000000000e+03,1.539794565405722793e+01,3.344599852731967360e+01,-2.161632796278953068e-03,5.771446189706530561e+01,1.613662195915994690e-01,nan,1.384069836717041824e+01,1.000000000000000000e+00
1.595000000000000000e+03,7.741241103209823393e+01,2.455928770304578634e+01,-1.528117921108390577e-03,4.021996704278689805e+01,2.938149196627209969e-01,nan,9.738283232368155851e+00,1.000000000000000000e+00
1.596000000000000000e+03,6.839195519907488574e+01,1.486741680041404834e+01,-2.027266231355859954e-02,5.578500153210142116e+02,1.688712922528656790e-02,nan,1.324012783279695782e+01,1.000000000000000000e+00
1.596000000000000000e+03,1.419157506416153751e+02,8.112211087743718352e+00,-1.285269006641553968e-03,3.351370133219354841e+01,2.351228836775600683e-01,nan,7.799596603825106556e+00,1.000000000000000000e+00
1.596000000000000000e+03,1.106592263096409567e+02,3.774009906745298792e+01,-1.957361691928577278e-03,5.207352129093781201e+01,2.804724058002135978e-01,nan,4.891733790261932668e+00,1.000000000000000000e+00
1.597000000000000000e+03,4.809034416999407568e+01,1.467896114942452357e+01,-2.023760032859711622e-02,5.568817796259576198e+02,1.174231490374766373e-02,nan,2.030248570762913829e+01,1.000000000000000000e+00
1.597000000000000000e+03,5.456920814563194000e+01,4.730325755100260920e+01,-1.572467007856628461e-03,4.144466578360194831e+01,2.093216532787448569e-01,nan,6.065334394975291588e+00,1.000000000000000000e+00
1.598000000000000000e+03,2.704352413188862769e+01,4.631684586580399277e+00,-1.340234499904719009e-03,3.503157183017739129e+01,3.127406463097089917e-01,nan,2.332201535130859682e+01,1.000000000000000000e+00
1.599000000000000000e+03,1.003606214654167701e+02,5.104296820692207604e+01,-1.998741682999497730e-03,5.321622854096947464e+01,2.901517011871412866e-01,nan,5.822010340047258481e+00,1.000000000000000000e+00
1.600000000000000000e+03,9.866848220722751250e+00,2.980811376341407737e+01,-1.601609947411861568e-03,4.224944721189960006e+01,3.076305876833875796e-01,nan,1.715242972859562443e+01,1.000000000000000000e+00
1.601000000000000000e+03,5.079694771768267003e+00,4.987090225602035787e+01,-1.353987456152980695e-03,3.541135931701667516e+01,2.699222413524147157e-01,nan,1.447865624688807884e+01,1.000000000000000000e+00
1.601000000000000000e+03,4.969771420300651243e+01,5.091668087104608986e+01,-1.163611941293177243e-03,3.015414501056688223e+01,3.117519079488414446e-01,nan,6.065334394975291588e+00,1.000000000000000000e+00
1.602000000000000000e+03,1.922544072524208048e+01,5.295786810217583707e+01,-1.265366590572843857e-03,3.296409669124803798e+01,3.379325366695554722e-01,nan,1.235933857185651696e+01,1.000000000000000000e+00
1.603000000000000000e+03,5.278502917896597779e+01,2.630063252556180942e+01,1.362881801529362879e-03,-3.565697640592465234e+01,3.566771821860987846e-01,nan,1.770310452735682816e+01,1.000000000000000000e+00
1.604000000000000000e+03,7.785806032336348892e+01,4.026720199557232149e+01,-1.928465469516117909e-03,5.127555294936295383e+01,2.812981061879809008e-01,nan,1.228904118658616262e+01,1.000000000000000000e+00
1.604000000000000000e+03,9.482584182817174678e+01,4.923686223916850935e+01,-1.549472368668167914e-03,4.080966949113098963e+01,2.963712104778465362e-01,nan,5.822010340047258481e+00,1.000000000000000000e+00
1.605000000000000000e+03,1.457885800021871781e+01,1.331560608773463272e+01,-2.005473236253058587e-03,5.340212018830295193e+01,2.904119069188682012e-01,nan,4.457445145505769979e+00,1.000000000000000000e+00
1.605000000000000000e+03,3.149294146422450069e+01,5.145398128700455231e+01,-1.820466135290170961e-03,4.829315447549501528e+01,2.262072494305227277e-01,nan,1.009809533716538610e+01,1.000000000000000000e+00
1.605000000000000000e+03,3.669553453260015630e+01,4.279923953445231888e+01,-1.466474049909936806e-03,3.851767333233723889e+01,3.450051958313915534e-01,nan,6.552783942677628204e+00,1.000000000000000000e+00
1.606000000000000000e+03,1.177542164384826862e+02,1.074980113602340737e+01,-2.373077082645641545e-03,6.355348971596645669e+01,1.469279765341168220e-01,nan,1.679524506037938281e+01,1.000000000000000000e+00
1.607000000000000000e+03,1.360486644458590320e+02,3.748144705395826293e+01,-1.930169678229660957e-02,5.310368304123389862e+02,1.169119793522266360e-02,nan,3.055404256109192573e+01,1.000000000000000000e+00
1.608000000000000000e+03,4.700838345387887784e+01,9.566527408366129137e+00,-1.930566610337279294e-03,5.133357589203502158e+01,2.555912558946168422e-01,nan,8.771228018993575404e+00,1.000000000000000000e+00
1.609000000000000000e+03,1.048753582732197742e+01,1.154645371929474962e+01,-1.642866214236244618e-03,4.338873782046121619e+01,3.322719478106976876e-01,nan,4.457445145505769979e+00,1.000000000000000000e+00
1.609000000000000000e+03,8.904108506514675980e+01,9.929531511198758764e+00,-1.325042795832056955e-03,3.461205336400822574e+01,2.941733774025425685e-01,nan,1.098758734385016744e+01,1.000000000000000000e+00
1.609000000000000000e+03,4.214330960913994772e+01,3.915771181729216721e+01,-1.240392360479819272e-03,3.227443405351699113e+01,3.135423431594599464e-01,nan,6.552783942677628204e+00,1.000000000000000000e+00
1.609000000000000000e+03,6.373192361899719316e+01,3.929164246837969188e+01,-1.377886701901979071e-03,3.607133629334958158e+01,3.405468384855842023e-01,nan,9.306620942033124066e+00,1.000000000000000000e+00
1.610000000000000000e+03,6.855845990918639643e+01,2.319373437178870034e+01,-1.925736244924535975e-02,5.298125390944371702e+02,1.710361292632445185e-02,nan,8.466334773485403531e+00,1.000000000000000000e+00
1.610000000000000000e+03,8.661118745276894515e+01,4.354813413838852654e+01,-1.429940039937119788e-03,3.750878770940134643e+01,2.993208398636383327e-01,nan,2.327183780693288284e+01,1.000000000000000000e+00
1.611000000000000000e+03,5.267252847672106242e+01,1.626368367960469641e+01,-1.562295061664466939e-03,4.116376778532076486e+01,3.370339830252939706e-01,nan,7.070939829593187120e+00,1.000000000000000000e+00
1.612000000000000000e+03,1.069215059162184502e+02,2.825332954201669367e+01,-1.558983105406762642e-03,4.107230820958088202e+01,2.543895501212931620e-01,nan,1.754761976135602808e+01,1.000000000000000000e+00
1.614000000000000000e+03,5.323405889013276493e+01,5.126175981470689180e+01,-1.387519637167346914e-03,3.633734952056260425e+01,3.381542180243978235e-01,nan,9.370598010898671504e+00,1.000000000000000000e+00
1.614000000000000000e+03,6.319048728909337598e+01,9.554473163557748450e+00,-1.256682434514655011e-03,3.272428397424935298e+01,3.592752932549603262e-01,nan,9.215223503975861874e+00,1.000000000000000000e+00
1.616000000000000000e+03,9.253728711755742964e+00,3.137236685464318953e+01,-7.900864129198652275e-03,2.162031682502426690e+02,3.693414700788455463e-02,nan,2.011517430811511886e+01,1.000000000000000000e+00
1.616000000000000000e+03,9.211118871732351110e+00,7.928476521280399147e+00,-1.896933971569048040e-03,5.040481155053757334e+01,3.115089592218225345e-01,nan,1.492966958564306346e+01,1.000000000000000000e+00
1.616000000000000000e+03,7.013339850636479866e+01,1.561387313858133297e+01,-1.313271217551672827e-03,3.428698157213045050e+01,2.460208966024712840e-01,nan,9.215223503975861874e+00,1.000000000000000000e+00
1.616000000000000000e+03,1.014173745981718326e+02,4.491536716419336983e+01,-1.213006188325203502e-03,3.151816570589797450e+01,3.458776414222713980e-01,nan,1.295253196338439672e+01,1.000000000000000000e+00
1.617000000000000000e+03,1.428567827885150621e+02,2.574366732031374028e+01,-2.792283565817497027e-03,7.512986455760798776e+01,1.017104719958746850e-01,nan,1.406487474325433418e+01,1.000000000000000000e+00
1.617000000000000000e+03,6.251871211850940568e+01,5.252798314044898831e+01,-2.126093297275793732e-03,5.673303966563465650e+01,2.469148977315155369e-01,nan,6.069600702659576186e+00,1.000000000000000000e+00
1.617000000000000000e+03,3.948640958349175634e+01,3.162250276106236058e+01,-1.264626423064863338e-03,3.294365698704032752e+01,3.113355381412412637e-01,nan,1.195461125266888835e+01,1.000000000000000000e+00
1.617000000000000000e+03,7.531059804722201534e+01,4.295174994085882503e+01,-1.565097190663431110e-03,4.124114849613707179e+01,2.767515145153337519e-01,nan,9.935563516808365137e+00,1.000000000000000000e+00
1.618000000000000000e+03,1.110281518428395628e+02,1.061769742037528808e+01,-1.521623866645835550e-03,4.004063391766022306e+01,3.102256133166549912e-01,nan,6.309732035307280995e+00,1.000000000000000000e+00
1.620000000000000000e+03,3.144581629758754104e+01,4.464570576977282457e+01,1.465606967129218664e-03,-3.849372886656376380e+01,3.577275635198902126e-01,nan,3.246214009117764032e+00,1.000000000000000000e+00
1.621000000000000000e+03,6.697394198922035002e+01,3.201682593358587070e+01,-1.253067164398867853e-03,3.262444839513933204e+01,3.709396699956446497e-01,nan,3.966877580391493296e+00,1.000000000000000000e+00
1.621000000000000000e+03,8.963427725664904244e+01,3.953701227606140378e+01,-1.317749888318766639e-03,3.441065993511733012e+01,3.042392031846352651e-01,nan,7.452814213317653369e+00,1.000000000000000000e+00
1.622000000000000000e+03,6.720501075675517200e+01,1.586379181681711259e+01,-2.158390464263629759e-03,5.762492499275400348e+01,1.878555333919238457e-01,nan,1.122677494337996151e+01,1.000000000000000000e+00
1.622000000000000000e+03,6.762940672289553845e+01,4.925371171760938438e+01,-1.381248527319128318e-03,3.616417300447726291e+01,3.603978239690397434e-01,nan,6.030448347290628952e+00,1.000000000000000000e+00
1.623000000000000000e+03,8.766118867214969157e+01,2.627723685558779820e+01,-1.386801337132699151e-03,3.631751368599503849e+01,3.222553608045530815e-01,nan,1.340577199431937494e+01,1.000000000000000000e+00
1.623000000000000000e+03,1.075200056753535627e+01,4.611377749206453558e+01,1.225306634829079287e-03,-3.185784217838718746e+01,3.192748015334381240e-01,nan,2.074582473779116754e+01,1.000000000000000000e+00
1.625000000000000000e+03,3.959585839679906627e+01,3.967661827027170318e+01,-1.380504943267289904e-02,3.792470737031765680e+02,1.392003284386822415e-02,nan,9.545418628673051131e+00,1.000000000000000000e+00
1.625000000000000000e+03,8.891663697224664986e+01,4.695519481091672276e+01,-1.316683132213886023e-03,3.438120149630390898e+01,3.187507527187034562e-01,nan,7.452814213317653369e+00,1.000000000000000000e+00
1.626000000000000000e+03,7.250090330210684897e+01,5.280826208974828262e+01,-1.204160822806465882e-03,3.127390119433444582e+01,3.543199115545362377e-01,nan,6.030448347290628952e+00,1.000000000000000000e+00
1.626000000000000000e+03,3.663778307141539159e+01,8.004740202496732238e+00,-2.001832563298549562e-03,5.330158311054038478e+01,3.429854697413129427e-01,nan,1.408534590654960716e+01,1.000000000000000000e+00
1.628000000000000000e+03,1.182278072685804489e+02,2.286642864621426696e+01,-1.544776471945451994e-03,4.067999243969686063e+01,2.996822767203779492e-01,nan,5.111845229324972983e+00,1.000000000000000000e+00
1.628000000000000000e+03,1.341078332767908421e+02,2.612569900431101999e+01,1.271850782716081119e-03,-3.314315746871356083e+01,2.952349611858338108e-01,nan,5.638312075299135806e+00,1.000000000000000000e+00
1.629000000000000000e+03,2.960525012142951695e+01,4.993850574392818231e+01,-1.655532286119679956e-03,4.373851102717403450e+01,2.873188842733819248e-01,nan,1.432196174530117538e+01,1.000000000000000000e+00
1.632000000000000000e+03,3.367767282053358713e+01,9.585614291733806525e+00,-1.534059187499142241e-03,4.038403494138662353e+01,3.366949146592863595e-01,nan,1.475014866072353037e+01,1.000000000000000000e+00
1.633000000000000000e+03,1.213119849745604171e+02,1.878981123388469854e+01,-1.317756164467612495e-03,3.441083325078518840e+01,3.017038191592243956e-01,nan,5.111845229324972983e+00,1.000000000000000000e+00
1.633000000000000000e+03,9.281659566966575881e+01,2.078146641024919461e+01,-1.339716612516327933e-03,3.501727038500791167e+01,3.501929994118140321e-01,nan,1.570565114230548076e+01,1.000000000000000000e+00
1.634000000000000000e+03,1.402126917722567896e+02,4.610125448590250130e+01,-1.611588674057839315e-02,4.430607787583941217e+02,1.417784872993776979e-02,nan,1.092730496951229924e+01,1.000000000000000000e+00
1.634000000000000000e+03,1.092540688260836674e+02,3.355095187367382437e+01,-1.493171204799540125e-03,3.925491448822058516e+01,2.915322852353648964e-01,nan,1.893215801079997718e+01,1.000000000000000000e+00
1.636000000000000000e+03,1.073051601796557719e+02,1.471937302234602640e+01,-1.148621603700072588e-02,3.152125569168203469e+02,1.868981830738725147e-02,nan,1.458628150246352817e+01,1.000000000000000000e+00
1.637000000000000000e+03,6.714383999960769245e+01,4.151824200745405591e+01,-1.220528384408314446e-02,3.350695934978379000e+02,1.616045742115868045e-02,nan,7.618984891253104408e+00,1.000000000000000000e+00
1.638000000000000000e+03,8.413834655414335373e+01,3.658650302630071849e+01,-2.257704104293144567e-03,6.036746827398039983e+01,1.593389408860577117e-01,nan,9.494056734825957022e+00,1.000000000000000000e+00
1.638000000000000000e+03,2.248101195429117638e+01,1.631725918443060408e+01,-1.350092181835055045e-03,3.530379143000754283e+01,2.926287555058423306e-01,nan,9.564071992998856686e+00,1.000000000000000000e+00
1.639000000000000000e+03,4.380999156335290223e+01,4.275077901265652969e+01,-1.152433768810053613e-03,2.984546010252334014e+01,3.665461894509893792e-01,nan,7.423494090158021308e+00,1.000000000000000000e+00
1.639000000000000000e+03,1.293342683127155226e+02,4.713367733126694503e+01,-1.578861515870451588e-03,4.162124993644185622e+01,3.115150760496592230e-01,nan,1.092730496951229924e+01,1.000000000000000000e+00
1.641000000000000000e+03,1.419984132656064162e+02,2.535272939221498234e+01,-1.303253842412476458e-03,3.401035204898174413e+01,3.057751825908322507e-01,nan,2.278546761266187204e+01,1.000000000000000000e+00
1.641000000000000000e+03,1.724728344880274022e+01,8.312288290161037096e+00,-1.380375814307644843e-03,3.614007306004494069e+01,3.252930090125016882e-01,nan,9.564071992998856686e+00,1.000000000000000000e+00
1.642000000000000000e+03,1.010337489725816198e+02,3.073222942295535276e+01,-1.662464209613083443e-02,4.571100431066108740e+02,1.298027683222913176e-02,nan,1.618783470616839182e+01,1.000000000000000000e+00
1.642000000000000000e+03,1.179035033744620478e+02,1.896100544399719112e+01,-2.256007894856010883e-03,6.032062749970224758e+01,1.560473664044906839e-01,nan,1.541098166295082805e+01,1.000000000000000000e+00
1.642000000000000000e+03,6.994602168107851980e+01,2.518133354956734848e+01,-1.313730223694250339e-03,3.429965701340914563e+01,3.058452296834200945e-01,nan,6.564323868979123233e+00,1.000000000000000000e+00
1.642000000000000000e+03,7.691595898495847905e+01,2.781797727282843624e+01,-1.465727160866218135e-03,3.849704801311558811e+01,2.860379984654106700e-01,nan,7.451973976298463143e+00,1.000000000000000000e+00
1.643000000000000000e+03,4.011113120195940951e+01,3.631442161630857157e+01,-1.489141695132385713e-03,3.914363969594625559e+01,2.923061244628821775e-01,nan,7.423494090158021308e+00,1.000000000000000000e+00
1.644000000000000000e+03,1.166969884707532970e+02,3.481988411692652363e+01,-2.267294566969501289e-03,6.063230862188304116e+01,1.894812771589879929e-01,nan,1.590470719553064072e+01,1.000000000000000000e+00
1.644000000000000000e+03,5.116074716110382781e+00,5.296510629141603488e+01,-1.626523528142058677e-03,4.293743501923994188e+01,2.851816423485649121e-01,nan,3.875434528665943645e+01,1.000000000000000000e+00
1.645000000000000000e+03,1.115546624386788892e+02,4.832402046716036459e+00,-1.702708440795665636e-03,4.504127916659849973e+01,2.921739662405361537e-01,nan,1.154387425660863364e+01,1.000000000000000000e+00
1.645000000000000000e+03,1.280342074500326248e+02,7.347772011872253373e+00,-1.625334157237336196e-03,4.290459057629470863e+01,3.184246344489668479e-01,nan,1.541098166295082805e+01,1.000000000000000000e+00
1.646000000000000000e+03,3.762927282564052689e+01,9.079873679768088124e+00,-2.738139885872185614e-03,7.363468841049710534e+01,2.670663254640756046e-01,nan,2.039643788233295041e+01,1.000000000000000000e+00
1.648000000000000000e+03,1.017362050411499155e+02,1.090355738860114698e+01,-1.667735975636617119e-03,4.407551555828278111e+01,2.703980497609287381e-01,nan,1.154387425660863364e+01,1.000000000000000000e+00
1.649000000000000000e+03,1.427007357946280877e+02,2.388019129344651148e+01,-1.421631524446108959e-03,3.727934829574109443e+01,2.501365643806436889e-01,nan,9.093353514715005304e+00,1.000000000000000000e+00
1.649000000000000000e+03,4.792227627814792612e+01,4.666365913919288744e+01,-1.427833397464476793e-03,3.745061283878361280e+01,3.038779468626749969e-01,nan,2.138580671013477996e+01,1.000000000000000000e+00
1.650000000000000000e+03,7.680974188409820158e+01,3.458533031944526215e+01,-2.177217704728124335e-03,5.814483869065680466e+01,2.257530986445389631e-01,nan,1.418143762633797955e+01,1.000000000000000000e+00
1.651000000000000000e+03,1.082878727616662076e+02,3.111679645623022950e+01,-1.341290661618821205e-02,3.684180612300494317e+02,1.686472875452893483e-02,nan,2.124851485457705635e+01,1.000000000000000000e+00
1.652000000000000000e+03,5.780118436018847916e+01,9.417092074111222288e+00,-1.217421739387790792e-03,3.164010102008051817e+01,3.348005156764309875e-01,nan,1.774137636291365894e+01,1.000000000000000000e+00
1.653000000000000000e+03,5.660051736927766797e+01,2.711779358640978543e+01,-1.689592732343212075e-03,4.467908925910834483e+01,2.904547832869652790e-01,nan,1.621890741274280501e+01,1.000000000000000000e+00
1.654000000000000000e+03,1.336114224173869047e+02,2.360915536615235055e+01,-1.557437722683729106e-03,4.102963251062634953e+01,3.053542478924634596e-01,nan,3.070185052357222055e+00,1.000000000000000000e+00
1.655000000000000000e+03,5.380672673438922970e+01,4.309426664999716650e+01,-1.037497100209266478e-02,2.845255575944959219e+02,1.629801167083577695e-02,nan,1.227909029033397026e+01,1.000000000000000000e+00
1.655000000000000000e+03,1.207754992802494911e+02,1.338657581489843551e+01,-1.420801766881109578e-03,3.725643456471422610e+01,2.857909874803570283e-01,nan,1.293087538365107392e+01,1.000000000000000000e+00
1.656000000000000000e+03,8.507960985187750680e+01,5.474722034019864125e+00,-1.666275256971630004e-03,4.403517785482903690e+01,2.025721906373979531e-01,nan,2.314073229982115265e+01,1.000000000000000000e+00
1.657000000000000000e+03,1.100475837257266676e+02,4.721859025386525133e+01,-1.720208888120333766e-03,4.552455351053011867e+01,2.542523829462982610e-01,nan,1.405416296398944276e+01,1.000000000000000000e+00
1.657000000000000000e+03,1.191795714522684335e+02,3.653559925037455969e+01,-1.266028415363950254e-03,3.298237296360758819e+01,2.944764677386643159e-01,nan,1.040347715030509868e+01,1.000000000000000000e+00
1.658000000000000000e+03,1.211115438823580206e+02,2.631308393630953191e+01,-1.258638459897546335e-03,3.277829955831376196e+01,3.609726839723399472e-01,nan,1.040347715030509868e+01,1.000000000000000000e+00
1.659000000000000000e+03,8.127462796222507890e+00,1.949766240138916018e+01,-2.218991323533492117e-03,5.929841595912795071e+01,1.923365478113386873e-01,nan,3.499487583359304921e+01,1.000000000000000000e+00
1.659000000000000000e+03,6.526210006820328147e+01,2.315346341855764223e+01,-1.683556950418854409e-03,4.451241131679673657e+01,2.861906971333642025e-01,nan,2.225919602576787071e+01,1.000000000000000000e+00
1.659000000000000000e+03,8.808860951655826454e+01,4.178213288317821394e+01,-1.698941266642656775e-03,4.493724876191819817e+01,2.405399022599096215e-01,nan,2.262192779279034838e+01,1.000000000000000000e+00
1.659000000000000000e+03,6.198780043034827258e+01,5.225101779543412306e+01,-1.654536746146349421e-03,4.371101921976229931e+01,2.868486545725305037e-01,nan,1.227909029033397026e+01,1.000000000000000000e+00
1.659000000000000000e+03,1.395429198248120315e+02,4.517804029500429408e+01,-1.507256984928238581e-03,3.964389289683911244e+01,3.199715106784801755e-01,nan,1.062965019336191297e+01,1.000000000000000000e+00
1.660000000000000000e+03,4.316434978927546950e+01,2.047741403117593961e+01,-1.350566967592674045e-03,3.531690262489671284e+01,3.593187437493099434e-01,nan,1.843752475331000440e+01,1.000000000000000000e+00
1.661000000000000000e+03,1.220121808006053072e+02,1.094459999594891109e+01,-1.468052954140599067e-03,3.856127472675008505e+01,2.601387332403345409e-01,nan,1.539485126539494431e+01,1.000000000000000000e+00
1.668000000000000000e+03,1.205014976189837483e+02,5.140520101716017365e+01,-1.196334041943439893e-03,3.105776486841643447e+01,2.898156692798858902e-01,nan,1.679148264628734211e+01,1.000000000000000000e+00
1.669000000000000000e+03,2.660329524570881432e+01,4.167656971169390090e+01,-1.222363478333913372e-02,3.355763541517193858e+02,2.615506907046982743e-02,nan,1.400486963953589381e+01,1.000000000000000000e+00
1.669000000000000000e+03,1.357811946794683138e+02,1.711103149537506241e+01,-1.590563970408512143e-03,4.194441287818558095e+01,2.295381703022072450e-01,nan,8.799262638454926844e+00,1.000000000000000000e+00
1.669000000000000000e+03,2.433479803298403255e+01,1.871032754707408330e+01,-1.567998717813459631e-03,4.132127408400437929e+01,3.217014542429987856e-01,nan,1.108395684500387901e+01,1.000000000000000000e+00
1.670000000000000000e+03,3.086866284911735292e+01,9.756964497001588299e+00,-6.095148306821038947e-03,1.663383783281919932e+02,2.072738302684019596e-01,nan,1.108395684500387901e+01,1.000000000000000000e+00
1.670000000000000000e+03,5.567235227184986002e+01,4.956822737819481262e+01,-1.647034108079280679e-03,4.350383408772809446e+01,2.506468006392954528e-01,nan,5.146427879169337416e+00,1.000000000000000000e+00
1.671000000000000000e+03,1.896412064076540105e+01,2.993862334209492104e+01,-1.585659501451230696e-03,4.180897611055952012e+01,2.882362857830564895e-01,nan,1.244663818513942921e+01,1.000000000000000000e+00
1.672000000000000000e+03,9.154991663286401149e+01,2.564045226605419003e+01,-2.686456010240952878e-03,7.220743968798474555e+01,1.253632356838428885e-01,nan,1.328963159496626467e+01,1.000000000000000000e+00
1.673000000000000000e+03,1.028403034607028275e+02,1.381727772059465309e+01,-1.608013747339061229e-03,4.242628796065717722e+01,3.217942823594337476e-01,nan,1.634809747507759781e+01,1.000000000000000000e+00
1.673000000000000000e+03,7.436619685931697177e+01,1.800524621988332186e+01,-2.060467523613025622e-03,5.492078583443261408e+01,1.646006486298785543e-01,nan,7.968422697399503818e+00,1.000000000000000000e+00
1.673000000000000000e+03,8.141306286816246995e+01,1.428537528962115744e+01,-1.278520180515146454e-03,3.332733269497872186e+01,3.607685618761480306e-01,nan,7.968422697399503818e+00,1.000000000000000000e+00
1.673000000000000000e+03,9.094905605558886919e+01,3.891649363750984492e+01,-1.636429453594870440e-03,4.321098686254025978e+01,3.231314254279253895e-01,nan,6.520467276933373135e+00,1.000000000000000000e+00
1.674000000000000000e+03,6.068626687679763165e+01,4.174562246500764218e+01,-1.457795400862455003e-03,3.827801269127907347e+01,3.297296086754591959e-01,nan,9.291527715802640586e+00,1.000000000000000000e+00
1.675000000000000000e+03,6.978162032685182226e+01,4.683035855871108311e+01,-1.741179356378918163e-03,4.610365238163846158e+01,3.059570851634417776e-01,nan,1.042017252851521647e+01,1.000000000000000000e+00
1.676000000000000000e+03,7.008864569898189245e+01,9.155410208925372828e+00,-2.035441080611923199e-03,5.422968133876342733e+01,1.774103617218302231e-01,nan,9.829396794825818517e+00,1.000000000000000000e+00
1.676000000000000000e+03,2.893146221838420473e+01,4.023424747102795607e+01,-1.333741455010972309e-03,3.485226658426400093e+01,3.116948923456840381e-01,nan,1.432996072322588788e+01,1.000000000000000000e+00
1.678000000000000000e+03,3.265772082951627908e+01,1.117883799322158822e+01,-4.492098224549316565e-03,1.220701969253437369e+02,3.193905912220462717e-01,nan,8.397368978780932025e+00,1.000000000000000000e+00
1.678000000000000000e+03,1.419034833061447785e+02,3.516204937074803638e+01,-1.604649061085099311e-03,4.233337224760410322e+01,2.941088549276394959e-01,nan,1.407880734879028672e+01,1.000000000000000000e+00
1.680000000000000000e+03,4.077680900968020694e+01,9.034959990975494293e+00,-1.714778675115964310e-02,4.715566675414052611e+02,1.734473564993510575e-02,nan,7.368630758030803030e+00,1.000000000000000000e+00
1.681000000000000000e+03,2.004702891008290777e+01,1.096354116410634383e+01,-1.377668758804292959e-02,3.784638621885246721e+02,1.377483325677852921e-02,nan,1.261252961984586207e+01,1.000000000000000000e+00
1.681000000000000000e+03,6.233524642486098344e+01,3.528154417008459376e+01,-1.418641942760867202e-03,3.719679108444463367e+01,2.761045062327929234e-01,nan,2.145345966954134198e+01,1.000000000000000000e+00
1.682000000000000000e+03,9.062557926313900225e+01,5.295751247768208714e+01,-1.517596301242503127e-03,3.992941281617480342e+01,2.407416581145712664e-01,nan,1.002876608486462651e+01,1.000000000000000000e+00
1.682000000000000000e+03,1.396086830758857502e+02,2.127152352513821398e+01,-1.580757954573724445e-03,4.167362003608147347e+01,3.160301090180186456e-01,nan,1.407880734879028672e+01,1.000000000000000000e+00
1.683000000000000000e+03,7.431423909592017196e+01,1.748394134331752880e+01,-1.215997196012723325e-03,3.160076229620587185e+01,2.981320057290495207e-01,nan,9.645602432735467247e+00,1.000000000000000000e+00
1.683000000000000000e+03,9.709334364391715155e+01,2.364636431496893820e+01,-1.336855604540504970e-03,3.493826373295793530e+01,2.788895852297462730e-01,nan,8.324782103569738467e+00,1.000000000000000000e+00
1.683000000000000000e+03,1.204645339185353947e+02,5.201445868366625547e+01,-1.262616011270936483e-03,3.288813952381681105e+01,3.542557579519876043e-01,nan,1.104880892570062478e+01,1.000000000000000000e+00
1.684000000000000000e+03,1.322300100751780576e+02,3.608377466565423930e+01,-1.494261277745532069e-03,3.928501682092320380e+01,3.495309631312772947e-01,nan,6.070699886292020508e+00,1.000000000000000000e+00
1.684000000000000000e+03,1.187773603134156417e+02,4.109522684700169037e+01,-1.642307290767288687e-03,4.337330316512032624e+01,2.862763402590520201e-01,nan,7.144828523672936527e+00,1.000000000000000000e+00
1.685000000000000000e+03,4.571981196759418964e+01,1.449970527380901508e+01,-1.509596297366477130e-03,3.970849294179037514e+01,2.755845561759616702e-01,nan,7.368630758030803030e+00,1.000000000000000000e+00
1.685000000000000000e+03,1.038716521280612568e+02,4.076970676954238115e+01,-2.169335615088788596e-03,5.792717501448946393e+01,1.522168414658903179e-01,nan,9.063861693533198149e+00,1.000000000000000000e+00
1.685000000000000000e+03,1.434031806269239695e+01,2.833475289963639909e+01,1.550099775821890983e-03,-4.082699532143511334e+01,3.214653053079860046e-01,nan,1.005905023346282512e+01,1.000000000000000000e+00
1.685000000000000000e+03,1.338160206034845316e+02,4.194363539040930533e+01,-1.336303240595935809e-03,3.492301021869221955e+01,3.527077603806384465e-01,nan,6.070699886292020508e+00,1.000000000000000000e+00
1.687000000000000000e+03,7.240101794691587145e+01,4.895656569935069768e+01,-1.463442253397876812e-03,3.843395035982585739e+01,2.924814706757224991e-01,nan,1.865856935276166695e+01,1.000000000000000000e+00
1.688000000000000000e+03,7.722016558030446731e+01,2.668139955511421491e+01,-1.852860254477992422e-02,5.096878555260482813e+02,1.821340178910713092e-02,nan,9.645602432735467247e+00,1.000000000000000000e+00
1.688000000000000000e+03,5.432254322598549834e+01,2.019310280959827608e+01,1.818888378694605897e-03,-4.824958477299200155e+01,2.339637221381011267e-01,nan,1.031609231272356020e+01,1.000000000000000000e+00
1.688000000000000000e+03,1.044572354235296174e+01,3.760926771829244331e+01,-1.391553692554137753e-03,3.644874984275249119e+01,3.221613645121925718e-01,nan,1.005905023346282512e+01,1.000000000000000000e+00
1.688000000000000000e+03,2.425639727093557596e+01,5.123893791508491802e+01,-1.392623470129486507e-03,3.647829171938501958e+01,3.282299515583477767e-01,nan,1.940367538665535818e+01,1.000000000000000000e+00
1.689000000000000000e+03,1.287064305325829707e+02,2.330374534966889399e+01,-1.973546726318187519e-03,5.252047054492197731e+01,2.522099736724244812e-01,nan,1.325687603134461945e+01,1.000000000000000000e+00
1.689000000000000000e+03,1.394368780634915481e+02,6.661917440621186515e+00,-1.421919429949823144e-03,3.728729879785344536e+01,3.221120553400660391e-01,nan,1.980133683284896406e+01,1.000000000000000000e+00
1.691000000000000000e+03,1.104628777895462548e+02,3.414730827365040966e+01,-1.174938661153340433e-02,3.224800046791477826e+02,1.233292835070043392e-02,nan,1.408098326872825190e+01,1.000000000000000000e+00
1.691000000000000000e+03,8.566651770205358218e+01,8.209211436663219175e+00,-1.443830140247767072e-03,3.789236242553505463e+01,2.754755043388447122e-01,nan,6.169589643560705383e+00,1.000000000000000000e+00
1.693000000000000000e+03,1.971532809395413466e+01,2.598227975739170503e+01,-1.368073457715296686e-03,3.580034384051811003e+01,3.324120457336737777e-01,nan,9.023517129769317080e+00,1.000000000000000000e+00
1.694000000000000000e+03,1.388206139692672636e+01,1.046767395201109885e+01,-1.434806058284196321e-03,3.764316266454480342e+01,3.351020683860740368e-01,nan,1.657498095489097878e+01,1.000000000000000000e+00
1.694000000000000000e+03,8.955728351155715927e+01,1.299729850620670035e+01,-1.539629571255644392e-03,4.053786092682737063e+01,3.166168773270738868e-01,nan,6.169589643560705383e+00,1.000000000000000000e+00
1.695000000000000000e+03,6.353067582412059977e+01,2.179691340584425774e+01,-1.218035035624238059e-03,3.165703717781444126e+01,3.668802220328907238e-01,nan,7.391663460757664339e+00,1.000000000000000000e+00
1.695000000000000000e+03,6.714977607708311780e+01,4.814556091288975637e+01,-1.566897933212630257e-03,4.129087594926492955e+01,3.000156857601048443e-01,nan,1.869879793666670409e+01,1.000000000000000000e+00
1.695000000000000000e+03,8.566814761114422083e+01,5.234738528713500472e+01,-1.788233970642716126e-03,4.740306418611493200e+01,3.183349997031136303e-01,nan,9.138946835369718968e+00,1.000000000000000000e+00
1.696000000000000000e+03,1.123527184911739170e+02,4.810089533707881060e+01,-1.602029970708226080e-03,4.226104614301380025e+01,2.390961474300576928e-01,nan,1.408098326872825190e+01,1.000000000000000000e+00
1.697000000000000000e+03,6.532780744670006357e+01,2.896678137172932566e+01,-1.183985432287394711e-03,3.071675837188071867e+01,2.831885030769454303e-01,nan,7.391663460757664339e+00,1.000000000000000000e+00
1.700000000000000000e+03,7.465632322226096562e+01,3.101965088645573587e+01,-1.536451285791714388e-03,4.045009266617022092e+01,3.200147838396339983e-01,nan,9.551726536044762739e+00,1.000000000000000000e+00
1.700000000000000000e+03,4.294866152596875963e+01,3.919636019877439281e+01,-1.580013358963919257e-03,4.165305804997065309e+01,2.751189688483229867e-01,nan,1.306806519765142127e+01,1.000000000000000000e+00
1.700000000000000000e+03,9.683299303632877297e+01,4.528450592194231206e+01,-1.173176499260180673e-03,3.041827000067408449e+01,3.356880997769310371e-01,nan,8.664324747837873986e+00,1.000000000000000000e+00
1.701000000000000000e+03,5.548372341220755288e+01,3.550223628122211039e+01,-1.613699990500479242e-02,4.436438181800268694e+02,1.424553052877264303e-02,nan,1.148785094700915010e+01,1.000000000000000000e+00
1.702000000000000000e+03,9.103561774400245099e+01,2.532681072733845440e+01,-1.114121491610611196e-03,2.878746768183885152e+01,3.123567301634315729e-01,nan,1.734040709173833505e+01,1.000000000000000000e+00
1.702000000000000000e+03,1.338696883354181466e+02,4.387633568811094875e+01,-1.249171178543332771e-03,3.251686085903980228e+01,3.255609715693134065e-01,nan,2.067301538493188318e+01,1.000000000000000000e+00
1.703000000000000000e+03,5.598830232870601975e+01,1.915546180610186866e+01,-1.478714321688628756e-02,4.063675649934784815e+02,2.471989251548789568e-02,nan,1.200577164159301091e+01,1.000000000000000000e+00
1.703000000000000000e+03,5.255641376973654744e+00,1.437944294462517014e+01,-1.368532066034634353e-03,3.581300829591960877e+01,2.655781324384484110e-01,nan,1.594501081399064546e+01,1.000000000000000000e+00
1.704000000000000000e+03,1.954917663153018381e+01,7.312745003929796539e+00,-1.420522263563536031e-03,3.724871608872780371e+01,2.878316055470721002e-01,nan,9.729975598376965351e+00,1.000000000000000000e+00
1.704000000000000000e+03,1.091949182803996621e+02,4.477121597638505079e+01,-1.304991236393604264e-03,3.405833013324458136e+01,3.557557839044238612e-01,nan,8.833383983039562182e+00,1.000000000000000000e+00
1.706000000000000000e+03,4.592631612419781106e+01,4.187614287857645934e+01,-1.380462079731414448e-03,3.614245527721361384e+01,3.394626059245597904e-01,nan,1.148785094700915010e+01,1.000000000000000000e+00
1.707000000000000000e+03,1.101576092283263932e+02,9.442210950704062355e+00,-1.392890545964810831e-03,3.648566701081053765e+01,3.256070204421184222e-01,nan,1.280873966361024152e+01,1.000000000000000000e+00
1.708000000000000000e+03,1.083293246546822886e+01,3.080841930427543218e+01,-1.931991126832484709e-03,5.137291387362305528e+01,2.701557107632187593e-01,nan,9.830876801351907446e+00,1.000000000000000000e+00
1.708000000000000000e+03,4.472428515676745064e+01,2.331003396943613737e+01,-1.458624527167447227e-03,3.830090899007920768e+01,3.057865100073620113e-01,nan,6.989940128893987747e+00,1.000000000000000000e+00
1.709000000000000000e+03,8.212552532601567634e+01,5.028234343165868125e+01,-1.944417793665040740e-03,5.171607591681809879e+01,2.813505706606316270e-01,nan,8.287756674824610315e+00,1.000000000000000000e+00
1.709000000000000000e+03,1.642144295334207982e+01,1.652630605182756796e+01,-1.581055375611629954e-03,4.168183330939378806e+01,2.368711533250492662e-01,nan,9.729975598376965351e+00,1.000000000000000000e+00
1.711000000000000000e+03,2.063904312684678999e+01,3.150579465525710177e+01,-1.742863706141120281e-02,4.793123406914564839e+02,1.388473645415078117e-02,nan,9.830876801351907446e+00,1.000000000000000000e+00
1.711000000000000000e+03,1.075724732051724004e+02,3.078726896876177932e+01,-1.368542144634538006e-03,3.581328661616284847e+01,3.393904735224083646e-01,nan,9.795564574454449058e+00,1.000000000000000000e+00
1.711000000000000000e+03,9.030312290164671651e+01,5.162912054467078349e+01,-1.528355114299358511e-03,4.022651712585754780e+01,3.242616372433949623e-01,nan,8.287756674824610315e+00,1.000000000000000000e+00
1.712000000000000000e+03,9.801554294595270278e+01,3.293626160549134596e+01,-1.440825639011484530e-03,3.780939321127048913e+01,3.088415927277969875e-01,nan,9.795564574454449058e+00,1.000000000000000000e+00
1.712000000000000000e+03,5.803276749897788989e+01,4.202611443250088996e+01,-1.355583953393214251e-03,3.545544654187720823e+01,3.149777340952710780e-01,nan,1.772124309347302429e+01,1.000000000000000000e+00
1.713000000000000000e+03,4.051052664479307452e+01,4.467442185912302932e+01,-1.414703566342640981e-02,3.886910135199655656e+02,1.526935204414137104e-02,nan,1.772124309347302429e+01,1.000000000000000000e+00
1.713000000000000000e+03,1.078851604479243775e+02,5.232444926670110874e+01,-1.105803123380663319e-02,3.033882460288676839e+02,2.082012626230167474e-02,nan,1.759578149189167817e+01,1.000000000000000000e+00
1.713000000000000000e+03,8.067616151377151823e+01,1.408389262227683503e+01,-1.378451623768679659e-03,3.608693659426975131e+01,3.638604931128777142e-01,nan,6.027804553898683970e+00,1.000000000000000000e+00
1.714000000000000000e+03,1.207183583819783621e+02,1.193518928381075916e+01,-1.255048215037040619e-03,3.267915505090056882e+01,3.485432691341906475e-01,nan,1.113517062837832938e+01,1.000000000000000000e+00
1.715000000000000000e+03,8.310296588570788856e+01,7.314595494135619269e+00,-1.412554172921765775e-03,3.702867749737927028e+01,3.275476390669137539e-01,nan,7.191158673587337624e+00,1.000000000000000000e+00
1.717000000000000000e+03,7.608790387648073761e+01,1.799315337001988269e+01,-1.592162911970416549e-03,4.198856760291796775e+01,2.960090205095851079e-01,nan,6.027804553898683970e+00,1.000000000000000000e+00
1.717000000000000000e+03,7.515686966252234313e+00,4.972484083468823002e+01,-1.829402521887380255e-03,4.853993253149351261e+01,2.008295539693700782e-01,nan,3.215999188204562387e+01,1.000000000000000000e+00
1.719000000000000000e+03,9.993793653166937929e+01,6.576363672656000858e+00,-6.851928566960979218e-03,1.872368432036586796e+02,3.678423926280849354e-02,nan,1.475827760237230635e+01,1.000000000000000000e+00
1.720000000000000000e+03,3.967528172810602882e+01,4.988466137963290237e+01,-1.443300232775105840e-03,3.787772904608801383e+01,3.096167648670324901e-01,nan,7.198598154526837156e+00,1.000000000000000000e+00
1.721000000000000000e+03,8.775813917122096086e+01,2.624726779135863453e+01,-1.732342098812647080e-03,4.585961177094650765e+01,2.126741648428384091e-01,nan,8.397236622345550572e+00,1.000000000000000000e+00
1.721000000000000000e+03,4.651409975018444953e+01,5.213196720022176578e+01,-1.679020981832592694e-03,4.438715067619984467e+01,2.672144386470788335e-01,nan,7.198598154526837156e+00,1.000000000000000000e+00
1.722000000000000000e+03,1.242911375067827038e+02,4.288155296583604326e+01,-1.410893059464353233e-03,3.698280589756047476e+01,3.185999932609946406e-01,nan,6.950844652337212715e+00,1.000000000000000000e+00
1.722000000000000000e+03,1.145765883817042408e+02,8.451631600754533125e+00,-1.338276537155448816e-03,3.497750274579676955e+01,3.192715552638283327e-01,nan,6.701309309188702379e+00,1.000000000000000000e+00
1.722000000000000000e+03,6.435666224645751754e+01,5.273412676540893074e+01,-1.187134266246717661e-03,3.080371333009463797e+01,3.726478843297073018e-01,nan,1.785272059310167236e+01,1.000000000000000000e+00
1.724000000000000000e+03,8.969614224562506877e+01,1.807672760265253231e+01,-1.461609367769272283e-03,3.838333527649498933e+01,2.229002523752596776e-01,nan,8.397236622345550572e+00,1.000000000000000000e+00
1.726000000000000000e+03,4.524133336066621780e+01,3.670661101496821033e+01,-1.972942126934362859e-03,5.250377455052031195e+01,1.998444812659698755e-01,nan,8.955612525237112820e+00,1.000000000000000000e+00
1.726000000000000000e+03,2.976722776676864513e+01,4.276460040147207309e+01,-1.330135852459673898e-03,3.475269797466619082e+01,3.676105736305672611e-01,nan,7.812527162855414709e+00,1.000000000000000000e+00
1.726000000000000000e+03,2.321773075549626952e+01,3.850553130486329678e+01,-1.372008321356358272e-03,3.590900498553433096e+01,3.735684546762795266e-01,nan,7.492745767445706306e+00,1.000000000000000000e+00
1.727000000000000000e+03,1.186955203423282796e+02,4.700505995986283381e+01,-1.292495708924045177e-03,3.371326650556126481e+01,3.697391495397024386e-01,nan,6.950844652337212715e+00,1.000000000000000000e+00
1.728000000000000000e+03,1.270735485622725491e+02,3.800014660717438630e+01,-1.455394707825830329e-03,3.821171762288841478e+01,3.326539136525058504e-01,nan,6.662236891140583595e+00,1.000000000000000000e+00
1.729000000000000000e+03,6.218801265607586970e+01,6.106234776459965374e+00,-8.949489016711267494e-03,2.451609140233290987e+02,2.728107820831704444e-02,nan,2.658308471606316203e+01,1.000000000000000000e+00
1.730000000000000000e+03,2.927577075477488222e+01,3.228899942055099359e+01,-1.274849305153531558e-03,3.322596157862225397e+01,3.097602619299301141e-01,nan,8.680156525174593796e+00,1.000000000000000000e+00
1.732000000000000000e+03,5.776740694573464907e+01,3.885881440507927209e+01,-1.506963318735727751e-03,3.963578331347317629e+01,3.286118751300980412e-01,nan,1.015432576363057215e+01,1.000000000000000000e+00
1.732000000000000000e+03,4.058511077936128686e+01,2.159736202809767391e+01,-1.498514973388550805e-03,3.940248250240135519e+01,3.552743393314747866e-01,nan,1.474240002763984769e+01,1.000000000000000000e+00
1.732000000000000000e+03,1.354540540920533545e+02,2.867953189318714990e+01,-1.484848822247637800e-03,3.902509213607708460e+01,3.145851133781428777e-01,nan,7.518515614236917166e+00,1.000000000000000000e+00
1.735000000000000000e+03,8.255423406525206076e+01,7.707892804863043068e+00,-1.691223823300981241e-02,4.650520020627996018e+02,1.657585955563867230e-02,nan,1.784593020765494842e+01,1.000000000000000000e+00
1.735000000000000000e+03,5.759933987611087503e+01,2.036991199360401694e+01,-1.356505329256693995e-03,3.548089030955221546e+01,3.193641599484164928e-01,nan,1.634570658471596261e+01,1.000000000000000000e+00
1.736000000000000000e+03,4.114702814829237099e+01,6.865674838727647611e+00,-1.306937517309385115e-02,3.589314504194049960e+02,2.441911716728950577e-02,nan,1.474240002763984769e+01,1.000000000000000000e+00
1.737000000000000000e+03,1.362250828580660880e+02,3.615840825822389348e+01,-1.315685706053749352e-03,3.435365760189837658e+01,3.363413427214793083e-01,nan,7.518515614236917166e+00,1.000000000000000000e+00
1.738000000000000000e+03,3.819080433264016250e+01,4.373321779611017490e+01,1.179816550995596786e-03,-3.060163483624500103e+01,3.576592259194779633e-01,nan,5.421871417105132984e+00,1.000000000000000000e+00
1.739000000000000000e+03,1.169308396628206594e+02,1.811175245736737338e+01,-1.394324995231464902e-03,3.652527928559326398e+01,3.413754941904824092e-01,nan,1.932900153589334380e+01,1.000000000000000000e+00
1.739000000000000000e+03,7.369796471668762194e+01,2.320123712434969931e+01,-1.255413513148730684e-03,3.268924274763147508e+01,3.465540699996910723e-01,nan,1.634570658471596261e+01,1.000000000000000000e+00
1.740000000000000000e+03,2.776098538347778444e+01,2.372610307689049947e+01,-1.669265175547629239e-03,4.411774436935396437e+01,2.642835026359170447e-01,nan,1.035842473541492126e+01,1.000000000000000000e+00
1.741000000000000000e+03,4.250564520853928485e+01,4.045010374398044206e+01,-1.411502604237569077e-03,3.699963845874636093e+01,2.886957726445148475e-01,nan,5.421871417105132984e+00,1.000000000000000000e+00
1.743000000000000000e+03,1.299833302186017363e+02,3.236807704211967973e+01,-1.493598965900238976e-03,3.926672709857645316e+01,2.897739948314004277e-01,nan,7.355651992027221198e+00,1.000000000000000000e+00
1.744000000000000000e+03,3.715894411196744329e+01,3.180730553824500362e+01,-1.619865883735612530e-03,4.275358436257015171e+01,3.063591576318193122e-01,nan,1.016293134096389750e+01,1.000000000000000000e+00
1.745000000000000000e+03,9.827836589479248630e+01,4.170868502211011730e+01,-1.591302292456693579e-03,4.196480162007460279e+01,2.843369309579001358e-01,nan,2.398438879780573529e+01,1.000000000000000000e+00
1.745000000000000000e+03,7.425842265727379043e+00,4.601403854388154713e+01,-1.503250621802056054e-03,3.953325729562059365e+01,3.722729171018074323e-01,nan,3.017068300519809654e+01,1.000000000000000000e+00
1.747000000000000000e+03,4.851848437189041618e+01,2.940408114590231037e+01,-2.461219730406436282e-02,6.776861478836863171e+02,1.509417713119687310e-02,nan,6.626663540796092100e+00,1.000000000000000000e+00
1.747000000000000000e+03,1.368406790217173921e+02,3.502935185322474609e+01,-1.319850025160784930e-03,3.446865515293455218e+01,3.094963368709493512e-01,nan,7.355651992027221198e+00,1.000000000000000000e+00
1.750000000000000000e+03,7.939629147537901588e+01,1.497048739291744113e+01,-5.997771779259031266e-03,1.636493283514216728e+02,3.796184138537406216e-02,nan,2.511659498595449591e+01,1.000000000000000000e+00
1.750000000000000000e+03,7.594281567752678086e+01,5.044791281959377471e+01,-1.496884450293606630e-02,4.113852407235989403e+02,1.556475260098744151e-02,nan,2.398438879780573529e+01,1.000000000000000000e+00
1.751000000000000000e+03,1.299621053770285357e+02,1.650653892091181518e+01,-1.415046457897418605e-02,3.887857029230993930e+02,2.257049884063844214e-02,nan,1.975877967666189861e+01,1.000000000000000000e+00
1.752000000000000000e+03,5.109049950816866925e+01,3.551124151891297487e+01,-1.566753922684290456e-03,4.128689910271286578e+01,3.314333507499069853e-01,nan,6.241061173471770473e+00,1.000000000000000000e+00
1.752000000000000000e+03,1.359317987746528331e+02,5.237351312214150312e+01,-1.234066449334721149e-03,3.209974420121202598e+01,2.817060667017188269e-01,nan,1.736795881575311284e+01,1.000000000000000000e+00
1.754000000000000000e+03,5.197828832541075883e+01,4.760142173354782180e+00,-1.365172791681570560e-03,3.572024203235245920e+01,2.827442562921711477e-01,nan,1.034120389971894660e+01,1.000000000000000000e+00
1.754000000000000000e+03,1.021736352141808197e+02,2.555519125712359951e+01,-1.340623581076762867e-03,3.504231629542832138e+01,3.716556106508303037e-01,nan,1.751974713420861818e+01,1.000000000000000000e+00
1.756000000000000000e+03,1.149657818277209884e+02,4.117264276705947168e+01,-1.489931347613188128e-03,3.916544592623934307e+01,2.920315498825799549e-01,nan,1.623214579024716997e+01,1.000000000000000000e+00
1.757000000000000000e+03,5.037845593236489350e+01,2.931093196880393137e+01,-1.403725187777655819e-03,3.678486532938472209e+01,3.630648257142882196e-01,nan,6.241061173471770473e+00,1.000000000000000000e+00
1.758000000000000000e+03,1.094182828356160400e+02,8.538632127653144721e+00,-1.740193461915765091e-03,4.607642693470977235e+01,2.649592573662898909e-01,nan,7.809757890012647863e+00,1.000000000000000000e+00
1.758000000000000000e+03,1.422151545504627848e+02,3.453083901642431641e+01,-1.395363251463976970e-03,3.655395070126004953e+01,3.608504061276620600e-01,nan,1.217057439297973964e+01,1.000000000000000000e+00
1.759000000000000000e+03,7.290163551319385249e+01,1.511299353645627086e+01,-1.593482451458769038e-03,4.202500664751464399e+01,2.665789498009176750e-01,nan,1.342093234222475395e+01,1.000000000000000000e+00
1.759000000000000000e+03,6.390464569269764183e+01,2.507168818507674146e+01,-1.503907029355273060e-03,3.955138397111336701e+01,2.939651889893923897e-01,nan,1.342093234222475395e+01,1.000000000000000000e+00
1.760000000000000000e+03,6.184930118432548340e+01,4.048876669235649217e+01,-1.641634161404288261e-03,4.335471471733667670e+01,3.512195809246878575e-01,nan,1.110288430472818177e+01,1.000000000000000000e+00
1.760000000000000000e+03,5.528269558072130252e+01,4.944162828689114519e+01,1.525180899569114623e-03,-4.013886127839275275e+01,3.562940571941143331e-01,nan,7.291140979076213391e+00,1.000000000000000000e+00
1.760000000000000000e+03,1.284732058082044261e+02,5.017442338909753374e+01,-1.243605920968882811e-03,3.236317643296735014e+01,3.376971227798830633e-01,nan,1.114541230406543804e+01,1.000000000000000000e+00
1.761000000000000000e+03,6.195564515688975860e+01,5.237973664613824099e+01,1.510006026985601622e-03,-3.971980761330695486e+01,3.457346156845828578e-01,nan,7.291140979076213391e+00,1.000000000000000000e+00
1.761000000000000000e+03,1.113562441429408878e+01,5.013930930146846521e+01,-1.843511029340662430e-03,4.892953855451947476e+01,1.973996007176079814e-01,nan,1.860667411701195206e+01,1.000000000000000000e+00
1.762000000000000000e+03,1.191900819794096833e+02,1.879406306641063651e+01,-1.148277137980677513e-03,2.973067486305113505e+01,3.672139841095761748e-01,nan,1.416551877787292746e+01,1.000000000000000000e+00
1.763000000000000000e+03,1.389017154843145079e+02,4.624168879814283173e+01,-1.296555471503128658e-03,3.382537673111870902e+01,3.044241131089092667e-01,nan,1.114541230406543804e+01,1.000000000000000000e+00
1.765000000000000000e+03,1.411265597929335627e+02,2.888661747646542466e+01,-1.253669857315797354e-03,3.264109174251313306e+01,3.572828679809370023e-01,nan,1.025031159012379689e+01,1.000000000000000000e+00
1.765000000000000000e+03,1.148054674831401485e+02,4.013676974066314074e+01,-1.156659061309052222e-03,2.996214143200538160e+01,3.644498938495461804e-01,nan,1.695764021579532965e+01,1.000000000000000000e+00
1.768000000000000000e+03,1.434305672347879863e+02,1.889860278872563981e+01,-1.609486411876492797e-03,4.246695554903106995e+01,2.931600231616513508e-01,nan,1.025031159012379689e+01,1.000000000000000000e+00
1.769000000000000000e+03,1.325383814581515196e+02,5.331848422982336899e+01,-1.713400431274595152e-03,4.533653817273511777e+01,2.308957039367269815e-01,nan,2.209556143027124619e+01,1.000000000000000000e+00
1.770000000000000000e+03,1.256139158745273363e+02,6.330649147589955561e+00,-1.561355530844625583e-03,4.113782266905380425e+01,2.978598269145006361e-01,nan,2.180336039281131733e+01,1.000000000000000000e+00
1.770000000000000000e+03,2.373004924861348997e+01,3.287095496947974738e+01,-1.868288374543546201e-03,4.961376422173498923e+01,2.556306679049138442e-01,nan,9.162219066754325070e+00,1.000000000000000000e+00
1.770000000000000000e+03,8.268656035572503527e+01,6.137969116165240990e+00,-2.055762211649939369e-03,5.479084878140947268e+01,1.825706091080634419e-01,nan,1.198592919967429182e+01,1.000000000000000000e+00
1.772000000000000000e+03,6.809406834041310219e+01,1.372791187482948949e+01,-1.301053320662328002e-03,3.394958470484584723e+01,3.404309534540588267e-01,nan,9.379903097684191948e+00,1.000000000000000000e+00
1.772000000000000000e+03,6.478975953642282093e+01,2.250652938841429318e+01,-2.292208078335987876e-03,6.132029451374653206e+01,1.374377747209174494e-01,nan,9.379903097684191948e+00,1.000000000000000000e+00
1.773000000000000000e+03,1.409574941727023258e+02,3.034954437608221411e+01,-1.746010087075025585e-02,4.801812128713399943e+02,1.171698717713143267e-02,nan,1.085136054996111632e+01,1.000000000000000000e+00
1.774000000000000000e+03,9.656044525268325174e+01,8.923307652441083704e+00,-1.509903527328077194e-03,3.971697708824525819e+01,2.970350937508978717e-01,nan,8.785829990501689224e+00,1.000000000000000000e+00
1.775000000000000000e+03,1.135033106903544962e+02,3.692332853531470249e+01,-1.377553828943284568e-03,3.606214401627567412e+01,2.920475480347519692e-01,nan,2.463567040951035381e+01,1.000000000000000000e+00
1.777000000000000000e+03,3.297345761869877379e+01,2.553042637245860291e+01,-1.258963466683120629e-03,3.278727461124571363e+01,3.498273666478609600e-01,nan,1.121803440861282652e+01,1.000000000000000000e+00
1.777000000000000000e+03,8.041611837955091602e+00,1.106673246580265335e+01,-1.275287774050039508e-03,3.323806988444799515e+01,3.713830363183621142e-01,nan,1.971247443282544509e+01,1.000000000000000000e+00
1.777000000000000000e+03,1.379516739833647989e+02,4.077629222834292477e+01,-1.294334517866151937e-03,3.376404516102223852e+01,3.391458564820746258e-01,nan,1.085136054996111632e+01,1.000000000000000000e+00
1.779000000000000000e+03,5.356079017026269895e+01,1.212149997022552128e+01,-1.495767301245491850e-02,4.110767403388456387e+02,1.568010987126211564e-02,nan,1.171591589949969681e+01,1.000000000000000000e+00
1.779000000000000000e+03,5.013191359459661101e+01,2.332442328483399763e+01,-1.733383753821782572e-02,4.766944546153828242e+02,1.790103902943840364e-02,nan,1.171591589949969681e+01,1.000000000000000000e+00
1.779000000000000000e+03,6.349924769674631619e+01,3.922541261774669863e+01,-1.037684071734256037e-02,2.845771897267476334e+02,1.997261842093867035e-02,nan,7.401058050073175743e+00,1.000000000000000000e+00
1.780000000000000000e+03,7.233332827599264192e+01,2.916412287229904621e+01,-1.768423574457972380e-03,4.685600067158907933e+01,2.267441813053272526e-01,nan,1.137421557434833019e+01,1.000000000000000000e+00
1.782000000000000000e+03,1.273916485407576289e+02,3.014495038236898949e+01,1.596776685681962436e-03,-4.211597682978688795e+01,3.567570470485739165e-01,nan,8.016501670496545273e+00,1.000000000000000000e+00
1.782000000000000000e+03,4.466975990783899952e+00,3.834148151066270316e+01,-1.428705412382250475e-03,3.747469350537843980e+01,2.982465551166719742e-01,nan,6.525866615840883789e+00,1.000000000000000000e+00
1.783000000000000000e+03,7.016595339475107096e+01,1.799831497246881540e+01,-1.933050965067493977e-03,5.140218127566116380e+01,1.698033695534432175e-01,nan,1.137421557434833019e+01,1.000000000000000000e+00
1.783000000000000000e+03,1.403334685253690282e+02,2.902540120693032222e+01,-1.488480197611795992e-03,3.912537246115250866e+01,2.760221521377062004e-01,nan,1.299015376623049711e+01,1.000000000000000000e+00
1.783000000000000000e+03,3.189148922895747162e+01,3.118095705562582509e+01,-1.354934792529586141e-03,3.543751998350668231e+01,3.351810472301770538e-01,nan,1.739459239644699196e+01,1.000000000000000000e+00
1.784000000000000000e+03,1.098450769246152703e+01,3.801176101482769809e+01,-1.269417451704651445e-03,3.307596110359781960e+01,3.543041101546513527e-01,nan,6.525866615840883789e+00,1.000000000000000000e+00
1.784000000000000000e+03,5.893199873053127646e+01,4.504914828664175985e+01,-1.332744725065103083e-03,3.482474191579520806e+01,3.593272983142108412e-01,nan,7.401058050073175743e+00,1.000000000000000000e+00
1.784000000000000000e+03,1.082495770231152932e+02,4.173856921144091814e+01,1.240129684655115775e-03,-3.226718026825680852e+01,3.568008259485043743e-01,nan,8.785964281163010980e+00,1.000000000000000000e+00
1.785000000000000000e+03,1.236276661932788272e+02,1.667629971953877188e+01,-1.539652539515560343e-03,4.053849519465699558e+01,2.936510590039779212e-01,nan,1.085052511848389223e+01,1.000000000000000000e+00
1.787000000000000000e+03,1.794790527597534791e+01,2.078151903308485160e+01,-1.940575694853851133e-02,5.339104488768844021e+02,1.118350568461912165e-02,nan,1.067269238095383344e+01,1.000000000000000000e+00
1.787000000000000000e+03,1.435374433160204148e+02,9.059985513399565704e+00,-1.328357593277689624e-03,3.470359139907012036e+01,3.404686357588396772e-01,nan,3.554923323201826690e+00,1.000000000000000000e+00
1.789000000000000000e+03,1.220064143034731217e+02,4.224708971604351149e+01,-2.231451185656205000e-03,5.964249468929530451e+01,2.366720585389121556e-01,nan,1.199201115375866600e+01,1.000000000000000000e+00
1.790000000000000000e+03,1.031672920196372445e+02,1.819397722672779594e+01,-1.906403736324727843e-03,5.066631882887079996e+01,2.011810732948503544e-01,nan,1.983439515613838111e+01,1.000000000000000000e+00
1.791000000000000000e+03,1.230054114302751458e+02,3.029676184386721971e+01,-2.470488432755914288e-03,6.624350131639440065e+01,1.379653345549595178e-01,nan,1.199201115375866600e+01,1.000000000000000000e+00
1.792000000000000000e+03,1.399937260803250751e+02,9.342028040831335645e+00,-1.437983929989173227e-03,3.773091949926049438e+01,2.920014142513843725e-01,nan,3.554923323201826690e+00,1.000000000000000000e+00
1.795000000000000000e+03,5.485256716123907950e+01,2.487328732794051334e+01,-1.533292373541279407e-03,4.036285939624033148e+01,2.866127501782153031e-01,nan,2.912837767387489762e+01,1.000000000000000000e+00
1.797000000000000000e+03,1.305534829977418099e+02,9.219574684094940409e+00,-1.429491286575225754e-03,3.749639539836306312e+01,3.401330765497263542e-01,nan,9.441037246131232408e+00,1.000000000000000000e+00
1.799000000000000000e+03,1.072519821090225811e+01,1.611084795583626672e+01,-2.049121414320570576e-03,5.460746335628323322e+01,2.692126973041834015e-01,nan,2.549116103367022390e+01,1.000000000000000000e+00
1.799000000000000000e+03,1.048851254922723371e+02,8.378703172586822845e+00,-1.181223281491947065e-03,3.064048165799189505e+01,2.947747661124119345e-01,nan,1.188828990500319627e+01,1.000000000000000000e+00
1.802000000000000000e+03,5.004343171511919053e+01,3.450629216386144549e+01,-1.554316550060813769e-03,4.094344141941289195e+01,3.520145661991171959e-01,nan,1.333701993056696544e+01,1.000000000000000000e+00
1.806000000000000000e+03,1.349620826354501446e+02,2.660406791087760325e+01,-1.309799298351225832e-03,3.419110462437869558e+01,2.849495121242980877e-01,nan,4.592334918420171164e+00,1.000000000000000000e+00
1.809000000000000000e+03,8.445440297142334884e+01,9.625670519633152011e+00,-1.459276950288866280e-03,3.831892563560375464e+01,3.344908863051754278e-01,nan,2.877535768865151056e+01,1.000000000000000000e+00
1.810000000000000000e+03,1.434630484353268685e+02,5.279901231864941735e+01,-1.395108412432195105e-03,3.654691332880849330e+01,3.128872215985726291e-01,nan,1.727370943723032681e+01,1.000000000000000000e+00
1.813000000000000000e+03,4.366366381539444319e+01,4.619338848455919333e+01,-2.301333429655082804e-03,6.157229082504451867e+01,2.133094712659934222e-01,nan,6.151319311670994772e+00,1.000000000000000000e+00
1.815000000000000000e+03,6.346174475128137260e+01,4.268270430215584810e+01,-4.769788113680877711e-03,1.297385951380759934e+02,7.317103296481342056e-02,nan,1.906252670060138499e+01,1.000000000000000000e+00
1.815000000000000000e+03,1.438769008233829254e+02,1.711262241366659609e+01,-1.522923723939567393e-03,4.007652943902483855e+01,2.003943602478223118e-01,nan,2.540935445118902791e+01,1.000000000000000000e+00
1.815000000000000000e+03,1.306897625228111508e+02,3.883207629878425848e+01,-1.367448444767097341e-03,3.578308412612989287e+01,2.602351526484885103e-01,nan,1.892702128666524430e+01,1.000000000000000000e+00
1.816000000000000000e+03,7.140469922809413106e+01,1.476137867591744524e+01,-1.447219966691474288e-03,3.798597238419682753e+01,2.561980964860026688e-01,nan,1.145231936943117290e+01,1.000000000000000000e+00
1.817000000000000000e+03,9.491158804691991691e+01,1.672038987511545471e+01,-1.867305431482019261e-03,4.958662027767637426e+01,2.148758016552656525e-01,nan,1.983202204838611848e+01,1.000000000000000000e+00
1.819000000000000000e+03,3.861229630162812754e+01,1.816593054802325113e+01,-1.896168165907693342e-03,5.038366384947003240e+01,2.294630770519459073e-01,nan,1.669834305089703363e+01,1.000000000000000000e+00
1.819000000000000000e+03,1.523208995379688879e+01,3.720281990762351398e+01,-1.693374570836697016e-03,4.478352461912442806e+01,2.473104603386296896e-01,nan,1.260310694421590405e+01,1.000000000000000000e+00
1.820000000000000000e+03,1.116120849866419036e+02,2.741630033164086910e+01,-1.060116755331871365e-02,2.907719687784704092e+02,1.899432262428923934e-02,nan,5.605552028721527691e+00,1.000000000000000000e+00
1.820000000000000000e+03,3.709709071302275873e+01,3.479538672282644995e+01,-1.224887818601169296e-03,3.184627658043325482e+01,3.511127203180588463e-01,nan,9.928275885985936355e+00,1.000000000000000000e+00
1.820000000000000000e+03,1.094038503986778608e+02,4.576018420365355865e+01,-2.118700900173768262e-03,5.652889883464414567e+01,2.036618989951763936e-01,nan,7.322988479635236025e+00,1.000000000000000000e+00
1.822000000000000000e+03,1.402336119115317956e+02,2.948358525400025343e+01,-1.542790494661781808e-02,4.240621815257086951e+02,2.823426617851432230e-02,nan,1.902922040815661830e+01,1.000000000000000000e+00
1.822000000000000000e+03,1.116982804264956286e+02,5.271444556776107504e+01,-1.271312439619014939e-03,3.312829113974390083e+01,3.435433072649868302e-01,nan,7.322988479635236025e+00,1.000000000000000000e+00
1.823000000000000000e+03,2.779117812945547072e+01,3.825524987839399671e+01,-1.845422264310251845e-03,4.898231725262312608e+01,1.983007764402824336e-01,nan,8.361930978793834512e+00,1.000000000000000000e+00
1.825000000000000000e+03,8.766038237893171470e+01,1.922195762911970007e+01,-1.317204428967624430e-03,3.439559709099830798e+01,2.587248351999758000e-01,nan,1.450532578675098350e+01,1.000000000000000000e+00
1.826000000000000000e+03,8.430813755026694878e+01,4.618799164393850987e+01,-1.446203704367626146e-03,3.795790832967818318e+01,3.317263457310402064e-01,nan,6.605405958260798904e+00,1.000000000000000000e+00
1.826000000000000000e+03,6.909537566863330937e+01,1.943281198919946462e+01,-1.342628338801195439e-03,3.509767762168718264e+01,2.597536653738723444e-01,nan,1.295417716165356481e+01,1.000000000000000000e+00
1.826000000000000000e+03,2.243778541370842916e+01,9.007792437166211030e+00,-1.329620774727751894e-03,3.473847411807838625e+01,3.327622695844573153e-01,nan,6.918925566302047692e+00,1.000000000000000000e+00
1.826000000000000000e+03,1.029995341600068315e+02,4.675932783727940745e+01,-1.416905115879411739e-03,3.714882866062276179e+01,2.915697238967481786e-01,nan,7.745543172489494310e+00,1.000000000000000000e+00
1.827000000000000000e+03,1.352166222848942141e+02,1.112763133086089518e+01,-1.447557190633573954e-03,3.799528481355093135e+01,2.605518957970869298e-01,nan,7.213574044515896233e+00,1.000000000000000000e+00
1.828000000000000000e+03,8.275300221973072468e+00,1.433420014965130740e+01,-2.147887417034517396e-03,5.733488364896632561e+01,2.211347348399076429e-01,nan,1.198416474935631726e+01,1.000000000000000000e+00
1.828000000000000000e+03,1.947798968218183191e+01,3.735370257834361496e+01,-1.363998728358666078e-03,3.568782030783395953e+01,3.467728617674025182e-01,nan,8.361930978793834512e+00,1.000000000000000000e+00
1.828000000000000000e+03,1.369922367174533520e+02,4.759762087565461997e+01,-1.256632812040128213e-03,3.272291365105838423e+01,3.653514338274219675e-01,nan,7.430219073270852626e+00,1.000000000000000000e+00
1.829000000000000000e+03,2.740522278944711232e+01,1.382402508417803233e+01,-1.669855098574935795e-03,4.413403507659719338e+01,3.204736889510954034e-01,nan,4.865276009323806328e+00,1.000000000000000000e+00
1.829000000000000000e+03,1.268713094859032395e+02,3.782847674094961832e+01,-1.554781337588466601e-03,4.095627651347231080e+01,2.946267161657650790e-01,nan,9.178633777531038263e+00,1.000000000000000000e+00
1.830000000000000000e+03,1.347234569471607415e+02,1.832432768720188321e+01,-1.838319617115207827e-03,4.878617785688755504e+01,2.030547558094131233e-01,nan,7.213574044515896233e+00,1.000000000000000000e+00
1.830000000000000000e+03,2.792034652126723415e+01,3.355219007439593781e+01,-1.337850002734675787e-03,3.496572401017137821e+01,3.075767904482774595e-01,nan,9.258773477957142006e+00,1.000000000000000000e+00
1.831000000000000000e+03,4.071904035291715473e+01,9.374044279791736045e+00,-1.358552520298116290e-03,3.553742343062572218e+01,3.200945444550300500e-01,nan,1.284879136848201320e+01,1.000000000000000000e+00
1.832000000000000000e+03,1.442999314637428370e+02,4.894140395779660935e+01,-1.244623746612894162e-03,3.239128365852683800e+01,3.102547854530992577e-01,nan,7.430219073270852626e+00,1.000000000000000000e+00
1.833000000000000000e+03,1.101923256510394111e+02,1.479763393999036758e+01,-1.369420178467034219e-03,3.583753349491269802e+01,3.413236248131666928e-01,nan,1.042053519545986440e+01,1.000000000000000000e+00
1.833000000000000000e+03,6.619831444863349645e+01,4.803549066003044743e+01,-1.543171099870198782e-03,4.063566013652535958e+01,3.069366316756823032e-01,nan,8.936710343254551603e+00,1.000000000000000000e+00
1.835000000000000000e+03,8.848341155849722384e+01,6.446460072271523067e+00,-1.517488069592744107e-03,3.992642400231424205e+01,2.680088932117017375e-01,nan,2.035995095842780245e+01,1.000000000000000000e+00
1.835000000000000000e+03,1.200009754624252878e+02,1.831586398326746590e+01,-1.217669654752419599e-03,3.164694719566499259e+01,3.327945943471740664e-01,nan,1.042053519545986440e+01,1.000000000000000000e+00
1.836000000000000000e+03,2.857185986896635654e+01,1.653336167740550522e+01,-1.421307263917719402e-03,3.727039385067959643e+01,3.258972364364739471e-01,nan,7.673331616624073703e+00,1.000000000000000000e+00
1.836000000000000000e+03,6.684348620863040935e+01,2.111863252134942570e+01,-1.340485678864711608e-03,3.503850812985292862e+01,3.240450087695176951e-01,nan,1.186017911934671965e+01,1.000000000000000000e+00
1.837000000000000000e+03,3.603983273086969774e+01,1.829671060276254835e+01,-1.730359035729864920e-03,4.580484954158590227e+01,2.778153354535738417e-01,nan,7.673331616624073703e+00,1.000000000000000000e+00
1.837000000000000000e+03,1.510259265346436308e+01,3.914016054087075247e+01,-1.251195972889488674e-03,3.257277549602486033e+01,3.031757050630764505e-01,nan,6.959244433225045157e+00,1.000000000000000000e+00
1.837000000000000000e+03,2.890509841177492589e+01,3.987556513286703108e+01,-1.259187733184149180e-03,3.279346772414961464e+01,3.265578282194830928e-01,nan,1.068010274402788262e+01,1.000000000000000000e+00
1.837000000000000000e+03,5.737219032412347275e+01,4.663394697609653150e+01,-1.389416600281554370e-03,3.638973410179492873e+01,2.931545024009873934e-01,nan,8.936710343254551603e+00,1.000000000000000000e+00
1.837000000000000000e+03,7.907284659182462860e+01,4.858325653520109455e+01,-1.216477851936582141e-03,3.161403559556504561e+01,3.169545972015161972e-01,nan,1.104013066075063954e+01,1.000000000000000000e+00
1.838000000000000000e+03,1.331506790486710656e+02,1.930718821271129215e+01,-1.363644093578052002e-03,3.567802707868061418e+01,3.160695884282196388e-01,nan,7.966868760891500756e+00,1.000000000000000000e+00
1.838000000000000000e+03,8.357842538108013741e+01,3.850435556434830886e+01,-1.204749973613941172e-03,3.129017057674949243e+01,3.730502589097763888e-01,nan,9.755844914735149587e+00,1.000000000000000000e+00
1.839000000000000000e+03,1.407405562669674168e+02,2.172891521310892671e+01,-1.243194239907735371e-03,3.235180787243606204e+01,3.360132362538098549e-01,nan,7.966868760891500756e+00,1.000000000000000000e+00
1.840000000000000000e+03,7.832511238071592174e+01,2.409119188786659294e+01,-1.372016702749615869e-03,3.590923643746539540e+01,3.204832564315441834e-01,nan,1.186017911934671965e+01,1.000000000000000000e+00
1.840000000000000000e+03,9.321004482843639494e+01,4.005626304279940086e+01,-1.636031924645212424e-03,4.320000911215618800e+01,2.258576905755529385e-01,nan,9.755844914735149587e+00,1.000000000000000000e+00
1.841000000000000000e+03,4.773421342534828682e+01,5.117901697805149297e+01,-1.518011458167923622e-03,3.994087736259690757e+01,2.809313089372251770e-01,nan,1.065590259077076141e+01,1.000000000000000000e+00
1.842000000000000000e+03,3.816837223146040969e+01,1.071281721104323381e+01,-1.371601824220934195e-03,3.589777957896113492e+01,3.230148424356761305e-01,nan,7.876935913319267790e+00,1.000000000000000000e+00
1.842000000000000000e+03,4.038536663431142415e+01,3.033232350519348230e+01,-1.333318485159783228e-03,3.484058628412400793e+01,2.845544283691490151e-01,nan,1.200893748333727373e+01,1.000000000000000000e+00
1.843000000000000000e+03,1.087198269341199222e+02,2.066022647739050910e+01,-1.877997520474099539e-03,4.988188200425079089e+01,2.722526173094746982e-01,nan,8.050014723477371348e+00,1.000000000000000000e+00
1.843000000000000000e+03,1.219740105464397857e+02,3.033683105031694538e+01,-1.417633645190453321e-03,3.716894697636045208e+01,3.574372160064444026e-01,nan,1.003473189376619779e+01,1.000000000000000000e+00
1.844000000000000000e+03,1.166876773356424621e+02,2.180743919836232791e+01,-1.293359294994061081e-03,3.373711440977038478e+01,3.268133122329613949e-01,nan,8.050014723477371348e+00,1.000000000000000000e+00
1.845000000000000000e+03,8.021564239346034242e+00,3.755694382052073621e+01,-1.435184084556718771e-03,3.765360184906694485e+01,3.322670745330998932e-01,nan,2.768950090937167374e+01,1.000000000000000000e+00
1.846000000000000000e+03,6.717889029938510248e+01,1.416855198075013078e+01,-1.381033204878370606e-03,3.615822688153763664e+01,3.371053475325079818e-01,nan,1.686322968461460903e+01,1.000000000000000000e+00
1.846000000000000000e+03,6.475573293614081649e+01,5.017534091582431444e+01,-4.003683433682968251e-02,1.103637050972068891e+03,1.101351334253863890e-02,nan,1.705108477763742059e+01,1.000000000000000000e+00
1.846000000000000000e+03,1.025161756226507492e+02,4.916818234412605193e+01,-1.879033524300249272e-03,4.991049121978137748e+01,2.589525120559369453e-01,nan,2.373663915960123560e+01,1.000000000000000000e+00
1.847000000000000000e+03,8.358003671594460116e+01,1.808912740007888331e+01,-1.126867977233431042e-03,2.913946151162622655e+01,3.451901740190967960e-01,nan,1.503780080053981649e+01,1.000000000000000000e+00
1.847000000000000000e+03,1.350561164643234804e+02,2.868004491078609419e+01,-1.289887620540872354e-03,3.364124422070704412e+01,3.018222374110274275e-01,nan,5.893821060608622986e+00,1.000000000000000000e+00
1.848000000000000000e+03,1.319631094508932847e+02,4.583953234794516618e+01,-1.288568269523387251e-03,3.360481038072789062e+01,3.743411369089580942e-01,nan,1.743601736323832796e+01,1.000000000000000000e+00
1.849000000000000000e+03,8.509029938881077726e+01,3.305089733467094959e+01,-1.718919203133022515e-03,4.548893889711148120e+01,3.394928364894030937e-01,nan,1.503780080053981649e+01,1.000000000000000000e+00
1.850000000000000000e+03,4.925859091421776270e+01,2.348789362620682297e+01,-1.800693039233992269e-03,4.774712100293474748e+01,2.413522200234641257e-01,nan,9.754396235886815703e+00,1.000000000000000000e+00
1.851000000000000000e+03,1.178957788692127480e+02,1.739328827214390571e+01,-1.270663091324133369e-03,3.311035940546476297e+01,2.997353684534136420e-01,nan,1.475583010135969708e+01,1.000000000000000000e+00
1.851000000000000000e+03,1.296697017694417298e+02,2.628762700639821404e+01,-1.414770070314740448e-03,3.708986943944466930e+01,2.516563025091959060e-01,nan,5.893821060608622986e+00,1.000000000000000000e+00
1.852000000000000000e+03,5.735147344429154259e+01,2.893339619999278156e+01,-1.413032073851516529e-03,3.704187471765626327e+01,3.592850024227144390e-01,nan,9.754396235886815703e+00,1.000000000000000000e+00
1.852000000000000000e+03,9.233558691806284457e+01,5.126673161967605807e+01,-1.400849743753522329e-03,3.670546002628046978e+01,2.713855207970079508e-01,nan,1.506620256518459655e+01,1.000000000000000000e+00
1.854000000000000000e+03,3.346463123198426359e+01,1.699409300511689480e+01,-1.574584810707052671e-03,4.150314884772755164e+01,3.433455829513468727e-01,nan,1.616143271419616667e+01,1.000000000000000000e+00
1.855000000000000000e+03,1.080872024592877665e+02,3.531653008786421566e+01,-1.475387292615595912e-03,3.876381227044362987e+01,2.694869092060868665e-01,nan,6.432244837747722599e+00,1.000000000000000000e+00
1.855000000000000000e+03,1.372898514390192020e+02,4.134558377790008166e+01,-1.590166854550911432e-03,4.193344653532665944e+01,2.756156760885218882e-01,nan,1.687627752554397276e+01,1.000000000000000000e+00
1.856000000000000000e+03,6.498995525666057915e+01,4.833875296334580440e+01,2.274015276820571130e-03,-6.081790082897207839e+01,3.120908829707598198e-01,nan,2.085459842602833191e+01,1.000000000000000000e+00
1.857000000000000000e+03,1.408921346617934205e+02,1.876821377144647229e+01,-1.708779515045562520e-03,4.520893170545351580e+01,2.424401475205787415e-01,nan,2.286294121116947764e+01,1.000000000000000000e+00
1.857000000000000000e+03,3.222799123292845991e+01,4.675835976662866500e+01,-1.543997611511838423e-03,4.065848423147304658e+01,2.987878595214935595e-01,nan,6.167968973112942344e+00,1.000000000000000000e+00
1.857000000000000000e+03,1.074555703790432375e+02,6.812904278294035443e+00,-1.637695869866856706e-03,4.324595891106189072e+01,2.786532764936910933e-01,nan,2.305458056635593422e+01,1.000000000000000000e+00
1.857000000000000000e+03,8.601134831370485756e+01,3.759213964001088470e+01,-1.833282029265705841e-03,4.864706501492411661e+01,2.106325136025242184e-01,nan,1.506620256518459655e+01,1.000000000000000000e+00
1.857000000000000000e+03,4.718824179033208566e+01,2.552957310984997719e+01,-1.418519471318256371e-03,3.719340903911859186e+01,3.092718301590186014e-01,nan,1.071808235091673467e+01,1.000000000000000000e+00
1.859000000000000000e+03,1.110177076227069222e+02,2.959063163086151604e+01,-1.681039727304064688e-03,4.444289827368641710e+01,3.015233695554271343e-01,nan,6.432244837747722599e+00,1.000000000000000000e+00
1.860000000000000000e+03,6.007808636314695150e+01,1.381508760664336144e+01,-1.544909283401730161e-03,4.068366002419963223e+01,2.420815386359757015e-01,nan,1.741772843157691497e+01,1.000000000000000000e+00
1.863000000000000000e+03,2.214675661729996747e+01,4.008571789538581953e+01,-1.376571086843571008e-03,3.603500562177168831e+01,3.169600993477970086e-01,nan,6.601592602972971235e+00,1.000000000000000000e+00
1.864000000000000000e+03,2.881814534240911740e+01,2.730518883865503454e+01,-1.421006217380984572e-03,3.726208045932254720e+01,2.759108594866065411e-01,nan,1.441698132382273023e+01,1.000000000000000000e+00
1.865000000000000000e+03,3.274829790959860532e+01,9.412442380556674593e+00,-1.458061787445084391e-02,4.006643736681884320e+02,1.789591715951477369e-02,nan,1.831929242670626223e+01,1.000000000000000000e+00
1.867000000000000000e+03,1.019840645117197937e+02,2.765887773934287353e+01,-1.179832545854348717e-03,3.060207653380427928e+01,3.390611640627039236e-01,nan,9.767888525725716420e+00,1.000000000000000000e+00
1.868000000000000000e+03,1.374644062583522270e+02,1.909651428538560936e+01,-1.348792287472958765e-03,3.526789488500111247e+01,2.448680681557200423e-01,nan,7.974968716146761949e+00,1.000000000000000000e+00
1.868000000000000000e+03,9.428683897763268362e+01,5.456659004059690510e+00,-2.068609609964540148e-03,5.514562931224568132e+01,2.467742469457328003e-01,nan,1.180659033605281394e+01,1.000000000000000000e+00
1.868000000000000000e+03,6.506024334634153661e+01,2.830781947035361767e+01,-1.365296169763760559e-03,3.572364911450411284e+01,2.918125800990210017e-01,nan,1.369837535536770368e+01,1.000000000000000000e+00
1.868000000000000000e+03,8.031016668482178034e+01,3.508480271631980685e+01,-1.519770113738319042e-03,3.998944258502905313e+01,3.283500726754980947e-01,nan,5.550244679566776362e+00,1.000000000000000000e+00
1.869000000000000000e+03,4.710434824352312688e+01,3.796845147735061232e+01,-1.517758998937120650e-03,3.993390570828017161e+01,2.525622966491430921e-01,nan,1.279583006954723423e+01,1.000000000000000000e+00
1.871000000000000000e+03,1.489606301261529886e+01,1.953032396905381773e+01,-1.234821100748241659e-03,3.212058387805001303e+01,3.181911660474323611e-01,nan,2.431674100064311617e+01,1.000000000000000000e+00
1.871000000000000000e+03,8.042312164981343869e+01,4.573655589910462993e+01,-1.092421775251589157e-03,2.818823064564454839e+01,3.689822143244194663e-01,nan,1.065235207318472277e+01,1.000000000000000000e+00
1.872000000000000000e+03,1.138605235872293235e+02,1.107574446631243781e+01,1.280083438976230802e-03,-3.337050203191968478e+01,2.600047341096228815e-01,nan,4.639423142298976011e+00,1.000000000000000000e+00
1.872000000000000000e+03,1.882781473322443944e+01,4.352709919615141843e+01,-1.118235123917770552e-03,2.890106551837050120e+01,3.740300005697014818e-01,nan,1.282778500674659128e+01,1.000000000000000000e+00
1.874000000000000000e+03,5.986173612521855603e+01,3.895957286482027371e+01,-1.372366447585692331e-03,3.591889463094254609e+01,3.169319127742832309e-01,nan,8.972376785621856143e+00,1.000000000000000000e+00
1.875000000000000000e+03,1.115670440096023839e+02,1.510863406563293765e+01,-1.798692400571048292e-03,4.769187342443910183e+01,2.854155446963082543e-01,nan,4.639423142298976011e+00,1.000000000000000000e+00
1.875000000000000000e+03,5.119948364876664471e+01,4.129814662191427033e+01,-1.813545346623402681e-03,4.810203709772905967e+01,2.745947091979131782e-01,nan,8.972376785621856143e+00,1.000000000000000000e+00
1.876000000000000000e+03,5.984467701912734583e+01,2.898629063357674340e+01,1.149045685001160409e-03,-2.975189826667127946e+01,3.549357445671983413e-01,nan,9.973296820868140955e+00,1.000000000000000000e+00
1.877000000000000000e+03,3.459842821257992540e+01,7.252799017882122001e+00,-1.921315057886832959e-03,5.107809454016487649e+01,2.063981491965574122e-01,nan,1.459195326469616205e+01,1.000000000000000000e+00
1.877000000000000000e+03,1.062012965010143688e+02,7.715005040741807818e+00,-2.021218302231642897e-03,5.383691972741157628e+01,1.810898818167867574e-01,nan,8.364109578717487281e+00,1.000000000000000000e+00
1.877000000000000000e+03,1.181210664609011047e+02,1.446516500751906342e+01,-1.665893908804964981e-03,4.402464693629675452e+01,2.056484766474261372e-01,nan,5.444299512659899420e+00,1.000000000000000000e+00
1.877000000000000000e+03,9.375845034536949285e+00,2.937966451005024027e+01,-1.418138217412692010e-03,3.718288072360386565e+01,2.415919889627667905e-01,nan,1.701439506366315868e+01,1.000000000000000000e+00
1.877000000000000000e+03,2.860860295081056748e+01,3.522720461717988627e+01,-1.478426336731231139e-03,3.884773538531696602e+01,2.878488303090132039e-01,nan,1.282778500674659128e+01,1.000000000000000000e+00
1.877000000000000000e+03,1.166301149903989796e+02,4.113725579031390822e+01,-1.360145707128626157e-03,3.558141923861801104e+01,3.688280707013271709e-01,nan,7.374583245628208772e+00,1.000000000000000000e+00
1.879000000000000000e+03,5.346898536708389571e+01,1.312426443021911382e+01,-2.042242658055309565e-03,5.441750670206253204e+01,2.390764212841491876e-01,nan,6.256402125449377571e+00,1.000000000000000000e+00
1.879000000000000000e+03,9.951828783308965853e+01,2.373800455482722072e+01,-1.664035546829071297e-03,4.397332832437638928e+01,2.225658729887817211e-01,nan,1.482020784067587726e+01,1.000000000000000000e+00
1.881000000000000000e+03,7.498081525667883795e+01,9.479524037295563588e+00,-1.230406772114910584e-02,3.377975073902320560e+02,1.581040879706741009e-02,nan,1.081866471633919247e+01,1.000000000000000000e+00
1.882000000000000000e+03,1.231527744047732540e+02,4.457809757841967979e+01,-1.031367735902281001e-02,2.828329354236323638e+02,2.308076478245491003e-02,nan,7.374583245628208772e+00,1.000000000000000000e+00
1.882000000000000000e+03,5.447833508554782611e+01,5.330465626011859115e+01,-1.086275225953755620e-02,2.979956228334306729e+02,2.044438548696159152e-02,nan,2.285285833169339398e+01,1.000000000000000000e+00
1.883000000000000000e+03,7.081309118445173567e+01,3.732251381557225045e+01,-1.773119697001052097e-02,4.876675237685336697e+02,1.428703779715956301e-02,nan,2.285285833169339398e+01,1.000000000000000000e+00
1.886000000000000000e+03,6.419049231211677409e+01,8.696940497588741437e+00,-1.556270248287795494e-03,4.099739273913453275e+01,2.790438841166797967e-01,nan,1.081866471633919247e+01,1.000000000000000000e+00
1.887000000000000000e+03,8.835516091221416346e+00,4.504211993956171511e+01,-1.237963127219619732e-03,3.220735084768230649e+01,3.012008765689100365e-01,nan,1.685162486528258441e+01,1.000000000000000000e+00
1.889000000000000000e+03,7.184039619050925296e+01,2.533668077393103957e+01,-1.422965903607962537e-03,3.731619713748995082e+01,3.234053140023420703e-01,nan,7.672882329266301760e+00,1.000000000000000000e+00
1.889000000000000000e+03,2.846455819002573406e+01,3.304192251842855654e+01,1.364979756938172186e-03,-3.571491138352725159e+01,3.013424415171815918e-01,nan,1.908732147085880015e+01,1.000000000000000000e+00
1.890000000000000000e+03,1.124196149448358142e+02,2.702502091739636825e+01,-7.709906841455129410e-03,2.109298883025277860e+02,2.466412269973372595e-02,nan,1.041969007062338015e+01,1.000000000000000000e+00
1.890000000000000000e+03,7.728279589920259696e+01,3.733068131903051068e+01,2.118678941280833367e-03,-5.652829244045434365e+01,2.361682278843048044e-01,nan,1.200527423900942914e+01,1.000000000000000000e+00
1.890000000000000000e+03,7.803595753747127617e+01,5.226223459533114379e+01,-2.054075247994795531e-03,5.474426332913208881e+01,2.336517739618297895e-01,nan,1.159760358993726648e+01,1.000000000000000000e+00
1.890000000000000000e+03,2.655075191204007012e+01,8.652092324267396606e+00,-1.550060959596033516e-03,4.082592341248689394e+01,2.795078600872548114e-01,nan,2.072531546051574125e+01,1.000000000000000000e+00
1.891000000000000000e+03,5.001811864686735731e+01,1.954081549324690670e+01,-1.370923999769040362e-03,3.587906147643423083e+01,3.276908393288684440e-01,nan,6.856521437691122323e+00,1.000000000000000000e+00
1.892000000000000000e+03,1.195999979353669431e+02,1.947438907117722451e+01,-1.220371307619093435e-03,3.172155326101010075e+01,3.748758304174947265e-01,nan,1.041969007062338015e+01,1.000000000000000000e+00
1.892000000000000000e+03,1.056995220086181746e+02,4.746602018564622938e+01,-1.251567439906759545e-03,3.258303354690398379e+01,3.189647951378773438e-01,nan,8.189105995449422082e+00,1.000000000000000000e+00
1.892000000000000000e+03,2.432672864172284477e+01,5.167533894057451960e+01,-1.667808491673983869e-03,4.407751808654578696e+01,3.405764414818843733e-01,nan,1.685162486528258441e+01,1.000000000000000000e+00
1.893000000000000000e+03,8.679265096533913493e+01,4.465797728513565090e+01,-1.509548637822992869e-03,3.970717682488307076e+01,3.489019899574568040e-01,nan,7.260474667771467772e+00,1.000000000000000000e+00
1.894000000000000000e+03,6.417881665090531840e+01,2.575300059941312014e+01,-1.536928530981968802e-03,4.046327177822009702e+01,2.657241093820799094e-01,nan,7.672882329266301760e+00,1.000000000000000000e+00
1.895000000000000000e+03,1.129523917635995218e+02,4.366373964339497604e+01,-1.411234586582444869e-03,3.699223715899446319e+01,2.852499460717442537e-01,nan,7.835321247111824761e+00,1.000000000000000000e+00
1.895000000000000000e+03,5.327595668567330733e+01,2.557392228315432092e+01,1.292973484135540680e-03,-3.372646025413229864e+01,3.521437310550108446e-01,nan,6.856521437691122323e+00,1.000000000000000000e+00
1.897000000000000000e+03,8.239454476345420630e+01,5.043475443492189925e+01,-1.407983264601328065e-03,3.690245199703920775e+01,2.962461030838776654e-01,nan,7.260474667771467772e+00,1.000000000000000000e+00
1.899000000000000000e+03,8.511792750197560053e+01,2.155711753728694191e+01,-1.632813251095777520e-03,4.311112553569236638e+01,2.498182894328612180e-01,nan,6.206750798772161737e+00,1.000000000000000000e+00
1.899000000000000000e+03,1.055089349617326775e+02,4.611061722189869272e+01,-1.267480335706084975e-03,3.302246770163162637e+01,3.670364679146309594e-01,nan,6.322610695844046447e+00,1.000000000000000000e+00
1.900000000000000000e+03,6.556625060999495247e+01,3.113181517841448454e+01,-1.241188904887845050e-03,3.229643060417992473e+01,3.480720175960827500e-01,nan,8.907137571452622637e+00,1.000000000000000000e+00
1.901000000000000000e+03,1.118119458705708524e+02,4.660807022899434315e+01,-1.417287922755182958e-03,3.715939986136458373e+01,3.047082295642780103e-01,nan,5.313765801213858886e+00,1.000000000000000000e+00
1.902000000000000000e+03,7.891346915032329434e+01,2.138844021020706165e+01,-1.999494703125296799e-03,5.323702316984446270e+01,1.944005916676191381e-01,nan,6.206750798772161737e+00,1.000000000000000000e+00
1.902000000000000000e+03,1.154392867814527790e+02,1.134022663210193294e+01,-1.221143039051401924e-03,3.174286460207019900e+01,3.390833874974663598e-01,nan,1.821219917569551683e+01,1.000000000000000000e+00
1.903000000000000000e+03,5.785806624055863523e+01,5.118018533854624685e+00,-1.033806619872766792e-03,2.656957483447444091e+01,3.702392324958027059e-01,nan,1.945285237317755289e+01,1.000000000000000000e+00
1.904000000000000000e+03,8.031440849232571111e+01,7.972202204127171399e+00,-1.664168109900541950e-03,4.397698904973991318e+01,2.834190273803799398e-01,nan,1.348918356594470502e+01,1.000000000000000000e+00
1.904000000000000000e+03,4.110795826957104282e+01,1.500980039623399520e+01,-2.130750067764976621e-03,5.686163624726761867e+01,2.215487128186788279e-01,nan,6.062046987051254554e+00,1.000000000000000000e+00
1.904000000000000000e+03,1.303926591855399693e+02,3.174269844917906269e+01,-1.636460728702638983e-03,4.321185052373176205e+01,2.485160782979226601e-01,nan,2.205600411249666593e+01,1.000000000000000000e+00
1.905000000000000000e+03,2.702824555987034927e+01,4.554187200658530088e+01,-1.360495317729439740e-02,3.737214214299965533e+02,1.903846289439536932e-02,nan,9.682690995691411118e+00,1.000000000000000000e+00
1.905000000000000000e+03,7.328399804571502862e+00,2.288818600808458115e+01,-1.860591265869378360e-03,4.940120878954123640e+01,2.184804650367422330e-01,nan,6.996622527735768315e+00,1.000000000000000000e+00
1.905000000000000000e+03,1.047362839462090847e+02,2.607555591664694816e+01,-1.297052532544834980e-03,3.383910305733015633e+01,3.309149104396847951e-01,nan,1.433732384483254840e+01,1.000000000000000000e+00
1.905000000000000000e+03,5.961432066889830850e+01,2.450523010817957470e+01,-1.718389731013594129e-03,4.547431753993130599e+01,2.279617562342699522e-01,nan,8.907137571452622637e+00,1.000000000000000000e+00
1.905000000000000000e+03,2.875381252112920549e+01,3.309480339454064080e+01,2.044910359650897649e-03,-5.449117520404396231e+01,2.307773141933534555e-01,nan,3.385715933577900127e+00,1.000000000000000000e+00
1.908000000000000000e+03,2.680272074307846708e+01,3.586180777771499351e+01,-1.730934832341987379e-03,4.582075014828464532e+01,2.801916184006808530e-01,nan,3.385715933577900127e+00,1.000000000000000000e+00
1.909000000000000000e+03,4.392429414013378164e+01,2.339332679503843693e+01,-2.066279230049408635e-03,5.508127593866024796e+01,2.555068266697242407e-01,nan,6.989745602468179442e+00,1.000000000000000000e+00
1.911000000000000000e+03,4.514977630852857970e+01,3.237661356839125659e+01,-1.681074731957880224e-03,4.444386492618355078e+01,3.162285338108173915e-01,nan,9.066490379267454713e+00,1.000000000000000000e+00
1.912000000000000000e+03,5.378665687780184612e+01,1.561176282803374704e+01,-1.191139366751978960e-03,3.091431406407313887e+01,3.337271669611012737e-01,nan,1.256260070773282500e+01,1.000000000000000000e+00
1.912000000000000000e+03,5.159625887012797563e+01,5.232567575837936147e+01,-1.548991271856651336e-03,4.079638401667197201e+01,3.017368271422211645e-01,nan,2.096478522849728776e+01,1.000000000000000000e+00
1.913000000000000000e+03,9.267728114125308991e+01,5.473479143084142073e+00,-1.193979025204117183e-03,3.099273114964743314e+01,2.963634370850074529e-01,nan,1.242468128186935594e+01,1.000000000000000000e+00
1.914000000000000000e+03,1.389836828526915440e+02,4.283524177312173009e+01,-1.264170329583190174e-03,3.293106197880779717e+01,3.061613341735731630e-01,nan,8.941435112886338743e+00,1.000000000000000000e+00
1.914000000000000000e+03,1.346377813803238155e+02,5.064948532387114000e+01,-1.418580438044489802e-03,3.719509263349052475e+01,3.732680170941087283e-01,nan,8.941435112886338743e+00,1.000000000000000000e+00
1.914000000000000000e+03,7.619908128179973517e+01,4.370533202868543299e+00,-1.623980607414834704e-03,4.286721233730957437e+01,2.835270378819838566e-01,nan,8.673648761685409880e+00,1.000000000000000000e+00
1.914000000000000000e+03,9.405278922587950774e+01,1.782178600941857383e+01,-1.676960197000513901e-03,4.433024216299268261e+01,2.535977184440557641e-01,nan,6.094717140442039494e+00,1.000000000000000000e+00
1.914000000000000000e+03,3.697228580100895812e+01,2.266798298692936342e+01,-1.317967358385883003e-03,3.441666536469639226e+01,3.097423187454415583e-01,nan,6.989745602468179442e+00,1.000000000000000000e+00
1.915000000000000000e+03,8.476679847682817126e+01,4.232408219298736896e+01,-1.631920230995141012e-03,4.308646481158364594e+01,2.560570863215834159e-01,nan,1.077480587716325999e+01,1.000000000000000000e+00
1.916000000000000000e+03,7.767100401346128535e+01,1.291837657491887903e+01,-1.948511883448423567e-03,5.182913408712398251e+01,2.226246825308179078e-01,nan,8.392350704724838906e+00,1.000000000000000000e+00
1.916000000000000000e+03,2.102753470650283774e+01,2.691995883225151687e+01,-1.642930550168293429e-03,4.339051445535375962e+01,3.242014701554378764e-01,nan,8.271745393006222358e+00,1.000000000000000000e+00
1.916000000000000000e+03,7.923177625135240376e+00,8.379759206226140122e+00,-1.337403011352365258e-03,3.495338035614804539e+01,3.427732335838780120e-01,nan,1.461214229607795723e+01,1.000000000000000000e+00
1.917000000000000000e+03,1.029006923888954503e+02,2.598568940935381377e+01,-1.746340354713028786e-03,4.624617320054539960e+01,2.398991931265100908e-01,nan,5.547248148471882523e+00,1.000000000000000000e+00
1.918000000000000000e+03,8.620685206411087620e+01,3.164594156100906019e+01,-1.791985832372070854e-03,4.750667173866133908e+01,2.068691306992345158e-01,nan,1.077480587716325999e+01,1.000000000000000000e+00
1.919000000000000000e+03,9.509031223229072793e+01,2.382754349979107644e+01,-1.385295609141454654e-03,3.627593305130563550e+01,2.898291573159162970e-01,nan,6.094717140442039494e+00,1.000000000000000000e+00
1.919000000000000000e+03,5.999128255684289535e+00,2.286467330692918054e+01,-1.469964386559274210e-03,3.861405887740449572e+01,3.027768828291528269e-01,nan,7.463985974525116696e+00,1.000000000000000000e+00
1.919000000000000000e+03,1.341904647824614649e+01,2.367454996321837157e+01,-1.436824124793558257e-03,3.769889151251245352e+01,2.930454132083069041e-01,nan,7.463985974525116696e+00,1.000000000000000000e+00
1.920000000000000000e+03,7.418097940626245190e+01,5.286124050778830963e+00,-1.539740920303473998e-03,4.054093582754498470e+01,2.797218632479129274e-01,nan,8.392350704724838906e+00,1.000000000000000000e+00
1.920000000000000000e+03,1.049460572359691639e+02,3.418489558516672844e+01,-1.514837491477306767e-03,3.985322836473920205e+01,3.065009296273707440e-01,nan,8.450473316396751144e+00,1.000000000000000000e+00
1.922000000000000000e+03,1.238628436016745411e+02,3.480368841930301471e+01,-1.513487202172756176e-03,3.981594016486246090e+01,3.404577602728424690e-01,nan,6.473757561620266721e+00,1.000000000000000000e+00
1.923000000000000000e+03,5.969987660665879758e+01,1.692328353188845469e+01,-1.769732904006366542e-02,4.867322618679810944e+02,1.515698515104690891e-02,nan,1.009974809385850136e+01,1.000000000000000000e+00
1.923000000000000000e+03,3.412133861451384576e+01,9.666370993613460527e+00,-1.442979221754277968e-03,3.786886433608333391e+01,2.858588412957067115e-01,nan,7.049388610136906763e+00,1.000000000000000000e+00
1.925000000000000000e+03,1.550557043090639553e+01,1.281650622476767154e+01,-1.191530352646503251e-03,3.092511112817997443e+01,3.404510765374489933e-01,nan,1.082777933700455719e+01,1.000000000000000000e+00
1.925000000000000000e+03,3.237177118976436674e+01,1.649519912170274694e+01,-1.916456215182933513e-03,5.094391774019908325e+01,1.798283725426401691e-01,nan,7.049388610136906763e+00,1.000000000000000000e+00
1.925000000000000000e+03,1.092827953517816439e+02,2.121087142828090322e+01,-1.374511112921159104e-03,3.597811950181139906e+01,3.155606809248483469e-01,nan,1.217039301189891809e+01,1.000000000000000000e+00
1.926000000000000000e+03,2.966342610204554830e+01,4.860327620068787269e+01,-1.467687513868524410e-03,3.855118310426428963e+01,3.458536164868959428e-01,nan,1.682690484021454225e+01,1.000000000000000000e+00
1.926000000000000000e+03,1.347771580209886793e+02,2.600995467429048702e+01,-1.197125939363694524e-03,3.107963309264721019e+01,3.540252920837845263e-01,nan,6.949437668801405010e+00,1.000000000000000000e+00
1.926000000000000000e+03,4.425975975606976931e+01,3.027265094965660452e+01,-1.695196226001604092e-03,4.483382957352689147e+01,2.625688377281975017e-01,nan,1.819731988574682902e+01,1.000000000000000000e+00
1.927000000000000000e+03,2.459864481700889627e+01,3.255669659516514258e+01,-1.613832769675622005e-03,4.258698009325545542e+01,3.680312239050527179e-01,nan,1.682690484021454225e+01,1.000000000000000000e+00
1.927000000000000000e+03,1.012626180825534163e+02,5.010332842609435033e+01,-1.166332896205766459e-03,3.022928410134861110e+01,2.817156376661332784e-01,nan,1.412622381392864668e+01,1.000000000000000000e+00
1.929000000000000000e+03,1.200258209938301803e+02,3.609891034729402293e+01,-1.791114936545797629e-03,4.748262197574575083e+01,2.937637984899734711e-01,nan,8.026487985421949745e+00,1.000000000000000000e+00
1.930000000000000000e+03,1.278493799411304508e+02,2.546170765989665696e+01,-1.347252553007507363e-03,3.522537516251544787e+01,3.522044196696447749e-01,nan,6.118453727990384117e+00,1.000000000000000000e+00
1.931000000000000000e+03,7.028871448114341547e+01,3.829696416101674572e+01,-1.870687908290822980e-03,4.968002727638402405e+01,2.405261127551335809e-01,nan,1.905262276599134452e+01,1.000000000000000000e+00
1.931000000000000000e+03,8.833243125532125362e+01,4.441470224272840284e+01,-1.451891912839747660e-03,3.811498804121423944e+01,3.719626066571198875e-01,nan,7.741489679497785659e+00,1.000000000000000000e+00
1.932000000000000000e+03,1.259217513054618252e+02,1.168905858958111033e+01,-1.619682589305546962e-03,4.274852269221436529e+01,2.645602254491569161e-01,nan,1.358696056270543728e+01,1.000000000000000000e+00
1.933000000000000000e+03,3.956046309757173418e+01,2.981492598358465429e+01,-1.223531547032037214e-03,3.180882318049406976e+01,2.744112411087419323e-01,nan,6.905314984423121416e+00,1.000000000000000000e+00
1.934000000000000000e+03,9.584478004267957374e+01,2.179491089776685797e+01,-1.513310924553531306e-03,3.981107226353398687e+01,3.432103901387879574e-01,nan,7.003270349944996198e+00,1.000000000000000000e+00
1.935000000000000000e+03,1.054391261763036454e+02,4.303228276680465569e+01,-1.798115755184827953e-03,4.767594937886833151e+01,2.394960181335065164e-01,nan,9.665147988700100612e+00,1.000000000000000000e+00
1.935000000000000000e+03,9.579716169872622800e+01,4.236324864464881301e+01,-1.575165917719513128e-03,4.151919610097719016e+01,2.376476939650794540e-01,nan,7.741489679497785659e+00,1.000000000000000000e+00
1.936000000000000000e+03,3.480327603286080773e+01,2.480967411525220001e+01,-1.071603254711010712e-03,2.761332780635007822e+01,3.654925715131127628e-01,nan,6.905314984423121416e+00,1.000000000000000000e+00
1.936000000000000000e+03,9.406710865888170758e+01,2.856880785931306121e+01,-1.255396023539936262e-03,3.268875977259323662e+01,3.669543947716596977e-01,nan,7.003270349944996198e+00,1.000000000000000000e+00
1.936000000000000000e+03,4.749507377667332264e+01,3.177542616922023200e+01,-1.151045795153796385e-03,2.980713125037013711e+01,3.319949834936861688e-01,nan,5.795459169092618268e+00,1.000000000000000000e+00
1.937000000000000000e+03,3.415812523698848935e+01,7.977533953099608333e+00,-2.126088598685697741e-03,5.673290991420579843e+01,2.058638395734561088e-01,nan,4.553010881808749133e+00,1.000000000000000000e+00
1.939000000000000000e+03,7.497741823173942066e+01,2.711124601567100356e+01,-5.792625986528528170e-03,1.579842332511142047e+02,7.005944428155963521e-02,nan,1.914525442850444747e+01,1.000000000000000000e+00
1.939000000000000000e+03,6.107262907275699604e+01,5.011973513878518105e+01,-1.296785925094633878e-03,3.383174070034619518e+01,3.046450596180779735e-01,nan,1.203160885829107940e+01,1.000000000000000000e+00
1.940000000000000000e+03,1.109348728237422108e+02,2.669158982299416394e+01,-1.432013286270836412e-02,3.934710876442122185e+02,1.826628382934136763e-02,nan,1.507950019704545674e+01,1.000000000000000000e+00
1.941000000000000000e+03,1.670059075956583783e+01,3.674619109442428311e+01,-1.376066578123600432e-03,3.602107362814156488e+01,2.630791572326718342e-01,nan,2.168381082047235608e+01,1.000000000000000000e+00
1.942000000000000000e+03,9.585618676569878005e+01,2.684828365076226575e+01,-1.442658510022997581e-02,3.964107630875818131e+02,1.513057441153486948e-02,nan,1.507950019704545674e+01,1.000000000000000000e+00
1.942000000000000000e+03,3.831098121663558942e+01,9.843999945872637269e+00,-1.550327196485946652e-03,4.083327553645928276e+01,2.389935916464651644e-01,nan,4.553010881808749133e+00,1.000000000000000000e+00
1.943000000000000000e+03,4.916669346204702862e+01,4.838528740174129439e+01,-1.469553570204628051e-03,3.860271419571809304e+01,2.655647497978322891e-01,nan,1.203160885829107940e+01,1.000000000000000000e+00
1.945000000000000000e+03,1.443415576680285142e+02,4.269696251649157404e+01,-1.592646549241419568e-03,4.200192323209181922e+01,2.995852213055263391e-01,nan,1.132326054789088410e+01,1.000000000000000000e+00
1.947000000000000000e+03,8.130038129896925625e+01,6.007430088910705734e+00,-1.840460953877798506e-03,4.884531080931323288e+01,2.069786639208639478e-01,nan,1.505616747159107049e+01,1.000000000000000000e+00
1.948000000000000000e+03,1.198910893449790791e+02,2.842422521242212596e+01,-1.691490570547245220e-02,4.651256642372813417e+02,1.110921391053487639e-02,nan,9.159036458199974362e+00,1.000000000000000000e+00
1.948000000000000000e+03,1.333314363129857725e+02,4.005244797074713148e+01,-1.672851253429660009e-03,4.421677380577775551e+01,2.280503938940657838e-01,nan,8.650255758238358794e+00,1.000000000000000000e+00
1.948000000000000000e+03,2.693626811143032640e+01,1.024701073297500642e+01,-1.261091351900799941e-03,3.284603609964985083e+01,3.355993990446389796e-01,nan,1.391891372239208025e+01,1.000000000000000000e+00
1.948000000000000000e+03,9.287988104032272929e+01,1.563049429282163594e+01,-1.193369733636409332e-03,3.097590558072429090e+01,3.517261005816957331e-01,nan,1.505616747159107049e+01,1.000000000000000000e+00
1.949000000000000000e+03,6.855156089330941427e+01,2.176032101662359253e+01,1.263371905275975605e-03,-3.290901351478343884e+01,3.448538316740167309e-01,nan,1.767032480275966577e+01,1.000000000000000000e+00
1.950000000000000000e+03,1.640252562635366473e+01,1.934516595639725267e+01,-1.428719047417263644e-03,3.747507003647380230e+01,2.908686421138121370e-01,nan,1.002640823808922654e+01,1.000000000000000000e+00
1.951000000000000000e+03,2.907031862923477306e+01,5.091773846877013199e+01,-1.864000906580383235e-03,4.949536591861820511e+01,2.348355618887459917e-01,nan,2.040453501405344738e+01,1.000000000000000000e+00
1.952000000000000000e+03,6.479789157446332659e+00,2.078327691367418240e+01,-1.531706647576949829e-03,4.031906961985064441e+01,2.563699208765354287e-01,nan,1.002640823808922654e+01,1.000000000000000000e+00
1.953000000000000000e+03,1.249414007255664814e+02,1.109390064493046246e+01,-1.710463312136188338e-02,4.703649813095119612e+02,1.355351416712891055e-02,nan,1.805119925809628256e+01,1.000000000000000000e+00
1.953000000000000000e+03,1.271786650221442727e+02,3.397212477822417753e+01,-5.458440375968879460e-03,1.487557073341251055e+02,8.661080849805347093e-02,nan,8.650255758238358794e+00,1.000000000000000000e+00
1.954000000000000000e+03,3.117622273431419444e+01,3.062216710356972271e+01,-1.935345734353572083e-03,5.146555126276089709e+01,2.081489884919324185e-01,nan,9.527916282189089259e+00,1.000000000000000000e+00
1.957000000000000000e+03,7.401019287424327331e+01,1.508906349824762216e+01,-1.091580850824787688e-02,2.994607695986114209e+02,2.171556204217417463e-02,nan,1.420223809183140062e+01,1.000000000000000000e+00
1.958000000000000000e+03,7.366281542661243975e+01,2.928705264199415126e+01,-1.252650405341749693e-02,3.439400802370436736e+02,1.383380555354862818e-02,nan,6.548401803083916839e+00,1.000000000000000000e+00
1.958000000000000000e+03,1.397156236014147623e+02,4.032313513072068645e+01,-1.960255744474921971e-03,5.215344046784176157e+01,2.002165608234177663e-01,nan,6.683109258840549849e+00,1.000000000000000000e+00
1.958000000000000000e+03,1.037541853251341024e+02,2.311297758838884420e+01,-1.337361803410818794e-03,3.495224240004063176e+01,3.152805906520277368e-01,nan,5.678470056111183162e+00,1.000000000000000000e+00
1.959000000000000000e+03,6.529000441645479214e+01,4.321656235230791765e+01,-1.505099791780579880e-03,3.958432207080090848e+01,2.992127266073576486e-01,nan,5.930555689064118674e+00,1.000000000000000000e+00
1.961000000000000000e+03,4.760842058031985857e+01,1.387423203125938542e+01,-1.109376983322712994e-03,2.865644822344591702e+01,3.627380336055762156e-01,nan,1.866036421808715673e+01,1.000000000000000000e+00
1.961000000000000000e+03,1.159681015125591301e+02,4.300778968861006746e+01,-1.509904301878089864e-03,3.971699847742133471e+01,3.258519947791311822e-01,nan,1.281075279492139884e+01,1.000000000000000000e+00
1.962000000000000000e+03,1.100372752819238116e+02,2.468660410045237441e+01,-1.887882980243698293e-03,5.015486868830435441e+01,2.190392288732966319e-01,nan,6.477153680790733503e+00,1.000000000000000000e+00
1.962000000000000000e+03,1.281398711555182501e+02,3.417164786234891949e+01,-1.515747433362492390e-03,3.987835638343613454e+01,3.136470388953491728e-01,nan,1.310873145279965790e+01,1.000000000000000000e+00
1.962000000000000000e+03,7.354125685905444243e+01,3.583432609659232781e+01,-1.621736499749620516e-03,4.280524136939667557e+01,3.334650293072605187e-01,nan,6.548401803083916839e+00,1.000000000000000000e+00
1.962000000000000000e+03,5.717070776541545385e+00,1.024032781023308836e+01,-1.520653494147834696e-03,4.001383710934780424e+01,3.272726907809229147e-01,nan,1.865305511223267487e+01,1.000000000000000000e+00
1.962000000000000000e+03,1.425782219131300224e+02,4.636213175858571844e+01,-1.603974355675472996e-03,4.231474027733871424e+01,3.137256352919836067e-01,nan,6.683109258840549849e+00,1.000000000000000000e+00
1.962000000000000000e+03,8.622318058602195379e+01,5.265999617163000579e+01,-1.361170661443705018e-03,3.560972332222171133e+01,2.988384195951496736e-01,nan,5.574103733283630291e+00,1.000000000000000000e+00
1.963000000000000000e+03,1.348395097408026011e+01,2.719945623763378961e+01,-1.479491330321399019e-02,4.065821357014523301e+02,1.944738607459484125e-02,nan,6.628579607498548576e+00,1.000000000000000000e+00
1.963000000000000000e+03,8.208580566084157226e+01,3.791537530844269099e+01,-1.546863286744685822e-03,4.073761976969002063e+01,3.162304404102525002e-01,nan,8.794320897503393297e+00,1.000000000000000000e+00
1.964000000000000000e+03,1.043891079323664997e+02,4.848887487700518051e+01,-4.634005226478536514e-03,1.259889546567520426e+02,8.349392476587147449e-02,nan,1.281075279492139884e+01,1.000000000000000000e+00
1.964000000000000000e+03,7.005856274248593252e+01,4.674251502815736359e+01,-1.555271027301603250e-03,4.096979928065967158e+01,3.387858720964249670e-01,nan,5.930555689064118674e+00,1.000000000000000000e+00
1.964000000000000000e+03,8.298368385643050260e+01,4.812388623376774177e+01,-1.229020360165951255e-03,3.196039659556424084e+01,3.447807649219395421e-01,nan,5.574103733283630291e+00,1.000000000000000000e+00
1.965000000000000000e+03,9.153367877473506553e+01,1.086077446604278585e+01,-1.447479048697809237e-03,3.799312692626727284e+01,3.664271803340573008e-01,nan,7.116301220371918923e+00,1.000000000000000000e+00
1.966000000000000000e+03,1.166542283524712929e+02,2.405056708653559028e+01,-1.590544623179574509e-03,4.194387860502111209e+01,2.714004077370374413e-01,nan,6.647451468111664319e+00,1.000000000000000000e+00
1.966000000000000000e+03,1.040724219414807408e+02,2.727605795969799019e+01,-1.522979812287757933e-03,4.007807831712899116e+01,2.447633847694505871e-01,nan,6.502672270855796022e+00,1.000000000000000000e+00
1.966000000000000000e+03,4.589855431419028520e+01,3.245609281277477010e+01,-1.377675843305775551e-03,3.606551343934750520e+01,3.511807056125072490e-01,nan,5.899412023035899288e+00,1.000000000000000000e+00
1.968000000000000000e+03,4.884543848059952609e+01,1.854158090892858723e+01,-1.580603593441900958e-03,4.166935735791521722e+01,2.259846141669521469e-01,nan,9.188403985241064831e+00,1.000000000000000000e+00
1.969000000000000000e+03,1.358208620538968034e+02,6.266007208811831042e+00,-1.393037365620758677e-03,3.648972143133980239e+01,3.295622121694047335e-01,nan,1.127019317080299743e+01,1.000000000000000000e+00
1.969000000000000000e+03,1.291444562517661723e+02,1.534581225476358668e+01,-1.435825608945868722e-03,3.767131752641683562e+01,2.691081124027038252e-01,nan,1.127019317080299743e+01,1.000000000000000000e+00
1.969000000000000000e+03,1.151353778954331801e+02,3.067031046312787623e+01,-1.485271770122755745e-03,3.903677182934851686e+01,2.402056816352395874e-01,nan,6.791753019860360396e+00,1.000000000000000000e+00
1.969000000000000000e+03,2.328311792653169121e+01,4.339288615017850503e+01,-1.121302797830222913e-03,2.898577924425034169e+01,3.525980253131995035e-01,nan,1.441943926591925518e+01,1.000000000000000000e+00
1.969000000000000000e+03,1.252796681488619299e+02,5.194031609146606598e+01,-1.291555365728841095e-03,3.368729895557228815e+01,3.286851791256122368e-01,nan,1.852956049786510917e+01,1.000000000000000000e+00
1.971000000000000000e+03,1.349850670018664403e+02,3.615583493597217313e+01,-1.773579747549988662e-03,4.699838824157590977e+01,2.638076557999990968e-01,nan,7.047696960638511143e+00,1.000000000000000000e+00
1.971000000000000000e+03,5.766047038904175537e+01,2.113425910900263816e+01,-1.239075022813665742e-03,3.223805581217630589e+01,3.595024911385835686e-01,nan,9.188403985241064831e+00,1.000000000000000000e+00
1.974000000000000000e+03,6.177933996532728855e+01,1.178348960669097067e+01,-1.285838289024696405e-03,3.352942204864844200e+01,3.154735773953998290e-01,nan,1.021772855735620666e+01,1.000000000000000000e+00
1.974000000000000000e+03,4.441480223169763519e+01,2.009555753879353901e+01,-1.669534716996500011e-03,4.412518774862586923e+01,2.394295663218036774e-01,nan,1.328633229625222079e+01,1.000000000000000000e+00
1.975000000000000000e+03,1.330809662730532636e+02,1.052804157175917155e+01,-1.331606767350769233e-03,3.479331724660738701e+01,3.204953610621390503e-01,nan,7.194786698338532460e+00,1.000000000000000000e+00
1.975000000000000000e+03,2.371946073781941777e+01,2.599869068683648621e+01,-1.395326518284828368e-03,3.655293631558611622e+01,3.360110600624058863e-01,nan,2.152078391954533032e+01,1.000000000000000000e+00
1.977000000000000000e+03,1.212351405446014070e+02,3.682264503561702895e+01,-1.279411893697661711e-03,3.335195732858153406e+01,2.863052690542627898e-01,nan,2.158813628312974231e+01,1.000000000000000000e+00
1.979000000000000000e+03,1.260831086538277077e+02,8.856232857929771995e+00,-1.741255771484797850e-03,4.610576258256506321e+01,2.175451291159674616e-01,nan,7.194786698338532460e+00,1.000000000000000000e+00
1.980000000000000000e+03,7.440001026168427245e+01,3.714533584837875679e+01,-1.248658176482147532e-02,3.428376273984641784e+02,1.190269569153790119e-02,nan,1.847834014538909386e+01,1.000000000000000000e+00
1.980000000000000000e+03,5.987591670374934694e+01,1.010896931188737113e+01,-1.710563373678250032e-03,4.525819290971791276e+01,2.120682806295738354e-01,nan,1.677522067942182460e+01,1.000000000000000000e+00
1.980000000000000000e+03,1.343908171838627084e+02,1.866444513028810093e+01,-1.192517264980987816e-03,3.095236468359588144e+01,3.587664429648843578e-01,nan,8.241163284135957667e+00,1.000000000000000000e+00
1.981000000000000000e+03,4.186328004196166575e+01,7.471303733598997354e+00,-1.173303109447282290e-03,3.042176633730888113e+01,3.509527202186242256e-01,nan,8.904575623722545075e+00,1.000000000000000000e+00
1.982000000000000000e+03,1.316515960389447670e+01,1.091703880728213427e+01,-1.070374103068916271e-03,2.757938481949920018e+01,3.581069549864587254e-01,nan,2.890424202216380323e+01,1.000000000000000000e+00
1.984000000000000000e+03,9.132815147428702574e+01,4.455391800793388057e+01,-4.054814126478151204e-03,1.099946092739817374e+02,6.300844665919735910e-02,nan,1.847834014538909386e+01,1.000000000000000000e+00
1.984000000000000000e+03,1.308905893011521187e+02,3.444088091535166996e+01,-1.167484474174667946e-03,3.026108489347022257e+01,3.304963754639117512e-01,nan,1.171758787346514019e+01,1.000000000000000000e+00
1.984000000000000000e+03,1.325609636071876594e+02,4.773842725724284719e+01,-1.482991956108072398e-03,3.897381483163341898e+01,2.912713464508295269e-01,nan,5.529716169324610853e+00,1.000000000000000000e+00
1.985000000000000000e+03,1.158678209192221829e+02,4.173130164919481899e+01,-1.580775189172434854e-03,4.167409596902365365e+01,3.140918013275671994e-01,nan,9.300778636762695228e+00,1.000000000000000000e+00
1.986000000000000000e+03,1.083233939311641336e+01,4.560931550462775874e+01,-1.629136730628664553e-03,4.300959852991173449e+01,3.070781216321959439e-01,nan,4.027536289591751917e+00,1.000000000000000000e+00
1.986000000000000000e+03,1.102961166653897465e+02,4.988497557549866457e+01,-1.422195949356578389e-03,3.729493487322939416e+01,3.348259142424917512e-01,nan,7.034011434551155517e+00,1.000000000000000000e+00
1.986000000000000000e+03,1.343306510422958127e+02,4.778524595883349768e+00,-1.287579741777286797e-03,3.357751221576718592e+01,3.213655739413920909e-01,nan,2.986116888546030523e+01,1.000000000000000000e+00
1.986000000000000000e+03,2.827568151606152469e+01,3.774963402450345740e+01,-1.179562297337299632e-03,3.059461362886520064e+01,2.752231219325830258e-01,nan,7.661103714687515165e+00,1.000000000000000000e+00
1.987000000000000000e+03,6.351500222519197791e+01,2.416959383465616895e+01,-1.486726902928015622e-03,3.907695527944833458e+01,3.058763194898127535e-01,nan,2.500016976037895589e+01,1.000000000000000000e+00
1.989000000000000000e+03,6.004310644000710084e+01,4.892751029999270429e+01,1.398719680018432930e-03,-3.664663837818140735e+01,3.491177569149501725e-01,nan,7.419081569475128646e+00,1.000000000000000000e+00
1.989000000000000000e+03,1.172522980065730849e+02,5.092845916903004877e+01,-1.690396000416817014e-03,4.470127148360070635e+01,3.272081144130680741e-01,nan,5.471331131091941913e+00,1.000000000000000000e+00
1.989000000000000000e+03,1.287605877904456406e+02,5.175525493151672407e+01,-1.477702779256322456e-03,3.882775436668948998e+01,2.914798210514485399e-01,nan,5.529716169324610853e+00,1.000000000000000000e+00
1.990000000000000000e+03,4.263122476056179266e+01,1.002963587305865012e+01,-1.553422630820450829e-03,4.091875586558677469e+01,2.996468383521186940e-01,nan,1.788923536161775729e+01,1.000000000000000000e+00
1.990000000000000000e+03,3.032746101563856911e+01,3.036839354526731327e+01,-1.984835348001247075e-03,5.283220550440972829e+01,3.155407075196287048e-01,nan,5.116396897689446277e+00,1.000000000000000000e+00
1.993000000000000000e+03,1.312769690083258638e+02,1.283910608439422951e+01,-1.383153437709905677e-03,3.621677704952094956e+01,3.563253649836922721e-01,nan,9.900929116787626327e+00,1.000000000000000000e+00
1.994000000000000000e+03,2.621381832139850943e+01,3.341067246062198137e+01,-1.738041467902356032e-03,4.601699968261267060e+01,3.054942788051429048e-01,nan,5.116396897689446277e+00,1.000000000000000000e+00
1.995000000000000000e+03,7.900930814288734894e+01,4.959792844736541895e+01,-1.967262030355093443e-03,5.234691884866946054e+01,1.654192847112886389e-01,nan,1.007832814546904920e+01,1.000000000000000000e+00
1.995000000000000000e+03,7.263807359092950833e+01,8.119863904557059087e+00,-1.538664199506681925e-03,4.051120221405422228e+01,2.890116619182414581e-01,nan,1.106154248914153193e+01,1.000000000000000000e+00
1.996000000000000000e+03,1.065817779509624330e+02,4.469930012704658395e+01,-8.703237646542327441e-03,2.383606895974706390e+02,2.965366545862047065e-02,nan,1.463073138730377032e+01,1.000000000000000000e+00
1.996000000000000000e+03,6.417501294396629419e+01,2.524493877084747240e+01,-1.501803672426614946e-03,3.949329983069723227e+01,2.949868245597504490e-01,nan,9.712778176335456592e+00,1.000000000000000000e+00
1.997000000000000000e+03,1.223946636184258523e+02,8.464972074535111801e+00,-1.185691250230835707e-02,3.254493290258849356e+02,1.648766149569169670e-02,nan,9.900929116787626327e+00,1.000000000000000000e+00
1.997000000000000000e+03,1.426229410374911311e+02,3.937365890468456087e+01,-1.132816612290207282e-03,2.930373289572392892e+01,3.574291106168321352e-01,nan,9.706828796660529335e+00,1.000000000000000000e+00
1.998000000000000000e+03,8.745817161782500193e+01,4.410343991888362325e+01,-1.567607354954902651e-03,4.131046661004674547e+01,3.483174539865701025e-01,nan,1.007832814546904920e+01,1.000000000000000000e+00
1.999000000000000000e+03,3.737854971446410701e+01,2.668061243875907351e+01,-1.331145874457445198e-03,3.478058970276169504e+01,2.716528504851731807e-01,nan,7.753526075718838229e+00,1.000000000000000000e+00
1.999000000000000000e+03,1.330063372665500765e+02,4.069405929865617111e+01,-1.487314096571053885e-03,3.909317061482437339e+01,2.887217630922481737e-01,nan,9.706828796660529335e+00,1.000000000000000000e+00
2.000000000000000000e+03,9.008633442651681378e+01,5.481231974085099878e+00,-1.363884436072242438e-03,3.568466412966816392e+01,2.898517837208863801e-01,nan,9.947676787906743812e+00,1.000000000000000000e+00
2.000000000000000000e+03,4.841082761009829483e+01,1.104226215915587872e+01,-1.542234479512429295e-03,4.060979539258386950e+01,3.523881055138533558e-01,nan,8.077380871257117789e+00,1.000000000000000000e+00
2.000000000000000000e+03,7.173280901610506533e+01,1.914430122755234009e+01,-1.092750539640770843e-03,2.819730946469084287e+01,3.621173492936113902e-01,nan,9.712778176335456592e+00,1.000000000000000000e+00
2.001000000000000000e+03,2.846638250263659486e+01,1.550615031521246578e+01,-1.904915133781887775e-03,5.062521111294105225e+01,2.048321954328995442e-01,nan,1.429319167163692406e+01,1.000000000000000000e+00
2.003000000000000000e+03,1.087224642614681969e+01,7.465889134756737988e+00,-1.055168962709492238e-02,2.894056372846922613e+02,1.773043427601073141e-02,nan,1.934423490676181601e+01,1.000000000000000000e+00
2.003000000000000000e+03,9.627684963021368958e+01,5.241404726244687851e+01,1.245930315380112561e-03,-3.242736451703660805e+01,3.687482894553721913e-01,nan,1.092068853342160573e+01,1.000000000000000000e+00
2.003000000000000000e+03,1.064226200923214982e+01,5.049874431360557026e+01,-1.297067247355547341e-03,3.383950940640004745e+01,3.463892845507332563e-01,nan,1.229292786926537673e+01,1.000000000000000000e+00
2.004000000000000000e+03,4.499439657739392828e+01,2.522594987745697992e+01,-1.006903548830457087e-02,2.760771572782983299e+02,1.408852159102524926e-02,nan,7.753526075718838229e+00,1.000000000000000000e+00
2.004000000000000000e+03,1.949730777944372662e+01,4.161687239926293103e+01,1.349457784764432561e-03,-3.528627257335151057e+01,3.061063906691977587e-01,nan,1.254190911685021348e+01,1.000000000000000000e+00
2.004000000000000000e+03,5.648402556372745664e+01,1.130217857046595142e+01,-1.765341043246916814e-03,4.677087666184038284e+01,3.340025312313370520e-01,nan,8.077380871257117789e+00,1.000000000000000000e+00
2.004000000000000000e+03,1.026853295464845957e+02,4.357137666998678327e+01,-1.292090753034427428e-03,3.370208366044619197e+01,3.675812998800120912e-01,nan,8.665051420868804755e+00,1.000000000000000000e+00
2.004000000000000000e+03,6.406588437366322353e+01,5.059104302599075709e+01,1.263674991583487199e-03,-3.291738323435117053e+01,3.372390809583943883e-01,nan,1.330830300224949170e+01,1.000000000000000000e+00
2.005000000000000000e+03,1.107898666305684259e+02,4.663725252836892565e+01,-1.514830428695911882e-03,3.985303332623637829e+01,2.868233122759336062e-01,nan,8.665051420868804755e+00,1.000000000000000000e+00
2.006000000000000000e+03,7.888054651585187571e+01,3.194556482520538765e+01,-1.714982335739687232e-03,4.538022241853450112e+01,2.333924704744991807e-01,nan,1.829741741278544254e+01,1.000000000000000000e+00
2.007000000000000000e+03,7.736784875543872886e+01,5.018034558789472044e+01,-1.198838196984285251e-03,3.112691703704481938e+01,3.593050152201439085e-01,nan,8.279065909528879885e+00,1.000000000000000000e+00
2.010000000000000000e+03,4.752465625868007493e+01,1.458749446690049467e+01,-1.396127838478659206e-02,3.835613316724254673e+02,1.346040672478820976e-02,nan,1.953871009351844634e+01,1.000000000000000000e+00
2.011000000000000000e+03,2.775372274230266001e+01,2.470742029119784178e+01,-1.266358390947091954e-03,3.299148522973986530e+01,2.691027491193844767e-01,nan,1.189371083446468269e+01,1.000000000000000000e+00
2.013000000000000000e+03,5.722975383278121342e+01,4.511648848693460678e+01,-1.829637647003198257e-03,4.854642550472903650e+01,2.653176829651516799e-01,nan,8.670383237942273169e+00,1.000000000000000000e+00
2.013000000000000000e+03,7.485414453170832871e+01,5.116772077695037524e+01,-1.954060407525052417e-03,5.198235641814073915e+01,2.219455700530853504e-01,nan,1.037724173722200227e+01,1.000000000000000000e+00
2.013000000000000000e+03,1.229208045435033227e+02,1.130330074792753692e+01,1.288326278438575159e-03,-3.359812780395826337e+01,3.536052777558271742e-01,nan,2.660824156770054572e+01,1.000000000000000000e+00
2.013000000000000000e+03,5.195260462178102046e+01,3.361785088532501220e+01,-1.358428788385840401e-03,3.553400657746653479e+01,2.676246032412583631e-01,nan,9.082781693761740271e+00,1.000000000000000000e+00
2.013000000000000000e+03,3.756613859956817691e+01,4.853621585631339030e+01,-1.298445115943270027e-03,3.387755920737954085e+01,3.096719657272760662e-01,nan,1.242356752110934792e+01,1.000000000000000000e+00
2.016000000000000000e+03,1.341676843105362877e+02,4.884087275355461344e+01,-1.433445825548093850e-03,3.760559987709492447e+01,2.953094040903674333e-01,nan,1.811411799492392660e+01,1.000000000000000000e+00
2.018000000000000000e+03,1.583595531835261738e+01,3.184269472371317633e+01,-1.843543881088482560e-03,4.893044575458015544e+01,2.162737948049713310e-01,nan,1.061157903308504835e+01,1.000000000000000000e+00
2.019000000000000000e+03,1.362313152550565292e+02,7.708700653009040060e+00,-1.335542869494453109e-03,3.490201259283750090e+01,3.519275400452289704e-01,nan,8.018111202313866315e+00,1.000000000000000000e+00
2.020000000000000000e+03,9.543264526721669938e+01,1.212965684043419756e+01,-1.584386865458431827e-03,4.177383230462852737e+01,2.944063463894748267e-01,nan,2.166948774286012025e+01,1.000000000000000000e+00
2.020000000000000000e+03,7.377983349050829531e+01,1.297962225173214890e+01,-1.134721412850006562e-03,2.935633390778834695e+01,3.436886531433347436e-01,nan,2.166948774286012025e+01,1.000000000000000000e+00
2.020000000000000000e+03,5.776960116092508457e+01,4.874155371983422924e+01,1.773999140178365939e-03,-4.700996975681199075e+01,2.878120451619391451e-01,nan,1.199238743346044878e+01,1.000000000000000000e+00
2.022000000000000000e+03,1.420688252641625411e+02,2.893667474581286925e+01,1.607763447636481602e-03,-4.241937594164952685e+01,2.491045033520611351e-01,nan,9.090548260102291778e+00,1.000000000000000000e+00
2.023000000000000000e+03,1.441806807658568061e+02,8.756410168270864602e+00,-1.459505087707952493e-03,3.832522564379724628e+01,3.010947353901828327e-01,nan,8.018111202313866315e+00,1.000000000000000000e+00
2.023000000000000000e+03,1.921217816089246710e+01,7.424098159584398893e+00,-1.448481874830445009e-03,3.802081994075633276e+01,3.559157000515255076e-01,nan,4.445090992210039005e+00,1.000000000000000000e+00
2.024000000000000000e+03,3.608483983862979017e+01,1.594532924248197681e+01,-1.913419947099906067e-03,5.086007128538548017e+01,2.063533019098737764e-01,nan,1.890233031294092569e+01,1.000000000000000000e+00
2.026000000000000000e+03,1.171541611099630700e+02,3.832990659666754141e+01,1.077670008890086991e-03,-2.778086104657501565e+01,3.632260454307939535e-01,nan,1.431604127584356334e+01,1.000000000000000000e+00
2.026000000000000000e+03,8.663333572978986652e+00,5.057359253121267528e+01,-1.844113154833686543e-03,4.894616623249863352e+01,2.686134712035093131e-01,nan,1.130548414828033366e+01,1.000000000000000000e+00
2.028000000000000000e+03,9.448051264288686468e+00,3.929537503144953803e+01,-2.273080061589670669e-03,6.079207488756821220e+01,1.596413160405880660e-01,nan,1.130548414828033366e+01,1.000000000000000000e+00
2.029000000000000000e+03,6.565161014197244072e+01,2.789595102333878174e+01,-2.717961594461756197e-02,7.485853389782026852e+02,1.235453531110797254e-02,nan,1.770336756738785056e+01,1.000000000000000000e+00
2.029000000000000000e+03,3.467698596882526374e+01,4.355955421540531347e+01,-1.190899857511300503e-03,3.090770002335708710e+01,3.118222063796779464e-01,nan,1.471631147028718445e+01,1.000000000000000000e+00
2.029000000000000000e+03,8.394351933019163425e+01,5.154132664300823308e+01,-1.491181988480566557e-03,3.919998233742150262e+01,2.612042289209965951e-01,nan,1.434961004559036724e+01,1.000000000000000000e+00
2.030000000000000000e+03,8.962128717525982324e+01,2.723853645696768666e+01,-1.666498622237863429e-03,4.404134608016027386e+01,2.789779923221631375e-01,nan,8.976054708980198527e+00,1.000000000000000000e+00
2.031000000000000000e+03,1.565325818909498068e+01,1.687433727793558091e+01,-2.738034931350201776e-02,7.541285851223213967e+02,1.141199891949906675e-02,nan,1.771872293107675844e+01,1.000000000000000000e+00
2.031000000000000000e+03,8.234041532902779181e+01,2.198892091891622158e+01,-1.588198052510226719e-03,4.187907812422884746e+01,2.209760679919360316e-01,nan,8.976054708980198527e+00,1.000000000000000000e+00
2.032000000000000000e+03,1.202762823100557767e+02,4.342922195642636751e+01,-1.162241614245442976e-03,3.011630346899485389e+01,3.250351389965385751e-01,nan,1.088015478032754046e+01,1.000000000000000000e+00
2.033000000000000000e+03,5.946686907852861737e+01,4.796735320343305631e+01,-1.335113907453713269e-03,3.489016681855732571e+01,3.434346784280595255e-01,nan,5.535721349171242700e+00,1.000000000000000000e+00
2.034000000000000000e+03,5.233402979007422573e+00,3.120541398937204391e+01,-1.719336331871837431e-03,4.550045789510313199e+01,2.070629636050100864e-01,nan,1.102413654489816253e+01,1.000000000000000000e+00
2.036000000000000000e+03,1.291167828478885440e+02,8.876015823608305766e+00,-1.541688548680516559e-02,4.237578794634446240e+02,1.800370545003227019e-02,nan,1.041752747271042701e+01,1.000000000000000000e+00
2.036000000000000000e+03,1.250373064710000079e+02,1.846156490204324285e+01,-1.713820916581691722e-02,4.712921828006963096e+02,1.877812616853624661e-02,nan,1.041752747271042701e+01,1.000000000000000000e+00
2.036000000000000000e+03,1.053245385657282611e+02,1.627004529964896307e+01,1.867587779682738491e-03,-4.959441731502812445e+01,2.561816220740128491e-01,nan,1.983421227714350721e+01,1.000000000000000000e+00
2.036000000000000000e+03,1.333311592845466578e+02,4.164751072467732484e+01,-1.602181525355887313e-03,4.226523132020153639e+01,3.033933613523125405e-01,nan,9.185151695698731800e+00,1.000000000000000000e+00
2.036000000000000000e+03,1.120429914253107171e+02,5.054193516947370313e+01,-1.578685125473694613e-03,4.161637892076510781e+01,3.545237327979193775e-01,nan,1.088015478032754046e+01,1.000000000000000000e+00
2.037000000000000000e+03,2.263789571880435503e+01,4.779050482486806750e+00,-1.410626298325493326e-03,3.697543929646867156e+01,2.412226714752051526e-01,nan,1.458397325093966046e+01,1.000000000000000000e+00
2.037000000000000000e+03,9.908235759520685804e+00,1.612413115966736754e+01,-1.203071153198667512e-03,3.124380999980430929e+01,3.736324238694521682e-01,nan,1.578921002822200848e+01,1.000000000000000000e+00
2.037000000000000000e+03,6.498946008932850305e+01,4.758630283523669391e+01,-1.724349904111969123e-03,4.563890754671221828e+01,2.593869981574068451e-01,nan,5.535721349171242700e+00,1.000000000000000000e+00
2.039000000000000000e+03,1.306547632694543495e+02,5.043408662450288205e+01,1.431333403727978910e-03,-3.754726540996482953e+01,2.946554945010968485e-01,nan,9.185151695698731800e+00,1.000000000000000000e+00
2.041000000000000000e+03,8.574140355102414901e+01,3.933619069066751450e+01,-1.676886213681562507e-03,4.432819911579138505e+01,2.094058697770680988e-01,nan,9.695809289134651010e+00,1.000000000000000000e+00
2.042000000000000000e+03,3.613098812821009176e+01,1.031337365839195286e+01,-1.852392391592254297e-03,4.917479711481393423e+01,2.224103246825896996e-01,nan,1.458397325093966046e+01,1.000000000000000000e+00
2.042000000000000000e+03,7.451834521102460940e+01,5.913004598011435853e+00,-1.584034467161065263e-03,4.176410083589502165e+01,2.660281307417818875e-01,nan,1.919451650835819478e+01,1.000000000000000000e+00
2.042000000000000000e+03,9.826515270467379537e+01,4.796081577236398630e+01,-1.412866902166876612e-03,3.703731350638837228e+01,3.400659144332831563e-01,nan,5.606694749095287200e+00,1.000000000000000000e+00
2.043000000000000000e+03,5.410758249444643297e+01,4.506015306719755387e+01,-1.216677744414803013e-03,3.161955562053794111e+01,3.106432916772529085e-01,nan,1.540910016679778316e+01,1.000000000000000000e+00
2.044000000000000000e+03,3.122351197196939765e+01,4.676535607854786036e+01,-1.696904279202734447e-03,4.488099741300337087e+01,2.248885910043728620e-01,nan,2.091203097300935099e+01,1.000000000000000000e+00
2.045000000000000000e+03,1.353730246212800807e+02,4.717695310101691319e+01,-1.524832571677958498e-03,4.012924221380837508e+01,3.301413162857219641e-01,nan,3.711615010836642625e+01,1.000000000000000000e+00
2.046000000000000000e+03,4.599298748986011276e+01,3.196077461392923880e+01,-1.050476658752942010e-03,2.702991747336090356e+01,3.719416730488058764e-01,nan,1.540910016679778316e+01,1.000000000000000000e+00
2.050000000000000000e+03,3.960072487526667828e+01,8.258692567664931872e+00,-1.358146289682053698e-03,3.552620538397695071e+01,3.541449233402879093e-01,nan,8.707461738464646217e+00,1.000000000000000000e+00
2.051000000000000000e+03,1.019692557956833525e+02,3.147144799559447748e+01,-1.479244565364019924e-03,3.887033074521612264e+01,3.523998936047570973e-01,nan,7.512054754535864021e+00,1.000000000000000000e+00
2.052000000000000000e+03,1.129179279978949353e+02,5.018586471869189580e+01,-1.612192694792870511e-03,4.254168947306409621e+01,2.973760476939900643e-01,nan,1.483588872527849567e+01,1.000000000000000000e+00
2.053000000000000000e+03,6.387572859497153388e+01,1.797705709417770237e+01,-1.673480569807837175e-03,4.423415235925966016e+01,2.700922791849146298e-01,nan,8.922456334512398612e+00,1.000000000000000000e+00
2.053000000000000000e+03,5.724702760189192929e+01,3.129701112737235746e+01,-1.592807412189970861e-03,4.200636545773792818e+01,3.318244651759555408e-01,nan,5.600112078179742880e+00,1.000000000000000000e+00
2.054000000000000000e+03,5.810005143102046787e+01,3.683177450398689246e+01,-1.895766883138660409e-03,5.037258243747309194e+01,2.741356632984949249e-01,nan,5.600112078179742880e+00,1.000000000000000000e+00
2.057000000000000000e+03,8.403578729964220884e+01,4.514343274951549745e+01,-1.500339733544809370e-03,3.945287320104969098e+01,2.876498867497225831e-01,nan,2.029971518376040152e+01,1.000000000000000000e+00
2.058000000000000000e+03,5.868992024785258366e+01,1.071636712501968525e+01,-1.317515226445276815e-03,3.440417975430522546e+01,3.436810533522660638e-01,nan,8.922456334512398612e+00,1.000000000000000000e+00
2.059000000000000000e+03,1.792338072345679123e+01,1.772786146580444111e+01,-1.242761560507680847e-03,3.233985944338652274e+01,3.569906327000104129e-01,nan,1.327436887934554299e+01,1.000000000000000000e+00
2.059000000000000000e+03,1.036852676596965210e+02,1.326796500179937865e+01,-1.307570561316335079e-03,3.412955811597517908e+01,3.738733534809385306e-01,nan,1.712634329898518004e+01,1.000000000000000000e+00
2.059000000000000000e+03,8.656326479672934227e+01,1.365352012786861202e+01,-1.232894502780683844e-03,3.206738093120424082e+01,3.305577081088135749e-01,nan,1.712634329898518004e+01,1.000000000000000000e+00
2.061000000000000000e+03,4.446092477665183651e+01,8.042350027138100543e+00,-1.267402286280282838e-03,3.302031236900789679e+01,3.608920713884593567e-01,nan,1.447807582378315949e+01,1.000000000000000000e+00
2.062000000000000000e+03,4.393272044336090687e+01,3.988012267241568054e+01,-1.654898059553182397e-03,4.372099687898445808e+01,2.856839969318744066e-01,nan,6.173304957650949554e+00,1.000000000000000000e+00
2.063000000000000000e+03,1.354208561309602885e+02,4.829897661902090533e+01,-1.417094117975785210e-03,3.715404794801764865e+01,2.894364042510435553e-01,nan,5.101349695454643118e+00,1.000000000000000000e+00
2.064000000000000000e+03,2.467921787336599238e+01,2.915447660541792985e+01,-1.570669926915287595e-03,4.139503944566861549e+01,2.616726776761885143e-01,nan,7.250977254119379545e+00,1.000000000000000000e+00
2.064000000000000000e+03,3.777760240364235500e+01,4.035363720998453374e+01,-1.540768818195986309e-03,4.056932119795391145e+01,2.723364488562675101e-01,nan,6.173304957650949554e+00,1.000000000000000000e+00
2.064000000000000000e+03,9.134147719728166237e+01,3.041834380347835065e+01,-1.281608008708119131e-03,3.341260298072901946e+01,3.391546908400112637e-01,nan,1.232865767405382229e+01,1.000000000000000000e+00
2.064000000000000000e+03,3.975415928261451626e+01,5.011099487695248200e+01,1.320307323052936129e-03,-3.448128342092740439e+01,3.249014332781914316e-01,nan,9.955541458753028650e+00,1.000000000000000000e+00
2.065000000000000000e+03,1.329184542808807237e+02,8.811075927202628222e+00,-1.352256026446437952e-03,3.536354593602305130e+01,3.178573729833468198e-01,nan,2.093548227527707084e+01,1.000000000000000000e+00
2.065000000000000000e+03,8.242073084693953433e+01,1.395484811351132670e+01,-1.267624853558596380e-03,3.302645855792593466e+01,3.634026449566616357e-01,nan,1.872502084860535376e+01,1.000000000000000000e+00
2.067000000000000000e+03,7.195083092670296310e+01,3.322699304504870810e+01,1.242165336340163555e-03,-3.232339473033961497e+01,2.965146836522167817e-01,nan,5.173246741818979366e+00,1.000000000000000000e+00
2.068000000000000000e+03,1.606112688645702136e+01,5.174526074191340541e+01,-1.661810310944104125e-03,4.391187850012619265e+01,2.664143892535467684e-01,nan,2.374932860193620243e+01,1.000000000000000000e+00
2.071000000000000000e+03,3.535375381638016989e+01,2.515242249502947303e+01,-2.245187704396654077e-02,6.180289667264174795e+02,1.718987137870453541e-02,nan,9.183024875476824889e+00,1.000000000000000000e+00
2.071000000000000000e+03,1.421590464574933321e+02,3.030508698499463449e+01,-1.666704699241519910e-03,4.404703689062322525e+01,3.013016129094406859e-01,nan,2.079565189630243438e+01,1.000000000000000000e+00
2.071000000000000000e+03,8.760980300532979470e+01,1.923673384283199894e+01,-1.359439941055065083e-03,3.556192952902134863e+01,3.031937571242422358e-01,nan,8.619246247386200821e+00,1.000000000000000000e+00
2.071000000000000000e+03,7.097824057915890705e+01,2.814599414054136517e+01,-1.351826212489205033e-03,3.535167663609369271e+01,3.647389649882859519e-01,nan,5.173246741818979366e+00,1.000000000000000000e+00
2.073000000000000000e+03,7.900312298477473405e+01,1.970199172493552098e+01,-1.507915670224975208e-03,3.966208247215294591e+01,2.761100026940717100e-01,nan,8.619246247386200821e+00,1.000000000000000000e+00
2.074000000000000000e+03,3.363678561034489434e+01,4.049397689642342613e+01,-1.750284466576461882e-03,4.635508973495345941e+01,2.402808211044745734e-01,nan,7.713356295998081258e+00,1.000000000000000000e+00
2.075000000000000000e+03,1.843949418935694240e+01,4.525388198119630090e+01,1.734490712180408603e-03,-4.591894566661235899e+01,3.747360412228678550e-01,nan,3.662254752046257167e+00,1.000000000000000000e+00
2.075000000000000000e+03,1.171380040427902713e+02,5.345118389468116504e+01,-1.472744917777237678e-03,3.869084316612656949e+01,2.720053201053380665e-01,nan,9.224299729748302923e+00,1.000000000000000000e+00
2.075000000000000000e+03,7.888195958915123640e+01,3.622379541092797695e+01,-1.806612881847013572e-03,4.791059728453548416e+01,2.380246573267584820e-01,nan,6.115899427491054752e+00,1.000000000000000000e+00
2.076000000000000000e+03,1.248270735070489224e+02,4.835550766104545772e+01,-1.120685299689798322e-03,2.896872705106028434e+01,3.508699035359886809e-01,nan,9.224299729748302923e+00,1.000000000000000000e+00
2.077000000000000000e+03,8.914625763556794880e+01,1.257572085900141623e+01,-1.324383791145834766e-03,3.459385496876303279e+01,3.572679486589677156e-01,nan,9.221419038843999161e+00,1.000000000000000000e+00
2.077000000000000000e+03,3.187964393661585305e+01,3.298342974675064454e+01,-1.344027383816268507e-03,3.513631220909211095e+01,3.487440346066780217e-01,nan,7.713356295998081258e+00,1.000000000000000000e+00
2.077000000000000000e+03,1.148398539895317043e+02,9.216617582513094931e+00,-1.190370747234871475e-03,3.089308865846081531e+01,3.626012053828207016e-01,nan,9.539250516029422755e+00,1.000000000000000000e+00
2.077000000000000000e+03,1.427908298062389179e+02,4.042838990563402746e+01,-1.508217917586999720e-03,3.967042902426544515e+01,2.381075329131068230e-01,nan,1.176261884425888482e+01,1.000000000000000000e+00
2.078000000000000000e+03,3.430987957286226475e+01,1.420433717603466484e+01,-1.677170297778263382e-03,4.433604408986019507e+01,2.149871507991751862e-01,nan,5.885126166491487787e+00,1.000000000000000000e+00
2.078000000000000000e+03,1.441011473049198344e+02,5.211779836491736262e+01,-1.771343498296157250e-03,4.693663428346481936e+01,2.252634403807159957e-01,nan,1.176261884425888482e+01,1.000000000000000000e+00
2.079000000000000000e+03,9.862377010390089538e+01,2.393639107200860749e+01,-1.574056945632857935e-03,4.148857186905476624e+01,3.316062447141039371e-01,nan,3.382609326997654708e+00,1.000000000000000000e+00
2.079000000000000000e+03,1.075919603079272662e+02,3.901925421646470937e+01,-1.514153192119100429e-03,3.983433145786278118e+01,2.803682536743096199e-01,nan,1.730339692733488022e+01,1.000000000000000000e+00
2.080000000000000000e+03,9.526734942545442664e+01,2.351628859833287066e+01,1.681881491883687949e-03,-4.446614357807294482e+01,3.231487772956730398e-01,nan,3.382609326997654708e+00,1.000000000000000000e+00
2.080000000000000000e+03,5.713783096311970411e+01,1.371345046421314429e+01,-1.286336710404361759e-03,3.354318594055306590e+01,3.390995955353225400e-01,nan,8.817708389714045580e+00,1.000000000000000000e+00
2.082000000000000000e+03,7.997436533396479774e+01,1.162127824797263997e+01,-1.877896154147077907e-03,4.987908277607797203e+01,2.142906505939840001e-01,nan,9.221419038843999161e+00,1.000000000000000000e+00
2.082000000000000000e+03,1.151811372091972601e+02,1.874976114439981956e+01,-1.065702742442095402e-03,2.745038533163967287e+01,3.721372430968628020e-01,nan,7.048802444600281270e+00,1.000000000000000000e+00
2.083000000000000000e+03,6.493898525069738525e+01,5.028174975057431340e+01,1.245957170183324692e-03,-3.242810611164633627e+01,3.667305840434368358e-01,nan,1.132752692375743564e+01,1.000000000000000000e+00
2.083000000000000000e+03,5.270445440669107739e+01,6.091301583815798004e+00,-1.113730791915452977e-03,2.877667852111918734e+01,3.738006762954517725e-01,nan,8.817708389714045580e+00,1.000000000000000000e+00
2.084000000000000000e+03,5.203942235394600857e+01,4.794098903171947512e+01,-2.015318533832679768e-03,5.367399779464826537e+01,2.745197460566880521e-01,nan,1.243269314744934562e+01,1.000000000000000000e+00
2.084000000000000000e+03,7.193105929451073166e+01,4.136974847284318457e+01,-1.538397712494159750e-03,4.050384318295326125e+01,2.607863788691879847e-01,nan,5.860018503200901563e+00,1.000000000000000000e+00
2.084000000000000000e+03,1.430816134452256563e+02,4.468027379118524323e+01,-1.189984147138392666e-03,3.088241270803946037e+01,3.455813100003093385e-01,nan,3.012688425387300128e+01,1.000000000000000000e+00
2.085000000000000000e+03,1.002875219206368484e+02,1.200608020534891907e+01,-1.605328460888810456e-03,4.235213385342563441e+01,2.768055561987148305e-01,nan,1.201954782268848909e+01,1.000000000000000000e+00
2.086000000000000000e+03,1.167764725492860549e+02,2.561565664722147773e+01,-1.242058645916501152e-03,3.232044847739289395e+01,3.663948582627529760e-01,nan,7.048802444600281270e+00,1.000000000000000000e+00
2.087000000000000000e+03,4.342120345586817365e+01,2.538071629421768094e+01,-1.620716062795665062e-03,4.277706203258902917e+01,2.210151650992280281e-01,nan,1.785312528404492483e+01,1.000000000000000000e+00
2.088000000000000000e+03,2.134891515685347940e+01,2.943365984124279677e+01,-1.522084535707916549e-03,4.005335528041264581e+01,2.370642283992953070e-01,nan,1.070797002797205622e+01,1.000000000000000000e+00
2.088000000000000000e+03,9.933286162131574315e+01,2.398765579350908794e+01,-1.963388387859224711e-03,5.223994832379734277e+01,1.783309741537614235e-01,nan,5.904767079241189265e+00,1.000000000000000000e+00
2.089000000000000000e+03,6.401498392401313708e+01,8.104558288864012638e+00,-1.708616713067847865e-03,4.520443593357344980e+01,2.863829797049952663e-01,nan,6.678801428120815231e+00,1.000000000000000000e+00
2.090000000000000000e+03,1.247991826943212601e+02,3.100116930642642288e+01,-1.419863992362281916e-03,3.723053794864868138e+01,2.606666370229416829e-01,nan,9.662692413282517379e+00,1.000000000000000000e+00
2.091000000000000000e+03,7.022149787537514953e+01,1.057145372398430716e+01,-1.723552744415495983e-03,4.561689400487669843e+01,2.460492711102476582e-01,nan,6.678801428120815231e+00,1.000000000000000000e+00
2.091000000000000000e+03,2.028808537654956012e+01,4.131804821459915189e+01,-1.294016445483122876e-03,3.375526160141491516e+01,2.907995150881450552e-01,nan,1.193164057586161775e+01,1.000000000000000000e+00
2.092000000000000000e+03,1.004788567963341279e+02,9.710158457512456209e+00,-1.721031373242284121e-03,4.554726641325368774e+01,2.106403474451454816e-01,nan,9.191372989917603320e+00,1.000000000000000000e+00
2.093000000000000000e+03,3.141937778693960936e+01,2.579409880507557418e+01,1.384096230356137618e-03,-3.624281224102882959e+01,3.244996197272143057e-01,nan,1.070797002797205622e+01,1.000000000000000000e+00
2.093000000000000000e+03,6.151955999587060120e+01,2.732457027901667246e+01,-1.822002423638543166e-03,4.833557903355776375e+01,3.175128280154543292e-01,nan,1.887831129008247899e+01,1.000000000000000000e+00
2.093000000000000000e+03,9.685073966314105576e+01,3.095316328374444126e+01,-1.205369105398387906e-03,3.130726788297171481e+01,3.600835685978196476e-01,nan,5.819096010750181236e+00,1.000000000000000000e+00
2.094000000000000000e+03,1.210662147055151650e+02,5.003738734921644493e+01,-9.982161840169843231e-03,2.736781440114730231e+02,2.458551890845939170e-02,nan,1.796573030201682286e+01,1.000000000000000000e+00
2.098000000000000000e+03,9.387869614198767465e+01,7.898145948171602093e+00,-1.388894811097440840e-03,3.637532490865003609e+01,2.927123860680673761e-01,nan,7.817695331103739598e+00,1.000000000000000000e+00
2.098000000000000000e+03,1.370798867857128300e+02,4.189307818313591980e+01,-1.784807016532396345e-03,4.730842894801939025e+01,2.472272869584036803e-01,nan,1.796573030201682286e+01,1.000000000000000000e+00
2.099000000000000000e+03,1.012368292997904575e+02,4.956684229886429449e+01,-1.805575582996545589e-03,4.788195230694600468e+01,2.603478655707435196e-01,nan,1.924123137175421761e+01,1.000000000000000000e+00
2.100000000000000000e+03,9.940142432947183693e+01,2.081803775297090553e+01,-1.745196083140461169e-03,4.621457417434606896e+01,2.320961501382362568e-01,nan,7.623131335788799312e+00,1.000000000000000000e+00
2.101000000000000000e+03,1.001359281432974342e+02,1.258465936133348784e+01,-1.557889643407081538e-03,4.104211228825919733e+01,3.168089398366834564e-01,nan,7.817695331103739598e+00,1.000000000000000000e+00
2.102000000000000000e+03,1.121371932311549671e+02,7.125685912048390414e+00,-1.515117609748910504e-03,3.986096382266327964e+01,2.763879052575157758e-01,nan,1.318448917588496094e+01,1.000000000000000000e+00
2.102000000000000000e+03,9.110257600959037916e+01,1.803533970259355712e+01,-1.145807046163469086e-03,2.966246334935287621e+01,3.137646918540205609e-01,nan,8.752959035433285351e+00,1.000000000000000000e+00
2.104000000000000000e+03,1.116219199251191618e+01,2.306709996264230256e+01,-1.204810008270556501e-03,3.129182843204602804e+01,3.677706707876573500e-01,nan,7.882842426135278302e+00,1.000000000000000000e+00
2.106000000000000000e+03,4.949229341289758111e+01,4.849419040510933598e+01,-1.248826367064744458e-03,3.250733890008621785e+01,3.579083406010480362e-01,nan,1.008951824874304215e+01,1.000000000000000000e+00
2.107000000000000000e+03,4.089940707481302695e+01,1.114679644229548927e+01,-1.370072537164064054e-03,3.585554836135961665e+01,3.262922888810716460e-01,nan,1.633504876494219715e+01,1.000000000000000000e+00
2.107000000000000000e+03,1.146207327090352948e+02,5.200629925889151650e+01,-1.696468143110290783e-03,4.486895352749402832e+01,2.619091818923250381e-01,nan,1.675484064348375313e+01,1.000000000000000000e+00
2.108000000000000000e+03,1.261640113277718882e+02,3.986227176720846899e+01,-1.376806831757609569e-03,3.604151571071705007e+01,3.539676554330590807e-01,nan,1.142056869728696000e+01,1.000000000000000000e+00
2.109000000000000000e+03,3.458853789758432384e+01,4.183206639064908927e+01,-1.813667943751863694e-03,4.810542261386620311e+01,3.376640106312253087e-01,nan,1.632500612080369962e+01,1.000000000000000000e+00
2.111000000000000000e+03,6.614890493040908837e+01,2.684651738718527270e+01,-5.103163915680378714e-03,1.389447582152270684e+02,6.225169425229004627e-02,nan,1.727557047289761272e+01,1.000000000000000000e+00
2.111000000000000000e+03,9.420976251616799857e+01,4.027302360864212716e+01,-1.385296987556527710e-03,3.627597111619779469e+01,3.352731214839503870e-01,nan,1.542684661330441109e+01,1.000000000000000000e+00
2.112000000000000000e+03,1.332414313946742368e+02,4.882550302418598420e+01,-1.482916013306235159e-03,3.897171767336921988e+01,3.441122261760887202e-01,nan,8.393465831262261645e+00,1.000000000000000000e+00
2.114000000000000000e+03,7.605107512547709803e+01,1.269051651857981078e+01,-2.067638704512080299e-03,5.511881778641137686e+01,1.817117132714464178e-01,nan,1.727557047289761272e+01,1.000000000000000000e+00
2.115000000000000000e+03,9.677296463543859772e+01,2.506060791204125948e+01,-2.136661138261147959e-03,5.702487028711664863e+01,1.717753848494198987e-01,nan,4.530003430597679959e+00,1.000000000000000000e+00
2.116000000000000000e+03,1.437718786949939442e+02,3.127812581925417490e+01,-1.581846330417065920e-03,4.170367550334375295e+01,1.991653055033707487e-01,nan,1.257161503410681824e+01,1.000000000000000000e+00
2.116000000000000000e+03,1.110181004535742773e+02,2.943956849267313558e+01,-1.367677642634771221e-03,3.578941341858029546e+01,2.510816617436800735e-01,nan,8.353996461309096233e+00,1.000000000000000000e+00
2.117000000000000000e+03,1.154681269858348180e+01,8.181293688960744603e+00,-1.272040348392702381e-03,3.314839231936060315e+01,3.089296854173588791e-01,nan,1.685527227331317945e+01,1.000000000000000000e+00
2.117000000000000000e+03,1.337021163372809553e+02,2.375181260327869737e+01,-1.751183757196449762e-03,4.637992361927171459e+01,2.310933672648251003e-01,nan,1.257161503410681824e+01,1.000000000000000000e+00
2.118000000000000000e+03,9.122395257668671320e+01,3.420846340487945980e+01,-1.424266547786332340e-03,3.735211438865096056e+01,2.964692726896958064e-01,nan,1.069928945986712954e+01,1.000000000000000000e+00
2.118000000000000000e+03,8.543032826807258573e+01,5.340960360067110457e+01,-1.192724800475957478e-03,3.095809577025402959e+01,3.546558456382777891e-01,nan,2.005616781560749828e+01,1.000000000000000000e+00
2.119000000000000000e+03,1.191975191219027863e+02,3.194295854535181078e+01,-2.737913452049258508e-03,7.362843544706201726e+01,1.191283213553407938e-01,nan,8.553937777868826586e+00,1.000000000000000000e+00
2.120000000000000000e+03,3.786391616900425561e+01,1.382626735459521505e+01,-1.490691328185766258e-03,3.918643276764972683e+01,3.066783740316715301e-01,nan,3.886652270905226914e+00,1.000000000000000000e+00
2.120000000000000000e+03,2.542938579494166618e+01,1.774028775903903465e+01,-1.365160905788851070e-03,3.571991380377066605e+01,2.984120136510705068e-01,nan,1.303599253412979309e+01,1.000000000000000000e+00
2.121000000000000000e+03,1.040335435374968114e+02,2.485642311404511773e+01,-2.286113275250877420e-03,6.115198670379716361e+01,1.608189635559558184e-01,nan,3.561625536180166751e+00,1.000000000000000000e+00
2.121000000000000000e+03,6.794837711702326999e+01,4.082217955711281121e+01,-1.728130129551420403e-03,4.574329836228807267e+01,2.527825518995285847e-01,nan,1.478230769603668548e+01,1.000000000000000000e+00
2.123000000000000000e+03,6.094112343169028279e+00,2.708684673062253268e+01,-1.570052394919890792e-03,4.137798631757448220e+01,3.529938658313529487e-01,nan,9.081591444257952617e+00,1.000000000000000000e+00
2.125000000000000000e+03,1.012074895528750886e+02,4.574161056486274646e+01,-8.143378638507316192e-03,2.229001993721180952e+02,1.647857446871910936e-01,nan,2.107552219945656446e+01,1.000000000000000000e+00
2.125000000000000000e+03,6.858388197048123303e+00,3.932402690905037446e+01,-1.661609027654673779e-03,4.390632006794218967e+01,2.335280864579913906e-01,nan,1.226102346054887349e+01,1.000000000000000000e+00
2.126000000000000000e+03,5.787967276424355489e+00,9.281653123195292565e+00,-1.301359829611873752e-03,3.395804894057381773e+01,3.416717110734384111e-01,nan,1.415876063640182814e+01,1.000000000000000000e+00
2.126000000000000000e+03,6.240565386842855844e+01,8.600197842199944986e+00,-1.346053727426729362e-03,3.519226962896589583e+01,3.742374982586291754e-01,nan,9.294150825149058548e+00,1.000000000000000000e+00
2.127000000000000000e+03,1.928970164046624092e+01,1.354471210962421424e+01,-1.697584685012913392e-03,4.489978679966424835e+01,2.869778300128313919e-01,nan,1.004445414948636461e+01,1.000000000000000000e+00
2.127000000000000000e+03,1.338194630837667276e+01,2.166810340250806277e+01,-1.296511681502657883e-03,3.382416747152919356e+01,3.212327523706296484e-01,nan,4.590193665266689926e+00,1.000000000000000000e+00
2.127000000000000000e+03,3.463505185213494286e+01,2.503381170182715465e+01,-1.233070415595853694e-03,3.207223875847935091e+01,3.571366595123841581e-01,nan,5.548567999199800482e+00,1.000000000000000000e+00
2.130000000000000000e+03,1.084384317994834390e+02,6.756244602186368020e+00,-1.740086689117161184e-03,4.607347840698143671e+01,3.010762051048980759e-01,nan,9.455266677248415519e+00,1.000000000000000000e+00
2.132000000000000000e+03,9.234913452190005145e+00,1.970036450357794777e+01,-6.933373025965522754e-03,1.894859295705429076e+02,3.100863615112026128e-02,nan,4.590193665266689926e+00,1.000000000000000000e+00
2.132000000000000000e+03,1.351225128242480764e+02,2.802569719447089369e+01,-1.524864193412987139e-03,4.013011544710158063e+01,2.575056207566718269e-01,nan,1.498571741828126846e+01,1.000000000000000000e+00
2.132000000000000000e+03,6.697621720104790199e+01,3.542033468453502820e+01,-1.657305754424938295e-03,4.378748530284864415e+01,2.768457920633952130e-01,nan,1.423714693822267918e+01,1.000000000000000000e+00
2.133000000000000000e+03,6.294761979581423361e+01,2.176505160848391540e+01,-1.576983702021896678e-03,4.156939416162363443e+01,2.752509095599338096e-01,nan,1.290165601387512595e+01,1.000000000000000000e+00
2.134000000000000000e+03,1.373193801148866910e+01,7.701925029685178004e+00,-1.102745829178586497e-03,2.847332909459970551e+01,3.576317029628841571e-01,nan,1.281349990032401465e+01,1.000000000000000000e+00
2.134000000000000000e+03,9.471404860295018580e+01,2.194156885145506664e+01,-1.142916753697839714e-03,2.958264800696853314e+01,3.352911754711236370e-01,nan,1.191589981922849084e+01,1.000000000000000000e+00
2.134000000000000000e+03,1.407449693959931558e+01,4.936399811131557414e+01,-1.445367148795145829e-03,3.793480687187242495e+01,3.310718055644583657e-01,nan,1.071046576098391512e+01,1.000000000000000000e+00
2.135000000000000000e+03,1.431938645427601386e+02,5.205886182737165058e+01,-1.382138533086038623e-03,3.618875048784779835e+01,3.654253483529645852e-01,nan,2.535231194262249943e+01,1.000000000000000000e+00
2.136000000000000000e+03,5.424044033873026471e+00,4.304864053291826309e+01,-1.026399579763206948e-03,2.636502963725670767e+01,3.718441113401044218e-01,nan,1.071046576098391512e+01,1.000000000000000000e+00
2.137000000000000000e+03,9.199853994886981923e+01,8.565068687074424147e+00,-1.922017773053829454e-02,5.287856841687286078e+02,1.528856705793946169e-02,nan,1.364934957783925817e+01,1.000000000000000000e+00
2.138000000000000000e+03,9.691295895607260036e+01,3.365282248891082162e+01,-1.395698976727554209e-03,3.656322174465034180e+01,3.586114752776035086e-01,nan,1.125456524335627506e+01,1.000000000000000000e+00
2.139000000000000000e+03,3.583967317825940313e+01,3.001644986736277332e+01,-1.662080585671234841e-03,4.391934212885591649e+01,3.033219430152905849e-01,nan,1.109242736235014348e+01,1.000000000000000000e+00
2.140000000000000000e+03,1.171205447199469631e+02,1.737172444304896146e+01,-1.504207340908514118e-03,3.955967706592261379e+01,2.945355123898193428e-01,nan,6.314611056736241679e+00,1.000000000000000000e+00
2.140000000000000000e+03,3.499052563445082598e+01,7.773677819421446422e+00,1.211135748767733699e-03,-3.146651357191361598e+01,3.172871393539473672e-01,nan,6.353350119323656564e+00,1.000000000000000000e+00
2.140000000000000000e+03,7.596988503994367647e+01,2.477888654617411035e+01,-1.410358073930599717e-03,3.696803228760405347e+01,2.718945938978256649e-01,nan,8.259453184388721780e+00,1.000000000000000000e+00
2.140000000000000000e+03,5.458122294854145906e+01,2.868254126029490436e+01,-1.411869937918196942e-03,3.700978236765428875e+01,3.081146211511112121e-01,nan,1.029666851347626988e+01,1.000000000000000000e+00
2.140000000000000000e+03,7.583583988961927957e+01,5.004680719482183804e+01,-1.458667715502142206e-03,3.830210163468582607e+01,2.867460923357313396e-01,nan,1.654624866518863513e+01,1.000000000000000000e+00
2.141000000000000000e+03,9.087709740093983157e+01,4.315196003419530513e+01,-1.468907602570924996e-03,3.858487581829908919e+01,3.348380225574819624e-01,nan,1.125456524335627506e+01,1.000000000000000000e+00
2.141000000000000000e+03,8.272267459342781137e+01,2.002300595984054254e+01,-1.267547205036200202e-03,3.302431429623810288e+01,2.845611388939930375e-01,nan,8.259453184388721780e+00,1.000000000000000000e+00
2.142000000000000000e+03,5.849237665141373554e+01,1.041154991073998204e+01,-1.447077467027360750e-03,3.798203726011643511e+01,3.023065735783344588e-01,nan,6.723971779053970366e+00,1.000000000000000000e+00
2.142000000000000000e+03,1.382099617442362671e+02,2.549713385520217912e+01,-1.844146931062682097e-03,4.894709896208008360e+01,2.708353528115683417e-01,nan,6.946931970188689576e+00,1.000000000000000000e+00
2.143000000000000000e+03,1.322561958755057105e+02,2.191767359159136674e+01,-1.754025147296013045e-03,4.645838852423928955e+01,2.310220985257417370e-01,nan,6.946931970188689576e+00,1.000000000000000000e+00
2.143000000000000000e+03,1.162676766462819842e+02,4.658461155470086368e+01,-1.477914221808781289e-03,3.883359334662657858e+01,2.203395926666202875e-01,nan,1.510178134553066265e+01,1.000000000000000000e+00
2.143000000000000000e+03,4.529975570648662142e+01,2.422431870965024459e+01,-1.316591095253487375e-03,3.437865989831907143e+01,3.086310248655060873e-01,nan,1.029666851347626988e+01,1.000000000000000000e+00
2.145000000000000000e+03,8.589349670395402825e+01,3.097392794927925763e+01,-1.491604845398750677e-03,3.921165951891984491e+01,3.183963519839748679e-01,nan,1.111749514352864487e+01,1.000000000000000000e+00
2.145000000000000000e+03,1.411468335538406222e+02,4.823774407121622687e+01,-1.706318313357939927e-03,4.514096569242523316e+01,3.165160130543900330e-01,nan,1.677006168827417198e+01,1.000000000000000000e+00
2.145000000000000000e+03,9.700643249011470459e+01,3.129229327253604964e+01,-1.217561159445112312e-03,3.164395110090890739e+01,3.416504308720332839e-01,nan,9.472441898269194027e+00,1.000000000000000000e+00
2.146000000000000000e+03,1.254255958590690945e+01,1.662485274889047560e+01,-1.455064375753750217e-03,3.820259551232447137e+01,3.173453885005197428e-01,nan,7.140860390809335101e+00,1.000000000000000000e+00
2.146000000000000000e+03,1.341756648884034497e+01,4.125439438479200049e+01,-1.307866662754215200e-03,3.413773494857117186e+01,3.593369229964119560e-01,nan,5.483274753713607730e+00,1.000000000000000000e+00
2.147000000000000000e+03,1.129414551970192235e+02,2.511963465018265040e+01,-1.661648593949989613e-03,4.390741269003669345e+01,3.004848881617780965e-01,nan,8.230665330303457594e+00,1.000000000000000000e+00
2.147000000000000000e+03,1.361162361061710726e+02,3.223999240580955927e+01,-1.285000326858156110e-03,3.350628174778861990e+01,3.116596699683154004e-01,nan,7.060441096772252401e+00,1.000000000000000000e+00
2.147000000000000000e+03,4.336616481551740776e+01,5.201305668287324835e+01,-1.161353154083760025e-03,3.009176866746772561e+01,3.563750037427810824e-01,nan,1.065456726212487304e+01,1.000000000000000000e+00
2.148000000000000000e+03,1.017234476399985397e+02,4.251899937189232759e+01,-2.318268148591343721e-03,6.203994259598250238e+01,2.073320643563762999e-01,nan,1.217740373665737863e+01,1.000000000000000000e+00
2.148000000000000000e+03,6.476611398201231395e+01,3.406925184902505066e+01,-1.301881167416175065e-03,3.397244566887831496e+01,3.035162111529565721e-01,nan,2.071124202089388078e+01,1.000000000000000000e+00
2.149000000000000000e+03,7.970522392090813035e+00,2.211013879607086707e+01,-2.112528112828705382e-03,5.635843749162408756e+01,2.314364429102969689e-01,nan,7.140860390809335101e+00,1.000000000000000000e+00
2.149000000000000000e+03,5.393310633958899558e+01,5.337671000025077461e+01,-1.492091126562764035e-03,3.922508815912229352e+01,3.262559966605783623e-01,nan,1.065456726212487304e+01,1.000000000000000000e+00
2.150000000000000000e+03,8.482130184106907222e+01,1.012918047655448817e+01,-1.487330271913817449e-03,3.909361729644438554e+01,2.880356960064665017e-01,nan,1.163324745012432082e+01,1.000000000000000000e+00
2.150000000000000000e+03,1.259829984501294753e+01,4.667611958909964898e+01,-1.546588353494359434e-03,4.073002749597772976e+01,2.648314198281683796e-01,nan,5.483274753713607730e+00,1.000000000000000000e+00
2.152000000000000000e+03,9.439926363233529116e+01,1.673183858983495753e+01,-1.658766484200844887e-03,4.382782331313011071e+01,2.831822646711933400e-01,nan,1.163324745012432082e+01,1.000000000000000000e+00
2.152000000000000000e+03,1.331033109587884553e+02,4.469844738788334126e+01,-1.852765935686034220e-03,4.918511252410045387e+01,3.107868485891663868e-01,nan,8.730279749074277618e+00,1.000000000000000000e+00
2.154000000000000000e+03,1.012802402850789179e+02,4.579159757293225397e+01,4.546372367481556383e-03,-1.235689758040445838e+02,1.963294601145431084e-01,nan,6.766719591396416433e+00,1.000000000000000000e+00
2.154000000000000000e+03,9.521963390043899267e+01,4.880117300462521257e+01,-4.599734181221896284e-03,1.250425607386430045e+02,1.242860721848196848e-01,nan,6.766719591396416433e+00,1.000000000000000000e+00
2.155000000000000000e+03,1.164652562648906020e+01,1.855450644763923762e+01,-1.723966455153523591e-02,4.740938703268338941e+02,1.199815847822993664e-02,nan,2.734551734998597183e+01,1.000000000000000000e+00
2.156000000000000000e+03,6.002917897871616759e+01,2.387528785837665879e+01,-1.605971602124911654e-03,4.236989417995705764e+01,2.777608511122834356e-01,nan,9.927126672224684256e+00,1.000000000000000000e+00
2.156000000000000000e+03,1.349304238602400972e+02,2.227746745785901439e+01,-1.145670721821695623e-03,2.965869875661931943e+01,3.638383914673229969e-01,nan,2.249530356712717705e+01,1.000000000000000000e+00
2.157000000000000000e+03,8.188299949693718816e+01,5.237595749883460883e+01,-1.489789537209055062e-03,3.916152983605326909e+01,3.364136473433797514e-01,nan,1.380742196764869867e+01,1.000000000000000000e+00
2.158000000000000000e+03,1.123760314250461079e+02,7.200609357098287866e+00,-1.255565857290598256e-03,3.269344972667875027e+01,3.473589484884928025e-01,nan,1.275183012417957507e+01,1.000000000000000000e+00
2.161000000000000000e+03,6.690321647628212531e+01,3.103737222317241873e+01,-2.718720696036899809e-02,7.487949646574205644e+02,1.165623841910945480e-02,nan,4.506755294980050230e+00,1.000000000000000000e+00
2.163000000000000000e+03,9.984134203298962973e+01,9.543840749983010241e+00,-1.041089185138784328e-03,2.677068266250766371e+01,3.684707892573634291e-01,nan,1.148808049525765185e+01,1.000000000000000000e+00
2.164000000000000000e+03,3.732115518359164241e+01,3.471878200286795391e+01,-1.295676020690742121e-02,3.558215914031777629e+02,1.670149037668122727e-02,nan,1.293363307238812787e+01,1.000000000000000000e+00
2.165000000000000000e+03,2.492040019498258374e+01,3.839303569085134171e+01,-1.224307642354869816e-03,3.183025503026408387e+01,3.145624950483382198e-01,nan,5.076901769671021469e+00,1.000000000000000000e+00
2.165000000000000000e+03,1.826968988845896291e+01,4.774467118362220219e+01,-2.618518069275524787e-03,7.033133542396102200e+01,1.455771507995329284e-01,nan,9.412980635250210781e+00,1.000000000000000000e+00
2.166000000000000000e+03,9.063320734751663110e+00,4.578330139562653045e+01,-1.981307682900626532e-03,5.273478913524584755e+01,1.916145433398731557e-01,nan,9.412980635250210781e+00,1.000000000000000000e+00
2.167000000000000000e+03,6.120492851155050573e+01,4.794233116229526104e+01,1.406206994259491484e-03,-3.685340034320598335e+01,3.714648641372517712e-01,nan,9.644247135917119351e+00,1.000000000000000000e+00
2.168000000000000000e+03,1.103095909158603547e+02,1.427583385984645403e+01,-5.486382763143912364e-03,1.495273355433573670e+02,5.349315504897667051e-02,nan,7.243121497450086821e+00,1.000000000000000000e+00
2.168000000000000000e+03,6.723134630901422604e+00,6.123141423160075369e+00,-1.464589082697028994e-03,3.846562001757044413e+01,2.882317328138600532e-01,nan,2.306679436026194807e+01,1.000000000000000000e+00
2.168000000000000000e+03,3.333497098233647193e+01,7.383111184980603703e+00,-2.077157490569922840e-03,5.538167878657822030e+01,2.156412096863132843e-01,nan,8.947130080713030509e+00,1.000000000000000000e+00
2.168000000000000000e+03,1.192466811647810374e+02,3.526652930782516648e+01,-1.505184523805428842e-03,3.958666194320297649e+01,3.432478535701556366e-01,nan,1.461718709795455773e+01,1.000000000000000000e+00
2.168000000000000000e+03,8.070326364232852256e+01,3.998068275076426659e+01,-1.392120037410069563e-03,3.646438943947889300e+01,3.699063747557903570e-01,nan,1.275731272874865674e+01,1.000000000000000000e+00
2.170000000000000000e+03,5.356148146990674519e+01,2.320172708061114619e+01,-4.260311959507761571e-03,1.156694259569111978e+02,5.543600533685788534e-02,nan,1.730672567652906224e+01,1.000000000000000000e+00
2.170000000000000000e+03,2.814704365589411239e+01,1.467259311010755951e+01,-1.363332737572478005e-03,3.566942899164138225e+01,3.627481192992652037e-01,nan,8.947130080713030509e+00,1.000000000000000000e+00
2.170000000000000000e+03,2.026512187704589607e+01,3.636737151299823267e+01,-1.252959738954098103e-03,3.262148184460610878e+01,2.601086556578706688e-01,nan,5.076901769671021469e+00,1.000000000000000000e+00
2.173000000000000000e+03,1.435434528672864758e+02,4.444026323168531434e+01,-5.259359167726679676e-03,1.432580855580949617e+02,4.962002673338472558e-02,nan,2.597095510891833925e+01,1.000000000000000000e+00
2.173000000000000000e+03,6.161902911872200406e+01,7.885112587528740669e+00,-1.430216891278592809e-03,3.751643295114487842e+01,3.579997567547957837e-01,nan,1.730672567652906224e+01,1.000000000000000000e+00
2.173000000000000000e+03,1.245397163299776224e+02,1.943611539909411334e+01,-1.538220075532573117e-03,4.049893774342498887e+01,3.095951446691673770e-01,nan,7.224009067043860810e+00,1.000000000000000000e+00
2.174000000000000000e+03,2.265291503621980240e+01,4.733943694708025873e+01,-2.801202737107889515e-03,7.537616721340937431e+01,1.554466738234442369e-01,nan,4.118438721152188897e+00,1.000000000000000000e+00
2.174000000000000000e+03,3.633280113771881759e+01,3.519824830843389663e+01,-1.519612585354310859e-03,3.998509244328582213e+01,3.303750065087105448e-01,nan,5.318166685867897314e+00,1.000000000000000000e+00
2.176000000000000000e+03,7.276986992801765552e+01,4.248163033741645478e+01,-1.394023813266154384e-03,3.651696215438003890e+01,3.255045458206369258e-01,nan,1.043987738439214041e+01,1.000000000000000000e+00
2.177000000000000000e+03,1.853602366175066862e+01,4.745232144870614377e+01,2.418560230109736541e-03,-6.480950551046973374e+01,2.223671194814490493e-01,nan,4.118438721152188897e+00,1.000000000000000000e+00
2.177000000000000000e+03,3.860640144133805052e+01,5.003637439222868721e+01,-1.280834344701636818e-03,3.339123827168931058e+01,2.658573077021524345e-01,nan,1.501130387472083605e+01,1.000000000000000000e+00
2.178000000000000000e+03,2.677807832803507537e+01,2.914022888707587811e+01,-1.318346461626159795e-03,3.442713428965174671e+01,3.542196881625195859e-01,nan,1.131336940435702942e+01,1.000000000000000000e+00
2.179000000000000000e+03,1.226756589605728891e+02,1.440388654088398290e+01,-1.563267401978007433e-03,4.119061893480208170e+01,3.471490841591435839e-01,nan,8.933050335199736125e+00,1.000000000000000000e+00
2.179000000000000000e+03,1.019734992298022433e+02,2.595425549201452142e+01,-1.555098125862714332e-03,4.096502461245298576e+01,2.524430454018184999e-01,nan,1.856106057010781285e+01,1.000000000000000000e+00
2.181000000000000000e+03,1.426158546042714192e+02,4.754023891836641980e+01,-1.683760406152547649e-03,4.451802974096587917e+01,3.108245374452258680e-01,nan,2.638875316922880288e+01,1.000000000000000000e+00
2.182000000000000000e+03,1.351284824722231406e+02,2.223597934843017754e+01,-1.399864772582034168e-03,3.667826007602425165e+01,3.367124490924667812e-01,nan,9.837232910395018237e+00,1.000000000000000000e+00
2.183000000000000000e+03,5.379259835624560537e+01,4.367969850797044984e+01,-1.336252957728252836e-03,3.492162165876345625e+01,3.067543367920200215e-01,nan,1.411438660890274654e+01,1.000000000000000000e+00
2.183000000000000000e+03,1.253309122992195626e+02,2.311845883172114213e+01,-1.411897119493124011e-03,3.701053298605542352e+01,3.012876511261486367e-01,nan,9.110111991881391091e+00,1.000000000000000000e+00
2.184000000000000000e+03,2.072250846421134085e+01,4.487490527297380538e+01,-1.418771116307926405e-02,3.898142662599749997e+02,1.795903075658478176e-02,nan,2.159859711683678896e+01,1.000000000000000000e+00
2.185000000000000000e+03,6.660925119038745379e+01,1.312766694034442416e+01,-1.481023278254767466e-03,3.891944984996649026e+01,2.440845375271857298e-01,nan,2.865012395751248064e+01,1.000000000000000000e+00
2.185000000000000000e+03,4.067908159635793197e+01,2.531191528013533087e+01,-1.400956363944828344e-03,3.670840433976271555e+01,3.655477379735703192e-01,nan,1.878013381179408015e+01,1.000000000000000000e+00
2.187000000000000000e+03,9.287331947613367333e+01,4.842648115482116111e+01,-1.279766878679564762e-03,3.336176022853329215e+01,3.485859976289625850e-01,nan,9.003264743387573432e+00,1.000000000000000000e+00
2.187000000000000000e+03,1.099410591141404154e+02,4.230489935549011449e+01,-1.179060689987424405e-03,3.058076175648588446e+01,3.720701331215583441e-01,nan,6.087456435922604214e+00,1.000000000000000000e+00
2.188000000000000000e+03,3.196546526308810243e+01,8.675620128105100193e+00,-1.793410323250683655e-03,4.754600901284791092e+01,2.274461390466973043e-01,nan,1.878013381179408015e+01,1.000000000000000000e+00
2.188000000000000000e+03,1.166309686669442272e+02,4.521614777400278484e+01,-1.243026394551038048e-03,3.234717282779205760e+01,3.268957741499580738e-01,nan,7.295906878448231936e+00,1.000000000000000000e+00
2.188000000000000000e+03,4.152969201755019668e+01,5.066804863328308528e+01,-1.031242899918771803e-03,2.649877778250166571e+01,3.697024674565779767e-01,nan,4.779101668164294381e+00,1.000000000000000000e+00
2.192000000000000000e+03,6.613708991052030228e+01,2.691708214650338249e+01,4.662429939529775212e-03,-1.267739022810289953e+02,7.404895070507966359e-02,nan,2.622334001427352490e+01,1.000000000000000000e+00
2.192000000000000000e+03,1.028496583661496402e+02,5.800239346667614093e+00,-1.101603411868488360e-03,2.844178127380454413e+01,3.639589627779000747e-01,nan,1.725113334301968138e+01,1.000000000000000000e+00
2.192000000000000000e+03,1.064343648607791408e+02,4.728086371154196854e+01,-1.529171606269377759e-03,4.024906452786482447e+01,2.942104261426300438e-01,nan,6.087456435922604214e+00,1.000000000000000000e+00
2.193000000000000000e+03,9.087595421150001584e+01,1.821925744133080372e+01,-1.578996057675539954e-03,4.162496530447669585e+01,2.698431923620990824e-01,nan,1.460244538340148246e+01,1.000000000000000000e+00
2.198000000000000000e+03,8.426026739834628643e+01,3.123709517136443381e+01,-1.661100792172534807e-03,4.389228515988317270e+01,1.725975965577524196e-01,nan,1.460244538340148246e+01,1.000000000000000000e+00
2.200000000000000000e+03,2.965619020768215464e+01,5.122204855476218199e+01,-2.296890475035465173e-03,6.144959876243152053e+01,1.261242676662120976e-01,nan,1.308018054992952806e+01,1.000000000000000000e+00
2.201000000000000000e+03,7.580087312060547333e+01,4.519869234849579698e+01,-4.901234318791957215e-03,1.333684782695669071e+02,5.350581713810176332e-02,nan,1.632444630861201418e+01,1.000000000000000000e+00
2.201000000000000000e+03,4.179861190275276073e+01,2.931203194733619100e+01,-1.660032847782260280e-03,4.386279390660315158e+01,2.904958975084822592e-01,nan,1.313413958433853068e+01,1.000000000000000000e+00
2.201000000000000000e+03,5.286823223862320020e+01,2.224314743557820861e+01,2.688184662586518350e-03,-7.225517637223575207e+01,3.635924180742011735e-01,nan,8.422083294466677472e+00,1.000000000000000000e+00
2.202000000000000000e+03,1.443481777176685057e+02,2.124495364874225345e+01,-1.461655492987388614e-03,3.838460902305188682e+01,2.128984186532583145e-01,nan,1.005296020931081280e+01,1.000000000000000000e+00
2.202000000000000000e+03,4.946700250136584209e+00,4.562734947885873282e+01,-1.222558632348161138e-03,3.178195616979264315e+01,3.397409085304704535e-01,nan,1.238832430476303337e+01,1.000000000000000000e+00
2.203000000000000000e+03,1.012506068726122663e+02,1.122881054252867195e+01,-1.521078546769689564e-03,4.002557492513916770e+01,2.477681501719365409e-01,nan,3.789741232610562616e+00,1.000000000000000000e+00
2.203000000000000000e+03,1.796531772993635201e+01,3.440242251020101349e+01,-1.198294198211657512e-03,3.111189452675899858e+01,3.371067148074774478e-01,nan,1.031826525585371002e+01,1.000000000000000000e+00
2.204000000000000000e+03,2.172683150363224058e+01,7.368975322980654497e+00,-1.472448155717983546e-03,3.868264809049054520e+01,3.004786711025175805e-01,nan,2.688949703395412172e+01,1.000000000000000000e+00
2.204000000000000000e+03,1.102037744803100168e+02,1.315504647989511078e+01,-2.174714005366441133e-03,5.807569910559523407e+01,1.839970421625171104e-01,nan,9.158034456035325732e+00,1.000000000000000000e+00
2.206000000000000000e+03,2.926177453278235419e+01,5.127404021012011981e+01,3.115171237402289579e-03,-8.404639821836735791e+01,1.566304425887291574e-01,nan,2.030422173122598295e+01,1.000000000000000000e+00
2.207000000000000000e+03,1.061959122483663123e+02,5.291290045109919760e+01,-1.507994166167339785e-03,3.966425013531856081e+01,3.160300730988073736e-01,nan,2.986969618835371776e+01,1.000000000000000000e+00
2.210000000000000000e+03,2.686417772424000461e+01,5.646682421478447012e+00,-1.811649580195967687e-03,4.804968556296715576e+01,2.347605804620079839e-01,nan,1.436778783039127561e+01,1.000000000000000000e+00
2.210000000000000000e+03,1.194954733362788168e+01,2.772637976716177377e+01,-1.762625477917778138e-03,4.669588640424890258e+01,2.812192401285896759e-01,nan,1.879563573084748285e+01,1.000000000000000000e+00
2.210000000000000000e+03,6.509516105535531949e+01,4.931908811244572632e+01,-1.596936388006027236e-03,4.212038700482155917e+01,2.537086034941172796e-01,nan,1.669034049479429882e+01,1.000000000000000000e+00
2.212000000000000000e+03,1.126359848098550600e+02,1.324719127333581881e+01,-1.414644894758045708e-03,3.708641272008683387e+01,3.511247399871018082e-01,nan,1.031833296288987079e+01,1.000000000000000000e+00
2.212000000000000000e+03,1.107738377973041111e+02,2.339610272416182468e+01,1.690264139320219990e-03,-4.469763014325290129e+01,2.872754930459175959e-01,nan,1.031833296288987079e+01,1.000000000000000000e+00
2.212000000000000000e+03,2.677233679581647507e+01,4.177236200074057137e+01,-1.496382471841932373e-03,3.934359353420781247e+01,2.937591706997449981e-01,nan,9.750314318445624906e+00,1.000000000000000000e+00
2.213000000000000000e+03,1.312479096193611099e+02,4.404546725008231789e+01,-1.648602525705789978e-03,4.354714589487222298e+01,2.992517529008669186e-01,nan,2.385860188931676973e+01,1.000000000000000000e+00
2.213000000000000000e+03,3.886132697355629517e+01,1.355248643048153134e+01,3.093523001969801858e-03,-8.344858282646215741e+01,3.153200134155298429e-01,nan,1.436778783039127561e+01,1.000000000000000000e+00
2.214000000000000000e+03,5.670322863195481489e+01,3.489192844627270063e+01,1.539848891281091377e-03,-4.054391744295193689e+01,3.610444229537888017e-01,nan,1.172511798925910220e+01,1.000000000000000000e+00
2.215000000000000000e+03,1.444654769983923472e+02,2.418271827886287539e+01,-2.023110179825855434e-03,5.388916387215713399e+01,1.907420543506779254e-01,nan,2.222334944450418348e+01,1.000000000000000000e+00
2.217000000000000000e+03,7.521085140937141489e+01,4.251343625099236334e+01,-1.794942338509047724e-03,4.758831556965434828e+01,2.680013467619201117e-01,nan,1.014417169283080788e+01,1.000000000000000000e+00
2.218000000000000000e+03,2.423585432683760033e+01,1.854022053238253420e+01,-1.816167542174559413e-03,4.817444895161690255e+01,2.921663874333866318e-01,nan,1.520155111474318588e+01,1.000000000000000000e+00
2.218000000000000000e+03,5.850380903039935987e+01,1.632351718852239486e+01,-1.747441884195672377e-03,4.627659190517448451e+01,2.582851392275588021e-01,nan,1.330059044182288908e+01,1.000000000000000000e+00
2.218000000000000000e+03,2.128048325533706731e+01,3.345172408245714024e+01,-1.496906742585680985e-03,3.935807125554985930e+01,3.174215235510962074e-01,nan,8.797831794575174058e+00,1.000000000000000000e+00
2.219000000000000000e+03,1.247578676725770208e+02,1.391201259748045160e+01,-1.619880629145188308e-02,4.453505997443414799e+02,1.594240709056160554e-02,nan,2.222334944450418348e+01,1.000000000000000000e+00
2.219000000000000000e+03,7.348819695723301493e+01,3.251660270370562245e+01,-1.469966399840865129e-03,3.861411447411708053e+01,3.719251442094164695e-01,nan,8.055046269539188231e+00,1.000000000000000000e+00
2.221000000000000000e+03,8.533186102196820855e+01,2.657031381912748813e+01,-1.872738701243980512e-03,4.973665986414535212e+01,3.117648127938539293e-01,nan,1.325257446601064082e+01,1.000000000000000000e+00
2.221000000000000000e+03,3.997943413228237830e+01,3.829683973224246785e+01,-1.137758562441930268e-03,2.944020470544448287e+01,3.440718326235610025e-01,nan,7.229995031552985729e+00,1.000000000000000000e+00
2.221000000000000000e+03,1.543640149388492944e+01,4.002808726062030331e+01,-1.371755223786498990e-03,3.590201570350311755e+01,2.737530468910815973e-01,nan,8.797831794575174058e+00,1.000000000000000000e+00
2.221000000000000000e+03,1.080590565846929252e+02,4.530090931049341663e+01,-1.345902088706718352e-03,3.518808213012267316e+01,3.399998128762028449e-01,nan,6.277669542351982379e+00,1.000000000000000000e+00
2.222000000000000000e+03,8.786476204689398273e+00,2.369196715161976741e+01,-1.299561635307511405e-02,3.568946027496039619e+02,2.772024504381276344e-02,nan,9.199255486901481760e+00,1.000000000000000000e+00
2.224000000000000000e+03,7.104974101929796859e+01,2.079454166853199482e+01,-1.438935552368999192e-03,3.775719852360479223e+01,2.466763729070181599e-01,nan,5.529938077855581113e+00,1.000000000000000000e+00
2.224000000000000000e+03,1.024559731380261383e+02,4.813191456881816777e+01,-1.358530053549615200e-03,3.553680301201923442e+01,3.430745903366435590e-01,nan,6.277669542351982379e+00,1.000000000000000000e+00
2.225000000000000000e+03,4.308924717031261054e+01,3.176982732036687551e+01,-1.599038095199730586e-03,4.217842558785489615e+01,2.529824948432679577e-01,nan,7.229995031552985729e+00,1.000000000000000000e+00
2.225000000000000000e+03,6.253673523661759504e+01,5.273264333538679693e+01,1.427244298626319675e-03,-3.743434489149977651e+01,3.292198682403784105e-01,nan,3.154013303414602731e+00,1.000000000000000000e+00
2.226000000000000000e+03,9.609456121735578904e+01,5.324985894342334269e+00,-1.562970281346361037e-03,4.118241395719987707e+01,2.961435198527176960e-01,nan,2.121972489067218959e+01,1.000000000000000000e+00
2.227000000000000000e+03,8.299189701452729651e+01,2.201620859442424560e+01,1.580821835664419006e-03,-4.167538411054324143e+01,2.712341492253964592e-01,nan,8.920454691468370001e+00,1.000000000000000000e+00
2.227000000000000000e+03,9.246533167349861060e+01,3.070069712388579219e+01,-1.504301585719957767e-03,3.956227963364985101e+01,3.337868086598075879e-01,nan,4.960430781088155605e+00,1.000000000000000000e+00
2.227000000000000000e+03,1.692336875792511108e+01,1.940043116896924147e+01,-1.180310946746309340e-03,3.061528756052316069e+01,2.698262922691750942e-01,nan,8.632620297080810801e+00,1.000000000000000000e+00
2.227000000000000000e+03,6.568852994738595896e+01,5.285092274732674866e+01,-1.503911895510576420e-03,3.955151834985055359e+01,3.685457468076573928e-01,nan,3.154013303414602731e+00,1.000000000000000000e+00
2.228000000000000000e+03,8.379638930108232131e+00,1.816478808828464153e+01,1.220186774906118279e-03,-3.171645739550777776e+01,3.218248166566423096e-01,nan,8.632620297080810801e+00,1.000000000000000000e+00
2.228000000000000000e+03,1.224129708587813923e+02,1.926656245530895006e+01,-1.547943663117788519e-03,4.076745433181429945e+01,3.053934846676559234e-01,nan,3.158758040238768050e+00,1.000000000000000000e+00
2.229000000000000000e+03,2.020929405432224613e+01,9.529025761733437960e+00,-2.244134616344911366e-03,5.999274725891086746e+01,1.541695016784424555e-01,nan,1.040393914666492314e+01,1.000000000000000000e+00
2.229000000000000000e+03,6.917135290700362305e+01,1.559340013570399819e+01,-1.237798093643232514e-03,3.220279345026979456e+01,2.684102928600451410e-01,nan,5.529938077855581113e+00,1.000000000000000000e+00
2.229000000000000000e+03,2.778891505142508223e+01,3.962020645124260199e+01,-1.294711131550388243e-03,3.377444533695994267e+01,3.011473586145987369e-01,nan,1.348780248666976433e+01,1.000000000000000000e+00
2.230000000000000000e+03,3.981176064327921438e+01,1.246621916076416348e+01,3.506292506475919193e-03,-9.484720068944625382e+01,2.347374442598971767e-01,nan,1.695035762944484858e+01,1.000000000000000000e+00
2.230000000000000000e+03,1.728453983172400399e+01,3.115977400584449342e+01,-1.947480431014860435e-03,5.180065055816731245e+01,2.640807840889765057e-01,nan,1.176488795100566698e+01,1.000000000000000000e+00
2.231000000000000000e+03,5.619782819232965210e+01,8.129006456268870195e+00,-2.441206073724255018e-03,6.543486982330976787e+01,1.809043394898447454e-01,nan,1.496761559246653661e+01,1.000000000000000000e+00
2.231000000000000000e+03,1.358565840721236668e+02,5.350641787628801893e+01,-1.609135285187623119e-03,4.245725919572922180e+01,2.891627273180501501e-01,nan,2.606074297317109512e+01,1.000000000000000000e+00
2.232000000000000000e+03,9.705864328726411827e+01,1.109711880032617692e+01,-7.072631767717096722e-03,1.933315556741608816e+02,3.097757310526261243e-02,nan,1.605778993059261595e+01,1.000000000000000000e+00
2.232000000000000000e+03,9.099102995120250625e+01,2.596442137540982387e+01,-1.816786934195088396e-03,4.819155344425096388e+01,2.388304411845578734e-01,nan,4.960430781088155605e+00,1.000000000000000000e+00
2.233000000000000000e+03,9.764599898516568999e+01,4.771604566094165989e+01,-1.482559853543791682e-03,3.896188233188699712e+01,2.658614881161558419e-01,nan,2.274690686449362431e+01,1.000000000000000000e+00
2.236000000000000000e+03,7.313270268530635576e+01,5.968381207036073555e+00,1.029383802880159526e-03,-2.644743887184569786e+01,3.354142054727877742e-01,nan,7.426496816580113958e+00,1.000000000000000000e+00
2.237000000000000000e+03,5.009015229691966908e+01,3.740270615406395649e+01,-1.193480143972721350e-03,3.097895455895064742e+01,3.529252513439319339e-01,nan,1.003778780418543271e+01,1.000000000000000000e+00
2.238000000000000000e+03,2.354964366767542217e+01,5.537318371249063453e+00,-1.453557206224293571e-03,3.816097506959926022e+01,2.843356459165378158e-01,nan,1.245770778142243529e+01,1.000000000000000000e+00
2.238000000000000000e+03,6.574988719115572167e+01,6.772676144235039608e+00,-1.646116598487488286e-03,4.347849708703328986e+01,2.341248398233952699e-01,nan,7.426496816580113958e+00,1.000000000000000000e+00
2.240000000000000000e+03,5.210777240790581288e+01,6.726875426733295527e+00,-1.300031135347881877e-03,3.392135708711408881e+01,3.374852407265719334e-01,nan,1.364219166648414294e+01,1.000000000000000000e+00
2.241000000000000000e+03,1.271112603695411707e+02,5.166738946704475666e+01,-1.167027617239054481e-02,3.202953722028671564e+02,1.956980369280414411e-02,nan,2.713028390787208011e+01,1.000000000000000000e+00
2.241000000000000000e+03,6.096175386436631527e+01,2.062692856967504085e+01,-1.243963283340651345e-03,3.237304498447110745e+01,3.587954952974152789e-01,nan,1.465832633771405646e+01,1.000000000000000000e+00
2.242000000000000000e+03,8.291081934641017881e+01,5.169683276564521890e+01,-1.753746938633008162e-03,4.645070580010113304e+01,2.532484605012862433e-01,nan,2.549072857105760903e+01,1.000000000000000000e+00
2.243000000000000000e+03,4.376949006902818695e+01,4.056797589404894211e+01,-1.999534538086265509e-02,5.501919162894054125e+02,1.527907944947848318e-02,nan,2.632905814497384966e+01,1.000000000000000000e+00
2.243000000000000000e+03,1.045192980850245767e+01,9.419822649792724434e+00,-1.307105890919045815e-03,3.411672625646734502e+01,3.322485153758982790e-01,nan,1.366103758173885474e+01,1.000000000000000000e+00
2.243000000000000000e+03,1.018312136910282248e+02,1.299435957477226822e+01,-1.440556161530339623e-03,3.780195159846547881e+01,2.812735131091421703e-01,nan,1.933933816905586767e+01,1.000000000000000000e+00
2.243000000000000000e+03,1.248187769867192145e+02,2.335676729512340088e+01,-1.457753181910205866e-03,3.827684681614050533e+01,2.392673904036928256e-01,nan,1.342212031995287091e+01,1.000000000000000000e+00
2.244000000000000000e+03,1.040255842132340121e+02,3.741593826627737940e+01,-1.250784044406757795e-03,3.256140010295374054e+01,3.682365982379207647e-01,nan,2.451996671641505898e+01,1.000000000000000000e+00
2.244000000000000000e+03,9.889024370993766411e+00,4.531534219010848119e+01,-1.827104243485627461e-03,4.847646564026646843e+01,1.995946071972448665e-01,nan,1.150903873059792382e+01,1.000000000000000000e+00
2.246000000000000000e+03,1.210073458772579471e+02,1.048717884866861105e+01,-1.720112370718296759e-03,4.552188818527974234e+01,2.278918522728609064e-01,nan,1.342212031995287091e+01,1.000000000000000000e+00
2.249000000000000000e+03,1.566486074701937703e+01,2.618500603763165913e+01,-1.653801510923456203e-03,4.369071572046384233e+01,2.955512068799966974e-01,nan,8.920216513831258354e+00,1.000000000000000000e+00
2.250000000000000000e+03,1.354159688517572704e+02,1.390848549666212719e+01,-1.422039041129931000e-03,3.729060185711364994e+01,3.281078549948932555e-01,nan,1.480924559864122081e+01,1.000000000000000000e+00
2.250000000000000000e+03,9.054050960591122532e+01,2.051630021916593449e+01,-1.603496668786030289e-03,4.230154896777860074e+01,3.406327084829524621e-01,nan,1.538307604388617911e+01,1.000000000000000000e+00
2.252000000000000000e+03,8.340392415845776952e+01,6.888821482320280687e+00,-1.563368170513578176e-03,4.119340165498136486e+01,2.684472756497999768e-01,nan,1.538307604388617911e+01,1.000000000000000000e+00
2.252000000000000000e+03,2.908479457791399270e+01,4.485622470661720484e+01,-1.837127831172370978e-03,4.875326672273502737e+01,2.484928916519474340e-01,nan,6.715713435909560047e+00,1.000000000000000000e+00
2.252000000000000000e+03,3.115287329575691544e+01,5.293207826098914381e+01,-1.616648411843471045e-03,4.266473396983754185e+01,2.596615311804038040e-01,nan,8.336447697602181961e+00,1.000000000000000000e+00
2.253000000000000000e+03,5.415184090415169749e+01,5.777341697730483006e+00,1.248654453058605255e-03,-3.250259149980620066e+01,3.650577270524902884e-01,nan,9.181942099458916928e+00,1.000000000000000000e+00
2.253000000000000000e+03,8.492311867353284072e+01,4.332030505745928650e+01,-1.377779002292522925e-03,3.606836217176651616e+01,3.100323168796651485e-01,nan,2.050667464091398173e+01,1.000000000000000000e+00
2.256000000000000000e+03,6.224117201053429937e+01,2.971979168985510000e+01,-1.586175229860337793e-02,4.360428635338623735e+02,1.134578491902615838e-02,nan,1.251113971671080272e+01,1.000000000000000000e+00
2.256000000000000000e+03,4.920203417404398039e+01,1.351087090840760929e+01,-1.821745010972817104e-03,4.832847059027967873e+01,2.204650480779698496e-01,nan,9.181942099458916928e+00,1.000000000000000000e+00
2.257000000000000000e+03,2.353572642620966349e+01,4.107354713629788279e+01,-1.250569732447745887e-03,3.255548188443813729e+01,3.504082454738598473e-01,nan,5.325041613918709338e+00,1.000000000000000000e+00
2.258000000000000000e+03,3.745806399748153837e+01,1.523359279169931035e+01,-3.305921656081946877e-03,8.931396548289964699e+01,1.157824510966219966e-01,nan,6.983588919736511968e+00,1.000000000000000000e+00
2.258000000000000000e+03,8.668565215765521259e+01,2.288951504469541476e+01,-1.433398282988867156e-03,3.760428699070449454e+01,2.608528025568499498e-01,nan,2.050667464091398173e+01,1.000000000000000000e+00
2.258000000000000000e+03,1.138117723169367501e+01,2.886012451221460751e+01,-1.159964481193093708e-03,3.005342050597665349e+01,3.041879278292221045e-01,nan,1.513858257887605063e+01,1.000000000000000000e+00
2.258000000000000000e+03,1.393177309780335236e+02,3.983718620794337539e+01,-1.364790436008439696e-03,3.570968329155842014e+01,3.337348551285390652e-01,nan,1.269238127869073196e+01,1.000000000000000000e+00
2.259000000000000000e+03,1.391998850430597656e+02,1.532715089652063156e+01,-1.178997252334293856e-03,3.057900992753954483e+01,3.318969758686204363e-01,nan,6.206867819702832634e+00,1.000000000000000000e+00
2.260000000000000000e+03,6.023385920779233516e+00,4.734481266285505541e+01,-1.844653310527063182e-03,4.896108261626269353e+01,2.759884348114801655e-01,nan,1.497390396509585031e+01,1.000000000000000000e+00
2.262000000000000000e+03,1.388353308664847816e+02,2.715397554754524734e+01,-1.703992400915849007e-03,4.507673568797788732e+01,2.577828411681339915e-01,nan,1.183244188972596511e+01,1.000000000000000000e+00
2.263000000000000000e+03,4.388605686893243529e+01,1.250386352958501845e+01,-7.696197212185965086e-03,2.105512972889562775e+02,3.716047299410529803e-02,nan,6.983588919736511968e+00,1.000000000000000000e+00
2.263000000000000000e+03,1.403914650665363126e+02,9.235735200730839978e+00,-1.456189409798475196e-03,3.823366329475188508e+01,2.971278611188788998e-01,nan,6.206867819702832634e+00,1.000000000000000000e+00
2.263000000000000000e+03,1.136184473143400595e+02,3.024910117676071053e+01,-1.253564119792491011e-03,3.263817180388203099e+01,3.492561645844678431e-01,nan,6.533536972510779250e+00,1.000000000000000000e+00
2.264000000000000000e+03,5.911726866998235153e+01,1.610722464285245437e+01,-2.093399393965574701e-03,5.583019847651038958e+01,1.754769551522596949e-01,nan,1.565164605532115161e+01,1.000000000000000000e+00
2.264000000000000000e+03,3.254432254918040002e+01,4.416334681956412567e+01,-2.061538646577561369e-03,5.495036486394841546e+01,1.566811874065330290e-01,nan,1.133758652661101785e+01,1.000000000000000000e+00
2.264000000000000000e+03,1.276720856326840021e+02,5.026363871136587136e+01,-1.320631164388500053e-03,3.449022628999121309e+01,3.125163936674065779e-01,nan,8.006394649892637716e+00,1.000000000000000000e+00
2.265000000000000000e+03,1.870458564605223373e+01,3.938208866389281582e+01,-2.429345159966396755e-03,6.510733103481956618e+01,1.459306503782292763e-01,nan,1.464236139080650467e+01,1.000000000000000000e+00
2.268000000000000000e+03,7.446291036976545286e+01,8.704989249627368864e+00,1.135436799473586158e-03,-2.937608928859398816e+01,3.213175374012789964e-01,nan,1.703765852442277762e+01,1.000000000000000000e+00
2.269000000000000000e+03,9.331573601675820839e+01,8.778801889923013135e+00,-1.385891697771096101e-03,3.629239402147803872e+01,2.853626848420627304e-01,nan,1.885297014217588085e+01,1.000000000000000000e+00
2.271000000000000000e+03,1.863676779800903560e+01,3.929288732935531669e+01,2.485913005454615243e-03,-6.666945044289947475e+01,1.031628118952250261e-01,nan,1.110189157547841887e+01,1.000000000000000000e+00
2.271000000000000000e+03,5.760916391034385242e+01,2.307807814727568640e+01,-1.657484988690199456e-03,4.379243485187143392e+01,2.651286783378873357e-01,nan,2.124598118803987035e+01,1.000000000000000000e+00
2.271000000000000000e+03,8.395981722215644538e+01,5.024349001233100154e+01,-1.406075432611448737e-03,3.684976727212129077e+01,3.336620456058061457e-01,nan,1.348007986625761312e+01,1.000000000000000000e+00
2.272000000000000000e+03,1.161215913546333525e+02,4.731112943232650281e+01,-1.547550712076228461e-03,4.075660300022921945e+01,3.038627709275674160e-01,nan,1.312143178258531506e+01,1.000000000000000000e+00
2.272000000000000000e+03,1.270185169662261586e+02,1.302156478136536144e+01,-1.238396029014692673e-03,3.221930541816381321e+01,2.832366173584599522e-01,nan,1.250111702893702770e+01,1.000000000000000000e+00
2.275000000000000000e+03,7.578305781790568574e+00,3.831186011794265767e+01,-1.725148627345731486e-03,4.566096426558450361e+01,2.269913726050698521e-01,nan,1.110189157547841887e+01,1.000000000000000000e+00
2.275000000000000000e+03,1.291261339702328996e+02,3.749345435432029205e+01,-1.330164628069033629e-03,3.475349261228181774e+01,3.019158955076304274e-01,nan,6.969570181369594941e+00,1.000000000000000000e+00
2.276000000000000000e+03,1.370486710656791161e+02,2.048306166285009411e+01,-1.331178364883802345e-03,3.478148692494067973e+01,3.288817894944784381e-01,nan,1.250111702893702770e+01,1.000000000000000000e+00
2.276000000000000000e+03,9.739467452120608471e+01,4.914023910938258410e+01,-1.283794712514208002e-03,3.347298874274155622e+01,3.539714355743003305e-01,nan,1.348007986625761312e+01,1.000000000000000000e+00
2.277000000000000000e+03,1.201792869322845974e+02,3.113015309564967481e+01,-1.237904928235291540e-03,3.220574368442259328e+01,3.643247249830164902e-01,nan,1.097896510737889919e+01,1.000000000000000000e+00
2.280000000000000000e+03,1.418671463096083869e+02,7.064674832390125836e+00,-2.115717400128665909e-03,5.644650956766326999e+01,1.944635491509396630e-01,nan,1.425730720747156965e+01,1.000000000000000000e+00
2.280000000000000000e+03,4.996698466262404992e+01,3.249070471288415263e+01,-1.215753187022069028e-03,3.159402399502510050e+01,3.507822762559308361e-01,nan,1.947429363048319573e+01,1.000000000000000000e+00
2.280000000000000000e+03,1.349504571637725689e+02,3.366563933132974995e+01,-1.476415307206260449e-03,3.879220086346863638e+01,2.539453475577689856e-01,nan,6.969570181369594941e+00,1.000000000000000000e+00
2.281000000000000000e+03,4.822943830566938317e+01,1.309408013375410640e+01,1.324411694761269296e-03,-3.459462552629177878e+01,3.539572971844785476e-01,nan,3.998033752019824583e+00,1.000000000000000000e+00
2.282000000000000000e+03,2.747526174762344553e+01,2.423892629519065167e+01,-1.269197533567909594e-03,3.306988807064724512e+01,3.022635677023136624e-01,nan,2.355723754103248879e+01,1.000000000000000000e+00
2.284000000000000000e+03,9.615868299230831440e+01,8.629930498553559204e+00,-2.058907631356824471e-03,5.487770945514160559e+01,1.894646924539775679e-01,nan,1.106570422110947405e+01,1.000000000000000000e+00
2.284000000000000000e+03,8.511125037832862006e+01,1.991770884080304072e+01,-1.209104340672764212e-03,3.141041629644740851e+01,3.535182172428736891e-01,nan,4.795467908597990991e+00,1.000000000000000000e+00
2.285000000000000000e+03,5.024835767055004965e+01,9.643248570145189547e+00,-1.767886120648099781e-03,4.684115890025940843e+01,2.636459703350396699e-01,nan,3.998033752019824583e+00,1.000000000000000000e+00
2.287000000000000000e+03,1.057502806158933453e+02,3.811802140442500075e+01,-1.298656413907492294e-03,3.388339419451667567e+01,2.919462688475861212e-01,nan,1.200265141920374568e+01,1.000000000000000000e+00
2.288000000000000000e+03,8.795559583348004651e+01,1.605685253757798847e+01,-1.146398335943893442e-03,2.967879179944370804e+01,3.448107407976902516e-01,nan,4.795467908597990991e+00,1.000000000000000000e+00
2.288000000000000000e+03,6.090229267254664336e+01,5.105641163212045797e+01,-1.239525603711234001e-03,3.225049859055908286e+01,3.610801682702030613e-01,nan,2.718495667970682206e+01,1.000000000000000000e+00
2.289000000000000000e+03,1.338077752802131499e+02,3.499089882109034733e+01,-1.259290501895291752e-03,3.279630567911915051e+01,3.395948378178669236e-01,nan,8.252199819905655431e+00,1.000000000000000000e+00
2.291000000000000000e+03,1.047310382519745104e+02,5.007731846129698283e+01,-1.836923541396676823e-02,5.052869368432766350e+02,1.613520806585921896e-02,nan,1.200265141920374568e+01,1.000000000000000000e+00
2.291000000000000000e+03,3.538726341661001129e+01,2.192841446532640148e+01,-1.356455245045185432e-03,3.547950723550793128e+01,3.375854961986115566e-01,nan,6.749179691607882781e+00,1.000000000000000000e+00
2.291000000000000000e+03,8.808372935899706135e+01,4.109554967733108555e+01,-1.454850910972986218e-03,3.819670068861154988e+01,2.978964549700777731e-01,nan,1.791571120353581392e+01,1.000000000000000000e+00
2.292000000000000000e+03,1.443339586468399034e+02,4.873339227215075908e+01,-2.072919373282568374e-03,5.526464330093868682e+01,1.764932820650370049e-01,nan,1.731059393898106791e+01,1.000000000000000000e+00
2.292000000000000000e+03,3.372067754853246413e+01,5.063018525154286209e+01,-1.558281729776161712e-03,4.105293974193888573e+01,2.528123174413843266e-01,nan,6.145096025958173058e+00,1.000000000000000000e+00
2.293000000000000000e+03,7.871266998510162693e+01,1.113544208755199527e+01,-1.289857388363998235e-03,3.364040936002186299e+01,3.028350945927620330e-01,nan,9.462336809256964187e+00,1.000000000000000000e+00
2.295000000000000000e+03,3.687800468195842996e+01,7.650565570459506581e+00,-1.561565987374598750e-03,4.114363442000862392e+01,2.938798744681149211e-01,nan,1.435546162911052015e+01,1.000000000000000000e+00
2.296000000000000000e+03,3.095972531460207833e+01,4.514025374648728928e+01,-1.742533189014006589e-03,4.614103843048495435e+01,2.192643284534787629e-01,nan,6.145096025958173058e+00,1.000000000000000000e+00
2.298000000000000000e+03,1.425195879631158391e+02,1.173126144884571076e+01,-1.200103804311353217e-02,3.294293516438343090e+02,1.539175833723682718e-02,nan,2.480842932942027090e+01,1.000000000000000000e+00
2.298000000000000000e+03,1.434845178620471700e+02,4.092810685614038846e+01,-1.229272787896611456e-03,3.196736738000544875e+01,3.163183515199231577e-01,nan,9.830049706773372975e+00,1.000000000000000000e+00
2.299000000000000000e+03,1.220730323026081550e+02,4.412188908554940525e+01,-2.052993241674142856e-03,5.471438375605362125e+01,1.868607306886551633e-01,nan,8.065860056029658054e+00,1.000000000000000000e+00
2.300000000000000000e+03,2.464623225281751573e+01,1.787650986005219877e+01,-1.091004586871415416e-03,2.814909502973999977e+01,3.627042222093060930e-01,nan,4.904355441876125710e+00,1.000000000000000000e+00
2.300000000000000000e+03,1.353097337614238143e+02,3.546891441166374648e+01,-1.378380688130208644e-03,3.608497770867628418e+01,3.636910366713563825e-01,nan,8.745415269736644959e+00,1.000000000000000000e+00
2.301000000000000000e+03,2.476022438337921017e+01,3.113491636864657863e+01,-2.165339596800105494e-03,5.781682508565764778e+01,1.594186078247752381e-01,nan,8.559471823363328014e+00,1.000000000000000000e+00
2.301000000000000000e+03,5.889356998438334756e+01,4.864746048584801486e+01,-1.265314541362555500e-02,3.474372777162697048e+02,1.756445695157882181e-02,nan,1.047616923347076856e+01,1.000000000000000000e+00
2.301000000000000000e+03,9.621414303785097388e+01,6.064429222069766645e+00,-1.213332473730899036e-03,3.152717606788739246e+01,3.239673663639532908e-01,nan,1.111516488623882992e+01,1.000000000000000000e+00
2.301000000000000000e+03,9.839475831391892768e+01,1.939421578524386547e+01,-1.316872667011600648e-03,3.438643549423084522e+01,2.799204344012334866e-01,nan,1.350697200715236868e+01,1.000000000000000000e+00
2.301000000000000000e+03,3.986647114805152370e+01,4.416407920159814182e+01,-1.355374357769359613e-03,3.544965856481981348e+01,2.821527697099578402e-01,nan,8.960080249850365774e+00,1.000000000000000000e+00
2.302000000000000000e+03,1.149335918520122846e+02,4.787508618880020350e+01,-1.620207726663699509e-03,4.276302434508797035e+01,2.521413491174008259e-01,nan,5.831203735805971178e+00,1.000000000000000000e+00
2.302000000000000000e+03,1.272474173506966508e+02,3.208050145963704125e+01,-1.385147282983185913e-03,3.627183702875858984e+01,3.118700112561391125e-01,nan,8.745415269736644959e+00,1.000000000000000000e+00
2.302000000000000000e+03,9.634661606938423972e+01,3.481225097658919765e+01,-1.078498937965390904e-03,2.780375189888304277e+01,3.693160815494477278e-01,nan,1.100231230172408914e+01,1.000000000000000000e+00
2.303000000000000000e+03,2.734067901830388081e+01,1.377862517057885583e+01,-1.425634205132492649e-03,3.738988220649166294e+01,2.904214794057430327e-01,nan,4.904355441876125710e+00,1.000000000000000000e+00
2.304000000000000000e+03,6.901782960197527927e+01,5.133994799815272359e+01,-1.729340190609525560e-03,4.577671416321727094e+01,2.157928404390178079e-01,nan,1.047616923347076856e+01,1.000000000000000000e+00
2.305000000000000000e+03,1.612711062218850699e+01,3.293272047747032616e+01,-1.183231617058217323e-03,3.069594178624905467e+01,3.095359882306887300e-01,nan,7.736698450937870675e+00,1.000000000000000000e+00
2.307000000000000000e+03,9.383624867099840117e+01,5.027147238382418948e+01,-1.537697289432724945e-03,4.048450102048108334e+01,3.160838250174438091e-01,nan,4.363764909825053273e+00,1.000000000000000000e+00
2.308000000000000000e+03,1.219551929613263468e+02,1.266817823767790685e+01,-2.284457221343239464e-03,6.110625482329825076e+01,1.491576322217844641e-01,nan,4.265885994310893992e+00,1.000000000000000000e+00
2.308000000000000000e+03,1.629252294711612237e+01,7.233061969707428318e+00,1.407793091109665233e-03,-3.689720036159746996e+01,3.300492786307019921e-01,nan,7.880148764062004929e+00,1.000000000000000000e+00
2.308000000000000000e+03,8.686810165566863873e+01,1.838993933359343913e+01,-1.256067481846622532e-03,3.270730207420537283e+01,3.150559884333895555e-01,nan,7.110746831525544209e+00,1.000000000000000000e+00
2.309000000000000000e+03,2.080686089237663339e+01,2.677184064343536818e+01,-1.153681036858882850e-03,2.987990337341934577e+01,3.350463027972629959e-01,nan,7.736698450937870675e+00,1.000000000000000000e+00
2.309000000000000000e+03,5.316017359518432528e+01,2.498563349004384193e+01,-1.241607134226246694e-03,3.230797999519715091e+01,3.146528968557742445e-01,nan,5.981191834343964508e+00,1.000000000000000000e+00
2.311000000000000000e+03,4.736061361032110995e+01,1.010067908719258511e+01,-1.250092588066627252e-03,3.254230555622962129e+01,3.250928427931274456e-01,nan,1.597487914173336243e+01,1.000000000000000000e+00
2.311000000000000000e+03,1.164731188696072195e+02,9.575173972610638629e+00,-1.522815914671169597e-03,4.007355228921328916e+01,2.993237901302092663e-01,nan,6.294427037532678071e+00,1.000000000000000000e+00
2.313000000000000000e+03,1.007206111643544375e+02,4.415119300711535288e+01,-1.558402256801778808e-03,4.105626809224619933e+01,2.407565723794892198e-01,nan,1.019892988107908671e+01,1.000000000000000000e+00
2.313000000000000000e+03,9.373176603325244116e+01,1.653175962916824204e+01,-1.704717364747169658e-03,4.509675554309678347e+01,3.502752017886385794e-01,nan,7.110746831525544209e+00,1.000000000000000000e+00
2.313000000000000000e+03,1.090503524832010385e+01,2.196787504177788009e+01,-1.446829415905240539e-03,3.797518733559277848e+01,3.181744653394883438e-01,nan,3.002453287693473971e+00,1.000000000000000000e+00
2.314000000000000000e+03,1.221483656371220263e+02,4.488414412988598912e+01,-1.204452968601233895e-03,3.128196879196093150e+01,3.344925189090676154e-01,nan,1.829483014629414583e+01,1.000000000000000000e+00
2.315000000000000000e+03,5.130695330040265389e+01,4.878932291039777880e+01,-1.407674155845880072e-03,3.689391596774685667e+01,2.688308257030472825e-01,nan,1.427696834164699879e+01,1.000000000000000000e+00
2.316000000000000000e+03,1.356139320900687828e+01,5.294146097394789763e+01,1.302793201531053137e-03,-3.399763146443736161e+01,2.925463288490880442e-01,nan,2.373029098416260396e+01,1.000000000000000000e+00
2.317000000000000000e+03,7.045348691426620746e+01,1.439700917343523834e+01,1.496969674258729699e-03,-3.935980911187095188e+01,2.928331376406878572e-01,nan,8.482620235633151040e+00,1.000000000000000000e+00
2.317000000000000000e+03,1.059140795614260213e+02,2.186033172974838834e+01,-1.406083514619199280e-03,3.684999045653028560e+01,2.584130338019470230e-01,nan,1.151601267392489802e+01,1.000000000000000000e+00
2.318000000000000000e+03,3.705158099977413855e+01,4.957429781373159017e+01,-1.653284889665688432e-03,4.367644923945469770e+01,2.411829719684736029e-01,nan,1.159790935877322582e+01,1.000000000000000000e+00
2.318000000000000000e+03,1.348925114880116816e+01,2.043929598772729150e+01,-1.223915398002509321e-03,3.181942321388070027e+01,3.484121512934902354e-01,nan,3.002453287693473971e+00,1.000000000000000000e+00
2.319000000000000000e+03,1.203962871467737585e+02,7.862001609851337669e+00,-1.786406306408245713e-03,4.735259329143123352e+01,1.920848406796686891e-01,nan,1.765428757899019985e+01,1.000000000000000000e+00
2.319000000000000000e+03,7.933275367289498092e+01,3.145530630199895938e+01,-1.442439681968129975e-03,3.785396496057947502e+01,3.361305994080497905e-01,nan,1.553134421018249256e+01,1.000000000000000000e+00
2.319000000000000000e+03,5.806884998866517833e+01,9.403504393177547271e+00,-1.142952228236332425e-03,2.958362763531735951e+01,3.618886229191173864e-01,nan,1.209462842333829968e+01,1.000000000000000000e+00
2.320000000000000000e+03,1.188257655201371961e+02,3.219388232570172903e+01,-1.330274560446817423e-03,3.475652839169732289e+01,3.567204866453609347e-01,nan,6.812639818682286297e+00,1.000000000000000000e+00
2.320000000000000000e+03,6.402411688155507363e+01,1.993036683804079345e+01,-1.483669459939479475e-03,3.899252408023490801e+01,2.308217602700256554e-01,nan,8.482620235633151040e+00,1.000000000000000000e+00
2.321000000000000000e+03,1.154155804445600921e+02,5.286980761740156254e+01,-2.780852803007462584e-02,7.659527279283987582e+02,1.217742845524094619e-02,nan,2.095526780830160618e+01,1.000000000000000000e+00
2.322000000000000000e+03,1.400406303006996325e+02,6.902210459283479871e+00,-1.086032974933698022e-03,2.801180411066182074e+01,3.699171968300507540e-01,nan,6.417391758416354008e+00,1.000000000000000000e+00
2.325000000000000000e+03,1.393369854862308159e+02,1.328090946112243564e+01,-1.421171624659187376e-03,3.726664817649982808e+01,3.071498860995063307e-01,nan,6.417391758416354008e+00,1.000000000000000000e+00
2.327000000000000000e+03,4.440858522165470390e+01,1.089980747299941477e+01,-1.360219095579763690e-03,3.558344585856192310e+01,3.344229756845299439e-01,nan,1.237247918253985013e+01,1.000000000000000000e+00
2.328000000000000000e+03,3.450314584302230259e+01,2.603094469260405575e+01,-1.298393238344748134e-03,3.387612660900503414e+01,2.936211718564247786e-01,nan,1.633773284122631964e+01,1.000000000000000000e+00
2.329000000000000000e+03,8.690408836668984804e+01,7.098377173161127374e+00,-1.080832949649444038e-03,2.786820556366162904e+01,3.259724970585982096e-01,nan,1.095129396768805208e+01,1.000000000000000000e+00
2.331000000000000000e+03,2.352919074180677228e+01,1.392748139370523575e+01,-1.301127453296622039e-03,3.395163187538598493e+01,3.616694615479399966e-01,nan,1.588166135740620710e+01,1.000000000000000000e+00
2.332000000000000000e+03,7.800721814579893021e+01,3.171542541677991878e+01,-1.317282462055891943e-03,3.439775197246149929e+01,3.418547281627610790e-01,nan,1.839948987680428161e+01,1.000000000000000000e+00
2.334000000000000000e+03,2.440329717096710382e+01,2.978506965364659820e+01,-1.553044226945761615e-03,4.090830625359177475e+01,2.217841661114245966e-01,nan,1.588166135740620710e+01,1.000000000000000000e+00
2.334000000000000000e+03,1.215913259908580244e+02,8.884237800342253522e+00,-1.471875695405416070e-03,3.866683961560699601e+01,3.058438855623573094e-01,nan,2.263584207737273957e+01,1.000000000000000000e+00
2.334000000000000000e+03,3.805828879071279403e+01,5.328092294947578722e+01,-1.390629469874646784e-03,3.642322746033611480e+01,2.472910621919004459e-01,nan,2.717561256410703763e+01,1.000000000000000000e+00
2.336000000000000000e+03,5.366822562897672810e+01,1.376319328330992953e+01,-1.704137866772600625e-03,4.508075272338172113e+01,3.336933562220729677e-01,nan,4.021756686558486393e+00,1.000000000000000000e+00
2.337000000000000000e+03,9.601849335219012005e+01,6.739764972115359853e+00,-1.589383411912778177e-03,4.191181178965828735e+01,3.453084978464394661e-01,nan,4.424768842387353018e+00,1.000000000000000000e+00
2.338000000000000000e+03,4.876884009766445871e+01,2.424766950033829715e+01,-1.477789992953262334e-03,3.883016277039418185e+01,1.889525059952499308e-01,nan,8.534438466608341045e+00,1.000000000000000000e+00
2.340000000000000000e+03,1.249145843946425174e+02,3.468832760232708523e+01,-2.195548412112197090e-03,5.865104064198369116e+01,2.096522161026314057e-01,nan,1.800850770494432140e+01,1.000000000000000000e+00
2.340000000000000000e+03,1.189559118763399681e+02,5.573057298878723032e+00,-1.482770800847123434e-03,3.896770763553384143e+01,3.048952189404524615e-01,nan,9.444593540763118966e+00,1.000000000000000000e+00
2.341000000000000000e+03,5.492906355097544946e+01,3.509469278981373463e+01,-2.849204426081338327e-03,7.670173245845052179e+01,9.644405418154355925e-02,nan,1.247422411363309358e+01,1.000000000000000000e+00
2.341000000000000000e+03,6.866745184924297973e+01,4.221523161142342673e+01,-1.814618201673016875e-03,4.813166395872393366e+01,2.601379632660273389e-01,nan,1.547402294634543196e+01,1.000000000000000000e+00
2.342000000000000000e+03,4.098700203842704326e+01,5.307593119510726609e+01,-1.416304161365401250e-03,3.713223331919500936e+01,3.155685844313929067e-01,nan,1.605487248733988181e+01,1.000000000000000000e+00
2.343000000000000000e+03,1.053064342002980709e+02,4.917551027503601091e+01,-1.011964056060765671e-02,2.774746148782771229e+02,3.256850995701521256e-02,nan,1.276818567420100869e+01,1.000000000000000000e+00
2.343000000000000000e+03,2.691063619205484869e+01,5.054929685315886267e+00,-1.186238360815566710e-03,3.077897292766767023e+01,3.068570810560921069e-01,nan,1.231811675760264713e+01,1.000000000000000000e+00
2.343000000000000000e+03,1.321925580280431518e+02,1.376957875331241432e+01,-1.595263570455675078e-03,4.207419219681661104e+01,2.615477298677417739e-01,nan,7.463291665839949296e+00,1.000000000000000000e+00
2.343000000000000000e+03,4.938537918748576772e+01,1.573552996370906953e+01,-1.301840812161875584e-03,3.397133125970442791e+01,3.275991896407809412e-01,nan,3.636695565948368181e+00,1.000000000000000000e+00
2.344000000000000000e+03,1.028617989361076752e+02,3.529013974054678471e+01,-2.925669362825974226e-03,7.881330946293932982e+01,9.555257450655141316e-02,nan,6.982438043729039201e+00,1.000000000000000000e+00
2.345000000000000000e+03,2.201786497808138776e+01,3.840609788401130942e+01,-1.250357300121773471e-03,3.254961557193426103e+01,3.243325459750551198e-01,nan,7.523926815803227086e+00,1.000000000000000000e+00
2.345000000000000000e+03,2.587783824959798906e+01,4.764710994302316749e+01,-1.409484515620326945e-03,3.694390900027024571e+01,3.209462686629491746e-01,nan,9.782807771211984971e+00,1.000000000000000000e+00
2.346000000000000000e+03,1.260852828833478156e+02,2.664849776555473682e+01,-1.357469831180321655e-03,3.550752500212404072e+01,3.486117949290575835e-01,nan,6.059052338152577377e+00,1.000000000000000000e+00
2.347000000000000000e+03,6.707565915062998840e+01,4.741735509549286576e+01,-1.358986421073615607e-03,3.554940558792265648e+01,3.703941821086650377e-01,nan,2.059118273893140483e+01,1.000000000000000000e+00
2.347000000000000000e+03,9.806368147283122028e+01,1.271254239691966248e+01,-1.592523233927416485e-03,4.199851788328182067e+01,2.186859240381935354e-01,nan,7.460854860019878743e+00,1.000000000000000000e+00
2.347000000000000000e+03,8.742162541422247912e+00,2.159365323816714266e+01,-1.790470830711269473e-03,4.746483501185681320e+01,2.673411499000287739e-01,nan,1.935935952759799861e+01,1.000000000000000000e+00
2.348000000000000000e+03,3.469259743917315575e+01,4.340407467115872464e+01,-1.258304654513589830e-03,3.276908153234335686e+01,3.407592989427110641e-01,nan,9.782807771211984971e+00,1.000000000000000000e+00
2.349000000000000000e+03,7.411034391732141557e+01,2.806509381105000145e+01,-1.092797045453438275e-02,2.997966213916257630e+02,1.515696238582098232e-02,nan,1.830881890303946591e+01,1.000000000000000000e+00
2.349000000000000000e+03,9.711353595166117714e+01,5.312435726682891435e+00,-1.948810074036488134e-03,5.183736861154156372e+01,2.217846112126867775e-01,nan,7.460854860019878743e+00,1.000000000000000000e+00
2.349000000000000000e+03,1.309421731414436181e+02,2.302596657075650555e+01,-1.201171969264410496e-03,3.119136409069090021e+01,3.110447855823205154e-01,nan,6.059052338152577377e+00,1.000000000000000000e+00
2.349000000000000000e+03,1.466977324804597060e+01,4.002320105219446589e+01,-1.038502723807143520e-03,2.669925760805255166e+01,3.731209741785379563e-01,nan,7.523926815803227086e+00,1.000000000000000000e+00
2.353000000000000000e+03,8.228731752623815510e+01,1.168370338705441291e+01,-1.004603992414008530e-02,2.754421354426413586e+02,2.861823677445451963e-02,nan,1.613721798819267050e+01,1.000000000000000000e+00
2.354000000000000000e+03,1.439225474367734989e+02,2.173865813359521937e+01,-1.403132704325878947e-03,3.676850391609420399e+01,3.490623647344568425e-01,nan,1.304405151244226424e+01,1.000000000000000000e+00
2.354000000000000000e+03,4.447655180975370826e+01,4.093251584379726893e+01,-1.719128654457724665e-03,4.549472288935197639e+01,2.038433194226045853e-01,nan,9.827746176304705372e+00,1.000000000000000000e+00
2.354000000000000000e+03,4.228179525421661822e+01,2.809488223902245352e+01,-1.286427437270169652e-03,3.354569136031388155e+01,3.725828677459531724e-01,nan,3.212824905978714618e+00,1.000000000000000000e+00
2.355000000000000000e+03,6.600354001947317784e+01,3.976882026025847949e+01,-1.754074022931169331e-03,4.645973822348275917e+01,2.541058701052389956e-01,nan,1.539117175666995685e+01,1.000000000000000000e+00
2.355000000000000000e+03,6.084847250279349140e+01,1.200002576901039930e+01,-1.353616720097497667e-03,3.540112145162606794e+01,3.588549089328351149e-01,nan,1.149608389698355815e+01,1.000000000000000000e+00
2.355000000000000000e+03,1.387114269536733779e+01,3.385170584925099746e+01,-1.266461506449113525e-03,3.299433276132943860e+01,3.457909619852034266e-01,nan,1.445451695378232237e+01,1.000000000000000000e+00
2.355000000000000000e+03,9.075285334416192029e+01,5.140715148627598552e+01,-1.105523674048456339e-03,2.855003919989729511e+01,3.713667455365901038e-01,nan,1.645481968286507879e+01,1.000000000000000000e+00
2.355000000000000000e+03,6.628006762897837412e+00,2.134290725662229704e+01,-1.307411562459510684e-03,3.412516736716789723e+01,2.590847335004162755e-01,nan,1.445451695378232237e+01,1.000000000000000000e+00
2.358000000000000000e+03,7.434898193091936491e+01,5.270101911992625077e+01,6.973523058794681498e-03,-1.905946715594973284e+02,2.768959102339829670e-02,nan,1.539117175666995685e+01,1.000000000000000000e+00
2.358000000000000000e+03,2.884312432894351730e+01,4.953238272256283636e+01,-1.289627587536271375e-03,3.363406341684714107e+01,3.518938632470248740e-01,nan,1.784269500748808568e+01,1.000000000000000000e+00
2.358000000000000000e+03,1.203181528305958636e+02,6.015017394749953006e+00,-1.234528202640153066e-03,3.211249550531305630e+01,3.246771381953883484e-01,nan,1.123878297813020133e+01,1.000000000000000000e+00
2.361000000000000000e+03,1.437993910008909992e+01,1.694935900461274869e+01,-1.700394904330823588e-03,4.497739092440297526e+01,1.719547446193916418e-01,nan,1.798247160466840455e+01,1.000000000000000000e+00
2.361000000000000000e+03,7.881137559596521669e+01,2.344017989351048570e+01,-1.277013028614301920e-03,3.328571273906712236e+01,3.615522515260463088e-01,nan,6.175240212987128885e+00,1.000000000000000000e+00
2.362000000000000000e+03,9.597533462899379231e+01,2.840220102634076937e+01,-1.470072818202175502e-03,3.861705321406986258e+01,2.511940772066721950e-01,nan,1.208126457098293116e+01,1.000000000000000000e+00
2.362000000000000000e+03,1.107359519531740233e+02,4.782668071712434710e+01,-1.515713322613557526e-03,3.987741441609629334e+01,3.446567843368008033e-01,nan,1.324561351213922933e+01,1.000000000000000000e+00
2.363000000000000000e+03,1.622124899940957476e+01,3.569867374012996208e+01,-2.319954710994583027e-03,6.208651696770020578e+01,2.009519275265009286e-01,nan,5.369150010167001774e+00,1.000000000000000000e+00
2.363000000000000000e+03,1.315262259511065395e+02,6.845282265014395406e+00,-1.266376259496465595e-03,3.299197866921117139e+01,3.705398739603211755e-01,nan,1.123878297813020133e+01,1.000000000000000000e+00
2.365000000000000000e+03,1.426816238903046496e+02,2.206897133635850494e+01,-1.516856217298891574e-03,3.990897541959471084e+01,3.468488246972203370e-01,nan,1.663301073874063718e+01,1.000000000000000000e+00
2.366000000000000000e+03,9.768642290829680519e+01,5.009737863183498519e+01,1.669138001368146614e-03,-4.411423245808597216e+01,3.297051396700523274e-01,nan,6.868414725197734327e+00,1.000000000000000000e+00
2.367000000000000000e+03,5.557269339477432624e+01,2.606989881070774473e+01,-1.206141604817703283e-03,3.132860043197067412e+01,3.348404508666296131e-01,nan,1.623446586317423979e+01,1.000000000000000000e+00
2.368000000000000000e+03,1.286576989111936768e+02,3.101249270186821150e+01,-1.644398173046862470e-03,4.343104281846478187e+01,2.838055678164297380e-01,nan,1.360220459852879671e+01,1.000000000000000000e+00
2.369000000000000000e+03,1.187120082954774247e+01,3.890508149922910519e+01,-1.552319542760426802e-03,4.088829412088865212e+01,3.133618760495083810e-01,nan,7.755126007210543015e+00,1.000000000000000000e+00
2.369000000000000000e+03,3.244177859322097390e+01,5.222829687088509587e+01,-1.577857250545616373e-03,4.159351717870206500e+01,2.677042329705695556e-01,nan,1.876684659161178814e+01,1.000000000000000000e+00
2.369000000000000000e+03,5.250721899650503133e+01,1.012747902649289067e+01,-1.443962812853969487e-03,3.789602617569701692e+01,2.796082577884633213e-01,nan,9.995795815732449796e+00,1.000000000000000000e+00
2.370000000000000000e+03,8.627202682304175596e+01,3.356498391936585790e+01,-1.536619730087563892e-03,4.045474425050149136e+01,2.905869591602414648e-01,nan,1.462406229520934353e+01,1.000000000000000000e+00
2.370000000000000000e+03,1.781408355678192734e+01,3.093304179354336725e+01,-1.192679073316314266e-03,3.095683301607029492e+01,3.590771380435381355e-01,nan,4.631075108605385182e+00,1.000000000000000000e+00
2.370000000000000000e+03,1.008792577457291628e+02,3.286355481714069526e+01,-1.290961026353877605e-03,3.367088629101694863e+01,3.317691636974787750e-01,nan,1.462406229520934353e+01,1.000000000000000000e+00
2.372000000000000000e+03,1.230248929845587327e+02,1.863139956220141613e+01,-1.705815167970946289e-02,4.690813976500299987e+02,1.443805827615274318e-02,nan,1.360220459852879671e+01,1.000000000000000000e+00
2.374000000000000000e+03,5.296573068375425208e+01,5.324367740646088265e+01,-1.770354868870721706e-03,4.690933331063223477e+01,2.131983408902144994e-01,nan,2.054905367764003543e+01,1.000000000000000000e+00
2.374000000000000000e+03,6.249584977506962957e+01,9.749075591880652425e+00,-1.017886996709522172e-03,2.612995490378780516e+01,3.539682023432687563e-01,nan,9.995795815732449796e+00,1.000000000000000000e+00
2.379000000000000000e+03,4.910799923602863970e+01,1.018786413795658952e+01,-8.228939065097190877e-03,2.252629480641727753e+02,2.933792952508085250e-02,nan,1.339503928489452278e+01,1.000000000000000000e+00
2.380000000000000000e+03,1.294344434822974392e+02,7.068050143202700752e+00,-1.431621812743921317e-03,3.755522981655271764e+01,3.735688730101723865e-01,nan,1.455126803421429393e+01,1.000000000000000000e+00
2.380000000000000000e+03,4.096795826752913428e+01,3.551914919073813337e+01,-1.271631562581834480e-03,3.313710371108158625e+01,3.250043747852360276e-01,nan,1.135795493727873584e+01,1.000000000000000000e+00
2.381000000000000000e+03,2.475927535743329955e+01,2.676847780492328255e+01,1.407157874898876679e-03,-3.687965888440957940e+01,3.115442223908830854e-01,nan,1.388832894383184779e+01,1.000000000000000000e+00
2.381000000000000000e+03,2.586010818083382645e+01,4.665202153257978068e+01,-1.298764079560178102e-03,3.388636737838452007e+01,3.579665194042579435e-01,nan,1.876667207636458201e+01,1.000000000000000000e+00
2.382000000000000000e+03,6.929418579858611338e+01,1.896252666172630086e+01,-1.797772128908815912e-03,4.766646014924942421e+01,1.765478863378954211e-01,nan,1.128562216866120949e+01,1.000000000000000000e+00
2.382000000000000000e+03,9.829729039922521849e+01,2.634292247969408152e+01,-1.898770571581958992e-03,5.045552920648304251e+01,2.129449833630411293e-01,nan,1.417971045720877044e+01,1.000000000000000000e+00
2.383000000000000000e+03,1.425882042204311517e+02,1.329042749012395497e+01,-1.901317385743872415e-03,5.052585940549913346e+01,2.218435316345396258e-01,nan,4.775437176125091554e+00,1.000000000000000000e+00
2.383000000000000000e+03,5.065864798261372215e+01,2.959515786704359286e+01,-1.452769909721917611e-03,3.813923389958190313e+01,2.524087646499784121e-01,nan,1.135795493727873584e+01,1.000000000000000000e+00
2.383000000000000000e+03,1.404321232157319344e+02,4.071370863281220664e+01,-1.635506774582143764e-03,4.318550710843669549e+01,2.958086668763331151e-01,nan,8.414366667175123382e+00,1.000000000000000000e+00
2.383000000000000000e+03,6.592753683395550013e+01,4.480839811539767936e+01,-2.365027916604755653e-03,6.333121222982913423e+01,1.955519859031226160e-01,nan,6.421114201108711228e+00,1.000000000000000000e+00
2.384000000000000000e+03,8.854780576951819171e+01,1.604672230169724045e+01,-1.240291651305652993e-03,3.227165297260116006e+01,3.425156078056597053e-01,nan,1.008828839920713349e+01,1.000000000000000000e+00
2.384000000000000000e+03,1.318711421017639793e+02,2.335280713486755744e+01,-1.304323614592930612e-03,3.403989377663441473e+01,3.114339596964870172e-01,nan,1.077868262035103442e+01,1.000000000000000000e+00
2.384000000000000000e+03,1.413246954559933783e+02,4.908060060089584198e+01,-1.130594893081745015e-03,2.924238018439314857e+01,3.405745396671716607e-01,nan,8.414366667175123382e+00,1.000000000000000000e+00
2.386000000000000000e+03,3.869918810066991455e+01,1.172380818599442698e+01,-1.666171078912559575e-03,4.403230098075746213e+01,3.113439345732352814e-01,nan,6.639838776902412754e+00,1.000000000000000000e+00
2.386000000000000000e+03,1.191270556047525275e+02,1.117592199838308886e+01,-1.393679002701682943e-03,3.650744022066976413e+01,2.521617851013830958e-01,nan,1.693680596315745746e+01,1.000000000000000000e+00
2.387000000000000000e+03,2.646013238656384559e+01,2.865772601026665711e+01,-1.747059593492337332e-03,4.626603495851947656e+01,2.191213177590871641e-01,nan,1.441419414306651703e+01,1.000000000000000000e+00
2.387000000000000000e+03,1.149845348735081956e+02,3.404516829284479229e+01,-1.220784408862720955e-03,3.173296103983927452e+01,3.267564996114611375e-01,nan,8.407835572809320368e+00,1.000000000000000000e+00
2.389000000000000000e+03,7.978090302028674330e+01,1.105523164147405346e+01,-1.702977880306527159e-03,4.504871973085523962e+01,2.109829687107390717e-01,nan,1.008828839920713349e+01,1.000000000000000000e+00
2.389000000000000000e+03,6.588259715001039751e+01,4.481479765234631429e+01,2.606167218848700826e-03,-6.999026704860540349e+01,1.205425529911422489e-01,nan,9.234322344748106204e+00,1.000000000000000000e+00
2.389000000000000000e+03,5.736108724312900620e+01,4.837240612906722248e+01,-1.874169830816674320e-03,4.977618046567590682e+01,2.559271265602328649e-01,nan,9.234322344748106204e+00,1.000000000000000000e+00
2.390000000000000000e+03,8.383426994579009772e+01,2.194723198474497394e+01,-1.559005995953244381e-03,4.107294033135628553e+01,2.348737399996022601e-01,nan,1.162176642815447281e+01,1.000000000000000000e+00
2.391000000000000000e+03,1.208533900705327113e+02,2.802451735662899424e+01,-1.321628412222708047e-03,3.451776525993141576e+01,3.090872615761393050e-01,nan,8.407835572809320368e+00,1.000000000000000000e+00
2.392000000000000000e+03,1.427370041257233311e+02,1.528649196296576562e+01,-1.565549845614401699e-03,4.125364854944424309e+01,2.372119287652418862e-01,nan,3.014555371627117619e+00,1.000000000000000000e+00
2.392000000000000000e+03,4.519988868107255797e+01,4.564258728269290799e+01,-1.391720208851857836e-03,3.645334818547148359e+01,3.368202537063343938e-01,nan,5.917642201318336959e+00,1.000000000000000000e+00
2.394000000000000000e+03,1.189213786144551932e+02,4.794825699839660160e+01,-1.331312179191044675e-03,3.478518220314365550e+01,3.583681887684107004e-01,nan,1.865562778993401238e+01,1.000000000000000000e+00
2.395000000000000000e+03,8.168343260363513991e+01,4.760914909469381939e+01,-1.351173564372150793e-03,3.533365377732122425e+01,2.997261893334085547e-01,nan,6.161930608655800334e+00,1.000000000000000000e+00
2.397000000000000000e+03,1.726533265305956277e+01,2.305226039310507247e+01,-1.420680807400068581e-03,3.725309427216296143e+01,3.671421771282217250e-01,nan,2.157081192976104944e+01,1.000000000000000000e+00
2.397000000000000000e+03,5.767634528155110729e+01,3.793364746351095107e+01,-5.547621718637498443e-03,1.512184475183926509e+02,5.645701848227324682e-02,nan,1.060653767013169357e+01,1.000000000000000000e+00
2.397000000000000000e+03,1.029457275028967160e+02,3.831440938706712984e+01,-1.940229564930203224e-03,5.160041810210549329e+01,1.869867537551994641e-01,nan,1.733295081499629120e+01,1.000000000000000000e+00
2.398000000000000000e+03,1.193877429737601545e+02,2.324304773602114338e+01,-1.469149573961253414e-03,3.859155785120611881e+01,2.462093094083500633e-01,nan,1.388065515919633519e+01,1.000000000000000000e+00
2.399000000000000000e+03,4.256349275307599811e+01,3.771620139788434045e+01,-2.030967418748071650e-03,5.410614129649392368e+01,2.320620503562913495e-01,nan,1.503377633746051600e+01,1.000000000000000000e+00
2.400000000000000000e+03,3.858433636052875215e+01,1.976592379591412296e+01,-1.874169481837357348e-02,5.155723924642959446e+02,1.309424168707018499e-02,nan,1.838603142562699233e+01,1.000000000000000000e+00
2.400000000000000000e+03,7.911888239547116086e+01,2.068067616732119163e+01,-1.600042747691877466e-03,4.220616903720874546e+01,2.504202069258278929e-01,nan,1.885088277048408045e+01,1.000000000000000000e+00
2.401000000000000000e+03,6.799083376872087570e+01,4.040548253000810064e+01,-1.790477266987444043e-03,4.746501274943619819e+01,2.710127399290522821e-01,nan,1.060653767013169357e+01,1.000000000000000000e+00
2.403000000000000000e+03,5.759422227879705503e+01,3.801885778622755652e+01,5.435096376324349658e-03,-1.481110634628197147e+02,8.081552121598944982e-02,nan,1.066702902124305297e+01,1.000000000000000000e+00
2.403000000000000000e+03,1.214252276164943538e+02,6.889874851562477254e+00,-1.925470225621520037e-03,5.119283937631978887e+01,2.478471175146539363e-01,nan,1.647961186006429557e+01,1.000000000000000000e+00
2.404000000000000000e+03,2.161035411600451539e+01,3.805721456552626591e+01,-1.545546484364740229e-03,4.070125631026240143e+01,3.110068083266418482e-01,nan,2.095591345479463996e+01,1.000000000000000000e+00
2.405000000000000000e+03,8.132269108394902446e+01,4.738154093068848738e+01,1.540818410350635421e-03,-4.057069068386233113e+01,2.787787089097110149e-01,nan,8.076549135787333356e+00,1.000000000000000000e+00
2.406000000000000000e+03,1.070331296134874606e+02,1.877862771386856267e+01,-1.421471329007501470e-02,3.905599292117005348e+02,1.830146674069887958e-02,nan,1.141484725412671608e+01,1.000000000000000000e+00
2.406000000000000000e+03,4.754915419374784236e+00,1.722085817905410465e+01,-1.638709240629450305e-03,4.327394311520058068e+01,2.586827241508725672e-01,nan,2.680036494378243006e+01,1.000000000000000000e+00
2.406000000000000000e+03,4.302203260369729065e+01,1.932027927226392805e+01,-5.592418543432153485e-03,1.524555105323386499e+02,4.426897582070121739e-02,nan,1.051415978692698694e+01,1.000000000000000000e+00
2.407000000000000000e+03,5.466489955225067376e+01,2.767093723831944629e+01,-1.940449165742072534e-03,5.160648237213894873e+01,3.456161768904512099e-01,nan,8.263725046448424649e+00,1.000000000000000000e+00
2.407000000000000000e+03,8.719148549316071239e+01,4.183285657084310571e+01,-1.648323305182533257e-03,4.353943522824263823e+01,3.456167055645593678e-01,nan,6.123985167781722971e+00,1.000000000000000000e+00
2.408000000000000000e+03,5.881504773343883130e+01,1.365523480203254714e+01,-1.781387368638167679e-03,4.721399547086871706e+01,2.227037082250971078e-01,nan,6.298714620883386850e+00,1.000000000000000000e+00
2.408000000000000000e+03,9.588600727658128164e+01,2.123635053003225082e+01,-1.339897566285309059e-03,3.502226741807591992e+01,3.511590734363734256e-01,nan,1.141484725412671608e+01,1.000000000000000000e+00
2.408000000000000000e+03,8.108276183670075454e+01,1.888117164488405209e+01,-1.481238852547317204e-03,3.892540292778603117e+01,2.544596027646087721e-01,nan,1.000793716634812647e+01,1.000000000000000000e+00
2.410000000000000000e+03,5.273052742855949049e+01,1.528385953930051677e+01,-1.813964395208058061e-03,4.811360911220776160e+01,2.314514175292546883e-01,nan,6.298714620883386850e+00,1.000000000000000000e+00
2.410000000000000000e+03,1.360411167231648051e+02,3.204490891930652907e+01,-9.673067868760649828e-04,2.473318388018476455e+01,3.561375771416277480e-01,nan,7.836397468065282368e+00,1.000000000000000000e+00
2.411000000000000000e+03,6.885208279420099586e+01,3.629390903815063751e+01,-1.714279118795208022e-03,4.536080310306330432e+01,3.745983516735000851e-01,nan,7.024272580617886064e+00,1.000000000000000000e+00
2.411000000000000000e+03,1.011808309515925117e+02,3.845629359465463182e+01,-1.468071457018566483e-03,3.856178568318706823e+01,3.298335358295422237e-01,nan,1.179843909635051702e+01,1.000000000000000000e+00
2.412000000000000000e+03,7.563042959733259352e+01,2.727348238014157999e+01,-1.532750718307592918e-03,4.034790160271422366e+01,2.828479373513902440e-01,nan,4.417398654332528984e+00,1.000000000000000000e+00
2.413000000000000000e+03,2.456546659981827219e+01,4.879532719922754325e+01,-1.366381804610682614e-03,3.575362888922998650e+01,3.100125307242367345e-01,nan,1.114306514411294735e+01,1.000000000000000000e+00
2.414000000000000000e+03,1.384887501856518952e+02,1.678445380714378388e+01,-1.552780204863624461e-03,4.090101529147171533e+01,2.766706744160631892e-01,nan,3.676128920022109003e+00,1.000000000000000000e+00
2.414000000000000000e+03,1.433104657220787885e+02,3.497162899637031330e+01,-1.455424672719259288e-03,3.821254510254902925e+01,2.999637708106343004e-01,nan,7.836397468065282368e+00,1.000000000000000000e+00
2.414000000000000000e+03,3.529599532078343316e+01,5.179926697467023189e+01,-1.599874253536365341e-03,4.220151607600433863e+01,3.186304566110019776e-01,nan,1.114306514411294735e+01,1.000000000000000000e+00
2.415000000000000000e+03,8.967192104491249438e+01,1.611178364710951882e+01,-1.793471676941191598e-02,4.932877171103440901e+02,1.382029982164756365e-02,nan,1.793730750919515771e+01,1.000000000000000000e+00
2.415000000000000000e+03,3.929667644322407227e+01,1.291836396098336159e+01,1.822841232070072101e-03,-4.835874270400063324e+01,2.940491215804973413e-01,nan,3.179027107518109130e+00,1.000000000000000000e+00
2.416000000000000000e+03,6.372860747403616699e+01,3.046291009222437296e+01,-1.503939042480872262e-03,3.955226801264580416e+01,2.282455365010921389e-01,nan,7.762122651938147655e+00,1.000000000000000000e+00
2.416000000000000000e+03,5.038748787978632748e+01,4.531539720732935450e+01,-1.390146785657144033e-03,3.640989814970695448e+01,3.452446419297904301e-01,nan,7.855181167426110278e+00,1.000000000000000000e+00
2.417000000000000000e+03,6.416652896694119868e+00,2.208928194258728794e+01,-1.222667754151834712e-03,3.178496956522766226e+01,3.743728408881373815e-01,nan,1.863976635378231705e+01,1.000000000000000000e+00
2.418000000000000000e+03,7.606837069980801402e+01,3.990339240588257042e+01,-9.475851422137766128e-03,2.596963965417786540e+02,1.915287020835254594e-02,nan,6.778658370494428986e+00,1.000000000000000000e+00
2.418000000000000000e+03,4.088320765472052187e+01,1.016352602286747953e+01,-1.746705702562753506e-03,4.625626227079069253e+01,3.067183965873165885e-01,nan,3.179027107518109130e+00,1.000000000000000000e+00
2.418000000000000000e+03,6.663529924232275903e+01,1.401015356550324320e+01,-1.334605250583902362e-03,3.487612027388999536e+01,3.396628119356456255e-01,nan,6.810913160943630196e+00,1.000000000000000000e+00
2.419000000000000000e+03,1.549925955750506468e+01,3.912418392079386109e+01,-1.492252895692755977e-03,3.922955540894253801e+01,3.038611634746672951e-01,nan,6.781304593672263792e+00,1.000000000000000000e+00
2.421000000000000000e+03,4.762103452334064713e+01,3.250819587192978588e+01,-2.192656253769916831e-03,5.857117377346989429e+01,2.179653218307401330e-01,nan,1.266212574277987990e+01,1.000000000000000000e+00
2.423000000000000000e+03,7.899062388354073505e+01,3.378696815358955519e+01,-2.266179636125464913e-03,6.060151983904882655e+01,2.076914847067867775e-01,nan,6.778658370494428986e+00,1.000000000000000000e+00
2.423000000000000000e+03,1.424486846846541255e+02,2.789165206103795569e+01,-1.321978301705903878e-03,3.452742744783456175e+01,2.996596315247064268e-01,nan,2.246625337266297961e+01,1.000000000000000000e+00
2.425000000000000000e+03,1.359098865679490409e+01,1.697593091257382625e+01,-1.711204766374157518e-03,4.527590495036274376e+01,2.974212112263441288e-01,nan,9.390951437157136539e+00,1.000000000000000000e+00
2.426000000000000000e+03,8.611162097985919672e+01,4.237960849803152996e+01,-2.360457812492786425e-03,6.320500893768254258e+01,2.417938337812396421e-01,nan,6.039839242443886036e+00,1.000000000000000000e+00
2.426000000000000000e+03,9.657881157378058390e+01,4.535845974553817683e+01,-1.854172725323250965e-03,4.922396097902065293e+01,2.904749966840194375e-01,nan,1.088281368416496697e+01,1.000000000000000000e+00
2.426000000000000000e+03,7.978131363543251098e+01,5.135000097120895646e+01,-1.766419912576654627e-03,4.680066960700596468e+01,2.962619666806928231e-01,nan,1.097910434405924818e+01,1.000000000000000000e+00
2.428000000000000000e+03,7.914440390028700278e+01,1.726470112771320231e+01,-1.724572976646131543e-03,4.564506768825582839e+01,2.716799278244760307e-01,nan,1.385764503003776404e+01,1.000000000000000000e+00
2.428000000000000000e+03,4.485156243498361306e+01,8.122632975288254897e+00,-1.162916798938092282e-03,3.013494867464698856e+01,3.392417304034289760e-01,nan,1.819219129696393011e+01,1.000000000000000000e+00
2.428000000000000000e+03,1.376225850426869499e+02,4.983342279292044452e+01,-1.450563932862971315e-03,3.807831591277519578e+01,2.619759218039328097e-01,nan,2.246625337266297961e+01,1.000000000000000000e+00
2.429000000000000000e+03,2.733225465134682963e+01,2.780864689131774625e+01,-1.509768299757964201e-03,3.971324278282920517e+01,3.229141509706180413e-01,nan,1.545016366602177094e+01,1.000000000000000000e+00
2.429000000000000000e+03,6.276098760416255828e+01,1.836524474711765365e+01,-1.340481435101454786e-03,3.503839093845400754e+01,3.454416670214713880e-01,nan,6.011428090931707047e+00,1.000000000000000000e+00
2.430000000000000000e+03,6.299915034910307554e+01,9.395769686185968084e+00,-1.188564901161108869e-03,3.084322027165055502e+01,3.142470993241496258e-01,nan,8.972636422019620639e+00,1.000000000000000000e+00
2.431000000000000000e+03,8.119369529170332100e+01,3.887337618964954089e+01,1.110876728607717353e-03,-2.869786364587648109e+01,3.198589288528268515e-01,nan,6.039839242443886036e+00,1.000000000000000000e+00
2.431000000000000000e+03,2.638711127421611380e+01,6.292327011524834646e+00,-1.595562969643040795e-03,4.208246009666873988e+01,3.110334612624732209e-01,nan,1.855494480157125636e+01,1.000000000000000000e+00
2.433000000000000000e+03,6.512563984496915737e+01,2.389206005726608950e+01,-1.197812051048114442e-03,3.109858004685931476e+01,3.480866451298026965e-01,nan,5.193842364428527425e+00,1.000000000000000000e+00
2.434000000000000000e+03,1.278256116460779523e+01,3.300614405329898204e+01,-1.147993007916320090e-03,2.972282861958683142e+01,3.468218013597602623e-01,nan,1.545016366602177094e+01,1.000000000000000000e+00
2.435000000000000000e+03,1.342009238724691897e+02,1.630277208899999764e+01,-1.629982331366401855e-03,4.303294976969302610e+01,2.838154333310876076e-01,nan,2.054305491170614673e+01,1.000000000000000000e+00
2.436000000000000000e+03,6.075559568347234318e+01,2.108515561765648272e+01,-1.812272996656333606e-03,4.806690119039028275e+01,2.289938593898672714e-01,nan,5.193842364428527425e+00,1.000000000000000000e+00
2.436000000000000000e+03,1.038069007910941224e+02,4.958977796330395194e+01,-1.533125326874347450e-03,4.035824640739097191e+01,3.420681081403359469e-01,nan,8.764294553861338599e+00,1.000000000000000000e+00
2.436000000000000000e+03,1.122420734596503848e+02,5.196900495509875384e+01,-1.392648195622927165e-03,3.647897451316732997e+01,2.845372774617344058e-01,nan,8.764294553861338599e+00,1.000000000000000000e+00
2.437000000000000000e+03,1.026954955590475151e+02,3.361480571771391368e+01,-1.280897415676557436e-03,3.339297997482754710e+01,3.662987670429566078e-01,nan,1.479306880085963272e+01,1.000000000000000000e+00
2.439000000000000000e+03,1.282445682060125591e+02,3.596336547475628720e+01,-1.247509594246264336e-03,3.247097625699760925e+01,3.490564290994230268e-01,nan,2.054305491170614673e+01,1.000000000000000000e+00
2.442000000000000000e+03,3.333522104833424748e+01,2.536327314970553104e+01,-1.691254077224352888e-03,4.472496724968666371e+01,2.376667287933875716e-01,nan,1.313300828879012450e+01,1.000000000000000000e+00
2.442000000000000000e+03,1.032169673243500085e+02,1.883093099743307164e+01,-1.514279417221851354e-03,3.983781716040443399e+01,2.864586006367958460e-01,nan,1.479306880085963272e+01,1.000000000000000000e+00
2.444000000000000000e+03,8.370980008330487010e+01,4.353213676122732778e+01,-1.657893033230409437e-03,4.380370298998278855e+01,2.377671824894218577e-01,nan,1.148848725257116321e+01,1.000000000000000000e+00
2.446000000000000000e+03,6.229863166574243394e+01,2.554063103029652737e+01,-1.248026395412668707e-03,3.248524770617851232e+01,3.411909947513315222e-01,nan,1.270178297761790454e+01,1.000000000000000000e+00
2.447000000000000000e+03,5.710286336531310525e+01,1.395014861674886220e+01,-1.696101177572231647e-03,4.485881978483243415e+01,2.133179364161028602e-01,nan,1.270178297761790454e+01,1.000000000000000000e+00
2.448000000000000000e+03,7.608634028489744594e+01,3.493747562453578581e+01,-1.924654629519354865e-03,5.117031671367725210e+01,2.447799127354809423e-01,nan,1.148848725257116321e+01,1.000000000000000000e+00
2.449000000000000000e+03,7.222928761084071425e+01,7.292272205141193453e+00,-1.306449986215958183e-03,3.409861346716626684e+01,3.388817534576217261e-01,nan,1.652682754698938794e+01,1.000000000000000000e+00
2.449000000000000000e+03,1.075225086036089408e+02,2.858936265912631214e+01,-1.487636904635773923e-03,3.910208495014387609e+01,3.633434599292422185e-01,nan,2.278893991118483342e+01,1.000000000000000000e+00
2.449000000000000000e+03,6.512000819247015215e+01,5.034088567033467143e+01,-1.287913786046269212e-03,3.358673683854063086e+01,3.327029947011843625e-01,nan,6.533074570128166947e+00,1.000000000000000000e+00
2.452000000000000000e+03,9.098548151729870881e+01,9.099124014381825276e+00,-1.384241458889581529e-03,3.624682272275641992e+01,2.638720041915749714e-01,nan,1.884302320003900633e+01,1.000000000000000000e+00
2.452000000000000000e+03,1.293637232599475055e+02,1.889260557589189915e+01,-1.368528162649695294e-03,3.581290050405803527e+01,2.629459206643232072e-01,nan,1.263661282448429546e+01,1.000000000000000000e+00
2.454000000000000000e+03,4.319848389694566748e+01,1.595822825390636623e+01,-1.461426172362139363e-03,3.837827634065460813e+01,2.749752108633121139e-01,nan,3.029663939307183540e+01,1.000000000000000000e+00
2.458000000000000000e+03,1.280909679759224957e+02,1.595409313868968049e+01,-1.908142216979259254e-03,5.071432692158807498e+01,1.994668629815539163e-01,nan,1.190806796071390927e+01,1.000000000000000000e+00
2.460000000000000000e+03,7.195056413667661843e+01,7.103134318152835469e+00,-1.173086750093081231e-03,3.041579158003467143e+01,3.561844899996031710e-01,nan,7.022251959837888968e+00,1.000000000000000000e+00
2.461000000000000000e+03,8.379343963985475341e+01,3.491997449758542160e+01,-1.635274342373560421e-03,4.317908849975614061e+01,3.263806270500381190e-01,nan,1.120434824904476656e+01,1.000000000000000000e+00
2.462000000000000000e+03,1.147885522230014601e+02,2.036801000184415500e+01,-1.412656940020156097e-03,3.703151540781269802e+01,2.733128340660091471e-01,nan,1.401559584671308656e+01,1.000000000000000000e+00
2.463000000000000000e+03,9.460986166140145315e+01,3.784271881374996127e+01,-1.072903172571316012e-03,2.764922500025885910e+01,3.743382593424238181e-01,nan,1.120434824904476656e+01,1.000000000000000000e+00
2.463000000000000000e+03,9.538938836633841234e+00,4.636945069796588825e+01,-1.289949676909040843e-03,3.364295790550932708e+01,3.331994843110210880e-01,nan,3.071158808615755120e+01,1.000000000000000000e+00
2.463000000000000000e+03,8.513511210521693329e+01,4.946942735268515889e+01,-1.220382928464048807e-03,3.172187417030558976e+01,3.557303275746271920e-01,nan,1.461118281957627651e+01,1.000000000000000000e+00
2.464000000000000000e+03,1.209189669428612746e+02,3.902723552551490371e+01,-1.419966525396234051e-03,3.723336939539945689e+01,3.304949147371544216e-01,nan,5.372193520332797512e+00,1.000000000000000000e+00
2.465000000000000000e+03,9.880540811452405592e+01,9.569492302393445726e+00,-8.512415766350062141e-03,2.330911489253458910e+02,1.836561560291072315e-02,nan,1.928908707268714195e+01,1.000000000000000000e+00
2.465000000000000000e+03,9.501912348258576557e+00,8.813892949598665538e+00,-1.467915233109330208e-03,3.855747156447672808e+01,3.445763563281725173e-01,nan,1.569708853546817018e+01,1.000000000000000000e+00
2.469000000000000000e+03,3.595428992502084498e+01,4.372604224511359661e+01,-1.548678939636892763e-03,4.078775897150642749e+01,3.446369013099934708e-01,nan,6.944530515403210202e+00,1.000000000000000000e+00
2.470000000000000000e+03,1.412138198847477781e+02,3.297721935381962766e+01,-1.338284606691220180e-03,3.497772558579242030e+01,3.252357068099764881e-01,nan,3.040512811614900457e+01,1.000000000000000000e+00
2.471000000000000000e+03,2.683267687753793140e+01,1.093475449480687800e+01,-1.202957796572982864e-03,3.124067965988260909e+01,2.783874388402118871e-01,nan,1.278981652044224759e+01,1.000000000000000000e+00
2.471000000000000000e+03,1.157632712612000176e+02,1.119791114099698603e+01,-1.247580133191260625e-03,3.247292418791229807e+01,3.482949481196077057e-01,nan,1.585085914745019586e+01,1.000000000000000000e+00
2.472000000000000000e+03,9.118570615332640728e+01,7.756372070431387655e+00,-1.537204715047615650e-03,4.047089859316108829e+01,2.514566766191247416e-01,nan,2.481735074108426886e+01,1.000000000000000000e+00
2.473000000000000000e+03,1.301936747306971256e+02,4.639466857492601015e+00,-1.596368203016152419e-03,4.210469659284983379e+01,2.861603308531278644e-01,nan,1.585085914745019586e+01,1.000000000000000000e+00
2.474000000000000000e+03,8.964963304686698109e+00,4.017247280515474728e+01,-1.483505948269534273e-03,3.898800871022453407e+01,3.084276376544561327e-01,nan,3.605428249873479540e+00,1.000000000000000000e+00
2.475000000000000000e+03,8.151464603845933254e+01,3.783804105739825019e+01,-1.519787176914793887e-03,3.998991378415117737e+01,2.484346902506855415e-01,nan,1.067404048229199809e+01,1.000000000000000000e+00
2.480000000000000000e+03,8.576831666733606596e+01,1.588267818523634922e+01,-1.973102337856599484e-03,5.250819877047869966e+01,2.200903316629807538e-01,nan,1.358212215998750771e+01,1.000000000000000000e+00
2.480000000000000000e+03,1.367531359472052941e+02,4.851927648449535013e+01,-1.152137258028628755e-03,2.983727196591726738e+01,3.465996530583989044e-01,nan,1.028361797643792919e+01,1.000000000000000000e+00
2.482000000000000000e+03,7.236266835651530016e+01,1.806502456824068403e+01,-1.575364478317920315e-03,4.152467934612776901e+01,2.485708320533821514e-01,nan,1.358212215998750771e+01,1.000000000000000000e+00
2.483000000000000000e+03,1.213703070522666039e+01,3.196865617457065412e+01,-1.335530802554765403e-03,3.490167936464894893e+01,3.082759805814405674e-01,nan,1.105214480766376006e+01,1.000000000000000000e+00
2.483000000000000000e+03,1.183806532106524543e+02,3.785456539481568683e+01,-1.574704401162712545e-03,4.150645133468272974e+01,3.314605351264676703e-01,nan,4.905110367741584376e+00,1.000000000000000000e+00
2.483000000000000000e+03,1.298171802068329050e+01,6.129702873990781065e+00,-1.847723103654423703e-03,4.904585486420059937e+01,3.421466236104053760e-01,nan,1.326015335325334554e+01,1.000000000000000000e+00
2.485000000000000000e+03,3.552643748035487903e+01,3.107220707873299403e+01,-1.782621575891793746e-03,4.724807806828501811e+01,2.870380030145319727e-01,nan,1.505379004072548632e+01,1.000000000000000000e+00
2.485000000000000000e+03,1.507573320991205712e+01,1.922347113752267944e+01,-1.431225395513618546e-03,3.754428276626630634e+01,2.727264083537537243e-01,nan,7.272907202842293195e+00,1.000000000000000000e+00
2.485000000000000000e+03,5.728018865630906475e+01,1.947552168184972743e+01,-1.705287152722431481e-03,4.511249022146335363e+01,3.417377040599437477e-01,nan,1.374291142704575996e+01,1.000000000000000000e+00
2.485000000000000000e+03,1.324871112725919033e+02,3.916225600995822020e+01,-1.611102874421305002e-03,4.251159411519691389e+01,3.307364688541730713e-01,nan,1.028361797643792919e+01,1.000000000000000000e+00
2.487000000000000000e+03,5.558842989665897960e+01,5.837135897939223383e+00,-1.633777704993497710e-03,4.313775890203015706e+01,3.162551266707632758e-01,nan,1.374291142704575996e+01,1.000000000000000000e+00
2.490000000000000000e+03,5.077471289801805909e+01,4.048214653276867381e+01,-1.094736657973839926e-03,2.825215606469926399e+01,3.720596987726630944e-01,nan,1.791805970917410917e+01,1.000000000000000000e+00
2.492000000000000000e+03,9.487231725867279408e+01,4.612770976998501027e+01,-2.132895890766089032e-03,5.692089308703960171e+01,2.074641595920881931e-01,nan,1.710470347538961278e+01,1.000000000000000000e+00
2.492000000000000000e+03,2.010465628655536818e+01,4.686970409272632310e+01,-1.370579724267335583e-03,3.586955431846669740e+01,3.267808980090898263e-01,nan,1.547556445731474462e+01,1.000000000000000000e+00
2.496000000000000000e+03,3.549103776361755536e+01,4.521068018849195624e+01,-3.270120954044538480e-02,9.010639855508176197e+02,1.119967476399053030e-02,nan,1.547556445731474462e+01,1.000000000000000000e+00
2.496000000000000000e+03,7.754838141742216351e+01,2.110675786244047814e+01,-1.678388894404406716e-03,4.436969560025253401e+01,2.872268560823844075e-01,nan,9.656532701858846934e+00,1.000000000000000000e+00
2.497000000000000000e+03,1.120362038376087810e+02,1.764932757275517616e+01,-1.904191250944958346e-03,5.060522110945083796e+01,2.649212549503702219e-01,nan,5.967806634213069117e+00,1.000000000000000000e+00
2.497000000000000000e+03,1.147084689217470981e+02,4.596324996822677633e+01,-1.383830333170823568e-03,3.623546949798906525e+01,2.879239142850734678e-01,nan,1.919038333420904863e+01,1.000000000000000000e+00
2.498000000000000000e+03,6.081414348384554813e+01,1.183351735370820812e+01,-1.412043605331996746e-03,3.701457818823586621e+01,3.189448087672147603e-01,nan,9.531674641538343096e+00,1.000000000000000000e+00
2.498000000000000000e+03,1.416186617544170758e+02,1.834603510047141128e+01,-1.391212041277157868e-03,3.643931515267441767e+01,3.080506810651322258e-01,nan,1.598500594172032407e+01,1.000000000000000000e+00
2.498000000000000000e+03,1.338821085342494257e+02,4.516177849414302869e+01,-1.361376500250504511e-03,3.561540755488537968e+01,3.017287210194283809e-01,nan,1.919038333420904863e+01,1.000000000000000000e+00
2.500000000000000000e+03,9.094628064351248042e+01,1.620297501496056469e+01,-1.277763400569210733e-03,3.330643423877999965e+01,3.553579733938130314e-01,nan,9.514240236851154719e+00,1.000000000000000000e+00
2.501000000000000000e+03,5.852959719297927421e+01,2.658149528909176240e+01,-1.540631653843603380e-03,4.056553340835180421e+01,2.283922609129586112e-01,nan,6.410819884949030545e+00,1.000000000000000000e+00
2.502000000000000000e+03,1.495406167572300049e+01,1.699053720570906378e+01,-1.300211157723720921e-03,3.392632839978756465e+01,3.312491195099011021e-01,nan,4.087127513808206913e+01,1.000000000000000000e+00
2.502000000000000000e+03,9.830386527411373265e+01,2.223511523946278956e+01,-2.075584506269891136e-03,5.533824087087756993e+01,2.640724405067501612e-01,nan,4.821534217601726624e+00,1.000000000000000000e+00
2.505000000000000000e+03,5.350567995442039404e+01,3.056381461046326820e+01,-1.255709233706538532e-03,3.269740906223534438e+01,3.561947983124515993e-01,nan,6.410819884949030545e+00,1.000000000000000000e+00
2.507000000000000000e+03,1.010662476402469281e+02,2.618687888051986334e+01,-1.618093737732500224e-03,4.270464660223085218e+01,2.704205084328311637e-01,nan,4.821534217601726624e+00,1.000000000000000000e+00
2.508000000000000000e+03,1.090889246494216565e+02,5.628051246821650366e+00,1.332660284787386649e-03,-3.482241009998172387e+01,3.303003807710397366e-01,nan,2.005022507256225595e+01,1.000000000000000000e+00
2.509000000000000000e+03,1.188937104867537613e+02,2.311741087330471700e+01,-1.607825475366615004e-03,4.242108883561330401e+01,2.350314111238254178e-01,nan,1.414146538229808492e+01,1.000000000000000000e+00
2.509000000000000000e+03,6.614605770393994533e+01,2.722570060446196649e+01,-1.473935064444928779e-03,3.872370903174361700e+01,2.434290116045808583e-01,nan,7.637052265833016662e+00,1.000000000000000000e+00
2.509000000000000000e+03,1.080223242286669745e+02,3.216141463194043126e+01,-1.524429286323737394e-03,4.011810550047969315e+01,2.737972303363827020e-01,nan,6.836284104844525977e+00,1.000000000000000000e+00
2.510000000000000000e+03,7.199577102378992777e+01,5.201355923569865425e+00,-1.656636426687500612e-03,4.376900183684435319e+01,2.328356860107388959e-01,nan,7.408215571218807582e+00,1.000000000000000000e+00
2.511000000000000000e+03,7.176570323244111194e+01,3.239717538880173464e+01,-1.264806826128184788e-03,3.294863881238755710e+01,3.273402143715524737e-01,nan,7.637052265833016662e+00,1.000000000000000000e+00
2.515000000000000000e+03,1.033777898735605589e+02,4.319596924021653450e+01,-1.865111464095904094e-03,4.952603393211264660e+01,2.531265889383146339e-01,nan,6.025874681447816350e+00,1.000000000000000000e+00
2.515000000000000000e+03,8.686810196212717017e+01,1.003337114790771167e+01,-1.507361814805666762e-03,3.964678777085568129e+01,3.234621187785240437e-01,nan,1.563760207537127123e+01,1.000000000000000000e+00
2.515000000000000000e+03,1.251504632052864565e+02,1.595935002248232060e+01,-1.788896995903350344e-03,4.742137360940558466e+01,2.840899197572069879e-01,nan,6.291370392759082719e+00,1.000000000000000000e+00
2.515000000000000000e+03,2.395849902678893528e+01,1.749556370654824988e+01,-1.762006363117598262e-03,4.667878956704672078e+01,2.571859320752115652e-01,nan,1.711913744854314245e+01,1.000000000000000000e+00
2.515000000000000000e+03,1.206491172452564058e+02,2.670932804967054608e+01,-1.074261821269690024e-03,2.768674404455292759e+01,3.663585609141013499e-01,nan,9.376745914128926884e+00,1.000000000000000000e+00
2.516000000000000000e+03,6.190279800666326793e+01,2.568237885282651689e+01,-1.463126124757789309e-03,3.842522047662333762e+01,2.976944995495657276e-01,nan,1.193169694604337039e+01,1.000000000000000000e+00
2.517000000000000000e+03,1.299916676342597270e+02,2.590925544854774643e+01,-1.553548785431718010e-03,4.092223962150814742e+01,2.377343467896655405e-01,nan,8.085563197038869276e+00,1.000000000000000000e+00
2.517000000000000000e+03,7.552774950164902634e+01,5.061330534435293771e+01,-1.905851750052102445e-02,5.243214416181220940e+02,1.246668188307831215e-02,nan,2.396275279571322159e+01,1.000000000000000000e+00
2.518000000000000000e+03,4.445332556404030555e+01,1.520494472113072959e+01,-1.333421970260411293e-03,3.484344402216834879e+01,3.011079553493541949e-01,nan,8.972121376595936226e+00,1.000000000000000000e+00
2.519000000000000000e+03,5.335150797451723292e+01,1.267223390940213790e+01,-1.325606042414787617e-03,3.462760740201027687e+01,3.616886674509350863e-01,nan,9.251609279793861162e+00,1.000000000000000000e+00
2.519000000000000000e+03,3.423085569639126646e+01,3.119021797142798391e+01,-1.219332307386096015e-03,3.169286129979155220e+01,3.700334107521068283e-01,nan,6.340095529694776744e+00,1.000000000000000000e+00
2.520000000000000000e+03,4.116585850963810600e+01,6.856799875562352042e+00,-1.384851274312363283e-03,3.626366275792219795e+01,3.599836488650410837e-01,nan,8.972121376595936226e+00,1.000000000000000000e+00
2.520000000000000000e+03,3.970898209513093491e+01,3.438191696805771613e+01,-1.222690889114574735e-03,3.178560843655093038e+01,3.507492404772613037e-01,nan,6.340095529694776744e+00,1.000000000000000000e+00
2.521000000000000000e+03,7.070923747428359718e+01,1.504693489352548319e+01,-1.055185949401747994e-02,2.894103281548187283e+02,1.624853956847571723e-02,nan,1.380818758231122345e+01,1.000000000000000000e+00
2.522000000000000000e+03,8.243365135626277151e+01,2.766723724711884458e+01,-1.751529695896822088e-03,4.638947670642208010e+01,2.709952512707454186e-01,nan,1.676804070643134992e+01,1.000000000000000000e+00
2.522000000000000000e+03,1.300269483201022922e+02,3.765158369889643097e+01,1.258158087089451642e-03,-3.276503407718818295e+01,3.656435249432845591e-01,nan,7.724021675957397193e+00,1.000000000000000000e+00
2.522000000000000000e+03,3.652377318730133027e+01,5.285211873730037979e+01,1.756306104208415131e-03,-4.652137708304164931e+01,2.271293353365002599e-01,nan,1.874283620968427044e+01,1.000000000000000000e+00
2.523000000000000000e+03,2.317412054300880797e+01,1.088277200568433578e+01,-1.308925431038826005e-03,3.416697280396013525e+01,3.710295048463431167e-01,nan,7.998616049015899065e+00,1.000000000000000000e+00
2.523000000000000000e+03,1.128900228609933407e+02,1.532970640062459111e+01,-1.396890528548024599e-03,3.659612641352052975e+01,2.867693463933385090e-01,nan,9.412433765073828340e+00,1.000000000000000000e+00
2.524000000000000000e+03,2.338013999360127571e+01,1.887873440464246855e+01,1.609605083346747753e-03,-4.247023265823101212e+01,2.472085425626795452e-01,nan,7.998616049015899065e+00,1.000000000000000000e+00
2.524000000000000000e+03,9.915208522721011164e+00,1.646489517249710843e+01,-1.227278513262437592e-03,3.191229554397921575e+01,3.450579840381968744e-01,nan,1.367958330338120554e+01,1.000000000000000000e+00
2.525000000000000000e+03,1.058548590726530563e+02,3.873567566460067013e+01,-1.378498222875508550e-03,3.608822342724965893e+01,3.682665666213111866e-01,nan,1.027134386353615270e+01,1.000000000000000000e+00
2.525000000000000000e+03,5.845549552796958892e+01,4.095212854053666973e+01,-1.257408361671153970e-03,3.274433043156502521e+01,3.288043900964555677e-01,nan,8.982696814488543069e+00,1.000000000000000000e+00
2.527000000000000000e+03,1.688109413011667570e+01,3.269970590956094014e+01,1.308217892273712138e-03,-3.414743414153780066e+01,3.259022143818595119e-01,nan,1.527274862215196194e+01,1.000000000000000000e+00
2.527000000000000000e+03,5.344597249841532971e+01,3.349602224586864452e+01,-1.338519438144079431e-03,3.498421044953388304e+01,3.524440234844838926e-01,nan,8.982696814488543069e+00,1.000000000000000000e+00
2.527000000000000000e+03,9.560698254904038151e+01,3.804175094260988743e+01,-1.153140051590361087e-03,2.986496408096177291e+01,3.719159214804037550e-01,nan,9.152058196389322831e+00,1.000000000000000000e+00
2.528000000000000000e+03,7.015620193037185004e+01,3.708849911496388074e+01,-1.685074430799337122e-03,4.455431649337317879e+01,3.638068327153809456e-01,nan,1.232210057796028302e+01,1.000000000000000000e+00
2.529000000000000000e+03,9.692238624915277967e+01,4.709878590642821194e+01,-1.297772989787150015e-03,3.385899846312471340e+01,3.276432075768426211e-01,nan,8.784966489804427070e+00,1.000000000000000000e+00
2.529000000000000000e+03,2.885192076951552664e+01,5.044513986108756853e+01,-1.605284642028718825e-03,4.235092379687851860e+01,2.182283171689477497e-01,nan,9.825549429130788326e+00,1.000000000000000000e+00
2.530000000000000000e+03,1.280892819567305594e+02,4.925740151646320442e+01,-1.251705676281539108e-03,3.258685094037340235e+01,3.412079428907828227e-01,nan,2.048515183351252844e+01,1.000000000000000000e+00
2.533000000000000000e+03,4.908729341153867409e+01,4.117797835851166610e+01,-1.448601977123804060e-03,3.802413656209468940e+01,3.227973577072447142e-01,nan,6.732429725037437862e+00,1.000000000000000000e+00
2.534000000000000000e+03,7.965199539834594589e+01,1.247276144603169534e+01,-1.199383136458485617e-03,3.114196552477720914e+01,3.575019441972808742e-01,nan,2.131287274387258890e+01,1.000000000000000000e+00
2.534000000000000000e+03,1.331985848305254194e+02,2.941964786878693161e+01,-1.497428711319888275e-03,3.937248540696536026e+01,2.394734351990980281e-01,nan,1.977924795586876883e+01,1.000000000000000000e+00
2.535000000000000000e+03,6.607108318042838846e+01,2.921395595507181753e+01,1.254144602327337968e-03,-3.265420181220053308e+01,3.242618308433919960e-01,nan,1.204349255003732466e+01,1.000000000000000000e+00
2.535000000000000000e+03,6.320613662021314916e+00,5.157988177132047269e+01,-1.437780291094513125e-03,3.772529601710657943e+01,3.647763757757600533e-01,nan,1.275601571088544617e+01,1.000000000000000000e+00
2.537000000000000000e+03,5.093476765809511875e+01,4.765196081993974531e+01,-2.005624459795937124e-03,5.340629622204173899e+01,3.156597756813900313e-01,nan,6.732429725037437862e+00,1.000000000000000000e+00
2.538000000000000000e+03,8.320110780772465375e+01,3.457996511114979654e+01,-1.462116806280540447e-03,3.839734817622659335e+01,3.150189485533571032e-01,nan,1.267195330862524649e+01,1.000000000000000000e+00
2.540000000000000000e+03,5.667707357252636058e+01,2.167749151281184439e+01,-1.160330123933990239e-03,3.006351771963307229e+01,3.621613137457677656e-01,nan,1.204349255003732466e+01,1.000000000000000000e+00
2.547000000000000000e+03,6.733955790499847183e+01,2.747986875954843811e+01,1.449606556654496788e-03,-3.805187799662009951e+01,3.402562449649623177e-01,nan,1.435266915025106904e+01,1.000000000000000000e+00
2.548000000000000000e+03,1.570143009824464464e+01,3.312899928690458751e+01,-1.427517147491163705e-03,3.744187960496759615e+01,2.663305810433285181e-01,nan,8.074622088132169750e+00,1.000000000000000000e+00
2.549000000000000000e+03,1.410088957737955582e+02,2.323053558255259077e+01,-7.749516994452361300e-03,2.120237215256240688e+02,3.079231693656825364e-02,nan,3.196364614907596646e+01,1.000000000000000000e+00
2.549000000000000000e+03,1.143635974973038572e+02,5.575429949899828763e+00,-1.185103992726594139e-03,3.074764738587980517e+01,2.991606877376375984e-01,nan,3.196364614907596646e+01,1.000000000000000000e+00
2.550000000000000000e+03,1.183676324469693952e+02,4.882924890053598688e+01,-1.304366232481861398e-03,3.404107066839785034e+01,3.047451826588597479e-01,nan,2.566991409948749947e+01,1.000000000000000000e+00
2.551000000000000000e+03,4.291352176479054492e+01,4.304415492100307716e+01,-1.296027478238559807e-03,3.381079621247247502e+01,3.241541870761561750e-01,nan,6.836229044932028209e+00,1.000000000000000000e+00
2.553000000000000000e+03,5.452641744411225488e+01,2.010530055933861249e+01,-1.936406944021410196e-03,5.149485653687668929e+01,1.939870789666475748e-01,nan,9.094069627121308841e+00,1.000000000000000000e+00
2.555000000000000000e+03,1.390728615426262138e+02,1.643476870018017877e+01,-1.355890178044208069e-03,3.546390292670893274e+01,3.131198628257189087e-01,nan,3.844618133644586067e+01,1.000000000000000000e+00
2.555000000000000000e+03,9.300695480620323963e+01,5.280171909881446624e+01,-1.711122140956579125e-03,4.527362325185918479e+01,2.618032456648919926e-01,nan,1.485499109296877762e+01,1.000000000000000000e+00
2.556000000000000000e+03,8.129990589120596667e+01,4.365755341385212063e+01,1.146746691740168538e-03,-2.968841163462713695e+01,3.729490158840781389e-01,nan,7.418858182947615454e+00,1.000000000000000000e+00
2.557000000000000000e+03,5.927720225595800230e+01,1.235080856730805365e+01,-1.341099007492670440e-03,3.505544518207749860e+01,2.619279254413593438e-01,nan,9.094069627121308841e+00,1.000000000000000000e+00
2.557000000000000000e+03,9.805513395519470521e+01,2.608023015821567725e+01,-1.414466213217449846e-03,3.708147843453960490e+01,3.080468044226202240e-01,nan,1.697676476867249562e+01,1.000000000000000000e+00
2.558000000000000000e+03,2.059280746062035305e+01,1.546725737985587656e+01,-1.521809781307867631e-03,4.004576794564556508e+01,3.364642324529486528e-01,nan,1.521369745536652829e+01,1.000000000000000000e+00
2.558000000000000000e+03,2.877540536207172295e+01,2.829307828327526053e+01,-1.570754782450815672e-03,4.139738272881449888e+01,2.925948457553588788e-01,nan,1.521369745536652829e+01,1.000000000000000000e+00
2.558000000000000000e+03,4.985834048538379193e+01,4.918375419354212141e+01,-1.587941950388403007e-03,4.187200587158251608e+01,3.137544182840599216e-01,nan,1.815758529024887125e+01,1.000000000000000000e+00
2.559000000000000000e+03,8.594945379101278604e+01,1.417800138485679007e+01,-1.442064351998250272e-03,3.784360023437640308e+01,3.119352495783639379e-01,nan,1.294271625972765172e+01,1.000000000000000000e+00
2.559000000000000000e+03,7.940977755894776635e+01,2.534700039817854744e+01,-1.292804266308650958e-03,3.372178730876385089e+01,2.718884599702166005e-01,nan,9.902956735276475797e+00,1.000000000000000000e+00
2.561000000000000000e+03,1.205200148600174117e+02,3.530154168303430851e+01,-1.438146077786654894e-03,3.773539720597245406e+01,3.722266080706562175e-01,nan,2.039726666331421256e+01,1.000000000000000000e+00
2.562000000000000000e+03,1.029157906671839555e+02,7.194421709802254483e+00,-2.389623518687114881e-02,6.579148748386410261e+02,1.346062431988181984e-02,nan,1.834739687458579027e+01,1.000000000000000000e+00
2.562000000000000000e+03,2.019882174353175230e+01,4.372858529046448695e+01,-4.195358336399837573e-02,1.156568019615414187e+03,1.012982893568536991e-02,nan,1.765821800564246757e+01,1.000000000000000000e+00
2.563000000000000000e+03,1.293759129260587883e+02,1.692706055353750827e+01,-1.301931663630995738e-03,3.397384012038208567e+01,2.824599848203839247e-01,nan,2.039726666331421256e+01,1.000000000000000000e+00
2.565000000000000000e+03,2.898608540652580956e+01,2.749886475172093725e+01,-1.529667931075046018e-03,4.026277052293949055e+01,2.620816484607553232e-01,nan,1.845588880137420773e+01,1.000000000000000000e+00
2.567000000000000000e+03,4.961488235974378114e+01,5.876631462817952567e+00,-1.440253406382112052e-03,3.779359102385174651e+01,2.641351247069535502e-01,nan,1.024293043892127741e+01,1.000000000000000000e+00
2.569000000000000000e+03,1.122729750002801126e+02,1.209664333432532324e+01,-1.243934673503242902e-03,3.237225492464309440e+01,3.380864788092303730e-01,nan,2.037708376619708162e+01,1.000000000000000000e+00
2.569000000000000000e+03,9.199664362763913061e+01,1.412048346671418031e+01,-1.340535708763799507e-03,3.503988970406129511e+01,2.692885422248864069e-01,nan,6.877740728728781505e+00,1.000000000000000000e+00
2.569000000000000000e+03,1.345675786546032668e+02,3.673720207983138408e+01,-2.025740028758769937e-03,5.396178707395964835e+01,2.283598089945794163e-01,nan,2.055779490449612723e+01,1.000000000000000000e+00
2.569000000000000000e+03,1.102169666540987407e+02,4.778615089562368468e+01,-1.527783478476136539e-03,4.021073141922329341e+01,2.961992522996189647e-01,nan,1.269792871199489959e+01,1.000000000000000000e+00
2.570000000000000000e+03,4.699738250369581749e+01,1.577947542201315478e+01,-1.537311299393866442e-03,4.047384191678317222e+01,2.570753924494800779e-01,nan,1.024293043892127741e+01,1.000000000000000000e+00
2.573000000000000000e+03,1.352613225989158252e+02,5.679631464398037011e+00,-1.242707722979011090e-03,3.233837272159797749e+01,3.015570703133834130e-01,nan,2.386717760135219635e+01,1.000000000000000000e+00
2.573000000000000000e+03,1.140371656661784812e+02,3.567650709066354864e+01,-2.319888640548673636e-02,6.386576085206522748e+02,1.615528593735016116e-02,nan,6.319970586698437032e+00,1.000000000000000000e+00
2.574000000000000000e+03,7.197017319058880958e+01,1.615572728904119870e+01,-1.364110235025520071e-03,3.569089956119635332e+01,3.189077677509030151e-01,nan,1.786312236966593403e+01,1.000000000000000000e+00
2.576000000000000000e+03,1.028596097694620255e+02,4.796935809837155062e+01,-1.428595698401620342e-03,3.747166375699399055e+01,3.517182629386900183e-01,nan,1.661481091441995517e+01,1.000000000000000000e+00
2.577000000000000000e+03,8.343152716063752905e+01,3.257618164360465585e+01,-1.806494849903110197e-03,4.790733783583713290e+01,2.426763757469040383e-01,nan,4.930395480562042465e+00,1.000000000000000000e+00
2.578000000000000000e+03,2.463084197941432407e+01,3.716316913141442058e+01,-9.085089778489253282e-03,2.489055251163559319e+02,2.459000360537355601e-02,nan,9.233792582507103219e+00,1.000000000000000000e+00
2.578000000000000000e+03,2.265029502746736156e+01,1.718387616686749553e+01,1.851689656959872249e-03,-4.915539111837728115e+01,2.054175291121804747e-01,nan,1.228751070682543833e+01,1.000000000000000000e+00
2.579000000000000000e+03,1.036637822341829462e+01,1.748104164526423787e+01,-2.088862961969011750e-03,5.570492503885150626e+01,2.377578384348522089e-01,nan,6.048812970113565335e+00,1.000000000000000000e+00
2.580000000000000000e+03,7.076482544273939368e+01,9.414835688148603055e+00,-1.160898076495361225e-02,3.186027013090580340e+02,1.640832215891174783e-02,nan,2.639873631215183636e+01,1.000000000000000000e+00
2.581000000000000000e+03,9.498310393745585145e+01,2.648370030975950939e+01,-1.173320038777520306e-03,3.042223384027107613e+01,3.747910834980532346e-01,nan,1.305975707407989717e+01,1.000000000000000000e+00
2.581000000000000000e+03,1.025605275966664465e+02,9.931538484427175462e+00,-1.285196542063716347e-03,3.351170022498394019e+01,3.747638009197099551e-01,nan,1.033122957219812044e+01,1.000000000000000000e+00
2.581000000000000000e+03,4.971100587086070277e+01,2.916554364958921752e+01,1.473086189786636030e-03,-3.870026738274140143e+01,3.484544810642292711e-01,nan,4.141693851461525355e+00,1.000000000000000000e+00
2.582000000000000000e+03,1.985356990514649667e+01,4.506510541217396337e+01,-2.064541594356392260e-03,5.503329117953063587e+01,1.533886373703206019e-01,nan,9.233792582507103219e+00,1.000000000000000000e+00
2.584000000000000000e+03,1.126228625541410082e+02,7.589804153413858501e+00,-1.676160805931348891e-03,4.430816700186517920e+01,1.934691779643080700e-01,nan,1.033122957219812044e+01,1.000000000000000000e+00
2.584000000000000000e+03,4.853913996390645735e+01,3.313799355554807136e+01,-1.709404882333888549e-03,4.522620120493402851e+01,3.418827939207114142e-01,nan,4.141693851461525355e+00,1.000000000000000000e+00
2.585000000000000000e+03,7.661569123998062025e+01,5.327066981556188807e+01,-1.618208209381458672e-03,4.270780773348783299e+01,3.335685574651519048e-01,nan,2.668454354296708786e+01,1.000000000000000000e+00
2.586000000000000000e+03,5.267651657414767641e+01,8.335252995392234965e+00,-2.092286476202271251e-03,5.579946528484207136e+01,2.009496212965525830e-01,nan,1.705074405571210860e+01,1.000000000000000000e+00
2.586000000000000000e+03,7.184661143304003872e+01,2.701575138317025093e+01,-1.245731536252850423e-03,3.242187523721806031e+01,2.729095526566062135e-01,nan,9.225031240984058911e+00,1.000000000000000000e+00
2.588000000000000000e+03,6.351313491967621161e+01,2.305919093268483522e+01,-1.249301717067898953e-03,3.252046567659944287e+01,3.097165174412892519e-01,nan,9.225031240984058911e+00,1.000000000000000000e+00
2.589000000000000000e+03,1.534944653838962481e+01,2.168924390703782379e+01,-1.252085671693599616e-03,3.259734450262661909e+01,3.722221145652759855e-01,nan,1.794839034800194355e+01,1.000000000000000000e+00
2.590000000000000000e+03,1.293030438491124023e+01,5.262177636487353993e+01,-1.341408297560583475e-03,3.506398621830830109e+01,3.205197391885795666e-01,nan,3.102698523888191318e+01,1.000000000000000000e+00
2.590000000000000000e+03,8.653527646851946997e+01,1.590820911912609503e+01,-1.758494863962290801e-03,4.658181961999252962e+01,2.998644213490292421e-01,nan,1.279917344386907097e+01,1.000000000000000000e+00
2.590000000000000000e+03,3.091595779844992009e+01,1.275456745656322255e+01,1.622817412182473839e-03,-4.283509073479537932e+01,2.545092705782272535e-01,nan,1.745948026382220064e+01,1.000000000000000000e+00
2.591000000000000000e+03,9.490514036578107948e+01,6.225016505759368712e+00,-1.406091209828302675e-03,3.685020295950588576e+01,3.075459841294821972e-01,nan,1.131575671868128907e+01,1.000000000000000000e+00
2.591000000000000000e+03,1.340076440239597559e+02,2.543578645777463976e+01,-2.035319488068941442e-03,5.422632356422507627e+01,2.069387429291503766e-01,nan,6.021141007965800540e+00,1.000000000000000000e+00
2.591000000000000000e+03,1.122695185546681955e+02,8.257162806891717111e+00,-1.597399277139180743e-03,4.213316967477208408e+01,2.759794643398860714e-01,nan,5.916702748477960405e+00,1.000000000000000000e+00
2.591000000000000000e+03,9.428316452124735747e+01,5.241918092763364712e+01,-1.296463980770510898e-03,3.382285021719815887e+01,2.759757904704727149e-01,nan,2.013011323887772619e+01,1.000000000000000000e+00
2.593000000000000000e+03,1.038386234381471382e+02,1.317046323812509812e+01,-1.546816423436552217e-03,4.073632564079876772e+01,3.550006344302182315e-01,nan,5.976098257724624219e+00,1.000000000000000000e+00
2.595000000000000000e+03,1.063738440734625641e+02,7.758771569501493381e+00,-1.268439578795075564e-03,3.304895717163788760e+01,3.558551879815835539e-01,nan,5.916702748477960405e+00,1.000000000000000000e+00
2.595000000000000000e+03,4.757180417213873369e+01,4.908715334037825784e+01,-1.764676447675608134e-03,4.675252387446612090e+01,2.318174181366399189e-01,nan,2.258076903616650810e+01,1.000000000000000000e+00
2.596000000000000000e+03,7.720970889471821863e+01,4.175528989391707313e+01,1.793297874272534263e-03,-4.754290373758649935e+01,2.678988942597142486e-01,nan,7.433205422825839292e+00,1.000000000000000000e+00
2.597000000000000000e+03,1.249553405358378058e+02,7.473523761710434421e+00,-1.527590585164541499e-03,4.020540467603321844e+01,2.588975632112163749e-01,nan,1.847316794622275538e+01,1.000000000000000000e+00
2.598000000000000000e+03,8.668407702933917847e+01,2.059758208686363190e+01,-1.589706407045801337e-03,4.192073129086354299e+01,3.138744356434862715e-01,nan,4.765084318043853351e+00,1.000000000000000000e+00
2.598000000000000000e+03,2.585314069867435549e+01,3.681355588011497559e+01,-1.115483158658122460e-03,2.882507007775656760e+01,3.529663366769172361e-01,nan,8.978538312523786757e+00,1.000000000000000000e+00
2.598000000000000000e+03,7.768942902804209893e+01,5.212810625513193230e+01,-1.468917997176933830e-03,3.858516286504173110e+01,2.926274067969597548e-01,nan,1.038390344089364881e+01,1.000000000000000000e+00
2.599000000000000000e+03,2.171399432642669680e+01,4.989709098333116799e+01,-1.182687806136405216e-03,3.068092446345804447e+01,3.388990114198842107e-01,nan,1.372266094778929180e+01,1.000000000000000000e+00
2.600000000000000000e+03,3.320802152553350339e+01,3.166381042503108389e+01,-1.899303784780017419e-03,5.047025387344078950e+01,2.683375359078644662e-01,nan,8.978538312523786757e+00,1.000000000000000000e+00
2.600000000000000000e+03,9.843182140841007310e+01,4.321371564809063415e+01,-1.836957170127237558e-03,4.874855392293674328e+01,2.674175110527080568e-01,nan,1.252441309800584790e+01,1.000000000000000000e+00
2.601000000000000000e+03,3.991163678711138374e+01,1.541455440591394499e+01,-1.828274732069258687e-03,4.850878864846389149e+01,2.146118915395948124e-01,nan,6.094584556780788809e+00,1.000000000000000000e+00
2.602000000000000000e+03,5.573634365109435862e+01,3.437741538229239779e+01,-1.292079491848807139e-03,3.370177268313278063e+01,3.030354337565367429e-01,nan,9.691973404673607462e+00,1.000000000000000000e+00
2.602000000000000000e+03,9.497633174309176241e+01,1.117596511061575626e+01,-1.533858089110426860e-03,4.037848161523049129e+01,3.311535678875690003e-01,nan,9.170562399706858159e+00,1.000000000000000000e+00
2.602000000000000000e+03,1.248472123677620260e+02,2.594637525433659064e+01,-1.164548009488137548e-03,3.017999450654845361e+01,3.562489788618565800e-01,nan,8.199858015984947457e+00,1.000000000000000000e+00
2.602000000000000000e+03,4.827861915875497800e+01,2.818736741210171104e+01,-1.301646364428840673e-03,3.396596159121149583e+01,3.128443329581798160e-01,nan,9.324476858123082579e+00,1.000000000000000000e+00
2.603000000000000000e+03,8.225957401179262263e+01,1.882845755597585935e+01,-1.467293923620625233e-03,3.854031412101474530e+01,2.710070500110378644e-01,nan,4.765084318043853351e+00,1.000000000000000000e+00
2.603000000000000000e+03,1.166824694270426050e+02,2.518832235757741955e+01,-1.368204603353106010e-03,3.580396542349230771e+01,2.955834286984909687e-01,nan,8.199858015984947457e+00,1.000000000000000000e+00
2.607000000000000000e+03,8.296319791204025762e+01,4.810599961145521775e+01,-1.966285587615404593e-03,5.231995441080935905e+01,2.396039210857976443e-01,nan,8.395423154492718254e+00,1.000000000000000000e+00
2.609000000000000000e+03,5.251414106404845938e+01,2.497526360312140881e+01,-1.951237822250816460e-03,5.190441080787770289e+01,2.593426911568716964e-01,nan,6.217187476848831551e+00,1.000000000000000000e+00
2.609000000000000000e+03,3.665815732918357384e+01,3.796733807082596002e+01,-1.345994192710251716e-03,3.519062557950172732e+01,3.288816709970135976e-01,nan,8.245392573248038204e+00,1.000000000000000000e+00
2.610000000000000000e+03,1.444435081765307700e+02,3.056186146019737393e+01,-1.323145652689253085e-03,3.455966381129144338e+01,3.747006792327499669e-01,nan,7.136644912079987080e+00,1.000000000000000000e+00
2.612000000000000000e+03,2.051169669544846741e+01,2.678802238351172349e+01,-1.226220668896624158e-03,3.188308320258096629e+01,3.669417282181093309e-01,nan,1.651100328141932749e+01,1.000000000000000000e+00
2.613000000000000000e+03,5.856630353390256971e+01,2.355232665414041549e+01,-2.295333694020573745e-03,6.140660829997880654e+01,2.345790582845688199e-01,nan,6.217187476848831551e+00,1.000000000000000000e+00
2.616000000000000000e+03,8.377443309100340230e+01,2.776680300384192890e+01,-1.392202280187899814e-02,3.824772898920431317e+02,1.390511693710971830e-02,nan,6.562840946220371841e+00,1.000000000000000000e+00
2.624000000000000000e+03,3.327190734188631893e+01,3.075366855446549152e+01,-4.545607370455981115e-03,1.235478504334305683e+02,7.551512604779653248e-02,nan,1.861272599759494639e+01,1.000000000000000000e+00
2.625000000000000000e+03,9.389294157083962489e+01,2.369999972248796993e+01,-1.692877337883061340e-03,4.476979354557005308e+01,2.943058604275540224e-01,nan,1.546646424018144295e+01,1.000000000000000000e+00
2.625000000000000000e+03,2.052139394407604556e+01,1.254743432873780939e+01,-1.348845057537201774e-03,3.526935212879055115e+01,3.114205820814414105e-01,nan,2.167558187023746186e+01,1.000000000000000000e+00
2.625000000000000000e+03,5.019630107761072679e+01,2.300780089875904366e+01,-1.305431291839156266e-03,3.407048225157603127e+01,3.465678977241497538e-01,nan,1.045010216877398612e+01,1.000000000000000000e+00
2.628000000000000000e+03,1.419126333441460588e+02,2.214262412882736797e+01,-9.798758061847113662e-03,2.686134540067459966e+02,1.671123063888990679e-02,nan,2.264939837964536196e+01,1.000000000000000000e+00
2.628000000000000000e+03,1.432091071328352996e+02,4.962371653230230351e+01,-1.577030717094636807e-03,4.157069248149008445e+01,2.564319689585857764e-01,nan,2.751165723785257455e+01,1.000000000000000000e+00
2.628000000000000000e+03,1.221176238154102407e+02,9.498725013456915889e+00,-1.164770218012669417e-03,3.018613078849124776e+01,3.711290396713279316e-01,nan,6.621193578810785851e+00,1.000000000000000000e+00
2.628000000000000000e+03,5.896876986689694888e+01,4.503085646946190224e+01,-1.133562160258688983e-03,2.932432118119190534e+01,3.706811479860971925e-01,nan,1.138145971096737519e+01,1.000000000000000000e+00
2.629000000000000000e+03,1.101045802243158249e+02,1.642051601876681843e+01,-1.364746688620448439e-03,3.570847520871128467e+01,2.851226448939847558e-01,nan,5.493237827401855178e+00,1.000000000000000000e+00
2.629000000000000000e+03,9.611804783271762176e+01,4.842325033815905044e+01,-1.278643732340316742e-03,3.333074457503772692e+01,3.406224712598693305e-01,nan,2.482317906477591052e+01,1.000000000000000000e+00
2.630000000000000000e+03,3.975671540932518155e+01,2.253909372755103746e+01,-1.418754602817116689e-03,3.719990218862164255e+01,2.975430395853927434e-01,nan,1.045010216877398612e+01,1.000000000000000000e+00
2.631000000000000000e+03,6.567956842468437628e+01,1.229465166273684673e+01,-2.997149924841828808e-02,8.256831152205326134e+02,1.189929847781256989e-02,nan,1.560806594585972995e+01,1.000000000000000000e+00
2.632000000000000000e+03,6.278251254489670430e+01,2.870211428142540910e+01,-1.602117761665484931e-03,4.226347048774541548e+01,3.273932092906446378e-01,nan,1.225109084642856772e+01,1.000000000000000000e+00
2.633000000000000000e+03,9.927475484459176158e+00,3.522917572985006274e+01,-1.179907265325123638e-03,3.060413990981677657e+01,3.111753986042777864e-01,nan,1.070398119021787942e+01,1.000000000000000000e+00
2.635000000000000000e+03,7.591197751572984487e+01,4.006298972462334973e+01,-1.266078378068491266e-02,3.476482110004787387e+02,1.988735557057241810e-02,nan,7.922065332822434414e+00,1.000000000000000000e+00
2.635000000000000000e+03,1.109511438315835790e+02,4.637421144748152813e+01,-1.869180010277588042e-03,4.963838671660045776e+01,1.948885267210967998e-01,nan,1.599971922339625330e+01,1.000000000000000000e+00
2.636000000000000000e+03,7.451145365686146249e+01,2.516358813068005063e+01,-2.015409663894487686e-03,5.367651434865489790e+01,2.026466565226013872e-01,nan,1.225109084642856772e+01,1.000000000000000000e+00
2.636000000000000000e+03,1.363183212090374923e+02,2.605960302348631075e+01,-1.619448598843832490e-03,4.274206105241891152e+01,3.597893269620010548e-01,nan,6.426842008237218629e+00,1.000000000000000000e+00
2.638000000000000000e+03,9.951599748807073809e+01,1.285561476480877552e+01,-1.355591269715969134e-03,3.545564858191730906e+01,3.180797493396615438e-01,nan,1.007866752190911264e+01,1.000000000000000000e+00
2.639000000000000000e+03,1.426963923358298700e+02,2.684986051343500790e+01,-1.350637826502737579e-03,3.531885939163743160e+01,2.654893140857296219e-01,nan,6.426842008237218629e+00,1.000000000000000000e+00
2.639000000000000000e+03,9.397615367408124598e+01,3.755542377004892529e+01,-1.365872971002331238e-03,3.573957746393300283e+01,2.661883632629870045e-01,nan,1.823738871923532656e+01,1.000000000000000000e+00
2.639000000000000000e+03,1.268529112869263145e+02,4.460649907729280272e+01,-1.414717512665402549e-03,3.708841806148665654e+01,2.850703311770149684e-01,nan,1.191024683766489112e+01,1.000000000000000000e+00
2.641000000000000000e+03,1.180382841582001561e+02,2.622331030462356694e+01,-1.594075669338892998e-02,4.382245675982998705e+02,1.242734687607416344e-02,nan,1.819432738577634723e+01,1.000000000000000000e+00
2.641000000000000000e+03,1.433996064693338610e+02,1.050178375601293013e+01,1.569195190545456158e-03,-4.135431464370325472e+01,2.103874741260285397e-01,nan,1.636319418035866491e+01,1.000000000000000000e+00
2.641000000000000000e+03,8.579462610077642637e+01,1.675278666114948578e+01,-1.129764115526495387e-03,2.921943828636517893e+01,2.975205162137238846e-01,nan,1.114652218730920730e+01,1.000000000000000000e+00
2.641000000000000000e+03,4.298324456172430530e+01,2.172738552170907411e+01,-1.388068682593542351e-03,3.635251139403992937e+01,3.165229910569693494e-01,nan,1.579634719814556654e+01,1.000000000000000000e+00
2.642000000000000000e+03,9.013264549991397701e+01,6.485043746327225911e+00,-1.827126965176505873e-03,4.847709309909929942e+01,2.575545370332290585e-01,nan,1.114652218730920730e+01,1.000000000000000000e+00
2.642000000000000000e+03,6.381027820943941009e+01,6.566493460516870329e+00,-1.317002472301171540e-03,3.439002006352740892e+01,3.451826782524765047e-01,nan,2.124813321089556695e+01,1.000000000000000000e+00
2.643000000000000000e+03,1.914337029226803821e+01,4.449647535500302808e+01,-1.459175424190140100e-03,3.831612199533996233e+01,2.457022387662112228e-01,nan,3.296621083807013974e+01,1.000000000000000000e+00
2.644000000000000000e+03,9.897895756626294883e+01,1.987311269922464163e+01,-1.978354122031972945e-03,5.265322663775192780e+01,2.238648684898977281e-01,nan,9.478740846411646714e+00,1.000000000000000000e+00
2.644000000000000000e+03,1.368930700727160286e+02,3.819953479689946363e+01,1.136054373394006960e-03,-2.939314357444643733e+01,3.689803405950102810e-01,nan,9.164054959459905447e+00,1.000000000000000000e+00
2.644000000000000000e+03,5.495140296936875757e+01,4.392598954857791682e+01,-1.269167206096848870e-03,3.306905057841586881e+01,3.121301710465168577e-01,nan,9.685204264459089885e+00,1.000000000000000000e+00
2.647000000000000000e+03,8.978337660252908847e+01,2.217263847051924586e+01,1.546223811527714384e-03,-4.071996068017024584e+01,3.167485540836216806e-01,nan,9.478740846411646714e+00,1.000000000000000000e+00
2.647000000000000000e+03,6.461509487848631750e+01,3.494938799690645226e+01,-1.269390182625405915e-03,3.307520806876748054e+01,3.476556055795347877e-01,nan,8.008497956464738721e+00,1.000000000000000000e+00
2.647000000000000000e+03,8.705069540402458017e+01,4.151104355270982893e+01,-1.273892197533147167e-03,3.319953107951945270e+01,2.988210137251543497e-01,nan,1.953052630257450417e+01,1.000000000000000000e+00
2.648000000000000000e+03,1.670840435033217730e+01,8.898908659009375555e+00,-1.157316970705584520e-03,2.998030958085763586e+01,3.571426399147394903e-01,nan,6.494968166974781631e+00,1.000000000000000000e+00
2.648000000000000000e+03,1.403884747795175940e+02,4.667078318398333892e+01,-1.184688966695421125e-03,3.073618645409854011e+01,3.432256018744015424e-01,nan,9.164054959459905447e+00,1.000000000000000000e+00
2.649000000000000000e+03,5.662638738178101505e+01,3.438672286489239838e+01,-1.924322679601132759e-03,5.116114992633914937e+01,2.496904500453417386e-01,nan,8.008497956464738721e+00,1.000000000000000000e+00
2.649000000000000000e+03,1.606286801790070129e+01,1.536171720742906999e+01,-1.699305546614060351e-03,4.494730834273470066e+01,2.750083715216024016e-01,nan,6.199335548441968768e+00,1.000000000000000000e+00
2.649000000000000000e+03,1.159668091548122106e+02,3.494635191996604817e+01,-1.249650339015768085e-03,3.253009286155140245e+01,3.248468420031871418e-01,nan,2.117762014096393841e+01,1.000000000000000000e+00
2.651000000000000000e+03,7.180268954146542626e+01,1.872521308106408711e+01,-1.350911108549882186e-03,3.532640606742187828e+01,3.018499505449443454e-01,nan,1.115442690456832864e+01,1.000000000000000000e+00
2.655000000000000000e+03,1.090873687392970908e+02,4.611576260374468461e+01,-2.522341704163560353e-03,6.767542789834614325e+01,1.407779480251840631e-01,nan,1.794714195291753356e+01,1.000000000000000000e+00
2.656000000000000000e+03,9.529107582115278774e+01,3.463699063131949885e+01,-1.667065226546671566e-02,4.583806125947769488e+02,1.379189574836192644e-02,nan,1.794714195291753356e+01,1.000000000000000000e+00
2.656000000000000000e+03,8.859063554369122073e+01,1.134229010340409793e+01,-1.769347854183128416e-03,4.688152462931983422e+01,2.104955100287709824e-01,nan,7.470662100434871000e+00,1.000000000000000000e+00
2.656000000000000000e+03,6.206437169263890752e+01,2.686371083715868124e+01,-1.519170923921159440e-03,3.997289597565352182e+01,2.083860358890029518e-01,nan,5.858781788663061540e+00,1.000000000000000000e+00
2.656000000000000000e+03,1.330339996538379808e+02,4.685949954241927884e+01,-1.407305865761846082e-03,3.688374564778668230e+01,3.184944321111266019e-01,nan,2.395817766006409855e+01,1.000000000000000000e+00
2.658000000000000000e+03,2.556369461548767674e+01,4.530310096417322541e+01,-2.008690677965216560e-03,5.349096974761619805e+01,2.270034084868635116e-01,nan,1.576631024478977494e+01,1.000000000000000000e+00
2.659000000000000000e+03,4.881672636903208229e+01,1.534271384401745308e+01,-4.021451059755080763e-03,1.090732891566718479e+02,1.035852701869623971e-01,nan,1.628858938657921485e+01,1.000000000000000000e+00
2.661000000000000000e+03,2.586008132059251707e+01,2.451582615105279928e+01,-1.177191941223463276e-03,3.052915631371509519e+01,3.172713803808070443e-01,nan,1.988301298477157175e+01,1.000000000000000000e+00
2.661000000000000000e+03,6.785123109279076914e+01,2.594851559566975396e+01,-1.499866135266402552e-03,3.943979479836443147e+01,2.814092080494613457e-01,nan,5.858781788663061540e+00,1.000000000000000000e+00
2.663000000000000000e+03,6.846707343853465488e+01,7.590334053537284298e+00,-1.515864328707828765e-03,3.988158444499811139e+01,3.041266983141546199e-01,nan,1.785522547805128113e+01,1.000000000000000000e+00
2.664000000000000000e+03,5.899697658294856950e+01,2.805808445547170038e+01,-1.880189918092294021e-03,4.994242500071904090e+01,2.623978366314876354e-01,nan,9.102093369072139950e+00,1.000000000000000000e+00
2.664000000000000000e+03,8.330618247609973537e+01,2.845774078827098919e+01,-1.055787718612499022e-03,2.717658223692903618e+01,3.747618471714161403e-01,nan,1.325696773164910169e+01,1.000000000000000000e+00
2.665000000000000000e+03,1.306876200297435275e+02,1.583495358857891411e+01,-1.348147269925172118e-03,3.525008274417705678e+01,3.225347277890435738e-01,nan,9.898574326919447941e+00,1.000000000000000000e+00
2.665000000000000000e+03,9.504319348968081727e+01,3.462132464063009252e+01,-1.481777091233118160e-03,3.894026637344164499e+01,2.513559690105721112e-01,nan,1.190071941236734077e+01,1.000000000000000000e+00
2.665000000000000000e+03,1.026983109769943212e+02,2.550944784233415419e+01,-1.420662543185323163e-03,3.725258990640391943e+01,3.247045455918473600e-01,nan,5.955048500689153812e+00,1.000000000000000000e+00
2.667000000000000000e+03,8.591245052396149617e+01,1.139400270620878075e+01,-1.369852875771309384e-03,3.584948241838677774e+01,3.511936819046065361e-01,nan,3.359697158712376286e+00,1.000000000000000000e+00
2.668000000000000000e+03,4.184275330568770102e+01,3.487301177724094003e+01,-1.165315384590407148e-03,3.020118554768121655e+01,3.692439214350496934e-01,nan,8.910862196648405842e+00,1.000000000000000000e+00
2.670000000000000000e+03,1.250554869563919880e+02,4.307444117230765812e+01,-1.697982354086908672e-03,4.491076841957782051e+01,2.165797566371934213e-01,nan,1.541983244067819747e+01,1.000000000000000000e+00
2.670000000000000000e+03,1.083655078809677832e+02,2.368038198863895616e+01,-1.416224624281176448e-03,3.713003690492720210e+01,2.984266423655941303e-01,nan,5.955048500689153812e+00,1.000000000000000000e+00
2.670000000000000000e+03,1.393541892901578763e+02,4.884664560986439596e+01,-2.550642540815426396e-03,6.845695467945691348e+01,1.672666716373609752e-01,nan,1.541983244067819747e+01,1.000000000000000000e+00
2.672000000000000000e+03,5.581567843188580724e+01,4.619636903651277748e+01,1.385248860138425710e-03,-3.627464207894652048e+01,3.358375802035404867e-01,nan,1.311811916185487448e+01,1.000000000000000000e+00
2.673000000000000000e+03,1.009627127425110693e+01,1.520383260744233311e+01,-1.405886456825608706e-02,3.862561712909839571e+02,1.386326097568035820e-02,nan,3.165140548489854311e+01,1.000000000000000000e+00
2.674000000000000000e+03,4.274607172168917657e+01,4.732350291738374892e+01,-2.038937119311710032e-03,5.432622434578802739e+01,1.430091608833069516e-01,nan,1.311811916185487448e+01,1.000000000000000000e+00
2.676000000000000000e+03,1.239930366084424236e+02,7.269411168844463589e+00,-1.842822159882945244e-03,4.891051544447796573e+01,2.789099398818259967e-01,nan,9.731790686826343517e+00,1.000000000000000000e+00
2.677000000000000000e+03,4.127212384696734659e+01,2.066988104609780663e+01,-2.310358786183285690e-02,6.360259420090740150e+02,1.221642617975449152e-02,nan,9.398480895254779810e+00,1.000000000000000000e+00
2.679000000000000000e+03,1.268008672805755168e+02,3.194329011992313028e+01,-1.214344654896831657e-03,3.155512742134888171e+01,3.396604720149294376e-01,nan,1.406670498794251145e+01,1.000000000000000000e+00
2.679000000000000000e+03,1.099992699434542658e+02,4.870183664571067084e+01,-1.368732869334911024e-03,3.581855347321709360e+01,2.488412767978621654e-01,nan,7.265898331578340752e+00,1.000000000000000000e+00
2.681000000000000000e+03,4.895032455725210951e+01,1.524985549347799996e+01,4.218632319523625378e-03,-1.145184439108553249e+02,1.293648300071271739e-01,nan,9.398480895254779810e+00,1.000000000000000000e+00
2.683000000000000000e+03,3.567423796943108982e+01,4.007878881219065903e+01,-1.484784649876451324e-03,3.902332001791300087e+01,2.623678519324916802e-01,nan,5.527622723624267209e+00,1.000000000000000000e+00
2.683000000000000000e+03,2.390782217516815322e+01,2.269122047375012841e+01,-1.619786429708385857e-03,4.275139024191892645e+01,2.998264273811891423e-01,nan,1.536567385967765098e+01,1.000000000000000000e+00
2.683000000000000000e+03,5.298173134444407140e+01,2.848844319686071103e+01,1.154506051239337881e-03,-2.990268612154296335e+01,3.244407978513219604e-01,nan,1.383880215423189419e+01,1.000000000000000000e+00
2.683000000000000000e+03,2.577364628976366490e+01,3.794319193764209786e+01,-1.192915685845653611e-03,3.096336706418695783e+01,3.537755890547376048e-01,nan,1.012830141820835728e+01,1.000000000000000000e+00
2.684000000000000000e+03,1.217306578002482240e+02,1.882211772400492222e+01,-1.218271513605302973e-03,3.166356751038441431e+01,3.737675629813713707e-01,nan,9.190347288165993334e+00,1.000000000000000000e+00
2.684000000000000000e+03,1.168641218582490353e+02,5.108240102265398264e+01,-1.228692274076313056e-03,3.195133650774011613e+01,3.547600315248502501e-01,nan,7.265898331578340752e+00,1.000000000000000000e+00
2.686000000000000000e+03,6.289609333071291886e+00,5.079482509492449083e+01,-1.036202310502246267e-03,2.663573176153726152e+01,3.216468562187536628e-01,nan,2.334078342599310218e+01,1.000000000000000000e+00
2.686000000000000000e+03,3.872035979060671451e+01,1.445176203756632205e+01,1.624932167158491848e-03,-4.289348963195789111e+01,2.972408632119455385e-01,nan,1.026104927827438296e+01,1.000000000000000000e+00
2.687000000000000000e+03,1.432085745264241723e+02,3.983225690929951668e+01,-1.344693782665822880e-03,3.515471479394268783e+01,3.021421241826542925e-01,nan,2.086400898993795394e+01,1.000000000000000000e+00
2.687000000000000000e+03,1.432669986719139388e+02,1.783261517475132507e+01,-1.355770792957890604e-03,3.546060611102216598e+01,2.678081856809266803e-01,nan,6.266007099554935955e+00,1.000000000000000000e+00
2.687000000000000000e+03,8.240132342494192130e+01,2.018997576848293818e+01,-1.342046317571172868e-03,3.508160512234615425e+01,3.380544282736764883e-01,nan,8.318660234600383063e+00,1.000000000000000000e+00
2.687000000000000000e+03,1.037985711773721960e+02,3.869880592833208510e+01,-1.375618881440333809e-03,3.600871049725284934e+01,2.852072985680086381e-01,nan,1.387925041265093284e+01,1.000000000000000000e+00
2.688000000000000000e+03,1.096543474331979553e+02,1.504520263576810635e+01,-1.218610157390589456e-02,3.345398756647421692e+02,2.283392045932042258e-02,nan,1.265315611478324875e+01,1.000000000000000000e+00
2.689000000000000000e+03,1.260424527059460047e+02,1.070602827351839537e+01,-1.082391384510641682e-03,2.791124169703199343e+01,3.731378604381971886e-01,nan,9.190347288165993334e+00,1.000000000000000000e+00
2.689000000000000000e+03,6.340094251324683228e+01,4.883811944415179340e+01,-1.406526779308630822e-03,3.686223119803813830e+01,3.099412719088564527e-01,nan,5.432421388687942887e+00,1.000000000000000000e+00
2.689000000000000000e+03,7.684438063123619145e+01,1.399962077977642139e+01,-1.440038127986776814e-03,3.778764611722517941e+01,2.858518434018734178e-01,nan,8.318660234600383063e+00,1.000000000000000000e+00
2.690000000000000000e+03,4.601948469566997346e+01,3.762667997470311576e+01,-2.091655761477829566e-03,5.578204811606873648e+01,1.897155847641774917e-01,nan,8.649946261102936518e+00,1.000000000000000000e+00
2.690000000000000000e+03,2.076365038477630875e+01,2.425565697980366764e+01,-1.333395841157710565e-03,3.484272246775714166e+01,2.689323078660734723e-01,nan,1.016186390659273897e+01,1.000000000000000000e+00
2.691000000000000000e+03,2.978523089068494656e+01,1.957863193908371358e+01,-1.632655865163095679e-03,4.310677932773837284e+01,3.194869792080489157e-01,nan,1.016186390659273897e+01,1.000000000000000000e+00
2.691000000000000000e+03,1.358369731529735986e+02,5.480783881745828978e+00,-1.442518302945296942e-03,3.785613607657752766e+01,3.273622855692253086e-01,nan,1.110116254006724645e+01,1.000000000000000000e+00
2.692000000000000000e+03,5.464522892428760059e+01,3.698006817273969205e+01,-1.519715362823878622e-03,3.998793064011901777e+01,3.318979308254473848e-01,nan,8.649946261102936518e+00,1.000000000000000000e+00
2.693000000000000000e+03,1.179830879236584593e+02,4.741481631066572078e+01,-1.365404787493203643e-03,3.572664858994392034e+01,2.992897994744583290e-01,nan,2.474024723299450201e+01,1.000000000000000000e+00
2.696000000000000000e+03,4.267848292356529072e+01,6.305946365277075749e+00,-2.339363411374960344e-02,6.440355608207777323e+02,1.132102312030025537e-02,nan,1.418884937303896088e+01,1.000000000000000000e+00
2.696000000000000000e+03,1.172200677866038490e+02,2.268633812416703321e+01,1.502045862430026078e-03,-3.949998790059818532e+01,3.208537759560494695e-01,nan,2.030690968748920966e+01,1.000000000000000000e+00
2.696000000000000000e+03,4.947402400568636693e+01,4.867349650705082098e+01,-1.417949877862988628e-03,3.717767973241599577e+01,3.450125847313116889e-01,nan,3.603978754440273047e+00,1.000000000000000000e+00
2.697000000000000000e+03,1.220032154337944874e+01,5.145234463981402229e+01,-1.527953532937240859e-03,4.021542746822125025e+01,2.819630032687677756e-01,nan,1.766609872101742340e+01,1.000000000000000000e+00
2.697000000000000000e+03,1.434167237239918222e+02,2.004639534268753565e+01,-1.257205439147422157e-03,3.273872673197345762e+01,3.404826187075512545e-01,nan,2.632933877239172560e+01,1.000000000000000000e+00
2.699000000000000000e+03,9.167757110233537787e+01,1.547471966880346983e+01,-1.475218148864080280e-03,3.875914137066448006e+01,3.629977812082988420e-01,nan,1.073203517176758126e+01,1.000000000000000000e+00
2.700000000000000000e+03,3.043759681381880355e+01,1.348119226900773704e+01,-1.051665221910722155e-02,2.884380802820519420e+02,3.135450324362354380e-02,nan,1.418884937303896088e+01,1.000000000000000000e+00
2.701000000000000000e+03,5.193544773885088262e+01,4.604099654156718913e+01,-1.438298827978319117e-03,3.773961539807305599e+01,2.669326742528915775e-01,nan,3.603978754440273047e+00,1.000000000000000000e+00
2.702000000000000000e+03,1.386190950159450708e+01,1.620486620639286102e+01,-1.378699647768486794e-03,3.609378576981151809e+01,3.694336985301235332e-01,nan,6.733064257964884725e+00,1.000000000000000000e+00
2.703000000000000000e+03,6.097456655010282844e+01,1.663853022776578783e+01,-1.657471711975822036e-03,4.379206821579001030e+01,2.655548089350694418e-01,nan,2.281581638656717814e+01,1.000000000000000000e+00
2.703000000000000000e+03,9.365913416490353427e+01,3.301079542271495626e+01,-1.566036787734299048e-03,4.126709544192421220e+01,2.565738476606883589e-01,nan,1.119469924920411508e+01,1.000000000000000000e+00
2.703000000000000000e+03,2.535220199714267864e+01,3.246058823895544521e+01,-1.121853606618145385e-03,2.900098981291048261e+01,2.987804136397209653e-01,nan,1.160613028996968055e+01,1.000000000000000000e+00
2.705000000000000000e+03,8.325145451003523078e+01,9.393792353852893129e+00,-1.356614719493565548e-03,3.548391111776219020e+01,2.840530791374968889e-01,nan,2.103733142406991874e+01,1.000000000000000000e+00
2.707000000000000000e+03,3.604103568819886050e+01,3.698287688882002300e+01,-1.794619577672785377e-03,4.757940253854732759e+01,2.151965624045859560e-01,nan,9.372143995356598367e+00,1.000000000000000000e+00
2.708000000000000000e+03,8.276703722684740683e+01,3.042554580766431016e+01,-3.265539075087524768e-03,8.819880168312431579e+01,1.176274551241224264e-01,nan,7.912109349422290272e+00,1.000000000000000000e+00
2.708000000000000000e+03,1.419684936729242111e+02,3.188218986070992500e+01,-1.726198711123263542e-03,4.568996229856304581e+01,2.724946472028841882e-01,nan,5.532816126837398762e+00,1.000000000000000000e+00
2.708000000000000000e+03,2.872846423627910539e+01,9.815561192154687475e+00,-1.355329886360716113e-03,3.544843048816341735e+01,3.652152121089479175e-01,nan,8.888223148782987693e+00,1.000000000000000000e+00
2.708000000000000000e+03,2.409762163991197781e+01,5.032412521878815426e+01,-1.333143373371015704e-03,3.483575057716969781e+01,3.366635520334080311e-01,nan,6.110988912620213931e+00,1.000000000000000000e+00
2.709000000000000000e+03,1.346424877059855589e+02,8.768168434893240715e+00,-1.593781622623507283e-03,4.203326825052855042e+01,2.727195565109599151e-01,nan,1.924921403786288820e+01,1.000000000000000000e+00
2.709000000000000000e+03,5.272212343942272383e+01,5.045907130180664524e+01,-1.156802311349803321e-03,2.996609727771479825e+01,2.840217558988221702e-01,nan,1.553412630432673325e+01,1.000000000000000000e+00
2.711000000000000000e+03,2.001733611839819460e+01,8.050127065253786185e+00,-1.382243806229470568e-03,3.619165760264217369e+01,3.065104751221670032e-01,nan,8.888223148782987693e+00,1.000000000000000000e+00
2.712000000000000000e+03,6.278284318339241565e+01,3.205894763441386175e+01,-1.620719263449159472e-03,4.277715041854219180e+01,3.055602992070549639e-01,nan,1.239203146245083254e+01,1.000000000000000000e+00
2.712000000000000000e+03,1.384107106510323604e+02,2.764494615016764811e+01,-1.351354999790716068e-03,3.533866411112848738e+01,3.698738320925401002e-01,nan,5.532816126837398762e+00,1.000000000000000000e+00
2.712000000000000000e+03,1.160795393472551638e+02,2.947672785007771878e+01,-1.304023073037823477e-03,3.403159433033032855e+01,3.161991782082997915e-01,nan,1.952639482743346377e+01,1.000000000000000000e+00
2.713000000000000000e+03,5.039267270374013208e+01,3.184419370191339382e+01,-1.356342738486230465e-03,3.547640037015424497e+01,3.237390192975125869e-01,nan,1.239203146245083254e+01,1.000000000000000000e+00
2.713000000000000000e+03,7.948634095588006687e+01,4.766618078842579109e+01,-1.207826373000117724e-03,3.137512525633248117e+01,2.933115816721821867e-01,nan,1.754999893339584816e+01,1.000000000000000000e+00
2.714000000000000000e+03,1.689113850844019993e+01,4.626879463730021769e+01,1.241455978612170065e-03,-3.230380583731025723e+01,3.311563877190579763e-01,nan,1.877524493461337585e+01,1.000000000000000000e+00
2.715000000000000000e+03,1.219342994866520655e+02,4.810471428626961909e+01,-1.544122048534977455e-03,4.066192055624821933e+01,2.937276589533888149e-01,nan,1.952639482743346377e+01,1.000000000000000000e+00
2.716000000000000000e+03,9.384706210284703332e+01,1.487359695902275547e+01,-1.398398516310735617e-03,3.663776945173326283e+01,3.170203900444972245e-01,nan,2.659952022583131281e+01,1.000000000000000000e+00
2.716000000000000000e+03,4.153115763155788898e+01,1.910912122818601588e+01,-1.289342086088451217e-03,3.362617930266839039e+01,3.365273494779239538e-01,nan,5.364966826747120443e+00,1.000000000000000000e+00
2.718000000000000000e+03,1.418374377805749589e+02,1.380472163222993842e+01,1.220517323185209670e-03,-3.172558547662205086e+01,3.709956654090650341e-01,nan,3.965632875108582311e+01,1.000000000000000000e+00
2.719000000000000000e+03,4.649190557226865472e+00,3.203346771044290620e+01,-1.416382797705578386e-02,3.891547327724952083e+02,1.341349328201602020e-02,nan,8.950469737515684088e+00,1.000000000000000000e+00
2.722000000000000000e+03,9.838372650688015142e+01,4.570040015828218571e+01,-2.325819472351817185e-03,6.224847218202422994e+01,1.395095579239775674e-01,nan,1.845894704380692986e+01,1.000000000000000000e+00
2.723000000000000000e+03,9.841996863335486978e+01,1.315882491393470843e+01,-1.446267090884828304e-03,3.795965874650734406e+01,3.063024096638675697e-01,nan,1.402016378675597608e+01,1.000000000000000000e+00
2.724000000000000000e+03,4.322017584970889459e+01,2.418425316913254974e+01,-1.788064686886675376e-03,4.739838942011489564e+01,1.874607407491415412e-01,nan,1.631734939517045291e+01,1.000000000000000000e+00
2.724000000000000000e+03,3.627589847253369015e+01,4.334556396941061251e+01,-1.394164727068961281e-03,3.652085348494656358e+01,2.933946330510061040e-01,nan,8.746067779424093303e+00,1.000000000000000000e+00
2.725000000000000000e+03,8.018309398015314571e+01,4.877768818398202200e+01,-1.827217117883158650e-03,4.847958266347173861e+01,3.019915581612327982e-01,nan,1.845894704380692986e+01,1.000000000000000000e+00
2.726000000000000000e+03,5.897255106970916927e+01,1.992766225475155650e+01,-1.927376967455411315e-03,5.124549399661180615e+01,2.010071842470643189e-01,nan,6.829314533338322057e+00,1.000000000000000000e+00
2.726000000000000000e+03,6.821073034302769145e+01,2.259872426664665568e+01,-1.419195535524397011e-03,3.721207853251021191e+01,3.381139301650365470e-01,nan,9.506964900049069911e+00,1.000000000000000000e+00
2.726000000000000000e+03,8.707654397124547074e+01,4.919182352360088828e+00,-1.057112207606479559e-03,2.721315796197969661e+01,3.693532699592587676e-01,nan,1.402016378675597608e+01,1.000000000000000000e+00
2.726000000000000000e+03,5.964530757466170741e+01,2.672375934648811224e+01,-1.880875314874107425e-03,4.996135221291645223e+01,2.075531435326368745e-01,nan,6.396511126336184461e+00,1.000000000000000000e+00
2.728000000000000000e+03,2.400176167916316317e+01,2.951143465430749657e+01,-1.368749419037880400e-03,3.581901049278329907e+01,3.124074845645621323e-01,nan,1.022154556060620578e+01,1.000000000000000000e+00
2.729000000000000000e+03,2.907102506691608923e+01,3.838738882009362641e+01,-1.935352413917453690e-03,5.146573571872323782e+01,2.060469547827308290e-01,nan,8.746067779424093303e+00,1.000000000000000000e+00
2.729000000000000000e+03,1.080985465398011200e+02,4.363344252678224677e+01,-1.261247166942621248e-03,3.285033892749841300e+01,3.541512706348943773e-01,nan,8.934572661796369886e+00,1.000000000000000000e+00
2.729000000000000000e+03,1.277248270475183460e+02,1.769708773655123224e+01,-1.339396603171441038e-03,3.500843333625520870e+01,2.785672126185442243e-01,nan,2.018305692181441202e+01,1.000000000000000000e+00
2.730000000000000000e+03,6.113011999194944224e+01,5.103459522820457117e+00,-1.470381149974166104e-03,3.862556778698663607e+01,3.147183389424283995e-01,nan,1.498039019156745866e+01,1.000000000000000000e+00
2.730000000000000000e+03,5.354769180914317417e+01,2.865622837998966688e+01,-1.530215712590606231e-03,4.027789749356138316e+01,3.713978605361381025e-01,nan,6.237015255418868698e+00,1.000000000000000000e+00
2.732000000000000000e+03,1.130640973067610844e+02,3.156859775448641514e+01,-1.322908328594551769e-03,3.455311011331800586e+01,2.540283778719276686e-01,nan,9.112116368756089102e+00,1.000000000000000000e+00
2.733000000000000000e+03,4.938445587394147651e+01,2.401211104252144324e+01,-1.131444370189259785e-03,2.926583847001310801e+01,3.716083199007923499e-01,nan,6.237015255418868698e+00,1.000000000000000000e+00
2.734000000000000000e+03,1.134684890235469794e+02,5.077419223323327202e+01,-1.285141708247532514e-03,3.351018599074466664e+01,3.565976403234176750e-01,nan,8.934572661796369886e+00,1.000000000000000000e+00
2.734000000000000000e+03,1.434983627116266121e+02,5.206673483711826123e+01,-1.299926265255568238e-03,3.391846110256462765e+01,3.493182333560852504e-01,nan,9.676842120940673198e+00,1.000000000000000000e+00
2.735000000000000000e+03,1.767157230428255588e+01,4.375586877491282678e+01,-1.617203069646711141e-03,4.268005082894374169e+01,2.234285685811348010e-01,nan,1.415120576891755277e+01,1.000000000000000000e+00
2.737000000000000000e+03,4.078002764899749621e+01,1.605182978884992906e+01,-1.585892586795485887e-03,4.181541275556265447e+01,3.269291332176528231e-01,nan,1.172187112690489919e+01,1.000000000000000000e+00
2.737000000000000000e+03,1.303687361180404025e+02,3.310435582203021454e+01,-1.760268062204584745e-03,4.663078643788622912e+01,2.307570422373420582e-01,nan,1.276910411885931751e+01,1.000000000000000000e+00
2.737000000000000000e+03,7.519434300194399157e+01,1.752677489101404618e+01,-1.236251429210809966e-03,3.216008235694774697e+01,3.518135675847443578e-01,nan,1.091603227704128720e+01,1.000000000000000000e+00
2.739000000000000000e+03,9.935742818690816591e+01,2.694174253623370419e+01,-4.349778089914224828e-03,1.181400305462772877e+02,9.671926754991400088e-02,nan,1.276570883040848692e+01,1.000000000000000000e+00
2.740000000000000000e+03,1.050718150308402414e+02,4.964604803828161295e+01,3.013233524580274762e-03,-8.123139124328801586e+01,1.887954744456618039e-01,nan,1.234607373195392732e+01,1.000000000000000000e+00
2.740000000000000000e+03,2.889481514029335329e+01,6.385774759306687365e+00,-1.458801946528739306e-03,3.830580842058166979e+01,3.164607108014115822e-01,nan,1.531962454537367613e+01,1.000000000000000000e+00
2.740000000000000000e+03,8.307200642587037720e+00,3.314619544837353260e+01,-1.360396306492148979e-03,3.558833953275388495e+01,3.283534681493426310e-01,nan,1.415120576891755277e+01,1.000000000000000000e+00
2.740000000000000000e+03,1.161508381173475186e+02,4.419804069215206255e+01,-2.012661976266952053e-03,5.360063703472734886e+01,2.174326786393074862e-01,nan,6.204670779275643255e+00,1.000000000000000000e+00
2.743000000000000000e+03,1.082316547320912008e+02,3.611842086597469859e+01,-2.027910583956750532e-03,5.402172689262889804e+01,1.911399346484261574e-01,nan,1.131343104565887359e+01,1.000000000000000000e+00
2.743000000000000000e+03,1.126587889133437415e+02,9.836318815867066689e+00,-1.477342526352921296e-03,3.881780599323876402e+01,3.099410778600807381e-01,nan,1.850141885411477816e+01,1.000000000000000000e+00
2.744000000000000000e+03,6.751971315803364071e+00,6.318294042650356879e+00,-1.352841996416760759e-03,3.537972747971263487e+01,3.001389031579070332e-01,nan,2.163805940518947324e+01,1.000000000000000000e+00
2.744000000000000000e+03,3.832386892577707727e+01,4.116724509048805203e+01,-1.244585825946198029e-03,3.239023648041881387e+01,2.985095931472859787e-01,nan,7.712519581164311688e+00,1.000000000000000000e+00
2.744000000000000000e+03,7.660337676050035327e+01,4.169947488443731487e+01,-1.522464986216631863e-03,4.006386141014674962e+01,2.932929508196820967e-01,nan,7.334074471090704428e+00,1.000000000000000000e+00
2.744000000000000000e+03,5.999098324755408385e+01,4.820268271729393206e+01,-1.419082842537620947e-03,3.720896651895766638e+01,3.212104069744435852e-01,nan,1.287897617518310511e+01,1.000000000000000000e+00
2.745000000000000000e+03,7.131179658200056792e+01,1.486861093556631452e+01,-1.459833092838555644e-03,3.833428349593997098e+01,3.701079446850974453e-01,nan,6.952845098255137302e+00,1.000000000000000000e+00
2.746000000000000000e+03,6.061161658857842127e+01,3.533866928536130558e+01,-1.854861823543075064e-03,4.924299040632109126e+01,2.769309572149614151e-01,nan,9.985254922631712660e+00,1.000000000000000000e+00
2.746000000000000000e+03,3.663017048890326777e+01,1.689119680715733907e+01,-1.358638429941889936e-03,3.553979582294015671e+01,3.614832249630648420e-01,nan,1.610860682164870283e+01,1.000000000000000000e+00
2.747000000000000000e+03,7.771872465353267501e+01,1.756922709610160283e+01,-2.320895724704950033e-03,6.211250303394591299e+01,1.821253812149842277e-01,nan,6.952845098255137302e+00,1.000000000000000000e+00
2.747000000000000000e+03,1.164001098750570264e+02,4.419719199287878553e+01,2.743799921932530642e-03,-7.379099014170125770e+01,1.520073190561700427e-01,nan,6.142124558146902835e+00,1.000000000000000000e+00
2.747000000000000000e+03,3.648982798228315261e+01,3.367596668774324087e+01,-1.025472721946826034e-03,2.633943448561175771e+01,3.652472936765978062e-01,nan,7.712519581164311688e+00,1.000000000000000000e+00
2.748000000000000000e+03,7.624741637189686116e+01,4.902490596726443073e+01,-1.140988989709853249e-03,2.952941286050253922e+01,3.338816851632280258e-01,nan,7.334074471090704428e+00,1.000000000000000000e+00
2.749000000000000000e+03,1.160675870644421934e+02,2.668482732147877101e+01,1.243842593922777923e-03,-3.236971214970636623e+01,3.719163566708990620e-01,nan,4.041644109469864077e+00,1.000000000000000000e+00
2.749000000000000000e+03,5.194016621174561976e+01,3.038778408854376067e+01,1.530517598718753947e-03,-4.028623407021088099e+01,2.915614577268795804e-01,nan,9.985254922631712660e+00,1.000000000000000000e+00
2.750000000000000000e+03,9.333252277133044572e+01,2.050048372408034680e+01,-1.375538032948752818e-03,3.600647786850903032e+01,3.147468651856668576e-01,nan,9.599195470627414295e+00,1.000000000000000000e+00
2.750000000000000000e+03,1.188113614787529997e+02,2.965241709619256127e+01,-1.570682611902246865e-03,4.139538974121460058e+01,3.421832869266702160e-01,nan,4.041644109469864077e+00,1.000000000000000000e+00
2.750000000000000000e+03,1.348090084554415000e+02,4.843201058662055658e+01,-1.318184472658078281e-03,3.442266096900905836e+01,3.047987979103558009e-01,nan,8.913373403078221457e+00,1.000000000000000000e+00
2.751000000000000000e+03,7.204319686279868051e+01,5.011098361748230090e+00,-1.876175274184786745e-02,5.161262914377243760e+02,1.183904154955073285e-02,nan,1.378108170689027467e+01,1.000000000000000000e+00
2.751000000000000000e+03,1.009919292603573098e+02,3.024101808552227766e+01,-1.550145847378949296e-03,4.082826758614345408e+01,2.743237982394076679e-01,nan,1.239130813960244559e+01,1.000000000000000000e+00
2.752000000000000000e+03,3.070376987016327419e+01,3.968630403698520581e+01,-1.197589173111925608e-03,3.109242527913308152e+01,3.433075868404131814e-01,nan,8.342818680069774118e+00,1.000000000000000000e+00
2.752000000000000000e+03,1.213607216991771338e+02,4.057531065603310338e+01,-1.085215060207852644e-03,2.798921741929378015e+01,3.579652128739165828e-01,nan,6.142124558146902835e+00,1.000000000000000000e+00
2.753000000000000000e+03,1.430180456811378349e+02,4.495926912635691508e+01,-1.256738469598875710e-03,3.272583138147052040e+01,2.837969570494733862e-01,nan,8.913373403078221457e+00,1.000000000000000000e+00
2.753000000000000000e+03,3.215766688183934008e+01,4.883179501436555547e+00,-1.259561559219909282e-03,3.280379091925571089e+01,3.583912500789321331e-01,nan,1.759673094666981896e+01,1.000000000000000000e+00
2.753000000000000000e+03,7.128505861460607207e+01,3.676361058414630634e+01,-1.265790665788113587e-03,3.297580751598496818e+01,3.623461717623469580e-01,nan,1.272632545784328961e+01,1.000000000000000000e+00
2.753000000000000000e+03,1.645421221590883931e+01,4.357617259108015872e+01,-1.435541611100290844e-03,3.766347493417028147e+01,3.720439526625376470e-01,nan,1.147794638034357817e+01,1.000000000000000000e+00
2.755000000000000000e+03,9.390144423270412233e+01,1.091816239498152008e+01,-1.733441750871476603e-02,4.767104704837894360e+02,1.207527343514813722e-02,nan,9.599195470627414295e+00,1.000000000000000000e+00
2.755000000000000000e+03,8.803049693355535510e+01,3.907719547666965099e+01,-1.539670104319680426e-03,4.053898024621196328e+01,2.785282896451792833e-01,nan,1.568683393327317432e+01,1.000000000000000000e+00
2.758000000000000000e+03,2.312337966034766978e+01,1.998372897518351721e+01,-1.580998340729940265e-03,4.168025829279458350e+01,3.527221026217198796e-01,nan,1.424470313798726551e+01,1.000000000000000000e+00
2.759000000000000000e+03,6.521816740518511324e+01,1.696128705628481015e+01,-1.518846683722278141e-03,3.996394209199080194e+01,3.030709061696261752e-01,nan,1.600512138815290797e+01,1.000000000000000000e+00
2.759000000000000000e+03,5.258956017947871686e+01,2.679399727210760318e+01,1.430419144697934672e-03,-3.752201817343816970e+01,3.717540783217583300e-01,nan,1.566426169859284734e+01,1.000000000000000000e+00
2.759000000000000000e+03,2.921983855492651116e+01,4.264399054629983254e+01,-1.668316607517408758e-03,4.409154969078520026e+01,2.646442145746414898e-01,nan,1.300904394024198218e+01,1.000000000000000000e+00
2.760000000000000000e+03,1.136868884297383175e+01,2.802977218146394378e+01,-1.389813589912761160e-03,3.640069695891565260e+01,3.388496526117761309e-01,nan,4.287409081712993064e+00,1.000000000000000000e+00
2.762000000000000000e+03,7.062997807155213081e+01,3.255215557615206023e+01,-2.410804319680444775e-03,6.459532626951826728e+01,1.685794717531781117e-01,nan,6.763974081787476500e+00,1.000000000000000000e+00
2.762000000000000000e+03,4.491459978070439973e+01,1.313881227009284380e+01,-1.373594659100160200e-03,3.595281165619635289e+01,2.968159306972619760e-01,nan,5.680887247831770459e+00,1.000000000000000000e+00
2.762000000000000000e+03,1.066021894222622421e+02,1.755111959482674777e+01,-1.550004721490757338e-03,4.082437039884518271e+01,3.352448574453591457e-01,nan,9.142997242941738989e+00,1.000000000000000000e+00
2.763000000000000000e+03,1.831054111962974673e+01,3.555721033894374017e+01,1.395353874611664994e-03,-3.655369175975614837e+01,3.288003743331224804e-01,nan,1.023970889457291911e+01,1.000000000000000000e+00
2.764000000000000000e+03,9.399263413873995887e+01,3.796799320881498829e+01,-2.278244312633194522e-03,6.093468552995100396e+01,1.803938444016300879e-01,nan,5.015870444844289899e+00,1.000000000000000000e+00
2.764000000000000000e+03,3.596132082837417698e+01,7.249298009814302723e+00,-1.326860627332305045e-03,3.466225272802232382e+01,3.240923514476867773e-01,nan,1.071669642288441793e+01,1.000000000000000000e+00
2.766000000000000000e+03,1.172296404129565062e+01,8.455909309020157139e+00,-1.502938100422019111e-03,3.952462702679945750e+01,3.508713986747904467e-01,nan,2.426837140322949082e+01,1.000000000000000000e+00
2.767000000000000000e+03,3.500108343019908830e+01,4.240275784258742675e+01,-1.258155570970089475e-02,3.454603301243254805e+02,1.427163034034972799e-02,nan,1.803983711804371382e+01,1.000000000000000000e+00
2.767000000000000000e+03,8.287048588373677660e+01,1.578804060752206162e+01,-1.671753646294679447e-03,4.418646341666531896e+01,3.202115996211543081e-01,nan,1.466216637129222633e+01,1.000000000000000000e+00
2.767000000000000000e+03,1.027146816295966261e+02,4.506569717056837021e+01,-1.577105345266805684e-03,4.157275333629423386e+01,2.415157248202188800e-01,nan,1.124506620529415812e+01,1.000000000000000000e+00
2.767000000000000000e+03,7.103673541016057413e+01,4.763954718175134673e+01,-2.085386420489716668e-03,5.560892044700377568e+01,2.127870127559984281e-01,nan,9.567812730111937114e+00,1.000000000000000000e+00
2.769000000000000000e+03,1.323652679172762987e+02,2.280497740474652346e+01,-1.295106789045918742e-03,3.378537140719270582e+01,3.595890774150415359e-01,nan,2.153468497938340676e+01,1.000000000000000000e+00
2.770000000000000000e+03,6.158951443520982849e+01,4.915383126637441791e+01,-1.265871352569478310e-02,3.475910409691324503e+02,1.334198868529135051e-02,nan,9.567812730111937114e+00,1.000000000000000000e+00
2.771000000000000000e+03,7.427440474691312033e+01,3.830970711498657977e+01,-3.020072764411621535e-02,8.320132507014275234e+02,1.194793458727883007e-02,nan,9.875647746125661541e+00,1.000000000000000000e+00
2.775000000000000000e+03,1.491099266179058169e+01,3.140126589490851927e+01,-1.952217047060255013e-03,5.193145207251303219e+01,2.334300848291325226e-01,nan,9.094291965800959332e+00,1.000000000000000000e+00
2.776000000000000000e+03,1.058667101410308504e+02,4.920095951065130535e+00,-1.253134640463855927e-03,3.262631174471167128e+01,3.478239320417648717e-01,nan,1.758056847880671825e+01,1.000000000000000000e+00
2.776000000000000000e+03,9.943451558315297234e+01,2.128173588132941418e+01,-1.604789253365249265e-03,4.233724365334344952e+01,3.543317500745266635e-01,nan,1.758056847880671825e+01,1.000000000000000000e+00
2.777000000000000000e+03,5.980154643925892088e+01,4.093613813178862415e+01,-1.285069246678331722e-02,3.528925338442585939e+02,1.892432356594342391e-02,nan,5.774182140711653588e+00,1.000000000000000000e+00
2.778000000000000000e+03,8.234674841677349377e+01,4.814491647168708255e+01,-1.571806739079583369e-03,4.142643248052544891e+01,2.770099082393296941e-01,nan,1.902472136506190026e+01,1.000000000000000000e+00
2.778000000000000000e+03,1.297572648379483553e+02,4.538257279808501465e+01,-1.088443351765061226e-03,2.807836659676256374e+01,3.660778356343249440e-01,nan,1.300274581818118769e+01,1.000000000000000000e+00
2.779000000000000000e+03,7.902481823455445920e+01,1.150923785468749294e+01,-8.690782731268067995e-03,2.380167474743794571e+02,2.054172617413096980e-02,nan,4.699701401908970233e+00,1.000000000000000000e+00
2.782000000000000000e+03,1.032461747663906948e+02,7.614110497569121172e+00,-1.434133972149699565e-02,3.940567144329331768e+02,1.696155448113823017e-02,nan,2.298870892808324840e+01,1.000000000000000000e+00
2.784000000000000000e+03,6.775536147402256404e+01,4.525543004959188664e+01,-1.546100430246021874e-03,4.071655350966442199e+01,2.537676220086552137e-01,nan,6.213791859652794791e+00,1.000000000000000000e+00
2.786000000000000000e+03,1.439614222923737827e+02,1.419273628507509066e+01,-2.006011569986982865e-02,5.519805467651710842e+02,1.024886129910240751e-02,nan,2.068638578278547158e+01,1.000000000000000000e+00
2.786000000000000000e+03,1.145812690909780400e+02,2.761401986818483323e+01,-1.360563317510429587e-03,3.559295153716677618e+01,3.498131284259647922e-01,nan,1.299960184251665041e+01,1.000000000000000000e+00
2.787000000000000000e+03,3.006035219264033032e+01,1.773163842976427063e+01,-1.439749557536922162e-03,3.777967725264450394e+01,2.966615079680535727e-01,nan,2.359649061960632466e+01,1.000000000000000000e+00
2.787000000000000000e+03,1.271640805483484726e+01,5.067048305374989070e+01,-1.674077140367004855e-03,4.425062663790191664e+01,2.801877575817544042e-01,nan,9.806229031634289939e+00,1.000000000000000000e+00
2.788000000000000000e+03,8.190741805254799601e+01,1.608694890220859008e+01,-6.988373183011923305e-03,1.910047573078927314e+02,2.529164771719161209e-02,nan,1.010412992455654546e+01,1.000000000000000000e+00
2.788000000000000000e+03,1.233112958453366872e+02,1.296846732949054015e+01,-1.681198812750103397e-03,4.444729141365233716e+01,2.629031044229294123e-01,nan,1.705009021370481292e+01,1.000000000000000000e+00
2.789000000000000000e+03,1.046829039664834937e+02,8.897728675578376212e+00,-1.159505603452242514e-03,3.004074861050789380e+01,3.728178596465518968e-01,nan,1.906798094137337429e+01,1.000000000000000000e+00
2.789000000000000000e+03,3.442727213969831723e+01,5.016600221573037999e+01,-1.473758196865883113e-03,3.871882483869184455e+01,3.089560228145329379e-01,nan,1.195870705599364214e+01,1.000000000000000000e+00
2.791000000000000000e+03,1.270685761831482523e+02,3.122744063662543113e+01,-1.970724949359376355e-03,5.244254725626588964e+01,2.892155912618286084e-01,nan,1.299960184251665041e+01,1.000000000000000000e+00
2.791000000000000000e+03,2.247676865539873248e+01,4.972312421580758723e+01,-1.531198666923577019e-03,4.030504174888059055e+01,2.286930664659158063e-01,nan,3.407887207232888294e+00,1.000000000000000000e+00
2.792000000000000000e+03,1.138965506478978114e+02,4.372582206849530451e+01,-1.258140694195452030e-03,3.276455377292619175e+01,2.965311895510793772e-01,nan,1.504918117440376513e+01,1.000000000000000000e+00
2.793000000000000000e+03,2.709783662993724818e+01,3.016961554307306415e+01,-1.233614380764400760e-03,3.208726034078945588e+01,3.386296081336833685e-01,nan,1.457787333090105619e+01,1.000000000000000000e+00
2.794000000000000000e+03,5.712641843447936196e+01,2.018492410312833840e+01,-1.367766158066149873e-03,3.579185776964365573e+01,2.861296979902639981e-01,nan,1.028999687821276154e+01,1.000000000000000000e+00
2.794000000000000000e+03,1.506783688312898484e+01,3.840329618684285862e+01,-1.148801482310495004e-03,2.974515461647033376e+01,3.437651475653654698e-01,nan,1.024261686215949574e+01,1.000000000000000000e+00
2.795000000000000000e+03,1.438357675606371799e+02,1.438133194271490822e+01,1.518151982938165242e-03,-3.994475795004046148e+01,2.873940593581741920e-01,nan,2.084927266199502682e+01,1.000000000000000000e+00
2.795000000000000000e+03,9.902571161039108460e+01,4.603580049709473343e+01,-1.319893015949928812e-03,3.446984234232652966e+01,3.569857082746117349e-01,nan,4.108103519262208181e+00,1.000000000000000000e+00
2.796000000000000000e+03,2.451834196947400812e+01,4.699444804951792065e+01,-1.843428343255676524e-03,4.892725518068722579e+01,2.861036254932478595e-01,nan,3.407887207232888294e+00,1.000000000000000000e+00
2.796000000000000000e+03,5.569695904911463913e+01,4.581278391180343590e+01,-1.070052598246120984e-03,2.757050647316754777e+01,3.579566617007309270e-01,nan,6.628849716787728497e+00,1.000000000000000000e+00
2.797000000000000000e+03,5.505918144541416481e+00,4.207493209221827613e+01,-2.209551867275033176e-03,5.903774564906406397e+01,2.085928344806448065e-01,nan,1.024261686215949574e+01,1.000000000000000000e+00
2.797000000000000000e+03,9.967952234075842455e+01,1.812299656816524518e+01,-1.135615638927583125e-03,2.938102793491519549e+01,3.645077855017003765e-01,nan,1.004864559359247878e+01,1.000000000000000000e+00
2.797000000000000000e+03,1.251925287488152065e+02,2.595847988023648867e+01,-1.265345711681254695e-03,3.296352012126398989e+01,3.490171826281684986e-01,nan,1.308675279886705312e+01,1.000000000000000000e+00
2.798000000000000000e+03,4.683669509652124674e+01,2.025995331016462941e+01,-1.311970581284911024e-03,3.425106453944826512e+01,3.020019285042653268e-01,nan,1.028999687821276154e+01,1.000000000000000000e+00
2.798000000000000000e+03,3.784850379933318010e+01,4.361558616055204141e+01,-1.295650065414397827e-03,3.380037396830896768e+01,3.304127416582293142e-01,nan,1.171446594355138515e+01,1.000000000000000000e+00
2.798000000000000000e+03,9.980855861377277449e+01,5.006862396140244442e+01,1.168193278543320016e-03,-3.028065850549745974e+01,3.483080214532342511e-01,nan,4.108103519262208181e+00,1.000000000000000000e+00
2.799000000000000000e+03,8.547491193666029119e+01,5.137614149299264454e+01,-1.390211046051001041e-03,3.641167269861453093e+01,2.517230285734569639e-01,nan,1.439315910978939606e+01,1.000000000000000000e+00
2.799000000000000000e+03,9.837964370575377870e+01,2.808721223222450902e+01,-1.453037699219684445e-03,3.814662889877502039e+01,2.698516521830461867e-01,nan,8.896257018263993288e+00,1.000000000000000000e+00
2.800000000000000000e+03,1.241985265509054557e+02,7.376266913757382859e+00,-1.649771825586571509e-03,4.357943607707502309e+01,3.312869286586868078e-01,nan,1.339527571034920328e+01,1.000000000000000000e+00
2.800000000000000000e+03,1.141359597791168312e+02,1.621810842554477716e+01,-1.444007649621214867e-03,3.789726434172057878e+01,3.622393142894974050e-01,nan,8.346138460974030338e+00,1.000000000000000000e+00
2.800000000000000000e+03,6.882615828170465022e+01,3.622990220717538534e+01,-1.295475480162839969e-03,3.379555280166439957e+01,3.596291283230945712e-01,nan,7.795828134551127775e+00,1.000000000000000000e+00
2.801000000000000000e+03,1.203402487686692268e+02,3.811242894269882697e+01,-1.727883645789884395e-03,4.573649172038137323e+01,2.659203794141988819e-01,nan,5.892835552565223622e+00,1.000000000000000000e+00
2.802000000000000000e+03,6.391982660271406047e+01,4.228818956906177107e+01,1.466329011988559824e-03,-3.851366811435632798e+01,3.205703984287597841e-01,nan,7.795828134551127775e+00,1.000000000000000000e+00
2.803000000000000000e+03,6.601242106340190219e+01,1.415987370252613076e+01,-1.417193721776767012e-03,3.715679850408513829e+01,2.761576229033696483e-01,nan,7.358181926158127162e+00,1.000000000000000000e+00
2.803000000000000000e+03,1.071028408199359774e+02,2.983341412265262349e+01,-1.432876066988656187e-03,3.758986601104548697e+01,2.621529353129362638e-01,nan,7.069265981485949979e+00,1.000000000000000000e+00
2.803000000000000000e+03,9.622713696534962935e+01,3.846983131451736426e+01,-1.241519986614165105e-03,3.230557341642390412e+01,3.168908527626377314e-01,nan,6.275999081767211329e+00,1.000000000000000000e+00
2.804000000000000000e+03,4.819397169900571498e+01,1.105956791886973889e+01,-1.226180729092287520e-03,3.188198026604571922e+01,3.603952074872561750e-01,nan,1.361904487029841881e+01,1.000000000000000000e+00
2.805000000000000000e+03,1.262282738890476139e+02,3.787437216088035541e+01,-1.373784380344248357e-03,3.595805080283447097e+01,3.337148635648048423e-01,nan,5.892835552565223622e+00,1.000000000000000000e+00
2.805000000000000000e+03,1.394608129668308827e+01,4.069319180131522984e+01,-1.475544215342985705e-03,3.876814568699695229e+01,2.809547487482080275e-01,nan,7.903660930466305246e+00,1.000000000000000000e+00
2.806000000000000000e+03,1.492267838667282653e+01,2.452851288035687460e+01,-1.169714380302255049e-03,3.032266368633454690e+01,3.402411039401389559e-01,nan,1.423344088854109835e+01,1.000000000000000000e+00
2.807000000000000000e+03,6.091241618676946956e+01,6.189295545493334494e+00,1.256502523875512685e-03,-3.271931574718150415e+01,3.607783915149233023e-01,nan,9.462566559821015133e+00,1.000000000000000000e+00
2.807000000000000000e+03,6.394348818363052089e+01,2.122120204763521656e+01,-1.596116271249709180e-03,4.209773950444605362e+01,2.367964723116463555e-01,nan,7.358181926158127162e+00,1.000000000000000000e+00
2.808000000000000000e+03,2.186125980413445902e+01,1.210084506049422259e+01,-1.624469288999019941e-03,4.288070726504525965e+01,2.635104033608467455e-01,nan,6.724226175494125712e+00,1.000000000000000000e+00
2.811000000000000000e+03,1.639677890547220684e+01,8.182342008644480913e+00,-1.444678293467591178e-03,3.791578415203493790e+01,3.458494393852896698e-01,nan,6.035448150680413626e+00,1.000000000000000000e+00
2.812000000000000000e+03,1.177857589056281284e+02,3.133411828865838444e+01,1.410716621362565794e-03,-3.697793356451069968e+01,3.187715245365497774e-01,nan,1.793813674463363839e+01,1.000000000000000000e+00
2.814000000000000000e+03,3.397798273113746603e+01,4.427191612852860203e+01,-1.517275824277820005e-02,4.170163127192240609e+02,1.556435455682625424e-02,nan,1.813496555604074700e+01,1.000000000000000000e+00
2.816000000000000000e+03,1.031846482307743287e+02,5.253059269429821398e+01,-1.637735987843217137e-03,4.324706676781239167e+01,2.991938538189806707e-01,nan,9.629795589938829892e+00,1.000000000000000000e+00
2.817000000000000000e+03,7.515189154256621862e+01,4.012035872161050776e+01,-1.734512578291851070e-02,4.770061791645132416e+02,1.540947917117774235e-02,nan,1.991993961127077029e+01,1.000000000000000000e+00
2.817000000000000000e+03,3.880874876122926764e+01,2.679219429775293548e+01,-1.508806057829588680e-03,3.968667049996054885e+01,3.377087734412165254e-01,nan,6.336791447291559187e+00,1.000000000000000000e+00
2.818000000000000000e+03,1.231513095530082040e+02,1.825458588973078022e+01,-1.561033828854227305e-03,4.112893887794452752e+01,3.354939755697946557e-01,nan,9.591169288620713829e+00,1.000000000000000000e+00
2.818000000000000000e+03,1.435348070903108919e+02,5.035299517538943803e+01,-1.419821866101163375e-03,3.722937463317298779e+01,2.583177391444996251e-01,nan,2.638602589689332234e+01,1.000000000000000000e+00
2.819000000000000000e+03,3.444085400656556573e+01,1.126892744676737657e+01,-1.132092831400246949e-03,2.928374570749630124e+01,3.271384430350431360e-01,nan,1.612607572581518411e+01,1.000000000000000000e+00
2.821000000000000000e+03,1.262395865541066229e+02,2.733495336508483220e+01,-1.437494568720505683e-03,3.771740580205759841e+01,3.124963298420688762e-01,nan,9.591169288620713829e+00,1.000000000000000000e+00
2.822000000000000000e+03,9.502297959810775296e+01,3.872613721640092166e+01,-1.767109951317293167e-03,4.681972500676134530e+01,3.034999663561183114e-01,nan,1.581318206522534986e+01,1.000000000000000000e+00
2.823000000000000000e+03,1.173096674802725516e+02,4.744362839453777525e+01,-2.208647380621506316e-03,5.901276827643074085e+01,1.724881987765464197e-01,nan,6.555745553886173305e+00,1.000000000000000000e+00
2.823000000000000000e+03,4.208581322240681999e+01,3.295706730773195403e+01,-1.861204813966411183e-03,4.941815190239790212e+01,2.121814653193276889e-01,nan,1.079946239884561265e+01,1.000000000000000000e+00
2.824000000000000000e+03,7.279487092703982398e+01,2.001227562381263425e+01,-1.426310726218656903e-03,3.740856431661185155e+01,3.435115172820731866e-01,nan,1.055569938104606109e+01,1.000000000000000000e+00
2.827000000000000000e+03,3.939386064533636045e+01,2.249849286247967939e+01,-1.804098503077021867e-02,4.962223120573142410e+02,1.315397336727641697e-02,nan,1.079946239884561265e+01,1.000000000000000000e+00
2.827000000000000000e+03,6.963141053882540632e+01,3.008279238290769442e+01,-1.438436234949093135e-03,3.774340988757498394e+01,3.440355768020310068e-01,nan,4.940606595751644292e+00,1.000000000000000000e+00
2.827000000000000000e+03,1.216937193875065901e+02,3.005411634006122412e+01,-1.395604305339160365e-03,3.656060739701302964e+01,3.033310446285151230e-01,nan,1.793362876325111444e+01,1.000000000000000000e+00
2.827000000000000000e+03,7.104203863287658294e+01,4.530423051912306676e+01,-1.444494364688590033e-03,3.791070496415174773e+01,3.263797178097636031e-01,nan,8.222739943920448269e+00,1.000000000000000000e+00
2.828000000000000000e+03,2.730756243125042815e+01,1.439798478061974407e+01,-1.311905034276521003e-03,3.424925446071777912e+01,2.688133543191580932e-01,nan,1.454980534935415903e+01,1.000000000000000000e+00
2.828000000000000000e+03,1.697335893463808532e+01,3.912351963293060209e+01,-1.505590438251559401e-03,3.959787125882827752e+01,2.772770356156452065e-01,nan,4.981285094678201020e+00,1.000000000000000000e+00
2.830000000000000000e+03,9.389663354450401300e+01,8.106838774889419952e+00,-1.363866702233294337e-03,3.568417441022133829e+01,3.610422790586952368e-01,nan,1.189937731395149711e+01,1.000000000000000000e+00
2.831000000000000000e+03,1.443112930945807193e+02,3.856239506758219449e+01,-1.300939222635681680e-03,3.394643389115815069e+01,3.459282421454780154e-01,nan,9.269470407483471064e+00,1.000000000000000000e+00
2.831000000000000000e+03,6.283524465095928235e+01,4.479238608600805094e+01,1.487048432063306719e-03,-3.908583429716885149e+01,3.330775021675399516e-01,nan,8.222739943920448269e+00,1.000000000000000000e+00
2.832000000000000000e+03,1.071430944318389322e+02,1.724633655413045474e+01,-1.179276035995443540e-03,3.058670853023474834e+01,3.539633056759260432e-01,nan,4.115874640047541000e+00,1.000000000000000000e+00
2.832000000000000000e+03,1.961524004227599960e+01,4.334651210362825680e+01,-1.543799045553038984e-03,4.065300083829539801e+01,3.352295994771364862e-01,nan,4.981285094678201020e+00,1.000000000000000000e+00
2.832000000000000000e+03,6.580287479403997963e+01,2.695998794060187720e+01,-1.548296694966805245e-03,4.077720329605820382e+01,2.685512022587117631e-01,nan,4.940606595751644292e+00,1.000000000000000000e+00
2.832000000000000000e+03,3.337262711413789162e+01,4.559838788715932623e+01,-2.749592055136662085e-03,7.395093973168947343e+01,1.936450371342635091e-01,nan,8.377699133765986517e+00,1.000000000000000000e+00
2.832000000000000000e+03,1.442974279333370191e+02,5.019433003000240490e+01,-1.434820004690679331e-03,3.764354779415425156e+01,2.932341503105766467e-01,nan,5.140032701106293622e+00,1.000000000000000000e+00
2.833000000000000000e+03,4.637210032761964840e+01,5.166342886635882081e+01,-1.385007627899778604e-02,3.804904887549905652e+02,1.348719406710074953e-02,nan,1.206356464487813263e+01,1.000000000000000000e+00
2.833000000000000000e+03,1.442818649948008840e+02,1.397477228808562089e+01,1.274909625930647225e-03,-3.322762733512808353e+01,2.903357110967970112e-01,nan,2.458764039024232062e+01,1.000000000000000000e+00
2.834000000000000000e+03,5.912822638649000595e+01,3.568317029916933336e+01,-1.418129494139069901e-03,3.718263983065647693e+01,2.942634246750094329e-01,nan,9.256229850049994212e+00,1.000000000000000000e+00
2.836000000000000000e+03,1.044068830888574979e+02,3.088114804377472211e+01,-1.488314062642187574e-03,3.912078464879822093e+01,2.748302272264968593e-01,nan,1.290577542789429977e+01,1.000000000000000000e+00
2.837000000000000000e+03,4.205155367246925380e+01,2.052621894352864018e+01,-1.133977185735224715e-03,2.933578209765687816e+01,3.711800382231491557e-01,nan,1.422958657031247576e+01,1.000000000000000000e+00
2.837000000000000000e+03,1.110254097988146498e+02,1.861310333889319324e+01,-1.239021375585943946e-03,3.223657434554290546e+01,3.500222316983437887e-01,nan,4.115874640047541000e+00,1.000000000000000000e+00
2.838000000000000000e+03,7.550823117955616226e+01,2.867331082873485215e+01,-1.380622226453364926e-03,3.614687772428297308e+01,2.893713307569957260e-01,nan,1.095742813554207196e+01,1.000000000000000000e+00
2.839000000000000000e+03,3.308119700144209929e+01,4.572313118658742326e+01,2.480301236749667907e-03,-6.651448161331094866e+01,3.048135497834484342e-01,nan,8.690983936516596842e+00,1.000000000000000000e+00
2.840000000000000000e+03,1.193207725695519628e+02,5.270825525864769823e+00,-1.946917729911687564e-03,5.178511158356737809e+01,2.190680474638734276e-01,nan,1.106387824575953083e+01,1.000000000000000000e+00
2.840000000000000000e+03,9.113699426731011499e+01,3.086555800497437474e+01,-2.222702631449522456e-03,5.940090361929876650e+01,1.777752835577632862e-01,nan,1.089929185038340798e+01,1.000000000000000000e+00
2.841000000000000000e+03,5.316742463027166821e+01,3.185851144095725829e+01,-1.627671171698894491e-03,4.296912716268677457e+01,2.523475679744624500e-01,nan,1.214453854164258573e+01,1.000000000000000000e+00
2.841000000000000000e+03,1.192151682683992107e+02,3.774244571546759630e+01,-1.591119397015459350e-03,4.195975096778379054e+01,3.460373360593480552e-01,nan,5.972965261345279053e+00,1.000000000000000000e+00
2.842000000000000000e+03,8.916290947639805609e+01,4.158458557645322884e+01,-1.308202014714066616e-03,3.414699568318992817e+01,2.899860569713254010e-01,nan,1.089929185038340798e+01,1.000000000000000000e+00
2.843000000000000000e+03,7.552674994736921121e+01,3.963072331530337067e+01,1.272950155299149315e-03,-3.317351661062359369e+01,3.507048178429620355e-01,nan,1.077653894950356239e+01,1.000000000000000000e+00
2.843000000000000000e+03,6.755278302355252151e+01,4.687983658714874480e+01,-1.628335413360584329e-03,4.298747017685720095e+01,2.544302089825487556e-01,nan,1.044204831530500677e+01,1.000000000000000000e+00
2.844000000000000000e+03,3.307804979250815336e+01,2.989309848166058359e+01,-1.258546029755972136e-03,3.277574710264219249e+01,3.029212906135529959e-01,nan,1.315888463765355709e+01,1.000000000000000000e+00
2.845000000000000000e+03,7.342825041393564511e+00,1.170464754495515258e+01,-1.485629034620069427e-03,3.904663767805205055e+01,2.646604226057434062e-01,nan,3.151383093924509993e+01,1.000000000000000000e+00
2.845000000000000000e+03,1.135900801269619933e+02,1.473489262016588874e+01,-1.743750895497843704e-03,4.617466535962339691e+01,2.196327576240103552e-01,nan,1.106387824575953083e+01,1.000000000000000000e+00
2.845000000000000000e+03,3.727901933788262312e+01,5.281505563131702274e+01,-1.383934682311441363e-03,3.623835109647259856e+01,3.747418160248594532e-01,nan,2.330373928561358099e+01,1.000000000000000000e+00

# Refeyn DiscoverMP; 2024.2.0; Refeyn Ltd; www.refeyn.com; email: support@refeyn.com
# Time created: 2025-05-06 17:19:51
# Time changed: 2025-05-06 17:22:38
# Version commit: 7e7eb900161f3a98afcd7f42c06596f8b321b884
